ECG,EDA,RR
32984,46437,35447
32905,46421,35335
32969,46439,35356
33020,46421,35415
32932,46424,35295
32872,46413,35335
32916,46410,35335
32917,46414,35260
32920,46367,35317
32942,46415,35235
32961,46415,35119
32948,46416,35385
33021,46429,35295
33056,46427,35207
32988,46415,35005
32977,46418,35233
33013,46406,35181
32940,46389,35119
32916,46407,35316
32948,46412,35127
32935,46421,35129
32890,46415,35151
32912,46343,34951
32920,46397,35239
32876,46397,35007
32858,46359,34647
32879,46398,35079
32820,46407,34915
32800,46399,35113
32820,46394,35157
32833,46383,35047
32814,46399,34959
32828,46356,34991
32858,46391,34995
32800,46379,34850
32836,46395,34821
32866,46393,34831
32808,46383,34959
32784,46371,35003
32797,46383,34883
32811,46380,34911
32815,46319,34892
32881,46383,34845
32985,46324,34839
33001,46383,34851
33056,46383,34994
33133,46381,34977
33088,46381,34935
33040,46389,34903
33058,46377,34729
33080,46383,34807
33092,46391,34789
33181,46375,34860
33249,46313,34909
33214,46375,34759
33209,46375,34378
33270,46374,34751
33225,46372,34721
33148,46378,34596
33117,46364,34812
33084,46372,34514
33020,46385,34251
33068,46361,34685
33088,46377,34761
33032,46383,34671
33069,46361,34285
33120,46343,34627
33090,46359,34631
33021,46372,34631
33052,46367,34536
33028,46341,34433
32998,46365,34647
33036,46292,34655
33085,46367,34519
33072,46357,34154
33093,46343,34516
33120,46367,34532
33068,46364,34378
33057,46356,34511
33096,46343,34575
33100,46364,34491
33072,46343,34113
33093,46343,34488
33117,46343,34405
33088,46358,34332
33056,46339,34588
33073,46277,34543
33012,46343,34485
32946,46343,34363
32957,46343,34199
32906,46343,33956
32800,46324,34367
32752,46339,34336
32560,46343,34352
32182,46343,34321
31849,46343,34197
31500,46300,34283
30949,46336,34427
30444,46343,34414
29999,46343,34307
29696,46319,34055
29660,46343,34255
29985,46343,34061
30600,46279,34276
31265,46331,34133
31956,46335,34204
32736,46340,34159
33334,46335,34150
33919,46300,34308
34564,46343,34148
35498,46343,33769
36697,46353,34156
37985,46339,34132
39306,46281,34118
40492,46327,34227
41516,46309,33826
42004,46311,34092
41848,46325,34213
41348,46333,33919
40780,46327,34071
40116,46327,33971
39306,46343,34131
38432,46330,34071
37596,46333,33917
36666,46338,34149
35716,46333,33679
34888,46336,33862
34152,46332,34029
33600,46279,33583
33256,46343,33999
32972,46341,34143
32700,46343,33829
32573,46343,34007
32496,46327,33839
32375,46333,34039
32280,46251,33981
32213,46335,34095
32116,46317,33524
32030,46330,33924
32029,46279,34061
32054,46327,33863
32050,46324,33807
32029,46327,34042
32044,46269,33535
31985,46255,33729
31972,46325,33966
31948,46303,33452
31921,46307,33761
31880,46311,33951
31924,46311,33973
31908,46317,33816
31874,46317,33469
31904,46309,33849
31994,46303,33684
31952,46305,33840
31976,46308,33917
31980,46297,33733
31940,46231,33823
31944,46305,33735
31981,46239,33639
31997,46293,33767
31988,46308,33846
32089,46303,33713
32104,46297,33772
32080,46301,33575
32057,46299,33831
32088,46291,33579
32073,46287,33701
32028,46223,33660
32076,46293,33703
32100,46293,33799
32092,46252,33702
32198,46279,33658
32248,46293,33669
32210,46223,33623
32212,46291,33550
32236,46277,33679
32194,46293,33554
32164,46287,33585
32228,46281,33579
32244,46295,33711
32192,46279,33245
32256,46283,33563
32297,46285,33551
32284,46251,33559
32288,46276,33533
32359,46279,33519
32324,46277,33553
32321,46279,33469
32350,46263,33439
32344,46279,33452
32364,46277,33383
32438,46279,33429
32501,46215,33269
32474,46279,33509
32497,46269,33327
32534,46223,33068
32480,46271,33355
32430,46269,33315
32484,46279,33223
32528,46275,33429
32531,46287,33223
32590,46276,33269
32588,46277,33185
32604,46271,33227
32636,46214,33263
32649,46257,33139
32596,46275,32761
32606,46272,33151
32670,46271,33116
32676,46277,33198
32677,46271,33167
32704,46263,33007
32744,46268,32628
32700,46271,33009
32728,46261,32998
32752,46215,32836
32705,46253,33060
32721,46263,32900
32805,46277,32597
32842,46261,32893
32837,46207,32805
32939,46269,32905
32990,46253,32871
32983,46267,32709
32980,46253,32709
33029,46255,32708
33014,46247,32676
33022,46260,32697
33100,46255,32602
33104,46249,32373
33124,46207,32587
33224,46253,32535
33304,46215,32450
33297,46247,32351
33324,46180,32391
33373,46245,32445
33332,46246,32407
33308,46188,32255
33368,46247,32373
33385,46255,32215
33400,46260,32451
33460,46231,32227
33501,46252,32247
33460,46245,32201
33476,46207,32073
33520,46244,32197
33471,46247,31913
33468,46183,32141
33508,46225,32087
33528,46247,32037
33536,46237,31985
33596,46243,32167
33607,46239,31996
33541,46249,31843
33517,46237,31967
33525,46231,31963
33422,46244,31921
33316,46239,31719
33300,46244,31957
33237,46247,31855
33136,46245,31767
33116,46253,31788
33088,46241,31806
32980,46183,31767
32905,46237,31681
32820,46231,31700
32728,46211,31805
32629,46245,31634
32598,46244,31297
32565,46249,31665
32484,46247,31527
32500,46175,31677
32516,46245,31583
32432,46244,31268
32396,46215,31575
32397,46233,31439
32308,46236,31375
32277,46241,31620
32320,46245,31423
32329,46231,31477
32288,46241,31389
32320,46241,31285
32393,46237,31319
32384,46215,31521
32372,46247,31321
32422,46215,31364
32384,46237,31347
32344,46239,31313
32412,46231,31413
32408,46245,31259
32389,46247,30981
32475,46229,31317
32524,46233,31116
32487,46245,31391
32497,46227,30964
32532,46215,31236
32513,46221,31361
32484,46247,31293
32536,46220,31172
32560,46231,31220
32520,46239,31171
32604,46223,31097
32640,46236,31285
32637,46189,30831
32615,46231,31145
32668,46223,31301
32609,46229,31105
32572,46187,30799
32632,46239,31129
32633,46215,31295
32620,46237,31099
32696,46181,30799
32752,46253,31079
32732,46223,31228
32749,46215,31152
32748,46223,30852
32660,46227,31122
32639,46173,31079
32696,46239,31192
32698,46243,30963
32652,46237,31079
32716,46239,31108
32756,46217,31085
32736,46171,31099
32725,46247,31072
32756,46215,30905
32737,46175,31207
32688,46239,31021
32729,46229,30706
32752,46215,31071
32716,46239,31020
32765,46223,31165
32817,46228,31005
32790,46227,30981
32789,46228,30863
32840,46229,31044
32756,46233,30951
32716,46215,31167
32749,46239,30836
32792,46237,31040
32786,46239,30906
32846,46229,31191
32892,46233,30736
32836,46226,31060
32821,46237,31202
32860,46213,31129
32832,46223,30829
32816,46231,31039
32840,46175,31148
32876,46239,30842
32834,46243,31011
32889,46231,31087
32948,46239,30796
32933,46227,31078
32920,46223,31196
32932,46155,30841
32900,46231,31041
32877,46229,31213
32944,46233,30727
32948,46156,31037
32920,46239,31159
33012,46231,31087
33033,46213,30727
32980,46228,31079
32948,46215,31001
32974,46222,31089
32920,46231,31071
32860,46202,31015
32905,46231,31010
32946,46223,31063
32927,46237,31041
32995,46239,31093
33033,46231,30933
32984,46167,31045
32992,46227,30855
33006,46215,31057
32972,46221,30802
32972,46187,30935
33021,46225,31061
32984,46231,31021
32964,46239,30837
33013,46195,31146
33061,46215,30753
33020,46234,31031
33012,46215,30869
33059,46195,31039
33008,46229,31019
33004,46210,30838
33016,46237,31085
33016,46191,30655
33009,46244,30981
33068,46220,31155
33086,46229,30761
33048,46235,31015
33057,46188,31090
33084,46223,31171
33016,46231,30969
32980,46237,31051
33005,46231,31039
33005,46244,30910
32976,46247,31151
33032,46239,30967
33100,46164,30707
33068,46229,31044
33084,46231,31211
33090,46231,30986
33037,46239,31088
33012,46231,31213
33056,46245,30966
33060,46183,31062
33032,46253,31023
33072,46236,31111
33092,46239,31191
33065,46245,31105
33082,46239,30957
33108,46237,31181
33062,46215,31111
32990,46211,30992
33024,46245,31098
33048,46231,31149
33048,46247,31263
33100,46247,31119
33160,46183,31167
33137,46245,31052
33092,46229,31111
33093,46245,31231
33020,46189,31132
32968,46253,31014
33008,46237,31133
33060,46244,31175
33038,46211,31019
33085,46261,31146
33144,46245,31183
33088,46247,31023
33064,46188,31236
33064,46251,31159
32999,46241,31173
32973,46245,31112
33020,46255,31291
33007,46247,30945
32996,46215,31202
33060,46237,31191
33116,46183,31148
33088,46237,31035
33065,46245,31255
33056,46247,31260
32996,46247,31153
32940,46239,31231
32927,46250,31202
32917,46209,31118
32876,46271,31340
32924,46253,31065
32960,46191,31263
32895,46263,31115
32906,46253,31391
32912,46205,31199
32860,46236,31263
32808,46257,31235
32860,46201,31349
32820,46261,31277
32797,46262,31285
32888,46263,31233
32919,46261,31429
32880,46255,31279
32868,46205,31307
32876,46261,31315
32834,46263,31286
32836,46271,31443
32896,46255,31287
32884,46211,31163
32908,46279,31334
33040,46279,31287
33124,46191,31396
33120,46271,31123
33140,46271,31367
33190,46269,31327
33132,46279,31503
33082,46275,31301
33156,46275,31028
33136,46276,31010
33149,46271,31371
33205,46255,31335
33233,46279,31483
33196,46277,31310
33160,46211,31404
33152,46255,31407
33058,46277,31289
33005,46211,31527
33036,46277,31329
33028,46287,31407
33012,46281,31437
33050,46263,31304
33092,46277,31567
33060,46247,31495
33068,46269,31380
33103,46274,31201
33066,46239,31471
33060,46279,31413
33122,46239,31293
33113,46276,31460
33082,46300,31521
33144,46287,31381
33166,46287,31123
33152,46255,31487
33162,46279,31433
33166,46279,31521
33081,46295,31523
33033,46285,31375
33060,46285,31504
33060,46303,31440
33036,46295,31623
33093,46295,31513
33088,46300,31189
33036,46292,31527
33012,46271,31517
33036,46295,31485
32957,46292,31623
32897,46253,31476
32856,46292,31535
32602,46309,31489
32254,46269,31655
31932,46303,31383
31520,46299,31567
30916,46255,31495
30375,46303,31502
29892,46229,31381
29578,46279,31652
29577,46305,31503
29952,46315,31589
30592,46319,31550
31252,46313,31579
32004,46261,31717
32869,46307,31543
33544,46311,31579
34193,46312,31591
34703,46305,31451
35472,46313,31717
36576,46319,31517
37944,46316,31634
39272,46304,31633
40492,46295,31741
41606,46308,31578
42172,46308,31653
42068,46308,31580
41648,46311,31653
40988,46303,31317
40209,46311,31684
39300,46291,31807
38368,46333,31321
37382,46327,31653
36396,46334,31857
35488,46293,31519
34711,46343,31716
34012,46340,31893
33514,46343,31684
33156,46316,31751
32836,46335,31725
32620,46343,31893
32529,46343,31519
32408,46365,31821
32325,46343,31711
32261,46300,31818
32204,46359,31931
32116,46363,31779
32068,46311,31861
32015,46363,31804
31918,46343,31807
31874,46321,31959
31934,46343,31971
31904,46371,31833
31860,46367,31925
31924,46367,31837
31964,46355,31917
31872,46333,31623
31852,46367,31897
31849,46343,32094
31801,46351,31901
31782,46341,31984
31840,46353,32066
31853,46372,31868
31842,46367,31954
31896,46337,32119
31948,46359,32023
31920,46375,31888
31950,46364,32120
31952,46341,31653
31896,46375,31946
31866,46295,32103
31934,46343,31988
31932,46377,32089
31932,46389,31919
31992,46375,32219
32024,46375,32018
31997,46311,32111
32012,46372,32211
32022,46365,32043
31998,46313,32125
31968,46375,32103
32040,46372,32037
32038,46329,32124
32029,46396,32140
32118,46375,32097
32150,46311,32124
32090,46380,32016
32104,46375,32271
32124,46307,32055
32072,46367,32157
32050,46388,32164
32104,46391,32148
32122,46375,32177
32128,46343,32100
32204,46375,32101
32240,46381,32190
32204,46389,32059
32236,46340,32141
32233,46391,32192
32213,46387,32020
32190,46389,32231
32273,46388,32189
32289,46329,32275
32263,46399,32125
32316,46388,32199
32352,46391,32121
32284,46375,32290
32287,46391,31801
32324,46383,32164
32266,46343,32263
32244,46398,32135
32292,46399,31789
32316,46343,32124
32316,46409,32251
32391,46407,32183
32436,46341,32127
32421,46411,32039
32398,46395,32127
32440,46399,32145
32432,46341,31959
32409,46413,32189
32444,46404,31708
32436,46343,32045
32418,46381,32117
32480,46407,31687
32532,46343,32057
32518,46415,31911
32536,46405,32099
32568,46361,31833
32524,46421,31989
32529,46405,31815
32581,46415,31959
32612,46397,31919
32581,46423,31751
32656,46421,32013
32678,46429,31708
32681,46420,31815
32712,46415,31975
32756,46428,31751
32730,46409,31813
32728,46425,31916
32816,46375,31575
32840,46421,31748
32840,46431,31829
32921,46428,31709
32966,46419,31652
32964,46423,31680
32997,46423,31677
33038,46421,31637
32993,46437,31575
32997,46431,31605
33088,46435,31661
33092,46445,31539
33088,46436,31590
33149,46441,31694
33215,46434,31527
33169,46445,31361
33157,46403,31532
33164,46439,31507
33137,46431,31615
33136,46447,31118
33174,46447,31479
33196,46452,31431
33181,46455,31391
33221,46445,31550
33200,46376,31033
33108,46452,31332
33040,46437,31453
32997,46436,31021
32917,46405,31229
32812,46455,31383
32796,46452,31333
32730,46463,31348
32656,46471,30943
32644,46467,31226
32604,46455,31325
32518,46461,31073
32454,46469,31111
32398,46453,31185
32331,46455,31224
32232,46407,31125
32240,46469,31153
32188,46461,31207
32148,46479,31263
32176,46471,30927
32189,46471,30991
32164,46463,31223
32168,46419,31003
32172,46447,31151
32118,46462,31091
32096,46431,31223
32124,46471,31038
32122,46479,31118
32113,46420,30943
32165,46484,31201
32181,46471,31163
32168,46422,31015
32164,46476,31065
32205,46471,30927
32177,46456,31123
32160,46479,31038
32228,46403,31013
32240,46487,31175
32209,46493,30959
32277,46484,31043
32293,46484,30853
32248,46485,31125
32293,46468,30741
32316,46485,31026
32277,46492,30871
32250,46485,31146
32304,46452,31005
32312,46492,30772
32334,46495,31025
32377,46430,30922
32401,46489,31004
32352,46487,30756
32340,46495,31016
32372,46489,30873
32329,46484,31020
32328,46493,30940
32372,46455,31029
32333,46501,31135
32352,46495,30708
32405,46493,30869
32413,46511,31053
32397,46503,31029
32405,46489,31167
32421,46495,30663
32404,46460,30849
32386,46511,30964
32453,46495,31051
32440,46511,30998
32420,46519,30959
32492,46493,31059
32520,46509,31168
32481,46487,30692
32508,46501,30932
32492,46493,31143
32432,46509,30692
32440,46519,31015
32500,46492,31207
32512,46441,30922
32491,46516,31084
32566,46501,31130
32592,46503,31093
32537,46507,31021
32537,46471,31012
32524,46508,31056
32472,46503,31135
32459,46517,31124
32516,46471,31076
32528,46509,31262
32501,46516,31055
32548,46519,31159
32576,46507,31196
32532,46517,31073
32528,46455,31154
32551,46508,31311
32500,46509,31123
32502,46455,31205
32560,46519,31023
32536,46508,31161
32544,46527,31211
32620,46471,31039
32654,46511,31329
32636,46471,30951
32612,46519,31183
32640,46495,31204
32574,46517,31248
32552,46469,31365
32596,46524,30904
32617,46516,31132
32620,46516,31281
32678,46533,31277
32724,46527,31357
32664,46501,31293
32704,46511,31321
32724,46511,31295
32700,46492,31399
32668,46527,31209
32712,46521,31298
32684,46493,31268
32710,46532,31415
32740,46524,31119
32760,46469,31327
32708,46531,31362
32705,46517,31021
32721,46517,31284
32669,46524,31439
32644,46532,31101
32708,46525,31330
32724,46527,31397
32706,46511,31437
32753,46525,31263
32768,46525,31379
32728,46471,31263
32748,46535,31367
32758,46519,31041
32688,46535,31230
32652,46479,31481
32708,46533,31063
32671,46534,31397
32692,46543,31583
32788,46539,31197
32804,46519,31427
32748,46532,31557
32793,46461,31148
32792,46516,31495
32717,46533,31363
32699,46495,31547
32732,46535,31528
32712,46527,31558
32712,46539,31364
32780,46490,31495
32825,46516,31487
32777,46529,31525
32812,46516,31649
32820,46527,31611
32757,46509,31735
32714,46517,31523
32793,46535,31639
32784,46541,31615
32768,46537,31719
32842,46540,31645
32842,46537,31550
32752,46542,31793
32766,46531,31703
32758,46530,31702
32708,46471,31364
32684,46468,31765
32741,46519,31351
32732,46543,31604
32716,46539,31751
32768,46541,31780
32790,46519,31867
32758,46539,31401
32740,46537,31703
32741,46529,31829
32670,46543,31823
32687,46501,31948
32773,46537,31601
32761,46537,31675
32749,46541,31835
32812,46487,31858
32820,46547,31983
32792,46527,31633
32788,46535,31769
32806,46469,31871
32736,46531,31917
32708,46524,31988
32760,46535,31780
32757,46543,31879
32734,46511,31983
32801,46501,31970
32848,46545,31865
32800,46535,31905
32836,46527,31983
32836,46516,32052
32790,46527,31964
32762,46523,32025
32809,46543,31900
32792,46541,32094
32781,46548,31669
32821,46516,32023
32814,46541,32053
32785,46537,32015
32800,46535,32047
32820,46525,32101
32740,46537,32252
32724,46532,32123
32764,46543,31967
32776,46548,32077
32743,46543,32143
32789,46541,32263
32809,46533,31787
32772,46462,32023
32781,46527,32263
32804,46527,32103
32732,46524,32116
32700,46533,31853
32732,46529,32339
32706,46536,31911
32677,46539,32161
32720,46487,32295
32729,46533,32263
32632,46527,32167
32664,46519,32399
32668,46533,32004
32621,46460,32153
32589,46487,32262
32648,46535,32287
32621,46524,32452
32576,46519,32449
32661,46538,32175
32692,46539,32375
32653,46495,32255
32676,46535,32383
32714,46519,32415
32620,46535,32329
32616,46527,32395
32676,46533,32433
32658,46527,32293
32704,46539,32405
32830,46529,32459
32905,46471,32564
32910,46543,32187
32936,46508,32436
32924,46519,32583
32864,46521,32493
32860,46525,32563
32908,46458,32452
32900,46503,32479
32916,46537,32665
32958,46527,32159
32968,46525,32505
32924,46527,32467
32908,46492,32549
32877,46527,32575
32821,46519,32564
32800,46525,32335
32820,46516,32420
32796,46527,32619
32805,46463,32582
32870,46527,32596
32901,46529,32709
32871,46447,32558
32884,46503,32624
32869,46511,32625
32828,46463,32801
32825,46533,32405
32872,46527,32655
32876,46516,32797
32854,46521,32388
32908,46487,32709
32916,46520,32561
32833,46525,32673
32824,46515,32711
32864,46509,32837
32829,46511,32396
32806,46453,32773
32816,46533,32614
32814,46531,32855
32817,46527,32583
32892,46503,32388
32868,46517,32815
32812,46511,32645
32796,46511,32887
32792,46493,32516
32765,46508,32795
32720,46471,32970
32663,46511,32829
32450,46519,32509
32124,46519,32855
31828,46509,32968
31436,46511,32837
30828,46519,32909
30304,46450,32812
29781,46511,33053
29400,46525,32869
29356,46460,32951
29656,46453,33031
30241,46529,32623
30904,46516,32969
31676,46466,32815
32546,46513,33009
33248,46511,32975
33958,46511,32861
34452,46511,32935
35104,46517,32919
36140,46451,33063
37504,46517,33025
38796,46511,33159
40040,46503,33031
41287,46493,33159
42012,46495,33028
41952,46493,33145
41580,46508,32967
40988,46459,32956
40204,46503,33152
39344,46504,33127
38412,46503,33261
37392,46511,32751
36384,46517,33172
35492,46511,33051
34640,46455,33162
33876,46519,33126
33412,46503,33213
33048,46509,33223
32669,46453,33254
32508,46470,33221
32388,46519,33375
32276,46511,32900
32168,46519,33223
32148,46457,33294
32081,46527,33255
31948,46511,33180
31890,46501,33244
31854,46487,33301
31768,46455,33263
31732,46511,33175
31760,46511,33189
31724,46493,33301
31712,46503,33316
31800,46495,33420
31816,46460,33391
31738,46476,33379
31757,46427,33340
31764,46431,33300
31702,46471,33301
31695,46486,33431
31744,46495,33203
31742,46470,33311
31710,46503,33219
31772,46500,33535
31804,46493,33481
31780,46479,33624
31783,46487,33513
31812,46479,33509
31773,46492,33353
31781,46484,33271
31856,46431,33493
31824,46495,33135
31844,46487,33572
31920,46468,33541
31950,46471,33567
31890,46477,33426
31909,46436,33423
31952,46485,33431
31920,46471,33517
31906,46471,33627
31968,46471,33572
31968,46493,33727
32000,46485,33615
32068,46471,33701
32073,46471,33604
32041,46415,33729
32073,46469,33218
32084,46460,33530
32076,46471,33565
32064,46487,33607
32124,46461,33707
32136,46462,33643
32113,46444,33773
32172,46445,33617
32200,46469,33575
32148,46463,33586
32172,46469,33644
32176,46404,33743
32132,46463,33223
32129,46465,33541
32189,46459,33721
32180,46468,33644
32193,46461,33604
32252,46463,33574
32287,46463,33647
32221,46415,33482
32240,46444,33743
32240,46455,33543
32204,46397,33527
32181,46463,33615
32229,46451,33588
32248,46447,33597
32233,46457,33590
32320,46390,33633
32368,46447,33187
32373,46459,33500
32361,46439,33473
32374,46439,33385
32332,46437,33444
32308,46452,33439
32372,46399,33439
32386,46463,33456
32400,46460,33413
32473,46439,33413
32504,46439,33509
32456,46439,33403
32488,46381,33501
32528,46425,33364
32468,46439,33334
32468,46439,33287
32532,46433,33260
32552,46439,33198
32583,46451,33192
32673,46438,33191
32698,46425,33269
32692,46433,33191
32736,46359,33089
32737,46407,33127
32704,46423,32961
32712,46425,33045
32800,46431,33053
32772,46409,33148
32788,46431,33017
32892,46421,33121
32920,46415,32980
32913,46413,32999
32948,46384,32892
32964,46421,32758
32944,46407,32519
32949,46415,32890
33021,46428,32799
33017,46431,32828
33033,46413,32955
33108,46416,32801
33153,46343,32861
33092,46417,32535
33120,46389,32600
33157,46399,32641
33136,46407,32654
33132,46415,32725
33168,46412,32653
33128,46383,32752
33132,46407,32291
33191,46405,32423
33182,46406,32159
33060,46399,32479
33021,46407,32449
33006,46405,32415
32912,46403,32427
32820,46343,32472
32836,46415,32462
32769,46403,32346
32702,46407,32411
32720,46335,32515
32644,46373,31965
32521,46399,32276
32449,46397,32439
32384,46391,32205
32317,46407,32292
32266,46343,32419
32316,46406,32031
32272,46407,32237
32236,46403,32303
32258,46399,32095
32153,46329,32164
32048,46399,32255
32040,46399,32175
32040,46397,32135
31996,46399,31947
32008,46388,32163
32095,46391,31725
32068,46327,31925
32085,46396,32074
32153,46343,32195
32168,46381,32029
32122,46383,32015
32161,46379,31929
32212,46383,31994
32175,46375,32045
32137,46375,31783
32161,46317,31783
32168,46389,31892
32192,46381,31855
32232,46379,31965
32252,46383,31925
32236,46372,32037
32270,46359,31903
32294,46369,32017
32265,46309,31876
32286,46381,31957
32356,46365,31493
32324,46373,31975
32324,46373,31809
32388,46374,31547
32428,46367,31804
32381,46343,31507
32417,46361,31783
32405,46343,31670
32364,46357,31612
32326,46364,31631
32397,46343,31712
32406,46366,31759
32405,46361,31737
32436,46359,31840
32433,46361,31723
32340,46327,31796
32302,46363,31711
32281,46343,31673
32228,46343,31466
32268,46357,31579
32360,46365,31616
32382,46303,31545
32458,46361,31581
32580,46365,31486
32581,46343,31565
32547,46343,31503
32550,46343,31463
32550,46269,31491
32472,46343,31615
32448,46333,31630
32510,46343,31623
32492,46343,31606
32456,46343,31575
32512,46309,31557
32512,46363,31652
32428,46357,31581
32446,46343,31549
32453,46327,31503
32405,46343,31635
32358,46343,31724
32421,46327,31629
32468,46343,31716
32452,46343,31506
32482,46319,31613
32509,46329,31560
32519,46329,31552
32544,46335,31700
32548,46263,31641
32523,46335,31518
32520,46335,31436
32585,46324,31567
32584,46333,31591
32566,46329,31627
32576,46333,31741
32600,46309,31663
32529,46331,31668
32516,46325,31612
32564,46253,31658
32508,46321,31774
32485,46319,31303
32536,46327,31527
32497,46335,31798
32484,46327,31654
32568,46319,31559
32585,46319,31671
32512,46295,31713
32524,46311,31814
32560,46300,31615
32548,46316,31671
32546,46301,31797
32612,46311,31719
32591,46309,31550
32616,46311,31725
32644,46271,31743
32664,46311,31811
32617,46284,31601
32644,46292,31702
32660,46293,31777
32626,46302,31751
32609,46241,31783
32672,46305,31684
32701,46300,31767
32708,46311,31857
32821,46255,31743
32844,46262,31895
32780,46307,31775
32756,46279,31689
32781,46287,31711
32674,46292,31786
32592,46292,31887
32624,46273,31797
32639,46279,31909
32657,46289,31463
32748,46295,31805
32840,46289,31469
32757,46278,31679
32752,46215,31827
32772,46271,31859
32710,46291,31997
32626,46287,31887
32642,46291,31973
32620,46279,31513
32644,46276,31751
32734,46276,31871
32765,46279,31909
32708,46271,31870
32704,46265,31931
32724,46260,31963
32677,46271,31965
32660,46209,31707
32726,46269,31929
32724,46279,31867
32718,46271,31827
32712,46277,32005
32698,46269,32015
32657,46231,32047
32676,46268,31941
32677,46252,32061
32653,46260,32053
32668,46197,32179
32765,46260,32045
32813,46257,32014
32836,46259,32031
32916,46247,32073
32936,46261,32052
32832,46255,31995
32776,46239,31993
32708,46247,32078
32630,46242,32185
32568,46253,32057
32614,46249,32191
32652,46251,32068
32640,46183,32161
32732,46196,31662
32740,46254,32030
32748,46255,32004
32764,46237,32055
32768,46247,32163
32744,46179,32076
32700,46229,32070
32706,46251,32003
32679,46231,32051
32620,46253,32159
32668,46239,32081
32712,46175,32050
32688,46243,32085
32676,46239,32071
32706,46231,32093
32656,46223,32105
32593,46225,32231
32664,46229,32143
32644,46231,32207
32630,46243,32165
32664,46229,32230
32718,46205,31799
32708,46231,32104
32756,46223,32201
32804,46215,32197
32776,46215,32172
32762,46215,32145
32802,46215,32176
32805,46181,32064
32800,46172,31891
32805,46215,32361
32756,46228,32277
32696,46212,32423
32688,46215,32302
32657,46212,32379
32604,46215,32263
32592,46215,32314
32644,46215,32465
32592,46215,31941
32608,46221,32199
32716,46214,32255
32794,46207,32207
32793,46204,32285
32856,46205,32239
32834,46148,32343
32746,46212,32319
32701,46201,32516
32708,46215,32431
32672,46179,32525
32628,46215,32415
32680,46215,32357
32752,46213,32551
32740,46215,32469
32768,46203,32412
32776,46191,32433
32720,46199,32501
32628,46201,32519
32648,46197,32500
32620,46207,32629
32600,46215,32509
32684,46211,32628
32712,46199,32535
32697,46189,32569
32736,46183,32510
32700,46181,32263
32581,46191,32669
32456,46189,32546
32448,46197,32492
32428,46199,32391
32460,46204,32335
32559,46196,32566
32624,46125,32387
32576,46159,32627
32596,46183,32596
32669,46181,32723
32576,46163,32583
32498,46183,32687
32549,46175,32601
32549,46188,32692
32529,46191,32585
32606,46188,32537
32693,46180,32614
32724,46177,32615
32729,46147,32640
32764,46111,32583
32756,46181,32758
32777,46179,32629
32839,46158,32719
32860,46173,32612
32837,46161,32747
32876,46151,32421
32933,46137,32711
32916,46173,32430
32952,46152,32597
33025,46087,32669
32976,46159,32619
32892,46159,32585
32889,46159,32581
32884,46087,32607
32820,46148,32692
32812,46162,32623
32796,46151,32742
32696,46141,32615
32688,46152,32644
32676,46143,32550
32640,46109,32588
32648,46111,32565
32777,46157,32543
32916,46151,32559
32932,46144,32585
32988,46142,32511
33010,46143,32519
32973,46109,32458
32916,46073,32586
32909,46143,32707
32864,46134,32543
32821,46133,32691
32789,46135,32559
32740,46151,32449
32710,46149,32497
32760,46139,32513
32824,46134,32615
32817,46143,32561
32820,46131,32628
32848,46127,32575
32773,46130,32709
32713,46071,32550
32724,46139,32532
32742,46141,32182
32736,46143,32645
32760,46135,32559
32767,46123,32684
32704,46127,32559
32620,46124,32530
32472,46121,32537
32164,46111,32529
31804,46056,32401
31464,46129,32486
30960,46141,32364
30404,46132,32471
29932,46132,32519
29596,46055,32645
29448,46143,32111
29590,46117,32595
30112,46125,32512
30744,46079,32648
31360,46127,32495
32120,46124,32573
32856,46133,32423
33500,46087,32399
34079,46087,32399
34817,46109,32610
35845,46119,32484
37092,46116,32422
38368,46103,32405
39596,46103,32450
40728,46087,32585
41520,46087,32397
41617,46087,32095
41239,46111,32550
40711,46103,32451
40005,46095,32439
39193,46109,32263
38296,46115,32365
37433,46101,32283
36548,46055,32324
35670,46127,32352
34841,46111,32247
34117,46117,32559
33472,46119,32403
33044,46119,32101
32776,46111,32553
32582,46104,32271
32429,46103,32159
32301,46105,32308
32081,46087,32349
31940,46116,32239
31892,46087,32381
31845,46087,32323
31828,46111,32315
31862,46051,32228
31909,46054,32092
31920,46111,32364
31932,46087,32020
31969,46087,32225
31874,46087,32045
31751,46087,32546
31727,46031,32421
31726,46071,32563
31708,46087,32429
31774,46087,32471
31838,46087,32389
31864,46087,32355
31833,46087,32308
31820,46071,32442
31733,46071,32263
31640,46056,32428
31680,46085,32455
31724,46075,32547
31764,46087,32453
31805,46027,32519
31856,46083,32438
31861,46063,32399
31864,46069,32421
31908,46005,32085
31852,46063,32609
31813,46059,32457
31840,46061,32480
31854,46065,32349
31780,46066,32433
31826,45988,32601
31920,46012,32441
31904,46037,32427
31858,46067,32423
31908,46048,32467
31881,46053,32439
31852,46053,32533
31936,45988,32412
31984,46053,32417
31968,46061,32311
31988,46059,32074
32008,46045,32326
31968,46053,32487
31944,46039,32427
31992,46015,32567
31964,46039,32417
31980,46047,32509
32070,46047,32427
32148,46045,32519
32172,46055,32428
32217,45989,32401
32257,45991,32263
32288,46023,32343
32352,46032,32312
32380,46039,32100
32293,46037,32418
32216,46039,32391
32198,46043,32552
32220,46027,32404
32172,45967,32333
32190,46004,32357
32272,45973,32055
32284,45959,32559
32316,46023,32375
32453,45959,32404
32456,46013,32385
32373,46028,32358
32369,46035,32237
32416,46031,32133
32372,46031,32244
32400,46027,32396
32484,46020,32509
32488,46021,32359
32453,46015,32397
32474,46020,32357
32449,46023,32467
32420,46017,32373
32472,46012,32529
32528,46021,32389
32538,46021,32533
32568,46018,32386
32620,45999,32512
32628,45985,32388
32632,46015,32503
32644,46007,32357
32584,45999,32380
32512,46021,31997
32598,46007,32494
32684,45947,32381
32705,46020,32466
32800,46015,32349
32900,45997,32437
32924,45999,32373
32942,45949,32373
32986,45991,32013
32936,45997,32489
32941,45985,32361
33013,45999,32465
33024,46003,32339
32996,46005,32377
33044,46005,32242
33140,45991,32023
33129,45924,32519
33104,45927,32380
33183,45932,32358
33144,45993,32355
33120,45985,32396
33132,45989,32288
33124,45979,32230
33088,45980,32487
33185,45991,32055
33316,45975,32519
33340,45985,32453
33320,45989,32445
33364,45912,32420
33352,45941,32459
33293,45987,32405
33296,45975,32431
33268,45973,32420
33192,45975,32445
33194,45983,32500
33180,45957,32583
33048,45943,32519
32889,45980,32676
32748,45972,32548
32625,45959,32622
32544,45967,32573
32516,45970,32565
32544,45973,32441
32509,45971,32411
32500,45975,32462
32477,45967,32320
32316,45959,32740
32186,45959,32661
32181,45956,32650
32103,45933,32333
32064,45959,32647
32052,45959,32788
32056,45959,32679
31981,45975,32807
31944,45900,32763
31892,45972,32884
31865,45957,32759
31877,45959,32927
32040,45956,32843
32108,45959,32833
32114,45951,32751
32164,45959,32683
32177,45943,32775
32097,45959,32971
32104,45951,32911
32136,45951,32957
32116,45951,32957
32065,45949,32801
32113,45946,33011
32084,45943,33038
32104,45951,33238
32144,45941,33093
32164,45889,33119
32128,45941,33119
32120,45959,33167
32149,45938,33159
32100,45937,33181
32045,45930,33135
32100,45941,33229
32158,45871,33211
32184,45940,33277
32308,45947,33251
32388,45941,33389
32377,45941,33414
32372,45941,33532
32396,45884,33436
32380,45911,33543
32340,45932,33451
32404,45925,33466
32364,45927,33479
32280,45927,33500
32224,45927,33607
32246,45923,33607
32204,45935,33769
32252,45933,33647
32340,45925,33775
32364,45921,33697
32352,45860,33813
32460,45895,33719
32448,45903,33761
32389,45927,33661
32408,45926,33740
32423,45919,33661
32372,45923,33695
32376,45922,33780
32444,45919,33487
32437,45916,34036
32404,45903,33908
32480,45901,34037
32489,45904,33591
32512,45899,33812
32582,45911,33927
32572,45919,33965
32526,45869,33990
32508,45927,33999
32500,45917,34097
32484,45907,34099
32436,45901,34219
32496,45831,33711
32574,45844,34301
32572,45885,34139
32600,45903,34015
32628,45893,34133
32550,45911,34151
32565,45863,34252
32624,45891,34159
32608,45905,34214
32584,45901,34132
32568,45903,34124
32505,45895,34197
32477,45893,34251
32496,45903,34236
32519,45893,34023
32493,45901,34185
32592,45863,34327
32680,45907,34211
32692,45893,34343
32628,45900,34357
32640,45879,34129
32608,45895,34293
32529,45881,34399
32548,45894,34439
32524,45901,34609
32500,45895,34444
32528,45891,34589
32646,45879,34511
32724,45881,34637
32740,45831,34514
32780,45831,34621
32737,45887,34503
32740,45871,34511
32758,45878,34510
32774,45887,34495
32724,45877,34516
32724,45863,34500
32769,45885,34501
32734,45883,34541
32668,45863,34372
32686,45869,34731
32684,45869,34589
32641,45831,34703
32660,45839,34626
32724,45868,34775
32696,45887,34661
32741,45869,34789
32753,45875,34643
32709,45869,34637
32668,45813,34523
32712,45863,34515
32720,45861,34612
32644,45863,34621
32664,45863,34795
32704,45831,34695
32647,45863,34599
32687,45863,34701
32772,45859,34687
32772,45797,34821
32712,45789,34695
32745,45791,34677
32756,45853,34583
32640,45861,34669
32620,45847,34705
32704,45855,34771
32697,45863,34695
32729,45847,34834
32780,45788,34719
32744,45848,34773
32685,45857,34723
32700,45831,34865
32705,45847,34276
32660,45853,34567
32690,45848,34310
32736,45842,34784
32720,45855,34717
32704,45852,34829
32741,45843,34700
32741,45815,34814
32700,45831,34693
32716,45831,34597
32700,45828,34572
32620,45831,34581
32612,45777,34577
32652,45819,34537
32628,45849,34732
32662,45831,34612
32744,45831,34709
32732,45831,34619
32692,45794,34645
32718,45777,34503
32708,45831,34543
32688,45831,34556
32679,45831,34695
32725,45825,34519
32684,45831,34386
32697,45831,34599
32737,45831,34513
32710,45829,34612
32636,45830,34443
32646,45821,34543
32661,45827,34143
32614,45817,34292
32630,45831,34423
32687,45757,34372
32684,45815,34417
32640,45804,34300
32640,45831,34109
32628,45831,34375
32588,45829,34277
32636,45807,34191
32645,45823,34044
32561,45793,34133
32588,45823,34150
32644,45824,34151
32623,45815,34261
32615,45828,34148
32705,45813,34213
32696,45796,34107
32617,45823,34067
32608,45799,34028
32629,45804,34015
32629,45813,33969
32658,45819,33915
32730,45807,33853
32736,45829,33532
32784,45810,33895
32840,45812,33479
32876,45805,33957
32865,45791,33839
32908,45804,33881
32888,45796,33753
32811,45807,33880
32808,45807,33709
32826,45740,33711
32792,45775,33620
32768,45823,33487
32776,45815,33708
32720,45812,33585
32636,45799,33641
32708,45791,33525
32756,45796,33607
32740,45797,33453
32792,45799,33518
32888,45807,33393
32868,45743,33405
32883,45739,33287
32920,45783,33240
32921,45772,33399
32860,45799,33219
32849,45785,33243
32816,45791,32911
32775,45793,33215
32804,45791,33071
32829,45791,33095
32800,45797,33004
32816,45797,33115
32885,45799,32902
32857,45791,32983
32808,45775,32529
32817,45783,32785
32792,45773,32447
32710,45783,32631
32702,45799,32719
32736,45781,32647
32724,45767,32775
32740,45788,32549
32788,45791,32563
32728,45789,32639
32622,45783,32501
32613,45779,32511
32480,45791,32415
32148,45777,32375
31845,45732,32343
31504,45779,32452
31005,45791,31879
30482,45789,32143
30028,45781,32070
29564,45727,32012
29257,45791,32159
29376,45789,32097
29757,45771,31879
30276,45781,31868
30928,45791,31801
31668,45785,31893
32344,45727,31893
33044,45765,31829
33744,45791,31815
34532,45781,31887
35620,45773,31767
36932,45777,31812
38151,45749,31660
39386,45749,31621
40596,45764,31233
41516,45759,31485
41756,45763,31293
41448,45775,31471
40941,45767,31583
40340,45767,31469
39623,45731,31526
38852,45757,31394
37940,45767,31350
37032,45780,31183
36116,45791,31152
35256,45765,31194
34416,45780,31262
33729,45793,31204
33319,45781,31287
32932,45776,31127
32616,45775,31213
32460,45767,31069
32364,45781,31122
32208,45741,30983
32084,45775,31015
32024,45771,30594
31904,45775,30767
31860,45779,30637
31885,45748,30693
31864,45759,30783
31792,45774,30773
31788,45781,30819
31776,45745,30771
31701,45767,30737
31655,45759,30601
31726,45725,30695
31692,45758,30617
31700,45773,30567
31778,45691,30579
31815,45767,30613
31767,45751,30594
31784,45759,30687
31768,45757,30548
31725,45755,30471
31698,45741,30479
31732,45765,30439
31788,45693,30357
31828,45756,30375
31928,45755,30052
31920,45757,30361
31820,45759,30325
31833,45757,30255
31824,45755,30281
31788,45749,30396
31809,45749,29975
31852,45743,30180
31829,45749,30321
31831,45703,30103
31948,45743,30146
31980,45751,29953
31921,45685,30064
31932,45743,30053
32004,45725,30188
31952,45743,29719
31916,45703,29853
31972,45749,29983
31956,45743,29605
31972,45693,29828
32045,45741,30004
32090,45739,29797
32066,45735,29873
32092,45732,29665
32068,45727,29940
32038,45743,29807
32020,45735,29719
32044,45719,29683
32054,45741,29738
32088,45735,29594
32160,45693,29684
32196,45735,29589
32137,45735,29543
32144,45733,29605
32160,45684,29737
32113,45731,29557
32140,45733,29493
32228,45693,29389
32229,45735,29443
32269,45730,29463
32349,45725,29424
32372,45727,29522
32340,45735,29396
32328,45725,29460
32318,45649,28989
32292,45717,29184
32284,45725,29233
32345,45691,29234
32348,45721,29201
32324,45727,29185
32452,45719,29209
32500,45694,29172
32473,45711,29171
32472,45719,29140
32484,45716,29215
32441,45716,28999
32413,45719,28941
32466,45703,29047
32492,45716,29013
32510,45719,28849
32604,45661,29015
32652,45703,28961
32638,45711,28943
32667,45637,28570
32676,45709,28744
32648,45703,28711
32632,45697,28838
32720,45702,28801
32737,45649,28755
32776,45703,28733
32865,45703,28903
32912,45695,28743
32900,45703,28556
32926,45652,28619
32976,45695,28521
32949,45695,28389
32932,45687,28781
33013,45645,28647
33060,45669,28764
33052,45708,28621
33124,45693,28685
33156,45695,28599
33157,45641,28692
33148,45703,28563
33192,45671,28569
33140,45699,28533
33132,45669,28675
33209,45694,28513
33236,45693,28360
33220,45692,28423
33308,45695,28492
33341,45690,28509
33308,45685,28457
33304,45679,28399
33364,45639,28347
33300,45692,28371
33250,45684,28441
33293,45685,28373
33260,45691,28293
33236,45665,28295
33240,45685,28380
33214,45691,28127
33102,45687,28560
33013,45635,28419
32960,45671,28583
32836,45678,28437
32728,45679,28343
32716,45685,28253
32652,45679,28321
32553,45633,28292
32564,45685,28345
32520,45679,28271
32400,45679,28178
32360,45687,28265
32344,45677,28105
32260,45685,28257
32208,45685,28175
32233,45679,28263
32193,45681,28343
32136,45631,28375
32180,45695,28332
32188,45687,28423
32156,45669,28133
32180,45671,28271
32173,45607,28421
32112,45652,28417
32097,45687,28373
32129,45677,28309
32159,45679,28367
32164,45679,28273
32244,45679,28356
32281,45679,28565
32252,45671,28183
32270,45669,28560
32294,45671,28503
32281,45615,28635
32239,45623,28460
32302,45671,28295
32305,45677,28523
32284,45671,28575
32365,45671,28649
32416,45679,28575
32380,45607,28631
32390,45667,28629
32440,45663,28767
32392,45659,28655
32373,45668,28783
32422,45639,28355
32432,45659,28767
32439,45671,28710
32540,45655,28630
32597,45663,28573
32520,45663,28527
32500,45653,28801
32512,45655,28572
32476,45591,28695
32424,45663,28604
32480,45661,28934
32504,45671,28828
32505,45663,28935
32578,45663,28799
32637,45663,28805
32596,45613,28717
32592,45663,28581
32620,45647,28903
32564,45653,28928
32542,45655,29013
32581,45597,28622
32609,45641,29111
32564,45647,29018
32628,45657,29107
32660,45649,29051
32624,45646,29043
32621,45636,28951
32638,45639,28777
32568,45653,29028
32544,45575,28769
32604,45615,29271
32648,45615,29165
32663,45663,29289
32688,45655,29191
32748,45650,29327
32712,45647,29221
32690,45650,29373
32708,45575,29215
32684,45652,29095
32644,45647,29047
32710,45635,29351
32712,45645,29314
32684,45642,29371
32740,45651,29173
32766,45636,29243
32754,45643,29215
32736,45575,29285
32780,45573,29467
32724,45631,29110
32672,45645,29597
32684,45629,29109
32705,45639,29300
32706,45629,29423
32799,45636,29489
32804,45633,29469
32733,45639,29509
32744,45557,29517
32760,45637,29521
32700,45623,29628
32688,45621,29604
32724,45637,29620
32716,45628,29615
32716,45575,29580
32804,45627,29447
32839,45636,29429
32784,45620,29493
32784,45615,29523
32804,45623,29625
32740,45621,29685
32741,45629,29650
32805,45631,29645
32832,45629,29409
32800,45575,29825
32848,45631,29417
32884,45625,29871
32853,45619,29742
32840,45631,29907
32848,45599,29693
32800,45557,29609
32783,45629,29761
32853,45623,29801
32880,45631,29959
32864,45617,29836
32910,45623,29863
32940,45559,29804
32880,45623,29772
32872,45631,29910
32916,45597,29887
32892,45607,29956
32813,45550,29924
32841,45623,30010
32858,45606,29947
32812,45618,30052
32880,45548,29959
32940,45611,29903
32889,45629,30087
32879,45599,29679
32876,45607,30165
32846,45604,30035
32801,45613,29957
32832,45543,30028
32855,45615,29839
32832,45604,30033
32900,45604,29908
32973,45575,30029
32962,45595,30153
32902,45557,30152
32900,45605,30335
32852,45601,30161
32823,45599,30343
32856,45607,30234
32881,45621,30293
32836,45613,30084
32888,45613,30273
32940,45559,30309
32908,45607,30372
32869,45593,30271
32902,45591,30263
32860,45599,30372
32824,45607,30373
32877,45595,30152
32932,45599,30237
32918,45605,30359
32948,45575,30329
32972,45599,30444
32948,45605,30441
32920,45543,30455
32958,45575,30412
32881,45591,30511
32848,45589,30548
32895,45599,30701
32914,45562,30582
32889,45607,30676
32953,45588,30630
32988,45595,30765
32944,45596,30441
32926,45575,30607
32936,45575,30835
32934,45597,30711
32874,45575,30817
32912,45597,30477
32949,45597,30670
32924,45591,30857
32940,45559,30727
32982,45572,30839
32943,45583,30933
32928,45563,30615
32928,45575,30861
32876,45558,30996
32801,45575,30653
32808,45537,30868
32816,45543,30928
32784,45559,30863
32821,45555,30814
32856,45597,30816
32828,45575,30738
32800,45575,30869
32808,45575,31036
32753,45549,31063
32697,45588,31223
32688,45575,30759
32736,45575,30959
32708,45591,31165
32768,45575,30781
32828,45559,31109
32781,45575,31116
32801,45572,31177
32809,45573,31269
32734,45551,31239
32672,45575,31348
32758,45572,30930
32853,45575,31220
32894,45559,31335
32993,45575,31303
33092,45575,31337
33092,45531,31232
33069,45565,31367
33084,45571,31519
33044,45523,31012
33012,45575,31428
33057,45532,31259
33084,45573,31551
33060,45574,31119
33113,45511,31404
33148,45567,31555
33096,45567,31541
33024,45556,31683
33016,45493,31407
32962,45551,31589
32917,45503,31500
32957,45565,31567
32956,45556,31509
32924,45559,31604
33004,45558,31691
33068,45511,31738
33039,45565,31631
33008,45557,31569
33033,45559,31687
32985,45545,31630
32944,45549,31812
32961,45557,31821
32988,45556,31919
32952,45567,31778
33008,45550,31868
33069,45558,31921
33017,45556,31551
32964,45509,31736
33012,45546,31925
32984,45543,31941
32916,45547,31911
32924,45549,31943
32962,45556,32031
32876,45525,31969
32905,45559,31909
32957,45549,32161
32908,45550,32063
32862,45485,32200
32853,45503,32075
32797,45541,32223
32655,45556,32115
32453,45549,32127
32136,45543,31822
31774,45549,32135
31414,45559,32117
30964,45551,32199
30357,45485,31781
29798,45559,32197
29516,45549,31939
29433,45545,32116
29644,45557,32189
30265,45553,32237
30973,45529,32302
31601,45567,32017
32452,45540,32172
33236,45549,32269
33852,45519,32273
34308,45514,32413
35061,45539,32308
36134,45537,32385
37520,45503,32324
38936,45537,32335
40252,45531,32483
41376,45528,32361
42081,45514,32350
42132,45525,32211
41716,45531,32276
41092,45501,32247
40349,45529,32039
39416,45537,32508
38400,45543,32410
37400,45493,32602
36456,45548,32448
35480,45573,32424
34660,45563,32597
34036,45550,32519
33500,45549,32470
33085,45548,32423
32812,45547,32263
32580,45511,32391
32397,45551,32493
32308,45544,32398
32232,45540,32519
32080,45543,32546
31996,45551,32687
31989,45554,32551
31949,45549,32641
31877,45541,32625
31872,45539,32529
31832,45487,32609
31748,45550,32631
31756,45549,32759
31744,45541,32705
31712,45534,32831
31732,45545,32697
31781,45536,32831
31744,45473,32703
31734,45539,32756
31768,45537,32643
31733,45524,32611
31668,45535,32703
31685,45535,32725
31722,45524,32813
31709,45545,32754
31769,45533,32895
31813,45527,32794
31828,45535,32764
31824,45495,32809
31849,45523,32845
31828,45523,32821
31767,45518,32791
31816,45523,32703
31856,45526,32841
31852,45481,32865
31905,45543,32983
31960,45515,32501
31983,45523,32853
31932,45495,33009
31977,45516,32879
31940,45516,33007
31904,45519,32885
31962,45511,32996
31944,45533,32765
31928,45519,32791
32004,45526,32871
32060,45457,32844
32032,45525,32699
32004,45519,32873
32072,45517,32884
32036,45473,33029
31987,45505,32871
32006,45511,32991
32044,45520,32849
32032,45460,32854
32102,45525,32839
32162,45511,32895
32160,45447,32745
32128,45506,32877
32156,45501,32877
32132,45463,33028
32098,45505,32836
32168,45515,32839
32232,45516,32909
32176,45447,32879
32228,45516,32996
32277,45517,32829
32265,45503,32690
32247,45511,32813
32273,45455,32841
32280,45487,32959
32196,45509,32621
32232,45503,32648
32268,45471,32423
32260,45519,32823
32304,45503,32390
32397,45497,32682
32380,45511,32663
32361,45428,32717
32388,45495,32869
32348,45501,32745
32305,45499,32789
32348,45507,32666
32392,45495,32679
32420,45511,32786
32484,45463,32668
32536,45501,32503
32530,45485,32679
32528,45491,32637
32562,45429,32751
32553,45495,32268
32498,45487,32473
32569,45495,32507
32640,45431,32547
32637,45503,32593
32660,45495,32532
32744,45495,32442
32746,45495,32245
32736,45481,32462
32772,45495,32559
32776,45487,32474
32746,45444,32333
32772,45501,32583
32852,45487,32459
32847,45489,32519
32917,45501,32369
33010,45431,32432
33024,45492,32527
33028,45487,32143
33050,45479,32227
33052,45479,32315
32978,45495,32343
33020,45487,32463
33078,45431,32355
33070,45503,32281
33116,45479,32279
33192,45479,32181
33192,45484,32007
33169,45477,32357
33228,45477,32181
33189,45487,32150
33168,45487,32239
33181,45481,32172
33192,45484,32148
33150,45487,32213
33120,45493,32247
33160,45485,32287
33141,45439,32437
33053,45487,31939
33028,45487,32143
32972,45471,32220
32864,45485,32284
32800,45479,32375
32777,45476,32300
32664,45503,32307
32660,45503,32139
32680,45487,32122
32625,45458,32225
32525,45487,32288
32493,45479,32435
32420,45479,31950
32344,45476,32113
32304,45484,32316
32304,45484,32151
32284,45495,32115
32284,45492,32223
32316,45477,32295
32268,45485,32332
32229,45477,32133
32260,45421,32237
32196,45479,32335
32181,45479,32303
32226,45437,32239
32272,45487,32220
32268,45471,32307
32296,45415,32236
32328,45485,32247
32332,45479,32253
32334,45479,32277
32367,45472,32279
32336,45475,32327
32316,45471,32437
32342,45447,31975
32388,45485,32165
32376,45471,32213
32408,45479,32187
32469,45469,32263
32457,45431,32311
32448,45479,32356
32460,45455,32338
32457,45467,32387
32382,45407,32361
32466,45479,32399
32500,45471,32359
32485,45479,32385
32508,45415,32375
32576,45441,32405
32548,45463,32383
32548,45447,32407
32580,45462,32295
32544,45401,32258
32520,45469,32391
32570,45477,32351
32620,45463,32429
32570,45485,32390
32598,45415,32399
32662,45471,32355
32671,45479,32239
32624,45461,32405
32632,45447,32441
32592,45447,32597
32532,45455,32485
32564,45463,32529
32592,45477,32462
32592,45423,32465
32612,45477,32461
32644,45479,32529
32656,45447,32500
32633,45465,32612
32660,45399,32541
32640,45463,32584
32622,45455,32391
32633,45460,32507
32636,45471,32527
32573,45479,32161
32620,45447,32465
32684,45412,32647
32656,45460,32669
32607,45429,32505
32644,45447,32599
32609,45399,32565
32584,45461,32697
32621,45447,32285
32644,45399,32601
32631,45471,32775
32684,45457,32601
32732,45399,32677
32712,45447,32543
32676,45447,32709
32716,45447,32681
32702,45447,32622
32634,45455,32837
32645,45454,32653
32684,45447,32715
32660,45460,32623
32697,45402,32868
32775,45460,32495
32774,45455,32604
32722,45447,32884
32752,45447,32673
32728,45439,32768
32676,45447,32676
32724,45397,32795
32777,45469,32436
32764,45455,32763
32784,45455,32907
32837,45421,32558
32863,45453,32743
32824,45444,32876
32840,45383,32730
32796,45447,32797
32743,45447,32881
32764,45463,32765
32828,45391,32805
32821,45473,32735
32864,45446,32789
32878,45401,32420
32864,45463,32791
32831,45447,32937
32879,45439,32519
32852,45399,32828
32800,45447,32807
32808,45445,32865
32821,45459,32845
32796,45471,32703
32824,45447,32985
32863,45445,32553
32868,45440,32852
32820,45447,32853
32845,45439,32767
32821,45437,32986
32788,45415,32853
32808,45447,32553
32844,45409,32908
32816,45460,32731
32832,45447,33023
32888,45423,32742
32904,45447,32901
32823,45447,33060
32840,45446,32879
32805,45447,32962
32744,45441,32946
32768,45447,33081
32832,45447,32881
32813,45460,32988
32864,45405,32828
32921,45445,33124
32895,45452,32997
32864,45429,33030
32885,45425,32887
32856,45447,33149
32776,45447,32980
32804,45447,33055
32842,45447,33213
32828,45398,32748
32836,45447,33004
32897,45439,33047
32878,45439,33109
32840,45391,33135
32892,45444,33011
32837,45447,32999
32828,45443,33078
32838,45445,33159
32860,45445,33189
32800,45447,33031
32823,45446,33171
32878,45394,33319
32860,45447,32811
32820,45437,33028
32872,45445,33223
32824,45391,33229
32797,45447,33357
32805,45439,33015
32822,45447,33199
32805,45459,33351
32844,45445,33191
32916,45447,33268
32877,45447,33223
32844,45437,33346
32860,45393,33271
32836,45447,33118
32793,45439,33366
32804,45445,33318
32848,45428,33151
32860,45447,33317
32905,45447,33347
32944,45445,33247
32948,45436,33477
32903,45446,32965
32932,45441,33313
32876,45437,33519
32800,45447,33009
32844,45447,33381
32869,45447,33557
32840,45445,33364
32907,45444,33449
32969,45437,33532
32950,45433,33452
32921,45427,33365
32940,45433,33413
32884,45439,33350
32840,45376,33479
32845,45446,33463
32854,45439,33443
32801,45447,33527
32856,45388,33663
32933,45447,33551
32939,45439,33598
32897,45444,33573
32893,45399,33428
32864,45429,33576
32828,45447,33607
32846,45447,33701
32916,45447,33209
32840,45447,33455
32854,45437,33705
32888,45445,33372
32840,45437,33579
32812,45437,33669
32804,45444,33671
32752,45445,33511
32698,45447,33700
32708,45447,33668
32762,45445,33581
32752,45447,33756
32740,45447,33727
32780,45399,33839
32748,45447,33679
32702,45447,33751
32728,45447,33577
32744,45445,33769
32694,45447,33771
32741,45457,33881
32788,45444,33484
32749,45399,33787
32796,45444,33823
32837,45447,33783
32824,45399,33799
32800,45447,33905
32914,45433,33799
32924,45444,33900
32928,45452,33671
32977,45453,33925
33009,45447,33421
32980,45455,33809
33004,45455,33658
33058,45447,33713
33056,45459,33901
33016,45405,33862
33036,45447,33810
32968,45437,33823
32906,45447,33967
32925,45463,33627
32956,45447,33775
32912,45397,33948
32940,45447,33901
32996,45447,34031
32952,45447,33852
32916,45445,33927
32956,45408,33740
32910,45447,34023
32854,45447,33554
32884,45443,33783
32965,45463,33885
32913,45469,33954
32932,45459,33862
32993,45447,34045
32950,45452,33891
32901,45447,33799
32910,45446,34012
32896,45431,33965
32876,45447,33815
32892,45461,33985
32909,45413,34007
32892,45455,33855
32901,45463,34044
32965,45391,34023
32892,45447,33897
32858,45441,34043
32873,45407,34047
32840,45447,34165
32790,45447,34063
32820,45444,34183
32840,45446,34039
32793,45397,34143
32812,45447,33877
32812,45447,34046
32694,45383,34215
32368,45461,34101
32052,45433,34237
31640,45447,33781
31092,45386,34031
30586,45461,34067
30041,45447,34115
29577,45463,34247
29460,45471,33695
29600,45477,34119
30056,45460,34249
30648,45447,34118
31327,45447,34043
32062,45406,34085
32890,45460,34119
33586,45447,34222
34196,45443,34157
34704,45469,34271
35558,45399,33889
36892,45453,34110
38216,45447,34183
39508,45447,34159
40748,45428,34231
41718,45439,34220
42016,45439,34219
41812,45420,34255
41352,45430,33797
40664,45459,34071
39897,45459,34201
39021,45452,34192
37996,45461,34375
36924,45461,34268
35958,45415,34366
35049,45471,34149
34270,45469,34268
33696,45476,34398
33313,45471,34264
32961,45479,34367
32744,45447,34259
32658,45437,34297
32472,45485,34206
32329,45471,34375
32244,45460,34345
32108,45468,34371
31985,45401,34241
31950,45475,34335
31952,45471,34481
31896,45492,33989
31888,45413,34363
31909,45479,34463
31857,45471,34397
31796,45455,34503
31820,45463,34421
31771,45463,34549
31721,45463,34047
31716,45469,34279
31760,45469,34399
31734,45471,34463
31776,45423,34500
31848,45469,34287
31808,45471,34415
31772,45465,34500
31818,45447,34503
31800,45463,34622
31768,45468,34512
31806,45399,34459
31848,45447,34375
31796,45476,34485
31837,45463,34617
31911,45465,34567
31925,45468,34695
31877,45463,34528
31908,45407,34661
31900,45471,34573
31860,45471,34597
31912,45471,34540
31941,45435,34593
31924,45461,34587
31980,45479,34592
32037,45463,34599
32039,45468,34556
32008,45409,34607
32024,45458,34583
32020,45471,34612
32000,45427,34727
32024,45471,34522
32064,45471,34607
32092,45407,34740
32136,45479,34485
32184,45471,34623
32158,45447,34609
32112,45447,34741
32152,45447,34329
32136,45469,34623
32101,45463,34711
32109,45463,34213
32168,45475,34623
32160,45479,34510
32241,45455,34783
32292,45461,34591
32300,45421,34663
32272,45460,34605
32284,45397,34615
32268,45477,34765
32212,45447,34659
32236,45471,34767
32292,45477,34427
32248,45471,34639
32272,45461,34774
32344,45471,34541
32341,45412,34597
32308,45476,34761
32376,45445,34591
32341,45405,34625
32296,45477,34755
32353,45455,34449
32389,45463,34597
32377,45477,34695
32432,45455,34521
32524,45403,34553
32545,45455,34359
32481,45455,34599
32530,45458,34068
32501,45447,34372
32477,45457,34501
32497,45391,34461
32572,45479,34525
32588,45460,34353
32628,45407,34391
32664,45468,34511
32679,45463,34109
32648,45415,34323
32688,45437,34461
32654,45446,33862
32612,45439,34207
32656,45477,34325
32734,45461,34246
32717,45446,34233
32780,45469,34157
32856,45456,34165
32865,45463,34229
32837,45463,34151
32896,45447,34207
32876,45447,33775
32830,45404,34076
32893,45461,33973
32964,45447,34007
32976,45463,34175
33045,45457,33975
33109,45447,34020
33104,45455,33949
33074,45460,33780
33152,45461,33967
33118,45455,33893
33070,45455,33959
33092,45403,33867
33144,45461,33838
33150,45463,33850
33156,45461,33843
33253,45395,33916
33276,45469,33796
33216,45447,33703
33245,45454,33651
33197,45420,33660
33120,45463,33372
33128,45457,33539
33136,45461,33753
33081,45461,33661
33029,45461,33649
33036,45459,33473
32976,45469,33491
32887,45447,33655
32856,45447,33589
32785,45403,33553
32682,45463,33513
32632,45447,33487
32617,45455,33573
32548,45423,33515
32550,45460,33509
32548,45459,33204
32494,45471,33281
32424,45434,33380
32438,45460,33351
32412,45447,33367
32352,45471,33391
32329,45412,33460
32358,45473,33387
32308,45471,33373
32344,45407,33301
32396,45463,33346
32373,45455,33389
32349,45455,32919
32385,45411,33287
32356,45463,33276
32332,45460,33311
32370,45447,32903
32412,45463,33092
32398,45471,33331
32420,45461,33247
32500,45458,33268
32541,45429,33175
32492,45447,33236
32516,45447,33285
32513,45461,33183
32487,45447,33223
32525,45405,33051
32584,45461,33253
32564,45457,33164
32569,45407,33175
32628,45447,33264
32620,45447,33119
32588,45473,33175
32645,45447,33119
32655,45453,33157
32608,45459,33149
32636,45447,32988
32684,45447,33237
32668,45393,33119
32661,45471,32986
32734,45455,33145
32752,45447,33151
32720,45447,33172
32760,45439,32988
32774,45439,32953
32700,45447,33071
32704,45399,33063
32751,45463,33246
32748,45463,32796
32760,45439,33093
32836,45461,33236
32846,45447,32825
32830,45399,33073
32864,45447,33224
32863,45445,32859
32789,45413,33103
32793,45447,33087
32852,45438,33031
32825,45463,33100
32840,45447,33196
32936,45447,33087
32964,45439,33159
32944,45447,33081
32960,45447,33156
32960,45447,33007
32878,45447,32699
32864,45391,32884
32870,45461,32999
32824,45447,32969
32870,45447,33027
32954,45447,33063
32953,45439,33196
32929,45439,33076
32992,45429,33102
33004,45399,32988
32932,45447,33064
32929,45447,33124
32956,45461,33009
32928,45455,33086
32932,45423,33231
32997,45447,33162
33037,45447,33031
32984,45443,33108
33060,45391,32940
33052,45447,33095
33020,45441,33095
32997,45381,32917
33084,45447,33164
33052,45447,32757
33072,45399,32935
33146,45447,33087
33153,45447,32726
33092,45391,33076
33108,45447,33063
33112,45445,32692
33088,45447,32913
33124,45407,33104
33201,45447,33058
33185,45463,32941
33215,45447,33119
33265,45447,32679
33256,45380,32900
33216,45447,33031
33268,45417,33044
33253,45439,33174
33216,45437,33062
33249,45441,33031
33324,45458,33054
33273,45447,33045
33302,45445,33180
33400,45447,32966
33400,45447,33063
33346,45447,33151
33373,45439,32655
33337,45437,33013
33264,45445,33181
33256,45415,32679
33336,45447,32913
33292,45447,33143
33301,45376,32831
33388,45447,33031
33405,45447,33143
33387,45443,32705
33431,45438,32855
33444,45399,32967
33400,45445,33028
33381,45447,32924
33437,45423,33165
33424,45445,32852
33456,45459,33053
33520,45415,32957
33500,45447,33036
33436,45447,32731
33461,45383,33007
33504,45439,33129
33473,45445,32991
33495,45391,33063
33608,45447,32929
33608,45447,33172
33648,45399,32737
33684,45429,33065
33676,45447,32955
33662,45441,33175
33717,45447,32687
33708,45439,33018
33660,45435,33185
33652,45445,32919
33644,45444,33015
33564,45447,33067
33556,45447,33068
33636,45415,32939
33610,45455,33113
33584,45447,32711
33648,45437,32993
33700,45447,33095
33693,45383,33095
33752,45438,32981
33821,45431,33131
33824,45437,33081
33846,45447,33237
33896,45387,32719
33864,45447,32993
33761,45445,33116
33760,45441,33125
33762,45447,33243
33688,45377,33048
33680,45447,33131
33733,45445,33213
33712,45463,32861
33758,45469,33143
33830,45445,33051
33847,45389,33207
33814,45447,32725
33900,45428,33206
33888,45439,33172
33840,45447,33270
33823,45431,33119
33864,45447,33124
33824,45439,33127
33846,45447,33159
33909,45444,33215
33893,45446,33213
33876,45447,33303
33920,45399,32813
33945,45447,33116
33935,45447,33159
33912,45445,33244
33950,45444,33361
33912,45447,33252
33944,45423,33200
34004,45445,33245
34017,45437,33319
33997,45446,33263
34031,45437,33409
34041,45434,33287
34012,45443,33336
34028,45447,33259
34106,45405,33424
34108,45459,32990
34076,45447,33191
34092,45447,33235
34072,45403,33319
34008,45439,33469
34054,45436,33327
34025,45447,33308
33982,45447,33287
34005,45447,33335
34048,45447,33483
34028,45454,33353
34060,45423,33429
34110,45461,33391
34136,45447,33461
34065,45457,33398
34088,45447,33474
34108,45447,33405
34108,45460,33521
34148,45463,33061
34202,45447,33287
34172,45457,33418
34188,45463,33452
34236,45447,33551
34230,45447,33491
34180,45399,33636
34189,45460,33199
34192,45439,33397
34116,45463,33538
34139,45445,33543
34208,45455,33374
34160,45468,33590
34148,45471,33535
34180,45463,33389
34168,45447,33519
34120,45461,33557
34197,45447,33655
34211,45399,33589
34133,45468,33716
34105,45463,33571
34108,45465,33625
34080,45423,33655
34112,45471,33609
34228,45460,33653
34236,45461,33663
34222,45463,33669
34311,45439,33665
34300,45469,33637
34239,45463,33683
34207,45477,33719
34284,45405,33839
34310,45471,33391
34340,45485,33575
34422,45477,33759
34428,45476,33775
34414,45471,33889
34457,45471,33788
34452,45479,33837
34416,45479,33682
34402,45487,33743
34462,45479,33881
34464,45484,33841
34492,45479,33961
34633,45485,33527
34663,45461,33712
34637,45479,33828
34653,45473,33893
34641,45492,33863
34532,45475,33861
34528,45495,33911
34585,45457,34039
34540,45495,33763
34540,45499,33853
34604,45487,33975
34580,45501,33950
34545,45485,33937
34597,45437,33965
34596,45495,34119
34504,45492,34020
34528,45492,33891
34585,45495,33971
34616,45447,33993
34636,45477,33999
34680,45500,34055
34652,45495,34195
34564,45501,34049
34592,45463,33975
34573,45501,34046
34500,45507,34110
34484,45507,34153
34556,45511,34119
34549,45516,34207
34632,45513,34150
34676,45511,34237
34633,45447,34145
34525,45471,34295
34512,45503,33860
34512,45511,34055
34461,45506,34125
34393,45515,34137
34240,45527,34140
33840,45479,34148
33480,45471,34071
33174,45503,34207
32669,45519,34214
32092,45549,34309
31601,45535,34181
31255,45534,34221
31148,45533,34165
31425,45536,34167
32048,45539,34079
32686,45550,34247
33357,45557,34238
34204,45477,34207
34940,45542,34261
35520,45549,34247
36000,45540,34356
36721,45550,34103
37708,45550,34142
39000,45551,34144
40292,45543,34047
41512,45543,34163
42668,45544,34223
43433,45525,34247
43528,45551,34420
43148,45543,34288
42623,45545,34351
41934,45555,34221
41092,45561,34237
40182,45575,34244
39304,45573,34183
38409,45575,34322
37516,45575,34231
36684,45591,34308
35948,45573,34210
35396,45569,34269
34996,45596,34214
34684,45599,34223
34392,45597,34287
34265,45593,34383
34281,45601,34269
34208,45548,34323
34116,45623,33937
34097,45621,34277
34000,45607,33855
33856,45599,34405
33776,45599,34285
33708,45615,34304
33644,45615,34257
33640,45575,34298
33712,45635,34267
33752,45639,34343
33753,45623,34277
33839,45629,34412
33824,45621,34276
33688,45623,34365
33632,45559,34223
33620,45639,34085
33612,45637,34188
33670,45636,34108
33730,45636,34043
33740,45644,34306
33807,45605,34212
33920,45637,34229
33948,45637,34173
33926,45657,34223
33913,45615,34249
33832,45647,34175
33717,45647,34228
33652,45652,34339
33700,45661,34228
33693,45636,34333
33764,45679,34201
33917,45658,34227
34008,45671,34143
34025,45607,34189
34042,45671,34165
34064,45679,34111
33996,45671,34165
33985,45679,34270
34024,45687,33913
33980,45701,33971
33953,45631,34065
33940,45625,34071
33961,45639,34119
33924,45700,34087
33944,45698,34039
33950,45694,33996
33960,45703,33989
33952,45703,34055
34028,45703,34015
34001,45716,34135
33964,45717,34003
34040,45709,33909
34110,45735,33685
34101,45725,33777
34181,45719,33527
34160,45724,33885
34071,45731,33580
34092,45735,33727
34189,45741,33492
34145,45695,33713
34136,45764,33864
34212,45749,33829
34209,45751,33817
34153,45753,33816
34180,45711,33935
34205,45761,33781
34124,45767,33915
34032,45767,33766
34048,45767,33867
34079,45783,33711
34148,45772,33841
34229,45732,33708
34300,45796,33817
34288,45781,33258
34289,45780,33487
34268,45743,33653
34230,45807,33501
34148,45789,33599
34165,45801,33531
34165,45751,33511
34168,45829,33474
34276,45799,33209
34272,45819,33549
34212,45777,33213
34260,45821,33487
34249,45759,33423
34156,45831,33404
34162,45831,33308
34300,45831,33327
34405,45831,33293
34465,45831,33267
34508,45845,33185
34464,45809,33268
34381,45861,33261
34396,45863,33221
34407,45848,33215
34408,45855,33159
34492,45870,33175
34615,45852,33264
34592,45879,33188
34556,45895,33151
34608,45892,33125
34569,45887,33162
34533,45880,33334
34580,45895,33207
34694,45881,33137
34724,45831,33127
34776,45911,33149
34913,45908,33068
34976,45919,32993
34972,45917,33145
35080,45917,33186
35124,45918,33203
35070,45927,33181
35112,45935,33368
35022,45919,33358
34877,45927,33204
34813,45947,33513
34768,45945,33455
34724,45948,33397
34708,45959,33453
34860,45953,33524
34980,45943,33655
34884,45959,33596
34840,45959,33639
34809,45959,33660
34741,45973,33772
34692,45976,33413
34680,45983,33961
34615,45989,33871
34564,45997,33973
34566,45991,33957
34616,45957,34118
34614,45996,33692
34628,45997,33900
34629,46014,34055
34565,45959,34000
34513,46031,34191
34418,46033,34244
34343,46021,34375
34207,46041,34320
34100,46044,34449
34088,45991,34404
34007,46052,34419
34032,46039,34347
34193,46055,34464
34224,46047,34324
34254,46067,34492
34365,46055,34177
34341,46083,34791
34420,46085,34695
34520,46085,34772
34534,46084,34738
34540,46087,34709
34628,46059,34716
34757,46087,34909
34829,46111,35069
34908,46103,34999
34956,46106,35033
34724,46125,35055
34476,46143,35193
34421,46060,35223
34364,46116,35445
34444,46149,35402
34667,46140,35613
34832,46141,35553
34897,46149,35778
34996,46161,35737
35092,46164,35947
35106,46135,35904
35024,46183,35847
35056,46183,36087
34980,46183,36103
34884,46181,36215
34852,46135,36329
35041,46159,36538
35045,46209,36593
35028,46203,36752
35224,46215,36677
35264,46203,36861
35195,46236,37061
35309,46239,37053
35340,46237,37203
35268,46231,37169
35364,46247,37423
35484,46237,37060
35575,46255,37428
35705,46271,37269
35838,46274,37447
35748,46284,37687
35756,46287,37703
35981,46289,37863
36132,46293,37887
36129,46260,38093
35956,46311,38037
35704,46309,38172
35454,46319,38045
35293,46327,38255
35292,46324,38279
35228,46335,38070
35136,46343,38319
35349,46343,38532
35464,46335,38577
35597,46367,38849
35760,46357,38757
35997,46365,38930
36089,46373,38884
36124,46383,38855
36176,46380,39095
36140,46395,39081
36076,46404,39255
36156,46413,39157
36184,46421,39252
36016,46433,39269
36016,46421,39461
36102,46428,39440
36042,46437,39657
36029,46433,39508
36182,46391,39519
36192,46420,39310
36201,46471,39645
36308,46459,39585
36013,46487,39767
36029,46487,39997
36072,46487,39871
36092,46438,39801
36036,46493,40061
35985,46505,40025
35956,46447,40014
35887,46527,40120
35872,46527,40084
35916,46537,40300
35880,46551,39773
35812,46543,40071
35830,46543,40225
35844,46535,40164
35848,46511,40287
35724,46575,40252
35680,46573,40471
35612,46567,39721
35576,46592,40415
35668,46599,40300
35840,46599,40447
35888,46615,40293
35881,46599,40339
36104,46562,40281
36333,46575,40276
36480,46629,40436
36512,46637,40247
36580,46652,40372
36352,46655,40212
36284,46599,40319
36176,46667,40142
35884,46684,40245
35556,46677,40063
35412,46683,40183
35367,46695,39966
35453,46693,40079
35388,46711,39839
35344,46719,39943
35344,46687,39725
35464,46727,39804
35493,46725,39573
35484,46727,39569
35448,46733,39225
35412,46684,39267
35260,46759,39165
35065,46757,38637
34936,46775,39143
34662,46759,38841
34477,46791,38741
34381,46783,38547
34356,46795,38583
34328,46807,38356
34258,46791,38191
34310,46805,37956
34300,46821,37924
34372,46831,37715
34532,46823,37135
34700,46837,37637
34924,46799,37321
35141,46852,37215
35260,46847,36559
35244,46868,36727
35292,46869,36719
35268,46869,36551
35088,46884,36460
35024,46895,36140
34879,46852,35999
34788,46905,35767
34700,46917,35477
34740,46919,35251
34725,46903,35073
34548,46941,34796
34484,46935,34604
34501,46943,34311
34356,46931,34204
34196,46957,33972
34196,46965,33767
34244,46976,33350
34076,46965,33077
34087,46988,32841
34052,46983,32613
34025,46997,32359
34020,46949,31852
33868,46991,31951
33768,47015,31527
33608,47025,31372
33600,47037,31211
33660,47029,30967
33629,47047,30760
33544,47015,30572
33532,47047,30349
33668,47059,30163
33812,47061,29985
33900,47049,29780
33844,47075,29673
33556,47079,29049
33484,47079,29012
33637,47103,28932
33860,47075,28835
33754,47098,28783
34073,47095,28493
34170,47111,28313
34236,47109,28060
34276,47111,27851
34112,47073,27795
34084,47143,27701
34164,47139,27732
34101,47151,27471
33870,47165,27449
33692,47149,27173
33657,47101,26927
33628,47153,26933
33655,47167,26778
33861,47107,26727
33917,47175,26532
33760,47171,26487
33636,47191,26127
33545,47195,26079
33516,47205,25981
33568,47199,25819
33544,47199,25809
33624,47183,25255
33700,47223,25277
33568,47204,25069
33573,47220,25012
33524,47188,24915
33512,47231,24823
33532,47231,24845
33616,47239,24612
33860,47239,24575
34128,47239,24353
33987,47206,24373
33966,47271,24004
33869,47239,23983
33750,47255,23939
33712,47265,23815
33636,47213,23741
33564,47286,23401
33592,47276,23500
33649,47279,23437
33632,47293,23323
33660,47287,23383
33796,47213,23167
34024,47247,23057
34160,47303,22869
34113,47290,22890
33900,47303,22740
33797,47311,22733
33681,47317,22649
33641,47321,22629
33580,47331,22435
33628,47263,22483
33684,47303,22380
33636,47333,22279
33493,47337,22151
33412,47343,22005
33495,47343,22028
33413,47357,22025
33348,47343,22033
33513,47353,21943
33632,47363,22019
33624,47355,21803
33576,47367,21887
33600,47367,21681
33412,47367,21763
33060,47383,21573
32791,47313,21667
32432,47399,21471
31840,47411,21413
31239,47405,21156
30689,47405,21207
29980,47412,21161
29468,47329,21159
29452,47420,21031
29613,47423,21197
29966,47407,21132
30390,47429,21087
30656,47445,21037
31040,47453,20821
31612,47461,21061
32284,47456,20900
33384,47476,20727
35024,47470,20600
36760,47471,20613
38236,47476,20658
39752,47476,20555
41381,47477,20544
42623,47481,20405
43244,47495,20351
43232,47495,20324
42692,47459,20345
42077,47492,20333
41380,47505,20386
40478,47519,20263
39412,47531,20265
38569,47521,20131
37680,47540,20018
36773,47551,19994
35874,47573,19934
35070,47573,19845
34400,47579,19775
33713,47572,20069
33138,47589,19691
32926,47591,20006
32652,47587,19835
32672,47535,19951
32919,47601,19759
32975,47615,19900
32845,47621,19744
32780,47620,19804
32545,47607,19698
32265,47615,19787
32336,47623,19667
32436,47623,19560
32630,47623,19574
32641,47589,19503
32564,47601,19513
32268,47653,19409
31888,47663,19737
31738,47654,19581
31884,47661,19434
32341,47652,19474
32672,47655,19333
32736,47655,19628
32561,47661,19456
32232,47665,19319
32000,47681,19590
31861,47687,19398
31816,47684,19295
32066,47687,19423
32081,47671,19205
32049,47678,19441
32020,47679,19353
32328,47613,19237
32680,47663,19235
32956,47680,19354
33134,47687,19188
33121,47695,19198
32740,47701,19246
32332,47693,19085
32001,47685,19139
31829,47684,19109
31801,47671,19103
32112,47679,19007
32468,47687,18834
32333,47684,18887
32132,47701,18879
31975,47692,18766
31775,47700,18583
31736,47668,18569
31828,47689,18553
31857,47695,18412
31936,47684,18683
31900,47683,18492
31768,47687,18435
31753,47676,18344
31878,47685,18215
32218,47687,18110
32538,47623,18201
32640,47637,18172
32508,47623,17977
32596,47687,17893
32741,47675,18017
32986,47663,17926
32732,47647,17745
32316,47663,17908
32324,47677,17762
32180,47673,17603
31924,47679,17548
32016,47593,17397
32436,47597,17415
32620,47665,17403
32450,47599,17228
32272,47648,17305
32332,47666,17178
32444,47655,16942
32424,47623,17140
32442,47589,16919
32314,47623,16847
32340,47648,16980
32356,47653,16925
32237,47647,16734
32032,47661,16955
31874,47647,16815
31632,47661,16620
31544,47654,16701
31381,47639,16655
31386,47645,16485
31552,47649,16721
32121,47639,16453
32664,47643,16410
33028,47580,16567
33236,47647,16540
32988,47623,16366
32764,47623,16423
32428,47623,16324
32333,47623,16525
32260,47623,16487
31934,47623,16327
31845,47567,16369
31742,47566,16323
32033,47607,16614
32305,47623,16481
32748,47615,16491
32876,47615,16365
32742,47611,16323
32253,47613,16597
31542,47605,16479
31068,47623,16340
30996,47607,16388
31333,47607,16292
31988,47532,16359
32820,47601,16293
33108,47587,16452
32937,47599,16311
32433,47606,16595
32080,47551,16508
32224,47607,16583
32260,47604,16573
32448,47607,16603
33181,47519,16631
33541,47606,16535
33349,47583,16670
33116,47599,16661
32408,47518,16808
32168,47599,16769
32321,47596,16927
32145,47598,17074
31593,47586,17264
31256,47589,17102
30873,47572,17390
30432,47589,17287
30782,47578,17556
31501,47591,17756
31796,47517,17615
31892,47587,17797
31732,47567,17940
31436,47595,18080
31192,47591,18053
31230,47589,18319
31561,47595,18421
32424,47589,18559
32957,47516,18647
32632,47580,18823
32420,47591,19079
32182,47583,18937
32360,47588,19053
32620,47599,19349
32477,47590,19574
32318,47597,19645
31720,47531,19930
31694,47580,19945
31677,47598,20238
31992,47585,20257
31752,47589,20439
31435,47595,20523
31264,47603,20597
31022,47587,20893
30948,47609,21181
31196,47612,21216
31136,47535,21399
30820,47605,21588
30488,47597,21911
30716,47613,21715
31240,47609,21937
31324,47607,22199
31430,47623,22306
31640,47561,22515
31557,47595,22720
31525,47623,22946
31278,47612,23085
31192,47623,23341
31151,47582,23635
31366,47623,23864
31368,47623,24067
31516,47623,24253
31492,47599,24556
30908,47607,24916
30520,47649,24868
30745,47655,25272
31077,47636,25677
31502,47647,25670
31447,47621,25894
31634,47639,26337
32168,47661,26542
32169,47655,26615
32145,47649,26975
32364,47666,27292
32468,47596,27654
32328,47679,27853
31688,47661,28167
30871,47669,28375
30637,47677,28648
30708,47605,28917
30748,47623,29135
31120,47671,29501
31663,47695,29748
31676,47678,30147
31800,47703,30341
31625,47704,30727
31758,47623,30909
31648,47695,31319
31570,47695,31464
31924,47695,31758
31962,47663,31845
32133,47701,32349
32201,47711,32793
32180,47647,32931
32335,47735,33325
32212,47724,33521
31414,47727,33933
30869,47725,33815
30198,47695,34207
29744,47735,34620
29849,47725,34919
29569,47748,35249
29462,47740,35477
29652,47743,35804
30161,47748,36044
30238,47697,36434
30380,47749,36552
30692,47764,36961
31096,47751,37049
31342,47749,37407
31120,47689,37505
30532,47727,37833
30264,47767,37955
30617,47772,38341
30740,47765,38457
30712,47767,38719
30472,47769,38740
30482,47751,39059
30729,47749,39445
31292,47743,39489
31040,47773,39837
30473,47711,39899
30468,47781,40112
30625,47791,40070
30616,47727,40333
31008,47717,40596
31453,47791,40829
32048,47783,41047
32300,47773,41303
32300,47765,41308
31813,47780,41062
31344,47775,41956
30524,47783,42013
30097,47791,42245
30612,47706,42349
31480,47797,42585
31756,47780,42605
32100,47775,42343
32092,47767,43188
31380,47780,43265
29937,47769,43415
28829,47751,43569
28880,47775,43716
30225,47772,43727
31247,47799,43655
31696,47789,44150
31632,47727,44293
31558,47797,44412
31442,47781,44129
31223,47793,44699
31312,47799,44823
31021,47817,44957
30500,47824,45063
29172,47831,45257
28496,47813,45317
28348,47855,45543
28852,47847,45213
30072,47849,45735
31260,47863,45871
31085,47837,46155
31468,47871,46228
31712,47906,46444
31716,47869,46553
31208,47949,46727
30980,47955,46851
30462,47973,46645
29029,47989,47028
29305,47983,47129
30136,48007,47447
31140,48007,47558
31573,47967,47717
30792,48055,47834
29920,48065,47954
29281,48071,48132
29114,48089,48287
29460,48032,48423
30696,48045,48560
31160,48095,48696
30824,48122,48764
31104,48127,48941
31297,48135,48983
30056,48161,49269
28688,48167,49415
28308,48183,48972
29180,48183,49599
30462,48183,49753
31232,48205,50015
31540,48220,50159
32248,48172,50183
32736,48231,50412
31560,48237,50511
30061,48205,50751
29358,48276,50853
29340,48263,50940
29700,48281,51079
30368,48285,51156
31576,48255,51425
32136,48285,51588
32716,48263,51765
32857,48271,51913
31596,48245,51939
31144,48273,52145
30842,48287,52359
30756,48287,52583
30048,48281,52743
29280,48315,52261
29152,48253,52999
30404,48263,53183
30813,48295,53431
31558,48208,53613
33200,48277,53662
33548,48285,53831
32400,48223,54005
31220,48276,54079
30408,48303,54267
30636,48246,54495
29948,48301,54685
28736,48263,54839
28722,48271,54277
29089,48263,55095
30688,48263,54811
31784,48277,55336
30860,48277,55477
29880,48256,55611
29088,48278,55735
29816,48191,55877
31932,48199,56061
32620,48173,56143
31337,48251,56167
29884,48239,56455
29060,48243,56445
29929,48223,56647
31012,48237,56709
30940,48229,56935
30336,48257,57013
28884,48237,57031
27280,48247,57144
25492,48252,57335
24940,48185,57498
25133,48255,57597
25126,48206,57708
24561,48279,57824
25141,48217,57863
25932,48285,57959
27442,48277,57517
29092,48287,58103
30372,48285,58237
31451,48274,58343
33204,48249,58421
35876,48260,58044
39201,48255,58567
41316,48244,58663
42016,48247,58676
41500,48247,58605
40967,48263,58815
40256,48273,58903
39950,48263,58487
39036,48263,58840
37904,48253,58919
37680,48253,58971
36601,48253,59071
34925,48263,58947
33300,48269,59015
31712,48221,59007
30508,48295,59076
30348,48262,59079
31120,48284,58985
31536,48263,58935
31836,48205,58943
32369,48263,58981
32484,48263,58966
31740,48285,58833
30874,48285,58825
30140,48244,58829
29588,48305,58652
29248,48301,58652
29689,48303,58588
30084,48301,58543
30204,48247,58441
30804,48295,58375
30782,48319,58375
30556,48327,58295
29679,48327,58229
29302,48277,58145
29140,48348,58101
29432,48359,57991
29476,48337,57919
29744,48357,57825
29963,48352,57733
30789,48327,57560
30936,48364,57519
30873,48364,57381
30256,48383,57265
28764,48375,57149
28345,48409,56964
28695,48420,56885
29324,48420,56788
29557,48437,56637
29736,48449,56509
30424,48452,56327
30860,48485,56151
30926,48495,56071
30597,48519,55983
31080,48460,55815
31613,48567,55640
31828,48564,55524
31177,48576,55333
30289,48603,55213
29391,48543,54919
29152,48591,54887
30200,48645,54713
31649,48647,54519
32460,48675,54391
31936,48705,54228
30332,48684,54079
28742,48696,53837
28789,48677,53661
29784,48711,53469
30652,48749,53468
31343,48836,53284
31780,48850,53172
31356,48889,52981
30200,48926,52893
29389,48970,52743
28760,49012,52607
28920,49055,51847
29146,49084,52311
30128,49113,52230
31146,49159,52116
31328,49133,51975
31430,49244,51623
30901,49287,51753
30936,49339,51639
31092,49399,51529
30548,49463,51423
30380,49433,51295
29968,49479,51207
30318,49527,51086
30636,49609,50901
30700,49623,50819
31024,49709,50695
31452,49797,50677
31622,49838,50501
31554,49895,50341
31084,49922,50276
30476,50004,50240
30010,50036,50135
30157,50069,49943
30616,50127,49831
30433,50165,49703
30684,50213,49639
30880,50183,49607
30980,50311,49445
30712,50349,49369
30228,50413,48853
30350,50439,49094
30646,50399,48828
30489,50439,48932
30214,50486,48263
30852,50545,48732
31016,50563,48109
30912,50687,48493
30740,50723,48219
30637,50757,48303
30617,50788,48223
30680,50823,48127
30972,50853,48031
30600,50799,47975
30384,50849,47863
30334,50935,47783
30520,50929,47519
31094,50998,47528
31080,51037,47396
30722,50981,46663
31181,51095,47064
31200,51111,46855
30776,51143,46791
30780,51119,46652
31076,51189,46555
31441,51207,46359
31388,51207,46365
31072,51251,46180
30768,51204,46068
31300,51207,45529
31783,51303,45739
31892,51335,45671
31876,51351,45421
31753,51325,45181
31284,51380,45063
31544,51383,45024
31232,51396,44831
31084,51429,44604
31288,51444,44308
31805,51391,44340
31845,51415,44199
31740,51417,44124
31704,51493,43884
31687,51518,43746
31405,51509,43647
31332,51541,43516
31000,51551,43389
30536,51567,43180
30780,51503,43074
31176,51591,42375
31365,51603,42503
31352,51607,42569
31103,51621,42295
30793,51631,42271
30625,51607,41909
31313,51636,41903
31741,51637,41575
32064,51655,41559
31830,51653,41195
31544,51639,41143
31204,51695,40778
31112,51685,40611
31248,51687,40423
31505,51685,40404
31909,51693,40068
32261,51699,40039
32032,51663,39655
31440,51695,39663
31108,51701,39303
30924,51715,39231
31108,51655,38843
31649,51676,38309
31644,51719,38702
31300,51718,38396
31068,51709,38351
31064,51711,38007
31065,51708,37890
31200,51711,37479
31936,51645,37243
32328,51719,37337
32444,51740,37068
32413,51733,37031
32144,51719,36677
31720,51719,36471
31413,51719,36407
31114,51668,36103
31316,51719,36111
31804,51719,35751
32208,51717,35431
32432,51717,35447
32480,51735,35175
32381,51719,35047
32600,51654,34817
32505,51719,34743
32348,51719,34052
32304,51709,34406
32537,51703,34113
32637,51719,34084
32356,51679,33796
32204,51655,33737
32056,51735,33478
32044,51719,33475
32401,51719,33192
32333,51719,32983
32352,51702,32754
32474,51701,32775
32256,51711,32559
31956,51719,32245
31729,51711,32326
31812,51719,32014
31973,51719,32073
32180,51644,32021
32256,51719,31939
32316,51700,31550
32474,51711,31545
32430,51697,31541
32606,51691,31409
32528,51653,31293
32060,51719,30901
31620,51700,30927
31584,51687,30917
32092,51716,30223
32444,51701,30367
32428,51709,30036
32260,51700,29973
32288,51613,29282
32505,51687,29232
32752,51711,28828
32677,51676,28497
32812,51695,28337
32896,51708,27878
32944,51671,27583
32928,51711,27303
32768,51711,26981
32704,51695,26631
32724,51685,26289
32725,51612,25921
32772,51700,25596
32721,51689,25071
32660,51695,24684
32504,51631,24421
32663,51714,24182
32844,51701,23923
32973,51663,23545
32864,51708,23197
32496,51693,22733
32198,51695,22420
32119,51621,22344
32592,51700,22009
32644,51695,21697
32500,51709,21295
32372,51663,21143
32524,51687,20982
32784,51703,20541
32519,51717,20439
31896,51689,20010
31296,51703,19786
31173,51692,19374
31573,51700,19161
32368,51703,19085
33192,51711,18743
33702,51695,18567
33765,51703,18065
33072,51655,17833
32202,51710,17629
31988,51691,17540
32556,51654,17260
32859,51679,17093
33392,51703,16844
33508,51687,16503
32464,51719,16421
31492,51711,16317
31644,51701,15867
32096,51703,15696
32592,51663,15429
32952,51693,15392
33050,51691,15159
33212,51623,14809
33372,51695,14819
33456,51695,14640
33542,51708,14407
33445,51711,14178
33348,51673,13911
32921,51716,13725
32241,51703,13508
32116,51687,13404
32023,51701,13182
32250,51719,13110
32445,51719,12981
32413,51683,12847
32308,51711,12735
32304,51757,12425
32791,51741,12291
33496,51719,11988
33629,51743,12050
33560,51719,11955
33232,51751,11580
32564,51765,11447
31948,51773,11219
31788,51773,11290
31948,51781,11132
32489,51764,10989
32752,51719,10916
32460,51783,10637
32360,51799,10525
32517,51771,10296
32960,51787,10187
33672,51803,9983
34037,51783,9942
33977,51741,9718
33950,51829,9677
33580,51831,9463
33117,51843,9420
32820,51828,9251
32569,51823,9329
32780,51815,9159
33316,51845,9065
33612,51847,8919
33497,51859,8654
33294,51871,8600
33064,51893,8502
32828,51901,8515
32855,51823,8233
32832,51901,8259
32927,51847,8074
33272,51839,8081
33569,51847,7935
33676,51908,7678
33345,51943,7662
33006,51955,7544
32873,51943,7460
32845,51975,7299
32841,51964,7312
33085,51959,7244
32984,51991,7119
32924,51975,7093
32784,51975,6893
32728,51991,6811
32775,52011,6667
32921,52026,6669
32940,52040,6628
32916,52055,6432
32556,52045,6402
32340,51997,6269
32620,52069,6245
32892,52056,6177
32964,52069,6008
32901,52071,6011
32884,52095,5973
32868,52044,5848
32728,52093,5867
32704,52135,5898
32836,52116,5800
32800,52127,5828
32600,52135,5855
32081,52103,5805
31440,52147,5876
31165,52143,5824
30756,52149,5906
30380,52151,5985
29996,52125,5903
29516,52174,5964
28820,52191,5924
28336,52180,6032
27953,52201,5988
27538,52205,6062
27528,52213,6061
27670,52221,6070
28020,52228,6021
28552,52231,6033
29004,52180,6050
30402,52279,5937
32416,52262,5909
34840,52231,5869
36799,52221,5800
38744,52277,5796
40792,52268,5705
42308,52260,5700
43184,52279,5615
43532,52279,5635
43572,52295,5532
43189,52275,5558
42344,52303,5531
41049,52305,5479
39477,52308,5406
37976,52305,5436
36624,52301,5420
35428,52319,5377
34420,52325,5419
33704,52299,5465
33108,52355,5409
32405,52359,5495
32120,52349,5464
32144,52309,5537
32088,52359,5561
32060,52359,5713
31768,52359,5737
31554,52359,5879
31381,52383,5925
31372,52308,6048
31453,52396,6105
31608,52413,6209
31734,52359,6271
31892,52409,6491
31660,52417,6531
31690,52415,6762
31653,52428,6991
31518,52388,6996
31312,52460,7266
31232,52449,7500
30978,52473,7563
30628,52487,7757
30516,52500,7882
30464,52517,8217
30572,52517,8380
30720,52519,8623
30757,52460,8803
30521,52559,8883
30412,52583,9252
30420,52589,9493
30240,52607,9667
30133,52637,9957
30311,52647,10031
30856,52575,10289
31353,52687,10358
32024,52669,10774
32804,52679,10823
33056,52717,11230
33120,52655,11387
32968,52775,11655
32908,52783,11813
32945,52799,12101
32794,52819,12102
32404,52781,12506
31996,52839,12703
31680,52845,12812
31798,52829,13055
32076,52852,13201
32162,52885,13546
32194,52905,13696
32100,52855,13970
31903,52950,14247
31884,52951,14348
31950,52951,14517
32142,52963,14606
32033,52991,14799
32036,52983,14991
32008,52999,15207
31964,52943,15382
31764,53055,15694
31573,53065,15785
31383,53077,16064
31252,53095,16127
31284,53063,16359
31332,53124,16489
31140,53127,16812
30973,53149,16920
30924,53183,17132
30852,53125,17161
30954,53221,17319
31230,53247,17439
31325,53255,17890
31360,53285,17893
31334,53310,18164
31251,53271,18149
31271,53373,18425
31369,53380,18420
31312,53407,18615
31089,53440,18485
30865,53411,18650
30693,53503,18761
30764,53543,19031
30980,53573,19191
31204,53575,19105
31234,53652,19365
31268,53677,19408
31429,53715,19377
31428,53706,19750
31517,53831,19667
31682,53885,19847
31704,53941,19917
31732,53995,20116
31656,53981,20320
31572,54104,20127
31493,54173,20273
31492,54204,20433
31448,54191,20678
31328,54325,20927
31313,54365,20872
31484,54423,20821
31848,54503,21155
32036,54533,21057
32018,54583,21231
32040,54597,21363
32007,54695,21570
31817,54720,21828
31640,54765,21839
31468,54791,21794
31642,54879,22011
32059,54909,22111
32180,54975,22325
32106,54996,22532
31916,55047,22809
31724,55085,22617
31592,55132,22910
31458,55149,23066
31492,55175,23266
31552,55245,23356
31836,55262,23637
32218,55295,23779
32548,55359,23872
32790,55365,24265
32824,55431,24063
32882,55469,24437
32892,55415,24740
32854,55540,24527
32774,55559,24839
32616,55591,25212
32578,55557,25259
32560,55671,25249
32452,55703,25547
32350,55733,25727
32248,55751,26015
32164,55708,25728
31941,55815,25974
31743,55813,26228
31344,55855,26389
30804,55815,26564
30416,55943,26679
30300,55957,26857
30280,55980,26959
30276,56015,27202
30521,55999,27173
30888,55999,27432
31492,56093,27435
32044,56093,27565
32424,56127,27450
32376,56063,27749
32284,56135,27648
32121,56207,28156
31880,56253,28165
31630,56279,28388
31557,56263,28368
31532,56301,28441
31480,56324,28475
31424,56349,28637
31224,56353,28910
30876,56300,28844
30885,56398,29168
31016,56445,29239
31095,56469,29380
30943,56493,29414
30701,56509,29401
30392,56525,29751
30210,56559,29613
30036,56568,29914
29984,56575,30086
29845,56583,30087
29828,56623,30140
30058,56646,30178
30457,56676,30335
30974,56711,30504
31368,56711,30596
31511,56731,30593
31567,56743,30727
31738,56749,30765
31804,56770,30937
31644,56711,31105
31501,56829,31301
31552,56803,31115
31588,56871,31404
31536,56884,31198
31578,56831,31443
31556,56927,31513
31324,56927,31713
31056,56943,31585
30964,56943,32178
30973,56967,32212
31121,56999,32453
31246,57007,32461
31254,57036,32712
31160,57047,32717
31269,56987,32969
31224,56981,32989
30990,57087,33117
30812,57095,33351
30740,57052,33333
30646,57141,33396
30668,57148,33543
30780,57183,33586
30788,57189,33627
30625,57125,33891
30418,57223,34175
30427,57239,34275
30540,57239,34425
30532,57235,34420
30616,57263,34559
30644,57277,34733
30798,57255,34954
31076,57262,35143
31212,57343,35143
31220,57348,35374
31190,57351,35449
31060,57375,35708
30916,57380,35911
30802,57396,35890
30764,57399,36116
30770,57415,36237
30784,57434,36002
30816,57453,36733
30756,57463,36735
30553,57489,36877
30548,57501,37215
30654,57511,37208
30772,57511,37415
30888,57517,37480
30929,57537,37551
30920,57551,37932
30880,57565,38023
30897,57554,38290
30879,57535,38343
30760,57622,38617
30736,57636,38647
30753,57639,38900
30760,57663,38916
30780,57661,39127
30770,57607,39116
30740,57665,39343
30702,57685,39631
30732,57684,39660
30740,57727,39876
30674,57700,39901
30616,57727,40197
30612,57717,40143
30584,57765,40451
30598,57759,40412
30681,57716,40676
30716,57793,40639
30752,57799,40914
30793,57815,40845
30808,57733,41052
30746,57848,41018
30728,57853,41153
30780,57851,41279
30756,57863,41343
30754,57863,41650
30770,57863,41556
30708,57895,41776
30669,57907,41725
30684,57917,41991
30703,57932,41921
30676,57948,42164
30733,57965,42087
30780,57981,41965
30740,57975,42368
30713,57991,42331
30732,57991,42443
30698,57924,42471
30636,58038,42655
30664,58029,42567
30708,58047,42733
30664,58063,42663
30722,58077,42855
30785,58005,42759
30765,58093,42981
30770,58117,43004
30737,58111,43109
30695,58119,43015
30664,58151,43211
30668,58164,43245
30732,58103,43391
30712,58197,43399
30746,58119,43172
30805,58143,43575
30780,58155,43605
30812,58229,43663
30884,58221,43551
30912,58247,43497
30903,58247,43719
30920,58239,43399
30936,58247,43951
30964,58271,43999
31028,58172,44067
31160,58276,43887
31232,58271,44212
31256,58263,44263
31281,58277,44287
31252,58231,44445
31197,58293,44415
31296,58280,44481
31390,58247,44621
31406,58281,44679
31476,58341,44717
31520,58295,44767
31521,58328,44770
31528,58333,44790
31548,58244,44770
31508,58351,44831
31468,58357,44981
31509,58365,45010
31552,58375,45135
31497,58375,45109
31494,58375,45191
31572,58303,45189
31648,58375,45243
31708,58399,45037
31885,58356,45183
31988,58413,45332
32081,58423,45191
32127,58439,45220
32208,58455,44925
32285,58471,45183
32368,58409,45245
32543,58429,45367
32476,58503,45319
32342,58503,45324
32386,58503,45208
32417,58532,45158
32477,58519,45161
32490,58559,45254
32517,58591,45188
32464,58589,45130
32415,58599,45063
32360,58535,44991
32308,58557,44967
32280,58555,44783
32256,58663,44781
32244,58671,44845
32249,58689,44804
32288,58719,44697
32241,58631,44652
31984,58681,44551
31740,58681,44479
31425,58759,44367
30996,58791,43813
30433,58804,44076
29868,58807,44133
29256,58824,44063
28708,58836,43984
28544,58879,43383
28808,58887,43727
29344,58887,43685
30028,58913,43445
30704,58935,43503
31340,58909,43439
32104,58990,43383
32935,58996,43235
33612,59015,43095
34716,59023,42676
36428,58964,42759
38260,59071,42927
39930,59077,42708
41616,59092,42676
43108,59055,42407
43968,59135,42373
44108,59141,42033
43776,59124,42127
43248,59143,42215
42481,59175,41919
41624,59175,41900
40596,59191,41591
39436,59209,41604
38333,59215,41639
37200,59221,41396
36116,59181,41454
35142,59247,41231
34405,59252,41309
33872,59183,41036
33444,59301,41079
33092,59301,40838
32940,59327,40772
32800,59263,40535
32812,59348,40676
32877,59359,40455
32823,59359,40265
32672,59367,40416
32609,59381,40189
32550,59311,40171
32448,59431,40076
32452,59437,39943
32481,59455,39916
32460,59495,39799
32504,59511,39663
32565,59509,39697
32504,59527,39528
32302,59455,39469
32244,59559,39259
32178,59551,39138
32086,59612,39212
32208,59559,39119
32359,59671,39197
32504,59687,38959
32580,59719,38759
32676,59727,38799
32641,59759,38732
32604,59783,38775
32598,59815,38573
32565,59747,38526
32516,59872,38389
32512,59831,38201
32549,59909,38113
32540,59943,38022
32624,59975,38117
32669,60007,38023
32661,59997,38100
32620,60039,37360
32584,60079,37631
32578,60085,37679
32497,60148,37543
32540,60189,37545
32608,60215,37373
32636,60228,37492
32665,60260,37325
32728,60277,37349
32700,60227,37233
32696,60335,37291
32724,60355,37076
32748,60371,36969
32737,60332,36925
32780,60452,36879
32844,60469,36965
32844,60485,36743
32820,60501,36808
32842,60500,36617
32800,60551,36531
32757,60564,36651
32769,60591,36021
32764,60527,36341
32700,60647,36461
32736,60626,36004
32797,60679,36183
32808,60719,36297
32832,60743,36084
32905,60762,36085
32916,60775,35887
32820,60791,36084
32791,60815,35700
32800,60807,35873
32754,60858,35884
32757,60868,35748
32871,60841,35732
32894,60909,35503
32945,60903,35709
33049,60909,35535
33053,60956,35164
33008,60889,35367
33004,60986,35229
32964,61023,35239
32829,61021,35329
32857,61037,35295
32897,61028,35079
32940,61092,35260
33052,61093,35140
33192,61109,34983
33173,61039,35087
33136,61122,34973
33132,61151,35127
33116,61159,34951
33047,61183,34905
33034,61153,34985
33084,61223,34628
33152,61217,34656
33185,61237,34786
33252,61173,34661
33231,61271,34469
33229,61273,34713
33268,61285,34396
33252,61293,34473
33205,61319,34455
33345,61332,34311
33404,61341,34321
33412,61381,34235
33468,61359,34364
33564,61375,33927
33580,61347,34077
33556,61333,34039
33596,61404,34054
33628,61429,34123
33657,61428,33692
33756,61447,33743
33800,61471,33818
33840,61413,33791
33948,61493,33684
34062,61503,33527
34056,61495,33543
34052,61511,33525
34085,61519,33479
34106,61479,33551
34079,61548,33087
34108,61551,33271
34140,61557,33311
34140,61487,33189
34159,61595,32996
34172,61575,32986
34096,61575,32984
34022,61597,33025
34000,61615,32439
34000,61597,32775
33864,61639,32311
33757,61634,32447
33792,61575,32637
33816,61607,32497
33895,61655,32391
33856,61671,32357
33700,61679,32263
33632,61665,32343
33556,61575,32037
33460,61693,32072
33332,61703,32015
33306,61701,31931
33342,61725,31894
33284,61729,31879
33326,61735,31577
33380,61727,31693
33352,61733,31622
33305,61751,31683
33324,61665,31255
33316,61756,31397
33272,61767,31363
33280,61767,31324
33360,61788,31286
33356,61789,31293
33393,61787,31143
33428,61747,31077
33437,61812,31049
33436,61823,31095
33464,61793,30898
33476,61735,30751
33456,61829,30771
33476,61814,30784
33536,61847,30868
33512,61788,30319
33562,61863,30524
33589,61856,30619
33604,61831,30559
33616,61869,30627
33639,61860,30091
33561,61795,30259
33493,61882,30412
33588,61889,30351
33602,61887,30412
33538,61927,30191
33589,61916,30231
33640,61831,30173
33652,61917,30031
33640,61919,30086
33684,61925,30024
33700,61925,29941
33608,61885,29999
33636,61959,29987
33728,61959,30101
33730,61959,29652
33728,61987,29725
33781,61983,29698
33784,61988,29711
33752,61989,29836
33805,61991,29831
33818,61919,29830
33801,62023,29575
33852,62023,29607
33892,61956,29679
33887,62063,29663
33900,62047,29660
33951,62055,29698
33952,62068,29769
33927,62079,29764
33922,62087,29597
33880,62087,29684
33844,62021,29700
33888,62127,29721
33916,62131,29728
33917,62149,29741
33952,62077,29791
33998,62177,29904
33999,62165,29454
33982,62167,29612
33980,62179,29796
33972,62172,29831
33941,62191,29791
33948,62167,29776
34009,62215,29845
33997,62196,29921
34044,62212,29897
34112,62209,30045
34116,62143,29900
34080,62207,29767
34012,62207,29997
33988,62111,29965
33976,62213,29953
34005,62157,29732
34036,62207,29875
34040,62211,29753
34026,62183,29876
34028,62215,30010
34032,62199,30085
34024,62213,30251
34092,62213,30043
34057,62162,30087
34004,62209,30196
34025,62137,30161
34046,62199,30308
33985,62251,30215
33949,62231,30375
34026,62240,30253
34080,62247,30377
34060,62173,30057
34144,62257,30269
34141,62267,30303
34080,62209,30201
34100,62295,30335
34128,62296,30461
34080,62308,30343
34100,62331,30275
34156,62319,30327
34141,62311,30407
34052,62253,30524
34004,62302,30427
33965,62343,30422
33916,62367,30341
33920,62359,30265
33908,62388,30522
33857,62311,30412
33844,62359,30517
33872,62405,30644
33864,62407,30516
33824,62415,30522
33857,62325,30549
33804,62433,30635
33697,62455,30578
33692,62447,30724
33702,62460,30623
33580,62471,30685
33476,62471,30631
33508,62503,30761
33548,62468,30671
33653,62503,30756
33708,62495,30698
33656,62519,30839
33624,62471,30727
33632,62529,30861
33648,62544,30756
33616,62556,30845
33616,62519,30567
33724,62567,30787
33788,62581,30593
33756,62575,30735
33752,62511,30695
33746,62615,30693
33664,62619,30531
33636,62636,30880
33684,62617,30916
33676,62671,31079
33677,62671,30956
33716,62687,31044
33688,62680,30660
33596,62654,30877
33552,62679,31022
33460,62682,31065
33380,62685,31155
33384,62701,31065
33436,62663,30919
33456,62711,31036
33470,62711,31098
33533,62711,31083
33524,62621,31164
33445,62710,31310
33444,62695,30885
33437,62663,31183
33404,62716,31343
33412,62711,30925
33448,62719,31391
33436,62623,30999
33444,62727,31287
33448,62661,31355
33397,62709,31396
33375,62724,31223
33381,62703,31505
33353,62636,31053
33304,62679,31357
33316,62727,31599
33340,62749,31111
33321,62755,31589
33344,62641,31462
33375,62709,31573
33356,62727,31581
33298,62747,31617
33300,62753,31623
33308,62759,31631
33248,62678,31674
33228,62781,31567
33260,62777,31624
33220,62791,31703
33196,62725,31833
33086,62815,31724
32770,62783,31629
32392,62814,31733
31980,62807,31799
31424,62765,31895
30760,62819,31492
30153,62825,31743
29788,62751,31953
29617,62855,31588
29780,62841,31879
30377,62855,31995
30964,62791,31875
31508,62855,31971
32344,62868,31975
33136,62855,31915
33828,62877,31959
34314,62802,32124
35100,62911,31797
36312,62916,31994
38088,62913,32111
39968,62908,32065
41691,62909,32127
43255,62919,31825
44308,62919,32023
44512,62901,32012
44152,62932,31969
43464,62876,32231
42560,62909,31982
41446,62949,32148
40232,62887,32255
38977,62943,32208
37720,62943,32076
36580,62935,32152
35648,62909,32201
34815,62943,32349
34188,62941,32237
33716,62948,32231
33405,62892,32155
33109,62951,32255
32932,62949,32383
32822,62940,32333
32686,62948,32445
32516,62935,32244
32424,62871,32343
32348,62935,32509
32256,62941,32311
32194,62943,32365
32136,62927,32316
32012,62935,32031
31961,62850,32261
32041,62935,32444
32096,62916,32444
32040,62927,32543
32036,62863,32391
32052,62893,32492
32050,62919,32592
32072,62917,32495
32076,62928,32435
32064,62903,32375
32013,62909,32482
31992,62829,32599
31914,62919,32532
31852,62847,32663
31897,62883,32295
31868,62879,32400
31840,62919,32509
31880,62879,32530
31956,62887,32457
31952,62893,32671
31995,62808,32583
32006,62900,32527
31993,62887,32451
31940,62875,32553
31852,62853,32277
31844,62775,32745
31864,62823,32608
31936,62855,32569
32034,62855,32565
32033,62855,32561
32028,62759,32612
32092,62843,32250
32145,62845,32710
32095,62829,32231
32097,62821,32719
32084,62823,32221
32048,62831,32663
32028,62823,32367
32032,62809,32575
31968,62788,32255
31956,62727,32767
32000,62815,32485
32060,62791,32615
32038,62789,32351
32100,62695,32571
32097,62767,32589
32015,62727,32580
32032,62774,32594
32124,62676,32629
32117,62775,32791
32084,62767,32439
32129,62663,32551
32116,62759,32577
32106,62749,32615
32145,62727,32765
32116,62727,32599
32097,62727,32453
32108,62721,32586
32136,62716,32636
32104,62701,32765
32090,62723,32207
32140,62713,32518
32149,62691,32539
32108,62690,32510
32095,62610,32618
32096,62683,32584
32028,62650,32624
32049,62679,32508
32084,62671,32421
32044,62675,32507
32024,62651,32287
32050,62629,32341
32081,62651,32359
32040,62655,32468
32033,62598,32483
32096,62637,32577
32144,62621,32455
32164,62631,32602
32209,62620,32457
32212,62557,32551
32249,62621,32429
32300,62599,32546
32287,62599,32399
32354,62599,32529
32426,62591,32376
32399,62573,32485
32368,62591,32317
32384,62471,32463
32458,62583,32310
32468,62575,32411
32472,62575,32285
32468,62556,32287
32496,62471,32239
32476,62559,32271
32503,62543,32177
32496,62524,32199
32452,62543,32135
32482,62543,32209
32528,62535,32139
32520,62519,32221
32564,62522,32111
32644,62523,32022
32680,62505,31979
32644,62463,31978
32676,62471,31849
32685,62471,31721
32656,62447,32047
32668,62492,31935
32697,62471,32097
32684,62471,31927
32664,62471,31855
32692,62389,31725
32672,62463,31727
32601,62455,31996
32581,62431,31850
32556,62437,31939
32446,62343,31815
32429,62437,31878
32440,62439,31748
32373,62445,31663
32348,62423,31735
32292,62407,31495
32186,62407,31841
32088,62309,31693
32064,62405,31639
32066,62399,31506
32002,62390,31343
32004,62380,31523
32047,62381,31239
31953,62307,31696
31884,62393,31580
31940,62343,31701
31965,62360,31367
31896,62271,31383
31898,62319,31585
31912,62339,31509
31840,62247,31631
31812,62321,31493
31852,62343,31588
31896,62325,31463
31917,62245,31597
31952,62271,31422
31977,62321,31510
31936,62307,31428
31974,62295,31273
31984,62293,31554
31944,62288,31407
31940,62285,31495
31982,62279,31374
31950,62215,31367
31968,62279,31260
32046,62271,31375
32021,62271,31461
31972,62178,31372
32005,62215,31493
32061,62231,31356
32002,62245,31406
32036,62236,31345
32109,62215,31350
32088,62215,31196
32100,62215,31317
32164,62201,31300
32164,62201,31335
32126,62199,31275
32156,62108,31277
32112,62084,31201
32072,62177,31271
32084,62175,31276
32184,62159,31224
32177,62167,31296
32142,62158,31332
32202,62113,31367
32204,62143,31476
32184,62105,31381
32165,62113,31422
32148,62117,31373
32084,62023,31495
32060,62055,31385
32088,62119,31421
32092,62101,31383
32088,62087,31359
32180,62007,31423
32199,62087,31501
32129,62087,31446
32142,62047,31449
32148,62063,31447
32100,62053,31407
32026,61957,31332
32088,62055,31253
32073,62063,31489
32100,62055,31514
32180,62007,31653
32169,62023,31535
32096,62018,31508
32096,62013,31429
32120,61990,31569
32060,61895,31709
32048,62013,31583
32108,61959,31711
32088,61983,31607
32096,61988,31751
32137,61889,31635
32164,61959,31751
32112,61959,31655
32124,61949,31751
32137,61919,31684
32097,61943,31811
32101,61935,31709
32140,61935,31748
32124,61931,31733
32117,61888,31823
32172,61925,31758
32208,61909,31751
32142,61895,31774
32169,61887,31932
32172,61882,31817
32127,61883,31964
32096,61879,31535
32156,61871,31783
32212,61879,31901
32212,61879,31845
32220,61855,31801
32218,61863,32034
32169,61845,31929
32144,61773,32074
32130,61831,31943
32056,61831,31865
32077,61831,31613
32169,61812,31929
32216,61815,32143
32176,61825,32003
32228,61797,32129
32234,61781,31866
32184,61799,32046
32159,61780,32201
32132,61767,32084
32016,61765,32223
32028,61765,32069
32064,61767,32044
32050,61761,31952
32077,61679,31803
32130,61671,32143
32157,61733,31810
32144,61747,31990
32172,61717,32143
32228,61703,32051
32214,61703,32151
32140,61635,32245
32148,61693,32211
32081,61703,32311
32068,61703,32259
32096,61687,32367
32060,61671,32287
31988,61701,32405
32004,61671,32325
32000,61667,32479
31976,61575,32338
32000,61575,32497
32032,61671,32366
31998,61623,32519
31948,61652,32401
31982,61623,32511
31989,61638,32422
31936,61638,32518
31921,61637,32455
31900,61597,32601
31844,61551,32465
31876,61621,32612
31961,61605,32481
32012,61607,32585
31980,61605,32511
32028,61516,32655
32076,61567,32541
32040,61591,32621
32030,61565,32567
32110,61549,32717
32096,61565,32591
32089,61527,32735
32158,61565,32598
32160,61559,32775
32164,61559,32638
32248,61543,32775
32260,61537,32669
32206,61439,32812
32212,61533,32680
32220,61527,32812
32152,61525,32701
32124,61495,32769
32140,61501,32717
32108,61503,32683
32088,61511,32710
32109,61503,32775
32168,61477,32720
32166,61485,32832
32135,61383,32751
32124,61405,32887
32149,61467,32433
32168,61447,32812
32216,61447,32756
32220,61447,32931
32102,61447,32635
32125,61431,32775
32160,61417,32797
32135,61427,32857
32196,61369,32966
32276,61404,32617
32276,61383,32756
32247,61391,32679
32296,61393,32747
32293,61359,32537
32305,61399,32775
32312,61379,32853
32289,61371,32890
32228,61351,33069
32184,61367,32548
32168,61340,32763
32081,61351,32933
32015,61367,32953
32020,61343,33101
32040,61349,32965
32056,61327,33044
32088,61255,32975
32118,61319,33108
31996,61317,32997
31777,61311,33143
31457,61283,32988
31072,61303,33021
30616,61307,32647
30094,61261,32948
29504,61303,32887
28901,61282,32946
28549,61191,33055
28449,61282,33054
28669,61255,33196
29193,61263,33054
29853,61245,33113
30520,61267,32998
31436,61231,33159
32320,61247,33059
33068,61255,32943
33516,61191,33189
34357,61274,32665
35776,61255,33055
37513,61191,33209
39233,61245,33101
40860,61229,33236
42284,61212,33086
43028,61231,33223
43088,61231,32821
42652,61211,33077
41863,61221,33092
40908,61223,33125
39828,61159,33217
38601,61221,33133
37324,61171,33281
36102,61186,33165
35036,61149,33269
34098,61159,32775
33404,61191,33007
32871,61191,33175
32458,61159,33188
32220,61169,33343
31988,61127,33197
31780,61167,33090
31630,61155,33181
31536,61124,33237
31380,61136,33370
31228,61132,33252
31200,61135,33349
31148,61125,33259
31069,61135,33181
31104,61031,33209
31108,61143,33287
31044,61117,33397
31056,61093,33070
31012,61095,33189
30924,61095,33301
30850,61089,33309
30864,61015,33444
30847,61093,33191
30873,61039,33273
30937,61063,33311
30937,61063,33339
30877,61063,33428
30924,61053,33335
31038,60967,33189
31085,61039,33327
31065,61053,33325
31100,61031,33431
31141,61031,33324
31160,60935,33287
31196,61039,33310
31207,61021,33365
31132,61015,33476
31133,61001,33372
31127,60991,33495
31124,60892,33333
31136,61005,33216
31201,60935,33303
31205,60997,33318
31236,60935,33411
31340,60959,33379
31404,60975,33324
31364,60967,33319
31348,60863,33379
31386,60935,33479
31380,60935,33375
31348,60951,33508
31335,60864,33135
31380,60935,33243
31350,60935,33494
31474,60919,32975
31482,60845,33259
31468,60887,33367
31453,60917,33333
31517,60911,33409
31500,60883,33356
31474,60909,33486
31504,60887,33371
31508,60807,33369
31548,60866,33401
31644,60879,33350
31700,60871,33271
31660,60859,33489
31609,60855,32914
31636,60807,33159
31557,60831,33409
31521,60839,33348
31548,60847,33405
31573,60836,33083
31684,60807,33153
31821,60839,33207
31920,60823,33229
31917,60767,33206
31908,60781,33135
31901,60805,33253
31862,60775,33241
31824,60789,33303
31862,60792,33255
31856,60797,33357
31904,60784,33282
31920,60755,33413
31981,60795,33082
31962,60767,33287
31921,60753,33373
31941,60757,33181
31892,60679,33235
31892,60661,33320
31992,60732,33262
32076,60751,33343
32100,60733,33166
32108,60726,33093
32138,60727,33332
32120,60719,33185
32105,60711,33265
32154,60701,33181
32144,60711,33124
32104,60655,33127
32184,60707,33156
32202,60669,33206
32180,60707,33173
32253,60679,33323
32320,60591,33197
32300,60679,33309
32292,60663,32765
32298,60655,32991
32270,60611,33066
32260,60661,33079
32312,60641,33085
32365,60660,32970
32404,60655,32989
32484,60647,33037
32524,60551,32709
32487,60631,33252
32485,60645,33132
32532,60623,33202
32532,60615,33093
32544,60615,33045
32564,60605,33111
32612,60615,33099
32636,60535,33229
32708,60527,33084
32780,60511,32980
32725,60511,33229
32640,60583,33092
32578,60583,33039
32501,60591,32925
32500,60579,32753
32521,60579,33188
32524,60568,32925
32476,60575,33051
32465,60569,33095
32481,60551,32984
32344,60551,33057
32256,60551,33153
32216,60471,32932
32159,60541,33053
32100,60477,33157
32033,60444,33015
31960,60543,33066
31951,60535,32956
31973,60525,32853
31980,60519,32887
31926,60517,32935
31877,60508,32879
31941,60471,32981
31900,60511,33062
31884,60500,33055
31952,60511,32783
31966,60495,33164
31946,60496,33056
31998,60485,33111
32032,60479,33007
31982,60483,32859
31956,60477,33045
31972,60375,32721
31956,60463,32991
31880,60468,33025
31916,60447,33040
31968,60455,33053
32005,60461,32935
32058,60359,33000
32100,60375,33001
32072,60423,32871
32044,60423,33165
32085,60413,32705
32085,60423,33048
32070,60359,32859
32140,60415,33157
32172,60423,33077
32148,60423,33199
32194,60423,33123
32256,60399,33218
32272,60372,32848
32229,60380,33047
32241,60279,32844
32250,60388,33053
32220,60340,33043
32252,60365,33132
32253,60375,32775
32228,60287,33137
32246,60352,33121
32332,60352,33230
32332,60359,33159
32281,60341,33271
32313,60326,33159
32277,60327,33171
32241,60275,33158
32289,60341,33108
32262,60321,32997
32244,60324,32835
32276,60327,33007
32324,60223,32969
32316,60311,32999
32310,60295,32961
32337,60279,33097
32348,60276,33124
32340,60199,33167
32372,60259,33316
32388,60277,33199
32352,60274,33333
32397,60263,32775
32405,60253,33160
32416,60231,33073
32340,60244,33055
32376,60233,32863
32374,60229,33207
32328,60245,33031
32349,60231,33063
32373,60231,32827
32368,60231,33121
32424,60196,33278
32439,60221,33204
32452,60211,33357
32412,60199,33207
32404,60189,33083
32392,60197,33392
32369,60191,33253
32380,60100,33305
32388,60202,33269
32392,60207,33214
32413,60197,33183
32451,60165,33259
32428,60167,33397
32421,60119,33252
32437,60135,33388
32412,60141,33295
32392,60161,33415
32400,60151,33309
32412,60135,33401
32404,60135,33296
32468,60108,33448
32492,60135,32951
32468,60127,33265
32454,60117,33361
32480,60061,33343
32503,60103,33463
32475,60087,33311
32448,60100,33485
32464,60115,33353
32500,60103,33492
32496,60076,33353
32556,60023,33500
32510,60039,33341
32502,60087,33351
32497,60063,32983
32446,60071,33276
32448,60071,33316
32473,60005,33209
32548,60039,33380
32572,60071,33391
32597,60061,33527
32616,60039,33393
32549,60039,33511
32513,60039,32974
32492,59975,33226
32457,60039,33388
32413,60031,33410
32425,60037,33423
32424,60029,33341
32399,59935,33395
32408,60031,33415
32420,60031,33565
32372,60023,33383
32312,60012,33332
32350,60013,33373
32368,59997,33433
32366,59997,33533
32457,59999,33415
32537,59991,33428
32548,59993,33055
32560,60007,33276
32597,59989,33271
32568,59991,33263
32556,59937,33431
32620,59943,33451
32660,59973,33506
32636,59879,33324
32728,59975,33435
32828,59956,33587
32804,59873,33105
32844,59981,33403
32880,59957,33575
32817,59865,33069
32764,59957,33369
32781,59949,33436
32726,59933,33447
32638,59895,33583
32640,59911,33031
32668,59932,33351
32649,59911,33551
32716,59941,33441
32768,59911,33529
32793,59871,33407
32748,59911,33263
32764,59895,33433
32780,59892,33447
32704,59887,33538
32748,59903,33373
32822,59884,33364
32797,59895,33473
32821,59808,33435
32862,59895,33451
32849,59887,33425
32800,59873,33452
32776,59863,33004
32720,59849,33391
32664,59815,33363
32725,59871,33415
32806,59855,33471
32783,59783,33117
32816,59861,33243
32840,59833,33437
32840,59847,33415
32790,59828,33495
32801,59759,33407
32776,59815,33410
32701,59827,33276
32712,59735,33343
32764,59828,33403
32737,59799,33540
32754,59823,33196
32784,59795,33277
32698,59805,33423
32436,59717,33403
32119,59781,33028
31756,59744,33285
31332,59751,33372
30818,59783,33389
30311,59783,33453
29737,59687,32943
29392,59783,33333
29316,59775,33151
29484,59735,33197
29921,59759,33278
30530,59750,33301
31164,59764,33325
31948,59759,33269
32735,59751,33293
33404,59751,33296
33832,59677,33423
34704,59775,33343
36228,59751,33383
38039,59749,33348
39768,59736,33415
41392,59741,33341
42812,59735,33445
43516,59679,33333
43564,59735,33377
43132,59751,33271
42328,59717,33306
41304,59735,33189
40228,59719,33159
38996,59721,33145
37631,59714,33329
36488,59695,33314
35487,59646,33347
34585,59716,33298
33856,59727,33415
33392,59700,33287
33041,59707,33188
32777,59714,33253
32588,59604,33287
32436,59597,33253
32292,59635,33205
32196,59655,33059
32028,59687,33145
31866,59655,33265
31789,59669,33284
31808,59655,33271
31765,59591,33316
31716,59687,33303
31721,59655,33092
31703,59655,33317
31636,59647,33455
31657,59645,33325
31640,59551,33452
31577,59586,33007
31568,59653,33183
31597,59645,33157
31576,59641,33283
31634,59629,33318
31672,59631,33247
31660,59527,33026
31599,59606,33399
31630,59619,33377
31628,59623,33500
31620,59612,33380
31596,59621,33469
31636,59564,33377
31630,59587,33347
31638,59591,33381
31708,59591,33405
31720,59591,33535
31713,59500,33407
31724,59559,33357
31709,59580,33356
31717,59583,33415
31744,59585,33425
31821,59581,33283
31813,59574,33157
31845,59565,33462
31876,59561,33358
31864,59557,33531
31816,59564,33412
31864,59457,33479
31884,59556,33407
31876,59521,33486
31860,59549,33397
31896,59543,33381
31880,59527,33463
31881,59519,33381
31944,59526,33452
31972,59517,33345
31927,59527,33425
31986,59503,33391
31972,59524,33453
31904,59508,33376
31936,59423,33484
31989,59522,33373
32021,59527,33474
32052,59511,33352
32128,59501,33351
32141,59508,33279
32095,59495,33307
32117,59399,33177
32141,59396,32999
32133,59431,33439
32140,59461,33350
32180,59477,33303
32152,59485,33391
32133,59437,33355
32208,59479,33287
32257,59475,33350
32232,59471,33311
32238,59460,33268
32272,59455,33200
32188,59454,32949
32180,59455,33447
32196,59453,33301
32212,59364,33392
32245,59439,33260
32320,59445,32935
32349,59392,33455
32357,59399,33263
32410,59399,32949
32392,59433,33441
32326,59439,33111
32313,59431,33308
32380,59439,33345
32398,59428,33213
32422,59391,32908
32480,59399,33369
32528,59399,32847
32495,59399,33413
32522,59389,33271
32577,59388,33304
32572,59399,33231
32605,59393,33219
32650,59331,33239
32628,59317,33287
32660,59311,33194
32732,59399,33239
32760,59399,33191
32758,59389,33191
32752,59381,33115
32727,59351,33137
32678,59367,33167
32729,59367,33231
32850,59367,33332
32876,59373,33255
32908,59375,33359
32984,59335,33229
32989,59303,33380
32926,59301,33231
32954,59271,33191
32968,59316,33135
32952,59359,33241
32988,59361,33317
33030,59358,33175
33008,59363,33220
33047,59348,33362
33068,59346,33212
33025,59321,33253
32952,59320,33173
32918,59327,33175
32924,59319,33145
32876,59323,32871
32820,59316,33325
32805,59319,33215
32728,59316,33170
32708,59319,33062
32724,59323,32839
32628,59313,33329
32570,59303,33133
32556,59300,33236
32524,59276,33174
32433,59301,33369
32312,59309,33210
32318,59303,33255
32307,59312,33229
32326,59303,33224
32407,59287,33166
32385,59271,33028
32318,59271,33311
32316,59271,33196
32296,59271,33180
32276,59271,32869
32292,59277,33177
32337,59196,33231
32324,59207,33349
32328,59231,33211
32384,59195,33005
32385,59221,33358
32357,59271,33234
32402,59223,33377
32416,59239,33232
32409,59247,33169
32340,59263,33319
32382,59241,33239
32388,59255,33287
32443,59252,33104
32544,59239,32961
32586,59239,33382
32565,59247,33239
32555,59233,33349
32557,59231,33229
32520,59239,33183
32532,59231,33143
32584,59173,32861
32590,59223,33316
32617,59143,33235
32676,59231,33358
32667,59229,33213
32616,59220,33374
32660,59215,33247
32620,59207,33217
32574,59215,33137
32576,59143,33029
32636,59215,33087
32624,59197,33241
32640,59213,33263
32644,59207,33287
32665,59122,33238
32644,59207,33246
32664,59195,33262
32688,59189,33399
32624,59191,33241
32648,59185,33201
32734,59183,33117
32732,59143,33283
32756,59127,33364
32804,59191,33263
32809,59183,33201
32796,59183,33415
32776,59165,33279
32729,59157,33341
32689,59172,33267
32702,59095,33287
32820,59078,33199
32862,59143,33270
32816,59175,33429
32834,59165,33295
32848,59143,33347
32821,59143,33273
32864,59143,33318
32872,59079,33254
32823,59124,33326
32800,59143,33228
32866,59133,33237
32824,59142,33353
32840,59143,33315
32908,59143,33405
32944,59125,33285
32908,59111,33318
32929,59103,33151
32949,59111,32901
32912,59107,33465
32968,59109,33341
33048,59111,33351
33001,59116,33150
33013,59087,33039
33095,59111,33287
33133,59111,33346
33076,59111,33346
33086,59103,33192
33113,59071,33343
33076,59069,33265
33065,59045,33342
33160,59059,33295
33166,59079,33430
33164,59095,33332
33228,59052,33323
33246,59052,33147
33220,59074,33277
33198,59066,33273
33221,59078,32923
33189,59070,33439
33193,58983,33199
33246,59039,33031
33216,59031,33347
33173,59068,32896
33199,59060,33339
33230,59061,33327
33184,59055,33447
33212,59045,33283
33256,59039,33057
33244,59047,33477
33212,59015,33347
33208,59039,33240
33188,59015,33389
33200,59039,33345
33236,59036,33431
33281,58951,33309
33232,58937,32951
33246,58956,33488
33296,59029,33347
33306,59025,33373
33344,59029,33217
33396,59015,33149
33412,59015,33275
33437,59015,32957
33536,59013,33515
33556,59009,33369
33564,59015,33388
33610,58993,33223
33624,58907,32999
33602,59005,33305
33648,59015,33351
33728,58999,33463
33716,59007,33369
33718,59004,33468
33760,58997,33382
33844,58991,33408
33800,58991,33251
33808,58991,33157
33836,58967,33537
33764,58978,33391
33728,58887,33396
33796,58887,33327
33840,58949,33375
33857,58957,33462
33968,58925,33217
33996,58887,33009
33972,58979,33400
33996,58941,33411
33996,58887,33399
33952,58869,33241
33940,58887,33413
34012,58876,33447
34084,58879,33341
34129,58909,33251
34184,58911,33509
34220,58884,33385
34198,58924,33363
34224,58887,33543
34240,58943,33413
34181,58942,33549
34165,58921,33415
34238,58917,33359
34284,58931,33239
34304,58941,33279
34360,58943,33435
34388,58919,33076
34360,58943,33436
34404,58909,33287
34464,58909,33236
34404,58917,33535
34388,58925,33387
34503,58919,33207
34489,58917,33427
34468,58853,33316
34412,58887,33341
34209,58917,33311
33886,58916,33303
33527,58907,33028
33128,58887,33564
32536,58909,33444
31952,58887,33588
31512,58887,33461
31277,58887,33471
31272,58887,33333
31669,58887,33052
32258,58863,33525
32792,58887,33378
33480,58887,33119
34388,58887,33585
35168,58887,33469
35777,58887,33513
36436,58909,33303
37556,58911,33106
39136,58909,33557
40868,58885,33021
42596,58885,33457
44089,58880,33364
45308,58823,33423
45796,58887,33511
45676,58861,33465
45152,58881,33569
44332,58884,33414
43276,58884,33471
42104,58833,33471
40908,58887,33604
39716,58855,33097
38592,58887,33377
37649,58865,33497
36872,58841,33463
36192,58884,33608
35742,58880,33481
35469,58871,33441
35228,58821,33423
35065,58883,33477
35000,58875,33605
34948,58869,33453
34806,58833,33337
34716,58855,33445
34660,58855,33435
34560,58855,33457
34498,58855,33508
34540,58855,33548
34568,58777,33490
34540,58861,33589
34601,58869,33532
34604,58855,33567
34632,58807,33383
34640,58820,33389
34664,58835,33439
34636,58743,33524
34600,58842,33539
34641,58823,33668
34668,58842,33319
34717,58757,33486
34816,58845,33477
34864,58833,33435
34864,58815,33287
34860,58823,33415
34880,58823,33377
34854,58820,33628
34848,58746,33167
34896,58829,33398
34912,58829,33517
34944,58820,33404
34997,58823,33548
35028,58815,33407
35028,58815,33434
35038,58814,33717
35044,58805,33589
35032,58805,33533
35077,58807,33458
35172,58799,33260
35208,58813,33711
35240,58807,33574
35305,58807,33599
35348,58807,33431
35329,58805,33269
35316,58807,33695
35334,58799,33587
35339,58796,33551
35300,58807,33561
35360,58791,33598
35384,58805,33399
35334,58807,33463
35428,58813,33598
35503,58799,33579
35542,58796,33575
35592,58799,33525
35620,58791,33585
35600,58793,33561
35589,58797,33407
35672,58791,33589
35680,58759,33501
35657,58823,33716
35696,58807,33516
35724,58791,33513
35705,58804,33580
35742,58783,33559
35768,58776,33518
35792,58758,33383
35792,58717,33522
35864,58711,33639
35880,58715,33506
35877,58751,33501
35928,58775,33353
35942,58791,33212
35940,58759,33618
35925,58727,33511
35982,58695,33467
35924,58695,33334
35927,58719,33099
36018,58791,33635
36028,58759,33493
35984,58721,33542
36052,58727,33446
36116,58736,33455
36028,58759,33343
36053,58759,33063
36128,58759,33569
36060,58780,33445
36042,58775,33375
36098,58703,33561
36125,58791,33325
36093,58789,33433
36172,58783,33519
36236,58777,33255
36216,58791,33436
36228,58783,33565
36292,58772,33399
36270,58781,33327
36264,58783,33391
36316,58767,33398
36373,58783,33349
36324,58791,33252
36372,58789,33135
36444,58781,33511
36412,58789,33367
36438,58780,33319
36476,58759,33287
36441,58783,33355
36408,58783,33357
36429,58783,33182
36468,58784,33293
36440,58791,33295
36494,58783,33321
36540,58781,33479
36524,58785,33279
36484,58775,33047
36516,58783,33477
36488,58783,33325
36494,58781,33276
36504,58757,33457
36516,58797,33223
36446,58797,33287
36417,58784,33381
36412,58783,33293
36329,58783,33265
36260,58777,32893
36244,58781,33299
36192,58797,33172
36106,58757,33284
36108,58711,33325
36092,58796,33415
36009,58801,33278
36025,58790,33045
35992,58781,33248
35893,58813,33425
35839,58815,33253
35820,58747,33317
35692,58743,33073
35596,58749,33418
35612,58759,33303
35612,58733,33228
35588,58775,33359
35609,58812,33303
35601,58813,33252
35537,58812,33271
35504,58807,33283
35525,58787,33444
35472,58735,33287
35441,58820,33241
35474,58821,33216
35492,58837,33273
35468,58823,33447
35488,58832,33309
35548,58823,33052
35493,58832,33405
35449,58823,32900
35445,58823,33383
35376,58823,33287
35344,58833,33115
35396,58804,33458
35452,58831,33305
35413,58826,33250
35429,58820,33343
35480,58855,33339
35432,58837,33473
35439,58839,33337
35460,58837,33444
35400,58831,33318
35376,58863,33261
35407,58871,33431
35388,58887,33342
35372,58887,33425
35409,58879,33324
35428,58863,33317
35384,58871,33197
35292,58883,33101
35305,58855,33477
35272,58860,33301
35233,58887,32995
35237,58884,33517
35240,58860,33375
35204,58887,33405
35254,58927,33327
35285,58908,33321
35258,58917,33511
35229,58861,33407
35197,58869,33383
35125,58827,33305
35072,58885,32999
35076,58932,33402
35092,58941,33007
35040,58927,33541
35109,58941,33420
35128,58941,33436
35104,58951,33260
35038,58951,33417
35061,58951,33581
35036,58935,33415
34989,58932,33582
34980,58959,33463
34992,58975,33517
34948,58973,33420
34948,58975,33311
34991,58957,33568
34996,58972,33483
34977,58975,33625
34951,58982,33503
34910,58991,33559
34840,58991,33431
34868,59007,33444
34900,59015,33612
34858,58951,33517
34832,59015,33651
34824,59015,33463
34800,59028,33175
34744,59020,33635
34701,59029,33540
34668,59015,33652
34634,59015,33517
34700,59047,33428
34764,59047,33700
34724,59069,33561
34712,59015,33583
34712,59005,33567
34677,59076,33594
34617,59055,33541
34597,59052,33413
34543,59063,33597
34464,59061,33575
34476,59073,33637
34484,59103,33541
34481,59073,33602
34496,59111,33607
34538,59106,33435
34454,59117,33261
34404,59123,33716
34400,59119,33567
34401,59127,33476
34340,59143,33716
34332,59143,33604
34336,59143,33537
34336,59172,33667
34352,59183,33575
34394,59191,33185
34352,59143,33643
34265,59100,33482
34232,59124,33252
34177,59181,33732
34128,59213,33467
34140,59207,33543
34132,59143,33676
34124,59143,33596
34160,59239,33527
34176,59237,33771
34108,59239,33591
34085,59245,33573
34080,59245,33499
34052,59173,33363
33989,59199,33753
34012,59201,33636
34008,59265,33612
33944,59207,33447
33928,59229,33639
33956,59231,33685
33860,59223,33460
33805,59223,33644
33760,59231,33761
33644,59220,33631
33536,59263,33575
33561,59271,33530
33608,59271,33635
33568,59325,33786
33559,59367,33667
33540,59391,33743
33480,59391,33655
33369,59367,33618
33375,59383,33623
33332,59397,33669
33312,59415,33671
33412,59429,33561
33497,59447,33277
33498,59453,33591
33528,59461,33611
33544,59463,33785
33526,59455,33577
33481,59391,33671
33472,59399,33837
33484,59430,33663
33504,59519,33686
33596,59511,33655
33632,59527,33795
33612,59543,33690
33636,59557,33415
33671,59564,33713
33632,59573,33700
33566,59567,33841
33556,59495,33715
33512,59591,33839
33448,59598,33703
33440,59607,33839
33410,59613,33677
33341,59628,33815
33332,59591,33660
33357,59623,33655
33324,59603,33711
33310,59636,33711
33282,59583,33565
33284,59655,33717
33228,59687,33609
33216,59695,33815
33204,59711,33639
33156,59719,33638
33176,59645,33618
33204,59719,33671
33148,59747,33660
33084,59753,33628
33092,59735,33509
33023,59759,33657
32921,59769,33655
32884,59783,33651
32896,59799,33823
32906,59743,33671
32912,59799,33621
32928,59839,33590
32865,59843,33681
32809,59832,33647
32788,59847,33485
32737,59855,33475
32693,59879,33625
32724,59799,33667
32748,59861,33783
32669,59911,33671
32576,59911,33703
32588,59911,33657
32547,59911,33769
32448,59895,33233
32328,59937,33661
32040,59932,33271
31606,59967,33580
31216,59911,33607
30753,59911,33489
30117,60007,33574
29496,59999,33543
29033,60007,33234
28780,60028,33796
28786,60031,33663
29229,59935,33764
29766,59967,33645
30285,59975,33599
31020,59983,33520
31937,60027,33625
32732,60095,33763
33285,60127,33671
33993,60110,33785
35173,60135,33657
36737,60143,33700
38413,60144,33609
39920,60167,33607
41244,60167,33620
42200,60191,33239
42469,60197,33708
42160,60214,33663
41512,60207,33738
40621,60163,33625
39488,60205,33636
38280,60259,33621
37071,60271,33569
35849,60269,33511
34684,60275,33588
33777,60295,33551
33080,60212,33575
32476,60289,33669
32036,60343,33655
31736,60335,33821
31495,60341,33700
31228,60327,33764
31100,60349,33676
30956,60344,33671
30801,60365,33530
30682,60375,33618
30636,60391,33589
30564,60399,33621
30556,60406,33592
30524,60421,33489
30436,60423,33853
30327,60423,33671
30340,60423,33839
30276,60423,33703
30172,60352,33693
30156,60469,33707
30168,60469,33741
30144,60487,33855
30185,60503,33655
30176,60501,33454
30116,60517,33891
30052,60511,33732
30060,60519,33717
29980,60533,33735
29917,60551,33764
29948,60549,33605
29988,60565,33903
29972,60577,33709
30016,60583,33535
30117,60595,33923
30113,60607,33788
30032,60611,33893
29992,60603,33733
30002,60621,33737
29968,60631,33612
29960,60655,33543
29988,60656,33927
29920,60667,33796
29892,60679,33724
29962,60679,33849
29938,60711,33795
29888,60639,33937
29932,60625,33785
29924,60711,33543
29900,60671,33839
29914,60743,33799
29976,60713,33756
29941,60783,33665
29996,60719,33783
30040,60707,33957
30022,60695,33815
29932,60781,33695
29928,60784,33772
29888,60807,33388
29840,60807,33905
29842,60821,33821
29928,60837,33772
29889,60863,33959
29892,60850,33813
29908,60859,33892
29968,60871,33789
29952,60791,33908
29956,60793,33837
29984,60845,33874
29949,60911,33724
29945,60919,33821
30044,60919,33919
30028,60935,33749
30060,60935,33565
30120,60935,33799
30164,60948,33823
30152,60972,33969
30202,60975,33829
30184,60980,33709
30148,60987,33967
30184,61007,33813
30228,60989,33844
30232,61022,33670
30252,61039,33721
30308,61031,33671
30252,61039,33749
30164,61053,33719
30220,61044,33396
30221,61052,33959
30212,61063,33799
30234,61079,33807
30321,61060,33723
30348,61023,33762
30428,61031,33761
30544,61047,33807
30573,61037,33679
30565,61031,33715
30609,61052,33627
30648,61094,33703
30625,61079,33788
30697,61061,33767
30764,61103,33819
30745,61181,33676
30808,61188,33773
30914,61191,33847
30944,61191,33687
30896,61191,33737
30985,61117,33692
31040,61167,33669
31077,61220,33623
31140,61247,33412
31224,61236,33534
31268,61255,33636
31328,61247,33613
31376,61267,33663
31420,61191,33663
31396,61231,33763
31428,61211,33653
31426,61191,33628
31448,61297,33674
31540,61295,33711
31610,61310,33661
31648,61319,33667
31662,61319,33527
31712,61237,33597
31716,61247,33565
31728,61316,33404
31778,61347,33748
31828,61341,33635
31740,61311,33613
31700,61379,33613
31724,61383,33586
31664,61399,33454
31604,61391,33629
31585,61404,33607
31524,61366,33762
31460,61379,33615
31486,61319,33511
31400,61413,33645
31314,61371,33602
31312,61340,33734
31360,61395,33616
31314,61447,33535
31278,61447,33753
31274,61363,33191
31242,61405,33633
31177,61376,33625
31197,61447,33576
31225,61479,33538
31198,61397,33541
31190,61446,33517
31212,61509,33198
31224,61519,33519
31296,61505,33574
31333,61511,33732
31332,61525,33619
31280,61527,33677
31300,61525,33559
31317,61535,33423
31300,61543,33749
31342,61447,33607
31385,61509,33599
31396,61535,33476
31420,61574,33623
31461,61564,33591
31484,61575,33573
31456,61575,33447
31489,61575,33585
31496,61543,33743
31490,61573,33620
31493,61575,33575
31580,61607,33567
31552,61623,33594
31565,61623,33721
31648,61615,33589
31630,61636,33639
31631,61637,33603
31676,61645,33649
31672,61647,33591
31620,61639,33579
31653,61650,33526
31720,61588,33608
31737,61684,33559
31746,61639,33607
31790,61671,33575
31829,61671,33578
31792,61575,33466
31829,61635,33637
31832,61679,33785
31796,61700,33647
31820,61703,33599
31929,61703,33783
31972,61703,33622
32000,61703,33337
32066,61733,33765
32048,61669,33668
32036,61703,33635
31996,61703,33508
31997,61703,33652
31985,61695,33660
32052,61748,33776
32151,61724,33663
32167,61749,33605
32196,61764,33827
32224,61775,33554
32249,61767,33303
32225,61775,33855
32304,61765,33660
32340,61740,33647
32360,61769,33837
32456,61775,33703
32568,61781,33564
32565,61782,33799
32622,61791,33721
32618,61799,33523
32608,61799,33813
32544,61799,33711
32572,61799,33663
32597,61799,33761
32561,61813,33743
32576,61823,33745
32553,61731,33636
32582,61799,33573
32648,61847,33839
32684,61831,33746
32685,61823,33764
32616,61831,33567
32636,61821,33493
32685,61751,33764
32670,61815,33727
32712,61851,33775
32801,61851,33821
32804,61831,33349
32832,61847,33878
32836,61855,33725
32879,61859,33687
32856,61767,33609
32920,61818,33348
32970,61844,33808
32906,61853,33733
32976,61861,33842
33057,61860,33750
33046,61869,33701
33060,61876,33692
33125,61807,33671
33152,61874,33585
33164,61877,33492
33200,61871,33775
33237,61876,33753
33189,61864,33844
33164,61876,33751
33198,61873,33737
33236,61895,33724
33254,61895,33767
33325,61891,33882
33388,61872,33724
33420,61895,33798
33415,61831,33767
33373,61895,33876
33332,61903,33796
33392,61897,33443
33496,61900,33956
33580,61911,33637
33608,61817,33839
33670,61831,33841
33680,61813,33799
33676,61876,33823
33681,61911,33956
33669,61895,33676
33668,61831,33845
33660,61863,33423
33688,61823,33916
33708,61895,33710
33728,61932,33437
33783,61925,33951
33820,61925,33865
33740,61919,34004
33749,61917,33865
33756,61919,33852
33708,61925,33796
33692,61933,33871
33732,61927,33781
33754,61933,33847
33816,61935,33849
33856,61924,33877
33866,61927,33885
33744,61891,33479
33712,61933,33977
33676,61927,33879
33660,61943,33854
33636,61940,33828
33633,61884,33808
33632,61935,33887
33560,61943,33885
33560,61935,33917
33564,61943,33857
33576,61943,33573
33584,61932,34001
33596,61841,33887
33513,61940,33953
33486,61863,33839
33508,61883,33843
33500,61959,33796
33508,61959,33839
33591,61959,33827
33588,61959,33907
33496,61951,34015
33500,61941,33902
33524,61940,33936
33516,61943,33899
33551,61959,33999
33618,61865,33860
33600,61932,33926
33620,61959,33873
33677,61927,33913
33692,61959,33837
33684,61959,33619
33714,61949,34052
33709,61949,33888
33647,61868,33855
33644,61948,33995
33670,61895,33927
33604,61935,34031
33532,61959,33895
33586,61959,33903
33620,61957,33927
33610,61949,34072
33696,61855,33924
33757,61852,34029
33710,61948,33919
33700,61943,34077
33741,61951,33924
33692,61949,34054
33732,61959,33941
33785,61877,34012
33796,61870,33937
33737,61959,34037
33671,61932,33933
33692,61935,34085
33640,61927,33940
33608,61927,33873
33632,61949,34055
33648,61951,33927
33680,61887,34000
33703,61932,33948
33676,61935,33901
33609,61940,33914
33602,61919,33943
33557,61933,33852
33531,61940,33775
33568,61940,33881
33656,61927,33909
33632,61927,34005
33613,61935,33967
33624,61927,34053
33572,61865,33956
33492,61924,33966
33383,61919,33816
33237,61842,33775
32916,61895,34053
32597,61916,33943
32284,61917,34064
31805,61917,33863
31261,61927,33961
30680,61917,34055
30146,61917,33799
29776,61861,33730
29776,61863,33940
30144,61895,33854
30657,61895,33799
31220,61893,33883
32004,61895,33983
32942,61831,33951
33784,61919,34093
34405,61925,33980
35084,61919,33920
36196,61927,33880
37740,61895,33565
39300,61895,34138
40772,61917,33993
42160,61905,33935
43252,61925,34087
43614,61863,34011
43445,61925,34135
42928,61927,33923
42076,61916,33573
40984,61917,34121
39828,61911,33948
38592,61911,33964
37340,61871,33927
36244,61911,33966
35349,61899,33842
34524,61909,33831
33940,61919,33987
33540,61895,33618
33237,61895,34167
32982,61888,34028
32789,61831,34033
32617,61860,33853
32452,61876,33663
32334,61882,34092
32238,61791,33737
32126,61823,34063
32041,61877,34044
32015,61873,34199
31997,61844,34037
31972,61859,34093
31933,61852,34023
31968,61847,34044
31921,61765,34054
31895,61826,34097
31970,61829,34078
32008,61855,34020
32004,61767,33835
32048,61858,33927
32014,61831,34063
31969,61831,34092
31992,61748,34217
32031,61831,34065
31990,61812,34055
31970,61831,34010
31982,61831,33957
32012,61781,33765
32000,61831,34055
31998,61821,34048
32032,61823,33988
31996,61735,34089
32012,61732,33943
32076,61773,33705
32040,61815,34230
32033,61779,34119
32084,61791,34261
32100,61815,34139
32060,61724,34212
32126,61784,34115
32168,61799,34103
32177,61785,33951
32188,61783,34117
32260,61783,34255
32224,61775,34111
32173,61773,34207
32212,61775,34108
32216,61693,34089
32229,61783,34052
32280,61735,34021
32348,61767,34001
32324,61773,34009
32296,61729,34036
32247,61732,34183
32204,61748,34087
32196,61750,34157
32309,61740,34022
32356,61657,33999
32340,61664,34190
32340,61725,34071
32384,61748,34165
32359,61732,33700
32340,61644,33955
32364,61703,34005
32384,61735,33935
32401,61727,34141
32476,61717,34030
32529,61679,34149
32544,61703,33983
32604,61703,34047
32653,61687,34164
32661,61703,34022
32664,61685,34180
32636,61693,34008
32672,61687,34116
32700,61607,33713
32740,61637,34018
32760,61695,33663
32733,61687,33887
32789,61677,33966
32802,61671,33831
32788,61669,33981
32783,61660,34151
32836,61653,34011
32800,61669,34111
32796,61649,33991
32832,61655,33985
32848,61647,33884
32812,61659,33936
32893,61559,33846
32960,61650,33965
32948,61597,33972
32896,61629,33969
32865,61627,33907
32832,61573,33703
32792,61607,33883
32823,61607,33927
32856,61607,34023
32872,61604,33947
32988,61591,34045
33088,61527,33939
33108,61589,33903
33114,61572,33839
33118,61564,33745
33032,61575,33902
33040,61575,34016
33119,61487,33868
33191,61575,33855
33168,61575,33679
33176,61551,33927
33224,61541,33885
33231,61549,33997
33207,61539,33876
33244,61487,33944
33228,61543,33871
33229,61535,33879
33270,61527,33862
33300,61535,33879
33300,61535,33788
33328,61511,33772
33356,61447,33660
33286,61509,33780
33266,61495,33657
33272,61492,33559
33236,61495,33727
33116,61501,33783
33092,61487,33826
33068,61435,33775
33028,61493,33909
33016,61495,33799
33040,61471,33821
32996,61477,33647
32901,61447,33772
32860,61447,33927
32743,61447,33772
32604,61447,33938
32552,61447,33780
32476,61415,33823
32378,61422,33645
32377,61413,33707
32396,61438,33695
32384,61423,33780
32356,61421,33697
32357,61423,33727
32257,61417,33715
32196,61420,33553
32204,61420,33865
32236,61427,33639
32268,61423,33503
32365,61405,33831
32384,61312,33726
32340,61396,33687
32311,61395,33705
32304,61392,33876
32284,61396,33731
32257,61380,33870
32280,61372,33695
32285,61383,33652
32270,61383,33684
32296,61383,33711
32312,61348,33852
32348,61361,33727
32400,61343,33783
32440,61349,33727
32408,61343,33671
32360,61351,33556
32428,61340,33713
32400,61347,33854
32353,61263,33671
32372,61319,33557
32372,61332,33561
32292,61309,33461
32288,61317,33684
32336,61299,33543
32290,61308,33555
32208,61216,33568
32242,61275,33540
32276,61307,33604
32292,61283,33842
32340,61311,33727
32407,61295,33875
32421,61279,33309
32440,61266,33829
32484,61253,33729
32424,61262,33797
32373,61267,33671
32364,61167,33780
32380,61255,33724
32318,61247,33733
32369,61247,33447
32384,61245,33577
32362,61215,33695
32287,61233,33583
32300,61209,33773
32232,61211,33685
32206,61213,33663
32269,61119,33607
32336,61149,33435
32344,61209,33572
32388,61191,33476
32472,61183,33807
32475,61183,33703
32442,61183,33777
32444,61103,33503
32400,61175,33681
32352,61159,33830
32412,61157,33724
32452,61175,33708
32424,61173,33319
32469,61125,33689
32497,61133,33587
32484,61141,33717
32440,61044,33799
32440,61127,33719
32381,61127,33769
32364,61125,33740
32404,61116,33863
32433,61039,33730
32372,61095,33856
32382,61104,33701
32389,61095,33577
32388,61093,33723
32402,60983,33747
32413,61063,33852
32359,61060,33456
32341,61063,33570
32381,61055,33775
32392,60969,33737
32388,61053,33829
32388,61033,33319
32417,61037,33693
32404,61012,33841
32388,61041,33389
32369,61015,33627
32324,60933,33839
32300,61027,33327
32360,60999,33580
32430,61005,33719
32453,61013,33737
32521,61007,33892
32564,60997,33760
32548,60973,33895
32520,60919,33503
32541,60975,33717
32537,60967,33925
32503,60935,33763
32530,60919,33607
32510,60901,33887
32473,60949,33784
32488,60935,33927
32516,60935,33652
32485,60871,33663
32480,60919,33857
32518,60885,33797
32437,60903,33617
32416,60847,33919
32444,60908,33608
32434,60903,33809
32408,60900,33769
32472,60853,33829
32449,60895,33853
32488,60871,33765
32464,60867,33828
32488,60817,33927
32448,60861,33813
32396,60855,33663
32369,60857,33750
32428,60839,33785
32436,60749,33813
32452,60847,33963
32484,60827,33821
32497,60825,33967
32464,60764,33627
32493,60823,33817
32460,60791,33996
32408,60807,33839
32421,60801,33701
32442,60775,33895
32396,60792,33869
32397,60800,33889
32420,60781,33439
32399,60787,33871
32388,60764,33442
32394,60703,33881
32358,60765,33733
32300,60725,33726
32296,60737,33839
32336,60741,33861
32329,60679,33949
32324,60735,33866
32324,60679,33949
32288,60711,33911
32278,60711,34015
32269,60705,33483
32220,60711,33787
32188,60711,33949
32221,60603,33893
32260,60707,34001
32256,60679,33943
32252,60679,34021
32250,60663,33913
32231,60592,33965
32192,60666,33917
32184,60641,33925
32108,60635,33772
32072,60636,33756
32108,60647,33919
32104,60631,34062
32066,60620,33505
32084,60631,33820
32138,60635,33879
32029,60611,33850
32036,60525,33959
32031,60597,33934
32012,60607,33911
32000,60580,33903
32024,60583,33959
32056,60514,33951
32000,60589,33983
31976,60571,33960
32001,60551,33999
31996,60551,33889
31988,60486,33951
32030,60549,33949
32056,60543,34015
32059,60519,33944
32073,60505,33855
32124,60503,33853
32076,60533,33977
32108,60447,33972
32164,60509,34092
32180,60463,33988
32129,60487,34145
32100,60481,34012
32020,60477,34055
31932,60471,34005
31913,60463,34062
31928,60452,33989
31909,60452,34012
31928,60455,33884
31940,60444,33789
31924,60359,33863
31908,60391,33711
31940,60423,33988
31917,60407,33778
31886,60421,33873
31897,60373,33972
31940,60412,33999
31914,60406,34111
31968,60391,34041
32012,60383,34167
32012,60327,33773
31986,60367,33981
31976,60317,34023
31932,60359,33993
31886,60325,33997
31873,60343,34002
31916,60287,34055
31908,60328,33986
31934,60332,34021
31992,60317,33985
31994,60319,34095
31940,60207,34069
31961,60295,34211
31952,60292,34071
31916,60278,34183
31908,60276,34076
31857,60281,34161
31772,60291,34084
31768,60249,34093
31784,60263,33779
31696,60163,34012
31516,60229,34074
31248,60239,34077
30870,60231,34127
30388,60227,34089
29857,60133,34196
29312,60231,33983
28676,60215,34015
28252,60207,33821
28157,60201,34077
28276,60127,33804
28700,60199,34042
29332,60189,34079
29936,60143,34214
30782,60167,34071
31688,60160,34191
32533,60156,34095
33080,60125,34236
34016,60167,34093
35385,60167,34229
36964,60156,34109
38522,60148,34188
39980,60113,34048
41252,60129,33772
41966,60135,34215
42096,60129,34129
41789,60122,34228
41108,60061,34023
40201,60125,33687
39181,60131,34231
37992,60125,34077
36760,60109,33983
35616,60079,34013
34484,60079,33718
33502,60077,34213
32824,60072,34139
32372,60079,34219
31912,60071,34083
31649,60060,34089
31504,60060,33981
31352,60015,34053
31212,60053,33973
31140,60031,33731
31028,60039,34135
30936,60023,34124
30893,60028,34282
30864,60007,34111
30799,60015,34311
30806,59999,34141
30836,59999,34265
30768,59990,33751
30685,59965,34005
30685,59959,34123
30660,59953,34055
30588,59873,34133
30580,59957,34145
30644,59943,34333
30622,59855,34109
30628,59949,34210
30676,59911,34167
30721,59911,34209
30719,59911,34220
30772,59903,34236
30780,59908,34044
30748,59807,34221
30719,59893,34381
30769,59887,33836
30692,59876,34183
30740,59884,34322
30848,59879,34236
30828,59861,34396
30760,59846,34261
30771,59825,34252
30742,59847,34185
30677,59863,34279
30617,59831,34114
30674,59823,34223
30672,59783,34277
30692,59823,34429
30733,59814,33898
30765,59797,34148
30776,59693,34239
30824,59794,34255
30913,59783,34343
30888,59781,34311
30876,59769,34443
30880,59685,34277
30844,59768,34277
30828,59756,34041
30878,59749,34166
30880,59741,34278
30837,59638,34350
30824,59687,34452
30794,59719,34351
30756,59711,34489
30797,59688,34331
30808,59711,34324
30796,59613,34287
30740,59715,34308
30751,59687,34339
30808,59655,34335
30801,59655,34383
30864,59608,34379
30932,59617,34247
30944,59655,34382
30968,59652,34355
30993,59611,34508
30960,59655,34356
30932,59631,34361
30985,59636,34191
31061,59639,34301
31045,59607,34424
31132,59593,34357
31220,59565,34478
31164,59605,34327
31150,59591,34436
31237,59587,33884
31231,59589,34463
31245,59583,34284
31340,59567,34421
31385,59567,34271
31380,59567,34247
31381,59541,34113
31335,59495,34181
31224,59509,34100
31204,59527,34010
31200,59527,34188
31110,59519,34106
31144,59527,34149
31316,59517,34146
31298,59495,34156
31256,59501,34245
31310,59471,34147
31353,59476,34240
31285,59483,34131
31272,59431,34069
31322,59383,34014
31327,59479,33872
31348,59421,34241
31364,59461,34075
31492,59376,34193
31680,59455,34068
31904,59423,34153
32061,59421,34078
32073,59419,34213
32058,59399,34075
32076,59367,34023
32008,59423,33905
31972,59423,34031
32015,59399,34186
31952,59391,34063
31896,59375,34127
31903,59335,33833
31916,59292,34065
31889,59313,34010
31870,59381,33981
31912,59367,33913
31937,59355,33843
31936,59355,34156
32008,59339,34103
31976,59343,34116
31946,59329,34184
31932,59327,34089
31933,59335,34239
31836,59317,34125
31777,59315,34221
31761,59303,34151
31696,59315,34247
31672,59311,34164
31677,59271,34303
31613,59299,33780
31524,59271,34277
31432,59271,34193
31344,59271,34087
31246,59239,34190
31188,59255,34157
31218,59263,34175
31132,59199,34137
31124,59175,33983
31116,59213,34387
31097,59239,34330
31044,59231,34299
31044,59227,34510
31092,59197,34347
31116,59215,34063
31040,59207,34341
31064,59212,34267
31124,59207,34301
31066,59203,34099
31164,59183,34331
31244,59197,34493
31196,59167,34639
31071,59167,34535
31036,59071,34660
30876,59175,34578
30910,59164,34629
31012,59159,34552
31009,59159,34575
30967,59143,34492
31068,59107,34368
31092,59143,34548
30978,59130,34373
31000,59125,34541
31024,59125,34601
31004,59119,34695
31084,59100,34814
31110,59119,34947
31060,59023,35119
31110,59117,35429
31220,59093,35700
31276,59085,35815
31240,59015,35987
31282,59087,36277
31325,59071,36589
31252,59067,36703
31326,59031,36863
31364,59065,37292
31341,59061,36981
31265,59055,37671
31337,59031,37381
31413,59047,38207
31348,59031,38229
31389,59015,38596
31334,58983,38621
31312,59015,38837
31296,58959,38805
31345,59007,38679
31341,58996,39207
31362,59015,39351
31462,58999,39671
31460,58979,39751
31413,58973,39995
31444,58887,39996
31506,58975,40183
31420,58955,40284
31406,58963,40516
31550,58875,40469
31541,58965,40711
31541,58943,41045
31568,58940,41027
31540,58941,41215
31508,58869,41180
31532,58933,41447
31536,58903,41436
31508,58916,41751
31557,58884,41841
31622,58917,42031
31589,58911,42151
31513,58887,42372
31548,58887,42430
31572,58879,42685
31525,58884,42692
31536,58855,42855
31548,58815,42799
31540,58855,42995
31621,58879,43271
31676,58847,43369
31680,58815,43511
31695,58847,43285
31764,58759,43748
31791,58843,43916
31837,58837,43983
31844,58815,44143
31860,58823,44213
31818,58815,44327
31779,58807,44133
31789,58813,44477
31844,58717,44647
31832,58793,44740
31849,58806,44604
31908,58783,45072
31910,58791,45165
31945,58757,45388
31980,58730,45452
31896,58759,45559
31885,58676,45575
31948,58775,45631
31958,58759,45759
31961,58759,45783
32028,58663,46052
31984,58751,45721
31956,58737,46188
32017,58725,46381
32064,58727,46463
31992,58732,46049
31934,58711,46645
31997,58717,46680
32040,58719,46841
32029,58631,46970
32079,58709,46982
32024,58719,47056
31972,58693,47084
32020,58687,47143
32048,58691,47271
32004,58676,47346
32000,58681,47469
32009,58671,47540
31968,58621,47025
31929,58629,47721
31972,58679,47830
32024,58661,47833
32009,58631,47844
31972,58631,47977
32005,58631,48050
31908,58631,48155
31896,58561,48289
32016,58631,47743
32026,58631,48373
32069,58549,48413
32153,58604,48076
32161,58593,48660
32041,58524,48613
32066,58586,48697
32117,58591,48877
32092,58612,48966
32011,58599,49000
32076,58580,49023
32032,58503,48657
32028,58511,49231
32076,58595,49325
32004,58549,49305
31957,58575,49368
31936,58567,49543
31904,58495,49565
31828,58567,49671
31832,58564,49715
31852,58557,49780
31848,58559,49796
31840,58559,49903
31900,58543,49970
31908,58535,49893
31856,58527,50047
31918,58444,50111
31967,58531,50263
31906,58525,50261
31973,58519,50380
32084,58523,50460
32032,58527,50511
32028,58517,50523
32050,58429,50543
32108,58508,50673
31994,58503,50639
32102,58455,50732
32152,58479,50869
32154,58485,51005
32164,58413,51063
32140,58495,51133
32136,58488,51221
32152,58471,51281
32233,58471,51225
32288,58454,51407
32232,58469,51455
32208,58453,51551
32296,58375,51607
32256,58455,51700
32184,58439,51775
32196,58439,51837
32236,58439,51847
32256,58407,51719
32324,58439,51951
32339,58420,51431
32292,58426,52186
32304,58332,52250
32336,58407,52413
32348,58415,52483
32304,58388,52477
32388,58375,52559
32368,58359,52663
32341,58375,52743
32389,58388,52828
32408,58375,52828
32318,58375,52895
32329,58343,52917
32360,58364,53127
32332,58365,53191
32313,58300,53143
32360,58279,53317
32348,58367,53367
32345,58365,53319
32396,58343,53383
32396,58339,53383
32332,58341,53583
32320,58335,53537
32332,58309,53487
32292,58311,53631
32297,58325,53658
32342,58319,53751
32300,58324,53796
32240,58320,53783
32272,58299,53765
32244,58295,53717
32005,58287,53812
31690,58215,53821
31381,58286,53917
30980,58279,53956
30452,58279,53951
29948,58191,54015
29356,58275,54020
28844,58287,53975
28613,58213,53956
28631,58247,53503
28912,58263,54049
29424,58207,54005
29962,58157,54133
30642,58215,54095
31453,58247,53885
32213,58263,54092
32816,58247,54148
33868,58260,54125
35440,58247,54093
37240,58170,54041
38980,58261,54189
40624,58237,54182
42104,58236,54133
42920,58229,54137
42990,58239,54086
42648,58239,54095
41972,58199,53623
41020,58247,54041
39941,58239,53783
38752,58215,54047
37484,58215,53591
36292,58204,54143
35180,58215,54143
34188,58119,54113
33492,58223,54118
33036,58213,54111
32648,58197,54055
32364,58201,54013
32204,58111,53821
32088,58151,54060
31892,58191,53941
31724,58158,54053
31668,58156,53908
31548,58167,53967
31481,58141,53479
31480,58157,53877
31425,58159,53255
31392,58159,53895
31425,58143,53761
31421,58055,53895
31344,58047,53861
31356,58119,53767
31352,58119,53767
31264,58119,53677
31218,58109,53620
31236,58104,53068
31256,58108,53639
31266,58116,53599
31342,58023,53485
31368,58004,53383
31375,58015,53396
31388,58013,53357
31377,58036,53273
31370,58079,52743
31338,58077,53189
31404,58061,53101
31384,58063,53031
31382,58052,52895
31457,58068,52743
31504,58055,52775
31504,58055,52615
31488,57951,52631
31541,57953,52351
31542,57991,52391
31536,58028,52211
31584,58036,52215
31620,58038,52017
31580,58039,51927
31632,57991,51879
31692,58012,51748
31688,58005,51500
31696,57991,51516
31733,57989,51431
31670,57991,51191
31632,57991,51165
31684,57916,51024
31732,57951,50894
31728,57925,50729
31792,57959,50681
31837,57957,50517
31808,57991,50335
31780,57975,50293
31824,57959,50167
31829,57959,49949
31826,57955,49853
31882,57955,49671
31900,57956,49624
31866,57959,49495
31882,57948,49253
31941,57941,49123
31993,57935,49089
31996,57847,48851
32020,57879,48751
31980,57941,48519
31983,57918,48353
32028,57919,48193
32041,57919,48060
32052,57927,48015
32124,57858,47789
32116,57831,47647
32064,57823,47575
32085,57835,47331
32161,57831,47207
32125,57895,47100
32126,57885,46943
32144,57863,46749
32196,57863,46599
32212,57863,46493
32257,57863,46358
32300,57854,45919
32279,57780,46013
32346,57855,45935
32428,57863,45564
32435,57829,45444
32428,57855,45397
32521,57845,45293
32526,57844,45089
32545,57833,44918
32648,57847,44853
32680,57831,44647
32664,57735,44500
32716,57837,44355
32769,57821,44167
32733,57813,44039
32728,57813,43951
32740,57716,43803
32740,57821,43599
32672,57815,43541
32756,57807,43365
32837,57799,43211
32893,57813,43039
32956,57799,42989
33086,57775,42759
33113,57772,42540
33092,57780,42613
33165,57711,42295
33184,57797,42331
33172,57765,42017
33232,57775,41472
33282,57764,41892
33260,57759,41549
33288,57671,40846
33373,57671,41455
33392,57671,41085
33400,57719,41071
33423,57757,41149
33424,57735,40821
33414,57751,40873
33478,57663,40573
33533,57735,40555
33480,57733,40303
33454,57713,39910
33456,57703,40236
33376,57719,39943
33272,57663,39916
33285,57731,39645
33264,57703,39535
33196,57711,39407
33188,57621,39119
33105,57692,39005
33040,57701,39087
33020,57607,38501
33012,57687,38973
32952,57671,38740
32892,57687,38785
32888,57673,38513
32828,57695,38435
32796,57685,38335
32768,57665,38301
32756,57671,38087
32692,57583,38071
32687,57655,37878
32676,57639,37940
32608,57648,37699
32588,57567,37734
32608,57669,37461
32624,57643,37337
32644,57643,37369
32658,57637,37167
32732,57541,37043
32736,57645,37150
32729,57637,36503
32804,57607,36791
32804,57607,36670
32783,57607,36703
32817,57607,36540
32828,57559,36596
32818,57623,36375
32900,57607,36180
32949,57607,36141
32952,57607,36093
32932,57605,36172
32932,57575,35550
32892,57591,35740
32917,57509,35837
32982,57591,35718
32992,57596,35615
32992,57599,35485
33020,57591,35309
33048,57575,35329
33040,57573,35335
33081,57503,35219
33113,57549,35317
33055,57541,35133
33046,57542,35092
33072,57550,34599
33088,57551,34775
33072,57551,34619
33108,57533,34671
33126,57511,34727
33044,57535,34641
32976,57527,34597
33020,57479,34468
33020,57517,34255
32992,57523,33985
33050,57511,34223
33095,57478,34207
33124,57527,34237
33177,57511,34001
33252,57527,33997
33237,57493,34073
33232,57495,33831
33229,57497,33623
33180,57493,33771
33140,57421,33653
33160,57497,33551
33129,57490,33480
33092,57432,33491
33152,57493,33495
33240,57479,33028
33232,57422,33129
33210,57431,33243
33262,57460,33195
33241,57453,33279
33240,57462,33047
33221,57383,33011
33252,57477,32953
33216,57431,32973
33297,57455,32879
33360,57351,32869
33326,57447,32639
33306,57446,32348
33356,57431,32693
33312,57431,32423
33286,57379,32407
33287,57436,32455
33284,57420,32348
33292,57425,32194
33341,57423,32466
33416,57431,32327
33345,57431,32351
33285,57407,32311
33292,57381,32029
33252,57405,32062
33230,57387,31985
33276,57383,32023
33311,57416,32045
33277,57405,32063
33316,57343,32119
33393,57399,32017
33364,57379,32129
33364,57378,31820
33412,57301,31815
33384,57372,31939
33320,57351,31865
33333,57383,31769
33340,57316,31911
33304,57343,31781
33353,57375,31596
33376,57275,31711
33358,57367,31719
33343,57348,31821
33357,57342,31311
33317,57348,31532
33292,57311,31735
33328,57349,31445
33328,57343,31539
33293,57319,31653
33312,57351,31543
33390,57340,31355
33421,57255,31579
33420,57333,31487
33448,57311,31389
33353,57327,31375
33310,57293,31439
33344,57332,31543
33369,57335,31231
33320,57327,31332
33340,57317,31463
33381,57303,31191
33352,57236,31342
33312,57317,31337
33356,57301,31269
33308,57247,31252
33263,57303,31209
33264,57301,31375
33280,57255,31213
33292,57327,31031
33301,57303,31183
33293,57207,31159
33233,57295,31167
33176,57287,31018
33174,57287,31215
33137,57287,31069
33058,57204,31125
33071,57263,31199
33132,57252,30955
33089,57283,31085
33125,57245,31056
33180,57292,30979
33140,57276,31052
33121,57213,30852
33142,57260,31043
33121,57279,31005
33100,57238,31029
33152,57283,30924
33164,57284,30932
33128,57279,31081
33152,57268,30599
33212,57273,30821
33188,57268,30904
33192,57244,30961
33249,57252,30830
33232,57256,30889
33191,57244,30929
33232,57245,30930
33216,57195,30765
33196,57271,30869
33317,57255,31022
33420,57177,30517
33446,57244,30797
33433,57223,30981
33420,57223,30497
33358,57239,30775
33300,57223,30967
33308,57221,30836
33348,57231,30700
33306,57155,30790
33396,57236,30853
33448,57219,30789
33436,57223,30746
33412,57215,30837
33424,57207,30719
33424,57131,30813
33402,57223,30823
33420,57207,30828
33444,57161,30788
33392,57210,30680
33412,57151,30797
33444,57207,30607
33381,57199,30911
33364,57191,30771
33380,57182,30788
33353,57116,30626
33285,57201,30714
33281,57189,30774
33308,57199,30877
33252,57141,30524
33349,57172,30765
33389,57187,30575
33404,57191,30881
33416,57175,30537
33412,57165,30725
33373,57167,30685
33325,57175,30703
33357,57132,30743
33404,57151,30567
33364,57166,30695
33367,57095,30726
33320,57165,30581
33164,57126,30650
32892,57143,30721
32552,57135,30855
32150,57143,30431
31644,57140,30640
31132,57149,30852
30548,57124,30359
30013,57149,30575
29792,57151,30733
29848,57095,30716
30160,57131,30839
30688,57127,30687
31228,57041,30551
31884,57137,30636
32700,57127,30681
33532,57133,30727
34132,57095,30682
34976,57159,30702
36384,57141,30739
38008,57121,30832
39598,57060,30749
41076,57132,30869
42488,57112,30701
43348,57116,30727
43492,57124,30430
43212,57071,30574
42648,57139,30706
41766,57135,30772
40793,57127,30880
39644,57122,30759
38402,57121,30628
37196,57115,30758
36138,57108,30779
35173,57047,30907
34412,57068,30816
33896,57123,30913
33506,57084,30793
33206,57126,30769
33072,57029,30833
32959,57112,30855
32844,57093,30949
32697,57087,30503
32642,57071,31005
32529,57080,30890
32420,56996,31031
32404,57023,30909
32425,57095,31005
32334,57095,30948
32313,57079,31041
32303,57077,30975
32226,57063,30983
32188,57035,31005
32165,57063,31145
32116,57041,31020
32096,57045,31164
32129,57040,30735
32133,56960,31037
32105,57045,31071
32136,57051,31215
32164,57013,31135
32136,57007,31046
32112,57031,31028
32136,57031,31089
32076,56943,31135
32077,57026,31244
32164,57009,31211
32206,57027,31363
32165,56940,31239
32229,56999,31341
32284,56983,31273
32268,56999,31369
32228,56999,31287
32248,56919,31373
32287,56999,30925
32332,56989,31297
32348,56991,30961
32359,56995,31183
32352,56925,31214
32401,56959,31429
32449,56987,31357
32390,56979,31348
32356,56967,31348
32364,56956,31469
32340,56956,31372
32332,56881,31449
32364,56967,31375
32428,56964,31292
32484,56957,31380
32510,56948,30997
32552,56871,31515
32480,56949,31353
32453,56951,31295
32497,56935,31279
32448,56925,31199
32392,56935,31253
32436,56839,31004
32473,56873,31511
32504,56871,31399
32573,56871,31321
32644,56935,31293
32632,56927,31372
32645,56911,31533
32676,56907,31398
32605,56903,31495
32604,56831,31402
32668,56923,31204
32688,56927,31430
32633,56839,31367
32665,56839,31455
32715,56911,31376
32700,56879,31423
32702,56881,31358
32692,56839,31351
32661,56839,31340
32664,56895,31303
32684,56887,31253
32690,56839,31174
32688,56903,31315
32718,56887,31287
32764,56868,31351
32737,56877,31272
32736,56871,31345
32799,56799,31239
32772,56870,31359
32762,56879,31228
32792,56839,31271
32824,56869,31183
32812,56860,31087
32862,56863,31020
32920,56807,31087
32892,56867,31073
32880,56839,31077
32925,56829,31077
32901,56839,31076
32888,56839,31065
32944,56837,30863
32976,56839,30999
32984,56831,31026
33076,56839,30967
33133,56797,30977
33120,56839,30995
33139,56829,30983
33185,56815,30772
33160,56786,30821
33157,56829,30868
33173,56813,30789
33206,56815,30869
33200,56808,30853
33204,56815,30851
33238,56815,30895
33196,56823,30950
33260,56748,30903
33300,56768,30860
33276,56807,30634
33268,56807,30831
33250,56797,30885
33264,56791,30861
33252,56829,30996
33301,56794,30571
33316,56807,30676
33308,56803,30745
33269,56803,30621
33252,56751,30581
33140,56807,30631
33087,56784,30693
33052,56790,30661
33010,56727,30669
32950,56809,30557
32900,56807,30487
32813,56803,30693
32752,56797,30676
32692,56795,30802
32664,56775,30687
32560,56793,30713
32469,56780,30551
32484,56711,30551
32439,56806,30493
32372,56805,30597
32373,56788,30713
32340,56790,30585
32292,56741,30679
32261,56799,30533
32296,56775,30623
32250,56711,30549
32206,56795,30663
32256,56775,30174
32256,56733,30327
32212,56796,30405
32248,56775,30313
32272,56775,30390
32252,56775,30327
32205,56758,30432
32268,56758,30373
32244,56771,30374
32249,56725,30377
32308,56783,30313
32328,56775,30239
32289,56775,30378
32340,56676,30509
32405,56775,30371
32392,56749,30313
32414,56750,30257
32452,56751,30333
32468,56743,30297
32472,56763,30213
32480,56759,29989
32464,56755,30348
32428,56687,30027
32501,56768,30222
32516,56731,30028
32492,56749,30319
32500,56751,30133
32468,56688,30412
32440,56751,30317
32417,56740,30423
32460,56749,30289
32476,56756,30446
32434,56757,30311
32472,56749,30431
32494,56665,30292
32462,56751,30427
32452,56727,30276
32500,56751,30269
32468,56676,30270
32412,56743,30285
32416,56739,30297
32464,56671,30439
32429,56759,30308
32464,56738,30431
32496,56742,30305
32472,56675,30311
32458,56729,30154
32480,56711,30335
32476,56646,30269
32440,56743,30247
32448,56727,30237
32452,56727,30296
32453,56727,30154
32512,56723,29959
32544,56739,30445
32484,56724,30319
32401,56705,30247
32388,56711,30165
32345,56675,30111
32341,56736,30461
32408,56711,30340
32484,56711,30369
32488,56727,30278
32560,56727,30348
32602,56696,30325
32572,56711,30349
32552,56629,30340
32564,56703,30282
32500,56693,30343
32461,56711,30436
32489,56625,30357
32492,56711,30396
32480,56700,30397
32492,56711,30400
32536,56673,30380
32540,56687,30405
32554,56693,30377
32558,56665,30340
32532,56692,30229
32512,56695,30233
32512,56687,30537
32512,56692,30425
32517,56696,30567
32576,56623,30438
32616,56669,30591
32624,56689,30460
32613,56676,30543
32629,56673,30471
32589,56672,30556
32572,56615,30479
32615,56679,30601
32639,56684,30494
32601,56693,30425
32584,56665,30380
32615,56671,30351
32564,56667,30649
32521,56665,30399
32571,56581,30260
32525,56621,30627
32460,56679,30567
32518,56653,30521
32568,56647,30419
32550,56663,30391
32568,56583,30630
32604,56671,30594
32580,56647,30755
32540,56637,30613
32604,56638,30594
32568,56635,30595
32508,56565,30542
32480,56547,30783
32464,56647,30672
32445,56646,30594
32412,56640,30615
32436,56631,30653
32433,56565,30657
32392,56638,30757
32446,56631,30847
32414,56604,30727
32340,56619,30725
32352,56533,30660
32360,56627,30719
32359,56623,30653
32409,56628,30509
32450,56612,30829
32378,56623,30585
32332,56613,30703
32365,56557,30676
32324,56607,31015
32320,56599,30927
32372,56588,30973
32433,56527,30905
32479,56615,30881
32580,56599,30833
32608,56607,30784
32576,56583,30962
32545,56537,31029
32544,56583,31127
32534,56567,31031
32550,56578,30970
32632,56583,31169
32637,56501,31085
32584,56583,31020
32604,56583,30923
32600,56583,31111
32558,56560,31212
32552,56579,31143
32584,56481,31279
32582,56541,31148
32585,56565,31055
32569,56559,31092
32620,56565,31197
32637,56543,31355
32676,56567,31239
32688,56551,31319
32644,56551,31227
32615,56507,31252
32644,56517,31239
32633,56537,31311
32633,56543,31311
32641,56535,31375
32624,56543,31041
32596,56503,31285
32581,56509,31319
32613,56531,31348
32601,56533,31506
32545,56519,31391
32591,56500,31484
32581,56519,31012
32508,56509,31513
32536,56517,31044
32568,56477,31380
32535,56519,31333
32538,56511,31353
32586,56511,31424
32552,56501,31463
32520,56495,31503
32538,56403,31500
32480,56503,31652
32389,56484,31509
32308,56495,31544
32087,56504,31155
31754,56497,31529
31428,56484,31184
31016,56484,31719
30448,56492,31591
29836,56476,31743
29364,56470,31574
29081,56485,31639
29020,56471,31647
29358,56471,31789
29908,56407,31649
30413,56493,31719
31140,56477,31599
32007,56455,31329
32780,56477,31815
33349,56477,31323
34244,56452,31876
35504,56477,31764
37011,56388,31783
38624,56477,31788
40149,56468,31905
41512,56413,31796
42424,56469,31905
42660,56487,31836
42346,56455,31959
41750,56455,31807
40893,56455,31477
39852,56455,32015
38648,56399,31884
37500,56477,31845
36400,56469,31846
35292,56388,31911
34316,56479,32069
33624,56468,31554
33086,56455,31899
32680,56373,32023
32412,56453,31988
32153,56455,32131
31952,56420,32007
31829,56447,32119
31716,56446,32029
31605,56455,32135
31508,56447,32043
31456,56447,32141
31393,56359,32066
31308,56415,32221
31289,56431,32087
31280,56428,32143
31220,56421,32071
31244,56437,32102
31258,56437,31983
31172,56359,32074
31183,56412,32078
31188,56429,32081
31142,56439,32095
31140,56397,31929
31224,56413,32207
31229,56407,31971
31194,56327,32087
31232,56427,32145
31272,56405,32191
31260,56431,32175
31316,56415,32167
31356,56407,32367
31326,56403,32215
31341,56399,31983
31392,56327,32301
31373,56413,32310
31328,56404,32394
31344,56399,32186
31404,56395,32101
31369,56311,32287
31424,56413,31986
31503,56361,32292
31520,56391,32391
31509,56355,32385
31537,56324,32439
31504,56381,32381
31484,56391,32343
31533,56383,32361
31538,56383,32413
31508,56307,32428
31569,56372,32484
31585,56389,32421
31536,56363,32519
31524,56367,32460
31573,56317,32573
31604,56327,32432
31596,56375,32585
31596,56375,32487
31652,56324,32609
31622,56371,32492
31660,56373,32553
31724,56301,32461
31712,56367,32420
31662,56348,32420
31690,56327,32493
31728,56327,32647
31672,56327,32513
31696,56327,32535
31724,56327,32527
31724,56367,32535
31753,56358,32433
31829,56345,32442
31892,56327,32349
31926,56346,32467
31924,56317,32495
31928,56327,32665
31912,56340,32116
31909,56327,32465
31965,56248,32337
32000,56352,32341
32024,56327,32461
32032,56279,32495
32032,56327,32557
32023,56316,32508
32077,56309,32617
32059,56255,32509
32024,56325,32561
32061,56311,32493
32113,56317,32549
32096,56319,32471
32129,56257,32602
32148,56303,32230
32129,56288,32431
32128,56305,32425
32153,56295,32588
32116,56213,32439
32097,56295,32292
32192,56303,32466
32304,56293,32415
32360,56295,32491
32368,56295,32331
32457,56220,32399
32456,56221,32428
32453,56279,32391
32522,56285,32373
32488,56279,32059
32484,56279,32333
32542,56263,32454
32597,56275,32237
32592,56292,32339
32623,56211,32457
32673,56285,31927
32716,56276,32140
32733,56197,32367
32775,56279,31967
32788,56254,32222
32770,56263,32309
32764,56236,32277
32832,56275,32180
32841,56251,31968
32904,56263,32097
32928,56261,32217
32908,56259,32218
32896,56189,32300
32908,56256,32233
32877,56165,32022
32825,56259,32074
32833,56240,32165
32839,56253,32045
32812,56173,32175
32754,56263,32231
32760,56226,32334
32701,56235,31998
32605,56173,32027
32581,56236,32166
32548,56236,32087
32468,56231,32181
32355,56164,32206
32356,56167,32155
32284,56251,32173
32293,56227,32211
32334,56237,32189
32300,56145,32229
32236,56226,32215
32192,56221,32314
32124,56199,31852
32110,56129,32169
32118,56178,32205
32152,56210,32301
32094,56236,31839
32116,56189,32078
32140,56213,32103
32081,56197,32241
32052,56220,32078
32076,56193,32145
32076,56199,32201
32064,56159,32283
32124,56188,32227
32133,56199,32130
32104,56212,32287
32104,56197,32243
32160,56199,32134
32156,56100,32260
32145,56133,32255
32132,56197,32367
32132,56183,32308
32149,56137,31949
32180,56147,32108
32237,56197,32238
32212,56199,32295
32212,56187,32285
32266,56183,32064
32250,56175,32398
32256,56101,32281
32289,56180,32138
32261,56156,32239
32204,56175,32249
32220,56143,32409
32281,56168,32325
32292,56160,32164
32356,56167,32445
32421,56155,32293
32392,56159,32375
32348,56071,32485
32340,56143,32207
32356,56135,32351
32322,56151,32493
32354,56069,32116
32372,56163,32351
32335,56145,32543
32345,56149,32181
32400,56140,32263
32396,56053,32399
32361,56053,32379
32336,56135,32433
32349,56140,32425
32324,56119,32565
32308,56122,32297
32308,56127,32421
32268,56063,32527
32301,56135,32487
32352,56116,32510
32368,56119,32095
32374,56023,32380
32434,56111,32610
32412,56101,32507
32396,56108,32501
32400,56109,32519
32440,56101,32307
32446,56108,32441
32452,56061,32548
32472,56111,32539
32485,56071,32657
32457,56093,32188
32481,56087,32511
32432,56071,32505
32384,56039,32529
32439,56055,32465
32481,56088,32540
32468,56095,32615
32508,56007,32541
32516,56091,32357
32524,56071,32512
32486,55983,32540
32495,56071,32647
32461,56053,32148
32440,56071,32452
32432,56047,32646
32448,56071,32143
32428,56071,32500
32482,56071,32664
32534,56068,32322
32497,56052,32537
32480,56045,32491
32501,56013,32638
32476,56055,32518
32448,56045,32369
32480,56029,32588
32532,56060,32519
32521,56063,32479
32538,56053,32301
32576,56007,32399
32560,56061,32423
32542,56055,32323
32558,56039,32429
32537,56039,32453
32500,56033,32475
32524,55965,32493
32572,56047,32549
32572,56057,32468
32588,56029,32582
32601,56037,32487
32568,55975,32332
32540,55998,32623
32553,56026,32101
32585,56023,32335
32524,55971,32465
32521,56031,32513
32570,56019,32655
32588,56036,32510
32641,56031,32646
32665,55943,32487
32628,56029,32343
32558,56037,32452
32532,56015,32517
32476,56005,32659
32448,56021,32140
32492,55940,32495
32461,56023,32463
32385,56020,32530
32421,56012,32671
32516,56013,32165
32517,55924,32447
32500,56013,32468
32508,56007,32539
32485,55975,32639
32438,55997,32560
32469,55999,32567
32492,55996,32553
32490,55967,32647
32468,56021,32547
32492,55991,32573
32460,55991,32189
32440,55927,32403
32453,55983,32181
32448,56005,32423
32485,55983,32167
32554,55997,32527
32636,56007,32415
32646,55956,32541
32644,55973,32542
32702,56007,32439
32672,55973,32543
32633,55976,32567
32696,55967,32567
32708,55967,32469
32661,55972,32333
32669,55911,32459
32638,55924,32292
32588,55999,32517
32632,55966,32573
32724,55975,32652
32761,55974,32618
32780,55882,32525
32804,55975,32596
32776,55943,32805
32736,55957,32669
32788,55975,32503
32842,55911,32772
32814,55967,32667
32845,55957,32589
32918,55967,32808
32904,55933,32333
32864,55935,32687
32904,55943,32792
32908,55903,32615
32844,55959,32677
32828,55967,32812
32857,55943,32761
32830,55951,32623
32829,55863,32710
32888,55891,32719
32868,55943,32903
32821,55933,32453
32829,55925,32671
32820,55927,32868
32769,55887,32486
32782,55935,32796
32812,55924,32871
32772,55935,32787
32780,55943,32831
32840,55933,32796
32828,55924,32965
32740,55879,32735
32681,55927,32879
32500,55911,32935
32192,55917,32831
31866,55871,32895
31472,55932,32729
30924,55903,32893
30428,55919,32917
29984,55869,32763
29628,55925,32958
29496,55901,32932
29730,55903,32895
30189,55837,33001
30630,55911,32979
31224,55892,33005
32088,55907,32671
32927,55919,32951
33588,55863,33047
34292,55919,33028
35432,55911,32951
36925,55915,32999
38500,55872,33050
40108,55908,33177
41496,55902,32631
42640,55908,32969
43117,55910,33012
42972,55911,33092
42572,55916,33117
41895,55908,32831
40936,55891,33079
39768,55908,33191
38606,55900,33112
37420,55863,32985
36272,55925,33095
35261,55911,33154
34496,55919,33059
33912,55935,33276
33500,55919,33143
33200,55845,33157
32941,55917,33009
32764,55911,33259
32644,55871,32821
32500,55903,33126
32353,55900,33309
32268,55905,33015
32244,55903,33099
32217,55905,33261
32176,55911,33223
32156,55886,33079
32104,55895,33214
32044,55847,33243
32033,55885,33345
31989,55864,33253
31932,55885,33147
31937,55811,33231
31941,55861,33279
31870,55893,33316
31874,55866,33301
31926,55869,33263
31908,55879,33457
31893,55845,32927
31900,55867,33175
31913,55867,33255
31872,55863,33213
31880,55809,33287
31908,55803,33287
31916,55873,33447
31925,55867,33333
31907,55853,33229
31888,55849,32939
31888,55764,33367
31985,55806,33063
32068,55847,33243
32065,55855,33305
32112,55815,33299
32196,55840,33389
32168,55863,33348
32160,55849,33193
32229,55836,33493
32245,55815,33188
32201,55815,33311
32277,55831,33428
32325,55815,33167
32305,55847,33373
32313,55815,33447
32320,55815,33135
32304,55751,33309
32361,55847,33407
32441,55821,33324
32460,55815,33455
32452,55815,33361
32525,55763,33335
32512,55797,33497
32500,55815,33345
32596,55735,33231
32636,55815,33332
32632,55815,33377
32644,55815,33452
32716,55815,33380
32636,55807,33421
32556,55731,33383
32602,55746,33376
32628,55815,33332
32688,55797,33381
32732,55803,33375
32764,55799,33447
32784,55815,33410
32860,55812,33510
32956,55776,33433
33016,55793,33581
33008,55791,33437
33064,55719,33333
33028,55796,33412
32952,55803,33453
32965,55791,33543
32996,55793,33165
32992,55771,33407
33087,55796,33207
33149,55739,33331
33140,55791,33369
33096,55776,33413
33165,55783,33523
33160,55748,33521
33140,55793,33663
33208,55789,33535
33256,55783,33687
33280,55788,33538
33312,55791,33685
33364,55741,33540
33379,55789,33673
33384,55775,33356
33473,55764,33526
33469,55701,33543
33417,55774,33561
33444,55771,33631
33536,55713,33644
33532,55789,33751
33533,55779,33625
33605,55745,33732
33680,55775,33619
33687,55759,33533
33744,55679,33297
33798,55768,33606
33788,55758,33396
33832,55773,33557
33908,55772,33735
33904,55764,33836
33952,55781,33751
34056,55764,33854
34062,55772,33351
34036,55783,33652
34081,55760,33751
34116,55761,33647
34117,55687,33762
34101,55781,33661
34153,55783,33601
34168,55783,33672
34156,55783,33579
34205,55796,33734
34224,55773,33863
34215,55775,33888
34254,55769,33965
34224,55735,33917
34116,55780,33965
34096,55768,33941
34110,55711,34013
34042,55791,33955
34048,55779,34079
34000,55789,33991
33952,55775,34089
33860,55789,33975
33836,55779,34044
33809,55783,33885
33702,55719,33867
33652,55789,34105
33692,55791,34047
33646,55717,33892
33644,55807,34048
33652,55789,34073
33621,55788,34025
33584,55789,34028
33576,55779,34089
33517,55787,34231
33497,55801,33751
33594,55796,34052
33652,55801,34111
33647,55739,34084
33668,55791,34253
33696,55799,33697
33696,55807,34111
33684,55778,34153
33781,55789,34119
33846,55789,34013
33812,55791,34279
33766,55719,34183
33816,55789,33809
33844,55728,34191
33897,55803,34120
33991,55791,34303
34025,55721,34295
34012,55785,34191
34020,55775,34165
34048,55789,34305
34068,55802,34241
34094,55797,34162
34156,55730,34389
34156,55797,34341
34164,55751,34047
34244,55780,34247
34284,55710,34273
34240,55797,34339
34224,55783,34221
34249,55746,34295
34206,55783,34231
34220,55719,34406
34288,55785,34353
34316,55793,34303
34360,55797,34221
34413,55781,34371
34404,55783,34311
34400,55788,34244
34417,55783,34439
34396,55687,34228
34345,55775,34321
34404,55701,34255
34452,55777,34311
34424,55730,34361
34430,55771,34063
34464,55703,34311
34494,55782,34263
34445,55770,34332
34394,55687,34250
34444,55771,34296
34428,55772,34172
34464,55687,34455
34520,55764,34269
34500,55771,34324
34542,55728,34161
34628,55763,34445
34597,55766,33967
34573,55687,34295
34632,55747,34469
34598,55743,34271
34604,55740,34364
34600,55679,34463
34656,55741,34225
34660,55731,34503
34708,55751,34343
34740,55722,34204
34748,55743,34492
34720,55735,33951
34752,55715,34249
34729,55647,34531
34700,55735,34418
34753,55735,34543
34800,55727,34340
34806,55746,34431
34844,55713,34250
34890,55721,34499
34876,55711,34391
34828,55655,34342
34836,55701,34529
34821,55687,34412
34816,55703,34439
34840,55699,34289
34880,55623,34583
34872,55692,34383
34905,55687,34461
35013,55697,34567
34984,55683,34348
34953,55655,34455
34992,55687,34373
34967,55676,34599
34896,55666,34397
34926,55679,34239
35028,55660,34460
35052,55616,34523
35068,55637,34397
35094,55647,34457
35092,55652,34413
35047,55645,34521
35089,55559,34455
35088,55615,34343
35056,55631,34551
35060,55628,34621
35068,55559,34485
35040,55612,34096
35061,55623,34527
35164,55559,34693
35194,55619,34129
35121,55604,34405
35092,55597,34660
35072,55547,34325
35047,55606,34591
35033,55599,34725
35073,55597,34575
35116,55527,34454
35112,55591,34559
35180,55591,34630
35172,55575,34801
35108,55502,34262
35128,55523,34613
35077,55559,34751
34998,55557,34279
34972,55559,34599
34989,55557,34875
34944,55535,34439
34956,55559,34733
34984,55471,34783
34956,55543,34839
34904,55535,34821
34952,55527,34693
34928,55527,34926
34872,55524,34871
34837,55437,34749
34828,55529,34922
34821,55510,34949
34868,55519,35061
34932,55495,34743
34946,55517,34957
34889,55496,35168
34904,55501,34623
34924,55497,34926
34884,55503,35068
34884,55492,34981
34929,55490,34900
34927,55493,35135
34952,55495,35276
35020,55476,35251
35016,55483,35159
34984,55431,35367
34976,55471,35351
34936,55463,35331
34885,55426,35271
34902,55461,35367
34998,55447,35487
34990,55471,35501
34980,55468,35359
35000,55453,35644
34948,55455,35117
34904,55383,35604
34950,55383,35329
34948,55429,35662
34876,55431,35875
34876,55445,35721
34872,55453,35897
34849,55445,35525
34845,55431,35913
34872,55431,35599
34924,55428,35935
34864,55347,36138
34804,55399,36015
34801,55409,36101
34785,55422,36231
34813,55407,36049
34810,55347,36170
34753,55431,36367
34809,55423,36253
34841,55337,36127
34788,55377,36439
34720,55409,36343
34712,55351,36300
34704,55359,36426
34676,55367,36487
34652,55413,36487
34680,55399,36629
34676,55343,36495
34645,55407,36541
34648,55389,36677
34624,55335,36567
34533,55407,36609
34503,55372,36783
34470,55300,36207
34373,55399,36657
34265,55383,36844
34021,55391,36727
33640,55396,36639
33225,55383,36913
32800,55385,36947
32281,55389,36375
31648,55297,36725
31184,55391,36941
30967,55381,36852
30956,55387,36732
31340,55303,36956
31908,55399,36895
32473,55381,36764
33268,55383,37079
34165,55367,36913
34912,55381,36925
35446,55380,36903
36408,55333,36959
37744,55385,37072
39216,55381,36911
40764,55383,36981
42244,55333,37121
43552,55335,36996
44316,55335,37143
44440,55375,36996
44052,55389,37093
43352,55389,37004
42490,55373,37156
41413,55383,37015
40212,55385,37067
39040,55389,36999
37892,55303,37081
36792,55399,37028
35890,55405,37125
35237,55385,36725
34764,55303,36983
34312,55391,37166
34014,55367,36703
33780,55383,36863
33560,55303,36991
33433,55391,36989
33352,55389,37159
33227,55399,36918
33150,55303,36983
33104,55367,37095
33025,55377,37023
32904,55367,37079
32900,55362,36975
32856,55367,36943
32745,55289,36967
32682,55329,36983
32677,55377,37087
32645,55367,36495
32620,55365,36866
32640,55372,37034
32684,55269,36980
32624,55357,37039
32594,55359,36803
32520,55339,36901
32436,55343,36806
32472,55357,36791
32500,55358,36733
32473,55361,36781
32497,55303,36909
32569,55352,36911
32596,55337,37055
32578,55263,36965
32605,55353,36887
32592,55335,36934
32498,55340,36581
32484,55359,36857
32469,55333,36912
32428,55271,36826
32456,55350,36831
32493,55334,36951
32498,55335,36775
32452,55303,36785
32468,55335,36312
32482,55335,36661
32432,55338,36818
32444,55335,36681
32447,55340,36748
32400,55348,36452
32418,55359,36623
32492,55334,36749
32449,55343,36601
32416,55354,36434
32438,55343,36575
32413,55267,36541
32340,55343,36639
32317,55351,36477
32328,55295,36487
32319,55356,36066
32324,55343,36298
32373,55335,36359
32340,55341,36369
32304,55324,36436
32276,55317,36237
32268,55327,36257
32232,55341,36247
32286,55269,36359
32305,55348,36252
32249,55334,36198
32256,55343,36002
32310,55327,36221
32312,55335,36055
32293,55279,36089
32304,55331,36135
32252,55335,36047
32182,55271,36006
32188,55349,35828
32244,55343,36093
32188,55367,35455
32196,55359,35778
32237,55335,35957
32241,55351,35780
32168,55335,35815
32140,55247,35727
32112,55332,35802
32069,55331,35679
32090,55332,35687
32113,55348,35655
32086,55345,35586
32086,55263,35556
32158,55340,35445
32117,55343,35588
32052,55257,35455
32084,55327,35463
32124,55281,35252
32072,55341,35445
32100,55335,35361
32133,55303,35249
32152,55367,35388
32169,55343,35278
32232,55351,35148
32282,55335,35309
32292,55337,35173
32312,55325,35019
32308,55294,35269
32288,55341,34740
32304,55335,35069
32352,55303,35182
32357,55341,34596
32356,55335,34919
32444,55251,35055
32464,55335,34736
32428,55325,34940
32412,55271,34877
32428,55303,35039
32397,55237,34832
32373,55332,34869
32436,55323,34771
32416,55332,34908
32408,55303,34788
32473,55324,34797
32450,55303,34892
32349,55303,34349
32322,55303,34615
32304,55303,34808
32252,55303,34278
32238,55229,34713
32313,55303,34541
32284,55317,34756
32216,55325,34257
32181,55303,34687
32073,55303,34768
31980,55301,34247
31960,55301,34527
31900,55295,34767
31760,55213,34221
31743,55281,34573
31780,55269,34526
31684,55295,34567
31638,55284,34775
31625,55295,34607
31520,55293,34639
31440,55293,34573
31426,55265,34785
31396,55273,34513
31316,55289,34623
31334,55269,34789
31342,55272,34626
31306,55285,34687
31288,55269,34716
31354,55263,34655
31361,55189,34676
31316,55277,34852
31316,55253,34507
31328,55255,34727
31336,55175,34790
31351,55261,34493
31353,55251,34780
31294,55239,34693
31295,55231,34795
31355,55246,34366
31340,55175,34823
31296,55246,34967
31329,55234,34841
31337,55229,34727
31300,55175,34885
31290,55250,34863
31340,55229,34908
31325,55237,34906
31344,55229,35061
31404,55223,35013
31373,55143,35167
31388,55213,34803
31414,55175,34951
31380,55199,35147
31328,55207,35122
31372,55125,35292
31405,55207,35159
31362,55221,35364
31405,55204,35247
31444,55193,35311
31440,55199,35273
31384,55185,35312
31440,55123,35229
31440,55087,35243
31375,55135,35359
31353,55189,35441
31381,55175,35598
31354,55175,35087
31389,55175,35383
31468,55167,35291
31448,55085,35437
31397,55156,35484
31402,55159,35468
31420,55146,35298
31409,55143,35756
31404,55151,35696
31442,55151,35847
31480,55157,35740
31493,55092,35837
31477,55151,35829
31432,55135,35812
31357,55127,35882
31300,55119,35981
31320,55127,36047
31304,55127,35607
31340,55127,35844
31397,55132,35985
31417,55141,35983
31444,55060,36167
31469,55125,36102
31424,55111,36002
31392,55087,36188
31412,55095,36175
31380,55111,36329
31396,55047,36167
31414,55079,36116
31448,55087,36257
31490,55111,36284
31565,55012,36426
31604,55107,36285
31584,55093,36215
31481,55081,36305
31457,55015,36253
31453,55087,36421
31412,55073,36391
31389,55079,36468
31470,55087,36420
31476,55061,36577
31516,55087,36397
31596,55015,36407
31632,55079,36274
31612,55063,36343
31600,54983,36484
31576,55071,36431
31500,55047,36533
31518,55047,36469
31572,54981,36604
31548,55039,36452
31568,55047,36499
31640,55039,36119
31636,55047,36405
31528,54949,36534
31520,55037,36445
31456,55045,36555
31436,54964,35943
31436,55033,36405
31452,55029,35972
31438,55031,36414
31500,54975,36388
31624,54999,36522
31652,55023,36355
31585,54991,36411
31573,55007,36326
31564,54940,36453
31460,55015,36303
31465,55005,36437
31468,54956,36284
31388,54991,36380
31368,55007,36069
31408,55012,36191
31478,54991,36263
31484,54901,36156
31532,54989,36257
31537,54980,36147
31460,54908,36238
31412,54965,36093
31405,54983,36197
31343,54984,36047
31334,54980,36076
31404,54967,36004
31393,54959,36124
31353,54965,35975
31424,54876,35892
31481,54957,35897
31432,54949,35863
31480,54959,35760
31524,54893,35747
31424,54909,35335
31380,54967,35773
31424,54943,35693
31468,54949,35649
31464,54941,35738
31461,54935,35655
31480,54919,35739
31489,54855,35607
31492,54943,35549
31513,54949,35531
31509,54932,35649
31551,54943,35497
31652,54879,35483
31680,54919,35071
31609,54933,35347
31588,54911,34903
31538,54903,35479
31460,54919,35288
31484,54831,35265
31550,54919,35201
31524,54918,35053
31548,54917,34892
31618,54913,35068
31636,54911,34961
31560,54876,34915
31593,54903,34854
31636,54895,34942
31592,54895,34528
31584,54901,35079
31643,54895,34914
31633,54823,34951
31649,54911,34855
31649,54884,34906
31626,54893,34712
31592,54879,34527
31620,54887,34812
31580,54791,34687
31524,54887,34765
31529,54879,34619
31584,54865,34676
31593,54791,34509
31572,54895,34420
31612,54877,34477
31654,54885,34391
31572,54871,34309
31546,54830,34255
31532,54863,34279
31485,54853,34210
31430,54857,34175
31388,54789,34204
31316,54887,34077
31284,54868,33846
31204,54855,34211
30977,54855,34145
30652,54813,34118
30301,54853,33735
29868,54839,34127
29348,54841,34053
28812,54850,34147
28410,54787,33976
28164,54791,33892
28261,54851,33799
28696,54843,33952
29228,54847,34061
29756,54791,33921
30436,54845,33917
31204,54823,33863
31892,54845,33911
32509,54773,33847
33429,54861,33857
34764,54831,33742
36237,54855,33726
37769,54843,33613
39229,54777,33335
40496,54847,33759
41288,54837,33708
41381,54829,33859
40941,54840,33704
40340,54837,33791
39576,54837,33661
38620,54847,33549
37564,54853,33684
36524,54852,33671
35445,54845,33615
34392,54836,33629
33484,54831,33588
32703,54829,33505
32060,54751,33539
31668,54839,33447
31394,54827,33475
31181,54837,33424
31080,54785,33540
31050,54821,33567
31006,54837,33571
30868,54829,33415
30818,54813,33519
30726,54741,33531
30625,54830,33657
30606,54815,33560
30605,54817,33665
30528,54823,33156
30516,54813,33488
30602,54805,33399
30630,54757,33557
30564,54791,33615
30564,54791,33314
30535,54745,33415
30424,54765,33527
30437,54756,33551
30534,54791,33635
30549,54745,33471
30585,54767,33558
30632,54791,33637
30648,54711,33485
30629,54751,33404
30666,54783,33581
30684,54759,33567
30599,54768,33681
30557,54693,33572
30629,54785,33674
30617,54781,33516
30624,54727,33569
30717,54772,33732
30764,54773,33318
30681,54677,33532
30676,54755,33623
30695,54755,33543
30652,54748,33591
30656,54663,33619
30716,54759,33765
30748,54736,33612
30761,54755,33623
30832,54695,33385
30884,54725,33621
30849,54739,33741
30876,54679,33611
30865,54740,33623
30820,54719,33439
30817,54727,33639
30892,54719,33631
30876,54732,33501
30924,54727,33679
30997,54727,33684
31050,54631,33730
31025,54720,33687
31076,54695,33783
31126,54711,33703
31108,54620,33832
31133,54623,33708
31151,54647,33724
31096,54711,33703
31084,54687,33847
31129,54684,33404
31216,54695,33577
31288,54679,33701
31388,54668,33751
31344,54669,33836
31244,54657,33477
31212,54679,33741
31280,54687,33894
31268,54663,33367
31256,54663,33671
31393,54663,33924
31478,54663,33615
31496,54572,33799
31550,54663,33949
31548,54647,33761
31481,54567,33831
31464,54663,33962
31505,54647,33738
31512,54647,33822
31496,54653,33927
31584,54591,33607
31615,54647,33799
31606,54587,33847
31588,54620,33873
31585,54613,34019
31566,54532,33868
31596,54631,33741
31712,54604,33849
31792,54623,33913
31829,54631,33959
31884,54605,33607
31873,54607,33775
31836,54535,33831
31863,54599,33882
31887,54577,34008
31880,54599,33881
31976,54597,33946
32072,54589,33995
32097,54599,33580
32072,54527,33823
32096,54511,33961
32148,54594,34031
32175,54565,33687
32264,54567,33787
32352,54567,33543
32420,54575,34020
32501,54583,33781
32577,54583,33919
32632,54567,33983
32668,54572,33989
32721,54559,33863
32744,54567,33897
32656,54561,33840
32616,54535,33996
32600,54564,34005
32544,54551,34067
32612,54517,34023
32720,54557,34049
32752,54565,33642
32753,54471,33903
32820,54551,33921
32798,54565,34005
32692,54535,34181
32608,54535,33771
32529,54533,33902
32456,54452,34004
32349,54497,34036
32320,54535,34119
32280,54535,34063
32254,54535,34039
32289,54534,33892
32313,54509,33948
32232,54535,34108
32204,54525,34103
32152,54531,34239
32033,54441,34121
31932,54535,34137
31913,54535,34055
31868,54527,34093
31868,54535,34271
31967,54495,33764
31982,54470,34007
31932,54534,34105
31972,54525,34044
32034,54503,34111
32030,54516,34148
32076,54525,34215
32164,54511,34205
32108,54535,34311
32100,54535,34213
32164,54503,34343
32140,54511,34192
32093,54519,34370
32156,54511,33817
32196,54445,34107
32181,54495,34261
32244,54511,34277
32320,54511,34396
32308,54519,33897
32324,54525,34373
32404,54511,33988
32438,54519,34285
32384,54431,34260
32404,54431,34183
32447,54461,33988
32388,54511,34211
32375,54479,34455
32444,54503,34389
32452,54509,34289
32464,54527,34491
32548,54517,34439
32551,54503,34407
32568,54516,34479
32642,54501,34473
32717,54423,34660
32677,54501,34203
32668,54485,34641
32720,54503,34172
32725,54455,34589
32760,54447,34588
32817,54516,34777
32821,54495,34629
32793,54501,34733
32804,54420,34626
32814,54499,34735
32776,54493,34582
32784,54495,34870
32889,54449,34356
32928,54516,34726
32958,54501,34807
33048,54502,34819
33053,54501,34821
33036,54511,34813
33008,54461,35020
33016,54489,34941
32980,54463,34859
33012,54503,35115
33092,54502,35061
33090,54454,35183
33084,54519,35133
33088,54508,35255
33081,54493,35189
33060,54501,35391
33070,54493,35252
33041,54407,35326
33000,54431,35027
33060,54495,35335
33112,54511,35328
33157,54494,35449
33187,54503,35631
33260,54500,35194
33280,54423,35544
33256,54405,35113
33249,54455,35470
33268,54463,35575
33228,54471,35687
33232,54499,35479
33268,54503,35709
33304,54495,35917
33320,54503,35847
33372,54420,35890
33435,54447,35429
33392,54500,36021
33396,54439,35988
33389,54487,36058
33344,54495,35959
33344,54437,36076
33444,54494,36092
33480,54516,36108
33460,54519,36157
33488,54525,36225
33488,54507,36404
33428,54503,36292
33468,54492,36355
33494,54493,36315
33500,54503,36455
33501,54503,36421
33488,54423,36549
33420,54483,36501
33414,54527,36677
33454,54492,36524
33432,54503,36692
33320,54517,36636
33308,54511,36633
33368,54503,36726
33320,54501,36727
33289,54511,36743
33332,54523,36655
33324,54527,36803
33336,54527,36871
33389,54524,36821
33389,54520,36904
33332,54447,37103
33348,54485,36991
33428,54471,36983
33445,54535,37093
33436,54535,37063
33456,54535,36791
33476,54503,37303
33424,54503,37132
33496,54549,37229
33524,54535,37168
33511,54535,36987
33519,54534,37401
33528,54535,37255
33497,54535,36911
33508,54559,37511
33581,54535,37349
33572,54551,37060
33570,54535,37604
33656,54550,37383
33736,54535,37195
33694,54551,37655
33681,54551,37511
33692,54535,37629
33580,54487,37559
33533,54535,37719
33601,54567,37654
33620,54573,37759
33616,54587,37565
33695,54581,37431
33676,54581,37830
33569,54567,37753
33588,54502,37951
33597,54523,37836
33561,54583,37914
33542,54589,37826
33584,54591,37869
33580,54528,37973
33580,54535,37941
33621,54519,37973
33609,54517,37927
33568,54556,37628
33552,54596,37973
33480,54559,38018
33408,54599,37991
33375,54591,38070
33437,54599,38013
33456,54615,38111
33478,54608,38244
33497,54605,37628
33520,54535,38084
33504,54612,37717
33492,54621,38206
33468,54615,38245
33372,54615,38417
33316,54617,38254
33344,54631,37919
33264,54639,38457
33175,54639,38313
33132,54639,38344
32996,54639,38284
32632,54565,38079
32285,54621,38399
31896,54595,38376
31281,54631,38535
30721,54653,38381
30228,54663,38439
29799,54669,38469
29632,54677,38447
29860,54663,38597
30276,54631,38419
30757,54663,38172
31286,54663,38448
31902,54663,38468
32502,54695,38637
33115,54691,38484
33965,54700,38447
35214,54711,38645
36772,54719,38533
38319,54701,38265
39936,54645,38617
41404,54692,38543
42533,54708,38617
43032,54719,38416
42896,54725,38535
42356,54748,38713
41662,54724,38543
40778,54739,38703
39792,54757,38551
38764,54749,38567
37761,54760,38540
36772,54765,38087
35740,54765,38717
34816,54771,38571
34052,54771,38607
33444,54695,38567
33060,54724,38619
32771,54708,38453
32570,54791,38503
32469,54791,38421
32365,54791,38303
32212,54783,38593
32104,54791,38101
32061,54791,38535
31932,54791,38565
31844,54777,38492
31844,54827,38580
31785,54831,38559
31760,54823,38688
31780,54829,38579
31774,54791,38724
31662,54823,38047
31608,54815,38742
31584,54845,38591
31552,54845,38679
31576,54843,38214
31605,54852,38535
31580,54791,38708
31568,54815,38541
31600,54879,38583
31621,54835,38753
31544,54847,38598
31577,54879,38671
31552,54877,38453
31472,54879,38601
31396,54903,38549
31444,54877,38569
31446,54900,38753
31450,54903,38567
31537,54919,38407
31588,54919,38734
31532,54919,38563
31472,54919,38637
31502,54915,38562
31463,54919,38673
31452,54933,38511
31472,54939,38527
31484,54865,38503
31418,54951,38453
31428,54916,38043
31481,54965,38601
31484,54949,38455
31488,54919,38440
31525,54983,38369
31497,54975,38460
31505,54972,38375
31522,54991,38437
31532,55007,38228
31537,55014,38255
31533,55012,38225
31536,54959,38359
31477,54991,38312
31484,55031,38372
31460,55016,38261
31431,55029,38269
31457,55044,38290
31517,55041,38228
31493,55040,38212
31457,55071,38251
31500,54991,38177
31521,55079,38173
31424,55071,38199
31405,55079,37636
31440,55079,38117
31433,55019,37845
31426,55109,38081
31436,55087,37743
31469,55111,37977
31476,55119,37733
31534,55047,37955
31565,55119,38109
31552,55143,37639
31516,55127,37749
31524,55133,37916
31469,55149,37823
31420,55077,37883
31456,55119,37751
31472,55180,37735
31424,55197,37663
31422,55183,37828
31452,55191,37709
31436,55188,37781
31397,55106,37639
31424,55159,37703
31420,55207,37610
31400,55231,37673
31436,55220,37546
31444,55223,37567
31389,55245,37477
31455,55244,37567
31508,55240,37380
31484,55253,37393
31456,55247,37554
31472,55261,37323
31444,55268,37477
31430,55284,37284
31486,55289,37414
31474,55303,37221
31456,55303,37344
31436,55303,37159
31440,55247,37263
31452,55287,37087
31484,55335,37151
31542,55335,37005
31537,55335,37127
31533,55333,36927
31600,55353,37019
31624,55365,36819
31604,55284,36716
31617,55391,36804
31644,55386,36709
31596,55399,36703
31596,55399,36495
31633,55335,36615
31576,55303,36681
31544,55351,36508
31558,55335,36513
31542,55349,36319
31492,55381,35941
31500,55365,36509
31456,55375,36309
31320,55436,36469
31264,55431,36270
31248,55407,36225
31132,55380,36031
30988,55391,36114
30936,55415,36047
30856,55455,35847
30806,55479,35904
30773,55527,35584
30796,55516,36027
30672,55478,35911
30540,55527,35999
30480,55541,35831
30406,55479,35933
30372,55559,35749
30420,55559,35807
30382,55551,35666
30304,55581,35697
30321,55587,35575
30332,55597,35570
30276,55559,35429
30241,55589,35431
30232,55559,35484
30208,55623,35360
30164,55635,35478
30208,55629,35271
30244,55653,35287
30212,55653,34934
30255,55669,35195
30272,55575,34681
30260,55653,35207
30249,55687,35079
30268,55655,35085
30276,55687,34972
30268,55701,34951
30284,55704,34867
30292,55727,34837
30260,55743,34724
30304,55671,34761
30374,55739,34644
30325,55766,34671
30318,55760,34604
30296,55776,34588
30256,55732,34563
30238,55779,34589
30264,55783,34493
30300,55805,34543
30285,55815,34420
30348,55815,34076
30383,55815,34365
30372,55815,34372
30386,55831,34397
30444,55836,34286
30401,55845,34239
30367,55863,34051
30424,55867,33980
30509,55789,34154
30508,55879,34095
30520,55901,34127
30588,55911,33765
30548,55903,33903
30549,55909,33926
30589,55911,33824
30538,55919,33535
30532,55935,33999
30524,55853,33541
30528,55949,33761
30497,55957,33891
30548,55975,33764
30596,55975,33861
30536,55980,33701
30545,55975,33635
30614,55983,33528
30613,55988,33205
30548,55927,33573
30576,55943,33196
30596,56028,33587
30584,56037,33359
30588,56031,33423
30592,56035,33577
30572,56029,33023
30581,55975,33412
30610,56052,33414
30572,56035,33305
30548,56049,33097
30566,56063,33273
30596,56071,32917
30577,56095,33143
30588,56103,33175
30624,56095,33205
30588,56049,33337
30548,56093,33229
30560,56113,33121
30504,56087,33119
30452,56127,33173
30449,56133,33287
30472,56135,32837
30437,56151,32951
30476,56151,33023
30485,56087,32959
30436,56143,33015
30389,56095,32951
30372,56117,33011
30338,56100,32909
30266,56156,32627
30296,56199,33099
30284,56199,32979
30300,56219,33021
30305,56199,32935
30320,56199,32967
30288,56199,32829
30258,56211,32695
30261,56205,33019
30212,56223,32893
30194,56231,33006
30250,56243,32825
30260,56245,32951
30238,56263,32421
30280,56263,32941
30289,56265,32807
30236,56262,32932
30176,56175,32793
30188,56231,32855
30186,56277,32740
30145,56290,32845
30192,56303,32745
30236,56308,32819
30210,56292,32697
30261,56309,32716
30341,56317,32697
30349,56327,32740
30340,56235,32677
30398,56325,32797
30381,56327,32636
30317,56311,32709
30317,56345,32644
30352,56359,32643
30364,56283,32633
30378,56380,32731
30432,56375,32477
30417,56375,32455
30460,56367,32535
30492,56375,32575
30467,56383,32421
30418,56353,32389
30444,56415,32508
30488,56405,32556
30424,56423,32519
30488,56367,32415
30556,56423,32447
30556,56421,32479
30532,56423,32493
30565,56429,32637
30552,56381,32113
30550,56455,32316
30617,56453,32500
30700,56455,32487
30716,56389,32381
30824,56487,32405
30916,56479,32285
30897,56479,32384
30881,56479,32385
30958,56479,32503
30960,56455,32439
30953,56502,32554
30981,56501,32391
31040,56503,32505
30992,56428,32075
31056,56523,32276
31152,56492,32445
31133,56501,32338
31153,56501,32263
31204,56517,32324
31204,56439,32310
31192,56543,32332
31256,56539,32491
31284,56539,32357
31238,56549,32367
31296,56559,32255
31377,56559,32235
31376,56551,32261
31382,56549,32290
31436,56559,32448
31433,56541,32283
31402,56573,32215
31468,56476,32347
31532,56559,31927
31508,56583,32175
31532,56495,32343
31609,56583,31860
31624,56581,32219
31568,56583,32391
31620,56527,32269
31584,56583,32167
31519,56497,32284
31541,56583,32263
31588,56617,32382
31572,56605,31967
31649,56543,32237
31717,56613,32335
31696,56615,32165
31664,56606,32239
31721,56607,32212
31688,56583,32169
31623,56629,32230
31618,56623,32313
31485,56623,32236
31156,56647,32314
30865,56639,32006
30600,56637,32081
30172,56643,32263
29672,56645,32185
29153,56551,32109
28700,56655,32326
28442,56647,31860
28548,56629,32165
29024,56655,32260
29588,56654,32217
30252,56659,32343
31079,56666,32231
31856,56628,32346
32602,56581,32229
33161,56651,32204
34024,56596,32361
35420,56647,32219
37068,56693,32271
38688,56684,32236
40134,56693,32349
41482,56689,32239
42208,56679,32337
42216,56695,31884
41772,56687,32217
41160,56699,32259
40292,56697,32257
39223,56711,32377
38083,56704,32227
36953,56710,32263
35776,56727,32271
34780,56647,32357
33952,56643,32273
33324,56727,32375
32836,56711,31985
32500,56711,32127
32232,56637,32229
32017,56730,32275
31929,56711,32427
31901,56669,31980
31761,56745,32263
31680,56727,32413
31648,56678,32270
31560,56695,32316
31544,56733,32144
31572,56731,32380
31552,56735,32327
31478,56722,32347
31500,56647,32343
31510,56743,32171
31414,56745,32427
31376,56653,32121
31429,56723,32219
31407,56719,32503
31396,56731,31991
31424,56727,32301
31385,56739,32479
31352,56728,32318
31414,56669,32391
31514,56751,32519
31496,56739,32317
31500,56743,32391
31585,56731,32535
31656,56757,32389
31656,56748,32263
31656,56730,32497
31608,56737,32420
31612,56711,32310
31704,56711,32451
31754,56743,32446
31777,56759,32389
31860,56671,32283
31967,56759,32411
31972,56743,32589
31996,56749,32276
32040,56676,32413
32044,56679,32365
32000,56748,32399
32038,56759,32415
32100,56743,32460
32120,56723,32282
32172,56757,32517
32249,56756,32329
32265,56748,32471
32250,56663,32465
32348,56745,32411
32357,56737,32459
32300,56741,32385
32348,56759,32548
32437,56727,32397
32412,56753,32457
32450,56673,32354
32549,56771,32599
32584,56741,32396
32578,56671,32455
32634,56751,32453
32684,56738,32339
32650,56726,32601
32670,56757,32373
32697,56753,32475
32700,56710,32345
32712,56761,32595
32797,56761,32387
32781,56660,32463
32766,56767,32311
32796,56734,32587
32848,56743,32383
32889,56765,32453
32936,56743,32339
33024,56763,32455
33020,56759,32439
33118,56679,32564
33216,56761,32037
33196,56763,32379
33180,56663,32527
33232,56757,32357
33188,56757,32387
33156,56666,32519
33176,56767,32349
33207,56758,32372
33216,56703,32377
33310,56775,32475
33408,56759,32491
33404,56695,32295
33420,56759,32374
33405,56751,32212
33385,56671,32476
33400,56766,32115
33445,56743,32300
33516,56763,32439
33516,56766,32242
33568,56756,32313
33702,56749,32137
33760,56751,32256
33748,56751,32263
33776,56743,32271
33805,56745,32404
33796,56759,32194
33800,56751,32245
33872,56695,32157
33944,56775,32180
34025,56763,32245
34104,56751,32183
34100,56743,32223
34097,56749,31971
34156,56734,32095
34117,56751,32327
34084,56749,32059
34168,56748,32185
34176,56675,32175
34184,56767,32084
34209,56759,32159
34280,56711,32035
34244,56749,32253
34236,56741,32066
34258,56731,32131
34177,56711,31953
34020,56735,32239
34100,56705,32013
34140,56711,32101
34072,56763,32189
34002,56711,31931
33988,56725,32025
33938,56736,32165
33905,56748,31679
33903,56727,31887
33837,56675,32093
33724,56742,32058
33654,56741,31921
33620,56711,32107
33584,56761,32052
33608,56743,32143
33644,56730,31687
33624,56684,31935
33596,56737,32090
33588,56711,32029
33536,56731,32114
33532,56740,31934
33572,56743,32017
33640,56678,32007
33592,56757,32069
33616,56736,31647
33668,56701,31863
33652,56743,32073
33668,56721,32002
33708,56713,32093
33695,56659,31916
33686,56711,31871
33713,56675,32005
33732,56711,31983
33764,56699,32132
33842,56742,31659
33904,56711,31855
33820,56731,31975
33772,56635,31999
33748,56706,32007
33670,56647,31995
33668,56727,31819
33716,56711,32085
33729,56711,31615
33673,56711,31955
33661,56727,32123
33695,56711,31817
33684,56708,31961
33716,56699,32143
33763,56701,31879
33713,56693,31959
33653,56621,32140
33630,56709,31940
33674,56701,32014
33700,56702,32165
33732,56699,31825
33814,56685,32034
33790,56699,31954
33760,56704,32013
33796,56679,32039
33796,56637,31870
33719,56691,32159
33713,56663,32038
33724,56689,31932
33685,56612,32156
33732,56695,32069
33764,56643,32037
33754,56677,31822
33744,56675,31909
33773,56583,32021
33700,56676,32103
33655,56667,32177
33660,56671,31871
33668,56669,32033
33660,56647,32183
33712,56659,32140
33788,56659,32263
33804,56655,31857
33780,56575,32047
33812,56607,32087
33817,56638,32159
33768,56645,32196
33809,56601,32316
33879,56607,32037
33857,56660,32140
33932,56559,32343
33964,56647,32119
33933,56629,32229
33877,56599,32180
33912,56631,32357
33888,56623,32233
33836,56629,31855
33845,56631,32249
33832,56583,32379
33828,56623,32197
33888,56601,32260
33980,56583,32357
33968,56615,32311
33965,56583,32403
33952,56607,32117
33888,56599,32239
33881,56607,32327
33951,56597,32433
33992,56527,32007
33988,56612,32316
34032,56607,32028
34080,56579,32284
34109,56582,32425
34122,56492,32381
34128,56575,32279
34080,56579,32415
34036,56575,32423
34076,56573,32489
34116,56511,32326
34096,56583,32415
34114,56577,32489
34140,56567,32429
34092,56553,32317
34061,56527,32391
34080,56519,32459
34049,56556,32607
33992,56549,32447
34048,56551,32309
34116,56543,32420
34116,56551,32406
34176,56540,32460
34204,56543,32594
34145,56551,32518
34116,56519,32583
34164,56455,32435
34116,56521,32498
34074,56521,32689
34053,56452,32549
34073,56537,32703
34030,56511,32543
34056,56519,32391
34052,56437,32503
34017,56519,32535
33984,56508,32535
34020,56492,32606
33977,56407,32743
33912,56511,32623
33932,56503,32701
33932,56507,32584
33900,56511,32663
33876,56492,32537
33856,56423,32623
33864,56487,32799
33890,56471,32725
33964,56455,32669
33953,56463,32542
33932,56455,32623
33956,56469,32551
33958,56397,32628
33952,56421,32687
33989,56484,32384
33984,56455,32671
33928,56453,32375
33896,56455,32559
33952,56445,32755
33903,56380,32743
33836,56455,32612
33828,56439,32679
33829,56381,32763
33816,56455,32733
33832,56445,32723
33864,56445,32771
33838,56403,32852
33783,56415,32709
33799,56415,32703
33796,56423,32736
33848,56419,32727
33866,56359,32879
33904,56423,32797
33856,56431,32791
33892,56389,32635
33982,56356,32663
34020,56417,32398
34020,56412,32785
34088,56383,32686
34064,56399,32743
34032,56394,32751
34056,56403,32825
34064,56356,32919
34021,56399,32610
34060,56375,32713
34095,56384,32857
34072,56367,32787
34048,56379,32824
34022,56294,32871
33941,56373,32998
33852,56372,32855
33844,56375,32946
33893,56373,32821
33900,56372,32789
34020,56364,32742
34068,56357,32836
34068,56364,32807
34053,56327,32915
34067,56327,32862
34024,56280,32981
33948,56351,32827
33941,56327,32710
33956,56261,32844
33949,56327,32815
33989,56327,32813
33965,56317,32751
33912,56327,32879
33864,56231,32845
33910,56303,32733
33888,56287,32836
33838,56300,32844
33860,56303,32883
33852,56301,32864
33845,56276,32985
33900,56289,32795
33980,56281,32747
33921,56295,32838
33876,56281,32885
33886,56263,32927
33861,56199,32871
33805,56277,32909
33800,56257,32917
33823,56271,33022
33778,56183,32905
33729,56263,32966
33652,56243,32801
33336,56159,32877
32986,56235,33009
32610,56218,32946
32112,56199,32897
31524,56221,32821
30969,56236,32855
30524,56237,33031
30262,56227,32740
30316,56143,32854
30728,56223,33093
31306,56199,32885
31908,56135,32957
32719,56159,33119
33594,56199,32771
34356,56111,32954
34909,56199,33073
35637,56195,33005
36840,56197,33136
38452,56165,32604
40072,56191,32935
41452,56167,32965
42724,56164,32981
43576,56161,33147
43713,56143,32679
43316,56151,32999
42692,56165,33159
41868,56167,32675
40860,56164,32891
39790,56071,32990
38672,56151,33047
37516,56143,33097
36374,56137,32737
35480,56079,33021
34724,56132,33204
34116,56129,32737
33728,56131,32978
33478,56135,33221
33248,56113,33073
33116,56047,33113
33017,56103,33108
32880,56111,33263
32736,56111,32748
32694,56071,33127
32623,56007,33267
32564,56092,33020
32534,56071,33146
32522,55989,33095
32445,56071,33191
32444,56067,33147
32464,56056,32999
32429,56060,33271
32388,56039,32847
32412,55996,33125
32324,56033,33269
32272,55980,33287
32340,56039,32793
32348,56031,33051
32316,55943,33179
32332,55991,33245
32336,56013,33319
32296,55991,33151
32280,55989,33211
32284,55999,33308
32202,55999,33269
32188,55943,33389
32236,55991,32853
32248,55989,33246
32212,55925,33404
32248,55988,33287
32264,55975,33287
32253,55895,33431
32305,55932,33282
32368,55956,33303
32336,55943,33196
32335,55935,33287
32372,55935,33273
32436,55937,33393
32432,55941,33327
32453,55871,33407
32502,55925,33333
32504,55925,33415
32464,55913,33002
32493,55815,33421
32496,55911,33309
32446,55911,33487
32480,55903,33309
32508,55815,33183
32466,55903,33349
32517,55894,33351
32557,55803,33469
32556,55879,33343
32572,55871,33407
32644,55861,33324
32609,55879,33244
32546,55815,33063
32580,55852,33255
32600,55853,32941
32600,55869,33249
32601,55852,32992
32634,55837,33273
32588,55815,32977
32527,55737,33333
32540,55836,33129
32476,55815,33239
32433,55815,33079
32484,55759,33183
32552,55807,33351
32544,55815,33327
32612,55813,33195
32660,55802,33183
32602,55796,33205
32542,55743,33287
32533,55783,33174
32487,55779,32964
32457,55746,33261
32461,55772,33281
32514,55789,33201
32503,55771,33279
32512,55770,33181
32564,55781,33431
32560,55751,33321
32512,55751,33447
32549,55679,32951
32552,55735,33171
32508,55735,33315
32524,55739,33287
32588,55739,33327
32600,55727,33280
32692,55727,33199
32760,55673,33388
32764,55729,32836
32752,55703,33092
32809,55687,33183
32808,55615,33239
32754,55697,33204
32748,55687,33187
32756,55683,33201
32797,55696,33061
32888,55663,33247
32924,55669,33183
32909,55597,33273
32928,55678,33119
32973,55647,33042
32948,55653,32919
32854,55655,33091
32860,55655,33273
32916,55655,32877
32941,55653,33060
32984,55619,33115
33064,55607,33093
33068,55637,32951
32996,55551,33007
33032,55623,32983
33031,55604,32996
32966,55607,32888
32940,55615,32871
33028,55615,32873
33029,55533,32973
33043,55615,32965
33054,55607,32783
32950,55583,33077
32894,55588,32989
32902,55583,33031
32892,55559,32933
32764,55549,33026
32756,55543,32965
32758,55559,33073
32685,55559,32925
32650,55558,32991
32620,55497,32911
32508,55559,32919
32432,55557,32852
32440,55535,32749
32404,55535,32916
32332,55533,32851
32285,55439,32863
32285,55535,32521
32250,55528,32987
32238,55533,32853
32258,55524,32845
32231,55523,32684
32216,55495,32758
32276,55495,32677
32292,55423,32789
32284,55491,32799
32272,55495,32837
32312,55479,32647
32316,55485,32557
32359,55487,32874
32411,55460,32787
32391,55468,32899
32362,55375,32796
32365,55367,32878
32375,55383,32772
32340,55431,32720
32372,55453,32781
32460,55413,32839
32476,55431,32759
32492,55431,32791
32504,55429,32775
32488,55427,32863
32388,55369,32759
32426,55419,32692
32426,55389,32410
32383,55399,32684
32431,55405,32809
32484,55341,32767
32470,55401,32902
32469,55364,32740
32512,55391,32871
32500,55391,32751
32460,55358,32719
32464,55293,32351
32480,55326,32673
32417,55351,32882
32461,55359,32725
32549,55279,32755
32494,55260,32700
32453,55330,32711
32512,55340,32613
32529,55348,32606
32512,55325,32764
32544,55319,32423
32528,55300,32610
32480,55277,32764
32482,55303,32761
32520,55297,32844
32512,55303,32775
32532,55260,32919
32576,55289,32783
32517,55279,32891
32464,55271,32519
32493,55204,32661
32522,55268,32713
32520,55261,32727
32544,55254,32727
32632,55243,32788
32622,55255,32876
32652,55164,32793
32672,55251,32796
32690,55246,32415
32668,55231,32641
32653,55221,32647
32606,55165,32749
32588,55212,32763
32596,55207,32773
32652,55207,32943
32644,55231,32677
32642,55191,32693
32713,55127,32740
32716,55191,32709
32672,55149,32795
32664,55165,32815
32631,55167,32789
32577,55093,32713
32582,55173,32775
32632,55132,32679
32577,55151,32516
32596,55143,32891
32652,55077,32537
32636,55079,32879
32652,55143,32839
32720,55135,33025
32733,55119,32879
32681,55119,32829
32730,55108,32889
32800,55106,32895
32792,55103,33039
32836,55077,32901
32932,55085,33046
32940,55075,32884
32860,55079,32843
32864,55063,32860
32876,55047,32591
32853,55063,33011
32848,55047,32899
32920,55047,32933
32862,55047,32920
32868,55047,33074
32917,55045,32916
32868,54948,33077
32812,54975,32941
32820,55003,32911
32842,54981,32823
32864,55023,32548
32890,55015,33103
32941,54967,32971
32924,54980,32935
32945,54999,32801
32985,54989,32693
32992,54989,32908
32980,54957,32829
33044,54979,32841
33060,54919,32887
32992,54967,32947
33016,54959,32957
33070,54893,32981
33060,54951,32985
33072,54967,32841
33117,54940,32997
33089,54927,33079
33056,54919,32607
33080,54919,33121
33084,54887,32679
33037,54919,33132
33065,54893,32999
33159,54895,33175
33164,54901,33031
33208,54909,33071
33230,54894,33025
33237,54791,33205
33168,54820,33075
33220,54885,33197
33208,54876,33085
33232,54879,33073
33216,54879,33055
33246,54855,33177
33260,54860,33089
33289,54855,33189
33312,54855,32980
33340,54773,33055
33321,54775,33039
33320,54791,32727
33318,54829,33253
33240,54831,33029
33203,54821,32772
33260,54791,33268
33276,54791,33071
33333,54791,32892
33396,54791,33231
33383,54791,33135
33356,54791,33263
33405,54775,33153
33412,54779,33098
33380,54783,33037
33372,54783,33109
33380,54775,33063
33384,54734,33111
33428,54719,33055
33488,54772,33149
33496,54751,33169
33469,54743,33199
33472,54749,33125
33438,54735,33110
33391,54659,33031
33428,54708,33125
33528,54735,33071
33533,54735,33125
33529,54717,33077
33572,54652,33141
33584,54716,33057
33530,54719,32903
33566,54701,33195
33592,54695,33192
33576,54693,33324
33528,54695,33178
33593,54684,33204
33612,54621,32903
33639,54663,33081
33716,54692,33177
33721,54687,33103
33664,54663,33144
33654,54645,33201
33652,54647,32934
33607,54652,33097
33584,54653,32995
33596,54610,33108
33588,54655,33226
33545,54663,33201
33572,54654,33239
33605,54629,33252
33552,54623,33362
33564,54615,33003
33534,54587,33159
33472,54621,33021
33391,54623,33230
33460,54599,32919
33464,54629,33095
33456,54605,33215
33500,54524,33228
33490,54565,33324
33456,54589,33262
33473,54581,33391
33472,54583,33267
33430,54564,33391
33489,54571,33279
33603,54575,33409
33668,54492,33271
33680,54511,33413
33748,54567,33270
33796,54535,33357
33748,54548,32971
33765,54535,33151
33808,54524,33223
33799,54533,33190
33817,54532,33188
33864,54535,33207
33824,54465,33207
33793,54471,33231
33840,54503,33244
33800,54509,33203
33717,54525,33200
33760,54511,33217
33776,54492,33189
33776,54494,33224
33761,54495,33199
33760,54437,33150
33788,54509,33239
33776,54501,33287
33856,54485,33418
33878,54476,33277
33824,54423,33317
33812,54445,33277
33816,54388,33221
33863,54471,33237
33828,54469,33284
33918,54460,33125
33889,54431,33089
33912,54452,33255
33985,54439,32908
33977,54428,33371
33896,54437,33127
33872,54431,33319
33888,54359,33276
33844,54420,33230
33788,54407,33141
33821,54421,33341
33822,54407,33287
33797,54407,33355
33852,54405,33281
33893,54399,33443
33844,54327,33275
33836,54391,33253
33761,54381,33103
33564,54373,33133
33245,54375,33255
32930,54335,33269
32512,54391,33275
31960,54355,33300
31452,54366,33277
30884,54357,33279
30436,54279,33439
30332,54364,33330
30488,54359,33444
30993,54351,33334
31613,54343,33415
32315,54343,33316
33133,54279,33253
33980,54371,33155
34791,54343,33164
35352,54335,33313
36121,54335,33215
37380,54327,33277
38853,54317,33436
40285,54319,33372
41647,54279,33444
42920,54256,33308
43652,54317,33327
43697,54316,33223
43428,54311,33431
42828,54300,33365
41990,54299,33437
41020,54295,33342
39929,54279,33338
38724,54229,33250
37544,54295,33353
36540,54305,33319
35608,54279,33379
34944,54301,33412
34496,54279,33546
34114,54221,33441
33772,54276,33485
33556,54234,33309
33417,54268,33353
33276,54273,33325
33181,54263,33407
33124,54255,33359
33046,54263,33414
32980,54263,33431
32916,54175,33460
32887,54175,33580
32788,54151,33485
32756,54239,33627
32761,54239,33497
32724,54239,33565
32652,54231,33497
32696,54217,33649
32676,54221,33508
32672,54227,33623
32752,54175,33505
32792,54205,33570
32736,54201,33447
32712,54189,33415
32720,54149,33605
32644,54202,33543
32609,54191,33671
32664,54191,33115
32656,54197,33559
32684,54181,33639
32724,54183,33537
32780,54151,33577
32770,54109,33511
32780,54165,33583
32796,54151,33669
32729,54141,33156
32739,54151,33511
32806,54069,33533
32820,54116,33591
32828,54161,33652
32913,54127,33271
32933,54135,33473
32900,54135,33583
32908,54092,33588
32926,54109,33676
32900,54119,33159
32908,54125,33645
32932,54103,33165
32904,54063,33413
32870,54133,33333
32948,54119,33522
32959,54109,33317
32988,54097,33423
33032,54095,33655
33044,54087,33543
32984,54007,33589
32972,54013,33413
33012,54100,33487
32974,54087,33611
32952,54084,33559
33020,54081,33644
33064,54077,33575
33056,54085,33703
33068,53987,33227
33065,54053,33444
33052,54063,33681
33037,54061,33157
33089,53988,33542
33084,54055,33570
33048,54063,33481
33109,54053,33535
33124,54055,33593
33080,54023,33486
33132,54045,33396
33084,54023,33487
32998,54023,33453
32980,53948,33449
33062,54023,33526
33092,54023,33429
33066,54023,33523
33100,54039,33071
33093,54007,33324
33068,54007,33452
33084,54007,33486
33120,53989,33455
33077,53999,33437
33081,53999,33456
33148,53999,33576
33140,54013,33029
33145,54015,33359
33164,53999,33375
33182,53991,33396
33153,53999,33501
33164,53927,33189
33180,53991,33263
33164,53959,33406
33165,53983,33372
33212,53983,33444
33216,53949,33223
33236,53959,33340
33349,53975,33414
33393,53948,33257
33388,53972,33275
33394,53956,33431
33425,53943,33005
33386,53947,33215
33416,53975,33346
33449,53964,33236
33492,53951,33076
33497,53889,33228
33572,53951,33223
33608,53941,33209
33617,53943,33124
33644,53933,33196
33628,53940,33127
33617,53937,33118
33612,53941,33109
33708,53935,33169
33726,53941,33143
33693,53935,33236
33734,53935,32941
33728,53916,33093
33688,53919,33159
33661,53924,33091
33684,53909,33131
33620,53919,32999
33556,53919,33031
33544,53911,33151
33477,53917,32655
33412,53927,33007
33412,53837,33145
33380,53916,32613
33308,53908,32813
33257,53823,33067
33227,53895,32588
33124,53895,32891
33077,53895,33071
33048,53801,32548
32996,53911,32910
32908,53895,33043
32900,53895,32887
32852,53895,32783
32752,53893,32844
32730,53892,32885
32748,53871,33030
32704,53883,32703
32668,53887,32846
32668,53861,32991
32609,53893,32788
32584,53891,32855
32640,53879,32773
32716,53877,32839
32633,53879,32839
32648,53822,32780
32683,53853,32767
32644,53809,32836
32632,53847,32647
32672,53859,32817
32644,53767,32802
32647,53869,32715
32712,53860,32863
32758,53813,32743
32724,53855,32803
32764,53831,32924
32776,53765,32697
32732,53845,32759
32708,53837,32763
32752,53767,32733
32767,53845,32781
32756,53831,32840
32814,53831,32709
32789,53804,32709
32736,53829,32707
32736,53827,32767
32776,53761,32730
32757,53817,32685
32756,53823,32765
32804,53825,32687
32815,53813,32703
32792,53815,32742
32812,53815,32676
32810,53821,32775
32748,53815,32723
32792,53807,32580
32804,53713,32767
32768,53812,32736
32744,53793,32592
32797,53727,32823
32792,53811,32735
32771,53785,32751
32816,53794,32652
32801,53767,32737
32700,53767,32577
32700,53767,32835
32737,53767,32391
32712,53791,32675
32700,53767,32818
32724,53699,32665
32684,53785,32737
32640,53767,32566
32710,53767,32853
32754,53767,32596
32720,53764,32740
32686,53735,32836
32690,53767,32553
32648,53759,32647
32644,53752,32775
32716,53767,32489
32724,53767,32732
32696,53767,32863
32775,53765,32420
32740,53749,32677
32716,53744,32815
32716,53663,32759
32681,53751,32611
32632,53737,32773
32648,53741,32775
32737,53711,32871
32740,53727,32511
32724,53743,32767
32792,53671,32908
32793,53741,32761
32750,53743,32886
32732,53719,32699
32732,53721,32775
32673,53715,32898
32650,53735,32809
32736,53729,32845
32732,53723,32743
32704,53741,32831
32748,53661,32823
32700,53735,32895
32654,53711,32782
32677,53673,32829
32676,53679,32705
32649,53705,32757
32660,53639,32815
32732,53703,32869
32696,53719,32831
32720,53714,32652
32776,53639,32879
32708,53703,32809
32660,53689,32739
32660,53639,32856
32665,53695,32859
32660,53695,32938
32644,53687,32625
32672,53695,32719
32684,53688,32836
32649,53629,32869
32664,53695,33003
32680,53677,32848
32609,53677,32815
32613,53671,32459
32616,53596,32740
32596,53679,32711
32592,53671,32857
32640,53639,32892
32593,53679,33023
32564,53669,32519
32613,53671,32846
32588,53595,33015
32532,53671,32815
32544,53639,32859
32496,53648,32926
32456,53572,32913
32428,53671,33047
32474,53639,32672
32493,53655,32916
32476,53616,33052
32466,53655,32612
32470,53639,32911
32424,53639,33055
32432,53551,32602
32440,53639,32787
32444,53637,33055
32420,53633,32755
32487,53621,32948
32505,53574,32982
32516,53629,32975
32542,53620,32972
32552,53639,32927
32497,53607,32820
32472,53615,32967
32460,53607,32925
32425,53607,32924
32404,53615,32999
32367,53612,32997
32318,53621,32923
32289,53609,32940
32360,53597,33113
32372,53613,32607
32294,53599,32965
32300,53596,32999
32307,53589,32949
32238,53603,32968
32212,53596,32990
32326,53557,33132
32380,53607,32828
32437,53597,32997
32482,53537,33093
32516,53577,32937
32448,53580,33023
32425,53596,33007
32423,53571,33015
32351,53569,33023
32329,53583,32983
32386,53567,32926
32410,53503,32989
32388,53585,33143
32457,53561,32604
32503,53511,33010
32416,53575,33127
32428,53561,32595
32412,53567,32965
32344,53555,33127
32372,53559,32796
32460,53559,33012
32429,53551,33159
32414,53484,32626
32442,53537,32943
32459,53469,33147
32420,53553,32705
32432,53525,32967
32484,53454,33057
32452,53509,33020
32405,53453,32844
32421,53507,33084
32396,53537,33015
32358,53551,33015
32396,53527,33004
32399,53520,33029
32321,53477,33135
32292,53497,32988
32284,53507,32999
32238,53459,32908
32252,53503,33067
32328,53511,33020
32346,53503,33146
32322,53517,32948
32356,53511,33023
32353,53511,32908
32325,53511,33135
32305,53505,32713
32316,53501,32903
32289,53415,33020
32292,53479,33017
32306,53492,33135
32310,53503,33007
32340,53503,33119
32406,53501,32981
32408,53492,32959
32383,53493,32956
32376,53479,32967
32388,53405,32829
32324,53487,32911
32309,53471,33063
32320,53479,32973
32316,53437,32815
32288,53479,32791
32324,53487,32823
32277,53479,33069
32184,53383,32959
32208,53451,33085
32192,53463,32576
32184,53447,33019
32212,53463,32823
32250,53421,32913
32177,53468,33043
32124,53465,32919
32149,53463,32976
32110,53407,32847
31993,53461,32933
31976,53447,32892
31976,53365,32867
31954,53447,32935
31981,53447,32971
32093,53404,32853
32134,53452,32902
32108,53441,32991
32157,53431,32775
32132,53455,32876
32044,53415,32967
32025,53431,32865
32096,53341,32743
32090,53439,32900
32153,53429,32903
32230,53380,32855
32269,53405,33015
32317,53428,32759
32379,53343,32865
32471,53409,32891
32452,53415,32871
32472,53335,32897
32428,53395,32804
32373,53415,32820
32328,53389,32877
32333,53412,33018
32320,53397,32871
32204,53413,32743
32237,53359,32911
32221,53389,32895
32158,53383,32735
32150,53313,32773
32180,53383,32841
32160,53359,33028
32216,53383,32863
32300,53381,32743
32356,53364,32973
32409,53383,32892
32489,53381,32727
32486,53377,32991
32440,53365,32886
32448,53343,32775
32404,53365,32839
32324,53367,32856
32298,53285,32991
32276,53349,32903
32201,53367,33036
32160,53356,32709
32153,53276,32860
32180,53365,32985
32120,53349,32504
32177,53343,32734
32232,53301,32847
32213,53303,32884
32208,53351,32877
32210,53341,32874
32124,53335,33037
32076,53349,32559
32128,53329,32775
32144,53279,32892
32025,53295,32903
31824,53279,32932
31493,53276,32897
31116,53327,33029
30766,53239,32886
30345,53323,32849
29796,53311,32901
29264,53327,33044
28876,53311,32498
28747,53319,32893
28861,53279,32613
29352,53289,32983
29980,53303,32887
30574,53238,32887
31248,53308,32814
32060,53295,32906
32780,53307,33003
33380,53309,32900
34244,53303,32926
35444,53292,32951
36812,53307,33044
38239,53274,32532
39624,53295,32895
40840,53269,33006
41664,53221,32954
41908,53287,32949
41568,53307,32797
40989,53295,32901
40294,53279,32943
39416,53231,33092
38325,53279,32975
37293,53281,32997
36260,53255,32861
35156,53279,32971
34177,53223,33031
33572,53255,32999
33080,53253,32994
32700,53287,33028
32441,53255,33097
32194,53255,32989
31964,53255,33140
31796,53177,33045
31688,53250,33175
31532,53255,33019
31472,53255,33063
31436,53253,32978
31365,53255,33036
31332,53191,33191
31413,53255,33085
31408,53237,33160
31324,53239,33106
31293,53148,33191
31272,53237,32831
31276,53215,33061
31329,53224,33197
31452,53167,33131
31487,53166,33207
31462,53237,33156
31471,53193,33183
31432,53223,33101
31360,53151,33175
31416,53215,33325
31512,53189,33143
31488,53205,33212
31476,53125,33183
31533,53181,33270
31508,53202,33221
31452,53127,33209
31468,53205,33183
31469,53187,33220
31517,53195,33301
31572,53165,33273
31632,53095,33413
31616,53175,33247
31640,53177,33297
31703,53183,33247
31752,53181,33271
31768,53167,33150
31840,53167,33373
31884,53127,33335
31844,53151,33157
31846,53151,33455
31916,53117,33324
31914,53151,33236
31920,53151,33490
31974,53157,33033
31925,53156,33316
31941,53149,33333
31996,53079,33362
31992,53143,33525
31935,53127,33372
31956,53127,33475
32016,53127,32993
31964,53071,33281
31940,53127,33181
32036,53117,33414
32024,53125,33415
32057,53117,33493
32197,53117,33058
32304,53095,33468
32324,53103,33461
32353,53093,33480
32413,53048,33460
32405,53111,33416
32415,53079,33463
32460,53092,33599
32421,53100,33502
32394,53103,33340
32476,53095,33573
32592,53085,33527
32608,53039,33633
32653,53081,33539
32676,53071,33529
32637,53069,33175
32633,53031,33517
32681,53071,33457
32728,53063,33375
32736,53071,33509
32821,52983,33517
32881,52999,33511
32948,53037,33519
32957,53050,33280
33021,53039,33420
32969,53053,33576
32944,52999,33579
33004,53055,33701
32992,53039,33169
33000,53034,33637
33143,53025,33598
33192,52981,33717
33172,53039,33561
33180,53015,33489
33226,53020,33543
33238,52973,33605
33272,53037,33755
33327,53017,33575
33392,52943,33503
33404,53031,33656
33424,53023,33197
33492,52999,33508
33413,52975,33693
33420,53015,33627
33485,52999,33701
33486,52999,33613
33503,52999,33599
33620,52999,33791
33664,52993,33647
33769,52999,33573
33884,52996,33342
33905,52945,33595
33864,52999,33597
33808,52983,33621
33756,52975,33342
33673,52967,33509
33608,52989,33501
33649,52975,33667
33684,52975,33716
33774,52980,33663
33943,52983,33726
34081,52967,33677
34109,52973,33824
34085,52964,33493
33992,52957,33711
33842,52934,33863
33684,52972,33431
33596,52965,33637
33561,52960,33774
33524,52911,33746
33637,52966,33794
33724,52935,33746
33705,52947,33860
33676,52940,33764
33629,52881,33844
33526,52951,33484
33381,52943,33610
33300,52949,33687
33148,52885,33719
33044,52965,33882
33069,52951,33769
33092,52949,33709
33014,52933,33735
33048,52941,33661
33082,52935,33745
33069,52935,33791
33024,52903,33879
33024,52935,33799
33029,52933,33799
33029,52959,33533
33152,52923,33767
33236,52927,33913
33284,52879,33825
33340,52925,33932
33393,52919,33833
33332,52863,33922
33284,52925,33433
33308,52924,33761
33332,52855,33941
33312,52941,33861
33352,52916,33831
33417,52858,33716
33352,52935,33839
33324,52903,33935
33325,52893,33479
33330,52913,33745
33304,52911,33884
33413,52869,33925
33432,52909,33735
33461,52909,33958
33580,52828,33931
33608,52895,33751
33584,52901,34063
33532,52863,33927
33552,52889,33857
33476,52900,34089
33420,52856,33557
33424,52895,33914
33441,52893,34079
33440,52831,33981
33496,52900,33833
33503,52887,33967
33518,52812,34028
33544,52893,34141
33584,52871,33959
33545,52829,34021
33516,52871,34215
33528,52871,34028
33532,52887,34083
33519,52871,33978
33508,52893,34069
33513,52887,34134
33412,52871,33977
33376,52871,34015
33428,52853,34127
33436,52863,34207
33428,52869,34054
33504,52871,34311
33477,52870,34173
33454,52845,34247
33500,52871,34392
33557,52857,34268
33542,52869,34196
33509,52854,34249
33508,52855,34311
33444,52819,34287
33389,52868,34295
33460,52861,34359
33472,52799,34512
33444,52871,34159
33508,52858,34383
33535,52855,34483
33556,52791,34455
33573,52847,34469
33665,52839,34415
33692,52797,34505
33660,52853,34614
33660,52847,34453
33629,52788,34543
33608,52868,34695
33608,52847,34556
33598,52839,34529
33537,52839,34397
33532,52836,34489
33572,52825,34595
33576,52829,34614
33544,52839,34641
33565,52845,34703
33584,52839,34814
33567,52838,34737
33636,52815,34852
33672,52805,34339
33614,52831,34655
33584,52801,34751
33576,52823,34759
33544,52813,34948
33504,52825,34867
33520,52780,35010
33514,52821,34577
33501,52829,34724
33548,52829,34463
33592,52827,34791
33556,52820,34939
33500,52764,34948
33536,52773,35093
33504,52807,34949
33472,52743,35108
33481,52823,34961
33460,52820,34837
33468,52825,35015
33505,52821,34996
33558,52819,35141
33476,52798,35020
33447,52799,35159
33478,52807,35021
33425,52801,35043
33436,52783,34959
33477,52807,35015
33536,52821,35015
33526,52733,35164
33548,52805,35015
33564,52805,35117
33564,52799,34985
33538,52791,35116
33564,52783,35000
33500,52797,35151
33502,52796,35005
33492,52743,35109
33517,52805,34988
33509,52795,35099
33544,52731,34533
33628,52799,34823
33584,52733,34951
33565,52801,35112
33569,52789,34655
33462,52781,34823
33424,52773,34983
33456,52799,34973
33441,52797,35087
33384,52821,34557
33416,52783,34789
33424,52783,34860
33385,52790,34857
33396,52797,34481
33404,52791,34868
33359,52789,34889
33336,52765,34859
33376,52783,34973
33364,52789,34885
33322,52743,35001
33380,52799,34871
33416,52783,34967
33409,52793,34735
33352,52789,34791
33316,52711,34937
33247,52780,34823
33205,52743,34909
33261,52783,34363
33321,52743,34620
33294,52789,34732
33348,52789,34691
33350,52783,34751
33328,52743,34755
33324,52785,34820
33320,52743,34756
33204,52767,34671
33124,52791,34869
33172,52783,34327
33137,52789,34567
33136,52721,34655
33180,52791,34718
33204,52708,34671
33177,52785,34708
33157,52772,34641
33177,52775,34759
33100,52781,34665
32996,52719,34677
33033,52775,34565
33036,52790,34621
33011,52804,34221
33062,52775,34575
33122,52775,34520
33016,52711,34591
32964,52733,34172
32980,52781,34452
32904,52743,34512
32829,52774,34423
32855,52772,34149
32872,52791,34613
32844,52743,34332
32840,52799,34379
32804,52780,34471
32732,52782,34494
32740,52783,34591
32748,52707,34524
32718,52776,34516
32672,52789,34420
32700,52726,34487
32676,52807,34627
32644,52782,34439
32661,52799,34533
32686,52719,34172
32617,52813,34353
32625,52789,34341
32573,52783,34304
32553,52743,34429
32496,52807,34353
32519,52791,34432
32530,52796,34415
32528,52810,34548
32604,52807,34387
32644,52799,34243
32577,52765,34373
32512,52823,34388
32510,52796,34492
32518,52793,34381
32517,52815,34463
32588,52807,34357
32608,52799,34430
32584,52807,34337
32632,52813,34459
32688,52813,34328
32684,52799,34471
32729,52815,34331
32736,52821,34427
32676,52798,33916
32592,52820,34148
32572,52799,34245
32545,52839,34135
32512,52823,34145
32532,52823,34205
32488,52799,34199
32417,52807,34095
32389,52831,33845
32407,52743,34149
32365,52817,34067
32317,52819,34212
32331,52831,34045
32359,52804,34063
32333,52845,34327
32410,52837,34207
32445,52844,34143
32385,52837,34119
32340,52791,34214
32356,52831,34175
32284,52833,34164
32208,52845,34212
32168,52775,34327
32134,52852,34191
32100,52849,34175
32128,52855,34141
32160,52853,34159
32120,52844,34255
32104,52767,34199
32104,52831,34135
32000,52844,33780
31908,52789,34129
31893,52852,34303
31874,52791,33765
31836,52883,34088
31844,52871,34284
31852,52863,34181
31760,52871,34167
31544,52860,34196
31272,52783,34197
30920,52871,34199
30504,52861,34071
30056,52865,34181
29516,52885,34351
28870,52887,33855
28324,52815,34164
28032,52900,34303
27996,52879,34215
28328,52871,34333
28935,52830,33768
29456,52871,34124
30036,52887,34114
30760,52844,34183
31497,52909,34305
32157,52911,34195
33008,52829,34215
34349,52911,34025
35881,52909,34087
37332,52905,34195
38864,52909,34179
40208,52871,34183
41100,52917,34252
41440,52917,34310
41188,52863,33969
40636,52931,34180
39919,52919,34067
39130,52923,34225
38069,52901,34381
36924,52935,34271
35880,52935,34354
34799,52927,33823
33704,52937,34187
32834,52854,34379
32177,52957,34262
31645,52959,34259
31288,52909,34177
31068,52945,34243
30849,52943,34392
30675,52957,34197
30557,52949,34266
30364,52943,34393
30161,52951,34137
30117,52902,34277
30098,52943,34124
30041,52871,34339
30012,52955,34201
30016,52904,34249
30004,52957,34158
29956,52955,34365
29917,52933,34164
29858,52943,34259
29828,52959,34119
29846,52967,34378
29862,52951,33855
29912,52967,34191
29888,52927,34371
29865,52973,34245
29810,52959,34197
29744,52957,34199
29750,52964,34251
29717,52945,34359
29640,52967,33945
29624,52935,34215
29640,52967,34332
29600,52932,34175
29652,52967,34247
29752,52887,34204
29718,52951,34271
29674,52967,34231
29684,52983,34137
29664,52967,34323
29608,52983,34183
29673,52895,34183
29740,52999,33963
29694,52991,34108
29705,52985,34157
29780,52931,34013
29744,52991,34164
29685,52969,34167
29712,52997,34245
29708,52991,33740
29686,52999,34049
29728,52991,34141
29749,52957,34063
29749,53013,34079
29816,52989,34175
29837,52999,34116
29788,52919,34145
29720,52996,34044
29696,52973,34055
29669,52987,34128
29623,52964,34053
29657,52999,33917
29664,52999,33927
29620,52999,33937
29680,52941,33999
29764,52999,33998
29736,52975,34126
29680,52999,33709
29698,52911,33817
29665,53015,34055
29664,52999,33532
29714,52951,33767
29740,52999,33924
29742,53023,33924
29780,53009,33959
29748,52951,33852
29697,53023,33855
29720,53012,34007
29732,52999,33460
29729,53023,33799
29694,52999,33961
29680,52997,33767
29700,53019,33813
29665,53029,33943
29680,52947,33399
29756,53031,33612
29716,53031,33815
29713,53031,33333
29748,53019,33737
29742,53015,33661
29684,53029,33839
29704,53045,33401
29760,53031,33604
29760,53051,33671
29784,53033,33807
29850,52967,33523
29844,53039,33583
29865,53028,33579
29896,53031,33612
29912,53037,33740
29904,53031,33429
29975,53043,33461
29993,52967,33487
29972,53055,33405
30084,53036,33477
30196,53023,33531
30176,53045,33479
30152,53047,33492
30168,52957,33505
30160,53045,33610
30156,53037,33468
30184,53055,33591
30233,53045,33464
30192,52975,33511
30230,53037,33383
30277,53047,33390
30252,53052,33377
30220,53023,33411
30273,53037,33364
30278,53047,33263
30262,52967,33301
30369,53063,33337
30476,53057,33485
30488,52991,32951
30540,53077,33227
30614,53061,33361
30600,52983,33317
30560,53063,33425
30613,53061,33287
30597,53055,33220
30517,52981,33203
30508,53076,33253
30466,53069,33367
30369,52999,33139
30344,53077,33125
30348,53053,33234
30292,53071,33199
30222,53013,33159
30205,53085,32849
30169,53069,33157
30109,53071,32775
30152,52997,33269
30161,53062,33167
30120,53071,33156
30148,53015,33127
30173,53087,33120
30172,53076,33149
30134,53031,32845
30084,53039,33023
29972,53063,33044
29908,53087,33105
29964,53025,33175
30012,53093,32839
29991,53103,33045
30036,53103,33117
30136,53087,33077
30168,53095,33019
30204,53087,32807
30224,53087,32955
30268,53076,32946
30232,53093,33013
30240,53095,33109
30293,53095,33028
30284,53108,33119
30332,53100,32945
30382,53093,32827
30382,53052,32827
30336,53101,32858
30360,53087,32932
30372,53089,32999
30365,53119,32801
30436,53097,33111
30568,53039,32900
30633,53093,32971
30704,53115,32841
30776,53115,33061
30764,53103,32935
30716,53021,32885
30773,53101,32913
30780,53095,32933
30788,53061,32959
30788,53093,32943
30812,53117,32901
30794,53071,32921
30838,53101,32751
30912,53111,32957
30917,53127,32833
30892,53111,32925
30948,53023,33015
30984,53117,32669
30982,53103,32897
30999,53111,33026
31034,53103,32658
31045,53127,32830
31072,53127,32943
31116,53119,32879
31069,53095,32724
31028,53127,32911
31092,53119,32877
31092,53111,32981
31063,53125,32679
31065,53039,32715
31101,53127,32794
31052,53127,32871
31117,53127,32933
31168,53127,32863
31148,53063,32985
31124,53111,32593
31148,53123,32812
31112,53121,32953
31065,53117,32635
31116,53119,32821
31152,53057,32775
31104,53127,32837
31100,53127,32925
31169,53125,32823
31188,53125,32870
31204,53125,32817
31226,53119,32938
31212,53117,32829
31156,53127,32834
31200,53119,32439
31284,53053,32761
31296,53143,32970
31365,53127,32461
31440,53087,32815
31432,53119,32990
31368,53125,32829
31377,53119,32843
31326,53127,32791
31276,53039,32985
31296,53127,32791
31378,53125,32847
31392,53061,32981
31451,53127,32583
31568,53125,32822
31560,53125,32961
31564,53119,32540
31561,53117,32818
31493,53108,32971
31466,53103,32837
31468,53127,32697
31524,53069,32879
31580,53148,32849
31675,53127,32935
31741,53085,32807
31732,53136,32860
31696,53124,32671
31716,53125,32917
31688,53119,32447
31633,53055,32669
31630,53127,32788
31665,53127,32841
31640,53100,32709
31596,53127,32852
31664,53127,32774
31660,53101,32924
31638,53127,32839
31640,53117,32734
31596,53119,32788
31547,53071,32823
31584,53127,32911
31648,53121,32829
31648,53127,32895
31692,53127,32465
31700,53119,32679
31674,53127,32615
31709,53092,32751
31774,53127,32789
31792,53124,32847
31770,53038,32871
31828,53125,32556
31861,53119,32691
31852,53076,32790
31908,53134,32839
31951,53121,32692
31932,53036,32860
31920,53127,32844
31962,53095,32845
31957,53119,32855
31920,53039,32879
31972,53105,32821
32048,53089,32868
32030,53127,32845
32096,53101,32673
32148,53111,32895
32124,53119,32860
32116,53077,32836
32148,53119,32644
32116,53101,32703
32112,53111,32788
32150,53108,32871
32183,53117,32759
32140,53117,32775
32216,53049,32837
32288,53079,32931
32284,53127,32868
32268,53100,32985
32344,53103,32849
32372,53053,32983
32388,53119,32457
32480,53095,32823
32553,53111,32783
32556,53065,32851
32586,53119,32978
32624,53108,32485
32608,53104,32873
32617,53111,32791
32685,53103,32869
32677,53095,32791
32617,53039,32865
32652,53111,32871
32708,53103,32703
32718,53039,32819
32784,53111,32851
32838,53095,32938
32897,53101,32879
32848,53085,32943
32876,53094,32718
32868,53089,32799
32840,53103,32844
32896,53013,32859
33019,53103,32995
33013,53103,32527
33061,53103,32721
33110,53020,32797
33080,53103,32857
33036,53076,32991
33076,53084,32463
33056,52999,32759
33012,53092,32823
33078,53093,32879
33136,53103,32925
33156,53111,32839
33216,53092,32863
33276,53093,33013
33306,53077,32719
33305,53076,32893
33324,53087,32991
33310,53085,32513
33249,53077,32719
33277,53079,32839
33312,52999,32903
33308,53085,32789
33360,52999,32951
33404,53084,32594
33408,53083,32903
33389,53063,32875
33468,53063,32927
33444,53030,32645
33392,53079,32915
33384,52984,32837
33396,53079,32911
33329,53079,32885
33338,53073,32751
33375,53068,33019
33279,53085,32823
33230,53071,32895
33282,52991,33053
33228,53079,32903
33217,53063,32866
33269,52989,32862
33312,53071,32941
33252,53069,32750
33255,53077,32994
33320,53063,32941
33276,53045,32802
33287,53056,32995
33344,53053,32955
33293,53055,33081
33241,53055,32624
33284,53060,32879
33328,53047,32959
33304,53069,32932
33308,53023,32903
33300,53055,33021
33256,52967,32892
33247,53036,32959
33242,53053,32919
33244,53031,33081
33220,53047,32611
33309,52991,32799
33398,52967,32922
33440,53061,33100
33494,53053,32575
33544,52999,32815
33532,53039,32980
33525,53031,32985
33614,53037,33092
33596,53047,32999
33576,53029,33120
33656,52967,33005
33748,53045,33105
33780,53039,32979
33821,53022,32893
33836,53055,33079
33784,53036,33027
33796,53035,33060
33844,53031,33012
33749,53021,33133
33637,53028,33045
33592,52967,32975
33648,53027,33051
33662,53037,33047
33673,53036,32863
33700,53029,33119
33658,52975,32736
33652,53023,32977
33700,53021,33007
33710,52935,33001
33704,53039,33011
33758,53015,33061
33772,53023,33151
33716,53031,33095
33740,52999,33232
33712,53013,33069
33620,52999,33247
33528,52951,33117
33518,52999,33084
33447,52999,33067
33413,52953,33095
33472,53013,32755
33508,53031,33239
33538,53013,33154
33564,53015,33287
33612,52998,33132
33588,52999,33159
33542,52993,32829
33564,52937,33100
33534,52999,32925
33448,52999,33093
33412,52996,33140
33360,52999,33203
33168,52975,33321
32892,52999,33199
32596,52996,33287
32228,52983,33201
31737,52981,33319
31168,52999,33214
30580,52908,33237
30048,52999,33171
29860,52991,33229
29940,52999,33359
30284,52953,33239
30900,52999,33228
31513,52999,33381
32184,52983,33235
33056,52927,33262
33840,52956,33185
34405,52977,33229
35040,52999,33380
36152,52995,32836
37649,52983,33026
39140,52999,33191
40702,52998,33381
42084,52983,32887
43109,52956,33099
43456,52973,33284
43302,52967,33285
42800,52983,33410
42032,52988,32879
41128,52997,33317
40100,52981,33247
38953,52989,33210
37864,52991,33055
36769,52949,33183
35748,52999,33177
34932,52980,33218
34361,52905,33391
33869,52948,33019
33505,52989,33241
33273,52990,33439
33096,52995,33193
32940,52943,33276
32793,52983,33431
32672,52981,33296
32540,52991,33228
32458,52973,33311
32472,52967,33311
32400,52975,33271
32376,52973,33245
32404,52895,33317
32425,52980,33308
32375,52975,33237
32380,52983,33247
32421,52911,33429
32360,52961,33252
32312,52953,33316
32287,52876,33415
32261,52964,32967
32186,52932,33141
32200,52965,33252
32252,52895,33287
32204,52967,33409
32258,52957,33309
32268,52951,33373
32240,52871,33327
32228,52959,33444
32340,52919,33325
32288,52937,33365
32258,52863,33287
32349,52945,33359
32432,52934,33287
32436,52947,33335
32519,52871,33319
32544,52940,33373
32480,52925,33319
32428,52919,33250
32448,52895,33292
32404,52927,33444
32385,52927,33285
32484,52871,33271
32548,52927,33223
32536,52919,33175
32605,52925,33263
32633,52893,33097
32618,52919,32889
32581,52901,33284
32628,52901,33187
32669,52831,33124
32684,52903,33134
32716,52893,33171
32721,52913,33053
32677,52847,33093
32724,52901,33199
32748,52895,33127
32750,52817,33220
32748,52885,33231
32860,52871,33367
32900,52885,32843
32916,52847,33096
32956,52887,33047
32904,52819,33081
32836,52885,33281
32825,52870,33213
32868,52788,33311
32888,52868,33158
32871,52861,33166
32928,52785,32869
32925,52863,33093
32830,52863,33186
32862,52860,33261
32873,52815,33155
32878,52860,33140
32943,52844,33148
33028,52847,33195
33049,52855,33173
33028,52839,33079
33040,52839,32775
33024,52839,33266
33020,52805,33143
33120,52847,33117
33180,52839,33135
33144,52845,33263
33156,52811,32701
33208,52816,32949
33173,52831,33117
33120,52813,33057
33148,52810,33143
33124,52809,33097
33068,52825,32951
33116,52775,33100
33204,52819,33047
33248,52743,32835
33288,52775,33015
33344,52804,32817
33324,52791,33016
33276,52797,33031
33230,52789,32887
33183,52727,33023
33144,52791,33031
33197,52791,33077
33268,52788,33042
33304,52791,33052
33367,52719,33053
33397,52761,33086
33368,52789,33031
33340,52761,33133
33384,52773,33045
33364,52765,33164
33345,52763,33027
33365,52767,33119
33460,52695,33031
33448,52783,33105
33505,52759,32615
33515,52743,32852
33536,52743,32977
33534,52677,33159
33584,52743,33004
33568,52727,33122
33545,52739,32705
33530,52739,33089
33484,52739,32834
33388,52743,32824
33377,52735,32935
33380,52731,32967
33328,52666,33063
33278,52727,32978
33294,52709,33077
33226,52710,33004
33156,52668,32869
33112,52735,32972
33124,52719,32963
33024,52719,33009
32974,52682,32943
32908,52719,32939
32820,52698,32958
32745,52697,32959
32720,52693,32975
32637,52697,32999
32546,52693,32927
32536,52687,32965
32508,52703,32978
32493,52691,33119
32528,52695,32585
32548,52684,33095
32512,52685,32977
32476,52615,33063
32472,52663,32952
32384,52675,33031
32374,52665,32893
32386,52671,32967
32412,52679,32975
32405,52679,33053
32473,52663,32569
32505,52671,32975
32472,52605,32586
32485,52645,33031
32519,52613,32980
32512,52647,33085
32468,52577,32547
32524,52652,33063
32596,52646,32952
32592,52639,33063
32600,52639,32945
32702,52640,33103
32716,52597,32965
32738,52629,33082
32784,52615,32551
32750,52615,32985
32684,52591,32621
32684,52611,32791
32676,52615,33071
32613,52613,32540
32697,52610,32801
32749,52527,33069
32744,52615,32775
32773,52583,32970
32800,52607,32911
32832,52516,32965
32813,52607,32951
32780,52591,32563
32794,52591,32867
32792,52597,32879
32835,52541,32942
32888,52599,33067
32860,52583,32913
32817,52583,32941
32828,52573,32930
32830,52511,33031
32748,52589,32591
32734,52551,32868
32800,52581,33012
32797,52581,32937
32864,52550,33077
32904,52567,32913
32852,52573,32833
32860,52559,32519
32872,52479,32863
32824,52559,32703
32780,52557,32959
32868,52551,32510
32936,52479,32813
32940,52557,32919
33026,52551,33063
33058,52529,32922
32996,52543,32956
32916,52463,32868
32952,52463,32818
32928,52503,32969
32958,52535,32905
32984,52519,33071
32996,52532,32935
32960,52547,33009
32992,52455,32875
33008,52487,32836
32961,52497,32755
32960,52523,32772
32980,52429,32823
32900,52525,32932
32864,52517,32941
32968,52431,33069
33061,52519,32895
33072,52516,32911
33092,52515,32901
33101,52509,33068
33088,52519,32605
33088,52487,32929
33096,52487,32943
33057,52477,32845
33032,52508,32797
33048,52423,32948
33079,52479,32908
33048,52511,32893
33108,52487,32893
33189,52487,32964
33144,52437,32941
33144,52477,33055
33200,52463,32939
33192,52469,33031
33136,52469,32890
33160,52463,32973
33192,52455,32897
33128,52475,33064
33162,52479,32773
33216,52469,32935
33201,52475,32818
33204,52445,32995
33233,52421,32929
33232,52453,32903
33213,52455,32874
33277,52455,32935
33324,52453,32805
33321,52460,32943
33352,52455,32943
33354,52445,33074
33324,52437,32614
33316,52439,32877
33340,52431,33050
33312,52431,32559
33300,52415,32812
33388,52421,32940
33409,52435,32945
33348,52431,33031
33380,52425,32735
33430,52423,32882
33422,52351,33055
33409,52422,32601
33455,52412,32893
33397,52357,33079
33348,52383,32868
33392,52407,32893
33392,52419,32887
33314,52415,32873
33324,52407,33055
33320,52383,32955
33320,52399,32943
33312,52343,32903
33300,52399,32971
33267,52380,33071
33226,52383,32959
33244,52327,33055
33268,52391,32965
33260,52372,33113
33294,52383,32568
33332,52389,32807
33319,52359,32965
33316,52367,32983
33333,52351,33051
33268,52311,33003
33281,52375,33103
33325,52351,32985
33372,52359,33120
33324,52359,32983
33340,52325,32973
33409,52357,33121
33400,52348,32988
33356,52263,32835
33380,52333,32925
33328,52343,32922
33240,52335,33013
33252,52263,33017
33228,52340,33153
33220,52335,33013
33248,52335,33073
33312,52327,33021
33295,52245,33135
33312,52327,32993
33352,52303,32837
33339,52304,32957
33292,52249,32892
33328,52309,33159
33296,52223,32950
33181,52325,32953
33204,52301,33079
33268,52289,33028
33204,52303,33099
33173,52295,33031
33181,52285,33132
33156,52279,33031
33109,52301,33175
33168,52278,33004
33226,52285,32980
33189,52295,33167
33224,52292,33019
33300,52199,33031
33271,52291,33190
33184,52263,33031
33185,52253,33063
33109,52251,32999
33072,52263,33023
33116,52261,32996
33108,52259,33012
33050,52204,33023
33132,52263,33061
33184,52249,33213
33136,52213,33059
33068,52228,33209
33085,52231,32676
33004,52231,33063
32994,52231,33095
33042,52150,33207
33044,52231,33031
32980,52231,32911
33056,52156,33069
33172,52223,33065
33188,52212,33167
33149,52215,33108
33172,52201,33215
33144,52203,32683
33060,52209,32981
33062,52191,33053
33078,52199,33094
33044,52207,33204
33044,52132,32980
33089,52207,33057
33042,52197,33128
32974,52124,33133
32984,52196,33253
32996,52191,32833
33014,52125,32969
33062,52189,33135
33111,52181,33119
33057,52125,33238
33076,52188,33142
33100,52164,33279
33082,52173,33141
33040,52175,33268
33020,52167,33159
32989,52153,33191
32960,52159,33108
32965,52166,33027
32988,52167,33205
32917,52132,32793
32927,52159,33111
32968,52071,33287
32904,52151,33103
32850,52135,33093
32866,52142,33115
32916,52103,33078
32925,52151,33116
32989,52143,33164
33047,52073,33271
32989,52159,33167
33009,52135,33170
33040,52127,33191
33052,52103,33189
32996,52127,33103
33063,52113,33135
33080,52119,33115
33056,52127,33149
33148,52125,33053
33238,52119,32847
33248,52125,33190
33252,52055,32861
33292,52121,33057
33319,52093,33157
33288,52103,33036
33335,52103,33054
33294,52095,33065
33248,52103,33077
33260,52095,33111
33313,52103,33139
33252,52035,33097
33244,52101,33047
33282,52103,33193
33188,52084,32894
33098,52087,33381
33080,52007,32895
33064,52077,33059
33052,52071,33317
33121,52077,33224
33181,52063,33379
33145,52069,32933
33168,52071,33252
33200,52071,33263
33204,52067,33275
33156,52061,33252
33153,52063,33094
33116,52049,33237
33064,52047,33263
33089,52052,33226
33156,52057,33225
33072,52007,33254
33072,52063,33399
33094,52047,32943
33141,51997,33236
33082,52039,33279
33072,52027,33257
33044,52005,33412
32996,52039,33229
32972,51959,33263
32993,52020,33145
32980,52036,33159
32966,51957,33185
32920,52029,33367
32680,52015,33303
32260,51957,33319
31924,52021,33233
31460,52015,33265
30860,52039,33437
30280,52011,32989
29725,51985,33123
29357,52020,33372
29348,52022,33287
29704,51954,33306
30264,52004,33245
30824,51925,33319
31516,51993,33298
32381,51997,33245
33118,51959,33277
33864,52001,33405
34528,52006,33308
35417,52015,33327
36765,51999,33250
38292,51997,33308
39800,52004,33439
41156,51975,32999
42416,51975,33287
42990,51975,33397
42900,51991,32940
42500,51975,33149
41868,51989,33237
41028,51997,33295
40048,51956,33423
38976,51988,32927
37852,51975,33171
36672,51975,32999
35592,51991,33254
34676,51975,33349
33952,51988,33303
33444,52005,33284
33148,51975,33153
32864,51997,33237
32625,51951,33341
32484,51975,33309
32320,51975,33434
32133,51945,33287
32032,51975,33287
31976,51949,33097
31896,51975,33183
31844,51964,33364
31877,51949,33298
31829,51895,33216
31840,51975,33241
31880,51957,33243
31834,51956,33367
31768,51953,33287
31741,51943,33301
31660,51940,33255
31598,51951,33305
31652,51943,33375
31712,51863,32944
31689,51957,33231
31668,51943,33368
31772,51885,32891
31684,51943,33125
31670,51935,33399
31666,51935,33285
31680,51916,33311
31630,51927,33143
31641,51919,33317
31700,51935,33287
31677,51919,33127
31734,51921,33242
31860,51916,33287
31860,51863,33314
31823,51911,33311
31828,51900,33431
31860,51903,32881
31822,51895,33430
31840,51822,32965
31911,51903,33125
31944,51899,33255
31914,51903,33287
31965,51903,33427
31989,51901,33257
31988,51884,33297
32044,51797,33306
32084,51884,33173
32077,51877,33274
32053,51876,33354
32058,51798,33285
32032,51889,33391
32032,51879,33221
32066,51876,33295
32015,51829,33269
31974,51863,33215
32016,51859,33245
32029,51861,33327
32038,51812,33287
32117,51857,33101
32232,51861,33403
32255,51767,33241
32304,51857,33255
32356,51847,33276
32364,51815,33271
32329,51847,33245
32365,51817,33239
32360,51839,33411
32280,51831,32903
32300,51815,33247
32384,51765,33095
32350,51841,33099
32367,51757,33397
32456,51831,33234
32464,51829,32901
32504,51833,33229
32559,51805,33373
32484,51815,32871
32396,51743,33190
32376,51821,33353
32401,51809,33221
32412,51815,33141
32444,51815,32807
32488,51815,33220
32444,51748,33188
32421,51811,33347
32517,51785,33208
32576,51788,33315
32540,51757,32825
32604,51799,33084
32672,51789,32783
32688,51799,33055
32657,51788,33021
32714,51716,33042
32660,51783,32925
32615,51788,33005
32671,51765,32751
32664,51775,33287
32602,51783,33151
32666,51773,33279
32736,51695,33153
32711,51708,33079
32724,51735,33055
32844,51717,33127
32924,51719,33073
32916,51769,33063
32944,51757,33151
32908,51757,33055
32870,51695,33061
32872,51763,33081
32900,51753,33223
32912,51757,33055
32949,51761,33055
33046,51749,32687
33057,51737,32899
33013,51671,32903
33092,51733,32916
33120,51719,32995
33076,51719,33042
33060,51711,33131
33041,51749,33030
33004,51719,33153
33004,51740,33019
33048,51704,33102
33085,51719,32988
33088,51719,32997
33016,51695,32927
32956,51695,32959
32860,51719,32981
32808,51717,32940
32788,51677,32945
32767,51719,32919
32791,51719,33014
32821,51711,32941
32748,51687,32995
32648,51701,32932
32608,51695,33031
32556,51631,32559
32496,51700,32781
32436,51695,32989
32381,51620,32925
32253,51703,33049
32156,51700,32871
32190,51647,32887
32152,51695,32767
32072,51687,32733
32068,51677,32482
32084,51607,32895
32024,51687,32465
32048,51664,32973
32088,51676,32463
32007,51675,32989
31967,51591,32861
32116,51665,32997
32140,51659,32849
32072,51591,32851
32097,51655,32782
32208,51655,32775
32248,51591,32807
32222,51666,32733
32261,51645,32791
32262,51661,32703
32248,51655,32616
32350,51651,32855
32288,51569,32831
32190,51647,32981
32220,51626,32805
32200,51639,32976
32156,51559,32839
32284,51645,32981
32453,51612,32844
32532,51630,32975
32613,51565,32829
32761,51639,32966
32796,51591,32813
32772,51607,32929
32760,51613,32837
32696,51606,32988
32620,51549,32849
32552,51607,32968
32549,51591,32839
32526,51599,32947
32501,51591,32839
32588,51509,32855
32644,51581,32775
32626,51588,32805
32652,51581,32783
32677,51574,32503
32647,51581,32901
32740,51559,32747
32746,51565,32445
32706,51572,32975
32800,51571,32693
32960,51567,32665
32989,51559,32972
32781,51527,32869
32838,51551,32796
32885,51543,32703
32796,51551,32676
32793,51463,32849
32772,51548,32868
32709,51535,32847
32660,51533,32870
32724,51481,33000
32756,51543,32903
32649,51517,32884
32644,51511,32803
32645,51522,32855
32596,51523,32871
32564,51516,32957
32633,51523,32508
32687,51509,32761
32796,51513,32823
32844,51508,32884
32824,51507,33005
32800,51501,32933
32826,51463,32957
32852,51463,32903
32804,51463,32895
32824,51415,32823
32801,51406,32965
32724,51481,33124
32708,51463,32993
32794,51463,33101
32801,51463,32999
32780,51405,32957
32876,51455,32981
32936,51437,32966
32884,51455,32852
32858,51457,32870
32886,51461,33140
32812,51463,33057
32768,51399,33013
32788,51453,33031
32749,51439,33063
32644,51445,33087
32724,51445,33215
32798,51437,33252
32793,51367,33076
32900,51445,33033
33005,51410,33068
33076,51447,33125
33072,51399,33255
33088,51357,33084
33012,51439,33100
32936,51429,33051
32957,51428,33075
32957,51349,33023
32860,51429,32735
32820,51417,33108
32861,51423,32906
32872,51429,33048
32924,51431,33083
32968,51427,33079
32916,51375,33151
32844,51429,32973
32845,51407,32953
32896,51401,33109
32924,51351,32754
32991,51415,33173
33039,51407,33103
32949,51351,33119
32884,51427,32684
32848,51415,33124
32804,51357,33115
32796,51408,33229
32780,51415,33093
32745,51407,33219
32656,51375,33100
32639,51421,33109
32664,51415,33039
32624,51375,33100
32628,51421,33089
32812,51335,33068
32964,51421,33027
32962,51413,33079
32976,51413,33189
33012,51348,33079
32985,51421,33215
32887,51413,32775
32856,51367,32895
32768,51423,33006
32773,51414,33023
32927,51407,33141
32956,51421,33044
32872,51413,33215
32899,51399,33057
32932,51406,33183
32965,51411,33075
33024,51420,33209
33028,51417,32660
33012,51421,32955
32992,51359,33070
33068,51429,33087
33076,51407,33077
33076,51421,33044
33124,51421,33189
33140,51415,33104
32980,51365,33178
32892,51431,32861
32924,51427,32935
32916,51429,32987
32857,51433,33091
32868,51425,33122
32855,51435,33063
32848,51431,33068
32986,51415,32973
33085,51426,33041
33110,51421,33044
33068,51431,33039
33044,51433,32951
33001,51375,33017
33024,51444,33095
33160,51437,33177
33208,51421,33108
33084,51385,33121
33005,51431,33149
32984,51436,33050
32888,51439,32765
32800,51434,33245
32806,51447,33062
32849,51449,32748
32908,51421,33232
32960,51447,33135
32983,51451,33073
32960,51447,33021
32944,51439,33113
32941,51383,33245
32845,51455,33117
32745,51447,33283
32740,51463,33108
32720,51463,33007
32791,51455,33084
32900,51427,32789
32952,51461,33263
32852,51491,33197
32804,51463,33327
32856,51431,33191
32836,51445,33250
32820,51463,33236
32832,51484,33301
32768,51495,33157
32748,51495,33183
32781,51495,33095
32800,51463,33253
32716,51485,33265
32728,51479,33263
32719,51415,33279
32684,51495,33269
32530,51493,33309
32400,51495,33383
32344,51491,33348
32321,51509,33493
32444,51517,33341
32572,51525,33383
32676,51497,33380
32679,51501,33516
32765,51431,33413
32624,51527,33577
32549,51511,33476
32538,51517,33559
32501,51527,33508
32468,51532,33509
32574,51535,33511
32624,51523,33485
32524,51519,33722
32540,51521,33613
32600,51521,33755
32632,51463,33668
32556,51541,33814
32548,51537,33299
32504,51463,33597
32473,51559,33343
32544,51537,33750
32593,51545,33759
32584,51551,33789
32640,51540,33915
32688,51463,33919
32718,51551,34071
32780,51549,33989
32908,51551,34093
33028,51559,34036
33044,51557,34135
33048,51478,33695
33032,51549,34083
32847,51551,34135
32756,51545,34342
32649,51501,34217
32568,51551,34311
32504,51549,34271
32600,51551,34445
32632,51548,34357
32686,51561,34512
32784,51551,34035
32830,51527,34374
32897,51565,34517
32949,51538,34627
32884,51535,34711
32800,51545,34743
32736,51556,34965
32800,51553,34904
32858,51564,35031
32864,51565,35057
32952,51551,35237
32976,51545,35097
32916,51477,35277
32836,51543,35255
32767,51543,35321
32688,51551,35708
32700,51477,35647
32808,51487,35925
32870,51565,35860
32892,51556,35972
32896,51551,36037
32846,51543,36167
32696,51497,36119
32528,51543,36357
32264,51523,36487
31908,51516,36743
31528,51544,36669
31125,51535,36759
30524,51544,36871
29896,51507,37007
29316,51537,37119
29012,51543,37189
28961,51479,37270
29274,51509,37562
29908,51532,37044
30472,51527,37573
30986,51543,37911
31552,51461,37511
32136,51559,37966
32708,51549,38245
33704,51511,38115
35268,51535,38279
37005,51531,38593
38552,51463,38535
40132,51517,38656
41530,51513,38823
42520,51479,38333
42924,51521,38919
42572,51527,39105
41972,51532,39065
41360,51527,39324
40632,51511,39419
39660,51521,39669
38621,51520,39639
37700,51517,39737
36738,51509,40053
35812,51519,39943
35005,51511,39965
34306,51524,40247
33758,51523,40326
33385,51447,40583
33124,51516,40516
32888,51487,40772
32744,51495,40735
32636,51493,41001
32455,51429,40895
32381,51495,41077
32389,51484,40679
32372,51487,41316
32356,51461,41326
32290,51487,41468
32132,51477,41477
31934,51463,41607
31904,51399,41687
31903,51431,41479
31881,51463,41782
31948,51448,41674
32033,51463,42119
32089,51457,41885
32010,51461,42306
31972,51458,42392
31998,51445,42599
31976,51447,42554
32036,51428,42673
32125,51431,42673
32132,51367,42837
32142,51437,42349
32175,51413,43141
32161,51431,43151
32164,51431,43298
32214,51424,43316
32210,51335,43399
32134,51430,43435
32145,51407,43525
32188,51402,43505
32124,51405,43111
32012,51335,43716
32017,51401,43745
32021,51405,43889
32017,51407,43949
32149,51393,43951
32264,51327,43983
32276,51325,43597
32397,51357,44157
32396,51383,44207
32328,51383,44239
32260,51383,44351
32292,51380,44319
32276,51375,44412
32292,51391,44399
32369,51367,44452
32413,51367,44517
32388,51335,44497
32400,51335,44374
32412,51349,44482
32394,51303,44613
32388,51335,44743
32404,51359,44735
32400,51345,44763
32392,51335,44773
32475,51327,44799
32559,51348,44775
32568,51335,44409
32592,51343,44749
32584,51332,44614
32481,51335,44781
32398,51302,44869
32428,51319,44796
32422,51335,44949
32413,51348,44911
32485,51333,44827
32512,51276,44908
32509,51335,44959
32544,51327,44967
32623,51285,45031
32532,51309,44973
32520,51317,44523
32556,51271,44919
32569,51329,44988
32520,51260,44807
32536,51333,45004
32596,51321,44945
32549,51271,44639
32593,51308,44935
32630,51303,44951
32623,51255,44551
32638,51317,44833
32702,51317,44903
32703,51279,44797
32728,51284,44711
32773,51308,44767
32781,51237,44847
32746,51308,44801
32704,51299,44821
32769,51287,44711
32772,51287,44644
32772,51308,44608
32801,51297,44564
32784,51303,44247
32772,51301,44588
32868,51207,44636
32912,51303,44580
32878,51293,44550
32916,51280,44489
32948,51287,44463
32924,51223,44407
32942,51297,44343
33029,51300,44431
33038,51287,44369
32993,51288,44309
33076,51291,44039
33118,51207,44277
33120,51295,44263
33096,51271,44201
33158,51277,43675
33134,51267,44129
33120,51271,43679
33184,51279,43974
33220,51271,44061
33189,51301,44095
33218,51285,44068
33276,51224,44017
33174,51236,44004
33180,51283,43997
33172,51275,43925
33098,51277,43919
33028,51276,43917
33040,51271,43855
32996,51207,43753
32921,51294,43719
32954,51279,43797
32932,51207,43830
32754,51279,43775
32640,51264,43749
32556,51276,43711
32460,51268,43726
32389,51196,43717
32356,51287,43519
32340,51279,43701
32215,51263,43683
32157,51286,43679
32100,51207,43675
31988,51253,43623
31980,51277,43055
32033,51231,43563
31956,51279,43069
31920,51279,43447
31892,51207,43608
31844,51287,43589
31838,51285,43588
31892,51281,43551
31912,51207,43586
31876,51283,43537
31816,51271,43551
31857,51263,43402
31828,51269,43452
31788,51271,43471
31852,51271,43357
31892,51207,43413
31912,51271,43499
31932,51287,43431
31984,51207,43508
31928,51255,43439
31872,51263,43456
31901,51279,43346
31848,51267,43468
31836,51269,43420
31908,51285,43453
31981,51271,43373
32000,51279,43479
32078,51255,43437
32116,51263,43498
32097,51271,43420
32092,51271,43463
32119,51255,42883
32105,51263,43353
32058,51239,43431
32108,51263,43455
32116,51278,43524
32078,51284,43029
32096,51277,43515
32142,51275,43493
32119,51271,43527
32096,51255,43520
32161,51263,43503
32108,51263,43559
32092,51237,43388
32125,51263,43631
32096,51271,43554
32078,51197,43548
32122,51277,43559
32160,51268,43559
32130,51276,43653
32085,51189,43660
32133,51258,43702
32104,51271,43717
32028,51262,43772
32032,51259,43805
32048,51279,43724
32057,51269,43863
32100,51193,43879
32216,51279,43901
32262,51268,43901
32311,51267,43839
32353,51255,43977
32320,51253,44006
32312,51263,43991
32364,51181,44049
32329,51271,44039
32257,51257,43605
32284,51269,44039
32340,51259,44111
32310,51263,44135
32293,51260,44196
32302,51187,44263
32268,51255,44258
32232,51247,44241
32292,51183,44219
32378,51261,43881
32365,51236,44197
32390,51261,44370
32445,51268,44391
32392,51247,44365
32402,51236,44475
32420,51173,44494
32365,51207,44484
32336,51252,44457
32352,51236,44399
32352,51261,44167
32292,51253,44562
32420,51189,44637
32509,51255,44647
32453,51231,44661
32413,51163,44607
32369,51239,44618
32364,51207,44631
32367,51228,44647
32422,51245,44687
32480,51231,44679
32516,51239,44532
32600,51190,44775
32615,51220,44671
32588,51229,44743
32580,51223,44865
32629,51207,44735
32613,51189,44851
32612,51237,44839
32655,51220,44749
32686,51229,44901
32652,51207,44452
32677,51204,44942
32717,51229,44951
32672,51207,44859
32668,51140,44923
32733,51207,44868
32693,51155,44955
32644,51207,45045
32662,51201,44973
32668,51188,44949
32636,51197,45063
32685,51207,45012
32760,51143,44571
32772,51197,45027
32824,51127,45035
32868,51207,44757
32862,51189,45063
32850,51161,45057
32922,51207,45159
32928,51203,45095
32936,51133,45005
32992,51191,45220
33052,51188,45040
33028,51199,45149
33024,51175,45211
33060,51185,45239
33020,51181,45243
32917,51150,44965
32956,51189,45319
33001,51204,45156
32980,51191,45245
33044,51119,45353
33134,51191,45319
33168,51177,45229
33150,51181,45405
33132,51175,45243
33128,51154,45365
33185,51165,45220
33216,51109,45467
33204,51191,45431
33180,51189,45338
33280,51103,45503
33316,51175,45447
33325,51165,45271
33325,51095,45440
33341,51167,45428
33376,51161,45575
33332,51173,45544
33388,51175,45556
33420,51159,45495
33408,51100,45508
33420,51183,45575
33433,51173,45575
33484,51169,45636
33517,51159,45639
33532,51143,45757
33466,51165,45721
33454,51165,45781
33496,51175,45751
33480,51159,45787
33444,51093,45747
33513,51172,45765
33653,51159,45911
33612,51165,45879
33556,51167,45703
33540,51151,45956
33445,51156,45909
33436,51151,45726
33469,51100,45925
33507,51171,45941
33548,51173,46028
33600,51164,45991
33654,51159,46037
33646,51086,46013
33688,51156,46061
33781,51135,46023
33800,51151,45983
33796,51093,45903
33908,51156,46023
33996,51159,46013
34036,51111,45908
34085,51145,45973
34164,51149,46058
34196,51095,46004
34196,51147,45845
34216,51143,45977
34208,51079,45932
34214,51151,45996
34256,51140,45911
34244,51070,45688
34214,51132,45789
34236,51159,45831
34264,51143,45917
34236,51143,45871
34235,51139,45879
34258,51141,45703
34304,51133,45753
34292,51079,45469
34340,51151,45764
34408,51143,45733
34436,51068,45585
34510,51143,45703
34584,51133,45615
34524,51141,45319
34496,51125,45453
34524,51121,45439
34496,51127,45252
34525,51101,45397
34596,51135,45447
34634,51143,45492
34653,51149,45371
34740,51150,45270
34857,51135,45397
34884,51093,45285
34884,51135,45057
34897,51129,45305
34826,51127,45188
34780,51125,45117
34702,51149,45204
34689,51141,44967
34748,51143,45063
34820,51132,44551
34832,51092,44924
34725,51139,44606
34652,51126,44860
34496,51063,44839
34223,51125,44881
33884,51124,44799
33570,51126,44284
33064,51061,44711
32554,51156,44652
31980,51141,44612
31557,51143,44599
31325,51141,44623
31358,51131,44580
31800,51079,44103
32232,51133,44513
32628,51127,44447
33348,51148,44313
34104,51149,44209
34733,51105,44343
35212,51167,44327
36255,51159,44249
37952,51143,43789
39905,51108,44039
41856,51129,44120
43540,51132,44055
45126,51137,44064
46061,51135,44093
46228,51135,44008
45888,51143,43637
45284,51143,43887
44316,51148,43959
43160,51151,43943
41829,51159,43927
40588,51145,43761
39372,51095,43679
38279,51159,43847
37417,51162,43261
36805,51167,43721
36328,51181,43732
35969,51181,43729
35673,51167,43677
35404,51171,43526
35220,51133,43564
35144,51151,43660
35000,51171,43495
34802,51175,43605
34752,51164,43585
34764,51175,43229
34725,51189,43544
34719,51161,43575
34752,51143,43191
34664,51175,43399
34596,51167,43565
34612,51162,43527
34530,51101,43556
34500,51175,43039
34553,51173,43517
34565,51101,43509
34516,51191,43068
34488,51159,43359
34485,51173,43564
34476,51119,43399
34488,51167,43361
34502,51156,43527
34492,51103,43565
34448,51175,43575
34537,51143,42985
34620,51169,43375
34624,51111,43599
34657,51175,43474
34701,51092,43544
34652,51177,43589
34633,51159,43617
34680,51161,43496
34656,51183,43629
34590,51173,43663
34663,51180,43255
34668,51151,43547
34645,51191,43417
34660,51180,43492
34721,51116,43685
34672,51189,43655
34634,51173,43527
34621,51191,43423
34600,51111,43663
34616,51189,43655
34708,51108,43651
34783,51189,43695
34796,51181,43723
34820,51127,43354
34818,51143,43559
34785,51183,43383
34724,51181,43525
34780,51175,43429
34796,51181,43537
34764,51181,43375
34800,51151,43524
34894,51199,43703
34948,51197,43706
35011,51199,43713
35024,51181,43106
34944,51189,43572
34789,51187,43663
34805,51117,43668
34764,51199,43633
34725,51196,43183
34789,51197,43476
34812,51163,43655
34772,51199,43573
34777,51148,43527
34804,51201,43396
34814,51205,43591
34808,51132,43461
34792,51204,43431
34700,51201,43509
34676,51159,43236
34692,51205,43471
34749,51204,43399
34724,51207,43317
34740,51188,43404
34784,51207,43360
34744,51207,43321
34712,51157,43332
34718,51207,43309
34708,51187,42815
34652,51207,43071
34629,51223,43239
34653,51229,43136
34608,51159,43143
34629,51247,43111
34652,51228,43087
34640,51207,43011
34597,51207,42996
34613,51221,42959
34585,51175,43015
34532,51244,42851
34604,51228,42895
34649,51235,42775
34596,51247,42848
34562,51245,42687
34560,51239,42695
34588,51167,42599
34660,51236,42645
34728,51252,42503
34702,51237,42569
34638,51250,42401
34704,51255,42365
34719,51267,42275
34653,51269,42279
34696,51207,42173
34728,51261,42186
34716,51272,42087
34669,51269,42057
34636,51249,41959
34576,51271,41963
34582,51279,41900
34608,51239,42023
34627,51285,41751
34600,51276,41589
34588,51285,41735
34640,51234,41637
34630,51295,41765
34576,51298,41508
34554,51276,41545
34457,51289,41500
34360,51223,41389
34349,51295,41465
34304,51287,41261
34288,51317,41104
34208,51319,41197
34180,51269,41040
34081,51331,41087
34004,51317,40880
33873,51311,40747
33782,51319,40780
33648,51293,40295
33484,51333,40669
33433,51325,40857
33414,51349,40711
33436,51301,40711
33460,51348,40380
33340,51351,40534
33248,51348,40541
33205,51333,40420
33150,51351,40482
33127,51343,40360
33140,51357,40455
33108,51308,39910
33080,51388,40159
33116,51380,40295
33088,51309,40093
33040,51373,39887
32982,51375,40015
32970,51373,39916
32937,51381,39943
32892,51389,39879
32935,51325,39791
32910,51385,39599
32785,51423,39801
32804,51413,39542
32856,51411,39580
32813,51421,39599
32772,51428,39471
32832,51405,39416
32793,51412,39468
32756,51349,39327
32752,51437,39431
32785,51435,39197
32775,51445,39127
32728,51423,39235
32696,51459,39057
32672,51447,39165
32676,51447,38690
32716,51431,38919
32645,51451,38911
32557,51479,38759
32574,51463,38741
32596,51421,38836
32600,51495,38677
32644,51487,38572
32652,51406,38559
32612,51495,38516
32505,51493,38535
32498,51487,38421
32390,51505,38499
32316,51511,38351
32324,51523,38449
32290,51524,38119
32208,51527,38209
32220,51537,38276
32220,51463,38085
32142,51538,38095
32096,51525,37967
32121,51533,37993
32070,51501,37823
32047,51493,37679
32052,51567,37829
32012,51558,37274
31968,51587,37631
31992,51583,37196
32036,51503,37489
32002,51589,37691
31932,51589,37527
31970,51589,37353
31872,51543,37442
31759,51603,37403
31712,51591,37358
31640,51613,37326
31597,51625,37373
31621,51607,37247
31704,51628,37327
31688,51628,37143
31640,51633,37113
31668,51625,37004
31663,51629,37005
31604,51653,37117
31646,51647,36917
31620,51674,37022
31542,51655,36829
31537,51679,36847
31650,51685,36700
31592,51673,36700
31512,51695,36647
31584,51679,36287
31524,51613,36385
31416,51703,36479
31424,51716,36452
31436,51687,36543
31428,51716,36096
31455,51719,36244
31489,51732,36407
31468,51719,36232
31427,51719,36020
31457,51719,36238
31409,51745,36084
31326,51708,36141
31364,51765,36007
31325,51767,36071
31281,51783,35879
31327,51775,35693
31340,51779,35782
31284,51797,35778
31256,51795,35845
31258,51782,35520
31212,51719,35591
31204,51749,35463
31204,51823,35583
31186,51801,35265
31124,51819,35635
31084,51831,35444
31072,51757,35493
31078,51836,35367
31062,51829,35461
31072,51845,35303
31052,51783,35278
30960,51847,35159
30939,51869,35191
30932,51847,35292
30880,51887,35092
30912,51884,35063
31007,51887,34599
31042,51815,35157
31004,51888,35015
30996,51895,34918
30912,51903,34887
30780,51847,34873
30778,51916,34947
30728,51919,34841
30689,51935,34909
30718,51871,34777
30745,51925,34624
30708,51927,34327
30617,51943,34553
30652,51941,34756
30594,51956,34663
30473,51973,34771
30424,51952,34203
30461,51975,34484
30484,51943,34543
30576,52005,34451
30552,51999,34144
30496,51997,34439
30462,51956,34533
30481,52007,34548
30452,52009,34567
30398,51943,34483
30336,52037,34525
30390,52029,34647
30311,52045,34502
30314,52025,34343
30361,52036,34479
30368,51975,34489
30357,52057,34414
30336,52049,34085
30300,52061,34632
30257,52071,34517
30249,52053,34631
30220,52087,34521
30192,52087,34493
30230,52093,34475
30258,52011,34119
30217,52111,34540
30140,52103,34543
30112,52103,34618
30060,52103,34700
30032,52047,34885
30049,52140,34799
30024,52141,34943
29989,52143,34930
30020,52091,35079
30045,52159,35063
29960,52167,35135
29938,52167,35142
29904,52095,35247
29852,52175,35164
29772,52183,35119
29780,52191,35629
29836,52207,35492
29788,52117,35265
29716,52213,35773
29728,52207,35775
29705,52178,35901
29596,52167,36007
29557,52215,36004
29500,52229,36135
29396,52231,36135
29366,52244,36231
29380,52258,36185
29333,52187,36439
29364,52258,36321
29425,52277,36548
29412,52279,36765
29412,52267,36676
29440,52269,36911
29380,52284,36836
29264,52207,36903
29236,52231,36980
29249,52287,37023
29208,52332,37205
29255,52327,37148
29253,52319,37320
29212,52327,37255
29148,52325,37297
29100,52283,37319
29074,52349,37423
29052,52340,37437
29025,52359,37243
29104,52375,37529
29157,52333,37173
29236,52381,37665
29319,52388,37191
29308,52391,37828
29280,52324,37781
29273,52393,37965
29224,52391,37868
29152,52417,37939
29124,52327,37895
29077,52439,38039
29030,52431,37895
29089,52431,37996
29124,52445,38204
29100,52447,38049
29012,52359,38102
28976,52448,38001
28928,52439,37743
28898,52468,38307
28904,52463,38164
28910,52475,38199
28926,52463,38202
28957,52468,38369
28966,52487,37775
28937,52503,38204
28892,52487,38391
28884,52487,38231
28888,52441,38372
28885,52518,38212
28889,52511,38237
28845,52487,37773
28750,52549,38132
28732,52535,38109
28744,52543,38079
28772,52469,37999
28732,52559,38279
28736,52545,37735
28699,52558,38040
28624,52569,38310
28628,52567,38207
28658,52581,38345
28595,52511,38180
28588,52605,38047
28681,52593,38175
28664,52517,38196
28564,52593,38268
28492,52599,38043
28328,52548,38140
28004,52580,38227
27636,52629,38111
27249,52607,38137
26764,52639,38073
26316,52567,38301
25768,52647,38151
25224,52645,38311
24903,52645,38151
24927,52661,38221
25274,52615,38137
25726,52647,38183
26236,52686,37963
26877,52663,37789
27612,52705,38055
28300,52711,37567
28752,52628,38071
29480,52727,38066
30784,52714,37951
32584,52717,38076
34420,52677,38039
36084,52735,38121
37729,52732,38022
38844,52743,38181
39120,52701,38023
38950,52759,38132
38432,52743,37956
37553,52759,38135
36396,52775,37964
35152,52788,38091
33878,52775,37934
32540,52791,38039
31409,52800,37919
30456,52807,38031
29680,52829,37884
29165,52819,37989
28764,52821,37837
28438,52767,37826
28196,52799,37785
28104,52823,37859
27972,52743,37796
27832,52847,37929
27724,52839,37743
27728,52847,37615
27637,52818,37724
27600,52871,37585
27568,52853,37759
27548,52869,37669
27473,52775,37799
27476,52839,37675
27429,52871,37780
27353,52871,37605
27334,52807,37649
27329,52871,37604
27276,52911,37707
27230,52895,37579
27249,52893,37669
27237,52908,37519
27176,52887,37492
27137,52887,37439
27126,52911,37393
27057,52895,37571
27107,52820,37043
27191,52917,37268
27206,52925,37375
27200,52925,37369
27277,52934,37293
27332,52935,37284
27344,52925,37029
27386,52924,37259
27392,52919,37133
27376,52943,36993
27428,52948,37082
27474,52884,37055
27441,52959,37183
27532,52953,36559
27632,52955,36989
27636,52871,36467
27592,52977,36903
27638,52967,36609
27649,52871,36815
27621,52987,36949
27661,52975,36783
27782,52991,36850
27815,52989,36719
27868,52991,36693
27938,52991,36537
27974,52919,36581
27970,52999,36607
27999,52941,36517
27974,52997,36413
27917,52948,36447
27882,52932,36343
27904,53029,36397
27904,53023,36236
27928,53039,35947
28040,53019,36188
28049,52959,36268
28028,53023,36111
28048,52999,36085
28096,53017,36084
28088,52999,36183
28193,53047,36148
28288,53047,36091
28324,53057,36059
28412,53063,35981
28488,53063,35947
28505,53044,35970
28432,53039,35881
28390,53047,35877
28348,53039,35788
28302,53036,35792
28343,53071,35615
28396,52991,35620
28402,53084,35601
28471,53087,35663
28532,53085,35751
28564,53095,35591
28564,53079,35651
28609,53095,35512
28609,53070,35463
28556,53095,35303
28534,52999,35353
28577,53111,35303
28588,53110,35293
28653,53031,35233
28734,53116,35204
28734,53103,35157
28696,53111,35156
28708,53071,35075
28737,53117,35093
28749,53115,35061
28780,53109,35012
28868,53033,34863
28900,53141,34937
28996,53127,35066
29069,53125,34899
29116,53125,34909
29100,53039,34800
29154,53127,34823
29184,53127,34755
29184,53047,34777
29248,53149,34676
29373,53141,34669
29398,53151,34561
29392,53159,34567
29473,53149,34504
29480,53156,34407
29433,53159,34311
29516,53119,34055
29588,53103,34535
29600,53164,34357
29684,53095,34308
29780,53159,34310
29758,53167,34235
29832,53111,34277
29960,53172,34199
29977,53167,34165
29952,53172,34018
30032,53127,33925
30049,53111,34008
30048,53149,33799
30046,53190,33923
30052,53201,34029
30008,53183,34061
29990,53199,33900
30016,53191,33731
29965,53103,33815
29880,53191,33669
29881,53201,33727
29865,53191,33743
29860,53191,33623
29868,53206,33775
29892,53196,33701
29873,53215,33783
29888,53163,33623
29920,53194,33695
29916,53207,33551
29864,53212,33481
29878,53205,33423
29888,53215,33447
29858,53211,33348
29860,53125,33389
29927,53224,33317
29913,53217,33399
30000,53159,32993
30108,53227,33143
30184,53215,33283
30180,53151,33143
30180,53223,33229
30192,53215,33065
30165,53231,32981
30208,53187,32979
30348,53229,32999
30469,53231,32949
30516,53167,32891
30610,53237,32839
30676,53223,32832
30657,53219,32911
30676,53207,32825
30781,53247,32861
30724,53223,32765
30732,53234,32846
30852,53254,32324
30926,53235,32567
31000,53183,32599
31116,53244,32654
31134,53236,32797
31076,53175,32648
31117,53228,32593
31120,53227,32607
31069,53239,32647
31104,53247,32711
31216,53245,32661
31265,53243,32799
31266,53255,32677
31344,53253,32727
31424,53173,32675
31436,53247,32825
31478,53245,32707
31524,53229,32805
31484,53255,32359
31534,53165,32697
31592,53207,32537
31645,53255,32628
31692,53250,32775
31777,53255,32802
31820,53248,32733
31817,53255,32742
31880,53244,32807
31876,53252,32975
31792,53183,32882
31760,53255,32996
31781,53255,32911
31721,53276,32943
31653,53239,32813
31732,53248,32815
31751,53255,33023
31780,53255,32818
31856,53255,32943
31896,53255,33107
31908,53183,33028
31968,53279,33135
32056,53279,33098
32074,53255,33116
32070,53255,33138
32166,53255,33209
32160,53268,32997
32148,53255,33235
32205,53255,33244
32197,53255,33410
32176,53255,33306
32176,53239,33317
32256,53280,33349
32268,53255,33378
32320,53255,33373
32393,53273,33466
32396,53269,33581
32308,53279,33519
32294,53255,33555
32280,53255,33492
32234,53266,33647
32241,53255,33645
32375,53208,33675
32439,53293,33581
32488,53279,33622
32516,53285,33663
32588,53287,33810
32536,53287,33835
32560,53255,33986
32577,53255,33948
32542,53203,34049
32504,53292,34016
32616,53255,34172
32705,53281,34071
32772,53248,34198
32844,53285,33715
32864,53277,34276
32864,53279,34191
32924,53205,34236
32944,53213,34231
32905,53284,34324
32837,53271,34269
32889,53271,34260
32902,53287,34209
32897,53255,34380
32968,53287,34287
33006,53249,34365
33016,53279,34425
33073,53269,34543
33172,53193,34471
33206,53199,34463
33237,53205,34465
33272,53208,34483
33296,53288,34725
33287,53287,34583
33329,53295,34631
33354,53262,34605
33300,53285,34627
33318,53283,34773
33353,53271,34723
33340,53268,34721
33389,53255,34671
33446,53287,34635
33509,53287,34636
33648,53279,34611
33772,53277,34667
33776,53244,34769
33656,53276,34854
33652,53255,34877
33648,53255,34981
33624,53269,34871
33660,53191,34543
33728,53287,35102
33701,53287,34975
33700,53279,35063
33764,53279,34863
33772,53255,34991
33736,53255,35092
33724,53190,34898
33724,53188,35036
33696,53223,35152
33720,53237,34881
33788,53244,34737
33764,53276,34943
33791,53271,34631
33781,53255,34957
33748,53207,35036
33701,53239,34927
33742,53255,34957
33858,53231,35246
33848,53255,35079
33880,53255,34783
33980,53255,35249
34016,53255,35111
34077,53199,35069
34129,53255,35111
34156,53273,35122
34128,53255,35210
34135,53248,35063
34148,53255,34780
34107,53255,35116
34116,53255,35075
34216,53255,35173
34288,53255,34911
34305,53255,35055
34404,53255,35183
34422,53252,35053
34384,53213,35020
34378,53255,34872
34348,53255,34596
34324,53247,35157
34304,53253,34967
34357,53245,34958
34388,53255,34836
34388,53239,34759
34412,53252,34877
34372,53251,34735
34268,53247,34903
34292,53255,34533
34320,53204,34956
34276,53255,34887
34277,53252,34983
34369,53247,34461
34416,53255,34716
34468,53255,34749
34504,53245,34809
34492,53249,34581
34396,53255,34785
34384,53241,34589
34452,53228,34805
34401,53243,34775
34388,53211,34844
34425,53181,34716
34352,53255,34757
34320,53252,34579
34380,53229,34694
34449,53237,34727
34438,53236,34661
34436,53213,34733
34485,53247,34645
34544,53237,34671
34548,53223,34463
34592,53239,34663
34586,53239,34598
34556,53244,34670
34556,53223,34437
34528,53236,34581
34488,53175,34517
34488,53225,34627
34460,53223,34487
34364,53223,34567
34324,53167,34471
34400,53235,34607
34360,53231,34439
34348,53227,34516
34396,53231,34050
34465,53227,34241
34471,53225,34324
34552,53183,34324
34604,53221,34439
34576,53212,34309
34516,53223,34311
34554,53225,34255
34516,53223,34343
34500,53223,34247
34588,53140,34293
34649,53223,33834
34613,53206,34095
34696,53196,34111
34772,53181,34127
34752,53204,34205
34740,53207,34109
34768,53211,34181
34740,53218,34025
34740,53215,33861
34828,53207,34136
34885,53215,33628
34885,53201,33863
34864,53193,33949
34796,53190,33999
34744,53182,34060
34741,53193,33911
34732,53205,33959
34580,53199,34031
34556,53196,33663
34750,53190,33901
34844,53193,33957
34782,53181,33940
34856,53175,33865
34832,53103,34003
34788,53187,33922
34816,53175,33749
34877,53175,33867
34817,53178,33939
34801,53188,33888
34850,53153,33885
34857,53159,33957
34868,53165,34079
34898,53113,33655
34933,53151,33981
34952,53151,34055
34832,53143,33911
34793,53167,33989
34820,53159,33989
34788,53089,34031
34837,53145,33823
34844,53127,34023
34738,53089,33990
34668,53127,33627
34581,53141,34082
34617,53143,33925
34678,53119,34214
34732,53140,34111
34668,53138,34095
34521,53113,34041
34373,53103,34149
34072,53127,34284
33728,53093,34041
33391,53101,34204
32800,53117,34207
32019,53124,34242
31372,53127,34215
31092,53055,34284
31028,53095,34183
31341,53127,34357
31976,53111,34020
32541,53111,34319
33101,53116,34459
33888,53037,33910
34713,53124,34255
35197,53109,34471
35732,53127,34023
36887,53121,34311
38540,53109,34308
40236,53127,34321
41924,53111,34311
43520,53111,34149
44858,53111,34430
45389,53095,34119
45333,53093,34271
44897,53101,34389
44080,53103,34301
42999,53055,34268
41764,53115,34245
40365,53111,34311
39092,53047,34407
37912,53108,34268
36964,53039,34039
36385,53092,34341
35927,53015,34307
35574,53087,34431
35536,53031,34480
35528,53065,34351
35324,53032,34363
35056,53095,34377
34836,53033,34281
34279,53069,34545
33861,53079,34143
33686,53092,34421
33400,53071,34545
33232,52991,34478
33206,53087,34452
33236,53076,34557
33241,53015,34534
33240,53079,34521
33388,53061,34505
33340,53079,34551
33416,53063,34445
33524,53020,34695
33520,53046,34581
33588,53055,34484
33564,52999,34716
33628,53023,34335
33520,53063,34452
33380,53045,34684
33412,53029,34614
34112,53031,34559
34664,53039,34567
34876,53031,34596
34496,53023,34559
33924,53031,34711
33567,53028,34527
33560,53021,34467
33463,53017,34657
33269,53031,34439
33265,52973,34487
33364,53015,34447
33368,53020,34247
33401,53015,34353
33352,52997,34405
33129,52927,34351
33231,53012,34399
33204,52999,34284
33156,52996,34358
33190,52999,33871
33398,52999,34045
33543,52995,34205
33413,52948,34179
33448,52997,34212
33572,52975,34132
33772,52989,34133
33864,52935,33687
33868,52997,33958
33902,52996,33895
33854,52983,33956
33764,52975,34007
33777,52900,34028
33772,52975,34037
33842,52935,34015
33852,52957,34102
33825,52967,33679
33857,52959,34023
33864,52967,33999
33832,52948,34102
33892,52935,34085
33966,52949,33949
34016,52871,34047
34020,52959,34110
34104,52955,33941
34117,52886,34116
34084,52941,34117
34089,52935,34021
34171,52935,34241
34168,52949,33836
34232,52951,33981
34264,52933,34167
34206,52927,34151
34153,52935,34013
34208,52916,34191
34264,52917,34159
34191,52927,34117
34114,52925,34073
34174,52931,34279
34176,52919,34261
34172,52871,34106
34224,52903,34196
34256,52909,34023
34200,52911,34311
34208,52900,34085
34216,52845,34191
34180,52893,34125
34300,52895,34339
34428,52900,34167
34424,52887,34229
34428,52820,34055
34503,52882,34369
34489,52884,33975
34486,52889,34255
34604,52863,34327
34630,52864,34221
34697,52871,34286
34677,52853,34399
34676,52871,34260
34604,52855,34337
34564,52871,34329
34572,52863,34311
34740,52845,34399
34736,52861,34407
34532,52871,34217
34536,52845,34417
34594,52849,34596
34720,52799,34527
34864,52863,34663
34880,52847,34473
34860,52845,34611
34872,52776,34789
34945,52847,34689
34820,52839,34551
34916,52837,34703
34873,52767,34805
34789,52836,34672
34753,52831,34959
34808,52773,34911
34832,52845,35103
34924,52837,34991
34932,52837,35166
34860,52815,35046
34732,52823,35076
34520,52735,35201
34446,52788,35185
34296,52809,35252
34133,52773,35161
34039,52807,35191
34127,52805,35215
34088,52805,35207
34017,52805,35559
33988,52805,35463
33932,52731,35641
33902,52807,35215
33864,52775,35651
33772,52783,35470
33726,52711,35615
33812,52805,35776
33672,52765,35774
33672,52789,35947
33684,52711,35833
33688,52796,35775
33700,52779,35764
33720,52772,35839
33692,52743,35967
33629,52767,36012
33605,52743,36111
33713,52769,36103
33786,52739,36258
33822,52767,36136
33825,52743,36285
33829,52743,36189
33876,52743,36359
33932,52660,36260
33920,52713,36359
33824,52711,36125
33780,52732,36386
33824,52736,36332
33790,52690,36485
33804,52740,36327
33856,52743,36532
33844,52724,36402
33742,52721,36521
33788,52711,36437
33704,52661,36494
33528,52727,36444
33352,52715,36614
33425,52711,36455
33413,52722,36487
33484,52709,36507
33568,52719,36477
33668,52695,36615
33695,52711,36476
33817,52682,36599
33924,52680,36436
34092,52647,36409
34028,52709,36228
34228,52692,36221
34404,52701,36352
34580,52615,36289
34624,52692,36380
34548,52671,36291
34293,52679,36319
34081,52635,36177
34052,52647,36204
33936,52669,36177
33980,52655,36020
33973,52661,36055
33980,52583,36039
33940,52632,36097
33977,52663,35974
34028,52639,36037
33925,52647,35727
34024,52615,35805
34081,52647,35932
33988,52647,35738
33848,52639,35808
33862,52629,35476
33968,52647,35580
34149,52647,35669
34268,52635,35463
34230,52631,35407
34113,52580,35065
34084,52631,35271
34048,52599,35316
33993,52615,35187
34056,52565,35023
34152,52615,35047
34200,52612,34921
34237,52612,34981
34264,52607,34932
34272,52607,35022
34220,52615,34849
34309,52575,34879
34384,52591,34735
34310,52599,34702
34264,52511,34636
34316,52583,34693
34260,52597,34567
34236,52575,34584
34301,52583,34508
34264,52500,34586
34145,52583,34039
34240,52571,34259
34245,52567,34223
34204,52487,34257
34240,52575,34351
34320,52551,34180
34336,52557,33863
34385,52565,34276
34556,52519,34221
34640,52559,34325
34508,52539,34228
34532,52527,34079
34544,52541,34323
34485,52543,34228
34464,52531,34351
34520,52539,34209
34500,52487,34087
34432,52543,34370
34486,52519,34245
34452,52524,34357
34392,52519,34264
34380,52441,34398
34356,52501,33833
34304,52487,34239
34322,52511,34311
34412,52503,34263
34412,52479,34381
34444,52527,33893
34486,52487,34141
34532,52501,34221
34574,52423,34246
34584,52487,34305
34609,52487,34278
34498,52487,34390
34445,52487,34249
34375,52485,34327
34332,52463,33898
34250,52487,34196
34270,52477,34213
34425,52477,34215
34432,52479,34330
34396,52407,34236
34352,52463,34338
34238,52436,34212
34240,52453,34316
34376,52457,34209
34388,52397,34341
34357,52471,34199
34364,52443,34320
34368,52450,34172
34308,52412,34235
34272,52439,33927
34286,52423,33994
34224,52431,34055
34188,52429,33997
34292,52353,34012
34334,52432,33996
34389,52429,33989
34552,52431,34071
34493,52423,34031
34376,52423,34071
34332,52436,33799
34304,52403,34042
34156,52407,33970
34073,52343,34131
34024,52399,33921
33948,52420,34221
33832,52407,34192
33844,52405,34365
33921,52343,33791
33908,52359,34271
33849,52404,34208
33788,52399,34250
33784,52383,34145
33802,52380,34180
33892,52389,34209
33896,52389,34212
33918,52311,34327
33996,52327,34165
34044,52325,34269
33973,52348,33745
33925,52379,34115
33890,52359,34104
33838,52367,34124
33893,52379,34247
33948,52372,34183
33968,52343,34269
33948,52359,34121
34056,52357,34197
34124,52343,34161
34174,52357,34221
34215,52343,34055
34268,52332,34169
34060,52349,34340
33972,52333,34229
34076,52343,34361
34016,52349,34207
33988,52319,34242
34102,52343,33865
34052,52333,34125
33940,52271,34129
33924,52327,34221
33960,52319,34415
33920,52327,34251
33912,52303,34196
33925,52335,34241
33860,52327,34161
33884,52324,34297
33928,52311,34263
34072,52313,34359
34141,52319,34373
34032,52311,34519
33945,52229,34015
33884,52311,34364
33700,52311,34469
33749,52302,34437
33772,52228,34463
33812,52327,34493
33890,52299,34623
33921,52301,34557
33849,52287,34437
33852,52303,34624
33764,52288,34589
33668,52303,34771
33636,52212,34788
33740,52301,34927
33816,52303,34940
33824,52299,35093
33780,52229,35055
33728,52302,35227
33740,52283,34813
33852,52291,35185
33860,52207,35381
33856,52275,35591
33765,52287,35637
33692,52302,35847
33736,52285,35815
33740,52297,35997
33825,52231,35581
33836,52285,36028
33850,52279,36252
34020,52293,36345
34153,52274,36623
34113,52218,36613
34080,52279,36877
34076,52287,36844
34007,52297,36947
33976,52295,36663
34004,52291,37451
33985,52284,37447
33884,52295,37671
33941,52283,37759
34021,52223,37989
33918,52283,38071
33922,52303,38261
34098,52283,38351
34185,52285,38535
34344,52295,38591
34488,52295,38476
34572,52215,39165
34504,52231,39207
34600,52295,39513
34676,52272,39593
34596,52291,39908
34372,52279,39933
34280,52283,40234
34198,52289,40292
34257,52295,40540
34408,52292,40543
34453,52215,40451
34368,52227,41142
34288,52231,41221
34272,52279,41470
34232,52231,41601
34208,52303,41973
34252,52281,41989
34248,52291,42223
34266,52295,41837
34424,52207,42685
34463,52263,42828
34448,52294,43143
34496,52295,43239
34500,52279,43527
34321,52289,43641
34168,52283,43965
34300,52287,44175
34316,52271,44391
34252,52303,44660
34056,52303,44855
33679,52289,45133
33165,52293,45319
32605,52261,45605
32062,52303,45780
31521,52287,46073
31100,52295,46265
30980,52231,46519
31040,52311,46743
31432,52311,46540
32092,52307,47111
32656,52303,47296
33304,52279,47695
34173,52295,47941
34868,52298,48071
35236,52309,48406
35808,52281,48623
36936,52282,48879
38404,52325,49013
39981,52312,49287
41596,52303,49487
43052,52295,49789
44020,52303,49908
44408,52271,50255
44281,52231,50407
43748,52253,50663
42933,52308,50823
42056,52324,51085
40988,52304,51289
39764,52327,51477
38668,52321,51679
37562,52255,51863
36520,52327,51605
35684,52311,52151
35116,52263,52405
34624,52319,52524
34286,52295,52677
34092,52319,52925
33920,52263,53127
33716,52312,53192
33700,52327,53492
33641,52241,53581
33540,52332,53692
33528,52303,53943
33492,52305,54125
33300,52229,54311
33184,52324,53703
33286,52285,54535
33254,52325,54589
33240,52317,54835
33348,52309,55028
33425,52323,55171
33359,52321,55225
33244,52303,55363
33177,52297,55367
33089,52260,55709
33104,52324,55871
33232,52308,55917
33228,52308,56143
33112,52319,56227
33120,52295,56397
33129,52317,56547
33120,52302,56583
33096,52302,56775
33068,52295,56796
32934,52309,56967
32912,52303,57085
33021,52281,57156
33100,52304,57351
33116,52295,56985
33181,52319,57476
33148,52309,57592
33049,52295,57709
32997,52299,57853
33040,52295,57855
33048,52293,58031
33152,52229,58119
33324,52255,58183
33344,52301,58333
33297,52301,58500
33286,52244,58596
33238,52295,58328
33108,52287,58663
33048,52287,58823
33212,52273,58949
33277,52287,59068
33332,52293,59007
33508,52255,59117
33512,52293,59244
33377,52295,59399
33332,52286,59509
33239,52207,58828
33060,52269,59605
33016,52279,59679
33054,52271,59805
33029,52278,59783
32976,52271,59879
32960,52201,59733
32932,52231,60124
32988,52291,60076
33165,52292,60295
33314,52261,60347
33256,52277,60396
33224,52199,59783
33246,52204,60569
33317,52279,60543
33317,52285,60719
33472,52263,60719
33530,52285,60831
33412,52277,60785
33408,52277,60910
33512,52231,60935
33534,52279,60997
33540,52199,61073
33613,52263,61207
33596,52271,61260
33516,52256,61319
33485,52276,61415
33423,52268,61313
33356,52265,61395
33364,52265,61508
33422,52212,61503
33525,52269,61607
33620,52261,61647
33680,52253,61783
33556,52223,61799
33440,52223,61842
33476,52252,61895
33444,52249,61972
33534,52260,61959
33712,52247,61996
33772,52252,62063
33660,52222,62159
33481,52261,62143
33537,52255,62182
33568,52231,62201
33598,52231,62331
33724,52253,62279
33772,52199,62437
33703,52263,62471
33804,52231,62495
33980,52231,62567
33996,52181,62621
34050,52213,62638
34000,52231,62659
33816,52231,62727
33736,52228,62689
33900,52247,62802
34060,52231,62752
34113,52253,62794
34232,52189,62829
34273,52205,62908
34165,52183,62855
34117,52199,62836
34164,52155,62979
34104,52231,62949
33951,52207,63005
34017,52231,63069
33972,52231,63063
34068,52226,63023
34333,52231,63079
34365,52156,62573
34264,52231,63159
33976,52213,62676
33872,52223,63295
33828,52231,63303
33812,52159,63319
33912,52225,63312
33914,52231,63286
33910,52231,63329
33904,52191,63302
33820,52231,63333
33600,52231,63229
33557,52231,63239
33605,52231,63231
33452,52228,63275
33312,52231,63229
33252,52231,63199
33153,52231,63079
32948,52231,63093
33040,52191,62983
33220,52231,62982
33237,52251,62655
33076,52231,62975
33124,52220,62825
33071,52231,62848
33071,52223,62535
33232,52231,62636
33260,52205,62580
33212,52231,62619
33300,52231,61844
33448,52231,62343
33460,52215,62253
33401,52217,62191
33556,52231,62039
33652,52231,62013
33505,52231,61884
33492,52231,61671
33440,52229,61625
33272,52231,61372
33276,52187,61255
33310,52231,61155
33300,52231,61087
33272,52231,60983
33390,52167,60868
33558,52223,60764
33476,52221,60515
33517,52231,60479
33660,52177,60487
33648,52221,60407
33636,52231,60423
33754,52228,60320
33641,52207,60349
33575,52231,60155
33601,52215,60227
33476,52221,59985
33276,52231,60117
33152,52231,60117
33132,52153,60125
33109,52231,59397
33144,52231,59911
33260,52231,59911
33344,52165,59895
33510,52227,59835
33768,52215,59911
33725,52213,59831
33761,52220,59783
33908,52213,59701
33905,52223,59635
33910,52151,59695
33853,52231,59063
33786,52223,59593
33609,52223,59431
33381,52220,59527
33272,52164,58749
33157,52218,59303
33004,52207,59191
32965,52220,59287
32964,52223,59196
32977,52231,59069
33084,52231,59015
33284,52221,58919
33565,52196,58863
33572,52159,58727
33800,52180,58735
34006,52228,58671
34036,52231,58596
34060,52228,58479
33926,52231,58345
33545,52244,58301
33327,52231,58287
33252,52231,58185
33260,52231,57863
33228,52231,58093
33362,52212,57991
33350,52223,57836
33332,52231,57832
33516,52171,56967
33772,52231,57717
33838,52247,57606
33909,52231,57511
33941,52197,57479
33988,52263,57351
33972,52231,57241
34014,52231,57117
34060,52231,57221
34036,52228,57095
33964,52252,56967
33959,52247,56896
34016,52255,56492
34052,52255,56924
34148,52257,56805
34062,52254,56685
33964,52255,56583
33924,52167,56183
33792,52257,56489
33566,52255,55735
33509,52247,56388
33533,52267,56239
33372,52271,56241
33384,52268,56119
33324,52267,55927
33188,52260,55813
33017,52276,55764
32916,52269,55588
32958,52261,55463
33060,52263,55371
33236,52279,55207
33380,52271,55045
33380,52292,54895
33356,52287,54839
33444,52198,54629
33336,52255,54407
33266,52295,54239
33136,52271,54102
33176,52287,53941
33125,52213,53767
33116,52295,53631
32944,52268,53453
32721,52301,53345
32749,52247,53117
32761,52311,52897
32636,52309,52797
32646,52295,52671
32624,52300,52508
32625,52297,52103
32765,52231,52091
32839,52309,51311
32841,52311,51881
32973,52327,51709
33082,52279,51535
33032,52319,51380
32931,52325,51163
32844,52319,51093
32932,52263,50929
32798,52335,50820
32705,52333,50671
32644,52332,50431
32617,52343,50295
32594,52316,50065
32640,52281,50124
32844,52351,50021
32962,52359,49949
32836,52351,49831
32732,52359,49625
32608,52279,49523
32322,52375,49415
32261,52359,49424
32361,52367,49245
32208,52391,49263
32297,52343,49039
32290,52396,49059
32161,52381,48971
32128,52398,48916
32353,52312,48764
32456,52410,48645
32425,52401,48626
32532,52413,48597
32560,52429,48519
32470,52435,48471
32468,52359,48428
32456,52453,48353
32412,52444,48268
32294,52444,48220
32277,52407,48204
32224,52463,48135
32152,52455,48071
32216,52473,48045
32417,52487,47934
32576,52487,47879
32663,52487,47493
32732,52507,47821
32472,52503,47780
32396,52423,47845
32196,52516,47215
31976,52517,47789
31945,52503,47713
32002,52534,47725
31948,52535,47729
31912,52477,47708
32072,52567,47165
32064,52551,47530
31930,52575,47513
31852,52487,47609
31694,52572,47597
31521,52564,47605
31460,52575,47572
31514,52519,47576
31425,52615,47525
31364,52613,47559
31527,52611,47481
31456,52615,47412
31473,52615,46924
31453,52623,47493
31461,52625,47503
31204,52644,47391
31056,52605,47437
31116,52671,47215
31146,52655,47293
31168,52677,47127
31294,52600,47261
31364,52681,46922
31276,52684,47236
31036,52693,47181
30985,52671,47301
31014,52703,47261
30949,52705,47215
31110,52671,47135
31224,52724,47057
31288,52725,46997
31204,52723,46852
31190,52743,46983
31052,52740,46915
30927,52743,46855
30924,52743,46823
30798,52718,46921
30640,52767,46868
30580,52689,46252
30579,52783,46727
30529,52799,46751
30532,52797,46668
30556,52705,46548
30500,52811,46653
30548,52789,46583
30559,52803,46508
30492,52743,46393
30436,52815,46128
30484,52833,46335
30580,52837,46231
30580,52844,46311
30552,52783,46181
30496,52831,46143
30356,52866,46151
30337,52845,46159
30485,52839,46101
30305,52853,45975
30239,52871,45949
30448,52871,45993
30656,52807,45967
30708,52911,45755
30657,52900,45795
30583,52900,45665
30578,52907,45867
30500,52908,45877
30478,52919,45817
30353,52917,45676
30076,52861,45759
29969,52879,45672
30085,52935,45791
30076,52953,45736
30096,52959,45741
30064,52895,45727
29889,52972,45733
29616,52972,45711
29429,52967,45756
28925,52981,45677
28140,52911,45719
27521,52999,45641
27047,52999,45727
26572,52944,45703
26528,53033,45766
26920,53044,45673
27388,53039,45719
27844,52967,45654
28533,53047,45735
29328,53037,45661
30102,53063,45749
30824,52977,45749
31558,53087,45855
32732,53081,45780
34256,53093,45908
35908,53031,45895
37484,53101,45935
38900,53095,45843
39912,53105,45943
40132,53055,45893
39848,53127,45887
39460,53127,45932
38888,53143,46069
38148,53173,46049
36952,53171,46115
35884,53175,46084
34789,53127,46081
33648,53193,46127
32444,53174,46126
31401,53197,46143
30532,53215,46173
30056,53233,46155
29838,53216,46175
29594,53239,46199
29256,53249,46233
29301,53175,46180
29078,53255,46207
28912,53247,46165
28772,53255,46188
28656,53269,45701
28625,53293,46247
28812,53295,46172
28796,53303,46277
28677,53319,46332
28661,53321,46316
28684,53247,46372
28580,53287,46198
28413,53351,46255
28281,53345,45855
28308,53351,46389
28061,53368,46453
28175,53303,46377
28232,53391,46330
28148,53404,46367
28137,53396,46372
28289,53413,45967
28372,53325,46493
28156,53428,46544
28052,53436,46451
28041,53420,46423
28020,53447,46508
28054,53455,46535
28084,53375,46535
28152,53495,46436
28100,53493,46544
28072,53495,46599
28132,53407,46598
28084,53509,46671
28160,53511,46599
28208,53511,46687
28125,53437,46586
28111,53559,46640
28175,53559,46533
28144,53567,46682
28152,53567,46716
28272,53583,46727
28260,53503,46660
28193,53597,46679
28224,53567,46639
28188,53612,46701
28116,53559,46740
28120,53639,46708
28149,53636,46767
28125,53653,46599
28143,53671,46757
28233,53671,46800
28224,53681,46702
28129,53685,46737
28053,53599,46709
28024,53706,46768
27980,53687,46721
28065,53714,46709
28156,53735,46599
28172,53741,46595
28208,53751,46695
28288,53767,46647
28224,53752,46581
28046,53767,46615
28037,53745,46569
27981,53767,46557
27874,53805,46468
27913,53813,46485
28036,53791,46453
28012,53834,46517
28076,53855,46471
28165,53833,46501
28146,53853,46132
28060,53863,46439
28070,53844,46335
28028,53836,46041
27933,53871,46195
27968,53895,46215
28040,53895,46291
28024,53927,46199
27996,53933,46176
28052,53927,46008
27956,53935,45999
27875,53863,46043
27919,53959,46005
27884,53949,45979
27836,53958,45901
27888,53975,45891
27980,53959,45780
28000,54015,45671
28046,53983,45612
28159,54008,45539
28148,53935,45599
28052,54023,45543
28065,54015,45527
28052,54023,45436
27945,53968,45011
27896,54045,45204
27992,54069,45188
27984,54089,45235
28004,54036,45135
28032,54061,45121
28025,54115,45021
27980,54109,44889
27976,54115,44883
27950,54023,44871
27900,54119,44759
27888,54111,44727
27964,54151,44617
27944,54065,44055
27936,54183,44509
28008,54191,44380
27968,54180,44015
27840,54188,44199
27868,54111,43733
27856,54201,43999
27813,54207,43621
27856,54199,43925
27941,54243,43865
27877,54244,43740
27884,54247,43536
27986,54255,43339
27872,54267,43319
27734,54239,43319
27704,54271,43205
27636,54279,42647
27548,54279,42924
27488,54301,42879
27480,54305,42921
27383,54325,42749
27361,54279,42661
27364,54340,42474
27256,54343,42503
27108,54260,42293
27021,54361,42317
26949,54351,42023
26844,54372,41969
26785,54375,41958
26800,54397,41716
26801,54319,41717
26860,54375,41463
26964,54423,41412
26928,54407,41198
26896,54421,41117
26932,54429,41219
26960,54388,40885
26878,54431,40701
26876,54463,40783
26938,54460,40583
26938,54475,40543
26940,54479,40293
26980,54397,39711
26969,54445,40199
26906,54509,40003
26980,54503,39916
27096,54500,39591
27116,54519,39175
27135,54527,39620
27169,54471,39345
27065,54551,39254
27049,54551,39160
27149,54565,39039
27200,54519,39068
27172,54569,38794
27244,54560,38831
27280,54569,38519
27264,54591,38119
27297,54575,38370
27380,54611,38199
27388,54621,38201
27440,54628,37997
27516,54559,37999
27532,54631,37719
27468,54606,37580
27481,54631,37173
27506,54631,36831
27513,54612,36972
27546,54631,36604
27620,54663,36521
27688,54663,36103
27812,54679,35863
27988,54597,35485
28012,54631,35409
27937,54703,35207
28017,54695,34988
28061,54711,34705
27971,54677,34457
27993,54709,34081
28053,54725,33983
28065,54661,33905
28080,54743,33565
28220,54733,33427
28216,54733,32954
28112,54751,32847
28104,54647,32669
28088,54750,32403
28037,54759,32303
28100,54753,31865
28248,54773,31481
28334,54742,31391
28456,54791,31332
28644,54787,31269
28688,54789,30727
28652,54791,30703
28640,54781,30415
28596,54791,30212
28513,54727,30060
28543,54733,29494
28632,54753,29677
28638,54853,29357
28647,54829,29127
28768,54842,28921
28868,54845,28709
28890,54838,28525
28965,54829,28293
29068,54855,27979
29078,54857,27943
29088,54789,27839
29213,54871,27543
29180,54886,27313
29140,54886,27109
29220,54823,26964
29188,54903,26841
29088,54887,26436
29150,54899,26179
29180,54805,26259
29168,54917,26029
29240,54917,26025
29372,54907,25711
29412,54929,25447
29457,54873,25207
29556,54943,25075
29533,54930,24967
29500,54946,24847
29533,54943,24628
29498,54854,24404
29361,54957,24645
29408,54940,24423
29544,54967,24199
29600,54977,24017
29604,54956,23933
29679,54965,23791
29666,54949,23612
29544,54990,23663
29484,54951,23686
29468,54959,23605
29396,55015,23494
29446,55015,23452
29573,55013,23347
29620,55023,23161
29704,54959,23329
29845,54996,23156
29880,55039,23225
29820,55037,23031
29852,55036,23107
29886,55039,22919
29852,54964,22829
29876,55063,22789
30028,55063,22646
30085,55057,22682
30174,55077,22683
30288,54981,22547
30349,55093,22437
30272,55077,22424
30284,55079,22367
30289,55013,22258
30271,55098,22214
30294,55103,22073
30408,55109,22197
30420,55105,22169
30504,55117,21987
30576,55115,21891
30548,55099,21869
30480,55071,21791
30500,55132,21628
30500,55143,21911
30452,55155,21762
30500,55143,21847
30673,55143,21657
30764,55156,21658
30776,55079,21551
30868,55175,21566
30885,55135,21228
30856,55173,21532
30881,55159,21349
30881,55132,21445
30803,55189,21279
30868,55191,21137
31016,55183,21049
31076,55199,21107
31053,55133,21034
31137,55188,20989
31185,55201,21160
31096,55221,21305
31170,55231,21244
31268,55221,21395
31237,55237,21277
31244,55245,21364
31312,55233,21148
31281,55245,21336
31215,55175,21247
31272,55265,21378
31288,55255,21476
31284,55257,21685
31333,55261,21597
31452,55205,21673
31492,55212,21693
31455,55276,21628
31524,55251,21678
31537,55303,21745
31556,55283,21767
31725,55303,21963
31772,55281,22153
31749,55277,22089
31784,55300,22114
31796,55303,22161
31716,55303,22180
31657,55332,22314
31732,55316,22374
31760,55321,22438
31804,55267,22542
31980,55351,22557
32149,55329,22735
32130,55351,22623
32076,55325,22652
32008,55349,22645
31924,55341,22823
31908,55356,22647
31972,55279,22750
32100,55388,22857
32380,55389,23116
32548,55355,23055
32592,55387,23211
32498,55303,22885
32485,55383,23121
32536,55335,22959
32530,55397,23020
32609,55391,23111
32764,55383,23147
32928,55422,23173
32980,55421,23302
32995,55351,23242
32936,55412,23239
32894,55413,23226
32961,55335,23452
32964,55413,23447
33000,55421,23452
32966,55359,23364
33093,55447,23524
33189,55437,23507
33009,55447,23670
32956,55375,23730
32953,55447,23748
32788,55452,23655
32837,55373,23727
32792,55401,23755
32774,55455,23882
32864,55389,24015
33080,55471,24105
33100,55460,24187
33180,55473,24237
33246,55479,24369
33189,55463,24532
33156,55431,24274
33112,55461,24447
33072,55476,24572
33159,55471,24552
33244,55412,24705
33504,55501,24839
33657,55495,24920
33673,55497,25028
33820,55517,25223
33792,55489,25286
33824,55471,25301
33945,55485,25465
33844,55495,25489
33520,55517,25670
33188,55462,25804
32856,55495,26035
32536,55431,25781
32073,55527,26061
31652,55519,26181
31094,55431,26308
30376,55527,26501
30134,55511,26205
30204,55519,26412
30416,55517,26659
30984,55516,26777
31653,55527,26930
32292,55541,26893
33016,55533,27087
33888,55453,27003
34572,55533,27295
35444,55532,27379
36832,55532,27568
38524,55527,27293
40080,55513,27548
41641,55543,27735
43167,55501,27821
44249,55559,27749
44600,55544,27909
44437,55549,28081
43894,55559,28306
43129,55551,28179
42388,55548,28281
41519,55480,28409
40384,55557,28535
39281,55558,28731
38268,55559,28678
37253,55585,28622
36372,55579,28771
35793,55559,28914
35264,55583,29124
34921,55559,28820
34703,55495,29036
34556,55573,29188
34381,55559,29319
34213,55573,29559
34312,55583,29198
34281,55591,29684
34308,55581,29511
34328,55519,29623
34232,55559,29879
34124,55559,29970
34024,55581,30169
33920,55559,30109
33844,55573,30159
33781,55579,30175
33916,55559,30227
33964,55579,30457
34064,55555,30554
34308,55580,30645
34440,55559,30753
34512,55485,30967
34584,55559,30557
34524,55559,30825
34316,55559,30903
34156,55573,31151
34189,55559,31184
34128,55589,31367
34084,55559,31579
34053,55553,31135
34068,55556,31451
34032,55477,31748
34046,55527,31772
34205,55543,31797
34252,55559,32007
34248,55527,31863
34380,55559,32052
34433,55503,32191
34388,55583,32401
34468,55527,32364
34596,55557,32412
34644,55541,32445
34657,55541,32583
34711,55547,32758
34800,55467,32324
34820,55559,32759
34920,55559,32815
34909,55551,32749
34928,55559,32959
35064,55559,33015
34997,55557,33136
34897,55559,33159
35036,55556,33065
35030,55540,33255
34972,55545,33351
35096,55549,33337
35108,55464,33341
35009,55559,33362
34974,55551,33513
35024,55549,33620
35058,55559,33811
34976,55551,33383
34956,55535,33700
34948,55479,33495
34856,55543,33999
34908,55533,33927
34997,55543,34081
35101,55471,33756
35204,55559,33997
35312,55539,34137
35260,55503,34127
35152,55524,34092
35200,55535,34157
35176,55541,34199
35084,55541,34194
35098,55518,34254
35205,55541,34271
35286,55535,34468
35452,55559,34413
35492,55551,34605
35552,55543,34492
35324,55550,34679
35184,55527,34559
35164,55525,34727
35237,55516,34576
35372,55543,34605
35454,55535,34463
35125,55551,34519
35072,55541,34869
35220,55469,34703
35189,55543,34781
35085,55532,34858
35140,55535,34767
35316,55526,34815
35280,55455,34919
35191,55501,34879
35173,55535,34764
35237,55532,35039
35422,55547,34885
35629,55447,34991
35584,55527,35113
35396,55519,34975
35420,55517,35007
35732,55447,35125
35645,55527,35116
35456,55525,35149
35622,55463,35159
35732,55533,35172
35764,55519,35299
35708,55525,35245
35740,55463,35190
35714,55524,35085
35728,55497,35288
35809,55509,35391
35846,55509,35381
35988,55443,35485
36178,55511,35414
36108,55511,35583
36110,55515,35471
36064,55511,35628
36145,55509,35523
36240,55495,35613
36300,55477,35191
36294,55495,35401
36240,55500,35414
36172,55415,35446
36352,55509,35503
36352,55493,35541
36090,55509,35671
35921,55495,35687
35764,55455,35623
35722,55509,35698
35765,55495,35679
35708,55420,35668
35532,55499,35692
35404,55500,35870
35396,55431,35313
35552,55503,35591
35503,55493,35625
35520,55495,35669
35480,55431,35701
35384,55495,35684
35316,55490,35789
35212,55487,35765
35164,55485,35823
35132,55491,35719
35129,55445,35668
35116,55487,35815
35084,55484,35725
35177,55489,35777
35188,55405,35745
35120,55493,35844
35200,55468,35591
35161,55477,35521
35072,55407,35639
35148,55447,35652
35436,55481,35727
35481,55437,35628
35484,55495,35763
35652,55479,35580
35720,55479,35677
35568,55479,35528
35396,55405,35533
35336,55471,35405
35372,55479,35069
35396,55471,35621
35432,55464,35485
35408,55487,35396
35420,55479,35455
35521,55477,35423
35480,55479,35356
35470,55487,35526
35569,55453,35268
35620,55469,35284
35445,55484,35408
35428,55463,35087
35472,55471,35207
35428,55485,35291
35456,55479,35146
35518,55457,35143
35444,55463,35056
35364,55463,35111
35385,55385,34981
35429,55430,34958
35304,55475,34796
35316,55463,34481
35364,55463,35012
35396,55471,34727
35372,55463,34812
35468,55461,34818
35421,55431,34577
35164,55445,34281
35172,55431,34771
35236,55453,34565
35308,55447,34537
35316,55369,34614
35380,55385,34370
35408,55444,34431
35444,55431,34381
35493,55431,34417
35504,55423,34292
35420,55447,34044
35416,55447,34143
35296,55445,34169
35236,55447,34046
35126,55447,34148
35217,55441,33903
35212,55459,33925
35209,55415,33928
35256,55431,33701
35248,55431,33767
35180,55447,33810
35144,55423,33538
35220,55423,33590
35180,55431,33597
35168,55391,33437
35240,55407,33287
35240,55431,33477
35273,55431,33279
35389,55428,33176
35409,55431,33027
35308,55431,32712
35176,55407,33116
35064,55399,32989
34992,55380,33015
34900,55431,32837
34982,55387,32805
35144,55423,32613
35230,55423,32455
35276,55413,32703
35300,55337,32455
35316,55412,32445
35266,55335,32457
35200,55357,32167
35068,55399,32251
34992,55399,32109
34896,55407,32175
34864,55419,32013
34884,55404,31818
34908,55383,32001
34880,55389,31817
34965,55397,31822
34924,55303,31551
34834,55332,31623
34757,55319,31509
34756,55303,31625
35004,55335,31353
35161,55399,31023
35237,55399,31284
35196,55396,31367
35072,55391,31161
35022,55397,30757
34900,55383,31059
34860,55375,30831
34749,55335,30948
34832,55373,30925
35132,55356,30790
35380,55327,30705
35221,55399,30546
35086,55367,30642
34868,55371,30727
34729,55324,30484
34677,55361,30177
34780,55348,30617
34839,55324,30434
34906,55363,30471
35092,55357,30311
35116,55358,30247
35076,55367,30436
35124,55351,30212
35208,55344,30224
35045,55345,30308
34969,55303,30029
35020,55340,30137
35012,55348,30062
34992,55345,30225
35044,55349,29975
35004,55359,30075
34885,55367,29924
34952,55333,30137
35036,55333,29949
35116,55325,30013
35210,55325,29899
35330,55303,30061
35348,55303,29871
35136,55241,29943
34960,55243,29873
34932,55292,29962
34872,55319,29925
34840,55335,29859
34945,55325,29860
34886,55303,29897
34887,55287,29820
34912,55289,29988
34793,55303,29869
34884,55297,29874
35068,55303,29893
35125,55229,29855
35126,55319,29861
35212,55303,29730
35117,55303,29895
34952,55301,29900
34812,55287,29761
34606,55279,29733
34472,55281,30049
34428,55215,29924
34661,55286,30032
34596,55291,29925
34532,55287,30068
34684,55287,29924
34680,55271,29865
34626,55199,29771
34695,55257,29947
34736,55263,29933
34708,55263,29855
34533,55267,29635
34640,55259,30083
34724,55269,29977
34772,55261,30005
34912,55246,29926
34927,55237,29911
34845,55252,29823
34838,55228,29893
34960,55229,29919
35062,55237,29995
34996,55148,30037
35052,55233,29988
35105,55213,29905
35063,55205,30084
35128,55212,29959
35228,55213,29897
35012,55204,29889
34874,55207,29639
34790,55175,29965
34772,55207,29629
34953,55191,30003
35045,55191,29959
35004,55127,29991
34933,55165,29826
34936,55191,29959
35069,55189,30108
34983,55167,29965
34860,55165,30030
34910,55087,29916
34815,55135,29663
34628,55175,30071
34573,55141,29921
34685,55143,29849
34716,55149,29898
34780,55148,29933
34800,55129,30068
34725,55132,29824
34712,55084,29679
34748,55125,29923
34653,55111,29947
34580,55124,29943
34644,55111,29876
34684,55111,29612
34673,55111,29953
34624,55100,29945
34608,55095,29957
34586,55037,29767
34408,55079,29649
34216,55077,30041
33808,55073,29826
33353,55071,29989
32957,55047,29990
32436,55065,29977
31813,55023,29981
31336,55069,29959
30976,55047,29763
31073,55043,29868
31434,55031,29883
32012,54951,30031
32644,54973,30103
33352,55029,30057
34116,55013,29963
34829,55015,30131
35313,55009,30287
36134,54933,30169
37376,54995,30263
38767,54988,30200
40120,54975,30327
41532,54927,30215
42764,54965,30245
43436,54965,30215
43632,54967,30191
43424,54956,30165
42932,54933,30311
42332,54959,30309
41645,54956,30161
40688,54943,30325
39664,54949,30351
38648,54919,30335
37548,54871,30389
36512,54951,30487
35722,54933,30332
35184,54919,30105
34676,54919,30551
34364,54878,30481
34100,54919,30452
33876,54901,30316
33669,54863,30525
33532,54837,30359
33370,54895,30469
33215,54871,30381
33108,54871,30254
33068,54887,30719
33007,54876,30569
33087,54788,30579
33127,54863,30485
33137,54871,30495
33105,54847,30738
33132,54823,30641
33073,54836,30706
33016,54836,30469
33050,54821,30624
33016,54767,30788
32948,54783,30622
32974,54820,30357
33020,54791,30742
32916,54791,30516
32777,54791,30352
32790,54791,30807
32820,54787,30529
32808,54765,30702
32861,54767,30777
32892,54775,30685
32880,54780,30725
32924,54764,30365
32940,54757,30783
32925,54759,30600
32880,54751,30751
32841,54735,30707
32804,54663,30569
32788,54755,30665
32924,54732,30631
32992,54719,30388
33008,54714,30847
33040,54724,30735
33028,54719,30855
32926,54727,30738
32872,54647,30661
32945,54708,30628
32856,54703,30717
32801,54693,30705
32896,54684,30549
33020,54637,30572
33012,54701,30594
33009,54685,30553
33001,54669,30463
32940,54663,30529
32896,54591,30521
32904,54591,30529
32884,54663,30645
32893,54651,30501
33012,54645,30573
33093,54659,30461
33124,54655,30349
33231,54661,30415
33192,54645,30375
33015,54647,30471
32919,54631,30317
32897,54615,30258
32904,54619,30066
32936,54629,29852
32948,54615,30162
33020,54561,29771
33024,54631,30181
33125,54607,30029
33141,54615,30119
33101,54599,29983
33013,54572,29959
33024,54535,29895
33024,54597,29975
33020,54576,29787
33090,54587,29805
33092,54591,29687
33057,54517,29745
33024,54591,29559
33022,54583,29624
33000,54583,29432
33004,54557,29311
33036,54557,29165
33036,54517,29161
32984,54567,29097
33089,54535,29106
33135,54556,29001
33132,54492,28894
33192,54548,28791
33308,54529,28633
33256,54535,28589
33189,54463,28482
33224,54525,28387
33220,54525,28405
33184,54447,28116
33268,54531,28117
33328,54516,27535
33341,54527,27679
33437,54455,27288
33560,54508,27463
33544,54509,27269
33480,54495,27170
33552,54491,26911
33621,54489,26712
33620,54487,26484
33596,54471,26367
33590,54484,26181
33592,54483,26007
33676,54479,26169
33766,54395,25934
33732,54397,25669
33753,54377,25681
33756,54371,25509
33720,54383,25419
33700,54461,25223
33765,54429,25221
33861,54444,24940
33892,54447,24715
33836,54436,24632
33844,54399,24443
33800,54439,24337
33724,54405,24100
33700,54407,24267
33713,54407,24031
33716,54405,24028
33692,54407,23780
33722,54407,23796
33685,54407,23522
33708,54399,23559
33701,54383,23298
33576,54383,23292
33440,54375,23039
33344,54372,22797
33223,54317,22759
33129,54372,22559
33104,54370,22367
33068,54353,22257
33000,54375,22274
33036,54359,22053
33044,54351,22049
32996,54279,21914
32948,54279,21991
32980,54335,21691
32940,54341,21508
32889,54325,21436
32932,54333,21357
32936,54240,21353
32924,54326,21367
32974,54317,21051
32976,54305,20990
32900,54237,20911
32872,54305,20813
32873,54271,20765
32822,54278,20637
32776,54279,20636
32852,54241,20604
32921,54279,20487
32927,54277,20548
32953,54215,20316
32947,54269,20321
32868,54271,20238
32816,54247,20199
32800,54245,20127
32808,54235,20117
32758,54191,20028
32828,54204,20038
32938,54245,20089
32944,54228,20111
33030,54179,20033
33088,54231,20123
33060,54215,19866
33044,54141,19903
33020,54160,19695
32948,54207,19881
32868,54185,19637
32892,54183,19907
32944,54175,19689
32929,54183,19629
33001,54175,19667
32976,54181,19553
32908,54172,19488
32789,54151,19481
32885,54151,19386
32927,54071,19396
32948,54109,19293
32974,54149,19306
32996,54141,19243
32968,54141,19355
32977,54097,19303
32964,54132,19300
32908,54119,19065
32865,54055,19157
32886,54103,19224
32895,54093,18892
32902,54103,18980
32988,54061,19047
33020,54085,18850
33022,54015,18845
33061,54095,18599
33108,54083,18501
33048,54071,18482
32992,53999,18383
33068,54063,18359
33060,54039,18251
32992,54054,18221
33006,54047,18156
33044,54055,18175
33001,54015,18137
33023,54047,18087
33060,53957,18009
32972,54043,18070
32921,53997,17844
32959,53999,17918
32961,54007,17709
32944,54004,17497
32978,53999,17519
33020,53919,17396
32958,53935,17379
32978,53991,17209
33065,53975,17269
33020,53975,17261
33004,53964,17101
33104,53895,17176
33124,53965,16964
33077,53935,16983
33196,53940,16725
33345,53951,16869
33400,53927,16638
33414,53945,16561
33360,53935,16349
33292,53931,16293
33192,53909,16166
33185,53919,16223
33142,53911,15991
33088,53908,15983
33116,53847,15871
33169,53917,15907
33098,53895,15693
33056,53831,15557
33084,53892,15628
33049,53879,15521
32968,53879,15439
32961,53868,15276
32992,53855,15065
33000,53855,15143
33070,53861,15115
33176,53844,14921
33216,53861,14842
33188,53783,14550
33096,53840,14597
32976,53839,14395
32884,53831,14380
32823,53815,14260
32776,53764,14141
32684,53783,14029
32714,53812,13733
32852,53765,13629
32881,53767,13496
32984,53805,13517
33093,53791,13383
33072,53788,13283
32961,53703,12981
32948,53767,13044
32919,53767,12847
32894,53759,12787
32948,53745,12745
33067,53757,12532
33049,53763,12468
33089,53665,12312
33134,53751,12228
33053,53749,12048
32992,53725,11981
33013,53715,11809
33028,53709,11733
32936,53700,11564
32884,53669,11383
32912,53705,11168
32924,53711,11124
32924,53631,10921
32960,53716,11001
32852,53687,10853
32632,53685,10772
32576,53655,10711
32544,53671,10535
32512,53671,10478
32538,53669,10232
32656,53597,10094
32653,53677,9933
32700,53639,9967
32741,53653,9917
32744,53597,9746
32708,53581,9600
32692,53629,9469
32637,53627,9199
32649,53613,9261
32629,53615,9013
32664,53631,9017
32647,53612,8943
32598,53613,8761
32564,53557,8721
32540,53607,8531
32485,53588,8435
32569,53591,8187
32588,53575,8220
32520,53583,7957
32560,53503,8002
32592,53575,7858
32624,53583,7742
32629,53572,7727
32647,53503,7590
32540,53495,7368
32532,53559,7342
32652,53527,7190
32772,53537,7139
32750,53451,6978
32752,53543,6989
32812,53511,6788
32760,53535,6811
32785,53524,6612
32797,53469,6613
32684,53511,6477
32608,53511,6410
32604,53479,6371
32657,53495,6241
32672,53501,6179
32784,53437,6096
32836,53415,6037
32785,53460,5879
32801,53501,5871
32832,53485,5728
32721,53415,5733
32564,53469,5596
32453,53463,5548
32372,53455,5439
32316,53383,5407
32364,53399,5313
32509,53468,5288
32613,53463,5184
32701,53447,5177
32828,53439,5065
32873,53364,5036
32944,53441,4930
32992,53429,4919
32864,53423,4815
32621,53423,4709
32641,53420,4677
32656,53351,4597
32610,53369,4589
32513,53415,4507
32315,53423,4426
31966,53416,4387
31413,53412,4312
30893,53399,4276
30255,53325,4191
29622,53335,4164
29177,53404,4099
29024,53405,4072
29152,53391,3999
29664,53383,3934
30352,53383,3889
30948,53375,3831
31502,53295,3796
32108,53375,3737
32816,53341,3691
33457,53367,3645
34460,53373,3597
35796,53311,3555
37164,53383,3501
38484,53364,3469
39864,53365,3413
41101,53365,3371
41781,53348,3326
41999,53341,3278
41804,53313,3240
41311,53349,3201
40732,53343,3159
40032,53349,3122
39141,53357,3083
38174,53299,3044
37360,53271,3005
36396,53301,2960
35320,53351,2918
34424,53335,2891
33728,53329,2850
33313,53343,2809
33092,53317,2772
32916,53319,2754
32752,53255,2708
32622,53332,2680
32552,53309,2637
32388,53317,2597
32204,53319,2571
32156,53295,2527
32132,53295,2500
32116,53255,2467
32150,53303,2457
32150,53295,2397
32026,53293,2364
31953,53247,2351
31976,53255,2325
31982,53277,2303
31870,53228,2257
31885,53280,2225
31954,53255,2223
31968,53239,2162
32032,53245,2127
32048,53255,2116
31964,53255,2092
31988,53255,2054
32084,53254,2048
32039,53252,2011
31894,53238,1973
31777,53244,1986
31751,53237,1929
31677,53224,1916
31704,53189,1867
31824,53223,1864
31849,53232,1850
31920,53244,1821
32016,53209,1822
31904,53159,1757
31717,53223,1742
31668,53204,1752
31714,53198,1705
31796,53207,1671
31968,53145,1647
32156,53207,1672
32093,53215,1615
32029,53151,1580
31973,53207,1606
31764,53185,1551
31544,53187,1533
31508,53127,1521
31541,53183,1493
31560,53178,1513
31780,53173,1476
32076,53172,1457
32304,53173,1460
32429,53127,1403
32493,53169,1375
32262,53169,1412
32036,53167,1351
31950,53148,1318
31916,53079,1357
31932,53155,1299
32092,53159,1323
32241,53141,1261
32212,53151,1250
32088,53148,1234
31949,53151,1213
31872,53103,1216
31829,53136,1190
31896,53119,1186
32037,53123,1155
32186,53065,1194
32340,53036,1137
32296,53117,1159
32179,53108,1124
31984,53125,1136
31897,53109,1097
31872,53085,1114
31936,53087,1091
32056,53092,1120
32340,53095,1131
32593,53046,1184
32704,53093,1172
32720,53084,1197
32605,53095,1207
32596,53095,1247
32628,53031,1324
32602,53087,1340
32476,53069,1403
32420,53068,1431
32424,52983,1496
32360,53045,1537
32368,53061,1618
32517,53065,1652
32800,53071,1742
33116,53064,1778
33297,53063,1861
33229,53047,1930
33036,53053,2030
32956,53047,2094
33026,52999,2214
32958,53039,2281
32985,52957,2389
33140,53039,2515
33262,53045,2617
33364,53029,2728
33484,53015,2844
33421,52949,2977
33201,52983,3111
33020,52999,3241
32746,52999,3382
32544,52999,3526
32604,52997,3677
32916,52999,3819
33181,52944,4001
33493,52963,4149
33953,52991,4285
34092,52975,4468
34000,52983,4635
33832,52964,4840
33584,52927,4947
33480,52969,5172
33460,52967,5290
33400,52973,5489
33312,52983,5620
33136,52981,5877
33092,52965,6087
33156,52963,6248
33081,52954,6321
33301,52887,6583
33636,52935,6673
33696,52957,6924
33618,52939,7029
33485,52947,7354
33273,52871,7399
33156,52959,7705
33244,52948,7781
33236,52947,8065
33020,52944,8136
32732,52855,8453
32428,52900,8552
32200,52924,8819
32133,52917,8959
32216,52933,9113
32348,52933,9342
32598,52937,9599
32698,52932,9617
32572,52892,9983
32340,52931,10015
32188,52903,10319
32132,52919,10328
32208,52916,10672
32340,52884,10706
32460,52901,10923
32611,52909,11131
32673,52863,11324
32704,52863,11506
32684,52917,11722
32576,52919,11957
32532,52893,11922
32545,52901,12150
32573,52897,12351
32520,52887,12715
32509,52911,12733
32484,52911,13088
32520,52892,13169
32608,52901,13273
32612,52895,13519
32580,52820,13543
32608,52861,13865
32561,52887,13877
32576,52887,14291
32624,52871,14388
32689,52879,14452
32726,52895,14563
32746,52893,14743
32796,52887,15167
32760,52807,15239
32673,52836,15388
32620,52879,15565
32612,52869,15589
32584,52871,15908
32592,52852,15930
32635,52828,16095
32577,52881,16276
32620,52885,16711
32662,52871,16663
32752,52867,17013
32677,52871,17096
32658,52847,17207
32650,52847,17450
32640,52855,17671
32641,52811,17698
32663,52862,17822
32624,52863,18100
32548,52864,18263
32602,52807,18539
32659,52863,18597
32576,52847,18656
32560,52839,18885
32561,52839,19111
32516,52799,19307
32512,52847,19392
32606,52833,19428
32628,52849,19896
32620,52845,19737
32701,52831,19919
32714,52847,20115
32680,52831,20244
32625,52819,20383
32615,52773,20891
32574,52767,20923
32544,52823,20921
32616,52743,21388
32656,52791,21417
32668,52819,21475
32738,52819,21895
32796,52819,21930
32744,52807,22193
32728,52799,22245
32734,52807,22314
32713,52807,22724
32745,52779,22783
32792,52807,23063
32848,52807,23129
32892,52813,23362
32948,52805,23455
32912,52732,23578
32858,52805,23781
32857,52775,23969
32772,52781,24057
32704,52783,24148
32717,52785,24463
32808,52783,24411
32812,52719,24716
32804,52799,24871
32864,52775,25021
32800,52773,25271
32705,52716,25334
32724,52769,25453
32788,52772,25689
32812,52772,25971
32775,52759,26235
32834,52765,26277
32864,52705,26397
32832,52759,26533
32828,52759,26623
32799,52753,26719
32696,52743,26983
32673,52743,27277
32724,52743,27295
32716,52743,27330
32724,52692,27709
32784,52700,27716
32792,52767,27768
32808,52743,28009
32869,52743,28133
32928,52743,28211
32800,52743,28335
32813,52741,28580
32856,52743,28807
32828,52733,28856
32813,52729,28964
32860,52735,29095
32845,52743,29328
32826,52669,29493
32908,52685,29637
32972,52715,29792
32928,52732,29946
32941,52700,30229
32904,52647,30093
32860,52655,30396
32860,52731,30661
32912,52703,30680
32936,52727,30727
32881,52716,31103
32913,52713,31139
32868,52709,31367
32772,52719,31423
32776,52661,31615
32814,52623,31599
32812,52715,31843
32780,52631,31892
32814,52665,31954
32813,52719,32202
32804,52720,32401
32857,52717,32276
32856,52700,32519
32776,52705,32733
32724,52691,32588
32684,52692,32830
32636,52615,32967
32676,52689,32889
32733,52695,33180
32736,52717,33211
32712,52709,33241
32780,52695,33437
32816,52685,33677
32692,52695,33472
32701,52687,33756
32736,52687,33862
32705,52684,33919
32654,52609,34031
32660,52687,34241
32634,52701,34147
32640,52695,34055
32736,52687,34547
32712,52691,34487
32561,52669,34735
32332,52615,34637
32012,52679,34701
31652,52679,34959
31234,52675,34942
30772,52678,35079
30235,52615,35070
29576,52639,35157
29044,52687,35165
28728,52669,35052
28708,52679,35575
28968,52679,35543
29390,52661,35689
29822,52671,35706
30229,52677,35788
30761,52679,35799
31352,52703,35895
32328,52623,35899
34098,52700,36084
36152,52679,36260
37892,52676,36278
39620,52625,36447
41316,52668,36385
42533,52668,36276
42965,52671,36585
42868,52679,36690
42437,52678,36909
41884,52695,36847
41256,52684,37015
40432,52692,36975
39385,52671,37185
38348,52679,37140
37376,52661,37335
36297,52670,37303
35357,52679,37479
34572,52660,37428
33956,52701,37635
33462,52692,37578
33158,52687,37717
32925,52687,37686
32689,52597,37863
32504,52679,37828
32360,52668,38037
32188,52677,37933
32072,52615,38161
32108,52609,38045
32128,52687,38225
32144,52675,38165
32220,52615,38365
32213,52647,38269
32127,52679,38469
32080,52660,38353
32072,52653,38521
32000,52663,38407
31929,52583,37983
31937,52607,38692
31920,52679,38575
31887,52655,38709
31920,52663,38685
31912,52591,38825
31849,52607,38757
31843,52647,38948
31844,52629,38841
31812,52637,39043
31823,52583,38899
31933,52599,39077
31963,52653,38727
31957,52647,39077
32008,52661,38568
32022,52588,39148
32001,52641,38815
31998,52647,39335
32034,52631,39301
32009,52631,39538
31996,52637,39423
32058,52639,39495
32095,52567,39503
32078,52612,39527
32134,52655,39620
32229,52615,39343
32208,52639,39723
32168,52628,39597
32210,52562,39971
32149,52639,39916
32120,52628,39965
32230,52639,39728
32276,52567,40060
32231,52645,40065
32244,52644,40111
32224,52615,40371
32128,52636,40327
32145,52559,40533
32172,52631,40409
32184,52615,40596
32192,52631,40471
32204,52628,40543
32257,52553,40489
32231,52629,40565
32262,52612,40513
32236,52615,40417
32210,52639,40502
32212,52539,40556
32253,52603,40742
32216,52631,40629
32237,52607,40711
32310,52615,40572
32328,52628,40695
32260,52549,40607
32252,52639,40687
32222,52629,40812
32222,52629,40679
32241,52615,40813
32308,52615,40689
32301,52591,40839
32336,52581,40711
32447,52626,40863
32472,52623,40788
32424,52639,40911
32444,52615,40773
32428,52599,40837
32400,52623,40703
32408,52600,40270
32407,52599,40901
32377,52547,40331
32348,52577,41021
32412,52631,40925
32468,52615,40959
32496,52623,40975
32609,52559,41095
32704,52615,41042
32622,52631,41085
32528,52615,40967
32556,52605,41123
32532,52615,41031
32585,52575,41095
32608,52615,41325
32637,52613,41167
32680,52631,41277
32744,52610,41191
32774,52535,41300
32761,52615,41201
32788,52607,41215
32804,52597,41251
32828,52607,41237
32880,52615,41292
32929,52615,41181
32977,52599,41268
33000,52615,41109
33096,52605,41253
33116,52607,41344
33076,52613,41236
33061,52533,41302
33100,52607,41199
33169,52596,40655
33177,52615,41405
33264,52607,41275
33316,52607,40789
33289,52551,41479
33384,52615,41325
33428,52605,41505
33324,52605,41331
33198,52591,41359
33093,52556,41324
33000,52613,40939
32954,52609,41329
32970,52527,41151
33005,52615,41275
32956,52615,41420
32960,52555,41391
32936,52607,41539
32872,52603,41441
32812,52599,41569
32812,52524,41468
32764,52604,41657
32716,52597,41505
32816,52599,41692
32821,52615,41549
32804,52615,41644
32872,52604,41103
32840,52613,41653
32756,52607,40977
32664,52596,41709
32620,52599,41683
32630,52591,41775
32645,52597,41735
32752,52605,41809
32784,52535,41772
32820,52583,41889
32884,52612,41693
32950,52599,41848
32937,52603,41800
32962,52591,41769
32975,52519,41863
32992,52567,42007
33012,52599,41975
33073,52596,42065
33084,52533,41990
33076,52611,42086
33143,52605,42087
33204,52599,42213
33164,52518,42070
33140,52607,42173
33176,52583,42004
33189,52583,42183
33196,52527,42139
33248,52591,41799
33296,52598,42287
33300,52601,42183
33316,52517,42257
33332,52604,42247
33262,52599,42357
33194,52581,42135
33204,52543,41815
33228,52589,42327
33261,52583,42225
33314,52589,42393
33361,52521,42244
33310,52589,42269
33340,52605,42306
33388,52579,42205
33364,52583,42247
33389,52597,42213
33373,52596,42356
33356,52583,42198
33356,52583,42181
33376,52604,42209
33430,52591,41772
33425,52613,42470
33524,52553,42268
33536,52605,42389
33513,52589,41727
33504,52591,42468
33548,52543,42356
33540,52575,42437
33514,52599,42343
33569,52599,42367
33601,52599,42167
33580,52612,42239
33637,52613,42342
33696,52607,41788
33733,52591,42264
33780,52581,41645
33804,52567,42157
33792,52591,42145
33772,52585,42195
33788,52605,41857
33808,52604,42045
33796,52611,42015
33830,52607,41973
33870,52597,41555
33884,52565,41916
33876,52567,41863
33908,52583,41876
33950,52559,41959
33972,52557,41783
34020,52588,41931
34020,52551,41827
34048,52572,41839
34100,52615,41693
34113,52599,41729
34124,52591,41591
34180,52531,41687
34212,52595,41559
34173,52581,41372
34192,52599,41415
34230,52599,41575
34249,52603,41453
34237,52613,41464
34312,52605,41252
34352,52607,41236
34334,52612,41271
34330,52581,40655
34364,52603,41105
34363,52609,41231
34344,52589,41119
34428,52607,41207
34440,52550,41093
34428,52615,41211
34472,52614,40364
34501,52535,40820
34477,52613,40981
34444,52596,40758
34478,52599,40876
34468,52615,40783
34392,52615,40915
34417,52615,40748
34432,52615,40825
34441,52615,40711
34484,52615,40780
34489,52601,40583
34472,52615,40637
34448,52613,40556
34525,52615,40578
34533,52614,40479
34540,52613,40487
34663,52615,40023
34736,52553,40411
34788,52626,40052
34848,52615,40476
34937,52621,39789
34967,52629,40215
34932,52613,40389
34996,52604,40327
35012,52572,40437
35004,52615,40295
35092,52615,40367
35137,52615,40253
35106,52551,40327
35140,52620,40252
35202,52608,40423
35118,52547,40234
35076,52605,40389
35081,52599,40223
34996,52615,40367
34972,52566,40215
34984,52615,40362
35049,52607,40174
35070,52615,40303
35124,52615,39596
35172,52623,40167
35153,52615,39864
35173,52615,40183
35276,52532,40031
35296,52607,40212
35293,52614,40409
35372,52555,40263
35420,52631,40271
35409,52612,39685
35460,52557,40424
35494,52615,39710
35432,52615,40296
35364,52544,40351
35357,52615,40367
35344,52607,40479
35293,52591,40396
35348,52625,40477
35372,52615,40351
35381,52629,40548
35412,52564,40426
35480,52615,40558
35425,52613,40603
35354,52607,40687
35372,52589,40679
35288,52615,40847
35248,52615,40777
35276,52613,40963
35284,52625,40839
35205,52556,40999
35052,52625,40869
34844,52613,40964
34520,52628,40948
34174,52565,41071
33737,52597,41055
33206,52614,41167
32535,52615,40887
31961,52615,41121
31634,52637,41223
31501,52645,41133
31718,52647,41263
32052,52639,41159
32224,52639,41407
32536,52639,41356
33000,52604,41436
33334,52647,41363
33665,52652,41567
34809,52615,41479
36686,52679,41643
38688,52660,41599
40813,52664,41733
42796,52604,41639
44528,52639,41373
45504,52653,41748
45756,52637,41735
45552,52605,41695
44932,52670,41855
43992,52663,41900
42908,52615,42075
41640,52687,41909
40416,52681,41889
39240,52615,41463
38128,52689,42089
37148,52675,41701
36448,52637,42116
35880,52693,42277
35432,52679,42261
35167,52689,42423
34993,52615,42335
34816,52711,42500
34688,52700,42436
34616,52695,42519
34452,52690,42438
34269,52695,42404
34189,52615,42527
34116,52703,42267
34040,52692,42663
33996,52701,42487
33984,52711,42797
33909,52703,42939
33812,52708,42821
33768,52671,42829
33733,52679,42953
33687,52701,42977
33687,52693,43037
33601,52708,42951
33567,52636,42589
33592,52709,43188
33668,52636,43297
33641,52727,43206
33661,52716,43151
33700,52670,43347
33668,52719,43381
33588,52707,43476
33566,52711,43454
33496,52719,43527
33390,52725,43455
33428,52725,43372
33456,52725,43557
33405,52743,43587
33420,52743,43623
33485,52735,43671
33453,52736,43732
33409,52733,43623
33445,52741,43711
33360,52665,43669
33276,52678,43823
33236,52743,43793
33196,52743,43737
33205,52765,43716
33274,52733,43727
33325,52765,43881
33224,52743,43903
33176,52679,43919
33185,52765,43999
33144,52743,44015
33049,52772,44031
33061,52743,43780
33120,52775,43878
33072,52770,43729
33054,52785,43905
33108,52737,44060
33044,52767,44132
32928,52791,44103
32877,52733,44159
32812,52792,44167
32731,52807,44135
32752,52807,44119
32756,52797,44092
32704,52831,44109
32748,52820,44122
32748,52831,44200
32724,52743,44259
32636,52793,44219
32608,52829,44253
32562,52839,44181
32452,52797,44263
32400,52857,44271
32470,52853,44335
32446,52869,44279
32472,52871,44215
32520,52807,44325
32486,52887,44293
32374,52871,44364
32316,52871,44271
32272,52815,44310
32212,52879,44412
32244,52891,44255
32245,52911,44447
32148,52911,44444
32092,52925,44529
32064,52900,44575
31944,52927,44511
31853,52853,44441
31868,52935,44396
31837,52931,44491
31776,52869,44537
31820,52932,44645
31866,52957,44687
31868,52966,44647
31864,52972,44679
31908,52892,44585
31861,52989,44655
31742,52975,44671
31708,52989,44607
31680,52919,44407
31680,52999,44676
31660,53012,44729
31663,53012,44829
31665,53031,44871
31672,52999,44775
31658,53043,44828
31592,53047,44540
31472,53055,44891
31420,52975,44935
31398,53071,44841
31352,53077,44820
31316,53076,44551
31362,53084,44900
31336,53047,44989
31296,53116,44887
31310,53108,44859
31264,53117,45015
31181,53111,44935
31174,53037,44878
31137,53127,44908
31056,53151,44991
31030,53148,45013
31013,53164,44999
30938,53101,45028
30880,53141,44911
30832,53143,44932
30752,53203,45035
30604,53211,44933
30508,53211,44948
30398,53199,45013
30308,53220,44951
30297,53228,44895
30300,53252,44885
30240,53255,44929
30164,53188,44911
30140,53191,44532
30056,53215,44889
29936,53255,44917
29924,53285,44807
29852,53273,44712
29788,53297,44407
29768,53319,44847
29796,53327,44797
29753,53348,44679
29713,53255,44791
29684,53332,44838
29628,53367,44807
29565,53367,44853
29540,53375,44807
29508,53303,44853
29448,53375,44793
29436,53415,44755
29471,53412,44772
29398,53421,44692
29393,53439,44487
29429,53443,44724
29392,53399,44871
29358,53423,44917
29376,53460,44977
29376,53479,44881
29344,53483,44983
29388,53484,45059
29432,53508,44981
29357,53511,45055
29336,53457,45135
29360,53477,45161
29304,53541,45228
29160,53493,44799
29104,53532,45242
29036,53575,45367
28969,53565,45351
28992,53591,45445
29061,53526,45404
29078,53619,45421
29073,53631,45521
29093,53628,45597
29045,53545,45657
28960,53663,45757
28892,53629,45777
28829,53661,45887
28736,53673,45814
28760,53615,45911
28781,53710,45548
28756,53669,46100
28756,53727,46159
28756,53727,46255
28669,53671,46324
28588,53748,46397
28536,53759,46429
28510,53749,46369
28444,53765,46564
28433,53783,46639
28450,53797,46751
28368,53823,46309
28320,53807,46855
28292,53825,46951
28194,53847,47059
28092,53842,47145
28073,53767,47104
28028,53861,47271
27976,53869,47253
27962,53894,47381
27996,53823,47364
27984,53921,47419
28010,53924,47136
27960,53932,47644
27785,53940,47749
27668,53941,47587
27628,53947,47843
27636,53956,47911
27623,53941,47463
27596,53999,47961
27588,53965,48033
27522,54015,48119
27524,53972,48166
27574,54023,48223
27504,54055,47623
27436,54036,48183
27424,54053,48205
27404,53975,48263
27324,54087,48055
27316,54081,48355
27328,54101,47852
27312,54127,48485
27263,54055,48505
27249,54149,48513
27192,54151,48563
27044,54151,48553
26956,54159,48527
26968,54165,48447
26917,54103,48492
26848,54207,48485
26748,54208,48601
26705,54222,48645
26741,54230,48613
26804,54246,48621
26728,54193,48415
26589,54277,48567
26617,54252,48604
26623,54268,48676
26592,54303,48647
26596,54279,48583
26668,54327,48661
26682,54335,48679
26654,54335,48668
26689,54363,48645
26672,54351,48647
26575,54329,48007
26536,54383,48623
26512,54361,48583
26464,54399,48687
26418,54313,48641
26432,54428,48675
26384,54437,48647
26336,54381,48532
26304,54375,48569
26304,54463,48477
26244,54471,48569
26217,54459,48566
26184,54479,48637
26126,54503,48630
26141,54439,48613
26164,54532,48574
26112,54516,48548
26068,54529,48535
26077,54535,48473
26100,54495,48477
26108,54471,48451
26166,54573,48355
26182,54580,48329
26112,54592,48327
26134,54508,48303
26213,54575,48244
26148,54631,48221
26109,54632,48173
26100,54639,48116
26042,54599,48076
25928,54611,48023
25932,54663,48004
25940,54663,47925
25912,54676,47941
25884,54695,47909
25945,54719,47840
25884,54723,47695
25840,54727,47687
25844,54663,47645
25810,54753,47748
25728,54741,47719
25730,54747,47679
25700,54662,47699
25676,54786,47679
25676,54775,47668
25736,54788,47661
25702,54791,47536
25624,54825,47605
25616,54827,47436
25579,54825,47509
25494,54791,47188
25436,54838,47615
25366,54835,47156
25296,54853,47609
25308,54871,47623
25367,54821,47615
25370,54907,47623
25368,54895,47577
25444,54909,47612
25448,54815,47525
25356,54847,47457
25354,54919,46983
25313,54917,47539
25216,54941,47495
25182,54871,47517
25188,54973,47460
25113,54983,47465
24992,54996,47428
24846,54996,47347
24609,54983,46933
24208,55002,47308
23744,54918,47029
23208,55021,47249
22526,55021,46919
21968,55033,47185
21669,54991,47156
21580,55076,47188
21816,55087,47231
22203,55084,47111
22472,55084,47084
22888,55103,46991
23420,55039,46960
23858,55111,46975
24128,55108,46989
25110,55144,46997
26880,55069,46861
28928,55190,46855
30988,55165,46661
32968,55183,46737
34840,55199,46279
35832,55167,46727
36100,55207,46359
35817,55175,46649
35113,55221,46759
34097,55240,46719
32956,55220,46210
31632,55271,46588
30328,55277,46487
29080,55280,46686
27948,55287,46689
27068,55205,46676
26400,55303,46599
25901,55303,46633
25482,55303,46327
25237,55319,46637
25152,55283,46493
25082,55359,46644
24916,55354,46660
24822,55271,46696
24668,55372,46593
24492,55374,46652
24423,55326,46687
24388,55335,46699
24336,55397,46500
24352,55405,46637
24409,55399,46621
24396,55362,46767
24366,55447,46741
24392,55437,46789
24372,55447,46757
24289,55350,46295
24283,55460,46674
24268,55447,46695
24228,55471,46833
24284,55475,46759
24377,55391,46836
24420,55507,46823
24417,55509,46855
24476,55511,46823
24428,55508,46740
24336,55461,46831
24319,55441,46853
24375,55533,46831
24390,55495,46783
24458,55551,46764
24552,55559,46727
24596,55495,46753
24554,55596,46703
24586,55591,46727
24614,55589,46753
24628,55596,46725
24700,55495,46743
24710,55607,46719
24632,55597,46719
24672,55623,46695
24741,55535,46668
24796,55655,46647
24805,55655,46447
24887,55591,46647
24960,55663,46597
24968,55669,46631
24960,55663,46511
24982,55661,46517
24928,55671,46339
24964,55599,46400
25032,55687,46519
25133,55725,46403
25169,55719,46332
25216,55725,45861
25188,55737,46367
25152,55669,46394
25173,55659,46237
25257,55649,46244
25232,55719,46247
25268,55777,46241
25397,55773,46107
25508,55745,45665
25581,55799,46132
25686,55687,46175
25711,55801,46108
25708,55805,46143
25724,55807,46081
25720,55791,46117
25684,55813,45996
25656,55812,46060
25694,55739,45911
25680,55855,45926
25704,55813,45959
25722,55861,46023
25728,55852,46063
25696,55871,45951
25720,55775,45955
25769,55879,46023
25772,55887,46077
25850,55876,46103
25976,55785,46083
26057,55871,46151
26100,55925,46100
26193,55908,46167
26228,55916,46132
26230,55871,45667
26314,55893,46100
26404,55933,46159
26428,55879,46231
26477,55941,46239
26604,55959,45855
26692,55924,46185
26756,55973,46245
26818,55975,46413
26785,55975,46406
26726,55957,46479
26838,55951,46465
26938,55991,46519
26941,55965,46536
26942,55988,46503
27036,56011,46513
27101,55943,46146
27152,56033,46663
27266,56045,46260
27365,56031,46815
27348,56051,46855
27316,56039,46951
27289,56005,47023
27216,56063,47087
27305,56068,47171
27479,56063,47196
27497,56071,47317
27545,56095,47355
27668,56103,47413
27812,56071,47441
27893,56097,47489
27968,56095,47076
28001,56100,47765
27980,56027,47879
27993,56040,47865
28096,56135,47935
28148,56141,48103
28162,56156,48252
28186,56157,48313
28160,56143,48367
28125,56145,48544
28135,56157,48574
28108,56063,48709
28096,56071,48807
28090,56173,49026
28172,56181,49103
28216,56199,49262
28256,56191,49383
28372,56199,49492
28452,56199,49540
28414,56198,49055
28413,56111,49703
28448,56212,49823
28462,56221,49947
28495,56220,50081
28620,56231,50263
28705,56165,50367
28694,56253,50479
28720,56257,50631
28800,56247,50623
28894,56257,50733
29014,56215,50871
29116,56263,51013
29156,56263,51092
29286,56263,51220
29443,56271,50951
29504,56285,51535
29504,56208,51565
29548,56279,51821
29621,56295,51861
29588,56281,52079
29589,56285,52165
29684,56295,51897
29721,56301,52423
29768,56327,52519
29968,56308,52124
30140,56230,52743
30221,56283,52847
30329,56343,52887
30381,56340,53031
30364,56327,53159
30356,56327,53175
30407,56327,53341
30401,56327,53399
30452,56354,53383
30559,56327,53609
30672,56359,53703
30740,56385,53741
30868,56301,53767
30972,56383,53753
30972,56383,53895
31004,56373,54007
31100,56369,54125
31116,56373,54174
31136,56387,53629
31245,56311,54289
31382,56381,54351
31505,56401,54407
31646,56404,54428
31656,56327,54407
31641,56423,54549
31623,56399,54575
31645,56407,54527
31654,56399,54680
31712,56327,54712
31867,56409,54663
31942,56445,54751
31949,56455,54808
32060,56447,54719
32156,56421,54871
32172,56436,54791
32148,56437,54855
32129,56439,54919
32156,56445,54933
32136,56431,55029
32222,56455,54905
32284,56455,55101
32312,56473,55047
32360,56484,54380
32352,56447,55151
32244,56463,55175
32249,56455,55103
32349,56463,55220
32378,56455,55149
32400,56479,55175
32502,56479,55132
32623,56480,55281
32702,56493,55156
32798,56493,55292
32900,56493,55236
32893,56488,55149
32943,56495,55303
32974,56495,55319
33008,56423,55341
33033,56501,55280
33108,56511,55385
33093,56503,55264
33053,56500,55226
33104,56509,55397
33204,56519,55335
33248,56517,55248
33253,56519,55373
33312,56439,55343
33320,56493,55397
33296,56525,55041
33359,56512,55373
33432,56551,55343
33479,56543,55421
33556,56517,55276
33616,56543,55445
33592,56532,55391
33614,56527,55380
33636,56535,55063
33676,56539,55463
33744,56543,55431
33860,56539,54919
33960,56548,55447
33973,56544,55405
33964,56550,54778
33952,56543,55412
33897,56548,55415
33902,56541,55453
33940,56539,55303
33956,56551,55370
33984,56569,55431
34080,56565,55335
34164,56573,55345
34228,56503,55345
34321,56495,55295
34354,56487,55373
34337,56524,55335
34304,56495,55285
34267,56565,55380
34266,56529,54591
34273,56575,55335
34308,56583,55253
34384,56583,55271
34389,56575,55367
34460,56583,55277
34481,56581,55335
34468,56500,55317
34468,56583,55324
34564,56581,55303
34600,56579,55263
34600,56581,55221
34617,56583,54639
34652,56583,55278
34644,56599,55143
34694,56583,55100
34692,56607,55231
34585,56583,55117
34498,56583,55135
34548,56583,55135
34565,56583,55151
34590,56597,55149
34685,56583,55096
34735,56612,55079
34848,56613,55044
35026,56615,55047
35093,56607,55047
35060,56606,55046
35004,56605,55015
34996,56583,55078
35007,56532,55047
34960,56528,54607
35004,56607,54951
35089,56620,54980
35118,56618,54949
35175,56628,54676
35140,56613,54887
35101,56621,54791
35085,56615,54855
35108,56609,54695
35100,56607,54823
35080,56607,54791
35100,56607,54734
35136,56583,54629
35149,56639,54660
35217,56633,54651
35308,56629,54652
35345,56609,54612
35329,56607,54535
35372,56573,54581
35352,56637,54461
35300,56631,54452
35359,56629,54481
35400,56629,54431
35412,56640,54423
35480,56636,53885
35472,56631,54321
35517,56623,54351
35472,56571,54212
35476,56547,54268
35450,56532,54064
35432,56620,54241
35464,56597,54204
35537,56634,54119
35596,56644,54013
35744,56639,54037
35884,56579,54007
35924,56629,53977
35926,56615,53956
35972,56615,53963
35888,56539,53845
35874,56551,53817
35976,56575,53895
36081,56639,53869
36088,56615,53825
36053,56620,53735
36060,56623,53543
35988,56615,53685
35924,56535,53653
35920,56583,53684
35860,56615,53669
35820,56605,53583
35881,56613,53478
35968,56623,53213
36012,56572,53559
36069,56583,53511
36144,56607,53383
36132,56617,53417
36164,56615,53405
36192,56605,53103
36170,56557,53333
36148,56605,53293
36208,56605,53237
36258,56599,53165
36297,56573,53101
36332,56599,53021
36308,56613,52452
36249,56569,53071
36196,56583,52976
36200,56574,52903
36236,56580,52844
36296,56513,52883
36385,56599,52903
36436,56599,52854
36416,56583,52743
36492,56581,52677
36553,56583,52685
36545,56580,52668
36552,56503,52699
36571,56503,52663
36564,56573,52551
36568,56583,52559
36588,56556,52567
36537,56568,52444
36309,56581,52511
36060,56583,52479
35760,56561,52335
35305,56564,52425
34760,56479,52415
34284,56559,52231
33732,56564,52217
33228,56565,52279
32996,56556,52207
33032,56556,52189
33366,56557,52231
33787,56565,52132
34197,56559,52101
34668,56556,52039
35232,56485,52117
35812,56483,52045
36037,56537,52095
36780,56583,51662
38332,56580,52055
40412,56575,51933
42446,56567,51861
44352,56564,51948
46285,56556,51924
47556,56565,51823
47918,56551,51767
47749,56535,51751
47088,56537,51829
46136,56487,51793
45004,56553,51677
43684,56547,51605
42236,56552,51569
40914,56557,51599
39798,56551,51599
38784,56487,51567
37994,56556,51575
37504,56547,51498
37172,56539,51455
36918,56535,51460
36767,56519,51444
36656,56543,51431
36504,56529,51396
36413,56455,51357
36384,56534,51327
36217,56515,51193
36080,56509,51236
36116,56433,51191
36116,56508,51204
36032,56509,51139
36029,56503,50614
36004,56507,51047
35944,56509,51036
35878,56429,50951
35850,56495,50940
35775,56471,50857
35674,56479,50879
35632,56479,50823
35584,56391,50805
35560,56476,50677
35592,56479,50636
35656,56472,50551
35620,56477,50541
35602,56463,50021
35661,56439,50468
35648,56447,50412
35628,56455,50375
35696,56367,50345
35776,56449,50303
35848,56447,50311
35880,56437,50308
35881,56447,50295
35865,56407,50223
35912,56420,50213
36052,56431,50127
36028,56421,50139
35980,56365,50093
36016,56407,50037
36024,56415,49900
36028,56413,49903
36079,56407,49863
36150,56367,49889
36164,56396,49869
36168,56391,49844
36192,56399,49621
36136,56343,49651
36116,56391,49175
36116,56373,49581
36076,56309,49581
36095,56381,49615
36253,56359,49591
36430,56372,49527
36500,56293,49527
36620,56377,49484
36649,56351,49442
36620,56351,49367
36536,56345,49379
36470,56284,49359
36416,56351,49329
36372,56327,49184
36366,56319,48605
36414,56327,49221
36388,56327,49100
36420,56324,48952
36534,56317,48999
36602,56325,48532
36616,56261,49007
36652,56311,48991
36608,56287,48846
36516,56295,48769
36549,56295,48385
36584,56263,48709
36581,56309,48669
36596,56295,48687
36612,56295,48544
36580,56281,48597
36606,56199,48519
36648,56199,48437
36637,56268,48460
36588,56249,48425
36492,56253,48357
36448,56261,48325
36474,56247,48255
36492,56197,48217
36576,56251,48135
36552,56239,48127
36516,56228,48007
36560,56161,48033
36591,56180,47925
36580,56227,47833
36681,56217,47420
36764,56213,47773
36775,56217,47645
36780,56197,47677
36785,56199,47623
36708,56199,47570
36704,56191,47559
36692,56183,47478
36676,56183,47415
36596,56119,47343
36628,56182,46851
36672,56151,47196
36724,56172,47103
36749,56167,47031
36824,56147,46900
36832,56131,47025
36796,56144,46996
36816,56133,46965
36820,56141,46804
36860,56135,46727
36944,56133,46751
37028,56056,46711
37044,56132,46685
37084,56116,46623
37130,56124,46599
37088,56032,46489
36999,56119,46495
36974,56100,46333
36973,56087,46333
36932,56099,46267
36956,56093,46281
37001,56071,46185
36948,56093,46173
36956,56071,46087
37000,56005,45991
36924,56071,45887
36832,56053,45509
36792,56055,45799
36713,55988,45775
36629,56055,45816
36668,56039,45735
36648,56039,45692
36516,56039,45607
36461,55975,45495
36446,56037,45403
36389,56021,45401
36332,56023,45447
36330,56011,45375
36246,55991,45377
36185,55999,45255
36260,55943,45295
36312,56007,45100
36381,56011,45063
36396,55983,45031
36416,55997,44983
36414,55964,44893
36324,55964,44603
36278,55916,44891
36206,55967,44935
36167,55959,44836
36252,55951,44783
36324,55943,44689
36234,55879,44684
36272,55956,44711
36300,55943,44629
36285,55943,44571
36268,55935,44626
36248,55908,44551
36244,55909,44511
36188,55815,44432
36226,55917,44487
36250,55895,44421
36152,55911,44425
36116,55879,44351
36112,55895,44348
36092,55883,44318
35980,55815,44257
35992,55853,44245
36060,55868,44263
36096,55844,44181
36132,55855,44180
36181,55869,44180
36110,55839,43726
36080,55777,44101
36042,55815,44093
35972,55815,44064
35890,55793,44063
35943,55815,44020
35944,55792,44004
35960,55805,43975
36032,55810,43949
36124,55796,43879
36078,55796,43879
36061,55731,43791
36092,55776,43843
36026,55780,43826
35992,55756,43779
35988,55687,43578
36024,55765,43631
36005,55742,43741
36046,55735,43703
36089,55727,43671
36084,55751,43607
35981,55745,43598
35888,55724,43484
35846,55709,43511
35831,55723,43515
35876,55687,43501
35896,55687,43303
35865,55687,42879
35885,55687,43263
35929,55684,43268
35908,55679,43373
35809,55687,43271
35800,55677,43242
35752,55591,43087
35648,55643,43143
35660,55655,43237
35680,55647,42955
35657,55628,43045
35740,55637,43106
35788,55639,43015
35804,55578,42709
35852,55631,42965
35969,55620,42931
35937,55623,42865
35888,55607,42687
35872,55603,42719
35787,55527,42879
35708,55605,42751
35732,55559,42795
35796,55574,42676
35864,55501,42653
35868,55583,42480
35960,55572,42481
35952,55557,42645
35904,55533,42475
35856,55461,42527
35832,55540,42421
35828,55527,42456
35820,55527,42196
35848,55471,42324
35860,55535,42215
35829,55524,42099
35802,55498,42317
35800,55510,42113
35800,55495,41657
35865,55415,42199
35904,55431,42081
35861,55479,42125
35872,55472,41956
35928,55471,41991
35933,55459,41889
35998,55457,41925
36052,55452,42052
36039,55447,41835
35932,55442,41565
35918,55355,41871
35916,55429,41749
35916,55421,41927
35916,55419,41733
35964,55421,41735
35968,55415,41633
36012,55415,41605
36044,55335,41799
36052,55399,41573
35994,55397,41255
35908,55367,41599
35809,55364,41521
35700,55281,41635
35668,55327,41439
35684,55375,41509
35698,55357,41372
35764,55349,41417
35879,55333,41313
35876,55281,41327
35792,55335,41441
35776,55324,41149
35733,55303,40873
35676,55303,41159
35714,55303,41185
35802,55271,41349
35820,55303,41129
35848,55301,41271
35944,55241,41067
35964,55287,41260
35820,55271,41053
35764,55251,41117
35685,55257,40967
35596,55257,40994
35624,55255,40812
35652,55241,40381
35613,55239,41076
35613,55172,40877
35620,55247,40967
35644,55215,40814
35617,55212,40965
35692,55188,40756
35722,55155,40620
35681,55191,40377
35668,55191,40755
35653,55201,40647
35560,55195,40783
35476,55175,40279
35416,55163,40443
35376,55166,40455
35304,55167,40533
35364,55151,40681
35429,55141,40487
35476,55076,40435
35520,55143,40415
35648,55127,40313
35720,55135,40426
35684,55047,40237
35664,55119,40189
35645,55092,40295
35536,55111,40441
35512,55047,40271
35489,55087,40404
35420,55084,40215
35438,55060,40293
35444,55079,40174
35488,55077,40089
35596,54989,40268
35712,55068,40092
35684,55044,40134
35534,55029,39983
35444,54999,40005
35396,55028,39885
35345,55031,39973
35356,54959,40101
35432,55023,39975
35454,54999,40089
35470,55005,39893
35472,54995,40028
35464,54989,39623
35416,54981,39719
35393,54900,39557
35389,54980,39687
35316,54967,39957
35324,54893,39804
35425,54966,39849
35481,54959,39163
35481,54948,39701
35437,54887,39767
35404,54948,39719
35352,54919,39572
35397,54933,39825
35444,54911,39380
35516,54871,39637
35524,54901,39564
35576,54820,39599
35488,54908,39545
35405,54884,39597
35347,54891,39511
35296,54879,39635
35244,54887,39492
35248,54855,39547
35311,54863,39449
35280,54815,39383
35348,54863,39425
35418,54836,39373
35365,54791,39537
35368,54861,39175
35376,54834,39316
35368,54775,39471
35270,54837,38724
35244,54791,39111
35220,54791,39300
35100,54791,39205
35080,54735,39335
35136,54791,39149
35184,54791,39303
35212,54791,39099
35232,54781,39169
35188,54775,38679
35066,54687,38906
35020,54757,39071
34991,54757,38961
34966,54755,39139
34968,54751,38919
35040,54741,38855
35032,54755,38879
34983,54743,38877
34996,54695,38919
35044,54719,38690
34948,54713,38818
34857,54679,38903
34761,54688,38749
34685,54695,38725
34624,54647,38788
34647,54701,38689
34624,54692,38829
34692,54617,38621
34796,54687,38485
34821,54671,38585
34761,54663,38532
34736,54652,38575
34812,54585,38652
34868,54655,38517
34940,54628,38585
35028,54629,38319
34968,54633,38423
34952,54567,38501
35076,54615,38407
35129,54628,38485
35120,54613,38247
35158,54599,37828
35172,54593,38151
35092,54607,38366
34928,54583,38209
34936,54511,38388
34965,54603,38212
34909,54583,38255
34910,54533,38199
34928,54535,38286
34837,54555,38135
34712,54471,38191
34677,54535,38088
34644,54533,38244
34628,54500,37511
34692,54535,38119
34680,54535,37507
34716,54527,37973
34792,54439,37933
34844,54525,37812
34872,54508,37893
34884,54407,37876
34932,54489,38023
34896,54471,37831
34858,54431,37837
34856,54464,37799
34852,54483,37695
34780,54452,37749
34770,54469,37750
34696,54457,37915
34572,54373,37337
34532,54445,37708
34541,54427,37847
34524,54417,37733
34540,54375,37840
34572,54423,37691
34608,54420,37711
34600,54359,37415
34517,54423,37625
34424,54407,37655
34420,54324,37639
34404,54389,37796
34301,54383,37362
34160,54389,37639
33933,54383,37724
33606,54367,37559
33128,54375,37555
32624,54349,37645
32080,54279,37631
31488,54373,37609
30965,54371,37591
30727,54342,37596
30772,54335,37727
31061,54349,37591
31536,54261,37585
32012,54343,37534
32581,54343,37516
33272,54337,37481
33980,54319,37529
34440,54320,37611
35100,54325,37469
36356,54311,37493
38033,54263,37647
39748,54276,37469
41428,54311,37551
43068,54279,37415
44254,54279,37412
44666,54279,37497
44600,54279,37407
44140,54273,37441
43324,54279,37255
42348,54247,36953
41220,54271,37483
40002,54276,37313
38751,54252,37367
37562,54263,37179
36544,54256,36935
35775,54272,37260
35212,54263,37231
34808,54247,37231
34430,54237,37023
34189,54151,37007
34039,54151,37253
33884,54220,37105
33728,54239,37225
33614,54221,37079
33516,54212,37211
33496,54221,37063
33525,54135,37190
33525,54151,37036
33422,54215,37103
33326,54183,36928
33248,54175,36683
33185,54175,37111
33196,54183,36939
33192,54089,37055
33230,54183,36911
33303,54169,36903
33390,54173,36395
33432,54151,36748
33372,54084,36817
33309,54132,36708
33272,54141,36785
33184,54143,36805
33128,54141,36845
33184,54135,36748
33257,54135,36736
33276,54079,36661
33292,54135,36780
33300,54113,36697
33228,54117,36679
33205,54103,36583
33244,54101,36719
33236,54023,36839
33221,54100,36397
33268,54101,36524
33274,54013,36463
33252,54087,36589
33256,54095,36155
33212,54068,36697
33173,54079,36588
33113,54063,36743
33177,54052,36559
33180,54063,36532
33210,53985,36431
33252,54023,36485
33265,54068,36495
33196,54063,36551
33200,54050,36501
33216,53981,36607
33143,54052,36468
33076,54043,36597
33124,54019,36412
33121,54023,36567
33161,54023,36389
33309,54023,36519
33294,54023,36377
33204,54023,36487
33166,54023,36358
33190,54013,36309
33176,54013,36172
33188,54001,35847
33164,53991,36321
33073,53929,35945
32997,54004,36380
33142,53970,36237
33257,53989,36185
33268,53991,36075
33368,53989,35711
33376,53987,36295
33304,53987,36087
33200,53895,36045
33180,53895,36221
33131,53980,36061
33140,53967,36217
33217,53975,36037
33288,53967,35989
33248,53973,36161
33313,53885,35997
33340,53941,35983
33210,53961,36006
33154,53927,35943
33188,53932,35885
33225,53933,35967
33177,53927,35879
33236,53943,35975
33249,53866,35791
33276,53947,35427
33336,53949,35899
33400,53927,35799
33420,53925,35772
33428,53919,35647
33393,53853,35295
33325,53921,35846
33228,53925,35703
33256,53911,35780
33340,53927,35615
33384,53845,35644
33408,53927,35463
33380,53919,35612
33284,53892,35716
33244,53895,35590
33264,53892,35655
33214,53893,35539
33249,53877,35591
33261,53892,35516
33304,53895,35492
33316,53911,35431
33422,53870,35540
33444,53885,35301
33380,53883,35445
33319,53879,35588
33352,53871,35439
33245,53788,35540
33220,53885,35428
33351,53860,35535
33452,53879,35399
33445,53819,35523
33416,53879,35351
33432,53871,35185
33342,53863,35277
33304,53795,35308
33272,53853,35463
33244,53855,35309
33233,53796,35319
33240,53845,35263
33220,53861,35128
33232,53861,35234
33308,53869,35209
33348,53855,35265
33204,53861,35079
33056,53834,35213
32940,53847,35301
32832,53839,35172
32771,53783,35279
32820,53863,35203
32778,53844,35311
32714,53845,35133
32696,53767,35149
32668,53855,34977
32605,53844,35117
32515,53832,34687
32448,53757,35143
32364,53822,34655
32364,53839,35168
32461,53836,34639
32452,53839,35165
32397,53767,35077
32464,53841,35207
32528,53813,35043
32514,53825,35145
32495,53751,34607
32480,53815,35167
32488,53815,34743
32516,53821,34864
32684,53767,35043
32748,53839,34975
32632,53831,35101
32574,53789,34972
32469,53815,35079
32412,53796,34561
32504,53804,34956
32596,53807,34559
32584,53721,34836
32632,53831,34993
32653,53807,34933
32780,53814,35017
32704,53763,34957
32640,53829,35077
32688,53807,34939
32637,53804,34905
32640,53732,34567
32644,53749,34862
32708,53759,34918
32778,53813,35047
32797,53797,34905
32820,53767,34895
32695,53767,34806
32700,53814,34799
32759,53791,34999
32768,53791,34929
32780,53791,35007
32804,53759,34468
32792,53759,35063
32828,53804,34925
32881,53789,35025
32871,53795,34525
32756,53791,34893
32704,53799,34891
32640,53733,34761
32549,53791,34883
32501,53783,34923
32544,53692,35053
32536,53749,34932
32540,53789,35001
32716,53783,34892
32776,53789,35029
32796,53791,34932
32860,53793,35047
32885,53760,34913
32846,53767,35049
32772,53767,34906
32664,53767,35029
32613,53677,34909
32590,53767,35041
32636,53767,34923
32660,53767,35052
32584,53767,34885
32592,53791,34822
32645,53751,34967
32632,53767,34921
32665,53767,35060
32719,53735,34924
32620,53767,35028
32564,53767,34918
32501,53767,35052
32484,53767,34535
32470,53767,34851
32533,53767,34929
32630,53767,34886
32660,53702,35029
32718,53767,34919
32776,53765,35054
32742,53757,34913
32636,53762,35027
32568,53746,34919
32616,53767,34999
32616,53767,34463
32636,53705,34751
32633,53767,34865
32652,53767,34885
32576,53763,34879
32565,53669,34919
32484,53765,35053
32516,53755,34905
32613,53761,34996
32580,53767,34893
32500,53697,35053
32542,53767,34875
32623,53767,34751
32718,53767,34859
32656,53756,34805
32687,53709,34868
32708,53767,34732
32764,53767,34567
32769,53749,34909
32841,53767,34740
32844,53702,34740
32837,53767,34991
32812,53763,34889
32784,53767,35038
32836,53719,34863
32910,53695,34972
32876,53759,34461
32740,53763,34940
32789,53751,34471
32824,53745,35053
32753,53757,34903
32788,53715,34945
32792,53767,34856
32709,53743,34838
32636,53741,34868
32616,53741,34487
32552,53671,35039
32533,53701,34871
32613,53763,34911
32740,53761,34743
32732,53765,34495
32716,53767,35015
32663,53679,34877
32628,53743,34823
32574,53707,34848
32576,53743,34915
32688,53740,34736
32736,53714,34618
32770,53754,34866
32776,53761,34503
32732,53756,34913
32676,53759,34429
32662,53754,34951
32596,53755,34796
32552,53668,34743
32612,53711,34431
32537,53749,34991
32452,53742,34857
32476,53735,34859
32612,53747,34709
32685,53755,34852
32758,53668,34987
32796,53759,34863
32752,53755,34911
32695,53731,34767
32485,53735,34641
32361,53735,34959
32508,53735,34677
32633,53703,34389
32695,53746,34884
32678,53735,34813
32624,53732,34833
32640,53743,34863
32569,53741,34783
32510,53733,34757
32500,53679,34607
32473,53639,34775
32448,53743,34869
32604,53719,34771
32796,53735,34899
32798,53663,34757
32908,53749,34823
32996,53727,34738
32897,53735,34876
32696,53702,34735
32596,53724,34739
32413,53717,34652
32284,53735,34729
32308,53735,34719
32397,53719,34855
32417,53733,34661
32505,53727,34501
32624,53655,34543
32631,53721,34652
32556,53727,34801
32497,53685,34662
32452,53703,34627
32386,53727,34615
32332,53649,34711
32304,53735,34636
32356,53723,34617
32464,53723,34487
32484,53716,34556
32440,53671,34481
32350,53639,34213
32336,53685,34789
32440,53713,34653
32440,53703,34753
32353,53706,34614
32372,53651,34733
32353,53727,34623
32304,53703,34769
32356,53711,34615
32333,53709,34549
32329,53705,34471
32380,53639,34609
32284,53699,34775
32232,53703,34623
32288,53703,34519
32372,53717,34559
32404,53719,34557
32476,53652,34573
32489,53711,34517
32512,53692,34559
32468,53701,34605
32354,53688,34599
32328,53637,34515
32414,53679,34556
32528,53703,34471
32540,53668,34557
32474,53709,34437
32456,53700,34431
32484,53669,34534
32446,53703,34663
32372,53687,34577
32247,53676,34576
32184,53687,34471
32200,53613,34336
32116,53700,34401
32096,53685,34281
32132,53711,34673
32202,53625,34559
32304,53703,34663
32276,53687,34543
32216,53693,34567
32196,53679,34369
32116,53685,34121
32052,53613,34639
32164,53703,34519
32278,53693,34681
32276,53701,34545
32302,53699,34503
32314,53695,34406
32284,53639,34377
32133,53703,34384
32120,53687,34541
32080,53679,34669
32050,53687,34567
32044,53607,34701
32208,53669,34591
32344,53693,34567
32492,53693,34421
32600,53679,34350
32556,53681,34734
32428,53685,34605
32404,53663,34732
32442,53677,34607
32460,53599,34560
32525,53700,34637
32652,53677,34725
32644,53684,34215
32631,53690,34711
32644,53684,34308
32612,53657,34663
32489,53671,34289
32404,53621,34810
32513,53684,34294
32544,53671,34879
32544,53671,34773
32560,53679,34927
32492,53615,34795
32482,53690,34915
32469,53669,34780
32436,53673,34783
32344,53639,34815
32282,53599,34869
32233,53659,34830
32212,53679,34743
32260,53671,34875
32374,53661,34989
32412,53668,34876
32520,53676,34876
32616,53599,34769
32534,53653,34643
32444,53660,34757
32476,53639,34925
32408,53659,34980
32349,53655,34949
32376,53655,34919
32404,53591,34887
32384,53671,34783
32418,53639,34823
32380,53655,34925
32308,53644,34853
32194,53615,34915
32157,53639,34903
32224,53639,34917
32165,53639,34874
32180,53661,35037
32146,53637,34948
31916,53655,35103
31552,53639,35017
31288,53621,35127
30848,53653,35017
30292,53559,35163
29690,53639,35031
28992,53629,35133
28616,53639,35031
28600,53575,35021
28948,53655,34924
29514,53639,34919
30193,53639,35100
30868,53636,35036
31504,53559,35165
32088,53639,35055
32797,53612,35145
33204,53636,34999
33917,53629,34933
35138,53580,35044
36672,53620,35079
38192,53629,35197
39746,53639,35071
41256,53628,35021
42070,53580,34899
42256,53631,35044
42016,53613,34948
41504,53623,34865
40733,53617,35023
39836,53627,35079
38783,53633,35089
37728,53655,35248
36492,53636,35067
35342,53639,35036
34248,53572,35067
33432,53639,35054
32948,53629,35036
32564,53628,35029
32196,53628,35079
31910,53629,35095
31868,53639,35060
31776,53631,35047
31653,53639,35061
31625,53631,35071
31577,53627,35202
31474,53639,35079
31492,53612,35269
31484,53621,35145
31456,53596,35221
31284,53596,35095
31261,53631,35229
31292,53623,35137
31373,53551,35241
31340,53623,35143
31273,53613,35261
31140,53615,35125
30996,53607,35106
30941,53601,35061
30897,53559,35047
30910,53621,35151
30933,53618,35150
30848,53613,35225
30916,53620,35143
30991,53535,35295
31000,53623,35151
31084,53607,35290
31144,53591,35150
31188,53589,35271
31257,53551,35146
31266,53607,35251
31356,53599,35131
31344,53615,35252
31335,53613,34696
31420,53612,35177
31380,53575,34773
31278,53597,35097
31314,53583,35007
31476,53511,35077
31527,53557,35101
31460,53599,35079
31561,53581,35249
31572,53599,34799
31640,53595,35073
31819,53585,35231
31809,53607,35118
31721,53579,35228
31744,53575,34919
31720,53581,35076
31784,53500,35105
31790,53596,35030
31812,53583,35087
31829,53584,35113
31764,53588,35165
31673,53575,35079
31589,53581,35079
31425,53577,35207
31408,53575,35125
31424,53487,35239
31333,53560,35076
31352,53567,35141
31517,53572,35063
31557,53572,35051
31559,53557,35005
31496,53575,35145
31525,53575,35103
31388,53557,35013
31400,53540,35093
31444,53559,35079
31428,53487,35178
31509,53579,35047
31644,53557,35050
31724,53569,35057
31692,53565,35175
31796,53495,35027
31932,53573,35103
31814,53551,34583
31776,53552,34980
31832,53559,34847
31804,53477,34848
31672,53567,34951
31764,53544,34951
31765,53487,35033
31782,53573,34943
31893,53543,35013
32000,53551,34919
31888,53488,35079
31932,53535,34495
31924,53535,34857
31904,53556,34951
31881,53540,34857
31855,53541,34851
31848,53551,34743
31752,53543,34722
31812,53540,34746
31832,53471,34716
31759,53548,34795
31752,53511,34743
31876,53511,34863
31865,53501,34702
31765,53543,34727
31914,53525,34663
31862,53527,34751
31985,53532,34628
32161,53437,34768
32305,53535,34195
32276,53511,34579
32268,53508,34307
32220,53508,34455
32248,53431,34503
32242,53511,34533
32357,53511,34707
32473,53533,34549
32552,53493,34421
32564,53531,34492
32508,53511,34399
32495,53511,34505
32359,53500,34479
32388,53511,34601
32433,53511,34557
32385,53511,34453
32436,53511,34537
32382,53511,34543
32324,53511,34633
32376,53507,34545
32407,53479,34683
32316,53511,34527
32306,53487,34500
32264,53487,34535
32168,53503,34543
32004,53495,34655
32030,53499,34529
32096,53460,34588
32108,53511,34407
32004,53511,34497
31684,53495,34567
31502,53485,34505
31457,53447,34695
31360,53459,34475
31408,53485,34567
31524,53484,34663
31518,53487,34567
31560,53495,34711
31538,53493,34567
31500,53495,34665
31484,53437,34565
31406,53463,34679
31404,53480,34545
31500,53485,34557
31468,53481,34599
31504,53479,34671
31544,53447,34351
31639,53499,34477
31570,53465,34578
31684,53484,34567
31660,53475,34628
31528,53399,34525
31500,53447,34631
31497,53476,34669
31484,53455,34836
31601,53471,34731
31648,53471,34741
31737,53447,34724
31828,53471,34820
31829,53487,34767
31882,53463,34917
31780,53469,34801
31660,53459,34820
31600,53373,34796
31613,53460,34834
31614,53455,34831
31674,53453,34950
31752,53471,34949
31751,53475,35093
31820,53457,34951
31836,53383,34963
31848,53453,34977
31878,53452,34887
31890,53431,35014
31864,53397,35079
31868,53443,35062
31908,53445,34887
31956,53443,35089
32016,53447,35271
32045,53437,35145
32033,53413,35279
31900,53407,35177
31916,53437,35305
31960,53420,34788
31893,53373,35155
31889,53407,35273
32072,53431,35287
32177,53426,35375
32180,53431,35299
32266,53359,35383
32360,53429,35347
32336,53415,35503
32372,53410,35364
32229,53405,35520
32136,53421,35377
32048,53343,35528
32024,53373,35396
32062,53419,35531
32078,53423,35429
32082,53415,35581
32037,53369,35445
31944,53415,35605
32004,53383,35461
32064,53397,35566
32078,53351,35495
32084,53383,35403
32234,53404,35497
32268,53397,35263
32198,53399,35607
32281,53399,35469
32272,53383,35607
32024,53383,35397
31888,53341,35455
31836,53383,35439
31849,53348,35485
31876,53383,35571
32008,53381,35424
31922,53383,35047
31940,53380,35590
32208,53303,35483
32236,53319,35444
32264,53285,35583
32252,53293,35458
32284,53315,35258
32200,53375,35613
32344,53373,35439
32492,53359,35416
32337,53373,35455
32268,53373,35468
32244,53375,35420
32210,53351,35473
32110,53349,35444
32037,53295,35421
32180,53255,35527
32164,53282,35440
32180,53359,35439
32236,53327,35402
32278,53357,35415
32368,53351,35399
32452,53348,35447
32431,53341,35484
32348,53277,35373
32389,53255,35151
32317,53327,35519
32317,53333,35460
32286,53335,35463
32252,53316,35546
32320,53327,35457
32388,53253,35556
32494,53297,35309
32469,53277,35484
32309,53316,35564
32188,53285,35359
32180,53319,35495
32260,53303,35545
32344,53319,35415
32450,53295,35364
32345,53317,35439
32365,53309,35557
32447,53295,35629
32448,53309,35457
32225,53311,35607
32310,53294,35260
32389,53302,35719
32356,53301,35661
32348,53303,35613
32420,53303,35197
32428,53319,35663
32464,53318,35647
32608,53311,35731
32664,53279,35793
32588,53295,35605
32540,53276,35757
32420,53284,35900
32352,53277,35735
32492,53202,35756
32624,53213,35955
32596,53220,35794
32577,53255,35591
32600,53223,35997
32622,53205,35847
32574,53255,35876
32542,53255,35900
32464,53255,35887
32456,53255,35921
32528,53255,35487
32512,53221,36044
32420,53275,35940
32417,53255,35997
32274,53255,35847
32404,53178,35931
32492,53180,35657
32536,53201,36044
32512,53244,36013
32298,53228,35897
32232,53243,35605
32316,53237,36212
32416,53247,36079
32504,53255,36149
32484,53243,36023
32433,53188,35873
32284,53215,36036
32284,53247,35629
32300,53228,35957
32313,53215,35837
32309,53199,35932
32496,53232,35637
32564,53234,36184
32594,53236,35941
32704,53223,36071
32752,53218,36164
32630,53224,36069
32628,53223,35793
32704,53199,36221
32636,53215,35951
32498,53212,36113
32456,53223,35699
32484,53223,36253
32426,53221,36063
32376,53213,35661
32416,53196,36177
32469,53204,36151
32450,53191,36155
32534,53188,36124
32423,53183,36167
32365,53172,36201
32424,53169,36176
32408,53175,36187
32376,53188,36204
32628,53179,35829
32672,53183,36205
32529,53183,36324
32545,53165,36276
32549,53159,36343
32521,53159,36255
32432,53151,36377
32406,53165,36277
32472,53167,36301
32424,53092,36239
32525,53111,36003
32632,53159,36195
32460,53151,36330
32396,53143,36259
32376,53127,36194
32398,53140,36337
32399,53060,36407
32472,53143,36543
32484,53127,36388
32484,53133,36401
32441,53095,36047
32556,53149,36573
32517,53127,36486
32439,53121,36567
32428,53109,36511
32417,53109,36506
32452,53119,36631
32508,53127,36535
32596,53125,36596
32516,53095,36521
32502,53039,36562
32500,53085,36477
32472,53067,36597
32424,53119,36705
32398,53093,36111
32241,53095,36716
32208,53111,36573
32181,53109,36767
32204,53103,36655
32269,53111,36716
32389,53039,36604
32408,53103,36615
32430,53031,36512
32474,53031,36202
32456,53013,36851
32352,53013,36700
32424,53091,36743
32600,53085,36573
32592,53092,36733
32636,53093,36863
32672,53095,36735
32668,53085,36695
32681,53073,36645
32712,53063,36517
32685,53063,36878
32669,53055,36829
32556,53071,36924
32536,53063,36765
32596,53064,36879
32538,53084,36849
32378,53071,36735
32384,53063,36711
32200,52983,37019
32140,52975,36919
32367,52975,36523
32437,52999,37100
32492,53047,36965
32558,53039,36911
32644,53040,37181
32708,52975,37045
32716,52973,37028
32657,53037,37229
32564,53032,36978
32412,53029,37095
32452,53023,37100
32540,53023,37217
32548,53015,37173
32673,53025,37066
32704,53020,37345
32741,53021,37218
32796,53013,37033
32775,53023,37407
32630,53007,37255
32528,52999,37132
32520,52999,37394
32544,52999,37285
32400,52999,36845
32445,52999,37511
32473,52983,37331
32672,52999,37317
32789,52984,37487
32647,52999,37415
32452,53012,37467
32472,52997,37577
32538,52985,37349
32414,52991,37525
32196,52995,37487
32036,52991,37557
31792,52959,37549
31456,52997,37755
30957,52980,37609
30422,52981,37525
29856,52968,37813
29504,52972,37692
29280,52892,37792
29208,52965,37691
29480,52980,37364
30161,52959,37804
30869,52893,37915
31505,52932,37805
32213,52917,37789
32964,52927,37940
33508,52911,37783
33956,52879,37850
34921,52882,38053
36300,52949,37903
37653,52930,37709
39216,52957,37953
40590,52949,37938
41668,52959,38063
42168,52933,37975
42188,52935,38077
41677,52933,37932
41076,52933,37540
40344,52929,38119
39361,52931,37997
38224,52863,38075
37097,52900,37927
35976,52947,37546
34892,52956,38247
34151,52945,38053
33716,52847,38103
33202,52849,38014
32680,52863,38205
32532,52925,38130
32485,52905,38181
32220,52925,37971
32054,52911,37655
31910,52919,38263
31780,52921,38151
31796,52924,38277
31769,52908,38125
31668,52911,37965
31573,52909,38343
31548,52903,38197
31488,52823,38335
31420,52885,38188
31364,52895,38343
31482,52895,38217
31509,52899,38319
31549,52900,38183
31519,52893,38207
31472,52815,38071
31490,52820,37822
31556,52871,38309
31600,52871,38225
31488,52871,38407
31389,52855,38231
31473,52871,38340
31521,52818,38253
31616,52847,38369
31588,52871,38248
31509,52861,38299
31474,52855,38207
31481,52839,38260
31442,52847,38236
31480,52767,38279
31598,52839,38219
31661,52847,38343
31681,52861,38279
31615,52831,38423
31682,52852,38271
31645,52836,38337
31629,52829,38279
31740,52829,38381
31692,52815,38255
31716,52847,38417
31772,52793,38239
31841,52829,38207
31848,52829,38399
31940,52831,38243
31777,52825,38399
31576,52828,38239
31572,52733,38279
31564,52739,38290
31530,52807,38244
31696,52807,38239
31908,52775,38103
32056,52809,38222
32124,52823,38373
32120,52807,38199
32108,52799,37711
32072,52805,38407
32066,52793,38231
32008,52716,38247
31945,52719,38269
31895,52797,38210
31894,52759,38324
31940,52789,38229
31956,52801,38395
31972,52721,38199
31980,52797,38214
32079,52780,37869
32113,52775,38297
32092,52764,38217
31972,52773,38071
31752,52757,38037
31884,52777,38253
32012,52767,38151
31929,52775,38276
31861,52773,38161
31921,52759,38249
31976,52767,38047
31879,52676,38111
31877,52733,38276
32092,52762,38109
32068,52764,38071
31972,52759,38209
31974,52775,37999
32072,52764,37973
32101,52743,37953
32178,52740,37716
32352,52743,37996
32329,52743,37579
32272,52701,37823
32174,52735,37573
32102,52740,37809
32104,52732,37335
32186,52740,37968
32108,52735,37821
32102,52741,37783
32184,52733,37716
32192,52727,37755
32220,52723,37725
32260,52719,37613
32280,52719,37660
32334,52713,37783
32384,52719,37521
32424,52722,37101
32497,52731,37676
32546,52732,37540
32644,52722,37677
32660,52715,37427
32730,52709,37525
32860,52694,37573
32904,52700,37327
32852,52699,37277
32832,52703,37543
32861,52703,37407
32742,52715,37245
32616,52717,37485
32652,52703,37360
32708,52699,37325
32736,52689,37173
32806,52677,37255
32720,52679,37429
32721,52615,37252
32780,52639,37223
32844,52655,37117
32864,52687,36923
33036,52663,37305
32928,52631,37071
32760,52615,36647
32788,52671,37221
32749,52657,37041
32693,52655,36629
32572,52668,37197
32527,52660,36983
32358,52679,36884
32337,52691,37093
32352,52687,36928
32328,52679,36999
32181,52669,36901
32016,52663,36967
31946,52663,36785
31969,52615,36317
31963,52671,36895
31997,52663,36759
32068,52663,36881
31951,52673,36692
32004,52671,36671
32200,52660,36627
32120,52669,36633
32156,52653,36629
32237,52628,36503
32119,52628,36085
31940,52645,36664
31837,52641,36495
31967,52651,36484
32080,52655,36299
32064,52655,36433
32040,52645,36429
32016,52639,36231
31932,52639,35890
31976,52627,36436
31988,52615,36175
31956,52623,36303
31973,52631,36191
32076,52615,36387
32008,52629,36090
32077,52627,36231
32194,52615,36255
32192,52615,36037
32124,52615,35701
32192,52612,36261
32136,52597,36007
32181,52612,36125
32173,52612,36045
32201,52615,36201
32160,52623,36007
32124,52615,36071
32158,52615,36039
32124,52615,35709
32148,52606,36158
32214,52597,35981
32208,52599,35745
32208,52583,36053
32221,52539,35883
32324,52582,35964
32204,52615,35907
32228,52615,35926
32233,52603,35925
32070,52597,35975
32028,52599,35857
32204,52580,35823
32252,52572,35902
32296,52567,35897
32425,52581,35641
32493,52583,35957
32346,52582,35847
32392,52591,35687
32397,52583,35963
32253,52583,35679
32064,52575,35839
32060,52567,35887
32048,52551,35685
31957,52583,35474
32148,52564,35917
32284,52559,35821
32292,52567,35965
32296,52514,35790
32313,52551,35973
32320,52565,35785
32392,52539,35367
32332,52551,35889
32268,52545,35820
32198,52543,35975
32264,52543,35842
32284,52551,35836
32308,52563,35805
32352,52517,35808
32476,52487,35941
32484,52542,35837
32328,52543,35975
32416,52535,35847
32352,52511,35903
32276,52529,35837
32438,52463,35959
32584,52519,35839
32470,52543,35879
32519,52539,35657
32542,52517,35392
32469,52527,35919
32391,52439,35553
32260,52503,35967
32382,52519,35779
32300,52519,35529
32276,52505,35941
32412,52507,35796
32486,52516,35796
32541,52519,35719
32558,52495,35545
32480,52501,35868
32456,52487,35607
32430,52486,35740
32280,52487,35837
32112,52500,35628
31996,52503,35743
32284,52479,35655
32229,52511,35733
32342,52495,35740
32501,52503,35787
32494,52486,35676
32448,52461,35823
32400,52471,35713
32494,52463,35725
32285,52479,35629
32508,52473,35765
32708,52477,35703
32676,52479,35772
32492,52415,35613
32524,52429,35697
32420,52471,35643
32248,52471,35735
32260,52461,35678
32248,52451,35694
32365,52457,35621
32466,52453,35527
32536,52455,35519
32465,52461,35469
32599,52389,35524
32825,52423,35615
32750,52431,35551
32596,52445,35623
32487,52438,35697
32356,52439,35714
32411,52444,35687
32439,52439,35847
32544,52439,35724
32532,52455,35788
32436,52376,35733
32429,52447,35875
32422,52411,35732
32364,52425,35847
32417,52423,35758
32358,52348,35821
32404,52431,35349
32676,52407,35828
32760,52428,35802
32520,52431,35972
32448,52428,35799
32452,52373,35911
32628,52389,35819
32704,52437,35967
32820,52415,35857
32784,52413,36007
32744,52409,35899
32708,52397,35924
32885,52417,35911
32805,52423,35913
32596,52431,35989
32652,52413,35812
32628,52415,35611
32561,52407,35918
32608,52389,35999
32509,52403,36128
32453,52335,36013
32497,52396,36053
32576,52396,35885
32659,52399,35781
32728,52398,36175
32934,52397,36047
32968,52404,36125
32836,52309,36071
32870,52399,36196
32825,52389,36103
32796,52383,36279
32788,52381,36135
32785,52393,36269
32695,52392,36139
32765,52399,36113
32840,52335,36135
32729,52389,36185
32584,52391,36077
32711,52379,36151
32825,52372,36092
32736,52383,36153
32624,52391,36239
32668,52316,35805
32716,52383,36216
32805,52389,36263
32996,52375,36436
33047,52367,36293
32924,52359,36420
32764,52359,36313
32606,52359,36388
32433,52278,36317
32412,52324,36335
32570,52375,36271
32448,52375,36353
32501,52372,36295
32657,52359,36391
32940,52353,36265
32820,52359,36028
32556,52346,36433
32414,52347,36325
32593,52348,36513
32692,52353,36331
32676,52351,36268
32817,52359,36487
32924,52359,36357
33036,52351,36405
32848,52351,36231
32644,52351,35879
32631,52335,36485
32412,52335,36289
32468,52341,36351
32568,52327,36439
32644,52299,36308
32649,52357,36350
32644,52359,36215
32601,52355,35927
32576,52359,36535
32456,52341,36381
32452,52333,36169
32365,52333,36401
32249,52335,35956
32295,52325,36583
32484,52326,36469
32452,52340,36615
32425,52307,36443
32659,52327,36487
32692,52343,36517
32548,52321,36677
32480,52317,36530
32520,52319,36708
32544,52265,36581
32704,52319,36711
32893,52323,36591
33072,52318,36759
32997,52327,36613
32860,52305,36647
32817,52324,36510
32613,52327,36641
32549,52298,36807
32657,52310,36265
32592,52311,36595
32644,52307,36476
32785,52269,36676
32840,52327,36807
32652,52326,36716
32830,52303,36795
32864,52311,36588
32813,52303,36681
32839,52289,36609
32857,52255,36743
32836,52228,36655
32852,52317,36882
32752,52300,36801
32744,52301,36948
32672,52311,36803
32668,52225,36951
32654,52307,36837
32620,52281,36943
32589,52295,36815
32440,52276,36956
32597,52287,36855
32764,52221,37025
32953,52231,36852
32808,52297,37009
32644,52308,36387
32669,52294,37008
32652,52285,36889
32588,52284,37023
32716,52263,36892
32718,52269,37047
32662,52285,36919
32445,52228,37047
32394,52287,36905
32590,52295,37083
32556,52275,36916
32732,52276,36913
32732,52274,36935
32614,52283,36957
32632,52276,37081
32321,52263,36925
31909,52285,36949
31615,52270,37123
31272,52271,36945
30740,52279,36955
30312,52276,36902
29856,52271,36514
29489,52215,37089
29452,52197,36999
29564,52207,37156
30008,52231,36976
30456,52197,36647
31108,52255,37047
31940,52277,37005
32505,52285,37188
33312,52263,37061
34017,52255,37179
34840,52260,37037
35948,52195,36906
37468,52192,37046
38823,52197,37223
40020,52213,37036
41292,52252,36815
42012,52255,37183
42088,52260,37135
41880,52255,37231
41420,52253,37021
40524,52247,37105
39424,52231,37196
38249,52240,37207
37196,52247,37236
36085,52263,37121
35148,52249,37215
34420,52199,37103
33788,52199,37253
33300,52254,37149
33032,52263,37183
32748,52255,37242
32324,52259,36863
32025,52231,37494
31932,52255,37367
31872,52245,37470
31784,52255,37367
31884,52185,37423
32012,52191,37375
32160,52231,37440
32180,52269,37607
31844,52231,37447
31601,52231,37601
31468,52231,37487
31498,52231,37661
31541,52156,37527
31677,52231,37601
31828,52229,37502
31600,52231,37421
31496,52231,37545
31560,52231,37447
31468,52231,37582
31383,52231,37580
31372,52223,37597
31260,52223,37719
31420,52215,37657
31572,52229,37705
31769,52221,37617
31912,52230,37767
31884,52221,37666
31888,52215,37772
31694,52229,37687
31632,52223,37617
31532,52213,37707
31576,52212,37714
31708,52181,37879
31764,52207,37725
31684,52202,37873
31837,52223,37749
31977,52154,37892
31884,52221,37555
31942,52199,37647
31972,52205,37908
31960,52143,37764
31852,52199,37910
31734,52190,37725
31720,52127,37711
31812,52201,37877
31776,52191,37452
31812,52135,37607
31777,52199,37392
31764,52183,37604
31890,52180,37511
31992,52175,37781
32109,52167,37757
31994,52191,37847
31996,52180,37733
32007,52180,37925
32105,52187,37767
32192,52103,37845
32293,52199,37730
32361,52181,37604
32296,52161,37873
32119,52158,37764
31985,52173,37767
31904,52135,37620
31976,52169,37412
32332,52179,37856
32376,52191,37679
32208,52187,37615
32192,52167,37661
32153,52167,37501
32180,52159,37743
32224,52165,37679
32069,52144,37701
31920,52157,37636
32116,52161,37511
32232,52087,37585
32204,52167,37548
32292,52167,37605
32424,52167,37582
32352,52093,37633
32424,52164,37583
32472,52143,37751
32276,52151,37545
32135,52151,37519
32233,52135,37639
32436,52151,37537
32478,52084,37677
32380,52167,37461
32564,52161,37488
32553,52159,37463
32668,52141,37419
32628,52071,37437
32395,52127,37495
32244,52135,37021
32332,52149,37375
32340,52142,37543
32324,52151,37393
32396,52079,37535
32700,52148,37367
32780,52140,37511
32665,52141,37331
32676,52135,37421
32672,52077,36829
32640,52133,37252
32740,52133,37409
32924,52061,37295
32844,52148,37382
32802,52127,36786
32876,52133,37223
32944,52085,37393
33112,52135,37198
33290,52115,37111
33388,52124,37213
33479,52119,37179
33313,52133,37247
33094,52119,37141
32886,52053,37191
32785,52117,37167
32977,52129,37204
33207,52127,37103
33121,52125,37070
33072,52103,37005
32884,52103,36615
32766,52103,37244
32848,52103,37077
32876,52117,37071
32892,52133,37165
32888,52052,37063
33072,52085,37071
33165,52079,37023
33040,52087,37053
32832,52103,37002
32724,52103,36933
32612,52103,36973
32668,52117,37069
32684,52103,36817
32760,52124,36944
32877,52119,37018
32724,52119,36957
32680,52125,36893
32352,52103,37060
32130,52095,36907
31864,52103,36967
31848,52097,36871
32190,52103,36685
32212,52021,36871
32113,52037,36850
32271,52039,36839
32527,52044,36903
32416,52044,36764
32164,52026,36806
31993,52039,36815
31968,52063,36685
31973,52095,36794
31953,52103,36797
32030,52100,36637
32084,52101,36775
32060,52103,36791
32140,52103,36767
32197,52097,36740
32190,52099,36684
32222,52087,36791
32378,52076,36731
32464,52081,36561
32274,52093,36852
32212,52087,36757
32084,52101,36788
32121,52013,36623
32298,52071,36590
32308,52092,36564
32364,52085,36304
32345,52077,36879
32289,52071,36730
32256,52079,36685
32044,52087,36593
32144,52072,36692
32120,52085,36855
32182,52021,36684
32579,52093,36663
32817,52087,36749
32936,52093,36685
32688,52069,36831
32488,52069,36706
32321,52071,36707
32158,52091,36521
32284,52071,36245
32334,52005,36822
32356,52079,36681
32296,52087,36782
32464,52087,36543
32348,52084,36652
32372,52071,36833
32556,52071,36677
32520,52071,36653
32360,52067,36609
32448,52071,36689
32681,52073,36705
32694,52063,36530
32720,52071,36647
32737,52071,36691
32672,52068,36541
32764,52071,36655
32636,52047,36809
32437,52061,36661
32548,52071,36357
32670,52071,36557
32621,52079,36239
32697,52044,36763
32800,52079,36655
32676,52063,36796
32641,52061,36565
32605,52063,36611
32684,52060,36684
32759,52063,36639
32784,52066,36743
32800,51993,36615
32656,52071,36644
32664,52093,36463
32808,52076,36196
32940,52068,36740
32968,52071,36589
32892,52046,36577
32942,52053,36533
32988,52055,36556
32924,52055,36668
32798,52061,36407
32636,51991,36583
32480,52076,36468
32633,52077,36695
32760,52055,36427
32732,51988,36516
32549,52029,36487
32677,52047,36517
32832,52045,36669
32796,52055,36353
32824,52061,36519
33044,52054,36222
32970,52068,36613
32896,52055,36383
32978,52051,36475
32988,52052,36339
32996,52041,36521
32937,52037,36372
32940,52061,36437
32956,52052,36468
32828,52047,36459
32816,51999,36391
32944,52007,36317
33412,52065,36404
33482,52063,36372
33108,52055,36167
33146,52039,36460
33356,52029,36281
33444,52033,36342
33189,52028,36259
33084,52034,36396
33228,52055,36309
33324,52052,35967
33260,52055,36263
33337,52053,36409
33276,52045,36231
33180,52036,36207
33242,51967,36224
33077,52015,36234
33056,52047,36227
33068,52038,36219
33225,52039,36185
33424,52052,35815
33540,52046,36303
33365,52004,36153
33289,52049,36175
33470,52007,36099
33488,52021,36101
33149,52028,36007
33092,52039,36219
33236,52033,35875
33690,52037,36037
33736,52047,36015
33722,52036,36095
33724,52029,35975
33780,52029,35959
33632,51965,35791
33430,51975,35941
33008,52031,35872
32880,52029,35879
33098,52015,35867
33221,52013,35836
33245,52036,35771
33372,52029,35797
33416,52020,35782
33397,51991,35591
33362,52007,35365
33482,51999,35809
33221,52009,35696
33326,51942,35743
33570,52029,35601
33600,52015,35607
33553,52039,35446
33632,52005,35394
33516,51967,35719
33509,52017,35559
33636,52012,35613
33311,52007,35489
33292,52007,35561
33244,52013,35465
33185,52017,35589
33268,52013,35463
33380,52020,35542
33500,52020,35421
33565,51943,35516
33584,52023,35405
33580,52004,35505
33560,51999,35351
33556,51919,35327
33649,52015,35185
33640,52013,35325
33701,51999,35420
33710,52015,35233
33584,52013,34901
33701,52011,35380
33766,52003,34959
33516,51993,35201
33292,51990,35292
33248,51999,35259
33349,51998,35100
33401,51927,34951
33442,51996,35207
33504,52013,35220
33600,52001,35332
33616,51995,35079
33514,51997,35221
33504,51941,35289
33593,51999,35153
33501,52001,34787
33468,51991,35280
33553,51999,35147
33552,52005,34967
33609,51937,35301
33712,52011,35159
33880,52015,34866
33720,52007,35247
33516,51975,35131
33484,51975,35095
33504,51975,35141
33484,51997,35076
33460,52005,35229
33584,51927,35111
33677,51927,34879
33824,52007,35069
34004,51991,35095
34052,51975,35103
33832,51975,35199
33864,51975,35065
33724,51987,35052
33812,51936,35071
33709,51940,35055
33784,52007,34924
33808,52007,35145
33972,51991,34911
34190,51975,34583
33984,51975,35151
34030,51975,34975
34119,51975,34745
34049,51974,35127
34000,51925,34909
33999,51935,34599
34204,51975,35060
34276,51988,34967
34337,51975,34633
34284,51975,35039
34184,51905,34933
34160,51988,34951
34077,51975,34977
34172,51965,34857
33972,51963,34455
34009,51971,35039
33989,51967,34885
34053,51999,34759
34332,51975,34972
34457,51948,34782
34240,51919,34869
34200,51965,34951
34088,51964,34786
34132,51951,34823
34120,51971,34951
34454,51973,34804
34496,51975,34803
34244,51985,34822
34238,51975,34797
34489,51972,34927
34332,51967,34732
34145,51895,34423
34181,51975,34751
34170,51959,34823
34135,51951,34804
34039,51961,34717
34064,51903,34768
34036,51975,34753
34033,51975,34432
33821,51959,34862
33628,51967,34812
33156,51967,34853
32716,51879,34692
32264,51899,34797
31884,51925,34751
31474,51879,34949
31121,51921,34741
30785,51975,34716
31136,51975,34924
31720,51943,34773
32252,51957,34353
32861,51943,34845
33718,51933,34676
34404,51939,34791
34940,51948,34913
35672,51943,34757
36357,51925,34804
37113,51908,34785
38536,51943,34789
40052,51948,34743
41404,51943,34511
42388,51917,34814
42860,51921,34865
42728,51929,35007
42266,51941,34424
41706,51943,34823
41192,51949,34754
40444,51959,34764
39500,51956,34495
38550,51965,35079
37544,51949,34559
36636,51887,34823
35841,51951,34991
35122,51943,34965
34508,51951,35145
34292,51943,35017
34118,51959,35143
33820,51959,35015
33614,51959,35101
33322,51957,35063
33006,51874,35183
32900,51919,35141
32932,51950,35261
32800,51943,35121
32700,51951,35103
32816,51951,35023
32792,51903,35194
32705,51975,35391
32804,51951,35213
32896,51951,35275
32812,51896,35293
32600,51947,35477
32681,51937,35297
32724,51943,35335
32641,51949,35351
32648,51951,35444
32700,51951,35380
32522,51957,35500
32420,51953,35452
32629,51879,35479
32641,51957,35495
32445,51939,35535
32560,51935,35463
32489,51929,35591
32524,51876,35524
32500,51949,35693
32656,51941,35693
32769,51951,35842
33008,51871,35709
32956,51911,35642
32552,51953,35731
32631,51925,35362
32720,51935,35837
32598,51871,35558
32799,51943,35894
32860,51935,35893
32620,51949,36071
32336,51943,35959
32293,51878,36135
32460,51957,35536
32477,51940,36004
32384,51884,36176
32417,51927,36083
32468,51933,36188
32470,51901,36108
32671,51940,36175
32796,51940,35735
32879,51925,36189
32733,51955,35759
32756,51943,36283
32777,51941,36262
32756,51935,36331
32700,51940,36389
32544,51935,35893
32508,51941,36271
32320,51929,36453
32340,51957,36461
32196,51899,36463
32116,51903,36423
32370,51943,36529
32523,51940,36603
32460,51943,36700
32548,51847,36615
32448,51911,36649
32348,51943,36645
32620,51929,36708
32560,51957,36869
32153,51951,36423
32276,51948,36765
32536,51893,36903
32704,51955,36889
32404,51947,37030
32222,51933,36939
32223,51937,37039
32165,51905,36937
32224,51951,36991
32452,51951,36945
31973,51949,37127
32068,51956,37093
32228,51949,37199
32218,51879,36683
32229,51949,37095
32220,51959,36981
32080,51936,37200
31957,51949,36963
32040,51887,37173
32288,51951,36818
32196,51961,37338
32053,51943,37013
32110,51956,37391
32172,51959,37097
32108,51943,37383
31936,51877,37575
32164,51951,37481
32232,51948,37485
32084,51951,37487
32176,51949,37479
32100,51973,37613
32392,51965,37569
32652,51951,37668
32320,51917,37611
32104,51949,37677
32117,51943,37663
32194,51947,37733
32192,51951,37679
32289,51959,37804
32236,51949,37764
32068,51965,37911
31961,51967,37823
32088,51962,37993
32322,51959,37867
32285,51951,38038
32244,51895,37400
31976,51951,37836
32236,51959,37991
32526,51905,37980
32340,51971,38151
32272,51975,38015
32148,51971,38103
32028,51951,38229
32072,51959,38165
32080,51959,38333
32068,51949,37889
31760,51958,38378
31728,51953,38311
31808,51967,38427
31916,51964,38405
31882,51974,38584
32040,51895,38493
32156,51956,38629
31665,51972,38557
31380,51941,38625
31342,51956,38491
31284,51965,38500
31304,51884,38629
31354,51975,38727
31101,51971,38959
30948,51975,38830
30804,51975,38919
30708,51899,38735
30576,51975,38425
30392,51972,39121
30628,51967,38967
30772,51893,39175
30468,51975,39047
30525,51975,39015
30364,51901,39095
30580,51991,39119
30740,51975,39246
30764,51975,39185
30590,51989,39333
30461,51975,39244
30325,51975,39366
30366,51920,39239
30560,52005,39303
30516,51999,39319
30402,51967,38949
30416,52005,39225
30436,52002,39210
30548,51932,39509
30676,52011,39397
30472,51975,39485
30493,51975,39549
30584,51999,38918
30533,51927,39565
30769,51985,38948
30785,52007,39601
30608,52012,39477
30424,51999,39547
30337,52005,39412
30464,52009,39351
30748,51997,39279
30604,52004,39550
30350,52007,39503
30420,52007,39583
30488,51958,39428
30604,52027,39549
30473,52015,39373
30326,52015,38977
30444,52015,39713
30549,52007,39415
30312,52015,39587
30228,52015,39748
30183,51996,39589
30248,52023,39719
30250,52007,39596
30464,52021,39681
30404,52028,39607
30408,52012,39687
30716,52020,39701
30745,52028,39855
30294,51937,39754
30256,52023,39881
30352,52031,39744
30344,52031,39908
30337,52023,39836
30292,51991,39974
30241,52033,39831
30301,52029,39876
30516,52039,39857
30744,52028,39991
30685,52015,39879
30560,52017,39924
30144,52023,39938
29980,52037,40151
30137,51965,39999
30300,52013,40196
30450,52063,40063
30588,52039,40215
30660,52036,39524
30564,52053,40035
30424,52032,40285
30408,51963,40198
30334,52053,40127
30144,52039,40052
30103,52047,40327
30166,51975,40033
30248,52060,40428
30361,52039,40390
30492,52045,40631
30460,52053,40476
30266,52045,40553
30288,52050,40530
30312,51975,40023
30356,52027,40679
30436,52034,40612
30294,52047,40601
30428,52062,40655
30688,52012,40672
30708,52039,40815
30384,52071,40765
30176,52061,40967
30245,51975,40827
30188,52054,40775
30044,52061,40956
30007,51969,40959
29864,52007,41119
30044,52068,41003
30220,52053,41143
30160,52077,41013
30429,52071,41124
30296,52047,40445
29989,52055,40940
29879,52063,40928
29857,51991,41117
29936,52079,41269
30224,52061,41127
30244,52071,41211
30180,52077,41159
30087,52063,41275
30169,52007,41179
30262,52071,41351
30220,52063,41207
30078,52071,41385
30080,52071,41199
29965,52076,41245
29944,52069,41299
30052,51993,41247
30008,52070,41371
30048,52087,41241
30312,52068,41359
30325,52077,41268
30301,52087,41383
30000,52055,41269
29812,52076,41205
29784,52079,41400
30002,52019,41253
30032,52061,41450
29908,52101,41253
29831,52087,41231
29892,52007,41223
29792,52095,41185
29868,52069,41261
29908,52087,41155
29913,52001,41284
30052,52077,41108
30181,52087,41151
30244,52095,41021
30364,52100,41187
30240,52103,40935
30396,52089,40821
30220,52092,40949
29965,52089,40853
29916,52012,40967
29801,52095,40799
29564,52095,40753
29672,52103,40740
29789,52101,40605
29912,52057,40756
30112,52103,40607
30200,52099,40711
29984,52103,40486
29845,52102,40513
29956,52101,40556
30108,52095,40367
30098,52100,40401
30312,52047,40492
30149,52047,40317
30108,52125,40426
29996,52116,40189
29872,52119,40181
29936,52103,40119
30040,52103,40119
30198,52103,39757
30224,52103,40101
30112,52103,39988
29984,52119,40105
29948,52119,39975
30118,52119,40103
30233,52127,39924
30245,52113,39965
30264,52039,39897
30064,52103,40013
29958,52111,39857
29925,52103,39988
30049,52103,39813
30216,52116,39941
30197,52132,39805
30126,52129,39869
29905,52063,39807
29868,52100,39917
29908,52132,39791
29881,52103,39939
29984,52103,39754
29832,52116,39914
29873,52119,39731
29884,52125,39605
29826,52079,39804
29852,52135,39727
29928,52132,39873
29900,52127,39703
29928,52117,39766
29847,52119,39583
29898,52087,39623
29788,52047,39719
29749,52110,39669
29996,52132,39820
30160,52125,39639
30385,52135,39583
30377,52050,39684
30436,52063,39593
30400,52085,39728
30501,52133,39624
30468,52103,39783
30492,52119,39231
30468,52114,39551
30664,52116,39756
31025,52143,39554
30886,52103,39455
30616,52087,39367
30436,52127,39483
30277,52135,39661
30309,52041,39525
30428,52125,39431
30372,52131,39505
30356,52133,39565
30580,52124,39521
30578,52137,39661
30726,52135,39478
30700,52129,39391
30552,52131,39503
30369,52050,39447
30440,52127,39373
30396,52119,39251
30481,52125,39407
30760,52129,39503
30672,52117,39441
30610,52151,39575
30544,52135,39407
30716,52135,39533
30799,52132,39385
30796,52131,39508
30864,52119,39327
30864,52047,39194
30668,52100,39357
30559,52141,39293
30576,52143,39353
30528,52151,39277
30712,52144,39387
30964,52135,39276
30468,52103,39308
29929,52148,39221
29752,52119,39226
29534,52119,39337
29232,52135,39175
28829,52135,39235
28368,52140,38903
27950,52151,39055
27652,52151,39175
27576,52148,39116
27908,52143,38625
28696,52079,39133
29480,52087,39076
30116,52135,39175
30786,52143,39084
31488,52149,39069
32366,52128,39028
33044,52141,39167
33724,52103,38864
34804,52137,38989
36372,52127,39037
37424,52133,38919
38060,52065,39113
38693,52071,38983
39136,52100,39053
38912,52141,38941
38636,52142,39044
38404,52159,38937
37828,52151,39017
36978,52141,38937
36180,52151,39143
35160,52155,38908
34096,52135,39086
33114,52140,38847
32236,52151,38919
31528,52119,39107
31140,52151,38962
30836,52167,38948
30456,52167,38919
30468,52127,38991
30380,52151,39061
30098,52167,38983
30047,52151,39135
30114,52146,38975
30080,52148,38980
30136,52063,38940
30204,52133,38916
30236,52163,39012
30098,52149,38993
30073,52148,39126
30085,52149,38621
30036,52149,39055
29983,52139,38480
29745,52151,38831
29632,52151,39111
29652,52151,38445
29673,52151,38867
29631,52149,39061
29773,52071,38974
29974,52135,38975
29997,52157,38987
29736,52149,39004
29892,52143,39143
29837,52135,38960
29700,52149,38893
29818,52079,38955
30052,52161,38948
30294,52172,39023
30208,52157,38983
30308,52159,39047
30288,52143,38919
30049,52068,38991
30194,52133,38773
30108,52143,38799
29764,52151,38941
29861,52151,38941
29952,52150,39015
29940,52159,38909
29939,52153,38887
30037,52087,38919
29908,52163,38877
30048,52143,38779
30156,52135,38915
30233,52143,38905
30197,52111,39055
30274,52076,38535
30704,52101,38816
30514,52127,38892
30294,52151,39009
30575,52119,38813
30553,52141,38855
30298,52143,38990
30348,52143,38455
30359,52141,38856
30366,52133,38903
30464,52151,38880
30653,52149,38964
30324,52151,38771
30468,52103,38879
30521,52149,39021
30408,52125,38884
30626,52135,39013
30756,52135,38708
30580,52125,38917
30480,52133,38903
30596,52135,38887
30860,52132,38405
30692,52143,39020
30696,52137,38917
30888,52069,38885
30865,52079,38885
30736,52103,38829
30704,52149,38989
30652,52125,38909
30641,52135,38884
30760,52127,38879
30937,52103,39116
30908,52157,39015
30904,52139,39201
31016,52135,38473
31061,52125,38911
31056,52045,39114
31100,52117,39055
30968,52127,39236
30879,52126,39063
30945,52117,39076
31180,52127,38735
31220,52143,38942
31484,52132,39085
31644,52068,38991
31742,52090,39093
31682,52119,38932
31672,52119,39175
31592,52116,39099
31333,52103,39166
31328,52127,39089
31582,52111,39086
31919,52052,39071
32100,52095,39197
32117,52127,39111
32096,52119,39085
31913,52117,39103
31748,52053,39047
31740,52103,39207
31796,52103,39103
31820,52103,39239
31936,52103,39071
32184,52119,39079
32204,52119,39039
32136,52043,39047
32078,52079,39175
32049,52113,39101
32105,52103,39277
32132,52099,39141
32100,52095,39258
31912,52093,39114
31972,52096,39186
31982,52103,39075
32210,52116,39223
32320,52117,39044
32212,52047,39168
32242,52039,39087
32445,52021,39159
32413,52023,39294
32292,52067,39173
32332,52037,39314
32337,52031,39183
32124,52093,39337
32018,52103,39137
32368,52095,39042
32556,52101,39335
32118,52023,39148
32119,52085,39103
31984,52095,39244
31836,52095,39173
31836,52095,39068
31678,52093,38711
31584,52093,39213
31682,52093,38836
31765,52095,39201
31708,52095,38671
31505,52087,39364
31356,52079,39247
31344,52081,39397
31212,52068,39257
31156,52025,39407
31248,52028,39255
31296,52039,39293
31568,52095,39205
31518,52097,39204
31400,52087,39223
31428,52095,38719
31440,52087,39311
31384,52059,39251
31372,52079,39371
31524,52079,39247
31600,52015,39276
31466,52103,38857
31336,52071,39255
31508,52079,39247
31781,52093,39309
31440,52013,38749
31270,52036,39260
31446,52073,39055
31468,52079,39360
31724,52079,39069
31766,52005,39287
31782,52099,39339
31988,52076,39351
31996,52071,39431
31713,52077,39004
31717,52027,39431
31641,52069,39368
31673,52055,39463
31608,52007,39381
31716,52079,39407
31728,52069,39431
31700,52013,39427
31772,52071,39391
31664,52064,39488
31858,52068,39431
32140,51975,39615
31847,52069,39450
31662,52031,39604
31588,52063,39460
31681,52063,39628
31956,51975,39487
32072,52079,39618
32072,52076,39485
31960,52068,39621
31745,52063,39462
31746,51997,39535
32100,52061,39431
32140,52044,39509
32136,52051,39391
32164,52055,39572
32284,52049,39501
32424,52031,39359
32394,52061,39612
32329,51975,39503
32400,52060,39618
32393,52047,38919
32508,52039,39343
32253,52030,39508
32078,52037,39516
32052,52037,39655
32326,51991,39263
32568,52035,39471
32565,52046,39596
32420,52053,39485
32433,52035,39487
32497,52039,39644
32820,52028,38919
32788,52015,39337
32474,51999,39620
32308,52031,39416
32325,51967,39407
32396,52047,39551
32598,52028,39444
32622,52039,39615
32687,51975,38917
32593,52039,39367
32684,52029,39029
32916,52023,39341
32760,52030,39343
32594,52020,39351
32717,52023,39491
32689,52009,39389
32570,52031,39511
32592,51975,38836
32668,52007,39201
32766,52021,39415
32646,52028,39199
32784,51943,39339
32725,52027,39231
32545,52033,39301
32512,52015,39247
32615,52015,39285
32932,52027,39399
32762,52029,39224
32972,51975,39285
32984,52018,39265
33112,51991,39366
33524,52001,39214
33348,51975,39287
33132,51975,39046
32820,52013,39213
32672,52011,39205
32879,52021,39094
32873,52001,39175
32860,52005,39143
32864,51935,39277
32956,52007,39140
33078,51999,39212
33308,51988,38852
33480,52011,39054
33700,51997,39200
33368,52007,39079
33376,52015,38933
33380,51975,39104
33064,51919,39047
32977,52007,39148
33036,51975,38996
33100,51975,39007
33208,51975,39109
33496,51975,38959
33469,51999,38812
33340,51983,38927
33124,51991,38859
33236,51949,38949
33714,51975,38881
33428,51973,38911
33104,51967,38722
33052,51967,38327
32941,51892,39007
32996,51988,38807
33224,51967,38957
33180,51975,38776
33236,51988,38887
33469,51975,38205
33531,51973,38767
33270,51975,38541
33102,51948,38559
33199,51967,38713
33279,51959,38660
33182,51967,38583
33109,51967,38380
33149,51967,38590
33036,51933,38239
33424,51943,38717
33700,51961,38493
33472,51965,38576
33583,51941,38495
33544,51945,38631
33142,51949,38476
33118,51879,38557
33108,51957,38423
33217,51956,38556
33304,51951,37850
33588,51957,38332
33736,51951,38487
33600,51885,38284
33452,51951,38327
33237,51932,38060
33112,51863,38116
33095,51943,38293
33180,51943,38127
33156,51887,38279
33124,51967,38147
33096,51937,38248
33260,51941,38081
33041,51948,38215
32916,51926,38039
33000,51927,38161
32928,51887,37959
32812,51932,38039
32836,51919,37895
33128,51935,38039
33232,51871,37860
33313,51940,37862
33248,51919,37283
33077,51925,37863
33072,51905,37715
33168,51905,37789
33238,51914,37527
33031,51839,37655
33020,51927,37584
33093,51901,37487
33058,51911,37529
32996,51919,37551
33142,51919,37687
33393,51887,37468
33356,51903,37327
33300,51903,37103
33232,51831,37322
33401,51906,37149
33671,51844,37349
33735,51902,37460
33684,51923,37335
33453,51892,37449
33679,51895,37294
33581,51820,37401
33576,51893,36837
33424,51892,37143
33172,51895,37157
33194,51837,37074
33374,51895,37166
33334,51893,37141
33177,51901,37093
33331,51881,36944
33337,51876,36681
33380,51887,37159
33629,51799,37035
33692,51879,37165
33676,51868,36987
33581,51879,36995
33652,51887,36867
33564,51885,36827
33420,51823,36953
33247,51892,36925
33212,51871,37068
33412,51877,36880
33350,51841,36803
33116,51875,36833
32921,51871,36706
33036,51877,36845
33516,51829,36797
33463,51879,36871
33384,51877,36573
33646,51879,36615
33536,51795,36703
33412,51863,36679
33188,51843,36740
32994,51847,36660
32664,51845,36685
32204,51804,36247
32228,51861,36603
31913,51857,36639
31463,51869,36599
31248,51783,36741
31016,51861,36615
30724,51847,36656
30908,51775,36562
31248,51782,36503
31512,51847,36519
32280,51847,36469
33164,51847,36603
34184,51831,36527
34796,51847,36615
35400,51847,36461
35872,51847,36571
36484,51834,36479
37536,51775,36565
38852,51823,36399
40046,51813,36273
40964,51828,36391
41684,51805,36396
41933,51821,36449
41744,51837,36391
41301,51829,36459
40812,51821,35986
40180,51817,36328
39332,51772,36322
38544,51807,36295
37294,51815,36335
35924,51828,36285
35376,51823,36455
34704,51839,35821
34197,51797,36212
33956,51815,36228
33726,51833,36151
33304,51831,36173
33092,51821,36421
32871,51815,36259
32780,51815,36351
32578,51817,35783
32592,51823,36374
32455,51823,35773
32310,51821,36404
32484,51817,36260
32684,51823,36332
32728,51741,36249
32864,51751,36378
33040,51807,36255
32736,51799,36369
32586,51797,36219
32464,51801,36332
32328,51805,36261
32176,51815,36399
32286,51772,35783
32373,51805,36197
32400,51791,36212
32373,51789,36191
32524,51783,35805
32535,51781,36413
32890,51783,36295
32648,51791,36415
32372,51791,36263
32333,51717,36245
32485,51795,36150
32717,51777,36295
32652,51789,36463
32360,51783,36287
32536,51772,35869
32592,51775,36525
32652,51760,36359
32700,51759,36453
32792,51780,36377
32789,51779,36474
32888,51783,36417
33004,51709,36527
32723,51775,36463
32774,51765,36591
32680,51751,36487
32728,51765,36639
32628,51759,36511
32800,51764,36583
32908,51693,36489
32584,51772,36545
32780,51757,36511
32815,51756,36695
33012,51759,36597
33110,51747,36593
33020,51743,36199
32852,51751,36813
32977,51711,36689
32634,51743,36672
32708,51748,36555
32948,51743,36729
32902,51660,36823
32988,51749,36761
33088,51719,36903
33209,51732,36580
33141,51660,36764
32976,51719,36637
32836,51719,36967
32901,51719,36551
33016,51655,37055
33189,51751,37079
33519,51709,37229
33424,51719,36631
33140,51719,37111
32726,51655,36731
32800,51718,37143
32676,51719,36788
32729,51719,37191
32869,51715,37287
33085,51716,37525
33076,51719,37407
33167,51639,37519
33216,51719,37457
33168,51713,37631
32895,51693,37527
33140,51687,37639
33293,51702,37535
33372,51703,37605
33108,51645,37527
33045,51637,37371
33068,51677,37740
33196,51719,37243
33396,51703,37719
33324,51687,37767
33304,51663,37894
33288,51687,37766
33385,51676,37543
33326,51687,38006
33300,51687,37925
33796,51693,38035
33758,51702,37908
33756,51693,37748
33727,51687,38113
33652,51607,38060
33629,51695,38247
33728,51655,38141
33684,51669,38253
33629,51683,38177
33864,51687,38357
33809,51673,38239
33929,51615,38316
34186,51687,38269
34206,51679,38173
34168,51675,38491
34167,51663,38455
34164,51663,38607
33742,51647,38521
33764,51663,38617
33834,51667,38469
33780,51663,38611
33728,51671,38791
34205,51671,38575
34248,51655,38756
34132,51667,38857
34066,51623,38674
33988,51605,38420
33870,51629,39055
33868,51655,38893
33941,51655,38960
34029,51655,39071
34176,51655,39039
34280,51655,39095
34140,51647,39078
33812,51647,39235
33713,51604,39175
33716,51609,39393
33872,51645,39253
33792,51647,39412
33752,51623,39311
33677,51639,39485
33711,51639,39363
33704,51559,39509
33552,51639,39060
33260,51653,39612
33300,51631,39484
33232,51615,39623
33129,51623,39527
33297,51629,39603
33212,51583,39446
33064,51617,39658
33137,51637,39575
33144,51631,39653
33184,51619,39631
33131,51620,39204
33129,51621,39704
33188,51618,39724
33070,51604,39903
33069,51591,39751
33168,51567,39905
33064,51575,39796
32962,51627,39943
33149,51623,39829
33405,51607,40001
33350,51615,39324
33216,51615,39751
33177,51615,39860
33184,51549,39820
33264,51619,39973
33444,51591,39876
33576,51605,40037
33592,51606,39827
33512,51605,39749
33448,51603,40031
33224,51604,39428
33180,51605,39711
33237,51535,39847
33388,51572,39744
33472,51605,39375
33532,51591,39789
33453,51597,39247
33356,51591,39757
33383,51599,39740
33448,51525,39735
33524,51591,39570
33360,51591,39557
33408,51583,39676
33316,51591,39649
33288,51591,39716
33296,51516,39495
33423,51607,39567
33378,51591,39621
33660,51591,39431
33766,51591,39383
33512,51583,39269
33380,51538,39266
33380,51583,39393
33384,51590,39141
33372,51563,39117
33404,51583,39111
33412,51583,39164
33486,51591,39067
33647,51511,39157
33616,51589,38903
33600,51591,39008
33441,51567,38831
33444,51573,38919
33429,51557,38711
33420,51543,38791
33508,51554,38575
33540,51565,38417
33549,51501,38324
33584,51500,37947
33532,51571,38172
33450,51567,38214
33438,51561,38112
33462,51556,38231
33522,51493,38028
33609,51565,38127
33761,51559,37861
33720,51565,37751
33598,51565,37409
33616,51567,37545
33716,51557,37617
33732,51559,37520
33792,51551,37487
33852,51548,37076
33892,51463,37144
33988,51559,37095
34160,51541,37057
34216,51559,37181
34113,51559,36999
34143,51484,36980
34080,51527,36821
34112,51559,36771
34040,51549,36645
34113,51532,36555
34129,51539,36447
34124,51535,36509
34140,51527,35877
34113,51534,36158
34105,51551,36069
34124,51553,36085
34313,51547,35825
34260,51503,35605
34208,51540,35348
34222,51541,35266
34228,51533,35119
34249,51527,34780
34280,51527,34599
34284,51485,34214
34268,51543,33903
34316,51540,33863
34423,51526,33107
34414,51527,33284
34236,51477,32949
34172,51431,32747
34208,51463,32367
34191,51525,32065
34158,51497,31845
34168,51519,31621
34143,51495,31327
34108,51535,31087
34109,51493,30727
34136,51517,30461
34072,51463,30145
34180,51511,29975
34116,51497,29695
34052,51503,29388
34145,51437,29064
34276,51509,28901
34348,51499,28679
34356,51511,28415
34308,51503,28092
34228,51511,27805
34148,51439,27703
34116,51445,27156
34080,51493,27330
34030,51502,26909
33989,51493,26788
34012,51503,26375
34052,51514,26231
34132,51511,25531
34242,51427,25673
34256,51507,24967
34244,51487,25060
34352,51487,24663
34356,51435,24529
34314,51485,24135
34328,51495,23898
34328,51503,23591
34184,51495,23431
34165,51501,23037
34204,51492,22799
34176,51425,22259
34052,51487,22041
34064,51479,21929
34004,51485,21690
33952,51487,21497
33996,51501,21201
34072,51487,20948
34069,51506,20483
34109,51445,20317
34156,51495,20090
34127,51485,19941
34048,51481,19764
34040,51477,19483
34044,51479,19385
34038,51487,18886
34116,51417,18621
34216,51500,18483
34184,51503,18341
34261,51483,18101
34365,51489,17876
34336,51421,17572
34249,51439,17251
34172,51493,17179
34196,51487,16967
34132,51463,16823
34184,51495,16549
34250,51489,16401
34264,51501,16155
34308,51419,15809
34380,51452,15626
34348,51493,15380
34303,51487,15255
34268,51487,14978
34183,51407,14867
34052,51484,14583
34096,51497,14419
34140,51492,14217
34105,51493,14079
34198,51509,13822
34300,51484,13836
34248,51495,13458
34124,51485,13431
34044,51495,13140
34048,51489,12988
34004,51485,12815
34033,51495,12655
34133,51435,12454
34080,51460,12371
34076,51508,12309
34144,51493,12139
34132,51479,11903
34036,51486,11689
34064,51479,11555
34096,51404,11445
34031,51428,11459
34056,51487,11257
34172,51463,10891
34181,51495,10864
34152,51487,10823
34208,51445,10532
34225,51485,10423
34120,51493,10269
34100,51479,10192
33992,51453,10047
33932,51463,10063
33836,51487,9848
33668,51479,9795
33124,51421,9608
32560,51429,9500
32134,51495,9381
31425,51490,9066
30814,51463,9125
30591,51473,8862
30648,51447,8901
30904,51463,8596
31606,51405,8571
32412,51409,8471
33056,51414,8496
34024,51472,8241
34880,51463,8132
35550,51463,8030
36141,51445,7988
37053,51463,7779
38188,51447,7772
39333,51461,7575
40520,51439,7572
41672,51393,7389
42533,51463,7367
42880,51453,7296
42788,51404,7094
42340,51455,7100
41668,51455,6906
41028,51428,6918
40172,51441,6871
39192,51455,6660
38364,51415,6610
37488,51463,6449
36493,51455,6469
35716,51463,6307
35181,51453,6304
34677,51461,6125
34232,51447,6107
34016,51436,5974
33876,51444,5960
33657,51436,5818
33537,51451,5787
33508,51460,5668
33456,51461,5664
33380,51420,5556
33388,51431,5511
33380,51437,5477
33208,51453,5304
33145,51437,5316
33080,51431,5181
32908,51439,5165
32957,51417,5086
33153,51412,5007
33053,51439,4940
33193,51367,4888
33296,51441,4789
33188,51431,4755
33072,51428,4666
33040,51348,4633
32856,51429,4591
32777,51413,4511
32853,51421,4477
32985,51423,4388
32983,51429,4338
33020,51431,4275
33224,51335,4202
33340,51420,4174
33313,51413,4101
33269,51407,4077
33249,51325,4038
33269,51415,4008
33228,51407,4005
33230,51407,3957
33189,51335,3947
33253,51423,3931
33372,51410,3948
33380,51373,3966
33388,51407,3957
33323,51375,3999
33506,51389,4041
33484,51316,4057
33362,51406,4128
33552,51382,4147
33588,51407,4228
33620,51409,4300
33765,51380,4380
33796,51399,4494
33735,51399,4533
33302,51383,4661
33368,51380,4796
33145,51367,4872
33101,51391,4999
33116,51383,5147
33441,51381,5243
33556,51407,5402
33598,51327,5556
33744,51399,5765
33717,51397,5822
33370,51300,6060
33444,51383,6251
33481,51376,6310
33437,51385,6586
33977,51359,6776
34432,51375,6947
34304,51388,7124
33806,51312,7326
33198,51383,7556
33288,51380,7748
33057,51357,7893
32986,51359,8162
33212,51391,8344
33400,51391,8626
33356,51375,8845
33156,51323,9049
33388,51396,9364
33665,51373,9508
33712,51375,9942
33673,51383,10201
33584,51367,10559
33653,51367,10642
33805,51380,11076
33680,51372,11311
33798,51375,11549
33766,51383,11861
33748,51397,12109
33997,51367,12581
34004,51319,12756
33900,51357,13022
34000,51359,13472
34069,51365,13669
34033,51365,14193
34096,51367,14366
34236,51303,14670
34204,51383,15186
34220,51388,15481
34244,51381,15851
34236,51373,16117
34209,51364,16524
34266,51347,16805
34340,51379,17051
34248,51359,17537
34352,51373,17973
34472,51373,18181
34485,51373,18659
34720,51381,18728
34820,51351,19129
34720,51359,19539
34648,51380,19841
34750,51361,20290
34708,51357,20365
34583,51375,20779
34628,51319,21263
34704,51391,21297
34630,51380,21547
34840,51381,22054
35070,51335,22325
35132,51367,22557
35076,51364,22959
34976,51299,23237
34872,51375,23516
34856,51373,23700
34890,51372,24027
34804,51383,24457
34829,51303,24612
34913,51388,24719
34981,51356,25058
34924,51383,25435
34804,51367,25542
34702,51375,25906
34624,51381,26188
34449,51383,26502
34220,51383,26554
34087,51335,26897
34287,51399,27271
34486,51391,27229
34464,51383,27589
34364,51367,27836
34228,51389,27932
34188,51380,28244
34236,51375,28573
33952,51325,28311
33856,51383,28654
33976,51391,28999
33960,51405,29240
34012,51415,29535
33984,51389,29270
34000,51395,29783
33752,51399,29792
33580,51319,29991
33825,51377,29988
33780,51403,30407
33877,51399,30461
33846,51401,30703
33908,51391,30903
34057,51413,31233
34212,51399,31172
34080,51335,31559
33925,51403,31885
33848,51396,31542
33901,51349,31919
33993,51397,32300
33988,51399,32451
33972,51383,32762
33988,51421,32627
34255,51367,32927
34260,51414,33255
33972,51412,33283
33844,51412,33276
33880,51383,33617
33864,51388,33791
33808,51415,34083
33761,51375,34108
33932,51423,34383
33944,51437,33989
33864,51428,34725
34056,51439,34740
34008,51432,35005
33821,51431,34999
33749,51413,35164
33697,51371,35476
33657,51437,35053
33804,51436,35550
33854,51445,35796
33769,51393,35865
33926,51452,36156
34044,51439,35907
34038,51436,36233
33952,51373,36507
34000,51447,36543
33860,51433,36666
33720,51445,36305
33632,51391,36935
33780,51455,36522
33764,51463,37092
33601,51463,37220
33645,51463,37337
33636,51399,37645
33534,51463,37100
33481,51455,37651
33536,51428,37962
33496,51445,37875
33524,51461,38007
33620,51425,38263
33580,51487,38205
33557,51463,38295
33649,51476,38373
33735,51399,38471
33605,51491,38705
33517,51463,38054
33476,51479,38676
33290,51493,38663
33213,51489,38813
33581,51479,38743
33604,51500,39047
33549,51503,38975
33500,51455,39035
33508,51511,38909
33432,51492,39141
33460,51499,39351
33228,51509,39243
33048,51502,39208
33248,51508,39287
33332,51516,39359
33202,51527,39524
33192,51479,39254
33286,51527,39447
33390,51535,39511
33216,51463,39471
33177,51479,39479
33213,51527,39687
33052,51525,39013
33204,51540,39545
33264,51463,39708
33144,51549,39620
33132,51565,39631
33266,51559,39250
33276,51549,39622
33160,51511,39805
33096,51551,39687
33008,51548,39791
32816,51559,39167
32823,51535,39559
33063,51571,39805
33008,51569,39735
32880,51517,39735
32761,51543,39353
32768,51582,39605
32686,51591,39767
32708,51580,39743
32671,51572,39877
32533,51591,39795
32598,51520,39729
32716,51619,39878
32864,51600,39799
32716,51623,39943
32797,51620,39600
32788,51615,39781
32688,51620,39903
32600,51615,39815
32537,51621,40028
32412,51631,39279
32216,51623,39716
32384,51639,39871
32252,51651,39847
32276,51644,40015
32328,51655,39841
32311,51655,39828
32250,51661,39697
32388,51631,39849
32496,51647,39965
32517,51655,39877
32572,51684,39849
32757,51685,39949
32480,51703,39620
32256,51623,39668
32470,51695,39847
32473,51700,39761
32388,51672,39897
32100,51663,39693
32068,51711,39726
32172,51708,39235
32263,51719,39555
32373,51701,39628
32228,51711,39574
32030,51741,39687
32065,51741,39492
32096,51751,39364
32084,51677,39591
32213,51751,38949
32092,51751,39401
31765,51769,39547
31676,51767,39396
31910,51705,39349
31865,51799,39303
31768,51791,39367
31836,51793,39492
31877,51719,38808
31751,51765,39269
31727,51807,39357
31776,51767,39287
31798,51791,39215
31689,51765,39482
31804,51828,39340
31654,51847,39473
31566,51837,39337
31660,51847,39487
31622,51847,39317
31500,51783,39485
31324,51772,39327
31149,51847,39371
31062,51818,39293
31085,51885,39396
31162,51860,39319
31210,51884,39455
31164,51893,39319
31177,51895,39387
31133,51894,39258
30992,51895,39120
31030,51903,39325
31066,51908,39282
31032,51847,39431
30860,51847,39313
30740,51859,39409
30496,51876,39293
30113,51869,39319
29584,51877,39297
28996,51935,38809
28317,51964,39385
27812,51972,39303
27596,51967,39275
27775,51975,38767
28293,51991,39370
29044,52005,39319
29696,52015,39428
30366,52017,39303
31028,51933,39387
31630,51975,39294
32152,52031,39297
32980,52000,39399
34156,52029,39295
35492,52037,39466
36938,52025,39418
38232,52052,39553
39192,52055,39419
39681,52059,39482
39672,52055,39115
39216,52077,39387
38532,52077,39577
37861,52087,39525
36980,52095,39719
36040,52092,39543
35164,52117,39579
34236,52118,39020
33196,52143,39628
32246,52115,39602
31596,52147,39524
31081,52151,39727
30585,52149,39687
30220,52154,39652
30012,52118,39796
29806,52167,39708
29646,52157,39866
29700,52173,39145
29652,52181,39809
29574,52115,39220
29560,52209,39609
29468,52221,39719
29340,52193,39719
29260,52207,39676
29213,52215,39669
29122,52219,39406
29148,52228,39937
29200,52231,39765
29124,52245,39469
29060,52261,39783
29128,52255,39576
29081,52221,39781
28890,52271,39799
28804,52276,39913
28780,52271,39772
28740,52279,39877
28815,52287,39751
29012,52303,39801
29113,52255,39687
29132,52268,39740
29300,52327,39669
29285,52303,39732
29130,52327,39665
28997,52317,39647
28917,52255,39495
28742,52317,39535
28637,52349,39430
28752,52355,39479
28783,52348,39357
28783,52359,38963
28868,52359,39316
28807,52367,39047
28686,52391,39431
28624,52340,39284
28600,52393,39311
28505,52397,39186
28488,52411,39279
28557,52407,39093
28610,52423,39047
28612,52351,38943
28624,52351,38903
28673,52367,38964
28561,52460,38780
28530,52433,38784
28583,52431,38621
28536,52455,38701
28540,52471,37941
28625,52479,38373
28664,52483,38113
28700,52487,38141
28740,52487,37559
28738,52487,38109
28624,52417,37794
28568,52487,37665
28517,52511,37511
28438,52516,37533
28422,52519,37312
28421,52527,36957
28384,52549,37333
28316,52463,37074
28344,52565,37017
28266,52566,36539
28078,52567,36525
28020,52573,36521
28076,52575,36347
28092,52543,36341
28135,52582,36081
28292,52597,35918
28349,52612,35687
28340,52612,35597
28377,52615,35365
28344,52615,35061
28228,52615,35263
28164,52627,34951
28040,52631,34851
27942,52647,34525
27896,52652,34268
27936,52597,34199
27797,52591,33988
27760,52599,33913
27789,52639,33573
27789,52692,33375
27700,52700,33025
27629,52684,32891
27737,52677,32557
27804,52708,32355
27944,52712,32279
28162,52727,31711
28168,52655,31708
28144,52735,31263
28150,52743,31543
28164,52759,31181
28116,52767,30977
28120,52743,30727
28040,52759,30506
27820,52775,30161
27612,52783,29712
27509,52783,29876
27620,52797,29634
27734,52715,29490
27781,52799,29167
27801,52823,28987
27676,52825,28722
27616,52735,28361
27639,52817,28207
27532,52831,28057
27472,52845,27936
27584,52841,27607
27768,52859,27399
27893,52871,27132
27948,52821,26917
27918,52877,26791
27808,52892,26724
27741,52885,26112
27711,52807,26139
27532,52825,25892
27505,52909,25660
27556,52917,25476
27476,52925,25191
27408,52943,25073
27469,52849,24924
27508,52908,24713
27427,52927,24415
27380,52963,24282
27360,52909,24201
27180,52975,23806
26936,52967,23652
26801,52975,23575
26784,52887,23477
26744,52999,23118
26716,52997,23028
26817,52919,22941
26788,53020,22861
26628,52991,22573
26561,52999,22449
26525,53015,22213
26502,53031,21849
26501,53039,21722
26431,52951,21470
26448,53055,21534
26517,53071,21347
26557,53033,21193
26542,53068,20955
26516,53069,20751
26536,53046,20630
26440,53089,20546
26376,53087,20283
26388,53103,20260
26428,53085,19783
26472,53127,19681
26564,53119,19523
26573,53116,19452
26526,53063,19193
26576,53151,19146
26632,53125,18991
26533,53116,18859
26436,53095,18872
26456,53159,18562
26529,53165,18388
26532,53173,18125
26558,53127,17995
26594,53198,17907
26597,53177,17921
26581,53190,17887
26661,53119,17656
26653,53167,17439
26550,53220,17415
26576,53207,17394
26596,53237,17239
26648,53215,17253
26830,53244,17000
26996,53245,16841
27016,53228,16820
27060,53236,16619
27020,53255,16700
26901,53247,16751
26799,53255,16560
26781,53255,16348
26767,53237,16297
26852,53255,16254
26996,53295,16385
27020,53309,16315
26980,53284,16379
26972,53284,16268
27052,53287,16091
27080,53303,16146
27092,53308,16075
27158,53311,16067
27182,53316,16068
27060,53333,16233
26977,53277,16333
26980,53340,16111
26912,53335,16165
26920,53239,16174
26978,53343,16362
26988,53351,16395
27080,53329,16442
27264,53351,16394
27394,53375,16428
27380,53295,16497
27376,53373,16537
27553,53380,16701
27596,53369,16688
27504,53375,17052
27480,53381,17004
27468,53349,17223
27446,53349,17101
27556,53383,17419
27548,53405,17367
27385,53373,17600
27448,53383,17409
27536,53411,17735
27452,53412,17639
27336,53415,17791
27229,53415,18132
27117,53415,18175
27215,53380,18392
27420,53445,18423
27436,53439,18391
27509,53413,18776
27620,53449,18844
27844,53439,19087
27961,53447,18935
27780,53377,19085
27624,53412,19261
27536,53444,19535
27592,53455,19689
27737,53367,19639
27973,53471,19946
27960,53469,20249
27908,53471,20241
28028,53420,20353
27935,53479,20390
27758,53485,20522
27877,53471,20841
28033,53405,20969
28050,53495,21085
28112,53451,21090
28176,53503,21283
28096,53500,21535
28149,53501,21651
28190,53497,21849
28217,53471,22115
28292,53511,22121
28305,53511,22383
28278,53501,22375
28232,53415,22393
28268,53525,22527
28494,53511,22780
28584,53527,22848
28680,53519,22911
28520,53453,23077
28288,53535,23311
28288,53527,23245
28356,53526,23527
28254,53527,23625
28252,53535,23737
28398,53541,23911
28521,53493,24078
28428,53575,24162
28568,53567,24196
28700,53508,24294
28724,53555,24511
28716,53541,24621
28713,53551,24751
28736,53492,24815
28792,53559,24949
29068,53557,25221
29084,53573,25199
28988,53551,25249
28988,53559,25323
29038,53492,25533
29096,53572,25678
29174,53564,25547
29240,53573,25679
29256,53511,25863
29142,53575,25943
29266,53575,26113
29510,53583,26255
29592,53591,26301
29541,53591,26333
29344,53511,26503
29180,53599,26702
29248,53589,26798
29394,53543,26775
29450,53591,26871
29573,53583,26844
29822,53599,27164
29985,53575,27051
29633,53623,27433
29620,53615,27265
29927,53601,27510
29960,53605,27616
30072,53543,27983
30176,53607,28015
29960,53596,28261
29988,53607,28239
30073,53600,28295
30184,53559,28345
30182,53631,28260
30305,53621,28755
30416,53543,28747
30320,53615,28994
30228,53607,28997
30164,53541,29204
30177,53629,29189
30228,53620,29414
30236,53623,29042
30398,53613,29623
30564,53639,29591
30642,53631,29652
30694,53623,29751
30594,53559,29839
30596,53639,29959
30693,53621,30121
30709,53631,30149
30784,53631,30297
30847,53637,30365
30797,53631,30593
30489,53563,30555
30236,53647,30764
29996,53631,30358
29504,53559,30752
28925,53645,31017
28340,53631,30623
27832,53639,30973
27568,53639,31167
27761,53575,31380
28260,53667,31343
28884,53668,31444
29444,53663,31485
29988,53655,31535
30608,53661,31665
31248,53572,31751
31892,53668,31799
32640,53661,31861
33744,53599,31932
35092,53677,32068
36552,53673,32173
37972,53672,32356
39428,53671,32020
40416,53671,32263
40908,53677,32455
40812,53671,32539
40324,53665,32698
39664,53687,32353
38904,53655,32564
38116,53687,32807
37340,53703,32876
36517,53690,33023
35649,53697,32954
34800,53700,33205
33990,53703,33103
33376,53698,33321
32820,53683,33231
32460,53631,33396
32268,53703,33285
32180,53700,33257
32050,53707,33141
32060,53633,33637
31992,53688,33567
31997,53700,33605
32014,53705,33405
32020,53719,33663
32092,53708,33871
32036,53703,33776
31849,53715,33809
31808,53703,33941
31880,53719,33967
31957,53719,34067
32012,53712,34023
32052,53713,34043
32029,53731,34119
32052,53711,34221
32197,53711,34234
32088,53705,34398
31939,53714,34295
31836,53732,34289
31902,53729,34362
31988,53735,34489
32084,53720,33980
32026,53727,34519
32068,53655,34067
32064,53719,34492
32152,53711,34093
32299,53716,34436
32396,53717,34429
32480,53639,34518
32549,53740,34165
32448,53735,34545
32484,53655,34749
32472,53733,34165
32464,53731,34604
32561,53677,34719
32736,53703,34639
32853,53717,34567
32864,53732,34662
32812,53725,34637
32721,53728,34500
32669,53732,34702
32793,53739,34229
32912,53649,34540
32986,53720,34660
33032,53703,34700
33056,53717,34591
32969,53719,34813
32948,53700,34287
33128,53731,34647
33264,53715,34839
33232,53729,34258
33292,53735,34689
33477,53695,34615
33498,53741,34607
33461,53722,34711
33409,53655,34677
33287,53730,34754
33228,53729,34711
33266,53639,34799
33308,53708,34641
33269,53733,34683
33329,53737,34804
33381,53729,34663
33406,53655,34517
33372,53735,34695
33405,53708,34669
33586,53671,34620
33622,53708,34607
33517,53726,34628
33516,53727,34788
33600,53733,34393
33764,53735,34614
33728,53639,34343
33694,53724,34445
33712,53724,34607
33717,53711,34695
33804,53717,34585
33806,53703,34703
33864,53719,34534
33952,53735,34643
33949,53735,34309
33984,53721,34361
34025,53725,34487
33928,53727,34503
33908,53702,34649
34008,53707,34485
34175,53639,34626
34328,53725,34453
34476,53723,34468
34561,53727,34423
34424,53661,34509
34268,53695,34436
34288,53717,34554
34212,53708,34409
34157,53695,34450
34180,53703,34343
34252,53700,34344
34224,53633,34311
34265,53721,34305
34310,53711,34309
34278,53631,34389
34380,53725,34322
34588,53700,34420
34762,53713,34289
34806,53629,34407
34758,53703,34277
34720,53695,34366
34668,53686,34277
34780,53639,34278
34900,53707,34244
34941,53695,34268
35025,53639,34227
34984,53677,34257
34922,53702,34197
34936,53671,34297
34976,53679,33735
35052,53621,33992
35080,53695,34117
35052,53685,34132
35204,53639,34255
35126,53695,34124
35040,53699,34009
35020,53695,34119
34920,53687,34118
34849,53607,34071
34904,53679,34051
34933,53671,34150
34852,53671,34093
34952,53695,34177
35012,53677,33977
35044,53661,34007
35032,53691,34115
34948,53677,34036
34807,53677,33916
34629,53668,34151
34668,53670,33989
34592,53639,33949
34522,53663,34063
34624,53671,34015
34825,53663,34135
34892,53623,33553
34924,53677,33926
34948,53677,33951
34900,53663,33968
34816,53655,33861
34868,53660,33999
34972,53639,33977
34948,53623,34103
35032,53639,33955
35173,53655,34053
35169,53661,33914
35080,53663,33967
35036,53655,33821
35036,53661,33909
34884,53639,34041
34927,53633,33943
35060,53602,34065
34981,53639,33769
35028,53639,33880
35152,53639,34053
35105,53604,33607
35216,53651,33851
35469,53639,34023
35605,53567,33852
35460,53639,33727
35220,53629,33927
35088,53621,33894
35008,53559,33863
35012,53557,33863
35190,53639,34004
35333,53623,33447
35356,53617,33835
35305,53631,33999
35348,53627,33485
35356,53607,33717
35433,53613,33799
35441,53607,33825
35388,53615,33917
35432,53562,33876
35537,53615,33877
35537,53621,33790
35500,53548,33791
35588,53623,33977
35636,53613,33693
35573,53604,33812
35557,53586,33957
35524,53605,33585
35454,53607,33677
35432,53572,33827
35488,53605,33853
35476,53609,33861
35584,53615,33805
35764,53599,33734
35760,53535,33883
35612,53596,33847
35660,53575,33955
35648,53587,33413
35520,53589,33773
35552,53564,33773
35704,53569,33799
35648,53599,33772
35561,53599,33815
35720,53535,33854
35565,53590,33828
35436,53575,33863
35512,53575,33828
35500,53569,33935
35573,53575,33842
35590,53575,33949
35712,53583,33827
35804,53575,33893
35860,53575,33855
35880,53503,33903
35792,53573,33565
35697,53567,33823
35873,53559,33837
35924,53511,33749
35808,53573,33879
35868,53559,33427
35932,53559,33733
36004,53533,33388
36181,53561,33644
36322,53559,33469
36196,53511,33730
35928,53559,33474
35844,53535,33634
35764,53535,33739
35649,53551,33777
35688,53549,33839
35943,53545,33783
36004,53499,33897
35964,53532,33779
36057,53543,33830
36116,53469,33755
36281,53511,33883
36201,53533,33757
36092,53527,33828
36035,53493,33605
36084,53524,33861
36364,53511,33735
36310,53535,33791
36004,53460,33719
35900,53527,33749
35676,53511,33646
35520,53511,33672
35508,53461,33663
35598,53501,33663
35566,53491,33644
35617,53503,33660
35720,53485,33503
35824,53511,33431
35828,53509,33679
35857,53492,33601
35869,53501,33636
35845,53495,33703
35912,53423,33199
35900,53487,33519
35860,53479,33391
36028,53501,33484
36212,53479,33575
36100,53436,33575
36170,53477,33713
36100,53479,33568
36225,53477,33677
36232,53471,33562
36289,53444,33620
36260,53453,33558
36142,53471,33673
36108,53447,33541
35950,53461,33638
35880,53469,33511
36040,53471,33659
36104,53455,33100
36064,53455,33340
36068,53444,33465
36200,53437,33507
36136,53429,33661
36056,53439,33334
36012,53421,33467
36120,53425,33627
36124,53369,33084
36121,53399,33415
36110,53421,33477
36141,53421,33455
35902,53409,33455
35908,53407,33497
36007,53365,33564
35959,53381,33487
35956,53405,33615
36052,53333,33481
35997,53414,33617
35873,53383,33501
35956,53383,33567
35924,53308,33501
35921,53379,33571
36008,53343,33479
36180,53375,33615
36164,53300,33173
35832,53367,33468
35828,53359,33505
35720,53375,33445
35817,53309,33490
35904,53365,33502
35704,53357,33637
35781,53285,33477
35984,53349,33447
35912,53335,33407
35697,53343,33513
35788,53255,33639
35756,53341,33433
35640,53336,33466
35786,53296,33643
36352,53324,33514
36612,53309,33511
36367,53311,33294
35876,53302,33354
35850,53279,33457
35886,53293,33381
35862,53239,33543
36017,53295,33515
35914,53293,33477
35896,53295,33531
36022,53215,33667
36060,53285,33127
36092,53255,33380
36015,53255,33449
35860,53255,33477
35740,53255,33661
35741,53255,33549
35841,53255,33383
35728,53255,33149
35800,53253,33555
35772,53223,33671
35760,53220,33517
35724,53226,33465
35769,53151,33487
35828,53223,33500
35758,53209,33543
36000,53223,33508
36132,53140,33560
36008,53221,33515
35832,53215,33501
35776,53197,33368
35728,53191,33319
35668,53119,33527
35692,53191,33377
35584,53178,33381
35668,53127,33511
35808,53165,33543
35896,53108,33705
35805,53181,33565
35880,53165,33683
35972,53117,33218
35806,53151,33429
35766,53087,33529
35752,53151,33412
35680,53127,33593
35472,53140,33719
35393,53135,33611
35485,53127,33708
35308,53081,33607
34956,53127,33745
34496,53124,33627
33844,53056,33729
33216,53119,33619
32784,53092,33749
32534,53100,33649
32602,53095,33751
32918,53100,33631
33524,53087,33717
34132,53109,33645
34948,53079,33740
35692,53068,33647
36121,53063,33691
36548,53063,33681
37037,53053,33703
37822,53053,33671
38983,53031,33708
40508,53037,33725
42012,53027,33642
43217,52991,33660
44349,53024,33537
44852,52999,33319
44864,52999,33691
44361,52999,33313
44006,52999,33765
43056,52982,33671
42040,52967,33701
41164,52997,33701
40261,52997,33681
39136,52953,33689
38108,52999,33754
37304,52991,33854
36600,52980,33700
36168,52911,33771
35972,52973,33865
35677,52955,33741
35263,52879,33783
35152,52967,33593
35108,52949,33749
34894,52892,33905
34856,52948,33711
34964,52925,33794
34884,52927,33867
34768,52859,33623
34636,52919,33779
34692,52903,33903
34564,52903,33789
34532,52836,33951
34608,52909,33407
34556,52903,33652
34588,52839,33613
34880,52871,33716
34692,52868,33797
34676,52871,33683
34768,52855,33793
34688,52861,33722
34628,52861,33591
34474,52847,33727
34516,52855,33780
34532,52835,33735
34508,52767,33895
34537,52837,33863
34506,52823,33881
34364,52812,33875
34348,52773,34001
34273,52807,33935
34112,52807,34075
34092,52807,33919
34204,52803,33937
34304,52807,33794
34438,52799,33903
34484,52780,33805
34508,52775,33981
34468,52709,33543
34470,52759,33815
34544,52743,33955
34504,52775,33980
34605,52743,34028
34712,52743,33991
34660,52751,34001
34511,52737,34014
34504,52695,34180
34552,52727,34021
34621,52727,33911
34524,52719,34018
34400,52709,33988
34268,52653,34181
34328,52719,34105
34472,52711,34228
34512,52641,33670
34532,52700,34013
34700,52700,33723
34696,52615,34173
34596,52695,33927
34654,52679,34023
34708,52677,34159
34808,52671,34167
34778,52673,34237
34685,52657,34169
34592,52655,34311
34489,52673,34175
34581,52669,34021
34588,52655,34151
34484,52655,34199
34549,52655,34301
34606,52636,33761
34518,52561,34133
34524,52615,34177
34588,52639,34183
34714,52615,34330
34792,52639,34047
34813,52615,34015
34605,52637,34183
34338,52631,34173
34420,52613,34246
34606,52615,34005
34522,52615,34103
34576,52607,34081
34636,52615,34087
34756,52559,34093
34804,52583,34245
34840,52599,34079
34893,52611,34121
34744,52591,34087
34613,52605,34199
34568,52559,34073
34397,52589,34151
34369,52591,34069
34424,52519,34191
34370,52583,34055
34437,52597,34087
34712,52573,33965
34740,52519,33915
34752,52583,34023
34736,52556,34009
34721,52507,33901
34614,52567,33887
34622,52555,34089
34608,52575,33997
34748,52519,34055
34768,52535,33973
34608,52551,34053
34656,52517,33927
34636,52551,33835
34782,52521,34061
34797,52529,33972
34849,52461,34047
34935,52511,33775
35035,52533,33554
35061,52535,33960
35075,52529,33782
35010,52541,34049
34972,52519,33890
35012,52519,33884
35104,52487,33771
35112,52511,33831
35008,52500,33788
34904,52439,33600
34908,52517,33821
34952,52507,33773
34969,52455,33713
35056,52455,33752
34936,52505,33769
34636,52487,33659
34541,52439,33597
34536,52439,33792
34372,52487,33661
34368,52487,33645
34236,52487,33557
34046,52487,33421
34060,52480,33711
34293,52487,33567
34256,52468,33559
34008,52461,33457
33984,52447,33180
34044,52461,33596
33997,52388,33469
33988,52461,33559
34060,52448,33378
34001,52461,33231
34040,52455,33336
34180,52415,33183
33997,52450,33191
33569,52445,33331
33473,52415,33335
33512,52435,33438
33340,52423,33260
33364,52381,33231
33528,52431,32893
33527,52431,33133
33512,52431,33193
33798,52419,33196
33922,52421,33027
33884,52415,33206
33889,52399,33113
33880,52411,33164
33594,52399,33223
33217,52393,32990
33383,52383,33090
33524,52399,33125
33668,52388,33057
33856,52388,33092
33980,52335,33061
33893,52381,33141
33708,52375,32679
33816,52356,33031
33768,52375,32828
33645,52359,32895
33784,52359,32948
33860,52366,32992
33812,52359,33133
34021,52293,32694
34072,52340,32789
33764,52327,32911
33528,52341,32791
33776,52327,32901
33749,52343,32909
33545,52319,33021
33544,52305,32948
33705,52341,33071
33724,52313,32903
33828,52231,32757
33860,52317,32972
33824,52308,32935
33697,52230,33041
33602,52311,32925
33394,52278,32981
33332,52295,32557
33428,52231,32751
33332,52305,32802
33320,52285,32859
33492,52284,32870
33503,52281,32899
33388,52271,32991
33580,52265,32903
33608,52205,32855
33559,52277,32861
33669,52263,32941
33717,52263,32869
33720,52207,32999
33704,52269,32935
33808,52252,33021
33928,52245,32925
33796,52223,33013
33432,52231,32836
33376,52231,32637
33276,52231,32999
33278,52199,32911
33582,52215,33062
33668,52231,32933
33412,52231,33055
33352,52213,32935
33537,52204,33039
33484,52212,32935
33653,52191,33073
33878,52199,32911
33860,52133,32959
33720,52215,32877
33552,52177,32545
33425,52176,33033
33480,52191,32878
33669,52135,32857
33797,52189,32739
33858,52171,32713
33860,52159,33058
33754,52159,32927
33428,52167,32853
33317,52167,32885
33508,52149,32895
33634,52151,32889
33584,52156,33023
33660,52165,32925
33828,52079,32993
33824,52147,32908
33892,52129,33031
33874,52085,32892
33600,52103,32975
33548,52135,32663
33612,52071,32983
33576,52149,32513
33668,52127,32714
33804,52103,32876
33774,52101,32849
33689,52113,32923
33668,52077,32889
33684,52095,32978
33600,52092,32863
33390,52037,32828
33420,52103,32857
33500,52079,32895
33484,52095,32869
33617,52101,32746
33840,52085,32619
33781,52085,32840
33821,52071,32567
33952,52005,32912
33848,52071,32901
33829,52071,33019
33740,52063,32871
33713,51993,32943
33872,52069,32775
33856,52055,32679
33897,52059,32975
33833,52037,32869
33841,52045,33002
33756,52031,32906
33608,52038,33019
33624,52011,32919
33780,52044,33015
33977,52039,32924
34044,51959,33015
34108,52043,32913
34005,52025,33023
33684,52016,32925
33704,51997,32983
33800,52001,32908
33680,52021,32975
33501,51941,32847
33668,52007,32871
33704,52007,32899
33708,52015,32941
33869,51965,32919
33600,52004,32961
33616,51975,32903
33724,51975,33047
33717,51933,32933
33564,51975,33066
33436,51975,32583
33484,51999,32935
33605,51975,33081
33560,51943,32948
33765,51975,33067
33798,51973,32937
33584,51909,32973
33492,51951,32699
33584,51959,33065
33585,51959,32969
33436,51971,33117
33491,51951,32980
33560,51959,33031
33608,51917,32956
34212,51941,33053
34140,51943,32952
33612,51949,33031
33692,51919,32988
33609,51933,33012
33554,51914,33023
33557,51941,33031
33525,51940,32929
33596,51879,33031
33708,51927,32984
33877,51931,32943
33828,51868,33095
33476,51919,33079
33497,51909,33103
33639,51903,32739
33505,51911,33145
33524,51887,33183
33658,51911,33324
33596,51903,33209
33596,51921,33311
33720,51903,33230
33794,51895,33311
33804,51863,33225
33769,51847,33212
33788,51887,33140
33720,51877,33111
33590,51887,33309
33444,51879,33309
33488,51839,33349
33452,51895,33287
33756,51879,33287
33614,51879,33309
33164,51797,33012
33032,51860,33365
32984,51847,33125
33045,51847,33252
33244,51873,33287
33344,51861,33380
33292,51800,33414
33428,51871,33315
33704,51860,33303
33616,51853,33373
33576,51847,33404
33492,51843,33509
33544,51759,33557
33448,51827,33623
33588,51839,33495
33717,51823,33260
33660,51835,33761
33712,51767,33633
33804,51821,33581
33861,51823,33631
33736,51815,33390
33758,51759,33836
33814,51804,33762
33688,51805,33729
33544,51759,33716
33444,51815,33836
33454,51802,33799
33502,51805,33856
33574,51823,33805
33733,51797,33796
33663,51795,33795
33553,51764,33553
33640,51783,34095
33536,51788,34025
33474,51783,34131
33401,51717,34031
33560,51799,34068
33457,51783,34023
33456,51781,33935
33528,51707,34349
33441,51757,34239
33276,51759,34245
33433,51757,34147
33329,51756,33897
33246,51719,34347
33456,51743,33998
33423,51756,34375
33224,51773,34325
33292,51751,34301
33342,51740,34287
33212,51757,34343
33161,51743,34532
33340,51655,34556
33278,51737,34748
33360,51719,34403
33350,51725,34621
33340,51737,34793
33324,51711,34677
33576,51719,34591
33600,51655,34755
33048,51719,34761
32513,51711,34914
32196,51703,34823
31768,51701,34797
31276,51709,34840
30726,51684,34932
30208,51717,34903
29936,51687,35047
29904,51709,34548
30231,51716,34879
30844,51619,35010
31516,51695,35005
32173,51679,35117
32924,51681,35019
33673,51637,35189
34381,51684,35071
34780,51687,35204
35540,51692,35101
37176,51677,35268
38592,51677,35140
39580,51661,35290
40560,51647,34852
41617,51652,35021
42068,51650,35167
42005,51653,35214
41606,51654,35363
41223,51661,35031
40540,51663,35247
39804,51655,35364
39050,51656,35312
37784,51663,35167
36605,51645,35284
35716,51655,35188
34880,51655,35079
34166,51663,35267
33760,51646,35061
33361,51653,35385
33008,51591,35386
32576,51663,35316
32561,51651,35429
32484,51653,35396
32400,51631,35335
32276,51622,35430
32025,51639,35520
31920,51563,35503
32033,51645,35636
31944,51624,35566
32006,51638,35683
32132,51637,35553
31968,51623,35681
31872,51621,35142
31904,51628,35501
31829,51607,35735
31664,51607,35660
31560,51615,35559
31762,51607,35625
31810,51620,35673
31594,51607,35759
31712,51613,35717
31861,51591,35782
31848,51607,35729
31824,51591,35775
31872,51588,35791
31789,51591,35973
31616,51581,35820
31743,51521,35759
31788,51591,35871
31744,51591,35932
32044,51583,36059
32040,51588,35962
31993,51583,36061
31972,51573,36007
31896,51492,36161
31649,51575,36017
31640,51575,35991
31760,51573,36194
31956,51559,36102
32165,51559,36277
32256,51572,35649
32151,51559,35989
31920,51485,36134
31812,51557,36052
32020,51543,36175
31967,51541,36049
31900,51527,36209
32064,51533,36255
31968,51555,36328
32114,51549,36283
32164,51551,36329
32068,51460,36297
31917,51556,36459
31852,51525,36357
32008,51524,36455
31815,51527,36302
31764,51532,36462
31999,51524,36389
32257,51535,36532
32160,51463,35924
32196,51535,36381
32232,51509,36423
32130,51517,36585
32064,51463,36437
32128,51515,36573
31952,51501,36442
31839,51507,36552
32022,51512,36471
32004,51520,36607
32002,51511,36458
32192,51519,36396
32460,51452,36003
32493,51511,36311
32465,51495,36244
32381,51477,36543
32192,51485,36481
32013,51500,36444
32080,51493,36299
32032,51484,36330
32022,51503,36303
32108,51476,36437
32176,51487,36487
32140,51487,36403
32132,51399,36495
32168,51463,36413
32152,51461,36521
32185,51463,36359
32268,51445,36348
32384,51487,36360
32412,51463,36355
32440,51479,36495
32500,51439,36351
32504,51479,36486
32433,51455,36295
32457,51448,36323
32449,51451,35823
32409,51399,36349
32516,51461,35774
32529,51463,36311
32584,51459,35948
32628,51399,36161
32665,51453,36263
32688,51451,36164
32789,51364,36150
32820,51439,36069
32749,51439,36087
32743,51353,36207
32988,51431,35695
33129,51441,35969
33086,51429,36069
33004,51447,35999
33268,51364,35944
33241,51431,35956
33112,51428,35805
33124,51413,35908
33030,51355,35803
32903,51423,35911
32926,51413,35305
32932,51355,35531
32941,51423,35740
33120,51348,35580
33212,51407,35516
33200,51415,35579
33097,51408,35445
33173,51407,35405
33108,51335,35380
32908,51392,35198
32896,51407,34863
32929,51399,35295
32879,51421,34909
32901,51399,35161
32852,51335,35243
32788,51399,35103
32668,51383,35115
32558,51335,34927
32518,51388,34932
32479,51372,35015
32541,51397,34881
32608,51375,34951
32556,51396,34783
32628,51387,34884
32560,51381,34703
32328,51335,34776
32156,51380,34612
32204,51367,34681
32074,51375,34514
32000,51319,34565
32060,51383,34441
32144,51375,34495
32136,51367,34276
32226,51367,34292
32328,51349,34409
32320,51303,33825
32296,51367,34255
32292,51351,33887
32200,51359,34111
32176,51333,34167
32194,51357,34086
32284,51359,34169
32288,51292,34005
32465,51365,34101
32580,51357,33915
32452,51295,33791
32360,51355,33825
32406,51335,33770
32350,51343,33503
32247,51271,33748
32324,51349,33261
32404,51335,33721
32372,51348,33596
32424,51302,33479
32506,51335,33316
32468,51335,33343
32408,51351,33299
32433,51325,33311
32408,51327,33334
32305,51325,33319
32409,51323,33337
32584,51333,33223
32654,51333,33275
32780,51327,33196
32796,51319,33277
32660,51254,32709
32380,51317,32912
32220,51255,33089
32137,51311,32991
32108,51303,33063
32272,51247,32629
32382,51309,32851
32356,51311,32948
32448,51255,32769
32522,51300,32846
32452,51303,32279
32384,51287,32482
32444,51295,32487
32440,51295,32472
32424,51271,32471
32537,51295,32314
32644,51299,32223
32586,51303,32115
32668,51295,32173
32677,51287,31951
32604,51293,31971
32508,51251,31724
32548,51293,31772
32456,51271,31532
32360,51279,31373
32429,51283,31095
32417,51239,31095
32362,51285,31012
32399,51285,30868
32504,51205,30793
32421,51279,30833
32349,51263,30575
32408,51183,30541
32341,51268,30011
32320,51271,30215
32420,51223,30039
32497,51273,29907
32448,51263,29719
32520,51252,29744
32592,51263,29428
32500,51262,29615
32424,51255,29087
32508,51245,29362
32488,51252,29092
32500,51180,28965
32542,51236,28820
32489,51259,28643
32349,51254,28495
32420,51223,28361
32552,51237,28196
32512,51247,28165
32485,51252,27679
32541,51232,27545
32535,51181,27399
32506,51245,27226
32485,51228,27165
32546,51207,26901
32520,51228,26631
32633,51239,26887
32696,51196,26313
32561,51239,26319
32509,51237,26210
32486,51231,26031
32424,51207,25708
32409,51229,25812
32528,51207,25399
32620,51207,25401
32504,51175,25249
32476,51201,25157
32481,51223,25075
32404,51207,24847
32309,51207,24783
32380,51207,24255
32444,51207,24177
32432,51207,24177
32489,51207,24040
32612,51229,23719
32547,51207,23615
32481,51207,23527
32552,51207,23319
32532,51207,23087
32428,51207,23129
32472,51135,22999
32541,51188,22751
32536,51197,22614
32678,51135,22400
32785,51191,22317
32780,51207,22144
32858,51207,21993
32912,51199,21956
32780,51207,21876
32672,51195,21572
32625,51180,21345
32612,51205,21283
32519,51197,21029
32422,51175,20910
32420,51188,20665
32273,51191,20606
32298,51127,20089
32364,51188,19887
32292,51141,19724
32236,51188,19700
32393,51167,19533
32412,51173,19485
32412,51109,18943
32536,51159,19025
32641,51174,18540
32585,51175,18359
32609,51159,18196
32672,51173,18131
32645,51163,18032
32597,51167,17701
32556,51159,17556
32442,51119,17117
32308,51167,17009
32486,51167,16706
32580,51079,16706
32453,51144,16311
32404,51079,16259
32392,51135,16107
32322,51147,15719
32221,51124,15588
32260,51133,15377
32256,51141,15291
32245,51138,14967
32240,51151,14767
32270,51139,14753
32334,51141,14583
32519,51149,14414
32801,51135,14308
32879,51131,13927
32832,51055,13882
32804,51109,13533
32714,51111,13530
32600,51127,13281
32566,51131,13229
32471,51071,13031
32292,51127,12685
32337,51111,12739
32345,51111,12626
32229,51079,12251
32136,51111,12237
32252,51029,12104
32297,51117,11910
32404,51117,11823
32564,51079,11603
32709,51109,11449
32686,51111,11171
32652,51100,11038
32766,51093,10878
32745,51077,10909
32680,51090,10661
32632,51087,10647
32526,51101,10364
32396,51079,10396
32393,51096,10286
32374,51100,10149
32318,51087,10069
32506,51052,9820
32702,51066,9823
32708,51079,9762
32704,51079,9732
32790,51092,9591
32826,51071,9576
32772,51052,9285
32676,51071,9391
32652,51005,9381
32562,51079,9250
32497,51071,9229
32542,51069,9176
32559,51071,9146
32465,51052,9010
32526,51063,9124
32580,51055,9029
32631,51014,9063
32641,51047,8909
32549,50996,8863
32482,51071,8750
32476,51067,8931
32524,51014,8973
32468,51044,8803
32381,51055,8871
32478,51045,8786
32562,51045,8921
32492,51047,8879
32466,51060,8742
32556,51053,8871
32525,51047,8852
32532,51055,8699
32617,51047,8887
32676,51053,8899
32644,51047,8801
32668,51037,8918
32684,51047,8987
32612,51031,8821
32521,51033,8969
32476,51039,9032
32542,51045,8987
32692,51047,9012
32792,51015,8922
32748,51027,9061
32672,51036,9016
32754,51020,9069
32832,51031,9140
32760,51037,9271
32781,51037,9112
32832,51013,9298
32848,50983,9343
32956,51041,9301
33060,51028,9332
32976,50951,9301
32844,51015,9523
32800,51015,9479
32777,50974,9499
32668,51007,9711
32604,51015,9723
32604,50949,9689
32470,51007,9793
32396,51015,9801
32488,51015,10059
32596,51007,10104
32695,50981,10185
32793,50973,10217
32677,51004,10221
32537,50975,10374
32646,51004,10322
32684,51011,10609
32556,50992,10757
32528,51001,10660
32664,50975,10863
32708,50991,10841
32648,50997,11071
32665,50993,11189
32613,50980,11150
32556,50927,11278
32656,50981,11274
32760,50980,11551
32792,50941,11703
32796,50991,11622
32865,50991,11717
32757,50911,11788
32588,50966,12075
32556,50967,12196
32620,50980,12283
32580,50975,12412
32644,50911,12483
32749,50951,12398
32625,50991,12561
32409,50983,12644
32108,50967,12799
31705,50973,12839
31218,50967,13149
30696,50971,13294
30181,50967,13250
29620,50965,13410
29289,50973,13412
29224,50983,13700
29473,50980,13732
30084,50965,13819
30941,50887,13893
31700,50943,13978
32225,50951,14278
32669,50951,14431
33116,50951,14483
33640,50951,14711
34625,50961,14725
35936,50909,14885
37137,50967,14810
38369,50951,14930
39688,50951,15015
40768,50909,15156
41173,50951,15372
41209,50903,15405
40824,50943,15609
40188,50951,15575
39564,50949,15735
38965,50951,15954
38120,50951,16154
37383,50967,16178
36772,50943,16212
35932,50965,16261
34904,50951,16372
34116,50943,16572
33558,50951,16602
33060,50949,16859
32756,50951,16824
32564,50891,16933
32332,50973,17018
32200,50951,17164
32140,50951,17247
32021,50941,17487
31912,50943,17493
31961,50943,17794
31897,50869,17852
31760,50943,17991
31772,50943,18095
31901,50945,18199
31956,50879,18161
32030,50965,18476
32140,50939,18439
32100,50941,18849
31862,50908,18849
31744,50943,18917
31684,50933,19114
31565,50909,19379
31570,50925,19373
31661,50929,19646
31612,50879,19441
31640,50937,19823
31784,50933,19755
31833,50883,19874
31832,50924,20069
31917,50909,20329
31977,50919,20559
31892,50915,20397
31900,50925,20559
32036,50919,20844
31976,50927,21026
32016,50927,21044
32136,50927,21293
32129,50911,21406
31956,50879,21606
31946,50882,21730
31877,50902,21673
31804,50919,22076
31836,50909,21893
31924,50909,22265
31932,50909,22209
31971,50869,22544
32105,50908,22657
32128,50911,22599
32078,50917,22804
32158,50893,23045
32295,50887,23138
32274,50900,23162
32313,50899,23428
32320,50903,23373
32285,50912,23653
32212,50917,23783
32212,50863,23825
32204,50893,24037
32224,50903,24109
32312,50879,24063
32348,50885,24284
32196,50899,24471
32084,50897,24526
32216,50893,24836
32244,50911,24609
32292,50907,24911
32346,50901,24823
32301,50898,25177
32141,50895,25053
32176,50893,25321
32232,50892,25329
32185,50887,25575
32261,50895,25506
32462,50859,25531
32622,50893,25797
32716,50902,25717
32861,50889,25899
32772,50887,26055
32600,50885,26191
32624,50871,26180
32448,50807,26313
32180,50871,26291
32111,50887,26546
32204,50875,26588
32234,50887,26606
32244,50823,26864
32374,50863,26724
32420,50887,26919
32429,50887,26827
32548,50875,26956
32577,50879,27085
32520,50879,27287
32513,50869,27173
32568,50884,27352
32524,50887,27454
32522,50893,27573
32640,50877,27460
32681,50869,27622
32652,50877,27604
32781,50879,27727
32801,50877,27788
32740,50868,27847
32688,50879,28009
32724,50887,27737
32693,50871,27991
32778,50892,28251
32972,50875,28191
32976,50869,27907
32889,50864,28241
32929,50875,28443
32892,50861,28231
32792,50863,28284
32900,50864,28598
33024,50847,28231
33018,50871,28447
33036,50804,28714
33242,50868,28711
33280,50863,28866
33089,50871,28701
33044,50855,28854
33033,50871,28863
32964,50863,28883
32917,50868,28951
32980,50869,28970
32962,50861,29087
33076,50868,29189
33172,50836,29005
33132,50861,29167
33013,50791,29305
33032,50847,28943
33044,50855,29117
32911,50799,29361
32864,50855,29349
32859,50791,29381
32705,50841,29495
32622,50863,29401
32708,50861,29511
32708,50855,29491
32544,50853,29655
32606,50849,29339
32624,50799,29535
32460,50855,29782
32352,50797,29601
32316,50857,29743
32258,50777,29831
32212,50868,29607
32256,50855,29797
32228,50839,29811
32172,50855,29794
32252,50821,29899
32296,50839,29771
32191,50807,29967
32164,50828,29977
32192,50845,29852
32116,50855,30025
32213,50777,29775
32376,50855,30023
32388,50847,30227
32292,50849,29913
32361,50829,30077
32405,50781,30285
32373,50847,30009
32392,50839,30175
32561,50855,30309
32527,50853,30071
32584,50839,30249
32725,50847,30316
32660,50839,30154
32568,50839,30308
32596,50844,30231
32609,50845,30325
32510,50839,30329
32535,50844,30437
32572,50837,30028
32492,50852,30377
32484,50855,30517
32582,50855,30407
32600,50823,30519
32528,50821,30231
32581,50839,30495
32692,50767,30518
32593,50837,30500
32600,50759,30525
32643,50815,30429
32716,50839,30491
32837,50823,30581
32945,50839,30509
32929,50831,30727
32817,50839,30424
32785,50823,30647
32772,50759,30747
32648,50837,30461
32597,50833,30653
32728,50839,30761
32734,50836,30746
32768,50851,30561
32912,50836,30910
32958,50839,30535
32850,50823,30789
32840,50823,30949
32850,50806,30694
32732,50791,30661
32796,50821,30770
32959,50833,30734
32965,50823,30828
32928,50839,30901
32924,50823,31025
32910,50836,30948
32840,50815,31053
32852,50823,30972
32868,50823,31079
32789,50823,30949
32812,50823,30983
32974,50791,31012
33016,50823,31049
33092,50823,30673
33208,50783,31046
33142,50823,31047
33020,50809,31042
33102,50819,30925
33060,50813,30929
32876,50821,31030
32877,50823,31109
32976,50791,31134
33018,50820,31111
32989,50759,31147
32994,50805,31169
32957,50821,30996
32894,50823,31165
33000,50804,31265
32996,50747,31153
32884,50807,31101
32824,50815,31247
32868,50765,31188
32842,50823,31321
32880,50813,30833
33004,50741,31045
33040,50807,30921
33028,50813,30860
33049,50759,31337
33132,50797,31213
33086,50796,31349
33074,50810,31217
33092,50806,31319
32996,50805,31209
33008,50813,31212
33156,50743,31150
33188,50817,31251
33100,50807,31228
33124,50759,31335
33144,50789,30877
33068,50799,31049
33036,50807,31143
33044,50799,31175
32983,50815,31149
33012,50796,31107
33045,50807,31180
32987,50804,31195
32885,50757,31177
32873,50804,31051
32920,50799,31197
32894,50791,31235
32944,50801,31061
33065,50803,31055
33056,50735,31127
33132,50815,30901
33227,50796,31252
33228,50756,31189
33056,50812,31247
33100,50787,31213
33037,50799,31236
32952,50796,31185
32924,50741,31149
33066,50812,31034
33229,50799,31201
33444,50807,31327
33606,50727,31215
33572,50805,31289
33280,50799,31133
33228,50783,31111
33164,50791,31031
33000,50767,31019
32966,50799,31063
33164,50797,31143
33237,50799,31130
33189,50781,31145
33180,50805,31137
33204,50793,30927
33048,50804,31303
33149,50768,30919
33290,50797,31319
33220,50788,31239
33111,50791,31309
33188,50789,31222
33191,50796,31343
33284,50805,31237
33356,50759,31392
33328,50791,30949
33303,50789,31355
33268,50773,31267
33249,50788,31409
33144,50780,31293
33006,50791,31407
33116,50717,31295
33173,50774,31259
33238,50797,31245
33356,50788,31055
33420,50789,31171
33268,50787,31345
33204,50746,31361
33177,50772,31345
33228,50773,31388
33261,50733,31341
33329,50779,31413
33281,50787,31398
33212,50767,31525
33175,50791,31409
33268,50783,31417
33260,50783,31383
33321,50727,31349
33408,50780,31549
33276,50773,31463
33260,50781,31526
33304,50781,31287
33284,50785,31618
33246,50783,31493
33284,50772,31655
33256,50767,31554
33112,50772,31615
33168,50740,31570
33199,50772,31559
33108,50767,31573
33070,50768,31733
33188,50695,31626
33184,50791,31751
33156,50781,31263
33224,50745,31671
33261,50757,31277
33164,50780,31679
33125,50709,31318
33174,50766,31739
33120,50759,31733
33112,50764,31820
33233,50783,31748
33256,50759,31762
33270,50783,31739
33369,50767,31724
33432,50772,31781
33316,50695,31787
33312,50767,31847
33325,50757,31892
33232,50719,31789
33108,50773,31794
33156,50764,31821
33232,50717,31797
33236,50783,31905
33396,50761,31950
33476,50717,32044
33389,50765,31573
33388,50756,31911
33436,50687,31703
33390,50767,31893
33390,50753,31941
33484,50741,31960
33510,50764,32172
33556,50765,32065
33684,50769,32101
33685,50751,31749
33564,50759,32107
33444,50693,31724
33278,50751,32193
33133,50743,32141
33096,50751,32232
33248,50727,32157
33305,50759,32291
33334,50741,31764
33449,50767,31999
33424,50751,32127
33374,50750,32021
33401,50677,32146
33449,50756,32079
33404,50751,32109
33357,50695,32195
33522,50749,32301
33472,50749,32235
33306,50687,32277
33368,50757,32253
33400,50751,32335
33324,50747,32260
33292,50687,32223
33308,50741,32219
33225,50740,32225
33214,50743,32221
33269,50740,32257
33208,50749,32167
33156,50751,32297
33234,50751,32293
33297,50724,32293
33214,50748,32263
33136,50657,32173
33172,50749,32286
33094,50747,32036
33060,50740,32460
33017,50695,32365
32740,50746,32487
32324,50751,32313
32093,50732,32329
31612,50735,32350
30868,50740,32255
30223,50741,32157
29912,50727,32292
29788,50727,32237
29960,50753,32207
30485,50719,32343
30988,50738,32387
31512,50751,32485
32356,50740,32413
33158,50727,32463
33580,50729,32412
33789,50738,32519
34338,50730,32415
35544,50668,32417
37168,50740,32085
38852,50735,32437
40412,50735,32313
41764,50737,32285
42617,50727,32341
42806,50719,32263
42496,50719,32485
41952,50725,32437
41204,50725,32569
40280,50695,32095
39280,50741,32289
38232,50737,32443
37092,50748,32434
36036,50741,32325
35197,50743,32415
34482,50665,32453
33846,50748,32515
33394,50727,32455
33056,50735,32614
32852,50742,32413
32680,50749,32439
32676,50693,32564
32552,50759,32445
32374,50747,32354
32476,50717,32391
32478,50727,32473
32296,50725,32615
32276,50657,32481
32171,50725,32575
32076,50711,32111
31981,50727,32566
31895,50719,32477
31769,50687,32421
31799,50732,32369
31942,50735,32516
32005,50679,32510
31972,50717,32519
32020,50725,32485
32013,50671,32447
31944,50727,32605
31984,50717,32493
32164,50708,32410
32276,50721,32383
32217,50732,32573
32217,50717,32505
32182,50733,32391
32056,50716,32587
32040,50647,32519
32096,50710,32535
32014,50695,32190
31912,50725,32353
31985,50687,32475
32024,50717,32519
32045,50719,32626
32171,50695,32434
32272,50693,32479
32260,50695,32583
32276,50629,32511
32272,50695,32623
32164,50695,32494
32096,50695,32629
32192,50695,32471
32169,50695,32483
32204,50695,32387
32304,50679,32456
32320,50688,32507
32260,50695,32457
32273,50695,32541
32308,50647,32455
32231,50695,32507
32148,50695,32243
32218,50695,32375
32276,50631,32415
32279,50695,32415
32470,50686,32550
32544,50621,32017
32420,50695,32263
32359,50687,32411
32324,50639,32405
32268,50685,32383
32244,50695,32327
32372,50652,32380
32412,50693,32489
32394,50695,32317
32460,50663,32236
32516,50687,32237
32373,50692,32165
32297,50684,32280
32352,50631,32239
32300,50687,32311
32292,50693,32242
32381,50677,32359
32392,50695,32162
32380,50687,32075
32535,50685,32220
32650,50687,32137
32620,50684,32194
32557,50637,32037
32600,50669,32070
32562,50605,31959
32516,50695,32127
32516,50679,31625
32520,50644,31806
32436,50687,32069
32484,50604,31933
32565,50685,32025
32537,50681,31767
32538,50677,31967
32548,50679,31826
32489,50652,31728
32424,50669,31719
32525,50681,31693
32596,50693,31831
32588,50676,31325
32692,50687,31556
32840,50684,31633
32801,50677,31637
32789,50679,31632
32892,50677,31519
32868,50679,31548
32824,50631,31648
32700,50676,31428
32470,50679,31471
32373,50693,31589
32548,50682,31045
32692,50676,31238
32737,50692,31503
32772,50679,31062
32855,50671,31325
32852,50653,31117
32812,50611,31313
32870,50667,30861
32838,50649,31197
32784,50677,31140
32892,50649,31285
32928,50669,31085
32900,50605,31109
33023,50663,31121
33180,50671,30967
33044,50675,31219
32886,50669,30917
32840,50663,31059
32856,50686,30855
32833,50671,31109
32848,50679,30839
32876,50676,30613
32798,50671,30967
32774,50660,30959
32844,50661,30823
32732,50655,31053
32484,50653,30629
32396,50669,30837
32396,50663,31027
32368,50689,30779
32397,50671,30863
32474,50603,30677
32440,50671,30935
32351,50660,30759
32276,50665,30831
32133,50659,30740
32024,50599,30837
32036,50663,30457
31974,50668,30758
31925,50677,30595
32036,50671,30871
32100,50597,30415
32024,50671,30565
32031,50660,30664
32117,50607,30741
32061,50663,30726
32037,50645,30653
32044,50676,30708
32088,50671,30790
31964,50597,30613
32112,50671,30664
32285,50663,30811
32264,50647,30331
32185,50653,30607
32172,50653,30735
32172,50663,30627
32168,50655,30445
32206,50663,30668
32203,50631,30535
32204,50669,30604
32258,50669,30398
32368,50660,30700
32346,50663,30471
32256,50649,30543
32217,50589,30686
32120,50653,30247
32001,50661,30428
32060,50652,30660
32116,50650,30543
32108,50611,30645
32196,50663,30544
32292,50639,30577
32192,50652,30237
32161,50655,30503
32220,50637,30591
32250,50611,30573
32216,50655,30575
32360,50637,30540
32404,50653,30419
32376,50645,30557
32468,50637,30629
32528,50644,30749
32456,50645,30610
32400,50639,30551
32472,50588,30743
32518,50643,30388
32440,50589,30663
32345,50647,30799
32334,50647,30727
32340,50655,30721
32381,50647,30693
32364,50612,30772
32352,50637,30653
32388,50596,30711
32496,50635,30818
32388,50639,30643
32196,50631,30943
32150,50599,30716
32292,50636,30855
32296,50583,30957
32336,50637,30542
32322,50551,30911
32260,50639,31061
32225,50618,30650
32292,50567,30933
32252,50629,31009
32176,50625,31012
32332,50607,31161
32444,50647,31047
32452,50631,30951
32544,50639,31065
32613,50614,31119
32577,50630,31254
32470,50623,31156
32440,50623,31140
32398,50628,31300
32388,50623,31191
32420,50557,31206
32468,50626,31196
32428,50641,31204
32473,50647,31252
32519,50623,31165
32496,50540,31233
32537,50627,31375
32600,50613,31239
32534,50543,31167
32440,50631,31007
32482,50622,31174
32456,50567,31381
32396,50646,31226
32442,50623,31228
32632,50631,30996
32558,50629,31157
32532,50607,31151
32570,50615,31143
32460,50621,31304
32382,50567,31223
32430,50599,31127
32390,50639,31053
32320,50557,31039
32420,50631,31124
32508,50615,31075
32516,50623,31147
32616,50615,31190
32640,50605,31153
32556,50607,31168
32504,50621,31183
32544,50567,31231
32512,50613,31384
32420,50623,30911
32447,50623,31247
32564,50623,31114
32636,50551,31267
32708,50597,31380
32664,50597,30947
32468,50599,31165
32292,50609,31385
32460,50619,30969
32687,50621,31383
32663,50621,31492
32772,50564,31306
32861,50604,31343
32732,50601,31391
32576,50607,31444
32508,50612,31621
32440,50594,31141
32384,50607,31335
32420,50607,31549
32544,50605,31525
32592,50559,31527
32518,50591,31551
32468,50598,31628
32351,50547,31761
32300,50597,31397
32296,50567,31687
32300,50599,31836
32431,50603,31340
32541,50548,31697
32556,50591,31915
32405,50532,31734
32413,50599,31847
32610,50604,31687
32700,50597,31878
32543,50583,31879
32608,50519,31820
32508,50597,31877
32380,50599,31980
32444,50543,31999
32416,50597,31909
32407,50588,31871
32421,50593,32035
32540,50578,32197
32482,50591,32095
32350,50591,32229
32370,50575,32097
32368,50548,32254
32356,50541,32134
32457,50567,32116
32555,50591,31963
32553,50533,32123
32604,50599,32284
32605,50585,32183
32512,50517,32135
32440,50588,32077
32453,50567,32191
32392,50503,32251
32368,50591,32117
32405,50581,32188
32505,50564,32351
32465,50584,31836
32544,50543,32175
32664,50567,32340
32642,50501,32205
32560,50551,32185
32576,50567,32359
32461,50567,31875
32401,50580,32081
32492,50583,32263
32564,50567,32278
32561,50500,32345
32652,50567,32195
32708,50567,32277
32708,50559,32365
32592,50551,32301
32576,50565,32401
32552,50493,32255
32428,50583,32124
32532,50565,32305
32702,50567,32295
32742,50543,32295
32684,50567,32247
32712,50559,32175
32712,50567,32172
32692,50565,32188
32792,50557,32327
32744,50563,31823
32575,50540,32047
32436,50559,32149
32396,50565,32187
32402,50580,32282
32448,50559,32173
32564,50557,32227
32529,50581,32153
32448,50559,32279
32416,50551,32113
32485,50565,31959
32417,50556,32028
32373,50556,32228
32378,50491,32068
32364,50577,31921
32500,50567,31863
32671,50553,31893
32592,50489,31998
32532,50553,31999
32592,50543,32116
32513,50551,31988
32492,50512,32032
32514,50567,31631
32529,50556,31863
32586,50567,31845
32644,50519,31767
32869,50535,31916
32857,50554,31932
32734,50527,32031
32788,50541,31895
32712,50549,31929
32624,50500,31783
32652,50551,31842
32672,50539,31981
32588,50479,31853
32732,50557,31945
32848,50543,31820
32767,50543,31969
32692,50557,31841
32695,50535,31807
32588,50460,31751
32500,50535,31948
32465,50535,31791
32532,50541,31639
32544,50543,31837
32736,50543,31801
32852,50543,31866
32800,50486,31796
32790,50551,31895
32940,50522,31397
32954,50527,31781
32772,50531,31847
32752,50487,31491
32756,50527,31705
32620,50485,31863
32612,50535,31447
32735,50535,31737
32844,50506,31490
32828,50527,31717
32788,50507,31764
32618,50439,31862
32462,50535,31762
32616,50511,31717
32622,50525,31604
32512,50461,31388
32622,50527,31631
32740,50535,31551
32612,50439,31743
32428,50511,31783
32409,50524,31828
32248,50517,31743
31964,50439,31751
31714,50517,31721
31391,50516,31685
30886,50533,31685
30493,50516,31675
29964,50519,31603
29582,50527,31701
29428,50495,31667
29618,50509,31623
29888,50509,31863
30200,50511,31735
30708,50510,31809
31536,50460,31743
32336,50525,31727
33090,50495,31675
33580,50513,31657
34108,50437,31533
35076,50519,31558
36577,50495,31717
38092,50499,31675
39608,50509,31847
40928,50495,31672
41785,50439,31751
41976,50501,31339
41887,50503,31637
41561,50499,31695
40853,50503,31797
39848,50453,31692
38892,50500,31814
37720,50495,31687
36532,50461,31688
35597,50500,31588
34780,50511,31695
33960,50461,31828
33480,50519,31327
33140,50509,31669
32857,50495,31782
32535,50493,31727
32300,50493,31797
32136,50487,31622
31928,50509,31579
31864,50493,31413
31816,50423,31663
31743,50524,31399
31696,50501,31780
31760,50503,31511
31712,50500,31607
31596,50501,31628
31620,50479,31655
31520,50488,31791
31336,50457,31751
31240,50503,31736
31282,50492,31775
31296,50439,31927
31372,50499,31789
31556,50495,31847
31554,50479,31751
31596,50469,31639
31840,50485,31567
31808,50396,31652
31548,50495,31631
31285,50487,31697
31237,50415,31558
31284,50496,31673
31385,50491,31534
31453,50415,31677
31377,50495,31511
31320,50469,31879
31389,50407,31615
31412,50485,31689
31397,50471,31751
31405,50473,31787
31492,50482,31908
31468,50466,31819
31536,50480,31941
31573,50479,31775
31521,50431,31717
31456,50479,31639
31513,50469,31740
31528,50431,31867
31477,50479,31776
31540,50468,31860
31570,50431,31771
31520,50468,31836
31624,50407,31671
31705,50469,31668
31695,50389,31880
31776,50455,31439
31790,50454,31689
31756,50381,31375
31616,50471,31727
31588,50459,31379
31558,50468,31855
31524,50471,31751
31695,50469,31870
31876,50457,31503
31832,50459,31686
31780,50387,31718
31798,50447,31695
31706,50439,31700
31704,50461,31711
31860,50407,31665
32000,50439,31727
31944,50463,31823
31851,50439,31741
31876,50439,31825
31788,50463,31746
31764,50423,31727
31917,50439,31519
31941,50439,31549
31896,50379,31668
31864,50423,31547
31905,50455,31453
31980,50439,31594
31992,50439,31639
31984,50407,31692
31856,50430,31737
31821,50437,31585
31903,50439,31677
31864,50439,31783
31716,50413,31439
31688,50439,31482
31780,50439,31558
31852,50383,31469
32033,50431,31583
32196,50439,31609
32169,50439,31615
32079,50431,31421
32052,50423,31529
32037,50421,31488
31978,50439,31540
31970,50439,31521
31964,50423,31331
31974,50371,31599
32161,50419,31135
32428,50431,31427
32536,50431,31589
32493,50423,31316
32492,50351,31432
32448,50415,31542
32308,50431,31317
32305,50429,31397
32301,50431,31207
32240,50413,31355
32292,50431,30981
32397,50429,31311
32413,50420,31313
32480,50431,31403
32657,50415,31005
32704,50391,31309
32548,50414,31239
32516,50421,31284
32624,50407,31205
32644,50367,31285
32712,50423,31292
32826,50423,31176
32761,50415,31229
32566,50428,31300
32540,50407,31132
32489,50361,31202
32454,50407,31325
32537,50407,31119
32548,50383,31151
32522,50397,31295
32608,50413,31046
32580,50415,31187
32492,50399,31287
32532,50403,31081
32436,50407,31161
32180,50404,31140
32084,50415,31069
32160,50405,31127
32193,50413,31119
32136,50399,31047
32168,50415,31102
32191,50413,31222
32132,50407,31079
31905,50357,31159
31734,50404,31029
31684,50393,31067
31643,50399,30813
31753,50407,30983
31769,50396,30663
31692,50415,30841
31727,50413,31036
31837,50353,30955
31929,50383,30813
31941,50392,30876
31980,50377,30940
31932,50404,31055
31868,50399,30567
31836,50343,30724
31893,50405,30796
31896,50407,30813
31952,50354,30975
32104,50396,30717
32164,50341,30821
32105,50386,30933
32159,50379,30693
32012,50383,30761
31762,50389,30821
31758,50397,30672
31830,50394,30717
31876,50327,30439
32036,50399,30720
32160,50380,30589
32124,50407,30567
32056,50395,30347
32144,50397,30543
32188,50383,30741
32111,50311,30701
32178,50393,30791
32254,50391,30304
32180,50311,30582
32152,50396,30733
32228,50387,30615
32276,50391,30449
32220,50375,30650
32144,50301,30583
32182,50363,30751
32153,50349,30589
32132,50375,30605
32088,50383,30215
31984,50388,30461
32092,50397,30555
32236,50375,30540
32285,50302,30586
32213,50391,30530
32224,50375,30684
32206,50375,30207
32140,50375,30459
32172,50383,30551
32216,50375,30503
32160,50381,30619
32188,50383,30196
32390,50379,30290
32396,50308,30385
32323,50375,30274
32298,50357,30351
32301,50367,30327
32173,50375,30343
32204,50359,30377
32157,50373,30535
32072,50375,30051
32153,50295,30342
32240,50372,30339
32190,50365,30327
32096,50365,30367
32156,50363,30410
32128,50351,30492
32074,50319,30245
32156,50335,30327
32298,50353,30367
32284,50319,30228
32316,50356,30287
32408,50367,30175
32352,50287,29988
32236,50348,30379
32280,50359,30111
32302,50348,30149
32304,50343,30242
32438,50308,30243
32625,50357,30330
32584,50363,30281
32560,50303,30231
32548,50343,30281
32510,50349,30396
32400,50355,30247
32368,50343,30308
32240,50311,29891
32200,50344,30140
32328,50287,30130
32465,50356,29999
32404,50356,29909
32423,50356,30116
32472,50337,30120
32551,50343,30237
32540,50289,30078
32553,50341,30095
32488,50337,29673
32343,50345,29823
32300,50340,29900
32396,50296,29973
32372,50343,30069
32460,50347,29892
32592,50343,29940
32456,50343,29511
32325,50335,29661
32397,50320,29746
32445,50252,29757
32413,50343,29799
32372,50337,29748
32300,50343,29819
32404,50335,29613
32472,50347,29675
32648,50335,29740
32776,50285,29471
32740,50327,29415
32815,50311,29524
32684,50303,29557
32409,50324,29635
32262,50324,29416
32376,50343,29372
32405,50335,29501
32508,50341,29447
32484,50327,29255
32397,50321,29509
32345,50327,29068
32545,50327,29335
32685,50327,29475
32460,50327,29027
32381,50267,29255
32500,50311,29360
32532,50327,29335
32613,50333,29430
32676,50333,29047
32584,50255,29235
32448,50311,29440
32544,50311,29041
32673,50311,29228
32461,50319,29261
32436,50274,29282
32673,50333,29345
32660,50331,29053
32472,50283,29249
32621,50327,29250
32732,50269,29181
32504,50311,29204
32424,50303,29319
32586,50311,29248
32564,50311,29332
32585,50277,29292
32788,50311,29389
32737,50324,29071
32728,50311,29285
32621,50309,29371
32599,50311,29297
32545,50311,29263
32692,50307,29258
32633,50223,29256
32572,50303,29373
32586,50301,29386
32735,50228,29479
32664,50323,29427
32661,50311,29433
32928,50302,29421
32712,50279,29438
32404,50295,29353
32390,50307,29329
32396,50299,29430
32357,50303,29435
32472,50251,29511
32668,50311,29383
32692,50303,29647
32664,50311,29444
32652,50229,29880
32504,50301,29677
32364,50223,29872
32446,50301,30036
32412,50285,29924
32305,50257,30030
32248,50293,29919
32428,50303,30047
32381,50247,29980
32516,50311,30157
32696,50303,30332
32677,50287,30088
32665,50295,30263
32632,50293,30407
32448,50247,30351
32361,50268,30397
32453,50292,30290
32633,50303,30393
32652,50287,30487
32613,50301,30655
32652,50287,30580
32586,50295,30736
32372,50279,30635
32416,50285,30541
32472,50279,30668
32325,50302,30599
32292,50279,30559
32452,50244,30743
32456,50309,30532
32442,50287,30887
32532,50292,30957
32484,50293,31015
32360,50287,30908
32360,50239,31043
32365,50265,31211
32308,50271,31021
32380,50285,31133
32532,50223,31311
32464,50287,30818
32468,50269,31121
32582,50287,31370
32582,50279,30879
32432,50279,31120
32560,50263,31276
32644,50223,31335
32572,50276,31367
32572,50277,31303
32673,50279,31383
32740,50292,31401
32702,50215,31422
32717,50271,31431
32712,50271,31300
32606,50263,31589
32510,50263,31107
32532,50268,31331
32456,50277,31500
32388,50247,31511
32510,50271,31524
32528,50239,31463
32485,50268,31500
32549,50273,31517
32616,50183,31509
32664,50272,31572
32804,50267,31545
32705,50263,31495
32500,50259,31709
32233,50276,31495
32213,50271,31583
32276,50205,31731
32423,50269,31228
32544,50269,31445
32572,50183,31575
32380,50279,31645
32445,50252,31801
32420,50231,31455
32344,50259,31645
32485,50271,31813
32688,50279,31719
32528,50268,31807
32504,50279,31401
32639,50269,31780
32672,50271,31899
32488,50239,31686
32612,50253,31823
32552,50209,31879
32600,50263,31727
32541,50268,31815
32780,50213,31888
32828,50252,31943
32834,50236,31797
32700,50245,31941
32516,50255,31959
32544,50269,32103
32712,50247,32087
32830,50255,32241
32716,50261,32023
32733,50259,32135
32636,50212,32290
32540,50247,32173
32508,50263,32071
32790,50255,32133
32836,50253,32263
32620,50259,32070
32645,50219,32220
32608,50246,32316
32448,50261,32326
32385,50239,32355
32528,50263,32439
32648,50255,32567
32816,50261,32215
32824,50244,32375
32688,50247,32576
32704,50249,32585
32628,50237,32753
32664,50183,32601
32462,50252,32788
32500,50247,32527
32760,50263,32607
32808,50261,32775
32812,50183,32788
32756,50255,32943
32694,50247,32687
32605,50239,32839
32576,50231,32988
32468,50239,32916
32374,50247,32879
32328,50255,32925
32556,50205,33007
32428,50239,33172
32376,50247,32735
32252,50235,33106
32004,50239,33205
31554,50247,32895
31135,50243,33146
30641,50223,33239
29997,50239,33241
29340,50221,33396
29109,50241,33287
29196,50179,33201
29559,50244,33505
30188,50167,33071
30960,50220,33251
31664,50231,33377
32446,50217,33429
32980,50221,33620
33380,50183,33175
33795,50231,33514
34704,50223,33695
35948,50220,33228
37424,50230,33485
39062,50225,33616
40414,50215,33655
41212,50183,33799
41461,50204,33380
41560,50215,33591
41033,50215,33817
40436,50221,33799
40046,50223,33961
39281,50221,33815
38214,50183,33859
37111,50229,33852
35997,50225,33869
34924,50244,34043
34244,50237,33975
33584,50221,34139
33084,50231,33991
32826,50231,33885
32680,50177,33839
32589,50237,34009
32388,50231,34087
32136,50231,34079
31944,50228,34257
31677,50229,34165
31816,50234,34183
31927,50221,34181
31596,50213,34201
31513,50215,34191
31632,50221,34133
31694,50229,34247
31697,50231,34199
31700,50227,34295
31724,50221,34359
31632,50229,34430
31664,50215,34439
31688,50175,34581
31605,50209,34491
31637,50223,34599
31732,50223,34356
31728,50223,34401
31576,50223,34468
31676,50183,34706
31736,50217,34583
31648,50213,34740
31686,50145,34628
31732,50209,34745
31425,50196,34629
31401,50215,34737
31544,50204,34415
31548,50215,34639
31424,50175,34766
31586,50205,34677
31682,50215,34523
31709,50215,34582
31796,50183,34534
31856,50167,34719
31700,50204,34695
31670,50205,34779
31794,50207,34703
31670,50141,34751
31672,50167,34724
31808,50212,34737
32014,50196,34847
31956,50127,34749
31988,50183,34819
31941,50203,34633
31856,50183,34572
31918,50207,34317
31973,50207,34625
32058,50205,34648
32128,50183,34723
32190,50199,34391
32171,50183,34593
31825,50205,34695
31784,50197,34719
31840,50183,34831
31765,50143,34759
31744,50183,34895
31782,50199,34765
31864,50196,34885
32064,50180,34765
32204,50183,34895
32377,50151,34767
32228,50183,34868
32084,50181,34743
32094,50140,34860
31950,50170,34747
31982,50180,34703
32157,50121,34620
32113,50204,34709
32172,50183,34865
32087,50183,34733
32042,50172,34843
31942,50183,34711
31989,50183,34756
32104,50183,34676
32100,50183,34685
32093,50165,34591
32212,50183,34700
32308,50177,34787
32161,50119,34692
32230,50183,34692
32388,50179,34687
32300,50133,34797
32252,50183,34690
32368,50171,34791
32338,50175,34624
32202,50180,34629
32414,50179,34572
32612,50132,34647
32708,50183,34223
32642,50175,34725
32462,50173,34631
32361,50111,34791
32432,50181,34617
32400,50167,34669
32231,50159,34596
32216,50171,34579
32277,50173,34695
32317,50180,34619
32381,50181,34508
32644,50183,34654
32818,50175,34578
32788,50183,34756
32801,50159,34589
32872,50109,34543
32886,50157,34581
32800,50165,34603
33073,50167,34767
33173,50167,34374
32904,50175,34437
32980,50159,34556
33104,50152,34583
32985,50095,34737
33132,50157,34139
32913,50159,34441
32752,50095,34663
32716,50173,34593
32884,50157,34719
32863,50165,34596
32748,50135,34631
32984,50142,34573
33065,50151,34535
32964,50164,34407
32860,50149,34339
32908,50156,34499
32894,50151,34597
32853,50095,34559
33092,50165,34548
33048,50159,34557
32808,50127,34671
32732,50151,34567
32836,50148,34704
32820,50116,34551
32504,50147,34719
32332,50147,34574
32220,50141,34702
32192,50151,34112
32260,50148,34712
32201,50148,34560
32165,50157,34612
32263,50147,34519
32388,50159,34607
32196,50151,34580
32108,50143,34664
32318,50085,34559
32174,50154,34684
31978,50151,34551
32034,50137,34503
32056,50157,34526
32192,50109,34436
32350,50149,34487
32372,50156,34567
32582,50087,34521
32649,50121,34607
32516,50140,34579
32332,50143,34652
32392,50143,34559
32444,50143,34645
32340,50141,34207
32272,50155,34423
32228,50147,34527
32372,50148,34535
32284,50119,34673
32248,50141,34557
32226,50135,34401
32098,50119,34532
32144,50145,34461
32309,50140,34471
32464,50135,34455
32428,50167,34647
32429,50148,34567
32455,50140,34635
32492,50087,34593
32524,50143,34727
32584,50133,34593
32448,50135,34735
32473,50143,34146
32668,50135,34462
32756,50084,34543
32879,50147,34601
32925,50079,34733
32992,50133,34277
32800,50133,34465
32676,50119,34555
32685,50129,34479
32484,50135,34509
32572,50105,34509
32724,50143,34638
32472,50141,34634
32538,50151,34731
32585,50133,34670
32900,50136,34695
32820,50117,34501
32862,50126,34521
32933,50133,34311
32820,50126,34655
32565,50145,34639
32508,50135,34684
32620,50140,34782
32520,50151,34770
32748,50133,34929
32884,50141,34773
32992,50132,34644
32992,50133,34831
32988,50117,34863
32831,50127,34742
32984,50055,34839
33113,50135,34853
33047,50135,35027
32933,50149,34487
32900,50135,34789
32984,50066,34996
32898,50123,34993
32925,50127,35163
32880,50140,35015
32868,50127,34876
32909,50143,35175
32924,50132,34685
32857,50151,35101
32868,50133,35143
32946,50135,35079
32974,50131,35085
32846,50095,35316
32808,50119,35146
32953,50107,35207
32968,50125,35152
32900,50096,35244
32972,50119,35213
32973,50140,35090
32801,50127,34909
32943,50062,35293
33145,50119,35139
33341,50127,35433
33312,50125,35289
33311,50109,35293
33193,50119,35148
33150,50101,35389
33324,50111,34893
33281,50071,35295
32992,50135,35476
33052,50133,34911
33244,50093,35207
33254,50139,35175
33240,50113,35364
33184,50114,35140
33252,50071,35333
33245,50129,35503
33448,50125,34927
33467,50122,35265
33348,50071,34983
33452,50135,35297
33244,50119,35446
33252,50044,35410
33352,50127,35551
33392,50116,35401
33129,50110,35428
33144,50125,34973
33189,50118,35556
33338,50111,35431
33249,50135,35429
33116,50103,35433
33216,50127,35359
33241,50113,35406
33172,50115,35332
33182,50119,35449
33064,50119,35351
32932,50116,35039
33104,50116,35330
33289,50111,35476
33244,50135,35516
33280,50124,35525
33316,50111,35620
33388,50092,35539
33356,50119,35703
33636,50109,35580
33584,50099,35619
33136,50055,35428
33048,50119,35268
32929,50119,35753
32990,50132,35621
33098,50055,35601
33368,50117,35476
33255,50119,35637
33273,50105,35757
33380,50103,35572
33392,50106,35319
33248,50055,35791
33308,50079,35709
33345,50133,35756
33220,50119,35633
33108,50119,35407
33124,50093,35858
33160,50127,35773
33192,50124,35737
33248,50119,35719
33224,50108,35797
33060,50111,35965
33017,50125,35856
32913,50047,35980
33064,50141,35871
33222,50119,35975
33408,50116,35905
33424,50049,35989
33228,50119,35933
33425,50101,36047
33464,50111,35925
33432,50117,35847
33540,50055,36047
33401,50087,36033
33345,50132,36174
33217,50119,36073
33268,50119,36245
33265,50119,36103
33225,50117,36157
33308,50111,36151
33288,50097,36263
33084,50116,36167
33008,50119,36148
33264,50055,36233
33230,50119,36223
33007,50121,36375
33102,50117,36264
33160,50119,36343
33229,50119,35833
33332,50103,36377
33250,50109,36287
33117,50105,36479
33188,50055,36341
33253,50127,36349
33192,50119,36356
33336,50119,36517
33478,50119,36403
33448,50117,36431
33303,50047,36403
33214,50110,36437
33365,50109,36522
33383,50119,36433
33248,50115,36356
33112,50055,36615
32956,50125,36508
33014,50116,36487
33250,50119,36479
33304,50055,36212
33266,50115,36659
33220,50103,36549
33260,50087,36722
33328,50119,36587
33380,50125,36591
33377,50087,36452
33248,50125,36138
33260,50119,36775
33448,50119,36637
33532,50119,36785
33641,50111,36655
33732,50109,36676
33532,50111,36501
33048,50119,36306
32956,50103,36607
33156,50108,36463
33241,50116,36518
33284,50119,36695
33312,50051,36560
33332,50119,36645
33262,50109,36655
33352,50101,36727
33313,50100,36583
33228,50053,36757
33324,50127,36703
33344,50107,36749
33329,50119,36685
33424,50127,36327
33255,50039,36769
33028,50125,36767
33196,50097,36876
33173,50093,36773
33173,50103,36839
33164,50113,36445
33188,50109,36757
33032,50119,36300
32837,50055,36837
32924,50135,36785
33096,50108,36903
33124,50119,36791
33101,50047,36971
32994,50103,36831
32928,50108,36847
33026,50111,36772
33161,50077,36899
33340,50111,36815
33381,50111,36917
33377,50123,36839
33492,50117,36953
33324,50111,36821
33384,50053,36868
33438,50117,36799
33396,50105,36927
33300,50036,36871
33526,50127,36971
33768,50109,36908
33736,50127,37039
33752,50079,36931
33625,50100,37077
33469,50119,36428
33327,50111,36798
33388,50100,36885
33552,50111,36839
33340,50111,37077
33326,50109,36557
33284,50045,36841
33376,50135,36967
33328,50099,36853
33294,50117,37023
33288,50097,36973
33345,50111,37139
33460,50111,36988
33384,50117,37007
33344,50119,36759
33413,50119,36947
33388,50053,36508
33496,50132,37063
33617,50117,36935
33424,50111,36846
33401,50077,36946
33336,50117,36904
33352,50105,37103
33270,50037,36983
33089,50117,37033
33140,50115,36783
33236,50119,36812
33116,50055,36955
33228,50119,36969
33332,50116,37039
33238,50045,36615
33200,50116,36807
33300,50117,36943
33310,50049,36869
33364,50117,37025
33232,50119,36943
33032,50111,36991
32704,50087,36975
32376,50111,37127
32040,50119,36944
31451,50117,36967
30918,50119,36935
30532,50103,36957
30140,50061,37051
29949,50133,36994
30206,50119,37153
30833,50046,36495
31404,50127,37145
32070,50103,36978
33124,50119,36925
33856,50109,37012
34508,50108,36990
35105,50105,37117
35592,50116,37044
36446,50100,36884
38088,50071,36967
39492,50115,36917
40716,50109,37015
41628,50119,37007
42388,50097,37205
42148,50108,37069
41700,50111,37173
41269,50111,36773
40561,50106,37053
39522,50119,37185
38759,50118,37087
37820,50125,37215
36692,50119,36740
36024,50127,37031
35292,50140,37189
34416,50071,37081
33814,50130,37223
33450,50135,36850
33248,50109,37191
33148,50143,36839
32846,50120,36973
32844,50132,36839
32840,50109,36948
32780,50141,37033
32872,50119,36997
32704,50135,37074
32388,50129,36940
32324,50063,36583
32284,50141,37059
32036,50127,36843
32054,50116,36917
32256,50141,37097
32324,50149,37051
32372,50135,37111
32400,50089,37021
32116,50126,37103
31964,50133,37055
32004,50119,36871
32088,50101,37087
32048,50128,37095
32203,50131,37223
32192,50143,36989
32112,50141,37155
32152,50135,37219
32180,50127,37149
32280,50119,37260
32185,50135,37201
32256,50119,37300
32301,50053,37199
32217,50141,37371
31992,50134,37247
31972,50135,37382
31935,50139,37263
32177,50076,37383
32236,50138,37293
32116,50127,37445
32124,50119,37313
32092,50127,37380
32028,50055,37286
31932,50143,37402
31953,50111,37267
32112,50141,37159
32216,50143,37445
32253,50103,37423
32373,50149,37589
32348,50133,37449
32094,50132,37565
32028,50127,37116
31935,50119,37383
32012,50134,37511
32164,50139,37573
32300,50055,37594
32082,50133,37775
32228,50148,37639
32466,50120,37653
32397,50125,37733
32265,50055,37757
32257,50141,37927
32080,50111,37804
31927,50141,37845
32052,50127,37893
31903,50101,37909
31900,50101,37925
32111,50143,37929
32374,50143,37991
32568,50127,38077
32496,50131,37975
32401,50123,38065
32369,50135,38223
32328,50092,38079
32092,50127,37669
32214,50151,38343
32132,50135,38205
32312,50137,38183
32522,50139,38237
32460,50143,37781
32252,50135,38511
32489,50133,38391
32608,50055,38383
32432,50111,38437
32421,50135,38118
32486,50135,38500
32444,50109,38377
32429,50141,38607
32556,50151,38591
32636,50135,38773
32712,50135,38615
32509,50143,38679
32265,50130,38567
32252,50133,38605
32181,50149,38733
32436,50149,38823
32525,50084,38681
32728,50153,38835
32837,50143,38951
33034,50135,38829
32929,50133,38871
32919,50091,38822
32847,50132,38919
32708,50139,39095
32706,50143,38978
32673,50143,39003
32740,50131,38883
32816,50159,39023
33208,50151,39135
33256,50143,38991
33022,50135,39097
33005,50067,39244
33024,50147,39149
32960,50149,39255
33000,50133,39121
33253,50145,39235
33300,50095,39345
33396,50103,39196
33524,50140,39317
33498,50136,39452
33356,50139,39260
33017,50135,38933
32912,50087,39503
32768,50149,39415
32924,50140,39572
33125,50143,39455
33141,50131,39519
33260,50143,39684
33225,50069,39537
33124,50151,39643
32982,50143,39431
32952,50130,39035
32873,50135,39758
32769,50130,39467
32606,50132,39625
32660,50139,39718
32724,50149,39641
32712,50135,39681
32773,50133,39612
33076,50139,39618
32712,50143,39557
32110,50135,39503
32151,50127,39687
32092,50143,39743
32076,50131,39607
32148,50157,39398
32068,50141,39711
31966,50143,39751
32136,50151,39955
32208,50143,39735
32044,50069,39842
32105,50143,39805
32156,50130,39933
31957,50071,39789
31944,50133,39855
32030,50141,39823
32239,50153,39935
32192,50101,39847
32159,50151,39997
32015,50151,39868
32158,50143,39982
32405,50111,39871
32504,50147,39964
32268,50143,39759
32018,50140,39333
32153,50148,39919
32020,50143,39685
31973,50156,40054
32057,50143,39935
32012,50151,39962
31869,50107,39799
31838,50140,39879
31958,50141,40095
31888,50139,39976
31941,50140,40095
32072,50093,39911
32012,50143,40087
31927,50145,39935
32164,50151,39988
32161,50084,39869
32152,50150,39678
32112,50129,39957
32136,50147,40028
32113,50140,40177
32094,50103,40061
32321,50157,40243
32225,50151,40103
32250,50159,40183
32364,50140,39989
32256,50157,39615
31951,50151,40284
31992,50143,40167
31981,50135,40333
32057,50151,40109
32032,50151,39657
32117,50142,40321
31976,50133,40259
31960,50157,40300
32016,50159,40359
32265,50151,40292
32324,50147,40423
32096,50143,40258
32016,50145,40357
32052,50069,40309
32058,50175,40409
32132,50156,40431
31968,50159,40574
31972,50164,40444
32254,50135,40508
32220,50151,40357
32252,50151,40479
32452,50143,40617
32440,50127,40532
32263,50159,40751
32020,50149,40596
32071,50157,40673
31976,50100,40567
32213,50165,40300
32121,50157,40830
32082,50148,40685
32108,50151,40777
32224,50149,40711
32345,50149,40741
32250,50149,40725
32329,50113,40902
32278,50151,40751
32231,50156,40927
32168,50127,40783
32368,50167,40859
32361,50149,40793
32072,50151,40946
32040,50111,40783
31998,50127,40934
32168,50151,40775
32204,50157,40735
32144,50135,40757
32370,50151,40964
32358,50155,40791
32576,50109,40876
32608,50151,40759
32340,50148,40811
32272,50148,40681
32243,50135,40207
32278,50149,40839
32308,50148,40255
32384,50151,40815
32319,50117,40743
32305,50143,40839
32265,50148,40763
32380,50076,40925
32736,50151,40755
32732,50127,40809
32448,50143,40743
32668,50141,40833
32477,50130,40684
32196,50149,40735
32204,50149,40711
32133,50079,40860
32176,50149,40718
32221,50135,40891
32359,50143,40711
32380,50095,40737
32296,50135,40705
32017,50148,40822
32118,50071,40701
32292,50146,40727
32445,50143,40581
32637,50151,40721
32632,50101,40805
32292,50147,40711
32111,50143,40868
32149,50079,40735
32236,50131,40861
32192,50135,40697
32049,50140,40895
32129,50111,40724
32076,50151,40773
32168,50137,40652
32236,50141,40805
32356,50103,40711
32272,50143,40735
32476,50143,40831
32474,50127,40699
32288,50133,40111
32216,50067,40839
32277,50151,40721
32194,50125,40711
32180,50151,40885
32326,50135,40629
32292,50092,40725
32101,50151,40876
32236,50127,40703
32212,50127,40693
31956,50087,40725
31975,50119,40695
32044,50149,40703
32148,50140,40741
32173,50135,40664
32372,50135,40711
32604,50079,40596
32405,50141,40187
32320,50127,40823
32468,50137,40639
32128,50071,40711
32068,50141,40551
32021,50132,40303
31988,50140,40796
32144,50125,40620
32408,50135,40621
32632,50133,40671
32545,50133,40582
32276,50143,40731
32140,50127,40541
32137,50055,40660
32164,50127,40564
32279,50127,40685
32187,50139,40519
32140,50141,40687
32388,50135,40509
32452,50117,40623
32502,50135,40466
32240,50134,40486
31960,50127,40125
31868,50063,40535
31997,50149,39868
32058,50121,40355
31982,50125,40495
32160,50149,40423
32428,50143,40579
32457,50053,40434
32420,50135,40573
32448,50122,40426
32229,50055,40569
32104,50103,40422
32002,50143,40544
32056,50071,40286
32372,50143,40351
32540,50125,40479
32590,50135,40407
32448,50119,40484
32364,50113,40261
32231,50116,40215
32260,50119,40285
31949,50087,40349
31996,50119,40293
32108,50117,40380
32220,50085,40281
32332,50144,40393
32281,50122,40250
32290,50135,40399
32148,50135,40401
32224,50119,40417
32140,50079,40364
32248,50127,40412
32173,50119,40390
32076,50127,40501
32024,50061,40260
31960,50143,40399
32152,50127,40281
32220,50124,40479
32232,50124,40361
32092,50119,40548
32200,50110,40373
32012,50079,40445
31810,50133,40221
31944,50119,40356
32164,50135,40279
32404,50087,39831
32452,50133,40386
32369,50117,39743
32536,50117,40423
32596,50081,40343
32444,50119,40527
32056,50117,40343
32048,50039,40387
32316,50119,40278
32508,50127,40348
32574,50127,40517
32765,50127,40319
32768,50044,39750
32520,50119,40412
32681,50111,40324
32833,50111,40373
32692,50111,40348
32544,50075,40455
32608,50114,40282
32481,50109,39863
32538,50126,40533
32500,50109,40329
32324,50111,40388
32324,50119,40261
32398,50111,40377
32356,50103,40436
32229,50107,40340
32148,50117,40446
32340,50111,40231
32381,50127,39865
32368,50071,40479
32484,50116,40375
32470,50101,40469
32444,50104,40309
32473,50111,39799
32424,50055,40521
32296,50087,40348
32269,50111,40549
32355,50111,40333
32353,50117,40398
32484,50091,40223
32708,50111,40267
32592,50045,40429
32560,50103,39783
32609,50101,40425
32680,50044,40335
32512,50109,40519
32264,50097,40323
32192,50109,40376
32173,50037,39799
32121,50116,40319
32133,50103,39693
32136,50101,40396
31848,50028,40269
31535,50097,40413
31261,50084,40121
30809,50095,40217
30183,50031,40125
29729,50079,40199
29183,50111,40069
28886,50064,40199
29094,50131,40015
29690,50103,40181
30357,50041,40115
31046,50101,39983
31879,50087,40079
32707,50055,40047
33412,50095,40133
34308,50095,39381
34940,50063,39929
35772,50103,39887
37090,50087,40020
38408,50085,39839
39617,50084,39973
40500,50031,39773
41113,50083,39887
41160,50077,39679
40904,50087,39703
40500,50087,39540
39885,50079,39527
39189,50095,39639
38348,50095,39431
37471,50095,39556
36453,50069,39329
35471,50105,39303
34652,50103,39109
33925,50103,39103
33345,50095,39047
32845,50093,38976
32332,50111,39095
32092,50119,38855
31992,50054,38925
31965,50103,38711
31836,50103,38645
31780,50095,38525
31768,50095,38449
31589,50095,38459
31544,50092,38193
31618,50063,37988
31677,50109,38021
31503,50095,37724
31434,50099,38055
31472,50036,37292
31385,50103,37615
31436,50087,37594
31497,50085,37383
31356,50093,37509
31348,50088,37313
31453,50073,37228
31449,50020,37053
31396,50103,36932
31481,50087,36987
31620,50077,36839
31614,50093,36743
31567,50025,36596
31620,50084,36487
31540,50095,36487
31468,50085,36313
31592,50079,36231
31661,50093,35959
31649,50087,35996
31756,50081,35917
31868,50079,35833
31900,50071,35772
31896,50071,35652
31972,50065,35484
31960,50076,35431
31904,50073,35235
31917,50055,35091
31925,50071,34843
31816,50085,34775
31888,50079,34599
32000,50079,34125
31953,49988,34439
31972,50004,34156
31992,50079,34093
31880,50065,33763
31769,50055,33519
31840,50069,33265
31840,50077,32978
31748,50004,32791
31740,50040,32439
31820,50079,32512
31836,50055,31925
31816,50055,32044
31802,50015,31684
31653,50071,31529
31657,50055,31071
31820,50055,31314
31832,50068,31015
31790,50071,30965
32012,50069,30644
32150,50054,30444
31974,50055,30265
31900,49983,30037
31984,50047,29780
32012,50050,29637
31869,50021,29349
31852,50054,29108
31848,50055,29055
31801,50060,28877
31808,50055,28677
31917,50031,28435
31963,50055,28092
32005,50051,28122
32164,50036,27813
32205,49981,27725
32192,50055,27396
32345,50039,27091
32465,50051,26893
32405,50047,26759
32424,50053,26647
32324,50023,26318
32160,50037,25999
32116,50037,25701
32128,50039,25422
31959,50037,25445
31944,50020,25223
32180,50047,25127
32316,50038,24799
32410,50041,24673
32568,50039,24349
32642,49957,24006
32596,50047,23836
32568,50044,23687
32540,50023,23474
32359,50023,23186
32168,50031,22839
32254,50032,22893
32329,49969,22574
32374,50045,22337
32514,50034,22100
32528,50031,21785
32528,50015,21649
32557,49983,21373
32712,50023,21254
32692,50017,21060
32702,50015,20913
32764,50023,20543
32912,49999,20349
32780,50028,20197
32725,50017,19961
32744,50013,19824
32752,50013,19534
32868,49927,19614
33028,50019,19354
32908,50007,19236
32769,50007,19029
32777,49943,18919
32928,50007,18705
33023,50015,18430
33142,50004,18235
33072,50007,18127
32799,49999,18137
32710,49999,17988
32778,49991,17729
32788,49927,17615
32748,50006,17465
32858,49993,17605
32884,49995,17344
32798,50007,17093
32801,49999,16996
32828,49927,16871
32668,50004,16741
32532,49991,16631
32468,49913,16693
32332,49983,16573
32173,49993,16297
32140,49927,16514
32088,49997,16279
32125,49991,16267
32276,49999,16115
32358,49989,15871
32208,49917,15865
32012,49964,15713
31932,49983,15682
31773,49975,15572
31698,49982,15549
31760,49948,15605
31840,49927,15395
31816,49997,15540
31910,49980,15295
32048,49981,15255
31972,49919,15223
31932,49978,15189
32030,49971,15144
31956,49967,15229
31824,49981,15108
31854,49911,15316
31920,49975,15212
31916,49973,15123
32035,49983,15191
32236,49927,15067
32220,49981,15177
32176,49967,15145
32233,49961,15019
32112,49959,15194
32072,49951,15215
32120,49959,15220
32196,49973,15097
32140,49967,15263
32056,49885,15360
31959,49972,15333
31966,49965,15465
31964,49951,15444
32048,49951,15335
32030,49927,15555
31913,49949,15643
31968,49963,15517
32088,49927,15586
32020,49967,15681
32109,49957,15899
32206,49911,15962
32234,49968,16058
32104,49957,16100
32052,49949,16207
31972,49959,16172
31912,49967,16325
32029,49957,16353
32062,49895,16469
32060,49967,16560
32194,49965,16651
32374,49959,16763
32280,49957,16858
32157,49959,17245
32137,49956,17044
32032,49947,17193
32024,49883,17313
32132,49959,17559
32196,49959,17779
32173,49956,17600
32200,49959,17823
32300,49955,18132
32180,49963,17985
32135,49939,18215
32184,49941,18404
32161,49943,18475
32029,49944,18399
32140,49951,18781
32304,49953,18642
32336,49957,18757
32380,49959,18917
32420,49923,19159
32388,49951,19380
32284,49957,19199
32212,49959,19492
32196,49951,19757
32156,49927,19527
32229,49957,19670
32223,49956,19784
32140,49959,19911
32322,49969,19943
32456,49959,20204
32548,49949,20220
32536,49943,20348
32524,49956,20421
32321,49895,20557
32053,49959,20917
32097,49959,20811
32108,49891,20838
32094,49969,21193
32129,49965,21044
32304,49957,21311
32233,49940,21284
32149,49963,21326
32201,49927,21597
32220,49927,21781
32157,49961,21617
32308,49961,21906
32356,49972,21929
32338,49967,21984
32472,49961,22213
32525,49959,22177
32448,49974,22303
32356,49959,22487
32445,49957,22343
32455,49919,22580
32421,49967,22835
32362,49955,22842
32360,49961,22813
32404,49901,23145
32540,49979,23079
32618,49967,22996
32553,49973,23397
32572,49900,23274
32620,49965,23427
32585,49963,23485
32512,49967,23405
32612,49903,23667
32692,49980,23684
32540,49975,23623
32503,49983,23901
32560,49987,24031
32557,49974,24037
32616,49967,24014
32720,49909,24069
32700,49955,24217
32668,49981,24327
32676,49927,24441
32756,49988,24517
32752,49981,24535
32672,49955,24541
32672,49988,24663
32676,49987,24796
32716,49927,24821
32820,49978,24929
32758,49980,24975
32612,49908,25108
32614,49991,25261
32676,49987,25396
32624,49984,25308
32698,49991,25413
32840,49951,25567
32813,49981,25593
32797,49991,25767
32850,49975,25902
32836,49967,25966
32756,49996,26199
32796,49943,26143
32868,50007,26367
32801,50007,26315
32812,49927,26551
32928,49988,26503
32912,50007,26676
32871,49988,26677
32905,49967,26839
32770,50003,26848
32672,50013,27031
32724,50005,27047
32756,49951,27220
32709,50005,27013
32736,50015,27165
32821,49956,27324
32813,50007,27429
32720,50003,27621
32723,49943,27655
32644,49998,27859
32620,50011,27783
32680,50011,27800
32726,49959,27897
32652,50031,27749
32754,50021,27942
32924,49965,28105
32890,50023,28129
32705,50015,28268
32727,50023,28389
32728,49991,28167
32684,50028,28551
32716,50020,28344
32636,50039,28679
32505,50052,28685
32501,50037,28817
32572,50039,28959
32616,50028,28692
32616,49965,28841
32623,50031,28993
32644,50023,29058
32665,50036,29087
32844,49975,29063
33068,50013,28935
33119,50039,29357
33044,50047,29372
33036,49967,29557
32948,50055,29481
32844,50031,29535
32929,50031,29573
32902,50052,29700
32808,50044,29655
32825,50055,29765
32900,50055,29725
32900,50055,29897
32997,50055,29822
33088,50055,29996
33044,50071,29879
32996,50051,30023
32988,50007,29951
32944,50052,29911
32884,50036,30172
32836,50063,30068
32814,50055,30188
32712,50076,30111
32708,50028,30277
32884,50071,30202
32828,50055,30159
32763,50071,30210
32766,50007,30183
32725,50071,30208
32692,50075,30191
32789,50071,30363
32972,50077,30457
32996,50079,30607
33009,50055,30492
33100,50089,30654
32964,50079,30265
32797,50072,30484
32986,50047,30534
33032,50055,30605
32824,50087,30783
32772,50079,30716
32766,50102,30852
32704,50101,30757
32800,50097,30757
32933,50055,30565
32836,50109,30829
32588,50092,30845
32327,50095,30885
32005,50100,30855
31620,50107,30812
31254,50105,30548
30828,50103,31074
30220,50069,30916
29700,50119,30871
29414,50119,30940
29465,50093,30980
29702,50095,31030
30192,50107,30972
30730,50111,30845
31232,50127,30956
31889,50119,31049
32636,50119,31110
33324,50109,31255
34361,50135,30773
35754,50127,30964
37101,50127,31133
38356,50132,31201
39782,50116,31317
41116,50117,31215
41884,50127,31093
42096,50129,31335
41975,50133,31301
41493,50135,31239
40920,50116,31477
40249,50129,30996
39324,50139,31222
38269,50137,31385
37316,50141,31447
36209,50140,31380
35160,50151,31486
34322,50151,31511
33730,50159,31527
33228,50167,31471
32916,50164,31508
32807,50093,31571
32564,50156,31614
32240,50165,31759
32132,50077,31638
32031,50159,31732
31892,50156,31633
31888,50167,31823
31972,50082,31697
31980,50165,31673
31876,50173,31580
31898,50167,31437
31863,50117,31597
31828,50179,31683
31862,50159,31591
31796,50164,31709
31765,50165,31733
31777,50157,31798
31804,50173,31789
31777,50119,31751
31748,50180,31732
31664,50164,31512
31652,50175,32004
31648,50173,31845
31610,50151,31895
31620,50171,31831
31609,50167,31781
31636,50172,31898
31776,50179,31901
31728,50151,31951
31740,50183,31709
31916,50173,31663
31976,50183,31780
31936,50183,31792
31970,50169,31847
31976,50173,31892
31974,50183,32039
32040,50147,31901
32198,50183,31936
32141,50183,31831
32141,50183,31732
32244,50183,32001
32196,50169,31869
31980,50183,32018
32036,50175,31903
32092,50183,31886
32021,50183,31824
32029,50166,31815
32074,50205,31859
32032,50183,31636
32108,50183,31751
32206,50199,31849
32198,50127,31957
32166,50207,31855
32156,50183,31718
32142,50183,31723
31952,50199,31697
31996,50180,31782
32052,50183,31684
32165,50214,31759
32293,50215,31687
32420,50183,31844
32460,50212,31807
32403,50213,31751
32448,50183,31789
32360,50199,31783
32112,50151,31724
32040,50215,31750
32100,50209,31789
32092,50223,31905
32088,50209,31767
32202,50215,31871
32224,50211,31742
32210,50219,31833
32316,50171,31713
32342,50198,31769
32232,50215,31677
32224,50213,31606
32312,50215,31543
32252,50223,31585
32200,50235,31591
32263,50215,31634
32308,50215,31559
32284,50143,31699
32289,50215,31538
32316,50215,31461
32277,50223,31439
32324,50239,31447
32413,50223,31396
32420,50239,31404
32384,50223,31260
32393,50228,31269
32440,50221,31300
32424,50156,31065
32432,50212,31229
32437,50223,31308
32340,50215,31207
32356,50220,31215
32468,50221,31113
32460,50245,31111
32541,50242,31087
32708,50225,31071
32772,50223,30774
32692,50215,31075
32716,50233,30965
32664,50219,31053
32612,50235,30865
32676,50215,30735
32856,50247,30471
32861,50229,30904
32756,50245,30774
32876,50247,30810
32988,50183,30710
32964,50243,30717
32968,50231,30640
32920,50231,30683
32796,50207,30588
32813,50239,30631
32944,50239,30171
33017,50199,30435
33080,50243,30095
33200,50247,30557
33264,50247,30364
33136,50247,30294
33114,50243,30317
33036,50239,30364
32940,50247,30268
32877,50224,30349
32880,50243,30190
32748,50215,30148
32748,50253,29971
32848,50237,30078
32761,50247,30215
32608,50183,30051
32700,50247,30151
32649,50231,29971
32505,50247,30092
32500,50238,29935
32560,50249,30028
32468,50261,29749
32360,50269,29783
32376,50253,29797
32280,50260,29857
32145,50253,29415
32136,50255,29618
32184,50249,29580
32128,50263,29604
32057,50251,29717
32124,50180,29574
32036,50263,29379
31924,50265,29473
31937,50261,29497
31942,50263,29283
31897,50279,29316
31936,50261,29387
31992,50259,29470
31946,50267,29233
32028,50269,29284
32192,50263,29383
32200,50237,28895
32132,50279,29165
32164,50263,29172
32208,50183,29100
32164,50279,28935
32209,50258,28984
32304,50255,28993
32247,50259,28921
32201,50269,28916
32276,50239,29039
32270,50279,28547
32332,50269,28649
32496,50204,28791
32533,50279,28738
32469,50269,28719
32532,50268,28798
32478,50257,28619
32356,50196,28570
32280,50271,28711
32373,50276,28524
32297,50204,28324
32288,50287,28413
32453,50268,28445
32574,50273,28268
32532,50279,28235
32560,50254,28295
32356,50269,28374
32129,50271,28311
32170,50183,28153
32304,50287,28151
32364,50279,28271
32397,50269,27825
32488,50255,27954
32452,50277,28019
32364,50279,28083
32326,50276,28031
32377,50269,27756
32416,50263,27863
32392,50263,27863
32598,50274,27943
32524,50279,28046
32448,50285,27581
32615,50215,27805
32716,50287,27915
32708,50279,27521
32690,50287,27627
32705,50261,27687
32560,50284,27737
32408,50287,27726
32438,50269,27714
32416,50237,27816
32416,50293,27684
32564,50284,27655
32644,50277,27500
32636,50279,27537
32789,50276,27499
32836,50271,27311
32552,50281,27476
32341,50285,27505
32317,50285,27399
32252,50293,27478
32232,50207,27543
32336,50289,27471
32493,50285,27398
32464,50279,27260
32568,50276,27407
32658,50255,27521
32572,50271,27577
32585,50287,27532
32692,50223,27455
32724,50236,27393
32694,50286,27383
32608,50285,27460
32532,50279,27357
32464,50287,27572
32613,50277,27666
32604,50253,27662
32566,50271,27796
32588,50204,27373
32548,50271,27533
32523,50271,27730
32579,50269,27775
32671,50207,27749
32656,50279,27968
32609,50277,27757
32660,50277,27879
32732,50269,27736
32668,50261,27860
32737,50279,27925
32807,50279,27984
32740,50215,28055
32748,50277,28027
32849,50244,28117
32867,50276,28157
32784,50279,28277
32720,50213,28205
32560,50277,28098
32528,50268,28268
32594,50276,28028
32714,50277,28311
32804,50247,28437
32768,50271,28452
32906,50285,28565
33016,50285,28405
32927,50277,28529
32904,50215,28709
32809,50277,28292
32574,50272,28531
32520,50212,28655
32616,50268,28679
32633,50271,28729
32679,50274,28775
32772,50261,28875
32779,50268,28829
32705,50271,28799
32775,50247,28795
32840,50263,28863
32711,50261,28967
32673,50181,28969
32752,50279,29035
32809,50271,29039
32872,50223,29052
32994,50263,28799
33020,50285,29095
32805,50260,29119
32780,50228,29167
32710,50269,29319
32596,50271,29204
32696,50205,29319
32932,50271,28911
32948,50277,29087
32946,50279,29325
32926,50276,28946
32800,50263,29299
32664,50271,29301
32728,50263,29335
32752,50261,29005
32677,50252,29325
32571,50263,29521
32704,50211,29295
32693,50249,29390
32724,50273,29377
32888,50273,29340
32840,50271,29284
32712,50222,29347
32724,50256,29415
32724,50253,29588
32605,50239,29116
32460,50261,29436
32444,50257,29445
32592,50200,29540
32676,50269,29335
32668,50267,29351
32641,50267,29413
32684,50255,29446
32768,50247,29555
32764,50265,29300
32752,50271,29351
32784,50261,29457
32920,50207,29490
32936,50271,29483
32957,50263,29505
33089,50258,29663
33053,50267,29549
32884,50183,29605
32876,50263,29598
32936,50247,29750
32884,50253,29263
32785,50263,29623
32860,50255,29308
32849,50217,29541
32888,50269,29593
33038,50260,29507
33061,50255,29612
32972,50271,29543
32952,50255,29661
32918,50183,29743
32840,50249,29880
32836,50183,29447
32840,50259,29700
32884,50260,29683
32897,50221,29959
33140,50260,29838
33261,50255,29883
33212,50258,29663
33210,50247,29789
33096,50183,29622
32996,50247,30036
32938,50247,29950
32997,50252,29967
33022,50253,29937
32988,50261,29989
32964,50228,30129
32984,50255,30027
32978,50183,29994
33044,50247,29908
33053,50236,29793
32929,50244,30269
32908,50236,30087
32976,50183,30065
32844,50260,30037
32572,50233,29863
32344,50255,30321
32020,50181,30244
31550,50254,30343
31032,50241,29909
30489,50241,30284
29909,50247,30214
29612,50247,30276
29597,50250,30295
29833,50207,30191
30248,50261,30293
30874,50253,30294
31496,50181,30338
32249,50255,30373
32992,50243,30439
33596,50167,30443
34064,50247,30505
35081,50238,30469
36585,50239,30537
38119,50255,30516
39604,50235,30651
41025,50183,30535
42204,50228,30686
42588,50223,30573
42468,50223,30636
42124,50207,30565
41408,50229,30622
40637,50235,30501
39840,50175,30551
38784,50247,30566
37512,50255,30543
36304,50183,30585
35356,50255,30402
34428,50247,30694
33772,50238,30737
33344,50231,30793
32910,50253,30727
32581,50245,30865
32488,50183,30787
32417,50252,30815
32380,50252,30791
32391,50245,30897
32361,50247,30444
32253,50237,30695
32256,50171,30757
32285,50237,30663
32245,50233,30695
32076,50236,30947
31997,50237,30543
31908,50234,30802
31836,50245,30540
31844,50228,30823
31865,50223,30671
31768,50165,30783
31760,50221,30892
31785,50215,30803
31701,50223,30703
31688,50228,30953
31770,50223,31103
31908,50239,30665
31976,50225,30885
32197,50145,30935
32167,50237,31001
31961,50217,30999
31876,50219,31046
31948,50215,31172
31845,50201,30807
31866,50207,30964
32020,50217,31043
32029,50221,31103
31984,50221,31157
32096,50145,31083
32264,50205,31035
32092,50207,31063
32068,50207,31043
32098,50199,31041
32088,50204,30959
32112,50156,31055
32184,50183,31087
32173,50212,31108
32120,50177,31101
32245,50199,31213
32289,50204,31145
32240,50183,31079
32225,50183,31111
32204,50183,31239
32129,50183,31161
32128,50183,31220
32273,50124,30907
32252,50196,31103
32236,50192,31172
32328,50207,31146
32349,50205,31305
32316,50127,30815
32373,50183,31092
32332,50183,31093
32130,50159,31091
32127,50182,31119
32224,50182,31071
32281,50183,30820
32292,50151,31258
32492,50183,31166
32616,50183,31049
32522,50137,31103
32428,50175,31140
32480,50183,31159
32357,50119,31131
32228,50183,31253
32316,50179,31148
32404,50183,31269
32513,50183,31135
32623,50181,31183
32673,50183,31119
32429,50170,31111
32332,50159,30823
32380,50117,31101
32376,50167,30961
32330,50173,30964
32444,50119,31054
32540,50183,30998
32494,50167,31079
32544,50175,30774
32624,50173,30803
32564,50162,30937
32557,50159,30905
32600,50159,30699
32536,50159,30921
32506,50167,30815
32601,50180,30675
32658,50175,30805
32647,50172,30789
32725,50164,30399
32817,50117,30743
32717,50164,30863
32785,50151,30692
32788,50155,30661
32704,50154,30594
32641,50151,30644
32728,50079,30778
32812,50167,30621
32744,50153,30746
32754,50157,30596
32775,50086,30679
32720,50164,30573
32750,50151,30660
32888,50131,30538
32886,50151,30603
32884,50143,30271
33005,50143,30596
33084,50145,30175
32992,50151,30321
33053,50145,30471
33124,50140,30465
33084,50095,30523
33079,50119,30111
33092,50139,30452
32983,50101,30034
32900,50135,30255
32956,50145,30311
32969,50083,30229
32988,50141,30113
33084,50140,30323
33127,50132,30051
33008,50135,30134
32992,50124,30175
32990,50121,30156
32908,50127,30210
32752,50140,30153
32772,50135,30253
32660,50100,30245
32532,50151,30284
32545,50130,30205
32584,50071,30245
32484,50135,30182
32525,50114,30127
32573,50111,30002
32540,50127,29796
32452,50131,30035
32452,50119,29796
32389,50124,30213
32288,50135,30101
32313,50131,30223
32276,50119,30092
32142,50127,30100
32124,50055,29959
32178,50119,29843
32130,50115,29971
32156,50045,29679
32232,50117,30149
32226,50111,29991
32160,50119,29973
32252,50111,29805
32328,50117,29769
32296,50097,29810
32335,50102,30053
32453,50108,29951
32494,50100,29927
32536,50079,29877
32650,50115,29897
32636,50104,29911
32502,50119,29821
32504,50107,29719
32604,50043,29606
32584,50037,30012
32484,50097,29857
32528,50095,29745
32376,50095,29794
32292,50041,29839
32389,50103,29993
32429,50087,29867
32346,50101,30000
32446,50111,29870
32549,50022,29908
32429,50101,29861
32396,50095,29983
32445,50087,29847
32389,50091,29830
32348,50089,29750
32412,50103,29801
32444,50092,29799
32472,50103,29823
32570,50037,29825
32633,50095,29791
32564,50079,29691
32564,50079,29732
32612,50076,29909
32565,50009,29885
32528,50087,30029
32576,50071,29897
32589,50087,30019
32540,50015,29895
32600,50052,29981
32670,50087,29863
32637,50077,29656
32644,50079,29979
32741,50052,29897
32680,50068,29822
32634,50070,29789
32640,50007,29583
32641,50085,30019
32645,50087,29895
32788,50073,30023
32900,50055,29865
32884,50079,29796
32836,50055,29985
32848,50055,29863
32748,49991,29827
32685,50067,29811
32754,50052,29767
32814,50055,29674
32760,50071,29527
32824,50063,29947
32941,50029,29810
32873,50041,29735
32813,50055,29748
32841,50052,29807
32740,49973,29729
32676,50043,29843
32708,50055,29686
32677,50047,29759
32728,50055,29645
32812,49991,29657
32836,50054,29420
32734,50047,29389
32672,50034,29410
32736,50037,29469
32772,50036,29116
32858,49959,29413
32997,49987,29352
33036,50039,29373
32974,50023,29240
33026,50037,29279
33061,50039,29116
32965,49993,29023
32901,50039,28781
32925,50028,28573
32896,50023,28911
32912,50023,28701
33004,49965,28605
33113,50039,28460
33044,50036,28154
33088,50031,28367
33160,49967,27859
33068,50029,28215
32929,50023,27948
32899,50015,27783
32781,50023,27865
32762,49997,27655
33024,50012,27617
33184,50027,27465
33228,50021,27429
33212,49975,27226
33145,50020,27075
33056,50015,27029
32957,50004,27017
32920,49999,26828
32812,50001,26697
32716,50004,26503
32888,50011,26353
33132,49959,26113
33327,50023,26041
33476,50015,25999
33532,50007,25889
33562,50007,25673
33600,49996,25613
33740,49967,25467
33680,49995,25339
33540,49999,25183
33528,49996,25047
33512,50009,24983
33471,49996,24865
33544,50007,24844
33630,49991,24587
33498,49984,24588
33304,49993,24302
33284,49983,24282
33296,49956,24018
33302,49991,23839
33436,49999,23557
33457,49977,23348
33356,49991,23494
33316,50003,23241
33308,49927,23178
33300,49991,22919
33236,49972,22743
33285,49968,22550
33244,49911,22196
33236,49972,22149
33375,49974,22071
33518,49975,21951
33520,49993,21695
33689,49986,21713
33876,49989,21517
33818,49943,21498
33774,49975,20990
33886,49969,20963
33857,49965,20771
33724,49983,20723
33668,49983,20702
33598,49980,20518
33524,49981,20541
33532,49981,20244
33620,49948,20285
33621,49980,20011
33687,49975,20021
33853,49967,19812
33758,49972,19551
33608,49901,19402
33624,49975,19262
33800,49981,19235
33882,49959,19235
34040,49967,18963
34268,49951,19183
34313,49973,18929
34300,49959,18663
34250,49967,18913
34120,49945,18614
34017,49893,18436
33932,49885,18586
33828,49941,18276
33661,49967,18204
33716,49957,18450
33888,49957,18198
33968,49957,18066
34044,49897,18208
34164,49948,18087
34100,49949,17882
34042,49935,17811
34012,49949,17737
33937,49903,17948
33821,49887,17639
33956,49951,17743
34104,49949,17727
34033,49941,17522
33953,49927,17642
34080,49927,17447
34080,49927,17680
34013,49927,17487
34060,49871,17328
34124,49927,17325
34169,49927,17249
34268,49927,17380
34340,49855,17295
34273,49927,17279
34116,49915,17271
34029,49925,17363
33912,49911,17217
33846,49927,17348
33948,49925,17199
33984,49916,17327
33804,49895,17191
33709,49919,17031
33656,49911,17307
33388,49892,17036
33020,49917,17037
32657,49917,17131
32120,49913,17081
31620,49915,17125
31200,49919,17079
30820,49915,17220
30572,49927,17293
30820,49871,17268
31399,49915,17410
31982,49911,17287
32460,49860,17349
33152,49877,17316
33751,49895,17198
34242,49908,17535
34904,49903,17414
35976,49911,17445
37324,49916,17437
38737,49916,17329
40228,49895,17682
41568,49876,17556
42596,49900,17464
43040,49885,17485
42840,49889,17484
42248,49897,17829
41720,49895,17703
41121,49895,17738
40412,49919,17754
39748,49911,17695
39112,49901,17847
38237,49881,17724
37172,49895,17717
36205,49893,17929
35356,49892,17835
34710,49901,17807
34288,49903,17812
34032,49911,18121
33840,49845,18039
33760,49847,17937
33865,49903,18084
33752,49903,18095
33480,49893,18116
33328,49887,18100
33068,49891,18014
32866,49881,18295
32812,49882,18162
32859,49871,18031
32889,49917,18149
32988,49884,18059
33208,49885,18175
33256,49879,18120
33196,49813,18183
33156,49877,18084
33112,49865,18111
33036,49877,18073
33101,49821,18348
33156,49882,18219
33104,49879,18140
33162,49879,18205
33292,49868,18215
33364,49863,18367
33308,49875,18201
33312,49869,18292
33141,49871,18021
32996,49863,18356
33063,49864,18204
33204,49867,18295
33240,49852,18192
33300,49869,18291
33552,49860,18186
33593,49845,18095
33553,49831,18059
33441,49863,17958
33248,49855,18021
33052,49875,18053
32976,49860,17929
32920,49863,18213
32852,49869,18061
32980,49865,17883
33223,49863,17930
33385,49863,17804
33388,49855,18020
33304,49791,17908
33077,49831,17764
32838,49863,17829
32808,49861,17855
32972,49867,17754
33166,49797,17644
33510,49823,17654
33624,49863,17635
33580,49855,17594
33492,49855,17477
33532,49855,17497
33444,49855,17463
33318,49863,17215
33276,49863,17291
33337,49869,17131
33324,49873,17187
33392,49864,17030
33508,49863,17064
33484,49863,16954
33488,49799,17143
33596,49855,16831
33616,49847,16847
33460,49844,16735
33462,49837,16676
33572,49844,16836
33420,49865,16710
33436,49855,16751
33552,49853,16589
33558,49860,16559
33520,49847,16450
33567,49783,16239
33501,49853,16390
33452,49847,16115
33532,49847,16045
33676,49861,15991
33730,49863,15915
33764,49858,15841
33752,49853,15965
33692,49847,15866
33668,49837,15917
33660,49781,15731
33612,49861,15671
33584,49821,15573
33647,49845,15335
33692,49847,15271
33639,49860,15285
33648,49799,15356
33708,49860,15163
33769,49847,15195
33753,49855,14900
33872,49797,15078
33856,49837,14773
33752,49853,14805
33860,49839,14661
33964,49853,14846
33916,49863,14697
33997,49799,14567
34088,49863,14581
34092,49836,14409
34024,49845,14445
34060,49831,14306
33960,49839,14503
33848,49855,14379
33889,49845,14450
33964,49783,14318
33956,49861,14342
34008,49857,14273
34120,49847,14042
34168,49847,14055
34088,49839,14055
34068,49847,14257
34001,49853,14159
33892,49845,13957
33949,49845,14116
34052,49855,13942
34057,49863,14132
34031,49859,14214
34040,49855,14001
34016,49839,14232
33910,49844,14139
33781,49847,14187
33574,49780,14167
33340,49848,14251
33292,49861,14052
33324,49861,14311
33256,49863,14222
33200,49871,14069
33216,49860,14177
33180,49855,14158
33089,49855,14201
33118,49848,14253
33088,49852,14433
32936,49863,14305
32840,49854,14546
32825,49869,14626
32724,49853,14632
32672,49865,14821
32616,49799,14775
32496,49863,14956
32368,49855,14908
32344,49855,15068
32304,49799,15047
32221,49861,15257
32248,49852,15103
32364,49865,15351
32359,49866,15385
32424,49813,15600
32566,49871,15435
32580,49860,15644
32568,49781,15874
32676,49783,15859
32637,49863,16074
32528,49867,15901
32506,49797,16091
32512,49831,16109
32448,49879,16282
32537,49863,16291
32628,49863,16497
32654,49869,16632
32596,49863,16862
32600,49855,16846
32543,49799,16792
32452,49871,16966
32548,49869,16997
32580,49870,17132
32505,49871,17170
32520,49871,17231
32545,49876,17359
32450,49863,17717
32389,49791,17698
32465,49781,17645
32500,49781,17953
32449,49797,17996
32450,49845,18175
32560,49883,18193
32548,49879,18439
32571,49861,18421
32676,49879,18668
32688,49863,18649
32576,49871,18859
32608,49860,18899
32648,49799,19119
32584,49875,18980
32620,49869,19194
32721,49868,19481
32716,49865,19365
32776,49876,19527
32860,49860,19739
32797,49869,19903
32652,49868,20039
32644,49799,20168
32616,49873,20493
32508,49865,20669
32560,49870,20819
32619,49865,20845
32549,49868,21129
32604,49879,21249
32733,49875,21528
32724,49871,21737
32644,49793,21940
32680,49839,22094
32600,49871,22279
32566,49876,22439
32520,49868,22561
32512,49876,22822
32416,49840,23143
32430,49868,23399
32558,49887,23559
32545,49873,23769
32468,49837,23965
32526,49875,24121
32549,49844,24220
32516,49879,24457
32506,49870,24716
32580,49868,24927
32544,49821,25127
32551,49888,25431
32568,49879,25193
32554,49865,25603
32460,49887,25709
32486,49855,25938
32500,49877,26188
32442,49877,26305
32437,49879,26343
32584,49889,26610
32620,49885,26740
32677,49813,26809
32814,49893,26943
32805,49877,27140
32649,49879,27228
32601,49883,27349
32584,49863,27433
32561,49881,27467
32596,49823,27477
32608,49895,27572
32524,49901,27665
32465,49887,27805
32584,49888,27989
32596,49887,28079
32489,49887,28300
32500,49879,28247
32488,49887,28451
32404,49877,28366
32407,49895,28446
32496,49887,28633
32460,49911,28575
32477,49895,28624
32592,49901,28399
32619,49895,28597
32600,49863,28694
32732,49891,28678
32689,49888,28898
32411,49895,29012
32324,49901,28927
32343,49845,28932
32160,49915,28916
32121,49911,29007
32218,49911,29073
32238,49900,29091
32132,49901,29129
32128,49893,29221
32100,49901,29279
32013,49917,29393
31988,49903,29005
32111,49919,29225
32109,49921,29301
32128,49903,29359
32160,49911,29133
32118,49909,29581
31956,49911,29489
31984,49908,29612
31996,49909,29534
31916,49923,29531
31964,49903,29423
32110,49897,29457
32156,49925,29489
32201,49927,29585
32297,49871,29625
32308,49925,29775
32260,49911,29648
32352,49917,29793
32344,49917,29683
32248,49861,29792
32216,49925,29697
32313,49923,29819
32277,49921,29727
32225,49869,29869
32295,49927,29559
32312,49925,29657
32252,49927,29773
32264,49855,29837
32238,49853,29863
32152,49925,29893
32122,49911,29967
32200,49927,29955
32176,49947,30088
32185,49881,29993
32286,49927,30152
32264,49927,30062
32192,49927,30108
32288,49868,30001
32444,49900,30022
32468,49927,29990
32448,49948,30343
32436,49943,30317
32296,49945,30501
32204,49879,30110
32188,49927,30435
32140,49941,30497
31981,49948,30692
31980,49927,30617
31937,49927,30593
31815,49943,30620
31849,49949,30410
31980,49874,30938
31972,49893,30889
32002,49965,31035
32116,49964,30989
32068,49949,31026
31961,49948,30941
31941,49951,31002
31916,49949,31349
31692,49949,31289
31389,49959,31501
31068,49903,31433
30656,49972,31623
30217,49957,31531
29776,49964,31671
29176,49967,31652
28580,49951,31751
28316,49884,31762
28397,49964,31953
28675,49963,31863
29016,49983,31549
29416,49964,31955
29917,49971,32155
30604,49895,32084
31303,49967,31782
31996,49991,32198
33190,49953,32203
34917,49976,32327
36680,49957,32517
38463,49967,32106
40117,49978,32417
41575,49973,32625
42200,49983,32167
42156,49983,32437
41792,49975,32597
41109,49977,32637
40078,49991,32753
38996,49983,32743
37823,49995,32773
36592,49991,32559
35504,49997,32797
34520,49943,32977
33584,50012,32839
32884,50007,32744
32472,50015,32843
32120,50007,32815
31720,49927,32885
31497,49993,32895
31255,49996,33025
30981,49999,32975
30772,49975,32855
30752,50014,32709
30722,49999,32857
30701,50007,32975
30764,50007,32956
30780,50005,33016
30696,49927,32929
30666,49959,33005
30616,50021,33010
30528,50004,33055
30568,50005,33044
30712,50009,33103
30710,50023,33116
30724,50017,33191
30728,50013,33159
30628,49999,33201
30500,50005,33167
30508,49991,33241
30510,49927,33196
30481,50012,33287
30476,49999,33203
30573,50017,33326
30559,49943,32845
30565,50029,33045
30637,50002,33151
30604,50015,33199
30504,49927,33245
30544,50023,33245
30526,50005,33343
30404,50009,33089
30400,49927,33167
30508,50023,33092
30469,50015,33197
30508,49951,33383
30629,50029,33045
30660,50017,33159
30620,50012,33194
30716,50011,33119
30745,49927,33199
30740,50023,33223
30688,50015,33239
30748,50012,33199
30688,50031,32950
30652,49956,33097
30809,50025,33063
30850,50017,33199
30844,50023,33195
30893,50007,33175
30868,49972,33181
30788,50023,33175
30736,50023,33413
30783,50022,32879
30736,49959,33225
30778,50009,32862
30960,50031,33188
30968,50022,33209
30872,50029,33257
30840,50007,33380
30828,50029,32997
30785,50035,33204
30792,50031,33205
30937,49949,33172
30967,50028,33167
31036,50045,33127
31100,50023,33153
31032,50031,33159
30941,50039,33261
31056,49990,33205
31021,50037,33317
30941,50038,33142
30928,50039,32999
31032,49991,33087
30967,50053,32985
30956,50055,32741
31073,50021,33135
31054,50047,32839
30945,50047,32991
30928,50036,32727
30884,49979,33039
30808,50052,32980
30828,50039,32940
30985,50053,33031
30985,49983,33044
31068,50053,33017
31182,50055,32988
31144,50055,32977
31052,50055,32986
31028,50053,32999
30988,50055,32972
30896,50055,32964
30870,50071,33125
30944,50055,32556
30924,50085,32797
31000,50071,32805
31188,50071,32764
31228,50069,32947
31129,50007,32932
31111,50069,33029
31101,50055,32588
30999,50076,32681
30974,49997,32820
31066,50085,32854
31052,50079,32887
31168,50093,32795
31320,50013,32804
31392,50015,32885
31388,50087,32757
31412,50069,32575
31373,50083,32821
31278,50087,32692
31289,50074,32527
31402,50095,32757
31388,50055,32660
31425,50086,32769
31557,50087,32567
31553,50101,32614
31432,50093,32583
31482,50087,32511
31468,50023,32561
31392,50089,32487
31360,50101,32389
31360,50103,32361
31242,50037,32427
31160,50114,32399
31180,50109,32372
31154,50102,32300
30997,50109,32333
30933,50053,32255
30852,50119,32135
30744,50103,32316
30700,50117,32457
30748,50119,31895
30716,50119,32127
30777,50124,32197
30920,50119,32251
30909,50053,32347
30730,50135,31935
30676,50111,32121
30674,50121,32161
30496,50113,32159
30337,50114,32010
30400,50127,32154
30445,50151,32095
30528,50141,32039
30677,50149,31988
30720,50067,31962
30674,50117,31977
30695,50141,31919
30664,50135,31897
30602,50133,31965
30629,50142,31975
30732,50140,32076
30774,50151,31927
30761,50095,32053
30840,50165,31567
30876,50159,31711
30736,50157,31855
30712,50148,31855
30644,50079,31975
30596,50155,31633
30610,50167,31741
30692,50159,31913
30708,50135,31741
30727,50164,31585
30804,50167,31748
30820,50111,31741
30808,50183,31866
30844,50165,31717
30829,50173,31835
30756,50175,31663
30736,50149,31511
30837,50183,31607
30888,50199,31599
30912,50183,31743
31074,50183,31609
31108,50183,31671
31018,50135,31295
31036,50199,31431
31048,50181,31521
30924,50199,31589
30854,50117,31738
30920,50125,31605
30929,50167,31721
30863,50217,31357
30941,50212,31553
30984,50183,31509
30936,50207,31501
30988,50197,31405
31061,50207,31548
31016,50207,31555
31004,50132,31699
31056,50221,31550
31036,50235,31678
31008,50229,31551
31128,50223,31622
31186,50172,31533
31125,50182,31623
31172,50229,31541
31204,50231,31493
31076,50223,31495
30980,50228,31511
31068,50237,31521
31052,50175,31589
31064,50247,31539
31144,50241,31668
31188,50239,31535
31152,50209,31655
31228,50235,31540
31321,50239,31652
31290,50231,31517
31271,50261,31677
31340,50255,31526
31288,50256,31687
31116,50231,31542
31188,50239,31509
31260,50277,31532
31184,50268,31556
31236,50247,31661
31216,50263,31546
31140,50183,31527
31132,50279,31451
31225,50253,31519
31196,50279,31559
31220,50278,31521
31332,50229,31513
31392,50279,31521
31357,50281,31538
31416,50277,31553
31448,50269,31557
31365,50284,31575
31380,50287,31687
31488,50221,31623
31500,50311,31759
31569,50293,31266
31684,50293,31607
31697,50300,31787
31613,50284,31465
31676,50295,31630
31742,50300,31660
31724,50295,31655
31740,50305,31655
31777,50302,31630
31708,50311,31551
31616,50311,31530
31674,50259,31645
31693,50311,31676
31656,50293,31687
31676,50311,31583
31654,50311,31365
31620,50311,31819
31672,50306,31423
31700,50327,31579
31688,50335,31481
31668,50341,31619
31750,50263,31717
31832,50333,31732
31752,50335,31775
31760,50333,31786
31823,50333,31871
31781,50340,31796
31720,50335,31799
31776,50310,31831
31804,50364,31935
31844,50351,31869
31944,50343,31947
32004,50341,31891
31884,50351,32015
31844,50349,31849
31861,50351,31911
31773,50367,31883
31680,50367,31857
31700,50365,31833
31644,50372,31885
31648,50367,31791
31752,50365,31953
31772,50373,31955
31680,50375,31943
31645,50373,31951
31644,50375,32088
31528,50380,32017
31508,50367,32169
31617,50380,32052
31591,50391,32151
31519,50327,32087
31608,50404,32007
31644,50399,32035
31588,50351,32079
31572,50407,32192
31625,50393,31948
31558,50319,32029
31560,50412,31778
31648,50407,32071
31681,50367,32119
31714,50431,32071
31986,50409,31829
32156,50399,32255
32110,50405,32245
32105,50405,32301
32094,50409,32271
31996,50356,32332
31981,50382,32293
32000,50421,32332
31984,50420,32423
31902,50399,32335
31945,50439,32451
31982,50427,31953
31913,50367,32263
31896,50439,32361
31941,50417,32396
31831,50437,32437
31792,50439,32383
31866,50420,32461
31898,50439,32468
31879,50439,32450
31968,50413,32447
32041,50439,32481
32017,50439,32519
32006,50367,32708
32016,50453,32199
31950,50439,32589
31908,50391,32664
31952,50459,32660
31889,50461,32740
31800,50466,32757
31789,50469,32861
31836,50471,32845
31789,50457,33019
31785,50463,32955
31777,50391,33063
31713,50473,33055
31710,50460,33115
31856,50469,33148
31915,50452,33081
31900,50479,33396
31904,50468,33327
31892,50471,33357
31796,50471,33423
31808,50471,33509
31844,50407,33593
31721,50463,33601
31614,50491,33687
31584,50479,33689
31316,50486,33777
30988,50439,33841
30732,50501,34020
30391,50498,33961
29852,50460,34142
29248,50495,34042
28666,50481,34159
28240,50497,33756
28153,50463,34212
28513,50493,34298
29020,50511,34404
29500,50527,34644
30190,50497,34545
31068,50503,34755
31812,50511,34423
32282,50463,34740
32872,50508,34676
34028,50501,35052
35733,50516,35004
37584,50452,35263
39368,50503,35174
40948,50525,35508
42232,50518,35711
42724,50503,35719
42544,50511,35910
41892,50493,36039
41044,50519,36167
39967,50525,36196
38796,50532,36461
37576,50533,36557
36352,50516,36803
35202,50557,36802
34232,50540,37069
33492,50549,37028
32879,50540,37303
32477,50479,37263
32224,50551,37471
31936,50541,37207
31708,50557,37575
31625,50537,37761
31486,50567,37821
31274,50559,38060
31186,50495,37535
31200,50543,37972
31116,50547,38229
31056,50555,38316
31052,50557,38565
30957,50519,38523
30878,50559,38671
30942,50557,38535
30958,50557,38593
30948,50567,38687
31044,50567,38647
31156,50563,39084
31117,50567,39055
31060,50548,39261
31108,50565,39226
31044,50565,39418
31000,50559,39313
31037,50509,39267
31020,50564,39664
30996,50589,39590
31108,50567,39792
31149,50567,39703
31102,50496,39775
31108,50575,39847
31184,50541,39881
31156,50561,40137
31068,50583,40023
31116,50503,40149
31176,50593,40143
31197,50567,40232
31360,50583,39845
31461,50587,40231
31500,50567,40455
31554,50573,40356
31576,50521,40487
31404,50582,40020
31265,50559,40399
31334,50567,40580
31396,50587,40565
31368,50580,40707
31476,50535,40578
31589,50595,40655
31552,50591,40791
31553,50588,40455
31639,50580,40725
31617,50503,40955
31596,50599,40901
31661,50581,41007
31725,50597,40332
31720,50585,40879
31796,50607,41050
31857,50591,41031
31804,50599,41253
31790,50567,41125
31852,50596,41223
31812,50597,40999
31768,50615,41103
31796,50540,41271
31840,50551,41179
31780,50599,41197
31848,50623,41196
31917,50612,41309
31916,50596,41268
31916,50599,41383
31960,50589,41343
31912,50605,41415
31864,50605,41333
31917,50601,41397
31989,50559,41372
31984,50567,41335
32088,50621,41588
32200,50621,41429
32168,50605,41524
32184,50613,41479
32245,50535,41451
32164,50621,41667
32100,50610,41468
32136,50601,41575
32188,50621,41092
32176,50631,41495
32254,50541,41189
32364,50625,41509
32364,50613,41199
32416,50607,41509
32528,50604,41303
32500,50607,41565
32556,50559,41541
32624,50620,41507
32615,50625,41391
32396,50623,41567
32324,50615,41639
32320,50623,41751
32284,50615,41191
32360,50620,41652
32485,50537,41685
32492,50585,41733
32449,50613,41543
32549,50607,41755
32585,50628,41906
32564,50557,41879
32628,50625,42049
32701,50612,41844
32696,50615,41846
32754,50543,42010
32821,50621,41989
32700,50597,42156
32679,50623,42065
32804,50599,42127
32904,50613,42133
32929,50623,42095
33048,50615,42184
33088,50619,42191
33016,50619,42359
33020,50619,42188
33064,50567,42309
33022,50623,42212
32940,50620,42267
33012,50621,42183
33028,50615,42173
32968,50627,42103
32976,50627,42358
32984,50625,42404
32886,50629,42263
32821,50603,41803
32756,50607,42464
32612,50613,41857
32472,50607,42316
32524,50617,42548
32580,50621,42469
32493,50583,42620
32532,50629,42503
32596,50615,42643
32538,50623,42492
32468,50625,42676
32424,50615,42586
32324,50565,42605
32197,50625,42273
32268,50615,42503
32328,50564,42772
32345,50636,42661
32482,50631,42823
32564,50623,42703
32504,50627,42861
32440,50560,42797
32456,50604,42789
32425,50623,42701
32388,50612,42853
32320,50595,42829
32244,50631,42988
32281,50611,42940
32374,50623,42972
32404,50559,42918
32360,50629,43098
32340,50613,43063
32336,50607,43061
32262,50541,43095
32218,50623,43124
32364,50612,42956
32440,50623,42599
32436,50601,42996
32504,50628,42804
32580,50621,43045
32484,50613,43151
32421,50618,43074
32436,50605,42691
32461,50607,43351
32466,50612,43293
32556,50621,42992
32620,50533,43157
32600,50639,43279
32713,50612,43200
32844,50609,43303
32844,50567,43239
32816,50605,42887
32853,50599,43413
32821,50605,43480
32713,50615,43463
32724,50567,43391
32796,50613,43489
32697,50621,43487
32714,50567,43558
32832,50615,43564
32805,50612,43614
32816,50564,43619
32864,50604,43645
32780,50599,43637
32764,50607,43639
32884,50599,43527
33014,50607,43159
33020,50543,43711
33076,50605,43527
33176,50613,43653
33149,50594,43749
33108,50588,43586
33132,50599,43631
33041,50597,43748
32820,50609,43735
32838,50597,43773
32932,50599,43783
32972,50613,43783
33072,50607,43767
33197,50604,43783
33180,50551,43671
33124,50607,43515
33076,50589,43711
32954,50529,43756
32873,50607,43719
32973,50581,43367
33028,50607,43685
33024,50586,43837
33068,50601,43805
33089,50535,43825
33030,50607,43779
33031,50580,43860
33092,50503,43852
33050,50589,43879
32954,50587,43854
33028,50590,43908
33148,50599,43907
33152,50596,43883
33236,50567,43749
33237,50583,43911
33233,50591,43919
33251,50535,43860
33313,50580,43863
33284,50567,43852
33216,50567,43799
33294,50589,43836
33405,50575,43991
33327,50589,43966
33348,50588,43999
33388,50567,44069
33300,50500,44087
33189,50575,44083
33204,50567,44025
33164,50527,43983
33148,50567,43935
33212,50565,43803
33264,50498,43957
33272,50583,43921
33352,50567,43968
33470,50481,44136
33468,50581,44183
33380,50564,44061
33389,50511,43935
33316,50559,44119
33248,50561,44199
33316,50551,44209
33376,50563,44033
33389,50546,44141
33484,50567,44196
33544,50567,44203
33496,50531,44257
33381,50543,44108
33346,50487,44201
33284,50557,44244
33208,50548,44196
33220,50556,43981
33312,50567,44141
33308,50556,44245
33406,50492,44285
33528,50541,44204
33460,50548,43993
33393,50550,44233
33396,50543,44260
33351,50473,44229
33308,50541,44132
33358,50549,44220
33415,50556,44262
33353,50553,44229
33392,50533,43759
33446,50548,44101
33392,50540,44182
33375,50535,44191
33480,50527,44167
33500,50535,44183
33396,50551,44167
33408,50540,44207
33393,50533,44149
33286,50485,44055
33296,50559,44121
33374,50535,43991
33352,50535,44103
33274,50495,44151
33292,50532,44135
33247,50527,44103
33172,50535,44068
33264,50487,44079
33388,50541,44069
33389,50541,44011
33489,50526,43967
33577,50528,43625
33534,50521,43965
33446,50516,43948
33417,50524,43933
33354,50517,43924
33338,50459,43855
33385,50533,43871
33520,50525,43845
33548,50456,43863
33532,50535,43843
33476,50511,43825
33340,50475,43733
33260,50503,43703
33332,50507,43668
33300,50515,43751
33244,50517,43711
33296,50509,43671
33380,50519,43615
33368,50469,43603
33452,50525,43617
33552,50501,43590
33448,50508,43527
33324,50471,43519
33372,50495,43525
33316,50495,43495
33194,50439,43372
33232,50503,43335
33336,50499,43289
33320,50503,42959
33350,50519,43361
33472,50498,43241
33448,50502,43337
33412,50495,43197
33368,50489,43309
33285,50499,42780
33148,50507,43188
33176,50493,43103
33236,50449,43055
33185,50517,43143
33216,50503,42965
33308,50503,42783
33221,50503,42917
33132,50484,43052
33156,50425,43004
33092,50491,42792
32988,50487,42823
33012,50421,42735
33100,50490,42865
33028,50457,42943
33120,50489,42844
33276,50482,42857
33312,50493,42844
33317,50473,42887
33348,50403,42823
33237,50479,42788
33157,50464,42615
33136,50399,42223
33184,50487,42740
33192,50487,42637
33261,50453,42775
33341,50477,42594
33324,50465,42621
33292,50407,42585
33319,50456,42601
33303,50469,42547
33250,50388,42615
33318,50468,42489
33436,50455,42551
33337,50422,42383
33352,50467,42503
33412,50453,42373
33408,50463,42479
33329,50439,42311
33340,50439,42389
33316,50455,42179
33202,50461,42246
33233,50380,42114
33277,50463,42271
33290,50457,41479
33380,50405,42035
33548,50439,42021
33564,50439,42004
33469,50439,42068
33476,50433,41975
33496,50407,42069
33415,50433,41917
33436,50439,42055
33464,50455,41855
33360,50439,41964
33432,50423,41789
33496,50439,41863
33492,50436,41720
33444,50436,41803
33560,50367,41327
33637,50422,41516
33548,50359,41622
33552,50436,41479
33497,50421,41475
33374,50436,41343
33321,50439,41447
33373,50427,41389
33312,50351,41541
33248,50423,41351
33276,50419,41421
33212,50418,41419
33040,50357,41252
32816,50431,41381
32525,50411,41180
32056,50356,41305
31628,50420,41084
31160,50429,41245
30588,50348,41015
30050,50376,40993
29866,50373,41004
29836,50387,40761
30125,50407,40895
30740,50357,40695
31328,50423,40789
31917,50420,40692
32736,50359,40111
33524,50416,40796
34076,50407,40621
34596,50407,40727
35782,50407,40500
37442,50400,40653
39080,50396,40438
40732,50396,40487
42301,50397,40193
43540,50387,40180
44038,50391,40155
44008,50387,40066
43444,50399,40101
42580,50351,39493
41668,50399,40107
40528,50389,39927
39149,50404,39917
37808,50407,39855
36672,50399,39745
35566,50407,39780
34701,50409,39671
34197,50405,39669
33732,50412,38983
33332,50397,39537
33092,50389,39399
32890,50397,39281
32760,50392,39255
32700,50335,39263
32688,50404,39133
32552,50403,39175
32423,50388,38567
32396,50388,38807
32289,50383,38759
32180,50383,38835
32193,50375,38919
32164,50309,38679
32028,50389,38657
32032,50375,38047
32111,50308,38367
32060,50387,38154
32005,50382,38513
32144,50369,38292
32144,50303,38311
32092,50361,37733
32096,50359,37956
32028,50287,38075
31908,50363,37959
31908,50357,37949
31992,50357,37822
31990,50373,37893
31952,50356,37741
32040,50367,37836
32120,50357,37609
32048,50355,37678
32148,50340,37476
32151,50311,37564
32108,50333,37370
32125,50337,37295
32200,50333,37177
32208,50343,36726
32189,50343,37283
32285,50333,37055
32276,50327,36920
32175,50279,37063
32224,50333,36871
32249,50327,36991
32096,50255,36781
32085,50331,36679
32220,50325,36673
32204,50325,36597
32196,50324,36591
32300,50316,36413
32284,50332,36460
32140,50311,36329
32204,50244,36373
32309,50299,36309
32258,50311,36293
32237,50253,36193
32264,50295,36031
32205,50311,36089
32260,50311,36121
32449,50302,36275
32484,50303,35937
32400,50237,35901
32530,50308,35921
32492,50277,36050
32540,50293,35972
32696,50221,35996
32744,50279,35771
32537,50307,35753
32389,50287,35983
32492,50293,35855
32420,50208,35949
32374,50285,35805
32436,50263,35740
32420,50268,35675
32412,50279,35342
32432,50276,35635
32480,50278,35241
32377,50279,35697
32381,50285,35685
32484,50237,35623
32516,50269,35595
32464,50267,35181
32480,50269,35639
32464,50261,35615
32361,50183,35615
32348,50279,35501
32493,50257,35367
32484,50271,35668
32520,50199,35535
32629,50247,35679
32700,50261,35528
32540,50257,35485
32481,50237,35373
32576,50247,35071
32530,50181,35581
32526,50261,35484
32624,50253,35450
32717,50263,35367
32754,50183,35415
32879,50239,35335
33009,50231,35411
32959,50244,35305
32936,50231,35164
32876,50239,35218
32780,50231,35239
32750,50167,35335
32804,50217,35513
32828,50247,34887
32933,50239,35191
32992,50247,35297
32902,50231,35165
32866,50239,35151
32992,50231,35282
33120,50223,35411
33060,50157,34805
33080,50229,35122
33237,50223,35303
33233,50215,35260
33160,50237,35327
33240,50229,34800
33300,50183,35071
33184,50221,35180
33140,50204,35109
33125,50207,35191
33056,50221,35161
33016,50205,35268
33101,50165,35202
33100,50223,35311
33084,50215,35197
33116,50135,35335
33096,50203,34732
32956,50201,35143
32868,50183,35145
32772,50205,35023
32597,50199,35147
32536,50127,35012
32532,50207,34783
32460,50215,35303
32446,50199,35165
32517,50183,35245
32488,50183,35150
32376,50183,35245
32408,50183,35079
32380,50180,35033
32321,50113,34957
32253,50135,34664
32317,50183,35106
32216,50183,34945
32224,50207,34944
32388,50182,34967
32376,50181,34941
32309,50119,35053
32362,50181,34994
32516,50175,35107
32456,50113,35044
32516,50175,35095
32596,50177,35061
32574,50151,35119
32556,50167,35053
32526,50099,35165
32526,50160,35005
32463,50165,35007
32560,50151,34783
32597,50103,35045
32569,50159,34543
32450,50101,35004
32488,50153,35124
32424,50159,34983
32452,50167,34967
32665,50140,34729
32776,50155,34881
32703,50141,34980
32668,50143,34965
32661,50141,35047
32592,50135,34948
32552,50145,35111
32634,50142,34685
32654,50143,34950
32584,50143,35111
32686,50135,34953
32757,50093,35039
32726,50135,34975
32705,50119,35059
32772,50103,34980
32666,50127,34821
32660,50125,34949
32692,50055,34954
32696,50147,35061
32532,50127,35005
32589,50119,35145
32708,50119,34980
32677,50117,34964
32680,50119,34943
32708,50043,34855
32637,50119,34930
32638,50100,34967
32766,50116,34972
32776,50119,34905
32736,50077,34591
32776,50119,34987
32856,50108,34712
32778,50047,35060
32760,50111,34791
32854,50086,34943
32808,50031,35040
32804,50111,34951
32900,50103,35149
32924,50055,35119
33064,50103,35197
33172,50095,35105
33116,50103,35126
32932,50100,35166
32832,50023,35099
32841,50079,35157
32796,50077,35261
32836,50017,35197
32864,50079,35327
32924,50095,35156
32885,50077,35329
32938,50095,35188
32992,50071,35375
32925,50079,35237
32912,49992,35316
32888,50077,35229
32721,50071,35181
32688,50069,35279
32782,50007,35291
32826,50067,35300
32848,50079,35149
33038,50071,35273
33121,50001,35269
33132,50087,35351
33176,50053,35495
33125,50055,35335
32940,50069,35458
32832,50055,35333
32892,50055,35359
32969,50071,34980
32968,50071,35293
33000,50055,35503
33024,50055,35427
33001,50055,35523
33096,49982,35415
33133,50002,35463
33052,50052,35487
32960,50047,35597
32948,50046,35117
32940,49983,35431
32992,50055,35567
33098,50045,35520
33144,50036,35471
33088,50004,35581
33084,50047,35531
33168,50031,35647
33140,50031,35190
33192,50036,35463
33285,49962,35522
33268,50047,35578
33140,50039,35684
33151,50028,35367
33068,50029,35561
32944,50031,35727
32940,50023,35357
32992,50015,35461
32949,50027,35719
32804,50021,35392
32906,49991,35620
32972,50023,35534
32902,50023,35470
33082,49959,35447
33264,50021,35281
33200,50023,35573
33157,50007,35279
33189,50007,35453
33072,50017,35701
33024,50007,35605
33038,49927,35607
32964,49996,35436
33040,50009,35505
33196,49991,35563
33288,49989,35500
33212,49999,35151
33061,49996,35535
33076,49927,35165
33052,49999,35433
33014,49993,35551
33096,49927,35463
33136,49996,35580
33108,50005,35607
33173,49991,35738
33222,49986,35153
33240,49909,35488
33324,49972,35626
33397,49975,35586
33372,49973,35733
33337,49967,35597
33568,49969,35725
33532,49982,35591
33535,49951,35631
33768,49986,35220
33826,49965,35688
33534,49927,35115
33349,49965,35591
33240,49953,35575
33030,49967,35613
32996,49967,35445
33065,49964,35175
33020,49965,35639
33076,49959,35287
33234,49964,35707
33380,49955,35577
33372,49957,35687
33196,49955,35557
33197,49951,35549
33065,49927,35639
33080,49945,35589
33292,49911,35624
33305,49953,35517
33238,49943,35491
33332,49948,35580
33332,49891,35348
33156,49951,35690
33060,49911,35587
33065,49927,35731
33142,49891,35581
33104,49901,35696
33184,49923,35583
33270,49927,35725
33220,49925,35585
33316,49927,35591
33192,49887,35414
33032,49911,35523
33048,49923,35623
33068,49909,35575
33116,49919,35682
33180,49911,35573
33252,49908,35708
33306,49927,35543
33244,49919,35508
33252,49917,35527
33244,49917,35577
33152,49908,35653
33248,49909,35585
33348,49903,35681
33276,49907,35587
33268,49901,35597
33144,49909,35551
32925,49901,35589
33068,49911,35535
33218,49900,35666
33188,49863,35623
33045,49908,35751
33000,49877,35637
33036,49893,35734
33008,49895,35613
33048,49895,35529
33138,49893,35565
33162,49903,35657
33017,49901,35687
33056,49887,35801
33078,49895,35668
32972,49823,35703
32949,49876,35738
32970,49873,35743
32856,49867,35717
32897,49869,35769
32984,49813,35711
32984,49895,35539
33009,49885,35647
33109,49823,35659
33116,49869,35847
32956,49871,35841
32972,49799,35943
33021,49871,35892
32797,49863,35986
32679,49871,35847
32628,49879,35949
32548,49869,35940
32551,49804,35968
32663,49863,35967
32948,49860,36007
32990,49796,36103
32881,49869,35714
32836,49851,36283
32748,49853,36165
32774,49789,36180
32956,49855,36241
33050,49863,36303
33052,49862,36400
33161,49847,36356
33272,49844,36449
33216,49847,36421
33281,49794,36471
33329,49841,36415
33232,49844,36477
33162,49809,36443
33109,49849,36426
33001,49847,36439
32936,49767,36632
33022,49855,36602
33148,49828,36692
33124,49845,36666
33164,49785,36719
33168,49831,36684
33076,49831,36861
32992,49837,36811
33098,49829,36933
33153,49789,36477
33188,49831,36814
33316,49831,36751
33230,49828,36596
33062,49823,36973
33004,49789,36942
33013,49823,37155
32876,49799,37031
32849,49812,37191
32958,49815,37063
33036,49827,37215
33008,49831,37097
33092,49809,37175
33152,49743,37127
33141,49815,37285
33186,49799,37123
33270,49799,37189
33172,49783,37175
33088,49797,37308
33112,49797,37159
33153,49791,37263
33164,49763,37137
33231,49813,37199
33214,49789,37135
33124,49799,37255
33063,49799,37227
33092,49776,37220
32924,49789,37277
32598,49780,37260
32322,49789,37423
31868,49725,37285
31230,49773,37281
30652,49813,37263
30096,49791,36772
29584,49791,37447
29367,49783,37287
29548,49717,37447
29961,49789,37278
30580,49795,37436
31334,49727,36897
32188,49799,37207
33089,49783,37296
33992,49780,37444
34592,49743,36813
35333,49782,37276
36482,49774,37321
38006,49773,37508
39476,49719,37356
40920,49767,37431
42348,49764,37287
43288,49763,37277
43472,49767,37323
43212,49764,36943
42684,49751,37455
41856,49756,37352
40813,49767,37484
39656,49772,37372
38396,49781,37383
37105,49767,37276
36080,49765,37399
35120,49783,37539
34345,49797,37361
34068,49785,36949
33836,49725,37511
33493,49781,37407
32981,49782,37506
32860,49761,37364
32638,49767,37405
32444,49775,37271
32476,49772,37413
32232,49709,37518
32056,49707,37291
31968,49710,36959
31924,49708,37556
32059,49735,37420
32134,49769,37399
32056,49747,37405
31921,49751,37519
31734,49757,37511
31764,49759,37427
31746,49765,37509
31664,49767,37669
31793,49759,37575
31863,49707,37729
31750,49759,37575
31863,49741,37751
32064,49671,37631
32022,49759,37781
31864,49747,37656
31952,49742,37642
31797,49757,37637
31744,49725,37635
31835,49756,37721
31954,49749,37717
31788,49743,37916
32012,49698,37764
32221,49721,37872
32101,49737,37789
31788,49671,37839
31716,49741,37735
31940,49735,37856
31806,49743,37733
31917,49671,37399
32100,49724,38100
32106,49734,37955
32303,49727,38039
32154,49727,37876
32092,49735,37695
31973,49724,38151
32002,49732,38005
32097,49735,38150
32118,49721,38037
32263,49705,38231
32388,49727,38079
32228,49735,38092
32017,49732,38097
31943,49716,38077
31802,49719,37991
31760,49724,38293
31854,49725,38176
31985,49711,38333
32132,49725,38221
32300,49735,38340
32366,49723,38228
32287,49719,38329
32124,49727,38318
32149,49709,38399
32121,49709,38465
32100,49715,38396
32092,49719,38564
32301,49727,38433
32300,49703,38559
32412,49719,38004
32444,49639,38511
32228,49721,38079
32236,49698,38616
32226,49703,38617
32229,49663,38575
32260,49657,38717
32344,49717,38759
32360,49709,38309
32341,49709,38789
32500,49700,38380
32660,49653,38989
32589,49697,38919
32540,49693,39015
32385,49701,39044
32276,49695,39231
32125,49702,39126
32244,49701,39300
32388,49635,39175
32441,49719,39383
32532,49700,39255
32624,49695,39348
32609,49631,39017
32633,49692,39214
32648,49671,39431
32630,49687,39357
32600,49605,39559
32692,49695,39489
32704,49685,39655
32588,49703,39547
32728,49703,39685
32880,49693,39497
32869,49629,39637
32781,49692,39772
32892,49671,39229
32897,49617,39543
32844,49691,39733
32932,49671,39751
32960,49689,39919
32994,49635,39743
33009,49699,39867
33112,49684,39775
33040,49671,39943
33024,49671,39647
33068,49671,39806
33028,49671,39852
32964,49671,40060
33220,49671,39905
33345,49671,39935
33393,49629,39311
33460,49671,39939
33444,49671,39938
33324,49647,40020
33172,49663,39462
33080,49605,39953
32965,49668,39395
32880,49669,39943
33296,49671,40103
33261,49651,40009
33098,49671,40065
33121,49671,40011
33072,49655,40000
32913,49671,40135
32884,49668,40047
32988,49607,40159
32994,49671,40039
32688,49663,40163
32714,49671,40060
32660,49651,40172
32644,49671,39543
32648,49671,40071
32813,49671,39880
32810,49643,40087
32754,49661,40293
32603,49661,40111
32312,49605,40099
32212,49671,40202
32158,49661,40157
32452,49597,40319
32612,49671,40165
32288,49671,40265
32252,49663,40177
32264,49671,40303
32152,49607,39799
32165,49655,40155
32194,49657,40351
32104,49637,40236
32240,49661,40313
32272,49670,40257
32158,49671,40455
32311,49671,40279
32484,49663,40189
32820,49623,40398
32596,49668,40326
32456,49644,40422
32368,49645,40319
32312,49652,40256
32359,49599,40335
32404,49669,40517
32495,49663,40465
32620,49669,40605
32821,49599,40605
32845,49669,40727
32660,49643,40633
32694,49653,40839
32532,49645,40188
32400,49657,40740
32450,49644,40237
32468,49653,40693
32598,49671,40733
32633,49660,40869
32756,49663,40434
32652,49595,40927
32446,49620,40956
32888,49639,41029
32916,49653,41007
32660,49663,41277
32837,49653,41119
32973,49647,41202
32928,49653,40639
32876,49647,41287
32592,49583,41193
32462,49651,41373
32428,49639,41286
32529,49644,41415
32585,49607,41329
32701,49641,41524
32755,49645,41373
32733,49611,41543
32605,49669,41357
32612,49646,41269
32756,49647,41397
32702,49589,41423
32624,49647,41647
32636,49639,41508
32568,49644,41601
32476,49645,41401
32568,49599,41255
32540,49647,41617
32700,49643,41607
32920,49647,41727
32748,49595,41500
32636,49639,41661
32757,49627,41603
32780,49631,41623
32681,49567,41607
32553,49639,41295
32566,49639,41844
32663,49637,41820
32592,49647,41893
32768,49626,41716
32984,49644,41292
32984,49635,41806
32956,49631,41671
32736,49565,41900
32708,49636,41913
32617,49612,42095
32658,49637,41980
32752,49559,42205
32888,49645,42054
32928,49639,42119
32950,49623,41967
32964,49631,42109
33004,49580,42111
33004,49621,41519
32917,49614,42133
32668,49575,41561
32680,49626,42071
32909,49623,42102
32969,49581,42143
32956,49631,42165
33064,49617,42190
32897,49593,42369
32708,49597,42305
32660,49612,42365
32693,49557,42221
32498,49631,42333
32634,49615,42404
32884,49594,42375
32812,49629,42589
32804,49543,42477
32904,49623,42589
32880,49605,42374
32772,49615,42439
32884,49543,42665
32737,49607,42535
32852,49619,42439
32924,49615,42541
32904,49623,42004
32780,49573,42759
32738,49620,42675
32968,49613,42759
32941,49601,42569
32968,49607,42679
32997,49607,42804
32804,49543,42703
32777,49620,42800
32880,49607,42652
33153,49607,42303
33240,49615,42951
33118,49543,42843
32968,49615,42588
32954,49604,42884
32758,49615,42397
32584,49596,43012
32494,49559,42935
32658,49577,42973
32876,49609,43036
32989,49597,42849
32871,49604,43015
32913,49619,43109
32892,49541,42903
32924,49607,42989
32973,49607,43143
32970,49593,43117
32700,49599,42541
32629,49597,43225
32740,49543,43000
32860,49607,43151
32812,49623,43247
32868,49607,43044
33134,49605,43153
33073,49603,43317
32872,49593,43079
32856,49543,43252
33050,49599,43287
33084,49583,43154
33092,49599,43304
33254,49591,43081
32932,49567,43365
32764,49610,43379
32881,49599,43015
32989,49591,43439
32788,49591,43225
32720,49590,43399
32830,49589,43413
32780,49525,43429
32817,49597,43331
32937,49599,43492
32968,49605,43129
32968,49587,43550
33080,49589,43399
33036,49583,43527
32916,49585,42981
32848,49543,43612
32976,49581,43508
32760,49580,43546
32796,49583,43591
32780,49587,43582
32739,49585,43636
32880,49592,43557
32990,49575,43639
33068,49583,43616
32929,49543,43701
32860,49567,43575
32828,49575,43719
32813,49571,43748
32816,49580,43729
32952,49529,43703
32904,49591,43767
32880,49583,43828
33034,49507,43817
32993,49572,43783
32901,49565,43652
32994,49552,43821
33004,49567,43887
32757,49567,43855
32684,49573,43759
32772,49575,43876
32748,49583,43907
32868,49510,43431
32995,49533,43855
32996,49527,43895
32852,49567,43351
32864,49567,43935
32824,49571,43755
32797,49567,43879
32860,49571,43949
32948,49569,43821
32908,49572,43877
32917,49575,43877
33073,49559,43935
33104,49567,43940
33108,49559,43745
33188,49559,43860
33129,49554,43815
32969,49484,43848
32983,49567,43935
33088,49556,43887
33108,49559,43575
33068,49567,43854
33136,49575,43351
33029,49558,43833
32832,49551,43861
32736,49487,43831
32712,49525,43681
32608,49559,43441
32704,49543,43723
32804,49543,43725
32770,49557,43751
32746,49559,43565
32895,49495,43133
32872,49543,43693
32780,49559,43459
32848,49543,43463
32877,49543,43399
32788,49543,42997
32741,49557,43327
32840,49543,43417
32839,49503,43201
32852,49535,43326
32909,49533,43141
32888,49559,43151
32804,49543,43079
33036,49527,43124
33073,49532,42937
33026,49481,43015
33114,49543,42949
33217,49537,42967
33208,49559,42813
33189,49543,42804
33252,49521,42639
33237,49543,42594
33045,49543,42468
33081,49527,41799
33165,49532,42389
33080,49543,42255
33074,49543,42319
33057,49469,42087
33032,49504,42109
33108,49541,41884
33172,49543,41571
33090,49543,41607
33040,49535,41189
33135,49527,41653
33120,49541,41463
33014,49479,41332
33008,49541,41204
33180,49513,41161
33312,49535,41153
33332,49541,40892
33364,49532,40629
33412,49543,40895
33428,49535,40090
33432,49511,40697
33380,49540,40527
33169,49523,40509
33124,49533,40269
33112,49479,39721
32988,49543,40302
32916,49543,40048
32900,49541,39975
32805,49527,39772
32762,49525,39783
32940,49521,39767
32972,49511,39458
32964,49527,38943
33004,49525,39559
33124,49533,39305
33132,49479,39221
33109,49539,38966
33191,49524,39035
33072,49525,39024
33001,49527,38799
33029,49461,38677
32597,49527,38724
32008,49517,38569
31468,49525,38557
31044,49458,38335
30504,49539,38210
30016,49543,38343
29721,49541,38149
29596,49453,37969
29810,49537,38044
30405,49524,37886
31096,49519,37895
31725,49525,37735
32596,49524,37749
33609,49533,37580
34412,49541,37637
35118,49535,37394
35980,49532,37413
37036,49533,36986
38372,49529,37185
39700,49509,37117
41036,49516,36972
42137,49509,36973
42636,49517,36804
42656,49519,36813
42298,49541,36730
41610,49489,36741
40844,49543,36625
39888,49535,36687
38720,49484,36507
37536,49535,36511
36428,49543,36345
35333,49499,36403
34478,49543,35774
33924,49543,36103
33461,49559,36252
33044,49563,36009
32737,49556,35969
32521,49503,35459
32335,49555,35881
32244,49541,35781
32150,49543,35860
32017,49484,35633
31940,49557,35509
31976,49543,35526
31925,49543,35609
31812,49493,34932
31861,49561,35236
31925,49543,35235
31912,49559,35108
31962,49472,35229
31892,49543,35087
31653,49524,35077
31630,49543,34815
31760,49543,34883
31700,49557,34705
31544,49532,34713
31516,49567,34783
31536,49549,34703
31521,49557,34669
31542,49543,34585
31601,49479,34671
31472,49541,34483
31492,49557,34580
31813,49551,34380
31780,49556,34455
31741,49567,34239
31828,49559,34085
31852,49495,34197
31768,49525,33953
31748,49559,33789
31708,49543,34159
31685,49559,33972
31796,49553,34055
31938,49556,33871
31993,49551,33979
32093,49556,33785
32164,49525,33847
32064,49543,33689
31861,49556,33727
31808,49479,33572
31768,49543,33569
31577,49543,33486
31564,49551,33533
31733,49542,33380
31756,49543,33447
31772,49476,33261
31904,49567,33265
31972,49531,33140
31880,49542,33143
31916,49479,32975
31924,49537,32893
31857,49533,32797
31836,49541,32514
31936,49479,32906
31940,49543,32701
31996,49543,32671
32113,49540,32559
32143,49535,32546
32050,49521,32302
31925,49527,32229
31849,49479,32515
31795,49540,32285
31849,49541,32198
31973,49543,32067
31919,49469,31948
31937,49555,32125
32142,49531,32100
32236,49493,32184
32196,49541,32030
32250,49519,32099
32199,49525,31983
32080,49477,32007
32100,49529,31953
32289,49523,31959
32337,49533,31893
32284,49507,31946
32353,49535,31863
32308,49517,31890
32210,49477,31826
32270,49533,31941
32264,49527,31811
32176,49519,31864
32158,49495,31476
32301,49517,31804
32332,49519,31371
32340,49519,31751
32545,49503,31373
32633,49524,31879
32468,49517,31719
32458,49505,31677
32484,49505,31604
32416,49451,31443
32452,49519,31827
32615,49495,31717
32721,49519,31832
32736,49467,31729
32752,49492,31847
32809,49505,31341
32751,49501,31751
32800,49485,31739
32808,49492,31680
32709,49485,31815
32712,49497,31750
32824,49449,31836
32937,49495,31653
32997,49481,31409
33101,49493,31909
33279,49412,31762
33316,49492,31801
33394,49478,31622
33626,49478,31415
33508,49415,31647
33424,49485,31527
33446,49472,31951
33221,49487,31833
33028,49473,31825
32952,49475,31823
33064,49475,31781
33181,49479,31728
33244,49413,31533
33268,49471,31993
33132,49479,31900
33076,49473,31967
33158,49475,31749
33026,49485,31922
32871,49479,31980
32804,49471,31783
32737,49475,31943
32692,49471,32055
32684,49452,31932
32644,49469,31895
32534,49474,31885
32552,49474,31987
32634,49471,32157
32664,49405,32039
32678,49478,32155
32728,49471,32021
32588,49442,32029
32303,49463,31962
32205,49461,32167
32185,49451,32073
32061,49441,32196
32032,49460,32096
32088,49457,32279
32110,49475,32151
32028,49399,32053
32100,49451,32303
32152,49467,32199
32160,49455,32245
32148,49459,32082
32135,49467,32103
32085,49447,32191
32116,49440,32233
32148,49467,32263
32097,49471,32419
32028,49393,32308
32110,49471,32435
32116,49457,32342
32047,49392,32471
32092,49459,32353
32144,49437,32306
32056,49455,32259
32068,49433,32325
32120,49463,32317
32144,49465,32353
32100,49471,32366
32196,49451,32422
32328,49399,32455
32278,49455,32512
32293,49446,32466
32337,49383,32557
32172,49458,32468
32048,49449,32584
32133,49459,32505
32124,49469,32637
32032,49461,32519
32136,49393,32603
32220,49455,32517
32144,49455,32599
32056,49411,32541
32113,49451,32615
32096,49443,32527
32124,49429,32575
32262,49449,32557
32285,49447,32501
32216,49456,32439
32260,49448,32447
32320,49447,32476
32285,49441,32618
32259,49447,32637
32309,49373,32500
32220,49441,32532
32148,49441,32441
32188,49375,32573
32164,49461,32563
32254,49447,32421
32388,49451,32495
32385,49446,32661
32276,49372,32655
32265,49377,32749
32312,49367,32599
32223,49445,32591
32149,49415,32667
32176,49447,32671
32233,49451,32391
32252,49391,32701
32285,49436,32657
32305,49435,32805
32240,49451,32672
32284,49439,32615
32352,49360,32708
32265,49445,32655
32204,49428,32826
32192,49447,32667
32208,49447,32703
32244,49441,32685
32341,49437,32791
32396,49379,32679
32324,49447,32791
32316,49415,32646
32324,49429,32643
32224,49428,32519
32205,49356,32633
32272,49415,32639
32371,49435,32525
32469,49424,32405
32562,49426,32747
32550,49431,32583
32509,49356,32531
32604,49415,32477
32612,49431,32185
32500,49407,32729
32432,49415,32415
32484,49431,32186
32568,49367,32551
32622,49429,32575
32684,49433,32537
32656,49362,32252
32466,49410,32660
32270,49415,32497
32214,49415,32221
32130,49415,32674
32130,49415,32527
32316,49405,32501
32365,49415,32487
32305,49415,32532
32388,49415,32657
32388,49389,32519
32272,49413,32564
32350,49399,32407
32452,49369,32492
32452,49399,32589
32342,49415,32447
32395,49406,32447
32429,49415,32443
32528,49399,32141
32700,49415,32598
32780,49415,32335
32748,49415,32519
32741,49405,32541
32653,49397,32404
32442,49379,32135
32357,49415,32615
32516,49415,32500
32628,49393,32444
32733,49413,32500
32830,49389,32537
32831,49408,32679
32721,49399,32542
32670,49401,32633
32724,49349,32564
32639,49397,32585
32596,49399,32551
32772,49407,32526
32805,49380,32437
32832,49407,32197
32860,49399,32561
32933,49359,32359
32837,49405,32655
32820,49382,32638
32800,49383,32743
32636,49396,32575
32558,49391,32355
32632,49403,32799
32631,49407,32720
32669,49391,32829
32858,49375,32743
32984,49391,32739
33024,49381,32789
32996,49383,32908
33032,49377,32815
32876,49383,32831
32736,49367,32711
32708,49381,32764
32800,49380,32744
33012,49317,32919
33160,49391,32911
33117,49383,33031
32876,49383,32927
32653,49383,32863
32652,49380,33127
32548,49364,32933
32544,49329,33087
32631,49319,33055
32672,49327,33221
32655,49377,33143
32628,49374,33199
32676,49375,32999
32684,49343,32919
32788,49375,33345
32869,49373,33141
32701,49367,33193
32472,49379,33108
32540,49319,32884
32574,49377,33455
32529,49391,33317
32614,49375,33139
32729,49365,33459
32734,49361,33391
32716,49280,33460
32740,49363,33343
32728,49356,33332
32637,49363,33586
32768,49365,33447
32800,49383,33405
32814,49369,33598
32950,49369,33483
33048,49353,33647
33076,49364,33510
33136,49357,33479
33204,49333,33428
32948,49357,33142
32809,49357,33395
32960,49351,33457
33049,49361,33421
33065,49365,33463
33184,49357,33543
33132,49357,33603
32928,49328,33519
32917,49357,33185
32881,49346,33619
32709,49349,33180
32625,49317,33757
32744,49365,33612
32796,49351,33559
32757,49357,33727
32910,49287,33617
32884,49300,33661
32826,49346,33613
32836,49345,33605
32951,49269,33561
32908,49356,33606
32928,49327,33490
33108,49347,33483
33171,49337,33431
33124,49344,33197
33068,49359,33741
33069,49341,33597
32968,49347,33692
33012,49299,33572
33024,49335,33627
32828,49339,33578
32764,49305,33650
32734,49336,33575
32742,49349,33543
32765,49359,33413
32854,49287,33543
32972,49358,33707
32968,49341,33567
32876,49335,33641
32797,49319,33543
32732,49311,33497
32636,49349,33380
32639,49339,33304
32412,49349,33655
32181,49363,33501
31676,49351,33594
31024,49345,33535
30340,49292,33572
29700,49359,33382
29225,49351,33463
29080,49345,33175
29341,49348,33692
29936,49359,33403
30562,49353,33565
31304,49347,33133
32328,49351,33543
33356,49343,33147
34100,49351,33397
34716,49335,33515
35696,49311,33523
36941,49349,33645
38224,49320,33603
39616,49343,33700
40724,49344,33581
41692,49349,33724
42276,49351,33599
42341,49338,33759
41936,49344,33469
41248,49351,33228
40408,49337,33749
39580,49348,33583
38608,49311,33668
37668,49335,33751
36628,49377,33599
35342,49371,33431
34391,49376,33703
33832,49305,33700
33310,49369,33863
33017,49351,33720
32636,49359,33751
32336,49361,33621
32320,49373,33719
32382,49377,33649
32276,49364,33791
31972,49371,33783
32048,49379,33637
31901,49364,33823
31568,49317,33925
31476,49359,33835
31732,49351,33937
31712,49348,33748
31878,49357,33687
31927,49365,33700
31636,49349,33724
31396,49287,33701
31359,49351,33839
31376,49349,33861
31384,49301,33957
31360,49359,33916
31436,49359,33751
31413,49351,33845
31332,49347,33809
31673,49351,33894
31825,49351,33900
31816,49347,34002
31844,49347,33959
31692,49279,34085
31531,49351,33996
31465,49335,34117
31622,49336,34023
31628,49324,34167
31340,49335,33599
31554,49340,34071
31700,49343,33791
31706,49339,34054
31925,49347,33647
