true,prob,confidence,subject_id,dataset,source_ds
0,0.5204524,1.0,stressid_tmvd,stressid,stressid
0,0.5025059,1.0,stressid_tmvd,stressid,stressid
0,0.47232482,1.0,stressid_tmvd,stressid,stressid
0,0.47579125,1.0,stressid_tmvd,stressid,stressid
0,0.47579715,1.0,stressid_tmvd,stressid,stressid
0,0.4501688,1.0,stressid_tmvd,stressid,stressid
0,0.4192591,1.0,stressid_tmvd,stressid,stressid
0,0.40895885,1.0,stressid_tmvd,stressid,stressid
0,0.4522728,1.0,stressid_tmvd,stressid,stressid
0,0.47346506,1.0,stressid_tmvd,stressid,stressid
0,0.4909983,1.0,stressid_tmvd,stressid,stressid
0,0.4855759,1.0,stressid_tmvd,stressid,stressid
0,0.47720852,1.0,stressid_tmvd,stressid,stressid
0,0.4938391,1.0,stressid_tmvd,stressid,stressid
0,0.49635524,1.0,stressid_tmvd,stressid,stressid
0,0.5009641,1.0,stressid_tmvd,stressid,stressid
0,0.5025651,1.0,stressid_tmvd,stressid,stressid
0,0.5075268,1.0,stressid_tmvd,stressid,stressid
0,0.50337243,1.0,stressid_tmvd,stressid,stressid
0,0.5066812,1.0,stressid_tmvd,stressid,stressid
0,0.49998304,1.0,stressid_tmvd,stressid,stressid
0,0.48653978,1.0,stressid_tmvd,stressid,stressid
0,0.47387642,1.0,stressid_tmvd,stressid,stressid
0,0.49202687,1.0,stressid_tmvd,stressid,stressid
0,0.4801695,1.0,stressid_tmvd,stressid,stressid
0,0.47406098,1.0,stressid_tmvd,stressid,stressid
0,0.44068128,1.0,stressid_tmvd,stressid,stressid
0,0.42561355,1.0,stressid_tmvd,stressid,stressid
0,0.41561192,1.0,stressid_tmvd,stressid,stressid
0,0.25895602,1.0,stressid_tmvd,stressid,stressid
0,0.25894657,1.0,stressid_tmvd,stressid,stressid
0,0.25895792,1.0,stressid_tmvd,stressid,stressid
0,0.25924596,1.0,stressid_tmvd,stressid,stressid
0,0.25927693,1.0,stressid_tmvd,stressid,stressid
0,0.5043218,1.0,stressid_tmvd,stressid,stressid
0,0.25895497,1.0,stressid_tmvd,stressid,stressid
0,0.25898272,1.0,stressid_tmvd,stressid,stressid
0,0.25894594,1.0,stressid_tmvd,stressid,stressid
0,0.25891808,1.0,stressid_tmvd,stressid,stressid
0,0.25894728,1.0,stressid_tmvd,stressid,stressid
0,0.25894767,1.0,stressid_tmvd,stressid,stressid
0,0.25892463,1.0,stressid_tmvd,stressid,stressid
0,0.2590608,1.0,stressid_tmvd,stressid,stressid
0,0.25939745,1.0,stressid_tmvd,stressid,stressid
0,0.259384,1.0,stressid_tmvd,stressid,stressid
0,0.49602687,1.0,stressid_tmvd,stressid,stressid
0,0.25910446,1.0,stressid_tmvd,stressid,stressid
0,0.25929776,1.0,stressid_tmvd,stressid,stressid
0,0.25925753,1.0,stressid_tmvd,stressid,stressid
0,0.25910205,1.0,stressid_tmvd,stressid,stressid
0,0.25907868,1.0,stressid_tmvd,stressid,stressid
0,0.25906,1.0,stressid_tmvd,stressid,stressid
0,0.259028,1.0,stressid_tmvd,stressid,stressid
0,0.2590958,1.0,stressid_tmvd,stressid,stressid
0,0.25840205,1.0,stressid_tmvd,stressid,stressid
0,0.50248027,1.0,stressid_tmvd,stressid,stressid
0,0.48962572,1.0,stressid_tmvd,stressid,stressid
0,0.47884318,1.0,stressid_tmvd,stressid,stressid
0,0.47971117,1.0,stressid_tmvd,stressid,stressid
0,0.74407923,1.0,stressid_tmvd,stressid,stressid
0,0.75288945,1.0,stressid_tmvd,stressid,stressid
0,0.77521175,1.0,stressid_tmvd,stressid,stressid
0,0.7859925,1.0,stressid_tmvd,stressid,stressid
0,0.7779398,1.0,stressid_tmvd,stressid,stressid
0,0.7740069,1.0,stressid_tmvd,stressid,stressid
0,0.7844242,1.0,stressid_tmvd,stressid,stressid
0,0.7563505,1.0,stressid_tmvd,stressid,stressid
0,0.75886273,1.0,stressid_tmvd,stressid,stressid
0,0.76468706,1.0,stressid_tmvd,stressid,stressid
0,0.76484716,1.0,stressid_tmvd,stressid,stressid
0,0.7538942,1.0,stressid_tmvd,stressid,stressid
0,0.7534562,1.0,stressid_tmvd,stressid,stressid
0,0.7492508,1.0,stressid_tmvd,stressid,stressid
0,0.74770474,1.0,stressid_tmvd,stressid,stressid
0,0.76913756,1.0,stressid_tmvd,stressid,stressid
0,0.73557585,1.0,stressid_tmvd,stressid,stressid
0,0.7294065,1.0,stressid_tmvd,stressid,stressid
0,0.7468567,1.0,stressid_tmvd,stressid,stressid
0,0.77782214,1.0,stressid_tmvd,stressid,stressid
0,0.78304935,1.0,stressid_tmvd,stressid,stressid
0,0.7374133,1.0,stressid_tmvd,stressid,stressid
0,0.78634566,1.0,stressid_tmvd,stressid,stressid
0,0.7808707,1.0,stressid_tmvd,stressid,stressid
0,0.7906619,1.0,stressid_tmvd,stressid,stressid
0,0.7663456,1.0,stressid_tmvd,stressid,stressid
0,0.76768017,1.0,stressid_tmvd,stressid,stressid
0,0.7584729,1.0,stressid_tmvd,stressid,stressid
0,0.75207204,1.0,stressid_tmvd,stressid,stressid
0,0.7491918,1.0,stressid_tmvd,stressid,stressid
0,0.76512736,1.0,stressid_tmvd,stressid,stressid
0,0.7648654,1.0,stressid_tmvd,stressid,stressid
0,0.7425912,1.0,stressid_tmvd,stressid,stressid
0,0.7459796,1.0,stressid_tmvd,stressid,stressid
0,0.7545975,1.0,stressid_tmvd,stressid,stressid
0,0.7541907,1.0,stressid_tmvd,stressid,stressid
0,0.7430064,1.0,stressid_tmvd,stressid,stressid
0,0.7348928,1.0,stressid_tmvd,stressid,stressid
1,0.817209,1.0,stressid_tmvd,stressid,stressid
1,0.75479984,1.0,stressid_tmvd,stressid,stressid
1,0.7888216,1.0,stressid_tmvd,stressid,stressid
1,0.7767749,1.0,stressid_tmvd,stressid,stressid
1,0.7830128,1.0,stressid_tmvd,stressid,stressid
1,0.780988,1.0,stressid_tmvd,stressid,stressid
1,0.7910118,1.0,stressid_tmvd,stressid,stressid
1,0.78876054,1.0,stressid_tmvd,stressid,stressid
1,0.78667784,1.0,stressid_tmvd,stressid,stressid
1,0.77962995,1.0,stressid_tmvd,stressid,stressid
1,0.7802541,1.0,stressid_tmvd,stressid,stressid
1,0.76724744,1.0,stressid_tmvd,stressid,stressid
1,0.79101074,1.0,stressid_tmvd,stressid,stressid
1,0.76815844,1.0,stressid_tmvd,stressid,stressid
1,0.76739305,1.0,stressid_tmvd,stressid,stressid
1,0.7730133,1.0,stressid_tmvd,stressid,stressid
1,0.7905694,1.0,stressid_tmvd,stressid,stressid
1,0.81132823,1.0,stressid_tmvd,stressid,stressid
1,0.7921685,1.0,stressid_tmvd,stressid,stressid
1,0.81375927,1.0,stressid_tmvd,stressid,stressid
1,0.78884894,1.0,stressid_tmvd,stressid,stressid
1,0.8133901,1.0,stressid_tmvd,stressid,stressid
1,0.7883568,1.0,stressid_tmvd,stressid,stressid
1,0.7921638,1.0,stressid_tmvd,stressid,stressid
1,0.77111894,1.0,stressid_tmvd,stressid,stressid
1,0.7685117,1.0,stressid_tmvd,stressid,stressid
1,0.79531777,1.0,stressid_tmvd,stressid,stressid
1,0.79868805,1.0,stressid_tmvd,stressid,stressid
1,0.76700777,1.0,stressid_tmvd,stressid,stressid
1,0.7681489,1.0,stressid_tmvd,stressid,stressid
1,0.7723944,1.0,stressid_tmvd,stressid,stressid
1,0.7944901,1.0,stressid_tmvd,stressid,stressid
1,0.8011376,1.0,stressid_tmvd,stressid,stressid
1,0.7740832,1.0,stressid_tmvd,stressid,stressid
1,0.7685607,1.0,stressid_tmvd,stressid,stressid
1,0.78193355,1.0,stressid_tmvd,stressid,stressid
1,0.793352,1.0,stressid_tmvd,stressid,stressid
1,0.8144427,1.0,stressid_tmvd,stressid,stressid
0,0.83291155,1.0,stressid_tmvd,stressid,stressid
0,0.824683,1.0,stressid_tmvd,stressid,stressid
0,0.7904267,1.0,stressid_tmvd,stressid,stressid
0,0.79113495,1.0,stressid_tmvd,stressid,stressid
0,0.80348104,1.0,stressid_tmvd,stressid,stressid
0,0.8039625,1.0,stressid_tmvd,stressid,stressid
0,0.8048713,1.0,stressid_tmvd,stressid,stressid
0,0.8017917,1.0,stressid_tmvd,stressid,stressid
0,0.8101102,1.0,stressid_tmvd,stressid,stressid
0,0.81019366,1.0,stressid_tmvd,stressid,stressid
0,0.76384914,1.0,stressid_tmvd,stressid,stressid
0,0.80680513,1.0,stressid_tmvd,stressid,stressid
0,0.78196687,1.0,stressid_tmvd,stressid,stressid
0,0.793799,1.0,stressid_tmvd,stressid,stressid
0,0.7975005,1.0,stressid_tmvd,stressid,stressid
0,0.8056269,1.0,stressid_tmvd,stressid,stressid
0,0.80160874,1.0,stressid_tmvd,stressid,stressid
0,0.80169976,1.0,stressid_tmvd,stressid,stressid
0,0.7942945,1.0,stressid_tmvd,stressid,stressid
0,0.6314002,1.0,stressid_tmvd,stressid,stressid
0,0.6180047,1.0,stressid_tmvd,stressid,stressid
0,0.5811453,1.0,stressid_tmvd,stressid,stressid
0,0.59020275,1.0,stressid_tmvd,stressid,stressid
0,0.6047364,1.0,stressid_tmvd,stressid,stressid
0,0.59709597,1.0,stressid_tmvd,stressid,stressid
0,0.5793455,1.0,stressid_tmvd,stressid,stressid
0,0.5628896,1.0,stressid_tmvd,stressid,stressid
0,0.5802075,1.0,stressid_tmvd,stressid,stressid
0,0.6107309,1.0,stressid_tmvd,stressid,stressid
0,0.6033195,1.0,stressid_tmvd,stressid,stressid
0,0.5916987,1.0,stressid_tmvd,stressid,stressid
0,0.6251687,1.0,stressid_tmvd,stressid,stressid
0,0.58283955,1.0,stressid_tmvd,stressid,stressid
0,0.5815677,1.0,stressid_tmvd,stressid,stressid
0,0.5935313,1.0,stressid_tmvd,stressid,stressid
0,0.60448015,1.0,stressid_tmvd,stressid,stressid
0,0.60033447,1.0,stressid_tmvd,stressid,stressid
0,0.6117293,1.0,stressid_tmvd,stressid,stressid
0,0.61520886,1.0,stressid_tmvd,stressid,stressid
0,0.6077737,1.0,stressid_tmvd,stressid,stressid
0,0.60074115,1.0,stressid_tmvd,stressid,stressid
0,0.25923604,1.0,stressid_tmvd,stressid,stressid
0,0.62404895,1.0,stressid_tmvd,stressid,stressid
0,0.25801975,1.0,stressid_tmvd,stressid,stressid
0,0.25898212,1.0,stressid_tmvd,stressid,stressid
0,0.26034382,1.0,stressid_tmvd,stressid,stressid
0,0.26027405,1.0,stressid_tmvd,stressid,stressid
0,0.26012152,1.0,stressid_tmvd,stressid,stressid
0,0.2601662,1.0,stressid_tmvd,stressid,stressid
0,0.2603556,1.0,stressid_tmvd,stressid,stressid
0,0.25954306,1.0,stressid_tmvd,stressid,stressid
0,0.26006198,1.0,stressid_tmvd,stressid,stressid
0,0.26048902,1.0,stressid_tmvd,stressid,stressid
0,0.62333834,1.0,stressid_tmvd,stressid,stressid
0,0.26033747,1.0,stressid_tmvd,stressid,stressid
0,0.26013827,1.0,stressid_tmvd,stressid,stressid
0,0.26009843,1.0,stressid_tmvd,stressid,stressid
0,0.2602459,1.0,stressid_tmvd,stressid,stressid
0,0.2601153,1.0,stressid_tmvd,stressid,stressid
0,0.25975215,1.0,stressid_tmvd,stressid,stressid
0,0.25986913,1.0,stressid_tmvd,stressid,stressid
0,0.2600667,1.0,stressid_tmvd,stressid,stressid
0,0.25934044,1.0,stressid_tmvd,stressid,stressid
0,0.6284366,1.0,stressid_tmvd,stressid,stressid
0,0.62978387,1.0,stressid_tmvd,stressid,stressid
0,0.6186924,1.0,stressid_tmvd,stressid,stressid
0,0.6060362,1.0,stressid_tmvd,stressid,stressid
0,0.5895097,1.0,stressid_tmvd,stressid,stressid
1,0.7785136,1.0,stressid_tmvd,stressid,stressid
1,0.7689176,1.0,stressid_tmvd,stressid,stressid
1,0.7795522,1.0,stressid_tmvd,stressid,stressid
1,0.7827385,1.0,stressid_tmvd,stressid,stressid
1,0.7881643,1.0,stressid_tmvd,stressid,stressid
1,0.75590825,1.0,stressid_tmvd,stressid,stressid
1,0.74609137,1.0,stressid_tmvd,stressid,stressid
1,0.7514736,1.0,stressid_tmvd,stressid,stressid
1,0.7363461,1.0,stressid_tmvd,stressid,stressid
1,0.7338118,1.0,stressid_tmvd,stressid,stressid
1,0.7165792,1.0,stressid_tmvd,stressid,stressid
1,0.76973045,1.0,stressid_tmvd,stressid,stressid
1,0.7738547,1.0,stressid_tmvd,stressid,stressid
1,0.7660169,1.0,stressid_tmvd,stressid,stressid
1,0.7573367,1.0,stressid_tmvd,stressid,stressid
1,0.75303805,1.0,stressid_tmvd,stressid,stressid
1,0.75207126,1.0,stressid_tmvd,stressid,stressid
1,0.7469673,1.0,stressid_tmvd,stressid,stressid
1,0.76569945,1.0,stressid_tmvd,stressid,stressid
0,0.81300443,1.0,stressid_tmvd,stressid,stressid
0,0.8140234,1.0,stressid_tmvd,stressid,stressid
0,0.79875094,1.0,stressid_tmvd,stressid,stressid
0,0.76539713,1.0,stressid_tmvd,stressid,stressid
0,0.7832262,1.0,stressid_tmvd,stressid,stressid
0,0.78411794,1.0,stressid_tmvd,stressid,stressid
0,0.774239,1.0,stressid_tmvd,stressid,stressid
0,0.7933478,1.0,stressid_tmvd,stressid,stressid
0,0.77579504,1.0,stressid_tmvd,stressid,stressid
0,0.7581151,1.0,stressid_tmvd,stressid,stressid
0,0.7777124,1.0,stressid_tmvd,stressid,stressid
0,0.81377834,1.0,stressid_tmvd,stressid,stressid
0,0.8168204,1.0,stressid_tmvd,stressid,stressid
0,0.8091031,1.0,stressid_tmvd,stressid,stressid
0,0.8121609,1.0,stressid_tmvd,stressid,stressid
0,0.8167136,1.0,stressid_tmvd,stressid,stressid
0,0.82371306,1.0,stressid_tmvd,stressid,stressid
0,0.8276442,1.0,stressid_tmvd,stressid,stressid
0,0.8181109,1.0,stressid_tmvd,stressid,stressid
0,0.45680878,1.0,stressid_tmvd,stressid,stressid
0,0.476696,1.0,stressid_tmvd,stressid,stressid
0,0.47240686,1.0,stressid_tmvd,stressid,stressid
0,0.4683492,1.0,stressid_tmvd,stressid,stressid
0,0.44402418,1.0,stressid_tmvd,stressid,stressid
0,0.45021984,1.0,stressid_tmvd,stressid,stressid
0,0.4318851,1.0,stressid_tmvd,stressid,stressid
0,0.4319027,1.0,stressid_tmvd,stressid,stressid
0,0.4469171,1.0,stressid_tmvd,stressid,stressid
0,0.45572552,1.0,stressid_tmvd,stressid,stressid
0,0.4644841,1.0,stressid_tmvd,stressid,stressid
0,0.45676452,1.0,stressid_tmvd,stressid,stressid
0,0.46651226,1.0,stressid_tmvd,stressid,stressid
0,0.45586625,1.0,stressid_tmvd,stressid,stressid
0,0.44896138,1.0,stressid_tmvd,stressid,stressid
0,0.442736,1.0,stressid_tmvd,stressid,stressid
0,0.43182278,1.0,stressid_tmvd,stressid,stressid
0,0.46173766,1.0,stressid_tmvd,stressid,stressid
0,0.4605218,1.0,stressid_tmvd,stressid,stressid
0,0.45859027,1.0,stressid_tmvd,stressid,stressid
0,0.44496283,1.0,stressid_tmvd,stressid,stressid
0,0.4342338,1.0,stressid_tmvd,stressid,stressid
0,0.43940547,1.0,stressid_tmvd,stressid,stressid
0,0.53334343,1.0,stressid_tmvd,stressid,stressid
0,0.4223042,1.0,stressid_tmvd,stressid,stressid
0,0.42946094,1.0,stressid_tmvd,stressid,stressid
0,0.4548805,1.0,stressid_tmvd,stressid,stressid
0,0.2587583,1.0,stressid_tmvd,stressid,stressid
0,0.25876182,1.0,stressid_tmvd,stressid,stressid
0,0.25875813,1.0,stressid_tmvd,stressid,stressid
0,0.25876123,1.0,stressid_tmvd,stressid,stressid
0,0.25876674,1.0,stressid_tmvd,stressid,stressid
0,0.2587697,1.0,stressid_tmvd,stressid,stressid
0,0.25876945,1.0,stressid_tmvd,stressid,stressid
0,0.55105543,1.0,stressid_tmvd,stressid,stressid
0,0.2587672,1.0,stressid_tmvd,stressid,stressid
0,0.25876343,1.0,stressid_tmvd,stressid,stressid
0,0.25875884,1.0,stressid_tmvd,stressid,stressid
0,0.25875917,1.0,stressid_tmvd,stressid,stressid
0,0.2587594,1.0,stressid_tmvd,stressid,stressid
0,0.25876564,1.0,stressid_tmvd,stressid,stressid
0,0.25876403,1.0,stressid_tmvd,stressid,stressid
0,0.2587648,1.0,stressid_tmvd,stressid,stressid
0,0.2587722,1.0,stressid_tmvd,stressid,stressid
0,0.25879186,1.0,stressid_tmvd,stressid,stressid
0,0.483337,1.0,stressid_tmvd,stressid,stressid
0,0.25881386,1.0,stressid_tmvd,stressid,stressid
0,0.2588086,1.0,stressid_tmvd,stressid,stressid
0,0.25879303,1.0,stressid_tmvd,stressid,stressid
0,0.25878623,1.0,stressid_tmvd,stressid,stressid
0,0.25879198,1.0,stressid_tmvd,stressid,stressid
0,0.25879174,1.0,stressid_tmvd,stressid,stressid
0,0.25878826,1.0,stressid_tmvd,stressid,stressid
0,0.44455194,1.0,stressid_tmvd,stressid,stressid
0,0.438619,1.0,stressid_tmvd,stressid,stressid
0,0.43662637,1.0,stressid_tmvd,stressid,stressid
0,0.45339733,1.0,stressid_tmvd,stressid,stressid
0,0.49593374,1.0,stressid_tmvd,stressid,stressid
0,0.48098165,1.0,stressid_tmvd,stressid,stressid
0,0.4027371,1.0,stressid_tmvd,stressid,stressid
0,0.4037736,1.0,stressid_tmvd,stressid,stressid
0,0.39876047,1.0,stressid_tmvd,stressid,stressid
0,0.3984298,1.0,stressid_tmvd,stressid,stressid
0,0.39114863,1.0,stressid_tmvd,stressid,stressid
0,0.38188925,1.0,stressid_tmvd,stressid,stressid
0,0.35583016,1.0,stressid_tmvd,stressid,stressid
0,0.34647372,1.0,stressid_tmvd,stressid,stressid
0,0.33998364,1.0,stressid_tmvd,stressid,stressid
0,0.33816105,1.0,stressid_tmvd,stressid,stressid
0,0.45529383,1.0,stressid_tmvd,stressid,stressid
0,0.3314957,1.0,stressid_tmvd,stressid,stressid
0,0.3254344,1.0,stressid_tmvd,stressid,stressid
0,0.25883982,1.0,stressid_tmvd,stressid,stressid
0,0.25884458,1.0,stressid_tmvd,stressid,stressid
0,0.25884843,1.0,stressid_tmvd,stressid,stressid
0,0.25884488,1.0,stressid_tmvd,stressid,stressid
0,0.2588431,1.0,stressid_tmvd,stressid,stressid
0,0.2588455,1.0,stressid_tmvd,stressid,stressid
0,0.25884187,1.0,stressid_tmvd,stressid,stressid
0,0.25883996,1.0,stressid_tmvd,stressid,stressid
0,0.45351502,1.0,stressid_tmvd,stressid,stressid
0,0.2588348,1.0,stressid_tmvd,stressid,stressid
0,0.2587354,1.0,stressid_tmvd,stressid,stressid
0,0.25903764,1.0,stressid_tmvd,stressid,stressid
0,0.25886008,1.0,stressid_tmvd,stressid,stressid
0,0.25885472,1.0,stressid_tmvd,stressid,stressid
0,0.25885123,1.0,stressid_tmvd,stressid,stressid
0,0.25884977,1.0,stressid_tmvd,stressid,stressid
0,0.2588305,1.0,stressid_tmvd,stressid,stressid
0,0.45263055,1.0,stressid_tmvd,stressid,stressid
0,0.45491102,1.0,stressid_tmvd,stressid,stressid
0,0.4299878,1.0,stressid_tmvd,stressid,stressid
0,0.40888408,1.0,stressid_tmvd,stressid,stressid
0,0.4081533,1.0,stressid_tmvd,stressid,stressid
0,0.4048041,1.0,stressid_tmvd,stressid,stressid
0,0.2712931,1.0,stressid_h8r2,stressid,stressid
0,0.28182754,1.0,stressid_h8r2,stressid,stressid
0,0.24284218,1.0,stressid_h8r2,stressid,stressid
0,0.25906253,1.0,stressid_h8r2,stressid,stressid
0,0.26554012,1.0,stressid_h8r2,stressid,stressid
0,0.25075755,1.0,stressid_h8r2,stressid,stressid
0,0.2642248,1.0,stressid_h8r2,stressid,stressid
0,0.28909302,1.0,stressid_h8r2,stressid,stressid
0,0.29330102,1.0,stressid_h8r2,stressid,stressid
0,0.2912542,1.0,stressid_h8r2,stressid,stressid
0,0.28903517,1.0,stressid_h8r2,stressid,stressid
0,0.28782845,1.0,stressid_h8r2,stressid,stressid
0,0.2799156,1.0,stressid_h8r2,stressid,stressid
0,0.28336927,1.0,stressid_h8r2,stressid,stressid
0,0.26837543,1.0,stressid_h8r2,stressid,stressid
0,0.24821965,1.0,stressid_h8r2,stressid,stressid
0,0.24309501,1.0,stressid_h8r2,stressid,stressid
0,0.24435124,1.0,stressid_h8r2,stressid,stressid
0,0.24641061,1.0,stressid_h8r2,stressid,stressid
0,0.26577565,1.0,stressid_h8r2,stressid,stressid
0,0.25210887,1.0,stressid_h8r2,stressid,stressid
0,0.23735675,1.0,stressid_h8r2,stressid,stressid
0,0.24493322,1.0,stressid_h8r2,stressid,stressid
0,0.24480651,1.0,stressid_h8r2,stressid,stressid
0,0.25295928,1.0,stressid_h8r2,stressid,stressid
0,0.26210025,1.0,stressid_h8r2,stressid,stressid
0,0.2644283,1.0,stressid_h8r2,stressid,stressid
0,0.26105323,1.0,stressid_h8r2,stressid,stressid
0,0.25696582,1.0,stressid_h8r2,stressid,stressid
0,0.23384589,1.0,stressid_h8r2,stressid,stressid
0,0.2684815,1.0,stressid_h8r2,stressid,stressid
0,0.29192066,1.0,stressid_h8r2,stressid,stressid
0,0.27364734,1.0,stressid_h8r2,stressid,stressid
0,0.24842986,1.0,stressid_h8r2,stressid,stressid
0,0.2410521,1.0,stressid_h8r2,stressid,stressid
1,0.7511826,1.0,stressid_h8r2,stressid,stressid
1,0.7570295,1.0,stressid_h8r2,stressid,stressid
1,0.73525447,1.0,stressid_h8r2,stressid,stressid
1,0.5672448,1.0,stressid_h8r2,stressid,stressid
1,0.5611333,1.0,stressid_h8r2,stressid,stressid
1,0.5395117,1.0,stressid_h8r2,stressid,stressid
1,0.5424743,1.0,stressid_h8r2,stressid,stressid
1,0.5574075,1.0,stressid_h8r2,stressid,stressid
1,0.5898664,1.0,stressid_h8r2,stressid,stressid
1,0.56805795,1.0,stressid_h8r2,stressid,stressid
1,0.5520619,1.0,stressid_h8r2,stressid,stressid
1,0.7202318,1.0,stressid_h8r2,stressid,stressid
1,0.69786,1.0,stressid_h8r2,stressid,stressid
1,0.73410374,1.0,stressid_h8r2,stressid,stressid
1,0.7961101,1.0,stressid_h8r2,stressid,stressid
1,0.77398175,1.0,stressid_h8r2,stressid,stressid
1,0.7213092,1.0,stressid_h8r2,stressid,stressid
1,0.7057929,1.0,stressid_h8r2,stressid,stressid
1,0.685388,1.0,stressid_h8r2,stressid,stressid
1,0.7161471,1.0,stressid_h8r2,stressid,stressid
1,0.7437808,1.0,stressid_h8r2,stressid,stressid
1,0.74955803,1.0,stressid_h8r2,stressid,stressid
1,0.5391511,1.0,stressid_h8r2,stressid,stressid
1,0.5380284,1.0,stressid_h8r2,stressid,stressid
1,0.55458957,1.0,stressid_h8r2,stressid,stressid
1,0.5487448,1.0,stressid_h8r2,stressid,stressid
1,0.5951264,1.0,stressid_h8r2,stressid,stressid
1,0.6130757,1.0,stressid_h8r2,stressid,stressid
1,0.55764514,1.0,stressid_h8r2,stressid,stressid
1,0.5516337,1.0,stressid_h8r2,stressid,stressid
1,0.8145558,1.0,stressid_h8r2,stressid,stressid
1,0.79166335,1.0,stressid_h8r2,stressid,stressid
1,0.76060754,1.0,stressid_h8r2,stressid,stressid
1,0.7728154,1.0,stressid_h8r2,stressid,stressid
1,0.7371083,1.0,stressid_h8r2,stressid,stressid
1,0.70623666,1.0,stressid_h8r2,stressid,stressid
1,0.71960944,1.0,stressid_h8r2,stressid,stressid
1,0.7385976,1.0,stressid_h8r2,stressid,stressid
1,0.7055072,1.0,stressid_h8r2,stressid,stressid
1,0.70335186,1.0,stressid_h8r2,stressid,stressid
1,0.789829,1.0,stressid_h8r2,stressid,stressid
1,0.6110612,1.0,stressid_h8r2,stressid,stressid
1,0.6103346,1.0,stressid_h8r2,stressid,stressid
1,0.56100845,1.0,stressid_h8r2,stressid,stressid
1,0.60543036,1.0,stressid_h8r2,stressid,stressid
1,0.62780946,1.0,stressid_h8r2,stressid,stressid
1,0.59471124,1.0,stressid_h8r2,stressid,stressid
1,0.569163,1.0,stressid_h8r2,stressid,stressid
1,0.543131,1.0,stressid_h8r2,stressid,stressid
1,0.7071752,1.0,stressid_h8r2,stressid,stressid
1,0.71339273,1.0,stressid_h8r2,stressid,stressid
1,0.7108865,1.0,stressid_h8r2,stressid,stressid
1,0.72407234,1.0,stressid_h8r2,stressid,stressid
1,0.7468908,1.0,stressid_h8r2,stressid,stressid
1,0.75507843,1.0,stressid_h8r2,stressid,stressid
1,0.76439095,1.0,stressid_h8r2,stressid,stressid
1,0.7823161,1.0,stressid_h8r2,stressid,stressid
1,0.70826685,1.0,stressid_h8r2,stressid,stressid
1,0.7009907,1.0,stressid_h8r2,stressid,stressid
1,0.8559584,1.0,stressid_h8r2,stressid,stressid
1,0.5488766,1.0,stressid_h8r2,stressid,stressid
1,0.55835867,1.0,stressid_h8r2,stressid,stressid
1,0.55818284,1.0,stressid_h8r2,stressid,stressid
1,0.56058383,1.0,stressid_h8r2,stressid,stressid
1,0.54241085,1.0,stressid_h8r2,stressid,stressid
1,0.54426014,1.0,stressid_h8r2,stressid,stressid
1,0.55687684,1.0,stressid_h8r2,stressid,stressid
1,0.5693225,1.0,stressid_h8r2,stressid,stressid
1,0.7037549,1.0,stressid_h8r2,stressid,stressid
1,0.69861245,1.0,stressid_h8r2,stressid,stressid
1,0.7635869,1.0,stressid_h8r2,stressid,stressid
1,0.8621297,1.0,stressid_h8r2,stressid,stressid
1,0.841154,1.0,stressid_h8r2,stressid,stressid
1,0.762938,1.0,stressid_h8r2,stressid,stressid
1,0.7976673,1.0,stressid_h8r2,stressid,stressid
1,0.8506886,1.0,stressid_h8r2,stressid,stressid
0,0.7034005,1.0,stressid_h8r2,stressid,stressid
0,0.71678376,1.0,stressid_h8r2,stressid,stressid
0,0.70632076,1.0,stressid_h8r2,stressid,stressid
0,0.56192476,1.0,stressid_h8r2,stressid,stressid
0,0.5673822,1.0,stressid_h8r2,stressid,stressid
0,0.561836,1.0,stressid_h8r2,stressid,stressid
0,0.57557136,1.0,stressid_h8r2,stressid,stressid
0,0.58354115,1.0,stressid_h8r2,stressid,stressid
0,0.529493,1.0,stressid_h8r2,stressid,stressid
0,0.529953,1.0,stressid_h8r2,stressid,stressid
0,0.5470662,1.0,stressid_h8r2,stressid,stressid
0,0.7323721,1.0,stressid_h8r2,stressid,stressid
0,0.71849304,1.0,stressid_h8r2,stressid,stressid
0,0.7059053,1.0,stressid_h8r2,stressid,stressid
0,0.70692015,1.0,stressid_h8r2,stressid,stressid
0,0.7101148,1.0,stressid_h8r2,stressid,stressid
0,0.7159337,1.0,stressid_h8r2,stressid,stressid
0,0.7214562,1.0,stressid_h8r2,stressid,stressid
0,0.7113972,1.0,stressid_h8r2,stressid,stressid
0,0.37788677,1.0,stressid_h8r2,stressid,stressid
0,0.37767583,1.0,stressid_h8r2,stressid,stressid
0,0.36463377,1.0,stressid_h8r2,stressid,stressid
0,0.36951882,1.0,stressid_h8r2,stressid,stressid
0,0.3668046,1.0,stressid_h8r2,stressid,stressid
0,0.36031085,1.0,stressid_h8r2,stressid,stressid
0,0.3620404,1.0,stressid_h8r2,stressid,stressid
0,0.36745018,1.0,stressid_h8r2,stressid,stressid
0,0.36432406,1.0,stressid_h8r2,stressid,stressid
0,0.3583585,1.0,stressid_h8r2,stressid,stressid
0,0.35943583,1.0,stressid_h8r2,stressid,stressid
0,0.3664693,1.0,stressid_h8r2,stressid,stressid
0,0.37167725,1.0,stressid_h8r2,stressid,stressid
0,0.36794567,1.0,stressid_h8r2,stressid,stressid
0,0.36710754,1.0,stressid_h8r2,stressid,stressid
0,0.3549286,1.0,stressid_h8r2,stressid,stressid
0,0.35503218,1.0,stressid_h8r2,stressid,stressid
0,0.35632995,1.0,stressid_h8r2,stressid,stressid
0,0.35763818,1.0,stressid_h8r2,stressid,stressid
0,0.35857525,1.0,stressid_h8r2,stressid,stressid
0,0.36089137,1.0,stressid_h8r2,stressid,stressid
0,0.36155826,1.0,stressid_h8r2,stressid,stressid
0,0.34141803,1.0,stressid_h8r2,stressid,stressid
0,0.36004174,1.0,stressid_h8r2,stressid,stressid
0,0.34142196,1.0,stressid_h8r2,stressid,stressid
0,0.34147573,1.0,stressid_h8r2,stressid,stressid
0,0.34155262,1.0,stressid_h8r2,stressid,stressid
0,0.34161273,1.0,stressid_h8r2,stressid,stressid
0,0.3416766,1.0,stressid_h8r2,stressid,stressid
0,0.3417543,1.0,stressid_h8r2,stressid,stressid
0,0.34160382,1.0,stressid_h8r2,stressid,stressid
0,0.34225956,1.0,stressid_h8r2,stressid,stressid
0,0.342025,1.0,stressid_h8r2,stressid,stressid
0,0.3417253,1.0,stressid_h8r2,stressid,stressid
0,0.36425632,1.0,stressid_h8r2,stressid,stressid
0,0.34175864,1.0,stressid_h8r2,stressid,stressid
0,0.3417696,1.0,stressid_h8r2,stressid,stressid
0,0.34178665,1.0,stressid_h8r2,stressid,stressid
0,0.3418097,1.0,stressid_h8r2,stressid,stressid
0,0.34181005,1.0,stressid_h8r2,stressid,stressid
0,0.34181446,1.0,stressid_h8r2,stressid,stressid
0,0.3418324,1.0,stressid_h8r2,stressid,stressid
0,0.3422018,1.0,stressid_h8r2,stressid,stressid
0,0.3422552,1.0,stressid_h8r2,stressid,stressid
0,0.3727313,1.0,stressid_h8r2,stressid,stressid
0,0.37046316,1.0,stressid_h8r2,stressid,stressid
0,0.3604744,1.0,stressid_h8r2,stressid,stressid
0,0.3609923,1.0,stressid_h8r2,stressid,stressid
0,0.36347437,1.0,stressid_h8r2,stressid,stressid
1,0.7167845,1.0,stressid_h8r2,stressid,stressid
1,0.7478993,1.0,stressid_h8r2,stressid,stressid
1,0.7003732,1.0,stressid_h8r2,stressid,stressid
1,0.64893645,1.0,stressid_h8r2,stressid,stressid
1,0.58252275,1.0,stressid_h8r2,stressid,stressid
1,0.53996783,1.0,stressid_h8r2,stressid,stressid
1,0.54148835,1.0,stressid_h8r2,stressid,stressid
1,0.63095874,1.0,stressid_h8r2,stressid,stressid
1,0.66394794,1.0,stressid_h8r2,stressid,stressid
1,0.58130974,1.0,stressid_h8r2,stressid,stressid
1,0.5913228,1.0,stressid_h8r2,stressid,stressid
1,0.7269538,1.0,stressid_h8r2,stressid,stressid
1,0.7154157,1.0,stressid_h8r2,stressid,stressid
1,0.72755873,1.0,stressid_h8r2,stressid,stressid
1,0.7245889,1.0,stressid_h8r2,stressid,stressid
1,0.71787393,1.0,stressid_h8r2,stressid,stressid
1,0.71092224,1.0,stressid_h8r2,stressid,stressid
1,0.7292126,1.0,stressid_h8r2,stressid,stressid
1,0.7341948,1.0,stressid_h8r2,stressid,stressid
1,0.711214,1.0,stressid_h8r2,stressid,stressid
1,0.7096867,1.0,stressid_h8r2,stressid,stressid
1,0.74738556,1.0,stressid_h8r2,stressid,stressid
1,0.5665989,1.0,stressid_h8r2,stressid,stressid
1,0.53674513,1.0,stressid_h8r2,stressid,stressid
1,0.53870654,1.0,stressid_h8r2,stressid,stressid
1,0.5441103,1.0,stressid_h8r2,stressid,stressid
1,0.6215581,1.0,stressid_h8r2,stressid,stressid
1,0.64082193,1.0,stressid_h8r2,stressid,stressid
1,0.57324547,1.0,stressid_h8r2,stressid,stressid
1,0.538407,1.0,stressid_h8r2,stressid,stressid
1,0.72830194,1.0,stressid_h8r2,stressid,stressid
1,0.73941547,1.0,stressid_h8r2,stressid,stressid
1,0.7419557,1.0,stressid_h8r2,stressid,stressid
1,0.7279056,1.0,stressid_h8r2,stressid,stressid
1,0.7151354,1.0,stressid_h8r2,stressid,stressid
1,0.7804457,1.0,stressid_h8r2,stressid,stressid
1,0.85642374,1.0,stressid_h8r2,stressid,stressid
1,0.83272976,1.0,stressid_h8r2,stressid,stressid
0,0.31553656,1.0,stressid_h8r2,stressid,stressid
0,0.31335863,1.0,stressid_h8r2,stressid,stressid
0,0.313193,1.0,stressid_h8r2,stressid,stressid
0,0.30407736,1.0,stressid_h8r2,stressid,stressid
0,0.3010724,1.0,stressid_h8r2,stressid,stressid
0,0.31594288,1.0,stressid_h8r2,stressid,stressid
0,0.32243246,1.0,stressid_h8r2,stressid,stressid
0,0.31954712,1.0,stressid_h8r2,stressid,stressid
0,0.31698334,1.0,stressid_h8r2,stressid,stressid
0,0.3198491,1.0,stressid_h8r2,stressid,stressid
0,0.31534287,1.0,stressid_h8r2,stressid,stressid
0,0.31651562,1.0,stressid_h8r2,stressid,stressid
0,0.30619836,1.0,stressid_h8r2,stressid,stressid
0,0.3192204,1.0,stressid_h8r2,stressid,stressid
0,0.31729186,1.0,stressid_h8r2,stressid,stressid
0,0.31636637,1.0,stressid_h8r2,stressid,stressid
0,0.31622073,1.0,stressid_h8r2,stressid,stressid
0,0.3146538,1.0,stressid_h8r2,stressid,stressid
0,0.31784177,1.0,stressid_h8r2,stressid,stressid
0,0.3198482,1.0,stressid_h8r2,stressid,stressid
0,0.3286216,1.0,stressid_h8r2,stressid,stressid
0,0.33568868,1.0,stressid_h8r2,stressid,stressid
0,0.32799938,1.0,stressid_h8r2,stressid,stressid
0,0.30634204,1.0,stressid_h8r2,stressid,stressid
0,0.32881498,1.0,stressid_h8r2,stressid,stressid
0,0.3323707,1.0,stressid_h8r2,stressid,stressid
0,0.3264939,1.0,stressid_h8r2,stressid,stressid
0,0.33907038,1.0,stressid_h8r2,stressid,stressid
0,0.33924624,1.0,stressid_h8r2,stressid,stressid
0,0.3384331,1.0,stressid_h8r2,stressid,stressid
0,0.33836696,1.0,stressid_h8r2,stressid,stressid
0,0.33907464,1.0,stressid_h8r2,stressid,stressid
0,0.3400966,1.0,stressid_h8r2,stressid,stressid
0,0.3402044,1.0,stressid_h8r2,stressid,stressid
0,0.31702894,1.0,stressid_h8r2,stressid,stressid
0,0.33973905,1.0,stressid_h8r2,stressid,stressid
0,0.3399678,1.0,stressid_h8r2,stressid,stressid
0,0.338731,1.0,stressid_h8r2,stressid,stressid
0,0.33733538,1.0,stressid_h8r2,stressid,stressid
0,0.3406738,1.0,stressid_h8r2,stressid,stressid
0,0.34056175,1.0,stressid_h8r2,stressid,stressid
0,0.34079957,1.0,stressid_h8r2,stressid,stressid
0,0.33938465,1.0,stressid_h8r2,stressid,stressid
0,0.3387958,1.0,stressid_h8r2,stressid,stressid
0,0.33840513,1.0,stressid_h8r2,stressid,stressid
0,0.32306287,1.0,stressid_h8r2,stressid,stressid
0,0.33815375,1.0,stressid_h8r2,stressid,stressid
0,0.33812785,1.0,stressid_h8r2,stressid,stressid
0,0.33765465,1.0,stressid_h8r2,stressid,stressid
0,0.33771238,1.0,stressid_h8r2,stressid,stressid
0,0.33805352,1.0,stressid_h8r2,stressid,stressid
0,0.33895707,1.0,stressid_h8r2,stressid,stressid
0,0.33899507,1.0,stressid_h8r2,stressid,stressid
0,0.31033406,1.0,stressid_h8r2,stressid,stressid
0,0.30440006,1.0,stressid_h8r2,stressid,stressid
0,0.31562868,1.0,stressid_h8r2,stressid,stressid
0,0.31589416,1.0,stressid_h8r2,stressid,stressid
0,0.34234148,1.0,stressid_h8r2,stressid,stressid
0,0.34067976,1.0,stressid_h8r2,stressid,stressid
0,0.32302904,1.0,stressid_h8r2,stressid,stressid
0,0.33064312,1.0,stressid_h8r2,stressid,stressid
0,0.3218844,1.0,stressid_h8r2,stressid,stressid
0,0.31989065,1.0,stressid_h8r2,stressid,stressid
0,0.32113495,1.0,stressid_h8r2,stressid,stressid
0,0.31995508,1.0,stressid_h8r2,stressid,stressid
0,0.3181125,1.0,stressid_h8r2,stressid,stressid
0,0.31079617,1.0,stressid_h8r2,stressid,stressid
0,0.30709103,1.0,stressid_h8r2,stressid,stressid
0,0.30165583,1.0,stressid_h8r2,stressid,stressid
0,0.33155787,1.0,stressid_h8r2,stressid,stressid
0,0.30398723,1.0,stressid_h8r2,stressid,stressid
0,0.30831596,1.0,stressid_h8r2,stressid,stressid
0,0.33760855,1.0,stressid_h8r2,stressid,stressid
0,0.3376846,1.0,stressid_h8r2,stressid,stressid
0,0.33805943,1.0,stressid_h8r2,stressid,stressid
0,0.33851424,1.0,stressid_h8r2,stressid,stressid
0,0.3380807,1.0,stressid_h8r2,stressid,stressid
0,0.33811682,1.0,stressid_h8r2,stressid,stressid
0,0.33806816,1.0,stressid_h8r2,stressid,stressid
0,0.3378167,1.0,stressid_h8r2,stressid,stressid
0,0.3288631,1.0,stressid_h8r2,stressid,stressid
0,0.3379051,1.0,stressid_h8r2,stressid,stressid
0,0.33784616,1.0,stressid_h8r2,stressid,stressid
0,0.33770564,1.0,stressid_h8r2,stressid,stressid
0,0.3378122,1.0,stressid_h8r2,stressid,stressid
0,0.3378679,1.0,stressid_h8r2,stressid,stressid
0,0.33781275,1.0,stressid_h8r2,stressid,stressid
0,0.33777633,1.0,stressid_h8r2,stressid,stressid
0,0.33813685,1.0,stressid_h8r2,stressid,stressid
0,0.3310065,1.0,stressid_h8r2,stressid,stressid
0,0.32717,1.0,stressid_h8r2,stressid,stressid
0,0.32340688,1.0,stressid_h8r2,stressid,stressid
0,0.3224639,1.0,stressid_h8r2,stressid,stressid
0,0.3187789,1.0,stressid_h8r2,stressid,stressid
0,0.31292397,1.0,stressid_h8r2,stressid,stressid
0,0.46477798,1.0,stressid_h8s1,stressid,stressid
0,0.45768037,1.0,stressid_h8s1,stressid,stressid
0,0.19948007,1.0,stressid_h8s1,stressid,stressid
0,0.17535867,1.0,stressid_h8s1,stressid,stressid
0,0.16438979,1.0,stressid_h8s1,stressid,stressid
0,0.16927274,1.0,stressid_h8s1,stressid,stressid
0,0.18256252,1.0,stressid_h8s1,stressid,stressid
0,0.19937132,1.0,stressid_h8s1,stressid,stressid
0,0.20191921,1.0,stressid_h8s1,stressid,stressid
0,0.18691681,1.0,stressid_h8s1,stressid,stressid
0,0.16581506,1.0,stressid_h8s1,stressid,stressid
0,0.16717787,1.0,stressid_h8s1,stressid,stressid
0,0.3071471,1.0,stressid_h8s1,stressid,stressid
0,0.17919181,1.0,stressid_h8s1,stressid,stressid
0,0.18124978,1.0,stressid_h8s1,stressid,stressid
0,0.17308831,1.0,stressid_h8s1,stressid,stressid
0,0.1763487,1.0,stressid_h8s1,stressid,stressid
0,0.22447954,1.0,stressid_h8s1,stressid,stressid
0,0.2445182,1.0,stressid_h8s1,stressid,stressid
0,0.25523654,1.0,stressid_h8s1,stressid,stressid
0,0.28376755,1.0,stressid_h8s1,stressid,stressid
0,0.20326234,1.0,stressid_h8s1,stressid,stressid
0,0.18050306,1.0,stressid_h8s1,stressid,stressid
0,0.22487617,1.0,stressid_h8s1,stressid,stressid
0,0.17242293,1.0,stressid_h8s1,stressid,stressid
0,0.17480092,1.0,stressid_h8s1,stressid,stressid
0,0.17694122,1.0,stressid_h8s1,stressid,stressid
0,0.18189177,1.0,stressid_h8s1,stressid,stressid
0,0.18518724,1.0,stressid_h8s1,stressid,stressid
0,0.32616183,1.0,stressid_h8s1,stressid,stressid
0,0.20691866,1.0,stressid_h8s1,stressid,stressid
0,0.20241603,1.0,stressid_h8s1,stressid,stressid
0,0.20577955,1.0,stressid_h8s1,stressid,stressid
0,0.20220424,1.0,stressid_h8s1,stressid,stressid
0,0.2080254,1.0,stressid_h8s1,stressid,stressid
0,0.21189588,1.0,stressid_h8s1,stressid,stressid
1,0.64878887,1.0,stressid_h8s1,stressid,stressid
1,0.6321481,1.0,stressid_h8s1,stressid,stressid
1,0.70276487,1.0,stressid_h8s1,stressid,stressid
1,0.6221081,1.0,stressid_h8s1,stressid,stressid
1,0.70959324,1.0,stressid_h8s1,stressid,stressid
1,0.7409662,1.0,stressid_h8s1,stressid,stressid
1,0.7194531,1.0,stressid_h8s1,stressid,stressid
1,0.75063676,1.0,stressid_h8s1,stressid,stressid
1,0.7433713,1.0,stressid_h8s1,stressid,stressid
1,0.675557,1.0,stressid_h8s1,stressid,stressid
1,0.68869406,1.0,stressid_h8s1,stressid,stressid
1,0.7613787,1.0,stressid_h8s1,stressid,stressid
1,0.74700767,1.0,stressid_h8s1,stressid,stressid
1,0.7464733,1.0,stressid_h8s1,stressid,stressid
1,0.77859706,1.0,stressid_h8s1,stressid,stressid
1,0.78586525,1.0,stressid_h8s1,stressid,stressid
1,0.7922297,1.0,stressid_h8s1,stressid,stressid
1,0.77702296,1.0,stressid_h8s1,stressid,stressid
1,0.7587361,1.0,stressid_h8s1,stressid,stressid
1,0.75539327,1.0,stressid_h8s1,stressid,stressid
1,0.755924,1.0,stressid_h8s1,stressid,stressid
1,0.74797004,1.0,stressid_h8s1,stressid,stressid
1,0.7256005,1.0,stressid_h8s1,stressid,stressid
1,0.65613085,1.0,stressid_h8s1,stressid,stressid
1,0.6167431,1.0,stressid_h8s1,stressid,stressid
1,0.6495824,1.0,stressid_h8s1,stressid,stressid
1,0.7244486,1.0,stressid_h8s1,stressid,stressid
1,0.7852018,1.0,stressid_h8s1,stressid,stressid
1,0.7343316,1.0,stressid_h8s1,stressid,stressid
1,0.6287423,1.0,stressid_h8s1,stressid,stressid
1,0.6679734,1.0,stressid_h8s1,stressid,stressid
1,0.69502383,1.0,stressid_h8s1,stressid,stressid
1,0.6295077,1.0,stressid_h8s1,stressid,stressid
1,0.61541975,1.0,stressid_h8s1,stressid,stressid
1,0.63129497,1.0,stressid_h8s1,stressid,stressid
1,0.6166309,1.0,stressid_h8s1,stressid,stressid
1,0.66469616,1.0,stressid_h8s1,stressid,stressid
1,0.63937485,1.0,stressid_h8s1,stressid,stressid
1,0.6074265,1.0,stressid_h8s1,stressid,stressid
1,0.6040999,1.0,stressid_h8s1,stressid,stressid
1,0.6070203,1.0,stressid_h8s1,stressid,stressid
1,0.6048663,1.0,stressid_h8s1,stressid,stressid
1,0.60762095,1.0,stressid_h8s1,stressid,stressid
1,0.61900395,1.0,stressid_h8s1,stressid,stressid
1,0.63755596,1.0,stressid_h8s1,stressid,stressid
1,0.7218688,1.0,stressid_h8s1,stressid,stressid
1,0.7504736,1.0,stressid_h8s1,stressid,stressid
1,0.79940164,1.0,stressid_h8s1,stressid,stressid
1,0.7838313,1.0,stressid_h8s1,stressid,stressid
1,0.7016372,1.0,stressid_h8s1,stressid,stressid
1,0.6306526,1.0,stressid_h8s1,stressid,stressid
1,0.6344991,1.0,stressid_h8s1,stressid,stressid
1,0.6435164,1.0,stressid_h8s1,stressid,stressid
1,0.7394683,1.0,stressid_h8s1,stressid,stressid
1,0.77222496,1.0,stressid_h8s1,stressid,stressid
0,0.30910552,1.0,stressid_h8s1,stressid,stressid
0,0.2494691,1.0,stressid_h8s1,stressid,stressid
0,0.23889457,1.0,stressid_h8s1,stressid,stressid
0,0.25795186,1.0,stressid_h8s1,stressid,stressid
0,0.23311058,1.0,stressid_h8s1,stressid,stressid
0,0.22351089,1.0,stressid_h8s1,stressid,stressid
0,0.23316719,1.0,stressid_h8s1,stressid,stressid
0,0.23106338,1.0,stressid_h8s1,stressid,stressid
0,0.2528045,1.0,stressid_h8s1,stressid,stressid
0,0.27508175,1.0,stressid_h8s1,stressid,stressid
0,0.25661743,1.0,stressid_h8s1,stressid,stressid
0,0.22853343,1.0,stressid_h8s1,stressid,stressid
0,0.29239184,1.0,stressid_h8s1,stressid,stressid
0,0.2359555,1.0,stressid_h8s1,stressid,stressid
0,0.2764473,1.0,stressid_h8s1,stressid,stressid
0,0.29814193,1.0,stressid_h8s1,stressid,stressid
0,0.299064,1.0,stressid_h8s1,stressid,stressid
0,0.29804483,1.0,stressid_h8s1,stressid,stressid
0,0.29275382,1.0,stressid_h8s1,stressid,stressid
0,0.28551957,1.0,stressid_h8s1,stressid,stressid
0,0.25716943,1.0,stressid_h8s1,stressid,stressid
0,0.24502432,1.0,stressid_h8s1,stressid,stressid
0,0.326091,1.0,stressid_h8s1,stressid,stressid
0,0.26509365,1.0,stressid_h8s1,stressid,stressid
0,0.27022418,1.0,stressid_h8s1,stressid,stressid
0,0.28905892,1.0,stressid_h8s1,stressid,stressid
0,0.27102262,1.0,stressid_h8s1,stressid,stressid
0,0.25800142,1.0,stressid_h8s1,stressid,stressid
0,0.23705165,1.0,stressid_h8s1,stressid,stressid
0,0.21730758,1.0,stressid_h8s1,stressid,stressid
1,0.73601043,1.0,stressid_h8s1,stressid,stressid
1,0.7701886,1.0,stressid_h8s1,stressid,stressid
1,0.6482265,1.0,stressid_h8s1,stressid,stressid
1,0.6837379,1.0,stressid_h8s1,stressid,stressid
1,0.6772651,1.0,stressid_h8s1,stressid,stressid
1,0.7332297,1.0,stressid_h8s1,stressid,stressid
1,0.7389734,1.0,stressid_h8s1,stressid,stressid
1,0.67370135,1.0,stressid_h8s1,stressid,stressid
1,0.60623294,1.0,stressid_h8s1,stressid,stressid
1,0.62331504,1.0,stressid_h8s1,stressid,stressid
1,0.67760926,1.0,stressid_h8s1,stressid,stressid
1,0.6242959,1.0,stressid_h8s1,stressid,stressid
1,0.68416107,1.0,stressid_h8s1,stressid,stressid
1,0.7324023,1.0,stressid_h8s1,stressid,stressid
1,0.75667125,1.0,stressid_h8s1,stressid,stressid
1,0.7553408,1.0,stressid_h8s1,stressid,stressid
1,0.7216687,1.0,stressid_h8s1,stressid,stressid
1,0.6571648,1.0,stressid_h8s1,stressid,stressid
1,0.7049157,1.0,stressid_h8s1,stressid,stressid
1,0.7089952,1.0,stressid_h8s1,stressid,stressid
1,0.6494323,1.0,stressid_h8s1,stressid,stressid
1,0.69156903,1.0,stressid_h8s1,stressid,stressid
0,0.2932041,1.0,stressid_h8s1,stressid,stressid
0,0.23875222,1.0,stressid_h8s1,stressid,stressid
0,0.31471813,1.0,stressid_h8s1,stressid,stressid
0,0.30907023,1.0,stressid_h8s1,stressid,stressid
0,0.29613233,1.0,stressid_h8s1,stressid,stressid
0,0.27484202,1.0,stressid_h8s1,stressid,stressid
0,0.2902569,1.0,stressid_h8s1,stressid,stressid
0,0.30965072,1.0,stressid_h8s1,stressid,stressid
0,0.306683,1.0,stressid_h8s1,stressid,stressid
0,0.2600394,1.0,stressid_h8s1,stressid,stressid
0,0.26146206,1.0,stressid_h8s1,stressid,stressid
0,0.32464886,1.0,stressid_h8s1,stressid,stressid
0,0.30132607,1.0,stressid_h8s1,stressid,stressid
0,0.31829628,1.0,stressid_h8s1,stressid,stressid
0,0.29800522,1.0,stressid_h8s1,stressid,stressid
0,0.29531097,1.0,stressid_h8s1,stressid,stressid
0,0.29623863,1.0,stressid_h8s1,stressid,stressid
0,0.2814193,1.0,stressid_h8s1,stressid,stressid
0,0.29949957,1.0,stressid_h8s1,stressid,stressid
0,0.29834852,1.0,stressid_h8s1,stressid,stressid
0,0.30047405,1.0,stressid_h8s1,stressid,stressid
0,0.30058217,1.0,stressid_h8s1,stressid,stressid
0,0.31612772,1.0,stressid_h8s1,stressid,stressid
0,0.34139004,1.0,stressid_h8s1,stressid,stressid
0,0.34375098,1.0,stressid_h8s1,stressid,stressid
0,0.28910223,1.0,stressid_h8s1,stressid,stressid
0,0.275656,1.0,stressid_h8s1,stressid,stressid
0,0.32599378,1.0,stressid_h8s1,stressid,stressid
0,0.3260632,1.0,stressid_h8s1,stressid,stressid
0,0.3087658,1.0,stressid_h8s1,stressid,stressid
0,0.2821125,1.0,stressid_h8s1,stressid,stressid
0,0.2572478,1.0,stressid_h8s1,stressid,stressid
0,0.24315564,1.0,stressid_h8s1,stressid,stressid
0,0.26640427,1.0,stressid_h8s1,stressid,stressid
0,0.33211598,1.0,stressid_h8s1,stressid,stressid
0,0.26214668,1.0,stressid_h8s1,stressid,stressid
0,0.29964465,1.0,stressid_h8s1,stressid,stressid
0,0.23090754,1.0,stressid_h8s1,stressid,stressid
0,0.31526926,1.0,stressid_h8s1,stressid,stressid
0,0.3979658,1.0,stressid_h8s1,stressid,stressid
0,0.38327783,1.0,stressid_h8s1,stressid,stressid
0,0.3451999,1.0,stressid_h8s1,stressid,stressid
0,0.31085315,1.0,stressid_h8s1,stressid,stressid
0,0.29562634,1.0,stressid_h8s1,stressid,stressid
0,0.27980554,1.0,stressid_h8s1,stressid,stressid
0,0.25360897,1.0,stressid_h8s1,stressid,stressid
0,0.23055856,1.0,stressid_h8s1,stressid,stressid
0,0.35258514,1.0,stressid_h8s1,stressid,stressid
0,0.22970751,1.0,stressid_h8s1,stressid,stressid
0,0.24084675,1.0,stressid_h8s1,stressid,stressid
0,0.3257318,1.0,stressid_h8s1,stressid,stressid
0,0.32859868,1.0,stressid_h8s1,stressid,stressid
0,0.30462882,1.0,stressid_h8s1,stressid,stressid
0,0.28110906,1.0,stressid_h8s1,stressid,stressid
0,0.27046058,1.0,stressid_h8s1,stressid,stressid
0,0.2669183,1.0,stressid_h8s1,stressid,stressid
0,0.28028256,1.0,stressid_h8s1,stressid,stressid
0,0.27496514,1.0,stressid_h8s1,stressid,stressid
0,0.2600716,1.0,stressid_x1q3,stressid,stressid
0,0.2857418,1.0,stressid_x1q3,stressid,stressid
0,0.2586894,1.0,stressid_x1q3,stressid,stressid
0,0.2816028,1.0,stressid_x1q3,stressid,stressid
0,0.21204518,1.0,stressid_x1q3,stressid,stressid
0,0.17299852,1.0,stressid_x1q3,stressid,stressid
0,0.16080944,1.0,stressid_x1q3,stressid,stressid
0,0.17485362,1.0,stressid_x1q3,stressid,stressid
0,0.18636638,1.0,stressid_x1q3,stressid,stressid
0,0.1769772,1.0,stressid_x1q3,stressid,stressid
0,0.17225331,1.0,stressid_x1q3,stressid,stressid
0,0.18970387,1.0,stressid_x1q3,stressid,stressid
0,0.21057792,1.0,stressid_x1q3,stressid,stressid
0,0.19153334,1.0,stressid_x1q3,stressid,stressid
0,0.17700446,1.0,stressid_x1q3,stressid,stressid
0,0.17427628,1.0,stressid_x1q3,stressid,stressid
0,0.19302058,1.0,stressid_x1q3,stressid,stressid
0,0.2272536,1.0,stressid_x1q3,stressid,stressid
0,0.21300067,1.0,stressid_x1q3,stressid,stressid
0,0.20789759,1.0,stressid_x1q3,stressid,stressid
0,0.22562566,1.0,stressid_x1q3,stressid,stressid
0,0.20356642,1.0,stressid_x1q3,stressid,stressid
0,0.20082404,1.0,stressid_x1q3,stressid,stressid
0,0.16799882,1.0,stressid_x1q3,stressid,stressid
0,0.20799045,1.0,stressid_x1q3,stressid,stressid
0,0.20467982,1.0,stressid_x1q3,stressid,stressid
0,0.20045017,1.0,stressid_x1q3,stressid,stressid
0,0.19980034,1.0,stressid_x1q3,stressid,stressid
0,0.21407837,1.0,stressid_x1q3,stressid,stressid
0,0.22586718,1.0,stressid_x1q3,stressid,stressid
0,0.22575906,1.0,stressid_x1q3,stressid,stressid
0,0.225665,1.0,stressid_x1q3,stressid,stressid
0,0.2256681,1.0,stressid_x1q3,stressid,stressid
0,0.22572425,1.0,stressid_x1q3,stressid,stressid
0,0.16810632,1.0,stressid_x1q3,stressid,stressid
0,0.22583465,1.0,stressid_x1q3,stressid,stressid
0,0.22580811,1.0,stressid_x1q3,stressid,stressid
0,0.22569259,1.0,stressid_x1q3,stressid,stressid
0,0.22578609,1.0,stressid_x1q3,stressid,stressid
0,0.22583532,1.0,stressid_x1q3,stressid,stressid
0,0.22579072,1.0,stressid_x1q3,stressid,stressid
0,0.22585051,1.0,stressid_x1q3,stressid,stressid
0,0.22592247,1.0,stressid_x1q3,stressid,stressid
0,0.22591227,1.0,stressid_x1q3,stressid,stressid
0,0.22586009,1.0,stressid_x1q3,stressid,stressid
0,0.16095379,1.0,stressid_x1q3,stressid,stressid
0,0.2259068,1.0,stressid_x1q3,stressid,stressid
0,0.2259816,1.0,stressid_x1q3,stressid,stressid
0,0.22601703,1.0,stressid_x1q3,stressid,stressid
0,0.22601886,1.0,stressid_x1q3,stressid,stressid
0,0.2259649,1.0,stressid_x1q3,stressid,stressid
0,0.22593814,1.0,stressid_x1q3,stressid,stressid
0,0.22594117,1.0,stressid_x1q3,stressid,stressid
0,0.22592685,1.0,stressid_x1q3,stressid,stressid
0,0.22590376,1.0,stressid_x1q3,stressid,stressid
0,0.18041897,1.0,stressid_x1q3,stressid,stressid
0,0.16376168,1.0,stressid_x1q3,stressid,stressid
0,0.15637583,1.0,stressid_x1q3,stressid,stressid
0,0.19563742,1.0,stressid_x1q3,stressid,stressid
1,0.67844284,1.0,stressid_x1q3,stressid,stressid
1,0.6095862,1.0,stressid_x1q3,stressid,stressid
1,0.80198157,1.0,stressid_x1q3,stressid,stressid
1,0.81779337,1.0,stressid_x1q3,stressid,stressid
1,0.8191452,1.0,stressid_x1q3,stressid,stressid
1,0.81796664,1.0,stressid_x1q3,stressid,stressid
1,0.8176723,1.0,stressid_x1q3,stressid,stressid
1,0.81379896,1.0,stressid_x1q3,stressid,stressid
1,0.8122573,1.0,stressid_x1q3,stressid,stressid
1,0.8139322,1.0,stressid_x1q3,stressid,stressid
1,0.81869406,1.0,stressid_x1q3,stressid,stressid
1,0.7232039,1.0,stressid_x1q3,stressid,stressid
1,0.75548863,1.0,stressid_x1q3,stressid,stressid
1,0.8054062,1.0,stressid_x1q3,stressid,stressid
1,0.83294374,1.0,stressid_x1q3,stressid,stressid
1,0.82682586,1.0,stressid_x1q3,stressid,stressid
1,0.7528383,1.0,stressid_x1q3,stressid,stressid
1,0.7602803,1.0,stressid_x1q3,stressid,stressid
1,0.81594867,1.0,stressid_x1q3,stressid,stressid
1,0.7646785,1.0,stressid_x1q3,stressid,stressid
1,0.7007648,1.0,stressid_x1q3,stressid,stressid
1,0.7708489,1.0,stressid_x1q3,stressid,stressid
1,0.81434005,1.0,stressid_x1q3,stressid,stressid
1,0.8101179,1.0,stressid_x1q3,stressid,stressid
1,0.80813,1.0,stressid_x1q3,stressid,stressid
1,0.80516225,1.0,stressid_x1q3,stressid,stressid
1,0.7992739,1.0,stressid_x1q3,stressid,stressid
1,0.7897079,1.0,stressid_x1q3,stressid,stressid
1,0.8030638,1.0,stressid_x1q3,stressid,stressid
1,0.80944836,1.0,stressid_x1q3,stressid,stressid
1,0.7621497,1.0,stressid_x1q3,stressid,stressid
1,0.77512765,1.0,stressid_x1q3,stressid,stressid
1,0.77714664,1.0,stressid_x1q3,stressid,stressid
1,0.786863,1.0,stressid_x1q3,stressid,stressid
1,0.7834683,1.0,stressid_x1q3,stressid,stressid
1,0.7571308,1.0,stressid_x1q3,stressid,stressid
1,0.76355267,1.0,stressid_x1q3,stressid,stressid
1,0.78232694,1.0,stressid_x1q3,stressid,stressid
1,0.72891676,1.0,stressid_x1q3,stressid,stressid
1,0.7438678,1.0,stressid_x1q3,stressid,stressid
1,0.7687627,1.0,stressid_x1q3,stressid,stressid
1,0.7773452,1.0,stressid_x1q3,stressid,stressid
1,0.77394867,1.0,stressid_x1q3,stressid,stressid
1,0.7928048,1.0,stressid_x1q3,stressid,stressid
1,0.7849389,1.0,stressid_x1q3,stressid,stressid
1,0.78255737,1.0,stressid_x1q3,stressid,stressid
1,0.79929286,1.0,stressid_x1q3,stressid,stressid
1,0.7844215,1.0,stressid_x1q3,stressid,stressid
1,0.7974461,1.0,stressid_x1q3,stressid,stressid
1,0.7595692,1.0,stressid_x1q3,stressid,stressid
1,0.7263937,1.0,stressid_x1q3,stressid,stressid
1,0.7240131,1.0,stressid_x1q3,stressid,stressid
1,0.7406615,1.0,stressid_x1q3,stressid,stressid
1,0.72757936,1.0,stressid_x1q3,stressid,stressid
1,0.7213077,1.0,stressid_x1q3,stressid,stressid
1,0.73370016,1.0,stressid_x1q3,stressid,stressid
1,0.7739318,1.0,stressid_x1q3,stressid,stressid
1,0.7598619,1.0,stressid_x1q3,stressid,stressid
1,0.77415687,1.0,stressid_x1q3,stressid,stressid
1,0.78571707,1.0,stressid_x1q3,stressid,stressid
1,0.8176585,1.0,stressid_x1q3,stressid,stressid
1,0.8138417,1.0,stressid_x1q3,stressid,stressid
1,0.8110894,1.0,stressid_x1q3,stressid,stressid
1,0.8013667,1.0,stressid_x1q3,stressid,stressid
1,0.8114497,1.0,stressid_x1q3,stressid,stressid
1,0.8175026,1.0,stressid_x1q3,stressid,stressid
1,0.8105514,1.0,stressid_x1q3,stressid,stressid
1,0.79813224,1.0,stressid_x1q3,stressid,stressid
1,0.7603959,1.0,stressid_x1q3,stressid,stressid
1,0.77462244,1.0,stressid_x1q3,stressid,stressid
1,0.7921405,1.0,stressid_x1q3,stressid,stressid
1,0.7915009,1.0,stressid_x1q3,stressid,stressid
1,0.80024207,1.0,stressid_x1q3,stressid,stressid
1,0.7916628,1.0,stressid_x1q3,stressid,stressid
1,0.77677387,1.0,stressid_x1q3,stressid,stressid
1,0.7783393,1.0,stressid_x1q3,stressid,stressid
1,0.5807751,1.0,stressid_x1q3,stressid,stressid
1,0.6827943,1.0,stressid_x1q3,stressid,stressid
1,0.7782971,1.0,stressid_x1q3,stressid,stressid
1,0.7980155,1.0,stressid_x1q3,stressid,stressid
1,0.80078375,1.0,stressid_x1q3,stressid,stressid
1,0.79171526,1.0,stressid_x1q3,stressid,stressid
1,0.79567134,1.0,stressid_x1q3,stressid,stressid
1,0.81178886,1.0,stressid_x1q3,stressid,stressid
1,0.8195877,1.0,stressid_x1q3,stressid,stressid
1,0.821191,1.0,stressid_x1q3,stressid,stressid
1,0.81837225,1.0,stressid_x1q3,stressid,stressid
1,0.758171,1.0,stressid_x1q3,stressid,stressid
1,0.74764645,1.0,stressid_x1q3,stressid,stressid
1,0.75632715,1.0,stressid_x1q3,stressid,stressid
1,0.7368763,1.0,stressid_x1q3,stressid,stressid
1,0.749276,1.0,stressid_x1q3,stressid,stressid
1,0.7525652,1.0,stressid_x1q3,stressid,stressid
1,0.72575194,1.0,stressid_x1q3,stressid,stressid
1,0.7573616,1.0,stressid_x1q3,stressid,stressid
0,0.13416974,1.0,stressid_x1q3,stressid,stressid
0,0.13572504,1.0,stressid_x1q3,stressid,stressid
0,0.14498816,1.0,stressid_x1q3,stressid,stressid
0,0.16085593,1.0,stressid_x1q3,stressid,stressid
0,0.16619588,1.0,stressid_x1q3,stressid,stressid
0,0.15991278,1.0,stressid_x1q3,stressid,stressid
0,0.16209775,1.0,stressid_x1q3,stressid,stressid
0,0.18543246,1.0,stressid_x1q3,stressid,stressid
0,0.20547342,1.0,stressid_x1q3,stressid,stressid
0,0.21420734,1.0,stressid_x1q3,stressid,stressid
0,0.20123243,1.0,stressid_x1q3,stressid,stressid
0,0.20500723,1.0,stressid_x1q3,stressid,stressid
0,0.13896032,1.0,stressid_x1q3,stressid,stressid
0,0.20713754,1.0,stressid_x1q3,stressid,stressid
0,0.2126552,1.0,stressid_x1q3,stressid,stressid
0,0.20775399,1.0,stressid_x1q3,stressid,stressid
0,0.20962259,1.0,stressid_x1q3,stressid,stressid
0,0.21250348,1.0,stressid_x1q3,stressid,stressid
0,0.2164617,1.0,stressid_x1q3,stressid,stressid
0,0.21677501,1.0,stressid_x1q3,stressid,stressid
0,0.21466161,1.0,stressid_x1q3,stressid,stressid
0,0.21902516,1.0,stressid_x1q3,stressid,stressid
0,0.22762418,1.0,stressid_x1q3,stressid,stressid
0,0.13573772,1.0,stressid_x1q3,stressid,stressid
0,0.22754747,1.0,stressid_x1q3,stressid,stressid
0,0.22752972,1.0,stressid_x1q3,stressid,stressid
0,0.22759233,1.0,stressid_x1q3,stressid,stressid
0,0.2275807,1.0,stressid_x1q3,stressid,stressid
0,0.22759986,1.0,stressid_x1q3,stressid,stressid
0,0.22773896,1.0,stressid_x1q3,stressid,stressid
0,0.227375,1.0,stressid_x1q3,stressid,stressid
0,0.22605209,1.0,stressid_x1q3,stressid,stressid
0,0.22520828,1.0,stressid_x1q3,stressid,stressid
0,0.2246895,1.0,stressid_x1q3,stressid,stressid
0,0.13979225,1.0,stressid_x1q3,stressid,stressid
0,0.22425032,1.0,stressid_x1q3,stressid,stressid
0,0.22507791,1.0,stressid_x1q3,stressid,stressid
0,0.22562416,1.0,stressid_x1q3,stressid,stressid
0,0.22577375,1.0,stressid_x1q3,stressid,stressid
0,0.22714622,1.0,stressid_x1q3,stressid,stressid
0,0.22781797,1.0,stressid_x1q3,stressid,stressid
0,0.22756974,1.0,stressid_x1q3,stressid,stressid
0,0.22748841,1.0,stressid_x1q3,stressid,stressid
0,0.22761647,1.0,stressid_x1q3,stressid,stressid
0,0.14031014,1.0,stressid_x1q3,stressid,stressid
0,0.13933906,1.0,stressid_x1q3,stressid,stressid
0,0.1511145,1.0,stressid_x1q3,stressid,stressid
0,0.15749325,1.0,stressid_x1q3,stressid,stressid
0,0.14429095,1.0,stressid_x1q3,stressid,stressid
1,0.68443424,1.0,stressid_x1q3,stressid,stressid
1,0.6978734,1.0,stressid_x1q3,stressid,stressid
1,0.6503818,1.0,stressid_x1q3,stressid,stressid
1,0.7971303,1.0,stressid_x1q3,stressid,stressid
1,0.8153258,1.0,stressid_x1q3,stressid,stressid
1,0.81669044,1.0,stressid_x1q3,stressid,stressid
1,0.820361,1.0,stressid_x1q3,stressid,stressid
1,0.819332,1.0,stressid_x1q3,stressid,stressid
1,0.81925154,1.0,stressid_x1q3,stressid,stressid
1,0.8198775,1.0,stressid_x1q3,stressid,stressid
1,0.8167166,1.0,stressid_x1q3,stressid,stressid
1,0.74753904,1.0,stressid_x1q3,stressid,stressid
1,0.69719476,1.0,stressid_x1q3,stressid,stressid
1,0.7169839,1.0,stressid_x1q3,stressid,stressid
1,0.7205267,1.0,stressid_x1q3,stressid,stressid
1,0.6641547,1.0,stressid_x1q3,stressid,stressid
1,0.6593937,1.0,stressid_x1q3,stressid,stressid
1,0.66724324,1.0,stressid_x1q3,stressid,stressid
1,0.68347335,1.0,stressid_x1q3,stressid,stressid
1,0.72456086,1.0,stressid_x1q3,stressid,stressid
1,0.73588216,1.0,stressid_x1q3,stressid,stressid
1,0.8019432,1.0,stressid_x1q3,stressid,stressid
1,0.8183703,1.0,stressid_x1q3,stressid,stressid
1,0.8165954,1.0,stressid_x1q3,stressid,stressid
1,0.8128421,1.0,stressid_x1q3,stressid,stressid
1,0.81661016,1.0,stressid_x1q3,stressid,stressid
1,0.80401874,1.0,stressid_x1q3,stressid,stressid
1,0.80125433,1.0,stressid_x1q3,stressid,stressid
1,0.81965226,1.0,stressid_x1q3,stressid,stressid
1,0.8142438,1.0,stressid_x1q3,stressid,stressid
1,0.77880335,1.0,stressid_x1q3,stressid,stressid
1,0.7936431,1.0,stressid_x1q3,stressid,stressid
1,0.78605187,1.0,stressid_x1q3,stressid,stressid
1,0.77149564,1.0,stressid_x1q3,stressid,stressid
1,0.765069,1.0,stressid_x1q3,stressid,stressid
1,0.7524877,1.0,stressid_x1q3,stressid,stressid
1,0.76305455,1.0,stressid_x1q3,stressid,stressid
1,0.78785324,1.0,stressid_x1q3,stressid,stressid
1,0.22132757,1.0,stressid_x1q3,stressid,stressid
1,0.221531,1.0,stressid_x1q3,stressid,stressid
1,0.19869162,1.0,stressid_x1q3,stressid,stressid
1,0.2103669,1.0,stressid_x1q3,stressid,stressid
1,0.21226218,1.0,stressid_x1q3,stressid,stressid
1,0.21204382,1.0,stressid_x1q3,stressid,stressid
1,0.21383518,1.0,stressid_x1q3,stressid,stressid
1,0.2124018,1.0,stressid_x1q3,stressid,stressid
1,0.20508602,1.0,stressid_x1q3,stressid,stressid
1,0.20251507,1.0,stressid_x1q3,stressid,stressid
1,0.20917673,1.0,stressid_x1q3,stressid,stressid
1,0.20267242,1.0,stressid_x1q3,stressid,stressid
1,0.20095016,1.0,stressid_x1q3,stressid,stressid
1,0.20317368,1.0,stressid_x1q3,stressid,stressid
1,0.20538928,1.0,stressid_x1q3,stressid,stressid
1,0.1925732,1.0,stressid_x1q3,stressid,stressid
1,0.20300478,1.0,stressid_x1q3,stressid,stressid
1,0.21067859,1.0,stressid_x1q3,stressid,stressid
1,0.19859867,1.0,stressid_x1q3,stressid,stressid
1,0.20111893,1.0,stressid_x1q3,stressid,stressid
1,0.2031894,1.0,stressid_x1q3,stressid,stressid
1,0.19970044,1.0,stressid_x1q3,stressid,stressid
1,0.20862137,1.0,stressid_x1q3,stressid,stressid
1,0.19173297,1.0,stressid_x1q3,stressid,stressid
1,0.21517463,1.0,stressid_x1q3,stressid,stressid
1,0.21760929,1.0,stressid_x1q3,stressid,stressid
1,0.20050357,1.0,stressid_x1q3,stressid,stressid
1,0.22585826,1.0,stressid_x1q3,stressid,stressid
1,0.22582738,1.0,stressid_x1q3,stressid,stressid
1,0.2258397,1.0,stressid_x1q3,stressid,stressid
1,0.2259698,1.0,stressid_x1q3,stressid,stressid
1,0.22605559,1.0,stressid_x1q3,stressid,stressid
1,0.22597384,1.0,stressid_x1q3,stressid,stressid
1,0.22584859,1.0,stressid_x1q3,stressid,stressid
1,0.20375742,1.0,stressid_x1q3,stressid,stressid
1,0.2257541,1.0,stressid_x1q3,stressid,stressid
1,0.22580083,1.0,stressid_x1q3,stressid,stressid
1,0.2259109,1.0,stressid_x1q3,stressid,stressid
1,0.22599411,1.0,stressid_x1q3,stressid,stressid
1,0.22592564,1.0,stressid_x1q3,stressid,stressid
1,0.2258446,1.0,stressid_x1q3,stressid,stressid
1,0.22582944,1.0,stressid_x1q3,stressid,stressid
1,0.22579688,1.0,stressid_x1q3,stressid,stressid
1,0.22578973,1.0,stressid_x1q3,stressid,stressid
1,0.2257874,1.0,stressid_x1q3,stressid,stressid
1,0.21049279,1.0,stressid_x1q3,stressid,stressid
1,0.22580774,1.0,stressid_x1q3,stressid,stressid
1,0.2258148,1.0,stressid_x1q3,stressid,stressid
1,0.22574998,1.0,stressid_x1q3,stressid,stressid
1,0.22577004,1.0,stressid_x1q3,stressid,stressid
1,0.22577877,1.0,stressid_x1q3,stressid,stressid
1,0.22573256,1.0,stressid_x1q3,stressid,stressid
1,0.22574595,1.0,stressid_x1q3,stressid,stressid
1,0.21083166,1.0,stressid_x1q3,stressid,stressid
1,0.210822,1.0,stressid_x1q3,stressid,stressid
1,0.20033048,1.0,stressid_x1q3,stressid,stressid
1,0.18848267,1.0,stressid_x1q3,stressid,stressid
1,0.1988451,1.0,stressid_x1q3,stressid,stressid
1,0.188994,1.0,stressid_x1q3,stressid,stressid
1,0.21123773,1.0,stressid_x1q3,stressid,stressid
1,0.21172728,1.0,stressid_x1q3,stressid,stressid
1,0.21639374,1.0,stressid_x1q3,stressid,stressid
1,0.20161214,1.0,stressid_x1q3,stressid,stressid
1,0.19643196,1.0,stressid_x1q3,stressid,stressid
1,0.19502553,1.0,stressid_x1q3,stressid,stressid
1,0.20021756,1.0,stressid_x1q3,stressid,stressid
1,0.20869112,1.0,stressid_x1q3,stressid,stressid
1,0.21703108,1.0,stressid_x1q3,stressid,stressid
1,0.21843505,1.0,stressid_x1q3,stressid,stressid
1,0.21207298,1.0,stressid_x1q3,stressid,stressid
1,0.212142,1.0,stressid_x1q3,stressid,stressid
1,0.21392952,1.0,stressid_x1q3,stressid,stressid
1,0.2255612,1.0,stressid_x1q3,stressid,stressid
1,0.22552066,1.0,stressid_x1q3,stressid,stressid
1,0.2255049,1.0,stressid_x1q3,stressid,stressid
1,0.22550309,1.0,stressid_x1q3,stressid,stressid
1,0.22553904,1.0,stressid_x1q3,stressid,stressid
1,0.22556177,1.0,stressid_x1q3,stressid,stressid
1,0.2255776,1.0,stressid_x1q3,stressid,stressid
1,0.22560646,1.0,stressid_x1q3,stressid,stressid
1,0.24999289,1.0,stressid_x1q3,stressid,stressid
1,0.22562245,1.0,stressid_x1q3,stressid,stressid
1,0.22566536,1.0,stressid_x1q3,stressid,stressid
1,0.22566414,1.0,stressid_x1q3,stressid,stressid
1,0.22558971,1.0,stressid_x1q3,stressid,stressid
1,0.22560772,1.0,stressid_x1q3,stressid,stressid
1,0.22562058,1.0,stressid_x1q3,stressid,stressid
1,0.22566798,1.0,stressid_x1q3,stressid,stressid
1,0.22565573,1.0,stressid_x1q3,stressid,stressid
1,0.23258257,1.0,stressid_x1q3,stressid,stressid
1,0.2118232,1.0,stressid_x1q3,stressid,stressid
1,0.21593246,1.0,stressid_x1q3,stressid,stressid
1,0.21943046,1.0,stressid_x1q3,stressid,stressid
1,0.21594378,1.0,stressid_x1q3,stressid,stressid
1,0.21388704,1.0,stressid_x1q3,stressid,stressid
0,0.28599712,1.0,stressid_qw5t,stressid,stressid
0,0.26602557,1.0,stressid_qw5t,stressid,stressid
0,0.26227194,1.0,stressid_qw5t,stressid,stressid
0,0.2564913,1.0,stressid_qw5t,stressid,stressid
0,0.252381,1.0,stressid_qw5t,stressid,stressid
0,0.2510194,1.0,stressid_qw5t,stressid,stressid
0,0.2502641,1.0,stressid_qw5t,stressid,stressid
0,0.2526013,1.0,stressid_qw5t,stressid,stressid
0,0.25559163,1.0,stressid_qw5t,stressid,stressid
0,0.2564791,1.0,stressid_qw5t,stressid,stressid
0,0.26026335,1.0,stressid_qw5t,stressid,stressid
0,0.25385708,1.0,stressid_qw5t,stressid,stressid
0,0.26505184,1.0,stressid_qw5t,stressid,stressid
0,0.25086173,1.0,stressid_qw5t,stressid,stressid
0,0.25092167,1.0,stressid_qw5t,stressid,stressid
0,0.25233135,1.0,stressid_qw5t,stressid,stressid
0,0.25115314,1.0,stressid_qw5t,stressid,stressid
0,0.25162625,1.0,stressid_qw5t,stressid,stressid
0,0.24895196,1.0,stressid_qw5t,stressid,stressid
0,0.24589229,1.0,stressid_qw5t,stressid,stressid
0,0.24735942,1.0,stressid_qw5t,stressid,stressid
0,0.24895258,1.0,stressid_qw5t,stressid,stressid
0,0.24890675,1.0,stressid_qw5t,stressid,stressid
0,0.26400396,1.0,stressid_qw5t,stressid,stressid
0,0.24671167,1.0,stressid_qw5t,stressid,stressid
0,0.24550311,1.0,stressid_qw5t,stressid,stressid
0,0.2459521,1.0,stressid_qw5t,stressid,stressid
0,0.2439521,1.0,stressid_qw5t,stressid,stressid
0,0.24295962,1.0,stressid_qw5t,stressid,stressid
0,0.31005028,1.0,stressid_qw5t,stressid,stressid
0,0.3100471,1.0,stressid_qw5t,stressid,stressid
0,0.31001717,1.0,stressid_qw5t,stressid,stressid
0,0.31002507,1.0,stressid_qw5t,stressid,stressid
0,0.31002712,1.0,stressid_qw5t,stressid,stressid
0,0.26392546,1.0,stressid_qw5t,stressid,stressid
0,0.3100204,1.0,stressid_qw5t,stressid,stressid
0,0.3100206,1.0,stressid_qw5t,stressid,stressid
0,0.31002158,1.0,stressid_qw5t,stressid,stressid
0,0.3100065,1.0,stressid_qw5t,stressid,stressid
0,0.3099906,1.0,stressid_qw5t,stressid,stressid
0,0.310206,1.0,stressid_qw5t,stressid,stressid
0,0.31086263,1.0,stressid_qw5t,stressid,stressid
0,0.3105022,1.0,stressid_qw5t,stressid,stressid
0,0.30999637,1.0,stressid_qw5t,stressid,stressid
0,0.3100311,1.0,stressid_qw5t,stressid,stressid
0,0.26855427,1.0,stressid_qw5t,stressid,stressid
0,0.31000328,1.0,stressid_qw5t,stressid,stressid
0,0.31000724,1.0,stressid_qw5t,stressid,stressid
0,0.31004193,1.0,stressid_qw5t,stressid,stressid
0,0.31005025,1.0,stressid_qw5t,stressid,stressid
0,0.3100437,1.0,stressid_qw5t,stressid,stressid
0,0.3100478,1.0,stressid_qw5t,stressid,stressid
0,0.31002298,1.0,stressid_qw5t,stressid,stressid
0,0.30998242,1.0,stressid_qw5t,stressid,stressid
0,0.3099716,1.0,stressid_qw5t,stressid,stressid
0,0.27550632,1.0,stressid_qw5t,stressid,stressid
0,0.2703319,1.0,stressid_qw5t,stressid,stressid
0,0.2631801,1.0,stressid_qw5t,stressid,stressid
0,0.2617491,1.0,stressid_qw5t,stressid,stressid
1,0.7315418,1.0,stressid_qw5t,stressid,stressid
1,0.74398065,1.0,stressid_qw5t,stressid,stressid
1,0.74453086,1.0,stressid_qw5t,stressid,stressid
1,0.60751724,1.0,stressid_qw5t,stressid,stressid
1,0.6080747,1.0,stressid_qw5t,stressid,stressid
1,0.6119766,1.0,stressid_qw5t,stressid,stressid
1,0.613002,1.0,stressid_qw5t,stressid,stressid
1,0.6114262,1.0,stressid_qw5t,stressid,stressid
1,0.6123641,1.0,stressid_qw5t,stressid,stressid
1,0.61170703,1.0,stressid_qw5t,stressid,stressid
1,0.61575454,1.0,stressid_qw5t,stressid,stressid
1,0.7413603,1.0,stressid_qw5t,stressid,stressid
1,0.73175603,1.0,stressid_qw5t,stressid,stressid
1,0.7401515,1.0,stressid_qw5t,stressid,stressid
1,0.7445085,1.0,stressid_qw5t,stressid,stressid
1,0.75884074,1.0,stressid_qw5t,stressid,stressid
1,0.7532487,1.0,stressid_qw5t,stressid,stressid
1,0.74222845,1.0,stressid_qw5t,stressid,stressid
1,0.7445842,1.0,stressid_qw5t,stressid,stressid
1,0.74508125,1.0,stressid_qw5t,stressid,stressid
1,0.76825583,1.0,stressid_qw5t,stressid,stressid
1,0.7502671,1.0,stressid_qw5t,stressid,stressid
1,0.6262669,1.0,stressid_qw5t,stressid,stressid
1,0.63988256,1.0,stressid_qw5t,stressid,stressid
1,0.63474274,1.0,stressid_qw5t,stressid,stressid
1,0.61664927,1.0,stressid_qw5t,stressid,stressid
1,0.61404556,1.0,stressid_qw5t,stressid,stressid
1,0.6106771,1.0,stressid_qw5t,stressid,stressid
1,0.61103994,1.0,stressid_qw5t,stressid,stressid
1,0.60698175,1.0,stressid_qw5t,stressid,stressid
1,0.7587733,1.0,stressid_qw5t,stressid,stressid
1,0.74332947,1.0,stressid_qw5t,stressid,stressid
1,0.7385967,1.0,stressid_qw5t,stressid,stressid
1,0.7470991,1.0,stressid_qw5t,stressid,stressid
1,0.7481583,1.0,stressid_qw5t,stressid,stressid
1,0.7411922,1.0,stressid_qw5t,stressid,stressid
1,0.75235194,1.0,stressid_qw5t,stressid,stressid
1,0.76169175,1.0,stressid_qw5t,stressid,stressid
1,0.7644042,1.0,stressid_qw5t,stressid,stressid
1,0.752259,1.0,stressid_qw5t,stressid,stressid
1,0.73949844,1.0,stressid_qw5t,stressid,stressid
1,0.6126641,1.0,stressid_qw5t,stressid,stressid
1,0.61704105,1.0,stressid_qw5t,stressid,stressid
1,0.62349844,1.0,stressid_qw5t,stressid,stressid
1,0.6120507,1.0,stressid_qw5t,stressid,stressid
1,0.61079836,1.0,stressid_qw5t,stressid,stressid
1,0.6111739,1.0,stressid_qw5t,stressid,stressid
1,0.61129856,1.0,stressid_qw5t,stressid,stressid
1,0.60974216,1.0,stressid_qw5t,stressid,stressid
1,0.7377303,1.0,stressid_qw5t,stressid,stressid
1,0.7392328,1.0,stressid_qw5t,stressid,stressid
1,0.7411512,1.0,stressid_qw5t,stressid,stressid
1,0.7409653,1.0,stressid_qw5t,stressid,stressid
1,0.7456807,1.0,stressid_qw5t,stressid,stressid
1,0.76296455,1.0,stressid_qw5t,stressid,stressid
1,0.7481371,1.0,stressid_qw5t,stressid,stressid
1,0.74088013,1.0,stressid_qw5t,stressid,stressid
1,0.77844274,1.0,stressid_qw5t,stressid,stressid
1,0.76564187,1.0,stressid_qw5t,stressid,stressid
1,0.73787355,1.0,stressid_qw5t,stressid,stressid
1,0.6105956,1.0,stressid_qw5t,stressid,stressid
1,0.61422193,1.0,stressid_qw5t,stressid,stressid
1,0.6115238,1.0,stressid_qw5t,stressid,stressid
1,0.6115073,1.0,stressid_qw5t,stressid,stressid
1,0.6118433,1.0,stressid_qw5t,stressid,stressid
1,0.6130169,1.0,stressid_qw5t,stressid,stressid
1,0.61541086,1.0,stressid_qw5t,stressid,stressid
1,0.6137784,1.0,stressid_qw5t,stressid,stressid
1,0.7561764,1.0,stressid_qw5t,stressid,stressid
1,0.7471959,1.0,stressid_qw5t,stressid,stressid
1,0.7471115,1.0,stressid_qw5t,stressid,stressid
1,0.73830855,1.0,stressid_qw5t,stressid,stressid
1,0.73517454,1.0,stressid_qw5t,stressid,stressid
1,0.7371691,1.0,stressid_qw5t,stressid,stressid
1,0.7461391,1.0,stressid_qw5t,stressid,stressid
1,0.7414436,1.0,stressid_qw5t,stressid,stressid
1,0.7423526,1.0,stressid_qw5t,stressid,stressid
1,0.73213345,1.0,stressid_qw5t,stressid,stressid
1,0.74221843,1.0,stressid_qw5t,stressid,stressid
1,0.6092424,1.0,stressid_qw5t,stressid,stressid
1,0.61583185,1.0,stressid_qw5t,stressid,stressid
1,0.62498933,1.0,stressid_qw5t,stressid,stressid
1,0.62687135,1.0,stressid_qw5t,stressid,stressid
1,0.6294442,1.0,stressid_qw5t,stressid,stressid
1,0.63246787,1.0,stressid_qw5t,stressid,stressid
1,0.62637055,1.0,stressid_qw5t,stressid,stressid
1,0.6172934,1.0,stressid_qw5t,stressid,stressid
1,0.738985,1.0,stressid_qw5t,stressid,stressid
1,0.753654,1.0,stressid_qw5t,stressid,stressid
1,0.74686456,1.0,stressid_qw5t,stressid,stressid
1,0.74898106,1.0,stressid_qw5t,stressid,stressid
1,0.7540798,1.0,stressid_qw5t,stressid,stressid
1,0.75858146,1.0,stressid_qw5t,stressid,stressid
1,0.75465816,1.0,stressid_qw5t,stressid,stressid
1,0.74808323,1.0,stressid_qw5t,stressid,stressid
0,0.36962488,1.0,stressid_qw5t,stressid,stressid
0,0.3648654,1.0,stressid_qw5t,stressid,stressid
0,0.3319644,1.0,stressid_qw5t,stressid,stressid
0,0.3486013,1.0,stressid_qw5t,stressid,stressid
0,0.3699984,1.0,stressid_qw5t,stressid,stressid
0,0.36598122,1.0,stressid_qw5t,stressid,stressid
0,0.33023158,1.0,stressid_qw5t,stressid,stressid
0,0.31412995,1.0,stressid_qw5t,stressid,stressid
0,0.33423784,1.0,stressid_qw5t,stressid,stressid
0,0.34434193,1.0,stressid_qw5t,stressid,stressid
0,0.34225133,1.0,stressid_qw5t,stressid,stressid
0,0.3314546,1.0,stressid_qw5t,stressid,stressid
0,0.3904804,1.0,stressid_qw5t,stressid,stressid
0,0.35142708,1.0,stressid_qw5t,stressid,stressid
0,0.36919308,1.0,stressid_qw5t,stressid,stressid
0,0.37072045,1.0,stressid_qw5t,stressid,stressid
0,0.38273907,1.0,stressid_qw5t,stressid,stressid
0,0.38444275,1.0,stressid_qw5t,stressid,stressid
0,0.3717905,1.0,stressid_qw5t,stressid,stressid
0,0.365622,1.0,stressid_qw5t,stressid,stressid
0,0.358362,1.0,stressid_qw5t,stressid,stressid
0,0.34855387,1.0,stressid_qw5t,stressid,stressid
0,0.30999908,1.0,stressid_qw5t,stressid,stressid
0,0.37405586,1.0,stressid_qw5t,stressid,stressid
0,0.3099693,1.0,stressid_qw5t,stressid,stressid
0,0.30989072,1.0,stressid_qw5t,stressid,stressid
0,0.30997133,1.0,stressid_qw5t,stressid,stressid
0,0.31009728,1.0,stressid_qw5t,stressid,stressid
0,0.31006098,1.0,stressid_qw5t,stressid,stressid
0,0.31000683,1.0,stressid_qw5t,stressid,stressid
0,0.31000382,1.0,stressid_qw5t,stressid,stressid
0,0.31007475,1.0,stressid_qw5t,stressid,stressid
0,0.31014392,1.0,stressid_qw5t,stressid,stressid
0,0.31010893,1.0,stressid_qw5t,stressid,stressid
0,0.3727841,1.0,stressid_qw5t,stressid,stressid
0,0.3100436,1.0,stressid_qw5t,stressid,stressid
0,0.310022,1.0,stressid_qw5t,stressid,stressid
0,0.31002906,1.0,stressid_qw5t,stressid,stressid
0,0.3100615,1.0,stressid_qw5t,stressid,stressid
0,0.31009218,1.0,stressid_qw5t,stressid,stressid
0,0.31012958,1.0,stressid_qw5t,stressid,stressid
0,0.31016052,1.0,stressid_qw5t,stressid,stressid
0,0.3101463,1.0,stressid_qw5t,stressid,stressid
0,0.3101575,1.0,stressid_qw5t,stressid,stressid
0,0.37032118,1.0,stressid_qw5t,stressid,stressid
0,0.3656429,1.0,stressid_qw5t,stressid,stressid
0,0.3496699,1.0,stressid_qw5t,stressid,stressid
0,0.3539026,1.0,stressid_qw5t,stressid,stressid
0,0.37396252,1.0,stressid_qw5t,stressid,stressid
1,0.7458595,1.0,stressid_qw5t,stressid,stressid
1,0.7635553,1.0,stressid_qw5t,stressid,stressid
1,0.76097417,1.0,stressid_qw5t,stressid,stressid
1,0.61679626,1.0,stressid_qw5t,stressid,stressid
1,0.61434937,1.0,stressid_qw5t,stressid,stressid
1,0.6182977,1.0,stressid_qw5t,stressid,stressid
1,0.6327432,1.0,stressid_qw5t,stressid,stressid
1,0.62831867,1.0,stressid_qw5t,stressid,stressid
1,0.61622894,1.0,stressid_qw5t,stressid,stressid
1,0.6129138,1.0,stressid_qw5t,stressid,stressid
1,0.610826,1.0,stressid_qw5t,stressid,stressid
1,0.7759999,1.0,stressid_qw5t,stressid,stressid
1,0.77126044,1.0,stressid_qw5t,stressid,stressid
1,0.77047366,1.0,stressid_qw5t,stressid,stressid
1,0.77349746,1.0,stressid_qw5t,stressid,stressid
1,0.7629855,1.0,stressid_qw5t,stressid,stressid
1,0.7653256,1.0,stressid_qw5t,stressid,stressid
1,0.7791228,1.0,stressid_qw5t,stressid,stressid
1,0.7644415,1.0,stressid_qw5t,stressid,stressid
1,0.7555121,1.0,stressid_qw5t,stressid,stressid
1,0.7488164,1.0,stressid_qw5t,stressid,stressid
1,0.7674981,1.0,stressid_qw5t,stressid,stressid
1,0.6246298,1.0,stressid_qw5t,stressid,stressid
1,0.6252936,1.0,stressid_qw5t,stressid,stressid
1,0.62946415,1.0,stressid_qw5t,stressid,stressid
1,0.63518554,1.0,stressid_qw5t,stressid,stressid
1,0.6401685,1.0,stressid_qw5t,stressid,stressid
1,0.63849294,1.0,stressid_qw5t,stressid,stressid
1,0.6319422,1.0,stressid_qw5t,stressid,stressid
1,0.62452775,1.0,stressid_qw5t,stressid,stressid
1,0.74797577,1.0,stressid_qw5t,stressid,stressid
1,0.73470646,1.0,stressid_qw5t,stressid,stressid
1,0.7394626,1.0,stressid_qw5t,stressid,stressid
1,0.7473872,1.0,stressid_qw5t,stressid,stressid
1,0.74723715,1.0,stressid_qw5t,stressid,stressid
1,0.745649,1.0,stressid_qw5t,stressid,stressid
1,0.74203396,1.0,stressid_qw5t,stressid,stressid
1,0.7531846,1.0,stressid_qw5t,stressid,stressid
1,0.30171543,1.0,stressid_qw5t,stressid,stressid
1,0.29720232,1.0,stressid_qw5t,stressid,stressid
1,0.26044938,1.0,stressid_qw5t,stressid,stressid
1,0.25456417,1.0,stressid_qw5t,stressid,stressid
1,0.25098017,1.0,stressid_qw5t,stressid,stressid
1,0.25092757,1.0,stressid_qw5t,stressid,stressid
1,0.24397504,1.0,stressid_qw5t,stressid,stressid
1,0.23318967,1.0,stressid_qw5t,stressid,stressid
1,0.2272682,1.0,stressid_qw5t,stressid,stressid
1,0.23609777,1.0,stressid_qw5t,stressid,stressid
1,0.26162735,1.0,stressid_qw5t,stressid,stressid
1,0.24363248,1.0,stressid_qw5t,stressid,stressid
1,0.30378264,1.0,stressid_qw5t,stressid,stressid
1,0.22003725,1.0,stressid_qw5t,stressid,stressid
1,0.2243023,1.0,stressid_qw5t,stressid,stressid
1,0.24076955,1.0,stressid_qw5t,stressid,stressid
1,0.25217652,1.0,stressid_qw5t,stressid,stressid
1,0.2611403,1.0,stressid_qw5t,stressid,stressid
1,0.27672252,1.0,stressid_qw5t,stressid,stressid
1,0.27101457,1.0,stressid_qw5t,stressid,stressid
1,0.25244546,1.0,stressid_qw5t,stressid,stressid
1,0.24165088,1.0,stressid_qw5t,stressid,stressid
1,0.23787913,1.0,stressid_qw5t,stressid,stressid
1,0.29446918,1.0,stressid_qw5t,stressid,stressid
1,0.27649993,1.0,stressid_qw5t,stressid,stressid
1,0.26820305,1.0,stressid_qw5t,stressid,stressid
1,0.23618606,1.0,stressid_qw5t,stressid,stressid
1,0.31013626,1.0,stressid_qw5t,stressid,stressid
1,0.31017238,1.0,stressid_qw5t,stressid,stressid
1,0.31013712,1.0,stressid_qw5t,stressid,stressid
1,0.3101285,1.0,stressid_qw5t,stressid,stressid
1,0.31016842,1.0,stressid_qw5t,stressid,stressid
1,0.310211,1.0,stressid_qw5t,stressid,stressid
1,0.31001493,1.0,stressid_qw5t,stressid,stressid
1,0.28397003,1.0,stressid_qw5t,stressid,stressid
1,0.31046057,1.0,stressid_qw5t,stressid,stressid
1,0.31061503,1.0,stressid_qw5t,stressid,stressid
1,0.31028846,1.0,stressid_qw5t,stressid,stressid
1,0.31020185,1.0,stressid_qw5t,stressid,stressid
1,0.31018922,1.0,stressid_qw5t,stressid,stressid
1,0.3101856,1.0,stressid_qw5t,stressid,stressid
1,0.31042537,1.0,stressid_qw5t,stressid,stressid
1,0.3103787,1.0,stressid_qw5t,stressid,stressid
1,0.31007802,1.0,stressid_qw5t,stressid,stressid
1,0.31005225,1.0,stressid_qw5t,stressid,stressid
1,0.2985215,1.0,stressid_qw5t,stressid,stressid
1,0.3099526,1.0,stressid_qw5t,stressid,stressid
1,0.30995315,1.0,stressid_qw5t,stressid,stressid
1,0.3100569,1.0,stressid_qw5t,stressid,stressid
1,0.3100899,1.0,stressid_qw5t,stressid,stressid
1,0.31004313,1.0,stressid_qw5t,stressid,stressid
1,0.3101451,1.0,stressid_qw5t,stressid,stressid
1,0.31030276,1.0,stressid_qw5t,stressid,stressid
1,0.31129348,1.0,stressid_qw5t,stressid,stressid
1,0.30075818,1.0,stressid_qw5t,stressid,stressid
1,0.27642304,1.0,stressid_qw5t,stressid,stressid
1,0.26524046,1.0,stressid_qw5t,stressid,stressid
1,0.30763528,1.0,stressid_qw5t,stressid,stressid
1,0.31750005,1.0,stressid_qw5t,stressid,stressid
1,0.33261096,1.0,stressid_qw5t,stressid,stressid
1,0.36124316,1.0,stressid_qw5t,stressid,stressid
1,0.3317727,1.0,stressid_qw5t,stressid,stressid
1,0.3188571,1.0,stressid_qw5t,stressid,stressid
1,0.3243701,1.0,stressid_qw5t,stressid,stressid
1,0.32791552,1.0,stressid_qw5t,stressid,stressid
1,0.33322564,1.0,stressid_qw5t,stressid,stressid
1,0.32801518,1.0,stressid_qw5t,stressid,stressid
1,0.3084548,1.0,stressid_qw5t,stressid,stressid
1,0.31512693,1.0,stressid_qw5t,stressid,stressid
1,0.29877922,1.0,stressid_qw5t,stressid,stressid
1,0.31005946,1.0,stressid_qw5t,stressid,stressid
1,0.29628924,1.0,stressid_qw5t,stressid,stressid
1,0.3101499,1.0,stressid_qw5t,stressid,stressid
1,0.31014156,1.0,stressid_qw5t,stressid,stressid
1,0.31013602,1.0,stressid_qw5t,stressid,stressid
1,0.310118,1.0,stressid_qw5t,stressid,stressid
1,0.31011805,1.0,stressid_qw5t,stressid,stressid
1,0.31011868,1.0,stressid_qw5t,stressid,stressid
1,0.31011894,1.0,stressid_qw5t,stressid,stressid
1,0.31015706,1.0,stressid_qw5t,stressid,stressid
1,0.27430013,1.0,stressid_qw5t,stressid,stressid
1,0.3102124,1.0,stressid_qw5t,stressid,stressid
1,0.31025183,1.0,stressid_qw5t,stressid,stressid
1,0.31027585,1.0,stressid_qw5t,stressid,stressid
1,0.31037882,1.0,stressid_qw5t,stressid,stressid
1,0.3102428,1.0,stressid_qw5t,stressid,stressid
1,0.31015068,1.0,stressid_qw5t,stressid,stressid
1,0.31027335,1.0,stressid_qw5t,stressid,stressid
1,0.31016052,1.0,stressid_qw5t,stressid,stressid
1,0.3209075,1.0,stressid_qw5t,stressid,stressid
1,0.37329495,1.0,stressid_qw5t,stressid,stressid
1,0.34745568,1.0,stressid_qw5t,stressid,stressid
1,0.3457219,1.0,stressid_qw5t,stressid,stressid
1,0.34415197,1.0,stressid_qw5t,stressid,stressid
1,0.3368998,1.0,stressid_qw5t,stressid,stressid
0,0.19575267,1.0,stressid_v8mh,stressid,stressid
0,0.11463433,1.0,stressid_v8mh,stressid,stressid
0,0.17061593,1.0,stressid_v8mh,stressid,stressid
0,0.21422228,1.0,stressid_v8mh,stressid,stressid
0,0.20561978,1.0,stressid_v8mh,stressid,stressid
0,0.20467801,1.0,stressid_v8mh,stressid,stressid
0,0.23898071,1.0,stressid_v8mh,stressid,stressid
0,0.27768216,1.0,stressid_v8mh,stressid,stressid
0,0.2544905,1.0,stressid_v8mh,stressid,stressid
0,0.23217061,1.0,stressid_v8mh,stressid,stressid
0,0.22709744,1.0,stressid_v8mh,stressid,stressid
0,0.1928462,1.0,stressid_v8mh,stressid,stressid
0,0.11080005,1.0,stressid_v8mh,stressid,stressid
0,0.20661855,1.0,stressid_v8mh,stressid,stressid
0,0.24384017,1.0,stressid_v8mh,stressid,stressid
0,0.2859557,1.0,stressid_v8mh,stressid,stressid
0,0.3297114,1.0,stressid_v8mh,stressid,stressid
0,0.3470449,1.0,stressid_v8mh,stressid,stressid
0,0.36624563,1.0,stressid_v8mh,stressid,stressid
0,0.31572542,1.0,stressid_v8mh,stressid,stressid
0,0.31721607,1.0,stressid_v8mh,stressid,stressid
0,0.3643935,1.0,stressid_v8mh,stressid,stressid
0,0.34021777,1.0,stressid_v8mh,stressid,stressid
0,0.11640905,1.0,stressid_v8mh,stressid,stressid
0,0.3200543,1.0,stressid_v8mh,stressid,stressid
0,0.3539771,1.0,stressid_v8mh,stressid,stressid
0,0.34526402,1.0,stressid_v8mh,stressid,stressid
0,0.28234023,1.0,stressid_v8mh,stressid,stressid
0,0.3289538,1.0,stressid_v8mh,stressid,stressid
0,0.2607516,1.0,stressid_v8mh,stressid,stressid
0,0.2606119,1.0,stressid_v8mh,stressid,stressid
0,0.26066583,1.0,stressid_v8mh,stressid,stressid
0,0.26040864,1.0,stressid_v8mh,stressid,stressid
0,0.26036915,1.0,stressid_v8mh,stressid,stressid
0,0.13979138,1.0,stressid_v8mh,stressid,stressid
0,0.2604756,1.0,stressid_v8mh,stressid,stressid
0,0.26045322,1.0,stressid_v8mh,stressid,stressid
0,0.26049414,1.0,stressid_v8mh,stressid,stressid
0,0.2603931,1.0,stressid_v8mh,stressid,stressid
0,0.26053607,1.0,stressid_v8mh,stressid,stressid
0,0.260633,1.0,stressid_v8mh,stressid,stressid
0,0.26072153,1.0,stressid_v8mh,stressid,stressid
0,0.26064056,1.0,stressid_v8mh,stressid,stressid
0,0.26068747,1.0,stressid_v8mh,stressid,stressid
0,0.26072848,1.0,stressid_v8mh,stressid,stressid
0,0.1682988,1.0,stressid_v8mh,stressid,stressid
0,0.26066425,1.0,stressid_v8mh,stressid,stressid
0,0.26065776,1.0,stressid_v8mh,stressid,stressid
0,0.2605061,1.0,stressid_v8mh,stressid,stressid
0,0.26057965,1.0,stressid_v8mh,stressid,stressid
0,0.26072142,1.0,stressid_v8mh,stressid,stressid
0,0.2608296,1.0,stressid_v8mh,stressid,stressid
0,0.2607011,1.0,stressid_v8mh,stressid,stressid
0,0.26060712,1.0,stressid_v8mh,stressid,stressid
0,0.26056063,1.0,stressid_v8mh,stressid,stressid
0,0.18751101,1.0,stressid_v8mh,stressid,stressid
0,0.1685706,1.0,stressid_v8mh,stressid,stressid
0,0.14897478,1.0,stressid_v8mh,stressid,stressid
0,0.16003644,1.0,stressid_v8mh,stressid,stressid
1,0.89320207,1.0,stressid_v8mh,stressid,stressid
1,0.7117321,1.0,stressid_v8mh,stressid,stressid
1,0.79737765,1.0,stressid_v8mh,stressid,stressid
1,0.8114317,1.0,stressid_v8mh,stressid,stressid
1,0.7975525,1.0,stressid_v8mh,stressid,stressid
1,0.7911779,1.0,stressid_v8mh,stressid,stressid
1,0.7561703,1.0,stressid_v8mh,stressid,stressid
1,0.70044667,1.0,stressid_v8mh,stressid,stressid
1,0.7200531,1.0,stressid_v8mh,stressid,stressid
1,0.7614588,1.0,stressid_v8mh,stressid,stressid
1,0.76040524,1.0,stressid_v8mh,stressid,stressid
1,0.6968758,1.0,stressid_v8mh,stressid,stressid
1,0.7335205,1.0,stressid_v8mh,stressid,stressid
1,0.74967915,1.0,stressid_v8mh,stressid,stressid
1,0.7187872,1.0,stressid_v8mh,stressid,stressid
1,0.701391,1.0,stressid_v8mh,stressid,stressid
1,0.72025484,1.0,stressid_v8mh,stressid,stressid
1,0.72991854,1.0,stressid_v8mh,stressid,stressid
1,0.7435577,1.0,stressid_v8mh,stressid,stressid
1,0.7006738,1.0,stressid_v8mh,stressid,stressid
1,0.7464795,1.0,stressid_v8mh,stressid,stressid
1,0.74310833,1.0,stressid_v8mh,stressid,stressid
1,0.7730456,1.0,stressid_v8mh,stressid,stressid
1,0.797654,1.0,stressid_v8mh,stressid,stressid
1,0.7868842,1.0,stressid_v8mh,stressid,stressid
1,0.8004636,1.0,stressid_v8mh,stressid,stressid
1,0.8129418,1.0,stressid_v8mh,stressid,stressid
1,0.8036047,1.0,stressid_v8mh,stressid,stressid
1,0.8017788,1.0,stressid_v8mh,stressid,stressid
1,0.7900696,1.0,stressid_v8mh,stressid,stressid
1,0.7716407,1.0,stressid_v8mh,stressid,stressid
1,0.77048886,1.0,stressid_v8mh,stressid,stressid
1,0.7784401,1.0,stressid_v8mh,stressid,stressid
1,0.7776801,1.0,stressid_v8mh,stressid,stressid
1,0.7701722,1.0,stressid_v8mh,stressid,stressid
1,0.7208215,1.0,stressid_v8mh,stressid,stressid
1,0.7235709,1.0,stressid_v8mh,stressid,stressid
1,0.77028775,1.0,stressid_v8mh,stressid,stressid
1,0.70100623,1.0,stressid_v8mh,stressid,stressid
1,0.7077405,1.0,stressid_v8mh,stressid,stressid
1,0.62463444,1.0,stressid_v8mh,stressid,stressid
1,0.7436169,1.0,stressid_v8mh,stressid,stressid
1,0.7356355,1.0,stressid_v8mh,stressid,stressid
1,0.76125324,1.0,stressid_v8mh,stressid,stressid
1,0.7612319,1.0,stressid_v8mh,stressid,stressid
1,0.7236338,1.0,stressid_v8mh,stressid,stressid
1,0.73157585,1.0,stressid_v8mh,stressid,stressid
1,0.7726372,1.0,stressid_v8mh,stressid,stressid
1,0.78642786,1.0,stressid_v8mh,stressid,stressid
1,0.7390754,1.0,stressid_v8mh,stressid,stressid
1,0.7478567,1.0,stressid_v8mh,stressid,stressid
1,0.77629113,1.0,stressid_v8mh,stressid,stressid
1,0.75227904,1.0,stressid_v8mh,stressid,stressid
1,0.7060733,1.0,stressid_v8mh,stressid,stressid
1,0.7213657,1.0,stressid_v8mh,stressid,stressid
1,0.7127344,1.0,stressid_v8mh,stressid,stressid
1,0.63832855,1.0,stressid_v8mh,stressid,stressid
1,0.7653181,1.0,stressid_v8mh,stressid,stressid
1,0.770925,1.0,stressid_v8mh,stressid,stressid
1,0.7183645,1.0,stressid_v8mh,stressid,stressid
1,0.75632864,1.0,stressid_v8mh,stressid,stressid
1,0.7348965,1.0,stressid_v8mh,stressid,stressid
1,0.77097136,1.0,stressid_v8mh,stressid,stressid
1,0.7780522,1.0,stressid_v8mh,stressid,stressid
1,0.7691688,1.0,stressid_v8mh,stressid,stressid
1,0.7805929,1.0,stressid_v8mh,stressid,stressid
1,0.7515516,1.0,stressid_v8mh,stressid,stressid
1,0.7262326,1.0,stressid_v8mh,stressid,stressid
1,0.78239715,1.0,stressid_v8mh,stressid,stressid
1,0.78382844,1.0,stressid_v8mh,stressid,stressid
1,0.77125376,1.0,stressid_v8mh,stressid,stressid
1,0.75851095,1.0,stressid_v8mh,stressid,stressid
1,0.7517288,1.0,stressid_v8mh,stressid,stressid
1,0.70637906,1.0,stressid_v8mh,stressid,stressid
1,0.72419906,1.0,stressid_v8mh,stressid,stressid
1,0.70758,1.0,stressid_v8mh,stressid,stressid
1,0.801052,1.0,stressid_v8mh,stressid,stressid
1,0.762847,1.0,stressid_v8mh,stressid,stressid
1,0.7758869,1.0,stressid_v8mh,stressid,stressid
1,0.7886534,1.0,stressid_v8mh,stressid,stressid
1,0.7859715,1.0,stressid_v8mh,stressid,stressid
1,0.783906,1.0,stressid_v8mh,stressid,stressid
1,0.7804714,1.0,stressid_v8mh,stressid,stressid
1,0.7891165,1.0,stressid_v8mh,stressid,stressid
1,0.796412,1.0,stressid_v8mh,stressid,stressid
1,0.78954196,1.0,stressid_v8mh,stressid,stressid
1,0.75634414,1.0,stressid_v8mh,stressid,stressid
1,0.70995736,1.0,stressid_v8mh,stressid,stressid
1,0.7167061,1.0,stressid_v8mh,stressid,stressid
1,0.72054386,1.0,stressid_v8mh,stressid,stressid
1,0.7272413,1.0,stressid_v8mh,stressid,stressid
1,0.72839826,1.0,stressid_v8mh,stressid,stressid
1,0.73538065,1.0,stressid_v8mh,stressid,stressid
1,0.76789504,1.0,stressid_v8mh,stressid,stressid
1,0.77073777,1.0,stressid_v8mh,stressid,stressid
0,0.08080984,1.0,stressid_v8mh,stressid,stressid
0,0.08941054,1.0,stressid_v8mh,stressid,stressid
0,0.07979306,1.0,stressid_v8mh,stressid,stressid
0,0.08462691,1.0,stressid_v8mh,stressid,stressid
0,0.08624938,1.0,stressid_v8mh,stressid,stressid
0,0.08251666,1.0,stressid_v8mh,stressid,stressid
0,0.090101205,1.0,stressid_v8mh,stressid,stressid
0,0.088413,1.0,stressid_v8mh,stressid,stressid
0,0.084141426,1.0,stressid_v8mh,stressid,stressid
0,0.080581516,1.0,stressid_v8mh,stressid,stressid
0,0.078894764,1.0,stressid_v8mh,stressid,stressid
0,0.07719406,1.0,stressid_v8mh,stressid,stressid
0,0.092476144,1.0,stressid_v8mh,stressid,stressid
0,0.07669954,1.0,stressid_v8mh,stressid,stressid
0,0.07788142,1.0,stressid_v8mh,stressid,stressid
0,0.07686134,1.0,stressid_v8mh,stressid,stressid
0,0.082621865,1.0,stressid_v8mh,stressid,stressid
0,0.0945454,1.0,stressid_v8mh,stressid,stressid
0,0.09256266,1.0,stressid_v8mh,stressid,stressid
0,0.08917539,1.0,stressid_v8mh,stressid,stressid
0,0.09157458,1.0,stressid_v8mh,stressid,stressid
0,0.104747586,1.0,stressid_v8mh,stressid,stressid
0,0.2602499,1.0,stressid_v8mh,stressid,stressid
0,0.09794342,1.0,stressid_v8mh,stressid,stressid
0,0.26031932,1.0,stressid_v8mh,stressid,stressid
0,0.2603247,1.0,stressid_v8mh,stressid,stressid
0,0.2602433,1.0,stressid_v8mh,stressid,stressid
0,0.26042965,1.0,stressid_v8mh,stressid,stressid
0,0.26052117,1.0,stressid_v8mh,stressid,stressid
0,0.26053363,1.0,stressid_v8mh,stressid,stressid
0,0.26052108,1.0,stressid_v8mh,stressid,stressid
0,0.26046622,1.0,stressid_v8mh,stressid,stressid
0,0.26043877,1.0,stressid_v8mh,stressid,stressid
0,0.26051146,1.0,stressid_v8mh,stressid,stressid
0,0.09575601,1.0,stressid_v8mh,stressid,stressid
0,0.26047495,1.0,stressid_v8mh,stressid,stressid
0,0.26031798,1.0,stressid_v8mh,stressid,stressid
0,0.26042864,1.0,stressid_v8mh,stressid,stressid
0,0.26044837,1.0,stressid_v8mh,stressid,stressid
0,0.26037344,1.0,stressid_v8mh,stressid,stressid
0,0.26034012,1.0,stressid_v8mh,stressid,stressid
0,0.26042095,1.0,stressid_v8mh,stressid,stressid
0,0.26053494,1.0,stressid_v8mh,stressid,stressid
0,0.26057065,1.0,stressid_v8mh,stressid,stressid
0,0.08969247,1.0,stressid_v8mh,stressid,stressid
0,0.08368984,1.0,stressid_v8mh,stressid,stressid
0,0.08757569,1.0,stressid_v8mh,stressid,stressid
0,0.08597544,1.0,stressid_v8mh,stressid,stressid
0,0.09471543,1.0,stressid_v8mh,stressid,stressid
0,0.74590725,1.0,stressid_v8mh,stressid,stressid
0,0.72092366,1.0,stressid_v8mh,stressid,stressid
0,0.7139581,1.0,stressid_v8mh,stressid,stressid
0,0.72663987,1.0,stressid_v8mh,stressid,stressid
0,0.71262556,1.0,stressid_v8mh,stressid,stressid
0,0.6885017,1.0,stressid_v8mh,stressid,stressid
0,0.7278367,1.0,stressid_v8mh,stressid,stressid
0,0.7565778,1.0,stressid_v8mh,stressid,stressid
0,0.7608899,1.0,stressid_v8mh,stressid,stressid
0,0.77146405,1.0,stressid_v8mh,stressid,stressid
0,0.74231505,1.0,stressid_v8mh,stressid,stressid
0,0.75046724,1.0,stressid_v8mh,stressid,stressid
0,0.7462969,1.0,stressid_v8mh,stressid,stressid
0,0.7431676,1.0,stressid_v8mh,stressid,stressid
0,0.68599147,1.0,stressid_v8mh,stressid,stressid
0,0.68023837,1.0,stressid_v8mh,stressid,stressid
0,0.7123469,1.0,stressid_v8mh,stressid,stressid
0,0.69258434,1.0,stressid_v8mh,stressid,stressid
0,0.69583285,1.0,stressid_v8mh,stressid,stressid
1,0.73941743,1.0,stressid_v8mh,stressid,stressid
1,0.7473934,1.0,stressid_v8mh,stressid,stressid
1,0.78877276,1.0,stressid_v8mh,stressid,stressid
1,0.7532624,1.0,stressid_v8mh,stressid,stressid
1,0.74464035,1.0,stressid_v8mh,stressid,stressid
1,0.74591225,1.0,stressid_v8mh,stressid,stressid
1,0.78432524,1.0,stressid_v8mh,stressid,stressid
1,0.77627087,1.0,stressid_v8mh,stressid,stressid
1,0.6950808,1.0,stressid_v8mh,stressid,stressid
1,0.6852909,1.0,stressid_v8mh,stressid,stressid
1,0.73089075,1.0,stressid_v8mh,stressid,stressid
1,0.79930806,1.0,stressid_v8mh,stressid,stressid
1,0.8001944,1.0,stressid_v8mh,stressid,stressid
1,0.7804481,1.0,stressid_v8mh,stressid,stressid
1,0.7466158,1.0,stressid_v8mh,stressid,stressid
1,0.73761976,1.0,stressid_v8mh,stressid,stressid
1,0.74981993,1.0,stressid_v8mh,stressid,stressid
1,0.7114865,1.0,stressid_v8mh,stressid,stressid
1,0.7432504,1.0,stressid_v8mh,stressid,stressid
0,0.14254855,1.0,stressid_v8mh,stressid,stressid
0,0.14864995,1.0,stressid_v8mh,stressid,stressid
0,0.1396305,1.0,stressid_v8mh,stressid,stressid
0,0.2039596,1.0,stressid_v8mh,stressid,stressid
0,0.30364498,1.0,stressid_v8mh,stressid,stressid
0,0.3309275,1.0,stressid_v8mh,stressid,stressid
0,0.31740105,1.0,stressid_v8mh,stressid,stressid
0,0.2977262,1.0,stressid_v8mh,stressid,stressid
0,0.2869475,1.0,stressid_v8mh,stressid,stressid
0,0.2604906,1.0,stressid_v8mh,stressid,stressid
0,0.25720906,1.0,stressid_v8mh,stressid,stressid
0,0.3053222,1.0,stressid_v8mh,stressid,stressid
0,0.16479486,1.0,stressid_v8mh,stressid,stressid
0,0.3525064,1.0,stressid_v8mh,stressid,stressid
0,0.3628979,1.0,stressid_v8mh,stressid,stressid
0,0.36621475,1.0,stressid_v8mh,stressid,stressid
0,0.32947674,1.0,stressid_v8mh,stressid,stressid
0,0.29946965,1.0,stressid_v8mh,stressid,stressid
0,0.29495928,1.0,stressid_v8mh,stressid,stressid
0,0.21591906,1.0,stressid_v8mh,stressid,stressid
0,0.1353538,1.0,stressid_v8mh,stressid,stressid
0,0.12730454,1.0,stressid_v8mh,stressid,stressid
0,0.11166084,1.0,stressid_v8mh,stressid,stressid
0,0.20832607,1.0,stressid_v8mh,stressid,stressid
0,0.120424725,1.0,stressid_v8mh,stressid,stressid
0,0.2564963,1.0,stressid_v8mh,stressid,stressid
0,0.2989816,1.0,stressid_v8mh,stressid,stressid
0,0.2612498,1.0,stressid_v8mh,stressid,stressid
0,0.26275355,1.0,stressid_v8mh,stressid,stressid
0,0.26406342,1.0,stressid_v8mh,stressid,stressid
0,0.26385772,1.0,stressid_v8mh,stressid,stressid
0,0.26260665,1.0,stressid_v8mh,stressid,stressid
0,0.26267898,1.0,stressid_v8mh,stressid,stressid
0,0.263534,1.0,stressid_v8mh,stressid,stressid
0,0.23591906,1.0,stressid_v8mh,stressid,stressid
0,0.26319376,1.0,stressid_v8mh,stressid,stressid
0,0.26307112,1.0,stressid_v8mh,stressid,stressid
0,0.26304093,1.0,stressid_v8mh,stressid,stressid
0,0.26410025,1.0,stressid_v8mh,stressid,stressid
0,0.26442954,1.0,stressid_v8mh,stressid,stressid
0,0.26454902,1.0,stressid_v8mh,stressid,stressid
0,0.2646608,1.0,stressid_v8mh,stressid,stressid
0,0.2647787,1.0,stressid_v8mh,stressid,stressid
0,0.2646748,1.0,stressid_v8mh,stressid,stressid
0,0.26453543,1.0,stressid_v8mh,stressid,stressid
0,0.21224746,1.0,stressid_v8mh,stressid,stressid
0,0.2645825,1.0,stressid_v8mh,stressid,stressid
0,0.26452982,1.0,stressid_v8mh,stressid,stressid
0,0.2645572,1.0,stressid_v8mh,stressid,stressid
0,0.26467457,1.0,stressid_v8mh,stressid,stressid
0,0.2645363,1.0,stressid_v8mh,stressid,stressid
0,0.26453012,1.0,stressid_v8mh,stressid,stressid
0,0.2645062,1.0,stressid_v8mh,stressid,stressid
0,0.18248129,1.0,stressid_v8mh,stressid,stressid
0,0.15711495,1.0,stressid_v8mh,stressid,stressid
0,0.17256662,1.0,stressid_v8mh,stressid,stressid
0,0.17736208,1.0,stressid_v8mh,stressid,stressid
0,0.13527255,1.0,stressid_v8mh,stressid,stressid
0,0.11828992,1.0,stressid_v8mh,stressid,stressid
0,0.23526357,1.0,stressid_v8mh,stressid,stressid
0,0.25009492,1.0,stressid_v8mh,stressid,stressid
0,0.29095575,1.0,stressid_v8mh,stressid,stressid
0,0.3122592,1.0,stressid_v8mh,stressid,stressid
0,0.31112978,1.0,stressid_v8mh,stressid,stressid
0,0.31375888,1.0,stressid_v8mh,stressid,stressid
0,0.3188057,1.0,stressid_v8mh,stressid,stressid
0,0.31178445,1.0,stressid_v8mh,stressid,stressid
0,0.29009184,1.0,stressid_v8mh,stressid,stressid
0,0.3023525,1.0,stressid_v8mh,stressid,stressid
0,0.11816422,1.0,stressid_v8mh,stressid,stressid
0,0.3238294,1.0,stressid_v8mh,stressid,stressid
0,0.32488903,1.0,stressid_v8mh,stressid,stressid
0,0.25970525,1.0,stressid_v8mh,stressid,stressid
0,0.25971583,1.0,stressid_v8mh,stressid,stressid
0,0.25992665,1.0,stressid_v8mh,stressid,stressid
0,0.26015988,1.0,stressid_v8mh,stressid,stressid
0,0.26021123,1.0,stressid_v8mh,stressid,stressid
0,0.260291,1.0,stressid_v8mh,stressid,stressid
0,0.26046237,1.0,stressid_v8mh,stressid,stressid
0,0.2606811,1.0,stressid_v8mh,stressid,stressid
0,0.13053071,1.0,stressid_v8mh,stressid,stressid
0,0.2606799,1.0,stressid_v8mh,stressid,stressid
0,0.26068762,1.0,stressid_v8mh,stressid,stressid
0,0.2605539,1.0,stressid_v8mh,stressid,stressid
0,0.2603085,1.0,stressid_v8mh,stressid,stressid
0,0.26027092,1.0,stressid_v8mh,stressid,stressid
0,0.26017204,1.0,stressid_v8mh,stressid,stressid
0,0.26009712,1.0,stressid_v8mh,stressid,stressid
0,0.26012692,1.0,stressid_v8mh,stressid,stressid
0,0.14817886,1.0,stressid_v8mh,stressid,stressid
0,0.16635649,1.0,stressid_v8mh,stressid,stressid
0,0.19260655,1.0,stressid_v8mh,stressid,stressid
0,0.21344073,1.0,stressid_v8mh,stressid,stressid
0,0.2406275,1.0,stressid_v8mh,stressid,stressid
0,0.2357052,1.0,stressid_v8mh,stressid,stressid
0,0.102201454,1.0,stressid_4woj,stressid,stressid
0,0.1037357,1.0,stressid_4woj,stressid,stressid
0,0.17500743,1.0,stressid_4woj,stressid,stressid
0,0.17547671,1.0,stressid_4woj,stressid,stressid
0,0.17951433,1.0,stressid_4woj,stressid,stressid
0,0.18456025,1.0,stressid_4woj,stressid,stressid
0,0.18387915,1.0,stressid_4woj,stressid,stressid
0,0.18688037,1.0,stressid_4woj,stressid,stressid
0,0.18777713,1.0,stressid_4woj,stressid,stressid
0,0.19027951,1.0,stressid_4woj,stressid,stressid
0,0.1943949,1.0,stressid_4woj,stressid,stressid
0,0.18953878,1.0,stressid_4woj,stressid,stressid
0,0.115973435,1.0,stressid_4woj,stressid,stressid
0,0.19076917,1.0,stressid_4woj,stressid,stressid
0,0.1893516,1.0,stressid_4woj,stressid,stressid
0,0.18716581,1.0,stressid_4woj,stressid,stressid
0,0.19494162,1.0,stressid_4woj,stressid,stressid
0,0.22207327,1.0,stressid_4woj,stressid,stressid
0,0.26580644,1.0,stressid_4woj,stressid,stressid
0,0.2588597,1.0,stressid_4woj,stressid,stressid
0,0.24546935,1.0,stressid_4woj,stressid,stressid
0,0.24793889,1.0,stressid_4woj,stressid,stressid
0,0.22770083,1.0,stressid_4woj,stressid,stressid
0,0.12800218,1.0,stressid_4woj,stressid,stressid
0,0.20519769,1.0,stressid_4woj,stressid,stressid
0,0.19649014,1.0,stressid_4woj,stressid,stressid
0,0.19829606,1.0,stressid_4woj,stressid,stressid
0,0.19520113,1.0,stressid_4woj,stressid,stressid
0,0.18581957,1.0,stressid_4woj,stressid,stressid
0,0.27867362,1.0,stressid_4woj,stressid,stressid
0,0.13478717,1.0,stressid_4woj,stressid,stressid
0,0.13530698,1.0,stressid_4woj,stressid,stressid
0,0.14535426,1.0,stressid_4woj,stressid,stressid
0,0.16789187,1.0,stressid_4woj,stressid,stressid
0,0.18761918,1.0,stressid_4woj,stressid,stressid
0,0.18327737,1.0,stressid_4woj,stressid,stressid
1,0.78501356,1.0,stressid_4woj,stressid,stressid
1,0.7059525,1.0,stressid_4woj,stressid,stressid
1,0.7411916,1.0,stressid_4woj,stressid,stressid
1,0.7300509,1.0,stressid_4woj,stressid,stressid
1,0.70704395,1.0,stressid_4woj,stressid,stressid
1,0.77479595,1.0,stressid_4woj,stressid,stressid
1,0.860941,1.0,stressid_4woj,stressid,stressid
1,0.8544859,1.0,stressid_4woj,stressid,stressid
1,0.8270009,1.0,stressid_4woj,stressid,stressid
1,0.81543124,1.0,stressid_4woj,stressid,stressid
1,0.7432019,1.0,stressid_4woj,stressid,stressid
0,0.8252231,1.0,stressid_4woj,stressid,stressid
0,0.8218539,1.0,stressid_4woj,stressid,stressid
0,0.8290758,1.0,stressid_4woj,stressid,stressid
0,0.80732507,1.0,stressid_4woj,stressid,stressid
0,0.7645371,1.0,stressid_4woj,stressid,stressid
0,0.804418,1.0,stressid_4woj,stressid,stressid
0,0.8421394,1.0,stressid_4woj,stressid,stressid
0,0.8375886,1.0,stressid_4woj,stressid,stressid
0,0.8597402,1.0,stressid_4woj,stressid,stressid
0,0.8709745,1.0,stressid_4woj,stressid,stressid
0,0.8516866,1.0,stressid_4woj,stressid,stressid
1,0.7809063,1.0,stressid_4woj,stressid,stressid
1,0.7803018,1.0,stressid_4woj,stressid,stressid
1,0.8228971,1.0,stressid_4woj,stressid,stressid
1,0.7836832,1.0,stressid_4woj,stressid,stressid
1,0.82487124,1.0,stressid_4woj,stressid,stressid
1,0.84645027,1.0,stressid_4woj,stressid,stressid
1,0.8800491,1.0,stressid_4woj,stressid,stressid
1,0.8739722,1.0,stressid_4woj,stressid,stressid
1,0.8383073,1.0,stressid_4woj,stressid,stressid
1,0.8240996,1.0,stressid_4woj,stressid,stressid
1,0.82864773,1.0,stressid_4woj,stressid,stressid
0,0.7624262,1.0,stressid_4woj,stressid,stressid
0,0.744113,1.0,stressid_4woj,stressid,stressid
0,0.6751849,1.0,stressid_4woj,stressid,stressid
0,0.7501235,1.0,stressid_4woj,stressid,stressid
0,0.75539356,1.0,stressid_4woj,stressid,stressid
0,0.74922156,1.0,stressid_4woj,stressid,stressid
0,0.75298303,1.0,stressid_4woj,stressid,stressid
0,0.7858702,1.0,stressid_4woj,stressid,stressid
0,0.7711612,1.0,stressid_4woj,stressid,stressid
0,0.73701406,1.0,stressid_4woj,stressid,stressid
0,0.67268336,1.0,stressid_4woj,stressid,stressid
1,0.7658331,1.0,stressid_4woj,stressid,stressid
1,0.77804846,1.0,stressid_4woj,stressid,stressid
1,0.7998604,1.0,stressid_4woj,stressid,stressid
1,0.7872138,1.0,stressid_4woj,stressid,stressid
1,0.8011315,1.0,stressid_4woj,stressid,stressid
1,0.8420165,1.0,stressid_4woj,stressid,stressid
1,0.8676102,1.0,stressid_4woj,stressid,stressid
1,0.8156532,1.0,stressid_4woj,stressid,stressid
1,0.82788783,1.0,stressid_4woj,stressid,stressid
1,0.85960525,1.0,stressid_4woj,stressid,stressid
1,0.8523236,1.0,stressid_4woj,stressid,stressid
0,0.3144425,1.0,stressid_4woj,stressid,stressid
0,0.2911626,1.0,stressid_4woj,stressid,stressid
0,0.28647444,1.0,stressid_4woj,stressid,stressid
0,0.26718926,1.0,stressid_4woj,stressid,stressid
0,0.2686926,1.0,stressid_4woj,stressid,stressid
0,0.26325077,1.0,stressid_4woj,stressid,stressid
0,0.2643646,1.0,stressid_4woj,stressid,stressid
0,0.25143108,1.0,stressid_4woj,stressid,stressid
0,0.24787651,1.0,stressid_4woj,stressid,stressid
0,0.26117194,1.0,stressid_4woj,stressid,stressid
0,0.2831243,1.0,stressid_4woj,stressid,stressid
0,0.2807817,1.0,stressid_4woj,stressid,stressid
0,0.2769023,1.0,stressid_4woj,stressid,stressid
0,0.28139508,1.0,stressid_4woj,stressid,stressid
0,0.2618676,1.0,stressid_4woj,stressid,stressid
0,0.26957753,1.0,stressid_4woj,stressid,stressid
0,0.28788653,1.0,stressid_4woj,stressid,stressid
0,0.2875183,1.0,stressid_4woj,stressid,stressid
0,0.28333208,1.0,stressid_4woj,stressid,stressid
0,0.27839604,1.0,stressid_4woj,stressid,stressid
0,0.26155236,1.0,stressid_4woj,stressid,stressid
0,0.25542724,1.0,stressid_4woj,stressid,stressid
0,0.27999127,1.0,stressid_4woj,stressid,stressid
0,0.2818646,1.0,stressid_4woj,stressid,stressid
0,0.28864193,1.0,stressid_4woj,stressid,stressid
0,0.2816301,1.0,stressid_4woj,stressid,stressid
0,0.2843389,1.0,stressid_4woj,stressid,stressid
0,0.27782568,1.0,stressid_4woj,stressid,stressid
0,0.28254795,1.0,stressid_4woj,stressid,stressid
0,0.28737345,1.0,stressid_4woj,stressid,stressid
1,0.77317595,1.0,stressid_4woj,stressid,stressid
1,0.7872411,1.0,stressid_4woj,stressid,stressid
1,0.8215049,1.0,stressid_4woj,stressid,stressid
1,0.8102274,1.0,stressid_4woj,stressid,stressid
1,0.79870695,1.0,stressid_4woj,stressid,stressid
1,0.80282456,1.0,stressid_4woj,stressid,stressid
1,0.85510486,1.0,stressid_4woj,stressid,stressid
1,0.85083103,1.0,stressid_4woj,stressid,stressid
1,0.78572047,1.0,stressid_4woj,stressid,stressid
1,0.77814364,1.0,stressid_4woj,stressid,stressid
1,0.80450785,1.0,stressid_4woj,stressid,stressid
0,0.7882765,1.0,stressid_4woj,stressid,stressid
0,0.7766457,1.0,stressid_4woj,stressid,stressid
0,0.7009129,1.0,stressid_4woj,stressid,stressid
0,0.8089812,1.0,stressid_4woj,stressid,stressid
0,0.8212184,1.0,stressid_4woj,stressid,stressid
0,0.8015159,1.0,stressid_4woj,stressid,stressid
0,0.7921645,1.0,stressid_4woj,stressid,stressid
0,0.7971182,1.0,stressid_4woj,stressid,stressid
0,0.772005,1.0,stressid_4woj,stressid,stressid
0,0.7833652,1.0,stressid_4woj,stressid,stressid
0,0.7425224,1.0,stressid_4woj,stressid,stressid
0,0.3666538,1.0,stressid_4woj,stressid,stressid
0,0.30520526,1.0,stressid_4woj,stressid,stressid
0,0.26725796,1.0,stressid_4woj,stressid,stressid
0,0.2666021,1.0,stressid_4woj,stressid,stressid
0,0.26629812,1.0,stressid_4woj,stressid,stressid
0,0.26217568,1.0,stressid_4woj,stressid,stressid
0,0.2603633,1.0,stressid_4woj,stressid,stressid
0,0.25387818,1.0,stressid_4woj,stressid,stressid
0,0.24703993,1.0,stressid_4woj,stressid,stressid
0,0.24861132,1.0,stressid_4woj,stressid,stressid
0,0.24411772,1.0,stressid_4woj,stressid,stressid
0,0.2896005,1.0,stressid_4woj,stressid,stressid
0,0.24571377,1.0,stressid_4woj,stressid,stressid
0,0.28071508,1.0,stressid_4woj,stressid,stressid
0,0.23106335,1.0,stressid_4woj,stressid,stressid
0,0.23661155,1.0,stressid_4woj,stressid,stressid
0,0.2411297,1.0,stressid_4woj,stressid,stressid
0,0.29647997,1.0,stressid_4woj,stressid,stressid
0,0.30021095,1.0,stressid_4woj,stressid,stressid
0,0.23133802,1.0,stressid_4woj,stressid,stressid
0,0.23714684,1.0,stressid_4woj,stressid,stressid
0,0.24976394,1.0,stressid_4woj,stressid,stressid
0,0.2338895,1.0,stressid_4woj,stressid,stressid
0,0.25491092,1.0,stressid_4woj,stressid,stressid
0,0.22779724,1.0,stressid_4woj,stressid,stressid
0,0.23457727,1.0,stressid_4woj,stressid,stressid
0,0.23806043,1.0,stressid_4woj,stressid,stressid
0,0.2745346,1.0,stressid_4woj,stressid,stressid
0,0.27569133,1.0,stressid_4woj,stressid,stressid
0,0.25352347,1.0,stressid_4woj,stressid,stressid
0,0.25808814,1.0,stressid_4woj,stressid,stressid
0,0.22512989,1.0,stressid_4woj,stressid,stressid
0,0.17640185,1.0,stressid_4woj,stressid,stressid
0,0.18707621,1.0,stressid_4woj,stressid,stressid
0,0.2439657,1.0,stressid_4woj,stressid,stressid
0,0.26820314,1.0,stressid_4woj,stressid,stressid
0,0.2854054,1.0,stressid_4woj,stressid,stressid
0,0.23338287,1.0,stressid_4woj,stressid,stressid
0,0.24563287,1.0,stressid_4woj,stressid,stressid
0,0.24652791,1.0,stressid_4woj,stressid,stressid
0,0.24024,1.0,stressid_4woj,stressid,stressid
0,0.24625424,1.0,stressid_4woj,stressid,stressid
0,0.24845439,1.0,stressid_4woj,stressid,stressid
0,0.24603616,1.0,stressid_4woj,stressid,stressid
0,0.24347761,1.0,stressid_4woj,stressid,stressid
0,0.23495355,1.0,stressid_4woj,stressid,stressid
0,0.24182147,1.0,stressid_4woj,stressid,stressid
0,0.26314887,1.0,stressid_4woj,stressid,stressid
0,0.24356109,1.0,stressid_4woj,stressid,stressid
0,0.24119951,1.0,stressid_4woj,stressid,stressid
0,0.27974448,1.0,stressid_4woj,stressid,stressid
0,0.211462,1.0,stressid_4woj,stressid,stressid
0,0.23994707,1.0,stressid_4woj,stressid,stressid
0,0.24922536,1.0,stressid_4woj,stressid,stressid
0,0.24308483,1.0,stressid_4woj,stressid,stressid
0,0.24480177,1.0,stressid_4woj,stressid,stressid
0,0.24277078,1.0,stressid_4woj,stressid,stressid
0,0.2406219,1.0,stressid_4woj,stressid,stressid
0,0.2560022,1.0,stressid_9t6n,stressid,stressid
0,0.25621846,1.0,stressid_9t6n,stressid,stressid
0,0.26610613,1.0,stressid_9t6n,stressid,stressid
0,0.2718366,1.0,stressid_9t6n,stressid,stressid
0,0.2718181,1.0,stressid_9t6n,stressid,stressid
0,0.274322,1.0,stressid_9t6n,stressid,stressid
0,0.27815247,1.0,stressid_9t6n,stressid,stressid
0,0.2767257,1.0,stressid_9t6n,stressid,stressid
0,0.28071928,1.0,stressid_9t6n,stressid,stressid
0,0.28062516,1.0,stressid_9t6n,stressid,stressid
0,0.28181812,1.0,stressid_9t6n,stressid,stressid
0,0.28353643,1.0,stressid_9t6n,stressid,stressid
0,0.25863838,1.0,stressid_9t6n,stressid,stressid
0,0.27917263,1.0,stressid_9t6n,stressid,stressid
0,0.2795341,1.0,stressid_9t6n,stressid,stressid
0,0.27722555,1.0,stressid_9t6n,stressid,stressid
0,0.2862659,1.0,stressid_9t6n,stressid,stressid
0,0.29803416,1.0,stressid_9t6n,stressid,stressid
0,0.30286053,1.0,stressid_9t6n,stressid,stressid
0,0.30720484,1.0,stressid_9t6n,stressid,stressid
0,0.3032451,1.0,stressid_9t6n,stressid,stressid
0,0.29211622,1.0,stressid_9t6n,stressid,stressid
0,0.28251123,1.0,stressid_9t6n,stressid,stressid
0,0.2651022,1.0,stressid_9t6n,stressid,stressid
0,0.27577376,1.0,stressid_9t6n,stressid,stressid
0,0.27783382,1.0,stressid_9t6n,stressid,stressid
0,0.28126147,1.0,stressid_9t6n,stressid,stressid
0,0.28431514,1.0,stressid_9t6n,stressid,stressid
0,0.28482133,1.0,stressid_9t6n,stressid,stressid
0,0.26846132,1.0,stressid_9t6n,stressid,stressid
0,0.26687258,1.0,stressid_9t6n,stressid,stressid
0,0.26226625,1.0,stressid_9t6n,stressid,stressid
0,0.26404864,1.0,stressid_9t6n,stressid,stressid
0,0.2691863,1.0,stressid_9t6n,stressid,stressid
0,0.2671559,1.0,stressid_9t6n,stressid,stressid
0,0.26911676,1.0,stressid_9t6n,stressid,stressid
0,0.2685722,1.0,stressid_9t6n,stressid,stressid
0,0.26843113,1.0,stressid_9t6n,stressid,stressid
0,0.2684096,1.0,stressid_9t6n,stressid,stressid
0,0.26841798,1.0,stressid_9t6n,stressid,stressid
0,0.26841992,1.0,stressid_9t6n,stressid,stressid
0,0.26841813,1.0,stressid_9t6n,stressid,stressid
0,0.2684222,1.0,stressid_9t6n,stressid,stressid
0,0.2684345,1.0,stressid_9t6n,stressid,stressid
0,0.26462805,1.0,stressid_9t6n,stressid,stressid
0,0.2626659,1.0,stressid_9t6n,stressid,stressid
0,0.2620558,1.0,stressid_9t6n,stressid,stressid
0,0.26165462,1.0,stressid_9t6n,stressid,stressid
0,0.26004332,1.0,stressid_9t6n,stressid,stressid
0,0.25987807,1.0,stressid_9t6n,stressid,stressid
0,0.25928286,1.0,stressid_9t6n,stressid,stressid
0,0.26041517,1.0,stressid_9t6n,stressid,stressid
0,0.26013815,1.0,stressid_9t6n,stressid,stressid
0,0.2592219,1.0,stressid_9t6n,stressid,stressid
0,0.25914755,1.0,stressid_9t6n,stressid,stressid
0,0.26758248,1.0,stressid_9t6n,stressid,stressid
0,0.2833611,1.0,stressid_9t6n,stressid,stressid
0,0.29554182,1.0,stressid_9t6n,stressid,stressid
0,0.27802572,1.0,stressid_9t6n,stressid,stressid
1,0.5879392,1.0,stressid_9t6n,stressid,stressid
1,0.60033816,1.0,stressid_9t6n,stressid,stressid
1,0.5990083,1.0,stressid_9t6n,stressid,stressid
1,0.62223375,1.0,stressid_9t6n,stressid,stressid
1,0.6191382,1.0,stressid_9t6n,stressid,stressid
1,0.62120897,1.0,stressid_9t6n,stressid,stressid
1,0.62084675,1.0,stressid_9t6n,stressid,stressid
1,0.6231048,1.0,stressid_9t6n,stressid,stressid
1,0.6277967,1.0,stressid_9t6n,stressid,stressid
1,0.62709236,1.0,stressid_9t6n,stressid,stressid
1,0.62401825,1.0,stressid_9t6n,stressid,stressid
1,0.62211394,1.0,stressid_9t6n,stressid,stressid
1,0.6463461,1.0,stressid_9t6n,stressid,stressid
1,0.67753816,1.0,stressid_9t6n,stressid,stressid
1,0.68104017,1.0,stressid_9t6n,stressid,stressid
1,0.65578943,1.0,stressid_9t6n,stressid,stressid
1,0.6568558,1.0,stressid_9t6n,stressid,stressid
1,0.6300874,1.0,stressid_9t6n,stressid,stressid
1,0.61528134,1.0,stressid_9t6n,stressid,stressid
1,0.69156605,1.0,stressid_9t6n,stressid,stressid
1,0.67691654,1.0,stressid_9t6n,stressid,stressid
1,0.607732,1.0,stressid_9t6n,stressid,stressid
1,0.66479164,1.0,stressid_9t6n,stressid,stressid
1,0.65970236,1.0,stressid_9t6n,stressid,stressid
1,0.6452537,1.0,stressid_9t6n,stressid,stressid
1,0.646123,1.0,stressid_9t6n,stressid,stressid
1,0.6465668,1.0,stressid_9t6n,stressid,stressid
1,0.6394073,1.0,stressid_9t6n,stressid,stressid
1,0.6365377,1.0,stressid_9t6n,stressid,stressid
1,0.6427566,1.0,stressid_9t6n,stressid,stressid
1,0.61574227,1.0,stressid_9t6n,stressid,stressid
1,0.6527454,1.0,stressid_9t6n,stressid,stressid
1,0.65889513,1.0,stressid_9t6n,stressid,stressid
1,0.70305455,1.0,stressid_9t6n,stressid,stressid
1,0.70604634,1.0,stressid_9t6n,stressid,stressid
1,0.69824666,1.0,stressid_9t6n,stressid,stressid
1,0.6839715,1.0,stressid_9t6n,stressid,stressid
1,0.6567988,1.0,stressid_9t6n,stressid,stressid
1,0.58925855,1.0,stressid_9t6n,stressid,stressid
1,0.6052989,1.0,stressid_9t6n,stressid,stressid
1,0.6954809,1.0,stressid_9t6n,stressid,stressid
1,0.647407,1.0,stressid_9t6n,stressid,stressid
1,0.6512555,1.0,stressid_9t6n,stressid,stressid
1,0.646123,1.0,stressid_9t6n,stressid,stressid
1,0.66030353,1.0,stressid_9t6n,stressid,stressid
1,0.6565679,1.0,stressid_9t6n,stressid,stressid
1,0.66118336,1.0,stressid_9t6n,stressid,stressid
1,0.682656,1.0,stressid_9t6n,stressid,stressid
1,0.6803639,1.0,stressid_9t6n,stressid,stressid
1,0.64901125,1.0,stressid_9t6n,stressid,stressid
1,0.6541648,1.0,stressid_9t6n,stressid,stressid
1,0.6730557,1.0,stressid_9t6n,stressid,stressid
1,0.7144817,1.0,stressid_9t6n,stressid,stressid
1,0.71761316,1.0,stressid_9t6n,stressid,stressid
1,0.69621754,1.0,stressid_9t6n,stressid,stressid
1,0.70772296,1.0,stressid_9t6n,stressid,stressid
1,0.70595115,1.0,stressid_9t6n,stressid,stressid
1,0.63907516,1.0,stressid_9t6n,stressid,stressid
1,0.62510043,1.0,stressid_9t6n,stressid,stressid
1,0.5872421,1.0,stressid_9t6n,stressid,stressid
1,0.62550884,1.0,stressid_9t6n,stressid,stressid
1,0.623828,1.0,stressid_9t6n,stressid,stressid
1,0.6206585,1.0,stressid_9t6n,stressid,stressid
1,0.64045626,1.0,stressid_9t6n,stressid,stressid
1,0.6425937,1.0,stressid_9t6n,stressid,stressid
1,0.6372335,1.0,stressid_9t6n,stressid,stressid
1,0.65068054,1.0,stressid_9t6n,stressid,stressid
1,0.6486456,1.0,stressid_9t6n,stressid,stressid
1,0.63525206,1.0,stressid_9t6n,stressid,stressid
1,0.6132988,1.0,stressid_9t6n,stressid,stressid
1,0.6493497,1.0,stressid_9t6n,stressid,stressid
1,0.6371963,1.0,stressid_9t6n,stressid,stressid
1,0.5914804,1.0,stressid_9t6n,stressid,stressid
1,0.594518,1.0,stressid_9t6n,stressid,stressid
1,0.6153901,1.0,stressid_9t6n,stressid,stressid
1,0.6008493,1.0,stressid_9t6n,stressid,stressid
1,0.60457265,1.0,stressid_9t6n,stressid,stressid
1,0.6282631,1.0,stressid_9t6n,stressid,stressid
1,0.6970318,1.0,stressid_9t6n,stressid,stressid
1,0.6558799,1.0,stressid_9t6n,stressid,stressid
1,0.6525459,1.0,stressid_9t6n,stressid,stressid
1,0.65392774,1.0,stressid_9t6n,stressid,stressid
1,0.6688883,1.0,stressid_9t6n,stressid,stressid
1,0.6564624,1.0,stressid_9t6n,stressid,stressid
1,0.655548,1.0,stressid_9t6n,stressid,stressid
1,0.66103333,1.0,stressid_9t6n,stressid,stressid
1,0.6601927,1.0,stressid_9t6n,stressid,stressid
1,0.63888454,1.0,stressid_9t6n,stressid,stressid
1,0.64178723,1.0,stressid_9t6n,stressid,stressid
1,0.6880376,1.0,stressid_9t6n,stressid,stressid
1,0.6716563,1.0,stressid_9t6n,stressid,stressid
1,0.65063506,1.0,stressid_9t6n,stressid,stressid
1,0.6883787,1.0,stressid_9t6n,stressid,stressid
1,0.68684596,1.0,stressid_9t6n,stressid,stressid
1,0.7168122,1.0,stressid_9t6n,stressid,stressid
0,0.24789344,1.0,stressid_9t6n,stressid,stressid
0,0.23582308,1.0,stressid_9t6n,stressid,stressid
0,0.21778429,1.0,stressid_9t6n,stressid,stressid
0,0.23292972,1.0,stressid_9t6n,stressid,stressid
0,0.21940324,1.0,stressid_9t6n,stressid,stressid
0,0.21675664,1.0,stressid_9t6n,stressid,stressid
0,0.233992,1.0,stressid_9t6n,stressid,stressid
0,0.2369073,1.0,stressid_9t6n,stressid,stressid
0,0.23043454,1.0,stressid_9t6n,stressid,stressid
0,0.23720354,1.0,stressid_9t6n,stressid,stressid
0,0.23636091,1.0,stressid_9t6n,stressid,stressid
0,0.22808227,1.0,stressid_9t6n,stressid,stressid
0,0.2050639,1.0,stressid_9t6n,stressid,stressid
0,0.22182694,1.0,stressid_9t6n,stressid,stressid
0,0.21967371,1.0,stressid_9t6n,stressid,stressid
0,0.21815683,1.0,stressid_9t6n,stressid,stressid
0,0.21644904,1.0,stressid_9t6n,stressid,stressid
0,0.21640971,1.0,stressid_9t6n,stressid,stressid
0,0.2184337,1.0,stressid_9t6n,stressid,stressid
0,0.22158034,1.0,stressid_9t6n,stressid,stressid
0,0.2252544,1.0,stressid_9t6n,stressid,stressid
0,0.21980059,1.0,stressid_9t6n,stressid,stressid
0,0.2592008,1.0,stressid_9t6n,stressid,stressid
0,0.19907153,1.0,stressid_9t6n,stressid,stressid
0,0.2592109,1.0,stressid_9t6n,stressid,stressid
0,0.25922003,1.0,stressid_9t6n,stressid,stressid
0,0.25924784,1.0,stressid_9t6n,stressid,stressid
0,0.25927612,1.0,stressid_9t6n,stressid,stressid
0,0.25927845,1.0,stressid_9t6n,stressid,stressid
0,0.25928533,1.0,stressid_9t6n,stressid,stressid
0,0.2593037,1.0,stressid_9t6n,stressid,stressid
0,0.25929773,1.0,stressid_9t6n,stressid,stressid
0,0.25931144,1.0,stressid_9t6n,stressid,stressid
0,0.2593519,1.0,stressid_9t6n,stressid,stressid
0,0.20501943,1.0,stressid_9t6n,stressid,stressid
0,0.25934803,1.0,stressid_9t6n,stressid,stressid
0,0.25933513,1.0,stressid_9t6n,stressid,stressid
0,0.2593225,1.0,stressid_9t6n,stressid,stressid
0,0.2593312,1.0,stressid_9t6n,stressid,stressid
0,0.25935757,1.0,stressid_9t6n,stressid,stressid
0,0.25934422,1.0,stressid_9t6n,stressid,stressid
0,0.2593345,1.0,stressid_9t6n,stressid,stressid
0,0.25932556,1.0,stressid_9t6n,stressid,stressid
0,0.2593319,1.0,stressid_9t6n,stressid,stressid
0,0.2110772,1.0,stressid_9t6n,stressid,stressid
0,0.20449464,1.0,stressid_9t6n,stressid,stressid
0,0.2064954,1.0,stressid_9t6n,stressid,stressid
0,0.21381496,1.0,stressid_9t6n,stressid,stressid
0,0.21024506,1.0,stressid_9t6n,stressid,stressid
1,0.6751047,1.0,stressid_9t6n,stressid,stressid
1,0.67615664,1.0,stressid_9t6n,stressid,stressid
1,0.70032465,1.0,stressid_9t6n,stressid,stressid
1,0.66234684,1.0,stressid_9t6n,stressid,stressid
1,0.6630472,1.0,stressid_9t6n,stressid,stressid
1,0.6584975,1.0,stressid_9t6n,stressid,stressid
1,0.6506481,1.0,stressid_9t6n,stressid,stressid
1,0.670739,1.0,stressid_9t6n,stressid,stressid
1,0.6665242,1.0,stressid_9t6n,stressid,stressid
1,0.66431546,1.0,stressid_9t6n,stressid,stressid
1,0.6626009,1.0,stressid_9t6n,stressid,stressid
1,0.6140218,1.0,stressid_9t6n,stressid,stressid
1,0.63280267,1.0,stressid_9t6n,stressid,stressid
1,0.6571387,1.0,stressid_9t6n,stressid,stressid
1,0.671093,1.0,stressid_9t6n,stressid,stressid
1,0.6615904,1.0,stressid_9t6n,stressid,stressid
1,0.62955207,1.0,stressid_9t6n,stressid,stressid
1,0.6676143,1.0,stressid_9t6n,stressid,stressid
1,0.69138354,1.0,stressid_9t6n,stressid,stressid
1,0.6269005,1.0,stressid_9t6n,stressid,stressid
1,0.6117457,1.0,stressid_9t6n,stressid,stressid
1,0.6578916,1.0,stressid_9t6n,stressid,stressid
1,0.64922154,1.0,stressid_9t6n,stressid,stressid
1,0.6590012,1.0,stressid_9t6n,stressid,stressid
1,0.6673973,1.0,stressid_9t6n,stressid,stressid
1,0.6707209,1.0,stressid_9t6n,stressid,stressid
1,0.67514783,1.0,stressid_9t6n,stressid,stressid
1,0.67232096,1.0,stressid_9t6n,stressid,stressid
1,0.66429037,1.0,stressid_9t6n,stressid,stressid
1,0.6577842,1.0,stressid_9t6n,stressid,stressid
1,0.6030835,1.0,stressid_9t6n,stressid,stressid
1,0.61375624,1.0,stressid_9t6n,stressid,stressid
1,0.6132332,1.0,stressid_9t6n,stressid,stressid
1,0.60498464,1.0,stressid_9t6n,stressid,stressid
1,0.5998405,1.0,stressid_9t6n,stressid,stressid
1,0.6051621,1.0,stressid_9t6n,stressid,stressid
1,0.6324499,1.0,stressid_9t6n,stressid,stressid
1,0.6840626,1.0,stressid_9t6n,stressid,stressid
1,0.2416073,1.0,stressid_9t6n,stressid,stressid
1,0.2412026,1.0,stressid_9t6n,stressid,stressid
1,0.29300538,1.0,stressid_9t6n,stressid,stressid
1,0.27717376,1.0,stressid_9t6n,stressid,stressid
1,0.27696744,1.0,stressid_9t6n,stressid,stressid
1,0.283047,1.0,stressid_9t6n,stressid,stressid
1,0.30399773,1.0,stressid_9t6n,stressid,stressid
1,0.33087125,1.0,stressid_9t6n,stressid,stressid
1,0.33423665,1.0,stressid_9t6n,stressid,stressid
1,0.32404727,1.0,stressid_9t6n,stressid,stressid
1,0.29643002,1.0,stressid_9t6n,stressid,stressid
1,0.25841048,1.0,stressid_9t6n,stressid,stressid
1,0.25905734,1.0,stressid_9t6n,stressid,stressid
1,0.2512317,1.0,stressid_9t6n,stressid,stressid
1,0.27672097,1.0,stressid_9t6n,stressid,stressid
1,0.28305477,1.0,stressid_9t6n,stressid,stressid
1,0.2688823,1.0,stressid_9t6n,stressid,stressid
1,0.2842343,1.0,stressid_9t6n,stressid,stressid
1,0.30810508,1.0,stressid_9t6n,stressid,stressid
1,0.3271857,1.0,stressid_9t6n,stressid,stressid
1,0.32940784,1.0,stressid_9t6n,stressid,stressid
1,0.33049902,1.0,stressid_9t6n,stressid,stressid
1,0.33172855,1.0,stressid_9t6n,stressid,stressid
1,0.2943898,1.0,stressid_9t6n,stressid,stressid
1,0.33244005,1.0,stressid_9t6n,stressid,stressid
1,0.33715138,1.0,stressid_9t6n,stressid,stressid
1,0.3286428,1.0,stressid_9t6n,stressid,stressid
1,0.2629978,1.0,stressid_9t6n,stressid,stressid
1,0.26188657,1.0,stressid_9t6n,stressid,stressid
1,0.2586951,1.0,stressid_9t6n,stressid,stressid
1,0.25624797,1.0,stressid_9t6n,stressid,stressid
1,0.25696436,1.0,stressid_9t6n,stressid,stressid
1,0.25839117,1.0,stressid_9t6n,stressid,stressid
1,0.25987718,1.0,stressid_9t6n,stressid,stressid
1,0.31620446,1.0,stressid_9t6n,stressid,stressid
1,0.25881216,1.0,stressid_9t6n,stressid,stressid
1,0.25884396,1.0,stressid_9t6n,stressid,stressid
1,0.2588817,1.0,stressid_9t6n,stressid,stressid
1,0.25886452,1.0,stressid_9t6n,stressid,stressid
1,0.25883305,1.0,stressid_9t6n,stressid,stressid
1,0.25893503,1.0,stressid_9t6n,stressid,stressid
1,0.2594565,1.0,stressid_9t6n,stressid,stressid
1,0.25935975,1.0,stressid_9t6n,stressid,stressid
1,0.25990218,1.0,stressid_9t6n,stressid,stressid
1,0.2590674,1.0,stressid_9t6n,stressid,stressid
1,0.3136103,1.0,stressid_9t6n,stressid,stressid
1,0.25882205,1.0,stressid_9t6n,stressid,stressid
1,0.26002046,1.0,stressid_9t6n,stressid,stressid
1,0.26080832,1.0,stressid_9t6n,stressid,stressid
1,0.26134607,1.0,stressid_9t6n,stressid,stressid
1,0.26306656,1.0,stressid_9t6n,stressid,stressid
1,0.2616248,1.0,stressid_9t6n,stressid,stressid
1,0.26264495,1.0,stressid_9t6n,stressid,stressid
1,0.31631854,1.0,stressid_9t6n,stressid,stressid
1,0.3277984,1.0,stressid_9t6n,stressid,stressid
1,0.3301722,1.0,stressid_9t6n,stressid,stressid
1,0.31616625,1.0,stressid_9t6n,stressid,stressid
1,0.24725749,1.0,stressid_9t6n,stressid,stressid
1,0.27560264,1.0,stressid_9t6n,stressid,stressid
1,0.27958918,1.0,stressid_9t6n,stressid,stressid
1,0.31000006,1.0,stressid_9t6n,stressid,stressid
1,0.32805657,1.0,stressid_9t6n,stressid,stressid
1,0.31700075,1.0,stressid_9t6n,stressid,stressid
1,0.29317597,1.0,stressid_9t6n,stressid,stressid
1,0.30591485,1.0,stressid_9t6n,stressid,stressid
1,0.30623642,1.0,stressid_9t6n,stressid,stressid
1,0.30596176,1.0,stressid_9t6n,stressid,stressid
1,0.29277647,1.0,stressid_9t6n,stressid,stressid
1,0.27456632,1.0,stressid_9t6n,stressid,stressid
1,0.3120222,1.0,stressid_9t6n,stressid,stressid
1,0.27337584,1.0,stressid_9t6n,stressid,stressid
1,0.2818362,1.0,stressid_9t6n,stressid,stressid
1,0.26080367,1.0,stressid_9t6n,stressid,stressid
1,0.2656373,1.0,stressid_9t6n,stressid,stressid
1,0.26430607,1.0,stressid_9t6n,stressid,stressid
1,0.25947493,1.0,stressid_9t6n,stressid,stressid
1,0.26012054,1.0,stressid_9t6n,stressid,stressid
1,0.26002157,1.0,stressid_9t6n,stressid,stressid
1,0.2588774,1.0,stressid_9t6n,stressid,stressid
1,0.25888243,1.0,stressid_9t6n,stressid,stressid
1,0.29448223,1.0,stressid_9t6n,stressid,stressid
1,0.25893065,1.0,stressid_9t6n,stressid,stressid
1,0.25894988,1.0,stressid_9t6n,stressid,stressid
1,0.25896156,1.0,stressid_9t6n,stressid,stressid
1,0.25896978,1.0,stressid_9t6n,stressid,stressid
1,0.2589344,1.0,stressid_9t6n,stressid,stressid
1,0.2590099,1.0,stressid_9t6n,stressid,stressid
1,0.2589919,1.0,stressid_9t6n,stressid,stressid
1,0.25886124,1.0,stressid_9t6n,stressid,stressid
1,0.30504012,1.0,stressid_9t6n,stressid,stressid
1,0.3193511,1.0,stressid_9t6n,stressid,stressid
1,0.3200082,1.0,stressid_9t6n,stressid,stressid
1,0.2983481,1.0,stressid_9t6n,stressid,stressid
1,0.28770414,1.0,stressid_9t6n,stressid,stressid
1,0.28100508,1.0,stressid_9t6n,stressid,stressid
1,0.41059324,1.0,stressid_71i5,stressid,stressid
1,0.3768311,1.0,stressid_71i5,stressid,stressid
1,0.521149,1.0,stressid_71i5,stressid,stressid
1,0.5185391,1.0,stressid_71i5,stressid,stressid
1,0.45671004,1.0,stressid_71i5,stressid,stressid
1,0.36515602,1.0,stressid_71i5,stressid,stressid
1,0.3225796,1.0,stressid_71i5,stressid,stressid
1,0.3389729,1.0,stressid_71i5,stressid,stressid
1,0.3923624,1.0,stressid_71i5,stressid,stressid
1,0.5319018,1.0,stressid_71i5,stressid,stressid
1,0.532946,1.0,stressid_71i5,stressid,stressid
1,0.3086011,1.0,stressid_71i5,stressid,stressid
1,0.35895538,1.0,stressid_71i5,stressid,stressid
1,0.2747883,1.0,stressid_71i5,stressid,stressid
1,0.34201306,1.0,stressid_71i5,stressid,stressid
1,0.31719103,1.0,stressid_71i5,stressid,stressid
1,0.3277812,1.0,stressid_71i5,stressid,stressid
1,0.3691353,1.0,stressid_71i5,stressid,stressid
1,0.43421832,1.0,stressid_71i5,stressid,stressid
1,0.3612658,1.0,stressid_71i5,stressid,stressid
1,0.26396012,1.0,stressid_71i5,stressid,stressid
1,0.30552828,1.0,stressid_71i5,stressid,stressid
1,0.2923438,1.0,stressid_71i5,stressid,stressid
1,0.34554115,1.0,stressid_71i5,stressid,stressid
1,0.3671361,1.0,stressid_71i5,stressid,stressid
1,0.41704378,1.0,stressid_71i5,stressid,stressid
1,0.36286563,1.0,stressid_71i5,stressid,stressid
1,0.3141857,1.0,stressid_71i5,stressid,stressid
1,0.2945271,1.0,stressid_71i5,stressid,stressid
1,0.24817547,1.0,stressid_71i5,stressid,stressid
1,0.24283817,1.0,stressid_71i5,stressid,stressid
1,0.2389175,1.0,stressid_71i5,stressid,stressid
1,0.24404825,1.0,stressid_71i5,stressid,stressid
1,0.24759227,1.0,stressid_71i5,stressid,stressid
1,0.3719645,1.0,stressid_71i5,stressid,stressid
1,0.24607062,1.0,stressid_71i5,stressid,stressid
1,0.24386637,1.0,stressid_71i5,stressid,stressid
1,0.242668,1.0,stressid_71i5,stressid,stressid
1,0.24302354,1.0,stressid_71i5,stressid,stressid
1,0.24322279,1.0,stressid_71i5,stressid,stressid
1,0.24312586,1.0,stressid_71i5,stressid,stressid
1,0.24329542,1.0,stressid_71i5,stressid,stressid
1,0.24336278,1.0,stressid_71i5,stressid,stressid
1,0.24307655,1.0,stressid_71i5,stressid,stressid
1,0.2429238,1.0,stressid_71i5,stressid,stressid
1,0.39481282,1.0,stressid_71i5,stressid,stressid
1,0.2438813,1.0,stressid_71i5,stressid,stressid
1,0.24592383,1.0,stressid_71i5,stressid,stressid
1,0.24532329,1.0,stressid_71i5,stressid,stressid
1,0.24501584,1.0,stressid_71i5,stressid,stressid
1,0.24423242,1.0,stressid_71i5,stressid,stressid
1,0.24530807,1.0,stressid_71i5,stressid,stressid
1,0.24724832,1.0,stressid_71i5,stressid,stressid
1,0.24722272,1.0,stressid_71i5,stressid,stressid
1,0.24747051,1.0,stressid_71i5,stressid,stressid
1,0.3475774,1.0,stressid_71i5,stressid,stressid
1,0.28424013,1.0,stressid_71i5,stressid,stressid
1,0.33722264,1.0,stressid_71i5,stressid,stressid
1,0.474241,1.0,stressid_71i5,stressid,stressid
1,0.7207374,1.0,stressid_71i5,stressid,stressid
1,0.6942041,1.0,stressid_71i5,stressid,stressid
1,0.6615385,1.0,stressid_71i5,stressid,stressid
1,0.6861224,1.0,stressid_71i5,stressid,stressid
1,0.6762383,1.0,stressid_71i5,stressid,stressid
1,0.72546273,1.0,stressid_71i5,stressid,stressid
1,0.74823254,1.0,stressid_71i5,stressid,stressid
1,0.8194907,1.0,stressid_71i5,stressid,stressid
1,0.77584755,1.0,stressid_71i5,stressid,stressid
1,0.75484836,1.0,stressid_71i5,stressid,stressid
1,0.74771976,1.0,stressid_71i5,stressid,stressid
1,0.64596254,1.0,stressid_71i5,stressid,stressid
1,0.6374705,1.0,stressid_71i5,stressid,stressid
1,0.6790753,1.0,stressid_71i5,stressid,stressid
1,0.6718417,1.0,stressid_71i5,stressid,stressid
1,0.6310863,1.0,stressid_71i5,stressid,stressid
1,0.67530406,1.0,stressid_71i5,stressid,stressid
1,0.71774125,1.0,stressid_71i5,stressid,stressid
1,0.69268495,1.0,stressid_71i5,stressid,stressid
1,0.704061,1.0,stressid_71i5,stressid,stressid
1,0.66147983,1.0,stressid_71i5,stressid,stressid
1,0.663697,1.0,stressid_71i5,stressid,stressid
1,0.7488716,1.0,stressid_71i5,stressid,stressid
1,0.80542356,1.0,stressid_71i5,stressid,stressid
1,0.7815409,1.0,stressid_71i5,stressid,stressid
1,0.7534924,1.0,stressid_71i5,stressid,stressid
1,0.75234795,1.0,stressid_71i5,stressid,stressid
1,0.7676076,1.0,stressid_71i5,stressid,stressid
1,0.7572575,1.0,stressid_71i5,stressid,stressid
1,0.71243566,1.0,stressid_71i5,stressid,stressid
1,0.7214431,1.0,stressid_71i5,stressid,stressid
1,0.74170965,1.0,stressid_71i5,stressid,stressid
1,0.6436255,1.0,stressid_71i5,stressid,stressid
1,0.6904895,1.0,stressid_71i5,stressid,stressid
1,0.73286045,1.0,stressid_71i5,stressid,stressid
1,0.6669509,1.0,stressid_71i5,stressid,stressid
1,0.63987446,1.0,stressid_71i5,stressid,stressid
1,0.6380913,1.0,stressid_71i5,stressid,stressid
1,0.71881855,1.0,stressid_71i5,stressid,stressid
1,0.6537778,1.0,stressid_71i5,stressid,stressid
1,0.69617474,1.0,stressid_71i5,stressid,stressid
1,0.7011349,1.0,stressid_71i5,stressid,stressid
1,0.67856663,1.0,stressid_71i5,stressid,stressid
1,0.6401494,1.0,stressid_71i5,stressid,stressid
1,0.60429186,1.0,stressid_71i5,stressid,stressid
1,0.51800966,1.0,stressid_71i5,stressid,stressid
1,0.5224502,1.0,stressid_71i5,stressid,stressid
1,0.6012036,1.0,stressid_71i5,stressid,stressid
1,0.7237321,1.0,stressid_71i5,stressid,stressid
1,0.6560118,1.0,stressid_71i5,stressid,stressid
1,0.6669468,1.0,stressid_71i5,stressid,stressid
1,0.63898796,1.0,stressid_71i5,stressid,stressid
1,0.6107532,1.0,stressid_71i5,stressid,stressid
1,0.652459,1.0,stressid_71i5,stressid,stressid
1,0.6657117,1.0,stressid_71i5,stressid,stressid
1,0.70257485,1.0,stressid_71i5,stressid,stressid
1,0.71533763,1.0,stressid_71i5,stressid,stressid
1,0.76121897,1.0,stressid_71i5,stressid,stressid
1,0.71418303,1.0,stressid_71i5,stressid,stressid
1,0.6385423,1.0,stressid_71i5,stressid,stressid
1,0.7426021,1.0,stressid_71i5,stressid,stressid
1,0.7637266,1.0,stressid_71i5,stressid,stressid
1,0.722431,1.0,stressid_71i5,stressid,stressid
1,0.7117687,1.0,stressid_71i5,stressid,stressid
1,0.7460271,1.0,stressid_71i5,stressid,stressid
1,0.7415602,1.0,stressid_71i5,stressid,stressid
1,0.742263,1.0,stressid_71i5,stressid,stressid
1,0.71492535,1.0,stressid_71i5,stressid,stressid
1,0.6861813,1.0,stressid_71i5,stressid,stressid
1,0.67909724,1.0,stressid_71i5,stressid,stressid
1,0.71555704,1.0,stressid_71i5,stressid,stressid
1,0.6921388,1.0,stressid_71i5,stressid,stressid
1,0.70816237,1.0,stressid_71i5,stressid,stressid
1,0.73438627,1.0,stressid_71i5,stressid,stressid
1,0.7096309,1.0,stressid_71i5,stressid,stressid
1,0.67379266,1.0,stressid_71i5,stressid,stressid
0,0.74627084,1.0,stressid_71i5,stressid,stressid
0,0.756083,1.0,stressid_71i5,stressid,stressid
0,0.69301516,1.0,stressid_71i5,stressid,stressid
0,0.7473974,1.0,stressid_71i5,stressid,stressid
0,0.76420486,1.0,stressid_71i5,stressid,stressid
0,0.74841917,1.0,stressid_71i5,stressid,stressid
0,0.749093,1.0,stressid_71i5,stressid,stressid
0,0.7635559,1.0,stressid_71i5,stressid,stressid
0,0.78165317,1.0,stressid_71i5,stressid,stressid
0,0.792725,1.0,stressid_71i5,stressid,stressid
0,0.7911042,1.0,stressid_71i5,stressid,stressid
0,0.7287799,1.0,stressid_71i5,stressid,stressid
0,0.70350635,1.0,stressid_71i5,stressid,stressid
0,0.69909173,1.0,stressid_71i5,stressid,stressid
0,0.70353913,1.0,stressid_71i5,stressid,stressid
0,0.7319413,1.0,stressid_71i5,stressid,stressid
0,0.7006222,1.0,stressid_71i5,stressid,stressid
0,0.6671142,1.0,stressid_71i5,stressid,stressid
0,0.68878704,1.0,stressid_71i5,stressid,stressid
0,0.16461371,1.0,stressid_71i5,stressid,stressid
0,0.17521742,1.0,stressid_71i5,stressid,stressid
0,0.20329055,1.0,stressid_71i5,stressid,stressid
0,0.22179492,1.0,stressid_71i5,stressid,stressid
0,0.23737055,1.0,stressid_71i5,stressid,stressid
0,0.22018604,1.0,stressid_71i5,stressid,stressid
0,0.19915877,1.0,stressid_71i5,stressid,stressid
0,0.20510675,1.0,stressid_71i5,stressid,stressid
0,0.17852426,1.0,stressid_71i5,stressid,stressid
0,0.13153055,1.0,stressid_71i5,stressid,stressid
0,0.1884061,1.0,stressid_71i5,stressid,stressid
0,0.31676695,1.0,stressid_71i5,stressid,stressid
0,0.16183986,1.0,stressid_71i5,stressid,stressid
0,0.4526127,1.0,stressid_71i5,stressid,stressid
0,0.37734306,1.0,stressid_71i5,stressid,stressid
0,0.29809192,1.0,stressid_71i5,stressid,stressid
0,0.2949643,1.0,stressid_71i5,stressid,stressid
0,0.30355757,1.0,stressid_71i5,stressid,stressid
0,0.28105596,1.0,stressid_71i5,stressid,stressid
0,0.27271748,1.0,stressid_71i5,stressid,stressid
0,0.27699226,1.0,stressid_71i5,stressid,stressid
0,0.2889397,1.0,stressid_71i5,stressid,stressid
0,0.24711964,1.0,stressid_71i5,stressid,stressid
0,0.17705339,1.0,stressid_71i5,stressid,stressid
0,0.24735679,1.0,stressid_71i5,stressid,stressid
0,0.24770254,1.0,stressid_71i5,stressid,stressid
0,0.24741359,1.0,stressid_71i5,stressid,stressid
0,0.2469145,1.0,stressid_71i5,stressid,stressid
0,0.2472061,1.0,stressid_71i5,stressid,stressid
0,0.24737658,1.0,stressid_71i5,stressid,stressid
0,0.24740621,1.0,stressid_71i5,stressid,stressid
0,0.24717537,1.0,stressid_71i5,stressid,stressid
0,0.24727903,1.0,stressid_71i5,stressid,stressid
0,0.24730943,1.0,stressid_71i5,stressid,stressid
0,0.19012332,1.0,stressid_71i5,stressid,stressid
0,0.2471178,1.0,stressid_71i5,stressid,stressid
0,0.24716833,1.0,stressid_71i5,stressid,stressid
0,0.2473093,1.0,stressid_71i5,stressid,stressid
0,0.24745403,1.0,stressid_71i5,stressid,stressid
0,0.24794288,1.0,stressid_71i5,stressid,stressid
0,0.2474591,1.0,stressid_71i5,stressid,stressid
0,0.24750656,1.0,stressid_71i5,stressid,stressid
0,0.24745569,1.0,stressid_71i5,stressid,stressid
0,0.24738756,1.0,stressid_71i5,stressid,stressid
0,0.20358805,1.0,stressid_71i5,stressid,stressid
0,0.26935762,1.0,stressid_71i5,stressid,stressid
0,0.258858,1.0,stressid_71i5,stressid,stressid
0,0.18475139,1.0,stressid_71i5,stressid,stressid
0,0.19383328,1.0,stressid_71i5,stressid,stressid
0,0.66561455,1.0,stressid_71i5,stressid,stressid
0,0.6498857,1.0,stressid_71i5,stressid,stressid
0,0.6241485,1.0,stressid_71i5,stressid,stressid
0,0.71426165,1.0,stressid_71i5,stressid,stressid
0,0.6898087,1.0,stressid_71i5,stressid,stressid
0,0.6770889,1.0,stressid_71i5,stressid,stressid
0,0.73315597,1.0,stressid_71i5,stressid,stressid
0,0.7253151,1.0,stressid_71i5,stressid,stressid
0,0.719385,1.0,stressid_71i5,stressid,stressid
0,0.740074,1.0,stressid_71i5,stressid,stressid
0,0.77224237,1.0,stressid_71i5,stressid,stressid
0,0.62590027,1.0,stressid_71i5,stressid,stressid
0,0.6691961,1.0,stressid_71i5,stressid,stressid
0,0.6581887,1.0,stressid_71i5,stressid,stressid
0,0.62117267,1.0,stressid_71i5,stressid,stressid
0,0.61127836,1.0,stressid_71i5,stressid,stressid
0,0.624372,1.0,stressid_71i5,stressid,stressid
0,0.6544626,1.0,stressid_71i5,stressid,stressid
0,0.6260363,1.0,stressid_71i5,stressid,stressid
1,0.66939026,1.0,stressid_71i5,stressid,stressid
1,0.6486276,1.0,stressid_71i5,stressid,stressid
1,0.68736523,1.0,stressid_71i5,stressid,stressid
1,0.7734006,1.0,stressid_71i5,stressid,stressid
1,0.7676467,1.0,stressid_71i5,stressid,stressid
1,0.7605528,1.0,stressid_71i5,stressid,stressid
1,0.7503635,1.0,stressid_71i5,stressid,stressid
1,0.7449603,1.0,stressid_71i5,stressid,stressid
1,0.7362907,1.0,stressid_71i5,stressid,stressid
1,0.7156799,1.0,stressid_71i5,stressid,stressid
1,0.6926883,1.0,stressid_71i5,stressid,stressid
1,0.6361058,1.0,stressid_71i5,stressid,stressid
1,0.6645595,1.0,stressid_71i5,stressid,stressid
1,0.7083335,1.0,stressid_71i5,stressid,stressid
1,0.6798581,1.0,stressid_71i5,stressid,stressid
1,0.63259,1.0,stressid_71i5,stressid,stressid
1,0.6347055,1.0,stressid_71i5,stressid,stressid
1,0.6857095,1.0,stressid_71i5,stressid,stressid
1,0.7262156,1.0,stressid_71i5,stressid,stressid
1,0.25412932,1.0,stressid_71i5,stressid,stressid
1,0.2636277,1.0,stressid_71i5,stressid,stressid
1,0.2781963,1.0,stressid_71i5,stressid,stressid
1,0.26252115,1.0,stressid_71i5,stressid,stressid
1,0.26277524,1.0,stressid_71i5,stressid,stressid
1,0.2550983,1.0,stressid_71i5,stressid,stressid
1,0.24914111,1.0,stressid_71i5,stressid,stressid
1,0.25152352,1.0,stressid_71i5,stressid,stressid
1,0.28831434,1.0,stressid_71i5,stressid,stressid
1,0.3455211,1.0,stressid_71i5,stressid,stressid
1,0.31963828,1.0,stressid_71i5,stressid,stressid
1,0.32205704,1.0,stressid_71i5,stressid,stressid
1,0.28745392,1.0,stressid_71i5,stressid,stressid
1,0.2994513,1.0,stressid_71i5,stressid,stressid
1,0.29074228,1.0,stressid_71i5,stressid,stressid
1,0.30133092,1.0,stressid_71i5,stressid,stressid
1,0.3244207,1.0,stressid_71i5,stressid,stressid
1,0.3881714,1.0,stressid_71i5,stressid,stressid
1,0.52367646,1.0,stressid_71i5,stressid,stressid
1,0.4967848,1.0,stressid_71i5,stressid,stressid
1,0.45935586,1.0,stressid_71i5,stressid,stressid
1,0.51670027,1.0,stressid_71i5,stressid,stressid
1,0.48984626,1.0,stressid_71i5,stressid,stressid
1,0.2849697,1.0,stressid_71i5,stressid,stressid
1,0.5874958,1.0,stressid_71i5,stressid,stressid
1,0.5907381,1.0,stressid_71i5,stressid,stressid
1,0.40855074,1.0,stressid_71i5,stressid,stressid
1,0.24700122,1.0,stressid_71i5,stressid,stressid
1,0.24687567,1.0,stressid_71i5,stressid,stressid
1,0.24692254,1.0,stressid_71i5,stressid,stressid
1,0.24707754,1.0,stressid_71i5,stressid,stressid
1,0.24774005,1.0,stressid_71i5,stressid,stressid
1,0.24627613,1.0,stressid_71i5,stressid,stressid
1,0.24381295,1.0,stressid_71i5,stressid,stressid
1,0.2704239,1.0,stressid_71i5,stressid,stressid
1,0.2448795,1.0,stressid_71i5,stressid,stressid
1,0.24419624,1.0,stressid_71i5,stressid,stressid
1,0.23319222,1.0,stressid_71i5,stressid,stressid
1,0.23573966,1.0,stressid_71i5,stressid,stressid
1,0.24493806,1.0,stressid_71i5,stressid,stressid
1,0.24579716,1.0,stressid_71i5,stressid,stressid
1,0.24851169,1.0,stressid_71i5,stressid,stressid
1,0.2480572,1.0,stressid_71i5,stressid,stressid
1,0.24777597,1.0,stressid_71i5,stressid,stressid
1,0.24720487,1.0,stressid_71i5,stressid,stressid
1,0.28230768,1.0,stressid_71i5,stressid,stressid
1,0.24546507,1.0,stressid_71i5,stressid,stressid
1,0.24547891,1.0,stressid_71i5,stressid,stressid
1,0.2468458,1.0,stressid_71i5,stressid,stressid
1,0.24707277,1.0,stressid_71i5,stressid,stressid
1,0.24711142,1.0,stressid_71i5,stressid,stressid
1,0.24708797,1.0,stressid_71i5,stressid,stressid
1,0.2471768,1.0,stressid_71i5,stressid,stressid
1,0.304765,1.0,stressid_71i5,stressid,stressid
1,0.28109595,1.0,stressid_71i5,stressid,stressid
1,0.27714255,1.0,stressid_71i5,stressid,stressid
1,0.27162424,1.0,stressid_71i5,stressid,stressid
1,0.26787755,1.0,stressid_71i5,stressid,stressid
1,0.2701745,1.0,stressid_71i5,stressid,stressid
1,0.3018039,1.0,stressid_71i5,stressid,stressid
1,0.30967307,1.0,stressid_71i5,stressid,stressid
1,0.3108791,1.0,stressid_71i5,stressid,stressid
1,0.2971658,1.0,stressid_71i5,stressid,stressid
1,0.30912995,1.0,stressid_71i5,stressid,stressid
1,0.33590543,1.0,stressid_71i5,stressid,stressid
1,0.30275983,1.0,stressid_71i5,stressid,stressid
1,0.2783084,1.0,stressid_71i5,stressid,stressid
1,0.28780684,1.0,stressid_71i5,stressid,stressid
1,0.3085675,1.0,stressid_71i5,stressid,stressid
1,0.31429827,1.0,stressid_71i5,stressid,stressid
1,0.31278875,1.0,stressid_71i5,stressid,stressid
1,0.28656211,1.0,stressid_71i5,stressid,stressid
1,0.24735272,1.0,stressid_71i5,stressid,stressid
1,0.24718717,1.0,stressid_71i5,stressid,stressid
1,0.2470222,1.0,stressid_71i5,stressid,stressid
1,0.2470362,1.0,stressid_71i5,stressid,stressid
1,0.2470586,1.0,stressid_71i5,stressid,stressid
1,0.24714121,1.0,stressid_71i5,stressid,stressid
1,0.24719784,1.0,stressid_71i5,stressid,stressid
1,0.2471032,1.0,stressid_71i5,stressid,stressid
1,0.43861222,1.0,stressid_71i5,stressid,stressid
1,0.2467299,1.0,stressid_71i5,stressid,stressid
1,0.24658337,1.0,stressid_71i5,stressid,stressid
1,0.24650636,1.0,stressid_71i5,stressid,stressid
1,0.24647805,1.0,stressid_71i5,stressid,stressid
1,0.24713588,1.0,stressid_71i5,stressid,stressid
1,0.24753867,1.0,stressid_71i5,stressid,stressid
1,0.24716978,1.0,stressid_71i5,stressid,stressid
1,0.24700402,1.0,stressid_71i5,stressid,stressid
1,0.43004698,1.0,stressid_71i5,stressid,stressid
1,0.31049475,1.0,stressid_71i5,stressid,stressid
1,0.25920272,1.0,stressid_71i5,stressid,stressid
1,0.24447869,1.0,stressid_71i5,stressid,stressid
1,0.26411384,1.0,stressid_71i5,stressid,stressid
1,0.290452,1.0,stressid_71i5,stressid,stressid
0,0.32710674,1.0,stressid_45lx,stressid,stressid
0,0.3266048,1.0,stressid_45lx,stressid,stressid
0,0.33267516,1.0,stressid_45lx,stressid,stressid
0,0.32622772,1.0,stressid_45lx,stressid,stressid
0,0.32204622,1.0,stressid_45lx,stressid,stressid
0,0.32803154,1.0,stressid_45lx,stressid,stressid
0,0.3345033,1.0,stressid_45lx,stressid,stressid
0,0.33439574,1.0,stressid_45lx,stressid,stressid
0,0.333718,1.0,stressid_45lx,stressid,stressid
0,0.3398053,1.0,stressid_45lx,stressid,stressid
0,0.3469249,1.0,stressid_45lx,stressid,stressid
0,0.33935207,1.0,stressid_45lx,stressid,stressid
0,0.32451138,1.0,stressid_45lx,stressid,stressid
0,0.33707604,1.0,stressid_45lx,stressid,stressid
0,0.33590102,1.0,stressid_45lx,stressid,stressid
0,0.3346777,1.0,stressid_45lx,stressid,stressid
0,0.34232953,1.0,stressid_45lx,stressid,stressid
0,0.34944645,1.0,stressid_45lx,stressid,stressid
0,0.35375053,1.0,stressid_45lx,stressid,stressid
0,0.35631242,1.0,stressid_45lx,stressid,stressid
0,0.35897702,1.0,stressid_45lx,stressid,stressid
0,0.35466653,1.0,stressid_45lx,stressid,stressid
0,0.34425557,1.0,stressid_45lx,stressid,stressid
0,0.31942976,1.0,stressid_45lx,stressid,stressid
0,0.3385125,1.0,stressid_45lx,stressid,stressid
0,0.3460333,1.0,stressid_45lx,stressid,stressid
0,0.35383275,1.0,stressid_45lx,stressid,stressid
0,0.35273522,1.0,stressid_45lx,stressid,stressid
0,0.34454337,1.0,stressid_45lx,stressid,stressid
0,0.2719996,1.0,stressid_45lx,stressid,stressid
0,0.27198607,1.0,stressid_45lx,stressid,stressid
0,0.27199745,1.0,stressid_45lx,stressid,stressid
0,0.2720186,1.0,stressid_45lx,stressid,stressid
0,0.2720095,1.0,stressid_45lx,stressid,stressid
0,0.31193587,1.0,stressid_45lx,stressid,stressid
0,0.2720083,1.0,stressid_45lx,stressid,stressid
0,0.27202156,1.0,stressid_45lx,stressid,stressid
0,0.27202186,1.0,stressid_45lx,stressid,stressid
0,0.27202162,1.0,stressid_45lx,stressid,stressid
0,0.27202833,1.0,stressid_45lx,stressid,stressid
0,0.27203813,1.0,stressid_45lx,stressid,stressid
0,0.27204853,1.0,stressid_45lx,stressid,stressid
0,0.27203557,1.0,stressid_45lx,stressid,stressid
0,0.27200767,1.0,stressid_45lx,stressid,stressid
0,0.2719548,1.0,stressid_45lx,stressid,stressid
0,0.30315062,1.0,stressid_45lx,stressid,stressid
0,0.27257547,1.0,stressid_45lx,stressid,stressid
0,0.27325428,1.0,stressid_45lx,stressid,stressid
0,0.27311683,1.0,stressid_45lx,stressid,stressid
0,0.27304295,1.0,stressid_45lx,stressid,stressid
0,0.2729986,1.0,stressid_45lx,stressid,stressid
0,0.27296442,1.0,stressid_45lx,stressid,stressid
0,0.27294567,1.0,stressid_45lx,stressid,stressid
0,0.2729328,1.0,stressid_45lx,stressid,stressid
0,0.27289167,1.0,stressid_45lx,stressid,stressid
0,0.30202904,1.0,stressid_45lx,stressid,stressid
0,0.31741986,1.0,stressid_45lx,stressid,stressid
0,0.33238962,1.0,stressid_45lx,stressid,stressid
0,0.33332053,1.0,stressid_45lx,stressid,stressid
1,0.7065957,1.0,stressid_45lx,stressid,stressid
1,0.72264403,1.0,stressid_45lx,stressid,stressid
1,0.7133644,1.0,stressid_45lx,stressid,stressid
1,0.7237219,1.0,stressid_45lx,stressid,stressid
1,0.72114676,1.0,stressid_45lx,stressid,stressid
1,0.717477,1.0,stressid_45lx,stressid,stressid
1,0.7164233,1.0,stressid_45lx,stressid,stressid
1,0.71827483,1.0,stressid_45lx,stressid,stressid
1,0.7151416,1.0,stressid_45lx,stressid,stressid
1,0.7160673,1.0,stressid_45lx,stressid,stressid
1,0.71048206,1.0,stressid_45lx,stressid,stressid
1,0.7328016,1.0,stressid_45lx,stressid,stressid
1,0.72281235,1.0,stressid_45lx,stressid,stressid
1,0.7139647,1.0,stressid_45lx,stressid,stressid
1,0.7198425,1.0,stressid_45lx,stressid,stressid
1,0.7110433,1.0,stressid_45lx,stressid,stressid
1,0.72890836,1.0,stressid_45lx,stressid,stressid
1,0.725585,1.0,stressid_45lx,stressid,stressid
1,0.72596097,1.0,stressid_45lx,stressid,stressid
1,0.7005675,1.0,stressid_45lx,stressid,stressid
1,0.6889328,1.0,stressid_45lx,stressid,stressid
1,0.6891772,1.0,stressid_45lx,stressid,stressid
1,0.7249361,1.0,stressid_45lx,stressid,stressid
1,0.7248218,1.0,stressid_45lx,stressid,stressid
1,0.72296494,1.0,stressid_45lx,stressid,stressid
1,0.71581906,1.0,stressid_45lx,stressid,stressid
1,0.7241118,1.0,stressid_45lx,stressid,stressid
1,0.7245573,1.0,stressid_45lx,stressid,stressid
1,0.72614634,1.0,stressid_45lx,stressid,stressid
1,0.7223708,1.0,stressid_45lx,stressid,stressid
1,0.71510714,1.0,stressid_45lx,stressid,stressid
1,0.7243188,1.0,stressid_45lx,stressid,stressid
1,0.70987785,1.0,stressid_45lx,stressid,stressid
1,0.6969846,1.0,stressid_45lx,stressid,stressid
1,0.70270294,1.0,stressid_45lx,stressid,stressid
1,0.71535647,1.0,stressid_45lx,stressid,stressid
1,0.7220102,1.0,stressid_45lx,stressid,stressid
1,0.7116805,1.0,stressid_45lx,stressid,stressid
1,0.7124568,1.0,stressid_45lx,stressid,stressid
1,0.69239664,1.0,stressid_45lx,stressid,stressid
1,0.70054716,1.0,stressid_45lx,stressid,stressid
1,0.7203235,1.0,stressid_45lx,stressid,stressid
1,0.7153131,1.0,stressid_45lx,stressid,stressid
1,0.7106882,1.0,stressid_45lx,stressid,stressid
1,0.70960796,1.0,stressid_45lx,stressid,stressid
1,0.71318316,1.0,stressid_45lx,stressid,stressid
1,0.7231396,1.0,stressid_45lx,stressid,stressid
1,0.7248994,1.0,stressid_45lx,stressid,stressid
1,0.7223029,1.0,stressid_45lx,stressid,stressid
1,0.6717313,1.0,stressid_45lx,stressid,stressid
1,0.6869472,1.0,stressid_45lx,stressid,stressid
1,0.69996595,1.0,stressid_45lx,stressid,stressid
1,0.71986127,1.0,stressid_45lx,stressid,stressid
1,0.7154117,1.0,stressid_45lx,stressid,stressid
1,0.70567805,1.0,stressid_45lx,stressid,stressid
1,0.6767484,1.0,stressid_45lx,stressid,stressid
1,0.6868506,1.0,stressid_45lx,stressid,stressid
0,0.70943695,1.0,stressid_45lx,stressid,stressid
0,0.70977145,1.0,stressid_45lx,stressid,stressid
0,0.7315583,1.0,stressid_45lx,stressid,stressid
0,0.6931574,1.0,stressid_45lx,stressid,stressid
0,0.70027083,1.0,stressid_45lx,stressid,stressid
0,0.7047475,1.0,stressid_45lx,stressid,stressid
0,0.7093947,1.0,stressid_45lx,stressid,stressid
0,0.6901067,1.0,stressid_45lx,stressid,stressid
0,0.6973771,1.0,stressid_45lx,stressid,stressid
0,0.70050824,1.0,stressid_45lx,stressid,stressid
0,0.70082146,1.0,stressid_45lx,stressid,stressid
0,0.71829623,1.0,stressid_45lx,stressid,stressid
0,0.72478706,1.0,stressid_45lx,stressid,stressid
0,0.7166811,1.0,stressid_45lx,stressid,stressid
0,0.69277304,1.0,stressid_45lx,stressid,stressid
0,0.7051424,1.0,stressid_45lx,stressid,stressid
0,0.739088,1.0,stressid_45lx,stressid,stressid
0,0.72792387,1.0,stressid_45lx,stressid,stressid
0,0.718434,1.0,stressid_45lx,stressid,stressid
0,0.66511863,1.0,stressid_45lx,stressid,stressid
0,0.6856614,1.0,stressid_45lx,stressid,stressid
0,0.70619106,1.0,stressid_45lx,stressid,stressid
0,0.7204456,1.0,stressid_45lx,stressid,stressid
0,0.72793245,1.0,stressid_45lx,stressid,stressid
0,0.72181106,1.0,stressid_45lx,stressid,stressid
0,0.7178245,1.0,stressid_45lx,stressid,stressid
0,0.71514636,1.0,stressid_45lx,stressid,stressid
0,0.7153278,1.0,stressid_45lx,stressid,stressid
0,0.7230653,1.0,stressid_45lx,stressid,stressid
0,0.7197882,1.0,stressid_45lx,stressid,stressid
0,0.700571,1.0,stressid_45lx,stressid,stressid
0,0.6847598,1.0,stressid_45lx,stressid,stressid
0,0.6802391,1.0,stressid_45lx,stressid,stressid
0,0.70152223,1.0,stressid_45lx,stressid,stressid
0,0.69524294,1.0,stressid_45lx,stressid,stressid
0,0.68991095,1.0,stressid_45lx,stressid,stressid
0,0.7042389,1.0,stressid_45lx,stressid,stressid
0,0.7142243,1.0,stressid_45lx,stressid,stressid
0,0.23221925,1.0,stressid_45lx,stressid,stressid
0,0.23699637,1.0,stressid_45lx,stressid,stressid
0,0.24626747,1.0,stressid_45lx,stressid,stressid
0,0.24598746,1.0,stressid_45lx,stressid,stressid
0,0.2543116,1.0,stressid_45lx,stressid,stressid
0,0.2740996,1.0,stressid_45lx,stressid,stressid
0,0.2885364,1.0,stressid_45lx,stressid,stressid
0,0.27703676,1.0,stressid_45lx,stressid,stressid
0,0.27573282,1.0,stressid_45lx,stressid,stressid
0,0.27204072,1.0,stressid_45lx,stressid,stressid
0,0.25621885,1.0,stressid_45lx,stressid,stressid
0,0.2628005,1.0,stressid_45lx,stressid,stressid
0,0.240048,1.0,stressid_45lx,stressid,stressid
0,0.2582491,1.0,stressid_45lx,stressid,stressid
0,0.24712001,1.0,stressid_45lx,stressid,stressid
0,0.2719972,1.0,stressid_45lx,stressid,stressid
0,0.28466663,1.0,stressid_45lx,stressid,stressid
0,0.2814974,1.0,stressid_45lx,stressid,stressid
0,0.2920362,1.0,stressid_45lx,stressid,stressid
0,0.27570316,1.0,stressid_45lx,stressid,stressid
0,0.24631949,1.0,stressid_45lx,stressid,stressid
0,0.25175822,1.0,stressid_45lx,stressid,stressid
0,0.27340946,1.0,stressid_45lx,stressid,stressid
0,0.24929874,1.0,stressid_45lx,stressid,stressid
0,0.27340162,1.0,stressid_45lx,stressid,stressid
0,0.27340978,1.0,stressid_45lx,stressid,stressid
0,0.27340198,1.0,stressid_45lx,stressid,stressid
0,0.27338028,1.0,stressid_45lx,stressid,stressid
0,0.2733782,1.0,stressid_45lx,stressid,stressid
0,0.2734253,1.0,stressid_45lx,stressid,stressid
0,0.27344984,1.0,stressid_45lx,stressid,stressid
0,0.2734505,1.0,stressid_45lx,stressid,stressid
0,0.2734218,1.0,stressid_45lx,stressid,stressid
0,0.2735632,1.0,stressid_45lx,stressid,stressid
0,0.23501496,1.0,stressid_45lx,stressid,stressid
0,0.27372938,1.0,stressid_45lx,stressid,stressid
0,0.27355477,1.0,stressid_45lx,stressid,stressid
0,0.27341735,1.0,stressid_45lx,stressid,stressid
0,0.27339762,1.0,stressid_45lx,stressid,stressid
0,0.2733722,1.0,stressid_45lx,stressid,stressid
0,0.27336207,1.0,stressid_45lx,stressid,stressid
0,0.27336505,1.0,stressid_45lx,stressid,stressid
0,0.27337202,1.0,stressid_45lx,stressid,stressid
0,0.27336055,1.0,stressid_45lx,stressid,stressid
0,0.21799359,1.0,stressid_45lx,stressid,stressid
0,0.21366508,1.0,stressid_45lx,stressid,stressid
0,0.22928953,1.0,stressid_45lx,stressid,stressid
0,0.24852322,1.0,stressid_45lx,stressid,stressid
0,0.24375753,1.0,stressid_45lx,stressid,stressid
1,0.6786928,1.0,stressid_45lx,stressid,stressid
1,0.68106294,1.0,stressid_45lx,stressid,stressid
1,0.68816113,1.0,stressid_45lx,stressid,stressid
1,0.72619694,1.0,stressid_45lx,stressid,stressid
1,0.71535426,1.0,stressid_45lx,stressid,stressid
1,0.71457577,1.0,stressid_45lx,stressid,stressid
1,0.7201501,1.0,stressid_45lx,stressid,stressid
1,0.72142667,1.0,stressid_45lx,stressid,stressid
1,0.7136037,1.0,stressid_45lx,stressid,stressid
1,0.70598716,1.0,stressid_45lx,stressid,stressid
1,0.7047968,1.0,stressid_45lx,stressid,stressid
1,0.70664895,1.0,stressid_45lx,stressid,stressid
1,0.7152773,1.0,stressid_45lx,stressid,stressid
1,0.6803116,1.0,stressid_45lx,stressid,stressid
1,0.61492956,1.0,stressid_45lx,stressid,stressid
1,0.6682919,1.0,stressid_45lx,stressid,stressid
1,0.6859842,1.0,stressid_45lx,stressid,stressid
1,0.69777125,1.0,stressid_45lx,stressid,stressid
1,0.72645897,1.0,stressid_45lx,stressid,stressid
1,0.66091746,1.0,stressid_45lx,stressid,stressid
1,0.68459016,1.0,stressid_45lx,stressid,stressid
1,0.7082275,1.0,stressid_45lx,stressid,stressid
1,0.714563,1.0,stressid_45lx,stressid,stressid
1,0.71407807,1.0,stressid_45lx,stressid,stressid
1,0.7184197,1.0,stressid_45lx,stressid,stressid
1,0.71625084,1.0,stressid_45lx,stressid,stressid
1,0.7093575,1.0,stressid_45lx,stressid,stressid
1,0.71384877,1.0,stressid_45lx,stressid,stressid
1,0.7171975,1.0,stressid_45lx,stressid,stressid
1,0.70860356,1.0,stressid_45lx,stressid,stressid
1,0.6903815,1.0,stressid_45lx,stressid,stressid
1,0.7160359,1.0,stressid_45lx,stressid,stressid
1,0.7295316,1.0,stressid_45lx,stressid,stressid
1,0.7295867,1.0,stressid_45lx,stressid,stressid
1,0.73094064,1.0,stressid_45lx,stressid,stressid
1,0.7234082,1.0,stressid_45lx,stressid,stressid
1,0.68846345,1.0,stressid_45lx,stressid,stressid
1,0.67973506,1.0,stressid_45lx,stressid,stressid
0,0.26024222,1.0,stressid_45lx,stressid,stressid
0,0.260487,1.0,stressid_45lx,stressid,stressid
0,0.2753005,1.0,stressid_45lx,stressid,stressid
0,0.2968573,1.0,stressid_45lx,stressid,stressid
0,0.30970338,1.0,stressid_45lx,stressid,stressid
0,0.29846683,1.0,stressid_45lx,stressid,stressid
0,0.3127225,1.0,stressid_45lx,stressid,stressid
0,0.3395967,1.0,stressid_45lx,stressid,stressid
0,0.34877732,1.0,stressid_45lx,stressid,stressid
0,0.3524893,1.0,stressid_45lx,stressid,stressid
0,0.35690588,1.0,stressid_45lx,stressid,stressid
0,0.33378923,1.0,stressid_45lx,stressid,stressid
0,0.2617761,1.0,stressid_45lx,stressid,stressid
0,0.33619964,1.0,stressid_45lx,stressid,stressid
0,0.3610201,1.0,stressid_45lx,stressid,stressid
0,0.35470256,1.0,stressid_45lx,stressid,stressid
0,0.33404693,1.0,stressid_45lx,stressid,stressid
0,0.3459184,1.0,stressid_45lx,stressid,stressid
0,0.3472731,1.0,stressid_45lx,stressid,stressid
0,0.3453161,1.0,stressid_45lx,stressid,stressid
0,0.34750926,1.0,stressid_45lx,stressid,stressid
0,0.34604743,1.0,stressid_45lx,stressid,stressid
0,0.3470835,1.0,stressid_45lx,stressid,stressid
0,0.2634574,1.0,stressid_45lx,stressid,stressid
0,0.34220576,1.0,stressid_45lx,stressid,stressid
0,0.34350112,1.0,stressid_45lx,stressid,stressid
0,0.35508773,1.0,stressid_45lx,stressid,stressid
0,0.26707497,1.0,stressid_45lx,stressid,stressid
0,0.27378136,1.0,stressid_45lx,stressid,stressid
0,0.27457663,1.0,stressid_45lx,stressid,stressid
0,0.2734188,1.0,stressid_45lx,stressid,stressid
0,0.27210644,1.0,stressid_45lx,stressid,stressid
0,0.2720262,1.0,stressid_45lx,stressid,stressid
0,0.27198812,1.0,stressid_45lx,stressid,stressid
0,0.26515847,1.0,stressid_45lx,stressid,stressid
0,0.27200818,1.0,stressid_45lx,stressid,stressid
0,0.27197963,1.0,stressid_45lx,stressid,stressid
0,0.27194238,1.0,stressid_45lx,stressid,stressid
0,0.27195197,1.0,stressid_45lx,stressid,stressid
0,0.2719649,1.0,stressid_45lx,stressid,stressid
0,0.27196252,1.0,stressid_45lx,stressid,stressid
0,0.27195358,1.0,stressid_45lx,stressid,stressid
0,0.27199954,1.0,stressid_45lx,stressid,stressid
0,0.27203664,1.0,stressid_45lx,stressid,stressid
0,0.27204305,1.0,stressid_45lx,stressid,stressid
0,0.2794434,1.0,stressid_45lx,stressid,stressid
0,0.27203736,1.0,stressid_45lx,stressid,stressid
0,0.27200708,1.0,stressid_45lx,stressid,stressid
0,0.27200016,1.0,stressid_45lx,stressid,stressid
0,0.27201933,1.0,stressid_45lx,stressid,stressid
0,0.27202383,1.0,stressid_45lx,stressid,stressid
0,0.2720233,1.0,stressid_45lx,stressid,stressid
0,0.27213043,1.0,stressid_45lx,stressid,stressid
0,0.29620683,1.0,stressid_45lx,stressid,stressid
0,0.2877828,1.0,stressid_45lx,stressid,stressid
0,0.27134103,1.0,stressid_45lx,stressid,stressid
0,0.2675652,1.0,stressid_45lx,stressid,stressid
0,0.27429304,1.0,stressid_45lx,stressid,stressid
0,0.27692217,1.0,stressid_45lx,stressid,stressid
0,0.29384044,1.0,stressid_45lx,stressid,stressid
0,0.28358653,1.0,stressid_45lx,stressid,stressid
0,0.2805562,1.0,stressid_45lx,stressid,stressid
0,0.28807408,1.0,stressid_45lx,stressid,stressid
0,0.29789895,1.0,stressid_45lx,stressid,stressid
0,0.32061577,1.0,stressid_45lx,stressid,stressid
0,0.31957325,1.0,stressid_45lx,stressid,stressid
0,0.30118522,1.0,stressid_45lx,stressid,stressid
0,0.29539746,1.0,stressid_45lx,stressid,stressid
0,0.30096647,1.0,stressid_45lx,stressid,stressid
0,0.2672025,1.0,stressid_45lx,stressid,stressid
0,0.31104863,1.0,stressid_45lx,stressid,stressid
0,0.31401664,1.0,stressid_45lx,stressid,stressid
0,0.27174947,1.0,stressid_45lx,stressid,stressid
0,0.2717356,1.0,stressid_45lx,stressid,stressid
0,0.2717238,1.0,stressid_45lx,stressid,stressid
0,0.2724281,1.0,stressid_45lx,stressid,stressid
0,0.27333346,1.0,stressid_45lx,stressid,stressid
0,0.273327,1.0,stressid_45lx,stressid,stressid
0,0.27309743,1.0,stressid_45lx,stressid,stressid
0,0.27290818,1.0,stressid_45lx,stressid,stressid
0,0.28007138,1.0,stressid_45lx,stressid,stressid
0,0.272861,1.0,stressid_45lx,stressid,stressid
0,0.27282336,1.0,stressid_45lx,stressid,stressid
0,0.2727615,1.0,stressid_45lx,stressid,stressid
0,0.27254972,1.0,stressid_45lx,stressid,stressid
0,0.27263847,1.0,stressid_45lx,stressid,stressid
0,0.27270296,1.0,stressid_45lx,stressid,stressid
0,0.27270555,1.0,stressid_45lx,stressid,stressid
0,0.27258995,1.0,stressid_45lx,stressid,stressid
0,0.2783756,1.0,stressid_45lx,stressid,stressid
0,0.25713518,1.0,stressid_45lx,stressid,stressid
0,0.28015348,1.0,stressid_45lx,stressid,stressid
0,0.31776378,1.0,stressid_45lx,stressid,stressid
0,0.31098378,1.0,stressid_45lx,stressid,stressid
0,0.290945,1.0,stressid_45lx,stressid,stressid
0,0.36886632,1.0,stressid_6g6y,stressid,stressid
0,0.3862714,1.0,stressid_6g6y,stressid,stressid
0,0.37495384,1.0,stressid_6g6y,stressid,stressid
0,0.36152366,1.0,stressid_6g6y,stressid,stressid
0,0.3748857,1.0,stressid_6g6y,stressid,stressid
0,0.3662795,1.0,stressid_6g6y,stressid,stressid
0,0.3549597,1.0,stressid_6g6y,stressid,stressid
0,0.36466345,1.0,stressid_6g6y,stressid,stressid
0,0.38260406,1.0,stressid_6g6y,stressid,stressid
0,0.36763948,1.0,stressid_6g6y,stressid,stressid
0,0.3498697,1.0,stressid_6g6y,stressid,stressid
0,0.3522384,1.0,stressid_6g6y,stressid,stressid
0,0.38683966,1.0,stressid_6g6y,stressid,stressid
0,0.3772818,1.0,stressid_6g6y,stressid,stressid
0,0.3993681,1.0,stressid_6g6y,stressid,stressid
0,0.40078798,1.0,stressid_6g6y,stressid,stressid
0,0.38079685,1.0,stressid_6g6y,stressid,stressid
0,0.36991015,1.0,stressid_6g6y,stressid,stressid
0,0.39231017,1.0,stressid_6g6y,stressid,stressid
0,0.3917281,1.0,stressid_6g6y,stressid,stressid
0,0.3802044,1.0,stressid_6g6y,stressid,stressid
0,0.39930633,1.0,stressid_6g6y,stressid,stressid
0,0.40287256,1.0,stressid_6g6y,stressid,stressid
0,0.38709593,1.0,stressid_6g6y,stressid,stressid
0,0.39886022,1.0,stressid_6g6y,stressid,stressid
0,0.40930653,1.0,stressid_6g6y,stressid,stressid
0,0.41864887,1.0,stressid_6g6y,stressid,stressid
0,0.42172498,1.0,stressid_6g6y,stressid,stressid
0,0.42192864,1.0,stressid_6g6y,stressid,stressid
0,0.33790824,1.0,stressid_6g6y,stressid,stressid
0,0.33792853,1.0,stressid_6g6y,stressid,stressid
0,0.337919,1.0,stressid_6g6y,stressid,stressid
0,0.33790603,1.0,stressid_6g6y,stressid,stressid
0,0.337908,1.0,stressid_6g6y,stressid,stressid
0,0.38714308,1.0,stressid_6g6y,stressid,stressid
0,0.3379067,1.0,stressid_6g6y,stressid,stressid
0,0.33792138,1.0,stressid_6g6y,stressid,stressid
0,0.33791482,1.0,stressid_6g6y,stressid,stressid
0,0.3378985,1.0,stressid_6g6y,stressid,stressid
0,0.33789277,1.0,stressid_6g6y,stressid,stressid
0,0.33789995,1.0,stressid_6g6y,stressid,stressid
0,0.33788118,1.0,stressid_6g6y,stressid,stressid
0,0.3378661,1.0,stressid_6g6y,stressid,stressid
0,0.33788386,1.0,stressid_6g6y,stressid,stressid
0,0.33791265,1.0,stressid_6g6y,stressid,stressid
0,0.3880405,1.0,stressid_6g6y,stressid,stressid
0,0.33814594,1.0,stressid_6g6y,stressid,stressid
0,0.33818957,1.0,stressid_6g6y,stressid,stressid
0,0.33808115,1.0,stressid_6g6y,stressid,stressid
0,0.33805886,1.0,stressid_6g6y,stressid,stressid
0,0.33797,1.0,stressid_6g6y,stressid,stressid
0,0.3379674,1.0,stressid_6g6y,stressid,stressid
0,0.3380169,1.0,stressid_6g6y,stressid,stressid
0,0.3379705,1.0,stressid_6g6y,stressid,stressid
0,0.33793467,1.0,stressid_6g6y,stressid,stressid
0,0.38936254,1.0,stressid_6g6y,stressid,stressid
0,0.38806587,1.0,stressid_6g6y,stressid,stressid
0,0.38752222,1.0,stressid_6g6y,stressid,stressid
0,0.38767862,1.0,stressid_6g6y,stressid,stressid
1,0.75871396,1.0,stressid_6g6y,stressid,stressid
1,0.7607085,1.0,stressid_6g6y,stressid,stressid
1,0.77409977,1.0,stressid_6g6y,stressid,stressid
1,0.6351608,1.0,stressid_6g6y,stressid,stressid
1,0.6370386,1.0,stressid_6g6y,stressid,stressid
1,0.6375082,1.0,stressid_6g6y,stressid,stressid
1,0.6330172,1.0,stressid_6g6y,stressid,stressid
1,0.63261235,1.0,stressid_6g6y,stressid,stressid
1,0.63461375,1.0,stressid_6g6y,stressid,stressid
1,0.63535666,1.0,stressid_6g6y,stressid,stressid
1,0.63589966,1.0,stressid_6g6y,stressid,stressid
1,0.7666153,1.0,stressid_6g6y,stressid,stressid
1,0.7789261,1.0,stressid_6g6y,stressid,stressid
1,0.7849898,1.0,stressid_6g6y,stressid,stressid
1,0.78190553,1.0,stressid_6g6y,stressid,stressid
1,0.77639675,1.0,stressid_6g6y,stressid,stressid
1,0.7792145,1.0,stressid_6g6y,stressid,stressid
1,0.76721007,1.0,stressid_6g6y,stressid,stressid
1,0.7659432,1.0,stressid_6g6y,stressid,stressid
1,0.7513791,1.0,stressid_6g6y,stressid,stressid
1,0.7494803,1.0,stressid_6g6y,stressid,stressid
1,0.74049735,1.0,stressid_6g6y,stressid,stressid
1,0.63380384,1.0,stressid_6g6y,stressid,stressid
1,0.62995565,1.0,stressid_6g6y,stressid,stressid
1,0.63504714,1.0,stressid_6g6y,stressid,stressid
1,0.63740385,1.0,stressid_6g6y,stressid,stressid
1,0.6361572,1.0,stressid_6g6y,stressid,stressid
1,0.63603103,1.0,stressid_6g6y,stressid,stressid
1,0.63265765,1.0,stressid_6g6y,stressid,stressid
1,0.63284373,1.0,stressid_6g6y,stressid,stressid
1,0.7493024,1.0,stressid_6g6y,stressid,stressid
1,0.74493885,1.0,stressid_6g6y,stressid,stressid
1,0.75573003,1.0,stressid_6g6y,stressid,stressid
1,0.7625617,1.0,stressid_6g6y,stressid,stressid
1,0.7483186,1.0,stressid_6g6y,stressid,stressid
1,0.75756425,1.0,stressid_6g6y,stressid,stressid
1,0.76176804,1.0,stressid_6g6y,stressid,stressid
1,0.74778104,1.0,stressid_6g6y,stressid,stressid
1,0.75965667,1.0,stressid_6g6y,stressid,stressid
1,0.7691504,1.0,stressid_6g6y,stressid,stressid
1,0.75564224,1.0,stressid_6g6y,stressid,stressid
1,0.63448983,1.0,stressid_6g6y,stressid,stressid
1,0.633616,1.0,stressid_6g6y,stressid,stressid
1,0.6311145,1.0,stressid_6g6y,stressid,stressid
1,0.63521725,1.0,stressid_6g6y,stressid,stressid
1,0.6396731,1.0,stressid_6g6y,stressid,stressid
1,0.63415915,1.0,stressid_6g6y,stressid,stressid
1,0.6481998,1.0,stressid_6g6y,stressid,stressid
1,0.64806813,1.0,stressid_6g6y,stressid,stressid
1,0.75532675,1.0,stressid_6g6y,stressid,stressid
1,0.7656549,1.0,stressid_6g6y,stressid,stressid
1,0.75668865,1.0,stressid_6g6y,stressid,stressid
1,0.7508167,1.0,stressid_6g6y,stressid,stressid
1,0.76077956,1.0,stressid_6g6y,stressid,stressid
1,0.7565843,1.0,stressid_6g6y,stressid,stressid
1,0.75871843,1.0,stressid_6g6y,stressid,stressid
1,0.75839144,1.0,stressid_6g6y,stressid,stressid
1,0.76357806,1.0,stressid_6g6y,stressid,stressid
1,0.7684923,1.0,stressid_6g6y,stressid,stressid
1,0.7618072,1.0,stressid_6g6y,stressid,stressid
1,0.648511,1.0,stressid_6g6y,stressid,stressid
1,0.6467114,1.0,stressid_6g6y,stressid,stressid
1,0.6333449,1.0,stressid_6g6y,stressid,stressid
1,0.6378215,1.0,stressid_6g6y,stressid,stressid
1,0.6303491,1.0,stressid_6g6y,stressid,stressid
1,0.6322062,1.0,stressid_6g6y,stressid,stressid
1,0.64033294,1.0,stressid_6g6y,stressid,stressid
1,0.63715684,1.0,stressid_6g6y,stressid,stressid
1,0.76054984,1.0,stressid_6g6y,stressid,stressid
1,0.7594954,1.0,stressid_6g6y,stressid,stressid
1,0.76065284,1.0,stressid_6g6y,stressid,stressid
1,0.7520116,1.0,stressid_6g6y,stressid,stressid
1,0.7469063,1.0,stressid_6g6y,stressid,stressid
1,0.747554,1.0,stressid_6g6y,stressid,stressid
1,0.7572472,1.0,stressid_6g6y,stressid,stressid
1,0.76574546,1.0,stressid_6g6y,stressid,stressid
1,0.7398826,1.0,stressid_6g6y,stressid,stressid
1,0.7369463,1.0,stressid_6g6y,stressid,stressid
1,0.749075,1.0,stressid_6g6y,stressid,stressid
1,0.65147126,1.0,stressid_6g6y,stressid,stressid
1,0.64977163,1.0,stressid_6g6y,stressid,stressid
1,0.66283596,1.0,stressid_6g6y,stressid,stressid
1,0.66604966,1.0,stressid_6g6y,stressid,stressid
1,0.6547324,1.0,stressid_6g6y,stressid,stressid
1,0.6381232,1.0,stressid_6g6y,stressid,stressid
1,0.63891315,1.0,stressid_6g6y,stressid,stressid
1,0.63965124,1.0,stressid_6g6y,stressid,stressid
1,0.7373829,1.0,stressid_6g6y,stressid,stressid
1,0.74680674,1.0,stressid_6g6y,stressid,stressid
1,0.75436825,1.0,stressid_6g6y,stressid,stressid
1,0.74324566,1.0,stressid_6g6y,stressid,stressid
1,0.74059236,1.0,stressid_6g6y,stressid,stressid
1,0.72735536,1.0,stressid_6g6y,stressid,stressid
1,0.7559702,1.0,stressid_6g6y,stressid,stressid
1,0.77216136,1.0,stressid_6g6y,stressid,stressid
0,0.507932,1.0,stressid_6g6y,stressid,stressid
0,0.5108177,1.0,stressid_6g6y,stressid,stressid
0,0.50027853,1.0,stressid_6g6y,stressid,stressid
0,0.5059229,1.0,stressid_6g6y,stressid,stressid
0,0.5115748,1.0,stressid_6g6y,stressid,stressid
0,0.5198885,1.0,stressid_6g6y,stressid,stressid
0,0.51691806,1.0,stressid_6g6y,stressid,stressid
0,0.5127894,1.0,stressid_6g6y,stressid,stressid
0,0.50989324,1.0,stressid_6g6y,stressid,stressid
0,0.5097508,1.0,stressid_6g6y,stressid,stressid
0,0.5059169,1.0,stressid_6g6y,stressid,stressid
0,0.5059606,1.0,stressid_6g6y,stressid,stressid
0,0.51051116,1.0,stressid_6g6y,stressid,stressid
0,0.50559723,1.0,stressid_6g6y,stressid,stressid
0,0.50225234,1.0,stressid_6g6y,stressid,stressid
0,0.49916732,1.0,stressid_6g6y,stressid,stressid
0,0.50129503,1.0,stressid_6g6y,stressid,stressid
0,0.5026315,1.0,stressid_6g6y,stressid,stressid
0,0.50087297,1.0,stressid_6g6y,stressid,stressid
0,0.50451386,1.0,stressid_6g6y,stressid,stressid
0,0.50392514,1.0,stressid_6g6y,stressid,stressid
0,0.50332624,1.0,stressid_6g6y,stressid,stressid
0,0.33758333,1.0,stressid_6g6y,stressid,stressid
0,0.50692564,1.0,stressid_6g6y,stressid,stressid
0,0.33758324,1.0,stressid_6g6y,stressid,stressid
0,0.3375822,1.0,stressid_6g6y,stressid,stressid
0,0.33756903,1.0,stressid_6g6y,stressid,stressid
0,0.33757383,1.0,stressid_6g6y,stressid,stressid
0,0.337577,1.0,stressid_6g6y,stressid,stressid
0,0.33755657,1.0,stressid_6g6y,stressid,stressid
0,0.3375428,1.0,stressid_6g6y,stressid,stressid
0,0.3375419,1.0,stressid_6g6y,stressid,stressid
0,0.33753195,1.0,stressid_6g6y,stressid,stressid
0,0.3375113,1.0,stressid_6g6y,stressid,stressid
0,0.5084986,1.0,stressid_6g6y,stressid,stressid
0,0.3374997,1.0,stressid_6g6y,stressid,stressid
0,0.33748174,1.0,stressid_6g6y,stressid,stressid
0,0.3374155,1.0,stressid_6g6y,stressid,stressid
0,0.33735818,1.0,stressid_6g6y,stressid,stressid
0,0.3375337,1.0,stressid_6g6y,stressid,stressid
0,0.33786047,1.0,stressid_6g6y,stressid,stressid
0,0.3379886,1.0,stressid_6g6y,stressid,stressid
0,0.33797005,1.0,stressid_6g6y,stressid,stressid
0,0.33797845,1.0,stressid_6g6y,stressid,stressid
0,0.5060825,1.0,stressid_6g6y,stressid,stressid
0,0.5114354,1.0,stressid_6g6y,stressid,stressid
0,0.5109133,1.0,stressid_6g6y,stressid,stressid
0,0.50864613,1.0,stressid_6g6y,stressid,stressid
0,0.50370586,1.0,stressid_6g6y,stressid,stressid
1,0.7444492,1.0,stressid_6g6y,stressid,stressid
1,0.73620194,1.0,stressid_6g6y,stressid,stressid
1,0.7375245,1.0,stressid_6g6y,stressid,stressid
1,0.66802245,1.0,stressid_6g6y,stressid,stressid
1,0.64532393,1.0,stressid_6g6y,stressid,stressid
1,0.6495596,1.0,stressid_6g6y,stressid,stressid
1,0.6586513,1.0,stressid_6g6y,stressid,stressid
1,0.65553296,1.0,stressid_6g6y,stressid,stressid
1,0.6471146,1.0,stressid_6g6y,stressid,stressid
1,0.64938205,1.0,stressid_6g6y,stressid,stressid
1,0.64522177,1.0,stressid_6g6y,stressid,stressid
1,0.7446299,1.0,stressid_6g6y,stressid,stressid
1,0.7542952,1.0,stressid_6g6y,stressid,stressid
1,0.7557157,1.0,stressid_6g6y,stressid,stressid
1,0.75111496,1.0,stressid_6g6y,stressid,stressid
1,0.7402039,1.0,stressid_6g6y,stressid,stressid
1,0.7463796,1.0,stressid_6g6y,stressid,stressid
1,0.7532127,1.0,stressid_6g6y,stressid,stressid
1,0.7494743,1.0,stressid_6g6y,stressid,stressid
1,0.7548343,1.0,stressid_6g6y,stressid,stressid
1,0.760272,1.0,stressid_6g6y,stressid,stressid
1,0.78182685,1.0,stressid_6g6y,stressid,stressid
1,0.63740575,1.0,stressid_6g6y,stressid,stressid
1,0.63754666,1.0,stressid_6g6y,stressid,stressid
1,0.6466472,1.0,stressid_6g6y,stressid,stressid
1,0.6509579,1.0,stressid_6g6y,stressid,stressid
1,0.64787894,1.0,stressid_6g6y,stressid,stressid
1,0.6471297,1.0,stressid_6g6y,stressid,stressid
1,0.6491783,1.0,stressid_6g6y,stressid,stressid
1,0.6904545,1.0,stressid_6g6y,stressid,stressid
1,0.7692039,1.0,stressid_6g6y,stressid,stressid
1,0.7730844,1.0,stressid_6g6y,stressid,stressid
1,0.7695433,1.0,stressid_6g6y,stressid,stressid
1,0.763824,1.0,stressid_6g6y,stressid,stressid
1,0.760111,1.0,stressid_6g6y,stressid,stressid
1,0.76702857,1.0,stressid_6g6y,stressid,stressid
1,0.76277685,1.0,stressid_6g6y,stressid,stressid
1,0.776238,1.0,stressid_6g6y,stressid,stressid
1,0.34259814,1.0,stressid_6g6y,stressid,stressid
1,0.34211034,1.0,stressid_6g6y,stressid,stressid
1,0.33237076,1.0,stressid_6g6y,stressid,stressid
1,0.3328052,1.0,stressid_6g6y,stressid,stressid
1,0.33427832,1.0,stressid_6g6y,stressid,stressid
1,0.3401314,1.0,stressid_6g6y,stressid,stressid
1,0.3397033,1.0,stressid_6g6y,stressid,stressid
1,0.33641806,1.0,stressid_6g6y,stressid,stressid
1,0.33899796,1.0,stressid_6g6y,stressid,stressid
1,0.33999383,1.0,stressid_6g6y,stressid,stressid
1,0.34025446,1.0,stressid_6g6y,stressid,stressid
1,0.3440492,1.0,stressid_6g6y,stressid,stressid
1,0.3380659,1.0,stressid_6g6y,stressid,stressid
1,0.34281278,1.0,stressid_6g6y,stressid,stressid
1,0.3388051,1.0,stressid_6g6y,stressid,stressid
1,0.33915004,1.0,stressid_6g6y,stressid,stressid
1,0.34294024,1.0,stressid_6g6y,stressid,stressid
1,0.3435195,1.0,stressid_6g6y,stressid,stressid
1,0.34817982,1.0,stressid_6g6y,stressid,stressid
1,0.36043715,1.0,stressid_6g6y,stressid,stressid
1,0.36574507,1.0,stressid_6g6y,stressid,stressid
1,0.37098595,1.0,stressid_6g6y,stressid,stressid
1,0.38163075,1.0,stressid_6g6y,stressid,stressid
1,0.33714357,1.0,stressid_6g6y,stressid,stressid
1,0.38899928,1.0,stressid_6g6y,stressid,stressid
1,0.39744326,1.0,stressid_6g6y,stressid,stressid
1,0.40784898,1.0,stressid_6g6y,stressid,stressid
1,0.33800438,1.0,stressid_6g6y,stressid,stressid
1,0.33802098,1.0,stressid_6g6y,stressid,stressid
1,0.33801,1.0,stressid_6g6y,stressid,stressid
1,0.33801264,1.0,stressid_6g6y,stressid,stressid
1,0.338013,1.0,stressid_6g6y,stressid,stressid
1,0.33797365,1.0,stressid_6g6y,stressid,stressid
1,0.33793592,1.0,stressid_6g6y,stressid,stressid
1,0.3414775,1.0,stressid_6g6y,stressid,stressid
1,0.3379342,1.0,stressid_6g6y,stressid,stressid
1,0.33794475,1.0,stressid_6g6y,stressid,stressid
1,0.33792782,1.0,stressid_6g6y,stressid,stressid
1,0.3379176,1.0,stressid_6g6y,stressid,stressid
1,0.33792427,1.0,stressid_6g6y,stressid,stressid
1,0.33789173,1.0,stressid_6g6y,stressid,stressid
1,0.33788064,1.0,stressid_6g6y,stressid,stressid
1,0.33791435,1.0,stressid_6g6y,stressid,stressid
1,0.33792558,1.0,stressid_6g6y,stressid,stressid
1,0.33791995,1.0,stressid_6g6y,stressid,stressid
1,0.33799088,1.0,stressid_6g6y,stressid,stressid
1,0.33791512,1.0,stressid_6g6y,stressid,stressid
1,0.33790302,1.0,stressid_6g6y,stressid,stressid
1,0.3378971,1.0,stressid_6g6y,stressid,stressid
1,0.33789623,1.0,stressid_6g6y,stressid,stressid
1,0.33787143,1.0,stressid_6g6y,stressid,stressid
1,0.3378593,1.0,stressid_6g6y,stressid,stressid
1,0.3378681,1.0,stressid_6g6y,stressid,stressid
1,0.33591282,1.0,stressid_6g6y,stressid,stressid
1,0.33595985,1.0,stressid_6g6y,stressid,stressid
1,0.33798555,1.0,stressid_6g6y,stressid,stressid
1,0.3340336,1.0,stressid_6g6y,stressid,stressid
1,0.4298236,1.0,stressid_6g6y,stressid,stressid
1,0.43109086,1.0,stressid_6g6y,stressid,stressid
1,0.42177603,1.0,stressid_6g6y,stressid,stressid
1,0.41662627,1.0,stressid_6g6y,stressid,stressid
1,0.4148115,1.0,stressid_6g6y,stressid,stressid
1,0.41498294,1.0,stressid_6g6y,stressid,stressid
1,0.41235733,1.0,stressid_6g6y,stressid,stressid
1,0.41368374,1.0,stressid_6g6y,stressid,stressid
1,0.41201314,1.0,stressid_6g6y,stressid,stressid
1,0.4146191,1.0,stressid_6g6y,stressid,stressid
1,0.41582236,1.0,stressid_6g6y,stressid,stressid
1,0.41881046,1.0,stressid_6g6y,stressid,stressid
1,0.4280174,1.0,stressid_6g6y,stressid,stressid
1,0.41677147,1.0,stressid_6g6y,stressid,stressid
1,0.41040602,1.0,stressid_6g6y,stressid,stressid
1,0.33824608,1.0,stressid_6g6y,stressid,stressid
1,0.3382287,1.0,stressid_6g6y,stressid,stressid
1,0.33819532,1.0,stressid_6g6y,stressid,stressid
1,0.33816403,1.0,stressid_6g6y,stressid,stressid
1,0.33815408,1.0,stressid_6g6y,stressid,stressid
1,0.33815432,1.0,stressid_6g6y,stressid,stressid
1,0.33815312,1.0,stressid_6g6y,stressid,stressid
1,0.33811447,1.0,stressid_6g6y,stressid,stressid
1,0.4271305,1.0,stressid_6g6y,stressid,stressid
1,0.3380479,1.0,stressid_6g6y,stressid,stressid
1,0.3379931,1.0,stressid_6g6y,stressid,stressid
1,0.3381489,1.0,stressid_6g6y,stressid,stressid
1,0.33793214,1.0,stressid_6g6y,stressid,stressid
1,0.33764923,1.0,stressid_6g6y,stressid,stressid
1,0.33785105,1.0,stressid_6g6y,stressid,stressid
1,0.33813965,1.0,stressid_6g6y,stressid,stressid
1,0.33817777,1.0,stressid_6g6y,stressid,stressid
1,0.42617914,1.0,stressid_6g6y,stressid,stressid
1,0.42871606,1.0,stressid_6g6y,stressid,stressid
1,0.4234849,1.0,stressid_6g6y,stressid,stressid
1,0.41863295,1.0,stressid_6g6y,stressid,stressid
1,0.41705373,1.0,stressid_6g6y,stressid,stressid
1,0.4170885,1.0,stressid_6g6y,stressid,stressid
1,0.15432195,1.0,stressid_g9j5,stressid,stressid
1,0.1611207,1.0,stressid_g9j5,stressid,stressid
1,0.11764186,1.0,stressid_g9j5,stressid,stressid
1,0.11384862,1.0,stressid_g9j5,stressid,stressid
1,0.11264112,1.0,stressid_g9j5,stressid,stressid
1,0.11053246,1.0,stressid_g9j5,stressid,stressid
1,0.110343054,1.0,stressid_g9j5,stressid,stressid
1,0.11238532,1.0,stressid_g9j5,stressid,stressid
1,0.114031404,1.0,stressid_g9j5,stressid,stressid
1,0.11165509,1.0,stressid_g9j5,stressid,stressid
1,0.10915371,1.0,stressid_g9j5,stressid,stressid
1,0.11184216,1.0,stressid_g9j5,stressid,stressid
1,0.16782483,1.0,stressid_g9j5,stressid,stressid
1,0.11273531,1.0,stressid_g9j5,stressid,stressid
1,0.11659103,1.0,stressid_g9j5,stressid,stressid
1,0.12101549,1.0,stressid_g9j5,stressid,stressid
1,0.12330304,1.0,stressid_g9j5,stressid,stressid
1,0.1254776,1.0,stressid_g9j5,stressid,stressid
1,0.12744601,1.0,stressid_g9j5,stressid,stressid
1,0.12954207,1.0,stressid_g9j5,stressid,stressid
1,0.13186285,1.0,stressid_g9j5,stressid,stressid
1,0.13377725,1.0,stressid_g9j5,stressid,stressid
1,0.13576618,1.0,stressid_g9j5,stressid,stressid
1,0.16225429,1.0,stressid_g9j5,stressid,stressid
1,0.1429214,1.0,stressid_g9j5,stressid,stressid
1,0.14768922,1.0,stressid_g9j5,stressid,stressid
1,0.14900331,1.0,stressid_g9j5,stressid,stressid
1,0.15070069,1.0,stressid_g9j5,stressid,stressid
1,0.14847916,1.0,stressid_g9j5,stressid,stressid
1,0.29741418,1.0,stressid_g9j5,stressid,stressid
1,0.14271598,1.0,stressid_g9j5,stressid,stressid
1,0.13853243,1.0,stressid_g9j5,stressid,stressid
1,0.1373904,1.0,stressid_g9j5,stressid,stressid
1,0.13052864,1.0,stressid_g9j5,stressid,stressid
1,0.12397335,1.0,stressid_g9j5,stressid,stressid
1,0.12142678,1.0,stressid_g9j5,stressid,stressid
1,0.68433106,1.0,stressid_g9j5,stressid,stressid
1,0.6786824,1.0,stressid_g9j5,stressid,stressid
1,0.6897456,1.0,stressid_g9j5,stressid,stressid
1,0.701773,1.0,stressid_g9j5,stressid,stressid
1,0.7010879,1.0,stressid_g9j5,stressid,stressid
1,0.69145405,1.0,stressid_g9j5,stressid,stressid
1,0.6806812,1.0,stressid_g9j5,stressid,stressid
1,0.6832645,1.0,stressid_g9j5,stressid,stressid
1,0.6865226,1.0,stressid_g9j5,stressid,stressid
1,0.6920793,1.0,stressid_g9j5,stressid,stressid
1,0.6895096,1.0,stressid_g9j5,stressid,stressid
1,0.67798704,1.0,stressid_g9j5,stressid,stressid
1,0.67153656,1.0,stressid_g9j5,stressid,stressid
1,0.6734056,1.0,stressid_g9j5,stressid,stressid
1,0.67053336,1.0,stressid_g9j5,stressid,stressid
1,0.6656902,1.0,stressid_g9j5,stressid,stressid
1,0.67449975,1.0,stressid_g9j5,stressid,stressid
1,0.6650944,1.0,stressid_g9j5,stressid,stressid
1,0.6763364,1.0,stressid_g9j5,stressid,stressid
1,0.67423004,1.0,stressid_g9j5,stressid,stressid
1,0.6712187,1.0,stressid_g9j5,stressid,stressid
1,0.6688107,1.0,stressid_g9j5,stressid,stressid
0,0.6902101,1.0,stressid_g9j5,stressid,stressid
0,0.69383395,1.0,stressid_g9j5,stressid,stressid
0,0.6645723,1.0,stressid_g9j5,stressid,stressid
0,0.68355924,1.0,stressid_g9j5,stressid,stressid
0,0.67050356,1.0,stressid_g9j5,stressid,stressid
0,0.66704965,1.0,stressid_g9j5,stressid,stressid
0,0.664677,1.0,stressid_g9j5,stressid,stressid
0,0.64826965,1.0,stressid_g9j5,stressid,stressid
0,0.6618287,1.0,stressid_g9j5,stressid,stressid
0,0.6653899,1.0,stressid_g9j5,stressid,stressid
0,0.65507954,1.0,stressid_g9j5,stressid,stressid
1,0.69866896,1.0,stressid_g9j5,stressid,stressid
1,0.70388556,1.0,stressid_g9j5,stressid,stressid
1,0.6815771,1.0,stressid_g9j5,stressid,stressid
1,0.671943,1.0,stressid_g9j5,stressid,stressid
1,0.6720059,1.0,stressid_g9j5,stressid,stressid
1,0.6815466,1.0,stressid_g9j5,stressid,stressid
1,0.6936833,1.0,stressid_g9j5,stressid,stressid
1,0.6837444,1.0,stressid_g9j5,stressid,stressid
1,0.6747363,1.0,stressid_g9j5,stressid,stressid
1,0.67565316,1.0,stressid_g9j5,stressid,stressid
1,0.68409187,1.0,stressid_g9j5,stressid,stressid
1,0.6800235,1.0,stressid_g9j5,stressid,stressid
1,0.6929359,1.0,stressid_g9j5,stressid,stressid
1,0.71046174,1.0,stressid_g9j5,stressid,stressid
1,0.69582397,1.0,stressid_g9j5,stressid,stressid
1,0.6756954,1.0,stressid_g9j5,stressid,stressid
1,0.6679824,1.0,stressid_g9j5,stressid,stressid
1,0.6714553,1.0,stressid_g9j5,stressid,stressid
1,0.64702153,1.0,stressid_g9j5,stressid,stressid
1,0.6706981,1.0,stressid_g9j5,stressid,stressid
1,0.665625,1.0,stressid_g9j5,stressid,stressid
1,0.6856819,1.0,stressid_g9j5,stressid,stressid
0,0.11275444,1.0,stressid_g9j5,stressid,stressid
0,0.116619766,1.0,stressid_g9j5,stressid,stressid
0,0.11249496,1.0,stressid_g9j5,stressid,stressid
0,0.116123125,1.0,stressid_g9j5,stressid,stressid
0,0.11894064,1.0,stressid_g9j5,stressid,stressid
0,0.11739179,1.0,stressid_g9j5,stressid,stressid
0,0.112231605,1.0,stressid_g9j5,stressid,stressid
0,0.11333414,1.0,stressid_g9j5,stressid,stressid
0,0.11634431,1.0,stressid_g9j5,stressid,stressid
0,0.115901366,1.0,stressid_g9j5,stressid,stressid
0,0.11615153,1.0,stressid_g9j5,stressid,stressid
0,0.1261584,1.0,stressid_g9j5,stressid,stressid
0,0.11477023,1.0,stressid_g9j5,stressid,stressid
0,0.12488577,1.0,stressid_g9j5,stressid,stressid
0,0.12765671,1.0,stressid_g9j5,stressid,stressid
0,0.13492069,1.0,stressid_g9j5,stressid,stressid
0,0.13090791,1.0,stressid_g9j5,stressid,stressid
0,0.12989673,1.0,stressid_g9j5,stressid,stressid
0,0.1321809,1.0,stressid_g9j5,stressid,stressid
0,0.13823365,1.0,stressid_g9j5,stressid,stressid
0,0.1351037,1.0,stressid_g9j5,stressid,stressid
0,0.12596662,1.0,stressid_g9j5,stressid,stressid
0,0.2931532,1.0,stressid_g9j5,stressid,stressid
0,0.10990143,1.0,stressid_g9j5,stressid,stressid
0,0.107477725,1.0,stressid_g9j5,stressid,stressid
0,0.10783606,1.0,stressid_g9j5,stressid,stressid
0,0.10865475,1.0,stressid_g9j5,stressid,stressid
0,0.10661045,1.0,stressid_g9j5,stressid,stressid
0,0.10499624,1.0,stressid_g9j5,stressid,stressid
0,0.108307414,1.0,stressid_g9j5,stressid,stressid
1,0.7098107,1.0,stressid_g9j5,stressid,stressid
1,0.7184197,1.0,stressid_g9j5,stressid,stressid
1,0.7113176,1.0,stressid_g9j5,stressid,stressid
1,0.7195925,1.0,stressid_g9j5,stressid,stressid
1,0.69887644,1.0,stressid_g9j5,stressid,stressid
1,0.68650526,1.0,stressid_g9j5,stressid,stressid
1,0.6978294,1.0,stressid_g9j5,stressid,stressid
1,0.6842949,1.0,stressid_g9j5,stressid,stressid
1,0.67386895,1.0,stressid_g9j5,stressid,stressid
1,0.6743881,1.0,stressid_g9j5,stressid,stressid
1,0.6879764,1.0,stressid_g9j5,stressid,stressid
1,0.6871236,1.0,stressid_g9j5,stressid,stressid
1,0.6761011,1.0,stressid_g9j5,stressid,stressid
1,0.69130176,1.0,stressid_g9j5,stressid,stressid
1,0.690985,1.0,stressid_g9j5,stressid,stressid
1,0.7136978,1.0,stressid_g9j5,stressid,stressid
1,0.7125866,1.0,stressid_g9j5,stressid,stressid
1,0.7000398,1.0,stressid_g9j5,stressid,stressid
1,0.68336785,1.0,stressid_g9j5,stressid,stressid
1,0.6848248,1.0,stressid_g9j5,stressid,stressid
1,0.6809051,1.0,stressid_g9j5,stressid,stressid
1,0.6958589,1.0,stressid_g9j5,stressid,stressid
1,0.10810242,1.0,stressid_g9j5,stressid,stressid
1,0.10545089,1.0,stressid_g9j5,stressid,stressid
1,0.10601102,1.0,stressid_g9j5,stressid,stressid
1,0.10612054,1.0,stressid_g9j5,stressid,stressid
1,0.104353316,1.0,stressid_g9j5,stressid,stressid
1,0.10506699,1.0,stressid_g9j5,stressid,stressid
1,0.10936318,1.0,stressid_g9j5,stressid,stressid
1,0.11394067,1.0,stressid_g9j5,stressid,stressid
1,0.11580607,1.0,stressid_g9j5,stressid,stressid
1,0.11490088,1.0,stressid_g9j5,stressid,stressid
1,0.11815218,1.0,stressid_g9j5,stressid,stressid
1,0.1166802,1.0,stressid_g9j5,stressid,stressid
1,0.11258273,1.0,stressid_g9j5,stressid,stressid
1,0.119111456,1.0,stressid_g9j5,stressid,stressid
1,0.11883856,1.0,stressid_g9j5,stressid,stressid
1,0.11902412,1.0,stressid_g9j5,stressid,stressid
1,0.12050872,1.0,stressid_g9j5,stressid,stressid
1,0.118195936,1.0,stressid_g9j5,stressid,stressid
1,0.116812296,1.0,stressid_g9j5,stressid,stressid
1,0.12433897,1.0,stressid_g9j5,stressid,stressid
1,0.12408442,1.0,stressid_g9j5,stressid,stressid
1,0.121449254,1.0,stressid_g9j5,stressid,stressid
1,0.12271287,1.0,stressid_g9j5,stressid,stressid
1,0.118382856,1.0,stressid_g9j5,stressid,stressid
1,0.12267668,1.0,stressid_g9j5,stressid,stressid
1,0.123698674,1.0,stressid_g9j5,stressid,stressid
1,0.12447389,1.0,stressid_g9j5,stressid,stressid
1,0.29679,1.0,stressid_g9j5,stressid,stressid
1,0.29680276,1.0,stressid_g9j5,stressid,stressid
1,0.11384361,1.0,stressid_g9j5,stressid,stressid
1,0.10990412,1.0,stressid_g9j5,stressid,stressid
1,0.10947003,1.0,stressid_g9j5,stressid,stressid
1,0.10850513,1.0,stressid_g9j5,stressid,stressid
1,0.10680855,1.0,stressid_g9j5,stressid,stressid
1,0.10670569,1.0,stressid_g9j5,stressid,stressid
1,0.102165714,1.0,stressid_g9j5,stressid,stressid
1,0.1092153,1.0,stressid_g9j5,stressid,stressid
1,0.124143325,1.0,stressid_g9j5,stressid,stressid
1,0.12602547,1.0,stressid_g9j5,stressid,stressid
1,0.12783496,1.0,stressid_g9j5,stressid,stressid
1,0.119064674,1.0,stressid_g9j5,stressid,stressid
1,0.11806527,1.0,stressid_g9j5,stressid,stressid
1,0.12640993,1.0,stressid_g9j5,stressid,stressid
1,0.12234308,1.0,stressid_g9j5,stressid,stressid
1,0.11728062,1.0,stressid_g9j5,stressid,stressid
1,0.12054656,1.0,stressid_g9j5,stressid,stressid
1,0.11813079,1.0,stressid_g9j5,stressid,stressid
1,0.116721734,1.0,stressid_g9j5,stressid,stressid
1,0.11610042,1.0,stressid_g9j5,stressid,stressid
1,0.11694777,1.0,stressid_g9j5,stressid,stressid
1,0.27916414,1.0,stressid_g9j5,stressid,stressid
1,0.11808466,1.0,stressid_g9j5,stressid,stressid
1,0.11362083,1.0,stressid_g9j5,stressid,stressid
1,0.11549556,1.0,stressid_g9j5,stressid,stressid
1,0.11751296,1.0,stressid_g9j5,stressid,stressid
1,0.118672736,1.0,stressid_g9j5,stressid,stressid
1,0.12074352,1.0,stressid_g9j5,stressid,stressid
1,0.122425646,1.0,stressid_g9j5,stressid,stressid
0,0.20461613,1.0,stressid_kycf,stressid,stressid
0,0.20506461,1.0,stressid_kycf,stressid,stressid
0,0.14487068,1.0,stressid_kycf,stressid,stressid
0,0.13726354,1.0,stressid_kycf,stressid,stressid
0,0.14937581,1.0,stressid_kycf,stressid,stressid
0,0.1435786,1.0,stressid_kycf,stressid,stressid
0,0.12889378,1.0,stressid_kycf,stressid,stressid
0,0.11849438,1.0,stressid_kycf,stressid,stressid
0,0.13887845,1.0,stressid_kycf,stressid,stressid
0,0.13237505,1.0,stressid_kycf,stressid,stressid
0,0.1262276,1.0,stressid_kycf,stressid,stressid
0,0.1247538,1.0,stressid_kycf,stressid,stressid
0,0.1436363,1.0,stressid_kycf,stressid,stressid
0,0.13185744,1.0,stressid_kycf,stressid,stressid
0,0.13638513,1.0,stressid_kycf,stressid,stressid
0,0.12684262,1.0,stressid_kycf,stressid,stressid
0,0.12563339,1.0,stressid_kycf,stressid,stressid
0,0.13576387,1.0,stressid_kycf,stressid,stressid
0,0.13737705,1.0,stressid_kycf,stressid,stressid
0,0.14510268,1.0,stressid_kycf,stressid,stressid
0,0.14904667,1.0,stressid_kycf,stressid,stressid
0,0.15437289,1.0,stressid_kycf,stressid,stressid
0,0.15968104,1.0,stressid_kycf,stressid,stressid
0,0.13484581,1.0,stressid_kycf,stressid,stressid
0,0.17266564,1.0,stressid_kycf,stressid,stressid
0,0.15503861,1.0,stressid_kycf,stressid,stressid
0,0.14589292,1.0,stressid_kycf,stressid,stressid
0,0.151368,1.0,stressid_kycf,stressid,stressid
0,0.15468152,1.0,stressid_kycf,stressid,stressid
0,0.27020177,1.0,stressid_kycf,stressid,stressid
0,0.2709941,1.0,stressid_kycf,stressid,stressid
0,0.27274448,1.0,stressid_kycf,stressid,stressid
0,0.26856396,1.0,stressid_kycf,stressid,stressid
0,0.25814644,1.0,stressid_kycf,stressid,stressid
0,0.1220535,1.0,stressid_kycf,stressid,stressid
0,0.26613814,1.0,stressid_kycf,stressid,stressid
0,0.27283454,1.0,stressid_kycf,stressid,stressid
0,0.27287728,1.0,stressid_kycf,stressid,stressid
0,0.2728799,1.0,stressid_kycf,stressid,stressid
0,0.2728475,1.0,stressid_kycf,stressid,stressid
0,0.27284822,1.0,stressid_kycf,stressid,stressid
0,0.27284807,1.0,stressid_kycf,stressid,stressid
0,0.27282938,1.0,stressid_kycf,stressid,stressid
0,0.27280876,1.0,stressid_kycf,stressid,stressid
0,0.27278545,1.0,stressid_kycf,stressid,stressid
0,0.12848848,1.0,stressid_kycf,stressid,stressid
0,0.26675543,1.0,stressid_kycf,stressid,stressid
0,0.24810283,1.0,stressid_kycf,stressid,stressid
0,0.24775821,1.0,stressid_kycf,stressid,stressid
0,0.2662134,1.0,stressid_kycf,stressid,stressid
0,0.2726212,1.0,stressid_kycf,stressid,stressid
0,0.27255777,1.0,stressid_kycf,stressid,stressid
0,0.270399,1.0,stressid_kycf,stressid,stressid
0,0.27045232,1.0,stressid_kycf,stressid,stressid
0,0.27267095,1.0,stressid_kycf,stressid,stressid
0,0.1322467,1.0,stressid_kycf,stressid,stressid
0,0.13678704,1.0,stressid_kycf,stressid,stressid
0,0.15110183,1.0,stressid_kycf,stressid,stressid
0,0.15407947,1.0,stressid_kycf,stressid,stressid
1,0.70632726,1.0,stressid_kycf,stressid,stressid
1,0.6450937,1.0,stressid_kycf,stressid,stressid
1,0.6470189,1.0,stressid_kycf,stressid,stressid
1,0.7158408,1.0,stressid_kycf,stressid,stressid
1,0.7112179,1.0,stressid_kycf,stressid,stressid
1,0.6924965,1.0,stressid_kycf,stressid,stressid
1,0.7155969,1.0,stressid_kycf,stressid,stressid
1,0.7095875,1.0,stressid_kycf,stressid,stressid
1,0.7106074,1.0,stressid_kycf,stressid,stressid
1,0.7700413,1.0,stressid_kycf,stressid,stressid
1,0.7866511,1.0,stressid_kycf,stressid,stressid
1,0.6071282,1.0,stressid_kycf,stressid,stressid
1,0.61449975,1.0,stressid_kycf,stressid,stressid
1,0.5759315,1.0,stressid_kycf,stressid,stressid
1,0.5005382,1.0,stressid_kycf,stressid,stressid
1,0.56488633,1.0,stressid_kycf,stressid,stressid
1,0.62992376,1.0,stressid_kycf,stressid,stressid
1,0.63533974,1.0,stressid_kycf,stressid,stressid
1,0.6846806,1.0,stressid_kycf,stressid,stressid
1,0.66481924,1.0,stressid_kycf,stressid,stressid
1,0.58435714,1.0,stressid_kycf,stressid,stressid
1,0.81123024,1.0,stressid_kycf,stressid,stressid
1,0.7858198,1.0,stressid_kycf,stressid,stressid
1,0.77612066,1.0,stressid_kycf,stressid,stressid
1,0.7510161,1.0,stressid_kycf,stressid,stressid
1,0.7967401,1.0,stressid_kycf,stressid,stressid
1,0.8063834,1.0,stressid_kycf,stressid,stressid
1,0.7920916,1.0,stressid_kycf,stressid,stressid
1,0.8095626,1.0,stressid_kycf,stressid,stressid
1,0.7822373,1.0,stressid_kycf,stressid,stressid
1,0.59389997,1.0,stressid_kycf,stressid,stressid
1,0.5902355,1.0,stressid_kycf,stressid,stressid
1,0.6000649,1.0,stressid_kycf,stressid,stressid
1,0.6610956,1.0,stressid_kycf,stressid,stressid
1,0.7025612,1.0,stressid_kycf,stressid,stressid
1,0.7043729,1.0,stressid_kycf,stressid,stressid
1,0.73680645,1.0,stressid_kycf,stressid,stressid
1,0.82067144,1.0,stressid_kycf,stressid,stressid
0,0.7175697,1.0,stressid_kycf,stressid,stressid
0,0.7375268,1.0,stressid_kycf,stressid,stressid
0,0.68334675,1.0,stressid_kycf,stressid,stressid
0,0.6653736,1.0,stressid_kycf,stressid,stressid
0,0.66159105,1.0,stressid_kycf,stressid,stressid
0,0.64892346,1.0,stressid_kycf,stressid,stressid
0,0.65457386,1.0,stressid_kycf,stressid,stressid
0,0.64669204,1.0,stressid_kycf,stressid,stressid
0,0.6410206,1.0,stressid_kycf,stressid,stressid
0,0.64231205,1.0,stressid_kycf,stressid,stressid
0,0.69668704,1.0,stressid_kycf,stressid,stressid
0,0.6826436,1.0,stressid_kycf,stressid,stressid
0,0.68255633,1.0,stressid_kycf,stressid,stressid
0,0.7116218,1.0,stressid_kycf,stressid,stressid
0,0.68455356,1.0,stressid_kycf,stressid,stressid
0,0.6572894,1.0,stressid_kycf,stressid,stressid
0,0.7118561,1.0,stressid_kycf,stressid,stressid
0,0.6958659,1.0,stressid_kycf,stressid,stressid
0,0.6535373,1.0,stressid_kycf,stressid,stressid
1,0.71488893,1.0,stressid_kycf,stressid,stressid
1,0.69700426,1.0,stressid_kycf,stressid,stressid
1,0.7578157,1.0,stressid_kycf,stressid,stressid
1,0.72640276,1.0,stressid_kycf,stressid,stressid
1,0.72543526,1.0,stressid_kycf,stressid,stressid
1,0.70469075,1.0,stressid_kycf,stressid,stressid
1,0.657713,1.0,stressid_kycf,stressid,stressid
1,0.6406285,1.0,stressid_kycf,stressid,stressid
1,0.67267245,1.0,stressid_kycf,stressid,stressid
1,0.6982661,1.0,stressid_kycf,stressid,stressid
1,0.6929164,1.0,stressid_kycf,stressid,stressid
1,0.67911136,1.0,stressid_kycf,stressid,stressid
1,0.74249613,1.0,stressid_kycf,stressid,stressid
1,0.77753645,1.0,stressid_kycf,stressid,stressid
1,0.7627612,1.0,stressid_kycf,stressid,stressid
1,0.7743589,1.0,stressid_kycf,stressid,stressid
1,0.7730083,1.0,stressid_kycf,stressid,stressid
1,0.7525252,1.0,stressid_kycf,stressid,stressid
1,0.7845083,1.0,stressid_kycf,stressid,stressid
0,0.7462762,1.0,stressid_kycf,stressid,stressid
0,0.771554,1.0,stressid_kycf,stressid,stressid
0,0.7905773,1.0,stressid_kycf,stressid,stressid
0,0.7198001,1.0,stressid_kycf,stressid,stressid
0,0.7219714,1.0,stressid_kycf,stressid,stressid
0,0.723636,1.0,stressid_kycf,stressid,stressid
0,0.7127599,1.0,stressid_kycf,stressid,stressid
0,0.7190979,1.0,stressid_kycf,stressid,stressid
0,0.70774484,1.0,stressid_kycf,stressid,stressid
0,0.74825376,1.0,stressid_kycf,stressid,stressid
0,0.7758256,1.0,stressid_kycf,stressid,stressid
0,0.7760574,1.0,stressid_kycf,stressid,stressid
0,0.77310044,1.0,stressid_kycf,stressid,stressid
0,0.76212245,1.0,stressid_kycf,stressid,stressid
0,0.7528755,1.0,stressid_kycf,stressid,stressid
0,0.76594377,1.0,stressid_kycf,stressid,stressid
0,0.7972766,1.0,stressid_kycf,stressid,stressid
0,0.7855846,1.0,stressid_kycf,stressid,stressid
0,0.7775143,1.0,stressid_kycf,stressid,stressid
0,0.21389323,1.0,stressid_kycf,stressid,stressid
0,0.21955557,1.0,stressid_kycf,stressid,stressid
0,0.24156126,1.0,stressid_kycf,stressid,stressid
0,0.21787691,1.0,stressid_kycf,stressid,stressid
0,0.21356869,1.0,stressid_kycf,stressid,stressid
0,0.21359473,1.0,stressid_kycf,stressid,stressid
0,0.24192078,1.0,stressid_kycf,stressid,stressid
0,0.24881473,1.0,stressid_kycf,stressid,stressid
0,0.22999272,1.0,stressid_kycf,stressid,stressid
0,0.22236557,1.0,stressid_kycf,stressid,stressid
0,0.22125162,1.0,stressid_kycf,stressid,stressid
0,0.21138774,1.0,stressid_kycf,stressid,stressid
0,0.22294189,1.0,stressid_kycf,stressid,stressid
0,0.21207927,1.0,stressid_kycf,stressid,stressid
0,0.21258119,1.0,stressid_kycf,stressid,stressid
0,0.2139294,1.0,stressid_kycf,stressid,stressid
0,0.23945996,1.0,stressid_kycf,stressid,stressid
0,0.23753412,1.0,stressid_kycf,stressid,stressid
0,0.21856214,1.0,stressid_kycf,stressid,stressid
0,0.21781003,1.0,stressid_kycf,stressid,stressid
0,0.21969333,1.0,stressid_kycf,stressid,stressid
0,0.21439229,1.0,stressid_kycf,stressid,stressid
0,0.27316442,1.0,stressid_kycf,stressid,stressid
0,0.22129871,1.0,stressid_kycf,stressid,stressid
0,0.27316207,1.0,stressid_kycf,stressid,stressid
0,0.27322382,1.0,stressid_kycf,stressid,stressid
0,0.273247,1.0,stressid_kycf,stressid,stressid
0,0.27326173,1.0,stressid_kycf,stressid,stressid
0,0.27324134,1.0,stressid_kycf,stressid,stressid
0,0.27320042,1.0,stressid_kycf,stressid,stressid
0,0.273174,1.0,stressid_kycf,stressid,stressid
0,0.2731712,1.0,stressid_kycf,stressid,stressid
0,0.27315554,1.0,stressid_kycf,stressid,stressid
0,0.27317372,1.0,stressid_kycf,stressid,stressid
0,0.22139835,1.0,stressid_kycf,stressid,stressid
0,0.27325997,1.0,stressid_kycf,stressid,stressid
0,0.2733051,1.0,stressid_kycf,stressid,stressid
0,0.27326804,1.0,stressid_kycf,stressid,stressid
0,0.27312875,1.0,stressid_kycf,stressid,stressid
0,0.27313963,1.0,stressid_kycf,stressid,stressid
0,0.27316758,1.0,stressid_kycf,stressid,stressid
0,0.27318877,1.0,stressid_kycf,stressid,stressid
0,0.2732261,1.0,stressid_kycf,stressid,stressid
0,0.27317187,1.0,stressid_kycf,stressid,stressid
0,0.22370248,1.0,stressid_kycf,stressid,stressid
0,0.22347777,1.0,stressid_kycf,stressid,stressid
0,0.2219933,1.0,stressid_kycf,stressid,stressid
0,0.21921813,1.0,stressid_kycf,stressid,stressid
0,0.23797233,1.0,stressid_kycf,stressid,stressid
1,0.6974661,1.0,stressid_kycf,stressid,stressid
1,0.7512689,1.0,stressid_kycf,stressid,stressid
1,0.6812277,1.0,stressid_kycf,stressid,stressid
1,0.7068269,1.0,stressid_kycf,stressid,stressid
1,0.69935775,1.0,stressid_kycf,stressid,stressid
1,0.71824807,1.0,stressid_kycf,stressid,stressid
1,0.7057091,1.0,stressid_kycf,stressid,stressid
1,0.71155894,1.0,stressid_kycf,stressid,stressid
1,0.7379183,1.0,stressid_kycf,stressid,stressid
1,0.7182695,1.0,stressid_kycf,stressid,stressid
1,0.7438812,1.0,stressid_kycf,stressid,stressid
1,0.67879075,1.0,stressid_kycf,stressid,stressid
1,0.6668141,1.0,stressid_kycf,stressid,stressid
1,0.69200265,1.0,stressid_kycf,stressid,stressid
1,0.67900085,1.0,stressid_kycf,stressid,stressid
1,0.69266623,1.0,stressid_kycf,stressid,stressid
1,0.6780552,1.0,stressid_kycf,stressid,stressid
1,0.70277065,1.0,stressid_kycf,stressid,stressid
1,0.6853356,1.0,stressid_kycf,stressid,stressid
1,0.7394363,1.0,stressid_kycf,stressid,stressid
1,0.73452866,1.0,stressid_kycf,stressid,stressid
1,0.6685943,1.0,stressid_kycf,stressid,stressid
1,0.69847673,1.0,stressid_kycf,stressid,stressid
1,0.70867145,1.0,stressid_kycf,stressid,stressid
1,0.7147519,1.0,stressid_kycf,stressid,stressid
1,0.72529554,1.0,stressid_kycf,stressid,stressid
1,0.7146359,1.0,stressid_kycf,stressid,stressid
1,0.72334665,1.0,stressid_kycf,stressid,stressid
1,0.7317471,1.0,stressid_kycf,stressid,stressid
1,0.71805793,1.0,stressid_kycf,stressid,stressid
1,0.718635,1.0,stressid_kycf,stressid,stressid
1,0.7220055,1.0,stressid_kycf,stressid,stressid
1,0.734988,1.0,stressid_kycf,stressid,stressid
1,0.74026006,1.0,stressid_kycf,stressid,stressid
1,0.7197599,1.0,stressid_kycf,stressid,stressid
1,0.70230585,1.0,stressid_kycf,stressid,stressid
1,0.6939348,1.0,stressid_kycf,stressid,stressid
1,0.6603698,1.0,stressid_kycf,stressid,stressid
0,0.14531744,1.0,stressid_kycf,stressid,stressid
0,0.124378495,1.0,stressid_kycf,stressid,stressid
0,0.14639838,1.0,stressid_kycf,stressid,stressid
0,0.14498991,1.0,stressid_kycf,stressid,stressid
0,0.14336447,1.0,stressid_kycf,stressid,stressid
0,0.14023791,1.0,stressid_kycf,stressid,stressid
0,0.13381934,1.0,stressid_kycf,stressid,stressid
0,0.13734326,1.0,stressid_kycf,stressid,stressid
0,0.13982807,1.0,stressid_kycf,stressid,stressid
0,0.14699112,1.0,stressid_kycf,stressid,stressid
0,0.14854583,1.0,stressid_kycf,stressid,stressid
0,0.14662012,1.0,stressid_kycf,stressid,stressid
0,0.12352555,1.0,stressid_kycf,stressid,stressid
0,0.14433676,1.0,stressid_kycf,stressid,stressid
0,0.14862278,1.0,stressid_kycf,stressid,stressid
0,0.14357696,1.0,stressid_kycf,stressid,stressid
0,0.15658244,1.0,stressid_kycf,stressid,stressid
0,0.15681338,1.0,stressid_kycf,stressid,stressid
0,0.14086124,1.0,stressid_kycf,stressid,stressid
0,0.14097318,1.0,stressid_kycf,stressid,stressid
0,0.14436589,1.0,stressid_kycf,stressid,stressid
0,0.14496006,1.0,stressid_kycf,stressid,stressid
0,0.13305579,1.0,stressid_kycf,stressid,stressid
0,0.1360237,1.0,stressid_kycf,stressid,stressid
0,0.12361702,1.0,stressid_kycf,stressid,stressid
0,0.13048021,1.0,stressid_kycf,stressid,stressid
0,0.12275684,1.0,stressid_kycf,stressid,stressid
0,0.27323186,1.0,stressid_kycf,stressid,stressid
0,0.27320826,1.0,stressid_kycf,stressid,stressid
0,0.27316594,1.0,stressid_kycf,stressid,stressid
0,0.27308133,1.0,stressid_kycf,stressid,stressid
0,0.27303806,1.0,stressid_kycf,stressid,stressid
0,0.2729564,1.0,stressid_kycf,stressid,stressid
0,0.2728087,1.0,stressid_kycf,stressid,stressid
0,0.1415255,1.0,stressid_kycf,stressid,stressid
0,0.2726202,1.0,stressid_kycf,stressid,stressid
0,0.27259967,1.0,stressid_kycf,stressid,stressid
0,0.27269676,1.0,stressid_kycf,stressid,stressid
0,0.27269086,1.0,stressid_kycf,stressid,stressid
0,0.27258325,1.0,stressid_kycf,stressid,stressid
0,0.27253565,1.0,stressid_kycf,stressid,stressid
0,0.27262357,1.0,stressid_kycf,stressid,stressid
0,0.27270722,1.0,stressid_kycf,stressid,stressid
0,0.27280256,1.0,stressid_kycf,stressid,stressid
0,0.27293053,1.0,stressid_kycf,stressid,stressid
0,0.13879392,1.0,stressid_kycf,stressid,stressid
0,0.27282673,1.0,stressid_kycf,stressid,stressid
0,0.27273977,1.0,stressid_kycf,stressid,stressid
0,0.272853,1.0,stressid_kycf,stressid,stressid
0,0.27280638,1.0,stressid_kycf,stressid,stressid
0,0.27267388,1.0,stressid_kycf,stressid,stressid
0,0.27270776,1.0,stressid_kycf,stressid,stressid
0,0.2726665,1.0,stressid_kycf,stressid,stressid
0,0.13770816,1.0,stressid_kycf,stressid,stressid
0,0.14337572,1.0,stressid_kycf,stressid,stressid
0,0.14267556,1.0,stressid_kycf,stressid,stressid
0,0.14110047,1.0,stressid_kycf,stressid,stressid
1,0.1647418,1.0,stressid_kycf,stressid,stressid
1,0.14205733,1.0,stressid_kycf,stressid,stressid
1,0.13547437,1.0,stressid_kycf,stressid,stressid
1,0.13470899,1.0,stressid_kycf,stressid,stressid
1,0.13131993,1.0,stressid_kycf,stressid,stressid
1,0.12892176,1.0,stressid_kycf,stressid,stressid
1,0.13948746,1.0,stressid_kycf,stressid,stressid
1,0.16055408,1.0,stressid_kycf,stressid,stressid
1,0.15518716,1.0,stressid_kycf,stressid,stressid
1,0.14218263,1.0,stressid_kycf,stressid,stressid
1,0.14735258,1.0,stressid_kycf,stressid,stressid
1,0.15496168,1.0,stressid_kycf,stressid,stressid
1,0.1295291,1.0,stressid_kycf,stressid,stressid
1,0.16516252,1.0,stressid_kycf,stressid,stressid
1,0.16335072,1.0,stressid_kycf,stressid,stressid
1,0.2727674,1.0,stressid_kycf,stressid,stressid
1,0.27276015,1.0,stressid_kycf,stressid,stressid
1,0.27275348,1.0,stressid_kycf,stressid,stressid
1,0.272827,1.0,stressid_kycf,stressid,stressid
1,0.2728848,1.0,stressid_kycf,stressid,stressid
1,0.27288458,1.0,stressid_kycf,stressid,stressid
1,0.2728265,1.0,stressid_kycf,stressid,stressid
1,0.27275202,1.0,stressid_kycf,stressid,stressid
1,0.1268865,1.0,stressid_kycf,stressid,stressid
1,0.2727408,1.0,stressid_kycf,stressid,stressid
1,0.27267808,1.0,stressid_kycf,stressid,stressid
1,0.27258682,1.0,stressid_kycf,stressid,stressid
1,0.27257898,1.0,stressid_kycf,stressid,stressid
1,0.27256697,1.0,stressid_kycf,stressid,stressid
1,0.27256638,1.0,stressid_kycf,stressid,stressid
1,0.27262515,1.0,stressid_kycf,stressid,stressid
1,0.2726661,1.0,stressid_kycf,stressid,stressid
1,0.13669987,1.0,stressid_kycf,stressid,stressid
1,0.13560483,1.0,stressid_kycf,stressid,stressid
1,0.13285401,1.0,stressid_kycf,stressid,stressid
1,0.14654447,1.0,stressid_kycf,stressid,stressid
1,0.15615429,1.0,stressid_kycf,stressid,stressid
1,0.14615408,1.0,stressid_kycf,stressid,stressid
0,0.48130563,1.0,stressid_chdf,stressid,stressid
0,0.49446818,1.0,stressid_chdf,stressid,stressid
0,0.43180975,1.0,stressid_chdf,stressid,stressid
0,0.43382484,1.0,stressid_chdf,stressid,stressid
0,0.44766176,1.0,stressid_chdf,stressid,stressid
0,0.4507843,1.0,stressid_chdf,stressid,stressid
0,0.43947953,1.0,stressid_chdf,stressid,stressid
0,0.43738887,1.0,stressid_chdf,stressid,stressid
0,0.4509924,1.0,stressid_chdf,stressid,stressid
0,0.47364366,1.0,stressid_chdf,stressid,stressid
0,0.48843154,1.0,stressid_chdf,stressid,stressid
0,0.48212558,1.0,stressid_chdf,stressid,stressid
0,0.49008518,1.0,stressid_chdf,stressid,stressid
0,0.47414133,1.0,stressid_chdf,stressid,stressid
0,0.47981492,1.0,stressid_chdf,stressid,stressid
0,0.48932815,1.0,stressid_chdf,stressid,stressid
0,0.4923138,1.0,stressid_chdf,stressid,stressid
0,0.47594184,1.0,stressid_chdf,stressid,stressid
0,0.4671467,1.0,stressid_chdf,stressid,stressid
0,0.4706424,1.0,stressid_chdf,stressid,stressid
0,0.47301903,1.0,stressid_chdf,stressid,stressid
0,0.47026402,1.0,stressid_chdf,stressid,stressid
0,0.47294143,1.0,stressid_chdf,stressid,stressid
0,0.48516214,1.0,stressid_chdf,stressid,stressid
0,0.4808199,1.0,stressid_chdf,stressid,stressid
0,0.48932114,1.0,stressid_chdf,stressid,stressid
0,0.48899168,1.0,stressid_chdf,stressid,stressid
0,0.4773206,1.0,stressid_chdf,stressid,stressid
0,0.4626273,1.0,stressid_chdf,stressid,stressid
0,0.24586734,1.0,stressid_chdf,stressid,stressid
0,0.24569918,1.0,stressid_chdf,stressid,stressid
0,0.2420519,1.0,stressid_chdf,stressid,stressid
0,0.24147362,1.0,stressid_chdf,stressid,stressid
0,0.24423784,1.0,stressid_chdf,stressid,stressid
0,0.48001015,1.0,stressid_chdf,stressid,stressid
0,0.24456218,1.0,stressid_chdf,stressid,stressid
0,0.24496761,1.0,stressid_chdf,stressid,stressid
0,0.244893,1.0,stressid_chdf,stressid,stressid
0,0.2453198,1.0,stressid_chdf,stressid,stressid
0,0.24308531,1.0,stressid_chdf,stressid,stressid
0,0.24120262,1.0,stressid_chdf,stressid,stressid
0,0.2441346,1.0,stressid_chdf,stressid,stressid
0,0.24469107,1.0,stressid_chdf,stressid,stressid
0,0.24449334,1.0,stressid_chdf,stressid,stressid
0,0.24491785,1.0,stressid_chdf,stressid,stressid
0,0.478612,1.0,stressid_chdf,stressid,stressid
0,0.24422495,1.0,stressid_chdf,stressid,stressid
0,0.24394833,1.0,stressid_chdf,stressid,stressid
0,0.2450267,1.0,stressid_chdf,stressid,stressid
0,0.24542356,1.0,stressid_chdf,stressid,stressid
0,0.24544565,1.0,stressid_chdf,stressid,stressid
0,0.24547088,1.0,stressid_chdf,stressid,stressid
0,0.24554211,1.0,stressid_chdf,stressid,stressid
0,0.2455522,1.0,stressid_chdf,stressid,stressid
0,0.24553259,1.0,stressid_chdf,stressid,stressid
0,0.47565418,1.0,stressid_chdf,stressid,stressid
0,0.4567577,1.0,stressid_chdf,stressid,stressid
0,0.43456787,1.0,stressid_chdf,stressid,stressid
0,0.4326394,1.0,stressid_chdf,stressid,stressid
0,0.8318024,1.0,stressid_chdf,stressid,stressid
0,0.8051581,1.0,stressid_chdf,stressid,stressid
0,0.85651064,1.0,stressid_chdf,stressid,stressid
0,0.83331656,1.0,stressid_chdf,stressid,stressid
0,0.8073591,1.0,stressid_chdf,stressid,stressid
0,0.7842312,1.0,stressid_chdf,stressid,stressid
0,0.78756994,1.0,stressid_chdf,stressid,stressid
0,0.77540964,1.0,stressid_chdf,stressid,stressid
0,0.78673244,1.0,stressid_chdf,stressid,stressid
0,0.80364,1.0,stressid_chdf,stressid,stressid
0,0.8229287,1.0,stressid_chdf,stressid,stressid
0,0.7644575,1.0,stressid_chdf,stressid,stressid
0,0.7931052,1.0,stressid_chdf,stressid,stressid
0,0.8270379,1.0,stressid_chdf,stressid,stressid
0,0.8284608,1.0,stressid_chdf,stressid,stressid
0,0.82845443,1.0,stressid_chdf,stressid,stressid
0,0.802606,1.0,stressid_chdf,stressid,stressid
0,0.8110331,1.0,stressid_chdf,stressid,stressid
0,0.8584886,1.0,stressid_chdf,stressid,stressid
1,0.90369934,1.0,stressid_chdf,stressid,stressid
1,0.8524474,1.0,stressid_chdf,stressid,stressid
1,0.7654525,1.0,stressid_chdf,stressid,stressid
1,0.7822639,1.0,stressid_chdf,stressid,stressid
1,0.81282455,1.0,stressid_chdf,stressid,stressid
1,0.8398278,1.0,stressid_chdf,stressid,stressid
1,0.8303815,1.0,stressid_chdf,stressid,stressid
1,0.82305324,1.0,stressid_chdf,stressid,stressid
1,0.83347917,1.0,stressid_chdf,stressid,stressid
1,0.8089356,1.0,stressid_chdf,stressid,stressid
1,0.77646077,1.0,stressid_chdf,stressid,stressid
1,0.84365803,1.0,stressid_chdf,stressid,stressid
1,0.87659085,1.0,stressid_chdf,stressid,stressid
1,0.8550682,1.0,stressid_chdf,stressid,stressid
1,0.8088192,1.0,stressid_chdf,stressid,stressid
1,0.7762808,1.0,stressid_chdf,stressid,stressid
1,0.79071885,1.0,stressid_chdf,stressid,stressid
1,0.8248155,1.0,stressid_chdf,stressid,stressid
1,0.8064282,1.0,stressid_chdf,stressid,stressid
1,0.8221906,1.0,stressid_chdf,stressid,stressid
1,0.8187716,1.0,stressid_chdf,stressid,stressid
1,0.84658915,1.0,stressid_chdf,stressid,stressid
1,0.83181804,1.0,stressid_chdf,stressid,stressid
1,0.8214249,1.0,stressid_chdf,stressid,stressid
1,0.82314485,1.0,stressid_chdf,stressid,stressid
1,0.83713514,1.0,stressid_chdf,stressid,stressid
1,0.8259388,1.0,stressid_chdf,stressid,stressid
1,0.8270297,1.0,stressid_chdf,stressid,stressid
1,0.832348,1.0,stressid_chdf,stressid,stressid
1,0.8377771,1.0,stressid_chdf,stressid,stressid
1,0.79952186,1.0,stressid_chdf,stressid,stressid
1,0.82802624,1.0,stressid_chdf,stressid,stressid
1,0.85708046,1.0,stressid_chdf,stressid,stressid
1,0.88124526,1.0,stressid_chdf,stressid,stressid
1,0.90590656,1.0,stressid_chdf,stressid,stressid
1,0.89596057,1.0,stressid_chdf,stressid,stressid
1,0.86685044,1.0,stressid_chdf,stressid,stressid
1,0.83351713,1.0,stressid_chdf,stressid,stressid
1,0.89060193,1.0,stressid_chdf,stressid,stressid
1,0.9042966,1.0,stressid_chdf,stressid,stressid
1,0.9228802,1.0,stressid_chdf,stressid,stressid
1,0.84924424,1.0,stressid_chdf,stressid,stressid
1,0.85004926,1.0,stressid_chdf,stressid,stressid
1,0.8488835,1.0,stressid_chdf,stressid,stressid
1,0.850316,1.0,stressid_chdf,stressid,stressid
1,0.8531945,1.0,stressid_chdf,stressid,stressid
1,0.8523503,1.0,stressid_chdf,stressid,stressid
1,0.8398906,1.0,stressid_chdf,stressid,stressid
1,0.83774227,1.0,stressid_chdf,stressid,stressid
1,0.930091,1.0,stressid_chdf,stressid,stressid
1,0.9001229,1.0,stressid_chdf,stressid,stressid
1,0.8481878,1.0,stressid_chdf,stressid,stressid
1,0.83115214,1.0,stressid_chdf,stressid,stressid
1,0.87627167,1.0,stressid_chdf,stressid,stressid
1,0.88391584,1.0,stressid_chdf,stressid,stressid
1,0.87826616,1.0,stressid_chdf,stressid,stressid
1,0.8934137,1.0,stressid_chdf,stressid,stressid
0,0.8326861,1.0,stressid_chdf,stressid,stressid
0,0.84757453,1.0,stressid_chdf,stressid,stressid
0,0.8709799,1.0,stressid_chdf,stressid,stressid
0,0.81862056,1.0,stressid_chdf,stressid,stressid
0,0.83299744,1.0,stressid_chdf,stressid,stressid
0,0.83650047,1.0,stressid_chdf,stressid,stressid
0,0.82834554,1.0,stressid_chdf,stressid,stressid
0,0.83345443,1.0,stressid_chdf,stressid,stressid
0,0.8236499,1.0,stressid_chdf,stressid,stressid
0,0.8318125,1.0,stressid_chdf,stressid,stressid
0,0.8425654,1.0,stressid_chdf,stressid,stressid
0,0.81574327,1.0,stressid_chdf,stressid,stressid
0,0.81311834,1.0,stressid_chdf,stressid,stressid
0,0.8098737,1.0,stressid_chdf,stressid,stressid
0,0.7999122,1.0,stressid_chdf,stressid,stressid
0,0.8149719,1.0,stressid_chdf,stressid,stressid
0,0.8439739,1.0,stressid_chdf,stressid,stressid
0,0.85773313,1.0,stressid_chdf,stressid,stressid
0,0.82612365,1.0,stressid_chdf,stressid,stressid
0,0.72608745,1.0,stressid_chdf,stressid,stressid
0,0.74447227,1.0,stressid_chdf,stressid,stressid
0,0.67869526,1.0,stressid_chdf,stressid,stressid
0,0.6810665,1.0,stressid_chdf,stressid,stressid
0,0.70208436,1.0,stressid_chdf,stressid,stressid
0,0.7221894,1.0,stressid_chdf,stressid,stressid
0,0.7332734,1.0,stressid_chdf,stressid,stressid
0,0.7122815,1.0,stressid_chdf,stressid,stressid
0,0.68550324,1.0,stressid_chdf,stressid,stressid
0,0.6700438,1.0,stressid_chdf,stressid,stressid
0,0.68522066,1.0,stressid_chdf,stressid,stressid
0,0.700102,1.0,stressid_chdf,stressid,stressid
0,0.7448289,1.0,stressid_chdf,stressid,stressid
0,0.70611835,1.0,stressid_chdf,stressid,stressid
0,0.7184948,1.0,stressid_chdf,stressid,stressid
0,0.70710844,1.0,stressid_chdf,stressid,stressid
0,0.6935478,1.0,stressid_chdf,stressid,stressid
0,0.7049015,1.0,stressid_chdf,stressid,stressid
0,0.7025834,1.0,stressid_chdf,stressid,stressid
0,0.6954111,1.0,stressid_chdf,stressid,stressid
0,0.7070358,1.0,stressid_chdf,stressid,stressid
0,0.7186654,1.0,stressid_chdf,stressid,stressid
0,0.2459951,1.0,stressid_chdf,stressid,stressid
0,0.70981264,1.0,stressid_chdf,stressid,stressid
0,0.24628547,1.0,stressid_chdf,stressid,stressid
0,0.24626742,1.0,stressid_chdf,stressid,stressid
0,0.24625643,1.0,stressid_chdf,stressid,stressid
0,0.24629176,1.0,stressid_chdf,stressid,stressid
0,0.24617986,1.0,stressid_chdf,stressid,stressid
0,0.24599445,1.0,stressid_chdf,stressid,stressid
0,0.24628404,1.0,stressid_chdf,stressid,stressid
0,0.24655864,1.0,stressid_chdf,stressid,stressid
0,0.24652787,1.0,stressid_chdf,stressid,stressid
0,0.24654056,1.0,stressid_chdf,stressid,stressid
0,0.7071073,1.0,stressid_chdf,stressid,stressid
0,0.24644265,1.0,stressid_chdf,stressid,stressid
0,0.24630828,1.0,stressid_chdf,stressid,stressid
0,0.2461481,1.0,stressid_chdf,stressid,stressid
0,0.24856003,1.0,stressid_chdf,stressid,stressid
0,0.250785,1.0,stressid_chdf,stressid,stressid
0,0.25245392,1.0,stressid_chdf,stressid,stressid
0,0.25513548,1.0,stressid_chdf,stressid,stressid
0,0.2580279,1.0,stressid_chdf,stressid,stressid
0,0.25691518,1.0,stressid_chdf,stressid,stressid
0,0.7062146,1.0,stressid_chdf,stressid,stressid
0,0.7038874,1.0,stressid_chdf,stressid,stressid
0,0.6987676,1.0,stressid_chdf,stressid,stressid
0,0.6749676,1.0,stressid_chdf,stressid,stressid
0,0.68095547,1.0,stressid_chdf,stressid,stressid
1,0.7956121,1.0,stressid_chdf,stressid,stressid
1,0.8490721,1.0,stressid_chdf,stressid,stressid
1,0.81238705,1.0,stressid_chdf,stressid,stressid
1,0.8063838,1.0,stressid_chdf,stressid,stressid
1,0.7954223,1.0,stressid_chdf,stressid,stressid
1,0.82312804,1.0,stressid_chdf,stressid,stressid
1,0.83145595,1.0,stressid_chdf,stressid,stressid
1,0.80050987,1.0,stressid_chdf,stressid,stressid
1,0.8066451,1.0,stressid_chdf,stressid,stressid
1,0.8388567,1.0,stressid_chdf,stressid,stressid
1,0.85284215,1.0,stressid_chdf,stressid,stressid
1,0.88104755,1.0,stressid_chdf,stressid,stressid
1,0.8633403,1.0,stressid_chdf,stressid,stressid
1,0.8255924,1.0,stressid_chdf,stressid,stressid
1,0.8138507,1.0,stressid_chdf,stressid,stressid
1,0.87173957,1.0,stressid_chdf,stressid,stressid
1,0.8870446,1.0,stressid_chdf,stressid,stressid
1,0.82239836,1.0,stressid_chdf,stressid,stressid
1,0.76539314,1.0,stressid_chdf,stressid,stressid
1,0.8387634,1.0,stressid_chdf,stressid,stressid
1,0.8267211,1.0,stressid_chdf,stressid,stressid
1,0.7718077,1.0,stressid_chdf,stressid,stressid
1,0.8473662,1.0,stressid_chdf,stressid,stressid
1,0.83832145,1.0,stressid_chdf,stressid,stressid
1,0.8383488,1.0,stressid_chdf,stressid,stressid
1,0.84301245,1.0,stressid_chdf,stressid,stressid
1,0.84384614,1.0,stressid_chdf,stressid,stressid
1,0.84603757,1.0,stressid_chdf,stressid,stressid
1,0.83969814,1.0,stressid_chdf,stressid,stressid
1,0.8341311,1.0,stressid_chdf,stressid,stressid
1,0.81514233,1.0,stressid_chdf,stressid,stressid
1,0.81655455,1.0,stressid_chdf,stressid,stressid
1,0.80952,1.0,stressid_chdf,stressid,stressid
1,0.8268802,1.0,stressid_chdf,stressid,stressid
1,0.82051593,1.0,stressid_chdf,stressid,stressid
1,0.8143541,1.0,stressid_chdf,stressid,stressid
1,0.78009695,1.0,stressid_chdf,stressid,stressid
1,0.7629233,1.0,stressid_chdf,stressid,stressid
0,0.53293824,1.0,stressid_chdf,stressid,stressid
0,0.5165849,1.0,stressid_chdf,stressid,stressid
0,0.54549307,1.0,stressid_chdf,stressid,stressid
0,0.5346129,1.0,stressid_chdf,stressid,stressid
0,0.5179238,1.0,stressid_chdf,stressid,stressid
0,0.5129441,1.0,stressid_chdf,stressid,stressid
0,0.51835674,1.0,stressid_chdf,stressid,stressid
0,0.51726615,1.0,stressid_chdf,stressid,stressid
0,0.51320493,1.0,stressid_chdf,stressid,stressid
0,0.5205948,1.0,stressid_chdf,stressid,stressid
0,0.55173635,1.0,stressid_chdf,stressid,stressid
0,0.5492547,1.0,stressid_chdf,stressid,stressid
0,0.5063436,1.0,stressid_chdf,stressid,stressid
0,0.49700016,1.0,stressid_chdf,stressid,stressid
0,0.43004212,1.0,stressid_chdf,stressid,stressid
0,0.3837258,1.0,stressid_chdf,stressid,stressid
0,0.38499856,1.0,stressid_chdf,stressid,stressid
0,0.36989656,1.0,stressid_chdf,stressid,stressid
0,0.38605648,1.0,stressid_chdf,stressid,stressid
0,0.41516644,1.0,stressid_chdf,stressid,stressid
0,0.38314894,1.0,stressid_chdf,stressid,stressid
0,0.3753568,1.0,stressid_chdf,stressid,stressid
0,0.4116617,1.0,stressid_chdf,stressid,stressid
0,0.49217698,1.0,stressid_chdf,stressid,stressid
0,0.41028464,1.0,stressid_chdf,stressid,stressid
0,0.36955816,1.0,stressid_chdf,stressid,stressid
0,0.37729436,1.0,stressid_chdf,stressid,stressid
0,0.2459206,1.0,stressid_chdf,stressid,stressid
0,0.24593022,1.0,stressid_chdf,stressid,stressid
0,0.24593219,1.0,stressid_chdf,stressid,stressid
0,0.24592398,1.0,stressid_chdf,stressid,stressid
0,0.24589917,1.0,stressid_chdf,stressid,stressid
0,0.24592896,1.0,stressid_chdf,stressid,stressid
0,0.24590515,1.0,stressid_chdf,stressid,stressid
0,0.47484002,1.0,stressid_chdf,stressid,stressid
0,0.24588001,1.0,stressid_chdf,stressid,stressid
0,0.24587384,1.0,stressid_chdf,stressid,stressid
0,0.24589688,1.0,stressid_chdf,stressid,stressid
0,0.2459581,1.0,stressid_chdf,stressid,stressid
0,0.24601987,1.0,stressid_chdf,stressid,stressid
0,0.2459967,1.0,stressid_chdf,stressid,stressid
0,0.24593088,1.0,stressid_chdf,stressid,stressid
0,0.24595092,1.0,stressid_chdf,stressid,stressid
0,0.24593836,1.0,stressid_chdf,stressid,stressid
0,0.24589206,1.0,stressid_chdf,stressid,stressid
0,0.4755496,1.0,stressid_chdf,stressid,stressid
0,0.24598056,1.0,stressid_chdf,stressid,stressid
0,0.2461021,1.0,stressid_chdf,stressid,stressid
0,0.24608546,1.0,stressid_chdf,stressid,stressid
0,0.24607132,1.0,stressid_chdf,stressid,stressid
0,0.24610484,1.0,stressid_chdf,stressid,stressid
0,0.2460902,1.0,stressid_chdf,stressid,stressid
0,0.24602973,1.0,stressid_chdf,stressid,stressid
0,0.47530094,1.0,stressid_chdf,stressid,stressid
0,0.48751462,1.0,stressid_chdf,stressid,stressid
0,0.5156082,1.0,stressid_chdf,stressid,stressid
0,0.53902495,1.0,stressid_chdf,stressid,stressid
0,0.59875345,1.0,stressid_chdf,stressid,stressid
0,0.57008654,1.0,stressid_chdf,stressid,stressid
0,0.56463146,1.0,stressid_chdf,stressid,stressid
0,0.5764219,1.0,stressid_chdf,stressid,stressid
0,0.56608164,1.0,stressid_chdf,stressid,stressid
0,0.5835858,1.0,stressid_chdf,stressid,stressid
0,0.5526524,1.0,stressid_chdf,stressid,stressid
0,0.52256006,1.0,stressid_chdf,stressid,stressid
0,0.55564815,1.0,stressid_chdf,stressid,stressid
0,0.58378214,1.0,stressid_chdf,stressid,stressid
0,0.5846656,1.0,stressid_chdf,stressid,stressid
0,0.58029133,1.0,stressid_chdf,stressid,stressid
0,0.51555824,1.0,stressid_chdf,stressid,stressid
0,0.57593364,1.0,stressid_chdf,stressid,stressid
0,0.5773674,1.0,stressid_chdf,stressid,stressid
0,0.24796174,1.0,stressid_chdf,stressid,stressid
0,0.24952857,1.0,stressid_chdf,stressid,stressid
0,0.24986781,1.0,stressid_chdf,stressid,stressid
0,0.24970353,1.0,stressid_chdf,stressid,stressid
0,0.24959537,1.0,stressid_chdf,stressid,stressid
0,0.24955995,1.0,stressid_chdf,stressid,stressid
0,0.24943429,1.0,stressid_chdf,stressid,stressid
0,0.24944568,1.0,stressid_chdf,stressid,stressid
0,0.48318532,1.0,stressid_chdf,stressid,stressid
0,0.24942863,1.0,stressid_chdf,stressid,stressid
0,0.24691717,1.0,stressid_chdf,stressid,stressid
0,0.24838196,1.0,stressid_chdf,stressid,stressid
0,0.24852937,1.0,stressid_chdf,stressid,stressid
0,0.24876016,1.0,stressid_chdf,stressid,stressid
0,0.249114,1.0,stressid_chdf,stressid,stressid
0,0.24920884,1.0,stressid_chdf,stressid,stressid
0,0.24922939,1.0,stressid_chdf,stressid,stressid
0,0.52908236,1.0,stressid_chdf,stressid,stressid
0,0.5779762,1.0,stressid_chdf,stressid,stressid
0,0.55614966,1.0,stressid_chdf,stressid,stressid
0,0.50465786,1.0,stressid_chdf,stressid,stressid
0,0.50509596,1.0,stressid_chdf,stressid,stressid
0,0.5265235,1.0,stressid_chdf,stressid,stressid
0,0.5333372,1.0,stressid_bfl5,stressid,stressid
0,0.52616835,1.0,stressid_bfl5,stressid,stressid
0,0.5481062,1.0,stressid_bfl5,stressid,stressid
0,0.5428275,1.0,stressid_bfl5,stressid,stressid
0,0.45151755,1.0,stressid_bfl5,stressid,stressid
0,0.37178645,1.0,stressid_bfl5,stressid,stressid
0,0.4472533,1.0,stressid_bfl5,stressid,stressid
0,0.45683485,1.0,stressid_bfl5,stressid,stressid
0,0.47403973,1.0,stressid_bfl5,stressid,stressid
0,0.5439112,1.0,stressid_bfl5,stressid,stressid
0,0.48817927,1.0,stressid_bfl5,stressid,stressid
0,0.49258265,1.0,stressid_bfl5,stressid,stressid
0,0.53915805,1.0,stressid_bfl5,stressid,stressid
0,0.6155142,1.0,stressid_bfl5,stressid,stressid
0,0.5201084,1.0,stressid_bfl5,stressid,stressid
0,0.4408357,1.0,stressid_bfl5,stressid,stressid
0,0.5140069,1.0,stressid_bfl5,stressid,stressid
0,0.5618799,1.0,stressid_bfl5,stressid,stressid
0,0.5797977,1.0,stressid_bfl5,stressid,stressid
0,0.6126966,1.0,stressid_bfl5,stressid,stressid
0,0.62760514,1.0,stressid_bfl5,stressid,stressid
0,0.62128305,1.0,stressid_bfl5,stressid,stressid
0,0.56171125,1.0,stressid_bfl5,stressid,stressid
0,0.558376,1.0,stressid_bfl5,stressid,stressid
0,0.52775717,1.0,stressid_bfl5,stressid,stressid
0,0.4422367,1.0,stressid_bfl5,stressid,stressid
0,0.40067297,1.0,stressid_bfl5,stressid,stressid
0,0.3917876,1.0,stressid_bfl5,stressid,stressid
0,0.36883643,1.0,stressid_bfl5,stressid,stressid
0,0.24487916,1.0,stressid_bfl5,stressid,stressid
0,0.24494271,1.0,stressid_bfl5,stressid,stressid
0,0.24497129,1.0,stressid_bfl5,stressid,stressid
0,0.24475096,1.0,stressid_bfl5,stressid,stressid
0,0.24574175,1.0,stressid_bfl5,stressid,stressid
0,0.5621902,1.0,stressid_bfl5,stressid,stressid
0,0.2559893,1.0,stressid_bfl5,stressid,stressid
0,0.25210738,1.0,stressid_bfl5,stressid,stressid
0,0.24492721,1.0,stressid_bfl5,stressid,stressid
0,0.24505152,1.0,stressid_bfl5,stressid,stressid
0,0.23877564,1.0,stressid_bfl5,stressid,stressid
0,0.23338325,1.0,stressid_bfl5,stressid,stressid
0,0.2592878,1.0,stressid_bfl5,stressid,stressid
0,0.2822063,1.0,stressid_bfl5,stressid,stressid
0,0.26142138,1.0,stressid_bfl5,stressid,stressid
0,0.25834057,1.0,stressid_bfl5,stressid,stressid
0,0.5483778,1.0,stressid_bfl5,stressid,stressid
0,0.2654551,1.0,stressid_bfl5,stressid,stressid
0,0.24942125,1.0,stressid_bfl5,stressid,stressid
0,0.2509416,1.0,stressid_bfl5,stressid,stressid
0,0.25681555,1.0,stressid_bfl5,stressid,stressid
0,0.24846148,1.0,stressid_bfl5,stressid,stressid
0,0.24469663,1.0,stressid_bfl5,stressid,stressid
0,0.24493831,1.0,stressid_bfl5,stressid,stressid
0,0.24508925,1.0,stressid_bfl5,stressid,stressid
0,0.24527422,1.0,stressid_bfl5,stressid,stressid
0,0.5306782,1.0,stressid_bfl5,stressid,stressid
0,0.5204893,1.0,stressid_bfl5,stressid,stressid
0,0.5382875,1.0,stressid_bfl5,stressid,stressid
0,0.5439524,1.0,stressid_bfl5,stressid,stressid
0,0.8026649,1.0,stressid_bfl5,stressid,stressid
0,0.75035566,1.0,stressid_bfl5,stressid,stressid
0,0.7966105,1.0,stressid_bfl5,stressid,stressid
0,0.7590798,1.0,stressid_bfl5,stressid,stressid
0,0.7497102,1.0,stressid_bfl5,stressid,stressid
0,0.74738246,1.0,stressid_bfl5,stressid,stressid
0,0.737586,1.0,stressid_bfl5,stressid,stressid
0,0.7241562,1.0,stressid_bfl5,stressid,stressid
0,0.76997584,1.0,stressid_bfl5,stressid,stressid
0,0.78763294,1.0,stressid_bfl5,stressid,stressid
0,0.779581,1.0,stressid_bfl5,stressid,stressid
0,0.76425934,1.0,stressid_bfl5,stressid,stressid
0,0.79760027,1.0,stressid_bfl5,stressid,stressid
0,0.751758,1.0,stressid_bfl5,stressid,stressid
0,0.6568132,1.0,stressid_bfl5,stressid,stressid
0,0.7139913,1.0,stressid_bfl5,stressid,stressid
0,0.7641858,1.0,stressid_bfl5,stressid,stressid
0,0.74942243,1.0,stressid_bfl5,stressid,stressid
0,0.7455951,1.0,stressid_bfl5,stressid,stressid
0,0.799639,1.0,stressid_bfl5,stressid,stressid
0,0.77836156,1.0,stressid_bfl5,stressid,stressid
0,0.6620592,1.0,stressid_bfl5,stressid,stressid
0,0.77522826,1.0,stressid_bfl5,stressid,stressid
0,0.74701834,1.0,stressid_bfl5,stressid,stressid
0,0.70521766,1.0,stressid_bfl5,stressid,stressid
0,0.7385057,1.0,stressid_bfl5,stressid,stressid
0,0.7690594,1.0,stressid_bfl5,stressid,stressid
0,0.73672646,1.0,stressid_bfl5,stressid,stressid
0,0.7629101,1.0,stressid_bfl5,stressid,stressid
0,0.82488626,1.0,stressid_bfl5,stressid,stressid
0,0.75350857,1.0,stressid_bfl5,stressid,stressid
0,0.76650727,1.0,stressid_bfl5,stressid,stressid
0,0.769268,1.0,stressid_bfl5,stressid,stressid
0,0.7589153,1.0,stressid_bfl5,stressid,stressid
0,0.7765049,1.0,stressid_bfl5,stressid,stressid
0,0.80418694,1.0,stressid_bfl5,stressid,stressid
0,0.7972447,1.0,stressid_bfl5,stressid,stressid
0,0.72586924,1.0,stressid_bfl5,stressid,stressid
1,0.7697094,1.0,stressid_bfl5,stressid,stressid
1,0.77277285,1.0,stressid_bfl5,stressid,stressid
1,0.82678616,1.0,stressid_bfl5,stressid,stressid
1,0.82568365,1.0,stressid_bfl5,stressid,stressid
1,0.8396178,1.0,stressid_bfl5,stressid,stressid
1,0.84865,1.0,stressid_bfl5,stressid,stressid
1,0.8324502,1.0,stressid_bfl5,stressid,stressid
1,0.81982875,1.0,stressid_bfl5,stressid,stressid
1,0.82399046,1.0,stressid_bfl5,stressid,stressid
1,0.8314098,1.0,stressid_bfl5,stressid,stressid
1,0.8613002,1.0,stressid_bfl5,stressid,stressid
1,0.7733628,1.0,stressid_bfl5,stressid,stressid
1,0.7895308,1.0,stressid_bfl5,stressid,stressid
1,0.77386963,1.0,stressid_bfl5,stressid,stressid
1,0.7861707,1.0,stressid_bfl5,stressid,stressid
1,0.79022014,1.0,stressid_bfl5,stressid,stressid
1,0.7840766,1.0,stressid_bfl5,stressid,stressid
1,0.76315874,1.0,stressid_bfl5,stressid,stressid
1,0.7759668,1.0,stressid_bfl5,stressid,stressid
0,0.72794825,1.0,stressid_bfl5,stressid,stressid
0,0.734928,1.0,stressid_bfl5,stressid,stressid
0,0.7336988,1.0,stressid_bfl5,stressid,stressid
0,0.77074325,1.0,stressid_bfl5,stressid,stressid
0,0.78386354,1.0,stressid_bfl5,stressid,stressid
0,0.77087474,1.0,stressid_bfl5,stressid,stressid
0,0.8026336,1.0,stressid_bfl5,stressid,stressid
0,0.788367,1.0,stressid_bfl5,stressid,stressid
0,0.8145603,1.0,stressid_bfl5,stressid,stressid
0,0.8765004,1.0,stressid_bfl5,stressid,stressid
0,0.8688288,1.0,stressid_bfl5,stressid,stressid
0,0.7557474,1.0,stressid_bfl5,stressid,stressid
0,0.762645,1.0,stressid_bfl5,stressid,stressid
0,0.7467125,1.0,stressid_bfl5,stressid,stressid
0,0.76253694,1.0,stressid_bfl5,stressid,stressid
0,0.68957245,1.0,stressid_bfl5,stressid,stressid
0,0.662892,1.0,stressid_bfl5,stressid,stressid
0,0.73584944,1.0,stressid_bfl5,stressid,stressid
0,0.76787436,1.0,stressid_bfl5,stressid,stressid
1,0.79739076,1.0,stressid_bfl5,stressid,stressid
1,0.73385316,1.0,stressid_bfl5,stressid,stressid
1,0.76173484,1.0,stressid_bfl5,stressid,stressid
1,0.68592393,1.0,stressid_bfl5,stressid,stressid
1,0.698396,1.0,stressid_bfl5,stressid,stressid
1,0.73197734,1.0,stressid_bfl5,stressid,stressid
1,0.73622406,1.0,stressid_bfl5,stressid,stressid
1,0.73938835,1.0,stressid_bfl5,stressid,stressid
1,0.75546354,1.0,stressid_bfl5,stressid,stressid
1,0.79587466,1.0,stressid_bfl5,stressid,stressid
1,0.802476,1.0,stressid_bfl5,stressid,stressid
1,0.74402815,1.0,stressid_bfl5,stressid,stressid
1,0.8038758,1.0,stressid_bfl5,stressid,stressid
1,0.8353905,1.0,stressid_bfl5,stressid,stressid
1,0.72248363,1.0,stressid_bfl5,stressid,stressid
1,0.744421,1.0,stressid_bfl5,stressid,stressid
1,0.7770395,1.0,stressid_bfl5,stressid,stressid
1,0.72188,1.0,stressid_bfl5,stressid,stressid
1,0.82488716,1.0,stressid_bfl5,stressid,stressid
0,0.28166738,1.0,stressid_bfl5,stressid,stressid
0,0.2958456,1.0,stressid_bfl5,stressid,stressid
0,0.30402917,1.0,stressid_bfl5,stressid,stressid
0,0.37571025,1.0,stressid_bfl5,stressid,stressid
0,0.2695214,1.0,stressid_bfl5,stressid,stressid
0,0.21653418,1.0,stressid_bfl5,stressid,stressid
0,0.21228452,1.0,stressid_bfl5,stressid,stressid
0,0.20587163,1.0,stressid_bfl5,stressid,stressid
0,0.20137784,1.0,stressid_bfl5,stressid,stressid
0,0.22507863,1.0,stressid_bfl5,stressid,stressid
0,0.17995185,1.0,stressid_bfl5,stressid,stressid
0,0.10154619,1.0,stressid_bfl5,stressid,stressid
0,0.36573482,1.0,stressid_bfl5,stressid,stressid
0,0.08807615,1.0,stressid_bfl5,stressid,stressid
0,0.092544794,1.0,stressid_bfl5,stressid,stressid
0,0.11302752,1.0,stressid_bfl5,stressid,stressid
0,0.15849765,1.0,stressid_bfl5,stressid,stressid
0,0.17327693,1.0,stressid_bfl5,stressid,stressid
0,0.17258565,1.0,stressid_bfl5,stressid,stressid
0,0.17729943,1.0,stressid_bfl5,stressid,stressid
0,0.18186012,1.0,stressid_bfl5,stressid,stressid
0,0.20077495,1.0,stressid_bfl5,stressid,stressid
0,0.2467119,1.0,stressid_bfl5,stressid,stressid
0,0.4337821,1.0,stressid_bfl5,stressid,stressid
0,0.2460285,1.0,stressid_bfl5,stressid,stressid
0,0.24588305,1.0,stressid_bfl5,stressid,stressid
0,0.24588096,1.0,stressid_bfl5,stressid,stressid
0,0.2461102,1.0,stressid_bfl5,stressid,stressid
0,0.24592043,1.0,stressid_bfl5,stressid,stressid
0,0.2459897,1.0,stressid_bfl5,stressid,stressid
0,0.24582128,1.0,stressid_bfl5,stressid,stressid
0,0.24739586,1.0,stressid_bfl5,stressid,stressid
0,0.2471134,1.0,stressid_bfl5,stressid,stressid
0,0.24535087,1.0,stressid_bfl5,stressid,stressid
0,0.2915731,1.0,stressid_bfl5,stressid,stressid
0,0.24573462,1.0,stressid_bfl5,stressid,stressid
0,0.24570803,1.0,stressid_bfl5,stressid,stressid
0,0.24555463,1.0,stressid_bfl5,stressid,stressid
0,0.24538381,1.0,stressid_bfl5,stressid,stressid
0,0.24591619,1.0,stressid_bfl5,stressid,stressid
0,0.2559125,1.0,stressid_bfl5,stressid,stressid
0,0.25271598,1.0,stressid_bfl5,stressid,stressid
0,0.2444375,1.0,stressid_bfl5,stressid,stressid
0,0.24540928,1.0,stressid_bfl5,stressid,stressid
0,0.24852136,1.0,stressid_bfl5,stressid,stressid
0,0.27435458,1.0,stressid_bfl5,stressid,stressid
0,0.32748866,1.0,stressid_bfl5,stressid,stressid
0,0.29295194,1.0,stressid_bfl5,stressid,stressid
0,0.23091272,1.0,stressid_bfl5,stressid,stressid
0,0.7459818,1.0,stressid_bfl5,stressid,stressid
0,0.70382965,1.0,stressid_bfl5,stressid,stressid
0,0.59278655,1.0,stressid_bfl5,stressid,stressid
0,0.7241437,1.0,stressid_bfl5,stressid,stressid
0,0.7041037,1.0,stressid_bfl5,stressid,stressid
0,0.6896668,1.0,stressid_bfl5,stressid,stressid
0,0.6983174,1.0,stressid_bfl5,stressid,stressid
0,0.6908019,1.0,stressid_bfl5,stressid,stressid
0,0.72086424,1.0,stressid_bfl5,stressid,stressid
0,0.78585964,1.0,stressid_bfl5,stressid,stressid
0,0.8084668,1.0,stressid_bfl5,stressid,stressid
0,0.6964551,1.0,stressid_bfl5,stressid,stressid
0,0.68227696,1.0,stressid_bfl5,stressid,stressid
0,0.63939273,1.0,stressid_bfl5,stressid,stressid
0,0.68208003,1.0,stressid_bfl5,stressid,stressid
0,0.68405014,1.0,stressid_bfl5,stressid,stressid
0,0.6850438,1.0,stressid_bfl5,stressid,stressid
0,0.67537403,1.0,stressid_bfl5,stressid,stressid
0,0.66420984,1.0,stressid_bfl5,stressid,stressid
1,0.8065524,1.0,stressid_bfl5,stressid,stressid
1,0.801538,1.0,stressid_bfl5,stressid,stressid
1,0.81351984,1.0,stressid_bfl5,stressid,stressid
1,0.81873363,1.0,stressid_bfl5,stressid,stressid
1,0.80466825,1.0,stressid_bfl5,stressid,stressid
1,0.7953618,1.0,stressid_bfl5,stressid,stressid
1,0.8069321,1.0,stressid_bfl5,stressid,stressid
1,0.7954579,1.0,stressid_bfl5,stressid,stressid
1,0.8044927,1.0,stressid_bfl5,stressid,stressid
1,0.77569777,1.0,stressid_bfl5,stressid,stressid
1,0.7593986,1.0,stressid_bfl5,stressid,stressid
1,0.81635815,1.0,stressid_bfl5,stressid,stressid
1,0.8166599,1.0,stressid_bfl5,stressid,stressid
1,0.81411636,1.0,stressid_bfl5,stressid,stressid
1,0.80314547,1.0,stressid_bfl5,stressid,stressid
1,0.7996448,1.0,stressid_bfl5,stressid,stressid
1,0.8117511,1.0,stressid_bfl5,stressid,stressid
1,0.81519955,1.0,stressid_bfl5,stressid,stressid
1,0.81535035,1.0,stressid_bfl5,stressid,stressid
0,0.51317906,1.0,stressid_bfl5,stressid,stressid
0,0.51940215,1.0,stressid_bfl5,stressid,stressid
0,0.51288044,1.0,stressid_bfl5,stressid,stressid
0,0.50159323,1.0,stressid_bfl5,stressid,stressid
0,0.50088114,1.0,stressid_bfl5,stressid,stressid
0,0.5042505,1.0,stressid_bfl5,stressid,stressid
0,0.4951296,1.0,stressid_bfl5,stressid,stressid
0,0.5044561,1.0,stressid_bfl5,stressid,stressid
0,0.5091827,1.0,stressid_bfl5,stressid,stressid
0,0.5028466,1.0,stressid_bfl5,stressid,stressid
0,0.5133814,1.0,stressid_bfl5,stressid,stressid
0,0.51038826,1.0,stressid_bfl5,stressid,stressid
0,0.51538366,1.0,stressid_bfl5,stressid,stressid
0,0.39035627,1.0,stressid_bfl5,stressid,stressid
0,0.34176946,1.0,stressid_bfl5,stressid,stressid
0,0.35022315,1.0,stressid_bfl5,stressid,stressid
0,0.3388445,1.0,stressid_bfl5,stressid,stressid
0,0.34527948,1.0,stressid_bfl5,stressid,stressid
0,0.33717352,1.0,stressid_bfl5,stressid,stressid
0,0.3338663,1.0,stressid_bfl5,stressid,stressid
0,0.33592197,1.0,stressid_bfl5,stressid,stressid
0,0.34085223,1.0,stressid_bfl5,stressid,stressid
0,0.33988822,1.0,stressid_bfl5,stressid,stressid
0,0.5205919,1.0,stressid_bfl5,stressid,stressid
0,0.33820117,1.0,stressid_bfl5,stressid,stressid
0,0.3880338,1.0,stressid_bfl5,stressid,stressid
0,0.40409836,1.0,stressid_bfl5,stressid,stressid
0,0.24653181,1.0,stressid_bfl5,stressid,stressid
0,0.25907105,1.0,stressid_bfl5,stressid,stressid
0,0.2780312,1.0,stressid_bfl5,stressid,stressid
0,0.2836139,1.0,stressid_bfl5,stressid,stressid
0,0.28552958,1.0,stressid_bfl5,stressid,stressid
0,0.28515196,1.0,stressid_bfl5,stressid,stressid
0,0.28488064,1.0,stressid_bfl5,stressid,stressid
0,0.52726805,1.0,stressid_bfl5,stressid,stressid
0,0.28530827,1.0,stressid_bfl5,stressid,stressid
0,0.28551823,1.0,stressid_bfl5,stressid,stressid
0,0.28549832,1.0,stressid_bfl5,stressid,stressid
0,0.2655382,1.0,stressid_bfl5,stressid,stressid
0,0.25538093,1.0,stressid_bfl5,stressid,stressid
0,0.2777259,1.0,stressid_bfl5,stressid,stressid
0,0.2817628,1.0,stressid_bfl5,stressid,stressid
0,0.27445757,1.0,stressid_bfl5,stressid,stressid
0,0.28067425,1.0,stressid_bfl5,stressid,stressid
0,0.28212854,1.0,stressid_bfl5,stressid,stressid
0,0.51986635,1.0,stressid_bfl5,stressid,stressid
0,0.26184133,1.0,stressid_bfl5,stressid,stressid
0,0.24924183,1.0,stressid_bfl5,stressid,stressid
0,0.24823283,1.0,stressid_bfl5,stressid,stressid
0,0.24810518,1.0,stressid_bfl5,stressid,stressid
0,0.2573436,1.0,stressid_bfl5,stressid,stressid
0,0.27629784,1.0,stressid_bfl5,stressid,stressid
0,0.2840543,1.0,stressid_bfl5,stressid,stressid
0,0.519909,1.0,stressid_bfl5,stressid,stressid
0,0.51425123,1.0,stressid_bfl5,stressid,stressid
0,0.5053849,1.0,stressid_bfl5,stressid,stressid
0,0.51317143,1.0,stressid_bfl5,stressid,stressid
0,0.4917779,1.0,stressid_bfl5,stressid,stressid
0,0.40364304,1.0,stressid_bfl5,stressid,stressid
0,0.38543668,1.0,stressid_bfl5,stressid,stressid
0,0.4498992,1.0,stressid_bfl5,stressid,stressid
0,0.41495714,1.0,stressid_bfl5,stressid,stressid
0,0.35097355,1.0,stressid_bfl5,stressid,stressid
0,0.37000182,1.0,stressid_bfl5,stressid,stressid
0,0.45988637,1.0,stressid_bfl5,stressid,stressid
0,0.50951946,1.0,stressid_bfl5,stressid,stressid
0,0.5168474,1.0,stressid_bfl5,stressid,stressid
0,0.50872815,1.0,stressid_bfl5,stressid,stressid
0,0.518014,1.0,stressid_bfl5,stressid,stressid
0,0.35634878,1.0,stressid_bfl5,stressid,stressid
0,0.516056,1.0,stressid_bfl5,stressid,stressid
0,0.5274656,1.0,stressid_bfl5,stressid,stressid
0,0.26776707,1.0,stressid_bfl5,stressid,stressid
0,0.24697861,1.0,stressid_bfl5,stressid,stressid
0,0.25106132,1.0,stressid_bfl5,stressid,stressid
0,0.24898621,1.0,stressid_bfl5,stressid,stressid
0,0.24501123,1.0,stressid_bfl5,stressid,stressid
0,0.24481958,1.0,stressid_bfl5,stressid,stressid
0,0.24445644,1.0,stressid_bfl5,stressid,stressid
0,0.24433295,1.0,stressid_bfl5,stressid,stressid
0,0.3894182,1.0,stressid_bfl5,stressid,stressid
0,0.24564563,1.0,stressid_bfl5,stressid,stressid
0,0.25114354,1.0,stressid_bfl5,stressid,stressid
0,0.24807537,1.0,stressid_bfl5,stressid,stressid
0,0.2449408,1.0,stressid_bfl5,stressid,stressid
0,0.24494994,1.0,stressid_bfl5,stressid,stressid
0,0.25907218,1.0,stressid_bfl5,stressid,stressid
0,0.2728164,1.0,stressid_bfl5,stressid,stressid
0,0.27082998,1.0,stressid_bfl5,stressid,stressid
0,0.391191,1.0,stressid_bfl5,stressid,stressid
0,0.3573351,1.0,stressid_bfl5,stressid,stressid
0,0.35303578,1.0,stressid_bfl5,stressid,stressid
0,0.35521036,1.0,stressid_bfl5,stressid,stressid
0,0.3653521,1.0,stressid_bfl5,stressid,stressid
0,0.36582887,1.0,stressid_bfl5,stressid,stressid
