ECG,EDA,RR
52484,38373,29463
51652,38380,29457
49924,38397,29421
47652,38399,29395
44988,38407,29418
41948,38420,29428
38840,38429,29403
36552,38439,29427
34932,38435,29465
33728,38445,29410
32844,38453,29444
32121,38453,29425
31572,38444,29429
31192,38463,29424
30920,38463,29468
30732,38416,29527
30605,38436,29452
30480,38436,29458
30380,38439,29471
30292,38448,29453
30236,38455,29435
30160,38451,29484
30048,38457,29469
29984,38469,29467
29976,38407,29412
29956,38445,29423
29904,38460,29405
29910,38471,29378
29908,38471,29423
29927,38479,29447
29925,38478,29363
29960,38455,29364
29980,38407,29351
29984,38421,29380
30036,38471,29351
30062,38448,29342
30069,38440,29342
30104,38453,29365
30128,38447,29393
30168,38445,29401
30236,38475,29345
30273,38485,29372
30320,38476,29359
30360,38425,29324
30385,38433,29351
30412,38474,29340
30449,38470,29326
30492,38436,29337
30524,38484,29351
30565,38452,29356
30624,38437,29361
30724,38492,29364
30812,38479,29364
30784,38469,29380
30812,38447,29387
30836,38486,29404
30832,38473,29439
30832,38487,29439
30852,38469,29455
30878,38481,29455
30888,38485,29468
30937,38508,29460
30988,38463,29459
31017,38471,29534
31060,38507,29551
31073,38507,29556
31032,38456,29556
31072,38500,29566
31164,38495,29575
31152,38487,29575
31182,38519,29552
31226,38469,29513
31264,38489,29543
31252,38517,29560
31261,38519,29570
31309,38471,29571
31365,38501,29577
31401,38515,29573
31412,38495,29556
31448,38523,29600
31488,38527,29633
31540,38519,29624
31592,38535,29632
31641,38532,29623
31652,38487,29577
31684,38511,29600
31692,38533,29617
31728,38540,29615
31792,38547,29585
31836,38551,29599
31844,38507,29612
31888,38548,29607
31952,38535,29604
32020,38511,29557
32036,38551,29603
32036,38551,29567
32124,38544,29527
32165,38535,29508
32240,38561,29505
32293,38565,29493
32356,38559,29473
32428,38559,29494
32477,38573,29454
32532,38586,29433
32616,38565,29423
32637,38574,29405
32637,38559,29394
32665,38563,29388
32730,38568,29425
32768,38599,29360
32800,38565,29352
32864,38598,29364
32896,38591,29345
32933,38580,29310
32952,38597,29301
32941,38599,29330
32988,38575,29352
33004,38573,29343
33041,38589,29335
33089,38590,29287
33108,38617,29222
33068,38595,29221
33072,38575,29251
33048,38615,29263
33033,38607,29249
32981,38591,29209
32917,38623,29144
32896,38612,29129
32847,38585,29119
32772,38619,29106
32713,38612,29103
32640,38645,29116
32570,38636,29086
32461,38628,29100
32348,38613,29073
32280,38599,29044
32225,38639,29038
32160,38598,29043
32112,38631,29031
32097,38629,29021
32092,38649,29018
32088,38659,29002
32005,38623,28991
31973,38640,28961
31962,38633,28935
31937,38613,28966
31897,38631,28921
31896,38651,28911
31877,38644,28957
31888,38661,28988
31872,38653,28972
31880,38647,28976
31892,38647,28927
31889,38647,28874
31874,38613,28881
31872,38653,28930
31864,38612,28919
31888,38644,28901
31896,38636,28911
31908,38663,28896
31938,38663,28904
31961,38615,28917
31988,38663,28900
32008,38652,28865
31988,38655,28819
32008,38647,28814
32036,38639,28820
32088,38662,28817
32112,38663,28794
32096,38679,28783
32093,38663,28860
32124,38662,28870
32168,38637,28815
32212,38629,28780
32229,38677,28823
32188,38679,28812
32172,38663,28806
32192,38676,28814
32232,38663,28812
32252,38686,28881
32300,38687,28908
32340,38679,28917
32332,38677,28860
32329,38663,28849
32293,38693,28855
32308,38683,28857
32340,38676,28863
32356,38699,28874
32366,38699,28896
32388,38695,28917
32436,38701,28910
32442,38696,28896
32413,38688,28897
32388,38705,28911
32396,38700,28926
32441,38653,28929
32448,38695,28956
32440,38702,28953
32436,38690,28961
32448,38719,28972
32468,38694,28975
32497,38695,28991
32512,38719,28993
32524,38703,28983
32510,38708,28987
32520,38719,28997
32512,38685,29011
32504,38716,29020
32542,38716,29072
32584,38723,29045
32600,38718,29053
32630,38703,29057
32656,38740,29095
32661,38743,29105
32705,38707,29113
32640,38714,29105
32640,38724,29125
32676,38740,29147
32724,38708,29151
32732,38692,29147
32740,38733,29161
32720,38741,29185
32725,38733,29204
32733,38724,29191
32748,38740,29201
32708,38741,29191
32712,38701,29212
32696,38740,29220
32669,38731,29230
32704,38735,29230
32704,38743,29333
32692,38744,29337
32672,38757,29343
32652,38759,29348
32669,38727,29332
32668,38759,29300
32657,38750,29330
32649,38767,29319
32676,38764,29317
32689,38764,29394
32744,38773,29407
32708,38736,29353
32712,38743,29381
32720,38775,29397
32716,38769,29399
32718,38767,29396
32740,38765,29415
32744,38762,29404
32756,38765,29472
32764,38756,29497
32784,38789,29515
32784,38799,29540
32777,38791,29471
32789,38791,29492
32740,38791,29509
32736,38789,29515
32728,38743,29520
32728,38791,29534
32760,38791,29541
32776,38791,29541
32812,38791,29548
32824,38815,29545
32829,38820,29559
32826,38791,29575
32805,38764,29567
32792,38791,29571
32764,38791,29580
32816,38791,29586
32844,38791,29604
32844,38791,29691
32824,38791,29680
32817,38823,29644
32812,38823,29642
32832,38815,29652
32852,38815,29677
32820,38820,29683
32869,38804,29671
32896,38791,29697
32860,38791,29688
32872,38796,29769
32868,38829,29775
32904,38837,29792
32908,38829,29773
32880,38829,29757
32852,38829,29783
32858,38808,29797
32896,38787,29792
32876,38768,29787
32868,38817,29817
32873,38820,29871
32876,38807,29887
32896,38812,29857
32904,38823,29839
32892,38815,29857
32908,38823,29863
32896,38831,29880
32865,38827,29862
32884,38831,29926
32884,38821,29940
32876,38839,29948
32897,38838,29908
32904,38807,29916
32928,38797,29929
32886,38837,29922
32889,38847,29943
32916,38838,29982
32881,38828,29981
32859,38786,29980
32904,38823,29949
32912,38840,29967
32928,38812,29980
32908,38847,29980
32897,38829,29989
32864,38828,29972
32864,38812,29976
32872,38836,29983
32866,38855,29988
32888,38837,30019
32893,38836,29975
32900,38837,29991
32892,38833,30000
32904,38839,30039
32933,38855,30042
32936,38857,30087
32902,38847,30092
32925,38854,30088
32944,38791,30082
32940,38846,30093
32920,38847,30101
32932,38847,30081
32960,38845,30113
32952,38861,30108
32940,38870,30116
32964,38863,30120
32948,38855,30099
32952,38839,30117
32972,38828,30138
32928,38863,30149
32960,38833,30133
32964,38861,30117
32981,38863,30101
33005,38857,30143
32990,38872,30116
32932,38855,30100
32912,38863,30121
32860,38851,30129
32840,38853,30132
32816,38846,30118
32792,38852,30156
32808,38860,30198
32808,38859,30196
32792,38879,30203
32809,38845,30164
32860,38875,30148
32832,38851,30174
32784,38887,30167
32732,38874,30162
32740,38875,30181
32758,38863,30177
32772,38863,30189
32808,38884,30206
32805,38889,30200
32820,38841,30231
32849,38883,30239
32888,38863,30247
32924,38855,30245
32909,38881,30241
32967,38831,30189
33016,38876,30204
33082,38872,30202
33168,38874,30228
33192,38863,30206
33181,38903,30205
33172,38855,30245
33156,38879,30275
33173,38879,30236
33180,38869,30243
33188,38862,30255
33184,38866,30249
33180,38871,30245
33140,38875,30231
33168,38857,30269
33172,38887,30304
33166,38887,30307
33142,38864,30315
33156,38862,30277
33104,38863,30277
33105,38855,30265
33060,38858,30281
33037,38868,30288
33016,38895,30293
32976,38865,30293
32956,38887,30287
32950,38869,30287
32924,38893,30287
32924,38876,30288
32917,38836,30300
32929,38868,30292
32956,38863,30303
32985,38855,30305
32960,38895,30309
32964,38895,30311
32964,38877,30311
32984,38885,30301
32936,38893,30295
32937,38884,30295
32897,38875,30292
32864,38869,30311
32876,38887,30335
32900,38901,30350
32889,38900,30324
32880,38893,30335
32858,38885,30335
32854,38879,30324
32840,38887,30292
32840,38889,30295
32836,38855,30293
32824,38887,30286
32836,38881,30289
32830,38879,30294
32732,38911,30300
32472,38917,30300
32196,38911,30297
31864,38919,30292
31596,38902,30332
31438,38903,30286
31488,38895,30288
31552,38908,30292
31788,38893,30263
32264,38903,30301
32732,38919,30308
33365,38905,30277
34364,38919,30284
35965,38907,30276
37936,38893,30265
40256,38887,30257
42708,38869,30264
45160,38856,30256
47504,38852,30285
49389,38855,30292
50720,38845,30289
51316,38858,30314
50684,38852,30292
49064,38854,30263
46976,38860,30277
44548,38868,30253
41761,38876,30311
38758,38889,30295
36504,38903,30260
34952,38895,30273
33836,38900,30245
33000,38886,30275
32272,38887,30308
31736,38885,30282
31344,38882,30260
31048,38902,30265
30896,38905,30271
30792,38883,30271
30712,38852,30285
30656,38897,30252
30568,38908,30289
30440,38903,30257
30380,38863,30262
30264,38903,30249
30176,38892,30223
30109,38901,30269
30092,38901,30228
30080,38905,30197
30096,38879,30172
30116,38885,30205
30120,38887,30183
30144,38903,30149
30176,38879,30117
30188,38895,30135
30216,38845,30160
30230,38835,30143
30225,38881,30103
30264,38841,30087
30324,38861,30062
30365,38893,30095
30420,38919,30071
30482,38871,30044
30488,38868,30031
30496,38901,29997
30512,38908,30000
30536,38901,30021
30600,38897,30059
30637,38893,30000
30696,38836,30007
30776,38893,30001
30844,38885,30006
30865,38877,30004
30881,38877,30012
30928,38885,30029
30956,38868,30033
30889,38844,30028
30908,38901,30022
30982,38896,30017
30996,38855,30020
31040,38903,30095
31088,38903,30053
31132,38895,30063
31160,38903,30051
31180,38900,30071
31197,38862,30068
31208,38884,30103
31260,38823,30119
31304,38876,30127
31332,38870,30095
31332,38876,30103
31352,38903,30087
31401,38897,30068
31445,38863,30079
31477,38885,30068
31472,38875,30081
31517,38860,30079
31526,38855,30060
31564,38890,30103
31580,38841,30087
31604,38892,30121
31672,38880,30135
31694,38877,30118
31740,38901,30100
31792,38874,30090
31832,38875,30053
31880,38871,30118
31932,38871,30060
31973,38879,30045
32008,38837,30066
32076,38873,30052
32084,38864,30021
32142,38897,30083
32180,38897,30020
32229,38884,29994
32268,38838,29996
32302,38879,29983
32344,38879,29941
32388,38876,29943
32420,38879,29962
32456,38864,29959
32526,38901,29945
32603,38901,29911
32654,38855,29900
32692,38877,29855
32720,38895,29823
32780,38839,29816
32780,38845,29772
32836,38837,29830
32884,38875,29807
32940,38887,29739
32980,38876,29721
32988,38867,29716
33020,38893,29712
33072,38901,29687
33092,38868,29648
33085,38862,29666
33112,38832,29703
33113,38876,29636
33140,38883,29605
33156,38879,29619
33181,38876,29592
33216,38899,29597
33208,38891,29561
33181,38837,29543
33159,38855,29562
33104,38841,29601
33096,38843,29541
33032,38879,29521
32996,38875,29493
32932,38864,29498
32864,38885,29492
32796,38879,29455
32704,38873,29519
32612,38862,29516
32485,38832,29487
32408,38876,29463
32305,38865,29405
32212,38870,29410
32157,38875,29365
32086,38879,29441
32080,38847,29357
32064,38869,29345
32008,38857,29353
31985,38845,29336
31948,38831,29324
31900,38851,29308
31828,38837,29295
31780,38853,29284
31761,38843,29295
31744,38839,29340
31748,38851,29316
31789,38843,29221
31792,38791,29212
31762,38822,29227
31752,38807,29263
31773,38826,29292
31768,38828,29279
31745,38783,29280
31760,38780,29280
31776,38812,29237
31832,38805,29200
31844,38802,29180
31852,38815,29202
31868,38790,29188
31866,38780,29183
31860,38759,29149
31864,38789,29129
31914,38798,29134
31936,38801,29108
31925,38761,29110
31976,38799,29111
32020,38791,29149
32041,38789,29159
32044,38791,29134
32020,38772,29119
32016,38788,29129
32096,38769,29153
32088,38760,29151
32132,38749,29146
32173,38767,29159
32206,38785,29180
32256,38773,29173
32244,38789,29174
32225,38759,29191
32224,38771,29175
32224,38767,29180
32253,38767,29175
32268,38757,29201
32304,38767,29236
32337,38764,29220
32320,38756,29226
32285,38763,29223
32292,38788,29196
32332,38774,29219
32324,38767,29228
32340,38759,29225
32345,38748,29244
32360,38724,29285
32380,38766,29291
32396,38767,29259
32383,38773,29273
32376,38771,29265
32381,38758,29272
32396,38757,29281
32408,38743,29287
32400,38739,29325
32390,38724,29324
32378,38747,29318
32389,38749,29351
32396,38729,29420
32424,38719,29408
32416,38759,29390
32439,38756,29417
32448,38711,29405
32448,38727,29430
32432,38717,29469
32413,38684,29497
32421,38729,29458
32452,38722,29447
32492,38727,29471
32508,38722,29492
32540,38726,29505
32540,38691,29511
32556,38727,29500
32586,38707,29508
32562,38694,29555
32552,38693,29614
32549,38684,29628
32556,38724,29614
32580,38727,29590
32580,38723,29583
32636,38703,29599
32620,38677,29605
32600,38711,29614
32616,38705,29625
32604,38695,29633
32616,38694,29660
32600,38693,29684
32605,38727,29699
32654,38717,29703
32672,38722,29715
32656,38724,29703
32644,38721,29749
32644,38715,29792
32644,38652,29757
32656,38703,29761
32636,38691,29789
32648,38684,29789
32652,38679,29793
32660,38689,29868
32668,38704,29878
32712,38693,29836
32709,38703,29863
32692,38701,29860
32696,38692,29887
32704,38687,29935
32725,38676,29886
32712,38679,29909
32748,38628,29916
32765,38682,29929
32789,38663,29943
32800,38657,29956
32776,38684,29978
32804,38633,29981
32772,38663,29991
32733,38644,30000
32726,38649,30023
32724,38660,30013
32752,38639,30048
32768,38663,30100
32773,38612,30108
32816,38652,30117
32800,38637,30143
32784,38645,30133
32756,38646,30160
32724,38639,30160
32725,38594,30176
32752,38635,30188
32756,38631,30177
32780,38620,30188
32808,38621,30213
32829,38623,30205
32824,38636,30214
32844,38621,30223
32790,38623,30255
32783,38605,30272
32796,38626,30288
32800,38628,30292
32816,38589,30332
32828,38590,30367
32856,38584,30391
32844,38620,30389
32870,38607,30404
32872,38591,30409
32860,38615,30432
32852,38569,30445
32820,38598,30441
32821,38592,30431
32824,38591,30439
32848,38589,30447
32844,38623,30452
32846,38615,30453
32850,38612,30468
32824,38589,30468
32821,38583,30493
32860,38593,30516
32848,38607,30526
32824,38589,30521
32838,38591,30560
32889,38585,30569
32857,38573,30575
32848,38581,30575
32842,38597,30573
32868,38596,30565
32876,38586,30566
32864,38551,30577
32852,38567,30592
32896,38550,30599
32902,38567,30594
32869,38587,30595
32860,38588,30599
32833,38561,30615
32876,38549,30597
32864,38580,30621
32849,38559,30612
32864,38535,30639
32900,38567,30655
32917,38565,30653
32917,38557,30660
32869,38581,30658
32828,38580,30648
32821,38550,30668
32812,38557,30639
32814,38566,30652
32812,38567,30666
32776,38559,30669
32768,38534,30696
32782,38516,30716
32808,38519,30681
32796,38519,30705
32813,38517,30693
32817,38511,30745
32776,38550,30719
32776,38505,30747
32760,38535,30764
32720,38521,30776
32720,38535,30785
32772,38532,30804
32836,38535,30829
32896,38505,30861
32954,38497,30885
32964,38519,30919
33020,38519,30925
33042,38503,30945
33093,38517,30957
33180,38519,30973
33184,38464,30999
33177,38495,31014
33196,38501,31069
33212,38501,31068
33238,38501,31099
33224,38517,31097
33172,38508,31132
33132,38493,31169
33112,38487,31191
33108,38474,31200
33132,38477,31215
33112,38468,31234
33132,38477,31252
33175,38492,31263
33216,38509,31282
33226,38503,31301
33176,38503,31306
33112,38463,31317
33024,38455,31333
32944,38463,31373
32906,38473,31373
32904,38449,31391
32888,38465,31403
32936,38447,31399
32984,38484,31415
32996,38455,31434
32984,38461,31444
32952,38471,31447
32961,38466,31449
32960,38457,31447
32920,38452,31453
32892,38453,31477
32873,38455,31483
32893,38447,31470
32948,38441,31475
32941,38473,31473
32932,38473,31456
32928,38453,31455
32917,38454,31471
32914,38447,31468
33080,38439,31452
33284,38452,31445
33388,38469,31433
33180,38461,31422
32956,38437,31399
33024,38471,31398
33120,38423,31405
33032,38452,31383
32868,38430,31367
32700,38429,31357
32512,38401,31335
32276,38447,31315
31926,38405,31295
31636,38447,31276
31505,38435,31263
31608,38439,31263
31745,38455,31238
31964,38439,31215
32420,38396,31190
32854,38407,31167
33460,38407,31140
34456,38438,31116
36044,38437,31071
38032,38437,31083
40300,38428,31069
42620,38421,31029
44984,38407,31001
47144,38393,30969
48880,38389,30942
50060,38372,30924
50556,38369,30915
49860,38373,30899
48108,38395,30857
46032,38403,30825
43700,38400,30797
40928,38421,30787
38064,38425,30752
36000,38417,30727
34560,38407,30685
33541,38407,30684
32780,38407,30670
32124,38430,30663
31626,38436,30639
31292,38383,30599
31100,38425,30587
30992,38421,30552
30864,38407,30513
30761,38424,30487
30680,38407,30450
30584,38367,30429
30500,38407,30407
30434,38407,30372
30348,38401,30332
30317,38407,30319
30325,38407,30308
30312,38405,30240
30292,38397,30212
30264,38429,30181
30241,38407,30127
30264,38407,30091
30265,38375,30021
30324,38397,30034
30353,38391,30012
30358,38421,29997
30381,38369,29956
30404,38407,29931
30452,38399,29903
30477,38385,29839
30480,38381,29793
30492,38399,29763
30508,38405,29731
30565,38367,29697
30629,38391,29665
30704,38386,29639
30734,38372,29599
30776,38407,29572
30816,38373,29557
30848,38391,29549
30841,38365,29533
30820,38359,29509
30845,38375,29477
30893,38390,29461
30924,38351,29447
30944,38391,29428
31008,38391,29423
31044,38358,29427
31056,38397,29412
31068,38350,29395
31088,38372,29393
31104,38375,29367
31093,38340,29363
31129,38372,29356
31180,38375,29327
31245,38378,29333
31264,38389,29324
31300,38380,29316
31312,38367,29299
31344,38357,29282
31348,38365,29279
31376,38373,29313
31404,38324,29335
31428,38375,29320
31496,38358,29287
31560,38341,29262
31580,38343,29261
31588,38380,29241
31604,38365,29249
31652,38359,29253
31676,38380,29251
31696,38333,29261
31725,38359,29263
31764,38365,29255
31808,38343,29256
31833,38375,29244
31856,38366,29253
31900,38357,29229
31928,38381,29217
31932,38331,29220
31965,38367,29205
31980,38348,29243
32016,38364,29260
32072,38327,29260
32120,38348,29261
32176,38345,29222
32228,38380,29222
32292,38361,29223
32380,38359,29211
32392,38345,29177
32408,38365,29161
32460,38326,29128
32484,38349,29110
32528,38343,29087
32624,38343,29079
32684,38367,29063
32744,38373,29020
32796,38333,28977
32848,38359,28993
32900,38335,29014
32897,38351,28990
32920,38303,28956
32961,38340,28941
32984,38343,28935
33020,38354,28926
33052,38312,28924
33040,38342,28900
33064,38329,28905
33065,38343,28913
33060,38333,28911
33065,38336,28893
33068,38339,28879
33080,38295,28848
33089,38329,28843
33136,38325,28842
33144,38343,28836
33054,38317,28831
32993,38342,28823
32944,38327,28815
32888,38336,28837
32801,38301,28839
32728,38325,28837
32644,38311,28823
32580,38277,28801
32508,38338,28794
32404,38287,28780
32352,38324,28755
32288,38327,28855
32245,38321,28837
32156,38316,28775
32092,38308,28796
32028,38317,28788
31992,38279,28777
31956,38311,28756
31948,38292,28761
31934,38324,28742
31909,38301,28742
31904,38318,28730
31885,38297,28735
31876,38279,28724
31832,38311,28719
31792,38301,28709
31788,38295,28711
31791,38279,28719
31802,38310,28724
31813,38308,28719
31840,38290,28720
31880,38293,28704
31896,38260,28691
31884,38309,28701
31876,38301,28743
31840,38277,28756
31852,38266,28673
31848,38279,28679
31892,38287,28676
31960,38273,28668
31969,38295,28668
31940,38287,28663
31966,38276,28657
31980,38279,28661
32032,38287,28656
32036,38233,28652
32032,38279,28703
32048,38271,28748
32116,38260,28770
32132,38295,28759
32136,38287,28750
32160,38247,28743
32176,38295,28712
32188,38279,28710
32156,38261,28735
32160,38279,28743
32180,38228,28770
32200,38261,28805
32224,38253,28760
32240,38253,28773
32252,38275,28780
32269,38271,28799
32320,38219,28813
32325,38266,28824
32320,38247,28830
32332,38231,28846
32296,38257,28848
32304,38212,28861
32292,38252,28884
32333,38247,28911
32362,38263,28908
32361,38271,28935
32372,38260,28967
32384,38245,28964
32392,38229,28963
32392,38215,28993
32369,38248,28998
32421,38210,29017
32440,38245,29040
32472,38239,29050
32482,38229,29084
32492,38252,29110
32496,38245,29117
32502,38237,29143
32532,38214,29159
32544,38236,29175
32549,38229,29207
32533,38191,29263
32544,38226,29285
32549,38217,29313
32564,38239,29343
32576,38190,29354
32552,38199,29326
32576,38223,29351
32560,38207,29380
32568,38228,29422
32584,38179,29469
32596,38220,29463
32609,38205,29495
32605,38229,29540
32649,38245,29554
32669,38188,29565
32653,38215,29581
32700,38231,29597
32672,38229,29622
32636,38212,29638
32615,38197,29549
32572,38220,29626
32628,38211,29666
32628,38205,29689
32644,38235,29709
32668,38228,29737
32677,38208,29745
32676,38231,29774
32688,38213,29831
32670,38191,29855
32644,38221,29857
32640,38209,29909
32630,38215,29927
32660,38194,29935
32704,38191,29943
32692,38214,29989
32679,38201,30012
32710,38206,30037
32744,38208,30020
32700,38167,30040
32685,38189,30073
32700,38183,30087
32692,38215,30103
32700,38215,30121
32717,38175,30149
32736,38207,30158
32724,38189,30183
32700,38189,30215
32684,38182,30254
32681,38197,30276
32696,38195,30300
32693,38165,30309
32704,38188,30315
32716,38183,30344
32759,38187,30343
32774,38207,30361
32774,38164,30382
32776,38181,30408
32736,38191,30425
32772,38203,30449
32776,38167,30476
32785,38177,30486
32797,38173,30506
32788,38193,30532
32812,38151,30546
32820,38179,30566
32822,38197,30580
32801,38151,30596
32808,38173,30633
32784,38151,30644
32776,38180,30660
32773,38181,30693
32783,38151,30725
32800,38170,30727
32824,38182,30749
32828,38191,30735
32832,38183,30756
32814,38160,30794
32812,38151,30813
32822,38168,30831
32820,38170,30852
32836,38165,30868
32864,38165,30887
32880,38180,30897
32884,38181,30908
32884,38177,30913
32886,38151,30951
32877,38173,30983
32840,38169,30999
32848,38151,31010
32840,38180,31039
32900,38133,31052
32885,38163,31079
32856,38179,31072
32854,38128,31102
32832,38169,31111
32868,38135,31140
32828,38171,31148
32832,38125,31160
32812,38151,31184
32772,38147,31197
32748,38171,31210
32692,38137,31226
32684,38151,31239
32732,38151,31253
32768,38135,31268
32744,38172,31291
32752,38159,31301
32724,38151,31316
32704,38141,31329
32679,38125,31347
32724,38150,31353
32757,38103,31356
32772,38138,31372
32763,38151,31370
32772,38151,31395
32814,38151,31416
32833,38100,31439
32876,38132,31440
32902,38117,31459
32897,38116,31468
32932,38134,31487
33012,38141,31508
33088,38103,31502
33166,38140,31527
33214,38117,31535
33180,38134,31547
33197,38119,31577
33154,38131,31573
33113,38077,31590
33072,38095,31617
33112,38124,31637
33140,38124,31647
33160,38127,31663
33156,38127,31671
33168,38119,31694
33164,38127,31697
33148,38093,31703
33156,38111,31716
33178,38087,31740
33152,38127,31740
33101,38087,31764
33060,38125,31767
33028,38119,31780
32988,38117,31790
32916,38121,31809
32913,38112,31829
32943,38121,31836
32920,38095,31836
32925,38108,31849
32916,38095,31861
32920,38108,31901
32944,38085,31908
32972,38116,31921
32978,38101,31944
32965,38119,31952
32928,38119,31963
32950,38123,31970
32965,38067,31981
32936,38097,32007
32904,38086,32012
32884,38115,32020
32908,38119,32038
32936,38119,32054
32952,38077,32065
32928,38111,32077
32940,38095,32084
32944,38113,32093
32926,38102,32080
32903,38108,32089
32897,38055,32105
32852,38087,32113
32864,38087,32136
32832,38110,32155
32709,38095,32149
32547,38111,32176
32248,38106,32193
31936,38095,32207
31692,38092,32217
31556,38108,32214
31628,38069,32228
31748,38056,32249
31984,38100,32231
32508,38101,32239
33028,38105,32275
33636,38101,32300
34576,38099,32294
36036,38095,32311
37900,38081,32323
40084,38084,32324
42276,38078,32317
44444,38083,32321
46536,38069,32331
48172,38063,32361
49284,38063,32375
49756,38065,32397
49028,38063,32415
47244,38060,32421
45216,38071,32436
42984,38072,32427
40360,38076,32417
37669,38093,32422
35784,38093,32469
34508,38086,32484
33576,38117,32476
32904,38112,32500
32261,38085,32479
31784,38077,32501
31436,38119,32542
31244,38094,32559
31088,38093,32549
31020,38111,32571
30996,38119,32583
30956,38063,32565
30868,38121,32609
30786,38077,32620
30697,38069,32628
30640,38108,32621
30580,38095,32638
30528,38085,32604
30528,38103,32640
30512,38108,32617
30468,38109,32647
30478,38103,32638
30484,38088,32635
30538,38116,32629
30548,38061,32639
30564,38095,32594
30556,38066,32595
30572,38101,32590
30612,38103,32588
30660,38081,32580
30718,38104,32605
30724,38086,32631
30755,38084,32620
30770,38100,32623
30793,38109,32589
30838,38101,32590
30854,38082,32577
30854,38071,32574
30943,38079,32593
30954,38103,32584
30972,38104,32589
30997,38095,32609
31030,38054,32601
31061,38067,32629
31116,38055,32671
31164,38089,32671
31169,38087,32668
31168,38083,32701
31216,38068,32726
31280,38101,32729
31324,38100,32737
31324,38101,32759
31300,38085,32775
31360,38103,32791
31372,38082,32811
31394,38103,32822
31432,38109,32831
31460,38064,32845
31432,38063,32860
31478,38094,32898
31520,38087,32876
31542,38076,32867
31572,38067,32895
31580,38067,32927
31580,38113,32965
31597,38082,32961
31636,38101,32948
31654,38093,32946
31668,38063,32967
31704,38050,33026
31736,38055,33047
31800,38103,33047
31796,38103,33057
31839,38065,33067
31904,38085,33069
31938,38101,33092
31936,38087,33077
32016,38071,33099
32068,38071,33100
32102,38091,33120
32168,38095,33127
32212,38077,33141
32212,38103,33132
32240,38101,33137
32296,38095,33116
32333,38093,33129
32348,38103,33086
32381,38093,33095
32436,38081,33126
32508,38098,33111
32584,38096,33103
32648,38098,33100
32714,38089,33087
32758,38104,33084
32788,38101,33072
32848,38107,33054
32900,38097,33054
32902,38101,33055
32960,38095,33030
32996,38087,33023
33032,38063,32974
33076,38101,32949
33133,38111,32943
33192,38108,32931
33188,38095,32908
33168,38103,32941
33172,38087,32932
33200,38063,32928
33189,38097,32909
33204,38100,32903
33241,38057,32884
33208,38075,32868
33232,38111,32853
33244,38095,32853
33200,38103,32839
33176,38099,32807
33157,38099,32763
33116,38069,32759
33040,38099,32751
32988,38061,32741
32940,38092,32771
32876,38087,32751
32796,38084,32741
32709,38109,32729
32624,38076,32719
32553,38100,32708
32436,38087,32696
32360,38071,32677
32284,38092,32664
32216,38055,32663
32172,38093,32636
32096,38093,32633
32060,38096,32623
32012,38111,32619
31960,38097,32590
31937,38089,32597
31904,38069,32575
31876,38087,32562
31852,38087,32524
31844,38073,32519
31854,38101,32516
31876,38053,32526
31845,38095,32499
31854,38092,32493
31844,38084,32462
31804,38081,32445
31812,38065,32428
31800,38087,32447
31809,38087,32428
31838,38071,32421
31876,38095,32413
31889,38093,32420
31892,38077,32399
31885,38092,32386
31886,38096,32391
31865,38087,32377
31872,38068,32340
31901,38082,32321
31924,38087,32331
31924,38039,32302
31938,38071,32297
32000,38071,32289
32028,38092,32295
32040,38087,32316
32005,38064,32311
32032,38086,32322
32084,38055,32321
32060,38060,32321
32052,38052,32319
32076,38063,32321
32113,38031,32325
32136,38057,32333
32124,38040,32329
32152,38071,32332
32144,38052,32340
32190,38023,32343
32164,38050,32345
32204,38013,32349
32209,37997,32345
32216,38031,32349
32236,38035,32343
32264,38017,32346
32292,38044,32352
32316,38045,32351
32300,38005,32359
32292,38023,32343
32305,38001,32346
32342,37989,32349
32317,37977,32380
32312,37991,32391
32336,38004,32399
32369,38027,32398
32388,38032,32414
32388,38029,32386
32396,38031,32390
32396,37981,32399
32372,38007,32425
32396,37999,32439
32397,37995,32460
32381,37991,32481
32402,37989,32484
32412,37991,32493
32432,38019,32508
32468,38023,32517
32484,38013,32519
32488,37967,32535
32481,37991,32541
32476,37981,32553
32484,37999,32568
32476,37989,32567
32477,37991,32543
32508,37989,32546
32556,37999,32571
32568,37999,32620
32556,37996,32621
32560,37953,32625
32545,37973,32640
32516,37964,32652
32513,37989,32625
32532,37967,32628
32543,37989,32632
32564,37981,32646
32568,37967,32695
32548,37998,32705
32560,37959,32727
32544,37959,32731
32538,37975,32749
32540,37967,32756
32564,37983,32754
32564,37989,32730
32578,37955,32738
32550,37972,32745
32568,38007,32745
32584,38001,32763
32556,37969,32775
32556,37947,32815
32544,37991,32807
32564,37975,32827
32568,37967,32851
32570,37964,32866
32580,37999,32856
32588,38007,32872
32624,37965,32847
32672,38007,32839
32640,37997,32887
32645,37989,32903
32628,37967,32909
32636,37999,32921
32609,37957,32916
32612,37993,32919
32644,37991,32927
32668,37991,32945
32660,37985,32956
32672,37983,32915
32652,37999,32911
32628,37997,32905
32636,37958,32948
32640,37991,32937
32633,37968,32941
32664,37936,32950
32672,37994,32959
32676,37997,32968
32680,37953,32996
32664,37985,33005
32664,37983,32997
32648,37997,33005
32669,37991,33017
32703,37961,33011
32696,37981,33020
32692,37979,33022
32709,37996,33008
32704,37991,33021
32688,38013,33022
32680,38005,33016
32676,37991,33028
32678,37985,32988
32669,37999,32991
32656,38005,33000
32692,38000,33053
32728,37983,33045
32716,37975,33031
32728,38003,33041
32712,37988,33049
32716,38012,33045
32716,38023,33039
32724,38015,33052
32700,37969,33021
32700,37993,33012
32684,37991,33012
32692,38015,33021
32712,38021,33007
32736,37999,33055
32724,38023,33062
32740,38015,33052
32728,38023,33044
32704,38023,33060
32704,38023,33062
32660,38015,33053
32644,37988,33060
32625,38004,33057
32684,38004,33050
32672,38042,33044
32652,38004,33049
32656,38039,33051
32708,38023,33059
32736,38013,33045
32688,38037,33034
32718,38033,33040
32733,38033,33031
32761,38046,33031
32820,37997,33017
32900,38005,33031
32996,38045,33031
33064,38037,32975
33065,38004,32983
33040,38023,32999
33012,38035,33009
33036,38022,33012
33104,38023,33006
33080,38015,32995
33061,38012,32999
33040,38043,32993
33032,38039,32989
33049,38005,32981
33047,38023,32973
33028,38021,32967
33046,38000,32963
33028,38023,32929
33036,38015,32960
33020,37999,32915
32989,37993,32881
32924,38023,32903
32890,38013,32880
32892,38051,32871
32884,38037,32875
32840,37999,32892
32804,38023,32893
32782,38015,32876
32796,38033,32843
32824,38037,32863
32852,38023,32852
32857,38023,32875
32876,38047,32853
32876,38037,32842
32853,38028,32834
32836,38023,32824
32812,38031,32830
32820,38036,32821
32828,38039,32788
32836,37993,32812
32904,38035,32806
32880,38029,32804
32872,38041,32791
32880,38037,32775
32864,37999,32764
32824,38021,32761
32776,38012,32756
32773,38036,32737
32802,38014,32729
32824,38023,32741
32848,38031,32723
32849,38023,32676
32766,38036,32654
32632,38023,32653
32432,38053,32655
32068,38011,32657
31728,38033,32647
31525,38023,32633
31484,38015,32621
31604,38045,32613
31796,38045,32613
32213,38042,32607
32712,38037,32586
33244,38031,32572
33956,38037,32573
35085,38045,32568
36700,38005,32572
38708,38005,32601
40864,38005,32580
42888,38007,32542
44916,38004,32545
46693,37992,32577
47941,38000,32535
48672,38007,32512
48572,38004,32489
47240,37999,32535
45316,38018,32527
43312,38015,32493
41052,38016,32469
38460,38037,32471
36164,38023,32449
34732,38053,32464
33732,38047,32448
32988,38060,32453
32408,38063,32453
31909,38015,32424
31496,38012,32455
31269,38047,32455
31120,38039,32452
31060,38055,32443
31052,38064,32423
30992,38061,32388
30932,38023,32415
30844,38074,32407
30768,38017,32405
30713,38047,32380
30660,38037,32380
30648,38043,32357
30632,38057,32351
30638,37997,32327
30708,38053,32309
30696,38044,32291
30692,38057,32284
30668,38071,32260
30662,38039,32247
30668,38047,32237
30676,38032,32212
30676,38023,32186
30700,38063,32177
30736,38049,32167
30800,38041,32157
30853,38039,32130
30852,38076,32108
30880,38017,32077
30908,38047,32041
30936,38052,32049
30948,37999,32037
31004,38036,32015
31046,38061,32007
31016,38004,31993
31036,38045,31978
31072,38069,31973
31118,38039,31967
31164,38059,31957
31164,38063,31925
31184,38057,31924
31188,38045,31932
31200,38069,31926
31273,38007,31948
31345,38039,31943
31404,38071,31937
31420,38019,31943
31436,38055,31943
31469,38038,31931
31460,38049,31939
31468,38055,31942
31458,38045,31943
31470,38037,31961
31509,38061,31967
31560,38061,31960
31605,38064,31948
31596,38019,31953
31620,38051,31949
31652,38063,31954
31684,38063,31954
31700,38063,31952
31713,38039,31952
31772,38023,31962
31818,38055,31949
31852,38023,31949
31864,38055,31972
31888,38033,31972
31948,38069,31964
32011,38047,31959
32032,38061,31961
32064,38046,31961
32068,38041,31933
32092,38036,31938
32164,38033,31941
32224,38038,31946
32292,38044,31944
32296,38043,31929
32348,38047,31925
32384,38053,31911
32412,38043,31887
32460,38055,31871
32496,38049,31881
32540,38068,31868
32552,38022,31847
32580,38069,31842
32660,38057,31814
32741,38079,31789
32820,38082,31763
32852,38055,31764
32868,38079,31745
32860,38036,31719
32940,38067,31703
33040,38057,31687
33044,38055,31655
33028,38052,31639
33040,38085,31620
33100,38087,31601
33142,38053,31568
33156,38079,31559
33173,38067,31533
33240,38087,31512
33248,38038,31494
33226,38057,31476
33236,38087,31454
33287,38047,31436
33280,38087,31407
33309,38066,31381
33324,38103,31361
33312,38101,31355
33312,38093,31335
33376,38073,31284
33332,38090,31311
33224,38091,31295
33212,38087,31276
33174,38080,31263
33132,38065,31247
33036,38098,31237
32948,38107,31222
32860,38075,31202
32805,38095,31194
32726,38075,31181
32640,38063,31167
32572,38065,31151
32474,38087,31137
32420,38052,31119
32396,38071,31119
32344,38085,31100
32300,38099,31085
32237,38039,31068
32176,38075,31049
32160,38073,31029
32140,38059,31012
32108,38077,30969
32054,38036,30975
32040,38063,30969
32056,38087,30957
32052,38076,30941
32036,38055,30919
32000,38053,30899
31948,38071,30881
31944,38071,30859
31960,38017,30861
31982,38065,30823
31980,38052,30823
32020,38051,30804
32036,38068,30779
32025,38081,30761
32004,38044,30743
32040,38071,30703
32057,38053,30687
32052,38065,30665
32066,38065,30647
32040,38012,30621
32013,38055,30580
31984,38069,30564
32045,38046,30537
32098,38045,30518
32124,38055,30509
32160,38052,30499
32184,38065,30495
32216,38061,30476
32192,38012,30465
32180,38055,30455
32165,38045,30449
32176,38037,30436
32216,38077,30420
32289,38023,30412
32292,38063,30385
32328,38055,30413
32312,38047,30391
32365,38062,30380
32286,38049,30367
32273,38023,30355
32356,38039,30291
32328,38039,30316
32268,38056,30305
32313,38073,30295
32404,38055,30298
32424,38061,30282
32441,38057,30268
32392,38047,30268
32368,38057,30260
32340,38033,30257
32377,38055,30248
32388,38055,30265
32460,38055,30255
32428,38055,30245
32420,38071,30202
32444,38077,30255
32432,38031,30271
32416,38054,30277
32420,38050,30269
32448,38047,30255
32448,38033,30261
32432,38047,30224
32504,38039,30291
32548,38045,30263
32585,38055,30256
32564,38023,30260
32532,38065,30266
32552,38062,30301
32540,38071,30262
32568,38069,30276
32600,38063,30265
32606,38079,30281
32628,38076,30294
32628,38079,30279
32664,38084,30279
32664,38081,30277
32668,38060,30267
32654,38057,30268
32672,38055,30254
32660,38071,30254
32708,38079,30251
32756,38077,30300
32744,38083,30276
32705,38087,30278
32676,38051,30279
32645,38067,30242
32684,38049,30254
32720,38071,30245
32720,38053,30244
32724,38077,30244
32724,38061,30247
32744,38063,30238
32744,38052,30236
32760,38076,30230
32792,38079,30241
32780,38043,30265
32780,38023,30231
32776,38061,30239
32818,38044,30231
32776,38036,30205
32769,38055,30212
32756,38057,30245
32768,38022,30225
32788,38054,30215
32821,38047,30213
32825,38063,30214
32808,38071,30202
32800,38023,30197
32766,38047,30198
32744,38031,30215
32780,38051,30225
32812,38055,30214
32824,38047,30199
32824,38017,30197
32828,38067,30200
32812,38047,30193
32812,38063,30188
32812,38051,30188
32829,38047,30175
32849,38039,30193
32840,38039,30191
32804,38052,30204
32792,38049,30178
32817,38051,30150
32836,38068,30161
32804,38022,30148
32824,38044,30143
32761,38047,30135
32740,38033,30125
32744,38015,30129
32793,38039,30113
32800,38055,30116
32796,38052,30108
32768,38051,30103
32772,38045,30096
32760,38063,30082
32758,38011,30082
32761,38049,30084
32782,38033,30081
32808,38045,30071
32794,38037,30084
32788,38047,30073
32764,38031,30047
32740,38048,30035
32729,38054,30035
32716,38023,30013
32672,38052,29993
32692,38031,29995
32745,38030,30020
32704,38035,29969
32676,38037,29969
32728,38052,29974
32696,38039,29959
32701,38052,29951
32664,38039,29941
32669,38057,29933
32692,38023,29925
32652,38048,29913
32600,38037,29913
32641,38023,29896
32657,38011,29894
32712,38053,29892
32808,38023,29880
32854,38036,29875
32856,38061,29899
32896,38021,29907
32961,38033,29879
33028,38045,29886
33060,38055,29886
33061,38009,29877
33096,38031,29863
33124,38041,29853
33128,38055,29854
33168,38020,29843
33168,38043,29793
33172,38057,29788
33120,38009,29785
33098,38037,29805
33116,38012,29790
33090,38036,29788
33097,38033,29783
33182,38023,29776
33164,38043,29767
33136,38044,29759
33148,38036,29756
33137,38036,29751
33028,38051,29752
32980,38037,29744
32948,38021,29740
32880,38032,29729
32844,38010,29737
32877,38023,29735
32904,38044,29731
32937,38015,29748
32912,38037,29727
32886,38053,29724
32864,38023,29717
32860,38037,29732
32866,38031,29733
32888,38047,29727
32840,38007,29728
32862,38040,29733
32872,38036,29725
32904,38069,29719
32940,38049,29727
32945,38055,29724
32901,38036,29725
32816,38060,29724
32756,38063,29695
32772,38009,29688
32816,38033,29653
32824,38055,29687
32856,38055,29711
32856,38023,29719
32868,38045,29720
32888,38061,29682
32902,38012,29697
32798,38041,29701
32685,38023,29700
32474,38047,29708
32200,38020,29690
31936,38036,29710
31698,38039,29695
31616,38047,29703
31748,38039,29703
31980,38055,29697
32280,38063,29693
32748,38053,29687
33280,38047,29696
33934,38036,29729
35044,38015,29751
36680,38017,29746
38568,38023,29736
40640,38036,29740
42644,38037,29725
44624,38023,29718
46436,38015,29729
47684,38015,29690
48436,38006,29714
48508,38007,29710
47296,38006,29703
45440,38022,29694
43520,38033,29751
41372,38032,29713
38830,38052,29692
36521,38052,29703
35028,38060,29703
34040,38052,29711
33308,38018,29722
32678,38055,29714
32192,38069,29709
31760,38063,29713
31492,38056,29716
31310,38057,29731
31200,38055,29767
31184,38052,29733
31056,38072,29743
31012,38045,29749
30952,38061,29748
30900,38045,29756
30816,38067,29751
30788,38071,29762
30764,38023,29749
30772,38023,29742
30764,38069,29748
30720,38057,29741
30742,38062,29734
30760,38047,29716
30812,38055,29719
30784,38033,29693
30780,38055,29685
30756,38061,29710
30860,38031,29687
30920,38023,29686
30964,38057,29665
30968,38023,29676
31005,38065,29682
31012,38069,29677
31020,38039,29667
31028,38029,29653
31060,38053,29652
31148,38013,29640
31168,38055,29624
31192,38045,29612
31248,38060,29606
31288,38039,29564
31328,38017,29620
31413,38040,29605
31416,38039,29590
31392,38057,29551
31360,38049,29571
31388,38055,29591
31412,38023,29580
31456,38047,29578
31472,38054,29575
31492,38068,29594
31500,38013,29604
31512,38039,29647
31596,38054,29663
31617,38015,29653
31573,38044,29671
31646,38051,29674
31608,38071,29629
31685,38075,29631
31716,38071,29617
31712,38061,29678
31748,38068,29703
31796,38045,29717
31812,38063,29695
31820,38048,29715
31836,38064,29738
31892,38081,29738
31925,38079,29751
31941,38068,29719
31972,38065,29716
32020,38087,29722
32032,38055,29733
32068,38078,29742
32128,38063,29733
32137,38087,29748
32132,38079,29757
32176,38073,29757
32228,38065,29769
32285,38101,29772
32340,38057,29774
32365,38075,29785
32376,38069,29776
32416,38048,29764
32440,38091,29789
32496,38087,29813
32514,38044,29799
32572,38044,29765
32616,38087,29769
32648,38096,29764
32688,38060,29761
32742,38084,29741
32800,38079,29740
32808,38087,29727
32872,38079,29716
32892,38063,29703
32932,38085,29692
33004,38092,29671
33024,38095,29636
33036,38055,29673
33116,38093,29679
33150,38093,29641
33180,38087,29617
33212,38105,29580
33220,38053,29572
33225,38095,29577
33268,38097,29533
33320,38087,29564
33344,38089,29575
33340,38081,29557
33344,38109,29552
33356,38107,29539
33364,38079,29517
33352,38063,29509
33325,38087,29485
33284,38086,29456
33256,38088,29477
33248,38079,29470
33220,38076,29452
33156,38101,29447
33128,38100,29396
33068,38101,29360
32996,38080,29357
32948,38060,29353
32840,38103,29334
32736,38081,29313
32629,38081,29355
32592,38093,29349
32576,38094,29341
32504,38095,29329
32393,38079,29300
32352,38114,29278
32277,38093,29292
32160,38080,29260
32148,38076,29247
32100,38037,29263
32068,38061,29228
32048,38089,29197
32046,38041,29137
32016,38068,29145
31952,38085,29118
31956,38047,29121
31940,38065,29111
31936,38077,29101
31918,38066,29072
31892,38053,29061
31852,38055,29038
31888,38023,29093
31912,38053,29041
31944,38085,29008
31984,38068,29011
31985,38047,28994
31976,38023,29035
31994,38045,28892
32032,38053,28927
32012,38053,28927
32044,38045,28932
32072,38036,28913
32116,38063,28879
32125,38055,28869
32106,38039,28902
32144,38067,28916
32156,38055,28895
32160,38039,28836
32128,38053,28828
32124,38041,28837
32164,38023,28860
32210,38045,28841
32281,38052,28871
32336,38047,28868
32300,38023,28854
32292,38059,28851
32348,38019,28848
32312,38023,28863
32300,38031,28893
32325,38023,28845
32356,38023,28783
32364,38022,28791
32408,38054,28799
32405,38023,28796
32432,38017,28771
32408,38004,28760
32412,38037,28745
32400,38023,28777
32392,38031,28736
32440,38037,28766
32488,38045,28817
32508,38007,28766
32501,38035,28772
32537,38023,28796
32526,38047,28799
32530,38001,28788
32538,38037,28728
32548,38022,28709
32549,38013,28724
32552,38011,28725
32572,37997,28698
32608,38032,28695
32604,38020,28771
32636,38031,28748
32637,38018,28761
32625,38012,28781
32676,38023,28759
32636,38020,28760
32600,38015,28796
32608,38005,28791
32600,38016,28775
32640,38023,28746
32660,37977,28735
32671,38023,28719
32676,38013,28721
32696,38031,28742
32700,37987,28737
32704,37999,28757
32692,38019,28804
32696,37999,28801
32697,37996,28809
32704,37991,28831
32696,37975,28796
32744,37999,28756
32728,37989,28767
32708,37991,28800
32724,38007,28780
32698,37995,28783
32676,38015,28844
32668,37997,28839
32664,37981,28796
32680,37999,28807
32681,37983,28839
32716,37986,28836
32726,38015,28879
32768,37959,28908
32772,37983,28875
32740,37983,28855
32720,37996,28874
32692,37983,28837
32680,37957,28872
32712,37981,28873
32720,37981,28931
32732,37980,28975
32740,37986,28944
32733,37985,28975
32744,37999,28989
32768,37981,28958
32740,37949,28977
32764,37956,29020
32757,37957,29012
32770,37978,29028
32765,37988,29022
32764,37991,28999
32800,37978,29031
32816,37967,29041
32824,37964,29039
32782,37970,28991
32796,37951,29012
32812,37981,29028
32769,37981,29028
32772,37980,29002
32744,37952,29023
32748,37936,29025
32752,37967,29030
32756,37967,29030
32762,37989,29038
32752,37972,29055
32740,37959,29030
32744,37951,29029
32752,37929,29021
32736,37975,29050
32729,37980,29082
32709,37947,29111
32708,37959,29091
32704,37963,29060
32700,37951,29050
32694,37978,29036
32681,37925,29044
32678,37951,29058
32670,37948,29027
32660,37949,29031
32669,37981,29025
32644,37959,29029
32632,37947,29036
32648,37959,29024
32661,37959,29036
32648,37969,29027
32636,37932,29017
32637,37927,29007
32665,37962,28997
32688,37959,28988
32764,37959,28976
32797,37974,28980
32828,37949,28975
32868,37963,28967
32933,37948,28964
33004,37943,29055
33037,37941,29016
33052,37934,28970
33044,37943,28997
33088,37950,28961
33133,37949,29009
33176,37943,29044
33192,37977,29002
33152,37964,28971
33096,37921,28980
33108,37951,28999
33120,37955,28985
33150,37942,28991
33144,37951,28989
33168,37941,28984
33161,37967,28990
33188,37953,28993
33176,37965,28993
33140,37955,28989
33064,37964,28993
32992,37951,28998
32940,37951,28982
32912,37951,28998
32894,37935,28996
32868,37959,28986
32908,37925,28999
32929,37959,28998
32917,37959,28984
32924,37949,28977
32920,37942,29039
32908,37936,29060
32904,37951,29052
32892,37963,29034
32920,37931,29033
32876,37957,28991
32872,37943,28993
32905,37945,29002
32908,37966,29001
32932,37973,29013
32927,37928,29021
32886,37958,29005
32856,37935,29012
32857,37957,29020
32840,37954,29020
32890,37934,29027
32904,37949,29023
32904,37949,29022
32888,37950,29025
32900,37959,29009
32916,37967,29018
32876,37959,29028
32793,37949,29021
32588,37938,29016
32352,37971,29009
32062,37962,29013
31824,37961,29038
31724,37983,29045
31768,37941,29081
31913,37974,29084
32193,37961,29068
32656,37951,29039
33101,37967,29036
33628,37980,29072
34557,37947,29071
35974,37964,29039
37808,37967,29066
39880,37961,29078
41884,37970,29028
43876,37958,29017
45788,37952,29031
47172,37955,29025
48076,37948,29015
48384,37954,29004
47592,37959,29008
45872,37975,29007
44000,37991,29007
41992,37997,29020
39576,38013,29028
37124,38020,29025
35448,38017,29050
34324,38030,29021
33508,38023,29045
32912,37999,29073
32388,37999,29012
31992,38031,29031
31702,38061,29058
31516,38047,29048
31342,38044,29053
31262,38061,29052
31188,38016,29073
31108,38043,29111
31064,38052,29148
31044,38060,29150
30952,38048,29153
30936,38069,29159
30890,38059,29084
30847,38065,29096
30829,38055,29100
30820,38085,29092
30796,38076,29087
30825,38020,29084
30828,38067,29063
30828,38018,29063
30854,38020,29103
30892,38012,29063
30912,38023,29031
30913,38063,29030
30937,38079,29047
30944,38043,29080
30940,38029,29020
30942,38020,29019
30978,38069,29007
30996,38055,28993
31036,38061,28980
31108,38070,29038
31160,38081,29057
31201,38047,29021
31228,38023,28980
31286,38071,28999
31340,38047,29013
31386,38047,29022
31396,38063,29028
31320,38023,29021
31232,38036,29021
31264,38023,29078
31310,38045,29097
31312,38036,29064
31348,38030,29112
31352,38020,29097
31400,38023,29199
31404,38023,29144
31412,38039,29189
31408,38020,29181
31465,38045,29280
31480,38045,29266
31511,38054,29265
31554,38055,29295
31572,38020,29341
31592,38057,29404
31612,38055,29359
31609,38053,29406
31661,38014,29399
31712,37997,29471
31780,38020,29478
31816,37997,29493
31832,38012,29532
31829,38037,29588
31913,38023,29621
31981,38045,29632
32052,38047,29637
32096,38051,29668
32148,38019,29700
32128,38020,29766
32092,38045,29754
31996,38056,29789
32022,38057,29821
32060,38023,29844
32100,38053,29900
32180,38047,29956
32217,38036,29964
32280,38039,29981
32332,38047,30012
32412,38047,30039
32480,38049,30058
32516,38041,30085
32544,38061,30105
32578,38053,30152
32564,38049,30204
32596,38049,30199
32640,38052,30231
32686,38047,30260
32769,38033,30279
32820,37998,30293
32856,38039,30321
32886,38036,30380
32887,38037,30377
32904,38052,30399
32973,38061,30423
33040,38015,30448
33086,38049,30471
33092,38031,30503
33020,38023,30519
32952,38045,30565
32973,38047,30603
33029,38055,30625
33088,38063,30653
33128,38053,30685
33149,38023,30724
33073,38028,30741
32996,38052,30784
32944,38047,30812
32924,38052,30839
32960,38041,30901
32965,38055,30953
32996,38055,30983
32972,38055,31032
32908,38052,31078
32868,38053,31108
32785,38049,31157
32650,38047,31199
32564,38045,31245
32464,38044,31292
32348,38041,31345
32292,38023,31396
32246,38030,31432
32206,38066,31487
32164,38031,31539
32101,38063,31583
32064,38039,31643
32016,38055,31695
31936,38057,31743
31872,38061,31788
31832,38055,31841
31790,38039,31879
31812,38023,31923
31816,38005,31969
31760,38049,32054
31776,38023,32116
31764,38047,32162
31752,38033,32230
31788,38029,32276
31808,38023,32321
31776,38023,32380
31772,38023,32432
31778,38017,32487
31804,38017,32541
31816,38047,32604
31832,38055,32665
31760,38005,32717
31772,37991,32744
31752,38015,32807
31768,38023,32861
31808,38015,32887
31864,38007,32943
31894,38005,33044
31941,38015,33111
31973,38001,33159
31952,38037,33223
31981,38016,33273
32000,38023,33343
32017,38021,33413
32028,38013,33405
32004,38004,33508
32028,38005,33604
32046,38023,33668
32140,38030,33726
32200,37988,33788
32272,38023,33836
32357,38015,33908
32364,38031,33976
32344,37975,34034
32308,38015,34038
32224,38004,34095
32240,37999,34159
32292,37989,34193
32293,38035,34231
32320,37997,34285
32364,38023,34349
32408,38015,34385
32425,37997,34471
32453,38023,34573
32516,38020,34663
32584,37973,34727
32594,38004,34765
32504,38023,34829
32464,38039,34880
32469,38028,34948
32540,38023,34997
32615,38006,35039
32560,38023,35105
32520,38023,35182
32504,38023,35167
32466,38023,35189
32424,37998,35252
32481,38023,35367
32586,38023,35473
32620,38023,35502
32648,38039,35558
32672,38005,35620
32652,38014,35695
32648,38037,35749
32644,37991,35793
32724,38013,35844
32772,38011,35911
32752,38031,35950
32728,38043,36019
32724,37991,36081
32688,38015,36045
32662,38023,36074
32688,38015,36112
32702,38009,36239
32775,38022,36331
32776,38023,36401
32760,38023,36408
32748,38023,36485
32764,37991,36532
32708,38030,36605
32672,38023,36543
32664,38015,36562
32692,38036,36647
32708,38023,36695
32744,38015,36703
32784,38013,36736
32858,38022,36790
32961,38037,36836
32959,37999,36911
32869,38023,36981
32768,38028,37058
32729,38021,37165
32738,38038,37152
32808,38026,37216
32857,38004,37289
32882,38023,37237
32924,38011,37241
32904,38013,37383
32880,37997,37489
32876,38031,37504
32904,38033,37532
32909,38023,37592
32893,38019,37657
32916,37999,37592
32888,38002,37607
32876,38035,37649
32908,38020,37767
32940,37991,37811
32980,38029,37875
33013,38023,37967
33036,38023,37999
32960,38009,38045
32940,38023,38068
32961,38023,38134
32892,38020,38219
32780,37999,38263
32764,38020,38172
32832,38013,38207
32848,38005,38260
32891,38004,38287
32921,38023,38388
32916,38031,38516
32872,38026,38567
32812,37989,38620
32762,38009,38661
32792,37993,38709
32800,38023,38750
32876,38012,38791
32924,38023,38840
32940,38011,38873
32972,38007,38907
33032,38031,38964
33036,38005,38993
32968,38005,38982
32972,37988,39007
33020,38018,39039
33008,38023,39092
33172,37981,39183
33221,38023,39234
33277,38013,39126
33332,38036,39311
33272,38007,39355
33184,38023,39384
33120,38003,39431
33200,38007,39303
33284,37991,39359
33288,37999,39420
33292,38023,39431
33292,38023,39466
33156,38019,39503
33144,38007,39541
33176,38037,39583
33144,37999,39625
33193,38023,39719
33228,38007,39789
33145,37993,39815
33072,37991,39866
33068,38012,39909
33044,38022,39994
32936,38001,40065
32888,37991,40111
32988,38023,40144
33076,38007,40095
33105,37999,40149
33021,37988,40188
33012,38009,40248
33057,37985,40275
33092,38007,40332
33160,38021,40223
33154,38011,40261
33096,38013,40285
33020,38007,40397
32788,38022,40485
32828,38015,40553
32928,37999,40613
32902,37993,40636
32878,37991,40575
32880,38023,40604
32865,38007,40679
32905,38013,40785
32920,38005,40812
32928,37999,40743
32984,38015,40807
32996,38017,40841
32933,37977,40899
32868,37999,40892
32823,38005,40955
32885,38014,41012
32856,37983,41055
32593,38023,41084
32312,38005,41119
32097,38020,41151
31932,38023,40967
31980,37993,41025
32124,37974,41039
32514,38007,41071
33056,37993,41105
33640,38005,41182
34304,38023,41279
35020,38031,41365
35948,38018,41439
37208,38013,41476
38752,38005,41501
40508,38004,41513
42176,38004,41519
43632,37991,41457
45100,37993,41487
46180,38004,41545
46696,37999,41599
46449,38001,41621
44956,38022,41679
42732,38023,41488
40236,38030,41551
37964,38023,41575
35797,38049,41612
34086,38029,41674
32797,38053,41715
32157,38023,41895
31902,38047,41930
31792,38035,41948
31728,38052,41938
31619,38067,41888
31520,38009,41985
31532,38034,41959
31544,38045,41988
31512,38015,41991
31424,37999,42087
31444,38033,42103
31480,38030,42150
31480,38020,42180
31472,38055,42200
31292,38018,42229
31280,38023,42239
31356,38039,42196
31414,37989,42199
31396,38016,42231
31265,38005,42341
31254,38017,42370
31336,38037,42332
31469,38023,42340
31529,38047,42401
31516,38055,42429
31389,38004,42444
31268,38036,42455
31344,38037,42277
31480,38029,42256
31616,38045,42263
31706,38023,42276
31732,38055,42271
31560,38002,42265
31424,38041,42492
31392,38043,42460
31440,38041,42452
31520,38023,42503
31620,38047,42492
31844,38023,42519
32000,38033,42589
31998,38023,42660
31936,38045,42684
31909,38036,42477
31820,38057,42726
31903,38045,42719
31964,38023,42684
31862,38049,42796
31872,38032,42852
31900,38023,42808
31948,38047,42788
32017,38043,42857
32086,38038,42863
32192,38055,42746
32289,38053,42788
32328,38047,42988
32264,38044,42980
32217,38047,42974
32244,38023,43050
32282,38036,43095
32317,38045,43108
32436,38044,43128
32480,38020,43143
32489,38023,43158
32512,38049,43173
32458,38067,43159
32592,38053,43143
32344,38023,43133
32064,38052,43143
32032,38021,43151
32245,38044,43156
32438,38039,43165
32580,38065,43172
32688,38063,43248
32654,38023,43271
32532,38052,43271
32560,38035,43294
32572,38061,43103
32644,38052,43065
32828,38020,43094
32984,38023,43292
33014,38052,43295
33056,38047,43191
33104,38048,43262
33242,38055,43269
33388,38043,43036
33292,38071,43255
33086,38055,43255
33081,38041,43237
33080,38036,43223
33092,38055,42991
33226,38067,42983
33292,38055,42999
33480,38031,43190
33484,38068,43191
33380,38063,43191
33365,38041,43173
33460,38046,42941
33400,38061,42951
33496,38045,42972
33500,38060,43039
33664,38053,43135
33668,38047,43135
33668,38081,43113
33661,38074,43008
33528,38055,42991
33412,38052,42972
33444,38069,43015
33536,38057,43045
33584,38052,43123
33700,38054,43111
33804,38055,43029
33612,38076,43093
33668,38069,42997
33552,38033,43076
33416,38071,42885
33296,38059,42863
33086,38044,42876
33056,38057,42880
33144,38068,43007
33236,38020,42948
33032,38055,42961
32860,38046,42967
32520,38054,42994
32472,38075,42919
32380,38072,42960
32221,38023,42870
32257,38047,42847
32064,38076,43084
31946,38012,43077
31776,38055,43061
31652,38051,43076
31680,38039,43080
31624,38073,43084
31632,38055,43093
31656,38012,42855
31704,38052,42861
31662,38053,43066
31720,38045,43012
31676,38041,43015
31682,38023,43072
31717,38061,43047
31688,38059,43075
31836,38047,43087
31856,38054,43078
31756,38041,42884
31720,38028,43092
31593,38023,43063
31464,38041,43104
31504,38047,43007
31648,38013,43080
31884,37997,42850
32004,38055,42996
32129,38055,43085
31876,38005,43087
31624,38005,42972
31666,38007,43071
31680,38037,43066
31624,38023,42831
31733,38018,42857
31836,38043,42886
31996,38045,42901
32146,38037,43015
32148,38031,43116
31992,38031,43111
31904,38052,43045
31944,38045,43079
31892,37991,43111
31856,38023,43143
31968,38015,43143
32076,38045,42936
32260,38052,42983
32492,38049,43200
32468,38022,43143
32328,38055,43211
32012,38041,43010
31932,38012,42996
32096,38045,43076
32280,38035,43249
32276,37997,43280
32096,38045,43236
32244,38031,43271
32348,38049,43304
32304,38055,43373
32186,38044,43396
32164,38023,43421
32247,38047,43238
32384,38017,43239
32536,38023,43270
32564,38015,43361
32496,38047,43509
32448,38023,43565
32396,38045,43607
32421,38031,43581
32464,38055,43572
32569,38028,43631
32580,38041,43695
32692,38023,43556
32685,38036,43747
32609,38033,43717
32300,38023,43783
32288,38023,43631
32421,38023,43685
32552,38055,43733
32542,38050,43879
32372,38019,43927
32376,38023,43887
32452,38037,43963
32436,38017,44023
32428,38014,44039
32456,38031,43845
32608,38049,43887
32576,38036,44035
32600,38007,44167
32737,38039,44207
32736,38023,44188
32660,37999,44181
32516,38037,44228
32325,38033,44315
32388,38015,44145
32564,38031,44167
32668,38023,44188
32692,38023,44261
32756,38045,44325
32796,38047,44468
32728,37999,44484
32520,38035,44524
32180,38015,44565
32140,37999,44600
32264,38039,44645
32332,38015,44696
32454,38039,44735
32556,38031,44729
32510,38011,44755
32509,38020,44804
32392,38039,44829
32224,38020,44841
32164,38039,44862
32268,38041,44910
32412,37988,44999
32536,38035,44826
32558,38023,44887
32612,38023,45093
32652,38023,45063
32468,38063,45087
32521,38052,45159
32712,38037,45216
32832,38047,45253
32960,38055,45282
32877,38004,45121
32917,38039,45132
32825,38022,45181
32756,38064,45165
32828,38036,45191
32973,38055,45252
33084,38039,45365
33156,38029,45492
33045,38047,45525
33076,38047,45543
33044,38007,45495
33132,38047,45559
33161,38047,45615
33132,38043,45410
33169,38036,45542
33124,38039,45663
33012,38030,45687
32873,38052,45645
32740,38045,45676
32792,38012,45749
32896,38005,45547
33048,38043,45607
33140,38023,45575
33112,38047,45684
33124,38057,45830
33037,38062,45764
32972,38011,45805
32928,38047,45853
32876,38039,45737
32916,38000,45887
32904,38039,45827
32897,38039,45897
32920,38038,45703
33004,38037,45770
33112,38031,45916
33036,38031,45895
32816,38020,45908
32856,38045,45936
32904,38049,45791
32977,38033,45957
33028,38044,45869
33040,38034,45916
33024,38020,45943
32992,38017,45807
32900,38052,45924
32964,38052,45911
33028,38036,45925
33080,38044,45725
33012,38049,45775
32856,38018,45927
32673,38041,45831
32316,38044,45908
32008,38052,45779
31852,38043,45901
31892,38044,45827
32108,38055,45873
32480,38060,45831
32966,38013,45671
33600,38041,45733
34284,38023,45823
35040,38052,45765
36080,38047,45735
37420,38023,45772
39220,38053,45597
41304,38039,45743
43120,38031,45724
44708,38032,45672
46244,38023,45657
47400,38023,45596
48016,38012,45631
47708,38018,45624
46088,38033,45417
43477,38036,45559
40696,38045,45550
38096,38079,45531
35625,38081,45301
33908,38085,45273
32924,38067,45262
32380,38023,45353
32176,38065,45255
32095,38063,45356
32020,38033,45343
31876,38035,45294
31589,38063,45104
31408,38052,45063
31344,38023,45085
31328,38066,45140
31376,38037,45175
31404,38047,45127
31392,38039,45063
31277,38037,45063
31192,38028,44805
31164,38033,44847
31184,38037,44935
31181,38039,44831
31196,38063,44769
31253,38055,44793
31272,38063,44732
31228,38004,44679
31188,38045,44437
31128,38035,44379
31040,38038,44494
31048,38039,44420
31188,38039,44383
31268,38036,44127
31349,38037,44135
31396,38029,44199
31368,38039,44153
31316,38045,44039
31284,38041,44039
31292,38024,43813
31304,37999,43894
31360,38047,43922
31492,38047,43796
31616,38045,43847
31636,38037,43588
31630,38052,43561
31589,38060,43636
31552,38047,43694
31544,38045,43669
31564,38023,43588
31533,38044,43628
31584,38053,43367
31692,38049,43439
31776,38013,43413
31709,38057,43508
31704,38047,43507
31728,38039,43423
31766,38015,43485
31741,38063,43325
31772,38047,43271
31776,38060,43348
31812,38055,43412
31836,38065,43244
31877,38063,43335
31928,38068,43295
31984,38049,43333
31928,38020,43053
31946,38041,43143
31976,38047,43252
31996,38039,43186
32036,38041,43174
32104,38035,43164
32145,38071,43125
32168,38055,42877
32132,38050,42887
32088,38052,43015
32125,38057,42957
32220,38044,42904
32304,38063,42940
32464,38069,42909
32536,38070,42663
32540,38023,42804
32424,38068,42799
32277,38063,42682
32332,38068,42717
32460,38063,42460
32544,38077,42405
32616,38029,42375
32680,38023,42453
32680,38063,42503
32589,38049,42436
32564,38063,42365
32664,38084,42356
32728,38071,42311
32768,38083,42041
32776,38071,41985
32777,38055,41965
32776,38069,42086
32767,38074,42084
32876,38076,41981
32944,38078,41951
32956,38045,41692
33005,38077,41676
33009,38063,41731
33004,38074,41764
33064,38074,41735
33082,38059,41555
33086,38084,41577
33064,38087,41347
33040,38081,41326
33068,38086,41397
33124,38047,41401
33129,38085,41308
33173,38079,41308
33121,38081,41210
33096,38092,40996
33066,38084,41111
33072,38068,41109
33064,38069,40999
32940,38057,40988
32860,38089,40753
32872,38085,40711
32816,38099,40674
32624,38087,40720
32496,38078,40769
32392,38082,40663
32306,38067,40649
32233,38087,40422
32175,38095,40471
32125,38033,40537
31981,38078,40391
31840,38081,40381
31728,38075,40348
31641,38103,40314
31639,38069,40091
31584,38057,40095
31537,38070,40124
31488,38087,40131
31445,38085,40103
31410,38080,40002
31424,38061,39997
31420,38047,39853
31404,38069,39881
31304,38044,39855
31356,38060,39756
31344,38039,39693
31321,38039,39718
31329,38079,39539
31304,38057,39495
31324,38043,39577
31389,38087,39583
31424,38082,39519
31436,38069,39401
31392,38077,39415
31316,38065,39230
31298,38079,39212
31300,38093,39319
31328,38084,39193
31413,38033,39215
31464,38071,39191
31532,38062,39004
31544,38078,39108
31516,38071,39006
31552,38092,38958
31532,38068,38965
31556,38080,38959
31598,38079,38783
31589,38064,38749
31612,38053,38810
31628,38083,38783
31652,38091,38767
31668,38039,38781
31728,38093,38609
31685,38087,38679
31684,38083,38678
31780,38094,38595
31784,38099,38611
31716,38087,38447
31733,38041,38429
31794,38080,38535
31844,38077,38500
31924,38103,38428
31976,38064,38381
31944,38101,38396
31945,38085,38388
31929,38069,38221
31968,38093,38202
31992,38091,38312
32024,38086,38203
32068,38095,38244
32144,38089,38095
32208,38055,38143
32230,38087,38138
32268,38068,38132
32245,38093,38133
32280,38087,38107
32252,38077,38078
32296,38055,38013
32260,38077,37962
32188,38063,37964
32164,38074,37961
32213,38071,37959
32188,38064,37819
32208,38086,37784
32233,38087,37816
32209,38053,37884
32276,38073,37799
32318,38059,37805
32292,38045,37825
32268,38068,37663
32304,38075,37692
32317,38036,37686
32306,38071,37759
32340,38057,37716
32360,38079,37645
32404,38075,37652
32453,38055,37651
32369,38045,37652
32408,38063,37511
32480,38023,37493
32480,38047,37529
32500,38038,37571
32416,38081,37569
32292,38070,37493
32388,38045,37478
32456,38070,37487
32420,38068,37491
32432,38047,37484
32444,38071,37458
32416,38015,37316
32408,38060,37306
32420,38045,37332
32466,38079,37375
32448,38079,37362
32392,38069,37341
32396,38051,37356
32437,38068,37231
32448,38053,37233
32480,38055,37312
32488,38059,37302
32476,38063,37151
32450,38052,37236
32416,38052,37286
32388,38068,37219
32400,38079,37253
32342,38035,37123
32264,38061,37101
32204,38047,37183
32152,38033,37204
32133,38077,37149
32164,38077,37137
32188,38061,37153
32238,38061,37166
32256,38053,37023
32253,38084,37019
32273,38042,37036
32300,38070,37116
32273,38051,37094
32232,38043,37045
32284,38070,37067
32341,38079,36957
32412,38037,36941
32448,38079,37029
32476,38065,37029
32528,38087,37006
32592,38035,36992
32560,38054,36983
32528,38068,36996
32549,38055,36871
32524,38063,36993
32592,38060,36943
32712,38065,36992
32841,38076,36851
32956,38038,36895
32992,38064,36967
33004,38055,36930
32936,38055,36904
32828,38063,36920
32724,38063,36935
32680,38050,36807
32728,38039,36910
32778,38020,36882
32788,38060,36885
32814,38045,36903
32852,38047,36752
32844,38052,36863
32857,38060,36821
32828,38052,36835
32832,38005,36839
32869,38023,36743
32852,38005,36777
32840,38015,36815
32856,38055,36784
32848,38060,36815
32892,38045,36678
32857,38032,36733
32897,38015,36775
32956,38044,36737
32980,38052,36761
32956,38035,36767
32888,38039,36756
32890,38036,36644
32892,38044,36599
32917,38044,36583
32980,38055,36585
32972,38051,36588
32900,38016,36556
32852,38020,36527
32780,38023,36613
32760,38047,36640
32749,38050,36615
32732,38023,36593
32784,38042,36604
32832,38031,36499
32782,38061,36463
32581,38023,36428
32289,38039,36449
31924,38025,36460
31584,38053,36518
31400,38001,36517
31420,38039,36456
31565,38033,36462
31812,38055,36471
32260,38056,36368
32784,38060,36329
33344,38044,36317
34220,38069,36366
35732,38044,36405
37708,38036,36372
40060,38023,36375
42604,38012,36359
45028,38018,36226
47452,38010,36334
49472,38000,36294
50820,38001,36309
51300,37996,36170
50576,38005,36296
48504,38009,36253
45928,38005,36244
43300,38022,36173
40604,38036,36135
37732,38067,36127
35542,38024,36165
34268,38071,36216
33428,38055,36167
32928,38055,36197
32488,38039,36076
32072,38061,36057
31720,38054,36116
31409,38023,36165
31236,38043,36114
31124,38061,36063
30932,38057,36026
30752,38061,36103
30708,38053,36089
30664,38031,35972
30620,38068,36015
30584,38037,36020
30541,38055,36052
30448,38031,35986
30444,38055,35997
30428,38077,35863
30440,38034,35853
30460,38071,35924
30522,38055,35860
30540,38055,35835
30488,38071,35839
30504,38060,35730
30528,38053,35653
30528,38039,35709
30588,38021,35716
30633,38079,35654
30648,38079,35671
30697,38052,35573
30764,38062,35503
30764,38061,35504
30756,38055,35588
30740,38045,35532
30764,38039,35553
30808,38035,35455
30844,38039,35485
30920,38063,35524
31002,38069,35494
31034,38053,35506
31060,38039,35527
31101,38058,35535
31084,38039,35541
31057,38068,35463
31096,38058,35423
31156,38055,35471
31213,38041,35527
31172,38039,35559
31200,38061,35551
31244,38065,35564
31269,38047,35578
31246,38020,35520
31356,38012,35493
31436,38020,35612
31463,38036,35583
31480,38031,35599
31472,38043,35508
31440,38042,35516
31452,38037,35621
31484,38041,35580
31564,38063,35609
31660,38069,35540
31684,38054,35508
31694,38037,35552
31694,38057,35600
31680,38052,35581
31704,38060,35600
31748,38076,35484
31728,38071,35557
31732,38071,35576
31748,38055,35534
31736,38055,35559
31749,38047,35441
31792,38042,35493
31808,38039,35492
31828,38045,35478
31833,38069,35493
31861,38071,35372
31916,38085,35365
31969,38071,35447
32006,38073,35426
32066,38064,35367
32132,38055,35357
32172,38079,35333
32220,38073,35335
32244,38068,35314
32206,38049,35228
32220,38055,35183
32308,38087,35125
32321,38049,35100
32264,38071,35170
32244,38063,35146
32268,38071,35145
32340,38071,35121
32385,38075,35077
32481,38041,35047
32472,38067,35041
32508,38051,35033
32532,38080,34948
32548,38095,34875
32480,38092,34932
32484,38047,34928
32544,38063,34908
32592,38079,34890
32621,38065,34861
32653,38071,34812
32632,38064,34798
32652,38060,34791
32724,38083,34775
32772,38055,34676
32824,38047,34610
32736,38062,34596
32676,38044,34628
32581,38066,34629
32600,38068,34589
32612,38071,34572
32644,38023,34556
32629,38069,34543
32588,38065,34533
32532,38057,34407
32428,38079,34397
32312,38079,34431
32237,38029,34436
32152,38055,34406
32080,38041,34359
32056,38055,34335
32060,38031,34311
32072,38015,34285
32012,38061,34264
31980,38047,34258
31997,38047,34246
31973,38060,34214
31932,38052,34191
31948,38031,34176
31872,38055,34088
31832,38053,34041
31766,38047,34025
31752,38038,33992
31736,38063,33980
31740,38019,33957
31772,38049,33953
31824,38005,33918
31838,38045,33910
31870,38037,33903
31900,38019,33940
31900,38029,33935
31944,38038,33917
32000,37991,33878
32034,38034,33856
32061,38023,33834
32028,38015,33816
32008,38045,33799
31957,38021,33791
31976,38004,33765
31946,38023,33763
31973,38012,33725
32052,38023,33661
32072,38023,33724
32100,38041,33693
32108,38023,33681
32121,38012,33671
32136,38035,33662
32136,38012,33671
32161,37990,33677
32236,38023,33671
32309,38007,33661
32312,37996,33660
32252,37999,33636
32160,38018,33612
32152,38013,33593
32164,38021,33629
32124,38031,33612
32117,38023,33605
32165,38023,33598
32210,38011,33593
32229,37996,33594
32272,38020,33588
32300,37997,33573
32340,38019,33567
32332,38006,33578
32356,38005,33585
32405,38023,33532
32425,37968,33521
32412,38004,33517
32368,37999,33470
32320,38015,33472
32372,38023,33469
32404,37993,33474
32456,38023,33476
32484,38013,33502
32508,38015,33511
32484,38023,33511
32432,37999,33520
32440,38004,33510
32535,38004,33495
32596,37993,33500
32645,38009,33503
32580,38017,33505
32504,37987,33506
32460,38012,33451
32444,38005,33431
32452,38015,33449
32465,37991,33488
32484,37996,33487
32512,37987,33484
32573,37999,33484
32608,37965,33471
32628,37997,33468
32574,37975,33455
32556,37979,33469
32560,37991,33475
32534,38014,33466
32520,37999,33461
32532,37998,33467
32548,37991,33441
32580,37977,33447
32604,38001,33453
32580,37965,33463
32588,37988,33455
32661,37975,33456
32676,38004,33457
32686,37999,33471
32672,37951,33393
32604,37959,33444
32580,37959,33459
32528,37956,33411
32497,37999,33425
32452,37980,33456
32448,37980,33484
32472,37979,33465
32490,37997,33440
32476,38001,33415
32396,37973,33415
32335,37985,33416
32308,37956,33439
32272,37996,33463
32208,37991,33444
32184,37980,33492
32240,38001,33497
32340,38005,33484
32361,37959,33487
32341,37988,33500
32353,37991,33493
32420,37985,33500
32488,37961,33503
32516,37989,33468
32589,37993,33453
32640,38011,33495
32680,37959,33507
32732,37997,33498
32748,37989,33492
32728,37989,33511
32704,37975,33444
32734,37991,33437
32816,37991,33509
32904,37976,33501
32953,37983,33505
32996,37982,33495
33064,37999,33500
33093,37973,33501
33032,37991,33513
32984,37980,33504
33013,37981,33511
33024,37975,33526
32989,37983,33492
32968,37941,33462
32952,37965,33448
33024,37973,33492
33052,37948,33517
33045,37981,33524
33013,37988,33517
32977,37956,33519
32943,37973,33531
32952,37955,33536
32980,37966,33490
33000,37933,33460
33016,37959,33463
33040,37983,33476
33088,37943,33501
33096,37983,33519
33096,37973,33500
33070,37961,33519
33060,37983,33479
33049,37932,33452
33056,37957,33453
33080,37969,33485
33093,37970,33519
33076,37970,33516
33028,37959,33501
33032,37981,33486
33028,37980,33479
33032,37951,33477
33076,37977,33474
33100,37926,33460
33096,37955,33469
33064,37964,33465
32980,37927,33457
32920,37959,33439
32892,37951,33449
32828,37973,33443
32704,37983,33397
32448,37972,33380
32116,37969,33404
31770,37915,33422
31500,37923,33392
31416,37948,33373
31560,37959,33375
31781,37951,33377
32148,37961,33361
32724,37949,33360
33268,37979,33343
34084,37980,33356
35480,37964,33279
37448,37948,33306
39828,37934,33340
42412,37924,33317
44952,37925,33308
47496,37916,33314
49680,37916,33264
51208,37911,33245
51908,37900,33233
51452,37917,33213
49560,37919,33230
47196,37915,33228
44672,37924,33255
41916,37932,33241
38830,37940,33270
36300,37955,33268
34736,37969,33261
33677,37963,33250
32977,37959,33255
32396,37973,33255
31896,37953,33263
31478,37943,33255
31185,37973,33241
31001,37953,33223
30860,37954,33225
30760,37947,33225
30684,37959,33185
30613,37967,33191
30541,37957,33205
30500,37949,33218
30444,37962,33216
30385,37951,33206
30332,37948,33192
30308,37937,33172
30296,37922,33157
30252,37911,33149
30269,37940,33142
30208,37975,33101
30177,37917,33074
30193,37947,33077
30268,37927,33076
30312,37917,33060
30324,37949,33044
30324,37948,33019
30376,37927,33004
30461,37949,32985
30480,37959,32962
30488,37923,32944
30532,37940,32935
30554,37927,32911
30556,37957,32910
30596,37935,32899
30636,37925,32893
30684,37945,32889
30743,37946,32895
30756,37943,32900
30812,37943,32895
30840,37910,32876
30864,37941,32859
30902,37953,32850
30928,37916,32901
30910,37924,32921
30928,37947,32929
30960,37895,32926
30993,37924,32940
31049,37957,32951
31116,37946,32972
31136,37939,32977
31159,37932,32997
31208,37943,33004
31188,37929,33026
31200,37951,32999
31189,37913,33051
31205,37927,33053
31260,37945,33071
31264,37895,33068
31292,37940,33076
31393,37925,33095
31452,37959,33089
31468,37895,33095
31510,37927,33103
31520,37945,33106
31524,37895,33098
31528,37942,33111
31552,37922,33123
31590,37951,33116
31572,37951,33123
31612,37949,33134
31685,37951,33100
31660,37924,33093
31612,37949,33089
31610,37942,33078
31637,37893,33049
31709,37929,33052
31796,37925,33052
31818,37957,33043
31876,37955,33051
31908,37942,33031
31993,37959,33028
32057,37950,32998
32105,37933,32993
32109,37951,32976
32078,37911,32982
32100,37940,32961
32124,37925,32949
32176,37943,32964
32212,37956,32936
32252,37951,32903
32268,37961,32876
32308,37959,32890
32352,37935,32890
32428,37927,32883
32472,37943,32862
32496,37927,32859
32492,37949,32836
32484,37942,32812
32504,37935,32804
32524,37959,32792
32540,37957,32736
32516,37940,32721
32560,37932,32709
32572,37942,32727
32628,37927,32724
32624,37939,32698
32620,37927,32671
32645,37955,32660
32708,37919,32655
32748,37948,32581
32692,37945,32595
32684,37957,32565
32661,37911,32573
32612,37929,32577
32564,37913,32562
32512,37941,32538
32492,37900,32529
32372,37951,32484
32292,37932,32461
32230,37914,32469
32168,37951,32461
32084,37943,32452
32004,37914,32431
31962,37919,32415
31932,37924,32398
31881,37907,32390
31844,37935,32358
31832,37894,32348
31744,37927,32335
31692,37916,32321
31694,37939,32287
31692,37935,32256
31688,37919,32271
31689,37923,32263
31665,37915,32245
31664,37909,32230
31668,37895,32212
31684,37933,32174
31740,37895,32141
31764,37920,32152
31785,37895,32161
31752,37921,32143
31701,37890,32132
31696,37895,32108
31712,37895,32097
31741,37885,32087
31752,37911,32077
31791,37895,32062
31804,37887,32052
31812,37914,32044
31808,37895,32029
31828,37873,32015
31816,37895,31996
31836,37884,31999
31892,37885,31983
31940,37861,31981
31952,37877,31959
31989,37895,31943
31985,37895,31919
31992,37895,31925
31996,37895,31939
32000,37881,31940
31972,37895,31948
31992,37895,31896
31980,37879,31935
32004,37869,31933
32048,37879,31935
32096,37868,31936
32121,37895,31929
32164,37892,31935
32177,37911,31937
32196,37853,31921
32172,37876,31926
32184,37887,31931
32180,37870,31925
32220,37885,31925
32232,37852,31917
32248,37871,31924
32276,37895,31922
32332,37876,31919
32325,37879,31918
32316,37858,31911
32292,37884,31914
32288,37876,31915
32284,37861,31916
32284,37884,31917
32308,37851,31913
32308,37887,31917
32340,37870,31918
32389,37871,31891
32369,37891,31884
32365,37877,31902
32368,37882,31917
32404,37863,31924
32428,37871,31927
32448,37879,31931
32487,37839,31935
32524,37857,31935
32557,37884,31932
32557,37879,31944
32568,37860,31948
32600,37873,31951
32572,37846,31956
32576,37863,31952
32548,37856,31967
32559,37863,31924
32605,37862,31966
32612,37877,31968
32654,37859,31969
32677,37860,31974
32661,37879,31975
32660,37847,31983
32720,37852,31981
32740,37843,31981
32720,37861,31995
32716,37869,31965
32688,37860,31967
32716,37855,31968
32726,37847,31966
32712,37860,31990
32708,37869,32012
32705,37863,32018
32721,37837,32016
32648,37863,32013
32664,37833,32029
32690,37849,32030
32724,37845,32036
32742,37833,32039
32732,37867,32019
32724,37831,32013
32740,37868,32029
32780,37857,32051
32796,37836,32066
32812,37853,32060
32833,37860,32069
32848,37825,32071
32840,37817,32036
32804,37846,32048
32820,37853,32054
32862,37828,32063
32872,37847,32091
32848,37861,32089
32892,37823,32103
32904,37831,32102
32960,37846,32111
32952,37855,32109
32892,37829,32096
32868,37842,32085
32809,37868,32077
32756,37861,32077
32800,37862,32100
32780,37828,32123
32716,37853,32132
32700,37842,32131
32664,37836,32135
32637,37853,32127
32637,37807,32129
32640,37845,32132
32636,37859,32140
32604,37834,32148
32564,37853,32146
32500,37863,32143
32448,37831,32143
32452,37849,32159
32464,37855,32165
32464,37831,32153
32492,37847,32162
32508,37869,32160
32550,37827,32148
32568,37861,32167
32588,37831,32173
32620,37850,32173
32645,37861,32170
32624,37840,32175
32626,37844,32165
32692,37854,32167
32788,37853,32169
32844,37831,32158
32848,37861,32161
32862,37855,32161
32856,37861,32158
32881,37853,32167
32884,37857,32167
32940,37837,32165
33020,37855,32167
33068,37844,32167
33088,37857,32142
33089,37858,32112
33090,37841,32124
33070,37863,32156
33045,37818,32157
33008,37858,32113
32984,37855,32124
32948,37823,32095
32964,37855,32116
32940,37815,32093
32964,37846,32092
32990,37855,32091
33012,37855,32092
33036,37839,32099
33104,37836,32081
33093,37852,32079
33032,37818,32087
33000,37829,32101
33017,37847,32095
32976,37836,32089
32968,37835,32084
33012,37841,32079
33022,37812,32087
33060,37837,32072
33078,37831,32053
33060,37833,32041
33088,37847,32068
33076,37843,32050
33060,37823,32052
33088,37843,32044
33084,37799,32044
33048,37835,32031
33088,37843,32033
33071,37847,32015
33080,37822,32006
33072,37828,32002
33032,37823,31990
32980,37831,31997
32973,37836,31991
32988,37819,31983
32946,37831,31977
32856,37828,31970
32704,37860,31964
32448,37806,31967
32117,37843,31957
31844,37809,31940
31622,37835,31940
31576,37839,31929
31648,37827,31924
31760,37851,31920
32149,37847,31912
32688,37829,31916
33280,37857,31908
34108,37847,31905
35428,37861,31900
37364,37856,31900
39640,37825,31887
42198,37815,31887
44765,37801,31884
47228,37799,31880
49388,37789,31872
50892,37807,31869
51628,37804,31872
51368,37798,31879
49693,37804,31869
47400,37807,31868
44876,37818,31845
42164,37823,31847
39172,37840,31841
36532,37829,31825
34944,37847,31815
33833,37837,31823
33096,37847,31815
32508,37829,31821
32004,37854,31832
31598,37865,31818
31304,37860,31823
31084,37843,31839
30996,37815,31844
30869,37837,31839
30770,37809,31817
30708,37861,31798
30644,37799,31794
30604,37845,31781
30581,37829,31777
30520,37828,31751
30416,37832,31765
30368,37820,31720
30396,37847,31701
30424,37789,31679
30428,37831,31669
30420,37833,31669
30436,37829,31655
30460,37854,31634
30496,37844,31615
30484,37831,31596
30444,37844,31584
30465,37839,31559
30472,37837,31532
30522,37828,31529
30596,37857,31516
30644,37807,31494
30706,37847,31481
30784,37836,31469
30833,37833,31485
30784,37859,31475
30744,37831,31470
30790,37837,31468
30850,37826,31461
30893,37839,31454
30928,37855,31471
30908,37819,31453
30965,37857,31449
31016,37860,31460
31052,37835,31478
31081,37857,31508
31068,37831,31504
31125,37813,31516
31194,37824,31532
31176,37855,31541
31156,37809,31544
31100,37839,31568
31168,37841,31575
31208,37845,31589
31240,37865,31589
31257,37818,31594
31297,37845,31607
31324,37831,31629
31328,37812,31623
31352,37847,31654
31388,37855,31676
31428,37862,31679
31465,37868,31677
31509,37847,31692
31516,37823,31695
31528,37851,31703
31540,37845,31705
31557,37859,31713
31620,37845,31708
31609,37839,31717
31676,37861,31719
31712,37814,31727
31724,37861,31724
31752,37847,31727
31768,37867,31735
31760,37863,31711
31810,37833,31697
31814,37853,31700
31861,37861,31717
31908,37853,31709
31936,37837,31679
32013,37863,31666
32028,37861,31656
32084,37844,31660
32060,37860,31653
32072,37855,31654
32124,37823,31638
32152,37847,31623
32198,37836,31605
32240,37823,31599
32312,37844,31577
32396,37859,31572
32476,37852,31550
32529,37845,31545
32544,37855,31533
32592,37871,31516
32644,37850,31503
32652,37842,31489
32732,37831,31495
32714,37831,31493
32668,37851,31481
32677,37863,31461
32676,37831,31453
32705,37869,31424
32729,37863,31417
32756,37861,31418
32757,37853,31401
32813,37839,31391
32864,37844,31362
32856,37835,31362
32896,37837,31372
32928,37839,31348
32888,37847,31335
32840,37861,31322
32824,37861,31300
32804,37863,31299
32752,37815,31272
32724,37840,31269
32696,37833,31273
32649,37828,31264
32576,37848,31239
32504,37863,31230
32454,37861,31193
32404,37820,31193
32368,37861,31197
32296,37849,31193
32260,37830,31175
32169,37852,31167
32072,37807,31152
32024,37836,31141
31997,37828,31117
32016,37831,31122
32016,37849,31109
32012,37860,31101
31981,37812,31093
31992,37820,31084
31912,37839,31063
31880,37831,31055
31866,37820,31055
31857,37814,31046
31900,37820,31039
31885,37831,31023
31872,37839,31015
31864,37789,30992
31868,37828,30983
31900,37805,30981
31900,37831,30982
31912,37829,30977
31916,37823,30974
31956,37831,30914
31992,37829,30968
32048,37823,30962
32016,37788,30951
32006,37821,30943
32009,37807,30933
32016,37805,30919
32008,37827,30916
32000,37822,30921
32008,37829,30910
32032,37767,30909
32073,37783,30905
32134,37826,30882
32136,37821,30895
32152,37813,30905
32164,37815,30909
32160,37807,30864
32176,37799,30911
32208,37796,30903
32208,37791,30914
32252,37815,30892
32276,37813,30917
32321,37786,30927
32300,37821,30915
32308,37811,30924
32356,37796,30908
32348,37799,30930
32332,37807,30927
32352,37813,30933
32336,37814,30927
32366,37812,30932
32431,37815,30938
32453,37815,30941
32452,37809,30935
32472,37819,30943
32484,37827,30946
32456,37767,30953
32480,37804,30953
32492,37793,30951
32460,37791,30951
32476,37781,30951
32512,37803,30970
32510,37818,30980
32544,37794,30980
32540,37814,30991
32524,37812,30983
32492,37799,30989
32526,37807,30996
32504,37807,31011
32505,37807,31023
32524,37797,31032
32548,37767,31028
32622,37773,31040
32672,37810,31042
32686,37807,31047
32709,37789,31046
32693,37822,31047
32692,37765,31058
32712,37799,31076
32730,37783,31041
32716,37807,31076
32718,37781,31107
32705,37804,31095
32776,37799,31095
32814,37799,31100
32788,37796,31116
32725,37807,31120
32700,37791,31126
32700,37804,31127
32737,37789,31142
32760,37805,31141
32806,37799,31161
32872,37803,31167
32894,37797,31177
32882,37805,31188
32836,37812,31194
32804,37799,31200
32760,37793,31213
32745,37767,31215
32716,37805,31230
32768,37755,31231
32868,37791,31239
32856,37804,31260
32886,37802,31275
32924,37797,31283
32928,37791,31271
32925,37801,31277
32953,37796,31281
32956,37775,31293
32964,37767,31295
32956,37799,31313
32974,37775,31324
32940,37792,31325
32944,37789,31335
32948,37807,31340
32925,37775,31334
32918,37765,31359
32942,37795,31366
32952,37789,31364
32916,37797,31380
32936,37755,31375
32968,37789,31367
32997,37767,31381
33028,37781,31401
33056,37807,31408
33068,37796,31414
33048,37791,31409
33014,37767,31431
32984,37791,31430
32960,37757,31439
32901,37773,31448
32924,37767,31453
32952,37799,31457
32988,37759,31445
33004,37799,31447
32998,37781,31461
32956,37795,31471
32924,37753,31471
32904,37781,31473
32944,37756,31495
32956,37789,31505
32972,37745,31519
32964,37788,31536
32972,37775,31533
32972,37767,31541
32996,37767,31549
33024,37779,31561
33013,37783,31552
33002,37735,31559
32976,37767,31570
32980,37759,31581
32976,37787,31585
32984,37782,31580
32992,37767,31577
32992,37797,31575
33028,37748,31588
33032,37778,31596
33052,37765,31596
33101,37774,31588
33096,37775,31597
33032,37764,31597
32992,37767,31637
32968,37767,31637
32904,37791,31637
32892,37747,31637
32900,37778,31644
32904,37741,31657
32932,37783,31631
32940,37767,31619
32946,37767,31629
32952,37772,31631
32964,37767,31622
32965,37783,31652
32940,37791,31660
32884,37767,31668
32825,37793,31663
32742,37788,31642
32684,37767,31644
32648,37789,31639
32597,37775,31651
32548,37767,31646
32560,37785,31661
32577,37765,31661
32628,37785,31673
32612,37775,31660
32613,37801,31668
32608,37784,31669
32596,37767,31674
32623,37785,31645
32656,37749,31641
32704,37757,31650
32756,37785,31647
32784,37767,31639
32832,37799,31631
32872,37797,31644
32900,37781,31644
32941,37767,31660
32916,37778,31652
32896,37797,31649
32884,37789,31661
32904,37775,31653
32960,37759,31623
33044,37785,31633
33116,37778,31636
33168,37805,31628
33216,37804,31630
33208,37791,31628
33192,37767,31636
33176,37778,31623
33132,37797,31623
33064,37766,31623
33054,37767,31622
33088,37767,31625
33085,37796,31623
33092,37791,31623
33060,37796,31623
33052,37767,31644
33037,37787,31640
33024,37767,31645
33018,37743,31644
33060,37777,31638
33092,37733,31647
33117,37765,31639
33164,37764,31643
33149,37783,31612
33129,37741,31623
33136,37757,31619
33176,37767,31605
33184,37775,31604
33136,37734,31606
33048,37767,31612
33058,37751,31620
33064,37781,31621
33080,37774,31620
33084,37752,31623
33088,37748,31612
33060,37783,31593
33048,37730,31573
33044,37756,31583
33020,37742,31591
33024,37757,31574
33020,37751,31585
33080,37767,31585
33104,37767,31584
33080,37765,31572
33076,37755,31572
33008,37765,31565
32826,37740,31573
32580,37775,31565
32292,37762,31562
32020,37759,31535
31812,37733,31554
31756,37751,31548
31848,37735,31557
31964,37767,31550
32300,37783,31551
32832,37775,31540
33376,37748,31553
34100,37767,31538
35296,37765,31528
37072,37759,31524
39140,37759,31514
41460,37749,31509
43868,37744,31528
46200,37741,31527
48324,37735,31525
49868,37721,31525
50717,37710,31519
50644,37727,31519
49276,37719,31524
47141,37735,31517
44828,37743,31517
42256,37745,31513
39408,37767,31493
36808,37789,31487
35136,37777,31495
33984,37781,31484
33246,37781,31512
32728,37777,31505
32238,37729,31511
31896,37751,31498
31617,37789,31522
31400,37743,31513
31220,37767,31495
31098,37796,31505
30992,37791,31481
30911,37767,31486
30812,37789,31495
30758,37732,31485
30676,37767,31466
30616,37791,31452
30573,37740,31436
30580,37781,31425
30567,37793,31406
30552,37785,31389
30568,37767,31365
30554,37796,31347
30548,37781,31324
30548,37759,31312
30564,37781,31294
30597,37748,31300
30628,37767,31295
30666,37796,31284
30668,37798,31273
30705,37767,31261
30732,37789,31251
30740,37781,31239
30756,37759,31225
30772,37793,31215
30806,37735,31213
30837,37767,31207
30860,37765,31215
30896,37777,31207
30972,37789,31199
30984,37795,31198
30990,37764,31207
31008,37780,31231
31012,37751,31236
31044,37777,31255
31040,37757,31263
31070,37741,31260
31136,37765,31284
31152,37767,31309
31180,37778,31318
31220,37767,31335
31268,37786,31341
31271,37761,31361
31276,37767,31383
31304,37767,31407
31326,37764,31413
31354,37779,31420
31376,37767,31438
31437,37735,31461
31492,37737,31469
31560,37775,31476
31596,37763,31493
31596,37789,31495
31588,37773,31504
31525,37761,31515
31517,37780,31533
31546,37751,31535
31568,37775,31543
31618,37767,31543
31664,37799,31561
31726,37789,31559
31800,37780,31572
31829,37783,31572
31856,37775,31573
31888,37769,31583
31894,37746,31575
31892,37765,31584
31924,37780,31575
31968,37773,31580
31984,37777,31566
31992,37793,31562
31997,37799,31563
32032,37747,31553
32058,37767,31543
32108,37789,31535
32128,37767,31525
32172,37767,31518
32266,37788,31511
32288,37788,31495
32328,37767,31483
32368,37797,31465
32400,37783,31448
32468,37756,31444
32496,37791,31421
32496,37767,31408
32580,37765,31404
32568,37788,31384
32640,37789,31353
32696,37781,31349
32700,37775,31340
32720,37801,31332
32790,37775,31327
32805,37791,31301
32822,37799,31285
32820,37759,31253
32848,37780,31253
32869,37775,31239
32925,37799,31233
32952,37803,31225
32966,37799,31204
32960,37791,31191
32964,37802,31174
32960,37815,31168
32960,37767,31161
32948,37788,31157
32968,37783,31143
32988,37783,31128
32989,37805,31108
32976,37801,31103
32940,37813,31084
32876,37799,31060
32804,37778,31058
32748,37807,31055
32652,37799,31042
32557,37783,31029
32487,37789,31023
32424,37799,31007
32372,37797,30989
32312,37783,30988
32288,37807,30967
32280,37759,30956
32236,37793,30947
32152,37767,30940
32077,37789,30929
32037,37785,30906
32017,37767,30902
32000,37778,30895
31988,37791,30882
32012,37747,30870
32000,37767,30855
32021,37797,30847
32012,37781,30839
31973,37778,30826
31894,37765,30807
31888,37767,30799
31904,37789,30785
31916,37735,30780
31960,37775,30767
31993,37780,30752
31993,37775,30727
31984,37783,30721
32004,37783,30715
32025,37767,30700
32044,37781,30692
32064,37739,30666
32052,37764,30657
32096,37783,30632
32132,37767,30631
32164,37774,30623
32172,37787,30614
32216,37767,30598
32206,37783,30584
32204,37764,30581
32222,37787,30573
32269,37737,30569
32276,37767,30557
32296,37767,30559
32312,37759,30546
32332,37757,30541
32360,37783,30535
32396,37783,30516
32392,37783,30513
32392,37732,30525
32367,37766,30524
32392,37765,30504
32404,37740,30513
32420,37767,30500
32440,37753,30500
32412,37767,30489
32468,37756,30493
32472,37783,30484
32448,37782,30479
32437,37759,30470
32420,37749,30461
32432,37767,30442
32468,37767,30447
32464,37748,30430
32516,37767,30436
32540,37727,30430
32568,37767,30418
32570,37756,30406
32576,37748,30396
32552,37767,30391
32528,37767,30389
32527,37759,30386
32505,37719,30383
32548,37763,30373
32586,37748,30373
32628,37780,30364
32656,37737,30351
32664,37751,30349
32645,37767,30349
32652,37761,30332
32660,37743,30341
32676,37764,30332
32660,37751,30327
32688,37743,30324
32712,37765,30316
32720,37767,30309
32756,37767,30295
32760,37759,30304
32774,37767,30308
32802,37735,30314
32808,37727,30293
32802,37747,30276
32808,37739,30279
32824,37759,30277
32796,37764,30264
32788,37756,30271
32812,37758,30285
32816,37751,30277
32832,37759,30260
32864,37763,30253
32850,37729,30244
32916,37751,30245
32928,37735,30263
32920,37747,30254
32936,37717,30260
32920,37750,30255
32941,37728,30260
32933,37728,30254
32940,37744,30249
32896,37727,30255
32920,37745,30244
32886,37694,30229
32872,37733,30223
32884,37718,30216
32884,37749,30228
32932,37749,30221
32948,37741,30223
32972,37746,30214
32964,37742,30215
32961,37733,30215
32964,37748,30215
32956,37735,30215
32957,37727,30215
32972,37746,30215
33044,37749,30204
33085,37735,30201
33076,37759,30215
33044,37762,30209
32992,37735,30214
32996,37713,30228
32977,37737,30225
32952,37725,30236
32964,37757,30253
32960,37717,30250
32972,37748,30245
33020,37735,30244
33034,37764,30260
33008,37765,30258
33012,37749,30261
33004,37754,30271
32997,37741,30284
32996,37730,30284
32960,37748,30300
32967,37747,30308
32982,37751,30316
32993,37740,30334
33032,37749,30335
33036,37765,30340
33024,37751,30343
33025,37757,30349
33049,37724,30357
33060,37735,30335
33020,37727,30359
32992,37735,30375
33020,37759,30373
33013,37749,30392
33032,37743,30388
33064,37734,30401
33049,37747,30400
33044,37759,30410
33008,37748,30429
33030,37727,30437
33004,37745,30437
32952,37749,30440
32972,37735,30445
33012,37759,30454
33024,37743,30445
33056,37725,30452
33052,37741,30462
33052,37751,30479
33048,37732,30476
33032,37751,30485
33048,37733,30492
33072,37740,30495
33098,37735,30492
33096,37751,30503
33108,37743,30505
33072,37767,30502
33114,37745,30526
33093,37741,30532
33044,37735,30533
33020,37759,30529
33008,37716,30540
33012,37751,30547
33040,37740,30559
33024,37759,30551
33024,37764,30557
33028,37729,30573
33020,37749,30583
33025,37751,30593
33000,37740,30588
32961,37748,30583
32977,37735,30596
33000,37734,30599
32988,37763,30602
33017,37763,30603
33010,37743,30612
33004,37749,30615
33004,37751,30616
32968,37767,30621
32961,37709,30625
32910,37748,30626
32860,37741,30612
32797,37765,30628
32752,37755,30621
32749,37755,30639
32730,37781,30648
32744,37777,30649
32760,37754,30655
32740,37759,30647
32730,37767,30652
32732,37748,30644
32738,37767,30645
32780,37747,30637
32820,37767,30660
32853,37756,30668
32900,37743,30685
32928,37781,30677
32980,37733,30679
32996,37766,30671
33036,37746,30676
33060,37719,30682
33017,37751,30677
33004,37775,30679
33020,37767,30681
33036,37757,30683
33092,37788,30686
33156,37780,30682
33248,37761,30684
33292,37780,30685
33348,37759,30688
33352,37759,30676
33364,37767,30676
33376,37749,30690
33350,37749,30678
33292,37753,30677
33232,37759,30679
33216,37775,30672
33228,37765,30670
33198,37758,30668
33212,37716,30673
33228,37733,30676
33200,37735,30674
33204,37741,30668
33253,37731,30665
33237,37759,30671
33196,37751,30672
33196,37735,30673
33200,37751,30679
33172,37708,30668
33172,37734,30679
33161,37725,30679
33172,37719,30685
33172,37743,30684
33168,37725,30681
33180,37734,30685
33164,37750,30687
33144,37740,30691
33127,37741,30680
33144,37708,30663
33159,37721,30664
33120,37735,30669
33093,37693,30653
33100,37714,30673
33152,37709,30671
33124,37731,30661
33080,37749,30660
33084,37732,30652
33106,37727,30639
33096,37708,30652
33088,37735,30657
33020,37723,30648
32932,37703,30648
32704,37730,30653
32478,37730,30645
32172,37725,30652
31885,37722,30629
31696,37755,30636
31730,37717,30636
31884,37719,30636
32100,37741,30643
32576,37698,30629
33068,37719,30632
33684,37735,30639
34652,37751,30628
36176,37721,30634
38117,37718,30645
40364,37727,30629
42748,37711,30616
45156,37700,30604
47428,37686,30621
49248,37677,30623
50468,37676,30596
50952,37671,30620
50260,37676,30621
48484,37701,30620
46316,37703,30620
43916,37714,30629
41160,37719,30624
38192,37716,30632
36072,37727,30623
34720,37731,30605
33700,37743,30607
33036,37732,30628
32436,37743,30623
31936,37719,30634
31554,37746,30633
31328,37721,30636
31132,37733,30644
31016,37735,30641
30912,37719,30638
30832,37743,30629
30721,37695,30626
30692,37724,30617
30608,37759,30605
30560,37705,30591
30536,37747,30577
30500,37717,30572
30480,37765,30553
30476,37692,30543
30464,37729,30519
30441,37737,30511
30468,37691,30490
30480,37724,30471
30528,37743,30467
30560,37703,30444
30588,37740,30397
30600,37732,30436
30596,37751,30428
30621,37707,30429
30656,37735,30401
30664,37743,30384
30688,37692,30372
30725,37714,30375
30788,37749,30373
30816,37740,30375
30817,37727,30369
30848,37751,30361
30880,37735,30375
30912,37727,30376
30948,37740,30380
30940,37698,30391
30996,37735,30421
31050,37717,30426
31036,37741,30454
31020,37738,30457
31064,37736,30475
31080,37727,30487
31032,37751,30501
31048,37711,30520
31085,37735,30524
31104,37709,30536
31140,37743,30544
31204,37685,30564
31234,37727,30583
31292,37751,30585
31310,37700,30592
31317,37735,30615
31340,37732,30638
31364,37735,30647
31400,37731,30663
31405,37716,30668
31428,37715,30673
31501,37712,30687
31528,37748,30693
31556,37700,30700
31597,37733,30710
31620,37751,30718
31632,37751,30725
31632,37734,30727
31624,37725,30748
31652,37714,30744
31692,37730,30756
31733,37741,30767
31764,37703,30757
31804,37735,30780
31870,37725,30783
31908,37724,30784
31952,37733,30780
31948,37741,30779
31996,37703,30772
32040,37720,30768
32008,37727,30762
32080,37713,30768
32136,37711,30769
32188,37748,30761
32232,37724,30748
32276,37736,30746
32312,37729,30727
32328,37716,30727
32392,37706,30712
32464,37735,30692
32460,37743,30693
32546,37697,30687
32596,37707,30677
32638,37748,30671
32680,37741,30662
32700,37735,30648
32748,37746,30639
32724,37747,30629
32736,37743,30613
32805,37751,30601
32808,37735,30583
32804,37724,30583
32832,37749,30578
32852,37758,30576
32904,37752,30575
32945,37756,30565
32942,37743,30546
32948,37749,30543
32900,37751,30531
32886,37748,30508
32893,37703,30511
32920,37748,30516
32940,37735,30501
32956,37732,30486
32932,37754,30474
32904,37757,30462
32884,37756,30460
32796,37708,30458
32669,37740,30461
32592,37743,30448
32549,37743,30430
32480,37743,30424
32417,37735,30422
32376,37727,30399
32288,37753,30396
32236,37748,30388
32148,37719,30391
32113,37743,30383
32084,37735,30373
32036,37715,30356
31964,37737,30357
31937,37684,30354
31912,37719,30343
31900,37735,30339
31876,37732,30332
31830,37716,30325
31808,37735,30321
31788,37681,30313
31736,37721,30305
31714,37703,30301
31730,37720,30290
31772,37717,30290
31800,37716,30286
31804,37696,30294
31812,37735,30286
31800,37727,30269
31768,37698,30273
31736,37709,30262
31796,37700,30261
31820,37695,30247
31790,37679,30237
31808,37701,30249
31844,37664,30247
31912,37684,30235
31928,37709,30231
31956,37703,30223
31948,37685,30215
31904,37702,30215
31913,37699,30209
31932,37694,30207
31934,37666,30215
31924,37703,30210
31964,37703,30215
31996,37695,30209
32012,37685,30208
32008,37709,30212
32060,37700,30215
32028,37655,30223
32028,37678,30231
32037,37684,30231
32068,37692,30236
32065,37695,30245
32112,37687,30249
32156,37692,30256
32168,37684,30254
32184,37673,30261
32180,37699,30265
32216,37639,30283
32206,37671,30285
32213,37660,30276
32232,37655,30284
32240,37678,30284
32256,37660,30286
32260,37687,30300
32318,37669,30294
32335,37669,30305
32325,37684,30303
32342,37652,30309
32392,37670,30310
32372,37657,30297
32352,37668,30317
32373,37657,30325
32400,37669,30327
32420,37659,30339
32440,37689,30341
32456,37686,30348
32432,37671,30349
32428,37653,30368
32433,37683,30380
32448,37636,30372
32453,37661,30395
32444,37654,30398
32460,37679,30405
32500,37637,30404
32512,37672,30404
32524,37660,30408
32536,37690,30415
32524,37632,30391
32520,37653,30441
32512,37671,30443
32532,37670,30444
32540,37657,30447
32548,37669,30454
32560,37655,30467
32580,37663,30479
32628,37676,30503
32612,37679,30498
32590,37637,30503
32597,37668,30500
32600,37652,30511
32617,37639,30523
32592,37639,30524
32596,37671,30517
32616,37677,30537
32608,37631,30532
32608,37677,30543
32609,37657,30557
32624,37671,30535
32628,37666,30562
32614,37625,30575
32622,37631,30588
32650,37663,30604
32668,37660,30596
32732,37655,30603
32730,37631,30604
32696,37676,30616
32697,37655,30628
32696,37655,30632
32706,37631,30656
32720,37655,30662
32696,37655,30655
32704,37659,30661
32752,37612,30677
32752,37655,30666
32764,37647,30677
32772,37639,30677
32762,37631,30689
32732,37653,30709
32716,37659,30703
32696,37612,30713
32708,37623,30716
32732,37639,30713
32743,37631,30727
32748,37669,30727
32789,37663,30710
32796,37665,30751
32801,37621,30756
32768,37620,30775
32744,37607,30764
32744,37639,30775
32769,37639,30772
32805,37637,30773
32812,37639,30790
32828,37650,30794
32822,37636,30803
32832,37629,30805
32825,37660,30806
32841,37628,30820
32768,37627,30823
32749,37652,30821
32768,37629,30831
32824,37639,30841
32813,37639,30840
32814,37668,30838
32844,37661,30847
32852,37655,30852
32821,37623,30852
32816,37655,30855
32828,37639,30855
32822,37652,30855
32856,37613,30863
32848,37637,30859
32860,37639,30868
32868,37663,30860
32872,37629,30861
32860,37663,30852
32848,37639,30865
32837,37616,30855
32813,37652,30854
32836,37631,30842
32836,37655,30853
32809,37639,30849
32813,37639,30857
32828,37638,30855
32844,37662,30850
32852,37663,30841
32836,37639,30839
32812,37628,30834
32805,37639,30845
32776,37631,30839
32776,37631,30829
32804,37623,30820
32788,37657,30815
32816,37663,30823
32816,37654,30828
32832,37639,30823
32854,37628,30817
32809,37648,30813
32772,37639,30811
32832,37628,30803
32824,37639,30793
32832,37639,30795
32836,37607,30791
32852,37647,30811
32900,37639,30799
32864,37639,30791
32860,37631,30784
32868,37639,30785
32848,37639,30791
32848,37607,30790
32852,37628,30788
32868,37621,30774
32880,37639,30775
32908,37653,30761
32936,37639,30749
32933,37637,30759
32901,37638,30759
32921,37623,30749
32916,37631,30745
32892,37639,30736
32868,37602,30724
32860,37633,30727
32879,37635,30727
32864,37631,30727
32828,37615,30721
32788,37653,30714
32716,37623,30706
32688,37639,30708
32660,37629,30700
32600,37612,30711
32612,37639,30695
32621,37639,30692
32644,37649,30689
32677,37647,30679
32676,37633,30673
32692,37617,30670
32668,37652,30643
32676,37623,30666
32668,37639,30665
32684,37631,30652
32716,37627,30657
32764,37639,30638
32840,37627,30659
32888,37661,30647
32924,37621,30647
32888,37639,30649
32876,37621,30640
32877,37636,30653
32896,37601,30645
32916,37611,30641
32992,37623,30633
33061,37607,30632
33144,37619,30624
33168,37631,30625
33288,37605,30612
33284,37633,30625
33232,37625,30616
33176,37590,30620
33106,37605,30613
33064,37600,30605
33036,37588,30598
33026,37607,30607
33048,37591,30595
33028,37620,30613
33040,37604,30605
33041,37596,30604
33006,37609,30596
33007,37588,30599
33012,37599,30588
33017,37582,30598
33044,37593,30596
33061,37589,30599
33020,37605,30598
33044,37573,30599
33044,37592,30591
33057,37577,30594
33053,37591,30589
33028,37589,30588
33016,37574,30589
33020,37585,30594
32980,37581,30598
32997,37569,30585
32998,37597,30584
33008,37581,30581
33012,37599,30582
33028,37587,30580
33024,37575,30590
33008,37592,30585
32988,37549,30580
32952,37569,30573
32964,37583,30574
32988,37575,30572
32992,37587,30572
33000,37543,30585
32984,37575,30568
32854,37587,30576
32592,37565,30574
32306,37574,30579
32012,37583,30576
31784,37575,30565
31648,37573,30567
31697,37562,30566
31808,37589,30566
32076,37559,30564
32556,37589,30556
33057,37583,30564
33688,37571,30569
34724,37595,30572
36368,37580,30564
38373,37575,30566
40681,37551,30565
43104,37548,30561
45556,37548,30567
47808,37541,30559
49516,37543,30544
50668,37546,30564
51058,37525,30572
50168,37541,30560
48368,37540,30582
46228,37548,30575
43792,37551,30564
41024,37563,30567
38152,37574,30564
36148,37579,30561
34768,37597,30575
33796,37599,30565
33088,37575,30579
32421,37599,30591
31908,37588,30587
31556,37579,30610
31301,37600,30598
31140,37591,30612
30992,37572,30612
30896,37607,30601
30796,37597,30607
30716,37607,30599
30636,37554,30596
30572,37587,30591
30495,37599,30585
30420,37596,30572
30376,37575,30551
30372,37607,30535
30388,37602,30524
30372,37602,30519
30388,37597,30506
30432,37615,30497
30452,37548,30495
30436,37579,30474
30416,37599,30471
30424,37585,30462
30448,37575,30452
30508,37545,30435
30564,37572,30439
30592,37571,30437
30590,37582,30431
30592,37611,30418
30620,37597,30392
30668,37597,30399
30710,37580,30407
30740,37572,30389
30780,37577,30389
30816,37589,30391
30852,37564,30396
30912,37597,30404
30910,37597,30406
30928,37588,30410
30976,37605,30425
31032,37596,30430
30988,37579,30449
31017,37603,30457
31048,37551,30471
31060,37591,30476
31108,37599,30493
31140,37605,30511
31212,37595,30521
31236,37606,30533
31257,37557,30546
31269,37595,30567
31276,37591,30591
31296,37549,30589
31333,37581,30604
31380,37597,30616
31396,37596,30643
31396,37605,30644
31416,37585,30665
31448,37599,30683
31436,37592,30689
31444,37599,30703
31464,37565,30723
31482,37574,30727
31508,37571,30740
31541,37581,30749
31572,37601,30761
31588,37604,30764
31640,37612,30782
31680,37564,30796
31720,37588,30798
31732,37607,30807
31773,37575,30823
31820,37591,30820
31865,37606,30825
31880,37592,30837
31900,37571,30836
31968,37615,30843
32028,37592,30836
32073,37615,30828
32060,37568,30845
32142,37596,30834
32182,37607,30844
32192,37601,30832
32236,37585,30820
32261,37601,30822
32324,37605,30815
32378,37607,30810
32432,37621,30793
32497,37617,30780
32524,37623,30766
32549,37599,30753
32566,37613,30756
32629,37615,30733
32666,37597,30720
32720,37615,30715
32770,37573,30701
32820,37609,30689
32868,37620,30678
32886,37612,30667
32922,37612,30661
32964,37597,30645
32952,37619,30636
32952,37604,30631
32976,37595,30612
32986,37627,30604
33020,37614,30607
33040,37599,30589
33048,37629,30596
33056,37615,30575
33057,37605,30574
33060,37619,30556
33022,37613,30544
32984,37597,30546
32964,37596,30533
32952,37621,30519
32912,37623,30503
32848,37623,30498
32780,37612,30492
32724,37607,30484
32644,37612,30471
32534,37615,30465
32437,37591,30452
32372,37589,30447
32332,37600,30443
32268,37601,30430
32172,37595,30423
32100,37617,30410
32089,37607,30409
32036,37607,30396
31964,37563,30389
31884,37582,30380
31845,37599,30387
31808,37553,30372
31792,37575,30375
31788,37589,30380
31788,37568,30365
31774,37592,30359
31749,37581,30353
31744,37604,30357
31772,37587,30341
31757,37572,30343
31704,37583,30334
31688,37583,30329
31716,37588,30322
31738,37564,30323
31748,37584,30327
31792,37606,30337
31821,37604,30333
31798,37575,30319
31804,37605,30321
31876,37590,30311
31880,37579,30308
31880,37575,30303
31900,37583,30294
31909,37575,30301
31944,37595,30299
31936,37599,30287
31964,37589,30283
31976,37565,30280
32008,37575,30279
31980,37597,30270
31980,37580,30284
32000,37591,30280
32016,37551,30281
32036,37576,30288
32048,37606,30301
32068,37603,30297
32060,37607,30317
32120,37566,30308
32141,37597,30309
32132,37561,30317
32149,37596,30340
32154,37585,30343
32164,37583,30351
32190,37568,30363
32208,37604,30350
32244,37588,30351
32292,37589,30353
32296,37591,30361
32298,37613,30373
32300,37598,30367
32256,37563,30373
32246,37597,30365
32263,37599,30391
32321,37591,30387
32324,37580,30388
32368,37613,30398
32398,37607,30396
32397,37575,30377
32404,37603,30413
32393,37578,30437
32364,37604,30434
32368,37577,30428
32386,37603,30445
32404,37589,30437
32408,37582,30449
32440,37614,30460
32489,37570,30486
32512,37600,30484
32516,37591,30480
32536,37607,30502
32512,37602,30493
32508,37551,30518
32540,37587,30512
32532,37603,30511
32528,37595,30533
32552,37582,30542
32604,37607,30541
32636,37598,30551
32616,37597,30551
32612,37578,30548
32608,37573,30573
32638,37571,30573
32620,37575,30571
32648,37596,30595
32672,37607,30595
32676,37589,30599
32673,37605,30599
32696,37596,30599
32708,37612,30622
32736,37593,30625
32709,37603,30632
32720,37594,30636
32702,37581,30607
32712,37588,30650
32733,37617,30659
32729,37582,30663
32737,37597,30668
32732,37618,30676
32736,37612,30685
32701,37580,30679
32748,37597,30694
32756,37599,30692
32763,37586,30703
32733,37609,30719
32740,37607,30717
32756,37574,30721
32780,37601,30741
32772,37610,30745
32752,37615,30740
32741,37606,30749
32724,37567,30756
32782,37584,30772
32784,37596,30775
32800,37601,30757
32830,37613,30791
32816,37615,30791
32812,37615,30799
32813,37602,30790
32816,37599,30815
32800,37595,30822
32796,37607,30825
32788,37607,30829
32764,37611,30842
32782,37567,30853
32810,37603,30856
32840,37599,30853
32864,37605,30880
32855,37620,30885
32824,37613,30893
32814,37606,30909
32820,37572,30917
32840,37584,30913
32848,37587,30933
32852,37576,30932
32860,37597,30951
32864,37611,30956
32884,37607,30960
32868,37581,30961
32840,37569,30980
32824,37565,30988
32832,37587,30994
32852,37596,30988
32870,37585,31009
32880,37581,31031
32869,37593,31012
32900,37591,31016
32936,37607,31028
32924,37619,31047
32900,37611,31054
32892,37606,31054
32888,37583,31052
32880,37556,31060
32901,37599,31077
32936,37603,31076
32944,37586,31079
32960,37589,31071
32964,37620,31087
32964,37590,31100
32957,37586,31105
32961,37605,31109
32980,37589,31109
32928,37565,31124
32908,37605,31105
32880,37565,31129
32933,37583,31133
32948,37607,31134
32989,37598,31132
32976,37607,31147
32964,37612,31156
32928,37604,31153
32916,37568,31140
32896,37595,31156
32944,37591,31176
32980,37604,31172
33020,37589,31179
33057,37612,31183
33076,37599,31158
33052,37617,31178
33020,37607,31203
33020,37605,31201
33045,37597,31205
33000,37595,31193
33007,37602,31215
33028,37587,31227
32990,37588,31229
32924,37599,31214
32956,37593,31249
33025,37607,31239
33000,37619,31261
32940,37615,31239
32888,37585,31270
32800,37575,31269
32740,37607,31260
32762,37599,31274
32801,37601,31295
32860,37613,31311
32891,37622,31293
32852,37599,31329
32828,37585,31331
32760,37603,31348
32709,37575,31364
32716,37602,31372
32689,37575,31375
32684,37607,31404
32694,37591,31431
32668,37623,31444
32620,37585,31466
32612,37601,31465
32660,37615,31484
32692,37607,31525
32652,37570,31565
32536,37607,31583
32468,37583,31621
32492,37601,31622
32552,37620,31648
32574,37584,31709
32628,37607,31740
32674,37587,31767
32736,37588,31788
32852,37588,31831
32821,37604,31861
32749,37589,31897
32748,37597,31927
32740,37586,31927
32724,37613,31960
32744,37583,32020
32826,37597,32068
32908,37585,32119
33022,37605,32149
33143,37593,32173
33204,37575,32228
33276,37594,32222
33220,37601,32303
33125,37588,32351
33036,37585,32369
32903,37585,32431
32798,37607,32476
32852,37602,32487
32860,37591,32512
32836,37575,32568
32804,37593,32657
32783,37553,32695
32753,37583,32743
32720,37572,32775
32793,37589,32847
32885,37594,32852
32932,37567,32895
32916,37584,32926
32969,37576,32982
32976,37565,33076
32920,37562,33124
32895,37565,33189
32797,37564,33253
32836,37585,33308
32834,37548,33360
32876,37582,33408
32968,37591,33483
33016,37591,33521
33016,37543,33577
32968,37571,33626
32728,37556,33697
32528,37575,33749
32553,37537,33823
32652,37567,33893
32734,37567,33956
32744,37559,33957
32824,37591,33983
32804,37585,34055
32752,37591,34188
32717,37583,34274
32632,37581,34320
32616,37536,34411
32559,37575,34393
32428,37575,34484
32252,37573,34622
31965,37575,34669
31669,37600,34741
31588,37550,34839
31704,37583,34855
31858,37574,34891
32204,37583,34964
32820,37588,35028
33406,37565,35167
34112,37580,35280
35137,37583,35361
36638,37573,35404
38428,37575,35503
40468,37581,35591
42516,37567,35653
44528,37561,35719
46480,37543,35758
48016,37541,35847
48860,37542,35953
48944,37543,35937
47816,37564,35977
45974,37566,36122
43904,37572,36229
41600,37583,36277
38948,37593,36368
36381,37607,36449
34780,37597,36531
33817,37571,36485
33048,37597,36540
32505,37593,36607
32076,37583,36737
31808,37607,36783
31601,37601,36941
31360,37604,36946
31229,37601,37052
31173,37607,37004
31154,37603,37127
31220,37593,37191
31168,37599,37285
31016,37571,37237
30908,37599,37268
30720,37607,37383
30704,37599,37495
30728,37588,37503
30704,37591,37552
30620,37565,37633
30596,37599,37549
30625,37573,37577
30544,37594,37717
30544,37599,37772
30581,37601,37841
30664,37587,37823
30736,37613,37879
30796,37609,37940
30823,37567,37985
30828,37599,38047
30896,37588,37951
31040,37577,37983
31136,37603,38045
31140,37553,38063
31108,37607,38183
31064,37600,38301
31013,37589,38302
31060,37584,38373
31104,37607,38372
31072,37567,38384
31060,37567,38500
31092,37588,38396
31153,37579,38444
31236,37557,38513
31296,37603,38679
31344,37597,38733
31384,37561,38719
31424,37552,38807
31412,37552,38704
31396,37597,38868
31416,37567,38852
31446,37543,38821
31509,37595,38855
31584,37593,39065
31636,37583,38992
31644,37583,39081
31649,37591,38983
31672,37583,39197
31672,37587,39164
31656,37583,39063
31688,37583,39208
31716,37583,39236
31744,37575,39254
31780,37580,39284
31812,37607,39303
31864,37605,39325
31912,37577,39344
31944,37599,39191
31952,37596,39203
31972,37582,39317
32012,37575,39337
32032,37589,39375
32060,37603,39205
32101,37606,39365
32136,37607,39279
32188,37607,39320
32218,37599,39156
32236,37621,39135
32264,37620,39239
32288,37617,39268
32320,37613,39136
32396,37581,39175
32380,37604,39165
32405,37607,38977
32456,37613,39009
32532,37607,39077
32564,37602,39029
32598,37621,38949
32644,37620,38897
32676,37615,38831
32738,37615,38714
32772,37565,38663
32844,37575,38757
32934,37615,38735
32972,37612,38684
33029,37615,38580
33052,37615,38567
33068,37610,38376
33104,37606,38356
33088,37599,38367
33105,37612,38357
33152,37612,38347
33159,37587,38215
33211,37620,38192
33220,37606,38151
33196,37636,38114
33200,37639,37904
33157,37597,37989
33135,37599,37885
33140,37627,37893
33149,37621,37701
33140,37609,37718
33120,37607,37727
33156,37603,37606
33133,37605,37583
33104,37631,37508
33120,37639,37455
33124,37607,37406
33048,37599,37351
32929,37601,37312
32728,37613,37268
32590,37603,37223
32496,37598,37045
32397,37622,36976
32328,37625,36903
32208,37631,36977
32103,37625,36943
32040,37631,36837
31933,37631,36812
31810,37623,36655
31744,37575,36575
31696,37583,36558
31665,37607,36529
31608,37613,36548
31569,37601,36484
31516,37607,36389
31500,37620,36333
31476,37575,36276
31408,37599,36231
31396,37607,36230
31393,37608,36150
31396,37573,36118
31420,37559,36030
31388,37602,35988
31361,37605,35974
31328,37601,35929
31321,37591,35780
31324,37602,35748
31369,37615,35692
31391,37595,35609
31388,37591,35580
31384,37575,35645
31412,37597,35564
31413,37566,35525
31424,37575,35511
31440,37567,35456
31456,37591,35415
31473,37574,35373
31450,37555,35319
31420,37583,35277
31457,37580,35165
31521,37577,35097
31532,37578,35036
31520,37589,35039
31548,37591,35078
31552,37597,35039
31616,37582,34972
31648,37559,34937
31662,37577,34916
31680,37561,34900
31705,37572,34822
31716,37558,34743
31712,37552,34756
31756,37559,34754
31784,37539,34715
31820,37590,34663
31812,37575,34662
31812,37583,34601
31876,37575,34607
31926,37567,34639
31940,37551,34599
31972,37535,34591
32004,37569,34565
32012,37572,34513
32028,37572,34511
32100,37571,34468
32108,37563,34442
32110,37543,34414
32144,37545,34409
32096,37561,34407
32092,37568,34385
32116,37527,34357
32140,37557,34321
32172,37551,34292
32232,37575,34277
32273,37577,34270
32260,37559,34252
32296,37552,34245
32312,37540,34159
32332,37556,34127
32336,37565,34113
32368,37511,34172
32376,37517,34151
32376,37549,34133
32449,37543,34109
32488,37572,34108
32492,37533,34092
32488,37559,34082
32518,37537,34071
32476,37549,34079
32485,37509,34043
32512,37542,34028
32556,37528,34014
32628,37561,34008
32624,37557,34013
32625,37543,34000
32640,37565,33981
32596,37565,33971
32604,37565,33953
32605,37565,33947
32597,37541,33937
32604,37541,33942
32613,37537,33868
32644,37535,33836
32661,37550,33872
32644,37575,33904
32652,37553,33889
32677,37559,33865
32644,37540,33860
32596,37533,33867
32660,37537,33874
32672,37533,33767
32704,37534,33860
32740,37556,33863
32696,37569,33829
32704,37571,33823
32732,37575,33838
32718,37548,33735
32696,37535,33766
32657,37551,33799
32644,37543,33799
32648,37543,33775
32668,37535,33793
32730,37527,33742
32760,37561,33692
32773,37570,33685
32800,37527,33671
32790,37557,33687
32784,37545,33767
32728,37536,33735
32700,37535,33739
32632,37524,33692
32665,37542,33653
32704,37551,33638
32740,37545,33663
32796,37535,33729
32812,37567,33705
32824,37541,33692
32788,37535,33703
32796,37551,33708
32796,37528,33647
32812,37525,33604
32816,37503,33684
32832,37506,33671
32837,37516,33679
32863,37533,33637
32848,37524,33603
32800,37519,33599
32746,37509,33671
32762,37543,33658
32800,37509,33650
32816,37543,33596
32784,37543,33564
32724,37543,33637
32704,37543,33629
32764,37529,33618
32744,37565,33629
32788,37511,33624
32788,37543,33627
32760,37535,33569
32768,37549,33533
32776,37540,33521
32816,37509,33511
32813,37544,33534
32820,37533,33527
32832,37551,33561
32842,37559,33551
32866,37519,33569
32828,37543,33569
32790,37527,33535
32745,37520,33532
32736,37547,33519
32748,37509,33519
32730,37541,33533
32728,37537,33519
32728,37557,33516
32724,37535,33502
32752,37541,33483
32748,37549,33469
32736,37511,33462
32716,37535,33454
32745,37520,33460
32764,37527,33431
32766,37556,33437
32820,37511,33439
32842,37541,33415
32808,37541,33391
32784,37555,33341
32749,37507,33316
32672,37540,33294
32616,37527,33312
32585,37548,33372
32553,37544,33354
32578,37524,33327
32552,37554,33332
32532,37535,33327
32532,37554,33316
32572,37543,33303
32548,37539,33244
32545,37511,33204
32540,37509,33198
32568,37525,33177
32584,37534,33171
32580,37551,33153
32616,37557,33181
32672,37556,33197
32680,37541,33181
32669,37548,33176
32692,37533,33165
32716,37545,33151
32744,37543,33142
32765,37540,33151
32756,37520,33116
32788,37541,33055
32852,37543,33055
32944,37535,33055
33001,37531,33031
33045,37551,33007
33046,37543,33003
33060,37501,32992
33105,37532,32999
33132,37533,33046
33128,37519,33023
33050,37525,33026
32973,37543,33017
32956,37533,32943
32956,37527,32935
32944,37543,32956
32940,37541,32966
32956,37522,32968
32924,37529,32955
32917,37532,32933
32901,37533,32929
32904,37529,32923
32916,37527,32917
32928,37543,32897
32976,37548,32895
32997,37556,32823
32996,37518,32814
33004,37495,32871
33014,37500,32849
33004,37511,32841
33021,37509,32813
33040,37535,32821
33028,37543,32772
33028,37519,32756
32974,37511,32739
32976,37527,32733
32968,37525,32775
32974,37510,32767
32918,37526,32756
32932,37519,32733
32925,37511,32711
32964,37516,32711
32964,37525,32700
32952,37511,32696
32996,37511,32689
32984,37495,32645
32977,37494,32612
32960,37501,32642
32890,37495,32647
32741,37497,32652
32520,37497,32637
32213,37523,32638
31952,37533,32645
31766,37535,32609
31712,37484,32588
31828,37521,32591
32012,37505,32605
32358,37494,32614
32868,37490,32627
33400,37519,32663
34093,37489,32639
35198,37511,32646
36804,37525,32657
38785,37518,32710
41016,37500,32709
43165,37499,32712
45304,37479,32740
47316,37469,32751
48808,37463,32759
49604,37463,32763
49660,37473,32769
48384,37477,32781
46284,37495,32791
44148,37506,32796
41816,37511,32797
39057,37508,32813
36437,37524,32828
34752,37532,32833
33728,37492,32844
33041,37519,32862
32524,37521,32823
32084,37511,32799
31781,37538,32815
31529,37532,32831
31380,37500,32821
31256,37503,32836
31152,37543,32845
31040,37511,32828
31008,37533,32828
30928,37540,32839
30852,37548,32846
30784,37498,32828
30772,37541,32791
30720,37541,32775
30708,37539,32767
30688,37531,32701
30680,37556,32654
30666,37495,32629
30664,37529,32601
30688,37523,32572
30700,37538,32599
30688,37551,32579
30741,37551,32535
30756,37548,32516
30772,37514,32467
30768,37511,32407
30772,37543,32386
30800,37511,32375
30884,37511,32375
30900,37533,32343
30884,37535,32320
30928,37511,32310
30946,37543,32249
30996,37527,32236
31041,37549,32205
31076,37543,32198
31096,37545,32208
31116,37503,32213
31136,37535,32196
31160,37506,32186
31188,37533,32180
31204,37492,32176
31252,37537,32179
31276,37533,32148
31308,37527,32133
31304,37511,32121
31300,37535,32124
31321,37538,32123
31360,37537,32129
31388,37541,32156
31432,37530,32155
31496,37543,32136
31540,37493,32153
31588,37540,32097
31596,37529,32094
31604,37521,32111
31660,37510,32108
31676,37543,32108
31665,37535,32108
31688,37503,32088
31708,37525,32083
31756,37508,32068
31828,37541,32067
31860,37564,32055
31893,37533,31999
31964,37545,31995
31956,37535,32015
31960,37533,32004
32016,37511,31988
32020,37541,31978
32053,37503,31973
32068,37525,31909
32117,37502,31917
32164,37547,31916
32236,37511,31911
32240,37541,31890
32249,37541,31874
32304,37535,31826
32332,37523,31842
32356,37525,31821
32400,37519,31795
32484,37543,31783
32516,37556,31726
32598,37560,31730
32640,37563,31709
32669,37558,31687
32726,37561,31636
32776,37510,31615
32821,37535,31576
32881,37541,31563
32932,37550,31561
33004,37564,31527
33048,37551,31495
33112,37550,31476
33156,37561,31439
33189,37547,31396
33212,37536,31388
33248,37559,31350
33284,37557,31328
33320,37563,31252
33332,37511,31255
33360,37553,31231
33412,37559,31217
33432,37555,31192
33424,37553,31164
33372,37549,31135
33320,37567,31059
33280,37573,31067
33284,37525,31044
33260,37549,31031
33240,37532,31012
33249,37559,30977
33228,37549,30958
33200,37559,30929
33118,37556,30911
33016,37571,30895
32940,37573,30863
32860,37581,30823
32796,37570,30823
32708,37568,30789
32617,37567,30767
32520,37575,30737
32420,37591,30727
32346,37588,30703
32300,37581,30686
32208,37573,30645
32158,37533,30620
32060,37562,30613
31988,37551,30591
31920,37543,30564
31899,37541,30553
31856,37548,30517
31844,37550,30519
31820,37548,30487
31800,37547,30458
31758,37567,30423
31749,37567,30430
31745,37563,30405
31724,37535,30392
31708,37543,30365
31710,37535,30346
31724,37564,30357
31728,37555,30329
31720,37565,30313
31720,37517,30292
31720,37561,30266
31728,37508,30292
31740,37557,30254
31773,37540,30236
31767,37541,30230
31764,37529,30214
31837,37544,30203
31892,37563,30180
31896,37564,30161
31892,37563,30184
31884,37531,30149
31868,37511,30146
31852,37511,30117
31864,37543,30130
31920,37545,30117
31936,37551,30063
31957,37558,30113
31960,37557,30088
31992,37557,30084
32004,37565,30078
32008,37561,30095
31980,37559,30087
32004,37551,30084
32004,37548,30096
32028,37541,30086
32092,37549,30092
32112,37551,30080
32101,37557,30079
32120,37556,30111
32116,37565,30097
32142,37535,30085
32140,37511,30087
32160,37543,30073
32178,37543,30092
32173,37546,30103
32204,37543,30085
32248,37532,30092
32269,37532,30094
32317,37544,30087
32368,37549,30087
32430,37548,30116
32364,37547,30103
32336,37541,30101
32356,37537,30086
32356,37513,30113
32369,37495,30101
32388,37532,30104
32452,37511,30093
32448,37519,30121
32480,37511,30103
32460,37517,30113
32472,37535,30105
32456,37543,30120
32492,37519,30145
32506,37483,30135
32524,37511,30143
32532,37511,30131
32556,37529,30141
32600,37532,30166
32588,37551,30150
32568,37509,30156
32556,37535,30153
32560,37511,30175
32600,37509,30189
32632,37503,30181
32620,37495,30185
32616,37527,30185
32670,37531,30178
32661,37487,30132
32688,37533,30205
32700,37517,30204
32694,37511,30210
32688,37523,30213
32687,37524,30215
32686,37519,30212
32700,37511,30237
32716,37521,30255
32718,37527,30255
32741,37487,30245
32740,37536,30247
32728,37523,30231
32720,37510,30277
32740,37501,30273
32764,37516,30277
32741,37533,30266
32736,37499,30284
32746,37524,30290
32744,37511,30308
32760,37511,30308
32775,37524,30309
32754,37524,30317
32708,37519,30317
32692,37527,30327
32732,37495,30332
32740,37502,30335
32766,37500,30335
32788,37511,30343
32800,37532,30356
32801,37512,30372
32812,37535,30373
32788,37535,30375
32801,37495,30377
32812,37511,30383
32780,37528,30395
32748,37517,30409
32752,37503,30405
32758,37535,30415
32764,37535,30417
32790,37527,30428
32828,37541,30433
32820,37504,30436
32818,37516,30447
32862,37533,30453
32832,37493,30452
32820,37527,30461
32806,37541,30476
32797,37519,30480
32829,37543,30479
32860,37549,30492
32832,37549,30500
32816,37543,30500
32854,37524,30516
32814,37543,30528
32804,37509,30516
32780,37533,30537
32764,37527,30546
32768,37535,30549
32772,37543,30539
32788,37557,30549
32814,37519,30553
32816,37541,30556
32820,37558,30563
32834,37532,30565
32848,37540,30567
32836,37557,30575
32813,37511,30577
32816,37542,30584
32828,37564,30591
32820,37522,30595
32820,37551,30597
32848,37548,30619
32848,37560,30628
32848,37527,30617
32824,37535,30613
32832,37560,30613
32868,37551,30615
32884,37540,30632
32916,37575,30636
32929,37551,30637
32945,37567,30642
32912,37569,30657
32878,37543,30657
32856,37564,30658
32828,37543,30661
32824,37558,30661
32860,37529,30672
32876,37559,30671
32896,37575,30673
32888,37563,30685
32836,37575,30676
32860,37581,30693
32860,37567,30703
32804,37583,30708
32720,37565,30695
32676,37580,30693
32672,37548,30706
32636,37567,30714
32620,37599,30724
32608,37596,30720
32564,37580,30727
32548,37573,30733
32549,37578,30744
32556,37591,30744
32568,37575,30754
32596,37592,30759
32600,37596,30757
32584,37579,30754
32588,37577,30766
32650,37599,30769
32708,37613,30764
32751,37573,30769
32792,37596,30778
32808,37582,30773
32836,37603,30777
32836,37581,30786
32864,37603,30788
32864,37599,30792
32865,37616,30794
32884,37604,30791
32928,37614,30789
33014,37615,30797
33072,37600,30793
33124,37615,30785
33124,37605,30791
33176,37588,30789
33175,37619,30788
33140,37607,30799
33108,37620,30811
33102,37623,30806
33092,37607,30812
33064,37607,30805
33050,37604,30806
33056,37627,30812
33036,37615,30821
33020,37593,30817
33054,37621,30821
33030,37620,30820
33052,37631,30813
33076,37623,30822
33078,37589,30834
33060,37615,30829
33092,37601,30823
33080,37627,30831
33064,37623,30837
33084,37615,30839
33109,37631,30841
33096,37623,30843
33068,37612,30844
33052,37639,30847
33052,37631,30855
33032,37639,30860
33004,37621,30841
32988,37605,30844
33020,37615,30840
33000,37613,30853
33006,37635,30852
33040,37639,30852
33028,37639,30861
33048,37633,30860
33052,37663,30865
33028,37639,30865
32994,37617,30871
33033,37639,30869
32968,37631,30877
32796,37647,30873
32532,37639,30883
32258,37631,30881
31956,37615,30886
31708,37648,30895
31621,37678,30895
31748,37671,30892
31861,37639,30906
32144,37647,30894
32660,37639,30885
33172,37669,30896
33876,37639,30895
34985,37663,30898
36664,37663,30901
38676,37645,30908
40948,37655,30910
43300,37639,30908
45608,37636,30916
47728,37623,30917
49312,37613,30912
50296,37612,30918
50496,37621,30922
49412,37639,30922
47488,37639,30932
45372,37660,30921
42952,37668,30932
40128,37678,30925
37369,37698,30924
35596,37663,30942
34352,37683,30940
33484,37700,30948
32824,37701,30959
32248,37707,30972
31772,37695,30964
31442,37710,30976
31232,37727,30983
31112,37699,30980
30996,37668,30981
30896,37695,30983
30840,37682,30983
30756,37703,30982
30704,37684,30983
30637,37689,30964
30612,37720,30967
30556,37711,30956
30501,37711,30959
30500,37727,30945
30528,37719,30946
30516,37716,30925
30476,37695,30904
30520,37695,30896
30522,37717,30904
30520,37733,30895
30556,37723,30893
30596,37734,30886
30661,37721,30887
30656,37741,30885
30668,37727,30864
30693,37735,30863
30720,37733,30861
30749,37727,30855
30770,37711,30849
30800,37747,30847
30844,37738,30839
30884,37727,30820
30896,37723,30820
30916,37749,30839
30948,37717,30841
30976,37742,30839
31008,37719,30845
31044,37747,30854
31076,37735,30871
31101,37767,30876
31140,37767,30890
31188,37767,30908
31188,37783,30916
31192,37737,30943
31216,37759,30947
31220,37741,30959
31248,37767,30983
31286,37743,30993
31313,37756,31009
31369,37791,31028
31404,37791,31052
31452,37783,31048
31468,37783,31069
31482,37796,31083
31472,37781,31079
31524,37801,31097
31548,37751,31111
31580,37788,31127
31620,37801,31138
31668,37807,31149
31684,37799,31167
31736,37825,31169
31768,37821,31173
31776,37804,31173
31777,37822,31178
31808,37807,31196
31848,37795,31207
31880,37823,31217
31916,37778,31204
31980,37823,31205
32016,37831,31209
32045,37829,31237
32064,37807,31239
32096,37835,31239
32112,37819,31237
32112,37824,31239
32164,37783,31239
32212,37813,31239
32260,37834,31229
32341,37796,31204
32364,37832,31206
32372,37841,31207
32420,37807,31186
32480,37828,31185
32532,37851,31169
32568,37818,31161
32604,37823,31156
32624,37847,31148
32672,37844,31137
32737,37833,31119
32812,37853,31108
32848,37847,31085
32852,37860,31075
32917,37852,31061
32960,37836,31049
32997,37855,31029
33020,37859,31013
33029,37852,30994
33076,37842,30980
33096,37869,30967
33156,37864,30954
33204,37862,30934
33176,37887,30916
33188,37879,30903
33185,37860,30876
33220,37855,30871
33181,37877,30855
33193,37844,30836
33196,37863,30823
33214,37860,30794
33249,37890,30785
33180,37849,30764
33089,37870,30753
33020,37889,30743
32965,37886,30713
32864,37865,30705
32772,37860,30681
32697,37836,30668
32612,37863,30660
32538,37886,30638
32465,37887,30605
32372,37871,30583
32296,37895,30574
32216,37880,30549
32172,37847,30544
32076,37877,30527
31972,37863,30516
31924,37885,30493
31888,37839,30464
31853,37868,30454
31828,37876,30425
31808,37895,30404
31807,37885,30404
31756,37863,30375
31704,37895,30358
31660,37863,30343
31634,37893,30336
31646,37887,30325
31726,37893,30278
31692,37885,30279
31686,37895,30277
31709,37853,30255
31685,37879,30248
31680,37893,30245
31677,37862,30233
31674,37876,30228
31656,37887,30194
31678,37871,30182
31724,37889,30177
31758,37868,30155
31773,37895,30157
31826,37890,30158
31848,37895,30141
31884,37887,30059
31884,37863,30100
31860,37850,30094
31816,37869,30084
31844,37835,30080
31880,37836,30068
31912,37869,30060
31953,37863,30049
31944,37893,30030
31976,37863,30011
31968,37878,30024
31956,37863,30032
31968,37876,30042
31972,37833,30049
31984,37860,30056
32008,37876,30046
32028,37839,30036
32052,37885,30044
32052,37887,30021
32052,37889,30023
32076,37887,29988
32060,37867,30028
32048,37863,30053
32082,37842,30022
32100,37866,30028
32164,37887,30034
32236,37884,30031
32232,37869,30045
32245,37895,30032
32252,37885,30022
32224,37895,30024
32248,37871,30025
32220,37877,30028
32236,37873,30020
32256,37884,30031
32252,37895,30029
32316,37868,30027
32316,37879,30046
32348,37895,30057
32364,37895,30052
32381,37876,30067
32356,37895,30069
32328,37879,30053
32364,37894,30036
32393,37883,30045
32408,37881,30046
32408,37863,30064
32445,37895,30070
32473,37894,30070
32496,37895,30087
32492,37863,30114
32512,37875,30113
32492,37893,30098
32500,37879,30095
32524,37876,30109
32544,37871,30106
32556,37854,30108
32544,37871,30111
32556,37909,30132
32596,37887,30144
32617,37895,30129
32596,37883,30149
32568,37892,30151
32620,37869,30149
32648,37887,30126
32646,37869,30129
32642,37895,30133
32632,37895,30129
32609,37863,30140
32653,37852,30151
32664,37879,30132
32640,37889,30145
32672,37869,30153
32661,37873,30159
32661,37860,30169
32636,37845,30174
32662,37881,30193
32704,37893,30168
32712,37871,30167
32716,37853,30166
32704,37884,30182
32696,37895,30173
32693,37871,30156
32696,37876,30161
32680,37863,30172
32692,37890,30180
32748,37881,30182
32736,37895,30168
32733,37893,30165
32757,37869,30167
32782,37881,30183
32764,37871,30167
32760,37890,30175
32778,37871,30183
32793,37863,30167
32816,37851,30152
32798,37893,30181
32836,37884,30188
32878,37885,30127
32872,37877,30158
32869,37852,30108
32828,37868,30155
32853,37871,30163
32832,37862,30171
32836,37863,30172
32840,37876,30167
32856,37895,30199
32908,37874,30151
32892,37887,30168
32837,37879,30169
32840,37877,30175
32840,37871,30170
32830,37853,30181
32837,37877,30189
32772,37885,30188
32770,37861,30196
32795,37877,30193
32801,37908,30188
32856,37895,30189
32864,37871,30188
32824,37895,30179
32802,37892,30168
32760,37886,30180
32744,37852,30185
32769,37871,30183
32760,37875,30191
32808,37895,30177
32816,37885,30173
32796,37915,30183
32804,37895,30191
32828,37895,30172
32820,37863,30150
32808,37873,30156
32812,37889,30151
32800,37883,30156
32800,37895,30148
32790,37895,30151
32805,37907,30155
32801,37873,30155
32736,37895,30151
32709,37910,30140
32661,37895,30132
32628,37887,30143
32600,37895,30138
32558,37879,30134
32492,37892,30122
32465,37916,30125
32489,37911,30138
32460,37895,30125
32460,37909,30113
32448,37933,30110
32436,37884,30101
32464,37895,30095
32480,37877,30097
32500,37878,30091
32528,37895,30084
32572,37917,30103
32664,37910,30080
32736,37924,30081
32780,37886,30071
32832,37908,30056
32832,37895,30049
32822,37919,30065
32828,37907,30076
32836,37895,30065
32841,37923,30052
32876,37911,30068
32924,37895,30052
33004,37919,30052
33056,37911,30055
33132,37928,30041
33160,37916,30021
33152,37895,29997
33176,37924,30008
33136,37894,29959
33085,37905,29959
33064,37911,29956
33016,37915,29950
33004,37876,29956
33016,37895,29947
33016,37923,29944
33012,37917,29946
33012,37886,29924
32996,37895,29935
33012,37895,29941
33024,37879,29940
33024,37895,29915
33028,37903,29852
33029,37919,29904
33044,37877,29894
33044,37895,29887
33012,37919,29860
33012,37889,29867
33004,37905,29870
32976,37908,29871
32997,37887,29865
33008,37914,29871
33004,37871,29868
33020,37895,29847
33052,37917,29849
33000,37904,29851
32948,37895,29854
32908,37887,29855
32916,37893,29877
32953,37880,29876
32985,37910,29863
32976,37923,29861
32968,37909,29871
32940,37905,29876
32964,37908,29857
32940,37911,29860
32900,37893,29855
32764,37924,29858
32516,37917,29853
32224,37895,29831
31925,37916,29816
31712,37935,29818
31616,37895,29817
31718,37927,29805
31876,37924,29796
32152,37888,29798
32672,37935,29823
33196,37927,29852
33884,37895,29833
34957,37913,29840
36576,37919,29836
38544,37919,29843
40772,37904,29839
43056,37895,29804
45316,37888,29799
47460,37888,29808
49088,37874,29800
50084,37884,29792
50320,37877,29781
49280,37879,29826
47368,37889,29801
45308,37895,29791
42940,37916,29797
40188,37934,29806
37476,37917,29797
35704,37941,29780
34444,37931,29796
33572,37934,29837
32872,37953,29790
32266,37948,29807
31793,37945,29798
31504,37940,29797
31308,37958,29833
31181,37967,29841
31076,37973,29809
31024,37927,29823
30936,37955,29812
30872,37911,29821
30760,37927,29816
30684,37951,29788
30672,37929,29786
30596,37965,29831
30540,37909,29831
30516,37964,29791
30500,37940,29767
30476,37972,29772
30468,37923,29737
30476,37949,29735
30492,37943,29780
30500,37938,29716
30572,37946,29719
30632,37967,29716
30644,37927,29752
30628,37959,29753
30684,37941,29725
30704,37974,29701
30720,37959,29703
30705,37949,29692
30736,37935,29694
30738,37959,29688
30768,37955,29689
30804,37938,29693
30862,37922,29670
30890,37967,29668
30913,37959,29669
30940,37946,29671
30972,37969,29710
31000,37935,29749
31032,37959,29740
31072,37936,29725
31084,37969,29744
31134,37968,29757
31137,37927,29761
31152,37959,29776
31180,37972,29798
31208,37961,29814
31208,37908,29820
31204,37955,29845
31225,37943,29896
31248,37972,29927
31262,37927,29959
31324,37973,29956
31380,37956,29957
31432,37985,29969
31493,37972,29989
31528,37959,30004
31536,37981,30042
31560,37926,30052
31572,37953,30052
31596,37947,30073
31648,37983,30086
31630,37948,30131
31669,37980,30163
31768,37975,30161
31780,37990,30199
31772,37981,30204
31817,37952,30214
31848,37973,30236
31868,37963,30258
31900,37958,30246
31940,37961,30259
31972,37967,30264
32036,37988,30294
32088,37987,30309
32128,37959,30325
32149,37946,30343
32192,37975,30351
32248,37943,30367
32272,37979,30369
32280,37972,30381
32305,37980,30397
32356,37958,30403
32408,37981,30407
32457,38002,30413
32488,37991,30415
32536,37996,30413
32592,37945,30429
32656,37983,30442
32740,37983,30453
32828,37953,30453
32889,37980,30432
32893,37980,30444
32893,38007,30445
32972,37971,30437
33055,37997,30443
33084,37981,30449
33088,38013,30463
33148,37967,30469
33176,37993,30461
33136,37991,30500
33144,37969,30492
33112,38015,30508
33124,37997,30521
33212,38021,30492
33248,38023,30503
33280,37999,30511
33296,38015,30520
33318,38013,30544
33308,38007,30556
33208,37972,30559
33104,38006,30569
33048,37983,30587
32996,38004,30599
32904,38023,30610
32780,38031,30613
32660,37988,30628
32581,38012,30659
32485,38023,30668
32457,37991,30684
32432,38008,30695
32320,38007,30679
32238,38023,30685
32072,37989,30711
31912,38031,30743
31824,38019,30757
31784,38031,30772
31721,38023,30791
31640,38023,30809
31644,38015,30811
31760,38004,30822
31772,38007,30854
31820,38033,30870
31813,38039,30893
31720,38005,30916
31508,38023,30932
31316,38031,30957
31260,37997,30990
31280,38017,31018
31332,38007,31047
31392,38023,31077
31404,38039,31109
31480,37983,31132
31482,38023,31180
31525,38019,31214
31500,38030,31263
31470,38031,31309
31456,37999,31343
31488,38012,31389
31568,37999,31433
31616,38015,31478
31692,37983,31521
31712,37996,31557
31708,38013,31602
31698,38041,31644
31688,37983,31684
31816,38023,31732
31837,38013,31785
31768,38005,31812
31732,38017,31875
31652,38023,31916
31652,38007,31964
31642,38039,32017
31598,37997,32070
31640,38033,32097
31652,38020,32191
31730,38007,32253
31860,38038,32311
31952,37977,32369
31972,38020,32429
31960,38005,32484
31872,38031,32551
31829,38023,32601
31948,38023,32671
32036,38021,32733
32092,38047,32767
32080,37996,32813
31972,38018,32909
31996,38005,32972
32074,38031,33026
32132,38023,33145
32212,38018,33213
32160,38050,33278
32100,38031,33348
32181,38037,33415
32328,38021,33487
32440,38019,33559
32452,38045,33640
32416,38036,33683
32316,38023,33799
32232,38023,33836
32165,38020,33957
32176,38053,33969
32212,38012,34055
32276,38037,34102
32324,38034,34180
32416,38063,34258
32518,38044,34311
32552,38031,34436
32538,38031,34501
32581,38049,34554
32705,38063,34656
32677,38023,34757
32456,38067,34832
32332,38055,34925
32388,38047,34984
32552,38075,35056
32612,38031,35146
32654,38047,35232
32602,38071,35303
32576,38055,35372
32428,38071,35357
32428,38059,35405
32473,38085,35475
32504,38071,35670
32528,38093,35730
32604,38082,35767
32740,38079,35863
32805,38063,35942
32869,38087,35940
32820,38079,35966
32812,38087,36148
32585,38086,36213
32576,38069,36258
32580,38108,36327
32754,38107,36391
32932,38095,36471
32948,38095,36535
32676,38093,36615
32448,38085,36710
32325,38063,36773
32416,38091,36816
32600,38085,36853
32768,38108,36917
32870,38085,36983
32992,38100,37041
33024,38106,37109
32804,38087,37175
32704,38095,37261
32696,38089,37351
32749,38117,37407
32892,38111,37365
32972,38124,37423
32892,38117,37553
32925,38119,37677
33000,38127,37715
33030,38095,37810
33020,38114,37849
32940,38125,37895
32693,38131,37974
32608,38117,38049
32840,38115,38080
32944,38147,38144
33068,38138,38191
33053,38149,38165
32964,38140,38300
32976,38150,38358
33004,38147,38437
32980,38111,38551
32892,38137,38631
32856,38151,38599
32976,38149,38681
33084,38165,38765
32952,38175,38716
33004,38173,38756
33089,38158,38839
33005,38188,39047
32965,38132,39092
33056,38151,39124
33172,38181,39154
33204,38177,39205
33276,38183,39319
33228,38151,39415
33204,38188,39413
33093,38196,39519
33010,38191,39572
33032,38204,39596
33056,38181,39582
33141,38207,39640
33160,38150,39741
33168,38184,39807
33140,38181,39789
33229,38206,39861
33192,38191,39943
33220,38200,39979
33212,38203,40026
33246,38223,40049
33248,38213,40087
33120,38213,40136
33066,38207,40252
32924,38197,40320
33092,38233,40372
33228,38189,40246
33248,38239,40292
33000,38239,40338
32801,38239,40394
32844,38218,40629
32960,38236,40676
32964,38220,40710
33028,38247,40748
33077,38207,40789
33169,38252,40839
33193,38229,40898
33292,38265,40964
33292,38279,40999
33242,38229,41055
33241,38271,40960
33164,38249,41148
33241,38271,41197
33148,38226,41236
33128,38255,41276
33356,38279,41327
33420,38291,41374
33456,38273,41391
33463,38275,41417
33438,38271,41479
33252,38300,41503
33136,38290,41539
33238,38271,41669
33349,38295,41719
33409,38287,41675
33626,38293,41605
33708,38298,41607
33600,38303,41863
33497,38279,41879
33556,38304,41945
33612,38293,41972
33632,38303,41949
33518,38303,42060
33336,38319,42063
33228,38274,42180
33180,38300,42185
33284,38279,42052
33512,38294,42067
33592,38290,42309
33564,38327,42348
33477,38337,42404
33304,38295,42406
33172,38327,42420
33150,38300,42455
33232,38337,42464
33364,38297,42533
33464,38343,42564
33504,38328,42653
33399,38351,42675
33388,38359,42727
33454,38346,42769
33452,38327,42783
33376,38351,42868
33172,38343,42887
33200,38309,42948
33468,38349,42977
33640,38343,42997
33712,38364,43036
33584,38370,42882
33332,38343,42887
32925,38359,42927
32944,38351,42997
33126,38375,42987
33238,38370,43044
33212,38377,43071
33188,38357,43077
32996,38395,43109
32564,38389,43160
32076,38387,43164
31972,38407,43200
32168,38407,43311
32528,38356,43311
33088,38389,43303
33740,38389,43396
34644,38404,43449
35470,38415,43466
36360,38389,43577
37416,38424,43640
39020,38407,43677
40953,38425,43695
42732,38407,43702
44236,38407,43748
45884,38399,43762
47300,38397,43772
48180,38397,43783
48213,38407,43828
46992,38431,43775
44660,38443,43713
41952,38461,43680
39492,38479,43695
36992,38484,43716
34620,38491,43796
33300,38485,43984
32800,38471,43989
32714,38489,44015
32592,38445,44071
32344,38485,44039
32064,38478,43980
31700,38519,44023
31693,38461,44012
31762,38493,43984
31808,38505,43964
31712,38508,44182
31485,38485,44204
31532,38516,44023
31580,38511,44005
31668,38509,44249
31612,38492,44237
31433,38519,44247
31261,38528,44256
31152,38495,44228
31108,38532,44252
31204,38533,44233
31361,38485,44219
31444,38517,44293
31492,38549,44295
31437,38545,44279
31408,38567,44223
31356,38551,44159
31285,38560,44115
31460,38559,44317
31777,38527,44308
31868,38515,44252
31588,38548,44276
31300,38535,44284
31396,38575,44303
31540,38535,44357
31748,38575,44359
31762,38564,44397
31685,38590,44423
31736,38535,44428
31804,38581,44447
31825,38565,44486
31761,38562,44486
31605,38591,44365
31685,38597,44517
31813,38604,44589
32072,38621,44509
32176,38611,44583
32014,38613,44620
31860,38580,44647
31972,38567,44437
32160,38607,44464
32276,38589,44536
32252,38620,44480
32328,38572,44510
32180,38629,44551
31804,38636,44573
31880,38613,44532
32076,38651,44566
32092,38601,44610
32080,38629,44676
32004,38625,44755
32068,38617,44774
32032,38628,44715
32192,38647,44724
32424,38658,44716
32504,38629,44700
32552,38663,44755
32552,38663,44768
32560,38653,44759
32676,38663,44757
32736,38657,44743
32688,38636,44743
32396,38663,44739
32240,38663,44537
32396,38663,44517
32544,38703,44479
32668,38663,44460
32904,38685,44453
33024,38687,44436
33012,38693,44423
32920,38663,44399
32868,38695,44388
32688,38697,44367
32816,38708,44329
32940,38719,44316
33060,38727,44324
33164,38725,44268
33164,38711,44262
33152,38730,44212
33204,38725,44184
33269,38685,44159
33388,38719,44133
33444,38719,44119
33572,38743,44063
33636,38759,44039
33576,38724,44079
33392,38755,44116
33432,38749,44185
33548,38749,44077
33630,38728,44060
33700,38724,44100
33614,38757,43839
33636,38772,43965
33669,38732,43953
33796,38761,43903
34044,38789,43797
34000,38756,43719
33780,38778,43687
33708,38788,43687
33687,38781,43721
33761,38775,43812
33721,38788,43815
33664,38757,43783
33444,38791,43764
33281,38807,43548
33316,38799,43497
33410,38807,43494
33454,38791,43537
33420,38801,43636
33204,38791,43618
33008,38813,43596
32836,38821,43511
32801,38812,43442
32676,38791,43452
32584,38823,43477
32540,38820,43268
32460,38831,43260
32228,38815,43249
31944,38833,43263
31860,38807,43232
31780,38791,43335
31776,38775,43222
31764,38839,43184
31656,38829,43180
31650,38820,43124
31572,38855,43111
31608,38825,43084
31680,38833,43129
31636,38831,43103
31464,38852,43060
31358,38856,43026
31268,38791,42980
31336,38843,42973
31404,38831,42843
31382,38865,42789
31420,38864,42824
31476,38860,42797
31518,38850,42759
31540,38879,42720
31520,38842,42679
31528,38813,42424
31511,38865,42405
31560,38855,42365
31656,38848,42329
31652,38887,42276
31560,38885,42245
31608,38839,42212
31572,38879,42159
31584,38862,42140
31580,38871,42303
31585,38878,42269
31616,38852,42111
31628,38864,42203
31592,38856,42180
31614,38893,42145
31672,38897,42114
31784,38888,42087
31884,38893,42059
31980,38879,41845
32036,38870,41807
31960,38895,41792
31852,38847,41949
31664,38892,41735
31624,38883,41909
31656,38915,41892
31720,38902,41860
31808,38919,41836
31908,38897,41759
31946,38919,41748
32033,38918,41763
32080,38905,41544
32084,38893,41525
32024,38913,41500
31916,38909,41468
31944,38919,41433
31940,38945,41413
31972,38895,41597
32013,38919,41561
32056,38909,41524
32144,38929,41447
32257,38887,41433
32344,38903,41439
32320,38941,41392
32244,38919,41470
32160,38951,41428
32148,38941,41358
32136,38909,41293
32217,38927,41183
32209,38959,41351
32192,38941,41321
32196,38933,41281
32212,38943,41263
32253,38919,41212
32376,38935,41279
32412,38960,41239
32404,38919,41165
32420,38962,41069
32392,38951,41113
32416,38974,40982
32428,38957,41156
32398,38959,41113
32352,38956,41095
32324,38948,41044
32409,38961,41093
32528,38982,41117
32588,38979,41117
32540,38963,41095
32480,38988,40997
32358,38935,40932
32416,38975,40897
32496,38959,40953
32496,38975,40975
32504,38976,41076
32468,38943,41060
32425,38975,41031
32517,38987,41036
32540,38941,41043
32556,38975,41025
32528,38996,41014
32533,38982,40988
32524,38957,40953
32452,38976,40965
32480,38949,40942
32524,38975,40927
32520,39001,40831
32527,38998,40803
32480,38982,40796
32468,39004,40775
32536,39003,40948
32638,38975,40937
32609,39004,40943
32625,38983,40885
32556,38969,40873
32468,39008,40853
32484,39005,40873
32460,38988,40943
32440,39017,40898
32525,39003,40863
32564,39005,40879
32572,38988,40857
32600,39007,40858
32593,38972,40888
32602,39003,40877
32708,38991,40924
32793,39015,40916
32824,39019,40948
32828,38980,40886
32692,38999,40949
32588,39021,40925
32532,39001,40935
32568,38980,40903
32612,39011,40940
32633,39019,40961
32608,39023,40791
32548,38989,40782
32524,39021,40800
32588,39005,40801
32572,39028,40807
32504,39003,40897
32348,39015,40956
32264,39005,40959
32232,39029,40951
32204,39028,40869
32225,39030,40863
32296,39014,40871
32384,39007,40920
32464,39020,40916
32448,39044,40735
32380,39031,40729
32344,39046,40741
32334,39029,40729
32333,39036,40711
32284,39023,40711
32364,39015,40711
32464,39047,40711
32492,39020,40853
32468,38999,40869
32526,39045,40783
32588,39029,40789
32612,39047,40752
32568,38997,40758
32596,39021,40740
32612,39013,40750
32692,39047,40762
32741,39047,40609
32804,39047,40647
32844,39032,40701
32889,39021,40767
32920,39039,40667
32977,39029,40710
32944,39037,40532
32904,39042,40524
32852,39047,40659
32856,39037,40607
32852,39020,40639
32792,39047,40471
32796,39047,40440
32812,39056,40447
32868,39055,40553
32864,39047,40455
32778,39023,40390
32808,39047,40380
32913,39044,40364
32984,39031,40351
32964,39055,40484
32948,39059,40481
32896,39059,40455
32888,39043,40442
32856,39040,40271
32788,39047,40253
32692,39044,40251
32654,39014,40386
32710,39036,40365
32799,39031,40191
32864,39047,40239
32912,39046,40289
32884,39044,40316
32796,39047,40284
32732,39014,40175
32624,39025,40093
32704,39041,40071
32672,39031,40044
32725,39020,40029
32799,39044,40020
32864,39047,40017
32880,39040,39975
32848,39025,39960
32852,39023,39943
32720,39040,40100
32636,39047,40011
32420,39017,39994
32156,39031,39981
31824,39013,39978
31596,39030,39976
31449,39017,39967
31508,39063,39965
31726,39012,39943
31988,39047,39780
32364,39044,39791
32932,39031,39831
33564,39047,39839
34440,39047,39887
35760,39047,39845
37556,39028,39836
39736,39030,39759
42004,39043,39780
44116,39039,39638
46228,39020,39613
48044,39012,39613
49204,39005,39587
49537,39011,39604
48776,39015,39617
46668,39023,39637
44044,39036,39687
41600,39047,39601
39136,39063,39598
36552,39060,39609
34544,39069,39604
33401,39069,39457
32744,39055,39425
32380,39047,39557
32076,39040,39532
31761,39041,39503
31508,39047,39526
31298,39047,39373
31228,39047,39399
31176,39031,39489
31020,39063,39390
30880,39071,39408
30808,39047,39423
30770,39029,39244
30737,39000,39218
30697,39035,39345
30756,39015,39239
30739,39063,39247
30711,39065,39096
30640,39047,39065
30622,39047,39143
30621,39052,39047
30618,39037,39041
30556,39015,39016
30590,39047,39003
30592,39053,38836
30628,39053,38796
30668,39047,38757
30804,39047,38733
30858,39071,38708
30928,39047,38663
30968,39023,38639
30913,39015,38637
30912,39045,38687
30920,38983,38724
30940,38996,38663
30944,39007,38688
30976,39047,38554
31033,39040,38551
31112,39047,38543
31040,39039,38572
31104,39015,38628
31192,39042,38628
31200,39045,38648
31236,39022,38583
31188,39027,38609
31188,39055,38616
31217,39044,38608
31324,39063,38615
31374,39058,38635
31404,39057,38676
31392,39047,38679
31440,39037,38685
31509,39016,38559
31456,39047,38587
31452,39056,38663
31556,39004,38692
31644,39062,38716
31673,39047,38688
31692,39037,38652
31700,39063,38663
31708,39039,38700
31580,39013,38707
31525,39023,38553
31556,39028,38684
31566,39047,38693
31648,39005,38651
31740,39047,38649
31836,39045,38663
31926,39058,38655
31976,39066,38678
32000,39012,38663
32004,39044,38567
32056,39026,38528
31988,39047,38509
31965,39004,38495
31900,39039,38607
32004,39047,38599
32064,39045,38597
32120,39060,38519
32184,39044,38524
32261,39039,38535
32220,39046,38517
32189,39057,38361
32260,39061,38422
32352,39037,38407
32460,39015,38407
32592,39041,38381
32597,39047,38381
32644,39017,38352
32580,39045,38221
32520,39037,38159
32564,39041,38237
32620,39047,38220
32644,39047,38184
32664,39025,38171
32744,39013,38150
32802,39044,38101
32836,39043,38055
32857,39060,38036
32852,39061,37983
32909,39028,37966
32948,39055,37929
33040,39046,37949
33036,39038,37867
33076,39031,37853
33076,39047,37808
33080,39046,37772
33069,39047,37745
33044,39044,37726
33044,39045,37711
33040,39059,37697
33044,39007,37665
33052,39031,37619
33044,39015,37596
32992,39007,37557
32945,39031,37509
32936,39043,37485
32920,39039,37493
32880,39037,37342
32772,38980,37368
32668,39021,37423
32544,39015,37341
32432,38991,37330
32297,38980,37228
32213,39006,37157
32161,38998,37207
32100,39007,37237
32080,39004,37205
32072,39004,37093
31994,38991,37029
31933,38983,37105
31876,38975,37095
31778,38958,37044
31748,38958,36965
31736,38957,36991
31732,38961,36967
31774,38956,36951
31776,38981,36942
31836,38981,36812
31876,38973,36773
31812,38919,36737
31740,38941,36740
31680,38957,36704
31552,38919,36689
31482,38933,36679
31456,38915,36652
31517,38956,36639
31556,38956,36589
31636,38950,36651
31620,38912,36652
31660,38895,36612
31660,38919,36579
31720,38913,36581
31736,38899,36583
31750,38919,36453
31798,38919,36408
31813,38874,36412
31796,38919,36421
31801,38918,36441
31833,38901,36429
31857,38909,36408
31880,38916,36399
31848,38863,36383
31788,38893,36347
31790,38887,36253
31808,38882,36194
31796,38895,36288
31836,38887,36293
31848,38903,36252
31872,38895,36263
31934,38875,36253
31998,38892,36161
32028,38886,36103
32020,38879,36170
32034,38853,36166
32062,38881,36164
32048,38884,36183
32044,38887,36057
32057,38889,36099
32092,38885,36138
32101,38877,36101
32120,38852,36087
32124,38812,36086
32112,38852,36060
32172,38853,36068
32252,38845,36060
32296,38845,35945
32368,38839,35911
32336,38863,35917
32328,38852,35984
32270,38851,36003
32268,38847,35951
32282,38853,35961
32296,38834,35970
32312,38841,35840
32364,38838,35847
32425,38840,35921
32468,38842,35887
32484,38831,35877
32497,38841,35879
32460,38833,35794
32500,38821,35751
32552,38781,35743
32582,38791,35761
32588,38780,35829
32560,38770,35781
32584,38820,35804
32566,38823,35689
32596,38783,35761
32588,38815,35745
32580,38807,35669
32572,38805,35703
32628,38791,35713
32652,38791,35682
32697,38791,35633
32692,38804,35613
32688,38796,35669
32681,38805,35645
32744,38807,35552
32768,38791,35542
32740,38783,35588
32714,38806,35608
32724,38791,35575
32729,38811,35520
32740,38799,35520
32757,38791,35572
32784,38791,35547
32796,38773,35456
32782,38769,35523
32790,38784,35501
32796,38764,35519
32824,38759,35428
32828,38787,35401
32844,38772,35420
32832,38766,35439
32842,38767,35471
32848,38791,35462
32812,38772,35431
32756,38791,35447
32677,38789,35319
32640,38777,35391
32617,38783,35369
32637,38778,35308
32668,38775,35349
32708,38785,35359
32787,38767,35348
32864,38787,35276
32916,38789,35311
32896,38766,35335
32872,38759,35308
32886,38764,35323
32860,38726,35237
32801,38729,35287
32800,38743,35265
32840,38761,35207
32876,38719,35185
32900,38756,35244
32864,38757,35257
32839,38759,35140
32844,38750,35238
32798,38743,35212
32766,38735,35196
32752,38743,35215
32740,38750,35103
32784,38751,35135
32848,38751,35173
32860,38719,35173
32892,38745,35173
32896,38733,35141
32864,38748,35127
32836,38753,35141
32780,38736,35069
32788,38692,35036
32728,38720,35042
32665,38723,35110
32644,38723,35079
32607,38741,35076
32508,38749,35091
32488,38749,34976
32487,38740,35055
32536,38740,35028
32506,38728,35031
32492,38727,34961
32480,38700,35032
32504,38703,34988
32538,38709,34937
32604,38708,34951
32660,38705,34964
32660,38711,34972
32740,38683,34889
32852,38695,34909
32904,38695,34933
32916,38695,34919
32880,38703,34823
32820,38707,34877
32822,38697,34865
32858,38697,34873
32909,38697,34865
32964,38711,34760
33036,38709,34837
33100,38652,34817
33164,38641,34804
33213,38687,34805
33184,38686,34807
33181,38689,34740
33144,38689,34676
33134,38693,34709
33140,38693,34740
33160,38694,34717
33092,38684,34721
33056,38639,34617
32952,38639,34679
32900,38637,34679
32904,38655,34661
32902,38629,34655
32896,38663,34553
32936,38636,34607
32976,38663,34622
32988,38647,34580
32981,38663,34600
33022,38663,34495
33040,38627,34504
33044,38652,34564
32996,38628,34523
32932,38607,34522
32952,38647,34511
32981,38655,34439
33064,38651,34471
33064,38646,34477
33028,38596,34453
33008,38603,34414
32999,38623,34359
32972,38617,34369
32975,38601,34391
32999,38601,34404
33008,38609,34389
32996,38615,34324
32948,38609,34287
32948,38605,34330
32924,38610,34337
32936,38607,34319
32959,38598,34311
32932,38572,34311
32894,38597,34301
32796,38605,34207
32600,38599,34245
32268,38572,34267
31912,38580,34236
31632,38567,34233
31586,38599,34188
31648,38588,34149
31824,38565,34132
32236,38556,34173
32788,38557,34198
33436,38564,34172
34256,38564,34161
35488,38583,34161
37316,38583,34084
39552,38551,34133
42096,38555,34119
44676,38535,34124
47238,38521,34121
49504,38503,34061
51108,38508,34044
51880,38516,34046
51644,38509,34097
49952,38525,34063
47480,38534,34069
44924,38537,34030
42204,38543,33997
39220,38541,34040
36485,38549,34039
34812,38543,34037
33704,38551,33975
33001,38543,33977
32541,38543,34031
32100,38541,34015
31700,38551,34021
31370,38548,33980
31136,38524,33956
30948,38567,33936
30808,38565,33983
30688,38556,33972
30636,38545,33960
30592,38501,33948
30549,38548,33935
30480,38547,33927
30424,38535,33863
30398,38535,33833
30352,38532,33807
30308,38543,33775
30336,38546,33764
30364,38532,33737
30392,38519,33728
30394,38511,33744
30385,38495,33713
30408,38503,33727
30438,38511,33699
30428,38503,33695
30496,38535,33645
30540,38535,33602
30574,38524,33645
30564,38519,33632
30580,38525,33614
30606,38476,33597
30609,38521,33583
30676,38521,33567
30752,38511,33562
30816,38503,33576
30853,38525,33564
30852,38470,33557
30876,38513,33516
30892,38503,33508
30852,38495,33501
30857,38479,33506
30900,38483,33556
30936,38495,33573
30928,38471,33575
30974,38511,33602
30956,38503,33558
31004,38502,33620
31072,38474,33629
31092,38471,33613
31078,38465,33602
31052,38469,33655
31016,38471,33681
31108,38471,33685
31196,38469,33700
31260,38476,33668
31252,38473,33684
31168,38463,33730
31160,38461,33731
31216,38453,33734
31326,38462,33758
31404,38461,33709
31446,38468,33768
31452,38472,33764
31444,38451,33727
31442,38484,33748
31432,38492,33799
31434,38485,33778
31472,38477,33798
31524,38471,33740
31584,38473,33741
31636,38452,33753
31652,38431,33757
31724,38477,33813
31805,38471,33828
31808,38471,33821
31838,38471,33799
31844,38467,33808
31880,38460,33749
31865,38461,33810
31936,38453,33798
31964,38405,33783
32039,38427,33737
32128,38407,33688
32200,38428,33760
32247,38468,33755
32276,38459,33721
32340,38451,33724
32333,38436,33684
32340,38424,33637
32344,38455,33622
32386,38452,33612
32474,38407,33647
32576,38452,33647
32606,38438,33612
32660,38437,33613
32740,38439,33520
32796,38431,33572
32853,38437,33541
32900,38445,33500
32917,38447,33463
32936,38455,33495
32988,38451,33481
32997,38454,33405
32993,38454,33435
33024,38444,33415
33034,38423,33409
33029,38423,33356
33060,38422,33317
33086,38413,33332
33056,38426,33321
33052,38423,33309
33060,38407,33287
33044,38431,33267
33001,38420,33247
32980,38428,33231
32956,38434,33164
32886,38391,33127
32782,38383,33153
32660,38407,33159
32609,38401,33119
32544,38399,33111
32440,38396,33031
32397,38407,33059
32320,38405,33053
32224,38407,33031
32180,38396,33017
32148,38372,32948
32104,38399,32954
32064,38380,32965
32012,38362,32939
31956,38391,32927
31900,38399,32908
31856,38367,32855
31892,38348,32826
31876,38380,32836
31824,38359,32836
31757,38383,32821
31751,38380,32804
31720,38375,32797
31708,38356,32729
31734,38327,32753
31716,38359,32750
31724,38343,32728
31728,38348,32687
31760,38343,32685
31808,38367,32696
31832,38356,32665
31797,38340,32662
31812,38335,32615
31792,38338,32606
31781,38341,32630
31799,38338,32621
31812,38334,32575
31862,38343,32600
31888,38332,32572
31909,38321,32572
31885,38335,32519
31904,38297,32517
31960,38311,32533
31976,38301,32518
31996,38331,32481
32074,38314,32499
32071,38333,32484
32076,38310,32443
32073,38325,32475
32084,38319,32468
32078,38316,32429
32052,38311,32454
32040,38292,32449
32087,38279,32421
32072,38294,32452
32104,38285,32450
32128,38289,32404
32150,38292,32452
32164,38295,32436
32145,38303,32412
32142,38292,32413
32120,38295,32439
32148,38293,32415
32140,38279,32422
32176,38287,32391
32228,38286,32401
32284,38292,32410
32288,38300,32405
32262,38287,32364
32236,38279,32380
32262,38272,32388
32308,38266,32386
32333,38269,32341
32351,38261,32381
32364,38262,32367
32420,38269,32356
32444,38276,32321
32440,38293,32327
32392,38276,32359
32316,38279,32349
32320,38269,32341
32344,38252,32343
32328,38252,32337
32384,38260,32338
32436,38229,32318
32504,38231,32302
32508,38269,32295
32536,38277,32314
32516,38274,32334
32520,38271,32321
32512,38266,32318
32492,38229,32319
32468,38215,32282
32500,38216,32293
32529,38249,32310
32596,38239,32304
32648,38236,32295
32668,38239,32289
32672,38237,32287
32672,38257,32254
32588,38245,32251
32564,38245,32263
32564,38244,32273
32584,38239,32256
32636,38237,32248
32638,38245,32210
32693,38236,32220
32725,38205,32209
32696,38237,32212
32688,38223,32224
32712,38220,32245
32712,38213,32232
32664,38208,32238
32652,38224,32240
32676,38235,32245
32700,38237,32237
32752,38237,32215
32700,38243,32229
32708,38241,32249
32729,38191,32247
32710,38183,32242
32696,38223,32236
32698,38209,32227
32685,38212,32213
32661,38213,32207
32669,38221,32229
32708,38222,32212
32790,38223,32220
32796,38220,32197
32729,38197,32191
32660,38214,32212
32663,38214,32202
32708,38214,32181
32745,38215,32164
32749,38217,32194
32744,38215,32183
32742,38220,32180
32764,38215,32165
32736,38224,32159
32717,38225,32165
32720,38215,32156
32717,38173,32153
32716,38183,32132
32748,38177,32159
32762,38151,32150
32782,38207,32139
32820,38203,32148
32828,38205,32108
32836,38204,32143
32844,38167,32135
32832,38205,32101
32800,38197,32133
32824,38199,32125
32832,38199,32119
32804,38205,32084
32800,38167,32100
32832,38206,32104
32864,38205,32103
32868,38209,32085
32844,38205,32098
32837,38205,32087
32812,38151,32058
32792,38174,32079
32696,38173,32075
32688,38183,32051
32701,38183,32047
32708,38194,32051
32672,38199,32036
32628,38191,32028
32620,38197,32053
32624,38193,32041
32644,38183,32032
32600,38179,32003
32564,38173,31997
32536,38207,31988
32552,38181,31992
32600,38151,32012
32624,38205,32007
32681,38197,31992
32740,38196,31988
32802,38183,31965
32860,38173,31965
32867,38169,31949
32876,38183,31960
32916,38189,31953
32940,38151,31946
32948,38195,31942
33012,38193,31918
33094,38189,31921
33132,38175,31915
33140,38173,31891
33112,38189,31879
33088,38181,31879
33101,38139,31878
33153,38168,31879
33172,38177,31871
33148,38165,31861
33092,38189,31857
33076,38187,31845
33060,38189,31844
33016,38181,31809
33008,38171,31820
33020,38183,31804
33060,38175,31781
33080,38175,31805
33088,38167,31780
33100,38167,31775
33144,38169,31751
33132,38177,31751
33140,38172,31767
33132,38165,31751
33076,38151,31727
33064,38162,31735
33052,38151,31721
33056,38165,31720
33089,38167,31709
33110,38171,31704
33117,38164,31692
33100,38127,31693
33148,38162,31676
33157,38151,31660
33084,38125,31663
33088,38127,31662
33061,38147,31662
33044,38151,31641
33016,38151,31638
33036,38151,31623
33072,38151,31635
33056,38124,31621
33045,38132,31608
33048,38111,31593
33064,38127,31593
33074,38127,31604
33060,38117,31592
33068,38114,31596
32940,38125,31571
32676,38127,31580
32370,38149,31585
32041,38151,31573
31720,38151,31571
31520,38143,31556
31548,38151,31558
31710,38141,31565
32092,38142,31565
32704,38137,31550
33328,38111,31548
34124,38143,31562
35348,38127,31557
37220,38143,31545
39432,38116,31543
41916,38100,31538
44559,38095,31545
47140,38084,31543
49496,38068,31548
51160,38083,31543
52084,38087,31546
52076,38089,31513
50652,38087,31495
48360,38095,31531
45812,38101,31535
43065,38100,31537
40092,38108,31540
37237,38129,31538
35388,38137,31537
34172,38111,31517
33297,38133,31533
32640,38121,31548
32068,38147,31548
31648,38148,31551
31337,38142,31548
31136,38143,31554
31014,38143,31554
30928,38143,31551
30872,38132,31546
30750,38147,31548
30660,38129,31543
30592,38140,31549
30528,38135,31536
30498,38125,31505
30488,38127,31508
30472,38116,31495
30464,38119,31455
30456,38131,31457
30370,38132,31454
30336,38086,31453
30404,38125,31423
30440,38098,31425
30396,38145,31420
30381,38141,31401
30428,38119,31404
30444,38076,31393
30448,38117,31361
30524,38098,31364
30608,38119,31349
30661,38077,31359
30732,38106,31362
30708,38119,31351
30680,38114,31341
30692,38126,31338
30748,38116,31340
30753,38095,31333
30756,38101,31341
30788,38085,31324
30852,38103,31343
30900,38119,31348
30896,38111,31367
30913,38101,31373
30936,38102,31388
30988,38107,31389
31036,38119,31407
31044,38121,31423
31072,38079,31431
31116,38096,31447
31085,38087,31465
31068,38087,31480
31096,38119,31503
31184,38120,31519
31232,38127,31519
31260,38119,31550
31328,38084,31567
31352,38070,31575
31362,38103,31589
31365,38087,31597
31428,38105,31623
31490,38079,31636
31528,38073,31618
31576,38079,31647
31616,38079,31673
31578,38079,31688
31572,38062,31701
31568,38061,31711
31580,38095,31721
31636,38084,31733
31712,38085,31741
31764,38097,31734
31784,38119,31741
31792,38102,31773
31726,38076,31783
31716,38103,31772
31816,38095,31788
31860,38102,31791
31848,38115,31791
31897,38095,31777
31908,38085,31772
31956,38101,31785
31976,38057,31777
32041,38097,31782
32097,38087,31776
32140,38119,31772
32232,38100,31775
32326,38058,31775
32360,38087,31770
32392,38079,31765
32449,38077,31767
32496,38095,31749
32504,38095,31749
32572,38089,31743
32616,38090,31713
32648,38087,31700
32669,38075,31711
32656,38076,31703
32701,38087,31693
32748,38089,31676
32800,38090,31670
32844,38087,31645
32908,38068,31623
32943,38062,31631
32956,38076,31623
32989,38093,31615
33008,38103,31609
33008,38049,31594
33038,38079,31575
33060,38065,31569
33028,38087,31558
33037,38077,31537
33048,38089,31525
33076,38091,31519
33078,38089,31490
33055,38077,31481
33068,38077,31461
32972,38087,31464
32805,38084,31462
32708,38091,31442
32656,38093,31430
32536,38078,31412
32524,38079,31399
32508,38079,31397
32452,38075,31377
32376,38071,31367
32292,38047,31348
32225,38038,31333
32180,38052,31335
32124,38047,31325
32084,38036,31305
32006,38083,31292
31949,38045,31287
31937,38063,31269
31916,38055,31267
31876,38016,31257
31865,38075,31228
31812,38066,31231
31720,38012,31222
31693,38038,31212
31680,38031,31230
31716,38044,31223
31736,38055,31202
31742,38063,31190
31808,38012,31193
31864,38047,31180
31868,38047,31188
31848,38036,31187
31828,38020,31175
31820,38015,31172
31837,38023,31154
31844,38007,31148
31844,38028,31162
31844,38031,31149
31920,38022,31141
31928,38023,31135
31916,38029,31158
31904,38037,31135
31917,38020,31143
31936,38007,31133
31993,37999,31124
32024,38012,31131
32068,38023,31132
32156,38007,31127
32168,38031,31125
32152,38023,31118
32104,38001,31114
32044,38023,31124
32077,38023,31151
32117,37999,31142
32156,38017,31143
32172,38007,31152
32209,38004,31161
32267,37998,31173
32253,37996,31175
32236,38015,31175
32276,38013,31191
32260,37975,31164
32276,37971,31201
32260,37991,31215
32308,37988,31220
32344,37983,31209
32401,38004,31220
32396,37986,31223
32344,38003,31236
32340,37991,31249
32348,37985,31246
32320,37973,31253
32366,37983,31269
32404,37971,31279
32398,37975,31276
32385,37997,31287
32386,37998,31287
32404,38004,31303
32400,38007,31316
32420,37999,31331
32444,37989,31333
32484,37975,31338
32496,37964,31340
32510,37983,31366
32524,37991,31389
32556,37983,31396
32604,37993,31399
32588,37996,31409
32604,37960,31412
32580,37991,31434
32600,37981,31433
32544,37969,31446
32556,37959,31458
32536,37949,31450
32517,37975,31463
32508,37980,31488
32524,37987,31493
32452,37991,31496
32472,37980,31503
32508,37989,31516
32553,37989,31530
32600,37952,31540
32628,37975,31537
32636,37920,31553
32636,37927,31564
32644,37934,31572
32702,37962,31575
32718,37951,31577
32704,37951,31572
32696,37971,31607
32738,37975,31619
32780,37959,31620
32788,37917,31628
32760,37951,31622
32781,37949,31647
32740,37945,31665
32680,37943,31672
32708,37943,31681
32679,37945,31670
32660,37937,31705
32698,37939,31717
32712,37934,31719
32644,37933,31710
32700,37915,31743
32760,37919,31746
32800,37952,31765
32808,37959,31764
32820,37954,31744
32804,37961,31764
32816,37955,31780
32808,37953,31789
32824,37947,31799
32824,37942,31791
32816,37943,31797
32797,37941,31825
32813,37941,31828
32857,37949,31835
32892,37915,31839
32957,37921,31832
32960,37918,31851
32948,37943,31863
32868,37943,31870
32681,37929,31876
32628,37932,31863
32668,37940,31894
32748,37923,31897
32812,37895,31909
32832,37895,31879
32844,37931,31905
32772,37919,31925
32752,37937,31943
32769,37895,31948
32797,37910,31961
32817,37919,31964
32860,37895,31961
32830,37914,31980
32824,37919,31963
32832,37924,31973
32904,37931,32002
32952,37895,32005
32924,37879,32010
32856,37895,31968
32800,37887,31997
32784,37882,32025
32831,37895,32047
32804,37895,32044
32828,37868,32049
32878,37876,32035
32900,37895,32045
32896,37895,32079
32920,37872,32075
32864,37876,32083
32789,37886,32051
32758,37895,32087
32800,37895,32092
32885,37879,32103
32928,37860,32087
32932,37852,32095
32957,37895,32127
32932,37887,32124
32893,37877,32131
32884,37853,32106
32804,37880,32111
32788,37887,32141
32764,37871,32147
32796,37835,32159
32801,37868,32132
32844,37890,32159
32872,37888,32168
32872,37853,32173
32828,37842,32135
32838,37860,32195
32860,37854,32183
32840,37887,32180
32849,37875,32196
32881,37828,32191
32880,37883,32165
32881,37884,32166
32860,37877,32201
32857,37877,32210
32822,37877,32201
32772,37861,32211
32708,37852,32182
32673,37877,32185
32669,37868,32218
32632,37871,32221
32597,37879,32223
32600,37883,32201
32632,37847,32198
32636,37892,32229
32661,37891,32227
32640,37879,32228
32612,37826,32244
32568,37861,32244
32624,37855,32208
32676,37855,32197
32708,37849,32230
32784,37868,32233
32828,37878,32252
32892,37877,32241
32976,37855,32240
32928,37857,32246
32912,37841,32252
32868,37839,32219
32860,37860,32231
32892,37857,32263
33016,37839,32260
33144,37869,32271
33236,37876,32241
33268,37879,32251
33292,37877,32279
33214,37852,32263
33220,37869,32263
33220,37823,32279
33198,37813,32244
33152,37823,32289
33118,37862,32279
33084,37863,32285
33040,37831,32233
33014,37855,32253
33048,37842,32295
33029,37819,32289
33008,37807,32262
33022,37813,32260
33087,37807,32293
33088,37823,32279
33084,37839,32295
33092,37863,32255
33230,37826,32263
33376,37820,32301
33504,37841,32284
33592,37831,32294
33652,37813,32261
33720,37844,32277
33748,37855,32296
33804,37839,32293
33872,37804,32295
33876,37841,32292
33900,37854,32303
33956,37853,32258
33968,37827,32304
33959,37836,32302
33940,37830,32294
33897,37831,32294
33856,37828,32292
33832,37820,32298
33856,37830,32296
33910,37831,32252
33948,37831,32277
33932,37831,32289
33880,37824,32279
33724,37839,32290
33428,37831,32248
33080,37831,32232
32780,37829,32293
32552,37785,32271
32440,37823,32278
32548,37831,32247
32748,37831,32227
33084,37819,32274
33616,37839,32279
34148,37836,32271
34776,37828,32279
35792,37804,32237
37476,37785,32238
39556,37812,32263
41924,37805,32280
44360,37791,32263
46724,37787,32263
48944,37784,32260
50596,37767,32271
51552,37773,32274
51590,37774,32253
50288,37767,32233
48076,37772,32253
45652,37786,32276
43036,37798,32263
40180,37823,32263
37332,37828,32245
35484,37817,32232
34400,37823,32275
33689,37834,32287
33224,37833,32284
32748,37799,32292
32392,37815,32244
32041,37823,32261
31820,37824,32306
31670,37826,32292
31549,37827,32287
31424,37823,32251
31284,37821,32260
31189,37820,32287
31152,37815,32277
31101,37813,32224
31048,37809,32218
30921,37842,32240
30824,37852,32210
30796,37849,32212
30837,37853,32144
30852,37795,32135
30838,37835,32135
30773,37828,32149
30768,37823,32116
30840,37812,32108
30892,37819,32058
30868,37847,32050
30840,37827,32084
30832,37836,32063
30913,37843,32052
30984,37833,32047
30992,37820,32007
30980,37823,32008
30965,37805,32004
30956,37807,32000
30968,37809,31952
31013,37836,31967
31048,37844,31975
31128,37859,31973
31143,37804,31972
31130,37831,31982
31125,37831,31980
31154,37815,31963
31141,37805,31967
31152,37788,31980
31196,37828,32022
31220,37828,32023
31220,37845,32029
31212,37829,32055
31180,37795,32034
31212,37789,32041
31280,37799,32093
31316,37831,32100
31328,37817,32105
31332,37815,32124
31308,37815,32116
31308,37807,32111
31368,37812,32164
31412,37817,32159
31405,37812,32175
31448,37814,32140
31484,37809,32198
31516,37829,32198
31574,37826,32203
31564,37813,32215
31520,37791,32183
31500,37788,32223
31544,37830,32220
31544,37799,32229
31570,37797,32196
31612,37799,32222
31604,37784,32250
31593,37837,32252
31628,37799,32205
31608,37825,32224
31660,37807,32209
31724,37825,32229
31796,37793,32205
31820,37835,32216
31852,37829,32221
31829,37823,32247
31774,37816,32230
31840,37825,32212
31950,37831,32197
31988,37823,32164
32020,37824,32143
32032,37831,32156
32044,37847,32141
32044,37799,32121
32140,37833,32135
32212,37823,32120
32260,37829,32113
32320,37844,32097
32354,37818,32074
32408,37815,32055
32472,37823,32041
32528,37813,32025
32573,37847,32005
32584,37837,31991
32640,37841,31974
32620,37839,31957
32588,37841,31917
32600,37813,31892
32669,37823,31875
32724,37823,31853
32760,37842,31838
32808,37835,31821
32780,37830,31808
32800,37831,31789
32816,37847,31799
32864,37807,31788
32880,37831,31765
32884,37831,31717
32885,37814,31702
32872,37839,31711
32880,37812,31679
32858,37823,31666
32793,37837,31649
32733,37850,31621
32688,37859,31588
32621,37847,31591
32508,37829,31589
32420,37822,31557
32332,37825,31543
32252,37839,31535
32192,37788,31493
32156,37831,31474
32128,37829,31481
32064,37815,31469
32002,37815,31443
31924,37815,31425
31836,37831,31383
31756,37830,31399
31660,37822,31383
31616,37809,31366
31636,37822,31353
31648,37824,31327
31648,37831,31311
31674,37789,31311
31664,37822,31300
31662,37804,31285
31616,37799,31279
31511,37767,31270
31508,37807,31255
31496,37807,31203
31484,37751,31212
31532,37758,31220
31552,37759,31215
31532,37767,31199
31576,37813,31181
31565,37789,31181
31604,37807,31156
31596,37767,31140
31576,37781,31156
31558,37755,31134
31550,37755,31126
31560,37767,31110
31616,37788,31117
31652,37756,31106
31680,37748,31095
31705,37799,31091
31716,37781,31077
31732,37777,31062
31729,37767,31072
31752,37767,31058
31760,37767,31054
31808,37778,31053
31852,37775,31063
31844,37783,31060
31900,37770,31067
31896,37767,31052
31864,37767,31049
31820,37767,31060
31852,37765,31071
31878,37767,31071
31924,37765,31049
31983,37756,31068
31973,37759,31079
31996,37775,31076
32000,37783,31077
32004,37783,31069
32012,37779,31077
32020,37759,31089
32048,37727,31080
32062,37713,31091
32084,37708,31101
32100,37749,31103
32112,37735,31091
32120,37723,31102
32172,37715,31111
32188,37709,31119
32248,37749,31125
32284,37703,31125
32236,37720,31119
32192,37719,31132
32234,37725,31136
32252,37733,31145
32308,37725,31143
32292,37727,31162
32308,37743,31169
32284,37727,31137
32184,37725,31175
32156,37717,31189
32188,37724,31196
32184,37727,31201
32228,37710,31207
32292,37724,31194
32364,37718,31219
32436,37693,31236
32496,37733,31228
32572,37724,31239
32548,37725,31233
32544,37719,31259
32524,37708,31269
32438,37709,31267
32376,37708,31266
32384,37700,31275
32422,37703,31287
32448,37723,31295
32468,37724,31309
32476,37721,31317
32480,37729,31276
32455,37717,31319
32472,37684,31348
32500,37686,31353
32492,37696,31360
32489,37703,31364
32536,37695,31367
32604,37719,31364
32616,37719,31367
32556,37727,31402
32532,37719,31413
32524,37718,31421
32544,37701,31406
32524,37697,31428
32562,37705,31445
32600,37714,31441
32629,37679,31463
32657,37689,31460
32732,37700,31459
32785,37701,31478
32756,37693,31484
32756,37687,31492
32768,37687,31495
32720,37683,31490
32724,37687,31520
32700,37679,31521
32648,37685,31511
32664,37690,31524
32653,37695,31542
32656,37684,31543
32717,37666,31535
32788,37701,31532
32760,37695,31562
32716,37692,31566
32740,37693,31566
32746,37695,31572
32744,37675,31578
32724,37687,31559
32704,37684,31593
32708,37699,31600
32720,37685,31612
32708,37684,31596
32764,37677,31620
32824,37671,31622
32872,37677,31614
32888,37676,31643
32824,37647,31636
32820,37649,31648
32772,37701,31629
32724,37691,31638
32736,37685,31676
32732,37683,31668
32740,37687,31684
32676,37672,31669
32644,37679,31694
32688,37695,31701
32721,37697,31708
32759,37700,31696
32756,37709,31713
32828,37709,31732
32861,37694,31735
32824,37701,31715
32804,37709,31750
32808,37707,31748
32824,37703,31751
32808,37711,31730
32852,37693,31757
32879,37716,31761
32894,37733,31773
32834,37702,31760
32844,37711,31740
32837,37703,31769
32840,37698,31782
32864,37709,31781
32828,37714,31750
32804,37721,31791
32816,37703,31784
32830,37735,31785
32829,37739,31780
32840,37725,31791
32842,37704,31797
32832,37709,31775
32844,37702,31807
32870,37711,31806
32924,37703,31807
32920,37709,31780
32932,37706,31808
32916,37730,31823
32932,37735,31818
32965,37719,31760
32938,37735,31797
32904,37735,31806
32900,37719,31828
32912,37725,31833
32924,37716,31828
32920,37727,31806
32844,37728,31840
32776,37693,31839
32824,37731,31829
32879,37717,31844
32880,37719,31844
32892,37727,31815
32920,37716,31812
32877,37671,31823
32860,37717,31839
32865,37716,31797
32824,37695,31839
32848,37708,31840
32864,37717,31844
32892,37732,31831
32880,37733,31845
32852,37717,31844
32848,37717,31807
32852,37719,31809
32833,37719,31845
32836,37723,31841
32800,37723,31847
32840,37725,31822
32833,37709,31821
32716,37713,31840
32652,37703,31842
32616,37704,31820
32617,37707,31834
32596,37711,31841
32632,37709,31810
32616,37707,31821
32652,37707,31840
32652,37717,31837
32616,37725,31799
32636,37721,31847
32652,37719,31831
32664,37709,31839
32672,37703,31841
32665,37692,31813
32708,37695,31844
32761,37700,31837
32856,37713,31840
32932,37723,31816
32992,37732,31839
32952,37731,31844
32940,37721,31817
32912,37719,31815
32860,37724,31845
32873,37715,31831
32920,37709,31844
33020,37702,31842
33088,37702,31809
33150,37731,31827
33168,37740,31839
33169,37737,31832
33113,37734,31836
33100,37677,31804
33078,37702,31807
33016,37705,31829
32965,37700,31837
32964,37702,31828
32980,37708,31797
33004,37699,31793
33048,37708,31828
33036,37711,31816
32992,37711,31785
32948,37702,31817
32926,37691,31811
32940,37711,31801
32952,37715,31802
33004,37717,31801
33050,37713,31801
33057,37727,31788
33044,37719,31767
33030,37729,31789
33032,37725,31781
33040,37719,31737
33055,37678,31781
33052,37681,31758
33064,37672,31737
33048,37685,31750
33032,37692,31751
33036,37698,31732
33056,37688,31735
33056,37697,31693
33033,37689,31719
32992,37687,31717
32996,37695,31701
33012,37701,31688
33038,37699,31660
33064,37709,31645
33053,37706,31666
33080,37708,31652
33076,37698,31652
32960,37700,31612
32744,37703,31633
32513,37684,31615
32180,37687,31589
31909,37703,31575
31757,37717,31580
31824,37711,31581
31968,37727,31561
32137,37727,31533
32613,37724,31525
33140,37732,31535
33728,37703,31518
34648,37687,31487
36136,37703,31485
38097,37687,31495
40402,37685,31465
42892,37676,31455
45392,37677,31444
47773,37678,31405
49696,37662,31396
51028,37663,31409
51476,37660,31393
50816,37663,31375
48900,37668,31360
46520,37669,31343
43936,37676,31323
41152,37684,31327
38188,37692,31311
35888,37698,31297
34525,37719,31259
33604,37733,31269
32996,37684,31268
32452,37684,31252
32012,37714,31236
31656,37721,31252
31424,37716,31239
31264,37726,31222
31116,37729,31204
31010,37721,31205
30900,37681,31197
30818,37692,31175
30724,37684,31143
30688,37727,31143
30612,37687,31127
30584,37729,31095
30504,37721,31061
30432,37729,31038
30380,37730,31032
30416,37719,31005
30440,37703,30983
30456,37716,30959
30472,37703,30941
30460,37700,30918
30484,37712,30901
30493,37674,30885
30528,37692,30856
30560,37695,30836
30640,37693,30849
30720,37703,30828
30697,37699,30808
30712,37702,30791
30725,37701,30761
30773,37703,30758
30788,37673,30755
30808,37725,30738
30868,37716,30732
30902,37723,30727
30928,37693,30724
30959,37733,30726
30976,37723,30727
30988,37735,30727
30992,37730,30735
30996,37703,30727
31012,37717,30727
31032,37708,30748
31089,37703,30765
31152,37703,30767
31160,37722,30786
31162,37735,30798
31185,37733,30807
31216,37697,30815
31261,37722,30826
31249,37719,30831
31276,37707,30845
31296,37719,30847
31368,37735,30854
31416,37735,30846
31484,37723,30868
31536,37711,30878
31480,37735,30873
31472,37713,30878
31488,37710,30884
31488,37701,30887
31528,37705,30886
31596,37722,30886
31624,37711,30890
31666,37731,30893
31681,37726,30887
31656,37729,30900
31668,37731,30900
31676,37727,30893
31681,37719,30876
31676,37709,30888
31716,37716,30886
31772,37711,30872
31753,37710,30864
31828,37711,30863
31872,37717,30845
31924,37716,30852
31967,37733,30836
32012,37737,30823
32012,37749,30802
32032,37735,30773
32080,37736,30775
32134,37680,30767
32184,37729,30751
32204,37716,30727
32269,37724,30711
32310,37751,30684
32324,37752,30669
32413,37751,30647
32496,37748,30620
32508,37740,30609
32476,37724,30604
32488,37727,30586
32536,37711,30569
32580,37751,30537
32628,37755,30520
32693,37764,30495
32756,37767,30479
32796,37730,30439
32824,37757,30447
32832,37749,30437
32852,37745,30429
32908,37729,30401
32940,37735,30381
32972,37737,30365
32981,37765,30343
32960,37767,30324
32959,37755,30333
32948,37756,30323
32944,37748,30295
32959,37743,30269
32954,37736,30252
32935,37748,30231
32944,37765,30207
32904,37759,30189
32840,37756,30177
32788,37767,30175
32718,37759,30151
32664,37748,30140
32588,37740,30111
32516,37735,30128
32424,37741,30103
32328,37756,30078
32233,37767,30062
32205,37761,30037
32172,37727,30031
32110,37759,30031
32056,37756,30001
32000,37756,29987
31965,37728,29975
31868,37733,29937
31841,37751,29953
31816,37743,29957
31805,37734,29945
31752,37700,29901
31756,37740,29900
31732,37751,29892
31712,37741,29861
31754,37733,29868
31760,37734,29868
31753,37716,29828
31736,37702,29831
31705,37737,29807
31692,37701,29831
31690,37734,29792
31688,37727,29781
31701,37721,29772
31716,37717,29761
31784,37743,29783
31820,37743,29745
31808,37735,29741
31802,37724,29713
31804,37727,29709
31820,37711,29735
31829,37717,29731
31850,37708,29703
31880,37733,29681
31888,37735,29683
31884,37711,29655
31904,37687,29646
31908,37705,29655
31917,37695,29672
31936,37708,29676
31960,37717,29636
31952,37708,29639
31992,37711,29632
32032,37707,29634
32074,37701,29646
32073,37725,29647
32084,37717,29640
32068,37689,29628
32034,37671,29631
32068,37708,29633
32089,37693,29610
32040,37703,29665
32068,37699,29668
32140,37711,29637
32174,37727,29645
32176,37693,29637
32172,37666,29621
32169,37703,29659
32178,37699,29656
32180,37691,29629
32224,37682,29628
32244,37701,29628
32316,37682,29628
32364,37717,29642
32376,37703,29658
32365,37695,29636
32356,37684,29623
32336,37703,29628
32348,37696,29605
32340,37704,29655
32380,37652,29636
32454,37671,29639
32430,37699,29625
32460,37703,29639
32468,37691,29661
32472,37711,29653
32468,37716,29620
32480,37681,29638
32492,37668,29622
32520,37693,29639
32492,37678,29626
32496,37709,29663
32508,37703,29652
32549,37689,29636
32600,37671,29624
32638,37692,29632
32653,37681,29662
32624,37687,29634
32652,37677,29639
32656,37671,29624
32615,37697,29644
32596,37695,29631
32629,37663,29647
32684,37703,29680
32708,37682,29664
32696,37717,29685
32652,37679,29684
32672,37694,29679
32665,37677,29653
32680,37687,29658
32648,37671,29663
32656,37700,29668
32684,37665,29666
32656,37700,29653
32672,37698,29641
32692,37687,29703
32708,37702,29717
32688,37698,29684
32664,37690,29684
32632,37671,29693
32652,37686,29702
32677,37679,29700
32694,37671,29693
32694,37694,29711
32648,37683,29725
32629,37700,29726
32648,37693,29727
32658,37686,29740
32684,37677,29744
32668,37671,29730
32684,37691,29717
32684,37684,29729
32668,37648,29729
32688,37699,29734
32678,37692,29731
32696,37687,29725
32716,37677,29742
32700,37671,29767
32672,37689,29767
32648,37685,29747
32644,37676,29743
32684,37687,29756
32712,37676,29756
32716,37676,29751
32740,37700,29758
32736,37673,29769
32740,37689,29785
32760,37679,29796
32760,37676,29796
32740,37663,29780
32733,37692,29786
32748,37691,29803
32780,37703,29793
32790,37701,29831
32793,37703,29804
32796,37703,29807
32772,37695,29813
32760,37699,29814
32741,37639,29863
32748,37671,29838
32761,37682,29831
32756,37679,29844
32774,37687,29847
32804,37679,29841
32812,37679,29878
32829,37679,29841
32849,37671,29860
32869,37692,29855
32840,37684,29804
32856,37686,29868
32828,37676,29879
32832,37694,29865
32832,37697,29865
32848,37691,29854
32872,37697,29881
32905,37699,29876
32885,37687,29876
32857,37680,29861
32848,37679,29891
32817,37671,29875
32802,37669,29871
32833,37676,29879
32848,37675,29904
32868,37694,29874
32892,37709,29882
32909,37702,29860
32869,37703,29911
32828,37697,29887
32833,37645,29893
32812,37691,29895
32848,37660,29908
32872,37690,29931
32833,37692,29907
32884,37697,29909
32904,37698,29868
32928,37695,29935
32924,37685,29909
32876,37703,29929
32847,37696,29919
32828,37695,29917
32856,37689,29960
32900,37681,29936
32856,37711,29946
32864,37711,29932
32900,37675,29940
32904,37702,29964
32864,37683,29964
32840,37692,29945
32844,37691,29959
32824,37682,29956
32841,37685,29946
32860,37663,29948
32892,37703,29956
32932,37685,29959
32972,37713,29959
32948,37702,29951
32916,37683,29949
32916,37679,29966
32910,37692,29983
32901,37698,29951
32916,37653,29951
32906,37687,29946
32876,37684,29943
32871,37701,29936
32864,37685,29936
32824,37698,29924
32773,37684,29959
32716,37691,29951
32688,37695,29940
32665,37653,29916
32600,37692,29927
32588,37675,29927
32664,37669,29900
32696,37675,29940
32728,37681,29916
32756,37693,29912
32776,37702,29894
32732,37700,29895
32684,37691,29925
32712,37650,29917
32740,37682,29890
32756,37676,29903
32804,37676,29879
32892,37684,29917
32936,37681,29905
32932,37681,29887
32940,37661,29876
32908,37689,29881
32908,37689,29900
32916,37651,29886
32960,37677,29860
33020,37685,29861
33093,37685,29861
33148,37687,29884
33236,37673,29859
33289,37695,29848
33287,37702,29849
33248,37639,29830
33240,37648,29879
33196,37687,29830
33128,37671,29837
33076,37675,29822
33080,37675,29830
33056,37703,29857
33024,37703,29830
33030,37663,29823
33008,37692,29805
32992,37673,29823
33012,37671,29836
33020,37693,29814
33037,37683,29818
33076,37677,29807
33080,37698,29798
33096,37707,29783
33049,37691,29793
33041,37703,29772
33048,37703,29799
33016,37681,29805
32992,37687,29798
32992,37673,29789
33000,37703,29779
33016,37701,29748
33040,37663,29756
33016,37701,29736
32966,37687,29733
32964,37679,29760
32944,37689,29747
32932,37670,29739
32940,37680,29716
32929,37679,29703
32932,37676,29693
32952,37692,29732
32984,37657,29684
32976,37700,29687
32960,37697,29650
32948,37693,29688
32782,37684,29660
32500,37693,29653
32216,37694,29624
31896,37699,29676
31648,37703,29636
31480,37709,29638
31543,37713,29631
31712,37709,29661
31984,37711,29613
32496,37669,29623
32996,37703,29607
33628,37692,29599
34616,37691,29640
36268,37687,29604
38280,37685,29601
40630,37686,29593
43200,37685,29580
45756,37673,29636
48160,37669,29636
50056,37663,29596
51348,37667,29607
51776,37663,29605
51028,37639,29591
49196,37650,29607
46884,37670,29631
44296,37668,29616
41488,37703,29609
38412,37711,29593
36176,37703,29625
34682,37719,29647
33638,37732,29608
32912,37676,29633
32264,37711,29620
31776,37711,29648
31428,37700,29679
31224,37693,29644
31072,37739,29655
30972,37747,29644
30840,37727,29676
30736,37729,29695
30640,37719,29659
30542,37708,29668
30447,37703,29648
30364,37695,29650
30296,37724,29681
30260,37685,29638
30272,37695,29621
30296,37732,29650
30301,37733,29634
30292,37737,29599
30288,37679,29596
30312,37682,29588
30328,37671,29596
30372,37717,29615
30404,37719,29580
30408,37708,29572
30436,37743,29575
30393,37748,29590
30364,37685,29608
30424,37731,29597
30448,37735,29575
30469,37730,29561
30532,37711,29612
30593,37711,29565
30640,37706,29575
30701,37735,29590
30768,37690,29597
30812,37733,29607
30881,37717,29606
30908,37703,29594
30920,37735,29664
30936,37711,29671
30909,37727,29655
30938,37710,29679
31020,37703,29688
31036,37703,29715
31036,37741,29767
31072,37740,29752
31121,37725,29785
31124,37694,29783
31112,37711,29842
31160,37695,29857
31192,37687,29862
31206,37717,29871
31212,37687,29914
31228,37683,29941
31324,37683,29932
31333,37727,29956
31384,37733,29956
31416,37727,29996
31428,37703,30025
31420,37710,30045
31437,37729,30041
31461,37717,30052
31476,37704,30077
31512,37709,30070
31549,37711,30108
31588,37700,30101
31648,37741,30117
31712,37741,30124
31736,37700,30127
31728,37719,30151
31716,37711,30182
31736,37717,30157
31776,37713,30188
31836,37711,30184
31864,37695,30189
31936,37705,30189
31992,37736,30214
32002,37703,30225
32004,37725,30229
32032,37711,30205
32060,37711,30204
32064,37707,30205
32108,37705,30215
32176,37729,30193
32232,37738,30191
32305,37716,30161
32372,37701,30197
32396,37735,30169
32404,37727,30157
32437,37728,30164
32456,37735,30149
32520,37728,30133
32592,37709,30125
32640,37735,30096
32704,37741,30124
32752,37727,30086
32784,37729,30071
32847,37733,30071
32892,37720,30052
32924,37725,30032
32949,37709,30020
32952,37713,30009
32952,37717,30016
33052,37717,29982
33048,37711,29964
33054,37731,29981
33045,37735,29930
33044,37741,29925
33060,37733,29932
33068,37727,29899
33036,37729,29877
33044,37725,29895
33020,37724,29861
33024,37737,29839
33008,37711,29845
33004,37719,29820
32972,37710,29791
32886,37736,29767
32812,37727,29797
32768,37699,29757
32720,37700,29721
32644,37691,29745
32516,37733,29722
32420,37723,29694
32366,37732,29679
32268,37727,29656
32141,37733,29661
32108,37727,29639
32068,37721,29618
31972,37742,29604
31912,37735,29572
31880,37719,29612
31824,37733,29585
31812,37721,29535
31772,37725,29545
31782,37721,29489
31820,37737,29556
31812,37733,29496
31744,37735,29478
31712,37732,29510
31674,37725,29476
31677,37716,29460
31680,37733,29434
31672,37685,29447
31682,37671,29463
31726,37680,29415
31712,37728,29417
31700,37709,29439
31722,37721,29417
31682,37713,29393
31640,37663,29381
31660,37677,29383
31712,37700,29368
31748,37703,29341
31768,37711,29401
31783,37711,29359
31792,37716,29340
31805,37703,29383
31792,37701,29348
31788,37693,29343
31824,37703,29345
31865,37703,29317
31876,37684,29348
31884,37691,29343
31897,37698,29368
31920,37701,29349
31972,37723,29350
31976,37711,29407
31984,37663,29379
31986,37679,29397
31992,37700,29389
32008,37695,29385
32004,37695,29447
32028,37663,29422
32048,37671,29425
32092,37703,29472
32136,37695,29442
32148,37692,29469
32161,37679,29458
32160,37657,29524
32148,37692,29495
32161,37699,29511
32188,37692,29510
32204,37697,29545
32220,37697,29525
32232,37679,29567
32264,37671,29573
32300,37671,29607
32262,37665,29583
32269,37655,29592
32300,37656,29643
32320,37663,29632
32343,37663,29625
32382,37671,29667
32424,37679,29671
32492,37679,29692
32456,37693,29702
32444,37677,29722
32433,37684,29743
32436,37676,29750
32436,37635,29765
32440,37625,29786
32449,37655,29810
32480,37683,29814
32518,37685,29812
32552,37684,29879
32589,37667,29865
32632,37671,29849
32648,37668,29920
32604,37661,29906
32541,37652,29932
32524,37639,29941
32532,37638,29955
32524,37663,29959
32576,37639,30017
32640,37673,30023
32644,37667,30023
32648,37675,30039
32640,37653,30037
32648,37651,30057
32636,37639,30092
32656,37639,30115
32640,37647,30101
32665,37652,30125
32664,37660,30133
32692,37661,30164
32692,37668,30180
32672,37661,30178
32692,37653,30196
32738,37639,30199
32701,37661,30231
32688,37655,30249
32736,37639,30241
32744,37657,30258
32760,37660,30263
32788,37663,30277
32826,37653,30309
32832,37675,30297
32804,37647,30316
32756,37669,30324
32772,37663,30326
32774,37655,30350
32752,37639,30361
32780,37671,30364
32796,37655,30367
32792,37639,30372
32792,37671,30385
32812,37677,30396
32800,37679,30396
32816,37663,30413
32833,37631,30412
32852,37647,30423
32870,37635,30439
32894,37671,30454
32932,37655,30451
32940,37672,30443
32954,37653,30463
32928,37660,30468
32916,37679,30469
32912,37678,30466
32904,37628,30495
32938,37625,30488
32928,37661,30496
32962,37667,30506
33004,37663,30500
33000,37655,30502
32996,37679,30507
32986,37655,30481
33004,37671,30539
32989,37625,30533
32964,37663,30537
32964,37619,30540
32928,37639,30546
32920,37652,30545
32932,37639,30559
32972,37638,30556
33010,37636,30554
32980,37637,30565
32940,37621,30577
32933,37623,30561
32920,37639,30564
32940,37636,30564
32924,37637,30574
32966,37639,30575
33012,37596,30570
32996,37632,30575
32952,37631,30567
32920,37628,30562
32928,37623,30581
32964,37631,30588
32974,37612,30583
32949,37599,30572
32940,37593,30564
32988,37617,30569
33016,37623,30580
33016,37615,30564
33018,37628,30573
33008,37627,30569
33000,37621,30575
32948,37605,30567
32952,37621,30573
32932,37629,30564
32941,37635,30565
32966,37629,30559
32976,37633,30574
32997,37607,30583
32992,37613,30567
32960,37629,30567
32992,37612,30558
32949,37603,30552
32942,37599,30563
32944,37612,30562
32980,37627,30560
33016,37625,30544
33056,37607,30561
33080,37639,30559
33084,37631,30556
33065,37636,30542
33008,37635,30553
33016,37630,30541
33012,37628,30545
32996,37615,30541
33012,37609,30541
32980,37600,30535
32985,37607,30520
32981,37620,30535
33020,37639,30530
33032,37607,30527
33029,37596,30521
33036,37587,30497
33020,37615,30511
33045,37607,30502
33060,37601,30501
33056,37626,30489
33028,37639,30491
33020,37597,30482
32972,37603,30470
32892,37629,30471
32772,37631,30460
32752,37623,30448
32713,37623,30453
32680,37583,30446
32665,37586,30422
32696,37613,30450
32724,37593,30423
32738,37639,30411
32750,37637,30406
32770,37623,30426
32744,37623,30402
32704,37615,30400
32741,37605,30403
32764,37630,30408
32808,37627,30397
32880,37604,30380
32960,37639,30364
33009,37625,30364
33056,37623,30375
33089,37635,30362
33060,37635,30343
33022,37653,30351
33038,37626,30359
33076,37612,30351
33112,37633,30349
33172,37649,30327
33280,37659,30336
33344,37615,30326
33356,37655,30318
33364,37639,30330
33364,37636,30329
33328,37638,30324
33221,37628,30314
33144,37615,30301
33113,37613,30309
33093,37639,30324
33100,37639,30303
33104,37617,30304
33120,37639,30301
33086,37639,30286
33088,37621,30287
33100,37607,30305
33048,37605,30298
33022,37596,30286
32996,37623,30281
33024,37639,30284
33096,37631,30279
33120,37636,30266
33101,37629,30289
33121,37637,30279
33132,37623,30269
33096,37623,30265
33045,37592,30272
33012,37604,30263
33032,37607,30260
33052,37615,30238
33054,37592,30271
33064,37631,30245
33048,37638,30245
33036,37627,30236
33032,37628,30252
33012,37617,30244
32996,37612,30235
32969,37598,30207
32997,37580,30228
33020,37623,30212
33072,37625,30198
33008,37637,30226
32920,37628,30206
32716,37615,30196
32424,37595,30192
32128,37623,30188
31852,37615,30183
31628,37627,30196
31652,37595,30185
31812,37607,30170
32092,37612,30201
32593,37617,30181
33136,37614,30168
33753,37623,30183
34688,37615,30172
36142,37580,30161
38008,37601,30161
40204,37593,30168
42564,37593,30165
44908,37575,30161
47156,37582,30149
48980,37583,30169
50208,37581,30153
50724,37582,30166
50068,37572,30149
48272,37575,30136
46052,37577,30164
43664,37591,30141
40992,37597,30145
38056,37625,30126
35822,37622,30120
34464,37621,30141
33520,37631,30147
32908,37627,30120
32360,37621,30132
31912,37621,30104
31556,37619,30147
31358,37621,30125
31200,37621,30123
31101,37632,30135
30992,37639,30139
30912,37639,30116
30868,37599,30111
30764,37639,30095
30640,37639,30102
30556,37631,30095
30528,37636,30068
30520,37607,30055
30516,37605,30034
30528,37599,30045
30516,37601,29999
30496,37631,29988
30474,37661,29967
30489,37639,29951
30516,37636,29969
30480,37619,29955
30508,37605,29918
30572,37599,29909
30620,37639,29887
30668,37651,29888
30728,37653,29892
30756,37661,29855
30744,37663,29838
30716,37651,29826
30700,37653,29799
30749,37639,29828
30804,37639,29780
30857,37637,29784
30900,37647,29759
30934,37655,29766
30980,37631,29788
30988,37649,29804
30980,37629,29799
31008,37628,29769
31012,37628,29785
31040,37612,29771
31070,37639,29799
31076,37639,29828
31148,37625,29815
31168,37615,29818
31184,37607,29836
31160,37660,29837
31152,37667,29877
31160,37613,29876
31176,37634,29892
31208,37639,29901
31258,37647,29911
31300,37639,29932
31348,37606,29921
31410,37625,29956
31496,37620,29983
31536,37639,29988
31616,37615,29996
31580,37609,30003
31548,37628,30021
31536,37617,30054
31560,37605,30045
31580,37639,30060
31612,37639,30069
31616,37613,30076
31660,37607,30103
31648,37639,30099
31708,37625,30111
31756,37661,30112
31804,37652,30151
31824,37647,30141
31848,37655,30153
31860,37639,30163
31936,37655,30159
31980,37653,30189
32000,37665,30174
32024,37660,30177
32060,37639,30197
32104,37639,30183
32124,37639,30168
32190,37639,30200
32268,37638,30180
32312,37639,30175
32346,37637,30184
32364,37639,30174
32400,37617,30165
32444,37629,30182
32484,37663,30158
32494,37636,30156
32520,37615,30151
32581,37661,30164
32628,37661,30155
32716,37646,30142
32752,37639,30140
32772,37671,30124
32828,37687,30142
32892,37687,30122
32912,37689,30118
32933,37687,30104
32940,37691,30124
32932,37682,30119
32984,37687,30108
33012,37687,30084
33004,37688,30102
33009,37694,30117
33033,37700,30084
33065,37700,30074
33072,37708,30100
33094,37693,30093
33072,37660,30075
33052,37664,30069
32972,37685,30060
32954,37677,30061
32964,37689,30061
32958,37691,30056
32890,37695,30048
32813,37696,30063
32702,37692,30071
32616,37681,30045
32504,37687,30030
32380,37680,30029
32317,37668,30045
32208,37667,30054
32121,37673,30047
32128,37703,30030
32056,37681,30031
32020,37676,30024
31973,37673,30014
31932,37655,30053
31836,37699,30021
31812,37695,30023
31814,37687,30016
31784,37679,30044
31748,37675,30020
31700,37671,30025
31653,37687,30016
31648,37676,30061
31644,37687,30032
31640,37679,30043
31620,37689,30036
31625,37684,30063
31576,37679,30062
31545,37684,30052
31536,37676,30051
31541,37679,30055
31564,37668,30087
31600,37679,30063
31649,37671,30073
31708,37671,30061
31712,37671,30094
31705,37655,30103
31736,37663,30100
31784,37661,30100
31780,37652,30096
31789,37676,30111
31792,37687,30105
31812,37687,30104
31792,37693,30143
31802,37693,30143
31804,37691,30148
31816,37681,30148
31808,37681,30156
31853,37681,30159
31920,37674,30199
31868,37679,30207
31874,37684,30215
31916,37690,30220
31936,37687,30241
31956,37639,30268
31940,37663,30287
31968,37656,30294
31969,37663,30316
31969,37661,30350
31948,37638,30357
31968,37668,30373
32021,37655,30383
32056,37682,30404
32092,37691,30428
32120,37679,30436
32137,37637,30456
32148,37671,30477
32196,37671,30497
32201,37661,30515
32180,37652,30527
32154,37660,30556
32226,37660,30588
32320,37660,30585
32344,37683,30612
32392,37677,30632
32416,37654,30662
32357,37639,30671
32289,37619,30691
32260,37663,30719
32280,37639,30744
32328,37625,30782
32356,37673,30793
32332,37668,30820
32365,37671,30845
32420,37669,30877
32488,37679,30900
32556,37660,30921
32548,37671,30940
32542,37633,30966
32496,37669,30982
32476,37663,31013
32456,37665,31049
32464,37661,31079
32512,37648,31107
32572,37684,31137
32608,37671,31097
32600,37637,31177
32612,37668,31212
32636,37673,31252
32644,37629,31279
32621,37673,31303
32604,37657,31318
32616,37639,31367
32620,37671,31393
32632,37665,31423
32632,37679,31426
32616,37636,31484
32628,37663,31502
32640,37655,31535
32652,37639,31564
32656,37679,31588
32640,37639,31621
32696,37671,31653
32756,37669,31653
32752,37659,31687
32672,37647,31744
32628,37669,31777
32548,37671,31791
32552,37639,31821
32608,37621,31817
32660,37631,31847
32716,37677,31884
32740,37669,31935
32797,37671,31973
32824,37667,31973
32840,37664,32031
32884,37668,32058
32900,37655,32096
32828,37655,32097
32776,37623,32119
32728,37664,32183
32700,37632,32219
32754,37669,32203
32732,37668,32225
32632,37655,32292
32620,37655,32335
32628,37639,32359
32660,37631,32391
32688,37671,32391
32764,37665,32434
32823,37666,32481
32832,37673,32519
32858,37673,32516
32860,37679,32550
32900,37667,32606
32888,37660,32645
32905,37639,32639
32878,37649,32663
32833,37639,32751
32848,37639,32772
32876,37649,32807
32888,37655,32810
32865,37660,32865
32884,37663,32895
32832,37638,32866
32781,37655,32955
32772,37657,32991
32816,37639,33031
32852,37639,33047
32910,37632,33070
32942,37659,33124
32924,37671,33103
32906,37632,33125
32924,37652,33149
32864,37639,33156
32888,37639,33238
32896,37655,33287
32928,37661,33316
32911,37639,33341
32920,37617,33383
32988,37655,33331
32912,37648,33361
32878,37639,33415
32892,37639,33503
32866,37639,33501
32888,37657,33543
32928,37663,33580
32900,37639,33607
32892,37614,33556
32872,37637,33668
32916,37653,33671
32972,37639,33727
32996,37665,33663
32992,37670,33772
32984,37671,33783
33020,37631,33785
32992,37636,33826
32996,37629,33863
32992,37639,33893
32952,37661,33935
32988,37648,33873
33028,37657,33991
33028,37669,33991
33036,37669,34045
33060,37669,33972
33016,37665,34087
32972,37639,34092
32986,37625,34143
32992,37653,34096
33032,37653,34183
33028,37621,34205
33040,37653,34244
32988,37639,34199
32912,37657,34271
32901,37655,34295
32896,37649,34326
32876,37638,34365
32844,37636,34287
32804,37639,34357
32777,37629,34438
32736,37665,34439
32672,37661,34470
32708,37635,34445
32704,37669,34429
32644,37609,34532
32654,37620,34514
32706,37649,34506
32716,37639,34623
32770,37637,34620
32882,37634,34671
32928,37635,34597
32976,37652,34625
32964,37658,34737
32944,37663,34741
32952,37661,34795
32975,37649,34687
32968,37629,34719
32952,37629,34804
32937,37619,34874
32928,37639,34863
32981,37655,34887
33077,37639,34936
33196,37639,34948
33296,37671,34956
33432,37627,34969
33500,37647,35007
33492,37639,34997
33324,37635,35039
33184,37639,34948
33098,37639,35031
33060,37637,35108
33068,37621,35121
32976,37663,35124
32997,37604,35159
33056,37615,35173
33056,37639,35207
33124,37629,35105
33173,37612,35223
33112,37612,35231
33140,37614,35271
33116,37623,35215
33125,37623,35199
33092,37639,35258
33093,37639,35361
33038,37637,35335
33008,37639,35389
33052,37639,35289
33076,37634,35423
33084,37629,35419
33156,37597,35455
33240,37620,35389
33284,37606,35377
33240,37620,35459
33144,37639,35532
33024,37629,35543
32961,37613,35529
32988,37639,35557
33072,37639,35512
33112,37639,35496
33044,37653,35591
33084,37621,35628
33096,37623,35639
33113,37652,35652
33160,37637,35696
33136,37655,35633
33036,37660,35623
32885,37652,35615
32628,37612,35767
32304,37639,35775
32070,37639,35753
31956,37636,35807
32008,37639,35829
32192,37639,35723
32492,37663,35757
32828,37660,35845
33344,37658,35847
33957,37655,35910
34644,37639,35888
35692,37661,35901
37172,37657,35935
39056,37655,35865
41084,37647,35895
42924,37653,35994
44748,37647,36029
46416,37638,35997
47652,37621,36030
48140,37633,36059
47824,37633,36084
46292,37635,36012
44064,37652,35996
41840,37671,35986
39652,37685,36017
37140,37689,36044
34956,37699,36138
33564,37687,36199
32816,37671,36171
32416,37671,36229
32192,37669,36151
31968,37663,36139
31784,37652,36217
31664,37695,36221
31572,37661,36294
31520,37676,36293
31520,37639,36325
31436,37687,36345
31296,37677,36380
31196,37671,36298
31180,37661,36282
31148,37681,36287
31072,37679,36295
31064,37693,36295
31048,37687,36324
31102,37681,36423
31100,37694,36393
31140,37684,36429
31153,37671,36327
31180,37669,36309
31180,37686,36296
31116,37673,36372
31140,37635,36419
31204,37678,36439
31076,37677,36440
31128,37679,36399
31260,37668,36429
31284,37699,36420
31260,37694,36453
31320,37630,36449
31324,37673,36455
31334,37663,36445
31364,37657,36455
31428,37657,36481
31484,37677,36351
31470,37685,36359
31530,37698,36394
31536,37689,36518
31524,37663,36541
31432,37680,36521
31461,37631,36548
31512,37639,36572
31616,37631,36510
31592,37665,36585
31613,37676,36628
31712,37676,36684
31748,37679,36615
31725,37666,36652
31808,37685,36775
31829,37687,36816
31784,37668,36824
31744,37639,36844
31776,37637,36871
31852,37639,36804
31876,37680,36831
31877,37684,36814
31940,37693,36989
31893,37684,36945
31943,37664,36979
32028,37667,37029
32060,37661,37047
32137,37663,36918
32120,37669,37068
32164,37687,37023
32216,37692,37063
32134,37703,37095
32068,37639,36996
32084,37655,37028
32132,37679,37135
32238,37670,37090
32328,37656,37124
32370,37655,36993
32310,37663,37146
32272,37663,37072
32324,37661,37101
32416,37684,37135
32472,37693,36992
32488,37655,36973
32460,37638,37097
32493,37677,37061
32584,37663,37047
32632,37663,37069
32652,37685,36960
32728,37676,36910
32764,37663,37031
32809,37641,37029
32846,37639,36946
32913,37676,36960
32946,37673,36981
32956,37673,36845
32996,37679,36925
33048,37661,36888
33089,37665,36796
33096,37670,36785
33150,37687,36809
33208,37693,36836
33292,37691,36679
33333,37689,36812
33345,37661,36763
33384,37689,36637
33452,37679,36735
33456,37687,36687
33416,37684,36703
33436,37653,36692
33471,37700,36541
33384,37686,36561
33444,37679,36639
33409,37675,36561
33416,37673,36563
33457,37645,36582
33476,37685,36468
33448,37679,36511
33340,37695,36492
33248,37699,36500
33228,37686,36359
33236,37685,36454
33150,37700,36415
32964,37698,36319
32784,37693,36293
32689,37687,36397
32564,37676,36359
32448,37653,36245
32380,37665,36225
32332,37671,36317
32297,37669,36260
32200,37663,36268
32032,37693,36279
31900,37686,36167
31828,37666,36111
31737,37637,36219
31660,37671,36205
31633,37671,36172
31637,37660,36180
31648,37660,36052
31644,37673,36039
31572,37679,36135
31525,37685,36087
31540,37683,36114
31584,37677,35972
31610,37647,36090
31616,37639,36046
31576,37639,35967
31556,37648,36004
31616,37639,36031
31588,37676,35980
31520,37676,35994
31532,37679,35998
31544,37683,35871
31524,37673,35888
31493,37671,35956
31456,37639,35932
31508,37653,35893
31560,37669,35908
31644,37663,35785
31668,37668,35789
31676,37668,35885
31716,37663,35828
31564,37660,35823
31512,37639,35831
31565,37660,35719
31634,37657,35739
31668,37655,35810
31684,37669,35767
31692,37666,35791
31688,37647,35674
31648,37663,35705
31696,37639,35789
31780,37654,35753
31805,37657,35778
31768,37671,35644
31710,37657,35751
31696,37653,35747
31822,37639,35759
31924,37621,35783
32004,37623,35668
32048,37623,35655
31992,37671,35684
31876,37639,35727
31813,37639,35793
31888,37629,35759
31956,37613,35790
32060,37655,35717
32138,37663,35671
32144,37671,35724
32056,37668,35820
32040,37637,35778
32102,37655,35823
32156,37637,35741
32176,37655,35839
32158,37655,35845
32124,37649,35835
32096,37654,35844
32132,37639,35860
32216,37638,35878
32316,37639,35828
32364,37663,35802
32372,37671,35871
32356,37639,35904
32252,37653,35910
32315,37632,35905
32432,37648,35973
32520,37607,36009
32616,37657,35983
32640,37646,36039
32576,37661,35940
32528,37652,35941
32510,37629,36033
32484,37671,36068
32516,37623,36076
32552,37655,36097
32534,37639,36125
32552,37631,36143
32613,37637,36068
32692,37651,36095
32781,37667,36135
32768,37677,36212
32768,37677,36187
32740,37673,36242
32704,37639,36120
32673,37631,36248
32620,37669,36245
32612,37655,36255
32708,37655,36297
32797,37660,36163
32856,37679,36201
32880,37688,36314
32756,37686,36351
32652,37683,36312
32673,37663,36367
32740,37668,36295
32804,37667,36255
32808,37662,36407
32824,37671,36377
32830,37654,36407
32764,37684,36445
32760,37639,36348
32712,37695,36367
32732,37691,36502
32792,37676,36470
32790,37661,36524
32764,37669,36423
32788,37676,36421
32829,37677,36439
32880,37639,36580
32852,37693,36547
32808,37679,36580
32796,37671,36623
32832,37671,36514
32864,37687,36540
32901,37679,36636
32904,37639,36645
32976,37679,36679
32996,37675,36613
32929,37679,36583
32848,37674,36706
32808,37703,36716
32812,37679,36756
32888,37674,36773
32917,37669,36749
32920,37666,36692
32872,37663,36668
32828,37685,36703
32837,37683,36816
32885,37649,36782
32952,37695,36817
32972,37693,36729
32985,37679,36719
32925,37685,36864
32884,37669,36816
32876,37699,36871
32896,37691,36757
32957,37695,36817
33053,37693,36907
33087,37700,36852
33018,37685,36891
32920,37693,36813
32896,37691,36785
32888,37670,36821
32888,37692,36828
32860,37679,36814
32885,37655,36839
32958,37679,36813
32956,37671,36861
32980,37698,36860
33000,37679,36852
32989,37685,36895
33064,37690,36964
33029,37673,36999
32996,37697,36969
32910,37695,36956
32828,37684,36999
32821,37676,36871
32884,37663,36871
32917,37661,36988
32832,37701,37023
32812,37684,37028
32760,37691,37020
32714,37680,36991
32728,37673,37020
32633,37707,37036
32568,37671,36913
32629,37663,36919
32716,37668,37036
32744,37705,37034
32736,37716,36893
32684,37719,37053
32693,37713,36998
32744,37723,37013
32721,37719,36921
32760,37717,36918
32849,37703,36965
32935,37696,36989
32892,37703,37048
32796,37685,36982
32810,37735,36992
32860,37735,37012
32892,37699,37005
32912,37719,36997
32960,37707,36999
33000,37716,37050
33020,37705,37047
33124,37709,37039
33196,37699,37050
33289,37735,36992
33326,37743,36980
33266,37719,37012
33245,37701,37028
33214,37741,36887
33132,37716,36898
33036,37709,37017
33069,37687,37028
33125,37735,36996
33088,37707,36993
33116,37741,36951
33136,37741,36983
33128,37733,36973
33092,37724,36984
33058,37711,36957
33018,37737,36951
33044,37703,36945
33105,37725,36980
33196,37735,36975
33182,37725,36966
33124,37715,36961
33121,37741,36959
33100,37748,36844
33088,37717,36812
33089,37735,36820
33076,37719,36819
33064,37716,36888
33133,37729,36935
33084,37739,36869
33036,37719,36860
33050,37735,36853
32940,37732,36844
32929,37749,36847
32964,37727,36844
33013,37741,36836
33009,37717,36839
33068,37701,36838
33125,37737,36716
33108,37735,36691
33127,37745,36751
33120,37743,36815
33148,37741,36792
33000,37743,36749
32797,37745,36735
32556,37743,36743
32264,37739,36754
32032,37727,36767
31882,37751,36654
31878,37764,36743
32049,37764,36612
32388,37764,36687
32896,37767,36727
33566,37764,36695
34296,37743,36659
35040,37751,36644
36088,37745,36672
37412,37761,36660
39268,37762,36661
41312,37748,36548
43084,37745,36546
44852,37756,36509
46516,37758,36534
47732,37761,36580
48160,37748,36615
47744,37767,36565
45960,37767,36549
43444,37767,36579
40900,37767,36568
38592,37780,36574
36160,37788,36465
34140,37799,36423
33002,37808,36439
32504,37823,36398
32296,37821,36471
32200,37773,36509
32032,37805,36511
31876,37791,36524
31742,37791,36473
31596,37781,36444
31548,37777,36455
31392,37809,36447
31220,37822,36468
31196,37815,36319
31189,37823,36335
31156,37827,36414
31092,37813,36357
31082,37813,36359
31024,37813,36239
30989,37819,36213
31028,37767,36287
31064,37767,36231
31033,37831,36210
31062,37822,36103
31076,37815,36061
31094,37807,36023
31116,37791,36110
31140,37827,36103
31172,37799,36061
31220,37815,36009
31224,37812,35989
31236,37815,35975
31220,37837,35975
31232,37786,35959
31324,37824,35951
31324,37812,35841
31328,37826,35814
31336,37827,35805
31400,37824,35895
31488,37805,35877
31533,37826,35860
31593,37829,35836
31606,37831,35829
31561,37799,35840
31580,37823,35845
31584,37831,35847
31528,37799,35838
31476,37827,35858
31556,37807,35847
31644,37831,35863
31704,37823,35901
31768,37820,35904
31816,37813,35911
31880,37850,35807
31845,37804,35787
31800,37824,35833
31753,37815,35916
31708,37843,35896
31708,37791,35881
31808,37821,35865
31924,37815,35880
32008,37836,35898
32014,37841,35807
31928,37807,35772
31837,37839,35759
31865,37826,35783
31936,37839,35847
31982,37837,35845
32009,37799,35805
32052,37828,35813
32085,37822,35813
32101,37825,35719
32168,37838,35684
32248,37839,35660
32272,37831,35642
32240,37821,35615
32284,37847,35629
32332,37836,35685
32348,37826,35657
32372,37829,35644
32388,37808,35621
32440,37850,35621
32444,37855,35544
32510,37843,35511
32624,37837,35480
32640,37863,35447
32620,37831,35425
32646,37847,35391
32756,37831,35353
32840,37853,35325
32892,37850,35267
32948,37837,35157
33004,37868,35108
33005,37864,35079
33040,37879,35108
33058,37861,35108
33076,37831,35060
33124,37845,35006
33156,37837,34967
33210,37871,34919
33260,37852,34884
33316,37868,34847
33352,37867,34807
33364,37879,34761
33404,37884,34727
33448,37868,34687
33501,37839,34662
33508,37857,34561
33484,37859,34468
33472,37879,34493
33492,37871,34493
33540,37863,34464
33492,37886,34421
33460,37895,34378
33456,37887,34295
33456,37870,34249
33423,37885,34181
33332,37878,34149
33212,37879,34172
33144,37861,34150
33076,37884,34082
33012,37887,34055
32888,37879,34023
32816,37878,33969
32740,37868,33941
32608,37862,33853
32480,37863,33796
32341,37860,33812
32196,37862,33813
32084,37837,33755
32036,37849,33737
31972,37885,33708
31889,37895,33601
31848,37855,33572
31817,37878,33527
31761,37869,33511
31740,37861,33508
31700,37887,33461
31660,37879,33455
31612,37831,33436
31568,37833,33387
31532,37874,33357
31544,37868,33339
31592,37863,33308
31600,37887,33276
31580,37890,33197
31552,37844,33151
31524,37866,33136
31484,37863,33151
31516,37855,33109
31556,37839,33081
31560,37884,33009
31568,37887,32965
31572,37886,32997
31576,37884,32964
31596,37858,32871
31560,37866,32876
31573,37857,32885
31605,37862,32832
31624,37863,32824
31648,37855,32745
31692,37871,32713
31733,37876,32662
31750,37884,32661
31788,37879,32662
31760,37831,32624
31746,37867,32597
31756,37857,32591
31765,37860,32527
31748,37857,32480
31772,37884,32472
31860,37855,32479
31881,37863,32471
31856,37873,32447
31876,37895,32430
31905,37879,32423
31944,37877,32396
32020,37879,32391
32084,37876,32373
32072,37861,32349
32032,37859,32296
31940,37872,32308
31936,37877,32263
31961,37863,32234
31997,37857,32231
32016,37879,32219
32049,37876,32196
32076,37821,32188
32130,37855,32169
32160,37837,32147
32224,37860,32133
32257,37837,32103
32304,37855,32097
32324,37853,32077
32288,37839,32071
32269,37861,32095
32288,37859,32081
32288,37807,32069
32280,37845,32048
32320,37839,32032
32336,37837,32021
32327,37863,32007
32332,37826,32004
32365,37853,31967
32396,37839,31942
32424,37847,31942
32440,37854,31950
32452,37852,31932
32492,37804,31924
32532,37847,31913
32544,37837,31878
32552,37839,31888
32548,37865,31900
32525,37863,31871
32517,37866,31865
32528,37845,31860
32480,37855,31809
32496,37847,31822
32532,37839,31807
32532,37845,31799
32577,37850,31815
32612,37844,31777
32620,37857,31773
32593,37839,31772
32561,37834,31779
32548,37855,31781
32561,37863,31771
32558,37837,31767
32568,37810,31751
32556,37833,31745
32558,37828,31732
32565,37848,31739
32589,37813,31730
32636,37844,31711
32664,37847,31700
32676,37825,31700
32644,37839,31679
32612,37803,31692
32612,37828,31674
32664,37821,31677
32698,37813,31667
32720,37839,31668
32708,37831,31652
32724,37855,31655
32705,37826,31636
32692,37839,31632
32660,37811,31623
32673,37847,31628
32700,37820,31617
32728,37825,31612
32724,37853,31605
32714,37829,31601
32692,37839,31607
32680,37831,31589
32704,37849,31585
32732,37834,31581
32792,37839,31572
32764,37825,31567
32688,37823,31541
32689,37834,31535
32689,37837,31527
32724,37825,31525
32736,37846,31526
32764,37827,31516
32768,37828,31512
32790,37839,31513
32800,37823,31525
32804,37820,31495
32780,37812,31502
32788,37826,31526
32790,37833,31508
32784,37804,31509
32784,37829,31495
32788,37823,31487
32825,37823,31481
32780,37805,31475
32772,37831,31485
32768,37828,31471
32798,37821,31471
32832,37821,31448
32868,37807,31451
32844,37831,31433
32828,37833,31445
32829,37826,31430
32775,37815,31439
32744,37831,31444
32760,37829,31441
32776,37789,31435
32788,37813,31437
32772,37798,31435
32773,37797,31429
32800,37828,31404
32832,37835,31418
32852,37831,31413
32852,37792,31405
32776,37822,31380
32720,37817,31397
32726,37807,31397
32696,37799,31377
32684,37824,31367
32676,37790,31358
32630,37831,31357
32596,37821,31356
32580,37837,31355
32556,37796,31335
32496,37819,31338
32432,37819,31327
32376,37820,31317
32404,37825,31303
32461,37830,31305
32485,37821,31302
32528,37789,31299
32574,37826,31281
32592,37826,31282
32628,37812,31263
32694,37826,31277
32734,37831,31270
32778,37817,31263
32811,37784,31239
32752,37831,31239
32774,37812,31252
32729,37826,31239
32688,37828,31239
32750,37799,31233
32792,37824,31214
32852,37812,31239
32966,37799,31224
33045,37792,31217
33092,37823,31209
33136,37820,31192
33100,37830,31207
33094,37825,31215
33089,37820,31205
33036,37804,31202
32989,37836,31199
32992,37821,31175
32964,37799,31175
32928,37829,31172
32917,37823,31175
32936,37813,31176
32960,37828,31172
32996,37839,31188
33052,37816,31191
33044,37831,31176
33040,37820,31173
33052,37823,31175
33012,37807,31168
33004,37810,31173
32992,37801,31167
32992,37799,31161
32996,37831,31157
33016,37827,31155
33056,37828,31150
33012,37824,31157
33012,37815,31140
33014,37817,31141
32976,37823,31143
33008,37805,31149
33008,37805,31141
32993,37807,31143
32968,37807,31143
32962,37791,31143
33017,37831,31137
33036,37822,31140
33048,37807,31139
33049,37789,31133
32972,37822,31129
32937,37774,31133
32932,37804,31127
32928,37786,31125
32833,37813,31115
32644,37822,31117
32373,37813,31117
32033,37820,31111
31772,37823,31111
31561,37823,31116
31588,37804,31132
31764,37784,31133
31982,37807,31111
32505,37807,31111
33056,37813,31114
33729,37821,31108
34712,37823,31108
36340,37813,31111
38360,37804,31103
40608,37791,31087
43092,37787,31085
45560,37775,31076
47932,37761,31072
49844,37759,31079
51076,37767,31081
51544,37777,31079
50756,37767,31076
48840,37783,31082
46524,37789,31076
43984,37789,31065
41204,37797,31056
38140,37799,31052
35824,37817,31060
34388,37819,31068
33416,37817,31053
32764,37804,31060
32244,37829,31063
31829,37826,31062
31480,37821,31055
31201,37773,31055
31056,37801,31057
30929,37822,31044
30812,37809,31055
30728,37776,31047
30624,37767,31038
30504,37822,31012
30412,37823,31025
30349,37821,31005
30316,37805,30999
30284,37815,30964
30269,37823,30951
30216,37786,30935
30224,37805,30928
30228,37805,30889
30268,37799,30883
30318,37799,30855
30336,37828,30836
30340,37845,30819
30368,37767,30812
30388,37812,30800
30396,37793,30767
30370,37781,30759
30372,37813,30752
30444,37815,30725
30496,37805,30711
30516,37767,30681
30530,37817,30692
30616,37813,30682
30668,37791,30677
30696,37796,30660
30712,37815,30655
30717,37767,30662
30758,37791,30671
30792,37815,30660
30852,37793,30671
30864,37789,30679
30896,37828,30669
30916,37831,30681
30992,37781,30687
31026,37805,30694
31028,37795,30704
31076,37795,30718
31120,37799,30727
31128,37812,30736
31168,37811,30748
31193,37809,30756
31172,37823,30756
31200,37825,30781
31204,37823,30790
31240,37767,30787
31265,37804,30793
31316,37801,30796
31328,37785,30820
31348,37783,30812
31377,37775,30823
31444,37804,30823
31488,37813,30809
31536,37791,30820
31545,37815,30828
31513,37807,30836
31536,37805,30836
31540,37808,30851
31572,37781,30845
31605,37799,30839
31636,37800,30852
31669,37799,30839
31639,37828,30844
31696,37823,30833
31768,37819,30842
31776,37805,30842
31792,37795,30836
31860,37783,30833
31892,37807,30806
31888,37812,30819
31936,37815,30805
31950,37789,30797
32036,37812,30779
32060,37812,30775
32092,37788,30773
32112,37830,30756
32162,37828,30743
32208,37831,30732
32279,37820,30710
32329,37821,30700
32388,37819,30693
32449,37821,30678
32496,37804,30663
32544,37831,30641
32626,37778,30636
32645,37813,30612
32676,37804,30594
32732,37815,30599
32764,37815,30577
32784,37788,30561
32808,37828,30509
32884,37814,30540
32928,37823,30506
32950,37839,30503
32976,37797,30480
33004,37828,30465
33008,37812,30439
33013,37813,30457
33030,37833,30420
33040,37831,30409
33056,37844,30404
33072,37837,30369
33048,37847,30380
33061,37861,30365
33052,37811,30344
33044,37847,30326
33008,37843,30293
32949,37831,30301
32880,37829,30292
32820,37845,30255
32768,37847,30252
32703,37807,30234
32660,37853,30211
32628,37852,30212
32492,37839,30213
32396,37859,30173
32310,37839,30170
32288,37850,30145
32222,37839,30134
32188,37799,30145
32134,37847,30107
32117,37831,30093
32064,37839,30066
32032,37833,30089
31920,37832,30053
31908,37833,30033
31856,37835,30053
31844,37829,30010
31840,37828,30001
31852,37813,29993
31820,37820,29988
31844,37796,29999
31864,37830,29968
31857,37806,29957
31844,37817,29935
31848,37791,29904
31860,37783,29931
31832,37819,29910
31804,37812,29895
31764,37797,29867
31808,37797,29820
31833,37799,29879
31874,37807,29836
31870,37797,29827
31888,37822,29825
31876,37819,29798
31900,37815,29799
31920,37812,29802
31933,37795,29769
31917,37807,29761
31908,37767,29748
31874,37801,29738
31924,37797,29727
31956,37789,29703
31969,37775,29700
31972,37767,29711
31996,37764,29677
32013,37764,29669
32037,37766,29688
32000,37767,29648
32028,37760,29645
32069,37767,29627
32100,37751,29660
32088,37785,29658
32112,37788,29628
32093,37765,29616
32108,37735,29623
32120,37759,29625
32122,37756,29605
32176,37745,29585
32168,37748,29604
32196,37751,29605
32236,37767,29572
32240,37773,29567
32228,37759,29588
32232,37741,29540
32244,37739,29534
32278,37751,29560
32256,37745,29525
32292,37711,29513
32300,37765,29497
32352,37750,29489
32392,37735,29525
32386,37756,29479
32376,37759,29496
32388,37749,29477
32384,37741,29460
32406,37740,29406
32429,37741,29476
32436,37742,29421
32472,37709,29431
32489,37699,29416
32476,37734,29404
32520,37725,29380
32516,37723,29425
32532,37717,29380
32501,37719,29367
32496,37716,29407
32502,37725,29349
32512,37733,29351
32540,37735,29341
32549,37740,29348
32552,37739,29321
32564,37700,29276
32578,37719,29327
32601,37708,29285
32628,37692,29261
32612,37679,29312
32608,37684,29247
32644,37724,29244
32676,37703,29284
32688,37728,29225
32716,37727,29212
32697,37732,29256
32712,37717,29207
32690,37711,29200
32652,37703,29169
32636,37699,29221
32660,37727,29169
32704,37724,29161
32716,37723,29191
32738,37727,29147
32760,37735,29144
32797,37726,29119
32802,37727,29181
32756,37727,29120
32788,37716,29126
32832,37713,29092
32804,37719,29137
32736,37721,29095
32772,37723,29092
32805,37716,29063
32822,37725,29125
32824,37725,29090
32799,37724,29047
32789,37710,29061
32796,37713,29037
32824,37703,29053
32844,37703,29053
32856,37711,29036
32869,37709,29006
32856,37711,29053
32892,37732,29041
32928,37724,29012
32949,37685,28999
32964,37713,28974
32960,37715,28994
32964,37698,29024
32992,37689,28972
32944,37685,28947
32940,37714,28951
32952,37681,28948
32960,37716,28947
32968,37709,28920
32976,37703,28900
32948,37693,28951
32942,37693,28943
32950,37705,28891
32944,37713,28893
32972,37699,28900
32988,37701,28878
33033,37693,28863
33077,37700,28845
33088,37725,28875
33063,37673,28892
33032,37711,28860
33040,37684,28828
32976,37693,28852
32972,37683,28831
32948,37711,28803
32936,37699,28861
32856,37693,28814
32800,37711,28813
32772,37708,28783
32720,37721,28815
32690,37727,28801
32668,37711,28803
32620,37709,28836
32572,37660,28767
32581,37711,28780
32612,37711,28754
32628,37701,28822
32608,37703,28783
32608,37727,28753
32584,37727,28756
32576,37719,28736
32577,37689,28756
32588,37711,28805
32636,37705,28770
32676,37717,28737
32712,37711,28748
32780,37706,28741
32820,37703,28728
32816,37725,28725
32848,37707,28774
32852,37711,28803
32816,37683,28783
32825,37704,28748
32820,37711,28740
32897,37700,28748
32983,37698,28751
33084,37711,28759
33176,37715,28767
33220,37725,28756
33241,37728,28768
33230,37676,28764
33176,37719,28764
33133,37701,28772
33072,37696,28756
33040,37702,28847
33034,37709,28833
33053,37709,28788
33056,37709,28783
33068,37705,28802
33053,37715,28792
33004,37703,28820
32984,37703,28858
32996,37703,28815
33008,37696,28831
33001,37703,28837
33044,37725,28836
33036,37735,28844
33026,37696,28834
33038,37732,28855
33020,37724,28909
33004,37719,28881
33000,37719,28865
32992,37711,28881
33000,37703,28868
33014,37707,28852
33004,37693,28888
33020,37735,28948
33046,37740,28881
33016,37733,28901
33032,37743,28869
33016,37730,28909
33031,37689,28940
33024,37731,28957
33020,37713,28956
33044,37741,28959
33092,37736,28927
33080,37719,28906
33001,37723,28929
33008,37723,28916
32938,37726,28983
32778,37755,28965
32516,37748,28921
32216,37751,28951
31876,37743,28933
31649,37743,28966
31556,37759,28983
31652,37764,28961
31768,37759,28956
32085,37767,29013
32572,37767,28972
33092,37759,28989
33873,37764,28983
35080,37767,29052
36936,37740,29007
39116,37757,28984
41624,37761,29028
44364,37749,29056
47044,37753,29029
49432,37741,29019
51168,37748,29025
52220,37721,29036
52352,37727,29023
51172,37725,29095
49084,37732,29049
46660,37748,29056
43966,37767,29031
40956,37779,29108
37960,37789,29052
35880,37805,29068
34481,37814,29063
33492,37780,29055
32768,37799,29132
32149,37764,29111
31644,37763,29086
31306,37807,29103
31060,37796,29098
30908,37797,29092
30792,37825,29101
30700,37833,29130
30568,37821,29157
30436,37831,29152
30336,37767,29135
30276,37811,29128
30252,37807,29093
30176,37807,29100
30172,37804,29071
30132,37805,29122
30144,37781,29082
30148,37841,29063
30160,37803,29044
30116,37827,29036
30108,37823,29047
30148,37799,29036
30229,37825,29029
30252,37783,29015
30276,37828,29007
30296,37815,29049
30336,37807,29083
30394,37831,29030
30444,37847,29024
30452,37847,29005
30460,37844,29020
30496,37775,29014
30528,37783,28997
30540,37837,28994
30588,37820,28989
30646,37847,28990
30668,37805,28996
30700,37853,28997
30760,37847,29036
30788,37833,29084
30816,37831,29041
30824,37823,29039
30862,37812,29055
30881,37845,29055
30890,37851,29111
30892,37850,29137
30892,37830,29092
30920,37853,29110
30920,37830,29131
30944,37831,29135
30967,37799,29134
31014,37844,29148
31048,37850,29184
31100,37853,29211
31166,37817,29208
31208,37857,29205
31216,37851,29211
31260,37843,29217
31216,37837,29287
31180,37839,29287
31220,37826,29252
31213,37857,29257
31276,37821,29267
31332,37841,29270
31412,37839,29285
31428,37871,29300
31456,37825,29308
31469,37863,29329
31516,37855,29308
31496,37860,29309
31520,37869,29356
31556,37807,29376
31584,37844,29381
31628,37867,29371
31702,37865,29349
31716,37871,29357
31768,37849,29364
31789,37853,29345
31788,37879,29343
31828,37877,29397
31892,37871,29359
31941,37821,29352
31972,37828,29356
32008,37867,29341
32096,37855,29329
32156,37863,29361
32220,37852,29371
32256,37887,29342
32292,37871,29297
32329,37869,29302
32364,37837,29279
32404,37863,29262
32477,37846,29252
32536,37879,29245
32608,37845,29234
32692,37879,29255
32744,37879,29264
32760,37879,29255
32798,37893,29239
32832,37885,29204
32844,37849,29161
32902,37868,29153
32940,37865,29140
33016,37894,29135
33048,37895,29112
33072,37889,29115
33088,37895,29100
33092,37895,29092
33104,37895,29075
33137,37887,29056
33121,37877,29063
33072,37879,29032
33068,37895,29028
33036,37894,29039
33036,37895,29037
33022,37895,28999
32984,37908,28967
32908,37919,28956
32813,37908,28956
32712,37885,28935
32613,37884,28927
32558,37895,28932
32482,37895,28945
32400,37879,28948
32332,37895,28935
32288,37863,28895
32212,37893,28913
32167,37895,28881
32132,37879,28877
32096,37879,28860
32048,37860,28823
31968,37887,28807
31902,37876,28806
31909,37879,28819
31880,37876,28785
31850,37891,28773
31820,37892,28783
31804,37873,28764
31788,37877,28741
31758,37887,28809
31716,37887,28759
31705,37825,28727
31700,37875,28747
31692,37863,28717
31736,37855,28703
31758,37854,28772
31788,37849,28727
31808,37871,28710
31816,37871,28691
31852,37871,28664
31856,37865,28720
31876,37818,28676
31884,37819,28688
31885,37855,28647
31872,37853,28693
31908,37853,28710
31929,37860,28659
31937,37871,28647
31932,37839,28658
31948,37855,28649
31986,37839,28631
32016,37831,28610
31996,37863,28602
32015,37859,28602
32008,37839,28618
32025,37833,28679
32076,37864,28621
32144,37865,28629
32184,37863,28606
32164,37855,28668
32160,37839,28688
32192,37857,28711
32188,37860,28651
32204,37847,28661
32205,37823,28636
32228,37867,28703
32256,37863,28664
32272,37862,28679
32288,37859,28654
32274,37841,28717
32249,37839,28721
32288,37863,28679
32281,37855,28701
32310,37828,28676
32329,37823,28752
32356,37871,28717
32328,37877,28711
32344,37868,28701
32348,37863,28772
32324,37861,28722
32320,37863,28719
32368,37819,28796
32388,37856,28751
32384,37845,28757
32428,37863,28821
32470,37876,28759
32495,37877,28786
32556,37876,28789
32536,37871,28837
32498,37861,28799
32485,37861,28807
32500,37821,28881
32512,37819,28821
32528,37857,28860
32529,37861,28855
32550,37856,28905
32580,37857,28860
32596,37853,28885
32640,37861,28871
32645,37844,28950
32644,37831,28907
32640,37860,28917
32689,37863,28902
32660,37860,28980
32696,37863,28941
32712,37871,28925
32740,37865,28935
32744,37877,28964
32734,37863,29005
32716,37869,28949
32716,37847,28980
32708,37847,28966
32724,37836,28984
32720,37871,29040
32708,37869,28987
32736,37874,28999
32777,37859,28982
32809,37839,29067
32812,37879,29029
32788,37863,29012
32821,37849,29039
32812,37837,29021
32784,37863,29087
32800,37839,29092
32856,37824,29052
32880,37871,29080
32876,37863,29063
32864,37860,29147
32862,37871,29110
32841,37871,29121
32784,37839,29111
32799,37868,29125
32804,37859,29185
32840,37857,29153
32880,37871,29163
32901,37851,29172
32948,37869,29211
32964,37887,29191
32976,37885,29185
32928,37887,29189
32924,37879,29235
32932,37873,29268
32916,37871,29233
32900,37865,29238
32928,37867,29246
32928,37885,29239
32960,37869,29309
32982,37873,29271
33012,37879,29290
33032,37887,29299
32980,37877,29302
32932,37884,29306
32920,37879,29361
32929,37873,29374
32948,37855,29353
32929,37876,29373
32940,37869,29341
32982,37853,29427
32980,37877,29433
32981,37869,29415
32972,37853,29427
32992,37877,29425
32985,37887,29450
32976,37851,29460
32964,37885,29477
32976,37884,29515
32996,37875,29485
32961,37875,29508
32984,37860,29520
32988,37869,29508
32940,37876,29533
32928,37869,29554
32916,37863,29595
32868,37869,29564
32874,37871,29588
32892,37877,29568
32932,37877,29634
32908,37862,29609
32920,37873,29612
32908,37855,29631
32860,37849,29622
32776,37859,29665
32744,37852,29650
32724,37853,29669
32692,37876,29669
32710,37853,29676
32672,37884,29699
32637,37832,29730
32628,37855,29703
32568,37860,29717
32536,37850,29703
32560,37844,29703
32596,37873,29714
32616,37839,29721
32636,37871,29744
32672,37857,29777
32712,37879,29776
32748,37887,29756
32793,37871,29766
32820,37871,29776
32892,37855,29764
32916,37844,29807
32936,37845,29794
32917,37836,29799
32912,37863,29793
32916,37876,29799
32932,37868,29843
33000,37855,29839
33044,37847,29827
33096,37828,29809
33136,37841,29831
33153,37836,29844
33204,37848,29869
33228,37856,29855
33221,37860,29855
33196,37865,29853
33164,37868,29868
33116,37861,29881
33054,37849,29895
33048,37849,29869
33018,37835,29883
33000,37831,29876
33020,37831,29873
33066,37828,29908
33060,37833,29906
33056,37855,29908
33076,37853,29899
33096,37863,29902
33084,37847,29903
33032,37821,29908
33044,37837,29915
33028,37845,29920
33048,37801,29927
33048,37839,29926
33044,37808,29929
33062,37861,29925
33117,37847,29920
33052,37817,29967
33024,37845,29953
33016,37847,29933
33004,37829,29945
32992,37813,29940
33014,37845,29924
33013,37849,29974
33000,37850,29964
33008,37839,29966
33030,37839,29959
33020,37831,29942
33004,37852,29980
32972,37841,29975
32976,37807,29959
32992,37801,29959
32992,37829,29980
32900,37829,29984
32688,37827,30006
32404,37851,29973
32096,37863,29969
31780,37854,29969
31552,37839,29974
31512,37852,29976
31606,37857,29964
31792,37813,29989
32272,37844,30003
32828,37843,29984
33472,37852,29983
34400,37849,29966
35936,37836,29959
37900,37848,30012
40144,37833,29989
42640,37808,29980
45220,37807,29988
47668,37798,29978
49676,37777,29982
51072,37780,29977
51704,37789,29985
51240,37807,29971
49532,37809,30015
47344,37819,29973
44888,37820,29973
42144,37820,29990
39076,37823,29997
36646,37833,29987
35109,37842,29981
33976,37859,29997
33196,37863,29994
32548,37869,29988
32012,37844,29992
31606,37826,29979
31360,37815,29991
31120,37863,30020
30996,37793,29999
30884,37806,30005
30796,37855,29991
30701,37844,29946
30624,37841,30005
30532,37844,30011
30453,37846,29981
30390,37847,29966
30368,37844,29948
30360,37815,29969
30344,37861,29921
30332,37855,29915
30336,37807,29906
30337,37839,29884
30352,37831,29884
30385,37861,29861
30424,37871,29860
30452,37844,29884
30470,37804,29853
30493,37846,29845
30453,37845,29845
30480,37833,29838
30492,37829,29839
30560,37839,29812
30624,37839,29808
30672,37839,29781
30705,37858,29831
30778,37868,29783
30788,37863,29784
30828,37831,29761
30846,37809,29795
30880,37854,29811
30892,37847,29780
30912,37845,29760
30912,37845,29788
30980,37835,29768
31041,37843,29824
31076,37871,29804
31110,37875,29817
31100,37875,29812
31096,37812,29826
31121,37867,29869
31138,37851,29852
31164,37853,29860
31168,37861,29863
31212,37869,29894
31260,37828,29899
31249,37844,29889
31260,37819,29933
31264,37869,29921
31304,37812,29920
31320,37875,29959
31320,37860,29953
31372,37871,29922
31400,37869,30000
31412,37876,29989
31480,37853,29959
31508,37863,30014
31505,37859,29988
31532,37852,29993
31552,37847,30013
31584,37852,30023
31636,37855,30019
31684,37843,30005
31757,37861,30039
31786,37871,30021
31836,37865,30016
31877,37871,30050
31868,37855,30025
31912,37875,30028
31936,37859,30012
31932,37855,30038
31988,37852,30009
32056,37860,30015
32080,37868,29996
32140,37830,30023
32160,37836,29991
32206,37831,29982
32254,37870,29997
32284,37874,29953
32296,37868,29949
32332,37859,29927
32406,37869,29950
32433,37868,29913
32484,37869,29888
32572,37839,29917
32624,37880,29864
32680,37871,29857
32737,37865,29875
32744,37844,29828
32788,37855,29812
32841,37847,29828
32856,37844,29799
32880,37851,29764
32924,37855,29794
32936,37868,29752
33004,37827,29731
33021,37853,29733
33038,37861,29718
33052,37863,29702
33054,37863,29703
33068,37859,29684
33064,37855,29657
33124,37863,29677
33128,37863,29652
33156,37843,29639
33112,37877,29631
33104,37857,29607
33064,37850,29607
32980,37855,29592
32920,37863,29617
32868,37861,29567
32801,37861,29569
32768,37820,29562
32692,37868,29548
32632,37861,29517
32568,37846,29556
32524,37840,29562
32384,37839,29497
32302,37855,29500
32229,37855,29475
32164,37861,29518
32068,37855,29465
31996,37858,29454
31972,37857,29463
31944,37856,29447
31934,37820,29431
31916,37833,29426
31864,37807,29423
31780,37845,29443
31748,37831,29388
31710,37821,29383
31700,37808,29383
31716,37831,29348
31696,37843,29368
31713,37834,29395
31712,37839,29381
31704,37839,29335
31692,37825,29347
31688,37820,29318
31712,37811,29351
31700,37804,29348
31728,37807,29314
31752,37807,29293
31764,37807,29252
31792,37806,29343
31822,37834,29295
31853,37844,29287
31840,37838,29277
31824,37837,29280
31853,37783,29319
31854,37774,29273
31912,37822,29253
31912,37808,29263
31897,37812,29247
31936,37815,29269
32000,37801,29288
32020,37828,29276
32028,37835,29248
32000,37783,29236
31996,37812,29244
31996,37809,29266
32056,37823,29268
32044,37807,29260
32088,37804,29263
32088,37813,29258
32149,37831,29273
32148,37817,29339
32129,37815,29332
32132,37815,29333
32150,37764,29306
32184,37807,29294
32186,37805,29310
32184,37797,29317
32224,37791,29319
32230,37791,29304
32216,37822,29351
32236,37820,29364
32240,37807,29331
32256,37767,29345
32270,37767,29325
32288,37757,29399
32244,37753,29380
32240,37748,29367
32288,37789,29369
32272,37819,29409
32304,37812,29382
32340,37813,29399
32336,37799,29381
32340,37799,29414
32364,37796,29457
32364,37743,29469
32384,37781,29457
32404,37773,29470
32424,37767,29461
32429,37793,29474
32485,37801,29471
32504,37789,29489
32497,37749,29486
32488,37789,29481
32509,37748,29556
32517,37751,29516
32536,37767,29540
32549,37783,29527
32556,37791,29572
32596,37791,29557
32624,37795,29543
32604,37782,29596
32607,37767,29567
32580,37777,29576
32592,37751,29624
32592,37751,29598
32608,37789,29605
32624,37791,29592
32632,37799,29652
32680,37801,29653
32696,37805,29628
32690,37759,29652
32668,37766,29637
32652,37752,29660
32660,37735,29689
32628,37743,29658
32665,37777,29676
32716,37783,29663
32726,37767,29687
32748,37767,29728
32776,37757,29711
32776,37791,29714
32768,37796,29729
32756,37789,29716
32740,37740,29716
32701,37767,29775
32674,37748,29743
32669,37749,29771
32710,37780,29750
32748,37774,29788
32737,37767,29807
32752,37767,29775
32752,37759,29796
32720,37756,29780
32708,37747,29809
32692,37766,29831
32709,37765,29812
32720,37764,29797
32736,37765,29839
32772,37751,29825
32772,37748,29815
32780,37740,29871
32774,37749,29829
32756,37743,29845
32756,37711,29833
32725,37749,29869
32740,37757,29868
32776,37720,29861
32808,37715,29873
32796,37757,29863
32808,37751,29875
32788,37735,29897
32748,37727,29901
32728,37749,29901
32724,37754,29886
32752,37743,29884
32796,37713,29896
32804,37713,29879
32788,37749,29884
32820,37740,29907
32820,37751,29909
32844,37743,29887
32860,37735,29900
32832,37727,29892
32816,37727,29921
32812,37725,29881
32812,37727,29896
32788,37733,29884
32800,37735,29925
32848,37750,29894
32844,37756,29917
32852,37759,29892
32840,37735,29897
32824,37727,29937
32807,37725,29896
32808,37717,29904
32792,37717,29886
32857,37741,29924
32844,37749,29900
32798,37745,29910
32761,37717,29877
32752,37713,29920
32736,37743,29893
32712,37727,29903
32764,37719,29884
32720,37725,29904
32733,37750,29914
32732,37748,29886
32756,37732,29895
32752,37733,29893
32752,37751,29869
32728,37735,29904
32720,37719,29903
32681,37725,29884
32650,37717,29876
32624,37719,29884
32573,37716,29895
32540,37748,29868
32538,37749,29879
32512,37748,29861
32504,37717,29849
32458,37747,29852
32428,37743,29846
32460,37753,29871
32452,37742,29890
32428,37741,29872
32449,37735,29847
32505,37727,29850
32508,37735,29846
32549,37757,29836
32592,37765,29873
32632,37743,29860
32664,37755,29838
32753,37735,29850
32760,37735,29847
32796,37735,29845
32808,37703,29829
32784,37743,29840
32784,37720,29855
32800,37735,29844
32852,37756,29831
32942,37748,29828
33016,37748,29831
33071,37734,29820
33094,37719,29812
33136,37743,29814
33144,37743,29831
33116,37741,29836
33060,37735,29838
33048,37753,29820
33060,37719,29796
33060,37749,29793
33008,37735,29796
32988,37724,29796
32978,37730,29785
32956,37739,29780
32928,37708,29799
32972,37727,29799
32992,37730,29782
33032,37703,29793
33044,37729,29820
33056,37732,29787
33044,37725,29777
33064,37716,29767
33007,37713,29797
33028,37727,29818
33024,37716,29786
33028,37695,29792
33020,37708,29782
33040,37735,29775
33004,37730,29808
33008,37709,29817
32982,37717,29782
33004,37715,29793
32992,37699,29777
32996,37696,29823
33004,37727,29792
32992,37727,29793
32969,37687,29784
32972,37725,29790
32976,37731,29805
32984,37717,29780
32980,37693,29791
32968,37719,29780
32944,37722,29807
32901,37699,29825
32752,37719,29788
32507,37725,29790
32240,37717,29807
31924,37725,29817
31684,37725,29783
31580,37707,29792
31632,37748,29798
31732,37703,29784
31989,37737,29812
32509,37727,29796
33088,37719,29793
33785,37719,29796
34860,37736,29747
36576,37749,29809
38685,37725,29819
41036,37729,29783
43572,37712,29799
46064,37700,29793
48404,37692,29796
50164,37686,29813
51265,37684,29785
51560,37686,29790
50552,37694,29783
48668,37709,29772
46452,37716,29795
43928,37722,29820
41024,37719,29790
38089,37734,29780
36048,37719,29788
34661,37732,29796
33684,37714,29803
32960,37727,29788
32340,37725,29789
31848,37719,29793
31502,37745,29817
31224,37691,29831
31052,37733,29808
30880,37733,29804
30756,37716,29807
30640,37725,29831
30556,37713,29796
30488,37718,29796
30412,37726,29789
30388,37717,29815
30360,37749,29770
30338,37748,29767
30308,37685,29738
30240,37721,29753
30236,37721,29728
30256,37703,29719
30272,37724,29703
30277,37737,29696
30312,37685,29711
30352,37727,29692
30380,37728,29679
30376,37717,29650
30421,37703,29695
30501,37719,29668
30556,37665,29655
30587,37719,29636
30601,37707,29661
30624,37695,29661
30676,37698,29625
30692,37695,29615
30705,37703,29657
30768,37700,29622
30801,37687,29615
30798,37716,29615
30788,37719,29605
30832,37703,29661
30852,37675,29632
30876,37671,29633
30912,37716,29661
30925,37703,29648
30984,37703,29700
30998,37703,29683
31007,37717,29703
31024,37709,29686
31032,37660,29736
31085,37697,29777
31132,37682,29799
31145,37702,29799
31168,37711,29803
31196,37709,29812
31228,37703,29815
31290,37697,29827
31289,37671,29844
31293,37701,29844
31324,37703,29887
31350,37703,29892
31398,37695,29897
31416,37708,29896
31460,37711,29905
31524,37716,29951
31516,37656,29953
31524,37703,29953
31536,37693,29949
31509,37685,29957
31532,37672,29972
31561,37700,29972
31568,37702,30003
31593,37702,29993
31637,37690,30001
31729,37679,29988
31776,37701,30009
31788,37681,30028
31824,37707,30037
31849,37687,30028
31893,37689,30021
31924,37679,30000
31940,37671,29998
31993,37687,29965
32028,37679,30009
32084,37703,29991
32104,37717,29983
32145,37668,29968
32192,37705,29959
32228,37701,29980
32292,37678,29958
32332,37693,29924
32396,37657,29913
32450,37684,29898
32544,37685,29885
32612,37677,29874
32656,37703,29876
32682,37661,29852
32736,37655,29844
32760,37655,29812
32784,37684,29804
32816,37669,29793
32856,37687,29767
32940,37669,29756
32981,37692,29766
32992,37684,29735
33036,37692,29725
33076,37693,29690
33068,37652,29713
33077,37685,29710
33040,37673,29671
33068,37661,29661
33104,37685,29639
33084,37684,29658
33104,37652,29645
33068,37678,29609
33020,37684,29602
32992,37678,29615
32936,37676,29583
32885,37668,29585
32813,37685,29554
32748,37661,29583
32647,37639,29548
32566,37655,29532
32496,37686,29557
32396,37689,29510
32312,37677,29514
32240,37667,29500
32193,37687,29483
32148,37652,29460
32052,37637,29499
31992,37631,29447
31993,37675,29447
31941,37652,29428
31908,37681,29423
31916,37629,29454
31877,37667,29430
31816,37661,29404
31796,37671,29407
31742,37670,29431
31704,37663,29404
31686,37628,29372
31644,37638,29380
31649,37631,29380
31690,37668,29359
31696,37669,29356
31716,37650,29401
31708,37663,29383
31696,37639,29352
31704,37655,29343
31676,37631,29354
31696,37624,29330
31700,37653,29335
31732,37652,29377
31797,37652,29341
31808,37639,29325
31840,37663,29330
31864,37655,29312
31864,37639,29367
31868,37632,29319
31888,37628,29332
31908,37616,29303
31932,37607,29322
31985,37637,29335
32016,37639,29318
32012,37597,29311
32038,37639,29347
32036,37629,29357
32046,37637,29324
32036,37604,29349
32052,37615,29337
32076,37607,29359
32066,37605,29360
32080,37601,29375
32090,37636,29383
32126,37621,29362
32135,37623,29428
32092,37620,29411
32108,37607,29412
32108,37621,29395
32116,37627,29450
32140,37609,29409
32140,37572,29431
32173,37617,29415
32212,37615,29472
32222,37619,29436
32216,37605,29453
32232,37629,29444
32233,37623,29437
32236,37607,29463
32268,37623,29502
32308,37580,29505
32320,37607,29487
32352,37605,29501
32396,37605,29486
32432,37631,29541
32448,37639,29506
32464,37588,29535
32464,37612,29524
32424,37575,29585
32420,37616,29559
32408,37575,29566
32404,37607,29572
32396,37603,29605
32420,37606,29607
32445,37633,29614
32460,37596,29621
32494,37629,29622
32544,37612,29638
32504,37605,29678
32528,37575,29655
32540,37615,29667
32576,37607,29657
32604,37589,29719
32629,37577,29691
32625,37599,29691
32668,37616,29743
32700,37591,29724
32708,37613,29740
32632,37606,29756
32616,37596,29780
32636,37568,29767
32632,37616,29757
32665,37615,29810
32681,37576,29789
32744,37615,29797
32756,37609,29797
32745,37599,29837
32749,37607,29829
32744,37614,29831
32764,37600,29845
32732,37597,29839
32748,37587,29863
32788,37604,29894
32784,37586,29885
32766,37615,29878
32780,37612,29887
32800,37596,29932
32784,37597,29905
32790,37581,29924
32812,37599,29929
32820,37553,29929
32864,37576,29937
32856,37575,29977
32852,37579,29980
32805,37600,29975
32813,37569,29983
32820,37588,29981
32788,37575,29992
32781,37580,30028
32804,37577,30009
32772,37591,30018
32796,37541,30022
32797,37575,30053
32809,37569,30053
32858,37591,30048
32844,37599,30062
32856,37554,30066
32812,37589,30098
32824,37576,30087
32801,37567,30097
32808,37559,30100
32817,37578,30102
32829,37576,30140
32820,37570,30155
32864,37595,30148
32884,37579,30156
32856,37587,30165
32832,37588,30173
32876,37575,30208
32872,37544,30206
32848,37580,30207
32848,37575,30239
32842,37575,30229
32860,37590,30249
32876,37599,30244
32888,37573,30267
32896,37597,30287
32896,37575,30279
32916,37585,30300
32908,37554,30300
32876,37572,30309
32869,37593,30308
32873,37565,30340
32876,37575,30338
32888,37571,30337
32876,37591,30341
32895,37551,30369
32896,37570,30367
32916,37552,30375
32880,37579,30369
32860,37529,30399
32892,37565,30389
32908,37557,30399
32913,37567,30391
32888,37563,30421
32932,37588,30418
32902,37567,30424
32908,37583,30415
32917,37561,30444
32896,37535,30447
32896,37567,30445
32872,37557,30441
32876,37575,30455
32884,37575,30468
32908,37589,30464
32920,37557,30469
32901,37543,30484
32864,37573,30479
32832,37569,30478
32836,37552,30493
32840,37564,30487
32824,37559,30493
32789,37553,30519
32760,37581,30500
32740,37583,30509
32708,37573,30511
32696,37553,30508
32669,37583,30529
32629,37567,30533
32584,37551,30525
32548,37561,30529
32514,37550,30549
32550,37575,30553
32564,37556,30549
32604,37573,30543
32604,37559,30555
32645,37585,30557
32676,37583,30564
32692,37580,30561
32721,37543,30565
32748,37557,30583
32800,37571,30575
32852,37557,30553
32900,37583,30592
32927,37584,30593
32952,37551,30599
32944,37581,30599
32912,37575,30604
32908,37557,30615
32924,37567,30604
32960,37557,30628
33056,37557,30625
33148,37571,30625
33184,37581,30633
33256,37541,30633
33300,37575,30640
33296,37556,30642
33254,37575,30657
33152,37563,30661
33080,37573,30661
33036,37525,30661
32976,37554,30669
32984,37575,30667
33032,37575,30672
33046,37553,30681
33009,37573,30681
32992,37564,30677
33004,37586,30697
33012,37578,30701
33025,37572,30700
33007,37533,30700
32988,37563,30719
33012,37553,30713
33036,37557,30715
33008,37577,30718
33009,37583,30712
33004,37569,30727
32992,37557,30735
33016,37580,30746
33008,37566,30738
32992,37571,30735
32992,37561,30752
33032,37557,30749
33036,37583,30753
33084,37561,30741
33069,37582,30759
33056,37589,30757
33057,37576,30757
33056,37567,30767
33040,37567,30783
33008,37571,30773
33002,37575,30769
32993,37565,30772
33012,37581,30779
33020,37567,30775
32920,37576,30777
32705,37565,30772
32416,37583,30786
32072,37577,30752
31816,37556,30757
31624,37578,30790
31656,37573,30791
31829,37551,30797
32124,37593,30808
32612,37559,30808
33096,37581,30815
33724,37575,30822
34684,37602,30820
36180,37583,30820
38104,37564,30820
40341,37564,30822
42692,37556,30828
45088,37553,30825
47364,37543,30824
49168,37540,30831
50412,37551,30844
50864,37532,30845
50120,37548,30842
48284,37534,30852
46120,37543,30847
43740,37559,30853
41040,37572,30848
38120,37574,30853
35972,37599,30852
34634,37605,30873
33676,37591,30875
32996,37607,30868
32372,37589,30884
31888,37607,30887
31508,37605,30882
31244,37588,30900
31076,37551,30902
30944,37599,30901
30888,37588,30908
30816,37623,30896
30712,37623,30917
30656,37564,30916
30556,37621,30916
30484,37599,30910
30420,37581,30898
30357,37605,30893
30324,37613,30886
30352,37604,30892
30342,37592,30879
30356,37618,30881
30384,37615,30855
30372,37598,30851
30382,37621,30840
30394,37604,30796
30420,37591,30823
30465,37615,30820
30473,37601,30839
30498,37604,30825
30524,37615,30818
30536,37602,30813
30574,37613,30801
30620,37591,30794
30645,37597,30791
30684,37621,30802
30696,37557,30797
30710,37584,30790
30744,37618,30789
30772,37615,30790
30808,37596,30786
30828,37623,30796
30888,37605,30800
30916,37588,30809
30936,37612,30810
30944,37559,30823
30976,37591,30836
31005,37581,30847
31028,37607,30869
31056,37603,30880
31084,37597,30892
31148,37613,30908
31177,37591,30911
31204,37615,30936
31221,37593,30951
31208,37605,30962
31228,37581,30975
31280,37607,30978
31288,37568,31007
31308,37605,31023
31352,37603,31028
31412,37585,31018
31429,37607,31047
31428,37623,31070
31452,37613,31074
31492,37567,31077
31504,37597,31078
31536,37601,31087
31556,37567,31091
31572,37605,31109
31616,37613,31123
31637,37605,31129
31690,37621,31128
31724,37599,31142
31752,37621,31132
31748,37613,31152
31766,37567,31151
31789,37589,31151
31863,37607,31138
31920,37599,31159
31984,37601,31156
32000,37628,31156
32068,37579,31156
32124,37607,31148
32132,37621,31143
32186,37622,31130
32176,37566,31111
32174,37597,31130
32254,37597,31109
32314,37573,31100
32392,37618,31095
32436,37575,31071
32488,37607,31054
32544,37596,31067
32584,37591,31038
32636,37621,31020
32684,37607,31015
32680,37592,30983
32740,37613,30976
32800,37583,30975
32876,37604,30956
32948,37618,30941
32976,37586,30925
32990,37613,30907
33005,37601,30886
33020,37614,30887
33056,37601,30873
33084,37603,30860
33089,37592,30843
33104,37609,30832
33100,37599,30810
33120,37599,30797
33112,37622,30798
33088,37615,30785
33077,37603,30769
33054,37591,30761
33040,37615,30740
33024,37603,30746
32984,37585,30723
32932,37615,30715
32856,37596,30700
32777,37604,30674
32694,37605,30679
32584,37615,30680
32472,37615,30662
32412,37612,30641
32308,37595,30629
32220,37583,30623
32141,37615,30609
32148,37567,30609
32064,37597,30588
32010,37604,30586
31969,37596,30576
31964,37600,30559
31897,37599,30542
31804,37581,30532
31724,37603,30536
31698,37594,30518
31656,37589,30515
31692,37588,30501
31685,37575,30487
31676,37590,30500
31714,37553,30480
31688,37583,30479
31680,37559,30467
31677,37572,30456
31676,37575,30448
31674,37564,30431
31640,37557,30433
31637,37582,30444
31676,37576,30433
31692,37573,30420
31716,37594,30414
31733,37559,30409
31744,37583,30404
31728,37573,30386
31720,37559,30382
31752,37577,30375
31786,37535,30390
31832,37575,30391
31806,37565,30365
31829,37580,30356
31844,37556,30351
31872,37580,30340
31860,37565,30335
31872,37589,30349
31870,37567,30351
31876,37575,30340
31908,37555,30356
31924,37556,30364
31940,37574,30372
32002,37581,30373
32010,37567,30356
32008,37551,30371
31988,37549,30367
31993,37567,30374
32010,37580,30376
31992,37575,30375
32012,37567,30365
32052,37575,30382
32100,37589,30401
32120,37557,30388
32164,37559,30400
32164,37543,30393
32184,37556,30417
32148,37577,30408
32121,37557,30412
32133,37574,30413
32164,37583,30407
32192,37577,30423
32208,37569,30441
32232,37559,30445
32260,37591,30437
32268,37581,30445
32276,37557,30458
32302,37573,30460
32300,37575,30452
32292,37551,30471
32316,37575,30484
32336,37565,30487
32328,37560,30503
32340,37557,30511
32381,37565,30518
32408,37581,30476
32424,37573,30529
32440,37591,30549
32444,37577,30544
32452,37575,30561
32456,37557,30571
32484,37593,30580
32528,37584,30583
32518,37573,30598
32544,37596,30621
32532,37575,30612
32520,37587,30628
32548,37585,30627
32564,37573,30647
32569,37565,30650
32520,37588,30668
32536,37575,30657
32560,37598,30679
32594,37583,30693
32616,37604,30695
32596,37607,30708
32588,37596,30691
32584,37569,30720
32616,37577,30740
32628,37565,30750
32640,37588,30759
32602,37590,30764
32632,37601,30773
32669,37595,30783
32648,37596,30799
32664,37599,30812
32694,37596,30820
32664,37583,30820
32648,37603,30836
32652,37599,30852
32664,37588,30847
32672,37576,30861
32612,37607,30876
32640,37609,30887
32648,37607,30869
32633,37596,30901
32672,37580,30924
32640,37595,30919
32648,37583,30929
32648,37591,30916
32680,37589,30941
32694,37583,30957
32708,37573,30953
32705,37596,30959
32665,37603,30982
32656,37583,30990
32653,37584,30993
32625,37575,31005
32645,37572,31023
32620,37567,31019
32648,37557,31024
32688,37583,31030
32720,37577,31050
32713,37559,31057
32736,37557,31061
32761,37581,31077
32764,37575,31085
32732,37579,31092
32672,37579,31096
32652,37567,31111
32656,37559,31101
32672,37579,31119
32697,37572,31142
32736,37557,31148
32772,37561,31160
32752,37591,31168
32748,37575,31162
32756,37565,31194
32737,37572,31191
32744,37563,31193
32772,37542,31206
32768,37575,31202
32756,37586,31204
32796,37589,31237
32812,37576,31239
32788,37559,31250
32781,37579,31230
32765,37574,31258
32748,37565,31261
32788,37573,31269
32788,37556,31255
32804,37559,31271
32768,37583,31284
32796,37581,31294
32796,37543,31277
32800,37588,31303
32796,37559,31309
32784,37551,31316
32792,37582,31294
32772,37535,31305
32754,37559,31301
32809,37581,31342
32809,37556,31340
32830,37575,31339
32832,37559,31345
32809,37574,31334
32796,37573,31333
32784,37569,31337
32780,37532,31337
32784,37548,31349
32808,37579,31353
32804,37587,31356
32820,37572,31355
32788,37589,31367
32768,37551,31365
32784,37567,31364
32788,37557,31404
32796,37580,31398
32768,37551,31395
32772,37525,31381
32772,37551,31389
32776,37580,31389
32780,37575,31401
32805,37557,31416
32773,37587,31421
32701,37548,31428
32644,37579,31419
32560,37557,31423
32584,37555,31405
32564,37575,31431
32564,37537,31432
32532,37565,31423
32496,37588,31429
32501,37540,31436
32528,37566,31436
32509,37591,31433
32496,37580,31440
32512,37556,31423
32536,37570,31420
32548,37545,31423
32544,37573,31430
32600,37556,31445
32684,37599,31460
32726,37558,31455
32800,37572,31452
32808,37588,31455
32788,37575,31448
32801,37562,31457
32812,37581,31453
32820,37541,31449
32848,37573,31432
32912,37566,31435
32956,37584,31463
33000,37558,31459
33041,37570,31451
33068,37595,31452
33108,37587,31457
33125,37565,31454
33140,37575,31433
33072,37578,31433
33024,37553,31451
33008,37575,31461
32985,37567,31454
32992,37586,31447
32972,37559,31448
32986,37561,31441
32968,37583,31445
32952,37557,31440
32980,37535,31441
32953,37563,31420
32944,37556,31416
32976,37580,31404
33017,37573,31412
33032,37579,31401
33020,37564,31413
33024,37557,31418
33052,37571,31415
33068,37567,31420
33044,37548,31424
33004,37556,31414
33020,37541,31415
33028,37564,31415
32980,37524,31411
32948,37556,31405
32948,37567,31397
32968,37535,31400
32960,37559,31366
32952,37538,31370
32942,37557,31374
32932,37551,31359
32929,37541,31357
32916,37553,31353
32908,37556,31364
32940,37549,31367
32964,37543,31356
32956,37567,31351
32896,37559,31350
32752,37551,31333
32528,37519,31349
32233,37543,31340
31941,37563,31332
31720,37565,31325
31612,37565,31313
31728,37555,31312
31924,37574,31313
32196,37525,31303
32732,37567,31282
33240,37545,31285
33864,37567,31301
34852,37535,31303
36364,37542,31300
38276,37554,31287
40440,37557,31292
42620,37545,31284
44784,37543,31260
46788,37524,31268
48320,37526,31264
49220,37511,31279
49460,37524,31269
48544,37535,31272
46700,37539,31271
44665,37551,31255
42446,37559,31248
39828,37581,31253
37124,37583,31265
35284,37593,31228
34148,37580,31251
33369,37586,31247
32808,37573,31259
32268,37565,31271
31864,37597,31270
31536,37548,31280
31381,37597,31264
31276,37583,31276
31156,37583,31286
31092,37606,31295
31034,37543,31286
30968,37589,31293
30896,37575,31287
30832,37591,31292
30762,37588,31284
30721,37570,31264
30700,37597,31261
30689,37584,31254
30668,37575,31239
30652,37567,31253
30632,37597,31247
30600,37579,31231
30604,37575,31223
30628,37568,31204
30708,37587,31207
30752,37565,31221
30772,37585,31213
30812,37574,31209
30832,37577,31205
30852,37590,31208
30876,37569,31207
30904,37591,31203
30957,37565,31197
30992,37589,31197
31000,37567,31194
30980,37575,31184
31020,37605,31196
31073,37601,31201
31088,37582,31199
31084,37590,31199
31092,37589,31207
31096,37604,31217
31105,37555,31223
31152,37567,31232
31256,37592,31239
31296,37599,31265
31285,37597,31273
31285,37596,31295
31293,37574,31302
31325,37606,31311
31328,37591,31343
31385,37564,31367
31389,37604,31373
31416,37548,31396
31456,37583,31412
31489,37589,31426
31497,37599,31442
31548,37620,31462
31548,37613,31476
31540,37603,31495
31598,37605,31479
31618,37564,31489
31604,37595,31543
31630,37596,31559
31672,37597,31571
31688,37629,31585
31728,37619,31590
31756,37593,31610
31797,37607,31621
31844,37602,31631
31884,37611,31650
31860,37589,31655
31856,37613,31660
31860,37571,31667
31904,37605,31653
31976,37613,31655
32012,37577,31671
32048,37605,31674
32110,37628,31678
32121,37620,31676
32148,37607,31685
32188,37613,31717
32200,37596,31705
32236,37613,31694
32332,37607,31692
32416,37618,31673
32452,37625,31661
32517,37621,31648
32608,37627,31647
32644,37626,31636
32679,37623,31618
32680,37621,31623
32676,37611,31615
32704,37597,31575
32772,37621,31575
32864,37589,31558
32942,37606,31557
32980,37625,31548
33028,37583,31537
33052,37593,31531
33056,37604,31511
33061,37597,31496
33100,37607,31487
33120,37567,31467
33157,37604,31459
33184,37595,31423
33220,37623,31413
33244,37605,31397
33260,37621,31405
33284,37580,31383
33236,37592,31367
33208,37572,31353
33192,37576,31348
33162,37604,31300
33148,37591,31293
33092,37597,31304
33096,37590,31285
33084,37615,31266
32972,37605,31246
32904,37605,31233
32836,37604,31209
32753,37603,31183
32616,37581,31194
32532,37575,31173
32426,37582,31159
32364,37605,31135
32306,37601,31125
32194,37597,31108
32104,37567,31084
32044,37584,31073
32038,37607,31040
31960,37579,31020
31852,37580,30999
31792,37593,31005
31764,37604,30991
31744,37564,30959
31720,37615,30929
31728,37607,30933
31700,37590,30908
31688,37621,30893
31700,37559,30871
31676,37589,30848
31644,37575,30829
31652,37605,30828
31684,37593,30817
31702,37589,30791
31717,37558,30777
31720,37577,30757
31732,37597,30727
31748,37582,30727
31768,37595,30710
31756,37591,30687
31780,37549,30658
31805,37567,30650
31824,37589,30637
31844,37551,30625
31872,37587,30596
31874,37566,30585
31908,37571,30558
31973,37581,30542
31980,37575,30537
31992,37587,30503
31973,37583,30477
31960,37561,30471
32008,37589,30476
32020,37558,30452
31996,37585,30434
32044,37589,30412
32084,37548,30398
32132,37573,30385
32127,37582,30399
32072,37532,30391
32068,37559,30373
32086,37586,30356
32108,37583,30337
32106,37575,30324
32184,37565,30309
32220,37555,30306
32200,37550,30295
32204,37583,30274
32236,37573,30263
32244,37554,30256
32288,37567,30261
32296,37559,30245
32329,37521,30215
32354,37553,30207
32368,37563,30201
32396,37580,30189
32404,37575,30181
32392,37564,30155
32417,37551,30175
32441,37567,30158
32440,37571,30145
32460,37557,30116
32488,37559,30145
32538,37548,30125
32584,37557,30116
32604,37540,30093
32612,37575,30117
32636,37573,30101
32632,37557,30097
32628,37541,30087
32632,37535,30089
32636,37549,30087
32684,37540,30084
32692,37563,30068
32693,37535,30065
32740,37541,30071
32732,37547,30072
32708,37551,30074
32732,37511,30065
32712,37527,30060
32688,37540,30063
32696,37540,30058
32705,37540,30055
32724,37511,30044
32764,37529,30057
32777,37551,30070
32777,37535,30057
32752,37551,30055
32744,37535,30037
32728,37543,30037
32758,37516,30053
32756,37533,30083
32752,37527,30050
32760,37543,30065
32796,37547,30053
32804,37541,30049
32832,37557,30044
32812,37522,30053
32812,37532,30044
32780,37511,30043
32816,37543,30040
32833,37527,30060
32848,37543,30073
32836,37547,30075
32858,37542,30068
32856,37549,30059
32860,37548,30063
32848,37535,30057
32840,37511,30061
32864,37523,30063
32868,37543,30074
32844,37527,30079
32830,37543,30080
32852,37535,30079
32865,37556,30079
32848,37527,30086
32892,37543,30084
32908,37551,30079
32872,37503,30097
32900,37527,30125
32848,37540,30103
32832,37505,30111
32832,37527,30124
32856,37527,30117
32856,37551,30143
32877,37511,30153
32886,37540,30141
32860,37527,30156
32841,37541,30158
32856,37511,30187
32868,37525,30172
32850,37511,30177
32824,37532,30183
32848,37524,30181
32856,37535,30202
32862,37522,30229
32849,37543,30231
32854,37535,30229
32853,37511,30227
32837,37525,30243
32865,37526,30247
32858,37527,30245
32848,37505,30273
32848,37511,30266
32880,37535,30279
32912,37498,30272
32912,37522,30292
32895,37529,30311
32901,37489,30310
32905,37507,30309
32896,37532,30309
32953,37511,30313
32953,37527,30327
32916,37511,30316
32916,37511,30333
32900,37540,30331
32948,37517,30343
32929,37527,30338
32901,37479,30351
32917,37500,30351
32880,37485,30349
32868,37500,30357
32884,37503,30364
32921,37505,30377
32940,37526,30383
32917,37511,30380
32908,37511,30375
32944,37509,30377
32932,37527,30340
32909,37510,30372
32900,37511,30385
32920,37511,30383
32964,37501,30389
32960,37523,30386
32948,37489,30385
32964,37511,30398
32956,37535,30393
32952,37523,30389
32936,37487,30392
32952,37524,30385
32904,37511,30388
32884,37501,30402
32880,37511,30412
32928,37495,30413
32928,37519,30405
32944,37517,30399
32961,37527,30396
32936,37540,30395
32904,37539,30397
32902,37526,30401
32920,37527,30391
32892,37492,30409
32896,37499,30395
32864,37511,30388
32784,37537,30383
32736,37511,30376
32706,37535,30377
32724,37535,30396
32672,37537,30373
32684,37540,30390
32676,37527,30373
32666,37538,30374
32672,37511,30372
32726,37506,30372
32772,37543,30369
32768,37501,30365
32756,37543,30357
32756,37541,30369
32760,37533,30356
32804,37511,30351
32846,37509,30356
32872,37511,30353
32928,37511,30342
32964,37532,30335
32956,37543,30343
32976,37511,30337
32948,37508,30330
32924,37535,30313
32940,37511,30335
32969,37527,30322
33050,37516,30326
33120,37495,30304
33180,37524,30309
33228,37511,30319
33300,37511,30309
33292,37503,30319
33276,37527,30299
33212,37526,30308
33148,37511,30290
33113,37471,30308
33084,37476,30287
33060,37511,30286
33088,37509,30297
33077,37501,30300
33064,37500,30290
33053,37495,30277
33041,37511,30285
33033,37477,30295
33012,37505,30281
33021,37507,30281
33034,37498,30271
33044,37482,30295
33022,37510,30272
33044,37511,30276
33064,37485,30265
33076,37511,30276
33097,37511,30272
33096,37495,30264
33070,37511,30269
33032,37479,30276
33044,37485,30256
33040,37455,30226
33032,37456,30263
33008,37498,30261
33052,37493,30239
33029,37492,30269
33028,37511,30244
32996,37509,30244
32978,37507,30243
32992,37487,30227
32976,37479,30245
32996,37500,30229
33004,37471,30229
33004,37471,30215
32952,37505,30205
32880,37488,30216
32640,37501,30222
32349,37478,30212
32056,37503,30211
31848,37479,30215
31776,37492,30206
31896,37469,30191
32096,37501,30181
32428,37484,30188
32933,37479,30211
33464,37509,30188
34108,37511,30185
35056,37483,30180
36486,37484,30172
38328,37469,30192
40428,37476,30203
42448,37471,30178
44436,37452,30183
46292,37457,30182
47652,37463,30169
48416,37463,30188
48593,37461,30190
47604,37471,30177
45788,37471,30179
43808,37468,30160
41628,37477,30180
39004,37487,30191
36472,37509,30196
34856,37511,30184
33904,37501,30180
33288,37523,30179
32823,37511,30167
32356,37508,30196
31980,37524,30191
31696,37511,30191
31562,37471,30181
31469,37511,30201
31362,37503,30214
31286,37511,30200
31234,37532,30205
31205,37529,30189
31116,37511,30202
31020,37519,30215
30974,37495,30192
30892,37505,30189
30858,37487,30180
30805,37519,30162
30828,37510,30168
30869,37509,30162
30884,37511,30131
30896,37506,30125
30924,37521,30105
30920,37530,30124
30916,37511,30102
30984,37491,30082
30985,37487,30103
30984,37503,30092
31040,37495,30079
31073,37503,30052
31100,37525,30086
31132,37519,30077
31156,37511,30052
31148,37534,30042
31140,37471,30049
31140,37505,30032
31152,37481,30037
31184,37503,30058
31236,37487,30053
31272,37511,30049
31332,37506,30059
31348,37530,30065
31392,37494,30073
31376,37487,30104
31388,37513,30092
31392,37503,30098
31418,37487,30114
31448,37471,30161
31480,37511,30143
31524,37519,30169
31548,37535,30173
31524,37536,30214
31508,37543,30213
31520,37511,30231
31540,37511,30257
31580,37471,30268
31596,37466,30280
31613,37473,30276
31636,37503,30319
31696,37505,30327
31744,37508,30333
31776,37501,30337
31804,37495,30341
31824,37511,30348
31840,37498,30388
31832,37507,30380
31857,37533,30399
31880,37518,30404
31973,37511,30411
32044,37535,30407
32050,37533,30433
32100,37527,30423
32132,37551,30443
32152,37557,30449
32209,37507,30453
32228,37541,30453
32240,37525,30467
32280,37529,30462
32305,37524,30466
32346,37548,30455
32356,37511,30474
32404,37543,30462
32464,37540,30463
32505,37548,30458
32576,37555,30471
32576,37511,30445
32594,37535,30439
32633,37511,30428
32716,37554,30419
32780,37544,30421
32822,37535,30413
32892,37565,30401
32948,37571,30375
33000,37561,30361
33008,37541,30372
33004,37549,30353
33064,37543,30327
33120,37551,30317
33156,37533,30299
33184,37533,30293
33244,37575,30276
33276,37565,30269
33276,37550,30263
33288,37555,30251
33324,37519,30229
33332,37540,30215
33352,37533,30196
33378,37554,30183
33390,37559,30191
33384,37519,30161
33384,37559,30152
33369,37559,30120
33364,37575,30140
33329,37553,30135
33285,37565,30123
33249,37548,30092
33220,37548,30090
33137,37556,30053
33064,37559,30087
32968,37535,30071
32894,37563,30044
32872,37563,30037
32769,37568,30049
32660,37572,30019
32569,37575,30014
32472,37540,29995
32300,37557,30016
32220,37563,30012
32188,37556,29992
32125,37567,29976
32044,37565,29959
31956,37543,29943
31932,37581,29918
31869,37575,29959
31812,37572,29933
31780,37551,29913
31740,37573,29921
31708,37549,29895
31734,37561,29919
31728,37557,29903
31685,37569,29882
31670,37556,29885
31669,37557,29868
31656,37533,29871
31644,37575,29879
31636,37551,29860
31640,37551,29837
31644,37549,29853
31662,37567,29868
31690,37575,29839
31700,37519,29835
31750,37567,29820
31764,37551,29815
31749,37573,29847
31732,37565,29822
31704,37526,29807
31740,37548,29804
31768,37572,29816
31809,37557,29797
31820,37571,29773
31864,37568,29812
31877,37565,29773
31900,37590,29766
31917,37556,29778
31948,37553,29776
31920,37535,29765
31897,37559,29756
31952,37571,29794
31964,37582,29770
32032,37573,29785
32056,37583,29767
32060,37583,29815
32078,37572,29787
32095,37584,29793
32158,37597,29793
32144,37579,29799
32152,37558,29790
32172,37583,29806
32216,37549,29815
32224,37568,29800
32224,37595,29789
32244,37583,29812
32276,37572,29831
32300,37603,29799
32252,37581,29807
32272,37567,29791
32248,37556,29828
32250,37588,29807
32292,37575,29805
32336,37585,29824
32336,37599,29825
32373,37575,29817
32420,37615,29824
32412,37607,29813
32448,37567,29828
32452,37589,29853
32485,37611,29831
32530,37571,29828
32536,37575,29847
32572,37605,29852
32577,37620,29847
32564,37626,29852
32576,37628,29849
32557,37604,29861
32528,37631,29873
32529,37589,29906
32584,37604,29916
32633,37622,29923
32628,37617,29929
32636,37637,29917
32668,37633,29918
32656,37627,29929
32685,37639,29941
32688,37639,29956
32684,37629,29951
32670,37631,29973
32690,37639,29993
32688,37639,30023
32677,37634,30005
32677,37653,30031
32700,37653,30044
32717,37668,30044
32696,37671,30076
32632,37615,30111
32648,37657,30116
32655,37639,30117
32692,37663,30127
32728,37624,30146
32728,37652,30169
32729,37655,30170
32688,37652,30205
32716,37679,30221
32748,37667,30238
32740,37666,30244
32728,37661,30256
32744,37676,30273
32758,37671,30298
32737,37663,30334
32776,37671,30357
32802,37693,30383
32824,37679,30396
32908,37670,30422
32893,37684,30430
32868,37669,30457
32824,37669,30483
32772,37679,30508
32737,37677,30524
32712,37673,30548
32692,37680,30561
32724,37692,30599
32780,37706,30615
32789,37715,30644
32784,37712,30659
32784,37687,30685
32788,37692,30716
32736,37711,30746
32758,37711,30767
32844,37679,30788
32836,37672,30818
32872,37715,30828
32892,37710,30850
32888,37711,30863
32876,37725,30895
32838,37714,30919
32856,37727,30943
32876,37732,30951
32861,37735,30957
32884,37711,30996
32920,37697,31012
32913,37741,31028
32912,37737,31040
32940,37732,31054
32888,37758,31060
32901,37743,31068
32929,37743,31087
32932,37732,31111
32952,37727,31104
32924,37733,31107
32948,37750,31121
33000,37761,31116
32992,37767,31066
32982,37767,31120
32969,37767,31133
32972,37735,31115
32980,37767,31107
32992,37735,31103
32940,37767,31101
32942,37759,31101
32952,37763,31095
32972,37753,31081
33068,37796,31076
33092,37761,31071
33064,37791,31049
33048,37791,31022
33052,37787,31023
33065,37785,31015
33016,37797,30996
33004,37793,30983
33000,37765,30956
33008,37805,30942
33020,37805,30918
33036,37800,30920
33044,37815,30889
33056,37773,30871
33028,37799,30855
32972,37791,30828
32960,37812,30815
32988,37795,30779
32997,37820,30753
33032,37819,30727
33045,37844,30696
33048,37847,30661
33020,37816,30645
33020,37831,30575
32990,37823,30598
32988,37846,30568
32976,37811,30540
33037,37837,30501
33040,37837,30471
33029,37847,30439
33036,37862,30399
33077,37869,30383
33057,37847,30367
33028,37863,30327
32980,37855,30299
32972,37853,30254
32925,37855,30228
32908,37869,30201
32877,37859,30167
32952,37879,30130
32996,37871,30091
33012,37865,30060
33000,37895,29998
33004,37879,29997
32948,37895,29988
32910,37895,29927
32892,37895,29896
32886,37895,29837
32856,37916,29861
32796,37918,29818
32808,37877,29762
32766,37921,29714
32736,37924,29687
32688,37919,29627
32616,37932,29575
32578,37882,29541
32636,37926,29500
32624,37919,29447
32644,37924,29413
32640,37951,29362
32624,37949,29306
32660,37979,29204
32708,37975,29252
32704,37975,29158
32744,37981,29122
32796,37965,29055
32769,37959,28980
32846,37951,28993
32920,37980,28964
32956,37997,28887
32894,37965,28771
32945,38001,28713
32877,38002,28673
32897,37991,28575
32928,37988,28591
32983,38010,28565
33016,38017,28401
33041,38004,28365
33108,37989,28295
33212,37988,28259
33240,38031,28260
33188,38031,28183
33089,38041,28100
33061,38038,27976
33028,38055,27944
33004,38047,27846
33008,38043,27783
33008,38037,27765
33004,38042,27764
32912,38045,27620
32999,38063,27527
33056,38043,27463
33028,38068,27439
33008,38063,27365
32997,38055,27271
32964,38052,27302
32993,38047,27211
32997,38072,27081
33068,38075,27055
33072,38079,26983
33060,38087,26892
33084,38045,26975
33088,38087,26816
33048,38073,26715
33060,38090,26671
33024,38079,26639
32983,38053,26532
32984,38081,26509
33021,38077,26564
32998,38084,26373
32994,38072,26358
32983,38116,26240
32976,38111,26180
32940,38069,26278
32948,38103,26133
32940,38085,26010
32936,38087,25979
32920,38109,25884
32909,38077,25984
32832,38119,25790
32616,38093,25716
32373,38130,25846
32044,38141,25669
31776,38133,25594
31628,38093,25559
31737,38119,25433
31876,38119,25559
32164,38123,25346
32628,38119,25343
33208,38124,25220
33802,38151,25259
34720,38128,25263
36184,38144,25156
38001,38143,25047
40064,38142,25024
42156,38129,24905
44252,38125,24870
46144,38116,24985
47636,38125,24757
48552,38127,24735
48832,38132,24640
48016,38143,24551
46336,38150,24644
44408,38158,24634
42196,38169,24507
39604,38173,24363
36956,38181,24364
35204,38201,24311
34132,38191,24252
33374,38193,24165
32824,38215,24077
32265,38205,24017
31876,38215,24034
31544,38215,24130
31366,38212,23919
31236,38215,23906
31072,38200,23799
30968,38226,23960
30902,38234,23808
30891,38207,23684
30833,38193,23682
30764,38255,23535
30700,38239,23489
30656,38222,23625
30592,38247,23567
30552,38255,23407
30528,38255,23365
30532,38252,23268
30620,38260,23215
30630,38255,23122
30601,38255,23300
30596,38247,23145
30624,38285,23035
30608,38273,23047
30596,38228,22933
30628,38277,22842
30652,38269,22887
30708,38260,22991
30740,38297,22863
30788,38263,22734
30792,38287,22734
30797,38279,22704
30852,38265,22573
30908,38303,22517
30900,38251,22484
30884,38278,22474
30928,38276,22545
30958,38308,22623
30976,38255,22621
30945,38303,22535
30948,38327,22516
31012,38273,22455
31024,38324,22364
31036,38303,22355
31032,38318,22307
31080,38320,22242
31092,38308,22484
31076,38303,22352
31104,38330,22268
31172,38319,22276
31269,38340,22174
31316,38351,22409
31284,38351,22209
31260,38309,22189
31276,38336,22113
31285,38304,22209
31324,38344,22298
31341,38356,22145
31380,38364,22108
31440,38369,22052
31436,38373,22247
31425,38335,22117
31460,38375,22051
31500,38361,22091
31524,38363,21968
31558,38359,22189
31594,38340,22099
31624,38387,22039
31700,38399,21970
31750,38350,22021
31775,38403,21882
31852,38397,22059
31877,38393,22023
31900,38402,21959
31940,38395,21840
31957,38388,22050
31955,38396,21912
32036,38391,21927
32048,38425,21789
32037,38437,22028
32104,38439,21844
32112,38445,21792
32156,38450,21983
32220,38453,21835
32244,38447,21837
32302,38439,21720
32332,38407,21798
32413,38439,21909
32488,38434,21748
32589,38439,21780
32637,38437,21647
32680,38475,21655
32780,38479,21805
32788,38479,21845
32764,38471,21697
32788,38463,21702
32864,38460,21711
32936,38455,21597
32920,38479,21850
33036,38492,21682
32988,38509,21700
32969,38519,21565
33040,38492,21827
33084,38516,21685
33060,38501,21645
33092,38493,21697
33082,38488,21575
33090,38517,21574
33050,38476,21575
33124,38525,21830
33136,38513,21810
33096,38525,21641
33116,38541,21690
33096,38546,21566
33021,38533,21660
32981,38502,21741
32940,38487,21698
32892,38532,21641
32788,38523,21597
32712,38550,21575
32637,38564,21646
32556,38525,21838
32428,38559,21710
32334,38533,21663
32252,38551,21668
32164,38557,21673
32144,38508,21597
32036,38514,21791
31988,38556,21699
31972,38549,21735
31872,38556,21620
31800,38553,21847
31784,38565,21690
31704,38551,21718
31648,38564,21625
31612,38566,21797
31597,38561,21719
31609,38548,21647
31592,38575,21904
31599,38562,21767
31620,38553,21735
31604,38583,21734
31607,38588,21663
31628,38535,21861
31568,38566,21866
31596,38551,21767
31588,38579,21813
31605,38574,21701
31608,38587,21956
31637,38591,21774
31672,38599,21802
31705,38564,21753
31700,38591,21860
31725,38567,21957
31729,38593,21824
31692,38548,21814
31752,38583,21857
31760,38569,21759
31816,38573,22013
31824,38591,21818
31856,38601,21769
31828,38596,21913
31836,38599,21860
31848,38591,21817
31864,38597,21796
31852,38604,21844
31909,38605,21925
31956,38607,21933
31976,38564,21810
31972,38617,21957
32057,38613,21937
32054,38621,21961
32032,38609,21874
32024,38615,22015
32022,38569,21898
32044,38605,21967
32072,38605,22086
32098,38605,21988
32124,38612,21910
32101,38612,22092
32130,38621,22011
32142,38607,22082
32143,38607,22121
32140,38622,22062
32178,38615,21997
32156,38607,22172
32176,38593,22023
32134,38597,22069
32216,38612,21951
32250,38633,22053
32264,38599,22206
32220,38599,22063
32208,38631,22069
32222,38629,21959
32296,38615,22046
32336,38601,22235
32351,38637,22084
32382,38597,22058
32356,38639,22058
32409,38639,21990
32432,38636,22062
32472,38618,22189
32488,38653,22060
32500,38653,22057
32513,38645,22053
32514,38649,22217
32564,38610,22036
32572,38644,22097
32504,38645,21969
32556,38653,22151
32556,38655,22036
32574,38639,21967
32592,38647,22048
32608,38663,22129
32604,38660,22032
32601,38608,22004
32644,38644,22041
32632,38639,21955
32632,38631,22059
32652,38663,22076
32688,38620,22005
32744,38663,22006
32764,38655,21928
32728,38659,21933
32684,38645,22117
32704,38625,21939
32684,38663,21933
32712,38663,21957
32717,38631,21865
32735,38637,21885
32744,38637,22003
32736,38637,21889
32748,38645,21803
32712,38660,21804
32728,38663,21833
32742,38649,22014
32732,38659,21933
32732,38677,21873
32708,38679,21842
32704,38663,21847
32705,38687,21857
32708,38693,21868
32764,38650,21776
32713,38687,21854
32700,38663,22012
32700,38661,21903
32704,38652,21888
32660,38673,21866
32679,38639,21827
32724,38677,21808
32728,38669,21815
32772,38652,22016
32740,38700,22071
32754,38660,21915
32780,38663,21892
32774,38661,21946
32796,38663,21817
32796,38687,21973
32800,38663,21982
32796,38687,21940
32761,38681,21883
32750,38663,21877
32788,38701,22125
32804,38695,22012
32852,38684,22023
32800,38637,21974
32785,38673,21930
32832,38663,21946
32864,38653,22183
32856,38662,22034
32812,38692,21999
32850,38685,22135
32848,38701,22150
32844,38700,22076
32820,38693,22084
32790,38679,22037
32789,38687,22285
32820,38682,22122
32862,38687,22145
32840,38678,22080
32836,38711,22330
32852,38711,22213
32821,38681,22109
32844,38703,22345
32876,38708,22206
32845,38703,22133
32820,38705,22295
32841,38702,22285
32893,38705,22183
32876,38695,22452
32844,38689,22321
32864,38692,22340
32836,38690,22329
32800,38681,22377
32760,38694,22401
32796,38694,22351
32796,38707,22500
32808,38698,22387
32772,38652,22396
32824,38693,22356
32850,38711,22353
32836,38671,22451
32816,38689,22551
32812,38663,22490
32804,38661,22420
32812,38687,22469
32814,38680,22591
32824,38685,22501
32844,38685,22561
32840,38710,22458
32860,38711,22696
32889,38717,22550
32934,38717,22516
32872,38715,22762
32906,38711,22597
32908,38693,22572
32902,38703,22717
32889,38702,22679
32814,38663,22681
32836,38717,22578
32864,38719,22847
32848,38725,22677
32832,38672,22620
32842,38676,22812
32816,38709,22743
32789,38684,22647
32780,38709,22916
32784,38695,22746
32772,38703,22719
32728,38706,22799
32704,38717,22761
32680,38714,22752
32664,38719,22820
32644,38711,22865
32609,38697,22793
32644,38706,22755
32680,38716,22804
32668,38692,22832
32680,38690,22783
32704,38717,22989
32684,38727,22855
32750,38717,22864
32822,38725,22800
32928,38689,22744
33036,38713,22860
32980,38711,22857
33008,38715,23009
33000,38686,22837
32997,38692,22749
32999,38701,22988
32985,38701,22839
33040,38707,22757
33029,38701,22935
33120,38703,22815
33188,38700,22852
33253,38703,22809
33240,38700,22756
33282,38701,22972
33304,38700,22805
33288,38703,22828
33248,38709,22731
33152,38703,22863
33086,38711,22790
33073,38693,22749
33057,38703,22785
33064,38695,22791
33061,38679,22678
33068,38695,22865
33109,38692,22764
33124,38700,22647
33109,38696,22879
33108,38691,22738
33086,38686,22675
33097,38663,22655
33064,38694,22580
33064,38684,22814
33076,38685,22617
33124,38679,22557
33072,38688,22535
33052,38655,22703
33092,38691,22638
33116,38676,22521
33125,38681,22548
33060,38663,22418
33064,38689,22652
33020,38687,22531
33044,38679,22429
33040,38673,22442
33012,38663,22309
33096,38640,22547
33050,38655,22335
33012,38639,22247
33008,38639,22231
33000,38663,22279
32950,38663,22303
32988,38647,22264
33008,38631,22134
32994,38631,22380
32852,38663,22237
32696,38663,22139
32404,38663,22177
32128,38641,22039
31848,38621,22063
31752,38623,22243
31804,38647,22218
31997,38631,22087
32316,38621,22014
32808,38655,21991
33273,38661,21868
33880,38644,22015
34816,38661,22092
36216,38655,21892
38004,38648,21908
40056,38628,21806
42272,38613,21778
44348,38605,21900
46260,38593,21764
47672,38592,21721
48660,38592,21647
48952,38599,21863
48216,38601,21767
46568,38604,21647
44664,38625,21648
42468,38628,21533
39908,38631,21686
37296,38617,21602
35576,38654,21564
34500,38607,21564
33668,38633,21582
32988,38638,21464
32446,38663,21429
32024,38621,21415
31740,38660,21457
31552,38647,21636
31380,38661,21572
31288,38615,21549
31197,38639,21468
31112,38631,21487
31036,38656,21399
30940,38613,21334
30900,38648,21321
30816,38639,21321
30740,38629,21548
30696,38653,21535
30688,38607,21380
30660,38633,21367
30648,38616,21255
30652,38647,21204
30704,38589,21463
30764,38639,21297
30824,38631,21243
30844,38652,21282
30872,38615,21249
30904,38641,21140
30972,38621,21159
30969,38637,21395
30956,38631,21364
31001,38604,21389
30964,38647,21347
31034,38623,21309
31108,38623,21349
31184,38637,21336
31180,38631,21375
31040,38606,21327
31050,38639,21247
31140,38631,21159
31156,38579,21215
31192,38619,21416
31193,38600,21457
31140,38629,21486
31125,38628,21453
31092,38604,21415
31216,38628,21428
31216,38581,21454
31320,38596,21471
31421,38596,21568
31508,38583,21597
31648,38605,21551
31806,38586,21582
31764,38613,21742
31592,38591,21792
31312,38607,21906
31172,38559,21864
31300,38585,21983
31512,38569,22065
31664,38596,22238
31688,38580,22242
31532,38562,22269
31669,38594,22387
31776,38588,22478
31810,38588,22690
31862,38588,22876
31952,38585,22905
31780,38533,22969
31606,38564,23053
31632,38548,23150
31686,38578,23336
31790,38533,23528
31873,38540,23740
31937,38569,23788
31884,38558,23983
31848,38548,24198
31932,38575,24284
32068,38551,24428
32232,38535,24484
32300,38559,24613
32228,38535,24753
32210,38545,24918
32248,38535,25105
32337,38564,25244
32420,38557,25366
32484,38541,25469
32588,38557,25625
32580,38511,25864
32500,38551,26004
32477,38532,26143
32524,38535,26244
32609,38545,26375
32668,38509,26519
32812,38530,26737
32932,38551,26870
33048,38535,27063
33080,38529,27204
33012,38535,27414
33053,38527,27549
33112,38487,27623
33176,38527,27776
33340,38519,27931
33460,38509,28063
33640,38535,28247
33784,38526,28466
33928,38494,28634
33695,38525,28757
33592,38509,28897
33596,38535,29034
33357,38535,29188
33208,38497,29337
33226,38517,29580
33337,38505,29684
33400,38527,29855
33425,38533,29988
33445,38491,30223
33484,38519,30343
33412,38508,30513
33404,38492,30671
33360,38525,30825
33212,38476,31001
32988,38502,31195
32764,38495,31349
32805,38511,31512
32906,38477,31689
32748,38508,31849
32576,38491,32007
32480,38500,32185
32520,38489,32371
32404,38501,32532
32384,38503,32684
32412,38492,32884
32384,38487,33047
32372,38479,33220
32397,38509,33383
32256,38477,33563
32068,38495,33740
31876,38484,33857
31684,38471,34055
31773,38468,34231
31858,38453,34416
31968,38469,34524
32129,38482,34661
32308,38463,34895
32348,38469,35091
32224,38461,35231
32108,38471,35416
32032,38436,35585
32028,38455,35655
31868,38439,35812
31912,38407,36076
32100,38459,36214
32345,38450,36359
32392,38439,36534
32428,38437,36582
32158,38460,36797
31933,38469,36972
31868,38459,37140
31828,38436,37318
31904,38415,37344
31953,38425,37484
32025,38431,37645
32143,38441,37788
32408,38451,37991
32526,38445,38223
32544,38439,38340
32424,38423,38396
32132,38399,38548
32000,38431,38759
32048,38431,38918
32072,38375,39098
32040,38407,39095
32132,38399,39270
32216,38405,39399
32196,38435,39563
32304,38425,39798
32396,38407,39964
32620,38425,40113
32629,38399,40294
32540,38407,40266
32112,38407,40443
31817,38399,40741
31824,38397,40904
32020,38420,41005
32260,38415,41149
32377,38376,41325
32428,38407,41307
32448,38396,41568
32516,38398,41766
32551,38383,41879
32548,38407,42064
32337,38407,42012
32352,38359,42316
32556,38403,42530
32754,38399,42587
32904,38389,42810
32864,38405,42980
32664,38389,43111
32780,38375,43271
32956,38388,43301
32860,38391,43381
32392,38388,43717
32397,38337,43823
32648,38378,43999
32925,38372,43941
32940,38365,44149
32633,38391,44407
32240,38343,44551
32456,38361,44652
32744,38351,44805
32760,38355,44897
32816,38367,45037
32696,38326,45245
32576,38356,45175
32673,38348,45380
32620,38343,45608
32972,38357,45780
33254,38367,45887
33556,38357,45972
33680,38343,46140
32916,38317,46279
32392,38349,46444
32296,38311,46573
32524,38335,46492
32949,38330,46727
33048,38348,46951
33028,38316,47111
32956,38320,47183
33144,38325,47333
33188,38334,47511
33024,38308,47491
32616,38277,47781
32581,38311,47877
32772,38316,47984
32800,38301,48181
32792,38319,48287
32920,38319,48263
32908,38300,48537
33120,38299,48693
33388,38295,48820
33308,38303,48913
33124,38293,48992
32832,38290,49215
32440,38287,49316
32752,38307,49279
33089,38306,49496
33208,38273,49721
33156,38289,49845
32948,38265,49975
33150,38279,50092
33428,38287,50148
33796,38267,50292
33949,38290,50417
34052,38302,50612
33300,38263,50488
32736,38293,50751
32641,38279,50989
32536,38271,51071
32677,38260,51207
32517,38279,51205
32664,38279,51404
32724,38271,51591
32725,38237,51682
32984,38276,51748
33279,38268,51952
33472,38261,52037
33520,38279,52180
33092,38269,52309
32896,38252,52391
32861,38267,52260
33356,38263,52620
33612,38250,52551
33708,38241,52709
33104,38244,52805
32444,38253,52828
32480,38247,53020
32644,38269,53191
33080,38231,53340
33284,38236,53292
33188,38260,53695
33228,38241,53799
33493,38245,53889
33476,38215,53990
33488,38267,54092
33184,38247,54151
32916,38277,54321
32782,38263,54404
32813,38241,54508
33012,38237,54557
32978,38244,54676
33056,38268,54860
32984,38251,54964
33020,38255,55000
33028,38274,55129
32852,38248,55254
32750,38261,55335
32864,38247,55428
33321,38261,55455
33388,38252,55524
33325,38233,55705
32764,38234,55815
32824,38253,55919
33008,38244,55855
33384,38237,55784
33436,38260,55996
33589,38228,56175
33592,38244,56325
33636,38225,56455
33232,38245,56500
32576,38211,56544
32320,38247,56684
32628,38220,56792
32986,38244,56893
33456,38249,56911
33656,38236,56900
33584,38249,57063
33242,38253,57223
33240,38246,57244
33376,38229,57365
33425,38228,57415
33750,38209,57340
33932,38210,57571
33788,38239,57695
33552,38247,57684
33228,38247,57812
33532,38240,57845
33708,38229,57973
34076,38223,57824
33924,38223,58093
33421,38216,58119
32908,38213,58247
32705,38204,58133
32836,38229,58276
33372,38229,58454
33668,38202,58484
33688,38218,58478
33592,38209,58631
33348,38212,58372
32916,38186,58631
33012,38203,58759
33452,38197,58847
34028,38151,58919
33876,38196,58967
33286,38199,59015
32996,38209,59025
32985,38158,59012
33212,38199,59116
32960,38189,59143
32864,38173,59124
33300,38140,59236
33576,38183,59316
33352,38177,59252
33056,38173,59380
33245,38165,59165
33348,38164,59361
33544,38185,59412
33880,38180,59520
34064,38151,59524
34180,38151,59396
33896,38162,59552
33240,38164,59648
32668,38135,59701
32552,38172,59431
32766,38132,59669
32480,38163,59779
32324,38151,59803
32176,38165,59696
32392,38145,59862
32948,38158,59845
33704,38167,59840
34321,38142,59860
35252,38143,59812
36398,38143,59911
37440,38159,60031
39052,38137,59941
41128,38137,60039
43008,38127,59909
44640,38118,60068
46348,38100,60123
48008,38101,60148
48828,38094,60124
49204,38087,60231
48744,38098,60208
46456,38119,60029
42685,38132,60149
39180,38146,60292
36328,38151,60310
34140,38143,60372
32952,38151,60359
32324,38151,60288
32334,38145,60352
32524,38117,60391
32452,38135,60528
32512,38143,60537
31800,38151,60571
31312,38096,60636
31068,38142,60294
30944,38137,60643
31422,38119,60724
31661,38115,60679
31633,38132,60729
31816,38113,60468
31840,38079,60781
31624,38129,60754
31777,38124,60828
31556,38111,60852
31260,38135,60820
30940,38105,60492
30692,38115,60748
31220,38116,60935
31841,38111,60852
32544,38101,60956
32734,38093,60820
31680,38099,60983
30813,38131,60972
30256,38101,60956
30380,38119,61008
31109,38091,61017
31620,38108,61036
31744,38109,60692
31420,38103,60916
31404,38100,61092
31404,38097,61073
31748,38091,61116
32148,38087,61081
32392,38108,61079
32632,38078,61140
32948,38080,61255
32920,38079,61151
32149,38071,61228
31468,38068,61176
31624,38095,61281
31734,38055,61314
31525,38078,61332
31664,38092,61312
32248,38101,61292
33152,38086,61348
32996,38061,60967
31861,38079,61316
30970,38069,61420
30836,38077,61376
30908,38045,61023
31520,38087,61360
32160,38093,61349
32724,38088,61415
33153,38073,61365
32804,38071,61421
32086,38066,61371
32184,38053,61413
32700,38079,61337
32996,38071,61437
32692,38046,61359
32132,38039,61423
32088,38079,61260
32232,38063,61319
32686,38086,61382
32804,38087,61364
33056,38060,61382
33856,38055,61238
33905,38055,61341
33192,38029,61383
32540,38065,61307
32670,38063,61345
32716,38052,61413
33232,38053,61303
34062,38069,61044
34548,38071,61368
33808,38070,61255
32572,38077,61037
32416,38071,61306
32700,38063,61227
33604,38071,61246
34080,38044,61236
34328,38071,61255
33236,38074,61232
32508,38077,61024
32505,38063,61241
32880,38055,61176
32942,38052,61109
32768,38061,61147
33424,38060,61084
34264,38070,61144
34864,38028,61031
34213,38069,61047
33452,38069,60919
33420,38048,61005
33384,38074,60949
32608,38079,60933
32475,38023,60967
33316,38064,60644
34584,38042,60836
35452,38039,60832
35700,38045,60858
34888,38053,60736
34340,38048,60807
33924,38057,60796
33436,38079,60615
33652,38069,60762
33536,38072,60704
33336,38055,60696
33188,38031,60608
33268,38017,60701
33313,38017,60665
33388,38023,60565
33548,38066,60629
33045,38069,60583
32717,38052,60391
32600,38047,60508
32676,38043,60551
32652,38055,60413
32600,38050,60503
32448,38061,60404
32129,38063,60272
32144,38063,60404
32119,38057,60346
32168,38049,60295
32304,38013,60304
32317,38049,60357
32116,38036,60282
32008,38001,60292
31806,38044,59980
31850,38047,60223
31872,38047,60125
31772,38006,60154
31772,38031,60132
31824,38012,60004
31860,38055,60085
31896,38045,60061
31816,37989,59949
31668,38028,60008
31680,38019,59999
31622,38014,59823
31592,38022,59855
31636,38023,59845
31680,38020,59822
31700,38015,59782
31720,38020,59748
31764,38021,59377
31794,38008,59652
31840,37965,59653
31816,37999,59545
31760,37983,59527
31770,38013,59487
31800,37991,59359
31853,38012,59399
31904,37997,59301
31900,37999,59054
31924,37989,59205
31978,37991,59128
31980,37983,58919
32012,37985,58883
32086,37989,58820
32212,37999,58804
32332,37990,58607
32356,37992,58556
32210,37999,58428
32168,37995,58369
32232,37985,58215
32292,37975,57988
32332,37959,57863
32296,37991,57640
32279,37991,57687
32320,37993,57504
32340,37973,57351
32320,37977,57176
32284,37967,56895
32241,37980,56782
32240,37984,56640
32216,37980,56455
32253,37959,56263
32249,37975,56136
32308,37980,55869
32236,37972,55789
32161,37975,55575
32156,37981,55252
32192,37980,55215
32164,37981,55007
32132,37975,54628
32092,37945,54663
32097,37997,54396
32134,37978,54268
32182,37990,53970
32208,37999,53936
32104,38005,53740
31961,38011,53412
32009,37963,53303
32025,37963,53191
32052,37995,53028
32060,37988,52807
32148,37989,52452
32216,37975,52529
32244,37972,52359
32212,37981,52247
32212,37983,52036
32252,37996,51878
32256,38015,51815
32267,38000,51631
32296,38007,51473
32288,37999,51239
32244,38005,51286
32300,37980,51109
32276,37996,51031
32232,37993,50695
32100,37991,50764
32148,37973,50574
32172,37999,50543
32148,38013,50301
32136,38003,50343
32165,37996,50148
32229,37989,50119
32316,37979,49911
32304,38004,49868
32340,37999,49828
32396,38004,49627
32388,37999,49564
32357,37993,49287
32277,38007,49392
32141,38004,49137
32121,37972,49268
32184,37958,49205
32228,37969,48997
32258,37973,49047
32312,38001,48903
32376,38000,48892
32360,38013,48688
32260,38009,48756
32225,37980,48605
32212,37957,48607
32272,37985,48357
32264,37980,48461
32256,37971,48324
32241,37953,48317
32170,37991,48117
32172,37999,48159
32184,38013,48135
32282,37997,48065
32357,37985,47789
32324,37966,47967
32328,37946,47844
32309,37959,47855
32292,37981,47693
32287,37991,47748
32312,37981,47670
32244,37975,47431
32145,37998,47567
32092,38000,47500
32080,37999,47365
32141,37996,47327
32060,37999,47328
32036,37997,47039
31920,37981,47175
31821,37971,47086
31845,37984,46951
31916,37991,47035
31972,37999,46928
32008,37991,46916
32036,37987,46735
32124,37979,46799
32228,37972,46690
32232,37964,46471
32272,37975,46637
32334,37972,46571
32328,37973,46429
32404,37977,46430
32416,37985,46383
32373,37973,46201
32386,37993,46303
32358,37967,46215
32405,37971,45999
32512,37965,46137
32568,37967,46071
32660,37949,45807
32740,37988,45948
32800,37996,45844
32832,37999,45861
32861,37951,45625
32825,37981,45719
32744,37981,45684
32652,37967,45663
32700,37959,45417
32772,37973,45564
32728,37973,45465
32648,37956,45460
32664,37972,45271
32708,37983,45348
32720,37991,45260
32697,37991,45244
32668,37975,45042
32700,37928,45127
32772,37948,45053
32764,37949,44989
32780,37951,44980
32768,37980,44736
32717,37941,44724
32676,37941,44853
32636,37943,44775
32656,37952,44520
32588,37926,44679
32520,37925,44580
32532,37961,44588
32548,37945,44551
32536,37951,44318
32572,37951,44468
32640,37971,44343
32688,37973,44372
32714,37969,44101
32708,37964,44295
32696,37975,44196
32684,37964,44021
32736,37973,43991
32740,37927,44106
32688,37964,44101
32616,37955,43975
32621,37959,43948
32612,37967,43733
32564,37964,43904
32448,37959,43820
32136,37953,43855
31732,37951,43593
31372,37932,43705
31164,37959,43655
31148,37957,43692
31268,37951,43439
31496,37962,43524
31892,37980,43596
32476,37988,43505
33137,37981,43509
34056,37963,43268
35560,37969,43429
37660,37966,43372
40257,37949,43113
43104,37943,43252
45576,37927,43312
47968,37924,43181
50136,37928,43200
51652,37929,43168
52516,37929,42945
52212,37919,43116
50352,37920,42989
47424,37934,43049
44404,37951,42775
41256,37964,42861
37988,37957,42956
35316,37996,42824
33712,37997,42876
32920,37990,42682
32488,37988,42733
32152,37985,42759
31822,37970,42748
31448,37999,42500
31108,37997,42701
30884,37983,42606
30720,37965,42599
30497,38011,42582
30464,37996,42309
30382,37996,42332
30276,38019,42453
30252,38019,42360
30216,38013,42375
30176,37965,42109
30160,37996,42149
30112,38004,42254
30096,37999,42100
30060,37989,42108
30089,38020,42079
30064,38015,41833
30116,37988,42013
30173,37956,41881
30188,38007,41901
30236,37999,41767
30180,37989,41781
30160,37991,41791
30224,37987,41575
30272,37993,41657
30288,38004,41753
30309,38013,41607
30328,37998,41647
30332,37988,41655
30400,38005,41636
30448,37943,41413
30488,37982,41396
30492,37972,41415
30548,37999,41537
30528,37959,41580
30577,37998,41509
30600,37981,41501
30577,37991,41339
30620,37983,41521
30685,38003,41551
30741,37959,41415
30728,37979,41444
30740,37971,41493
30772,38005,41300
30836,37961,41321
30900,38007,41499
30940,37990,41389
30996,38004,41479
31012,37999,41297
30952,37949,41439
30996,37993,41477
30960,37983,41457
31008,37977,41287
31036,38011,41439
31125,37959,41479
31128,38004,41373
31140,37989,41391
31136,38004,41420
31156,38015,41231
31124,37995,41447
31168,37948,41337
31204,37995,41389
31172,37981,41380
31220,38009,41178
31348,38021,41245
31540,38015,41287
31620,37967,41332
31624,37999,41132
31468,37981,41135
31392,37999,41132
31414,37996,41109
31332,37989,41090
31336,38005,41081
31436,37963,41073
31500,37967,41241
31452,38004,41276
31452,38003,41223
31500,38007,41135
31580,37954,41127
31632,37999,41165
31741,37987,41181
31788,38013,41159
31864,37965,40964
31908,38005,40956
31840,38005,41044
31837,38018,41151
31905,37985,41052
31994,37988,41003
32045,37997,41014
32136,37989,41045
32229,38004,40851
32328,38004,40880
32437,38018,41055
32516,37983,40916
32600,37981,40959
32624,38013,40981
32672,38023,40801
32720,38020,40967
32704,38013,40857
32661,37999,40876
32697,38016,40912
32704,38013,40895
32734,38020,40885
32781,38012,40681
32857,38031,40801
32900,38030,40869
32960,38007,40732
33020,38023,40773
33024,38007,40791
33032,38007,40612
33012,38023,40733
32940,38037,40753
32852,38003,40679
32781,38019,40687
32768,38023,40505
32741,38019,40652
32700,38021,40670
32636,37999,40556
32576,38004,40605
32546,37993,40408
32452,37983,40564
32415,37979,40492
32415,38012,40495
32384,38010,40343
32380,38031,40337
32328,38020,40447
32228,37983,40471
32180,38013,40484
32121,37999,40392
32065,37990,40332
32052,38012,40327
32049,37967,40340
32030,37977,40367
32008,37995,40356
31981,37991,40340
31956,37988,40165
31979,38005,40297
32005,38005,40301
31969,37991,40228
31904,37945,40233
31903,37989,40255
31868,37971,40080
31925,37967,40183
32004,37999,40223
32064,37980,40119
32110,37951,40169
32108,37959,40010
32086,37999,40049
32065,37980,40113
32068,37951,39925
32125,37956,39943
32093,37974,40095
32053,37937,40005
31992,37933,40025
32032,37985,39873
32036,37983,39983
32020,37983,39917
32046,37973,39933
32064,37967,39744
32058,37962,39741
32086,37975,39788
32132,37935,39878
32146,37973,39879
32143,37965,39845
32132,37954,39751
32108,37957,39820
32100,37973,39660
32061,37983,39788
32044,37975,39774
32060,37943,39724
32120,37964,39727
32052,37943,39748
32052,37928,39587
32095,37975,39687
32128,37967,39703
32176,37975,39677
32196,37941,39535
32148,37924,39621
32092,37930,39605
32148,37959,39631
32177,37935,39647
32210,37928,39486
32216,37957,39543
32216,37951,39629
32224,37965,39567
32184,37954,39552
32213,37943,39567
32272,37964,39558
32250,37957,39581
32224,37924,39415
32176,37943,39415
32236,37927,39412
32272,37943,39556
32292,37951,39492
32292,37951,39356
32321,37959,39431
32372,37948,39492
32342,37933,39452
32332,37943,39414
32376,37946,39483
32421,37895,39301
32412,37931,39430
32468,37913,39469
32456,37945,39406
32352,37956,39386
32345,37913,39417
32364,37895,39257
32400,37914,39425
32400,37917,39365
32408,37933,39368
32392,37927,39386
32372,37921,39236
32392,37933,39296
32412,37958,39377
32432,37931,39335
32484,37941,39203
32477,37933,39316
32564,37931,39308
32564,37959,39293
32556,37895,39292
32556,37941,39303
32540,37934,39314
32536,37924,39316
32576,37952,39151
32584,37917,39148
32600,37957,39207
32588,37949,39255
32589,37959,39273
32616,37965,39207
32600,37943,39270
32632,37929,39092
32632,37924,39260
32608,37919,39172
32572,37957,39221
32537,37955,39065
32536,37951,39199
32564,37963,39168
32624,37973,39129
32620,37965,39151
32609,37919,38983
32588,37935,39121
32569,37941,39058
32532,37945,39077
32566,37937,38935
32544,37929,38919
32472,37973,39047
32400,37975,39023
32382,37927,38949
32348,37959,38981
32320,37943,38997
32278,37959,38981
32226,37969,38844
32209,37970,38911
32200,37928,38928
32172,37980,38791
32165,37964,38823
32188,37962,38912
32193,37971,38919
32220,37978,38832
32234,37967,38873
32224,37959,38717
32252,37917,38759
32320,37961,38878
32372,37955,38805
32448,37972,38791
32476,37944,38820
32500,37959,38812
32556,37955,38660
32520,37949,38780
32540,37963,38732
32624,37967,38757
32696,37943,38625
32809,37967,38663
32880,37927,38764
32824,37967,38727
32888,37959,38657
32900,37959,38719
32860,37951,38565
32784,37940,38601
32740,37959,38692
32653,37967,38636
32572,37969,38663
32549,37967,38501
32598,37959,38628
32612,37925,38630
32612,37953,38607
32628,37944,38567
32660,37952,38605
32676,37967,38592
32632,37952,38437
32640,37932,38565
32657,37959,38547
32672,37933,38556
32684,37959,38479
32648,37958,38478
32604,37965,38501
32572,37922,38343
32532,37940,38335
32516,37933,38363
32496,37949,38419
32438,37943,38397
32400,37935,38359
32420,37919,38407
32430,37947,38328
32440,37925,38333
32484,37943,38357
32500,37940,38208
32520,37929,38213
32432,37925,38295
32388,37935,38219
32328,37943,38265
32316,37891,38257
32303,37934,38096
32325,37939,38068
32388,37927,38088
32366,37946,38205
32248,37919,38184
31972,37929,38151
31664,37924,38113
31300,37943,38055
30992,37895,38037
30744,37934,38055
30645,37927,38052
30680,37948,38055
30780,37935,38030
31181,37954,38009
31676,37961,37984
32492,37943,37981
33748,37948,37981
35632,37943,37816
38108,37921,37849
40928,37924,37932
44268,37902,37925
47640,37884,37865
50696,37895,37853
53156,37870,37836
54836,37887,37820
55730,37895,37824
55528,37862,37830
53992,37871,37799
51412,37870,37759
48116,37887,37720
44444,37905,37716
40440,37927,37732
37028,37948,37748
34820,37933,37632
33436,37953,37615
32492,37937,37711
31784,37951,37669
31174,37943,37647
30706,37935,37680
30342,37939,37569
30052,37916,37543
29856,37955,37533
29718,37928,37631
29596,37928,37636
29504,37956,37574
29398,37894,37559
29310,37933,37554
29196,37921,37550
29152,37953,37549
29128,37879,37535
29148,37921,37520
29184,37941,37509
29196,37954,37348
29180,37894,37370
29174,37948,37438
29177,37922,37383
29200,37943,37337
29216,37884,37327
29245,37927,37333
29280,37923,37346
29360,37919,37190
29414,37937,37239
29494,37878,37167
29548,37925,37136
29600,37919,37244
29650,37949,37271
29652,37919,37249
29708,37925,37228
29780,37895,37157
29800,37932,37167
29812,37868,37164
29844,37934,37154
29893,37919,37037
29933,37917,36984
29944,37934,36997
29969,37886,37012
29973,37895,37066
29992,37927,37085
30080,37919,37044
30082,37927,37017
30166,37895,37020
30237,37925,37009
30300,37895,37040
30364,37895,36907
30412,37919,36889
30492,37911,36886
30508,37933,36932
30524,37916,36975
30464,37884,36909
30364,37913,36903
30404,37933,36885
30496,37876,36884
30560,37919,36871
30604,37917,36884
30661,37925,36756
30677,37947,36711
30692,37872,36815
30708,37879,36772
30732,37911,36765
30752,37917,36743
30789,37933,36754
30844,37929,36592
30873,37927,36665
30893,37917,36660
30888,37947,36615
30936,37892,36615
30944,37927,36612
30964,37889,36492
31016,37940,36436
31061,37914,36532
31116,37895,36487
31144,37940,36492
31228,37920,36358
31245,37924,36320
31244,37953,36294
31288,37934,36269
31344,37917,36295
31380,37926,36343
31406,37928,36299
31432,37921,36282
31448,37920,36259
31488,37943,36196
31490,37895,36164
31500,37947,36172
31582,37933,36148
31669,37937,36037
31728,37935,36011
31772,37932,36055
31800,37892,36041
31773,37917,35989
31828,37895,35941
31900,37922,35931
31964,37924,35919
32040,37913,35908
32109,37919,35790
32137,37926,35727
32148,37876,35735
32184,37911,35789
32224,37892,35739
32276,37884,35719
32348,37919,35612
32399,37923,35669
32469,37895,35627
32532,37917,35555
32444,37887,35533
32464,37904,35540
32512,37854,35551
32501,37890,35418
32508,37887,35367
32544,37895,35375
32524,37879,35436
32556,37895,35368
32552,37879,35365
32495,37895,35345
32492,37895,35202
32422,37889,35204
32356,37861,35221
32344,37841,35230
32284,37861,35185
32288,37857,35135
32244,37885,35128
32168,37847,35026
32108,37877,34956
32120,37869,35005
32112,37895,35006
32100,37839,34965
32124,37869,34941
32108,37846,34941
32087,37881,34831
31996,37831,34756
31908,37865,34743
31884,37867,34788
31908,37880,34765
31912,37877,34727
31932,37877,34735
31921,37887,34673
31912,37829,34649
31926,37859,34631
31893,37846,34619
31908,37885,34529
31916,37849,34453
31936,37867,34445
31965,37881,34439
32008,37887,34477
32009,37880,34428
32000,37863,34402
32030,37887,34376
32038,37840,34367
32056,37863,34244
32060,37857,34271
32116,37855,34296
32176,37887,34255
32220,37877,34225
32266,37865,34216
32260,37887,34193
32284,37863,34140
32216,37869,34080
32180,37869,34073
32164,37869,34041
32164,37839,34020
32214,37857,34049
32238,37845,33993
32292,37876,34036
32292,37883,34050
32276,37846,34012
32288,37867,34021
32348,37855,34007
32284,37836,33897
32293,37862,33926
32268,37857,33965
32294,37845,33916
32300,37839,33829
32352,37865,33799
32325,37848,33859
32336,37871,33831
32385,37860,33799
32378,37863,33783
32372,37861,33769
32384,37814,33764
32396,37848,33685
32396,37849,33687
32384,37863,33636
32436,37879,33607
32429,37871,33603
32424,37860,33593
32440,37863,33630
32412,37863,33647
32388,37836,33605
32392,37863,33614
32388,37854,33535
32400,37852,33509
32392,37855,33541
32389,37876,33561
32408,37865,33527
32436,37875,33505
32468,37860,33491
32493,37851,33493
32508,37865,33431
32500,37825,33455
32521,37845,33436
32540,37839,33415
32524,37871,33316
32504,37879,33319
32500,37828,33327
32536,37861,33348
32544,37847,33332
32516,37863,33301
32538,37860,33282
32525,37812,33221
32572,37855,33176
32621,37855,33223
32696,37839,33207
32764,37855,33181
32789,37860,33177
32776,37821,33108
32752,37855,33090
32717,37833,33073
32716,37853,33061
32708,37846,33079
32728,37804,33094
32744,37839,33087
32774,37817,33053
32800,37852,33063
32760,37855,32983
32748,37863,33004
32744,37821,33031
32750,37807,33012
32780,37797,32969
32796,37837,32936
32816,37820,32965
32804,37827,32996
32864,37853,32988
32892,37849,32999
32881,37847,32935
32824,37851,32932
32808,37844,32973
32829,37829,32957
32837,37828,32943
32860,37815,32956
32900,37813,32879
32932,37847,32903
32972,37839,32919
32960,37853,32924
32924,37853,32888
32816,37839,32845
32792,37821,32906
32756,37847,32877
32708,37804,32866
32669,37839,32868
32628,37831,32807
32592,37825,32791
32545,37839,32847
32536,37844,32828
32492,37844,32781
32484,37826,32761
32522,37815,32793
32524,37836,32775
32552,37823,32791
32596,37799,32709
32612,37835,32700
32636,37835,32719
32640,37827,32747
32676,37824,32722
32692,37828,32709
32722,37796,32706
32776,37817,32666
32806,37809,32624
32796,37815,32647
32804,37812,32669
32848,37825,32662
32876,37826,32647
32929,37839,32613
33020,37831,32592
33160,37830,32623
33272,37825,32614
33336,37809,32603
33312,37829,32589
33276,37788,32583
33256,37804,32580
33236,37804,32577
33232,37834,32562
33236,37783,32556
33224,37821,32555
33185,37825,32535
33120,37795,32519
33094,37815,32512
33100,37815,32516
33112,37820,32476
33156,37815,32466
33180,37820,32487
33216,37807,32479
33196,37829,32476
33204,37815,32433
33212,37813,32417
33221,37827,32455
33144,37822,32439
33093,37820,32407
33069,37822,32399
33048,37812,32417
33028,37791,32415
33064,37807,32400
33080,37805,32388
33124,37797,32373
33132,37816,32372
33164,37831,32372
33108,37781,32332
33088,37797,32308
33080,37799,32308
33072,37785,32332
33076,37783,32310
33101,37788,32313
33116,37821,32271
33144,37788,32255
33143,37815,32262
33152,37804,32280
33173,37807,32252
33157,37797,32260
33108,37812,32194
33076,37813,32199
33012,37783,32229
32924,37805,32231
32668,37804,32213
32292,37821,32207
31946,37826,32187
31648,37831,32153
31488,37825,32173
31522,37789,32189
31622,37811,32174
31856,37804,32124
32314,37807,32149
32852,37805,32149
33716,37813,32140
35216,37817,32117
37432,37801,32132
40012,37799,32078
42992,37780,32087
46052,37760,32103
49004,37744,32083
51604,37729,32081
53452,37733,32036
54644,37743,32025
54908,37759,32055
53656,37775,32047
51324,37757,32031
48432,37761,32021
45192,37780,32016
41537,37777,31975
38060,37783,31984
35708,37783,31989
34204,37804,31988
33292,37782,31968
32652,37807,31964
32120,37814,31959
31677,37812,31909
31320,37826,31901
31024,37805,31927
30784,37823,31933
30621,37798,31930
30465,37811,31917
30357,37829,31895
30284,37829,31886
30197,37789,31847
30144,37825,31852
30102,37810,31855
30064,37835,31828
30006,37797,31808
29998,37765,31791
30000,37813,31773
29954,37789,31713
29952,37812,31709
29957,37767,31705
30012,37817,31687
30024,37826,31661
30060,37817,31623
30096,37812,31613
30140,37807,31616
30173,37799,31596
30237,37819,31586
30328,37775,31573
30348,37764,31535
30300,37821,31542
30369,37815,31535
30452,37812,31529
30445,37809,31495
30496,37805,31495
30453,37801,31492
30464,37812,31471
30536,37822,31469
30580,37807,31437
30598,37767,31439
30648,37808,31449
30648,37799,31442
30598,37837,31439
30594,37834,31422
30610,37831,31428
30620,37781,31394
30640,37827,31383
30638,37815,31412
30684,37801,31394
30768,37804,31366
30852,37815,31376
30893,37811,31372
30898,37833,31363
30946,37829,31351
31009,37833,31337
31044,37830,31321
31020,37809,31323
30996,37829,31308
30949,37821,31308
30961,37826,31289
31065,37807,31279
31108,37829,31261
31176,37837,31250
31188,37812,31227
31176,37799,31228
31196,37830,31225
31254,37829,31209
31268,37812,31209
31312,37803,31186
31344,37831,31195
31388,37809,31197
31409,37810,31182
31432,37839,31173
31472,37793,31162
31527,37826,31155
31564,37804,31149
31568,37827,31121
31623,37785,31143
31620,37812,31122
31604,37781,31109
31676,37839,31095
31734,37831,31087
31752,37787,31079
31784,37833,31065
31816,37822,31053
31844,37823,31031
31880,37808,31018
31888,37813,31019
31952,37791,30992
32012,37807,30981
32036,37793,30960
32104,37826,30953
32188,37831,30930
32212,37819,30918
32228,37839,30887
32241,37844,30887
32288,37837,30877
32308,37831,30850
32321,37822,30829
32374,37829,30818
32374,37831,30801
32392,37806,30779
32445,37835,30751
32513,37823,30744
32532,37826,30736
32574,37833,30708
32600,37835,30684
32620,37837,30679
32662,37840,30648
32668,37839,30625
32724,37840,30628
32744,37847,30591
32741,37841,30580
32730,37829,30536
32704,37831,30535
32732,37849,30509
32780,37830,30485
32760,37797,30460
32688,37831,30448
32584,37814,30420
32512,37845,30405
32452,37805,30374
32413,37847,30352
32364,37853,30346
32320,37836,30307
32220,37831,30292
32180,37829,30256
32152,37820,30245
32108,37847,30207
32064,37799,30196
32064,37843,30196
32064,37823,30156
32040,37846,30146
32012,37855,30109
32002,37804,30116
32008,37830,30096
31968,37815,30055
31936,37831,30039
31916,37831,30008
31916,37819,30029
31924,37801,29988
31964,37831,29969
32004,37830,29933
31996,37829,29950
31993,37820,29914
31976,37831,29901
31960,37796,29887
31940,37818,29860
31928,37812,29869
31976,37799,29868
31976,37791,29839
32020,37785,29797
32036,37831,29801
32032,37799,29779
32061,37831,29741
32100,37827,29751
32100,37813,29767
32088,37806,29721
32104,37835,29720
32101,37833,29692
32160,37841,29715
32192,37799,29703
32200,37844,29675
32228,37834,29684
32240,37843,29683
32268,37844,29676
32262,37798,29656
32272,37822,29696
32312,37812,29703
32316,37836,29693
32305,37849,29661
32328,37817,29671
32324,37845,29662
32277,37829,29638
32272,37844,29654
32294,37845,29676
32286,37828,29653
32312,37815,29632
32336,37821,29627
32376,37806,29625
32388,37836,29604
32404,37844,29626
32448,37851,29598
32420,37812,29591
32428,37839,29580
32456,37828,29575
32464,37857,29565
32429,37847,29562
32440,37829,29543
32464,37836,29520
32460,37859,29519
32500,37807,29542
32545,37855,29559
32588,37851,29549
32612,37865,29518
32617,37870,29513
32632,37845,29490
32645,37823,29543
32640,37860,29497
32632,37853,29505
32649,37848,29484
32704,37845,29535
32744,37839,29498
32696,37882,29490
32672,37877,29471
32680,37873,29520
32660,37863,29472
32712,37829,29471
32724,37869,29467
32696,37863,29497
32732,37853,29456
32752,37882,29451
32764,37894,29444
32804,37871,29434
32785,37887,29416
32776,37871,29456
32774,37863,29447
32800,37878,29463
32800,37879,29457
32804,37883,29416
32841,37879,29420
32837,37893,29399
32872,37887,29431
32887,37892,29420
32920,37911,29408
32850,37879,29414
32825,37894,29428
32840,37887,29397
32868,37885,29469
32908,37893,29423
32948,37917,29433
32980,37893,29442
32984,37919,29436
32996,37919,29469
32978,37913,29468
32958,37895,29457
32932,37927,29432
32880,37943,29499
32924,37919,29468
32954,37895,29471
32948,37931,29471
32925,37924,29469
32900,37933,29513
32916,37954,29511
32928,37959,29469
32948,37933,29488
32944,37947,29485
32924,37927,29475
32905,37935,29510
32924,37955,29542
32958,37933,29510
32932,37943,29500
32956,37957,29504
32934,37956,29515
32932,37957,29551
32948,37970,29564
32967,37935,29553
32960,37925,29516
32948,37959,29520
32976,37948,29530
32942,37975,29553
32948,37956,29585
32973,37980,29557
32992,37975,29535
33020,37992,29543
32996,37967,29549
32964,37948,29533
32948,37971,29543
32957,37997,29538
32924,37991,29575
32904,37997,29556
32932,37983,29588
32916,38004,29619
32888,38020,29631
32929,37975,29620
32932,37999,29604
32928,38019,29593
32924,38012,29586
32904,37973,29580
32912,38004,29582
32901,38023,29588
32909,37987,29591
32908,38022,29565
32916,38015,29605
32884,38047,29618
32845,38007,29593
32812,38007,29591
32756,38023,29575
32716,38023,29604
32708,38019,29636
32685,38013,29567
32654,38047,29575
32633,38059,29575
32632,38022,29524
32662,38053,29567
32661,38049,29573
32632,38023,29548
32612,38035,29541
32636,38023,29607
32628,38063,29591
32644,38017,29565
32648,38050,29549
32636,38073,29548
32661,38074,29553
32732,38023,29528
32776,38068,29519
32820,38059,29580
32884,38073,29580
32992,38050,29536
33100,38062,29525
33180,38061,29535
33218,38091,29533
33220,38099,29532
33172,38099,29511
33184,38071,29500
33180,38101,29508
33181,38084,29545
33208,38084,29557
33232,38071,29520
33208,38102,29488
33236,38048,29501
33228,38098,29486
33218,38087,29472
33225,38070,29469
33166,38111,29514
33145,38091,29530
33120,38103,29476
33112,38116,29471
33100,38078,29477
33116,38111,29457
33117,38109,29474
33112,38100,29516
33110,38119,29521
33065,38127,29476
33060,38116,29461
33072,38116,29464
33037,38109,29447
33084,38119,29480
33116,38117,29493
33092,38109,29453
33038,38133,29453
33024,38133,29460
33016,38107,29443
33020,38134,29433
33052,38143,29446
33012,38140,29469
32984,38125,29439
33004,38115,29497
32996,38132,29484
32993,38124,29447
32972,38150,29459
33000,38135,29440
33040,38151,29430
33064,38151,29505
33049,38151,29442
33032,38145,29460
32996,38148,29436
32968,38133,29433
32980,38116,29428
33000,38151,29431
33032,38147,29479
33028,38141,29471
32940,38167,29453
32676,38151,29421
32412,38151,29453
32058,38180,29465
31812,38173,29423
31648,38151,29420
31692,38183,29393
31784,38151,29393
32013,38167,29397
32456,38180,29389
32935,38198,29360
33624,38175,29383
34784,38177,29380
36640,38189,29412
38940,38180,29397
41624,38160,29373
44464,38140,29373
47228,38142,29327
49828,38132,29300
51752,38145,29324
53036,38140,29301
53532,38167,29287
52688,38167,29267
50628,38151,29253
48132,38151,29279
45224,38164,29284
41940,38181,29299
38608,38209,29300
36236,38223,29280
34600,38191,29258
33573,38223,29217
32840,38223,29221
32264,38244,29243
31764,38238,29209
31373,38237,29201
31108,38235,29187
30912,38249,29179
30776,38257,29168
30657,38244,29183
30548,38258,29172
30453,38268,29151
30356,38263,29134
30300,38295,29108
30209,38256,29159
30128,38247,29135
30069,38285,29074
30062,38270,29066
30040,38271,29046
30060,38292,29012
30073,38301,28987
30096,38253,28980
30130,38292,28970
30154,38268,28944
30180,38317,28975
30188,38255,28964
30180,38295,28953
30233,38279,28895
30256,38303,28855
30289,38267,28831
30364,38309,28839
30420,38308,28807
30428,38327,28771
30436,38327,28755
30487,38276,28833
30501,38319,28821
30528,38301,28820
30620,38305,28759
30628,38315,28722
30626,38327,28719
30684,38341,28742
30697,38340,28785
30714,38306,28701
30748,38347,28692
30778,38318,28718
30776,38312,28700
30809,38343,28679
30832,38287,28678
30884,38335,28775
30948,38327,28763
30992,38328,28703
31020,38348,28679
31036,38365,28679
31072,38331,28701
31093,38349,28677
31094,38343,28660
31084,38330,28716
31109,38327,28748
31144,38353,28707
31208,38348,28655
31250,38358,28661
31260,38349,28649
31276,38348,28661
31304,38380,28635
31298,38367,28615
31348,38349,28697
31462,38357,28673
31477,38319,28679
31465,38359,28613
31473,38372,28604
31524,38378,28621
31532,38326,28636
31524,38375,28591
31588,38359,28580
31636,38386,28617
31645,38349,28660
31684,38367,28664
31684,38359,28599
31674,38389,28565
31764,38352,28571
31806,38375,28564
31840,38367,28575
31848,38405,28551
31856,38389,28528
31812,38399,28517
31825,38359,28542
31862,38383,28575
31900,38370,28595
31944,38397,28588
32016,38399,28556
32088,38407,28480
32165,38399,28476
32192,38407,28488
32188,38395,28445
32208,38426,28431
32204,38388,28503
32248,38407,28478
32280,38399,28445
32336,38367,28428
32356,38429,28397
32428,38391,28447
32458,38425,28493
32472,38423,28412
32488,38423,28399
32520,38397,28388
32524,38437,28351
32504,38439,28396
32494,38432,28423
32494,38383,28345
32540,38438,28335
32592,38416,28354
32668,38454,28343
32705,38428,28311
32708,38437,28309
32692,38453,28313
32700,38447,28287
32668,38455,28332
32625,38431,28371
32600,38455,28388
32580,38438,28319
32581,38455,28290
32568,38446,28297
32548,38468,28303
32504,38444,28375
32468,38460,28287
32436,38439,28300
32373,38431,28281
32358,38450,28313
32316,38463,28349
32272,38455,28278
32253,38435,28263
32192,38469,28284
32148,38442,28249
32120,38461,28337
32120,38444,28271
32068,38455,28243
32052,38463,28276
32036,38436,28236
32057,38447,28295
32056,38439,28356
32060,38463,28308
32047,38457,28250
32030,38460,28267
31976,38446,28231
31950,38456,28208
31973,38455,28213
31998,38425,28269
32012,38455,28293
32040,38402,28308
32037,38439,28317
32028,38468,28305
32092,38439,28212
32124,38458,28226
32108,38445,28218
32116,38454,28207
32112,38445,28172
32109,38429,28167
32108,38432,28273
32110,38453,28272
32105,38459,28189
32165,38423,28199
32186,38460,28236
32148,38453,28208
32172,38469,28221
32180,38404,28228
32192,38447,28229
32192,38439,28340
32202,38461,28371
32201,38407,28303
32212,38455,28285
32248,38438,28317
32292,38467,28358
32312,38406,28369
32332,38433,28327
32328,38423,28417
32352,38447,28413
32334,38455,28392
32320,38463,28452
32372,38407,28489
32416,38452,28463
32428,38443,28423
32448,38460,28420
32480,38463,28450
32500,38423,28428
32474,38455,28487
32484,38445,28524
32484,38447,28463
32524,38452,28484
32542,38455,28523
32556,38453,28561
32572,38453,28489
32654,38445,28519
32672,38436,28503
32676,38441,28615
32668,38465,28527
32633,38457,28570
32593,38407,28557
32601,38445,28543
32620,38447,28653
32644,38453,28572
32684,38447,28597
32684,38449,28570
32692,38447,28693
32652,38444,28612
32626,38469,28623
32644,38455,28653
32660,38435,28626
32671,38446,28693
32670,38455,28739
32680,38460,28656
32720,38417,28677
32780,38463,28689
32820,38454,28757
32852,38435,28703
32836,38463,28701
32836,38431,28689
32848,38447,28741
32823,38430,28812
32796,38458,28789
32788,38407,28735
32796,38455,28767
32812,38453,28743
32844,38451,28765
32838,38460,28837
32820,38456,28865
32788,38431,28852
32830,38431,28791
32832,38423,28793
32835,38454,28867
32848,38467,28879
32880,38427,28825
32892,38457,28869
32896,38453,28843
32890,38443,28877
32873,38421,28957
32864,38457,28918
32865,38404,28903
32888,38446,28924
32916,38447,28897
32901,38439,28964
32873,38439,28990
32869,38477,28935
32900,38471,28975
32900,38452,28977
32908,38450,28964
32900,38444,29060
32852,38436,29037
32908,38459,28997
32936,38460,29010
32944,38407,29034
32929,38457,29052
32928,38455,29036
32928,38468,29049
32961,38471,29048
32920,38431,29087
32886,38461,29158
32892,38444,29155
32836,38432,29135
32764,38436,29102
32782,38452,29135
32820,38466,29142
32900,38456,29140
32924,38449,29148
32936,38460,29155
32908,38465,29148
32885,38420,29159
32837,38447,29196
32836,38437,29268
32848,38453,29267
32828,38463,29258
32856,38447,29256
32872,38453,29234
32905,38452,29243
32924,38437,29244
32916,38455,29239
32912,38455,29268
32908,38444,29326
32901,38439,29341
32924,38430,29348
32920,38444,29364
32930,38461,29358
32937,38455,29364
32996,38444,29341
33048,38439,29304
32977,38445,29340
32900,38445,29330
32888,38407,29316
32856,38425,29323
32785,38439,29413
32800,38432,29383
32769,38437,29351
32752,38433,29377
32740,38429,29351
32700,38447,29351
32608,38407,29423
32573,38407,29393
32552,38407,29400
32576,38404,29372
32556,38399,29444
32547,38443,29420
32562,38445,29404
32577,38407,29415
32605,38429,29409
32620,38423,29398
32608,38445,29471
32622,38439,29485
32644,38398,29423
32724,38429,29433
32832,38407,29423
32904,38407,29427
32980,38441,29496
33024,38390,29511
33117,38431,29490
33134,38415,29447
33124,38431,29466
33088,38407,29458
33052,38407,29488
33030,38386,29469
33044,38397,29471
33080,38395,29532
33140,38420,29487
33129,38423,29476
33140,38407,29536
33116,38407,29551
33093,38407,29502
33076,38397,29519
33086,38380,29501
33044,38383,29560
32976,38407,29557
32988,38407,29532
32956,38402,29524
32928,38405,29524
32932,38407,29584
32944,38407,29543
32932,38397,29557
32892,38391,29605
32879,38385,29557
32884,38385,29551
32888,38399,29612
32886,38397,29582
32920,38365,29598
32928,38359,29574
32956,38399,29586
32964,38391,29622
32936,38389,29591
32896,38375,29599
32890,38361,29583
32871,38380,29637
32844,38381,29607
32824,38391,29615
32904,38351,29608
32901,38372,29605
32852,38391,29601
32876,38388,29599
32844,38373,29615
32841,38342,29625
32868,38367,29607
32868,38359,29570
32828,38357,29640
32808,38367,29585
32856,38383,29599
32880,38341,29589
32832,38373,29627
32792,38365,29595
32728,38343,29567
32572,38364,29615
32300,38367,29572
31922,38317,29576
31620,38343,29559
31452,38338,29575
31444,38375,29577
31588,38327,29600
31768,38359,29556
32144,38351,29559
32656,38349,29561
33188,38375,29573
34042,38369,29561
35420,38367,29541
37360,38367,29599
39733,38351,29548
42324,38336,29559
44916,38341,29549
47384,38332,29574
49528,38319,29551
51048,38325,29540
51892,38308,29567
51684,38295,29551
50092,38319,29549
47780,38325,29537
45272,38331,29572
42424,38349,29547
39320,38358,29541
36757,38375,29590
35056,38375,29551
33849,38335,29532
33041,38365,29599
32373,38350,29540
31852,38343,29551
31440,38365,29543
31193,38372,29595
30993,38353,29566
30876,38343,29559
30749,38356,29532
30636,38372,29588
30546,38367,29540
30448,38343,29551
30384,38338,29546
30276,38367,29575
30228,38372,29529
30244,38359,29513
30228,38311,29563
30224,38359,29501
30240,38364,29465
30244,38348,29527
30224,38356,29461
30236,38355,29437
30256,38342,29447
30268,38333,29419
30272,38356,29385
30284,38372,29423
30348,38371,29359
30390,38317,29367
30436,38363,29324
30448,38349,29391
30448,38341,29319
30472,38356,29313
30512,38353,29284
30532,38292,29319
30605,38303,29276
30616,38311,29266
30644,38354,29295
30682,38359,29237
30733,38354,29212
30796,38349,29253
30824,38332,29213
30804,38327,29222
30794,38303,29229
30836,38338,29197
30840,38342,29199
30894,38343,29239
30998,38343,29191
31036,38327,29191
31008,38323,29260
31044,38345,29217
31104,38342,29225
31088,38343,29188
31096,38341,29243
31068,38325,29217
31108,38309,29205
31152,38309,29229
31196,38311,29210
31228,38339,29240
31264,38325,29239
31316,38335,29206
31308,38295,29174
31328,38308,29252
31342,38277,29185
31372,38317,29164
31413,38292,29216
31444,38273,29183
31476,38271,29141
31512,38279,29214
31562,38320,29185
31544,38311,29129
31550,38307,29133
31564,38294,29098
31600,38300,29139
31648,38295,29093
31689,38292,29092
31760,38277,29052
31776,38327,29115
31776,38332,29063
31844,38331,29015
31872,38309,29063
31916,38300,29020
31977,38317,28980
31968,38308,29029
31972,38295,28975
32028,38271,28941
32048,38311,28935
32100,38276,28901
32164,38311,28867
32193,38306,28908
32201,38295,28900
32232,38313,28833
32284,38303,28823
32320,38295,28788
32376,38279,28759
32388,38300,28738
32444,38308,28805
32461,38319,28703
32484,38311,28703
32520,38321,28665
32560,38316,28703
32556,38271,28679
32588,38255,28615
32600,38269,28589
32653,38263,28623
32654,38295,28605
32684,38268,28559
32717,38303,28520
32748,38292,28487
32764,38293,28546
32785,38279,28482
32805,38286,28437
32792,38276,28525
32792,38271,28416
32792,38269,28421
32776,38279,28384
32760,38303,28433
32732,38303,28345
32709,38299,28334
32700,38303,28413
32649,38302,28295
32573,38292,28289
32517,38262,28300
32492,38286,28245
32444,38276,28249
32412,38282,28309
32372,38293,28193
32308,38290,28170
32276,38279,28237
32213,38279,28164
32184,38279,28104
32140,38271,28172
32096,38236,28103
32068,38263,28081
32060,38257,28031
32048,38249,28084
32044,38252,28090
32037,38237,27994
32050,38239,28012
32016,38255,27950
31960,38268,28044
31916,38263,27929
31884,38247,27925
31900,38223,27989
31936,38245,27919
31956,38247,27974
31982,38245,27869
32016,38225,27849
32008,38199,27956
32028,38211,27852
32004,38205,27825
31990,38196,27888
32010,38196,27846
32016,38187,27798
32028,38187,27864
32004,38197,27829
32028,38221,27783
32032,38215,27876
32032,38209,27796
32068,38207,27786
32092,38207,27896
32112,38204,27804
32126,38213,27831
32128,38215,27859
32124,38193,27862
32168,38175,27835
32208,38207,27849
32264,38205,27874
32276,38201,27900
32264,38203,27860
32284,38214,27892
32252,38214,27861
32212,38185,27853
32224,38151,27990
32224,38199,27917
32264,38151,27898
32296,38189,27873
32288,38196,27983
32284,38182,27909
32328,38191,27925
32321,38151,27873
32328,38189,27991
32352,38183,27887
32364,38187,27929
32344,38170,27896
32328,38151,28011
32348,38151,27897
32368,38180,27906
32390,38173,28015
32432,38131,27918
32440,38132,27916
32480,38171,28037
32452,38164,27937
32424,38150,27966
32452,38139,27937
32436,38151,28045
32448,38165,28068
32456,38112,28002
32492,38151,27986
32528,38143,28017
32584,38137,27953
32576,38165,28103
32548,38151,28028
32556,38110,28054
32548,38143,28049
32568,38135,28032
32566,38148,28143
32580,38151,28109
32620,38143,28101
32636,38133,28092
32650,38145,28211
32692,38135,28118
32656,38133,28119
32636,38111,28244
32636,38133,28167
32656,38089,28204
32694,38117,28197
32732,38112,28285
32716,38135,28256
32705,38139,28210
32709,38135,28261
32744,38116,28243
32772,38095,28244
32764,38103,28375
32796,38111,28308
32800,38127,28294
32772,38093,28325
32776,38103,28351
32824,38097,28379
32832,38125,28353
32832,38079,28399
32812,38107,28489
32814,38089,28413
32832,38071,28409
32808,38100,28457
32812,38104,28449
32853,38076,28448
32864,38103,28566
32876,38095,28554
32887,38089,28516
32884,38108,28521
32884,38057,28533
32864,38092,28564
32884,38068,28560
32848,38088,28551
32876,38093,28647
32921,38068,28639
32928,38045,28589
32936,38087,28628
32940,38085,28629
32932,38071,28620
32917,38087,28671
32920,38071,28740
32896,38053,28677
32850,38071,28679
32864,38059,28703
32912,38084,28720
32940,38076,28700
32944,38071,28804
32968,38071,28734
32908,38063,28768
32886,38043,28745
32880,38076,28825
32884,38055,28860
32897,38063,28818
32896,38063,28807
32904,38055,28822
32960,38069,28839
32980,38079,28840
32976,38069,28845
32942,38060,28844
32948,38047,28935
32957,38057,28952
32948,38020,28967
32952,38043,28960
32960,38055,28959
32976,38036,28956
32986,38045,28975
33004,38031,28944
32993,38061,28951
32976,38053,28967
32928,38037,28975
32945,38046,28964
32933,38023,29028
32920,38013,29068
32948,38022,29030
32977,38039,29017
32996,38043,29017
32992,38047,29045
32954,38039,29020
32900,38018,29121
32850,38039,29104
32820,38005,29055
32780,38023,29077
32764,38012,29076
32764,38023,29124
32804,38015,29117
32752,38037,29107
32754,38023,29129
32736,38021,29132
32728,38031,29124
32676,38036,29105
32700,37997,29201
32720,37991,29141
32714,38023,29145
32740,38019,29143
32780,38041,29132
32804,38033,29213
32870,38013,29214
32960,38033,29191
32972,38022,29185
33032,38043,29202
33088,37997,29212
33184,38013,29210
33264,38023,29215
33300,37991,29205
33284,38013,29220
33249,38017,29205
33256,38051,29262
33308,38012,29295
33305,38032,29270
33324,38013,29239
33316,38023,29244
33281,38028,29264
33260,37983,29257
33252,38028,29271
33260,38023,29328
33224,38015,29293
33200,38044,29280
33156,37997,29295
33140,38020,29279
33116,38023,29289
33121,37999,29277
33136,37999,29295
33140,37975,29295
33152,38004,29341
33133,37997,29383
33152,38011,29351
33120,38021,29319
33076,37973,29348
33080,38002,29336
33104,37983,29293
33088,37999,29412
33088,37998,29374
33077,37991,29352
33096,37999,29383
33108,38007,29375
33120,38005,29375
33088,37996,29388
33080,38012,29391
33092,37996,29407
33076,38007,29409
33036,37991,29407
33040,37984,29413
33004,37985,29471
32996,37975,29425
33012,38005,29421
33040,38018,29428
33057,38004,29444
33052,37997,29445
33040,38015,29444
33028,37975,29442
33034,37988,29447
33028,37991,29447
32996,37983,29442
32910,37991,29458
32812,37975,29447
32572,38007,29427
32244,37985,29442
31937,38001,29465
31712,38023,29468
31733,37960,29437
31833,38007,29454
32013,37981,29455
32360,38006,29436
32824,38004,29433
33318,37999,29440
34189,38017,29447
35568,38014,29446
37468,38006,29469
39780,37999,29456
42248,37976,29466
44668,37967,29463
47048,37957,29447
49132,37941,29447
50564,37959,29492
51441,37955,29511
51272,37957,29519
49678,37958,29474
47460,37973,29481
45040,37985,29456
42324,37981,29455
39288,37988,29444
36800,37991,29461
35181,37999,29453
33988,37996,29508
33204,37985,29547
32573,37991,29548
32064,38023,29533
31652,38023,29553
31390,38007,29557
31184,38013,29524
31074,37993,29548
31000,37997,29561
30869,38004,29575
30792,38008,29573
30713,38023,29567
30608,37977,29525
30544,38023,29531
30495,38009,29518
30432,37967,29510
30430,38021,29575
30425,37963,29510
30438,37965,29501
30450,38004,29481
30476,37988,29532
30520,38019,29523
30516,37989,29509
30556,37999,29508
30573,38020,29469
30624,38007,29428
30608,37993,29438
30564,37999,29425
30594,38007,29407
30600,37997,29408
30628,37985,29390
30660,38005,29359
30716,38005,29419
30832,38004,29428
30812,38005,29420
30814,37964,29433
30804,37991,29417
30824,37999,29363
30852,37996,29365
30885,37956,29382
30924,37983,29367
30973,37983,29406
31040,38007,29445
31104,37958,29399
31137,37991,29396
31148,37989,29420
31148,38007,29423
31148,37958,29445
31192,37989,29447
31201,37967,29519
31237,37990,29541
31304,37991,29517
31312,37983,29521
31360,37977,29538
31376,38007,29540
31376,37991,29548
31396,37956,29563
31424,37999,29565
31406,37995,29575
31420,37973,29613
31428,37959,29656
31520,38011,29669
31557,37998,29682
31583,37991,29676
31618,37975,29659
31648,38015,29666
31684,37999,29691
31690,37991,29692
31692,37993,29703
31705,37983,29703
31773,37957,29703
31808,37981,29725
31844,37991,29732
31878,37988,29729
31932,38009,29743
32004,38004,29793
31984,37997,29783
31968,37981,29767
32000,38011,29760
32002,37989,29765
32032,37964,29767
32052,37983,29811
32108,37977,29778
32188,38020,29761
32204,38021,29811
32228,37975,29767
32241,38015,29769
32284,38004,29762
32264,38003,29765
32280,37991,29772
32341,38015,29788
32440,38023,29737
32488,38022,29747
32544,38023,29721
32576,38039,29692
32620,38028,29755
32669,37989,29703
32673,37988,29692
32676,38011,29687
32692,38007,29665
32742,38003,29664
32808,38008,29700
32833,38017,29639
32820,38016,29647
32804,38015,29607
32829,38037,29661
32816,38033,29627
32804,38039,29599
32844,37988,29593
32852,38021,29558
32864,37995,29620
32892,38023,29563
32924,38019,29556
32940,38021,29535
32916,38005,29529
32928,38053,29555
32871,38005,29541
32796,38013,29551
32756,38004,29508
32709,38036,29479
32632,37993,29460
32572,38023,29460
32552,38044,29469
32496,38047,29447
32429,38039,29413
32368,38038,29404
32281,38023,29447
32216,38019,29447
32156,37999,29388
32156,38013,29369
32165,38033,29415
32140,38023,29372
32132,38025,29358
32125,38037,29353
32052,38043,29313
32016,38036,29383
31968,38013,29335
31938,38023,29306
31908,38021,29309
31888,38004,29281
31889,38009,29328
31895,38007,29284
31944,38007,29274
32000,38004,29255
32004,38029,29260
32020,38023,29295
32012,38013,29248
31916,37999,29221
31901,37988,29201
31904,38015,29253
31921,37983,29211
31937,38013,29185
31960,38007,29161
32000,38007,29212
32031,37997,29194
32044,38015,29145
32012,38013,29161
32000,38004,29145
32004,37955,29124
32040,37995,29179
32076,37988,29223
32076,37999,29215
32092,38022,29204
32132,37996,29149
32168,38000,29175
32124,38007,29178
32128,37980,29201
32148,37963,29191
32149,38001,29187
32176,37957,29190
32220,37991,29272
32240,37988,29257
32268,37996,29236
32270,37989,29218
32276,37989,29285
32284,37989,29250
32264,37975,29252
32258,37973,29232
32262,37959,29319
32264,37985,29273
32289,37992,29262
32300,38005,29285
32356,37997,29252
32384,38004,29324
32388,37999,29327
32428,37983,29292
32392,37983,29298
32405,37973,29343
32396,37969,29378
32381,37963,29346
32364,37992,29340
32368,37983,29344
32420,37957,29369
32429,37969,29352
32436,37951,29431
32452,37995,29400
32506,37973,29396
32508,37964,29405
32497,37959,29412
32468,37975,29436
32484,37989,29455
32512,37975,29447
32488,37951,29436
32532,37977,29508
32576,37973,29516
32576,37993,29559
32576,37973,29564
32588,37976,29580
32592,37967,29572
32620,37970,29585
32594,37984,29569
32600,37997,29590
32604,37989,29591
32616,37990,29637
32601,37946,29671
32608,37988,29645
32608,37975,29660
32616,37959,29674
32605,37988,29690
32636,37985,29677
32673,37932,29749
32672,37965,29749
32672,37977,29732
32680,37965,29745
32660,37972,29779
32672,37991,29785
32640,37989,29796
32620,37931,29801
32621,37969,29828
32660,37967,29876
32692,37973,29863
32700,37965,29868
32696,37991,29885
32736,37953,29900
32745,37974,29919
32768,37955,29925
32766,37980,29933
32725,37956,29947
32701,37970,29951
32704,37959,29986
32716,37959,30013
32754,37987,30044
32788,37975,30042
32784,37964,30023
32752,37961,30043
32748,37944,30047
32750,37983,30061
32752,37965,30076
32728,37957,30069
32752,37939,30072
32789,37959,30111
32774,37983,30151
32804,37967,30153
32832,37965,30166
32837,37965,30159
32840,37959,30175
32804,37975,30173
32740,37959,30191
32744,37965,30196
32732,37951,30223
32736,37967,30212
32757,37988,30215
32785,37945,30235
32788,37975,30250
32805,37967,30254
32820,37959,30261
32812,37951,30297
32799,37967,30316
32766,37963,30324
32760,37964,30309
32752,37959,30306
32776,37967,30324
32764,37991,30341
32788,37969,30343
32813,37973,30351
32800,37959,30362
32780,37951,30357
32764,37967,30367
32724,37961,30370
32716,37924,30401
32762,37959,30422
32772,37948,30421
32756,37975,30428
32788,37983,30420
32752,37957,30420
32722,37975,30421
32660,37959,30423
32657,37965,30439
32624,37962,30445
32586,37908,30458
32590,37960,30454
32598,37956,30463
32534,37959,30452
32556,37975,30472
32532,37975,30508
32470,37983,30484
32476,37934,30493
32480,37967,30501
32496,37953,30509
32461,37977,30513
32508,37981,30498
32544,37981,30496
32596,37991,30533
32664,37976,30545
32754,37981,30524
32768,37969,30527
32805,37979,30529
32897,37967,30535
33004,37959,30535
33068,37981,30531
33157,37949,30532
33212,37967,30533
33214,37959,30532
33172,37961,30528
33169,37991,30535
33210,37985,30548
33196,37977,30542
33208,37937,30540
33156,37975,30538
33128,37973,30559
33100,37953,30566
33108,37959,30583
33117,37983,30569
33084,37958,30583
33064,37971,30579
33044,37981,30574
33032,37932,30567
33016,37955,30564
32972,37941,30567
32982,37965,30559
32988,37972,30572
32968,37951,30561
32980,37964,30549
33036,37973,30557
33093,37981,30557
33064,37967,30551
33038,37931,30540
33012,37963,30549
33000,37964,30554
32984,37970,30575
32984,37973,30574
32982,37943,30559
32997,37938,30548
33005,37975,30548
33016,37965,30541
33009,37959,30549
32952,37941,30545
32928,37980,30535
32901,37967,30526
32896,37965,30534
32923,37947,30551
32920,37967,30548
32948,37980,30547
32982,37983,30543
32992,37972,30520
32988,37975,30523
32958,37959,30516
32948,37975,30507
32941,37966,30493
32920,37927,30492
32888,37967,30509
32762,37979,30504
32572,37972,30496
32268,37972,30477
31948,37951,30476
31732,37980,30463
31585,37983,30486
31696,37987,30459
31916,37951,30455
32260,37981,30439
32762,37983,30462
33276,37958,30460
33972,37993,30434
35124,37988,30429
36828,37988,30424
38996,37968,30412
41300,37959,30416
43552,37957,30416
45820,37948,30420
47896,37937,30413
49404,37946,30380
50400,37934,30384
50556,37943,30380
49297,37957,30369
47172,37962,30375
44932,37964,30404
42449,37975,30350
39616,37975,30364
36956,37959,30348
35214,37988,30343
34024,37999,30381
33248,38009,30341
32648,37974,30345
32110,38005,30337
31684,37991,30309
31401,37980,30350
31218,37980,30343
31108,37974,30329
30996,37988,30315
30880,37985,30343
30784,37999,30316
30726,37999,30311
30710,38005,30315
30625,38009,30314
30580,38015,30290
30528,38003,30273
30509,37999,30293
30496,37989,30244
30480,37991,30235
30433,37988,30215
30447,37989,30214
30540,37991,30174
30528,38004,30148
30556,37955,30141
30568,37955,30110
30586,37988,30103
30574,37941,30093
30594,37980,30055
30630,37975,30045
30684,37965,30026
30704,37955,29988
30708,37952,29993
30745,37964,29993
30802,37967,29952
30816,37999,29937
30836,37983,29918
30858,37953,29895
30899,37967,29917
30932,37922,29915
30948,37965,29876
30964,37959,29869
31004,37960,29855
31008,37973,29852
31058,37975,29885
31096,37947,29849
31140,37973,29858
31184,37987,29844
31170,37972,29830
31200,37927,29831
31205,37919,29902
31242,37927,29871
31292,37967,29865
31368,37963,29881
31384,37963,29878
31388,37959,29922
31388,37959,29889
31420,37980,29899
31456,37965,29887
31502,37975,29921
31492,37966,29919
31545,37926,29904
31572,37967,29906
31584,37959,29895
31623,37957,29900
31648,37981,29955
31688,37991,29924
31712,37981,29916
31744,37925,29899
31744,37964,29956
31748,37961,29937
31780,37951,29915
31790,37965,29924
31822,37991,29921
31854,37991,29918
31877,37991,29949
31917,37967,29929
31932,37945,29924
31962,37924,29932
31988,37973,29908
32017,37956,29925
32056,37940,29942
32117,37979,29959
32164,37991,29919
32204,37991,29921
32236,37951,29910
32268,37985,29894
32328,37967,29907
32358,37980,29921
32353,37967,29924
32404,37967,29884
32448,37956,29861
32504,37962,29863
32540,37985,29838
32572,37991,29831
32630,37991,29818
32676,37975,29800
32728,37999,29799
32750,37980,29806
32780,37956,29818
32810,37983,29772
32848,37969,29753
32864,37989,29730
32896,37991,29732
32908,37997,29725
32954,37972,29703
32980,37986,29692
32956,37991,29665
32940,37991,29686
32952,37949,29685
32970,37975,29678
32952,37975,29673
32982,37973,29625
33068,37996,29615
33093,37967,29605
33054,37962,29601
33000,37983,29585
32872,37975,29561
32800,37964,29539
32736,37989,29527
32708,37984,29556
32692,37983,29572
32640,37978,29545
32578,37987,29490
32538,37975,29497
32480,38009,29486
32424,37971,29479
32364,37977,29465
32324,37974,29432
32240,37959,29461
32192,37975,29474
32144,37983,29405
32097,37985,29396
32060,37985,29382
32022,37983,29421
31993,37987,29380
32004,37932,29335
31968,37971,29349
31928,37949,29270
31924,37914,29359
31925,37957,29345
31909,37949,29318
31896,37959,29304
31886,37971,29273
31920,37935,29230
31976,37959,29228
31980,37943,29205
31992,37924,29216
31940,37954,29197
31908,37943,29164
31904,37892,29145
31900,37945,29125
31913,37935,29191
31904,37951,29140
31916,37924,29120
31940,37927,29071
31968,37945,29069
31974,37933,29057
31992,37933,29063
31985,37917,29049
32012,37935,29057
32060,37895,29052
32092,37895,29031
32109,37939,29008
32132,37927,29019
32144,37947,29010
32140,37932,29061
32132,37916,29048
32149,37927,29036
32148,37919,29023
32162,37895,29022
32216,37928,29058
32236,37884,29036
32240,37929,29041
32244,37935,29039
32260,37893,29024
32301,37917,29015
32288,37933,28935
32272,37923,28936
32236,37895,28935
32244,37921,28935
32248,37915,28921
32333,37895,28923
32412,37927,28934
32430,37917,28924
32460,37895,28919
32416,37918,28919
32392,37919,28891
32404,37915,28904
32436,37865,28919
32448,37895,28948
32424,37889,28938
32468,37926,28957
32464,37919,28903
32500,37895,28876
32486,37913,28881
32518,37913,28883
32544,37895,28887
32520,37908,28881
32524,37895,28890
32516,37911,28893
32532,37895,28922
32568,37895,28977
32580,37895,28973
32573,37920,28994
32608,37887,28961
32624,37895,28977
32608,37895,29003
32632,37895,29012
32617,37911,29015
32644,37895,28972
32700,37908,28950
32704,37908,29019
32652,37904,29022
32632,37904,29031
32636,37935,29018
32684,37923,29060
32660,37924,29073
32660,37895,29079
32654,37917,29085
32644,37919,29104
32672,37871,29105
32668,37916,29099
32684,37900,29110
32724,37934,29130
32784,37927,29116
32740,37895,29087
32698,37895,29099
32681,37895,29087
32688,37910,29102
32696,37887,29113
32712,37911,29119
32752,37911,29119
32788,37924,29133
32820,37895,29140
32770,37923,29212
32768,37907,29231
32782,37911,29246
32788,37910,29247
32776,37883,29230
32772,37890,29237
32768,37895,29243
32821,37895,29271
32797,37895,29277
32780,37917,29312
32788,37887,29295
32805,37895,29295
32781,37895,29292
32756,37905,29316
32772,37861,29340
32800,37881,29349
32800,37895,29332
32832,37908,29319
32852,37895,29332
32864,37908,29359
32857,37888,29358
32872,37881,29349
32884,37895,29389
32872,37882,29412
32864,37879,29437
32860,37875,29439
32884,37885,29447
32892,37892,29441
32868,37895,29425
32888,37868,29447
32892,37860,29439
32892,37856,29492
32868,37887,29515
32842,37861,29518
32864,37863,29485
32880,37879,29496
32900,37863,29510
32928,37887,29524
32932,37875,29541
32940,37893,29539
32904,37885,29541
32816,37848,29545
32788,37876,29533
32764,37863,29580
32741,37884,29597
32716,37868,29613
32713,37876,29623
32700,37863,29621
32660,37895,29620
32654,37885,29613
32658,37876,29622
32620,37895,29652
32584,37847,29640
32568,37871,29637
32600,37861,29634
32632,37871,29647
32672,37876,29655
32725,37860,29653
32752,37869,29653
32772,37865,29655
32820,37877,29649
32870,37853,29662
32896,37863,29654
32956,37853,29653
33060,37845,29665
33164,37831,29673
33228,37848,29695
33268,37863,29724
33260,37827,29716
33296,37839,29678
33280,37843,29687
33272,37853,29685
33260,37819,29695
33316,37835,29697
33296,37807,29693
33284,37846,29684
33285,37831,29679
33269,37823,29702
33260,37847,29725
33252,37799,29727
33212,37844,29733
33132,37829,29735
33100,37813,29713
33060,37822,29703
33020,37797,29681
33028,37812,29691
33056,37796,29695
33014,37829,29690
33032,37827,29684
33031,37825,29685
33020,37819,29677
33000,37805,29679
32964,37827,29669
32945,37815,29703
32960,37810,29717
32961,37799,29697
32941,37814,29695
32932,37815,29695
32924,37804,29685
32972,37827,29685
32964,37783,29683
32888,37805,29686
32868,37808,29700
32856,37772,29654
32876,37799,29688
32896,37785,29703
32941,37813,29724
32989,37815,29724
32998,37815,29729
32984,37799,29724
32960,37823,29721
32951,37783,29700
32905,37793,29700
32885,37767,29713
32880,37790,29716
32908,37795,29732
32906,37799,29727
32816,37773,29703
32661,37803,29693
32448,37788,29695
32140,37815,29703
31868,37797,29703
31700,37792,29701
31713,37805,29689
31872,37759,29693
32085,37797,29693
32552,37779,29703
33020,37807,29700
33590,37817,29700
34478,37781,29695
35912,37789,29694
37816,37805,29688
40088,37777,29692
42396,37767,29701
44632,37757,29703
46840,37754,29709
48684,37755,29715
49896,37752,29727
50504,37767,29733
50016,37767,29729
48236,37767,29733
46100,37779,29711
43777,37777,29727
41100,37777,29733
38284,37804,29751
36148,37785,29772
34740,37796,29775
33760,37819,29773
33028,37817,29766
32428,37799,29761
31932,37825,29748
31584,37778,29773
31336,37815,29799
31184,37799,29768
31064,37805,29761
30996,37795,29764
30912,37806,29773
30848,37805,29773
30812,37823,29793
30733,37815,29788
30652,37821,29793
30605,37805,29783
30580,37780,29775
30561,37815,29755
30544,37812,29743
30536,37753,29739
30528,37798,29733
30508,37821,29698
30548,37767,29708
30596,37805,29703
30636,37827,29693
30620,37767,29702
30608,37807,29686
30605,37781,29673
30636,37806,29639
30656,37783,29626
30696,37759,29599
30732,37791,29580
30768,37818,29607
30813,37814,29588
30822,37767,29564
30840,37807,29563
30868,37761,29537
30882,37804,29537
30944,37797,29567
30988,37794,29568
31052,37783,29533
31076,37814,29542
31052,37796,29527
31084,37809,29524
31124,37813,29524
31144,37819,29568
31172,37767,29564
31164,37789,29551
31182,37767,29565
31240,37797,29575
31284,37791,29582
31328,37777,29602
31376,37789,29593
31404,37819,29628
31430,37807,29649
31436,37788,29691
31424,37799,29647
31476,37804,29671
31516,37751,29692
31500,37775,29694
31556,37799,29712
31608,37767,29713
31628,37796,29724
31648,37807,29725
31708,37787,29726
31740,37798,29780
31772,37776,29788
31728,37797,29796
31696,37796,29813
31724,37781,29821
31764,37783,29797
31825,37775,29804
31916,37785,29831
31945,37809,29861
31938,37787,29861
31956,37804,29845
31996,37783,29858
32036,37773,29871
32060,37795,29865
32068,37753,29894
32088,37788,29909
32124,37783,29911
32184,37813,29912
32228,37767,29908
32285,37805,29911
32312,37791,29919
32340,37795,29906
32372,37776,29871
32375,37775,29903
32396,37759,29924
32480,37801,29912
32516,37775,29900
32588,37780,29899
32641,37812,29893
32716,37775,29872
32752,37800,29861
32772,37783,29822
32776,37790,29857
32856,37757,29841
32878,37757,29871
32892,37802,29838
32900,37785,29841
32928,37807,29814
32944,37812,29813
32976,37815,29775
32993,37777,29807
32960,37799,29788
32952,37781,29791
32972,37774,29754
32976,37767,29744
32982,37799,29742
32970,37797,29719
32977,37787,29699
32954,37791,29710
32926,37807,29722
32924,37797,29703
32892,37793,29666
32856,37781,29678
32812,37806,29656
32748,37797,29684
32716,37791,29683
32620,37783,29636
32504,37796,29636
32420,37799,29608
32368,37791,29607
32285,37797,29622
32212,37788,29627
32116,37781,29626
32056,37765,29620
32040,37799,29603
32048,37804,29549
31984,37759,29549
31952,37797,29541
31944,37787,29519
31968,37785,29510
31936,37807,29506
31884,37748,29485
31884,37751,29540
31844,37787,29503
31852,37783,29479
31861,37774,29477
31884,37765,29461
31904,37767,29484
31872,37791,29494
31848,37799,29462
31800,37749,29433
31748,37759,29436
31788,37780,29428
31808,37759,29457
31832,37781,29451
31812,37746,29455
31828,37767,29447
31852,37789,29404
31894,37767,29388
31930,37777,29390
31956,37764,29393
31949,37765,29385
31924,37780,29363
31932,37747,29359
31936,37767,29388
31982,37751,29408
32024,37781,29398
32056,37781,29399
32056,37767,29423
32080,37791,29407
32098,37764,29407
32096,37767,29413
32077,37757,29413
32096,37767,29397
32118,37767,29399
32136,37764,29408
32200,37759,29407
32212,37779,29409
32232,37780,29425
32246,37726,29431
32256,37767,29436
32268,37755,29436
32284,37722,29430
32320,37767,29435
32325,37719,29425
32352,37757,29416
32344,37758,29428
32368,37767,29436
32392,37775,29437
32392,37735,29492
32396,37727,29468
32400,37755,29464
32428,37751,29446
32452,37733,29454
32480,37727,29497
32516,37767,29488
32524,37764,29479
32553,37765,29492
32592,37754,29492
32612,37765,29519
32572,37753,29551
32556,37759,29551
32556,37767,29527
32568,37743,29537
32592,37751,29551
32613,37751,29543
32645,37748,29537
32681,37749,29596
32716,37767,29570
32728,37780,29578
32700,37748,29592
32697,37754,29598
32676,37756,29599
32672,37759,29596
32658,37767,29648
32676,37767,29639
32718,37741,29639
32728,37757,29639
32740,37744,29631
32746,37767,29684
32796,37767,29655
32780,37767,29667
32784,37765,29667
32788,37741,29669
32790,37743,29714
32817,37753,29724
32796,37767,29693
32832,37729,29702
32868,37745,29718
32864,37767,29724
32777,37740,29732
32756,37747,29724
32782,37732,29735
32812,37759,29729
32828,37725,29730
32836,37737,29764
32844,37759,29790
32858,37741,29796
32832,37753,29776
32805,37760,29814
32780,37720,29807
32788,37735,29797
32768,37710,29806
32780,37751,29815
32800,37716,29820
32824,37759,29811
32857,37759,29847
32870,37751,29847
32904,37751,29844
32872,37743,29849
32892,37759,29839
32893,37711,29849
32852,37751,29881
32804,37727,29889
32816,37748,29899
32840,37727,29877
32860,37748,29876
32864,37743,29891
32888,37743,29895
32908,37759,29900
32896,37717,29894
32872,37749,29922
32852,37735,29948
32844,37713,29916
32828,37743,29918
32852,37716,29927
32833,37738,29935
32852,37727,29975
32845,37767,29966
32880,37716,29959
32865,37743,29973
32842,37733,29964
32802,37737,30000
32804,37757,30002
32772,37735,29991
32737,37735,29997
32712,37748,29985
32696,37745,30002
32664,37741,30020
32668,37767,30010
32660,37765,30017
32620,37719,30006
32580,37759,30044
32564,37751,30038
32560,37741,30032
32488,37741,30037
32489,37721,30039
32524,37764,30069
32560,37767,30041
32584,37733,30052
32584,37765,30041
32612,37743,30057
32668,37759,30059
32700,37741,30060
32754,37735,30014
32809,37739,30080
32874,37767,30077
32924,37762,30060
33000,37746,30068
33046,37721,30070
33128,37740,30073
33118,37761,30055
33108,37737,30073
33078,37739,30095
33068,37757,30093
33084,37719,30083
33152,37745,30078
33128,37756,30087
33128,37767,30073
33124,37765,30066
33100,37757,30082
33104,37740,30087
33064,37746,30093
33024,37750,30076
32984,37725,30077
32968,37743,30079
32972,37756,30078
32944,37725,30084
32928,37751,30075
32940,37764,30069
32944,37724,30084
32944,37751,30078
32924,37732,30082
32896,37753,30081
32897,37751,30073
32916,37757,30079
32984,37741,30070
32984,37758,30068
32980,37749,30053
32986,37743,30087
32945,37759,30079
32929,37765,30071
32924,37746,30069
32928,37734,30048
32974,37749,30087
32928,37755,30068
32900,37740,30045
32901,37757,30086
32928,37742,30058
32920,37745,30067
32920,37767,30049
32924,37759,30052
32916,37718,30065
32916,37748,30049
32904,37737,30053
32917,37711,30048
32932,37756,30036
32964,37711,30060
32932,37751,30065
32908,37735,30062
32836,37751,30054
32716,37759,30045
32468,37749,30036
32172,37759,30033
31920,37743,30052
31700,37735,30063
31644,37765,30044
31768,37717,30031
31936,37759,30040
32280,37751,30017
32828,37742,30052
33312,37735,30045
33996,37745,30030
35130,37747,30022
36844,37741,30061
38960,37724,30041
41292,37727,30024
43556,37724,30026
45844,37719,30004
47976,37719,30044
49432,37703,30030
50348,37696,30018
50444,37702,30008
49172,37711,30005
47092,37719,30030
44908,37732,30004
42496,37743,30005
39680,37759,30011
37125,37767,30021
35460,37793,30010
34264,37755,30005
33405,37767,30011
32736,37759,30032
32128,37759,30017
31661,37780,30011
31405,37733,30012
31244,37767,30011
31104,37795,30013
30980,37759,30019
30926,37791,30017
30868,37767,30010
30800,37791,30013
30764,37780,29999
30679,37767,30039
30597,37759,30020
30536,37799,29997
30524,37795,29995
30536,37765,29969
30567,37788,29959
30537,37783,29956
30560,37805,29959
30577,37735,29959
30612,37781,29940
30600,37767,29924
30580,37791,29901
30646,37780,29885
30670,37787,29869
30708,37767,29852
30768,37804,29830
30806,37749,29818
30796,37788,29809
30816,37796,29806
30864,37791,29780
30862,37767,29775
30881,37797,29794
30900,37743,29791
30944,37783,29775
31007,37791,29756
31048,37803,29740
31040,37767,29733
31064,37788,29751
31068,37767,29766
31060,37792,29755
31100,37743,29724
31140,37789,29732
31184,37799,29740
31196,37788,29734
31268,37799,29746
31288,37785,29751
31312,37797,29739
31328,37767,29756
31348,37799,29787
31366,37778,29805
31388,37765,29815
31404,37789,29803
31428,37758,29796
31428,37778,29815
31456,37788,29831
31514,37788,29823
31548,37796,29826
31560,37777,29819
31584,37757,29847
31596,37783,29871
31640,37767,29876
31700,37757,29853
31705,37767,29863
31738,37781,29866
31781,37796,29868
31844,37797,29859
31840,37767,29870
31850,37791,29861
31880,37743,29861
31876,37781,29869
31928,37763,29895
31932,37789,29892
31992,37788,29907
32032,37767,29919
32058,37796,29925
32152,37780,29925
32184,37781,29917
32172,37785,29921
32212,37749,29914
32220,37774,29887
32264,37756,29887
32288,37789,29891
32318,37783,29883
32356,37767,29861
32444,37791,29892
32501,37755,29885
32568,37787,29857
32629,37788,29861
32604,37781,29860
32600,37781,29851
32652,37781,29836
32700,37789,29789
32728,37793,29774
32744,37805,29756
32788,37796,29733
32856,37799,29731
32894,37799,29718
32916,37788,29695
32932,37801,29673
32894,37779,29647
32916,37788,29643
32916,37783,29641
32924,37799,29639
32952,37789,29615
33012,37795,29588
33023,37812,29586
33023,37814,29559
33031,37789,29533
33008,37801,29532
32960,37767,29511
32912,37799,29476
32876,37776,29527
32872,37807,29495
32872,37767,29460
32828,37804,29445
32758,37799,29431
32704,37822,29394
32608,37807,29385
32509,37791,29390
32406,37797,29399
32344,37777,29373
32300,37788,29365
32241,37791,29325
32180,37757,29308
32108,37799,29291
32108,37799,29277
32056,37758,29273
31997,37783,29268
31940,37797,29251
31896,37781,29238
31865,37762,29231
31832,37788,29191
31846,37732,29165
31852,37767,29209
31894,37796,29181
31908,37787,29210
31868,37767,29183
31856,37789,29134
31812,37751,29122
31860,37761,29117
31928,37745,29109
31920,37749,29095
31912,37758,29071
31900,37751,29063
31909,37750,29062
31917,37756,29041
31912,37767,29036
31944,37779,29084
31959,37745,29021
31969,37743,29006
31972,37765,28989
31965,37733,28991
31960,37749,28972
32024,37743,28980
32044,37767,28975
32049,37719,28975
32064,37749,28951
32104,37761,28969
32084,37759,28967
32064,37735,28972
32080,37756,28980
32105,37748,28991
32132,37740,28969
32135,37764,28973
32172,37764,29053
32216,37759,29036
32226,37751,29001
32257,37735,29031
32274,37751,29015
32280,37709,29009
32276,37723,29058
32272,37748,29073
32288,37703,29098
32292,37737,29079
32324,37733,29087
32336,37753,29062
32342,37751,29062
32336,37727,29060
32320,37741,29074
32323,37696,29084
32324,37727,29097
32325,37737,29085
32372,37698,29086
32352,37751,29151
32366,37735,29140
32400,37735,29124
32400,37735,29111
32452,37747,29140
32448,37711,29177
32440,37735,29191
32463,37721,29180
32460,37735,29167
32460,37730,29186
32508,37737,29177
32532,37749,29220
32556,37754,29254
32560,37711,29271
32586,37737,29236
32580,37725,29251
32600,37743,29245
32636,37711,29242
32625,37729,29318
32606,37717,29268
32608,37743,29295
32628,37724,29308
32672,37739,29307
32656,37731,29303
32664,37743,29311
32676,37740,29380
32656,37711,29330
32665,37729,29359
32676,37729,29352
32685,37723,29349
32696,37733,29405
32724,37740,29381
32753,37743,29398
32733,37748,29381
32756,37703,29430
32744,37733,29452
32680,37719,29437
32660,37701,29428
32661,37737,29437
32684,37703,29447
32728,37733,29432
32772,37741,29434
32904,37729,29492
32952,37743,29498
32728,37719,29490
32684,37743,29468
32740,37735,29489
32728,37727,29479
32704,37703,29460
32736,37727,29531
32752,37734,29497
32750,37719,29515
32752,37730,29522
32782,37743,29513
32790,37703,29511
32808,37711,29512
32820,37699,29543
32801,37715,29575
32760,37725,29549
32775,37727,29543
32824,37694,29549
32788,37723,29532
32784,37708,29569
32772,37703,29575
32768,37717,29553
32792,37721,29564
32801,37713,29551
32764,37677,29565
32780,37710,29594
32788,37692,29583
32796,37702,29574
32776,37727,29567
32764,37695,29525
32800,37712,29604
32836,37703,29612
32816,37713,29613
32774,37701,29593
32768,37711,29575
32744,37698,29575
32668,37720,29573
32668,37695,29583
32672,37716,29590
32660,37717,29575
32608,37743,29591
32504,37735,29621
32472,37725,29612
32472,37709,29595
32466,37732,29575
32468,37735,29575
32460,37747,29562
32504,37740,29605
32528,37733,29615
32558,37732,29575
32576,37725,29580
32549,37751,29583
32552,37756,29562
32580,37731,29575
32616,37724,29609
32680,37740,29599
32752,37732,29572
32812,37735,29574
32871,37764,29572
32925,37729,29547
32997,37733,29604
33041,37754,29568
33060,37741,29569
33064,37757,29575
33004,37713,29561
32996,37751,29583
33072,37743,29604
33120,37767,29604
33135,37775,29597
33125,37755,29583
33140,37767,29563
33108,37727,29561
33084,37767,29564
33040,37716,29551
33002,37749,29597
32985,37751,29580
32956,37767,29574
32968,37775,29557
32954,37741,29574
32924,37767,29569
32924,37753,29556
32928,37757,29548
32876,37759,29609
32900,37755,29568
32921,37745,29575
32960,37767,29573
32965,37733,29563
32964,37767,29577
32958,37759,29601
32956,37779,29612
32932,37747,29572
32904,37763,29574
32908,37740,29575
32928,37767,29564
32912,37767,29604
32884,37748,29600
32873,37767,29575
32865,37751,29579
32860,37777,29583
32848,37767,29581
32844,37767,29580
32832,37759,29572
32809,37773,29575
32808,37757,29567
32816,37743,29573
32820,37735,29573
32835,37753,29575
32872,37767,29569
32884,37755,29583
32927,37765,29597
32856,37761,29624
32680,37783,29598
32442,37767,29582
32164,37756,29591
31872,37748,29589
31604,37781,29569
31486,37767,29624
31616,37741,29582
31794,37767,29594
32112,37767,29578
32616,37783,29617
33144,37786,29583
33820,37749,29591
34869,37772,29581
36501,37759,29578
38592,37756,29626
40904,37759,29620
43176,37748,29593
45424,37751,29588
47552,37749,29569
49109,37736,29589
50072,37732,29615
50268,37725,29604
49120,37735,29575
47092,37735,29572
44957,37740,29552
42592,37757,29591
39812,37767,29549
37196,37795,29564
35460,37781,29543
34270,37783,29575
33421,37777,29575
32736,37793,29551
32156,37759,29549
31704,37781,29545
31372,37764,29543
31200,37791,29540
31108,37759,29540
31032,37796,29575
30961,37787,29568
30872,37801,29551
30820,37779,29556
30742,37796,29540
30648,37773,29565
30580,37791,29580
30569,37795,29541
30532,37799,29527
30532,37791,29529
30516,37795,29521
30508,37788,29537
30524,37807,29509
30536,37807,29494
30518,37796,29508
30524,37743,29473
30528,37793,29460
30572,37791,29480
30602,37788,29436
30664,37793,29429
30704,37791,29390
30728,37783,29441
30724,37807,29387
30748,37807,29368
30740,37804,29401
30760,37783,29379
30764,37767,29344
30803,37787,29356
30840,37793,29370
30888,37789,29325
30928,37813,29334
30964,37810,29311
30997,37767,29372
31040,37765,29323
31064,37797,29308
31064,37787,29367
31080,37783,29340
31144,37791,29337
31164,37783,29364
31184,37791,29348
31230,37781,29343
31305,37818,29389
31364,37812,29369
31300,37783,29381
31280,37799,29383
31324,37781,29377
31364,37779,29447
31392,37767,29421
31424,37802,29415
31454,37803,29411
31496,37812,29469
31520,37791,29428
31544,37764,29424
31552,37797,29484
31588,37797,29446
31645,37784,29446
31657,37781,29485
31676,37767,29467
31696,37765,29460
31741,37799,29471
31788,37796,29455
31849,37774,29484
31832,37781,29477
31876,37783,29471
31912,37775,29473
31916,37766,29487
31920,37759,29501
31968,37796,29473
32017,37795,29482
32060,37788,29484
32096,37791,29469
32176,37813,29468
32184,37805,29463
32226,37797,29499
32225,37783,29496
32288,37796,29480
32327,37761,29444
32396,37783,29457
32440,37764,29422
32514,37799,29459
32564,37803,29452
32600,37783,29415
32636,37801,29397
32688,37803,29394
32729,37789,29364
32756,37767,29404
32810,37778,29349
32868,37747,29344
32892,37749,29311
32869,37767,29361
32876,37783,29294
32912,37799,29263
32964,37767,29301
32949,37777,29245
32972,37763,29238
32948,37761,29187
32950,37781,29246
32972,37785,29191
32994,37789,29175
32996,37797,29213
32980,37795,29138
32988,37797,29119
32992,37787,29128
33008,37805,29163
32996,37783,29096
32945,37783,29068
32921,37765,29124
32871,37799,29061
32857,37791,29052
32796,37763,29028
32744,37805,29036
32664,37789,29070
32568,37785,29003
32496,37804,28993
32424,37810,28983
32356,37775,28972
32298,37790,29013
32201,37786,28945
32105,37783,28945
32044,37780,28930
31992,37804,28937
31973,37804,28921
31984,37815,28868
31900,37804,28933
31829,37799,28879
31796,37797,28836
31756,37789,28895
31726,37793,28829
31716,37751,28825
31716,37743,28863
31728,37745,28807
31688,37797,28799
31672,37788,28766
31660,37796,28837
31656,37779,28764
31668,37767,28762
31684,37758,28764
31680,37781,28795
31694,37781,28783
31718,37791,28730
31764,37748,28733
31808,37789,28708
31828,37767,28694
31845,37767,28725
31840,37751,28697
31808,37733,28695
31829,37767,28673
31863,37735,28703
31910,37742,28735
31928,37757,28695
31920,37775,28694
31892,37775,28671
31916,37780,28653
31966,37767,28731
31972,37759,28663
31956,37714,28679
31956,37759,28656
31984,37717,28695
31993,37765,28679
32048,37767,28729
32052,37735,28717
32048,37748,28749
32068,37767,28773
32060,37767,28743
32044,37753,28729
32068,37732,28712
32056,37719,28774
32085,37709,28741
32128,37747,28735
32132,37757,28742
32165,37743,28753
32208,37764,28804
32220,37725,28775
32228,37761,28738
32228,37751,28765
32209,37732,28736
32212,37745,28796
32224,37763,28809
32252,37721,28777
32292,37719,28767
32319,37767,28754
32352,37759,28775
32340,37740,28833
32300,37719,28825
32320,37751,28788
32340,37737,28781
32345,37701,28804
32364,37716,28826
32340,37711,28817
32381,37767,28829
32416,37763,28821
32482,37751,28879
32486,37757,28852
32476,37746,28857
32453,37734,28878
32456,37751,28871
32468,37741,28865
32484,37749,28883
32493,37735,28892
32580,37767,28948
32612,37767,28935
32583,37772,28933
32570,37757,28935
32573,37759,28977
32536,37745,29012
32538,37724,28965
32572,37751,28989
32570,37751,28978
32596,37756,29052
32632,37757,29021
32656,37735,29005
32648,37767,29089
32661,37731,29042
32653,37737,29053
32676,37730,29076
32668,37759,29127
32661,37747,29080
32645,37759,29090
32669,37751,29124
32672,37753,29162
32660,37743,29139
32696,37751,29149
32700,37743,29143
32708,37759,29203
32692,37756,29166
32679,37751,29180
32668,37748,29252
32705,37756,29236
32708,37749,29215
32716,37719,29225
32730,37749,29285
32768,37759,29253
32804,37765,29247
32801,37765,29316
32752,37751,29277
32740,37707,29296
32720,37743,29274
32740,37749,29319
32768,37743,29319
32768,37735,29319
32804,37763,29324
32820,37758,29341
32812,37737,29343
32824,37733,29351
32852,37739,29335
32821,37727,29415
32832,37733,29364
32832,37750,29390
32840,37755,29391
32836,37749,29431
32860,37719,29407
32856,37743,29414
32852,37727,29428
32870,37748,29422
32861,37740,29456
32829,37724,29476
32812,37731,29503
32808,37725,29486
32792,37747,29488
32740,37711,29498
32720,37747,29492
32720,37732,29525
32684,37751,29524
32618,37727,29535
32592,37748,29525
32508,37700,29560
32481,37735,29593
32462,37741,29566
32468,37737,29583
32516,37741,29575
32552,37767,29615
32572,37767,29607
32602,37749,29603
32617,37757,29627
32632,37748,29609
32676,37755,29653
32705,37767,29652
32756,37751,29647
32824,37757,29657
32900,37755,29656
32944,37753,29680
32994,37775,29689
33036,37783,29680
33088,37770,29668
33144,37730,29720
33156,37759,29700
33156,37757,29703
33164,37756,29727
33180,37751,29721
33225,37757,29727
33264,37773,29695
33228,37765,29765
33212,37751,29752
33182,37767,29767
33148,37753,29756
33064,37765,29752
33024,37767,29781
33014,37733,29791
33012,37767,29812
33005,37756,29807
33012,37759,29798
32996,37779,29805
32982,37781,29806
32990,37735,29806
32976,37756,29833
32924,37743,29857
32928,37753,29861
32912,37764,29847
32940,37741,29846
32956,37730,29851
32936,37767,29841
32888,37765,29890
32858,37759,29871
32880,37747,29868
32872,37765,29879
32884,37747,29877
32880,37751,29885
32897,37737,29888
32896,37759,29901
32916,37767,29908
32892,37767,29905
32872,37767,29898
32880,37745,29894
32860,37765,29905
32868,37751,29908
32892,37749,29939
32860,37737,29946
32868,37762,29946
32896,37729,29953
32940,37764,29979
32933,37760,29975
32920,37759,29957
32896,37774,29956
32748,37773,29959
32528,37764,29973
32192,37743,29976
31893,37767,29973
31648,37733,29982
31556,37764,29985
31638,37761,29985
31828,37781,29983
32137,37743,29983
32668,37765,29980
33184,37759,30007
33844,37751,30004
34936,37732,30008
36568,37762,30010
38576,37751,30017
40820,37743,30009
43044,37734,30021
45294,37735,30041
47416,37735,30013
48936,37727,30016
49876,37721,29997
50088,37724,30044
48972,37710,30029
46976,37721,30027
44868,37732,30014
42504,37743,30022
39729,37764,30040
37116,37783,30045
35444,37775,30037
34236,37767,30023
33406,37760,30023
32716,37772,30016
32114,37762,30031
31660,37765,30031
31388,37767,30032
31260,37764,30023
31144,37767,30055
31028,37775,30052
30956,37783,30053
30896,37777,30055
30792,37765,30042
30733,37767,30055
30680,37767,30039
30640,37767,30037
30580,37779,30054
30548,37767,30031
30532,37791,30024
30572,37772,30015
30568,37767,29990
30572,37767,30014
30584,37767,29965
30564,37775,29957
30600,37778,29953
30628,37783,29959
30669,37787,29916
30684,37793,29903
30726,37796,29924
30760,37787,29900
30780,37791,29877
30820,37791,29884
30852,37735,29891
30854,37773,29865
30824,37767,29844
30836,37767,29847
30889,37760,29823
30940,37776,29831
30968,37799,29852
31013,37795,29848
31056,37783,29820
31060,37751,29831
31077,37791,29862
31124,37735,29833
31136,37735,29845
31132,37767,29843
31157,37761,29831
31169,37750,29871
31200,37791,29895
31240,37787,29909
31292,37767,29918
31324,37791,29919
31297,37767,29919
31284,37775,29927
31316,37767,29933
31376,37765,29964
31396,37757,29973
31400,37783,29986
31468,37791,30000
31528,37785,30002
31568,37783,30009
31624,37785,30019
31615,37767,30031
31622,37767,30046
31676,37783,30032
31680,37781,30080
31716,37764,30103
31732,37789,30105
31788,37767,30109
31810,37780,30119
31826,37775,30130
31870,37767,30127
31840,37762,30148
31852,37783,30176
31940,37780,30175
31980,37782,30180
32008,37767,30197
32040,37759,30197
32068,37780,30202
32116,37789,30223
32156,37789,30254
32196,37774,30253
32204,37775,30253
32236,37764,30256
32264,37780,30263
32308,37771,30271
32353,37775,30292
32433,37767,30279
32484,37751,30280
32514,37783,30287
32572,37788,30288
32626,37775,30284
32669,37759,30292
32732,37761,30289
32740,37751,30279
32780,37740,30291
32828,37758,30287
32881,37765,30278
32940,37779,30260
32956,37783,30273
32939,37780,30259
32970,37780,30261
32992,37767,30253
32980,37766,30247
33020,37754,30244
33021,37735,30263
33066,37751,30244
33100,37751,30232
33092,37751,30221
33113,37757,30240
33060,37743,30215
33020,37740,30215
33036,37759,30245
33036,37759,30224
33002,37732,30210
32980,37734,30239
32942,37727,30213
32912,37764,30215
32884,37765,30212
32793,37740,30240
32697,37728,30220
32636,37759,30212
32524,37766,30244
32428,37751,30223
32328,37734,30226
32242,37735,30215
32218,37751,30214
32164,37747,30221
32104,37767,30204
32060,37743,30241
32005,37761,30228
31938,37764,30232
31852,37775,30223
31809,37765,30224
31780,37725,30239
31724,37767,30232
31724,37735,30228
31741,37789,30212
31744,37780,30235
31724,37766,30237
31752,37767,30228
31716,37767,30255
31712,37780,30235
31676,37777,30228
31664,37767,30252
31690,37727,30238
31660,37735,30227
31674,37753,30244
31712,37789,30236
31728,37749,30212
31740,37789,30250
31756,37748,30239
31701,37780,30225
31732,37767,30231
31796,37751,30247
31805,37767,30220
31828,37774,30215
31844,37789,30241
31856,37767,30233
31876,37775,30229
31912,37779,30228
31912,37781,30231
31936,37767,30241
31920,37773,30263
31876,37788,30249
31868,37749,30287
31924,37767,30276
31929,37767,30293
31984,37791,30300
32056,37789,30325
32125,37797,30327
32112,37744,30335
32087,37788,30383
32068,37781,30368
32064,37767,30367
32076,37775,30399
32109,37767,30391
32148,37797,30391
32180,37791,30413
32232,37795,30416
32256,37791,30412
32264,37796,30415
32328,37767,30424
32328,37775,30455
32308,37785,30439
32260,37765,30458
32288,37767,30458
32356,37761,30461
32364,37794,30468
32372,37804,30487
32412,37801,30484
32394,37811,30484
32420,37804,30509
32444,37791,30516
32428,37764,30527
32456,37767,30533
32452,37767,30535
32490,37775,30564
32516,37788,30563
32496,37797,30560
32506,37799,30574
32544,37796,30575
32586,37747,30598
32564,37783,30599
32586,37767,30601
32578,37749,30639
32580,37787,30633
32592,37797,30653
32592,37797,30656
32605,37798,30672
32668,37797,30679
32685,37799,30685
32656,37767,30689
32644,37789,30703
32668,37780,30724
32652,37767,30717
32620,37759,30743
32636,37791,30743
32636,37799,30751
32677,37789,30769
32697,37781,30766
32684,37780,30796
32656,37753,30788
32652,37767,30813
32617,37781,30812
32640,37756,30823
32676,37767,30804
32632,37781,30849
32656,37767,30848
32657,37767,30868
32680,37782,30864
32676,37757,30879
32680,37751,30900
32680,37751,30908
32700,37785,30919
32737,37788,30921
32740,37781,30930
32756,37767,30940
32753,37783,30941
32766,37772,30967
32760,37783,30975
32720,37775,30981
32716,37767,31003
32734,37767,31000
32712,37781,31007
32740,37783,31020
32740,37773,31032
32738,37735,31045
32760,37749,31049
32772,37780,31046
32812,37783,31066
32816,37764,31077
32800,37767,31085
32772,37767,31095
32756,37767,31100
32781,37735,31107
32828,37729,31125
32814,37767,31135
32865,37775,31124
32964,37759,31166
33016,37735,31168
33060,37775,31163
33102,37764,31196
33152,37767,31193
33190,37767,31188
33216,37756,31220
33246,37759,31231
33280,37755,31239
33280,37749,31246
33316,37756,31239
33312,37757,31269
33308,37743,31268
33336,37765,31255
33296,37767,31286
33253,37767,31287
33236,37775,31292
33282,37727,31281
33260,37740,31296
33228,37749,31301
33172,37780,31295
33100,37780,31286
33108,37767,31306
33105,37764,31300
33034,37765,31302
33014,37757,31287
33024,37767,31295
33089,37774,31305
33132,37781,31301
33157,37786,31279
33158,37799,31293
33188,37793,31301
33188,37747,31284
33210,37759,31291
33286,37737,31285
33332,37779,31299
33380,37767,31289
33436,37755,31293
33492,37780,31295
33564,37767,31287
33582,37775,31296
33638,37756,31278
33645,37749,31281
33640,37777,31290
33637,37767,31293
33621,37773,31279
33628,37767,31294
33616,37767,31288
33612,37767,31271
33582,37767,31290
33580,37774,31285
33580,37774,31268
33472,37767,31279
33388,37757,31269
33316,37748,31252
33281,37779,31273
33257,37776,31267
33292,37763,31231
33316,37775,31263
33308,37781,31239
33320,37749,31222
33333,37780,31233
33336,37767,31239
33300,37767,31229
33294,37757,31227
33276,37750,31228
33248,37749,31211
33232,37729,31199
33224,37743,31205
33220,37777,31206
33212,37788,31184
33244,37777,31189
33220,37731,31191
33166,37764,31173
33172,37761,31165
33172,37751,31164
33212,37749,31141
33186,37767,31138
33189,37767,31145
33164,37781,31129
33140,37788,31118
33152,37756,31129
33140,37765,31123
33120,37750,31102
33148,37737,31087
33157,37757,31088
33152,37767,31078
33125,37765,31068
33080,37779,31068
33000,37751,31057
32816,37781,31046
32568,37767,31042
32231,37783,31044
31944,37781,31033
31772,37783,31023
31784,37730,31018
31893,37767,31023
32116,37767,31012
32637,37765,31004
33184,37785,31018
33748,37797,31011
34612,37764,31007
35964,37791,30967
37788,37775,31001
39956,37749,31001
42152,37754,30989
44372,37736,31008
46536,37735,31001
48356,37737,30993
49536,37735,31012
50100,37751,31007
49623,37756,30997
47884,37756,31017
45864,37751,31015
43648,37765,31019
41088,37764,31023
38252,37777,31023
36124,37791,31027
34820,37796,31044
33829,37799,31047
33144,37815,31056
32520,37767,31052
32008,37807,31068
31597,37798,31092
31357,37785,31101
31216,37807,31098
31144,37807,31111
31073,37805,31135
31046,37764,31148
30984,37781,31133
30937,37801,31153
30892,37805,31162
30856,37815,31176
30740,37818,31177
30652,37823,31151
30620,37810,31175
30588,37815,31174
30580,37757,31175
30556,37767,31162
30596,37813,31169
30620,37815,31143
30624,37799,31149
30660,37829,31164
30648,37830,31145
30669,37757,31158
30724,37777,31148
30816,37809,31151
30792,37799,31142
30824,37809,31127
30888,37804,31134
30920,37823,31148
30964,37797,31138
31004,37827,31125
31040,37812,31119
31016,37796,31132
31053,37796,31127
31072,37781,31132
31101,37823,31133
31133,37812,31119
31176,37779,31125
31236,37828,31150
31308,37810,31146
31324,37807,31151
31300,37806,31145
31288,37801,31173
31264,37812,31173
31265,37805,31168
31284,37807,31187
31308,37804,31208
31392,37788,31212
31408,37843,31223
31432,37785,31231
31492,37839,31229
31510,37828,31255
31512,37819,31253
31538,37811,31255
31572,37817,31250
31588,37837,31279
31612,37839,31281
31660,37841,31282
31652,37829,31285
31660,37850,31287
31676,37855,31266
31664,37845,31289
31728,37799,31288
31764,37839,31289
31776,37816,31291
31808,37828,31270
31832,37831,31293
31880,37863,31283
31936,37871,31276
31960,37860,31260
31992,37855,31273
32032,37815,31261
32048,37807,31249
32072,37850,31228
32072,37834,31225
32120,37863,31221
32204,37863,31215
32288,37877,31194
32324,37879,31185
32332,37884,31148
32344,37839,31140
32424,37871,31135
32449,37860,31113
32476,37855,31087
32557,37847,31063
32580,37871,31013
32600,37879,31016
32680,37887,30980
32728,37890,30959
32757,37876,30917
32782,37883,30881
32845,37861,30863
32892,37887,30822
32908,37877,30780
32910,37861,30765
32972,37881,30733
32984,37867,30708
33044,37887,30673
33064,37884,30652
33080,37868,30613
33113,37895,30573
33140,37879,30541
33184,37876,30531
33192,37861,30495
33180,37871,30455
33204,37887,30427
33188,37855,30392
33144,37880,30359
33084,37876,30338
33053,37884,30315
33024,37895,30300
32957,37886,30273
32940,37879,30229
32888,37879,30202
32784,37867,30183
32657,37855,30175
32576,37895,30127
32516,37881,30109
32466,37849,30061
32397,37877,30074
32324,37887,30031
32244,37887,29991
32148,37879,30004
32098,37865,29949
32060,37865,29919
32000,37852,29903
31932,37878,29903
31904,37893,29840
31852,37873,29836
31860,37887,29801
31800,37868,29774
31740,37847,29783
31696,37849,29731
31661,37847,29719
31700,37860,29676
31700,37865,29695
31716,37869,29644
31717,37863,29613
31713,37839,29621
31724,37830,29585
31720,37863,29556
31708,37843,29540
31712,37863,29509
31751,37817,29481
31760,37844,29506
31772,37843,29468
31764,37861,29431
31797,37825,29413
31842,37859,29409
31848,37855,29368
31860,37856,29372
31909,37853,29370
31916,37855,29335
31912,37799,29289
31884,37837,29318
31892,37839,29298
31941,37835,29264
31976,37819,29245
31968,37850,29244
31984,37860,29284
31996,37815,29230
31992,37836,29221
32004,37822,29239
32028,37823,29220
32072,37846,29220
32064,37792,29212
32080,37831,29219
32124,37849,29200
32142,37823,29191
32088,37821,29212
32064,37843,29245
32080,37831,29245
32096,37851,29215
32128,37822,29189
32140,37839,29189
32164,37828,29172
32148,37825,29133
32132,37823,29219
32193,37855,29173
32220,37853,29173
32266,37807,29151
32277,37829,29178
32308,37813,29181
32324,37829,29149
32324,37835,29134
32319,37823,29132
32284,37831,29116
32260,37857,29177
32281,37836,29145
32316,37858,29148
32348,37836,29133
32364,37846,29135
32384,37847,29144
32400,37855,29127
32416,37807,29159
32432,37819,29132
32444,37811,29126
32461,37831,29190
32528,37853,29143
32549,37849,29135
32553,37838,29157
32528,37847,29189
32495,37847,29148
32480,37797,29152
32444,37832,29180
32440,37830,29164
32468,37831,29173
32493,37831,29182
32540,37860,29228
32557,37860,29178
32592,37831,29191
32596,37837,29200
32600,37806,29241
32588,37842,29223
32544,37831,29212
32496,37839,29282
32472,37841,29253
32478,37836,29245
32505,37836,29302
32565,37852,29284
32596,37862,29293
32624,37813,29289
32660,37844,29311
32673,37822,29353
32668,37843,29335
32605,37845,29349
32584,37824,29351
32612,37848,29381
32632,37853,29409
32577,37850,29403
32624,37820,29429
32660,37850,29439
32688,37835,29461
32792,37820,29506
32784,37821,29527
32644,37814,29521
32548,37858,29550
32528,37860,29564
32548,37863,29575
32616,37853,29656
32560,37861,29640
32548,37850,29668
32560,37847,29713
32556,37822,29735
32592,37842,29748
32568,37848,29804
32596,37845,29837
32632,37831,29858
32669,37855,29927
32612,37860,29924
32535,37855,29966
32528,37849,30040
32548,37839,30053
32520,37821,30102
32520,37840,30156
32526,37807,30189
32541,37815,30262
32573,37842,30304
32596,37839,30367
32621,37863,30407
32616,37852,30471
32676,37847,30539
32716,37837,30596
32672,37820,30663
32624,37851,30727
32572,37847,30786
32540,37855,30855
32556,37837,30940
32572,37861,30999
32580,37863,31065
32616,37817,31148
32639,37855,31206
32661,37828,31273
32700,37851,31354
32641,37845,31433
32520,37853,31508
32464,37863,31575
32404,37869,31645
32316,37830,31703
32262,37831,31789
32310,37831,31870
32320,37861,31896
32332,37841,32019
32328,37831,32071
32366,37853,32108
32480,37867,32224
32588,37831,32288
32652,37863,32341
32720,37855,32407
32768,37847,32504
32588,37868,32587
32394,37871,32605
32352,37863,32721
32337,37821,32796
32381,37852,32813
32509,37853,32935
32632,37875,33004
32761,37868,33093
32892,37868,33105
32984,37863,33205
33078,37856,33287
33088,37850,33309
33096,37839,33467
33036,37863,33525
33036,37831,33522
33028,37855,33644
32996,37844,33756
32988,37871,33809
32993,37831,33919
33036,37863,33895
33040,37852,34047
32972,37871,34141
32948,37863,34210
32904,37860,34224
32828,37816,34292
32812,37855,34423
32840,37849,34505
32872,37845,34537
32840,37862,34618
32812,37863,34726
32821,37865,34823
32864,37851,34779
32840,37858,34964
32796,37855,35061
32812,37806,35021
32812,37836,35208
32832,37852,35252
32884,37843,35281
32968,37869,35356
33016,37871,35473
33021,37865,35589
32908,37871,35581
32824,37839,35605
32824,37857,35795
32856,37863,35847
32824,37831,35956
32816,37876,35901
32872,37869,36018
32904,37863,36127
32953,37863,36241
32996,37879,36202
32964,37878,36370
32904,37863,36429
32854,37848,36417
32917,37863,36614
32980,37873,36655
32980,37869,36767
32853,37857,36702
32730,37893,36892
32576,37894,36944
32310,37871,36970
31932,37887,36988
31737,37863,37212
31680,37877,37218
31814,37833,37306
32092,37842,37327
32503,37878,37359
33140,37868,37585
33722,37888,37581
34340,37895,37711
35224,37892,37659
36500,37874,37805
38208,37868,37885
40252,37859,37852
42156,37853,37995
43844,37847,38079
45528,37849,38164
46856,37852,38241
47532,37863,38176
47512,37863,38276
46288,37856,38487
44140,37879,38496
42020,37871,38599
39988,37887,38521
37568,37895,38692
35264,37903,38738
33792,37917,38844
33056,37868,38929
32628,37905,38839
32365,37894,39015
32057,37880,39042
31808,37895,39165
31556,37895,39109
31432,37895,39248
31400,37855,39393
31344,37895,39375
31369,37892,39511
31396,37893,39421
31364,37908,39573
31440,37917,39632
31480,37873,39700
31420,37895,39793
31392,37884,39876
31232,37879,39868
31008,37895,39967
30960,37885,40015
31020,37895,39898
31092,37887,39972
31104,37895,40071
31103,37915,40244
31173,37871,40210
31296,37895,40310
31324,37892,40268
31264,37877,40257
31188,37911,40357
31306,37894,40543
31413,37895,40581
31498,37908,40599
31492,37925,40646
31392,37919,40711
31364,37895,40583
31428,37895,40748
31444,37895,40850
31471,37887,40932
31552,37895,40963
31564,37895,40902
31668,37924,40929
31796,37911,41038
31852,37919,40943
31880,37883,41192
31896,37908,41220
31940,37895,41220
31969,37919,41271
31942,37884,41369
31928,37895,41420
31940,37882,41260
31936,37895,41316
31880,37919,41420
31972,37895,41589
32141,37924,41668
32304,37917,41767
32437,37884,41821
32428,37911,41761
32388,37877,41844
32066,37895,41929
31924,37889,41973
31972,37884,41795
32072,37925,41912
32133,37873,42108
32144,37895,42165
32172,37927,42215
32253,37913,42187
32336,37885,42181
32377,37916,42247
32352,37875,42311
32412,37895,42343
32521,37919,42388
32585,37931,42439
32557,37895,42239
32572,37926,42364
32570,37902,42503
32525,37927,42503
32638,37918,42551
32768,37904,42631
32804,37918,42662
32826,37895,42692
32852,37927,42711
32832,37887,42484
32832,37919,42559
33188,37916,42705
33384,37908,42821
33438,37929,42743
33516,37887,42815
33452,37903,42857
33276,37935,42631
33102,37885,42725
32964,37919,42687
33056,37948,42713
33216,37940,42746
33344,37919,42725
33485,37947,42759
33700,37924,42903
33732,37913,42977
33612,37932,42892
33462,37934,42990
33288,37937,42789
33316,37928,42975
33420,37923,43031
33532,37951,42927
33652,37921,43035
33716,37915,42825
33720,37925,43015
33664,37935,42992
33524,37927,42927
33452,37919,42998
33552,37913,43079
33732,37945,43002
33828,37907,43045
33820,37943,43091
33736,37941,42871
33512,37927,43071
33348,37940,43063
33061,37928,43102
33004,37934,42911
32960,37914,42900
32988,37892,43127
32996,37929,43140
32869,37921,43063
32716,37929,43124
32584,37924,43009
32529,37941,43143
32472,37921,43060
32436,37911,43151
32334,37924,42916
32197,37919,43045
32196,37915,43116
32240,37939,43143
32228,37928,43143
32264,37900,42964
32229,37911,43183
32060,37911,43119
31946,37927,43174
31884,37924,42963
31620,37926,43177
31508,37883,43173
31448,37917,43095
31450,37895,43199
31570,37895,42953
31708,37884,43166
31768,37924,43214
31820,37895,43223
31772,37881,43232
31716,37895,43204
31784,37889,43143
31752,37895,43229
31660,37879,43229
31712,37895,43244
31648,37895,43237
31460,37887,43041
31532,37887,43087
31724,37905,43092
31816,37865,43212
31940,37883,43268
31976,37870,43291
31940,37885,43292
32026,37885,43271
31970,37840,43292
31816,37844,43255
31664,37895,43271
31620,37874,43318
31705,37879,43300
31884,37881,43121
31868,37884,43117
31860,37838,43157
31905,37887,43380
32008,37870,43407
32056,37875,43362
32068,37868,43407
32160,37895,43452
32233,37892,43229
32288,37894,43399
32320,37845,43495
32316,37877,43447
32096,37857,43464
31912,37883,43525
31973,37887,43582
32044,37847,43588
32172,37881,43389
32368,37877,43527
32462,37871,43662
32488,37868,43617
32476,37879,43701
32316,37873,43740
32356,37862,43557
32448,37862,43565
32364,37857,43729
32292,37860,43797
32229,37855,43854
32286,37853,43881
32344,37855,43717
32441,37849,43924
32512,37871,43976
32568,37875,43918
32481,37861,44007
32414,37863,44039
32365,37855,44100
32272,37860,43887
32344,37854,43971
32436,37839,44132
32400,37883,44205
32456,37869,44183
32548,37865,44268
32628,37863,44039
32740,37836,44212
32644,37854,44335
32652,37857,44311
32628,37852,44319
32548,37842,44409
32433,37890,44455
32480,37831,44276
32556,37871,44270
32494,37854,44504
32576,37847,44479
32677,37833,44542
32664,37855,44380
32604,37861,44540
32580,37868,44647
32628,37871,44600
32606,37865,44695
32600,37853,44499
32529,37848,44727
32357,37855,44733
32386,37845,44594
32384,37839,44834
32360,37863,44792
32465,37830,44897
32524,37846,44828
32596,37879,44941
32612,37874,44977
32558,37885,44791
32568,37845,44952
32561,37868,45077
32504,37868,45087
32444,37839,45149
32452,37845,44967
32480,37847,45183
32448,37845,45173
32460,37871,45255
32468,37877,45057
32484,37839,45233
32432,37865,45332
32384,37855,45297
32396,37847,45389
32369,37824,45257
32368,37869,45429
32380,37841,45413
32328,37843,45478
32284,37865,45328
32341,37879,45518
32384,37862,45493
32340,37853,45357
32352,37851,45548
32376,37846,45514
32360,37842,45601
32344,37861,45388
32324,37863,45543
32384,37845,45631
32504,37864,45589
32584,37869,45655
32596,37867,45432
32630,37855,45575
32676,37870,45661
32668,37878,45616
32692,37837,45661
32645,37833,45548
32704,37839,45628
32774,37835,45637
32833,37844,45479
32834,37846,45617
32912,37871,45575
32956,37877,45596
33008,37861,45349
33024,37863,45536
33021,37852,45460
33004,37837,45493
32952,37877,45293
32925,37877,45447
32924,37877,45369
32927,37861,45167
32876,37871,45289
32856,37861,45284
32824,37869,45253
32848,37869,45012
32893,37869,45126
32887,37858,45125
32886,37867,45063
32888,37845,44972
32897,37855,44773
32932,37871,44820
32957,37843,44780
32904,37869,44828
32916,37862,44700
33016,37837,44732
33037,37815,44460
33032,37822,44589
33008,37853,44455
33012,37844,44444
33032,37839,44204
33045,37863,44312
33072,37869,44178
33084,37847,44197
33061,37839,43901
33044,37852,44039
32984,37845,43901
32968,37831,43911
32972,37847,43607
32927,37853,43679
32960,37835,43696
33088,37849,43548
33084,37855,43559
33005,37840,43425
32908,37848,43364
32814,37834,43106
32773,37839,43077
32677,37853,43233
32496,37844,43055
32304,37845,43078
32076,37845,42785
31876,37847,42848
31839,37861,42917
32034,37863,42783
32348,37863,42595
32804,37828,42567
33418,37834,42674
34086,37848,42599
34824,37837,42325
35836,37842,42503
37168,37833,42404
38964,37828,42397
41076,37844,42188
43020,37839,42333
44692,37830,42164
46364,37815,42124
47660,37808,42085
48434,37821,42101
48264,37829,41849
46768,37839,41952
44188,37853,41949
41360,37865,41909
38744,37870,41689
36388,37873,41676
34404,37880,41863
33156,37887,41696
32501,37887,41729
32268,37832,41724
32118,37871,41689
32061,37876,41460
31956,37875,41647
31753,37868,41508
31588,37890,41543
31452,37895,41503
31386,37887,41397
31332,37853,41429
31280,37885,41191
31200,37863,41235
31192,37861,41340
31216,37861,41229
31193,37891,41215
31202,37886,40967
31176,37855,40967
31140,37828,41123
31076,37862,40989
31072,37855,40988
31056,37865,40743
31080,37867,40812
31156,37821,40859
31186,37861,40711
31176,37860,40709
31188,37878,40484
31212,37887,40641
31216,37890,40471
31212,37876,40519
31228,37823,40273
31266,37868,40327
31296,37868,40295
31328,37865,40325
31336,37853,40190
31380,37877,40252
31466,37881,40206
31488,37886,40085
31516,37861,40121
31500,37850,39919
31488,37837,39974
31504,37875,40055
31565,37863,39972
31628,37855,39964
31682,37823,39780
31751,37879,39961
31781,37827,39870
31825,37851,39872
31856,37863,39708
31872,37855,39746
31908,37847,39783
31897,37843,39804
31900,37831,39644
31902,37863,39789
31924,37874,39712
31972,37826,39732
32028,37879,39548
32020,37862,39687
32028,37855,39644
32044,37875,39552
32048,37853,39581
32049,37839,39572
32014,37863,39412
32020,37871,39544
32076,37876,39423
32128,37837,39470
32192,37834,39372
32196,37879,39420
32212,37871,39300
32250,37861,39321
32252,37847,39303
32277,37876,39117
32312,37879,39103
32356,37877,39182
32433,37867,39154
32453,37862,39065
32440,37895,39052
32477,37884,39030
32485,37868,39017
32528,37894,39009
32560,37861,38975
32562,37871,38791
32613,37877,38761
32648,37885,38860
32704,37893,38828
32772,37860,38796
32816,37895,38706
32829,37895,38639
32852,37885,38628
32916,37879,38619
32932,37895,38439
32932,37895,38389
32984,37868,38372
33046,37857,38483
33108,37895,38420
33180,37895,38303
33220,37895,38301
33238,37919,38161
33252,37919,38111
33257,37870,38070
33292,37895,38081
33304,37895,38104
33280,37892,38020
33334,37884,38021
33372,37895,37852
33380,37873,37828
33356,37918,37866
33321,37927,37825
33320,37916,37818
33320,37911,37630
33296,37862,37605
33284,37895,37617
33272,37890,37653
33248,37895,37543
33188,37916,37535
33136,37926,37524
33061,37925,37327
32976,37919,37344
32872,37895,37402
32748,37869,37330
32676,37863,37221
32550,37871,37161
32440,37895,37215
32364,37893,37197
32260,37892,37115
32216,37916,37085
32161,37877,37052
32116,37913,37031
32024,37895,37012
31940,37919,36980
31916,37873,36937
31820,37895,36777
31760,37893,36860
31740,37885,36850
31772,37889,36763
31744,37886,36644
31740,37879,36716
31724,37908,36695
31652,37876,36615
31620,37879,36508
31564,37863,36445
31528,37883,36478
31572,37885,36476
31608,37879,36487
31672,37890,36329
31636,37893,36426
31680,37895,36364
31720,37895,36268
31712,37895,36303
31732,37890,36244
31698,37837,36256
31648,37869,36103
31633,37869,36103
31644,37863,36144
31640,37887,36093
31670,37849,36064
31685,37877,35984
31696,37877,35941
31648,37889,35896
31680,37876,35831
31716,37863,35847
31760,37847,35884
31768,37867,35847
31750,37873,35803
31752,37830,35804
31776,37869,35700
31837,37863,35647
31812,37855,35662
31841,37871,35703
31884,37863,35669
31885,37860,35652
31876,37853,35652
31900,37845,35519
31932,37863,35477
31968,37858,35452
32012,37871,35452
32046,37863,35521
32064,37852,35501
32044,37876,35453
32032,37845,35431
32036,37859,35421
32025,37852,35412
32056,37860,35387
32092,37869,35276
32080,37843,35238
32108,37876,35199
32108,37877,35256
32148,37860,35247
32165,37863,35225
32208,37868,35215
32252,37842,35127
32296,37839,35055
32348,37861,35164
32324,37850,35108
32312,37883,35110
32270,37885,34999
32240,37893,34975
32220,37894,35021
32224,37859,35034
32252,37841,34993
32300,37871,34961
32308,37869,34946
32312,37863,34957
32372,37869,34815
32404,37865,34879
32448,37863,34891
32454,37895,34887
32448,37885,34848
32464,37865,34847
32436,37887,34823
32460,37871,34812
32468,37869,34788
32436,37885,34784
32453,37879,34765
32480,37863,34739
32480,37855,34711
32484,37894,34701
32500,37855,34703
32548,37881,34585
32528,37870,34581
32474,37853,34653
32488,37868,34615
32510,37879,34605
32540,37861,34540
32572,37885,34471
32620,37877,34549
32620,37871,34544
32628,37871,34512
32608,37859,34514
32609,37888,34499
32592,37847,34501
32572,37859,34484
32592,37863,34480
32617,37883,34475
32580,37863,34468
32588,37836,34356
32613,37882,34444
32612,37885,34407
32640,37866,34425
32640,37865,34345
32633,37853,34342
32656,37845,34401
32696,37842,34375
32717,37873,34381
32737,37861,34376
32780,37839,34388
32756,37881,34317
32724,37884,34324
32692,37881,34359
32656,37867,34325
32620,37862,34337
32640,37847,34275
32624,37877,34268
32576,37863,34221
32536,37871,34215
32542,37863,34253
32518,37895,34306
32476,37878,34272
32409,37837,34287
32332,37884,34181
32305,37839,34201
32324,37876,34237
32308,37868,34247
32340,37881,34249
32396,37887,34240
32413,37873,34213
32388,37893,34207
32416,37874,34205
32428,37895,34194
32451,37855,34188
32478,37879,34183
32500,37870,34183
32548,37887,34183
32616,37893,34080
32660,37869,34063
32716,37895,34068
32749,37889,34095
32752,37879,34084
32768,37895,34119
32784,37895,34123
32784,37895,34112
32904,37877,34140
32950,37884,34043
32987,37893,34084
33056,37885,34114
33096,37869,34114
33120,37895,34085
33084,37881,34078
33054,37861,34084
33005,37889,34100
32965,37876,33990
32932,37863,34082
32940,37863,34063
32948,37878,34079
32961,37871,33973
32968,37887,34063
32992,37857,34055
32980,37855,33951
32956,37853,34031
32965,37853,34020
32964,37845,33967
32980,37871,33939
32973,37860,34007
32936,37869,33985
32952,37876,33991
32932,37879,33886
32972,37883,33966
32972,37887,33949
32976,37885,33878
32957,37885,33943
32909,37876,33943
32892,37887,33871
32900,37885,33900
32928,37887,33827
32932,37884,33900
32956,37895,33892
32968,37895,33792
32960,37895,33872
32936,37891,33805
32929,37890,33826
32912,37884,33838
32924,37851,33842
32964,37885,33748
32956,37879,33825
32964,37876,33804
32952,37853,33745
32836,37895,33751
32684,37889,33791
32412,37858,33789
32068,37892,33703
31756,37879,33752
31525,37870,33751
31452,37873,33719
31536,37895,33715
31684,37919,33743
32132,37911,33705
32664,37895,33747
33216,37921,33733
34080,37895,33734
35616,37895,33654
37668,37885,33703
40124,37887,33731
42840,37878,33700
45632,37869,33718
48304,37863,33656
50505,37864,33640
52048,37863,33693
52864,37857,33697
52592,37842,33620
50932,37847,33695
48692,37854,33676
46109,37860,33657
43304,37876,33670
40100,37895,33604
37389,37905,33637
35616,37924,33668
34308,37895,33679
33452,37895,33607
32729,37877,33669
32112,37895,33682
31620,37895,33639
31264,37895,33615
31072,37895,33668
30930,37876,33687
30808,37924,33681
30724,37928,33703
30658,37939,33619
30533,37893,33628
30433,37933,33671
30356,37926,33671
30300,37923,33598
30204,37871,33647
30165,37893,33655
30176,37864,33556
30155,37919,33591
30162,37883,33596
30200,37885,33582
30220,37923,33588
30236,37892,33495
30228,37925,33557
30249,37923,33543
30244,37909,33500
30220,37909,33460
30253,37918,33523
30305,37917,33493
30382,37911,33493
30424,37933,33476
30484,37941,33489
30516,37887,33394
30544,37924,33405
30518,37918,33463
30532,37915,33441
30602,37895,33449
30656,37920,33458
30664,37941,33385
30708,37929,33404
30752,37919,33396
30764,37943,33415
30798,37925,33423
30836,37907,33426
30848,37926,33441
30876,37919,33429
30896,37885,33420
30916,37927,33476
30985,37924,33507
31052,37932,33509
31064,37927,33513
31084,37955,33524
31100,37941,33518
31092,37924,33535
31096,37941,33543
31136,37919,33511
31125,37955,33478
31152,37895,33477
31198,37935,33524
31236,37949,33546
31294,37922,33540
31316,37962,33575
31364,37910,33576
31428,37951,33572
31428,37925,33557
31457,37958,33572
31456,37953,33568
31518,37959,33589
31558,37929,33574
31604,37938,33581
31588,37964,33573
31624,37952,33563
31636,37973,33581
31680,37919,33567
31688,37967,33567
31664,37959,33576
31660,37932,33580
31708,37971,33580
31773,37959,33568
31848,37956,33560
31889,37973,33572
31928,37975,33556
32004,37967,33541
32013,37977,33527
32036,37968,33527
32072,37970,33514
32141,37959,33510
32208,37959,33502
32312,37989,33428
32353,37997,33407
32376,37974,33428
32357,37989,33445
32360,37971,33431
32420,37977,33415
32448,37964,33393
32485,37967,33377
32545,37978,33359
32576,37991,33335
32648,37990,33330
32664,37983,33313
32684,38007,33301
32692,37964,33287
32677,37981,33280
32688,37993,33263
32812,37989,33262
32832,37991,33214
32836,37978,33159
32848,37983,33181
32858,37997,33196
32872,38001,33183
32900,38000,33167
32876,37982,33149
32892,37997,33133
32896,37975,33137
32852,37983,33131
32796,37975,33061
32733,37969,33071
32656,37997,33090
32612,37951,33084
32573,37981,33078
32508,37996,33060
32488,37989,33028
32424,37979,33030
32356,37988,33012
32288,37979,33006
32212,37959,32998
32119,37957,32937
32072,37991,32980
32060,37983,32972
32044,37941,32956
32032,37980,32948
31998,37970,32896
31912,37959,32873
31872,37946,32903
31816,37975,32902
31796,37971,32892
31820,37971,32847
31870,37972,32855
31908,37932,32855
31924,37956,32847
31884,37954,32841
31860,37981,32836
31870,37951,32785
31860,37949,32767
31900,37919,32804
31853,37949,32796
31813,37917,32789
31848,37941,32748
31908,37932,32719
31938,37963,32716
31936,37930,32709
31973,37943,32684
32008,37956,32700
32016,37910,32713
32028,37949,32693
32032,37951,32658
32032,37941,32661
32072,37938,32677
32096,37935,32669
32124,37951,32660
32159,37951,32605
32158,37943,32623
32168,37927,32612
32160,37923,32643
32149,37932,32646
32110,37919,32633
32108,37895,32645
32140,37933,32600
32164,37917,32659
32212,37927,32658
32224,37948,32638
32249,37892,32626
32263,37935,32616
32244,37915,32634
32237,37933,32669
32228,37933,32676
32241,37895,32661
32280,37936,32647
32284,37935,32632
32301,37912,32663
32301,37947,32679
32341,37943,32684
32340,37935,32642
32320,37929,32692
32345,37917,32665
32412,37908,32679
32404,37919,32628
32388,37919,32669
32416,37916,32663
32442,37935,32639
32432,37941,32637
32425,37895,32671
32449,37895,32668
32448,37916,32687
32424,37919,32646
32396,37895,32703
32400,37893,32692
32422,37925,32711
32446,37934,32682
32464,37943,32732
32496,37916,32722
32509,37935,32737
32512,37908,32710
32588,37909,32730
32557,37895,32751
32540,37925,32773
32540,37927,32759
32528,37926,32765
32557,37935,32775
32536,37916,32789
32560,37943,32756
32557,37943,32747
32570,37935,32764
32550,37911,32797
32576,37921,32821
32586,37933,32808
32577,37887,32815
32627,37909,32820
32622,37914,32837
32668,37945,32839
32712,37927,32859
32717,37892,32803
32709,37927,32815
32740,37916,32841
32741,37895,32864
32716,37895,32857
32748,37931,32887
32736,37879,32893
32748,37924,32856
32760,37895,32869
32804,37939,32862
32836,37927,32861
32804,37923,32873
32781,37916,32933
32728,37919,32924
32750,37908,32935
32775,37895,32937
32796,37923,32944
32800,37909,32951
32768,37921,32951
32760,37895,32953
32792,37911,32972
32793,37914,32977
32750,37909,32976
32756,37878,32968
32794,37903,32987
32828,37892,32996
32796,37861,32997
32712,37894,33004
32668,37895,32957
32668,37877,32956
32640,37918,32961
32575,37859,32988
32516,37887,33005
32464,37873,33031
32462,37893,33031
32444,37865,33015
32432,37871,32979
32444,37894,33020
32456,37895,33040
32484,37895,33070
32517,37871,33048
32548,37894,33062
32528,37879,33099
32584,37851,33089
32632,37867,33088
32635,37869,33092
32688,37887,33110
32725,37868,33119
32736,37885,33129
32784,37863,33100
32796,37889,33077
32741,37855,33078
32760,37884,33084
32822,37845,33076
32900,37871,33090
32980,37863,33135
33040,37861,33137
33056,37879,33175
33108,37869,33177
33112,37857,33172
33080,37859,33164
33057,37877,33173
32968,37830,33180
32936,37857,33183
32933,37847,33191
32964,37867,33199
32960,37836,33199
32952,37860,33212
32940,37860,33166
32938,37865,33135
32956,37869,33140
32928,37826,33169
32909,37852,33185
32908,37829,33202
32912,37855,33207
32969,37851,33219
32984,37839,33216
32976,37863,33234
32988,37860,33227
33016,37847,33213
33032,37844,33227
32968,37841,33228
32958,37847,33225
32956,37812,33213
32940,37828,33207
32910,37823,33197
32940,37847,33193
32996,37807,33196
32977,37843,33207
32977,37829,33148
32986,37857,33139
32988,37819,33134
32984,37834,33113
32996,37820,33148
33008,37845,33180
32988,37831,33180
32972,37823,33159
32992,37846,33151
32992,37851,33112
33000,37859,33085
32924,37839,33139
32768,37831,33150
32468,37847,33137
32100,37839,33132
31760,37823,33119
31532,37855,33133
31508,37823,33125
31630,37807,33061
31772,37847,33101
32182,37844,33117
32672,37867,33114
33208,37847,33107
34046,37852,33103
35600,37830,33115
37688,37844,33061
40112,37836,33039
42789,37824,33022
45612,37815,33063
48356,37812,33086
50656,37810,33087
52312,37791,33071
53160,37789,33085
52920,37788,33085
51335,37793,33023
49100,37783,33010
46493,37801,33001
43608,37820,33031
40332,37827,33047
37565,37848,33033
35736,37855,33036
34409,37847,33052
33416,37863,33019
32628,37857,33012
31980,37846,33016
31512,37831,33061
31184,37868,33102
30960,37821,33097
30860,37860,33087
30728,37851,33108
30640,37884,33113
30524,37882,33113
30412,37853,33109
30284,37847,33104
30164,37820,33046
30127,37847,33037
30096,37863,33031
30056,37856,33087
30044,37860,33080
30032,37887,33049
30037,37831,33036
30080,37847,33047
30112,37861,33028
30148,37863,33020
30104,37875,33013
30100,37815,33002
30121,37848,32968
30156,37843,32950
30212,37878,32917
30242,37812,32923
30304,37863,32919
30320,37847,32905
30320,37875,32903
30356,37847,32903
30408,37839,32923
30428,37833,32924
30453,37832,32942
30512,37869,32929
30580,37850,32927
30648,37869,32919
30672,37857,32935
30704,37847,32940
30752,37870,32954
30768,37869,32893
30797,37867,32940
30800,37852,32964
30784,37847,32967
30817,37839,32982
30820,37867,32928
30864,37863,32991
30928,37855,33017
30936,37837,32999
30960,37855,33027
30988,37809,32995
31040,37847,32982
31092,37837,33012
31118,37863,33055
31128,37837,33084
31132,37860,33080
31173,37857,33109
31202,37847,33055
31221,37845,33105
31220,37831,33117
31260,37854,33155
31325,37863,33095
31420,37859,33088
31408,37815,33175
31401,37809,33168
31444,37823,33124
31484,37855,33143
31472,37863,33189
31496,37845,33181
31584,37847,33129
31585,37829,33215
31636,37860,33196
31656,37853,33183
31736,37852,33185
31812,37861,33198
31853,37871,33220
31908,37831,33173
31957,37863,33149
31997,37857,33208
32032,37855,33207
32052,37839,33217
32080,37812,33225
32088,37823,33140
32140,37871,33136
32204,37868,33175
32229,37863,33178
32302,37862,33196
32364,37833,33174
32408,37879,33156
32493,37834,33155
32536,37859,33111
32588,37846,33087
32612,37844,33062
32632,37830,33125
32688,37863,33100
32737,37867,33039
32816,37872,33062
32824,37847,33063
32856,37870,33047
32868,37859,33020
32878,37842,33023
32910,37865,33017
32926,37823,32957
32925,37849,32929
32966,37845,32918
32997,37871,32924
33057,37857,32948
33032,37871,32928
33032,37861,32919
33020,37851,32910
32924,37862,32861
32881,37860,32838
32856,37869,32868
32808,37852,32853
32768,37831,32813
32720,37879,32804
32704,37853,32788
32660,37862,32714
32584,37854,32698
32486,37867,32736
32409,37860,32699
32328,37863,32692
32308,37860,32628
32192,37841,32629
32152,37821,32597
32064,37876,32559
31988,37839,32581
31969,37857,32581
31927,37871,32573
31868,37840,32539
31845,37861,32519
31836,37847,32518
31820,37828,32503
31808,37863,32457
31828,37829,32417
31860,37847,32417
31836,37863,32391
31824,37873,32399
31870,37851,32429
31861,37831,32404
31858,37849,32412
31856,37853,32403
31820,37860,32341
31784,37814,32343
31789,37846,32364
31816,37863,32373
31845,37871,32347
31901,37861,32343
31908,37844,32294
31916,37847,32295
31973,37861,32317
31944,37855,32310
31932,37855,32293
31972,37840,32285
32006,37863,32281
32048,37863,32246
32054,37863,32224
32085,37865,32210
32112,37842,32227
32096,37837,32249
32071,37861,32225
32084,37860,32223
32081,37848,32217
32111,37863,32212
32132,37864,32221
32124,37828,32186
32192,37871,32170
32225,37852,32167
32236,37881,32218
32216,37842,32214
32200,37853,32198
32180,37851,32210
32196,37844,32172
32228,37838,32189
32248,37857,32183
32270,37825,32193
32304,37855,32195
32309,37828,32188
32296,37845,32180
32310,37816,32175
32336,37853,32172
32332,37835,32119
32348,37853,32129
32370,37823,32106
32401,37845,32100
32440,37839,32109
32472,37863,32119
32492,37823,32143
32511,37847,32143
32522,37839,32129
32512,37855,32121
32553,37847,32098
32559,37836,32093
32544,37814,32133
32576,37831,32127
32608,37849,32125
32576,37841,32132
32560,37855,32103
32526,37863,32093
32564,37847,32116
32577,37841,32134
32566,37831,32137
32584,37826,32140
32623,37849,32141
32640,37853,32127
32652,37854,32103
32672,37850,32131
32700,37852,32156
32741,37840,32165
32772,37863,32153
32760,37836,32159
32738,37836,32161
32740,37845,32169
32736,37855,32169
32780,37852,32173
32762,37828,32148
32752,37845,32148
32760,37847,32151
32768,37833,32187
32772,37861,32190
32768,37854,32189
32776,37829,32194
32772,37855,32196
32768,37807,32209
32772,37855,32204
32810,37863,32212
32836,37828,32212
32788,37852,32217
32773,37861,32217
32729,37852,32214
32712,37830,32221
32712,37857,32218
32732,37828,32231
32780,37837,32202
32776,37836,32199
32784,37862,32199
32792,37858,32251
32796,37821,32230
32825,37847,32233
32806,37857,32250
32800,37823,32208
32804,37839,32197
32800,37831,32196
32796,37852,32210
32821,37863,32247
32816,37844,32242
32844,37839,32238
32854,37863,32236
32836,37855,32253
32836,37837,32239
32800,37844,32212
32848,37853,32199
32822,37851,32245
32808,37836,32244
32848,37829,32241
32860,37826,32253
32828,37847,32252
32798,37855,32226
32780,37844,32208
32793,37823,32254
32776,37826,32261
32761,37836,32263
32776,37822,32263
32840,37855,32252
32832,37831,32253
32832,37853,32220
32836,37845,32239
32841,37861,32263
32832,37853,32258
32840,37850,32252
32832,37844,32263
32856,37831,32239
32877,37853,32228
32864,37849,32223
32868,37834,32217
32860,37869,32203
32860,37855,32201
32889,37824,32204
32884,37847,32190
32886,37847,32207
32880,37835,32229
32900,37847,32220
32948,37849,32214
32928,37845,32199
32936,37819,32197
32940,37829,32196
32964,37847,32201
32941,37842,32172
32920,37863,32149
32873,37813,32173
32810,37841,32169
32788,37829,32153
32765,37853,32156
32724,37855,32157
32705,37843,32143
32673,37863,32135
32636,37862,32103
32632,37857,32097
32656,37871,32089
32693,37830,32071
32708,37841,32055
32689,37843,32061
32712,37854,32087
32712,37863,32071
32736,37860,32062
32756,37855,32053
32812,37876,32039
32836,37836,32037
32896,37861,32025
32944,37871,32007
32992,37853,32005
32981,37854,31975
32984,37844,31951
32968,37841,31968
33016,37869,31981
33036,37831,31961
33156,37860,31956
33248,37847,31951
33328,37869,31911
33348,37844,31916
33284,37851,31927
33256,37852,31910
33228,37803,31884
33224,37842,31873
33196,37868,31873
33156,37860,31849
33140,37845,31849
33125,37862,31865
33124,37861,31844
33124,37862,31840
33120,37837,31830
33104,37852,31832
33060,37849,31819
33049,37831,31789
33054,37845,31808
33076,37847,31808
33104,37860,31793
33132,37869,31798
33144,37845,31766
33110,37854,31756
33148,37836,31791
33145,37831,31751
33128,37836,31751
33104,37830,31751
33104,37857,31773
33084,37855,31770
33080,37844,31759
33086,37821,31763
33128,37852,31762
33108,37805,31751
33112,37831,31751
33088,37816,31751
33061,37833,31751
33052,37807,31751
33076,37828,31743
33092,37845,31749
33101,37828,31751
33092,37837,31747
33103,37843,31743
33084,37823,31744
33060,37828,31742
33030,37814,31744
32937,37826,31719
32769,37824,31721
32504,37839,31708
32198,37820,31722
31898,37844,31731
31700,37832,31714
31712,37845,31724
31844,37824,31735
32000,37842,31738
32482,37789,31743
32953,37827,31725
33572,37852,31718
34524,37847,31719
36100,37851,31716
38126,37831,31721
40452,37837,31744
42920,37824,31750
45484,37806,31741
47920,37801,31700
49888,37791,31732
51232,37783,31721
51808,37797,31751
51294,37791,31749
49584,37807,31733
47412,37812,31733
44928,37825,31726
42086,37833,31724
39012,37844,31726
36688,37851,31735
35168,37818,31751
34060,37845,31721
33285,37826,31730
32596,37862,31748
32064,37846,31751
31656,37858,31764
31400,37865,31773
31212,37825,31764
31100,37853,31751
31016,37824,31759
30832,37837,31751
30676,37844,31751
30600,37820,31737
30596,37869,31725
30558,37868,31704
30508,37855,31689
30468,37863,31682
30428,37863,31668
30372,37879,31640
30373,37863,31605
30365,37841,31579
30360,37825,31556
30366,37862,31545
30392,37865,31556
30432,37855,31535
30456,37863,31509
30516,37863,31502
30534,37863,31458
30564,37857,31445
30560,37879,31423
30608,37849,31407
30692,37860,31408
30729,37877,31381
30748,37849,31359
30772,37831,31332
30772,37871,31301
30797,37848,31287
30828,37883,31286
30876,37886,31277
30853,37855,31254
30898,37827,31239
30942,37860,31229
30960,37863,31218
30996,37860,31212
31036,37885,31199
31052,37887,31191
31120,37876,31175
31136,37869,31148
31142,37873,31148
31140,37885,31140
31184,37862,31135
31186,37857,31128
31220,37879,31111
31276,37825,31103
31280,37873,31087
31320,37883,31077
31328,37879,31063
31340,37847,31038
31372,37884,31044
31396,37877,31032
31425,37860,31019
31456,37855,31007
31496,37857,30980
31536,37863,30983
31560,37860,30964
31565,37884,30940
31592,37894,30949
31620,37891,30940
31660,37895,30925
31660,37877,30918
31688,37869,30901
31712,37877,30903
31788,37868,30891
31880,37887,30860
31900,37887,30876
31960,37879,30863
31936,37863,30845
31924,37895,30836
31908,37895,30835
31944,37888,30813
31968,37895,30794
32028,37893,30796
32056,37895,30766
32064,37894,30755
32117,37895,30745
32213,37865,30728
32314,37895,30703
32361,37860,30684
32425,37890,30686
32472,37875,30661
32509,37871,30633
32556,37862,30601
32549,37895,30569
32608,37859,30552
32684,37895,30527
32765,37895,30524
32812,37912,30505
32844,37919,30444
32896,37863,30432
32932,37905,30396
32916,37895,30381
32916,37895,30351
32964,37895,30315
32997,37895,30287
33024,37894,30276
33064,37914,30246
33084,37924,30201
33112,37916,30164
33104,37895,30136
33104,37892,30100
33152,37914,30066
33076,37895,30029
33076,37877,30010
33084,37919,29999
33070,37908,29970
33072,37895,29912
33033,37920,29878
32992,37885,29836
32944,37895,29810
32868,37895,29764
32808,37885,29773
32676,37887,29733
32564,37895,29693
32476,37913,29647
32408,37913,29624
32312,37923,29580
32240,37905,29575
32192,37895,29532
32136,37895,29488
32076,37880,29445
32033,37895,29435
32020,37895,29413
31975,37905,29362
31940,37909,29319
31916,37904,29293
31904,37895,29246
31880,37917,29159
31836,37903,29233
31796,37895,29119
31780,37879,29086
31796,37892,29113
31760,37884,29015
31746,37883,28960
31768,37857,28973
31784,37849,28903
31800,37889,28851
31833,37863,28831
31877,37853,28745
31840,37889,28701
31836,37884,28676
31869,37879,28662
31900,37879,28530
31916,37873,28481
31952,37875,28464
31969,37873,28389
32004,37876,28312
32008,37873,28241
31968,37865,28213
31980,37863,28162
32024,37853,28060
32036,37887,27993
32052,37849,27926
32068,37823,27890
32112,37871,27876
32128,37871,27717
32136,37870,27687
32136,37869,27575
32128,37861,27607
32101,37861,27505
32116,37871,27405
32109,37874,27329
32112,37876,27393
32144,37855,27271
32140,37868,27164
32144,37869,27088
32159,37860,27023
32184,37861,27029
32196,37860,26898
32214,37861,26804
32218,37860,26884
32248,37845,26722
32304,37853,26712
32324,37858,26535
32348,37863,26464
32370,37827,26543
32340,37863,26337
32324,37839,26278
32276,37844,26252
32280,37857,26244
32340,37851,26097
32368,37832,26015
32376,37841,26028
32364,37853,25988
32320,37863,25854
32335,37863,25754
32448,37863,25801
32500,37847,25632
32436,37875,25618
32396,37852,25521
32488,37842,25500
32456,37836,25407
32493,37853,25530
32500,37863,25340
32496,37869,25290
32512,37871,25337
32545,37876,25233
32570,37841,25106
32572,37865,25076
32549,37862,25009
32516,37845,25021
32516,37847,24913
32550,37847,24775
32572,37863,24866
32596,37864,24746
32636,37843,24668
32668,37827,24615
32673,37868,24505
32720,37854,24447
32712,37843,24320
32737,37843,24424
32726,37867,24215
32696,37826,24175
32616,37855,24120
32652,37844,23967
32684,37876,24067
32648,37870,23842
32674,37831,23820
32716,37869,23680
32697,37860,23781
32720,37863,23586
32736,37839,23500
32768,37831,23575
32736,37871,23396
32810,37869,23329
32812,37834,23238
32832,37869,23238
32832,37868,23099
32840,37859,22971
32840,37852,23127
32852,37847,22864
32852,37839,22774
32808,37842,22925
32824,37844,22684
32829,37861,22574
32860,37852,22569
32852,37863,22445
32860,37879,22585
32878,37884,22385
32860,37884,22335
32868,37871,22178
32867,37860,22310
32888,37852,22105
32872,37863,21980
32848,37846,22166
32860,37841,21939
32876,37865,21919
32877,37853,21767
32900,37879,21692
32904,37876,21807
32884,37827,21785
32846,37863,21586
32852,37842,21589
32853,37851,21428
32816,37850,21615
32816,37853,21392
32845,37855,21281
32900,37879,21282
32868,37879,21372
32842,37861,21187
32864,37815,21183
32884,37854,21058
32832,37842,21216
32772,37839,21035
32780,37871,21004
32804,37861,20903
32806,37844,20965
32829,37868,20913
32860,37859,20761
32800,37849,20971
32776,37863,20796
32796,37860,20772
32768,37853,20607
32760,37847,20807
32786,37844,20653
32788,37871,20521
32800,37857,20740
32800,37861,20585
32816,37849,20523
32824,37839,20397
32805,37863,20636
32778,37846,20598
32756,37841,20413
32796,37837,20407
32832,37857,20298
32828,37867,20453
32824,37859,20341
32788,37865,20335
32824,37858,20291
32773,37868,20209
32784,37818,20403
32740,37845,20240
32740,37836,20250
32788,37861,20156
32834,37868,20245
32776,37869,20229
32756,37868,20120
32736,37820,20317
32748,37863,20149
32788,37842,20133
32744,37855,20294
32704,37844,20119
32676,37838,20026
32645,37871,20176
32672,37863,20087
32620,37863,20129
32632,37831,19989
32580,37857,20208
32540,37845,20108
32457,37836,20066
32416,37848,19973
32380,37832,20014
32372,37841,20139
32368,37837,20188
32428,37861,20061
32464,37839,20054
32440,37847,19922
32440,37857,20106
32492,37849,19997
32497,37837,19943
32501,37836,20091
32522,37833,19978
32592,37830,19991
32656,37822,19991
32703,37849,19979
32712,37855,19901
32758,37864,19956
32768,37831,19997
32784,37857,19929
32788,37846,19855
32764,37833,19869
32804,37863,20043
32888,37853,19911
32996,37855,19849
33092,37853,19796
33120,37836,19869
33076,37869,19967
33032,37816,19887
32988,37855,19851
32964,37847,19744
32908,37835,19929
32852,37827,19876
32829,37851,19824
32836,37859,19861
32824,37815,19727
32830,37849,19862
32860,37839,19972
32828,37859,19832
32832,37861,19861
32856,37841,19733
32809,37830,19781
32813,37829,19951
32789,37828,19821
32792,37821,19746
32812,37824,19889
32849,37836,19910
32864,37847,19840
32864,37847,19868
32866,37820,19769
32868,37831,19828
32812,37807,19976
32776,37801,19890
32764,37819,19935
32772,37826,19919
32784,37815,19820
32824,37825,19820
32840,37817,19884
32830,37835,19880
32817,37791,20094
32790,37820,19937
32712,37821,19915
32722,37805,19833
32728,37815,19987
32752,37825,20037
32748,37822,19917
32785,37828,19820
32816,37831,20013
32688,37821,19915
32484,37804,19847
32224,37807,19823
31908,37791,19883
31602,37823,20012
31416,37767,19969
31448,37809,19905
31524,37804,19919
31724,37829,19840
32200,37828,20066
32722,37807,19954
33340,37831,19900
34248,37812,19916
35752,37824,19918
37700,37799,19977
39972,37783,19848
42532,37789,20065
45124,37793,19940
47520,37792,19965
49496,37766,19881
50864,37778,20008
51548,37775,20096
51172,37772,19989
49612,37780,20060
47512,37780,19940
45104,37787,19959
42364,37805,20177
39316,37818,20072
36936,37827,20036
35368,37828,20125
34137,37820,20281
33226,37829,20143
32404,37839,20213
31775,37846,20182
31304,37808,20127
31012,37828,20333
30804,37791,20278
30729,37799,20340
30669,37844,20245
30560,37833,20444
30472,37829,20429
30381,37828,20425
30329,37815,20323
30241,37822,20609
30172,37837,20439
30120,37839,20478
30108,37843,20480
30113,37839,20493
30100,37823,20543
30084,37791,20439
30102,37785,20705
30116,37837,20551
30109,37821,20618
30112,37807,20503
30145,37816,20616
30181,37824,20812
30236,37809,20802
30293,37799,20682
30320,37829,20732
30344,37839,20655
30374,37821,20880
30366,37799,20798
30372,37812,20777
30412,37799,20836
30434,37817,20745
30512,37796,20777
30560,37799,21066
30548,37812,20902
30616,37815,20909
30688,37813,21135
30740,37809,21019
30748,37805,21061
30744,37811,21063
30760,37791,21181
30776,37821,21177
30776,37807,21141
30800,37799,21236
30812,37813,21185
30860,37805,21182
30872,37827,21468
30920,37828,21375
30962,37791,21348
31001,37811,21325
30984,37799,21533
31047,37796,21441
31112,37800,21516
31124,37822,21443
31148,37812,21645
31165,37789,21606
31196,37820,21517
31270,37815,21796
31280,37807,21698
31264,37823,21652
31269,37817,21677
31313,37779,21758
31341,37781,21889
31392,37815,21815
31436,37809,21846
31489,37807,21784
31542,37821,22009
31597,37798,21997
31612,37836,21911
31620,37815,21894
31630,37830,21922
31652,37831,22119
31726,37791,22020
31797,37820,22082
31844,37821,22042
31870,37810,22217
31888,37815,22132
31948,37831,22078
31980,37823,22260
32024,37814,22163
32052,37799,22169
32148,37830,22129
32192,37827,22272
32217,37797,22390
32260,37805,22222
32292,37831,22285
32316,37823,22201
32348,37836,22188
32408,37836,22437
32512,37805,22307
32536,37823,22277
32584,37821,22201
32624,37823,22437
32644,37823,22256
32728,37815,22232
32776,37815,22342
32750,37823,22335
32792,37796,22284
32804,37836,22279
32761,37827,22239
32784,37805,22447
32816,37799,22365
32852,37799,22280
32848,37796,22323
32888,37823,22232
32924,37819,22333
32952,37821,22478
32944,37828,22399
32932,37827,22350
32952,37801,22309
32920,37813,22308
32868,37801,22422
32860,37815,22313
32832,37827,22260
32732,37801,22509
32640,37781,22339
32576,37829,22383
32476,37820,22300
32372,37823,22279
32340,37823,22468
32287,37777,22461
32220,37798,22398
32124,37809,22373
32032,37818,22330
31997,37828,22424
31952,37797,22545
31894,37796,22381
31824,37807,22433
31833,37799,22353
31776,37812,22503
31741,37783,22528
31725,37757,22403
31732,37807,22366
31672,37767,22576
31574,37797,22427
31528,37779,22401
31552,37796,22610
31576,37789,22468
31578,37788,22459
31584,37767,22484
31616,37759,22567
31621,37799,22476
31608,37752,22419
31622,37788,22669
31604,37783,22483
31664,37789,22455
31680,37775,22663
31720,37767,22537
31728,37789,22469
31736,37791,22712
31751,37788,22533
31728,37759,22597
31754,37767,22500
31773,37751,22599
31784,37775,22670
31762,37789,22589
31784,37741,22629
31812,37767,22591
31844,37751,22559
31840,37767,22802
31858,37756,22669
31840,37767,22633
31860,37759,22627
31904,37756,22761
31928,37764,22745
31952,37767,22741
31960,37767,22821
31972,37780,22845
31964,37733,22752
31948,37759,22751
31934,37754,22750
31952,37740,22930
31973,37735,22816
31988,37737,22785
32036,37741,23015
32044,37759,22840
32080,37781,22830
32108,37767,22820
32101,37743,23017
32101,37756,23032
32096,37751,22935
32094,37701,22971
32113,37743,22896
32144,37743,23118
32182,37727,22973
32216,37733,22940
32204,37761,23013
32228,37755,23035
32212,37703,23015
32224,37740,22969
32253,37733,23164
32257,37730,23101
32289,37725,23083
32312,37725,23169
32341,37719,23086
32348,37709,23092
32352,37725,23311
32360,37705,23143
32372,37743,23109
32396,37739,23330
32396,37737,23228
32416,37711,23268
32420,37703,23183
32424,37735,23423
32428,37741,23308
32464,37735,23236
32534,37731,23460
32500,37725,23350
32488,37708,23399
32473,37747,23367
32498,37735,23372
32508,37741,23397
32540,37708,23503
32565,37732,23478
32580,37722,23439
32572,37725,23486
32580,37749,23439
32574,37739,23654
32560,37728,23548
32544,37711,23580
32533,37748,23492
32572,37743,23717
32570,37729,23581
32557,37716,23583
32584,37749,23620
32616,37737,23770
32608,37729,23653
32600,37741,23643
32572,37743,23845
32584,37748,23792
32565,37707,23738
32560,37731,23804
32564,37719,23734
32600,37712,23911
32628,37719,23860
32629,37711,23795
32632,37748,24027
32632,37735,23883
32656,37735,23951
32648,37719,23927
32612,37713,24007
32605,37735,24123
32616,37735,23975
32618,37735,24045
32632,37733,24023
32644,37711,24004
32640,37757,24229
32668,37743,24144
32652,37735,24104
32672,37725,24124
32644,37743,24191
32612,37703,24171
32617,37732,24153
32624,37727,24340
32621,37751,24333
32652,37718,24253
32665,37755,24323
32690,37735,24295
32716,37748,24287
32712,37751,24438
32694,37749,24464
32704,37717,24413
32714,37725,24402
32712,37739,24537
32716,37735,24636
32724,37732,24499
32716,37729,24568
32684,37757,24576
32692,37757,24605
32704,37759,24658
32720,37706,24601
32713,37711,24824
32700,37729,24836
32724,37727,24739
32740,37747,24792
32733,37762,24748
32732,37757,24775
32752,37703,24988
32740,37755,24868
32729,37737,24919
32692,37734,24887
32644,37730,24999
32665,37719,25089
32700,37749,25132
32705,37753,25041
32726,37751,25037
32724,37759,25114
32716,37743,25095
32764,37727,25144
32792,37741,25265
32824,37741,25175
32758,37740,25249
32736,37735,25219
32744,37733,25375
32740,37727,25396
32728,37724,25315
32728,37743,25361
32736,37733,25351
32775,37729,25379
32792,37717,25409
32796,37732,25445
32768,37687,25621
32776,37709,25650
32780,37727,25688
32820,37711,25699
32792,37732,25724
32780,37732,25716
32776,37732,25734
32796,37711,25811
32800,37725,25818
32833,37719,25712
32840,37703,25783
32824,37698,25885
32844,37685,25788
32829,37712,25855
32801,37719,25831
32864,37721,25981
32812,37703,25940
32777,37729,25921
32796,37717,25936
32816,37719,25959
32775,37709,26090
32736,37711,26042
32696,37681,26078
32660,37708,26055
32622,37680,26215
32600,37702,26076
32597,37725,26101
32588,37709,26176
32639,37692,26183
32656,37700,26220
32680,37687,26178
32664,37709,26236
32633,37719,26268
32640,37721,26328
32628,37684,26389
32652,37723,26287
32705,37711,26344
32728,37695,26311
32792,37716,26476
32832,37719,26349
32877,37709,26371
32896,37686,26465
32900,37695,26441
32889,37700,26461
32896,37708,26492
32908,37703,26520
32948,37697,26508
33012,37709,26481
33072,37711,26639
33100,37692,26531
33164,37685,26533
33184,37703,26625
33164,37682,26710
33153,37711,26609
33076,37675,26601
33040,37696,26631
33008,37709,26652
33012,37713,26645
32976,37701,26719
32920,37672,26789
32924,37692,26831
32970,37693,26834
32946,37679,26791
32964,37701,26749
32940,37708,26773
32948,37691,26816
32976,37684,26780
32964,37701,26908
32968,37670,26946
32972,37676,26887
32952,37671,26853
32968,37687,26907
33013,37699,26919
33052,37649,27004
33100,37692,26965
33086,37685,26945
33152,37701,26959
33140,37668,26946
33119,37685,27085
33100,37671,26993
33048,37686,26999
33056,37683,27032
33104,37665,27108
33130,37695,27041
33132,37675,27092
33168,37703,27065
33172,37701,27183
33212,37669,27117
33228,37676,27141
33204,37680,27142
33184,37669,27138
33140,37687,27263
33064,37671,27270
32900,37671,27212
32668,37694,27253
32389,37688,27260
32096,37681,27271
31928,37693,27369
31972,37695,27293
32056,37685,27319
32325,37674,27335
32842,37657,27399
33332,37687,27387
33956,37673,27389
34938,37701,27526
36420,37665,27457
38285,37672,27476
40388,37663,27485
42640,37644,27570
44864,37624,27521
46978,37621,27565
48656,37620,27540
49756,37623,27648
50220,37618,27673
49636,37630,27625
47948,37630,27613
45900,37636,27736
43672,37637,27668
41016,37647,27692
38208,37639,27727
36200,37655,27816
34916,37663,27736
33976,37649,27764
33293,37663,27816
32732,37671,27828
32252,37668,27847
31884,37660,27935
31688,37671,27879
31528,37663,27874
31392,37661,27954
31308,37639,27941
31248,37639,27945
31225,37653,27999
31170,37668,27999
31112,37639,28029
31034,37639,28065
30964,37635,28054
30904,37655,28047
30812,37639,28029
30716,37623,28132
30697,37656,28091
30716,37661,28087
30752,37631,28067
30786,37649,28097
30834,37653,28151
30837,37639,28095
30903,37632,28117
30928,37660,28100
30928,37654,28219
30921,37639,28197
30912,37637,28149
30920,37631,28158
30957,37652,28152
31044,37660,28228
31076,37663,28185
31098,37639,28199
31114,37604,28271
31140,37639,28213
31140,37639,28230
31136,37631,28289
31136,37627,28268
31134,37628,28271
31152,37635,28350
31208,37639,28323
31264,37638,28388
31316,37639,28364
31360,37631,28357
31356,37627,28415
31384,37621,28414
31424,37621,28484
31392,37629,28479
31412,37623,28513
31460,37655,28575
31492,37655,28551
31552,37661,28624
31520,37669,28577
31577,37670,28610
31656,37668,28705
31669,37647,28666
31712,37609,28668
31716,37631,28745
31710,37639,28712
31748,37639,28747
31758,37639,28826
31766,37631,28786
31822,37676,28786
31860,37671,28845
31884,37620,28874
31932,37639,28850
31972,37639,28868
31980,37639,28941
32004,37661,28892
32052,37639,28911
32025,37669,28981
31997,37639,28947
32050,37668,28975
32108,37679,28983
32140,37667,28983
32161,37652,28991
32172,37660,28991
32188,37661,29062
32250,37639,29020
32304,37639,29033
32356,37649,29061
32410,37653,29059
32466,37672,29033
32516,37682,29031
32516,37681,29087
32549,37679,29045
32580,37673,29045
32668,37673,29069
32708,37639,29037
32760,37637,28999
32820,37673,29063
32881,37679,29009
32948,37669,29007
33004,37657,28988
32992,37667,29009
32986,37649,28981
33006,37639,28951
33040,37639,29001
33092,37671,28933
33140,37669,28943
33210,37679,28900
33261,37685,28965
33273,37684,28885
33240,37689,28899
33264,37677,28938
33286,37667,28871
33272,37668,28852
33272,37668,28892
33282,37673,28847
33284,37671,28836
33260,37679,28849
33260,37679,28831
33225,37684,28823
33175,37673,28781
33127,37660,28803
33040,37659,28815
32980,37639,28777
32948,37671,28750
32853,37663,28821
32775,37671,28738
32728,37671,28754
32620,37683,28724
32556,37687,28718
32487,37676,28742
32421,37637,28689
32372,37669,28679
32236,37655,28645
32140,37662,28706
32072,37669,28677
32040,37635,28640
32001,37631,28687
31960,37624,28629
31957,37652,28615
31924,37660,28596
31872,37661,28571
31876,37666,28559
31839,37671,28541
31852,37661,28604
31828,37657,28557
31789,37660,28577
31816,37663,28527
31856,37651,28516
31881,37669,28564
31888,37671,28517
31901,37671,28541
31924,37629,28535
31933,37621,28503
31932,37604,28504
31904,37613,28478
31920,37599,28455
31933,37636,28517
31952,37639,28457
31992,37639,28423
31996,37613,28506
32002,37639,28442
32032,37634,28445
32013,37629,28397
31988,37629,28477
31968,37617,28397
32040,37621,28412
32100,37625,28431
32108,37627,28410
32108,37645,28404
32120,37663,28383
32109,37652,28423
32148,37639,28445
32176,37635,28410
32108,37607,28406
32132,37636,28433
32164,37627,28492
32212,37629,28433
32248,37655,28433
32276,37651,28460
32264,37653,28445
32276,37639,28515
32268,37636,28452
32264,37623,28468
32277,37616,28511
32300,37621,28488
32286,37631,28489
32334,37627,28515
32369,37633,28499
32416,37639,28505
32412,37652,28485
32444,37652,28572
32460,37660,28508
32464,37625,28529
32480,37637,28549
32493,37639,28550
32517,37609,28538
32512,37637,28550
32508,37627,28613
32500,37623,28634
32500,37649,28588
32504,37639,28621
32520,37639,28620
32540,37628,28694
32524,37629,28634
32560,37647,28663
32612,37660,28641
32640,37668,28737
32654,37662,28679
32674,37633,28709
32621,37637,28777
32609,37653,28734
32608,37606,28741
32590,37615,28812
32596,37599,28782
32588,37607,28776
32632,37607,28852
32680,37653,28829
32702,37639,28817
32712,37655,28904
32708,37652,28857
32692,37639,28858
32705,37600,28876
32724,37615,28877
32732,37615,28951
32704,37613,28933
32712,37612,28947
32716,37629,28965
32733,37625,28972
32728,37624,29015
32696,37637,29000
32684,37626,29007
32708,37629,29029
32704,37631,29028
32677,37605,29039
32677,37607,29095
32712,37631,29061
32720,37637,29071
32768,37639,29131
32784,37620,29115
32762,37639,29118
32752,37639,29156
32744,37639,29134
32725,37637,29149
32728,37631,29191
32740,37623,29172
32772,37631,29191
32800,37631,29217
32728,37635,29208
32688,37602,29218
32688,37615,29273
32704,37606,29254
32736,37604,29242
32708,37607,29266
32656,37613,29278
32685,37612,29340
32673,37617,29309
32692,37614,29328
32721,37617,29312
32736,37627,29364
32736,37613,29367
32748,37614,29363
32717,37607,29415
32716,37627,29396
32740,37626,29415
32724,37627,29407
32732,37635,29465
32764,37639,29445
32772,37612,29476
32772,37607,29468
32768,37631,29517
32800,37623,29543
32800,37615,29519
32791,37612,29543
32764,37631,29540
32714,37631,29599
32736,37589,29599
32792,37635,29591
32820,37631,29621
32836,37622,29621
32869,37639,29641
32876,37631,29668
32866,37639,29667
32776,37612,29679
32732,37619,29703
32734,37608,29702
32760,37623,29697
32818,37631,29751
32860,37584,29729
32892,37637,29745
32869,37623,29734
32858,37620,29786
32836,37627,29769
32852,37615,29781
32880,37613,29791
32872,37612,29810
32808,37607,29803
32812,37604,29784
32828,37631,29842
32868,37639,29825
32894,37612,29824
32908,37591,29862
32901,37617,29854
32916,37613,29857
32920,37615,29865
32896,37607,29871
32876,37607,29897
32892,37583,29879
32876,37635,29881
32870,37639,29905
32864,37639,29903
32788,37639,29905
32728,37639,29885
32636,37587,29940
32613,37618,29933
32600,37628,29925
32596,37621,29927
32570,37617,29945
32561,37613,29975
32577,37651,29969
32621,37620,29948
32588,37607,29959
32568,37607,29959
32564,37613,29959
32552,37629,29973
32600,37621,29975
32665,37614,29969
32692,37621,30000
32792,37653,30008
32877,37623,29992
32881,37613,29996
32864,37603,30029
32808,37615,30016
32756,37628,30015
32792,37599,30053
32824,37599,30037
32888,37628,30039
32940,37624,30037
33036,37629,30071
33112,37639,30071
33129,37639,30069
33180,37649,30060
33172,37636,30095
33117,37620,30101
33070,37607,30100
33028,37621,30095
32988,37631,30124
32944,37636,30117
32904,37639,30103
32890,37602,30159
32876,37623,30148
32872,37639,30143
32908,37628,30151
32900,37614,30165
32916,37623,30181
32928,37615,30183
32908,37623,30175
32908,37639,30215
32925,37639,30198
32932,37639,30200
32993,37639,30237
32968,37621,30230
32945,37607,30227
32884,37633,30252
32860,37623,30252
32876,37631,30266
32892,37623,30253
32868,37637,30268
32924,37639,30269
32924,37655,30276
32900,37613,30287
32888,37639,30272
32880,37625,30316
32896,37623,30284
32884,37623,30309
32892,37628,30303
32900,37621,30292
32920,37629,30311
32924,37655,30319
32916,37655,30313
32940,37651,30321
32920,37655,30329
32832,37639,30324
32656,37607,30335
32364,37639,30342
32072,37636,30343
31836,37635,30341
31644,37663,30350
31652,37663,30342
31808,37639,30357
31956,37633,30367
32369,37663,30365
32864,37646,30375
33440,37636,30375
34228,37638,30409
35520,37623,30402
37334,37648,30409
39457,37639,30425
41728,37629,30429
44052,37625,30436
46268,37621,30436
48157,37607,30477
49496,37594,30497
50093,37589,30487
49813,37593,30511
48268,37605,30508
46230,37609,30543
44060,37616,30551
41596,37639,30557
38748,37639,30568
36484,37647,30587
35068,37662,30596
33960,37661,30607
33196,37639,30620
32560,37639,30650
32028,37655,30676
31672,37612,30682
31452,37649,30698
31324,37662,30725
31197,37628,30739
31080,37661,30744
30969,37666,30745
30912,37678,30791
30831,37615,30796
30756,37637,30799
30696,37660,30804
30672,37639,30828
30656,37661,30837
30652,37681,30837
30660,37663,30829
30640,37647,30838
30620,37669,30844
30600,37663,30844
30592,37650,30836
30656,37639,30836
30673,37639,30849
30672,37645,30840
30716,37639,30836
30740,37679,30852
30750,37684,30858
30784,37679,30844
30812,37657,30869
30816,37632,30871
30852,37623,30856
30869,37663,30855
30912,37653,30865
30900,37639,30865
30936,37653,30863
30968,37654,30878
31028,37687,30876
31113,37687,30881
31129,37639,30871
31116,37671,30897
31148,37631,30901
31181,37636,30897
31189,37657,30899
31204,37655,30925
31201,37655,30945
31208,37691,30945
31236,37687,30945
31269,37654,30971
31296,37671,30983
31340,37659,30990
31393,37639,30999
31408,37671,30996
31445,37639,31012
31512,37661,31021
31540,37679,31034
31488,37639,31043
31472,37683,31065
31552,37671,31066
31584,37667,31066
31612,37673,31068
31588,37679,31057
31596,37679,31074
31644,37635,31079
31708,37671,31074
31768,37669,31068
31806,37671,31087
31872,37697,31073
31948,37703,31063
31973,37647,31074
31952,37684,31079
31958,37673,31079
31956,37665,31062
31958,37666,31079
31980,37663,31076
32048,37697,31069
32112,37669,31061
32172,37703,31061
32212,37698,31045
32248,37685,31052
32304,37703,31056
32360,37696,31047
32348,37663,31040
32446,37661,31022
32552,37683,31034
32592,37711,31008
32628,37693,31001
32628,37725,30978
32620,37719,30975
32624,37703,30969
32693,37687,30948
32728,37703,30932
32780,37703,30895
32840,37679,30900
32906,37676,30885
32966,37685,30852
33016,37713,30834
33056,37679,30814
33105,37708,30777
33142,37692,30777
33172,37702,30749
33168,37708,30717
33148,37661,30693
33108,37681,30688
33150,37689,30653
33216,37694,30628
33252,37719,30605
33228,37719,30589
33204,37675,30553
33188,37708,30535
33108,37698,30496
33068,37687,30500
33112,37679,30463
33064,37711,30431
33068,37671,30409
33050,37703,30402
32996,37708,30372
32896,37700,30335
32808,37703,30332
32708,37687,30293
32644,37715,30268
32556,37706,30247
32464,37679,30236
32420,37693,30199
32416,37703,30183
32372,37670,30157
32286,37711,30134
32166,37695,30092
32040,37717,30075
31960,37709,30077
31900,37660,30024
31829,37685,30010
31776,37695,29962
31712,37668,29973
31716,37695,29949
31704,37685,29900
31704,37683,29889
31700,37711,29852
31728,37702,29860
31692,37679,29813
31680,37679,29789
31672,37679,29740
31648,37668,29759
31648,37639,29721
31652,37687,29684
31685,37701,29689
31744,37671,29652
31793,37655,29629
31792,37685,29591
31740,37677,29607
31724,37691,29551
31782,37689,29537
31766,37639,29498
31717,37679,29525
31732,37679,29455
31802,37675,29437
31796,37699,29436
31784,37711,29388
31840,37669,29375
31876,37684,29346
31868,37703,29319
31853,37652,29277
31854,37683,29313
31844,37691,29261
31828,37670,29222
31872,37701,29249
31901,37687,29211
31889,37695,29200
31908,37675,29172
31888,37692,29180
31892,37684,29191
31908,37631,29128
31900,37669,29116
31924,37646,29090
31953,37681,29133
31982,37695,29069
32056,37639,29059
32152,37673,29023
32094,37684,29051
32132,37663,29040
32084,37671,28978
32072,37652,28957
32084,37639,28993
32088,37671,28924
32084,37649,28898
32156,37683,28889
32165,37673,28850
32228,37670,28845
32274,37652,28829
32262,37679,28783
32216,37667,28770
32228,37639,28791
32212,37665,28801
32284,37660,28738
32312,37655,28710
32308,37671,28693
32364,37681,28718
32392,37639,28644
32420,37668,28649
32379,37653,28605
32356,37639,28644
32380,37671,28577
32420,37671,28577
32468,37631,28525
32464,37663,28564
32480,37646,28567
32478,37671,28471
32525,37646,28437
32568,37663,28422
32500,37653,28404
32469,37656,28410
32485,37657,28413
32484,37639,28337
32492,37654,28366
32524,37652,28255
32536,37639,28231
32516,37671,28175
32580,37679,28227
32632,37651,28193
32560,37647,28126
32552,37671,28036
32589,37661,28001
32600,37615,27975
32600,37655,27984
32628,37653,27855
32652,37677,27815
32664,37639,27772
32684,37675,27692
32669,37663,27753
32692,37683,27655
32717,37625,27581
32712,37671,27492
32740,37639,27441
32737,37647,27488
32708,37679,27328
32724,37639,27327
32764,37669,27224
32789,37669,27207
32800,37681,27204
32780,37633,27071
32800,37653,27012
32748,37649,26964
32736,37661,26936
32748,37652,26853
32740,37637,26847
32716,37687,26869
32724,37673,26743
32720,37679,26647
32696,37669,26631
32704,37676,26556
32700,37668,26487
32672,37625,26529
32652,37651,26534
32654,37655,26431
32672,37671,26296
32664,37637,26286
32676,37671,26197
32672,37663,26281
32672,37667,26217
32692,37664,26071
32664,37639,26033
32692,37647,26021
32692,37647,25952
32664,37639,25901
32708,37639,26007
32728,37661,25924
32680,37639,25811
32684,37663,25788
32676,37639,25737
32685,37625,25794
32636,37629,25798
32544,37639,25725
32532,37639,25586
32518,37627,25628
32480,37639,25525
32464,37639,25671
32436,37639,25529
32401,37663,25461
32364,37671,25460
32372,37655,25385
32344,37612,25542
32324,37639,25412
32357,37622,25327
32406,37639,25345
32412,37652,25269
32413,37649,25241
32470,37639,25346
32506,37639,25284
32528,37662,25205
32544,37636,25215
32608,37609,25151
32609,37639,25285
32637,37639,25196
32692,37631,25111
32700,37631,25142
32732,37671,25062
32770,37637,25059
32828,37652,25163
32936,37639,25209
33028,37663,25170
33056,37651,25172
33081,37634,25051
33104,37639,25039
33124,37639,24961
33072,37612,25143
33012,37651,25017
32977,37637,24949
32940,37655,24982
32956,37625,24917
32976,37639,25017
32892,37637,24980
32900,37655,24909
32926,37602,24955
32909,37637,24885
32932,37628,25061
32936,37631,24901
32918,37639,24877
32921,37657,25036
32948,37652,24880
32932,37639,24889
32944,37629,24919
32960,37607,24871
32909,37636,24982
32884,37639,25007
32912,37637,24912
32932,37633,24903
32944,37629,24900
32956,37653,24902
32918,37633,24877
32897,37625,24862
32892,37639,24865
32904,37638,25047
32885,37623,24896
32880,37597,24941
32905,37635,24940
32924,37626,25076
32920,37629,24939
32917,37623,24932
32950,37607,24919
32932,37639,25048
32908,37639,25001
32904,37599,24932
32844,37628,24969
32704,37620,24979
32428,37620,25068
32152,37636,24950
31870,37639,24973
31616,37617,25039
31508,37651,25015
31609,37637,25026
31764,37622,24971
32081,37647,24970
32564,37597,24989
33096,37632,25161
33792,37629,25177
34897,37625,25042
36512,37620,25077
38516,37617,25036
40766,37631,25103
43093,37617,25196
45396,37604,25232
47492,37589,25132
48976,37580,25087
49908,37588,25093
50140,37590,25108
49100,37605,25087
47261,37615,25273
45221,37605,25191
42852,37621,25158
40037,37633,25123
37356,37633,25161
35618,37615,25124
34352,37631,25312
33452,37639,25164
32756,37639,25159
32128,37639,25211
31652,37612,25356
31324,37650,25237
31128,37639,25239
30992,37637,25269
30881,37627,25303
30800,37639,25351
30688,37623,25263
30592,37639,25321
30528,37620,25281
30448,37659,25404
30444,37597,25479
30452,37639,25438
30425,37639,25359
30412,37635,25378
30361,37661,25337
30320,37587,25511
30348,37639,25392
30320,37615,25404
30240,37650,25420
30196,37599,25394
30244,37636,25447
30424,37649,25588
30438,37639,25478
30424,37625,25521
30481,37661,25639
30537,37597,25559
30568,37639,25549
30564,37635,25569
30588,37629,25625
30592,37661,25783
30640,37639,25674
30676,37655,25686
30736,37652,25769
30804,37639,25765
30796,37659,25913
30804,37663,25985
30812,37655,25924
30837,37655,26009
30804,37639,26014
30836,37639,26228
30860,37671,26164
30852,37679,26225
30880,37668,26346
30909,37665,26373
30950,37652,26464
30960,37653,26652
30988,37639,26595
31060,37637,26718
31141,37669,26804
31200,37669,26862
31184,37623,26983
31184,37629,27159
31208,37655,27197
31196,37639,27227
31236,37657,27353
31266,37612,27421
31245,37639,27631
31232,37637,27665
31260,37663,27740
31310,37639,27845
31365,37636,27942
31436,37662,28085
31505,37669,28159
31570,37629,28325
31604,37607,28412
31632,37639,28493
31684,37631,28630
31676,37623,28725
31733,37652,28829
31748,37655,28998
31764,37623,29096
31828,37607,29191
31806,37653,29287
31776,37639,29453
31813,37625,29532
31874,37637,29655
31944,37639,29749
32021,37607,29895
32104,37637,30023
32180,37625,30110
32288,37623,30231
32352,37627,30335
32364,37639,30460
32284,37633,30584
32320,37597,30692
32373,37620,30799
32448,37613,30912
32548,37634,31031
32629,37591,31143
32672,37636,31256
32772,37605,31380
32836,37646,31495
32861,37639,31619
32912,37639,31724
33017,37622,31810
32932,37623,31965
32917,37621,32066
32961,37618,32187
32933,37634,32263
32840,37655,32373
32916,37638,32537
32942,37625,32651
32944,37612,32749
33008,37639,32852
33028,37635,33016
33068,37615,33119
33025,37607,33269
33004,37631,33345
33012,37609,33438
32964,37619,33628
32948,37639,33733
32878,37633,33828
32761,37652,33909
32712,37639,34062
32650,37605,34223
32568,37633,34373
32552,37621,34382
32464,37615,34608
32334,37615,34727
32302,37625,34748
32280,37623,34956
32192,37620,35095
32124,37645,35111
31988,37639,35265
31861,37639,35445
31780,37609,35583
31781,37595,35569
31764,37637,35821
31798,37583,35932
31820,37632,35940
31845,37628,36158
31861,37615,36271
31768,37639,36410
31626,37639,36404
31645,37630,36615
31604,37615,36775
31500,37619,36766
31550,37607,37017
31648,37615,37103
31704,37623,37148
31732,37637,37324
31733,37621,37340
31758,37633,37607
31812,37615,37671
31870,37598,37828
31824,37612,37799
31824,37615,38065
31796,37613,38101
31800,37603,38291
31836,37607,38331
31908,37601,38473
31936,37631,38596
31965,37613,38580
31948,37617,38789
31904,37601,38918
31896,37569,38888
31924,37607,39173
31968,37601,39244
32108,37606,39217
32141,37597,39503
32100,37608,39559
32008,37621,39548
31995,37623,39793
31940,37623,39901
31892,37628,39868
31932,37615,40128
32065,37582,40223
32156,37611,40362
32168,37589,40292
32182,37623,40559
32176,37623,40663
32216,37583,40741
32309,37613,40884
32276,37593,40812
32220,37599,41093
32136,37580,41172
32080,37613,41095
32184,37607,41223
32317,37597,41447
32477,37612,41639
32592,37607,41636
32593,37584,41789
32448,37604,41735
32404,37593,42053
32391,37589,42046
32350,37599,42199
32436,37577,42114
32452,37596,42336
32426,37581,42553
32474,37607,42532
32478,37593,42709
32540,37607,42697
32616,37591,42940
32644,37609,42918
32701,37601,43117
32744,37557,43039
32632,37592,43329
32596,37597,43388
32600,37582,43292
32636,37592,43598
32696,37591,43653
32740,37583,43783
32749,37585,43807
32640,37577,43973
32588,37601,44049
32644,37599,43964
32728,37591,44215
32816,37597,44132
32856,37588,44423
32852,37575,44500
32684,37589,44397
32640,37599,44671
32656,37597,44756
32692,37598,44830
32828,37593,44908
32860,37577,44783
32879,37571,45005
32744,37567,45100
32644,37596,45241
32716,37563,45349
32712,37601,45265
32701,37598,45492
32648,37576,45543
32724,37594,45436
32726,37600,45725
32666,37597,45732
32689,37552,45671
32776,37559,45932
32848,37583,45990
32924,37594,45892
32996,37583,46075
32984,37605,46231
32876,37601,46341
32781,37587,46375
32864,37550,46492
32918,37593,46332
32872,37585,46501
32856,37571,46708
32916,37587,46697
32781,37599,46847
32720,37604,46780
32712,37575,46964
32718,37585,47020
32672,37597,47143
32492,37598,47149
32440,37590,47198
32480,37543,47336
32661,37568,47193
32784,37567,47425
32809,37549,47444
32712,37607,47604
32456,37569,47457
32368,37584,47727
32408,37587,47764
32474,37590,47623
32546,37572,47912
32584,37567,47925
32557,37591,47997
32580,37556,48079
32670,37585,48012
32761,37584,48207
32896,37596,48229
32924,37605,48296
32928,37580,48215
33033,37591,48359
33164,37572,48512
33184,37559,48500
33182,37595,48604
32928,37602,48434
32944,37598,48540
32920,37593,48767
33088,37583,48798
33288,37587,48879
33293,37594,48982
33120,37569,48895
33005,37572,49030
33001,37565,49135
32920,37583,49151
32976,37581,49244
33093,37557,49069
33160,37589,49303
33074,37574,49383
32904,37575,49466
32924,37564,49391
32960,37581,49556
33048,37583,49579
33132,37577,49669
33153,37545,49671
33077,37558,49740
33158,37584,49845
33113,37581,49751
33064,37583,49927
33012,37573,49927
33136,37571,49757
33277,37556,50068
33392,37551,50085
33476,37582,50167
33500,37581,50143
33232,37583,50207
32900,37582,50301
32812,37589,50293
32868,37575,50332
33064,37583,50458
33149,37557,50310
33148,37567,50533
33136,37567,50529
33088,37567,50636
32901,37533,50431
32974,37565,50618
33008,37553,50786
33136,37563,50796
33216,37562,50695
33202,37549,50917
33292,37587,50929
33276,37556,50983
33164,37539,50980
32940,37527,51002
32368,37571,51132
32008,37567,51004
31816,37574,51207
32007,37561,51175
32332,37597,51287
32868,37595,51191
33540,37558,51383
34318,37588,51367
35144,37569,51446
35992,37572,51333
37092,37581,51492
38624,37567,51484
40544,37572,51528
42564,37574,51591
44268,37568,51551
45992,37569,51684
47485,37558,51661
48512,37552,51746
48312,37558,51703
46952,37565,51805
44564,37579,51751
41796,37601,51854
39310,37601,51884
36960,37621,51756
34696,37621,51916
33160,37621,51972
32266,37605,51997
31992,37629,52021
31929,37601,51917
32008,37609,52068
31944,37604,52081
31800,37593,51860
31724,37592,52141
31628,37628,52167
31572,37623,52262
31572,37589,52143
31601,37615,52297
31568,37597,52268
31640,37584,52333
31432,37602,52341
31212,37613,52332
30890,37569,52409
30931,37606,52193
31152,37601,52427
31204,37604,52461
31212,37601,52357
31205,37601,52500
31276,37590,52527
31324,37597,52445
31368,37599,52541
31432,37599,52580
31536,37591,52456
31644,37561,52599
31524,37607,52585
31532,37593,52599
31680,37589,52476
31740,37607,52652
31748,37599,52612
31644,37589,52356
31517,37579,52679
31704,37583,52588
31825,37559,52688
31964,37564,52717
31924,37573,52517
31956,37589,52723
32124,37590,52703
32104,37591,52511
31936,37541,52715
31636,37541,52757
31681,37543,52615
31712,37581,52847
31894,37565,52839
32016,37567,52933
31936,37567,52676
31980,37589,52895
32008,37593,52988
31976,37589,52949
32084,37575,52999
32144,37543,52940
32081,37581,52972
32080,37540,53068
32120,37564,52967
32208,37587,53101
32304,37575,53052
32296,37580,52936
32252,37575,53093
32340,37583,52833
32500,37575,53151
32493,37567,53102
32480,37565,52871
32328,37565,53127
32220,37569,53085
32385,37548,53184
32485,37588,53116
32568,37597,53124
32504,37599,53188
32424,37597,53045
32496,37585,53172
32528,37574,53189
32529,37539,53060
32520,37585,53126
32460,37573,53173
32632,37583,53117
32792,37594,53143
32860,37588,53041
32821,37596,53068
32760,37581,52856
32824,37583,53025
33008,37549,53061
33184,37536,53093
33216,37567,53060
32952,37543,53058
32788,37551,53053
32798,37590,52927
32964,37591,53006
33188,37587,52999
33454,37578,52940
33518,37567,52911
33552,37587,52936
33456,37588,52887
33348,37591,52916
33280,37599,52904
33372,37599,52789
33516,37600,52845
33661,37607,52535
33720,37594,52804
33696,37593,52776
33648,37588,52646
33784,37565,52777
33748,37543,52743
33644,37577,52560
33424,37575,52700
33488,37597,52608
33564,37604,52694
33464,37554,52400
33580,37597,52628
33568,37589,52591
33517,37572,52335
33422,37567,52590
33290,37549,52517
33196,37591,52575
33172,37588,52313
33192,37593,52433
33144,37580,52500
32912,37591,52442
32686,37597,52478
32608,37593,52327
32560,37579,52468
32528,37539,52428
32404,37572,52142
32224,37559,52319
32116,37556,52389
31992,37551,52367
31900,37591,52248
31865,37569,52357
31810,37587,52231
31692,37583,52301
31628,37580,52018
31560,37533,52231
31544,37567,52176
31613,37551,52224
31701,37572,52188
31716,37591,52159
31736,37551,52180
31492,37580,52103
31429,37573,51847
31405,37559,52023
31372,37575,52117
31329,37575,51988
31380,37551,52071
31384,37563,51780
31496,37581,51860
31600,37527,51911
31673,37568,51991
31641,37553,51892
31648,37574,51943
31700,37573,51791
31684,37573,51817
31616,37564,51860
31552,37559,51823
31608,37524,51797
31704,37520,51801
31704,37556,51551
31644,37556,51740
31728,37549,51642
31800,37543,51696
31733,37567,51496
31632,37564,51654
31616,37511,51583
31612,37545,51377
31740,37540,51554
31852,37533,51579
31900,37564,51503
31916,37551,51541
31841,37511,51463
31810,37544,51503
31823,37535,51489
31833,37525,51325
31808,37511,51400
31840,37543,51484
31848,37543,51313
31933,37535,51416
31980,37503,51439
32028,37555,51316
32044,37554,51332
32092,37553,51145
32120,37529,51372
32104,37511,51303
32088,37543,51397
32096,37543,51350
32116,37540,51365
32177,37548,51244
32249,37545,51297
32252,37551,51088
32233,37559,51335
32306,37511,51303
32336,37538,51381
32284,37541,51195
32284,37517,51359
32232,37518,51317
32264,37511,51356
32364,37541,51268
32458,37505,51375
32484,37503,51309
32480,37543,51109
32476,37541,51324
32436,37532,51382
32432,37525,51220
32409,37511,51389
32464,37527,51329
32494,37541,51132
32520,37541,51384
32544,37533,51383
32556,37509,51172
32564,37543,51380
32572,37533,51332
32568,37525,51416
32542,37537,51303
32585,37533,51430
32616,37545,51422
32572,37543,51276
32602,37543,51430
32636,37543,51427
32620,37556,51455
32644,37557,51463
32656,37543,51292
32625,37507,51459
32644,37543,51461
32676,37524,51436
32684,37511,51407
32696,37533,51333
32606,37532,51431
32556,37549,51230
32452,37543,51496
32372,37555,51493
32336,37511,51527
32357,37541,51509
32324,37533,51322
32349,37537,51549
32376,37535,51509
32356,37535,51327
32312,37533,51543
32384,37535,51551
32396,37559,51300
32428,37563,51559
32421,37560,51556
32460,37553,51533
32520,37543,51561
32636,37540,51513
32656,37541,51540
32676,37545,51559
32684,37550,51568
32720,37559,51509
32712,37559,51601
32729,37549,51511
32740,37535,51535
32754,37511,51607
32769,37528,51615
32840,37511,51579
32935,37527,51620
32991,37520,51463
33088,37544,51604
33132,37557,51653
33088,37537,51564
32972,37562,51645
32969,37549,51525
33005,37539,51652
33008,37531,51636
32944,37527,51391
32829,37548,51577
32744,37543,51631
32748,37545,51655
32800,37532,51628
32822,37539,51628
32860,37535,51509
32902,37533,51655
32933,37540,51621
32928,37546,51653
32900,37507,51517
32833,37531,51551
32845,37534,51621
32864,37535,51591
32948,37549,51556
32932,37548,51351
32888,37549,51564
32889,37564,51629
32884,37569,51533
32864,37567,51613
32886,37561,51519
32904,37511,51599
32925,37551,51495
32932,37543,51589
32942,37575,51582
32964,37542,51351
32968,37579,51559
32877,37575,51463
32784,37551,51536
32744,37580,51501
32740,37541,51256
32792,37562,51487
32864,37547,51463
32909,37551,51493
32897,37554,51301
32852,37572,51463
32742,37577,51438
32631,37573,51189
32504,37533,51412
32252,37524,51329
31956,37561,51405
31664,37567,51271
31481,37555,51357
31528,37552,51299
31796,37567,51327
32140,37556,51245
32629,37591,51311
33182,37593,51229
33808,37549,51268
34687,37573,51247
36090,37564,51156
38106,37556,51231
40588,37543,51173
43040,37548,50916
45228,37541,51055
47488,37540,51159
49376,37548,51148
50712,37551,51073
51112,37533,51079
50132,37535,51117
47740,37549,50900
45040,37553,50974
42444,37557,51005
39624,37580,51039
36796,37602,50961
34772,37604,51002
33600,37606,50860
32960,37591,50951
32508,37581,50883
32120,37597,50944
31669,37559,50904
31332,37585,50717
31096,37601,50695
30960,37583,50720
30854,37589,50751
30828,37569,50788
30766,37610,50787
30736,37566,50677
30660,37615,50695
30540,37599,50690
30372,37557,50627
30264,37608,50432
30212,37555,50548
30228,37607,50560
30244,37603,50412
30252,37589,50430
30293,37631,50400
30340,37574,50111
30344,37612,50151
30388,37591,50159
30456,37582,50249
30478,37617,50224
30496,37612,50183
30636,37605,50055
30736,37590,50055
30693,37637,50085
30694,37593,49767
30596,37621,49868
30556,37605,49975
30628,37599,49900
30724,37565,49908
30762,37613,49668
30816,37574,49699
30829,37598,49689
30846,37631,49671
30892,37604,49732
30888,37604,49701
30892,37632,49709
30881,37612,49624
30932,37613,49598
30976,37607,49600
31052,37615,49581
31112,37623,49591
31108,37620,49557
31036,37607,49468
31040,37639,49460
31072,37639,49497
31153,37629,49409
31256,37609,49442
31288,37631,49459
31276,37612,49437
31244,37607,49137
31188,37615,49127
31268,37633,49237
31313,37639,49320
31333,37655,49317
31384,37623,49180
31384,37639,49191
31376,37595,49261
31404,37631,48989
31460,37615,49101
31484,37639,49149
31484,37639,49159
31504,37646,48991
31558,37630,49124
31596,37633,49065
31620,37639,48799
31616,37638,49036
31690,37636,49012
31701,37627,48898
31684,37638,48883
31732,37639,48932
31820,37639,48821
31984,37652,48877
31972,37637,48843
31932,37629,48608
31952,37615,48813
31946,37617,48765
31928,37653,48508
31972,37655,48716
31992,37639,48661
32088,37631,48517
32153,37628,48621
32224,37636,48584
32250,37639,48540
32256,37646,48519
32292,37659,48391
32313,37646,48415
32321,37652,48281
32392,37636,48405
32512,37639,48337
32508,37632,48202
32544,37657,48305
32588,37675,48241
32580,37679,47980
32581,37652,48176
32542,37677,48159
32581,37667,48135
32668,37679,47852
32760,37683,47956
32798,37661,48039
32752,37663,47988
32665,37681,47833
32576,37677,47800
32580,37663,47871
32596,37693,47879
32621,37694,47695
32660,37683,47805
32605,37690,47711
32604,37702,47733
32556,37696,47547
32520,37702,47687
32508,37671,47623
32452,37668,47410
32408,37705,47589
32372,37703,47515
32352,37699,47527
32312,37716,47302
32228,37700,47306
32084,37697,47431
31944,37711,47332
31904,37711,47365
31900,37661,47160
31888,37695,47291
31929,37695,47231
31868,37708,47239
31808,37716,47199
31748,37692,47183
31756,37719,46917
31724,37709,46918
31716,37683,46869
31720,37703,47021
31688,37719,46983
31689,37661,46939
31645,37711,46948
31700,37713,46692
31737,37703,46751
31794,37721,46855
31856,37723,46800
31832,37716,46599
31812,37677,46740
31796,37709,46692
31661,37699,46727
31632,37713,46492
31704,37732,46550
31749,37695,46671
31788,37716,46596
31798,37725,46599
31789,37703,46377
31716,37702,46525
31785,37724,46525
31864,37721,46429
31880,37677,46457
31925,37711,46436
31924,37705,46258
31928,37727,46360
31993,37685,46359
32050,37724,46305
32072,37704,46326
32066,37733,46297
32016,37719,46199
31972,37716,46249
32020,37717,46196
32092,37719,46226
32084,37741,46015
32112,37743,46133
32133,37721,46163
32109,37737,46081
32100,37721,46124
32120,37685,45941
32084,37717,46011
32040,37717,46073
32056,37735,45999
32128,37702,46024
32172,37747,45791
32219,37727,45783
32300,37740,45791
32384,37749,45916
32382,37731,45906
32372,37747,45831
32356,37727,45844
32300,37735,45830
32328,37743,45863
32396,37728,45845
32436,37756,45815
32464,37763,45800
32472,37767,45727
32484,37725,45741
32514,37750,45741
32476,37764,45657
32513,37753,45615
32516,37755,45533
32516,37725,45458
32534,37765,45415
32502,37767,45607
32508,37749,45599
32645,37735,45575
32704,37763,45526
32656,37748,45476
32549,37756,45487
32440,37739,45483
32412,37735,45436
32484,37765,45447
32541,37760,45425
32608,37784,45207
32672,37775,45223
32681,37772,45279
32668,37764,45318
32692,37799,45348
32676,37780,45325
32698,37761,45319
32716,37791,45293
32696,37785,45220
32720,37779,45204
32710,37767,45255
32680,37811,44993
32697,37790,45050
32716,37783,45148
32708,37799,45183
32734,37780,45104
32696,37759,45139
32708,37788,45057
32696,37783,45053
32692,37812,45045
32716,37815,45077
32732,37805,45063
32790,37817,44837
32768,37776,44853
32700,37815,44969
32644,37820,45016
32632,37793,44980
32561,37811,44980
32556,37789,44879
32581,37831,44948
32620,37831,44721
32681,37811,44744
32676,37839,44839
32623,37822,44868
32620,37839,44807
32600,37842,44841
32560,37803,44805
32484,37828,44591
32508,37837,44780
32564,37831,44716
32612,37828,44543
32637,37839,44701
32708,37839,44708
32720,37855,44626
32726,37833,44649
32768,37840,44660
32797,37831,44615
32848,37844,44421
32876,37848,44551
32876,37848,44575
32917,37854,44375
32998,37856,44335
33100,37855,44468
33268,37855,44511
33357,37863,44420
33356,37827,44397
33312,37839,44426
33340,37831,44439
33252,37863,44180
33140,37863,44354
33121,37831,44358
33140,37863,44309
33196,37869,44287
33220,37836,44324
33240,37863,44070
33237,37861,44169
33228,37831,44263
33169,37871,44160
33176,37815,44204
33204,37871,43975
33248,37861,44157
33188,37836,44148
33204,37884,44078
33264,37881,44121
33248,37873,43988
33260,37828,44069
33296,37857,44005
33300,37847,44038
33252,37879,44007
33216,37876,43783
33216,37870,43925
33228,37895,43957
33264,37891,43853
33260,37893,43868
33248,37868,43871
33202,37885,43876
33208,37887,43608
33210,37871,43677
33218,37871,43777
33228,37877,43757
33229,37895,43749
33216,37855,43500
33224,37889,43495
33240,37877,43599
33248,37895,43652
33257,37892,43633
33240,37877,43503
33248,37891,43527
33200,37908,43557
33025,37908,43334
32716,37895,43269
32400,37895,43309
32012,37892,43460
31696,37933,43367
31624,37879,43373
31698,37904,43366
31884,37895,43124
32304,37923,43183
32858,37931,43300
33437,37895,43207
34181,37895,43029
35558,37937,43073
37568,37927,43193
40030,37918,43074
42736,37907,43135
45476,37895,43101
48196,37881,42872
50564,37874,43076
52220,37873,43010
53108,37887,42796
52944,37887,42887
51200,37895,42948
48780,37911,42804
46220,37919,42853
43389,37924,42887
40132,37948,42625
37312,37945,42727
35572,37945,42821
34396,37941,42784
33588,37961,42759
32964,37959,42725
32400,37950,42503
31952,37981,42669
31644,37941,42687
31384,37932,42655
31148,37961,42470
30980,37956,42631
30844,37948,42503
30724,37983,42524
30660,37980,42525
30590,37959,42503
30564,37983,42476
30524,37951,42239
30520,37972,42329
30496,37959,42421
30444,37983,42283
30384,37941,42311
30396,37970,42279
30424,37988,42023
30444,37937,42052
30469,37965,42151
30488,37995,42121
30480,38004,42095
30524,37996,41887
30568,37983,42030
30588,37991,41916
30609,37999,41972
30666,37953,41831
30693,37978,41853
30732,37991,41879
30752,37989,41637
30778,37996,41607
30832,38010,41725
30864,37989,41805
30886,38012,41661
30860,38007,41717
30840,37959,41519
30884,37991,41660
30944,37991,41657
30961,38019,41607
30958,37972,41620
31000,38016,41425
31044,38031,41479
31108,38020,41596
31117,38018,41477
31060,38004,41550
31064,37982,41343
31060,38023,41389
31076,38023,41365
31140,38007,41447
31180,38039,41541
31234,37983,41508
31268,38023,41423
31336,38039,41380
31356,38001,41423
31364,38021,41444
31376,38037,41223
31364,38031,41223
31336,37999,41416
31373,38053,41324
31440,38047,41364
31464,38036,41234
31480,38063,41133
31560,38023,41133
31640,38052,41318
31668,38039,41185
31701,38023,41245
31684,38053,41057
31680,38061,41213
31674,38007,41144
31648,38053,41145
31700,38055,41148
31751,38053,40948
31804,38055,41114
31780,38039,40997
31792,38065,41047
31812,38055,40855
31852,38060,40882
31876,38048,41018
31900,38055,40923
31956,38061,40741
32020,38055,40892
32080,38063,40831
32116,38083,40869
32132,38085,40701
32152,38071,40740
32176,38071,40588
32168,38033,40740
32224,38076,40676
32312,38063,40685
32364,38078,40492
32385,38092,40569
32396,38079,40604
32424,38079,40557
32484,38063,40356
32534,38076,40509
32596,38079,40409
32588,38054,40455
32549,38077,40263
32558,38069,40399
32636,38070,40283
32640,38095,40313
32688,38092,40317
32760,38088,40101
32725,38055,40100
32708,38083,40220
32670,38065,40221
32684,38095,40133
32661,38097,39976
32708,38068,40129
32748,38097,40036
32748,38098,39887
32728,38092,40023
32694,38084,39904
32660,38099,39939
32636,38063,39772
32568,38071,39755
32492,38086,39868
32428,38093,39768
32394,38086,39647
32332,38080,39791
32246,38071,39677
32166,38054,39733
32130,38103,39537
32100,38085,39532
32082,38093,39532
32032,38080,39625
31972,38063,39605
31940,38087,39523
31968,38095,39375
31972,38047,39343
31948,38093,39468
31920,38068,39452
31940,38107,39340
31909,38054,39372
31888,38073,39363
31900,38071,39172
31888,38099,39159
31889,38058,39276
31888,38084,39247
31888,38087,39142
31916,38077,39165
31905,38093,39171
31852,38104,38980
31872,38095,39068
31904,38045,39112
31928,38063,39095
31977,38067,39055
31988,38092,39021
32017,38080,38913
32052,38087,38917
32096,38082,38919
32089,38102,38903
32048,38087,38862
32096,38063,38854
32133,38077,38849
32180,38049,38813
32188,38072,38663
32204,38062,38629
32230,38085,38615
32228,38087,38661
32188,38047,38732
32194,38095,38653
32268,38082,38646
32230,38088,38637
32220,38095,38652
32273,38041,38642
32288,38045,38491
32332,38065,38468
32380,38064,38503
32413,38087,38594
32445,38103,38532
32408,38101,38420
32332,38079,38397
32304,38085,38497
32292,38068,38484
32264,38083,38437
32312,38087,38335
32376,38074,38373
32415,38095,38424
32440,38076,38373
32406,38109,38327
32356,38069,38359
32300,38103,38201
32300,38085,38183
32340,38095,38279
32354,38092,38231
32408,38087,38263
32442,38055,38094
32412,38084,38089
32412,38087,38198
32460,38099,38175
32496,38107,38100
32528,38103,38117
32508,38080,37991
32484,38082,38033
32480,38060,38096
32490,38093,38007
32498,38055,38016
32512,38083,37910
32536,38079,37869
32564,38097,37921
32576,38063,37971
32544,38089,37911
32532,38079,37789
32581,38073,37904
32610,38061,37846
32645,38063,37856
32672,38071,37703
32686,38068,37815
32652,38077,37796
32656,38085,37652
32689,38076,37767
32686,38076,37764
32694,38065,37647
32712,38085,37709
32720,38081,37703
32744,38087,37564
32712,38098,37626
32720,38095,37652
32780,38074,37632
32821,38059,37565
32840,38094,37612
32796,38097,37463
32781,38089,37542
32772,38055,37541
32752,38079,37412
32748,38069,37492
32700,38079,37463
32766,38087,37457
32796,38099,37347
32840,38095,37396
32840,38096,37383
32824,38093,37420
32800,38092,37327
32801,38083,37377
32782,38073,37363
32736,38069,37211
32781,38080,37335
32740,38107,37301
32688,38101,37191
32684,38071,37170
32585,38069,37212
32520,38079,37174
32520,38111,37217
32504,38096,37168
32469,38085,37199
32424,38079,37039
32442,38109,37151
32430,38114,37141
32444,38127,37016
32456,38103,37068
32524,38103,37105
32504,38119,37034
32516,38111,37031
32508,38102,36948
32552,38099,37041
32644,38111,36986
32694,38117,37023
32768,38119,36871
32817,38085,36940
32848,38127,36965
32877,38135,36823
32864,38119,36940
32892,38117,36916
32944,38119,36796
32996,38127,36831
33024,38100,36868
33112,38116,36856
33133,38132,36752
33152,38141,36844
33228,38103,36819
33292,38122,36780
33240,38127,36695
33166,38147,36676
33120,38115,36726
33069,38131,36647
33080,38135,36724
33109,38134,36635
33132,38136,36724
33156,38151,36700
33216,38151,36657
33226,38140,36644
33208,38108,36566
33216,38140,36569
33220,38135,36600
33216,38119,36602
33184,38117,36575
33200,38133,36580
33190,38139,36487
33184,38135,36509
33194,38151,36548
33232,38151,36487
33236,38165,36472
33264,38110,36399
33248,38106,36465
33164,38143,36455
33096,38132,36392
33108,38135,36397
33152,38133,36327
33176,38145,36412
33164,38145,36399
33173,38140,36355
33189,38135,36340
33128,38151,36347
33096,38148,36270
33128,38148,36301
33104,38151,36180
33108,38119,36292
33120,38151,36227
33180,38151,36241
33204,38151,36144
33112,38180,36164
32964,38151,36185
32684,38163,36196
32360,38127,36156
31976,38139,36134
31668,38164,36141
31518,38157,36055
31553,38151,36108
31632,38149,36076
31909,38191,36087
32412,38151,35974
32901,38183,35989
33656,38171,36037
34944,38151,36012
36888,38173,36034
39321,38150,35932
42168,38151,35897
45164,38148,35948
48112,38136,35972
50800,38132,35943
52760,38126,35951
53956,38127,35858
54224,38131,35844
52964,38133,35932
50764,38132,35883
48192,38140,35822
45300,38151,35764
41972,38164,35887
38756,38190,35844
36541,38213,35844
34964,38215,35764
33829,38219,35788
32936,38172,35825
32204,38206,35814
31676,38203,35751
31316,38191,35774
31092,38199,35794
30912,38212,35808
30785,38235,35685
30744,38217,35668
30596,38215,35764
30420,38228,35762
30284,38202,35733
30169,38177,35619
30120,38167,35738
30052,38225,35684
30025,38215,35701
30049,38233,35577
30064,38201,35524
30053,38228,35517
30052,38207,35605
30065,38255,35552
30048,38181,35533
30020,38229,35534
30064,38217,35431
30120,38237,35463
30176,38249,35455
30228,38255,35463
30324,38268,35329
30364,38271,35412
30386,38266,35348
30416,38268,35354
30400,38265,35357
30392,38197,35247
30424,38255,35348
30496,38254,35310
30572,38245,35204
30612,38257,35301
30653,38241,35271
30701,38279,35207
30732,38293,35211
30768,38261,35231
30756,38279,35172
30788,38265,35239
30812,38248,35223
30804,38255,35143
30836,38260,35198
30836,38293,35124
30888,38303,35215
30940,38279,35189
31048,38255,35082
31060,38251,35192
31069,38295,35111
31094,38308,35169
31149,38302,35079
31140,38309,35137
31184,38315,35061
31232,38318,35145
31222,38324,35135
31248,38279,35039
31284,38333,35099
31261,38326,35109
31293,38319,34989
31332,38309,35089
31349,38336,35055
31361,38343,35005
31380,38286,34969
31448,38343,35028
31480,38332,35013
31480,38359,34957
31504,38364,34941
31516,38367,34993
31525,38351,34967
31540,38348,34979
31604,38337,34882
31672,38365,34934
31680,38372,34915
31692,38379,34857
31760,38367,34840
31813,38375,34860
31821,38399,34870
31860,38389,34767
31878,38383,34845
31916,38381,34823
31956,38375,34764
32000,38391,34764
32044,38395,34679
32044,38407,34732
32128,38375,34740
32200,38407,34624
32256,38401,34673
32233,38425,34673
32235,38407,34567
32260,38399,34644
32284,38407,34612
32262,38404,34517
32336,38421,34580
32438,38439,34516
32524,38435,34471
32572,38439,34523
32600,38428,34524
32568,38461,34409
32541,38447,34463
32580,38439,34439
32592,38426,34439
32612,38439,34343
32661,38447,34389
32700,38447,34382
32720,38461,34353
32736,38471,34331
32748,38469,34251
32774,38455,34299
32728,38452,34281
32756,38468,34191
32712,38455,34230
32672,38455,34165
32656,38460,34204
32620,38461,34175
32596,38450,34093
32540,38495,34137
32452,38501,34113
32404,38453,34039
32350,38495,34087
32288,38491,34063
32268,38482,33999
32244,38479,34013
32225,38452,33965
32212,38487,33965
32192,38497,33961
32148,38497,33925
32120,38453,33872
32052,38495,33927
32036,38476,33893
31981,38462,33889
31905,38479,33806
31961,38470,33833
31948,38433,33828
31928,38457,33757
31956,38487,33799
31990,38502,33789
32037,38471,33727
32061,38453,33758
32052,38486,33751
32016,38469,33667
32004,38465,33704
32032,38479,33644
32060,38473,33692
32089,38484,33671
32116,38473,33633
32088,38484,33653
32088,38511,33626
32076,38511,33624
32048,38453,33568
32076,38491,33596
32072,38493,33580
32100,38481,33520
32122,38507,33516
32137,38503,33541
32192,38525,33495
32228,38461,33488
32224,38509,33527
32188,38496,33511
32156,38487,33513
32192,38533,33452
32164,38469,33469
32137,38500,33511
32188,38484,33507
32214,38489,33478
32264,38519,33484
32277,38511,33514
32288,38519,33500
32296,38508,33511
32333,38503,33449
32316,38497,33517
32312,38514,33501
32324,38519,33509
32284,38471,33446
32324,38517,33476
32324,38508,33493
32344,38516,33479
32340,38511,33425
32376,38533,33474
32400,38535,33469
32372,38527,33415
32396,38527,33445
32360,38499,33447
32360,38516,33388
32400,38527,33431
32398,38518,33441
32452,38517,33397
32476,38551,33431
32460,38535,33428
32428,38535,33383
32444,38535,33415
32432,38519,33430
32424,38548,33389
32445,38515,33415
32480,38559,33389
32540,38559,33421
32532,38571,33409
32568,38569,33381
32573,38567,33424
32572,38567,33405
32580,38557,33363
32576,38548,33373
32540,38531,33407
32536,38533,33394
32552,38551,33379
32512,38567,33372
32564,38565,33383
32560,38573,33393
32572,38528,33342
32585,38567,33386
32616,38565,33374
32612,38535,33319
32625,38535,33373
32644,38535,33373
32668,38579,33318
32688,38565,33381
32692,38572,33359
32672,38577,33320
32708,38567,33316
32768,38556,33356
32754,38589,33351
32693,38535,33348
32696,38565,33352
32740,38557,33292
32724,38595,33324
32712,38591,33345
32732,38545,33340
32776,38587,33305
32806,38574,33353
32796,38567,33325
32780,38587,33305
32732,38577,33301
32728,38572,33343
32756,38565,33327
32789,38593,33332
32848,38598,33282
32852,38561,33324
32844,38580,33318
32820,38599,33318
32785,38599,33271
32764,38569,33287
32768,38587,33299
32784,38573,33303
32764,38599,33255
32765,38576,33278
32802,38599,33297
32804,38597,33295
32856,38607,33236
32888,38617,33287
32836,38580,33287
32852,38599,33285
32864,38591,33245
32848,38609,33281
32848,38615,33276
32884,38612,33229
32860,38620,33271
32893,38620,33279
32896,38631,33271
32832,38623,33276
32848,38629,33244
32836,38596,33236
32804,38614,33283
32820,38599,33268
32848,38620,33277
32825,38596,33231
32756,38629,33250
32728,38623,33276
32696,38615,33270
32656,38639,33273
32604,38631,33251
32543,38621,33285
32536,38620,33263
32568,38618,33220
32600,38623,33279
32620,38583,33262
32622,38627,33231
32612,38623,33285
32612,38592,33274
32624,38591,33226
32621,38572,33268
32680,38599,33268
32756,38591,33274
32800,38593,33240
32828,38604,33285
32788,38617,33279
32852,38605,33242
32908,38621,33250
32916,38601,33271
32948,38588,33284
32952,38580,33223
32996,38599,33281
33082,38567,33251
33116,38607,33232
33160,38606,33276
33252,38607,33244
33200,38599,33275
33212,38589,33265
33185,38599,33215
33148,38595,33255
33124,38599,33248
33132,38589,33210
33092,38591,33249
33052,38597,33231
33053,38561,33199
33076,38549,33237
33112,38597,33234
33132,38589,33188
33093,38589,33218
33088,38583,33218
33128,38567,33188
33120,38557,33153
33072,38580,33207
33064,38583,33188
33080,38541,33181
33104,38585,33160
33110,38580,33137
33116,38575,33172
33164,38567,33158
33109,38591,33133
33060,38591,33133
33052,38579,33149
33057,38527,33137
33089,38569,33095
33092,38567,33138
33093,38567,33119
33096,38578,33129
33116,38593,33084
33128,38595,33101
33132,38535,33104
33096,38573,33055
33056,38555,33066
33069,38569,33097
33101,38535,33071
33152,38559,33065
33128,38573,33071
33135,38585,33025
33109,38533,33031
32989,38583,33056
32760,38565,33044
32421,38553,33037
32076,38557,33015
31760,38575,33025
31588,38551,33022
31665,38573,33022
31750,38567,32980
31985,38559,33024
32456,38583,33006
32944,38589,32962
33616,38559,32985
34805,38581,32999
36708,38561,32988
39024,38549,32953
41700,38534,32977
44656,38532,32977
47596,38524,32965
50264,38523,32945
52236,38524,32933
53524,38525,32969
53944,38525,32958
53056,38515,32929
51068,38519,32956
48576,38527,32940
45748,38532,32932
42540,38546,32943
39236,38569,32942
36839,38566,32932
35180,38593,32949
34060,38601,32903
33150,38607,32945
32380,38579,32933
31768,38561,32937
31396,38589,32911
31124,38589,32933
30908,38583,32916
30789,38583,32922
30679,38599,32931
30548,38623,32902
30436,38621,32922
30317,38581,32910
30165,38567,32900
30070,38553,32854
30016,38599,32879
29997,38596,32863
29992,38596,32844
29996,38591,32821
30004,38591,32812
29996,38625,32755
29980,38591,32775
29984,38594,32749
29991,38619,32710
30004,38615,32724
30044,38615,32701
30076,38607,32668
30140,38596,32655
30164,38628,32673
30176,38633,32653
30232,38639,32612
30268,38582,32624
30256,38631,32611
30305,38607,32599
30364,38599,32564
30398,38588,32572
30374,38615,32544
30424,38636,32545
30476,38637,32541
30565,38636,32519
30601,38651,32522
30622,38637,32517
30629,38593,32495
30620,38637,32517
30633,38620,32508
30668,38602,32503
30668,38632,32507
30714,38581,32477
30748,38583,32483
30788,38623,32485
30808,38629,32485
30809,38647,32478
30820,38628,32469
30846,38591,32447
30862,38615,32439
30900,38605,32441
30944,38631,32452
31002,38573,32433
31092,38615,32431
31132,38621,32396
31172,38639,32391
31188,38623,32391
31168,38631,32399
31160,38614,32386
31140,38607,32365
31194,38596,32348
31228,38575,32340
31248,38639,32332
31284,38578,32321
31308,38596,32279
31341,38615,32299
31372,38599,32276
31391,38589,32263
31396,38629,32239
31448,38611,32223
31445,38618,32191
31472,38631,32193
31528,38627,32167
31577,38637,32140
31630,38641,32128
31678,38605,32119
31728,38630,32093
31760,38637,32068
31825,38621,32052
31846,38609,32021
31836,38621,31985
31860,38637,31982
31937,38628,31953
31996,38639,31935
32072,38639,31902
32192,38633,31887
32256,38599,31864
32288,38648,31839
32306,38621,31815
32352,38607,31807
32405,38623,31772
32497,38628,31740
32573,38641,31731
32625,38625,31709
32608,38639,31685
32649,38627,31671
32720,38629,31641
32772,38645,31620
32806,38645,31616
32844,38639,31589
32864,38639,31559
32934,38635,31540
32980,38631,31532
33048,38628,31507
33132,38629,31471
33192,38655,31465
33248,38637,31443
33280,38647,31421
33310,38629,31390
33304,38627,31377
33288,38629,31353
33336,38607,31335
33372,38631,31324
33348,38624,31299
33325,38615,31271
33288,38607,31239
33232,38610,31223
33160,38631,31231
33108,38615,31201
33068,38609,31161
33004,38599,31140
32920,38591,31135
32928,38613,31111
32948,38623,31077
32892,38631,31068
32864,38599,31031
32828,38569,31015
32796,38580,31020
32760,38599,31008
32736,38589,30993
32676,38573,30964
32680,38561,30926
32646,38599,30916
32668,38597,30900
32700,38575,30873
32732,38597,30889
32708,38557,30855
32686,38543,30843
32638,38591,30805
32636,38579,30829
32656,38558,30796
32612,38557,30766
32596,38556,30756
32620,38535,30752
32652,38575,30727
32680,38535,30697
32673,38565,30684
32692,38557,30697
32672,38567,30693
32688,38559,30676
32680,38557,30646
32644,38517,30636
32648,38545,30605
32660,38535,30641
32701,38556,30629
32712,38556,30599
32708,38516,30580
32684,38511,30587
32704,38535,30597
32696,38535,30592
32701,38532,30580
32708,38493,30576
32696,38532,30591
32749,38535,30572
32749,38532,30572
32704,38511,30564
32724,38543,30572
32764,38487,30564
32756,38527,30559
32736,38505,30584
32741,38519,30575
32788,38505,30548
32812,38504,30564
32849,38504,30547
32884,38516,30543
32896,38511,30542
32890,38508,30524
32880,38523,30568
32868,38525,30535
32889,38503,30520
32896,38511,30546
32877,38499,30522
32908,38493,30527
32932,38489,30509
32940,38513,30557
32908,38527,30519
32885,38500,30530
32824,38513,30525
32804,38503,30531
32836,38485,30534
32864,38476,30540
32855,38476,30569
32848,38503,30555
32836,38500,30541
32863,38465,30533
32884,38499,30572
32864,38488,30555
32892,38479,30559
32892,38498,30543
32900,38487,30557
32940,38455,30575
32908,38481,30549
32892,38478,30559
32871,38471,30536
32864,38487,30588
32892,38494,30557
32900,38484,30569
32862,38469,30567
32856,38463,30544
32864,38476,30592
32852,38479,30566
32900,38469,30575
32928,38480,30564
32944,38481,30560
32928,38468,30599
32864,38447,30565
32837,38476,30583
32846,38469,30572
32814,38463,30621
32800,38463,30595
32808,38460,30575
32824,38457,30619
32836,38459,30599
32824,38468,30639
32856,38477,30609
32852,38466,30599
32880,38455,30647
32884,38463,30623
32864,38445,30645
32844,38461,30653
32804,38463,30636
32808,38407,30637
32808,38455,30650
32816,38439,30685
32852,38469,30654
32877,38471,30662
32868,38425,30650
32868,38463,30668
32852,38447,30678
32848,38425,30665
32792,38461,30678
32788,38425,30660
32784,38406,30697
32808,38453,30676
32788,38447,30676
32812,38436,30671
32820,38453,30717
32776,38449,30695
32776,38405,30687
32760,38436,30679
32692,38435,30717
32700,38421,30703
32748,38427,30692
32740,38423,30732
32728,38431,30705
32716,38439,30719
32712,38453,30700
32680,38388,30721
32682,38439,30752
32660,38423,30736
32692,38407,30727
32705,38400,30741
32694,38413,30783
32708,38431,30751
32696,38431,30756
32696,38436,30780
32680,38407,30779
32681,38380,30773
32688,38421,30793
32673,38407,30786
32652,38397,30804
32628,38392,30788
32621,38391,30815
32628,38429,30807
32648,38391,30812
32668,38389,30828
32696,38389,30822
32708,38373,30818
32721,38388,30851
32676,38343,30840
32640,38397,30833
32621,38394,30861
32570,38398,30849
32576,38385,30857
32574,38399,30854
32550,38397,30877
32469,38381,30868
32392,38391,30872
32373,38375,30864
32336,38391,30865
32253,38349,30884
32260,38383,30892
32252,38375,30880
32276,38374,30892
32308,38391,30881
32340,38372,30887
32381,38399,30893
32360,38396,30902
32360,38380,30892
32412,38363,30892
32392,38389,30883
32428,38359,30911
32460,38363,30895
32492,38348,30892
32568,38393,30917
32580,38397,30899
32574,38383,30887
32644,38399,30920
32645,38393,30901
32656,38386,30908
32684,38389,30912
32768,38365,30895
32849,38369,30916
32864,38364,30903
32924,38365,30924
32948,38391,30919
32952,38385,30920
32960,38375,30921
32932,38356,30919
32856,38373,30908
32772,38354,30937
32756,38364,30941
32740,38364,30936
32780,38365,30919
32800,38367,30927
32808,38357,30932
32816,38346,30941
32788,38340,30951
32749,38335,30942
32740,38351,30940
32748,38300,30950
32756,38330,30962
32812,38324,30967
32848,38351,30956
32830,38311,30961
32872,38311,30959
32864,38340,30973
32804,38335,30959
32764,38323,30983
32740,38336,30980
32704,38311,30975
32704,38324,30967
32718,38324,30996
32775,38315,30983
32805,38313,30983
32780,38343,30983
32796,38299,30983
32804,38319,30996
32756,38303,30990
32704,38327,30989
32688,38279,30988
32704,38295,30980
32720,38316,30983
32736,38327,31004
32740,38302,30997
32744,38310,30999
32796,38301,30977
32720,38317,30995
32492,38303,31007
32196,38301,30989
31828,38287,30991
31532,38311,30996
31330,38273,31009
31300,38306,30994
31422,38301,30993
31572,38293,31004
32000,38279,31007
32496,38307,31007
33034,38277,31001
33928,38290,30997
35484,38266,31005
37569,38279,31017
40037,38252,31012
42780,38252,31009
45575,38249,30997
48252,38233,31017
50456,38237,31020
51948,38229,31012
52704,38230,31007
52292,38226,31024
50724,38215,31010
48436,38215,31012
45852,38228,31031
43028,38247,31017
39808,38260,31014
37192,38271,31021
35400,38260,31024
34100,38276,31035
33132,38246,31025
32288,38253,31012
31644,38253,31047
31160,38245,31045
30876,38258,31044
30656,38276,31037
30556,38276,31070
30460,38271,31061
30360,38227,31065
30233,38215,31050
30112,38247,31067
29992,38217,31057
29902,38247,31052
29836,38244,31048
29788,38233,31029
29789,38231,31038
29804,38252,31025
29808,38205,31001
29816,38234,30983
29828,38245,30965
29836,38215,30972
29860,38231,30960
29896,38223,30945
29864,38223,30923
29868,38215,30935
29900,38250,30916
29932,38197,30911
30008,38217,30893
30046,38215,30885
30040,38245,30884
30086,38196,30884
30144,38176,30855
30212,38212,30853
30220,38215,30837
30278,38201,30816
30340,38230,30824
30392,38231,30815
30433,38192,30796
30420,38177,30789
30416,38175,30784
30434,38219,30783
30448,38215,30772
30480,38208,30761
30484,38211,30781
30541,38191,30763
30572,38188,30770
30586,38194,30751
30596,38220,30769
30644,38223,30753
30604,38167,30759
30584,38167,30748
30621,38147,30772
30636,38196,30751
30662,38190,30751
30689,38187,30754
30752,38191,30743
30821,38183,30756
30868,38151,30755
30916,38189,30727
30952,38182,30763
30977,38172,30736
31007,38191,30749
31008,38182,30743
31032,38180,30727
31048,38180,30753
31066,38179,30740
31129,38189,30742
31176,38205,30727
31216,38196,30735
31272,38193,30735
31296,38183,30727
31360,38180,30718
31348,38164,30719
31376,38164,30717
31456,38167,30725
31516,38188,30715
31556,38199,30711
31572,38199,30688
31596,38179,30716
31616,38173,30689
31669,38127,30689
31676,38173,30670
31716,38173,30699
31761,38173,30662
31812,38169,30655
31886,38148,30642
31904,38183,30629
31908,38182,30626
31940,38147,30629
32036,38177,30594
32112,38164,30580
32148,38151,30564
32172,38151,30560
32218,38151,30542
32241,38150,30546
32297,38147,30527
32312,38151,30511
32300,38183,30471
32345,38175,30484
32385,38175,30478
32436,38151,30445
32416,38146,30425
32408,38151,30413
32416,38167,30427
32448,38170,30389
32512,38127,30375
32536,38141,30373
32548,38167,30373
32598,38157,30337
32604,38151,30319
32616,38141,30317
32608,38151,30319
32608,38151,30285
32592,38151,30262
32549,38151,30299
32516,38148,30255
32484,38139,30239
32505,38135,30256
32420,38135,30215
32344,38135,30197
32280,38129,30210
32252,38116,30182
32225,38131,30163
32172,38132,30193
32107,38141,30156
32037,38104,30133
32044,38132,30130
32036,38131,30127
32000,38105,30103
31956,38133,30102
31888,38109,30121
31844,38117,30080
31780,38105,30081
31776,38103,30057
31790,38095,30101
31824,38100,30052
31832,38097,30049
31820,38103,30044
31777,38100,30044
31740,38089,30012
31744,38089,29995
31748,38087,30033
31744,38071,29993
31732,38090,29992
31740,38107,29965
31792,38104,29997
31840,38055,29988
31874,38094,29953
31896,38087,29953
31874,38101,29933
31868,38101,29925
31840,38047,29953
31824,38087,29919
31832,38075,29900
31860,38098,29900
31925,38101,29885
31961,38106,29877
31976,38109,29900
32037,38061,29854
32068,38087,29868
32016,38069,29855
32024,38055,29855
32056,38076,29884
32076,38084,29834
32100,38044,29852
32144,38087,29825
32184,38067,29836
32212,38069,29861
32228,38061,29810
32252,38072,29813
32244,38028,29789
32236,38063,29774
32236,38048,29825
32264,38047,29792
32269,38043,29767
32240,38067,29741
32238,38083,29764
32268,38052,29766
32316,38069,29721
32309,38028,29703
32324,38023,29724
32352,38023,29703
32364,38012,29693
32385,38045,29699
32389,38047,29673
32384,38053,29668
32421,38044,29671
32452,38045,29649
32464,38052,29622
32472,38031,29668
32444,38061,29624
32440,38050,29630
32452,37988,29631
32468,38039,29654
32480,38023,29612
32485,38058,29599
32496,38063,29620
32516,38045,29628
32568,38049,29576
32608,38036,29601
32620,38021,29568
32636,38039,29562
32604,37991,29628
32628,38036,29591
32636,38023,29552
32588,38014,29573
32592,38052,29548
32650,38055,29568
32672,38004,29589
32644,38029,29582
32633,38021,29540
32606,38023,29547
32612,38031,29529
32636,37985,29516
32681,38015,29508
32690,38007,29496
32661,38020,29540
32716,38012,29497
32736,38015,29487
32716,38045,29544
32732,38033,29493
32752,37991,29488
32768,37978,29480
32746,38023,29493
32706,38015,29532
32770,38009,29501
32806,38001,29485
32792,38007,29460
32748,38033,29483
32757,38023,29483
32752,38023,29463
32726,37983,29467
32708,38005,29447
32714,37989,29489
32724,37995,29489
32772,38007,29441
32828,37999,29446
32812,38023,29493
32812,38023,29457
32776,38021,29458
32796,37981,29430
32788,38005,29486
32761,37983,29503
32781,38001,29476
32832,37997,29436
32812,37966,29447
32845,38001,29429
32844,37991,29444
32784,37991,29485
32778,37983,29433
32776,37999,29444
32780,37999,29421
32800,37998,29486
32792,37955,29436
32800,37972,29433
32814,37991,29439
32831,37947,29447
32884,37983,29447
32844,37969,29428
32860,37984,29423
32832,37970,29464
32832,37957,29458
32824,37959,29460
32820,37943,29447
32804,37955,29508
32817,37948,29441
32816,37943,29457
32824,37975,29439
32836,37940,29504
32832,37963,29501
32778,37957,29455
32768,37940,29475
32832,37925,29468
32856,37941,29462
32832,37955,29479
32864,37927,29505
32869,37941,29509
32896,37925,29473
32908,37953,29494
32860,37895,29479
32892,37887,29530
32892,37895,29479
32932,37924,29504
32928,37924,29481
32861,37914,29551
32860,37921,29501
32877,37945,29506
32924,37913,29517
32968,37935,29500
32945,37924,29545
32956,37914,29551
32966,37911,29509
32872,37918,29527
32876,37933,29508
32881,37892,29551
32904,37894,29527
32928,37935,29525
32954,37925,29522
32940,37917,29520
32924,37931,29513
32886,37915,29527
32848,37895,29556
32820,37909,29525
32772,37895,29537
32821,37895,29521
32804,37912,29556
32768,37927,29573
32736,37932,29527
32676,37916,29535
32632,37895,29513
32644,37895,29551
32617,37887,29548
32632,37895,29515
32680,37884,29518
32720,37884,29497
32744,37879,29537
32728,37911,29530
32756,37895,29507
32824,37895,29505
32876,37895,29537
32936,37887,29508
32948,37876,29500
32948,37895,29487
32948,37895,29497
32968,37885,29480
32944,37887,29479
32980,37903,29543
33044,37916,29476
33080,37915,29478
33156,37863,29482
33230,37892,29461
33260,37879,29418
33292,37863,29473
33302,37893,29492
33324,37895,29445
33344,37895,29439
33292,37895,29456
33248,37876,29474
33193,37887,29479
33184,37871,29431
33138,37895,29417
33124,37883,29433
33124,37881,29442
33148,37863,29429
33144,37884,29425
33194,37841,29437
33234,37881,29484
33256,37869,29472
33236,37891,29453
33230,37884,29472
33224,37884,29466
33240,37879,29466
33232,37869,29533
33206,37861,29494
33180,37861,29515
33184,37845,29508
33220,37887,29533
33196,37863,29572
33200,37877,29542
33216,37874,29535
33204,37845,29549
33172,37829,29532
33164,37863,29583
33156,37849,29542
33132,37847,29559
33129,37847,29528
33124,37877,29575
33144,37873,29531
33120,37837,29527
33108,37866,29526
33068,37861,29511
33120,37851,29509
33132,37837,29483
33072,37861,29512
32984,37833,29460
32845,37817,29445
32560,37867,29483
32252,37871,29429
31940,37860,29399
31772,37841,29447
31784,37831,29381
31905,37848,29380
32068,37859,29342
32473,37849,29387
33008,37855,29325
33604,37863,29297
34524,37863,29337
35976,37835,29277
37952,37840,29259
40320,37831,29245
42796,37824,29256
45260,37797,29209
47636,37789,29170
49628,37796,29221
51044,37797,29139
51784,37804,29116
51420,37799,29117
49752,37799,29129
47552,37812,29057
45132,37823,29037
42332,37813,28998
39244,37825,29039
36884,37838,28987
35344,37835,28953
34208,37845,28917
33413,37845,28972
32748,37828,28898
32144,37860,28872
31740,37855,28868
31508,37839,28819
31360,37851,28844
31232,37853,28839
31132,37831,28832
31069,37847,28784
31012,37817,28724
30930,37841,28679
30846,37809,28679
30706,37853,28627
30623,37856,28597
30580,37853,28645
30519,37825,28573
30516,37850,28503
30484,37797,28493
30508,37828,28436
30536,37853,28359
30580,37829,28420
30584,37852,28363
30608,37868,28278
30620,37844,28277
30633,37855,28217
30636,37847,28233
30680,37855,28174
30676,37806,28143
30720,37852,28071
30788,37831,28141
30836,37822,28026
30856,37862,28019
30880,37863,27957
30864,37815,28025
30872,37852,27924
30861,37831,27897
30900,37819,27845
30903,37839,27857
30945,37788,27886
30985,37825,27863
31044,37831,27770
31092,37850,27740
31154,37855,27749
31192,37823,27785
31224,37843,27684
31224,37823,27703
31254,37845,27685
31220,37788,27640
31172,37823,27617
31200,37847,27706
31300,37859,27689
31327,37820,27609
31344,37852,27574
31368,37832,27590
31391,37862,27564
31392,37829,27536
31421,37842,27608
31434,37828,27636
31461,37861,27531
31481,37857,27508
31508,37853,27525
31544,37851,27478
31524,37871,27511
31576,37874,27575
31600,37849,27559
31608,37868,27534
31647,37844,27436
31653,37857,27461
31724,37859,27410
31776,37842,27473
31776,37876,27511
31804,37869,27407
31804,37859,27382
31841,37873,27399
31812,37871,27369
31816,37823,27354
31822,37860,27460
31849,37847,27405
31920,37849,27372
31936,37831,27327
31968,37879,27430
32016,37863,27337
32064,37876,27335
32100,37875,27313
32116,37860,27349
32106,37869,27348
32152,37883,27270
32224,37841,27289
32260,37871,27244
32340,37863,27351
32388,37860,27241
32412,37865,27261
32430,37863,27200
32470,37892,27265
32476,37886,27201
32460,37884,27209
32525,37837,27165
32545,37871,27283
32612,37861,27153
32636,37861,27173
32660,37895,27127
32708,37889,27229
32708,37857,27167
32736,37891,27105
32740,37872,27132
32720,37884,27129
32696,37879,27063
32700,37876,27186
32676,37868,27142
32725,37860,27074
32762,37895,27100
32788,37892,27060
32792,37885,27047
32768,37891,27183
32716,37864,27162
32660,37884,27053
32644,37876,27052
32592,37871,27149
32538,37863,27057
32464,37863,27077
32408,37895,27047
32373,37877,27071
32321,37882,27119
32268,37868,27049
32200,37868,27062
32124,37884,27084
32096,37887,27157
32092,37877,27055
32033,37876,27092
32007,37863,27060
31910,37857,27181
31856,37893,27127
31876,37879,27072
31880,37886,27104
31820,37869,27071
31766,37854,27215
31753,37852,27091
31760,37871,27102
31720,37853,27124
31744,37854,27155
31767,37868,27117
31772,37861,27116
31764,37839,27121
31800,37871,27207
31836,37824,27242
31844,37847,27172
31853,37855,27183
31856,37805,27178
31816,37847,27205
31818,37828,27295
31840,37855,27182
31868,37858,27221
31876,37853,27183
31862,37836,27181
31848,37863,27277
31884,37807,27268
31884,37839,27234
31879,37823,27251
31908,37842,27237
31924,37833,27240
31924,37817,27303
31952,37852,27376
31986,37863,27298
32008,37813,27333
32052,37833,27317
32020,37827,27385
32025,37836,27435
32008,37828,27458
32028,37815,27399
32024,37839,27412
32084,37799,27428
32132,37831,27412
32158,37827,27538
32132,37845,27515
32145,37798,27455
32165,37824,27503
32166,37807,27484
32172,37834,27489
32207,37819,27580
32264,37822,27629
32260,37809,27583
32304,37799,27582
32320,37835,27553
32272,37817,27677
32244,37820,27592
32260,37815,27605
32320,37818,27726
32340,37819,27655
32320,37783,27692
32348,37817,27670
32376,37813,27799
32400,37812,27747
32438,37839,27748
32448,37818,27751
32452,37802,27801
32480,37823,27901
32472,37789,27911
32532,37797,27873
32526,37819,27869
32544,37808,27925
32528,37782,27912
32556,37818,28036
32596,37812,27975
32588,37807,28020
32540,37788,28033
32516,37823,28099
32504,37821,28084
32518,37761,28123
32557,37807,28188
32593,37809,28133
32620,37799,28185
32649,37799,28257
32640,37830,28295
32660,37815,28263
32648,37799,28262
32588,37787,28285
32542,37783,28308
32528,37807,28377
32525,37791,28397
32576,37791,28391
32612,37797,28383
32600,37823,28449
32562,37823,28444
32521,37815,28429
32511,37799,28527
32536,37789,28540
32546,37805,28516
32540,37797,28528
32552,37767,28623
32576,37805,28557
32625,37805,28580
32636,37789,28603
32612,37824,28679
32584,37778,28649
32572,37814,28652
32568,37789,28637
32557,37804,28738
32594,37793,28672
32645,37779,28679
32615,37804,28756
32628,37799,28708
32644,37796,28733
32672,37820,28712
32707,37767,28800
32692,37788,28767
32676,37804,28773
32696,37796,28749
32670,37759,28789
32610,37796,28773
32585,37791,28836
32624,37793,28799
32656,37799,28785
32652,37799,28837
32652,37826,28793
32696,37819,28804
32668,37778,28842
32656,37805,28808
32708,37767,28807
32725,37791,28879
32720,37789,28829
32692,37813,28841
32685,37817,28903
32692,37789,28879
32716,37810,28863
32728,37792,28836
32728,37785,28909
32728,37797,28874
32680,37798,28861
32622,37795,28885
32662,37785,28890
32673,37785,28870
32728,37805,28859
32732,37809,28902
32684,37772,28898
32684,37796,28864
32716,37767,28957
32717,37799,28887
32679,37789,28901
32716,37779,28879
32735,37799,28921
32708,37799,28959
32721,37787,28900
32745,37801,28909
32742,37791,28879
32736,37749,28940
32762,37785,28941
32728,37765,28885
32720,37789,28903
32724,37767,28881
32744,37789,28959
32736,37780,28895
32744,37793,28906
32750,37797,28870
32756,37757,28959
32762,37789,28882
32768,37767,28898
32768,37785,28895
32728,37757,28957
32688,37773,28901
32700,37767,28893
32744,37767,28957
32756,37804,28945
32728,37807,28900
32620,37791,28898
32544,37780,28980
32524,37797,28935
32524,37781,28940
32576,37791,28908
32612,37783,28996
32636,37780,28972
32644,37781,28959
32680,37804,28949
32728,37781,28964
32736,37817,28951
32784,37801,29015
32814,37767,28977
32884,37796,29005
32928,37783,28978
33004,37774,29053
33032,37799,29006
33044,37761,29023
33031,37796,29029
33004,37788,29020
32997,37789,29026
33057,37784,29087
33120,37779,29093
33192,37795,29063
33240,37759,29079
33284,37785,29071
33288,37775,29110
33336,37805,29130
33328,37809,29095
33296,37799,29119
33252,37789,29102
33197,37783,29175
33136,37767,29129
33088,37767,29172
33065,37777,29136
33049,37767,29134
33068,37783,29184
33113,37767,29173
33104,37785,29175
33136,37751,29151
33144,37767,29169
33160,37788,29205
33144,37743,29175
33124,37759,29183
33124,37767,29166
33152,37767,29240
33148,37729,29178
33144,37751,29191
33134,37749,29201
33137,37785,29183
33148,37741,29243
33136,37759,29203
33144,37748,29222
33128,37764,29191
33124,37743,29221
33125,37727,29231
33144,37761,29217
33152,37757,29196
33164,37783,29222
33176,37791,29252
33172,37767,29206
33160,37767,29215
33116,37777,29191
33096,37725,29198
33100,37765,29229
33140,37767,29245
33108,37737,29217
32992,37767,29200
32824,37767,29175
32593,37783,29244
32285,37789,29186
32012,37759,29191
31880,37733,29207
31933,37773,29175
32104,37759,29173
32408,37777,29189
32908,37767,29181
33408,37767,29148
33996,37798,29180
34948,37757,29217
36359,37767,29167
38204,37781,29152
40380,37759,29156
42556,37750,29164
44664,37736,29143
46704,37735,29201
48348,37733,29140
49488,37743,29135
49992,37740,29132
49288,37745,29130
47412,37759,29127
45228,37759,29106
42952,37767,29170
40292,37756,29137
37500,37767,29114
35560,37789,29123
34368,37791,29094
33576,37788,29159
33020,37783,29096
32516,37788,29116
32068,37781,29103
31740,37809,29095
31580,37799,29159
31480,37796,29143
31392,37794,29094
31317,37777,29103
31250,37783,29128
31176,37812,29084
31117,37812,29095
31076,37799,29063
31060,37780,29115
30980,37759,29071
30917,37795,29058
30924,37786,29075
30912,37767,29007
30932,37797,29008
30942,37767,28984
30949,37791,28951
30932,37796,28973
30928,37791,28918
30944,37805,28901
30908,37796,28857
30958,37791,28845
30980,37791,28873
30992,37767,28813
31088,37764,28789
31108,37783,28766
31080,37783,28764
31136,37799,28723
31172,37813,28679
31177,37799,28737
31212,37801,28647
31196,37788,28654
31213,37756,28599
31244,37759,28645
31272,37772,28652
31304,37797,28600
31336,37763,28548
31344,37799,28557
31350,37795,28522
31380,37811,28573
31400,37793,28588
31412,37773,28517
31428,37755,28535
31464,37785,28508
31532,37787,28570
31564,37789,28545
31598,37772,28532
31628,37811,28517
31624,37765,28585
31622,37791,28614
31670,37807,28551
31700,37759,28572
31788,37783,28553
31768,37765,28630
31748,37797,28591
31713,37805,28593
31748,37799,28597
31776,37793,28656
31816,37831,28604
31845,37815,28628
31828,37799,28617
31837,37815,28612
31904,37767,28689
31944,37789,28641
31997,37819,28652
32072,37807,28660
32104,37804,28645
32112,37831,28690
32148,37815,28727
32180,37828,28726
32198,37801,28751
32176,37815,28711
32220,37799,28680
32248,37791,28704
32292,37812,28711
32340,37767,28690
32396,37809,28780
32401,37799,28725
32456,37801,28720
32468,37805,28719
32472,37814,28703
32474,37813,28774
32512,37801,28703
32570,37772,28708
32631,37809,28686
32704,37806,28679
32768,37805,28737
32808,37825,28696
32844,37822,28663
32833,37796,28648
32893,37813,28615
32932,37799,28689
32928,37799,28627
32908,37791,28597
32864,37805,28583
32848,37814,28591
32940,37771,28620
32968,37796,28574
32992,37823,28529
33012,37804,28514
33008,37815,28513
33012,37764,28475
33012,37797,28506
33052,37783,28519
33056,37791,28452
33046,37793,28447
33044,37786,28423
33056,37813,28399
33068,37799,28455
33028,37799,28438
32956,37783,28353
32868,37799,28374
32792,37797,28354
32716,37780,28329
32633,37799,28307
32544,37792,28388
32485,37775,28310
32440,37805,28279
32408,37799,28287
32340,37799,28252
32228,37788,28263
32102,37765,28282
32021,37780,28231
32005,37802,28223
31960,37799,28187
31937,37779,28231
31901,37806,28217
31836,37804,28156
31781,37784,28132
31768,37772,28195
31748,37797,28120
31736,37791,28117
31720,37757,28091
31696,37767,28065
31700,37783,28039
31692,37783,28117
31669,37751,28055
31688,37776,28017
31696,37799,27996
31704,37750,27972
31732,37765,27944
31737,37788,27937
31724,37764,27921
31736,37775,28007
31792,37783,27909
31824,37738,27892
31818,37783,27887
31817,37767,27857
31830,37799,27830
31844,37751,27874
31832,37787,27877
31832,37757,27858
31856,37773,27783
31904,37735,27765
31960,37758,27768
31912,37775,27767
31928,37740,27772
31964,37769,27748
31993,37757,27725
31980,37783,27809
32008,37774,27817
31998,37775,27748
32004,37759,27707
32032,37735,27733
32072,37757,27727
32080,37783,27707
32076,37780,27688
32108,37755,27676
32118,37749,27735
32137,37767,27777
32133,37789,27772
32132,37732,27687
32120,37767,27657
32156,37773,27687
32200,37735,27650
32236,37763,27746
32244,37772,27643
32252,37751,27676
32257,37778,27651
32264,37781,27617
32264,37738,27697
32276,37753,27724
32292,37767,27636
32316,37723,27655
32292,37730,27655
32328,37742,27649
32320,37767,27618
32328,37783,27687
32372,37726,27718
32416,37751,27645
32408,37767,27628
32428,37756,27638
32432,37762,27650
32401,37747,27676
32390,37717,27647
32408,37767,27721
32448,37751,27757
32392,37739,27654
32384,37757,27692
32416,37725,27687
32444,37735,27761
32420,37751,27716
32412,37713,27716
32424,37740,27673
32392,37744,27775
32428,37743,27742
32484,37725,27711
32480,37751,27749
32500,37747,27727
32492,37763,27709
32504,37729,27708
32477,37737,27817
32492,37720,27735
32524,37725,27740
32525,37741,27684
32508,37703,27832
32533,37741,27748
32548,37719,27751
32516,37741,27780
32476,37723,27783
32474,37711,27778
32458,37718,27770
32448,37686,27791
32480,37709,27799
32484,37695,27799
32501,37733,27783
32536,37721,27903
32576,37751,27815
32592,37737,27841
32584,37727,27812
32604,37736,27816
32580,37719,27931
32560,37708,27948
32496,37725,27879
32520,37717,27869
32560,37711,27869
32580,37733,27895
32608,37729,27906
32621,37743,27900
32592,37727,27898
32574,37729,27900
32568,37724,27981
32572,37717,27969
32566,37701,27951
32584,37725,27950
32584,37729,27999
32612,37727,28055
32600,37709,27975
32648,37693,28007
32660,37729,27980
32609,37729,28100
32596,37711,28010
32588,37729,28039
32584,37687,28038
32624,37719,28046
32672,37703,28108
32700,37727,28085
32696,37739,28057
32677,37712,28130
32652,37711,28095
32640,37733,28124
32660,37713,28106
32652,37710,28205
32640,37699,28132
32664,37711,28151
32704,37727,28135
32704,37724,28221
32730,37714,28198
32776,37690,28170
32736,37727,28167
32710,37717,28255
32644,37727,28204
32637,37676,28188
32662,37716,28252
32684,37711,28263
32684,37696,28205
32692,37719,28232
32708,37734,28229
32724,37709,28223
32704,37708,28212
32700,37719,28214
32641,37700,28271
32584,37707,28321
32542,37714,28286
32532,37679,28265
32540,37705,28249
32528,37705,28254
32519,37735,28229
32488,37689,28319
32392,37719,28325
32360,37725,28290
32344,37687,28248
32356,37703,28260
32356,37674,28236
32407,37717,28319
32444,37673,28313
32440,37719,28233
32440,37711,28270
32472,37727,28236
32540,37698,28276
32551,37713,28319
32588,37699,28241
32628,37692,28269
32660,37709,28255
32686,37700,28233
32712,37724,28303
32764,37713,28327
32792,37692,28287
32852,37697,28228
32926,37705,28220
32976,37712,28237
32996,37711,28229
33034,37695,28252
33077,37703,28225
33104,37722,28215
33104,37719,28260
33072,37719,28299
33037,37727,28300
32992,37676,28289
32988,37703,28229
32972,37724,28209
32984,37671,28241
33012,37693,28226
33044,37709,28204
33037,37658,28279
33048,37697,28210
33052,37691,28231
33076,37706,28197
33074,37719,28289
33036,37703,28225
33022,37700,28231
33004,37687,28189
32988,37679,28262
32975,37700,28205
32928,37693,28205
32974,37716,28207
32961,37708,28196
32964,37700,28219
32980,37711,28201
32960,37709,28227
32944,37699,28268
32956,37677,28223
32936,37709,28204
32920,37704,28243
32924,37687,28230
32920,37715,28206
32885,37671,28196
32868,37703,28260
32856,37727,28249
32856,37716,28228
32865,37693,28199
32908,37703,28183
32956,37655,28205
32872,37690,28175
32764,37676,28271
32557,37708,28213
32332,37701,28166
32033,37695,28167
31764,37711,28179
31645,37694,28216
31702,37705,28255
31885,37663,28177
32112,37676,28175
32580,37695,28189
33120,37649,28158
33732,37689,28188
34688,37709,28238
36140,37709,28207
38032,37695,28165
40224,37679,28153
42444,37670,28139
44628,37665,28226
46744,37639,28176
48352,37652,28183
49400,37639,28150
49844,37653,28167
49088,37671,28164
47176,37670,28137
45028,37684,28233
42761,37679,28136
40052,37693,28167
37312,37684,28143
35428,37681,28223
34216,37711,28175
33422,37708,28137
32840,37713,28242
32332,37707,28167
31885,37700,28190
31564,37731,28212
31436,37706,28243
31308,37682,28191
31217,37709,28244
31134,37702,28185
31041,37700,28161
30972,37692,28175
30908,37695,28191
30850,37725,28259
30820,37671,28164
30756,37711,28193
30764,37695,28179
30728,37710,28220
30696,37708,28157
30669,37692,28160
30680,37693,28123
30719,37702,28187
30700,37719,28105
30734,37711,28094
30784,37708,28167
30820,37717,28102
30868,37727,28098
30876,37693,28086
30910,37668,28127
30932,37711,28089
30960,37701,28039
30976,37699,28127
31020,37696,28077
31049,37704,28134
31060,37721,28039
31077,37717,28059
31145,37725,28061
31204,37719,28106
31250,37701,28074
31300,37683,28050
31332,37727,28149
31360,37731,28093
31376,37735,28164
31342,37743,28104
31372,37743,28181
31412,37711,28121
31406,37736,28121
31400,37719,28233
31444,37735,28186
31500,37695,28210
31533,37693,28235
31490,37724,28277
31492,37716,28271
31569,37735,28295
31638,37735,28312
31657,37745,28321
31628,37740,28407
31646,37716,28364
31636,37708,28367
31656,37671,28420
31676,37711,28440
31696,37703,28415
31720,37730,28533
31746,37739,28484
31816,37729,28473
31844,37695,28556
31880,37725,28527
31913,37714,28509
31908,37703,28604
31912,37719,28564
31922,37708,28567
31988,37710,28576
32020,37717,28652
32080,37709,28595
32108,37729,28612
32128,37732,28695
32141,37719,28663
32164,37707,28670
32184,37733,28652
32192,37700,28741
32230,37704,28715
32276,37694,28709
32308,37727,28711
32352,37732,28734
32436,37713,28751
32534,37741,28729
32538,37740,28749
32544,37688,28720
32552,37723,28706
32596,37693,28738
32646,37727,28717
32696,37687,28730
32736,37724,28756
32809,37717,28696
32884,37708,28709
32940,37741,28668
32940,37735,28748
32964,37724,28693
32992,37701,28676
33028,37725,28678
33056,37711,28638
33056,37725,28692
33078,37719,28699
33125,37741,28668
33096,37735,28606
33093,37724,28615
33124,37741,28585
33116,37719,28567
33100,37735,28610
33112,37694,28605
33122,37721,28581
33086,37723,28549
33096,37733,28519
33089,37719,28556
33060,37741,28576
33012,37735,28516
32944,37759,28484
32876,37748,28465
32788,37725,28543
32712,37743,28486
32652,37698,28468
32580,37735,28421
32492,37725,28499
32464,37754,28463
32424,37741,28388
32324,37727,28406
32224,37740,28364
32152,37733,28380
32116,37727,28415
32105,37722,28324
32036,37703,28327
31996,37731,28277
31982,37719,28368
31968,37729,28293
31972,37733,28274
31961,37719,28227
31900,37719,28301
31838,37733,28265
31772,37681,28195
31760,37716,28179
31760,37695,28216
31764,37719,28150
31768,37717,28156
31772,37703,28122
31776,37733,28096
31784,37709,28115
31832,37702,28167
31808,37694,28133
31794,37668,28076
31844,37691,28039
31864,37679,28077
31862,37709,28060
31900,37663,28010
31928,37695,27989
31936,37696,28060
31908,37717,27966
31912,37691,27945
31872,37671,28029
31876,37684,27925
31922,37665,27938
31948,37688,27891
31968,37698,27996
32016,37694,27895
32033,37679,27888
32024,37703,27986
32044,37673,27904
32080,37708,27905
32068,37676,27972
32088,37695,27879
32084,37676,27900
32088,37703,27913
32112,37649,27945
32105,37692,27886
32140,37679,27899
32177,37703,27937
32172,37665,27893
32196,37701,27887
32246,37663,27861
32228,37649,27880
32264,37675,27941
32260,37700,27911
32296,37689,27898
32277,37671,27854
32288,37696,27871
32324,37703,27827
32332,37681,27927
32352,37679,27899
32352,37701,27859
32348,37639,27860
32348,37679,27825
32408,37660,27889
32484,37660,27831
32508,37695,27853
32432,37679,27903
32424,37669,27836
32432,37687,27868
32424,37675,27878
32437,37665,27885
32460,37693,27871
32477,37684,27847
32489,37677,27911
32496,37676,27895
32551,37639,27909
32580,37680,27941
32592,37679,27880
32624,37670,27894
32620,37687,27936
32592,37695,27960
32552,37636,27914
32533,37673,27911
32564,37639,27903
32573,37687,27989
32584,37682,27919
32576,37679,27940
32584,37708,27948
32625,37663,27927
32623,37678,28001
32612,37697,28021
32652,37695,27956
32648,37679,27977
32644,37687,27957
32647,37639,28053
32615,37669,28069
32620,37708,27996
32632,37665,27992
32680,37695,28034
32692,37699,28066
32704,37699,28015
32704,37694,28023
32678,37677,28104
32661,37663,28073
32660,37695,28061
32660,37665,28035
32676,37693,28129
32672,37695,28087
32653,37685,28072
32684,37701,28110
32692,37702,28167
32656,37679,28139
32641,37684,28103
32660,37691,28132
32708,37655,28139
32728,37701,28143
32694,37691,28148
32712,37707,28135
32740,37671,28200
32722,37684,28232
32710,37705,28167
32674,37659,28204
32646,37676,28211
32640,37695,28196
32644,37673,28193
32620,37699,28296
32648,37698,28231
32676,37711,28258
32676,37703,28237
32692,37706,28348
32688,37685,28281
32712,37672,28311
32724,37700,28296
32740,37671,28388
32752,37686,28335
32742,37677,28359
32740,37707,28378
32729,37699,28356
32689,37691,28448
32680,37705,28402
32668,37655,28404
32672,37679,28423
32644,37693,28423
32632,37653,28501
32612,37679,28519
32613,37707,28468
32632,37711,28505
32641,37691,28532
32652,37707,28525
32672,37686,28529
32620,37687,28535
32592,37687,28575
32556,37639,28620
32528,37687,28565
32504,37671,28603
32494,37703,28585
32448,37697,28679
32432,37693,28628
32388,37717,28631
32384,37665,28647
32364,37679,28633
32350,37703,28735
32337,37703,28671
32349,37639,28700
32340,37691,28685
32396,37688,28765
32412,37689,28733
32406,37711,28727
32462,37716,28807
32480,37703,28766
32520,37697,28762
32568,37685,28831
32612,37670,28780
32672,37671,28807
32712,37699,28837
32733,37703,28820
32752,37709,28821
32740,37671,28865
32752,37703,28900
32752,37693,28862
32852,37702,28876
32894,37701,28868
32946,37695,28955
32972,37687,28893
33024,37684,28902
33036,37694,28964
32984,37708,28924
32964,37704,28957
32920,37695,28931
32904,37703,29004
32892,37709,28948
32865,37692,28972
32868,37639,29020
32830,37673,29015
32824,37669,29013
32865,37703,28981
32916,37695,29060
32960,37692,29015
32932,37683,29014
32909,37709,29068
32908,37646,29085
32904,37681,29033
32911,37671,29060
32892,37684,29071
32917,37660,29052
32944,37639,29108
32962,37661,29095
32937,37685,29087
32952,37681,29157
32960,37673,29102
32928,37667,29108
32854,37694,29148
32864,37663,29176
32848,37673,29134
32804,37669,29137
32828,37687,29147
32884,37671,29203
32940,37688,29209
32956,37678,29183
32956,37669,29163
32953,37669,29225
32916,37639,29209
32881,37675,29140
32828,37681,29251
32689,37671,29198
32492,37689,29213
32216,37693,29201
31940,37676,29265
31724,37711,29279
31632,37676,29246
31674,37650,29257
31840,37639,29271
32165,37650,29261
32696,37687,29267
33212,37695,29261
33905,37671,29284
35000,37686,29333
36628,37696,29319
38612,37695,29292
40808,37682,29306
42976,37676,29320
45164,37665,29305
47180,37663,29367
48636,37655,29349
49524,37660,29334
49704,37671,29357
48592,37677,29333
46620,37683,29369
44544,37693,29396
42188,37700,29401
39456,37705,29380
36884,37713,29380
35256,37719,29432
34144,37711,29433
33360,37719,29407
32732,37687,29412
32176,37691,29465
31772,37726,29471
31476,37711,29448
31312,37735,29452
31189,37729,29468
31084,37727,29464
31013,37729,29521
30924,37703,29520
30860,37692,29517
30808,37713,29517
30780,37725,29515
30729,37715,29499
30701,37716,29562
30656,37695,29521
30624,37725,29533
30588,37717,29506
30572,37717,29554
30540,37714,29530
30602,37708,29525
30648,37693,29504
30684,37717,29517
30694,37729,29493
30716,37741,29492
30684,37686,29471
30688,37725,29497
30693,37711,29511
30745,37689,29511
30792,37720,29521
30864,37695,29514
30868,37709,29494
30912,37711,29501
30935,37724,29479
30984,37745,29452
30984,37692,29461
30984,37712,29453
30988,37707,29447
31007,37698,29447
31042,37700,29505
31090,37728,29466
31156,37732,29471
31185,37695,29470
31204,37729,29468
31248,37723,29509
31252,37729,29484
31264,37717,29501
31276,37715,29503
31285,37709,29551
31292,37733,29573
31320,37727,29559
31376,37729,29564
31436,37735,29567
31476,37733,29585
31508,37722,29635
31513,37741,29619
31537,37740,29612
31576,37735,29623
31621,37735,29623
31628,37679,29659
31663,37735,29691
31712,37732,29701
31756,37731,29700
31717,37759,29703
31764,37734,29688
31802,37701,29691
31784,37729,29699
31806,37712,29688
31832,37732,29689
31853,37732,29743
31868,37703,29736
31876,37741,29716
31905,37737,29718
31988,37735,29725
32012,37719,29757
32052,37741,29734
32081,37721,29735
32080,37741,29710
32161,37733,29751
32250,37716,29739
32264,37732,29725
32284,37735,29719
32332,37743,29750
32393,37725,29726
32461,37733,29703
32464,37725,29687
32500,37719,29712
32517,37748,29697
32546,37713,29661
32584,37724,29650
32668,37751,29629
32704,37727,29602
32724,37755,29600
32764,37743,29607
32800,37767,29580
32858,37725,29532
32876,37751,29519
32892,37740,29477
32928,37733,29514
32936,37735,29447
32968,37743,29412
32992,37749,29444
33010,37767,29385
33022,37789,29368
33036,37756,29325
33048,37735,29357
33072,37725,29318
33028,37757,29264
33029,37751,29303
33024,37767,29234
33024,37783,29209
33024,37781,29242
33012,37793,29176
32992,37780,29164
32944,37789,29122
32856,37767,29142
32808,37780,29141
32700,37784,29076
32612,37785,29043
32546,37747,29069
32492,37767,29071
32424,37767,28999
32365,37789,28998
32300,37799,28956
32249,37751,28953
32168,37773,28969
32088,37780,28923
32066,37791,28873
32016,37743,28869
31960,37767,28857
31900,37767,28816
31828,37777,28781
31849,37793,28839
31832,37750,28797
31812,37783,28737
31812,37767,28730
31783,37789,28697
31736,37785,28710
31744,37788,28700
31752,37735,28647
31769,37767,28612
31812,37767,28632
31804,37761,28631
31790,37767,28577
31764,37791,28562
31740,37783,28505
31764,37733,28579
31773,37767,28556
31774,37751,28500
31772,37774,28481
31796,37745,28438
31824,37767,28448
31912,37767,28412
31954,37789,28373
31968,37787,28431
31965,37783,28438
31972,37761,28407
31940,37777,28343
31936,37733,28308
31932,37767,28319
31946,37780,28288
31976,37739,28270
32037,37783,28343
32012,37777,28272
32008,37767,28260
32052,37788,28269
32065,37749,28261
32100,37767,28242
32137,37767,28265
32158,37751,28287
32160,37773,28313
32176,37781,28256
32168,37767,28207
32208,37796,28201
32260,37747,28191
32254,37767,28167
32256,37766,28255
32288,37779,28165
32284,37764,28183
32284,37773,28147
32280,37767,28124
32296,37788,28201
32337,37759,28136
32340,37790,28100
32348,37781,28125
32385,37793,28087
32388,37755,28070
32400,37787,28148
32468,37783,28141
32486,37798,28082
32513,37757,28045
32544,37793,28067
32596,37807,28027
32573,37767,28028
32556,37803,28015
32548,37812,28009
32508,37799,28009
32552,37780,28015
32533,37781,28013
32564,37783,27996
32604,37805,28029
32613,37775,28045
32596,37807,28036
32628,37821,28036
32670,37819,28049
32677,37799,28068
32686,37823,28004
32684,37767,27965
32677,37799,28007
32657,37782,28005
32668,37820,27989
32684,37815,27975
32692,37804,27958
32688,37825,28021
32684,37827,28057
32696,37799,27991
32689,37823,27967
32680,37799,27962
32704,37823,27980
32700,37812,27980
32744,37809,27975
32744,37815,27943
32804,37818,28029
32848,37837,27991
32814,37807,27935
32772,37836,27956
32792,37823,27962
32793,37812,27942
32804,37831,27964
32782,37836,27997
32790,37823,27923
32788,37807,27953
32777,37839,27935
32820,37863,27918
32884,37829,27968
32861,37849,28020
32805,37831,28015
32772,37821,27938
32716,37854,27943
32712,37852,27934
32727,37847,27919
32728,37857,27997
32752,37835,28014
32756,37847,27920
32748,37853,27963
32724,37828,27945
32728,37861,27933
32696,37810,28029
32720,37833,28029
32748,37861,28028
32780,37855,27997
32820,37851,27949
32856,37849,27975
32864,37877,27984
32864,37831,27968
32856,37860,28021
32880,37853,28065
32848,37855,27983
32764,37863,28009
32732,37860,28052
32748,37861,28073
32801,37865,28017
32824,37863,28055
32836,37880,28059
32876,37857,28043
32856,37879,28151
32791,37863,28092
32764,37877,28070
32788,37873,28106
32784,37831,28073
32840,37871,28183
32828,37871,28181
32805,37895,28117
32817,37895,28145
32765,37891,28112
32718,37895,28204
32692,37877,28226
32652,37895,28229
32574,37852,28156
32460,37883,28182
32453,37884,28167
32486,37908,28158
32524,37925,28269
32544,37877,28224
32558,37920,28218
32601,37917,28191
32597,37895,28234
32612,37910,28301
32660,37915,28303
32720,37909,28291
32756,37895,28246
32804,37927,28240
32808,37926,28249
32845,37917,28242
32836,37938,28246
32841,37941,28289
32832,37895,28288
32857,37912,28292
32896,37935,28309
32924,37941,28282
32999,37908,28284
33093,37933,28381
33180,37932,28388
33240,37963,28317
33276,37964,28353
33300,37905,28327
33272,37929,28442
33196,37932,28353
33110,37921,28393
33044,37923,28366
33060,37942,28446
33100,37927,28463
33112,37935,28409
33105,37929,28438
33124,37948,28423
33108,37940,28430
33042,37917,28512
33028,37935,28538
33068,37935,28468
33080,37916,28497
33032,37909,28505
33072,37940,28541
33072,37943,28599
33104,37941,28521
33120,37948,28540
33116,37959,28514
33100,37919,28585
33080,37940,28564
33044,37932,28556
33036,37957,28651
33053,37951,28612
33064,37925,28596
33068,37973,28575
33044,37963,28671
33044,37953,28653
33020,37980,28607
33000,37968,28639
32980,37959,28599
32968,37948,28679
32980,37951,28707
33012,37975,28689
33018,37948,28639
33016,37999,28659
33070,38007,28618
33024,37983,28728
32836,38000,28671
32553,37973,28637
32228,37993,28673
31928,37973,28644
31705,37993,28730
31676,37996,28676
31854,37988,28677
32088,38023,28676
32448,38023,28711
33012,38019,28711
33548,38015,28668
34267,38039,28679
35445,37997,28665
37100,38014,28758
39188,38009,28687
41313,38004,28698
43560,38007,28654
45764,38007,28697
47640,38005,28748
48912,38015,28737
49588,38012,28736
49432,37999,28733
47952,38021,28644
45920,38015,28664
43860,38023,28623
41452,38039,28658
38693,38055,28701
36348,38083,28631
34964,38074,28602
33924,38069,28596
33238,38092,28609
32624,38037,28580
32040,38066,28561
31632,38086,28545
31416,38045,28596
31301,38095,28564
31174,38091,28543
31152,38106,28535
31090,38067,28534
31031,38109,28517
30996,38087,28484
30900,38119,28486
30844,38092,28435
30804,38077,28464
30788,38111,28499
30752,38117,28474
30729,38100,28447
30750,38126,28367
30749,38095,28305
30716,38119,28292
30716,38101,28271
30708,38135,28229
30724,38124,28244
30748,38115,28271
30768,38107,28191
30832,38127,28125
30820,38085,28124
30836,38133,28068
30844,38119,28030
30856,38146,28089
30914,38135,28092
30910,38087,27988
30952,38117,27954
31012,38119,28017
31020,38119,27974
31064,38146,27896
31128,38125,27865
31120,38151,27860
31152,38151,27846
31144,38105,27857
31165,38149,27833
31193,38116,27804
31212,38151,27805
31261,38161,27887
31308,38151,27855
31333,38135,27809
31364,38175,27743
31388,38116,27749
31428,38167,27770
31448,38151,27729
31464,38175,27749
31450,38124,27804
31457,38149,27818
31484,38175,27790
31492,38183,27692
31488,38127,27669
31548,38176,27703
31584,38172,27701
31620,38198,27692
31648,38197,27645
31640,38191,27652
31650,38191,27654
31684,38139,27626
31728,38170,27599
31726,38151,27600
31752,38180,27617
31824,38199,27607
31834,38205,27557
31861,38207,27526
31896,38188,27518
31920,38212,27601
31956,38199,27622
31940,38183,27594
31976,38207,27567
32008,38151,27471
32036,38207,27469
32124,38207,27469
32164,38221,27451
32228,38225,27425
32218,38215,27407
32204,38229,27386
32216,38219,27349
32297,38215,27322
32292,38209,27296
32292,38239,27388
32367,38231,27385
32436,38247,27351
32504,38239,27316
32540,38237,27190
32577,38253,27181
32592,38263,27175
32633,38224,27102
32660,38213,27204
32660,38247,27172
32708,38236,27081
32720,38267,27006
32764,38260,27020
32772,38241,26957
32844,38271,26913
32892,38263,26974
32960,38274,26999
32948,38236,26980
32968,38252,26927
32952,38279,26919
32936,38279,26777
32952,38284,26787
32956,38279,26749
32944,38279,26679
32949,38279,26786
32932,38271,26681
32864,38297,26654
32844,38303,26596
32828,38303,26664
32784,38295,26688
32780,38279,26648
32694,38311,26603
32692,38269,26483
32592,38306,26461
32528,38308,26458
32444,38301,26388
32332,38311,26535
32222,38308,26349
32144,38305,26389
32116,38261,26292
32069,38303,26413
31968,38294,26373
31866,38313,26231
31856,38321,26263
31836,38322,26181
31836,38309,26282
31764,38319,26289
31692,38309,26191
31656,38276,26122
31670,38303,26089
31637,38303,26140
31625,38298,26126
31640,38286,26012
31612,38335,26036
31585,38337,25946
31588,38287,26047
31580,38311,26073
31584,38309,25935
31568,38317,25899
31592,38279,25885
31612,38308,25889
31656,38300,25874
31676,38312,25803
31676,38325,25756
31696,38279,25832
31716,38313,25879
31716,38292,25767
31676,38325,25698
31680,38279,25718
31676,38319,25644
31704,38303,25788
31724,38324,25766
31768,38269,25641
31812,38317,25588
31788,38309,25621
31764,38335,25565
31776,38330,25527
31765,38325,25505
31776,38308,25565
31789,38303,25672
31776,38317,25663
31796,38327,25559
31820,38284,25492
31908,38319,25488
31920,38310,25535
31936,38333,25478
31936,38300,25455
31938,38317,25425
31957,38303,25513
31984,38295,25578
32016,38314,25535
32036,38303,25564
32073,38323,25537
32056,38313,25426
32068,38343,25383
32132,38335,25373
32148,38331,25395
32172,38310,25331
32156,38327,25301
32129,38313,25365
32156,38319,25444
32180,38311,25325
32224,38303,25280
32248,38343,25250
32228,38333,25253
32220,38323,25279
32264,38339,25258
32220,38295,25179
32224,38327,25335
32256,38323,25348
32282,38279,25341
32308,38321,25297
32353,38303,25223
32400,38332,25191
32460,38327,25166
32461,38333,25119
32452,38335,25167
32500,38279,25079
32484,38315,25107
32468,38294,25261
32450,38323,25242
32472,38308,25195
32476,38311,25153
32512,38319,25105
32504,38325,25030
32492,38325,25035
32488,38309,25030
32485,38286,24999
32484,38327,25052
32488,38303,25160
32508,38300,25115
32532,38284,25069
32540,38331,24996
32572,38326,25038
32516,38310,24989
32564,38337,24948
32536,38284,24943
32508,38311,25124
32476,38293,25111
32476,38315,25119
32484,38316,25021
32496,38301,24934
32521,38319,24940
32536,38327,24973
32568,38325,24911
32608,38311,24880
32604,38293,24885
32584,38319,25009
32564,38287,24906
32552,38306,24946
32520,38311,24857
32496,38301,25038
32548,38311,24941
32604,38327,24888
32588,38279,24853
32576,38319,24873
32576,38295,25015
32568,38276,24838
32600,38304,24851
32612,38314,24805
32644,38313,24996
32648,38315,24857
32612,38309,24849
32608,38308,24795
32609,38310,24980
32633,38303,24820
32652,38333,24855
32628,38327,24773
32625,38271,24876
32624,38299,24965
32624,38316,24830
32644,38324,24830
32633,38329,24802
32660,38329,24748
32660,38317,24748
32669,38339,24913
32716,38335,24784
32637,38311,24823
32596,38309,24804
32605,38316,24783
32586,38279,24732
32564,38303,24722
32528,38303,24718
32528,38311,24761
32516,38343,24887
32512,38292,24868
32508,38319,24740
32454,38295,24719
32396,38309,24713
32336,38315,24748
32290,38319,24665
32308,38306,24781
32284,38331,24724
32359,38316,24651
32396,38326,24828
32404,38310,24678
32432,38314,24649
32448,38319,24700
32468,38308,24602
32512,38294,24762
32568,38291,24647
32660,38316,24639
32724,38278,24645
32753,38310,24583
32786,38311,24539
32744,38303,24724
32724,38322,24623
32732,38271,24541
32780,38291,24522
32820,38295,24479
32908,38291,24636
32932,38294,24561
32988,38293,24471
33057,38317,24492
33089,38319,24452
33068,38325,24469
32996,38295,24447
32900,38298,24399
32836,38287,24343
32848,38279,24543
32860,38277,24361
32880,38276,24396
32900,38279,24376
32908,38307,24391
32896,38311,24329
32906,38313,24229
32924,38303,24311
32876,38293,24276
32845,38287,24215
32850,38293,24346
32900,38279,24177
32932,38278,24204
32924,38279,24308
32932,38273,24130
32936,38319,24139
32912,38311,24242
32940,38297,24071
32912,38303,24025
32952,38297,24149
32980,38292,24052
33014,38299,23969
32996,38287,24127
32964,38271,23970
32928,38263,23971
32900,38271,24017
32917,38290,24063
32888,38279,23933
32880,38268,23899
32900,38287,23963
32922,38293,23903
32940,38279,23897
32924,38245,23807
32896,38279,24028
32844,38279,23857
32668,38279,23836
32412,38247,23842
32140,38293,23870
31840,38287,23773
31616,38231,23789
31582,38272,23745
31746,38267,23904
31940,38263,23765
32372,38287,23725
32884,38263,23753
33436,38279,23735
34212,38268,23679
35492,38279,23626
37200,38279,23800
39244,38244,23822
41476,38255,23684
43676,38238,23693
45840,38247,23592
47708,38237,23801
48952,38238,23647
49580,38245,23626
49288,38247,23646
47744,38247,23570
45804,38252,23557
43676,38260,23600
41276,38271,23549
38508,38279,23663
36296,38292,23606
34916,38295,23613
33876,38290,23520
33144,38279,23740
32452,38310,23607
31928,38305,23550
31504,38253,23593
31281,38295,23493
31140,38295,23604
31066,38287,23556
31032,38276,23499
30912,38308,23606
30893,38255,23681
30840,38289,23556
30724,38311,23568
30652,38279,23519
30576,38292,23453
30552,38279,23505
30541,38237,23612
30566,38285,23516
30564,38273,23461
30548,38303,23436
30564,38245,23410
30561,38279,23408
30592,38240,23377
30632,38231,23308
30640,38279,23281
30639,38263,23481
30688,38260,23376
30772,38279,23324
30760,38274,23283
30812,38263,23239
30872,38255,23279
30936,38279,23157
30864,38292,23263
30876,38236,23316
30948,38264,23236
30988,38245,23143
30953,38244,23154
30956,38269,23061
31020,38244,23047
31056,38263,23186
31088,38260,23137
31120,38277,23062
31180,38279,23076
31180,38221,22991
31172,38223,23211
31181,38261,23030
31185,38245,23003
31253,38243,22973
31288,38269,23197
31281,38234,23189
31276,38277,23021
31304,38266,23055
31344,38265,22945
31380,38255,23167
31432,38271,23106
31420,38215,23005
31484,38254,23028
31460,38249,22934
31476,38249,23149
31509,38271,22980
31557,38290,23031
31620,38243,22925
31660,38271,22919
31694,38281,22985
31684,38233,22999
31708,38267,23128
31732,38243,23130
31772,38277,23089
31796,38253,23003
31836,38267,22960
31860,38273,22964
31916,38285,22919
31974,38247,22957
32024,38223,22849
32084,38263,22985
32096,38253,23065
32100,38279,22949
32126,38229,22872
32149,38252,22845
32189,38259,22862
32216,38279,22775
32232,38279,22965
32248,38289,22817
32302,38279,22765
32388,38252,22714
32388,38271,22910
32416,38245,22828
32460,38263,22721
32556,38263,22738
32652,38279,22645
32748,38255,22695
32756,38279,22832
32812,38263,22722
32792,38279,22629
32805,38268,22614
32840,38244,22588
32852,38268,22503
32832,38221,22458
32884,38255,22458
32984,38265,22615
33016,38228,22605
33060,38260,22468
33100,38247,22420
33055,38263,22433
32993,38260,22320
32968,38205,22300
33052,38234,22460
33056,38228,22429
33096,38250,22353
33082,38209,22279
33051,38236,22263
33040,38247,22276
32988,38252,22252
32918,38223,22139
32880,38247,22337
32816,38229,22346
32736,38212,22239
32641,38229,22155
32580,38231,22183
32548,38221,22140
32524,38215,22132
32400,38237,22045
32364,38205,22121
32292,38207,22265
32216,38221,22172
32112,38183,22077
32072,38177,22057
31989,38205,22078
31960,38228,22062
31928,38188,21953
31870,38219,22181
31760,38236,22164
31680,38188,22055
31652,38211,22061
31636,38223,21988
31677,38151,22023
31652,38199,21917
31663,38205,21902
31665,38210,22021
31648,38191,21957
31640,38205,21956
31648,38214,21991
31750,38192,21861
31724,38201,22044
31670,38179,21916
31620,38197,21874
31618,38174,21936
31628,38175,22092
31660,38167,21935
31668,38203,21895
31701,38185,21847
31744,38183,21815
31724,38196,21782
31752,38197,21935
31779,38172,21955
31804,38151,21832
31813,38141,21769
31857,38172,21806
31872,38169,21935
31884,38161,21813
31905,38141,21783
31913,38140,21831
31948,38151,21744
31960,38142,21722
31968,38151,21952
31992,38147,21900
32040,38111,21786
32044,38127,21769
31974,38143,21789
31988,38151,21741
32040,38135,21713
32084,38151,21854
32108,38135,21807
32085,38119,21706
32084,38151,21950
32140,38141,21804
32148,38127,21799
32128,38119,21695
32120,38149,21941
32188,38137,21853
32200,38145,21804
32196,38117,21761
32216,38127,21807
32214,38137,21691
32212,38093,21850
32200,38115,21793
32220,38117,21767
32224,38080,21809
32270,38109,21757
32304,38132,21700
32316,38092,21713
32308,38117,21871
32286,38133,21959
32297,38108,21980
32312,38095,21885
32380,38109,21816
32366,38052,21832
32348,38091,21820
32404,38109,21790
32448,38098,21829
32436,38111,21783
32496,38071,21921
32500,38089,22028
32444,38094,21958
32492,38084,21912
32496,38101,21917
32460,38093,21983
32440,38101,21983
32425,38075,21889
32428,38103,22161
32510,38103,21990
32545,38083,22014
32488,38103,21955
32492,38053,22212
32586,38069,22081
32540,38093,22116
32532,38049,22013
32558,38083,22185
32580,38075,22196
32568,38093,22135
32572,38099,22140
32576,38077,22187
32582,38100,22130
32632,38082,22098
32644,38063,22218
32644,38079,22293
32664,38071,22385
32650,38085,22336
32700,38044,22211
32744,38082,22266
32756,38071,22227
32796,38101,22175
32743,38081,22399
32673,38069,22345
32704,38072,22262
32709,38066,22276
32721,38071,22260
32732,38023,22257
32750,38057,22269
32844,38083,22294
32773,38072,22219
32716,38079,22188
32760,38073,22195
32768,38071,22189
32728,38035,22269
32776,38039,22353
32800,38061,22402
32865,38038,22455
32860,38069,22412
32884,38060,22324
32901,38069,22298
32912,38064,22245
32877,38052,22230
32808,38064,22181
32860,38041,22181
32920,38045,22325
32908,38005,22428
32876,38044,22428
32868,38023,22308
32908,38023,22256
32901,38023,22251
32905,38048,22183
32900,38031,22287
32887,38063,22313
32956,38047,22228
32948,38023,22263
32920,38045,22143
32801,38036,22309
32741,38023,22269
32752,38055,22216
32752,38041,22236
32712,38063,22185
32712,38052,22119
32668,38053,22125
32644,38045,22193
32604,38047,22339
32560,38037,22211
32484,38045,22128
32520,38031,22117
32532,38055,22160
32570,38031,22023
32636,38055,22031
32628,38041,22247
32608,38045,22164
32609,38029,22052
32716,38001,22069
32756,37991,21958
32784,38012,21920
32862,38005,21914
32944,38023,22041
32880,38049,22047
32900,38023,22051
32960,38052,22095
32942,38045,21967
32884,38015,21886
32856,38031,21908
32904,38023,21874
33012,38022,21777
33134,38039,21752
33236,38044,21984
33272,38037,21854
33296,38052,21808
33296,38031,21807
33260,38041,21766
33180,38023,21743
33069,37991,21700
33016,37981,21684
33060,38007,21677
33100,38023,21685
33076,38015,21708
33111,38019,21661
33096,38017,21677
33070,38047,21634
33068,38020,21566
33036,38023,21584
33012,38004,21488
33000,37993,21457
33036,38005,21430
33046,38006,21415
33060,38023,21405
33036,38023,21622
33041,38020,21497
33028,38037,21437
33088,38023,21473
33015,37992,21383
33060,38017,21332
33040,37967,21507
33036,38007,21418
33013,38023,21357
32996,38012,21379
33001,38023,21345
33052,38017,21295
33068,38023,21257
33085,38023,21220
33076,37991,21215
33052,38009,21159
33032,37973,21409
33022,37999,21341
33065,37991,21235
33024,38023,21186
32996,37975,21201
32940,38013,21176
32740,38012,21124
32558,38020,21057
32212,38007,21044
31856,37985,21036
31680,37999,21020
31668,37997,21023
31788,38019,21010
31956,37975,21039
32386,38007,21143
32969,38007,21229
33552,38023,21193
34328,38004,21102
35584,37983,21023
37356,37997,21023
39360,37985,20990
41525,37975,20975
43660,37972,20942
45785,37960,20905
47500,37968,20901
48624,37960,20855
49248,37959,20815
48792,37947,20818
47208,37950,20795
45328,37956,20927
43264,37967,20968
40832,37970,20859
38085,37988,20798
36056,37972,20724
34820,37997,20736
33900,37988,20606
33230,37999,20650
32517,37998,20841
31984,37973,20804
31617,37991,20769
31336,37981,20689
31140,37959,20647
31084,38004,20564
31080,37971,20541
31044,37983,20491
31028,37983,20418
30961,37966,20621
30904,38005,20465
30848,37943,20475
30776,37988,20312
30753,37972,20297
30756,37971,20509
30748,37971,20332
30740,37997,20271
30740,38005,20238
30784,37975,20173
30770,37964,20260
30748,37975,20164
30768,37980,20081
30792,37959,20039
30778,37958,20132
30760,37954,20084
30792,37951,19939
30840,37951,20130
30796,37933,20061
30832,37980,19949
30928,37981,19937
30980,37941,19839
31040,37929,19826
31080,37957,20035
31152,37949,19860
31144,37957,19848
31160,37940,19729
31228,37945,19951
31244,37972,19778
31204,37970,19701
31296,37977,19682
31300,37965,19919
31284,37953,19756
31325,37933,19692
31332,37959,19662
31414,37919,19590
31340,37955,19604
31444,37975,19659
31524,37926,19806
31532,37957,19748
31533,37941,19641
31536,37975,19609
31504,37949,19631
31528,37923,19509
31620,37895,19509
31670,37951,19678
31712,37942,19591
31736,37970,19503
31765,37967,19532
31780,37946,19391
31808,37981,19375
31830,37956,19463
31848,37941,19447
31872,37967,19362
31912,37924,19357
31952,37956,19228
32012,37947,19193
32052,37945,19390
32101,37974,19376
32100,37941,19185
32105,37967,19140
32136,37945,19094
32112,37973,18983
32172,37943,19020
32208,37957,19159
32232,37957,18992
32324,37948,18910
32380,37949,18812
32432,37975,18941
32452,37971,18878
32500,37970,18818
32558,37959,18634
32544,37943,18764
32548,37959,18797
32592,37952,18661
32624,37941,18624
32660,37971,18560
32724,37959,18498
32780,37962,18469
32796,37956,18317
32852,37950,18353
32872,37956,18487
32909,37933,18353
32980,37949,18277
33012,37928,18212
33004,37929,18103
33044,37953,18099
33084,37953,18113
33104,37925,18261
33128,37963,18193
33141,37948,18081
33132,37932,18045
33136,37947,18068
33168,37935,18031
33156,37941,18004
33136,37935,17872
33092,37926,17858
33088,37949,17881
33140,37919,17927
33061,37947,18015
33016,37927,18017
32964,37947,17918
32924,37908,17836
32856,37935,17845
32812,37917,17824
32760,37939,17739
32700,37908,17668
32572,37929,17646
32512,37932,17625
32476,37919,17621
32396,37940,17605
32292,37922,17569
32260,37911,17580
32136,37925,17657
32076,37927,17793
32005,37906,17721
31992,37925,17733
31941,37911,17641
31920,37919,17591
31868,37895,17580
31892,37927,17589
31824,37916,17585
31772,37895,17572
31716,37917,17546
31724,37894,17497
31709,37895,17484
31716,37869,17495
31736,37906,17477
31736,37895,17473
31740,37911,17486
31736,37895,17455
31743,37889,17473
31732,37877,17444
31740,37850,17317
31773,37871,17391
31840,37863,17432
31812,37847,17324
31780,37883,17354
31796,37894,17335
31831,37871,17378
31860,37876,17400
31832,37863,17369
31840,37877,17386
31860,37871,17419
31816,37854,17482
31800,37879,17498
31836,37868,17324
31888,37844,17232
31940,37837,17228
31956,37871,17232
31996,37836,17362
31976,37863,17381
31940,37814,17365
32000,37841,17385
31964,37847,17440
31988,37857,17536
32009,37857,17571
32034,37855,17554
32032,37863,17523
32000,37855,17483
32028,37885,17497
32026,37827,17515
32060,37853,17557
32100,37831,17476
32156,37862,17513
32194,37848,17500
32180,37845,17507
32176,37860,17540
32192,37825,17573
32216,37844,17637
32252,37869,17767
32241,37832,17794
32256,37857,17726
32285,37828,17753
32284,37839,17722
32300,37842,17734
32324,37840,17766
32332,37847,17739
32312,37863,17769
32324,37845,17791
32324,37854,17806
32312,37845,17838
32352,37834,17889
32386,37830,17880
32417,37847,17956
32444,37823,18087
32445,37847,18218
32492,37834,18204
32536,37855,18220
32512,37847,18199
32496,37831,18190
32492,37843,18196
32560,37847,18228
32524,37834,18277
32500,37829,18229
32557,37816,18211
32624,37835,18227
32638,37831,18252
32648,37829,18311
32628,37831,18392
32600,37847,18594
32614,37831,18638
32576,37813,18529
32580,37829,18581
32572,37814,18606
32564,37815,18753
32572,37807,18775
32576,37823,18645
32588,37845,18589
32640,37835,18593
32672,37823,18669
32642,37837,18841
32632,37831,18950
32648,37812,18974
32644,37820,18873
32649,37791,18883
32660,37831,18889
32690,37816,18971
32640,37845,18951
32637,37837,18990
32616,37820,19017
32676,37837,19086
32694,37795,19090
32668,37815,19130
32652,37807,19165
32656,37833,19224
32716,37791,19276
32736,37817,19308
32736,37845,19244
32748,37835,19272
32768,37826,19400
32768,37797,19429
32736,37801,19454
32776,37823,19460
32740,37807,19494
32724,37796,19535
32736,37807,19623
32828,37822,19663
32893,37818,19669
32880,37829,19678
32840,37818,19716
32832,37813,19796
32813,37784,19815
32764,37813,19879
32736,37797,19868
32772,37793,19957
32804,37815,19996
32784,37799,19989
32804,37807,20012
32860,37820,20050
32845,37823,20102
32820,37812,20131
32785,37791,20166
32832,37804,20231
32864,37761,20242
32872,37789,20338
32868,37821,20368
32817,37767,20464
32768,37808,20475
32768,37804,20491
32752,37798,20461
32701,37812,20533
32657,37775,20583
32624,37789,20626
32568,37761,20637
32564,37773,20637
32568,37805,20713
32561,37785,20697
32604,37813,20756
32572,37807,20767
32565,37781,20807
32588,37775,20891
32608,37776,20912
32648,37756,20943
32668,37791,20940
32645,37781,20993
32660,37799,21032
32704,37772,21079
32748,37797,21093
32796,37805,21136
32832,37765,21165
32848,37783,21141
32868,37751,21223
32876,37767,21297
32910,37791,21420
32929,37783,21463
32989,37799,21352
33061,37759,21344
33172,37797,21464
33189,37801,21508
33232,37783,21581
33164,37773,21625
33196,37765,21483
33180,37773,21607
33164,37789,21703
33124,37751,21628
33124,37778,21599
33072,37788,21620
33096,37756,21668
33036,37789,21668
33024,37791,21705
33020,37788,21789
33028,37767,21862
33060,37773,21969
33041,37767,21887
33049,37783,21932
33004,37780,21884
32954,37775,21845
33028,37788,21913
33052,37788,21985
33029,37789,21988
33016,37741,22059
32980,37759,22193
33060,37767,22181
33040,37759,22129
33041,37777,22063
33092,37767,22084
33068,37775,22129
33061,37783,22154
33056,37767,22264
33076,37777,22278
33076,37767,22294
33072,37767,22412
33060,37743,22452
33044,37767,22308
32996,37767,22337
33028,37772,22445
33063,37774,22474
33060,37757,22485
33048,37789,22511
33012,37775,22642
32980,37745,22727
32834,37765,22633
32613,37751,22543
32380,37757,22565
32068,37727,22586
31860,37757,22617
31772,37791,22647
31876,37779,22698
32052,37779,22741
32316,37743,22745
32832,37748,22836
33436,37735,22807
34024,37749,22837
34952,37765,22895
36400,37749,22951
38248,37737,23020
40284,37752,23065
42340,37757,22903
44348,37741,22980
46216,37740,23030
47480,37737,23015
48204,37719,23108
48328,37725,23235
47328,37729,23181
45624,37735,23058
43780,37744,23071
41636,37751,23152
39065,37757,23192
36636,37780,23188
35092,37770,23276
34136,37783,23409
33440,37754,23212
32776,37751,23327
32280,37748,23315
31897,37740,23473
31604,37753,23421
31468,37755,23350
31465,37783,23421
31328,37785,23484
31310,37775,23476
31240,37759,23537
31164,37733,23693
31064,37737,23533
31028,37743,23571
30961,37721,23647
30929,37735,23647
30954,37735,23698
30940,37767,23752
30921,37741,23849
30932,37767,23703
30916,37781,23681
30893,37763,23768
30884,37767,23721
30912,37759,23842
30944,37767,23836
30944,37767,23727
31013,37781,23820
31048,37765,23799
31110,37759,23980
31176,37766,23788
31172,37767,23847
31170,37743,23906
31193,37711,23879
31240,37756,23978
31304,37761,23973
31364,37727,23899
31393,37727,23908
31428,37759,23953
31404,37775,23973
31408,37717,24007
31434,37748,23996
31444,37755,24020
31436,37733,24067
31462,37751,24145
31448,37733,24199
31478,37735,24143
31540,37747,24183
31576,37780,24264
31589,37741,24283
31612,37757,24310
31604,37767,24301
31604,37759,24335
31620,37759,24348
31676,37751,24372
31726,37754,24445
31737,37727,24461
31776,37748,24567
31788,37769,24583
31872,37735,24663
31900,37749,24492
31892,37721,24500
31952,37735,24528
31976,37716,24616
32009,37767,24570
32033,37736,24729
32028,37765,24583
32036,37783,24650
32088,37747,24628
32109,37767,24684
32132,37756,24820
32188,37749,24725
32192,37775,24765
32188,37741,24669
32236,37757,24680
32252,37751,24733
32318,37767,24773
32397,37754,24740
32440,37785,24807
32480,37789,24921
32464,37764,24813
32448,37779,24742
32472,37759,24750
32524,37732,24756
32574,37748,24751
32596,37740,24768
32616,37757,24772
32708,37746,24813
32752,37751,24828
32781,37748,24797
32857,37767,24809
32916,37780,24798
32957,37767,24813
32964,37746,24788
33020,37726,24849
33076,37767,24891
33152,37767,24775
33200,37773,24835
33193,37797,24767
33232,37783,24757
33272,37788,24782
33281,37780,24823
33292,37751,24823
33269,37767,24825
33317,37767,24781
33336,37749,24781
33344,37741,24836
33370,37751,24824
33364,37741,24795
33364,37763,24872
33376,37756,24952
33332,37767,24814
33300,37775,24820
33280,37733,24820
33280,37759,24847
33216,37743,24873
33097,37767,24901
33032,37794,24911
32989,37785,24900
32913,37767,24849
32864,37791,24857
32749,37767,24870
32673,37767,24880
32564,37767,24883
32484,37753,24937
32392,37767,25023
32344,37735,24975
32296,37757,24983
32278,37745,25014
32194,37756,25116
32180,37764,25132
32148,37749,25127
32096,37767,25122
32032,37757,25100
31981,37735,25140
31964,37725,25143
31956,37751,25060
31952,37767,25023
31928,37767,25076
31904,37745,25095
31868,37725,25084
31877,37735,25071
31860,37749,25109
31853,37757,25148
31892,37711,25158
31928,37735,25137
31916,37767,25144
31950,37749,25156
31972,37759,25194
32000,37753,25243
32055,37759,25279
32056,37727,25222
32064,37723,25236
32076,37750,25274
32064,37740,25252
32060,37743,25282
32080,37746,25327
32137,37756,25383
32120,37753,25479
32140,37721,25399
32157,37764,25525
32132,37745,25528
32196,37724,25456
32189,37700,25416
32204,37724,25460
32213,37743,25520
32252,37727,25517
32320,37743,25599
32324,37716,25632
32318,37724,25620
32312,37743,25697
32284,37735,25801
32292,37735,25752
32288,37727,25763
32306,37709,25774
32344,37743,25792
32384,37735,25900
32393,37743,25934
32388,37743,25936
32446,37735,25930
32420,37728,25957
32416,37735,25998
32416,37727,26039
32476,37687,26040
32480,37711,26108
32488,37689,26225
32488,37730,26252
32544,37695,26297
32527,37720,26327
32524,37696,26361
32520,37731,26379
32548,37730,26340
32544,37740,26301
32556,37711,26337
32576,37727,26364
32620,37708,26405
32653,37732,26435
32665,37735,26470
32684,37718,26597
32714,37735,26653
32676,37719,26607
32720,37703,26613
32728,37727,26659
32749,37719,26653
32736,37702,26690
32753,37730,26844
32737,37729,26886
32776,37719,26870
32777,37740,26852
32761,37729,26887
32744,37711,26908
32704,37726,26916
32656,37703,27047
32684,37710,27109
32681,37723,27109
32676,37692,27095
32704,37725,27103
32688,37735,27122
32669,37735,27150
32704,37719,27223
32740,37725,27254
32744,37685,27271
32734,37699,27300
32724,37713,27302
32733,37712,27383
32748,37698,27492
32736,37719,27470
32780,37717,27432
32804,37719,27470
32800,37703,27520
32778,37686,27581
32776,37690,27642
32740,37701,27681
32694,37689,27709
32721,37685,27679
32840,37717,27665
32864,37711,27701
32844,37715,27719
32848,37695,27772
32860,37701,27798
32804,37687,27789
32784,37703,27917
32765,37691,27932
32745,37695,27932
32760,37695,27939
32788,37678,27924
32752,37696,27980
32748,37691,27966
32788,37711,28076
32816,37701,28097
32799,37683,28147
32818,37697,28149
32822,37678,28111
32814,37671,28128
32828,37687,28181
32872,37695,28199
32877,37693,28209
32864,37681,28218
32837,37711,28237
32800,37676,28306
32837,37687,28383
32865,37669,28327
32856,37681,28359
32840,37687,28389
32856,37639,28381
32836,37693,28484
32801,37679,28463
32820,37681,28472
32840,37703,28466
32832,37711,28505
32823,37695,28573
32813,37676,28598
32816,37687,28628
32812,37671,28637
32852,37696,28672
32842,37698,28647
32836,37677,28669
32808,37709,28676
32754,37673,28669
32712,37691,28704
32684,37700,28735
32709,37698,28756
32644,37681,28780
32584,37699,28789
32588,37684,28823
32632,37671,28831
32608,37703,28839
32557,37711,28870
32512,37701,28887
32551,37719,28884
32528,37702,28957
32572,37700,28964
32508,37703,28959
32496,37693,28978
32496,37677,28999
32598,37707,29021
32628,37671,29020
32652,37703,28988
32744,37695,29119
32780,37703,29092
32823,37706,29112
32852,37669,29119
32913,37689,29101
32877,37669,29184
32832,37698,29217
32908,37687,29244
32940,37703,29251
32996,37679,29229
33080,37703,29233
33105,37687,29271
33112,37708,29287
33112,37661,29280
33096,37695,29327
33116,37679,29370
33084,37671,29345
32988,37690,29367
32989,37705,29359
32884,37703,29413
32896,37695,29427
32880,37696,29417
32872,37679,29436
32824,37696,29447
32826,37663,29440
32964,37674,29473
33008,37673,29497
32980,37671,29480
32900,37693,29492
32944,37670,29482
33028,37700,29494
32932,37680,29500
32996,37694,29497
33016,37649,29509
33038,37679,29496
33008,37671,29494
32940,37649,29529
32892,37684,29537
32900,37669,29507
32972,37677,29504
32988,37668,29490
32932,37661,29478
32973,37701,29463
33008,37639,29495
33001,37669,29495
33022,37639,29468
32972,37685,29469
33060,37652,29409
33064,37685,29393
33084,37683,29390
33000,37693,29367
33071,37673,29353
32992,37695,29321
32996,37681,29266
32932,37660,29319
32780,37679,29318
32576,37679,29282
32293,37671,29224
32056,37639,29222
31869,37678,29191
31916,37693,29173
32137,37639,29147
32324,37668,29123
32694,37671,29083
33180,37661,29044
33744,37684,29044
34436,37685,29063
35536,37676,28975
37072,37671,28951
39016,37682,28905
40932,37660,28918
42800,37660,28901
44564,37653,28808
45992,37648,28801
46800,37639,28764
47108,37639,28711
46540,37647,28750
44988,37663,28711
43352,37669,28655
41568,37685,28587
39368,37693,28588
36952,37700,28529
35086,37694,28524
34076,37695,28543
33368,37702,28477
32876,37692,28437
32406,37710,28385
32080,37714,28391
31796,37708,28411
31652,37679,28319
31606,37719,28319
31545,37719,28261
31492,37701,28305
31487,37685,28319
31412,37703,28264
31380,37701,28217
31296,37700,28185
31244,37689,28148
31228,37711,28153
31196,37717,28135
31072,37710,28093
31024,37693,28055
30980,37715,28086
31068,37714,28084
31121,37698,28044
31084,37685,27980
31156,37711,27939
31192,37670,27929
31204,37700,27903
31212,37709,27850
31192,37687,27815
31177,37702,27797
31232,37711,27770
31292,37689,27753
31232,37700,27771
31224,37676,27729
31277,37709,27701
31364,37701,27663
31432,37704,27746
31421,37679,27720
31416,37717,27693
31472,37711,27637
31420,37694,27556
31348,37683,27541
31433,37703,27519
31440,37695,27508
31568,37676,27551
31576,37707,27565
31616,37703,27548
31636,37692,27502
31752,37711,27514
31819,37694,27436
31769,37703,27365
31748,37680,27354
31761,37703,27355
31804,37652,27329
31808,37676,27316
31792,37693,27256
31789,37708,27205
31844,37665,27255
31912,37703,27260
31933,37691,27212
31905,37710,27173
31881,37669,27138
31936,37679,27074
31984,37690,27059
32044,37639,26991
32088,37683,26919
32084,37709,26871
32084,37706,26875
32135,37667,26830
32173,37701,26708
32161,37685,26640
32144,37695,26576
32177,37695,26503
32196,37668,26463
32240,37693,26457
32288,37691,26365
32332,37692,26448
32332,37679,26365
32420,37708,26231
32464,37703,26209
32468,37669,26121
32457,37701,26213
32421,37685,26028
32444,37671,26031
32488,37687,25935
32556,37695,25971
32562,37697,25970
32628,37680,25927
32716,37711,25892
32712,37663,25820
32724,37687,25735
32785,37663,25636
32832,37691,25541
32828,37687,25481
32836,37679,25478
32836,37668,25383
32956,37709,25408
33004,37669,25463
33037,37692,25411
33132,37715,25305
33136,37687,25188
33112,37702,25095
33154,37687,25096
33248,37684,25045
33232,37674,24948
33300,37679,25001
33292,37708,25039
33276,37681,24992
33304,37699,24907
33206,37711,24743
33133,37708,24746
33160,37679,24632
33172,37695,24599
33104,37675,24717
33056,37687,24677
33044,37693,24542
33008,37702,24469
32956,37697,24383
32908,37709,24343
32744,37708,24378
32668,37719,24399
32628,37681,24356
32584,37692,24308
32496,37711,24111
32398,37692,23992
32328,37687,23956
32220,37703,24084
32124,37731,24012
32096,37719,23911
31992,37716,23769
31884,37693,23735
31864,37705,23677
31864,37713,23621
31812,37653,23541
31802,37686,23468
31756,37695,23466
31725,37719,23465
31692,37705,23511
31740,37687,23308
31744,37713,23270
31700,37687,23255
31668,37705,23204
31580,37665,23141
31554,37693,23038
31574,37655,22989
31580,37663,22942
31653,37692,22951
31712,37711,22895
31720,37671,22865
31736,37707,22753
31708,37687,22727
31664,37711,22689
31644,37681,22699
31636,37687,22632
31716,37671,22615
31748,37685,22565
31717,37704,22474
31832,37704,22453
31776,37711,22369
31784,37703,22332
31829,37684,22288
31828,37703,22256
31808,37693,22212
31780,37695,22213
31776,37676,22117
31804,37703,22056
31866,37706,22000
31874,37700,21982
31860,37695,21959
31872,37703,21927
31864,37687,21886
31857,37700,21852
31884,37655,21835
31874,37669,21930
31860,37672,21977
31908,37694,21822
31932,37697,21765
31956,37692,21905
31900,37684,21717
31788,37697,21663
31836,37690,21661
31928,37687,21552
31956,37663,21646
31968,37685,21649
32037,37639,21585
32084,37669,21535
32110,37701,21503
32153,37694,21413
32212,37687,21397
32248,37671,21471
32253,37697,21626
32256,37668,21583
32228,37668,21488
32244,37663,21398
32300,37679,21420
32372,37651,21401
32448,37671,21358
32420,37688,21319
32381,37692,21574
32353,37687,21520
32345,37660,21488
32349,37687,21438
32368,37624,21409
32388,37656,21423
32396,37657,21375
32396,37652,21391
32492,37687,21613
32434,37639,21552
32416,37676,21501
32424,37669,21542
32400,37689,21498
32437,37671,21524
32508,37647,21564
32429,37671,21855
32396,37687,21716
32488,37636,21801
32504,37679,21749
32500,37682,21999
32437,37676,21962
32308,37687,21966
32346,37685,22098
32370,37653,22101
32336,37655,22151
32389,37668,22208
32412,37637,22345
32456,37657,22396
32468,37679,22575
32516,37639,22804
32572,37676,22887
32596,37663,22900
32516,37679,22923
32488,37676,23048
32484,37639,23199
32500,37671,23309
32552,37667,23437
32576,37678,23540
32609,37679,23613
32620,37695,23789
32648,37679,24054
32696,37703,24155
32668,37689,24156
32564,37687,24301
32526,37671,24452
32496,37687,24551
32520,37687,24676
32464,37671,24955
32412,37697,25135
32349,37698,25173
32380,37676,25295
32481,37701,25473
32548,37664,25573
32540,37668,25776
32446,37669,26031
32445,37686,26047
32473,37676,26231
32557,37663,26356
32560,37685,26641
32580,37686,26716
32652,37676,26860
32716,37700,27057
32770,37684,27224
32812,37667,27375
32840,37679,27527
32856,37639,27807
32892,37671,27967
32940,37661,28071
32888,37678,28238
32740,37700,28431
32789,37676,28593
32868,37665,28761
32888,37685,28987
32862,37665,29187
32848,37662,29327
32793,37663,29496
32885,37667,29681
32917,37659,29879
32918,37687,30024
32957,37703,30207
33068,37676,30372
33096,37693,30551
33088,37685,30737
32997,37671,30901
32892,37661,31077
32769,37653,31239
32736,37671,31425
32796,37671,31600
32876,37678,31787
32929,37669,31958
32948,37702,32127
32940,37655,32301
32836,37684,32479
32828,37671,32628
32780,37672,32782
32701,37693,33025
32788,37679,33191
32820,37655,33380
32784,37671,33469
32668,37691,33702
32596,37665,33927
32600,37703,34087
32660,37703,34286
32740,37661,34415
32756,37671,34607
32832,37687,34757
32886,37650,34915
32964,37695,35175
33052,37689,35354
33069,37687,35556
33010,37698,35755
33040,37711,35823
33054,37663,36068
33112,37685,36308
33180,37660,36509
33298,37691,36623
33349,37677,36845
33380,37693,37054
33368,37685,37109
33301,37707,37276
33372,37710,37511
33480,37703,37668
33532,37683,37895
33536,37675,38180
33308,37697,38373
33125,37655,38565
33129,37677,38721
33156,37665,38935
33232,37702,39131
33334,37700,39303
33385,37689,39401
33261,37719,39612
33029,37667,39847
32916,37685,40060
32910,37676,40068
32928,37695,40271
33016,37691,40516
33136,37668,40669
33140,37699,40879
33066,37698,41033
33068,37703,41213
33084,37703,41543
33120,37697,41785
33180,37685,41852
33213,37663,42053
33072,37687,42274
32848,37686,42503
32852,37665,42489
32976,37695,42685
33068,37678,42963
33052,37708,43236
33028,37683,43457
32920,37689,43527
32937,37681,43772
33024,37679,43972
33044,37653,44132
33108,37679,44356
33016,37673,44317
33016,37671,44480
33013,37709,44654
32904,37663,44911
32684,37697,45191
32452,37665,45280
32292,37653,45445
32164,37673,45599
32040,37695,45765
32160,37660,46036
32520,37676,46204
33028,37669,46417
33616,37692,46561
34396,37708,46695
34996,37703,46853
35872,37696,47005
37216,37677,47199
38953,37676,47351
40900,37684,47492
42704,37668,47703
44400,37684,47879
45872,37680,47780
46941,37681,48077
47268,37692,48301
46796,37700,48388
45064,37697,48605
42708,37710,48710
40480,37710,48866
38296,37730,48976
35892,37708,49141
34068,37740,49324
33022,37756,49477
32572,37735,49625
32405,37749,49788
32316,37727,49903
32104,37749,49919
31828,37735,50165
31552,37733,50341
31516,37697,50477
31604,37733,50604
31688,37713,50645
31716,37727,50823
31816,37757,50991
31828,37728,51125
31748,37740,51231
31676,37719,51109
31513,37740,51391
31392,37737,51596
31215,37711,51743
31205,37743,51796
31300,37703,51903
31388,37735,51983
31388,37727,52172
31400,37753,51999
31376,37709,52284
31358,37735,52431
31460,37719,52615
31500,37727,52721
31564,37674,52837
31604,37718,52935
31620,37717,52972
31584,37732,53071
31588,37716,53188
31680,37733,53311
31684,37717,53433
31660,37732,53255
31676,37735,53564
31684,37679,53653
31792,37698,53708
31773,37727,53806
31800,37692,53880
31956,37724,54045
32024,37711,54143
32124,37729,54191
32100,37732,54407
32096,37721,54439
32024,37706,54560
31926,37716,54714
31870,37701,54804
31932,37709,54588
31897,37685,54750
31936,37697,54855
32016,37716,54956
32100,37735,55125
32132,37684,55111
32126,37709,55356
32140,37701,55526
32260,37700,55543
32320,37711,55621
32408,37698,55746
32464,37678,55700
32356,37685,55900
32380,37708,55980
32460,37701,56071
32428,37719,56156
32497,37719,56131
32440,37684,56229
32392,37677,56327
32444,37703,56393
32484,37693,56409
32524,37711,56507
32480,37703,56568
32488,37716,56611
32592,37702,56672
32644,37725,56711
32612,37728,56748
32528,37709,56793
32613,37689,56679
32788,37679,56748
32933,37700,56908
32958,37721,56938
32784,37700,57029
32761,37716,57058
32916,37704,56868
32969,37735,57029
33004,37725,57156
32948,37724,57180
33004,37733,57220
33077,37687,57223
33137,37719,57223
33132,37715,57185
33320,37740,57219
33464,37724,57272
33497,37741,57308
33640,37725,57321
33596,37743,57332
33520,37730,57341
33573,37711,57305
33716,37729,57309
33752,37727,57191
33720,37717,57261
33586,37749,57333
33415,37748,57343
33482,37725,57255
33572,37748,57319
33628,37737,57336
33648,37717,57276
33653,37736,57095
33621,37741,57235
33556,37725,57309
33556,37704,57216
33692,37745,57223
33720,37743,57247
33612,37735,57237
33540,37756,57047
33508,37740,57095
33352,37708,57165
33292,37711,57192
33248,37725,57177
33256,37740,57128
33353,37728,57039
33372,37735,57034
33269,37735,57084
33098,37756,57049
32834,37742,57012
32376,37727,56649
32088,37742,56784
31938,37737,56956
31792,37734,56951
31808,37727,56879
31916,37719,56884
31936,37741,56829
32044,37729,56635
32081,37741,56757
31928,37749,56752
31792,37702,56704
31596,37719,56707
31436,37733,56613
31436,37686,56573
31540,37708,56557
31704,37733,56569
31784,37735,56560
31682,37717,56324
31780,37734,56436
31708,37741,56480
31614,37684,56359
31712,37708,56383
31698,37727,56381
31572,37708,56327
31864,37727,56183
31924,37719,56197
31904,37741,56287
31866,37735,56271
31833,37724,56240
31840,37743,56115
31816,37727,56108
31756,37717,56156
31668,37696,55764
31756,37722,55937
31880,37722,56036
32001,37716,55972
32000,37735,55901
31960,37727,55917
31904,37730,55940
31728,37728,55919
31553,37735,55879
31464,37673,55879
31596,37706,55860
31712,37723,55839
31800,37727,55725
31860,37724,55815
31824,37715,55810
31860,37727,55776
31900,37729,55700
31924,37716,55693
32024,37727,55699
32168,37728,55735
32112,37693,55431
31988,37719,55628
31905,37717,55706
31792,37679,55661
31892,37731,55631
31808,37733,55580
31884,37722,55639
32084,37723,55281
32348,37696,55348
32260,37724,55469
32136,37717,55396
32181,37703,55373
32192,37727,55284
32404,37711,55375
32140,37719,55303
32034,37735,55455
32164,37735,55341
32216,37723,55268
32256,37733,55335
32238,37719,55303
32272,37709,55460
32420,37701,55596
32408,37727,55596
32332,37715,55623
32344,37709,55615
32320,37743,55615
32465,37722,55573
32448,37732,55535
32420,37687,55505
32276,37711,55467
32152,37727,55535
32216,37721,55460
32300,37719,55300
32448,37692,55623
32500,37711,55659
32424,37737,55621
32396,37693,55448
32533,37717,55556
32568,37722,55648
32532,37729,55719
32292,37685,55727
32226,37701,55747
32288,37696,55746
32356,37727,55762
32392,37734,55746
32420,37725,55678
32448,37729,55750
32449,37709,55796
32493,37727,55783
32612,37690,55815
32772,37692,55815
32704,37703,55797
32596,37703,55869
32552,37695,55877
32574,37673,55865
32604,37703,55839
32560,37727,55860
32508,37719,55932
32500,37689,55988
32492,37703,56007
32572,37709,55998
32584,37676,55975
32508,37713,55997
32612,37703,56018
32716,37704,56045
32780,37717,56121
32696,37699,56137
32608,37716,56125
32692,37711,56061
32694,37683,55905
32645,37685,56231
32557,37689,56249
32474,37714,56199
32416,37676,56288
32364,37695,56327
32393,37703,56280
32365,37696,56263
32389,37717,56351
32524,37703,56396
32628,37663,56377
32644,37695,56383
32588,37693,56421
32584,37681,56455
32564,37703,56511
32524,37713,56165
32548,37717,56484
32644,37704,56516
32640,37695,56543
32756,37687,56492
32808,37703,56492
32848,37695,56583
32788,37681,56575
32588,37700,56305
32560,37703,56532
32688,37700,56620
32860,37709,56641
32921,37685,56564
32928,37711,56647
32960,37679,56671
33012,37687,56615
33074,37685,56580
33088,37687,56636
33180,37703,56647
33244,37700,56583
33240,37711,56631
33192,37709,56660
33136,37698,56543
33067,37716,56583
33029,37694,56681
32928,37684,56668
32856,37709,56640
32921,37665,56576
33036,37701,56548
33077,37692,56621
33084,37719,56560
33040,37719,56241
33076,37709,56420
33108,37711,56421
33080,37709,56551
33084,37687,56552
32993,37708,56551
32996,37711,56413
32912,37661,56451
32929,37695,56471
32964,37692,56417
32972,37718,56109
32984,37681,56283
32936,37709,56360
32952,37700,56375
32956,37678,56327
32868,37699,56224
32860,37701,56287
32908,37663,56261
32951,37700,55943
33017,37696,56160
33068,37692,56132
33066,37671,56176
33077,37711,56044
33057,37684,56047
32972,37679,56024
32928,37671,56024
32928,37693,56021
32836,37692,55769
32688,37667,55792
32472,37688,55815
32192,37693,55868
31940,37705,55849
31832,37703,55831
31874,37676,55749
32100,37687,55653
32524,37679,55694
33120,37696,55668
33784,37669,55575
34468,37705,55393
35316,37703,55453
36509,37692,55473
38132,37704,55437
40220,37697,55385
42316,37676,55284
44025,37671,55193
45700,37673,55183
47132,37663,55159
48068,37676,55088
48224,37668,54791
47204,37687,54735
44901,37701,54639
42132,37717,54629
39517,37711,54695
37080,37708,54758
34816,37733,54609
33336,37725,54503
32536,37709,54495
32268,37733,54432
32192,37681,54071
32164,37719,54188
32092,37711,54127
31861,37708,54080
31656,37716,54053
31564,37725,53980
31512,37719,53879
31476,37695,53726
31456,37676,53653
31406,37703,53551
31356,37719,53496
31258,37727,53429
31216,37731,53336
31220,37701,53061
31208,37732,53085
31210,37661,53047
31160,37703,52956
31133,37725,52855
31160,37719,52759
31168,37695,52612
31220,37725,52460
31248,37693,52327
31284,37711,52279
31324,37734,52191
31288,37712,51839
31276,37703,51911
31293,37711,51828
31332,37689,51741
31332,37711,51670
31268,37699,51585
31320,37698,51397
31416,37726,51395
31478,37679,51297
31478,37711,51224
31456,37690,51132
31460,37721,51063
31518,37719,50991
31524,37703,50912
31490,37687,50833
31518,37693,50620
31576,37733,50580
31656,37682,50595
31740,37724,50500
31800,37703,50456
31800,37733,50407
31764,37661,50415
31720,37699,50351
31672,37719,50287
31728,37703,49972
31833,37695,50055
31903,37698,50148
31912,37711,50023
31912,37713,49975
31908,37689,49927
31904,37722,49927
31948,37698,49874
31953,37693,49727
31960,37700,49773
32000,37687,49732
32040,37667,49615
32048,37719,49595
32084,37676,49582
32100,37716,49285
32128,37705,49358
32144,37695,49383
32160,37709,49377
32188,37711,49260
32232,37687,49263
32240,37711,48999
32284,37694,49064
32289,37669,49103
32332,37724,48959
32344,37727,48972
32372,37700,48893
32432,37697,48772
32493,37684,48791
32485,37709,48735
32497,37660,48604
32572,37693,48518
32637,37705,48469
32637,37711,48460
32664,37711,48404
32736,37729,48330
32784,37716,48263
32832,37703,48176
32848,37719,47893
32880,37711,47953
32908,37710,47944
32976,37692,47901
33001,37711,47805
33056,37714,47701
33124,37695,47638
33156,37729,47363
33204,37719,47415
33220,37716,47398
33222,37735,47337
33221,37678,47260
33216,37701,47092
33238,37730,47037
33265,37719,46983
33305,37705,46919
33345,37743,46594
33348,37727,46556
33324,37708,46652
33308,37741,46572
33308,37701,46452
33280,37703,46316
33268,37732,46306
33252,37708,46007
33188,37717,46083
33180,37708,46050
33180,37727,45919
33093,37727,45831
32997,37705,45575
32884,37707,45522
32748,37725,45560
32688,37670,45525
32576,37688,45398
32448,37684,45279
32360,37701,45190
32304,37682,45177
32210,37700,45095
32144,37725,44997
32056,37701,44735
31990,37711,44671
31892,37700,44745
31812,37681,44592
31756,37703,44515
31696,37685,44459
31660,37697,44420
31651,37689,44351
31621,37703,44031
31576,37661,43964
31558,37695,44038
31552,37684,43976
31576,37694,43927
31576,37684,43783
31588,37679,43715
31536,37639,43706
31580,37684,43631
31588,37681,43564
31624,37689,43489
31644,37695,43423
31660,37687,43335
31664,37663,43266
31668,37692,43208
31660,37636,43118
31656,37655,43065
31640,37679,42975
31676,37677,42907
31700,37677,42820
31701,37652,42533
31700,37681,42503
31720,37677,42428
31733,37679,42361
31744,37660,42391
31756,37653,42413
31780,37675,42373
31781,37615,42236
31782,37653,42181
31820,37657,42156
31872,37639,42092
31928,37673,41989
31948,37634,41969
31992,37652,41942
32024,37670,41885
32016,37639,41649
31990,37648,41804
31972,37666,41751
31993,37661,41589
32030,37663,41575
32004,37625,41575
32045,37647,41519
32076,37675,41469
32112,37671,41239
32152,37669,41198
32184,37663,41143
32164,37662,41063
32172,37655,41029
32176,37639,40999
32180,37672,41042
32208,37671,40904
32236,37676,40951
32216,37669,40967
32253,37677,40801
32228,37661,40804
32256,37639,40607
32272,37637,40567
32232,37665,40576
32256,37632,40671
32292,37623,40495
32356,37671,40535
32392,37661,40317
32396,37639,40433
32388,37670,40325
32384,37639,40276
32412,37653,40265
32396,37639,40063
32392,37633,40189
32416,37632,40125
32452,37639,39917
32512,37647,40023
32504,37664,39926
32493,37655,39917
32512,37660,39701
32524,37637,39823
32508,37657,39705
32488,37633,39711
32492,37607,39531
32500,37647,39540
32545,37636,39613
32580,37639,39505
32592,37668,39444
32588,37665,39469
32580,37661,39303
32604,37657,39352
32576,37655,39325
32590,37649,39140
32600,37639,39196
32593,37619,39201
32608,37625,39133
32652,37668,39128
32648,37663,38939
32665,37657,39058
32676,37653,38981
32684,37664,38985
32676,37632,38911
32649,37627,38823
32657,37652,38836
32708,37649,38661
32738,37652,38714
32736,37677,38748
32756,37639,38700
32798,37669,38602
32784,37660,38589
32773,37668,38583
32749,37639,38543
32748,37653,38516
32724,37654,38342
32668,37679,38438
32628,37653,38260
32580,37677,38226
32546,37665,38193
32509,37663,38207
32468,37679,38284
32432,37676,38244
32434,37615,38159
32452,37671,38088
32482,37656,38084
32464,37679,38078
32468,37679,38069
32465,37663,37889
32469,37686,37890
32488,37657,37815
32528,37685,37797
32568,37661,37865
32604,37668,37877
32660,37661,37819
32708,37666,37759
32740,37682,37780
32816,37666,37732
32804,37693,37693
32824,37649,37593
32869,37679,37595
32944,37663,37580
33029,37677,37553
33065,37671,37511
33072,37645,37484
33110,37685,37338
33164,37628,37303
33185,37669,37271
33160,37685,37229
33112,37693,37289
33096,37639,37332
33068,37669,37239
33048,37674,37244
33044,37648,37231
33052,37661,37211
33064,37639,37200
33074,37661,37063
33084,37658,37029
33086,37668,36996
33096,37649,37007
33118,37679,37050
33112,37632,37028
33056,37661,37019
33016,37639,37023
32980,37639,36965
32984,37669,36924
32984,37639,36969
32994,37649,36964
33001,37654,36808
32984,37679,36788
32992,37638,36837
32948,37676,36884
32920,37652,36808
32920,37663,36820
32940,37620,36822
32849,37647,36692
32824,37637,36710
32853,37659,36783
32900,37653,36779
32902,37671,36730
32937,37655,36687
32960,37655,36703
32932,37679,36693
32928,37639,36678
32925,37663,36684
32932,37635,36551
32908,37649,36532
32782,37663,36581
32558,37679,36639
32252,37671,36615
31892,37655,36575
31597,37647,36596
31372,37673,36445
31364,37629,36558
31432,37639,36572
31668,37668,36517
32136,37668,36519
32620,37655,36543
33348,37683,36391
34572,37681,36529
36528,37664,36479
38892,37648,36447
41652,37639,36494
44677,37620,36381
47684,37612,36323
50412,37598,36374
52484,37615,36460
53828,37600,36417
54300,37620,36404
53468,37615,36317
51488,37628,36278
48936,37629,36389
46000,37628,36407
42780,37631,36359
39464,37653,36341
36984,37660,36344
35329,37655,36372
34132,37681,36255
33232,37660,36220
32448,37671,36255
31844,37685,36313
31438,37657,36348
31112,37677,36297
30860,37659,36325
30665,37684,36331
30532,37671,36206
30421,37673,36249
30301,37671,36324
30212,37661,36257
30148,37703,36251
30088,37696,36250
30026,37681,36260
29960,37671,36096
29920,37687,36216
29916,37686,36192
29908,37679,36087
29928,37679,36021
29932,37683,36097
30004,37679,36081
30016,37673,36015
30020,37703,35951
30032,37687,36053
30048,37657,35943
30064,37653,36012
30080,37693,35975
30132,37639,36005
30145,37676,35879
30152,37671,35838
30220,37699,35904
30272,37639,35934
30300,37687,35881
30342,37673,35913
30380,37669,35775
30396,37687,35885
30428,37639,35847
30494,37629,35737
30509,37678,35829
30576,37673,35812
30624,37668,35838
30652,37669,35697
30672,37669,35805
30680,37695,35810
30725,37693,35674
30756,37627,35798
30724,37661,35782
30737,37654,35767
30796,37635,35685
30836,37675,35696
30866,37683,35719
30880,37687,35639
30920,37692,35745
30924,37692,35718
30920,37690,35606
30913,37631,35613
30940,37668,35687
30961,37645,35634
31004,37677,35655
31048,37671,35553
31116,37691,35527
31154,37679,35588
31175,37661,35589
31200,37661,35451
31214,37639,35565
31224,37689,35512
31272,37675,35512
31285,37671,35396
31324,37668,35404
31396,37695,35479
31460,37685,35429
31516,37702,35425
31532,37687,35425
31516,37707,35412
31540,37694,35287
31556,37679,35245
31620,37699,35349
31661,37647,35284
31692,37694,35293
31724,37693,35282
31768,37715,35260
31810,37671,35140
31860,37701,35071
31884,37687,35118
31937,37711,35157
31996,37661,35117
32004,37695,35067
32053,37716,35068
32100,37711,34951
32152,37735,34885
32216,37716,34860
32248,37717,34841
32316,37740,34881
32348,37732,34823
32364,37716,34834
32404,37724,34823
32464,37719,34783
32512,37727,34764
32536,37734,34724
32592,37706,34715
32656,37732,34685
32692,37747,34637
32732,37755,34543
32761,37723,34613
32796,37708,34567
32773,37732,34564
32764,37728,34471
32788,37719,34413
32840,37708,34495
32888,37751,34469
32932,37721,34450
32940,37751,34437
32901,37740,34351
32884,37735,34303
32830,37723,34330
32768,37746,34348
32700,37753,34311
32640,37709,34324
32596,37737,34213
32530,37743,34175
32472,37767,34215
32424,37749,34212
32396,37767,34191
32332,37763,34084
32228,37743,34081
32196,37734,34142
32148,37759,34090
32092,37713,34074
32064,37751,34076
32064,37742,33952
32044,37767,33940
32028,37767,33991
32024,37716,33951
31952,37753,33951
31948,37751,33837
31954,37733,33834
31980,37745,33876
31973,37759,33833
31948,37742,33839
31960,37749,33756
31964,37755,33724
31972,37743,33754
31996,37751,33732
32008,37720,33633
32030,37746,33687
32048,37755,33659
32044,37747,33573
32085,37703,33540
32096,37734,33571
32129,37727,33585
32132,37765,33543
32164,37716,33526
32139,37743,33511
32140,37759,33452
32117,37708,33392
32122,37725,33385
32112,37725,33415
32164,37748,33407
32196,37717,33373
32226,37740,33375
32260,37743,33316
32278,37759,33265
32312,37765,33316
32312,37735,33301
32336,37748,33308
32383,37735,33308
32321,37743,33241
32308,37753,33202
32348,37711,33271
32360,37757,33269
32374,37748,33237
32400,37751,33204
32417,37779,33173
32413,37777,33231
32397,37767,33196
32376,37757,33189
32360,37751,33199
32376,37767,33108
32400,37780,33149
32461,37734,33159
32452,37782,33133
32488,37767,33076
32492,37767,33077
32481,37767,33088
32484,37787,33086
32469,37777,33007
32460,37735,33031
32486,37780,33037
32508,37790,33031
32532,37777,32953
32540,37789,33021
32560,37788,32996
32576,37783,32949
32576,37805,32929
32581,37807,32977
32612,37757,32953
32624,37791,32956
32612,37793,32903
32602,37791,32879
32576,37821,32887
32584,37823,32927
32624,37815,32913
32676,37836,32903
32672,37797,32886
32677,37826,32853
32684,37815,32816
32608,37831,32842
32628,37831,32865
32648,37839,32836
32672,37845,32839
32689,37839,32774
32709,37865,32767
32740,37873,32807
32792,37823,32775
32764,37853,32783
32764,37857,32739
