true,prob,confidence,subject_id,dataset,source_ds
1,0.0038113317,0.7731612,empathicschool_s7,combined,empathicschool
1,0.004655821,0.7570206,empathicschool_s7,combined,empathicschool
1,0.004836377,0.7596574,empathicschool_s7,combined,empathicschool
1,0.0045480714,0.7631756,empathicschool_s7,combined,empathicschool
1,0.004688324,0.7613684,empathicschool_s7,combined,empathicschool
1,0.0048101204,0.759875,empathicschool_s7,combined,empathicschool
1,0.0049771992,0.75780743,empathicschool_s7,combined,empathicschool
1,0.005196177,0.7550529,empathicschool_s7,combined,empathicschool
1,0.0054227137,0.7525837,empathicschool_s7,combined,empathicschool
1,0.0056019076,0.7506147,empathicschool_s7,combined,empathicschool
1,0.004467116,0.76424664,empathicschool_s7,combined,empathicschool
1,0.004275542,0.7664972,empathicschool_s7,combined,empathicschool
1,0.004161384,0.7682003,empathicschool_s7,combined,empathicschool
1,0.0039012989,0.7721632,empathicschool_s7,combined,empathicschool
1,0.0034717575,0.77859735,empathicschool_s7,combined,empathicschool
1,0.0032017909,0.78242517,empathicschool_s7,combined,empathicschool
1,0.0028717685,0.7884716,empathicschool_s7,combined,empathicschool
1,0.0027822584,0.79042447,empathicschool_s7,combined,empathicschool
1,0.0029045925,0.788109,empathicschool_s7,combined,empathicschool
1,0.005156388,0.75403506,empathicschool_s7,combined,empathicschool
1,0.0031416635,0.7838378,empathicschool_s7,combined,empathicschool
1,0.0035119841,0.7780866,empathicschool_s7,combined,empathicschool
1,0.0036431365,0.77665496,empathicschool_s7,combined,empathicschool
1,0.003786799,0.7746003,empathicschool_s7,combined,empathicschool
1,0.003910289,0.77309954,empathicschool_s7,combined,empathicschool
1,0.0043586497,0.7675584,empathicschool_s7,combined,empathicschool
1,0.0047351085,0.7626858,empathicschool_s7,combined,empathicschool
1,0.00467371,0.7635011,empathicschool_s7,combined,empathicschool
1,0.0042966837,0.76901823,empathicschool_s7,combined,empathicschool
1,0.0038649712,0.7755896,empathicschool_s7,combined,empathicschool
1,0.0053477734,0.7526561,empathicschool_s7,combined,empathicschool
1,0.0038973985,0.77491933,empathicschool_s7,combined,empathicschool
1,0.003878271,0.77515244,empathicschool_s7,combined,empathicschool
1,0.0035202508,0.78100383,empathicschool_s7,combined,empathicschool
1,0.0035394279,0.7805627,empathicschool_s7,combined,empathicschool
1,0.0041993135,0.7696225,empathicschool_s7,combined,empathicschool
1,0.004535576,0.764408,empathicschool_s7,combined,empathicschool
1,0.004812869,0.76066196,empathicschool_s7,combined,empathicschool
1,0.005077223,0.75710744,empathicschool_s7,combined,empathicschool
1,0.0053896517,0.75260603,empathicschool_s7,combined,empathicschool
1,0.0058079096,0.7464445,empathicschool_s7,combined,empathicschool
1,0.005473841,0.75065523,empathicschool_s7,combined,empathicschool
1,0.0062689316,0.74016446,empathicschool_s7,combined,empathicschool
1,0.006669774,0.73543966,empathicschool_s7,combined,empathicschool
1,0.0070214234,0.73130995,empathicschool_s7,combined,empathicschool
1,0.007276494,0.7284964,empathicschool_s7,combined,empathicschool
1,0.0074167266,0.7268585,empathicschool_s7,combined,empathicschool
1,0.0075114127,0.72579527,empathicschool_s7,combined,empathicschool
1,0.007558475,0.72536165,empathicschool_s7,combined,empathicschool
1,0.007450291,0.72691584,empathicschool_s7,combined,empathicschool
1,0.0072010867,0.72983,empathicschool_s7,combined,empathicschool
1,0.006971499,0.7327412,empathicschool_s7,combined,empathicschool
1,0.0054864455,0.7509523,empathicschool_s7,combined,empathicschool
1,0.006724537,0.73590887,empathicschool_s7,combined,empathicschool
1,0.0064100046,0.7398277,empathicschool_s7,combined,empathicschool
1,0.006116844,0.74347186,empathicschool_s7,combined,empathicschool
1,0.0061392523,0.74357164,empathicschool_s7,combined,empathicschool
1,0.006165751,0.74350464,empathicschool_s7,combined,empathicschool
1,0.006150989,0.74375874,empathicschool_s7,combined,empathicschool
1,0.006117042,0.74407357,empathicschool_s7,combined,empathicschool
1,0.0061112056,0.74414647,empathicschool_s7,combined,empathicschool
1,0.0061051673,0.74420375,empathicschool_s7,combined,empathicschool
1,0.005833766,0.74675685,empathicschool_s7,combined,empathicschool
1,0.005375145,0.7524267,empathicschool_s7,combined,empathicschool
1,0.005689305,0.7477326,empathicschool_s7,combined,empathicschool
1,0.005898222,0.7446424,empathicschool_s7,combined,empathicschool
1,0.0061990772,0.74059397,empathicschool_s7,combined,empathicschool
1,0.0064659365,0.73727185,empathicschool_s7,combined,empathicschool
1,0.006623893,0.7355101,empathicschool_s7,combined,empathicschool
1,0.006732638,0.73431116,empathicschool_s7,combined,empathicschool
1,0.006706083,0.7348845,empathicschool_s7,combined,empathicschool
1,0.0065328614,0.73716456,empathicschool_s7,combined,empathicschool
1,0.006306883,0.7401272,empathicschool_s7,combined,empathicschool
1,0.0060945856,0.74284613,empathicschool_s7,combined,empathicschool
1,0.0052516474,0.7541613,empathicschool_s7,combined,empathicschool
1,0.006381853,0.74012434,empathicschool_s7,combined,empathicschool
1,0.006541561,0.7380995,empathicschool_s7,combined,empathicschool
1,0.006531618,0.7380479,empathicschool_s7,combined,empathicschool
1,0.006398456,0.7393382,empathicschool_s7,combined,empathicschool
1,0.00642993,0.73911434,empathicschool_s7,combined,empathicschool
1,0.0064677205,0.73847383,empathicschool_s7,combined,empathicschool
1,0.006495866,0.7379221,empathicschool_s7,combined,empathicschool
1,0.006627276,0.7364343,empathicschool_s7,combined,empathicschool
1,0.0068342066,0.7341559,empathicschool_s7,combined,empathicschool
1,0.0071218195,0.7310693,empathicschool_s7,combined,empathicschool
1,0.0051637273,0.7553747,empathicschool_s7,combined,empathicschool
1,0.007352867,0.7283361,empathicschool_s7,combined,empathicschool
1,0.0074718166,0.72731125,empathicschool_s7,combined,empathicschool
1,0.0073943506,0.72838426,empathicschool_s7,combined,empathicschool
1,0.0071404087,0.73160446,empathicschool_s7,combined,empathicschool
1,0.0068351645,0.73540765,empathicschool_s7,combined,empathicschool
1,0.006248207,0.74223036,empathicschool_s7,combined,empathicschool
1,0.006003095,0.7457583,empathicschool_s7,combined,empathicschool
1,0.005769845,0.74891376,empathicschool_s7,combined,empathicschool
1,0.0054297238,0.7526725,empathicschool_s7,combined,empathicschool
1,0.005085918,0.7567202,empathicschool_s7,combined,empathicschool
1,0.0050615706,0.7569988,empathicschool_s7,combined,empathicschool
1,0.004787548,0.7601489,empathicschool_s7,combined,empathicschool
1,0.00444261,0.76432794,empathicschool_s7,combined,empathicschool
1,0.004032987,0.76953876,empathicschool_s7,combined,empathicschool
1,0.0036766778,0.7746266,empathicschool_s7,combined,empathicschool
1,0.0035318614,0.77706164,empathicschool_s7,combined,empathicschool
1,0.0035688414,0.77648896,empathicschool_s7,combined,empathicschool
1,0.0036440887,0.77532,empathicschool_s7,combined,empathicschool
1,0.0038209045,0.7726572,empathicschool_s7,combined,empathicschool
1,0.0040881606,0.7689799,empathicschool_s7,combined,empathicschool
1,0.0043461025,0.76565087,empathicschool_s7,combined,empathicschool
1,0.0039468855,0.7712593,empathicschool_s7,combined,empathicschool
1,0.004599,0.75985825,empathicschool_s7,combined,empathicschool
1,0.0056087114,0.7503202,empathicschool_s7,combined,empathicschool
1,0.005423223,0.7527368,empathicschool_s7,combined,empathicschool
1,0.0055167903,0.7517129,empathicschool_s7,combined,empathicschool
1,0.005584865,0.7510559,empathicschool_s7,combined,empathicschool
1,0.0056152153,0.7504751,empathicschool_s7,combined,empathicschool
1,0.0057752095,0.74800754,empathicschool_s7,combined,empathicschool
1,0.006177619,0.7429582,empathicschool_s7,combined,empathicschool
1,0.006711841,0.73644835,empathicschool_s7,combined,empathicschool
1,0.005446513,0.7524253,empathicschool_s7,combined,empathicschool
1,0.0054661115,0.7522201,empathicschool_s7,combined,empathicschool
1,0.005510068,0.7518484,empathicschool_s7,combined,empathicschool
1,0.005473127,0.75212353,empathicschool_s7,combined,empathicschool
1,0.005390442,0.75304925,empathicschool_s7,combined,empathicschool
1,0.00533658,0.75375557,empathicschool_s7,combined,empathicschool
1,0.0054451446,0.7524904,empathicschool_s7,combined,empathicschool
1,0.0054277955,0.7527322,empathicschool_s7,combined,empathicschool
1,0.005366347,0.7532788,empathicschool_s7,combined,empathicschool
1,0.0048741894,0.75930756,empathicschool_s7,combined,empathicschool
1,0.0053569204,0.75317675,empathicschool_s7,combined,empathicschool
1,0.005547018,0.75061166,empathicschool_s7,combined,empathicschool
1,0.005789392,0.74707663,empathicschool_s7,combined,empathicschool
1,0.0060565947,0.7434441,empathicschool_s7,combined,empathicschool
1,0.0063878847,0.73906535,empathicschool_s7,combined,empathicschool
1,0.006775033,0.7330094,empathicschool_s7,combined,empathicschool
1,0.007486085,0.72386515,empathicschool_s7,combined,empathicschool
1,0.008291771,0.714993,empathicschool_s7,combined,empathicschool
1,0.008974392,0.70762485,empathicschool_s7,combined,empathicschool
1,0.009734588,0.69963115,empathicschool_s7,combined,empathicschool
1,0.004954512,0.7582657,empathicschool_s7,combined,empathicschool
1,0.010500351,0.6916372,empathicschool_s7,combined,empathicschool
1,0.011368288,0.68327063,empathicschool_s7,combined,empathicschool
1,0.012240031,0.6753393,empathicschool_s7,combined,empathicschool
1,0.012885335,0.66893077,empathicschool_s7,combined,empathicschool
1,0.013150974,0.66521496,empathicschool_s7,combined,empathicschool
1,0.013225547,0.6651715,empathicschool_s7,combined,empathicschool
1,0.012528647,0.6713719,empathicschool_s7,combined,empathicschool
1,0.012789437,0.67039365,empathicschool_s7,combined,empathicschool
1,0.012967482,0.669766,empathicschool_s7,combined,empathicschool
1,0.012493389,0.6734055,empathicschool_s7,combined,empathicschool
1,0.004918705,0.75868803,empathicschool_s7,combined,empathicschool
1,0.011900614,0.6785473,empathicschool_s7,combined,empathicschool
1,0.011377488,0.6854275,empathicschool_s7,combined,empathicschool
1,0.010962337,0.691394,empathicschool_s7,combined,empathicschool
1,0.009919171,0.701232,empathicschool_s7,combined,empathicschool
1,0.0077738105,0.7213826,empathicschool_s7,combined,empathicschool
1,0.008513065,0.71536994,empathicschool_s7,combined,empathicschool
1,0.009777794,0.70252407,empathicschool_s7,combined,empathicschool
1,0.010675447,0.6924629,empathicschool_s7,combined,empathicschool
1,0.010725854,0.689723,empathicschool_s7,combined,empathicschool
1,0.01091725,0.6890632,empathicschool_s7,combined,empathicschool
1,0.004951767,0.7582735,empathicschool_s7,combined,empathicschool
1,0.01159909,0.68405956,empathicschool_s7,combined,empathicschool
1,0.011447598,0.6855706,empathicschool_s7,combined,empathicschool
1,0.010870739,0.6909665,empathicschool_s7,combined,empathicschool
1,0.009204525,0.7058033,empathicschool_s7,combined,empathicschool
1,0.007662524,0.7212051,empathicschool_s7,combined,empathicschool
1,0.007535246,0.7227754,empathicschool_s7,combined,empathicschool
1,0.0072965478,0.7261604,empathicschool_s7,combined,empathicschool
1,0.0072061303,0.7276606,empathicschool_s7,combined,empathicschool
1,0.00708539,0.7295908,empathicschool_s7,combined,empathicschool
1,0.007210897,0.7298027,empathicschool_s7,combined,empathicschool
1,0.0050535332,0.75676614,empathicschool_s7,combined,empathicschool
1,0.0068009384,0.73509854,empathicschool_s7,combined,empathicschool
1,0.0063141193,0.7410558,empathicschool_s7,combined,empathicschool
1,0.006297286,0.7408592,empathicschool_s7,combined,empathicschool
1,0.0065367557,0.7376849,empathicschool_s7,combined,empathicschool
1,0.006801328,0.7344358,empathicschool_s7,combined,empathicschool
1,0.0071916943,0.7299319,empathicschool_s7,combined,empathicschool
1,0.007674397,0.72442186,empathicschool_s7,combined,empathicschool
1,0.008179697,0.7186822,empathicschool_s7,combined,empathicschool
1,0.008315755,0.7174269,empathicschool_s7,combined,empathicschool
1,0.0082181385,0.7189212,empathicschool_s7,combined,empathicschool
1,0.005498364,0.75107753,empathicschool_s7,combined,empathicschool
1,0.008123664,0.7195946,empathicschool_s7,combined,empathicschool
1,0.008263829,0.71777797,empathicschool_s7,combined,empathicschool
1,0.008363519,0.71694106,empathicschool_s7,combined,empathicschool
1,0.008175953,0.71935934,empathicschool_s7,combined,empathicschool
1,0.007926339,0.7225849,empathicschool_s7,combined,empathicschool
1,0.007447492,0.72776073,empathicschool_s7,combined,empathicschool
1,0.0069200266,0.73364675,empathicschool_s7,combined,empathicschool
1,0.0064260657,0.73885876,empathicschool_s7,combined,empathicschool
1,0.0062565915,0.7405407,empathicschool_s7,combined,empathicschool
1,0.006161802,0.7416788,empathicschool_s7,combined,empathicschool
1,0.005778917,0.7479131,empathicschool_s7,combined,empathicschool
1,0.006096227,0.7425626,empathicschool_s7,combined,empathicschool
1,0.0061173025,0.74233586,empathicschool_s7,combined,empathicschool
1,0.006226307,0.74106485,empathicschool_s7,combined,empathicschool
1,0.0062440783,0.74093133,empathicschool_s7,combined,empathicschool
1,0.006539769,0.7380766,empathicschool_s7,combined,empathicschool
1,0.0067608915,0.73557,empathicschool_s7,combined,empathicschool
1,0.006812662,0.73468673,empathicschool_s7,combined,empathicschool
1,0.0071612666,0.7310502,empathicschool_s7,combined,empathicschool
1,0.0072917347,0.7297452,empathicschool_s7,combined,empathicschool
1,0.007276949,0.7302671,empathicschool_s7,combined,empathicschool
1,0.005854327,0.7472202,empathicschool_s7,combined,empathicschool
1,0.007242953,0.7309106,empathicschool_s7,combined,empathicschool
1,0.006950206,0.7341383,empathicschool_s7,combined,empathicschool
1,0.006485276,0.7392029,empathicschool_s7,combined,empathicschool
1,0.0062145013,0.74264354,empathicschool_s7,combined,empathicschool
1,0.0061267726,0.74420464,empathicschool_s7,combined,empathicschool
1,0.0059645735,0.74642533,empathicschool_s7,combined,empathicschool
1,0.0058132918,0.7482449,empathicschool_s7,combined,empathicschool
1,0.005778912,0.7485714,empathicschool_s7,combined,empathicschool
1,0.0056403195,0.7501726,empathicschool_s7,combined,empathicschool
1,0.0054783914,0.752131,empathicschool_s7,combined,empathicschool
0,0.00422417,0.7675067,empathicschool_s7,combined,empathicschool
0,0.0048901653,0.7560376,empathicschool_s7,combined,empathicschool
0,0.006135611,0.74371725,empathicschool_s7,combined,empathicschool
0,0.0064737494,0.73820424,empathicschool_s7,combined,empathicschool
0,0.0061847637,0.7421259,empathicschool_s7,combined,empathicschool
0,0.0062253806,0.7427069,empathicschool_s7,combined,empathicschool
0,0.0060409536,0.745061,empathicschool_s7,combined,empathicschool
0,0.005934899,0.74605566,empathicschool_s7,combined,empathicschool
0,0.0058315727,0.7476125,empathicschool_s7,combined,empathicschool
0,0.0056820423,0.74977714,empathicschool_s7,combined,empathicschool
0,0.006080271,0.7443275,empathicschool_s7,combined,empathicschool
0,0.0061120656,0.7438566,empathicschool_s7,combined,empathicschool
0,0.006178281,0.7431573,empathicschool_s7,combined,empathicschool
0,0.006043238,0.7449057,empathicschool_s7,combined,empathicschool
0,0.0059699723,0.7457368,empathicschool_s7,combined,empathicschool
0,0.006017139,0.7446148,empathicschool_s7,combined,empathicschool
0,0.006216389,0.74198145,empathicschool_s7,combined,empathicschool
0,0.0065517514,0.7378453,empathicschool_s7,combined,empathicschool
0,0.0068008867,0.734524,empathicschool_s7,combined,empathicschool
0,0.0052782586,0.7543151,empathicschool_s7,combined,empathicschool
0,0.006985741,0.7326012,empathicschool_s7,combined,empathicschool
0,0.0070043094,0.732451,empathicschool_s7,combined,empathicschool
0,0.007041013,0.731169,empathicschool_s7,combined,empathicschool
0,0.0075277044,0.72432387,empathicschool_s7,combined,empathicschool
0,0.00847922,0.7131788,empathicschool_s7,combined,empathicschool
0,0.009065419,0.7066721,empathicschool_s7,combined,empathicschool
0,0.009616262,0.7003547,empathicschool_s7,combined,empathicschool
0,0.010449218,0.6916177,empathicschool_s7,combined,empathicschool
0,0.010975979,0.686724,empathicschool_s7,combined,empathicschool
0,0.011343877,0.68350875,empathicschool_s7,combined,empathicschool
0,0.00545937,0.752608,empathicschool_s7,combined,empathicschool
0,0.011368718,0.6839004,empathicschool_s7,combined,empathicschool
0,0.011136429,0.68602294,empathicschool_s7,combined,empathicschool
0,0.011104652,0.686163,empathicschool_s7,combined,empathicschool
0,0.01128718,0.68410456,empathicschool_s7,combined,empathicschool
0,0.011255964,0.68483955,empathicschool_s7,combined,empathicschool
0,0.010818867,0.68923074,empathicschool_s7,combined,empathicschool
0,0.010172201,0.69567287,empathicschool_s7,combined,empathicschool
0,0.009466083,0.7033517,empathicschool_s7,combined,empathicschool
0,0.009137243,0.7075973,empathicschool_s7,combined,empathicschool
0,0.00881582,0.71162105,empathicschool_s7,combined,empathicschool
0,0.0054981657,0.7517952,empathicschool_s7,combined,empathicschool
0,0.008381674,0.71665174,empathicschool_s7,combined,empathicschool
0,0.007943745,0.7216497,empathicschool_s7,combined,empathicschool
0,0.0076452624,0.72513384,empathicschool_s7,combined,empathicschool
0,0.0074623027,0.72742474,empathicschool_s7,combined,empathicschool
0,0.007250967,0.7298752,empathicschool_s7,combined,empathicschool
0,0.0070080445,0.7329462,empathicschool_s7,combined,empathicschool
0,0.0067338874,0.73647386,empathicschool_s7,combined,empathicschool
0,0.0062262593,0.7425144,empathicschool_s7,combined,empathicschool
0,0.0059448183,0.7463191,empathicschool_s7,combined,empathicschool
0,0.005715449,0.74963677,empathicschool_s7,combined,empathicschool
0,0.005613532,0.7501211,empathicschool_s7,combined,empathicschool
0,0.0052448492,0.75513405,empathicschool_s7,combined,empathicschool
0,0.004989097,0.7580701,empathicschool_s7,combined,empathicschool
0,0.0049973507,0.75783354,empathicschool_s7,combined,empathicschool
0,0.005060791,0.75708145,empathicschool_s7,combined,empathicschool
0,0.0051276297,0.7559848,empathicschool_s7,combined,empathicschool
0,0.0056367107,0.74979305,empathicschool_s7,combined,empathicschool
0,0.0058312714,0.74726295,empathicschool_s7,combined,empathicschool
0,0.005747998,0.7482704,empathicschool_s7,combined,empathicschool
0,0.0056013823,0.74991983,empathicschool_s7,combined,empathicschool
0,0.005672513,0.748581,empathicschool_s7,combined,empathicschool
0,0.005786953,0.7479596,empathicschool_s7,combined,empathicschool
0,0.0057973843,0.7469308,empathicschool_s7,combined,empathicschool
0,0.0058905603,0.7457776,empathicschool_s7,combined,empathicschool
0,0.006031261,0.7443758,empathicschool_s7,combined,empathicschool
0,0.006199462,0.74254525,empathicschool_s7,combined,empathicschool
0,0.0061727786,0.74305296,empathicschool_s7,combined,empathicschool
0,0.006062077,0.7444024,empathicschool_s7,combined,empathicschool
0,0.006071988,0.7442105,empathicschool_s7,combined,empathicschool
0,0.0062282896,0.7419684,empathicschool_s7,combined,empathicschool
0,0.0064329314,0.73924655,empathicschool_s7,combined,empathicschool
0,0.0065836436,0.7375341,empathicschool_s7,combined,empathicschool
0,0.0058606802,0.7471443,empathicschool_s7,combined,empathicschool
0,0.006683502,0.7362759,empathicschool_s7,combined,empathicschool
0,0.006784329,0.7349793,empathicschool_s7,combined,empathicschool
0,0.006866174,0.7338721,empathicschool_s7,combined,empathicschool
0,0.006979814,0.7323233,empathicschool_s7,combined,empathicschool
0,0.0071031307,0.73113567,empathicschool_s7,combined,empathicschool
0,0.006863553,0.7338821,empathicschool_s7,combined,empathicschool
0,0.0066202446,0.7366812,empathicschool_s7,combined,empathicschool
0,0.0064351996,0.7391245,empathicschool_s7,combined,empathicschool
0,0.006233291,0.74191505,empathicschool_s7,combined,empathicschool
0,0.005898065,0.7464193,empathicschool_s7,combined,empathicschool
0,0.005931929,0.74606395,empathicschool_s7,combined,empathicschool
0,0.0055965083,0.75051147,empathicschool_s7,combined,empathicschool
0,0.005530712,0.75160474,empathicschool_s7,combined,empathicschool
0,0.005393551,0.7530437,empathicschool_s7,combined,empathicschool
0,0.005114127,0.7561175,empathicschool_s7,combined,empathicschool
0,0.0052524665,0.7543383,empathicschool_s7,combined,empathicschool
0,0.0053383014,0.75322795,empathicschool_s7,combined,empathicschool
0,0.005436655,0.7518647,empathicschool_s7,combined,empathicschool
0,0.00554403,0.75015134,empathicschool_s7,combined,empathicschool
0,0.0057270257,0.7475154,empathicschool_s7,combined,empathicschool
0,0.00600355,0.74364513,empathicschool_s7,combined,empathicschool
0,0.006055584,0.74456704,empathicschool_s7,combined,empathicschool
0,0.0063854586,0.7382928,empathicschool_s7,combined,empathicschool
0,0.006695204,0.7346291,empathicschool_s7,combined,empathicschool
0,0.006717616,0.7349522,empathicschool_s7,combined,empathicschool
0,0.006657118,0.7353512,empathicschool_s7,combined,empathicschool
0,0.0066176676,0.73591244,empathicschool_s7,combined,empathicschool
0,0.006605428,0.736121,empathicschool_s7,combined,empathicschool
0,0.0065530697,0.7367955,empathicschool_s7,combined,empathicschool
0,0.0065103574,0.7373613,empathicschool_s7,combined,empathicschool
0,0.006520241,0.7372028,empathicschool_s7,combined,empathicschool
0,0.0065507176,0.7369334,empathicschool_s7,combined,empathicschool
0,0.004257452,0.76686466,empathicschool_s7,combined,empathicschool
0,0.005253282,0.7485992,empathicschool_s7,combined,empathicschool
0,0.005319151,0.75414485,empathicschool_s7,combined,empathicschool
0,0.006982613,0.73159033,empathicschool_s7,combined,empathicschool
0,0.0067372127,0.73496264,empathicschool_s7,combined,empathicschool
0,0.0064084018,0.73930925,empathicschool_s7,combined,empathicschool
0,0.006109532,0.7429773,empathicschool_s7,combined,empathicschool
0,0.0059599783,0.7450402,empathicschool_s7,combined,empathicschool
0,0.0058580805,0.74646604,empathicschool_s7,combined,empathicschool
0,0.0057634264,0.74757075,empathicschool_s7,combined,empathicschool
0,0.0051712724,0.75564915,empathicschool_s7,combined,empathicschool
0,0.0050022895,0.757768,empathicschool_s7,combined,empathicschool
0,0.0049071517,0.75899523,empathicschool_s7,combined,empathicschool
0,0.0045896987,0.7623675,empathicschool_s7,combined,empathicschool
0,0.0038862596,0.7715887,empathicschool_s7,combined,empathicschool
0,0.0032643822,0.78115106,empathicschool_s7,combined,empathicschool
0,0.0027682974,0.78929555,empathicschool_s7,combined,empathicschool
0,0.0024038123,0.7959219,empathicschool_s7,combined,empathicschool
0,0.002179823,0.8010368,empathicschool_s7,combined,empathicschool
0,0.0056184544,0.74974346,empathicschool_s7,combined,empathicschool
0,0.0020274345,0.8049642,empathicschool_s7,combined,empathicschool
0,0.0019532505,0.8067594,empathicschool_s7,combined,empathicschool
0,0.0019730171,0.8061111,empathicschool_s7,combined,empathicschool
0,0.0020804834,0.8032927,empathicschool_s7,combined,empathicschool
0,0.0022390003,0.79963505,empathicschool_s7,combined,empathicschool
0,0.0025094158,0.793893,empathicschool_s7,combined,empathicschool
0,0.0028105434,0.788472,empathicschool_s7,combined,empathicschool
0,0.0030219136,0.7852615,empathicschool_s7,combined,empathicschool
0,0.0031556766,0.78342324,empathicschool_s7,combined,empathicschool
0,0.0032584362,0.7817657,empathicschool_s7,combined,empathicschool
0,0.005566115,0.7511043,empathicschool_s7,combined,empathicschool
0,0.0034922627,0.7779061,empathicschool_s7,combined,empathicschool
0,0.0037503468,0.77423453,empathicschool_s7,combined,empathicschool
0,0.003984012,0.7709092,empathicschool_s7,combined,empathicschool
0,0.0041730953,0.76837754,empathicschool_s7,combined,empathicschool
0,0.00435176,0.76580673,empathicschool_s7,combined,empathicschool
0,0.0046162545,0.76235753,empathicschool_s7,combined,empathicschool
0,0.004746515,0.76096,empathicschool_s7,combined,empathicschool
0,0.004675323,0.7616582,empathicschool_s7,combined,empathicschool
0,0.0046380693,0.76193464,empathicschool_s7,combined,empathicschool
0,0.004738242,0.76072526,empathicschool_s7,combined,empathicschool
0,0.005372749,0.75342304,empathicschool_s7,combined,empathicschool
0,0.0049655023,0.75782996,empathicschool_s7,combined,empathicschool
0,0.005225309,0.7545148,empathicschool_s7,combined,empathicschool
0,0.0052350084,0.7550672,empathicschool_s7,combined,empathicschool
0,0.0051960265,0.7554289,empathicschool_s7,combined,empathicschool
0,0.005204031,0.75533986,empathicschool_s7,combined,empathicschool
0,0.005233991,0.75501215,empathicschool_s7,combined,empathicschool
0,0.0051850844,0.75579584,empathicschool_s7,combined,empathicschool
0,0.0050719026,0.7571258,empathicschool_s7,combined,empathicschool
0,0.00498993,0.7578802,empathicschool_s7,combined,empathicschool
0,0.004961021,0.75817055,empathicschool_s7,combined,empathicschool
0,0.0053167497,0.75402766,empathicschool_s7,combined,empathicschool
0,0.0050664237,0.757058,empathicschool_s7,combined,empathicschool
0,0.0051658195,0.75590813,empathicschool_s7,combined,empathicschool
0,0.005088059,0.75669914,empathicschool_s7,combined,empathicschool
0,0.0050214836,0.757539,empathicschool_s7,combined,empathicschool
0,0.005026504,0.7573421,empathicschool_s7,combined,empathicschool
0,0.005108764,0.7562239,empathicschool_s7,combined,empathicschool
0,0.0051369984,0.756208,empathicschool_s7,combined,empathicschool
0,0.005067948,0.7568407,empathicschool_s7,combined,empathicschool
0,0.005518007,0.7517286,empathicschool_s7,combined,empathicschool
0,0.005363782,0.7533799,empathicschool_s7,combined,empathicschool
0,0.005347358,0.75381845,empathicschool_s7,combined,empathicschool
0,0.0049606613,0.75825,empathicschool_s7,combined,empathicschool
0,0.0048620757,0.75947565,empathicschool_s7,combined,empathicschool
0,0.004759307,0.7606528,empathicschool_s7,combined,empathicschool
0,0.004721304,0.7611696,empathicschool_s7,combined,empathicschool
0,0.004622949,0.7625753,empathicschool_s7,combined,empathicschool
0,0.00465393,0.76192236,empathicschool_s7,combined,empathicschool
0,0.0044473195,0.7644449,empathicschool_s7,combined,empathicschool
0,0.004295662,0.7662386,empathicschool_s7,combined,empathicschool
0,0.0043303133,0.765816,empathicschool_s7,combined,empathicschool
0,0.004517948,0.76354086,empathicschool_s7,combined,empathicschool
0,0.0053423536,0.75385016,empathicschool_s7,combined,empathicschool
0,0.0046752477,0.7615217,empathicschool_s7,combined,empathicschool
0,0.004834083,0.759522,empathicschool_s7,combined,empathicschool
0,0.0050263605,0.75716656,empathicschool_s7,combined,empathicschool
0,0.00526696,0.75421476,empathicschool_s7,combined,empathicschool
0,0.005458889,0.752365,empathicschool_s7,combined,empathicschool
0,0.0054990053,0.75210327,empathicschool_s7,combined,empathicschool
0,0.0054007233,0.75302494,empathicschool_s7,combined,empathicschool
0,0.0053004315,0.7541886,empathicschool_s7,combined,empathicschool
0,0.005340484,0.7536956,empathicschool_s7,combined,empathicschool
0,0.0053717606,0.753237,empathicschool_s7,combined,empathicschool
0,0.0053321626,0.75391424,empathicschool_s7,combined,empathicschool
0,0.0053856634,0.7526441,empathicschool_s7,combined,empathicschool
0,0.005542098,0.7498703,empathicschool_s7,combined,empathicschool
0,0.005810691,0.7459554,empathicschool_s7,combined,empathicschool
0,0.0062060547,0.7406759,empathicschool_s7,combined,empathicschool
0,0.006681872,0.7342367,empathicschool_s7,combined,empathicschool
0,0.0071381037,0.7288515,empathicschool_s7,combined,empathicschool
0,0.007469299,0.7249775,empathicschool_s7,combined,empathicschool
0,0.007887267,0.71923184,empathicschool_s7,combined,empathicschool
0,0.008578374,0.710662,empathicschool_s7,combined,empathicschool
0,0.009242486,0.70381165,empathicschool_s7,combined,empathicschool
0,0.0053565777,0.7537175,empathicschool_s7,combined,empathicschool
0,0.009745362,0.6986006,empathicschool_s7,combined,empathicschool
0,0.009997444,0.6970636,empathicschool_s7,combined,empathicschool
0,0.009867734,0.6984527,empathicschool_s7,combined,empathicschool
0,0.009519157,0.701844,empathicschool_s7,combined,empathicschool
0,0.009269292,0.7047917,empathicschool_s7,combined,empathicschool
0,0.008892646,0.7089387,empathicschool_s7,combined,empathicschool
0,0.008466305,0.71374685,empathicschool_s7,combined,empathicschool
0,0.00806734,0.71840864,empathicschool_s7,combined,empathicschool
0,0.007650923,0.72343826,empathicschool_s7,combined,empathicschool
0,0.0072846795,0.7278749,empathicschool_s7,combined,empathicschool
0,0.0042063706,0.76756364,empathicschool_s7,combined,empathicschool
0,0.0069618146,0.7055878,empathicschool_s7,combined,empathicschool
0,0.0070562772,0.73166364,empathicschool_s7,combined,empathicschool
0,0.0070163775,0.73242354,empathicschool_s7,combined,empathicschool
0,0.006905519,0.73377424,empathicschool_s7,combined,empathicschool
0,0.006744619,0.7355962,empathicschool_s7,combined,empathicschool
0,0.0065323296,0.7384306,empathicschool_s7,combined,empathicschool
0,0.006318878,0.7412329,empathicschool_s7,combined,empathicschool
0,0.006096123,0.7441584,empathicschool_s7,combined,empathicschool
0,0.0059431084,0.746045,empathicschool_s7,combined,empathicschool
0,0.007050293,0.73177636,empathicschool_s7,combined,empathicschool
0,0.0070382357,0.7318929,empathicschool_s7,combined,empathicschool
0,0.007009332,0.73218703,empathicschool_s7,combined,empathicschool
0,0.0070574298,0.7315618,empathicschool_s7,combined,empathicschool
0,0.007084739,0.7314451,empathicschool_s7,combined,empathicschool
0,0.0069297524,0.7335244,empathicschool_s7,combined,empathicschool
0,0.0066868365,0.73650974,empathicschool_s7,combined,empathicschool
0,0.0064909626,0.7388826,empathicschool_s7,combined,empathicschool
0,0.0064658145,0.73895967,empathicschool_s7,combined,empathicschool
0,0.008719232,0.69348615,empathicschool_s7,combined,empathicschool
0,0.0066276095,0.73652375,empathicschool_s7,combined,empathicschool
0,0.0068587963,0.7336383,empathicschool_s7,combined,empathicschool
0,0.0070652766,0.7308814,empathicschool_s7,combined,empathicschool
0,0.007311993,0.7275629,empathicschool_s7,combined,empathicschool
0,0.0075535905,0.7245826,empathicschool_s7,combined,empathicschool
0,0.0077315685,0.72273743,empathicschool_s7,combined,empathicschool
0,0.007800927,0.7221264,empathicschool_s7,combined,empathicschool
0,0.0077502183,0.7225202,empathicschool_s7,combined,empathicschool
0,0.007915817,0.72030175,empathicschool_s7,combined,empathicschool
0,0.008109099,0.71858114,empathicschool_s7,combined,empathicschool
0,0.0077647893,0.7226182,empathicschool_s7,combined,empathicschool
0,0.00812437,0.7184719,empathicschool_s7,combined,empathicschool
0,0.007942772,0.72080535,empathicschool_s7,combined,empathicschool
0,0.0076849638,0.7238646,empathicschool_s7,combined,empathicschool
0,0.0074265203,0.7269865,empathicschool_s7,combined,empathicschool
0,0.007280346,0.7287068,empathicschool_s7,combined,empathicschool
0,0.0072374973,0.72917753,empathicschool_s7,combined,empathicschool
0,0.0071808035,0.7299218,empathicschool_s7,combined,empathicschool
0,0.007161738,0.7299436,empathicschool_s7,combined,empathicschool
0,0.0071535776,0.7301265,empathicschool_s7,combined,empathicschool
0,0.0071479613,0.73055625,empathicschool_s7,combined,empathicschool
0,0.007881255,0.7215292,empathicschool_s7,combined,empathicschool
0,0.007042839,0.7318947,empathicschool_s7,combined,empathicschool
0,0.006894808,0.73338497,empathicschool_s7,combined,empathicschool
0,0.0069309054,0.73296344,empathicschool_s7,combined,empathicschool
0,0.006996072,0.7322627,empathicschool_s7,combined,empathicschool
0,0.0069881203,0.7325777,empathicschool_s7,combined,empathicschool
0,0.0068139536,0.734729,empathicschool_s7,combined,empathicschool
0,0.006571875,0.737741,empathicschool_s7,combined,empathicschool
0,0.0064666662,0.7390814,empathicschool_s7,combined,empathicschool
0,0.0064185807,0.7396378,empathicschool_s7,combined,empathicschool
0,0.006356425,0.74045444,empathicschool_s7,combined,empathicschool
0,0.0077362377,0.7232122,empathicschool_s7,combined,empathicschool
0,0.0062869047,0.74127907,empathicschool_s7,combined,empathicschool
0,0.0063264756,0.7405373,empathicschool_s7,combined,empathicschool
0,0.006457237,0.7390002,empathicschool_s7,combined,empathicschool
0,0.006489973,0.73877674,empathicschool_s7,combined,empathicschool
0,0.006355083,0.7406083,empathicschool_s7,combined,empathicschool
0,0.0062492136,0.74178785,empathicschool_s7,combined,empathicschool
0,0.006395868,0.7397559,empathicschool_s7,combined,empathicschool
0,0.0065583126,0.73777807,empathicschool_s7,combined,empathicschool
0,0.006624113,0.7370608,empathicschool_s7,combined,empathicschool
0,0.0067052064,0.73568904,empathicschool_s7,combined,empathicschool
0,0.0075880885,0.7252814,empathicschool_s7,combined,empathicschool
0,0.0069561526,0.7323201,empathicschool_s7,combined,empathicschool
0,0.007249451,0.72873783,empathicschool_s7,combined,empathicschool
0,0.0075055785,0.72567296,empathicschool_s7,combined,empathicschool
0,0.007860599,0.7209353,empathicschool_s7,combined,empathicschool
0,0.008216888,0.71701485,empathicschool_s7,combined,empathicschool
0,0.008466714,0.7143711,empathicschool_s7,combined,empathicschool
0,0.008664035,0.7120234,empathicschool_s7,combined,empathicschool
0,0.0088805,0.7100058,empathicschool_s7,combined,empathicschool
0,0.008992845,0.7089756,empathicschool_s7,combined,empathicschool
0,0.008980794,0.7089988,empathicschool_s7,combined,empathicschool
0,0.007438146,0.7272918,empathicschool_s7,combined,empathicschool
0,0.008926954,0.70944786,empathicschool_s7,combined,empathicschool
0,0.008672796,0.7124093,empathicschool_s7,combined,empathicschool
0,0.008532963,0.71366185,empathicschool_s7,combined,empathicschool
0,0.008691429,0.71161324,empathicschool_s7,combined,empathicschool
0,0.008957168,0.7087216,empathicschool_s7,combined,empathicschool
0,0.009009715,0.70863545,empathicschool_s7,combined,empathicschool
0,0.0089263,0.7093884,empathicschool_s7,combined,empathicschool
0,0.00893146,0.70974034,empathicschool_s7,combined,empathicschool
0,0.008708264,0.7122332,empathicschool_s7,combined,empathicschool
0,0.008313333,0.7167621,empathicschool_s7,combined,empathicschool
0,0.0071787853,0.73047304,empathicschool_s7,combined,empathicschool
0,0.007977467,0.72068363,empathicschool_s7,combined,empathicschool
0,0.0077796527,0.7231195,empathicschool_s7,combined,empathicschool
0,0.007733258,0.7237852,empathicschool_s7,combined,empathicschool
0,0.007799443,0.7228989,empathicschool_s7,combined,empathicschool
0,0.007681953,0.7249097,empathicschool_s7,combined,empathicschool
0,0.0073246676,0.7293024,empathicschool_s7,combined,empathicschool
0,0.006791576,0.73578,empathicschool_s7,combined,empathicschool
0,0.006352764,0.7412496,empathicschool_s7,combined,empathicschool
0,0.0060289856,0.7452808,empathicschool_s7,combined,empathicschool
0,0.0059299613,0.74604684,empathicschool_s7,combined,empathicschool
0,0.007086061,0.7316771,empathicschool_s7,combined,empathicschool
0,0.006011096,0.7447666,empathicschool_s7,combined,empathicschool
0,0.006145217,0.7429632,empathicschool_s7,combined,empathicschool
0,0.006190798,0.742453,empathicschool_s7,combined,empathicschool
0,0.0061986977,0.7424134,empathicschool_s7,combined,empathicschool
0,0.0063384743,0.74064386,empathicschool_s7,combined,empathicschool
0,0.006437895,0.73946244,empathicschool_s7,combined,empathicschool
0,0.0064805066,0.7389377,empathicschool_s7,combined,empathicschool
0,0.006630074,0.7371462,empathicschool_s7,combined,empathicschool
0,0.0068528387,0.7343347,empathicschool_s7,combined,empathicschool
0,0.007042626,0.7320826,empathicschool_s7,combined,empathicschool
0,0.0040894775,0.76931566,empathicschool_s7,combined,empathicschool
0,0.0049991715,0.7526617,empathicschool_s7,combined,empathicschool
0,0.0044089206,0.7653365,empathicschool_s7,combined,empathicschool
0,0.0065004895,0.7382533,empathicschool_s7,combined,empathicschool
0,0.0063761384,0.73968035,empathicschool_s7,combined,empathicschool
0,0.006346023,0.7399741,empathicschool_s7,combined,empathicschool
0,0.0063382997,0.7403115,empathicschool_s7,combined,empathicschool
0,0.006331064,0.74060684,empathicschool_s7,combined,empathicschool
0,0.00623856,0.7418249,empathicschool_s7,combined,empathicschool
0,0.006114169,0.743633,empathicschool_s7,combined,empathicschool
0,0.004548663,0.7634002,empathicschool_s7,combined,empathicschool
0,0.004596913,0.7630901,empathicschool_s7,combined,empathicschool
0,0.004617784,0.7626712,empathicschool_s7,combined,empathicschool
0,0.004646129,0.7622039,empathicschool_s7,combined,empathicschool
0,0.0046694353,0.7617038,empathicschool_s7,combined,empathicschool
0,0.0047951876,0.76009864,empathicschool_s7,combined,empathicschool
0,0.005037356,0.7569707,empathicschool_s7,combined,empathicschool
0,0.005479285,0.7513354,empathicschool_s7,combined,empathicschool
0,0.0059546307,0.7452734,empathicschool_s7,combined,empathicschool
0,0.0053248736,0.7537258,empathicschool_s7,combined,empathicschool
0,0.006354998,0.74002606,empathicschool_s7,combined,empathicschool
0,0.006708389,0.7351136,empathicschool_s7,combined,empathicschool
0,0.007334771,0.72690046,empathicschool_s7,combined,empathicschool
0,0.008231939,0.71596426,empathicschool_s7,combined,empathicschool
0,0.009137278,0.70595896,empathicschool_s7,combined,empathicschool
0,0.010031009,0.696691,empathicschool_s7,combined,empathicschool
0,0.010411311,0.69290966,empathicschool_s7,combined,empathicschool
0,0.010590385,0.6915456,empathicschool_s7,combined,empathicschool
0,0.010760071,0.69073254,empathicschool_s7,combined,empathicschool
0,0.010547006,0.69330144,empathicschool_s7,combined,empathicschool
0,0.005329047,0.7540567,empathicschool_s7,combined,empathicschool
0,0.010008061,0.6987305,empathicschool_s7,combined,empathicschool
0,0.00926987,0.706283,empathicschool_s7,combined,empathicschool
0,0.008711281,0.71228,empathicschool_s7,combined,empathicschool
0,0.008401172,0.7159743,empathicschool_s7,combined,empathicschool
0,0.008047102,0.7199023,empathicschool_s7,combined,empathicschool
0,0.007783687,0.7232977,empathicschool_s7,combined,empathicschool
0,0.007586178,0.72584724,empathicschool_s7,combined,empathicschool
0,0.0073231356,0.7286615,empathicschool_s7,combined,empathicschool
0,0.0073073455,0.72875446,empathicschool_s7,combined,empathicschool
0,0.0074732173,0.727083,empathicschool_s7,combined,empathicschool
0,0.005176986,0.7559656,empathicschool_s7,combined,empathicschool
0,0.0075840494,0.72545767,empathicschool_s7,combined,empathicschool
0,0.0077608735,0.72301584,empathicschool_s7,combined,empathicschool
0,0.007904891,0.72164553,empathicschool_s7,combined,empathicschool
0,0.0078123403,0.7227395,empathicschool_s7,combined,empathicschool
0,0.007540911,0.7256576,empathicschool_s7,combined,empathicschool
0,0.0069901813,0.73200554,empathicschool_s7,combined,empathicschool
0,0.0065630483,0.7370723,empathicschool_s7,combined,empathicschool
0,0.0065560173,0.73693645,empathicschool_s7,combined,empathicschool
0,0.006863833,0.7330074,empathicschool_s7,combined,empathicschool
0,0.007174969,0.7294265,empathicschool_s7,combined,empathicschool
0,0.0050098873,0.7581591,empathicschool_s7,combined,empathicschool
0,0.007353981,0.72723454,empathicschool_s7,combined,empathicschool
0,0.0076764296,0.7229357,empathicschool_s7,combined,empathicschool
0,0.007953233,0.7197114,empathicschool_s7,combined,empathicschool
0,0.008517365,0.71442264,empathicschool_s7,combined,empathicschool
0,0.00875942,0.7108697,empathicschool_s7,combined,empathicschool
0,0.008924491,0.70814955,empathicschool_s7,combined,empathicschool
0,0.009353728,0.70302075,empathicschool_s7,combined,empathicschool
0,0.009439147,0.70234025,empathicschool_s7,combined,empathicschool
0,0.00939681,0.7032274,empathicschool_s7,combined,empathicschool
0,0.010015097,0.6974032,empathicschool_s7,combined,empathicschool
0,0.0048781275,0.75960636,empathicschool_s7,combined,empathicschool
0,0.0104610855,0.69353855,empathicschool_s7,combined,empathicschool
0,0.010465036,0.69290125,empathicschool_s7,combined,empathicschool
0,0.010240063,0.69468564,empathicschool_s7,combined,empathicschool
0,0.010300748,0.6949835,empathicschool_s7,combined,empathicschool
0,0.010322198,0.69552135,empathicschool_s7,combined,empathicschool
0,0.009689818,0.70161855,empathicschool_s7,combined,empathicschool
0,0.008684315,0.7117659,empathicschool_s7,combined,empathicschool
0,0.0077722357,0.7222859,empathicschool_s7,combined,empathicschool
0,0.0071124313,0.7304891,empathicschool_s7,combined,empathicschool
0,0.0064283404,0.7391354,empathicschool_s7,combined,empathicschool
0,0.004781349,0.7606815,empathicschool_s7,combined,empathicschool
0,0.0061171977,0.7437699,empathicschool_s7,combined,empathicschool
0,0.0056030606,0.7502575,empathicschool_s7,combined,empathicschool
0,0.005124765,0.7565964,empathicschool_s7,combined,empathicschool
0,0.004635369,0.7633937,empathicschool_s7,combined,empathicschool
0,0.004789839,0.7615494,empathicschool_s7,combined,empathicschool
0,0.0049437173,0.75931865,empathicschool_s7,combined,empathicschool
0,0.0050495635,0.7575208,empathicschool_s7,combined,empathicschool
0,0.0055256234,0.7503101,empathicschool_s7,combined,empathicschool
0,0.0064639337,0.73754966,empathicschool_s7,combined,empathicschool
0,0.00706397,0.7306717,empathicschool_s7,combined,empathicschool
0,0.0046159476,0.76287675,empathicschool_s7,combined,empathicschool
0,0.0076612476,0.72401917,empathicschool_s7,combined,empathicschool
0,0.008157213,0.7177205,empathicschool_s7,combined,empathicschool
0,0.008422072,0.714914,empathicschool_s7,combined,empathicschool
0,0.008441934,0.7147926,empathicschool_s7,combined,empathicschool
0,0.008313231,0.71604127,empathicschool_s7,combined,empathicschool
0,0.00819651,0.71721953,empathicschool_s7,combined,empathicschool
0,0.008181388,0.7175922,empathicschool_s7,combined,empathicschool
0,0.008034157,0.7191847,empathicschool_s7,combined,empathicschool
0,0.007868141,0.72090155,empathicschool_s7,combined,empathicschool
0,0.0075429026,0.72494066,empathicschool_s7,combined,empathicschool
0,0.0044567036,0.7648848,empathicschool_s7,combined,empathicschool
0,0.007105768,0.7301112,empathicschool_s7,combined,empathicschool
0,0.006955652,0.731984,empathicschool_s7,combined,empathicschool
0,0.0068193,0.73372644,empathicschool_s7,combined,empathicschool
0,0.006600812,0.73650295,empathicschool_s7,combined,empathicschool
0,0.006511126,0.7376033,empathicschool_s7,combined,empathicschool
0,0.006821131,0.73407716,empathicschool_s7,combined,empathicschool
0,0.0070060673,0.7322182,empathicschool_s7,combined,empathicschool
0,0.006893939,0.73350465,empathicschool_s7,combined,empathicschool
0,0.0066942843,0.7356417,empathicschool_s7,combined,empathicschool
0,0.0065923757,0.73682976,empathicschool_s7,combined,empathicschool
0,0.004092761,0.7693224,empathicschool_s7,combined,empathicschool
0,0.0048755584,0.7550737,empathicschool_s7,combined,empathicschool
0,0.005781246,0.74687403,empathicschool_s7,combined,empathicschool
0,0.005597285,0.7497833,empathicschool_s7,combined,empathicschool
0,0.0058361553,0.7468098,empathicschool_s7,combined,empathicschool
0,0.0059083905,0.745899,empathicschool_s7,combined,empathicschool
0,0.0058303867,0.7468882,empathicschool_s7,combined,empathicschool
0,0.0058865966,0.7463998,empathicschool_s7,combined,empathicschool
0,0.0058399085,0.747121,empathicschool_s7,combined,empathicschool
0,0.0057444773,0.7485056,empathicschool_s7,combined,empathicschool
0,0.0060504144,0.7435585,empathicschool_s7,combined,empathicschool
0,0.006448567,0.73925215,empathicschool_s7,combined,empathicschool
0,0.006555523,0.7375039,empathicschool_s7,combined,empathicschool
0,0.006594143,0.73626095,empathicschool_s7,combined,empathicschool
0,0.006910046,0.73184043,empathicschool_s7,combined,empathicschool
0,0.0075243353,0.7243789,empathicschool_s7,combined,empathicschool
0,0.007999536,0.7191789,empathicschool_s7,combined,empathicschool
0,0.008309395,0.7158919,empathicschool_s7,combined,empathicschool
0,0.008721174,0.711459,empathicschool_s7,combined,empathicschool
0,0.0052127168,0.7551201,empathicschool_s7,combined,empathicschool
0,0.009071384,0.707791,empathicschool_s7,combined,empathicschool
0,0.00912637,0.70726645,empathicschool_s7,combined,empathicschool
0,0.00910542,0.70705163,empathicschool_s7,combined,empathicschool
0,0.009148432,0.7062448,empathicschool_s7,combined,empathicschool
0,0.009575233,0.701838,empathicschool_s7,combined,empathicschool
0,0.009655391,0.70195884,empathicschool_s7,combined,empathicschool
0,0.009296231,0.7059068,empathicschool_s7,combined,empathicschool
0,0.008915083,0.7101306,empathicschool_s7,combined,empathicschool
0,0.008535836,0.71447426,empathicschool_s7,combined,empathicschool
0,0.007896233,0.7213649,empathicschool_s7,combined,empathicschool
0,0.0052693854,0.75508285,empathicschool_s7,combined,empathicschool
0,0.0073953304,0.7268053,empathicschool_s7,combined,empathicschool
0,0.0071771736,0.72962546,empathicschool_s7,combined,empathicschool
0,0.007084169,0.7309011,empathicschool_s7,combined,empathicschool
0,0.007153564,0.73032105,empathicschool_s7,combined,empathicschool
0,0.007210788,0.72977835,empathicschool_s7,combined,empathicschool
0,0.0072062016,0.7299072,empathicschool_s7,combined,empathicschool
0,0.006766062,0.7345599,empathicschool_s7,combined,empathicschool
0,0.006334988,0.73918974,empathicschool_s7,combined,empathicschool
0,0.006254247,0.7401595,empathicschool_s7,combined,empathicschool
0,0.0063954135,0.73889005,empathicschool_s7,combined,empathicschool
0,0.005067258,0.7575883,empathicschool_s7,combined,empathicschool
0,0.006266139,0.7409044,empathicschool_s7,combined,empathicschool
0,0.006011275,0.74468565,empathicschool_s7,combined,empathicschool
0,0.0053983983,0.752584,empathicschool_s7,combined,empathicschool
0,0.004932286,0.7591581,empathicschool_s7,combined,empathicschool
0,0.0046325363,0.76369256,empathicschool_s7,combined,empathicschool
0,0.0043422086,0.7678684,empathicschool_s7,combined,empathicschool
0,0.00428258,0.7683565,empathicschool_s7,combined,empathicschool
0,0.0041310675,0.770093,empathicschool_s7,combined,empathicschool
0,0.0040537105,0.7708603,empathicschool_s7,combined,empathicschool
0,0.004024091,0.7712183,empathicschool_s7,combined,empathicschool
0,0.004883009,0.75961655,empathicschool_s7,combined,empathicschool
0,0.0038283623,0.77432865,empathicschool_s7,combined,empathicschool
0,0.003621902,0.7777583,empathicschool_s7,combined,empathicschool
0,0.0035457416,0.7791179,empathicschool_s7,combined,empathicschool
0,0.0035787988,0.7786254,empathicschool_s7,combined,empathicschool
0,0.0035224257,0.77973,empathicschool_s7,combined,empathicschool
0,0.0035259621,0.7798254,empathicschool_s7,combined,empathicschool
0,0.0037611627,0.77584785,empathicschool_s7,combined,empathicschool
0,0.0038836831,0.7736936,empathicschool_s7,combined,empathicschool
0,0.0038977023,0.7734213,empathicschool_s7,combined,empathicschool
0,0.0038795366,0.7738471,empathicschool_s7,combined,empathicschool
0,0.0049252044,0.7588086,empathicschool_s7,combined,empathicschool
0,0.0039284583,0.773193,empathicschool_s7,combined,empathicschool
0,0.003992604,0.7720841,empathicschool_s7,combined,empathicschool
0,0.00393188,0.7729102,empathicschool_s7,combined,empathicschool
0,0.0038594021,0.7738477,empathicschool_s7,combined,empathicschool
0,0.0038213166,0.7743356,empathicschool_s7,combined,empathicschool
0,0.003928059,0.77254707,empathicschool_s7,combined,empathicschool
0,0.004103153,0.77001995,empathicschool_s7,combined,empathicschool
0,0.004269258,0.7677185,empathicschool_s7,combined,empathicschool
0,0.00440619,0.7657962,empathicschool_s7,combined,empathicschool
0,0.004423909,0.76560616,empathicschool_s7,combined,empathicschool
0,0.005118489,0.7561243,empathicschool_s7,combined,empathicschool
0,0.0043878118,0.7659928,empathicschool_s7,combined,empathicschool
0,0.004313795,0.76689106,empathicschool_s7,combined,empathicschool
0,0.0041977824,0.7684339,empathicschool_s7,combined,empathicschool
0,0.0040986,0.7697463,empathicschool_s7,combined,empathicschool
0,0.0040600603,0.7702464,empathicschool_s7,combined,empathicschool
0,0.0040645865,0.77009845,empathicschool_s7,combined,empathicschool
0,0.0040140394,0.7705636,empathicschool_s7,combined,empathicschool
0,0.003858399,0.7726565,empathicschool_s7,combined,empathicschool
0,0.0036960437,0.7747536,empathicschool_s7,combined,empathicschool
0,0.0035272192,0.7772398,empathicschool_s7,combined,empathicschool
0,0.005271368,0.75390655,empathicschool_s7,combined,empathicschool
0,0.0034190058,0.77898014,empathicschool_s7,combined,empathicschool
0,0.0033856037,0.779505,empathicschool_s7,combined,empathicschool
0,0.0033728308,0.7797346,empathicschool_s7,combined,empathicschool
0,0.003376497,0.77966297,empathicschool_s7,combined,empathicschool
0,0.0034233415,0.77892774,empathicschool_s7,combined,empathicschool
0,0.0034722595,0.77833635,empathicschool_s7,combined,empathicschool
0,0.0035034716,0.77794117,empathicschool_s7,combined,empathicschool
0,0.0035225095,0.7776825,empathicschool_s7,combined,empathicschool
0,0.0035256438,0.77784073,empathicschool_s7,combined,empathicschool
0,0.0035110726,0.77833396,empathicschool_s7,combined,empathicschool
0,0.00552351,0.75025785,empathicschool_s7,combined,empathicschool
0,0.0037048901,0.7755064,empathicschool_s7,combined,empathicschool
0,0.0039737704,0.77157074,empathicschool_s7,combined,empathicschool
0,0.0042769555,0.767325,empathicschool_s7,combined,empathicschool
0,0.0044311685,0.7653095,empathicschool_s7,combined,empathicschool
0,0.0045577493,0.76357496,empathicschool_s7,combined,empathicschool
0,0.0045275358,0.76433307,empathicschool_s7,combined,empathicschool
0,0.0046910886,0.7623265,empathicschool_s7,combined,empathicschool
0,0.0049319114,0.7588671,empathicschool_s7,combined,empathicschool
0,0.005127727,0.75568813,empathicschool_s7,combined,empathicschool
0,0.005343884,0.7528423,empathicschool_s7,combined,empathicschool
0,0.003927779,0.7715314,empathicschool_s7,combined,empathicschool
0,0.0047552227,0.7560094,empathicschool_s7,combined,empathicschool
0,0.004992028,0.7580401,empathicschool_s7,combined,empathicschool
0,0.0063615777,0.7396186,empathicschool_s7,combined,empathicschool
0,0.006464773,0.7382681,empathicschool_s7,combined,empathicschool
0,0.006531742,0.7377578,empathicschool_s7,combined,empathicschool
0,0.0064585125,0.7387739,empathicschool_s7,combined,empathicschool
0,0.006458779,0.7388753,empathicschool_s7,combined,empathicschool
0,0.0066276747,0.7375373,empathicschool_s7,combined,empathicschool
0,0.0065921852,0.7384101,empathicschool_s7,combined,empathicschool
0,0.005042777,0.7574601,empathicschool_s7,combined,empathicschool
0,0.0051371735,0.7564002,empathicschool_s7,combined,empathicschool
0,0.0052525797,0.75501704,empathicschool_s7,combined,empathicschool
0,0.0053642658,0.7537403,empathicschool_s7,combined,empathicschool
0,0.0054185903,0.75297064,empathicschool_s7,combined,empathicschool
0,0.0054409415,0.7527587,empathicschool_s7,combined,empathicschool
0,0.0054590907,0.7523972,empathicschool_s7,combined,empathicschool
0,0.0054884236,0.7517713,empathicschool_s7,combined,empathicschool
0,0.0056155557,0.7500328,empathicschool_s7,combined,empathicschool
0,0.0050639585,0.7564536,empathicschool_s7,combined,empathicschool
0,0.005757702,0.74816483,empathicschool_s7,combined,empathicschool
0,0.005872577,0.7467224,empathicschool_s7,combined,empathicschool
0,0.0059193824,0.7464166,empathicschool_s7,combined,empathicschool
0,0.005656037,0.7493938,empathicschool_s7,combined,empathicschool
0,0.005465826,0.75207216,empathicschool_s7,combined,empathicschool
0,0.005393994,0.75298405,empathicschool_s7,combined,empathicschool
0,0.0056159236,0.7498725,empathicschool_s7,combined,empathicschool
0,0.0061206315,0.74319154,empathicschool_s7,combined,empathicschool
0,0.0067318436,0.7349587,empathicschool_s7,combined,empathicschool
0,0.007107699,0.7296935,empathicschool_s7,combined,empathicschool
0,0.005116122,0.7565256,empathicschool_s7,combined,empathicschool
0,0.0074975616,0.7252435,empathicschool_s7,combined,empathicschool
0,0.007853056,0.7214066,empathicschool_s7,combined,empathicschool
0,0.007977173,0.72007316,empathicschool_s7,combined,empathicschool
0,0.008126238,0.71821404,empathicschool_s7,combined,empathicschool
0,0.008233742,0.7168705,empathicschool_s7,combined,empathicschool
0,0.008239754,0.7167405,empathicschool_s7,combined,empathicschool
0,0.00813513,0.7177943,empathicschool_s7,combined,empathicschool
0,0.007948046,0.72022986,empathicschool_s7,combined,empathicschool
0,0.007719601,0.72345924,empathicschool_s7,combined,empathicschool
0,0.007261702,0.72907215,empathicschool_s7,combined,empathicschool
0,0.0050300006,0.7575486,empathicschool_s7,combined,empathicschool
0,0.006753249,0.73545283,empathicschool_s7,combined,empathicschool
0,0.006230524,0.7421871,empathicschool_s7,combined,empathicschool
0,0.0057320725,0.7489271,empathicschool_s7,combined,empathicschool
0,0.005256392,0.75493646,empathicschool_s7,combined,empathicschool
0,0.004853864,0.7600086,empathicschool_s7,combined,empathicschool
0,0.004609883,0.7627297,empathicschool_s7,combined,empathicschool
0,0.004314332,0.7663944,empathicschool_s7,combined,empathicschool
0,0.0040335157,0.7700387,empathicschool_s7,combined,empathicschool
0,0.0037252058,0.7741479,empathicschool_s7,combined,empathicschool
0,0.0034928785,0.7775992,empathicschool_s7,combined,empathicschool
0,0.0049878606,0.75802577,empathicschool_s7,combined,empathicschool
0,0.0035006844,0.7775306,empathicschool_s7,combined,empathicschool
0,0.0036664526,0.77510744,empathicschool_s7,combined,empathicschool
0,0.003851597,0.7724298,empathicschool_s7,combined,empathicschool
0,0.0041042403,0.7688675,empathicschool_s7,combined,empathicschool
0,0.00442161,0.7645902,empathicschool_s7,combined,empathicschool
0,0.0047106817,0.7610587,empathicschool_s7,combined,empathicschool
0,0.0049428707,0.75817233,empathicschool_s7,combined,empathicschool
0,0.005133646,0.75599414,empathicschool_s7,combined,empathicschool
0,0.005199106,0.75521255,empathicschool_s7,combined,empathicschool
0,0.005301669,0.75350106,empathicschool_s7,combined,empathicschool
0,0.0049700304,0.7583439,empathicschool_s7,combined,empathicschool
0,0.0056602145,0.7480201,empathicschool_s7,combined,empathicschool
0,0.0061560897,0.74158645,empathicschool_s7,combined,empathicschool
0,0.0064394693,0.73860335,empathicschool_s7,combined,empathicschool
0,0.0066663506,0.7363663,empathicschool_s7,combined,empathicschool
0,0.0067639723,0.7352878,empathicschool_s7,combined,empathicschool
0,0.0069953143,0.73264134,empathicschool_s7,combined,empathicschool
0,0.007108318,0.7312669,empathicschool_s7,combined,empathicschool
0,0.0071533406,0.7307392,empathicschool_s7,combined,empathicschool
0,0.0072452305,0.7294243,empathicschool_s7,combined,empathicschool
0,0.007431809,0.7270879,empathicschool_s7,combined,empathicschool
0,0.004944688,0.7585691,empathicschool_s7,combined,empathicschool
0,0.0076293615,0.7250722,empathicschool_s7,combined,empathicschool
0,0.0076007852,0.725531,empathicschool_s7,combined,empathicschool
0,0.0074403393,0.7272385,empathicschool_s7,combined,empathicschool
0,0.007251314,0.72946525,empathicschool_s7,combined,empathicschool
0,0.0071219206,0.7307705,empathicschool_s7,combined,empathicschool
0,0.006961425,0.73263943,empathicschool_s7,combined,empathicschool
0,0.0066525606,0.7361912,empathicschool_s7,combined,empathicschool
0,0.0064666993,0.73903793,empathicschool_s7,combined,empathicschool
0,0.006322633,0.7411408,empathicschool_s7,combined,empathicschool
0,0.006277296,0.7415009,empathicschool_s7,combined,empathicschool
0,0.004999285,0.7579561,empathicschool_s7,combined,empathicschool
0,0.0061513735,0.7426696,empathicschool_s7,combined,empathicschool
0,0.006068519,0.7434324,empathicschool_s7,combined,empathicschool
0,0.0061694044,0.74181217,empathicschool_s7,combined,empathicschool
0,0.0062893657,0.7404904,empathicschool_s7,combined,empathicschool
0,0.0064831143,0.7391217,empathicschool_s7,combined,empathicschool
0,0.0063753193,0.7408458,empathicschool_s7,combined,empathicschool
0,0.0061949063,0.74326575,empathicschool_s7,combined,empathicschool
0,0.0058866967,0.7467539,empathicschool_s7,combined,empathicschool
0,0.0056549674,0.7495221,empathicschool_s7,combined,empathicschool
0,0.005632588,0.74981034,empathicschool_s7,combined,empathicschool
0,0.005007946,0.7578922,empathicschool_s7,combined,empathicschool
0,0.005747671,0.7483968,empathicschool_s7,combined,empathicschool
0,0.0057315454,0.748262,empathicschool_s7,combined,empathicschool
0,0.005659747,0.7490529,empathicschool_s7,combined,empathicschool
0,0.0057177246,0.74827796,empathicschool_s7,combined,empathicschool
0,0.0057662735,0.7476384,empathicschool_s7,combined,empathicschool
0,0.0058195507,0.7469674,empathicschool_s7,combined,empathicschool
0,0.005929152,0.7452252,empathicschool_s7,combined,empathicschool
0,0.006109306,0.7426826,empathicschool_s7,combined,empathicschool
0,0.006220585,0.74144685,empathicschool_s7,combined,empathicschool
0,0.0062729395,0.74084496,empathicschool_s7,combined,empathicschool
1,1.48685385e-05,0.8355847,empathicschool_s28,combined,empathicschool
1,3.9753636e-06,0.9187883,empathicschool_s28,combined,empathicschool
1,4.4110884e-06,0.90859145,empathicschool_s28,combined,empathicschool
1,3.6502825e-06,0.9214567,empathicschool_s28,combined,empathicschool
1,2.7116925e-05,0.7738738,empathicschool_s28,combined,empathicschool
1,2.7116976e-05,0.7738738,empathicschool_s28,combined,empathicschool
1,2.7116976e-05,0.7738738,empathicschool_s28,combined,empathicschool
1,2.7116976e-05,0.7738738,empathicschool_s28,combined,empathicschool
1,2.7116976e-05,0.7738738,empathicschool_s28,combined,empathicschool
1,2.7116976e-05,0.7738738,empathicschool_s28,combined,empathicschool
1,2.7116976e-05,0.7738738,empathicschool_s28,combined,empathicschool
1,2.7116976e-05,0.7738738,empathicschool_s28,combined,empathicschool
1,2.7116976e-05,0.7738738,empathicschool_s28,combined,empathicschool
1,2.7116976e-05,0.7738738,empathicschool_s28,combined,empathicschool
1,3.63653e-06,0.92160577,empathicschool_s28,combined,empathicschool
1,2.7116976e-05,0.7738738,empathicschool_s28,combined,empathicschool
1,2.7116976e-05,0.7738738,empathicschool_s28,combined,empathicschool
1,2.7116976e-05,0.7738738,empathicschool_s28,combined,empathicschool
1,2.7116976e-05,0.7738738,empathicschool_s28,combined,empathicschool
1,2.7116976e-05,0.7738738,empathicschool_s28,combined,empathicschool
1,2.7116976e-05,0.7738738,empathicschool_s28,combined,empathicschool
1,2.7116976e-05,0.7738738,empathicschool_s28,combined,empathicschool
1,2.7116976e-05,0.7738738,empathicschool_s28,combined,empathicschool
1,2.7116976e-05,0.7738738,empathicschool_s28,combined,empathicschool
1,2.7116976e-05,0.7738738,empathicschool_s28,combined,empathicschool
1,3.651912e-06,0.9212918,empathicschool_s28,combined,empathicschool
1,2.7116976e-05,0.7738738,empathicschool_s28,combined,empathicschool
1,2.7116976e-05,0.7738738,empathicschool_s28,combined,empathicschool
1,2.7116976e-05,0.7738738,empathicschool_s28,combined,empathicschool
1,2.7116976e-05,0.7738738,empathicschool_s28,combined,empathicschool
1,2.7116976e-05,0.7738738,empathicschool_s28,combined,empathicschool
1,2.7116976e-05,0.7738738,empathicschool_s28,combined,empathicschool
1,2.7116976e-05,0.7738738,empathicschool_s28,combined,empathicschool
1,2.7116976e-05,0.7738738,empathicschool_s28,combined,empathicschool
1,2.7116976e-05,0.7738738,empathicschool_s28,combined,empathicschool
1,2.7116976e-05,0.7738738,empathicschool_s28,combined,empathicschool
1,3.6464899e-06,0.92140174,empathicschool_s28,combined,empathicschool
1,2.7116976e-05,0.7738738,empathicschool_s28,combined,empathicschool
1,2.7116976e-05,0.7738738,empathicschool_s28,combined,empathicschool
1,2.7116976e-05,0.7738738,empathicschool_s28,combined,empathicschool
1,2.7116976e-05,0.7738738,empathicschool_s28,combined,empathicschool
1,2.7116976e-05,0.7738738,empathicschool_s28,combined,empathicschool
1,2.7116976e-05,0.7738738,empathicschool_s28,combined,empathicschool
1,2.7116976e-05,0.7738738,empathicschool_s28,combined,empathicschool
1,2.7116976e-05,0.7738738,empathicschool_s28,combined,empathicschool
1,2.7116976e-05,0.7738738,empathicschool_s28,combined,empathicschool
1,2.7116976e-05,0.7738738,empathicschool_s28,combined,empathicschool
1,3.6354343e-06,0.9216134,empathicschool_s28,combined,empathicschool
1,2.7116976e-05,0.7738738,empathicschool_s28,combined,empathicschool
1,2.7116976e-05,0.7738738,empathicschool_s28,combined,empathicschool
1,2.7116976e-05,0.7738738,empathicschool_s28,combined,empathicschool
1,2.7116976e-05,0.7738738,empathicschool_s28,combined,empathicschool
1,2.7116976e-05,0.7738738,empathicschool_s28,combined,empathicschool
1,2.7116976e-05,0.7738738,empathicschool_s28,combined,empathicschool
1,2.7116976e-05,0.7738738,empathicschool_s28,combined,empathicschool
1,2.7116976e-05,0.7738738,empathicschool_s28,combined,empathicschool
1,2.7116976e-05,0.7738738,empathicschool_s28,combined,empathicschool
1,2.7116976e-05,0.7738738,empathicschool_s28,combined,empathicschool
1,3.6439592e-06,0.9214179,empathicschool_s28,combined,empathicschool
1,2.7116976e-05,0.7738738,empathicschool_s28,combined,empathicschool
1,2.7116976e-05,0.7738738,empathicschool_s28,combined,empathicschool
1,2.7116976e-05,0.7738738,empathicschool_s28,combined,empathicschool
1,2.7116976e-05,0.7738738,empathicschool_s28,combined,empathicschool
1,2.7116976e-05,0.7738738,empathicschool_s28,combined,empathicschool
1,2.7116976e-05,0.7738738,empathicschool_s28,combined,empathicschool
1,2.7116976e-05,0.7738738,empathicschool_s28,combined,empathicschool
1,2.7116976e-05,0.7738738,empathicschool_s28,combined,empathicschool
1,2.7116976e-05,0.7738738,empathicschool_s28,combined,empathicschool
1,2.7116976e-05,0.7738738,empathicschool_s28,combined,empathicschool
1,3.64983e-06,0.92134464,empathicschool_s28,combined,empathicschool
1,2.7116976e-05,0.7738738,empathicschool_s28,combined,empathicschool
1,2.7116976e-05,0.7738738,empathicschool_s28,combined,empathicschool
1,2.7116976e-05,0.7738738,empathicschool_s28,combined,empathicschool
1,2.7116976e-05,0.7738738,empathicschool_s28,combined,empathicschool
1,2.7116976e-05,0.7738738,empathicschool_s28,combined,empathicschool
1,2.7116976e-05,0.7738738,empathicschool_s28,combined,empathicschool
1,2.7116976e-05,0.7738738,empathicschool_s28,combined,empathicschool
1,2.7116976e-05,0.7738738,empathicschool_s28,combined,empathicschool
1,2.7116976e-05,0.7738738,empathicschool_s28,combined,empathicschool
1,2.7116976e-05,0.7738738,empathicschool_s28,combined,empathicschool
1,3.6430765e-06,0.9214848,empathicschool_s28,combined,empathicschool
1,2.7116976e-05,0.7738738,empathicschool_s28,combined,empathicschool
1,2.7116976e-05,0.7738738,empathicschool_s28,combined,empathicschool
1,2.7116976e-05,0.7738738,empathicschool_s28,combined,empathicschool
1,2.7116976e-05,0.7738738,empathicschool_s28,combined,empathicschool
1,2.7116976e-05,0.7738738,empathicschool_s28,combined,empathicschool
1,2.7116976e-05,0.7738738,empathicschool_s28,combined,empathicschool
1,2.7116976e-05,0.7738738,empathicschool_s28,combined,empathicschool
1,2.7116976e-05,0.7738738,empathicschool_s28,combined,empathicschool
1,2.7116976e-05,0.7738738,empathicschool_s28,combined,empathicschool
1,2.7116976e-05,0.7738738,empathicschool_s28,combined,empathicschool
1,3.6401073e-06,0.921543,empathicschool_s28,combined,empathicschool
1,2.7116976e-05,0.7738738,empathicschool_s28,combined,empathicschool
1,2.7116976e-05,0.7738738,empathicschool_s28,combined,empathicschool
1,2.7116976e-05,0.7738738,empathicschool_s28,combined,empathicschool
1,2.7116976e-05,0.7738738,empathicschool_s28,combined,empathicschool
1,2.7116976e-05,0.7738738,empathicschool_s28,combined,empathicschool
1,2.7116976e-05,0.7738738,empathicschool_s28,combined,empathicschool
1,2.7116976e-05,0.7738738,empathicschool_s28,combined,empathicschool
1,2.7116976e-05,0.7738738,empathicschool_s28,combined,empathicschool
1,2.7116976e-05,0.7738738,empathicschool_s28,combined,empathicschool
1,2.7116976e-05,0.7738738,empathicschool_s28,combined,empathicschool
1,3.64043e-06,0.9215413,empathicschool_s28,combined,empathicschool
1,2.7116976e-05,0.7738738,empathicschool_s28,combined,empathicschool
1,2.7116976e-05,0.7738738,empathicschool_s28,combined,empathicschool
1,2.7116976e-05,0.7738738,empathicschool_s28,combined,empathicschool
1,2.7116976e-05,0.7738738,empathicschool_s28,combined,empathicschool
1,2.7116976e-05,0.7738738,empathicschool_s28,combined,empathicschool
1,2.7116976e-05,0.7738738,empathicschool_s28,combined,empathicschool
1,2.7116976e-05,0.7738738,empathicschool_s28,combined,empathicschool
1,2.7116976e-05,0.7738738,empathicschool_s28,combined,empathicschool
1,2.7116976e-05,0.7738738,empathicschool_s28,combined,empathicschool
1,2.7116976e-05,0.7738738,empathicschool_s28,combined,empathicschool
1,4.376511e-06,0.9091431,empathicschool_s28,combined,empathicschool
1,3.6382191e-06,0.921586,empathicschool_s28,combined,empathicschool
1,2.7116976e-05,0.7738738,empathicschool_s28,combined,empathicschool
1,2.7116976e-05,0.7738738,empathicschool_s28,combined,empathicschool
1,2.7116976e-05,0.7738738,empathicschool_s28,combined,empathicschool
1,2.7116976e-05,0.7738738,empathicschool_s28,combined,empathicschool
1,2.7116976e-05,0.7738738,empathicschool_s28,combined,empathicschool
1,2.7116976e-05,0.7738738,empathicschool_s28,combined,empathicschool
1,2.7116976e-05,0.7738738,empathicschool_s28,combined,empathicschool
1,2.7116976e-05,0.7738738,empathicschool_s28,combined,empathicschool
1,2.7116976e-05,0.7738738,empathicschool_s28,combined,empathicschool
1,2.7116976e-05,0.7738738,empathicschool_s28,combined,empathicschool
1,3.635164e-06,0.9216444,empathicschool_s28,combined,empathicschool
1,2.7116976e-05,0.7738738,empathicschool_s28,combined,empathicschool
1,2.7116976e-05,0.7738738,empathicschool_s28,combined,empathicschool
1,2.7116976e-05,0.7738738,empathicschool_s28,combined,empathicschool
1,2.7116976e-05,0.7738738,empathicschool_s28,combined,empathicschool
1,2.7116976e-05,0.7738738,empathicschool_s28,combined,empathicschool
1,2.7116976e-05,0.7738738,empathicschool_s28,combined,empathicschool
1,2.7116976e-05,0.7738738,empathicschool_s28,combined,empathicschool
1,2.7116976e-05,0.7738738,empathicschool_s28,combined,empathicschool
1,2.7116976e-05,0.7738738,empathicschool_s28,combined,empathicschool
1,2.7116976e-05,0.7738738,empathicschool_s28,combined,empathicschool
1,3.6347897e-06,0.9216515,empathicschool_s28,combined,empathicschool
1,2.7116976e-05,0.7738738,empathicschool_s28,combined,empathicschool
1,2.7116976e-05,0.7738738,empathicschool_s28,combined,empathicschool
1,2.7116976e-05,0.7738738,empathicschool_s28,combined,empathicschool
1,2.7116976e-05,0.7738738,empathicschool_s28,combined,empathicschool
1,2.7116976e-05,0.7738738,empathicschool_s28,combined,empathicschool
1,2.7116976e-05,0.7738738,empathicschool_s28,combined,empathicschool
1,2.7116976e-05,0.7738738,empathicschool_s28,combined,empathicschool
1,2.7116976e-05,0.7738738,empathicschool_s28,combined,empathicschool
1,2.7116976e-05,0.7738738,empathicschool_s28,combined,empathicschool
1,2.7116976e-05,0.7738738,empathicschool_s28,combined,empathicschool
1,3.5301289e-06,0.9232673,empathicschool_s28,combined,empathicschool
1,2.7116976e-05,0.7738738,empathicschool_s28,combined,empathicschool
1,2.7116976e-05,0.7738738,empathicschool_s28,combined,empathicschool
1,2.7116976e-05,0.7738738,empathicschool_s28,combined,empathicschool
1,2.7116976e-05,0.7738738,empathicschool_s28,combined,empathicschool
1,2.7116976e-05,0.7738738,empathicschool_s28,combined,empathicschool
1,2.7116976e-05,0.7738738,empathicschool_s28,combined,empathicschool
1,2.7116976e-05,0.7738738,empathicschool_s28,combined,empathicschool
1,2.7116976e-05,0.7738738,empathicschool_s28,combined,empathicschool
1,2.7116976e-05,0.7738738,empathicschool_s28,combined,empathicschool
1,2.7116976e-05,0.7738738,empathicschool_s28,combined,empathicschool
1,3.5478618e-06,0.9225544,empathicschool_s28,combined,empathicschool
1,2.7116976e-05,0.7738738,empathicschool_s28,combined,empathicschool
1,2.7116976e-05,0.7738738,empathicschool_s28,combined,empathicschool
1,2.7116976e-05,0.7738738,empathicschool_s28,combined,empathicschool
1,2.7116976e-05,0.7738738,empathicschool_s28,combined,empathicschool
1,2.7116976e-05,0.7738738,empathicschool_s28,combined,empathicschool
1,2.7116976e-05,0.7738738,empathicschool_s28,combined,empathicschool
1,2.7116976e-05,0.7738738,empathicschool_s28,combined,empathicschool
1,2.7116976e-05,0.7738738,empathicschool_s28,combined,empathicschool
1,2.7116976e-05,0.7738738,empathicschool_s28,combined,empathicschool
1,2.7116976e-05,0.7738738,empathicschool_s28,combined,empathicschool
1,3.6688073e-06,0.9203437,empathicschool_s28,combined,empathicschool
1,2.7116976e-05,0.7738738,empathicschool_s28,combined,empathicschool
1,2.7116976e-05,0.7738738,empathicschool_s28,combined,empathicschool
1,2.7116976e-05,0.7738738,empathicschool_s28,combined,empathicschool
1,2.7116976e-05,0.7738738,empathicschool_s28,combined,empathicschool
1,2.7116976e-05,0.7738738,empathicschool_s28,combined,empathicschool
1,2.7116976e-05,0.7738738,empathicschool_s28,combined,empathicschool
1,2.7116976e-05,0.7738738,empathicschool_s28,combined,empathicschool
1,2.7116976e-05,0.7738738,empathicschool_s28,combined,empathicschool
1,2.7116976e-05,0.7738738,empathicschool_s28,combined,empathicschool
1,2.7116976e-05,0.7738738,empathicschool_s28,combined,empathicschool
1,3.7187297e-06,0.91964054,empathicschool_s28,combined,empathicschool
1,2.7116976e-05,0.7738738,empathicschool_s28,combined,empathicschool
1,2.7116976e-05,0.7738738,empathicschool_s28,combined,empathicschool
1,2.7116976e-05,0.7738738,empathicschool_s28,combined,empathicschool
1,2.7116976e-05,0.7738738,empathicschool_s28,combined,empathicschool
1,2.7116976e-05,0.7738738,empathicschool_s28,combined,empathicschool
1,2.7116976e-05,0.7738738,empathicschool_s28,combined,empathicschool
1,2.7116976e-05,0.7738738,empathicschool_s28,combined,empathicschool
1,2.7116976e-05,0.7738738,empathicschool_s28,combined,empathicschool
1,2.7116976e-05,0.7738738,empathicschool_s28,combined,empathicschool
1,2.7116976e-05,0.7738738,empathicschool_s28,combined,empathicschool
1,3.6887277e-06,0.92024153,empathicschool_s28,combined,empathicschool
1,2.7116976e-05,0.7738738,empathicschool_s28,combined,empathicschool
1,2.7116976e-05,0.7738738,empathicschool_s28,combined,empathicschool
1,2.7116976e-05,0.7738738,empathicschool_s28,combined,empathicschool
1,2.7116976e-05,0.7738738,empathicschool_s28,combined,empathicschool
1,2.7116976e-05,0.7738738,empathicschool_s28,combined,empathicschool
1,2.7116976e-05,0.7738738,empathicschool_s28,combined,empathicschool
1,2.7116976e-05,0.7738738,empathicschool_s28,combined,empathicschool
1,2.7116976e-05,0.7738738,empathicschool_s28,combined,empathicschool
1,2.7116976e-05,0.7738738,empathicschool_s28,combined,empathicschool
1,2.7116976e-05,0.7738738,empathicschool_s28,combined,empathicschool
1,3.7028894e-06,0.91996974,empathicschool_s28,combined,empathicschool
1,2.7116976e-05,0.7738738,empathicschool_s28,combined,empathicschool
1,2.7116976e-05,0.7738738,empathicschool_s28,combined,empathicschool
1,2.7116976e-05,0.7738738,empathicschool_s28,combined,empathicschool
1,2.7116976e-05,0.7738738,empathicschool_s28,combined,empathicschool
1,2.7116976e-05,0.7738738,empathicschool_s28,combined,empathicschool
1,2.7116976e-05,0.7738738,empathicschool_s28,combined,empathicschool
1,2.7116976e-05,0.7738738,empathicschool_s28,combined,empathicschool
1,2.7116976e-05,0.7738738,empathicschool_s28,combined,empathicschool
1,2.7116976e-05,0.7738738,empathicschool_s28,combined,empathicschool
1,2.7116976e-05,0.7738738,empathicschool_s28,combined,empathicschool
1,3.9575543e-06,0.9157433,empathicschool_s28,combined,empathicschool
1,2.7116976e-05,0.7738738,empathicschool_s28,combined,empathicschool
1,2.7116976e-05,0.7738738,empathicschool_s28,combined,empathicschool
1,2.7116976e-05,0.7738738,empathicschool_s28,combined,empathicschool
1,2.7116976e-05,0.7738738,empathicschool_s28,combined,empathicschool
1,2.7116976e-05,0.7738738,empathicschool_s28,combined,empathicschool
1,2.7116976e-05,0.7738738,empathicschool_s28,combined,empathicschool
1,2.7116976e-05,0.7738738,empathicschool_s28,combined,empathicschool
1,2.7116976e-05,0.7738738,empathicschool_s28,combined,empathicschool
1,2.7116976e-05,0.7738738,empathicschool_s28,combined,empathicschool
1,2.7116976e-05,0.7738738,empathicschool_s28,combined,empathicschool
1,4.206342e-06,0.9117644,empathicschool_s28,combined,empathicschool
1,4.2042006e-06,0.9118294,empathicschool_s28,combined,empathicschool
1,2.7116976e-05,0.7738738,empathicschool_s28,combined,empathicschool
1,2.7116976e-05,0.7738738,empathicschool_s28,combined,empathicschool
1,2.7116976e-05,0.7738738,empathicschool_s28,combined,empathicschool
1,2.7116976e-05,0.7738738,empathicschool_s28,combined,empathicschool
1,2.7116976e-05,0.7738738,empathicschool_s28,combined,empathicschool
1,2.7116976e-05,0.7738738,empathicschool_s28,combined,empathicschool
1,2.7116976e-05,0.7738738,empathicschool_s28,combined,empathicschool
1,2.7116976e-05,0.7738738,empathicschool_s28,combined,empathicschool
1,2.7116976e-05,0.7738738,empathicschool_s28,combined,empathicschool
1,2.7116976e-05,0.7738738,empathicschool_s28,combined,empathicschool
1,4.1805556e-06,0.9122017,empathicschool_s28,combined,empathicschool
1,2.7116976e-05,0.7738738,empathicschool_s28,combined,empathicschool
1,2.7116976e-05,0.7738738,empathicschool_s28,combined,empathicschool
1,2.7116976e-05,0.7738738,empathicschool_s28,combined,empathicschool
1,2.7116976e-05,0.7738738,empathicschool_s28,combined,empathicschool
1,2.7116976e-05,0.7738738,empathicschool_s28,combined,empathicschool
1,2.7116976e-05,0.7738738,empathicschool_s28,combined,empathicschool
1,2.7116976e-05,0.7738738,empathicschool_s28,combined,empathicschool
1,2.7116976e-05,0.7738738,empathicschool_s28,combined,empathicschool
1,2.7116976e-05,0.7738738,empathicschool_s28,combined,empathicschool
1,2.7116976e-05,0.7738738,empathicschool_s28,combined,empathicschool
1,4.1829603e-06,0.91217107,empathicschool_s28,combined,empathicschool
1,2.7116976e-05,0.7738738,empathicschool_s28,combined,empathicschool
1,2.7116976e-05,0.7738738,empathicschool_s28,combined,empathicschool
1,2.7116976e-05,0.7738738,empathicschool_s28,combined,empathicschool
1,2.7116976e-05,0.7738738,empathicschool_s28,combined,empathicschool
1,2.7116976e-05,0.7738738,empathicschool_s28,combined,empathicschool
1,2.7116976e-05,0.7738738,empathicschool_s28,combined,empathicschool
1,2.7116976e-05,0.7738738,empathicschool_s28,combined,empathicschool
1,2.7116976e-05,0.7738738,empathicschool_s28,combined,empathicschool
1,2.7116976e-05,0.7738738,empathicschool_s28,combined,empathicschool
1,2.7116976e-05,0.7738738,empathicschool_s28,combined,empathicschool
1,4.1725657e-06,0.91234607,empathicschool_s28,combined,empathicschool
1,2.7116976e-05,0.7738738,empathicschool_s28,combined,empathicschool
1,2.7116976e-05,0.7738738,empathicschool_s28,combined,empathicschool
1,2.7116976e-05,0.7738738,empathicschool_s28,combined,empathicschool
1,2.7116976e-05,0.7738738,empathicschool_s28,combined,empathicschool
1,2.7116976e-05,0.7738738,empathicschool_s28,combined,empathicschool
1,2.7116976e-05,0.7738738,empathicschool_s28,combined,empathicschool
1,2.7116976e-05,0.7738738,empathicschool_s28,combined,empathicschool
1,2.7116976e-05,0.7738738,empathicschool_s28,combined,empathicschool
1,2.7116976e-05,0.7738738,empathicschool_s28,combined,empathicschool
1,2.7116976e-05,0.7738738,empathicschool_s28,combined,empathicschool
1,4.138488e-06,0.9128689,empathicschool_s28,combined,empathicschool
1,2.7116976e-05,0.7738738,empathicschool_s28,combined,empathicschool
1,2.7116976e-05,0.7738738,empathicschool_s28,combined,empathicschool
1,2.7116976e-05,0.7738738,empathicschool_s28,combined,empathicschool
1,2.7116976e-05,0.7738738,empathicschool_s28,combined,empathicschool
1,2.7116976e-05,0.7738738,empathicschool_s28,combined,empathicschool
1,2.7116976e-05,0.7738738,empathicschool_s28,combined,empathicschool
1,2.7116976e-05,0.7738738,empathicschool_s28,combined,empathicschool
1,2.7116976e-05,0.7738738,empathicschool_s28,combined,empathicschool
1,2.7116976e-05,0.7738738,empathicschool_s28,combined,empathicschool
1,2.7116976e-05,0.7738738,empathicschool_s28,combined,empathicschool
1,4.079545e-06,0.91371894,empathicschool_s28,combined,empathicschool
1,2.7116976e-05,0.7738738,empathicschool_s28,combined,empathicschool
1,2.7116976e-05,0.7738738,empathicschool_s28,combined,empathicschool
1,2.7116976e-05,0.7738738,empathicschool_s28,combined,empathicschool
1,2.7116976e-05,0.7738738,empathicschool_s28,combined,empathicschool
1,2.7116976e-05,0.7738738,empathicschool_s28,combined,empathicschool
1,2.7116976e-05,0.7738738,empathicschool_s28,combined,empathicschool
1,2.7116976e-05,0.7738738,empathicschool_s28,combined,empathicschool
1,2.7116976e-05,0.7738738,empathicschool_s28,combined,empathicschool
1,2.7116976e-05,0.7738738,empathicschool_s28,combined,empathicschool
1,2.7116976e-05,0.7738738,empathicschool_s28,combined,empathicschool
1,3.9333904e-06,0.91594976,empathicschool_s28,combined,empathicschool
1,2.7116976e-05,0.7738738,empathicschool_s28,combined,empathicschool
1,2.7116976e-05,0.7738738,empathicschool_s28,combined,empathicschool
1,2.7116976e-05,0.7738738,empathicschool_s28,combined,empathicschool
1,2.7116976e-05,0.7738738,empathicschool_s28,combined,empathicschool
1,2.7116976e-05,0.7738738,empathicschool_s28,combined,empathicschool
1,2.7116976e-05,0.7738738,empathicschool_s28,combined,empathicschool
1,2.7116976e-05,0.7738738,empathicschool_s28,combined,empathicschool
1,2.7116976e-05,0.7738738,empathicschool_s28,combined,empathicschool
1,2.7116976e-05,0.7738738,empathicschool_s28,combined,empathicschool
1,2.7116976e-05,0.7738738,empathicschool_s28,combined,empathicschool
1,3.7759291e-06,0.9185872,empathicschool_s28,combined,empathicschool
1,2.7116976e-05,0.7738738,empathicschool_s28,combined,empathicschool
1,2.7116976e-05,0.7738738,empathicschool_s28,combined,empathicschool
1,2.7116976e-05,0.7738738,empathicschool_s28,combined,empathicschool
1,2.7116976e-05,0.7738738,empathicschool_s28,combined,empathicschool
1,2.7116976e-05,0.7738738,empathicschool_s28,combined,empathicschool
1,2.7116976e-05,0.7738738,empathicschool_s28,combined,empathicschool
1,2.7116976e-05,0.7738738,empathicschool_s28,combined,empathicschool
1,2.7116976e-05,0.7738738,empathicschool_s28,combined,empathicschool
1,2.7116976e-05,0.7738738,empathicschool_s28,combined,empathicschool
1,2.7116976e-05,0.7738738,empathicschool_s28,combined,empathicschool
1,3.7001148e-06,0.9199039,empathicschool_s28,combined,empathicschool
1,2.7116976e-05,0.7738738,empathicschool_s28,combined,empathicschool
1,2.7116976e-05,0.7738738,empathicschool_s28,combined,empathicschool
1,2.7116976e-05,0.7738738,empathicschool_s28,combined,empathicschool
1,2.7116976e-05,0.7738738,empathicschool_s28,combined,empathicschool
1,2.7116976e-05,0.7738738,empathicschool_s28,combined,empathicschool
1,2.7116976e-05,0.7738738,empathicschool_s28,combined,empathicschool
1,2.7116976e-05,0.7738738,empathicschool_s28,combined,empathicschool
1,2.7116976e-05,0.7738738,empathicschool_s28,combined,empathicschool
1,2.7116976e-05,0.7738738,empathicschool_s28,combined,empathicschool
1,2.7116976e-05,0.7738738,empathicschool_s28,combined,empathicschool
1,3.744873e-06,0.9190116,empathicschool_s28,combined,empathicschool
1,2.7116976e-05,0.7738738,empathicschool_s28,combined,empathicschool
1,2.7116976e-05,0.7738738,empathicschool_s28,combined,empathicschool
1,2.7116976e-05,0.7738738,empathicschool_s28,combined,empathicschool
1,2.7116976e-05,0.7738738,empathicschool_s28,combined,empathicschool
1,2.7116976e-05,0.7738738,empathicschool_s28,combined,empathicschool
1,2.7116976e-05,0.7738738,empathicschool_s28,combined,empathicschool
1,2.7116976e-05,0.7738738,empathicschool_s28,combined,empathicschool
1,2.7116976e-05,0.7738738,empathicschool_s28,combined,empathicschool
1,2.7116976e-05,0.7738738,empathicschool_s28,combined,empathicschool
1,2.7116976e-05,0.7738738,empathicschool_s28,combined,empathicschool
1,4.0680725e-06,0.913984,empathicschool_s28,combined,empathicschool
1,3.834762e-06,0.9175309,empathicschool_s28,combined,empathicschool
1,2.7116976e-05,0.7738738,empathicschool_s28,combined,empathicschool
1,2.7116976e-05,0.7738738,empathicschool_s28,combined,empathicschool
1,2.7116976e-05,0.7738738,empathicschool_s28,combined,empathicschool
1,2.7116976e-05,0.7738738,empathicschool_s28,combined,empathicschool
1,2.7116976e-05,0.7738738,empathicschool_s28,combined,empathicschool
1,2.7116976e-05,0.7738738,empathicschool_s28,combined,empathicschool
1,2.7116976e-05,0.7738738,empathicschool_s28,combined,empathicschool
1,2.7116976e-05,0.7738738,empathicschool_s28,combined,empathicschool
1,2.7116976e-05,0.7738738,empathicschool_s28,combined,empathicschool
1,2.7116976e-05,0.7738738,empathicschool_s28,combined,empathicschool
1,3.8083688e-06,0.9180387,empathicschool_s28,combined,empathicschool
1,2.7116976e-05,0.7738738,empathicschool_s28,combined,empathicschool
1,2.7116976e-05,0.7738738,empathicschool_s28,combined,empathicschool
1,2.7116976e-05,0.7738738,empathicschool_s28,combined,empathicschool
1,2.7116976e-05,0.7738738,empathicschool_s28,combined,empathicschool
1,2.7116976e-05,0.7738738,empathicschool_s28,combined,empathicschool
1,2.7116976e-05,0.7738738,empathicschool_s28,combined,empathicschool
1,2.7116976e-05,0.7738738,empathicschool_s28,combined,empathicschool
1,2.7116976e-05,0.7738738,empathicschool_s28,combined,empathicschool
1,2.7116976e-05,0.7738738,empathicschool_s28,combined,empathicschool
1,2.7116976e-05,0.7738738,empathicschool_s28,combined,empathicschool
1,3.8544295e-06,0.917297,empathicschool_s28,combined,empathicschool
1,2.7116976e-05,0.7738738,empathicschool_s28,combined,empathicschool
1,2.7116976e-05,0.7738738,empathicschool_s28,combined,empathicschool
1,2.7116976e-05,0.7738738,empathicschool_s28,combined,empathicschool
1,2.7116976e-05,0.7738738,empathicschool_s28,combined,empathicschool
1,2.7116976e-05,0.7738738,empathicschool_s28,combined,empathicschool
1,2.7116976e-05,0.7738738,empathicschool_s28,combined,empathicschool
1,2.7116976e-05,0.7738738,empathicschool_s28,combined,empathicschool
1,2.7116976e-05,0.7738738,empathicschool_s28,combined,empathicschool
1,2.7116976e-05,0.7738738,empathicschool_s28,combined,empathicschool
1,2.7116976e-05,0.7738738,empathicschool_s28,combined,empathicschool
1,3.9013144e-06,0.91653144,empathicschool_s28,combined,empathicschool
1,2.7116976e-05,0.7738738,empathicschool_s28,combined,empathicschool
1,2.7116976e-05,0.7738738,empathicschool_s28,combined,empathicschool
1,2.7116976e-05,0.7738738,empathicschool_s28,combined,empathicschool
1,2.7116976e-05,0.7738738,empathicschool_s28,combined,empathicschool
1,2.7116976e-05,0.7738738,empathicschool_s28,combined,empathicschool
1,2.7116976e-05,0.7738738,empathicschool_s28,combined,empathicschool
1,2.7116976e-05,0.7738738,empathicschool_s28,combined,empathicschool
1,2.7116976e-05,0.7738738,empathicschool_s28,combined,empathicschool
1,2.7116976e-05,0.7738738,empathicschool_s28,combined,empathicschool
1,2.7116976e-05,0.7738738,empathicschool_s28,combined,empathicschool
1,3.897071e-06,0.9166045,empathicschool_s28,combined,empathicschool
1,2.7116976e-05,0.7738738,empathicschool_s28,combined,empathicschool
1,2.7116976e-05,0.7738738,empathicschool_s28,combined,empathicschool
1,2.7116976e-05,0.7738738,empathicschool_s28,combined,empathicschool
1,2.7116976e-05,0.7738738,empathicschool_s28,combined,empathicschool
1,2.7116976e-05,0.7738738,empathicschool_s28,combined,empathicschool
1,2.7116976e-05,0.7738738,empathicschool_s28,combined,empathicschool
1,2.7116976e-05,0.7738738,empathicschool_s28,combined,empathicschool
1,2.7116976e-05,0.7738738,empathicschool_s28,combined,empathicschool
1,2.7116976e-05,0.7738738,empathicschool_s28,combined,empathicschool
1,2.7116976e-05,0.7738738,empathicschool_s28,combined,empathicschool
1,3.9015786e-06,0.9165251,empathicschool_s28,combined,empathicschool
1,2.7116976e-05,0.7738738,empathicschool_s28,combined,empathicschool
1,2.7116976e-05,0.7738738,empathicschool_s28,combined,empathicschool
1,2.7116976e-05,0.7738738,empathicschool_s28,combined,empathicschool
1,2.7116976e-05,0.7738738,empathicschool_s28,combined,empathicschool
1,2.7116976e-05,0.7738738,empathicschool_s28,combined,empathicschool
1,2.7116976e-05,0.7738738,empathicschool_s28,combined,empathicschool
1,2.7116976e-05,0.7738738,empathicschool_s28,combined,empathicschool
1,2.7116976e-05,0.7738738,empathicschool_s28,combined,empathicschool
1,2.7116976e-05,0.7738738,empathicschool_s28,combined,empathicschool
1,2.7116976e-05,0.7738738,empathicschool_s28,combined,empathicschool
1,3.9414113e-06,0.915866,empathicschool_s28,combined,empathicschool
1,2.7116976e-05,0.7738738,empathicschool_s28,combined,empathicschool
1,2.7116976e-05,0.7738738,empathicschool_s28,combined,empathicschool
1,2.7116976e-05,0.7738738,empathicschool_s28,combined,empathicschool
1,2.7116976e-05,0.7738738,empathicschool_s28,combined,empathicschool
1,2.7116976e-05,0.7738738,empathicschool_s28,combined,empathicschool
1,2.7116976e-05,0.7738738,empathicschool_s28,combined,empathicschool
1,2.7116976e-05,0.7738738,empathicschool_s28,combined,empathicschool
1,2.7116976e-05,0.7738738,empathicschool_s28,combined,empathicschool
1,2.7116976e-05,0.7738738,empathicschool_s28,combined,empathicschool
1,2.7116976e-05,0.7738738,empathicschool_s28,combined,empathicschool
1,3.979096e-06,0.9152658,empathicschool_s28,combined,empathicschool
1,2.7116976e-05,0.7738738,empathicschool_s28,combined,empathicschool
1,2.7116976e-05,0.7738738,empathicschool_s28,combined,empathicschool
1,2.7116976e-05,0.7738738,empathicschool_s28,combined,empathicschool
1,2.7116976e-05,0.7738738,empathicschool_s28,combined,empathicschool
1,2.7116976e-05,0.7738738,empathicschool_s28,combined,empathicschool
1,2.7116976e-05,0.7738738,empathicschool_s28,combined,empathicschool
1,2.7116976e-05,0.7738738,empathicschool_s28,combined,empathicschool
1,2.7116976e-05,0.7738738,empathicschool_s28,combined,empathicschool
1,2.7116976e-05,0.7738738,empathicschool_s28,combined,empathicschool
1,2.7116976e-05,0.7738738,empathicschool_s28,combined,empathicschool
1,3.9783067e-06,0.9152866,empathicschool_s28,combined,empathicschool
1,2.7116976e-05,0.7738738,empathicschool_s28,combined,empathicschool
1,2.7116976e-05,0.7738738,empathicschool_s28,combined,empathicschool
1,2.7116976e-05,0.7738738,empathicschool_s28,combined,empathicschool
1,2.7116976e-05,0.7738738,empathicschool_s28,combined,empathicschool
1,2.7116976e-05,0.7738738,empathicschool_s28,combined,empathicschool
1,2.7116976e-05,0.7738738,empathicschool_s28,combined,empathicschool
1,2.7116976e-05,0.7738738,empathicschool_s28,combined,empathicschool
1,2.7116976e-05,0.7738738,empathicschool_s28,combined,empathicschool
1,2.7116976e-05,0.7738738,empathicschool_s28,combined,empathicschool
1,2.7116976e-05,0.7738738,empathicschool_s28,combined,empathicschool
1,3.978906e-06,0.9152749,empathicschool_s28,combined,empathicschool
1,2.7116976e-05,0.7738738,empathicschool_s28,combined,empathicschool
1,2.7116976e-05,0.7738738,empathicschool_s28,combined,empathicschool
1,2.7116976e-05,0.7738738,empathicschool_s28,combined,empathicschool
1,2.7116976e-05,0.7738738,empathicschool_s28,combined,empathicschool
1,2.7116976e-05,0.7738738,empathicschool_s28,combined,empathicschool
1,2.7116976e-05,0.7738738,empathicschool_s28,combined,empathicschool
1,2.7116976e-05,0.7738738,empathicschool_s28,combined,empathicschool
1,2.7116976e-05,0.7738738,empathicschool_s28,combined,empathicschool
1,2.7116976e-05,0.7738738,empathicschool_s28,combined,empathicschool
1,2.7116976e-05,0.7738738,empathicschool_s28,combined,empathicschool
1,4.100209e-06,0.91346943,empathicschool_s28,combined,empathicschool
1,3.9978777e-06,0.91496855,empathicschool_s28,combined,empathicschool
1,2.7116976e-05,0.7738738,empathicschool_s28,combined,empathicschool
1,2.7116976e-05,0.7738738,empathicschool_s28,combined,empathicschool
1,2.7116976e-05,0.7738738,empathicschool_s28,combined,empathicschool
1,2.7116976e-05,0.7738738,empathicschool_s28,combined,empathicschool
1,2.7116976e-05,0.7738738,empathicschool_s28,combined,empathicschool
1,2.7116976e-05,0.7738738,empathicschool_s28,combined,empathicschool
1,2.7116976e-05,0.7738738,empathicschool_s28,combined,empathicschool
1,2.7116976e-05,0.7738738,empathicschool_s28,combined,empathicschool
1,2.7116976e-05,0.7738738,empathicschool_s28,combined,empathicschool
1,2.7116976e-05,0.7738738,empathicschool_s28,combined,empathicschool
1,4.029426e-06,0.91446066,empathicschool_s28,combined,empathicschool
1,2.7116976e-05,0.7738738,empathicschool_s28,combined,empathicschool
1,2.7116976e-05,0.7738738,empathicschool_s28,combined,empathicschool
1,2.7116976e-05,0.7738738,empathicschool_s28,combined,empathicschool
1,2.7116976e-05,0.7738738,empathicschool_s28,combined,empathicschool
1,2.7116976e-05,0.7738738,empathicschool_s28,combined,empathicschool
1,2.7116976e-05,0.7738738,empathicschool_s28,combined,empathicschool
1,2.7116976e-05,0.7738738,empathicschool_s28,combined,empathicschool
1,2.7116976e-05,0.7738738,empathicschool_s28,combined,empathicschool
1,2.7116976e-05,0.7738738,empathicschool_s28,combined,empathicschool
1,2.7116976e-05,0.7738738,empathicschool_s28,combined,empathicschool
1,4.030617e-06,0.91444886,empathicschool_s28,combined,empathicschool
1,2.7116976e-05,0.7738738,empathicschool_s28,combined,empathicschool
1,2.7116976e-05,0.7738738,empathicschool_s28,combined,empathicschool
1,2.7116976e-05,0.7738738,empathicschool_s28,combined,empathicschool
1,2.7116976e-05,0.7738738,empathicschool_s28,combined,empathicschool
1,2.7116976e-05,0.7738738,empathicschool_s28,combined,empathicschool
1,2.7116976e-05,0.7738738,empathicschool_s28,combined,empathicschool
1,2.7116976e-05,0.7738738,empathicschool_s28,combined,empathicschool
1,2.7116976e-05,0.7738738,empathicschool_s28,combined,empathicschool
1,2.7116976e-05,0.7738738,empathicschool_s28,combined,empathicschool
1,2.7116976e-05,0.7738738,empathicschool_s28,combined,empathicschool
1,3.987248e-06,0.9151521,empathicschool_s28,combined,empathicschool
1,2.7116976e-05,0.7738738,empathicschool_s28,combined,empathicschool
1,2.7116976e-05,0.7738738,empathicschool_s28,combined,empathicschool
1,2.7116976e-05,0.7738738,empathicschool_s28,combined,empathicschool
1,2.7116976e-05,0.7738738,empathicschool_s28,combined,empathicschool
1,2.7116976e-05,0.7738738,empathicschool_s28,combined,empathicschool
1,2.7116976e-05,0.7738738,empathicschool_s28,combined,empathicschool
1,2.7116976e-05,0.7738738,empathicschool_s28,combined,empathicschool
1,2.7116976e-05,0.7738738,empathicschool_s28,combined,empathicschool
1,2.7116976e-05,0.7738738,empathicschool_s28,combined,empathicschool
1,2.7116976e-05,0.7738738,empathicschool_s28,combined,empathicschool
1,3.9294387e-06,0.9160882,empathicschool_s28,combined,empathicschool
1,2.7116976e-05,0.7738738,empathicschool_s28,combined,empathicschool
1,2.7116976e-05,0.7738738,empathicschool_s28,combined,empathicschool
1,2.7116976e-05,0.7738738,empathicschool_s28,combined,empathicschool
1,2.7116976e-05,0.7738738,empathicschool_s28,combined,empathicschool
1,2.7116976e-05,0.7738738,empathicschool_s28,combined,empathicschool
1,2.7116976e-05,0.7738738,empathicschool_s28,combined,empathicschool
1,2.7116976e-05,0.7738738,empathicschool_s28,combined,empathicschool
1,2.7116976e-05,0.7738738,empathicschool_s28,combined,empathicschool
1,2.7116976e-05,0.7738738,empathicschool_s28,combined,empathicschool
1,2.7116976e-05,0.7738738,empathicschool_s28,combined,empathicschool
1,3.8289268e-06,0.9177947,empathicschool_s28,combined,empathicschool
1,2.7116976e-05,0.7738738,empathicschool_s28,combined,empathicschool
1,2.7116976e-05,0.7738738,empathicschool_s28,combined,empathicschool
1,2.7116976e-05,0.7738738,empathicschool_s28,combined,empathicschool
1,2.7116976e-05,0.7738738,empathicschool_s28,combined,empathicschool
1,2.7116976e-05,0.7738738,empathicschool_s28,combined,empathicschool
1,2.7116976e-05,0.7738738,empathicschool_s28,combined,empathicschool
1,2.7116976e-05,0.7738738,empathicschool_s28,combined,empathicschool
1,2.7116976e-05,0.7738738,empathicschool_s28,combined,empathicschool
1,2.7116976e-05,0.7738738,empathicschool_s28,combined,empathicschool
1,2.7116976e-05,0.7738738,empathicschool_s28,combined,empathicschool
1,3.7468308e-06,0.91927683,empathicschool_s28,combined,empathicschool
1,2.7116976e-05,0.7738738,empathicschool_s28,combined,empathicschool
1,2.7116976e-05,0.7738738,empathicschool_s28,combined,empathicschool
1,2.7116976e-05,0.7738738,empathicschool_s28,combined,empathicschool
1,2.7116976e-05,0.7738738,empathicschool_s28,combined,empathicschool
1,2.7116976e-05,0.7738738,empathicschool_s28,combined,empathicschool
1,2.7116976e-05,0.7738738,empathicschool_s28,combined,empathicschool
1,2.7116976e-05,0.7738738,empathicschool_s28,combined,empathicschool
1,2.7116976e-05,0.7738738,empathicschool_s28,combined,empathicschool
1,2.7116976e-05,0.7738738,empathicschool_s28,combined,empathicschool
1,2.7116976e-05,0.7738738,empathicschool_s28,combined,empathicschool
1,3.6623471e-06,0.92064714,empathicschool_s28,combined,empathicschool
1,2.7116976e-05,0.7738738,empathicschool_s28,combined,empathicschool
1,2.7116976e-05,0.7738738,empathicschool_s28,combined,empathicschool
1,2.7116976e-05,0.7738738,empathicschool_s28,combined,empathicschool
1,2.7116976e-05,0.7738738,empathicschool_s28,combined,empathicschool
1,2.7116976e-05,0.7738738,empathicschool_s28,combined,empathicschool
1,2.7116976e-05,0.7738738,empathicschool_s28,combined,empathicschool
1,2.7116976e-05,0.7738738,empathicschool_s28,combined,empathicschool
1,2.7116976e-05,0.7738738,empathicschool_s28,combined,empathicschool
1,2.7116976e-05,0.7738738,empathicschool_s28,combined,empathicschool
1,2.7116976e-05,0.7738738,empathicschool_s28,combined,empathicschool
1,3.6286037e-06,0.92125094,empathicschool_s28,combined,empathicschool
1,2.7116976e-05,0.7738738,empathicschool_s28,combined,empathicschool
1,2.7116976e-05,0.7738738,empathicschool_s28,combined,empathicschool
1,2.7116976e-05,0.7738738,empathicschool_s28,combined,empathicschool
1,2.7116976e-05,0.7738738,empathicschool_s28,combined,empathicschool
1,2.7116976e-05,0.7738738,empathicschool_s28,combined,empathicschool
1,2.7116976e-05,0.7738738,empathicschool_s28,combined,empathicschool
1,2.7116976e-05,0.7738738,empathicschool_s28,combined,empathicschool
1,2.7116976e-05,0.7738738,empathicschool_s28,combined,empathicschool
1,2.7116976e-05,0.7738738,empathicschool_s28,combined,empathicschool
1,2.7116976e-05,0.7738738,empathicschool_s28,combined,empathicschool
1,3.6339718e-06,0.9210999,empathicschool_s28,combined,empathicschool
1,2.7116976e-05,0.7738738,empathicschool_s28,combined,empathicschool
1,2.7116976e-05,0.7738738,empathicschool_s28,combined,empathicschool
1,2.7116976e-05,0.7738738,empathicschool_s28,combined,empathicschool
1,2.7116976e-05,0.7738738,empathicschool_s28,combined,empathicschool
1,2.7116976e-05,0.7738738,empathicschool_s28,combined,empathicschool
1,2.7116976e-05,0.7738738,empathicschool_s28,combined,empathicschool
1,2.7116976e-05,0.7738738,empathicschool_s28,combined,empathicschool
1,2.7116976e-05,0.7738738,empathicschool_s28,combined,empathicschool
1,2.7116976e-05,0.7738738,empathicschool_s28,combined,empathicschool
1,2.7116976e-05,0.7738738,empathicschool_s28,combined,empathicschool
1,4.1236513e-06,0.9130866,empathicschool_s28,combined,empathicschool
1,3.7012267e-06,0.9198988,empathicschool_s28,combined,empathicschool
1,2.7116976e-05,0.7738738,empathicschool_s28,combined,empathicschool
1,2.7116976e-05,0.7738738,empathicschool_s28,combined,empathicschool
1,2.7116976e-05,0.7738738,empathicschool_s28,combined,empathicschool
1,2.7116976e-05,0.7738738,empathicschool_s28,combined,empathicschool
1,2.7116976e-05,0.7738738,empathicschool_s28,combined,empathicschool
1,2.7116976e-05,0.7738738,empathicschool_s28,combined,empathicschool
1,2.7116976e-05,0.7738738,empathicschool_s28,combined,empathicschool
1,2.7116976e-05,0.7738738,empathicschool_s28,combined,empathicschool
1,2.7116976e-05,0.7738738,empathicschool_s28,combined,empathicschool
1,2.7116976e-05,0.7738738,empathicschool_s28,combined,empathicschool
1,3.6758888e-06,0.92031485,empathicschool_s28,combined,empathicschool
1,2.7116976e-05,0.7738738,empathicschool_s28,combined,empathicschool
1,2.7116976e-05,0.7738738,empathicschool_s28,combined,empathicschool
1,2.7116976e-05,0.7738738,empathicschool_s28,combined,empathicschool
1,2.7116976e-05,0.7738738,empathicschool_s28,combined,empathicschool
1,2.7116976e-05,0.7738738,empathicschool_s28,combined,empathicschool
1,2.7116976e-05,0.7738738,empathicschool_s28,combined,empathicschool
1,2.7116976e-05,0.7738738,empathicschool_s28,combined,empathicschool
1,2.7116976e-05,0.7738738,empathicschool_s28,combined,empathicschool
1,2.7116976e-05,0.7738738,empathicschool_s28,combined,empathicschool
1,2.7116976e-05,0.7738738,empathicschool_s28,combined,empathicschool
1,3.6700287e-06,0.9204351,empathicschool_s28,combined,empathicschool
1,2.7116976e-05,0.7738738,empathicschool_s28,combined,empathicschool
1,2.7116976e-05,0.7738738,empathicschool_s28,combined,empathicschool
1,2.7116976e-05,0.7738738,empathicschool_s28,combined,empathicschool
1,2.7116976e-05,0.7738738,empathicschool_s28,combined,empathicschool
1,2.7116976e-05,0.7738738,empathicschool_s28,combined,empathicschool
1,2.7116976e-05,0.7738738,empathicschool_s28,combined,empathicschool
1,2.7116976e-05,0.7738738,empathicschool_s28,combined,empathicschool
1,2.7116976e-05,0.7738738,empathicschool_s28,combined,empathicschool
1,2.7116976e-05,0.7738738,empathicschool_s28,combined,empathicschool
1,2.7116976e-05,0.7738738,empathicschool_s28,combined,empathicschool
1,3.6794415e-06,0.9202826,empathicschool_s28,combined,empathicschool
1,2.7116976e-05,0.7738738,empathicschool_s28,combined,empathicschool
1,2.7116976e-05,0.7738738,empathicschool_s28,combined,empathicschool
1,2.7116976e-05,0.7738738,empathicschool_s28,combined,empathicschool
1,2.7116976e-05,0.7738738,empathicschool_s28,combined,empathicschool
1,2.7116976e-05,0.7738738,empathicschool_s28,combined,empathicschool
1,2.7116976e-05,0.7738738,empathicschool_s28,combined,empathicschool
1,2.7116976e-05,0.7738738,empathicschool_s28,combined,empathicschool
1,2.7116976e-05,0.7738738,empathicschool_s28,combined,empathicschool
1,2.7116976e-05,0.7738738,empathicschool_s28,combined,empathicschool
1,2.7116976e-05,0.7738738,empathicschool_s28,combined,empathicschool
1,3.694297e-06,0.91998607,empathicschool_s28,combined,empathicschool
1,2.7116976e-05,0.7738738,empathicschool_s28,combined,empathicschool
1,2.7116976e-05,0.7738738,empathicschool_s28,combined,empathicschool
1,2.7116976e-05,0.7738738,empathicschool_s28,combined,empathicschool
1,2.7116976e-05,0.7738738,empathicschool_s28,combined,empathicschool
1,2.7116976e-05,0.7738738,empathicschool_s28,combined,empathicschool
1,2.7116976e-05,0.7738738,empathicschool_s28,combined,empathicschool
1,2.7116976e-05,0.7738738,empathicschool_s28,combined,empathicschool
1,2.7116976e-05,0.7738738,empathicschool_s28,combined,empathicschool
1,2.7116976e-05,0.7738738,empathicschool_s28,combined,empathicschool
1,2.7116976e-05,0.7738738,empathicschool_s28,combined,empathicschool
1,3.7000195e-06,0.91988957,empathicschool_s28,combined,empathicschool
1,2.7116976e-05,0.7738738,empathicschool_s28,combined,empathicschool
1,2.7116976e-05,0.7738738,empathicschool_s28,combined,empathicschool
1,2.7116976e-05,0.7738738,empathicschool_s28,combined,empathicschool
1,2.7116976e-05,0.7738738,empathicschool_s28,combined,empathicschool
1,2.7116976e-05,0.7738738,empathicschool_s28,combined,empathicschool
1,2.7116976e-05,0.7738738,empathicschool_s28,combined,empathicschool
1,2.7116976e-05,0.7738738,empathicschool_s28,combined,empathicschool
1,2.7116976e-05,0.7738738,empathicschool_s28,combined,empathicschool
1,2.7116976e-05,0.7738738,empathicschool_s28,combined,empathicschool
1,2.7116976e-05,0.7738738,empathicschool_s28,combined,empathicschool
1,3.7083032e-06,0.91978174,empathicschool_s28,combined,empathicschool
1,2.7116976e-05,0.7738738,empathicschool_s28,combined,empathicschool
1,2.7116976e-05,0.7738738,empathicschool_s28,combined,empathicschool
1,2.7116976e-05,0.7738738,empathicschool_s28,combined,empathicschool
1,2.7116976e-05,0.7738738,empathicschool_s28,combined,empathicschool
1,2.7116976e-05,0.7738738,empathicschool_s28,combined,empathicschool
1,2.7116976e-05,0.7738738,empathicschool_s28,combined,empathicschool
1,2.7116976e-05,0.7738738,empathicschool_s28,combined,empathicschool
1,2.7116976e-05,0.7738738,empathicschool_s28,combined,empathicschool
1,2.7116976e-05,0.7738738,empathicschool_s28,combined,empathicschool
1,2.7116976e-05,0.7738738,empathicschool_s28,combined,empathicschool
1,3.7009759e-06,0.91984326,empathicschool_s28,combined,empathicschool
1,2.7116976e-05,0.7738738,empathicschool_s28,combined,empathicschool
1,2.7116976e-05,0.7738738,empathicschool_s28,combined,empathicschool
1,2.7116976e-05,0.7738738,empathicschool_s28,combined,empathicschool
1,2.7116976e-05,0.7738738,empathicschool_s28,combined,empathicschool
1,2.7116976e-05,0.7738738,empathicschool_s28,combined,empathicschool
1,2.7116976e-05,0.7738738,empathicschool_s28,combined,empathicschool
1,2.7116976e-05,0.7738738,empathicschool_s28,combined,empathicschool
1,2.7116976e-05,0.7738738,empathicschool_s28,combined,empathicschool
1,2.7116976e-05,0.7738738,empathicschool_s28,combined,empathicschool
1,2.7116976e-05,0.7738738,empathicschool_s28,combined,empathicschool
1,3.8367743e-06,0.9175844,empathicschool_s28,combined,empathicschool
1,2.7116976e-05,0.7738738,empathicschool_s28,combined,empathicschool
1,2.7116976e-05,0.7738738,empathicschool_s28,combined,empathicschool
1,2.7116976e-05,0.7738738,empathicschool_s28,combined,empathicschool
1,2.7116976e-05,0.7738738,empathicschool_s28,combined,empathicschool
1,2.7116976e-05,0.7738738,empathicschool_s28,combined,empathicschool
1,2.7116976e-05,0.7738738,empathicschool_s28,combined,empathicschool
1,2.7116976e-05,0.7738738,empathicschool_s28,combined,empathicschool
1,2.7116976e-05,0.7738738,empathicschool_s28,combined,empathicschool
1,2.7116976e-05,0.7738738,empathicschool_s28,combined,empathicschool
1,2.7116976e-05,0.7738738,empathicschool_s28,combined,empathicschool
1,3.8948756e-06,0.9166475,empathicschool_s28,combined,empathicschool
1,2.7116976e-05,0.7738738,empathicschool_s28,combined,empathicschool
1,2.7116976e-05,0.7738738,empathicschool_s28,combined,empathicschool
1,2.7116976e-05,0.7738738,empathicschool_s28,combined,empathicschool
1,2.7116976e-05,0.7738738,empathicschool_s28,combined,empathicschool
1,2.7116976e-05,0.7738738,empathicschool_s28,combined,empathicschool
1,2.7116976e-05,0.7738738,empathicschool_s28,combined,empathicschool
1,2.7116976e-05,0.7738738,empathicschool_s28,combined,empathicschool
1,2.7116976e-05,0.7738738,empathicschool_s28,combined,empathicschool
1,2.7116976e-05,0.7738738,empathicschool_s28,combined,empathicschool
1,2.7116976e-05,0.77387375,empathicschool_s28,combined,empathicschool
1,4.0434534e-06,0.9143528,empathicschool_s28,combined,empathicschool
1,3.8596895e-06,0.91722053,empathicschool_s28,combined,empathicschool
1,2.7116976e-05,0.7738738,empathicschool_s28,combined,empathicschool
1,2.7116976e-05,0.7738738,empathicschool_s28,combined,empathicschool
1,2.7116976e-05,0.7738738,empathicschool_s28,combined,empathicschool
1,2.7116976e-05,0.7738738,empathicschool_s28,combined,empathicschool
1,2.7116976e-05,0.7738738,empathicschool_s28,combined,empathicschool
1,2.7116976e-05,0.7738738,empathicschool_s28,combined,empathicschool
1,2.7116976e-05,0.7738738,empathicschool_s28,combined,empathicschool
1,2.7116976e-05,0.7738738,empathicschool_s28,combined,empathicschool
1,2.7116976e-05,0.7738738,empathicschool_s28,combined,empathicschool
1,2.7116976e-05,0.7738738,empathicschool_s28,combined,empathicschool
1,3.8246967e-06,0.91778004,empathicschool_s28,combined,empathicschool
1,2.7116976e-05,0.7738738,empathicschool_s28,combined,empathicschool
1,2.7116976e-05,0.7738738,empathicschool_s28,combined,empathicschool
1,2.7116976e-05,0.7738738,empathicschool_s28,combined,empathicschool
1,2.7116976e-05,0.7738738,empathicschool_s28,combined,empathicschool
1,2.7116976e-05,0.7738738,empathicschool_s28,combined,empathicschool
1,2.7116976e-05,0.7738738,empathicschool_s28,combined,empathicschool
1,2.7116976e-05,0.7738738,empathicschool_s28,combined,empathicschool
1,2.7116976e-05,0.7738738,empathicschool_s28,combined,empathicschool
1,2.7116925e-05,0.7738738,empathicschool_s28,combined,empathicschool
1,2.7116976e-05,0.7738738,empathicschool_s28,combined,empathicschool
1,3.854812e-06,0.9172454,empathicschool_s28,combined,empathicschool
1,2.7116976e-05,0.7738738,empathicschool_s28,combined,empathicschool
1,2.7116976e-05,0.7738738,empathicschool_s28,combined,empathicschool
1,2.7116976e-05,0.7738738,empathicschool_s28,combined,empathicschool
1,2.7116976e-05,0.7738738,empathicschool_s28,combined,empathicschool
1,2.7116976e-05,0.7738738,empathicschool_s28,combined,empathicschool
1,2.7116976e-05,0.7738738,empathicschool_s28,combined,empathicschool
1,2.7116976e-05,0.7738738,empathicschool_s28,combined,empathicschool
1,2.7116976e-05,0.7738738,empathicschool_s28,combined,empathicschool
1,2.7116976e-05,0.7738738,empathicschool_s28,combined,empathicschool
1,2.7116976e-05,0.7738738,empathicschool_s28,combined,empathicschool
1,3.957079e-06,0.91559166,empathicschool_s28,combined,empathicschool
1,2.7116976e-05,0.7738738,empathicschool_s28,combined,empathicschool
1,2.7116976e-05,0.7738738,empathicschool_s28,combined,empathicschool
1,2.7116976e-05,0.7738738,empathicschool_s28,combined,empathicschool
1,2.7116976e-05,0.7738738,empathicschool_s28,combined,empathicschool
1,2.7116976e-05,0.7738738,empathicschool_s28,combined,empathicschool
1,2.7116976e-05,0.7738738,empathicschool_s28,combined,empathicschool
1,2.7116976e-05,0.7738738,empathicschool_s28,combined,empathicschool
1,2.7116976e-05,0.7738738,empathicschool_s28,combined,empathicschool
1,2.7116976e-05,0.7738738,empathicschool_s28,combined,empathicschool
1,2.7116976e-05,0.7738738,empathicschool_s28,combined,empathicschool
1,3.9799e-06,0.9152619,empathicschool_s28,combined,empathicschool
1,2.7116976e-05,0.7738738,empathicschool_s28,combined,empathicschool
1,2.7116976e-05,0.7738738,empathicschool_s28,combined,empathicschool
1,2.7116976e-05,0.7738738,empathicschool_s28,combined,empathicschool
1,2.7116976e-05,0.7738738,empathicschool_s28,combined,empathicschool
1,2.7116976e-05,0.7738738,empathicschool_s28,combined,empathicschool
1,2.7116976e-05,0.7738738,empathicschool_s28,combined,empathicschool
1,2.7116976e-05,0.7738738,empathicschool_s28,combined,empathicschool
1,2.7116976e-05,0.7738738,empathicschool_s28,combined,empathicschool
1,2.7116976e-05,0.7738738,empathicschool_s28,combined,empathicschool
1,2.7116976e-05,0.7738738,empathicschool_s28,combined,empathicschool
1,3.947298e-06,0.9158092,empathicschool_s28,combined,empathicschool
1,2.7116976e-05,0.7738738,empathicschool_s28,combined,empathicschool
1,2.7116976e-05,0.7738738,empathicschool_s28,combined,empathicschool
1,2.7116976e-05,0.7738738,empathicschool_s28,combined,empathicschool
1,2.7116976e-05,0.7738738,empathicschool_s28,combined,empathicschool
1,2.7116976e-05,0.7738738,empathicschool_s28,combined,empathicschool
1,2.7116976e-05,0.7738738,empathicschool_s28,combined,empathicschool
1,2.7116976e-05,0.7738738,empathicschool_s28,combined,empathicschool
1,2.7116976e-05,0.7738738,empathicschool_s28,combined,empathicschool
1,2.7116976e-05,0.7738738,empathicschool_s28,combined,empathicschool
1,2.7116976e-05,0.7738738,empathicschool_s28,combined,empathicschool
1,3.9332404e-06,0.9160424,empathicschool_s28,combined,empathicschool
1,2.7116976e-05,0.7738738,empathicschool_s28,combined,empathicschool
1,2.7116976e-05,0.7738738,empathicschool_s28,combined,empathicschool
1,2.7116976e-05,0.7738738,empathicschool_s28,combined,empathicschool
1,2.7116976e-05,0.7738738,empathicschool_s28,combined,empathicschool
1,2.7116976e-05,0.7738738,empathicschool_s28,combined,empathicschool
1,2.7116976e-05,0.7738738,empathicschool_s28,combined,empathicschool
1,2.7116976e-05,0.7738738,empathicschool_s28,combined,empathicschool
1,2.7116976e-05,0.7738738,empathicschool_s28,combined,empathicschool
1,2.7116976e-05,0.7738738,empathicschool_s28,combined,empathicschool
1,2.7116976e-05,0.7738738,empathicschool_s28,combined,empathicschool
1,3.8859707e-06,0.91682965,empathicschool_s28,combined,empathicschool
1,2.7116976e-05,0.7738738,empathicschool_s28,combined,empathicschool
1,2.7116976e-05,0.7738738,empathicschool_s28,combined,empathicschool
1,2.7116976e-05,0.7738738,empathicschool_s28,combined,empathicschool
1,2.7116976e-05,0.7738738,empathicschool_s28,combined,empathicschool
1,2.7116976e-05,0.7738738,empathicschool_s28,combined,empathicschool
1,2.7116976e-05,0.7738738,empathicschool_s28,combined,empathicschool
1,2.7116976e-05,0.7738738,empathicschool_s28,combined,empathicschool
1,2.7116976e-05,0.7738738,empathicschool_s28,combined,empathicschool
1,2.7116976e-05,0.7738738,empathicschool_s28,combined,empathicschool
1,2.7116976e-05,0.7738738,empathicschool_s28,combined,empathicschool
1,3.8081218e-06,0.91813123,empathicschool_s28,combined,empathicschool
1,2.7116976e-05,0.7738738,empathicschool_s28,combined,empathicschool
1,2.7116976e-05,0.7738738,empathicschool_s28,combined,empathicschool
1,2.7116976e-05,0.7738738,empathicschool_s28,combined,empathicschool
1,3.7224977e-06,0.91957694,empathicschool_s28,combined,empathicschool
1,4.1103017e-06,0.91328734,empathicschool_s28,combined,empathicschool
1,3.6995857e-06,0.9199824,empathicschool_s28,combined,empathicschool
1,3.7127975e-06,0.91974056,empathicschool_s28,combined,empathicschool
1,3.7520228e-06,0.91904527,empathicschool_s28,combined,empathicschool
1,3.7574152e-06,0.9189323,empathicschool_s28,combined,empathicschool
1,3.7300242e-06,0.919404,empathicschool_s28,combined,empathicschool
1,3.741018e-06,0.9192324,empathicschool_s28,combined,empathicschool
1,3.7819404e-06,0.9185907,empathicschool_s28,combined,empathicschool
1,3.7947261e-06,0.91842085,empathicschool_s28,combined,empathicschool
1,3.7911054e-06,0.9184889,empathicschool_s28,combined,empathicschool
1,3.7897423e-06,0.9184833,empathicschool_s28,combined,empathicschool
1,3.9986785e-06,0.91509396,empathicschool_s28,combined,empathicschool
1,3.8218086e-06,0.9179268,empathicschool_s28,combined,empathicschool
1,3.827798e-06,0.9178607,empathicschool_s28,combined,empathicschool
1,3.7924033e-06,0.9184725,empathicschool_s28,combined,empathicschool
1,3.7830262e-06,0.9186361,empathicschool_s28,combined,empathicschool
1,3.8049743e-06,0.9182819,empathicschool_s28,combined,empathicschool
1,3.811566e-06,0.91817546,empathicschool_s28,combined,empathicschool
1,3.8020326e-06,0.9183317,empathicschool_s28,combined,empathicschool
1,3.8028595e-06,0.9183049,empathicschool_s28,combined,empathicschool
1,3.8203184e-06,0.9180181,empathicschool_s28,combined,empathicschool
1,3.8100761e-06,0.9182033,empathicschool_s28,combined,empathicschool
1,3.920328e-06,0.91637325,empathicschool_s28,combined,empathicschool
1,3.7861842e-06,0.91859645,empathicschool_s28,combined,empathicschool
1,3.7985315e-06,0.91839045,empathicschool_s28,combined,empathicschool
1,3.79121e-06,0.9185206,empathicschool_s28,combined,empathicschool
1,3.7791067e-06,0.9187227,empathicschool_s28,combined,empathicschool
1,3.7994664e-06,0.9183589,empathicschool_s28,combined,empathicschool
1,3.8151884e-06,0.9181016,empathicschool_s28,combined,empathicschool
1,3.7983216e-06,0.9184146,empathicschool_s28,combined,empathicschool
1,3.7579384e-06,0.9191079,empathicschool_s28,combined,empathicschool
1,3.7488967e-06,0.919227,empathicschool_s28,combined,empathicschool
1,3.7644093e-06,0.91896254,empathicschool_s28,combined,empathicschool
1,3.7342384e-06,0.91946346,empathicschool_s28,combined,empathicschool
1,3.9610395e-06,0.91571194,empathicschool_s28,combined,empathicschool
1,3.756322e-06,0.91911435,empathicschool_s28,combined,empathicschool
1,3.756322e-06,0.91911435,empathicschool_s28,combined,empathicschool
1,3.756322e-06,0.91911435,empathicschool_s28,combined,empathicschool
1,3.756322e-06,0.91911435,empathicschool_s28,combined,empathicschool
1,3.756322e-06,0.91911435,empathicschool_s28,combined,empathicschool
1,3.756322e-06,0.91911435,empathicschool_s28,combined,empathicschool
1,3.756322e-06,0.91911435,empathicschool_s28,combined,empathicschool
1,3.756322e-06,0.91911435,empathicschool_s28,combined,empathicschool
1,3.756322e-06,0.91911435,empathicschool_s28,combined,empathicschool
1,3.7501125e-06,0.9191933,empathicschool_s28,combined,empathicschool
1,3.730323e-06,0.9194662,empathicschool_s28,combined,empathicschool
1,3.7471739e-06,0.9192253,empathicschool_s28,combined,empathicschool
1,3.7313264e-06,0.9195101,empathicschool_s28,combined,empathicschool
1,3.7182756e-06,0.9197418,empathicschool_s28,combined,empathicschool
1,3.6906981e-06,0.92022914,empathicschool_s28,combined,empathicschool
1,3.6984004e-06,0.9200916,empathicschool_s28,combined,empathicschool
1,3.742588e-06,0.9193378,empathicschool_s28,combined,empathicschool
1,3.821882e-06,0.91792035,empathicschool_s28,combined,empathicschool
1,4.374366e-06,0.91227156,empathicschool_s28,combined,empathicschool
1,6.2220565e-06,0.8946626,empathicschool_s28,combined,empathicschool
1,8.686337e-06,0.87432307,empathicschool_s28,combined,empathicschool
1,3.6331955e-06,0.92100465,empathicschool_s28,combined,empathicschool
1,8.152433e-06,0.87836444,empathicschool_s28,combined,empathicschool
1,8.396567e-06,0.8764815,empathicschool_s28,combined,empathicschool
1,8.531394e-06,0.875457,empathicschool_s28,combined,empathicschool
1,8.463389e-06,0.8759742,empathicschool_s28,combined,empathicschool
1,8.427436e-06,0.8762526,empathicschool_s28,combined,empathicschool
1,8.391652e-06,0.87652445,empathicschool_s28,combined,empathicschool
1,8.360147e-06,0.87676686,empathicschool_s28,combined,empathicschool
1,8.357843e-06,0.87678444,empathicschool_s28,combined,empathicschool
1,8.356058e-06,0.8767976,empathicschool_s28,combined,empathicschool
1,8.356058e-06,0.8767976,empathicschool_s28,combined,empathicschool
1,3.654093e-06,0.9205544,empathicschool_s28,combined,empathicschool
1,8.411105e-06,0.8763764,empathicschool_s28,combined,empathicschool
1,8.389371e-06,0.8765425,empathicschool_s28,combined,empathicschool
1,8.356058e-06,0.8767976,empathicschool_s28,combined,empathicschool
1,8.356058e-06,0.8767976,empathicschool_s28,combined,empathicschool
1,8.356066e-06,0.8767976,empathicschool_s28,combined,empathicschool
1,8.356066e-06,0.8767976,empathicschool_s28,combined,empathicschool
1,8.356066e-06,0.8767976,empathicschool_s28,combined,empathicschool
1,8.356066e-06,0.8767976,empathicschool_s28,combined,empathicschool
1,8.356058e-06,0.8767976,empathicschool_s28,combined,empathicschool
1,8.356066e-06,0.8767976,empathicschool_s28,combined,empathicschool
1,3.9303604e-06,0.9158107,empathicschool_s28,combined,empathicschool
1,8.356058e-06,0.8767976,empathicschool_s28,combined,empathicschool
1,8.356058e-06,0.8767976,empathicschool_s28,combined,empathicschool
1,8.356066e-06,0.8767976,empathicschool_s28,combined,empathicschool
1,8.356058e-06,0.8767976,empathicschool_s28,combined,empathicschool
1,8.356066e-06,0.8767976,empathicschool_s28,combined,empathicschool
1,8.356058e-06,0.8767976,empathicschool_s28,combined,empathicschool
1,8.356066e-06,0.8767976,empathicschool_s28,combined,empathicschool
1,8.356066e-06,0.8767976,empathicschool_s28,combined,empathicschool
1,8.356058e-06,0.8767976,empathicschool_s28,combined,empathicschool
1,8.510707e-06,0.8756022,empathicschool_s28,combined,empathicschool
1,4.216789e-06,0.911254,empathicschool_s28,combined,empathicschool
1,8.53955e-06,0.875404,empathicschool_s28,combined,empathicschool
1,8.2311335e-06,0.8777696,empathicschool_s28,combined,empathicschool
1,8.040736e-06,0.87925315,empathicschool_s28,combined,empathicschool
1,8.031808e-06,0.8793238,empathicschool_s28,combined,empathicschool
1,8.031808e-06,0.8793238,empathicschool_s28,combined,empathicschool
1,8.195494e-06,0.87803525,empathicschool_s28,combined,empathicschool
1,8.216107e-06,0.87788737,empathicschool_s28,combined,empathicschool
1,8.145128e-06,0.87843204,empathicschool_s28,combined,empathicschool
1,8.252245e-06,0.8775989,empathicschool_s28,combined,empathicschool
1,8.143241e-06,0.8784501,empathicschool_s28,combined,empathicschool
1,3.8919493e-06,0.9165562,empathicschool_s28,combined,empathicschool
1,8.040568e-06,0.8792548,empathicschool_s28,combined,empathicschool
1,8.035539e-06,0.8792941,empathicschool_s28,combined,empathicschool
1,8.070998e-06,0.879016,empathicschool_s28,combined,empathicschool
1,8.182405e-06,0.87812686,empathicschool_s28,combined,empathicschool
1,8.129027e-06,0.8785661,empathicschool_s28,combined,empathicschool
1,8.028975e-06,0.8793454,empathicschool_s28,combined,empathicschool
1,8.027797e-06,0.87935066,empathicschool_s28,combined,empathicschool
1,8.048753e-06,0.8791942,empathicschool_s28,combined,empathicschool
1,8.266391e-06,0.87747884,empathicschool_s28,combined,empathicschool
1,8.232735e-06,0.87774086,empathicschool_s28,combined,empathicschool
1,3.7776797e-06,0.9186046,empathicschool_s28,combined,empathicschool
1,8.3764435e-06,0.87663686,empathicschool_s28,combined,empathicschool
1,8.506389e-06,0.87564564,empathicschool_s28,combined,empathicschool
1,8.519639e-06,0.8755458,empathicschool_s28,combined,empathicschool
1,8.270555e-06,0.87744844,empathicschool_s28,combined,empathicschool
1,8.273505e-06,0.8774297,empathicschool_s28,combined,empathicschool
1,8.401749e-06,0.8764422,empathicschool_s28,combined,empathicschool
1,8.172126e-06,0.8782213,empathicschool_s28,combined,empathicschool
1,8.350839e-06,0.87683094,empathicschool_s28,combined,empathicschool
1,8.283517e-06,0.8773704,empathicschool_s28,combined,empathicschool
1,8.324069e-06,0.87703454,empathicschool_s28,combined,empathicschool
1,3.6808913e-06,0.9202574,empathicschool_s28,combined,empathicschool
1,8.475036e-06,0.87588423,empathicschool_s28,combined,empathicschool
1,8.506073e-06,0.8756515,empathicschool_s28,combined,empathicschool
1,8.506259e-06,0.8756468,empathicschool_s28,combined,empathicschool
1,8.519973e-06,0.87554365,empathicschool_s28,combined,empathicschool
1,8.511892e-06,0.8756076,empathicschool_s28,combined,empathicschool
1,8.465666e-06,0.87595826,empathicschool_s28,combined,empathicschool
1,8.484078e-06,0.8758153,empathicschool_s28,combined,empathicschool
1,8.495801e-06,0.875733,empathicschool_s28,combined,empathicschool
1,8.452936e-06,0.87605,empathicschool_s28,combined,empathicschool
1,8.259307e-06,0.8775535,empathicschool_s28,combined,empathicschool
1,3.662134e-06,0.92058104,empathicschool_s28,combined,empathicschool
1,8.194283e-06,0.87804717,empathicschool_s28,combined,empathicschool
1,8.190446e-06,0.8780662,empathicschool_s28,combined,empathicschool
1,8.33872e-06,0.8769275,empathicschool_s28,combined,empathicschool
1,8.417107e-06,0.87632906,empathicschool_s28,combined,empathicschool
1,8.457806e-06,0.8760149,empathicschool_s28,combined,empathicschool
1,8.464616e-06,0.8759713,empathicschool_s28,combined,empathicschool
1,8.2467295e-06,0.87764984,empathicschool_s28,combined,empathicschool
1,8.331543e-06,0.8769777,empathicschool_s28,combined,empathicschool
1,8.270712e-06,0.8774564,empathicschool_s28,combined,empathicschool
1,8.090449e-06,0.87886703,empathicschool_s28,combined,empathicschool
1,3.7665961e-06,0.91891026,empathicschool_s28,combined,empathicschool
1,3.6626125e-06,0.9206133,empathicschool_s28,combined,empathicschool
1,8.031279e-06,0.8793255,empathicschool_s28,combined,empathicschool
1,8.136728e-06,0.8784909,empathicschool_s28,combined,empathicschool
1,8.181266e-06,0.8781587,empathicschool_s28,combined,empathicschool
1,8.085158e-06,0.87890154,empathicschool_s28,combined,empathicschool
1,8.1798535e-06,0.8781492,empathicschool_s28,combined,empathicschool
1,8.229971e-06,0.8777562,empathicschool_s28,combined,empathicschool
1,8.235091e-06,0.8777403,empathicschool_s28,combined,empathicschool
1,8.0526925e-06,0.87916183,empathicschool_s28,combined,empathicschool
1,8.205551e-06,0.8779496,empathicschool_s28,combined,empathicschool
1,8.244387e-06,0.8776675,empathicschool_s28,combined,empathicschool
1,3.680168e-06,0.9202815,empathicschool_s28,combined,empathicschool
1,8.089052e-06,0.8788751,empathicschool_s28,combined,empathicschool
1,8.031808e-06,0.8793238,empathicschool_s28,combined,empathicschool
1,8.015044e-06,0.8794587,empathicschool_s28,combined,empathicschool
1,8.045263e-06,0.87921065,empathicschool_s28,combined,empathicschool
1,8.056164e-06,0.8791329,empathicschool_s28,combined,empathicschool
1,2.2836837e-05,0.7967017,empathicschool_s28,combined,empathicschool
1,2.7039376e-05,0.7764838,empathicschool_s28,combined,empathicschool
1,2.7117027e-05,0.77387136,empathicschool_s28,combined,empathicschool
1,2.7117027e-05,0.77387136,empathicschool_s28,combined,empathicschool
1,2.7116976e-05,0.7738715,empathicschool_s28,combined,empathicschool
1,3.7064472e-06,0.9198034,empathicschool_s28,combined,empathicschool
1,2.7117027e-05,0.77387136,empathicschool_s28,combined,empathicschool
1,2.7117027e-05,0.77387136,empathicschool_s28,combined,empathicschool
1,2.7117027e-05,0.77387136,empathicschool_s28,combined,empathicschool
1,2.7117027e-05,0.77387136,empathicschool_s28,combined,empathicschool
1,2.7117027e-05,0.77387136,empathicschool_s28,combined,empathicschool
1,2.7117027e-05,0.77387136,empathicschool_s28,combined,empathicschool
1,2.7117027e-05,0.77387136,empathicschool_s28,combined,empathicschool
1,2.7117027e-05,0.77387136,empathicschool_s28,combined,empathicschool
1,2.7117027e-05,0.77387136,empathicschool_s28,combined,empathicschool
1,2.7117027e-05,0.77387136,empathicschool_s28,combined,empathicschool
1,3.6577221e-06,0.92065835,empathicschool_s28,combined,empathicschool
1,2.7117027e-05,0.77387136,empathicschool_s28,combined,empathicschool
1,2.7117027e-05,0.77387136,empathicschool_s28,combined,empathicschool
1,2.7117027e-05,0.77387136,empathicschool_s28,combined,empathicschool
1,2.7117027e-05,0.77387136,empathicschool_s28,combined,empathicschool
1,2.7117027e-05,0.77387136,empathicschool_s28,combined,empathicschool
1,2.7117027e-05,0.77387136,empathicschool_s28,combined,empathicschool
1,2.7117027e-05,0.77387136,empathicschool_s28,combined,empathicschool
1,2.7117027e-05,0.77387136,empathicschool_s28,combined,empathicschool
1,2.7117027e-05,0.77387136,empathicschool_s28,combined,empathicschool
1,2.7117027e-05,0.77387136,empathicschool_s28,combined,empathicschool
1,3.640819e-06,0.920877,empathicschool_s28,combined,empathicschool
1,2.7117027e-05,0.77387136,empathicschool_s28,combined,empathicschool
1,2.7117027e-05,0.77387136,empathicschool_s28,combined,empathicschool
1,2.7117027e-05,0.77387136,empathicschool_s28,combined,empathicschool
1,2.7117027e-05,0.77387136,empathicschool_s28,combined,empathicschool
1,2.7117027e-05,0.77387136,empathicschool_s28,combined,empathicschool
1,2.7117027e-05,0.77387136,empathicschool_s28,combined,empathicschool
1,2.7117027e-05,0.77387136,empathicschool_s28,combined,empathicschool
1,2.7117027e-05,0.77387136,empathicschool_s28,combined,empathicschool
1,2.7117027e-05,0.77387136,empathicschool_s28,combined,empathicschool
1,2.7117027e-05,0.77387136,empathicschool_s28,combined,empathicschool
1,3.685823e-06,0.92000717,empathicschool_s28,combined,empathicschool
1,2.7117027e-05,0.77387136,empathicschool_s28,combined,empathicschool
1,2.7117027e-05,0.77387136,empathicschool_s28,combined,empathicschool
1,2.7117027e-05,0.77387136,empathicschool_s28,combined,empathicschool
1,2.7117027e-05,0.77387136,empathicschool_s28,combined,empathicschool
1,2.7117027e-05,0.77387136,empathicschool_s28,combined,empathicschool
1,2.7117027e-05,0.77387136,empathicschool_s28,combined,empathicschool
1,2.7117027e-05,0.77387136,empathicschool_s28,combined,empathicschool
1,2.7117027e-05,0.77387136,empathicschool_s28,combined,empathicschool
1,2.7117027e-05,0.77387136,empathicschool_s28,combined,empathicschool
1,2.7117027e-05,0.77387136,empathicschool_s28,combined,empathicschool
1,3.6855981e-06,0.92002606,empathicschool_s28,combined,empathicschool
1,2.7117027e-05,0.77387136,empathicschool_s28,combined,empathicschool
1,2.7117027e-05,0.77387136,empathicschool_s28,combined,empathicschool
1,2.7117027e-05,0.77387136,empathicschool_s28,combined,empathicschool
1,2.7117027e-05,0.77387136,empathicschool_s28,combined,empathicschool
1,2.7117027e-05,0.77387136,empathicschool_s28,combined,empathicschool
1,2.7117027e-05,0.77387136,empathicschool_s28,combined,empathicschool
1,2.7117027e-05,0.77387136,empathicschool_s28,combined,empathicschool
1,2.7117027e-05,0.77387136,empathicschool_s28,combined,empathicschool
1,2.7117027e-05,0.77387136,empathicschool_s28,combined,empathicschool
1,2.7117027e-05,0.77387136,empathicschool_s28,combined,empathicschool
1,3.842531e-06,0.9173141,empathicschool_s28,combined,empathicschool
1,2.7117027e-05,0.77387136,empathicschool_s28,combined,empathicschool
1,2.7117027e-05,0.77387136,empathicschool_s28,combined,empathicschool
1,2.7117027e-05,0.77387136,empathicschool_s28,combined,empathicschool
1,2.7117027e-05,0.77387136,empathicschool_s28,combined,empathicschool
1,2.7117027e-05,0.77387136,empathicschool_s28,combined,empathicschool
1,2.7117027e-05,0.77387136,empathicschool_s28,combined,empathicschool
1,2.7117027e-05,0.77387136,empathicschool_s28,combined,empathicschool
1,2.7117027e-05,0.77387136,empathicschool_s28,combined,empathicschool
1,2.7117027e-05,0.77387136,empathicschool_s28,combined,empathicschool
1,2.7117027e-05,0.77387136,empathicschool_s28,combined,empathicschool
1,4.0116884e-06,0.91463274,empathicschool_s28,combined,empathicschool
1,2.7117027e-05,0.77387136,empathicschool_s28,combined,empathicschool
1,2.7117027e-05,0.77387136,empathicschool_s28,combined,empathicschool
1,2.7117027e-05,0.77387136,empathicschool_s28,combined,empathicschool
1,2.7117027e-05,0.77387136,empathicschool_s28,combined,empathicschool
1,2.7117027e-05,0.77387136,empathicschool_s28,combined,empathicschool
1,2.7117027e-05,0.77387136,empathicschool_s28,combined,empathicschool
1,2.7117027e-05,0.77387136,empathicschool_s28,combined,empathicschool
1,2.7117027e-05,0.77387136,empathicschool_s28,combined,empathicschool
1,2.7117027e-05,0.77387136,empathicschool_s28,combined,empathicschool
1,2.7117027e-05,0.77387136,empathicschool_s28,combined,empathicschool
1,3.8451553e-06,0.9173776,empathicschool_s28,combined,empathicschool
1,2.7117027e-05,0.77387136,empathicschool_s28,combined,empathicschool
1,2.7117027e-05,0.77387136,empathicschool_s28,combined,empathicschool
1,2.7117027e-05,0.77387136,empathicschool_s28,combined,empathicschool
1,2.7117027e-05,0.77387136,empathicschool_s28,combined,empathicschool
1,2.7117027e-05,0.77387136,empathicschool_s28,combined,empathicschool
1,2.7117027e-05,0.77387136,empathicschool_s28,combined,empathicschool
1,2.7117027e-05,0.77387136,empathicschool_s28,combined,empathicschool
1,2.7117027e-05,0.77387136,empathicschool_s28,combined,empathicschool
1,2.7117027e-05,0.77387136,empathicschool_s28,combined,empathicschool
1,2.7117027e-05,0.77387136,empathicschool_s28,combined,empathicschool
1,3.7447016e-06,0.919246,empathicschool_s28,combined,empathicschool
1,3.7338361e-06,0.9192695,empathicschool_s28,combined,empathicschool
1,2.7117027e-05,0.77387136,empathicschool_s28,combined,empathicschool
1,2.7117027e-05,0.77387136,empathicschool_s28,combined,empathicschool
1,2.7117027e-05,0.77387136,empathicschool_s28,combined,empathicschool
1,2.7117027e-05,0.77387136,empathicschool_s28,combined,empathicschool
1,2.7117027e-05,0.77387136,empathicschool_s28,combined,empathicschool
1,2.7117027e-05,0.77387136,empathicschool_s28,combined,empathicschool
1,2.7117027e-05,0.77387136,empathicschool_s28,combined,empathicschool
1,2.7117027e-05,0.77387136,empathicschool_s28,combined,empathicschool
1,2.7117027e-05,0.77387136,empathicschool_s28,combined,empathicschool
1,2.7117027e-05,0.77387136,empathicschool_s28,combined,empathicschool
1,3.6710123e-06,0.9203936,empathicschool_s28,combined,empathicschool
1,2.7117027e-05,0.77387136,empathicschool_s28,combined,empathicschool
1,2.7117027e-05,0.77387136,empathicschool_s28,combined,empathicschool
1,2.7117027e-05,0.77387136,empathicschool_s28,combined,empathicschool
1,2.7117027e-05,0.77387136,empathicschool_s28,combined,empathicschool
1,2.7117027e-05,0.77387136,empathicschool_s28,combined,empathicschool
1,2.7117027e-05,0.77387136,empathicschool_s28,combined,empathicschool
1,2.7117027e-05,0.77387136,empathicschool_s28,combined,empathicschool
1,2.7117027e-05,0.77387136,empathicschool_s28,combined,empathicschool
1,2.7117027e-05,0.77387136,empathicschool_s28,combined,empathicschool
1,2.7117027e-05,0.77387136,empathicschool_s28,combined,empathicschool
1,3.669829e-06,0.9203969,empathicschool_s28,combined,empathicschool
1,2.7117027e-05,0.77387136,empathicschool_s28,combined,empathicschool
1,2.7117027e-05,0.77387136,empathicschool_s28,combined,empathicschool
1,2.7117027e-05,0.77387136,empathicschool_s28,combined,empathicschool
1,2.7117027e-05,0.77387136,empathicschool_s28,combined,empathicschool
1,2.7117027e-05,0.77387136,empathicschool_s28,combined,empathicschool
1,2.7117027e-05,0.77387136,empathicschool_s28,combined,empathicschool
1,2.7117027e-05,0.77387136,empathicschool_s28,combined,empathicschool
1,2.7117027e-05,0.77387136,empathicschool_s28,combined,empathicschool
1,2.7117027e-05,0.77387136,empathicschool_s28,combined,empathicschool
1,2.7117027e-05,0.77387136,empathicschool_s28,combined,empathicschool
1,3.722292e-06,0.9194131,empathicschool_s28,combined,empathicschool
1,2.7117027e-05,0.77387136,empathicschool_s28,combined,empathicschool
1,2.7117027e-05,0.77387136,empathicschool_s28,combined,empathicschool
1,2.7117027e-05,0.77387136,empathicschool_s28,combined,empathicschool
1,2.7117027e-05,0.77387136,empathicschool_s28,combined,empathicschool
1,2.7117027e-05,0.77387136,empathicschool_s28,combined,empathicschool
1,2.7117027e-05,0.77387136,empathicschool_s28,combined,empathicschool
1,2.7117027e-05,0.77387136,empathicschool_s28,combined,empathicschool
1,2.7117027e-05,0.77387136,empathicschool_s28,combined,empathicschool
1,2.7117027e-05,0.77387136,empathicschool_s28,combined,empathicschool
1,2.7117027e-05,0.77387136,empathicschool_s28,combined,empathicschool
1,3.762105e-06,0.9187549,empathicschool_s28,combined,empathicschool
1,2.7117027e-05,0.77387136,empathicschool_s28,combined,empathicschool
1,2.7117027e-05,0.77387136,empathicschool_s28,combined,empathicschool
1,2.7117027e-05,0.77387136,empathicschool_s28,combined,empathicschool
1,2.7117027e-05,0.77387136,empathicschool_s28,combined,empathicschool
1,2.7117027e-05,0.77387136,empathicschool_s28,combined,empathicschool
1,2.7117027e-05,0.77387136,empathicschool_s28,combined,empathicschool
1,2.7117027e-05,0.77387136,empathicschool_s28,combined,empathicschool
1,2.7117027e-05,0.77387136,empathicschool_s28,combined,empathicschool
1,2.7117027e-05,0.77387136,empathicschool_s28,combined,empathicschool
1,2.7117027e-05,0.77387136,empathicschool_s28,combined,empathicschool
1,3.7352359e-06,0.919266,empathicschool_s28,combined,empathicschool
1,2.7117027e-05,0.77387136,empathicschool_s28,combined,empathicschool
1,2.7117027e-05,0.77387136,empathicschool_s28,combined,empathicschool
1,2.7117027e-05,0.77387136,empathicschool_s28,combined,empathicschool
1,2.7117027e-05,0.77387136,empathicschool_s28,combined,empathicschool
1,2.7117027e-05,0.77387136,empathicschool_s28,combined,empathicschool
1,2.7117027e-05,0.77387136,empathicschool_s28,combined,empathicschool
1,2.7117027e-05,0.77387136,empathicschool_s28,combined,empathicschool
1,2.7117027e-05,0.77387136,empathicschool_s28,combined,empathicschool
1,2.7117027e-05,0.77387136,empathicschool_s28,combined,empathicschool
1,2.7117027e-05,0.77387136,empathicschool_s28,combined,empathicschool
1,3.7189388e-06,0.9195797,empathicschool_s28,combined,empathicschool
1,2.7117027e-05,0.77387136,empathicschool_s28,combined,empathicschool
1,2.7117027e-05,0.77387136,empathicschool_s28,combined,empathicschool
1,2.7117027e-05,0.77387136,empathicschool_s28,combined,empathicschool
1,2.7117027e-05,0.77387136,empathicschool_s28,combined,empathicschool
1,2.7117027e-05,0.77387136,empathicschool_s28,combined,empathicschool
1,2.7117027e-05,0.77387136,empathicschool_s28,combined,empathicschool
1,2.7117027e-05,0.77387136,empathicschool_s28,combined,empathicschool
1,2.7117027e-05,0.77387136,empathicschool_s28,combined,empathicschool
1,2.7117027e-05,0.77387136,empathicschool_s28,combined,empathicschool
1,2.7117027e-05,0.77387136,empathicschool_s28,combined,empathicschool
1,3.7133605e-06,0.9204925,empathicschool_s28,combined,empathicschool
1,2.7117027e-05,0.77387136,empathicschool_s28,combined,empathicschool
1,2.7117027e-05,0.77387136,empathicschool_s28,combined,empathicschool
1,2.7117027e-05,0.77387136,empathicschool_s28,combined,empathicschool
1,2.7117027e-05,0.77387136,empathicschool_s28,combined,empathicschool
1,2.7117027e-05,0.77387136,empathicschool_s28,combined,empathicschool
1,2.7117027e-05,0.77387136,empathicschool_s28,combined,empathicschool
1,2.7117027e-05,0.77387136,empathicschool_s28,combined,empathicschool
1,2.7117027e-05,0.77387136,empathicschool_s28,combined,empathicschool
1,2.7117027e-05,0.77387136,empathicschool_s28,combined,empathicschool
1,2.7117027e-05,0.77387136,empathicschool_s28,combined,empathicschool
1,3.673632e-06,0.9219574,empathicschool_s28,combined,empathicschool
1,2.7117027e-05,0.77387136,empathicschool_s28,combined,empathicschool
1,2.7117027e-05,0.77387136,empathicschool_s28,combined,empathicschool
1,2.7117027e-05,0.77387136,empathicschool_s28,combined,empathicschool
1,2.7117027e-05,0.77387136,empathicschool_s28,combined,empathicschool
1,2.7117027e-05,0.77387136,empathicschool_s28,combined,empathicschool
1,2.7117027e-05,0.77387136,empathicschool_s28,combined,empathicschool
1,2.7117027e-05,0.77387136,empathicschool_s28,combined,empathicschool
1,2.7117027e-05,0.77387136,empathicschool_s28,combined,empathicschool
1,2.7117027e-05,0.77387136,empathicschool_s28,combined,empathicschool
1,2.7117027e-05,0.77387136,empathicschool_s28,combined,empathicschool
1,3.7700893e-06,0.9209887,empathicschool_s28,combined,empathicschool
1,2.7117027e-05,0.77387136,empathicschool_s28,combined,empathicschool
1,2.7117027e-05,0.77387136,empathicschool_s28,combined,empathicschool
1,2.7117027e-05,0.77387136,empathicschool_s28,combined,empathicschool
1,2.7117027e-05,0.77387136,empathicschool_s28,combined,empathicschool
1,2.7117027e-05,0.77387136,empathicschool_s28,combined,empathicschool
1,2.7117027e-05,0.77387136,empathicschool_s28,combined,empathicschool
1,2.7117027e-05,0.77387136,empathicschool_s28,combined,empathicschool
1,2.7117027e-05,0.77387136,empathicschool_s28,combined,empathicschool
1,2.7117027e-05,0.77387136,empathicschool_s28,combined,empathicschool
1,2.7117027e-05,0.77387136,empathicschool_s28,combined,empathicschool
1,3.8726566e-06,0.9170733,empathicschool_s28,combined,empathicschool
1,3.4970371e-06,0.92457795,empathicschool_s28,combined,empathicschool
1,2.7117027e-05,0.77387136,empathicschool_s28,combined,empathicschool
1,2.7117027e-05,0.77387136,empathicschool_s28,combined,empathicschool
1,2.7117027e-05,0.77387136,empathicschool_s28,combined,empathicschool
1,2.7117027e-05,0.77387136,empathicschool_s28,combined,empathicschool
1,2.7117027e-05,0.77387136,empathicschool_s28,combined,empathicschool
1,2.7117027e-05,0.77387136,empathicschool_s28,combined,empathicschool
1,2.7117027e-05,0.77387136,empathicschool_s28,combined,empathicschool
1,2.7117027e-05,0.77387136,empathicschool_s28,combined,empathicschool
1,2.7117027e-05,0.77387136,empathicschool_s28,combined,empathicschool
1,2.7117027e-05,0.77387136,empathicschool_s28,combined,empathicschool
1,3.5251837e-06,0.9233926,empathicschool_s28,combined,empathicschool
1,2.7117027e-05,0.77387136,empathicschool_s28,combined,empathicschool
1,2.7117027e-05,0.77387136,empathicschool_s28,combined,empathicschool
1,2.7117027e-05,0.77387136,empathicschool_s28,combined,empathicschool
1,2.7117027e-05,0.77387136,empathicschool_s28,combined,empathicschool
1,2.7117027e-05,0.77387136,empathicschool_s28,combined,empathicschool
1,2.7117027e-05,0.77387136,empathicschool_s28,combined,empathicschool
1,2.7117027e-05,0.77387136,empathicschool_s28,combined,empathicschool
1,2.7117027e-05,0.77387136,empathicschool_s28,combined,empathicschool
1,2.7117027e-05,0.77387136,empathicschool_s28,combined,empathicschool
1,2.7117027e-05,0.77387136,empathicschool_s28,combined,empathicschool
1,3.6211231e-06,0.9214718,empathicschool_s28,combined,empathicschool
1,2.7117027e-05,0.77387136,empathicschool_s28,combined,empathicschool
1,2.7117027e-05,0.77387136,empathicschool_s28,combined,empathicschool
1,2.7117027e-05,0.77387136,empathicschool_s28,combined,empathicschool
1,2.7117027e-05,0.77387136,empathicschool_s28,combined,empathicschool
1,2.7117027e-05,0.77387136,empathicschool_s28,combined,empathicschool
1,2.7117027e-05,0.77387136,empathicschool_s28,combined,empathicschool
1,2.7117027e-05,0.77387136,empathicschool_s28,combined,empathicschool
1,2.7117027e-05,0.77387136,empathicschool_s28,combined,empathicschool
1,2.7117027e-05,0.77387136,empathicschool_s28,combined,empathicschool
1,2.7117027e-05,0.77387136,empathicschool_s28,combined,empathicschool
1,3.5551777e-06,0.92257357,empathicschool_s28,combined,empathicschool
1,2.7117027e-05,0.77387136,empathicschool_s28,combined,empathicschool
1,2.7117027e-05,0.77387136,empathicschool_s28,combined,empathicschool
1,2.7117027e-05,0.77387136,empathicschool_s28,combined,empathicschool
1,2.7117027e-05,0.77387136,empathicschool_s28,combined,empathicschool
1,2.7117027e-05,0.77387136,empathicschool_s28,combined,empathicschool
1,2.7117027e-05,0.77387136,empathicschool_s28,combined,empathicschool
1,2.7117027e-05,0.77387136,empathicschool_s28,combined,empathicschool
1,2.7117027e-05,0.77387136,empathicschool_s28,combined,empathicschool
1,2.7117027e-05,0.77387136,empathicschool_s28,combined,empathicschool
1,2.7117027e-05,0.77387136,empathicschool_s28,combined,empathicschool
1,3.5799567e-06,0.9220901,empathicschool_s28,combined,empathicschool
1,2.7117027e-05,0.77387136,empathicschool_s28,combined,empathicschool
1,2.7117027e-05,0.77387136,empathicschool_s28,combined,empathicschool
1,2.7117027e-05,0.77387136,empathicschool_s28,combined,empathicschool
1,2.7117027e-05,0.77387136,empathicschool_s28,combined,empathicschool
1,2.7117027e-05,0.77387136,empathicschool_s28,combined,empathicschool
1,2.7117027e-05,0.77387136,empathicschool_s28,combined,empathicschool
1,2.7117027e-05,0.77387136,empathicschool_s28,combined,empathicschool
1,2.7117027e-05,0.77387136,empathicschool_s28,combined,empathicschool
1,2.7117027e-05,0.77387136,empathicschool_s28,combined,empathicschool
1,2.7117027e-05,0.77387136,empathicschool_s28,combined,empathicschool
1,3.558278e-06,0.92255396,empathicschool_s28,combined,empathicschool
1,2.7117027e-05,0.77387136,empathicschool_s28,combined,empathicschool
1,2.7117027e-05,0.77387136,empathicschool_s28,combined,empathicschool
1,2.7117027e-05,0.77387136,empathicschool_s28,combined,empathicschool
1,2.7117027e-05,0.77387136,empathicschool_s28,combined,empathicschool
1,2.7117027e-05,0.77387136,empathicschool_s28,combined,empathicschool
1,2.7117027e-05,0.77387136,empathicschool_s28,combined,empathicschool
1,2.7117027e-05,0.77387136,empathicschool_s28,combined,empathicschool
1,2.7117027e-05,0.77387136,empathicschool_s28,combined,empathicschool
1,2.7117027e-05,0.77387136,empathicschool_s28,combined,empathicschool
1,2.7117027e-05,0.77387136,empathicschool_s28,combined,empathicschool
1,3.5562457e-06,0.9226449,empathicschool_s28,combined,empathicschool
1,2.7117027e-05,0.77387136,empathicschool_s28,combined,empathicschool
1,2.7117027e-05,0.77387136,empathicschool_s28,combined,empathicschool
1,2.7117027e-05,0.77387136,empathicschool_s28,combined,empathicschool
1,2.7117027e-05,0.77387136,empathicschool_s28,combined,empathicschool
1,2.7117027e-05,0.77387136,empathicschool_s28,combined,empathicschool
1,2.7117027e-05,0.77387136,empathicschool_s28,combined,empathicschool
1,2.7117027e-05,0.77387136,empathicschool_s28,combined,empathicschool
1,2.7117027e-05,0.77387136,empathicschool_s28,combined,empathicschool
1,2.7117027e-05,0.77387136,empathicschool_s28,combined,empathicschool
1,2.7117027e-05,0.77387136,empathicschool_s28,combined,empathicschool
1,3.5630487e-06,0.92254436,empathicschool_s28,combined,empathicschool
1,2.7117027e-05,0.77387136,empathicschool_s28,combined,empathicschool
1,2.7117027e-05,0.77387136,empathicschool_s28,combined,empathicschool
1,2.7117027e-05,0.77387136,empathicschool_s28,combined,empathicschool
1,2.7117027e-05,0.77387136,empathicschool_s28,combined,empathicschool
1,2.7117027e-05,0.77387136,empathicschool_s28,combined,empathicschool
1,2.7117027e-05,0.77387136,empathicschool_s28,combined,empathicschool
1,2.7117027e-05,0.77387136,empathicschool_s28,combined,empathicschool
1,2.7117027e-05,0.77387136,empathicschool_s28,combined,empathicschool
1,2.7117027e-05,0.77387136,empathicschool_s28,combined,empathicschool
1,2.7117027e-05,0.77387136,empathicschool_s28,combined,empathicschool
1,3.555208e-06,0.9227098,empathicschool_s28,combined,empathicschool
1,2.7117027e-05,0.77387136,empathicschool_s28,combined,empathicschool
1,2.7117027e-05,0.77387136,empathicschool_s28,combined,empathicschool
1,2.7117027e-05,0.77387136,empathicschool_s28,combined,empathicschool
1,2.7117027e-05,0.77387136,empathicschool_s28,combined,empathicschool
1,2.7117027e-05,0.77387136,empathicschool_s28,combined,empathicschool
1,2.7117027e-05,0.77387136,empathicschool_s28,combined,empathicschool
1,2.7117027e-05,0.77387136,empathicschool_s28,combined,empathicschool
1,2.7117027e-05,0.77387136,empathicschool_s28,combined,empathicschool
1,2.7117027e-05,0.77387136,empathicschool_s28,combined,empathicschool
1,2.7117027e-05,0.77387136,empathicschool_s28,combined,empathicschool
1,3.553188e-06,0.9227486,empathicschool_s28,combined,empathicschool
1,2.7117027e-05,0.77387136,empathicschool_s28,combined,empathicschool
1,2.7117027e-05,0.77387136,empathicschool_s28,combined,empathicschool
1,2.7117027e-05,0.77387136,empathicschool_s28,combined,empathicschool
1,2.7117027e-05,0.77387136,empathicschool_s28,combined,empathicschool
1,2.7117027e-05,0.77387136,empathicschool_s28,combined,empathicschool
1,2.7117027e-05,0.77387136,empathicschool_s28,combined,empathicschool
1,2.7117027e-05,0.77387136,empathicschool_s28,combined,empathicschool
1,2.7117027e-05,0.77387136,empathicschool_s28,combined,empathicschool
1,2.7117027e-05,0.77387136,empathicschool_s28,combined,empathicschool
1,2.7117027e-05,0.77387136,empathicschool_s28,combined,empathicschool
1,4.1756107e-06,0.912177,empathicschool_s28,combined,empathicschool
1,3.5622675e-06,0.92249465,empathicschool_s28,combined,empathicschool
1,2.7117027e-05,0.77387136,empathicschool_s28,combined,empathicschool
1,2.7117027e-05,0.77387136,empathicschool_s28,combined,empathicschool
1,2.7117027e-05,0.77387136,empathicschool_s28,combined,empathicschool
1,2.7117027e-05,0.77387136,empathicschool_s28,combined,empathicschool
1,2.7117027e-05,0.77387136,empathicschool_s28,combined,empathicschool
1,2.7117027e-05,0.77387136,empathicschool_s28,combined,empathicschool
1,2.7117027e-05,0.77387136,empathicschool_s28,combined,empathicschool
1,2.7117027e-05,0.77387136,empathicschool_s28,combined,empathicschool
1,2.7117027e-05,0.77387136,empathicschool_s28,combined,empathicschool
1,2.7117027e-05,0.77387136,empathicschool_s28,combined,empathicschool
1,3.653431e-06,0.9208817,empathicschool_s28,combined,empathicschool
1,2.7117027e-05,0.77387136,empathicschool_s28,combined,empathicschool
1,2.7117027e-05,0.77387136,empathicschool_s28,combined,empathicschool
1,2.7117027e-05,0.77387136,empathicschool_s28,combined,empathicschool
1,2.7117027e-05,0.77387136,empathicschool_s28,combined,empathicschool
1,2.7117027e-05,0.77387136,empathicschool_s28,combined,empathicschool
1,2.7117027e-05,0.77387136,empathicschool_s28,combined,empathicschool
1,2.7117027e-05,0.77387136,empathicschool_s28,combined,empathicschool
1,2.7117027e-05,0.77387136,empathicschool_s28,combined,empathicschool
1,2.7117027e-05,0.77387136,empathicschool_s28,combined,empathicschool
1,2.7117027e-05,0.77387136,empathicschool_s28,combined,empathicschool
1,3.6661352e-06,0.9207749,empathicschool_s28,combined,empathicschool
1,2.7117027e-05,0.77387136,empathicschool_s28,combined,empathicschool
1,2.7117027e-05,0.77387136,empathicschool_s28,combined,empathicschool
1,2.7117027e-05,0.77387136,empathicschool_s28,combined,empathicschool
1,2.7117027e-05,0.77387136,empathicschool_s28,combined,empathicschool
1,2.7117027e-05,0.77387136,empathicschool_s28,combined,empathicschool
1,2.7117027e-05,0.77387136,empathicschool_s28,combined,empathicschool
1,2.7117027e-05,0.77387136,empathicschool_s28,combined,empathicschool
1,2.7117027e-05,0.77387136,empathicschool_s28,combined,empathicschool
1,2.7117027e-05,0.77387136,empathicschool_s28,combined,empathicschool
1,2.7117027e-05,0.77387136,empathicschool_s28,combined,empathicschool
1,3.6264971e-06,0.9214973,empathicschool_s28,combined,empathicschool
1,2.7117027e-05,0.77387136,empathicschool_s28,combined,empathicschool
1,2.7117027e-05,0.77387136,empathicschool_s28,combined,empathicschool
1,2.7117027e-05,0.77387136,empathicschool_s28,combined,empathicschool
1,2.7117027e-05,0.77387136,empathicschool_s28,combined,empathicschool
1,2.7117027e-05,0.77387136,empathicschool_s28,combined,empathicschool
1,2.7117027e-05,0.77387136,empathicschool_s28,combined,empathicschool
1,2.7117027e-05,0.77387136,empathicschool_s28,combined,empathicschool
1,2.7117027e-05,0.77387136,empathicschool_s28,combined,empathicschool
1,2.7117027e-05,0.77387136,empathicschool_s28,combined,empathicschool
1,2.7117027e-05,0.77387136,empathicschool_s28,combined,empathicschool
1,3.652929e-06,0.92099434,empathicschool_s28,combined,empathicschool
1,2.7117027e-05,0.77387136,empathicschool_s28,combined,empathicschool
1,2.7117027e-05,0.77387136,empathicschool_s28,combined,empathicschool
1,2.7117027e-05,0.77387136,empathicschool_s28,combined,empathicschool
1,2.7117027e-05,0.77387136,empathicschool_s28,combined,empathicschool
1,2.7117027e-05,0.77387136,empathicschool_s28,combined,empathicschool
1,2.7117027e-05,0.77387136,empathicschool_s28,combined,empathicschool
1,2.7117027e-05,0.7738719,empathicschool_s28,combined,empathicschool
1,2.7117027e-05,0.77387136,empathicschool_s28,combined,empathicschool
1,2.7117027e-05,0.77387136,empathicschool_s28,combined,empathicschool
1,2.7117027e-05,0.77387136,empathicschool_s28,combined,empathicschool
1,3.6716706e-06,0.92065984,empathicschool_s28,combined,empathicschool
1,2.7117027e-05,0.77387136,empathicschool_s28,combined,empathicschool
1,2.7117027e-05,0.77387136,empathicschool_s28,combined,empathicschool
1,2.7117027e-05,0.77387136,empathicschool_s28,combined,empathicschool
1,2.7117027e-05,0.77387136,empathicschool_s28,combined,empathicschool
1,2.7117027e-05,0.77387136,empathicschool_s28,combined,empathicschool
1,2.7117027e-05,0.77387136,empathicschool_s28,combined,empathicschool
1,2.7117027e-05,0.77387136,empathicschool_s28,combined,empathicschool
1,2.7117027e-05,0.77387136,empathicschool_s28,combined,empathicschool
1,2.7117027e-05,0.77387136,empathicschool_s28,combined,empathicschool
1,2.7117027e-05,0.77387136,empathicschool_s28,combined,empathicschool
1,3.6813158e-06,0.92051387,empathicschool_s28,combined,empathicschool
1,2.7117027e-05,0.77387136,empathicschool_s28,combined,empathicschool
1,2.7117027e-05,0.77387136,empathicschool_s28,combined,empathicschool
1,2.7117027e-05,0.77387136,empathicschool_s28,combined,empathicschool
1,2.7117027e-05,0.77387136,empathicschool_s28,combined,empathicschool
1,2.7117027e-05,0.77387136,empathicschool_s28,combined,empathicschool
1,2.7117027e-05,0.77387136,empathicschool_s28,combined,empathicschool
1,2.7117027e-05,0.77387136,empathicschool_s28,combined,empathicschool
1,2.7117027e-05,0.77387136,empathicschool_s28,combined,empathicschool
1,2.7117027e-05,0.77387136,empathicschool_s28,combined,empathicschool
1,2.7117027e-05,0.77387136,empathicschool_s28,combined,empathicschool
1,3.642142e-06,0.9213403,empathicschool_s28,combined,empathicschool
1,2.7117027e-05,0.77387136,empathicschool_s28,combined,empathicschool
1,2.7117027e-05,0.77387136,empathicschool_s28,combined,empathicschool
1,2.7117027e-05,0.77387136,empathicschool_s28,combined,empathicschool
1,2.7117027e-05,0.77387136,empathicschool_s28,combined,empathicschool
1,2.7117027e-05,0.77387136,empathicschool_s28,combined,empathicschool
1,2.7117027e-05,0.77387136,empathicschool_s28,combined,empathicschool
1,2.7117027e-05,0.77387136,empathicschool_s28,combined,empathicschool
1,2.7117027e-05,0.77387136,empathicschool_s28,combined,empathicschool
1,2.7117027e-05,0.77387136,empathicschool_s28,combined,empathicschool
1,2.7117027e-05,0.77387136,empathicschool_s28,combined,empathicschool
1,3.6089564e-06,0.9218981,empathicschool_s28,combined,empathicschool
1,2.7117027e-05,0.77387136,empathicschool_s28,combined,empathicschool
1,2.7117027e-05,0.77387136,empathicschool_s28,combined,empathicschool
1,2.7117027e-05,0.77387136,empathicschool_s28,combined,empathicschool
1,2.7117027e-05,0.77387136,empathicschool_s28,combined,empathicschool
1,2.7117027e-05,0.77387136,empathicschool_s28,combined,empathicschool
1,2.7117027e-05,0.77387136,empathicschool_s28,combined,empathicschool
1,2.7117027e-05,0.77387136,empathicschool_s28,combined,empathicschool
1,2.7117027e-05,0.77387136,empathicschool_s28,combined,empathicschool
1,2.7117027e-05,0.77387136,empathicschool_s28,combined,empathicschool
1,2.7117027e-05,0.77387136,empathicschool_s28,combined,empathicschool
1,3.6461838e-06,0.9210979,empathicschool_s28,combined,empathicschool
1,2.7117027e-05,0.77387136,empathicschool_s28,combined,empathicschool
1,2.7117027e-05,0.7738719,empathicschool_s28,combined,empathicschool
1,2.7117027e-05,0.77387136,empathicschool_s28,combined,empathicschool
1,2.7117027e-05,0.77387136,empathicschool_s28,combined,empathicschool
1,2.7117027e-05,0.7738719,empathicschool_s28,combined,empathicschool
1,2.7117027e-05,0.77387136,empathicschool_s28,combined,empathicschool
1,2.7117027e-05,0.77387136,empathicschool_s28,combined,empathicschool
1,2.7117027e-05,0.7738719,empathicschool_s28,combined,empathicschool
1,2.7117027e-05,0.77387136,empathicschool_s28,combined,empathicschool
1,2.7117027e-05,0.7738719,empathicschool_s28,combined,empathicschool
1,4.515315e-06,0.9069728,empathicschool_s28,combined,empathicschool
1,3.6460206e-06,0.9211251,empathicschool_s28,combined,empathicschool
1,2.7117027e-05,0.7738719,empathicschool_s28,combined,empathicschool
1,2.7117027e-05,0.77387136,empathicschool_s28,combined,empathicschool
1,2.7117027e-05,0.77387136,empathicschool_s28,combined,empathicschool
1,2.7117027e-05,0.7738719,empathicschool_s28,combined,empathicschool
1,2.7117027e-05,0.77387136,empathicschool_s28,combined,empathicschool
1,2.7117027e-05,0.77387136,empathicschool_s28,combined,empathicschool
1,2.7117027e-05,0.77387136,empathicschool_s28,combined,empathicschool
1,2.7117027e-05,0.77387136,empathicschool_s28,combined,empathicschool
1,2.7117027e-05,0.7738719,empathicschool_s28,combined,empathicschool
1,2.7117027e-05,0.77387136,empathicschool_s28,combined,empathicschool
1,3.6470915e-06,0.9211248,empathicschool_s28,combined,empathicschool
1,2.7117027e-05,0.77387136,empathicschool_s28,combined,empathicschool
1,2.7117027e-05,0.7738719,empathicschool_s28,combined,empathicschool
1,2.7117027e-05,0.77387136,empathicschool_s28,combined,empathicschool
1,2.7117027e-05,0.7738719,empathicschool_s28,combined,empathicschool
1,2.7117027e-05,0.7738719,empathicschool_s28,combined,empathicschool
1,2.7117027e-05,0.7738719,empathicschool_s28,combined,empathicschool
1,2.7117027e-05,0.7738719,empathicschool_s28,combined,empathicschool
1,2.7117027e-05,0.7738719,empathicschool_s28,combined,empathicschool
1,2.7117027e-05,0.7738719,empathicschool_s28,combined,empathicschool
1,2.7117027e-05,0.7738719,empathicschool_s28,combined,empathicschool
1,3.6598824e-06,0.9209172,empathicschool_s28,combined,empathicschool
1,2.7117027e-05,0.7738719,empathicschool_s28,combined,empathicschool
1,2.7117027e-05,0.7738719,empathicschool_s28,combined,empathicschool
1,2.7117027e-05,0.7738719,empathicschool_s28,combined,empathicschool
1,2.7117027e-05,0.7738719,empathicschool_s28,combined,empathicschool
1,2.7117027e-05,0.7738719,empathicschool_s28,combined,empathicschool
1,2.7117027e-05,0.7738719,empathicschool_s28,combined,empathicschool
1,2.7117027e-05,0.7738719,empathicschool_s28,combined,empathicschool
1,2.7117027e-05,0.7738719,empathicschool_s28,combined,empathicschool
1,2.7117027e-05,0.7738719,empathicschool_s28,combined,empathicschool
1,2.7117027e-05,0.7738719,empathicschool_s28,combined,empathicschool
1,3.6636116e-06,0.9208612,empathicschool_s28,combined,empathicschool
1,2.7117027e-05,0.7738719,empathicschool_s28,combined,empathicschool
1,2.7117027e-05,0.7738719,empathicschool_s28,combined,empathicschool
1,2.7117027e-05,0.7738719,empathicschool_s28,combined,empathicschool
1,2.7117027e-05,0.7738719,empathicschool_s28,combined,empathicschool
1,2.7117027e-05,0.7738719,empathicschool_s28,combined,empathicschool
1,2.7117027e-05,0.7738719,empathicschool_s28,combined,empathicschool
1,2.7117027e-05,0.7738719,empathicschool_s28,combined,empathicschool
1,2.7117027e-05,0.7738719,empathicschool_s28,combined,empathicschool
1,2.7117027e-05,0.7738719,empathicschool_s28,combined,empathicschool
1,2.7117027e-05,0.7738719,empathicschool_s28,combined,empathicschool
1,3.6673448e-06,0.9207951,empathicschool_s28,combined,empathicschool
1,2.7117027e-05,0.7738719,empathicschool_s28,combined,empathicschool
1,2.7117027e-05,0.7738719,empathicschool_s28,combined,empathicschool
1,2.7117027e-05,0.7738719,empathicschool_s28,combined,empathicschool
1,2.7117027e-05,0.7738719,empathicschool_s28,combined,empathicschool
1,2.7117027e-05,0.7738719,empathicschool_s28,combined,empathicschool
1,2.7117027e-05,0.7738719,empathicschool_s28,combined,empathicschool
1,2.7117027e-05,0.7738719,empathicschool_s28,combined,empathicschool
1,2.7117027e-05,0.7738719,empathicschool_s28,combined,empathicschool
1,2.7116976e-05,0.77387375,empathicschool_s28,combined,empathicschool
1,2.7117027e-05,0.7738719,empathicschool_s28,combined,empathicschool
1,3.6856966e-06,0.9204833,empathicschool_s28,combined,empathicschool
1,2.7117027e-05,0.7738719,empathicschool_s28,combined,empathicschool
1,2.7116976e-05,0.77387375,empathicschool_s28,combined,empathicschool
1,2.7116976e-05,0.77387375,empathicschool_s28,combined,empathicschool
1,2.7116976e-05,0.77387375,empathicschool_s28,combined,empathicschool
1,2.7116976e-05,0.77387375,empathicschool_s28,combined,empathicschool
1,2.7117027e-05,0.7738719,empathicschool_s28,combined,empathicschool
1,2.7116976e-05,0.77387375,empathicschool_s28,combined,empathicschool
1,2.7116976e-05,0.77387375,empathicschool_s28,combined,empathicschool
1,2.7116976e-05,0.77387375,empathicschool_s28,combined,empathicschool
1,2.7116976e-05,0.77387375,empathicschool_s28,combined,empathicschool
1,3.6846034e-06,0.9205079,empathicschool_s28,combined,empathicschool
1,2.7116976e-05,0.77387375,empathicschool_s28,combined,empathicschool
1,2.7116976e-05,0.77387375,empathicschool_s28,combined,empathicschool
1,2.7116976e-05,0.77387375,empathicschool_s28,combined,empathicschool
1,2.7116976e-05,0.77387375,empathicschool_s28,combined,empathicschool
1,2.7116976e-05,0.77387375,empathicschool_s28,combined,empathicschool
1,2.7116976e-05,0.77387375,empathicschool_s28,combined,empathicschool
1,2.7116976e-05,0.77387375,empathicschool_s28,combined,empathicschool
1,2.7116976e-05,0.77387375,empathicschool_s28,combined,empathicschool
1,2.7116976e-05,0.77387375,empathicschool_s28,combined,empathicschool
1,2.7116976e-05,0.77387375,empathicschool_s28,combined,empathicschool
1,3.683978e-06,0.9205452,empathicschool_s28,combined,empathicschool
1,2.7116976e-05,0.77387375,empathicschool_s28,combined,empathicschool
1,2.7116976e-05,0.77387375,empathicschool_s28,combined,empathicschool
1,2.7116976e-05,0.77387375,empathicschool_s28,combined,empathicschool
1,2.7116976e-05,0.77387375,empathicschool_s28,combined,empathicschool
1,2.7116976e-05,0.77387375,empathicschool_s28,combined,empathicschool
1,2.7116976e-05,0.77387375,empathicschool_s28,combined,empathicschool
1,2.7116976e-05,0.77387375,empathicschool_s28,combined,empathicschool
1,2.7116976e-05,0.77387375,empathicschool_s28,combined,empathicschool
1,2.7116976e-05,0.77387375,empathicschool_s28,combined,empathicschool
1,2.7116976e-05,0.77387375,empathicschool_s28,combined,empathicschool
1,3.684238e-06,0.92055947,empathicschool_s28,combined,empathicschool
1,2.7116976e-05,0.77387375,empathicschool_s28,combined,empathicschool
1,2.7116976e-05,0.77387375,empathicschool_s28,combined,empathicschool
1,2.7116976e-05,0.77387375,empathicschool_s28,combined,empathicschool
1,2.7116976e-05,0.77387375,empathicschool_s28,combined,empathicschool
1,2.7116976e-05,0.77387375,empathicschool_s28,combined,empathicschool
1,2.7116976e-05,0.77387375,empathicschool_s28,combined,empathicschool
1,2.7116976e-05,0.77387375,empathicschool_s28,combined,empathicschool
1,2.7116976e-05,0.77387375,empathicschool_s28,combined,empathicschool
1,2.7116976e-05,0.7738737,empathicschool_s28,combined,empathicschool
1,2.7116976e-05,0.77387375,empathicschool_s28,combined,empathicschool
1,3.6805611e-06,0.9205951,empathicschool_s28,combined,empathicschool
1,2.7116976e-05,0.77387375,empathicschool_s28,combined,empathicschool
1,2.7116976e-05,0.77387375,empathicschool_s28,combined,empathicschool
1,2.7116976e-05,0.77387375,empathicschool_s28,combined,empathicschool
1,2.7116976e-05,0.77387375,empathicschool_s28,combined,empathicschool
1,2.7116976e-05,0.77387375,empathicschool_s28,combined,empathicschool
1,2.7116976e-05,0.77387375,empathicschool_s28,combined,empathicschool
1,2.7116976e-05,0.77387375,empathicschool_s28,combined,empathicschool
1,2.7116976e-05,0.77387375,empathicschool_s28,combined,empathicschool
1,2.7116976e-05,0.77387375,empathicschool_s28,combined,empathicschool
1,2.7116976e-05,0.77387375,empathicschool_s28,combined,empathicschool
1,4.7135645e-06,0.9041015,empathicschool_s28,combined,empathicschool
1,3.690339e-06,0.92041683,empathicschool_s28,combined,empathicschool
1,2.7116976e-05,0.77387375,empathicschool_s28,combined,empathicschool
1,2.7116976e-05,0.77387375,empathicschool_s28,combined,empathicschool
1,2.7116976e-05,0.77387375,empathicschool_s28,combined,empathicschool
1,2.7116976e-05,0.77387375,empathicschool_s28,combined,empathicschool
1,2.7116976e-05,0.77387375,empathicschool_s28,combined,empathicschool
1,2.7116976e-05,0.77387375,empathicschool_s28,combined,empathicschool
1,2.7116976e-05,0.77387375,empathicschool_s28,combined,empathicschool
1,2.7116976e-05,0.77387375,empathicschool_s28,combined,empathicschool
1,2.7116976e-05,0.77387375,empathicschool_s28,combined,empathicschool
1,2.7116976e-05,0.77387375,empathicschool_s28,combined,empathicschool
1,3.690251e-06,0.92042744,empathicschool_s28,combined,empathicschool
1,2.7116976e-05,0.77387375,empathicschool_s28,combined,empathicschool
1,2.7116976e-05,0.77387375,empathicschool_s28,combined,empathicschool
1,2.7116976e-05,0.77387375,empathicschool_s28,combined,empathicschool
1,2.7116976e-05,0.77387375,empathicschool_s28,combined,empathicschool
1,2.7116976e-05,0.77387375,empathicschool_s28,combined,empathicschool
1,2.7116976e-05,0.77387375,empathicschool_s28,combined,empathicschool
1,2.7116976e-05,0.77387375,empathicschool_s28,combined,empathicschool
1,2.7116976e-05,0.77387375,empathicschool_s28,combined,empathicschool
1,2.7116976e-05,0.77387375,empathicschool_s28,combined,empathicschool
1,2.7116976e-05,0.77387375,empathicschool_s28,combined,empathicschool
1,3.6792978e-06,0.9206147,empathicschool_s28,combined,empathicschool
1,2.7116976e-05,0.77387375,empathicschool_s28,combined,empathicschool
1,2.7116976e-05,0.77387375,empathicschool_s28,combined,empathicschool
1,2.7116976e-05,0.77387375,empathicschool_s28,combined,empathicschool
1,2.7116976e-05,0.77387375,empathicschool_s28,combined,empathicschool
1,2.7116976e-05,0.77387375,empathicschool_s28,combined,empathicschool
1,2.7116976e-05,0.77387375,empathicschool_s28,combined,empathicschool
1,2.7116976e-05,0.77387327,empathicschool_s28,combined,empathicschool
1,2.7116976e-05,0.7738737,empathicschool_s28,combined,empathicschool
1,2.7116976e-05,0.77387375,empathicschool_s28,combined,empathicschool
1,2.7116976e-05,0.77387375,empathicschool_s28,combined,empathicschool
1,3.6913493e-06,0.9203969,empathicschool_s28,combined,empathicschool
1,2.7116976e-05,0.77387375,empathicschool_s28,combined,empathicschool
1,2.7116976e-05,0.77387375,empathicschool_s28,combined,empathicschool
1,2.7116976e-05,0.77387375,empathicschool_s28,combined,empathicschool
1,2.7116976e-05,0.77387375,empathicschool_s28,combined,empathicschool
1,2.7116976e-05,0.77387375,empathicschool_s28,combined,empathicschool
1,2.7116976e-05,0.77387375,empathicschool_s28,combined,empathicschool
1,2.7116976e-05,0.77387375,empathicschool_s28,combined,empathicschool
1,2.7116976e-05,0.77387375,empathicschool_s28,combined,empathicschool
1,2.7116976e-05,0.7738737,empathicschool_s28,combined,empathicschool
1,2.7116976e-05,0.77387375,empathicschool_s28,combined,empathicschool
1,3.6980969e-06,0.9202795,empathicschool_s28,combined,empathicschool
1,2.7116976e-05,0.77387375,empathicschool_s28,combined,empathicschool
1,2.7116976e-05,0.77387375,empathicschool_s28,combined,empathicschool
1,2.7116976e-05,0.77387375,empathicschool_s28,combined,empathicschool
1,2.7116976e-05,0.77387375,empathicschool_s28,combined,empathicschool
1,2.7116976e-05,0.77387375,empathicschool_s28,combined,empathicschool
1,2.7116976e-05,0.77387375,empathicschool_s28,combined,empathicschool
1,2.7116976e-05,0.77387375,empathicschool_s28,combined,empathicschool
1,2.7116976e-05,0.77387375,empathicschool_s28,combined,empathicschool
1,2.7116976e-05,0.77387375,empathicschool_s28,combined,empathicschool
1,2.7116976e-05,0.77387375,empathicschool_s28,combined,empathicschool
1,3.698319e-06,0.92027473,empathicschool_s28,combined,empathicschool
1,2.7116976e-05,0.77387375,empathicschool_s28,combined,empathicschool
1,2.7116976e-05,0.7738737,empathicschool_s28,combined,empathicschool
1,2.7116976e-05,0.7738737,empathicschool_s28,combined,empathicschool
1,2.7116976e-05,0.77387375,empathicschool_s28,combined,empathicschool
1,2.7116976e-05,0.77387375,empathicschool_s28,combined,empathicschool
1,2.7116976e-05,0.77387375,empathicschool_s28,combined,empathicschool
1,2.7116976e-05,0.77387375,empathicschool_s28,combined,empathicschool
1,2.7116976e-05,0.77387375,empathicschool_s28,combined,empathicschool
1,2.7116976e-05,0.7738737,empathicschool_s28,combined,empathicschool
1,2.7116976e-05,0.77387375,empathicschool_s28,combined,empathicschool
1,3.701304e-06,0.92022073,empathicschool_s28,combined,empathicschool
1,2.7116976e-05,0.7738737,empathicschool_s28,combined,empathicschool
1,2.7116976e-05,0.77387375,empathicschool_s28,combined,empathicschool
1,2.7116976e-05,0.77387375,empathicschool_s28,combined,empathicschool
1,2.7116976e-05,0.7738737,empathicschool_s28,combined,empathicschool
1,2.7116976e-05,0.77387375,empathicschool_s28,combined,empathicschool
1,2.7116976e-05,0.77387375,empathicschool_s28,combined,empathicschool
1,2.7116976e-05,0.7738737,empathicschool_s28,combined,empathicschool
1,2.7116976e-05,0.7738737,empathicschool_s28,combined,empathicschool
1,2.7116976e-05,0.77387375,empathicschool_s28,combined,empathicschool
1,2.7116976e-05,0.7738737,empathicschool_s28,combined,empathicschool
1,3.701304e-06,0.92022073,empathicschool_s28,combined,empathicschool
1,2.7116976e-05,0.7738737,empathicschool_s28,combined,empathicschool
1,2.7116976e-05,0.77387375,empathicschool_s28,combined,empathicschool
1,2.7116976e-05,0.77387375,empathicschool_s28,combined,empathicschool
1,2.7116976e-05,0.77387375,empathicschool_s28,combined,empathicschool
1,2.7116976e-05,0.7738737,empathicschool_s28,combined,empathicschool
1,2.7116976e-05,0.77387375,empathicschool_s28,combined,empathicschool
1,2.7116976e-05,0.7738737,empathicschool_s28,combined,empathicschool
1,2.7116976e-05,0.7738737,empathicschool_s28,combined,empathicschool
1,2.7116976e-05,0.77387375,empathicschool_s28,combined,empathicschool
1,2.7116976e-05,0.77387375,empathicschool_s28,combined,empathicschool
1,3.681502e-06,0.92060256,empathicschool_s28,combined,empathicschool
1,2.7116976e-05,0.77387375,empathicschool_s28,combined,empathicschool
1,2.7116976e-05,0.7738737,empathicschool_s28,combined,empathicschool
1,2.7116976e-05,0.77387375,empathicschool_s28,combined,empathicschool
1,2.7116976e-05,0.77387375,empathicschool_s28,combined,empathicschool
1,2.7116976e-05,0.77387375,empathicschool_s28,combined,empathicschool
1,2.7116976e-05,0.77387375,empathicschool_s28,combined,empathicschool
1,2.7116976e-05,0.77387375,empathicschool_s28,combined,empathicschool
1,2.7116976e-05,0.77387375,empathicschool_s28,combined,empathicschool
1,2.7116976e-05,0.7738737,empathicschool_s28,combined,empathicschool
1,2.7116976e-05,0.77387375,empathicschool_s28,combined,empathicschool
1,3.624139e-06,0.9215657,empathicschool_s28,combined,empathicschool
1,2.7116976e-05,0.7738737,empathicschool_s28,combined,empathicschool
1,2.7116976e-05,0.77387375,empathicschool_s28,combined,empathicschool
1,2.7116976e-05,0.77387375,empathicschool_s28,combined,empathicschool
1,2.7116976e-05,0.77387375,empathicschool_s28,combined,empathicschool
1,2.7116976e-05,0.77387375,empathicschool_s28,combined,empathicschool
1,2.7116976e-05,0.7738737,empathicschool_s28,combined,empathicschool
1,2.7116976e-05,0.77387375,empathicschool_s28,combined,empathicschool
1,2.7116925e-05,0.7738738,empathicschool_s28,combined,empathicschool
1,2.7116948e-05,0.7738738,empathicschool_s28,combined,empathicschool
1,2.7116976e-05,0.7738737,empathicschool_s28,combined,empathicschool
1,4.524384e-06,0.9068775,empathicschool_s28,combined,empathicschool
1,3.6037393e-06,0.9218882,empathicschool_s28,combined,empathicschool
1,2.7116976e-05,0.77387375,empathicschool_s28,combined,empathicschool
1,2.7116925e-05,0.7738738,empathicschool_s28,combined,empathicschool
1,2.7116976e-05,0.7738737,empathicschool_s28,combined,empathicschool
1,2.7116976e-05,0.77387375,empathicschool_s28,combined,empathicschool
1,2.7116925e-05,0.7738738,empathicschool_s28,combined,empathicschool
1,2.7116948e-05,0.7738738,empathicschool_s28,combined,empathicschool
1,2.7116976e-05,0.77387375,empathicschool_s28,combined,empathicschool
1,2.7116925e-05,0.7738738,empathicschool_s28,combined,empathicschool
1,2.7116925e-05,0.7738738,empathicschool_s28,combined,empathicschool
1,2.7116976e-05,0.7738738,empathicschool_s28,combined,empathicschool
1,3.6025947e-06,0.9219102,empathicschool_s28,combined,empathicschool
1,2.7116976e-05,0.7738738,empathicschool_s28,combined,empathicschool
1,2.7116925e-05,0.7738738,empathicschool_s28,combined,empathicschool
1,2.7116948e-05,0.7738738,empathicschool_s28,combined,empathicschool
1,2.7116925e-05,0.7738738,empathicschool_s28,combined,empathicschool
1,2.7116976e-05,0.7738738,empathicschool_s28,combined,empathicschool
1,2.7116976e-05,0.7738738,empathicschool_s28,combined,empathicschool
1,2.7116976e-05,0.7738738,empathicschool_s28,combined,empathicschool
1,2.7116976e-05,0.7738738,empathicschool_s28,combined,empathicschool
1,2.7116925e-05,0.7738738,empathicschool_s28,combined,empathicschool
1,2.7116948e-05,0.7738738,empathicschool_s28,combined,empathicschool
1,3.6088911e-06,0.92178476,empathicschool_s28,combined,empathicschool
1,2.7116976e-05,0.77387375,empathicschool_s28,combined,empathicschool
1,2.7116976e-05,0.7738738,empathicschool_s28,combined,empathicschool
1,2.7116976e-05,0.7738738,empathicschool_s28,combined,empathicschool
1,2.7116976e-05,0.7738738,empathicschool_s28,combined,empathicschool
1,2.7116976e-05,0.7738738,empathicschool_s28,combined,empathicschool
1,2.7116976e-05,0.7738738,empathicschool_s28,combined,empathicschool
1,2.7116976e-05,0.7738738,empathicschool_s28,combined,empathicschool
1,2.7116976e-05,0.77387375,empathicschool_s28,combined,empathicschool
1,2.7116976e-05,0.7738738,empathicschool_s28,combined,empathicschool
1,2.7116925e-05,0.7738738,empathicschool_s28,combined,empathicschool
1,3.6250653e-06,0.92152095,empathicschool_s28,combined,empathicschool
1,2.7116976e-05,0.7738738,empathicschool_s28,combined,empathicschool
1,2.7116948e-05,0.7738738,empathicschool_s28,combined,empathicschool
1,2.7116976e-05,0.7738738,empathicschool_s28,combined,empathicschool
1,2.7116976e-05,0.7738738,empathicschool_s28,combined,empathicschool
1,2.7116976e-05,0.7738738,empathicschool_s28,combined,empathicschool
1,2.7116925e-05,0.7738738,empathicschool_s28,combined,empathicschool
1,2.7116976e-05,0.7738738,empathicschool_s28,combined,empathicschool
1,2.7116976e-05,0.7738738,empathicschool_s28,combined,empathicschool
1,2.7116976e-05,0.7738738,empathicschool_s28,combined,empathicschool
1,2.7116976e-05,0.7738738,empathicschool_s28,combined,empathicschool
1,3.6362903e-06,0.9213535,empathicschool_s28,combined,empathicschool
1,2.7116948e-05,0.7738738,empathicschool_s28,combined,empathicschool
1,2.7116976e-05,0.7738738,empathicschool_s28,combined,empathicschool
1,2.7116976e-05,0.7738738,empathicschool_s28,combined,empathicschool
1,2.7116976e-05,0.7738738,empathicschool_s28,combined,empathicschool
1,2.7116976e-05,0.7738738,empathicschool_s28,combined,empathicschool
1,2.7116948e-05,0.7738738,empathicschool_s28,combined,empathicschool
1,2.7116976e-05,0.7738738,empathicschool_s28,combined,empathicschool
1,2.7116976e-05,0.7738738,empathicschool_s28,combined,empathicschool
1,2.7116976e-05,0.7738738,empathicschool_s28,combined,empathicschool
1,2.7116976e-05,0.7738738,empathicschool_s28,combined,empathicschool
1,3.624329e-06,0.9215722,empathicschool_s28,combined,empathicschool
1,2.7116976e-05,0.7738738,empathicschool_s28,combined,empathicschool
1,2.7116976e-05,0.7738738,empathicschool_s28,combined,empathicschool
1,2.7116976e-05,0.7738738,empathicschool_s28,combined,empathicschool
1,2.7116976e-05,0.7738738,empathicschool_s28,combined,empathicschool
1,2.7116976e-05,0.7738738,empathicschool_s28,combined,empathicschool
1,2.7116976e-05,0.7738738,empathicschool_s28,combined,empathicschool
1,2.7116976e-05,0.7738738,empathicschool_s28,combined,empathicschool
1,2.7116925e-05,0.7738738,empathicschool_s28,combined,empathicschool
1,2.7116976e-05,0.7738738,empathicschool_s28,combined,empathicschool
1,2.7116976e-05,0.7738738,empathicschool_s28,combined,empathicschool
1,3.6230367e-06,0.9215789,empathicschool_s28,combined,empathicschool
1,2.7116976e-05,0.7738738,empathicschool_s28,combined,empathicschool
1,2.7116976e-05,0.7738738,empathicschool_s28,combined,empathicschool
1,2.7116976e-05,0.7738738,empathicschool_s28,combined,empathicschool
1,2.7116976e-05,0.7738738,empathicschool_s28,combined,empathicschool
1,2.7116976e-05,0.7738738,empathicschool_s28,combined,empathicschool
1,2.7116976e-05,0.7738738,empathicschool_s28,combined,empathicschool
1,2.7116976e-05,0.7738738,empathicschool_s28,combined,empathicschool
1,2.7116976e-05,0.7738738,empathicschool_s28,combined,empathicschool
1,2.7116976e-05,0.7738738,empathicschool_s28,combined,empathicschool
1,2.7116976e-05,0.7738738,empathicschool_s28,combined,empathicschool
1,3.6044025e-06,0.9219852,empathicschool_s28,combined,empathicschool
1,2.7116948e-05,0.7738738,empathicschool_s28,combined,empathicschool
1,2.7116976e-05,0.7738738,empathicschool_s28,combined,empathicschool
1,2.7116976e-05,0.7738738,empathicschool_s28,combined,empathicschool
1,2.7116976e-05,0.7738738,empathicschool_s28,combined,empathicschool
1,2.7116976e-05,0.7738738,empathicschool_s28,combined,empathicschool
1,2.7116976e-05,0.7738738,empathicschool_s28,combined,empathicschool
1,2.7116976e-05,0.7738738,empathicschool_s28,combined,empathicschool
1,2.7116976e-05,0.7738738,empathicschool_s28,combined,empathicschool
1,2.7116976e-05,0.7738738,empathicschool_s28,combined,empathicschool
1,2.7116976e-05,0.7738738,empathicschool_s28,combined,empathicschool
1,3.6207605e-06,0.9217329,empathicschool_s28,combined,empathicschool
1,2.7116976e-05,0.7738738,empathicschool_s28,combined,empathicschool
1,2.7116976e-05,0.7738738,empathicschool_s28,combined,empathicschool
1,2.7116976e-05,0.7738738,empathicschool_s28,combined,empathicschool
1,2.7116976e-05,0.7738738,empathicschool_s28,combined,empathicschool
1,2.7116976e-05,0.7738738,empathicschool_s28,combined,empathicschool
1,2.7116976e-05,0.7738738,empathicschool_s28,combined,empathicschool
1,2.7116976e-05,0.7738738,empathicschool_s28,combined,empathicschool
1,2.7116976e-05,0.7738738,empathicschool_s28,combined,empathicschool
1,2.7116976e-05,0.7738738,empathicschool_s28,combined,empathicschool
1,2.7116976e-05,0.7738738,empathicschool_s28,combined,empathicschool
1,3.6543893e-06,0.9212917,empathicschool_s28,combined,empathicschool
1,2.7116976e-05,0.7738738,empathicschool_s28,combined,empathicschool
1,2.7116976e-05,0.7738738,empathicschool_s28,combined,empathicschool
1,2.7116976e-05,0.7738738,empathicschool_s28,combined,empathicschool
1,2.7116976e-05,0.7738738,empathicschool_s28,combined,empathicschool
1,2.7116976e-05,0.7738738,empathicschool_s28,combined,empathicschool
1,2.7116976e-05,0.7738738,empathicschool_s28,combined,empathicschool
1,2.7116976e-05,0.7738738,empathicschool_s28,combined,empathicschool
1,2.7116976e-05,0.7738738,empathicschool_s28,combined,empathicschool
1,2.7116976e-05,0.7738738,empathicschool_s28,combined,empathicschool
1,2.7116976e-05,0.7738738,empathicschool_s28,combined,empathicschool
1,2.7116976e-05,0.7738709,empathicschool_s28,combined,empathicschool
1,2.7116976e-05,0.7738709,empathicschool_s28,combined,empathicschool
1,2.7123851e-05,0.77360505,empathicschool_s28,combined,empathicschool
1,2.7116976e-05,0.7738713,empathicschool_s28,combined,empathicschool
1,2.7117027e-05,0.77387136,empathicschool_s28,combined,empathicschool
1,2.7117027e-05,0.77387136,empathicschool_s28,combined,empathicschool
1,2.7117027e-05,0.77387136,empathicschool_s28,combined,empathicschool
1,2.7117027e-05,0.77387136,empathicschool_s28,combined,empathicschool
1,2.7117027e-05,0.77387136,empathicschool_s28,combined,empathicschool
1,2.7117027e-05,0.77387136,empathicschool_s28,combined,empathicschool
1,2.7117027e-05,0.77387136,empathicschool_s28,combined,empathicschool
1,2.7117027e-05,0.77387136,empathicschool_s28,combined,empathicschool
1,2.7117027e-05,0.77387136,empathicschool_s28,combined,empathicschool
1,2.7117027e-05,0.77387136,empathicschool_s28,combined,empathicschool
1,2.7116976e-05,0.7738713,empathicschool_s28,combined,empathicschool
1,2.7117027e-05,0.77387136,empathicschool_s28,combined,empathicschool
1,2.7117027e-05,0.77387136,empathicschool_s28,combined,empathicschool
1,2.7117027e-05,0.77387136,empathicschool_s28,combined,empathicschool
1,2.7117027e-05,0.77387136,empathicschool_s28,combined,empathicschool
1,2.7117027e-05,0.77387136,empathicschool_s28,combined,empathicschool
1,2.7117027e-05,0.77387136,empathicschool_s28,combined,empathicschool
1,2.7117027e-05,0.77387136,empathicschool_s28,combined,empathicschool
1,2.7117027e-05,0.77387136,empathicschool_s28,combined,empathicschool
1,2.7117027e-05,0.77387136,empathicschool_s28,combined,empathicschool
1,2.7117027e-05,0.77387136,empathicschool_s28,combined,empathicschool
1,2.7116976e-05,0.7738713,empathicschool_s28,combined,empathicschool
1,2.7117027e-05,0.77387136,empathicschool_s28,combined,empathicschool
1,2.7117027e-05,0.77387136,empathicschool_s28,combined,empathicschool
1,2.7117027e-05,0.77387136,empathicschool_s28,combined,empathicschool
1,2.7117027e-05,0.77387136,empathicschool_s28,combined,empathicschool
1,2.7117027e-05,0.77387136,empathicschool_s28,combined,empathicschool
1,2.7117027e-05,0.77387136,empathicschool_s28,combined,empathicschool
1,2.7117027e-05,0.77387136,empathicschool_s28,combined,empathicschool
1,2.7117027e-05,0.77387136,empathicschool_s28,combined,empathicschool
1,2.7117027e-05,0.77387136,empathicschool_s28,combined,empathicschool
1,2.7117027e-05,0.77387136,empathicschool_s28,combined,empathicschool
1,2.7116976e-05,0.7738713,empathicschool_s28,combined,empathicschool
1,2.7117027e-05,0.77387136,empathicschool_s28,combined,empathicschool
1,2.7117027e-05,0.77387136,empathicschool_s28,combined,empathicschool
1,2.7117027e-05,0.77387136,empathicschool_s28,combined,empathicschool
1,2.7117027e-05,0.77387136,empathicschool_s28,combined,empathicschool
1,2.7117027e-05,0.77387136,empathicschool_s28,combined,empathicschool
1,2.7117027e-05,0.77387136,empathicschool_s28,combined,empathicschool
1,2.7117027e-05,0.77387136,empathicschool_s28,combined,empathicschool
1,2.7117027e-05,0.77387136,empathicschool_s28,combined,empathicschool
1,2.7117027e-05,0.77387136,empathicschool_s28,combined,empathicschool
1,2.7117027e-05,0.77387136,empathicschool_s28,combined,empathicschool
1,2.7116976e-05,0.7738713,empathicschool_s28,combined,empathicschool
1,2.7117027e-05,0.77387136,empathicschool_s28,combined,empathicschool
1,2.7117027e-05,0.77387136,empathicschool_s28,combined,empathicschool
1,2.7117027e-05,0.77387136,empathicschool_s28,combined,empathicschool
1,2.7117027e-05,0.77387136,empathicschool_s28,combined,empathicschool
1,2.7117027e-05,0.77387136,empathicschool_s28,combined,empathicschool
1,2.7117027e-05,0.77387136,empathicschool_s28,combined,empathicschool
1,2.7117027e-05,0.77387136,empathicschool_s28,combined,empathicschool
1,2.7117027e-05,0.77387136,empathicschool_s28,combined,empathicschool
1,2.7117027e-05,0.77387136,empathicschool_s28,combined,empathicschool
1,2.7117027e-05,0.77387136,empathicschool_s28,combined,empathicschool
1,2.7116976e-05,0.7738713,empathicschool_s28,combined,empathicschool
1,2.7117027e-05,0.77387136,empathicschool_s28,combined,empathicschool
1,2.7117027e-05,0.77387136,empathicschool_s28,combined,empathicschool
1,2.7117027e-05,0.77387136,empathicschool_s28,combined,empathicschool
1,2.7117027e-05,0.77387136,empathicschool_s28,combined,empathicschool
1,2.7117027e-05,0.77387136,empathicschool_s28,combined,empathicschool
1,2.7117027e-05,0.77387136,empathicschool_s28,combined,empathicschool
1,2.7117027e-05,0.77387136,empathicschool_s28,combined,empathicschool
1,2.7117027e-05,0.77387136,empathicschool_s28,combined,empathicschool
1,2.7117027e-05,0.77387136,empathicschool_s28,combined,empathicschool
1,2.7117027e-05,0.77387136,empathicschool_s28,combined,empathicschool
1,2.7116976e-05,0.7738713,empathicschool_s28,combined,empathicschool
1,2.7117027e-05,0.77387136,empathicschool_s28,combined,empathicschool
1,2.7117027e-05,0.77387136,empathicschool_s28,combined,empathicschool
1,2.7117027e-05,0.77387136,empathicschool_s28,combined,empathicschool
1,2.7117027e-05,0.7738719,empathicschool_s28,combined,empathicschool
1,2.7117027e-05,0.77387136,empathicschool_s28,combined,empathicschool
1,2.7117027e-05,0.77387136,empathicschool_s28,combined,empathicschool
1,2.7117027e-05,0.77387136,empathicschool_s28,combined,empathicschool
1,2.7117027e-05,0.77387136,empathicschool_s28,combined,empathicschool
1,2.7117027e-05,0.77387136,empathicschool_s28,combined,empathicschool
1,2.7117027e-05,0.7738719,empathicschool_s28,combined,empathicschool
1,2.7116976e-05,0.7738713,empathicschool_s28,combined,empathicschool
1,2.7117027e-05,0.7738719,empathicschool_s28,combined,empathicschool
1,2.7117027e-05,0.77387136,empathicschool_s28,combined,empathicschool
1,2.7117027e-05,0.7738719,empathicschool_s28,combined,empathicschool
1,2.7117027e-05,0.7738719,empathicschool_s28,combined,empathicschool
1,2.7117027e-05,0.7738719,empathicschool_s28,combined,empathicschool
1,2.7117027e-05,0.77387136,empathicschool_s28,combined,empathicschool
1,2.7117027e-05,0.77387136,empathicschool_s28,combined,empathicschool
1,2.7117027e-05,0.77387136,empathicschool_s28,combined,empathicschool
1,2.7117027e-05,0.77387136,empathicschool_s28,combined,empathicschool
1,2.7117027e-05,0.77387136,empathicschool_s28,combined,empathicschool
1,2.7116976e-05,0.7738713,empathicschool_s28,combined,empathicschool
1,2.7117027e-05,0.77387136,empathicschool_s28,combined,empathicschool
1,2.7117027e-05,0.77387136,empathicschool_s28,combined,empathicschool
1,2.7117027e-05,0.77387136,empathicschool_s28,combined,empathicschool
1,2.7117027e-05,0.77387136,empathicschool_s28,combined,empathicschool
1,2.7117027e-05,0.77387136,empathicschool_s28,combined,empathicschool
1,2.7117027e-05,0.77387136,empathicschool_s28,combined,empathicschool
1,2.7117027e-05,0.77387136,empathicschool_s28,combined,empathicschool
1,2.7117027e-05,0.77387136,empathicschool_s28,combined,empathicschool
1,2.7117027e-05,0.77387136,empathicschool_s28,combined,empathicschool
1,2.7117027e-05,0.77387136,empathicschool_s28,combined,empathicschool
1,2.7116976e-05,0.7738713,empathicschool_s28,combined,empathicschool
1,2.7117027e-05,0.77387136,empathicschool_s28,combined,empathicschool
1,2.7117027e-05,0.7738715,empathicschool_s28,combined,empathicschool
1,2.7117027e-05,0.77387136,empathicschool_s28,combined,empathicschool
1,2.7117027e-05,0.77387136,empathicschool_s28,combined,empathicschool
1,2.7117027e-05,0.77387136,empathicschool_s28,combined,empathicschool
1,2.7117027e-05,0.77387136,empathicschool_s28,combined,empathicschool
1,2.7117027e-05,0.77387136,empathicschool_s28,combined,empathicschool
1,2.7117027e-05,0.77387136,empathicschool_s28,combined,empathicschool
1,2.7117027e-05,0.77387136,empathicschool_s28,combined,empathicschool
1,2.7117027e-05,0.7738719,empathicschool_s28,combined,empathicschool
1,7.0876404e-06,0.8873794,empathicschool_s28,combined,empathicschool
1,2.7116976e-05,0.7738713,empathicschool_s28,combined,empathicschool
1,2.7117027e-05,0.77387136,empathicschool_s28,combined,empathicschool
1,2.7117027e-05,0.77387136,empathicschool_s28,combined,empathicschool
1,2.7117027e-05,0.77387136,empathicschool_s28,combined,empathicschool
1,2.7117027e-05,0.77387136,empathicschool_s28,combined,empathicschool
1,2.7117027e-05,0.7738719,empathicschool_s28,combined,empathicschool
1,2.7117027e-05,0.77387136,empathicschool_s28,combined,empathicschool
1,2.7117027e-05,0.77387136,empathicschool_s28,combined,empathicschool
1,2.7117027e-05,0.77387136,empathicschool_s28,combined,empathicschool
1,2.7117027e-05,0.77387136,empathicschool_s28,combined,empathicschool
1,2.7117027e-05,0.77387136,empathicschool_s28,combined,empathicschool
1,2.7116976e-05,0.7738713,empathicschool_s28,combined,empathicschool
1,2.7117027e-05,0.77387136,empathicschool_s28,combined,empathicschool
1,2.7117027e-05,0.77387136,empathicschool_s28,combined,empathicschool
1,2.7117027e-05,0.77387136,empathicschool_s28,combined,empathicschool
1,2.7117027e-05,0.77387136,empathicschool_s28,combined,empathicschool
1,2.7117027e-05,0.77387136,empathicschool_s28,combined,empathicschool
1,2.7117027e-05,0.77387136,empathicschool_s28,combined,empathicschool
1,2.7117027e-05,0.77387136,empathicschool_s28,combined,empathicschool
1,2.7117027e-05,0.77387136,empathicschool_s28,combined,empathicschool
1,2.7117027e-05,0.77387136,empathicschool_s28,combined,empathicschool
1,2.7117027e-05,0.77387136,empathicschool_s28,combined,empathicschool
1,2.7116976e-05,0.7738713,empathicschool_s28,combined,empathicschool
1,2.7117027e-05,0.77387136,empathicschool_s28,combined,empathicschool
1,2.7117027e-05,0.77387136,empathicschool_s28,combined,empathicschool
1,2.7117027e-05,0.77387136,empathicschool_s28,combined,empathicschool
1,2.7117027e-05,0.77387136,empathicschool_s28,combined,empathicschool
1,2.7117027e-05,0.77387136,empathicschool_s28,combined,empathicschool
1,2.7117027e-05,0.77387136,empathicschool_s28,combined,empathicschool
1,2.7117027e-05,0.77387136,empathicschool_s28,combined,empathicschool
1,2.7117027e-05,0.7738719,empathicschool_s28,combined,empathicschool
1,2.7117027e-05,0.77387136,empathicschool_s28,combined,empathicschool
1,2.7117027e-05,0.77387136,empathicschool_s28,combined,empathicschool
1,2.7116976e-05,0.7738713,empathicschool_s28,combined,empathicschool
1,2.7117027e-05,0.77387136,empathicschool_s28,combined,empathicschool
1,2.7117027e-05,0.7738719,empathicschool_s28,combined,empathicschool
1,2.7117027e-05,0.77387136,empathicschool_s28,combined,empathicschool
1,2.7117027e-05,0.7738719,empathicschool_s28,combined,empathicschool
1,2.7117027e-05,0.77387136,empathicschool_s28,combined,empathicschool
1,2.7117027e-05,0.77387136,empathicschool_s28,combined,empathicschool
1,2.7117027e-05,0.77387136,empathicschool_s28,combined,empathicschool
1,2.7116976e-05,0.7738713,empathicschool_s28,combined,empathicschool
1,2.7116976e-05,0.7738713,empathicschool_s28,combined,empathicschool
1,2.7116976e-05,0.7738713,empathicschool_s28,combined,empathicschool
1,2.7116976e-05,0.7738713,empathicschool_s28,combined,empathicschool
1,2.7116976e-05,0.7738713,empathicschool_s28,combined,empathicschool
1,2.7116976e-05,0.7738713,empathicschool_s28,combined,empathicschool
1,3.9542724e-06,0.9165028,empathicschool_s28,combined,empathicschool
1,2.7116976e-05,0.7738713,empathicschool_s28,combined,empathicschool
1,2.7116976e-05,0.7738713,empathicschool_s28,combined,empathicschool
1,2.7116976e-05,0.7738713,empathicschool_s28,combined,empathicschool
1,2.7116976e-05,0.7738713,empathicschool_s28,combined,empathicschool
1,2.7116976e-05,0.7738713,empathicschool_s28,combined,empathicschool
1,2.7116976e-05,0.7738713,empathicschool_s28,combined,empathicschool
1,2.7116976e-05,0.7738713,empathicschool_s28,combined,empathicschool
1,2.7116976e-05,0.7738713,empathicschool_s28,combined,empathicschool
1,2.7116976e-05,0.7738713,empathicschool_s28,combined,empathicschool
1,2.7116976e-05,0.7738713,empathicschool_s28,combined,empathicschool
1,4.298137e-06,0.91078365,empathicschool_s28,combined,empathicschool
1,2.7116976e-05,0.7738713,empathicschool_s28,combined,empathicschool
1,2.7116976e-05,0.7738713,empathicschool_s28,combined,empathicschool
1,2.7116976e-05,0.7738713,empathicschool_s28,combined,empathicschool
1,2.7116976e-05,0.7738713,empathicschool_s28,combined,empathicschool
1,2.7116976e-05,0.7738713,empathicschool_s28,combined,empathicschool
1,2.7116976e-05,0.7738713,empathicschool_s28,combined,empathicschool
1,2.7116976e-05,0.7738713,empathicschool_s28,combined,empathicschool
1,2.7116976e-05,0.7738713,empathicschool_s28,combined,empathicschool
1,2.7116976e-05,0.7738713,empathicschool_s28,combined,empathicschool
1,2.7116976e-05,0.7738713,empathicschool_s28,combined,empathicschool
1,4.2739557e-06,0.911148,empathicschool_s28,combined,empathicschool
1,2.7116976e-05,0.7738713,empathicschool_s28,combined,empathicschool
1,2.7116976e-05,0.7738713,empathicschool_s28,combined,empathicschool
1,2.7116976e-05,0.7738713,empathicschool_s28,combined,empathicschool
1,2.7116976e-05,0.7738713,empathicschool_s28,combined,empathicschool
1,2.7116976e-05,0.7738713,empathicschool_s28,combined,empathicschool
1,2.7116976e-05,0.7738713,empathicschool_s28,combined,empathicschool
1,2.7116976e-05,0.7738713,empathicschool_s28,combined,empathicschool
1,2.7116976e-05,0.7738713,empathicschool_s28,combined,empathicschool
1,2.7116976e-05,0.7738713,empathicschool_s28,combined,empathicschool
1,2.7116976e-05,0.7738713,empathicschool_s28,combined,empathicschool
1,4.260664e-06,0.91135794,empathicschool_s28,combined,empathicschool
1,2.7116976e-05,0.7738713,empathicschool_s28,combined,empathicschool
1,2.7116976e-05,0.7738713,empathicschool_s28,combined,empathicschool
1,2.7116976e-05,0.7738713,empathicschool_s28,combined,empathicschool
1,2.7116976e-05,0.7738713,empathicschool_s28,combined,empathicschool
1,2.7116976e-05,0.7738713,empathicschool_s28,combined,empathicschool
1,2.7116976e-05,0.7738713,empathicschool_s28,combined,empathicschool
1,2.7116976e-05,0.7738713,empathicschool_s28,combined,empathicschool
1,2.7116976e-05,0.7738713,empathicschool_s28,combined,empathicschool
1,2.7116976e-05,0.7738713,empathicschool_s28,combined,empathicschool
1,2.7116976e-05,0.7738713,empathicschool_s28,combined,empathicschool
1,4.270655e-06,0.9112067,empathicschool_s28,combined,empathicschool
1,2.7116976e-05,0.7738713,empathicschool_s28,combined,empathicschool
1,2.7116976e-05,0.7738713,empathicschool_s28,combined,empathicschool
1,2.7116976e-05,0.7738713,empathicschool_s28,combined,empathicschool
1,2.7116976e-05,0.7738713,empathicschool_s28,combined,empathicschool
1,2.7116976e-05,0.7738713,empathicschool_s28,combined,empathicschool
1,2.7116976e-05,0.7738713,empathicschool_s28,combined,empathicschool
1,2.7116976e-05,0.7738713,empathicschool_s28,combined,empathicschool
1,2.7116976e-05,0.7738713,empathicschool_s28,combined,empathicschool
1,2.7116976e-05,0.7738713,empathicschool_s28,combined,empathicschool
1,2.7116976e-05,0.7738713,empathicschool_s28,combined,empathicschool
1,4.2650304e-06,0.9112859,empathicschool_s28,combined,empathicschool
1,2.7116976e-05,0.7738713,empathicschool_s28,combined,empathicschool
1,2.7116976e-05,0.7738713,empathicschool_s28,combined,empathicschool
1,2.7116976e-05,0.7738713,empathicschool_s28,combined,empathicschool
1,2.7116976e-05,0.7738713,empathicschool_s28,combined,empathicschool
1,2.7116976e-05,0.7738713,empathicschool_s28,combined,empathicschool
1,2.7116976e-05,0.7738713,empathicschool_s28,combined,empathicschool
1,2.7116976e-05,0.7738713,empathicschool_s28,combined,empathicschool
1,2.7116976e-05,0.7738713,empathicschool_s28,combined,empathicschool
1,2.7116976e-05,0.7738713,empathicschool_s28,combined,empathicschool
1,2.7116976e-05,0.7738713,empathicschool_s28,combined,empathicschool
1,4.22727e-06,0.9118741,empathicschool_s28,combined,empathicschool
1,2.7116976e-05,0.7738713,empathicschool_s28,combined,empathicschool
1,2.7116976e-05,0.7738713,empathicschool_s28,combined,empathicschool
1,2.7116976e-05,0.7738713,empathicschool_s28,combined,empathicschool
1,2.7116976e-05,0.7738713,empathicschool_s28,combined,empathicschool
1,2.7116976e-05,0.7738713,empathicschool_s28,combined,empathicschool
1,2.7116976e-05,0.7738713,empathicschool_s28,combined,empathicschool
1,2.7116976e-05,0.7738713,empathicschool_s28,combined,empathicschool
1,2.7116976e-05,0.7738713,empathicschool_s28,combined,empathicschool
1,2.7116976e-05,0.7738713,empathicschool_s28,combined,empathicschool
1,2.7116976e-05,0.7738713,empathicschool_s28,combined,empathicschool
1,4.1884855e-06,0.912476,empathicschool_s28,combined,empathicschool
1,2.7116976e-05,0.7738713,empathicschool_s28,combined,empathicschool
1,2.7116976e-05,0.7738713,empathicschool_s28,combined,empathicschool
1,2.7116976e-05,0.7738713,empathicschool_s28,combined,empathicschool
1,2.7116976e-05,0.7738713,empathicschool_s28,combined,empathicschool
1,2.7116976e-05,0.7738713,empathicschool_s28,combined,empathicschool
1,2.7116976e-05,0.7738713,empathicschool_s28,combined,empathicschool
1,2.7116976e-05,0.7738713,empathicschool_s28,combined,empathicschool
1,2.7116976e-05,0.7738713,empathicschool_s28,combined,empathicschool
1,2.7116976e-05,0.7738713,empathicschool_s28,combined,empathicschool
1,2.7116976e-05,0.7738713,empathicschool_s28,combined,empathicschool
1,2.7116976e-05,0.7738709,empathicschool_s28,combined,empathicschool
1,4.1609705e-06,0.91290885,empathicschool_s28,combined,empathicschool
1,2.7116976e-05,0.7738713,empathicschool_s28,combined,empathicschool
1,2.7116976e-05,0.7738713,empathicschool_s28,combined,empathicschool
1,2.7116976e-05,0.7738713,empathicschool_s28,combined,empathicschool
1,2.7116976e-05,0.7738713,empathicschool_s28,combined,empathicschool
1,2.7116976e-05,0.7738713,empathicschool_s28,combined,empathicschool
1,2.7116976e-05,0.7738713,empathicschool_s28,combined,empathicschool
1,2.7116976e-05,0.7738713,empathicschool_s28,combined,empathicschool
1,2.7117027e-05,0.7738713,empathicschool_s28,combined,empathicschool
1,2.7116976e-05,0.7738713,empathicschool_s28,combined,empathicschool
1,2.7116976e-05,0.7738713,empathicschool_s28,combined,empathicschool
1,4.1342514e-06,0.91333234,empathicschool_s28,combined,empathicschool
1,2.7116976e-05,0.7738713,empathicschool_s28,combined,empathicschool
1,2.7116976e-05,0.7738713,empathicschool_s28,combined,empathicschool
1,2.7116976e-05,0.7738713,empathicschool_s28,combined,empathicschool
1,2.7116976e-05,0.7738713,empathicschool_s28,combined,empathicschool
1,2.7116976e-05,0.7738713,empathicschool_s28,combined,empathicschool
1,2.7116976e-05,0.7738713,empathicschool_s28,combined,empathicschool
1,2.7116976e-05,0.7738713,empathicschool_s28,combined,empathicschool
1,2.7116976e-05,0.7738713,empathicschool_s28,combined,empathicschool
1,2.7116976e-05,0.7738713,empathicschool_s28,combined,empathicschool
1,2.7116976e-05,0.7738713,empathicschool_s28,combined,empathicschool
1,4.1219914e-06,0.91353536,empathicschool_s28,combined,empathicschool
1,2.7116976e-05,0.7738713,empathicschool_s28,combined,empathicschool
1,2.7116976e-05,0.7738713,empathicschool_s28,combined,empathicschool
1,2.7117027e-05,0.7738713,empathicschool_s28,combined,empathicschool
1,2.7117027e-05,0.7738713,empathicschool_s28,combined,empathicschool
1,2.7117027e-05,0.7738713,empathicschool_s28,combined,empathicschool
1,2.7117027e-05,0.7738713,empathicschool_s28,combined,empathicschool
1,2.7117027e-05,0.7738713,empathicschool_s28,combined,empathicschool
1,2.7117027e-05,0.7738713,empathicschool_s28,combined,empathicschool
1,2.7117027e-05,0.7738713,empathicschool_s28,combined,empathicschool
1,2.7117027e-05,0.7738713,empathicschool_s28,combined,empathicschool
1,4.087606e-06,0.9141169,empathicschool_s28,combined,empathicschool
1,2.7117027e-05,0.7738713,empathicschool_s28,combined,empathicschool
1,2.7117027e-05,0.7738713,empathicschool_s28,combined,empathicschool
1,2.7117027e-05,0.7738713,empathicschool_s28,combined,empathicschool
1,2.7117027e-05,0.7738713,empathicschool_s28,combined,empathicschool
1,2.7117027e-05,0.7738713,empathicschool_s28,combined,empathicschool
1,2.7117027e-05,0.7738713,empathicschool_s28,combined,empathicschool
1,2.7117027e-05,0.7738713,empathicschool_s28,combined,empathicschool
1,2.7117027e-05,0.7738713,empathicschool_s28,combined,empathicschool
1,2.7117027e-05,0.7738713,empathicschool_s28,combined,empathicschool
1,2.7117027e-05,0.7738713,empathicschool_s28,combined,empathicschool
1,4.0402883e-06,0.91491175,empathicschool_s28,combined,empathicschool
1,2.7117027e-05,0.7738713,empathicschool_s28,combined,empathicschool
1,2.7117027e-05,0.7738713,empathicschool_s28,combined,empathicschool
1,2.7117027e-05,0.7738713,empathicschool_s28,combined,empathicschool
1,2.7117027e-05,0.7738713,empathicschool_s28,combined,empathicschool
1,2.7117027e-05,0.7738713,empathicschool_s28,combined,empathicschool
1,2.7117027e-05,0.7738713,empathicschool_s28,combined,empathicschool
1,2.7117027e-05,0.7738713,empathicschool_s28,combined,empathicschool
1,2.7117027e-05,0.7738713,empathicschool_s28,combined,empathicschool
1,2.7117027e-05,0.7738713,empathicschool_s28,combined,empathicschool
1,2.7117027e-05,0.7738713,empathicschool_s28,combined,empathicschool
1,4.019938e-06,0.9152482,empathicschool_s28,combined,empathicschool
1,2.7117027e-05,0.7738713,empathicschool_s28,combined,empathicschool
1,2.7116976e-05,0.7738715,empathicschool_s28,combined,empathicschool
1,2.7117027e-05,0.7738713,empathicschool_s28,combined,empathicschool
1,2.7117027e-05,0.7738713,empathicschool_s28,combined,empathicschool
1,2.7116976e-05,0.7738715,empathicschool_s28,combined,empathicschool
1,2.7117027e-05,0.7738713,empathicschool_s28,combined,empathicschool
1,2.7116976e-05,0.7738715,empathicschool_s28,combined,empathicschool
1,2.7116976e-05,0.7738715,empathicschool_s28,combined,empathicschool
1,2.7116976e-05,0.7738715,empathicschool_s28,combined,empathicschool
1,2.7116976e-05,0.7738715,empathicschool_s28,combined,empathicschool
1,4.023405e-06,0.9151914,empathicschool_s28,combined,empathicschool
1,2.7116976e-05,0.7738715,empathicschool_s28,combined,empathicschool
1,2.7116976e-05,0.7738715,empathicschool_s28,combined,empathicschool
1,2.7116976e-05,0.7738715,empathicschool_s28,combined,empathicschool
1,2.7116976e-05,0.7738715,empathicschool_s28,combined,empathicschool
1,2.7116976e-05,0.7738715,empathicschool_s28,combined,empathicschool
1,2.7116976e-05,0.7738715,empathicschool_s28,combined,empathicschool
1,2.7116976e-05,0.7738715,empathicschool_s28,combined,empathicschool
1,2.7116976e-05,0.7738715,empathicschool_s28,combined,empathicschool
1,2.7116976e-05,0.7738715,empathicschool_s28,combined,empathicschool
1,2.7116976e-05,0.7738715,empathicschool_s28,combined,empathicschool
1,4.028196e-06,0.9151161,empathicschool_s28,combined,empathicschool
1,2.7116976e-05,0.7738715,empathicschool_s28,combined,empathicschool
1,2.7116976e-05,0.7738715,empathicschool_s28,combined,empathicschool
1,2.7116976e-05,0.7738715,empathicschool_s28,combined,empathicschool
1,2.7116976e-05,0.7738715,empathicschool_s28,combined,empathicschool
1,2.7116976e-05,0.7738715,empathicschool_s28,combined,empathicschool
1,2.7116976e-05,0.7738715,empathicschool_s28,combined,empathicschool
1,2.7116976e-05,0.7738715,empathicschool_s28,combined,empathicschool
1,2.7116976e-05,0.7738715,empathicschool_s28,combined,empathicschool
1,2.7116976e-05,0.7738715,empathicschool_s28,combined,empathicschool
1,2.7116976e-05,0.7738715,empathicschool_s28,combined,empathicschool
1,3.9930087e-06,0.9156867,empathicschool_s28,combined,empathicschool
1,2.7116976e-05,0.7738715,empathicschool_s28,combined,empathicschool
1,2.7116976e-05,0.7738715,empathicschool_s28,combined,empathicschool
1,2.7116976e-05,0.7738715,empathicschool_s28,combined,empathicschool
1,2.7116976e-05,0.7738715,empathicschool_s28,combined,empathicschool
1,2.7116976e-05,0.7738715,empathicschool_s28,combined,empathicschool
1,2.7116976e-05,0.7738715,empathicschool_s28,combined,empathicschool
1,2.7116976e-05,0.7738715,empathicschool_s28,combined,empathicschool
1,2.7116976e-05,0.7738715,empathicschool_s28,combined,empathicschool
1,2.7116976e-05,0.7738715,empathicschool_s28,combined,empathicschool
1,2.7116976e-05,0.7738715,empathicschool_s28,combined,empathicschool
1,3.9536762e-06,0.9163324,empathicschool_s28,combined,empathicschool
1,2.7116976e-05,0.7738715,empathicschool_s28,combined,empathicschool
1,2.7116976e-05,0.7738715,empathicschool_s28,combined,empathicschool
1,2.7116976e-05,0.7738715,empathicschool_s28,combined,empathicschool
1,2.7116976e-05,0.7738715,empathicschool_s28,combined,empathicschool
1,2.7116976e-05,0.7738715,empathicschool_s28,combined,empathicschool
1,2.7116976e-05,0.7738715,empathicschool_s28,combined,empathicschool
1,2.7116976e-05,0.7738715,empathicschool_s28,combined,empathicschool
1,2.7116976e-05,0.7738715,empathicschool_s28,combined,empathicschool
1,2.7116976e-05,0.7738715,empathicschool_s28,combined,empathicschool
1,2.7116976e-05,0.7738715,empathicschool_s28,combined,empathicschool
1,2.7116976e-05,0.7738709,empathicschool_s28,combined,empathicschool
1,3.9396373e-06,0.91656107,empathicschool_s28,combined,empathicschool
1,2.7116976e-05,0.7738715,empathicschool_s28,combined,empathicschool
1,2.7116976e-05,0.7738715,empathicschool_s28,combined,empathicschool
1,2.7116976e-05,0.7738715,empathicschool_s28,combined,empathicschool
1,2.7116976e-05,0.7738715,empathicschool_s28,combined,empathicschool
1,2.7116976e-05,0.7738715,empathicschool_s28,combined,empathicschool
1,2.7116976e-05,0.7738715,empathicschool_s28,combined,empathicschool
1,2.7116976e-05,0.7738715,empathicschool_s28,combined,empathicschool
1,2.7116976e-05,0.7738715,empathicschool_s28,combined,empathicschool
1,2.7116976e-05,0.7738715,empathicschool_s28,combined,empathicschool
1,2.7116976e-05,0.7738715,empathicschool_s28,combined,empathicschool
1,3.9370757e-06,0.91660345,empathicschool_s28,combined,empathicschool
1,2.7116976e-05,0.7738715,empathicschool_s28,combined,empathicschool
1,2.7116976e-05,0.7738715,empathicschool_s28,combined,empathicschool
1,2.7116976e-05,0.7738715,empathicschool_s28,combined,empathicschool
1,2.7116976e-05,0.7738715,empathicschool_s28,combined,empathicschool
1,2.7116976e-05,0.7738715,empathicschool_s28,combined,empathicschool
1,2.7116976e-05,0.7738715,empathicschool_s28,combined,empathicschool
1,2.7116976e-05,0.7738715,empathicschool_s28,combined,empathicschool
1,2.7116976e-05,0.7738715,empathicschool_s28,combined,empathicschool
1,2.7116976e-05,0.7738715,empathicschool_s28,combined,empathicschool
1,2.7116976e-05,0.7738715,empathicschool_s28,combined,empathicschool
1,3.9314555e-06,0.9167018,empathicschool_s28,combined,empathicschool
1,2.7116976e-05,0.7738715,empathicschool_s28,combined,empathicschool
1,2.7116976e-05,0.7738715,empathicschool_s28,combined,empathicschool
1,2.7116976e-05,0.7738715,empathicschool_s28,combined,empathicschool
1,2.7116976e-05,0.7738715,empathicschool_s28,combined,empathicschool
1,2.7116976e-05,0.7738715,empathicschool_s28,combined,empathicschool
1,2.7116976e-05,0.7738715,empathicschool_s28,combined,empathicschool
1,2.7116976e-05,0.7738715,empathicschool_s28,combined,empathicschool
1,2.7116976e-05,0.7738715,empathicschool_s28,combined,empathicschool
1,2.7116976e-05,0.7738715,empathicschool_s28,combined,empathicschool
1,2.7116976e-05,0.7738715,empathicschool_s28,combined,empathicschool
1,3.9257907e-06,0.9167952,empathicschool_s28,combined,empathicschool
1,2.7116976e-05,0.7738715,empathicschool_s28,combined,empathicschool
1,2.7116976e-05,0.7738715,empathicschool_s28,combined,empathicschool
1,2.7116976e-05,0.7738715,empathicschool_s28,combined,empathicschool
1,2.7116976e-05,0.7738715,empathicschool_s28,combined,empathicschool
1,2.7116976e-05,0.7738715,empathicschool_s28,combined,empathicschool
1,2.7116976e-05,0.7738715,empathicschool_s28,combined,empathicschool
1,2.7116976e-05,0.7738715,empathicschool_s28,combined,empathicschool
1,2.7116976e-05,0.7738715,empathicschool_s28,combined,empathicschool
1,2.7116976e-05,0.7738715,empathicschool_s28,combined,empathicschool
1,2.7116976e-05,0.7738715,empathicschool_s28,combined,empathicschool
1,3.9357055e-06,0.9166389,empathicschool_s28,combined,empathicschool
1,2.7116976e-05,0.7738715,empathicschool_s28,combined,empathicschool
1,2.7116976e-05,0.7738715,empathicschool_s28,combined,empathicschool
1,2.7116976e-05,0.7738715,empathicschool_s28,combined,empathicschool
1,2.7116976e-05,0.7738715,empathicschool_s28,combined,empathicschool
1,2.7116976e-05,0.7738715,empathicschool_s28,combined,empathicschool
1,2.7116976e-05,0.7738715,empathicschool_s28,combined,empathicschool
1,2.7116976e-05,0.7738715,empathicschool_s28,combined,empathicschool
1,2.7116976e-05,0.7738715,empathicschool_s28,combined,empathicschool
1,2.7116976e-05,0.7738715,empathicschool_s28,combined,empathicschool
1,2.7116976e-05,0.7738715,empathicschool_s28,combined,empathicschool
1,3.9544534e-06,0.9163327,empathicschool_s28,combined,empathicschool
1,2.7116976e-05,0.7738715,empathicschool_s28,combined,empathicschool
1,2.7116976e-05,0.7738715,empathicschool_s28,combined,empathicschool
1,2.7116976e-05,0.7738715,empathicschool_s28,combined,empathicschool
1,2.7116976e-05,0.7738715,empathicschool_s28,combined,empathicschool
1,2.7116976e-05,0.7738715,empathicschool_s28,combined,empathicschool
1,2.7116976e-05,0.7738715,empathicschool_s28,combined,empathicschool
1,2.7116976e-05,0.7738715,empathicschool_s28,combined,empathicschool
1,2.7116976e-05,0.7738715,empathicschool_s28,combined,empathicschool
1,2.7116976e-05,0.7738715,empathicschool_s28,combined,empathicschool
1,2.7116976e-05,0.7738715,empathicschool_s28,combined,empathicschool
1,3.9294573e-06,0.9167945,empathicschool_s28,combined,empathicschool
1,2.7116976e-05,0.7738715,empathicschool_s28,combined,empathicschool
1,2.7116976e-05,0.7738715,empathicschool_s28,combined,empathicschool
1,2.7116976e-05,0.7738715,empathicschool_s28,combined,empathicschool
1,2.7116976e-05,0.7738715,empathicschool_s28,combined,empathicschool
1,2.7116976e-05,0.7738715,empathicschool_s28,combined,empathicschool
1,2.7116976e-05,0.7738715,empathicschool_s28,combined,empathicschool
1,2.7116976e-05,0.7738715,empathicschool_s28,combined,empathicschool
1,2.7116976e-05,0.7738715,empathicschool_s28,combined,empathicschool
1,2.7116976e-05,0.7738715,empathicschool_s28,combined,empathicschool
1,2.7116976e-05,0.7738715,empathicschool_s28,combined,empathicschool
1,3.89941e-06,0.9173034,empathicschool_s28,combined,empathicschool
1,2.7116976e-05,0.7738715,empathicschool_s28,combined,empathicschool
1,2.7116976e-05,0.7738715,empathicschool_s28,combined,empathicschool
1,2.7116976e-05,0.7738715,empathicschool_s28,combined,empathicschool
1,2.7116976e-05,0.7738715,empathicschool_s28,combined,empathicschool
1,2.7116976e-05,0.7738715,empathicschool_s28,combined,empathicschool
1,2.7116976e-05,0.7738715,empathicschool_s28,combined,empathicschool
1,2.7116976e-05,0.7738715,empathicschool_s28,combined,empathicschool
1,2.7116976e-05,0.7738715,empathicschool_s28,combined,empathicschool
1,2.7116976e-05,0.7738715,empathicschool_s28,combined,empathicschool
1,2.7116976e-05,0.7738715,empathicschool_s28,combined,empathicschool
1,3.905975e-06,0.91717136,empathicschool_s28,combined,empathicschool
1,2.7116976e-05,0.7738715,empathicschool_s28,combined,empathicschool
1,2.7116976e-05,0.7738715,empathicschool_s28,combined,empathicschool
1,2.7116976e-05,0.7738715,empathicschool_s28,combined,empathicschool
1,2.7116976e-05,0.7738715,empathicschool_s28,combined,empathicschool
1,2.7116976e-05,0.7738715,empathicschool_s28,combined,empathicschool
1,2.7116976e-05,0.7738715,empathicschool_s28,combined,empathicschool
1,2.7116976e-05,0.7738715,empathicschool_s28,combined,empathicschool
1,2.7116976e-05,0.7738715,empathicschool_s28,combined,empathicschool
1,2.7116976e-05,0.7738715,empathicschool_s28,combined,empathicschool
1,2.7116976e-05,0.7738715,empathicschool_s28,combined,empathicschool
1,3.8992093e-06,0.9173174,empathicschool_s28,combined,empathicschool
1,2.7116976e-05,0.7738715,empathicschool_s28,combined,empathicschool
1,2.7116976e-05,0.7738715,empathicschool_s28,combined,empathicschool
1,2.7116976e-05,0.7738715,empathicschool_s28,combined,empathicschool
1,2.7116976e-05,0.7738715,empathicschool_s28,combined,empathicschool
1,2.7116976e-05,0.7738715,empathicschool_s28,combined,empathicschool
1,2.7116976e-05,0.7738715,empathicschool_s28,combined,empathicschool
1,2.7116976e-05,0.7738715,empathicschool_s28,combined,empathicschool
1,2.7116976e-05,0.7738715,empathicschool_s28,combined,empathicschool
1,2.7116976e-05,0.7738715,empathicschool_s28,combined,empathicschool
1,2.7116976e-05,0.7738715,empathicschool_s28,combined,empathicschool
1,2.7116976e-05,0.7738709,empathicschool_s28,combined,empathicschool
1,3.8797425e-06,0.9176687,empathicschool_s28,combined,empathicschool
1,2.7116976e-05,0.7738715,empathicschool_s28,combined,empathicschool
1,2.7116976e-05,0.7738715,empathicschool_s28,combined,empathicschool
1,2.7116976e-05,0.7738715,empathicschool_s28,combined,empathicschool
1,2.7116976e-05,0.7738715,empathicschool_s28,combined,empathicschool
1,2.7116976e-05,0.7738715,empathicschool_s28,combined,empathicschool
1,2.7116976e-05,0.7738715,empathicschool_s28,combined,empathicschool
1,2.7116976e-05,0.7738715,empathicschool_s28,combined,empathicschool
1,2.7116976e-05,0.7738715,empathicschool_s28,combined,empathicschool
1,2.7116976e-05,0.7738715,empathicschool_s28,combined,empathicschool
1,2.7116976e-05,0.7738715,empathicschool_s28,combined,empathicschool
1,3.8908847e-06,0.91747,empathicschool_s28,combined,empathicschool
1,2.7116976e-05,0.7738715,empathicschool_s28,combined,empathicschool
1,2.7116976e-05,0.7738715,empathicschool_s28,combined,empathicschool
1,2.7116976e-05,0.7738715,empathicschool_s28,combined,empathicschool
1,2.7116976e-05,0.7738715,empathicschool_s28,combined,empathicschool
1,2.7116976e-05,0.7738715,empathicschool_s28,combined,empathicschool
1,2.7116976e-05,0.7738715,empathicschool_s28,combined,empathicschool
1,2.7116976e-05,0.7738715,empathicschool_s28,combined,empathicschool
1,2.7116976e-05,0.7738715,empathicschool_s28,combined,empathicschool
1,2.7116976e-05,0.7738715,empathicschool_s28,combined,empathicschool
1,2.7116976e-05,0.7738715,empathicschool_s28,combined,empathicschool
1,3.9187057e-06,0.9170139,empathicschool_s28,combined,empathicschool
1,2.7116976e-05,0.7738715,empathicschool_s28,combined,empathicschool
1,2.7116976e-05,0.7738715,empathicschool_s28,combined,empathicschool
1,2.7116976e-05,0.7738715,empathicschool_s28,combined,empathicschool
1,2.7116976e-05,0.7738715,empathicschool_s28,combined,empathicschool
1,2.7116976e-05,0.7738715,empathicschool_s28,combined,empathicschool
1,2.7116976e-05,0.7738715,empathicschool_s28,combined,empathicschool
1,2.7116976e-05,0.7738715,empathicschool_s28,combined,empathicschool
1,2.7116976e-05,0.7738715,empathicschool_s28,combined,empathicschool
1,2.7116976e-05,0.7738715,empathicschool_s28,combined,empathicschool
1,2.7116976e-05,0.7738715,empathicschool_s28,combined,empathicschool
1,3.9275765e-06,0.91687775,empathicschool_s28,combined,empathicschool
1,2.7116976e-05,0.7738715,empathicschool_s28,combined,empathicschool
1,2.7116976e-05,0.7738715,empathicschool_s28,combined,empathicschool
1,2.7116976e-05,0.7738715,empathicschool_s28,combined,empathicschool
1,2.7116976e-05,0.7738715,empathicschool_s28,combined,empathicschool
1,2.7116976e-05,0.7738715,empathicschool_s28,combined,empathicschool
1,2.7116976e-05,0.7738715,empathicschool_s28,combined,empathicschool
1,2.7116976e-05,0.7738715,empathicschool_s28,combined,empathicschool
1,2.7116976e-05,0.7738715,empathicschool_s28,combined,empathicschool
1,2.7116976e-05,0.7738715,empathicschool_s28,combined,empathicschool
1,2.7116976e-05,0.7738715,empathicschool_s28,combined,empathicschool
1,3.9187394e-06,0.917036,empathicschool_s28,combined,empathicschool
1,2.7116976e-05,0.7738715,empathicschool_s28,combined,empathicschool
1,2.7116976e-05,0.7738715,empathicschool_s28,combined,empathicschool
1,2.7116976e-05,0.7738715,empathicschool_s28,combined,empathicschool
1,2.7116976e-05,0.7738715,empathicschool_s28,combined,empathicschool
1,2.7116976e-05,0.7738715,empathicschool_s28,combined,empathicschool
1,2.7116976e-05,0.7738715,empathicschool_s28,combined,empathicschool
1,2.7116976e-05,0.7738715,empathicschool_s28,combined,empathicschool
1,2.7116976e-05,0.7738715,empathicschool_s28,combined,empathicschool
1,2.7116976e-05,0.7738715,empathicschool_s28,combined,empathicschool
1,2.7116976e-05,0.7738715,empathicschool_s28,combined,empathicschool
1,3.8802236e-06,0.91768014,empathicschool_s28,combined,empathicschool
1,2.7116976e-05,0.7738715,empathicschool_s28,combined,empathicschool
1,2.7116976e-05,0.7738715,empathicschool_s28,combined,empathicschool
1,2.7116976e-05,0.7738715,empathicschool_s28,combined,empathicschool
1,2.7116976e-05,0.7738715,empathicschool_s28,combined,empathicschool
1,2.7117027e-05,0.77387136,empathicschool_s28,combined,empathicschool
1,2.7116976e-05,0.7738715,empathicschool_s28,combined,empathicschool
1,2.7116976e-05,0.7738715,empathicschool_s28,combined,empathicschool
1,2.7116976e-05,0.7738715,empathicschool_s28,combined,empathicschool
1,2.7116976e-05,0.7738715,empathicschool_s28,combined,empathicschool
1,2.7116976e-05,0.7738715,empathicschool_s28,combined,empathicschool
1,3.8887215e-06,0.9175221,empathicschool_s28,combined,empathicschool
1,2.7116976e-05,0.7738715,empathicschool_s28,combined,empathicschool
1,2.7116976e-05,0.7738715,empathicschool_s28,combined,empathicschool
1,2.7116976e-05,0.7738715,empathicschool_s28,combined,empathicschool
1,2.7116976e-05,0.7738715,empathicschool_s28,combined,empathicschool
1,2.7116976e-05,0.7738715,empathicschool_s28,combined,empathicschool
1,2.7116976e-05,0.7738715,empathicschool_s28,combined,empathicschool
1,2.7117027e-05,0.77387136,empathicschool_s28,combined,empathicschool
1,2.7117027e-05,0.77387136,empathicschool_s28,combined,empathicschool
1,2.7117027e-05,0.77387136,empathicschool_s28,combined,empathicschool
1,2.7116976e-05,0.7738715,empathicschool_s28,combined,empathicschool
1,3.917749e-06,0.9170454,empathicschool_s28,combined,empathicschool
1,2.7116976e-05,0.7738715,empathicschool_s28,combined,empathicschool
1,2.7116976e-05,0.7738715,empathicschool_s28,combined,empathicschool
1,2.7116976e-05,0.7738715,empathicschool_s28,combined,empathicschool
1,2.7116976e-05,0.7738715,empathicschool_s28,combined,empathicschool
1,2.7116976e-05,0.7738715,empathicschool_s28,combined,empathicschool
1,2.7116976e-05,0.7738715,empathicschool_s28,combined,empathicschool
1,2.7117027e-05,0.77387136,empathicschool_s28,combined,empathicschool
1,2.7117027e-05,0.77387136,empathicschool_s28,combined,empathicschool
1,2.7117027e-05,0.77387136,empathicschool_s28,combined,empathicschool
1,2.7117027e-05,0.77387136,empathicschool_s28,combined,empathicschool
1,3.9146566e-06,0.91709906,empathicschool_s28,combined,empathicschool
1,2.7117027e-05,0.77387136,empathicschool_s28,combined,empathicschool
1,2.7117027e-05,0.77387136,empathicschool_s28,combined,empathicschool
1,2.7117027e-05,0.77387136,empathicschool_s28,combined,empathicschool
1,2.7117027e-05,0.77387136,empathicschool_s28,combined,empathicschool
1,2.7116976e-05,0.7738715,empathicschool_s28,combined,empathicschool
1,2.7117027e-05,0.77387136,empathicschool_s28,combined,empathicschool
1,2.7117027e-05,0.77387136,empathicschool_s28,combined,empathicschool
1,2.7116976e-05,0.7738715,empathicschool_s28,combined,empathicschool
1,2.7117027e-05,0.77387136,empathicschool_s28,combined,empathicschool
1,2.7117027e-05,0.77387136,empathicschool_s28,combined,empathicschool
1,3.9079277e-06,0.91728157,empathicschool_s28,combined,empathicschool
1,2.7117027e-05,0.77387136,empathicschool_s28,combined,empathicschool
1,2.7117027e-05,0.77387136,empathicschool_s28,combined,empathicschool
1,2.7117027e-05,0.77387136,empathicschool_s28,combined,empathicschool
1,2.7117027e-05,0.77387136,empathicschool_s28,combined,empathicschool
1,2.7117027e-05,0.77387136,empathicschool_s28,combined,empathicschool
1,2.7117027e-05,0.77387136,empathicschool_s28,combined,empathicschool
1,2.7117027e-05,0.77387136,empathicschool_s28,combined,empathicschool
1,2.7117027e-05,0.77387136,empathicschool_s28,combined,empathicschool
1,2.7117027e-05,0.77387136,empathicschool_s28,combined,empathicschool
1,2.7117027e-05,0.77387136,empathicschool_s28,combined,empathicschool
1,2.7119817e-05,0.7737579,empathicschool_s28,combined,empathicschool
1,3.869589e-06,0.9179053,empathicschool_s28,combined,empathicschool
1,2.7117027e-05,0.77387136,empathicschool_s28,combined,empathicschool
1,2.7117027e-05,0.77387136,empathicschool_s28,combined,empathicschool
1,2.7117027e-05,0.77387136,empathicschool_s28,combined,empathicschool
1,2.7117027e-05,0.77387136,empathicschool_s28,combined,empathicschool
1,2.7117027e-05,0.77387136,empathicschool_s28,combined,empathicschool
1,2.7117027e-05,0.77387136,empathicschool_s28,combined,empathicschool
1,2.7117027e-05,0.77387136,empathicschool_s28,combined,empathicschool
1,2.7117027e-05,0.77387136,empathicschool_s28,combined,empathicschool
1,2.7117027e-05,0.77387136,empathicschool_s28,combined,empathicschool
1,2.7117027e-05,0.77387136,empathicschool_s28,combined,empathicschool
1,3.8622265e-06,0.91802424,empathicschool_s28,combined,empathicschool
1,2.7117027e-05,0.77387136,empathicschool_s28,combined,empathicschool
1,2.7117027e-05,0.77387136,empathicschool_s28,combined,empathicschool
1,2.7117027e-05,0.77387136,empathicschool_s28,combined,empathicschool
1,2.7117027e-05,0.77387136,empathicschool_s28,combined,empathicschool
1,2.7117027e-05,0.77387136,empathicschool_s28,combined,empathicschool
1,2.7117027e-05,0.77387136,empathicschool_s28,combined,empathicschool
1,2.7117027e-05,0.77387136,empathicschool_s28,combined,empathicschool
1,2.7117027e-05,0.77387136,empathicschool_s28,combined,empathicschool
1,2.7117027e-05,0.77387136,empathicschool_s28,combined,empathicschool
1,2.7117027e-05,0.77387136,empathicschool_s28,combined,empathicschool
1,3.8561648e-06,0.91817313,empathicschool_s28,combined,empathicschool
1,2.7117027e-05,0.77387136,empathicschool_s28,combined,empathicschool
1,2.7117027e-05,0.77387136,empathicschool_s28,combined,empathicschool
1,2.7117027e-05,0.77387136,empathicschool_s28,combined,empathicschool
1,2.7117027e-05,0.77387136,empathicschool_s28,combined,empathicschool
1,2.7117027e-05,0.77387136,empathicschool_s28,combined,empathicschool
1,2.7117027e-05,0.77387136,empathicschool_s28,combined,empathicschool
1,2.7117027e-05,0.77387136,empathicschool_s28,combined,empathicschool
1,2.7117027e-05,0.77387136,empathicschool_s28,combined,empathicschool
1,2.7117027e-05,0.77387136,empathicschool_s28,combined,empathicschool
1,2.7117027e-05,0.77387136,empathicschool_s28,combined,empathicschool
1,3.8437183e-06,0.91837156,empathicschool_s28,combined,empathicschool
1,2.7117027e-05,0.77387136,empathicschool_s28,combined,empathicschool
1,2.7117027e-05,0.77387136,empathicschool_s28,combined,empathicschool
1,2.7117027e-05,0.77387136,empathicschool_s28,combined,empathicschool
1,2.7117027e-05,0.77387136,empathicschool_s28,combined,empathicschool
1,2.7117027e-05,0.77387136,empathicschool_s28,combined,empathicschool
1,2.7117027e-05,0.77387136,empathicschool_s28,combined,empathicschool
1,2.7117027e-05,0.77387136,empathicschool_s28,combined,empathicschool
1,2.7117027e-05,0.77387136,empathicschool_s28,combined,empathicschool
1,2.7117027e-05,0.77387136,empathicschool_s28,combined,empathicschool
1,2.7117027e-05,0.77387136,empathicschool_s28,combined,empathicschool
1,3.8510566e-06,0.9182326,empathicschool_s28,combined,empathicschool
1,2.7117027e-05,0.77387136,empathicschool_s28,combined,empathicschool
1,2.7117027e-05,0.77387136,empathicschool_s28,combined,empathicschool
1,2.7117027e-05,0.77387136,empathicschool_s28,combined,empathicschool
1,2.7117027e-05,0.77387136,empathicschool_s28,combined,empathicschool
1,2.7117027e-05,0.77387136,empathicschool_s28,combined,empathicschool
1,2.7117027e-05,0.77387136,empathicschool_s28,combined,empathicschool
1,2.7117027e-05,0.77387136,empathicschool_s28,combined,empathicschool
1,2.7117027e-05,0.77387136,empathicschool_s28,combined,empathicschool
1,2.7117027e-05,0.77387136,empathicschool_s28,combined,empathicschool
1,2.7117027e-05,0.77387136,empathicschool_s28,combined,empathicschool
1,3.868947e-06,0.9179475,empathicschool_s28,combined,empathicschool
1,2.7117027e-05,0.77387136,empathicschool_s28,combined,empathicschool
1,2.7117027e-05,0.77387136,empathicschool_s28,combined,empathicschool
1,2.7117027e-05,0.77387136,empathicschool_s28,combined,empathicschool
1,2.7117027e-05,0.77387136,empathicschool_s28,combined,empathicschool
1,2.7117027e-05,0.77387136,empathicschool_s28,combined,empathicschool
1,2.7117027e-05,0.77387136,empathicschool_s28,combined,empathicschool
1,2.7117027e-05,0.77387136,empathicschool_s28,combined,empathicschool
1,2.7117027e-05,0.77387136,empathicschool_s28,combined,empathicschool
1,2.7117027e-05,0.77387136,empathicschool_s28,combined,empathicschool
1,2.7117027e-05,0.77387136,empathicschool_s28,combined,empathicschool
1,3.855253e-06,0.91821146,empathicschool_s28,combined,empathicschool
1,2.7117027e-05,0.77387136,empathicschool_s28,combined,empathicschool
1,2.7117027e-05,0.77387136,empathicschool_s28,combined,empathicschool
1,2.7117027e-05,0.77387136,empathicschool_s28,combined,empathicschool
1,2.7117027e-05,0.77387136,empathicschool_s28,combined,empathicschool
1,2.7117027e-05,0.77387136,empathicschool_s28,combined,empathicschool
1,2.7117027e-05,0.77387136,empathicschool_s28,combined,empathicschool
1,2.7117027e-05,0.77387136,empathicschool_s28,combined,empathicschool
1,2.7117027e-05,0.77387136,empathicschool_s28,combined,empathicschool
1,2.7117027e-05,0.77387136,empathicschool_s28,combined,empathicschool
1,2.7117027e-05,0.77387136,empathicschool_s28,combined,empathicschool
1,3.8408452e-06,0.91847575,empathicschool_s28,combined,empathicschool
1,2.7117027e-05,0.77387136,empathicschool_s28,combined,empathicschool
1,2.7117027e-05,0.77387136,empathicschool_s28,combined,empathicschool
1,2.7117027e-05,0.77387136,empathicschool_s28,combined,empathicschool
1,2.7117027e-05,0.77387136,empathicschool_s28,combined,empathicschool
1,2.7117027e-05,0.77387136,empathicschool_s28,combined,empathicschool
1,2.7117027e-05,0.77387136,empathicschool_s28,combined,empathicschool
1,2.7117027e-05,0.77387136,empathicschool_s28,combined,empathicschool
1,2.7117027e-05,0.77387136,empathicschool_s28,combined,empathicschool
1,2.7117027e-05,0.77387136,empathicschool_s28,combined,empathicschool
1,2.7117027e-05,0.77387136,empathicschool_s28,combined,empathicschool
1,3.833486e-06,0.91859853,empathicschool_s28,combined,empathicschool
1,2.7117027e-05,0.77387136,empathicschool_s28,combined,empathicschool
1,2.7117027e-05,0.77387136,empathicschool_s28,combined,empathicschool
1,2.7117027e-05,0.77387136,empathicschool_s28,combined,empathicschool
1,2.7117027e-05,0.77387136,empathicschool_s28,combined,empathicschool
1,2.7117027e-05,0.77387136,empathicschool_s28,combined,empathicschool
1,2.7117027e-05,0.77387136,empathicschool_s28,combined,empathicschool
1,2.7117027e-05,0.77387136,empathicschool_s28,combined,empathicschool
1,2.7117027e-05,0.77387136,empathicschool_s28,combined,empathicschool
1,2.7117027e-05,0.77387136,empathicschool_s28,combined,empathicschool
1,2.7117027e-05,0.77387136,empathicschool_s28,combined,empathicschool
1,3.8603557e-06,0.91811216,empathicschool_s28,combined,empathicschool
1,2.7117027e-05,0.77387136,empathicschool_s28,combined,empathicschool
1,2.7117027e-05,0.77387136,empathicschool_s28,combined,empathicschool
1,2.7117027e-05,0.77387136,empathicschool_s28,combined,empathicschool
1,2.7117027e-05,0.77387136,empathicschool_s28,combined,empathicschool
1,2.7117027e-05,0.77387136,empathicschool_s28,combined,empathicschool
1,2.7117027e-05,0.77387136,empathicschool_s28,combined,empathicschool
1,2.7117027e-05,0.77387136,empathicschool_s28,combined,empathicschool
1,2.7117027e-05,0.77387136,empathicschool_s28,combined,empathicschool
1,2.7117027e-05,0.77387136,empathicschool_s28,combined,empathicschool
1,2.7117027e-05,0.77387136,empathicschool_s28,combined,empathicschool
1,2.7121447e-05,0.7736989,empathicschool_s28,combined,empathicschool
1,3.8862822e-06,0.91769564,empathicschool_s28,combined,empathicschool
1,2.7117027e-05,0.77387136,empathicschool_s28,combined,empathicschool
1,2.7117027e-05,0.77387136,empathicschool_s28,combined,empathicschool
1,2.7117027e-05,0.77387136,empathicschool_s28,combined,empathicschool
1,2.7117027e-05,0.77387136,empathicschool_s28,combined,empathicschool
1,2.7117027e-05,0.77387136,empathicschool_s28,combined,empathicschool
1,2.7117027e-05,0.77387136,empathicschool_s28,combined,empathicschool
1,2.7117027e-05,0.77387136,empathicschool_s28,combined,empathicschool
1,2.7117027e-05,0.77387136,empathicschool_s28,combined,empathicschool
1,2.7117027e-05,0.77387136,empathicschool_s28,combined,empathicschool
1,2.7117027e-05,0.77387136,empathicschool_s28,combined,empathicschool
1,3.868076e-06,0.9180187,empathicschool_s28,combined,empathicschool
1,2.7117027e-05,0.77387136,empathicschool_s28,combined,empathicschool
1,2.7117027e-05,0.77387136,empathicschool_s28,combined,empathicschool
1,2.7117027e-05,0.77387136,empathicschool_s28,combined,empathicschool
1,2.7117027e-05,0.77387136,empathicschool_s28,combined,empathicschool
1,2.7117027e-05,0.77387136,empathicschool_s28,combined,empathicschool
1,2.7117027e-05,0.77387136,empathicschool_s28,combined,empathicschool
1,2.7117027e-05,0.77387136,empathicschool_s28,combined,empathicschool
1,2.7117027e-05,0.77387136,empathicschool_s28,combined,empathicschool
1,2.7117027e-05,0.77387136,empathicschool_s28,combined,empathicschool
1,2.7117027e-05,0.77387136,empathicschool_s28,combined,empathicschool
1,3.8398566e-06,0.91849875,empathicschool_s28,combined,empathicschool
1,2.7117027e-05,0.77387136,empathicschool_s28,combined,empathicschool
1,2.7117027e-05,0.77387136,empathicschool_s28,combined,empathicschool
1,2.7117027e-05,0.77387136,empathicschool_s28,combined,empathicschool
1,2.7117027e-05,0.77387136,empathicschool_s28,combined,empathicschool
1,2.7117027e-05,0.77387136,empathicschool_s28,combined,empathicschool
1,2.7117027e-05,0.77387136,empathicschool_s28,combined,empathicschool
1,2.7117027e-05,0.77387136,empathicschool_s28,combined,empathicschool
1,2.7117027e-05,0.77387136,empathicschool_s28,combined,empathicschool
1,2.7117027e-05,0.77387136,empathicschool_s28,combined,empathicschool
1,2.7117027e-05,0.77387136,empathicschool_s28,combined,empathicschool
1,3.8287258e-06,0.918687,empathicschool_s28,combined,empathicschool
1,2.7117027e-05,0.77387136,empathicschool_s28,combined,empathicschool
1,2.7117027e-05,0.77387136,empathicschool_s28,combined,empathicschool
1,2.7117027e-05,0.77387136,empathicschool_s28,combined,empathicschool
1,2.7117027e-05,0.77387136,empathicschool_s28,combined,empathicschool
1,2.7117027e-05,0.77387136,empathicschool_s28,combined,empathicschool
1,2.7117027e-05,0.77387136,empathicschool_s28,combined,empathicschool
1,2.7117027e-05,0.77387136,empathicschool_s28,combined,empathicschool
1,2.7117027e-05,0.77387136,empathicschool_s28,combined,empathicschool
1,2.7117027e-05,0.77387136,empathicschool_s28,combined,empathicschool
1,2.7117027e-05,0.77387136,empathicschool_s28,combined,empathicschool
1,3.8292405e-06,0.9186816,empathicschool_s28,combined,empathicschool
1,2.7117027e-05,0.77387136,empathicschool_s28,combined,empathicschool
1,2.7117027e-05,0.77387136,empathicschool_s28,combined,empathicschool
1,2.7117027e-05,0.77387136,empathicschool_s28,combined,empathicschool
1,2.7117027e-05,0.77387136,empathicschool_s28,combined,empathicschool
1,2.7117027e-05,0.77387136,empathicschool_s28,combined,empathicschool
1,2.7117027e-05,0.77387136,empathicschool_s28,combined,empathicschool
1,2.7117027e-05,0.77387136,empathicschool_s28,combined,empathicschool
1,2.7117027e-05,0.77387136,empathicschool_s28,combined,empathicschool
1,2.7117027e-05,0.77387136,empathicschool_s28,combined,empathicschool
1,2.7117027e-05,0.77387136,empathicschool_s28,combined,empathicschool
1,3.8255425e-06,0.91874903,empathicschool_s28,combined,empathicschool
1,2.7117027e-05,0.77387136,empathicschool_s28,combined,empathicschool
1,2.7117027e-05,0.77387136,empathicschool_s28,combined,empathicschool
1,2.7117027e-05,0.77387136,empathicschool_s28,combined,empathicschool
1,2.7117027e-05,0.77387136,empathicschool_s28,combined,empathicschool
1,2.7117027e-05,0.77387136,empathicschool_s28,combined,empathicschool
1,2.7117027e-05,0.77387136,empathicschool_s28,combined,empathicschool
1,2.7117027e-05,0.77387136,empathicschool_s28,combined,empathicschool
1,2.7117027e-05,0.77387136,empathicschool_s28,combined,empathicschool
1,2.7117027e-05,0.77387136,empathicschool_s28,combined,empathicschool
1,2.7117027e-05,0.77387136,empathicschool_s28,combined,empathicschool
1,3.8387216e-06,0.91856337,empathicschool_s28,combined,empathicschool
1,2.7117027e-05,0.77387136,empathicschool_s28,combined,empathicschool
1,2.7117027e-05,0.77387136,empathicschool_s28,combined,empathicschool
1,2.7117027e-05,0.77387136,empathicschool_s28,combined,empathicschool
1,2.7117027e-05,0.77387136,empathicschool_s28,combined,empathicschool
1,2.7117027e-05,0.77387136,empathicschool_s28,combined,empathicschool
1,2.7117027e-05,0.77387136,empathicschool_s28,combined,empathicschool
1,2.7117027e-05,0.77387136,empathicschool_s28,combined,empathicschool
1,2.7117027e-05,0.77387136,empathicschool_s28,combined,empathicschool
1,2.7117027e-05,0.77387136,empathicschool_s28,combined,empathicschool
1,2.7117027e-05,0.77387136,empathicschool_s28,combined,empathicschool
1,3.827791e-06,0.91887456,empathicschool_s28,combined,empathicschool
1,2.7117027e-05,0.77387136,empathicschool_s28,combined,empathicschool
1,2.7117027e-05,0.77387136,empathicschool_s28,combined,empathicschool
1,2.7117027e-05,0.77387136,empathicschool_s28,combined,empathicschool
1,2.7117027e-05,0.77387136,empathicschool_s28,combined,empathicschool
1,2.7117027e-05,0.77387136,empathicschool_s28,combined,empathicschool
1,2.7117027e-05,0.77387136,empathicschool_s28,combined,empathicschool
1,2.7117027e-05,0.77387136,empathicschool_s28,combined,empathicschool
1,2.7117027e-05,0.77387136,empathicschool_s28,combined,empathicschool
1,2.7117027e-05,0.77387136,empathicschool_s28,combined,empathicschool
1,2.7117027e-05,0.77387136,empathicschool_s28,combined,empathicschool
1,3.764973e-06,0.9198322,empathicschool_s28,combined,empathicschool
1,2.7117027e-05,0.77387136,empathicschool_s28,combined,empathicschool
1,2.7117027e-05,0.77387136,empathicschool_s28,combined,empathicschool
1,2.7117027e-05,0.77387136,empathicschool_s28,combined,empathicschool
1,2.7117027e-05,0.77387136,empathicschool_s28,combined,empathicschool
1,2.7117027e-05,0.77387136,empathicschool_s28,combined,empathicschool
1,2.7117027e-05,0.77387136,empathicschool_s28,combined,empathicschool
1,2.7117027e-05,0.77387136,empathicschool_s28,combined,empathicschool
1,2.7117027e-05,0.77387136,empathicschool_s28,combined,empathicschool
1,2.7117027e-05,0.77387136,empathicschool_s28,combined,empathicschool
1,2.7117027e-05,0.77387136,empathicschool_s28,combined,empathicschool
1,5.3755925e-06,0.900909,empathicschool_s28,combined,empathicschool
1,2.7117027e-05,0.77387136,empathicschool_s28,combined,empathicschool
1,2.7117027e-05,0.77387136,empathicschool_s28,combined,empathicschool
1,2.7117027e-05,0.77387136,empathicschool_s28,combined,empathicschool
1,2.7117027e-05,0.77387136,empathicschool_s28,combined,empathicschool
1,2.7117027e-05,0.77387136,empathicschool_s28,combined,empathicschool
1,2.7117027e-05,0.77387136,empathicschool_s28,combined,empathicschool
1,2.7117027e-05,0.77387136,empathicschool_s28,combined,empathicschool
1,2.7117027e-05,0.77387136,empathicschool_s28,combined,empathicschool
1,2.7117027e-05,0.77387136,empathicschool_s28,combined,empathicschool
1,2.7117027e-05,0.77387136,empathicschool_s28,combined,empathicschool
1,2.7122429e-05,0.7736596,empathicschool_s28,combined,empathicschool
1,2.2599303e-05,0.7976364,empathicschool_s28,combined,empathicschool
1,2.7117027e-05,0.77387136,empathicschool_s28,combined,empathicschool
1,2.7117027e-05,0.77387136,empathicschool_s28,combined,empathicschool
1,2.7117027e-05,0.77387136,empathicschool_s28,combined,empathicschool
1,2.7117027e-05,0.77387136,empathicschool_s28,combined,empathicschool
1,2.7117027e-05,0.77387136,empathicschool_s28,combined,empathicschool
1,2.7117027e-05,0.77387136,empathicschool_s28,combined,empathicschool
1,2.7117027e-05,0.77387136,empathicschool_s28,combined,empathicschool
1,2.7117027e-05,0.77387136,empathicschool_s28,combined,empathicschool
1,2.7117027e-05,0.77387136,empathicschool_s28,combined,empathicschool
1,2.7117027e-05,0.77387136,empathicschool_s28,combined,empathicschool
1,2.7116976e-05,0.7738713,empathicschool_s28,combined,empathicschool
1,2.7117027e-05,0.77387136,empathicschool_s28,combined,empathicschool
1,2.7117027e-05,0.77387136,empathicschool_s28,combined,empathicschool
1,2.7117027e-05,0.77387136,empathicschool_s28,combined,empathicschool
1,2.7117027e-05,0.77387136,empathicschool_s28,combined,empathicschool
1,2.7117027e-05,0.77387136,empathicschool_s28,combined,empathicschool
1,2.7117027e-05,0.77387136,empathicschool_s28,combined,empathicschool
1,2.7117027e-05,0.77387136,empathicschool_s28,combined,empathicschool
1,2.7117027e-05,0.77387136,empathicschool_s28,combined,empathicschool
1,2.7117027e-05,0.77387136,empathicschool_s28,combined,empathicschool
1,2.7117027e-05,0.77387136,empathicschool_s28,combined,empathicschool
1,2.7116976e-05,0.7738713,empathicschool_s28,combined,empathicschool
1,2.7117027e-05,0.77387136,empathicschool_s28,combined,empathicschool
1,2.7117027e-05,0.77387136,empathicschool_s28,combined,empathicschool
1,2.7117027e-05,0.77387136,empathicschool_s28,combined,empathicschool
1,2.7117027e-05,0.77387136,empathicschool_s28,combined,empathicschool
1,2.7117027e-05,0.77387136,empathicschool_s28,combined,empathicschool
1,2.7117027e-05,0.77387136,empathicschool_s28,combined,empathicschool
1,2.7117027e-05,0.77387136,empathicschool_s28,combined,empathicschool
1,2.7117027e-05,0.77387136,empathicschool_s28,combined,empathicschool
1,2.7117027e-05,0.77387136,empathicschool_s28,combined,empathicschool
1,2.7117027e-05,0.77387136,empathicschool_s28,combined,empathicschool
1,2.7116976e-05,0.7738713,empathicschool_s28,combined,empathicschool
1,2.7117027e-05,0.77387136,empathicschool_s28,combined,empathicschool
1,2.7117027e-05,0.77387136,empathicschool_s28,combined,empathicschool
1,2.7117027e-05,0.77387136,empathicschool_s28,combined,empathicschool
1,2.7117027e-05,0.77387136,empathicschool_s28,combined,empathicschool
1,2.7117027e-05,0.77387136,empathicschool_s28,combined,empathicschool
1,2.7117027e-05,0.77387136,empathicschool_s28,combined,empathicschool
1,2.7117027e-05,0.77387136,empathicschool_s28,combined,empathicschool
1,2.7117027e-05,0.77387136,empathicschool_s28,combined,empathicschool
1,2.7117027e-05,0.77387136,empathicschool_s28,combined,empathicschool
1,2.7117027e-05,0.77387136,empathicschool_s28,combined,empathicschool
1,2.7116976e-05,0.7738713,empathicschool_s28,combined,empathicschool
1,2.7117027e-05,0.77387136,empathicschool_s28,combined,empathicschool
1,2.7117027e-05,0.77387136,empathicschool_s28,combined,empathicschool
1,2.7117027e-05,0.77387136,empathicschool_s28,combined,empathicschool
1,2.7117027e-05,0.77387136,empathicschool_s28,combined,empathicschool
1,2.7117027e-05,0.77387136,empathicschool_s28,combined,empathicschool
1,2.7117027e-05,0.77387136,empathicschool_s28,combined,empathicschool
1,2.7117027e-05,0.77387136,empathicschool_s28,combined,empathicschool
1,2.7117027e-05,0.77387136,empathicschool_s28,combined,empathicschool
1,2.7117027e-05,0.77387136,empathicschool_s28,combined,empathicschool
1,2.7117027e-05,0.77387136,empathicschool_s28,combined,empathicschool
1,2.7116976e-05,0.7738713,empathicschool_s28,combined,empathicschool
1,2.7117027e-05,0.77387136,empathicschool_s28,combined,empathicschool
1,2.7117027e-05,0.77387136,empathicschool_s28,combined,empathicschool
1,2.7117027e-05,0.77387136,empathicschool_s28,combined,empathicschool
1,2.7117027e-05,0.77387136,empathicschool_s28,combined,empathicschool
1,2.7117027e-05,0.77387136,empathicschool_s28,combined,empathicschool
1,2.7117027e-05,0.77387136,empathicschool_s28,combined,empathicschool
1,2.7117027e-05,0.77387136,empathicschool_s28,combined,empathicschool
1,2.7117027e-05,0.77387136,empathicschool_s28,combined,empathicschool
1,2.7117027e-05,0.77387136,empathicschool_s28,combined,empathicschool
1,2.7117027e-05,0.77387136,empathicschool_s28,combined,empathicschool
1,2.7116976e-05,0.7738713,empathicschool_s28,combined,empathicschool
1,2.7117027e-05,0.77387136,empathicschool_s28,combined,empathicschool
1,2.7117027e-05,0.77387136,empathicschool_s28,combined,empathicschool
1,2.7117027e-05,0.77387136,empathicschool_s28,combined,empathicschool
1,2.7117027e-05,0.77387136,empathicschool_s28,combined,empathicschool
1,2.7117027e-05,0.77387136,empathicschool_s28,combined,empathicschool
1,2.7117027e-05,0.77387136,empathicschool_s28,combined,empathicschool
1,2.7117027e-05,0.77387136,empathicschool_s28,combined,empathicschool
1,2.7117027e-05,0.77387136,empathicschool_s28,combined,empathicschool
1,2.7117027e-05,0.77387136,empathicschool_s28,combined,empathicschool
1,2.7117027e-05,0.77387136,empathicschool_s28,combined,empathicschool
1,2.7116976e-05,0.7738713,empathicschool_s28,combined,empathicschool
1,2.7117027e-05,0.77387136,empathicschool_s28,combined,empathicschool
1,2.7117027e-05,0.77387136,empathicschool_s28,combined,empathicschool
1,2.7117027e-05,0.77387136,empathicschool_s28,combined,empathicschool
1,2.7117027e-05,0.77387136,empathicschool_s28,combined,empathicschool
1,2.7117027e-05,0.77387136,empathicschool_s28,combined,empathicschool
1,2.7117027e-05,0.77387136,empathicschool_s28,combined,empathicschool
1,2.7117027e-05,0.77387136,empathicschool_s28,combined,empathicschool
1,2.7117027e-05,0.77387136,empathicschool_s28,combined,empathicschool
1,2.7117027e-05,0.77387136,empathicschool_s28,combined,empathicschool
1,2.7117027e-05,0.77387136,empathicschool_s28,combined,empathicschool
1,2.7116976e-05,0.7738713,empathicschool_s28,combined,empathicschool
1,2.7117027e-05,0.77387136,empathicschool_s28,combined,empathicschool
1,2.7117027e-05,0.77387136,empathicschool_s28,combined,empathicschool
1,2.7117027e-05,0.77387136,empathicschool_s28,combined,empathicschool
1,2.7117027e-05,0.77387136,empathicschool_s28,combined,empathicschool
1,2.7117027e-05,0.77387136,empathicschool_s28,combined,empathicschool
1,2.7117027e-05,0.77387136,empathicschool_s28,combined,empathicschool
1,2.7117027e-05,0.77387136,empathicschool_s28,combined,empathicschool
1,2.7117027e-05,0.77387136,empathicschool_s28,combined,empathicschool
1,2.7117027e-05,0.77387136,empathicschool_s28,combined,empathicschool
1,2.7117027e-05,0.77387136,empathicschool_s28,combined,empathicschool
1,2.7116976e-05,0.7738713,empathicschool_s28,combined,empathicschool
1,2.7117027e-05,0.77387136,empathicschool_s28,combined,empathicschool
1,2.7117027e-05,0.77387136,empathicschool_s28,combined,empathicschool
1,2.7117027e-05,0.77387136,empathicschool_s28,combined,empathicschool
1,2.7117027e-05,0.77387136,empathicschool_s28,combined,empathicschool
1,2.7117027e-05,0.77387136,empathicschool_s28,combined,empathicschool
1,2.7117027e-05,0.77387136,empathicschool_s28,combined,empathicschool
1,2.7117027e-05,0.77387136,empathicschool_s28,combined,empathicschool
1,2.7117027e-05,0.77387136,empathicschool_s28,combined,empathicschool
1,2.7117027e-05,0.77387136,empathicschool_s28,combined,empathicschool
1,2.7117027e-05,0.77387136,empathicschool_s28,combined,empathicschool
1,2.7123386e-05,0.7736246,empathicschool_s28,combined,empathicschool
1,2.7116976e-05,0.7738713,empathicschool_s28,combined,empathicschool
1,2.7117027e-05,0.77387136,empathicschool_s28,combined,empathicschool
1,2.7117027e-05,0.77387136,empathicschool_s28,combined,empathicschool
1,2.7117027e-05,0.77387136,empathicschool_s28,combined,empathicschool
1,2.7117027e-05,0.77387136,empathicschool_s28,combined,empathicschool
1,2.7117027e-05,0.77387136,empathicschool_s28,combined,empathicschool
1,2.7117027e-05,0.77387136,empathicschool_s28,combined,empathicschool
1,2.7117027e-05,0.77387136,empathicschool_s28,combined,empathicschool
1,2.7117027e-05,0.77387136,empathicschool_s28,combined,empathicschool
1,2.7117027e-05,0.77387136,empathicschool_s28,combined,empathicschool
1,2.7117027e-05,0.77387136,empathicschool_s28,combined,empathicschool
1,2.7116976e-05,0.7738713,empathicschool_s28,combined,empathicschool
1,2.7117027e-05,0.77387136,empathicschool_s28,combined,empathicschool
1,2.7117027e-05,0.77387136,empathicschool_s28,combined,empathicschool
1,2.7117027e-05,0.77387136,empathicschool_s28,combined,empathicschool
1,2.7117027e-05,0.77387136,empathicschool_s28,combined,empathicschool
1,2.7117027e-05,0.77387136,empathicschool_s28,combined,empathicschool
1,2.7117027e-05,0.77387136,empathicschool_s28,combined,empathicschool
1,2.7117027e-05,0.77387136,empathicschool_s28,combined,empathicschool
1,2.7117027e-05,0.77387136,empathicschool_s28,combined,empathicschool
1,2.7117027e-05,0.77387136,empathicschool_s28,combined,empathicschool
1,2.7117027e-05,0.77387136,empathicschool_s28,combined,empathicschool
1,2.7116976e-05,0.7738713,empathicschool_s28,combined,empathicschool
1,2.7117027e-05,0.77387136,empathicschool_s28,combined,empathicschool
1,2.7117027e-05,0.77387136,empathicschool_s28,combined,empathicschool
1,2.7117027e-05,0.77387136,empathicschool_s28,combined,empathicschool
1,2.7117027e-05,0.77387136,empathicschool_s28,combined,empathicschool
1,2.7117027e-05,0.77387136,empathicschool_s28,combined,empathicschool
1,2.7117027e-05,0.77387136,empathicschool_s28,combined,empathicschool
1,2.7117027e-05,0.77387136,empathicschool_s28,combined,empathicschool
1,2.7117027e-05,0.77387136,empathicschool_s28,combined,empathicschool
1,2.7117027e-05,0.77387136,empathicschool_s28,combined,empathicschool
1,2.7117027e-05,0.77387136,empathicschool_s28,combined,empathicschool
1,2.7116976e-05,0.7738713,empathicschool_s28,combined,empathicschool
1,2.7117027e-05,0.77387136,empathicschool_s28,combined,empathicschool
1,2.7117027e-05,0.77387136,empathicschool_s28,combined,empathicschool
1,2.7117027e-05,0.77387136,empathicschool_s28,combined,empathicschool
1,2.7117027e-05,0.77387136,empathicschool_s28,combined,empathicschool
1,2.7117027e-05,0.77387136,empathicschool_s28,combined,empathicschool
1,2.7117027e-05,0.77387136,empathicschool_s28,combined,empathicschool
1,2.7117027e-05,0.77387136,empathicschool_s28,combined,empathicschool
1,2.7117027e-05,0.77387136,empathicschool_s28,combined,empathicschool
1,2.7117027e-05,0.77387136,empathicschool_s28,combined,empathicschool
1,2.7117027e-05,0.77387136,empathicschool_s28,combined,empathicschool
1,2.7116976e-05,0.7738713,empathicschool_s28,combined,empathicschool
1,2.7117027e-05,0.77387136,empathicschool_s28,combined,empathicschool
1,2.7117027e-05,0.77387136,empathicschool_s28,combined,empathicschool
1,2.7117027e-05,0.77387136,empathicschool_s28,combined,empathicschool
1,2.7117027e-05,0.77387136,empathicschool_s28,combined,empathicschool
1,2.7117027e-05,0.77387136,empathicschool_s28,combined,empathicschool
1,2.7117027e-05,0.77387136,empathicschool_s28,combined,empathicschool
1,2.7117027e-05,0.77387136,empathicschool_s28,combined,empathicschool
1,2.7117027e-05,0.77387136,empathicschool_s28,combined,empathicschool
1,2.7117027e-05,0.77387136,empathicschool_s28,combined,empathicschool
1,2.7117027e-05,0.77387136,empathicschool_s28,combined,empathicschool
1,2.7116976e-05,0.7738713,empathicschool_s28,combined,empathicschool
1,2.7117027e-05,0.77387136,empathicschool_s28,combined,empathicschool
1,2.7117027e-05,0.77387136,empathicschool_s28,combined,empathicschool
1,2.7117027e-05,0.77387136,empathicschool_s28,combined,empathicschool
1,2.7117027e-05,0.77387136,empathicschool_s28,combined,empathicschool
1,2.7117027e-05,0.77387136,empathicschool_s28,combined,empathicschool
1,2.7117027e-05,0.77387136,empathicschool_s28,combined,empathicschool
1,2.7117027e-05,0.77387136,empathicschool_s28,combined,empathicschool
1,2.7117027e-05,0.77387136,empathicschool_s28,combined,empathicschool
1,2.7117027e-05,0.77387136,empathicschool_s28,combined,empathicschool
1,2.7117027e-05,0.77387136,empathicschool_s28,combined,empathicschool
1,2.7116976e-05,0.7738713,empathicschool_s28,combined,empathicschool
1,2.7117027e-05,0.77387136,empathicschool_s28,combined,empathicschool
1,2.7117027e-05,0.77387136,empathicschool_s28,combined,empathicschool
1,2.7117027e-05,0.77387136,empathicschool_s28,combined,empathicschool
1,2.7117027e-05,0.77387136,empathicschool_s28,combined,empathicschool
1,2.7117027e-05,0.77387136,empathicschool_s28,combined,empathicschool
1,2.7117027e-05,0.77387136,empathicschool_s28,combined,empathicschool
1,2.7117027e-05,0.77387136,empathicschool_s28,combined,empathicschool
1,2.7117027e-05,0.77387136,empathicschool_s28,combined,empathicschool
1,2.7117027e-05,0.77387136,empathicschool_s28,combined,empathicschool
1,2.7117027e-05,0.77387136,empathicschool_s28,combined,empathicschool
1,2.7116976e-05,0.7738713,empathicschool_s28,combined,empathicschool
1,2.7117027e-05,0.77387136,empathicschool_s28,combined,empathicschool
1,2.7117027e-05,0.77387136,empathicschool_s28,combined,empathicschool
1,2.7117027e-05,0.77387136,empathicschool_s28,combined,empathicschool
1,2.7117027e-05,0.77387136,empathicschool_s28,combined,empathicschool
1,2.7117027e-05,0.77387136,empathicschool_s28,combined,empathicschool
1,2.7117027e-05,0.77387136,empathicschool_s28,combined,empathicschool
1,2.7117027e-05,0.77387136,empathicschool_s28,combined,empathicschool
1,2.7117027e-05,0.77387136,empathicschool_s28,combined,empathicschool
1,2.7117027e-05,0.77387136,empathicschool_s28,combined,empathicschool
1,2.7117027e-05,0.77387136,empathicschool_s28,combined,empathicschool
1,2.7116976e-05,0.7738713,empathicschool_s28,combined,empathicschool
1,2.7117027e-05,0.77387136,empathicschool_s28,combined,empathicschool
1,2.7117027e-05,0.77387136,empathicschool_s28,combined,empathicschool
1,2.7117027e-05,0.77387136,empathicschool_s28,combined,empathicschool
1,2.7117027e-05,0.77387136,empathicschool_s28,combined,empathicschool
1,2.7117027e-05,0.77387136,empathicschool_s28,combined,empathicschool
1,2.7117027e-05,0.77387136,empathicschool_s28,combined,empathicschool
1,2.7117027e-05,0.77387136,empathicschool_s28,combined,empathicschool
1,2.7117027e-05,0.77387136,empathicschool_s28,combined,empathicschool
1,2.7117027e-05,0.77387136,empathicschool_s28,combined,empathicschool
1,2.7117027e-05,0.77387136,empathicschool_s28,combined,empathicschool
1,2.7116976e-05,0.7738713,empathicschool_s28,combined,empathicschool
1,2.7117027e-05,0.77387136,empathicschool_s28,combined,empathicschool
1,2.7117027e-05,0.77387136,empathicschool_s28,combined,empathicschool
1,2.7117027e-05,0.77387136,empathicschool_s28,combined,empathicschool
1,2.7117027e-05,0.77387136,empathicschool_s28,combined,empathicschool
1,2.7117027e-05,0.77387136,empathicschool_s28,combined,empathicschool
1,2.7117027e-05,0.77387136,empathicschool_s28,combined,empathicschool
1,2.7117027e-05,0.77387136,empathicschool_s28,combined,empathicschool
1,2.7117027e-05,0.77387136,empathicschool_s28,combined,empathicschool
1,2.7117027e-05,0.77387136,empathicschool_s28,combined,empathicschool
1,2.7117027e-05,0.77387136,empathicschool_s28,combined,empathicschool
1,2.7123697e-05,0.7736095,empathicschool_s28,combined,empathicschool
1,2.7116976e-05,0.7738713,empathicschool_s28,combined,empathicschool
1,2.7117027e-05,0.77387136,empathicschool_s28,combined,empathicschool
1,2.7117027e-05,0.77387136,empathicschool_s28,combined,empathicschool
1,2.7117027e-05,0.77387136,empathicschool_s28,combined,empathicschool
1,2.7117027e-05,0.77387136,empathicschool_s28,combined,empathicschool
1,2.7117027e-05,0.77387136,empathicschool_s28,combined,empathicschool
1,2.7117027e-05,0.77387136,empathicschool_s28,combined,empathicschool
1,2.7117027e-05,0.77387136,empathicschool_s28,combined,empathicschool
1,2.7117027e-05,0.77387136,empathicschool_s28,combined,empathicschool
1,2.7117027e-05,0.77387136,empathicschool_s28,combined,empathicschool
1,2.7117027e-05,0.77387136,empathicschool_s28,combined,empathicschool
1,2.7116976e-05,0.7738713,empathicschool_s28,combined,empathicschool
1,2.7117027e-05,0.77387136,empathicschool_s28,combined,empathicschool
1,2.7117027e-05,0.77387136,empathicschool_s28,combined,empathicschool
1,2.7117027e-05,0.77387136,empathicschool_s28,combined,empathicschool
1,2.7117027e-05,0.77387136,empathicschool_s28,combined,empathicschool
1,2.7117027e-05,0.77387136,empathicschool_s28,combined,empathicschool
1,2.7117027e-05,0.77387136,empathicschool_s28,combined,empathicschool
1,2.7117027e-05,0.77387136,empathicschool_s28,combined,empathicschool
1,2.7117027e-05,0.77387136,empathicschool_s28,combined,empathicschool
1,2.7117027e-05,0.77387136,empathicschool_s28,combined,empathicschool
1,2.7117027e-05,0.77387136,empathicschool_s28,combined,empathicschool
1,2.7116976e-05,0.7738713,empathicschool_s28,combined,empathicschool
1,2.7117027e-05,0.77387136,empathicschool_s28,combined,empathicschool
1,2.7117027e-05,0.77387136,empathicschool_s28,combined,empathicschool
1,2.7117027e-05,0.77387136,empathicschool_s28,combined,empathicschool
1,2.7117027e-05,0.77387136,empathicschool_s28,combined,empathicschool
1,2.7117027e-05,0.77387136,empathicschool_s28,combined,empathicschool
1,2.7117027e-05,0.77387136,empathicschool_s28,combined,empathicschool
1,2.7117027e-05,0.77387136,empathicschool_s28,combined,empathicschool
1,2.7117027e-05,0.77387136,empathicschool_s28,combined,empathicschool
1,2.7117027e-05,0.77387136,empathicschool_s28,combined,empathicschool
1,2.7117027e-05,0.77387136,empathicschool_s28,combined,empathicschool
1,2.7116976e-05,0.7738713,empathicschool_s28,combined,empathicschool
1,2.7117027e-05,0.77387136,empathicschool_s28,combined,empathicschool
1,2.7117027e-05,0.77387136,empathicschool_s28,combined,empathicschool
1,2.7117027e-05,0.77387136,empathicschool_s28,combined,empathicschool
1,2.7117027e-05,0.77387136,empathicschool_s28,combined,empathicschool
1,2.7117027e-05,0.77387136,empathicschool_s28,combined,empathicschool
1,2.7117027e-05,0.77387136,empathicschool_s28,combined,empathicschool
1,2.7117027e-05,0.77387136,empathicschool_s28,combined,empathicschool
1,2.7117027e-05,0.77387136,empathicschool_s28,combined,empathicschool
1,2.7117027e-05,0.77387136,empathicschool_s28,combined,empathicschool
1,2.7117027e-05,0.77387136,empathicschool_s28,combined,empathicschool
1,2.7116976e-05,0.7738713,empathicschool_s28,combined,empathicschool
1,2.7117027e-05,0.77387136,empathicschool_s28,combined,empathicschool
1,2.7117027e-05,0.77387136,empathicschool_s28,combined,empathicschool
1,2.7117027e-05,0.77387136,empathicschool_s28,combined,empathicschool
1,2.7117027e-05,0.77387136,empathicschool_s28,combined,empathicschool
1,2.7117027e-05,0.77387136,empathicschool_s28,combined,empathicschool
1,2.7117027e-05,0.77387136,empathicschool_s28,combined,empathicschool
1,2.7117027e-05,0.77387136,empathicschool_s28,combined,empathicschool
1,2.7117027e-05,0.77387136,empathicschool_s28,combined,empathicschool
1,2.7117027e-05,0.77387136,empathicschool_s28,combined,empathicschool
1,2.7117027e-05,0.77387136,empathicschool_s28,combined,empathicschool
1,2.7116976e-05,0.7738713,empathicschool_s28,combined,empathicschool
1,2.7117027e-05,0.77387136,empathicschool_s28,combined,empathicschool
1,2.7117027e-05,0.77387136,empathicschool_s28,combined,empathicschool
1,2.7117027e-05,0.77387136,empathicschool_s28,combined,empathicschool
1,2.7117027e-05,0.77387136,empathicschool_s28,combined,empathicschool
1,2.7117027e-05,0.77387136,empathicschool_s28,combined,empathicschool
1,2.7117027e-05,0.77387136,empathicschool_s28,combined,empathicschool
1,2.7117027e-05,0.77387136,empathicschool_s28,combined,empathicschool
1,2.7117027e-05,0.77387136,empathicschool_s28,combined,empathicschool
1,2.7117027e-05,0.77387136,empathicschool_s28,combined,empathicschool
1,2.7117027e-05,0.77387136,empathicschool_s28,combined,empathicschool
1,2.7116976e-05,0.7738713,empathicschool_s28,combined,empathicschool
1,2.7117027e-05,0.77387136,empathicschool_s28,combined,empathicschool
1,2.7117027e-05,0.77387136,empathicschool_s28,combined,empathicschool
1,2.7117027e-05,0.77387136,empathicschool_s28,combined,empathicschool
1,2.7117027e-05,0.77387136,empathicschool_s28,combined,empathicschool
1,2.7117027e-05,0.77387136,empathicschool_s28,combined,empathicschool
1,2.7117027e-05,0.77387136,empathicschool_s28,combined,empathicschool
1,2.7117027e-05,0.77387136,empathicschool_s28,combined,empathicschool
1,2.7117027e-05,0.77387136,empathicschool_s28,combined,empathicschool
1,2.7117027e-05,0.77387136,empathicschool_s28,combined,empathicschool
1,2.7117027e-05,0.77387136,empathicschool_s28,combined,empathicschool
1,2.7116976e-05,0.7738713,empathicschool_s28,combined,empathicschool
1,2.7117027e-05,0.77387136,empathicschool_s28,combined,empathicschool
1,2.7117027e-05,0.77387136,empathicschool_s28,combined,empathicschool
1,2.7117027e-05,0.77387136,empathicschool_s28,combined,empathicschool
1,2.7117027e-05,0.77387136,empathicschool_s28,combined,empathicschool
1,2.7117027e-05,0.77387136,empathicschool_s28,combined,empathicschool
1,2.7117027e-05,0.77387136,empathicschool_s28,combined,empathicschool
1,2.7117027e-05,0.77387136,empathicschool_s28,combined,empathicschool
1,2.7117027e-05,0.77387136,empathicschool_s28,combined,empathicschool
1,2.7117027e-05,0.77387136,empathicschool_s28,combined,empathicschool
1,2.7117027e-05,0.77387136,empathicschool_s28,combined,empathicschool
1,2.7116976e-05,0.7738713,empathicschool_s28,combined,empathicschool
1,2.7117027e-05,0.77387136,empathicschool_s28,combined,empathicschool
1,2.7117027e-05,0.77387136,empathicschool_s28,combined,empathicschool
1,2.7117027e-05,0.77387136,empathicschool_s28,combined,empathicschool
1,2.7117027e-05,0.77387136,empathicschool_s28,combined,empathicschool
1,2.7117027e-05,0.77387136,empathicschool_s28,combined,empathicschool
1,2.7117027e-05,0.77387136,empathicschool_s28,combined,empathicschool
1,2.7117027e-05,0.77387136,empathicschool_s28,combined,empathicschool
1,2.7117027e-05,0.77387136,empathicschool_s28,combined,empathicschool
1,2.7117027e-05,0.77387136,empathicschool_s28,combined,empathicschool
1,2.7117027e-05,0.77387136,empathicschool_s28,combined,empathicschool
1,2.7116976e-05,0.7738713,empathicschool_s28,combined,empathicschool
1,2.7117027e-05,0.77387136,empathicschool_s28,combined,empathicschool
1,2.7117027e-05,0.77387136,empathicschool_s28,combined,empathicschool
1,2.7117027e-05,0.77387136,empathicschool_s28,combined,empathicschool
1,2.7117027e-05,0.77387136,empathicschool_s28,combined,empathicschool
1,2.7117027e-05,0.77387136,empathicschool_s28,combined,empathicschool
1,2.7117027e-05,0.77387136,empathicschool_s28,combined,empathicschool
1,2.7117027e-05,0.77387136,empathicschool_s28,combined,empathicschool
1,2.7117027e-05,0.77387136,empathicschool_s28,combined,empathicschool
1,2.7117027e-05,0.7738715,empathicschool_s28,combined,empathicschool
1,2.7117027e-05,0.77387136,empathicschool_s28,combined,empathicschool
0,2.7116976e-05,0.7738715,empathicschool_s28,combined,empathicschool
0,2.7116976e-05,0.7738715,empathicschool_s28,combined,empathicschool
0,2.5070925e-05,0.78803855,empathicschool_s28,combined,empathicschool
0,4.0125224e-06,0.9153771,empathicschool_s28,combined,empathicschool
0,4.014417e-06,0.9153734,empathicschool_s28,combined,empathicschool
0,3.989689e-06,0.9157761,empathicschool_s28,combined,empathicschool
0,3.9823835e-06,0.9158822,empathicschool_s28,combined,empathicschool
0,3.9780143e-06,0.91596,empathicschool_s28,combined,empathicschool
0,3.9698207e-06,0.91611737,empathicschool_s28,combined,empathicschool
0,3.964906e-06,0.916212,empathicschool_s28,combined,empathicschool
0,3.9621164e-06,0.91626525,empathicschool_s28,combined,empathicschool
0,3.949124e-06,0.9164961,empathicschool_s28,combined,empathicschool
0,3.940637e-06,0.9166487,empathicschool_s28,combined,empathicschool
0,2.3084878e-05,0.7961278,empathicschool_s28,combined,empathicschool
0,3.9340393e-06,0.9167627,empathicschool_s28,combined,empathicschool
0,3.931695e-06,0.9168027,empathicschool_s28,combined,empathicschool
0,3.932723e-06,0.9167896,empathicschool_s28,combined,empathicschool
0,3.929345e-06,0.91684246,empathicschool_s28,combined,empathicschool
0,3.9256784e-06,0.91691023,empathicschool_s28,combined,empathicschool
0,3.9189076e-06,0.9170258,empathicschool_s28,combined,empathicschool
0,3.915172e-06,0.91708916,empathicschool_s28,combined,empathicschool
0,3.915172e-06,0.91708916,empathicschool_s28,combined,empathicschool
0,3.915172e-06,0.91708916,empathicschool_s28,combined,empathicschool
0,3.9162774e-06,0.91706496,empathicschool_s28,combined,empathicschool
0,5.561877e-06,0.9017192,empathicschool_s28,combined,empathicschool
0,3.9207093e-06,0.9169955,empathicschool_s28,combined,empathicschool
0,3.921386e-06,0.91698307,empathicschool_s28,combined,empathicschool
0,3.9177116e-06,0.9170463,empathicschool_s28,combined,empathicschool
0,3.9179363e-06,0.91704154,empathicschool_s28,combined,empathicschool
0,3.91751e-06,0.9170495,empathicschool_s28,combined,empathicschool
0,3.898257e-06,0.91746277,empathicschool_s28,combined,empathicschool
0,3.8476683e-06,0.9182184,empathicschool_s28,combined,empathicschool
0,3.819528e-06,0.9187506,empathicschool_s28,combined,empathicschool
0,3.7963225e-06,0.9192339,empathicschool_s28,combined,empathicschool
0,3.79688e-06,0.91923636,empathicschool_s28,combined,empathicschool
0,3.8619096e-06,0.91927797,empathicschool_s28,combined,empathicschool
0,3.7931884e-06,0.91930145,empathicschool_s28,combined,empathicschool
0,3.7914524e-06,0.91933316,empathicschool_s28,combined,empathicschool
0,3.791192e-06,0.9193383,empathicschool_s28,combined,empathicschool
0,3.785953e-06,0.9192845,empathicschool_s28,combined,empathicschool
0,3.9536462e-06,0.9161749,empathicschool_s28,combined,empathicschool
0,4.1190524e-06,0.9134321,empathicschool_s28,combined,empathicschool
0,3.961512e-06,0.9159599,empathicschool_s28,combined,empathicschool
0,4.0083573e-06,0.9152158,empathicschool_s28,combined,empathicschool
0,4.0510763e-06,0.91454774,empathicschool_s28,combined,empathicschool
0,4.0372724e-06,0.9147962,empathicschool_s28,combined,empathicschool
0,3.8492203e-06,0.9193685,empathicschool_s28,combined,empathicschool
0,4.012044e-06,0.9152149,empathicschool_s28,combined,empathicschool
0,4.000414e-06,0.9154269,empathicschool_s28,combined,empathicschool
0,3.9801243e-06,0.9157755,empathicschool_s28,combined,empathicschool
0,4.003024e-06,0.9153877,empathicschool_s28,combined,empathicschool
0,4.0055943e-06,0.9153548,empathicschool_s28,combined,empathicschool
0,3.9650195e-06,0.9160409,empathicschool_s28,combined,empathicschool
0,3.968447e-06,0.9159902,empathicschool_s28,combined,empathicschool
0,3.9648303e-06,0.91605043,empathicschool_s28,combined,empathicschool
0,3.9500997e-06,0.91628903,empathicschool_s28,combined,empathicschool
0,3.950337e-06,0.9162903,empathicschool_s28,combined,empathicschool
0,3.717134e-06,0.9208896,empathicschool_s28,combined,empathicschool
0,3.952764e-06,0.9162048,empathicschool_s28,combined,empathicschool
0,3.934621e-06,0.9165248,empathicschool_s28,combined,empathicschool
0,3.894207e-06,0.91720176,empathicschool_s28,combined,empathicschool
0,3.865502e-06,0.91768837,empathicschool_s28,combined,empathicschool
0,3.7831128e-06,0.9190537,empathicschool_s28,combined,empathicschool
0,3.777885e-06,0.9191451,empathicschool_s28,combined,empathicschool
0,3.8148137e-06,0.9185438,empathicschool_s28,combined,empathicschool
0,3.8184644e-06,0.91853166,empathicschool_s28,combined,empathicschool
0,3.8343455e-06,0.918245,empathicschool_s28,combined,empathicschool
0,3.85019e-06,0.91801035,empathicschool_s28,combined,empathicschool
0,3.8717335e-06,0.9178125,empathicschool_s28,combined,empathicschool
0,3.8395638e-06,0.9182041,empathicschool_s28,combined,empathicschool
0,3.8298067e-06,0.9183632,empathicschool_s28,combined,empathicschool
0,3.8275425e-06,0.9184139,empathicschool_s28,combined,empathicschool
0,3.822246e-06,0.9185219,empathicschool_s28,combined,empathicschool
0,3.8155085e-06,0.91864234,empathicschool_s28,combined,empathicschool
0,3.8117516e-06,0.9186867,empathicschool_s28,combined,empathicschool
0,3.550556e-06,0.92287266,empathicschool_s28,combined,empathicschool
0,3.689804e-06,0.9203571,empathicschool_s28,combined,empathicschool
0,4.264087e-06,0.9111949,empathicschool_s28,combined,empathicschool
0,4.236374e-06,0.9116314,empathicschool_s28,combined,empathicschool
0,4.038301e-06,0.9150827,empathicschool_s28,combined,empathicschool
0,4.2112993e-06,0.91204137,empathicschool_s28,combined,empathicschool
0,4.1860894e-06,0.9124733,empathicschool_s28,combined,empathicschool
0,4.1681947e-06,0.9127579,empathicschool_s28,combined,empathicschool
0,4.1702706e-06,0.9127079,empathicschool_s28,combined,empathicschool
0,4.0798795e-06,0.91419226,empathicschool_s28,combined,empathicschool
0,4.0185346e-06,0.91521716,empathicschool_s28,combined,empathicschool
0,4.0152977e-06,0.9152777,empathicschool_s28,combined,empathicschool
0,3.987301e-06,0.9157365,empathicschool_s28,combined,empathicschool
0,3.9707447e-06,0.916023,empathicschool_s28,combined,empathicschool
0,3.9566976e-06,0.91626054,empathicschool_s28,combined,empathicschool
0,4.3655727e-06,0.91297996,empathicschool_s28,combined,empathicschool
0,3.9523193e-06,0.9163413,empathicschool_s28,combined,empathicschool
0,3.9432457e-06,0.9164988,empathicschool_s28,combined,empathicschool
0,3.941223e-06,0.9165337,empathicschool_s28,combined,empathicschool
0,3.9380748e-06,0.916587,empathicschool_s28,combined,empathicschool
0,3.9294987e-06,0.9167468,empathicschool_s28,combined,empathicschool
0,3.8671687e-06,0.9177366,empathicschool_s28,combined,empathicschool
0,3.8869607e-06,0.9174123,empathicschool_s28,combined,empathicschool
0,3.92457e-06,0.9168115,empathicschool_s28,combined,empathicschool
0,3.9143765e-06,0.91698015,empathicschool_s28,combined,empathicschool
0,3.914866e-06,0.9169773,empathicschool_s28,combined,empathicschool
0,5.972623e-06,0.8969676,empathicschool_s28,combined,empathicschool
0,3.9098663e-06,0.9170655,empathicschool_s28,combined,empathicschool
0,3.904549e-06,0.9171553,empathicschool_s28,combined,empathicschool
0,3.906076e-06,0.91712695,empathicschool_s28,combined,empathicschool
0,3.908196e-06,0.91709596,empathicschool_s28,combined,empathicschool
0,3.9095085e-06,0.9170718,empathicschool_s28,combined,empathicschool
0,3.9094334e-06,0.9171074,empathicschool_s28,combined,empathicschool
0,3.8898197e-06,0.9174672,empathicschool_s28,combined,empathicschool
0,3.8891226e-06,0.91748893,empathicschool_s28,combined,empathicschool
0,3.8776266e-06,0.9176788,empathicschool_s28,combined,empathicschool
0,3.860337e-06,0.9179703,empathicschool_s28,combined,empathicschool
0,1.4497115e-05,0.8370642,empathicschool_s28,combined,empathicschool
0,8.206631e-06,0.87791634,empathicschool_s28,combined,empathicschool
0,3.8892704e-06,0.9174731,empathicschool_s28,combined,empathicschool
0,3.900998e-06,0.9172135,empathicschool_s28,combined,empathicschool
0,3.905893e-06,0.9171186,empathicschool_s28,combined,empathicschool
0,3.8090009e-06,0.91824824,empathicschool_s28,combined,empathicschool
0,4.8302554e-06,0.9027762,empathicschool_s28,combined,empathicschool
0,3.7428417e-06,0.92042184,empathicschool_s28,combined,empathicschool
0,3.7496584e-06,0.92074525,empathicschool_s28,combined,empathicschool
0,3.856621e-06,0.9179684,empathicschool_s28,combined,empathicschool
0,3.841695e-06,0.9182034,empathicschool_s28,combined,empathicschool
0,3.89254e-06,0.91742486,empathicschool_s28,combined,empathicschool
0,8.148096e-06,0.8783834,empathicschool_s28,combined,empathicschool
0,3.837477e-06,0.91843283,empathicschool_s28,combined,empathicschool
0,3.8197863e-06,0.91867936,empathicschool_s28,combined,empathicschool
0,3.8489634e-06,0.9181862,empathicschool_s28,combined,empathicschool
0,3.841051e-06,0.9183953,empathicschool_s28,combined,empathicschool
0,3.815305e-06,0.91888535,empathicschool_s28,combined,empathicschool
0,3.804633e-06,0.91909665,empathicschool_s28,combined,empathicschool
0,3.7987236e-06,0.9191987,empathicschool_s28,combined,empathicschool
0,3.7987236e-06,0.919204,empathicschool_s28,combined,empathicschool
0,1.5562615e-05,0.8303613,empathicschool_s28,combined,empathicschool
0,2.7020633e-05,0.77709526,empathicschool_s28,combined,empathicschool
0,5.0626813e-06,0.90648603,empathicschool_s28,combined,empathicschool
0,2.711708e-05,0.77386796,empathicschool_s28,combined,empathicschool
0,2.711708e-05,0.77386796,empathicschool_s28,combined,empathicschool
0,2.711708e-05,0.77386796,empathicschool_s28,combined,empathicschool
0,2.711713e-05,0.7738673,empathicschool_s28,combined,empathicschool
0,2.711713e-05,0.7738673,empathicschool_s28,combined,empathicschool
0,2.711713e-05,0.7738673,empathicschool_s28,combined,empathicschool
0,2.711708e-05,0.77386796,empathicschool_s28,combined,empathicschool
0,2.711708e-05,0.77386796,empathicschool_s28,combined,empathicschool
0,2.7117054e-05,0.7738693,empathicschool_s28,combined,empathicschool
0,2.7117054e-05,0.7738693,empathicschool_s28,combined,empathicschool
0,3.6075355e-06,0.9235717,empathicschool_s28,combined,empathicschool
0,2.7117054e-05,0.7738693,empathicschool_s28,combined,empathicschool
0,2.7117054e-05,0.7738693,empathicschool_s28,combined,empathicschool
0,2.7117054e-05,0.7738693,empathicschool_s28,combined,empathicschool
0,2.711708e-05,0.77386796,empathicschool_s28,combined,empathicschool
0,2.711708e-05,0.77386796,empathicschool_s28,combined,empathicschool
0,2.711708e-05,0.77386796,empathicschool_s28,combined,empathicschool
0,2.7117054e-05,0.7738693,empathicschool_s28,combined,empathicschool
0,2.7117054e-05,0.7738693,empathicschool_s28,combined,empathicschool
0,2.7117054e-05,0.7738693,empathicschool_s28,combined,empathicschool
0,2.7117027e-05,0.7738698,empathicschool_s28,combined,empathicschool
0,3.5279281e-06,0.92347866,empathicschool_s28,combined,empathicschool
0,2.7117027e-05,0.7738698,empathicschool_s28,combined,empathicschool
0,2.7117054e-05,0.7738693,empathicschool_s28,combined,empathicschool
0,2.7117054e-05,0.7738693,empathicschool_s28,combined,empathicschool
0,2.711708e-05,0.77386796,empathicschool_s28,combined,empathicschool
0,2.711713e-05,0.7738673,empathicschool_s28,combined,empathicschool
0,2.711713e-05,0.7738673,empathicschool_s28,combined,empathicschool
0,2.711713e-05,0.7738673,empathicschool_s28,combined,empathicschool
0,2.711713e-05,0.7738673,empathicschool_s28,combined,empathicschool
0,2.711713e-05,0.7738673,empathicschool_s28,combined,empathicschool
0,2.711713e-05,0.7738673,empathicschool_s28,combined,empathicschool
0,3.7470916e-06,0.91961634,empathicschool_s28,combined,empathicschool
0,2.711713e-05,0.7738673,empathicschool_s28,combined,empathicschool
0,2.711713e-05,0.7738673,empathicschool_s28,combined,empathicschool
0,2.711708e-05,0.77386796,empathicschool_s28,combined,empathicschool
0,2.711708e-05,0.77386796,empathicschool_s28,combined,empathicschool
0,2.711708e-05,0.77386796,empathicschool_s28,combined,empathicschool
0,2.711713e-05,0.7738673,empathicschool_s28,combined,empathicschool
0,2.711713e-05,0.7738668,empathicschool_s28,combined,empathicschool
0,2.711713e-05,0.7738668,empathicschool_s28,combined,empathicschool
0,2.711708e-05,0.77386695,empathicschool_s28,combined,empathicschool
0,2.711713e-05,0.7738673,empathicschool_s28,combined,empathicschool
0,3.7785085e-06,0.919277,empathicschool_s28,combined,empathicschool
0,2.711708e-05,0.77386796,empathicschool_s28,combined,empathicschool
0,2.711708e-05,0.77386796,empathicschool_s28,combined,empathicschool
0,2.711708e-05,0.77386796,empathicschool_s28,combined,empathicschool
0,2.711708e-05,0.77386796,empathicschool_s28,combined,empathicschool
0,2.7117027e-05,0.77386934,empathicschool_s28,combined,empathicschool
0,2.7117027e-05,0.7738698,empathicschool_s28,combined,empathicschool
0,2.711708e-05,0.77386796,empathicschool_s28,combined,empathicschool
0,2.711708e-05,0.77386796,empathicschool_s28,combined,empathicschool
0,2.711708e-05,0.77386796,empathicschool_s28,combined,empathicschool
0,2.7117054e-05,0.7738693,empathicschool_s28,combined,empathicschool
0,4.0455707e-06,0.9169507,empathicschool_s28,combined,empathicschool
0,2.7117027e-05,0.7738698,empathicschool_s28,combined,empathicschool
0,2.7117027e-05,0.7738698,empathicschool_s28,combined,empathicschool
0,2.7117054e-05,0.7738693,empathicschool_s28,combined,empathicschool
0,2.711708e-05,0.77386796,empathicschool_s28,combined,empathicschool
0,2.711713e-05,0.7738673,empathicschool_s28,combined,empathicschool
0,2.711708e-05,0.7738673,empathicschool_s28,combined,empathicschool
0,2.711713e-05,0.77386683,empathicschool_s28,combined,empathicschool
0,2.7117181e-05,0.7738662,empathicschool_s28,combined,empathicschool
0,2.7117158e-05,0.7738651,empathicschool_s28,combined,empathicschool
0,2.7117181e-05,0.7738656,empathicschool_s28,combined,empathicschool
0,4.4938784e-06,0.9123026,empathicschool_s28,combined,empathicschool
0,2.7117181e-05,0.7738655,empathicschool_s28,combined,empathicschool
0,2.7117181e-05,0.7738655,empathicschool_s28,combined,empathicschool
0,2.7117158e-05,0.7738655,empathicschool_s28,combined,empathicschool
0,2.7117181e-05,0.77386594,empathicschool_s28,combined,empathicschool
0,2.7117181e-05,0.77386594,empathicschool_s28,combined,empathicschool
0,2.7117181e-05,0.77386594,empathicschool_s28,combined,empathicschool
0,2.711713e-05,0.77386683,empathicschool_s28,combined,empathicschool
0,2.711713e-05,0.77386683,empathicschool_s28,combined,empathicschool
0,2.711713e-05,0.77386683,empathicschool_s28,combined,empathicschool
0,2.711713e-05,0.7738666,empathicschool_s28,combined,empathicschool
0,4.7100284e-06,0.9099148,empathicschool_s28,combined,empathicschool
0,2.711713e-05,0.7738666,empathicschool_s28,combined,empathicschool
0,2.711713e-05,0.77386683,empathicschool_s28,combined,empathicschool
0,2.711713e-05,0.7738666,empathicschool_s28,combined,empathicschool
0,2.711713e-05,0.7738668,empathicschool_s28,combined,empathicschool
0,2.711713e-05,0.77386683,empathicschool_s28,combined,empathicschool
0,2.711713e-05,0.77386683,empathicschool_s28,combined,empathicschool
0,2.711713e-05,0.7738668,empathicschool_s28,combined,empathicschool
0,2.711713e-05,0.7738668,empathicschool_s28,combined,empathicschool
0,2.711713e-05,0.7738668,empathicschool_s28,combined,empathicschool
0,2.711708e-05,0.77386695,empathicschool_s28,combined,empathicschool
0,1.9237494e-05,0.8125674,empathicschool_s28,combined,empathicschool
0,4.7057947e-06,0.9099579,empathicschool_s28,combined,empathicschool
0,2.711713e-05,0.7738673,empathicschool_s28,combined,empathicschool
0,2.711713e-05,0.7738673,empathicschool_s28,combined,empathicschool
0,2.711713e-05,0.7738673,empathicschool_s28,combined,empathicschool
0,2.711713e-05,0.7738673,empathicschool_s28,combined,empathicschool
0,2.711713e-05,0.7738673,empathicschool_s28,combined,empathicschool
0,2.711713e-05,0.7738673,empathicschool_s28,combined,empathicschool
0,2.7117105e-05,0.77386737,empathicschool_s28,combined,empathicschool
0,2.7117105e-05,0.77386737,empathicschool_s28,combined,empathicschool
0,2.7117105e-05,0.77386737,empathicschool_s28,combined,empathicschool
0,2.711708e-05,0.77386796,empathicschool_s28,combined,empathicschool
0,4.723662e-06,0.90976495,empathicschool_s28,combined,empathicschool
0,2.711708e-05,0.77386796,empathicschool_s28,combined,empathicschool
0,2.711708e-05,0.77386796,empathicschool_s28,combined,empathicschool
0,2.711708e-05,0.77386796,empathicschool_s28,combined,empathicschool
0,2.711708e-05,0.77386796,empathicschool_s28,combined,empathicschool
0,2.711708e-05,0.77386796,empathicschool_s28,combined,empathicschool
0,2.711708e-05,0.77386796,empathicschool_s28,combined,empathicschool
0,2.711708e-05,0.77386796,empathicschool_s28,combined,empathicschool
0,2.711708e-05,0.77386796,empathicschool_s28,combined,empathicschool
0,2.711708e-05,0.77386796,empathicschool_s28,combined,empathicschool
0,2.711708e-05,0.77386796,empathicschool_s28,combined,empathicschool
0,4.713857e-06,0.9098744,empathicschool_s28,combined,empathicschool
0,2.7117054e-05,0.7738693,empathicschool_s28,combined,empathicschool
0,2.7117054e-05,0.7738693,empathicschool_s28,combined,empathicschool
0,2.7117054e-05,0.7738693,empathicschool_s28,combined,empathicschool
0,2.7117054e-05,0.7738693,empathicschool_s28,combined,empathicschool
0,2.7117054e-05,0.7738693,empathicschool_s28,combined,empathicschool
0,2.7117027e-05,0.7738698,empathicschool_s28,combined,empathicschool
0,2.7117027e-05,0.7738698,empathicschool_s28,combined,empathicschool
0,2.7117027e-05,0.7738698,empathicschool_s28,combined,empathicschool
0,2.7117027e-05,0.7738698,empathicschool_s28,combined,empathicschool
0,2.7117027e-05,0.7738698,empathicschool_s28,combined,empathicschool
0,4.7052067e-06,0.9099654,empathicschool_s28,combined,empathicschool
0,2.7117027e-05,0.7738698,empathicschool_s28,combined,empathicschool
0,2.7117027e-05,0.7738698,empathicschool_s28,combined,empathicschool
0,2.7117027e-05,0.7738698,empathicschool_s28,combined,empathicschool
0,2.7117027e-05,0.7738698,empathicschool_s28,combined,empathicschool
0,2.7117027e-05,0.7738698,empathicschool_s28,combined,empathicschool
0,2.7117027e-05,0.7738698,empathicschool_s28,combined,empathicschool
0,2.7117027e-05,0.7738698,empathicschool_s28,combined,empathicschool
0,2.711708e-05,0.7738698,empathicschool_s28,combined,empathicschool
0,2.711708e-05,0.7738698,empathicschool_s28,combined,empathicschool
0,2.711708e-05,0.7738698,empathicschool_s28,combined,empathicschool
0,4.6906907e-06,0.91012764,empathicschool_s28,combined,empathicschool
0,2.711708e-05,0.7738698,empathicschool_s28,combined,empathicschool
0,2.7117027e-05,0.7738698,empathicschool_s28,combined,empathicschool
0,2.7117027e-05,0.7738698,empathicschool_s28,combined,empathicschool
0,2.7117027e-05,0.7738698,empathicschool_s28,combined,empathicschool
0,2.7117027e-05,0.7738698,empathicschool_s28,combined,empathicschool
0,2.7117054e-05,0.77386975,empathicschool_s28,combined,empathicschool
0,2.7117054e-05,0.77386975,empathicschool_s28,combined,empathicschool
0,2.7117054e-05,0.77386975,empathicschool_s28,combined,empathicschool
0,2.7117054e-05,0.77386975,empathicschool_s28,combined,empathicschool
0,2.7117054e-05,0.77386975,empathicschool_s28,combined,empathicschool
0,4.6945215e-06,0.91008556,empathicschool_s28,combined,empathicschool
0,2.7117054e-05,0.77386975,empathicschool_s28,combined,empathicschool
0,2.7117054e-05,0.77386975,empathicschool_s28,combined,empathicschool
0,2.7117054e-05,0.77386975,empathicschool_s28,combined,empathicschool
0,2.7117054e-05,0.77386975,empathicschool_s28,combined,empathicschool
0,2.7117027e-05,0.77387065,empathicschool_s28,combined,empathicschool
0,2.7117027e-05,0.77387065,empathicschool_s28,combined,empathicschool
0,2.7117027e-05,0.77387065,empathicschool_s28,combined,empathicschool
0,2.7117027e-05,0.77387065,empathicschool_s28,combined,empathicschool
0,2.7117027e-05,0.77387065,empathicschool_s28,combined,empathicschool
0,2.7117027e-05,0.77387065,empathicschool_s28,combined,empathicschool
0,3.9568677e-06,0.91886085,empathicschool_s28,combined,empathicschool
0,2.7117027e-05,0.77387065,empathicschool_s28,combined,empathicschool
0,2.7117027e-05,0.77387065,empathicschool_s28,combined,empathicschool
0,2.7117027e-05,0.77387065,empathicschool_s28,combined,empathicschool
0,2.7117027e-05,0.77387065,empathicschool_s28,combined,empathicschool
0,2.7117027e-05,0.77387065,empathicschool_s28,combined,empathicschool
0,2.7117027e-05,0.77387065,empathicschool_s28,combined,empathicschool
0,2.7117027e-05,0.77387065,empathicschool_s28,combined,empathicschool
0,2.7117027e-05,0.77387065,empathicschool_s28,combined,empathicschool
0,2.7117027e-05,0.77387065,empathicschool_s28,combined,empathicschool
0,2.7117027e-05,0.77387065,empathicschool_s28,combined,empathicschool
0,3.7215004e-06,0.920861,empathicschool_s28,combined,empathicschool
0,2.7117027e-05,0.77387065,empathicschool_s28,combined,empathicschool
0,2.7117027e-05,0.77387065,empathicschool_s28,combined,empathicschool
0,2.7117027e-05,0.77387065,empathicschool_s28,combined,empathicschool
0,2.7117027e-05,0.77387065,empathicschool_s28,combined,empathicschool
0,2.7117027e-05,0.77387065,empathicschool_s28,combined,empathicschool
0,2.7117027e-05,0.77387065,empathicschool_s28,combined,empathicschool
0,2.7117027e-05,0.77387065,empathicschool_s28,combined,empathicschool
0,2.7117027e-05,0.77387065,empathicschool_s28,combined,empathicschool
0,2.7117027e-05,0.77387065,empathicschool_s28,combined,empathicschool
0,2.7117027e-05,0.77387065,empathicschool_s28,combined,empathicschool
0,3.972491e-06,0.916515,empathicschool_s28,combined,empathicschool
0,2.7117027e-05,0.77387065,empathicschool_s28,combined,empathicschool
0,2.7117027e-05,0.77387065,empathicschool_s28,combined,empathicschool
0,2.7117027e-05,0.77387065,empathicschool_s28,combined,empathicschool
0,2.7117027e-05,0.77387065,empathicschool_s28,combined,empathicschool
0,2.7117027e-05,0.77387065,empathicschool_s28,combined,empathicschool
0,2.7117027e-05,0.77387065,empathicschool_s28,combined,empathicschool
0,2.7117027e-05,0.77387065,empathicschool_s28,combined,empathicschool
0,2.7117027e-05,0.77387065,empathicschool_s28,combined,empathicschool
0,2.7117027e-05,0.77387065,empathicschool_s28,combined,empathicschool
0,2.7117027e-05,0.77387065,empathicschool_s28,combined,empathicschool
0,3.8806456e-06,0.9182926,empathicschool_s28,combined,empathicschool
0,2.7117027e-05,0.77387065,empathicschool_s28,combined,empathicschool
0,2.7117027e-05,0.77387065,empathicschool_s28,combined,empathicschool
0,2.7117027e-05,0.77387065,empathicschool_s28,combined,empathicschool
0,2.7117027e-05,0.77387065,empathicschool_s28,combined,empathicschool
0,2.7117027e-05,0.77387065,empathicschool_s28,combined,empathicschool
0,2.7117027e-05,0.77387065,empathicschool_s28,combined,empathicschool
0,2.7117027e-05,0.77387065,empathicschool_s28,combined,empathicschool
0,2.7116976e-05,0.7738708,empathicschool_s28,combined,empathicschool
0,2.7116976e-05,0.7738708,empathicschool_s28,combined,empathicschool
0,2.7116976e-05,0.7738708,empathicschool_s28,combined,empathicschool
0,2.4760728e-05,0.7891906,empathicschool_s28,combined,empathicschool
0,3.8672906e-06,0.91860044,empathicschool_s28,combined,empathicschool
0,2.7116976e-05,0.7738708,empathicschool_s28,combined,empathicschool
0,2.7116976e-05,0.7738708,empathicschool_s28,combined,empathicschool
0,2.7116976e-05,0.7738708,empathicschool_s28,combined,empathicschool
0,2.7116976e-05,0.7738708,empathicschool_s28,combined,empathicschool
0,2.7116976e-05,0.7738708,empathicschool_s28,combined,empathicschool
0,2.7116976e-05,0.7738708,empathicschool_s28,combined,empathicschool
0,2.7116976e-05,0.7738708,empathicschool_s28,combined,empathicschool
0,2.7116976e-05,0.7738708,empathicschool_s28,combined,empathicschool
0,2.7116976e-05,0.7738708,empathicschool_s28,combined,empathicschool
0,2.7116976e-05,0.7738708,empathicschool_s28,combined,empathicschool
0,3.863925e-06,0.91868013,empathicschool_s28,combined,empathicschool
0,2.7116976e-05,0.7738708,empathicschool_s28,combined,empathicschool
0,2.7116976e-05,0.7738708,empathicschool_s28,combined,empathicschool
0,2.7116976e-05,0.7738708,empathicschool_s28,combined,empathicschool
0,2.7116976e-05,0.7738708,empathicschool_s28,combined,empathicschool
0,2.7116976e-05,0.7738708,empathicschool_s28,combined,empathicschool
0,2.7116976e-05,0.7738708,empathicschool_s28,combined,empathicschool
0,2.7116976e-05,0.7738708,empathicschool_s28,combined,empathicschool
0,2.7116976e-05,0.7738708,empathicschool_s28,combined,empathicschool
0,2.7116976e-05,0.7738708,empathicschool_s28,combined,empathicschool
0,2.7116976e-05,0.7738708,empathicschool_s28,combined,empathicschool
0,3.857121e-06,0.91878325,empathicschool_s28,combined,empathicschool
0,2.7116976e-05,0.7738708,empathicschool_s28,combined,empathicschool
0,2.7116976e-05,0.7738708,empathicschool_s28,combined,empathicschool
0,2.7116976e-05,0.7738708,empathicschool_s28,combined,empathicschool
0,2.7116976e-05,0.7738708,empathicschool_s28,combined,empathicschool
0,2.7116976e-05,0.7738708,empathicschool_s28,combined,empathicschool
0,2.7116976e-05,0.7738708,empathicschool_s28,combined,empathicschool
0,2.7116976e-05,0.7738708,empathicschool_s28,combined,empathicschool
0,2.7116976e-05,0.7738708,empathicschool_s28,combined,empathicschool
0,2.7116976e-05,0.7738708,empathicschool_s28,combined,empathicschool
0,2.7116976e-05,0.7738708,empathicschool_s28,combined,empathicschool
0,3.8570106e-06,0.9187968,empathicschool_s28,combined,empathicschool
0,2.7116976e-05,0.7738708,empathicschool_s28,combined,empathicschool
0,2.7116976e-05,0.7738708,empathicschool_s28,combined,empathicschool
0,2.7116976e-05,0.7738708,empathicschool_s28,combined,empathicschool
0,2.7116976e-05,0.7738708,empathicschool_s28,combined,empathicschool
0,2.7116976e-05,0.7738708,empathicschool_s28,combined,empathicschool
0,2.7116976e-05,0.77387094,empathicschool_s28,combined,empathicschool
0,2.7116976e-05,0.77387094,empathicschool_s28,combined,empathicschool
0,2.7116976e-05,0.77387094,empathicschool_s28,combined,empathicschool
0,2.7116976e-05,0.77387094,empathicschool_s28,combined,empathicschool
0,2.7117003e-05,0.77387094,empathicschool_s28,combined,empathicschool
0,3.8683415e-06,0.91864395,empathicschool_s28,combined,empathicschool
0,2.7117027e-05,0.7738715,empathicschool_s28,combined,empathicschool
0,2.7117027e-05,0.7738715,empathicschool_s28,combined,empathicschool
0,2.7117027e-05,0.7738715,empathicschool_s28,combined,empathicschool
0,2.7117027e-05,0.7738715,empathicschool_s28,combined,empathicschool
0,2.7117027e-05,0.7738715,empathicschool_s28,combined,empathicschool
0,2.7117027e-05,0.7738715,empathicschool_s28,combined,empathicschool
0,2.7117027e-05,0.7738715,empathicschool_s28,combined,empathicschool
0,2.7117027e-05,0.7738715,empathicschool_s28,combined,empathicschool
0,2.7117027e-05,0.7738715,empathicschool_s28,combined,empathicschool
0,2.7117027e-05,0.7738715,empathicschool_s28,combined,empathicschool
0,3.8661587e-06,0.9186855,empathicschool_s28,combined,empathicschool
0,2.7117027e-05,0.7738715,empathicschool_s28,combined,empathicschool
0,2.7117027e-05,0.7738715,empathicschool_s28,combined,empathicschool
0,2.7117027e-05,0.7738715,empathicschool_s28,combined,empathicschool
0,2.7117027e-05,0.7738715,empathicschool_s28,combined,empathicschool
0,2.7117027e-05,0.7738715,empathicschool_s28,combined,empathicschool
0,2.7117027e-05,0.7738715,empathicschool_s28,combined,empathicschool
0,2.7117027e-05,0.7738715,empathicschool_s28,combined,empathicschool
0,2.7117027e-05,0.7738715,empathicschool_s28,combined,empathicschool
0,2.7117027e-05,0.7738715,empathicschool_s28,combined,empathicschool
0,2.7117027e-05,0.7738715,empathicschool_s28,combined,empathicschool
0,3.8507847e-06,0.9188911,empathicschool_s28,combined,empathicschool
0,2.7117027e-05,0.7738715,empathicschool_s28,combined,empathicschool
0,2.7117027e-05,0.7738715,empathicschool_s28,combined,empathicschool
0,2.7117027e-05,0.7738715,empathicschool_s28,combined,empathicschool
0,2.7117027e-05,0.7738715,empathicschool_s28,combined,empathicschool
0,2.7117027e-05,0.7738715,empathicschool_s28,combined,empathicschool
0,2.7117027e-05,0.7738715,empathicschool_s28,combined,empathicschool
0,2.7117027e-05,0.7738715,empathicschool_s28,combined,empathicschool
0,2.7117027e-05,0.7738715,empathicschool_s28,combined,empathicschool
0,2.7117027e-05,0.7738715,empathicschool_s28,combined,empathicschool
0,2.7117027e-05,0.7738715,empathicschool_s28,combined,empathicschool
0,3.8677663e-06,0.91847825,empathicschool_s28,combined,empathicschool
0,2.7117027e-05,0.7738715,empathicschool_s28,combined,empathicschool
0,2.7117027e-05,0.7738715,empathicschool_s28,combined,empathicschool
0,2.7117027e-05,0.7738715,empathicschool_s28,combined,empathicschool
0,2.7117027e-05,0.7738715,empathicschool_s28,combined,empathicschool
0,2.7117027e-05,0.7738715,empathicschool_s28,combined,empathicschool
0,2.7117027e-05,0.7738715,empathicschool_s28,combined,empathicschool
0,2.7117027e-05,0.7738715,empathicschool_s28,combined,empathicschool
0,2.7116976e-05,0.7738715,empathicschool_s28,combined,empathicschool
0,2.7116976e-05,0.7738715,empathicschool_s28,combined,empathicschool
0,2.7116976e-05,0.7738715,empathicschool_s28,combined,empathicschool
0,3.8648127e-06,0.91852915,empathicschool_s28,combined,empathicschool
0,2.7116976e-05,0.7738715,empathicschool_s28,combined,empathicschool
0,2.7116976e-05,0.7738715,empathicschool_s28,combined,empathicschool
0,2.7116976e-05,0.7738715,empathicschool_s28,combined,empathicschool
0,2.7116976e-05,0.7738715,empathicschool_s28,combined,empathicschool
0,2.7116976e-05,0.7738715,empathicschool_s28,combined,empathicschool
0,2.7116976e-05,0.7738715,empathicschool_s28,combined,empathicschool
0,2.7116976e-05,0.7738715,empathicschool_s28,combined,empathicschool
0,2.7116976e-05,0.7738715,empathicschool_s28,combined,empathicschool
0,2.7116976e-05,0.7738715,empathicschool_s28,combined,empathicschool
0,2.7116976e-05,0.7738715,empathicschool_s28,combined,empathicschool
0,3.826623e-06,0.91932714,empathicschool_s28,combined,empathicschool
0,2.7116976e-05,0.7738715,empathicschool_s28,combined,empathicschool
0,2.7116976e-05,0.7738715,empathicschool_s28,combined,empathicschool
0,2.7116976e-05,0.7738715,empathicschool_s28,combined,empathicschool
0,2.7116976e-05,0.7738715,empathicschool_s28,combined,empathicschool
0,2.7116976e-05,0.7738715,empathicschool_s28,combined,empathicschool
0,2.7116976e-05,0.7738715,empathicschool_s28,combined,empathicschool
0,2.7116976e-05,0.7738715,empathicschool_s28,combined,empathicschool
0,2.7116976e-05,0.7738715,empathicschool_s28,combined,empathicschool
0,2.7116976e-05,0.7738715,empathicschool_s28,combined,empathicschool
0,2.7116976e-05,0.7738715,empathicschool_s28,combined,empathicschool
0,2.5335838e-05,0.7869576,empathicschool_s28,combined,empathicschool
0,3.8315457e-06,0.91918576,empathicschool_s28,combined,empathicschool
0,2.7116976e-05,0.7738715,empathicschool_s28,combined,empathicschool
0,2.7116976e-05,0.7738715,empathicschool_s28,combined,empathicschool
0,2.7116976e-05,0.7738715,empathicschool_s28,combined,empathicschool
0,2.7116976e-05,0.7738715,empathicschool_s28,combined,empathicschool
0,2.7116976e-05,0.7738715,empathicschool_s28,combined,empathicschool
0,2.7116976e-05,0.7738715,empathicschool_s28,combined,empathicschool
0,2.7116976e-05,0.7738715,empathicschool_s28,combined,empathicschool
0,2.7116976e-05,0.7738715,empathicschool_s28,combined,empathicschool
0,2.7116976e-05,0.7738715,empathicschool_s28,combined,empathicschool
0,2.7116976e-05,0.7738715,empathicschool_s28,combined,empathicschool
0,3.8630037e-06,0.91861314,empathicschool_s28,combined,empathicschool
0,2.7116976e-05,0.7738715,empathicschool_s28,combined,empathicschool
0,2.7116976e-05,0.7738715,empathicschool_s28,combined,empathicschool
0,2.7116976e-05,0.7738715,empathicschool_s28,combined,empathicschool
0,2.7116976e-05,0.7738715,empathicschool_s28,combined,empathicschool
0,2.7116976e-05,0.7738715,empathicschool_s28,combined,empathicschool
0,2.7116976e-05,0.7738715,empathicschool_s28,combined,empathicschool
0,2.7116976e-05,0.7738715,empathicschool_s28,combined,empathicschool
0,2.7116976e-05,0.7738715,empathicschool_s28,combined,empathicschool
0,2.7116976e-05,0.7738715,empathicschool_s28,combined,empathicschool
0,2.7116976e-05,0.7738715,empathicschool_s28,combined,empathicschool
0,3.8621415e-06,0.9186538,empathicschool_s28,combined,empathicschool
0,2.7116976e-05,0.7738715,empathicschool_s28,combined,empathicschool
0,2.7116976e-05,0.7738715,empathicschool_s28,combined,empathicschool
0,2.7116976e-05,0.7738715,empathicschool_s28,combined,empathicschool
0,2.7116976e-05,0.7738715,empathicschool_s28,combined,empathicschool
0,2.7116976e-05,0.7738715,empathicschool_s28,combined,empathicschool
0,2.7116976e-05,0.7738715,empathicschool_s28,combined,empathicschool
0,2.7116976e-05,0.7738715,empathicschool_s28,combined,empathicschool
0,2.7116976e-05,0.7738715,empathicschool_s28,combined,empathicschool
0,2.7116976e-05,0.7738715,empathicschool_s28,combined,empathicschool
0,2.7116976e-05,0.7738715,empathicschool_s28,combined,empathicschool
0,3.853845e-06,0.91876286,empathicschool_s28,combined,empathicschool
0,2.7116976e-05,0.7738715,empathicschool_s28,combined,empathicschool
0,2.7116976e-05,0.7738715,empathicschool_s28,combined,empathicschool
0,2.7116976e-05,0.7738715,empathicschool_s28,combined,empathicschool
0,2.7116976e-05,0.7738715,empathicschool_s28,combined,empathicschool
0,2.7116976e-05,0.7738715,empathicschool_s28,combined,empathicschool
0,2.7116976e-05,0.7738715,empathicschool_s28,combined,empathicschool
0,2.7116976e-05,0.7738715,empathicschool_s28,combined,empathicschool
0,2.7116976e-05,0.7738715,empathicschool_s28,combined,empathicschool
0,2.7116976e-05,0.7738715,empathicschool_s28,combined,empathicschool
0,2.7116976e-05,0.7738715,empathicschool_s28,combined,empathicschool
0,3.8521107e-06,0.9184665,empathicschool_s28,combined,empathicschool
0,2.7117027e-05,0.77387136,empathicschool_s28,combined,empathicschool
0,2.7116976e-05,0.7738715,empathicschool_s28,combined,empathicschool
0,2.7116976e-05,0.7738715,empathicschool_s28,combined,empathicschool
0,2.7116976e-05,0.7738715,empathicschool_s28,combined,empathicschool
0,2.7116976e-05,0.7738715,empathicschool_s28,combined,empathicschool
0,2.7117027e-05,0.7738715,empathicschool_s28,combined,empathicschool
0,2.7116976e-05,0.7738715,empathicschool_s28,combined,empathicschool
0,2.7116976e-05,0.7738715,empathicschool_s28,combined,empathicschool
0,2.7116976e-05,0.7738715,empathicschool_s28,combined,empathicschool
0,2.7117027e-05,0.7738716,empathicschool_s28,combined,empathicschool
0,3.931928e-06,0.9169669,empathicschool_s28,combined,empathicschool
0,2.7117027e-05,0.7738715,empathicschool_s28,combined,empathicschool
0,2.7117027e-05,0.77387154,empathicschool_s28,combined,empathicschool
0,2.7117027e-05,0.77387166,empathicschool_s28,combined,empathicschool
0,2.7117027e-05,0.77387166,empathicschool_s28,combined,empathicschool
0,2.7116976e-05,0.7738715,empathicschool_s28,combined,empathicschool
0,2.7116976e-05,0.7738715,empathicschool_s28,combined,empathicschool
0,2.7116976e-05,0.7738715,empathicschool_s28,combined,empathicschool
0,2.7116976e-05,0.7738715,empathicschool_s28,combined,empathicschool
0,2.7117003e-05,0.77387166,empathicschool_s28,combined,empathicschool
0,2.7117027e-05,0.77387166,empathicschool_s28,combined,empathicschool
0,3.9022743e-06,0.9173791,empathicschool_s28,combined,empathicschool
0,2.7117027e-05,0.77387166,empathicschool_s28,combined,empathicschool
0,2.7117027e-05,0.77387166,empathicschool_s28,combined,empathicschool
0,2.7117027e-05,0.77387166,empathicschool_s28,combined,empathicschool
0,2.7117027e-05,0.77387166,empathicschool_s28,combined,empathicschool
0,2.7117027e-05,0.77387166,empathicschool_s28,combined,empathicschool
0,2.7117027e-05,0.77387166,empathicschool_s28,combined,empathicschool
0,2.7117027e-05,0.77387166,empathicschool_s28,combined,empathicschool
0,2.7117027e-05,0.77387166,empathicschool_s28,combined,empathicschool
0,2.7117027e-05,0.77387166,empathicschool_s28,combined,empathicschool
0,2.7117003e-05,0.77387166,empathicschool_s28,combined,empathicschool
0,4.382291e-06,0.91210246,empathicschool_s28,combined,empathicschool
0,2.7117027e-05,0.77387166,empathicschool_s28,combined,empathicschool
0,2.7117027e-05,0.77387166,empathicschool_s28,combined,empathicschool
0,2.7117027e-05,0.77387166,empathicschool_s28,combined,empathicschool
0,2.7117027e-05,0.77387166,empathicschool_s28,combined,empathicschool
0,2.7117027e-05,0.77387166,empathicschool_s28,combined,empathicschool
0,2.7117027e-05,0.77387166,empathicschool_s28,combined,empathicschool
0,2.7117027e-05,0.77387166,empathicschool_s28,combined,empathicschool
0,2.7117003e-05,0.77387166,empathicschool_s28,combined,empathicschool
0,2.7117003e-05,0.77387166,empathicschool_s28,combined,empathicschool
0,2.7117027e-05,0.77387166,empathicschool_s28,combined,empathicschool
0,1.499935e-05,0.83391076,empathicschool_s28,combined,empathicschool
0,2.7117027e-05,0.77387166,empathicschool_s28,combined,empathicschool
0,2.7117027e-05,0.77387166,empathicschool_s28,combined,empathicschool
0,2.7117027e-05,0.77387166,empathicschool_s28,combined,empathicschool
0,2.7117027e-05,0.77387166,empathicschool_s28,combined,empathicschool
0,2.7117027e-05,0.77387166,empathicschool_s28,combined,empathicschool
0,2.7117027e-05,0.77387166,empathicschool_s28,combined,empathicschool
0,2.7117027e-05,0.77387166,empathicschool_s28,combined,empathicschool
0,2.7117027e-05,0.77387166,empathicschool_s28,combined,empathicschool
0,2.7117027e-05,0.7738715,empathicschool_s28,combined,empathicschool
0,2.7117027e-05,0.77387166,empathicschool_s28,combined,empathicschool
0,2.4417039e-05,0.79060215,empathicschool_s28,combined,empathicschool
0,2.7117003e-05,0.77387166,empathicschool_s28,combined,empathicschool
0,2.7116976e-05,0.7738715,empathicschool_s28,combined,empathicschool
0,2.7116976e-05,0.7738715,empathicschool_s28,combined,empathicschool
0,2.7116976e-05,0.7738715,empathicschool_s28,combined,empathicschool
0,2.7116976e-05,0.7738715,empathicschool_s28,combined,empathicschool
0,2.7116976e-05,0.7738715,empathicschool_s28,combined,empathicschool
0,2.7116976e-05,0.7738715,empathicschool_s28,combined,empathicschool
0,2.7117027e-05,0.77387154,empathicschool_s28,combined,empathicschool
0,2.7117027e-05,0.7738715,empathicschool_s28,combined,empathicschool
0,2.7117027e-05,0.77387166,empathicschool_s28,combined,empathicschool
0,2.505632e-05,0.78808296,empathicschool_s28,combined,empathicschool
0,2.4665585e-05,0.7896133,empathicschool_s28,combined,empathicschool
0,2.7117003e-05,0.77387166,empathicschool_s28,combined,empathicschool
0,2.7117027e-05,0.77387166,empathicschool_s28,combined,empathicschool
0,2.7117027e-05,0.77387166,empathicschool_s28,combined,empathicschool
0,2.7117027e-05,0.77387166,empathicschool_s28,combined,empathicschool
0,2.7117027e-05,0.77387166,empathicschool_s28,combined,empathicschool
0,2.7117027e-05,0.77387166,empathicschool_s28,combined,empathicschool
0,2.7117027e-05,0.77387166,empathicschool_s28,combined,empathicschool
0,2.7117027e-05,0.77387166,empathicschool_s28,combined,empathicschool
0,2.7117027e-05,0.77387166,empathicschool_s28,combined,empathicschool
0,2.7117027e-05,0.77387166,empathicschool_s28,combined,empathicschool
0,2.4708788e-05,0.7894392,empathicschool_s28,combined,empathicschool
0,2.7117027e-05,0.77387166,empathicschool_s28,combined,empathicschool
0,2.7117027e-05,0.77387166,empathicschool_s28,combined,empathicschool
0,2.7117027e-05,0.77387166,empathicschool_s28,combined,empathicschool
0,2.7117027e-05,0.77387166,empathicschool_s28,combined,empathicschool
0,2.7117027e-05,0.77387166,empathicschool_s28,combined,empathicschool
0,2.7116976e-05,0.77387136,empathicschool_s28,combined,empathicschool
0,2.7117003e-05,0.7738716,empathicschool_s28,combined,empathicschool
0,2.7117027e-05,0.77387166,empathicschool_s28,combined,empathicschool
0,2.7117027e-05,0.77387166,empathicschool_s28,combined,empathicschool
0,2.7117027e-05,0.77387166,empathicschool_s28,combined,empathicschool
0,2.4696705e-05,0.789478,empathicschool_s28,combined,empathicschool
0,2.7116976e-05,0.77387136,empathicschool_s28,combined,empathicschool
0,2.7117027e-05,0.7738716,empathicschool_s28,combined,empathicschool
0,2.7117003e-05,0.77387166,empathicschool_s28,combined,empathicschool
0,2.7117027e-05,0.77387166,empathicschool_s28,combined,empathicschool
0,2.7117003e-05,0.77387166,empathicschool_s28,combined,empathicschool
0,2.7117027e-05,0.77387166,empathicschool_s28,combined,empathicschool
0,2.7117003e-05,0.77387166,empathicschool_s28,combined,empathicschool
0,2.7117027e-05,0.77387166,empathicschool_s28,combined,empathicschool
0,2.7117027e-05,0.7738715,empathicschool_s28,combined,empathicschool
0,2.7116976e-05,0.77387136,empathicschool_s28,combined,empathicschool
0,2.4602065e-05,0.7898576,empathicschool_s28,combined,empathicschool
0,2.7117003e-05,0.77387166,empathicschool_s28,combined,empathicschool
0,2.7117027e-05,0.77387166,empathicschool_s28,combined,empathicschool
0,2.7116976e-05,0.77387136,empathicschool_s28,combined,empathicschool
0,2.7117027e-05,0.773871,empathicschool_s28,combined,empathicschool
0,2.7117027e-05,0.77387124,empathicschool_s28,combined,empathicschool
0,2.7116976e-05,0.77387136,empathicschool_s28,combined,empathicschool
0,2.7116976e-05,0.77387094,empathicschool_s28,combined,empathicschool
0,2.7116976e-05,0.77387094,empathicschool_s28,combined,empathicschool
0,2.7116976e-05,0.77387136,empathicschool_s28,combined,empathicschool
0,2.7117003e-05,0.7738716,empathicschool_s28,combined,empathicschool
0,2.4556988e-05,0.79003984,empathicschool_s28,combined,empathicschool
0,2.7116976e-05,0.77387094,empathicschool_s28,combined,empathicschool
0,2.7116976e-05,0.7738709,empathicschool_s28,combined,empathicschool
0,2.7116976e-05,0.77387094,empathicschool_s28,combined,empathicschool
0,2.7116976e-05,0.77387094,empathicschool_s28,combined,empathicschool
0,2.7116976e-05,0.77387094,empathicschool_s28,combined,empathicschool
0,2.7116976e-05,0.77387094,empathicschool_s28,combined,empathicschool
0,2.7116976e-05,0.77387136,empathicschool_s28,combined,empathicschool
0,2.7116976e-05,0.77387094,empathicschool_s28,combined,empathicschool
0,2.7116976e-05,0.77387094,empathicschool_s28,combined,empathicschool
0,2.7116976e-05,0.77387094,empathicschool_s28,combined,empathicschool
0,2.4549287e-05,0.7900717,empathicschool_s28,combined,empathicschool
0,2.7116976e-05,0.77387094,empathicschool_s28,combined,empathicschool
0,2.7116976e-05,0.77387094,empathicschool_s28,combined,empathicschool
0,2.7116976e-05,0.77387094,empathicschool_s28,combined,empathicschool
0,2.7117027e-05,0.7738711,empathicschool_s28,combined,empathicschool
0,2.7116976e-05,0.77387094,empathicschool_s28,combined,empathicschool
0,2.7116976e-05,0.77387094,empathicschool_s28,combined,empathicschool
0,2.7117027e-05,0.7738711,empathicschool_s28,combined,empathicschool
0,2.7116976e-05,0.77387094,empathicschool_s28,combined,empathicschool
0,2.7116976e-05,0.77387094,empathicschool_s28,combined,empathicschool
0,2.7116976e-05,0.77387094,empathicschool_s28,combined,empathicschool
0,2.4813467e-05,0.7890087,empathicschool_s28,combined,empathicschool
0,2.7116976e-05,0.77387094,empathicschool_s28,combined,empathicschool
0,2.7116976e-05,0.77387094,empathicschool_s28,combined,empathicschool
0,2.7116976e-05,0.77387094,empathicschool_s28,combined,empathicschool
0,2.7116976e-05,0.77387094,empathicschool_s28,combined,empathicschool
0,2.7116976e-05,0.77387094,empathicschool_s28,combined,empathicschool
0,2.7116976e-05,0.77387094,empathicschool_s28,combined,empathicschool
0,2.7116976e-05,0.77387094,empathicschool_s28,combined,empathicschool
0,2.7116976e-05,0.77387094,empathicschool_s28,combined,empathicschool
0,2.7116976e-05,0.7738709,empathicschool_s28,combined,empathicschool
0,2.7116976e-05,0.7738709,empathicschool_s28,combined,empathicschool
0,2.488076e-05,0.78875184,empathicschool_s28,combined,empathicschool
0,2.7116976e-05,0.7738709,empathicschool_s28,combined,empathicschool
0,2.7116976e-05,0.7738709,empathicschool_s28,combined,empathicschool
0,2.7116976e-05,0.7738709,empathicschool_s28,combined,empathicschool
0,2.7116976e-05,0.7738709,empathicschool_s28,combined,empathicschool
0,2.7116976e-05,0.7738709,empathicschool_s28,combined,empathicschool
0,2.7116976e-05,0.7738709,empathicschool_s28,combined,empathicschool
0,2.7116976e-05,0.7738709,empathicschool_s28,combined,empathicschool
0,2.7116976e-05,0.7738709,empathicschool_s28,combined,empathicschool
0,2.7116976e-05,0.7738709,empathicschool_s28,combined,empathicschool
0,2.7116976e-05,0.7738709,empathicschool_s28,combined,empathicschool
0,2.4877676e-05,0.788766,empathicschool_s28,combined,empathicschool
0,2.7116976e-05,0.7738709,empathicschool_s28,combined,empathicschool
0,2.7116976e-05,0.7738709,empathicschool_s28,combined,empathicschool
0,2.7116976e-05,0.7738709,empathicschool_s28,combined,empathicschool
0,2.7116976e-05,0.7738709,empathicschool_s28,combined,empathicschool
0,2.7116976e-05,0.7738709,empathicschool_s28,combined,empathicschool
0,2.7116976e-05,0.7738709,empathicschool_s28,combined,empathicschool
0,2.7116976e-05,0.7738709,empathicschool_s28,combined,empathicschool
0,2.7116976e-05,0.7738709,empathicschool_s28,combined,empathicschool
0,2.7116976e-05,0.7738709,empathicschool_s28,combined,empathicschool
0,2.7116976e-05,0.7738709,empathicschool_s28,combined,empathicschool
0,2.4831268e-05,0.78894866,empathicschool_s28,combined,empathicschool
0,2.7116976e-05,0.7738709,empathicschool_s28,combined,empathicschool
0,2.7116976e-05,0.7738709,empathicschool_s28,combined,empathicschool
0,2.7116976e-05,0.7738709,empathicschool_s28,combined,empathicschool
0,2.7116976e-05,0.7738709,empathicschool_s28,combined,empathicschool
0,2.7116976e-05,0.7738709,empathicschool_s28,combined,empathicschool
0,2.7116976e-05,0.7738709,empathicschool_s28,combined,empathicschool
0,2.7116976e-05,0.7738709,empathicschool_s28,combined,empathicschool
0,2.7116976e-05,0.7738709,empathicschool_s28,combined,empathicschool
0,2.7116976e-05,0.7738709,empathicschool_s28,combined,empathicschool
0,2.7116976e-05,0.7738709,empathicschool_s28,combined,empathicschool
0,2.4091007e-05,0.7919569,empathicschool_s28,combined,empathicschool
0,2.4780407e-05,0.7891593,empathicschool_s28,combined,empathicschool
0,2.7116976e-05,0.7738709,empathicschool_s28,combined,empathicschool
0,2.7116976e-05,0.7738709,empathicschool_s28,combined,empathicschool
0,2.7116976e-05,0.7738709,empathicschool_s28,combined,empathicschool
0,2.7116976e-05,0.7738709,empathicschool_s28,combined,empathicschool
0,2.7116976e-05,0.7738709,empathicschool_s28,combined,empathicschool
0,2.7116976e-05,0.7738709,empathicschool_s28,combined,empathicschool
0,2.7116976e-05,0.7738709,empathicschool_s28,combined,empathicschool
0,2.7116976e-05,0.7738709,empathicschool_s28,combined,empathicschool
0,2.7116976e-05,0.7738709,empathicschool_s28,combined,empathicschool
0,2.7116976e-05,0.7738709,empathicschool_s28,combined,empathicschool
0,1.6344065e-05,0.8278824,empathicschool_s28,combined,empathicschool
0,2.7116976e-05,0.7738709,empathicschool_s28,combined,empathicschool
0,2.7116976e-05,0.7738709,empathicschool_s28,combined,empathicschool
0,2.7116976e-05,0.7738709,empathicschool_s28,combined,empathicschool
0,2.7116976e-05,0.7738709,empathicschool_s28,combined,empathicschool
0,2.7116976e-05,0.7738709,empathicschool_s28,combined,empathicschool
0,2.7116976e-05,0.7738709,empathicschool_s28,combined,empathicschool
0,2.7116976e-05,0.7738709,empathicschool_s28,combined,empathicschool
0,2.7116976e-05,0.7738709,empathicschool_s28,combined,empathicschool
0,2.7116976e-05,0.7738709,empathicschool_s28,combined,empathicschool
0,2.7116976e-05,0.7738709,empathicschool_s28,combined,empathicschool
0,4.513821e-06,0.91257626,empathicschool_s28,combined,empathicschool
0,2.7116976e-05,0.7738709,empathicschool_s28,combined,empathicschool
0,2.7116976e-05,0.7738709,empathicschool_s28,combined,empathicschool
0,2.7116976e-05,0.7738709,empathicschool_s28,combined,empathicschool
0,2.7116976e-05,0.7738709,empathicschool_s28,combined,empathicschool
0,2.7116976e-05,0.7738709,empathicschool_s28,combined,empathicschool
0,2.7116976e-05,0.7738709,empathicschool_s28,combined,empathicschool
0,2.7116976e-05,0.7738709,empathicschool_s28,combined,empathicschool
0,2.7116976e-05,0.7738709,empathicschool_s28,combined,empathicschool
0,2.7116976e-05,0.7738709,empathicschool_s28,combined,empathicschool
0,2.7116976e-05,0.7738709,empathicschool_s28,combined,empathicschool
0,3.6706483e-06,0.92137146,empathicschool_s28,combined,empathicschool
0,2.7116976e-05,0.7738709,empathicschool_s28,combined,empathicschool
0,2.7116976e-05,0.7738709,empathicschool_s28,combined,empathicschool
0,2.7116976e-05,0.7738709,empathicschool_s28,combined,empathicschool
0,2.7116976e-05,0.7738713,empathicschool_s28,combined,empathicschool
0,2.7116976e-05,0.7738709,empathicschool_s28,combined,empathicschool
0,2.7116976e-05,0.7738713,empathicschool_s28,combined,empathicschool
0,2.7116976e-05,0.7738713,empathicschool_s28,combined,empathicschool
0,2.7116976e-05,0.7738713,empathicschool_s28,combined,empathicschool
0,2.7116976e-05,0.7738709,empathicschool_s28,combined,empathicschool
0,2.7116976e-05,0.7738713,empathicschool_s28,combined,empathicschool
0,3.662277e-06,0.9217154,empathicschool_s28,combined,empathicschool
0,2.7116976e-05,0.7738713,empathicschool_s28,combined,empathicschool
0,2.7116976e-05,0.7738713,empathicschool_s28,combined,empathicschool
0,2.7116976e-05,0.7738713,empathicschool_s28,combined,empathicschool
0,2.7116976e-05,0.7738713,empathicschool_s28,combined,empathicschool
0,2.7116976e-05,0.7738713,empathicschool_s28,combined,empathicschool
0,2.7116976e-05,0.7738713,empathicschool_s28,combined,empathicschool
0,2.7116976e-05,0.7738713,empathicschool_s28,combined,empathicschool
0,2.7116976e-05,0.7738713,empathicschool_s28,combined,empathicschool
0,2.7116976e-05,0.7738713,empathicschool_s28,combined,empathicschool
0,2.7116976e-05,0.7738713,empathicschool_s28,combined,empathicschool
0,3.664569e-06,0.9218469,empathicschool_s28,combined,empathicschool
0,2.7116976e-05,0.7738713,empathicschool_s28,combined,empathicschool
0,2.7116976e-05,0.7738713,empathicschool_s28,combined,empathicschool
0,2.7116976e-05,0.7738713,empathicschool_s28,combined,empathicschool
0,2.7116976e-05,0.7738713,empathicschool_s28,combined,empathicschool
0,2.7116976e-05,0.7738713,empathicschool_s28,combined,empathicschool
0,2.7116976e-05,0.7738713,empathicschool_s28,combined,empathicschool
0,2.7116976e-05,0.7738709,empathicschool_s28,combined,empathicschool
0,2.7116976e-05,0.7738713,empathicschool_s28,combined,empathicschool
0,2.7116976e-05,0.7738709,empathicschool_s28,combined,empathicschool
0,2.7116976e-05,0.7738713,empathicschool_s28,combined,empathicschool
0,3.7304796e-06,0.9210369,empathicschool_s28,combined,empathicschool
0,2.7116976e-05,0.7738709,empathicschool_s28,combined,empathicschool
0,2.7116976e-05,0.7738709,empathicschool_s28,combined,empathicschool
0,2.7116976e-05,0.7738709,empathicschool_s28,combined,empathicschool
0,2.7116976e-05,0.7738713,empathicschool_s28,combined,empathicschool
0,2.7116976e-05,0.7738709,empathicschool_s28,combined,empathicschool
0,2.7116976e-05,0.7738709,empathicschool_s28,combined,empathicschool
0,2.7116976e-05,0.7738709,empathicschool_s28,combined,empathicschool
0,2.7116976e-05,0.7738709,empathicschool_s28,combined,empathicschool
0,2.7116976e-05,0.7738709,empathicschool_s28,combined,empathicschool
0,2.7116976e-05,0.7738709,empathicschool_s28,combined,empathicschool
0,3.89547e-06,0.9190176,empathicschool_s28,combined,empathicschool
0,2.7116976e-05,0.7738713,empathicschool_s28,combined,empathicschool
0,2.7116976e-05,0.7738713,empathicschool_s28,combined,empathicschool
0,2.7116976e-05,0.7738709,empathicschool_s28,combined,empathicschool
0,2.7116976e-05,0.7738709,empathicschool_s28,combined,empathicschool
0,2.7116976e-05,0.7738709,empathicschool_s28,combined,empathicschool
0,2.7116976e-05,0.7738709,empathicschool_s28,combined,empathicschool
0,2.7116976e-05,0.7738709,empathicschool_s28,combined,empathicschool
0,2.7116976e-05,0.7738709,empathicschool_s28,combined,empathicschool
0,2.7116976e-05,0.7738709,empathicschool_s28,combined,empathicschool
0,2.7116976e-05,0.7738709,empathicschool_s28,combined,empathicschool
0,4.008399e-06,0.9178039,empathicschool_s28,combined,empathicschool
0,2.7116976e-05,0.7738709,empathicschool_s28,combined,empathicschool
0,2.7116976e-05,0.7738709,empathicschool_s28,combined,empathicschool
0,2.7116976e-05,0.7738709,empathicschool_s28,combined,empathicschool
0,2.7116976e-05,0.7738713,empathicschool_s28,combined,empathicschool
0,2.7116976e-05,0.7738713,empathicschool_s28,combined,empathicschool
0,2.7116976e-05,0.7738709,empathicschool_s28,combined,empathicschool
0,2.7116976e-05,0.7738713,empathicschool_s28,combined,empathicschool
0,2.7116976e-05,0.7738713,empathicschool_s28,combined,empathicschool
0,2.7116976e-05,0.7738713,empathicschool_s28,combined,empathicschool
0,2.7116976e-05,0.7738713,empathicschool_s28,combined,empathicschool
0,3.9001166e-06,0.9194216,empathicschool_s28,combined,empathicschool
0,2.7116976e-05,0.7738713,empathicschool_s28,combined,empathicschool
0,2.7116976e-05,0.7738713,empathicschool_s28,combined,empathicschool
0,2.7116976e-05,0.7738713,empathicschool_s28,combined,empathicschool
0,2.7116976e-05,0.7738713,empathicschool_s28,combined,empathicschool
0,2.7116976e-05,0.7738713,empathicschool_s28,combined,empathicschool
0,2.7116976e-05,0.7738713,empathicschool_s28,combined,empathicschool
0,2.7116976e-05,0.7738713,empathicschool_s28,combined,empathicschool
0,2.7116976e-05,0.7738713,empathicschool_s28,combined,empathicschool
0,2.7116976e-05,0.7738713,empathicschool_s28,combined,empathicschool
0,2.7116976e-05,0.7738713,empathicschool_s28,combined,empathicschool
0,2.456507e-05,0.7900718,empathicschool_s28,combined,empathicschool
0,3.5973626e-06,0.9226381,empathicschool_s28,combined,empathicschool
0,2.7116976e-05,0.7738713,empathicschool_s28,combined,empathicschool
0,2.7116976e-05,0.7738713,empathicschool_s28,combined,empathicschool
0,2.7116976e-05,0.7738713,empathicschool_s28,combined,empathicschool
0,2.7116976e-05,0.7738713,empathicschool_s28,combined,empathicschool
0,2.7116976e-05,0.7738713,empathicschool_s28,combined,empathicschool
0,2.7116976e-05,0.7738713,empathicschool_s28,combined,empathicschool
0,2.7116976e-05,0.7738713,empathicschool_s28,combined,empathicschool
0,2.7116976e-05,0.7738713,empathicschool_s28,combined,empathicschool
0,2.7116976e-05,0.7738713,empathicschool_s28,combined,empathicschool
0,2.7116976e-05,0.7738713,empathicschool_s28,combined,empathicschool
0,3.99042e-06,0.9154922,empathicschool_s28,combined,empathicschool
0,2.7116976e-05,0.7738713,empathicschool_s28,combined,empathicschool
0,2.7116976e-05,0.7738713,empathicschool_s28,combined,empathicschool
0,4.2277256e-06,0.91180307,empathicschool_s28,combined,empathicschool
0,4.1850435e-06,0.9125047,empathicschool_s28,combined,empathicschool
0,4.1770127e-06,0.9126355,empathicschool_s28,combined,empathicschool
0,4.1559456e-06,0.9129769,empathicschool_s28,combined,empathicschool
0,4.1388275e-06,0.9132515,empathicschool_s28,combined,empathicschool
0,4.1388275e-06,0.9132515,empathicschool_s28,combined,empathicschool
0,4.136657e-06,0.9132874,empathicschool_s28,combined,empathicschool
0,4.115793e-06,0.9136303,empathicschool_s28,combined,empathicschool
0,2.5314925e-05,0.7870983,empathicschool_s28,combined,empathicschool
0,4.098778e-06,0.91391873,empathicschool_s28,combined,empathicschool
0,4.0913815e-06,0.9140493,empathicschool_s28,combined,empathicschool
0,4.064051e-06,0.91451746,empathicschool_s28,combined,empathicschool
0,4.0365876e-06,0.9149753,empathicschool_s28,combined,empathicschool
0,4.037804e-06,0.9149431,empathicschool_s28,combined,empathicschool
0,4.040847e-06,0.9148996,empathicschool_s28,combined,empathicschool
0,4.0200453e-06,0.91524935,empathicschool_s28,combined,empathicschool
0,4.0102536e-06,0.9154127,empathicschool_s28,combined,empathicschool
0,4.005755e-06,0.91548854,empathicschool_s28,combined,empathicschool
0,4.0059613e-06,0.9154835,empathicschool_s28,combined,empathicschool
0,4.1692288e-06,0.9121421,empathicschool_s28,combined,empathicschool
0,4.096238e-06,0.91331583,empathicschool_s28,combined,empathicschool
0,1.6026369e-06,0.9568478,empathicschool_s28,combined,empathicschool
0,1.5796888e-06,0.9574031,empathicschool_s28,combined,empathicschool
0,3.8111043e-06,0.9179438,empathicschool_s28,combined,empathicschool
0,3.818049e-06,0.9178315,empathicschool_s28,combined,empathicschool
0,3.8048038e-06,0.9180604,empathicschool_s28,combined,empathicschool
0,3.7911486e-06,0.9182888,empathicschool_s28,combined,empathicschool
0,3.8033163e-06,0.91807586,empathicschool_s28,combined,empathicschool
0,3.8133257e-06,0.917928,empathicschool_s28,combined,empathicschool
0,3.7903822e-06,0.9183201,empathicschool_s28,combined,empathicschool
0,3.7882137e-06,0.9183515,empathicschool_s28,combined,empathicschool
0,3.8037517e-06,0.9180962,empathicschool_s28,combined,empathicschool
0,3.7975465e-06,0.9182051,empathicschool_s28,combined,empathicschool
0,1.5767765e-06,0.9574786,empathicschool_s28,combined,empathicschool
0,3.8038388e-06,0.91809475,empathicschool_s28,combined,empathicschool
0,3.8168623e-06,0.9178804,empathicschool_s28,combined,empathicschool
0,3.8059434e-06,0.9180607,empathicschool_s28,combined,empathicschool
0,3.8085466e-06,0.91799754,empathicschool_s28,combined,empathicschool
0,3.8273456e-06,0.91770095,empathicschool_s28,combined,empathicschool
0,3.8163857e-06,0.9178885,empathicschool_s28,combined,empathicschool
0,3.814752e-06,0.9179129,empathicschool_s28,combined,empathicschool
0,3.8179105e-06,0.9178633,empathicschool_s28,combined,empathicschool
0,3.804274e-06,0.91808814,empathicschool_s28,combined,empathicschool
0,3.7841917e-06,0.91842365,empathicschool_s28,combined,empathicschool
0,1.5332889e-06,0.9585667,empathicschool_s28,combined,empathicschool
0,3.7534403e-06,0.9189416,empathicschool_s28,combined,empathicschool
0,3.89094e-06,0.9165799,empathicschool_s28,combined,empathicschool
0,4.1418125e-06,0.91250736,empathicschool_s28,combined,empathicschool
0,4.1624626e-06,0.9122085,empathicschool_s28,combined,empathicschool
0,4.2019838e-06,0.91160053,empathicschool_s28,combined,empathicschool
0,4.1981425e-06,0.9116383,empathicschool_s28,combined,empathicschool
0,4.043203e-06,0.91409284,empathicschool_s28,combined,empathicschool
0,3.9159786e-06,0.9162048,empathicschool_s28,combined,empathicschool
0,3.855621e-06,0.9171909,empathicschool_s28,combined,empathicschool
0,3.8315748e-06,0.9175943,empathicschool_s28,combined,empathicschool
0,1.5161903e-06,0.9589911,empathicschool_s28,combined,empathicschool
0,3.834916e-06,0.9175451,empathicschool_s28,combined,empathicschool
0,3.8463363e-06,0.91739404,empathicschool_s28,combined,empathicschool
0,3.828996e-06,0.9176836,empathicschool_s28,combined,empathicschool
0,3.821539e-06,0.91780406,empathicschool_s28,combined,empathicschool
0,3.815301e-06,0.91789216,empathicschool_s28,combined,empathicschool
0,3.8203802e-06,0.9178051,empathicschool_s28,combined,empathicschool
0,3.8204826e-06,0.9178136,empathicschool_s28,combined,empathicschool
0,3.8179105e-06,0.9178633,empathicschool_s28,combined,empathicschool
0,3.768094e-06,0.9187192,empathicschool_s28,combined,empathicschool
0,3.7654072e-06,0.91876024,empathicschool_s28,combined,empathicschool
0,1.5080843e-06,0.9592008,empathicschool_s28,combined,empathicschool
0,3.8123114e-06,0.91795754,empathicschool_s28,combined,empathicschool
0,3.805671e-06,0.91808885,empathicschool_s28,combined,empathicschool
0,3.6888896e-06,0.92013836,empathicschool_s28,combined,empathicschool
0,3.6561462e-06,0.92067575,empathicschool_s28,combined,empathicschool
0,3.7423954e-06,0.9191584,empathicschool_s28,combined,empathicschool
0,3.765989e-06,0.9187825,empathicschool_s28,combined,empathicschool
0,3.7525847e-06,0.9190258,empathicschool_s28,combined,empathicschool
0,3.7529712e-06,0.91900444,empathicschool_s28,combined,empathicschool
0,3.7492007e-06,0.919061,empathicschool_s28,combined,empathicschool
0,3.7341779e-06,0.91931754,empathicschool_s28,combined,empathicschool
0,1.5134642e-06,0.9590594,empathicschool_s28,combined,empathicschool
0,3.726298e-06,0.91943675,empathicschool_s28,combined,empathicschool
0,3.7206878e-06,0.91952646,empathicschool_s28,combined,empathicschool
0,3.7206878e-06,0.91952646,empathicschool_s28,combined,empathicschool
0,3.7206878e-06,0.91952646,empathicschool_s28,combined,empathicschool
0,3.7199677e-06,0.9195415,empathicschool_s28,combined,empathicschool
0,3.7126983e-06,0.9196722,empathicschool_s28,combined,empathicschool
0,3.7131022e-06,0.9196608,empathicschool_s28,combined,empathicschool
0,3.7206878e-06,0.91952646,empathicschool_s28,combined,empathicschool
0,3.7188004e-06,0.91956383,empathicschool_s28,combined,empathicschool
0,3.7098844e-06,0.91972375,empathicschool_s28,combined,empathicschool
0,1.559453e-06,0.95790154,empathicschool_s28,combined,empathicschool
0,3.70444e-06,0.91981995,empathicschool_s28,combined,empathicschool
0,3.7057475e-06,0.91979796,empathicschool_s28,combined,empathicschool
0,3.7051182e-06,0.91980875,empathicschool_s28,combined,empathicschool
0,3.7041114e-06,0.9198269,empathicschool_s28,combined,empathicschool
0,3.7041077e-06,0.9198269,empathicschool_s28,combined,empathicschool
0,3.7041114e-06,0.9198269,empathicschool_s28,combined,empathicschool
0,3.7041114e-06,0.9198269,empathicschool_s28,combined,empathicschool
0,3.7041077e-06,0.9198269,empathicschool_s28,combined,empathicschool
0,3.7041114e-06,0.9198269,empathicschool_s28,combined,empathicschool
0,3.7041114e-06,0.9198269,empathicschool_s28,combined,empathicschool
0,1.5980552e-06,0.95694506,empathicschool_s28,combined,empathicschool
0,3.7041077e-06,0.9198269,empathicschool_s28,combined,empathicschool
0,3.7041114e-06,0.9198269,empathicschool_s28,combined,empathicschool
0,3.7041114e-06,0.9198269,empathicschool_s28,combined,empathicschool
0,3.7041114e-06,0.9198269,empathicschool_s28,combined,empathicschool
0,3.7041114e-06,0.9198269,empathicschool_s28,combined,empathicschool
0,3.7041077e-06,0.9198269,empathicschool_s28,combined,empathicschool
0,3.7041077e-06,0.9198269,empathicschool_s28,combined,empathicschool
0,3.7041114e-06,0.9198269,empathicschool_s28,combined,empathicschool
0,3.7041114e-06,0.9198269,empathicschool_s28,combined,empathicschool
0,3.7041114e-06,0.9198269,empathicschool_s28,combined,empathicschool
0,1.6096857e-06,0.9566513,empathicschool_s28,combined,empathicschool
0,3.7028824e-06,0.9198523,empathicschool_s28,combined,empathicschool
0,3.6940082e-06,0.9200106,empathicschool_s28,combined,empathicschool
0,3.6885906e-06,0.9201129,empathicschool_s28,combined,empathicschool
0,3.6861184e-06,0.9201548,empathicschool_s28,combined,empathicschool
0,3.6978079e-06,0.9199779,empathicschool_s28,combined,empathicschool
0,3.6911028e-06,0.92009264,empathicschool_s28,combined,empathicschool
0,3.6952697e-06,0.9199991,empathicschool_s28,combined,empathicschool
0,3.7164816e-06,0.9196467,empathicschool_s28,combined,empathicschool
0,3.7106665e-06,0.91973954,empathicschool_s28,combined,empathicschool
0,3.7206169e-06,0.91956073,empathicschool_s28,combined,empathicschool
0,1.5972386e-06,0.9569565,empathicschool_s28,combined,empathicschool
0,3.7416387e-06,0.9192088,empathicschool_s28,combined,empathicschool
0,3.7373773e-06,0.9192837,empathicschool_s28,combined,empathicschool
0,3.7335335e-06,0.9193524,empathicschool_s28,combined,empathicschool
0,3.7335335e-06,0.9193524,empathicschool_s28,combined,empathicschool
0,3.7297182e-06,0.9194204,empathicschool_s28,combined,empathicschool
0,3.729281e-06,0.91942656,empathicschool_s28,combined,empathicschool
0,3.7335335e-06,0.9193524,empathicschool_s28,combined,empathicschool
0,3.7373059e-06,0.91928107,empathicschool_s28,combined,empathicschool
0,3.7389138e-06,0.9192568,empathicschool_s28,combined,empathicschool
0,3.738436e-06,0.9192647,empathicschool_s28,combined,empathicschool
0,1.4656276e-06,0.96029884,empathicschool_s28,combined,empathicschool
0,1.5958894e-06,0.9569938,empathicschool_s28,combined,empathicschool
0,3.7383147e-06,0.9192675,empathicschool_s28,combined,empathicschool
0,3.7335335e-06,0.9193524,empathicschool_s28,combined,empathicschool
0,3.7335335e-06,0.9193524,empathicschool_s28,combined,empathicschool
0,3.7331988e-06,0.9193564,empathicschool_s28,combined,empathicschool
0,3.7571858e-06,0.9189406,empathicschool_s28,combined,empathicschool
0,3.7545142e-06,0.9189732,empathicschool_s28,combined,empathicschool
0,3.7381292e-06,0.9192615,empathicschool_s28,combined,empathicschool
0,3.7333339e-06,0.9193552,empathicschool_s28,combined,empathicschool
0,3.7370457e-06,0.9192971,empathicschool_s28,combined,empathicschool
0,3.7324653e-06,0.9193825,empathicschool_s28,combined,empathicschool
0,1.600381e-06,0.95688444,empathicschool_s28,combined,empathicschool
0,3.730839e-06,0.919407,empathicschool_s28,combined,empathicschool
0,3.738778e-06,0.91927934,empathicschool_s28,combined,empathicschool
0,3.739898e-06,0.9192533,empathicschool_s28,combined,empathicschool
0,3.7424738e-06,0.9192021,empathicschool_s28,combined,empathicschool
0,3.7345767e-06,0.9193326,empathicschool_s28,combined,empathicschool
0,3.7342384e-06,0.91933787,empathicschool_s28,combined,empathicschool
0,3.7376158e-06,0.9192824,empathicschool_s28,combined,empathicschool
0,3.736262e-06,0.9193053,empathicschool_s28,combined,empathicschool
0,3.733569e-06,0.9193507,empathicschool_s28,combined,empathicschool
0,3.733544e-06,0.9193508,empathicschool_s28,combined,empathicschool
0,1.6637473e-06,0.9553259,empathicschool_s28,combined,empathicschool
0,3.7335335e-06,0.9193524,empathicschool_s28,combined,empathicschool
0,3.7348154e-06,0.91933364,empathicschool_s28,combined,empathicschool
0,3.732476e-06,0.91937417,empathicschool_s28,combined,empathicschool
0,3.7344664e-06,0.9193373,empathicschool_s28,combined,empathicschool
0,3.7396626e-06,0.91924995,empathicschool_s28,combined,empathicschool
0,3.7381292e-06,0.919287,empathicschool_s28,combined,empathicschool
0,3.7327072e-06,0.9193755,empathicschool_s28,combined,empathicschool
0,3.7258221e-06,0.919495,empathicschool_s28,combined,empathicschool
0,3.7185594e-06,0.9196336,empathicschool_s28,combined,empathicschool
0,3.7169887e-06,0.91965467,empathicschool_s28,combined,empathicschool
0,1.6856127e-06,0.9548016,empathicschool_s28,combined,empathicschool
0,3.719407e-06,0.9196029,empathicschool_s28,combined,empathicschool
0,3.7203542e-06,0.91959006,empathicschool_s28,combined,empathicschool
0,3.715798e-06,0.919671,empathicschool_s28,combined,empathicschool
0,3.718726e-06,0.9196246,empathicschool_s28,combined,empathicschool
0,3.7189e-06,0.91963834,empathicschool_s28,combined,empathicschool
0,3.7165244e-06,0.9196787,empathicschool_s28,combined,empathicschool
0,3.714455e-06,0.91970783,empathicschool_s28,combined,empathicschool
0,3.7139803e-06,0.9197108,empathicschool_s28,combined,empathicschool
0,3.716737e-06,0.91965365,empathicschool_s28,combined,empathicschool
0,3.718609e-06,0.9196198,empathicschool_s28,combined,empathicschool
0,1.6028034e-06,0.9568298,empathicschool_s28,combined,empathicschool
0,3.7185168e-06,0.9196217,empathicschool_s28,combined,empathicschool
0,3.715798e-06,0.919671,empathicschool_s28,combined,empathicschool
0,3.715798e-06,0.919671,empathicschool_s28,combined,empathicschool
0,3.715798e-06,0.919671,empathicschool_s28,combined,empathicschool
0,3.7273076e-06,0.91947174,empathicschool_s28,combined,empathicschool
0,3.730764e-06,0.9194029,empathicschool_s28,combined,empathicschool
0,3.7217985e-06,0.919565,empathicschool_s28,combined,empathicschool
0,3.7185628e-06,0.91963005,empathicschool_s28,combined,empathicschool
0,3.7187297e-06,0.9196366,empathicschool_s28,combined,empathicschool
0,3.7164107e-06,0.9196693,empathicschool_s28,combined,empathicschool
0,1.5653806e-06,0.95776504,empathicschool_s28,combined,empathicschool
0,3.7216744e-06,0.9196016,empathicschool_s28,combined,empathicschool
0,3.7113603e-06,0.9197785,empathicschool_s28,combined,empathicschool
0,3.7123834e-06,0.9197405,empathicschool_s28,combined,empathicschool
0,3.7293448e-06,0.91946316,empathicschool_s28,combined,empathicschool
0,3.7245998e-06,0.91955423,empathicschool_s28,combined,empathicschool
0,3.7204786e-06,0.9196324,empathicschool_s28,combined,empathicschool
0,3.716751e-06,0.9196827,empathicschool_s28,combined,empathicschool
0,3.7162552e-06,0.91967493,empathicschool_s28,combined,empathicschool
0,3.7139873e-06,0.9197073,empathicschool_s28,combined,empathicschool
0,3.721951e-06,0.91959965,empathicschool_s28,combined,empathicschool
0,1.5854224e-06,0.95726216,empathicschool_s28,combined,empathicschool
0,3.7146958e-06,0.9197277,empathicschool_s28,combined,empathicschool
0,3.7122736e-06,0.9197435,empathicschool_s28,combined,empathicschool
0,3.721653e-06,0.91957545,empathicschool_s28,combined,empathicschool
0,1.5984743e-06,0.95694995,empathicschool_s28,combined,empathicschool
0,1.558356e-06,0.95794976,empathicschool_s28,combined,empathicschool
0,1.5436282e-06,0.9583135,empathicschool_s28,combined,empathicschool
0,1.4203237e-06,0.9614784,empathicschool_s28,combined,empathicschool
0,1.5598503e-06,0.9579281,empathicschool_s28,combined,empathicschool
0,1.5886734e-06,0.9571977,empathicschool_s28,combined,empathicschool
0,1.6344391e-06,0.95605445,empathicschool_s28,combined,empathicschool
0,1.6358425e-06,0.95603895,empathicschool_s28,combined,empathicschool
0,1.5744324e-06,0.95754737,empathicschool_s28,combined,empathicschool
0,1.5510641e-06,0.95812505,empathicschool_s28,combined,empathicschool
0,1.5659255e-06,0.9577472,empathicschool_s28,combined,empathicschool
0,1.5372773e-06,0.9584768,empathicschool_s28,combined,empathicschool
0,1.5197847e-06,0.9589387,empathicschool_s28,combined,empathicschool
0,1.5662226e-06,0.95775014,empathicschool_s28,combined,empathicschool
0,1.4771394e-06,0.9599987,empathicschool_s28,combined,empathicschool
0,1.658608e-06,0.9554462,empathicschool_s28,combined,empathicschool
0,1.6581508e-06,0.95545805,empathicschool_s28,combined,empathicschool
0,1.5993725e-06,0.9569309,empathicschool_s28,combined,empathicschool
0,1.5655671e-06,0.95778626,empathicschool_s28,combined,empathicschool
0,1.5486992e-06,0.9581943,empathicschool_s28,combined,empathicschool
0,1.5285295e-06,0.9587057,empathicschool_s28,combined,empathicschool
0,1.6577825e-06,0.95546716,empathicschool_s28,combined,empathicschool
0,1.5485012e-06,0.9581981,empathicschool_s28,combined,empathicschool
0,1.5324747e-06,0.9586011,empathicschool_s28,combined,empathicschool
0,1.5573843e-06,0.9579655,empathicschool_s28,combined,empathicschool
0,1.5675452e-06,0.9577062,empathicschool_s28,combined,empathicschool
0,1.5332861e-06,0.95858204,empathicschool_s28,combined,empathicschool
0,1.5422274e-06,0.9583432,empathicschool_s28,combined,empathicschool
0,1.6277564e-06,0.9562096,empathicschool_s28,combined,empathicschool
0,1.6039961e-06,0.9568013,empathicschool_s28,combined,empathicschool
0,1.6332253e-06,0.9560745,empathicschool_s28,combined,empathicschool
0,1.666825e-06,0.9552531,empathicschool_s28,combined,empathicschool
0,1.5457628e-06,0.95826066,empathicschool_s28,combined,empathicschool
0,1.4966952e-06,0.9594981,empathicschool_s28,combined,empathicschool
0,1.5192516e-06,0.95892644,empathicschool_s28,combined,empathicschool
0,1.516776e-06,0.9589955,empathicschool_s28,combined,empathicschool
0,1.6007427e-06,0.95687944,empathicschool_s28,combined,empathicschool
0,1.5010564e-06,0.9593932,empathicschool_s28,combined,empathicschool
0,1.503624e-06,0.95932025,empathicschool_s28,combined,empathicschool
0,1.5540046e-06,0.9580512,empathicschool_s28,combined,empathicschool
0,1.5303965e-06,0.9586483,empathicschool_s28,combined,empathicschool
0,1.4618823e-06,0.96041185,empathicschool_s28,combined,empathicschool
0,1.448558e-06,0.96074647,empathicschool_s28,combined,empathicschool
0,1.4873993e-06,0.95973283,empathicschool_s28,combined,empathicschool
0,1.5304197e-06,0.9586377,empathicschool_s28,combined,empathicschool
0,1.5413304e-06,0.958361,empathicschool_s28,combined,empathicschool
0,1.5774713e-06,0.9574552,empathicschool_s28,combined,empathicschool
0,1.5954877e-06,0.95700794,empathicschool_s28,combined,empathicschool
0,1.6912436e-06,0.9546469,empathicschool_s28,combined,empathicschool
0,1.675586e-06,0.955039,empathicschool_s28,combined,empathicschool
0,1.5646013e-06,0.9577699,empathicschool_s28,combined,empathicschool
0,1.5253578e-06,0.9587669,empathicschool_s28,combined,empathicschool
0,1.545754e-06,0.9582486,empathicschool_s28,combined,empathicschool
0,1.5428174e-06,0.9583156,empathicschool_s28,combined,empathicschool
0,1.4916081e-06,0.9596059,empathicschool_s28,combined,empathicschool
0,1.4752811e-06,0.9600419,empathicschool_s28,combined,empathicschool
0,1.472932e-06,0.9601054,empathicschool_s28,combined,empathicschool
0,1.4895542e-06,0.95968056,empathicschool_s28,combined,empathicschool
0,1.5920283e-06,0.95709974,empathicschool_s28,combined,empathicschool
0,1.5213176e-06,0.9588581,empathicschool_s28,combined,empathicschool
0,1.5763795e-06,0.9574818,empathicschool_s28,combined,empathicschool
0,1.5807603e-06,0.957384,empathicschool_s28,combined,empathicschool
0,1.5667456e-06,0.957742,empathicschool_s28,combined,empathicschool
0,1.5569417e-06,0.95797867,empathicschool_s28,combined,empathicschool
0,1.5527069e-06,0.9580839,empathicschool_s28,combined,empathicschool
0,1.5279289e-06,0.95870614,empathicschool_s28,combined,empathicschool
0,1.512962e-06,0.95908225,empathicschool_s28,combined,empathicschool
0,1.5025145e-06,0.9593501,empathicschool_s28,combined,empathicschool
0,1.4855763e-06,0.9597842,empathicschool_s28,combined,empathicschool
0,1.592086e-06,0.95709264,empathicschool_s28,combined,empathicschool
0,1.4922142e-06,0.9596104,empathicschool_s28,combined,empathicschool
0,1.5010078e-06,0.9593805,empathicschool_s28,combined,empathicschool
0,1.7111469e-06,0.95409226,empathicschool_s28,combined,empathicschool
0,1.6387297e-06,0.9559563,empathicschool_s28,combined,empathicschool
0,1.5442246e-06,0.9583061,empathicschool_s28,combined,empathicschool
0,1.5050957e-06,0.959288,empathicschool_s28,combined,empathicschool
0,1.5713828e-06,0.9575973,empathicschool_s28,combined,empathicschool
0,1.620174e-06,0.95639884,empathicschool_s28,combined,empathicschool
0,1.6019751e-06,0.95684725,empathicschool_s28,combined,empathicschool
0,1.6407672e-06,0.95588773,empathicschool_s28,combined,empathicschool
0,1.6215497e-06,0.95636886,empathicschool_s28,combined,empathicschool
0,1.6356772e-06,0.9560288,empathicschool_s28,combined,empathicschool
0,1.5769239e-06,0.9574928,empathicschool_s28,combined,empathicschool
0,1.5659658e-06,0.9577487,empathicschool_s28,combined,empathicschool
0,1.6209591e-06,0.9563779,empathicschool_s28,combined,empathicschool
0,1.6448643e-06,0.9557903,empathicschool_s28,combined,empathicschool
0,1.5594085e-06,0.9579225,empathicschool_s28,combined,empathicschool
0,1.5033271e-06,0.9593432,empathicschool_s28,combined,empathicschool
0,1.5817224e-06,0.9573465,empathicschool_s28,combined,empathicschool
0,1.7063933e-06,0.95427686,empathicschool_s28,combined,empathicschool
0,1.6881914e-06,0.9547352,empathicschool_s28,combined,empathicschool
0,4.0160676e-06,0.91460013,empathicschool_s28,combined,empathicschool
0,1.6509572e-06,0.955652,empathicschool_s28,combined,empathicschool
0,1.6266206e-06,0.9562592,empathicschool_s28,combined,empathicschool
0,1.601132e-06,0.9568927,empathicschool_s28,combined,empathicschool
0,1.5781002e-06,0.95745754,empathicschool_s28,combined,empathicschool
0,1.5417819e-06,0.9583567,empathicschool_s28,combined,empathicschool
0,1.5494866e-06,0.95816463,empathicschool_s28,combined,empathicschool
0,1.5159488e-06,0.9590192,empathicschool_s28,combined,empathicschool
0,1.4931267e-06,0.95959955,empathicschool_s28,combined,empathicschool
0,1.5160458e-06,0.9590183,empathicschool_s28,combined,empathicschool
0,1.4972734e-06,0.9595054,empathicschool_s28,combined,empathicschool
0,1.6122714e-06,0.9565635,empathicschool_s28,combined,empathicschool
0,1.6524253e-06,0.95561725,empathicschool_s28,combined,empathicschool
0,1.5113441e-06,0.95917886,empathicschool_s28,combined,empathicschool
0,1.4467867e-06,0.96080315,empathicschool_s28,combined,empathicschool
0,1.5390729e-06,0.95843637,empathicschool_s28,combined,empathicschool
0,1.6045301e-06,0.9567774,empathicschool_s28,combined,empathicschool
0,1.6346278e-06,0.9560284,empathicschool_s28,combined,empathicschool
0,1.8128203e-06,0.95174843,empathicschool_s28,combined,empathicschool
0,1.8508151e-06,0.9508525,empathicschool_s28,combined,empathicschool
0,1.8070966e-06,0.9518775,empathicschool_s28,combined,empathicschool
0,1.8187201e-06,0.9516056,empathicschool_s28,combined,empathicschool
0,1.8004395e-06,0.9520434,empathicschool_s28,combined,empathicschool
0,1.6407657e-06,0.9559164,empathicschool_s28,combined,empathicschool
0,1.803839e-06,0.95196813,empathicschool_s28,combined,empathicschool
0,1.8183957e-06,0.95161694,empathicschool_s28,combined,empathicschool
0,1.835493e-06,0.9512107,empathicschool_s28,combined,empathicschool
0,1.8365558e-06,0.95119494,empathicschool_s28,combined,empathicschool
0,1.8061336e-06,0.9519087,empathicschool_s28,combined,empathicschool
0,1.8697857e-06,0.9503773,empathicschool_s28,combined,empathicschool
0,1.7975984e-06,0.9520931,empathicschool_s28,combined,empathicschool
0,1.6989418e-06,0.9544873,empathicschool_s28,combined,empathicschool
0,1.7093087e-06,0.95423365,empathicschool_s28,combined,empathicschool
0,1.7178244e-06,0.9540303,empathicschool_s28,combined,empathicschool
0,1.646363e-06,0.955777,empathicschool_s28,combined,empathicschool
0,1.7282192e-06,0.95377785,empathicschool_s28,combined,empathicschool
0,1.7489825e-06,0.9532739,empathicschool_s28,combined,empathicschool
0,1.7470106e-06,0.9533249,empathicschool_s28,combined,empathicschool
0,1.6955781e-06,0.9545633,empathicschool_s28,combined,empathicschool
0,1.4834527e-06,0.9598412,empathicschool_s28,combined,empathicschool
0,1.4364684e-06,0.96097714,empathicschool_s28,combined,empathicschool
0,1.6250174e-06,0.95617855,empathicschool_s28,combined,empathicschool
0,1.6458324e-06,0.955696,empathicschool_s28,combined,empathicschool
0,1.6675564e-06,0.95515233,empathicschool_s28,combined,empathicschool
0,1.5288852e-06,0.9586505,empathicschool_s28,combined,empathicschool
0,1.6804075e-06,0.95494026,empathicschool_s28,combined,empathicschool
0,1.4992796e-06,0.95937634,empathicschool_s28,combined,empathicschool
0,1.5431705e-06,0.9582795,empathicschool_s28,combined,empathicschool
0,1.5379959e-06,0.9584149,empathicschool_s28,combined,empathicschool
0,1.5204314e-06,0.95889485,empathicschool_s28,combined,empathicschool
0,1.5387192e-06,0.9584301,empathicschool_s28,combined,empathicschool
0,1.6433543e-06,0.95580626,empathicschool_s28,combined,empathicschool
0,1.6686064e-06,0.95517886,empathicschool_s28,combined,empathicschool
0,1.6571929e-06,0.9554653,empathicschool_s28,combined,empathicschool
0,1.6529234e-06,0.9555776,empathicschool_s28,combined,empathicschool
0,1.6575927e-06,0.9554653,empathicschool_s28,combined,empathicschool
0,1.699953e-06,0.9544531,empathicschool_s28,combined,empathicschool
0,1.6631761e-06,0.9553268,empathicschool_s28,combined,empathicschool
0,1.6600036e-06,0.95540285,empathicschool_s28,combined,empathicschool
0,1.6796929e-06,0.9549211,empathicschool_s28,combined,empathicschool
0,1.5512239e-06,0.9581185,empathicschool_s28,combined,empathicschool
0,1.5007803e-06,0.9593795,empathicschool_s28,combined,empathicschool
0,1.5511129e-06,0.9581011,empathicschool_s28,combined,empathicschool
0,1.5427996e-06,0.9583155,empathicschool_s28,combined,empathicschool
0,1.4538005e-06,0.9606221,empathicschool_s28,combined,empathicschool
0,1.4505363e-06,0.9606995,empathicschool_s28,combined,empathicschool
0,1.5276025e-06,0.9587061,empathicschool_s28,combined,empathicschool
0,1.6845697e-06,0.9548304,empathicschool_s28,combined,empathicschool
0,1.5210841e-06,0.95887536,empathicschool_s28,combined,empathicschool
0,1.5404062e-06,0.9583894,empathicschool_s28,combined,empathicschool
0,1.6038952e-06,0.9568022,empathicschool_s28,combined,empathicschool
0,1.6555296e-06,0.95553553,empathicschool_s28,combined,empathicschool
0,1.6722558e-06,0.955122,empathicschool_s28,combined,empathicschool
0,1.6945662e-06,0.95457995,empathicschool_s28,combined,empathicschool
0,1.692118e-06,0.9546382,empathicschool_s28,combined,empathicschool
0,1.6847835e-06,0.95482343,empathicschool_s28,combined,empathicschool
0,1.6695645e-06,0.9552047,empathicschool_s28,combined,empathicschool
0,1.650707e-06,0.95566714,empathicschool_s28,combined,empathicschool
0,1.683561e-06,0.9548604,empathicschool_s28,combined,empathicschool
0,1.6454227e-06,0.9558027,empathicschool_s28,combined,empathicschool
0,1.6250856e-06,0.95629215,empathicschool_s28,combined,empathicschool
0,1.6666216e-06,0.9552341,empathicschool_s28,combined,empathicschool
0,1.7335376e-06,0.95360297,empathicschool_s28,combined,empathicschool
0,1.6949622e-06,0.95452195,empathicschool_s28,combined,empathicschool
0,1.964702e-06,0.94852936,empathicschool_s28,combined,empathicschool
0,2.136419e-06,0.9449521,empathicschool_s28,combined,empathicschool
0,3.9613e-06,0.91532904,empathicschool_s28,combined,empathicschool
0,3.8987705e-06,0.9163553,empathicschool_s28,combined,empathicschool
0,3.889378e-06,0.91660696,empathicschool_s28,combined,empathicschool
0,1.6161708e-06,0.95653147,empathicschool_s28,combined,empathicschool
0,3.7241489e-06,0.9193406,empathicschool_s28,combined,empathicschool
0,3.7656587e-06,0.918658,empathicschool_s28,combined,empathicschool
0,3.9048655e-06,0.9163846,empathicschool_s28,combined,empathicschool
0,4.0415835e-06,0.91411674,empathicschool_s28,combined,empathicschool
0,4.184157e-06,0.9118528,empathicschool_s28,combined,empathicschool
0,4.1145213e-06,0.91296625,empathicschool_s28,combined,empathicschool
0,4.105139e-06,0.91311204,empathicschool_s28,combined,empathicschool
0,3.97337e-06,0.91524017,empathicschool_s28,combined,empathicschool
0,3.8303874e-06,0.91760415,empathicschool_s28,combined,empathicschool
0,3.8463068e-06,0.91734827,empathicschool_s28,combined,empathicschool
0,1.6406545e-06,0.95590496,empathicschool_s28,combined,empathicschool
0,4.0048076e-06,0.91470176,empathicschool_s28,combined,empathicschool
0,4.25154e-06,0.910794,empathicschool_s28,combined,empathicschool
0,4.3293117e-06,0.9096233,empathicschool_s28,combined,empathicschool
0,4.209729e-06,0.9114754,empathicschool_s28,combined,empathicschool
0,4.065346e-06,0.9137508,empathicschool_s28,combined,empathicschool
0,4.047759e-06,0.9140185,empathicschool_s28,combined,empathicschool
0,4.0557966e-06,0.9139193,empathicschool_s28,combined,empathicschool
0,4.0554096e-06,0.91391754,empathicschool_s28,combined,empathicschool
0,4.1639596e-06,0.9121528,empathicschool_s28,combined,empathicschool
0,4.1036906e-06,0.9131114,empathicschool_s28,combined,empathicschool
0,1.6534246e-06,0.9570896,empathicschool_s28,combined,empathicschool
0,2.1076842e-06,0.94418705,empathicschool_s28,combined,empathicschool
0,3.942584e-06,0.91572833,empathicschool_s28,combined,empathicschool
0,3.9172337e-06,0.91615987,empathicschool_s28,combined,empathicschool
0,3.933507e-06,0.9158802,empathicschool_s28,combined,empathicschool
0,3.9262322e-06,0.9159905,empathicschool_s28,combined,empathicschool
0,4.0320087e-06,0.9142851,empathicschool_s28,combined,empathicschool
0,4.089501e-06,0.91337293,empathicschool_s28,combined,empathicschool
0,4.028442e-06,0.9143488,empathicschool_s28,combined,empathicschool
0,4.026875e-06,0.9143808,empathicschool_s28,combined,empathicschool
0,4.0361488e-06,0.9142294,empathicschool_s28,combined,empathicschool
0,4.0402037e-06,0.9141501,empathicschool_s28,combined,empathicschool
0,1.5310125e-06,0.95865464,empathicschool_s28,combined,empathicschool
0,4.0638847e-06,0.91378886,empathicschool_s28,combined,empathicschool
0,4.202048e-06,0.9115766,empathicschool_s28,combined,empathicschool
0,4.0599602e-06,0.9138355,empathicschool_s28,combined,empathicschool
0,3.849375e-06,0.91725844,empathicschool_s28,combined,empathicschool
0,3.8884696e-06,0.9165803,empathicschool_s28,combined,empathicschool
0,4.1160993e-06,0.91289175,empathicschool_s28,combined,empathicschool
0,4.186297e-06,0.9118545,empathicschool_s28,combined,empathicschool
0,3.9410993e-06,0.915803,empathicschool_s28,combined,empathicschool
0,3.8544e-06,0.9171946,empathicschool_s28,combined,empathicschool
0,3.6611737e-06,0.92033434,empathicschool_s28,combined,empathicschool
0,1.4586194e-06,0.96045816,empathicschool_s28,combined,empathicschool
0,3.6124827e-06,0.9211688,empathicschool_s28,combined,empathicschool
0,3.673737e-06,0.92020226,empathicschool_s28,combined,empathicschool
0,3.6895437e-06,0.9199062,empathicschool_s28,combined,empathicschool
0,3.7115938e-06,0.9195422,empathicschool_s28,combined,empathicschool
0,3.685408e-06,0.91998345,empathicschool_s28,combined,empathicschool
0,3.6927013e-06,0.9198607,empathicschool_s28,combined,empathicschool
0,3.7135164e-06,0.9195138,empathicschool_s28,combined,empathicschool
0,3.720883e-06,0.9193828,empathicschool_s28,combined,empathicschool
0,3.7777231e-06,0.9183532,empathicschool_s28,combined,empathicschool
0,3.6517483e-06,0.9206523,empathicschool_s28,combined,empathicschool
0,1.4415091e-06,0.96087986,empathicschool_s28,combined,empathicschool
0,3.5517953e-06,0.92256826,empathicschool_s28,combined,empathicschool
0,3.5791404e-06,0.92214465,empathicschool_s28,combined,empathicschool
0,3.5849343e-06,0.92206347,empathicschool_s28,combined,empathicschool
0,3.5658124e-06,0.92231816,empathicschool_s28,combined,empathicschool
0,3.6264935e-06,0.92120534,empathicschool_s28,combined,empathicschool
0,3.6580539e-06,0.92063826,empathicschool_s28,combined,empathicschool
0,3.6445394e-06,0.92092,empathicschool_s28,combined,empathicschool
0,3.62722e-06,0.9212241,empathicschool_s28,combined,empathicschool
0,3.61022e-06,0.92152584,empathicschool_s28,combined,empathicschool
0,3.6170295e-06,0.9213923,empathicschool_s28,combined,empathicschool
0,1.4905062e-06,0.959606,empathicschool_s28,combined,empathicschool
0,3.6203253e-06,0.9213314,empathicschool_s28,combined,empathicschool
0,3.6262377e-06,0.9212392,empathicschool_s28,combined,empathicschool
0,3.6278911e-06,0.92119026,empathicschool_s28,combined,empathicschool
0,3.6466984e-06,0.9208863,empathicschool_s28,combined,empathicschool
0,3.647815e-06,0.920852,empathicschool_s28,combined,empathicschool
0,3.6586607e-06,0.9206655,empathicschool_s28,combined,empathicschool
0,3.6384204e-06,0.9210087,empathicschool_s28,combined,empathicschool
0,3.6362453e-06,0.9210449,empathicschool_s28,combined,empathicschool
0,3.639347e-06,0.9209968,empathicschool_s28,combined,empathicschool
0,3.6465804e-06,0.9208702,empathicschool_s28,combined,empathicschool
0,1.5899496e-06,0.95710903,empathicschool_s28,combined,empathicschool
0,3.6579386e-06,0.92068624,empathicschool_s28,combined,empathicschool
0,3.645923e-06,0.92087424,empathicschool_s28,combined,empathicschool
0,3.617954e-06,0.92136693,empathicschool_s28,combined,empathicschool
0,3.6193865e-06,0.9213332,empathicschool_s28,combined,empathicschool
0,3.6403605e-06,0.92088485,empathicschool_s28,combined,empathicschool
0,3.6943006e-06,0.91998154,empathicschool_s28,combined,empathicschool
0,3.670375e-06,0.92042357,empathicschool_s28,combined,empathicschool
0,3.645843e-06,0.9208546,empathicschool_s28,combined,empathicschool
0,3.6478639e-06,0.92082834,empathicschool_s28,combined,empathicschool
0,3.6451547e-06,0.9208946,empathicschool_s28,combined,empathicschool
0,1.6233802e-06,0.95630246,empathicschool_s28,combined,empathicschool
0,3.6404092e-06,0.9209756,empathicschool_s28,combined,empathicschool
0,3.6367655e-06,0.92102265,empathicschool_s28,combined,empathicschool
0,3.6362628e-06,0.92105645,empathicschool_s28,combined,empathicschool
0,3.5933613e-06,0.921829,empathicschool_s28,combined,empathicschool
0,3.5888545e-06,0.9218964,empathicschool_s28,combined,empathicschool
0,3.6470392e-06,0.92082715,empathicschool_s28,combined,empathicschool
0,3.6629199e-06,0.9205554,empathicschool_s28,combined,empathicschool
0,3.672833e-06,0.92035604,empathicschool_s28,combined,empathicschool
0,3.7325865e-06,0.9193257,empathicschool_s28,combined,empathicschool
0,3.7011594e-06,0.91986495,empathicschool_s28,combined,empathicschool
0,1.619627e-06,0.95638,empathicschool_s28,combined,empathicschool
0,3.6966937e-06,0.91993576,empathicschool_s28,combined,empathicschool
0,3.7409789e-06,0.9191431,empathicschool_s28,combined,empathicschool
0,3.724074e-06,0.9194305,empathicschool_s28,combined,empathicschool
0,3.7080065e-06,0.91973805,empathicschool_s28,combined,empathicschool
0,3.684997e-06,0.920131,empathicschool_s28,combined,empathicschool
0,3.6855804e-06,0.920144,empathicschool_s28,combined,empathicschool
0,3.6683243e-06,0.9204778,empathicschool_s28,combined,empathicschool
0,3.625425e-06,0.92123306,empathicschool_s28,combined,empathicschool
0,3.696503e-06,0.9199524,empathicschool_s28,combined,empathicschool
0,3.6740032e-06,0.9203107,empathicschool_s28,combined,empathicschool
0,1.6287814e-06,0.9561525,empathicschool_s28,combined,empathicschool
0,3.6187273e-06,0.92125446,empathicschool_s28,combined,empathicschool
0,3.657942e-06,0.9205468,empathicschool_s28,combined,empathicschool
0,3.787672e-06,0.91829115,empathicschool_s28,combined,empathicschool
0,3.9256856e-06,0.9160018,empathicschool_s28,combined,empathicschool
0,3.8589974e-06,0.9171321,empathicschool_s28,combined,empathicschool
0,3.776491e-06,0.91855156,empathicschool_s28,combined,empathicschool
0,3.7314119e-06,0.91925126,empathicschool_s28,combined,empathicschool
0,3.8252365e-06,0.91762936,empathicschool_s28,combined,empathicschool
0,3.8907397e-06,0.9165882,empathicschool_s28,combined,empathicschool
0,3.8304456e-06,0.9175818,empathicschool_s28,combined,empathicschool
0,1.6279087e-06,0.9561864,empathicschool_s28,combined,empathicschool
0,3.9523984e-06,0.91553456,empathicschool_s28,combined,empathicschool
0,4.130941e-06,0.912695,empathicschool_s28,combined,empathicschool
0,3.9876318e-06,0.91502583,empathicschool_s28,combined,empathicschool
0,3.838989e-06,0.9174619,empathicschool_s28,combined,empathicschool
0,3.811719e-06,0.9178973,empathicschool_s28,combined,empathicschool
0,3.8010537e-06,0.91811186,empathicschool_s28,combined,empathicschool
0,3.7729199e-06,0.91858196,empathicschool_s28,combined,empathicschool
0,3.7870038e-06,0.9183588,empathicschool_s28,combined,empathicschool
0,3.7439304e-06,0.91909826,empathicschool_s28,combined,empathicschool
0,3.741439e-06,0.9190959,empathicschool_s28,combined,empathicschool
0,1.6964646e-06,0.95460415,empathicschool_s28,combined,empathicschool
0,1.6247523e-06,0.9562688,empathicschool_s28,combined,empathicschool
0,3.837111e-06,0.9174788,empathicschool_s28,combined,empathicschool
0,3.8973208e-06,0.9165085,empathicschool_s28,combined,empathicschool
0,3.8936832e-06,0.91655123,empathicschool_s28,combined,empathicschool
0,3.8790804e-06,0.9168042,empathicschool_s28,combined,empathicschool
0,3.8662506e-06,0.9170095,empathicschool_s28,combined,empathicschool
0,3.8888033e-06,0.9166328,empathicschool_s28,combined,empathicschool
0,3.900961e-06,0.9164299,empathicschool_s28,combined,empathicschool
0,3.898406e-06,0.9164867,empathicschool_s28,combined,empathicschool
0,3.9890883e-06,0.9149831,empathicschool_s28,combined,empathicschool
0,4.128995e-06,0.9127395,empathicschool_s28,combined,empathicschool
0,1.6345888e-06,0.9560299,empathicschool_s28,combined,empathicschool
0,3.9326255e-06,0.9159687,empathicschool_s28,combined,empathicschool
0,3.7233142e-06,0.91947985,empathicschool_s28,combined,empathicschool
0,3.6530337e-06,0.9206883,empathicschool_s28,combined,empathicschool
0,3.6462743e-06,0.92075413,empathicschool_s28,combined,empathicschool
0,3.7242587e-06,0.9194347,empathicschool_s28,combined,empathicschool
0,3.753483e-06,0.9189394,empathicschool_s28,combined,empathicschool
0,3.7311236e-06,0.91932356,empathicschool_s28,combined,empathicschool
0,3.7008879e-06,0.9198689,empathicschool_s28,combined,empathicschool
0,3.73778e-06,0.9192145,empathicschool_s28,combined,empathicschool
0,3.78648e-06,0.9183916,empathicschool_s28,combined,empathicschool
0,1.6365884e-06,0.9559689,empathicschool_s28,combined,empathicschool
0,3.8073229e-06,0.91804737,empathicschool_s28,combined,empathicschool
0,3.8103594e-06,0.9179977,empathicschool_s28,combined,empathicschool
0,3.801119e-06,0.91815704,empathicschool_s28,combined,empathicschool
0,3.7949144e-06,0.9182621,empathicschool_s28,combined,empathicschool
0,3.8010683e-06,0.91815746,empathicschool_s28,combined,empathicschool
0,3.804013e-06,0.9181069,empathicschool_s28,combined,empathicschool
0,3.8231974e-06,0.91777796,empathicschool_s28,combined,empathicschool
0,3.7323407e-06,0.9192884,empathicschool_s28,combined,empathicschool
0,3.8297953e-06,0.9175322,empathicschool_s28,combined,empathicschool
0,3.8973835e-06,0.91646504,empathicschool_s28,combined,empathicschool
0,1.8287102e-06,0.9512347,empathicschool_s28,combined,empathicschool
0,3.7206273e-06,0.91946477,empathicschool_s28,combined,empathicschool
0,3.7196978e-06,0.9194521,empathicschool_s28,combined,empathicschool
0,3.7624638e-06,0.91865873,empathicschool_s28,combined,empathicschool
0,3.937256e-06,0.9157317,empathicschool_s28,combined,empathicschool
0,4.0776504e-06,0.9134746,empathicschool_s28,combined,empathicschool
0,4.0598907e-06,0.91376424,empathicschool_s28,combined,empathicschool
0,4.056632e-06,0.91382825,empathicschool_s28,combined,empathicschool
0,4.1133917e-06,0.9129154,empathicschool_s28,combined,empathicschool
0,4.125429e-06,0.9127257,empathicschool_s28,combined,empathicschool
0,4.0493037e-06,0.91393995,empathicschool_s28,combined,empathicschool
0,1.7093104e-06,0.9542244,empathicschool_s28,combined,empathicschool
0,4.0003415e-06,0.91473347,empathicschool_s28,combined,empathicschool
0,3.9366328e-06,0.9157657,empathicschool_s28,combined,empathicschool
0,3.7887125e-06,0.91824985,empathicschool_s28,combined,empathicschool
0,3.6902688e-06,0.9198744,empathicschool_s28,combined,empathicschool
0,3.736262e-06,0.91911274,empathicschool_s28,combined,empathicschool
0,3.7773086e-06,0.91840374,empathicschool_s28,combined,empathicschool
0,3.7624961e-06,0.918668,empathicschool_s28,combined,empathicschool
0,3.7494904e-06,0.91889995,empathicschool_s28,combined,empathicschool
0,3.7680009e-06,0.91859585,empathicschool_s28,combined,empathicschool
0,3.7886402e-06,0.91825145,empathicschool_s28,combined,empathicschool
0,1.642765e-06,0.95585454,empathicschool_s28,combined,empathicschool
0,3.7932389e-06,0.9181753,empathicschool_s28,combined,empathicschool
0,3.745291e-06,0.91897917,empathicschool_s28,combined,empathicschool
0,3.744009e-06,0.9190146,empathicschool_s28,combined,empathicschool
0,3.7512964e-06,0.9188469,empathicschool_s28,combined,empathicschool
0,3.7786347e-06,0.91832966,empathicschool_s28,combined,empathicschool
0,3.7674833e-06,0.918548,empathicschool_s28,combined,empathicschool
0,3.74171e-06,0.9190265,empathicschool_s28,combined,empathicschool
0,3.7419175e-06,0.9190605,empathicschool_s28,combined,empathicschool
0,3.7371456e-06,0.91914546,empathicschool_s28,combined,empathicschool
0,3.738247e-06,0.91912353,empathicschool_s28,combined,empathicschool
0,1.6250995e-06,0.95627785,empathicschool_s28,combined,empathicschool
0,3.7496009e-06,0.9189428,empathicschool_s28,combined,empathicschool
0,3.7275352e-06,0.91933316,empathicschool_s28,combined,empathicschool
0,3.705963e-06,0.91970354,empathicschool_s28,combined,empathicschool
0,3.6890865e-06,0.9199867,empathicschool_s28,combined,empathicschool
0,3.7039947e-06,0.91967636,empathicschool_s28,combined,empathicschool
0,3.7901218e-06,0.9182345,empathicschool_s28,combined,empathicschool
0,3.7628372e-06,0.9186994,empathicschool_s28,combined,empathicschool
0,3.6912895e-06,0.9201152,empathicschool_s28,combined,empathicschool
0,3.5853925e-06,0.9218259,empathicschool_s28,combined,empathicschool
0,3.689688e-06,0.919975,empathicschool_s28,combined,empathicschool
0,1.631642e-06,0.95610344,empathicschool_s28,combined,empathicschool
0,3.777975e-06,0.9184576,empathicschool_s28,combined,empathicschool
0,3.985628e-06,0.9149612,empathicschool_s28,combined,empathicschool
0,4.1219914e-06,0.9127792,empathicschool_s28,combined,empathicschool
0,4.2119977e-06,0.91138744,empathicschool_s28,combined,empathicschool
0,4.145262e-06,0.91247696,empathicschool_s28,combined,empathicschool
0,4.0581567e-06,0.9138241,empathicschool_s28,combined,empathicschool
0,3.964562e-06,0.9153503,empathicschool_s28,combined,empathicschool
0,3.8439675e-06,0.9173516,empathicschool_s28,combined,empathicschool
0,3.8632875e-06,0.9170247,empathicschool_s28,combined,empathicschool
0,3.8673093e-06,0.91697234,empathicschool_s28,combined,empathicschool
0,1.6001962e-06,0.9568839,empathicschool_s28,combined,empathicschool
0,4.0716236e-06,0.91359437,empathicschool_s28,combined,empathicschool
0,4.2706147e-06,0.910478,empathicschool_s28,combined,empathicschool
0,4.095605e-06,0.9132393,empathicschool_s28,combined,empathicschool
0,4.0698574e-06,0.9136566,empathicschool_s28,combined,empathicschool
0,4.0752752e-06,0.91358554,empathicschool_s28,combined,empathicschool
0,4.072505e-06,0.9136354,empathicschool_s28,combined,empathicschool
0,3.968587e-06,0.915345,empathicschool_s28,combined,empathicschool
0,3.887906e-06,0.9166323,empathicschool_s28,combined,empathicschool
0,3.8699654e-06,0.91691804,empathicschool_s28,combined,empathicschool
0,3.8449793e-06,0.91733485,empathicschool_s28,combined,empathicschool
0,1.5857611e-06,0.9572545,empathicschool_s28,combined,empathicschool
0,3.8713274e-06,0.91687936,empathicschool_s28,combined,empathicschool
0,3.8905987e-06,0.9165784,empathicschool_s28,combined,empathicschool
0,3.8655094e-06,0.91700965,empathicschool_s28,combined,empathicschool
0,3.8427725e-06,0.9173829,empathicschool_s28,combined,empathicschool
0,3.862208e-06,0.91705555,empathicschool_s28,combined,empathicschool
0,3.8723283e-06,0.9168982,empathicschool_s28,combined,empathicschool
0,3.8603007e-06,0.9170855,empathicschool_s28,combined,empathicschool
0,3.8529042e-06,0.9172253,empathicschool_s28,combined,empathicschool
0,3.8829703e-06,0.91672707,empathicschool_s28,combined,empathicschool
0,3.9340657e-06,0.9158605,empathicschool_s28,combined,empathicschool
0,1.6420713e-06,0.9558668,empathicschool_s28,combined,empathicschool
0,1.5764697e-06,0.95748955,empathicschool_s28,combined,empathicschool
0,3.9501188e-06,0.9156126,empathicschool_s28,combined,empathicschool
0,3.9814568e-06,0.9151096,empathicschool_s28,combined,empathicschool
0,3.996749e-06,0.91487086,empathicschool_s28,combined,empathicschool
0,3.918631e-06,0.9161152,empathicschool_s28,combined,empathicschool
0,3.868847e-06,0.91693074,empathicschool_s28,combined,empathicschool
0,3.8968747e-06,0.9164624,empathicschool_s28,combined,empathicschool
0,3.9795514e-06,0.9150812,empathicschool_s28,combined,empathicschool
0,4.063284e-06,0.9137589,empathicschool_s28,combined,empathicschool
0,4.043129e-06,0.91406995,empathicschool_s28,combined,empathicschool
0,3.997923e-06,0.9148056,empathicschool_s28,combined,empathicschool
0,1.5696933e-06,0.95765877,empathicschool_s28,combined,empathicschool
0,3.9680453e-06,0.9153101,empathicschool_s28,combined,empathicschool
0,3.958045e-06,0.91547257,empathicschool_s28,combined,empathicschool
0,3.9356196e-06,0.9158386,empathicschool_s28,combined,empathicschool
0,3.8831704e-06,0.91678447,empathicschool_s28,combined,empathicschool
0,3.9527563e-06,0.9155827,empathicschool_s28,combined,empathicschool
0,4.064214e-06,0.9137541,empathicschool_s28,combined,empathicschool
0,3.9906677e-06,0.9149261,empathicschool_s28,combined,empathicschool
0,3.99195e-06,0.91490185,empathicschool_s28,combined,empathicschool
0,3.9723013e-06,0.915247,empathicschool_s28,combined,empathicschool
0,3.825864e-06,0.91766614,empathicschool_s28,combined,empathicschool
0,1.5783606e-06,0.95743394,empathicschool_s28,combined,empathicschool
0,3.7156738e-06,0.91959983,empathicschool_s28,combined,empathicschool
0,3.7076313e-06,0.9196844,empathicschool_s28,combined,empathicschool
0,3.7540592e-06,0.91887003,empathicschool_s28,combined,empathicschool
0,3.7593577e-06,0.91875833,empathicschool_s28,combined,empathicschool
0,3.7796076e-06,0.9184154,empathicschool_s28,combined,empathicschool
0,3.7926277e-06,0.9181885,empathicschool_s28,combined,empathicschool
0,3.809037e-06,0.91789144,empathicschool_s28,combined,empathicschool
0,3.8823814e-06,0.9166747,empathicschool_s28,combined,empathicschool
0,3.9424485e-06,0.915708,empathicschool_s28,combined,empathicschool
0,4.001433e-06,0.9147486,empathicschool_s28,combined,empathicschool
0,1.6543064e-06,0.95554423,empathicschool_s28,combined,empathicschool
0,3.980246e-06,0.9151102,empathicschool_s28,combined,empathicschool
0,3.8848925e-06,0.91666824,empathicschool_s28,combined,empathicschool
0,3.840721e-06,0.91737616,empathicschool_s28,combined,empathicschool
0,3.8422777e-06,0.91735834,empathicschool_s28,combined,empathicschool
0,3.83477e-06,0.9174931,empathicschool_s28,combined,empathicschool
0,3.823391e-06,0.91767627,empathicschool_s28,combined,empathicschool
0,3.8145552e-06,0.91783136,empathicschool_s28,combined,empathicschool
0,3.7974594e-06,0.91810924,empathicschool_s28,combined,empathicschool
0,3.8086082e-06,0.9179027,empathicschool_s28,combined,empathicschool
0,4.1091653e-06,0.9129906,empathicschool_s28,combined,empathicschool
0,1.6913016e-06,0.95465124,empathicschool_s28,combined,empathicschool
0,4.1690378e-06,0.9120802,empathicschool_s28,combined,empathicschool
0,3.82912e-06,0.91757715,empathicschool_s28,combined,empathicschool
0,3.82049e-06,0.9177183,empathicschool_s28,combined,empathicschool
0,3.8839185e-06,0.9166342,empathicschool_s28,combined,empathicschool
0,3.841853e-06,0.9173081,empathicschool_s28,combined,empathicschool
0,3.8081473e-06,0.9179055,empathicschool_s28,combined,empathicschool
0,3.8557346e-06,0.917123,empathicschool_s28,combined,empathicschool
0,3.8872977e-06,0.91660947,empathicschool_s28,combined,empathicschool
0,3.8782036e-06,0.91677284,empathicschool_s28,combined,empathicschool
0,3.863895e-06,0.9170164,empathicschool_s28,combined,empathicschool
0,1.626844e-06,0.95624167,empathicschool_s28,combined,empathicschool
0,3.857886e-06,0.9171125,empathicschool_s28,combined,empathicschool
0,3.854797e-06,0.91716707,empathicschool_s28,combined,empathicschool
0,3.8693456e-06,0.9169169,empathicschool_s28,combined,empathicschool
0,3.8765693e-06,0.91680086,empathicschool_s28,combined,empathicschool
0,3.8696626e-06,0.91691846,empathicschool_s28,combined,empathicschool
0,3.873082e-06,0.9168558,empathicschool_s28,combined,empathicschool
0,3.9158144e-06,0.9161469,empathicschool_s28,combined,empathicschool
0,3.9487963e-06,0.91559815,empathicschool_s28,combined,empathicschool
0,3.9494935e-06,0.9155882,empathicschool_s28,combined,empathicschool
0,3.894846e-06,0.91652644,empathicschool_s28,combined,empathicschool
0,1.5780777e-06,0.9574454,empathicschool_s28,combined,empathicschool
0,3.7851696e-06,0.91824067,empathicschool_s28,combined,empathicschool
0,3.900273e-06,0.9162601,empathicschool_s28,combined,empathicschool
0,4.0278815e-06,0.9142439,empathicschool_s28,combined,empathicschool
0,3.7157838e-06,0.9193928,empathicschool_s28,combined,empathicschool
0,3.7116647e-06,0.9194639,empathicschool_s28,combined,empathicschool
0,3.960624e-06,0.9153493,empathicschool_s28,combined,empathicschool
0,4.0510413e-06,0.9138886,empathicschool_s28,combined,empathicschool
0,4.0084988e-06,0.9145656,empathicschool_s28,combined,empathicschool
0,4.3155765e-06,0.9096863,empathicschool_s28,combined,empathicschool
0,4.5967804e-06,0.9055264,empathicschool_s28,combined,empathicschool
0,1.5620102e-06,0.9578392,empathicschool_s28,combined,empathicschool
0,4.313231e-06,0.9098156,empathicschool_s28,combined,empathicschool
0,4.2037154e-06,0.9114587,empathicschool_s28,combined,empathicschool
0,4.0940436e-06,0.91319156,empathicschool_s28,combined,empathicschool
0,4.0083382e-06,0.91458476,empathicschool_s28,combined,empathicschool
0,4.0047044e-06,0.9146438,empathicschool_s28,combined,empathicschool
0,3.9993574e-06,0.91473275,empathicschool_s28,combined,empathicschool
0,3.905372e-06,0.91630995,empathicschool_s28,combined,empathicschool
0,3.820887e-06,0.91769505,empathicschool_s28,combined,empathicschool
0,3.8243757e-06,0.9176153,empathicschool_s28,combined,empathicschool
0,3.9150077e-06,0.91612566,empathicschool_s28,combined,empathicschool
0,1.6956121e-06,0.95447296,empathicschool_s28,combined,empathicschool
0,4.0139766e-06,0.91451955,empathicschool_s28,combined,empathicschool
0,4.0465393e-06,0.9139992,empathicschool_s28,combined,empathicschool
0,4.059442e-06,0.9137983,empathicschool_s28,combined,empathicschool
0,4.059442e-06,0.9137983,empathicschool_s28,combined,empathicschool
0,4.028634e-06,0.9142989,empathicschool_s28,combined,empathicschool
0,3.8880135e-06,0.9165565,empathicschool_s28,combined,empathicschool
0,3.8986213e-06,0.9163684,empathicschool_s28,combined,empathicschool
0,3.850513e-06,0.91719615,empathicschool_s28,combined,empathicschool
0,3.7940204e-06,0.9181437,empathicschool_s28,combined,empathicschool
0,3.8480607e-06,0.9172532,empathicschool_s28,combined,empathicschool
0,1.5722117e-06,0.95758694,empathicschool_s28,combined,empathicschool
0,3.856757e-06,0.917134,empathicschool_s28,combined,empathicschool
0,3.847661e-06,0.91729385,empathicschool_s28,combined,empathicschool
0,3.8411017e-06,0.9174062,empathicschool_s28,combined,empathicschool
0,3.841838e-06,0.9173892,empathicschool_s28,combined,empathicschool
0,3.843506e-06,0.9173591,empathicschool_s28,combined,empathicschool
0,3.8337826e-06,0.9175287,empathicschool_s28,combined,empathicschool
0,3.831162e-06,0.9175792,empathicschool_s28,combined,empathicschool
0,3.831162e-06,0.9175792,empathicschool_s28,combined,empathicschool
0,3.831162e-06,0.9175792,empathicschool_s28,combined,empathicschool
0,3.8309754e-06,0.91758096,empathicschool_s28,combined,empathicschool
0,1.661052e-06,0.95539665,empathicschool_s28,combined,empathicschool
0,1.5749459e-06,0.95752376,empathicschool_s28,combined,empathicschool
0,3.83205e-06,0.91756064,empathicschool_s28,combined,empathicschool
0,3.8418602e-06,0.9173644,empathicschool_s28,combined,empathicschool
0,3.7761813e-06,0.91847587,empathicschool_s28,combined,empathicschool
0,3.7251752e-06,0.9193388,empathicschool_s28,combined,empathicschool
0,3.7356488e-06,0.9191716,empathicschool_s28,combined,empathicschool
0,3.7173324e-06,0.9194931,empathicschool_s28,combined,empathicschool
0,3.7192617e-06,0.9194636,empathicschool_s28,combined,empathicschool
0,3.7382292e-06,0.919144,empathicschool_s28,combined,empathicschool
0,3.7459592e-06,0.9190159,empathicschool_s28,combined,empathicschool
0,3.7468128e-06,0.91899437,empathicschool_s28,combined,empathicschool
0,1.589034e-06,0.95715666,empathicschool_s28,combined,empathicschool
0,3.7499835e-06,0.91894,empathicschool_s28,combined,empathicschool
0,3.7531e-06,0.9188889,empathicschool_s28,combined,empathicschool
0,3.7583575e-06,0.91879576,empathicschool_s28,combined,empathicschool
0,3.7826835e-06,0.91838807,empathicschool_s28,combined,empathicschool
0,3.795374e-06,0.91817003,empathicschool_s28,combined,empathicschool
0,3.7802024e-06,0.918421,empathicschool_s28,combined,empathicschool
0,3.7706252e-06,0.91857946,empathicschool_s28,combined,empathicschool
0,3.7656444e-06,0.91866726,empathicschool_s28,combined,empathicschool
0,3.7642008e-06,0.91868395,empathicschool_s28,combined,empathicschool
0,3.7557527e-06,0.9188227,empathicschool_s28,combined,empathicschool
0,1.6809781e-06,0.95488614,empathicschool_s28,combined,empathicschool
0,3.742556e-06,0.91905504,empathicschool_s28,combined,empathicschool
0,3.7409252e-06,0.9190918,empathicschool_s28,combined,empathicschool
0,3.74771e-06,0.91898096,empathicschool_s28,combined,empathicschool
0,3.7519512e-06,0.9189041,empathicschool_s28,combined,empathicschool
0,3.7261632e-06,0.9193428,empathicschool_s28,combined,empathicschool
0,3.6934514e-06,0.91990215,empathicschool_s28,combined,empathicschool
0,3.68718e-06,0.9200163,empathicschool_s28,combined,empathicschool
0,3.6810736e-06,0.9201258,empathicschool_s28,combined,empathicschool
0,3.678512e-06,0.92017126,empathicschool_s28,combined,empathicschool
0,3.6818883e-06,0.92011094,empathicschool_s28,combined,empathicschool
0,1.6724999e-06,0.9551112,empathicschool_s28,combined,empathicschool
0,3.681783e-06,0.9201129,empathicschool_s28,combined,empathicschool
0,3.67807e-06,0.92017883,empathicschool_s28,combined,empathicschool
0,3.6871309e-06,0.9200271,empathicschool_s28,combined,empathicschool
0,3.7010325e-06,0.9197916,empathicschool_s28,combined,empathicschool
0,3.7045284e-06,0.9197317,empathicschool_s28,combined,empathicschool
0,3.7160635e-06,0.9195376,empathicschool_s28,combined,empathicschool
0,3.7265825e-06,0.91936165,empathicschool_s28,combined,empathicschool
0,3.7265825e-06,0.91936165,empathicschool_s28,combined,empathicschool
0,3.7265825e-06,0.91936165,empathicschool_s28,combined,empathicschool
0,3.7265825e-06,0.91936165,empathicschool_s28,combined,empathicschool
0,1.607756e-06,0.95671576,empathicschool_s28,combined,empathicschool
0,3.7265968e-06,0.9193615,empathicschool_s28,combined,empathicschool
0,3.7266288e-06,0.9193609,empathicschool_s28,combined,empathicschool
0,3.726625e-06,0.9193609,empathicschool_s28,combined,empathicschool
0,3.7265825e-06,0.91936165,empathicschool_s28,combined,empathicschool
0,3.7265825e-06,0.91936165,empathicschool_s28,combined,empathicschool
0,3.7265825e-06,0.91936165,empathicschool_s28,combined,empathicschool
0,3.7265825e-06,0.91936165,empathicschool_s28,combined,empathicschool
0,3.73038e-06,0.9192933,empathicschool_s28,combined,empathicschool
0,3.7312873e-06,0.9192796,empathicschool_s28,combined,empathicschool
0,3.7246994e-06,0.9194063,empathicschool_s28,combined,empathicschool
0,1.6133296e-06,0.9565705,empathicschool_s28,combined,empathicschool
0,3.7066736e-06,0.91970104,empathicschool_s28,combined,empathicschool
0,3.7191267e-06,0.9194735,empathicschool_s28,combined,empathicschool
0,3.7521518e-06,0.91890645,empathicschool_s28,combined,empathicschool
0,3.7942377e-06,0.9182046,empathicschool_s28,combined,empathicschool
0,3.8205044e-06,0.91777426,empathicschool_s28,combined,empathicschool
0,3.843121e-06,0.9174014,empathicschool_s28,combined,empathicschool
0,3.847503e-06,0.91733015,empathicschool_s28,combined,empathicschool
0,3.8547164e-06,0.9172117,empathicschool_s28,combined,empathicschool
0,3.8469457e-06,0.9173325,empathicschool_s28,combined,empathicschool
0,3.7875636e-06,0.9183241,empathicschool_s28,combined,empathicschool
0,1.6523969e-06,0.95560443,empathicschool_s28,combined,empathicschool
0,3.7248271e-06,0.91938233,empathicschool_s28,combined,empathicschool
0,3.732088e-06,0.91925913,empathicschool_s28,combined,empathicschool
0,3.744759e-06,0.9190572,empathicschool_s28,combined,empathicschool
0,3.731266e-06,0.91927344,empathicschool_s28,combined,empathicschool
0,3.7074053e-06,0.9196833,empathicschool_s28,combined,empathicschool
0,3.6811089e-06,0.92012775,empathicschool_s28,combined,empathicschool
0,3.6952767e-06,0.9198848,empathicschool_s28,combined,empathicschool
0,3.7010395e-06,0.9197916,empathicschool_s28,combined,empathicschool
0,3.7003338e-06,0.9198052,empathicschool_s28,combined,empathicschool
0,3.7019925e-06,0.91977316,empathicschool_s28,combined,empathicschool
0,1.6508691e-06,0.9556548,empathicschool_s28,combined,empathicschool
0,3.6961576e-06,0.91987604,empathicschool_s28,combined,empathicschool
0,3.7102595e-06,0.9196343,empathicschool_s28,combined,empathicschool
0,3.7214259e-06,0.91945416,empathicschool_s28,combined,empathicschool
0,3.7226112e-06,0.9194331,empathicschool_s28,combined,empathicschool
0,3.7302946e-06,0.9192948,empathicschool_s28,combined,empathicschool
0,3.7324974e-06,0.91925555,empathicschool_s28,combined,empathicschool
0,3.7319564e-06,0.91926306,empathicschool_s28,combined,empathicschool
0,3.7329423e-06,0.9192448,empathicschool_s28,combined,empathicschool
0,3.7369316e-06,0.9191751,empathicschool_s28,combined,empathicschool
0,3.7294762e-06,0.9193266,empathicschool_s28,combined,empathicschool
0,1.5982929e-06,0.95694506,empathicschool_s28,combined,empathicschool
0,3.6452798e-06,0.9208366,empathicschool_s28,combined,empathicschool
0,3.594458e-06,0.921694,empathicschool_s28,combined,empathicschool
0,3.6369388e-06,0.9209193,empathicschool_s28,combined,empathicschool
0,3.68839e-06,0.9200472,empathicschool_s28,combined,empathicschool
0,3.7208615e-06,0.9194716,empathicschool_s28,combined,empathicschool
0,3.7597736e-06,0.91880935,empathicschool_s28,combined,empathicschool
0,3.7599457e-06,0.91882527,empathicschool_s28,combined,empathicschool
0,3.7581997e-06,0.918854,empathicschool_s28,combined,empathicschool
0,3.7663697e-06,0.9187084,empathicschool_s28,combined,empathicschool
0,3.7732939e-06,0.9185855,empathicschool_s28,combined,empathicschool
0,1.5976437e-06,0.9569628,empathicschool_s28,combined,empathicschool
0,3.753762e-06,0.9189491,empathicschool_s28,combined,empathicschool
0,3.7085297e-06,0.9197054,empathicschool_s28,combined,empathicschool
0,3.7027762e-06,0.9197893,empathicschool_s28,combined,empathicschool
0,3.6931488e-06,0.9199868,empathicschool_s28,combined,empathicschool
0,3.6831595e-06,0.92015964,empathicschool_s28,combined,empathicschool
0,3.6974197e-06,0.9198896,empathicschool_s28,combined,empathicschool
0,3.6987565e-06,0.91985846,empathicschool_s28,combined,empathicschool
0,3.6996066e-06,0.919826,empathicschool_s28,combined,empathicschool
0,3.7172263e-06,0.91951585,empathicschool_s28,combined,empathicschool
0,3.7349223e-06,0.9192319,empathicschool_s28,combined,empathicschool
0,1.7863226e-06,0.95227116,empathicschool_s28,combined,empathicschool
0,1.6035403e-06,0.9568093,empathicschool_s28,combined,empathicschool
0,3.7302234e-06,0.9193373,empathicschool_s28,combined,empathicschool
0,3.7231366e-06,0.91943854,empathicschool_s28,combined,empathicschool
0,3.8452654e-06,0.91730595,empathicschool_s28,combined,empathicschool
0,4.0247214e-06,0.91436654,empathicschool_s28,combined,empathicschool
0,3.979673e-06,0.9150781,empathicschool_s28,combined,empathicschool
0,3.8651924e-06,0.9170022,empathicschool_s28,combined,empathicschool
0,3.8033525e-06,0.9180593,empathicschool_s28,combined,empathicschool
0,3.800992e-06,0.91808796,empathicschool_s28,combined,empathicschool
0,3.8114026e-06,0.91788805,empathicschool_s28,combined,empathicschool
0,3.8535986e-06,0.9171839,empathicschool_s28,combined,empathicschool
0,1.5458676e-06,0.95825493,empathicschool_s28,combined,empathicschool
0,3.8806716e-06,0.91674465,empathicschool_s28,combined,empathicschool
0,3.903298e-06,0.91639477,empathicschool_s28,combined,empathicschool
0,3.9143583e-06,0.9162355,empathicschool_s28,combined,empathicschool
0,3.8495e-06,0.91729033,empathicschool_s28,combined,empathicschool
0,3.7982345e-06,0.91813815,empathicschool_s28,combined,empathicschool
0,3.7825969e-06,0.9183944,empathicschool_s28,combined,empathicschool
0,3.839322e-06,0.9173415,empathicschool_s28,combined,empathicschool
0,4.008032e-06,0.9146774,empathicschool_s28,combined,empathicschool
0,3.9841993e-06,0.91506684,empathicschool_s28,combined,empathicschool
0,3.9991055e-06,0.9147834,empathicschool_s28,combined,empathicschool
0,1.5335083e-06,0.9585654,empathicschool_s28,combined,empathicschool
0,4.0043724e-06,0.9147177,empathicschool_s28,combined,empathicschool
0,3.966226e-06,0.9153468,empathicschool_s28,combined,empathicschool
0,3.9439337e-06,0.9157099,empathicschool_s28,combined,empathicschool
0,3.9312604e-06,0.9159276,empathicschool_s28,combined,empathicschool
0,3.93604e-06,0.9158308,empathicschool_s28,combined,empathicschool
0,3.9616934e-06,0.91541016,empathicschool_s28,combined,empathicschool
0,3.954415e-06,0.91553974,empathicschool_s28,combined,empathicschool
0,3.945431e-06,0.9156929,empathicschool_s28,combined,empathicschool
0,3.958483e-06,0.915466,empathicschool_s28,combined,empathicschool
0,4.0270593e-06,0.9143402,empathicschool_s28,combined,empathicschool
0,1.7493747e-06,0.9532176,empathicschool_s28,combined,empathicschool
0,4.064532e-06,0.9137482,empathicschool_s28,combined,empathicschool
0,4.050748e-06,0.91396576,empathicschool_s28,combined,empathicschool
0,3.998297e-06,0.91481864,empathicschool_s28,combined,empathicschool
0,3.953446e-06,0.9155539,empathicschool_s28,combined,empathicschool
0,3.957109e-06,0.91550624,empathicschool_s28,combined,empathicschool
0,4.02489e-06,0.91440004,empathicschool_s28,combined,empathicschool
0,4.1060393e-06,0.9130849,empathicschool_s28,combined,empathicschool
0,4.0614123e-06,0.9137728,empathicschool_s28,combined,empathicschool
0,3.9894726e-06,0.91493636,empathicschool_s28,combined,empathicschool
0,3.9657e-06,0.91534394,empathicschool_s28,combined,empathicschool
0,1.6608747e-06,0.95539457,empathicschool_s28,combined,empathicschool
0,3.920418e-06,0.9161111,empathicschool_s28,combined,empathicschool
0,3.8056094e-06,0.91806614,empathicschool_s28,combined,empathicschool
0,3.7873938e-06,0.9183071,empathicschool_s28,combined,empathicschool
0,3.8460653e-06,0.9172123,empathicschool_s28,combined,empathicschool
0,4.0709556e-06,0.91355693,empathicschool_s28,combined,empathicschool
0,4.1381327e-06,0.91246796,empathicschool_s28,combined,empathicschool
0,3.7456234e-06,0.9189276,empathicschool_s28,combined,empathicschool
0,3.6773297e-06,0.9201532,empathicschool_s28,combined,empathicschool
0,3.8414755e-06,0.9173707,empathicschool_s28,combined,empathicschool
0,4.0750965e-06,0.91351604,empathicschool_s28,combined,empathicschool
0,1.6570018e-06,0.955485,empathicschool_s28,combined,empathicschool
0,4.2644365e-06,0.9105106,empathicschool_s28,combined,empathicschool
0,4.3687546e-06,0.9088996,empathicschool_s28,combined,empathicschool
0,4.271751e-06,0.91042966,empathicschool_s28,combined,empathicschool
0,4.083718e-06,0.91341335,empathicschool_s28,combined,empathicschool
0,4.0864916e-06,0.9133857,empathicschool_s28,combined,empathicschool
0,4.0977384e-06,0.9132199,empathicschool_s28,combined,empathicschool
0,4.057398e-06,0.91386133,empathicschool_s28,combined,empathicschool
0,3.964528e-06,0.9153537,empathicschool_s28,combined,empathicschool
0,3.8434837e-06,0.91735554,empathicschool_s28,combined,empathicschool
0,3.8008725e-06,0.91805595,empathicschool_s28,combined,empathicschool
0,1.6592835e-06,0.9554296,empathicschool_s28,combined,empathicschool
0,3.8180783e-06,0.9177675,empathicschool_s28,combined,empathicschool
0,3.85782e-06,0.91712976,empathicschool_s28,combined,empathicschool
0,3.838337e-06,0.917424,empathicschool_s28,combined,empathicschool
0,3.8047167e-06,0.9180153,empathicschool_s28,combined,empathicschool
0,3.8130713e-06,0.9178693,empathicschool_s28,combined,empathicschool
0,3.8189014e-06,0.917757,empathicschool_s28,combined,empathicschool
0,3.8385165e-06,0.91739756,empathicschool_s28,combined,empathicschool
0,3.893709e-06,0.9165098,empathicschool_s28,combined,empathicschool
0,3.8733733e-06,0.9168407,empathicschool_s28,combined,empathicschool
0,3.8834887e-06,0.9167087,empathicschool_s28,combined,empathicschool
0,1.6422482e-06,0.95583963,empathicschool_s28,combined,empathicschool
0,3.962415e-06,0.91530937,empathicschool_s28,combined,empathicschool
0,4.223655e-06,0.91113275,empathicschool_s28,combined,empathicschool
0,4.1528e-06,0.91222554,empathicschool_s28,combined,empathicschool
0,4.1610815e-06,0.91210175,empathicschool_s28,combined,empathicschool
0,4.082094e-06,0.9133899,empathicschool_s28,combined,empathicschool
0,3.934137e-06,0.9158216,empathicschool_s28,combined,empathicschool
0,3.928974e-06,0.9159054,empathicschool_s28,combined,empathicschool
0,3.9171105e-06,0.91609186,empathicschool_s28,combined,empathicschool
0,3.965129e-06,0.9152878,empathicschool_s28,combined,empathicschool
0,3.9499528e-06,0.9155632,empathicschool_s28,combined,empathicschool
0,1.6373003e-06,0.95596087,empathicschool_s28,combined,empathicschool
0,3.88477e-06,0.91649747,empathicschool_s28,combined,empathicschool
0,3.932835e-06,0.9157258,empathicschool_s28,combined,empathicschool
0,3.7787245e-06,0.91836864,empathicschool_s28,combined,empathicschool
0,3.677074e-06,0.9200553,empathicschool_s28,combined,empathicschool
0,3.7317002e-06,0.91933036,empathicschool_s28,combined,empathicschool
0,3.7972059e-06,0.9182982,empathicschool_s28,combined,empathicschool
0,4.1399644e-06,0.9125803,empathicschool_s28,combined,empathicschool
0,4.135951e-06,0.9126096,empathicschool_s28,combined,empathicschool
0,4.085759e-06,0.9134067,empathicschool_s28,combined,empathicschool
0,3.963129e-06,0.915356,empathicschool_s28,combined,empathicschool
0,1.5972188e-06,0.9569669,empathicschool_s28,combined,empathicschool
0,3.987514e-06,0.91494656,empathicschool_s28,combined,empathicschool
0,4.1241624e-06,0.912766,empathicschool_s28,combined,empathicschool
0,3.900697e-06,0.91629124,empathicschool_s28,combined,empathicschool
0,3.8085648e-06,0.91783386,empathicschool_s28,combined,empathicschool
0,3.8081073e-06,0.9178967,empathicschool_s28,combined,empathicschool
0,3.8092257e-06,0.91795504,empathicschool_s28,combined,empathicschool
0,3.8007818e-06,0.9181482,empathicschool_s28,combined,empathicschool
0,3.923455e-06,0.91606975,empathicschool_s28,combined,empathicschool
0,4.0567247e-06,0.9139187,empathicschool_s28,combined,empathicschool
0,4.060905e-06,0.9138651,empathicschool_s28,combined,empathicschool
0,1.6305843e-06,0.95614976,empathicschool_s28,combined,empathicschool
0,1.5484053e-06,0.95818937,empathicschool_s28,combined,empathicschool
0,4.0584046e-06,0.91391397,empathicschool_s28,combined,empathicschool
0,4.054721e-06,0.91397053,empathicschool_s28,combined,empathicschool
0,4.0584505e-06,0.91391367,empathicschool_s28,combined,empathicschool
0,4.051969e-06,0.914013,empathicschool_s28,combined,empathicschool
0,4.0593295e-06,0.91390353,empathicschool_s28,combined,empathicschool
0,4.0369146e-06,0.91427237,empathicschool_s28,combined,empathicschool
0,3.9574225e-06,0.9155721,empathicschool_s28,combined,empathicschool
0,3.8551243e-06,0.9172016,empathicschool_s28,combined,empathicschool
0,3.8275425e-06,0.91764987,empathicschool_s28,combined,empathicschool
0,3.8180783e-06,0.9178134,empathicschool_s28,combined,empathicschool
0,1.5309321e-06,0.95863044,empathicschool_s28,combined,empathicschool
0,3.8409735e-06,0.9174454,empathicschool_s28,combined,empathicschool
0,3.879247e-06,0.9167982,empathicschool_s28,combined,empathicschool
0,3.9096276e-06,0.91629285,empathicschool_s28,combined,empathicschool
0,3.9136526e-06,0.916265,empathicschool_s28,combined,empathicschool
0,3.9324827e-06,0.9159454,empathicschool_s28,combined,empathicschool
0,3.984241e-06,0.9151007,empathicschool_s28,combined,empathicschool
0,4.0144055e-06,0.9146141,empathicschool_s28,combined,empathicschool
0,3.986472e-06,0.91506416,empathicschool_s28,combined,empathicschool
0,3.9585548e-06,0.91549504,empathicschool_s28,combined,empathicschool
0,3.8980975e-06,0.9164786,empathicschool_s28,combined,empathicschool
0,1.547397e-06,0.95820874,empathicschool_s28,combined,empathicschool
0,3.826444e-06,0.91767335,empathicschool_s28,combined,empathicschool
0,3.8099233e-06,0.91796887,empathicschool_s28,combined,empathicschool
0,3.8167786e-06,0.9178379,empathicschool_s28,combined,empathicschool
0,3.8189596e-06,0.9178116,empathicschool_s28,combined,empathicschool
0,3.845478e-06,0.9172104,empathicschool_s28,combined,empathicschool
0,4.0133414e-06,0.9144731,empathicschool_s28,combined,empathicschool
0,3.99938e-06,0.9146818,empathicschool_s28,combined,empathicschool
0,3.9764786e-06,0.915023,empathicschool_s28,combined,empathicschool
0,3.894541e-06,0.91639155,empathicschool_s28,combined,empathicschool
0,3.789941e-06,0.91815627,empathicschool_s28,combined,empathicschool
0,1.6098423e-06,0.95661736,empathicschool_s28,combined,empathicschool
0,3.5208766e-06,0.92336965,empathicschool_s28,combined,empathicschool
0,4.016481e-06,0.9182623,empathicschool_s28,combined,empathicschool
0,5.2994587e-06,0.90421015,empathicschool_s28,combined,empathicschool
0,3.550011e-06,0.92491364,empathicschool_s28,combined,empathicschool
0,3.3389595e-06,0.9261831,empathicschool_s28,combined,empathicschool
0,3.7207374e-06,0.9193279,empathicschool_s28,combined,empathicschool
0,3.7438804e-06,0.9190173,empathicschool_s28,combined,empathicschool
0,3.706578e-06,0.9197088,empathicschool_s28,combined,empathicschool
0,3.7381722e-06,0.91916513,empathicschool_s28,combined,empathicschool
0,3.7347975e-06,0.91920555,empathicschool_s28,combined,empathicschool
0,1.6471263e-06,0.95568943,empathicschool_s28,combined,empathicschool
0,3.6885588e-06,0.92005724,empathicschool_s28,combined,empathicschool
0,3.6675094e-06,0.9204152,empathicschool_s28,combined,empathicschool
0,3.7148943e-06,0.919574,empathicschool_s28,combined,empathicschool
0,3.7165173e-06,0.9195472,empathicschool_s28,combined,empathicschool
0,3.7104328e-06,0.919658,empathicschool_s28,combined,empathicschool
0,3.704295e-06,0.91975236,empathicschool_s28,combined,empathicschool
0,3.7057896e-06,0.919742,empathicschool_s28,combined,empathicschool
0,3.698732e-06,0.91984206,empathicschool_s28,combined,empathicschool
0,3.6702352e-06,0.92033046,empathicschool_s28,combined,empathicschool
0,3.682998e-06,0.9201238,empathicschool_s28,combined,empathicschool
0,1.698527e-06,0.95449805,empathicschool_s28,combined,empathicschool
0,3.7123796e-06,0.9196169,empathicschool_s28,combined,empathicschool
0,3.7028221e-06,0.9197889,empathicschool_s28,combined,empathicschool
0,3.704281e-06,0.91976327,empathicschool_s28,combined,empathicschool
0,3.6983438e-06,0.9198991,empathicschool_s28,combined,empathicschool
0,3.68323e-06,0.9201561,empathicschool_s28,combined,empathicschool
0,3.6859285e-06,0.9200682,empathicschool_s28,combined,empathicschool
0,3.6206259e-06,0.92120826,empathicschool_s28,combined,empathicschool
0,3.6030794e-06,0.92141455,empathicschool_s28,combined,empathicschool
0,3.6841643e-06,0.9199533,empathicschool_s28,combined,empathicschool
0,3.6979347e-06,0.9198243,empathicschool_s28,combined,empathicschool
0,1.6252156e-06,0.95628524,empathicschool_s28,combined,empathicschool
0,3.6667643e-06,0.9204245,empathicschool_s28,combined,empathicschool
0,3.6724898e-06,0.92033726,empathicschool_s28,combined,empathicschool
0,3.652469e-06,0.9206813,empathicschool_s28,combined,empathicschool
0,3.643987e-06,0.92083377,empathicschool_s28,combined,empathicschool
0,3.6570352e-06,0.9205853,empathicschool_s28,combined,empathicschool
0,3.6904166e-06,0.91998476,empathicschool_s28,combined,empathicschool
0,3.707886e-06,0.9196946,empathicschool_s28,combined,empathicschool
0,3.7013995e-06,0.9197914,empathicschool_s28,combined,empathicschool
0,3.7040656e-06,0.9197434,empathicschool_s28,combined,empathicschool
0,3.7016466e-06,0.9197905,empathicschool_s28,combined,empathicschool
0,1.5556416e-06,0.95800316,empathicschool_s28,combined,empathicschool
0,3.7100508e-06,0.91966206,empathicschool_s28,combined,empathicschool
0,3.7060584e-06,0.9197344,empathicschool_s28,combined,empathicschool
0,3.7122666e-06,0.91960174,empathicschool_s28,combined,empathicschool
0,3.7327998e-06,0.9192624,empathicschool_s28,combined,empathicschool
0,3.7227567e-06,0.91945046,empathicschool_s28,combined,empathicschool
0,3.7102457e-06,0.9196551,empathicschool_s28,combined,empathicschool
0,3.7081336e-06,0.919692,empathicschool_s28,combined,empathicschool
0,3.7094105e-06,0.91967344,empathicschool_s28,combined,empathicschool
0,3.7269804e-06,0.9193807,empathicschool_s28,combined,empathicschool
0,3.740433e-06,0.91916835,empathicschool_s28,combined,empathicschool
0,1.5577779e-06,0.95796156,empathicschool_s28,combined,empathicschool
0,3.7172333e-06,0.919557,empathicschool_s28,combined,empathicschool
0,3.6885622e-06,0.92004734,empathicschool_s28,combined,empathicschool
0,3.6751667e-06,0.92029434,empathicschool_s28,combined,empathicschool
0,3.6751667e-06,0.92029434,empathicschool_s28,combined,empathicschool
0,3.6886397e-06,0.92006934,empathicschool_s28,combined,empathicschool
0,3.7006441e-06,0.9198747,empathicschool_s28,combined,empathicschool
0,3.6923525e-06,0.92001545,empathicschool_s28,combined,empathicschool
0,3.6918211e-06,0.92000043,empathicschool_s28,combined,empathicschool
0,3.6929443e-06,0.9199959,empathicschool_s28,combined,empathicschool
0,3.6755453e-06,0.9203152,empathicschool_s28,combined,empathicschool
0,1.6621439e-06,0.9553925,empathicschool_s28,combined,empathicschool
0,3.6839324e-06,0.92016816,empathicschool_s28,combined,empathicschool
0,3.6948538e-06,0.9199511,empathicschool_s28,combined,empathicschool
0,3.694741e-06,0.91993755,empathicschool_s28,combined,empathicschool
0,3.6938886e-06,0.91995424,empathicschool_s28,combined,empathicschool
0,3.6892764e-06,0.92004037,empathicschool_s28,combined,empathicschool
0,3.7047898e-06,0.9197214,empathicschool_s28,combined,empathicschool
0,3.7353389e-06,0.91922605,empathicschool_s28,combined,empathicschool
0,3.6954846e-06,0.919932,empathicschool_s28,combined,empathicschool
0,3.6820393e-06,0.92017066,empathicschool_s28,combined,empathicschool
0,3.690216e-06,0.9200227,empathicschool_s28,combined,empathicschool
0,1.6363699e-06,0.956005,empathicschool_s28,combined,empathicschool
0,1.6320062e-06,0.9561417,empathicschool_s28,combined,empathicschool
0,3.6879924e-06,0.9200637,empathicschool_s28,combined,empathicschool
0,3.6791716e-06,0.9202216,empathicschool_s28,combined,empathicschool
0,3.6745148e-06,0.9203047,empathicschool_s28,combined,empathicschool
0,3.675363e-06,0.92029047,empathicschool_s28,combined,empathicschool
0,3.6751946e-06,0.92029375,empathicschool_s28,combined,empathicschool
0,3.678838e-06,0.92022324,empathicschool_s28,combined,empathicschool
0,3.6893503e-06,0.9200347,empathicschool_s28,combined,empathicschool
0,3.6897266e-06,0.9200335,empathicschool_s28,combined,empathicschool
0,3.6759623e-06,0.92030036,empathicschool_s28,combined,empathicschool
0,3.65864e-06,0.92059714,empathicschool_s28,combined,empathicschool
0,1.6222441e-06,0.95636344,empathicschool_s28,combined,empathicschool
0,3.6654008e-06,0.92047143,empathicschool_s28,combined,empathicschool
0,3.68922e-06,0.9200562,empathicschool_s28,combined,empathicschool
0,3.7013924e-06,0.9198489,empathicschool_s28,combined,empathicschool
0,3.711509e-06,0.91969633,empathicschool_s28,combined,empathicschool
0,3.6841748e-06,0.9201648,empathicschool_s28,combined,empathicschool
0,3.666163e-06,0.92048097,empathicschool_s28,combined,empathicschool
0,3.6458155e-06,0.9208512,empathicschool_s28,combined,empathicschool
0,3.6455651e-06,0.9208332,empathicschool_s28,combined,empathicschool
0,3.696186e-06,0.91995555,empathicschool_s28,combined,empathicschool
0,3.7209184e-06,0.91952676,empathicschool_s28,combined,empathicschool
0,1.5624468e-06,0.9578395,empathicschool_s28,combined,empathicschool
0,3.7126133e-06,0.9196604,empathicschool_s28,combined,empathicschool
0,3.6980828e-06,0.91988206,empathicschool_s28,combined,empathicschool
0,3.6511633e-06,0.920749,empathicschool_s28,combined,empathicschool
0,3.6337776e-06,0.9210528,empathicschool_s28,combined,empathicschool
0,3.6626718e-06,0.9205249,empathicschool_s28,combined,empathicschool
0,3.6624726e-06,0.92052984,empathicschool_s28,combined,empathicschool
0,3.6618057e-06,0.9205419,empathicschool_s28,combined,empathicschool
0,3.660943e-06,0.92055744,empathicschool_s28,combined,empathicschool
0,3.660943e-06,0.92055744,empathicschool_s28,combined,empathicschool
0,3.6591528e-06,0.92058975,empathicschool_s28,combined,empathicschool
0,1.5579741e-06,0.9579652,empathicschool_s28,combined,empathicschool
0,3.659097e-06,0.92059046,empathicschool_s28,combined,empathicschool
0,3.6623155e-06,0.92050946,empathicschool_s28,combined,empathicschool
0,3.6662366e-06,0.92047447,empathicschool_s28,combined,empathicschool
0,3.6578583e-06,0.92064136,empathicschool_s28,combined,empathicschool
0,3.6165675e-06,0.92134434,empathicschool_s28,combined,empathicschool
0,3.6110393e-06,0.9214306,empathicschool_s28,combined,empathicschool
0,3.6533888e-06,0.92068785,empathicschool_s28,combined,empathicschool
0,3.6748897e-06,0.9202989,empathicschool_s28,combined,empathicschool
0,3.6116523e-06,0.9214347,empathicschool_s28,combined,empathicschool
0,3.6076144e-06,0.92152995,empathicschool_s28,combined,empathicschool
0,1.5457333e-06,0.9582566,empathicschool_s28,combined,empathicschool
0,3.6400966e-06,0.9209508,empathicschool_s28,combined,empathicschool
0,3.642333e-06,0.9208744,empathicschool_s28,combined,empathicschool
0,3.6505053e-06,0.9207326,empathicschool_s28,combined,empathicschool
0,3.6600218e-06,0.9205729,empathicschool_s28,combined,empathicschool
0,3.660943e-06,0.92055744,empathicschool_s28,combined,empathicschool
0,3.6629515e-06,0.9205336,empathicschool_s28,combined,empathicschool
0,3.6515357e-06,0.92072856,empathicschool_s28,combined,empathicschool
0,3.6537585e-06,0.9206887,empathicschool_s28,combined,empathicschool
0,3.6536676e-06,0.9206973,empathicschool_s28,combined,empathicschool
0,3.6127065e-06,0.9213428,empathicschool_s28,combined,empathicschool
0,1.5370106e-06,0.9584697,empathicschool_s28,combined,empathicschool
0,3.6361137e-06,0.92096907,empathicschool_s28,combined,empathicschool
0,3.6388471e-06,0.9209274,empathicschool_s28,combined,empathicschool
0,3.628929e-06,0.92112035,empathicschool_s28,combined,empathicschool
0,3.6268325e-06,0.9211823,empathicschool_s28,combined,empathicschool
0,3.6416036e-06,0.9209543,empathicschool_s28,combined,empathicschool
0,3.6407844e-06,0.9209452,empathicschool_s28,combined,empathicschool
0,3.6576282e-06,0.9206435,empathicschool_s28,combined,empathicschool
0,3.6685658e-06,0.9204734,empathicschool_s28,combined,empathicschool
0,3.6640415e-06,0.9205591,empathicschool_s28,combined,empathicschool
0,3.6734357e-06,0.9204049,empathicschool_s28,combined,empathicschool
0,1.5992657e-06,0.95691764,empathicschool_s28,combined,empathicschool
0,3.669514e-06,0.9204522,empathicschool_s28,combined,empathicschool
0,3.6692481e-06,0.92046016,empathicschool_s28,combined,empathicschool
0,3.648076e-06,0.9208596,empathicschool_s28,combined,empathicschool
0,3.641173e-06,0.92097783,empathicschool_s28,combined,empathicschool
0,3.6651631e-06,0.9205469,empathicschool_s28,combined,empathicschool
0,3.6793926e-06,0.9202932,empathicschool_s28,combined,empathicschool
0,3.6859426e-06,0.92016494,empathicschool_s28,combined,empathicschool
0,3.6845368e-06,0.9201844,empathicschool_s28,combined,empathicschool
0,3.6734004e-06,0.9203942,empathicschool_s28,combined,empathicschool
0,3.6676806e-06,0.9204755,empathicschool_s28,combined,empathicschool
0,1.5904986e-06,0.9571459,empathicschool_s28,combined,empathicschool
0,3.6796625e-06,0.92025334,empathicschool_s28,combined,empathicschool
0,3.6980548e-06,0.9199489,empathicschool_s28,combined,empathicschool
0,3.6953472e-06,0.9200058,empathicschool_s28,combined,empathicschool
0,3.6945296e-06,0.9200118,empathicschool_s28,combined,empathicschool
0,3.6371125e-06,0.9209634,empathicschool_s28,combined,empathicschool
0,3.7046484e-06,0.92084664,empathicschool_s28,combined,empathicschool
0,3.6836655e-06,0.9217771,empathicschool_s28,combined,empathicschool
0,4.0575837e-06,0.9174454,empathicschool_s28,combined,empathicschool
0,4.5202223e-06,0.9122002,empathicschool_s28,combined,empathicschool
0,4.69492e-06,0.9103312,empathicschool_s28,combined,empathicschool
0,1.5306767e-06,0.95864046,empathicschool_s28,combined,empathicschool
0,4.071639e-06,0.91766894,empathicschool_s28,combined,empathicschool
0,3.6651736e-06,0.92261344,empathicschool_s28,combined,empathicschool
0,3.4479763e-06,0.9247585,empathicschool_s28,combined,empathicschool
0,3.6741783e-06,0.92028344,empathicschool_s28,combined,empathicschool
0,3.767893e-06,0.9185883,empathicschool_s28,combined,empathicschool
0,3.8857115e-06,0.9166151,empathicschool_s28,combined,empathicschool
0,3.9229312e-06,0.9160155,empathicschool_s28,combined,empathicschool
0,3.878041e-06,0.91677225,empathicschool_s28,combined,empathicschool
0,3.873296e-06,0.9168132,empathicschool_s28,combined,empathicschool
0,3.889e-06,0.9165757,empathicschool_s28,combined,empathicschool
0,1.5493374e-06,0.95815986,empathicschool_s28,combined,empathicschool
0,3.8532535e-06,0.91718894,empathicschool_s28,combined,empathicschool
0,3.8418125e-06,0.91739935,empathicschool_s28,combined,empathicschool
0,3.8164108e-06,0.9178391,empathicschool_s28,combined,empathicschool
0,3.8069672e-06,0.91800433,empathicschool_s28,combined,empathicschool
0,3.795041e-06,0.91821396,empathicschool_s28,combined,empathicschool
0,3.7888499e-06,0.9183266,empathicschool_s28,combined,empathicschool
0,3.7879756e-06,0.9183363,empathicschool_s28,combined,empathicschool
0,3.7886655e-06,0.9183194,empathicschool_s28,combined,empathicschool
0,3.784953e-06,0.9183891,empathicschool_s28,combined,empathicschool
0,3.7872314e-06,0.91834915,empathicschool_s28,combined,empathicschool
0,2.7117027e-05,0.7738698,empathicschool_s28,combined,empathicschool
0,2.7117027e-05,0.7738698,empathicschool_s28,combined,empathicschool
0,3.6189654e-06,0.9213687,empathicschool_s28,combined,empathicschool
0,6.286796e-06,0.89410275,empathicschool_s28,combined,empathicschool
0,4.600368e-06,0.91191864,empathicschool_s28,combined,empathicschool
0,3.5789667e-06,0.92349905,empathicschool_s28,combined,empathicschool
0,3.5601445e-06,0.9227411,empathicschool_s28,combined,empathicschool
0,3.559486e-06,0.9227225,empathicschool_s28,combined,empathicschool
0,4.1347007e-06,0.9155095,empathicschool_s28,combined,empathicschool
0,3.9282772e-06,0.91963774,empathicschool_s28,combined,empathicschool
0,3.6047566e-06,0.9233922,empathicschool_s28,combined,empathicschool
0,3.5548824e-06,0.9227238,empathicschool_s28,combined,empathicschool
0,3.5436349e-06,0.9229609,empathicschool_s28,combined,empathicschool
0,3.5785672e-06,0.9221842,empathicschool_s28,combined,empathicschool
0,3.5534522e-06,0.9228823,empathicschool_s28,combined,empathicschool
0,3.5429453e-06,0.9228952,empathicschool_s28,combined,empathicschool
0,3.6115318e-06,0.9216318,empathicschool_s28,combined,empathicschool
0,3.6666036e-06,0.9207024,empathicschool_s28,combined,empathicschool
0,3.7062953e-06,0.9200536,empathicschool_s28,combined,empathicschool
0,3.6906874e-06,0.9203633,empathicschool_s28,combined,empathicschool
0,3.685085e-06,0.92047006,empathicschool_s28,combined,empathicschool
0,3.6709844e-06,0.9207886,empathicschool_s28,combined,empathicschool
0,3.6408294e-06,0.9213516,empathicschool_s28,combined,empathicschool
0,3.628853e-06,0.921584,empathicschool_s28,combined,empathicschool
0,3.5798575e-06,0.92222184,empathicschool_s28,combined,empathicschool
0,3.6394788e-06,0.92147046,empathicschool_s28,combined,empathicschool
0,3.6383822e-06,0.9214125,empathicschool_s28,combined,empathicschool
0,3.6651213e-06,0.9209193,empathicschool_s28,combined,empathicschool
0,3.6437193e-06,0.92129385,empathicschool_s28,combined,empathicschool
0,3.6399024e-06,0.92127556,empathicschool_s28,combined,empathicschool
0,3.7216564e-06,0.91971666,empathicschool_s28,combined,empathicschool
0,3.7735822e-06,0.9188421,empathicschool_s28,combined,empathicschool
0,3.7646535e-06,0.9190178,empathicschool_s28,combined,empathicschool
0,3.7854113e-06,0.9187019,empathicschool_s28,combined,empathicschool
0,3.7727327e-06,0.91894805,empathicschool_s28,combined,empathicschool
0,3.5817561e-06,0.92223024,empathicschool_s28,combined,empathicschool
0,3.7284308e-06,0.9196213,empathicschool_s28,combined,empathicschool
0,3.7396483e-06,0.9193092,empathicschool_s28,combined,empathicschool
0,3.8911e-06,0.91666013,empathicschool_s28,combined,empathicschool
0,3.9311553e-06,0.9159876,empathicschool_s28,combined,empathicschool
0,3.7994012e-06,0.91819274,empathicschool_s28,combined,empathicschool
0,3.7709415e-06,0.9187692,empathicschool_s28,combined,empathicschool
0,3.7435593e-06,0.91930705,empathicschool_s28,combined,empathicschool
0,3.7344735e-06,0.9195285,empathicschool_s28,combined,empathicschool
0,3.6854399e-06,0.9204119,empathicschool_s28,combined,empathicschool
0,3.6840167e-06,0.92042834,empathicschool_s28,combined,empathicschool
0,3.5760086e-06,0.92239326,empathicschool_s28,combined,empathicschool
0,3.7024442e-06,0.92011386,empathicschool_s28,combined,empathicschool
0,3.6960168e-06,0.920251,empathicschool_s28,combined,empathicschool
0,3.689498e-06,0.92037493,empathicschool_s28,combined,empathicschool
0,3.6997549e-06,0.9201648,empathicschool_s28,combined,empathicschool
0,3.7091806e-06,0.9200087,empathicschool_s28,combined,empathicschool
0,3.6925146e-06,0.9203203,empathicschool_s28,combined,empathicschool
0,3.696468e-06,0.9202491,empathicschool_s28,combined,empathicschool
0,3.6884637e-06,0.9204032,empathicschool_s28,combined,empathicschool
0,3.6807646e-06,0.9205642,empathicschool_s28,combined,empathicschool
0,3.6918454e-06,0.9203965,empathicschool_s28,combined,empathicschool
0,3.5660778e-06,0.92265856,empathicschool_s28,combined,empathicschool
0,3.7162336e-06,0.9199736,empathicschool_s28,combined,empathicschool
0,3.7302805e-06,0.91972667,empathicschool_s28,combined,empathicschool
0,3.7379264e-06,0.919544,empathicschool_s28,combined,empathicschool
0,3.752996e-06,0.91928357,empathicschool_s28,combined,empathicschool
0,3.7538305e-06,0.9191457,empathicschool_s28,combined,empathicschool
0,3.8567973e-06,0.91727614,empathicschool_s28,combined,empathicschool
0,3.8033418e-06,0.91821986,empathicschool_s28,combined,empathicschool
0,3.575463e-06,0.92237085,empathicschool_s28,combined,empathicschool
0,3.7025857e-06,0.9200597,empathicschool_s28,combined,empathicschool
0,4.214176e-06,0.91167796,empathicschool_s28,combined,empathicschool
0,3.556324e-06,0.9228418,empathicschool_s28,combined,empathicschool
0,7.912033e-06,0.87850296,empathicschool_s28,combined,empathicschool
0,2.5738318e-05,0.7850618,empathicschool_s28,combined,empathicschool
0,2.7132026e-05,0.7731985,empathicschool_s28,combined,empathicschool
0,2.7134874e-05,0.7730744,empathicschool_s28,combined,empathicschool
0,2.7135753e-05,0.7730313,empathicschool_s28,combined,empathicschool
0,2.7132959e-05,0.7731567,empathicschool_s28,combined,empathicschool
0,2.7134305e-05,0.77309513,empathicschool_s28,combined,empathicschool
0,2.7133035e-05,0.77315223,empathicschool_s28,combined,empathicschool
0,2.7136944e-05,0.7729798,empathicschool_s28,combined,empathicschool
0,2.7133423e-05,0.7731374,empathicschool_s28,combined,empathicschool
0,3.5638543e-06,0.9227472,empathicschool_s28,combined,empathicschool
0,2.7134665e-05,0.77308416,empathicschool_s28,combined,empathicschool
0,2.7134718e-05,0.7730765,empathicschool_s28,combined,empathicschool
0,2.7135315e-05,0.77305377,empathicschool_s28,combined,empathicschool
0,2.7133217e-05,0.77314687,empathicschool_s28,combined,empathicschool
0,2.7128432e-05,0.77336,empathicschool_s28,combined,empathicschool
0,2.7131406e-05,0.773227,empathicschool_s28,combined,empathicschool
0,2.7127913e-05,0.7733828,empathicschool_s28,combined,empathicschool
0,2.7125765e-05,0.7734805,empathicschool_s28,combined,empathicschool
0,2.7123593e-05,0.7735754,empathicschool_s28,combined,empathicschool
0,2.7126438e-05,0.77344704,empathicschool_s28,combined,empathicschool
0,3.5682583e-06,0.92265856,empathicschool_s28,combined,empathicschool
0,2.7127318e-05,0.7734107,empathicschool_s28,combined,empathicschool
0,2.712755e-05,0.77339756,empathicschool_s28,combined,empathicschool
0,2.7127526e-05,0.77339965,empathicschool_s28,combined,empathicschool
0,2.712724e-05,0.77341217,empathicschool_s28,combined,empathicschool
0,2.712662e-05,0.77344155,empathicschool_s28,combined,empathicschool
0,2.7123077e-05,0.7736025,empathicschool_s28,combined,empathicschool
0,2.7126362e-05,0.7734512,empathicschool_s28,combined,empathicschool
0,2.71231e-05,0.7735985,empathicschool_s28,combined,empathicschool
0,2.7122222e-05,0.77363706,empathicschool_s28,combined,empathicschool
0,2.7122196e-05,0.77363884,empathicschool_s28,combined,empathicschool
0,3.5997375e-06,0.92219335,empathicschool_s28,combined,empathicschool
0,2.7126256e-05,0.7734537,empathicschool_s28,combined,empathicschool
0,2.71312e-05,0.7732364,empathicschool_s28,combined,empathicschool
0,2.7131742e-05,0.7732114,empathicschool_s28,combined,empathicschool
0,2.7132026e-05,0.7731982,empathicschool_s28,combined,empathicschool
0,2.713244e-05,0.77318007,empathicschool_s28,combined,empathicschool
0,2.7133086e-05,0.77315,empathicschool_s28,combined,empathicschool
0,2.7132675e-05,0.77317196,empathicschool_s28,combined,empathicschool
0,2.7128612e-05,0.77335155,empathicschool_s28,combined,empathicschool
0,2.7124059e-05,0.7735576,empathicschool_s28,combined,empathicschool
0,2.7122609e-05,0.77361995,empathicschool_s28,combined,empathicschool
0,2.7117027e-05,0.7738698,empathicschool_s28,combined,empathicschool
0,3.6053068e-06,0.9221247,empathicschool_s28,combined,empathicschool
0,2.7126e-05,0.77346796,empathicschool_s28,combined,empathicschool
0,2.712693e-05,0.77342576,empathicschool_s28,combined,empathicschool
0,2.7126956e-05,0.7734247,empathicschool_s28,combined,empathicschool
0,2.7127007e-05,0.77342147,empathicschool_s28,combined,empathicschool
0,2.7127293e-05,0.7734113,empathicschool_s28,combined,empathicschool
0,2.712724e-05,0.7734113,empathicschool_s28,combined,empathicschool
0,2.7123333e-05,0.773587,empathicschool_s28,combined,empathicschool
0,2.7122454e-05,0.7736275,empathicschool_s28,combined,empathicschool
0,2.7118474e-05,0.7738094,empathicschool_s28,combined,empathicschool
0,2.7117441e-05,0.7738519,empathicschool_s28,combined,empathicschool
0,3.610313e-06,0.9220421,empathicschool_s28,combined,empathicschool
0,2.711713e-05,0.7738656,empathicschool_s28,combined,empathicschool
0,2.711775e-05,0.7738361,empathicschool_s28,combined,empathicschool
0,2.7121368e-05,0.7736765,empathicschool_s28,combined,empathicschool
0,2.7122196e-05,0.77363884,empathicschool_s28,combined,empathicschool
0,2.7122196e-05,0.77363896,empathicschool_s28,combined,empathicschool
0,2.7122196e-05,0.77363896,empathicschool_s28,combined,empathicschool
0,2.7122196e-05,0.77363896,empathicschool_s28,combined,empathicschool
0,2.7122196e-05,0.77363896,empathicschool_s28,combined,empathicschool
0,2.7118036e-05,0.7738258,empathicschool_s28,combined,empathicschool
0,2.711713e-05,0.77386546,empathicschool_s28,combined,empathicschool
0,3.6196247e-06,0.9219144,empathicschool_s28,combined,empathicschool
0,2.711713e-05,0.7738655,empathicschool_s28,combined,empathicschool
0,2.7117181e-05,0.7738655,empathicschool_s28,combined,empathicschool
0,2.711713e-05,0.7738655,empathicschool_s28,combined,empathicschool
0,2.711713e-05,0.7738655,empathicschool_s28,combined,empathicschool
0,2.7117158e-05,0.7738655,empathicschool_s28,combined,empathicschool
0,2.7117158e-05,0.7738655,empathicschool_s28,combined,empathicschool
0,2.7117158e-05,0.7738655,empathicschool_s28,combined,empathicschool
0,2.7117158e-05,0.7738655,empathicschool_s28,combined,empathicschool
0,2.7117158e-05,0.7738655,empathicschool_s28,combined,empathicschool
0,2.7117158e-05,0.7738655,empathicschool_s28,combined,empathicschool
0,3.6191827e-06,0.921905,empathicschool_s28,combined,empathicschool
0,2.7117158e-05,0.7738655,empathicschool_s28,combined,empathicschool
0,2.7117158e-05,0.7738655,empathicschool_s28,combined,empathicschool
0,2.7117158e-05,0.7738655,empathicschool_s28,combined,empathicschool
0,2.7117158e-05,0.7738655,empathicschool_s28,combined,empathicschool
0,2.7117158e-05,0.7738655,empathicschool_s28,combined,empathicschool
0,2.7117158e-05,0.7738655,empathicschool_s28,combined,empathicschool
0,2.7117158e-05,0.7738655,empathicschool_s28,combined,empathicschool
0,2.7117158e-05,0.7738655,empathicschool_s28,combined,empathicschool
0,2.7117158e-05,0.7738655,empathicschool_s28,combined,empathicschool
0,2.7117158e-05,0.7738655,empathicschool_s28,combined,empathicschool
0,3.6378894e-06,0.921596,empathicschool_s28,combined,empathicschool
0,2.7117158e-05,0.7738655,empathicschool_s28,combined,empathicschool
0,2.7117158e-05,0.7738655,empathicschool_s28,combined,empathicschool
0,2.7117158e-05,0.7738655,empathicschool_s28,combined,empathicschool
0,2.7117181e-05,0.7738655,empathicschool_s28,combined,empathicschool
0,2.7117181e-05,0.7738655,empathicschool_s28,combined,empathicschool
0,2.7117158e-05,0.7738655,empathicschool_s28,combined,empathicschool
0,2.7117158e-05,0.7738655,empathicschool_s28,combined,empathicschool
0,2.7117181e-05,0.7738655,empathicschool_s28,combined,empathicschool
0,2.7117158e-05,0.77386606,empathicschool_s28,combined,empathicschool
0,2.7117181e-05,0.7738655,empathicschool_s28,combined,empathicschool
0,6.8064405e-06,0.88861525,empathicschool_s28,combined,empathicschool
0,2.7117181e-05,0.7738655,empathicschool_s28,combined,empathicschool
0,2.7117158e-05,0.7738655,empathicschool_s28,combined,empathicschool
0,2.7121214e-05,0.7736818,empathicschool_s28,combined,empathicschool
0,2.7122143e-05,0.7736409,empathicschool_s28,combined,empathicschool
0,2.7122196e-05,0.7736407,empathicschool_s28,combined,empathicschool
0,2.7122196e-05,0.7736407,empathicschool_s28,combined,empathicschool
0,2.7122196e-05,0.7736407,empathicschool_s28,combined,empathicschool
0,2.7122196e-05,0.7736407,empathicschool_s28,combined,empathicschool
0,2.7118087e-05,0.77382433,empathicschool_s28,combined,empathicschool
0,2.7117181e-05,0.7738645,empathicschool_s28,combined,empathicschool
0,4.7481735e-06,0.91021806,empathicschool_s28,combined,empathicschool
0,2.7117181e-05,0.77386594,empathicschool_s28,combined,empathicschool
0,2.7117181e-05,0.77386594,empathicschool_s28,combined,empathicschool
0,2.7117181e-05,0.77386594,empathicschool_s28,combined,empathicschool
0,2.7117158e-05,0.77386606,empathicschool_s28,combined,empathicschool
0,2.7117181e-05,0.7738655,empathicschool_s28,combined,empathicschool
0,2.7117158e-05,0.77386606,empathicschool_s28,combined,empathicschool
0,2.7117181e-05,0.77386594,empathicschool_s28,combined,empathicschool
0,2.7117181e-05,0.77386606,empathicschool_s28,combined,empathicschool
0,2.7117158e-05,0.77386606,empathicschool_s28,combined,empathicschool
0,2.7117181e-05,0.77386594,empathicschool_s28,combined,empathicschool
0,3.5960354e-06,0.92285156,empathicschool_s28,combined,empathicschool
0,2.7117181e-05,0.77386594,empathicschool_s28,combined,empathicschool
0,2.7117181e-05,0.77386594,empathicschool_s28,combined,empathicschool
0,2.7117181e-05,0.77386594,empathicschool_s28,combined,empathicschool
0,2.7117181e-05,0.77386594,empathicschool_s28,combined,empathicschool
0,2.7117181e-05,0.77386594,empathicschool_s28,combined,empathicschool
0,2.7117181e-05,0.77386594,empathicschool_s28,combined,empathicschool
0,2.7117181e-05,0.77386594,empathicschool_s28,combined,empathicschool
0,2.7117181e-05,0.77386594,empathicschool_s28,combined,empathicschool
0,2.7117181e-05,0.77386594,empathicschool_s28,combined,empathicschool
0,2.7117181e-05,0.77386594,empathicschool_s28,combined,empathicschool
0,3.7149723e-06,0.9198024,empathicschool_s28,combined,empathicschool
0,2.7117181e-05,0.7738662,empathicschool_s28,combined,empathicschool
0,2.7117181e-05,0.77386594,empathicschool_s28,combined,empathicschool
0,2.7117181e-05,0.77386594,empathicschool_s28,combined,empathicschool
0,2.7117181e-05,0.7738662,empathicschool_s28,combined,empathicschool
0,2.7117181e-05,0.77386624,empathicschool_s28,combined,empathicschool
0,2.7117181e-05,0.77386594,empathicschool_s28,combined,empathicschool
0,2.7117181e-05,0.77386594,empathicschool_s28,combined,empathicschool
0,2.7117181e-05,0.77386594,empathicschool_s28,combined,empathicschool
0,2.7117181e-05,0.77386594,empathicschool_s28,combined,empathicschool
0,2.7117181e-05,0.77386594,empathicschool_s28,combined,empathicschool
0,3.6711451e-06,0.9206142,empathicschool_s28,combined,empathicschool
0,2.7117181e-05,0.77386594,empathicschool_s28,combined,empathicschool
0,2.7117181e-05,0.77386594,empathicschool_s28,combined,empathicschool
0,2.7117181e-05,0.7738662,empathicschool_s28,combined,empathicschool
0,2.711713e-05,0.77386665,empathicschool_s28,combined,empathicschool
0,2.711713e-05,0.7738665,empathicschool_s28,combined,empathicschool
0,2.7117181e-05,0.7738663,empathicschool_s28,combined,empathicschool
0,2.711713e-05,0.7738658,empathicschool_s28,combined,empathicschool
0,2.7121005e-05,0.77369136,empathicschool_s28,combined,empathicschool
0,2.7121938e-05,0.7736504,empathicschool_s28,combined,empathicschool
0,2.7122196e-05,0.77363884,empathicschool_s28,combined,empathicschool
0,9.0865215e-06,0.8717926,empathicschool_s28,combined,empathicschool
0,3.6518666e-06,0.9209768,empathicschool_s28,combined,empathicschool
0,2.7122196e-05,0.77363884,empathicschool_s28,combined,empathicschool
0,2.7122196e-05,0.77363884,empathicschool_s28,combined,empathicschool
0,2.7122196e-05,0.77363884,empathicschool_s28,combined,empathicschool
0,2.7118474e-05,0.7738094,empathicschool_s28,combined,empathicschool
0,2.7121396e-05,0.77367467,empathicschool_s28,combined,empathicschool
0,2.7121989e-05,0.77364737,empathicschool_s28,combined,empathicschool
0,2.7122196e-05,0.77363884,empathicschool_s28,combined,empathicschool
0,2.7122196e-05,0.77363884,empathicschool_s28,combined,empathicschool
0,2.7122196e-05,0.7736407,empathicschool_s28,combined,empathicschool
0,2.7122143e-05,0.773639,empathicschool_s28,combined,empathicschool
0,3.51054e-06,0.9241196,empathicschool_s28,combined,empathicschool
0,2.7119817e-05,0.7737425,empathicschool_s28,combined,empathicschool
0,2.7121627e-05,0.7736634,empathicschool_s28,combined,empathicschool
0,2.7122222e-05,0.7736383,empathicschool_s28,combined,empathicschool
0,2.7125947e-05,0.7734695,empathicschool_s28,combined,empathicschool
0,2.712693e-05,0.77342504,empathicschool_s28,combined,empathicschool
0,2.7127318e-05,0.7734107,empathicschool_s28,combined,empathicschool
0,2.7125765e-05,0.77348334,empathicschool_s28,combined,empathicschool
0,2.7122973e-05,0.77360624,empathicschool_s28,combined,empathicschool
0,2.7125765e-05,0.77348006,empathicschool_s28,combined,empathicschool
0,2.7123127e-05,0.77359754,empathicschool_s28,combined,empathicschool
0,3.535756e-06,0.92371815,empathicschool_s28,combined,empathicschool
0,2.7126387e-05,0.773449,empathicschool_s28,combined,empathicschool
0,2.7126956e-05,0.77342516,empathicschool_s28,combined,empathicschool
0,2.7127318e-05,0.7734107,empathicschool_s28,combined,empathicschool
0,2.712724e-05,0.7734113,empathicschool_s28,combined,empathicschool
0,3.7210568e-06,0.9198545,empathicschool_s28,combined,empathicschool
0,3.796565e-06,0.91858214,empathicschool_s28,combined,empathicschool
0,3.859818e-06,0.91755366,empathicschool_s28,combined,empathicschool
0,3.862591e-06,0.9175256,empathicschool_s28,combined,empathicschool
0,3.8629964e-06,0.91754365,empathicschool_s28,combined,empathicschool
0,3.822093e-06,0.9182625,empathicschool_s28,combined,empathicschool
0,3.815887e-06,0.9183572,empathicschool_s28,combined,empathicschool
0,3.6591284e-06,0.9224129,empathicschool_s28,combined,empathicschool
0,3.8434764e-06,0.91789,empathicschool_s28,combined,empathicschool
0,3.857176e-06,0.9176725,empathicschool_s28,combined,empathicschool
0,3.857033e-06,0.9176861,empathicschool_s28,combined,empathicschool
0,3.84462e-06,0.9178808,empathicschool_s28,combined,empathicschool
0,3.848222e-06,0.9178324,empathicschool_s28,combined,empathicschool
0,3.852074e-06,0.917781,empathicschool_s28,combined,empathicschool
0,3.8450967e-06,0.9179077,empathicschool_s28,combined,empathicschool
0,3.8484427e-06,0.9178454,empathicschool_s28,combined,empathicschool
0,3.8629632e-06,0.91759664,empathicschool_s28,combined,empathicschool
0,3.8592843e-06,0.91767466,empathicschool_s28,combined,empathicschool
0,3.5449632e-06,0.923205,empathicschool_s28,combined,empathicschool
0,3.851571e-06,0.9178077,empathicschool_s28,combined,empathicschool
0,3.8307417e-06,0.918165,empathicschool_s28,combined,empathicschool
0,3.7529999e-06,0.9196091,empathicschool_s28,combined,empathicschool
0,3.6748092e-06,0.92096484,empathicschool_s28,combined,empathicschool
0,3.6730642e-06,0.92091537,empathicschool_s28,combined,empathicschool
0,3.6045951e-06,0.9218689,empathicschool_s28,combined,empathicschool
0,3.5975e-06,0.9219048,empathicschool_s28,combined,empathicschool
0,3.6664355e-06,0.92073756,empathicschool_s28,combined,empathicschool
0,3.7168468e-06,0.91987735,empathicschool_s28,combined,empathicschool
0,3.7089223e-06,0.92006034,empathicschool_s28,combined,empathicschool
0,3.5371488e-06,0.9231772,empathicschool_s28,combined,empathicschool
0,3.6925112e-06,0.92038924,empathicschool_s28,combined,empathicschool
0,3.7006441e-06,0.92037,empathicschool_s28,combined,empathicschool
0,3.680554e-06,0.92082167,empathicschool_s28,combined,empathicschool
0,3.662214e-06,0.92118126,empathicschool_s28,combined,empathicschool
0,3.5375872e-06,0.92315227,empathicschool_s28,combined,empathicschool
0,4.1357303e-06,0.9163961,empathicschool_s28,combined,empathicschool
0,4.909588e-06,0.90794426,empathicschool_s28,combined,empathicschool
0,4.8677966e-06,0.9083723,empathicschool_s28,combined,empathicschool
0,5.0246636e-06,0.9066521,empathicschool_s28,combined,empathicschool
0,4.953292e-06,0.9074481,empathicschool_s28,combined,empathicschool
0,3.6424303e-06,0.9209399,empathicschool_s28,combined,empathicschool
0,4.8831494e-06,0.90821946,empathicschool_s28,combined,empathicschool
0,4.85071e-06,0.9085542,empathicschool_s28,combined,empathicschool
0,4.8525003e-06,0.90854716,empathicschool_s28,combined,empathicschool
0,4.8579136e-06,0.9084957,empathicschool_s28,combined,empathicschool
0,4.066455e-06,0.9165272,empathicschool_s28,combined,empathicschool
0,8.351278e-06,0.8629955,empathicschool_s28,combined,empathicschool
0,7.819377e-06,0.8673431,empathicschool_s28,combined,empathicschool
0,3.8207736e-06,0.9180179,empathicschool_s28,combined,empathicschool
0,3.660399e-06,0.92072594,empathicschool_s28,combined,empathicschool
0,3.6053616e-06,0.92164326,empathicschool_s28,combined,empathicschool
0,3.668947e-06,0.92036766,empathicschool_s28,combined,empathicschool
0,3.3922909e-06,0.9256971,empathicschool_s28,combined,empathicschool
0,3.4606194e-06,0.92471313,empathicschool_s28,combined,empathicschool
0,3.6393053e-06,0.9217814,empathicschool_s28,combined,empathicschool
0,1.389121e-05,0.839936,empathicschool_s28,combined,empathicschool
0,2.6285197e-05,0.7831339,empathicschool_s28,combined,empathicschool
0,2.6548432e-05,0.7813771,empathicschool_s28,combined,empathicschool
0,2.6547901e-05,0.78137976,empathicschool_s28,combined,empathicschool
0,2.6506033e-05,0.78165436,empathicschool_s28,combined,empathicschool
0,2.6479229e-05,0.78184503,empathicschool_s28,combined,empathicschool
0,2.6467462e-05,0.78193104,empathicschool_s28,combined,empathicschool
0,3.6464655e-06,0.9207479,empathicschool_s28,combined,empathicschool
0,2.643535e-05,0.782145,empathicschool_s28,combined,empathicschool
0,2.6351106e-05,0.78271496,empathicschool_s28,combined,empathicschool
0,2.6357844e-05,0.7826599,empathicschool_s28,combined,empathicschool
0,2.6316953e-05,0.7829333,empathicschool_s28,combined,empathicschool
0,2.6259142e-05,0.7833208,empathicschool_s28,combined,empathicschool
0,2.5500864e-05,0.786388,empathicschool_s28,combined,empathicschool
0,6.595822e-06,0.8919983,empathicschool_s28,combined,empathicschool
0,3.5756061e-06,0.92353266,empathicschool_s28,combined,empathicschool
0,3.5249518e-06,0.92337877,empathicschool_s28,combined,empathicschool
0,4.308257e-06,0.91354614,empathicschool_s28,combined,empathicschool
0,2.7120515e-05,0.7737116,empathicschool_s28,combined,empathicschool
0,7.540765e-06,0.8836527,empathicschool_s28,combined,empathicschool
0,3.5589633e-06,0.92267525,empathicschool_s28,combined,empathicschool
0,3.6193208e-06,0.9215476,empathicschool_s28,combined,empathicschool
0,3.6222077e-06,0.9214899,empathicschool_s28,combined,empathicschool
0,3.6344222e-06,0.921282,empathicschool_s28,combined,empathicschool
0,3.6390136e-06,0.9212052,empathicschool_s28,combined,empathicschool
0,3.6462604e-06,0.9210642,empathicschool_s28,combined,empathicschool
0,3.65054e-06,0.92099535,empathicschool_s28,combined,empathicschool
0,3.648859e-06,0.9210253,empathicschool_s28,combined,empathicschool
0,3.6553895e-06,0.9209171,empathicschool_s28,combined,empathicschool
0,3.6611075e-06,0.9208173,empathicschool_s28,combined,empathicschool
0,3.659233e-06,0.92085373,empathicschool_s28,combined,empathicschool
0,3.5734108e-06,0.9224814,empathicschool_s28,combined,empathicschool
0,3.6417148e-06,0.92115355,empathicschool_s28,combined,empathicschool
0,3.633646e-06,0.92127687,empathicschool_s28,combined,empathicschool
0,3.6260094e-06,0.92140627,empathicschool_s28,combined,empathicschool
0,3.6115973e-06,0.9216602,empathicschool_s28,combined,empathicschool
0,3.6008053e-06,0.9218462,empathicschool_s28,combined,empathicschool
0,3.601396e-06,0.9218366,empathicschool_s28,combined,empathicschool
0,3.6056092e-06,0.9217647,empathicschool_s28,combined,empathicschool
0,3.632797e-06,0.9211092,empathicschool_s28,combined,empathicschool
0,3.6837428e-06,0.9202076,empathicschool_s28,combined,empathicschool
0,3.6382921e-06,0.921063,empathicschool_s28,combined,empathicschool
0,3.5660844e-06,0.92258024,empathicschool_s28,combined,empathicschool
0,3.6408294e-06,0.92104703,empathicschool_s28,combined,empathicschool
0,3.6360304e-06,0.92107564,empathicschool_s28,combined,empathicschool
0,3.6097688e-06,0.92147166,empathicschool_s28,combined,empathicschool
0,3.597016e-06,0.92168176,empathicschool_s28,combined,empathicschool
0,3.6098481e-06,0.92141205,empathicschool_s28,combined,empathicschool
0,3.6355868e-06,0.92098343,empathicschool_s28,combined,empathicschool
0,3.633348e-06,0.92106754,empathicschool_s28,combined,empathicschool
0,3.6520269e-06,0.9207389,empathicschool_s28,combined,empathicschool
0,3.660884e-06,0.9205467,empathicschool_s28,combined,empathicschool
0,3.674746e-06,0.9203537,empathicschool_s28,combined,empathicschool
0,3.579837e-06,0.9223864,empathicschool_s28,combined,empathicschool
0,3.6304004e-06,0.9211346,empathicschool_s28,combined,empathicschool
0,3.6563306e-06,0.9206822,empathicschool_s28,combined,empathicschool
0,3.6564145e-06,0.9206983,empathicschool_s28,combined,empathicschool
0,3.661865e-06,0.9206169,empathicschool_s28,combined,empathicschool
0,3.6640272e-06,0.92062086,empathicschool_s28,combined,empathicschool
0,3.6295487e-06,0.9212469,empathicschool_s28,combined,empathicschool
0,3.6223423e-06,0.9214176,empathicschool_s28,combined,empathicschool
0,3.6309473e-06,0.92126834,empathicschool_s28,combined,empathicschool
0,3.6478257e-06,0.9209794,empathicschool_s28,combined,empathicschool
0,3.6553686e-06,0.9208714,empathicschool_s28,combined,empathicschool
0,3.5597304e-06,0.92285603,empathicschool_s28,combined,empathicschool
0,3.6363392e-06,0.9212495,empathicschool_s28,combined,empathicschool
0,3.6418085e-06,0.9211777,empathicschool_s28,combined,empathicschool
0,3.6484485e-06,0.92104197,empathicschool_s28,combined,empathicschool
0,3.6267045e-06,0.9212656,empathicschool_s28,combined,empathicschool
0,3.692254e-06,0.91999954,empathicschool_s28,combined,empathicschool
0,3.7105956e-06,0.919706,empathicschool_s28,combined,empathicschool
0,3.673285e-06,0.9203849,empathicschool_s28,combined,empathicschool
0,3.6809192e-06,0.9202523,empathicschool_s28,combined,empathicschool
0,3.6708861e-06,0.92043006,empathicschool_s28,combined,empathicschool
0,3.6758327e-06,0.9203441,empathicschool_s28,combined,empathicschool
0,3.5322607e-06,0.92331105,empathicschool_s28,combined,empathicschool
0,3.6893575e-06,0.9201274,empathicschool_s28,combined,empathicschool
0,3.707384e-06,0.9198248,empathicschool_s28,combined,empathicschool
0,3.7250618e-06,0.9195088,empathicschool_s28,combined,empathicschool
0,3.7249515e-06,0.9195053,empathicschool_s28,combined,empathicschool
0,3.7243585e-06,0.9195444,empathicschool_s28,combined,empathicschool
0,3.6750616e-06,0.9204648,empathicschool_s28,combined,empathicschool
0,3.6297322e-06,0.9211412,empathicschool_s28,combined,empathicschool
0,3.7299033e-06,0.9192977,empathicschool_s28,combined,empathicschool
0,3.7911486e-06,0.9182844,empathicschool_s28,combined,empathicschool
0,3.707582e-06,0.9197906,empathicschool_s28,combined,empathicschool
0,3.5507185e-06,0.92298865,empathicschool_s28,combined,empathicschool
0,3.6898746e-06,0.9201388,empathicschool_s28,combined,empathicschool
0,3.6884637e-06,0.92015535,empathicschool_s28,combined,empathicschool
0,3.680168e-06,0.9202944,empathicschool_s28,combined,empathicschool
0,3.6544623e-06,0.92074305,empathicschool_s28,combined,empathicschool
0,3.6270746e-06,0.9212096,empathicschool_s28,combined,empathicschool
0,3.6268325e-06,0.92120945,empathicschool_s28,combined,empathicschool
0,3.6201493e-06,0.92134404,empathicschool_s28,combined,empathicschool
0,3.6261476e-06,0.92123455,empathicschool_s28,combined,empathicschool
0,3.6377023e-06,0.92104816,empathicschool_s28,combined,empathicschool
0,3.6266595e-06,0.92124075,empathicschool_s28,combined,empathicschool
0,3.5549808e-06,0.922823,empathicschool_s28,combined,empathicschool
0,3.6235826e-06,0.9212989,empathicschool_s28,combined,empathicschool
0,3.6433962e-06,0.9209448,empathicschool_s28,combined,empathicschool
0,3.666747e-06,0.9205343,empathicschool_s28,combined,empathicschool
0,3.649708e-06,0.9208188,empathicschool_s28,combined,empathicschool
0,3.6385245e-06,0.9210248,empathicschool_s28,combined,empathicschool
0,3.619963e-06,0.9213597,empathicschool_s28,combined,empathicschool
0,3.6304175e-06,0.92116797,empathicschool_s28,combined,empathicschool
0,3.6312242e-06,0.9211147,empathicschool_s28,combined,empathicschool
0,3.6213476e-06,0.92127836,empathicschool_s28,combined,empathicschool
0,3.6274137e-06,0.92119753,empathicschool_s28,combined,empathicschool
0,3.5659348e-06,0.92261493,empathicschool_s28,combined,empathicschool
0,3.6383371e-06,0.92101717,empathicschool_s28,combined,empathicschool
0,3.6462604e-06,0.9208943,empathicschool_s28,combined,empathicschool
0,3.6405688e-06,0.920992,empathicschool_s28,combined,empathicschool
0,3.6497254e-06,0.9208323,empathicschool_s28,combined,empathicschool
0,3.660514e-06,0.9206562,empathicschool_s28,combined,empathicschool
0,3.6564145e-06,0.9207047,empathicschool_s28,combined,empathicschool
0,3.65116e-06,0.9207801,empathicschool_s28,combined,empathicschool
0,3.6366614e-06,0.92105764,empathicschool_s28,combined,empathicschool
0,3.6330812e-06,0.9211232,empathicschool_s28,combined,empathicschool
0,3.6444214e-06,0.9209284,empathicschool_s28,combined,empathicschool
0,3.5928542e-06,0.922175,empathicschool_s28,combined,empathicschool
0,3.643834e-06,0.9209458,empathicschool_s28,combined,empathicschool
0,3.645843e-06,0.9209007,empathicschool_s28,combined,empathicschool
0,3.6492554e-06,0.9208327,empathicschool_s28,combined,empathicschool
0,3.6161468e-06,0.9213931,empathicschool_s28,combined,empathicschool
0,3.6317542e-06,0.9211322,empathicschool_s28,combined,empathicschool
0,3.6156503e-06,0.92143124,empathicschool_s28,combined,empathicschool
0,3.5952194e-06,0.9218058,empathicschool_s28,combined,empathicschool
0,3.570236e-06,0.92220926,empathicschool_s28,combined,empathicschool
0,3.8898047e-06,0.9189405,empathicschool_s28,combined,empathicschool
0,3.6067856e-06,0.9233576,empathicschool_s28,combined,empathicschool
0,3.5947255e-06,0.9227261,empathicschool_s28,combined,empathicschool
0,3.5973353e-06,0.9221338,empathicschool_s28,combined,empathicschool
0,3.500661e-06,0.9241805,empathicschool_s28,combined,empathicschool
0,3.5301057e-06,0.92315966,empathicschool_s28,combined,empathicschool
0,3.5395412e-06,0.9229956,empathicschool_s28,combined,empathicschool
0,3.5510234e-06,0.92279553,empathicschool_s28,combined,empathicschool
0,3.5508842e-06,0.92281574,empathicschool_s28,combined,empathicschool
0,3.5405876e-06,0.92298317,empathicschool_s28,combined,empathicschool
0,3.5369835e-06,0.9230128,empathicschool_s28,combined,empathicschool
0,3.5606065e-06,0.9225415,empathicschool_s28,combined,empathicschool
0,3.575838e-06,0.9222524,empathicschool_s28,combined,empathicschool
0,3.5579249e-06,0.9225706,empathicschool_s28,combined,empathicschool
0,3.6028457e-06,0.9219853,empathicschool_s28,combined,empathicschool
0,3.5630387e-06,0.9224938,empathicschool_s28,combined,empathicschool
0,3.569545e-06,0.92240405,empathicschool_s28,combined,empathicschool
0,3.5766873e-06,0.9222955,empathicschool_s28,combined,empathicschool
0,3.579045e-06,0.9222578,empathicschool_s28,combined,empathicschool
0,3.577762e-06,0.92227584,empathicschool_s28,combined,empathicschool
0,3.5702394e-06,0.9224133,empathicschool_s28,combined,empathicschool
0,3.575081e-06,0.92233044,empathicschool_s28,combined,empathicschool
0,3.5854885e-06,0.9221783,empathicschool_s28,combined,empathicschool
0,3.5831706e-06,0.9222174,empathicschool_s28,combined,empathicschool
0,3.5969338e-06,0.9219832,empathicschool_s28,combined,empathicschool
0,3.6158294e-06,0.9218033,empathicschool_s28,combined,empathicschool
0,3.5890257e-06,0.92212015,empathicschool_s28,combined,empathicschool
0,3.5964056e-06,0.9219984,empathicschool_s28,combined,empathicschool
0,3.5785126e-06,0.9223076,empathicschool_s28,combined,empathicschool
0,3.5596152e-06,0.92263466,empathicschool_s28,combined,empathicschool
0,3.5323317e-06,0.9232137,empathicschool_s28,combined,empathicschool
0,4.279519e-06,0.91506666,empathicschool_s28,combined,empathicschool
0,3.600977e-06,0.92379916,empathicschool_s28,combined,empathicschool
0,3.5106273e-06,0.9238068,empathicschool_s28,combined,empathicschool
0,3.5350142e-06,0.9234048,empathicschool_s28,combined,empathicschool
0,3.5493101e-06,0.92313987,empathicschool_s28,combined,empathicschool
0,3.600874e-06,0.92203176,empathicschool_s28,combined,empathicschool
0,3.5532184e-06,0.92306185,empathicschool_s28,combined,empathicschool
0,3.5523915e-06,0.92307234,empathicschool_s28,combined,empathicschool
0,3.5035134e-06,0.92370075,empathicschool_s28,combined,empathicschool
0,3.5512808e-06,0.92271703,empathicschool_s28,combined,empathicschool
0,3.5867808e-06,0.9220606,empathicschool_s28,combined,empathicschool
0,3.5731994e-06,0.92227566,empathicschool_s28,combined,empathicschool
0,3.5919431e-06,0.92193174,empathicschool_s28,combined,empathicschool
0,3.6157398e-06,0.9215662,empathicschool_s28,combined,empathicschool
0,3.5895869e-06,0.9220024,empathicschool_s28,combined,empathicschool
0,3.5983956e-06,0.92201424,empathicschool_s28,combined,empathicschool
0,3.5970847e-06,0.921885,empathicschool_s28,combined,empathicschool
0,3.5863568e-06,0.92235273,empathicschool_s28,combined,empathicschool
0,3.5815103e-06,0.92247576,empathicschool_s28,combined,empathicschool
0,3.587479e-06,0.9223449,empathicschool_s28,combined,empathicschool
0,3.5882795e-06,0.92233104,empathicschool_s28,combined,empathicschool
0,3.5878347e-06,0.9223461,empathicschool_s28,combined,empathicschool
0,3.5912342e-06,0.9222937,empathicschool_s28,combined,empathicschool
0,3.591008e-06,0.92229086,empathicschool_s28,combined,empathicschool
0,3.5915525e-06,0.92213494,empathicschool_s28,combined,empathicschool
0,3.605905e-06,0.9218957,empathicschool_s28,combined,empathicschool
0,3.607635e-06,0.9219438,empathicschool_s28,combined,empathicschool
0,3.6322635e-06,0.9212043,empathicschool_s28,combined,empathicschool
0,3.6060837e-06,0.92196256,empathicschool_s28,combined,empathicschool
0,3.6154916e-06,0.9218059,empathicschool_s28,combined,empathicschool
0,3.6132785e-06,0.92185354,empathicschool_s28,combined,empathicschool
0,3.6142505e-06,0.92183375,empathicschool_s28,combined,empathicschool
0,3.6028184e-06,0.9220299,empathicschool_s28,combined,empathicschool
0,3.5865928e-06,0.9223229,empathicschool_s28,combined,empathicschool
0,3.5900903e-06,0.9222489,empathicschool_s28,combined,empathicschool
0,3.620978e-06,0.9217804,empathicschool_s28,combined,empathicschool
0,3.632191e-06,0.92174625,empathicschool_s28,combined,empathicschool
0,3.6206948e-06,0.9220862,empathicschool_s28,combined,empathicschool
0,3.6585318e-06,0.9208201,empathicschool_s28,combined,empathicschool
0,3.6213476e-06,0.92203116,empathicschool_s28,combined,empathicschool
0,3.6124031e-06,0.92214537,empathicschool_s28,combined,empathicschool
0,3.6006372e-06,0.9223223,empathicschool_s28,combined,empathicschool
0,3.5840455e-06,0.92257535,empathicschool_s28,combined,empathicschool
0,3.564004e-06,0.9229047,empathicschool_s28,combined,empathicschool
0,3.5646835e-06,0.92289776,empathicschool_s28,combined,empathicschool
0,3.572576e-06,0.9227723,empathicschool_s28,combined,empathicschool
0,1.7741782e-05,0.8192494,empathicschool_s28,combined,empathicschool
0,2.7139997e-05,0.772843,empathicschool_s28,combined,empathicschool
0,2.7142585e-05,0.77272975,empathicschool_s28,combined,empathicschool
0,3.6604476e-06,0.9208654,empathicschool_s28,combined,empathicschool
0,2.714279e-05,0.7727207,empathicschool_s28,combined,empathicschool
0,2.7139013e-05,0.7728895,empathicschool_s28,combined,empathicschool
0,2.7135598e-05,0.7730443,empathicschool_s28,combined,empathicschool
0,2.7136117e-05,0.77301514,empathicschool_s28,combined,empathicschool
0,2.7132752e-05,0.7731673,empathicschool_s28,combined,empathicschool
0,2.7128119e-05,0.7733738,empathicschool_s28,combined,empathicschool
0,2.7131096e-05,0.7732387,empathicschool_s28,combined,empathicschool
0,2.7132053e-05,0.7731972,empathicschool_s28,combined,empathicschool
0,2.7127991e-05,0.7733787,empathicschool_s28,combined,empathicschool
0,2.7124317e-05,0.7735439,empathicschool_s28,combined,empathicschool
0,3.6571746e-06,0.92093045,empathicschool_s28,combined,empathicschool
0,2.7126647e-05,0.7734387,empathicschool_s28,combined,empathicschool
0,2.7126956e-05,0.7734252,empathicschool_s28,combined,empathicschool
0,2.7126129e-05,0.77345914,empathicschool_s28,combined,empathicschool
0,2.7126647e-05,0.77343816,empathicschool_s28,combined,empathicschool
0,2.71312e-05,0.7732342,empathicschool_s28,combined,empathicschool
0,2.713213e-05,0.7731934,empathicschool_s28,combined,empathicschool
0,2.7132026e-05,0.77319753,empathicschool_s28,combined,empathicschool
0,2.7132079e-05,0.7731961,empathicschool_s28,combined,empathicschool
0,2.712944e-05,0.773317,empathicschool_s28,combined,empathicschool
0,2.7131588e-05,0.7732164,empathicschool_s28,combined,empathicschool
0,3.6561078e-06,0.9209665,empathicschool_s28,combined,empathicschool
0,3.617837e-06,0.921534,empathicschool_s28,combined,empathicschool
0,3.6506028e-06,0.9210389,empathicschool_s28,combined,empathicschool
0,3.6543577e-06,0.92106616,empathicschool_s28,combined,empathicschool
0,3.6261476e-06,0.92151093,empathicschool_s28,combined,empathicschool
0,3.628493e-06,0.9213736,empathicschool_s28,combined,empathicschool
0,3.6504773e-06,0.9209978,empathicschool_s28,combined,empathicschool
0,3.642743e-06,0.9211691,empathicschool_s28,combined,empathicschool
0,3.6385973e-06,0.9212501,empathicschool_s28,combined,empathicschool
0,3.6518286e-06,0.9209926,empathicschool_s28,combined,empathicschool
0,3.6544413e-06,0.9209344,empathicschool_s28,combined,empathicschool
0,3.6412148e-06,0.9211616,empathicschool_s28,combined,empathicschool
0,3.623607e-06,0.9215073,empathicschool_s28,combined,empathicschool
0,3.6234305e-06,0.9214504,empathicschool_s28,combined,empathicschool
0,3.6424233e-06,0.9211591,empathicschool_s28,combined,empathicschool
0,3.6393399e-06,0.9212313,empathicschool_s28,combined,empathicschool
0,3.635351e-06,0.9212142,empathicschool_s28,combined,empathicschool
0,3.6765268e-06,0.92052984,empathicschool_s28,combined,empathicschool
0,3.6592364e-06,0.9208339,empathicschool_s28,combined,empathicschool
0,3.6565818e-06,0.920893,empathicschool_s28,combined,empathicschool
0,3.6295141e-06,0.9213426,empathicschool_s28,combined,empathicschool
0,3.646476e-06,0.9210411,empathicschool_s28,combined,empathicschool
0,3.6498614e-06,0.92099583,empathicschool_s28,combined,empathicschool
0,3.585348e-06,0.9221559,empathicschool_s28,combined,empathicschool
0,3.6257777e-06,0.9214273,empathicschool_s28,combined,empathicschool
0,3.613913e-06,0.9216421,empathicschool_s28,combined,empathicschool
0,3.6146917e-06,0.921485,empathicschool_s28,combined,empathicschool
0,3.6677927e-06,0.92053145,empathicschool_s28,combined,empathicschool
0,3.645697e-06,0.92092335,empathicschool_s28,combined,empathicschool
0,3.6432539e-06,0.92097956,empathicschool_s28,combined,empathicschool
0,3.6465526e-06,0.9209473,empathicschool_s28,combined,empathicschool
0,3.6591284e-06,0.9207531,empathicschool_s28,combined,empathicschool
0,3.6496801e-06,0.9209258,empathicschool_s28,combined,empathicschool
0,3.6449774e-06,0.9210115,empathicschool_s28,combined,empathicschool
0,3.5720718e-06,0.9223974,empathicschool_s28,combined,empathicschool
0,3.638351e-06,0.9211311,empathicschool_s28,combined,empathicschool
0,3.625719e-06,0.92135245,empathicschool_s28,combined,empathicschool
0,3.6170366e-06,0.9215072,empathicschool_s28,combined,empathicschool
0,3.6050935e-06,0.92171174,empathicschool_s28,combined,empathicschool
0,3.6142437e-06,0.9215563,empathicschool_s28,combined,empathicschool
0,3.6179472e-06,0.92150575,empathicschool_s28,combined,empathicschool
0,3.6160397e-06,0.92153704,empathicschool_s28,combined,empathicschool
0,3.6167849e-06,0.9215272,empathicschool_s28,combined,empathicschool
0,3.6087533e-06,0.92167,empathicschool_s28,combined,empathicschool
0,3.6005306e-06,0.92181015,empathicschool_s28,combined,empathicschool
0,3.5650849e-06,0.9226041,empathicschool_s28,combined,empathicschool
0,3.5797823e-06,0.9221615,empathicschool_s28,combined,empathicschool
0,3.5714345e-06,0.9223107,empathicschool_s28,combined,empathicschool
0,3.5789562e-06,0.9221903,empathicschool_s28,combined,empathicschool
0,3.5855978e-06,0.92207444,empathicschool_s28,combined,empathicschool
0,3.6011559e-06,0.9217946,empathicschool_s28,combined,empathicschool
0,3.6123276e-06,0.921613,empathicschool_s28,combined,empathicschool
0,3.6143401e-06,0.9215917,empathicschool_s28,combined,empathicschool
0,3.615809e-06,0.92157793,empathicschool_s28,combined,empathicschool
0,3.5997925e-06,0.9218462,empathicschool_s28,combined,empathicschool
0,3.6097515e-06,0.92167515,empathicschool_s28,combined,empathicschool
0,3.5670505e-06,0.9225918,empathicschool_s28,combined,empathicschool
0,3.6097208e-06,0.9216848,empathicschool_s28,combined,empathicschool
0,3.6093973e-06,0.9216902,empathicschool_s28,combined,empathicschool
0,3.6216134e-06,0.92147964,empathicschool_s28,combined,empathicschool
0,3.6074698e-06,0.92171174,empathicschool_s28,combined,empathicschool
0,3.6261788e-06,0.92138064,empathicschool_s28,combined,empathicschool
0,3.6141473e-06,0.9215985,empathicschool_s28,combined,empathicschool
0,3.606923e-06,0.92172456,empathicschool_s28,combined,empathicschool
0,3.6047225e-06,0.92175657,empathicschool_s28,combined,empathicschool
0,3.5932105e-06,0.9219691,empathicschool_s28,combined,empathicschool
0,3.5956136e-06,0.92193425,empathicschool_s28,combined,empathicschool
0,3.5511518e-06,0.92279357,empathicschool_s28,combined,empathicschool
0,3.5883822e-06,0.9220413,empathicschool_s28,combined,empathicschool
0,3.5969683e-06,0.9218863,empathicschool_s28,combined,empathicschool
0,3.597222e-06,0.9219066,empathicschool_s28,combined,empathicschool
0,3.6010047e-06,0.9218346,empathicschool_s28,combined,empathicschool
0,3.608244e-06,0.92171526,empathicschool_s28,combined,empathicschool
0,3.5876706e-06,0.9220775,empathicschool_s28,combined,empathicschool
0,3.5888306e-06,0.9220653,empathicschool_s28,combined,empathicschool
0,3.5925252e-06,0.9219983,empathicschool_s28,combined,empathicschool
0,3.6043064e-06,0.92178243,empathicschool_s28,combined,empathicschool
0,3.6158917e-06,0.9215985,empathicschool_s28,combined,empathicschool
0,2.7116976e-05,0.7738713,empathicschool_s28,combined,empathicschool
0,2.7116976e-05,0.7738713,empathicschool_s28,combined,empathicschool
0,3.7218197e-06,0.92199403,empathicschool_s28,combined,empathicschool
0,2.7116976e-05,0.7738713,empathicschool_s28,combined,empathicschool
0,2.7116976e-05,0.7738715,empathicschool_s28,combined,empathicschool
0,2.7116976e-05,0.7738715,empathicschool_s28,combined,empathicschool
0,2.7116976e-05,0.7738715,empathicschool_s28,combined,empathicschool
0,2.7116976e-05,0.7738715,empathicschool_s28,combined,empathicschool
0,2.7116976e-05,0.7738715,empathicschool_s28,combined,empathicschool
0,2.7116976e-05,0.7738715,empathicschool_s28,combined,empathicschool
0,2.7116976e-05,0.7738715,empathicschool_s28,combined,empathicschool
0,2.7116976e-05,0.7738715,empathicschool_s28,combined,empathicschool
0,2.7116976e-05,0.7738715,empathicschool_s28,combined,empathicschool
0,2.7116976e-05,0.7738715,empathicschool_s28,combined,empathicschool
0,2.7116976e-05,0.7738713,empathicschool_s28,combined,empathicschool
0,2.7116976e-05,0.7738715,empathicschool_s28,combined,empathicschool
0,2.7116976e-05,0.7738715,empathicschool_s28,combined,empathicschool
0,2.7116976e-05,0.7738715,empathicschool_s28,combined,empathicschool
0,2.7116976e-05,0.7738715,empathicschool_s28,combined,empathicschool
0,2.7116976e-05,0.7738715,empathicschool_s28,combined,empathicschool
0,2.7116976e-05,0.7738715,empathicschool_s28,combined,empathicschool
0,2.7117027e-05,0.7738713,empathicschool_s28,combined,empathicschool
0,2.7116976e-05,0.7738715,empathicschool_s28,combined,empathicschool
0,2.7116976e-05,0.7738715,empathicschool_s28,combined,empathicschool
0,2.7116976e-05,0.7738715,empathicschool_s28,combined,empathicschool
0,2.7116976e-05,0.7738713,empathicschool_s28,combined,empathicschool
0,2.7116976e-05,0.7738715,empathicschool_s28,combined,empathicschool
0,2.7116976e-05,0.7738715,empathicschool_s28,combined,empathicschool
0,2.7116976e-05,0.7738715,empathicschool_s28,combined,empathicschool
0,2.7117027e-05,0.7738713,empathicschool_s28,combined,empathicschool
0,2.7117027e-05,0.7738713,empathicschool_s28,combined,empathicschool
0,2.7116976e-05,0.7738715,empathicschool_s28,combined,empathicschool
0,2.7116976e-05,0.7738715,empathicschool_s28,combined,empathicschool
0,2.7116976e-05,0.7738715,empathicschool_s28,combined,empathicschool
0,2.7117027e-05,0.7738713,empathicschool_s28,combined,empathicschool
0,2.7117027e-05,0.7738713,empathicschool_s28,combined,empathicschool
0,2.7116976e-05,0.7738713,empathicschool_s28,combined,empathicschool
0,2.7117027e-05,0.7738713,empathicschool_s28,combined,empathicschool
0,2.7117027e-05,0.7738713,empathicschool_s28,combined,empathicschool
0,2.7117027e-05,0.7738713,empathicschool_s28,combined,empathicschool
0,2.7117027e-05,0.7738713,empathicschool_s28,combined,empathicschool
0,2.7116976e-05,0.7738715,empathicschool_s28,combined,empathicschool
0,2.7116976e-05,0.7738715,empathicschool_s28,combined,empathicschool
0,2.7117027e-05,0.7738713,empathicschool_s28,combined,empathicschool
0,2.7117027e-05,0.7738713,empathicschool_s28,combined,empathicschool
0,2.7116976e-05,0.7738715,empathicschool_s28,combined,empathicschool
0,2.7116976e-05,0.7738715,empathicschool_s28,combined,empathicschool
0,2.7116976e-05,0.7738713,empathicschool_s28,combined,empathicschool
0,2.7116976e-05,0.7738715,empathicschool_s28,combined,empathicschool
0,2.7116976e-05,0.7738715,empathicschool_s28,combined,empathicschool
0,2.7116976e-05,0.7738715,empathicschool_s28,combined,empathicschool
0,2.7116976e-05,0.7738715,empathicschool_s28,combined,empathicschool
0,2.7116976e-05,0.7738715,empathicschool_s28,combined,empathicschool
0,2.7116976e-05,0.7738715,empathicschool_s28,combined,empathicschool
0,2.7117027e-05,0.7738713,empathicschool_s28,combined,empathicschool
0,2.7116976e-05,0.7738715,empathicschool_s28,combined,empathicschool
0,2.7116976e-05,0.7738715,empathicschool_s28,combined,empathicschool
0,2.7117027e-05,0.7738713,empathicschool_s28,combined,empathicschool
0,2.7116976e-05,0.7738713,empathicschool_s28,combined,empathicschool
0,2.7117027e-05,0.7738713,empathicschool_s28,combined,empathicschool
0,2.7116976e-05,0.7738715,empathicschool_s28,combined,empathicschool
0,2.7116976e-05,0.7738715,empathicschool_s28,combined,empathicschool
0,2.7116976e-05,0.7738715,empathicschool_s28,combined,empathicschool
0,2.7116976e-05,0.7738715,empathicschool_s28,combined,empathicschool
0,2.7117027e-05,0.7738713,empathicschool_s28,combined,empathicschool
0,2.7116976e-05,0.7738715,empathicschool_s28,combined,empathicschool
0,2.7116976e-05,0.7738715,empathicschool_s28,combined,empathicschool
0,2.7117027e-05,0.7738713,empathicschool_s28,combined,empathicschool
0,2.7117027e-05,0.7738713,empathicschool_s28,combined,empathicschool
0,2.7116976e-05,0.7738713,empathicschool_s28,combined,empathicschool
0,2.7116976e-05,0.7738715,empathicschool_s28,combined,empathicschool
0,2.7116976e-05,0.7738715,empathicschool_s28,combined,empathicschool
0,2.7117027e-05,0.7738713,empathicschool_s28,combined,empathicschool
0,2.7117027e-05,0.7738713,empathicschool_s28,combined,empathicschool
0,2.7116976e-05,0.7738715,empathicschool_s28,combined,empathicschool
0,2.7116976e-05,0.7738715,empathicschool_s28,combined,empathicschool
0,2.7116976e-05,0.7738715,empathicschool_s28,combined,empathicschool
0,2.7116976e-05,0.7738715,empathicschool_s28,combined,empathicschool
0,2.7116976e-05,0.7738715,empathicschool_s28,combined,empathicschool
0,2.7117027e-05,0.7738713,empathicschool_s28,combined,empathicschool
0,2.7116976e-05,0.7738713,empathicschool_s28,combined,empathicschool
0,2.7117027e-05,0.7738713,empathicschool_s28,combined,empathicschool
0,2.7116976e-05,0.7738715,empathicschool_s28,combined,empathicschool
0,2.7116976e-05,0.7738715,empathicschool_s28,combined,empathicschool
0,2.7116976e-05,0.7738715,empathicschool_s28,combined,empathicschool
0,2.7116976e-05,0.7738715,empathicschool_s28,combined,empathicschool
0,2.7116976e-05,0.7738715,empathicschool_s28,combined,empathicschool
0,2.7116976e-05,0.7738715,empathicschool_s28,combined,empathicschool
0,2.7116976e-05,0.7738715,empathicschool_s28,combined,empathicschool
0,2.7117027e-05,0.7738713,empathicschool_s28,combined,empathicschool
0,2.7117027e-05,0.7738713,empathicschool_s28,combined,empathicschool
0,2.7116976e-05,0.7738713,empathicschool_s28,combined,empathicschool
0,2.7117027e-05,0.7738713,empathicschool_s28,combined,empathicschool
0,2.7117027e-05,0.7738713,empathicschool_s28,combined,empathicschool
0,2.7117027e-05,0.7738713,empathicschool_s28,combined,empathicschool
0,2.7117027e-05,0.7738713,empathicschool_s28,combined,empathicschool
0,2.7116976e-05,0.7738715,empathicschool_s28,combined,empathicschool
0,2.7116976e-05,0.7738715,empathicschool_s28,combined,empathicschool
0,2.7116976e-05,0.7738715,empathicschool_s28,combined,empathicschool
0,2.7117027e-05,0.7738713,empathicschool_s28,combined,empathicschool
0,2.7117027e-05,0.7738713,empathicschool_s28,combined,empathicschool
0,2.7117027e-05,0.7738713,empathicschool_s28,combined,empathicschool
0,2.7116976e-05,0.7738713,empathicschool_s28,combined,empathicschool
0,2.7116976e-05,0.7738715,empathicschool_s28,combined,empathicschool
0,2.7116976e-05,0.7738715,empathicschool_s28,combined,empathicschool
0,2.7116976e-05,0.7738715,empathicschool_s28,combined,empathicschool
0,2.7116976e-05,0.7738715,empathicschool_s28,combined,empathicschool
0,2.7117027e-05,0.7738713,empathicschool_s28,combined,empathicschool
0,2.7116976e-05,0.7738715,empathicschool_s28,combined,empathicschool
0,2.7116976e-05,0.7738715,empathicschool_s28,combined,empathicschool
0,2.7116976e-05,0.7738715,empathicschool_s28,combined,empathicschool
0,2.7116976e-05,0.7738715,empathicschool_s28,combined,empathicschool
0,2.7116976e-05,0.7738715,empathicschool_s28,combined,empathicschool
0,3.7334123e-06,0.9218431,empathicschool_s28,combined,empathicschool
0,2.7116976e-05,0.7738713,empathicschool_s28,combined,empathicschool
0,2.7116976e-05,0.7738715,empathicschool_s28,combined,empathicschool
0,2.7116976e-05,0.7738715,empathicschool_s28,combined,empathicschool
0,2.7116976e-05,0.7738715,empathicschool_s28,combined,empathicschool
0,2.7117027e-05,0.7738713,empathicschool_s28,combined,empathicschool
0,2.7117027e-05,0.7738713,empathicschool_s28,combined,empathicschool
0,2.7117027e-05,0.7738713,empathicschool_s28,combined,empathicschool
0,2.7116976e-05,0.7738715,empathicschool_s28,combined,empathicschool
0,2.7116976e-05,0.7738715,empathicschool_s28,combined,empathicschool
0,2.7116976e-05,0.7738715,empathicschool_s28,combined,empathicschool
0,2.7117027e-05,0.7738713,empathicschool_s28,combined,empathicschool
0,2.7116976e-05,0.7738713,empathicschool_s28,combined,empathicschool
0,2.7116976e-05,0.7738715,empathicschool_s28,combined,empathicschool
0,2.7116976e-05,0.7738715,empathicschool_s28,combined,empathicschool
0,2.7116976e-05,0.7738715,empathicschool_s28,combined,empathicschool
0,2.7117027e-05,0.7738713,empathicschool_s28,combined,empathicschool
0,2.7116976e-05,0.7738715,empathicschool_s28,combined,empathicschool
0,2.7117027e-05,0.7738713,empathicschool_s28,combined,empathicschool
0,2.7116976e-05,0.7738715,empathicschool_s28,combined,empathicschool
0,2.7116976e-05,0.7738715,empathicschool_s28,combined,empathicschool
0,2.7116976e-05,0.7738715,empathicschool_s28,combined,empathicschool
0,2.7116976e-05,0.7738715,empathicschool_s28,combined,empathicschool
0,2.7116976e-05,0.7738713,empathicschool_s28,combined,empathicschool
0,2.7116976e-05,0.7738715,empathicschool_s28,combined,empathicschool
0,2.7116976e-05,0.7738715,empathicschool_s28,combined,empathicschool
0,2.7116976e-05,0.7738715,empathicschool_s28,combined,empathicschool
0,2.7117027e-05,0.7738713,empathicschool_s28,combined,empathicschool
0,2.7116976e-05,0.7738715,empathicschool_s28,combined,empathicschool
0,2.7116976e-05,0.7738715,empathicschool_s28,combined,empathicschool
0,2.7116976e-05,0.7738715,empathicschool_s28,combined,empathicschool
0,2.7116976e-05,0.7738715,empathicschool_s28,combined,empathicschool
0,2.7116976e-05,0.7738715,empathicschool_s28,combined,empathicschool
0,2.7117027e-05,0.7738713,empathicschool_s28,combined,empathicschool
0,2.7116976e-05,0.7738713,empathicschool_s28,combined,empathicschool
0,2.7116976e-05,0.7738715,empathicschool_s28,combined,empathicschool
0,2.7116976e-05,0.7738715,empathicschool_s28,combined,empathicschool
0,2.7116976e-05,0.7738715,empathicschool_s28,combined,empathicschool
0,2.7117027e-05,0.7738713,empathicschool_s28,combined,empathicschool
0,2.7117027e-05,0.7738713,empathicschool_s28,combined,empathicschool
0,2.7116976e-05,0.7738715,empathicschool_s28,combined,empathicschool
0,2.7116976e-05,0.7738715,empathicschool_s28,combined,empathicschool
0,2.7116976e-05,0.7738715,empathicschool_s28,combined,empathicschool
0,2.7116976e-05,0.7738715,empathicschool_s28,combined,empathicschool
0,2.7116976e-05,0.7738715,empathicschool_s28,combined,empathicschool
0,2.7116976e-05,0.7738713,empathicschool_s28,combined,empathicschool
0,2.7116976e-05,0.7738715,empathicschool_s28,combined,empathicschool
0,2.7116976e-05,0.7738715,empathicschool_s28,combined,empathicschool
0,2.7116976e-05,0.7738715,empathicschool_s28,combined,empathicschool
0,2.7117027e-05,0.7738713,empathicschool_s28,combined,empathicschool
0,2.7116976e-05,0.7738715,empathicschool_s28,combined,empathicschool
0,2.7117027e-05,0.7738713,empathicschool_s28,combined,empathicschool
0,2.7116976e-05,0.7738715,empathicschool_s28,combined,empathicschool
0,2.7116976e-05,0.7738715,empathicschool_s28,combined,empathicschool
0,2.7116976e-05,0.7738715,empathicschool_s28,combined,empathicschool
0,2.7116976e-05,0.7738715,empathicschool_s28,combined,empathicschool
0,2.7116976e-05,0.7738713,empathicschool_s28,combined,empathicschool
0,2.7117027e-05,0.7738713,empathicschool_s28,combined,empathicschool
0,2.7116976e-05,0.7738715,empathicschool_s28,combined,empathicschool
0,2.7116976e-05,0.7738715,empathicschool_s28,combined,empathicschool
0,2.7116976e-05,0.7738715,empathicschool_s28,combined,empathicschool
0,2.7116976e-05,0.7738715,empathicschool_s28,combined,empathicschool
0,2.7116976e-05,0.7738715,empathicschool_s28,combined,empathicschool
0,2.7116976e-05,0.7738715,empathicschool_s28,combined,empathicschool
0,2.7116976e-05,0.7738715,empathicschool_s28,combined,empathicschool
0,2.7116976e-05,0.7738715,empathicschool_s28,combined,empathicschool
0,2.7116976e-05,0.7738715,empathicschool_s28,combined,empathicschool
0,2.7116976e-05,0.7738713,empathicschool_s28,combined,empathicschool
0,2.7116976e-05,0.7738715,empathicschool_s28,combined,empathicschool
0,2.7116976e-05,0.7738715,empathicschool_s28,combined,empathicschool
0,2.7117027e-05,0.7738713,empathicschool_s28,combined,empathicschool
0,2.7117027e-05,0.7738713,empathicschool_s28,combined,empathicschool
0,2.7116976e-05,0.7738715,empathicschool_s28,combined,empathicschool
0,2.7116976e-05,0.7738715,empathicschool_s28,combined,empathicschool
0,2.7116976e-05,0.7738715,empathicschool_s28,combined,empathicschool
0,2.7116976e-05,0.7738715,empathicschool_s28,combined,empathicschool
0,2.7116976e-05,0.7738715,empathicschool_s28,combined,empathicschool
0,2.7116976e-05,0.7738715,empathicschool_s28,combined,empathicschool
0,2.7116976e-05,0.7738713,empathicschool_s28,combined,empathicschool
0,2.7116976e-05,0.7738715,empathicschool_s28,combined,empathicschool
0,2.7116976e-05,0.7738715,empathicschool_s28,combined,empathicschool
0,2.7117027e-05,0.7738713,empathicschool_s28,combined,empathicschool
0,2.7117027e-05,0.7738713,empathicschool_s28,combined,empathicschool
0,2.7116976e-05,0.7738715,empathicschool_s28,combined,empathicschool
0,2.7116976e-05,0.7738715,empathicschool_s28,combined,empathicschool
0,2.7116976e-05,0.7738715,empathicschool_s28,combined,empathicschool
0,2.7116976e-05,0.7738715,empathicschool_s28,combined,empathicschool
0,2.7117027e-05,0.7738713,empathicschool_s28,combined,empathicschool
0,2.7117027e-05,0.7738713,empathicschool_s28,combined,empathicschool
0,2.7116976e-05,0.7738713,empathicschool_s28,combined,empathicschool
0,2.7117027e-05,0.7738713,empathicschool_s28,combined,empathicschool
0,2.7117027e-05,0.7738713,empathicschool_s28,combined,empathicschool
0,2.7116976e-05,0.7738713,empathicschool_s28,combined,empathicschool
0,2.7117027e-05,0.7738713,empathicschool_s28,combined,empathicschool
0,2.7116976e-05,0.7738715,empathicschool_s28,combined,empathicschool
0,2.7116976e-05,0.7738715,empathicschool_s28,combined,empathicschool
0,2.7116976e-05,0.7738715,empathicschool_s28,combined,empathicschool
0,2.7116976e-05,0.7738715,empathicschool_s28,combined,empathicschool
0,2.7117027e-05,0.7738713,empathicschool_s28,combined,empathicschool
0,2.7116976e-05,0.7738715,empathicschool_s28,combined,empathicschool
0,2.7116976e-05,0.7738713,empathicschool_s28,combined,empathicschool
0,2.7116976e-05,0.7738715,empathicschool_s28,combined,empathicschool
0,2.7116976e-05,0.7738715,empathicschool_s28,combined,empathicschool
0,2.7116976e-05,0.7738715,empathicschool_s28,combined,empathicschool
0,2.7116976e-05,0.7738715,empathicschool_s28,combined,empathicschool
0,2.7116976e-05,0.7738715,empathicschool_s28,combined,empathicschool
0,2.7116976e-05,0.7738715,empathicschool_s28,combined,empathicschool
0,2.7116976e-05,0.7738715,empathicschool_s28,combined,empathicschool
0,2.7116976e-05,0.7738715,empathicschool_s28,combined,empathicschool
0,2.7116976e-05,0.7738715,empathicschool_s28,combined,empathicschool
0,2.7116976e-05,0.7738715,empathicschool_s28,combined,empathicschool
0,3.738019e-06,0.92178655,empathicschool_s28,combined,empathicschool
0,2.7116976e-05,0.7738713,empathicschool_s28,combined,empathicschool
0,2.7116976e-05,0.7738715,empathicschool_s28,combined,empathicschool
0,2.7116976e-05,0.7738715,empathicschool_s28,combined,empathicschool
0,2.7116976e-05,0.7738715,empathicschool_s28,combined,empathicschool
0,2.7116976e-05,0.7738715,empathicschool_s28,combined,empathicschool
0,2.7116976e-05,0.7738715,empathicschool_s28,combined,empathicschool
0,2.7116976e-05,0.7738715,empathicschool_s28,combined,empathicschool
0,2.7116976e-05,0.7738715,empathicschool_s28,combined,empathicschool
0,2.7116976e-05,0.7738715,empathicschool_s28,combined,empathicschool
0,2.7116976e-05,0.7738715,empathicschool_s28,combined,empathicschool
0,2.7116976e-05,0.7738715,empathicschool_s28,combined,empathicschool
0,2.7116976e-05,0.7738713,empathicschool_s28,combined,empathicschool
0,2.7116976e-05,0.7738715,empathicschool_s28,combined,empathicschool
0,2.7117027e-05,0.7738713,empathicschool_s28,combined,empathicschool
0,2.7117027e-05,0.7738713,empathicschool_s28,combined,empathicschool
0,2.7116976e-05,0.7738715,empathicschool_s28,combined,empathicschool
0,2.7116976e-05,0.7738715,empathicschool_s28,combined,empathicschool
0,2.7117027e-05,0.7738713,empathicschool_s28,combined,empathicschool
0,2.7116976e-05,0.7738715,empathicschool_s28,combined,empathicschool
0,2.7116976e-05,0.7738715,empathicschool_s28,combined,empathicschool
0,2.7116976e-05,0.7738715,empathicschool_s28,combined,empathicschool
0,2.7116976e-05,0.7738715,empathicschool_s28,combined,empathicschool
0,2.7116976e-05,0.7738713,empathicschool_s28,combined,empathicschool
0,2.7116976e-05,0.7738715,empathicschool_s28,combined,empathicschool
0,2.7117027e-05,0.7738713,empathicschool_s28,combined,empathicschool
0,2.7116976e-05,0.7738715,empathicschool_s28,combined,empathicschool
0,2.7116976e-05,0.7738715,empathicschool_s28,combined,empathicschool
0,2.7116976e-05,0.7738715,empathicschool_s28,combined,empathicschool
0,2.7116976e-05,0.7738715,empathicschool_s28,combined,empathicschool
0,2.7116976e-05,0.7738715,empathicschool_s28,combined,empathicschool
0,2.7116976e-05,0.7738715,empathicschool_s28,combined,empathicschool
0,2.7116976e-05,0.7738715,empathicschool_s28,combined,empathicschool
0,2.7116976e-05,0.7738715,empathicschool_s28,combined,empathicschool
0,2.7116976e-05,0.7738713,empathicschool_s28,combined,empathicschool
0,2.7116976e-05,0.7738715,empathicschool_s28,combined,empathicschool
0,2.7116976e-05,0.7738715,empathicschool_s28,combined,empathicschool
0,2.7116976e-05,0.7738715,empathicschool_s28,combined,empathicschool
0,2.7116976e-05,0.7738715,empathicschool_s28,combined,empathicschool
0,2.7116976e-05,0.7738715,empathicschool_s28,combined,empathicschool
0,2.7116976e-05,0.7738715,empathicschool_s28,combined,empathicschool
0,2.7116976e-05,0.7738715,empathicschool_s28,combined,empathicschool
0,2.7116976e-05,0.7738715,empathicschool_s28,combined,empathicschool
0,2.7116976e-05,0.7738715,empathicschool_s28,combined,empathicschool
0,2.7116976e-05,0.7738715,empathicschool_s28,combined,empathicschool
0,2.7116976e-05,0.7738713,empathicschool_s28,combined,empathicschool
0,2.7116976e-05,0.7738715,empathicschool_s28,combined,empathicschool
0,2.7116976e-05,0.7738715,empathicschool_s28,combined,empathicschool
0,2.7116976e-05,0.7738715,empathicschool_s28,combined,empathicschool
0,2.7116976e-05,0.7738715,empathicschool_s28,combined,empathicschool
0,2.7116976e-05,0.7738715,empathicschool_s28,combined,empathicschool
0,2.7116976e-05,0.7738715,empathicschool_s28,combined,empathicschool
0,2.7116976e-05,0.7738715,empathicschool_s28,combined,empathicschool
0,2.7116976e-05,0.7738715,empathicschool_s28,combined,empathicschool
0,2.7116976e-05,0.7738715,empathicschool_s28,combined,empathicschool
0,2.7116976e-05,0.7738715,empathicschool_s28,combined,empathicschool
0,2.7116976e-05,0.7738713,empathicschool_s28,combined,empathicschool
0,2.7117027e-05,0.77387136,empathicschool_s28,combined,empathicschool
0,2.7116976e-05,0.7738715,empathicschool_s28,combined,empathicschool
0,2.7116976e-05,0.7738715,empathicschool_s28,combined,empathicschool
0,2.7116976e-05,0.7738715,empathicschool_s28,combined,empathicschool
0,2.7116976e-05,0.7738715,empathicschool_s28,combined,empathicschool
0,2.7116976e-05,0.7738715,empathicschool_s28,combined,empathicschool
0,2.7116976e-05,0.7738715,empathicschool_s28,combined,empathicschool
0,2.7116976e-05,0.7738715,empathicschool_s28,combined,empathicschool
0,2.7116976e-05,0.7738715,empathicschool_s28,combined,empathicschool
0,2.7116976e-05,0.7738715,empathicschool_s28,combined,empathicschool
0,2.7116976e-05,0.7738713,empathicschool_s28,combined,empathicschool
0,2.7116976e-05,0.7738715,empathicschool_s28,combined,empathicschool
0,2.7116976e-05,0.7738715,empathicschool_s28,combined,empathicschool
0,2.7116976e-05,0.7738715,empathicschool_s28,combined,empathicschool
0,2.7117027e-05,0.77387136,empathicschool_s28,combined,empathicschool
0,2.7116976e-05,0.7738715,empathicschool_s28,combined,empathicschool
0,2.7117027e-05,0.77387136,empathicschool_s28,combined,empathicschool
0,2.7116976e-05,0.7738715,empathicschool_s28,combined,empathicschool
0,2.7116976e-05,0.7738715,empathicschool_s28,combined,empathicschool
0,2.7117027e-05,0.77387136,empathicschool_s28,combined,empathicschool
0,2.7116976e-05,0.7738715,empathicschool_s28,combined,empathicschool
0,2.7116976e-05,0.7738713,empathicschool_s28,combined,empathicschool
0,2.7116976e-05,0.7738715,empathicschool_s28,combined,empathicschool
0,2.7116976e-05,0.7738715,empathicschool_s28,combined,empathicschool
0,2.7116976e-05,0.7738715,empathicschool_s28,combined,empathicschool
0,2.7116976e-05,0.7738715,empathicschool_s28,combined,empathicschool
0,2.7116976e-05,0.7738713,empathicschool_s28,combined,empathicschool
0,2.7116976e-05,0.7738713,empathicschool_s28,combined,empathicschool
0,3.739634e-06,0.9217648,empathicschool_s28,combined,empathicschool
0,2.7116976e-05,0.7738713,empathicschool_s28,combined,empathicschool
0,2.7116976e-05,0.7738713,empathicschool_s28,combined,empathicschool
0,2.7116976e-05,0.7738713,empathicschool_s28,combined,empathicschool
0,2.7116976e-05,0.7738713,empathicschool_s28,combined,empathicschool
0,2.7116976e-05,0.7738713,empathicschool_s28,combined,empathicschool
0,2.7116976e-05,0.7738713,empathicschool_s28,combined,empathicschool
0,2.7116976e-05,0.7738713,empathicschool_s28,combined,empathicschool
0,2.7116976e-05,0.7738713,empathicschool_s28,combined,empathicschool
0,2.7116976e-05,0.7738713,empathicschool_s28,combined,empathicschool
0,2.7116976e-05,0.7738713,empathicschool_s28,combined,empathicschool
0,3.7476527e-06,0.92166686,empathicschool_s28,combined,empathicschool
0,2.7116976e-05,0.7738713,empathicschool_s28,combined,empathicschool
0,2.7116976e-05,0.7738713,empathicschool_s28,combined,empathicschool
0,2.7116976e-05,0.7738713,empathicschool_s28,combined,empathicschool
0,2.7116976e-05,0.7738713,empathicschool_s28,combined,empathicschool
0,2.7116976e-05,0.7738713,empathicschool_s28,combined,empathicschool
0,2.7116976e-05,0.7738713,empathicschool_s28,combined,empathicschool
0,2.7116976e-05,0.7738713,empathicschool_s28,combined,empathicschool
0,2.7116976e-05,0.7738713,empathicschool_s28,combined,empathicschool
0,2.7116976e-05,0.7738713,empathicschool_s28,combined,empathicschool
0,2.7116976e-05,0.7738713,empathicschool_s28,combined,empathicschool
0,3.7422242e-06,0.9217383,empathicschool_s28,combined,empathicschool
0,2.7116976e-05,0.7738713,empathicschool_s28,combined,empathicschool
0,2.7116976e-05,0.7738713,empathicschool_s28,combined,empathicschool
0,2.7116976e-05,0.7738713,empathicschool_s28,combined,empathicschool
0,2.7116976e-05,0.7738713,empathicschool_s28,combined,empathicschool
0,2.7116976e-05,0.7738713,empathicschool_s28,combined,empathicschool
0,2.7116976e-05,0.7738713,empathicschool_s28,combined,empathicschool
0,2.7116976e-05,0.7738713,empathicschool_s28,combined,empathicschool
0,2.7116976e-05,0.7738713,empathicschool_s28,combined,empathicschool
0,2.7116976e-05,0.7738713,empathicschool_s28,combined,empathicschool
0,2.7116976e-05,0.7738713,empathicschool_s28,combined,empathicschool
0,3.7320417e-06,0.9218724,empathicschool_s28,combined,empathicschool
0,2.7116976e-05,0.7738713,empathicschool_s28,combined,empathicschool
0,2.7116976e-05,0.7738713,empathicschool_s28,combined,empathicschool
0,2.7116976e-05,0.7738713,empathicschool_s28,combined,empathicschool
0,2.7116976e-05,0.7738713,empathicschool_s28,combined,empathicschool
0,2.7116976e-05,0.7738713,empathicschool_s28,combined,empathicschool
0,2.7116976e-05,0.7738713,empathicschool_s28,combined,empathicschool
0,2.7116976e-05,0.7738713,empathicschool_s28,combined,empathicschool
0,2.7116976e-05,0.7738713,empathicschool_s28,combined,empathicschool
0,2.7116976e-05,0.7738713,empathicschool_s28,combined,empathicschool
0,2.7116976e-05,0.7738713,empathicschool_s28,combined,empathicschool
0,3.7404864e-06,0.9217494,empathicschool_s28,combined,empathicschool
0,2.7116976e-05,0.7738713,empathicschool_s28,combined,empathicschool
0,2.7116976e-05,0.7738713,empathicschool_s28,combined,empathicschool
0,2.7116976e-05,0.7738713,empathicschool_s28,combined,empathicschool
0,2.7116976e-05,0.7738713,empathicschool_s28,combined,empathicschool
0,2.7116976e-05,0.7738713,empathicschool_s28,combined,empathicschool
0,2.7116976e-05,0.7738713,empathicschool_s28,combined,empathicschool
0,2.7116976e-05,0.7738713,empathicschool_s28,combined,empathicschool
0,2.7116976e-05,0.7738713,empathicschool_s28,combined,empathicschool
0,2.7116976e-05,0.7738713,empathicschool_s28,combined,empathicschool
0,2.7116976e-05,0.7738713,empathicschool_s28,combined,empathicschool
0,3.746595e-06,0.9216611,empathicschool_s28,combined,empathicschool
0,2.7116976e-05,0.7738713,empathicschool_s28,combined,empathicschool
0,2.7116976e-05,0.7738713,empathicschool_s28,combined,empathicschool
0,2.7116976e-05,0.7738713,empathicschool_s28,combined,empathicschool
0,2.7116976e-05,0.7738713,empathicschool_s28,combined,empathicschool
0,2.7116976e-05,0.7738713,empathicschool_s28,combined,empathicschool
0,2.7116976e-05,0.7738713,empathicschool_s28,combined,empathicschool
0,2.7116976e-05,0.7738713,empathicschool_s28,combined,empathicschool
0,2.7116976e-05,0.7738713,empathicschool_s28,combined,empathicschool
0,2.7116976e-05,0.7738713,empathicschool_s28,combined,empathicschool
0,2.7116976e-05,0.7738713,empathicschool_s28,combined,empathicschool
0,3.7622162e-06,0.9214325,empathicschool_s28,combined,empathicschool
0,2.7116976e-05,0.7738713,empathicschool_s28,combined,empathicschool
0,2.7116976e-05,0.7738713,empathicschool_s28,combined,empathicschool
0,2.7116976e-05,0.7738713,empathicschool_s28,combined,empathicschool
0,2.7116976e-05,0.7738713,empathicschool_s28,combined,empathicschool
0,2.7116976e-05,0.7738713,empathicschool_s28,combined,empathicschool
0,2.7116976e-05,0.7738713,empathicschool_s28,combined,empathicschool
0,2.7116976e-05,0.7738713,empathicschool_s28,combined,empathicschool
0,2.7116976e-05,0.7738713,empathicschool_s28,combined,empathicschool
0,2.7116976e-05,0.7738713,empathicschool_s28,combined,empathicschool
0,2.7116976e-05,0.7738713,empathicschool_s28,combined,empathicschool
0,2.7116976e-05,0.7738713,empathicschool_s28,combined,empathicschool
0,3.7698196e-06,0.92131895,empathicschool_s28,combined,empathicschool
0,2.7116976e-05,0.7738713,empathicschool_s28,combined,empathicschool
0,2.7116976e-05,0.7738713,empathicschool_s28,combined,empathicschool
0,2.7116976e-05,0.7738713,empathicschool_s28,combined,empathicschool
0,2.7116976e-05,0.7738713,empathicschool_s28,combined,empathicschool
0,2.7116976e-05,0.7738713,empathicschool_s28,combined,empathicschool
0,2.7116976e-05,0.7738713,empathicschool_s28,combined,empathicschool
0,2.7116976e-05,0.7738713,empathicschool_s28,combined,empathicschool
0,2.7116976e-05,0.7738713,empathicschool_s28,combined,empathicschool
0,2.7116976e-05,0.7738713,empathicschool_s28,combined,empathicschool
0,2.7116976e-05,0.7738713,empathicschool_s28,combined,empathicschool
0,3.7702007e-06,0.92131287,empathicschool_s28,combined,empathicschool
0,2.7116976e-05,0.7738713,empathicschool_s28,combined,empathicschool
0,2.7116976e-05,0.7738713,empathicschool_s28,combined,empathicschool
0,2.7116976e-05,0.7738713,empathicschool_s28,combined,empathicschool
0,2.7116976e-05,0.7738713,empathicschool_s28,combined,empathicschool
0,2.7116976e-05,0.7738713,empathicschool_s28,combined,empathicschool
0,2.7116976e-05,0.7738713,empathicschool_s28,combined,empathicschool
0,2.7116976e-05,0.7738713,empathicschool_s28,combined,empathicschool
0,2.7116976e-05,0.7738713,empathicschool_s28,combined,empathicschool
0,2.7116976e-05,0.7738713,empathicschool_s28,combined,empathicschool
0,2.7116976e-05,0.7738713,empathicschool_s28,combined,empathicschool
0,3.7702293e-06,0.9213126,empathicschool_s28,combined,empathicschool
0,2.7116976e-05,0.7738713,empathicschool_s28,combined,empathicschool
0,2.7116976e-05,0.7738713,empathicschool_s28,combined,empathicschool
0,2.7116976e-05,0.7738713,empathicschool_s28,combined,empathicschool
0,2.7116976e-05,0.7738713,empathicschool_s28,combined,empathicschool
0,2.7116976e-05,0.7738713,empathicschool_s28,combined,empathicschool
0,2.7116976e-05,0.7738713,empathicschool_s28,combined,empathicschool
0,2.7116976e-05,0.7738713,empathicschool_s28,combined,empathicschool
0,2.7116976e-05,0.7738713,empathicschool_s28,combined,empathicschool
0,2.7116976e-05,0.7738713,empathicschool_s28,combined,empathicschool
0,2.7116976e-05,0.7738713,empathicschool_s28,combined,empathicschool
0,3.770384e-06,0.9213101,empathicschool_s28,combined,empathicschool
0,2.7116976e-05,0.7738713,empathicschool_s28,combined,empathicschool
0,2.7116976e-05,0.7738713,empathicschool_s28,combined,empathicschool
0,2.7116976e-05,0.7738713,empathicschool_s28,combined,empathicschool
0,2.7116976e-05,0.7738713,empathicschool_s28,combined,empathicschool
0,2.7116976e-05,0.7738713,empathicschool_s28,combined,empathicschool
0,2.7116976e-05,0.7738713,empathicschool_s28,combined,empathicschool
0,2.7116976e-05,0.7738713,empathicschool_s28,combined,empathicschool
0,2.7116976e-05,0.7738713,empathicschool_s28,combined,empathicschool
0,2.7116976e-05,0.7738713,empathicschool_s28,combined,empathicschool
0,2.7116976e-05,0.7738713,empathicschool_s28,combined,empathicschool
0,3.7700568e-06,0.9213159,empathicschool_s28,combined,empathicschool
0,2.7116976e-05,0.7738713,empathicschool_s28,combined,empathicschool
0,2.7116976e-05,0.7738713,empathicschool_s28,combined,empathicschool
0,2.7116976e-05,0.7738713,empathicschool_s28,combined,empathicschool
0,2.7116976e-05,0.7738713,empathicschool_s28,combined,empathicschool
0,2.7116976e-05,0.7738713,empathicschool_s28,combined,empathicschool
0,2.7116976e-05,0.7738713,empathicschool_s28,combined,empathicschool
0,2.7116976e-05,0.7738713,empathicschool_s28,combined,empathicschool
0,2.7116976e-05,0.7738713,empathicschool_s28,combined,empathicschool
0,2.7116976e-05,0.7738713,empathicschool_s28,combined,empathicschool
0,2.7116976e-05,0.7738713,empathicschool_s28,combined,empathicschool
0,3.768698e-06,0.92133564,empathicschool_s28,combined,empathicschool
0,2.7116976e-05,0.7738713,empathicschool_s28,combined,empathicschool
0,2.7116976e-05,0.7738713,empathicschool_s28,combined,empathicschool
0,2.7116976e-05,0.7738713,empathicschool_s28,combined,empathicschool
0,2.7116976e-05,0.7738713,empathicschool_s28,combined,empathicschool
0,2.7116976e-05,0.7738713,empathicschool_s28,combined,empathicschool
0,2.7116976e-05,0.7738713,empathicschool_s28,combined,empathicschool
0,2.7116976e-05,0.7738713,empathicschool_s28,combined,empathicschool
0,2.7116976e-05,0.7738713,empathicschool_s28,combined,empathicschool
0,2.7117027e-05,0.7738713,empathicschool_s28,combined,empathicschool
0,2.7116976e-05,0.7738713,empathicschool_s28,combined,empathicschool
0,3.767893e-06,0.92134666,empathicschool_s28,combined,empathicschool
0,2.7116976e-05,0.7738713,empathicschool_s28,combined,empathicschool
0,2.7117027e-05,0.7738713,empathicschool_s28,combined,empathicschool
0,2.7117027e-05,0.7738713,empathicschool_s28,combined,empathicschool
0,2.7116976e-05,0.7738713,empathicschool_s28,combined,empathicschool
0,2.7116976e-05,0.7738713,empathicschool_s28,combined,empathicschool
0,2.7116976e-05,0.7738713,empathicschool_s28,combined,empathicschool
0,2.7116976e-05,0.7738713,empathicschool_s28,combined,empathicschool
0,2.7116976e-05,0.7738713,empathicschool_s28,combined,empathicschool
0,2.7116976e-05,0.7738713,empathicschool_s28,combined,empathicschool
0,2.7116976e-05,0.7738713,empathicschool_s28,combined,empathicschool
0,3.7674833e-06,0.9213529,empathicschool_s28,combined,empathicschool
0,2.7116976e-05,0.7738713,empathicschool_s28,combined,empathicschool
0,2.7117027e-05,0.7738713,empathicschool_s28,combined,empathicschool
0,2.7116976e-05,0.7738713,empathicschool_s28,combined,empathicschool
0,2.7116976e-05,0.7738713,empathicschool_s28,combined,empathicschool
0,2.7116976e-05,0.7738713,empathicschool_s28,combined,empathicschool
0,2.7117027e-05,0.7738713,empathicschool_s28,combined,empathicschool
0,2.7116976e-05,0.7738713,empathicschool_s28,combined,empathicschool
0,2.7117027e-05,0.7738713,empathicschool_s28,combined,empathicschool
0,2.7116976e-05,0.7738713,empathicschool_s28,combined,empathicschool
0,2.7116976e-05,0.7738713,empathicschool_s28,combined,empathicschool
0,3.7744421e-06,0.9212705,empathicschool_s28,combined,empathicschool
0,2.7117027e-05,0.7738713,empathicschool_s28,combined,empathicschool
0,2.7117027e-05,0.7738713,empathicschool_s28,combined,empathicschool
0,2.7117027e-05,0.7738713,empathicschool_s28,combined,empathicschool
0,2.7116976e-05,0.7738713,empathicschool_s28,combined,empathicschool
0,2.7116976e-05,0.7738713,empathicschool_s28,combined,empathicschool
0,2.7116976e-05,0.7738713,empathicschool_s28,combined,empathicschool
0,2.7117027e-05,0.7738713,empathicschool_s28,combined,empathicschool
0,2.7117027e-05,0.7738713,empathicschool_s28,combined,empathicschool
0,2.7117027e-05,0.7738713,empathicschool_s28,combined,empathicschool
0,2.7116976e-05,0.7738713,empathicschool_s28,combined,empathicschool
0,3.8055439e-06,0.92087686,empathicschool_s28,combined,empathicschool
0,2.7116976e-05,0.7738713,empathicschool_s28,combined,empathicschool
0,2.7116976e-05,0.7738713,empathicschool_s28,combined,empathicschool
0,2.7116976e-05,0.7738713,empathicschool_s28,combined,empathicschool
0,2.7117027e-05,0.7738713,empathicschool_s28,combined,empathicschool
0,2.7117027e-05,0.7738713,empathicschool_s28,combined,empathicschool
0,2.7117027e-05,0.7738713,empathicschool_s28,combined,empathicschool
0,2.7117027e-05,0.7738713,empathicschool_s28,combined,empathicschool
0,2.7117027e-05,0.7738713,empathicschool_s28,combined,empathicschool
0,2.7117027e-05,0.7738713,empathicschool_s28,combined,empathicschool
0,2.7117027e-05,0.7738713,empathicschool_s28,combined,empathicschool
0,2.7116976e-05,0.7738713,empathicschool_s28,combined,empathicschool
0,8.086137e-06,0.8785053,empathicschool_s28,combined,empathicschool
0,2.7117027e-05,0.7738713,empathicschool_s28,combined,empathicschool
0,2.7117027e-05,0.7738713,empathicschool_s28,combined,empathicschool
0,2.7117027e-05,0.7738713,empathicschool_s28,combined,empathicschool
0,2.7117027e-05,0.7738713,empathicschool_s28,combined,empathicschool
0,2.7116976e-05,0.7738713,empathicschool_s28,combined,empathicschool
0,2.7117027e-05,0.7738713,empathicschool_s28,combined,empathicschool
0,2.7117027e-05,0.7738713,empathicschool_s28,combined,empathicschool
0,2.7117027e-05,0.7738713,empathicschool_s28,combined,empathicschool
0,2.7117027e-05,0.7738713,empathicschool_s28,combined,empathicschool
0,2.7117027e-05,0.7738713,empathicschool_s28,combined,empathicschool
0,2.1197862e-05,0.8041029,empathicschool_s28,combined,empathicschool
0,2.7117027e-05,0.7738713,empathicschool_s28,combined,empathicschool
0,2.7117027e-05,0.7738713,empathicschool_s28,combined,empathicschool
0,2.7117027e-05,0.7738713,empathicschool_s28,combined,empathicschool
0,2.7117027e-05,0.7738713,empathicschool_s28,combined,empathicschool
0,2.7117027e-05,0.7738713,empathicschool_s28,combined,empathicschool
0,2.7117027e-05,0.7738713,empathicschool_s28,combined,empathicschool
0,2.7117027e-05,0.7738713,empathicschool_s28,combined,empathicschool
0,2.7117027e-05,0.7738713,empathicschool_s28,combined,empathicschool
0,2.7117027e-05,0.7738713,empathicschool_s28,combined,empathicschool
0,2.7117027e-05,0.7738713,empathicschool_s28,combined,empathicschool
0,2.386613e-05,0.79292744,empathicschool_s28,combined,empathicschool
0,2.7117027e-05,0.7738713,empathicschool_s28,combined,empathicschool
0,2.7117027e-05,0.7738713,empathicschool_s28,combined,empathicschool
0,2.7117027e-05,0.7738713,empathicschool_s28,combined,empathicschool
0,2.7117027e-05,0.7738713,empathicschool_s28,combined,empathicschool
0,2.7117027e-05,0.7738713,empathicschool_s28,combined,empathicschool
0,2.7117027e-05,0.7738713,empathicschool_s28,combined,empathicschool
0,2.7117027e-05,0.7738713,empathicschool_s28,combined,empathicschool
0,2.7117027e-05,0.7738713,empathicschool_s28,combined,empathicschool
0,2.7117027e-05,0.7738713,empathicschool_s28,combined,empathicschool
0,2.7117027e-05,0.7738713,empathicschool_s28,combined,empathicschool
0,2.3866403e-05,0.79292613,empathicschool_s28,combined,empathicschool
0,2.7117027e-05,0.7738713,empathicschool_s28,combined,empathicschool
0,2.7117027e-05,0.7738713,empathicschool_s28,combined,empathicschool
0,2.7117027e-05,0.7738713,empathicschool_s28,combined,empathicschool
0,2.7117027e-05,0.7738713,empathicschool_s28,combined,empathicschool
0,2.7117027e-05,0.7738713,empathicschool_s28,combined,empathicschool
0,2.7117027e-05,0.7738713,empathicschool_s28,combined,empathicschool
0,2.7117027e-05,0.7738713,empathicschool_s28,combined,empathicschool
0,2.7117027e-05,0.7738713,empathicschool_s28,combined,empathicschool
0,2.7117027e-05,0.7738713,empathicschool_s28,combined,empathicschool
0,2.7116976e-05,0.7738715,empathicschool_s28,combined,empathicschool
0,2.3866403e-05,0.79292613,empathicschool_s28,combined,empathicschool
0,2.7117027e-05,0.7738713,empathicschool_s28,combined,empathicschool
0,2.7117027e-05,0.7738713,empathicschool_s28,combined,empathicschool
0,2.7117027e-05,0.7738713,empathicschool_s28,combined,empathicschool
0,2.7117027e-05,0.7738713,empathicschool_s28,combined,empathicschool
0,2.7117027e-05,0.7738713,empathicschool_s28,combined,empathicschool
0,2.7116976e-05,0.7738715,empathicschool_s28,combined,empathicschool
0,2.7116976e-05,0.7738715,empathicschool_s28,combined,empathicschool
0,2.7116976e-05,0.7738715,empathicschool_s28,combined,empathicschool
0,2.7116976e-05,0.7738715,empathicschool_s28,combined,empathicschool
0,2.7116976e-05,0.7738715,empathicschool_s28,combined,empathicschool
0,2.3864264e-05,0.7929355,empathicschool_s28,combined,empathicschool
0,2.7117027e-05,0.7738713,empathicschool_s28,combined,empathicschool
0,2.7116976e-05,0.7738715,empathicschool_s28,combined,empathicschool
0,2.7116976e-05,0.7738715,empathicschool_s28,combined,empathicschool
0,2.7117027e-05,0.7738713,empathicschool_s28,combined,empathicschool
0,2.7117027e-05,0.7738713,empathicschool_s28,combined,empathicschool
0,2.7117027e-05,0.7738713,empathicschool_s28,combined,empathicschool
0,2.7116976e-05,0.7738715,empathicschool_s28,combined,empathicschool
0,2.7116976e-05,0.7738715,empathicschool_s28,combined,empathicschool
0,2.7116976e-05,0.7738715,empathicschool_s28,combined,empathicschool
0,2.7117027e-05,0.7738713,empathicschool_s28,combined,empathicschool
0,2.3864264e-05,0.79293495,empathicschool_s28,combined,empathicschool
0,2.7117027e-05,0.7738713,empathicschool_s28,combined,empathicschool
0,2.7117027e-05,0.7738713,empathicschool_s28,combined,empathicschool
0,2.7116976e-05,0.7738715,empathicschool_s28,combined,empathicschool
0,2.7117027e-05,0.7738713,empathicschool_s28,combined,empathicschool
0,2.7116976e-05,0.7738715,empathicschool_s28,combined,empathicschool
0,2.7117027e-05,0.7738713,empathicschool_s28,combined,empathicschool
0,2.7117027e-05,0.7738713,empathicschool_s28,combined,empathicschool
0,2.7117027e-05,0.7738713,empathicschool_s28,combined,empathicschool
0,2.7117027e-05,0.7738713,empathicschool_s28,combined,empathicschool
0,2.7116976e-05,0.7738715,empathicschool_s28,combined,empathicschool
0,2.386613e-05,0.79292756,empathicschool_s28,combined,empathicschool
0,2.7116976e-05,0.7738715,empathicschool_s28,combined,empathicschool
0,2.7116976e-05,0.7738715,empathicschool_s28,combined,empathicschool
0,2.7117027e-05,0.7738713,empathicschool_s28,combined,empathicschool
0,2.7117027e-05,0.7738713,empathicschool_s28,combined,empathicschool
0,2.7117027e-05,0.7738713,empathicschool_s28,combined,empathicschool
0,2.7117027e-05,0.7738713,empathicschool_s28,combined,empathicschool
0,2.7116976e-05,0.7738715,empathicschool_s28,combined,empathicschool
0,2.7116976e-05,0.7738715,empathicschool_s28,combined,empathicschool
0,2.7116976e-05,0.7738715,empathicschool_s28,combined,empathicschool
0,2.7117027e-05,0.7738713,empathicschool_s28,combined,empathicschool
0,2.3866403e-05,0.79292613,empathicschool_s28,combined,empathicschool
0,2.7117027e-05,0.7738713,empathicschool_s28,combined,empathicschool
0,2.7117027e-05,0.7738713,empathicschool_s28,combined,empathicschool
0,2.7116976e-05,0.7738715,empathicschool_s28,combined,empathicschool
0,2.7116976e-05,0.7738715,empathicschool_s28,combined,empathicschool
0,2.7116976e-05,0.7738715,empathicschool_s28,combined,empathicschool
0,2.7117027e-05,0.7738713,empathicschool_s28,combined,empathicschool
0,2.7117027e-05,0.7738713,empathicschool_s28,combined,empathicschool
0,2.7117027e-05,0.7738713,empathicschool_s28,combined,empathicschool
0,2.7116976e-05,0.7738715,empathicschool_s28,combined,empathicschool
0,2.7116976e-05,0.7738715,empathicschool_s28,combined,empathicschool
0,2.3846178e-05,0.79302245,empathicschool_s28,combined,empathicschool
0,2.7116976e-05,0.7738715,empathicschool_s28,combined,empathicschool
0,2.7117027e-05,0.7738713,empathicschool_s28,combined,empathicschool
0,2.7117027e-05,0.7738713,empathicschool_s28,combined,empathicschool
0,2.7116976e-05,0.7738715,empathicschool_s28,combined,empathicschool
0,2.7116976e-05,0.7738715,empathicschool_s28,combined,empathicschool
0,2.7116976e-05,0.7738715,empathicschool_s28,combined,empathicschool
0,2.7116976e-05,0.7738715,empathicschool_s28,combined,empathicschool
0,2.7116976e-05,0.7738715,empathicschool_s28,combined,empathicschool
0,2.7116976e-05,0.7738715,empathicschool_s28,combined,empathicschool
0,2.7117027e-05,0.7738713,empathicschool_s28,combined,empathicschool
0,2.7116976e-05,0.7738713,empathicschool_s28,combined,empathicschool
0,2.3725981e-05,0.7935067,empathicschool_s28,combined,empathicschool
0,2.7117027e-05,0.7738713,empathicschool_s28,combined,empathicschool
0,2.7116976e-05,0.7738715,empathicschool_s28,combined,empathicschool
0,2.7116976e-05,0.7738715,empathicschool_s28,combined,empathicschool
0,2.7116976e-05,0.7738715,empathicschool_s28,combined,empathicschool
0,2.7116976e-05,0.7738715,empathicschool_s28,combined,empathicschool
0,2.7117027e-05,0.7738713,empathicschool_s28,combined,empathicschool
0,2.7116976e-05,0.7738715,empathicschool_s28,combined,empathicschool
0,2.7116976e-05,0.7738715,empathicschool_s28,combined,empathicschool
0,2.7116976e-05,0.7738715,empathicschool_s28,combined,empathicschool
0,2.7116976e-05,0.7738715,empathicschool_s28,combined,empathicschool
0,2.376883e-05,0.79333,empathicschool_s28,combined,empathicschool
0,2.7116976e-05,0.7738715,empathicschool_s28,combined,empathicschool
0,2.7116976e-05,0.7738715,empathicschool_s28,combined,empathicschool
0,2.7116976e-05,0.7738715,empathicschool_s28,combined,empathicschool
0,2.7116976e-05,0.7738715,empathicschool_s28,combined,empathicschool
0,2.7116976e-05,0.7738715,empathicschool_s28,combined,empathicschool
0,2.7116976e-05,0.7738715,empathicschool_s28,combined,empathicschool
0,2.7117027e-05,0.7738713,empathicschool_s28,combined,empathicschool
0,2.7116976e-05,0.7738715,empathicschool_s28,combined,empathicschool
0,2.7116976e-05,0.7738715,empathicschool_s28,combined,empathicschool
0,2.7116976e-05,0.7738715,empathicschool_s28,combined,empathicschool
0,2.3724306e-05,0.7935119,empathicschool_s28,combined,empathicschool
0,2.7116976e-05,0.7738715,empathicschool_s28,combined,empathicschool
0,2.7116976e-05,0.7738715,empathicschool_s28,combined,empathicschool
0,2.7117027e-05,0.7738713,empathicschool_s28,combined,empathicschool
0,2.7116976e-05,0.7738715,empathicschool_s28,combined,empathicschool
0,2.7116976e-05,0.7738715,empathicschool_s28,combined,empathicschool
0,2.7116976e-05,0.7738715,empathicschool_s28,combined,empathicschool
0,2.7116976e-05,0.7738715,empathicschool_s28,combined,empathicschool
0,2.7116976e-05,0.7738715,empathicschool_s28,combined,empathicschool
0,2.7116976e-05,0.7738715,empathicschool_s28,combined,empathicschool
0,2.7116976e-05,0.7738715,empathicschool_s28,combined,empathicschool
0,2.3679053e-05,0.7936962,empathicschool_s28,combined,empathicschool
0,2.7116976e-05,0.7738715,empathicschool_s28,combined,empathicschool
0,2.7116976e-05,0.7738715,empathicschool_s28,combined,empathicschool
0,2.7116976e-05,0.7738715,empathicschool_s28,combined,empathicschool
0,2.7116976e-05,0.7738715,empathicschool_s28,combined,empathicschool
0,2.7116976e-05,0.7738715,empathicschool_s28,combined,empathicschool
0,2.7116976e-05,0.7738715,empathicschool_s28,combined,empathicschool
0,2.7116976e-05,0.7738715,empathicschool_s28,combined,empathicschool
0,2.7116976e-05,0.7738715,empathicschool_s28,combined,empathicschool
0,2.7116976e-05,0.7738715,empathicschool_s28,combined,empathicschool
0,2.7116976e-05,0.7738715,empathicschool_s28,combined,empathicschool
0,2.3663024e-05,0.7937618,empathicschool_s28,combined,empathicschool
0,2.7116976e-05,0.7738715,empathicschool_s28,combined,empathicschool
0,2.7116976e-05,0.7738715,empathicschool_s28,combined,empathicschool
0,2.7116976e-05,0.7738715,empathicschool_s28,combined,empathicschool
0,2.7116976e-05,0.7738715,empathicschool_s28,combined,empathicschool
0,2.7116976e-05,0.7738715,empathicschool_s28,combined,empathicschool
0,2.7116976e-05,0.7738715,empathicschool_s28,combined,empathicschool
0,2.7116976e-05,0.7738715,empathicschool_s28,combined,empathicschool
0,2.7116976e-05,0.7738715,empathicschool_s28,combined,empathicschool
0,2.7116976e-05,0.7738715,empathicschool_s28,combined,empathicschool
0,2.7116976e-05,0.7738715,empathicschool_s28,combined,empathicschool
0,2.3660861e-05,0.79376704,empathicschool_s28,combined,empathicschool
0,2.7116976e-05,0.7738715,empathicschool_s28,combined,empathicschool
0,2.7116976e-05,0.7738715,empathicschool_s28,combined,empathicschool
0,2.7116976e-05,0.7738715,empathicschool_s28,combined,empathicschool
0,2.7116976e-05,0.7738715,empathicschool_s28,combined,empathicschool
0,2.7116976e-05,0.7738715,empathicschool_s28,combined,empathicschool
0,2.7116976e-05,0.7738715,empathicschool_s28,combined,empathicschool
0,2.7116976e-05,0.7738715,empathicschool_s28,combined,empathicschool
0,2.7116976e-05,0.7738715,empathicschool_s28,combined,empathicschool
0,2.7116976e-05,0.7738715,empathicschool_s28,combined,empathicschool
0,2.7116976e-05,0.7738715,empathicschool_s28,combined,empathicschool
0,2.3701376e-05,0.7936064,empathicschool_s28,combined,empathicschool
0,2.7116976e-05,0.7738715,empathicschool_s28,combined,empathicschool
0,2.7116976e-05,0.7738715,empathicschool_s28,combined,empathicschool
0,2.7116976e-05,0.7738715,empathicschool_s28,combined,empathicschool
0,2.7116976e-05,0.7738715,empathicschool_s28,combined,empathicschool
0,2.7116976e-05,0.7738715,empathicschool_s28,combined,empathicschool
0,2.7116976e-05,0.7738715,empathicschool_s28,combined,empathicschool
0,2.7116976e-05,0.7738715,empathicschool_s28,combined,empathicschool
0,2.7116976e-05,0.7738715,empathicschool_s28,combined,empathicschool
0,2.7116976e-05,0.7738715,empathicschool_s28,combined,empathicschool
0,2.7116976e-05,0.7738715,empathicschool_s28,combined,empathicschool
0,2.3767512e-05,0.7933318,empathicschool_s28,combined,empathicschool
0,2.7116976e-05,0.7738715,empathicschool_s28,combined,empathicschool
0,2.7116976e-05,0.7738715,empathicschool_s28,combined,empathicschool
0,2.7116976e-05,0.7738715,empathicschool_s28,combined,empathicschool
0,2.7116976e-05,0.7738715,empathicschool_s28,combined,empathicschool
0,2.7116976e-05,0.7738715,empathicschool_s28,combined,empathicschool
0,2.7116976e-05,0.7738715,empathicschool_s28,combined,empathicschool
0,2.7116976e-05,0.7738715,empathicschool_s28,combined,empathicschool
0,2.7116976e-05,0.7738715,empathicschool_s28,combined,empathicschool
0,2.7116976e-05,0.7738715,empathicschool_s28,combined,empathicschool
0,2.7116976e-05,0.7738715,empathicschool_s28,combined,empathicschool
0,2.3808345e-05,0.79316384,empathicschool_s28,combined,empathicschool
0,2.7117027e-05,0.7738713,empathicschool_s28,combined,empathicschool
0,2.7116976e-05,0.7738715,empathicschool_s28,combined,empathicschool
0,2.7116976e-05,0.7738715,empathicschool_s28,combined,empathicschool
0,2.7116976e-05,0.7738715,empathicschool_s28,combined,empathicschool
0,2.7116976e-05,0.7738715,empathicschool_s28,combined,empathicschool
0,2.7116976e-05,0.7738715,empathicschool_s28,combined,empathicschool
0,2.7116976e-05,0.7738715,empathicschool_s28,combined,empathicschool
0,2.7116976e-05,0.7738715,empathicschool_s28,combined,empathicschool
0,2.7116976e-05,0.7738715,empathicschool_s28,combined,empathicschool
0,2.7116976e-05,0.7738715,empathicschool_s28,combined,empathicschool
0,2.3821427e-05,0.7931134,empathicschool_s28,combined,empathicschool
0,2.7116976e-05,0.7738715,empathicschool_s28,combined,empathicschool
0,2.7116976e-05,0.7738715,empathicschool_s28,combined,empathicschool
0,2.7117027e-05,0.7738713,empathicschool_s28,combined,empathicschool
0,2.7117027e-05,0.7738713,empathicschool_s28,combined,empathicschool
0,2.7117027e-05,0.7738713,empathicschool_s28,combined,empathicschool
0,2.7116976e-05,0.7738715,empathicschool_s28,combined,empathicschool
0,2.7116976e-05,0.7738715,empathicschool_s28,combined,empathicschool
0,2.7116976e-05,0.7738715,empathicschool_s28,combined,empathicschool
0,2.7116976e-05,0.7738715,empathicschool_s28,combined,empathicschool
0,2.7117027e-05,0.7738713,empathicschool_s28,combined,empathicschool
0,2.7116976e-05,0.7738713,empathicschool_s28,combined,empathicschool
0,2.3813318e-05,0.7931509,empathicschool_s28,combined,empathicschool
0,2.7117027e-05,0.7738713,empathicschool_s28,combined,empathicschool
0,2.7116976e-05,0.7738715,empathicschool_s28,combined,empathicschool
0,2.7116976e-05,0.7738715,empathicschool_s28,combined,empathicschool
0,2.7116976e-05,0.7738715,empathicschool_s28,combined,empathicschool
0,2.7116976e-05,0.7738715,empathicschool_s28,combined,empathicschool
0,2.7117027e-05,0.7738713,empathicschool_s28,combined,empathicschool
0,2.7116976e-05,0.7738715,empathicschool_s28,combined,empathicschool
0,2.7116976e-05,0.7738715,empathicschool_s28,combined,empathicschool
0,2.7116976e-05,0.7738715,empathicschool_s28,combined,empathicschool
0,2.7117027e-05,0.7738713,empathicschool_s28,combined,empathicschool
0,2.382029e-05,0.7931188,empathicschool_s28,combined,empathicschool
0,2.7117027e-05,0.7738713,empathicschool_s28,combined,empathicschool
0,2.7116976e-05,0.7738715,empathicschool_s28,combined,empathicschool
0,2.7116976e-05,0.7738715,empathicschool_s28,combined,empathicschool
0,2.7116976e-05,0.7738715,empathicschool_s28,combined,empathicschool
0,2.7116976e-05,0.7738715,empathicschool_s28,combined,empathicschool
0,2.7116976e-05,0.7738715,empathicschool_s28,combined,empathicschool
0,2.7116976e-05,0.7738715,empathicschool_s28,combined,empathicschool
0,2.7116976e-05,0.7738715,empathicschool_s28,combined,empathicschool
0,2.7116976e-05,0.7738715,empathicschool_s28,combined,empathicschool
0,2.7116976e-05,0.7738715,empathicschool_s28,combined,empathicschool
0,2.3827015e-05,0.7930892,empathicschool_s28,combined,empathicschool
0,2.7116976e-05,0.7738715,empathicschool_s28,combined,empathicschool
0,2.7116976e-05,0.7738715,empathicschool_s28,combined,empathicschool
0,2.7117027e-05,0.7738713,empathicschool_s28,combined,empathicschool
0,2.7116976e-05,0.7738715,empathicschool_s28,combined,empathicschool
0,2.7116976e-05,0.7738715,empathicschool_s28,combined,empathicschool
0,2.7116976e-05,0.7738715,empathicschool_s28,combined,empathicschool
0,2.7116976e-05,0.7738715,empathicschool_s28,combined,empathicschool
0,2.7116976e-05,0.7738715,empathicschool_s28,combined,empathicschool
0,2.7116976e-05,0.7738715,empathicschool_s28,combined,empathicschool
0,2.7117027e-05,0.7738713,empathicschool_s28,combined,empathicschool
0,2.3835697e-05,0.7930588,empathicschool_s28,combined,empathicschool
0,2.7117027e-05,0.7738713,empathicschool_s28,combined,empathicschool
0,2.7116976e-05,0.7738715,empathicschool_s28,combined,empathicschool
0,2.7116976e-05,0.7738715,empathicschool_s28,combined,empathicschool
0,2.7116976e-05,0.7738715,empathicschool_s28,combined,empathicschool
0,2.7116976e-05,0.7738715,empathicschool_s28,combined,empathicschool
0,2.7116976e-05,0.7738715,empathicschool_s28,combined,empathicschool
0,2.7116976e-05,0.7738715,empathicschool_s28,combined,empathicschool
0,2.7116976e-05,0.7738715,empathicschool_s28,combined,empathicschool
0,2.7116976e-05,0.7738715,empathicschool_s28,combined,empathicschool
0,2.7116976e-05,0.7738715,empathicschool_s28,combined,empathicschool
0,2.3846384e-05,0.79301053,empathicschool_s28,combined,empathicschool
0,2.7116976e-05,0.7738715,empathicschool_s28,combined,empathicschool
0,2.7116976e-05,0.7738715,empathicschool_s28,combined,empathicschool
0,2.7116976e-05,0.7738715,empathicschool_s28,combined,empathicschool
0,2.7116976e-05,0.7738715,empathicschool_s28,combined,empathicschool
0,2.7116976e-05,0.7738715,empathicschool_s28,combined,empathicschool
0,2.7116976e-05,0.7738715,empathicschool_s28,combined,empathicschool
0,2.7116976e-05,0.7738715,empathicschool_s28,combined,empathicschool
0,2.7116976e-05,0.7738715,empathicschool_s28,combined,empathicschool
0,2.7116976e-05,0.7738715,empathicschool_s28,combined,empathicschool
0,2.7116976e-05,0.7738715,empathicschool_s28,combined,empathicschool
0,2.3844472e-05,0.7930187,empathicschool_s28,combined,empathicschool
0,2.7116976e-05,0.7738715,empathicschool_s28,combined,empathicschool
0,2.7116976e-05,0.7738715,empathicschool_s28,combined,empathicschool
0,2.7116976e-05,0.7738715,empathicschool_s28,combined,empathicschool
0,2.7116976e-05,0.7738715,empathicschool_s28,combined,empathicschool
0,2.7116976e-05,0.7738715,empathicschool_s28,combined,empathicschool
0,2.7116976e-05,0.7738715,empathicschool_s28,combined,empathicschool
0,2.7116976e-05,0.7738715,empathicschool_s28,combined,empathicschool
0,2.7116976e-05,0.7738715,empathicschool_s28,combined,empathicschool
0,2.7116976e-05,0.7738715,empathicschool_s28,combined,empathicschool
0,2.7116976e-05,0.7738715,empathicschool_s28,combined,empathicschool
0,2.383588e-05,0.79305714,empathicschool_s28,combined,empathicschool
0,2.7116976e-05,0.7738715,empathicschool_s28,combined,empathicschool
0,2.7116976e-05,0.7738715,empathicschool_s28,combined,empathicschool
0,2.7116976e-05,0.7738715,empathicschool_s28,combined,empathicschool
0,2.7116976e-05,0.7738715,empathicschool_s28,combined,empathicschool
0,2.7116976e-05,0.7738715,empathicschool_s28,combined,empathicschool
0,2.7116976e-05,0.7738715,empathicschool_s28,combined,empathicschool
0,2.7116976e-05,0.7738715,empathicschool_s28,combined,empathicschool
0,2.7116976e-05,0.7738715,empathicschool_s28,combined,empathicschool
0,2.7116976e-05,0.7738715,empathicschool_s28,combined,empathicschool
0,2.7116976e-05,0.7738715,empathicschool_s28,combined,empathicschool
0,2.3931587e-05,0.79266846,empathicschool_s28,combined,empathicschool
0,2.7116976e-05,0.7738715,empathicschool_s28,combined,empathicschool
0,2.7116976e-05,0.7738715,empathicschool_s28,combined,empathicschool
0,2.7116976e-05,0.7738715,empathicschool_s28,combined,empathicschool
0,2.7116976e-05,0.7738715,empathicschool_s28,combined,empathicschool
0,2.7116976e-05,0.7738715,empathicschool_s28,combined,empathicschool
0,2.7116976e-05,0.7738715,empathicschool_s28,combined,empathicschool
0,2.7116976e-05,0.7738715,empathicschool_s28,combined,empathicschool
0,2.7116976e-05,0.7738715,empathicschool_s28,combined,empathicschool
0,2.7116976e-05,0.7738715,empathicschool_s28,combined,empathicschool
0,2.7116976e-05,0.7738715,empathicschool_s28,combined,empathicschool
0,2.4051133e-05,0.79218495,empathicschool_s28,combined,empathicschool
0,2.7116976e-05,0.7738715,empathicschool_s28,combined,empathicschool
0,2.7116976e-05,0.7738715,empathicschool_s28,combined,empathicschool
0,2.7116976e-05,0.7738715,empathicschool_s28,combined,empathicschool
0,2.7116976e-05,0.7738715,empathicschool_s28,combined,empathicschool
0,2.7116976e-05,0.7738715,empathicschool_s28,combined,empathicschool
0,2.7116976e-05,0.7738715,empathicschool_s28,combined,empathicschool
0,2.7116976e-05,0.7738715,empathicschool_s28,combined,empathicschool
0,2.7116976e-05,0.7738715,empathicschool_s28,combined,empathicschool
0,2.7116976e-05,0.7738715,empathicschool_s28,combined,empathicschool
0,2.7116976e-05,0.7738715,empathicschool_s28,combined,empathicschool
0,2.4096453e-05,0.7920035,empathicschool_s28,combined,empathicschool
0,2.7116976e-05,0.7738715,empathicschool_s28,combined,empathicschool
0,2.7116976e-05,0.7738715,empathicschool_s28,combined,empathicschool
0,2.7116976e-05,0.7738715,empathicschool_s28,combined,empathicschool
0,2.7116976e-05,0.7738715,empathicschool_s28,combined,empathicschool
0,2.7116976e-05,0.7738715,empathicschool_s28,combined,empathicschool
0,2.7116976e-05,0.7738715,empathicschool_s28,combined,empathicschool
0,2.7116976e-05,0.7738715,empathicschool_s28,combined,empathicschool
0,2.7116976e-05,0.7738715,empathicschool_s28,combined,empathicschool
0,2.7116976e-05,0.7738715,empathicschool_s28,combined,empathicschool
0,2.7116976e-05,0.7738715,empathicschool_s28,combined,empathicschool
0,2.7108134e-05,0.77423215,empathicschool_s28,combined,empathicschool
0,2.410429e-05,0.79197186,empathicschool_s28,combined,empathicschool
0,2.7116976e-05,0.7738715,empathicschool_s28,combined,empathicschool
0,2.7116976e-05,0.7738715,empathicschool_s28,combined,empathicschool
0,2.7116976e-05,0.7738715,empathicschool_s28,combined,empathicschool
0,2.7116976e-05,0.7738715,empathicschool_s28,combined,empathicschool
0,2.7116976e-05,0.7738715,empathicschool_s28,combined,empathicschool
0,2.7116976e-05,0.7738715,empathicschool_s28,combined,empathicschool
0,2.7116976e-05,0.7738715,empathicschool_s28,combined,empathicschool
0,2.7116976e-05,0.7738715,empathicschool_s28,combined,empathicschool
0,2.7116976e-05,0.7738715,empathicschool_s28,combined,empathicschool
0,2.7116976e-05,0.7738715,empathicschool_s28,combined,empathicschool
0,2.4103301e-05,0.7919753,empathicschool_s28,combined,empathicschool
0,2.7116976e-05,0.7738715,empathicschool_s28,combined,empathicschool
0,2.7116976e-05,0.7738715,empathicschool_s28,combined,empathicschool
0,2.7116976e-05,0.7738715,empathicschool_s28,combined,empathicschool
0,2.7116976e-05,0.7738715,empathicschool_s28,combined,empathicschool
0,2.7116976e-05,0.7738715,empathicschool_s28,combined,empathicschool
0,2.7116976e-05,0.7738715,empathicschool_s28,combined,empathicschool
0,2.7116976e-05,0.7738715,empathicschool_s28,combined,empathicschool
0,2.7116976e-05,0.7738715,empathicschool_s28,combined,empathicschool
0,2.7116976e-05,0.7738715,empathicschool_s28,combined,empathicschool
0,2.7116976e-05,0.7738715,empathicschool_s28,combined,empathicschool
0,2.416127e-05,0.7917447,empathicschool_s28,combined,empathicschool
0,2.7116976e-05,0.7738715,empathicschool_s28,combined,empathicschool
0,2.7116976e-05,0.7738715,empathicschool_s28,combined,empathicschool
0,2.7116976e-05,0.7738715,empathicschool_s28,combined,empathicschool
0,2.7116976e-05,0.7738715,empathicschool_s28,combined,empathicschool
0,2.7116976e-05,0.7738715,empathicschool_s28,combined,empathicschool
0,2.7116976e-05,0.7738715,empathicschool_s28,combined,empathicschool
0,2.7116976e-05,0.7738715,empathicschool_s28,combined,empathicschool
0,2.7116976e-05,0.7738715,empathicschool_s28,combined,empathicschool
0,2.7116976e-05,0.7738715,empathicschool_s28,combined,empathicschool
0,2.7116976e-05,0.7738715,empathicschool_s28,combined,empathicschool
0,2.4119741e-05,0.79191065,empathicschool_s28,combined,empathicschool
0,2.7116976e-05,0.7738715,empathicschool_s28,combined,empathicschool
0,2.7116976e-05,0.7738715,empathicschool_s28,combined,empathicschool
0,2.7116976e-05,0.7738715,empathicschool_s28,combined,empathicschool
0,2.7116976e-05,0.7738715,empathicschool_s28,combined,empathicschool
0,2.7116976e-05,0.7738715,empathicschool_s28,combined,empathicschool
0,2.7116976e-05,0.7738715,empathicschool_s28,combined,empathicschool
0,2.7116976e-05,0.7738715,empathicschool_s28,combined,empathicschool
0,2.7116976e-05,0.7738715,empathicschool_s28,combined,empathicschool
0,2.7116976e-05,0.7738715,empathicschool_s28,combined,empathicschool
0,2.7116976e-05,0.7738715,empathicschool_s28,combined,empathicschool
0,2.4137898e-05,0.7918345,empathicschool_s28,combined,empathicschool
0,2.7116976e-05,0.7738715,empathicschool_s28,combined,empathicschool
0,2.7116976e-05,0.7738715,empathicschool_s28,combined,empathicschool
0,2.7116976e-05,0.7738715,empathicschool_s28,combined,empathicschool
0,2.7116976e-05,0.7738715,empathicschool_s28,combined,empathicschool
0,2.7116976e-05,0.7738715,empathicschool_s28,combined,empathicschool
0,2.7116976e-05,0.7738715,empathicschool_s28,combined,empathicschool
0,2.7116976e-05,0.7738715,empathicschool_s28,combined,empathicschool
0,2.7116976e-05,0.7738715,empathicschool_s28,combined,empathicschool
0,2.7116976e-05,0.7738715,empathicschool_s28,combined,empathicschool
0,2.7116976e-05,0.7738715,empathicschool_s28,combined,empathicschool
0,1.5067407e-05,0.83347565,empathicschool_s28,combined,empathicschool
0,2.7116976e-05,0.7738715,empathicschool_s28,combined,empathicschool
0,2.7116976e-05,0.7738715,empathicschool_s28,combined,empathicschool
0,2.7116976e-05,0.7738715,empathicschool_s28,combined,empathicschool
0,2.7116976e-05,0.7738715,empathicschool_s28,combined,empathicschool
0,2.7116976e-05,0.7738715,empathicschool_s28,combined,empathicschool
0,2.7116976e-05,0.7738715,empathicschool_s28,combined,empathicschool
0,2.7116976e-05,0.7738715,empathicschool_s28,combined,empathicschool
0,2.7116976e-05,0.7738715,empathicschool_s28,combined,empathicschool
0,2.7116976e-05,0.7738715,empathicschool_s28,combined,empathicschool
0,2.7116976e-05,0.7738715,empathicschool_s28,combined,empathicschool
0,1.8490864e-05,0.8164543,empathicschool_s28,combined,empathicschool
0,2.7116976e-05,0.7738715,empathicschool_s28,combined,empathicschool
0,2.7116976e-05,0.7738715,empathicschool_s28,combined,empathicschool
0,2.7116976e-05,0.7738715,empathicschool_s28,combined,empathicschool
0,2.7116976e-05,0.7738715,empathicschool_s28,combined,empathicschool
0,2.7116976e-05,0.7738715,empathicschool_s28,combined,empathicschool
0,2.7116976e-05,0.7738715,empathicschool_s28,combined,empathicschool
0,2.7116976e-05,0.7738715,empathicschool_s28,combined,empathicschool
0,2.7116976e-05,0.7738715,empathicschool_s28,combined,empathicschool
0,2.7116976e-05,0.7738715,empathicschool_s28,combined,empathicschool
0,2.7116976e-05,0.7738715,empathicschool_s28,combined,empathicschool
0,2.2762e-05,0.79746956,empathicschool_s28,combined,empathicschool
0,2.7116976e-05,0.7738715,empathicschool_s28,combined,empathicschool
0,2.7116976e-05,0.7738715,empathicschool_s28,combined,empathicschool
0,2.7116976e-05,0.7738715,empathicschool_s28,combined,empathicschool
0,2.7116976e-05,0.7738715,empathicschool_s28,combined,empathicschool
0,2.7116976e-05,0.7738715,empathicschool_s28,combined,empathicschool
0,2.7116976e-05,0.7738715,empathicschool_s28,combined,empathicschool
0,2.7116976e-05,0.7738715,empathicschool_s28,combined,empathicschool
0,2.7116976e-05,0.7738715,empathicschool_s28,combined,empathicschool
0,2.7116976e-05,0.7738715,empathicschool_s28,combined,empathicschool
0,2.7116976e-05,0.7738715,empathicschool_s28,combined,empathicschool
0,2.2779655e-05,0.7973962,empathicschool_s28,combined,empathicschool
0,2.7116976e-05,0.7738715,empathicschool_s28,combined,empathicschool
0,2.7116976e-05,0.7738715,empathicschool_s28,combined,empathicschool
0,2.7116976e-05,0.7738715,empathicschool_s28,combined,empathicschool
0,2.7116976e-05,0.7738715,empathicschool_s28,combined,empathicschool
0,2.7116976e-05,0.7738715,empathicschool_s28,combined,empathicschool
0,2.7116976e-05,0.7738715,empathicschool_s28,combined,empathicschool
0,2.7116976e-05,0.7738715,empathicschool_s28,combined,empathicschool
0,2.7116976e-05,0.7738715,empathicschool_s28,combined,empathicschool
0,2.7116976e-05,0.7738715,empathicschool_s28,combined,empathicschool
0,2.7116976e-05,0.7738715,empathicschool_s28,combined,empathicschool
0,2.2785804e-05,0.79736954,empathicschool_s28,combined,empathicschool
0,2.7116976e-05,0.7738715,empathicschool_s28,combined,empathicschool
0,2.7116976e-05,0.7738715,empathicschool_s28,combined,empathicschool
0,2.7116976e-05,0.7738715,empathicschool_s28,combined,empathicschool
0,2.7116976e-05,0.7738715,empathicschool_s28,combined,empathicschool
0,2.7116976e-05,0.7738715,empathicschool_s28,combined,empathicschool
0,2.7116976e-05,0.7738715,empathicschool_s28,combined,empathicschool
0,2.7116976e-05,0.7738715,empathicschool_s28,combined,empathicschool
0,2.7116976e-05,0.7738715,empathicschool_s28,combined,empathicschool
0,2.7116976e-05,0.7738715,empathicschool_s28,combined,empathicschool
0,2.7116976e-05,0.7738715,empathicschool_s28,combined,empathicschool
0,1.2573688e-05,0.84855425,empathicschool_s28,combined,empathicschool
0,2.2795217e-05,0.79733187,empathicschool_s28,combined,empathicschool
0,2.7116976e-05,0.7738715,empathicschool_s28,combined,empathicschool
0,2.7116976e-05,0.7738715,empathicschool_s28,combined,empathicschool
0,2.7116976e-05,0.7738715,empathicschool_s28,combined,empathicschool
0,2.7116976e-05,0.7738715,empathicschool_s28,combined,empathicschool
0,2.7116976e-05,0.7738715,empathicschool_s28,combined,empathicschool
0,2.7116976e-05,0.7738715,empathicschool_s28,combined,empathicschool
0,2.7116976e-05,0.7738715,empathicschool_s28,combined,empathicschool
0,2.7116976e-05,0.7738715,empathicschool_s28,combined,empathicschool
0,2.7116976e-05,0.7738715,empathicschool_s28,combined,empathicschool
0,2.7116976e-05,0.7738715,empathicschool_s28,combined,empathicschool
0,2.2790824e-05,0.7973498,empathicschool_s28,combined,empathicschool
0,2.7116976e-05,0.7738715,empathicschool_s28,combined,empathicschool
0,2.7116976e-05,0.7738715,empathicschool_s28,combined,empathicschool
0,2.7116976e-05,0.7738715,empathicschool_s28,combined,empathicschool
0,2.7116976e-05,0.7738715,empathicschool_s28,combined,empathicschool
0,2.7116976e-05,0.7738715,empathicschool_s28,combined,empathicschool
0,2.7116976e-05,0.7738715,empathicschool_s28,combined,empathicschool
0,2.7116976e-05,0.7738715,empathicschool_s28,combined,empathicschool
0,2.7116976e-05,0.7738715,empathicschool_s28,combined,empathicschool
0,2.7116976e-05,0.7738715,empathicschool_s28,combined,empathicschool
0,2.7116976e-05,0.7738715,empathicschool_s28,combined,empathicschool
0,2.2779655e-05,0.7973962,empathicschool_s28,combined,empathicschool
0,2.7116976e-05,0.7738715,empathicschool_s28,combined,empathicschool
0,2.7116976e-05,0.7738715,empathicschool_s28,combined,empathicschool
0,2.7116976e-05,0.7738715,empathicschool_s28,combined,empathicschool
0,2.7116976e-05,0.7738715,empathicschool_s28,combined,empathicschool
0,2.7116976e-05,0.7738715,empathicschool_s28,combined,empathicschool
0,2.7116976e-05,0.7738715,empathicschool_s28,combined,empathicschool
0,2.7116976e-05,0.7738715,empathicschool_s28,combined,empathicschool
0,2.7116976e-05,0.7738715,empathicschool_s28,combined,empathicschool
0,2.7116976e-05,0.7738715,empathicschool_s28,combined,empathicschool
0,2.7116976e-05,0.7738715,empathicschool_s28,combined,empathicschool
0,2.2832917e-05,0.79717267,empathicschool_s28,combined,empathicschool
0,2.7116976e-05,0.7738715,empathicschool_s28,combined,empathicschool
0,2.7116976e-05,0.7738715,empathicschool_s28,combined,empathicschool
0,2.7116976e-05,0.7738715,empathicschool_s28,combined,empathicschool
0,2.7116976e-05,0.7738715,empathicschool_s28,combined,empathicschool
0,2.7116976e-05,0.7738715,empathicschool_s28,combined,empathicschool
0,2.7116976e-05,0.7738715,empathicschool_s28,combined,empathicschool
0,2.7116976e-05,0.7738715,empathicschool_s28,combined,empathicschool
0,2.7116976e-05,0.7738715,empathicschool_s28,combined,empathicschool
0,2.7116976e-05,0.7738715,empathicschool_s28,combined,empathicschool
0,2.7116976e-05,0.7738715,empathicschool_s28,combined,empathicschool
0,2.2835138e-05,0.7971665,empathicschool_s28,combined,empathicschool
0,2.7116976e-05,0.7738715,empathicschool_s28,combined,empathicschool
0,2.7116976e-05,0.7738715,empathicschool_s28,combined,empathicschool
0,2.7116976e-05,0.7738715,empathicschool_s28,combined,empathicschool
0,2.7116976e-05,0.7738715,empathicschool_s28,combined,empathicschool
0,2.7116976e-05,0.7738715,empathicschool_s28,combined,empathicschool
0,2.7116976e-05,0.7738715,empathicschool_s28,combined,empathicschool
0,2.7116976e-05,0.7738715,empathicschool_s28,combined,empathicschool
0,2.7116976e-05,0.7738715,empathicschool_s28,combined,empathicschool
0,2.7116976e-05,0.7738715,empathicschool_s28,combined,empathicschool
0,2.7116976e-05,0.7738715,empathicschool_s28,combined,empathicschool
0,2.2805e-05,0.7972904,empathicschool_s28,combined,empathicschool
0,2.7116976e-05,0.7738715,empathicschool_s28,combined,empathicschool
0,2.7116976e-05,0.7738715,empathicschool_s28,combined,empathicschool
0,2.7116976e-05,0.7738715,empathicschool_s28,combined,empathicschool
0,2.7116976e-05,0.7738715,empathicschool_s28,combined,empathicschool
0,2.7116976e-05,0.7738715,empathicschool_s28,combined,empathicschool
0,2.7116976e-05,0.7738715,empathicschool_s28,combined,empathicschool
0,2.7116976e-05,0.7738715,empathicschool_s28,combined,empathicschool
0,2.7116976e-05,0.7738715,empathicschool_s28,combined,empathicschool
0,2.7116976e-05,0.7738715,empathicschool_s28,combined,empathicschool
0,2.7116976e-05,0.7738715,empathicschool_s28,combined,empathicschool
0,2.2877208e-05,0.79698634,empathicschool_s28,combined,empathicschool
0,2.7116976e-05,0.7738715,empathicschool_s28,combined,empathicschool
0,2.7116976e-05,0.7738715,empathicschool_s28,combined,empathicschool
0,2.7116976e-05,0.7738715,empathicschool_s28,combined,empathicschool
0,2.7116976e-05,0.7738715,empathicschool_s28,combined,empathicschool
0,2.7116976e-05,0.7738715,empathicschool_s28,combined,empathicschool
0,2.7116976e-05,0.7738715,empathicschool_s28,combined,empathicschool
0,2.7116976e-05,0.7738715,empathicschool_s28,combined,empathicschool
0,2.7116976e-05,0.7738715,empathicschool_s28,combined,empathicschool
0,2.7116976e-05,0.7738715,empathicschool_s28,combined,empathicschool
0,2.7116976e-05,0.7738715,empathicschool_s28,combined,empathicschool
0,2.2950038e-05,0.7966859,empathicschool_s28,combined,empathicschool
0,2.7116976e-05,0.7738715,empathicschool_s28,combined,empathicschool
0,2.7116976e-05,0.7738715,empathicschool_s28,combined,empathicschool
0,2.7116976e-05,0.7738715,empathicschool_s28,combined,empathicschool
0,2.7116976e-05,0.7738715,empathicschool_s28,combined,empathicschool
0,2.7116976e-05,0.7738715,empathicschool_s28,combined,empathicschool
0,2.7116976e-05,0.7738715,empathicschool_s28,combined,empathicschool
0,2.7116976e-05,0.7738715,empathicschool_s28,combined,empathicschool
0,2.7116976e-05,0.7738715,empathicschool_s28,combined,empathicschool
0,2.7116976e-05,0.7738715,empathicschool_s28,combined,empathicschool
0,2.7116976e-05,0.7738715,empathicschool_s28,combined,empathicschool
0,1.4722236e-05,0.8359938,empathicschool_s28,combined,empathicschool
0,2.7116976e-05,0.7738715,empathicschool_s28,combined,empathicschool
0,2.7116976e-05,0.7738715,empathicschool_s28,combined,empathicschool
0,2.7116976e-05,0.7738715,empathicschool_s28,combined,empathicschool
0,2.7116976e-05,0.7738715,empathicschool_s28,combined,empathicschool
0,2.7116976e-05,0.7738715,empathicschool_s28,combined,empathicschool
0,2.7116976e-05,0.7738715,empathicschool_s28,combined,empathicschool
0,2.7116976e-05,0.7738715,empathicschool_s28,combined,empathicschool
0,2.7116976e-05,0.7738715,empathicschool_s28,combined,empathicschool
0,2.7116976e-05,0.7738715,empathicschool_s28,combined,empathicschool
0,2.7116976e-05,0.7738715,empathicschool_s28,combined,empathicschool
0,7.999526e-06,0.87977296,empathicschool_s28,combined,empathicschool
0,2.7116976e-05,0.7738715,empathicschool_s28,combined,empathicschool
0,2.7116976e-05,0.7738715,empathicschool_s28,combined,empathicschool
0,2.7117027e-05,0.7738713,empathicschool_s28,combined,empathicschool
0,2.7116976e-05,0.7738715,empathicschool_s28,combined,empathicschool
0,2.7116976e-05,0.7738715,empathicschool_s28,combined,empathicschool
0,2.7116976e-05,0.7738715,empathicschool_s28,combined,empathicschool
0,2.7116976e-05,0.7738715,empathicschool_s28,combined,empathicschool
0,2.7116976e-05,0.7738715,empathicschool_s28,combined,empathicschool
0,2.7116976e-05,0.7738715,empathicschool_s28,combined,empathicschool
0,2.7116976e-05,0.7738715,empathicschool_s28,combined,empathicschool
0,4.2559773e-06,0.91556513,empathicschool_s28,combined,empathicschool
0,6.8543964e-06,0.8892654,empathicschool_s28,combined,empathicschool
0,2.7116976e-05,0.7738715,empathicschool_s28,combined,empathicschool
0,2.7116976e-05,0.7738715,empathicschool_s28,combined,empathicschool
0,2.7116976e-05,0.7738715,empathicschool_s28,combined,empathicschool
0,2.7116976e-05,0.7738715,empathicschool_s28,combined,empathicschool
0,2.7116976e-05,0.7738715,empathicschool_s28,combined,empathicschool
0,2.7116976e-05,0.7738715,empathicschool_s28,combined,empathicschool
0,2.7116976e-05,0.7738715,empathicschool_s28,combined,empathicschool
0,2.7116976e-05,0.7738715,empathicschool_s28,combined,empathicschool
0,2.7116976e-05,0.7738715,empathicschool_s28,combined,empathicschool
0,2.7116976e-05,0.7738715,empathicschool_s28,combined,empathicschool
0,6.9282846e-06,0.8886083,empathicschool_s28,combined,empathicschool
0,2.7116976e-05,0.7738715,empathicschool_s28,combined,empathicschool
0,2.7116976e-05,0.7738715,empathicschool_s28,combined,empathicschool
0,2.7116976e-05,0.7738715,empathicschool_s28,combined,empathicschool
0,2.7116976e-05,0.7738715,empathicschool_s28,combined,empathicschool
0,2.7116976e-05,0.7738715,empathicschool_s28,combined,empathicschool
0,2.7116976e-05,0.7738715,empathicschool_s28,combined,empathicschool
0,2.7116976e-05,0.7738715,empathicschool_s28,combined,empathicschool
0,2.7116976e-05,0.7738715,empathicschool_s28,combined,empathicschool
0,2.7116976e-05,0.7738715,empathicschool_s28,combined,empathicschool
0,2.7116976e-05,0.7738715,empathicschool_s28,combined,empathicschool
0,7.046125e-06,0.88759255,empathicschool_s28,combined,empathicschool
0,2.7116976e-05,0.7738715,empathicschool_s28,combined,empathicschool
0,2.7116976e-05,0.7738715,empathicschool_s28,combined,empathicschool
0,2.7116976e-05,0.7738715,empathicschool_s28,combined,empathicschool
0,2.7116976e-05,0.7738715,empathicschool_s28,combined,empathicschool
0,2.7116976e-05,0.7738715,empathicschool_s28,combined,empathicschool
0,2.7116976e-05,0.7738715,empathicschool_s28,combined,empathicschool
0,2.7116976e-05,0.7738715,empathicschool_s28,combined,empathicschool
0,2.7116976e-05,0.7738715,empathicschool_s28,combined,empathicschool
0,2.7116976e-05,0.7738715,empathicschool_s28,combined,empathicschool
0,2.7116976e-05,0.7738715,empathicschool_s28,combined,empathicschool
0,7.064265e-06,0.88743585,empathicschool_s28,combined,empathicschool
0,2.7116976e-05,0.7738715,empathicschool_s28,combined,empathicschool
0,2.7116976e-05,0.7738715,empathicschool_s28,combined,empathicschool
0,2.7116976e-05,0.7738715,empathicschool_s28,combined,empathicschool
0,2.7116976e-05,0.7738715,empathicschool_s28,combined,empathicschool
0,2.7116976e-05,0.7738715,empathicschool_s28,combined,empathicschool
0,2.7116976e-05,0.7738715,empathicschool_s28,combined,empathicschool
0,2.7116976e-05,0.7738715,empathicschool_s28,combined,empathicschool
0,2.7116976e-05,0.7738715,empathicschool_s28,combined,empathicschool
0,2.7116976e-05,0.7738715,empathicschool_s28,combined,empathicschool
0,2.7116976e-05,0.7738715,empathicschool_s28,combined,empathicschool
0,5.937922e-06,0.8973312,empathicschool_s28,combined,empathicschool
0,2.7116976e-05,0.7738715,empathicschool_s28,combined,empathicschool
0,2.7116976e-05,0.7738715,empathicschool_s28,combined,empathicschool
0,2.7116976e-05,0.7738715,empathicschool_s28,combined,empathicschool
0,2.7116976e-05,0.7738715,empathicschool_s28,combined,empathicschool
0,2.7116976e-05,0.7738715,empathicschool_s28,combined,empathicschool
0,2.7116976e-05,0.7738715,empathicschool_s28,combined,empathicschool
0,2.7116976e-05,0.7738715,empathicschool_s28,combined,empathicschool
0,2.7116976e-05,0.7738715,empathicschool_s28,combined,empathicschool
0,2.7116976e-05,0.7738715,empathicschool_s28,combined,empathicschool
0,2.7116976e-05,0.7738715,empathicschool_s28,combined,empathicschool
0,9.711978e-06,0.8668652,empathicschool_s28,combined,empathicschool
0,2.7116976e-05,0.7738715,empathicschool_s28,combined,empathicschool
0,2.7116976e-05,0.7738715,empathicschool_s28,combined,empathicschool
0,2.7116976e-05,0.7738715,empathicschool_s28,combined,empathicschool
0,2.7116976e-05,0.7738715,empathicschool_s28,combined,empathicschool
0,2.7116976e-05,0.7738715,empathicschool_s28,combined,empathicschool
0,2.7116976e-05,0.7738715,empathicschool_s28,combined,empathicschool
0,2.7116976e-05,0.7738715,empathicschool_s28,combined,empathicschool
0,2.7116976e-05,0.7738715,empathicschool_s28,combined,empathicschool
0,2.7116976e-05,0.7738715,empathicschool_s28,combined,empathicschool
0,2.7116976e-05,0.7738715,empathicschool_s28,combined,empathicschool
0,1.5723941e-05,0.8304586,empathicschool_s28,combined,empathicschool
0,2.7116976e-05,0.7738715,empathicschool_s28,combined,empathicschool
0,2.7116976e-05,0.7738715,empathicschool_s28,combined,empathicschool
0,2.7116976e-05,0.7738715,empathicschool_s28,combined,empathicschool
0,2.7116976e-05,0.7738715,empathicschool_s28,combined,empathicschool
0,2.7116976e-05,0.7738715,empathicschool_s28,combined,empathicschool
0,2.7116976e-05,0.7738715,empathicschool_s28,combined,empathicschool
0,2.7116976e-05,0.7738715,empathicschool_s28,combined,empathicschool
0,2.7116976e-05,0.7738715,empathicschool_s28,combined,empathicschool
0,2.7116976e-05,0.7738715,empathicschool_s28,combined,empathicschool
0,2.7116976e-05,0.7738715,empathicschool_s28,combined,empathicschool
0,1.5886017e-05,0.8295961,empathicschool_s28,combined,empathicschool
0,2.7116976e-05,0.7738715,empathicschool_s28,combined,empathicschool
0,2.7116976e-05,0.7738715,empathicschool_s28,combined,empathicschool
0,2.7116976e-05,0.7738715,empathicschool_s28,combined,empathicschool
0,2.7116976e-05,0.7738715,empathicschool_s28,combined,empathicschool
0,2.7116976e-05,0.7738715,empathicschool_s28,combined,empathicschool
0,2.7116976e-05,0.7738715,empathicschool_s28,combined,empathicschool
0,2.7116976e-05,0.7738715,empathicschool_s28,combined,empathicschool
0,2.7116976e-05,0.7738715,empathicschool_s28,combined,empathicschool
0,2.7116976e-05,0.7738715,empathicschool_s28,combined,empathicschool
0,2.7116976e-05,0.7738715,empathicschool_s28,combined,empathicschool
0,4.460498e-06,0.9135257,empathicschool_s28,combined,empathicschool
0,2.7116976e-05,0.7738715,empathicschool_s28,combined,empathicschool
0,2.7116976e-05,0.7738715,empathicschool_s28,combined,empathicschool
0,2.7116976e-05,0.7738715,empathicschool_s28,combined,empathicschool
0,2.7116976e-05,0.7738715,empathicschool_s28,combined,empathicschool
0,2.7116976e-05,0.7738715,empathicschool_s28,combined,empathicschool
0,2.7116976e-05,0.7738715,empathicschool_s28,combined,empathicschool
0,2.7116976e-05,0.7738715,empathicschool_s28,combined,empathicschool
0,2.7116976e-05,0.7738715,empathicschool_s28,combined,empathicschool
0,2.7116976e-05,0.7738715,empathicschool_s28,combined,empathicschool
0,2.7116976e-05,0.7738715,empathicschool_s28,combined,empathicschool
0,3.5416888e-06,0.92345345,empathicschool_s28,combined,empathicschool
0,2.7116976e-05,0.7738715,empathicschool_s28,combined,empathicschool
0,2.7116976e-05,0.7738715,empathicschool_s28,combined,empathicschool
0,2.7116976e-05,0.7738715,empathicschool_s28,combined,empathicschool
0,2.7116976e-05,0.7738715,empathicschool_s28,combined,empathicschool
0,2.7116976e-05,0.7738715,empathicschool_s28,combined,empathicschool
0,2.7116976e-05,0.7738715,empathicschool_s28,combined,empathicschool
0,2.7116976e-05,0.7738715,empathicschool_s28,combined,empathicschool
0,2.7116976e-05,0.7738715,empathicschool_s28,combined,empathicschool
0,2.7116976e-05,0.7738715,empathicschool_s28,combined,empathicschool
0,2.7116976e-05,0.7738715,empathicschool_s28,combined,empathicschool
0,3.717219e-06,0.9220555,empathicschool_s28,combined,empathicschool
0,3.5863227e-06,0.92217875,empathicschool_s28,combined,empathicschool
0,2.7116976e-05,0.7738715,empathicschool_s28,combined,empathicschool
0,2.7116976e-05,0.7738715,empathicschool_s28,combined,empathicschool
0,2.7116976e-05,0.7738715,empathicschool_s28,combined,empathicschool
0,2.7116976e-05,0.7738715,empathicschool_s28,combined,empathicschool
0,2.7116976e-05,0.7738715,empathicschool_s28,combined,empathicschool
0,2.7116976e-05,0.7738715,empathicschool_s28,combined,empathicschool
0,2.7116976e-05,0.7738715,empathicschool_s28,combined,empathicschool
0,2.7116976e-05,0.7738715,empathicschool_s28,combined,empathicschool
0,2.7116976e-05,0.7738715,empathicschool_s28,combined,empathicschool
0,2.7116976e-05,0.7738715,empathicschool_s28,combined,empathicschool
0,4.580271e-06,0.9097313,empathicschool_s28,combined,empathicschool
0,2.7116976e-05,0.7738715,empathicschool_s28,combined,empathicschool
0,2.7116976e-05,0.7738715,empathicschool_s28,combined,empathicschool
0,2.7116976e-05,0.7738715,empathicschool_s28,combined,empathicschool
0,2.7116976e-05,0.7738715,empathicschool_s28,combined,empathicschool
0,2.7116976e-05,0.7738715,empathicschool_s28,combined,empathicschool
0,2.7116976e-05,0.7738715,empathicschool_s28,combined,empathicschool
0,2.7116976e-05,0.7738715,empathicschool_s28,combined,empathicschool
0,2.7116976e-05,0.7738715,empathicschool_s28,combined,empathicschool
0,2.7116976e-05,0.7738715,empathicschool_s28,combined,empathicschool
0,2.7116976e-05,0.7738715,empathicschool_s28,combined,empathicschool
0,2.1041307e-05,0.80430067,empathicschool_s28,combined,empathicschool
0,2.7116976e-05,0.7738715,empathicschool_s28,combined,empathicschool
0,2.7116976e-05,0.7738715,empathicschool_s28,combined,empathicschool
0,2.7116976e-05,0.7738715,empathicschool_s28,combined,empathicschool
0,2.7116976e-05,0.7738715,empathicschool_s28,combined,empathicschool
0,2.7116976e-05,0.7738715,empathicschool_s28,combined,empathicschool
0,2.7116976e-05,0.7738715,empathicschool_s28,combined,empathicschool
0,2.7116976e-05,0.7738715,empathicschool_s28,combined,empathicschool
0,2.7116976e-05,0.7738715,empathicschool_s28,combined,empathicschool
0,2.7116976e-05,0.7738715,empathicschool_s28,combined,empathicschool
0,2.7116976e-05,0.7738715,empathicschool_s28,combined,empathicschool
0,2.7116976e-05,0.7738713,empathicschool_s28,combined,empathicschool
0,2.7116976e-05,0.7738715,empathicschool_s28,combined,empathicschool
0,2.7116976e-05,0.7738715,empathicschool_s28,combined,empathicschool
0,2.7116976e-05,0.7738715,empathicschool_s28,combined,empathicschool
0,2.7116976e-05,0.7738715,empathicschool_s28,combined,empathicschool
0,2.7116976e-05,0.7738715,empathicschool_s28,combined,empathicschool
0,2.7116976e-05,0.7738715,empathicschool_s28,combined,empathicschool
0,2.7116976e-05,0.7738715,empathicschool_s28,combined,empathicschool
0,2.7116976e-05,0.7738715,empathicschool_s28,combined,empathicschool
0,2.7116976e-05,0.7738715,empathicschool_s28,combined,empathicschool
0,2.7116976e-05,0.7738715,empathicschool_s28,combined,empathicschool
0,2.7116976e-05,0.7738713,empathicschool_s28,combined,empathicschool
0,2.7116976e-05,0.7738715,empathicschool_s28,combined,empathicschool
0,2.7116976e-05,0.7738715,empathicschool_s28,combined,empathicschool
0,2.7116976e-05,0.7738715,empathicschool_s28,combined,empathicschool
0,2.7116976e-05,0.7738715,empathicschool_s28,combined,empathicschool
0,2.7116976e-05,0.7738715,empathicschool_s28,combined,empathicschool
0,2.7116976e-05,0.7738715,empathicschool_s28,combined,empathicschool
0,2.7116976e-05,0.7738715,empathicschool_s28,combined,empathicschool
0,2.7116976e-05,0.7738715,empathicschool_s28,combined,empathicschool
0,2.7116976e-05,0.7738715,empathicschool_s28,combined,empathicschool
0,2.7116976e-05,0.7738715,empathicschool_s28,combined,empathicschool
0,2.7116976e-05,0.7738713,empathicschool_s28,combined,empathicschool
0,2.7116976e-05,0.7738715,empathicschool_s28,combined,empathicschool
0,2.7116976e-05,0.7738715,empathicschool_s28,combined,empathicschool
0,2.7116976e-05,0.7738715,empathicschool_s28,combined,empathicschool
0,2.7116976e-05,0.7738715,empathicschool_s28,combined,empathicschool
0,2.7116976e-05,0.7738715,empathicschool_s28,combined,empathicschool
0,2.7116976e-05,0.7738715,empathicschool_s28,combined,empathicschool
0,2.7116976e-05,0.7738715,empathicschool_s28,combined,empathicschool
0,2.7116976e-05,0.7738715,empathicschool_s28,combined,empathicschool
0,2.7116976e-05,0.7738715,empathicschool_s28,combined,empathicschool
0,2.7116976e-05,0.7738715,empathicschool_s28,combined,empathicschool
0,2.7116976e-05,0.7738713,empathicschool_s28,combined,empathicschool
0,2.7116976e-05,0.7738715,empathicschool_s28,combined,empathicschool
0,2.7116976e-05,0.7738715,empathicschool_s28,combined,empathicschool
0,2.7116976e-05,0.7738715,empathicschool_s28,combined,empathicschool
0,2.7116976e-05,0.7738715,empathicschool_s28,combined,empathicschool
0,2.7116976e-05,0.7738715,empathicschool_s28,combined,empathicschool
0,2.7116976e-05,0.7738715,empathicschool_s28,combined,empathicschool
0,2.7116976e-05,0.7738715,empathicschool_s28,combined,empathicschool
0,2.7116976e-05,0.7738715,empathicschool_s28,combined,empathicschool
0,2.7116976e-05,0.7738715,empathicschool_s28,combined,empathicschool
0,2.7116976e-05,0.7738715,empathicschool_s28,combined,empathicschool
0,2.7116976e-05,0.7738713,empathicschool_s28,combined,empathicschool
0,2.7116976e-05,0.7738715,empathicschool_s28,combined,empathicschool
0,2.7116976e-05,0.7738715,empathicschool_s28,combined,empathicschool
0,2.7116976e-05,0.7738715,empathicschool_s28,combined,empathicschool
0,2.7116976e-05,0.7738715,empathicschool_s28,combined,empathicschool
0,2.7116976e-05,0.7738715,empathicschool_s28,combined,empathicschool
0,2.7116976e-05,0.7738715,empathicschool_s28,combined,empathicschool
0,2.7116976e-05,0.7738715,empathicschool_s28,combined,empathicschool
0,2.7116976e-05,0.7738715,empathicschool_s28,combined,empathicschool
0,2.7116976e-05,0.7738715,empathicschool_s28,combined,empathicschool
0,2.7116976e-05,0.7738715,empathicschool_s28,combined,empathicschool
0,2.7116976e-05,0.7738713,empathicschool_s28,combined,empathicschool
0,2.7116976e-05,0.7738715,empathicschool_s28,combined,empathicschool
0,2.7116976e-05,0.7738715,empathicschool_s28,combined,empathicschool
0,2.7116976e-05,0.7738715,empathicschool_s28,combined,empathicschool
0,2.7116976e-05,0.7738715,empathicschool_s28,combined,empathicschool
0,2.7116976e-05,0.7738715,empathicschool_s28,combined,empathicschool
0,2.7116976e-05,0.7738715,empathicschool_s28,combined,empathicschool
0,2.7116976e-05,0.7738715,empathicschool_s28,combined,empathicschool
0,2.7117027e-05,0.7738713,empathicschool_s28,combined,empathicschool
0,2.7116976e-05,0.7738715,empathicschool_s28,combined,empathicschool
0,2.7116976e-05,0.7738715,empathicschool_s28,combined,empathicschool
0,2.7116976e-05,0.7738713,empathicschool_s28,combined,empathicschool
0,2.7116976e-05,0.7738715,empathicschool_s28,combined,empathicschool
0,2.7116976e-05,0.7738715,empathicschool_s28,combined,empathicschool
0,2.7116976e-05,0.7738715,empathicschool_s28,combined,empathicschool
0,2.7116976e-05,0.7738715,empathicschool_s28,combined,empathicschool
0,2.7116976e-05,0.7738715,empathicschool_s28,combined,empathicschool
0,2.7116976e-05,0.7738715,empathicschool_s28,combined,empathicschool
0,2.7116976e-05,0.7738715,empathicschool_s28,combined,empathicschool
0,2.7116976e-05,0.7738715,empathicschool_s28,combined,empathicschool
0,2.7116976e-05,0.7738715,empathicschool_s28,combined,empathicschool
0,2.7116976e-05,0.7738715,empathicschool_s28,combined,empathicschool
0,2.7116976e-05,0.7738713,empathicschool_s28,combined,empathicschool
0,2.7116976e-05,0.7738713,empathicschool_s28,combined,empathicschool
0,3.5770659e-06,0.92242795,empathicschool_s28,combined,empathicschool
0,2.6275426e-05,0.7831695,empathicschool_s28,combined,empathicschool
0,2.7116976e-05,0.7738713,empathicschool_s28,combined,empathicschool
0,2.7116976e-05,0.7738713,empathicschool_s28,combined,empathicschool
0,2.7116976e-05,0.7738713,empathicschool_s28,combined,empathicschool
0,2.7116976e-05,0.7738713,empathicschool_s28,combined,empathicschool
0,2.7116976e-05,0.7738713,empathicschool_s28,combined,empathicschool
0,2.7116976e-05,0.7738713,empathicschool_s28,combined,empathicschool
0,2.7116976e-05,0.7738713,empathicschool_s28,combined,empathicschool
0,2.7116976e-05,0.7738713,empathicschool_s28,combined,empathicschool
0,2.7116976e-05,0.7738713,empathicschool_s28,combined,empathicschool
0,2.7116976e-05,0.7738713,empathicschool_s28,combined,empathicschool
0,2.633503e-05,0.78274757,empathicschool_s28,combined,empathicschool
0,2.7116976e-05,0.7738713,empathicschool_s28,combined,empathicschool
0,2.7116976e-05,0.7738713,empathicschool_s28,combined,empathicschool
0,2.7116976e-05,0.7738713,empathicschool_s28,combined,empathicschool
0,2.7116976e-05,0.7738713,empathicschool_s28,combined,empathicschool
0,2.7116976e-05,0.7738713,empathicschool_s28,combined,empathicschool
0,2.7116976e-05,0.7738713,empathicschool_s28,combined,empathicschool
0,2.7116976e-05,0.7738713,empathicschool_s28,combined,empathicschool
0,2.7116976e-05,0.7738713,empathicschool_s28,combined,empathicschool
0,2.7116976e-05,0.7738713,empathicschool_s28,combined,empathicschool
0,2.7116976e-05,0.7738713,empathicschool_s28,combined,empathicschool
0,2.6303604e-05,0.7829446,empathicschool_s28,combined,empathicschool
0,2.7116976e-05,0.7738713,empathicschool_s28,combined,empathicschool
0,2.7116976e-05,0.7738713,empathicschool_s28,combined,empathicschool
0,2.7116976e-05,0.7738713,empathicschool_s28,combined,empathicschool
0,2.7116976e-05,0.7738713,empathicschool_s28,combined,empathicschool
0,2.7116976e-05,0.7738713,empathicschool_s28,combined,empathicschool
0,2.7116976e-05,0.7738713,empathicschool_s28,combined,empathicschool
0,2.7116976e-05,0.7738713,empathicschool_s28,combined,empathicschool
0,2.7116976e-05,0.7738713,empathicschool_s28,combined,empathicschool
0,2.7116976e-05,0.7738713,empathicschool_s28,combined,empathicschool
0,2.7116976e-05,0.7738713,empathicschool_s28,combined,empathicschool
0,2.6236015e-05,0.783341,empathicschool_s28,combined,empathicschool
0,2.7116976e-05,0.7738713,empathicschool_s28,combined,empathicschool
0,2.7116976e-05,0.7738713,empathicschool_s28,combined,empathicschool
0,2.7116976e-05,0.7738713,empathicschool_s28,combined,empathicschool
0,2.7116976e-05,0.7738713,empathicschool_s28,combined,empathicschool
0,2.7116976e-05,0.7738713,empathicschool_s28,combined,empathicschool
0,2.7116976e-05,0.7738713,empathicschool_s28,combined,empathicschool
0,2.7116976e-05,0.7738713,empathicschool_s28,combined,empathicschool
0,2.7116976e-05,0.7738713,empathicschool_s28,combined,empathicschool
0,2.7116976e-05,0.7738713,empathicschool_s28,combined,empathicschool
0,2.7116976e-05,0.7738713,empathicschool_s28,combined,empathicschool
0,2.625729e-05,0.78324765,empathicschool_s28,combined,empathicschool
0,2.7116976e-05,0.7738713,empathicschool_s28,combined,empathicschool
0,2.7116976e-05,0.7738713,empathicschool_s28,combined,empathicschool
0,2.7116976e-05,0.7738713,empathicschool_s28,combined,empathicschool
0,2.7116976e-05,0.7738713,empathicschool_s28,combined,empathicschool
0,2.7116976e-05,0.7738713,empathicschool_s28,combined,empathicschool
0,2.7116976e-05,0.7738713,empathicschool_s28,combined,empathicschool
0,2.7116976e-05,0.7738713,empathicschool_s28,combined,empathicschool
0,2.7116976e-05,0.7738713,empathicschool_s28,combined,empathicschool
0,2.7116976e-05,0.7738713,empathicschool_s28,combined,empathicschool
0,2.7116976e-05,0.7738713,empathicschool_s28,combined,empathicschool
0,2.6257589e-05,0.7832462,empathicschool_s28,combined,empathicschool
0,2.7116976e-05,0.7738713,empathicschool_s28,combined,empathicschool
0,2.7116976e-05,0.7738713,empathicschool_s28,combined,empathicschool
0,2.7116976e-05,0.7738713,empathicschool_s28,combined,empathicschool
0,2.7116976e-05,0.7738713,empathicschool_s28,combined,empathicschool
0,2.7116976e-05,0.7738713,empathicschool_s28,combined,empathicschool
0,2.7116976e-05,0.7738713,empathicschool_s28,combined,empathicschool
0,2.7116976e-05,0.7738713,empathicschool_s28,combined,empathicschool
0,2.7116976e-05,0.7738713,empathicschool_s28,combined,empathicschool
0,2.7116976e-05,0.7738713,empathicschool_s28,combined,empathicschool
0,2.7116976e-05,0.7738713,empathicschool_s28,combined,empathicschool
0,2.6257014e-05,0.7832491,empathicschool_s28,combined,empathicschool
0,2.7116976e-05,0.7738713,empathicschool_s28,combined,empathicschool
0,2.7116976e-05,0.7738713,empathicschool_s28,combined,empathicschool
0,2.7116976e-05,0.7738713,empathicschool_s28,combined,empathicschool
0,2.7116976e-05,0.7738713,empathicschool_s28,combined,empathicschool
0,2.7116976e-05,0.7738713,empathicschool_s28,combined,empathicschool
0,2.7116976e-05,0.7738713,empathicschool_s28,combined,empathicschool
0,2.7116976e-05,0.7738713,empathicschool_s28,combined,empathicschool
0,2.7116976e-05,0.7738713,empathicschool_s28,combined,empathicschool
0,2.7116976e-05,0.7738713,empathicschool_s28,combined,empathicschool
0,2.7116976e-05,0.7738713,empathicschool_s28,combined,empathicschool
0,2.621253e-05,0.783447,empathicschool_s28,combined,empathicschool
0,2.7116976e-05,0.7738713,empathicschool_s28,combined,empathicschool
0,2.7116976e-05,0.7738713,empathicschool_s28,combined,empathicschool
0,2.7116976e-05,0.7738713,empathicschool_s28,combined,empathicschool
0,2.7116976e-05,0.7738713,empathicschool_s28,combined,empathicschool
0,2.7116976e-05,0.7738713,empathicschool_s28,combined,empathicschool
0,2.7116976e-05,0.7738713,empathicschool_s28,combined,empathicschool
0,2.7116976e-05,0.7738713,empathicschool_s28,combined,empathicschool
0,2.7116976e-05,0.7738713,empathicschool_s28,combined,empathicschool
0,2.7116976e-05,0.7738713,empathicschool_s28,combined,empathicschool
0,2.7116976e-05,0.7738713,empathicschool_s28,combined,empathicschool
0,2.6218806e-05,0.7834207,empathicschool_s28,combined,empathicschool
0,2.7116976e-05,0.7738713,empathicschool_s28,combined,empathicschool
0,2.7116976e-05,0.7738713,empathicschool_s28,combined,empathicschool
0,2.7116976e-05,0.7738713,empathicschool_s28,combined,empathicschool
0,2.7116976e-05,0.7738713,empathicschool_s28,combined,empathicschool
0,2.7116976e-05,0.7738713,empathicschool_s28,combined,empathicschool
0,2.7116976e-05,0.7738713,empathicschool_s28,combined,empathicschool
0,2.7116976e-05,0.7738713,empathicschool_s28,combined,empathicschool
0,2.7116976e-05,0.7738713,empathicschool_s28,combined,empathicschool
0,2.7116976e-05,0.7738713,empathicschool_s28,combined,empathicschool
0,2.7116976e-05,0.7738713,empathicschool_s28,combined,empathicschool
0,2.6183025e-05,0.7835812,empathicschool_s28,combined,empathicschool
0,2.7116976e-05,0.7738713,empathicschool_s28,combined,empathicschool
0,2.7116976e-05,0.7738713,empathicschool_s28,combined,empathicschool
0,2.7116976e-05,0.7738713,empathicschool_s28,combined,empathicschool
0,2.7116976e-05,0.7738713,empathicschool_s28,combined,empathicschool
0,2.7116976e-05,0.7738713,empathicschool_s28,combined,empathicschool
0,2.7116976e-05,0.7738713,empathicschool_s28,combined,empathicschool
0,2.7116976e-05,0.7738713,empathicschool_s28,combined,empathicschool
0,2.7116976e-05,0.7738713,empathicschool_s28,combined,empathicschool
0,2.7116976e-05,0.7738713,empathicschool_s28,combined,empathicschool
0,2.7116976e-05,0.7738713,empathicschool_s28,combined,empathicschool
0,3.579786e-06,0.9223937,empathicschool_s28,combined,empathicschool
0,2.6129646e-05,0.7838102,empathicschool_s28,combined,empathicschool
0,2.7116976e-05,0.7738713,empathicschool_s28,combined,empathicschool
0,2.7116976e-05,0.7738713,empathicschool_s28,combined,empathicschool
0,2.7116976e-05,0.7738713,empathicschool_s28,combined,empathicschool
0,2.7116976e-05,0.7738713,empathicschool_s28,combined,empathicschool
0,2.7116976e-05,0.7738713,empathicschool_s28,combined,empathicschool
0,2.7116976e-05,0.7738713,empathicschool_s28,combined,empathicschool
0,2.7116976e-05,0.7738713,empathicschool_s28,combined,empathicschool
0,2.7116976e-05,0.7738713,empathicschool_s28,combined,empathicschool
0,2.7116976e-05,0.7738713,empathicschool_s28,combined,empathicschool
0,2.7116976e-05,0.7738713,empathicschool_s28,combined,empathicschool
0,2.6081747e-05,0.784003,empathicschool_s28,combined,empathicschool
0,2.7116976e-05,0.7738713,empathicschool_s28,combined,empathicschool
0,2.7116976e-05,0.7738713,empathicschool_s28,combined,empathicschool
0,2.7116976e-05,0.7738713,empathicschool_s28,combined,empathicschool
0,2.7116976e-05,0.7738713,empathicschool_s28,combined,empathicschool
0,2.7116976e-05,0.7738713,empathicschool_s28,combined,empathicschool
0,2.7116976e-05,0.7738713,empathicschool_s28,combined,empathicschool
0,2.7116976e-05,0.7738713,empathicschool_s28,combined,empathicschool
0,2.7116976e-05,0.7738713,empathicschool_s28,combined,empathicschool
0,2.7116976e-05,0.7738713,empathicschool_s28,combined,empathicschool
0,2.7116976e-05,0.7738713,empathicschool_s28,combined,empathicschool
0,1.882248e-05,0.8147107,empathicschool_s28,combined,empathicschool
0,2.7116976e-05,0.7738713,empathicschool_s28,combined,empathicschool
0,2.7116976e-05,0.7738713,empathicschool_s28,combined,empathicschool
0,2.7116976e-05,0.7738713,empathicschool_s28,combined,empathicschool
0,2.7116976e-05,0.7738713,empathicschool_s28,combined,empathicschool
0,2.7116976e-05,0.7738713,empathicschool_s28,combined,empathicschool
0,2.7116976e-05,0.7738713,empathicschool_s28,combined,empathicschool
0,2.7116976e-05,0.7738713,empathicschool_s28,combined,empathicschool
0,2.7116976e-05,0.7738713,empathicschool_s28,combined,empathicschool
0,2.7116976e-05,0.7738713,empathicschool_s28,combined,empathicschool
0,2.7116976e-05,0.7738713,empathicschool_s28,combined,empathicschool
0,2.1014339e-05,0.8047203,empathicschool_s28,combined,empathicschool
0,2.7116976e-05,0.7738713,empathicschool_s28,combined,empathicschool
0,2.7116976e-05,0.7738713,empathicschool_s28,combined,empathicschool
0,2.7116976e-05,0.7738713,empathicschool_s28,combined,empathicschool
0,2.7116976e-05,0.7738713,empathicschool_s28,combined,empathicschool
0,2.7116976e-05,0.7738713,empathicschool_s28,combined,empathicschool
0,2.7116976e-05,0.7738713,empathicschool_s28,combined,empathicschool
0,2.7116976e-05,0.7738713,empathicschool_s28,combined,empathicschool
0,2.7116976e-05,0.7738713,empathicschool_s28,combined,empathicschool
0,2.7116976e-05,0.7738713,empathicschool_s28,combined,empathicschool
0,2.7116976e-05,0.7738713,empathicschool_s28,combined,empathicschool
0,2.4763587e-05,0.78917074,empathicschool_s28,combined,empathicschool
0,2.7116976e-05,0.7738713,empathicschool_s28,combined,empathicschool
0,2.7116976e-05,0.7738713,empathicschool_s28,combined,empathicschool
0,2.7116976e-05,0.7738713,empathicschool_s28,combined,empathicschool
0,2.7116976e-05,0.7738713,empathicschool_s28,combined,empathicschool
0,2.7116976e-05,0.7738713,empathicschool_s28,combined,empathicschool
0,2.7116976e-05,0.7738713,empathicschool_s28,combined,empathicschool
0,2.7116976e-05,0.7738713,empathicschool_s28,combined,empathicschool
0,2.7116976e-05,0.7738713,empathicschool_s28,combined,empathicschool
0,2.7116976e-05,0.7738713,empathicschool_s28,combined,empathicschool
0,2.7116976e-05,0.7738713,empathicschool_s28,combined,empathicschool
0,2.5397669e-05,0.786687,empathicschool_s28,combined,empathicschool
0,2.7116976e-05,0.7738713,empathicschool_s28,combined,empathicschool
0,2.7116976e-05,0.7738713,empathicschool_s28,combined,empathicschool
0,2.7116976e-05,0.7738713,empathicschool_s28,combined,empathicschool
0,2.7116976e-05,0.7738713,empathicschool_s28,combined,empathicschool
0,2.7116976e-05,0.7738713,empathicschool_s28,combined,empathicschool
0,2.7116976e-05,0.7738713,empathicschool_s28,combined,empathicschool
0,2.7116976e-05,0.7738713,empathicschool_s28,combined,empathicschool
0,2.7116976e-05,0.7738713,empathicschool_s28,combined,empathicschool
0,2.7116976e-05,0.7738713,empathicschool_s28,combined,empathicschool
0,2.7116976e-05,0.7738713,empathicschool_s28,combined,empathicschool
0,1.4837279e-05,0.8357972,empathicschool_s28,combined,empathicschool
0,2.7116976e-05,0.7738713,empathicschool_s28,combined,empathicschool
0,2.7116976e-05,0.7738713,empathicschool_s28,combined,empathicschool
0,2.7116976e-05,0.7738713,empathicschool_s28,combined,empathicschool
0,2.7116976e-05,0.7738713,empathicschool_s28,combined,empathicschool
0,2.7116976e-05,0.7738713,empathicschool_s28,combined,empathicschool
0,2.7116976e-05,0.7738713,empathicschool_s28,combined,empathicschool
0,2.7116976e-05,0.7738713,empathicschool_s28,combined,empathicschool
0,2.7116976e-05,0.7738713,empathicschool_s28,combined,empathicschool
0,2.7116976e-05,0.7738713,empathicschool_s28,combined,empathicschool
0,2.7116976e-05,0.7738713,empathicschool_s28,combined,empathicschool
0,4.536149e-06,0.91232497,empathicschool_s28,combined,empathicschool
0,2.7116976e-05,0.7738713,empathicschool_s28,combined,empathicschool
0,2.7116976e-05,0.7738713,empathicschool_s28,combined,empathicschool
0,2.7116976e-05,0.7738713,empathicschool_s28,combined,empathicschool
0,2.7116976e-05,0.7738713,empathicschool_s28,combined,empathicschool
0,2.7116976e-05,0.7738713,empathicschool_s28,combined,empathicschool
0,2.7116976e-05,0.7738713,empathicschool_s28,combined,empathicschool
0,2.7116976e-05,0.7738713,empathicschool_s28,combined,empathicschool
0,2.7116976e-05,0.7738713,empathicschool_s28,combined,empathicschool
0,2.7116976e-05,0.7738713,empathicschool_s28,combined,empathicschool
0,2.7116976e-05,0.7738713,empathicschool_s28,combined,empathicschool
0,3.655271e-06,0.9222,empathicschool_s28,combined,empathicschool
0,2.7116976e-05,0.7738713,empathicschool_s28,combined,empathicschool
0,2.7116976e-05,0.7738713,empathicschool_s28,combined,empathicschool
0,2.7116976e-05,0.7738713,empathicschool_s28,combined,empathicschool
0,2.7116976e-05,0.7738713,empathicschool_s28,combined,empathicschool
0,2.7116976e-05,0.7738713,empathicschool_s28,combined,empathicschool
0,2.7116976e-05,0.7738713,empathicschool_s28,combined,empathicschool
0,2.7116976e-05,0.7738713,empathicschool_s28,combined,empathicschool
0,2.7116976e-05,0.7738713,empathicschool_s28,combined,empathicschool
0,2.7116976e-05,0.7738713,empathicschool_s28,combined,empathicschool
0,2.7116976e-05,0.7738713,empathicschool_s28,combined,empathicschool
0,3.6597985e-06,0.92215234,empathicschool_s28,combined,empathicschool
0,2.7116976e-05,0.7738713,empathicschool_s28,combined,empathicschool
0,2.7116976e-05,0.7738713,empathicschool_s28,combined,empathicschool
0,2.7116976e-05,0.7738713,empathicschool_s28,combined,empathicschool
0,2.7116976e-05,0.7738713,empathicschool_s28,combined,empathicschool
0,2.7116976e-05,0.7738713,empathicschool_s28,combined,empathicschool
0,2.7116976e-05,0.7738713,empathicschool_s28,combined,empathicschool
0,2.7116976e-05,0.7738713,empathicschool_s28,combined,empathicschool
0,2.7116976e-05,0.7738713,empathicschool_s28,combined,empathicschool
0,2.7116976e-05,0.7738713,empathicschool_s28,combined,empathicschool
0,2.7116976e-05,0.7738713,empathicschool_s28,combined,empathicschool
0,3.574948e-06,0.92251533,empathicschool_s28,combined,empathicschool
0,3.6730783e-06,0.9219862,empathicschool_s28,combined,empathicschool
0,2.7116976e-05,0.7738713,empathicschool_s28,combined,empathicschool
0,2.7116976e-05,0.7738713,empathicschool_s28,combined,empathicschool
0,2.7116976e-05,0.7738713,empathicschool_s28,combined,empathicschool
0,2.7116976e-05,0.7738713,empathicschool_s28,combined,empathicschool
0,2.7116976e-05,0.7738713,empathicschool_s28,combined,empathicschool
0,2.7116976e-05,0.7738713,empathicschool_s28,combined,empathicschool
0,2.7116976e-05,0.7738713,empathicschool_s28,combined,empathicschool
0,2.7116976e-05,0.7738713,empathicschool_s28,combined,empathicschool
0,2.7116976e-05,0.7738713,empathicschool_s28,combined,empathicschool
0,2.7116976e-05,0.7738713,empathicschool_s28,combined,empathicschool
0,3.6690662e-06,0.9220687,empathicschool_s28,combined,empathicschool
0,2.7116976e-05,0.7738713,empathicschool_s28,combined,empathicschool
0,2.7116976e-05,0.7738713,empathicschool_s28,combined,empathicschool
0,2.7116976e-05,0.7738713,empathicschool_s28,combined,empathicschool
0,2.7116976e-05,0.7738713,empathicschool_s28,combined,empathicschool
0,2.7116976e-05,0.7738713,empathicschool_s28,combined,empathicschool
0,2.7116976e-05,0.7738713,empathicschool_s28,combined,empathicschool
0,2.7116976e-05,0.7738713,empathicschool_s28,combined,empathicschool
0,2.7116976e-05,0.7738713,empathicschool_s28,combined,empathicschool
0,2.7116976e-05,0.7738713,empathicschool_s28,combined,empathicschool
0,2.7116976e-05,0.7738713,empathicschool_s28,combined,empathicschool
0,3.6621234e-06,0.922142,empathicschool_s28,combined,empathicschool
0,2.7116976e-05,0.7738713,empathicschool_s28,combined,empathicschool
0,2.7116976e-05,0.7738713,empathicschool_s28,combined,empathicschool
0,2.7116976e-05,0.7738713,empathicschool_s28,combined,empathicschool
0,2.7116976e-05,0.7738713,empathicschool_s28,combined,empathicschool
0,2.7116976e-05,0.7738713,empathicschool_s28,combined,empathicschool
0,2.7116976e-05,0.7738713,empathicschool_s28,combined,empathicschool
0,2.7116976e-05,0.7738713,empathicschool_s28,combined,empathicschool
0,2.7116976e-05,0.7738713,empathicschool_s28,combined,empathicschool
0,2.7116976e-05,0.7738713,empathicschool_s28,combined,empathicschool
0,2.7116976e-05,0.7738713,empathicschool_s28,combined,empathicschool
0,3.6634087e-06,0.92204535,empathicschool_s28,combined,empathicschool
0,2.7116976e-05,0.7738713,empathicschool_s28,combined,empathicschool
0,2.7116976e-05,0.7738713,empathicschool_s28,combined,empathicschool
0,2.7116976e-05,0.7738713,empathicschool_s28,combined,empathicschool
0,2.7116976e-05,0.7738713,empathicschool_s28,combined,empathicschool
0,2.7116976e-05,0.7738713,empathicschool_s28,combined,empathicschool
0,2.7116976e-05,0.7738713,empathicschool_s28,combined,empathicschool
0,2.7116976e-05,0.7738713,empathicschool_s28,combined,empathicschool
0,2.7116976e-05,0.7738713,empathicschool_s28,combined,empathicschool
0,2.7116976e-05,0.7738713,empathicschool_s28,combined,empathicschool
0,2.7116976e-05,0.7738713,empathicschool_s28,combined,empathicschool
0,3.6677577e-06,0.92197156,empathicschool_s28,combined,empathicschool
0,2.7116976e-05,0.7738713,empathicschool_s28,combined,empathicschool
0,2.7116976e-05,0.7738713,empathicschool_s28,combined,empathicschool
0,2.7116976e-05,0.7738713,empathicschool_s28,combined,empathicschool
0,2.7116976e-05,0.7738713,empathicschool_s28,combined,empathicschool
0,2.7116976e-05,0.7738713,empathicschool_s28,combined,empathicschool
0,2.7116976e-05,0.7738713,empathicschool_s28,combined,empathicschool
0,2.7116976e-05,0.77387124,empathicschool_s28,combined,empathicschool
0,2.7117027e-05,0.7738713,empathicschool_s28,combined,empathicschool
0,2.7116976e-05,0.7738713,empathicschool_s28,combined,empathicschool
0,2.7116976e-05,0.7738713,empathicschool_s28,combined,empathicschool
0,3.68173e-06,0.9218068,empathicschool_s28,combined,empathicschool
0,2.7116976e-05,0.7738713,empathicschool_s28,combined,empathicschool
0,2.7116976e-05,0.7738713,empathicschool_s28,combined,empathicschool
0,2.7116976e-05,0.7738713,empathicschool_s28,combined,empathicschool
0,2.7116976e-05,0.7738713,empathicschool_s28,combined,empathicschool
0,2.7116976e-05,0.7738713,empathicschool_s28,combined,empathicschool
0,2.7116976e-05,0.7738713,empathicschool_s28,combined,empathicschool
0,2.7116976e-05,0.7738713,empathicschool_s28,combined,empathicschool
0,2.7116976e-05,0.7738713,empathicschool_s28,combined,empathicschool
0,2.7116976e-05,0.7738713,empathicschool_s28,combined,empathicschool
0,2.7116976e-05,0.7738713,empathicschool_s28,combined,empathicschool
0,6.708136e-06,0.88962746,empathicschool_s28,combined,empathicschool
0,2.7116976e-05,0.7738713,empathicschool_s28,combined,empathicschool
0,2.7116976e-05,0.7738713,empathicschool_s28,combined,empathicschool
0,2.7116976e-05,0.7738713,empathicschool_s28,combined,empathicschool
0,2.7116976e-05,0.7738713,empathicschool_s28,combined,empathicschool
0,2.7116976e-05,0.7738713,empathicschool_s28,combined,empathicschool
0,2.7116976e-05,0.7738713,empathicschool_s28,combined,empathicschool
0,2.7116976e-05,0.7738713,empathicschool_s28,combined,empathicschool
0,2.7116976e-05,0.7738713,empathicschool_s28,combined,empathicschool
0,2.7116976e-05,0.7738713,empathicschool_s28,combined,empathicschool
0,2.7116976e-05,0.7738713,empathicschool_s28,combined,empathicschool
0,2.3060502e-05,0.7958596,empathicschool_s28,combined,empathicschool
0,2.7116976e-05,0.7738713,empathicschool_s28,combined,empathicschool
0,2.7116976e-05,0.7738713,empathicschool_s28,combined,empathicschool
0,2.7116976e-05,0.7738713,empathicschool_s28,combined,empathicschool
0,2.7116976e-05,0.7738713,empathicschool_s28,combined,empathicschool
0,2.7116976e-05,0.7738713,empathicschool_s28,combined,empathicschool
0,2.7116976e-05,0.7738713,empathicschool_s28,combined,empathicschool
0,2.7116976e-05,0.7738713,empathicschool_s28,combined,empathicschool
0,2.7116976e-05,0.7738713,empathicschool_s28,combined,empathicschool
0,2.7116976e-05,0.7738713,empathicschool_s28,combined,empathicschool
0,2.7116976e-05,0.7738713,empathicschool_s28,combined,empathicschool
0,2.6564057e-05,0.7812033,empathicschool_s28,combined,empathicschool
0,2.7116976e-05,0.7738713,empathicschool_s28,combined,empathicschool
0,2.7116976e-05,0.7738713,empathicschool_s28,combined,empathicschool
0,2.7116976e-05,0.7738713,empathicschool_s28,combined,empathicschool
0,2.7116976e-05,0.7738713,empathicschool_s28,combined,empathicschool
0,2.7116976e-05,0.7738713,empathicschool_s28,combined,empathicschool
0,2.7116976e-05,0.7738713,empathicschool_s28,combined,empathicschool
0,2.7116976e-05,0.7738713,empathicschool_s28,combined,empathicschool
0,2.7116976e-05,0.7738713,empathicschool_s28,combined,empathicschool
0,2.7116976e-05,0.7738713,empathicschool_s28,combined,empathicschool
0,2.7116976e-05,0.7738713,empathicschool_s28,combined,empathicschool
0,2.6571557e-05,0.78115946,empathicschool_s28,combined,empathicschool
0,2.7116976e-05,0.7738713,empathicschool_s28,combined,empathicschool
0,2.7116976e-05,0.7738713,empathicschool_s28,combined,empathicschool
0,2.7116976e-05,0.7738713,empathicschool_s28,combined,empathicschool
0,2.7116976e-05,0.7738713,empathicschool_s28,combined,empathicschool
0,2.7116976e-05,0.7738713,empathicschool_s28,combined,empathicschool
0,2.7116976e-05,0.7738713,empathicschool_s28,combined,empathicschool
0,2.7116976e-05,0.7738713,empathicschool_s28,combined,empathicschool
0,2.7116976e-05,0.7738713,empathicschool_s28,combined,empathicschool
0,2.7116976e-05,0.7738713,empathicschool_s28,combined,empathicschool
0,2.7116976e-05,0.7738713,empathicschool_s28,combined,empathicschool
0,3.5711075e-06,0.922582,empathicschool_s28,combined,empathicschool
0,2.6561449e-05,0.7812291,empathicschool_s28,combined,empathicschool
0,2.7116976e-05,0.7738713,empathicschool_s28,combined,empathicschool
0,2.7116976e-05,0.7738713,empathicschool_s28,combined,empathicschool
0,2.7116976e-05,0.7738713,empathicschool_s28,combined,empathicschool
0,2.7116976e-05,0.7738713,empathicschool_s28,combined,empathicschool
0,2.7116976e-05,0.7738713,empathicschool_s28,combined,empathicschool
0,2.7116976e-05,0.7738713,empathicschool_s28,combined,empathicschool
0,2.7116976e-05,0.7738713,empathicschool_s28,combined,empathicschool
0,2.7116976e-05,0.7738713,empathicschool_s28,combined,empathicschool
0,2.7116976e-05,0.7738713,empathicschool_s28,combined,empathicschool
0,2.7116976e-05,0.7738713,empathicschool_s28,combined,empathicschool
0,2.6561449e-05,0.7812291,empathicschool_s28,combined,empathicschool
0,2.7116976e-05,0.7738713,empathicschool_s28,combined,empathicschool
0,2.7116976e-05,0.7738713,empathicschool_s28,combined,empathicschool
0,2.7116976e-05,0.7738713,empathicschool_s28,combined,empathicschool
0,2.7116976e-05,0.7738713,empathicschool_s28,combined,empathicschool
0,2.7116976e-05,0.7738713,empathicschool_s28,combined,empathicschool
0,2.7116976e-05,0.7738713,empathicschool_s28,combined,empathicschool
0,2.7116976e-05,0.7738713,empathicschool_s28,combined,empathicschool
0,2.7116976e-05,0.7738713,empathicschool_s28,combined,empathicschool
0,2.7116976e-05,0.7738713,empathicschool_s28,combined,empathicschool
0,2.7116976e-05,0.7738713,empathicschool_s28,combined,empathicschool
0,2.6561323e-05,0.7812298,empathicschool_s28,combined,empathicschool
0,2.7116976e-05,0.7738713,empathicschool_s28,combined,empathicschool
0,2.7116976e-05,0.7738713,empathicschool_s28,combined,empathicschool
0,2.7116976e-05,0.7738713,empathicschool_s28,combined,empathicschool
0,2.7116976e-05,0.7738713,empathicschool_s28,combined,empathicschool
0,2.7116976e-05,0.7738713,empathicschool_s28,combined,empathicschool
0,2.7116976e-05,0.7738713,empathicschool_s28,combined,empathicschool
0,2.7116976e-05,0.7738713,empathicschool_s28,combined,empathicschool
0,2.7116976e-05,0.7738713,empathicschool_s28,combined,empathicschool
0,2.7116976e-05,0.7738713,empathicschool_s28,combined,empathicschool
0,2.7116976e-05,0.7738713,empathicschool_s28,combined,empathicschool
0,2.6561449e-05,0.7812291,empathicschool_s28,combined,empathicschool
0,2.7116976e-05,0.7738713,empathicschool_s28,combined,empathicschool
0,2.7116976e-05,0.7738713,empathicschool_s28,combined,empathicschool
0,2.7116976e-05,0.7738713,empathicschool_s28,combined,empathicschool
0,2.7116976e-05,0.7738713,empathicschool_s28,combined,empathicschool
0,2.7116976e-05,0.7738713,empathicschool_s28,combined,empathicschool
0,2.7116976e-05,0.7738713,empathicschool_s28,combined,empathicschool
0,2.7116976e-05,0.7738713,empathicschool_s28,combined,empathicschool
0,2.7116976e-05,0.7738713,empathicschool_s28,combined,empathicschool
0,2.7116976e-05,0.7738713,empathicschool_s28,combined,empathicschool
0,2.7116976e-05,0.7738713,empathicschool_s28,combined,empathicschool
0,2.6173913e-05,0.78366697,empathicschool_s28,combined,empathicschool
0,2.7116976e-05,0.7738713,empathicschool_s28,combined,empathicschool
0,2.7116976e-05,0.7738713,empathicschool_s28,combined,empathicschool
0,2.7116976e-05,0.7738713,empathicschool_s28,combined,empathicschool
0,2.7116976e-05,0.7738713,empathicschool_s28,combined,empathicschool
0,2.7116976e-05,0.7738713,empathicschool_s28,combined,empathicschool
0,2.7116976e-05,0.7738713,empathicschool_s28,combined,empathicschool
0,2.7116976e-05,0.7738713,empathicschool_s28,combined,empathicschool
0,2.7116976e-05,0.7738713,empathicschool_s28,combined,empathicschool
0,2.7116976e-05,0.7738713,empathicschool_s28,combined,empathicschool
0,2.7116976e-05,0.7738713,empathicschool_s28,combined,empathicschool
0,2.5590003e-05,0.78594244,empathicschool_s28,combined,empathicschool
0,2.7116976e-05,0.7738713,empathicschool_s28,combined,empathicschool
0,2.7116976e-05,0.7738713,empathicschool_s28,combined,empathicschool
0,2.7116976e-05,0.7738713,empathicschool_s28,combined,empathicschool
0,2.7116976e-05,0.7738713,empathicschool_s28,combined,empathicschool
0,2.7116976e-05,0.7738713,empathicschool_s28,combined,empathicschool
0,2.7116976e-05,0.7738713,empathicschool_s28,combined,empathicschool
0,2.7116976e-05,0.7738713,empathicschool_s28,combined,empathicschool
0,2.7116976e-05,0.7738713,empathicschool_s28,combined,empathicschool
0,2.7116976e-05,0.7738713,empathicschool_s28,combined,empathicschool
0,2.7116976e-05,0.7738713,empathicschool_s28,combined,empathicschool
0,2.532678e-05,0.78697115,empathicschool_s28,combined,empathicschool
0,2.7116976e-05,0.7738713,empathicschool_s28,combined,empathicschool
0,2.7116976e-05,0.7738713,empathicschool_s28,combined,empathicschool
0,2.7116976e-05,0.7738713,empathicschool_s28,combined,empathicschool
0,2.7116976e-05,0.7738713,empathicschool_s28,combined,empathicschool
0,2.7116976e-05,0.7738713,empathicschool_s28,combined,empathicschool
0,2.7116976e-05,0.7738713,empathicschool_s28,combined,empathicschool
0,2.7116976e-05,0.7738713,empathicschool_s28,combined,empathicschool
0,2.7116976e-05,0.7738713,empathicschool_s28,combined,empathicschool
0,2.7116976e-05,0.7738713,empathicschool_s28,combined,empathicschool
0,2.7116976e-05,0.7738713,empathicschool_s28,combined,empathicschool
0,2.5271796e-05,0.78718096,empathicschool_s28,combined,empathicschool
0,2.7116976e-05,0.7738713,empathicschool_s28,combined,empathicschool
0,2.7116976e-05,0.7738713,empathicschool_s28,combined,empathicschool
0,2.7116976e-05,0.7738713,empathicschool_s28,combined,empathicschool
0,2.7116976e-05,0.7738713,empathicschool_s28,combined,empathicschool
0,2.7116976e-05,0.7738713,empathicschool_s28,combined,empathicschool
0,2.7116976e-05,0.7738713,empathicschool_s28,combined,empathicschool
0,2.7116976e-05,0.7738713,empathicschool_s28,combined,empathicschool
0,2.7116976e-05,0.7738713,empathicschool_s28,combined,empathicschool
0,2.7116976e-05,0.7738713,empathicschool_s28,combined,empathicschool
0,2.7116976e-05,0.7738713,empathicschool_s28,combined,empathicschool
0,2.5409687e-05,0.7866334,empathicschool_s28,combined,empathicschool
0,2.7116976e-05,0.7738713,empathicschool_s28,combined,empathicschool
0,2.7116976e-05,0.7738713,empathicschool_s28,combined,empathicschool
0,2.7116976e-05,0.7738713,empathicschool_s28,combined,empathicschool
0,2.7116976e-05,0.7738713,empathicschool_s28,combined,empathicschool
0,2.7116976e-05,0.7738713,empathicschool_s28,combined,empathicschool
0,2.7116976e-05,0.7738713,empathicschool_s28,combined,empathicschool
0,2.7116976e-05,0.7738713,empathicschool_s28,combined,empathicschool
0,2.7116976e-05,0.7738713,empathicschool_s28,combined,empathicschool
0,2.7116976e-05,0.7738713,empathicschool_s28,combined,empathicschool
0,2.7116976e-05,0.7738713,empathicschool_s28,combined,empathicschool
0,2.5555497e-05,0.78606665,empathicschool_s28,combined,empathicschool
0,2.7116976e-05,0.7738713,empathicschool_s28,combined,empathicschool
0,2.7116976e-05,0.7738713,empathicschool_s28,combined,empathicschool
0,2.7116976e-05,0.7738713,empathicschool_s28,combined,empathicschool
0,2.7116976e-05,0.7738713,empathicschool_s28,combined,empathicschool
0,2.7116976e-05,0.7738713,empathicschool_s28,combined,empathicschool
0,2.7116976e-05,0.7738713,empathicschool_s28,combined,empathicschool
0,2.7117027e-05,0.7738713,empathicschool_s28,combined,empathicschool
0,2.7116976e-05,0.7738713,empathicschool_s28,combined,empathicschool
0,2.7116976e-05,0.7738713,empathicschool_s28,combined,empathicschool
0,2.7117027e-05,0.7738713,empathicschool_s28,combined,empathicschool
0,3.5715302e-06,0.9225694,empathicschool_s28,combined,empathicschool
0,2.5620697e-05,0.7858141,empathicschool_s28,combined,empathicschool
0,2.7117027e-05,0.7738713,empathicschool_s28,combined,empathicschool
0,2.5633111e-05,0.7857653,empathicschool_s28,combined,empathicschool
0,2.5633162e-05,0.78576523,empathicschool_s28,combined,empathicschool
0,2.5628591e-05,0.78578395,empathicschool_s28,combined,empathicschool
0,2.5573e-05,0.78600305,empathicschool_s28,combined,empathicschool
0,2.5426074e-05,0.7865813,empathicschool_s28,combined,empathicschool
0,2.5025565e-05,0.7881648,empathicschool_s28,combined,empathicschool
0,2.409882e-05,0.79184514,empathicschool_s28,combined,empathicschool
0,2.3839608e-05,0.7928997,empathicschool_s28,combined,empathicschool
0,2.3897743e-05,0.79266477,empathicschool_s28,combined,empathicschool
0,3.5739356e-06,0.9225373,empathicschool_s28,combined,empathicschool
0,2.3946472e-05,0.79246336,empathicschool_s28,combined,empathicschool
0,2.399791e-05,0.7922571,empathicschool_s28,combined,empathicschool
0,2.4016595e-05,0.79218173,empathicschool_s28,combined,empathicschool
0,2.4016595e-05,0.79218173,empathicschool_s28,combined,empathicschool
0,2.4080715e-05,0.7919224,empathicschool_s28,combined,empathicschool
0,2.4045605e-05,0.7920653,empathicschool_s28,combined,empathicschool
0,2.4003679e-05,0.7922363,empathicschool_s28,combined,empathicschool
0,2.3919038e-05,0.7925792,empathicschool_s28,combined,empathicschool
0,2.3876968e-05,0.7927488,empathicschool_s28,combined,empathicschool
0,2.3876968e-05,0.7927488,empathicschool_s28,combined,empathicschool
0,3.5632459e-06,0.9227151,empathicschool_s28,combined,empathicschool
0,2.4470748e-05,0.7902404,empathicschool_s28,combined,empathicschool
0,2.5902586e-05,0.7846883,empathicschool_s28,combined,empathicschool
0,2.6405292e-05,0.78229165,empathicschool_s28,combined,empathicschool
0,2.6376854e-05,0.7824782,empathicschool_s28,combined,empathicschool
0,2.6364229e-05,0.78256124,empathicschool_s28,combined,empathicschool
0,2.6369384e-05,0.7825279,empathicschool_s28,combined,empathicschool
0,2.6356738e-05,0.78261685,empathicschool_s28,combined,empathicschool
0,2.6364103e-05,0.78256303,empathicschool_s28,combined,empathicschool
0,2.6365286e-05,0.7825551,empathicschool_s28,combined,empathicschool
0,9.042262e-06,0.8718599,empathicschool_s28,combined,empathicschool
0,3.5669248e-06,0.9226473,empathicschool_s28,combined,empathicschool
0,7.7978275e-06,0.8811317,empathicschool_s28,combined,empathicschool
0,8.696011e-06,0.8743095,empathicschool_s28,combined,empathicschool
0,7.05881e-06,0.887357,empathicschool_s28,combined,empathicschool
0,6.8275435e-06,0.89002097,empathicschool_s28,combined,empathicschool
0,3.956996e-06,0.91925687,empathicschool_s28,combined,empathicschool
0,3.6309543e-06,0.9219891,empathicschool_s28,combined,empathicschool
0,3.6427498e-06,0.9218829,empathicschool_s28,combined,empathicschool
0,3.6291613e-06,0.9221228,empathicschool_s28,combined,empathicschool
0,3.639576e-06,0.92197746,empathicschool_s28,combined,empathicschool
0,3.628673e-06,0.9221111,empathicschool_s28,combined,empathicschool
0,3.5835637e-06,0.9223536,empathicschool_s28,combined,empathicschool
0,3.677158e-06,0.92164445,empathicschool_s28,combined,empathicschool
0,3.6746164e-06,0.92192686,empathicschool_s28,combined,empathicschool
0,3.6804383e-06,0.9219354,empathicschool_s28,combined,empathicschool
0,3.6797119e-06,0.92194873,empathicschool_s28,combined,empathicschool
0,3.6797119e-06,0.92194873,empathicschool_s28,combined,empathicschool
0,3.6797119e-06,0.92194873,empathicschool_s28,combined,empathicschool
0,3.6813897e-06,0.9219295,empathicschool_s28,combined,empathicschool
0,3.680505e-06,0.92194235,empathicschool_s28,combined,empathicschool
0,3.6793926e-06,0.9219509,empathicschool_s28,combined,empathicschool
0,3.6733375e-06,0.9220278,empathicschool_s28,combined,empathicschool
0,3.6124827e-06,0.9218537,empathicschool_s28,combined,empathicschool
0,3.6626263e-06,0.92214376,empathicschool_s28,combined,empathicschool
0,3.6732533e-06,0.92199063,empathicschool_s28,combined,empathicschool
0,3.6766392e-06,0.9219539,empathicschool_s28,combined,empathicschool
0,3.6784277e-06,0.9219423,empathicschool_s28,combined,empathicschool
0,3.6963552e-06,0.9217163,empathicschool_s28,combined,empathicschool
0,3.7021055e-06,0.921679,empathicschool_s28,combined,empathicschool
0,3.703836e-06,0.9216709,empathicschool_s28,combined,empathicschool
0,3.7065638e-06,0.92164034,empathicschool_s28,combined,empathicschool
0,3.7042244e-06,0.9216773,empathicschool_s28,combined,empathicschool
0,3.6999595e-06,0.92173785,empathicschool_s28,combined,empathicschool
0,2.615014e-05,0.7839512,empathicschool_s28,combined,empathicschool
0,3.6320246e-06,0.92152107,empathicschool_s28,combined,empathicschool
0,3.686737e-06,0.921896,empathicschool_s28,combined,empathicschool
0,3.675377e-06,0.921993,empathicschool_s28,combined,empathicschool
0,7.204323e-06,0.88495004,empathicschool_s28,combined,empathicschool
0,2.1813541e-05,0.80103105,empathicschool_s28,combined,empathicschool
0,2.5202049e-05,0.78723276,empathicschool_s28,combined,empathicschool
0,2.525551e-05,0.7870277,empathicschool_s28,combined,empathicschool
0,2.6811465e-05,0.7792155,empathicschool_s28,combined,empathicschool
0,2.7078055e-05,0.7751594,empathicschool_s28,combined,empathicschool
0,2.7116976e-05,0.7738713,empathicschool_s28,combined,empathicschool
0,2.7116976e-05,0.7738713,empathicschool_s28,combined,empathicschool
0,3.6358504e-06,0.92144066,empathicschool_s28,combined,empathicschool
0,2.7116976e-05,0.7738713,empathicschool_s28,combined,empathicschool
0,2.7116976e-05,0.7738713,empathicschool_s28,combined,empathicschool
0,2.7116976e-05,0.7738713,empathicschool_s28,combined,empathicschool
0,2.7116976e-05,0.7738713,empathicschool_s28,combined,empathicschool
0,2.7116976e-05,0.7738713,empathicschool_s28,combined,empathicschool
0,2.7116976e-05,0.7738713,empathicschool_s28,combined,empathicschool
0,2.7116976e-05,0.7738713,empathicschool_s28,combined,empathicschool
0,2.7116976e-05,0.7738713,empathicschool_s28,combined,empathicschool
0,2.7116976e-05,0.7738713,empathicschool_s28,combined,empathicschool
0,2.7116976e-05,0.7738713,empathicschool_s28,combined,empathicschool
0,3.6372373e-06,0.9214312,empathicschool_s28,combined,empathicschool
0,2.7116976e-05,0.7738709,empathicschool_s28,combined,empathicschool
0,2.7116976e-05,0.7738709,empathicschool_s28,combined,empathicschool
0,2.7116976e-05,0.7738709,empathicschool_s28,combined,empathicschool
0,2.7116976e-05,0.7738709,empathicschool_s28,combined,empathicschool
0,2.7116976e-05,0.7738709,empathicschool_s28,combined,empathicschool
0,2.7116976e-05,0.7738713,empathicschool_s28,combined,empathicschool
0,2.7116976e-05,0.7738709,empathicschool_s28,combined,empathicschool
0,2.7116976e-05,0.7738709,empathicschool_s28,combined,empathicschool
0,2.7116976e-05,0.7738713,empathicschool_s28,combined,empathicschool
0,2.7116976e-05,0.7738713,empathicschool_s28,combined,empathicschool
0,3.6329911e-06,0.9215856,empathicschool_s28,combined,empathicschool
0,2.7116976e-05,0.7738709,empathicschool_s28,combined,empathicschool
0,2.7116976e-05,0.7738709,empathicschool_s28,combined,empathicschool
0,2.7116976e-05,0.7738709,empathicschool_s28,combined,empathicschool
0,2.7116976e-05,0.7738713,empathicschool_s28,combined,empathicschool
0,2.7116976e-05,0.7738709,empathicschool_s28,combined,empathicschool
0,2.7116976e-05,0.7738709,empathicschool_s28,combined,empathicschool
0,2.7116976e-05,0.7738709,empathicschool_s28,combined,empathicschool
0,2.7116976e-05,0.7738709,empathicschool_s28,combined,empathicschool
0,2.7116976e-05,0.7738709,empathicschool_s28,combined,empathicschool
0,2.7116976e-05,0.7738709,empathicschool_s28,combined,empathicschool
0,3.617085e-06,0.92192435,empathicschool_s28,combined,empathicschool
0,2.7116976e-05,0.7738709,empathicschool_s28,combined,empathicschool
0,2.7116976e-05,0.7738709,empathicschool_s28,combined,empathicschool
0,2.7116976e-05,0.7738709,empathicschool_s28,combined,empathicschool
0,2.7116976e-05,0.7738713,empathicschool_s28,combined,empathicschool
0,2.7116976e-05,0.7738713,empathicschool_s28,combined,empathicschool
0,2.7116976e-05,0.7738709,empathicschool_s28,combined,empathicschool
0,2.7116976e-05,0.7738713,empathicschool_s28,combined,empathicschool
0,2.7116976e-05,0.7738713,empathicschool_s28,combined,empathicschool
0,2.7116976e-05,0.7738713,empathicschool_s28,combined,empathicschool
0,2.7116976e-05,0.7738713,empathicschool_s28,combined,empathicschool
0,3.6009806e-06,0.92219687,empathicschool_s28,combined,empathicschool
0,2.7116976e-05,0.7738713,empathicschool_s28,combined,empathicschool
0,2.7116976e-05,0.7738713,empathicschool_s28,combined,empathicschool
0,2.7116976e-05,0.7738713,empathicschool_s28,combined,empathicschool
0,2.7116976e-05,0.7738713,empathicschool_s28,combined,empathicschool
0,2.7116976e-05,0.7738713,empathicschool_s28,combined,empathicschool
0,2.7116976e-05,0.7738713,empathicschool_s28,combined,empathicschool
0,2.7116976e-05,0.7738709,empathicschool_s28,combined,empathicschool
0,2.7116976e-05,0.7738709,empathicschool_s28,combined,empathicschool
0,2.7116976e-05,0.7738713,empathicschool_s28,combined,empathicschool
0,2.7116976e-05,0.7738713,empathicschool_s28,combined,empathicschool
0,3.599851e-06,0.9221185,empathicschool_s28,combined,empathicschool
0,2.7116976e-05,0.7738709,empathicschool_s28,combined,empathicschool
0,2.7116976e-05,0.7738709,empathicschool_s28,combined,empathicschool
0,2.7116976e-05,0.7738709,empathicschool_s28,combined,empathicschool
0,2.7116976e-05,0.7738709,empathicschool_s28,combined,empathicschool
0,2.7116976e-05,0.7738709,empathicschool_s28,combined,empathicschool
0,2.7116976e-05,0.7738709,empathicschool_s28,combined,empathicschool
0,2.7116976e-05,0.7738709,empathicschool_s28,combined,empathicschool
0,2.7116976e-05,0.7738709,empathicschool_s28,combined,empathicschool
0,2.7116976e-05,0.7738709,empathicschool_s28,combined,empathicschool
0,2.7116976e-05,0.7738709,empathicschool_s28,combined,empathicschool
0,3.6100066e-06,0.92200255,empathicschool_s28,combined,empathicschool
0,2.7116976e-05,0.7738709,empathicschool_s28,combined,empathicschool
0,2.7116976e-05,0.7738709,empathicschool_s28,combined,empathicschool
0,2.7116976e-05,0.7738709,empathicschool_s28,combined,empathicschool
0,2.7116976e-05,0.7738709,empathicschool_s28,combined,empathicschool
0,2.7116976e-05,0.7738709,empathicschool_s28,combined,empathicschool
0,2.7116976e-05,0.7738709,empathicschool_s28,combined,empathicschool
0,2.7116976e-05,0.7738713,empathicschool_s28,combined,empathicschool
0,2.7116976e-05,0.7738713,empathicschool_s28,combined,empathicschool
0,2.7116976e-05,0.7738709,empathicschool_s28,combined,empathicschool
0,2.7116976e-05,0.7738709,empathicschool_s28,combined,empathicschool
0,3.6024676e-06,0.9221769,empathicschool_s28,combined,empathicschool
0,2.7116976e-05,0.7738709,empathicschool_s28,combined,empathicschool
0,2.7116976e-05,0.7738709,empathicschool_s28,combined,empathicschool
0,2.7116976e-05,0.7738709,empathicschool_s28,combined,empathicschool
0,2.7116976e-05,0.7738709,empathicschool_s28,combined,empathicschool
0,2.7116976e-05,0.7738709,empathicschool_s28,combined,empathicschool
0,2.7116976e-05,0.7738709,empathicschool_s28,combined,empathicschool
0,2.7116976e-05,0.7738709,empathicschool_s28,combined,empathicschool
0,2.7116976e-05,0.7738709,empathicschool_s28,combined,empathicschool
0,2.7116976e-05,0.7738709,empathicschool_s28,combined,empathicschool
0,2.7116976e-05,0.7738709,empathicschool_s28,combined,empathicschool
0,3.5915903e-06,0.92234665,empathicschool_s28,combined,empathicschool
0,2.7116976e-05,0.7738709,empathicschool_s28,combined,empathicschool
0,2.7116976e-05,0.7738709,empathicschool_s28,combined,empathicschool
0,2.7116976e-05,0.7738709,empathicschool_s28,combined,empathicschool
0,2.7116976e-05,0.7738709,empathicschool_s28,combined,empathicschool
0,2.7116976e-05,0.7738709,empathicschool_s28,combined,empathicschool
0,2.7116976e-05,0.7738709,empathicschool_s28,combined,empathicschool
0,2.7116976e-05,0.7738709,empathicschool_s28,combined,empathicschool
0,2.7116976e-05,0.7738709,empathicschool_s28,combined,empathicschool
0,2.7116976e-05,0.7738709,empathicschool_s28,combined,empathicschool
0,2.7116976e-05,0.7738709,empathicschool_s28,combined,empathicschool
0,5.3513627e-06,0.90366304,empathicschool_s28,combined,empathicschool
0,3.588745e-06,0.9223437,empathicschool_s28,combined,empathicschool
0,2.7116976e-05,0.7738709,empathicschool_s28,combined,empathicschool
0,2.7116976e-05,0.7738709,empathicschool_s28,combined,empathicschool
0,2.7116976e-05,0.7738709,empathicschool_s28,combined,empathicschool
0,2.7116976e-05,0.7738709,empathicschool_s28,combined,empathicschool
0,2.7116976e-05,0.7738709,empathicschool_s28,combined,empathicschool
0,2.7116976e-05,0.7738709,empathicschool_s28,combined,empathicschool
0,2.7116976e-05,0.7738709,empathicschool_s28,combined,empathicschool
0,2.7116976e-05,0.7738713,empathicschool_s28,combined,empathicschool
0,2.7116976e-05,0.7738709,empathicschool_s28,combined,empathicschool
0,2.7116976e-05,0.7738709,empathicschool_s28,combined,empathicschool
0,3.5985806e-06,0.9221477,empathicschool_s28,combined,empathicschool
0,2.7116976e-05,0.7738713,empathicschool_s28,combined,empathicschool
0,2.7116976e-05,0.7738713,empathicschool_s28,combined,empathicschool
0,2.7116976e-05,0.7738713,empathicschool_s28,combined,empathicschool
0,2.7116976e-05,0.7738709,empathicschool_s28,combined,empathicschool
0,2.7116976e-05,0.7738713,empathicschool_s28,combined,empathicschool
0,2.7116976e-05,0.7738713,empathicschool_s28,combined,empathicschool
0,2.7116976e-05,0.7738709,empathicschool_s28,combined,empathicschool
0,2.7116976e-05,0.7738709,empathicschool_s28,combined,empathicschool
0,2.7116976e-05,0.7738709,empathicschool_s28,combined,empathicschool
0,2.7116976e-05,0.7738709,empathicschool_s28,combined,empathicschool
0,3.5977434e-06,0.92215276,empathicschool_s28,combined,empathicschool
0,2.7116976e-05,0.7738709,empathicschool_s28,combined,empathicschool
0,2.7116976e-05,0.7738709,empathicschool_s28,combined,empathicschool
0,2.7116976e-05,0.7738709,empathicschool_s28,combined,empathicschool
0,2.7116976e-05,0.7738709,empathicschool_s28,combined,empathicschool
0,2.7116976e-05,0.7738709,empathicschool_s28,combined,empathicschool
0,2.7116976e-05,0.7738709,empathicschool_s28,combined,empathicschool
0,2.7116976e-05,0.7738709,empathicschool_s28,combined,empathicschool
0,2.7116976e-05,0.7738709,empathicschool_s28,combined,empathicschool
0,2.7116976e-05,0.7738709,empathicschool_s28,combined,empathicschool
0,2.7116976e-05,0.7738709,empathicschool_s28,combined,empathicschool
0,3.599463e-06,0.9221186,empathicschool_s28,combined,empathicschool
0,2.7116976e-05,0.7738709,empathicschool_s28,combined,empathicschool
0,2.7116976e-05,0.7738709,empathicschool_s28,combined,empathicschool
0,2.7116976e-05,0.7738709,empathicschool_s28,combined,empathicschool
0,2.7116976e-05,0.7738709,empathicschool_s28,combined,empathicschool
0,2.7116976e-05,0.7738709,empathicschool_s28,combined,empathicschool
0,2.7116976e-05,0.7738709,empathicschool_s28,combined,empathicschool
0,2.7116976e-05,0.7738709,empathicschool_s28,combined,empathicschool
0,2.7116976e-05,0.7738709,empathicschool_s28,combined,empathicschool
0,2.7116976e-05,0.7738709,empathicschool_s28,combined,empathicschool
0,2.7116976e-05,0.7738709,empathicschool_s28,combined,empathicschool
0,3.607845e-06,0.9220325,empathicschool_s28,combined,empathicschool
0,2.7116976e-05,0.7738709,empathicschool_s28,combined,empathicschool
0,2.7116976e-05,0.7738709,empathicschool_s28,combined,empathicschool
0,2.7116976e-05,0.7738709,empathicschool_s28,combined,empathicschool
0,2.7116976e-05,0.7738709,empathicschool_s28,combined,empathicschool
0,2.7116976e-05,0.7738709,empathicschool_s28,combined,empathicschool
0,2.7116976e-05,0.7738709,empathicschool_s28,combined,empathicschool
0,2.7116976e-05,0.7738709,empathicschool_s28,combined,empathicschool
0,2.7116976e-05,0.7738709,empathicschool_s28,combined,empathicschool
0,2.7116976e-05,0.7738709,empathicschool_s28,combined,empathicschool
0,2.7116976e-05,0.7738709,empathicschool_s28,combined,empathicschool
0,3.6011832e-06,0.9221932,empathicschool_s28,combined,empathicschool
0,2.7116976e-05,0.7738709,empathicschool_s28,combined,empathicschool
0,2.7116976e-05,0.7738709,empathicschool_s28,combined,empathicschool
0,2.7116976e-05,0.7738709,empathicschool_s28,combined,empathicschool
0,2.7116976e-05,0.7738709,empathicschool_s28,combined,empathicschool
0,2.7116976e-05,0.7738709,empathicschool_s28,combined,empathicschool
0,2.7116976e-05,0.7738709,empathicschool_s28,combined,empathicschool
0,2.7116976e-05,0.7738709,empathicschool_s28,combined,empathicschool
0,2.7116976e-05,0.7738709,empathicschool_s28,combined,empathicschool
0,2.7116976e-05,0.7738709,empathicschool_s28,combined,empathicschool
0,2.7116976e-05,0.7738709,empathicschool_s28,combined,empathicschool
0,3.6314705e-06,0.921622,empathicschool_s28,combined,empathicschool
0,2.7116976e-05,0.7738709,empathicschool_s28,combined,empathicschool
0,2.7116976e-05,0.7738709,empathicschool_s28,combined,empathicschool
0,2.7116976e-05,0.7738713,empathicschool_s28,combined,empathicschool
0,2.7116976e-05,0.7738713,empathicschool_s28,combined,empathicschool
0,2.7116976e-05,0.7738709,empathicschool_s28,combined,empathicschool
0,2.7116976e-05,0.7738713,empathicschool_s28,combined,empathicschool
0,2.7116976e-05,0.7738709,empathicschool_s28,combined,empathicschool
0,2.7116976e-05,0.7738713,empathicschool_s28,combined,empathicschool
0,2.7116976e-05,0.7738713,empathicschool_s28,combined,empathicschool
0,2.7116976e-05,0.7738713,empathicschool_s28,combined,empathicschool
0,3.6734743e-06,0.92079026,empathicschool_s28,combined,empathicschool
0,2.7116976e-05,0.7738713,empathicschool_s28,combined,empathicschool
0,2.7116976e-05,0.7738709,empathicschool_s28,combined,empathicschool
0,2.7116976e-05,0.7738713,empathicschool_s28,combined,empathicschool
0,2.7116976e-05,0.7738713,empathicschool_s28,combined,empathicschool
0,2.7116976e-05,0.7738713,empathicschool_s28,combined,empathicschool
0,2.7116976e-05,0.7738713,empathicschool_s28,combined,empathicschool
0,2.7116976e-05,0.7738713,empathicschool_s28,combined,empathicschool
0,2.7116976e-05,0.7738713,empathicschool_s28,combined,empathicschool
0,2.7116976e-05,0.7738713,empathicschool_s28,combined,empathicschool
0,2.7116976e-05,0.7738709,empathicschool_s28,combined,empathicschool
0,3.6634615e-06,0.9208783,empathicschool_s28,combined,empathicschool
0,2.7116976e-05,0.7738709,empathicschool_s28,combined,empathicschool
0,2.7116976e-05,0.7738709,empathicschool_s28,combined,empathicschool
0,2.7116976e-05,0.7738709,empathicschool_s28,combined,empathicschool
0,2.7116976e-05,0.7738709,empathicschool_s28,combined,empathicschool
0,2.7116976e-05,0.7738709,empathicschool_s28,combined,empathicschool
0,2.7116976e-05,0.7738709,empathicschool_s28,combined,empathicschool
0,2.7116976e-05,0.7738709,empathicschool_s28,combined,empathicschool
0,2.7116976e-05,0.7738709,empathicschool_s28,combined,empathicschool
0,2.7116976e-05,0.7738709,empathicschool_s28,combined,empathicschool
0,2.7116976e-05,0.7738709,empathicschool_s28,combined,empathicschool
0,3.6393296e-06,0.921313,empathicschool_s28,combined,empathicschool
0,2.7116976e-05,0.7738709,empathicschool_s28,combined,empathicschool
0,2.7116976e-05,0.7738709,empathicschool_s28,combined,empathicschool
0,2.7116976e-05,0.7738709,empathicschool_s28,combined,empathicschool
0,2.7116976e-05,0.7738709,empathicschool_s28,combined,empathicschool
0,2.7116976e-05,0.7738709,empathicschool_s28,combined,empathicschool
0,2.7116976e-05,0.7738709,empathicschool_s28,combined,empathicschool
0,2.7116976e-05,0.7738709,empathicschool_s28,combined,empathicschool
0,2.7116976e-05,0.7738709,empathicschool_s28,combined,empathicschool
0,2.7116976e-05,0.7738709,empathicschool_s28,combined,empathicschool
0,2.7116976e-05,0.7738709,empathicschool_s28,combined,empathicschool
0,3.6372999e-06,0.9214196,empathicschool_s28,combined,empathicschool
0,3.6528313e-06,0.92105854,empathicschool_s28,combined,empathicschool
0,2.7116976e-05,0.7738709,empathicschool_s28,combined,empathicschool
0,2.7116976e-05,0.7738709,empathicschool_s28,combined,empathicschool
0,2.7116976e-05,0.7738709,empathicschool_s28,combined,empathicschool
0,2.7116976e-05,0.7738709,empathicschool_s28,combined,empathicschool
0,2.7116976e-05,0.7738709,empathicschool_s28,combined,empathicschool
0,2.7116976e-05,0.7738709,empathicschool_s28,combined,empathicschool
0,2.7116976e-05,0.7738709,empathicschool_s28,combined,empathicschool
0,2.7116976e-05,0.7738709,empathicschool_s28,combined,empathicschool
0,2.7116976e-05,0.7738709,empathicschool_s28,combined,empathicschool
0,2.7116976e-05,0.7738709,empathicschool_s28,combined,empathicschool
0,3.6677332e-06,0.92078465,empathicschool_s28,combined,empathicschool
0,2.7116976e-05,0.7738709,empathicschool_s28,combined,empathicschool
0,2.7116976e-05,0.7738709,empathicschool_s28,combined,empathicschool
0,2.7116976e-05,0.7738709,empathicschool_s28,combined,empathicschool
0,2.7116976e-05,0.7738709,empathicschool_s28,combined,empathicschool
0,2.7116976e-05,0.7738709,empathicschool_s28,combined,empathicschool
0,2.7116976e-05,0.7738709,empathicschool_s28,combined,empathicschool
0,2.7116976e-05,0.7738709,empathicschool_s28,combined,empathicschool
0,2.7116976e-05,0.7738709,empathicschool_s28,combined,empathicschool
0,2.7116976e-05,0.7738709,empathicschool_s28,combined,empathicschool
0,2.7116976e-05,0.7738709,empathicschool_s28,combined,empathicschool
0,3.6651843e-06,0.9208266,empathicschool_s28,combined,empathicschool
0,2.7116976e-05,0.7738709,empathicschool_s28,combined,empathicschool
0,2.7116976e-05,0.7738709,empathicschool_s28,combined,empathicschool
0,2.7116976e-05,0.7738709,empathicschool_s28,combined,empathicschool
0,2.7116976e-05,0.7738709,empathicschool_s28,combined,empathicschool
0,2.7116976e-05,0.7738709,empathicschool_s28,combined,empathicschool
0,2.7116976e-05,0.7738709,empathicschool_s28,combined,empathicschool
0,2.7116976e-05,0.7738709,empathicschool_s28,combined,empathicschool
0,2.7116976e-05,0.7738709,empathicschool_s28,combined,empathicschool
0,2.7116976e-05,0.7738709,empathicschool_s28,combined,empathicschool
0,2.7116976e-05,0.7738709,empathicschool_s28,combined,empathicschool
0,3.6661982e-06,0.9208053,empathicschool_s28,combined,empathicschool
0,2.7116976e-05,0.7738709,empathicschool_s28,combined,empathicschool
0,2.7116976e-05,0.7738709,empathicschool_s28,combined,empathicschool
0,2.7116976e-05,0.7738709,empathicschool_s28,combined,empathicschool
0,2.7116976e-05,0.7738709,empathicschool_s28,combined,empathicschool
0,2.7116976e-05,0.7738709,empathicschool_s28,combined,empathicschool
0,2.7116976e-05,0.7738709,empathicschool_s28,combined,empathicschool
0,2.7116976e-05,0.7738709,empathicschool_s28,combined,empathicschool
0,2.7116976e-05,0.7738709,empathicschool_s28,combined,empathicschool
0,2.7116976e-05,0.7738709,empathicschool_s28,combined,empathicschool
0,2.7116976e-05,0.7738709,empathicschool_s28,combined,empathicschool
0,3.669472e-06,0.9207484,empathicschool_s28,combined,empathicschool
0,2.7116976e-05,0.7738709,empathicschool_s28,combined,empathicschool
0,2.7116976e-05,0.7738709,empathicschool_s28,combined,empathicschool
0,2.7116976e-05,0.7738709,empathicschool_s28,combined,empathicschool
0,2.7116976e-05,0.7738709,empathicschool_s28,combined,empathicschool
0,2.7116976e-05,0.7738709,empathicschool_s28,combined,empathicschool
0,2.7116976e-05,0.7738709,empathicschool_s28,combined,empathicschool
0,2.7116976e-05,0.7738709,empathicschool_s28,combined,empathicschool
0,2.7116976e-05,0.7738709,empathicschool_s28,combined,empathicschool
0,2.7116976e-05,0.7738709,empathicschool_s28,combined,empathicschool
0,2.7116976e-05,0.7738709,empathicschool_s28,combined,empathicschool
0,3.670361e-06,0.9207351,empathicschool_s28,combined,empathicschool
0,2.7116976e-05,0.7738709,empathicschool_s28,combined,empathicschool
0,2.7116976e-05,0.7738709,empathicschool_s28,combined,empathicschool
0,2.7116976e-05,0.7738709,empathicschool_s28,combined,empathicschool
0,2.7116976e-05,0.7738709,empathicschool_s28,combined,empathicschool
0,2.7116976e-05,0.7738709,empathicschool_s28,combined,empathicschool
0,2.7116976e-05,0.7738709,empathicschool_s28,combined,empathicschool
0,2.7116976e-05,0.7738709,empathicschool_s28,combined,empathicschool
0,2.7116976e-05,0.7738709,empathicschool_s28,combined,empathicschool
0,2.7116976e-05,0.7738709,empathicschool_s28,combined,empathicschool
0,2.7116976e-05,0.7738709,empathicschool_s28,combined,empathicschool
0,3.6679746e-06,0.92078185,empathicschool_s28,combined,empathicschool
0,2.7116976e-05,0.7738709,empathicschool_s28,combined,empathicschool
0,2.7116976e-05,0.7738709,empathicschool_s28,combined,empathicschool
0,2.7116976e-05,0.7738709,empathicschool_s28,combined,empathicschool
0,2.7116976e-05,0.7738709,empathicschool_s28,combined,empathicschool
0,2.7116976e-05,0.7738709,empathicschool_s28,combined,empathicschool
0,2.7116976e-05,0.7738709,empathicschool_s28,combined,empathicschool
0,2.7116976e-05,0.7738709,empathicschool_s28,combined,empathicschool
0,2.7116976e-05,0.7738709,empathicschool_s28,combined,empathicschool
0,2.7116976e-05,0.7738709,empathicschool_s28,combined,empathicschool
0,2.7116976e-05,0.7738709,empathicschool_s28,combined,empathicschool
0,3.6660651e-06,0.9208178,empathicschool_s28,combined,empathicschool
0,2.7116976e-05,0.7738709,empathicschool_s28,combined,empathicschool
0,2.7116976e-05,0.7738709,empathicschool_s28,combined,empathicschool
0,2.7116976e-05,0.7738709,empathicschool_s28,combined,empathicschool
0,2.7116976e-05,0.7738709,empathicschool_s28,combined,empathicschool
0,2.7116976e-05,0.7738709,empathicschool_s28,combined,empathicschool
0,2.7116976e-05,0.7738709,empathicschool_s28,combined,empathicschool
0,2.7116976e-05,0.7738709,empathicschool_s28,combined,empathicschool
0,2.7116976e-05,0.7738709,empathicschool_s28,combined,empathicschool
0,2.7116976e-05,0.7738709,empathicschool_s28,combined,empathicschool
0,2.7116976e-05,0.7738709,empathicschool_s28,combined,empathicschool
0,3.664625e-06,0.9209742,empathicschool_s28,combined,empathicschool
0,2.7116976e-05,0.7738709,empathicschool_s28,combined,empathicschool
0,2.7116976e-05,0.7738709,empathicschool_s28,combined,empathicschool
0,2.7116976e-05,0.7738709,empathicschool_s28,combined,empathicschool
0,2.7116976e-05,0.7738709,empathicschool_s28,combined,empathicschool
0,2.7116976e-05,0.7738709,empathicschool_s28,combined,empathicschool
0,2.7116976e-05,0.7738709,empathicschool_s28,combined,empathicschool
0,2.7116976e-05,0.7738709,empathicschool_s28,combined,empathicschool
0,2.7116976e-05,0.7738709,empathicschool_s28,combined,empathicschool
0,2.7116976e-05,0.7738709,empathicschool_s28,combined,empathicschool
0,2.7116976e-05,0.7738709,empathicschool_s28,combined,empathicschool
0,3.6246265e-06,0.9216028,empathicschool_s28,combined,empathicschool
0,2.7116976e-05,0.7738709,empathicschool_s28,combined,empathicschool
0,2.7116976e-05,0.7738709,empathicschool_s28,combined,empathicschool
0,2.7116976e-05,0.7738709,empathicschool_s28,combined,empathicschool
0,2.7116976e-05,0.7738709,empathicschool_s28,combined,empathicschool
0,2.7116976e-05,0.7738709,empathicschool_s28,combined,empathicschool
0,2.7116976e-05,0.7738709,empathicschool_s28,combined,empathicschool
0,2.7116976e-05,0.7738709,empathicschool_s28,combined,empathicschool
0,2.7116976e-05,0.7738709,empathicschool_s28,combined,empathicschool
0,2.7116976e-05,0.7738709,empathicschool_s28,combined,empathicschool
0,2.7116976e-05,0.7738709,empathicschool_s28,combined,empathicschool
0,3.6386114e-06,0.9213907,empathicschool_s28,combined,empathicschool
0,3.6463925e-06,0.92116153,empathicschool_s28,combined,empathicschool
0,2.7116976e-05,0.7738709,empathicschool_s28,combined,empathicschool
0,2.7116976e-05,0.7738709,empathicschool_s28,combined,empathicschool
0,2.7116976e-05,0.7738709,empathicschool_s28,combined,empathicschool
0,2.7116976e-05,0.7738709,empathicschool_s28,combined,empathicschool
0,2.7116976e-05,0.7738709,empathicschool_s28,combined,empathicschool
0,2.7116976e-05,0.7738709,empathicschool_s28,combined,empathicschool
0,2.7116976e-05,0.7738709,empathicschool_s28,combined,empathicschool
0,2.7116976e-05,0.7738709,empathicschool_s28,combined,empathicschool
0,2.7116976e-05,0.7738709,empathicschool_s28,combined,empathicschool
0,2.7116976e-05,0.7738709,empathicschool_s28,combined,empathicschool
0,3.6490155e-06,0.92108715,empathicschool_s28,combined,empathicschool
0,2.7116976e-05,0.7738709,empathicschool_s28,combined,empathicschool
0,2.7116976e-05,0.7738709,empathicschool_s28,combined,empathicschool
0,2.7116976e-05,0.7738709,empathicschool_s28,combined,empathicschool
0,2.7116976e-05,0.7738709,empathicschool_s28,combined,empathicschool
0,2.7116976e-05,0.7738709,empathicschool_s28,combined,empathicschool
0,2.7116976e-05,0.7738709,empathicschool_s28,combined,empathicschool
0,2.7116976e-05,0.7738709,empathicschool_s28,combined,empathicschool
0,2.7116976e-05,0.7738709,empathicschool_s28,combined,empathicschool
0,2.7116976e-05,0.7738709,empathicschool_s28,combined,empathicschool
0,2.7116976e-05,0.7738709,empathicschool_s28,combined,empathicschool
0,3.6676458e-06,0.9207866,empathicschool_s28,combined,empathicschool
0,2.7116976e-05,0.7738709,empathicschool_s28,combined,empathicschool
0,2.7116976e-05,0.7738709,empathicschool_s28,combined,empathicschool
0,2.7116976e-05,0.7738709,empathicschool_s28,combined,empathicschool
0,2.7116976e-05,0.7738709,empathicschool_s28,combined,empathicschool
0,2.7116976e-05,0.7738709,empathicschool_s28,combined,empathicschool
0,2.7116976e-05,0.7738709,empathicschool_s28,combined,empathicschool
0,2.7116976e-05,0.7738709,empathicschool_s28,combined,empathicschool
0,2.7116976e-05,0.7738709,empathicschool_s28,combined,empathicschool
0,2.7116976e-05,0.7738709,empathicschool_s28,combined,empathicschool
0,2.7116976e-05,0.7738709,empathicschool_s28,combined,empathicschool
0,3.6724828e-06,0.9207059,empathicschool_s28,combined,empathicschool
0,2.7116976e-05,0.7738709,empathicschool_s28,combined,empathicschool
0,2.7116976e-05,0.7738709,empathicschool_s28,combined,empathicschool
0,2.7116976e-05,0.7738709,empathicschool_s28,combined,empathicschool
0,2.7116976e-05,0.7738709,empathicschool_s28,combined,empathicschool
0,2.7116976e-05,0.7738709,empathicschool_s28,combined,empathicschool
0,2.7116976e-05,0.7738709,empathicschool_s28,combined,empathicschool
0,2.7116976e-05,0.7738709,empathicschool_s28,combined,empathicschool
0,2.7116976e-05,0.7738709,empathicschool_s28,combined,empathicschool
0,2.7116976e-05,0.7738709,empathicschool_s28,combined,empathicschool
0,2.7116976e-05,0.7738709,empathicschool_s28,combined,empathicschool
0,3.6666493e-06,0.9207973,empathicschool_s28,combined,empathicschool
0,2.7116976e-05,0.7738709,empathicschool_s28,combined,empathicschool
0,2.7116976e-05,0.7738709,empathicschool_s28,combined,empathicschool
0,2.7116976e-05,0.7738709,empathicschool_s28,combined,empathicschool
0,2.7116976e-05,0.7738709,empathicschool_s28,combined,empathicschool
0,2.7116976e-05,0.7738709,empathicschool_s28,combined,empathicschool
0,2.7116976e-05,0.7738709,empathicschool_s28,combined,empathicschool
0,2.7116976e-05,0.7738709,empathicschool_s28,combined,empathicschool
0,2.7116976e-05,0.7738709,empathicschool_s28,combined,empathicschool
0,2.7116976e-05,0.7738709,empathicschool_s28,combined,empathicschool
0,2.7116976e-05,0.7738709,empathicschool_s28,combined,empathicschool
0,3.6737335e-06,0.92067343,empathicschool_s28,combined,empathicschool
0,2.7116976e-05,0.7738709,empathicschool_s28,combined,empathicschool
0,2.7116976e-05,0.7738709,empathicschool_s28,combined,empathicschool
0,2.7116976e-05,0.7738709,empathicschool_s28,combined,empathicschool
0,2.7116976e-05,0.7738709,empathicschool_s28,combined,empathicschool
0,2.7116976e-05,0.7738709,empathicschool_s28,combined,empathicschool
0,2.7116976e-05,0.7738713,empathicschool_s28,combined,empathicschool
0,2.7116976e-05,0.7738713,empathicschool_s28,combined,empathicschool
0,2.7116976e-05,0.7738713,empathicschool_s28,combined,empathicschool
0,2.7116976e-05,0.7738713,empathicschool_s28,combined,empathicschool
0,2.7116976e-05,0.7738713,empathicschool_s28,combined,empathicschool
0,3.674543e-06,0.92065877,empathicschool_s28,combined,empathicschool
0,2.7116976e-05,0.7738713,empathicschool_s28,combined,empathicschool
0,2.7116976e-05,0.7738713,empathicschool_s28,combined,empathicschool
0,2.7116976e-05,0.7738713,empathicschool_s28,combined,empathicschool
0,2.7116976e-05,0.7738709,empathicschool_s28,combined,empathicschool
0,2.7116976e-05,0.7738709,empathicschool_s28,combined,empathicschool
0,2.7116976e-05,0.7738709,empathicschool_s28,combined,empathicschool
0,2.7116976e-05,0.7738709,empathicschool_s28,combined,empathicschool
0,2.7116976e-05,0.7738709,empathicschool_s28,combined,empathicschool
0,2.7116976e-05,0.7738709,empathicschool_s28,combined,empathicschool
0,2.7116976e-05,0.7738709,empathicschool_s28,combined,empathicschool
0,3.674543e-06,0.92065877,empathicschool_s28,combined,empathicschool
0,2.7116976e-05,0.7738709,empathicschool_s28,combined,empathicschool
0,2.7116976e-05,0.7738709,empathicschool_s28,combined,empathicschool
0,2.7116976e-05,0.7738709,empathicschool_s28,combined,empathicschool
0,2.7116976e-05,0.7738709,empathicschool_s28,combined,empathicschool
0,2.7116976e-05,0.7738709,empathicschool_s28,combined,empathicschool
0,2.7116976e-05,0.7738713,empathicschool_s28,combined,empathicschool
0,2.7116976e-05,0.7738713,empathicschool_s28,combined,empathicschool
0,2.7116976e-05,0.7738713,empathicschool_s28,combined,empathicschool
0,2.7116976e-05,0.7738713,empathicschool_s28,combined,empathicschool
0,2.7116976e-05,0.7738709,empathicschool_s28,combined,empathicschool
0,3.6576805e-06,0.9209711,empathicschool_s28,combined,empathicschool
0,2.7116976e-05,0.7738713,empathicschool_s28,combined,empathicschool
0,2.7116976e-05,0.7738713,empathicschool_s28,combined,empathicschool
0,2.7116976e-05,0.7738713,empathicschool_s28,combined,empathicschool
0,2.7116976e-05,0.7738709,empathicschool_s28,combined,empathicschool
0,2.7116976e-05,0.7738709,empathicschool_s28,combined,empathicschool
0,2.7116976e-05,0.7738709,empathicschool_s28,combined,empathicschool
0,2.7116976e-05,0.7738709,empathicschool_s28,combined,empathicschool
0,2.7116976e-05,0.7738709,empathicschool_s28,combined,empathicschool
0,2.7116976e-05,0.7738709,empathicschool_s28,combined,empathicschool
0,2.7116976e-05,0.7738713,empathicschool_s28,combined,empathicschool
0,3.6606434e-06,0.9210354,empathicschool_s28,combined,empathicschool
0,2.7116976e-05,0.7738709,empathicschool_s28,combined,empathicschool
0,2.7116976e-05,0.7738713,empathicschool_s28,combined,empathicschool
0,2.7116976e-05,0.7738713,empathicschool_s28,combined,empathicschool
0,2.7116976e-05,0.7738713,empathicschool_s28,combined,empathicschool
0,2.7116976e-05,0.7738709,empathicschool_s28,combined,empathicschool
0,2.7116976e-05,0.7738709,empathicschool_s28,combined,empathicschool
0,2.7116976e-05,0.7738709,empathicschool_s28,combined,empathicschool
0,2.7116976e-05,0.7738709,empathicschool_s28,combined,empathicschool
0,2.7116976e-05,0.7738709,empathicschool_s28,combined,empathicschool
0,2.7116976e-05,0.7738713,empathicschool_s28,combined,empathicschool
0,3.6224872e-06,0.9216489,empathicschool_s28,combined,empathicschool
0,3.644981e-06,0.921424,empathicschool_s28,combined,empathicschool
0,2.7116976e-05,0.7738713,empathicschool_s28,combined,empathicschool
0,2.7116976e-05,0.7738713,empathicschool_s28,combined,empathicschool
0,2.7116976e-05,0.7738713,empathicschool_s28,combined,empathicschool
0,2.7116976e-05,0.7738713,empathicschool_s28,combined,empathicschool
0,2.7116976e-05,0.7738713,empathicschool_s28,combined,empathicschool
0,2.7116976e-05,0.7738713,empathicschool_s28,combined,empathicschool
0,2.7116976e-05,0.7738713,empathicschool_s28,combined,empathicschool
0,2.7116976e-05,0.7738713,empathicschool_s28,combined,empathicschool
0,2.7116976e-05,0.7738713,empathicschool_s28,combined,empathicschool
0,2.7116976e-05,0.7738709,empathicschool_s28,combined,empathicschool
0,3.6542604e-06,0.9213343,empathicschool_s28,combined,empathicschool
0,2.7116976e-05,0.7738709,empathicschool_s28,combined,empathicschool
0,2.7116976e-05,0.7738709,empathicschool_s28,combined,empathicschool
0,2.7116976e-05,0.7738709,empathicschool_s28,combined,empathicschool
0,2.7116976e-05,0.7738709,empathicschool_s28,combined,empathicschool
0,2.7116976e-05,0.7738709,empathicschool_s28,combined,empathicschool
0,2.7116976e-05,0.7738709,empathicschool_s28,combined,empathicschool
0,2.7116976e-05,0.7738709,empathicschool_s28,combined,empathicschool
0,2.7116976e-05,0.7738709,empathicschool_s28,combined,empathicschool
0,2.7116976e-05,0.7738709,empathicschool_s28,combined,empathicschool
0,2.7116976e-05,0.7738709,empathicschool_s28,combined,empathicschool
0,3.6636989e-06,0.92123556,empathicschool_s28,combined,empathicschool
0,2.7116976e-05,0.7738709,empathicschool_s28,combined,empathicschool
0,2.7116976e-05,0.7738709,empathicschool_s28,combined,empathicschool
0,2.7116976e-05,0.7738709,empathicschool_s28,combined,empathicschool
0,2.7116976e-05,0.7738709,empathicschool_s28,combined,empathicschool
0,2.7116976e-05,0.7738709,empathicschool_s28,combined,empathicschool
0,2.7116976e-05,0.7738709,empathicschool_s28,combined,empathicschool
0,2.7116976e-05,0.7738709,empathicschool_s28,combined,empathicschool
0,2.7116976e-05,0.7738709,empathicschool_s28,combined,empathicschool
0,2.7116976e-05,0.7738709,empathicschool_s28,combined,empathicschool
0,2.7116976e-05,0.7738709,empathicschool_s28,combined,empathicschool
0,3.650554e-06,0.9214585,empathicschool_s28,combined,empathicschool
0,2.7116976e-05,0.7738709,empathicschool_s28,combined,empathicschool
0,2.7116976e-05,0.7738709,empathicschool_s28,combined,empathicschool
0,2.7116976e-05,0.7738709,empathicschool_s28,combined,empathicschool
0,2.7116976e-05,0.7738709,empathicschool_s28,combined,empathicschool
0,2.7116976e-05,0.7738709,empathicschool_s28,combined,empathicschool
0,2.7116976e-05,0.7738709,empathicschool_s28,combined,empathicschool
0,2.7116976e-05,0.7738709,empathicschool_s28,combined,empathicschool
0,2.7116976e-05,0.7738709,empathicschool_s28,combined,empathicschool
0,2.7116976e-05,0.7738709,empathicschool_s28,combined,empathicschool
0,2.7116976e-05,0.7738709,empathicschool_s28,combined,empathicschool
0,3.665156e-06,0.921144,empathicschool_s28,combined,empathicschool
0,2.7116976e-05,0.7738709,empathicschool_s28,combined,empathicschool
0,2.7116976e-05,0.7738709,empathicschool_s28,combined,empathicschool
0,2.7116976e-05,0.7738709,empathicschool_s28,combined,empathicschool
0,2.7116976e-05,0.7738709,empathicschool_s28,combined,empathicschool
0,2.7116976e-05,0.7738709,empathicschool_s28,combined,empathicschool
0,2.7116976e-05,0.7738709,empathicschool_s28,combined,empathicschool
0,2.7116976e-05,0.7738709,empathicschool_s28,combined,empathicschool
0,2.7116976e-05,0.7738709,empathicschool_s28,combined,empathicschool
0,2.7116976e-05,0.7738709,empathicschool_s28,combined,empathicschool
0,2.7116976e-05,0.7738709,empathicschool_s28,combined,empathicschool
0,3.6866736e-06,0.9207304,empathicschool_s28,combined,empathicschool
0,2.7116976e-05,0.7738709,empathicschool_s28,combined,empathicschool
0,2.7116976e-05,0.7738709,empathicschool_s28,combined,empathicschool
0,2.7116976e-05,0.7738709,empathicschool_s28,combined,empathicschool
0,2.7116976e-05,0.7738709,empathicschool_s28,combined,empathicschool
0,2.7116976e-05,0.7738709,empathicschool_s28,combined,empathicschool
0,2.7116976e-05,0.7738709,empathicschool_s28,combined,empathicschool
0,2.7116976e-05,0.7738709,empathicschool_s28,combined,empathicschool
0,2.7116976e-05,0.7738709,empathicschool_s28,combined,empathicschool
0,2.7116976e-05,0.7738709,empathicschool_s28,combined,empathicschool
0,2.7116976e-05,0.7738709,empathicschool_s28,combined,empathicschool
0,3.6929268e-06,0.92061347,empathicschool_s28,combined,empathicschool
0,2.7116976e-05,0.7738709,empathicschool_s28,combined,empathicschool
0,2.7116976e-05,0.7738709,empathicschool_s28,combined,empathicschool
0,2.7116976e-05,0.7738709,empathicschool_s28,combined,empathicschool
0,2.7116976e-05,0.7738709,empathicschool_s28,combined,empathicschool
0,2.7116976e-05,0.7738709,empathicschool_s28,combined,empathicschool
0,2.7116976e-05,0.7738709,empathicschool_s28,combined,empathicschool
0,2.7116976e-05,0.7738709,empathicschool_s28,combined,empathicschool
0,2.7116976e-05,0.7738709,empathicschool_s28,combined,empathicschool
0,2.7116976e-05,0.7738709,empathicschool_s28,combined,empathicschool
0,2.7116976e-05,0.7738709,empathicschool_s28,combined,empathicschool
0,3.6972085e-06,0.92054784,empathicschool_s28,combined,empathicschool
0,2.7116976e-05,0.7738709,empathicschool_s28,combined,empathicschool
0,2.7116976e-05,0.7738709,empathicschool_s28,combined,empathicschool
0,2.7116976e-05,0.7738709,empathicschool_s28,combined,empathicschool
0,2.7116976e-05,0.7738709,empathicschool_s28,combined,empathicschool
0,2.7116976e-05,0.7738709,empathicschool_s28,combined,empathicschool
0,2.7116976e-05,0.7738709,empathicschool_s28,combined,empathicschool
0,2.7116976e-05,0.7738709,empathicschool_s28,combined,empathicschool
0,2.7116976e-05,0.7738709,empathicschool_s28,combined,empathicschool
0,2.7116976e-05,0.7738709,empathicschool_s28,combined,empathicschool
0,2.7116976e-05,0.7738709,empathicschool_s28,combined,empathicschool
0,3.6928247e-06,0.9206701,empathicschool_s28,combined,empathicschool
0,2.7116976e-05,0.7738709,empathicschool_s28,combined,empathicschool
0,2.7116976e-05,0.7738709,empathicschool_s28,combined,empathicschool
0,2.7116976e-05,0.7738709,empathicschool_s28,combined,empathicschool
0,2.7116976e-05,0.7738709,empathicschool_s28,combined,empathicschool
0,2.7116976e-05,0.7738709,empathicschool_s28,combined,empathicschool
0,2.7116976e-05,0.7738709,empathicschool_s28,combined,empathicschool
0,2.7116976e-05,0.7738709,empathicschool_s28,combined,empathicschool
0,2.7116976e-05,0.7738709,empathicschool_s28,combined,empathicschool
0,2.7116976e-05,0.7738709,empathicschool_s28,combined,empathicschool
0,2.7116976e-05,0.7738709,empathicschool_s28,combined,empathicschool
0,3.6635731e-06,0.92103386,empathicschool_s28,combined,empathicschool
0,2.7116976e-05,0.7738709,empathicschool_s28,combined,empathicschool
0,2.7116976e-05,0.7738709,empathicschool_s28,combined,empathicschool
0,2.7116976e-05,0.7738709,empathicschool_s28,combined,empathicschool
0,2.7116976e-05,0.7738709,empathicschool_s28,combined,empathicschool
0,2.7116976e-05,0.7738709,empathicschool_s28,combined,empathicschool
0,2.7116976e-05,0.7738709,empathicschool_s28,combined,empathicschool
0,2.7116976e-05,0.7738709,empathicschool_s28,combined,empathicschool
0,2.7116976e-05,0.7738709,empathicschool_s28,combined,empathicschool
0,2.7116976e-05,0.7738709,empathicschool_s28,combined,empathicschool
0,2.7116976e-05,0.7738709,empathicschool_s28,combined,empathicschool
0,3.5989995e-06,0.9220352,empathicschool_s28,combined,empathicschool
0,3.676853e-06,0.9207332,empathicschool_s28,combined,empathicschool
0,2.7116976e-05,0.7738709,empathicschool_s28,combined,empathicschool
0,2.7116976e-05,0.7738709,empathicschool_s28,combined,empathicschool
0,2.7116976e-05,0.7738709,empathicschool_s28,combined,empathicschool
0,2.7116976e-05,0.7738709,empathicschool_s28,combined,empathicschool
0,2.7116976e-05,0.7738709,empathicschool_s28,combined,empathicschool
0,2.7116976e-05,0.7738709,empathicschool_s28,combined,empathicschool
0,2.7116976e-05,0.7738709,empathicschool_s28,combined,empathicschool
0,2.7116976e-05,0.7738709,empathicschool_s28,combined,empathicschool
0,2.7116976e-05,0.7738709,empathicschool_s28,combined,empathicschool
0,2.7116976e-05,0.7738709,empathicschool_s28,combined,empathicschool
0,3.6748056e-06,0.9207594,empathicschool_s28,combined,empathicschool
0,2.7116976e-05,0.7738709,empathicschool_s28,combined,empathicschool
0,2.7116976e-05,0.7738709,empathicschool_s28,combined,empathicschool
0,2.7116976e-05,0.7738709,empathicschool_s28,combined,empathicschool
0,2.7116976e-05,0.7738709,empathicschool_s28,combined,empathicschool
0,2.7116976e-05,0.7738709,empathicschool_s28,combined,empathicschool
0,2.7116976e-05,0.7738709,empathicschool_s28,combined,empathicschool
0,2.7116976e-05,0.7738709,empathicschool_s28,combined,empathicschool
0,2.7116976e-05,0.7738709,empathicschool_s28,combined,empathicschool
0,2.7116976e-05,0.7738709,empathicschool_s28,combined,empathicschool
0,2.7116976e-05,0.7738709,empathicschool_s28,combined,empathicschool
0,3.6754611e-06,0.92074907,empathicschool_s28,combined,empathicschool
0,2.7116976e-05,0.7738709,empathicschool_s28,combined,empathicschool
0,2.7116976e-05,0.7738709,empathicschool_s28,combined,empathicschool
0,2.7116976e-05,0.7738709,empathicschool_s28,combined,empathicschool
0,2.7116976e-05,0.7738709,empathicschool_s28,combined,empathicschool
0,2.7116976e-05,0.7738709,empathicschool_s28,combined,empathicschool
0,2.7116976e-05,0.7738709,empathicschool_s28,combined,empathicschool
0,2.7116976e-05,0.7738709,empathicschool_s28,combined,empathicschool
0,2.7116976e-05,0.7738709,empathicschool_s28,combined,empathicschool
0,2.7116976e-05,0.7738709,empathicschool_s28,combined,empathicschool
0,2.7116976e-05,0.7738709,empathicschool_s28,combined,empathicschool
0,3.6759764e-06,0.92071027,empathicschool_s28,combined,empathicschool
0,2.7116976e-05,0.7738709,empathicschool_s28,combined,empathicschool
0,2.7116976e-05,0.7738709,empathicschool_s28,combined,empathicschool
0,2.7116976e-05,0.7738709,empathicschool_s28,combined,empathicschool
0,2.7116976e-05,0.7738709,empathicschool_s28,combined,empathicschool
0,2.7116976e-05,0.7738709,empathicschool_s28,combined,empathicschool
0,2.7116976e-05,0.7738709,empathicschool_s28,combined,empathicschool
0,2.7116976e-05,0.7738709,empathicschool_s28,combined,empathicschool
0,2.7116976e-05,0.7738709,empathicschool_s28,combined,empathicschool
0,2.7116976e-05,0.7738709,empathicschool_s28,combined,empathicschool
0,2.7116976e-05,0.7738709,empathicschool_s28,combined,empathicschool
0,3.6859285e-06,0.9205363,empathicschool_s28,combined,empathicschool
0,2.7116976e-05,0.7738709,empathicschool_s28,combined,empathicschool
0,2.7116976e-05,0.7738709,empathicschool_s28,combined,empathicschool
0,2.7116976e-05,0.7738709,empathicschool_s28,combined,empathicschool
0,2.7116976e-05,0.7738709,empathicschool_s28,combined,empathicschool
0,2.7116976e-05,0.7738709,empathicschool_s28,combined,empathicschool
0,2.7116976e-05,0.7738709,empathicschool_s28,combined,empathicschool
0,2.7116976e-05,0.7738709,empathicschool_s28,combined,empathicschool
0,2.7116976e-05,0.7738709,empathicschool_s28,combined,empathicschool
0,2.7116976e-05,0.7738709,empathicschool_s28,combined,empathicschool
0,2.7116976e-05,0.7738709,empathicschool_s28,combined,empathicschool
0,3.677158e-06,0.9207133,empathicschool_s28,combined,empathicschool
0,2.7116976e-05,0.7738709,empathicschool_s28,combined,empathicschool
0,2.7116976e-05,0.7738709,empathicschool_s28,combined,empathicschool
0,2.7116976e-05,0.7738713,empathicschool_s28,combined,empathicschool
0,2.7116976e-05,0.7738713,empathicschool_s28,combined,empathicschool
0,2.7116976e-05,0.7738713,empathicschool_s28,combined,empathicschool
0,2.7116976e-05,0.7738713,empathicschool_s28,combined,empathicschool
0,2.7116976e-05,0.7738713,empathicschool_s28,combined,empathicschool
0,2.7116976e-05,0.7738713,empathicschool_s28,combined,empathicschool
0,2.7116976e-05,0.7738713,empathicschool_s28,combined,empathicschool
0,2.7116976e-05,0.7738709,empathicschool_s28,combined,empathicschool
0,3.6733657e-06,0.92076415,empathicschool_s28,combined,empathicschool
0,2.7116976e-05,0.7738709,empathicschool_s28,combined,empathicschool
0,2.7116976e-05,0.7738709,empathicschool_s28,combined,empathicschool
0,2.7116976e-05,0.7738709,empathicschool_s28,combined,empathicschool
0,2.7116976e-05,0.7738709,empathicschool_s28,combined,empathicschool
0,2.7116976e-05,0.7738709,empathicschool_s28,combined,empathicschool
0,2.7116976e-05,0.7738709,empathicschool_s28,combined,empathicschool
0,2.7116976e-05,0.7738709,empathicschool_s28,combined,empathicschool
0,2.7116976e-05,0.7738709,empathicschool_s28,combined,empathicschool
0,2.7116976e-05,0.7738709,empathicschool_s28,combined,empathicschool
0,2.7116976e-05,0.7738709,empathicschool_s28,combined,empathicschool
0,3.679831e-06,0.92066085,empathicschool_s28,combined,empathicschool
0,2.7116976e-05,0.7738709,empathicschool_s28,combined,empathicschool
0,2.7116976e-05,0.7738709,empathicschool_s28,combined,empathicschool
0,2.7116976e-05,0.7738709,empathicschool_s28,combined,empathicschool
0,2.7116976e-05,0.7738709,empathicschool_s28,combined,empathicschool
0,2.7116976e-05,0.7738709,empathicschool_s28,combined,empathicschool
0,2.7116976e-05,0.7738709,empathicschool_s28,combined,empathicschool
0,2.7116976e-05,0.7738709,empathicschool_s28,combined,empathicschool
0,2.7116976e-05,0.7738709,empathicschool_s28,combined,empathicschool
0,2.7116976e-05,0.7738709,empathicschool_s28,combined,empathicschool
0,2.7116976e-05,0.7738709,empathicschool_s28,combined,empathicschool
0,3.6744937e-06,0.92076993,empathicschool_s28,combined,empathicschool
0,2.7116976e-05,0.7738709,empathicschool_s28,combined,empathicschool
0,2.7116976e-05,0.7738709,empathicschool_s28,combined,empathicschool
0,2.7116976e-05,0.7738709,empathicschool_s28,combined,empathicschool
0,2.7116976e-05,0.7738713,empathicschool_s28,combined,empathicschool
0,2.7116976e-05,0.7738709,empathicschool_s28,combined,empathicschool
0,2.7116976e-05,0.7738709,empathicschool_s28,combined,empathicschool
0,2.7116976e-05,0.7738709,empathicschool_s28,combined,empathicschool
0,2.7116976e-05,0.7738709,empathicschool_s28,combined,empathicschool
0,2.7116976e-05,0.7738709,empathicschool_s28,combined,empathicschool
0,2.7116976e-05,0.7738709,empathicschool_s28,combined,empathicschool
0,3.674189e-06,0.92076445,empathicschool_s28,combined,empathicschool
0,2.7116976e-05,0.7738709,empathicschool_s28,combined,empathicschool
0,2.7116976e-05,0.7738709,empathicschool_s28,combined,empathicschool
0,2.7116976e-05,0.7738709,empathicschool_s28,combined,empathicschool
0,2.7116976e-05,0.7738709,empathicschool_s28,combined,empathicschool
0,2.7116976e-05,0.7738709,empathicschool_s28,combined,empathicschool
0,2.7116976e-05,0.7738709,empathicschool_s28,combined,empathicschool
0,2.7116976e-05,0.7738709,empathicschool_s28,combined,empathicschool
0,2.7116976e-05,0.7738709,empathicschool_s28,combined,empathicschool
0,2.7116976e-05,0.7738709,empathicschool_s28,combined,empathicschool
0,2.7116976e-05,0.7738709,empathicschool_s28,combined,empathicschool
0,3.5863704e-06,0.9222809,empathicschool_s28,combined,empathicschool
0,3.6773893e-06,0.9207092,empathicschool_s28,combined,empathicschool
0,2.7116976e-05,0.7738709,empathicschool_s28,combined,empathicschool
0,2.7116976e-05,0.7738709,empathicschool_s28,combined,empathicschool
0,2.7116976e-05,0.7738709,empathicschool_s28,combined,empathicschool
0,2.7116976e-05,0.7738709,empathicschool_s28,combined,empathicschool
0,2.7116976e-05,0.7738709,empathicschool_s28,combined,empathicschool
0,2.7116976e-05,0.7738709,empathicschool_s28,combined,empathicschool
0,2.7116976e-05,0.7738709,empathicschool_s28,combined,empathicschool
0,2.7116976e-05,0.7738709,empathicschool_s28,combined,empathicschool
0,2.7116976e-05,0.7738709,empathicschool_s28,combined,empathicschool
0,2.7116976e-05,0.7738713,empathicschool_s28,combined,empathicschool
0,3.6745778e-06,0.9207653,empathicschool_s28,combined,empathicschool
0,2.7116976e-05,0.7738709,empathicschool_s28,combined,empathicschool
0,2.7116976e-05,0.7738709,empathicschool_s28,combined,empathicschool
0,2.7116976e-05,0.7738709,empathicschool_s28,combined,empathicschool
0,2.7116976e-05,0.7738713,empathicschool_s28,combined,empathicschool
0,2.7116976e-05,0.7738713,empathicschool_s28,combined,empathicschool
0,2.7116976e-05,0.7738713,empathicschool_s28,combined,empathicschool
0,2.7116976e-05,0.7738713,empathicschool_s28,combined,empathicschool
0,2.7116976e-05,0.7738713,empathicschool_s28,combined,empathicschool
0,2.7116976e-05,0.7738713,empathicschool_s28,combined,empathicschool
0,2.7116976e-05,0.7738713,empathicschool_s28,combined,empathicschool
0,3.9461765e-06,0.9158179,empathicschool_s28,combined,empathicschool
0,2.7116976e-05,0.7738713,empathicschool_s28,combined,empathicschool
0,2.7116976e-05,0.7738713,empathicschool_s28,combined,empathicschool
0,2.7116976e-05,0.7738713,empathicschool_s28,combined,empathicschool
0,2.7116976e-05,0.7738713,empathicschool_s28,combined,empathicschool
0,2.7116976e-05,0.7738713,empathicschool_s28,combined,empathicschool
0,2.7116976e-05,0.7738713,empathicschool_s28,combined,empathicschool
0,2.7116976e-05,0.7738713,empathicschool_s28,combined,empathicschool
0,2.7116976e-05,0.7738713,empathicschool_s28,combined,empathicschool
0,2.7116976e-05,0.7738713,empathicschool_s28,combined,empathicschool
0,2.7116976e-05,0.7738713,empathicschool_s28,combined,empathicschool
0,5.698661e-06,0.8977184,empathicschool_s28,combined,empathicschool
0,2.7116976e-05,0.7738713,empathicschool_s28,combined,empathicschool
0,2.7116976e-05,0.7738713,empathicschool_s28,combined,empathicschool
0,2.7116976e-05,0.7738713,empathicschool_s28,combined,empathicschool
0,2.7116976e-05,0.7738713,empathicschool_s28,combined,empathicschool
0,2.7116976e-05,0.7738713,empathicschool_s28,combined,empathicschool
0,2.7116976e-05,0.7738713,empathicschool_s28,combined,empathicschool
0,2.7116976e-05,0.7738713,empathicschool_s28,combined,empathicschool
0,2.7116976e-05,0.7738713,empathicschool_s28,combined,empathicschool
0,2.7116976e-05,0.7738713,empathicschool_s28,combined,empathicschool
0,2.7116976e-05,0.7738713,empathicschool_s28,combined,empathicschool
0,2.1665266e-05,0.8017733,empathicschool_s28,combined,empathicschool
0,2.7116976e-05,0.7738713,empathicschool_s28,combined,empathicschool
0,2.7116976e-05,0.7738713,empathicschool_s28,combined,empathicschool
0,2.7116976e-05,0.7738713,empathicschool_s28,combined,empathicschool
0,2.7116976e-05,0.7738713,empathicschool_s28,combined,empathicschool
0,2.7116976e-05,0.7738713,empathicschool_s28,combined,empathicschool
0,2.7116976e-05,0.7738713,empathicschool_s28,combined,empathicschool
0,2.7116976e-05,0.7738713,empathicschool_s28,combined,empathicschool
0,2.7116976e-05,0.7738713,empathicschool_s28,combined,empathicschool
0,2.7116976e-05,0.7738713,empathicschool_s28,combined,empathicschool
0,2.7116976e-05,0.7738713,empathicschool_s28,combined,empathicschool
0,2.6356687e-05,0.782627,empathicschool_s28,combined,empathicschool
0,2.7116976e-05,0.7738713,empathicschool_s28,combined,empathicschool
0,2.7116976e-05,0.7738713,empathicschool_s28,combined,empathicschool
0,2.7116976e-05,0.7738713,empathicschool_s28,combined,empathicschool
0,2.7116976e-05,0.7738709,empathicschool_s28,combined,empathicschool
0,2.7116976e-05,0.7738713,empathicschool_s28,combined,empathicschool
0,2.7116976e-05,0.7738713,empathicschool_s28,combined,empathicschool
0,2.7116976e-05,0.7738713,empathicschool_s28,combined,empathicschool
0,2.7116976e-05,0.7738713,empathicschool_s28,combined,empathicschool
0,2.7116976e-05,0.7738713,empathicschool_s28,combined,empathicschool
0,2.7116976e-05,0.7738713,empathicschool_s28,combined,empathicschool
0,2.6318408e-05,0.7828849,empathicschool_s28,combined,empathicschool
0,2.7116976e-05,0.7738713,empathicschool_s28,combined,empathicschool
0,2.7116976e-05,0.7738713,empathicschool_s28,combined,empathicschool
0,2.7116976e-05,0.7738713,empathicschool_s28,combined,empathicschool
0,2.7116976e-05,0.7738713,empathicschool_s28,combined,empathicschool
0,2.7116976e-05,0.7738713,empathicschool_s28,combined,empathicschool
0,2.7116976e-05,0.7738713,empathicschool_s28,combined,empathicschool
0,2.7116976e-05,0.7738713,empathicschool_s28,combined,empathicschool
0,2.7116976e-05,0.7738713,empathicschool_s28,combined,empathicschool
0,2.7116976e-05,0.7738713,empathicschool_s28,combined,empathicschool
0,2.7116976e-05,0.7738713,empathicschool_s28,combined,empathicschool
0,2.6316477e-05,0.7828964,empathicschool_s28,combined,empathicschool
0,2.7116976e-05,0.7738713,empathicschool_s28,combined,empathicschool
0,2.7116976e-05,0.7738713,empathicschool_s28,combined,empathicschool
0,2.7116976e-05,0.7738713,empathicschool_s28,combined,empathicschool
0,2.7116976e-05,0.7738713,empathicschool_s28,combined,empathicschool
0,2.7116976e-05,0.7738713,empathicschool_s28,combined,empathicschool
0,2.7116976e-05,0.7738713,empathicschool_s28,combined,empathicschool
0,2.7116976e-05,0.7738713,empathicschool_s28,combined,empathicschool
0,2.7116976e-05,0.7738713,empathicschool_s28,combined,empathicschool
0,2.7116976e-05,0.7738713,empathicschool_s28,combined,empathicschool
0,2.7116976e-05,0.7738713,empathicschool_s28,combined,empathicschool
0,2.6290263e-05,0.78307074,empathicschool_s28,combined,empathicschool
0,2.7116976e-05,0.7738713,empathicschool_s28,combined,empathicschool
0,2.7116976e-05,0.7738713,empathicschool_s28,combined,empathicschool
0,2.7116976e-05,0.7738713,empathicschool_s28,combined,empathicschool
0,2.7116976e-05,0.7738713,empathicschool_s28,combined,empathicschool
0,2.7116976e-05,0.7738713,empathicschool_s28,combined,empathicschool
0,2.7116976e-05,0.7738713,empathicschool_s28,combined,empathicschool
0,2.7116976e-05,0.7738713,empathicschool_s28,combined,empathicschool
0,2.7116976e-05,0.7738713,empathicschool_s28,combined,empathicschool
0,2.7116976e-05,0.7738713,empathicschool_s28,combined,empathicschool
0,2.7116976e-05,0.7738713,empathicschool_s28,combined,empathicschool
0,2.6292018e-05,0.7830604,empathicschool_s28,combined,empathicschool
0,2.7116976e-05,0.7738713,empathicschool_s28,combined,empathicschool
0,2.7116976e-05,0.7738713,empathicschool_s28,combined,empathicschool
0,2.7116976e-05,0.7738713,empathicschool_s28,combined,empathicschool
0,2.7116976e-05,0.7738713,empathicschool_s28,combined,empathicschool
0,2.7116976e-05,0.7738713,empathicschool_s28,combined,empathicschool
0,2.7116976e-05,0.7738713,empathicschool_s28,combined,empathicschool
0,2.7116976e-05,0.7738713,empathicschool_s28,combined,empathicschool
0,2.7116976e-05,0.7738713,empathicschool_s28,combined,empathicschool
0,2.7116976e-05,0.7738713,empathicschool_s28,combined,empathicschool
0,2.7116976e-05,0.7738713,empathicschool_s28,combined,empathicschool
0,3.5757596e-06,0.922461,empathicschool_s28,combined,empathicschool
0,2.630275e-05,0.782985,empathicschool_s28,combined,empathicschool
0,2.7116976e-05,0.7738713,empathicschool_s28,combined,empathicschool
0,2.7116976e-05,0.7738713,empathicschool_s28,combined,empathicschool
0,2.7116976e-05,0.7738713,empathicschool_s28,combined,empathicschool
0,2.7116976e-05,0.7738713,empathicschool_s28,combined,empathicschool
0,2.7116976e-05,0.7738713,empathicschool_s28,combined,empathicschool
0,2.7116976e-05,0.7738713,empathicschool_s28,combined,empathicschool
0,2.7116976e-05,0.7738713,empathicschool_s28,combined,empathicschool
0,2.7116976e-05,0.7738713,empathicschool_s28,combined,empathicschool
0,2.7116976e-05,0.7738713,empathicschool_s28,combined,empathicschool
0,2.7116976e-05,0.7738713,empathicschool_s28,combined,empathicschool
0,2.6503885e-05,0.7816168,empathicschool_s28,combined,empathicschool
0,2.7116976e-05,0.7738713,empathicschool_s28,combined,empathicschool
0,2.7116976e-05,0.7738713,empathicschool_s28,combined,empathicschool
0,2.7116976e-05,0.7738713,empathicschool_s28,combined,empathicschool
0,2.7116976e-05,0.7738713,empathicschool_s28,combined,empathicschool
0,2.7116976e-05,0.7738713,empathicschool_s28,combined,empathicschool
0,2.7116976e-05,0.7738713,empathicschool_s28,combined,empathicschool
0,2.7116976e-05,0.7738713,empathicschool_s28,combined,empathicschool
0,2.7116976e-05,0.7738713,empathicschool_s28,combined,empathicschool
0,2.7116976e-05,0.7738713,empathicschool_s28,combined,empathicschool
0,2.7116976e-05,0.7738713,empathicschool_s28,combined,empathicschool
0,2.6597163e-05,0.7810017,empathicschool_s28,combined,empathicschool
0,2.7116976e-05,0.7738713,empathicschool_s28,combined,empathicschool
0,2.7116976e-05,0.7738713,empathicschool_s28,combined,empathicschool
0,2.7116976e-05,0.7738713,empathicschool_s28,combined,empathicschool
0,2.7116976e-05,0.7738713,empathicschool_s28,combined,empathicschool
0,2.7116976e-05,0.7738713,empathicschool_s28,combined,empathicschool
0,2.7116976e-05,0.7738713,empathicschool_s28,combined,empathicschool
0,2.7116976e-05,0.7738713,empathicschool_s28,combined,empathicschool
0,2.7116976e-05,0.7738713,empathicschool_s28,combined,empathicschool
0,2.7116976e-05,0.7738713,empathicschool_s28,combined,empathicschool
0,2.7116976e-05,0.7738713,empathicschool_s28,combined,empathicschool
0,2.6623049e-05,0.780831,empathicschool_s28,combined,empathicschool
0,2.7116976e-05,0.7738713,empathicschool_s28,combined,empathicschool
0,2.7116976e-05,0.7738713,empathicschool_s28,combined,empathicschool
0,2.7116976e-05,0.7738713,empathicschool_s28,combined,empathicschool
0,2.7116976e-05,0.7738713,empathicschool_s28,combined,empathicschool
0,2.7116976e-05,0.7738713,empathicschool_s28,combined,empathicschool
0,2.7116976e-05,0.7738713,empathicschool_s28,combined,empathicschool
0,2.7116976e-05,0.7738713,empathicschool_s28,combined,empathicschool
0,2.7116976e-05,0.7738713,empathicschool_s28,combined,empathicschool
0,2.7116976e-05,0.7738713,empathicschool_s28,combined,empathicschool
0,2.7116976e-05,0.7738713,empathicschool_s28,combined,empathicschool
0,2.6625232e-05,0.78081775,empathicschool_s28,combined,empathicschool
0,2.7116976e-05,0.7738713,empathicschool_s28,combined,empathicschool
0,2.7116976e-05,0.7738713,empathicschool_s28,combined,empathicschool
0,2.7116976e-05,0.7738713,empathicschool_s28,combined,empathicschool
0,2.7116976e-05,0.7738713,empathicschool_s28,combined,empathicschool
0,2.7116976e-05,0.7738713,empathicschool_s28,combined,empathicschool
0,2.7116976e-05,0.7738713,empathicschool_s28,combined,empathicschool
0,2.7116976e-05,0.7738713,empathicschool_s28,combined,empathicschool
0,2.7116976e-05,0.7738713,empathicschool_s28,combined,empathicschool
0,2.7116976e-05,0.7738713,empathicschool_s28,combined,empathicschool
0,2.7116976e-05,0.7738713,empathicschool_s28,combined,empathicschool
0,2.6625232e-05,0.78081787,empathicschool_s28,combined,empathicschool
0,2.7116976e-05,0.7738713,empathicschool_s28,combined,empathicschool
0,2.7116976e-05,0.7738713,empathicschool_s28,combined,empathicschool
0,2.7116976e-05,0.7738713,empathicschool_s28,combined,empathicschool
0,2.7116976e-05,0.7738713,empathicschool_s28,combined,empathicschool
0,2.7116976e-05,0.7738713,empathicschool_s28,combined,empathicschool
0,2.7116976e-05,0.7738713,empathicschool_s28,combined,empathicschool
0,2.7116976e-05,0.7738713,empathicschool_s28,combined,empathicschool
0,2.7116976e-05,0.7738713,empathicschool_s28,combined,empathicschool
0,2.7116976e-05,0.7738713,empathicschool_s28,combined,empathicschool
0,2.7116976e-05,0.7738713,empathicschool_s28,combined,empathicschool
0,2.6625232e-05,0.78081787,empathicschool_s28,combined,empathicschool
0,2.7116976e-05,0.7738713,empathicschool_s28,combined,empathicschool
0,2.7116976e-05,0.7738713,empathicschool_s28,combined,empathicschool
0,2.7116976e-05,0.7738713,empathicschool_s28,combined,empathicschool
0,2.7116976e-05,0.7738713,empathicschool_s28,combined,empathicschool
0,2.7116976e-05,0.7738713,empathicschool_s28,combined,empathicschool
0,2.7116976e-05,0.7738713,empathicschool_s28,combined,empathicschool
0,2.7116976e-05,0.7738713,empathicschool_s28,combined,empathicschool
0,2.7116976e-05,0.7738713,empathicschool_s28,combined,empathicschool
0,2.7116976e-05,0.7738713,empathicschool_s28,combined,empathicschool
0,2.7116976e-05,0.7738713,empathicschool_s28,combined,empathicschool
0,2.661353e-05,0.7809015,empathicschool_s28,combined,empathicschool
0,2.7116976e-05,0.7738713,empathicschool_s28,combined,empathicschool
0,2.7116976e-05,0.7738713,empathicschool_s28,combined,empathicschool
0,2.7116976e-05,0.7738713,empathicschool_s28,combined,empathicschool
0,2.7116976e-05,0.7738713,empathicschool_s28,combined,empathicschool
0,2.7116976e-05,0.7738713,empathicschool_s28,combined,empathicschool
0,2.7116976e-05,0.7738713,empathicschool_s28,combined,empathicschool
0,2.7116976e-05,0.7738713,empathicschool_s28,combined,empathicschool
0,2.7116976e-05,0.7738713,empathicschool_s28,combined,empathicschool
0,2.7116976e-05,0.7738713,empathicschool_s28,combined,empathicschool
0,2.7116976e-05,0.7738713,empathicschool_s28,combined,empathicschool
0,2.6604166e-05,0.7809636,empathicschool_s28,combined,empathicschool
0,2.7116976e-05,0.7738713,empathicschool_s28,combined,empathicschool
0,2.7116976e-05,0.7738713,empathicschool_s28,combined,empathicschool
0,2.7116976e-05,0.7738713,empathicschool_s28,combined,empathicschool
0,2.7116976e-05,0.7738713,empathicschool_s28,combined,empathicschool
0,2.7116976e-05,0.7738713,empathicschool_s28,combined,empathicschool
0,2.7116976e-05,0.7738713,empathicschool_s28,combined,empathicschool
0,2.7116976e-05,0.7738713,empathicschool_s28,combined,empathicschool
0,2.7116976e-05,0.7738713,empathicschool_s28,combined,empathicschool
0,2.7116976e-05,0.7738713,empathicschool_s28,combined,empathicschool
0,2.7116976e-05,0.7738713,empathicschool_s28,combined,empathicschool
0,2.6459766e-05,0.78196347,empathicschool_s28,combined,empathicschool
0,2.7116976e-05,0.7738713,empathicschool_s28,combined,empathicschool
0,2.7116976e-05,0.7738713,empathicschool_s28,combined,empathicschool
0,2.7116976e-05,0.7738713,empathicschool_s28,combined,empathicschool
0,2.7116976e-05,0.7738713,empathicschool_s28,combined,empathicschool
0,2.7116976e-05,0.7738713,empathicschool_s28,combined,empathicschool
0,2.7116976e-05,0.7738713,empathicschool_s28,combined,empathicschool
0,2.7116976e-05,0.7738713,empathicschool_s28,combined,empathicschool
0,2.7116976e-05,0.7738713,empathicschool_s28,combined,empathicschool
0,2.7116976e-05,0.7738713,empathicschool_s28,combined,empathicschool
0,2.7116976e-05,0.7738713,empathicschool_s28,combined,empathicschool
0,2.8539489e-05,0.6785672,empathicschool_s28,combined,empathicschool
0,2.8539489e-05,0.6785672,empathicschool_s28,combined,empathicschool
0,2.8539489e-05,0.6785672,empathicschool_s28,combined,empathicschool
0,2.8539489e-05,0.6785672,empathicschool_s28,combined,empathicschool
0,2.8539489e-05,0.6785672,empathicschool_s28,combined,empathicschool
0,2.8539489e-05,0.6785672,empathicschool_s28,combined,empathicschool
0,2.8539489e-05,0.6785672,empathicschool_s28,combined,empathicschool
0,2.8539489e-05,0.6785672,empathicschool_s28,combined,empathicschool
0,2.8539489e-05,0.6785672,empathicschool_s28,combined,empathicschool
0,2.8539489e-05,0.6785672,empathicschool_s28,combined,empathicschool
0,2.8539489e-05,0.6785672,empathicschool_s28,combined,empathicschool
0,2.8539489e-05,0.6785672,empathicschool_s28,combined,empathicschool
0,2.8539489e-05,0.6785672,empathicschool_s28,combined,empathicschool
0,2.8539489e-05,0.6785672,empathicschool_s28,combined,empathicschool
0,2.8539489e-05,0.6785672,empathicschool_s28,combined,empathicschool
0,2.8539489e-05,0.6785672,empathicschool_s28,combined,empathicschool
0,2.8539489e-05,0.6785672,empathicschool_s28,combined,empathicschool
0,2.8539489e-05,0.6785672,empathicschool_s28,combined,empathicschool
0,2.8539489e-05,0.6785672,empathicschool_s28,combined,empathicschool
0,2.8539489e-05,0.6785672,empathicschool_s28,combined,empathicschool
0,2.8539489e-05,0.6785672,empathicschool_s28,combined,empathicschool
0,2.8539489e-05,0.6785672,empathicschool_s28,combined,empathicschool
0,2.8539489e-05,0.6785672,empathicschool_s28,combined,empathicschool
0,2.8539489e-05,0.6785672,empathicschool_s28,combined,empathicschool
0,2.8539489e-05,0.6785672,empathicschool_s28,combined,empathicschool
0,2.8539489e-05,0.6785672,empathicschool_s28,combined,empathicschool
0,2.8539489e-05,0.6785672,empathicschool_s28,combined,empathicschool
0,2.8539489e-05,0.6785672,empathicschool_s28,combined,empathicschool
0,2.8539489e-05,0.6785672,empathicschool_s28,combined,empathicschool
0,2.8539489e-05,0.6785672,empathicschool_s28,combined,empathicschool
0,2.8539489e-05,0.6785672,empathicschool_s28,combined,empathicschool
0,2.8539489e-05,0.6785672,empathicschool_s28,combined,empathicschool
0,2.8539489e-05,0.6785672,empathicschool_s28,combined,empathicschool
0,2.8539489e-05,0.6785672,empathicschool_s28,combined,empathicschool
0,2.8539489e-05,0.6785672,empathicschool_s28,combined,empathicschool
0,2.8539489e-05,0.6785672,empathicschool_s28,combined,empathicschool
0,2.8539489e-05,0.6785672,empathicschool_s28,combined,empathicschool
0,2.8539489e-05,0.6785672,empathicschool_s28,combined,empathicschool
0,2.8539489e-05,0.6785672,empathicschool_s28,combined,empathicschool
0,2.8539489e-05,0.6785672,empathicschool_s28,combined,empathicschool
0,2.8539489e-05,0.6785672,empathicschool_s28,combined,empathicschool
0,2.8539489e-05,0.6785672,empathicschool_s28,combined,empathicschool
0,2.8539489e-05,0.6785672,empathicschool_s28,combined,empathicschool
0,2.8539489e-05,0.6785672,empathicschool_s28,combined,empathicschool
0,2.8539489e-05,0.6785672,empathicschool_s28,combined,empathicschool
0,2.8539489e-05,0.6785672,empathicschool_s28,combined,empathicschool
0,2.8539489e-05,0.6785672,empathicschool_s28,combined,empathicschool
0,2.8539489e-05,0.6785672,empathicschool_s28,combined,empathicschool
0,2.8539489e-05,0.6785672,empathicschool_s28,combined,empathicschool
0,2.8539489e-05,0.6785672,empathicschool_s28,combined,empathicschool
0,2.8539489e-05,0.6785672,empathicschool_s28,combined,empathicschool
0,2.8539489e-05,0.6785672,empathicschool_s28,combined,empathicschool
0,2.8539489e-05,0.6785672,empathicschool_s28,combined,empathicschool
0,2.8539489e-05,0.6785672,empathicschool_s28,combined,empathicschool
0,2.8539489e-05,0.6785672,empathicschool_s28,combined,empathicschool
0,2.8539489e-05,0.6785672,empathicschool_s28,combined,empathicschool
0,2.8539489e-05,0.6785672,empathicschool_s28,combined,empathicschool
0,2.8539489e-05,0.6785672,empathicschool_s28,combined,empathicschool
0,2.8539489e-05,0.6785672,empathicschool_s28,combined,empathicschool
0,2.8539489e-05,0.6785672,empathicschool_s28,combined,empathicschool
0,2.8539489e-05,0.6785672,empathicschool_s28,combined,empathicschool
0,2.8539489e-05,0.6785672,empathicschool_s28,combined,empathicschool
0,2.8539489e-05,0.6785672,empathicschool_s28,combined,empathicschool
0,2.8539489e-05,0.6785672,empathicschool_s28,combined,empathicschool
0,2.8539489e-05,0.6785672,empathicschool_s28,combined,empathicschool
0,2.8539489e-05,0.6785672,empathicschool_s28,combined,empathicschool
0,2.8539489e-05,0.6785672,empathicschool_s28,combined,empathicschool
0,2.8539489e-05,0.6785672,empathicschool_s28,combined,empathicschool
0,2.8539489e-05,0.6785672,empathicschool_s28,combined,empathicschool
0,2.8539489e-05,0.6785672,empathicschool_s28,combined,empathicschool
0,2.8539489e-05,0.6785672,empathicschool_s28,combined,empathicschool
0,2.8539489e-05,0.6785672,empathicschool_s28,combined,empathicschool
0,2.8539489e-05,0.6785672,empathicschool_s28,combined,empathicschool
0,2.8539489e-05,0.6785672,empathicschool_s28,combined,empathicschool
0,2.8539489e-05,0.6785672,empathicschool_s28,combined,empathicschool
0,2.8539489e-05,0.6785672,empathicschool_s28,combined,empathicschool
0,2.8539489e-05,0.6785672,empathicschool_s28,combined,empathicschool
0,2.8539489e-05,0.6785672,empathicschool_s28,combined,empathicschool
0,2.8539489e-05,0.6785672,empathicschool_s28,combined,empathicschool
0,2.8539489e-05,0.6785672,empathicschool_s28,combined,empathicschool
0,2.8539489e-05,0.6785672,empathicschool_s28,combined,empathicschool
0,2.8539489e-05,0.6785672,empathicschool_s28,combined,empathicschool
0,2.8539489e-05,0.6785672,empathicschool_s28,combined,empathicschool
0,2.8539489e-05,0.6785672,empathicschool_s28,combined,empathicschool
0,2.8539489e-05,0.6785672,empathicschool_s28,combined,empathicschool
0,2.8539489e-05,0.6785672,empathicschool_s28,combined,empathicschool
0,2.8539489e-05,0.6785672,empathicschool_s28,combined,empathicschool
0,2.8539489e-05,0.6785672,empathicschool_s28,combined,empathicschool
0,2.8539489e-05,0.6785672,empathicschool_s28,combined,empathicschool
0,2.8539489e-05,0.6785672,empathicschool_s28,combined,empathicschool
0,2.8539489e-05,0.6785672,empathicschool_s28,combined,empathicschool
0,2.8539489e-05,0.6785672,empathicschool_s28,combined,empathicschool
0,2.8539489e-05,0.6785672,empathicschool_s28,combined,empathicschool
0,2.8539489e-05,0.6785672,empathicschool_s28,combined,empathicschool
0,2.8539489e-05,0.6785672,empathicschool_s28,combined,empathicschool
0,2.8539489e-05,0.6785672,empathicschool_s28,combined,empathicschool
0,2.8539489e-05,0.6785672,empathicschool_s28,combined,empathicschool
0,2.8539489e-05,0.6785672,empathicschool_s28,combined,empathicschool
0,2.8539489e-05,0.6785672,empathicschool_s28,combined,empathicschool
0,2.8539489e-05,0.6785672,empathicschool_s28,combined,empathicschool
0,2.8539489e-05,0.6785672,empathicschool_s28,combined,empathicschool
0,2.8539489e-05,0.6785672,empathicschool_s28,combined,empathicschool
0,2.8539489e-05,0.6785672,empathicschool_s28,combined,empathicschool
0,2.8539489e-05,0.6785672,empathicschool_s28,combined,empathicschool
0,2.8539489e-05,0.6785672,empathicschool_s28,combined,empathicschool
0,2.8539489e-05,0.6785672,empathicschool_s28,combined,empathicschool
0,2.8539489e-05,0.6785672,empathicschool_s28,combined,empathicschool
0,2.8539489e-05,0.6785672,empathicschool_s28,combined,empathicschool
0,2.8539489e-05,0.6785672,empathicschool_s28,combined,empathicschool
0,2.8539489e-05,0.6785672,empathicschool_s28,combined,empathicschool
0,2.8539489e-05,0.6785672,empathicschool_s28,combined,empathicschool
0,2.8539489e-05,0.6785672,empathicschool_s28,combined,empathicschool
0,2.8539489e-05,0.6785672,empathicschool_s28,combined,empathicschool
0,2.8539489e-05,0.6785672,empathicschool_s28,combined,empathicschool
0,2.8539489e-05,0.6785672,empathicschool_s28,combined,empathicschool
0,2.8539489e-05,0.6785672,empathicschool_s28,combined,empathicschool
0,2.8539489e-05,0.6785672,empathicschool_s28,combined,empathicschool
0,2.8539489e-05,0.6785672,empathicschool_s28,combined,empathicschool
0,2.8539489e-05,0.6785672,empathicschool_s28,combined,empathicschool
0,2.8539489e-05,0.6785672,empathicschool_s28,combined,empathicschool
0,2.8539489e-05,0.6785672,empathicschool_s28,combined,empathicschool
0,2.8539489e-05,0.6785672,empathicschool_s28,combined,empathicschool
0,2.8539489e-05,0.6785672,empathicschool_s28,combined,empathicschool
0,2.8539489e-05,0.6785672,empathicschool_s28,combined,empathicschool
0,2.8539489e-05,0.6785672,empathicschool_s28,combined,empathicschool
0,2.8539489e-05,0.6785672,empathicschool_s28,combined,empathicschool
0,2.8539489e-05,0.6785672,empathicschool_s28,combined,empathicschool
0,2.8539489e-05,0.6785672,empathicschool_s28,combined,empathicschool
0,2.8539489e-05,0.6785672,empathicschool_s28,combined,empathicschool
0,2.8539489e-05,0.6785672,empathicschool_s28,combined,empathicschool
0,2.8539489e-05,0.6785672,empathicschool_s28,combined,empathicschool
0,2.8539489e-05,0.6785672,empathicschool_s28,combined,empathicschool
0,2.8539489e-05,0.6785672,empathicschool_s28,combined,empathicschool
0,2.8539489e-05,0.6785672,empathicschool_s28,combined,empathicschool
0,2.8539489e-05,0.6785672,empathicschool_s28,combined,empathicschool
0,2.8539489e-05,0.6785672,empathicschool_s28,combined,empathicschool
0,2.8539489e-05,0.6785672,empathicschool_s28,combined,empathicschool
0,2.8539489e-05,0.6785672,empathicschool_s28,combined,empathicschool
0,2.8539489e-05,0.6785672,empathicschool_s28,combined,empathicschool
0,2.8539489e-05,0.6785672,empathicschool_s28,combined,empathicschool
0,2.8539489e-05,0.6785672,empathicschool_s28,combined,empathicschool
0,2.8539489e-05,0.6785672,empathicschool_s28,combined,empathicschool
0,2.8539489e-05,0.6785672,empathicschool_s28,combined,empathicschool
0,2.8539489e-05,0.6785672,empathicschool_s28,combined,empathicschool
0,2.8539489e-05,0.6785672,empathicschool_s28,combined,empathicschool
0,2.8539489e-05,0.6785672,empathicschool_s28,combined,empathicschool
0,2.8539489e-05,0.6785672,empathicschool_s28,combined,empathicschool
0,2.8539489e-05,0.6785672,empathicschool_s28,combined,empathicschool
0,2.8539489e-05,0.6785672,empathicschool_s28,combined,empathicschool
0,2.8539489e-05,0.6785672,empathicschool_s28,combined,empathicschool
0,2.8539489e-05,0.6785672,empathicschool_s28,combined,empathicschool
0,2.8539489e-05,0.6785672,empathicschool_s28,combined,empathicschool
0,2.8539489e-05,0.6785672,empathicschool_s28,combined,empathicschool
0,2.8539489e-05,0.6785672,empathicschool_s28,combined,empathicschool
0,2.8539489e-05,0.6785672,empathicschool_s28,combined,empathicschool
0,2.8539489e-05,0.6785672,empathicschool_s28,combined,empathicschool
0,2.8539489e-05,0.6785672,empathicschool_s28,combined,empathicschool
0,2.8539489e-05,0.6785672,empathicschool_s28,combined,empathicschool
0,2.8539489e-05,0.6785672,empathicschool_s28,combined,empathicschool
0,2.8539489e-05,0.6785672,empathicschool_s28,combined,empathicschool
0,2.8539489e-05,0.6785672,empathicschool_s28,combined,empathicschool
0,2.8539489e-05,0.6785672,empathicschool_s28,combined,empathicschool
0,2.8539489e-05,0.6785672,empathicschool_s28,combined,empathicschool
0,2.8539489e-05,0.6785672,empathicschool_s28,combined,empathicschool
0,2.8539489e-05,0.6785672,empathicschool_s28,combined,empathicschool
0,2.8539489e-05,0.6785672,empathicschool_s28,combined,empathicschool
0,2.8539489e-05,0.6785672,empathicschool_s28,combined,empathicschool
0,2.8539489e-05,0.6785672,empathicschool_s28,combined,empathicschool
0,2.8539489e-05,0.6785672,empathicschool_s28,combined,empathicschool
0,2.8539489e-05,0.6785672,empathicschool_s28,combined,empathicschool
0,2.8539489e-05,0.6785672,empathicschool_s28,combined,empathicschool
0,2.8539489e-05,0.6785672,empathicschool_s28,combined,empathicschool
0,2.8539489e-05,0.6785672,empathicschool_s28,combined,empathicschool
0,2.8539489e-05,0.6785672,empathicschool_s28,combined,empathicschool
0,2.8539489e-05,0.6785672,empathicschool_s28,combined,empathicschool
0,2.8539489e-05,0.6785672,empathicschool_s28,combined,empathicschool
0,2.8539489e-05,0.6785672,empathicschool_s28,combined,empathicschool
0,2.8539489e-05,0.6785672,empathicschool_s28,combined,empathicschool
0,2.8539489e-05,0.6785672,empathicschool_s28,combined,empathicschool
0,2.8539489e-05,0.6785672,empathicschool_s28,combined,empathicschool
0,2.8539489e-05,0.6785672,empathicschool_s28,combined,empathicschool
0,2.8539489e-05,0.6785672,empathicschool_s28,combined,empathicschool
0,2.8539489e-05,0.6785672,empathicschool_s28,combined,empathicschool
0,2.8539489e-05,0.6785672,empathicschool_s28,combined,empathicschool
0,2.8539489e-05,0.6785672,empathicschool_s28,combined,empathicschool
0,2.8539489e-05,0.6785672,empathicschool_s28,combined,empathicschool
0,2.8539489e-05,0.6785672,empathicschool_s28,combined,empathicschool
0,2.8539489e-05,0.6785672,empathicschool_s28,combined,empathicschool
0,2.8539489e-05,0.6785672,empathicschool_s28,combined,empathicschool
0,2.8539489e-05,0.6785672,empathicschool_s28,combined,empathicschool
0,2.8539489e-05,0.6785672,empathicschool_s28,combined,empathicschool
0,2.8539489e-05,0.6785672,empathicschool_s28,combined,empathicschool
0,2.8539489e-05,0.6785672,empathicschool_s28,combined,empathicschool
0,2.8539489e-05,0.6785672,empathicschool_s28,combined,empathicschool
0,2.8539489e-05,0.6785672,empathicschool_s28,combined,empathicschool
0,2.8539489e-05,0.6785672,empathicschool_s28,combined,empathicschool
0,2.8539489e-05,0.6785672,empathicschool_s28,combined,empathicschool
0,2.8539489e-05,0.6785672,empathicschool_s28,combined,empathicschool
0,2.8539489e-05,0.6785672,empathicschool_s28,combined,empathicschool
0,2.8539489e-05,0.6785672,empathicschool_s28,combined,empathicschool
0,2.8539489e-05,0.6785672,empathicschool_s28,combined,empathicschool
0,2.8539489e-05,0.6785672,empathicschool_s28,combined,empathicschool
0,2.8539489e-05,0.6785672,empathicschool_s28,combined,empathicschool
0,2.8539489e-05,0.6785672,empathicschool_s28,combined,empathicschool
0,2.8539489e-05,0.6785672,empathicschool_s28,combined,empathicschool
0,2.8539489e-05,0.6785672,empathicschool_s28,combined,empathicschool
0,2.8539489e-05,0.6785672,empathicschool_s28,combined,empathicschool
0,2.8539489e-05,0.6785672,empathicschool_s28,combined,empathicschool
0,2.8539489e-05,0.6785672,empathicschool_s28,combined,empathicschool
0,2.8539489e-05,0.6785672,empathicschool_s28,combined,empathicschool
0,2.8539489e-05,0.6785672,empathicschool_s28,combined,empathicschool
0,2.8539489e-05,0.6785672,empathicschool_s28,combined,empathicschool
0,2.8539489e-05,0.6785672,empathicschool_s28,combined,empathicschool
0,2.8539489e-05,0.6785672,empathicschool_s28,combined,empathicschool
0,2.8539489e-05,0.6785672,empathicschool_s28,combined,empathicschool
0,2.8539489e-05,0.6785672,empathicschool_s28,combined,empathicschool
0,2.8539489e-05,0.6785672,empathicschool_s28,combined,empathicschool
0,2.8539489e-05,0.6785672,empathicschool_s28,combined,empathicschool
0,2.8539489e-05,0.6785672,empathicschool_s28,combined,empathicschool
0,2.8539489e-05,0.6785672,empathicschool_s28,combined,empathicschool
0,2.8539489e-05,0.6785672,empathicschool_s28,combined,empathicschool
0,2.8539489e-05,0.6785672,empathicschool_s28,combined,empathicschool
0,2.8539489e-05,0.6785672,empathicschool_s28,combined,empathicschool
0,2.8539489e-05,0.6785672,empathicschool_s28,combined,empathicschool
0,2.8539489e-05,0.6785672,empathicschool_s28,combined,empathicschool
0,2.8539489e-05,0.6785672,empathicschool_s28,combined,empathicschool
0,2.8539489e-05,0.6785672,empathicschool_s28,combined,empathicschool
0,2.8539489e-05,0.6785672,empathicschool_s28,combined,empathicschool
0,2.8539489e-05,0.6785672,empathicschool_s28,combined,empathicschool
0,2.8539489e-05,0.6785672,empathicschool_s28,combined,empathicschool
0,2.8539489e-05,0.6785672,empathicschool_s28,combined,empathicschool
0,2.8539489e-05,0.6785672,empathicschool_s28,combined,empathicschool
0,2.8539489e-05,0.6785672,empathicschool_s28,combined,empathicschool
0,2.8539489e-05,0.6785672,empathicschool_s28,combined,empathicschool
0,2.8539489e-05,0.6785672,empathicschool_s28,combined,empathicschool
0,2.8539489e-05,0.6785672,empathicschool_s28,combined,empathicschool
0,2.8539489e-05,0.6785672,empathicschool_s28,combined,empathicschool
0,2.8539489e-05,0.6785672,empathicschool_s28,combined,empathicschool
0,2.8539489e-05,0.6785672,empathicschool_s28,combined,empathicschool
0,2.8539489e-05,0.6785672,empathicschool_s28,combined,empathicschool
0,2.8539489e-05,0.6785672,empathicschool_s28,combined,empathicschool
0,2.8539489e-05,0.6785672,empathicschool_s28,combined,empathicschool
0,2.8539489e-05,0.6785672,empathicschool_s28,combined,empathicschool
0,2.8539489e-05,0.6785672,empathicschool_s28,combined,empathicschool
0,2.8539489e-05,0.6785672,empathicschool_s28,combined,empathicschool
0,2.8539489e-05,0.6785672,empathicschool_s28,combined,empathicschool
0,2.8539489e-05,0.6785672,empathicschool_s28,combined,empathicschool
0,2.8539489e-05,0.6785672,empathicschool_s28,combined,empathicschool
0,2.8539489e-05,0.6785672,empathicschool_s28,combined,empathicschool
0,2.8539489e-05,0.6785672,empathicschool_s28,combined,empathicschool
0,2.8539489e-05,0.6785672,empathicschool_s28,combined,empathicschool
0,2.8539489e-05,0.6785672,empathicschool_s28,combined,empathicschool
0,2.8539489e-05,0.6785672,empathicschool_s28,combined,empathicschool
0,2.8539489e-05,0.6785672,empathicschool_s28,combined,empathicschool
0,2.8539489e-05,0.6785672,empathicschool_s28,combined,empathicschool
0,2.8539489e-05,0.6785672,empathicschool_s28,combined,empathicschool
0,2.8539489e-05,0.6785672,empathicschool_s28,combined,empathicschool
0,2.8539489e-05,0.6785672,empathicschool_s28,combined,empathicschool
0,2.8539489e-05,0.6785672,empathicschool_s28,combined,empathicschool
0,2.8539489e-05,0.6785672,empathicschool_s28,combined,empathicschool
0,2.8539489e-05,0.6785672,empathicschool_s28,combined,empathicschool
0,2.8539489e-05,0.6785672,empathicschool_s28,combined,empathicschool
0,2.8539489e-05,0.6785672,empathicschool_s28,combined,empathicschool
0,2.8539489e-05,0.6785672,empathicschool_s28,combined,empathicschool
0,2.8539489e-05,0.6785672,empathicschool_s28,combined,empathicschool
0,2.8539489e-05,0.6785672,empathicschool_s28,combined,empathicschool
0,2.8539489e-05,0.6785672,empathicschool_s28,combined,empathicschool
0,2.8539489e-05,0.6785672,empathicschool_s28,combined,empathicschool
0,2.8539489e-05,0.6785672,empathicschool_s28,combined,empathicschool
0,2.8539489e-05,0.6785672,empathicschool_s28,combined,empathicschool
0,2.8539489e-05,0.6785672,empathicschool_s28,combined,empathicschool
0,2.8539489e-05,0.6785672,empathicschool_s28,combined,empathicschool
0,2.8539489e-05,0.6785672,empathicschool_s28,combined,empathicschool
0,2.8539489e-05,0.6785672,empathicschool_s28,combined,empathicschool
0,2.8539489e-05,0.6785672,empathicschool_s28,combined,empathicschool
0,2.8539489e-05,0.6785672,empathicschool_s28,combined,empathicschool
0,2.8539489e-05,0.6785672,empathicschool_s28,combined,empathicschool
0,2.8539489e-05,0.6785672,empathicschool_s28,combined,empathicschool
0,2.8539489e-05,0.6785672,empathicschool_s28,combined,empathicschool
0,2.8539489e-05,0.6785672,empathicschool_s28,combined,empathicschool
0,2.8539489e-05,0.6785672,empathicschool_s28,combined,empathicschool
0,2.8539489e-05,0.6785672,empathicschool_s28,combined,empathicschool
0,2.8539489e-05,0.6785672,empathicschool_s28,combined,empathicschool
0,2.8539489e-05,0.6785672,empathicschool_s28,combined,empathicschool
0,2.8539489e-05,0.6785672,empathicschool_s28,combined,empathicschool
0,2.8539489e-05,0.6785672,empathicschool_s28,combined,empathicschool
0,2.8539489e-05,0.6785672,empathicschool_s28,combined,empathicschool
0,2.8539489e-05,0.6785672,empathicschool_s28,combined,empathicschool
0,2.8539489e-05,0.6785672,empathicschool_s28,combined,empathicschool
0,2.8539489e-05,0.6785672,empathicschool_s28,combined,empathicschool
0,2.8539489e-05,0.6785672,empathicschool_s28,combined,empathicschool
0,2.8539489e-05,0.6785672,empathicschool_s28,combined,empathicschool
0,2.8539489e-05,0.6785672,empathicschool_s28,combined,empathicschool
0,2.8539489e-05,0.6785672,empathicschool_s28,combined,empathicschool
0,2.8539489e-05,0.6785672,empathicschool_s28,combined,empathicschool
0,2.8539489e-05,0.6785672,empathicschool_s28,combined,empathicschool
0,2.8539489e-05,0.6785672,empathicschool_s28,combined,empathicschool
0,2.8539489e-05,0.6785672,empathicschool_s28,combined,empathicschool
0,2.8539489e-05,0.6785672,empathicschool_s28,combined,empathicschool
0,2.8539489e-05,0.6785672,empathicschool_s28,combined,empathicschool
0,2.8539489e-05,0.6785672,empathicschool_s28,combined,empathicschool
0,2.8539489e-05,0.6785672,empathicschool_s28,combined,empathicschool
0,2.8539489e-05,0.6785672,empathicschool_s28,combined,empathicschool
0,2.8539489e-05,0.6785672,empathicschool_s28,combined,empathicschool
0,2.8539489e-05,0.6785672,empathicschool_s28,combined,empathicschool
0,2.8539489e-05,0.6785672,empathicschool_s28,combined,empathicschool
0,2.8539489e-05,0.6785672,empathicschool_s28,combined,empathicschool
0,2.8539489e-05,0.6785672,empathicschool_s28,combined,empathicschool
0,2.8539489e-05,0.6785672,empathicschool_s28,combined,empathicschool
0,2.8539489e-05,0.6785672,empathicschool_s28,combined,empathicschool
0,2.8539489e-05,0.6785672,empathicschool_s28,combined,empathicschool
0,2.8539489e-05,0.6785672,empathicschool_s28,combined,empathicschool
0,2.8539489e-05,0.6785672,empathicschool_s28,combined,empathicschool
0,2.8539489e-05,0.6785672,empathicschool_s28,combined,empathicschool
0,2.8539489e-05,0.6785672,empathicschool_s28,combined,empathicschool
0,2.8539489e-05,0.6785672,empathicschool_s28,combined,empathicschool
0,2.8539489e-05,0.6785672,empathicschool_s28,combined,empathicschool
0,2.8539489e-05,0.6785672,empathicschool_s28,combined,empathicschool
0,2.8539489e-05,0.6785672,empathicschool_s28,combined,empathicschool
0,2.8539489e-05,0.6785672,empathicschool_s28,combined,empathicschool
0,2.8539489e-05,0.6785672,empathicschool_s28,combined,empathicschool
0,2.8539489e-05,0.6785672,empathicschool_s28,combined,empathicschool
0,2.8539489e-05,0.6785672,empathicschool_s28,combined,empathicschool
0,2.8539489e-05,0.6785672,empathicschool_s28,combined,empathicschool
0,2.8539489e-05,0.6785672,empathicschool_s28,combined,empathicschool
0,2.8539489e-05,0.6785672,empathicschool_s28,combined,empathicschool
0,2.8539489e-05,0.6785672,empathicschool_s28,combined,empathicschool
0,2.8539489e-05,0.6785672,empathicschool_s28,combined,empathicschool
0,2.8539489e-05,0.6785672,empathicschool_s28,combined,empathicschool
0,2.8539489e-05,0.6785672,empathicschool_s28,combined,empathicschool
0,2.8539489e-05,0.6785672,empathicschool_s28,combined,empathicschool
0,2.8539489e-05,0.6785672,empathicschool_s28,combined,empathicschool
0,2.8539489e-05,0.6785672,empathicschool_s28,combined,empathicschool
0,2.8539489e-05,0.6785672,empathicschool_s28,combined,empathicschool
0,2.8539489e-05,0.6785672,empathicschool_s28,combined,empathicschool
0,2.8539489e-05,0.6785672,empathicschool_s28,combined,empathicschool
0,2.8539489e-05,0.6785672,empathicschool_s28,combined,empathicschool
0,2.8539489e-05,0.6785672,empathicschool_s28,combined,empathicschool
0,2.8539489e-05,0.6785672,empathicschool_s28,combined,empathicschool
0,2.8539489e-05,0.6785672,empathicschool_s28,combined,empathicschool
0,2.8539489e-05,0.6785672,empathicschool_s28,combined,empathicschool
0,2.8539489e-05,0.6785672,empathicschool_s28,combined,empathicschool
0,2.8539489e-05,0.6785672,empathicschool_s28,combined,empathicschool
0,2.8539489e-05,0.6785672,empathicschool_s28,combined,empathicschool
0,2.8539489e-05,0.6785672,empathicschool_s28,combined,empathicschool
0,2.8539489e-05,0.6785672,empathicschool_s28,combined,empathicschool
0,2.8539489e-05,0.6785672,empathicschool_s28,combined,empathicschool
0,2.8539489e-05,0.6785672,empathicschool_s28,combined,empathicschool
0,2.8539489e-05,0.6785672,empathicschool_s28,combined,empathicschool
0,2.8539489e-05,0.6785672,empathicschool_s28,combined,empathicschool
0,2.8539489e-05,0.6785672,empathicschool_s28,combined,empathicschool
0,2.8539489e-05,0.6785672,empathicschool_s28,combined,empathicschool
0,2.8539489e-05,0.6785672,empathicschool_s28,combined,empathicschool
0,2.8539489e-05,0.6785672,empathicschool_s28,combined,empathicschool
0,2.8539489e-05,0.6785672,empathicschool_s28,combined,empathicschool
0,2.8539489e-05,0.6785672,empathicschool_s28,combined,empathicschool
0,2.8539489e-05,0.6785672,empathicschool_s28,combined,empathicschool
0,2.8539489e-05,0.6785672,empathicschool_s28,combined,empathicschool
0,2.8539489e-05,0.6785672,empathicschool_s28,combined,empathicschool
0,2.8539489e-05,0.6785672,empathicschool_s28,combined,empathicschool
0,2.8539489e-05,0.6785672,empathicschool_s28,combined,empathicschool
0,2.8539489e-05,0.6785672,empathicschool_s28,combined,empathicschool
0,2.8539489e-05,0.6785672,empathicschool_s28,combined,empathicschool
0,2.8539489e-05,0.6785672,empathicschool_s28,combined,empathicschool
0,2.8539489e-05,0.6785672,empathicschool_s28,combined,empathicschool
0,2.8539489e-05,0.6785672,empathicschool_s28,combined,empathicschool
0,2.8539489e-05,0.6785672,empathicschool_s28,combined,empathicschool
0,2.8539489e-05,0.6785672,empathicschool_s28,combined,empathicschool
0,2.8539489e-05,0.6785672,empathicschool_s28,combined,empathicschool
0,2.8539489e-05,0.6785672,empathicschool_s28,combined,empathicschool
0,2.8539489e-05,0.6785672,empathicschool_s28,combined,empathicschool
0,2.8539489e-05,0.6785672,empathicschool_s28,combined,empathicschool
0,2.8539489e-05,0.6785672,empathicschool_s28,combined,empathicschool
0,2.8539489e-05,0.6785672,empathicschool_s28,combined,empathicschool
0,2.8539489e-05,0.6785672,empathicschool_s28,combined,empathicschool
0,2.8539489e-05,0.6785672,empathicschool_s28,combined,empathicschool
0,2.8539489e-05,0.6785672,empathicschool_s28,combined,empathicschool
0,2.8539489e-05,0.6785672,empathicschool_s28,combined,empathicschool
0,2.8539489e-05,0.6785672,empathicschool_s28,combined,empathicschool
0,2.8539489e-05,0.6785672,empathicschool_s28,combined,empathicschool
0,2.8539489e-05,0.6785672,empathicschool_s28,combined,empathicschool
0,2.8539489e-05,0.6785672,empathicschool_s28,combined,empathicschool
0,2.8539489e-05,0.6785672,empathicschool_s28,combined,empathicschool
0,2.8539489e-05,0.6785672,empathicschool_s28,combined,empathicschool
0,2.8539489e-05,0.6785672,empathicschool_s28,combined,empathicschool
0,2.8539489e-05,0.6785672,empathicschool_s28,combined,empathicschool
0,2.8539489e-05,0.6785672,empathicschool_s28,combined,empathicschool
0,2.8539489e-05,0.6785672,empathicschool_s28,combined,empathicschool
0,2.8539489e-05,0.6785672,empathicschool_s28,combined,empathicschool
0,2.8539489e-05,0.6785672,empathicschool_s28,combined,empathicschool
0,2.8539489e-05,0.6785672,empathicschool_s28,combined,empathicschool
0,2.8539489e-05,0.6785672,empathicschool_s28,combined,empathicschool
0,2.8539489e-05,0.6785672,empathicschool_s28,combined,empathicschool
0,2.8539489e-05,0.6785672,empathicschool_s28,combined,empathicschool
0,2.8539489e-05,0.6785672,empathicschool_s28,combined,empathicschool
0,2.8539489e-05,0.6785672,empathicschool_s28,combined,empathicschool
0,2.8539489e-05,0.6785672,empathicschool_s28,combined,empathicschool
0,2.8539489e-05,0.6785672,empathicschool_s28,combined,empathicschool
0,2.8539489e-05,0.6785672,empathicschool_s28,combined,empathicschool
0,2.8539489e-05,0.6785672,empathicschool_s28,combined,empathicschool
0,2.8539489e-05,0.6785672,empathicschool_s28,combined,empathicschool
0,2.8539489e-05,0.6785672,empathicschool_s28,combined,empathicschool
0,2.8539489e-05,0.6785672,empathicschool_s28,combined,empathicschool
0,2.8539489e-05,0.6785672,empathicschool_s28,combined,empathicschool
0,2.8539489e-05,0.6785672,empathicschool_s28,combined,empathicschool
0,2.8539489e-05,0.6785672,empathicschool_s28,combined,empathicschool
0,2.8539489e-05,0.6785672,empathicschool_s28,combined,empathicschool
0,2.8539489e-05,0.6785672,empathicschool_s28,combined,empathicschool
0,2.8539489e-05,0.6785672,empathicschool_s28,combined,empathicschool
0,2.8539489e-05,0.6785672,empathicschool_s28,combined,empathicschool
0,2.8539489e-05,0.6785672,empathicschool_s28,combined,empathicschool
0,2.8539489e-05,0.6785672,empathicschool_s28,combined,empathicschool
0,2.8539489e-05,0.6785672,empathicschool_s28,combined,empathicschool
0,2.8539489e-05,0.6785672,empathicschool_s28,combined,empathicschool
0,2.8539489e-05,0.6785672,empathicschool_s28,combined,empathicschool
0,2.8539489e-05,0.6785672,empathicschool_s28,combined,empathicschool
0,2.8539489e-05,0.6785672,empathicschool_s28,combined,empathicschool
0,2.8539489e-05,0.6785672,empathicschool_s28,combined,empathicschool
0,2.8539489e-05,0.6785672,empathicschool_s28,combined,empathicschool
0,2.8539489e-05,0.6785672,empathicschool_s28,combined,empathicschool
0,2.8539489e-05,0.6785672,empathicschool_s28,combined,empathicschool
0,2.8539489e-05,0.6785672,empathicschool_s28,combined,empathicschool
0,2.8539489e-05,0.6785672,empathicschool_s28,combined,empathicschool
0,2.8539489e-05,0.6785672,empathicschool_s28,combined,empathicschool
0,2.8539489e-05,0.6785672,empathicschool_s28,combined,empathicschool
0,2.8539489e-05,0.6785672,empathicschool_s28,combined,empathicschool
0,2.8539489e-05,0.6785672,empathicschool_s28,combined,empathicschool
0,2.8539489e-05,0.6785672,empathicschool_s28,combined,empathicschool
0,2.8539489e-05,0.6785672,empathicschool_s28,combined,empathicschool
0,2.8539489e-05,0.6785672,empathicschool_s28,combined,empathicschool
0,2.8539489e-05,0.6785672,empathicschool_s28,combined,empathicschool
0,2.8539489e-05,0.6785672,empathicschool_s28,combined,empathicschool
0,2.8539489e-05,0.6785672,empathicschool_s28,combined,empathicschool
0,2.8539489e-05,0.6785672,empathicschool_s28,combined,empathicschool
0,2.8539489e-05,0.6785672,empathicschool_s28,combined,empathicschool
0,2.8539489e-05,0.6785672,empathicschool_s28,combined,empathicschool
0,2.8539489e-05,0.6785672,empathicschool_s28,combined,empathicschool
0,2.8539489e-05,0.6785672,empathicschool_s28,combined,empathicschool
0,2.8539489e-05,0.6785672,empathicschool_s28,combined,empathicschool
0,2.8539489e-05,0.6785672,empathicschool_s28,combined,empathicschool
0,2.8539489e-05,0.6785672,empathicschool_s28,combined,empathicschool
0,2.8539489e-05,0.6785672,empathicschool_s28,combined,empathicschool
0,2.8539489e-05,0.6785672,empathicschool_s28,combined,empathicschool
0,2.8539489e-05,0.6785672,empathicschool_s28,combined,empathicschool
0,2.8539489e-05,0.6785672,empathicschool_s28,combined,empathicschool
0,2.8539489e-05,0.6785672,empathicschool_s28,combined,empathicschool
0,2.8539489e-05,0.6785672,empathicschool_s28,combined,empathicschool
0,2.8539489e-05,0.6785672,empathicschool_s28,combined,empathicschool
0,2.8539489e-05,0.6785672,empathicschool_s28,combined,empathicschool
0,2.8539489e-05,0.6785672,empathicschool_s28,combined,empathicschool
0,2.8539489e-05,0.6785672,empathicschool_s28,combined,empathicschool
0,2.8539489e-05,0.6785672,empathicschool_s28,combined,empathicschool
0,2.8539489e-05,0.6785672,empathicschool_s28,combined,empathicschool
0,2.8539489e-05,0.6785672,empathicschool_s28,combined,empathicschool
0,2.8539489e-05,0.6785672,empathicschool_s28,combined,empathicschool
0,2.8539489e-05,0.6785672,empathicschool_s28,combined,empathicschool
0,2.8539489e-05,0.6785672,empathicschool_s28,combined,empathicschool
0,2.8539489e-05,0.6785672,empathicschool_s28,combined,empathicschool
0,2.8539489e-05,0.6785672,empathicschool_s28,combined,empathicschool
0,2.8539489e-05,0.6785672,empathicschool_s28,combined,empathicschool
0,2.8539489e-05,0.6785672,empathicschool_s28,combined,empathicschool
0,2.8539489e-05,0.6785672,empathicschool_s28,combined,empathicschool
0,2.8539489e-05,0.6785672,empathicschool_s28,combined,empathicschool
0,2.8539489e-05,0.6785672,empathicschool_s28,combined,empathicschool
0,2.8539489e-05,0.6785672,empathicschool_s28,combined,empathicschool
0,2.8539489e-05,0.6785672,empathicschool_s28,combined,empathicschool
0,2.8539489e-05,0.6785672,empathicschool_s28,combined,empathicschool
0,2.8539489e-05,0.6785672,empathicschool_s28,combined,empathicschool
0,2.8539489e-05,0.6785672,empathicschool_s28,combined,empathicschool
0,2.8539489e-05,0.6785672,empathicschool_s28,combined,empathicschool
0,2.8539489e-05,0.6785672,empathicschool_s28,combined,empathicschool
0,2.8539489e-05,0.6785672,empathicschool_s28,combined,empathicschool
0,2.8539489e-05,0.6785672,empathicschool_s28,combined,empathicschool
0,2.8539489e-05,0.6785672,empathicschool_s28,combined,empathicschool
0,2.8539489e-05,0.6785672,empathicschool_s28,combined,empathicschool
0,2.8539489e-05,0.6785672,empathicschool_s28,combined,empathicschool
0,2.8539489e-05,0.6785672,empathicschool_s28,combined,empathicschool
0,2.8539489e-05,0.6785672,empathicschool_s28,combined,empathicschool
0,2.8539489e-05,0.6785672,empathicschool_s28,combined,empathicschool
0,2.8539489e-05,0.6785672,empathicschool_s28,combined,empathicschool
0,2.8539489e-05,0.6785672,empathicschool_s28,combined,empathicschool
0,2.8539489e-05,0.6785672,empathicschool_s28,combined,empathicschool
0,2.8539489e-05,0.6785672,empathicschool_s28,combined,empathicschool
0,2.8539489e-05,0.6785672,empathicschool_s28,combined,empathicschool
0,2.8539489e-05,0.6785672,empathicschool_s28,combined,empathicschool
0,2.8539489e-05,0.6785672,empathicschool_s28,combined,empathicschool
0,2.8539489e-05,0.6785672,empathicschool_s28,combined,empathicschool
0,2.8539489e-05,0.6785672,empathicschool_s28,combined,empathicschool
0,2.8539489e-05,0.6785672,empathicschool_s28,combined,empathicschool
0,2.8539489e-05,0.6785672,empathicschool_s28,combined,empathicschool
0,2.8539489e-05,0.6785672,empathicschool_s28,combined,empathicschool
0,2.8539489e-05,0.6785672,empathicschool_s28,combined,empathicschool
0,2.8539489e-05,0.6785672,empathicschool_s28,combined,empathicschool
0,2.8539489e-05,0.6785672,empathicschool_s28,combined,empathicschool
0,2.8539489e-05,0.6785672,empathicschool_s28,combined,empathicschool
0,2.8539489e-05,0.6785672,empathicschool_s28,combined,empathicschool
0,2.8539489e-05,0.6785672,empathicschool_s28,combined,empathicschool
0,2.8539489e-05,0.6785672,empathicschool_s28,combined,empathicschool
0,2.8539489e-05,0.6785672,empathicschool_s28,combined,empathicschool
0,2.8539489e-05,0.6785672,empathicschool_s28,combined,empathicschool
0,2.8539489e-05,0.6785672,empathicschool_s28,combined,empathicschool
0,2.8539489e-05,0.6785672,empathicschool_s28,combined,empathicschool
0,2.8539489e-05,0.6785672,empathicschool_s28,combined,empathicschool
0,2.8539489e-05,0.6785672,empathicschool_s28,combined,empathicschool
0,2.8539489e-05,0.6785672,empathicschool_s28,combined,empathicschool
0,2.8539489e-05,0.6785672,empathicschool_s28,combined,empathicschool
0,2.8539489e-05,0.6785672,empathicschool_s28,combined,empathicschool
0,2.8539489e-05,0.6785672,empathicschool_s28,combined,empathicschool
0,2.8539489e-05,0.6785672,empathicschool_s28,combined,empathicschool
0,2.8539489e-05,0.6785672,empathicschool_s28,combined,empathicschool
0,2.8539489e-05,0.6785672,empathicschool_s28,combined,empathicschool
0,2.8539489e-05,0.6785672,empathicschool_s28,combined,empathicschool
0,2.8539489e-05,0.6785672,empathicschool_s28,combined,empathicschool
0,2.8539489e-05,0.6785672,empathicschool_s28,combined,empathicschool
0,2.8539489e-05,0.6785672,empathicschool_s28,combined,empathicschool
0,2.8539489e-05,0.6785672,empathicschool_s28,combined,empathicschool
0,2.8539489e-05,0.6785672,empathicschool_s28,combined,empathicschool
0,2.8539489e-05,0.6785672,empathicschool_s28,combined,empathicschool
0,2.8539489e-05,0.6785672,empathicschool_s28,combined,empathicschool
0,2.8539489e-05,0.6785672,empathicschool_s28,combined,empathicschool
0,2.8539489e-05,0.6785672,empathicschool_s28,combined,empathicschool
0,2.8539489e-05,0.6785672,empathicschool_s28,combined,empathicschool
0,2.8539489e-05,0.6785672,empathicschool_s28,combined,empathicschool
0,2.8539489e-05,0.6785672,empathicschool_s28,combined,empathicschool
0,2.8539489e-05,0.6785672,empathicschool_s28,combined,empathicschool
0,2.8539489e-05,0.6785672,empathicschool_s28,combined,empathicschool
0,2.8539489e-05,0.6785672,empathicschool_s28,combined,empathicschool
0,2.8539489e-05,0.6785672,empathicschool_s28,combined,empathicschool
0,2.8539489e-05,0.6785672,empathicschool_s28,combined,empathicschool
0,2.8539489e-05,0.6785672,empathicschool_s28,combined,empathicschool
0,2.8539489e-05,0.6785672,empathicschool_s28,combined,empathicschool
0,2.8539489e-05,0.6785672,empathicschool_s28,combined,empathicschool
0,2.8539489e-05,0.6785672,empathicschool_s28,combined,empathicschool
0,2.8539489e-05,0.6785672,empathicschool_s28,combined,empathicschool
0,2.8539489e-05,0.6785672,empathicschool_s28,combined,empathicschool
0,2.8539489e-05,0.6785672,empathicschool_s28,combined,empathicschool
0,2.8539489e-05,0.6785672,empathicschool_s28,combined,empathicschool
0,2.8539489e-05,0.6785672,empathicschool_s28,combined,empathicschool
0,2.8539489e-05,0.6785672,empathicschool_s28,combined,empathicschool
0,2.8539489e-05,0.6785672,empathicschool_s28,combined,empathicschool
0,2.8539489e-05,0.6785672,empathicschool_s28,combined,empathicschool
0,2.8539489e-05,0.6785672,empathicschool_s28,combined,empathicschool
0,2.8539489e-05,0.6785672,empathicschool_s28,combined,empathicschool
0,2.8539489e-05,0.6785672,empathicschool_s28,combined,empathicschool
0,2.8539489e-05,0.6785672,empathicschool_s28,combined,empathicschool
0,2.8539489e-05,0.6785672,empathicschool_s28,combined,empathicschool
0,2.8539489e-05,0.6785672,empathicschool_s28,combined,empathicschool
0,2.8539489e-05,0.6785672,empathicschool_s28,combined,empathicschool
0,2.8539489e-05,0.6785672,empathicschool_s28,combined,empathicschool
0,2.8539489e-05,0.6785672,empathicschool_s28,combined,empathicschool
0,2.8539489e-05,0.6785672,empathicschool_s28,combined,empathicschool
0,2.8539489e-05,0.6785672,empathicschool_s28,combined,empathicschool
0,2.8539489e-05,0.6785672,empathicschool_s28,combined,empathicschool
0,2.8539489e-05,0.6785672,empathicschool_s28,combined,empathicschool
0,2.8539489e-05,0.6785672,empathicschool_s28,combined,empathicschool
0,2.8539489e-05,0.6785672,empathicschool_s28,combined,empathicschool
0,2.8539489e-05,0.6785672,empathicschool_s28,combined,empathicschool
0,2.8539489e-05,0.6785672,empathicschool_s28,combined,empathicschool
0,2.8539489e-05,0.6785672,empathicschool_s28,combined,empathicschool
0,2.8539489e-05,0.6785672,empathicschool_s28,combined,empathicschool
0,2.8539489e-05,0.6785672,empathicschool_s28,combined,empathicschool
0,2.8539489e-05,0.6785672,empathicschool_s28,combined,empathicschool
0,2.8539489e-05,0.6785672,empathicschool_s28,combined,empathicschool
0,2.8539489e-05,0.6785672,empathicschool_s28,combined,empathicschool
0,2.8539489e-05,0.6785672,empathicschool_s28,combined,empathicschool
0,2.8539489e-05,0.6785672,empathicschool_s28,combined,empathicschool
0,2.8539489e-05,0.6785672,empathicschool_s28,combined,empathicschool
0,2.8539489e-05,0.6785672,empathicschool_s28,combined,empathicschool
0,2.8539489e-05,0.6785672,empathicschool_s28,combined,empathicschool
0,2.8539489e-05,0.6785672,empathicschool_s28,combined,empathicschool
0,2.8539489e-05,0.6785672,empathicschool_s28,combined,empathicschool
0,2.8539489e-05,0.6785672,empathicschool_s28,combined,empathicschool
0,2.8539489e-05,0.6785672,empathicschool_s28,combined,empathicschool
0,2.8539489e-05,0.6785672,empathicschool_s28,combined,empathicschool
0,2.8539489e-05,0.6785672,empathicschool_s28,combined,empathicschool
0,2.8539489e-05,0.6785672,empathicschool_s28,combined,empathicschool
0,2.8539489e-05,0.6785672,empathicschool_s28,combined,empathicschool
0,2.8539489e-05,0.6785672,empathicschool_s28,combined,empathicschool
0,2.8539489e-05,0.6785672,empathicschool_s28,combined,empathicschool
0,2.8539489e-05,0.6785672,empathicschool_s28,combined,empathicschool
0,2.8539489e-05,0.6785672,empathicschool_s28,combined,empathicschool
0,2.8539489e-05,0.6785672,empathicschool_s28,combined,empathicschool
0,2.8539489e-05,0.6785672,empathicschool_s28,combined,empathicschool
0,2.8539489e-05,0.6785672,empathicschool_s28,combined,empathicschool
0,2.8539489e-05,0.6785672,empathicschool_s28,combined,empathicschool
0,2.8539489e-05,0.6785672,empathicschool_s28,combined,empathicschool
0,2.8539489e-05,0.6785672,empathicschool_s28,combined,empathicschool
0,2.8539489e-05,0.6785672,empathicschool_s28,combined,empathicschool
0,2.8539489e-05,0.6785672,empathicschool_s28,combined,empathicschool
0,2.8539489e-05,0.6785672,empathicschool_s28,combined,empathicschool
0,2.8539489e-05,0.6785672,empathicschool_s28,combined,empathicschool
0,2.8539489e-05,0.6785672,empathicschool_s28,combined,empathicschool
0,2.8539489e-05,0.6785672,empathicschool_s28,combined,empathicschool
0,2.8539489e-05,0.6785672,empathicschool_s28,combined,empathicschool
0,2.8539489e-05,0.6785672,empathicschool_s28,combined,empathicschool
0,2.8539489e-05,0.6785672,empathicschool_s28,combined,empathicschool
0,2.8539489e-05,0.6785672,empathicschool_s28,combined,empathicschool
0,2.8539489e-05,0.6785672,empathicschool_s28,combined,empathicschool
0,2.8539489e-05,0.6785672,empathicschool_s28,combined,empathicschool
0,2.8539489e-05,0.6785672,empathicschool_s28,combined,empathicschool
0,2.8539489e-05,0.6785672,empathicschool_s28,combined,empathicschool
0,2.8539489e-05,0.6785672,empathicschool_s28,combined,empathicschool
0,2.8539489e-05,0.6785672,empathicschool_s28,combined,empathicschool
0,2.8539489e-05,0.6785672,empathicschool_s28,combined,empathicschool
0,2.8539489e-05,0.6785672,empathicschool_s28,combined,empathicschool
0,2.8539489e-05,0.6785672,empathicschool_s28,combined,empathicschool
0,2.8539489e-05,0.6785672,empathicschool_s28,combined,empathicschool
0,2.8539489e-05,0.6785672,empathicschool_s28,combined,empathicschool
0,2.8539489e-05,0.6785672,empathicschool_s28,combined,empathicschool
0,2.8539489e-05,0.6785672,empathicschool_s28,combined,empathicschool
0,2.8539489e-05,0.6785672,empathicschool_s28,combined,empathicschool
0,2.8539489e-05,0.6785672,empathicschool_s28,combined,empathicschool
0,2.8539489e-05,0.6785672,empathicschool_s28,combined,empathicschool
0,2.8539489e-05,0.6785672,empathicschool_s28,combined,empathicschool
0,2.8539489e-05,0.6785672,empathicschool_s28,combined,empathicschool
0,2.8539489e-05,0.6785672,empathicschool_s28,combined,empathicschool
0,2.8539489e-05,0.6785672,empathicschool_s28,combined,empathicschool
0,2.8539489e-05,0.6785672,empathicschool_s28,combined,empathicschool
0,2.8539489e-05,0.6785672,empathicschool_s28,combined,empathicschool
0,2.8539489e-05,0.6785672,empathicschool_s28,combined,empathicschool
0,2.8539434e-05,0.678567,empathicschool_s28,combined,empathicschool
0,2.8539434e-05,0.678567,empathicschool_s28,combined,empathicschool
0,2.8539434e-05,0.678567,empathicschool_s28,combined,empathicschool
0,2.8539434e-05,0.678567,empathicschool_s28,combined,empathicschool
0,2.8539434e-05,0.678567,empathicschool_s28,combined,empathicschool
0,2.8539434e-05,0.678567,empathicschool_s28,combined,empathicschool
0,2.8539434e-05,0.678567,empathicschool_s28,combined,empathicschool
0,2.8539434e-05,0.678567,empathicschool_s28,combined,empathicschool
0,2.8539434e-05,0.678567,empathicschool_s28,combined,empathicschool
0,2.8539434e-05,0.678567,empathicschool_s28,combined,empathicschool
0,2.8539434e-05,0.678567,empathicschool_s28,combined,empathicschool
0,2.8539434e-05,0.678567,empathicschool_s28,combined,empathicschool
0,2.8539434e-05,0.678567,empathicschool_s28,combined,empathicschool
0,2.8539434e-05,0.678567,empathicschool_s28,combined,empathicschool
0,2.8539434e-05,0.678567,empathicschool_s28,combined,empathicschool
0,2.8539434e-05,0.678567,empathicschool_s28,combined,empathicschool
0,2.8539434e-05,0.678567,empathicschool_s28,combined,empathicschool
0,2.8539434e-05,0.678567,empathicschool_s28,combined,empathicschool
0,2.8539434e-05,0.678567,empathicschool_s28,combined,empathicschool
0,2.8539434e-05,0.678567,empathicschool_s28,combined,empathicschool
0,2.8539434e-05,0.678567,empathicschool_s28,combined,empathicschool
0,2.8539434e-05,0.678567,empathicschool_s28,combined,empathicschool
0,2.8539434e-05,0.678567,empathicschool_s28,combined,empathicschool
0,2.8539434e-05,0.678567,empathicschool_s28,combined,empathicschool
0,2.8539434e-05,0.678567,empathicschool_s28,combined,empathicschool
0,2.8539434e-05,0.678567,empathicschool_s28,combined,empathicschool
0,2.8539434e-05,0.678567,empathicschool_s28,combined,empathicschool
0,2.8539434e-05,0.678567,empathicschool_s28,combined,empathicschool
0,2.8539434e-05,0.678567,empathicschool_s28,combined,empathicschool
0,2.8539434e-05,0.678567,empathicschool_s28,combined,empathicschool
0,2.8539434e-05,0.678567,empathicschool_s28,combined,empathicschool
0,2.8539434e-05,0.678567,empathicschool_s28,combined,empathicschool
0,2.8539434e-05,0.678567,empathicschool_s28,combined,empathicschool
0,2.8539434e-05,0.678567,empathicschool_s28,combined,empathicschool
0,2.8539434e-05,0.678567,empathicschool_s28,combined,empathicschool
0,2.8539434e-05,0.678567,empathicschool_s28,combined,empathicschool
0,2.8539434e-05,0.678567,empathicschool_s28,combined,empathicschool
0,2.8539434e-05,0.678567,empathicschool_s28,combined,empathicschool
0,2.8539434e-05,0.678567,empathicschool_s28,combined,empathicschool
0,2.8539434e-05,0.678567,empathicschool_s28,combined,empathicschool
0,2.8539434e-05,0.678567,empathicschool_s28,combined,empathicschool
0,2.8539434e-05,0.678567,empathicschool_s28,combined,empathicschool
0,2.8539434e-05,0.678567,empathicschool_s28,combined,empathicschool
0,2.8539434e-05,0.678567,empathicschool_s28,combined,empathicschool
0,2.8539434e-05,0.678567,empathicschool_s28,combined,empathicschool
0,2.8539434e-05,0.678567,empathicschool_s28,combined,empathicschool
0,2.8539434e-05,0.678567,empathicschool_s28,combined,empathicschool
0,2.8539434e-05,0.678567,empathicschool_s28,combined,empathicschool
0,2.8539434e-05,0.678567,empathicschool_s28,combined,empathicschool
0,2.8539434e-05,0.678567,empathicschool_s28,combined,empathicschool
0,2.8539434e-05,0.678567,empathicschool_s28,combined,empathicschool
0,2.8539434e-05,0.678567,empathicschool_s28,combined,empathicschool
0,2.8539434e-05,0.678567,empathicschool_s28,combined,empathicschool
0,0.00068855885,0.46099207,stressid_2ea4,combined,stressid
0,0.000676739,0.44125694,stressid_2ea4,combined,stressid
0,0.00068555406,0.44819793,stressid_2ea4,combined,stressid
0,0.00069960515,0.46236283,stressid_2ea4,combined,stressid
0,0.0006759511,0.43352947,stressid_2ea4,combined,stressid
0,0.00068805896,0.46948844,stressid_2ea4,combined,stressid
0,0.0006844566,0.4638284,stressid_2ea4,combined,stressid
0,0.0006991519,0.4631499,stressid_2ea4,combined,stressid
0,0.0007028054,0.46077967,stressid_2ea4,combined,stressid
0,0.00068352255,0.4650732,stressid_2ea4,combined,stressid
0,0.0006735794,0.4533167,stressid_2ea4,combined,stressid
0,0.0006804743,0.437007,stressid_2ea4,combined,stressid
0,0.00068013195,0.46678644,stressid_2ea4,combined,stressid
0,0.0006873714,0.46630642,stressid_2ea4,combined,stressid
0,0.00067438936,0.45059595,stressid_2ea4,combined,stressid
0,0.00068806985,0.4542114,stressid_2ea4,combined,stressid
0,0.0006943369,0.44720143,stressid_2ea4,combined,stressid
0,0.00069583935,0.45793065,stressid_2ea4,combined,stressid
0,0.0006866192,0.4627506,stressid_2ea4,combined,stressid
0,0.00070350565,0.4551272,stressid_2ea4,combined,stressid
0,0.00070479885,0.44578588,stressid_2ea4,combined,stressid
0,0.0006897851,0.46126735,stressid_2ea4,combined,stressid
0,0.0006881102,0.47104782,stressid_2ea4,combined,stressid
0,0.0006738067,0.4385861,stressid_2ea4,combined,stressid
0,0.0006992265,0.46672413,stressid_2ea4,combined,stressid
0,0.0006926747,0.4698553,stressid_2ea4,combined,stressid
0,0.00069056445,0.47822502,stressid_2ea4,combined,stressid
0,0.00068930374,0.4784189,stressid_2ea4,combined,stressid
0,0.0006949827,0.46313822,stressid_2ea4,combined,stressid
0,0.0006453361,0.36193043,stressid_2ea4,combined,stressid
0,0.0006335222,0.36907223,stressid_2ea4,combined,stressid
0,0.0006303333,0.3710924,stressid_2ea4,combined,stressid
0,0.0006329012,0.3710743,stressid_2ea4,combined,stressid
0,0.00063550554,0.3677596,stressid_2ea4,combined,stressid
0,0.0006770616,0.4480587,stressid_2ea4,combined,stressid
0,0.000627583,0.37332147,stressid_2ea4,combined,stressid
0,0.0006350853,0.3684918,stressid_2ea4,combined,stressid
0,0.00064382673,0.36106044,stressid_2ea4,combined,stressid
0,0.0006317707,0.3700805,stressid_2ea4,combined,stressid
0,0.00064089056,0.3653731,stressid_2ea4,combined,stressid
0,0.00064678094,0.36009893,stressid_2ea4,combined,stressid
0,0.0006363335,0.36640167,stressid_2ea4,combined,stressid
0,0.00063084293,0.3706979,stressid_2ea4,combined,stressid
0,0.00063073175,0.37094933,stressid_2ea4,combined,stressid
0,0.0006344727,0.3683938,stressid_2ea4,combined,stressid
0,0.00067022466,0.44323823,stressid_2ea4,combined,stressid
0,0.000629942,0.37146848,stressid_2ea4,combined,stressid
0,0.0006298276,0.37196442,stressid_2ea4,combined,stressid
0,0.0006252779,0.37500277,stressid_2ea4,combined,stressid
0,0.0006218251,0.37770882,stressid_2ea4,combined,stressid
0,0.00062660367,0.3740333,stressid_2ea4,combined,stressid
0,0.00063057453,0.37101817,stressid_2ea4,combined,stressid
0,0.00062532496,0.37497783,stressid_2ea4,combined,stressid
0,0.0006251897,0.37477988,stressid_2ea4,combined,stressid
0,0.00062663207,0.37400362,stressid_2ea4,combined,stressid
0,0.0006788872,0.45207402,stressid_2ea4,combined,stressid
0,0.0006896783,0.44858176,stressid_2ea4,combined,stressid
0,0.00069451565,0.45051485,stressid_2ea4,combined,stressid
0,0.00068774074,0.46758094,stressid_2ea4,combined,stressid
1,0.99844754,0.4095121,stressid_2ea4,combined,stressid
1,0.99841785,0.41584036,stressid_2ea4,combined,stressid
1,0.9984787,0.40560925,stressid_2ea4,combined,stressid
1,0.99844545,0.4029256,stressid_2ea4,combined,stressid
1,0.9984333,0.40401924,stressid_2ea4,combined,stressid
1,0.9984566,0.40012905,stressid_2ea4,combined,stressid
1,0.9984055,0.40379763,stressid_2ea4,combined,stressid
1,0.99839455,0.40554425,stressid_2ea4,combined,stressid
1,0.9983846,0.40918916,stressid_2ea4,combined,stressid
1,0.99844176,0.40495297,stressid_2ea4,combined,stressid
1,0.99842,0.4053334,stressid_2ea4,combined,stressid
1,0.9984054,0.41518456,stressid_2ea4,combined,stressid
1,0.99840075,0.416827,stressid_2ea4,combined,stressid
1,0.9984835,0.40186805,stressid_2ea4,combined,stressid
1,0.99841213,0.4113304,stressid_2ea4,combined,stressid
1,0.99840575,0.40807602,stressid_2ea4,combined,stressid
1,0.99848264,0.40583804,stressid_2ea4,combined,stressid
1,0.99849963,0.40115413,stressid_2ea4,combined,stressid
1,0.9984763,0.4084871,stressid_2ea4,combined,stressid
1,0.9982761,0.42296568,stressid_2ea4,combined,stressid
1,0.99845815,0.40364042,stressid_2ea4,combined,stressid
1,0.9983057,0.42872158,stressid_2ea4,combined,stressid
1,0.9984693,0.40199637,stressid_2ea4,combined,stressid
1,0.9983479,0.41252404,stressid_2ea4,combined,stressid
1,0.9983918,0.40983254,stressid_2ea4,combined,stressid
1,0.99835664,0.40941808,stressid_2ea4,combined,stressid
1,0.9982247,0.40473574,stressid_2ea4,combined,stressid
1,0.9983479,0.4044272,stressid_2ea4,combined,stressid
1,0.9984168,0.40286717,stressid_2ea4,combined,stressid
1,0.99769294,0.4138968,stressid_2ea4,combined,stressid
1,0.9983944,0.41367707,stressid_2ea4,combined,stressid
1,0.9983504,0.423335,stressid_2ea4,combined,stressid
1,0.99835324,0.42119995,stressid_2ea4,combined,stressid
1,0.99808407,0.4465096,stressid_2ea4,combined,stressid
1,0.99831104,0.42558408,stressid_2ea4,combined,stressid
1,0.9983633,0.42043638,stressid_2ea4,combined,stressid
1,0.99814296,0.43484217,stressid_2ea4,combined,stressid
1,0.9981839,0.43824753,stressid_2ea4,combined,stressid
1,0.998365,0.41582933,stressid_2ea4,combined,stressid
1,0.99836355,0.4091844,stressid_2ea4,combined,stressid
1,0.9983632,0.4048127,stressid_2ea4,combined,stressid
1,0.99847645,0.4012669,stressid_2ea4,combined,stressid
1,0.9983821,0.3991235,stressid_2ea4,combined,stressid
1,0.9984226,0.4033505,stressid_2ea4,combined,stressid
1,0.9984029,0.40317884,stressid_2ea4,combined,stressid
1,0.9983577,0.40371203,stressid_2ea4,combined,stressid
1,0.9984658,0.4009081,stressid_2ea4,combined,stressid
1,0.9984244,0.40507838,stressid_2ea4,combined,stressid
1,0.9983891,0.40699226,stressid_2ea4,combined,stressid
1,0.9983388,0.41900203,stressid_2ea4,combined,stressid
1,0.9983766,0.41495165,stressid_2ea4,combined,stressid
1,0.99841034,0.40952992,stressid_2ea4,combined,stressid
1,0.9984479,0.40862253,stressid_2ea4,combined,stressid
1,0.9983713,0.4125574,stressid_2ea4,combined,stressid
1,0.9984566,0.39965606,stressid_2ea4,combined,stressid
1,0.9982876,0.4087871,stressid_2ea4,combined,stressid
1,0.9984395,0.4119133,stressid_2ea4,combined,stressid
1,0.9984419,0.41217715,stressid_2ea4,combined,stressid
1,0.99842274,0.41070795,stressid_2ea4,combined,stressid
1,0.99831593,0.41782245,stressid_2ea4,combined,stressid
1,0.99838877,0.40515587,stressid_2ea4,combined,stressid
1,0.99847,0.3994358,stressid_2ea4,combined,stressid
1,0.99845934,0.4045078,stressid_2ea4,combined,stressid
1,0.998442,0.40336192,stressid_2ea4,combined,stressid
1,0.9984397,0.3987096,stressid_2ea4,combined,stressid
1,0.99846834,0.40140352,stressid_2ea4,combined,stressid
1,0.99842346,0.40240473,stressid_2ea4,combined,stressid
1,0.9984486,0.40291554,stressid_2ea4,combined,stressid
1,0.9983859,0.41985327,stressid_2ea4,combined,stressid
1,0.9983498,0.41702476,stressid_2ea4,combined,stressid
1,0.9983543,0.42330638,stressid_2ea4,combined,stressid
1,0.9982626,0.41807613,stressid_2ea4,combined,stressid
1,0.99841976,0.41393965,stressid_2ea4,combined,stressid
1,0.9983901,0.42042553,stressid_2ea4,combined,stressid
1,0.9983536,0.42729092,stressid_2ea4,combined,stressid
1,0.99828064,0.41352794,stressid_2ea4,combined,stressid
0,0.99843735,0.40767056,stressid_2ea4,combined,stressid
0,0.9983854,0.40738776,stressid_2ea4,combined,stressid
0,0.99841213,0.40906817,stressid_2ea4,combined,stressid
0,0.9983719,0.40608156,stressid_2ea4,combined,stressid
0,0.9983785,0.4034402,stressid_2ea4,combined,stressid
0,0.9984195,0.40477884,stressid_2ea4,combined,stressid
0,0.99833363,0.4058896,stressid_2ea4,combined,stressid
0,0.99844056,0.40211785,stressid_2ea4,combined,stressid
0,0.9983992,0.40219358,stressid_2ea4,combined,stressid
0,0.9984224,0.40657112,stressid_2ea4,combined,stressid
0,0.9980894,0.40715596,stressid_2ea4,combined,stressid
0,0.9984085,0.4045934,stressid_2ea4,combined,stressid
0,0.998437,0.4083601,stressid_2ea4,combined,stressid
0,0.9984125,0.4051129,stressid_2ea4,combined,stressid
0,0.9984446,0.4022331,stressid_2ea4,combined,stressid
0,0.99843246,0.4019822,stressid_2ea4,combined,stressid
0,0.9983693,0.39933196,stressid_2ea4,combined,stressid
0,0.99827254,0.4013596,stressid_2ea4,combined,stressid
0,0.998387,0.4071962,stressid_2ea4,combined,stressid
0,0.00067048275,0.45345455,stressid_2ea4,combined,stressid
0,0.0006652552,0.44457102,stressid_2ea4,combined,stressid
0,0.0006854306,0.44795004,stressid_2ea4,combined,stressid
0,0.00068706466,0.4363347,stressid_2ea4,combined,stressid
0,0.00068085437,0.4409859,stressid_2ea4,combined,stressid
0,0.0006815678,0.44320464,stressid_2ea4,combined,stressid
0,0.00068050274,0.44814885,stressid_2ea4,combined,stressid
0,0.00067286246,0.40974426,stressid_2ea4,combined,stressid
0,0.00067854376,0.43439522,stressid_2ea4,combined,stressid
0,0.0006864589,0.44778007,stressid_2ea4,combined,stressid
0,0.00069583836,0.4377199,stressid_2ea4,combined,stressid
0,0.0006846413,0.44920346,stressid_2ea4,combined,stressid
0,0.00067724945,0.45390612,stressid_2ea4,combined,stressid
0,0.0006839624,0.44688743,stressid_2ea4,combined,stressid
0,0.00068531465,0.45108464,stressid_2ea4,combined,stressid
0,0.00067137607,0.45655,stressid_2ea4,combined,stressid
0,0.0006733959,0.45598617,stressid_2ea4,combined,stressid
0,0.000664636,0.434748,stressid_2ea4,combined,stressid
0,0.0006707847,0.4623166,stressid_2ea4,combined,stressid
0,0.00067128707,0.43293378,stressid_2ea4,combined,stressid
0,0.00066691556,0.43645865,stressid_2ea4,combined,stressid
0,0.0006767568,0.45763332,stressid_2ea4,combined,stressid
0,0.00062662765,0.37409163,stressid_2ea4,combined,stressid
0,0.0006674372,0.43924934,stressid_2ea4,combined,stressid
0,0.00062453636,0.3758717,stressid_2ea4,combined,stressid
0,0.0006265288,0.37537915,stressid_2ea4,combined,stressid
0,0.0006272571,0.37459692,stressid_2ea4,combined,stressid
0,0.0006264944,0.37518623,stressid_2ea4,combined,stressid
0,0.0006273169,0.37466934,stressid_2ea4,combined,stressid
0,0.0006267285,0.37495375,stressid_2ea4,combined,stressid
0,0.0006300054,0.3730003,stressid_2ea4,combined,stressid
0,0.0006317707,0.37153968,stressid_2ea4,combined,stressid
0,0.0006284833,0.3739102,stressid_2ea4,combined,stressid
0,0.0006302275,0.37271258,stressid_2ea4,combined,stressid
0,0.00068041385,0.4588355,stressid_2ea4,combined,stressid
0,0.0006282961,0.3737692,stressid_2ea4,combined,stressid
0,0.00063122367,0.3717957,stressid_2ea4,combined,stressid
0,0.00063217635,0.37153026,stressid_2ea4,combined,stressid
0,0.000631211,0.37243903,stressid_2ea4,combined,stressid
0,0.0006313172,0.3713321,stressid_2ea4,combined,stressid
0,0.0006316587,0.37090805,stressid_2ea4,combined,stressid
0,0.00063005695,0.37218004,stressid_2ea4,combined,stressid
0,0.0006265452,0.37500897,stressid_2ea4,combined,stressid
0,0.0006298414,0.37372088,stressid_2ea4,combined,stressid
0,0.0006770445,0.45590043,stressid_2ea4,combined,stressid
0,0.0006786731,0.4535124,stressid_2ea4,combined,stressid
0,0.00067965116,0.44700184,stressid_2ea4,combined,stressid
0,0.0006980129,0.4468811,stressid_2ea4,combined,stressid
0,0.00069183717,0.44057426,stressid_2ea4,combined,stressid
1,0.9983884,0.41487163,stressid_2ea4,combined,stressid
1,0.99831724,0.41965497,stressid_2ea4,combined,stressid
1,0.9982855,0.4263551,stressid_2ea4,combined,stressid
1,0.9984274,0.40532556,stressid_2ea4,combined,stressid
1,0.9983876,0.40805706,stressid_2ea4,combined,stressid
1,0.9983627,0.40787348,stressid_2ea4,combined,stressid
1,0.9982451,0.4110218,stressid_2ea4,combined,stressid
1,0.99839157,0.40567768,stressid_2ea4,combined,stressid
1,0.998386,0.40669483,stressid_2ea4,combined,stressid
1,0.9983529,0.41065732,stressid_2ea4,combined,stressid
1,0.9984257,0.40232468,stressid_2ea4,combined,stressid
1,0.99838245,0.4173848,stressid_2ea4,combined,stressid
1,0.9983783,0.41812018,stressid_2ea4,combined,stressid
1,0.9983797,0.41881183,stressid_2ea4,combined,stressid
1,0.9983308,0.41367573,stressid_2ea4,combined,stressid
1,0.99843365,0.41184545,stressid_2ea4,combined,stressid
1,0.99834085,0.42269358,stressid_2ea4,combined,stressid
1,0.9981887,0.4306022,stressid_2ea4,combined,stressid
1,0.9983358,0.42225724,stressid_2ea4,combined,stressid
0,0.998343,0.4214569,stressid_2ea4,combined,stressid
0,0.9984224,0.41217652,stressid_2ea4,combined,stressid
0,0.99816424,0.4187338,stressid_2ea4,combined,stressid
0,0.99802375,0.40181437,stressid_2ea4,combined,stressid
0,0.99816906,0.40450746,stressid_2ea4,combined,stressid
0,0.9981369,0.402426,stressid_2ea4,combined,stressid
0,0.9980034,0.39898816,stressid_2ea4,combined,stressid
0,0.9983181,0.39454058,stressid_2ea4,combined,stressid
0,0.99858534,0.3860362,stressid_2ea4,combined,stressid
0,0.99859124,0.3864148,stressid_2ea4,combined,stressid
0,0.9986125,0.38415524,stressid_2ea4,combined,stressid
0,0.9984493,0.41290876,stressid_2ea4,combined,stressid
0,0.99834204,0.40700582,stressid_2ea4,combined,stressid
0,0.9984415,0.4151207,stressid_2ea4,combined,stressid
0,0.99811256,0.4174713,stressid_2ea4,combined,stressid
0,0.9981225,0.4194294,stressid_2ea4,combined,stressid
0,0.9981036,0.42507556,stressid_2ea4,combined,stressid
0,0.9981446,0.4117535,stressid_2ea4,combined,stressid
0,0.99803513,0.4132131,stressid_2ea4,combined,stressid
0,0.0006735916,0.4581761,stressid_2ea4,combined,stressid
0,0.0006709215,0.45673615,stressid_2ea4,combined,stressid
0,0.0006770761,0.48059648,stressid_2ea4,combined,stressid
0,0.00067797623,0.48502582,stressid_2ea4,combined,stressid
0,0.0006858276,0.4853221,stressid_2ea4,combined,stressid
0,0.00067637797,0.47638595,stressid_2ea4,combined,stressid
0,0.0006833744,0.4735413,stressid_2ea4,combined,stressid
0,0.00068411237,0.47614563,stressid_2ea4,combined,stressid
0,0.0006800855,0.47023454,stressid_2ea4,combined,stressid
0,0.0006837288,0.48053333,stressid_2ea4,combined,stressid
0,0.0006779403,0.47582465,stressid_2ea4,combined,stressid
0,0.0006750471,0.48683527,stressid_2ea4,combined,stressid
0,0.00067730073,0.4696442,stressid_2ea4,combined,stressid
0,0.00067141186,0.46448293,stressid_2ea4,combined,stressid
0,0.0006818654,0.4758496,stressid_2ea4,combined,stressid
0,0.0006698939,0.46299398,stressid_2ea4,combined,stressid
0,0.00067578326,0.46267372,stressid_2ea4,combined,stressid
0,0.0006737762,0.46607748,stressid_2ea4,combined,stressid
0,0.00066412345,0.456675,stressid_2ea4,combined,stressid
0,0.0006653097,0.46336788,stressid_2ea4,combined,stressid
0,0.0006653218,0.4684335,stressid_2ea4,combined,stressid
0,0.0006660444,0.4646966,stressid_2ea4,combined,stressid
0,0.00065987057,0.46070537,stressid_2ea4,combined,stressid
0,0.0006789843,0.47931057,stressid_2ea4,combined,stressid
0,0.0006647342,0.45751646,stressid_2ea4,combined,stressid
0,0.0006759514,0.47714293,stressid_2ea4,combined,stressid
0,0.00066674553,0.45550236,stressid_2ea4,combined,stressid
0,0.00062008743,0.37947467,stressid_2ea4,combined,stressid
0,0.00061563414,0.38360253,stressid_2ea4,combined,stressid
0,0.00061728037,0.38247937,stressid_2ea4,combined,stressid
0,0.00062116695,0.37874418,stressid_2ea4,combined,stressid
0,0.0006219033,0.3775601,stressid_2ea4,combined,stressid
0,0.00062539824,0.37495026,stressid_2ea4,combined,stressid
0,0.0006269786,0.37387395,stressid_2ea4,combined,stressid
0,0.0006851606,0.4776497,stressid_2ea4,combined,stressid
0,0.0006268752,0.37390527,stressid_2ea4,combined,stressid
0,0.00062586815,0.37482536,stressid_2ea4,combined,stressid
0,0.0006263016,0.37459788,stressid_2ea4,combined,stressid
0,0.00062631536,0.3746886,stressid_2ea4,combined,stressid
0,0.00062685733,0.37424132,stressid_2ea4,combined,stressid
0,0.0006230613,0.37743494,stressid_2ea4,combined,stressid
0,0.00062347983,0.3769089,stressid_2ea4,combined,stressid
0,0.00062546175,0.37570146,stressid_2ea4,combined,stressid
0,0.00062288356,0.3776265,stressid_2ea4,combined,stressid
0,0.0006211989,0.37907618,stressid_2ea4,combined,stressid
0,0.0006839676,0.47315103,stressid_2ea4,combined,stressid
0,0.00061810197,0.3809516,stressid_2ea4,combined,stressid
0,0.0006216707,0.37873265,stressid_2ea4,combined,stressid
0,0.0006216134,0.37838003,stressid_2ea4,combined,stressid
0,0.0006227942,0.37785706,stressid_2ea4,combined,stressid
0,0.0006194988,0.3802333,stressid_2ea4,combined,stressid
0,0.0006235294,0.3767775,stressid_2ea4,combined,stressid
0,0.0006328657,0.369135,stressid_2ea4,combined,stressid
0,0.0006886763,0.47596273,stressid_2ea4,combined,stressid
0,0.0006850923,0.48117718,stressid_2ea4,combined,stressid
0,0.00068131916,0.46998405,stressid_2ea4,combined,stressid
0,0.000683252,0.48376694,stressid_2ea4,combined,stressid
0,0.0006866578,0.46549484,stressid_2ea4,combined,stressid
0,0.00067550933,0.46630123,stressid_2ea4,combined,stressid
0,0.00067667617,0.47794503,stressid_2ea4,combined,stressid
0,0.0006751649,0.48040703,stressid_2ea4,combined,stressid
0,0.0006825871,0.48175085,stressid_2ea4,combined,stressid
0,0.0006799825,0.47580287,stressid_2ea4,combined,stressid
0,0.00068069407,0.47821966,stressid_2ea4,combined,stressid
0,0.0006809378,0.46766302,stressid_2ea4,combined,stressid
0,0.00068748684,0.4733486,stressid_2ea4,combined,stressid
0,0.00069235463,0.48070675,stressid_2ea4,combined,stressid
0,0.0006901707,0.4860658,stressid_2ea4,combined,stressid
0,0.00069092953,0.4788482,stressid_2ea4,combined,stressid
0,0.00067962776,0.46032047,stressid_2ea4,combined,stressid
0,0.00069240975,0.48312068,stressid_2ea4,combined,stressid
0,0.00069062674,0.48290992,stressid_2ea4,combined,stressid
0,0.00062361977,0.3771895,stressid_2ea4,combined,stressid
0,0.0006231736,0.3775624,stressid_2ea4,combined,stressid
0,0.0006222739,0.37778682,stressid_2ea4,combined,stressid
0,0.00062409276,0.37651885,stressid_2ea4,combined,stressid
0,0.0006246051,0.3763856,stressid_2ea4,combined,stressid
0,0.000621109,0.37931702,stressid_2ea4,combined,stressid
0,0.00062059826,0.38038328,stressid_2ea4,combined,stressid
0,0.0006243495,0.37713298,stressid_2ea4,combined,stressid
0,0.0006856129,0.4639258,stressid_2ea4,combined,stressid
0,0.000625114,0.37563753,stressid_2ea4,combined,stressid
0,0.0006272637,0.37326366,stressid_2ea4,combined,stressid
0,0.0006280377,0.373925,stressid_2ea4,combined,stressid
0,0.00062326534,0.37819818,stressid_2ea4,combined,stressid
0,0.0006224969,0.37838963,stressid_2ea4,combined,stressid
0,0.00065830396,0.35006282,stressid_2ea4,combined,stressid
0,0.00064147904,0.36073792,stressid_2ea4,combined,stressid
0,0.00061940815,0.3805649,stressid_2ea4,combined,stressid
0,0.0006730205,0.47166696,stressid_2ea4,combined,stressid
0,0.0006705952,0.4710762,stressid_2ea4,combined,stressid
0,0.0006733635,0.46416125,stressid_2ea4,combined,stressid
0,0.0006778444,0.47069904,stressid_2ea4,combined,stressid
0,0.0006796977,0.48508865,stressid_2ea4,combined,stressid
0,0.0006763087,0.4723429,stressid_2ea4,combined,stressid
0,0.00012774018,0.26865143,stressid_5f7t,combined,stressid
0,8.202133e-05,0.3596874,stressid_5f7t,combined,stressid
0,6.208316e-05,0.40838483,stressid_5f7t,combined,stressid
0,6.2303436e-05,0.41145572,stressid_5f7t,combined,stressid
0,8.305879e-05,0.36083472,stressid_5f7t,combined,stressid
0,0.00012123203,0.28128254,stressid_5f7t,combined,stressid
0,8.5473395e-05,0.35199264,stressid_5f7t,combined,stressid
0,0.0001156044,0.2940576,stressid_5f7t,combined,stressid
0,5.092804e-05,0.43789512,stressid_5f7t,combined,stressid
0,7.5000695e-05,0.3754187,stressid_5f7t,combined,stressid
0,1.108681e-05,0.72038263,stressid_5f7t,combined,stressid
0,3.0840052e-05,0.5414395,stressid_5f7t,combined,stressid
0,6.1320265e-05,0.42538372,stressid_5f7t,combined,stressid
0,4.3717984e-05,0.46534207,stressid_5f7t,combined,stressid
0,5.5951583e-05,0.42522192,stressid_5f7t,combined,stressid
0,6.8542766e-05,0.38503018,stressid_5f7t,combined,stressid
0,8.356462e-05,0.35718396,stressid_5f7t,combined,stressid
0,4.6283687e-05,0.45991856,stressid_5f7t,combined,stressid
0,5.720445e-05,0.4255924,stressid_5f7t,combined,stressid
0,5.0275732e-05,0.44893017,stressid_5f7t,combined,stressid
0,7.146601e-05,0.3838887,stressid_5f7t,combined,stressid
0,0.00010114093,0.31953686,stressid_5f7t,combined,stressid
0,0.00010691855,0.30893475,stressid_5f7t,combined,stressid
0,0.000114065595,0.29496485,stressid_5f7t,combined,stressid
0,9.708189e-05,0.3306473,stressid_5f7t,combined,stressid
0,0.00010678039,0.30930078,stressid_5f7t,combined,stressid
0,7.863141e-05,0.3731288,stressid_5f7t,combined,stressid
0,4.229841e-05,0.47984204,stressid_5f7t,combined,stressid
0,1.633375e-05,0.6650637,stressid_5f7t,combined,stressid
0,7.254182e-05,0.379843,stressid_5f7t,combined,stressid
0,7.148305e-05,0.38213992,stressid_5f7t,combined,stressid
0,4.4867113e-05,0.47374573,stressid_5f7t,combined,stressid
0,6.798937e-05,0.38981864,stressid_5f7t,combined,stressid
0,7.39949e-05,0.37790328,stressid_5f7t,combined,stressid
0,5.2333253e-05,0.4487966,stressid_5f7t,combined,stressid
0,7.811082e-05,0.3669963,stressid_5f7t,combined,stressid
0,6.944068e-05,0.3907119,stressid_5f7t,combined,stressid
0,6.630072e-05,0.39969647,stressid_5f7t,combined,stressid
0,7.072609e-05,0.38711905,stressid_5f7t,combined,stressid
0,7.235294e-05,0.38271636,stressid_5f7t,combined,stressid
0,7.450811e-05,0.37682512,stressid_5f7t,combined,stressid
0,7.386152e-05,0.37866697,stressid_5f7t,combined,stressid
0,7.112784e-05,0.38604823,stressid_5f7t,combined,stressid
0,6.443047e-05,0.40541267,stressid_5f7t,combined,stressid
0,7.052269e-05,0.38773096,stressid_5f7t,combined,stressid
0,5.851092e-05,0.42986566,stressid_5f7t,combined,stressid
0,6.786189e-05,0.39520973,stressid_5f7t,combined,stressid
0,7.331354e-05,0.38012075,stressid_5f7t,combined,stressid
0,7.672052e-05,0.3707159,stressid_5f7t,combined,stressid
0,6.596887e-05,0.4007451,stressid_5f7t,combined,stressid
0,6.915929e-05,0.39142007,stressid_5f7t,combined,stressid
0,7.614218e-05,0.3722887,stressid_5f7t,combined,stressid
0,7.502917e-05,0.375316,stressid_5f7t,combined,stressid
0,6.084722e-05,0.41694117,stressid_5f7t,combined,stressid
0,6.405225e-05,0.4065742,stressid_5f7t,combined,stressid
0,4.2325846e-05,0.47868913,stressid_5f7t,combined,stressid
0,6.286612e-05,0.41051772,stressid_5f7t,combined,stressid
0,4.2121785e-05,0.48415703,stressid_5f7t,combined,stressid
0,4.472942e-05,0.47735238,stressid_5f7t,combined,stressid
0,0.97788656,0.40424335,stressid_5f7t,combined,stressid
0,0.9991708,0.49422014,stressid_5f7t,combined,stressid
0,0.915981,0.30564946,stressid_5f7t,combined,stressid
0,0.83386165,0.27574125,stressid_5f7t,combined,stressid
0,0.99320376,0.3900835,stressid_5f7t,combined,stressid
0,0.97756356,0.33855197,stressid_5f7t,combined,stressid
0,0.91369396,0.3441612,stressid_5f7t,combined,stressid
0,0.60951334,0.29815236,stressid_5f7t,combined,stressid
0,0.47319534,0.25818896,stressid_5f7t,combined,stressid
0,0.67211914,0.26523036,stressid_5f7t,combined,stressid
0,0.30573902,0.2302406,stressid_5f7t,combined,stressid
0,0.9967512,0.44741723,stressid_5f7t,combined,stressid
0,0.93872225,0.3287504,stressid_5f7t,combined,stressid
0,0.788246,0.27403903,stressid_5f7t,combined,stressid
0,0.45433167,0.24315722,stressid_5f7t,combined,stressid
0,0.43360534,0.26919985,stressid_5f7t,combined,stressid
0,0.9452252,0.33831465,stressid_5f7t,combined,stressid
0,0.78383887,0.26692125,stressid_5f7t,combined,stressid
0,0.99604756,0.41085404,stressid_5f7t,combined,stressid
1,0.98317873,0.39522585,stressid_5f7t,combined,stressid
1,0.99942565,0.49682382,stressid_5f7t,combined,stressid
1,0.9926449,0.3827144,stressid_5f7t,combined,stressid
1,0.9963206,0.39492628,stressid_5f7t,combined,stressid
1,0.9939651,0.37810352,stressid_5f7t,combined,stressid
1,0.9952441,0.3877752,stressid_5f7t,combined,stressid
1,0.9779326,0.33293727,stressid_5f7t,combined,stressid
1,0.9665001,0.33065844,stressid_5f7t,combined,stressid
1,0.974381,0.35774672,stressid_5f7t,combined,stressid
1,0.6989272,0.30412877,stressid_5f7t,combined,stressid
1,0.59584105,0.27624273,stressid_5f7t,combined,stressid
1,0.99249154,0.39849672,stressid_5f7t,combined,stressid
1,0.89482707,0.29160425,stressid_5f7t,combined,stressid
1,0.9945134,0.3979112,stressid_5f7t,combined,stressid
1,0.99148846,0.37058294,stressid_5f7t,combined,stressid
1,0.61555296,0.24009381,stressid_5f7t,combined,stressid
1,0.9367262,0.32565823,stressid_5f7t,combined,stressid
1,0.79929125,0.267636,stressid_5f7t,combined,stressid
1,0.5003706,0.23349321,stressid_5f7t,combined,stressid
0,0.66653824,0.24090685,stressid_5f7t,combined,stressid
0,0.7533992,0.27027133,stressid_5f7t,combined,stressid
0,0.8387224,0.27884105,stressid_5f7t,combined,stressid
0,0.24048497,0.20913056,stressid_5f7t,combined,stressid
0,0.8414849,0.2693086,stressid_5f7t,combined,stressid
0,0.8840653,0.2968594,stressid_5f7t,combined,stressid
0,0.7143372,0.2515288,stressid_5f7t,combined,stressid
0,0.3693322,0.21980101,stressid_5f7t,combined,stressid
0,0.4756514,0.226024,stressid_5f7t,combined,stressid
0,0.3609648,0.2143735,stressid_5f7t,combined,stressid
0,0.99337375,0.37893203,stressid_5f7t,combined,stressid
0,0.52741194,0.23980008,stressid_5f7t,combined,stressid
0,0.70395887,0.2720247,stressid_5f7t,combined,stressid
0,0.64365065,0.24315539,stressid_5f7t,combined,stressid
0,0.35534048,0.20030339,stressid_5f7t,combined,stressid
0,0.63988703,0.23672661,stressid_5f7t,combined,stressid
0,0.9957092,0.41208413,stressid_5f7t,combined,stressid
0,0.8699468,0.30244938,stressid_5f7t,combined,stressid
0,0.5249737,0.2408979,stressid_5f7t,combined,stressid
1,0.96004605,0.34973237,stressid_5f7t,combined,stressid
1,0.53980905,0.2363295,stressid_5f7t,combined,stressid
1,0.9861924,0.3916466,stressid_5f7t,combined,stressid
1,0.74080676,0.30828515,stressid_5f7t,combined,stressid
1,0.30418906,0.21255477,stressid_5f7t,combined,stressid
1,0.2454666,0.24781072,stressid_5f7t,combined,stressid
1,0.8833654,0.3186809,stressid_5f7t,combined,stressid
1,0.9982242,0.42054543,stressid_5f7t,combined,stressid
1,0.9993747,0.4646413,stressid_5f7t,combined,stressid
1,0.98056245,0.33468765,stressid_5f7t,combined,stressid
1,0.9981184,0.4311828,stressid_5f7t,combined,stressid
1,0.5542213,0.2450286,stressid_5f7t,combined,stressid
1,0.9846311,0.358682,stressid_5f7t,combined,stressid
1,0.9974704,0.45158887,stressid_5f7t,combined,stressid
1,0.9960674,0.43458134,stressid_5f7t,combined,stressid
1,0.9411883,0.33134776,stressid_5f7t,combined,stressid
1,0.34598917,0.24059899,stressid_5f7t,combined,stressid
1,0.9782165,0.38079128,stressid_5f7t,combined,stressid
1,0.93104464,0.33517918,stressid_5f7t,combined,stressid
0,0.865787,0.26926485,stressid_5f7t,combined,stressid
0,0.71983814,0.2571274,stressid_5f7t,combined,stressid
0,0.9024503,0.29646185,stressid_5f7t,combined,stressid
0,0.95156705,0.30870515,stressid_5f7t,combined,stressid
0,0.66173863,0.2539592,stressid_5f7t,combined,stressid
0,0.93226165,0.29634804,stressid_5f7t,combined,stressid
0,0.9304403,0.3011883,stressid_5f7t,combined,stressid
0,0.68873763,0.24510303,stressid_5f7t,combined,stressid
0,0.97800636,0.33230045,stressid_5f7t,combined,stressid
0,0.9378801,0.30044472,stressid_5f7t,combined,stressid
0,0.9356681,0.34415126,stressid_5f7t,combined,stressid
0,0.96640587,0.34073937,stressid_5f7t,combined,stressid
0,0.40471128,0.20601897,stressid_5f7t,combined,stressid
0,0.9429516,0.30730933,stressid_5f7t,combined,stressid
0,0.9878363,0.38026762,stressid_5f7t,combined,stressid
0,0.9410636,0.33940148,stressid_5f7t,combined,stressid
0,0.67895454,0.26417014,stressid_5f7t,combined,stressid
0,0.28518865,0.19867624,stressid_5f7t,combined,stressid
0,0.9218644,0.2977354,stressid_5f7t,combined,stressid
0,9.205945e-05,0.33908162,stressid_5f7t,combined,stressid
0,7.9170204e-05,0.36805782,stressid_5f7t,combined,stressid
0,5.835589e-05,0.42675662,stressid_5f7t,combined,stressid
0,5.7662975e-05,0.42363694,stressid_5f7t,combined,stressid
0,7.0897535e-05,0.38411862,stressid_5f7t,combined,stressid
0,6.840049e-05,0.39078137,stressid_5f7t,combined,stressid
0,7.409687e-05,0.3771338,stressid_5f7t,combined,stressid
0,7.709176e-05,0.3709112,stressid_5f7t,combined,stressid
0,8.7084285e-05,0.3496259,stressid_5f7t,combined,stressid
0,8.433385e-05,0.3535957,stressid_5f7t,combined,stressid
0,6.6933375e-05,0.39111346,stressid_5f7t,combined,stressid
0,6.7806584e-05,0.38994125,stressid_5f7t,combined,stressid
0,9.336149e-05,0.33045965,stressid_5f7t,combined,stressid
0,4.7185255e-05,0.44280416,stressid_5f7t,combined,stressid
0,5.368291e-05,0.424112,stressid_5f7t,combined,stressid
0,6.284753e-05,0.40265328,stressid_5f7t,combined,stressid
0,6.859849e-05,0.3901218,stressid_5f7t,combined,stressid
0,8.053234e-05,0.36226782,stressid_5f7t,combined,stressid
0,7.211103e-05,0.38310736,stressid_5f7t,combined,stressid
0,7.262959e-05,0.38231653,stressid_5f7t,combined,stressid
0,8.314176e-05,0.3604279,stressid_5f7t,combined,stressid
0,7.421545e-05,0.37902385,stressid_5f7t,combined,stressid
0,7.92307e-05,0.36424577,stressid_5f7t,combined,stressid
0,8.9992194e-05,0.34370324,stressid_5f7t,combined,stressid
0,7.977854e-05,0.36281192,stressid_5f7t,combined,stressid
0,8.037537e-05,0.36133894,stressid_5f7t,combined,stressid
0,7.383688e-05,0.37905473,stressid_5f7t,combined,stressid
0,7.108866e-05,0.386235,stressid_5f7t,combined,stressid
0,7.1507195e-05,0.38517597,stressid_5f7t,combined,stressid
0,7.102902e-05,0.38633993,stressid_5f7t,combined,stressid
0,6.0709794e-05,0.41711617,stressid_5f7t,combined,stressid
0,5.990969e-05,0.4197962,stressid_5f7t,combined,stressid
0,6.4761516e-05,0.40443835,stressid_5f7t,combined,stressid
0,7.233169e-05,0.3828336,stressid_5f7t,combined,stressid
0,8.863404e-05,0.34696954,stressid_5f7t,combined,stressid
0,6.7885376e-05,0.39531836,stressid_5f7t,combined,stressid
0,7.7167e-05,0.36971796,stressid_5f7t,combined,stressid
0,7.121865e-05,0.38594073,stressid_5f7t,combined,stressid
0,7.2053015e-05,0.3835216,stressid_5f7t,combined,stressid
0,7.8964295e-05,0.36484048,stressid_5f7t,combined,stressid
0,7.207844e-05,0.38364303,stressid_5f7t,combined,stressid
0,7.498539e-05,0.37562212,stressid_5f7t,combined,stressid
0,7.933457e-05,0.36391023,stressid_5f7t,combined,stressid
0,7.8823825e-05,0.36517954,stressid_5f7t,combined,stressid
0,7.891084e-05,0.3669538,stressid_5f7t,combined,stressid
0,7.783465e-05,0.36878657,stressid_5f7t,combined,stressid
0,7.594936e-05,0.373261,stressid_5f7t,combined,stressid
0,8.198958e-05,0.35982376,stressid_5f7t,combined,stressid
0,8.5860454e-05,0.35246962,stressid_5f7t,combined,stressid
0,0.9965222,0.4125358,stressid_5f7t,combined,stressid
0,0.9979493,0.44008332,stressid_5f7t,combined,stressid
0,0.9926373,0.41831258,stressid_5f7t,combined,stressid
0,0.22466068,0.22090496,stressid_5f7t,combined,stressid
0,0.9449048,0.31438375,stressid_5f7t,combined,stressid
0,0.15279149,0.2090557,stressid_5f7t,combined,stressid
0,0.68276215,0.25526646,stressid_5f7t,combined,stressid
0,0.69371724,0.25528157,stressid_5f7t,combined,stressid
0,0.11568819,0.22588168,stressid_5f7t,combined,stressid
0,0.9979273,0.4275228,stressid_5f7t,combined,stressid
0,0.997718,0.42694494,stressid_5f7t,combined,stressid
0,0.9992563,0.46879393,stressid_5f7t,combined,stressid
0,0.9980089,0.430099,stressid_5f7t,combined,stressid
0,0.8812141,0.2938844,stressid_5f7t,combined,stressid
0,0.9946121,0.41274282,stressid_5f7t,combined,stressid
0,0.9992482,0.47772303,stressid_5f7t,combined,stressid
0,0.99512213,0.40581447,stressid_5f7t,combined,stressid
0,0.987591,0.39606634,stressid_5f7t,combined,stressid
0,0.9987111,0.4938646,stressid_5f7t,combined,stressid
1,0.9842465,0.36411467,stressid_5f7t,combined,stressid
1,0.83863115,0.28399852,stressid_5f7t,combined,stressid
1,0.9895504,0.37575215,stressid_5f7t,combined,stressid
1,0.98632854,0.3371221,stressid_5f7t,combined,stressid
1,0.9425665,0.31705484,stressid_5f7t,combined,stressid
1,0.9887727,0.38265637,stressid_5f7t,combined,stressid
1,0.73740035,0.31051427,stressid_5f7t,combined,stressid
1,0.9886629,0.39187846,stressid_5f7t,combined,stressid
1,0.99608934,0.42330697,stressid_5f7t,combined,stressid
1,0.95975095,0.34488538,stressid_5f7t,combined,stressid
1,0.94083595,0.30761364,stressid_5f7t,combined,stressid
1,0.735643,0.26898563,stressid_5f7t,combined,stressid
1,0.87063134,0.3026468,stressid_5f7t,combined,stressid
1,0.9505457,0.37909973,stressid_5f7t,combined,stressid
1,0.96915036,0.40212718,stressid_5f7t,combined,stressid
1,0.29534435,0.26186514,stressid_5f7t,combined,stressid
1,0.9544734,0.35603133,stressid_5f7t,combined,stressid
1,0.99467576,0.43372315,stressid_5f7t,combined,stressid
1,0.9777894,0.34048864,stressid_5f7t,combined,stressid
0,0.00010009006,0.32496136,stressid_5f7t,combined,stressid
0,6.649035e-05,0.39632308,stressid_5f7t,combined,stressid
0,7.6360906e-05,0.37518772,stressid_5f7t,combined,stressid
0,6.860495e-05,0.39687747,stressid_5f7t,combined,stressid
0,6.65642e-05,0.40166265,stressid_5f7t,combined,stressid
0,5.9176655e-05,0.41398165,stressid_5f7t,combined,stressid
0,5.4870172e-05,0.4259841,stressid_5f7t,combined,stressid
0,5.4607706e-05,0.42758793,stressid_5f7t,combined,stressid
0,6.257191e-05,0.4025828,stressid_5f7t,combined,stressid
0,4.6362497e-05,0.46073037,stressid_5f7t,combined,stressid
0,4.6634716e-05,0.45829785,stressid_5f7t,combined,stressid
0,5.203427e-05,0.43772367,stressid_5f7t,combined,stressid
0,5.7995898e-05,0.42102134,stressid_5f7t,combined,stressid
0,6.0738737e-05,0.41022524,stressid_5f7t,combined,stressid
0,5.4191034e-05,0.4308184,stressid_5f7t,combined,stressid
0,5.148108e-05,0.43818012,stressid_5f7t,combined,stressid
0,5.4349923e-05,0.4290498,stressid_5f7t,combined,stressid
0,6.0125236e-05,0.41373664,stressid_5f7t,combined,stressid
0,6.3859334e-05,0.40347812,stressid_5f7t,combined,stressid
0,5.613891e-05,0.42684963,stressid_5f7t,combined,stressid
0,4.9369322e-05,0.453378,stressid_5f7t,combined,stressid
0,5.0892595e-05,0.44680414,stressid_5f7t,combined,stressid
0,5.812546e-05,0.41618562,stressid_5f7t,combined,stressid
0,5.60491e-05,0.42329958,stressid_5f7t,combined,stressid
0,5.6089568e-05,0.42365226,stressid_5f7t,combined,stressid
0,6.0438648e-05,0.4125509,stressid_5f7t,combined,stressid
0,6.456314e-05,0.40331718,stressid_5f7t,combined,stressid
0,7.404743e-05,0.37844172,stressid_5f7t,combined,stressid
0,7.356833e-05,0.3797373,stressid_5f7t,combined,stressid
0,6.930063e-05,0.3912724,stressid_5f7t,combined,stressid
0,7.432218e-05,0.3777347,stressid_5f7t,combined,stressid
0,7.8602476e-05,0.36608315,stressid_5f7t,combined,stressid
0,7.97971e-05,0.362973,stressid_5f7t,combined,stressid
0,8.03006e-05,0.36173904,stressid_5f7t,combined,stressid
0,6.3434534e-05,0.40167582,stressid_5f7t,combined,stressid
0,7.317951e-05,0.38106397,stressid_5f7t,combined,stressid
0,7.417669e-05,0.37817404,stressid_5f7t,combined,stressid
0,8.0584425e-05,0.36109605,stressid_5f7t,combined,stressid
0,7.9685924e-05,0.36331236,stressid_5f7t,combined,stressid
0,7.623387e-05,0.3725521,stressid_5f7t,combined,stressid
0,7.7060526e-05,0.37031135,stressid_5f7t,combined,stressid
0,8.1056474e-05,0.3598708,stressid_5f7t,combined,stressid
0,7.5717886e-05,0.37395722,stressid_5f7t,combined,stressid
0,7.657654e-05,0.3715188,stressid_5f7t,combined,stressid
0,8.0523125e-05,0.36114833,stressid_5f7t,combined,stressid
0,7.140839e-05,0.38424933,stressid_5f7t,combined,stressid
0,8.014447e-05,0.36208642,stressid_5f7t,combined,stressid
0,8.050993e-05,0.36115155,stressid_5f7t,combined,stressid
0,7.382555e-05,0.37929544,stressid_5f7t,combined,stressid
0,7.611125e-05,0.37292388,stressid_5f7t,combined,stressid
0,8.0735954e-05,0.36077753,stressid_5f7t,combined,stressid
0,7.331851e-05,0.3807316,stressid_5f7t,combined,stressid
0,7.3824696e-05,0.37912557,stressid_5f7t,combined,stressid
0,6.42069e-05,0.40048864,stressid_5f7t,combined,stressid
0,6.2303734e-05,0.41447282,stressid_5f7t,combined,stressid
0,6.5388456e-05,0.40612268,stressid_5f7t,combined,stressid
0,6.8317255e-05,0.39504722,stressid_5f7t,combined,stressid
0,7.9466925e-05,0.36838046,stressid_5f7t,combined,stressid
0,7.086887e-05,0.38952586,stressid_5f7t,combined,stressid
0,8.7763816e-05,0.34648126,stressid_5f7t,combined,stressid
0,7.149526e-05,0.3875926,stressid_5f7t,combined,stressid
0,6.176423e-05,0.41325545,stressid_5f7t,combined,stressid
0,7.0202645e-05,0.38871312,stressid_5f7t,combined,stressid
0,5.886125e-05,0.41017243,stressid_5f7t,combined,stressid
0,5.4498876e-05,0.42362213,stressid_5f7t,combined,stressid
0,8.33151e-05,0.35511371,stressid_5f7t,combined,stressid
0,8.038066e-05,0.3627454,stressid_5f7t,combined,stressid
0,8.54131e-05,0.35224244,stressid_5f7t,combined,stressid
0,8.3452185e-05,0.35502174,stressid_5f7t,combined,stressid
0,5.87649e-05,0.41765854,stressid_5f7t,combined,stressid
0,8.194691e-05,0.35735208,stressid_5f7t,combined,stressid
0,7.1039176e-05,0.3842089,stressid_5f7t,combined,stressid
0,7.570821e-05,0.3737412,stressid_5f7t,combined,stressid
0,7.018042e-05,0.3887831,stressid_5f7t,combined,stressid
0,4.7086367e-05,0.46497685,stressid_5f7t,combined,stressid
0,6.756106e-05,0.39455587,stressid_5f7t,combined,stressid
0,5.4267162e-05,0.43767944,stressid_5f7t,combined,stressid
0,6.217998e-05,0.40836835,stressid_5f7t,combined,stressid
0,7.2986324e-05,0.38058996,stressid_5f7t,combined,stressid
0,6.982102e-05,0.38974667,stressid_5f7t,combined,stressid
0,5.066491e-05,0.4446132,stressid_5f7t,combined,stressid
0,6.6344044e-05,0.39979473,stressid_5f7t,combined,stressid
0,5.9656457e-05,0.42093194,stressid_5f7t,combined,stressid
0,6.3752675e-05,0.40755886,stressid_5f7t,combined,stressid
0,6.892621e-05,0.3922833,stressid_5f7t,combined,stressid
0,7.35858e-05,0.37961844,stressid_5f7t,combined,stressid
0,7.1346854e-05,0.38556287,stressid_5f7t,combined,stressid
0,7.25396e-05,0.38235134,stressid_5f7t,combined,stressid
0,7.360068e-05,0.37959984,stressid_5f7t,combined,stressid
0,6.804105e-05,0.397329,stressid_5f7t,combined,stressid
0,8.130652e-05,0.3635357,stressid_5f7t,combined,stressid
0,8.406784e-05,0.35674518,stressid_5f7t,combined,stressid
0,9.177712e-05,0.3379217,stressid_5f7t,combined,stressid
0,9.0979556e-05,0.33986533,stressid_5f7t,combined,stressid
0,9.0288835e-05,0.3412918,stressid_5f7t,combined,stressid
0,5.3594586e-16,0.25571197,stressid_r3zm,combined,stressid
0,3.682459e-16,0.33169195,stressid_r3zm,combined,stressid
0,2.869062e-16,0.39239758,stressid_r3zm,combined,stressid
0,2.865693e-16,0.39548358,stressid_r3zm,combined,stressid
0,2.9657871e-16,0.38480857,stressid_r3zm,combined,stressid
0,2.884249e-16,0.3915899,stressid_r3zm,combined,stressid
0,2.5706333e-16,0.42363137,stressid_r3zm,combined,stressid
0,2.7157517e-16,0.40497872,stressid_r3zm,combined,stressid
0,2.9650177e-16,0.37429813,stressid_r3zm,combined,stressid
0,2.7306794e-16,0.39479563,stressid_r3zm,combined,stressid
0,1.8359859e-16,0.49421227,stressid_r3zm,combined,stressid
0,2.9236187e-16,0.38552317,stressid_r3zm,combined,stressid
0,3.0563498e-16,0.36667913,stressid_r3zm,combined,stressid
0,2.7479525e-16,0.4029873,stressid_r3zm,combined,stressid
0,3.1283875e-16,0.37426126,stressid_r3zm,combined,stressid
0,3.454194e-16,0.3430452,stressid_r3zm,combined,stressid
0,2.861913e-16,0.3950019,stressid_r3zm,combined,stressid
0,2.5295826e-16,0.41791046,stressid_r3zm,combined,stressid
0,1.6268912e-16,0.5367198,stressid_r3zm,combined,stressid
0,2.256923e-16,0.45068863,stressid_r3zm,combined,stressid
0,1.7665531e-16,0.59287536,stressid_r3zm,combined,stressid
0,1.5680315e-16,0.54895884,stressid_r3zm,combined,stressid
0,1.551171e-16,0.5647152,stressid_r3zm,combined,stressid
0,2.9966517e-16,0.37129444,stressid_r3zm,combined,stressid
0,2.746632e-16,0.4089835,stressid_r3zm,combined,stressid
0,2.6409468e-16,0.41501907,stressid_r3zm,combined,stressid
0,2.2510247e-16,0.45014778,stressid_r3zm,combined,stressid
0,3.6683544e-16,0.32997075,stressid_r3zm,combined,stressid
0,3.0955047e-16,0.3704163,stressid_r3zm,combined,stressid
0,4.0657523e-16,0.30983043,stressid_r3zm,combined,stressid
0,3.358652e-16,0.37578753,stressid_r3zm,combined,stressid
0,2.7105144e-16,0.41005287,stressid_r3zm,combined,stressid
0,2.0090497e-16,0.49174356,stressid_r3zm,combined,stressid
0,2.1762653e-16,0.47171065,stressid_r3zm,combined,stressid
0,3.425784e-16,0.34179068,stressid_r3zm,combined,stressid
0,2.183808e-16,0.4643597,stressid_r3zm,combined,stressid
0,1.6981e-16,0.545536,stressid_r3zm,combined,stressid
0,1.9756551e-16,0.49971613,stressid_r3zm,combined,stressid
0,2.171232e-16,0.4778212,stressid_r3zm,combined,stressid
0,2.5193552e-16,0.43077108,stressid_r3zm,combined,stressid
0,2.8132474e-16,0.38995025,stressid_r3zm,combined,stressid
0,1.7491188e-16,0.5289015,stressid_r3zm,combined,stressid
0,1.7899217e-16,0.5203856,stressid_r3zm,combined,stressid
0,1.8332984e-16,0.52174884,stressid_r3zm,combined,stressid
0,1.924405e-16,0.50053126,stressid_r3zm,combined,stressid
0,3.3192693e-16,0.35061404,stressid_r3zm,combined,stressid
0,1.8905268e-16,0.51563126,stressid_r3zm,combined,stressid
0,2.7713544e-16,0.40714204,stressid_r3zm,combined,stressid
0,3.136513e-16,0.3660404,stressid_r3zm,combined,stressid
0,3.9618097e-16,0.31945452,stressid_r3zm,combined,stressid
0,5.133675e-16,0.26786944,stressid_r3zm,combined,stressid
0,3.3950033e-16,0.36359173,stressid_r3zm,combined,stressid
0,2.2781414e-16,0.45656115,stressid_r3zm,combined,stressid
0,2.1602687e-16,0.46706486,stressid_r3zm,combined,stressid
0,1.6987738e-16,0.5448941,stressid_r3zm,combined,stressid
0,2.7347136e-16,0.4072574,stressid_r3zm,combined,stressid
0,2.730273e-16,0.4063392,stressid_r3zm,combined,stressid
0,3.2539266e-16,0.35386148,stressid_r3zm,combined,stressid
0,2.8968635e-16,0.39027888,stressid_r3zm,combined,stressid
1,1.0,0.2998811,stressid_r3zm,combined,stressid
1,1.0,0.28021783,stressid_r3zm,combined,stressid
1,1.0,0.31263006,stressid_r3zm,combined,stressid
1,1.0,0.379622,stressid_r3zm,combined,stressid
1,1.0,0.44978234,stressid_r3zm,combined,stressid
1,1.0,0.40838447,stressid_r3zm,combined,stressid
1,1.0,0.41648528,stressid_r3zm,combined,stressid
1,1.0,0.41601047,stressid_r3zm,combined,stressid
1,1.0,0.35435757,stressid_r3zm,combined,stressid
1,1.0,0.4355957,stressid_r3zm,combined,stressid
1,1.0,0.2947623,stressid_r3zm,combined,stressid
1,1.0,0.2695864,stressid_r3zm,combined,stressid
1,1.0,0.30593506,stressid_r3zm,combined,stressid
1,1.0,0.3881328,stressid_r3zm,combined,stressid
1,1.0,0.33159733,stressid_r3zm,combined,stressid
1,1.0,0.35822353,stressid_r3zm,combined,stressid
1,1.0,0.39935535,stressid_r3zm,combined,stressid
1,1.0,0.31439853,stressid_r3zm,combined,stressid
1,1.0,0.32824272,stressid_r3zm,combined,stressid
1,1.0,0.35494593,stressid_r3zm,combined,stressid
1,1.0,0.33971965,stressid_r3zm,combined,stressid
1,1.0,0.36631623,stressid_r3zm,combined,stressid
1,1.0,0.3526012,stressid_r3zm,combined,stressid
1,1.0,0.27640262,stressid_r3zm,combined,stressid
1,1.0,0.32586282,stressid_r3zm,combined,stressid
1,1.0,0.34763962,stressid_r3zm,combined,stressid
1,1.0,0.3695411,stressid_r3zm,combined,stressid
1,1.0,0.4597964,stressid_r3zm,combined,stressid
1,1.0,0.37289163,stressid_r3zm,combined,stressid
1,1.0,0.43384895,stressid_r3zm,combined,stressid
1,1.0,0.31604812,stressid_r3zm,combined,stressid
1,1.0,0.2875988,stressid_r3zm,combined,stressid
1,1.0,0.3685046,stressid_r3zm,combined,stressid
1,1.0,0.41085064,stressid_r3zm,combined,stressid
1,1.0,0.4047127,stressid_r3zm,combined,stressid
1,1.0,0.4444128,stressid_r3zm,combined,stressid
1,1.0,0.39505002,stressid_r3zm,combined,stressid
1,1.0,0.39582467,stressid_r3zm,combined,stressid
1,1.0,0.36753687,stressid_r3zm,combined,stressid
1,1.0,0.3643214,stressid_r3zm,combined,stressid
1,1.0,0.30444837,stressid_r3zm,combined,stressid
1,1.0,0.270404,stressid_r3zm,combined,stressid
1,1.0,0.24195135,stressid_r3zm,combined,stressid
1,1.0,0.24335323,stressid_r3zm,combined,stressid
1,1.0,0.22254558,stressid_r3zm,combined,stressid
1,1.0,0.27632496,stressid_r3zm,combined,stressid
1,1.0,0.2756702,stressid_r3zm,combined,stressid
1,1.0,0.2575845,stressid_r3zm,combined,stressid
1,1.0,0.27939838,stressid_r3zm,combined,stressid
1,1.0,0.35243943,stressid_r3zm,combined,stressid
1,1.0,0.38751283,stressid_r3zm,combined,stressid
1,1.0,0.31804785,stressid_r3zm,combined,stressid
1,1.0,0.3090361,stressid_r3zm,combined,stressid
1,1.0,0.32019597,stressid_r3zm,combined,stressid
1,1.0,0.28410304,stressid_r3zm,combined,stressid
1,1.0,0.2498871,stressid_r3zm,combined,stressid
1,1.0,0.33660996,stressid_r3zm,combined,stressid
1,1.0,0.31395423,stressid_r3zm,combined,stressid
1,1.0,0.42683434,stressid_r3zm,combined,stressid
1,1.0,0.3288971,stressid_r3zm,combined,stressid
1,1.0,0.3105525,stressid_r3zm,combined,stressid
1,1.0,0.32124674,stressid_r3zm,combined,stressid
1,1.0,0.34229168,stressid_r3zm,combined,stressid
1,1.0,0.40227005,stressid_r3zm,combined,stressid
1,1.0,0.29617554,stressid_r3zm,combined,stressid
1,1.0,0.2857432,stressid_r3zm,combined,stressid
1,1.0,0.3032794,stressid_r3zm,combined,stressid
1,1.0,0.26086462,stressid_r3zm,combined,stressid
1,1.0,0.3655935,stressid_r3zm,combined,stressid
1,1.0,0.38012278,stressid_r3zm,combined,stressid
1,1.0,0.36548588,stressid_r3zm,combined,stressid
1,1.0,0.34684205,stressid_r3zm,combined,stressid
1,1.0,0.41752914,stressid_r3zm,combined,stressid
1,1.0,0.4363624,stressid_r3zm,combined,stressid
1,1.0,0.34272572,stressid_r3zm,combined,stressid
1,1.0,0.37074605,stressid_r3zm,combined,stressid
1,1.0,0.2621309,stressid_r3zm,combined,stressid
1,1.0,0.3670201,stressid_r3zm,combined,stressid
1,1.0,0.3252186,stressid_r3zm,combined,stressid
1,1.0,0.32751825,stressid_r3zm,combined,stressid
1,1.0,0.34067783,stressid_r3zm,combined,stressid
1,1.0,0.34527978,stressid_r3zm,combined,stressid
1,1.0,0.39532566,stressid_r3zm,combined,stressid
1,1.0,0.44018808,stressid_r3zm,combined,stressid
1,1.0,0.35690325,stressid_r3zm,combined,stressid
1,1.0,0.33125436,stressid_r3zm,combined,stressid
1,1.0,0.35504925,stressid_r3zm,combined,stressid
1,1.0,0.312693,stressid_r3zm,combined,stressid
1,1.0,0.37813497,stressid_r3zm,combined,stressid
1,1.0,0.3413096,stressid_r3zm,combined,stressid
1,1.0,0.36785772,stressid_r3zm,combined,stressid
1,1.0,0.36159977,stressid_r3zm,combined,stressid
1,1.0,0.3161418,stressid_r3zm,combined,stressid
1,1.0,0.39225885,stressid_r3zm,combined,stressid
1,1.0,0.35649517,stressid_r3zm,combined,stressid
0,2.7051225e-16,0.39993158,stressid_r3zm,combined,stressid
0,2.49954e-16,0.4204528,stressid_r3zm,combined,stressid
0,2.1471073e-16,0.45210552,stressid_r3zm,combined,stressid
0,1.4466669e-16,0.5573388,stressid_r3zm,combined,stressid
0,1.4251079e-16,0.5592182,stressid_r3zm,combined,stressid
0,1.8097016e-16,0.49372825,stressid_r3zm,combined,stressid
0,1.7429909e-16,0.5037351,stressid_r3zm,combined,stressid
0,2.1970352e-16,0.44119433,stressid_r3zm,combined,stressid
0,1.9687486e-16,0.47210738,stressid_r3zm,combined,stressid
0,2.1357363e-16,0.45874783,stressid_r3zm,combined,stressid
0,1.643195e-16,0.5229714,stressid_r3zm,combined,stressid
0,2.3287254e-16,0.43209445,stressid_r3zm,combined,stressid
0,2.437348e-16,0.42135838,stressid_r3zm,combined,stressid
0,2.4732293e-16,0.41957495,stressid_r3zm,combined,stressid
0,2.370854e-16,0.42415205,stressid_r3zm,combined,stressid
0,2.8365016e-16,0.3879802,stressid_r3zm,combined,stressid
0,2.5494419e-16,0.41736338,stressid_r3zm,combined,stressid
0,2.9348373e-16,0.37629327,stressid_r3zm,combined,stressid
0,3.0641713e-16,0.36585236,stressid_r3zm,combined,stressid
0,2.2334647e-16,0.43990862,stressid_r3zm,combined,stressid
0,2.3653075e-16,0.42826474,stressid_r3zm,combined,stressid
0,2.4594086e-16,0.41589943,stressid_r3zm,combined,stressid
0,2.6907346e-16,0.4204365,stressid_r3zm,combined,stressid
0,1.7510413e-16,0.5040425,stressid_r3zm,combined,stressid
0,2.6927884e-16,0.42719248,stressid_r3zm,combined,stressid
0,2.458433e-16,0.4408181,stressid_r3zm,combined,stressid
0,2.2135237e-16,0.47784868,stressid_r3zm,combined,stressid
0,2.8839632e-16,0.42623994,stressid_r3zm,combined,stressid
0,2.5011612e-16,0.43050364,stressid_r3zm,combined,stressid
0,2.4928743e-16,0.4313963,stressid_r3zm,combined,stressid
0,2.043648e-16,0.4914769,stressid_r3zm,combined,stressid
0,1.7634829e-16,0.5290381,stressid_r3zm,combined,stressid
0,1.7868859e-16,0.52072984,stressid_r3zm,combined,stressid
0,1.729064e-16,0.5318957,stressid_r3zm,combined,stressid
0,2.2123672e-16,0.44625795,stressid_r3zm,combined,stressid
0,1.7384024e-16,0.5399789,stressid_r3zm,combined,stressid
0,1.8296793e-16,0.5133013,stressid_r3zm,combined,stressid
0,2.2205096e-16,0.45719278,stressid_r3zm,combined,stressid
0,2.0986661e-16,0.47890964,stressid_r3zm,combined,stressid
0,2.862983e-16,0.43869635,stressid_r3zm,combined,stressid
0,2.81475e-16,0.4525665,stressid_r3zm,combined,stressid
0,2.8106086e-16,0.4396192,stressid_r3zm,combined,stressid
0,2.2313953e-16,0.46566367,stressid_r3zm,combined,stressid
0,2.3777194e-16,0.43970254,stressid_r3zm,combined,stressid
0,2.1575427e-16,0.45615032,stressid_r3zm,combined,stressid
0,1.6049957e-16,0.53055614,stressid_r3zm,combined,stressid
0,1.7005892e-16,0.5144119,stressid_r3zm,combined,stressid
0,1.6831765e-16,0.52010393,stressid_r3zm,combined,stressid
0,1.2705961e-16,0.6239259,stressid_r3zm,combined,stressid
0,1.0,0.28821906,stressid_r3zm,combined,stressid
0,1.0,0.32561845,stressid_r3zm,combined,stressid
0,1.0,0.3375409,stressid_r3zm,combined,stressid
0,1.0,0.29870296,stressid_r3zm,combined,stressid
0,1.0,0.25467524,stressid_r3zm,combined,stressid
0,1.0,0.29424456,stressid_r3zm,combined,stressid
0,1.0,0.3041061,stressid_r3zm,combined,stressid
0,1.0,0.34010553,stressid_r3zm,combined,stressid
0,1.0,0.25189233,stressid_r3zm,combined,stressid
0,1.0,0.24419187,stressid_r3zm,combined,stressid
0,1.0,0.25728828,stressid_r3zm,combined,stressid
0,1.0,0.4233807,stressid_r3zm,combined,stressid
0,1.0,0.24068879,stressid_r3zm,combined,stressid
0,1.0,0.34467316,stressid_r3zm,combined,stressid
0,1.0,0.29235387,stressid_r3zm,combined,stressid
0,1.0,0.24360159,stressid_r3zm,combined,stressid
0,1.0,0.26293862,stressid_r3zm,combined,stressid
0,1.0,0.33936346,stressid_r3zm,combined,stressid
0,1.0,0.338234,stressid_r3zm,combined,stressid
1,1.0,0.33397126,stressid_r3zm,combined,stressid
1,1.0,0.3215279,stressid_r3zm,combined,stressid
1,1.0,0.3094618,stressid_r3zm,combined,stressid
1,1.0,0.32180604,stressid_r3zm,combined,stressid
1,1.0,0.3199786,stressid_r3zm,combined,stressid
1,1.0,0.30846244,stressid_r3zm,combined,stressid
1,1.0,0.25386766,stressid_r3zm,combined,stressid
1,1.0,0.25217813,stressid_r3zm,combined,stressid
1,1.0,0.30822453,stressid_r3zm,combined,stressid
1,1.0,0.3115417,stressid_r3zm,combined,stressid
1,1.0,0.25797093,stressid_r3zm,combined,stressid
1,1.0,0.33098885,stressid_r3zm,combined,stressid
1,1.0,0.26441574,stressid_r3zm,combined,stressid
1,1.0,0.23496959,stressid_r3zm,combined,stressid
1,1.0,0.31344438,stressid_r3zm,combined,stressid
1,1.0,0.31034684,stressid_r3zm,combined,stressid
1,1.0,0.26734152,stressid_r3zm,combined,stressid
1,1.0,0.32949996,stressid_r3zm,combined,stressid
1,1.0,0.3285835,stressid_r3zm,combined,stressid
1,4.3696598e-16,0.28879094,stressid_r3zm,combined,stressid
1,2.784399e-16,0.38803223,stressid_r3zm,combined,stressid
1,2.5443313e-16,0.4129846,stressid_r3zm,combined,stressid
1,3.1612095e-16,0.3567647,stressid_r3zm,combined,stressid
1,4.560519e-16,0.2792048,stressid_r3zm,combined,stressid
1,5.038165e-16,0.26043895,stressid_r3zm,combined,stressid
1,4.895766e-16,0.2652466,stressid_r3zm,combined,stressid
1,4.902662e-16,0.26500595,stressid_r3zm,combined,stressid
1,5.136045e-16,0.25703472,stressid_r3zm,combined,stressid
1,5.3651453e-16,0.25013697,stressid_r3zm,combined,stressid
1,5.093239e-16,0.2587249,stressid_r3zm,combined,stressid
1,5.26547e-16,0.25302485,stressid_r3zm,combined,stressid
1,2.7567616e-16,0.39086333,stressid_r3zm,combined,stressid
1,5.090267e-16,0.2585713,stressid_r3zm,combined,stressid
1,4.787138e-16,0.27015582,stressid_r3zm,combined,stressid
1,3.327408e-16,0.34508416,stressid_r3zm,combined,stressid
1,2.7298776e-16,0.39225066,stressid_r3zm,combined,stressid
1,2.669958e-16,0.39610803,stressid_r3zm,combined,stressid
1,2.5579365e-16,0.40173462,stressid_r3zm,combined,stressid
1,2.2231878e-16,0.43905413,stressid_r3zm,combined,stressid
1,2.2003986e-16,0.44285023,stressid_r3zm,combined,stressid
1,2.4895672e-16,0.4128576,stressid_r3zm,combined,stressid
1,2.721393e-16,0.40582177,stressid_r3zm,combined,stressid
1,2.8492007e-16,0.3838234,stressid_r3zm,combined,stressid
1,2.4824357e-16,0.41323796,stressid_r3zm,combined,stressid
1,2.622615e-16,0.3983244,stressid_r3zm,combined,stressid
1,2.73463e-16,0.3881215,stressid_r3zm,combined,stressid
1,3.1017693e-16,0.3862972,stressid_r3zm,combined,stressid
1,3.0893703e-16,0.38753122,stressid_r3zm,combined,stressid
1,3.0694243e-16,0.38977942,stressid_r3zm,combined,stressid
1,3.076481e-16,0.38910958,stressid_r3zm,combined,stressid
1,3.6043253e-16,0.3499211,stressid_r3zm,combined,stressid
1,2.6319757e-16,0.43445083,stressid_r3zm,combined,stressid
1,2.8334737e-16,0.43435794,stressid_r3zm,combined,stressid
1,2.9037896e-16,0.3782756,stressid_r3zm,combined,stressid
1,4.1142434e-16,0.33911157,stressid_r3zm,combined,stressid
1,5.215931e-16,0.27598765,stressid_r3zm,combined,stressid
1,4.1654253e-16,0.30826318,stressid_r3zm,combined,stressid
1,1.8838176e-16,0.5077684,stressid_r3zm,combined,stressid
1,2.7687654e-16,0.44449767,stressid_r3zm,combined,stressid
1,2.7438256e-16,0.44942108,stressid_r3zm,combined,stressid
1,2.3535618e-16,0.44372308,stressid_r3zm,combined,stressid
1,2.281838e-16,0.45057702,stressid_r3zm,combined,stressid
1,3.3739845e-16,0.36820066,stressid_r3zm,combined,stressid
1,1.9200933e-16,0.50296366,stressid_r3zm,combined,stressid
1,2.889976e-16,0.38011193,stressid_r3zm,combined,stressid
1,2.0564262e-16,0.4956658,stressid_r3zm,combined,stressid
1,3.143856e-16,0.38104916,stressid_r3zm,combined,stressid
1,3.0037702e-16,0.40080395,stressid_r3zm,combined,stressid
1,3.0754718e-16,0.38400167,stressid_r3zm,combined,stressid
1,3.0832013e-16,0.3830033,stressid_r3zm,combined,stressid
1,3.0857778e-16,0.3832456,stressid_r3zm,combined,stressid
1,3.1413024e-16,0.37844557,stressid_r3zm,combined,stressid
1,2.8844254e-16,0.38188866,stressid_r3zm,combined,stressid
1,1.8232763e-16,0.4957928,stressid_r3zm,combined,stressid
1,2.228554e-16,0.4452831,stressid_r3zm,combined,stressid
1,2.618037e-16,0.40468547,stressid_r3zm,combined,stressid
1,1.4023181e-16,0.59072447,stressid_r3zm,combined,stressid
1,1.8477758e-16,0.48981145,stressid_r3zm,combined,stressid
1,2.9983442e-16,0.370016,stressid_r3zm,combined,stressid
1,2.622615e-16,0.39983687,stressid_r3zm,combined,stressid
1,2.6776691e-16,0.40208185,stressid_r3zm,combined,stressid
1,2.6748514e-16,0.4039869,stressid_r3zm,combined,stressid
1,1.9352413e-16,0.48391172,stressid_r3zm,combined,stressid
1,2.2563033e-16,0.4471679,stressid_r3zm,combined,stressid
1,1.2611316e-16,0.6104094,stressid_r3zm,combined,stressid
1,2.5400255e-16,0.41183704,stressid_r3zm,combined,stressid
1,1.9687337e-16,0.4864608,stressid_r3zm,combined,stressid
1,2.5211727e-16,0.42407316,stressid_r3zm,combined,stressid
1,1.4931129e-16,0.5562752,stressid_r3zm,combined,stressid
1,4.9545715e-16,0.27009192,stressid_r3zm,combined,stressid
1,5.520102e-16,0.24849021,stressid_r3zm,combined,stressid
1,5.376414e-16,0.2533691,stressid_r3zm,combined,stressid
1,5.392517e-16,0.25284013,stressid_r3zm,combined,stressid
1,4.980628e-16,0.26735148,stressid_r3zm,combined,stressid
1,4.5534787e-16,0.30928385,stressid_r3zm,combined,stressid
1,4.611268e-16,0.31151485,stressid_r3zm,combined,stressid
1,3.6059066e-16,0.33875912,stressid_r3zm,combined,stressid
1,3.7936176e-16,0.3300733,stressid_r3zm,combined,stressid
1,3.843464e-16,0.3262647,stressid_r3zm,combined,stressid
1,2.8728404e-16,0.3899376,stressid_r3zm,combined,stressid
1,3.6941367e-16,0.33427414,stressid_r3zm,combined,stressid
1,4.956292e-16,0.2719348,stressid_r3zm,combined,stressid
1,3.6730872e-16,0.36186132,stressid_r3zm,combined,stressid
1,2.094683e-16,0.47338417,stressid_r3zm,combined,stressid
1,1.8165212e-16,0.5208312,stressid_r3zm,combined,stressid
1,2.8294987e-16,0.4404607,stressid_r3zm,combined,stressid
1,2.8334523e-16,0.44051272,stressid_r3zm,combined,stressid
1,2.826381e-16,0.44005415,stressid_r3zm,combined,stressid
1,2.902682e-16,0.38118914,stressid_r3zm,combined,stressid
1,2.4232657e-16,0.4212897,stressid_r3zm,combined,stressid
1,1.7574656e-16,0.5089998,stressid_r3zm,combined,stressid
1,3.1231886e-16,0.37014636,stressid_r3zm,combined,stressid
1,2.6767498e-16,0.40370876,stressid_r3zm,combined,stressid
1,2.8274487e-16,0.38249436,stressid_r3zm,combined,stressid
0,0.000106265994,0.569035,stressid_y9z6,combined,stressid
0,9.677226e-05,0.560296,stressid_y9z6,combined,stressid
0,0.00010473426,0.551284,stressid_y9z6,combined,stressid
0,0.00010133575,0.5477523,stressid_y9z6,combined,stressid
0,0.00010881616,0.52897793,stressid_y9z6,combined,stressid
0,9.130425e-05,0.5770102,stressid_y9z6,combined,stressid
0,8.819083e-05,0.5802033,stressid_y9z6,combined,stressid
0,0.00011408561,0.50547296,stressid_y9z6,combined,stressid
0,0.00013599067,0.49743307,stressid_y9z6,combined,stressid
0,0.00014526835,0.49906904,stressid_y9z6,combined,stressid
0,0.00016106131,0.47799426,stressid_y9z6,combined,stressid
0,0.00010204917,0.5462253,stressid_y9z6,combined,stressid
0,0.000102252845,0.5359276,stressid_y9z6,combined,stressid
0,8.5053354e-05,0.5750979,stressid_y9z6,combined,stressid
0,6.99826e-05,0.60415065,stressid_y9z6,combined,stressid
0,6.657556e-05,0.6087867,stressid_y9z6,combined,stressid
0,6.708271e-05,0.6065084,stressid_y9z6,combined,stressid
0,0.00010803823,0.5313556,stressid_y9z6,combined,stressid
0,9.886157e-05,0.54134154,stressid_y9z6,combined,stressid
0,9.50233e-05,0.5574082,stressid_y9z6,combined,stressid
0,7.6669334e-05,0.5919482,stressid_y9z6,combined,stressid
0,8.4629915e-05,0.5681149,stressid_y9z6,combined,stressid
0,6.554003e-05,0.605529,stressid_y9z6,combined,stressid
0,9.4814764e-05,0.5575284,stressid_y9z6,combined,stressid
0,5.940287e-05,0.6191692,stressid_y9z6,combined,stressid
0,7.737657e-05,0.57908666,stressid_y9z6,combined,stressid
0,0.00013880902,0.49809197,stressid_y9z6,combined,stressid
0,9.696255e-05,0.5560098,stressid_y9z6,combined,stressid
0,4.8593432e-05,0.65580213,stressid_y9z6,combined,stressid
0,0.00015661545,0.4816692,stressid_y9z6,combined,stressid
0,0.00020525178,0.4279072,stressid_y9z6,combined,stressid
0,0.00014871733,0.49215317,stressid_y9z6,combined,stressid
0,0.00016522386,0.47142425,stressid_y9z6,combined,stressid
0,0.00019210693,0.44005832,stressid_y9z6,combined,stressid
0,9.502783e-05,0.55911624,stressid_y9z6,combined,stressid
0,0.00017086904,0.46298283,stressid_y9z6,combined,stressid
0,0.00010752147,0.55859494,stressid_y9z6,combined,stressid
0,0.00010115048,0.5712008,stressid_y9z6,combined,stressid
0,0.00012614806,0.5253375,stressid_y9z6,combined,stressid
0,0.0001213102,0.53283536,stressid_y9z6,combined,stressid
0,0.00015382971,0.4840099,stressid_y9z6,combined,stressid
0,0.00013933469,0.50377107,stressid_y9z6,combined,stressid
0,0.00011525813,0.54271656,stressid_y9z6,combined,stressid
0,0.00015587381,0.4812802,stressid_y9z6,combined,stressid
0,0.00014569245,0.49468598,stressid_y9z6,combined,stressid
0,0.0001101029,0.52219903,stressid_y9z6,combined,stressid
0,0.00014787285,0.49188685,stressid_y9z6,combined,stressid
0,0.00017077358,0.46291012,stressid_y9z6,combined,stressid
0,0.00016661432,0.46758732,stressid_y9z6,combined,stressid
0,0.00014077916,0.50174266,stressid_y9z6,combined,stressid
0,0.00016815015,0.4662476,stressid_y9z6,combined,stressid
0,0.00019298929,0.4392118,stressid_y9z6,combined,stressid
0,0.00019515878,0.437225,stressid_y9z6,combined,stressid
0,0.00014818991,0.49344996,stressid_y9z6,combined,stressid
0,0.00018339175,0.45039618,stressid_y9z6,combined,stressid
0,0.0001100647,0.53299034,stressid_y9z6,combined,stressid
0,0.00011165298,0.5384147,stressid_y9z6,combined,stressid
0,0.00015171863,0.4826689,stressid_y9z6,combined,stressid
0,0.00010573534,0.5447375,stressid_y9z6,combined,stressid
1,0.17295846,0.25693512,stressid_y9z6,combined,stressid
1,0.9973894,0.4450398,stressid_y9z6,combined,stressid
1,0.73709965,0.26422137,stressid_y9z6,combined,stressid
1,0.4055387,0.23711208,stressid_y9z6,combined,stressid
1,0.23820165,0.23358822,stressid_y9z6,combined,stressid
1,0.2769516,0.26826146,stressid_y9z6,combined,stressid
1,0.9595147,0.36715823,stressid_y9z6,combined,stressid
1,0.98941785,0.33087617,stressid_y9z6,combined,stressid
1,0.73684675,0.30740353,stressid_y9z6,combined,stressid
1,0.40299508,0.25738817,stressid_y9z6,combined,stressid
1,0.99563223,0.37665552,stressid_y9z6,combined,stressid
1,0.99742573,0.4059523,stressid_y9z6,combined,stressid
1,0.4287906,0.24539267,stressid_y9z6,combined,stressid
1,0.942468,0.24612689,stressid_y9z6,combined,stressid
1,0.39322773,0.23826861,stressid_y9z6,combined,stressid
1,0.66650736,0.26586506,stressid_y9z6,combined,stressid
1,0.6171661,0.26864848,stressid_y9z6,combined,stressid
1,0.21061617,0.28035772,stressid_y9z6,combined,stressid
1,0.48035315,0.2741115,stressid_y9z6,combined,stressid
1,0.49346045,0.31251302,stressid_y9z6,combined,stressid
1,0.40682423,0.33694917,stressid_y9z6,combined,stressid
1,0.4371857,0.28834635,stressid_y9z6,combined,stressid
1,0.9989095,0.3127349,stressid_y9z6,combined,stressid
1,0.99682605,0.39323494,stressid_y9z6,combined,stressid
1,0.9960705,0.34255025,stressid_y9z6,combined,stressid
1,0.73923105,0.29996458,stressid_y9z6,combined,stressid
1,0.87905675,0.32035527,stressid_y9z6,combined,stressid
1,0.9989222,0.3371381,stressid_y9z6,combined,stressid
1,0.9980959,0.3614289,stressid_y9z6,combined,stressid
1,0.99870515,0.35025263,stressid_y9z6,combined,stressid
1,0.995974,0.4386835,stressid_y9z6,combined,stressid
1,0.9992631,0.37920997,stressid_y9z6,combined,stressid
1,0.99953425,0.2830468,stressid_y9z6,combined,stressid
1,0.99507755,0.29563186,stressid_y9z6,combined,stressid
1,0.68847907,0.25092137,stressid_y9z6,combined,stressid
1,0.5026659,0.23674764,stressid_y9z6,combined,stressid
1,0.7084814,0.26245221,stressid_y9z6,combined,stressid
1,0.45083508,0.26571813,stressid_y9z6,combined,stressid
0,0.21495777,0.23159403,stressid_y9z6,combined,stressid
0,0.23761657,0.22123197,stressid_y9z6,combined,stressid
0,0.15587457,0.25893587,stressid_y9z6,combined,stressid
0,0.15907313,0.24512868,stressid_y9z6,combined,stressid
0,0.22036329,0.2555173,stressid_y9z6,combined,stressid
0,0.43244398,0.27913243,stressid_y9z6,combined,stressid
0,0.19949797,0.25768656,stressid_y9z6,combined,stressid
0,0.31103936,0.25877678,stressid_y9z6,combined,stressid
0,0.95703197,0.26092884,stressid_y9z6,combined,stressid
0,0.32717645,0.24387397,stressid_y9z6,combined,stressid
0,0.32106367,0.20543179,stressid_y9z6,combined,stressid
0,0.2642667,0.22727709,stressid_y9z6,combined,stressid
0,0.21430257,0.22298992,stressid_y9z6,combined,stressid
0,0.48075253,0.28779113,stressid_y9z6,combined,stressid
0,0.9897629,0.39449522,stressid_y9z6,combined,stressid
0,0.6361698,0.33592406,stressid_y9z6,combined,stressid
0,0.31239468,0.3055457,stressid_y9z6,combined,stressid
0,0.22459644,0.29697233,stressid_y9z6,combined,stressid
0,0.21473382,0.30190057,stressid_y9z6,combined,stressid
1,0.8964766,0.3516037,stressid_y9z6,combined,stressid
1,0.9981236,0.40353212,stressid_y9z6,combined,stressid
1,0.58844274,0.36896253,stressid_y9z6,combined,stressid
1,0.3044848,0.2611363,stressid_y9z6,combined,stressid
1,0.7183875,0.2743654,stressid_y9z6,combined,stressid
1,0.838442,0.30095634,stressid_y9z6,combined,stressid
1,0.99140596,0.3525221,stressid_y9z6,combined,stressid
1,0.99830854,0.31489348,stressid_y9z6,combined,stressid
1,0.9991702,0.34027135,stressid_y9z6,combined,stressid
1,0.99821556,0.3521511,stressid_y9z6,combined,stressid
1,0.63634497,0.3060483,stressid_y9z6,combined,stressid
1,0.99638957,0.4006612,stressid_y9z6,combined,stressid
1,0.9915496,0.21888249,stressid_y9z6,combined,stressid
1,0.3754457,0.2598403,stressid_y9z6,combined,stressid
1,0.5345908,0.2960195,stressid_y9z6,combined,stressid
1,0.69944227,0.305071,stressid_y9z6,combined,stressid
1,0.976767,0.3749394,stressid_y9z6,combined,stressid
1,0.40520227,0.34676412,stressid_y9z6,combined,stressid
1,0.8204858,0.39579096,stressid_y9z6,combined,stressid
0,0.2448422,0.28580755,stressid_y9z6,combined,stressid
0,0.18652819,0.35748604,stressid_y9z6,combined,stressid
0,0.14678805,0.2925673,stressid_y9z6,combined,stressid
0,0.23458748,0.25547764,stressid_y9z6,combined,stressid
0,0.22606435,0.2574923,stressid_y9z6,combined,stressid
0,0.1748389,0.24646854,stressid_y9z6,combined,stressid
0,0.1790242,0.24810927,stressid_y9z6,combined,stressid
0,0.18566702,0.2217578,stressid_y9z6,combined,stressid
0,0.6699836,0.26440495,stressid_y9z6,combined,stressid
0,0.92879087,0.33762866,stressid_y9z6,combined,stressid
0,0.60295165,0.30907744,stressid_y9z6,combined,stressid
0,0.19763769,0.30996385,stressid_y9z6,combined,stressid
0,0.20852917,0.27339935,stressid_y9z6,combined,stressid
0,0.18808657,0.3125537,stressid_y9z6,combined,stressid
0,0.6631625,0.3458936,stressid_y9z6,combined,stressid
0,0.9992113,0.3888324,stressid_y9z6,combined,stressid
0,0.99343395,0.35595915,stressid_y9z6,combined,stressid
0,0.20793553,0.3136406,stressid_y9z6,combined,stressid
0,0.16883495,0.29561156,stressid_y9z6,combined,stressid
0,5.064453e-05,0.6576492,stressid_y9z6,combined,stressid
0,4.301048e-05,0.67218035,stressid_y9z6,combined,stressid
0,0.0001370396,0.4711507,stressid_y9z6,combined,stressid
0,0.0001398142,0.46711656,stressid_y9z6,combined,stressid
0,0.000102969076,0.53025675,stressid_y9z6,combined,stressid
0,8.9061905e-05,0.5623553,stressid_y9z6,combined,stressid
0,5.7715795e-05,0.65749025,stressid_y9z6,combined,stressid
0,7.18835e-05,0.617604,stressid_y9z6,combined,stressid
0,6.429704e-05,0.6399389,stressid_y9z6,combined,stressid
0,7.22064e-05,0.6166248,stressid_y9z6,combined,stressid
0,9.071931e-05,0.5728322,stressid_y9z6,combined,stressid
0,7.738653e-05,0.61119294,stressid_y9z6,combined,stressid
0,3.9041417e-05,0.6927158,stressid_y9z6,combined,stressid
0,7.315976e-05,0.6188447,stressid_y9z6,combined,stressid
0,9.297351e-05,0.5689003,stressid_y9z6,combined,stressid
0,0.00017614754,0.44422218,stressid_y9z6,combined,stressid
0,0.00022685339,0.3884073,stressid_y9z6,combined,stressid
0,0.00023914494,0.37793946,stressid_y9z6,combined,stressid
0,0.0002559918,0.36030436,stressid_y9z6,combined,stressid
0,0.00027614104,0.3331419,stressid_y9z6,combined,stressid
0,0.00023873308,0.3680718,stressid_y9z6,combined,stressid
0,0.00023036347,0.3816305,stressid_y9z6,combined,stressid
0,0.00037023795,0.30781546,stressid_y9z6,combined,stressid
0,4.2021114e-05,0.6834126,stressid_y9z6,combined,stressid
0,0.00041209668,0.28121278,stressid_y9z6,combined,stressid
0,0.00038493503,0.2980272,stressid_y9z6,combined,stressid
0,0.00036516122,0.31141698,stressid_y9z6,combined,stressid
0,0.00033329468,0.33487198,stressid_y9z6,combined,stressid
0,0.00022281517,0.4133792,stressid_y9z6,combined,stressid
0,0.00028779695,0.3651531,stressid_y9z6,combined,stressid
0,0.0003451928,0.3267385,stressid_y9z6,combined,stressid
0,0.00038240018,0.29953802,stressid_y9z6,combined,stressid
0,0.00041051774,0.28246054,stressid_y9z6,combined,stressid
0,0.00033551804,0.3320707,stressid_y9z6,combined,stressid
0,4.4219923e-05,0.6796014,stressid_y9z6,combined,stressid
0,0.00012366078,0.53143334,stressid_y9z6,combined,stressid
0,0.00017149745,0.46539754,stressid_y9z6,combined,stressid
0,0.00033437772,0.3345789,stressid_y9z6,combined,stressid
0,0.00034887088,0.32300723,stressid_y9z6,combined,stressid
0,0.00034167335,0.3287693,stressid_y9z6,combined,stressid
0,0.00037385907,0.3063927,stressid_y9z6,combined,stressid
0,0.00033353845,0.334298,stressid_y9z6,combined,stressid
0,0.00032960114,0.33793506,stressid_y9z6,combined,stressid
0,0.00034440128,0.32660192,stressid_y9z6,combined,stressid
0,6.2673374e-05,0.6170863,stressid_y9z6,combined,stressid
0,6.092153e-05,0.62605655,stressid_y9z6,combined,stressid
0,0.00014989813,0.46642947,stressid_y9z6,combined,stressid
0,0.00017367111,0.4250247,stressid_y9z6,combined,stressid
0,0.00014578651,0.46030048,stressid_y9z6,combined,stressid
1,0.41308087,0.31047535,stressid_y9z6,combined,stressid
1,0.3728929,0.30725986,stressid_y9z6,combined,stressid
1,0.289047,0.27276888,stressid_y9z6,combined,stressid
1,0.39456868,0.26700398,stressid_y9z6,combined,stressid
1,0.5752108,0.26751044,stressid_y9z6,combined,stressid
1,0.7998788,0.29548264,stressid_y9z6,combined,stressid
1,0.9792819,0.29238623,stressid_y9z6,combined,stressid
1,0.996198,0.33274046,stressid_y9z6,combined,stressid
1,0.72747993,0.29053754,stressid_y9z6,combined,stressid
1,0.5561319,0.2674386,stressid_y9z6,combined,stressid
1,0.78524226,0.3024793,stressid_y9z6,combined,stressid
1,0.37582713,0.32432607,stressid_y9z6,combined,stressid
1,0.36481577,0.29092875,stressid_y9z6,combined,stressid
1,0.38292053,0.23052742,stressid_y9z6,combined,stressid
1,0.9989097,0.25503686,stressid_y9z6,combined,stressid
1,0.9994678,0.3015891,stressid_y9z6,combined,stressid
1,0.9972078,0.32997295,stressid_y9z6,combined,stressid
1,0.9973997,0.30684346,stressid_y9z6,combined,stressid
1,0.19992422,0.28961307,stressid_y9z6,combined,stressid
1,0.47202012,0.28638107,stressid_y9z6,combined,stressid
1,0.8499026,0.33700028,stressid_y9z6,combined,stressid
1,0.974813,0.3171418,stressid_y9z6,combined,stressid
1,0.5070831,0.27256185,stressid_y9z6,combined,stressid
1,0.295605,0.23943114,stressid_y9z6,combined,stressid
1,0.2968654,0.2401347,stressid_y9z6,combined,stressid
1,0.27881718,0.24475221,stressid_y9z6,combined,stressid
1,0.24353485,0.25132516,stressid_y9z6,combined,stressid
1,0.31334665,0.24341136,stressid_y9z6,combined,stressid
1,0.31861347,0.24124761,stressid_y9z6,combined,stressid
1,0.19736554,0.23179913,stressid_y9z6,combined,stressid
1,0.76599437,0.32893968,stressid_y9z6,combined,stressid
1,0.28805596,0.29333076,stressid_y9z6,combined,stressid
1,0.93062645,0.28350076,stressid_y9z6,combined,stressid
1,0.99720854,0.2845818,stressid_y9z6,combined,stressid
1,0.9982222,0.34561396,stressid_y9z6,combined,stressid
1,0.9868139,0.46022078,stressid_y9z6,combined,stressid
1,0.69023275,0.3790524,stressid_y9z6,combined,stressid
1,0.83487654,0.37471083,stressid_y9z6,combined,stressid
1,0.00022275528,0.40257615,stressid_y9z6,combined,stressid
1,0.00029504683,0.3507208,stressid_y9z6,combined,stressid
1,9.026713e-05,0.5688756,stressid_y9z6,combined,stressid
1,0.00012191682,0.5026499,stressid_y9z6,combined,stressid
1,5.341161e-05,0.6607867,stressid_y9z6,combined,stressid
1,6.67968e-05,0.6275993,stressid_y9z6,combined,stressid
1,5.720543e-05,0.64695275,stressid_y9z6,combined,stressid
1,9.854334e-05,0.55461067,stressid_y9z6,combined,stressid
1,0.0001752419,0.4378773,stressid_y9z6,combined,stressid
1,0.00018608998,0.41267934,stressid_y9z6,combined,stressid
1,0.00016137584,0.45023698,stressid_y9z6,combined,stressid
1,0.00020437533,0.41321734,stressid_y9z6,combined,stressid
1,0.00025670105,0.36654127,stressid_y9z6,combined,stressid
1,0.0002608409,0.36431304,stressid_y9z6,combined,stressid
1,0.00024703043,0.36737132,stressid_y9z6,combined,stressid
1,0.00024378103,0.3714096,stressid_y9z6,combined,stressid
1,0.00024155916,0.38282365,stressid_y9z6,combined,stressid
1,0.00019561911,0.4145096,stressid_y9z6,combined,stressid
1,0.00021723806,0.39346594,stressid_y9z6,combined,stressid
1,0.00021973831,0.40116096,stressid_y9z6,combined,stressid
1,0.00023030903,0.38628626,stressid_y9z6,combined,stressid
1,0.00024599867,0.3717534,stressid_y9z6,combined,stressid
1,0.00021969495,0.39670214,stressid_y9z6,combined,stressid
1,0.00019430763,0.40358967,stressid_y9z6,combined,stressid
1,0.00021993452,0.40135294,stressid_y9z6,combined,stressid
1,0.00023433391,0.38251406,stressid_y9z6,combined,stressid
1,0.0001702619,0.44272134,stressid_y9z6,combined,stressid
1,0.00017650549,0.45963952,stressid_y9z6,combined,stressid
1,0.00012270841,0.53273386,stressid_y9z6,combined,stressid
1,9.594383e-05,0.5821815,stressid_y9z6,combined,stressid
1,0.000113983406,0.5465894,stressid_y9z6,combined,stressid
1,0.000116071984,0.5420151,stressid_y9z6,combined,stressid
1,9.793509e-05,0.57809985,stressid_y9z6,combined,stressid
1,9.263219e-05,0.58928615,stressid_y9z6,combined,stressid
1,0.00020060745,0.38990638,stressid_y9z6,combined,stressid
1,0.00011211099,0.550083,stressid_y9z6,combined,stressid
1,0.00048247573,0.24547525,stressid_y9z6,combined,stressid
1,0.0004572695,0.25714356,stressid_y9z6,combined,stressid
1,0.00038032804,0.30083817,stressid_y9z6,combined,stressid
1,0.00037045806,0.30697718,stressid_y9z6,combined,stressid
1,0.000348747,0.32288396,stressid_y9z6,combined,stressid
1,0.00034678137,0.3246463,stressid_y9z6,combined,stressid
1,0.00036895892,0.3083781,stressid_y9z6,combined,stressid
1,0.00036710605,0.30966634,stressid_y9z6,combined,stressid
1,0.0003787372,0.30179408,stressid_y9z6,combined,stressid
1,0.00022110225,0.3751068,stressid_y9z6,combined,stressid
1,0.00038009102,0.3008546,stressid_y9z6,combined,stressid
1,0.00035301046,0.32009262,stressid_y9z6,combined,stressid
1,0.000362555,0.31302425,stressid_y9z6,combined,stressid
1,0.00034989128,0.32235137,stressid_y9z6,combined,stressid
1,0.00035788777,0.3160881,stressid_y9z6,combined,stressid
1,0.0002569131,0.38650504,stressid_y9z6,combined,stressid
1,0.00016638634,0.4702153,stressid_y9z6,combined,stressid
1,0.00022332987,0.3918045,stressid_y9z6,combined,stressid
1,0.0001875553,0.42062265,stressid_y9z6,combined,stressid
1,0.00022735745,0.3820896,stressid_y9z6,combined,stressid
1,0.00024157553,0.3767073,stressid_y9z6,combined,stressid
0,0.00023153514,0.38185447,stressid_y9z6,combined,stressid
0,0.00014900547,0.45179743,stressid_y9z6,combined,stressid
0,0.00014704665,0.47816622,stressid_y9z6,combined,stressid
0,0.00014922304,0.47015885,stressid_y9z6,combined,stressid
0,0.00013785454,0.4795892,stressid_y9z6,combined,stressid
0,0.00014089869,0.47039682,stressid_y9z6,combined,stressid
0,0.00017449108,0.43670473,stressid_y9z6,combined,stressid
0,0.00018655686,0.41282535,stressid_y9z6,combined,stressid
0,0.00016490843,0.43066108,stressid_y9z6,combined,stressid
0,0.00020045412,0.39539734,stressid_y9z6,combined,stressid
0,0.0001542901,0.44236052,stressid_y9z6,combined,stressid
0,0.00016573792,0.42399836,stressid_y9z6,combined,stressid
0,0.00010863183,0.506273,stressid_y9z6,combined,stressid
0,0.00016138722,0.43006858,stressid_y9z6,combined,stressid
0,0.00012883145,0.45287657,stressid_y9z6,combined,stressid
0,0.00035090328,0.32219574,stressid_y9z6,combined,stressid
0,0.00033900945,0.3309843,stressid_y9z6,combined,stressid
0,0.0003051842,0.35373425,stressid_y9z6,combined,stressid
0,0.0002482554,0.39129245,stressid_y9z6,combined,stressid
0,0.00016673081,0.46979716,stressid_y9z6,combined,stressid
0,9.329581e-05,0.58735174,stressid_y9z6,combined,stressid
0,9.9290686e-05,0.5732424,stressid_y9z6,combined,stressid
0,9.8112134e-05,0.5759998,stressid_y9z6,combined,stressid
0,0.00013684871,0.47699675,stressid_y9z6,combined,stressid
0,9.900524e-05,0.57418,stressid_y9z6,combined,stressid
0,0.000105556115,0.56131566,stressid_y9z6,combined,stressid
0,0.00017383893,0.46043605,stressid_y9z6,combined,stressid
0,0.00018363183,0.44924355,stressid_y9z6,combined,stressid
0,0.00015488944,0.48269573,stressid_y9z6,combined,stressid
0,0.0003529645,0.3204813,stressid_y9z6,combined,stressid
0,0.00037986808,0.30119714,stressid_y9z6,combined,stressid
0,0.00037885818,0.30176502,stressid_y9z6,combined,stressid
0,0.00017217036,0.42969134,stressid_y9z6,combined,stressid
0,0.00016485216,0.44768992,stressid_y9z6,combined,stressid
0,0.0001714497,0.4383286,stressid_y9z6,combined,stressid
0,0.00017356401,0.44010976,stressid_y9z6,combined,stressid
0,0.00014213176,0.48050427,stressid_y9z6,combined,stressid
0,0.00015515373,0.47042942,stressid_y9z6,combined,stressid
0,0.00022974689,0.8863519,stressid_9txq,combined,stressid
0,0.00043541094,0.6569083,stressid_9txq,combined,stressid
0,0.00044920342,0.52892816,stressid_9txq,combined,stressid
0,0.00045933021,0.5197293,stressid_9txq,combined,stressid
0,0.00050006673,0.52178204,stressid_9txq,combined,stressid
0,0.00046542668,0.5350362,stressid_9txq,combined,stressid
0,0.00068225904,0.34343806,stressid_9txq,combined,stressid
0,0.0006520865,0.40952408,stressid_9txq,combined,stressid
0,0.0007321785,0.33057025,stressid_9txq,combined,stressid
0,0.0006476362,0.33959168,stressid_9txq,combined,stressid
0,0.00043452735,0.53399557,stressid_9txq,combined,stressid
0,0.00044090417,0.54852146,stressid_9txq,combined,stressid
0,0.00028817944,0.7825889,stressid_9txq,combined,stressid
0,0.00046847117,0.4989319,stressid_9txq,combined,stressid
0,0.0003886331,0.618173,stressid_9txq,combined,stressid
0,0.0004906202,0.5493577,stressid_9txq,combined,stressid
0,0.00057339686,0.46747157,stressid_9txq,combined,stressid
0,0.0005397679,0.4360476,stressid_9txq,combined,stressid
0,0.00042915216,0.5591786,stressid_9txq,combined,stressid
0,0.00062323536,0.38678172,stressid_9txq,combined,stressid
0,0.0005920728,0.4049943,stressid_9txq,combined,stressid
0,0.00046018834,0.5095067,stressid_9txq,combined,stressid
0,0.0005354901,0.43194282,stressid_9txq,combined,stressid
0,0.00038522852,0.6674533,stressid_9txq,combined,stressid
0,0.0007082596,0.32186556,stressid_9txq,combined,stressid
0,0.00061698334,0.39744493,stressid_9txq,combined,stressid
0,0.0004356904,0.58180565,stressid_9txq,combined,stressid
0,0.000595369,0.4009548,stressid_9txq,combined,stressid
0,0.0007821885,0.29355806,stressid_9txq,combined,stressid
0,0.0006225856,0.32012334,stressid_9txq,combined,stressid
0,0.0006233779,0.32691473,stressid_9txq,combined,stressid
0,0.00063037296,0.32991052,stressid_9txq,combined,stressid
0,0.0006314523,0.32740685,stressid_9txq,combined,stressid
0,0.0006255482,0.31403205,stressid_9txq,combined,stressid
0,0.00033933122,0.71200293,stressid_9txq,combined,stressid
0,0.0006243727,0.31983534,stressid_9txq,combined,stressid
0,0.0006246709,0.32207376,stressid_9txq,combined,stressid
0,0.0006248454,0.318316,stressid_9txq,combined,stressid
0,0.000625403,0.31676424,stressid_9txq,combined,stressid
0,0.0006253786,0.31528342,stressid_9txq,combined,stressid
0,0.00062372565,0.319551,stressid_9txq,combined,stressid
0,0.00062537595,0.31414038,stressid_9txq,combined,stressid
0,0.0006265357,0.31822115,stressid_9txq,combined,stressid
0,0.0006262043,0.3164805,stressid_9txq,combined,stressid
0,0.0006256159,0.32286322,stressid_9txq,combined,stressid
0,0.00052056817,0.454727,stressid_9txq,combined,stressid
0,0.00062346674,0.32798094,stressid_9txq,combined,stressid
0,0.00062298,0.33388057,stressid_9txq,combined,stressid
0,0.00062375143,0.33134434,stressid_9txq,combined,stressid
0,0.0006253243,0.32320282,stressid_9txq,combined,stressid
0,0.00062524097,0.32133126,stressid_9txq,combined,stressid
0,0.0006263109,0.32545638,stressid_9txq,combined,stressid
0,0.0006897661,0.37254277,stressid_9txq,combined,stressid
0,0.00067813555,0.36596534,stressid_9txq,combined,stressid
0,0.0006238427,0.32592207,stressid_9txq,combined,stressid
0,0.00034593255,0.68447787,stressid_9txq,combined,stressid
0,0.00041423063,0.5797837,stressid_9txq,combined,stressid
0,0.00044448458,0.5158047,stressid_9txq,combined,stressid
0,0.00037902885,0.63527477,stressid_9txq,combined,stressid
1,2.3036548e-06,0.13560806,stressid_9txq,combined,stressid
1,1.9428219e-06,0.13495559,stressid_9txq,combined,stressid
1,1.0151083e-06,0.15883227,stressid_9txq,combined,stressid
1,8.167664e-07,0.15753208,stressid_9txq,combined,stressid
1,1.2617126e-06,0.15385655,stressid_9txq,combined,stressid
1,2.0114676e-06,0.14347343,stressid_9txq,combined,stressid
1,1.9175484e-06,0.13798428,stressid_9txq,combined,stressid
1,1.7249688e-06,0.13365206,stressid_9txq,combined,stressid
1,1.7814588e-06,0.1302026,stressid_9txq,combined,stressid
1,1.1532987e-06,0.14213888,stressid_9txq,combined,stressid
1,1.2389361e-06,0.14099324,stressid_9txq,combined,stressid
1,1.9255697e-06,0.13525078,stressid_9txq,combined,stressid
1,1.5607385e-06,0.14178352,stressid_9txq,combined,stressid
1,2.0788543e-06,0.13247912,stressid_9txq,combined,stressid
1,2.1786057e-06,0.12866963,stressid_9txq,combined,stressid
1,2.377322e-06,0.12494809,stressid_9txq,combined,stressid
1,6.284706e-07,0.14524691,stressid_9txq,combined,stressid
1,1.3412007e-06,0.16701475,stressid_9txq,combined,stressid
1,1.0905862e-06,0.17377786,stressid_9txq,combined,stressid
1,6.1023184e-07,0.17560792,stressid_9txq,combined,stressid
1,1.0533031e-06,0.15942149,stressid_9txq,combined,stressid
1,2.0911682e-06,0.14045385,stressid_9txq,combined,stressid
1,6.2835676e-07,0.12882255,stressid_9txq,combined,stressid
1,2.0908512e-06,0.13035186,stressid_9txq,combined,stressid
1,1.6319019e-06,0.13635488,stressid_9txq,combined,stressid
1,1.5865023e-06,0.13448985,stressid_9txq,combined,stressid
1,1.916097e-06,0.13114719,stressid_9txq,combined,stressid
1,1.7500688e-06,0.15151703,stressid_9txq,combined,stressid
1,4.982283e-07,0.1477847,stressid_9txq,combined,stressid
1,1.3397536e-06,0.14703834,stressid_9txq,combined,stressid
1,1.4286838e-06,0.14727686,stressid_9txq,combined,stressid
1,7.5077185e-07,0.15081294,stressid_9txq,combined,stressid
1,1.1456088e-06,0.13501427,stressid_9txq,combined,stressid
1,1.0786476e-06,0.12604128,stressid_9txq,combined,stressid
1,1.0597527e-06,0.14603195,stressid_9txq,combined,stressid
1,2.033855e-06,0.15154226,stressid_9txq,combined,stressid
1,2.014055e-06,0.13030176,stressid_9txq,combined,stressid
1,2.2569318e-06,0.133401,stressid_9txq,combined,stressid
1,1.4837923e-06,0.15388013,stressid_9txq,combined,stressid
1,1.940944e-06,0.13989384,stressid_9txq,combined,stressid
1,1.1606306e-06,0.14962634,stressid_9txq,combined,stressid
1,2.0247996e-06,0.13943958,stressid_9txq,combined,stressid
1,1.7246465e-06,0.13520256,stressid_9txq,combined,stressid
1,1.877009e-06,0.13725911,stressid_9txq,combined,stressid
1,2.331412e-06,0.13603064,stressid_9txq,combined,stressid
1,2.1918306e-06,0.12762961,stressid_9txq,combined,stressid
1,1.710504e-06,0.13229561,stressid_9txq,combined,stressid
1,2.1567282e-06,0.13471058,stressid_9txq,combined,stressid
1,1.015024e-06,0.13866377,stressid_9txq,combined,stressid
1,1.759618e-06,0.14441913,stressid_9txq,combined,stressid
1,5.235848e-07,0.14226075,stressid_9txq,combined,stressid
1,1.3332175e-06,0.14229496,stressid_9txq,combined,stressid
1,1.4256894e-06,0.13855398,stressid_9txq,combined,stressid
1,1.1674534e-06,0.14698617,stressid_9txq,combined,stressid
1,1.7298481e-06,0.14881085,stressid_9txq,combined,stressid
1,4.6761468e-07,0.15525573,stressid_9txq,combined,stressid
1,9.666704e-07,0.144616,stressid_9txq,combined,stressid
1,1.5280543e-06,0.15710486,stressid_9txq,combined,stressid
1,1.0190618e-06,0.17362435,stressid_9txq,combined,stressid
1,1.9464012e-06,0.14876167,stressid_9txq,combined,stressid
1,1.3117145e-06,0.19118758,stressid_9txq,combined,stressid
1,1.5270346e-06,0.18438886,stressid_9txq,combined,stressid
1,4.1575132e-07,0.16041175,stressid_9txq,combined,stressid
1,1.0754841e-06,0.17542757,stressid_9txq,combined,stressid
1,1.116996e-06,0.171042,stressid_9txq,combined,stressid
1,8.990858e-07,0.16774444,stressid_9txq,combined,stressid
1,1.8657886e-06,0.15226966,stressid_9txq,combined,stressid
1,1.6862541e-06,0.16242298,stressid_9txq,combined,stressid
1,1.1270222e-06,0.1601575,stressid_9txq,combined,stressid
1,1.3823555e-06,0.16260162,stressid_9txq,combined,stressid
1,2.5621594e-06,0.15681866,stressid_9txq,combined,stressid
1,2.8423626e-06,0.16370593,stressid_9txq,combined,stressid
1,8.8535455e-07,0.16350472,stressid_9txq,combined,stressid
1,7.335663e-07,0.17373724,stressid_9txq,combined,stressid
1,6.3328866e-07,0.1662035,stressid_9txq,combined,stressid
1,1.6051148e-06,0.15198363,stressid_9txq,combined,stressid
0,4.639142e-07,0.1548659,stressid_9txq,combined,stressid
0,4.928071e-07,0.14549331,stressid_9txq,combined,stressid
0,1.0485245e-06,0.1747772,stressid_9txq,combined,stressid
0,1.0360045e-06,0.15813372,stressid_9txq,combined,stressid
0,1.0270319e-06,0.15100004,stressid_9txq,combined,stressid
0,1.1891631e-06,0.1534387,stressid_9txq,combined,stressid
0,4.897019e-07,0.15309466,stressid_9txq,combined,stressid
0,4.7528445e-07,0.15964198,stressid_9txq,combined,stressid
0,1.5330054e-06,0.16833259,stressid_9txq,combined,stressid
0,1.3399324e-06,0.19151904,stressid_9txq,combined,stressid
0,4.9974346e-07,0.19243728,stressid_9txq,combined,stressid
0,1.0045612e-06,0.17683722,stressid_9txq,combined,stressid
0,1.268274e-06,0.17371403,stressid_9txq,combined,stressid
0,4.4111542e-07,0.15909259,stressid_9txq,combined,stressid
0,4.6231318e-07,0.175245,stressid_9txq,combined,stressid
0,6.341626e-07,0.17320663,stressid_9txq,combined,stressid
0,3.3563737e-07,0.18181314,stressid_9txq,combined,stressid
0,8.4732625e-07,0.15844768,stressid_9txq,combined,stressid
0,1.0267371e-06,0.16889907,stressid_9txq,combined,stressid
0,0.00017665281,0.9169097,stressid_9txq,combined,stressid
0,0.00019051123,0.90871775,stressid_9txq,combined,stressid
0,0.00052196183,0.4850555,stressid_9txq,combined,stressid
0,0.00041677128,0.60978806,stressid_9txq,combined,stressid
0,0.00043559066,0.55898666,stressid_9txq,combined,stressid
0,0.00028948335,0.7583101,stressid_9txq,combined,stressid
0,0.00037676177,0.6256404,stressid_9txq,combined,stressid
0,0.00033495645,0.6824836,stressid_9txq,combined,stressid
0,0.00030828282,0.7266482,stressid_9txq,combined,stressid
0,0.00031729575,0.7193745,stressid_9txq,combined,stressid
0,0.0003439224,0.663231,stressid_9txq,combined,stressid
0,0.0003448726,0.6757378,stressid_9txq,combined,stressid
0,0.00031403624,0.8663173,stressid_9txq,combined,stressid
0,0.0004101903,0.5792303,stressid_9txq,combined,stressid
0,0.00039472725,0.61917174,stressid_9txq,combined,stressid
0,0.0006077573,0.3667292,stressid_9txq,combined,stressid
0,0.0003997645,0.6343667,stressid_9txq,combined,stressid
0,0.0005350194,0.4419637,stressid_9txq,combined,stressid
0,0.0004209392,0.5720286,stressid_9txq,combined,stressid
0,0.0005028282,0.4886988,stressid_9txq,combined,stressid
0,0.0004378652,0.573923,stressid_9txq,combined,stressid
0,0.00061079464,0.38424537,stressid_9txq,combined,stressid
0,0.0006174501,0.32746798,stressid_9txq,combined,stressid
0,0.00052729185,0.7040697,stressid_9txq,combined,stressid
0,0.0006179956,0.32560438,stressid_9txq,combined,stressid
0,0.000617647,0.3245623,stressid_9txq,combined,stressid
0,0.00061601173,0.3244764,stressid_9txq,combined,stressid
0,0.00061659445,0.3193784,stressid_9txq,combined,stressid
0,0.0006212332,0.31315535,stressid_9txq,combined,stressid
0,0.00061980437,0.31386918,stressid_9txq,combined,stressid
0,0.0006189962,0.31386158,stressid_9txq,combined,stressid
0,0.00062132505,0.31165248,stressid_9txq,combined,stressid
0,0.00062086864,0.30818403,stressid_9txq,combined,stressid
0,0.00062335125,0.30618832,stressid_9txq,combined,stressid
0,0.00026388414,0.8725833,stressid_9txq,combined,stressid
0,0.0006252424,0.30821586,stressid_9txq,combined,stressid
0,0.00062561437,0.31239334,stressid_9txq,combined,stressid
0,0.00062279,0.32302353,stressid_9txq,combined,stressid
0,0.00070573814,0.39269927,stressid_9txq,combined,stressid
0,0.0007883677,0.41240004,stressid_9txq,combined,stressid
0,0.000670984,0.3606046,stressid_9txq,combined,stressid
0,0.0006232365,0.32898286,stressid_9txq,combined,stressid
0,0.0006255273,0.34094515,stressid_9txq,combined,stressid
0,0.00062135246,0.33436814,stressid_9txq,combined,stressid
0,0.0003607238,0.7594536,stressid_9txq,combined,stressid
0,0.00027356463,0.84082735,stressid_9txq,combined,stressid
0,0.0003433786,0.74496496,stressid_9txq,combined,stressid
0,0.0003994457,0.6302471,stressid_9txq,combined,stressid
0,0.00049252843,0.5291967,stressid_9txq,combined,stressid
1,8.7423075e-07,0.14682893,stressid_9txq,combined,stressid
1,4.670358e-07,0.16387416,stressid_9txq,combined,stressid
1,3.6349485e-07,0.18170565,stressid_9txq,combined,stressid
1,4.0873385e-07,0.16226035,stressid_9txq,combined,stressid
1,5.207722e-07,0.15450168,stressid_9txq,combined,stressid
1,3.455283e-07,0.1905065,stressid_9txq,combined,stressid
1,9.1788166e-07,0.16028261,stressid_9txq,combined,stressid
1,4.5062023e-07,0.1527452,stressid_9txq,combined,stressid
1,4.6004726e-07,0.15932743,stressid_9txq,combined,stressid
1,9.362039e-07,0.18068482,stressid_9txq,combined,stressid
1,4.5105793e-07,0.16994675,stressid_9txq,combined,stressid
1,3.681491e-07,0.185877,stressid_9txq,combined,stressid
1,3.6618684e-07,0.17901018,stressid_9txq,combined,stressid
1,5.2204365e-07,0.18179975,stressid_9txq,combined,stressid
1,4.6825554e-07,0.16479483,stressid_9txq,combined,stressid
1,4.4218947e-07,0.15943608,stressid_9txq,combined,stressid
1,8.4671956e-07,0.14299373,stressid_9txq,combined,stressid
1,5.533417e-07,0.14737715,stressid_9txq,combined,stressid
1,9.607462e-07,0.1585846,stressid_9txq,combined,stressid
1,9.0858197e-07,0.17835554,stressid_9txq,combined,stressid
1,9.488471e-07,0.18121204,stressid_9txq,combined,stressid
1,1.0864278e-06,0.17395444,stressid_9txq,combined,stressid
1,4.3200382e-07,0.16174933,stressid_9txq,combined,stressid
1,5.415968e-07,0.15707603,stressid_9txq,combined,stressid
1,1.2606372e-06,0.15264098,stressid_9txq,combined,stressid
1,6.603309e-07,0.15545905,stressid_9txq,combined,stressid
1,9.3873587e-07,0.15005162,stressid_9txq,combined,stressid
1,1.4291118e-06,0.14615457,stressid_9txq,combined,stressid
1,5.492639e-07,0.14368998,stressid_9txq,combined,stressid
1,5.0959517e-07,0.14571461,stressid_9txq,combined,stressid
1,4.7384387e-07,0.16942178,stressid_9txq,combined,stressid
1,4.3235127e-07,0.17733863,stressid_9txq,combined,stressid
1,3.3575583e-07,0.2006573,stressid_9txq,combined,stressid
1,9.708742e-07,0.17540741,stressid_9txq,combined,stressid
1,5.834229e-07,0.16908891,stressid_9txq,combined,stressid
1,4.3127523e-07,0.17594142,stressid_9txq,combined,stressid
1,5.09738e-07,0.17006914,stressid_9txq,combined,stressid
1,8.655062e-07,0.17272586,stressid_9txq,combined,stressid
1,0.00030366686,0.7809745,stressid_9txq,combined,stressid
1,0.00027810808,0.82831895,stressid_9txq,combined,stressid
1,0.0003290771,0.8003621,stressid_9txq,combined,stressid
1,0.00073540636,0.43300942,stressid_9txq,combined,stressid
1,0.00029971378,0.8445119,stressid_9txq,combined,stressid
1,0.00039934862,0.75258857,stressid_9txq,combined,stressid
1,0.00050116854,0.67681676,stressid_9txq,combined,stressid
1,0.0006015234,0.59819293,stressid_9txq,combined,stressid
1,0.0005452142,0.61382306,stressid_9txq,combined,stressid
1,0.000408962,0.67904717,stressid_9txq,combined,stressid
1,0.00038434283,0.71881956,stressid_9txq,combined,stressid
1,0.00035567654,0.78978884,stressid_9txq,combined,stressid
1,0.0004401474,0.60275304,stressid_9txq,combined,stressid
1,0.00040481865,0.7309848,stressid_9txq,combined,stressid
1,0.00034991614,0.7610895,stressid_9txq,combined,stressid
1,0.00033208274,0.7757417,stressid_9txq,combined,stressid
1,0.00043558652,0.495147,stressid_9txq,combined,stressid
1,0.0004566649,0.77566475,stressid_9txq,combined,stressid
1,0.0004291248,0.8377813,stressid_9txq,combined,stressid
1,0.00090382644,0.53693455,stressid_9txq,combined,stressid
1,0.0009992488,0.59745497,stressid_9txq,combined,stressid
1,0.0005614354,0.7846596,stressid_9txq,combined,stressid
1,0.0006578797,0.73356014,stressid_9txq,combined,stressid
1,0.0003641916,0.74125165,stressid_9txq,combined,stressid
1,0.0006452109,0.6783494,stressid_9txq,combined,stressid
1,0.00094127934,0.49432442,stressid_9txq,combined,stressid
1,0.00071078725,0.6083078,stressid_9txq,combined,stressid
1,0.0008030162,0.44010127,stressid_9txq,combined,stressid
1,0.00072632905,0.42098635,stressid_9txq,combined,stressid
1,0.00072237983,0.42009684,stressid_9txq,combined,stressid
1,0.00071480725,0.41836116,stressid_9txq,combined,stressid
1,0.0007004645,0.4145444,stressid_9txq,combined,stressid
1,0.0006976138,0.41443422,stressid_9txq,combined,stressid
1,0.0006839403,0.39809135,stressid_9txq,combined,stressid
1,0.00040497785,0.69967115,stressid_9txq,combined,stressid
1,0.00074394816,0.42357233,stressid_9txq,combined,stressid
1,0.00077673775,0.4352005,stressid_9txq,combined,stressid
1,0.0010112434,0.4843778,stressid_9txq,combined,stressid
1,0.0009894788,0.48100412,stressid_9txq,combined,stressid
1,0.0006738003,0.40158615,stressid_9txq,combined,stressid
1,0.0006421158,0.38080615,stressid_9txq,combined,stressid
1,0.0006392064,0.37262782,stressid_9txq,combined,stressid
1,0.0006453527,0.37684184,stressid_9txq,combined,stressid
1,0.0006428411,0.371891,stressid_9txq,combined,stressid
1,0.0006365354,0.3683905,stressid_9txq,combined,stressid
1,0.0003679929,0.76141196,stressid_9txq,combined,stressid
1,0.0006248603,0.3430864,stressid_9txq,combined,stressid
1,0.0006222136,0.33309692,stressid_9txq,combined,stressid
1,0.00061932055,0.33729067,stressid_9txq,combined,stressid
1,0.0006191461,0.33069143,stressid_9txq,combined,stressid
1,0.0006192101,0.33346906,stressid_9txq,combined,stressid
1,0.00062618917,0.3515895,stressid_9txq,combined,stressid
1,0.0006295138,0.3626256,stressid_9txq,combined,stressid
1,0.0004373409,0.7235357,stressid_9txq,combined,stressid
1,0.00033760327,0.790955,stressid_9txq,combined,stressid
1,0.00035694105,0.72257566,stressid_9txq,combined,stressid
1,0.00068042945,0.42460823,stressid_9txq,combined,stressid
1,0.00012162247,0.93959624,stressid_9txq,combined,stressid
1,0.00019708446,0.9076875,stressid_9txq,combined,stressid
1,0.00042089348,0.83819157,stressid_9txq,combined,stressid
1,0.00045306003,0.8051004,stressid_9txq,combined,stressid
1,0.00041249834,0.817233,stressid_9txq,combined,stressid
1,0.00042527748,0.8100245,stressid_9txq,combined,stressid
1,0.000469661,0.77092844,stressid_9txq,combined,stressid
1,0.00062242895,0.6784358,stressid_9txq,combined,stressid
1,0.0007546246,0.6259986,stressid_9txq,combined,stressid
1,0.00076477474,0.6185303,stressid_9txq,combined,stressid
1,0.000697053,0.65190285,stressid_9txq,combined,stressid
1,0.0007195683,0.6369865,stressid_9txq,combined,stressid
1,0.00023773158,0.8922816,stressid_9txq,combined,stressid
1,0.000755425,0.59565794,stressid_9txq,combined,stressid
1,0.0007560971,0.57811505,stressid_9txq,combined,stressid
1,0.00085707015,0.45658922,stressid_9txq,combined,stressid
1,0.0008367558,0.45199814,stressid_9txq,combined,stressid
1,0.0008519308,0.45301297,stressid_9txq,combined,stressid
1,0.00082928734,0.44791085,stressid_9txq,combined,stressid
1,0.0008875207,0.46003985,stressid_9txq,combined,stressid
1,0.0008621489,0.45501265,stressid_9txq,combined,stressid
1,0.0008212622,0.4466007,stressid_9txq,combined,stressid
1,0.0008016409,0.44160247,stressid_9txq,combined,stressid
1,0.00027620952,0.8782989,stressid_9txq,combined,stressid
1,0.0007909993,0.43872958,stressid_9txq,combined,stressid
1,0.00080503046,0.4418237,stressid_9txq,combined,stressid
1,0.0007127374,0.41594067,stressid_9txq,combined,stressid
1,0.00074584485,0.4255758,stressid_9txq,combined,stressid
1,0.0007775864,0.4357197,stressid_9txq,combined,stressid
1,0.0007856776,0.43831027,stressid_9txq,combined,stressid
1,0.0007641904,0.4319178,stressid_9txq,combined,stressid
1,0.0007903558,0.4382462,stressid_9txq,combined,stressid
1,0.00039776615,0.83415186,stressid_9txq,combined,stressid
1,0.0004947968,0.7543088,stressid_9txq,combined,stressid
1,0.00025993874,0.8857517,stressid_9txq,combined,stressid
1,0.0003898825,0.8325333,stressid_9txq,combined,stressid
1,0.00044918054,0.80952954,stressid_9txq,combined,stressid
1,0.0005813642,0.7319655,stressid_9txq,combined,stressid
0,1.1765219e-07,0.5212894,stressid_6k5f,combined,stressid
0,1.0943667e-07,0.51538,stressid_6k5f,combined,stressid
0,8.469846e-08,0.5159991,stressid_6k5f,combined,stressid
0,7.252607e-08,0.5176708,stressid_6k5f,combined,stressid
0,8.379126e-08,0.5162128,stressid_6k5f,combined,stressid
0,8.1785934e-08,0.5092839,stressid_6k5f,combined,stressid
0,9.9855924e-08,0.51851195,stressid_6k5f,combined,stressid
0,9.776404e-08,0.5164216,stressid_6k5f,combined,stressid
0,1.1213107e-07,0.5060742,stressid_6k5f,combined,stressid
0,2.0097292e-07,0.49668828,stressid_6k5f,combined,stressid
0,1.7097376e-07,0.5078529,stressid_6k5f,combined,stressid
0,1.0763094e-07,0.5127799,stressid_6k5f,combined,stressid
0,1.2478884e-07,0.5112603,stressid_6k5f,combined,stressid
0,1.2988565e-07,0.5056944,stressid_6k5f,combined,stressid
0,1.1996202e-07,0.51433074,stressid_6k5f,combined,stressid
0,1.342343e-07,0.50635904,stressid_6k5f,combined,stressid
0,1.6524017e-07,0.48207173,stressid_6k5f,combined,stressid
0,1.7873404e-07,0.4839923,stressid_6k5f,combined,stressid
0,9.2065903e-07,0.45018014,stressid_6k5f,combined,stressid
0,7.3125995e-07,0.4572256,stressid_6k5f,combined,stressid
0,1.8006853e-07,0.4894124,stressid_6k5f,combined,stressid
0,1.5799901e-07,0.49751797,stressid_6k5f,combined,stressid
0,4.9681483e-07,0.47245896,stressid_6k5f,combined,stressid
0,7.139186e-08,0.5213301,stressid_6k5f,combined,stressid
0,3.3075253e-07,0.48245028,stressid_6k5f,combined,stressid
0,1.320325e-07,0.50269157,stressid_6k5f,combined,stressid
0,1.8405257e-07,0.49370688,stressid_6k5f,combined,stressid
0,1.5706262e-07,0.5012706,stressid_6k5f,combined,stressid
0,1.8259186e-07,0.5027932,stressid_6k5f,combined,stressid
0,2.2560216e-06,0.44398692,stressid_6k5f,combined,stressid
0,2.2488211e-06,0.4368146,stressid_6k5f,combined,stressid
0,2.2680783e-06,0.43438888,stressid_6k5f,combined,stressid
0,2.2297615e-06,0.434836,stressid_6k5f,combined,stressid
0,2.199092e-06,0.43403786,stressid_6k5f,combined,stressid
0,7.4756684e-08,0.52258253,stressid_6k5f,combined,stressid
0,2.2117638e-06,0.434352,stressid_6k5f,combined,stressid
0,2.2403765e-06,0.44071388,stressid_6k5f,combined,stressid
0,2.2392508e-06,0.43753096,stressid_6k5f,combined,stressid
0,2.2025781e-06,0.4300968,stressid_6k5f,combined,stressid
0,2.2258819e-06,0.4313578,stressid_6k5f,combined,stressid
0,2.2250647e-06,0.42915136,stressid_6k5f,combined,stressid
0,2.2149998e-06,0.43033028,stressid_6k5f,combined,stressid
0,2.2272027e-06,0.43174374,stressid_6k5f,combined,stressid
0,2.2262577e-06,0.43695313,stressid_6k5f,combined,stressid
0,2.2278207e-06,0.43781084,stressid_6k5f,combined,stressid
0,7.568364e-08,0.52309453,stressid_6k5f,combined,stressid
0,2.2083618e-06,0.43148276,stressid_6k5f,combined,stressid
0,2.1765998e-06,0.43130168,stressid_6k5f,combined,stressid
0,2.2111794e-06,0.43067878,stressid_6k5f,combined,stressid
0,2.2160984e-06,0.42807448,stressid_6k5f,combined,stressid
0,2.1749042e-06,0.42583665,stressid_6k5f,combined,stressid
0,2.164152e-06,0.4308988,stressid_6k5f,combined,stressid
0,2.1550013e-06,0.4303707,stressid_6k5f,combined,stressid
0,2.1660453e-06,0.43042773,stressid_6k5f,combined,stressid
0,2.1829273e-06,0.43288392,stressid_6k5f,combined,stressid
0,8.798953e-08,0.5159978,stressid_6k5f,combined,stressid
0,7.7449904e-08,0.5220501,stressid_6k5f,combined,stressid
0,8.6903064e-08,0.5220832,stressid_6k5f,combined,stressid
0,7.393339e-08,0.51982766,stressid_6k5f,combined,stressid
1,0.9994931,0.30944115,stressid_6k5f,combined,stressid
1,0.9995142,0.30531818,stressid_6k5f,combined,stressid
1,0.9994912,0.3109714,stressid_6k5f,combined,stressid
1,0.99948287,0.31070542,stressid_6k5f,combined,stressid
1,0.9994931,0.30899805,stressid_6k5f,combined,stressid
1,0.9995023,0.30719596,stressid_6k5f,combined,stressid
1,0.99949896,0.30775416,stressid_6k5f,combined,stressid
1,0.9995049,0.30675212,stressid_6k5f,combined,stressid
1,0.99950206,0.30754533,stressid_6k5f,combined,stressid
1,0.99949265,0.30893397,stressid_6k5f,combined,stressid
1,0.99927825,0.3377669,stressid_6k5f,combined,stressid
1,0.9994978,0.3076887,stressid_6k5f,combined,stressid
1,0.9995384,0.30086687,stressid_6k5f,combined,stressid
1,0.9995165,0.30444828,stressid_6k5f,combined,stressid
1,0.9995065,0.3070256,stressid_6k5f,combined,stressid
1,0.99952793,0.30294743,stressid_6k5f,combined,stressid
1,0.99952984,0.30216575,stressid_6k5f,combined,stressid
1,0.9994815,0.31035838,stressid_6k5f,combined,stressid
1,0.9994916,0.30894053,stressid_6k5f,combined,stressid
1,0.99943584,0.31303763,stressid_6k5f,combined,stressid
1,0.99940884,0.32063067,stressid_6k5f,combined,stressid
1,0.99950325,0.3074984,stressid_6k5f,combined,stressid
1,0.99949455,0.3084312,stressid_6k5f,combined,stressid
1,0.99932694,0.33269507,stressid_6k5f,combined,stressid
1,0.99946064,0.31381053,stressid_6k5f,combined,stressid
1,0.9994893,0.3097598,stressid_6k5f,combined,stressid
1,0.9995096,0.30589998,stressid_6k5f,combined,stressid
1,0.9995028,0.3072257,stressid_6k5f,combined,stressid
1,0.9994754,0.31118083,stressid_6k5f,combined,stressid
1,0.9995117,0.30541146,stressid_6k5f,combined,stressid
1,0.999488,0.3107154,stressid_6k5f,combined,stressid
1,0.9995004,0.3077023,stressid_6k5f,combined,stressid
1,0.9994924,0.30960354,stressid_6k5f,combined,stressid
1,0.99950016,0.30883077,stressid_6k5f,combined,stressid
1,0.99951065,0.30343297,stressid_6k5f,combined,stressid
1,0.99948645,0.31044006,stressid_6k5f,combined,stressid
1,0.99949753,0.30884144,stressid_6k5f,combined,stressid
1,0.9995109,0.30643603,stressid_6k5f,combined,stressid
1,0.9994721,0.31251097,stressid_6k5f,combined,stressid
1,0.99948055,0.31145284,stressid_6k5f,combined,stressid
1,0.99942976,0.31961754,stressid_6k5f,combined,stressid
1,0.9994867,0.3099708,stressid_6k5f,combined,stressid
1,0.99945456,0.3153816,stressid_6k5f,combined,stressid
1,0.99943763,0.3177699,stressid_6k5f,combined,stressid
1,0.9994511,0.3161798,stressid_6k5f,combined,stressid
1,0.999398,0.32392114,stressid_6k5f,combined,stressid
1,0.99945754,0.31478152,stressid_6k5f,combined,stressid
1,0.99945945,0.3138332,stressid_6k5f,combined,stressid
1,0.9994727,0.31233814,stressid_6k5f,combined,stressid
1,0.9994603,0.31407142,stressid_6k5f,combined,stressid
1,0.99949634,0.30880797,stressid_6k5f,combined,stressid
1,0.99946624,0.31330183,stressid_6k5f,combined,stressid
1,0.9994537,0.31499884,stressid_6k5f,combined,stressid
1,0.9994273,0.31938168,stressid_6k5f,combined,stressid
1,0.99945897,0.31526387,stressid_6k5f,combined,stressid
1,0.99945146,0.31627616,stressid_6k5f,combined,stressid
1,0.999448,0.31678343,stressid_6k5f,combined,stressid
0,0.9993092,0.33508047,stressid_6k5f,combined,stressid
0,0.99941933,0.32041812,stressid_6k5f,combined,stressid
0,0.1043105,0.36299682,stressid_6k5f,combined,stressid
0,0.3280778,0.41130877,stressid_6k5f,combined,stressid
0,0.99938536,0.32420218,stressid_6k5f,combined,stressid
0,0.9994728,0.31074116,stressid_6k5f,combined,stressid
0,0.9994331,0.31709382,stressid_6k5f,combined,stressid
0,0.99585116,0.48294696,stressid_6k5f,combined,stressid
0,0.998293,0.41390693,stressid_6k5f,combined,stressid
0,0.99444336,0.50042087,stressid_6k5f,combined,stressid
0,0.24537303,0.41869056,stressid_6k5f,combined,stressid
0,0.9992467,0.342582,stressid_6k5f,combined,stressid
0,0.99840313,0.4083068,stressid_6k5f,combined,stressid
0,0.99908733,0.34523338,stressid_6k5f,combined,stressid
0,0.3563821,0.3814269,stressid_6k5f,combined,stressid
0,0.018036677,0.51026046,stressid_6k5f,combined,stressid
0,0.99918693,0.34628743,stressid_6k5f,combined,stressid
0,0.9991774,0.34876567,stressid_6k5f,combined,stressid
0,0.11443926,0.42534253,stressid_6k5f,combined,stressid
0,0.9994092,0.32232383,stressid_6k5f,combined,stressid
0,0.9993198,0.33352482,stressid_6k5f,combined,stressid
0,0.9994356,0.3157476,stressid_6k5f,combined,stressid
0,0.9994305,0.31878805,stressid_6k5f,combined,stressid
0,0.9993284,0.33221093,stressid_6k5f,combined,stressid
0,0.99942505,0.31800243,stressid_6k5f,combined,stressid
0,0.99944574,0.31541565,stressid_6k5f,combined,stressid
0,0.9992017,0.34696415,stressid_6k5f,combined,stressid
0,0.9993789,0.3262046,stressid_6k5f,combined,stressid
0,0.9988752,0.37729093,stressid_6k5f,combined,stressid
0,0.9924826,0.51397425,stressid_6k5f,combined,stressid
0,0.9986279,0.39472276,stressid_6k5f,combined,stressid
0,0.99482477,0.5005557,stressid_6k5f,combined,stressid
0,0.9972572,0.4599032,stressid_6k5f,combined,stressid
0,0.9989795,0.37088102,stressid_6k5f,combined,stressid
0,0.9994659,0.3135999,stressid_6k5f,combined,stressid
0,0.9994727,0.3124629,stressid_6k5f,combined,stressid
0,0.9993413,0.331367,stressid_6k5f,combined,stressid
0,0.99941885,0.3203464,stressid_6k5f,combined,stressid
1,1.3149243e-07,0.50566137,stressid_6k5f,combined,stressid
1,1.4953227e-07,0.50792986,stressid_6k5f,combined,stressid
1,1.16600866e-07,0.5163355,stressid_6k5f,combined,stressid
1,1.1943737e-07,0.5121103,stressid_6k5f,combined,stressid
1,1.1663857e-07,0.5238752,stressid_6k5f,combined,stressid
1,1.11233845e-07,0.5263429,stressid_6k5f,combined,stressid
1,1.3266069e-07,0.5177204,stressid_6k5f,combined,stressid
1,1.3707596e-07,0.5183721,stressid_6k5f,combined,stressid
1,1.1932113e-07,0.52041066,stressid_6k5f,combined,stressid
1,1.13526e-07,0.5210356,stressid_6k5f,combined,stressid
1,1.1424129e-07,0.51483303,stressid_6k5f,combined,stressid
1,1.3392447e-07,0.5089051,stressid_6k5f,combined,stressid
1,1.6069696e-07,0.5041823,stressid_6k5f,combined,stressid
1,1.2005039e-07,0.50937164,stressid_6k5f,combined,stressid
1,1.067231e-07,0.513432,stressid_6k5f,combined,stressid
1,1.1104391e-07,0.5271691,stressid_6k5f,combined,stressid
1,1.4273613e-07,0.52187043,stressid_6k5f,combined,stressid
1,1.4139498e-07,0.50926095,stressid_6k5f,combined,stressid
1,1.03318904e-07,0.5172849,stressid_6k5f,combined,stressid
1,1.0379987e-07,0.5157312,stressid_6k5f,combined,stressid
1,9.115426e-08,0.51238304,stressid_6k5f,combined,stressid
1,7.896874e-08,0.48486552,stressid_6k5f,combined,stressid
1,1.9313627e-06,0.42822012,stressid_6k5f,combined,stressid
1,1.77055e-07,0.50110126,stressid_6k5f,combined,stressid
1,1.7846472e-06,0.40270233,stressid_6k5f,combined,stressid
1,2.267224e-06,0.44292623,stressid_6k5f,combined,stressid
1,2.2539787e-06,0.44372422,stressid_6k5f,combined,stressid
1,2.264566e-06,0.44234455,stressid_6k5f,combined,stressid
1,2.2486454e-06,0.4424037,stressid_6k5f,combined,stressid
1,2.2968632e-06,0.45236355,stressid_6k5f,combined,stressid
1,2.2935621e-06,0.4514304,stressid_6k5f,combined,stressid
1,2.3084228e-06,0.44894922,stressid_6k5f,combined,stressid
1,2.282928e-06,0.4504086,stressid_6k5f,combined,stressid
1,2.2605334e-06,0.4454834,stressid_6k5f,combined,stressid
1,1.6455516e-07,0.5022664,stressid_6k5f,combined,stressid
1,2.248536e-06,0.44318897,stressid_6k5f,combined,stressid
1,2.295352e-06,0.4528285,stressid_6k5f,combined,stressid
1,2.2964184e-06,0.4512054,stressid_6k5f,combined,stressid
1,2.2857646e-06,0.4523211,stressid_6k5f,combined,stressid
1,2.2809347e-06,0.45132455,stressid_6k5f,combined,stressid
1,2.2965937e-06,0.45416754,stressid_6k5f,combined,stressid
1,2.299013e-06,0.45364395,stressid_6k5f,combined,stressid
1,2.2439003e-06,0.44456166,stressid_6k5f,combined,stressid
1,2.2715699e-06,0.44815382,stressid_6k5f,combined,stressid
1,1.399875e-07,0.5127953,stressid_6k5f,combined,stressid
1,1.3303581e-07,0.51068,stressid_6k5f,combined,stressid
1,1.2147338e-07,0.50794107,stressid_6k5f,combined,stressid
1,1.1280551e-07,0.51954156,stressid_6k5f,combined,stressid
1,1.1053338e-07,0.5229342,stressid_6k5f,combined,stressid
1,0.9988336,0.3811245,stressid_6k5f,combined,stressid
1,0.9964977,0.47445396,stressid_6k5f,combined,stressid
1,0.9984518,0.4069154,stressid_6k5f,combined,stressid
1,0.9995146,0.3038108,stressid_6k5f,combined,stressid
1,0.99949527,0.30779183,stressid_6k5f,combined,stressid
1,0.99943334,0.31744775,stressid_6k5f,combined,stressid
1,0.99944204,0.3168731,stressid_6k5f,combined,stressid
1,0.9994898,0.30936047,stressid_6k5f,combined,stressid
1,0.9994892,0.30937815,stressid_6k5f,combined,stressid
1,0.99927014,0.33937275,stressid_6k5f,combined,stressid
1,0.33751124,0.41824076,stressid_6k5f,combined,stressid
1,0.99948585,0.3099319,stressid_6k5f,combined,stressid
1,0.9994605,0.3143477,stressid_6k5f,combined,stressid
1,0.99949837,0.3069315,stressid_6k5f,combined,stressid
1,0.99908435,0.35214725,stressid_6k5f,combined,stressid
1,0.991833,0.5166082,stressid_6k5f,combined,stressid
1,0.4674149,0.3979099,stressid_6k5f,combined,stressid
1,0.10214637,0.298852,stressid_6k5f,combined,stressid
1,0.9993955,0.3239621,stressid_6k5f,combined,stressid
1,0.99756694,0.4406851,stressid_6k5f,combined,stressid
1,0.99941456,0.31907097,stressid_6k5f,combined,stressid
1,0.9995154,0.30480674,stressid_6k5f,combined,stressid
1,0.9994035,0.3219658,stressid_6k5f,combined,stressid
1,0.9935954,0.5084241,stressid_6k5f,combined,stressid
1,0.9994647,0.31119782,stressid_6k5f,combined,stressid
1,0.9995296,0.30184543,stressid_6k5f,combined,stressid
1,0.99952817,0.30224216,stressid_6k5f,combined,stressid
1,0.9995123,0.3048901,stressid_6k5f,combined,stressid
1,0.99951684,0.30499294,stressid_6k5f,combined,stressid
1,0.9995122,0.305718,stressid_6k5f,combined,stressid
1,0.99884284,0.37425634,stressid_6k5f,combined,stressid
1,0.9934649,0.501867,stressid_6k5f,combined,stressid
1,0.99884427,0.3761376,stressid_6k5f,combined,stressid
1,0.99899524,0.3660054,stressid_6k5f,combined,stressid
1,0.995905,0.48048213,stressid_6k5f,combined,stressid
1,0.9979748,0.41665572,stressid_6k5f,combined,stressid
1,0.99378175,0.5050738,stressid_6k5f,combined,stressid
1,0.9991092,0.35555598,stressid_6k5f,combined,stressid
0,2.2321592e-06,0.44517803,stressid_6k5f,combined,stressid
0,9.086368e-08,0.51218075,stressid_6k5f,combined,stressid
0,7.602697e-08,0.5239584,stressid_6k5f,combined,stressid
0,7.090509e-08,0.5256292,stressid_6k5f,combined,stressid
0,7.217088e-08,0.51624197,stressid_6k5f,combined,stressid
0,7.5551675e-08,0.5130397,stressid_6k5f,combined,stressid
0,7.8591285e-08,0.51175976,stressid_6k5f,combined,stressid
0,7.22385e-08,0.5138198,stressid_6k5f,combined,stressid
0,7.093498e-08,0.5130869,stressid_6k5f,combined,stressid
0,7.6111704e-08,0.5134978,stressid_6k5f,combined,stressid
0,7.739822e-08,0.51295894,stressid_6k5f,combined,stressid
0,8.371809e-08,0.5121189,stressid_6k5f,combined,stressid
0,6.712813e-08,0.5191507,stressid_6k5f,combined,stressid
0,8.560947e-08,0.5113583,stressid_6k5f,combined,stressid
0,3.780026e-07,0.45027903,stressid_6k5f,combined,stressid
0,7.083823e-07,0.41836965,stressid_6k5f,combined,stressid
0,3.9741397e-07,0.477783,stressid_6k5f,combined,stressid
0,1.4400156e-06,0.44449136,stressid_6k5f,combined,stressid
0,9.709945e-07,0.45698527,stressid_6k5f,combined,stressid
0,8.5151913e-07,0.4619014,stressid_6k5f,combined,stressid
0,1.9401741e-06,0.44317952,stressid_6k5f,combined,stressid
0,2.0166249e-06,0.43616405,stressid_6k5f,combined,stressid
0,2.5370302e-06,0.43086016,stressid_6k5f,combined,stressid
0,6.916633e-08,0.52075934,stressid_6k5f,combined,stressid
0,2.2461184e-06,0.43253684,stressid_6k5f,combined,stressid
0,7.36906e-07,0.44831374,stressid_6k5f,combined,stressid
0,4.886895e-07,0.4601553,stressid_6k5f,combined,stressid
0,1.8331436e-06,0.40851524,stressid_6k5f,combined,stressid
0,1.7933929e-06,0.40583476,stressid_6k5f,combined,stressid
0,2.2557354e-06,0.42909122,stressid_6k5f,combined,stressid
0,2.2995612e-06,0.4264686,stressid_6k5f,combined,stressid
0,2.2943564e-06,0.42774498,stressid_6k5f,combined,stressid
0,1.9376114e-06,0.36152583,stressid_6k5f,combined,stressid
0,2.2166605e-06,0.41529456,stressid_6k5f,combined,stressid
0,6.835256e-08,0.5211763,stressid_6k5f,combined,stressid
0,2.2949625e-06,0.42203504,stressid_6k5f,combined,stressid
0,2.1925646e-06,0.4163138,stressid_6k5f,combined,stressid
0,2.2609322e-06,0.42518443,stressid_6k5f,combined,stressid
0,2.3458997e-06,0.43110266,stressid_6k5f,combined,stressid
0,2.3094092e-06,0.4281135,stressid_6k5f,combined,stressid
0,2.0649145e-06,0.40054294,stressid_6k5f,combined,stressid
0,1.6980152e-06,0.2724845,stressid_6k5f,combined,stressid
0,1.5522124e-06,0.25404555,stressid_6k5f,combined,stressid
0,1.641293e-06,0.28966993,stressid_6k5f,combined,stressid
0,1.6014085e-06,0.275011,stressid_6k5f,combined,stressid
0,6.590362e-08,0.517465,stressid_6k5f,combined,stressid
0,1.621024e-06,0.30358446,stressid_6k5f,combined,stressid
0,1.652104e-06,0.28268763,stressid_6k5f,combined,stressid
0,1.8246425e-06,0.3449264,stressid_6k5f,combined,stressid
0,2.1944368e-06,0.42053655,stressid_6k5f,combined,stressid
0,2.3128916e-06,0.430586,stressid_6k5f,combined,stressid
0,2.304848e-06,0.43305764,stressid_6k5f,combined,stressid
0,2.2944396e-06,0.43218595,stressid_6k5f,combined,stressid
0,7.9094455e-08,0.51028097,stressid_6k5f,combined,stressid
0,7.821921e-08,0.5126005,stressid_6k5f,combined,stressid
0,7.101729e-08,0.51295364,stressid_6k5f,combined,stressid
0,7.244934e-08,0.5124682,stressid_6k5f,combined,stressid
0,2.8779314e-07,0.47876483,stressid_6k5f,combined,stressid
0,1.8241555e-07,0.49076232,stressid_6k5f,combined,stressid
0,8.686114e-08,0.5123477,stressid_6k5f,combined,stressid
0,9.054846e-08,0.51258147,stressid_6k5f,combined,stressid
0,7.605539e-08,0.51660854,stressid_6k5f,combined,stressid
0,7.322803e-08,0.5249713,stressid_6k5f,combined,stressid
0,1.1975285e-07,0.51238155,stressid_6k5f,combined,stressid
0,1.08590406e-07,0.55657536,stressid_6k5f,combined,stressid
0,6.543392e-08,0.48329765,stressid_6k5f,combined,stressid
0,7.4542825e-08,0.5139727,stressid_6k5f,combined,stressid
0,8.860254e-08,0.5122079,stressid_6k5f,combined,stressid
0,7.842178e-08,0.5168825,stressid_6k5f,combined,stressid
0,1.9142199e-07,0.48753753,stressid_6k5f,combined,stressid
0,8.801991e-08,0.5144286,stressid_6k5f,combined,stressid
0,3.3201886e-07,0.48062596,stressid_6k5f,combined,stressid
0,2.2148622e-06,0.44315562,stressid_6k5f,combined,stressid
0,2.2207275e-06,0.44505933,stressid_6k5f,combined,stressid
0,2.1894073e-06,0.43712777,stressid_6k5f,combined,stressid
0,2.2219053e-06,0.44473007,stressid_6k5f,combined,stressid
0,2.2138108e-06,0.44311592,stressid_6k5f,combined,stressid
0,2.1819492e-06,0.43610957,stressid_6k5f,combined,stressid
0,2.176417e-06,0.43671605,stressid_6k5f,combined,stressid
0,2.1861651e-06,0.43630466,stressid_6k5f,combined,stressid
0,1.5073294e-07,0.4923404,stressid_6k5f,combined,stressid
0,2.211013e-06,0.44580474,stressid_6k5f,combined,stressid
0,2.2337456e-06,0.44138938,stressid_6k5f,combined,stressid
0,2.182815e-06,0.43696603,stressid_6k5f,combined,stressid
0,2.1929934e-06,0.43654734,stressid_6k5f,combined,stressid
0,2.190113e-06,0.43675107,stressid_6k5f,combined,stressid
0,2.1927485e-06,0.43601167,stressid_6k5f,combined,stressid
0,2.180801e-06,0.43799892,stressid_6k5f,combined,stressid
0,2.2001554e-06,0.44340715,stressid_6k5f,combined,stressid
0,1.5625064e-07,0.49559152,stressid_6k5f,combined,stressid
0,1.0588611e-07,0.51095986,stressid_6k5f,combined,stressid
0,1.9014709e-07,0.4925674,stressid_6k5f,combined,stressid
0,1.4907123e-07,0.50099134,stressid_6k5f,combined,stressid
0,8.53211e-08,0.51841545,stressid_6k5f,combined,stressid
0,7.686625e-08,0.52398014,stressid_6k5f,combined,stressid
0,0.012702205,0.2909942,stressid_m8g5,combined,stressid
0,0.012207495,0.30071718,stressid_m8g5,combined,stressid
0,0.0116636045,0.3253886,stressid_m8g5,combined,stressid
0,0.011103464,0.36893752,stressid_m8g5,combined,stressid
0,0.010515369,0.39191997,stressid_m8g5,combined,stressid
0,0.010805953,0.3800772,stressid_m8g5,combined,stressid
0,0.011061066,0.36673224,stressid_m8g5,combined,stressid
0,0.010969139,0.3557455,stressid_m8g5,combined,stressid
0,0.011027339,0.36142528,stressid_m8g5,combined,stressid
0,0.011082723,0.3543804,stressid_m8g5,combined,stressid
0,0.010624696,0.35495463,stressid_m8g5,combined,stressid
0,0.011171304,0.3376814,stressid_m8g5,combined,stressid
0,0.011997569,0.29401815,stressid_m8g5,combined,stressid
0,0.011756219,0.32395855,stressid_m8g5,combined,stressid
0,0.011579109,0.3426378,stressid_m8g5,combined,stressid
0,0.011456084,0.34506467,stressid_m8g5,combined,stressid
0,0.011794537,0.33235368,stressid_m8g5,combined,stressid
0,0.011268533,0.32601312,stressid_m8g5,combined,stressid
0,0.0105254855,0.35647815,stressid_m8g5,combined,stressid
0,0.010968037,0.36085284,stressid_m8g5,combined,stressid
0,0.011998389,0.32491332,stressid_m8g5,combined,stressid
0,0.01244078,0.30491084,stressid_m8g5,combined,stressid
0,0.011984958,0.34222406,stressid_m8g5,combined,stressid
0,0.01159281,0.32722563,stressid_m8g5,combined,stressid
0,0.011716375,0.35210115,stressid_m8g5,combined,stressid
0,0.010825662,0.34453306,stressid_m8g5,combined,stressid
0,0.011371301,0.32872093,stressid_m8g5,combined,stressid
0,0.011984021,0.3175579,stressid_m8g5,combined,stressid
0,0.011632725,0.31406283,stressid_m8g5,combined,stressid
0,0.009556493,0.38596353,stressid_m8g5,combined,stressid
0,0.009556609,0.38608962,stressid_m8g5,combined,stressid
0,0.010382355,0.37120923,stressid_m8g5,combined,stressid
0,0.010547658,0.36836585,stressid_m8g5,combined,stressid
0,0.01054016,0.36854756,stressid_m8g5,combined,stressid
0,0.011444036,0.33900633,stressid_m8g5,combined,stressid
0,0.010996605,0.36139885,stressid_m8g5,combined,stressid
0,0.010842316,0.3638977,stressid_m8g5,combined,stressid
0,0.011003905,0.36128685,stressid_m8g5,combined,stressid
0,0.011099103,0.35981154,stressid_m8g5,combined,stressid
0,0.0107186055,0.3657475,stressid_m8g5,combined,stressid
0,0.010533663,0.3687181,stressid_m8g5,combined,stressid
0,0.010418486,0.37067413,stressid_m8g5,combined,stressid
0,0.010205432,0.37428063,stressid_m8g5,combined,stressid
0,0.010234329,0.37376606,stressid_m8g5,combined,stressid
0,0.0103543,0.3717445,stressid_m8g5,combined,stressid
0,0.011535396,0.32077056,stressid_m8g5,combined,stressid
0,0.010127859,0.37557977,stressid_m8g5,combined,stressid
0,0.010079519,0.37641925,stressid_m8g5,combined,stressid
0,0.010290904,0.37282225,stressid_m8g5,combined,stressid
0,0.010282899,0.37294778,stressid_m8g5,combined,stressid
0,0.010275457,0.37308204,stressid_m8g5,combined,stressid
0,0.010129469,0.37554908,stressid_m8g5,combined,stressid
0,0.010144862,0.37529683,stressid_m8g5,combined,stressid
0,0.010012815,0.37758154,stressid_m8g5,combined,stressid
0,0.0097387945,0.38261846,stressid_m8g5,combined,stressid
0,0.011337129,0.3477804,stressid_m8g5,combined,stressid
0,0.011075467,0.3634493,stressid_m8g5,combined,stressid
0,0.010863051,0.37728605,stressid_m8g5,combined,stressid
0,0.011623941,0.3052534,stressid_m8g5,combined,stressid
1,0.0011612539,0.13069032,stressid_m8g5,combined,stressid
1,0.001169766,0.13251697,stressid_m8g5,combined,stressid
1,0.0011779165,0.13396417,stressid_m8g5,combined,stressid
1,0.001091608,0.17955112,stressid_m8g5,combined,stressid
1,0.0011218992,0.17655493,stressid_m8g5,combined,stressid
1,0.001121397,0.17775773,stressid_m8g5,combined,stressid
1,0.0011035893,0.18391614,stressid_m8g5,combined,stressid
1,0.0010693688,0.18161145,stressid_m8g5,combined,stressid
1,0.0010920954,0.17936103,stressid_m8g5,combined,stressid
1,0.0010624941,0.18215227,stressid_m8g5,combined,stressid
1,0.0010452827,0.18615143,stressid_m8g5,combined,stressid
1,0.0011735797,0.12727238,stressid_m8g5,combined,stressid
1,0.0011752901,0.11917726,stressid_m8g5,combined,stressid
1,0.0011884341,0.12340111,stressid_m8g5,combined,stressid
1,0.001197801,0.12720703,stressid_m8g5,combined,stressid
1,0.0011674978,0.12612204,stressid_m8g5,combined,stressid
1,0.0011701058,0.12749122,stressid_m8g5,combined,stressid
1,0.0011876747,0.12747109,stressid_m8g5,combined,stressid
1,0.0012068392,0.12620182,stressid_m8g5,combined,stressid
1,0.0011719402,0.12872447,stressid_m8g5,combined,stressid
1,0.0011641474,0.12767091,stressid_m8g5,combined,stressid
1,0.0012550856,0.1588501,stressid_m8g5,combined,stressid
1,0.0012695537,0.19125718,stressid_m8g5,combined,stressid
1,0.0011296996,0.17898667,stressid_m8g5,combined,stressid
1,0.0013803443,0.19450706,stressid_m8g5,combined,stressid
1,0.0010617904,0.18679751,stressid_m8g5,combined,stressid
1,0.0010543178,0.18274078,stressid_m8g5,combined,stressid
1,0.0010986285,0.17983699,stressid_m8g5,combined,stressid
1,0.0011541476,0.173348,stressid_m8g5,combined,stressid
1,0.001107597,0.17815948,stressid_m8g5,combined,stressid
1,0.0011934141,0.12785536,stressid_m8g5,combined,stressid
1,0.0011409498,0.12967385,stressid_m8g5,combined,stressid
1,0.0011915336,0.121523134,stressid_m8g5,combined,stressid
1,0.0012457537,0.12727995,stressid_m8g5,combined,stressid
1,0.0013055564,0.13724048,stressid_m8g5,combined,stressid
1,0.0012736539,0.14136074,stressid_m8g5,combined,stressid
1,0.0011978049,0.14504623,stressid_m8g5,combined,stressid
1,0.0012504654,0.1439006,stressid_m8g5,combined,stressid
1,0.0012899443,0.10887699,stressid_m8g5,combined,stressid
1,0.001278699,0.11481088,stressid_m8g5,combined,stressid
1,0.0012650646,0.12592915,stressid_m8g5,combined,stressid
1,0.0011433766,0.17366675,stressid_m8g5,combined,stressid
1,0.001198334,0.1728916,stressid_m8g5,combined,stressid
1,0.00116101,0.17327139,stressid_m8g5,combined,stressid
1,0.0011726294,0.17327224,stressid_m8g5,combined,stressid
1,0.0011628995,0.1741153,stressid_m8g5,combined,stressid
1,0.0012697405,0.18219388,stressid_m8g5,combined,stressid
1,0.0010632363,0.18111837,stressid_m8g5,combined,stressid
1,0.0010552318,0.18501082,stressid_m8g5,combined,stressid
1,0.0012705004,0.12220636,stressid_m8g5,combined,stressid
1,0.0013026841,0.12068434,stressid_m8g5,combined,stressid
1,0.0012639324,0.11512553,stressid_m8g5,combined,stressid
1,0.0012564153,0.1245657,stressid_m8g5,combined,stressid
1,0.0013017564,0.12101314,stressid_m8g5,combined,stressid
1,0.0013079975,0.1217431,stressid_m8g5,combined,stressid
1,0.0012385343,0.12482514,stressid_m8g5,combined,stressid
1,0.0012654249,0.12447188,stressid_m8g5,combined,stressid
0,0.0012920107,0.11836536,stressid_m8g5,combined,stressid
0,0.001268356,0.11882273,stressid_m8g5,combined,stressid
0,0.0012275389,0.12033292,stressid_m8g5,combined,stressid
0,0.0011501324,0.17277518,stressid_m8g5,combined,stressid
0,0.0011499773,0.17452604,stressid_m8g5,combined,stressid
0,0.001162745,0.17220645,stressid_m8g5,combined,stressid
0,0.0011475377,0.17332228,stressid_m8g5,combined,stressid
0,0.0011694445,0.17356788,stressid_m8g5,combined,stressid
0,0.0011058736,0.17715824,stressid_m8g5,combined,stressid
0,0.0010749912,0.18015611,stressid_m8g5,combined,stressid
0,0.0011028585,0.18023963,stressid_m8g5,combined,stressid
0,0.0012925768,0.113021806,stressid_m8g5,combined,stressid
0,0.0012536687,0.11889989,stressid_m8g5,combined,stressid
0,0.0012447258,0.11509764,stressid_m8g5,combined,stressid
0,0.0013079819,0.11507935,stressid_m8g5,combined,stressid
0,0.0012480454,0.112166815,stressid_m8g5,combined,stressid
0,0.0012514711,0.11358857,stressid_m8g5,combined,stressid
0,0.0012562333,0.11784554,stressid_m8g5,combined,stressid
0,0.0012481298,0.11663307,stressid_m8g5,combined,stressid
1,0.0012712652,0.11223716,stressid_m8g5,combined,stressid
1,0.0012261192,0.11077436,stressid_m8g5,combined,stressid
1,0.0012859146,0.14131749,stressid_m8g5,combined,stressid
1,0.0009801871,0.19533762,stressid_m8g5,combined,stressid
1,0.0010045987,0.19735812,stressid_m8g5,combined,stressid
1,0.0010718436,0.19589739,stressid_m8g5,combined,stressid
1,0.0011884074,0.19429815,stressid_m8g5,combined,stressid
1,0.0012005327,0.1911259,stressid_m8g5,combined,stressid
1,0.0012050541,0.19256884,stressid_m8g5,combined,stressid
1,0.0012161059,0.19148833,stressid_m8g5,combined,stressid
1,0.001192638,0.1875045,stressid_m8g5,combined,stressid
1,0.0012583218,0.113153175,stressid_m8g5,combined,stressid
1,0.0012503267,0.11432689,stressid_m8g5,combined,stressid
1,0.0012563039,0.118059166,stressid_m8g5,combined,stressid
1,0.0012496094,0.12147271,stressid_m8g5,combined,stressid
1,0.0012232274,0.123486444,stressid_m8g5,combined,stressid
1,0.0011931702,0.12825996,stressid_m8g5,combined,stressid
1,0.0012422997,0.14662778,stressid_m8g5,combined,stressid
1,0.001319656,0.1468053,stressid_m8g5,combined,stressid
0,0.01269018,0.3061379,stressid_m8g5,combined,stressid
0,0.012689916,0.30748254,stressid_m8g5,combined,stressid
0,0.011080968,0.3495368,stressid_m8g5,combined,stressid
0,0.010803757,0.3524704,stressid_m8g5,combined,stressid
0,0.010914139,0.358604,stressid_m8g5,combined,stressid
0,0.0115007255,0.33895853,stressid_m8g5,combined,stressid
0,0.010993847,0.35231277,stressid_m8g5,combined,stressid
0,0.011067667,0.34788078,stressid_m8g5,combined,stressid
0,0.011139376,0.32850254,stressid_m8g5,combined,stressid
0,0.01119321,0.33167002,stressid_m8g5,combined,stressid
0,0.011526542,0.31984112,stressid_m8g5,combined,stressid
0,0.011174091,0.33318922,stressid_m8g5,combined,stressid
0,0.012359129,0.31478754,stressid_m8g5,combined,stressid
0,0.011371789,0.32794416,stressid_m8g5,combined,stressid
0,0.011443907,0.3217597,stressid_m8g5,combined,stressid
0,0.010729027,0.33174396,stressid_m8g5,combined,stressid
0,0.010661726,0.32343626,stressid_m8g5,combined,stressid
0,0.01131456,0.3078805,stressid_m8g5,combined,stressid
0,0.011335905,0.30847713,stressid_m8g5,combined,stressid
0,0.011036016,0.31222224,stressid_m8g5,combined,stressid
0,0.010871852,0.3066908,stressid_m8g5,combined,stressid
0,0.011536445,0.29590556,stressid_m8g5,combined,stressid
0,0.009685853,0.3833089,stressid_m8g5,combined,stressid
0,0.012000213,0.32657462,stressid_m8g5,combined,stressid
0,0.009662553,0.383961,stressid_m8g5,combined,stressid
0,0.009434712,0.38853416,stressid_m8g5,combined,stressid
0,0.009556681,0.38603392,stressid_m8g5,combined,stressid
0,0.009608118,0.38510588,stressid_m8g5,combined,stressid
0,0.00979615,0.38139108,stressid_m8g5,combined,stressid
0,0.009209918,0.39341965,stressid_m8g5,combined,stressid
0,0.009295537,0.39158502,stressid_m8g5,combined,stressid
0,0.008882805,0.40044475,stressid_m8g5,combined,stressid
0,0.009046787,0.39687452,stressid_m8g5,combined,stressid
0,0.009545901,0.38631722,stressid_m8g5,combined,stressid
0,0.012218176,0.32710153,stressid_m8g5,combined,stressid
0,0.009556244,0.3861693,stressid_m8g5,combined,stressid
0,0.0099083595,0.37930563,stressid_m8g5,combined,stressid
0,0.009560307,0.38599724,stressid_m8g5,combined,stressid
0,0.009408104,0.3891784,stressid_m8g5,combined,stressid
0,0.009250328,0.39247626,stressid_m8g5,combined,stressid
0,0.009523871,0.38683867,stressid_m8g5,combined,stressid
0,0.009596234,0.38529113,stressid_m8g5,combined,stressid
0,0.009392239,0.38943252,stressid_m8g5,combined,stressid
0,0.009842112,0.38043603,stressid_m8g5,combined,stressid
0,0.011834203,0.33759245,stressid_m8g5,combined,stressid
0,0.01144031,0.34496176,stressid_m8g5,combined,stressid
0,0.01103929,0.3528052,stressid_m8g5,combined,stressid
0,0.011387937,0.33733073,stressid_m8g5,combined,stressid
0,0.011497744,0.33867154,stressid_m8g5,combined,stressid
0,0.0011324066,0.13128635,stressid_m8g5,combined,stressid
0,0.001196297,0.12827733,stressid_m8g5,combined,stressid
0,0.0011026936,0.15218037,stressid_m8g5,combined,stressid
0,0.0010896792,0.18835591,stressid_m8g5,combined,stressid
0,0.0010833312,0.1813084,stressid_m8g5,combined,stressid
0,0.0010429627,0.18516931,stressid_m8g5,combined,stressid
0,0.0011100185,0.19043471,stressid_m8g5,combined,stressid
0,0.0010825936,0.18477727,stressid_m8g5,combined,stressid
0,0.001093916,0.19380085,stressid_m8g5,combined,stressid
0,0.0012017029,0.20875235,stressid_m8g5,combined,stressid
0,0.0011048716,0.20431322,stressid_m8g5,combined,stressid
0,0.0011541502,0.12784873,stressid_m8g5,combined,stressid
0,0.0011731064,0.12829743,stressid_m8g5,combined,stressid
0,0.0011627106,0.13118604,stressid_m8g5,combined,stressid
0,0.0011639999,0.13450874,stressid_m8g5,combined,stressid
0,0.0010951358,0.14536174,stressid_m8g5,combined,stressid
0,0.0011514971,0.13541819,stressid_m8g5,combined,stressid
0,0.0011424527,0.1411606,stressid_m8g5,combined,stressid
0,0.0011915104,0.15236081,stressid_m8g5,combined,stressid
1,0.0011377296,0.14517863,stressid_m8g5,combined,stressid
1,0.0011128363,0.14158905,stressid_m8g5,combined,stressid
1,0.0011844451,0.12594636,stressid_m8g5,combined,stressid
1,0.0010825507,0.17958395,stressid_m8g5,combined,stressid
1,0.0010786086,0.18135543,stressid_m8g5,combined,stressid
1,0.0010687358,0.18151738,stressid_m8g5,combined,stressid
1,0.001040603,0.18307409,stressid_m8g5,combined,stressid
1,0.0010770911,0.17943187,stressid_m8g5,combined,stressid
1,0.0011473277,0.1768977,stressid_m8g5,combined,stressid
1,0.0012281745,0.17110069,stressid_m8g5,combined,stressid
1,0.00123748,0.1726462,stressid_m8g5,combined,stressid
1,0.0011224049,0.14477149,stressid_m8g5,combined,stressid
1,0.0011569744,0.14566985,stressid_m8g5,combined,stressid
1,0.0011458523,0.13541317,stressid_m8g5,combined,stressid
1,0.001227991,0.1254954,stressid_m8g5,combined,stressid
1,0.0012909318,0.13001703,stressid_m8g5,combined,stressid
1,0.0011568086,0.13067465,stressid_m8g5,combined,stressid
1,0.0011241956,0.13988318,stressid_m8g5,combined,stressid
1,0.0011687096,0.12769236,stressid_m8g5,combined,stressid
0,0.011202634,0.32603964,stressid_m8g5,combined,stressid
0,0.011073752,0.33164814,stressid_m8g5,combined,stressid
0,0.011089938,0.30724317,stressid_m8g5,combined,stressid
0,0.012464425,0.30727684,stressid_m8g5,combined,stressid
0,0.013309446,0.29818413,stressid_m8g5,combined,stressid
0,0.013038635,0.3128609,stressid_m8g5,combined,stressid
0,0.013053622,0.3067386,stressid_m8g5,combined,stressid
0,0.0125757335,0.33031642,stressid_m8g5,combined,stressid
0,0.0129288435,0.29927263,stressid_m8g5,combined,stressid
0,0.012876347,0.303781,stressid_m8g5,combined,stressid
0,0.012538902,0.31868577,stressid_m8g5,combined,stressid
0,0.012387425,0.3340419,stressid_m8g5,combined,stressid
0,0.011203057,0.33032382,stressid_m8g5,combined,stressid
0,0.011650995,0.3682845,stressid_m8g5,combined,stressid
0,0.010649551,0.3792453,stressid_m8g5,combined,stressid
0,0.011557838,0.33813933,stressid_m8g5,combined,stressid
0,0.0122293,0.32566926,stressid_m8g5,combined,stressid
0,0.012549941,0.31253135,stressid_m8g5,combined,stressid
0,0.012668475,0.3131154,stressid_m8g5,combined,stressid
0,0.011536902,0.33123967,stressid_m8g5,combined,stressid
0,0.01222615,0.32502013,stressid_m8g5,combined,stressid
0,0.012933245,0.32116807,stressid_m8g5,combined,stressid
0,0.013432665,0.28454733,stressid_m8g5,combined,stressid
0,0.010793804,0.3415836,stressid_m8g5,combined,stressid
0,0.013035207,0.2813047,stressid_m8g5,combined,stressid
0,0.011889484,0.29481837,stressid_m8g5,combined,stressid
0,0.010013174,0.35502273,stressid_m8g5,combined,stressid
0,0.00879391,0.40182808,stressid_m8g5,combined,stressid
0,0.008577988,0.4065454,stressid_m8g5,combined,stressid
0,0.008939467,0.39870268,stressid_m8g5,combined,stressid
0,0.008908209,0.39936563,stressid_m8g5,combined,stressid
0,0.010183818,0.37426054,stressid_m8g5,combined,stressid
0,0.0108993715,0.36264127,stressid_m8g5,combined,stressid
0,0.010540323,0.36846715,stressid_m8g5,combined,stressid
0,0.0110979155,0.33815727,stressid_m8g5,combined,stressid
0,0.0102221975,0.37384474,stressid_m8g5,combined,stressid
0,0.009505236,0.38707536,stressid_m8g5,combined,stressid
0,0.009081818,0.3960802,stressid_m8g5,combined,stressid
0,0.009773109,0.38183033,stressid_m8g5,combined,stressid
0,0.009374183,0.38989064,stressid_m8g5,combined,stressid
0,0.009520377,0.38680845,stressid_m8g5,combined,stressid
0,0.009809263,0.38108543,stressid_m8g5,combined,stressid
0,0.009686532,0.3836619,stressid_m8g5,combined,stressid
0,0.009223272,0.39301854,stressid_m8g5,combined,stressid
0,0.008859356,0.40093303,stressid_m8g5,combined,stressid
0,0.010545199,0.3564997,stressid_m8g5,combined,stressid
0,0.011313136,0.35641727,stressid_m8g5,combined,stressid
0,0.012371625,0.3412833,stressid_m8g5,combined,stressid
0,0.012433155,0.34060815,stressid_m8g5,combined,stressid
0,0.011755985,0.3499372,stressid_m8g5,combined,stressid
0,0.010889352,0.36296514,stressid_m8g5,combined,stressid
0,0.010709979,0.36584672,stressid_m8g5,combined,stressid
0,0.010603885,0.3675672,stressid_m8g5,combined,stressid
0,0.01119626,0.32154277,stressid_m8g5,combined,stressid
0,0.011102946,0.31646234,stressid_m8g5,combined,stressid
0,0.010981805,0.31858876,stressid_m8g5,combined,stressid
0,0.011090262,0.30506298,stressid_m8g5,combined,stressid
0,0.010066072,0.35362765,stressid_m8g5,combined,stressid
0,0.009926353,0.36045152,stressid_m8g5,combined,stressid
0,0.010064615,0.3592221,stressid_m8g5,combined,stressid
0,0.010060862,0.36254412,stressid_m8g5,combined,stressid
0,0.010129077,0.36204287,stressid_m8g5,combined,stressid
0,0.010762252,0.3411376,stressid_m8g5,combined,stressid
0,0.010838117,0.3301111,stressid_m8g5,combined,stressid
0,0.010523539,0.3401862,stressid_m8g5,combined,stressid
0,0.010655767,0.33816713,stressid_m8g5,combined,stressid
0,0.010722813,0.34132066,stressid_m8g5,combined,stressid
0,0.01065637,0.34462687,stressid_m8g5,combined,stressid
0,0.010682257,0.34396496,stressid_m8g5,combined,stressid
0,0.0104899015,0.34239972,stressid_m8g5,combined,stressid
0,0.01073136,0.3419389,stressid_m8g5,combined,stressid
0,0.010979578,0.33450073,stressid_m8g5,combined,stressid
0,0.009869571,0.3799406,stressid_m8g5,combined,stressid
0,0.0100291055,0.37719402,stressid_m8g5,combined,stressid
0,0.009975542,0.37810007,stressid_m8g5,combined,stressid
0,0.009832516,0.3805685,stressid_m8g5,combined,stressid
0,0.009434328,0.3885168,stressid_m8g5,combined,stressid
0,0.009793198,0.38129288,stressid_m8g5,combined,stressid
0,0.009977917,0.37804633,stressid_m8g5,combined,stressid
0,0.00983742,0.38047326,stressid_m8g5,combined,stressid
0,0.011032129,0.32899264,stressid_m8g5,combined,stressid
0,0.009543386,0.38628194,stressid_m8g5,combined,stressid
0,0.009740587,0.38239315,stressid_m8g5,combined,stressid
0,0.009587377,0.38541922,stressid_m8g5,combined,stressid
0,0.009662826,0.38397387,stressid_m8g5,combined,stressid
0,0.00958018,0.38557574,stressid_m8g5,combined,stressid
0,0.009541375,0.3863391,stressid_m8g5,combined,stressid
0,0.0097963475,0.38132602,stressid_m8g5,combined,stressid
0,0.009651453,0.38420472,stressid_m8g5,combined,stressid
0,0.011244905,0.30908194,stressid_m8g5,combined,stressid
0,0.010455264,0.32900366,stressid_m8g5,combined,stressid
0,0.010218875,0.3421617,stressid_m8g5,combined,stressid
0,0.00996947,0.36114842,stressid_m8g5,combined,stressid
0,0.009983495,0.36281762,stressid_m8g5,combined,stressid
0,0.010400725,0.35154,stressid_m8g5,combined,stressid
0,3.8643488e-05,0.5859509,stressid_8g4y,combined,stressid
0,4.3684187e-05,0.5743001,stressid_8g4y,combined,stressid
0,3.4580982e-05,0.626611,stressid_8g4y,combined,stressid
0,4.066479e-05,0.5909984,stressid_8g4y,combined,stressid
0,3.912621e-05,0.5975174,stressid_8g4y,combined,stressid
0,5.4199925e-05,0.51922643,stressid_8g4y,combined,stressid
0,4.4262328e-05,0.5719627,stressid_8g4y,combined,stressid
0,4.3935357e-05,0.57195807,stressid_8g4y,combined,stressid
0,3.7130012e-05,0.6096825,stressid_8g4y,combined,stressid
0,4.335698e-05,0.5719104,stressid_8g4y,combined,stressid
0,3.3654094e-05,0.630561,stressid_8g4y,combined,stressid
0,4.3849966e-05,0.5554865,stressid_8g4y,combined,stressid
0,2.7599257e-05,0.3498217,stressid_8g4y,combined,stressid
0,2.7524638e-05,0.51938456,stressid_8g4y,combined,stressid
0,2.9527453e-05,0.42207295,stressid_8g4y,combined,stressid
0,2.765725e-05,0.519264,stressid_8g4y,combined,stressid
0,4.1931406e-05,0.577522,stressid_8g4y,combined,stressid
0,3.636902e-05,0.61823225,stressid_8g4y,combined,stressid
0,4.2885153e-05,0.57426375,stressid_8g4y,combined,stressid
0,3.5421115e-05,0.60497415,stressid_8g4y,combined,stressid
0,4.302993e-05,0.57261133,stressid_8g4y,combined,stressid
0,3.719692e-05,0.61045575,stressid_8g4y,combined,stressid
0,4.307706e-05,0.5723146,stressid_8g4y,combined,stressid
0,3.353335e-05,0.4630454,stressid_8g4y,combined,stressid
0,3.382814e-05,0.6235093,stressid_8g4y,combined,stressid
0,4.0650128e-05,0.57754207,stressid_8g4y,combined,stressid
0,3.4023487e-05,0.6153279,stressid_8g4y,combined,stressid
0,4.1312065e-05,0.5845084,stressid_8g4y,combined,stressid
0,3.6335216e-05,0.6204183,stressid_8g4y,combined,stressid
0,2.9768258e-05,0.6754991,stressid_8g4y,combined,stressid
0,2.9653113e-05,0.6734889,stressid_8g4y,combined,stressid
0,2.9531031e-05,0.6729859,stressid_8g4y,combined,stressid
0,2.9319786e-05,0.6705695,stressid_8g4y,combined,stressid
0,2.8980836e-05,0.666817,stressid_8g4y,combined,stressid
0,3.990168e-05,0.59510875,stressid_8g4y,combined,stressid
0,2.9114579e-05,0.6679729,stressid_8g4y,combined,stressid
0,2.9614313e-05,0.6736384,stressid_8g4y,combined,stressid
0,2.9341354e-05,0.6709632,stressid_8g4y,combined,stressid
0,2.9271536e-05,0.6695663,stressid_8g4y,combined,stressid
0,2.8922303e-05,0.6666106,stressid_8g4y,combined,stressid
0,2.8691544e-05,0.6639739,stressid_8g4y,combined,stressid
0,2.8882172e-05,0.6655531,stressid_8g4y,combined,stressid
0,2.8883853e-05,0.6658333,stressid_8g4y,combined,stressid
0,2.8761677e-05,0.66483414,stressid_8g4y,combined,stressid
0,2.8885865e-05,0.6658291,stressid_8g4y,combined,stressid
0,4.581111e-05,0.56169987,stressid_8g4y,combined,stressid
0,2.9071018e-05,0.6676364,stressid_8g4y,combined,stressid
0,2.8690365e-05,0.6641582,stressid_8g4y,combined,stressid
0,2.8678905e-05,0.6638025,stressid_8g4y,combined,stressid
0,2.9089904e-05,0.6677263,stressid_8g4y,combined,stressid
0,2.900229e-05,0.6672159,stressid_8g4y,combined,stressid
0,2.867431e-05,0.66390646,stressid_8g4y,combined,stressid
0,2.962742e-05,0.67368615,stressid_8g4y,combined,stressid
0,2.945953e-05,0.6722372,stressid_8g4y,combined,stressid
0,2.8616752e-05,0.663188,stressid_8g4y,combined,stressid
0,3.620751e-05,0.6131499,stressid_8g4y,combined,stressid
0,4.1263167e-05,0.5767119,stressid_8g4y,combined,stressid
0,3.4368673e-05,0.61936945,stressid_8g4y,combined,stressid
0,4.6304347e-05,0.555604,stressid_8g4y,combined,stressid
0,0.9974789,0.37463313,stressid_8g4y,combined,stressid
0,0.6940999,0.33447272,stressid_8g4y,combined,stressid
0,0.996968,0.42858595,stressid_8g4y,combined,stressid
0,0.9981061,0.36534992,stressid_8g4y,combined,stressid
0,0.9988166,0.376466,stressid_8g4y,combined,stressid
0,0.9986534,0.38558906,stressid_8g4y,combined,stressid
0,0.9984175,0.38184983,stressid_8g4y,combined,stressid
0,0.99759465,0.35861588,stressid_8g4y,combined,stressid
0,0.9968407,0.36218172,stressid_8g4y,combined,stressid
0,0.9847072,0.33901793,stressid_8g4y,combined,stressid
0,0.9965534,0.41917813,stressid_8g4y,combined,stressid
0,0.9950794,0.39078435,stressid_8g4y,combined,stressid
0,0.975654,0.37028643,stressid_8g4y,combined,stressid
0,0.39566213,0.2778697,stressid_8g4y,combined,stressid
0,0.96833986,0.38503882,stressid_8g4y,combined,stressid
0,0.9964355,0.43233696,stressid_8g4y,combined,stressid
0,0.99266243,0.4024999,stressid_8g4y,combined,stressid
0,0.9856017,0.4018161,stressid_8g4y,combined,stressid
0,0.9953223,0.42166945,stressid_8g4y,combined,stressid
1,0.99802446,0.42921627,stressid_8g4y,combined,stressid
1,0.99871874,0.43752694,stressid_8g4y,combined,stressid
1,0.96618515,0.35599935,stressid_8g4y,combined,stressid
1,0.9947924,0.35529113,stressid_8g4y,combined,stressid
1,0.9981158,0.37353963,stressid_8g4y,combined,stressid
1,0.99868125,0.37095332,stressid_8g4y,combined,stressid
1,0.9989334,0.36680132,stressid_8g4y,combined,stressid
1,0.9985656,0.3837901,stressid_8g4y,combined,stressid
1,0.9972338,0.38137335,stressid_8g4y,combined,stressid
1,0.9919228,0.35071415,stressid_8g4y,combined,stressid
1,0.9257617,0.277945,stressid_8g4y,combined,stressid
1,0.9986731,0.41877043,stressid_8g4y,combined,stressid
1,0.9975017,0.43465218,stressid_8g4y,combined,stressid
1,0.99635065,0.43094137,stressid_8g4y,combined,stressid
1,0.99193585,0.41255438,stressid_8g4y,combined,stressid
1,0.9905207,0.39575738,stressid_8g4y,combined,stressid
1,0.993324,0.40940613,stressid_8g4y,combined,stressid
1,0.99770325,0.4133503,stressid_8g4y,combined,stressid
1,0.9985586,0.40569237,stressid_8g4y,combined,stressid
0,0.65799403,0.28852683,stressid_8g4y,combined,stressid
0,0.99574775,0.37294438,stressid_8g4y,combined,stressid
0,0.8693279,0.3806734,stressid_8g4y,combined,stressid
0,0.10632099,0.23091769,stressid_8g4y,combined,stressid
0,0.9830246,0.33052924,stressid_8g4y,combined,stressid
0,0.9874626,0.36283326,stressid_8g4y,combined,stressid
0,0.9416923,0.31470945,stressid_8g4y,combined,stressid
0,0.995943,0.37375414,stressid_8g4y,combined,stressid
0,0.9806923,0.35031763,stressid_8g4y,combined,stressid
0,0.025866035,0.23588197,stressid_8g4y,combined,stressid
0,0.9966028,0.38207006,stressid_8g4y,combined,stressid
0,0.99820316,0.4004108,stressid_8g4y,combined,stressid
0,0.9983619,0.36261013,stressid_8g4y,combined,stressid
0,0.998408,0.32874873,stressid_8g4y,combined,stressid
0,0.9981285,0.3966037,stressid_8g4y,combined,stressid
0,0.9938645,0.39900604,stressid_8g4y,combined,stressid
0,0.93660134,0.39345786,stressid_8g4y,combined,stressid
0,0.9845115,0.39031193,stressid_8g4y,combined,stressid
0,0.9828326,0.38511878,stressid_8g4y,combined,stressid
1,0.9972837,0.42326853,stressid_8g4y,combined,stressid
1,0.9978721,0.44019186,stressid_8g4y,combined,stressid
1,0.9951969,0.40638182,stressid_8g4y,combined,stressid
1,0.994214,0.36360988,stressid_8g4y,combined,stressid
1,0.99725634,0.38720393,stressid_8g4y,combined,stressid
1,0.9956334,0.36009446,stressid_8g4y,combined,stressid
1,0.93277293,0.2902624,stressid_8g4y,combined,stressid
1,0.99415225,0.33895147,stressid_8g4y,combined,stressid
1,0.9957468,0.3823638,stressid_8g4y,combined,stressid
1,0.9888897,0.36012313,stressid_8g4y,combined,stressid
1,0.9867909,0.4113521,stressid_8g4y,combined,stressid
1,0.99699533,0.39500675,stressid_8g4y,combined,stressid
1,0.14707896,0.26582548,stressid_8g4y,combined,stressid
1,0.9922976,0.4290181,stressid_8g4y,combined,stressid
1,0.9924172,0.421872,stressid_8g4y,combined,stressid
1,0.94649595,0.36990958,stressid_8g4y,combined,stressid
1,0.9886551,0.36740544,stressid_8g4y,combined,stressid
1,0.78740054,0.3524718,stressid_8g4y,combined,stressid
1,0.9631707,0.3799609,stressid_8g4y,combined,stressid
1,0.99926704,0.3060162,stressid_8g4y,combined,stressid
1,0.9985593,0.32315844,stressid_8g4y,combined,stressid
1,0.99894017,0.34211645,stressid_8g4y,combined,stressid
1,0.9911283,0.36717066,stressid_8g4y,combined,stressid
1,0.9987884,0.39509255,stressid_8g4y,combined,stressid
1,0.9989157,0.39669314,stressid_8g4y,combined,stressid
1,0.9988624,0.40061355,stressid_8g4y,combined,stressid
1,0.99771523,0.3745092,stressid_8g4y,combined,stressid
1,0.99459225,0.40490147,stressid_8g4y,combined,stressid
1,0.97021043,0.41881382,stressid_8g4y,combined,stressid
1,0.9946509,0.41084996,stressid_8g4y,combined,stressid
1,0.99809057,0.31761307,stressid_8g4y,combined,stressid
1,0.9961002,0.2957916,stressid_8g4y,combined,stressid
1,0.9947107,0.28670356,stressid_8g4y,combined,stressid
1,0.99897027,0.30852556,stressid_8g4y,combined,stressid
1,0.99891317,0.31607723,stressid_8g4y,combined,stressid
1,0.9989183,0.33938095,stressid_8g4y,combined,stressid
1,0.9988821,0.30948353,stressid_8g4y,combined,stressid
1,0.99895585,0.325999,stressid_8g4y,combined,stressid
0,2.6167048e-05,0.43579122,stressid_8g4y,combined,stressid
0,2.5708905e-05,0.34240255,stressid_8g4y,combined,stressid
0,2.4513165e-05,0.3044071,stressid_8g4y,combined,stressid
0,2.267348e-05,0.37174392,stressid_8g4y,combined,stressid
0,2.2595597e-05,0.39716208,stressid_8g4y,combined,stressid
0,2.35918e-05,0.38260484,stressid_8g4y,combined,stressid
0,2.4523828e-05,0.3622339,stressid_8g4y,combined,stressid
0,2.4061042e-05,0.35539654,stressid_8g4y,combined,stressid
0,2.3721659e-05,0.361626,stressid_8g4y,combined,stressid
0,2.3705536e-05,0.35501444,stressid_8g4y,combined,stressid
0,2.365134e-05,0.36156654,stressid_8g4y,combined,stressid
0,2.3190529e-05,0.35673785,stressid_8g4y,combined,stressid
0,2.6375345e-05,0.30483964,stressid_8g4y,combined,stressid
0,2.4163899e-05,0.29668835,stressid_8g4y,combined,stressid
0,2.3827924e-05,0.36179608,stressid_8g4y,combined,stressid
0,2.3417972e-05,0.37291932,stressid_8g4y,combined,stressid
0,2.3681041e-05,0.37589163,stressid_8g4y,combined,stressid
0,2.4127865e-05,0.3905871,stressid_8g4y,combined,stressid
0,2.424418e-05,0.39623392,stressid_8g4y,combined,stressid
0,2.3403258e-05,0.40215787,stressid_8g4y,combined,stressid
0,2.3086839e-05,0.40496904,stressid_8g4y,combined,stressid
0,2.2970795e-05,0.4009348,stressid_8g4y,combined,stressid
0,1.908608e-05,0.39324418,stressid_8g4y,combined,stressid
0,2.4417972e-05,0.39486748,stressid_8g4y,combined,stressid
0,1.9048526e-05,0.39077404,stressid_8g4y,combined,stressid
0,1.9133075e-05,0.39649725,stressid_8g4y,combined,stressid
0,1.911517e-05,0.39538267,stressid_8g4y,combined,stressid
0,1.9096875e-05,0.39231727,stressid_8g4y,combined,stressid
0,1.91056e-05,0.39225763,stressid_8g4y,combined,stressid
0,1.9078618e-05,0.39119527,stressid_8g4y,combined,stressid
0,1.910775e-05,0.39404315,stressid_8g4y,combined,stressid
0,1.918248e-05,0.39876437,stressid_8g4y,combined,stressid
0,1.9242136e-05,0.4021598,stressid_8g4y,combined,stressid
0,1.945748e-05,0.4142346,stressid_8g4y,combined,stressid
0,2.5166695e-05,0.3313971,stressid_8g4y,combined,stressid
0,1.9795953e-05,0.43342608,stressid_8g4y,combined,stressid
0,1.994214e-05,0.44115925,stressid_8g4y,combined,stressid
0,2.0065047e-05,0.44796222,stressid_8g4y,combined,stressid
0,1.9833557e-05,0.43497548,stressid_8g4y,combined,stressid
0,1.9699983e-05,0.4287632,stressid_8g4y,combined,stressid
0,1.9598436e-05,0.4236408,stressid_8g4y,combined,stressid
0,1.9796935e-05,0.43506995,stressid_8g4y,combined,stressid
0,1.9802146e-05,0.43545172,stressid_8g4y,combined,stressid
0,1.9978761e-05,0.44243574,stressid_8g4y,combined,stressid
0,2.659871e-05,0.28504765,stressid_8g4y,combined,stressid
0,2.709079e-05,0.35769954,stressid_8g4y,combined,stressid
0,2.557773e-05,0.31365994,stressid_8g4y,combined,stressid
0,2.5669025e-05,0.24460685,stressid_8g4y,combined,stressid
0,2.5140427e-05,0.26548186,stressid_8g4y,combined,stressid
1,0.99241954,0.33394998,stressid_8g4y,combined,stressid
1,0.035109054,0.23820737,stressid_8g4y,combined,stressid
1,0.99915695,0.33670142,stressid_8g4y,combined,stressid
1,0.9976909,0.39602494,stressid_8g4y,combined,stressid
1,0.9980671,0.3867471,stressid_8g4y,combined,stressid
1,0.9962203,0.35985714,stressid_8g4y,combined,stressid
1,0.99381834,0.36260736,stressid_8g4y,combined,stressid
1,0.9982993,0.38143152,stressid_8g4y,combined,stressid
1,0.99860376,0.38393268,stressid_8g4y,combined,stressid
1,0.9987349,0.36597985,stressid_8g4y,combined,stressid
1,0.9983286,0.35326734,stressid_8g4y,combined,stressid
1,0.99861825,0.39007884,stressid_8g4y,combined,stressid
1,0.99892753,0.37464613,stressid_8g4y,combined,stressid
1,0.99870455,0.3967835,stressid_8g4y,combined,stressid
1,0.9988537,0.4025026,stressid_8g4y,combined,stressid
1,0.99170214,0.34297132,stressid_8g4y,combined,stressid
1,0.9971553,0.3788659,stressid_8g4y,combined,stressid
1,0.998018,0.38380843,stressid_8g4y,combined,stressid
1,0.99920005,0.35208544,stressid_8g4y,combined,stressid
1,0.9970476,0.39184183,stressid_8g4y,combined,stressid
1,0.9962997,0.43090448,stressid_8g4y,combined,stressid
1,0.997045,0.3906459,stressid_8g4y,combined,stressid
1,0.9972132,0.34921113,stressid_8g4y,combined,stressid
1,0.9974087,0.36318812,stressid_8g4y,combined,stressid
1,0.9975521,0.36119518,stressid_8g4y,combined,stressid
1,0.9977114,0.35523444,stressid_8g4y,combined,stressid
1,0.9978077,0.3565564,stressid_8g4y,combined,stressid
1,0.9977035,0.3528177,stressid_8g4y,combined,stressid
1,0.9988097,0.35478508,stressid_8g4y,combined,stressid
1,0.99891603,0.37803176,stressid_8g4y,combined,stressid
1,0.9909236,0.39644036,stressid_8g4y,combined,stressid
1,0.99251336,0.39939934,stressid_8g4y,combined,stressid
1,0.99681395,0.43540064,stressid_8g4y,combined,stressid
1,0.9973924,0.40761414,stressid_8g4y,combined,stressid
1,0.9973007,0.37021598,stressid_8g4y,combined,stressid
1,0.99448884,0.39683974,stressid_8g4y,combined,stressid
1,0.99576914,0.4414024,stressid_8g4y,combined,stressid
1,0.9969798,0.41221476,stressid_8g4y,combined,stressid
0,2.7704107e-05,0.42802736,stressid_8g4y,combined,stressid
0,2.7777494e-05,0.43566895,stressid_8g4y,combined,stressid
0,2.5403242e-05,0.51592225,stressid_8g4y,combined,stressid
0,2.5795303e-05,0.53385925,stressid_8g4y,combined,stressid
0,2.5535568e-05,0.5338353,stressid_8g4y,combined,stressid
0,2.5764792e-05,0.5198214,stressid_8g4y,combined,stressid
0,2.5654512e-05,0.52142626,stressid_8g4y,combined,stressid
0,2.5226598e-05,0.48262292,stressid_8g4y,combined,stressid
0,2.5319416e-05,0.46750268,stressid_8g4y,combined,stressid
0,2.5076379e-05,0.43569922,stressid_8g4y,combined,stressid
0,2.4363682e-05,0.41956344,stressid_8g4y,combined,stressid
0,2.4227169e-05,0.4222811,stressid_8g4y,combined,stressid
0,2.6303102e-05,0.42974716,stressid_8g4y,combined,stressid
0,2.4574863e-05,0.42693728,stressid_8g4y,combined,stressid
0,2.443013e-05,0.4225945,stressid_8g4y,combined,stressid
0,2.45773e-05,0.41860473,stressid_8g4y,combined,stressid
0,2.494486e-05,0.43897957,stressid_8g4y,combined,stressid
0,2.5044543e-05,0.4370569,stressid_8g4y,combined,stressid
0,2.5360592e-05,0.42381835,stressid_8g4y,combined,stressid
0,2.5554426e-05,0.4252103,stressid_8g4y,combined,stressid
0,2.5758824e-05,0.43508828,stressid_8g4y,combined,stressid
0,2.6197562e-05,0.41633248,stressid_8g4y,combined,stressid
0,3.2164928e-05,0.3619027,stressid_8g4y,combined,stressid
0,2.5806328e-05,0.4315825,stressid_8g4y,combined,stressid
0,2.9313887e-05,0.38289076,stressid_8g4y,combined,stressid
0,2.4948144e-05,0.41853535,stressid_8g4y,combined,stressid
0,2.4013503e-05,0.41463572,stressid_8g4y,combined,stressid
0,1.9295718e-05,0.39991063,stressid_8g4y,combined,stressid
0,1.927909e-05,0.39927575,stressid_8g4y,combined,stressid
0,1.9282363e-05,0.39941332,stressid_8g4y,combined,stressid
0,1.9364332e-05,0.40358967,stressid_8g4y,combined,stressid
0,1.9249846e-05,0.39306745,stressid_8g4y,combined,stressid
0,1.9217488e-05,0.38688797,stressid_8g4y,combined,stressid
0,1.9259061e-05,0.3893051,stressid_8g4y,combined,stressid
0,2.5207986e-05,0.44096428,stressid_8g4y,combined,stressid
0,1.9127057e-05,0.37886724,stressid_8g4y,combined,stressid
0,1.9058485e-05,0.3700695,stressid_8g4y,combined,stressid
0,1.9198053e-05,0.37835652,stressid_8g4y,combined,stressid
0,1.909997e-05,0.3691244,stressid_8g4y,combined,stressid
0,1.903086e-05,0.3663515,stressid_8g4y,combined,stressid
0,1.8955747e-05,0.3588101,stressid_8g4y,combined,stressid
0,1.8858147e-05,0.3515719,stressid_8g4y,combined,stressid
0,1.8969924e-05,0.37349993,stressid_8g4y,combined,stressid
0,1.9333296e-05,0.30039322,stressid_8g4y,combined,stressid
0,1.9307205e-05,0.29246816,stressid_8g4y,combined,stressid
0,2.5253967e-05,0.43393648,stressid_8g4y,combined,stressid
0,1.889579e-05,0.30658513,stressid_8g4y,combined,stressid
0,1.8665927e-05,0.3250945,stressid_8g4y,combined,stressid
0,1.8634626e-05,0.34350163,stressid_8g4y,combined,stressid
0,1.8415036e-05,0.32727242,stressid_8g4y,combined,stressid
0,1.8398885e-05,0.32390326,stressid_8g4y,combined,stressid
0,1.840271e-05,0.3244359,stressid_8g4y,combined,stressid
0,1.840838e-05,0.32312748,stressid_8g4y,combined,stressid
0,2.544473e-05,0.44129205,stressid_8g4y,combined,stressid
0,2.496452e-05,0.48740587,stressid_8g4y,combined,stressid
0,2.5468345e-05,0.49331212,stressid_8g4y,combined,stressid
0,2.5232035e-05,0.484218,stressid_8g4y,combined,stressid
0,2.614069e-05,0.40817395,stressid_8g4y,combined,stressid
0,2.5558715e-05,0.40721402,stressid_8g4y,combined,stressid
0,2.5935557e-05,0.39926067,stressid_8g4y,combined,stressid
0,2.5307683e-05,0.404225,stressid_8g4y,combined,stressid
0,2.5590418e-05,0.3972608,stressid_8g4y,combined,stressid
0,2.4480087e-05,0.4045064,stressid_8g4y,combined,stressid
0,2.432143e-05,0.4180331,stressid_8g4y,combined,stressid
0,2.4378367e-05,0.40381753,stressid_8g4y,combined,stressid
0,2.4136769e-05,0.39134622,stressid_8g4y,combined,stressid
0,2.44237e-05,0.3818321,stressid_8g4y,combined,stressid
0,2.4132329e-05,0.38762635,stressid_8g4y,combined,stressid
0,2.420994e-05,0.38510916,stressid_8g4y,combined,stressid
0,2.5500962e-05,0.43115586,stressid_8g4y,combined,stressid
0,2.4830464e-05,0.375403,stressid_8g4y,combined,stressid
0,2.4813467e-05,0.38178244,stressid_8g4y,combined,stressid
0,1.8682704e-05,0.36616826,stressid_8g4y,combined,stressid
0,1.9281666e-05,0.40543866,stressid_8g4y,combined,stressid
0,1.9133075e-05,0.39513662,stressid_8g4y,combined,stressid
0,1.8961133e-05,0.38559943,stressid_8g4y,combined,stressid
0,1.8973544e-05,0.38688752,stressid_8g4y,combined,stressid
0,1.880208e-05,0.37561104,stressid_8g4y,combined,stressid
0,1.883153e-05,0.3780384,stressid_8g4y,combined,stressid
0,1.8887988e-05,0.3824748,stressid_8g4y,combined,stressid
0,2.5267505e-05,0.42932022,stressid_8g4y,combined,stressid
0,1.8808809e-05,0.37619284,stressid_8g4y,combined,stressid
0,1.862816e-05,0.36435464,stressid_8g4y,combined,stressid
0,1.8517034e-05,0.3537476,stressid_8g4y,combined,stressid
0,1.8630612e-05,0.36360592,stressid_8g4y,combined,stressid
0,1.864353e-05,0.3646437,stressid_8g4y,combined,stressid
0,1.8668065e-05,0.3666147,stressid_8g4y,combined,stressid
0,1.8715446e-05,0.3705814,stressid_8g4y,combined,stressid
0,1.8781779e-05,0.37533373,stressid_8g4y,combined,stressid
0,2.4378043e-05,0.4115692,stressid_8g4y,combined,stressid
0,2.4419554e-05,0.4101186,stressid_8g4y,combined,stressid
0,2.464419e-05,0.41081712,stressid_8g4y,combined,stressid
0,2.467302e-05,0.40193594,stressid_8g4y,combined,stressid
0,2.5244672e-05,0.41072384,stressid_8g4y,combined,stressid
0,2.5189218e-05,0.41400772,stressid_8g4y,combined,stressid
0,5.3281105e-06,0.3144456,stressid_9t6n,combined,stressid
0,5.417691e-06,0.30601317,stressid_9t6n,combined,stressid
0,6.7429432e-06,0.36379483,stressid_9t6n,combined,stressid
0,6.2280046e-06,0.326587,stressid_9t6n,combined,stressid
0,6.5814957e-06,0.3494347,stressid_9t6n,combined,stressid
0,6.933368e-06,0.35992575,stressid_9t6n,combined,stressid
0,6.7828473e-06,0.35105366,stressid_9t6n,combined,stressid
0,8.068174e-06,0.40053773,stressid_9t6n,combined,stressid
0,7.785738e-06,0.391927,stressid_9t6n,combined,stressid
0,7.1802338e-06,0.34623492,stressid_9t6n,combined,stressid
0,7.0848428e-06,0.3488124,stressid_9t6n,combined,stressid
0,7.013309e-06,0.34223723,stressid_9t6n,combined,stressid
0,5.6604276e-06,0.33025086,stressid_9t6n,combined,stressid
0,7.015155e-06,0.36598146,stressid_9t6n,combined,stressid
0,6.31139e-06,0.35570616,stressid_9t6n,combined,stressid
0,6.5645827e-06,0.36458722,stressid_9t6n,combined,stressid
0,6.6272146e-06,0.34472305,stressid_9t6n,combined,stressid
0,6.9021357e-06,0.35037008,stressid_9t6n,combined,stressid
0,7.0234487e-06,0.36309436,stressid_9t6n,combined,stressid
0,6.2902745e-06,0.34018135,stressid_9t6n,combined,stressid
0,6.1192286e-06,0.3233096,stressid_9t6n,combined,stressid
0,7.043572e-06,0.37250367,stressid_9t6n,combined,stressid
0,6.9249622e-06,0.3449532,stressid_9t6n,combined,stressid
0,5.3376057e-06,0.28943837,stressid_9t6n,combined,stressid
0,6.690777e-06,0.33458126,stressid_9t6n,combined,stressid
0,6.9139287e-06,0.34196657,stressid_9t6n,combined,stressid
0,6.7999717e-06,0.36233804,stressid_9t6n,combined,stressid
0,6.9936655e-06,0.35926828,stressid_9t6n,combined,stressid
0,6.90859e-06,0.33818093,stressid_9t6n,combined,stressid
0,6.431287e-06,0.41275427,stressid_9t6n,combined,stressid
0,5.993221e-06,0.40052,stressid_9t6n,combined,stressid
0,5.162952e-06,0.36071968,stressid_9t6n,combined,stressid
0,3.737053e-06,0.2824764,stressid_9t6n,combined,stressid
0,5.4769753e-06,0.3694325,stressid_9t6n,combined,stressid
0,6.0104953e-06,0.32206932,stressid_9t6n,combined,stressid
0,4.4001813e-06,0.3188946,stressid_9t6n,combined,stressid
0,4.6737937e-06,0.3378432,stressid_9t6n,combined,stressid
0,4.869217e-06,0.34863284,stressid_9t6n,combined,stressid
0,4.817963e-06,0.34614128,stressid_9t6n,combined,stressid
0,5.0180934e-06,0.3555063,stressid_9t6n,combined,stressid
0,4.932603e-06,0.35109803,stressid_9t6n,combined,stressid
0,4.7632675e-06,0.34352103,stressid_9t6n,combined,stressid
0,4.7640897e-06,0.34352234,stressid_9t6n,combined,stressid
0,5.1734946e-06,0.3620404,stressid_9t6n,combined,stressid
0,5.5904443e-06,0.38217634,stressid_9t6n,combined,stressid
0,6.2986423e-06,0.35316297,stressid_9t6n,combined,stressid
0,5.415697e-06,0.37316835,stressid_9t6n,combined,stressid
0,5.4912853e-06,0.37554586,stressid_9t6n,combined,stressid
0,5.836355e-06,0.38699803,stressid_9t6n,combined,stressid
0,6.30885e-06,0.4047319,stressid_9t6n,combined,stressid
0,5.925635e-06,0.3893693,stressid_9t6n,combined,stressid
0,5.727751e-06,0.38228264,stressid_9t6n,combined,stressid
0,5.670558e-06,0.37812927,stressid_9t6n,combined,stressid
0,4.3331866e-06,0.319592,stressid_9t6n,combined,stressid
0,4.5483166e-06,0.3284515,stressid_9t6n,combined,stressid
0,6.347922e-06,0.35809174,stressid_9t6n,combined,stressid
0,6.0175444e-06,0.3221789,stressid_9t6n,combined,stressid
0,6.1737655e-06,0.32282856,stressid_9t6n,combined,stressid
0,6.617369e-06,0.37664843,stressid_9t6n,combined,stressid
1,0.0003139078,0.2396978,stressid_9t6n,combined,stressid
1,5.242726e-05,0.28065318,stressid_9t6n,combined,stressid
1,0.9567292,0.270516,stressid_9t6n,combined,stressid
1,0.9687838,0.2647795,stressid_9t6n,combined,stressid
1,0.36558142,0.24915192,stressid_9t6n,combined,stressid
1,0.062326685,0.25025612,stressid_9t6n,combined,stressid
1,0.36958593,0.28444225,stressid_9t6n,combined,stressid
1,0.2795249,0.2611641,stressid_9t6n,combined,stressid
1,0.27437672,0.25108173,stressid_9t6n,combined,stressid
1,0.022540035,0.18998289,stressid_9t6n,combined,stressid
1,0.008501278,0.21220736,stressid_9t6n,combined,stressid
1,0.1058054,0.26655483,stressid_9t6n,combined,stressid
1,0.9870771,0.2886402,stressid_9t6n,combined,stressid
1,0.8027706,0.25075218,stressid_9t6n,combined,stressid
1,0.019502496,0.2129155,stressid_9t6n,combined,stressid
1,0.9949905,0.3096372,stressid_9t6n,combined,stressid
1,0.99416095,0.28360373,stressid_9t6n,combined,stressid
1,0.07517362,0.1974718,stressid_9t6n,combined,stressid
1,0.32720363,0.22857021,stressid_9t6n,combined,stressid
1,3.6784342e-05,0.2249656,stressid_9t6n,combined,stressid
1,1.9703515e-05,0.27895835,stressid_9t6n,combined,stressid
1,0.9891416,0.34383595,stressid_9t6n,combined,stressid
1,0.84265494,0.275388,stressid_9t6n,combined,stressid
1,0.7902817,0.28729922,stressid_9t6n,combined,stressid
1,0.9808617,0.26586238,stressid_9t6n,combined,stressid
1,0.5350716,0.2491446,stressid_9t6n,combined,stressid
1,0.012829365,0.2222525,stressid_9t6n,combined,stressid
1,0.01757089,0.25441125,stressid_9t6n,combined,stressid
1,0.35897654,0.28092614,stressid_9t6n,combined,stressid
1,0.79913133,0.27926967,stressid_9t6n,combined,stressid
1,0.02574558,0.24162965,stressid_9t6n,combined,stressid
1,0.96831995,0.30922136,stressid_9t6n,combined,stressid
1,0.016573783,0.20683686,stressid_9t6n,combined,stressid
1,0.99997854,0.4029478,stressid_9t6n,combined,stressid
1,0.99997115,0.4443976,stressid_9t6n,combined,stressid
1,0.9999609,0.41831174,stressid_9t6n,combined,stressid
1,0.99955565,0.40597925,stressid_9t6n,combined,stressid
1,0.9867666,0.4595763,stressid_9t6n,combined,stressid
1,0.0036755046,0.21481715,stressid_9t6n,combined,stressid
1,0.6452665,0.23064674,stressid_9t6n,combined,stressid
1,0.9999343,0.38926515,stressid_9t6n,combined,stressid
1,0.99995327,0.3555547,stressid_9t6n,combined,stressid
1,0.99956053,0.31916684,stressid_9t6n,combined,stressid
1,0.998336,0.3528817,stressid_9t6n,combined,stressid
1,0.9999274,0.37497783,stressid_9t6n,combined,stressid
1,0.9999558,0.38212442,stressid_9t6n,combined,stressid
1,0.99968946,0.36217308,stressid_9t6n,combined,stressid
1,0.9999238,0.39371714,stressid_9t6n,combined,stressid
1,0.99996674,0.38117382,stressid_9t6n,combined,stressid
1,0.99968934,0.37727162,stressid_9t6n,combined,stressid
1,0.99960977,0.39046305,stressid_9t6n,combined,stressid
1,0.9832185,0.27853534,stressid_9t6n,combined,stressid
1,0.9998317,0.33337826,stressid_9t6n,combined,stressid
1,0.9997224,0.34418154,stressid_9t6n,combined,stressid
1,0.9997019,0.3758259,stressid_9t6n,combined,stressid
1,0.99404013,0.36263004,stressid_9t6n,combined,stressid
1,0.9840269,0.2908001,stressid_9t6n,combined,stressid
1,0.0028441416,0.24998367,stressid_9t6n,combined,stressid
1,0.00015689529,0.28196123,stressid_9t6n,combined,stressid
1,0.048512314,0.24021073,stressid_9t6n,combined,stressid
1,0.68159795,0.26790574,stressid_9t6n,combined,stressid
1,0.08343249,0.27457455,stressid_9t6n,combined,stressid
1,0.9005065,0.25326508,stressid_9t6n,combined,stressid
1,0.1569979,0.2052868,stressid_9t6n,combined,stressid
1,0.9858293,0.26556218,stressid_9t6n,combined,stressid
1,0.9219118,0.29523402,stressid_9t6n,combined,stressid
1,0.9666911,0.4137455,stressid_9t6n,combined,stressid
1,0.02143261,0.20899013,stressid_9t6n,combined,stressid
1,0.002591615,0.20815183,stressid_9t6n,combined,stressid
1,0.8755787,0.2343061,stressid_9t6n,combined,stressid
1,0.56703615,0.2259848,stressid_9t6n,combined,stressid
1,0.03258542,0.19889443,stressid_9t6n,combined,stressid
1,0.08661124,0.20495029,stressid_9t6n,combined,stressid
1,0.9510007,0.25714654,stressid_9t6n,combined,stressid
1,0.32630813,0.25181818,stressid_9t6n,combined,stressid
1,0.18743725,0.23157561,stressid_9t6n,combined,stressid
1,3.3208522e-05,0.43590817,stressid_9t6n,combined,stressid
1,3.8311413e-05,0.25907958,stressid_9t6n,combined,stressid
1,0.9999212,0.3805658,stressid_9t6n,combined,stressid
1,0.082038596,0.2048045,stressid_9t6n,combined,stressid
1,0.99885046,0.3829722,stressid_9t6n,combined,stressid
1,0.9996094,0.4335837,stressid_9t6n,combined,stressid
1,0.99996245,0.5588013,stressid_9t6n,combined,stressid
1,0.99995744,0.46558827,stressid_9t6n,combined,stressid
1,0.9998864,0.51478183,stressid_9t6n,combined,stressid
1,0.996727,0.3868642,stressid_9t6n,combined,stressid
1,0.90594065,0.39186218,stressid_9t6n,combined,stressid
1,0.19454244,0.30896536,stressid_9t6n,combined,stressid
1,0.98977065,0.32917622,stressid_9t6n,combined,stressid
1,0.99990344,0.47929218,stressid_9t6n,combined,stressid
1,0.99931335,0.43790573,stressid_9t6n,combined,stressid
1,0.031057259,0.23198171,stressid_9t6n,combined,stressid
1,0.9994848,0.3968418,stressid_9t6n,combined,stressid
1,0.9999441,0.38957503,stressid_9t6n,combined,stressid
1,0.9999244,0.3789283,stressid_9t6n,combined,stressid
0,5.9281224e-06,0.34616002,stressid_9t6n,combined,stressid
0,5.771942e-06,0.33394358,stressid_9t6n,combined,stressid
0,4.4121234e-06,0.28612822,stressid_9t6n,combined,stressid
0,6.9255034e-06,0.381521,stressid_9t6n,combined,stressid
0,6.7532915e-06,0.3771795,stressid_9t6n,combined,stressid
0,3.448279e-06,0.22340626,stressid_9t6n,combined,stressid
0,5.405367e-06,0.32340038,stressid_9t6n,combined,stressid
0,5.8752457e-06,0.34982672,stressid_9t6n,combined,stressid
0,5.9918375e-06,0.37618285,stressid_9t6n,combined,stressid
0,6.0622588e-06,0.36881128,stressid_9t6n,combined,stressid
0,5.3706067e-06,0.28037137,stressid_9t6n,combined,stressid
0,5.6284425e-06,0.2989306,stressid_9t6n,combined,stressid
0,1.1985002e-05,0.5312303,stressid_9t6n,combined,stressid
0,8.275447e-06,0.45939335,stressid_9t6n,combined,stressid
0,8.155357e-06,0.452036,stressid_9t6n,combined,stressid
0,7.654929e-06,0.43246534,stressid_9t6n,combined,stressid
0,4.5414513e-06,0.30700642,stressid_9t6n,combined,stressid
0,6.5428453e-06,0.37036258,stressid_9t6n,combined,stressid
0,3.3360343e-06,0.2318677,stressid_9t6n,combined,stressid
0,3.2614512e-06,0.2149368,stressid_9t6n,combined,stressid
0,3.2654941e-06,0.21234195,stressid_9t6n,combined,stressid
0,3.294305e-06,0.2262852,stressid_9t6n,combined,stressid
0,2.7423332e-06,0.21039668,stressid_9t6n,combined,stressid
0,1.7593193e-05,0.598942,stressid_9t6n,combined,stressid
0,2.6960477e-06,0.20688517,stressid_9t6n,combined,stressid
0,2.7121498e-06,0.20890549,stressid_9t6n,combined,stressid
0,2.8987106e-06,0.22330618,stressid_9t6n,combined,stressid
0,2.9701862e-06,0.22912867,stressid_9t6n,combined,stressid
0,3.0100855e-06,0.23211125,stressid_9t6n,combined,stressid
0,2.96555e-06,0.22912304,stressid_9t6n,combined,stressid
0,3.1737002e-06,0.24444759,stressid_9t6n,combined,stressid
0,3.2254468e-06,0.24873474,stressid_9t6n,combined,stressid
0,3.3008278e-06,0.25470576,stressid_9t6n,combined,stressid
0,3.144105e-06,0.2422335,stressid_9t6n,combined,stressid
0,3.309688e-06,0.21863294,stressid_9t6n,combined,stressid
0,3.2242074e-06,0.24683678,stressid_9t6n,combined,stressid
0,3.4007057e-06,0.260953,stressid_9t6n,combined,stressid
0,3.3131396e-06,0.2545459,stressid_9t6n,combined,stressid
0,3.1103423e-06,0.2398193,stressid_9t6n,combined,stressid
0,3.2511161e-06,0.24998707,stressid_9t6n,combined,stressid
0,3.0976432e-06,0.23873997,stressid_9t6n,combined,stressid
0,2.9395044e-06,0.22716364,stressid_9t6n,combined,stressid
0,2.9751445e-06,0.22954158,stressid_9t6n,combined,stressid
0,2.889663e-06,0.22316039,stressid_9t6n,combined,stressid
0,3.4165826e-06,0.22974391,stressid_9t6n,combined,stressid
0,3.3977944e-06,0.23225473,stressid_9t6n,combined,stressid
0,4.76017e-06,0.30034184,stressid_9t6n,combined,stressid
0,4.5078195e-06,0.28381464,stressid_9t6n,combined,stressid
0,3.1602508e-06,0.21160172,stressid_9t6n,combined,stressid
1,0.9338301,0.34765235,stressid_9t6n,combined,stressid
1,0.000119478784,0.29278785,stressid_9t6n,combined,stressid
1,0.99926704,0.5000318,stressid_9t6n,combined,stressid
1,0.9999137,0.48871619,stressid_9t6n,combined,stressid
1,0.9995809,0.4412557,stressid_9t6n,combined,stressid
1,0.9995976,0.489046,stressid_9t6n,combined,stressid
1,0.9999174,0.42865103,stressid_9t6n,combined,stressid
1,0.9997129,0.37800336,stressid_9t6n,combined,stressid
1,0.9983125,0.45503354,stressid_9t6n,combined,stressid
1,0.9979747,0.47558194,stressid_9t6n,combined,stressid
1,0.034718804,0.26255956,stressid_9t6n,combined,stressid
1,0.0067859553,0.22417197,stressid_9t6n,combined,stressid
1,0.99978226,0.42216042,stressid_9t6n,combined,stressid
1,0.99994004,0.541519,stressid_9t6n,combined,stressid
1,0.99710196,0.5073695,stressid_9t6n,combined,stressid
1,0.09839461,0.32384208,stressid_9t6n,combined,stressid
1,0.7140397,0.4011779,stressid_9t6n,combined,stressid
1,0.99849665,0.52063835,stressid_9t6n,combined,stressid
1,0.99938416,0.44221368,stressid_9t6n,combined,stressid
1,0.008047061,0.22121288,stressid_9t6n,combined,stressid
1,0.035692327,0.18101835,stressid_9t6n,combined,stressid
1,0.79453415,0.23941526,stressid_9t6n,combined,stressid
1,0.9157697,0.252025,stressid_9t6n,combined,stressid
1,0.99034685,0.28678152,stressid_9t6n,combined,stressid
1,0.99984825,0.35460666,stressid_9t6n,combined,stressid
1,0.9995521,0.31029898,stressid_9t6n,combined,stressid
1,0.9980585,0.49002507,stressid_9t6n,combined,stressid
1,0.9991684,0.5105209,stressid_9t6n,combined,stressid
1,0.9732376,0.36113435,stressid_9t6n,combined,stressid
1,0.09652843,0.2632027,stressid_9t6n,combined,stressid
1,0.80969447,0.27592528,stressid_9t6n,combined,stressid
1,0.83017266,0.28605208,stressid_9t6n,combined,stressid
1,0.03649618,0.21359873,stressid_9t6n,combined,stressid
1,0.0388526,0.23154041,stressid_9t6n,combined,stressid
1,0.57566595,0.2575556,stressid_9t6n,combined,stressid
1,0.96463513,0.32847443,stressid_9t6n,combined,stressid
1,0.9453057,0.26539537,stressid_9t6n,combined,stressid
1,0.93982726,0.25162455,stressid_9t6n,combined,stressid
1,5.6975314e-06,0.3081763,stressid_9t6n,combined,stressid
1,5.402821e-06,0.29186782,stressid_9t6n,combined,stressid
1,1.45832555e-05,0.50975716,stressid_9t6n,combined,stressid
1,7.0742567e-06,0.386482,stressid_9t6n,combined,stressid
1,5.126532e-06,0.3180407,stressid_9t6n,combined,stressid
1,5.2153537e-06,0.31098774,stressid_9t6n,combined,stressid
1,8.803149e-06,0.42014474,stressid_9t6n,combined,stressid
1,1.0190394e-05,0.4639679,stressid_9t6n,combined,stressid
1,1.2849978e-05,0.49370483,stressid_9t6n,combined,stressid
1,2.3987432e-05,0.6126777,stressid_9t6n,combined,stressid
1,3.490329e-05,0.5381698,stressid_9t6n,combined,stressid
1,2.2509008e-05,0.53182083,stressid_9t6n,combined,stressid
1,6.3438797e-06,0.3559166,stressid_9t6n,combined,stressid
1,2.7636397e-05,0.63066614,stressid_9t6n,combined,stressid
1,2.4412151e-05,0.6262773,stressid_9t6n,combined,stressid
1,2.0363048e-05,0.48030183,stressid_9t6n,combined,stressid
1,1.8891862e-05,0.4704201,stressid_9t6n,combined,stressid
1,1.8901916e-05,0.506176,stressid_9t6n,combined,stressid
1,2.1037877e-05,0.5341013,stressid_9t6n,combined,stressid
1,1.8558683e-05,0.5366857,stressid_9t6n,combined,stressid
1,2.3022927e-05,0.56557643,stressid_9t6n,combined,stressid
1,2.6504897e-05,0.6401877,stressid_9t6n,combined,stressid
1,1.1402645e-05,0.5035852,stressid_9t6n,combined,stressid
1,6.966348e-06,0.36623594,stressid_9t6n,combined,stressid
1,6.871301e-06,0.38795498,stressid_9t6n,combined,stressid
1,7.0765705e-06,0.41428378,stressid_9t6n,combined,stressid
1,1.0886278e-05,0.48596886,stressid_9t6n,combined,stressid
1,9.037003e-06,0.4801248,stressid_9t6n,combined,stressid
1,1.1405918e-05,0.5330074,stressid_9t6n,combined,stressid
1,1.964981e-05,0.6192467,stressid_9t6n,combined,stressid
1,1.8967898e-05,0.6131965,stressid_9t6n,combined,stressid
1,1.20173245e-05,0.54449713,stressid_9t6n,combined,stressid
1,8.80194e-06,0.47807795,stressid_9t6n,combined,stressid
1,7.673604e-06,0.44972968,stressid_9t6n,combined,stressid
1,7.0285078e-06,0.3763604,stressid_9t6n,combined,stressid
1,2.9565983e-06,0.22846594,stressid_9t6n,combined,stressid
1,3.1996321e-06,0.2478012,stressid_9t6n,combined,stressid
1,3.0321607e-06,0.23552719,stressid_9t6n,combined,stressid
1,2.8626455e-06,0.2199293,stressid_9t6n,combined,stressid
1,2.876685e-06,0.22082241,stressid_9t6n,combined,stressid
1,2.9723087e-06,0.2278466,stressid_9t6n,combined,stressid
1,3.6735198e-06,0.27951717,stressid_9t6n,combined,stressid
1,5.5845826e-06,0.37384185,stressid_9t6n,combined,stressid
1,5.321565e-06,0.35870305,stressid_9t6n,combined,stressid
1,3.6029696e-06,0.27461454,stressid_9t6n,combined,stressid
1,6.9395855e-06,0.35989177,stressid_9t6n,combined,stressid
1,3.203516e-06,0.2470352,stressid_9t6n,combined,stressid
1,5.241451e-06,0.36102334,stressid_9t6n,combined,stressid
1,5.439559e-06,0.3849144,stressid_9t6n,combined,stressid
1,4.787578e-06,0.35057947,stressid_9t6n,combined,stressid
1,5.0951626e-06,0.36118302,stressid_9t6n,combined,stressid
1,5.432933e-06,0.3747962,stressid_9t6n,combined,stressid
1,4.689841e-06,0.33993834,stressid_9t6n,combined,stressid
1,6.8437625e-06,0.36222598,stressid_9t6n,combined,stressid
1,6.961686e-06,0.39199814,stressid_9t6n,combined,stressid
1,7.774896e-06,0.42390513,stressid_9t6n,combined,stressid
1,5.981173e-06,0.3503943,stressid_9t6n,combined,stressid
1,4.911513e-06,0.30413678,stressid_9t6n,combined,stressid
1,5.380085e-06,0.32481763,stressid_9t6n,combined,stressid
1,9.31967e-06,0.43068656,stressid_9t6n,combined,stressid
1,6.904526e-06,0.39526144,stressid_9t6n,combined,stressid
1,1.16374795e-05,0.52345705,stressid_9t6n,combined,stressid
1,9.295456e-06,0.43269902,stressid_9t6n,combined,stressid
1,7.996644e-06,0.40418372,stressid_9t6n,combined,stressid
1,3.9437386e-06,0.26171654,stressid_9t6n,combined,stressid
1,3.848644e-06,0.258128,stressid_9t6n,combined,stressid
1,3.7271086e-06,0.24376386,stressid_9t6n,combined,stressid
1,3.5646426e-06,0.23040329,stressid_9t6n,combined,stressid
1,4.4228495e-06,0.2758285,stressid_9t6n,combined,stressid
1,5.158606e-06,0.28110093,stressid_9t6n,combined,stressid
1,6.639266e-06,0.3534197,stressid_9t6n,combined,stressid
1,4.5391175e-06,0.26860896,stressid_9t6n,combined,stressid
1,5.3622493e-06,0.37346587,stressid_9t6n,combined,stressid
1,4.7219196e-06,0.33962053,stressid_9t6n,combined,stressid
1,1.6410975e-05,0.5906165,stressid_9t6n,combined,stressid
1,2.0152762e-05,0.6264696,stressid_9t6n,combined,stressid
1,5.765253e-06,0.3833756,stressid_9t6n,combined,stressid
1,6.0716434e-06,0.39406914,stressid_9t6n,combined,stressid
1,2.82445e-06,0.21877167,stressid_9t6n,combined,stressid
1,2.8027562e-06,0.21645214,stressid_9t6n,combined,stressid
1,5.5616856e-06,0.30859396,stressid_9t6n,combined,stressid
1,2.8091142e-06,0.21684764,stressid_9t6n,combined,stressid
1,2.9900978e-06,0.23157822,stressid_9t6n,combined,stressid
1,2.9096338e-06,0.22533052,stressid_9t6n,combined,stressid
1,2.7575281e-06,0.2126331,stressid_9t6n,combined,stressid
1,2.7883384e-06,0.2143037,stressid_9t6n,combined,stressid
1,2.878002e-06,0.2210826,stressid_9t6n,combined,stressid
1,2.9058626e-06,0.22366095,stressid_9t6n,combined,stressid
1,2.8373927e-06,0.2190989,stressid_9t6n,combined,stressid
1,5.6936146e-06,0.32738835,stressid_9t6n,combined,stressid
1,9.243335e-06,0.4773242,stressid_9t6n,combined,stressid
1,7.5243584e-06,0.43247372,stressid_9t6n,combined,stressid
1,1.0482372e-05,0.45918173,stressid_9t6n,combined,stressid
1,6.6752896e-06,0.3587559,stressid_9t6n,combined,stressid
1,7.575738e-06,0.37998685,stressid_9t6n,combined,stressid
1,5.031301e-08,0.30340922,stressid_j9h8,combined,stressid
1,5.1077354e-08,0.31482694,stressid_j9h8,combined,stressid
1,5.0783015e-08,0.3668416,stressid_j9h8,combined,stressid
1,4.6909495e-08,0.33413455,stressid_j9h8,combined,stressid
1,4.4611767e-08,0.3373789,stressid_j9h8,combined,stressid
1,4.6713776e-08,0.3696964,stressid_j9h8,combined,stressid
1,4.8564083e-08,0.28735882,stressid_j9h8,combined,stressid
1,4.3086e-08,0.33429724,stressid_j9h8,combined,stressid
1,4.5773135e-08,0.31564263,stressid_j9h8,combined,stressid
1,4.498731e-08,0.38457748,stressid_j9h8,combined,stressid
1,4.6719123e-08,0.29660794,stressid_j9h8,combined,stressid
1,4.4099345e-08,0.3250156,stressid_j9h8,combined,stressid
1,5.1695604e-08,0.38651472,stressid_j9h8,combined,stressid
1,4.297553e-08,0.33201727,stressid_j9h8,combined,stressid
1,4.980458e-08,0.2640519,stressid_j9h8,combined,stressid
1,4.273016e-08,0.35490283,stressid_j9h8,combined,stressid
1,4.7564672e-08,0.28256395,stressid_j9h8,combined,stressid
1,4.293702e-08,0.33677757,stressid_j9h8,combined,stressid
1,4.341656e-08,0.3504579,stressid_j9h8,combined,stressid
1,4.3250594e-08,0.34528863,stressid_j9h8,combined,stressid
1,5.470224e-08,0.2386124,stressid_j9h8,combined,stressid
1,4.841537e-08,0.2762085,stressid_j9h8,combined,stressid
1,4.601517e-08,0.296942,stressid_j9h8,combined,stressid
1,4.965945e-08,0.32854712,stressid_j9h8,combined,stressid
1,4.1986244e-08,0.35082647,stressid_j9h8,combined,stressid
1,4.592311e-08,0.2983686,stressid_j9h8,combined,stressid
1,4.27715e-08,0.3395526,stressid_j9h8,combined,stressid
1,5.2087348e-08,0.25261965,stressid_j9h8,combined,stressid
1,4.5400988e-08,0.3050634,stressid_j9h8,combined,stressid
1,4.112032e-08,0.38447535,stressid_j9h8,combined,stressid
1,4.1228144e-08,0.38445804,stressid_j9h8,combined,stressid
1,4.1097582e-08,0.38447782,stressid_j9h8,combined,stressid
1,4.1163872e-08,0.38446888,stressid_j9h8,combined,stressid
1,4.118971e-08,0.38446358,stressid_j9h8,combined,stressid
1,5.0920164e-08,0.38270527,stressid_j9h8,combined,stressid
1,4.1131067e-08,0.38447282,stressid_j9h8,combined,stressid
1,4.122461e-08,0.3844612,stressid_j9h8,combined,stressid
1,4.1181462e-08,0.38446552,stressid_j9h8,combined,stressid
1,4.119238e-08,0.384463,stressid_j9h8,combined,stressid
1,4.104635e-08,0.38448367,stressid_j9h8,combined,stressid
1,4.2801616e-08,0.38421,stressid_j9h8,combined,stressid
1,4.700246e-08,0.38372388,stressid_j9h8,combined,stressid
1,4.475589e-08,0.38400158,stressid_j9h8,combined,stressid
1,4.1332942e-08,0.3844456,stressid_j9h8,combined,stressid
1,4.1292754e-08,0.3844486,stressid_j9h8,combined,stressid
1,4.8394316e-08,0.37706956,stressid_j9h8,combined,stressid
1,4.139969e-08,0.38443318,stressid_j9h8,combined,stressid
1,4.1367645e-08,0.3844375,stressid_j9h8,combined,stressid
1,4.173506e-08,0.38438475,stressid_j9h8,combined,stressid
1,4.1601382e-08,0.3844017,stressid_j9h8,combined,stressid
1,4.3330108e-08,0.38414174,stressid_j9h8,combined,stressid
1,4.4618833e-08,0.38397145,stressid_j9h8,combined,stressid
1,4.474761e-08,0.3839747,stressid_j9h8,combined,stressid
1,4.4826624e-08,0.3839329,stressid_j9h8,combined,stressid
1,4.334647e-08,0.38416138,stressid_j9h8,combined,stressid
1,5.031963e-08,0.40121347,stressid_j9h8,combined,stressid
1,5.074603e-08,0.2993919,stressid_j9h8,combined,stressid
1,4.9371593e-08,0.35348734,stressid_j9h8,combined,stressid
1,4.995357e-08,0.3176178,stressid_j9h8,combined,stressid
1,0.99911684,0.29115328,stressid_j9h8,combined,stressid
1,0.9993475,0.28163487,stressid_j9h8,combined,stressid
1,0.99972564,0.27263,stressid_j9h8,combined,stressid
1,0.9991616,0.28972062,stressid_j9h8,combined,stressid
1,0.99915624,0.29045498,stressid_j9h8,combined,stressid
1,0.9991315,0.29241765,stressid_j9h8,combined,stressid
1,0.9991835,0.28849015,stressid_j9h8,combined,stressid
1,0.9992348,0.285693,stressid_j9h8,combined,stressid
1,0.99923766,0.2855989,stressid_j9h8,combined,stressid
1,0.9992009,0.2874269,stressid_j9h8,combined,stressid
1,0.9992384,0.28626025,stressid_j9h8,combined,stressid
1,0.9993637,0.27877736,stressid_j9h8,combined,stressid
1,0.9993061,0.28144336,stressid_j9h8,combined,stressid
1,0.99975675,0.27186716,stressid_j9h8,combined,stressid
1,0.99988806,0.26595646,stressid_j9h8,combined,stressid
1,0.99991393,0.262936,stressid_j9h8,combined,stressid
1,0.999895,0.26579735,stressid_j9h8,combined,stressid
1,0.9997378,0.27263168,stressid_j9h8,combined,stressid
1,0.99987626,0.26623413,stressid_j9h8,combined,stressid
1,0.9997069,0.27338135,stressid_j9h8,combined,stressid
1,0.999363,0.28134382,stressid_j9h8,combined,stressid
1,0.9999572,0.26308873,stressid_j9h8,combined,stressid
1,0.9993963,0.27995017,stressid_j9h8,combined,stressid
1,0.99924856,0.28458345,stressid_j9h8,combined,stressid
1,0.9992465,0.28499243,stressid_j9h8,combined,stressid
1,0.9991141,0.2921738,stressid_j9h8,combined,stressid
1,0.9991773,0.28884938,stressid_j9h8,combined,stressid
1,0.99908745,0.2941921,stressid_j9h8,combined,stressid
1,0.99902034,0.3039102,stressid_j9h8,combined,stressid
1,0.99905354,0.30354768,stressid_j9h8,combined,stressid
1,0.99901044,0.3175087,stressid_j9h8,combined,stressid
1,0.9990891,0.29671156,stressid_j9h8,combined,stressid
1,0.9991431,0.29204026,stressid_j9h8,combined,stressid
1,0.9990439,0.30902085,stressid_j9h8,combined,stressid
1,0.99973613,0.27421454,stressid_j9h8,combined,stressid
1,0.99994636,0.26273456,stressid_j9h8,combined,stressid
1,0.9998745,0.27245638,stressid_j9h8,combined,stressid
1,0.99992526,0.26869553,stressid_j9h8,combined,stressid
1,0.99970454,0.27802226,stressid_j9h8,combined,stressid
1,0.9995956,0.27696353,stressid_j9h8,combined,stressid
1,0.9992841,0.28659126,stressid_j9h8,combined,stressid
1,0.99947184,0.27728093,stressid_j9h8,combined,stressid
1,0.9992797,0.28436157,stressid_j9h8,combined,stressid
1,0.99934894,0.28176114,stressid_j9h8,combined,stressid
1,0.99945813,0.2772659,stressid_j9h8,combined,stressid
1,0.9993318,0.28263122,stressid_j9h8,combined,stressid
1,0.9993864,0.28016075,stressid_j9h8,combined,stressid
1,0.99945956,0.27729192,stressid_j9h8,combined,stressid
1,0.9994685,0.27708468,stressid_j9h8,combined,stressid
1,0.9992586,0.2892326,stressid_j9h8,combined,stressid
1,0.9990275,0.30892116,stressid_j9h8,combined,stressid
1,0.9996661,0.2779525,stressid_j9h8,combined,stressid
1,0.9996289,0.2771487,stressid_j9h8,combined,stressid
1,0.99925715,0.28839305,stressid_j9h8,combined,stressid
1,0.9992403,0.28652322,stressid_j9h8,combined,stressid
1,0.999305,0.2834745,stressid_j9h8,combined,stressid
1,0.999008,0.31813577,stressid_j9h8,combined,stressid
1,0.9993468,0.28282645,stressid_j9h8,combined,stressid
1,0.9990441,0.3057573,stressid_j9h8,combined,stressid
1,0.9995585,0.27577853,stressid_j9h8,combined,stressid
1,0.9992956,0.28334072,stressid_j9h8,combined,stressid
1,0.99936324,0.28073573,stressid_j9h8,combined,stressid
1,0.9993655,0.28119877,stressid_j9h8,combined,stressid
1,0.9991812,0.28825986,stressid_j9h8,combined,stressid
1,0.9992798,0.2835076,stressid_j9h8,combined,stressid
1,0.9993443,0.2815383,stressid_j9h8,combined,stressid
1,0.9994289,0.2782685,stressid_j9h8,combined,stressid
1,0.99940085,0.27968854,stressid_j9h8,combined,stressid
1,0.99900913,0.3155431,stressid_j9h8,combined,stressid
1,0.9997969,0.2747254,stressid_j9h8,combined,stressid
1,0.99947304,0.28042877,stressid_j9h8,combined,stressid
1,0.999759,0.2755276,stressid_j9h8,combined,stressid
1,0.9998104,0.27628693,stressid_j9h8,combined,stressid
1,0.9997602,0.27580407,stressid_j9h8,combined,stressid
1,0.99932754,0.28349045,stressid_j9h8,combined,stressid
1,0.9991148,0.2967594,stressid_j9h8,combined,stressid
1,0.9997143,0.27470043,stressid_j9h8,combined,stressid
1,0.9997271,0.2749438,stressid_j9h8,combined,stressid
1,0.9998555,0.27329385,stressid_j9h8,combined,stressid
1,0.99946505,0.27746853,stressid_j9h8,combined,stressid
1,0.99942976,0.2783176,stressid_j9h8,combined,stressid
1,0.9994863,0.2762063,stressid_j9h8,combined,stressid
1,0.9994642,0.2768992,stressid_j9h8,combined,stressid
1,0.9994541,0.27746722,stressid_j9h8,combined,stressid
1,0.99945503,0.27729636,stressid_j9h8,combined,stressid
1,0.9994628,0.276925,stressid_j9h8,combined,stressid
1,0.9994599,0.27757606,stressid_j9h8,combined,stressid
1,0.99954045,0.2756057,stressid_j9h8,combined,stressid
1,0.9997029,0.274229,stressid_j9h8,combined,stressid
1,0.9993042,0.28435087,stressid_j9h8,combined,stressid
1,0.99944645,0.27817643,stressid_j9h8,combined,stressid
1,0.9992422,0.28824303,stressid_j9h8,combined,stressid
1,0.9997185,0.27550164,stressid_j9h8,combined,stressid
1,0.9992836,0.28593412,stressid_j9h8,combined,stressid
1,0.99945444,0.2780778,stressid_j9h8,combined,stressid
0,4.9190554e-08,0.29982594,stressid_j9h8,combined,stressid
0,6.377287e-08,0.41208473,stressid_j9h8,combined,stressid
0,6.1278904e-08,0.4123103,stressid_j9h8,combined,stressid
0,5.0614563e-08,0.39907995,stressid_j9h8,combined,stressid
0,4.4294072e-08,0.40274832,stressid_j9h8,combined,stressid
0,4.5208463e-08,0.40900463,stressid_j9h8,combined,stressid
0,4.71098e-08,0.41769367,stressid_j9h8,combined,stressid
0,4.3832674e-08,0.41799366,stressid_j9h8,combined,stressid
0,4.357709e-08,0.42533618,stressid_j9h8,combined,stressid
0,4.3731713e-08,0.42974073,stressid_j9h8,combined,stressid
0,4.6489962e-08,0.43715876,stressid_j9h8,combined,stressid
0,4.7072618e-08,0.429082,stressid_j9h8,combined,stressid
0,7.287176e-08,0.4464232,stressid_j9h8,combined,stressid
0,4.5942905e-08,0.41614515,stressid_j9h8,combined,stressid
0,4.312201e-08,0.402817,stressid_j9h8,combined,stressid
0,4.3130154e-08,0.39944074,stressid_j9h8,combined,stressid
0,4.283788e-08,0.40159732,stressid_j9h8,combined,stressid
0,4.339975e-08,0.4042765,stressid_j9h8,combined,stressid
0,4.3957087e-08,0.41507944,stressid_j9h8,combined,stressid
0,4.3195765e-08,0.4145533,stressid_j9h8,combined,stressid
0,4.3228404e-08,0.41363424,stressid_j9h8,combined,stressid
0,4.3430223e-08,0.4136157,stressid_j9h8,combined,stressid
0,4.1123617e-08,0.3844698,stressid_j9h8,combined,stressid
0,6.777551e-08,0.43212405,stressid_j9h8,combined,stressid
0,4.101426e-08,0.38448748,stressid_j9h8,combined,stressid
0,4.09829e-08,0.38449213,stressid_j9h8,combined,stressid
0,4.0985483e-08,0.38449305,stressid_j9h8,combined,stressid
0,4.1008942e-08,0.3844882,stressid_j9h8,combined,stressid
0,4.096399e-08,0.38449502,stressid_j9h8,combined,stressid
0,4.0964693e-08,0.38449535,stressid_j9h8,combined,stressid
0,4.090473e-08,0.38450482,stressid_j9h8,combined,stressid
0,4.116615e-08,0.38446492,stressid_j9h8,combined,stressid
0,4.0929862e-08,0.38450038,stressid_j9h8,combined,stressid
0,4.094298e-08,0.38449976,stressid_j9h8,combined,stressid
0,6.813506e-08,0.4387006,stressid_j9h8,combined,stressid
0,4.0956568e-08,0.38449666,stressid_j9h8,combined,stressid
0,4.0967194e-08,0.3844956,stressid_j9h8,combined,stressid
0,4.0960163e-08,0.38449645,stressid_j9h8,combined,stressid
0,4.09561e-08,0.3844973,stressid_j9h8,combined,stressid
0,4.0943917e-08,0.38449967,stressid_j9h8,combined,stressid
0,4.7507008e-08,0.38374868,stressid_j9h8,combined,stressid
0,4.334118e-08,0.38414612,stressid_j9h8,combined,stressid
0,4.0984233e-08,0.38449305,stressid_j9h8,combined,stressid
0,4.09933e-08,0.38449118,stressid_j9h8,combined,stressid
0,6.5456895e-08,0.43354714,stressid_j9h8,combined,stressid
0,6.140199e-08,0.41978964,stressid_j9h8,combined,stressid
0,5.977484e-08,0.4114965,stressid_j9h8,combined,stressid
0,5.7092308e-08,0.4101039,stressid_j9h8,combined,stressid
0,5.7600918e-08,0.40912125,stressid_j9h8,combined,stressid
1,0.99908423,0.29462212,stressid_j9h8,combined,stressid
1,0.99931383,0.2824471,stressid_j9h8,combined,stressid
1,0.9999225,0.2708947,stressid_j9h8,combined,stressid
1,0.9994474,0.27751017,stressid_j9h8,combined,stressid
1,0.9994271,0.2784741,stressid_j9h8,combined,stressid
1,0.99941397,0.278861,stressid_j9h8,combined,stressid
1,0.99945945,0.27686733,stressid_j9h8,combined,stressid
1,0.99945396,0.2779799,stressid_j9h8,combined,stressid
1,0.9994671,0.27666545,stressid_j9h8,combined,stressid
1,0.99946564,0.27697495,stressid_j9h8,combined,stressid
1,0.99944013,0.27771342,stressid_j9h8,combined,stressid
1,0.9995127,0.27529556,stressid_j9h8,combined,stressid
1,0.99923694,0.2880524,stressid_j9h8,combined,stressid
1,0.9995763,0.27722812,stressid_j9h8,combined,stressid
1,0.9999013,0.2717918,stressid_j9h8,combined,stressid
1,0.99993515,0.26966113,stressid_j9h8,combined,stressid
1,0.9999467,0.26836288,stressid_j9h8,combined,stressid
1,0.99989545,0.27346417,stressid_j9h8,combined,stressid
1,0.99980885,0.2757296,stressid_j9h8,combined,stressid
1,0.99912244,0.29177144,stressid_j9h8,combined,stressid
1,0.9989967,0.3190306,stressid_j9h8,combined,stressid
1,0.9994355,0.27751017,stressid_j9h8,combined,stressid
1,0.9994597,0.2770878,stressid_j9h8,combined,stressid
1,0.9994351,0.27806762,stressid_j9h8,combined,stressid
1,0.9994473,0.2777553,stressid_j9h8,combined,stressid
1,0.9994585,0.27745226,stressid_j9h8,combined,stressid
1,0.9994797,0.27694023,stressid_j9h8,combined,stressid
1,0.9994822,0.27600756,stressid_j9h8,combined,stressid
1,0.9994685,0.2767968,stressid_j9h8,combined,stressid
1,0.999401,0.27946988,stressid_j9h8,combined,stressid
1,0.998976,0.32389316,stressid_j9h8,combined,stressid
1,0.9986253,0.3915811,stressid_j9h8,combined,stressid
1,0.9976666,0.49813515,stressid_j9h8,combined,stressid
1,0.99897456,0.3097058,stressid_j9h8,combined,stressid
1,0.99909747,0.29338682,stressid_j9h8,combined,stressid
1,0.9993825,0.2799033,stressid_j9h8,combined,stressid
1,0.9992163,0.28532732,stressid_j9h8,combined,stressid
1,0.99943775,0.27803937,stressid_j9h8,combined,stressid
0,5.322248e-08,0.34665337,stressid_j9h8,combined,stressid
0,6.5523345e-08,0.4288038,stressid_j9h8,combined,stressid
0,5.7642023e-08,0.24680391,stressid_j9h8,combined,stressid
0,5.90012e-08,0.23693511,stressid_j9h8,combined,stressid
0,5.6196026e-08,0.25582683,stressid_j9h8,combined,stressid
0,6.403651e-08,0.21027738,stressid_j9h8,combined,stressid
0,5.352126e-08,0.2804104,stressid_j9h8,combined,stressid
0,5.3895985e-08,0.27896214,stressid_j9h8,combined,stressid
0,5.5033254e-08,0.26896247,stressid_j9h8,combined,stressid
0,5.3029243e-08,0.348073,stressid_j9h8,combined,stressid
0,5.3408268e-08,0.35653237,stressid_j9h8,combined,stressid
0,5.6383264e-08,0.38712862,stressid_j9h8,combined,stressid
0,5.8345524e-08,0.39272216,stressid_j9h8,combined,stressid
0,5.4063086e-08,0.36608014,stressid_j9h8,combined,stressid
0,5.7378323e-08,0.38798553,stressid_j9h8,combined,stressid
0,5.5146106e-08,0.27498525,stressid_j9h8,combined,stressid
0,6.019967e-08,0.23089789,stressid_j9h8,combined,stressid
0,5.963341e-08,0.23351344,stressid_j9h8,combined,stressid
0,5.397911e-08,0.276042,stressid_j9h8,combined,stressid
0,5.187181e-08,0.34172416,stressid_j9h8,combined,stressid
0,5.1128335e-08,0.318145,stressid_j9h8,combined,stressid
0,5.1321493e-08,0.33161125,stressid_j9h8,combined,stressid
0,5.145636e-08,0.3346826,stressid_j9h8,combined,stressid
0,5.6893917e-08,0.37656772,stressid_j9h8,combined,stressid
0,5.1129014e-08,0.3075944,stressid_j9h8,combined,stressid
0,5.107229e-08,0.31397253,stressid_j9h8,combined,stressid
0,5.102205e-08,0.32889324,stressid_j9h8,combined,stressid
0,5.2499278e-08,0.38330126,stressid_j9h8,combined,stressid
0,5.2513297e-08,0.38329947,stressid_j9h8,combined,stressid
0,5.2051597e-08,0.38332796,stressid_j9h8,combined,stressid
0,5.187409e-08,0.38333818,stressid_j9h8,combined,stressid
0,5.200327e-08,0.383325,stressid_j9h8,combined,stressid
0,4.5357364e-08,0.3839062,stressid_j9h8,combined,stressid
0,4.4010775e-08,0.3840666,stressid_j9h8,combined,stressid
0,5.533724e-08,0.3679216,stressid_j9h8,combined,stressid
0,4.416584e-08,0.3840521,stressid_j9h8,combined,stressid
0,4.4046047e-08,0.38406542,stressid_j9h8,combined,stressid
0,4.4504766e-08,0.38401073,stressid_j9h8,combined,stressid
0,4.327675e-08,0.38416266,stressid_j9h8,combined,stressid
0,4.3599037e-08,0.38411972,stressid_j9h8,combined,stressid
0,4.5036078e-08,0.3839342,stressid_j9h8,combined,stressid
0,4.650504e-08,0.38378134,stressid_j9h8,combined,stressid
0,4.597201e-08,0.38383555,stressid_j9h8,combined,stressid
0,4.6657323e-08,0.38376546,stressid_j9h8,combined,stressid
0,4.467248e-08,0.3839885,stressid_j9h8,combined,stressid
0,5.5062024e-08,0.36663637,stressid_j9h8,combined,stressid
0,4.4244928e-08,0.38404018,stressid_j9h8,combined,stressid
0,4.4268397e-08,0.3840365,stressid_j9h8,combined,stressid
0,4.4250417e-08,0.38404214,stressid_j9h8,combined,stressid
0,4.3413163e-08,0.38414562,stressid_j9h8,combined,stressid
0,4.458055e-08,0.38399798,stressid_j9h8,combined,stressid
0,4.4077982e-08,0.3840599,stressid_j9h8,combined,stressid
0,4.24789e-08,0.3842704,stressid_j9h8,combined,stressid
0,5.2980514e-08,0.3215419,stressid_j9h8,combined,stressid
0,5.3746316e-08,0.2947209,stressid_j9h8,combined,stressid
0,5.367194e-08,0.29467943,stressid_j9h8,combined,stressid
0,5.8060326e-08,0.24557221,stressid_j9h8,combined,stressid
1,5.9191578e-08,0.39405307,stressid_j9h8,combined,stressid
1,5.926388e-08,0.39507714,stressid_j9h8,combined,stressid
1,5.8479994e-08,0.36984825,stressid_j9h8,combined,stressid
1,6.1479334e-08,0.39003786,stressid_j9h8,combined,stressid
1,6.6750204e-08,0.41380376,stressid_j9h8,combined,stressid
1,6.539537e-08,0.40761843,stressid_j9h8,combined,stressid
1,6.5455644e-08,0.4059838,stressid_j9h8,combined,stressid
1,6.183944e-08,0.3930435,stressid_j9h8,combined,stressid
1,6.361191e-08,0.40236092,stressid_j9h8,combined,stressid
1,6.300634e-08,0.39551735,stressid_j9h8,combined,stressid
1,6.0299186e-08,0.3967312,stressid_j9h8,combined,stressid
1,6.0878854e-08,0.4051137,stressid_j9h8,combined,stressid
1,5.5960495e-08,0.40116996,stressid_j9h8,combined,stressid
1,6.306777e-08,0.4043383,stressid_j9h8,combined,stressid
1,6.573916e-08,0.40987182,stressid_j9h8,combined,stressid
1,5.5800193e-08,0.38311547,stressid_j9h8,combined,stressid
1,5.6192594e-08,0.38310525,stressid_j9h8,combined,stressid
1,5.613646e-08,0.38310403,stressid_j9h8,combined,stressid
1,5.6126396e-08,0.38310403,stressid_j9h8,combined,stressid
1,5.5979285e-08,0.38311124,stressid_j9h8,combined,stressid
1,5.6060493e-08,0.38310966,stressid_j9h8,combined,stressid
1,5.628871e-08,0.38310102,stressid_j9h8,combined,stressid
1,5.6558186e-08,0.38308644,stressid_j9h8,combined,stressid
1,5.789346e-08,0.41212326,stressid_j9h8,combined,stressid
1,5.6266277e-08,0.3831001,stressid_j9h8,combined,stressid
1,5.6506643e-08,0.38309008,stressid_j9h8,combined,stressid
1,5.6529927e-08,0.38309205,stressid_j9h8,combined,stressid
1,5.647626e-08,0.38309255,stressid_j9h8,combined,stressid
1,5.6491125e-08,0.38309002,stressid_j9h8,combined,stressid
1,5.6452567e-08,0.38309443,stressid_j9h8,combined,stressid
1,5.6296546e-08,0.38310066,stressid_j9h8,combined,stressid
1,5.6265524e-08,0.38310122,stressid_j9h8,combined,stressid
1,7.393255e-08,0.44281194,stressid_j9h8,combined,stressid
1,6.826071e-08,0.42446098,stressid_j9h8,combined,stressid
1,6.730736e-08,0.4209496,stressid_j9h8,combined,stressid
1,6.861211e-08,0.42302936,stressid_j9h8,combined,stressid
1,6.695691e-08,0.41319525,stressid_j9h8,combined,stressid
1,6.60171e-08,0.40864655,stressid_j9h8,combined,stressid
0,0.0007730626,0.53490674,wesad_s5,combined,wesad
0,0.00082449435,0.5251084,wesad_s5,combined,wesad
0,0.0008278713,0.5245402,wesad_s5,combined,wesad
0,0.0007531371,0.5388835,wesad_s5,combined,wesad
0,0.00071067445,0.5476806,wesad_s5,combined,wesad
0,0.0009276138,0.5060137,wesad_s5,combined,wesad
0,0.0008775954,0.5147829,wesad_s5,combined,wesad
0,0.0007014718,0.54908717,wesad_s5,combined,wesad
0,0.0004479777,0.61115426,wesad_s5,combined,wesad
0,0.0004294307,0.6165774,wesad_s5,combined,wesad
0,0.0003957242,0.62659425,wesad_s5,combined,wesad
0,0.0004349998,0.61507607,wesad_s5,combined,wesad
0,0.00052587996,0.59024334,wesad_s5,combined,wesad
0,0.00053735374,0.5873368,wesad_s5,combined,wesad
0,0.0005627271,0.5806387,wesad_s5,combined,wesad
0,0.0004793763,0.60230935,wesad_s5,combined,wesad
0,0.00044149318,0.6130606,wesad_s5,combined,wesad
0,0.0003625714,0.63709295,wesad_s5,combined,wesad
0,0.0004599614,0.6078387,wesad_s5,combined,wesad
0,0.0005513952,0.58398354,wesad_s5,combined,wesad
0,0.00058896374,0.5746592,wesad_s5,combined,wesad
0,0.00049639784,0.5978825,wesad_s5,combined,wesad
0,0.000451298,0.61028767,wesad_s5,combined,wesad
0,0.00035124336,0.6407402,wesad_s5,combined,wesad
0,0.00024313663,0.67990535,wesad_s5,combined,wesad
0,0.0002202182,0.6894732,wesad_s5,combined,wesad
0,0.0002456902,0.6789884,wesad_s5,combined,wesad
0,0.00018978673,0.70258796,wesad_s5,combined,wesad
0,0.00014363232,0.72491086,wesad_s5,combined,wesad
0,0.00011689359,0.7390112,wesad_s5,combined,wesad
0,0.00014250928,0.72553855,wesad_s5,combined,wesad
0,0.00014700643,0.72320414,wesad_s5,combined,wesad
0,0.00010316114,0.74660105,wesad_s5,combined,wesad
0,9.503726e-05,0.7513069,wesad_s5,combined,wesad
0,0.000119295604,0.73781943,wesad_s5,combined,wesad
0,0.00018707056,0.7040166,wesad_s5,combined,wesad
0,0.0001971931,0.6994141,wesad_s5,combined,wesad
0,0.00022637285,0.6868538,wesad_s5,combined,wesad
0,0.00040447863,0.6239093,wesad_s5,combined,wesad
0,0.0004613824,0.6074438,wesad_s5,combined,wesad
0,0.0005165701,0.5925375,wesad_s5,combined,wesad
0,0.00050198496,0.59640396,wesad_s5,combined,wesad
0,0.00043925215,0.6138415,wesad_s5,combined,wesad
0,0.00043254695,0.6157648,wesad_s5,combined,wesad
0,0.0005458468,0.58530813,wesad_s5,combined,wesad
0,0.00088074384,0.5144171,wesad_s5,combined,wesad
0,0.00086948177,0.5165197,wesad_s5,combined,wesad
0,0.000713457,0.5468648,wesad_s5,combined,wesad
0,0.0005305508,0.5890434,wesad_s5,combined,wesad
0,0.00046094568,0.60754025,wesad_s5,combined,wesad
0,0.00049843924,0.5974711,wesad_s5,combined,wesad
0,0.00069237675,0.55074096,wesad_s5,combined,wesad
0,0.00047574908,0.6029192,wesad_s5,combined,wesad
0,0.00014750262,0.7228974,wesad_s5,combined,wesad
0,0.00018828313,0.70330554,wesad_s5,combined,wesad
0,0.00015878648,0.7173186,wesad_s5,combined,wesad
0,0.00026606533,0.6709871,wesad_s5,combined,wesad
0,0.00052823534,0.5896279,wesad_s5,combined,wesad
0,0.00053627207,0.5875993,wesad_s5,combined,wesad
0,0.00043274445,0.61557764,wesad_s5,combined,wesad
0,0.0003632502,0.63675207,wesad_s5,combined,wesad
0,0.00023872465,0.68172383,wesad_s5,combined,wesad
0,0.00022942488,0.6855638,wesad_s5,combined,wesad
0,0.0001819978,0.7061892,wesad_s5,combined,wesad
0,0.00012907431,0.7325161,wesad_s5,combined,wesad
0,0.0001308228,0.7314468,wesad_s5,combined,wesad
0,9.2038375e-05,0.75296366,wesad_s5,combined,wesad
0,9.222568e-05,0.75292104,wesad_s5,combined,wesad
0,0.00013713333,0.7280626,wesad_s5,combined,wesad
0,0.00012714737,0.73346144,wesad_s5,combined,wesad
0,0.00025241813,0.6757356,wesad_s5,combined,wesad
0,0.00015340917,0.7197622,wesad_s5,combined,wesad
0,7.4409065e-05,0.76310474,wesad_s5,combined,wesad
0,6.425843e-05,0.76883584,wesad_s5,combined,wesad
0,6.0294613e-05,0.77094656,wesad_s5,combined,wesad
0,6.0528502e-05,0.77083707,wesad_s5,combined,wesad
0,8.5335836e-05,0.75688297,wesad_s5,combined,wesad
0,0.00015005658,0.72172076,wesad_s5,combined,wesad
0,0.00020278114,0.69695926,wesad_s5,combined,wesad
0,0.0002421982,0.68038374,wesad_s5,combined,wesad
0,0.00034692767,0.6423023,wesad_s5,combined,wesad
0,0.0004492431,0.6109082,wesad_s5,combined,wesad
0,0.0005324873,0.588415,wesad_s5,combined,wesad
0,0.0005096523,0.5943211,wesad_s5,combined,wesad
0,0.00047781813,0.60292554,wesad_s5,combined,wesad
0,0.0005137174,0.5934353,wesad_s5,combined,wesad
0,0.00040524066,0.62369066,wesad_s5,combined,wesad
0,0.00043574977,0.61436665,wesad_s5,combined,wesad
0,0.0009246287,0.50629026,wesad_s5,combined,wesad
0,0.000729535,0.5431934,wesad_s5,combined,wesad
0,0.0006191272,0.5671947,wesad_s5,combined,wesad
0,0.00029375852,0.66062665,wesad_s5,combined,wesad
0,0.0004545031,0.6093374,wesad_s5,combined,wesad
0,0.00092977245,0.5060036,wesad_s5,combined,wesad
0,0.0011457179,0.47162998,wesad_s5,combined,wesad
0,0.001947064,0.37925214,wesad_s5,combined,wesad
0,0.0016037977,0.41376457,wesad_s5,combined,wesad
0,0.0014488698,0.4314772,wesad_s5,combined,wesad
0,0.00090991735,0.5092994,wesad_s5,combined,wesad
0,0.00082551467,0.5244978,wesad_s5,combined,wesad
0,0.0007682246,0.53564423,wesad_s5,combined,wesad
0,0.0007285356,0.5439218,wesad_s5,combined,wesad
0,0.0006467445,0.561472,wesad_s5,combined,wesad
0,0.000642559,0.56224746,wesad_s5,combined,wesad
0,0.0005668279,0.5800428,wesad_s5,combined,wesad
0,0.00075715414,0.53760296,wesad_s5,combined,wesad
0,0.0008207677,0.5253087,wesad_s5,combined,wesad
0,0.00080039963,0.529158,wesad_s5,combined,wesad
0,0.0007395923,0.5412486,wesad_s5,combined,wesad
0,0.0008597767,0.5182538,wesad_s5,combined,wesad
0,0.0009980112,0.49476388,wesad_s5,combined,wesad
0,0.0010821718,0.48150074,wesad_s5,combined,wesad
0,0.00091805897,0.50816333,wesad_s5,combined,wesad
0,0.0011702504,0.46815556,wesad_s5,combined,wesad
0,0.0009934632,0.4951429,wesad_s5,combined,wesad
0,0.0007178437,0.54569787,wesad_s5,combined,wesad
0,0.0013246717,0.4466814,wesad_s5,combined,wesad
0,0.0018177235,0.39119494,wesad_s5,combined,wesad
0,0.0014831157,0.42686024,wesad_s5,combined,wesad
0,0.0006786822,0.5538911,wesad_s5,combined,wesad
0,0.0007317711,0.5428869,wesad_s5,combined,wesad
0,0.0006496013,0.56038123,wesad_s5,combined,wesad
0,0.00058692065,0.5749826,wesad_s5,combined,wesad
0,0.0006233755,0.5666126,wesad_s5,combined,wesad
0,0.000734266,0.5424883,wesad_s5,combined,wesad
0,0.00067996664,0.5539547,wesad_s5,combined,wesad
0,0.0006318679,0.5646977,wesad_s5,combined,wesad
0,0.00071453553,0.5467323,wesad_s5,combined,wesad
0,0.0012252658,0.46033534,wesad_s5,combined,wesad
0,0.0011008102,0.47838488,wesad_s5,combined,wesad
0,0.00087924715,0.5148597,wesad_s5,combined,wesad
0,0.0007073176,0.5481622,wesad_s5,combined,wesad
0,0.0006787229,0.55429536,wesad_s5,combined,wesad
0,0.0008762234,0.515357,wesad_s5,combined,wesad
0,0.00187619,0.3857735,wesad_s5,combined,wesad
0,0.0013763125,0.4399118,wesad_s5,combined,wesad
0,0.00036601495,0.63560295,wesad_s5,combined,wesad
0,0.0007496365,0.5389578,wesad_s5,combined,wesad
0,0.0005802693,0.57625276,wesad_s5,combined,wesad
0,0.0003992211,0.6253038,wesad_s5,combined,wesad
0,0.0005080115,0.5947564,wesad_s5,combined,wesad
0,0.00089383044,0.5123848,wesad_s5,combined,wesad
0,0.0012263895,0.46035826,wesad_s5,combined,wesad
0,0.0028774436,0.30720124,wesad_s5,combined,wesad
0,0.0022979788,0.34937033,wesad_s5,combined,wesad
0,0.002116638,0.3640234,wesad_s5,combined,wesad
0,0.00075583917,0.53799164,wesad_s5,combined,wesad
0,0.00086211803,0.5177231,wesad_s5,combined,wesad
0,0.0008632442,0.51755905,wesad_s5,combined,wesad
0,0.0007806104,0.5331492,wesad_s5,combined,wesad
0,0.0006752975,0.554642,wesad_s5,combined,wesad
0,0.0004873575,0.60010993,wesad_s5,combined,wesad
0,0.0004087404,0.6226357,wesad_s5,combined,wesad
0,0.0003839792,0.63026416,wesad_s5,combined,wesad
0,0.00043618592,0.6146742,wesad_s5,combined,wesad
0,0.0006223319,0.56690174,wesad_s5,combined,wesad
0,0.000673616,0.55544037,wesad_s5,combined,wesad
0,0.00067163137,0.55586475,wesad_s5,combined,wesad
0,0.00068743166,0.55247056,wesad_s5,combined,wesad
0,0.0006639365,0.5575253,wesad_s5,combined,wesad
0,0.00075093383,0.539099,wesad_s5,combined,wesad
0,0.00067443127,0.55515486,wesad_s5,combined,wesad
0,0.00096609734,0.4995467,wesad_s5,combined,wesad
0,0.0007084088,0.54767007,wesad_s5,combined,wesad
0,0.0006899107,0.5514557,wesad_s5,combined,wesad
0,0.0004950893,0.59785545,wesad_s5,combined,wesad
0,0.0003293332,0.64786506,wesad_s5,combined,wesad
0,0.0001515999,0.720919,wesad_s5,combined,wesad
0,0.00016785221,0.71292555,wesad_s5,combined,wesad
0,0.00022095472,0.6891722,wesad_s5,combined,wesad
0,0.00037606814,0.63288146,wesad_s5,combined,wesad
0,0.00077163806,0.5351864,wesad_s5,combined,wesad
0,0.00078490423,0.5325794,wesad_s5,combined,wesad
0,0.00081764447,0.52619517,wesad_s5,combined,wesad
0,0.0015105344,0.42419946,wesad_s5,combined,wesad
0,0.0012776611,0.45320076,wesad_s5,combined,wesad
0,0.0009893304,0.49586678,wesad_s5,combined,wesad
0,0.0006203739,0.56702304,wesad_s5,combined,wesad
0,0.0004586282,0.6079889,wesad_s5,combined,wesad
0,0.0001941278,0.7004764,wesad_s5,combined,wesad
0,7.513334e-05,0.7626852,wesad_s5,combined,wesad
0,5.8088503e-05,0.77203405,wesad_s5,combined,wesad
0,5.8924717e-05,0.7716173,wesad_s5,combined,wesad
0,5.4685872e-05,0.773713,wesad_s5,combined,wesad
0,4.6492707e-05,0.77699625,wesad_s5,combined,wesad
0,0.00035062744,0.64075255,wesad_s5,combined,wesad
0,0.0015645206,0.4179478,wesad_s5,combined,wesad
0,0.0014014083,0.4373493,wesad_s5,combined,wesad
0,0.0014602169,0.43003902,wesad_s5,combined,wesad
0,0.0006407034,0.5625014,wesad_s5,combined,wesad
0,0.0006320339,0.56451374,wesad_s5,combined,wesad
0,0.0004610821,0.6072084,wesad_s5,combined,wesad
0,0.00032999727,0.64759415,wesad_s5,combined,wesad
0,0.00029241364,0.6609553,wesad_s5,combined,wesad
0,0.00029337368,0.66063213,wesad_s5,combined,wesad
0,4.8620972e-05,0.7762558,wesad_s5,combined,wesad
0,4.807247e-05,0.7764464,wesad_s5,combined,wesad
0,7.285142e-05,0.763923,wesad_s5,combined,wesad
0,5.011863e-05,0.7756646,wesad_s5,combined,wesad
0,4.512465e-05,0.77739644,wesad_s5,combined,wesad
0,7.561745e-05,0.76241666,wesad_s5,combined,wesad
0,6.385397e-05,0.7690274,wesad_s5,combined,wesad
0,0.0001915911,0.7020397,wesad_s5,combined,wesad
0,0.00077548233,0.5340501,wesad_s5,combined,wesad
0,0.000686351,0.55194473,wesad_s5,combined,wesad
0,0.00046397504,0.6060092,wesad_s5,combined,wesad
0,6.543474e-05,0.76815355,wesad_s5,combined,wesad
0,9.074311e-05,0.753569,wesad_s5,combined,wesad
0,0.00060358056,0.5702544,wesad_s5,combined,wesad
0,0.00039740416,0.6254391,wesad_s5,combined,wesad
0,0.0003739514,0.6331905,wesad_s5,combined,wesad
0,0.0003993897,0.62552273,wesad_s5,combined,wesad
0,0.000744169,0.5404388,wesad_s5,combined,wesad
0,0.0012594787,0.45569065,wesad_s5,combined,wesad
0,0.0013434753,0.44488278,wesad_s5,combined,wesad
0,0.0012351172,0.45892996,wesad_s5,combined,wesad
0,0.0006212978,0.56691784,wesad_s5,combined,wesad
0,0.00049735024,0.59764427,wesad_s5,combined,wesad
0,0.00049458974,0.5981812,wesad_s5,combined,wesad
0,0.000458811,0.60808766,wesad_s5,combined,wesad
0,0.00046308804,0.60702705,wesad_s5,combined,wesad
0,0.00042400218,0.61804587,wesad_s5,combined,wesad
0,0.00040263488,0.62452734,wesad_s5,combined,wesad
0,0.0008205543,0.52540785,wesad_s5,combined,wesad
0,0.0007771534,0.5339403,wesad_s5,combined,wesad
0,0.0008247544,0.5246315,wesad_s5,combined,wesad
0,0.00083628,0.5225502,wesad_s5,combined,wesad
0,0.00080694666,0.52810645,wesad_s5,combined,wesad
0,0.0007242686,0.54458165,wesad_s5,combined,wesad
0,0.0006545503,0.5592565,wesad_s5,combined,wesad
0,0.00041792728,0.6195498,wesad_s5,combined,wesad
0,0.00013672037,0.72851586,wesad_s5,combined,wesad
0,0.00019701381,0.69937325,wesad_s5,combined,wesad
0,0.00014916442,0.72198206,wesad_s5,combined,wesad
0,9.8704826e-05,0.7490925,wesad_s5,combined,wesad
0,9.85069e-05,0.7493044,wesad_s5,combined,wesad
0,0.00026086677,0.67286116,wesad_s5,combined,wesad
0,0.00050329143,0.5959824,wesad_s5,combined,wesad
0,0.0005365507,0.58751094,wesad_s5,combined,wesad
0,0.0005508614,0.58400047,wesad_s5,combined,wesad
1,0.004412008,0.22650066,wesad_s5,combined,wesad
1,0.0044784388,0.22372971,wesad_s5,combined,wesad
1,0.0044093723,0.226613,wesad_s5,combined,wesad
1,0.0046474403,0.21695836,wesad_s5,combined,wesad
1,0.004558307,0.22056103,wesad_s5,combined,wesad
1,0.0046370765,0.21738178,wesad_s5,combined,wesad
1,0.00450987,0.22240224,wesad_s5,combined,wesad
1,0.004584297,0.2194025,wesad_s5,combined,wesad
1,0.0045711272,0.21996818,wesad_s5,combined,wesad
1,0.004643221,0.21722096,wesad_s5,combined,wesad
1,0.0045982683,0.21897085,wesad_s5,combined,wesad
1,0.004507494,0.22265673,wesad_s5,combined,wesad
1,0.0046829763,0.2156791,wesad_s5,combined,wesad
1,0.0046160836,0.21807256,wesad_s5,combined,wesad
1,0.0045760227,0.21970186,wesad_s5,combined,wesad
1,0.004650581,0.21661691,wesad_s5,combined,wesad
1,0.0045347596,0.22134502,wesad_s5,combined,wesad
1,0.0043460038,0.22931854,wesad_s5,combined,wesad
1,0.004470952,0.22422205,wesad_s5,combined,wesad
1,0.0038405475,0.25314897,wesad_s5,combined,wesad
1,0.0037468816,0.25783914,wesad_s5,combined,wesad
1,0.0036879687,0.26048985,wesad_s5,combined,wesad
1,0.0040876023,0.24085838,wesad_s5,combined,wesad
1,0.0041803443,0.23685911,wesad_s5,combined,wesad
1,0.0043545295,0.22906238,wesad_s5,combined,wesad
1,0.004239141,0.23392044,wesad_s5,combined,wesad
1,0.0039814194,0.24575377,wesad_s5,combined,wesad
1,0.004377818,0.22780037,wesad_s5,combined,wesad
1,0.0044133742,0.22623922,wesad_s5,combined,wesad
1,0.004423892,0.2260676,wesad_s5,combined,wesad
1,0.0044381195,0.2254115,wesad_s5,combined,wesad
1,0.004116416,0.23951732,wesad_s5,combined,wesad
1,0.004291153,0.2315905,wesad_s5,combined,wesad
1,0.0042054355,0.23531598,wesad_s5,combined,wesad
1,0.0043319217,0.229764,wesad_s5,combined,wesad
1,0.0041865376,0.23619814,wesad_s5,combined,wesad
1,0.0043814466,0.2278014,wesad_s5,combined,wesad
1,0.0045022126,0.22278875,wesad_s5,combined,wesad
1,0.004143842,0.2380765,wesad_s5,combined,wesad
1,0.0041438895,0.23806812,wesad_s5,combined,wesad
1,0.0046525234,0.21659549,wesad_s5,combined,wesad
1,0.004281533,0.23164232,wesad_s5,combined,wesad
1,0.0037392515,0.25813013,wesad_s5,combined,wesad
1,0.0045085726,0.22259834,wesad_s5,combined,wesad
1,0.0046586245,0.216673,wesad_s5,combined,wesad
1,0.004758089,0.21275413,wesad_s5,combined,wesad
1,0.0045807427,0.21959992,wesad_s5,combined,wesad
1,0.004560809,0.22047481,wesad_s5,combined,wesad
1,0.004369226,0.2282766,wesad_s5,combined,wesad
1,0.004304564,0.2309852,wesad_s5,combined,wesad
1,0.0039882944,0.2454662,wesad_s5,combined,wesad
1,0.0038275733,0.25337824,wesad_s5,combined,wesad
1,0.0043628234,0.22864746,wesad_s5,combined,wesad
1,0.004408135,0.22672693,wesad_s5,combined,wesad
1,0.004200048,0.23574124,wesad_s5,combined,wesad
1,0.003858302,0.25208408,wesad_s5,combined,wesad
1,0.0037752504,0.2564314,wesad_s5,combined,wesad
1,0.0036909427,0.2606525,wesad_s5,combined,wesad
1,0.0029745856,0.3014782,wesad_s5,combined,wesad
1,0.0037866693,0.25607204,wesad_s5,combined,wesad
1,0.0036761155,0.26208174,wesad_s5,combined,wesad
1,0.0038859053,0.25104,wesad_s5,combined,wesad
1,0.0040854556,0.24130619,wesad_s5,combined,wesad
1,0.004213149,0.23531824,wesad_s5,combined,wesad
1,0.0038815753,0.2513413,wesad_s5,combined,wesad
1,0.0037324806,0.25902045,wesad_s5,combined,wesad
1,0.0036843258,0.26156682,wesad_s5,combined,wesad
1,0.004457651,0.22501273,wesad_s5,combined,wesad
1,0.004392597,0.22778228,wesad_s5,combined,wesad
1,0.004466688,0.2245743,wesad_s5,combined,wesad
1,0.0047687227,0.21252921,wesad_s5,combined,wesad
1,0.0045343856,0.22165552,wesad_s5,combined,wesad
1,0.004372864,0.22832976,wesad_s5,combined,wesad
1,0.004044522,0.24310848,wesad_s5,combined,wesad
1,0.004053541,0.24263199,wesad_s5,combined,wesad
1,0.0041045346,0.24028297,wesad_s5,combined,wesad
1,0.004766791,0.21255033,wesad_s5,combined,wesad
1,0.00459181,0.21927488,wesad_s5,combined,wesad
1,0.00420498,0.23580706,wesad_s5,combined,wesad
1,0.0041275537,0.23928602,wesad_s5,combined,wesad
1,0.0039544455,0.2474825,wesad_s5,combined,wesad
1,0.0037326263,0.258328,wesad_s5,combined,wesad
1,0.003559732,0.26791808,wesad_s5,combined,wesad
1,0.0028706756,0.30786708,wesad_s5,combined,wesad
1,0.0031683606,0.28943077,wesad_s5,combined,wesad
1,0.0033840663,0.2775797,wesad_s5,combined,wesad
1,0.0034120898,0.27626228,wesad_s5,combined,wesad
1,0.0042457883,0.23391102,wesad_s5,combined,wesad
1,0.0039488766,0.24759243,wesad_s5,combined,wesad
1,0.003445,0.27442673,wesad_s5,combined,wesad
1,0.0035287074,0.26974413,wesad_s5,combined,wesad
1,0.0034812004,0.27256855,wesad_s5,combined,wesad
1,0.0032923766,0.2828394,wesad_s5,combined,wesad
1,0.0039288052,0.24851742,wesad_s5,combined,wesad
1,0.0039700423,0.24662173,wesad_s5,combined,wesad
1,0.004021687,0.2442419,wesad_s5,combined,wesad
1,0.0035894269,0.26662788,wesad_s5,combined,wesad
1,0.004000626,0.2451295,wesad_s5,combined,wesad
1,0.0038569826,0.25218415,wesad_s5,combined,wesad
1,0.0039508,0.24759781,wesad_s5,combined,wesad
1,0.0038564953,0.25203633,wesad_s5,combined,wesad
1,0.0038778177,0.25085583,wesad_s5,combined,wesad
1,0.0036878772,0.26088834,wesad_s5,combined,wesad
1,0.0037595122,0.25700417,wesad_s5,combined,wesad
1,0.0037753775,0.25639233,wesad_s5,combined,wesad
1,0.0035087145,0.27068055,wesad_s5,combined,wesad
1,0.004103005,0.24012986,wesad_s5,combined,wesad
1,0.004017396,0.24420255,wesad_s5,combined,wesad
1,0.0040347325,0.24330795,wesad_s5,combined,wesad
1,0.0036797323,0.26115462,wesad_s5,combined,wesad
1,0.0039713737,0.24638796,wesad_s5,combined,wesad
1,0.004377167,0.22797482,wesad_s5,combined,wesad
1,0.004162487,0.23735635,wesad_s5,combined,wesad
1,0.004107707,0.24001943,wesad_s5,combined,wesad
1,0.0038573768,0.25223008,wesad_s5,combined,wesad
1,0.004069295,0.24189821,wesad_s5,combined,wesad
1,0.0042960006,0.23167732,wesad_s5,combined,wesad
1,0.0038445082,0.2527719,wesad_s5,combined,wesad
1,0.0038154852,0.25423455,wesad_s5,combined,wesad
1,0.0038610434,0.2518637,wesad_s5,combined,wesad
1,0.0036675187,0.26187512,wesad_s5,combined,wesad
1,0.0037364317,0.2584367,wesad_s5,combined,wesad
1,0.0039333985,0.2484107,wesad_s5,combined,wesad
1,0.0038973172,0.25011018,wesad_s5,combined,wesad
1,0.004114495,0.23974915,wesad_s5,combined,wesad
1,0.003989344,0.24559794,wesad_s5,combined,wesad
1,0.0040539876,0.24256523,wesad_s5,combined,wesad
1,0.004045602,0.24315956,wesad_s5,combined,wesad
1,0.0038069382,0.2550096,wesad_s5,combined,wesad
0,0.00027147433,0.6000037,wesad_s4,combined,wesad
0,0.0002754135,0.6090124,wesad_s4,combined,wesad
0,0.00027248176,0.6028332,wesad_s4,combined,wesad
0,0.00027703235,0.61349624,wesad_s4,combined,wesad
0,0.00027993703,0.61985195,wesad_s4,combined,wesad
0,0.00027867878,0.6160552,wesad_s4,combined,wesad
0,0.00026880018,0.59383947,wesad_s4,combined,wesad
0,0.00025353295,0.5583088,wesad_s4,combined,wesad
0,0.0002469683,0.5439626,wesad_s4,combined,wesad
0,0.0002537039,0.56081885,wesad_s4,combined,wesad
0,0.000258191,0.5708007,wesad_s4,combined,wesad
0,0.00026927653,0.59496486,wesad_s4,combined,wesad
0,0.00026518604,0.5867198,wesad_s4,combined,wesad
0,0.00026988794,0.5978792,wesad_s4,combined,wesad
0,0.00026935383,0.59615356,wesad_s4,combined,wesad
0,0.00026977475,0.5959529,wesad_s4,combined,wesad
0,0.0002688176,0.59478617,wesad_s4,combined,wesad
0,0.00027281107,0.6009567,wesad_s4,combined,wesad
0,0.0002778632,0.6140814,wesad_s4,combined,wesad
0,0.00028415362,0.6286957,wesad_s4,combined,wesad
0,0.00028469783,0.6311796,wesad_s4,combined,wesad
0,0.00028632645,0.63325304,wesad_s4,combined,wesad
0,0.00028579356,0.6324237,wesad_s4,combined,wesad
0,0.0002887749,0.6385908,wesad_s4,combined,wesad
0,0.00028551547,0.63193727,wesad_s4,combined,wesad
0,0.00028270442,0.6254048,wesad_s4,combined,wesad
0,0.00028460773,0.62876076,wesad_s4,combined,wesad
0,0.00028482545,0.63127625,wesad_s4,combined,wesad
0,0.00028722436,0.63552845,wesad_s4,combined,wesad
0,0.00028644467,0.6352773,wesad_s4,combined,wesad
0,0.00028809402,0.64158434,wesad_s4,combined,wesad
0,0.0002923891,0.6501212,wesad_s4,combined,wesad
0,0.00030025002,0.6665172,wesad_s4,combined,wesad
0,0.00030726581,0.68296516,wesad_s4,combined,wesad
0,0.0002942903,0.66016304,wesad_s4,combined,wesad
0,0.00024021602,0.5554067,wesad_s4,combined,wesad
0,0.0002873835,0.643195,wesad_s4,combined,wesad
0,0.00028938978,0.6473949,wesad_s4,combined,wesad
0,0.00028768447,0.64163464,wesad_s4,combined,wesad
0,0.00028226353,0.62717193,wesad_s4,combined,wesad
0,0.00027665863,0.61626667,wesad_s4,combined,wesad
0,0.00027615155,0.6143741,wesad_s4,combined,wesad
0,0.0002855054,0.6331284,wesad_s4,combined,wesad
0,0.000275037,0.6098434,wesad_s4,combined,wesad
0,0.00027522453,0.608317,wesad_s4,combined,wesad
0,0.00027031315,0.6013768,wesad_s4,combined,wesad
0,0.00027915533,0.6197902,wesad_s4,combined,wesad
0,0.0002791811,0.6175552,wesad_s4,combined,wesad
0,0.0002691464,0.5951899,wesad_s4,combined,wesad
0,0.00027286232,0.6032903,wesad_s4,combined,wesad
0,0.00027385217,0.60425484,wesad_s4,combined,wesad
0,0.0002722667,0.59962386,wesad_s4,combined,wesad
0,0.0002651552,0.58250624,wesad_s4,combined,wesad
0,0.0002668356,0.58569807,wesad_s4,combined,wesad
0,0.0002643641,0.5805486,wesad_s4,combined,wesad
0,0.00026215933,0.5748185,wesad_s4,combined,wesad
0,0.00026216859,0.5740873,wesad_s4,combined,wesad
0,0.00026262665,0.5764005,wesad_s4,combined,wesad
0,0.00026120277,0.57544154,wesad_s4,combined,wesad
0,0.00026379057,0.5828307,wesad_s4,combined,wesad
0,0.00025726215,0.57112145,wesad_s4,combined,wesad
0,0.000272481,0.60557497,wesad_s4,combined,wesad
0,0.00028278175,0.62906605,wesad_s4,combined,wesad
0,0.0002892836,0.6410569,wesad_s4,combined,wesad
0,0.00028820473,0.63628113,wesad_s4,combined,wesad
0,0.0002879677,0.6365347,wesad_s4,combined,wesad
0,0.00028839352,0.63815176,wesad_s4,combined,wesad
0,0.00029069305,0.6423747,wesad_s4,combined,wesad
0,0.0002872794,0.63436234,wesad_s4,combined,wesad
0,0.00028717148,0.63554853,wesad_s4,combined,wesad
0,0.00028834186,0.63765305,wesad_s4,combined,wesad
0,0.00027182396,0.6086766,wesad_s4,combined,wesad
0,0.00017329544,0.37881854,wesad_s4,combined,wesad
0,0.00018142571,0.41920188,wesad_s4,combined,wesad
0,0.00020208202,0.4740803,wesad_s4,combined,wesad
0,0.00027242355,0.6226517,wesad_s4,combined,wesad
0,0.00029019653,0.6522906,wesad_s4,combined,wesad
0,0.00030347757,0.67755115,wesad_s4,combined,wesad
0,0.0002935673,0.65521646,wesad_s4,combined,wesad
0,0.0002536115,0.56194353,wesad_s4,combined,wesad
0,0.0002534648,0.5537933,wesad_s4,combined,wesad
0,0.00025689005,0.5593977,wesad_s4,combined,wesad
0,0.0002557522,0.5553394,wesad_s4,combined,wesad
0,0.00025918838,0.563268,wesad_s4,combined,wesad
0,0.00026308876,0.5722231,wesad_s4,combined,wesad
0,0.00026002398,0.56589186,wesad_s4,combined,wesad
0,0.00026234437,0.57089025,wesad_s4,combined,wesad
0,0.00026459357,0.5764628,wesad_s4,combined,wesad
0,0.00025767798,0.56059724,wesad_s4,combined,wesad
0,0.00025420147,0.5498562,wesad_s4,combined,wesad
0,0.00025843063,0.561352,wesad_s4,combined,wesad
0,0.0002574732,0.5598581,wesad_s4,combined,wesad
0,0.0002578933,0.5626458,wesad_s4,combined,wesad
0,0.00025597788,0.55924964,wesad_s4,combined,wesad
0,0.00025220186,0.55147755,wesad_s4,combined,wesad
0,0.00026010635,0.5714816,wesad_s4,combined,wesad
0,0.0002628611,0.58061355,wesad_s4,combined,wesad
0,0.00025936886,0.57281244,wesad_s4,combined,wesad
0,0.00025981362,0.57104146,wesad_s4,combined,wesad
0,0.00026875842,0.59215045,wesad_s4,combined,wesad
0,0.0002636887,0.5824572,wesad_s4,combined,wesad
0,0.00026938078,0.5956754,wesad_s4,combined,wesad
0,0.00026712706,0.58955276,wesad_s4,combined,wesad
0,0.00027021265,0.5954111,wesad_s4,combined,wesad
0,0.00027042683,0.59648234,wesad_s4,combined,wesad
0,0.0002717434,0.5984455,wesad_s4,combined,wesad
0,0.0002650248,0.5845833,wesad_s4,combined,wesad
0,0.0002585134,0.5678079,wesad_s4,combined,wesad
0,0.00025933378,0.56897795,wesad_s4,combined,wesad
0,0.00025289872,0.5555759,wesad_s4,combined,wesad
0,0.00026014153,0.5727738,wesad_s4,combined,wesad
0,0.0002578859,0.5691959,wesad_s4,combined,wesad
0,0.00026174824,0.5804309,wesad_s4,combined,wesad
0,0.00028070674,0.62160045,wesad_s4,combined,wesad
0,0.00028738627,0.63545996,wesad_s4,combined,wesad
0,0.00029251125,0.6458383,wesad_s4,combined,wesad
0,0.00028046867,0.62079024,wesad_s4,combined,wesad
0,0.00024185554,0.53162163,wesad_s4,combined,wesad
0,0.00022674524,0.48496678,wesad_s4,combined,wesad
0,0.0002545546,0.55149746,wesad_s4,combined,wesad
0,0.0002593555,0.5640726,wesad_s4,combined,wesad
0,0.0002557542,0.55502516,wesad_s4,combined,wesad
0,0.0002555236,0.55542964,wesad_s4,combined,wesad
0,0.0002621798,0.5726832,wesad_s4,combined,wesad
0,0.00026742826,0.5871628,wesad_s4,combined,wesad
0,0.00026821595,0.59150106,wesad_s4,combined,wesad
0,0.0002621808,0.5752581,wesad_s4,combined,wesad
0,0.00026311885,0.5754052,wesad_s4,combined,wesad
0,0.0002631284,0.5750483,wesad_s4,combined,wesad
0,0.00026357835,0.5773499,wesad_s4,combined,wesad
0,0.0002615626,0.57281214,wesad_s4,combined,wesad
0,0.000263396,0.5784714,wesad_s4,combined,wesad
0,0.0002650134,0.58401775,wesad_s4,combined,wesad
0,0.00026845033,0.5912385,wesad_s4,combined,wesad
0,0.00026841936,0.5922137,wesad_s4,combined,wesad
0,0.00026023778,0.5747572,wesad_s4,combined,wesad
0,0.00025435328,0.56289583,wesad_s4,combined,wesad
0,0.00024024374,0.5358511,wesad_s4,combined,wesad
0,0.00020013099,0.44519877,wesad_s4,combined,wesad
0,0.00020531382,0.47497663,wesad_s4,combined,wesad
0,0.0002583641,0.59635377,wesad_s4,combined,wesad
0,0.00030571132,0.67955947,wesad_s4,combined,wesad
0,0.00030770994,0.68327266,wesad_s4,combined,wesad
0,0.0003018225,0.6715444,wesad_s4,combined,wesad
0,0.00025533367,0.58433354,wesad_s4,combined,wesad
0,0.0001648932,0.36209232,wesad_s4,combined,wesad
0,0.00019110175,0.44343036,wesad_s4,combined,wesad
0,0.00028494088,0.6386961,wesad_s4,combined,wesad
0,0.0002923791,0.6485737,wesad_s4,combined,wesad
0,0.00021504863,0.4948462,wesad_s4,combined,wesad
0,0.0002140526,0.49169588,wesad_s4,combined,wesad
0,0.00027271462,0.6072262,wesad_s4,combined,wesad
0,0.00027490535,0.60945755,wesad_s4,combined,wesad
0,0.00025602058,0.56369,wesad_s4,combined,wesad
0,0.00025551874,0.5606307,wesad_s4,combined,wesad
0,0.00025052403,0.5485475,wesad_s4,combined,wesad
0,0.00025410866,0.5563345,wesad_s4,combined,wesad
0,0.00025635617,0.5617288,wesad_s4,combined,wesad
0,0.0002532027,0.55231494,wesad_s4,combined,wesad
0,0.000261907,0.5740652,wesad_s4,combined,wesad
0,0.00025887872,0.56868833,wesad_s4,combined,wesad
0,0.0002608188,0.5727969,wesad_s4,combined,wesad
0,0.0002508644,0.55122507,wesad_s4,combined,wesad
0,0.0002444728,0.5347541,wesad_s4,combined,wesad
0,0.00026245596,0.57792693,wesad_s4,combined,wesad
0,0.00026747544,0.59091717,wesad_s4,combined,wesad
0,0.00027069717,0.59646374,wesad_s4,combined,wesad
0,0.00026756062,0.58858204,wesad_s4,combined,wesad
0,0.00026293483,0.5751641,wesad_s4,combined,wesad
0,0.00026383027,0.5776339,wesad_s4,combined,wesad
0,0.00026067783,0.5709511,wesad_s4,combined,wesad
0,0.00026096008,0.57198817,wesad_s4,combined,wesad
0,0.00025997745,0.5701497,wesad_s4,combined,wesad
0,0.0002641089,0.5806696,wesad_s4,combined,wesad
0,0.00026937923,0.59544057,wesad_s4,combined,wesad
0,0.00027502727,0.6099657,wesad_s4,combined,wesad
0,0.00026803807,0.5932958,wesad_s4,combined,wesad
0,0.00027280484,0.60204506,wesad_s4,combined,wesad
0,0.00027134496,0.5991616,wesad_s4,combined,wesad
0,0.00026789447,0.5915822,wesad_s4,combined,wesad
0,0.00026560153,0.5848903,wesad_s4,combined,wesad
0,0.0002592534,0.56816375,wesad_s4,combined,wesad
0,0.000259355,0.57228464,wesad_s4,combined,wesad
0,0.0002636035,0.5826351,wesad_s4,combined,wesad
0,0.00026572208,0.5868924,wesad_s4,combined,wesad
0,0.0002687925,0.59426945,wesad_s4,combined,wesad
0,0.00027005348,0.5985263,wesad_s4,combined,wesad
0,0.00027967608,0.6189935,wesad_s4,combined,wesad
0,0.00018108422,0.41899174,wesad_s4,combined,wesad
0,0.00019728752,0.46578908,wesad_s4,combined,wesad
0,0.00027882998,0.63115746,wesad_s4,combined,wesad
0,0.0003046824,0.6772664,wesad_s4,combined,wesad
0,0.0002945064,0.6571591,wesad_s4,combined,wesad
0,0.00027205134,0.61761403,wesad_s4,combined,wesad
0,0.000182396,0.40349424,wesad_s4,combined,wesad
0,0.00019742735,0.45076895,wesad_s4,combined,wesad
0,0.00022692131,0.51784104,wesad_s4,combined,wesad
0,0.00026910586,0.6043593,wesad_s4,combined,wesad
0,0.00026561698,0.6004381,wesad_s4,combined,wesad
0,0.0002687105,0.61065,wesad_s4,combined,wesad
0,0.00026424264,0.6026131,wesad_s4,combined,wesad
0,0.00026109297,0.5862907,wesad_s4,combined,wesad
0,0.00025811023,0.57213634,wesad_s4,combined,wesad
0,0.00025948414,0.5702369,wesad_s4,combined,wesad
0,0.0002546806,0.5553411,wesad_s4,combined,wesad
0,0.000250687,0.5454907,wesad_s4,combined,wesad
0,0.00024335834,0.52746737,wesad_s4,combined,wesad
0,0.00023740926,0.5144218,wesad_s4,combined,wesad
0,0.0002456387,0.538457,wesad_s4,combined,wesad
0,0.0002616938,0.57700855,wesad_s4,combined,wesad
0,0.00026839043,0.5953452,wesad_s4,combined,wesad
0,0.00027573144,0.6120016,wesad_s4,combined,wesad
0,0.00027851542,0.62018394,wesad_s4,combined,wesad
0,0.00028333368,0.6313585,wesad_s4,combined,wesad
0,0.00028892333,0.64129364,wesad_s4,combined,wesad
0,0.00029167056,0.64568573,wesad_s4,combined,wesad
0,0.00029510452,0.6523222,wesad_s4,combined,wesad
0,0.00029872614,0.660631,wesad_s4,combined,wesad
0,0.00029752924,0.6575191,wesad_s4,combined,wesad
0,0.00029588913,0.65423006,wesad_s4,combined,wesad
0,0.0002919328,0.6460572,wesad_s4,combined,wesad
0,0.0002890966,0.6407233,wesad_s4,combined,wesad
0,0.00028569193,0.6337876,wesad_s4,combined,wesad
0,0.00027788046,0.6168685,wesad_s4,combined,wesad
0,0.00027684463,0.61302286,wesad_s4,combined,wesad
0,0.00027183536,0.6028744,wesad_s4,combined,wesad
0,0.00027090526,0.600027,wesad_s4,combined,wesad
0,0.00027223455,0.6014732,wesad_s4,combined,wesad
0,0.00026985738,0.5967556,wesad_s4,combined,wesad
0,0.0002692737,0.5946589,wesad_s4,combined,wesad
0,0.00027150929,0.6002017,wesad_s4,combined,wesad
1,0.00018053767,0.41561797,wesad_s4,combined,wesad
1,0.0001510984,0.30619174,wesad_s4,combined,wesad
1,0.00014468472,0.26038027,wesad_s4,combined,wesad
1,0.00015714335,0.3154347,wesad_s4,combined,wesad
1,0.00015978633,0.31822205,wesad_s4,combined,wesad
1,0.00018677952,0.43042156,wesad_s4,combined,wesad
1,0.00017272121,0.37963927,wesad_s4,combined,wesad
1,0.00018176786,0.4238282,wesad_s4,combined,wesad
1,0.0001547731,0.32240063,wesad_s4,combined,wesad
1,0.00015723823,0.33415705,wesad_s4,combined,wesad
1,0.00016023843,0.34698948,wesad_s4,combined,wesad
1,0.00015584884,0.31725442,wesad_s4,combined,wesad
1,0.00015207275,0.29329717,wesad_s4,combined,wesad
1,0.00019847829,0.46165523,wesad_s4,combined,wesad
1,0.00018987269,0.43655053,wesad_s4,combined,wesad
1,0.00020893269,0.49520206,wesad_s4,combined,wesad
1,0.00019547778,0.45892563,wesad_s4,combined,wesad
1,0.00022560233,0.5321416,wesad_s4,combined,wesad
1,0.00032211115,0.7227346,wesad_s4,combined,wesad
1,0.00032179683,0.7232407,wesad_s4,combined,wesad
1,0.0003230488,0.7334145,wesad_s4,combined,wesad
1,0.00031577237,0.7049029,wesad_s4,combined,wesad
1,0.00018322152,0.41707253,wesad_s4,combined,wesad
1,0.00021264958,0.4959632,wesad_s4,combined,wesad
1,0.0002137905,0.49657565,wesad_s4,combined,wesad
1,0.00024637047,0.57164216,wesad_s4,combined,wesad
1,0.00026371863,0.60614395,wesad_s4,combined,wesad
1,0.00026104366,0.60153234,wesad_s4,combined,wesad
1,0.00017622851,0.39879066,wesad_s4,combined,wesad
1,0.00015084936,0.29748732,wesad_s4,combined,wesad
1,0.00014637057,0.26926672,wesad_s4,combined,wesad
1,0.00015724514,0.3151817,wesad_s4,combined,wesad
1,0.00014747634,0.26103145,wesad_s4,combined,wesad
1,0.00017146686,0.37958106,wesad_s4,combined,wesad
1,0.00016031865,0.32918665,wesad_s4,combined,wesad
1,0.00017464839,0.39402467,wesad_s4,combined,wesad
1,0.0001502748,0.29112497,wesad_s4,combined,wesad
1,0.0001487359,0.28158164,wesad_s4,combined,wesad
1,0.00015876135,0.32728395,wesad_s4,combined,wesad
1,0.00016680619,0.3581944,wesad_s4,combined,wesad
1,0.00017855046,0.39532626,wesad_s4,combined,wesad
1,0.00020026538,0.46542954,wesad_s4,combined,wesad
1,0.00022801396,0.5367879,wesad_s4,combined,wesad
1,0.00021882882,0.5188973,wesad_s4,combined,wesad
1,0.0001697657,0.37419432,wesad_s4,combined,wesad
1,0.00019459463,0.4545826,wesad_s4,combined,wesad
1,0.00017146507,0.3783098,wesad_s4,combined,wesad
1,0.00019225941,0.44626665,wesad_s4,combined,wesad
1,0.00016786951,0.36614925,wesad_s4,combined,wesad
1,0.00017423421,0.3965522,wesad_s4,combined,wesad
1,0.00017773936,0.41055253,wesad_s4,combined,wesad
1,0.00017939176,0.40916535,wesad_s4,combined,wesad
1,0.00021542028,0.50732666,wesad_s4,combined,wesad
1,0.00025214176,0.58214676,wesad_s4,combined,wesad
1,0.00026067984,0.5996744,wesad_s4,combined,wesad
1,0.00030881233,0.68599904,wesad_s4,combined,wesad
1,0.0003217112,0.7189629,wesad_s4,combined,wesad
1,0.00032008486,0.71432734,wesad_s4,combined,wesad
1,0.00031654915,0.70663035,wesad_s4,combined,wesad
1,0.00032030436,0.7181704,wesad_s4,combined,wesad
1,0.0002823058,0.636711,wesad_s4,combined,wesad
1,0.00026445132,0.60827196,wesad_s4,combined,wesad
1,0.00019229442,0.44529644,wesad_s4,combined,wesad
1,0.0001602242,0.3430197,wesad_s4,combined,wesad
1,0.00016261589,0.35635403,wesad_s4,combined,wesad
1,0.00014561339,0.265273,wesad_s4,combined,wesad
1,0.00014311828,0.23999362,wesad_s4,combined,wesad
1,0.00014156826,0.18597251,wesad_s4,combined,wesad
1,0.00014272076,0.19939594,wesad_s4,combined,wesad
1,0.00014335592,0.21192136,wesad_s4,combined,wesad
1,0.00014806137,0.25688693,wesad_s4,combined,wesad
1,0.00014775954,0.26905304,wesad_s4,combined,wesad
1,0.00016137029,0.35016108,wesad_s4,combined,wesad
1,0.0001486687,0.28970626,wesad_s4,combined,wesad
1,0.00014796286,0.2894946,wesad_s4,combined,wesad
1,0.00014206902,0.23621655,wesad_s4,combined,wesad
1,0.0001440004,0.24116822,wesad_s4,combined,wesad
1,0.00014324128,0.22638436,wesad_s4,combined,wesad
1,0.00015616123,0.31198052,wesad_s4,combined,wesad
1,0.00016565798,0.34887016,wesad_s4,combined,wesad
1,0.0001461601,0.2548861,wesad_s4,combined,wesad
1,0.0001699691,0.3732173,wesad_s4,combined,wesad
1,0.00018126576,0.4057411,wesad_s4,combined,wesad
1,0.00014319117,0.23755181,wesad_s4,combined,wesad
1,0.00014049913,0.21628541,wesad_s4,combined,wesad
1,0.0001406796,0.18881376,wesad_s4,combined,wesad
1,0.00015435102,0.32125235,wesad_s4,combined,wesad
1,0.00014746284,0.2721095,wesad_s4,combined,wesad
1,0.0001456916,0.2603713,wesad_s4,combined,wesad
1,0.00014633943,0.27861205,wesad_s4,combined,wesad
1,0.00014497763,0.2701353,wesad_s4,combined,wesad
1,0.00014813099,0.29449767,wesad_s4,combined,wesad
1,0.0001422131,0.2535179,wesad_s4,combined,wesad
1,0.0001502662,0.29971766,wesad_s4,combined,wesad
1,0.00014191831,0.22204359,wesad_s4,combined,wesad
1,0.00015181299,0.30428067,wesad_s4,combined,wesad
1,0.00014123146,0.19426739,wesad_s4,combined,wesad
1,0.00014115042,0.1769838,wesad_s4,combined,wesad
1,0.00014559645,0.2362443,wesad_s4,combined,wesad
1,0.00014709056,0.26910862,wesad_s4,combined,wesad
1,0.00015214515,0.3110755,wesad_s4,combined,wesad
1,0.00014650643,0.27895334,wesad_s4,combined,wesad
1,0.00014826552,0.29988104,wesad_s4,combined,wesad
1,0.00014720098,0.28925297,wesad_s4,combined,wesad
1,0.00014114799,0.22887099,wesad_s4,combined,wesad
1,0.00015006345,0.29842678,wesad_s4,combined,wesad
1,0.00016039095,0.34841558,wesad_s4,combined,wesad
1,0.00016492196,0.36654145,wesad_s4,combined,wesad
1,0.00014564632,0.2687898,wesad_s4,combined,wesad
1,0.00018588213,0.4379701,wesad_s4,combined,wesad
1,0.00014897423,0.27953693,wesad_s4,combined,wesad
1,0.00018114015,0.41803983,wesad_s4,combined,wesad
1,0.00015848577,0.32863247,wesad_s4,combined,wesad
1,0.00015168448,0.3058836,wesad_s4,combined,wesad
1,0.00014462679,0.26536956,wesad_s4,combined,wesad
1,0.00014172873,0.2422528,wesad_s4,combined,wesad
1,0.00013945537,0.21514878,wesad_s4,combined,wesad
1,0.00014013842,0.21073678,wesad_s4,combined,wesad
1,0.0001560069,0.32094997,wesad_s4,combined,wesad
1,0.00015589672,0.32131758,wesad_s4,combined,wesad
1,0.00013983287,0.20660909,wesad_s4,combined,wesad
1,0.0001408608,0.22101268,wesad_s4,combined,wesad
1,0.00014132496,0.22893673,wesad_s4,combined,wesad
1,0.00015570538,0.33143908,wesad_s4,combined,wesad
1,0.00016585998,0.36422515,wesad_s4,combined,wesad
1,0.00018198567,0.42598915,wesad_s4,combined,wesad
1,0.00015467248,0.32308155,wesad_s4,combined,wesad
0,0.000382189,0.39288726,wesad_s15,combined,wesad
0,0.11015853,0.2155793,wesad_s15,combined,wesad
0,0.3299127,0.19653183,wesad_s15,combined,wesad
0,0.022699809,0.24038456,wesad_s15,combined,wesad
0,0.0017347349,0.32042018,wesad_s15,combined,wesad
0,0.003213048,0.29766995,wesad_s15,combined,wesad
0,0.0032293485,0.29004827,wesad_s15,combined,wesad
0,0.004951906,0.27301714,wesad_s15,combined,wesad
0,0.012345412,0.24669272,wesad_s15,combined,wesad
0,0.029348735,0.22441146,wesad_s15,combined,wesad
0,0.0732954,0.20434202,wesad_s15,combined,wesad
0,0.031633884,0.2231581,wesad_s15,combined,wesad
0,0.0026185939,0.2937552,wesad_s15,combined,wesad
0,0.00017738096,0.3994977,wesad_s15,combined,wesad
0,0.00014252342,0.4076264,wesad_s15,combined,wesad
0,0.0015885647,0.31135035,wesad_s15,combined,wesad
0,4.456643e-05,0.4574423,wesad_s15,combined,wesad
0,0.012374422,0.24933758,wesad_s15,combined,wesad
0,0.010447956,0.25468624,wesad_s15,combined,wesad
0,0.0015932923,0.3212216,wesad_s15,combined,wesad
0,0.0013303712,0.33107156,wesad_s15,combined,wesad
0,0.039408635,0.22450371,wesad_s15,combined,wesad
0,0.0019267815,0.32216173,wesad_s15,combined,wesad
0,0.008151632,0.2686025,wesad_s15,combined,wesad
0,0.038377676,0.22772321,wesad_s15,combined,wesad
0,0.009497719,0.2618176,wesad_s15,combined,wesad
0,0.042988796,0.22232246,wesad_s15,combined,wesad
0,0.003571719,0.2960346,wesad_s15,combined,wesad
0,0.0001557122,0.41956753,wesad_s15,combined,wesad
0,0.0019987188,0.30951154,wesad_s15,combined,wesad
0,0.0024814338,0.3019479,wesad_s15,combined,wesad
0,0.00025763866,0.3970153,wesad_s15,combined,wesad
0,0.0004368355,0.37748945,wesad_s15,combined,wesad
0,9.934021e-05,0.43566665,wesad_s15,combined,wesad
0,0.00030421276,0.38455516,wesad_s15,combined,wesad
0,0.00026289522,0.39132872,wesad_s15,combined,wesad
0,0.040761884,0.22069667,wesad_s15,combined,wesad
0,0.0693707,0.20926127,wesad_s15,combined,wesad
0,0.040988903,0.2196524,wesad_s15,combined,wesad
0,0.043554712,0.21683498,wesad_s15,combined,wesad
0,0.021451674,0.23447417,wesad_s15,combined,wesad
0,0.00071347505,0.35635942,wesad_s15,combined,wesad
0,0.00592147,0.27847478,wesad_s15,combined,wesad
0,0.113171495,0.20131968,wesad_s15,combined,wesad
0,0.0007358382,0.36257365,wesad_s15,combined,wesad
0,8.766629e-05,0.46044236,wesad_s15,combined,wesad
0,4.273654e-06,0.58283883,wesad_s15,combined,wesad
0,0.00044881072,0.39326936,wesad_s15,combined,wesad
0,0.034419395,0.23883148,wesad_s15,combined,wesad
0,0.0040077725,0.32436636,wesad_s15,combined,wesad
0,0.0021637834,0.36487877,wesad_s15,combined,wesad
0,0.0024131024,0.3517678,wesad_s15,combined,wesad
0,0.0018663149,0.36376455,wesad_s15,combined,wesad
0,0.26442638,0.21756749,wesad_s15,combined,wesad
0,0.11204518,0.22052215,wesad_s15,combined,wesad
0,0.013384963,0.25560156,wesad_s15,combined,wesad
0,0.0005236244,0.3662879,wesad_s15,combined,wesad
0,2.9608393e-06,0.56982857,wesad_s15,combined,wesad
0,1.6727391e-06,0.5860977,wesad_s15,combined,wesad
0,6.391519e-06,0.5359993,wesad_s15,combined,wesad
0,5.567824e-07,0.62455815,wesad_s15,combined,wesad
0,0.039677355,0.22425342,wesad_s15,combined,wesad
0,0.39292905,0.18972091,wesad_s15,combined,wesad
0,0.18887736,0.19932564,wesad_s15,combined,wesad
0,0.00087009097,0.35480586,wesad_s15,combined,wesad
0,2.716444e-05,0.50830954,wesad_s15,combined,wesad
0,0.024257908,0.2404277,wesad_s15,combined,wesad
0,0.0020116349,0.32443964,wesad_s15,combined,wesad
0,0.007400037,0.2754305,wesad_s15,combined,wesad
0,0.33048913,0.19180241,wesad_s15,combined,wesad
0,0.32474235,0.19545181,wesad_s15,combined,wesad
0,0.27906516,0.1913226,wesad_s15,combined,wesad
0,0.06619283,0.21171002,wesad_s15,combined,wesad
0,0.0019379872,0.30796236,wesad_s15,combined,wesad
0,0.0005540626,0.35820052,wesad_s15,combined,wesad
0,0.004876364,0.28019226,wesad_s15,combined,wesad
0,0.030692678,0.22871312,wesad_s15,combined,wesad
0,0.08464391,0.2085154,wesad_s15,combined,wesad
0,0.0790431,0.21374622,wesad_s15,combined,wesad
0,0.008661067,0.26954806,wesad_s15,combined,wesad
0,0.025485003,0.238082,wesad_s15,combined,wesad
0,0.0020985943,0.3123376,wesad_s15,combined,wesad
0,0.0805033,0.20708252,wesad_s15,combined,wesad
0,0.0148023935,0.2500758,wesad_s15,combined,wesad
0,0.0032868765,0.29171494,wesad_s15,combined,wesad
0,0.0025335758,0.29736573,wesad_s15,combined,wesad
0,0.00014880614,0.40952346,wesad_s15,combined,wesad
0,7.8149256e-05,0.43155178,wesad_s15,combined,wesad
0,0.00021063208,0.39387396,wesad_s15,combined,wesad
0,0.0027328026,0.29480413,wesad_s15,combined,wesad
0,0.0119220475,0.24736741,wesad_s15,combined,wesad
0,0.009120689,0.25851703,wesad_s15,combined,wesad
0,0.008335204,0.2580105,wesad_s15,combined,wesad
0,0.0044836914,0.27848715,wesad_s15,combined,wesad
0,0.0007942959,0.3406516,wesad_s15,combined,wesad
0,0.0060374727,0.26872373,wesad_s15,combined,wesad
0,0.0055006933,0.27391466,wesad_s15,combined,wesad
0,0.02377357,0.23398583,wesad_s15,combined,wesad
0,0.2928163,0.19046064,wesad_s15,combined,wesad
0,0.08882701,0.20932372,wesad_s15,combined,wesad
0,0.05402317,0.22005644,wesad_s15,combined,wesad
0,0.06393345,0.21497351,wesad_s15,combined,wesad
0,0.092024736,0.20692304,wesad_s15,combined,wesad
0,0.2604914,0.19066663,wesad_s15,combined,wesad
0,0.014772827,0.2559355,wesad_s15,combined,wesad
0,0.0046741227,0.29596913,wesad_s15,combined,wesad
0,0.012863674,0.269708,wesad_s15,combined,wesad
0,0.036403127,0.23867671,wesad_s15,combined,wesad
0,0.012998945,0.26848945,wesad_s15,combined,wesad
0,0.0571371,0.23035103,wesad_s15,combined,wesad
0,0.012240303,0.2587357,wesad_s15,combined,wesad
0,0.0007028209,0.34753662,wesad_s15,combined,wesad
0,0.12510397,0.19746993,wesad_s15,combined,wesad
0,0.59908336,0.20351562,wesad_s15,combined,wesad
0,0.6216824,0.20366609,wesad_s15,combined,wesad
0,0.36861104,0.20148467,wesad_s15,combined,wesad
0,0.0002280494,0.42264152,wesad_s15,combined,wesad
0,0.0046598446,0.306961,wesad_s15,combined,wesad
0,0.014943456,0.25682724,wesad_s15,combined,wesad
0,0.005093464,0.29198417,wesad_s15,combined,wesad
0,0.005591357,0.28565437,wesad_s15,combined,wesad
0,0.0129335495,0.25533354,wesad_s15,combined,wesad
0,0.010947483,0.2646121,wesad_s15,combined,wesad
0,0.008751334,0.26823336,wesad_s15,combined,wesad
0,0.06814289,0.21717235,wesad_s15,combined,wesad
0,0.16352728,0.19844168,wesad_s15,combined,wesad
0,0.09615394,0.20697813,wesad_s15,combined,wesad
0,0.04692738,0.21699621,wesad_s15,combined,wesad
0,0.083448075,0.20441751,wesad_s15,combined,wesad
0,0.016421137,0.23984869,wesad_s15,combined,wesad
0,0.000615498,0.34862274,wesad_s15,combined,wesad
0,0.00011911941,0.43474543,wesad_s15,combined,wesad
0,0.027771218,0.22812404,wesad_s15,combined,wesad
0,0.000996415,0.34049612,wesad_s15,combined,wesad
0,0.0015754385,0.3231898,wesad_s15,combined,wesad
0,0.10267183,0.20433797,wesad_s15,combined,wesad
0,0.37140518,0.19468428,wesad_s15,combined,wesad
0,0.11246071,0.20985065,wesad_s15,combined,wesad
0,0.23880559,0.19642466,wesad_s15,combined,wesad
0,0.26102975,0.1928491,wesad_s15,combined,wesad
0,0.008642494,0.27404916,wesad_s15,combined,wesad
0,0.017964173,0.25102875,wesad_s15,combined,wesad
0,0.00012677463,0.4317594,wesad_s15,combined,wesad
0,0.83588445,0.2410438,wesad_s15,combined,wesad
0,0.22552772,0.2083918,wesad_s15,combined,wesad
0,0.8049834,0.25092885,wesad_s15,combined,wesad
0,0.90150416,0.2948533,wesad_s15,combined,wesad
0,0.7712151,0.24094854,wesad_s15,combined,wesad
0,0.34918275,0.2120952,wesad_s15,combined,wesad
0,0.1572255,0.22538452,wesad_s15,combined,wesad
0,0.0008770871,0.3859542,wesad_s15,combined,wesad
0,0.00021071722,0.43546683,wesad_s15,combined,wesad
0,0.00011107624,0.46039942,wesad_s15,combined,wesad
0,4.93313e-05,0.46891028,wesad_s15,combined,wesad
0,0.00044339406,0.3906474,wesad_s15,combined,wesad
0,0.00017657537,0.42545536,wesad_s15,combined,wesad
0,0.00025759696,0.40952888,wesad_s15,combined,wesad
0,0.00029035294,0.39708224,wesad_s15,combined,wesad
0,0.00023942145,0.3970236,wesad_s15,combined,wesad
0,0.000118604614,0.4207817,wesad_s15,combined,wesad
0,0.0007742049,0.34343874,wesad_s15,combined,wesad
0,0.00026855123,0.39564106,wesad_s15,combined,wesad
0,0.00014985955,0.42022505,wesad_s15,combined,wesad
0,0.0045352704,0.28298792,wesad_s15,combined,wesad
0,0.025434943,0.2341847,wesad_s15,combined,wesad
0,0.33581564,0.18898848,wesad_s15,combined,wesad
0,0.32154116,0.19638509,wesad_s15,combined,wesad
0,0.0056990404,0.2871242,wesad_s15,combined,wesad
0,0.02657858,0.23742035,wesad_s15,combined,wesad
0,0.0024538974,0.31066445,wesad_s15,combined,wesad
0,0.017349029,0.25095427,wesad_s15,combined,wesad
0,0.00018388308,0.43802446,wesad_s15,combined,wesad
0,1.210145e-06,0.6411561,wesad_s15,combined,wesad
0,0.0012468209,0.35927758,wesad_s15,combined,wesad
0,0.027133916,0.2509349,wesad_s15,combined,wesad
0,0.06702282,0.22301488,wesad_s15,combined,wesad
0,0.17181459,0.1982114,wesad_s15,combined,wesad
0,0.018123116,0.24011248,wesad_s15,combined,wesad
0,0.00033696968,0.38673744,wesad_s15,combined,wesad
0,0.030110694,0.2321218,wesad_s15,combined,wesad
0,0.72006154,0.22779337,wesad_s15,combined,wesad
0,0.56230515,0.23950535,wesad_s15,combined,wesad
0,0.16000149,0.27115542,wesad_s15,combined,wesad
0,0.06868928,0.28173223,wesad_s15,combined,wesad
0,0.9594259,0.42200565,wesad_s15,combined,wesad
0,0.9752543,0.47562632,wesad_s15,combined,wesad
0,0.93092436,0.3302562,wesad_s15,combined,wesad
0,0.57179916,0.20345832,wesad_s15,combined,wesad
0,0.036159843,0.22771272,wesad_s15,combined,wesad
0,0.00735536,0.26698604,wesad_s15,combined,wesad
0,0.007953346,0.26309744,wesad_s15,combined,wesad
0,0.009142827,0.25333235,wesad_s15,combined,wesad
0,0.0053558303,0.26711282,wesad_s15,combined,wesad
0,0.0014297303,0.31595114,wesad_s15,combined,wesad
0,0.5984571,0.2010663,wesad_s15,combined,wesad
0,0.59893525,0.20542872,wesad_s15,combined,wesad
0,0.20422506,0.2037687,wesad_s15,combined,wesad
0,1.628881e-05,0.50922155,wesad_s15,combined,wesad
0,2.4014116e-07,0.6571924,wesad_s15,combined,wesad
0,9.4357645e-05,0.4437553,wesad_s15,combined,wesad
0,0.016458964,0.2475275,wesad_s15,combined,wesad
0,0.005984878,0.28298613,wesad_s15,combined,wesad
0,7.0982576e-05,0.4556221,wesad_s15,combined,wesad
0,0.0033015576,0.30064848,wesad_s15,combined,wesad
0,0.08286249,0.20743914,wesad_s15,combined,wesad
0,0.01859056,0.24663323,wesad_s15,combined,wesad
0,0.0066635413,0.26956186,wesad_s15,combined,wesad
0,0.002254508,0.304746,wesad_s15,combined,wesad
0,0.00011363677,0.42043802,wesad_s15,combined,wesad
0,0.0009986883,0.33580738,wesad_s15,combined,wesad
0,0.022104917,0.23219754,wesad_s15,combined,wesad
0,0.0058064777,0.27256906,wesad_s15,combined,wesad
0,0.0037342971,0.28397644,wesad_s15,combined,wesad
0,0.02259873,0.23104113,wesad_s15,combined,wesad
0,0.078950845,0.20374799,wesad_s15,combined,wesad
0,0.00065076,0.3605531,wesad_s15,combined,wesad
0,0.00784324,0.27108765,wesad_s15,combined,wesad
0,0.21564841,0.19281779,wesad_s15,combined,wesad
0,0.049821507,0.22314757,wesad_s15,combined,wesad
0,0.00039544905,0.40216136,wesad_s15,combined,wesad
0,0.067184106,0.24775407,wesad_s15,combined,wesad
0,0.37405843,0.20373684,wesad_s15,combined,wesad
0,0.0427738,0.23965983,wesad_s15,combined,wesad
0,0.0008517742,0.38744482,wesad_s15,combined,wesad
0,0.061950788,0.23433971,wesad_s15,combined,wesad
0,0.0073842565,0.2829011,wesad_s15,combined,wesad
0,0.114427984,0.21017615,wesad_s15,combined,wesad
0,0.86880577,0.26682118,wesad_s15,combined,wesad
0,0.9340677,0.32190663,wesad_s15,combined,wesad
0,0.61548805,0.21711667,wesad_s15,combined,wesad
0,0.00441734,0.30632672,wesad_s15,combined,wesad
0,4.5689712e-06,0.5734444,wesad_s15,combined,wesad
0,2.6796836e-06,0.5858862,wesad_s15,combined,wesad
0,0.00051564124,0.3712827,wesad_s15,combined,wesad
0,0.009511536,0.26198968,wesad_s15,combined,wesad
1,0.99312466,0.63772124,wesad_s15,combined,wesad
1,0.98059136,0.48439628,wesad_s15,combined,wesad
1,0.9668264,0.41001186,wesad_s15,combined,wesad
1,0.6824184,0.2130612,wesad_s15,combined,wesad
1,0.24543141,0.19999008,wesad_s15,combined,wesad
1,0.9795434,0.47107238,wesad_s15,combined,wesad
1,0.95896494,0.38535032,wesad_s15,combined,wesad
1,0.9208989,0.30891916,wesad_s15,combined,wesad
1,0.97907156,0.47312883,wesad_s15,combined,wesad
1,0.9893098,0.57060874,wesad_s15,combined,wesad
1,0.9594381,0.38381135,wesad_s15,combined,wesad
1,0.9350729,0.3261728,wesad_s15,combined,wesad
1,0.88778675,0.278256,wesad_s15,combined,wesad
1,0.910197,0.29506224,wesad_s15,combined,wesad
1,0.8545775,0.26298064,wesad_s15,combined,wesad
1,0.46546906,0.20107682,wesad_s15,combined,wesad
1,0.7480974,0.22690782,wesad_s15,combined,wesad
1,0.798468,0.23894487,wesad_s15,combined,wesad
1,0.72245276,0.22620688,wesad_s15,combined,wesad
1,0.90560085,0.2948387,wesad_s15,combined,wesad
1,0.80834144,0.24530348,wesad_s15,combined,wesad
1,0.83657885,0.2562313,wesad_s15,combined,wesad
1,0.8390314,0.24908645,wesad_s15,combined,wesad
1,0.6626431,0.21507424,wesad_s15,combined,wesad
1,0.60210496,0.20902725,wesad_s15,combined,wesad
1,0.794754,0.23639354,wesad_s15,combined,wesad
1,0.85620266,0.2619404,wesad_s15,combined,wesad
1,0.75318414,0.22871213,wesad_s15,combined,wesad
1,0.6568705,0.2174989,wesad_s15,combined,wesad
1,0.26507515,0.2095814,wesad_s15,combined,wesad
1,0.012799578,0.2819346,wesad_s15,combined,wesad
1,6.808708e-05,0.5006229,wesad_s15,combined,wesad
1,0.14148393,0.24335459,wesad_s15,combined,wesad
1,0.71083236,0.23952363,wesad_s15,combined,wesad
1,0.87712556,0.28253847,wesad_s15,combined,wesad
1,0.98195857,0.49525994,wesad_s15,combined,wesad
1,0.9339285,0.33739144,wesad_s15,combined,wesad
1,0.9347428,0.33467993,wesad_s15,combined,wesad
1,0.88538384,0.2852335,wesad_s15,combined,wesad
1,0.6816998,0.21924493,wesad_s15,combined,wesad
1,0.83563864,0.2533937,wesad_s15,combined,wesad
1,0.7851439,0.23977879,wesad_s15,combined,wesad
1,0.50276184,0.21072651,wesad_s15,combined,wesad
1,0.6362807,0.22836693,wesad_s15,combined,wesad
1,0.81614745,0.25780794,wesad_s15,combined,wesad
1,0.97612584,0.4552359,wesad_s15,combined,wesad
1,0.8715074,0.2813951,wesad_s15,combined,wesad
1,0.9467167,0.3551245,wesad_s15,combined,wesad
1,0.91815156,0.32261568,wesad_s15,combined,wesad
1,0.95987886,0.3861066,wesad_s15,combined,wesad
1,0.9646954,0.40887314,wesad_s15,combined,wesad
1,0.94275,0.35252577,wesad_s15,combined,wesad
1,0.9643819,0.40376908,wesad_s15,combined,wesad
1,0.776908,0.24645376,wesad_s15,combined,wesad
1,0.06889418,0.2467156,wesad_s15,combined,wesad
1,0.031999595,0.259943,wesad_s15,combined,wesad
1,0.034588933,0.2643089,wesad_s15,combined,wesad
1,0.7246256,0.24015936,wesad_s15,combined,wesad
1,0.95131856,0.3651063,wesad_s15,combined,wesad
1,0.80291826,0.24809779,wesad_s15,combined,wesad
1,0.6697471,0.2247588,wesad_s15,combined,wesad
1,0.7100425,0.2279268,wesad_s15,combined,wesad
1,0.4070825,0.2016209,wesad_s15,combined,wesad
1,0.8372837,0.25196382,wesad_s15,combined,wesad
1,0.39803207,0.22323705,wesad_s15,combined,wesad
1,0.36917728,0.2514382,wesad_s15,combined,wesad
1,0.0027465848,0.4240452,wesad_s15,combined,wesad
1,0.11157759,0.3164462,wesad_s15,combined,wesad
1,0.380151,0.2819123,wesad_s15,combined,wesad
1,0.2643088,0.27343658,wesad_s15,combined,wesad
1,0.36239737,0.27580938,wesad_s15,combined,wesad
1,0.2095135,0.27506313,wesad_s15,combined,wesad
1,0.022123624,0.35275748,wesad_s15,combined,wesad
1,0.0002221957,0.5872707,wesad_s15,combined,wesad
1,0.00023466907,0.57739383,wesad_s15,combined,wesad
1,0.28613794,0.28063053,wesad_s15,combined,wesad
1,0.9110563,0.33225042,wesad_s15,combined,wesad
1,0.9829707,0.50789225,wesad_s15,combined,wesad
1,0.9608224,0.3891623,wesad_s15,combined,wesad
1,0.89723366,0.28082883,wesad_s15,combined,wesad
1,0.77420384,0.23310831,wesad_s15,combined,wesad
1,0.76202464,0.23150036,wesad_s15,combined,wesad
1,0.6409836,0.20851633,wesad_s15,combined,wesad
1,0.46687737,0.20282637,wesad_s15,combined,wesad
1,0.9768007,0.45276847,wesad_s15,combined,wesad
1,0.980338,0.47942728,wesad_s15,combined,wesad
1,0.92389935,0.31241232,wesad_s15,combined,wesad
1,0.777441,0.23727149,wesad_s15,combined,wesad
1,0.64417464,0.22201882,wesad_s15,combined,wesad
1,0.6482587,0.22306004,wesad_s15,combined,wesad
1,0.23019415,0.21771821,wesad_s15,combined,wesad
1,0.1754133,0.23272799,wesad_s15,combined,wesad
1,0.14791274,0.24940728,wesad_s15,combined,wesad
1,0.25861794,0.23622727,wesad_s15,combined,wesad
1,0.867037,0.2738818,wesad_s15,combined,wesad
1,0.4281421,0.21029271,wesad_s15,combined,wesad
1,0.19196029,0.21404336,wesad_s15,combined,wesad
1,0.6513422,0.2044121,wesad_s15,combined,wesad
1,0.27407673,0.2046799,wesad_s15,combined,wesad
1,0.02040719,0.25311333,wesad_s15,combined,wesad
1,0.0154811675,0.25978082,wesad_s15,combined,wesad
1,0.014556099,0.2642349,wesad_s15,combined,wesad
1,0.010344703,0.2739375,wesad_s15,combined,wesad
1,0.0414821,0.23794535,wesad_s15,combined,wesad
1,0.018683728,0.26292515,wesad_s15,combined,wesad
1,0.028667305,0.24623546,wesad_s15,combined,wesad
1,0.15538357,0.21673441,wesad_s15,combined,wesad
1,0.14469114,0.21918495,wesad_s15,combined,wesad
1,0.7328917,0.22867852,wesad_s15,combined,wesad
1,0.33283576,0.2243105,wesad_s15,combined,wesad
1,0.47340113,0.2346675,wesad_s15,combined,wesad
1,0.67698085,0.25078914,wesad_s15,combined,wesad
1,0.87857455,0.2927139,wesad_s15,combined,wesad
1,0.9075757,0.3152593,wesad_s15,combined,wesad
1,0.8957476,0.2997728,wesad_s15,combined,wesad
1,0.9138248,0.31362993,wesad_s15,combined,wesad
1,0.12740819,0.2419016,wesad_s15,combined,wesad
1,0.12789595,0.24872828,wesad_s15,combined,wesad
1,0.15374337,0.24692345,wesad_s15,combined,wesad
1,0.038183052,0.28079873,wesad_s15,combined,wesad
1,0.36226824,0.23199613,wesad_s15,combined,wesad
1,0.019952891,0.3087452,wesad_s15,combined,wesad
1,0.7545976,0.2682545,wesad_s15,combined,wesad
1,0.2740766,0.23682183,wesad_s15,combined,wesad
1,0.7674975,0.25529507,wesad_s15,combined,wesad
1,0.52254593,0.23006111,wesad_s15,combined,wesad
1,0.16239712,0.24068592,wesad_s15,combined,wesad
1,0.03588882,0.26293525,wesad_s15,combined,wesad
1,0.24086848,0.23119491,wesad_s15,combined,wesad
1,0.30059946,0.24464491,wesad_s15,combined,wesad
1,0.36869153,0.23843367,wesad_s15,combined,wesad
1,0.71132624,0.24710546,wesad_s15,combined,wesad
1,0.95103186,0.37413174,wesad_s15,combined,wesad
1,0.8886289,0.29621568,wesad_s15,combined,wesad
1,0.67483413,0.24648865,wesad_s15,combined,wesad
1,0.17062439,0.2544862,wesad_s15,combined,wesad
1,0.86918086,0.2930021,wesad_s15,combined,wesad
1,0.6691067,0.24932212,wesad_s15,combined,wesad
