ECG,EDA,RR
32132,43472,33647
32520,43481,33573
33204,43487,33604
33757,43496,33551
33972,43508,33584
34332,43524,33495
34696,43516,33444
35228,43468,33437
35964,43527,33415
36256,43550,33390
35028,43570,33399
33360,43567,33352
32852,43588,33372
33296,43609,33300
34284,43607,33287
35240,43599,33324
36060,43587,33216
37652,43556,33172
37880,43550,33221
36936,43545,33143
35652,43548,33125
34208,43527,33057
32876,43521,33012
31965,43570,33012
31476,43558,32976
31137,43518,32995
30884,43504,32908
30757,43476,32908
30700,43479,32815
30688,43484,32781
30656,43508,32750
30620,43541,32726
30544,43543,32754
30577,43548,32625
30600,43543,32572
30660,43540,32596
30688,43463,32508
30688,43545,32489
30661,43520,32478
30636,43494,32421
30600,43511,32412
30560,43524,32372
30536,43524,32416
30552,43520,32296
30596,43527,32354
30688,43473,32224
30724,43489,32271
30684,43523,32140
30672,43527,32101
30693,43506,32052
30709,43505,32077
30624,43519,32021
30572,43527,32072
30584,43527,31936
30660,43527,31922
30724,43527,31844
30776,43527,31790
30784,43524,31773
30757,43500,31716
30744,43508,31751
30736,43511,31692
30692,43509,31695
30604,43525,31608
30636,43463,31685
30704,43488,31554
30765,43521,31544
30728,43503,31534
30720,43509,31444
30717,43452,31391
30720,43464,31420
30700,43487,31333
30636,43512,31397
30573,43508,31268
30584,43513,31277
30632,43527,31372
30712,43462,31244
30712,43473,31296
30700,43517,31200
30696,43508,31212
30720,43493,31125
30681,43509,31120
30605,43509,31185
30576,43457,31120
30620,43526,31188
30676,43527,31097
30744,43512,31116
30785,43527,31036
30808,43526,31078
30788,43508,31049
30804,43508,31128
30808,43516,31021
30776,43517,31064
30732,43526,30994
30728,43527,31056
30804,43468,30937
30872,43527,30916
30912,43527,30960
30896,43527,30916
30880,43524,31004
30888,43521,30896
30900,43511,30983
30836,43516,30873
30812,43527,30952
30828,43527,30846
30900,43527,30756
31004,43527,30804
31017,43527,30764
31004,43527,30784
31024,43527,30717
31040,43470,30776
31060,43535,30844
31028,43550,30704
30980,43527,30733
31049,43548,30680
31124,43543,30696
31218,43561,30775
31264,43551,30727
31276,43541,30670
31276,43524,30688
31349,43524,30708
31362,43524,30672
31324,43540,30611
31300,43479,30685
31296,43493,30665
31364,43500,30733
31449,43492,30681
31496,43489,30727
31525,43486,30661
31552,43548,30717
31602,43527,30704
31624,43543,30719
31624,43503,30710
31572,43551,30727
31620,43548,30719
31732,43552,30836
31888,43541,30749
32012,43556,30820
32096,43488,30733
32152,43556,30788
32196,43537,30693
32288,43534,30736
32268,43548,30770
32272,43552,30756
32368,43489,30895
32468,43548,30806
32609,43561,30868
32692,43564,30769
32762,43534,30804
32840,43540,30868
32908,43527,30837
32920,43540,30945
32904,43548,30892
32892,43559,31013
32952,43561,30900
33016,43552,30947
33142,43564,30876
33176,43552,30948
33194,43543,31087
33180,43540,30944
33184,43536,31022
33196,43536,30952
33112,43541,31036
33076,43535,31015
33108,43553,31108
33204,43505,31069
33248,43567,31079
33240,43543,31191
33200,43541,31111
33192,43551,31183
33192,43543,31119
33176,43484,31189
33096,43476,31166
33084,43547,31269
33092,43520,31220
33120,43541,31352
33172,43552,31265
33176,43553,31319
33172,43527,31296
33180,43527,31402
33126,43543,31352
33072,43492,31442
33016,43548,31364
32962,43559,31381
32976,43505,31531
33008,43511,31452
33064,43519,31452
33088,43513,31514
33056,43550,31524
33020,43564,31580
32984,43539,31530
32981,43534,31623
32932,43564,31573
32912,43564,31665
32928,43551,31621
33008,43573,31720
33076,43565,31682
33092,43567,31737
33060,43563,31708
33068,43550,31787
33072,43540,31749
33088,43554,31784
33020,43550,31925
32975,43564,31859
32988,43527,31887
33068,43536,31856
33184,43557,31874
33216,43512,31997
33184,43505,31950
33216,43516,32058
33210,43557,31993
33224,43557,32109
33149,43559,32016
33120,43572,32060
33136,43566,32032
33172,43566,32045
33268,43573,32184
33306,43565,32106
33344,43552,32156
33332,43545,32103
33336,43548,32126
33328,43559,32256
33280,43557,32184
33216,43559,32253
33216,43557,32217
33232,43549,32208
33336,43544,32273
33390,43548,32262
33368,43548,32253
33302,43481,32300
33345,43540,32302
33312,43551,32372
33236,43545,32321
33192,43551,32415
33220,43540,32327
33284,43542,32317
33356,43527,32412
33368,43524,32371
33332,43526,32476
33284,43521,32386
33292,43527,32365
33260,43516,32428
33224,43520,32436
33200,43527,32517
33208,43535,32438
33281,43541,32493
33340,43540,32445
33364,43481,32436
33332,43537,32453
33316,43527,32460
33312,43527,32552
33248,43510,32501
33200,43524,32566
33208,43527,32496
33224,43472,32550
33284,43548,32468
33368,43527,32495
33384,43527,32519
33368,43520,32489
33320,43525,32480
33285,43463,32496
33232,43500,32484
33220,43527,32517
33164,43516,32545
33168,43516,32519
33214,43524,32597
33264,43526,32490
33316,43473,32493
33310,43495,32560
33264,43504,32502
33228,43511,32556
33224,43510,32508
33180,43484,32566
33077,43503,32478
33052,43513,32503
33124,43512,32561
33192,43476,32506
33220,43481,32584
33208,43519,32516
33220,43503,32509
33192,43500,32462
33164,43491,32484
33108,43498,32574
33076,43500,32517
33085,43503,32576
33116,43509,32492
33180,43478,32498
33200,43505,32596
33157,43494,32500
33148,43492,32529
33148,43452,32486
33156,43444,32513
33120,43447,32506
33064,43456,32610
33048,43461,32535
33108,43500,32612
33164,43479,32530
33180,43511,32549
33212,43510,32516
33168,43495,32549
33120,43499,32537
33084,43476,32590
33028,43480,32517
32968,43501,32559
32996,43476,32647
33056,43485,32563
33120,43496,32583
33134,43492,32549
33136,43492,32583
33108,43445,32556
33090,43493,32596
33056,43492,32617
33013,43477,32562
32940,43488,32587
32952,43497,32673
32972,43451,32606
33032,43443,32688
33056,43493,32586
33052,43493,32621
33016,43476,32579
33028,43485,32624
33007,43493,32600
32942,43480,32662
32896,43473,32586
32924,43476,32604
32960,43488,32619
33008,43495,32601
33028,43495,32685
33012,43484,32582
33028,43481,32620
33000,43477,32585
32953,43479,32593
32908,43460,32580
32876,43487,32676
32864,43467,32620
32894,43481,32604
32980,43472,32594
33004,43477,32573
33005,43464,32612
32973,43473,32596
32944,43421,32660
32956,43447,32604
32900,43452,32700
32852,43484,32624
32879,43484,32681
32938,43485,32613
32996,43486,32580
33016,43479,32633
32980,43485,32636
32960,43464,32585
32916,43466,32618
32896,43449,32628
32856,43439,32676
32832,43487,32647
32848,43489,32698
32860,43472,32642
32912,43470,32708
32924,43468,32607
32900,43473,32615
32844,43460,32677
32813,43449,32621
32816,43464,32698
32804,43469,32636
32754,43479,32672
32752,43481,32620
32800,43481,32668
32928,43481,32641
32916,43479,32677
32877,43436,32637
32860,43436,32689
32812,43440,32676
32776,43449,32753
32696,43467,32676
32636,43448,32727
32636,43447,32679
32668,43503,32760
32716,43492,32706
32704,43495,32760
32684,43487,32704
32632,43477,32756
32624,43468,32710
32645,43478,32727
32668,43492,32681
32604,43493,32724
32684,43501,32685
32788,43503,32762
32893,43447,32709
32943,43449,32781
32948,43492,32708
32976,43495,32713
32996,43495,32760
32988,43480,32725
32956,43489,32716
32892,43497,32773
32912,43497,32732
32932,43509,32744
32984,43510,32712
33016,43463,32740
32996,43497,32724
32956,43517,32733
32920,43522,32816
32905,43492,32757
32872,43517,32811
32792,43524,32744
32765,43516,32820
32832,43527,32762
32928,43527,32815
32974,43462,32751
32936,43527,32754
32936,43523,32712
32929,43503,32740
32916,43505,32718
32860,43495,32767
32796,43508,32735
32784,43522,32740
32804,43526,32804
32876,43527,32764
32912,43504,32815
32888,43527,32736
32888,43516,32781
32892,43502,32744
32880,43505,32768
32844,43518,32732
32765,43520,32749
32792,43469,32736
32828,43501,32764
32908,43527,32788
32942,43508,32775
32904,43499,32846
32876,43501,32793
32896,43511,32820
32836,43505,32782
32736,43452,32825
32676,43519,32804
32676,43522,32885
32692,43512,32817
32700,43512,32885
32712,43505,32803
32592,43511,32792
32394,43497,32816
32296,43509,32824
32404,43500,32902
32476,43510,32826
32572,43524,32880
32709,43466,32813
33080,43500,32825
33736,43520,32817
34272,43525,32836
34420,43527,32816
34454,43527,32842
34708,43527,32922
35272,43548,32865
36064,43521,32884
36652,43556,32860
36064,43615,32964
34596,43636,32855
34060,43647,32852
34550,43647,32964
35388,43636,32895
36244,43618,32961
37132,43599,32900
38564,43576,32964
38980,43578,32900
37840,43601,32953
36256,43615,32868
34566,43608,32956
33120,43608,32888
32152,43606,32946
31484,43613,32863
31140,43597,32848
31020,43581,32885
30984,43586,32870
30956,43588,32849
30948,43592,32948
30932,43597,32872
30972,43592,32900
31076,43584,32893
31084,43577,32865
31064,43575,32848
31040,43564,32877
31036,43544,32901
31064,43527,32916
31004,43558,32888
31004,43575,32879
31004,43575,32968
31024,43579,32928
31072,43557,32976
31128,43557,32909
31136,43556,33006
31152,43551,32961
31140,43543,33026
31114,43540,32966
31064,43549,32920
31040,43543,32980
31036,43544,32940
31108,43549,32955
31210,43540,32956
31256,43541,33021
31292,43527,32920
31268,43517,32903
31240,43525,32988
31236,43527,32877
31196,43535,32902
31184,43542,32836
31244,43524,32861
31308,43527,32817
31332,43533,32837
31372,43527,32808
31380,43527,32876
31345,43527,32768
31332,43488,32753
31292,43479,32762
31232,43527,32736
31168,43550,32736
31156,43549,32820
31196,43541,32750
31296,43527,32788
31337,43527,32724
31297,43524,32764
31280,43520,32685
31248,43516,32685
31220,43525,32768
31172,43527,32700
31128,43540,32652
31148,43548,32741
31172,43553,32697
31240,43552,32753
31308,43554,32665
31285,43548,32743
31284,43536,32664
31256,43527,32639
31218,43517,32669
31198,43524,32693
31156,43527,32647
31184,43527,32631
31220,43527,32645
31286,43520,32630
31344,43527,32732
31324,43527,32647
31312,43519,32604
31292,43527,32695
31270,43524,32628
31232,43527,32698
31192,43540,32608
31177,43543,32692
31254,43549,32610
31297,43553,32692
31312,43542,32610
31293,43544,32686
31244,43476,32596
31265,43520,32676
31272,43541,32602
31228,43540,32676
31188,43540,32597
31208,43543,32676
31244,43548,32596
31348,43551,32662
31424,43546,32590
31460,43527,32568
31456,43527,32644
31436,43506,32597
31416,43476,32676
31364,43520,32604
31364,43548,32613
31380,43543,32568
31476,43550,32590
31556,43556,32569
31600,43552,32625
31588,43504,32631
31616,43548,32644
31592,43540,32716
31600,43527,32642
31616,43546,32727
31684,43551,32636
31685,43492,32661
31772,43516,32634
31944,43495,32673
32064,43549,32661
32144,43558,32689
32204,43525,32661
32288,43527,32685
32400,43527,32701
32468,43541,32708
32472,43552,32678
32608,43557,32740
32745,43556,32738
32896,43556,32800
33028,43495,32735
33124,43548,32747
33212,43549,32748
33284,43536,32855
33396,43500,32791
33396,43519,32860
33440,43518,32805
33504,43520,32872
33632,43527,32824
33812,43516,32894
33860,43527,32808
33869,43524,32836
33890,43508,32940
33920,43496,32879
33924,43508,32926
33901,43500,32868
33876,43500,32942
33912,43511,32899
33988,43511,32976
34042,43498,32924
34096,43501,32968
34056,43444,32952
34060,43452,33029
34048,43492,32972
34012,43492,33001
33943,43485,32981
33861,43476,32997
33886,43485,32996
33912,43487,33040
33992,43479,33117
33996,43491,33084
33996,43484,33158
33968,43476,33110
34008,43460,33188
33972,43415,33150
33912,43444,33204
33864,43485,33160
33856,43493,33237
33900,43493,33225
33932,43473,33292
33952,43482,33252
33924,43471,33316
33873,43460,33287
33838,43409,33351
33796,43421,33336
33748,43431,33388
33696,43440,33360
33660,43481,33436
33721,43474,33405
33784,43479,33425
33816,43470,33408
33788,43452,33412
33748,43463,33453
33701,43463,33436
33653,43460,33476
33624,43458,33508
33552,43463,33506
33552,43473,33497
33604,43474,33556
33710,43479,33549
33748,43436,33623
33716,43451,33584
33636,43468,33621
33636,43464,33604
33656,43460,33614
33580,43453,33612
33556,43453,33647
33568,43454,33636
33572,43463,33647
33672,43456,33656
33736,43459,33693
33696,43452,33676
33652,43455,33695
33636,43453,33692
33636,43450,33710
33616,43399,33756
33545,43416,33752
33561,43454,33789
33620,43458,33750
33688,43433,33808
33684,43444,33766
33672,43440,33821
33652,43437,33785
33624,43448,33836
33632,43445,33797
33597,43421,33851
33516,43436,33813
33540,43437,33874
33624,43457,33828
33661,43420,33835
33692,43447,33831
33656,43440,33844
33672,43389,33887
33668,43436,33858
33637,43426,33879
33562,43429,33924
33508,43414,33876
33476,43447,33888
33528,43445,33929
33617,43429,33892
33654,43429,33897
33608,43431,33888
33569,43428,33910
33580,43366,33925
33580,43382,33917
33512,43420,33933
33460,43429,33927
33440,43431,33973
33493,43429,33929
33561,43431,33980
33564,43425,33926
33592,43396,33925
33576,43431,33912
33530,43423,33929
33505,43423,33961
33476,43431,33937
33396,43428,33962
33380,43380,33974
33416,43375,33936
33496,43396,33964
33572,43399,33919
33540,43452,33917
33500,43420,33874
33468,43423,33907
33436,43392,33932
33393,43434,33927
33360,43430,33902
33372,43441,33888
33440,43455,33932
33492,43436,33853
33504,43399,33891
33454,43445,33883
33420,43423,33920
33377,43437,33850
33372,43376,33872
33334,43436,33872
33296,43428,33868
33260,43431,33910
33280,43399,33852
33404,43440,33852
33432,43445,33916
33376,43441,33868
33357,43444,33853
33329,43429,33869
33304,43372,33883
33244,43439,33829
33184,43431,33880
33196,43444,33893
33232,43431,33902
33296,43444,33868
33332,43436,33879
33316,43432,33933
33305,43384,33890
33320,43436,33902
33292,43429,33897
33248,43432,33908
33198,43446,33910
33200,43453,33920
33252,43439,33927
33316,43453,33910
33328,43399,33925
33309,43448,33936
33268,43444,33927
33221,43432,33937
33220,43444,33959
33220,43413,33944
33120,43399,33993
33112,43460,33948
33176,43461,33956
33228,43463,33968
33240,43412,33974
33224,43474,34012
33220,43439,33966
33204,43469,33976
33156,43468,33988
33116,43460,33972
33056,43460,33991
33012,43462,34007
33076,43479,33988
33165,43436,34020
33196,43486,34021
33148,43474,33980
33152,43429,33999
33144,43468,34055
33132,43479,33995
33093,43471,33997
33012,43478,34052
33036,43492,33987
33073,43492,34020
33128,43495,34012
33164,43436,34064
33156,43476,34020
33149,43485,34022
33120,43474,34080
33116,43431,34012
33052,43494,34031
33020,43499,34037
33025,43503,34104
33064,43513,34076
33092,43500,34044
33132,43500,34055
33104,43477,34118
33064,43508,34073
33040,43484,34081
33040,43489,34084
32984,43503,34135
32956,43468,34102
32936,43500,34121
32964,43504,34109
33048,43475,34167
33056,43516,34114
33044,43497,34143
33016,43503,34148
33000,43492,34191
33000,43505,34164
32948,43503,34160
32888,43509,34208
32888,43513,34156
32913,43527,34191
32956,43508,34191
32960,43518,34244
32924,43456,34196
32884,43516,34213
32860,43508,34234
32848,43511,34226
32780,43508,34240
32729,43478,34260
32720,43527,34240
32754,43516,34268
32780,43522,34268
32780,43518,34311
32764,43500,34296
32760,43508,34292
32799,43460,34300
32832,43496,34342
32823,43476,34297
32780,43492,34318
32788,43502,34340
32870,43501,34342
32972,43453,34352
33020,43505,34347
33016,43489,34364
33016,43493,34397
33000,43439,34366
32984,43479,34413
32956,43501,34370
32924,43492,34384
32904,43432,34406
32964,43470,34436
33032,43500,34416
33048,43494,34436
33018,43484,34410
33028,43469,34447
33038,43484,34464
32960,43465,34436
32864,43465,34461
32804,43476,34420
32796,43477,34472
32825,43421,34511
32864,43431,34477
32940,43479,34523
32928,43456,34480
32901,43463,34497
32888,43460,34532
32892,43444,34522
32820,43455,34508
32760,43399,34528
32752,43404,34464
32808,43463,34512
32880,43441,34551
32920,43437,34510
32916,43436,34547
32912,43438,34510
32892,43444,34525
32900,43422,34553
32884,43437,34516
32816,43439,34522
32788,43407,34540
32820,43445,34533
32876,43437,34551
32934,43439,34505
32892,43389,34524
32896,43399,34528
32908,43429,34525
32888,43413,34567
32808,43433,34517
32696,43389,34517
32648,43444,34549
32608,43431,34514
32464,43438,34516
32328,43454,34532
32360,43439,34505
32526,43423,34520
32684,43369,34524
32760,43423,34543
32968,43431,34532
33468,43385,34520
33984,43444,34560
34240,43453,34511
34400,43463,34533
34700,43457,34506
35156,43420,34520
35948,43436,34526
36628,43500,34524
36404,43502,34541
34928,43527,34496
33996,43551,34508
34308,43527,34519
35193,43557,34506
36257,43544,34508
37060,43555,34468
38372,43469,34479
39136,43511,34476
38308,43519,34439
36824,43503,34445
35124,43516,34439
33512,43527,34420
32392,43540,34429
31738,43542,34380
31424,43518,34393
31272,43521,34396
31220,43513,34332
31188,43516,34336
31184,43444,34308
31176,43477,34311
31144,43511,34293
31087,43503,34287
31060,43515,34311
31120,43518,34260
31215,43470,34273
31236,43523,34222
31233,43497,34213
31220,43497,34244
31212,43431,34196
31200,43509,34192
31160,43484,34191
31106,43502,34156
31092,43480,34168
31168,43513,34114
31230,43495,34116
31280,43457,34143
31296,43487,34061
31316,43478,34089
31306,43472,34114
31300,43423,34036
31278,43473,34046
31240,43487,34036
31248,43463,34032
31312,43495,33996
31392,43468,34007
31412,43492,33953
31369,43480,33948
31360,43460,33913
31336,43407,33939
31334,43468,33852
31304,43461,33844
31268,43468,33884
31292,43479,33805
31337,43428,33807
31392,43478,33748
31424,43487,33758
31425,43479,33732
31412,43428,33741
31428,43469,33695
31408,43457,33685
31352,43477,33640
31300,43416,33632
31284,43476,33668
31312,43485,33564
31404,43423,33588
31436,43485,33620
31420,43489,33540
31432,43476,33559
31428,43472,33500
31384,43476,33503
31357,43485,33470
31292,43480,33482
31300,43493,33484
31332,43473,33421
31388,43488,33447
31440,43446,33479
31420,43492,33392
31388,43471,33403
31384,43478,33429
31381,43455,33361
31340,43491,33369
31264,43476,33379
31248,43479,33356
31288,43470,33392
31364,43484,33335
31408,43492,33354
31388,43455,33300
31380,43468,33308
31332,43484,33252
31316,43468,33271
31265,43494,33274
31236,43472,33260
31248,43503,33309
31292,43500,33249
31344,43494,33228
31368,43498,33240
31376,43452,33220
31384,43469,33200
31416,43476,33159
31408,43495,33193
31400,43492,33161
31392,43491,33236
31400,43509,33156
31472,43446,33164
31546,43495,33144
31584,43511,33168
31560,43496,33151
31584,43485,33155
31596,43487,33198
31620,43460,33156
31576,43500,33200
31552,43497,33135
31564,43503,33141
31592,43460,33220
31716,43492,33129
31812,43495,33159
31812,43495,33236
31818,43463,33162
31860,43496,33159
31924,43494,33247
31976,43496,33191
31972,43495,33181
32048,43527,33248
32138,43500,33207
32312,43516,33206
32457,43516,33293
32533,43500,33217
32632,43525,33244
32714,43524,33297
32804,43487,33236
32849,43531,33260
32936,43549,33328
33032,43557,33293
33210,43559,33290
33388,43512,33349
33560,43559,33358
33644,43564,33414
33720,43549,33352
33800,43556,33405
33880,43517,33349
33904,43567,33412
33924,43581,33480
34000,43524,33412
34152,43582,33452
34256,43520,33453
34324,43568,33519
34316,43576,33454
34272,43576,33514
34288,43572,33567
34228,43572,33535
34186,43527,33545
34120,43590,33645
34128,43577,33564
34204,43584,33615
34252,43599,33600
34272,43596,33647
34180,43583,33628
34168,43525,33676
34172,43551,33712
34172,43588,33706
34168,43568,33757
34096,43591,33751
34096,43590,33767
34112,43599,33836
34176,43548,33816
34220,43596,33877
34197,43577,33850
34132,43583,33926
34076,43572,33902
34028,43580,33927
33940,43577,33974
33880,43565,33993
33892,43572,34080
33941,43527,34032
33960,43603,34048
33948,43572,34124
33916,43527,34124
33928,43582,34188
33916,43550,34165
33881,43559,34237
33840,43556,34224
33788,43527,34244
33796,43573,34245
33836,43572,34308
33888,43527,34358
33972,43580,34348
33916,43556,34401
33864,43553,34399
33844,43492,34444
33813,43548,34516
33776,43534,34500
33700,43550,34537
33676,43503,34526
33712,43567,34580
33784,43548,34636
33880,43541,34636
33885,43536,34657
33844,43534,34720
33824,43526,34691
33802,43476,34724
33724,43534,34741
33656,43518,34765
33672,43540,34823
33728,43476,34820
33836,43481,34860
33905,43524,34872
33888,43527,34892
33902,43527,34903
33888,43524,34927
33888,43501,34960
33840,43500,34999
33748,43524,34999
33740,43508,35042
33760,43527,35032
33840,43518,35055
33848,43516,35054
33833,43511,35093
33844,43456,35092
33813,43472,35132
33832,43508,35136
33784,43496,35161
33724,43501,35169
33672,43501,35191
33752,43504,35197
33816,43465,35217
33840,43500,35237
33792,43501,35236
33760,43503,35257
33752,43438,35255
33748,43488,35284
33692,43489,35296
33637,43494,35320
33625,43496,35302
33708,43492,35324
33776,43492,35344
33798,43493,35349
33772,43485,35357
33736,43461,35364
33744,43476,35384
33700,43481,35374
33660,43429,35397
33588,43476,35417
33568,43476,35410
33600,43480,35436
33644,43450,35416
33700,43487,35431
33708,43487,35437
33720,43420,35447
33700,43478,35457
33684,43471,35455
33652,43481,35468
33568,43487,35476
33528,43476,35472
33578,43487,35487
33616,43436,35444
33632,43481,35485
33636,43476,35503
33628,43467,35477
33636,43480,35501
33646,43465,35505
33604,43476,35492
33512,43461,35502
33536,43491,35501
33568,43493,35508
33592,43478,35512
33616,43478,35513
33558,43476,35527
33488,43415,35508
33441,43432,35528
33400,43476,35496
33376,43468,35516
33324,43474,35520
33298,43429,35508
33332,43484,35528
33408,43481,35511
33488,43479,35525
33492,43473,35494
33532,43470,35512
33520,43460,35516
33452,43457,35520
33388,43445,35527
33344,43476,35494
33318,43455,35510
33300,43482,35532
33384,43468,35513
33432,43475,35527
33448,43454,35534
33468,43464,35522
33448,43454,35524
33440,43468,35528
33376,43455,35517
33248,43460,35526
33248,43479,35540
33316,43476,35514
33372,43460,35528
33412,43464,35540
33440,43475,35528
33416,43457,35540
33380,43467,35524
33312,43452,35548
33228,43463,35540
33152,43451,35540
33152,43472,35559
33180,43469,35532
33241,43460,35551
33312,43468,35549
33308,43456,35541
33320,43468,35556
33320,43447,35556
33260,43463,35552
33212,43466,35580
33137,43452,35564
33116,43465,35569
33120,43407,35568
33196,43464,35572
33264,43466,35577
33220,43411,35580
33197,43476,35581
33176,43452,35591
33141,43437,35583
33104,43452,35599
33024,43455,35591
32989,43460,35598
32992,43469,35592
33052,43412,35604
33084,43421,35598
33102,43468,35615
33076,43448,35615
33092,43445,35620
33084,43428,35608
33045,43445,35622
32952,43452,35620
32932,43428,35620
32960,43462,35621
33036,43452,35624
33084,43461,35615
33072,43428,35623
33008,43457,35630
32948,43436,35620
32880,43444,35625
32804,43452,35628
32776,43457,35622
32791,43466,35614
32906,43447,35620
33044,43464,35645
33104,43460,35626
33116,43456,35629
33134,43399,35633
33164,43437,35624
33157,43468,35632
33096,43476,35625
33016,43460,35638
33016,43473,35637
33064,43428,35622
33128,43484,35624
33184,43474,35636
33160,43476,35631
33136,43421,35632
33140,43477,35616
33152,43469,35631
33056,43474,35622
32960,43481,35629
32984,43494,35630
33032,43492,35629
33076,43476,35622
33048,43453,35629
32996,43488,35636
32988,43473,35636
32988,43472,35620
33024,43476,35631
32988,43476,35655
32964,43469,35624
33028,43488,35633
33096,43503,35637
33108,43478,35624
33148,43489,35632
33196,43492,35628
33216,43492,35628
33184,43447,35630
33128,43489,35636
33036,43484,35632
32938,43489,35637
32900,43447,35645
32904,43515,35625
32976,43481,35636
33008,43508,35620
33004,43502,35630
32988,43485,35624
32988,43500,35620
32976,43492,35628
32928,43500,35636
32880,43444,35615
32856,43516,35620
32864,43516,35626
32908,43502,35621
32932,43506,35624
32888,43509,35609
32788,43495,35623
32512,43493,35614
32221,43495,35622
32140,43500,35607
32216,43487,35613
32284,43495,35620
32308,43509,35604
32582,43468,35607
33204,43484,35608
33824,43505,35598
34012,43500,35608
34124,43503,35557
34400,43461,35604
34793,43532,35629
35456,43557,35612
36212,43559,35608
36017,43572,35620
34444,43592,35615
33364,43608,35617
33360,43622,35584
34020,43596,35609
35168,43596,35627
36036,43576,35584
37420,43572,35600
38576,43565,35588
38116,43564,35591
36976,43568,35600
35668,43576,35572
34336,43565,35574
33192,43564,35572
32464,43556,35557
31992,43556,35557
31612,43497,35540
31404,43557,35549
31316,43564,35517
31320,43567,35513
31308,43548,35508
31333,43552,35492
31384,43548,35493
31383,43543,35452
31350,43527,35449
31348,43527,35436
31340,43525,35420
31284,43525,35410
31292,43527,35398
31284,43532,35374
31288,43548,35356
31332,43517,35348
31380,43527,35317
31364,43527,35308
31344,43452,35271
31392,43508,35271
31412,43493,35249
31378,43500,35232
31348,43516,35212
31336,43460,35192
31360,43524,35180
31421,43524,35180
31460,43508,35129
31476,43500,35140
31480,43445,35128
31472,43488,35090
31452,43479,35084
31456,43492,35048
31388,43495,35044
31366,43503,35042
31444,43479,34976
31516,43513,34965
31580,43508,34967
31572,43517,34930
31516,43496,34910
31460,43501,34889
31425,43503,34841
31396,43497,34852
31356,43501,34840
31328,43511,34792
31368,43460,34788
31440,43486,34759
31496,43501,34753
31476,43501,34760
31464,43454,34724
31432,43493,34725
31410,43500,34692
31389,43492,34676
31333,43501,34661
31324,43444,34664
31381,43525,34661
31437,43501,34594
31484,43519,34631
31440,43502,34652
31420,43511,34616
31445,43489,34629
31434,43500,34580
31392,43448,34591
31316,43514,34584
31280,43508,34580
31332,43508,34580
31357,43476,34548
31380,43527,34557
31365,43517,34520
31344,43508,34511
31306,43522,34508
31312,43485,34484
31292,43516,34505
31236,43516,34436
31224,43524,34439
31264,43537,34393
31328,43487,34393
31380,43536,34340
31370,43511,34333
31356,43527,34319
31366,43460,34289
31376,43488,34294
31400,43527,34232
31380,43525,34215
31392,43541,34237
31412,43524,34156
31493,43545,34141
31560,43524,34156
31616,43527,34073
31621,43460,34053
31576,43527,34065
31588,43513,34021
31556,43526,33974
31544,43527,34009
31516,43527,33927
31544,43527,33924
31632,43527,33874
31722,43476,33841
31752,43508,33812
31810,43512,33799
31844,43518,33764
31824,43520,33776
31820,43527,33727
31793,43524,33753
31800,43541,33664
31868,43524,33645
31972,43527,33676
32024,43524,33596
32093,43503,33592
32153,43527,33544
32212,43516,33551
32320,43516,33508
32372,43501,33556
32392,43524,33436
32472,43519,33462
32602,43478,33430
32740,43520,33463
32816,43527,33344
32912,43466,33336
32988,43520,33305
33052,43476,33306
33134,43508,33365
33156,43524,33265
33180,43524,33252
33244,43516,33256
33350,43476,33212
33460,43526,33196
33556,43517,33193
33600,43500,33169
33644,43492,33204
33660,43500,33135
33672,43503,33144
33644,43503,33105
33597,43483,33109
33592,43519,33041
33632,43512,33049
33728,43500,33028
33760,43508,33072
33729,43500,32957
33680,43497,33004
33664,43450,33005
33625,43444,32992
33548,43487,33058
33480,43492,32974
33484,43480,33008
33504,43494,32957
33536,43488,32952
33600,43493,32925
33584,43492,32933
33564,43476,32969
33520,43481,32948
33493,43461,32940
33440,43484,32912
33364,43485,32877
33376,43433,32901
33428,43492,32976
33488,43476,32894
33500,43478,32895
33460,43487,32908
33420,43486,32900
33404,43465,32893
33392,43468,32948
33328,43471,32876
33264,43476,32901
33224,43463,32833
33244,43469,32848
33288,43472,32824
33303,43476,32852
33300,43421,32909
33280,43448,32836
33265,43476,32840
33224,43468,32820
33224,43465,32788
33164,43464,32805
33136,43457,32796
33180,43470,32807
33220,43472,32764
33248,43413,32788
33245,43427,32758
33216,43452,32775
33208,43471,32740
33184,43463,32751
33152,43438,32775
33092,43452,32740
33064,43468,32807
33124,43456,32724
33180,43466,32704
33230,43462,32726
33233,43399,32783
33192,43460,32743
33148,43452,32811
33132,43452,32693
33108,43436,32687
33052,43440,32753
33044,43470,32673
33048,43476,32688
33104,43468,32684
33141,43463,32762
33120,43449,32695
33088,43455,32768
33056,43397,32669
33060,43428,32717
33060,43442,32687
33056,43452,32712
33028,43446,32655
33016,43448,32668
33080,43463,32741
33110,43460,32668
33088,43420,32679
33056,43416,32669
33045,43449,32749
33020,43439,32673
32984,43444,32728
32912,43420,32647
32856,43429,32660
32861,43457,32615
32908,43441,32631
32970,43445,32680
32964,43388,32647
32940,43436,32661
32912,43420,32615
32876,43423,32628
32784,43375,32655
32716,43436,32629
32688,43420,32605
32736,43428,32668
32820,43429,32574
32864,43421,32599
32880,43429,32636
32896,43367,32544
32896,43423,32548
32852,43406,32609
32788,43367,32597
32720,43415,32504
32684,43420,32511
32720,43431,32592
32736,43414,32502
32768,43404,32484
32768,43420,32564
32784,43416,32472
32756,43364,32485
32760,43390,32441
32724,43415,32460
32648,43416,32519
32645,43404,32422
32686,43431,32388
32760,43367,32444
32804,43408,32388
32784,43424,32436
32760,43399,32390
32762,43412,32448
32758,43412,32329
32724,43429,32327
32676,43416,32426
32652,43416,32332
32684,43415,32352
32752,43429,32263
32800,43415,32296
32772,43420,32356
32760,43420,32266
32768,43421,32357
32792,43384,32270
32750,43436,32239
32669,43404,32337
32644,43431,32214
32644,43393,32226
32712,43433,32256
32752,43428,32276
32744,43437,32173
32736,43429,32203
32708,43423,32276
32676,43407,32186
32644,43421,32167
32580,43396,32261
32544,43414,32173
32592,43431,32214
32636,43428,32125
32669,43436,32148
32636,43429,32140
32580,43412,32196
32528,43408,32147
32484,43335,32122
32440,43399,32226
32372,43391,32132
32380,43384,32135
32376,43356,32204
32424,43368,32116
32444,43360,32109
32392,43296,32215
32392,43350,32117
32460,43335,32124
32486,43271,32101
32504,43332,32198
32489,43308,32094
32488,43317,32092
32546,43309,32081
32648,43304,32186
32732,43309,32064
32748,43244,32089
32728,43287,32106
32712,43271,32154
32756,43265,32084
32724,43269,32139
32672,43260,32048
32652,43266,32049
32648,43237,32132
32726,43248,32023
32780,43216,32055
32744,43226,32077
32668,43224,31989
32684,43216,32012
32684,43143,32089
32624,43204,31997
32580,43196,31984
32580,43195,32100
32632,43196,31969
32688,43184,31990
32709,43196,32061
32714,43132,31956
32692,43176,31984
32696,43179,32030
32692,43109,32007
32666,43169,31958
32616,43143,31972
32588,43152,31913
32593,43157,31924
32644,43103,31895
32700,43154,31932
32692,43131,32020
32688,43121,31908
32664,43104,31918
32664,43087,31961
32608,43102,31943
32541,43096,31916
32520,43076,31884
32532,43037,32007
32588,43077,31872
32672,43079,31909
32676,43062,31879
32644,43053,31941
32634,43013,31984
32604,43045,31892
32524,43033,31900
32400,43033,31988
32336,42988,31903
32252,43031,31886
32108,43015,31988
32080,42980,31876
32221,43005,31884
32360,42994,31945
32428,42988,31868
32464,42989,31877
32809,42975,31992
33440,42956,31888
34068,42981,31888
34432,42997,31957
34708,42992,31909
35072,43000,31913
35756,43004,31884
36620,43012,31868
37324,43012,31900
36848,43039,31948
35428,43055,31916
34852,43071,31924
35305,43060,31908
36052,43066,31887
36816,43053,31884
37736,43024,31909
39056,43004,31873
39132,42964,31852
37856,43012,31846
36224,43014,31820
34373,43007,31922
32756,43015,31781
31704,43015,31793
31056,43015,31884
30808,43015,31772
30740,42982,31768
30721,43007,31785
30710,42945,31749
30692,43015,31804
30680,42980,31683
30648,42991,31677
30560,42948,31776
30540,42973,31686
30549,42989,31717
30616,42980,31622
30676,42937,31629
30632,42982,31720
30644,42980,31637
30604,42953,31678
30608,42964,31644
30549,42887,31620
30520,42967,31597
30506,42957,31626
30498,42958,31599
30630,42956,31672
30692,42953,31580
30724,42892,31583
30693,42887,31525
30672,42940,31526
30672,42942,31548
30676,42938,31520
30616,42935,31530
30604,42929,31493
30660,42927,31495
30752,42935,31470
30812,42927,31513
30804,42934,31463
30796,42929,31544
30784,42887,31404
30764,42919,31382
30736,42906,31345
30712,42917,31348
30716,42927,31357
30752,42929,31345
30816,42898,31406
30878,42933,31311
30864,42875,31367
30828,42934,31270
30828,42935,31301
30804,42924,31245
30784,42938,31236
30696,42940,31317
30664,42886,31164
30708,42951,31204
30804,42924,31173
30869,42935,31281
30840,42926,31134
30820,42895,31144
30788,42864,31207
30772,42925,31162
30748,42916,31145
30664,42919,31093
30632,42924,31124
30648,42860,31212
30700,42940,31085
30788,42918,31134
30776,42917,31204
30760,42916,31086
30770,42929,31111
30752,42928,31161
30736,42929,31038
30664,42945,31108
30628,42887,31076
30684,42948,31182
30752,42940,31047
30812,42953,31056
30797,42893,31053
30759,42953,31128
30732,42942,30997
30720,42943,31032
30686,42886,31045
30620,42940,30970
30620,42943,31018
30648,42950,30997
30706,42940,31089
30776,42953,30959
30788,42955,30957
30784,42960,30983
30756,42901,30977
30752,42964,30984
30713,42980,30908
30642,42969,30965
30632,42988,30951
30656,42940,31058
30724,43004,30900
30764,43004,30953
30796,42996,31053
30780,43004,30932
30776,42951,30916
30798,43012,31060
30788,43000,30914
30788,43015,30926
30784,42977,31053
30836,43053,30914
30912,43049,30990
31018,43044,30948
31030,43045,31040
31112,43029,31072
31204,43044,30961
31301,43046,31010
31384,43060,31113
31460,43052,30996
31600,43061,31012
31744,43076,31149
31936,43057,31012
32217,43044,31069
32344,43055,31030
32464,43063,31108
32640,43056,31212
32748,43047,31111
32872,43055,31124
32936,43015,31236
33016,43084,31209
33152,43068,31143
33324,43070,31164
33492,43077,31312
33616,43005,31238
33676,43064,31258
33744,43063,31209
33829,43047,31252
33852,43055,31256
33815,43054,31306
33852,43063,31407
33916,43065,31300
34000,43015,31364
34092,43064,31345
34100,43052,31398
34092,43047,31520
34068,43053,31436
34044,43049,31544
34036,43004,31453
34000,43055,31563
33956,43057,31501
33960,43069,31593
34024,43052,31532
34096,43060,31608
34080,43012,31525
34049,43069,31548
34036,43040,31700
34028,43055,31618
34008,43054,31652
33924,43053,31618
33892,43060,31677
33904,43015,31784
33944,43079,31736
34012,43040,31814
34000,43063,31748
33928,43062,31863
33908,43066,31808
33900,42997,31878
33836,43055,31854
33742,43079,31924
33704,43076,31887
33740,43080,31927
33796,43076,31947
33856,43068,32026
33828,43068,31993
33808,43070,32084
33804,43066,32076
33780,43062,32190
33728,43081,32128
33640,43044,32184
33600,43085,32140
33640,43078,32202
33692,43076,32311
33780,43076,32261
33752,43015,32263
33716,43076,32311
33664,43073,32330
33672,43060,32343
33636,43060,32417
33560,43078,32398
33524,43073,32519
33540,43079,32494
33616,43077,32580
33697,43068,32528
33700,43079,32602
33664,43079,32548
33656,43079,32585
33668,43073,32714
33640,43049,32623
33536,43076,32693
33520,43089,32716
33528,43083,32785
33604,43033,32740
33664,43087,32760
33673,43072,32870
33676,43073,32795
33620,43068,32852
33600,43065,32852
33584,43015,32929
33536,43072,32936
33516,43079,32934
33552,43015,32946
33588,43076,33044
33668,43076,32970
33652,43009,33000
33634,43064,33093
33604,43053,33031
33628,43052,33068
33569,43068,33143
33520,43060,33124
33480,43078,33081
33538,43068,33126
33601,43061,33142
33668,43070,33146
33652,43079,33207
33608,43076,33209
33600,43057,33200
33600,43015,33192
33584,43076,33271
33512,43069,33204
33496,43076,33246
33532,43092,33238
33588,43076,33319
33608,43049,33280
33570,43086,33284
33552,43079,33273
33524,43021,33351
33533,43068,33270
33456,43079,33300
33404,43100,33284
33368,43088,33361
33372,43055,33276
33440,43111,33311
33528,43084,33327
33500,43097,33321
33472,43089,33304
33453,43078,33287
33420,43090,33368
33388,43066,33284
33326,43084,33287
33284,43109,33369
33348,43097,33301
33396,43067,33278
33437,43116,33364
33440,43111,33264
33444,43076,33287
33376,43077,33277
33309,43101,33348
33248,43103,33254
33216,43119,33284
33188,43127,33328
33204,43132,33253
33248,43133,33269
33292,43132,33300
33272,43132,33257
33234,43125,33245
33216,43134,33316
33192,43125,33228
33148,43139,33255
33053,43144,33218
32981,43154,33264
32968,43103,33204
33012,43164,33225
33108,43144,33253
33080,43157,33228
33045,43152,33216
33002,43156,33275
32976,43141,33180
32938,43144,33219
32892,43164,33175
32832,43104,33207
32864,43175,33196
33005,43156,33193
33120,43170,33245
33152,43156,33162
33196,43111,33167
33216,43116,33168
33220,43152,33158
33224,43159,33212
33188,43164,33158
33164,43172,33174
33228,43177,33161
33276,43143,33172
33336,43167,33162
33309,43169,33225
33284,43109,33140
33248,43159,33164
33204,43158,33169
33216,43111,33118
33176,43146,33138
33120,43172,33207
33142,43163,33151
33220,43175,33164
33212,43172,33151
33184,43125,33157
33192,43175,33133
33161,43162,33196
33140,43156,33130
33116,43116,33143
33056,43132,33185
33056,43181,33148
33080,43172,33188
33132,43173,33131
33180,43143,33125
33124,43181,33220
33064,43164,33136
33012,43164,33159
33008,43108,33125
32964,43176,33149
32916,43173,33168
32912,43124,33125
32960,43186,33164
33010,43188,33144
33088,43139,33201
33106,43188,33164
33093,43172,33157
33080,43143,33132
32968,43151,33146
32932,43188,33221
32876,43180,33180
32840,43193,33228
32856,43164,33153
32864,43200,33159
32894,43191,33201
32860,43207,33161
32816,43201,33183
32716,43186,33252
32484,43197,33156
32277,43182,33175
32325,43212,33199
32404,43201,33189
32548,43223,33252
32594,43165,33190
32877,43217,33188
33420,43212,33224
34056,43220,33200
34424,43230,33253
34624,43214,33184
34892,43233,33204
35404,43260,33185
36284,43271,33218
37136,43295,33206
37164,43319,33287
36028,43325,33193
35229,43348,33241
35556,43340,33206
36368,43296,33201
37175,43336,33263
37980,43324,33204
39228,43316,33204
39524,43309,33263
38349,43319,33183
36732,43316,33188
35032,43271,33265
33448,43313,33167
32312,43325,33182
31564,43270,33238
31204,43328,33157
30980,43309,33153
30900,43333,33119
30840,43319,33132
30892,43317,33133
30943,43325,33122
31004,43326,33127
31008,43303,33110
30989,43337,33132
30948,43322,33101
30924,43303,33156
30908,43325,33076
30844,43264,33096
30844,43340,33029
30884,43329,33068
30964,43322,33153
31028,43325,33070
31005,43335,33084
31012,43326,33153
30996,43316,33069
31012,43321,33092
30985,43269,33104
30913,43296,33104
30872,43341,33149
30920,43324,33065
30966,43327,33096
31032,43309,33159
31065,43332,33069
31052,43271,33079
31044,43332,33109
31048,43323,33080
31036,43328,33077
30964,43338,33068
30976,43325,33060
31020,43343,33120
31072,43279,33045
31148,43340,33089
31158,43328,33022
31148,43343,33069
31141,43347,32999
31136,43284,33055
31093,43342,32985
31028,43343,32943
30984,43350,32948
30985,43356,32965
31061,43365,32940
31152,43344,33021
31172,43365,32933
31144,43351,33003
31128,43357,32952
31112,43356,33004
31076,43352,32936
31016,43324,32968
30996,43348,32913
31005,43375,32919
31076,43359,32968
31112,43316,32921
31124,43365,32943
31096,43365,32996
31070,43368,32933
31024,43375,32998
31004,43301,32916
30944,43388,32916
30948,43365,32961
30980,43372,32933
31040,43385,32996
31101,43332,32951
31100,43396,33004
31076,43389,32929
31044,43380,32965
31040,43375,32932
30997,43376,32918
30928,43328,32885
30880,43394,32903
30892,43391,32968
30940,43399,32912
30973,43412,32950
30960,43361,32909
30948,43409,32941
30956,43420,32864
30948,43405,32900
30924,43420,32964
30860,43357,32879
30848,43445,32856
30844,43436,32916
30888,43446,32872
30948,43441,32903
30960,43447,32857
30948,43437,32860
30960,43438,32897
30960,43444,32877
30936,43452,32944
30920,43453,32868
30917,43473,32900
30968,43482,32871
31048,43472,32959
31136,43490,32887
31140,43484,32887
31128,43489,32969
31165,43488,32878
31216,43428,32903
31236,43485,32968
31213,43511,32894
31264,43500,32937
31344,43516,33017
31512,43524,32951
31700,43516,33015
31836,43519,32959
31948,43517,32990
32064,43502,32972
32213,43511,33064
32352,43460,32988
32420,43508,33031
32532,43524,33018
32692,43521,33044
32876,43524,33102
33064,43527,33041
33185,43479,33045
33293,43527,33132
33388,43536,33073
33440,43524,33089
33492,43527,33116
33512,43527,33095
33548,43527,33154
33644,43542,33141
33788,43550,33189
33896,43503,33156
33953,43512,33201
33984,43508,33156
34028,43527,33151
34016,43526,33176
34016,43527,33175
33968,43544,33209
33952,43527,33224
33968,43548,33237
34044,43508,33278
34136,43557,33244
34140,43550,33308
34112,43557,33294
34085,43554,33334
34048,43552,33324
34048,43551,33408
33980,43556,33344
33917,43564,33388
33888,43572,33381
33924,43564,33404
33984,43564,33484
33988,43572,33453
33948,43518,33505
33916,43568,33477
33897,43556,33517
33880,43572,33484
33836,43569,33585
33832,43580,33549
33856,43527,33602
33920,43584,33572
34000,43580,33616
33960,43564,33601
33960,43565,33644
33949,43564,33653
33950,43565,33703
33920,43578,33696
33840,43574,33742
33788,43595,33748
33768,43585,33773
33808,43588,33844
33864,43548,33819
33820,43597,33860
33776,43590,33856
33776,43595,33900
33772,43588,33886
33752,43597,33911
33712,43594,33940
33680,43614,33917
33728,43582,33951
33784,43618,34006
33836,43609,34008
33824,43604,34079
33792,43610,34020
33792,43600,34020
33796,43605,34069
33764,43615,34060
33712,43620,34096
33694,43629,34158
33696,43618,34141
33740,43631,34193
33824,43633,34168
33796,43588,34228
33712,43598,34197
33700,43636,34248
33700,43616,34213
33688,43617,34220
33636,43628,34213
33580,43592,34236
33629,43652,34225
33680,43625,34245
33748,43647,34252
33741,43649,34272
33720,43636,34276
33708,43629,34292
33732,43623,34296
33716,43642,34337
33622,43600,34311
33596,43648,34356
33620,43655,34311
33628,43655,34346
33676,43652,34371
33676,43655,34353
33668,43620,34404
33636,43607,34364
33633,43668,34368
33604,43661,34350
33564,43655,34360
33540,43668,34388
33580,43687,34388
33644,43687,34436
33696,43621,34398
33684,43679,34399
33672,43664,34369
33664,43671,34388
33641,43665,34369
33616,43680,34390
33544,43684,34407
33488,43687,34385
33484,43669,34412
33556,43678,34458
33632,43621,34407
33584,43693,34405
33572,43663,34460
33552,43669,34420
33556,43670,34461
33524,43676,34399
33460,43690,34407
33420,43678,34391
33436,43684,34412
33452,43684,34400
33480,43687,34428
33464,43694,34389
33448,43639,34412
33468,43688,34454
33453,43684,34406
33408,43700,34420
33332,43710,34447
33304,43719,34402
33348,43684,34431
33436,43716,34392
33496,43716,34404
33492,43724,34428
33468,43685,34406
33444,43716,34415
33433,43708,34393
33390,43704,34428
33284,43714,34383
33216,43724,34388
33177,43751,34413
33220,43740,34380
33296,43724,34407
33256,43732,34437
33264,43714,34378
33260,43724,34385
33260,43717,34414
33216,43670,34397
33120,43743,34396
33104,43732,34393
33183,43743,34438
33260,43702,34380
33316,43744,34397
33280,43740,34439
33268,43685,34381
33292,43724,34417
33288,43724,34444
33304,43728,34404
33228,43719,34412
33220,43749,34428
33284,43743,34404
33388,43732,34417
33465,43744,34405
33493,43743,34444
33464,43684,34417
33428,43740,34437
33420,43740,34420
33390,43750,34440
33360,43748,34429
33318,43744,34461
33337,43755,34442
33372,43749,34460
33388,43756,34431
33380,43692,34477
33344,43735,34446
33344,43751,34469
33308,43742,34516
33260,43756,34465
33180,43757,34506
33164,43751,34464
33180,43756,34480
33224,43720,34524
33313,43752,34497
33316,43751,34525
33278,43744,34489
33221,43748,34502
33244,43750,34480
33264,43759,34510
33212,43766,34528
33180,43773,34500
33164,43762,34444
33208,43772,34512
33292,43765,34532
33284,43728,34541
33297,43772,34542
33285,43761,34520
33260,43769,34526
33242,43735,34559
33157,43772,34540
33104,43783,34551
33129,43780,34556
33160,43783,34559
33186,43790,34529
33152,43780,34566
33088,43764,34548
32960,43772,34554
32748,43773,34548
32644,43781,34599
32712,43783,34565
32832,43796,34614
32862,43733,34587
32896,43783,34601
33176,43819,34576
33656,43816,34566
34032,43813,34608
34136,43813,34575
34352,43834,34594
34684,43847,34591
35260,43823,34605
36004,43892,34584
36520,43916,34617
35752,43943,34597
34396,43951,34644
33920,43958,34616
34506,43940,34622
35684,43956,34612
36820,43945,34567
38156,43933,34608
39528,43922,34648
39372,43928,34605
38168,43922,34596
36648,43928,34652
35076,43943,34605
33668,43885,34624
32706,43937,34572
32088,43941,34596
31708,43917,34551
31520,43916,34564
31426,43927,34543
31400,43935,34554
31444,43903,34591
31504,43895,34541
31556,43945,34559
31524,43911,34524
31476,43925,34543
31428,43876,34504
31396,43880,34516
31352,43920,34494
31256,43932,34500
31252,43905,34457
31222,43951,34460
31328,43927,34499
31412,43938,34444
31449,43922,34436
31413,43909,34413
31424,43932,34385
31460,43916,34396
31488,43925,34389
31453,43916,34431
31461,43916,34366
31488,43919,34350
31544,43929,34336
31620,43941,34311
31604,43911,34333
31532,43932,34354
31520,43917,34302
31517,43919,34333
31516,43925,34260
31448,43929,34295
31396,43879,34216
31433,43956,34194
31508,43948,34183
31624,43940,34160
31624,43949,34180
31612,43940,34149
31616,43945,34103
31597,43918,34098
31541,43928,34025
31476,43893,34045
31436,43948,34023
31449,43953,34044
31488,43959,33991
31541,43933,34020
31540,43958,33959
31492,43940,33962
31476,43940,33929
31476,43960,33944
31476,43952,33933
31460,43920,33990
31440,43972,33895
31440,43979,33916
31477,43919,33956
31504,43992,33873
31473,43993,33903
31400,43981,33941
31364,43986,33916
31360,43976,33962
31412,43996,33890
31388,43959,33880
31348,44020,33956
31389,44012,33888
31484,43992,33900
31564,44028,33948
31596,44020,33945
31588,44024,33879
31536,44008,33914
31476,44039,33969
31440,44030,33885
31413,44036,33904
31380,44039,33958
31360,44061,33902
31356,44023,33902
31408,44039,33935
31440,44063,33887
31436,44068,33897
31436,44004,33901
31432,44039,33912
31456,44069,33980
31420,44061,33881
31373,44079,33917
31364,44093,33901
31492,44085,33953
31624,44084,33917
31672,44055,33900
31661,44089,33985
31623,44079,33892
31616,44032,33921
31616,44098,33977
31628,44088,33984
31644,44105,33932
31656,44108,33909
31644,44125,34012
31684,44116,33901
31716,44133,33948
31648,44071,33965
31669,44097,33932
31684,44141,33961
31716,44148,34029
31773,44157,33956
31817,44140,33959
31956,44155,34016
32136,44116,33975
32241,44181,33988
32348,44151,34073
32420,44165,33972
32536,44117,34028
32704,44164,34042
32821,44164,34069
32908,44167,34061
32964,44132,34117
33064,44152,34055
33184,44196,34101
33316,44188,34137
33425,44172,34175
33529,44134,34112
33636,44183,34157
33724,44180,34128
33817,44165,34153
33888,44181,34194
33981,44183,34199
34041,44192,34212
34138,44177,34183
34204,44197,34223
34216,44159,34297
34232,44191,34233
34212,44188,34257
34220,44180,34337
34293,44160,34324
34242,44167,34311
34216,44197,34389
34260,44136,34354
34336,44167,34429
34364,44192,34386
34352,44197,34438
34373,44173,34424
34432,44188,34492
34429,44197,34454
34368,44156,34505
34254,44192,34477
34220,44204,34525
34232,44199,34500
34260,44207,34548
34280,44199,34624
34240,44197,34588
34228,44143,34662
34194,44204,34612
34165,44195,34647
34120,44196,34693
34048,44215,34732
34004,44188,34730
34008,44196,34784
34052,44215,34781
34072,44231,34789
34080,44183,34823
34072,44196,34864
34080,44148,34863
34060,44207,34871
34040,44209,34948
33980,44164,34901
33904,44221,34948
33929,44218,34964
33968,44225,35008
33988,44201,35010
33964,44223,35033
33980,44212,35103
33956,44223,35058
33964,44197,35105
33980,44189,35108
33980,44216,35174
33992,44193,35162
34012,44229,35189
34040,44231,35231
34116,44231,35219
34100,44243,35244
34044,44223,35280
34012,44232,35268
33972,44215,35308
33940,44237,35350
33904,44249,35371
33848,44240,35335
33896,44249,35377
33936,44252,35380
34013,44261,35444
34008,44258,35405
34024,44247,35436
34021,44252,35479
33952,44252,35456
33828,44208,35484
33712,44268,35527
33656,44271,35492
33696,44257,35522
33780,44278,35577
33812,44257,35529
33848,44269,35561
33848,44284,35559
33804,44228,35577
33764,44287,35620
33696,44276,35594
33624,44288,35623
33600,44308,35580
33689,44305,35626
33693,44309,35660
33772,44324,35627
33768,44301,35628
33748,44264,35662
33688,44325,35620
33688,44304,35636
33692,44316,35672
33696,44312,35643
33640,44340,35636
33584,44346,35647
33528,44335,35624
33524,44348,35636
33480,44341,35636
33496,44354,35631
33468,44341,35649
33488,44348,35613
33509,44308,35620
33516,44344,35615
33472,44368,35633
33460,44376,35608
33512,44375,35590
33600,44380,35591
33632,44364,35612
33604,44389,35564
33584,44359,35564
33564,44354,35565
33525,44374,35564
33436,44388,35591
33372,44372,35552
33368,44412,35544
33352,44415,35532
33340,44420,35485
33300,44413,35518
33240,44391,35508
33196,44420,35534
33144,44405,35492
33108,44413,35488
33057,44377,35503
33024,44441,35484
32996,44423,35466
33040,44445,35460
33104,44455,35444
33112,44423,35453
33120,44460,35464
33136,44446,35422
33130,44448,35436
33142,44421,35422
33128,44470,35413
33096,44474,35437
33113,44464,35396
33225,44487,35388
33348,44432,35366
33364,44488,35372
33334,44464,35356
33280,44473,35352
33260,44480,35391
33224,44455,35325
33156,44480,35324
33144,44510,35352
33156,44512,35308
33196,44501,35308
33236,44512,35329
33268,44522,35313
33256,44500,35256
33208,44504,35268
33184,44452,35248
33188,44524,35284
33120,44496,35217
33040,44517,35209
33028,44528,35237
33062,44541,35214
33116,44544,35212
33100,44476,35202
33084,44529,35180
33120,44544,35189
33117,44533,35156
33086,44551,35140
33028,44535,35128
32964,44564,35124
32948,44551,35108
32948,44568,35093
33024,44513,35073
33044,44583,35068
33044,44580,35077
33012,44573,35022
33004,44568,35045
32996,44573,34981
32924,44550,34983
32860,44591,35028
32856,44589,34949
32916,44599,34944
32972,44607,34985
32988,44577,34893
32920,44606,34908
32884,44596,34891
32816,44605,34934
32708,44625,34872
32533,44609,34835
32248,44631,34832
31988,44573,34868
32000,44640,34768
32184,44617,34772
32300,44639,34745
32220,44639,34788
32268,44652,34732
32728,44640,34763
33376,44660,34664
33604,44628,34669
33708,44700,34719
34080,44703,34601
34564,44732,34616
35292,44676,34660
36156,44749,34552
36140,44751,34556
34692,44775,34604
33616,44729,34486
33612,44775,34485
34328,44799,34473
35438,44793,34431
36516,44775,34485
38180,44772,34368
39165,44717,34385
38516,44761,34336
37260,44752,34381
35812,44746,34333
34368,44748,34260
33156,44757,34256
32328,44764,34204
31752,44772,34254
31316,44768,34127
31133,44761,34150
31064,44772,34109
31024,44773,34156
30948,44711,34014
30896,44744,34009
30852,44756,33973
30828,44700,33980
30756,44770,33998
30724,44780,33861
30696,44780,33873
30712,44765,33822
30796,44740,33842
30800,44772,33742
30794,44780,33735
30784,44772,33799
30776,44757,33663
30792,44700,33630
30752,44767,33679
30710,44773,33540
30768,44708,33559
30824,44788,33487
30852,44775,33510
30830,44711,33518
30828,44780,33361
30824,44759,33378
30796,44765,33297
30772,44780,33316
30724,44769,33334
30668,44768,33188
30692,44708,33140
30744,44780,33231
30844,44781,33060
30880,44780,33012
30820,44727,33088
30796,44777,32965
30796,44773,32951
30794,44772,32831
30736,44716,32804
30692,44802,32783
30716,44788,32764
30748,44743,32796
30821,44801,32637
30792,44789,32657
30792,44716,32722
30776,44772,32549
30760,44788,32550
30732,44791,32628
30664,44788,32466
30596,44799,32477
30616,44807,32408
30672,44807,32450
30724,44788,32420
30716,44821,32439
30688,44790,32391
30656,44807,32438
30656,44813,32292
30616,44795,32303
30580,44808,32421
30536,44807,32301
30544,44824,32357
30593,44825,32210
30620,44827,32228
30606,44828,32351
30588,44780,32188
30560,44807,32208
30584,44812,32316
30592,44834,32184
30500,44771,32176
30420,44855,32124
30428,44837,32157
30528,44855,32119
30616,44863,32212
30612,44836,32101
30572,44831,32036
30573,44836,32057
30576,44839,32053
30564,44855,32084
30521,44837,32068
30520,44852,32028
30576,44866,32100
30634,44873,31941
30732,44855,31969
30780,44866,31934
30816,44807,31924
30845,44857,32052
30844,44857,31852
30853,44856,31895
30820,44877,31949
30790,44868,31901
30872,44878,31865
30924,44881,31916
31028,44884,31824
31088,44823,31812
31096,44881,31940
31112,44870,31775
31148,44887,31828
31164,44884,31909
31144,44895,31748
31120,44895,31764
31218,44829,31919
31310,44912,31732
31456,44892,31777
31508,44893,31879
31564,44893,31743
31654,44900,31778
31722,44885,31773
31816,44854,31857
31852,44901,31708
31900,44900,31786
32017,44896,31856
32161,44839,31712
32328,44864,31789
32369,44902,31905
32452,44876,31729
32527,44873,31764
32604,44864,31828
32670,44825,31805
32724,44885,31845
32788,44868,31743
32876,44873,31815
33000,44879,31817
33140,44866,31936
33221,44861,31808
33284,44852,31808
33328,44847,31958
33324,44847,31860
33340,44854,31872
33313,44788,31852
33336,44862,31994
33380,44852,31845
33444,44852,31881
33532,44853,32021
33556,44828,31892
33520,44844,31940
33484,44831,32048
33472,44828,31925
33452,44783,31940
33378,44829,32106
33310,44833,31987
33316,44828,32117
33384,44837,31972
33444,44781,32020
33436,44788,32157
33406,44836,32028
33376,44823,32064
33372,44823,32165
33332,44773,32132
33248,44824,32233
33196,44829,32113
33164,44825,32154
33236,44828,32129
33324,44830,32172
33324,44821,32249
33272,44788,32225
33220,44822,32217
33200,44807,32367
33164,44807,32300
33092,44775,32304
33036,44828,32365
33049,44817,32361
33124,44825,32454
33152,44824,32360
33172,44812,32368
33152,44783,32492
33133,44796,32452
33113,44799,32535
33097,44764,32426
33064,44804,32503
33028,44800,32586
33048,44807,32493
33077,44775,32529
33152,44782,32528
33149,44796,32553
33140,44807,32548
33140,44789,32625
33101,44784,32740
33120,44775,32660
33056,44796,32737
33000,44740,32682
33024,44790,32751
33080,44806,32652
33160,44793,32724
33210,44789,32820
33177,44791,32741
33172,44791,32768
33124,44744,32866
33108,44785,32797
33060,44788,32813
33028,44799,32836
33024,44751,32815
33092,44806,32941
33193,44789,32860
33216,44797,32976
33184,44788,32892
33144,44724,32970
33148,44793,32884
33148,44773,32896
33080,44781,33026
33044,44774,32902
33048,44796,32932
33089,44780,32988
33120,44792,32977
33152,44728,32963
33150,44790,33024
33152,44773,32983
33168,44768,33060
33166,44751,33008
33100,44768,33076
33061,44773,32992
33040,44708,33045
33068,44783,32972
33093,44758,33004
33128,44713,33008
33097,44765,33125
33096,44756,33013
33068,44759,33012
33048,44694,33065
33020,44768,33045
32972,44759,33088
32965,44775,33060
33013,44781,33036
33076,44748,33020
33110,44764,33140
33077,44772,33001
33068,44748,33031
33080,44701,33008
33062,44751,33109
33004,44748,32993
32964,44709,33004
32956,44764,33117
32976,44752,32988
33036,44757,33030
33069,44704,33028
33044,44749,33096
33060,44740,32989
33048,44749,32974
33076,44689,33051
33056,44740,32980
32988,44748,32972
32968,44692,33076
33000,44708,32956
33012,44757,32950
32992,44745,33076
32964,44749,32944
32900,44721,32971
32848,44695,32912
32848,44724,33006
32772,44764,32895
32692,44744,32909
32692,44752,32941
32752,44772,32919
32797,44761,32958
32800,44751,32999
32776,44764,32882
32806,44716,32873
32864,44765,32909
32900,44744,32893
32864,44760,32854
32868,44775,32973
32880,44714,32849
32953,44782,32836
33028,44780,32934
33084,44777,32853
33064,44748,32953
33056,44749,32836
33052,44753,32868
33056,44749,32789
33000,44719,32808
32953,44768,32903
32952,44736,32805
32965,44766,32817
33025,44711,32924
33044,44784,32799
33028,44765,32809
33012,44760,32881
32968,44711,32780
32904,44769,32781
32868,44774,32828
32840,44772,32768
32820,44774,32775
32860,44781,32872
32936,44772,32740
32988,44771,32800
32992,44769,32858
33008,44709,32764
32957,44768,32752
32932,44756,32756
32864,44774,32887
32808,44728,32764
32822,44756,32748
32880,44772,32861
32941,44728,32752
32956,44774,32785
32912,44772,32724
32880,44772,32732
32884,44768,32858
32848,44753,32743
32760,44769,32836
32720,44780,32730
32720,44716,32720
32760,44780,32835
32832,44765,32757
32832,44780,32799
32804,44735,32711
32772,44751,32790
32750,44765,32689
32737,44763,32718
32668,44760,32676
32566,44713,32708
32480,44775,32829
32356,44766,32708
32320,44771,32688
32396,44732,32649
32524,44761,32700
32621,44744,32755
32640,44747,32644
32932,44684,32692
33532,44708,32692
34124,44767,32697
34528,44772,32737
34772,44774,32629
35068,44789,32687
35656,44792,32764
36548,44797,32655
37372,44801,32716
37268,44800,32653
35868,44813,32676
35036,44856,32598
35388,44854,32624
36204,44862,32654
37068,44867,32629
38260,44800,32684
39788,44823,32604
40012,44817,32505
38640,44807,32620
36844,44808,32577
34932,44820,32642
33212,44821,32536
31982,44821,32508
31272,44829,32618
30952,44823,32532
30878,44835,32588
30908,44827,32468
30922,44807,32441
30896,44799,32432
30861,44796,32464
30836,44804,32396
30756,44799,32441
30708,44796,32396
30728,44751,32484
30749,44790,32381
30836,44804,32417
30881,44804,32348
30873,44804,32303
30864,44780,32316
30880,44764,32417
30842,44764,32296
30780,44760,32281
30724,44767,32332
30736,44767,32313
30820,44703,32412
30908,44693,32295
30944,44750,32385
30920,44746,32273
30920,44720,32375
30928,44732,32256
30948,44724,32316
30928,44668,32208
30880,44735,32234
30888,44733,32161
30944,44716,32240
31044,44716,32139
31080,44724,32071
31072,44709,32193
31057,44684,32072
31046,44679,32057
31005,44689,31968
30916,44679,31920
30852,44684,32004
30852,44689,31895
30928,44692,31901
31016,44621,31800
31085,44629,31812
31093,44619,31751
31064,44621,31852
31056,44670,31725
31092,44671,31801
31060,44664,31652
30980,44669,31568
30941,44653,31633
30982,44669,31560
31072,44677,31544
31117,44668,31487
31108,44655,31564
31096,44607,31452
31012,44655,31540
30936,44663,31390
30933,44645,31428
30882,44663,31324
30872,44671,31308
30948,44679,31246
31032,44657,31257
31044,44677,31186
31000,44660,31293
30984,44636,31209
30976,44647,31304
30973,44647,31150
30928,44652,31129
30824,44653,31087
30808,44655,31024
30901,44665,31064
31040,44660,30989
31060,44665,31100
31084,44604,30954
31064,44671,30972
31052,44664,30957
31028,44668,30912
30984,44668,30996
30904,44674,30920
30880,44679,31009
30952,44693,30861
31084,44609,30885
31160,44684,30777
31216,44670,30814
31196,44664,30791
31176,44677,30826
31212,44665,30821
31236,44621,30796
31264,44644,30758
31312,44685,30940
31391,44692,30844
31472,44679,30907
31508,44676,30780
31416,44648,30838
31348,44663,30924
31280,44661,30915
31324,44672,30965
31368,44616,30902
31324,44692,30941
31374,44688,30910
31456,44684,30983
31544,44700,31038
31637,44700,31076
31740,44647,31218
31808,44625,31133
31892,44676,31267
31920,44701,31183
32088,44697,31341
32216,44696,31239
32352,44678,31401
32520,44693,31328
32754,44672,31399
32912,44695,31345
32960,44679,31364
33024,44679,31492
33108,44669,31475
33252,44679,31655
33400,44679,31576
33501,44684,31660
33641,44703,31666
33792,44700,31720
34001,44636,31710
34148,44668,31742
34268,44685,31941
34348,44688,31895
34388,44695,31929
34424,44681,31950
34376,44687,31977
34368,44692,32123
34396,44692,32156
34456,44692,32292
34468,44678,32224
34496,44677,32271
34525,44676,32484
34616,44663,32420
34616,44633,32469
34580,44658,32657
34512,44655,32613
34504,44668,32696
34528,44668,32764
34564,44652,32822
34540,44647,32948
34484,44652,32982
34444,44638,33136
34516,44647,33112
34561,44640,33129
34580,44629,33253
34512,44633,33325
34468,44641,33491
34448,44645,33478
34452,44636,33639
34416,44584,33628
34424,44629,33712
34414,44641,33744
34520,44630,33865
34548,44636,33911
34592,44632,33940
34580,44642,34033
34472,44647,34092
34441,44639,34191
34508,44639,34245
34580,44633,34328
34560,44620,34421
34464,44616,34556
34396,44621,34540
34388,44622,34692
34444,44624,34693
34444,44631,34776
34428,44637,34820
34460,44644,34877
34488,44628,34973
34452,44631,35053
34444,44649,35128
34400,44644,35167
34412,44613,35283
34404,44589,35308
34388,44581,35372
34385,44581,35414
34316,44637,35484
34340,44647,35588
34404,44636,35625
34440,44621,35665
34384,44655,35728
34276,44653,35792
34264,44628,35832
34373,44620,35908
34388,44612,35959
34348,44596,36007
34284,44585,36068
34280,44604,36103
34388,44584,36144
34376,44654,36220
34436,44649,36252
34416,44647,36310
34397,44576,36334
34324,44583,36376
34276,44582,36437
34148,44581,36470
34128,44626,36527
34204,44636,36556
34372,44653,36619
34488,44647,36645
34504,44616,36685
34428,44612,36719
34360,44630,36756
34304,44621,36798
34208,44609,36820
34108,44623,36871
34036,44629,36903
34104,44606,36943
34172,44616,36965
34256,44621,37012
34256,44620,37026
34244,44620,37064
34252,44623,37085
34234,44606,37119
34272,44600,37152
34240,44620,37173
34125,44615,37198
34044,44631,37184
34060,44623,37270
34136,44616,37285
34177,44616,37295
34136,44615,37351
34150,44596,37364
34220,44590,37383
34260,44592,37431
34308,44607,37448
34208,44612,37484
34100,44567,37500
34004,44593,37519
33944,44621,37544
33932,44625,37572
33940,44616,37589
33960,44610,37604
34040,44599,37637
34078,44596,37639
33993,44600,37684
33964,44614,37682
33812,44615,37734
33684,44619,37753
33620,44608,37776
33688,44612,37796
33684,44606,37788
33641,44600,37837
33564,44551,37821
33576,44543,37856
33588,44588,37889
33664,44532,37869
33732,44581,37924
33790,44601,37928
33840,44605,37969
33864,44591,37980
33832,44596,37989
33824,44567,38023
33876,44585,38012
33856,44576,38057
33784,44581,38074
33686,44597,38057
33710,44598,38106
33828,44597,38096
33964,44600,38144
34044,44594,38151
33997,44592,38172
33972,44596,38188
33956,44577,38180
33828,44589,38204
33616,44531,38216
33548,44595,38212
33624,44560,38252
33717,44596,38240
33752,44597,38272
33656,44602,38296
33672,44536,38255
33788,44548,38330
33817,44589,38342
33808,44532,38332
33688,44527,38354
33496,44551,38336
33460,44551,38382
33540,44575,38373
33676,44607,38424
33701,44589,38429
33636,44596,38407
33652,44587,38452
33560,44566,38425
33500,44568,38484
33460,44577,38492
33392,44573,38494
33388,44580,38503
33428,44583,38484
33484,44572,38501
33544,44575,38487
33576,44551,38547
33572,44544,38543
33552,44551,38508
33524,44539,38543
33468,44548,38493
33381,44551,38558
33316,44572,38573
33292,44568,38533
33260,44576,38564
33036,44560,38549
32708,44556,38584
32656,44548,38527
32744,44533,38591
32788,44532,38592
32688,44542,38606
32772,44539,38613
33364,44543,38568
34008,44551,38596
34236,44551,38575
34464,44577,38622
34832,44581,38628
35264,44592,38624
35892,44601,38636
36628,44612,38593
36256,44643,38640
34580,44655,38617
33548,44679,38661
33700,44677,38621
34672,44676,38660
35920,44612,38661
37272,44588,38669
39112,44596,38658
39768,44599,38671
38900,44604,38663
37508,44613,38665
36072,44607,38628
34758,44591,38678
33685,44577,38684
33040,44583,38632
32572,44581,38661
32148,44551,38613
31816,44537,38663
31620,44597,38662
31532,44590,38597
31428,44592,38641
31348,44604,38594
31368,44536,38628
31416,44604,38568
31464,44599,38600
31476,44591,38589
31440,44585,38596
31428,44588,38597
31424,44524,38521
31404,44542,38560
31380,44576,38509
31312,44576,38538
31304,44571,38524
31380,44564,38516
31420,44573,38457
31388,44560,38485
31332,44559,38438
31324,44551,38471
31334,44564,38396
31324,44492,38407
31276,44512,38345
31284,44516,38369
31332,44521,38278
31372,44526,38308
31385,44575,38245
31392,44573,38240
31420,44551,38185
31436,44549,38189
31368,44516,38175
31332,44540,38095
31312,44551,38104
31292,44551,38028
31280,44544,38030
31284,44551,38013
31329,44499,37989
31348,44544,37960
31312,44542,37929
31264,44543,37909
31244,44538,37892
31246,44517,37844
31234,44529,37784
31136,44537,37810
31096,44544,37748
31104,44484,37752
31148,44544,37740
31172,44544,37720
31144,44517,37689
31132,44520,37692
31104,44520,37679
31052,44518,37668
31048,44524,37657
30993,44526,37624
30980,44477,37625
31020,44551,37597
31100,44540,37604
31112,44547,37576
31066,44529,37598
31012,44513,37595
30948,44532,37570
30908,44460,37583
30846,44497,37574
30838,44532,37577
30876,44512,37564
30936,44516,37533
31009,44516,37548
31036,44524,37516
31006,44452,37532
31016,44512,37533
31024,44479,37476
30960,44498,37511
30912,44480,37487
30832,44502,37485
30832,44495,37444
30916,44505,37449
31005,44456,37448
31028,44496,37423
30964,44460,37415
30944,44480,37364
30956,44425,37382
30972,44485,37350
30912,44476,37341
30856,44476,37333
30840,44487,37280
30912,44496,37280
31024,44479,37268
31056,44491,37221
31056,44480,37229
31077,44433,37205
31084,44468,37167
31108,44487,37149
31108,44423,37152
31101,44449,37136
31113,44512,37100
31162,44508,37097
31229,44508,37084
31289,44494,37068
31312,44492,37056
31316,44436,37037
31384,44494,36972
31460,44489,36998
31480,44506,36991
31520,44439,36970
31600,44465,36965
31748,44517,36942
31912,44512,36920
32036,44497,36924
32120,44464,36908
32212,44436,36897
32324,44425,36883
32464,44445,36871
32524,44492,36864
32578,44436,36831
32676,44460,36839
32844,44497,36812
33012,44505,36820
33140,44496,36803
33180,44501,36797
33244,44468,36803
33280,44484,36773
33360,44471,36781
33376,44476,36796
33329,44485,36773
33348,44487,36769
33388,44488,36767
33492,44484,36780
33564,44420,36766
33560,44412,36772
33556,44415,36773
33543,44408,36788
33544,44392,36790
33488,44422,36790
33428,44476,36800
33416,44477,36797
33468,44484,36826
33544,44470,36808
33544,44476,36839
33528,44471,36836
33472,44471,36828
33476,44460,36840
33408,44461,36854
33317,44409,36855
33268,44463,36872
33260,44464,36884
33296,44463,36897
33352,44469,36879
33388,44457,36913
33328,44463,36896
33294,44452,36922
33264,44460,36913
33242,44453,36926
33200,44468,36933
33136,44479,36954
33137,44481,36902
33176,44468,36948
33248,44441,36940
33244,44484,36959
33192,44453,36951
33188,44465,36969
33180,44453,36972
33124,44437,36975
33088,44412,36980
33056,44437,36988
33072,44452,36974
33108,44487,36997
33180,44492,36997
33212,44490,37012
33176,44478,36997
33156,44468,37015
33184,44463,37020
33188,44475,37020
33160,44476,37024
33089,44477,37020
33068,44486,37044
33104,44476,37029
33176,44474,37041
33232,44480,37037
33205,44462,37048
33204,44468,37047
33184,44461,37056
33192,44462,37044
33148,44471,37052
33060,44461,37056
33060,44405,37059
33116,44479,37044
33184,44464,37069
33212,44473,37069
33169,44464,37065
33148,44413,37063
33133,44463,37064
33113,44462,37064
33080,44455,37065
32969,44450,37077
32952,44460,37038
33012,44463,37073
33084,44465,37046
33124,44460,37076
33109,44445,37064
33100,44413,37076
33092,44380,37063
33126,44420,37070
33110,44392,37070
33108,44431,37052
33084,44446,37072
33072,44456,37039
33124,44439,37061
33152,44453,37063
33134,44436,37064
33104,44433,37060
33078,44429,37056
33112,44428,37072
33089,44406,37044
33025,44439,37064
33040,44420,37063
33064,44436,37053
33124,44428,37054
33156,44428,37056
33112,44369,37055
33096,44373,37053
33092,44422,37053
33053,44420,37053
32984,44423,37047
32956,44399,37016
32964,44417,37032
33000,44420,37012
33068,44388,37020
33092,44423,37012
33102,44411,36989
33080,44396,36999
33032,44409,36968
32992,44340,36977
32936,44359,36944
32862,44414,36962
32876,44404,36932
32892,44404,36926
32928,44401,36903
32968,44400,36905
32940,44328,36869
32876,44348,36886
32852,44381,36863
32892,44380,36836
32832,44390,36831
32768,44373,36804
32768,44389,36820
32804,44396,36802
32852,44391,36777
32908,44335,36756
32900,44387,36743
32836,44391,36734
32817,44373,36724
32780,44381,36700
32701,44373,36672
32588,44380,36674
32540,44373,36652
32576,44377,36632
32656,44377,36583
32662,44375,36598
32648,44375,36568
32628,44367,36565
32600,44366,36553
32592,44295,36541
32536,44300,36524
32432,44335,36503
32472,44375,36489
32576,44368,36463
32702,44350,36461
32776,44352,36432
32780,44358,36423
32784,44344,36404
32788,44341,36396
32800,44344,36362
32764,44359,36349
32718,44300,36320
32768,44311,36316
32864,44295,36292
32973,44365,36280
32988,44367,36256
32948,44349,36248
32926,44335,36205
32897,44332,36205
32898,44334,36180
32847,44340,36164
32756,44341,36167
32740,44340,36116
32760,44343,36110
32808,44337,36065
32844,44332,36069
32832,44324,36052
32884,44337,36029
32868,44327,36020
32848,44327,36001
32788,44324,35975
32736,44288,35975
32736,44340,35903
32772,44348,35918
32812,44316,35919
32845,44320,35884
32850,44325,35888
32840,44329,35826
32824,44268,35824
32802,44335,35796
32724,44295,35790
32644,44324,35789
32633,44327,35737
32692,44332,35719
32724,44311,35706
32780,44274,35681
32768,44324,35665
32744,44295,35652
32700,44325,35615
32684,44314,35607
32628,44324,35598
32576,44263,35557
32576,44278,35557
32624,44277,35508
32664,44286,35517
32672,44268,35477
32628,44316,35492
32580,44311,35433
32468,44329,35434
32288,44325,35389
32116,44325,35388
32197,44316,35335
32380,44327,35335
32492,44317,35271
32584,44348,35254
32928,44332,35261
33668,44323,35206
34500,44325,35180
35112,44313,35192
35408,44317,35069
35608,44351,35100
36020,44357,35092
36889,44333,35042
37788,44388,35020
37992,44415,34960
36720,44423,34948
35664,44429,34975
35700,44437,34901
36024,44396,34910
36584,44439,34823
37472,44412,34804
39036,44400,34786
39812,44397,34753
38772,44365,34753
36961,44409,34662
34972,44376,34657
33124,44396,34597
31816,44392,34576
31000,44391,34532
30512,44397,34528
30280,44391,34491
30172,44388,34485
30168,44389,34394
30200,44391,34353
30280,44382,34385
30332,44391,34305
30332,44337,34311
30288,44374,34225
30272,44352,34200
30272,44295,34144
30241,44340,34101
30168,44328,34100
30149,44303,34063
30192,44377,34060
30256,44380,34030
30320,44375,34077
30308,44360,33983
30316,44327,33940
30318,44350,33990
30328,44285,33928
30304,44284,33897
30256,44345,33890
30268,44360,33852
30301,44352,33886
30368,44358,33844
30412,44324,33908
30400,44341,33816
30420,44294,33783
30420,44354,33865
30432,44344,33766
30376,44304,33796
30356,44295,33708
30360,44346,33733
30392,44293,33660
30464,44346,33692
30512,44353,33581
30508,44329,33568
30504,44344,33592
30520,44289,33521
30513,44344,33501
30432,44340,33460
30369,44304,33500
30360,44339,33380
30408,44335,33358
30472,44292,33406
30484,44279,33332
30472,44343,33332
30468,44305,33237
30448,44317,33227
30404,44256,33300
30372,44333,33200
30352,44321,33188
30368,44324,33132
30372,44260,33132
30448,44317,33076
30504,44312,33063
30476,44316,33024
30473,44252,33033
30420,44268,32989
30416,44308,33025
30360,44287,32948
30276,44236,32966
30245,44311,33034
30308,44301,32932
30348,44287,32932
30394,44294,32856
30392,44295,32823
30348,44212,32821
30344,44280,32791
30329,44276,32822
30297,44272,32764
30236,44293,32855
30230,44221,32724
30220,44307,32730
30285,44284,32661
30292,44224,32758
30256,44295,32653
30232,44271,32712
30188,44280,32605
30180,44223,32620
30108,44279,32535
30040,44284,32478
30041,44236,32505
30084,44277,32597
30136,44295,32436
30165,44282,32495
30116,44271,32413
30084,44270,32501
30081,44277,32396
30068,44276,32340
30008,44253,32390
29980,44292,32327
29980,44292,32324
29996,44290,32404
30032,44304,32341
30076,44286,32398
30080,44292,32270
30072,44293,32304
30080,44220,32260
30084,44245,32289
30093,44284,32211
30117,44287,32212
30176,44295,32263
30336,44292,32238
30550,44295,32325
30770,44292,32220
30948,44271,32237
31152,44272,32164
31380,44276,32162
31596,44196,32133
31782,44277,32170
31964,44268,32280
32152,44279,32174
32396,44270,32270
32676,44280,32136
32894,44261,32204
33032,44252,32135
33216,44255,32246
33381,44240,32116
33548,44244,32076
33664,44249,32092
33708,44251,32056
33836,44223,32092
33956,44263,32092
34097,44239,32055
34220,44245,32031
34294,44232,32092
34332,44233,32067
34370,44175,32169
34412,44231,32067
34408,44220,32169
34336,44220,32054
34320,44236,32156
34400,44191,32057
34480,44233,32161
34520,44228,32058
34496,44212,32144
34484,44218,32026
34468,44222,31995
34444,44213,32020
34384,44168,32068
34332,44231,32056
34288,44228,32084
34316,44228,32033
34388,44228,32007
34412,44217,32108
34384,44212,32048
34349,44215,32101
34316,44205,32060
34276,44167,32070
34205,44217,32160
34140,44204,32093
34152,44204,32148
34164,44221,32103
34192,44172,32236
34216,44226,32151
34193,44212,32213
34176,44204,32160
34132,44203,32253
34108,44203,32164
34052,44207,32231
34000,44207,32165
33944,44216,32316
33998,44225,32213
34040,44225,32180
34052,44221,32240
34069,44223,32209
34064,44206,32308
34028,44212,32257
34000,44200,32356
33936,44189,32326
33892,44199,32401
33868,44225,32346
33905,44221,32312
33976,44204,32382
33992,44213,32390
33980,44204,32517
33968,44196,32444
33952,44197,32548
33940,44190,32457
33868,44207,32548
33828,44205,32464
33796,44142,32440
33856,44159,32492
33912,44192,32476
33928,44212,32540
33927,44174,32591
33893,44189,32558
33842,44188,32616
33829,44173,32589
33784,44185,32695
33729,44184,32588
33725,44189,32575
33760,44196,32665
33804,44199,32620
33824,44191,32636
33768,44185,32631
33736,44177,32668
33696,44169,32699
33700,44172,32657
33656,44189,32734
33592,44184,32680
33588,44151,32705
33641,44189,32756
33708,44181,32712
33764,44189,32775
33732,44183,32681
33712,44180,32682
33704,44184,32726
33697,44184,32685
33632,44151,32695
33548,44183,32644
33524,44215,32720
33528,44204,32828
33608,44212,32733
33668,44215,32757
33636,44220,32733
33608,44214,32828
33572,44209,32721
33560,44228,32760
33516,44160,32708
33456,44200,32684
33449,44216,32736
33480,44248,32692
33532,44245,32711
33569,44224,32684
33560,44245,32703
33536,44250,32672
33501,44236,32689
33512,44228,32724
33452,44253,32711
33396,44261,32710
33376,44263,32679
33380,44257,32657
33420,44200,32690
33456,44212,32654
33452,44260,32692
33464,44261,32636
33444,44229,32645
33440,44245,32732
33404,44261,32680
33324,44214,32755
33292,44279,32656
33320,44283,32676
33376,44276,32615
33436,44262,32638
33437,44271,32660
33409,44257,32631
33376,44261,32714
33374,44237,32621
33360,44204,32707
33292,44276,32581
33280,44268,32599
33304,44263,32628
33344,44257,32592
33368,44249,32620
33348,44190,32548
33292,44247,32566
33240,44239,32506
33180,44218,32516
33088,44222,32636
33024,44213,32501
33004,44174,32588
33040,44180,32505
33092,44225,32528
33124,44224,32440
33112,44208,32454
33052,44212,32471
32988,44196,32462
32981,44191,32460
33024,44197,32368
33016,44199,32412
33052,44200,32505
33124,44184,32377
33208,44167,32352
33272,44196,32388
33296,44191,32351
33336,44180,32409
33364,44183,32332
33320,44167,32418
33305,44163,32289
33292,44165,32263
33300,44176,32377
33308,44128,32247
33320,44181,32247
33368,44182,32181
33380,44176,32181
33392,44166,32220
33376,44165,32174
33352,44157,32263
33288,44164,32119
33176,44167,32142
33144,44175,32095
33149,44108,32058
33279,44158,32100
33336,44175,32067
33264,44150,32129
33248,44156,31976
33217,44103,31989
33208,44154,32100
33184,44132,31921
33112,44137,31929
33062,44152,32036
33100,44101,31913
33160,44148,31876
33207,44151,31872
33181,44093,31932
33168,44125,31852
33164,44121,31949
33136,44132,31775
33092,44112,31799
32972,44128,31858
32968,44141,31716
33016,44093,31746
33064,44141,31828
33120,44135,31709
33069,44129,31638
33044,44142,31670
33038,44124,31756
33004,44120,31660
32924,44130,31720
32860,44124,31620
32804,44121,31673
32808,44116,31597
32868,44132,31610
32880,44133,31488
32820,44069,31541
32624,44118,31644
32472,44132,31481
32528,44124,31511
32688,44129,31422
32824,44116,31460
32952,44127,31461
33236,44135,31406
33936,44116,31532
34788,44136,31388
35500,44140,31334
35836,44136,31335
36028,44148,31300
36464,44157,31345
37432,44165,31276
38424,44182,31284
39128,44209,31232
38524,44213,31262
37449,44236,31361
37384,44253,31260
37408,44252,31286
37556,44253,31198
38100,44240,31196
39340,44220,31165
40424,44221,31196
39536,44220,31146
37452,44233,31238
35240,44241,31120
33336,44244,31186
31936,44233,30985
31068,44237,31038
30636,44236,31137
30502,44149,30940
30493,44216,30923
30484,44212,30925
30437,44230,30860
30416,44223,30964
30440,44216,30849
30465,44212,30846
30496,44208,30711
30498,44205,30726
30460,44207,30823
30468,44189,30710
30456,44207,30670
30440,44197,30711
30410,44196,30617
30373,44200,30645
30400,44201,30725
30480,44205,30544
30536,44133,30577
30524,44196,30701
30528,44190,30572
30540,44160,30619
30532,44167,30493
30528,44173,30531
30468,44189,30529
30468,44183,30498
30528,44188,30442
30604,44191,30486
30660,44159,30540
30685,44124,30471
30660,44125,30557
30645,44136,30452
30628,44153,30561
30604,44175,30414
30540,44160,30360
30508,44188,30351
30532,44126,30311
30618,44188,30309
30688,44164,30428
30652,44136,30285
30644,44181,30392
30648,44188,30196
30629,44193,30248
30608,44180,30135
30536,44205,30160
30516,44196,30072
30526,44201,30128
30556,44196,30049
30645,44167,30087
30632,44172,30020
30624,44181,30060
30616,44168,30009
30596,44181,30060
30536,44176,29986
30468,44196,30142
30448,44196,30062
30460,44196,30132
30528,44196,30045
30600,44181,30160
30584,44183,29988
30580,44183,30148
30558,44174,30009
30524,44181,30092
30476,44184,29974
30436,44181,29886
30424,44188,29959
30416,44189,29908
30472,44184,29997
30520,44181,29872
30476,44184,29941
30500,44184,29834
30436,44183,29971
30360,44183,29877
30324,44188,29904
30256,44181,29823
30232,44166,29785
30200,44204,29948
30246,44140,29797
30276,44197,29761
30276,44183,29762
30249,44183,29859
30232,44197,29780
30196,44196,29857
30168,44207,29781
30136,44160,29664
30124,44189,29728
30156,44149,29700
30197,44212,29860
30236,44212,29732
30220,44201,29643
30221,44198,29746
30228,44161,29733
30200,44197,29853
30145,44214,29703
30088,44199,29644
30060,44217,29730
30094,44140,29753
30124,44220,29709
30192,44213,29708
30200,44215,29652
30196,44201,29758
30240,44197,29760
30304,44204,29653
30380,44197,29744
30456,44200,29668
30576,44196,29760
30808,44212,29703
31056,44204,29766
31320,44217,29703
31552,44165,29940
31752,44167,29784
32024,44221,29868
32248,44220,29826
32444,44212,29880
32620,44205,29794
32813,44200,29862
33044,44215,29812
33276,44215,29981
33492,44223,29828
33640,44157,29828
33780,44215,29806
33948,44201,29908
34072,44192,29823
34169,44200,29935
34204,44213,29902
34313,44205,30025
34424,44204,29936
34501,44208,30087
34632,44215,29978
34664,44204,30160
34693,44140,29976
34704,44199,30048
34725,44196,30116
34704,44204,30118
34632,44207,30053
34628,44188,30145
34666,44207,30128
34704,44207,30306
34728,44191,30185
34720,44199,30325
34716,44209,30297
34684,44196,30241
34629,44204,30348
34576,44196,30312
34493,44217,30393
34460,44212,30360
34464,44220,30460
34517,44212,30428
34528,44213,30528
34508,44213,30501
34476,44213,30620
34464,44153,30581
34452,44150,30697
34396,44142,30672
34311,44196,30847
34272,44212,30783
34272,44212,30828
34316,44197,30817
34336,44196,30906
34304,44183,30879
34296,44209,30864
34248,44205,30948
34217,44199,30925
34168,44204,31021
34085,44215,30988
34052,44164,31076
34093,44157,31062
34148,44204,31215
34173,44208,31152
34184,44189,31311
34173,44189,31239
34148,44196,31280
34144,44181,31261
34120,44188,31429
34021,44196,31341
33976,44181,31351
33976,44199,31552
34020,44197,31448
34056,44181,31424
34029,44192,31629
34024,44140,31508
34004,44183,31525
33960,44183,31580
33860,44180,31584
33800,44180,31725
33797,44175,31655
33836,44175,31616
33916,44184,31708
33960,44185,31688
33944,44181,31870
33920,44189,31732
33882,44125,31740
33844,44187,31901
33808,44176,31824
33720,44167,31784
33694,44197,31970
33728,44141,31857
33820,44180,31908
33854,44196,31863
33848,44140,32054
33828,44189,31952
33832,44172,31917
33832,44173,31972
33784,44191,31950
33680,44188,32050
33661,44205,32031
33668,44196,32142
33712,44193,32068
33776,44181,32184
33728,44167,32097
33692,44189,32132
33665,44167,32157
33680,44177,32120
33653,44180,32117
33608,44183,32214
33568,44189,32181
33596,44183,32142
33633,44197,32316
33688,44199,32210
33668,44191,32178
33652,44156,32228
33592,44167,32196
33576,44167,32242
33548,44116,32229
33480,44177,32356
33440,44183,32284
33473,44175,32249
33512,44189,32404
33552,44181,32303
33536,44164,32428
33496,44174,32325
33480,44184,32289
33460,44120,32429
33392,44181,32321
33336,44161,32356
33288,44183,32300
33308,44196,32429
33372,44125,32356
33428,44135,32388
33428,44145,32340
33421,44183,32336
33396,44174,32452
33344,44167,32329
33300,44167,32296
33249,44167,32380
33264,44181,32334
33289,44180,32441
33332,44164,32321
33356,44184,32310
33320,44183,32428
33304,44157,32309
33292,44144,32300
33274,44167,32261
33256,44160,32423
33208,44176,32285
33212,44135,32307
33220,44176,32250
33260,44181,32384
33284,44180,32300
33268,44167,32240
33252,44167,32269
33236,44160,32250
33208,44149,32385
33176,44183,32255
33136,44180,32225
33088,44185,32262
33088,44172,32228
33145,44185,32277
33204,44182,32229
33176,44121,32365
33120,44148,32244
33132,44119,32308
33168,44145,32232
33118,44165,32196
33060,44175,32351
33060,44173,32204
33092,44167,32206
33140,44189,32311
33168,44155,32232
33176,44184,32179
33141,44175,32245
33141,44164,32180
33116,44166,32225
33044,44167,32197
32960,44167,32306
32960,44175,32189
33016,44167,32213
33088,44167,32180
33156,44167,32173
33148,44185,32268
33116,44177,32172
33088,44101,32198
33084,44154,32220
33004,44165,32153
32916,44164,32135
32853,44167,32197
32892,44156,32172
32924,44181,32279
32948,44180,32157
32908,44172,32181
32904,44167,32157
32869,44167,32229
32844,44183,32192
32754,44185,32279
32660,44120,32156
32638,44125,32225
32601,44165,32140
32596,44143,32160
32736,44128,32143
32836,44133,32158
32852,44132,32180
32902,44128,32186
32916,44167,32302
32896,44135,32228
32860,44137,32293
32848,44151,32228
32904,44199,32197
32984,44200,32348
33064,44196,32272
33044,44177,32361
33056,44201,32270
33052,44181,32310
32992,44205,32265
32928,44197,32428
32877,44198,32303
32842,44200,32300
32888,44213,32373
32932,44213,32370
32940,44205,32432
32964,44199,32370
32944,44196,32382
32928,44201,32502
32916,44199,32399
32904,44196,32391
32836,44181,32540
32837,44140,32444
32852,44144,32528
32916,44164,32468
32948,44150,32508
32960,44150,32444
32956,44138,32494
32928,44196,32480
32924,44182,32490
32876,44196,32542
32812,44151,32500
32752,44204,32596
32758,44210,32528
32868,44204,32484
32952,44151,32503
32960,44148,32490
32940,44164,32519
32928,44191,32508
32916,44204,32532
32884,44197,32556
32760,44178,32668
32748,44167,32596
32748,44172,32687
32846,44159,32588
32873,44167,32657
32880,44180,32612
32858,44221,32614
32888,44204,32741
32832,44212,32644
32756,44180,32753
32636,44159,32684
32580,44221,32746
32492,44167,32702
32380,44167,32812
32405,44175,32715
32640,44224,32781
32796,44216,32732
32840,44220,32789
33029,44220,32760
33561,44220,32780
34284,44228,32804
34892,44239,32793
35264,44236,32870
35468,44256,32836
35864,44260,32895
36776,44264,32887
37840,44287,32977
38476,44295,32925
37732,44327,32984
36392,44351,32942
36232,44354,33076
36536,44359,32972
36960,44374,32968
37596,44356,33053
38900,44335,33025
40168,44324,33094
39488,44333,33029
37598,44320,33020
35512,44335,33156
33568,44310,33062
32068,44320,33115
31168,44340,33084
30752,44332,33167
30680,44295,33092
30672,44319,33175
30672,44279,33100
30692,44335,33138
30688,44311,33088
30689,44326,33086
30632,44327,33183
30560,44336,33116
30528,44329,33188
30560,44328,33120
30624,44320,33219
30696,44333,33120
30672,44295,33116
30648,44240,33196
30672,44236,33157
30644,44288,33172
30624,44305,33172
30580,44316,33245
30577,44320,33236
30632,44321,33324
30692,44287,33252
30756,44311,33293
30744,44300,33392
30752,44292,33332
30760,44280,33373
30776,44292,33364
30764,44292,33356
30703,44276,33412
30668,44303,33392
30712,44300,33460
30781,44313,33428
30844,44309,33513
30872,44244,33450
30868,44253,33446
30880,44247,33465
30812,44279,33468
30736,44311,33527
30576,44316,33481
30673,44320,33560
30740,44316,33492
30792,44292,33567
30776,44309,33510
30788,44324,33581
30808,44319,33506
30820,44297,33549
30832,44308,33529
30776,44324,33538
30666,44324,33652
30650,44313,33604
30704,44280,33620
30772,44317,33628
30796,44332,33636
30816,44319,33625
30804,44324,33741
30805,44324,33711
30828,44333,33720
30784,44318,33798
30660,44340,33764
30704,44335,33767
30760,44332,33856
30765,44329,33799
30856,44350,33837
30844,44348,33919
30804,44351,33866
30796,44351,33948
30760,44341,33916
30700,44325,33973
30656,44340,33940
30628,44344,33996
30640,44341,33966
30720,44340,33983
30756,44359,34016
30722,44343,34021
30704,44351,34110
30688,44278,34062
30704,44282,34166
30660,44295,34132
30620,44327,34212
30608,44294,34160
30580,44292,34167
30652,44287,34229
30721,44284,34228
30684,44295,34278
30700,44333,34282
30684,44346,34340
30676,44340,34324
30633,44329,34364
30568,44340,34412
30576,44321,34425
30572,44347,34504
30659,44356,34501
30704,44359,34572
30688,44344,34555
30700,44319,34597
30700,44359,34658
30700,44359,34660
30672,44351,34692
30624,44357,34711
30628,44362,34758
30664,44315,34792
30729,44361,34798
30796,44369,34856
30852,44359,34884
30932,44360,34932
30996,44354,34959
31048,44361,34997
31128,44370,35044
31196,44372,35063
31336,44370,35137
31512,44365,35140
31752,44380,35175
32012,44368,35184
32160,44371,35236
32336,44317,35264
32488,44372,35296
32634,44361,35349
32780,44368,35357
32880,44369,35413
33016,44364,35413
33172,44370,35462
33312,44351,35463
33501,44356,35516
33604,44367,35580
33696,44335,35565
33740,44342,35621
33824,44310,35664
33852,44341,35666
33836,44356,35724
33858,44356,35719
33904,44362,35764
33984,44359,35808
34040,44364,35820
34056,44328,35876
34064,44356,35874
34112,44349,35914
34112,44346,35975
34084,44340,35964
33989,44351,35988
33960,44354,36033
33976,44365,36052
34000,44356,36088
34012,44350,36100
33996,44369,36132
33969,44357,36162
33948,44357,36116
33924,44353,36203
33888,44349,36231
33837,44352,36251
33796,44356,36270
33820,44365,36297
33880,44310,36248
33924,44348,36330
33925,44327,36357
33840,44295,36359
33821,44336,36397
33816,44354,36385
33764,44329,36408
33700,44338,36444
33672,44359,36428
33664,44295,36452
33708,44367,36474
33756,44354,36465
33692,44351,36484
33657,44348,36484
33672,44345,36493
33668,44348,36501
33652,44295,36508
33580,44365,36525
33535,44360,36500
33584,44353,36532
33633,44361,36551
33664,44349,36538
33656,44359,36538
33640,44350,36549
33604,44345,36546
33588,44292,36552
33544,44359,36540
33444,44359,36543
33380,44354,36532
33432,44365,36540
33532,44367,36532
33620,44308,36533
33604,44375,36532
33588,44350,36508
33536,44356,36507
33556,44295,36504
33516,44359,36500
33445,44349,36487
33412,44365,36492
33434,44372,36460
33468,44383,36464
33508,44368,36460
33508,44352,36439
33504,44352,36436
33540,44358,36407
33548,44358,36404
33516,44302,36367
33436,44308,36372
33420,44324,36368
33412,44342,36336
33465,44385,36342
33521,44377,36311
33513,44356,36305
33484,44369,36288
33440,44375,36260
33464,44372,36265
33448,44372,36236
33413,44373,36240
33404,44377,36244
33413,44383,36212
33504,44375,36204
33600,44390,36172
33597,44390,36178
33536,44381,36184
33548,44373,36164
33488,44367,36172
33454,44368,36132
33369,44388,36135
33344,44383,36109
33360,44384,36103
33392,44390,36058
33513,44387,36084
33500,44353,36057
33525,44324,36052
33524,44332,36060
33481,44376,36028
33428,44373,36000
33372,44374,35991
33348,44385,35978
33356,44392,35985
33429,44399,35943
33489,44374,35941
33440,44380,35913
33420,44393,35906
33424,44388,35904
33416,44356,35872
33376,44372,35886
33296,44388,35840
33256,44399,35844
33252,44404,35817
33356,44396,35820
33452,44340,35828
33440,44367,35796
33397,44407,35812
33344,44380,35777
33316,44389,35782
33312,44415,35748
33248,44405,35764
33200,44414,35738
33225,44367,35703
33260,44404,35724
33345,44420,35703
33338,44429,35719
33288,44414,35687
33288,44408,35693
33246,44413,35669
33217,44428,35663
33180,44375,35649
33152,44447,35656
33144,44439,35609
33240,44444,35623
33272,44391,35628
33252,44452,35599
33268,44437,35604
33276,44431,35578
33292,44428,35588
33300,44388,35561
33192,44400,35556
33124,44455,35564
33156,44468,35526
33202,44467,35536
33260,44449,35512
33257,44463,35508
33256,44456,35524
33241,44399,35492
33204,44420,35496
33172,44465,35486
33100,44469,35492
33060,44477,35460
33056,44477,35461
33156,44482,35436
33240,44486,35428
33224,44477,35372
33174,44471,35428
33137,44469,35452
33164,44458,35392
33152,44490,35392
33084,44485,35416
33084,44480,35360
33108,44484,35366
33133,44492,35365
33204,44432,35349
33185,44496,35364
33160,44500,35312
33108,44472,35311
33100,44485,35325
33084,44431,35276
33036,44504,35274
32972,44500,35272
32992,44506,35249
33049,44492,35287
33100,44506,35222
33088,44502,35218
33060,44437,35198
33068,44511,35212
33016,44500,35236
32956,44492,35192
32884,44484,35224
32872,44500,35173
32894,44516,35210
32974,44524,35162
33052,44524,35172
33022,44516,35146
32984,44505,35142
32932,44488,35127
32889,44500,35124
32840,44500,35101
32760,44537,35113
32724,44541,35128
32702,44532,35096
32725,44532,35116
32770,44543,35079
32780,44544,35108
32792,44536,35068
32772,44538,35103
32689,44536,35049
32624,44488,35089
32506,44551,35009
32516,44570,35040
32576,44572,35070
32728,44573,35020
32816,44575,35060
32848,44577,35020
32920,44566,35053
32880,44581,34996
32881,44565,34982
32876,44551,34972
32808,44580,35012
32788,44576,34973
32832,44573,35019
32908,44604,34968
33004,44615,34965
32996,44580,34948
32964,44596,34991
32924,44597,34937
32912,44560,34988
32900,44599,34912
32890,44621,34964
32813,44564,34916
32804,44604,34954
32816,44628,34904
32857,44636,34948
32844,44629,34901
32864,44604,34952
32880,44612,34888
32816,44612,34936
32814,44561,34893
32770,44628,34903
32752,44628,34852
32764,44631,34857
32844,44635,34865
32872,44632,34859
32784,44636,34911
32836,44633,34852
32856,44628,34921
32828,44631,34840
32796,44616,34841
32720,44636,34863
32664,44638,34846
32576,44602,34876
32732,44616,34820
32832,44652,34836
32764,44647,34806
32726,44635,34820
32770,44640,34876
32804,44636,34839
32692,44648,34888
32656,44656,34828
32628,44660,34888
32620,44671,34821
32689,44613,34884
32720,44610,34828
32703,44603,34838
32652,44609,34807
32588,44671,34788
32497,44671,34807
32420,44669,34797
32184,44664,34805
32084,44672,34879
32264,44633,34789
32476,44697,34810
32637,44673,34860
32736,44687,34789
33192,44633,34828
33852,44660,34865
34438,44693,34832
34689,44711,34894
34828,44733,34834
35192,44748,34865
36110,44732,34809
37152,44772,34823
37840,44798,34910
37072,44812,34866
35860,44828,34909
35844,44828,34855
36452,44833,34856
37060,44844,34880
37544,44807,34860
38848,44832,34861
39924,44833,34847
39184,44837,34919
37504,44828,34855
35476,44836,34908
33568,44831,34847
32208,44828,34880
31334,44833,34830
30868,44843,34793
30628,44852,34844
30572,44844,34796
30596,44856,34807
30676,44861,34782
30728,44794,34796
30752,44823,34768
30676,44789,34839
30657,44791,34801
30592,44858,34797
30565,44844,34781
30488,44857,34772
30504,44861,34852
30532,44844,34796
30616,44862,34828
30696,44860,34813
30732,44855,34818
30712,44873,34865
30688,44861,34844
30708,44868,34917
30696,44807,34882
30608,44807,34944
30620,44802,34908
30652,44824,34988
30684,44853,34948
30748,44887,35002
30752,44893,34980
30696,44880,35055
30720,44868,35016
30756,44856,35064
30724,44870,35014
30639,44886,35016
30633,44895,35084
30684,44899,35040
30748,44879,35064
30804,44911,35020
30760,44884,35040
30748,44893,34999
30740,44892,35036
30672,44831,35069
30712,44845,35008
30608,44916,35028
30596,44921,34984
30612,44925,34999
30701,44932,34981
30764,44925,34996
30758,44925,35038
30760,44929,35013
30784,44932,35060
30796,44892,35012
30712,44925,35014
30612,44956,35003
30468,44959,35012
30584,44967,35084
30684,44972,35041
30736,44983,35103
30732,44980,35042
30740,44965,35052
30772,44959,35079
30748,44967,35089
30748,44983,35084
30588,44980,35135
30556,44932,35116
30592,44993,35152
30688,45004,35180
30748,44998,35183
30749,44996,35240
30752,44980,35232
30721,44988,35271
30672,44989,35261
30660,44988,35304
30626,45002,35284
30560,45020,35322
30552,45020,35335
30636,44949,35348
30684,45004,35423
30664,45041,35380
30596,45021,35420
30632,45017,35400
30672,45023,35436
30588,44965,35517
30513,44985,35492
30507,45037,35554
30498,45049,35520
30596,45040,35564
30741,45040,35559
30800,45050,35604
30676,45053,35628
30736,45041,35646
30648,45044,35701
30800,45053,35697
30800,44988,35748
30792,45008,35732
30844,45061,35749
30932,45063,35780
31000,45060,35796
31020,45057,35830
30992,45060,35893
31001,45063,35864
31004,45000,35892
31069,45044,35919
30992,45080,35937
30944,45074,35969
31048,45087,35980
31168,45085,36016
31224,45077,35992
31252,45048,36039
31376,45093,36065
31424,45095,36061
31516,45063,36080
31644,45088,36111
31736,45096,36160
31848,45053,36122
31992,45118,36178
32176,45116,36166
32372,45103,36190
32468,45100,36186
32537,45085,36221
32640,45092,36204
32764,45093,36218
32832,45047,36249
32892,45111,36248
32956,45108,36289
33072,45112,36276
33224,45124,36266
33376,45116,36268
33424,45093,36301
33500,45095,36292
33516,45100,36324
33508,45040,36252
33582,45117,36300
33568,45110,36341
33510,45110,36316
33508,45108,36337
33569,45119,36317
33676,45126,36343
33700,45118,36385
33700,45049,36348
33684,45127,36357
33692,45109,36384
33652,45111,36377
33584,45116,36389
33544,45132,36377
33520,45125,36380
33564,45133,36408
33660,45134,36404
33676,45139,36436
33632,45133,36412
33616,45063,36444
33568,45085,36420
33528,45119,36460
33412,45143,36452
33272,45156,36480
33348,45154,36479
33428,45150,36488
33460,45134,36480
33445,45144,36504
33436,45148,36539
33412,45076,36533
33377,45142,36552
33324,45153,36524
33237,45164,36565
33220,45156,36548
33260,45167,36573
33352,45168,36565
33372,45140,36575
33332,45157,36604
33285,45161,36583
33204,45167,36614
33220,45161,36603
33254,45165,36576
33212,45181,36608
33192,45181,36607
33220,45191,36629
33252,45181,36608
33332,45184,36596
33280,45127,36606
33320,45116,36601
33296,45188,36615
33252,45188,36596
33196,45169,36614
33160,45157,36597
33072,45191,36576
33116,45191,36606
33116,45196,36576
33166,45196,36612
33232,45215,36588
33264,45167,36596
33240,45220,36581
33124,45207,36580
33116,45204,36585
33000,45220,36615
33040,45220,36584
33052,45219,36615
33085,45220,36581
33128,45225,36599
33136,45228,36569
33125,45222,36556
33113,45181,36588
33124,45191,36552
33024,45216,36577
32972,45237,36552
32933,45245,36576
32884,45238,36540
32944,45236,36540
32972,45237,36527
33016,45244,36529
32924,45239,36516
32952,45248,36538
32976,45244,36492
32960,45242,36480
32904,45261,36484
32876,45252,36482
32916,45261,36479
32944,45276,36445
32940,45237,36420
32832,45215,36425
32880,45271,36392
32840,45265,36397
32824,45272,36372
32800,45260,36386
32824,45267,36340
32784,45280,36346
32764,45287,36300
32782,45300,36308
32590,45279,36268
32776,45284,36288
32784,45287,36252
32772,45281,36281
32696,45240,36220
32742,45284,36232
32685,45319,36184
32664,45309,36176
32552,45312,36135
32636,45319,36143
32752,45319,36100
32772,45316,36127
32809,45285,36048
32793,45318,36053
32777,45309,36033
32724,45311,36015
32700,45349,36033
32606,45319,35988
32632,45340,36008
32701,45351,35940
32748,45352,35964
32764,45335,35904
32768,45340,35877
32668,45283,35860
32669,45351,35869
32632,45348,35832
32585,45361,35840
32536,45364,35790
32548,45351,35800
32609,45380,35759
32692,45356,35749
32693,45372,35740
32604,45373,35708
32608,45318,35703
32634,45308,35695
32504,45380,35708
32440,45380,35658
32416,45388,35615
32466,45335,35636
32504,45412,35596
32542,45380,35637
32540,45399,35582
32480,45340,35575
32488,45341,35547
32436,45412,35572
32472,45415,35514
32440,45413,35528
32408,45422,35476
32416,45429,35455
32480,45369,35477
32508,45372,35436
32476,45394,35441
32442,45431,35404
32456,45428,35406
32448,45429,35393
32438,45380,35345
32364,45457,35376
32320,45447,35316
32360,45448,35327
32392,45469,35303
32460,45444,35320
32448,45473,35284
32428,45447,35287
32404,45465,35244
32396,45428,35261
32392,45479,35303
32304,45487,35240
32244,45481,35217
32272,45492,35277
32340,45503,35201
32432,45504,35164
32364,45439,35200
32316,45490,35252
32296,45509,35197
32276,45523,35215
32280,45501,35165
32112,45526,35132
32048,45520,35168
32061,45528,35152
32100,45534,35182
32172,45544,35124
32132,45552,35092
32044,45552,35158
32016,45550,35116
32068,45511,35160
32144,45565,35101
32056,45572,35105
32064,45575,35060
32157,45572,35062
32232,45591,35132
32280,45520,35056
32284,45539,35020
32284,45596,35053
32240,45575,35008
32244,45588,35031
32240,45606,35088
32111,45591,35034
32148,45608,35076
32204,45623,35000
32268,45593,35069
32256,45624,34989
32250,45625,35020
32244,45637,34977
32253,45644,34975
32262,45621,35044
32229,45645,34967
32144,45585,35012
32040,45671,34948
32057,45660,34996
32100,45671,34921
32133,45607,34929
32160,45684,34940
32168,45671,34936
32144,45670,35015
32156,45612,34922
32152,45660,34921
32000,45687,34996
32012,45628,34940
32120,45700,34996
32120,45703,34909
32156,45703,34956
32160,45701,34917
32128,45696,34924
32128,45704,35014
32166,45692,34948
32116,45703,34948
32032,45671,34909
31996,45724,34935
31992,45711,35020
32052,45733,34946
32096,45732,35009
32076,45737,34967
32060,45679,35012
32032,45737,34959
32036,45732,34996
32038,45735,34927
31952,45748,34988
31929,45698,34935
31872,45775,34996
31908,45768,34941
31861,45781,34940
31748,45765,34921
31528,45780,34908
31392,45765,34993
31516,45756,34926
31652,45756,34972
31580,45786,34885
31636,45797,34867
32032,45809,34900
32608,45807,34873
33088,45821,34912
33360,45831,34908
33552,45831,34868
33965,45856,34940
34884,45860,34860
35916,45892,34823
36524,45853,34836
35776,45927,34813
34652,45953,34893
34952,45981,34822
35916,45988,34773
36908,45981,34781
37793,45956,34757
38944,45941,34769
39505,45940,34728
38368,45912,34748
36529,45972,34687
34616,45964,34689
32800,45983,34716
31618,45988,34648
30956,45989,34712
30556,45991,34620
30340,45942,34681
30332,46005,34560
30324,45991,34612
30318,45989,34485
30288,46012,34471
30236,46016,34402
30224,46022,34384
30270,46007,34336
30321,46008,34416
30321,46012,34287
30336,45956,34263
30360,46005,34212
30344,46021,34241
30332,46012,34152
30264,46018,34216
30250,46020,34125
30292,46036,34148
30410,46046,34022
30468,46040,33983
30465,45985,33954
30460,46052,33915
30476,46044,33897
30472,46044,33869
30468,46036,33956
30448,46005,33824
30408,46068,33880
30384,46068,33772
30464,46014,33701
30532,46077,33717
30520,46079,33624
30524,46081,33615
30460,46060,33529
30488,46087,33568
30500,46061,33440
30468,46087,33360
30424,46024,33349
30485,46117,33276
30516,46124,33333
30552,46119,33220
30520,46132,33262
30448,46136,33108
30540,46101,33159
30552,46116,32997
30524,46077,33045
30452,46149,32928
30390,46136,32948
30398,46157,32839
30468,46164,32820
30532,46158,32775
30505,46173,32717
30480,46111,32641
30502,46113,32720
30496,46164,32629
30432,46183,32653
30264,46186,32528
30233,46124,32484
30333,46207,32544
30392,46208,32461
30384,46215,32549
30421,46162,32391
30388,46239,32391
30384,46215,32245
30390,46220,32263
30388,46236,32167
30332,46183,32176
30316,46233,32120
30340,46260,32151
30400,46273,32097
30436,46269,32190
30400,46215,32026
30380,46247,32020
30428,46277,31957
30470,46255,31987
30454,46299,32076
30404,46302,31913
30344,46301,31864
30373,46280,32000
30421,46300,31751
30508,46328,31784
30529,46332,31746
30512,46271,31750
30480,46336,31804
30516,46333,31720
30508,46324,31824
30456,46340,31640
30420,46284,31692
30489,46372,31554
30560,46353,31595
30678,46367,31745
30732,46324,31552
30741,46389,31617
30780,46391,31525
30790,46367,31608
30820,46375,31552
30820,46388,31684
30836,46400,31554
30884,46348,31663
30928,46384,31522
31044,46428,31627
31088,46435,31516
31060,46431,31632
31140,46432,31502
31208,46400,31560
31240,46447,31445
31230,46439,31546
31260,46455,31414
31352,46471,31463
31472,46439,31495
31616,46468,31502
31688,46471,31549
31717,46397,31473
31784,46471,31389
31871,46471,31463
31933,46471,31388
31976,46471,31473
31992,46420,31473
32076,46442,31488
32232,46509,31520
32352,46503,31509
32436,46511,31584
32517,46428,31458
32548,46517,31548
32584,46513,31489
32604,46525,31641
32604,46516,31449
32640,46521,31486
32661,46557,31652
32749,46560,31536
32854,46562,31477
32852,46549,31510
32864,46560,31663
32884,46500,31490
32852,46561,31541
32852,46552,31495
32812,46565,31552
32804,46516,31680
32838,46520,31543
32908,46564,31518
32960,46599,31540
32932,46599,31641
32888,46592,31577
32900,46590,31612
32904,46540,31627
32884,46613,31736
32844,46599,31653
32800,46620,31751
32793,46588,31631
32836,46636,31772
32892,46599,31700
32900,46628,31792
32852,46629,31716
32852,46632,31812
32840,46620,31713
32868,46629,31784
32808,46636,31704
32728,46612,31836
32736,46668,31720
32789,46647,31866
32884,46584,31891
32900,46661,31836
32852,46652,32007
32856,46644,31903
32836,46654,32007
32820,46652,31929
32764,46661,31974
32733,46679,31910
32772,46628,31996
32832,46690,31946
32912,46675,32032
32886,46621,32187
32880,46688,32039
32928,46676,32100
32924,46681,32041
32908,46629,32128
32852,46703,32090
32848,46692,32165
32893,46697,32176
32948,46719,32240
33012,46703,32304
32988,46705,32214
32984,46676,32253
32948,46698,32258
32948,46700,32300
32932,46685,32442
32901,46720,32300
32877,46716,32354
32908,46694,32245
32976,46740,32318
33028,46735,32258
33060,46709,32369
33034,46727,32268
33025,46735,32350
33026,46665,32326
33012,46720,32429
32941,46751,32336
32948,46733,32497
32996,46757,32397
33024,46759,32396
33136,46703,32388
33124,46726,32517
33084,46764,32414
33012,46757,32421
32992,46756,32382
33008,46759,32319
32968,46777,32533
32936,46716,32357
32953,46776,32332
33040,46789,32412
33081,46791,32365
33076,46763,32326
33086,46777,32514
33124,46764,32365
33096,46780,32328
33088,46792,32337
33045,46796,32286
33024,46800,32468
33044,46740,32325
33108,46781,32220
33157,46804,32285
33168,46783,32239
33184,46792,32420
33164,46800,32286
33152,46807,32232
33112,46805,32257
33076,46809,32217
33054,46821,32116
33080,46788,32312
33153,46809,32148
33224,46817,32105
33240,46820,32205
33200,46812,32129
33148,46756,32076
33144,46772,32084
33112,46836,31990
33060,46800,32152
33040,46818,32022
33089,46833,31985
33104,46772,31935
33146,46841,31818
33112,46836,31908
33092,46825,31828
33074,46820,31856
33086,46751,31702
33060,46823,31772
33040,46844,31668
33048,46845,31734
33056,46850,31697
33132,46851,31809
33228,46847,31568
33233,46781,31615
33225,46775,31502
33208,46791,31596
33200,46844,31488
33164,46852,31649
33092,46848,31492
33080,46855,31540
33068,46845,31432
33124,46855,31566
33188,46847,31420
33200,46868,31480
33208,46819,31344
33172,46853,31417
33196,46855,31343
33176,46853,31433
33112,46807,31328
33064,46828,31300
33060,46871,31263
33117,46868,31256
33204,46847,31133
33192,46876,31238
33146,46878,31196
33128,46864,31361
33128,46855,31192
33100,46868,31093
33016,46865,31276
32961,46864,31176
33024,46881,31174
33112,46813,31119
33188,46800,31012
33188,46823,31120
33180,46799,31071
33176,46869,31221
33252,46878,31076
33248,46876,30997
33212,46837,31204
33212,46874,31032
33253,46876,31007
33364,46880,31111
33440,46884,31030
33388,46907,31039
33348,46896,30909
33320,46893,31124
33304,46864,31028
33344,46855,30992
33325,46892,30976
33280,46896,30894
33260,46909,31020
33268,46909,30910
33292,46897,31032
33276,46836,30937
33268,46833,31105
33284,46837,31031
33308,46845,30954
33316,46912,31007
33308,46893,30925
33280,46900,31042
33317,46913,30926
33344,46939,31044
33404,46901,31133
33397,46908,31007
33384,46924,31077
33364,46924,30984
33357,46840,31117
33372,46924,31013
33332,46916,31108
33284,46928,31141
33308,46933,31136
33348,46940,31138
33452,46940,31215
33464,46908,31332
33440,46920,31168
33376,46938,31320
33308,46933,31189
33280,46855,31280
33232,46928,31192
33176,46932,31320
33204,46943,31444
33248,46948,31342
33281,46934,31447
33280,46957,31348
33288,46941,31417
33248,46945,31348
33088,46879,31453
32797,46956,31389
32552,46940,31500
32524,46948,31449
32604,46964,31548
32532,46909,31600
32505,46975,31644
32620,46971,31738
32944,46972,31653
33212,46975,31600
33308,46960,31696
33564,46983,31633
33896,46997,31740
34524,46996,31684
35376,46969,31841
36036,47028,31833
35356,47050,31945
34416,47073,31868
34400,47079,31800
35284,47057,31908
36596,47052,31882
37700,47005,31948
38612,47032,31912
39324,47012,31996
38972,47029,31948
37932,47028,32041
36621,47028,32000
35204,47023,32153
33944,47032,32156
33100,47020,32057
32548,46964,32188
32168,47028,32200
31900,47028,32121
31712,47032,32292
31696,47036,32245
31744,47048,32305
31836,47044,32244
31804,47021,32208
31772,46973,32272
31744,47020,32222
31706,47032,32335
31700,47038,32300
31660,47028,32409
31648,47031,32335
31674,47023,32382
31710,47050,32350
31784,47057,32464
31832,47041,32390
31904,47021,32556
31918,47031,32442
31860,47044,32567
31816,46996,32415
31856,47028,32577
31884,47060,32497
31908,47063,32610
31818,47071,32480
31812,47069,32492
31772,47048,32641
31728,47045,32515
31760,47036,32472
31836,47041,32636
31900,47039,32572
31844,47051,32682
31776,47045,32594
31792,47029,32700
31848,47064,32600
31892,47061,32613
31925,47045,32623
31933,47048,32704
31912,46996,32634
31924,47032,32753
31916,47065,32624
31876,47056,32621
31844,47054,32644
31879,47073,32656
31980,47060,32822
32032,47050,32700
32060,47056,32641
32032,47057,32723
31980,46976,32684
31936,47056,32764
31904,47007,32808
31837,47041,32965
31792,47077,32884
31812,47050,32876
31878,47073,32902
31948,47077,32897
31996,47079,33116
31968,47064,33001
31968,47074,32994
31932,47004,33117
31900,47028,33150
31824,47061,33269
31818,47092,33208
31903,47089,33301
31984,47076,33287
32088,47092,33366
32176,47057,33365
32220,47105,33380
32194,47080,33473
32068,47084,33480
31920,47033,33576
31836,47111,33562
31753,47110,33727
31780,47108,33702
31880,47111,33872
32029,47111,33805
32148,47111,33940
32213,47045,33897
32244,47048,33968
32293,47104,33927
32372,47136,33957
32329,47110,34095
32284,47125,34105
32317,47072,34172
32332,47160,34119
32436,47111,34204
32540,47149,34232
32648,47148,34292
32688,47143,34446
32708,47140,34344
32736,47148,34394
32726,47142,34391
32608,47173,34460
32573,47162,34481
32685,47168,34540
32800,47120,34545
32884,47180,34660
32964,47188,34653
33044,47170,34748
33037,47168,34756
33088,47124,34925
33066,47191,34874
33085,47161,35005
33104,47204,34949
33140,47133,35089
33133,47124,35016
33164,47140,35049
33148,47202,35199
33160,47185,35180
33160,47180,35308
33160,47127,35284
33168,47215,35358
33192,47201,35324
33316,47208,35444
33510,47221,35420
33628,47148,35581
33661,47215,35524
33705,47220,35594
33736,47209,35624
33832,47196,35640
33884,47205,35732
33884,47174,35712
33888,47231,35773
33966,47209,35820
33964,47230,35903
34032,47239,35905
34181,47239,35984
34264,47173,35988
34264,47180,36090
34209,47165,36060
34180,47245,36161
34148,47239,36141
34168,47247,36173
34217,47260,36314
34304,47265,36260
34284,47204,36375
34236,47231,36344
34164,47229,36329
34040,47284,36409
34093,47273,36405
34132,47277,36492
34112,47278,36473
34072,47292,36592
34052,47296,36540
34036,47306,36560
34080,47304,36673
34069,47312,36639
34038,47316,36697
34021,47239,36663
34032,47287,36688
33992,47349,36802
33900,47320,36756
33856,47332,36757
33860,47351,36871
33954,47344,36831
33980,47357,36871
33924,47364,36871
33864,47364,36905
33884,47296,36988
33904,47367,36949
33920,47377,36948
33980,47393,37032
33988,47391,37013
33924,47348,37018
33901,47416,37061
33921,47383,37048
33901,47400,37101
33904,47404,37108
33896,47380,37132
33840,47420,37157
33768,47441,37221
33600,47446,37196
33636,47449,37200
33632,47451,37281
33552,47455,37252
33572,47469,37253
33644,47464,37330
33644,47477,37320
33700,47476,37302
33752,47472,37400
33744,47487,37366
33688,47495,37359
33652,47495,37444
33664,47517,37418
33744,47524,37478
33796,47453,37445
33828,47463,37460
33789,47525,37500
33708,47534,37504
33608,47528,37573
33572,47533,37553
33628,47532,37607
33632,47540,37587
33584,47555,37639
33544,47554,37598
33588,47492,37628
33568,47524,37644
33488,47553,37639
33486,47529,37710
33544,47494,37700
33580,47509,37725
33536,47536,37734
33460,47564,37745
33461,47579,37799
33477,47593,37775
33572,47623,37782
33572,47623,37836
33544,47644,37800
33536,47637,37830
33536,47615,37863
33452,47572,37853
33384,47586,37837
33350,47613,37889
33340,47645,37886
33400,47612,37895
33444,47620,37908
33441,47681,37923
33413,47693,37900
33413,47687,37980
33430,47695,37976
33440,47696,37937
33376,47702,37956
33360,47717,37988
33316,47733,37991
33308,47734,37968
33360,47741,37952
33360,47751,38000
33344,47748,37961
33308,47751,37944
33280,47751,38023
33192,47764,37957
33092,47772,37956
33056,47780,38007
33040,47789,37956
33124,47797,37956
33236,47833,37936
33273,47824,37982
33288,47837,37932
33304,47832,37942
33288,47845,37936
33272,47844,37957
33204,47853,37895
33200,47826,37904
33228,47873,37900
33316,47868,37913
33384,47873,37870
33364,47895,37911
33344,47879,37845
33264,47892,37845
33232,47896,37836
33244,47876,37805
33198,47896,37801
33148,47908,37743
33136,47912,37799
33108,47933,37748
33113,47860,37790
33104,47903,37733
33144,47935,37711
33172,47918,37700
33157,47920,37684
33188,47949,37724
33152,47945,37676
33088,47950,37702
33044,47959,37639
33066,47972,37663
33132,47909,37598
33189,47912,37591
33116,47991,37592
33084,47944,37548
33064,47981,37600
33056,47992,37529
32958,47940,37564
32920,48015,37500
32904,48024,37440
32956,48033,37481
32996,48046,37432
33028,48027,37423
32992,48026,37364
32960,48016,37351
32970,48024,37336
32936,48037,37301
32904,48045,37364
32896,48048,37260
32886,48002,37225
32884,48090,37221
32886,48092,37180
32896,48100,37196
32872,48087,37164
32824,48088,37196
32718,48092,37101
32496,48098,37080
32160,48108,37127
31884,48124,37035
31848,48068,36972
31988,48135,36975
31968,48156,36944
31820,48129,36986
31956,48135,36932
32544,48152,36998
33168,48161,36892
33416,48110,36929
33844,48198,36844
34384,48231,36856
35044,48248,36816
35841,48263,36782
36760,48277,36781
36536,48319,36828
35313,48324,36724
34548,48340,36704
34584,48328,36668
35172,48332,36688
35812,48329,36710
37200,48324,36615
38628,48319,36572
38708,48328,36676
37672,48329,36574
36372,48336,36588
35152,48285,36516
34000,48279,36476
33012,48285,36485
32320,48269,36460
31768,48280,36543
31288,48303,36452
30982,48303,36474
30889,48292,36455
30900,48304,36396
30896,48303,36342
30820,48301,36436
30784,48391,36356
30753,48389,36412
30733,48340,36345
30672,48388,36412
30636,48404,36324
30620,48412,36359
30632,48412,36292
30684,48420,36253
30700,48423,36373
30652,48417,36269
30648,48421,36336
30644,48423,36228
30660,48414,36201
30640,48436,36294
30621,48415,36188
30612,48412,36148
30688,48409,36260
30736,48444,36128
30716,48448,36081
30708,48469,36089
30744,48423,36095
30732,48454,36044
30724,48468,35994
30716,48484,36068
30665,48484,36003
30668,48498,36004
30733,48504,35911
30824,48505,35876
30832,48519,36001
30824,48464,35824
30812,48439,35835
30836,48505,35805
30853,48432,35748
30856,48485,35701
30844,48488,35740
30828,48553,35661
30872,48564,35684
30892,48508,35620
30892,48544,35580
30909,48565,35704
30892,48528,35556
30908,48498,35548
30940,48484,35476
30888,48576,35615
30849,48580,35513
30844,48597,35487
30932,48601,35455
31006,48596,35591
31012,48607,35449
30996,48612,35442
30984,48605,35566
31012,48615,35472
31008,48608,35468
30948,48629,35414
30896,48622,35581
30920,48644,35495
31004,48645,35447
31080,48647,35623
31078,48647,35504
31048,48640,35557
31080,48647,35512
31076,48623,35672
31116,48653,35608
31076,48637,35625
31049,48663,35636
31052,48673,35624
31136,48688,35749
31212,48685,35671
31268,48707,35650
31352,48695,35813
31374,48695,35705
31389,48696,35869
31392,48647,35752
31396,48647,35732
31420,48732,35788
31508,48724,35789
31578,48740,35917
31686,48673,35794
31764,48656,35832
31824,48728,35815
31924,48741,35868
31984,48741,35847
31988,48743,35935
32000,48749,35822
32032,48708,35814
32120,48717,35917
32252,48709,35876
32396,48775,35908
32504,48780,35847
32556,48788,35880
32594,48781,35929
32632,48718,35841
32716,48799,35836
32709,48799,35960
32712,48812,35868
32772,48775,35823
32864,48748,35968
32956,48828,35829
33032,48836,35844
33080,48825,35772
33108,48832,35940
33120,48824,35797
33132,48828,35761
33148,48840,35863
33160,48853,35805
33228,48860,35729
33300,48869,35792
33416,48860,35720
33465,48869,35869
33504,48788,35777
33520,48845,35844
33568,48866,35718
33588,48864,35693
33600,48876,35772
33608,48879,35732
33644,48864,35733
33728,48900,35743
33832,48888,35677
33904,48892,35772
33948,48892,35719
33976,48903,35788
33988,48902,35668
33996,48903,35684
33960,48925,35684
33928,48927,35656
33956,48882,35788
34009,48928,35698
34088,48929,35617
34084,48871,35688
34040,48928,35744
34068,48932,35702
34032,48934,35658
33985,48864,35820
33916,48881,35727
33860,48945,35812
33852,48928,35695
33872,48935,35830
33940,48941,35680
33944,48932,35645
33949,48941,35716
33928,48943,35679
33892,48943,35812
33848,48940,35717
33782,48947,35821
33748,48964,35716
33736,48968,35812
33744,48985,35705
33836,48935,35808
33828,48935,35711
33804,48920,35705
33804,48940,35726
33744,48994,35685
33708,48984,35645
33684,48997,35770
33660,48996,35664
33629,49012,35727
33648,49015,35641
33724,49009,35617
33760,49029,35684
33761,49019,35609
33748,49012,35718
33744,49031,35652
33744,49028,35760
33684,49029,35637
33632,49042,35574
33661,49048,35662
33748,49053,35588
33824,49048,35733
33812,49060,35620
33764,49046,35649
33765,49052,35582
33756,49060,35663
33752,49056,35553
33700,49061,35499
33676,49018,35524
33689,49080,35552
33760,49084,35504
33848,49095,35560
33848,49069,35492
33860,49080,35438
33868,49084,35457
33872,49072,35409
33870,49071,35508
33864,49080,35432
33856,49082,35512
33832,49088,35385
33940,49054,35367
34046,49096,35385
34072,49096,35356
34068,49087,35469
34056,49088,35300
34084,49092,35257
34077,49093,35392
34012,49088,35260
34004,49104,35187
34004,49108,35257
34044,49108,35220
34136,49073,35121
34128,49096,35156
34112,49104,35098
34132,49108,35197
34116,49108,35125
34100,49124,35012
34084,49132,35068
34040,49100,35040
34020,49125,35145
34060,49135,34988
34118,49121,35088
34116,49094,34919
34076,49150,34927
34028,49141,34882
33948,49132,34928
33880,49060,34819
33828,49140,34823
33776,49149,34777
33768,49151,34782
33776,49156,34720
33828,49149,34668
33792,49132,34660
33740,49156,34702
33736,49159,34592
33764,49159,34556
33829,49109,34640
33860,49103,34528
33870,49093,34524
33872,49172,34405
33984,49191,34619
34096,49180,34431
34108,49172,34439
34068,49159,34368
34036,49188,34495
34036,49191,34340
34028,49156,34262
34040,49116,34439
34012,49196,34270
34001,49192,34268
34020,49205,34213
34054,49206,34205
34056,49207,34164
34032,49207,34276
33984,49207,34100
33920,49205,34068
33884,49204,34164
33784,49207,34021
33732,49216,34021
33756,49208,33917
33856,49205,33929
33936,49231,34028
33965,49226,33881
33960,49232,33804
33952,49231,33948
33932,49242,33869
33856,49216,33764
33784,49159,33764
33700,49253,33664
33680,49196,33844
33724,49253,33647
33792,49268,33589
33772,49255,33737
33740,49252,33638
33725,49245,33530
33724,49248,33393
33700,49245,33560
33620,49268,33415
33568,49252,33327
33552,49287,33448
33549,49287,33332
33648,49285,33396
33648,49296,33220
33656,49261,33089
33596,49256,33297
33584,49277,33148
33532,49287,33094
33456,49300,33073
33376,49236,32904
33280,49233,32988
33132,49255,32889
33004,49247,32980
33053,49268,32908
33180,49255,32838
33272,49236,32661
33224,49269,32796
33380,49304,32725
33940,49324,32665
34688,49337,32668
35364,49349,32608
35926,49332,32550
36180,49376,32569
36492,49389,32505
37312,49401,32324
38222,49404,32498
38936,49415,32373
38400,49444,32236
37520,49441,32260
37552,49409,32324
38152,49466,32229
38844,49476,32152
39740,49458,32105
41356,49447,32142
41704,49447,32044
40168,49432,32165
38008,49382,32020
35808,49441,31884
33848,49468,32068
32392,49467,31916
31566,49452,31765
31088,49465,31926
30892,49484,31820
30804,49444,31686
30768,49461,31721
30708,49456,31583
30676,49458,31751
30644,49464,31623
30584,49461,31554
30536,49487,31423
30520,49496,31603
30560,49496,31516
30604,49493,31333
30621,49492,31509
30624,49495,31449
30608,49484,31270
30580,49466,31530
30588,49406,31348
30548,49409,31313
30517,49446,31393
30478,49468,31304
30538,49415,31156
30620,49413,31256
30648,49376,31239
30624,49373,31128
30640,49377,31188
30648,49442,31154
30646,49450,31014
30608,49447,31220
30572,49458,31079
30586,49460,30905
30612,49452,31053
30664,49436,30972
30672,49432,30804
30668,49413,31017
30620,49437,30902
30624,49424,30876
30614,49428,30806
30584,49444,30649
30524,49449,30743
30500,49452,30605
30516,49436,30773
30616,49448,30668
30624,49433,30457
30612,49435,30588
30580,49435,30421
30559,49425,30567
30548,49415,30522
30504,49424,30476
30444,49432,30462
30436,49415,30286
30453,49445,30431
30516,49452,30380
30520,49460,30369
30484,49459,30332
30452,49365,30270
30416,49424,30127
30392,49424,30374
30336,49432,30241
30288,49403,30164
30309,49451,30068
30344,49372,30215
30384,49364,30152
30368,49432,29988
30368,49380,30159
30364,49401,30116
30336,49381,29928
30304,49351,30209
30244,49373,30070
30180,49358,29860
30204,49458,30111
30244,49450,29981
30284,49453,29839
30240,49454,29988
30184,49444,29929
30164,49447,29768
30140,49430,29908
30096,49436,29868
30024,49437,29669
29966,49433,29813
29988,49415,29764
29988,49430,29579
30052,49437,29772
30068,49405,29700
30044,49436,29570
30052,49432,29604
30008,49368,29682
29980,49440,29628
29965,49448,29425
29960,49472,29605
29956,49474,29526
30004,49466,29431
30061,49463,29473
30057,49456,29411
30052,49448,29324
30068,49452,29429
30086,49440,29381
30120,49452,29221
30114,49461,29373
30124,49439,29321
30188,49391,29234
30300,49389,29298
30428,49401,29240
30552,49404,29248
30712,49382,29263
30900,49397,29180
31072,49424,29358
31238,49448,29220
31412,49447,29110
31609,49453,29188
31813,49457,29020
32120,49464,29228
32424,49460,29164
32644,49456,29037
32820,49440,29183
33024,49444,29138
33222,49372,28951
33398,49408,29133
33529,49451,29064
33648,49450,29041
33792,49461,29084
33944,49450,29107
34064,49454,28905
34156,49436,29112
34272,49437,29085
34392,49416,28909
34400,49434,29062
34376,49441,29044
34420,49432,29000
34441,49446,29103
34428,49439,28956
34488,49420,29145
34605,49424,29020
34620,49434,29101
34596,49424,29023
34520,49415,28900
34576,49415,29092
34584,49432,28912
34480,49382,29036
34368,49426,28910
34336,49444,29060
34360,49415,28916
34468,49434,29104
34433,49426,29005
34404,49424,28822
34396,49415,29024
34321,49415,28938
34156,49420,29101
34072,49432,28979
34072,49356,29102
34292,49388,28973
34416,49459,29088
34400,49447,28968
34324,49436,29094
34260,49440,28980
34197,49432,28929
34192,49445,28953
34152,49358,28857
34068,49428,28940
34020,49450,28773
34044,49456,28927
34044,49460,28805
34202,49456,28925
34289,49415,28768
34268,49476,28902
34164,49442,28752
33972,49447,28924
33876,49448,28748
33928,49407,28905
33764,49393,28917
33784,49484,28952
33786,49478,28932
33852,49472,28845
33860,49468,28932
33952,49408,28997
34032,49479,28964
33913,49474,28837
33840,49479,28964
33772,49475,28807
33796,49478,28983
33836,49415,28816
33933,49441,29000
33940,49503,28878
33964,49473,29025
33788,49472,28892
33933,49478,29036
33866,49476,28925
33920,49415,29092
33604,49496,28948
33380,49493,29116
33489,49511,29006
33844,49517,29156
34004,49440,29017
33776,49517,29205
33624,49524,29158
33724,49489,29199
33837,49511,29305
34048,49500,29231
33840,49519,29360
33306,49528,29404
33268,49511,29436
33521,49543,29616
33692,49524,29532
33600,49540,29589
33500,49477,29463
33431,49540,29656
33469,49529,29560
33448,49530,29750
33292,49472,29872
33204,49550,29777
33192,49549,29972
33268,49556,29859
33308,49540,30025
33156,49543,29935
33084,49543,30073
33216,49467,30069
33284,49549,30180
33184,49532,30336
33144,49543,30262
33168,49567,30429
33204,49556,30337
33484,49543,30436
33716,49591,30374
33560,49575,30404
33472,49575,30284
33492,49580,30492
33468,49524,30584
33484,49596,30404
33412,49613,30536
33504,49597,30490
33536,49548,30471
33544,49628,30579
33561,49612,30508
33585,49605,30612
33648,49540,30632
33628,49601,30639
33572,49621,30692
33516,49608,30516
33461,49629,30634
33260,49564,30800
33408,49654,30580
33453,49654,30673
33372,49653,30656
33268,49652,30679
33364,49647,30703
33464,49572,30831
33300,49623,30588
33128,49653,30724
33242,49641,30884
33392,49671,30726
33328,49669,30757
33340,49615,30916
33360,49689,30689
33312,49671,30796
33384,49664,30819
33412,49687,30836
33376,49671,30986
33212,49671,30772
33540,49684,30863
33292,49671,30976
32877,49695,30757
32920,49709,30924
33208,49695,30945
33360,49660,31081
33016,49708,30825
33088,49700,30983
33428,49635,31065
33157,49716,30863
32800,49719,31044
32916,49640,31116
32928,49742,30920
32800,49721,31093
32572,49736,31183
32597,49732,30945
32612,49724,31045
32596,49711,31109
32738,49732,30972
33076,49709,31111
33092,49727,31098
33328,49663,31141
34093,49764,31184
34932,49757,30999
35220,49764,31144
35140,49719,31252
35580,49799,31128
36580,49805,31177
37616,49808,30991
38788,49836,31128
38908,49860,30981
38200,49836,31103
38396,49888,31248
38510,49903,30941
39348,49911,31092
40436,49901,31092
41484,49887,30917
42252,49857,31041
40928,49812,31020
38340,49860,31074
35920,49869,30965
33284,49889,31033
31572,49824,30860
31032,49895,30892
30568,49885,30689
29704,49886,30829
29068,49903,30880
30456,49877,30688
31716,49865,30708
30518,49871,30581
29381,49868,30660
29424,49881,30703
30490,49841,30565
30440,49875,30516
30082,49796,30284
30520,49868,30375
30520,49857,30244
30465,49844,30327
30684,49861,30136
31069,49792,30188
30080,49865,29956
29884,49860,30073
30029,49792,29984
29928,49892,29983
30062,49885,29989
30384,49869,29790
30420,49828,29895
29872,49847,29895
30080,49838,29740
30596,49864,29849
29880,49861,29814
28869,49781,29745
28596,49885,29793
28052,49864,29832
28508,49879,29673
29006,49869,29780
29377,49877,29554
29804,49856,29646
29584,49880,29438
29304,49788,29572
30032,49868,29465
31592,49856,29485
31580,49885,29548
30964,49895,29273
30356,49896,29300
30336,49895,29092
29397,49876,29180
29060,49881,29061
30256,49873,29044
30828,49796,28938
30036,49798,28898
29598,49887,28911
29256,49902,28620
28360,49892,28633
28192,49903,28516
28448,49831,28495
29804,49888,28544
31172,49860,28238
31400,49884,28332
29814,49888,28093
28528,49892,28198
27672,49892,27988
29168,49910,28022
30224,49813,27815
30408,49847,27916
31680,49908,27740
32280,49852,27664
31932,49884,27469
32005,49895,27526
31116,49900,27501
29556,49833,27417
30536,49860,27466
30560,49872,27297
29504,49913,27310
30716,49927,27189
32620,49937,27261
30536,49914,27104
29284,49917,27060
29278,49927,27057
28844,49927,27104
29316,49845,26925
29320,49948,26923
29357,49927,26752
28921,49951,26873
29224,49953,26692
28100,49876,26852
28644,49927,26808
30436,49944,26846
31664,49945,26876
30744,49918,26808
29680,49927,26612
29022,49948,26780
29384,49959,26604
30720,49959,26784
30956,49975,26616
29936,49892,26773
29888,49977,26623
29556,49936,26780
29800,49958,26772
30088,49958,26801
30836,49965,26777
30828,49981,26786
29456,49903,26712
29728,49988,26804
30040,49956,26812
29040,49993,26618
29092,49895,26752
29776,49984,26735
29656,49936,26775
30628,49977,26844
32108,49980,26705
32609,49988,26753
31944,49989,26754
32728,50005,26789
32040,49975,26782
31828,49987,26672
33488,49998,26840
33696,50023,26791
33232,49964,26903
34152,50013,26720
34652,50015,26825
33680,50025,26665
33748,49959,26884
35072,50031,26980
34934,50017,26844
34292,49956,26920
34828,50036,26788
35112,50002,27006
35660,50006,26820
35532,50026,27081
35136,50039,27000
34428,49965,27169
34686,50052,27241
35760,50028,27237
35764,50036,27412
35000,50036,27276
34840,49961,27452
35044,50016,27404
35496,50041,27637
34976,50024,27524
34964,50028,27767
35044,50055,27905
34166,50045,27908
34324,50064,28060
34592,49986,27926
34424,50069,28180
34496,50055,28260
35072,50015,28146
35164,50047,28428
35248,50048,28519
33385,50071,28457
34574,50076,28635
35116,50087,28766
33276,50081,28733
33856,50092,28918
34008,50093,28876
33276,50093,29076
34072,50085,28929
34912,50088,29191
34272,50086,29348
33880,50111,29226
33156,50036,29442
33728,50078,29426
33100,50095,29644
32116,50140,29535
33816,50085,29684
34596,50128,29665
33756,50084,29902
34220,50125,29849
33796,50143,29945
34196,50141,29958
34344,50151,30116
33900,50167,30044
32844,50085,30144
32860,50143,30111
33748,50161,30030
33640,50175,30224
33548,50149,30060
34364,50165,30278
35160,50172,30156
34684,50109,30305
35356,50149,30192
35404,50221,30340
33462,50220,30213
32748,50183,30401
32836,50205,30296
32932,50212,30456
33320,50200,30356
33748,50119,30526
32576,50212,30396
33636,50199,30596
32624,50228,30676
32264,50221,30501
33214,50166,30665
32834,50196,30727
33304,50237,30704
34188,50165,30784
34392,50180,30760
35400,50234,30784
35000,50216,30893
35532,50207,31063
33600,50260,30830
33820,50247,31060
34640,50175,31124
35461,50261,30964
34440,50260,31166
33244,50277,31220
32388,50260,31417
32440,50248,31239
32920,50183,31391
34500,50268,31486
31700,50279,31460
31529,50213,31556
30656,50289,31700
31032,50279,31548
32064,50205,31718
31861,50289,31932
34096,50261,31751
33800,50275,31878
33814,50206,31844
34524,50284,31940
32912,50296,32052
33760,50285,31944
35504,50273,32128
35112,50309,32110
35556,50228,32229
35184,50222,32184
33600,50311,32320
32476,50292,32516
32112,50305,32297
32556,50268,32480
31965,50325,32568
31944,50316,32425
32832,50308,32585
33926,50311,32469
33436,50325,32660
34220,50240,32712
34292,50340,32577
33036,50316,32756
34608,50311,32850
34304,50263,32698
33240,50340,32825
33832,50324,33022
35060,50343,32848
35040,50279,32936
33684,50296,33007
33052,50345,33047
33248,50341,33188
33061,50335,32989
32688,50343,33113
32672,50340,33095
33248,50361,33207
32684,50364,33287
32844,50292,33225
34200,50332,33352
35052,50366,33253
34244,50377,33338
31952,50360,33249
31240,50377,33415
31012,50383,33401
30664,50311,33480
31040,50353,33496
31688,50396,33512
32360,50360,33540
32640,50382,33652
33072,50417,33478
33204,50404,33578
33444,50399,33593
33160,50403,33632
32012,50325,33739
32688,50412,33620
33320,50405,33669
32388,50426,33660
31860,50372,33734
33044,50437,33812
35108,50417,33662
33676,50414,33817
33680,50383,33756
32288,50438,33832
32036,50417,33985
32375,50348,33761
32437,50457,33880
33736,50466,33920
33404,50468,33964
32284,50423,33997
32636,50503,33990
34312,50517,34023
34148,50516,34069
34988,50544,33940
35144,50557,34080
34636,50596,34167
34636,50567,34066
35516,50628,34226
37376,50612,34154
39324,50596,34288
41140,50580,34180
42220,50581,34337
41256,50568,34218
38240,50540,34172
35592,50532,34233
33496,50608,34145
31596,50564,34308
31041,50589,34190
30776,50614,34328
30380,50592,34252
30416,50567,34374
30336,50588,34231
30596,50593,34311
30462,50589,34465
30477,50580,34303
30172,50588,34345
30100,50604,34540
30016,50580,34337
29840,50601,34438
30101,50576,34498
30232,50499,34478
30284,50504,34508
30681,50567,34564
30945,50564,34490
30456,50567,34638
29717,50557,34630
30008,50559,34764
30856,50564,34733
30836,50516,34880
30452,50562,34823
30108,50551,34988
29764,50552,34916
30320,50543,35021
30520,50547,35012
30684,50525,35116
30840,50537,35042
30008,50476,35190
30504,50541,35205
30168,50552,35396
30108,50536,35276
30216,50476,35415
30033,50540,35364
29784,50528,35471
29942,50535,35452
29980,50503,35535
29904,50502,35636
30104,50533,35647
30100,50462,35719
29984,50548,35748
30176,50532,35788
30240,50543,35828
30222,50549,35970
31020,50525,35964
30320,50541,36084
29704,50533,36034
29852,50533,36208
30130,50536,36136
30180,50484,36269
29942,50520,36167
29944,50567,36172
30108,50554,36249
29940,50559,36237
29980,50559,36309
30544,50540,36492
30572,50457,36349
29996,50562,36405
30060,50556,36477
30312,50567,36465
30036,50508,36608
30136,50567,36548
30516,50565,36606
30573,50513,36676
30424,50567,36644
30312,50548,36764
30032,50551,36639
29924,50553,36712
30008,50567,36788
29576,50524,36807
29812,50566,36777
29936,50576,36856
29801,50567,36957
29720,50510,36981
29729,50557,37127
29865,50524,37072
30080,50557,37239
30108,50508,37175
30112,50580,37316
30168,50577,37296
29756,50573,37440
29808,50585,37364
29992,50525,37514
29929,50596,37508
30080,50556,37597
30189,50567,37612
29988,50485,37700
29661,50588,37857
29772,50591,37860
29621,50583,38036
29925,50588,38012
30144,50577,38167
30124,50592,38148
29874,50582,38292
29748,50596,38277
29988,50584,38404
30240,50518,38392
30124,50599,38516
30128,50561,38532
30120,50600,38672
30068,50607,38685
30204,50614,38828
30501,50620,38817
30640,50548,38932
30848,50528,38952
30981,50560,39021
31168,50620,39134
31480,50632,39128
31692,50624,39253
31712,50649,39261
31976,50605,39333
32268,50605,39460
32184,50631,39484
32252,50632,39614
32533,50643,39624
32928,50588,39665
33076,50632,39748
33096,50648,39801
33176,50649,39877
33112,50657,39941
33288,50610,39996
33984,50652,40079
34081,50647,40136
33652,50660,40216
33384,50640,40264
33368,50654,40327
33624,50644,40358
34092,50640,40419
33804,50648,40455
33432,50661,40532
33709,50651,40541
33848,50669,40583
34400,50596,40612
34444,50671,40641
33988,50597,40692
33048,50648,40698
32860,50567,40724
33010,50671,40783
33344,50668,40799
33344,50652,40852
33576,50667,40823
33524,50669,40862
33425,50668,40863
33364,50652,40868
33509,50657,40916
33284,50640,40911
33029,50660,40948
33480,50653,40936
33732,50670,40944
33180,50679,40956
32972,50661,40950
32934,50679,40957
33124,50596,40957
33160,50647,40933
32984,50648,40953
33057,50644,40880
33280,50640,40948
33260,50612,40931
33136,50662,40932
33200,50652,40900
33188,50652,40928
32980,50668,40883
32860,50607,40892
32892,50672,40852
32924,50671,40871
33152,50653,40824
33131,50663,40814
32860,50629,40784
32716,50654,40789
32797,50671,40761
33032,50695,40762
32864,50687,40724
33036,50652,40724
33208,50695,40677
33388,50668,40641
33172,50668,40636
33317,50593,40604
33008,50692,40591
32956,50676,40552
33002,50682,40556
32932,50693,40518
32840,50620,40532
33060,50713,40487
32852,50695,40503
32904,50685,40428
32805,50689,40436
33000,50608,40388
33072,50700,40417
32420,50692,40327
32552,50633,40308
32696,50725,40245
32981,50719,40245
33000,50695,40199
32936,50708,40172
32992,50636,40161
33052,50724,40120
33072,50695,40112
32797,50716,40052
32820,50720,40053
33032,50727,39968
33453,50734,39920
33380,50748,39919
33068,50679,39864
33048,50711,39902
33096,50757,39800
33009,50758,39799
33068,50727,39717
32668,50752,39738
32329,50752,39648
32704,50712,39676
32920,50694,39566
32776,50711,39583
32784,50783,39447
32800,50785,39428
32656,50754,39420
32753,50770,39354
32508,50785,39342
32494,50789,39256
32586,50791,39189
32544,50729,39173
32981,50812,39108
33292,50813,39165
33032,50823,39052
32964,50836,39088
33052,50776,38952
33288,50823,38868
32932,50844,38887
32604,50852,38799
32756,50806,38807
32968,50887,38713
32945,50861,38732
32900,50865,38652
32889,50895,38695
32912,50900,38541
32789,50887,38534
32856,50903,38472
32880,50927,38482
32605,50892,38400
32544,50906,38361
32740,50877,38269
32956,50852,38263
32884,50945,38197
32728,50919,38188
32740,50940,38258
32736,50925,38108
32676,50945,38100
32908,50927,38021
32932,50951,38064
32820,50936,37975
32652,50961,37945
32688,50947,38025
32832,50965,37909
32748,50973,37949
32676,50983,37855
32644,50956,37909
32740,50969,37772
32780,50900,37778
32828,50991,37767
32436,50989,37828
32332,50968,37701
32696,51015,37665
32740,51015,37624
32790,50977,37639
32936,51002,37711
32696,50913,37542
32685,51005,37559
32377,50988,37636
32448,51004,37469
32328,50992,37519
32308,51036,37608
32440,51017,37428
32540,50972,37436
32556,51032,37540
32584,51015,37364
32468,51028,37372
32412,50975,37487
32312,50976,37356
32392,51026,37316
32464,51053,37272
32329,51055,37375
32656,51068,37313
33025,50997,37352
33384,51071,37255
33616,51108,37315
33520,51111,37188
33708,51124,37252
34388,51128,37164
35312,51166,37188
35868,51191,37132
35837,51228,37140
34864,51260,37077
34933,51172,37127
35344,51276,37044
36380,51267,37076
37948,51253,37102
39993,51207,37049
41456,51245,36974
40824,51232,37009
38368,51252,37069
35840,51193,36999
33600,51288,37061
32176,51268,36900
31397,51263,36919
30988,51222,37030
30592,51263,36871
30516,51276,36950
30581,51260,36807
30440,51290,36868
30574,51287,36768
30372,51296,36871
30384,51271,36720
30446,51305,36749
30392,51281,36620
30540,51300,36744
30548,51298,36608
30452,51301,36644
30468,51269,36558
30468,51256,36645
30480,51298,36512
30524,51309,36588
30604,51317,36466
30660,51264,36509
30434,51327,36328
30360,51301,36408
30432,51317,36278
30580,51319,36296
30652,51319,36204
30624,51316,36236
30477,51327,36160
30560,51292,36201
30708,51351,36092
30784,51349,36116
30752,51335,36120
30656,51255,36084
30576,51320,36184
30620,51335,35948
30656,51335,35948
30808,51269,35844
30616,51375,35857
30477,51361,35860
30664,51380,35780
30684,51335,35895
31028,51380,35701
30961,51376,35706
30486,51381,35540
30580,51319,35599
30748,51389,35417
30544,51376,35485
30496,51397,35481
30502,51308,35408
30584,51341,35508
30749,51416,35305
30560,51423,35265
30624,51348,35207
30577,51416,35204
30892,51396,35264
30928,51423,35101
30680,51447,35073
30560,51436,35116
30548,51364,34982
30660,51463,35012
30784,51440,34823
31040,51364,34897
31040,51460,34900
30844,51455,34725
30728,51463,34784
30881,51444,34855
30776,51408,34757
30513,51479,34714
30516,51485,34729
30572,51473,34701
30652,51481,34732
30653,51407,34596
30592,51509,34636
30776,51500,34469
30720,51477,34588
30764,51495,34624
30808,51508,34584
30948,51527,34559
30976,51519,34488
30732,51463,34472
30540,51517,34508
30825,51520,34616
30936,51441,34407
30964,51536,34449
31106,51512,34572
31176,51460,34412
31080,51552,34432
30957,51537,34477
30844,51515,34431
31060,51580,34541
31024,51541,34301
30964,51556,34356
31233,51567,34399
31340,51559,34281
31428,51481,34321
31376,51565,34320
31364,51573,34304
31392,51589,34292
31192,51591,34436
31240,51572,34198
31436,51591,34248
31716,51517,34280
31664,51590,34242
31400,51589,34320
31716,51584,34156
31692,51591,34180
31920,51584,34173
32212,51598,34164
32284,51572,34276
32252,51590,34054
32060,51615,34101
32216,51540,33973
32401,51612,34073
32761,51564,33996
32944,51604,34028
32984,51526,33960
33172,51620,34028
33242,51609,34038
33256,51636,33980
33492,51636,34023
33652,51624,33799
33656,51636,33959
33748,51632,34047
33776,51615,33816
33728,51634,33881
33760,51561,33740
33624,51638,33862
33712,51647,33784
33840,51650,33841
33720,51584,33751
33888,51663,33812
33992,51657,33924
34113,51647,33735
34132,51612,33889
34260,51676,33799
34138,51648,33924
33924,51670,33799
33800,51655,33892
33844,51704,33703
33924,51660,33772
33696,51709,33680
33664,51707,33756
33728,51693,33764
33620,51628,33676
33636,51719,33713
33812,51677,33722
33948,51719,33740
33828,51663,33868
33696,51748,33589
33512,51749,33716
33692,51669,33731
33992,51772,33756
33708,51752,33821
33433,51681,33591
33404,51749,33708
33369,51769,33750
33632,51735,33637
33984,51796,33730
33648,51772,33633
33398,51804,33725
33500,51719,33676
33624,51816,33753
33605,51796,33821
33613,51812,33612
33500,51777,33728
33460,51805,33663
33440,51820,33712
33576,51753,33773
33396,51845,33604
33352,51847,33748
33720,51788,33875
33732,51876,33701
33816,51863,33777
33738,51847,33887
33476,51856,33728
33568,51791,33828
33632,51884,33829
33544,51884,33792
33528,51902,33856
33678,51841,33983
33656,51917,33796
33657,51914,33865
33664,51916,33924
33724,51889,33922
33712,51912,33943
33556,51924,33814
33564,51847,33927
33672,51950,33796
33776,51966,33985
33805,51948,33846
33832,51975,33980
33757,51972,33933
33552,51959,34028
33600,51924,34178
33629,51988,34033
33744,51985,34086
33624,52015,33973
33460,51960,34110
33472,51935,33981
33477,51948,34149
33332,52025,34060
33412,52038,34196
33524,52020,34087
33676,52025,34272
33788,52012,34117
33692,52025,34230
33592,52030,34272
33744,51961,34299
33724,52060,34308
33744,52013,34185
33904,52045,34304
33897,52047,34204
33800,52068,34316
33712,52052,34250
33752,51975,34368
33576,52085,34402
33448,52080,34373
33556,52079,34432
33500,52084,34284
33632,52028,34392
33688,52124,34437
33650,52103,34420
33632,52100,34475
33679,52071,34353
33668,52112,34484
33444,52111,34509
33628,52036,34471
33548,52144,34534
33568,52125,34389
33660,52148,34519
33736,52144,34548
33704,52100,34573
33733,52164,34580
33853,52154,34528
33836,52160,34526
33676,52188,34567
33648,52180,34695
33608,52129,34478
33577,52184,34632
33596,52229,34653
33608,52252,34486
33780,52228,34620
33784,52255,34598
33752,52172,34646
33709,52261,34773
33780,52257,34576
33752,52276,34692
33505,52300,34529
33372,52292,34637
33476,52310,34649
33516,52325,34676
33428,52316,34764
33356,52260,34514
33416,52348,34660
33508,52308,34616
33444,52340,34668
33492,52263,34751
33481,52356,34528
33416,52352,34653
33372,52373,34788
33509,52396,34555
33608,52389,34634
33648,52397,34772
33628,52392,34573
33488,52396,34632
33400,52404,34567
33376,52445,34516
33420,52445,34566
33500,52367,34601
33450,52472,34713
33468,52465,34452
33360,52391,34616
33573,52496,34591
33692,52452,34545
33560,52487,34576
33586,52413,34560
33602,52472,34692
33496,52438,34553
33480,52508,34439
33520,52528,34581
33568,52484,34544
33504,52508,34660
33424,52535,34449
33376,52452,34540
33520,52551,34379
33560,52538,34540
33468,52556,34556
33394,52534,34368
33388,52580,34493
33416,52567,34636
33624,52597,34421
33580,52545,34486
33646,52615,34412
33524,52596,34487
33468,52604,34588
33528,52556,34333
33316,52564,34452
33224,52624,34566
33356,52572,34404
33448,52588,34516
33356,52672,34306
33300,52646,34424
33532,52669,34463
33420,52681,34364
33253,52676,34412
33168,52676,34268
33360,52668,34421
33480,52708,34420
33376,52713,34348
33280,52640,34365
33292,52732,34374
33284,52720,34508
33144,52684,34250
32932,52719,34373
32924,52730,34408
33021,52661,34176
33000,52740,34309
32740,52743,34325
32757,52781,34274
33096,52780,34266
33468,52782,34288
33732,52789,34240
33900,52724,34276
33860,52829,34390
34440,52836,34096
35422,52836,34260
36164,52884,34332
36596,52917,34093
35892,52932,34223
35236,52871,34239
35780,52965,34172
37032,52973,34196
38404,52912,34252
40008,52952,34025
41437,52956,34173
41416,52904,34180
39840,52960,34244
37824,52928,33988
35772,52996,34159
34029,52989,34145
32788,52921,33994
32100,52999,34057
31816,52999,34108
31644,52916,33912
31664,52999,34085
31700,52999,34108
31564,53021,34020
31536,52942,34143
31528,53031,33988
31620,53053,34127
31712,53043,33884
31716,52965,33961
31676,52964,33824
31616,53053,33948
31652,53036,33799
31641,53017,33903
31580,53037,33756
31572,53076,33874
31532,53068,33709
31468,53089,33841
31528,53021,33686
31596,53103,33865
31584,53108,33725
31532,53084,33917
31232,53101,33796
31296,52999,33634
31588,53112,33744
31604,53121,33852
31461,53060,33620
31477,53151,33701
31540,53124,33522
31620,53149,33644
31704,53056,33462
31716,53161,33589
31598,53156,33655
31572,53157,33482
31572,53168,33578
31456,53148,33381
31368,53188,33444
31388,53193,33237
31536,53193,33332
31632,53198,33375
31596,53204,33198
31552,53143,33316
31520,53175,33180
31508,53191,33192
31460,53220,32988
31432,53228,33048
31384,53224,32866
31469,53220,33055
31581,53225,32918
31608,53244,32892
31640,53152,32836
31612,53247,32684
31560,53248,32742
31540,53229,32568
31640,53246,32655
31648,53271,32495
31552,53279,32581
31592,53255,32497
31737,53204,32484
31736,53246,32432
31701,53295,32370
31640,53284,32352
31572,53293,32400
31540,53221,32248
31597,53328,32281
31640,53309,32156
31665,53341,32140
31742,53356,31916
31852,53336,32025
31876,53364,31824
31848,53277,31936
31892,53348,31853
31872,53311,31909
31940,53374,31702
31988,53287,31782
31944,53383,31609
31976,53367,31692
32028,53413,31488
32084,53351,31601
32188,53428,31388
32212,53416,31524
32184,53425,31300
32232,53381,31440
32241,53447,31220
32272,53415,31367
32240,53452,31248
32186,53416,31318
32224,53421,31239
32240,53484,31239
32352,53508,31007
32412,53464,31185
32408,53503,31029
32417,53500,31137
32424,53412,30936
32460,53511,31082
32400,53489,30894
32344,53535,31045
32372,53528,30921
32460,53498,31009
32576,53567,30825
32648,53551,30983
32729,53561,30896
32708,53464,30988
32724,53511,30948
32789,53580,30981
32792,53575,30989
32744,53508,30948
32720,53597,31044
32957,53612,30976
33168,53589,30953
33184,53605,30988
33272,53612,30940
33308,53576,30999
33304,53614,31004
33264,53629,31028
33177,53630,31111
33188,53637,31049
33305,53607,31080
33424,53663,30910
33692,53655,31096
33757,53660,31044
33805,53629,31149
33856,53668,31162
33920,53620,31213
34044,53668,31297
33984,53590,31249
33993,53692,31311
34068,53665,31326
34064,53695,31366
34152,53612,31216
34280,53688,31422
34296,53668,31364
34333,53692,31529
34352,53609,31592
34424,53685,31609
34372,53708,31505
34332,53732,31776
34352,53724,31751
34456,53728,31616
34496,53725,31812
34476,53716,31748
34396,53716,31956
34444,53639,31932
34448,53735,32108
34432,53733,32071
34380,53740,32087
34436,53727,32156
34461,53741,32304
34484,53668,32215
34472,53664,32279
34493,53656,32320
34508,53732,32304
34532,53734,32372
34540,53737,32437
34556,53745,32492
34569,53681,32476
34528,53767,32560
34492,53748,32516
34472,53766,32647
34544,53767,32512
34600,53737,32716
34708,53728,32583
34676,53784,32797
34576,53767,32687
34488,53767,32891
34408,53796,32852
34384,53797,32946
34448,53804,32979
34541,53816,32932
34624,53781,33061
34696,53828,33198
34789,53820,33060
34740,53824,33138
34724,53767,33020
34684,53839,33207
34500,53828,33306
34408,53847,33183
34372,53869,33268
34349,53855,33316
34432,53868,33133
34452,53855,33356
34460,53845,33463
34464,53766,33276
34368,53876,33381
34338,53864,33308
34388,53861,33430
34460,53799,33550
34516,53861,33420
34512,53893,33556
34612,53868,33343
34614,53881,33480
34584,53836,33494
34517,53895,33532
34420,53884,33634
34340,53880,33556
34328,53895,33460
34260,53828,33540
34252,53879,33373
34262,53900,33556
34308,53916,33384
34332,53925,33557
34364,53916,33429
34352,53895,33594
34264,53895,33533
34209,53908,33573
34188,53929,33463
34172,53940,33560
34248,53957,33404
34308,53893,33561
34353,53952,33412
34332,53977,33551
34304,54007,33404
34252,53981,33564
34240,54012,33415
34244,54023,33532
34201,53955,33380
34136,53981,33543
34084,54084,33380
34136,54040,33515
34204,54095,33417
34204,54092,33519
34136,54047,33362
34112,54073,33485
34224,54105,33333
34196,54121,33473
34164,54132,33411
34168,54151,33469
34112,54167,33504
34100,54151,33391
34148,54151,33524
34100,54141,33388
34156,54095,33473
34156,54172,33356
34104,54193,33313
34048,54188,33316
34005,54180,33287
34036,54205,33284
33952,54125,33129
33968,54167,33217
34088,54215,33017
34044,54215,33181
33988,54215,33005
33936,54172,33153
33844,54180,33037
33848,54197,33175
33812,54189,33092
33752,54196,32932
33856,54205,33031
33964,54204,32880
33948,54190,33061
33936,54205,32937
33892,54215,32935
33848,54172,32717
33837,54196,32884
33744,54215,32782
33788,54126,32857
33774,54188,32740
33765,54222,32799
33825,54213,32820
33830,54213,32568
33792,54222,32732
33708,54212,32828
33724,54205,32545
33744,54124,32662
33681,54218,32748
33616,54212,32625
33560,54230,32647
33576,54220,32415
33593,54249,32566
33657,54183,32533
33628,54231,32495
33578,54232,32425
33559,54164,32496
33496,54233,32287
33452,54233,32452
33404,54230,32464
33384,54167,32296
33349,54230,32417
33373,54245,32397
33421,54240,32391
33360,54247,32405
33284,54191,32391
33252,54244,32431
33184,54233,32335
33209,54240,32415
33196,54173,32280
33093,54222,32380
33120,54260,32249
33344,54232,32343
33405,54254,32117
33352,54252,32304
33308,54263,32276
33268,54252,32313
33264,54212,32319
33308,54242,32324
33280,54252,32174
33280,54254,32285
33272,54256,32124
33288,54204,32277
33269,54215,32117
33241,54253,32281
33232,54236,32164
33221,54236,32300
33168,54141,32396
33108,54213,32301
33014,54248,32182
32912,54224,32279
32900,54239,32085
32972,54204,32272
33064,54257,32130
33005,54257,32263
32948,54240,32125
32984,54159,32284
32990,54248,32294
32916,54245,32244
32892,54262,32376
32900,54188,32264
32872,54278,32343
32884,54260,32096
32917,54191,32271
32929,54279,32300
32892,54256,32074
32888,54181,32284
32896,54278,32309
32856,54233,32121
32801,54275,32257
32721,54212,32348
32662,54279,32208
32628,54272,32292
32700,54212,32173
32717,54295,32283
32592,54279,32380
32644,54272,32263
32776,54204,32317
32780,54279,32098
32664,54278,32287
32600,54295,32273
32520,54279,32084
32324,54279,32276
32040,54192,32316
31760,54293,32101
31552,54279,32273
31569,54276,32215
31472,54197,32252
31292,54301,32273
31364,54236,32119
31916,54279,32276
32680,54309,32096
33128,54247,32311
33837,54300,32321
34744,54332,32300
35704,54320,32404
36756,54343,32301
37973,54292,32298
38120,54388,32128
37160,54376,32330
36689,54392,32380
36704,54373,32167
37076,54400,32336
37336,54383,32245
38180,54372,32369
39060,54364,32437
38928,54346,32249
37904,54338,32381
36544,54268,32193
35292,54348,32394
34148,54357,32210
33145,54348,32414
32460,54351,32373
31964,54344,32440
31508,54250,32500
31121,54348,32455
30944,54349,32348
30868,54330,32460
30796,54309,32260
30816,54316,32481
30788,54333,32396
30656,54272,32498
30556,54343,32548
30628,54316,32493
30724,54308,32534
30676,54328,32320
30636,54292,32558
30680,54215,32609
30754,54327,32356
30728,54311,32582
30672,54318,32693
30652,54234,32532
30676,54324,32682
30720,54311,32580
30748,54324,32646
30736,54278,32532
30744,54240,32712
30740,54333,32629
30676,54328,32629
30596,54278,32555
30588,54348,32630
30620,54329,32594
30712,54343,32621
30768,54348,32519
30893,54340,32582
30836,54248,32436
30760,54335,32562
30744,54343,32392
30728,54340,32528
30684,54273,32506
30660,54356,32526
30692,54278,32504
30752,54350,32463
30762,54262,32504
30808,54351,32389
30788,54360,32517
30729,54345,32305
30700,54245,32455
30672,54348,32387
30625,54333,32444
30588,54348,32466
30620,54279,32412
30702,54363,32516
30868,54340,32284
30828,54244,32484
30780,54343,32516
30792,54326,32373
30748,54324,32458
30760,54297,32484
30737,54324,32473
30756,54321,32391
30808,54318,32495
30888,54329,32509
30948,54279,32516
30972,54331,32553
30980,54300,32329
30976,54301,32535
30988,54228,32551
31025,54324,32408
31013,54324,32602
31008,54303,32388
31008,54309,32554
31032,54298,32623
31080,54236,32381
31230,54296,32553
31328,54279,32572
31332,54279,32472
31316,54287,32537
31304,54308,32556
31256,54303,32557
31300,54279,32524
31460,54264,32549
31576,54308,32532
31684,54276,32487
31736,54279,32500
31740,54309,32495
31813,54279,32310
31900,54219,32484
31948,54311,32413
31960,54309,32497
32016,54303,32552
32132,54313,32396
32294,54224,32439
32484,54309,32332
32536,54319,32424
32568,54279,32263
32676,54279,32416
32800,54276,32287
32856,54233,32391
32876,54278,32251
32920,54301,32361
33048,54268,32179
33116,54279,32346
33180,54279,32407
33228,54279,32223
33188,54279,32192
33256,54264,32300
33284,54248,32333
33240,54268,32068
33153,54266,32296
33032,54223,32340
32997,54279,32266
32996,54279,32329
33020,54260,32256
32960,54256,32336
32888,54252,32178
32829,54241,32220
32788,54224,32237
32788,54225,32113
32780,54140,32225
32720,54244,32028
32716,54199,32215
32737,54224,32229
32796,54229,32181
32880,54193,32243
32856,54220,32135
32888,54214,32212
32984,54197,32144
32968,54205,32239
32960,54196,32104
32912,54129,32254
32944,54212,32184
33064,54204,32289
33156,54189,32356
33160,54209,32284
33228,54109,32300
33280,54204,32119
33253,54164,32342
33173,54177,32359
33049,54109,32150
32980,54175,32375
33156,54188,32390
33196,54193,32390
33185,54176,32424
33188,54167,32212
33248,54076,32397
33276,54172,32359
33284,54151,32424
33236,54150,32392
33172,54140,32444
33136,54101,32372
33196,54164,32449
33104,54172,32321
33164,54158,32566
33220,54167,32492
33196,54143,32462
33120,54108,32489
33148,54129,32497
33168,54135,32510
33129,54052,32544
33096,54143,32381
33072,54127,32516
33069,54132,32328
33124,54052,32540
33134,54143,32612
33152,54124,32362
33180,54124,32557
33152,54117,32572
33144,54023,32579
33176,54135,32504
33072,54113,32612
33037,54124,32604
33048,54053,32631
33116,54133,32613
33124,54068,32644
33104,54111,32716
33124,54112,32580
33132,54101,32685
33108,54012,32504
33092,54111,32692
33100,54088,32500
33160,54120,32711
33240,54081,32548
33288,54097,32745
33308,54103,32628
33218,54102,32765
33284,54088,32669
33208,54095,32775
33172,54071,32791
33125,54105,32805
33004,54095,32869
33092,54092,32781
33292,54091,32888
33396,54086,32703
33360,54015,32868
33348,54036,32695
33384,54084,32913
33372,54068,32965
33301,54063,32836
33304,54063,32966
33324,54022,32856
33348,54063,32981
33320,54022,33073
33300,54023,32961
33424,54015,32992
33516,53967,32964
33516,54004,33023
33504,53988,33050
33500,53991,32879
33484,53991,33052
33388,53935,32893
33428,54004,33108
33444,53999,33189
33480,53989,33092
33496,53985,33181
33460,53916,33024
33484,53977,33181
33400,53956,33154
33456,53965,33237
33360,53948,33330
33344,53974,33157
33420,53991,33270
33420,53972,33322
33484,53980,33228
33568,53964,33330
33612,53966,33468
33593,53964,33240
33608,53919,33424
33532,53965,33484
33464,53951,33309
33484,53951,33492
33480,53863,33576
33524,53948,33527
33572,53957,33575
33672,53927,33588
33704,53936,33604
33674,53925,33565
33656,53936,33683
33653,53919,33799
33524,53927,33716
33412,53855,33799
33352,53908,33640
33433,53942,33799
33492,53911,33693
33500,53925,33882
33432,53916,33791
33453,53860,33933
33520,53833,33783
33592,53895,33989
33484,53925,33888
33368,53901,34068
33316,53901,34156
33446,53916,33989
33568,53853,34189
33552,53887,34210
33532,53895,34064
33548,53889,34300
33596,53886,34390
33525,53876,34196
33504,53892,34428
33516,53888,34468
33572,53860,34432
33576,53884,34520
33676,53880,34655
33676,53804,34606
33524,53895,34681
33496,53889,34580
33440,53876,34753
33400,53861,34614
33308,53845,34750
33322,53885,34866
33328,53853,34813
33272,53876,34972
33264,53878,35116
33344,53881,34878
33408,53853,35092
33536,53860,35216
33612,53767,35031
33542,53870,35185
33500,53861,35372
33472,53777,35117
33524,53878,35292
33557,53863,35335
33568,53871,35380
33633,53863,35353
33700,53767,35438
33732,53856,35564
33780,53828,35412
33784,53846,35504
33704,53846,35476
33640,53780,35588
33640,53887,35728
33640,53860,35623
33668,53799,35745
33668,53860,35688
33628,53846,35742
33588,53852,35716
33476,53845,35858
33453,53760,35719
33428,53860,35789
33412,53804,35628
33437,53853,35800
33520,53852,35880
33552,53799,35695
33580,53848,35825
33552,53838,35992
33509,53831,35745
33440,53753,35844
33436,53838,35935
33604,53812,35881
33569,53828,35945
33546,53767,35885
33576,53837,35965
33576,53836,35844
33560,53812,35943
33572,53724,35815
33444,53821,35940
33460,53812,35874
33436,53796,35980
33372,53813,35909
33365,53760,35982
33372,53812,36001
33404,53801,35998
33428,53801,36110
33432,53807,35949
33380,53767,36036
33340,53789,35916
33256,53780,35986
33184,53696,35928
33036,53804,35994
32808,53789,36093
32704,53793,35944
32796,53804,36095
33048,53727,35984
33136,53812,36087
33088,53767,35974
33241,53767,35948
33760,53780,35965
34448,53736,36022
35004,53807,35932
35280,53822,35975
35436,53821,35852
36120,53834,35940
37317,53767,35952
38424,53863,35932
38988,53885,35965
38188,53879,35920
37452,53895,36020
37692,53860,35873
38168,53872,35996
38648,53936,35805
39480,53895,35952
40996,53901,35832
41268,53909,35949
39796,53908,35745
37816,53912,35884
35700,53830,35705
33796,53908,35760
32464,53911,35645
31584,53881,35692
31120,53911,35512
30928,53919,35637
30892,53919,35628
30920,53924,35581
30929,53895,35544
30894,53916,35540
30900,53825,35550
30944,53919,35358
30872,53909,35440
30712,53908,35548
30725,53837,35399
30816,53908,35237
30860,53840,35325
30884,53933,35330
30816,53927,35269
30880,53924,35148
30960,53900,35216
30952,53887,35052
30892,53895,35172
30793,53894,35014
30740,53884,35189
30752,53925,35132
30877,53911,34983
30892,53911,35172
30888,53900,35060
30928,53805,35093
30868,53888,34913
30860,53895,34997
30782,53895,34828
30732,53879,34969
30840,53895,35089
30892,53892,34909
30912,53815,34936
31048,53884,34787
31084,53894,34864
31084,53823,34972
31032,53861,34804
31036,53863,34848
31072,53863,34636
30966,53868,34760
30888,53767,34653
30848,53876,34741
30944,53852,34720
31070,53860,34559
30984,53857,34676
30972,53757,34526
30976,53788,34672
31032,53852,34576
31024,53837,34655
30968,53847,34664
30928,53759,34481
30965,53860,34644
30924,53844,34700
30944,53830,34621
30932,53853,34700
30896,53839,34491
30836,53761,34631
30880,53856,34450
30832,53860,34591
30742,53855,34442
30844,53849,34612
30884,53763,34694
30888,53861,34452
30932,53784,34585
30924,53852,34733
30885,53767,34487
30895,53868,34585
30900,53860,34421
30924,53791,34577
30788,53832,34425
30660,53829,34641
30632,53836,34567
30708,53848,34694
30845,53861,34564
30864,53767,34695
30792,53848,34539
30724,53796,34485
30656,53825,34621
30644,53860,34551
30644,53863,34565
30616,53840,34375
30685,53868,34610
30708,53877,34512
30732,53884,34380
30732,53894,34558
30746,53823,34463
30709,53895,34620
30664,53880,34511
30664,53895,34412
30664,53841,34524
30708,53829,34472
30742,53924,34643
30776,53924,34533
30844,53908,34372
30880,53909,34564
30848,53921,34460
30840,53828,34649
30944,53933,34543
30996,53932,34429
30928,53932,34489
30856,53940,34528
30948,53927,34380
31112,53934,34549
31204,53941,34465
31340,53908,34676
31428,53940,34576
31560,53919,34528
31700,53933,34552
31853,53935,34444
32096,53860,34573
32248,53957,34488
32332,53944,34580
32612,53951,34592
33000,53940,34601
33196,53944,34567
33213,53864,34588
33364,53956,34725
33588,53885,34512
33720,53924,34692
33884,53949,34492
33992,53941,34584
34064,53887,34410
34120,53916,34585
34288,53976,34528
34424,53964,34601
34460,53955,34695
34540,53949,34504
34592,53956,34635
34584,53929,34460
34552,53971,34581
34541,53968,34721
34576,53975,34485
34640,53927,34601
34702,53989,34535
34704,53964,34636
34652,53895,34652
34592,53991,34488
34548,53895,34470
34525,53973,34637
34544,53911,34588
34572,53964,34657
34548,53972,34588
34520,53927,34611
34581,53975,34778
34568,53932,34663
34556,53963,34774
34492,53893,34654
34412,53967,34688
34344,53937,34540
34345,53948,34680
34284,53969,34716
34208,53949,34493
34280,53861,34672
34324,53967,34794
34316,53941,34620
34228,53959,34684
34256,53868,34540
34308,53929,34653
34272,53935,34581
34228,53938,34677
34165,53895,34800
34172,53948,34672
34176,53934,34728
34112,53941,34652
34116,53853,34799
34168,53943,34663
34132,53920,34718
34188,53925,34550
34212,53951,34624
34044,53926,34761
33980,53942,34658
34052,53932,34732
34040,53973,34463
34024,53935,34647
34028,53940,34790
34036,53951,34477
34012,53940,34661
33992,53940,34676
33984,53892,34507
33916,53937,34656
33917,53908,34631
33932,53927,34644
33980,53948,34498
33928,53889,34673
33952,53949,34788
33916,53935,34648
33916,53932,34696
33944,53936,34537
33968,53927,34664
33872,53926,34777
33777,53879,34695
33764,53950,34729
33758,53924,34552
33761,53940,34708
33804,53957,34655
33812,53864,34727
33756,53895,34761
33736,53944,34749
33716,53916,34806
33740,53852,34604
33710,53940,34748
33640,53924,34663
33656,53943,34756
33740,53892,34806
33756,53964,34665
33700,53968,34823
33600,53948,34741
33668,53908,34880
33708,53932,34804
33632,53948,34630
33580,53941,34845
33544,53959,34809
33564,53962,34823
33660,53970,34833
33636,53960,34653
33564,53957,34816
33580,53928,34657
33584,53964,34818
33556,53960,34676
33513,53956,34817
33404,53952,34668
33336,53964,34813
33416,53974,34729
33512,53964,34823
33516,53895,34689
33504,53951,34836
33412,53980,34728
33476,53956,34818
33541,53957,34691
33436,53981,34799
33300,53895,34845
33272,53988,34740
33356,53977,34788
33472,53980,34733
33473,53908,34812
33420,53956,34916
33368,53983,34801
33376,53984,34832
33345,53988,34628
33320,53996,34777
33236,53925,34764
33212,54023,34869
33204,54020,34776
33236,53984,34865
33252,54010,34717
33240,54000,34877
33209,54008,34749
33248,53933,34820
33184,54023,34709
33144,54004,34751
33081,54020,34661
33016,54021,34768
33056,53948,34657
33148,53999,34837
33185,54032,34716
33168,54016,34823
33064,54017,34676
33060,54012,34818
33076,53960,34679
33021,54040,34789
32900,54023,34567
32864,54023,34657
32880,54052,34503
32944,54037,34657
32960,54045,34741
33076,54047,34489
33024,54031,34629
33024,54023,34468
33089,53956,34616
33137,54048,34471
33020,54048,34628
33050,53973,34647
33140,54020,34423
33280,54040,34588
33332,54056,34468
33272,54039,34607
33172,54047,34627
33244,54010,34461
33356,54045,34569
33072,54047,34393
32996,54045,34564
33036,54079,34405
33088,54062,34558
33116,54060,34637
33112,53972,34459
32964,54079,34536
32960,54052,34373
33012,54048,34548
33020,54065,34427
33036,54052,34446
33000,54007,34510
32984,54044,34424
33044,53997,34441
33100,54079,34535
33104,54054,34311
33080,53965,34477
33044,54023,34516
33025,54039,34305
32972,54055,34457
32948,54055,34397
32872,53977,34452
32876,54068,34508
32940,54049,34274
33008,54023,34452
32996,54060,34562
32920,54040,34397
32936,54052,34510
32925,53954,34324
32868,54023,34396
32820,54050,34419
32756,54015,34379
32764,54069,34485
32788,54039,34372
32780,54052,34449
32800,54060,34384
32652,53997,34487
32584,54062,34369
32536,54048,34384
32432,53975,34220
32316,54068,34358
32260,54063,34204
32504,54087,34385
32664,53997,34176
32688,54095,34329
32733,54053,34185
33181,54072,34341
33776,54045,34244
34240,54092,34352
34524,54097,34356
34712,54040,34324
35192,54136,34368
36388,54159,34192
37572,54151,34309
38268,54204,34140
37508,54199,34311
36764,54148,34310
37024,54228,34324
37432,54215,34317
37996,54213,34300
39068,54141,34112
40664,54196,34284
41000,54181,34203
39404,54196,34292
37360,54207,34084
35140,54183,34268
33116,54183,34357
31904,54176,34093
31216,54084,34255
30752,54183,34240
30472,54165,34247
30380,54177,34112
30360,54140,34217
30404,54098,34281
30492,54172,34068
30480,54175,34201
30389,54156,33996
30308,54085,34137
30312,54140,34212
30332,54045,33983
30308,54143,34121
30228,54088,34009
30260,54141,34104
30296,54134,34021
30273,54151,34113
30372,54141,34096
30408,54133,34100
30432,54072,34167
30428,54124,34101
30352,54108,34055
30229,54117,34085
30212,54095,33948
30392,54116,34069
30373,54118,33940
30374,54124,34076
30444,54076,34094
30428,54124,34071
30404,54092,34077
30364,54100,33900
30408,54104,33937
30500,54094,34041
30449,54023,34049
30412,54118,33877
30480,54108,33997
30548,54105,33967
30564,54112,33840
30496,54092,33949
30479,54096,33949
30528,54082,33890
30488,54107,33927
30421,54038,34036
30400,54114,33722
30414,54102,33900
30464,54020,33889
30528,54116,33828
30540,54111,33732
30492,54124,33857
30437,54104,33872
30400,54111,33662
30456,54124,33838
30428,54108,33832
30332,54039,33816
30320,54116,33736
30376,54087,33796
30428,54119,33789
30416,54023,33792
30388,54101,33790
30396,54055,33586
30344,54117,33772
30340,54118,33765
30241,54079,33700
30184,54081,33693
30230,54133,33720
30232,54132,33700
30240,54117,33669
30292,54135,33736
30280,54145,33498
30240,54127,33680
30256,54124,33716
30196,54103,33477
30072,54116,33644
29930,54052,33614
30024,54164,33456
30092,54148,33584
30104,54084,33588
30094,54113,33448
30080,54143,33557
30098,54132,33345
30049,54144,33519
30016,54125,33305
29976,54148,33480
29972,54143,33391
29905,54149,33433
29940,54180,33423
29973,54161,33358
29992,54093,33354
29974,54144,33371
29993,54167,33412
29972,54140,33223
29969,54140,33308
29928,54165,33181
29872,54161,33273
29888,54183,33253
29908,54191,33185
30000,54192,33177
30068,54191,33214
30116,54151,33321
30120,54205,33000
30080,54188,33148
30133,54200,33196
30162,54117,33121
30220,54212,33128
30328,54207,32926
30532,54201,33047
30764,54216,33049
30964,54215,32973
31128,54226,32985
31292,54205,32775
31460,54212,32943
31664,54214,32808
31808,54215,32912
31960,54222,32854
32156,54237,32869
32324,54217,32964
32524,54151,32753
32720,54174,32775
32870,54240,32820
33014,54248,32754
33173,54233,32782
33344,54188,32518
33433,54244,32662
33464,54228,32580
33512,54255,32615
33592,54245,32681
33712,54200,32524
33828,54228,32540
33900,54196,32472
33888,54231,32508
33941,54224,32479
33992,54238,32469
34000,54247,32304
33924,54188,32413
33916,54253,32479
33984,54245,32239
34016,54272,32335
34080,54236,32156
34088,54261,32281
34012,54279,32196
33941,54188,32248
33908,54271,32097
33924,54215,32178
33902,54256,32160
33784,54279,31957
33745,54301,32092
33816,54279,32101
33892,54303,31977
33917,54300,32052
33888,54277,32093
33856,54279,31927
33812,54304,31980
33724,54301,31919
33576,54245,31772
33546,54317,31932
33736,54304,31901
33792,54340,31792
33788,54319,31805
33736,54325,31789
33692,54312,31751
33630,54318,31765
33628,54325,31726
33590,54301,31625
33521,54364,31716
33516,54356,31660
33544,54373,31628
33516,54356,31694
33560,54381,31593
33572,54375,31578
33580,54372,31393
33500,54367,31508
33602,54372,31306
33548,54388,31485
33440,54399,31442
33468,54327,31449
33516,54420,31475
33592,54392,31246
33580,54407,31362
33552,54325,31329
33484,54429,31336
33508,54417,31252
33436,54350,31284
33420,54407,31280
33393,54424,31248
33332,54436,31268
33336,54368,31209
33428,54423,31111
33472,54455,31178
33448,54441,31124
33404,54446,30951
33398,54429,31097
33380,54439,31111
33324,54455,31028
33236,54367,31065
33304,54473,30916
33324,54469,30972
33412,54468,30884
33396,54383,30964
33400,54473,30996
33416,54452,30886
33384,54471,30953
33296,54391,30838
33245,54489,30937
33192,54484,30780
33168,54489,30825
33192,54492,30644
33280,54407,30805
33336,54416,30727
33312,54504,30758
33252,54488,30748
33244,54501,30740
33156,54493,30744
33164,54504,30793
33228,54516,30714
33176,54439,30663
33156,54468,30677
33200,54527,30470
33208,54535,30631
33202,54516,30573
33224,54519,30620
33228,54489,30588
33180,54458,30584
33164,54521,30600
33076,54500,30556
33172,54509,30471
33202,54517,30532
33220,54453,30530
33292,54525,30505
33349,54517,30551
33308,54494,30385
33256,54496,30435
33240,54423,30320
33212,54516,30393
33152,54471,30270
33162,54509,30396
33208,54453,30350
33216,54525,30364
33236,54519,30409
33264,54508,30308
33268,54407,30301
33248,54469,30155
33188,54503,30282
33136,54488,30077
33089,54494,30265
33088,54511,30192
33108,54531,30232
33153,54496,30159
33188,54509,30178
33184,54516,30016
33160,54495,30181
33184,54492,30108
33220,54496,30150
33140,54447,30078
33028,54533,30141
32988,54516,30172
33064,54535,30086
33133,54455,30135
33176,54487,30082
33136,54566,30032
33104,54529,30060
33168,54549,29804
33124,54468,30048
33080,54482,29834
33036,54580,30014
33002,54544,29808
33004,54572,30023
32980,54576,29951
32928,54575,29959
32929,54527,29997
32916,54580,29753
32844,54567,29978
32832,54580,29793
32828,54501,29953
32708,54531,29756
32556,54592,29973
32592,54612,29953
32772,54613,29872
32876,54580,29937
32928,54586,29711
32924,54592,29929
32912,54584,29754
32929,54509,29895
32860,54615,29741
32760,54623,29892
32706,54574,29732
32804,54615,29896
32964,54623,29852
33033,54552,29892
33000,54631,29976
32992,54620,29888
32948,54621,29935
32936,54616,29680
32876,54637,29860
32908,54628,29752
32864,54554,29845
32848,54623,29764
32840,54644,29833
32876,54637,29740
32872,54636,29844
32804,54573,29630
32828,54663,29856
32836,54624,29832
32800,54644,29678
32732,54601,29848
32738,54660,29864
32758,54652,29754
32752,54559,29832
32884,54663,29940
32928,54637,29662
32908,54652,29849
32856,54628,29777
32772,54647,29842
32780,54624,29879
32748,54652,29824
32696,54588,29813
32704,54663,29678
32844,54636,29837
32900,54661,29830
32844,54653,29824
32836,54584,29934
32820,54556,29855
32776,54660,29839
32726,54663,29862
32676,54645,29748
32736,54663,29848
32744,54657,29860
32804,54663,29809
32908,54671,29825
32840,54588,29703
32657,54676,29856
32576,54628,29886
32561,54647,29869
32364,54663,29944
32280,54592,29833
32416,54663,29841
32468,54663,29696
32480,54660,29868
32604,54663,29777
33044,54663,29838
33636,54663,29781
34004,54663,29872
34308,54589,29909
34700,54692,29850
35344,54701,29928
36380,54692,29834
37400,54716,29964
37620,54748,29775
36560,54683,29908
35936,54687,29877
36428,54717,29726
37340,54756,29860
38128,54745,29688
38988,54738,29879
40214,54725,29728
40104,54663,29885
38684,54732,29965
37013,54724,29866
35188,54720,29932
33520,54644,29646
32348,54727,29870
31592,54700,29921
31204,54629,29761
30816,54700,29862
30749,54679,29700
30837,54700,29814
30800,54696,29684
30848,54636,29808
30896,54711,29718
30938,54679,29804
30969,54670,29567
30934,54688,29799
30944,54687,29823
30944,54684,29648
30852,54628,29794
30792,54695,29580
30848,54676,29805
30884,54695,29671
30920,54581,29780
30932,54693,29663
30912,54676,29781
30976,54663,29840
30952,54582,29796
30948,54671,29868
30966,54655,29718
30900,54663,29790
30846,54629,29669
30736,54684,29788
30788,54661,29664
30924,54676,29806
30960,54676,29724
31036,54596,29789
31072,54687,29572
31040,54687,29825
31004,54676,29757
30930,54687,29812
30988,54617,29744
31038,54712,29812
31088,54709,29776
31052,54693,29804
31004,54688,29810
30972,54695,29765
31008,54663,29813
30957,54701,29700
30944,54717,29828
30892,54700,29756
30828,54654,29795
30872,54718,29590
31056,54712,29847
31100,54692,29647
30942,54692,29849
30768,54695,29790
30868,54594,29895
30880,54708,29873
30784,54709,30012
30708,54717,29968
30838,54708,30052
30889,54700,29984
30912,54701,29770
30928,54703,30009
30988,54696,30006
30920,54680,30141
30924,54598,30113
30886,54593,30061
30768,54663,30117
30744,54700,30026
30794,54695,30176
30824,54661,30086
30826,54676,30209
30821,54679,30193
30912,54612,30277
30912,54663,30132
30780,54628,30316
30664,54653,30186
30745,54660,30380
30772,54655,30398
30744,54645,30384
30724,54639,30522
30850,54640,30515
30920,54639,30513
30956,54631,30552
30800,54559,30612
30673,54582,30628
30706,54647,30586
30800,54636,30678
30657,54629,30591
30673,54638,30708
30736,54648,30604
30808,54656,30836
30940,54596,30785
30816,54663,30852
30772,54671,30869
30624,54636,30639
30748,54644,30902
30816,54631,30884
30944,54711,31005
31024,54660,30972
30980,54685,31110
31036,54687,31046
31132,54711,31020
30988,54687,31036
30904,54708,31130
31012,54660,30965
31208,54712,31180
31108,54704,31013
31140,54716,31239
31380,54645,31160
31589,54644,31252
31653,54687,31334
31792,54744,31157
31956,54716,31367
32092,54727,31216
32174,54737,31438
32236,54713,31476
32304,54700,31461
32336,54749,31516
32696,54727,31494
32972,54728,31588
33088,54663,31505
33068,54740,31581
33144,54728,31442
33256,54663,31673
33336,54732,31751
33476,54719,31722
33526,54728,31591
33500,54744,31778
33668,54692,31832
33896,54736,31783
34216,54639,31892
34248,54711,31897
34108,54728,31935
33872,54708,31954
33798,54637,32068
33900,54716,31920
34024,54695,32125
34248,54701,32087
34200,54631,32196
33988,54600,32157
33984,54687,32047
34060,54653,32230
34044,54580,32293
34016,54663,32308
34140,54640,32321
34116,54637,32381
33948,54644,32336
33904,54580,32439
33886,54556,32406
33716,54583,32521
33700,54589,32548
33878,54628,32445
34076,54612,32708
34000,54619,32646
33663,54621,32608
33728,54612,32701
33989,54628,32519
34052,54623,32751
34104,54621,32588
34168,54560,32806
34124,54628,32700
34060,54606,32858
33916,54608,32903
33900,54615,32854
34032,54604,32949
34080,54591,32770
33940,54620,32961
33860,54584,32876
33984,54620,32999
34204,54521,32932
34188,54620,33028
34000,54584,32859
33972,54591,33055
34060,54489,32945
34144,54516,33077
34032,54511,33105
33880,54584,33087
33908,54595,33132
33948,54527,33005
34056,54567,33189
34136,54560,33168
34144,54559,33282
34092,54564,33067
34076,54524,33190
34045,54535,33072
34000,54533,33238
33932,54535,33237
33844,54453,33182
33920,54535,33221
33980,54535,33234
34068,54535,33060
34036,54535,33261
33808,54513,33225
33780,54439,33083
33789,54439,33245
33866,54504,33212
33838,54516,33287
33776,54505,33244
33837,54492,33115
33997,54488,33272
33964,54483,33250
33808,54484,33284
33880,54405,33238
34028,54389,33140
33952,54471,33287
33768,54453,33250
33670,54448,33316
33722,54463,33268
33824,54376,33316
33820,54460,33284
34160,54444,33185
34172,54445,33276
33856,54423,33104
33696,54407,33317
33910,54407,33260
34388,54404,33317
34208,54365,33316
33572,54420,33158
33400,54332,33319
33396,54404,33237
33620,54397,33316
33872,54302,33133
33588,54401,33320
33356,54308,33236
33636,54360,33380
33696,54373,33356
33526,54364,33280
33292,54303,33348
33125,54340,33183
33177,54381,33372
33356,54375,33261
33536,54346,33375
33700,54346,33218
33632,54276,33377
33184,54324,33188
33248,54336,33408
33480,54332,33394
33448,54328,33451
33493,54325,33410
33684,54348,33417
33624,54317,33230
33460,54324,33439
33432,54228,33328
33412,54279,33501
33232,54319,33429
33196,54294,33365
33304,54293,33440
33584,54232,33255
33472,54309,33454
33324,54295,33452
33248,54296,33452
33316,54208,33400
33376,54303,33481
33428,54252,33512
33096,54269,33488
32958,54192,33508
33152,54279,33476
33236,54252,33559
33453,54268,33404
33600,54183,33495
33408,54245,33325
33408,54236,33501
33449,54180,33367
33568,54196,33514
33420,54119,33383
33228,54151,33532
33228,54180,33448
32996,54172,33590
32852,54161,33543
33148,54140,33376
33716,54133,33543
33534,54052,33447
33261,54116,33572
33332,54112,33431
33260,54100,33708
33176,54071,33558
33045,54079,33700
32852,54052,33543
33065,54023,33695
33280,54056,33512
33312,53959,33665
33284,54021,33469
33308,54023,33678
33080,54044,33764
32948,54012,33594
33264,53927,33719
33189,54023,33551
33084,54004,33704
33144,53991,33620
33480,54005,33855
33584,53909,33758
33444,53997,33759
33344,53973,33773
33356,53957,33713
33400,53960,33772
33416,53877,33626
33392,53964,33816
33354,53956,33780
33308,53956,33952
33288,53951,33828
33312,53909,33914
33388,53945,33716
33828,53920,33864
33904,53861,33700
33700,53900,33887
33373,53942,33728
33152,53925,33909
33072,53935,33756
33044,53876,33948
32912,53932,34104
33476,53921,34009
33716,53925,33951
33541,53917,34021
33284,53917,33900
33393,53877,34065
33360,53920,33986
33204,53893,34140
33376,53921,34116
33420,53919,34181
33340,53871,34228
33292,53924,34153
33468,53908,34277
33352,53903,34396
33249,53911,34305
33368,53884,34433
33300,53889,34372
33280,53884,34524
33247,53895,34405
33276,53894,34326
33336,53880,34567
33564,53856,34516
33748,53863,34392
33540,53824,34532
33396,53824,34554
33390,53839,34592
33276,53820,34644
33204,53845,34497
33096,53828,34684
33070,53736,34724
33028,53804,34708
33132,53813,34584
32980,53799,34753
32900,53795,34756
32980,53762,34801
32956,53780,34940
32816,53767,34844
32800,53767,35004
33204,53697,34892
33712,53780,34800
34293,53796,34921
34780,53796,34916
34824,53718,34964
35000,53828,35097
35873,53797,34954
36664,53820,35101
37368,53796,34973
36528,53824,35150
35276,53856,34951
35772,53831,35061
36805,53892,35225
37608,53880,34980
38784,53876,35100
40200,53836,34956
40648,53855,35144
39564,53855,35204
38072,53837,34997
36356,53781,35172
34576,53809,35318
33088,53845,35118
32196,53847,35200
31708,53838,35356
31493,53767,35173
31628,53820,35247
31808,53804,35128
31488,53796,35220
31296,53767,35240
31320,53729,35317
31432,53796,35284
31432,53785,35312
31248,53767,35128
31164,53776,35303
31196,53764,35397
31208,53752,35240
31128,53661,35453
31008,53758,35301
31296,53728,35349
31340,53744,35341
31200,53720,35384
31168,53748,35419
31345,53665,35415
31432,53724,35393
31368,53716,35436
31208,53708,35304
31184,53677,35465
31160,53688,35410
31292,53679,35471
31133,53687,35380
31592,53648,35519
31925,53692,35392
31881,53676,35528
31500,53673,35400
31521,53668,35549
31417,53639,35455
31500,53652,35532
31550,53639,35552
31428,53639,35540
31584,53628,35487
31588,53621,35558
31504,53549,35512
31385,53639,35552
31368,53612,35628
31360,53613,35556
31553,53516,35584
31528,53608,35524
31604,53588,35656
31756,53599,35500
31560,53575,35544
31192,53586,35365
31344,53597,35492
31456,53612,35620
31432,53585,35425
31194,53488,35529
31446,53551,35598
31432,53587,35406
31620,53585,35513
31364,53557,35526
31012,53572,35564
30816,53500,35684
31196,53569,35584
31356,53581,35620
31460,53584,35557
31552,53494,35600
31569,53584,35458
31500,53544,35616
31257,53566,35644
31168,53469,35636
31246,53554,35624
31337,53559,35684
31630,53572,35705
31484,53572,35688
31244,53556,35647
31276,53591,35716
31308,53565,35674
31260,53573,35756
31193,53576,35692
31200,53508,35866
31218,53511,35833
31590,53583,35812
31584,53597,35828
31068,53577,35709
31160,53581,35866
31376,53509,35789
31388,53540,35894
31256,53540,35929
31388,53569,35936
31380,53481,36055
31468,53573,35919
31560,53559,36014
31520,53500,35903
31120,53572,36092
31152,53508,36036
31460,53548,36188
31616,53543,36102
31424,53456,36257
31564,53536,36135
31776,53517,36244
31840,53492,36072
31516,53551,36169
31408,53500,36140
31544,53517,36224
31760,53540,36128
31704,53532,36284
31804,53541,36300
32009,53532,36410
32012,53445,36368
31916,53471,36497
31916,53548,36348
31952,53536,36472
32128,53549,36461
32312,53540,36432
32480,53532,36503
32544,53504,36468
32572,53511,36637
32736,53492,36591
32906,53484,36772
33228,53416,36665
32960,53501,36809
32897,53511,36716
33220,53444,36702
33532,53479,36748
33880,53484,36675
33896,53484,36800
33580,53396,36728
33780,53468,36871
33916,53420,36846
33760,53447,36916
33752,53460,37068
33888,53407,37009
33833,53469,37161
34009,53436,37052
33924,53447,37112
33933,53437,37020
34060,53348,37117
34197,53396,37151
34124,53439,37200
33965,53422,37329
34092,53423,37206
34232,53396,37252
34000,53424,37394
33980,53420,37245
34128,53347,37337
34065,53428,37340
34062,53398,37382
34380,53411,37481
34581,53333,37381
34346,53329,37525
34244,53420,37381
34134,53399,37452
34093,53405,37632
33960,53312,37436
33784,53381,37519
34008,53392,37470
34052,53372,37540
34056,53381,37568
34160,53301,37601
33860,53348,37613
33896,53380,37572
33808,53300,37597
33820,53390,37596
33848,53369,37636
33872,53369,37797
33908,53367,37672
33848,53292,37695
33724,53354,37681
33636,53255,37654
33645,53367,37756
34050,53348,37623
34356,53288,37676
34124,53348,37704
33892,53316,37738
33904,53351,37836
33976,53286,37673
34208,53352,37720
34032,53325,37887
33696,53308,37741
33536,53333,37751
33712,53324,37657
34104,53351,37776
33888,53328,37785
33932,53333,37717
33896,53312,37767
33840,53324,37757
33784,53253,37848
33956,53333,37720
34036,53324,37783
33984,53332,37841
33792,53313,37732
33724,53255,37743
33756,53305,37751
33934,53284,37772
34284,53313,37839
34060,53308,37765
33728,53228,37742
33716,53324,37744
33844,53300,37733
33952,53310,37764
33864,53232,37698
33840,53288,37671
33680,53317,37670
33988,53288,37753
34396,53324,37676
34004,53319,37773
33580,53297,37653
33460,53300,37664
33652,53244,37559
33860,53319,37590
33776,53301,37601
33620,53255,37590
33672,53324,37645
33850,53309,37464
33876,53319,37568
33860,53312,37656
33856,53327,37508
33864,53304,37562
33844,53240,37511
33824,53339,37511
33580,53309,37621
33645,53335,37448
33888,53328,37450
33808,53255,37592
33664,53331,37412
33732,53326,37452
34028,53244,37364
33888,53288,37416
33713,53324,37572
33604,53300,37405
33588,53317,37524
33504,53329,37396
33548,53277,37520
33748,53308,37383
33718,53351,37505
33797,53324,37317
33612,53311,37461
33693,53310,37380
33773,53230,37487
33760,53319,37324
33660,53298,37331
33492,53304,37310
33216,53308,37336
33488,53301,37336
33736,53309,37216
33624,53216,37289
33597,53300,37192
33600,53280,37294
33300,53291,37404
33408,53276,37262
33520,53308,37310
33360,53284,37192
33472,53201,37285
33645,53295,37365
33544,53237,37204
33628,53280,37233
33484,53255,37396
33368,53281,37204
33492,53275,37212
33600,53255,37191
33772,53287,37224
33552,53221,37330
33312,53295,37196
33664,53285,37304
33612,53276,37120
33244,53268,37165
33204,53245,37060
33040,53255,37146
32900,53281,37029
32765,53224,37084
32916,53255,36973
33024,53272,37085
33256,53172,36990
33428,53236,37044
33420,53272,36902
33413,53207,36973
33396,53247,36945
33352,53245,36940
33464,53159,37052
33504,53254,36893
33356,53224,36887
33206,53240,36964
33092,53156,36829
33100,53255,36913
33420,53247,36828
33564,53213,36944
33432,53222,36757
33304,53228,36741
33104,53204,36838
33592,53200,36692
33708,53207,36720
33173,53197,36661
33032,53213,36654
33288,53132,36708
33436,53200,36608
33396,53173,36621
33236,53172,36474
33036,53108,36585
33124,53172,36373
33554,53149,36457
33344,53157,36468
33065,53172,36593
33148,53125,36410
33008,53148,36412
32976,53149,36545
33262,53136,36383
33040,53063,36376
32856,53140,36388
33036,53127,36205
33380,53036,36340
33416,53127,36364
33168,53112,36289
33040,53039,36252
32896,53127,36333
32936,53081,36198
33060,53103,36265
32732,53029,36061
32976,53092,36127
33029,53072,36004
33004,53077,36125
32924,53088,35975
32865,53054,36044
32820,53087,36063
32544,53087,36044
32600,53085,36070
32588,53049,35862
32412,53095,35959
32248,53059,36032
32564,52991,35808
32544,53081,35881
32216,53068,35840
32036,52989,35856
32380,53085,35869
32830,53068,35809
33232,53070,35909
33224,53031,35757
33300,53084,35861
33984,53055,35646
35348,53089,35700
36056,53108,35549
36164,53071,35613
34881,53164,35532
33956,53127,35556
34404,53144,35463
35768,53150,35518
37280,53144,35512
38022,53116,35500
38996,53126,35381
39896,53092,35396
38828,53100,35428
37180,53108,35309
35400,53108,35349
33716,53036,35406
32624,53124,35141
32132,53100,35260
31553,53008,35278
31092,53111,35144
30944,53055,35201
30800,53092,35016
30696,53095,35174
30852,53109,35017
30981,53103,35065
31052,53101,34876
30876,53080,34951
30772,53015,34752
30372,53092,34891
30432,53060,34771
30528,53085,34850
30336,53069,34687
30345,53085,34770
30688,53071,34645
30892,53076,34756
30545,53092,34597
30508,53085,34756
30517,53069,34633
30568,53053,34633
30540,53077,34460
30525,53069,34597
30752,53048,34394
30880,53049,34532
30404,52965,34441
30496,53028,34552
30624,52980,34432
30494,53058,34496
30592,52965,34321
30580,53052,34368
30792,53037,34164
30824,53031,34244
30673,52944,34292
30556,53023,34140
30548,53012,34144
30805,53017,33958
30596,52935,34072
30648,52932,34013
30784,52999,34020
30660,52998,33881
30568,52924,33966
30353,52990,33807
30456,52969,33908
30612,52973,33744
30828,52996,33869
30934,52980,33933
30828,52988,33732
30944,52998,33797
31012,52975,33586
30748,52925,33758
30512,52976,33775
30508,52967,33644
30566,52956,33696
30565,52948,33805
30404,52964,33487
30368,52952,33644
30420,52948,33774
30372,52916,33564
30465,52935,33608
30464,52952,33433
30513,52868,33593
30400,52945,33727
30632,52927,33501
30740,52847,33593
30468,52948,33431
30244,52940,33599
30458,52900,33568
30592,52959,33572
30576,52940,33607
30692,52932,33481
30520,52925,33612
30324,52845,33636
30668,52943,33476
30617,52925,33596
30372,52944,33740
30509,52926,33447
30584,52943,33636
30412,52933,33622
30440,52837,33748
30725,52924,33493
30713,52865,33532
30484,52917,33641
30584,52829,33766
30804,52845,33511
30732,52925,33672
30485,52936,33701
30668,52935,33544
31000,52847,33671
30945,52940,33669
30740,52924,33758
30864,52940,33719
31028,52837,33552
30921,52929,33660
30972,52918,33701
30921,52926,33831
30952,52916,33655
31244,52934,33709
31308,52918,33548
31262,52924,33705
31412,52908,33573
31405,52926,33709
31392,52925,33764
31096,52884,33728
31408,52916,33839
31492,52828,33692
31380,52909,33693
31452,52845,33700
31604,52932,33711
31818,52917,33716
31796,52841,33564
32120,52943,33694
32240,52914,33764
32316,52918,33645
32304,52922,33696
32356,52937,33574
32388,52943,33656
32516,52860,33474
32744,52945,33649
32916,52935,33495
33032,52928,33652
33216,52887,33697
33040,52944,33569
32884,52919,33749
33028,52916,33652
32872,52908,33661
33076,52917,33478
33404,52934,33646
33400,52852,33737
33290,52938,33647
33656,52929,33772
33836,52896,33639
33392,52929,33692
33020,52903,33614
33140,52916,33758
32992,52871,33588
33224,52949,33753
32961,52916,33655
33024,52936,33765
33244,52943,33736
33286,52937,33780
33432,52935,33749
33552,52905,33614
33364,52916,33765
32936,52869,33660
33004,52860,33917
33208,52897,33807
33164,52889,33671
33168,52944,33866
33144,52943,33860
33024,52929,33924
33232,52926,33870
33250,52845,33848
33060,52936,33884
32916,52910,33874
33029,52926,33876
33145,52859,33764
33180,52953,33876
32928,52932,33785
32976,52853,33912
33125,52940,34013
33160,52922,33940
32852,52935,34036
32916,52920,33940
32816,52847,33776
32628,52936,33948
33056,52949,33844
33180,52929,34021
33273,52939,33933
33296,52857,34063
33504,52909,34005
33176,52944,33993
32517,52900,34044
32560,52916,33880
32992,52927,34066
33228,52924,33925
33056,52930,34144
32972,52856,34048
32864,52948,34125
32880,52924,34080
32764,52928,34271
32908,52929,34092
33004,52871,34181
32832,52893,34032
32828,52935,34191
32924,52940,34081
32801,52932,34261
32828,52937,34216
32964,52925,34292
33160,52953,34218
33204,52871,34362
32976,52924,34311
32952,52932,34404
33132,52903,34314
33269,52932,34483
32952,52927,34364
32604,52940,34385
32748,52944,34357
32708,52932,34224
32696,52944,34464
33144,52944,34430
33144,52948,34526
32840,52956,34401
32880,52949,34530
32820,52936,34429
32544,52950,34588
32678,52956,34461
32648,52871,34600
32496,52921,34479
32668,52968,34575
33032,52956,34433
33032,52966,34562
32976,52956,34655
33089,52967,34585
32924,52949,34740
32824,52944,34573
32704,52884,34669
32640,52977,34534
32760,52956,34634
32762,52972,34501
32924,52967,34677
32912,52964,34517
32808,52980,34653
32776,52960,34681
32656,52972,34698
32780,52892,34750
32720,52983,34713
32908,52980,34536
33002,52977,34695
32920,52917,34804
32748,52999,34704
32736,52973,34853
32592,52999,34724
32780,52997,34761
32740,52932,34567
32752,53021,34724
32636,53021,34782
32624,52959,34586
32612,53047,34716
32636,53047,34588
32784,53028,34705
32869,53044,34688
32858,52964,34711
32684,52956,34559
32624,52981,34725
32549,53061,34689
32572,53052,34800
32536,53081,34616
32420,52999,34701
32486,53108,34492
32677,53080,34671
32800,53079,34527
32640,53092,34648
32588,53103,34608
32904,53070,34665
32764,53044,34778
32400,53093,34629
32544,53140,34657
32714,53120,34599
32816,53142,34679
32668,53076,34508
32596,53160,34580
32720,53145,34669
32644,53150,34478
32672,53077,34557
32712,53180,34448
32784,53168,34562
32772,53108,34572
32852,53192,34356
32964,53172,34508
32996,53191,34336
33018,53159,34492
32828,53205,34444
32980,53177,34497
33056,53189,34441
32984,53192,34472
32908,53151,34567
32824,53217,34492
32885,53217,34452
33000,53137,34373
33172,53236,34480
33020,53221,34594
32912,53229,34417
32714,53240,34551
32628,53168,34468
32816,53255,34535
32644,53221,34392
32740,53271,34473
32844,53207,34465
32856,53255,34421
32668,53276,34536
32756,53172,34373
32856,53280,34503
32964,53270,34608
32868,53200,34356
32960,53284,34524
32780,53271,34452
32716,53287,34541
33028,53293,34598
33156,53284,34386
33068,53285,34548
32924,53295,34460
32980,53213,34592
33097,53319,34629
33080,53303,34588
32906,53316,34663
32848,53332,34536
32688,53349,34677
32800,53323,34593
32552,53342,34672
32288,53335,34632
32329,53333,34487
32328,53268,34631
32152,53348,34528
32152,53296,34656
32233,53348,34548
32364,53356,34671
32820,53295,34516
32960,53391,34662
33264,53405,34649
33472,53380,34823
33732,53413,34609
34632,53420,34729
35360,53383,34559
35900,53464,34703
35077,53468,34572
33884,53501,34756
34008,53511,34624
35288,53526,34830
36900,53456,34708
38080,53541,34844
39384,53520,34788
40200,53511,34660
39364,53524,34767
37864,53508,34606
36112,53520,34791
34292,53460,34661
32993,53492,34823
32512,53511,34631
32284,53545,34788
31837,53484,34681
31576,53532,34768
31348,53575,34661
31128,53565,34764
31296,53559,34636
31313,53564,34772
31216,53566,34641
31496,53520,34770
31638,53537,34645
31504,53599,34739
31344,53575,34566
31252,53585,34734
31160,53585,34568
31272,53543,34732
31645,53604,34736
31312,53599,34671
30816,53616,34750
30996,53573,34626
31408,53620,34761
31776,53575,34591
31676,53614,34798
31661,53652,34742
31644,53636,34600
31616,53652,34705
31304,53597,34556
31341,53687,34737
31420,53673,34669
31628,53681,34823
31824,53692,34718
31780,53685,34600
31784,53708,34676
31812,53719,34631
31832,53712,34660
31708,53660,34551
31820,53733,34636
31854,53728,34524
31644,53654,34652
31368,53760,34717
31254,53756,34500
31432,53677,34602
31701,53767,34424
31736,53758,34567
31533,53756,34405
31616,53684,34552
31408,53796,34387
31472,53722,34535
31776,53789,34353
31992,53767,34537
31653,53825,34513
31421,53796,34366
31590,53804,34495
31476,53812,34436
31636,53796,34472
31728,53824,34567
31820,53815,34430
31789,53839,34412
31372,53854,34428
31448,53785,34512
31596,53884,34333
31812,53828,34508
31988,53865,34304
31956,53780,34383
31668,53872,34169
31660,53879,34311
31748,53885,34316
31969,53797,34311
31744,53879,34202
31548,53927,34265
31568,53895,34224
31700,53831,34233
32020,53921,34268
32001,53908,34100
31836,53828,34199
31868,53863,34028
32284,53895,34164
32288,53918,33994
31688,53853,34152
31341,53937,33988
31552,53927,34134
31694,53943,33951
31876,53940,34124
31976,53892,34017
32050,53895,34105
32044,53944,33950
31897,53868,34076
32128,53965,33895
32340,53981,34052
32404,53966,33904
32200,53975,34025
32116,53908,33935
32008,53980,33975
32072,53981,34054
32232,53895,33868
32152,53997,34036
32260,53989,34148
32204,53996,34000
32240,53949,34124
32388,54022,33936
32586,53972,34052
32860,54015,33900
32770,53989,34039
32478,54047,34132
32744,54020,33984
32781,53952,34068
32892,54041,33921
32540,54032,34113
32704,53999,34172
33024,53975,33953
33160,54048,34138
33412,53960,34254
33228,54064,33989
33356,54044,34153
33440,54052,34303
33688,54023,34142
33940,54076,34223
33784,54060,34135
33668,54087,34246
33940,54007,34084
33860,54060,34244
34092,54100,34180
33940,54088,34268
34345,54086,34128
34228,54064,34284
33944,54111,34151
34360,54100,34326
34461,54111,34220
34248,54116,34348
34416,54055,34245
34716,54151,34364
34565,54133,34238
34484,54148,34422
34449,54151,34422
34512,54140,34320
34413,54124,34428
34297,54175,34265
34272,54177,34460
34484,54172,34303
34476,54189,34482
34568,54169,34311
34440,54199,34500
34616,54116,34540
34528,54212,34385
34360,54205,34535
34258,54191,34583
34238,54212,34396
34040,54236,34557
34112,54188,34405
34300,54244,34588
34164,54240,34626
34064,54247,34596
34172,54256,34705
34140,54253,34581
34152,54247,34712
34060,54248,34612
34117,54264,34465
34256,54247,34624
33996,54279,34696
33924,54279,34565
34016,54279,34744
34108,54254,34629
33972,54304,34489
33945,54245,34630
33896,54279,34604
33752,54279,34601
34064,54204,34559
34092,54279,34624
33494,54325,34655
33484,54311,34620
33684,54312,34645
33781,54243,34603
33965,54252,34720
33972,54292,34604
33824,54324,34407
33772,54333,34592
33796,54333,34529
33768,54319,34708
33688,54337,34604
33668,54350,34536
33692,54343,34580
34080,54374,34655
33880,54364,34556
33824,54343,34436
33760,54352,34545
33396,54373,34532
33472,54359,34447
33532,54364,34509
33500,54303,34557
33692,54336,34464
33545,54383,34476
33624,54397,34452
33668,54308,34573
33916,54399,34368
33924,54397,34501
33808,54399,34344
33413,54406,34420
33133,54308,34238
33352,54407,34340
33369,54415,34182
33412,54428,34302
33648,54375,34141
33688,54407,34293
33556,54407,34386
33500,54328,34196
33710,54396,34324
33600,54431,34140
33424,54399,34316
33456,54412,34182
33604,54439,34327
33773,54346,34229
33678,54428,34246
33501,54407,34190
33708,54428,34301
33841,54424,34129
33908,54444,34183
33824,54431,33966
33664,54437,34149
33208,54407,34096
33128,54447,34140
33364,54448,34116
33632,54465,33902
33476,54420,34076
33408,54445,34001
33484,54375,34044
33448,54461,34137
33412,54439,33933
33200,54453,34063
33192,54463,33982
33486,54459,33823
33476,54382,33945
33628,54471,33740
33729,54469,33916
33728,54485,33740
33668,54476,33983
33376,54492,33877
33344,54407,33912
33468,54480,33847
33564,54484,33658
33476,54500,33812
33756,54503,33671
33600,54437,33776
33172,54447,33570
32944,54527,33737
33064,54502,33553
33364,54508,33702
33468,54463,33583
33752,54549,33684
33704,54535,33649
33584,54551,33644
33564,54551,33472
33772,54574,33641
33544,54485,33511
33248,54564,33660
33256,54535,33367
33408,54564,33508
33616,54564,33343
33604,54573,33516
33808,54576,33455
33948,54597,33401
33592,54604,33428
33444,54607,33280
33676,54606,33378
33856,54600,33397
33728,54535,33340
33260,54617,33366
33237,54624,33296
33616,54607,33352
33648,54628,33229
33404,54548,33277
33696,54591,33221
33724,54632,33337
33804,54599,33220
33680,54625,33182
33804,54628,33188
33820,54631,33028
33360,54628,33200
33404,54631,33168
33744,54647,33029
33808,54568,33149
33761,54613,33056
33541,54663,33216
33916,54604,33140
33876,54644,33222
33888,54663,33135
33904,54653,32957
34148,54617,33220
33824,54616,33116
33524,54680,33148
34020,54648,33093
33965,54663,33207
34016,54596,33084
33760,54686,33072
33236,54628,33064
33208,54684,32876
33476,54656,33044
33234,54644,32996
33277,54687,33042
33124,54676,32848
32972,54695,33001
32408,54639,32844
32564,54694,32996
32796,54713,32932
32920,54700,33023
33060,54670,32935
33064,54709,32809
33328,54623,32900
33452,54741,32704
33444,54721,32889
33416,54767,32780
33760,54776,32879
34808,54712,32686
35748,54759,32916
35996,54815,32817
34829,54776,32713
33984,54853,32812
34954,54861,32804
36012,54871,32720
37064,54820,32848
38408,54852,32788
39752,54844,32640
40192,54848,32828
39204,54780,32740
37684,54845,32738
36044,54850,32694
34416,54791,32570
32980,54832,32708
32294,54835,32628
32336,54837,32599
32376,54855,32622
32188,54805,32557
32197,54848,32546
32288,54790,32505
32308,54812,32413
32204,54816,32430
32196,54831,32293
32088,54832,32408
31596,54829,32260
31468,54828,32380
31636,54842,32257
31836,54791,32165
32016,54838,32109
31924,54740,32173
31824,54759,31988
31930,54834,32165
31928,54834,32089
31836,54828,31984
31972,54824,31885
31968,54836,32044
31752,54744,31884
31688,54804,31996
31860,54828,31895
31836,54759,31743
31644,54764,31829
31840,54776,31780
31840,54779,31668
31796,54791,31775
31589,54846,31681
31720,54745,31621
31860,54832,31615
31952,54844,31350
32240,54760,31517
32184,54849,31374
32200,54861,31399
32280,54854,31397
31932,54844,31112
31748,54823,31326
31640,54879,31198
31444,54884,31229
31664,54892,30973
31672,54877,31119
31964,54886,30905
32264,54815,31036
31892,54895,30800
31742,54893,30984
31588,54844,30914
31753,54885,30953
31540,54881,30872
31572,54900,30727
31624,54846,30776
31449,54844,30628
31532,54919,30716
31836,54897,30551
31680,54919,30667
31520,54855,30528
31664,54911,30596
31780,54885,30541
32085,54903,30580
32144,54861,30612
31880,54880,30500
31498,54900,30511
31356,54892,30318
31280,54912,30461
31444,54892,30332
31692,54895,30416
31632,54791,30231
31708,54902,30400
31664,54886,30350
31537,54884,30388
31400,54853,30398
31584,54893,30341
31724,54877,30402
32020,54884,30268
31860,54868,30217
31688,54777,30308
31740,54828,30109
31472,54872,30264
31474,54863,30140
31512,54860,30277
31876,54776,30168
32084,54869,30223
31936,54877,30032
31791,54791,30196
31700,54864,29948
31764,54852,30176
31872,54850,29988
31977,54764,30149
31792,54848,30156
31488,54854,30087
31608,54839,30108
32156,54852,30108
32332,54777,30080
32148,54853,30100
31796,54841,30031
31824,54813,30028
31965,54820,29905
32116,54816,29984
32232,54828,29921
32244,54825,29985
32472,54824,29732
32504,54773,29959
32568,54829,30000
32196,54760,29904
32012,54791,29904
32432,54720,29845
32433,54809,29913
32364,54809,29818
32360,54791,29891
32380,54808,29793
32588,54734,29892
32889,54825,29868
32964,54823,29876
32685,54780,29903
32960,54791,29844
32708,54791,29911
32808,54736,29762
32960,54791,29852
32984,54788,29884
33024,54791,29776
32816,54767,29820
32848,54788,29636
32784,54783,29861
33216,54692,29746
33373,54687,29855
33504,54757,29774
33384,54764,29852
33448,54692,29612
33244,54756,29832
33274,54756,29767
33117,54748,29828
33180,54689,29749
33428,54768,29881
33030,54741,29831
33084,54731,29888
33265,54732,29658
33172,54734,29910
32932,54725,29950
33048,54687,29940
33368,54660,29974
33274,54712,29976
32536,54758,29916
32596,54736,30007
33116,54728,29858
32758,54700,30037
32600,54716,30032
33160,54628,30172
33120,54735,30120
32760,54716,30208
32684,54692,30150
32685,54708,30248
32832,54703,30194
32788,54654,30244
32536,54724,30230
32420,54700,30013
32349,54694,30244
32492,54703,30112
32632,54696,30336
32526,54700,30308
32348,54700,30136
32492,54623,30343
32609,54660,30351
32680,54703,30289
32596,54703,30392
32506,54696,30216
32620,54663,30404
32708,54663,30361
32600,54663,30455
32692,54590,30353
32698,54645,30520
32472,54678,30512
32552,54684,30494
32560,54661,30552
32442,54662,30540
32336,54647,30661
32512,54631,30616
32564,54632,30444
32484,54637,30634
32448,54628,30679
32364,54575,30629
32488,54663,30692
32894,54574,30544
32752,54628,30706
32572,54631,30709
32724,54631,30824
32868,54557,30788
32888,54508,30661
32740,54532,30860
32557,54596,30847
32542,54604,30667
32436,54607,30924
32504,54582,30808
32601,54583,30934
32644,54565,30909
32900,54532,30967
32960,54572,30764
32756,54544,31004
32812,54468,31092
32808,54553,30908
32932,54535,31021
32724,54543,30940
32264,54520,31087
32384,54552,31076
32672,54509,31140
32608,54526,31135
32644,54512,31191
32816,54425,31180
32772,54512,31221
32404,54518,31148
32416,54497,31252
32528,54516,31186
32496,54516,31288
32676,54530,31301
32778,54511,31336
32692,54516,31348
32657,54452,31383
32556,54511,31409
32304,54484,31401
32412,54489,31298
32574,54495,31460
32604,54493,31334
32428,54433,31454
32456,54493,31429
32629,54493,31505
32512,54471,31394
32572,54444,31532
32508,54439,31567
32496,54348,31476
32357,54375,31553
32400,54357,31391
32334,54445,31623
32492,54407,31721
32368,54415,31516
32528,54342,31628
32592,54406,31628
32720,54402,31705
32704,54388,31746
32592,54396,31728
32448,54308,31692
32572,54346,31759
32536,54400,31641
32320,54396,31782
32572,54395,31636
32880,54388,31908
32804,54348,31854
32528,54359,31855
32836,54361,31881
32840,54362,31956
32768,54279,31871
32832,54383,31940
32776,54312,31784
32665,54348,31957
32812,54352,31918
32724,54372,31995
32460,54364,31863
32644,54344,32000
32900,54261,31945
32764,54256,32086
32572,54348,32012
32484,54367,32066
32488,54370,32063
32468,54375,31897
32556,54367,32068
32592,54301,32020
32502,54350,32174
32440,54336,32135
32920,54337,32076
32784,54341,32158
32348,54345,32071
32231,54342,32172
32316,54354,32039
32540,54329,32176
32772,54345,32013
32876,54358,32234
32893,54318,32295
33120,54335,32245
32648,54327,32150
32328,54318,32241
32109,54324,32140
32200,54342,32356
32140,54336,32301
32260,54343,32100
32382,54340,32322
32572,54254,32210
32309,54336,32340
31988,54292,32336
31932,54309,32372
31893,54316,32446
31852,54325,32175
31956,54343,32369
31732,54311,32322
32260,54320,32413
32396,54318,32364
32324,54232,32415
32352,54324,32359
32188,54349,32412
31576,54336,32292
32184,54335,32480
33308,54344,32440
34080,54372,32430
34196,54391,32444
33076,54341,32268
32684,54338,32456
33440,54407,32279
34784,54401,32420
35940,54399,32311
36964,54380,32489
38416,54373,32432
38880,54340,32492
37840,54304,32415
35968,54318,32357
33932,54330,32389
32624,54320,32257
31760,54316,32328
31301,54296,32172
31056,54236,32296
30904,54226,32082
30728,54274,32248
30588,54262,32227
30700,54215,32225
30724,54237,32200
30812,54249,32124
30848,54237,32156
30784,54151,32167
30656,54196,32116
30536,54197,31972
30756,54212,32024
30837,54228,31881
30728,54216,32000
30557,54197,31844
30760,54200,31965
30800,54212,31800
30816,54200,31937
30840,54151,31785
30808,54206,31854
30760,54207,31704
30652,54201,31829
30672,54196,31735
30984,54164,31793
30772,54199,31637
30460,54199,31692
30424,54188,31540
30720,54143,31614
30728,54201,31538
30400,54191,31597
30672,54105,31509
30804,54124,31316
30972,54151,31406
30816,54148,31321
30486,54143,31414
30476,54141,31325
30516,54144,31373
30573,54143,31269
30584,54082,31088
30488,54060,31196
30604,54135,31076
30736,54117,31194
30628,54103,31057
30557,54100,31173
30640,54109,31076
30544,54087,31136
30532,54104,31047
30712,54110,30812
30916,54005,30984
30752,54040,30855
30556,54092,30997
30640,54087,30894
30769,54069,31009
30736,54068,30926
30640,54076,30961
30612,54061,30910
30624,53973,30816
30548,54016,30886
30540,54036,30700
30484,54052,30876
30620,54020,30721
30596,54023,30977
30672,54023,30900
30580,53999,30673
30840,54016,30897
30956,54017,30891
30856,54023,30893
30920,54023,30920
30768,53999,30928
30733,54005,30741
30924,54015,30928
31176,53997,30815
31380,53991,31044
31136,53999,31009
30808,53909,30922
30736,53892,31012
30872,53983,31004
30944,53972,31039
31136,53981,31074
30988,53884,30937
31108,53869,31121
30900,53877,31099
30868,53863,31224
31056,53927,31239
31216,53964,31324
31284,53947,31263
31612,53941,31367
31808,53852,31304
31629,53924,31485
31193,53928,31453
31276,53860,31366
31468,53895,31511
31488,53895,31438
31564,53895,31577
31397,53871,31585
31396,53885,31668
31769,53895,31718
31844,53809,31680
32009,53889,31862
31864,53892,31821
31824,53864,31921
32224,53849,31884
32158,53843,31746
32328,53847,32020
32294,53832,31970
32356,53853,31949
32472,53845,31970
32488,53840,32071
32644,53829,32101
32544,53831,32119
32532,53825,32159
32616,53820,32036
32761,53828,32244
32428,53761,32277
32564,53744,32128
32688,53740,32348
32860,53798,32348
33076,53820,32218
33128,53734,32405
33016,53798,32349
33080,53791,32564
33160,53767,32500
33169,53684,32495
33296,53767,32544
33400,53708,32367
33424,53757,32596
33352,53761,32542
33082,53742,32678
33164,53746,32650
33332,53720,32481
33208,53713,32615
33253,53712,32789
33256,53722,32742
33316,53716,32775
33416,53724,32820
33216,53636,32786
33344,53687,32740
33488,53731,32888
33433,53706,32887
33328,53686,32935
33248,53687,32862
33392,53677,33084
33150,53647,32921
33324,53629,33150
33380,53679,33087
33332,53646,32928
33312,53652,33133
33337,53663,33135
33036,53652,33063
32645,53636,33248
32988,53559,33228
33044,53548,33287
33176,53628,33303
33286,53597,33246
33332,53608,33356
33240,53572,33200
33108,53540,33424
33090,53605,33317
32921,53580,33497
32765,53580,33484
33132,53481,33536
33348,53533,33524
33300,53573,33405
33440,53543,33692
33124,53556,33616
32884,53471,33472
32936,53556,33660
32992,53540,33646
33200,53527,33685
33088,53524,33724
33244,53428,33602
33217,53511,33796
32980,53484,33718
33156,53487,33932
33175,53460,33817
33074,53508,33981
33308,53468,33890
33294,53473,34023
33472,53479,33936
33164,53464,33799
32957,53476,33975
33136,53468,33884
33281,53457,34044
33376,53415,34064
33188,53464,34081
33172,53447,34132
33200,53447,34137
33188,53440,34116
33088,53372,34156
33213,53444,34087
33156,53419,34229
33399,53415,34348
33428,53383,34188
33377,53372,34300
33364,53396,34148
33353,53404,34352
33372,53415,34288
33412,53407,34496
33420,53377,34394
33456,53381,34279
33384,53375,34415
33284,53357,34397
33360,53308,34420
33384,53300,34514
33408,53375,34508
33501,53312,34388
33460,53366,34517
33386,53368,34500
33068,53369,34700
33060,53309,34592
33037,53277,34492
33312,53368,34695
33340,53383,34631
33256,53361,34780
33036,53383,34647
32976,53316,34808
33032,53382,34717
33136,53369,34869
33144,53377,34756
33088,53319,34708
32828,53383,34823
32760,53383,34669
32732,53358,34858
32620,53364,34853
32676,53376,34786
33036,53383,34884
33180,53317,34775
33172,53356,34916
33116,53376,34853
32856,53305,34977
32924,53381,35057
33173,53369,34992
33140,53275,35087
32984,53380,34920
32764,53369,35060
32772,53368,34998
32700,53372,35092
32904,53374,35036
33032,53364,35158
33068,53345,35272
32809,53366,35225
32900,53367,35148
32924,53327,35265
32700,53359,35278
32748,53303,35140
32960,53367,35293
32736,53345,35341
32504,53342,35296
32628,53351,35370
32660,53332,35329
32660,53322,35428
33156,53332,35476
33172,53308,35332
32796,53319,35476
32769,53255,35442
32828,53284,35505
32540,53316,35625
32528,53228,35516
33057,53316,35588
32588,53316,35545
32444,53229,35641
32368,53298,35701
32448,53292,35685
32676,53303,35778
32672,53216,35621
32840,53308,35744
32578,53297,35685
32669,53295,35796
32516,53255,35933
32648,53255,35764
32424,53255,35836
32590,53279,35877
32788,53248,35888
32292,53255,35957
32424,53255,35944
32484,53255,36022
32240,53230,35885
31956,53252,35948
31672,53206,36029
31620,53232,35964
31512,53230,36005
31724,53198,35872
31869,53220,36029
31968,53220,36174
32093,53205,35933
32012,53221,36031
31624,53255,36040
31676,53240,36048
32481,53248,36085
33288,53287,35924
34120,53198,36026
34300,53311,36068
33312,53278,36055
32992,53309,36056
33096,53296,35896
34264,53296,36050
35800,53300,36084
36984,53229,35940
38180,53294,36007
38940,53222,35974
38108,53254,35992
36816,53249,35941
35380,53156,35981
34132,53244,36049
32969,53228,35972
32112,53240,35975
31680,53229,35820
31416,53191,35965
31281,53212,35983
31416,53200,35933
31380,53127,35992
31340,53188,35764
31008,53163,35868
30980,53158,35800
31108,53116,35854
31112,53140,35904
31164,53143,35845
31120,53132,35937
31261,53044,35831
31200,53116,35918
31345,53084,35791
31400,53093,35900
31389,52999,35749
31196,53093,35824
31222,53047,35712
31156,53060,35877
31364,52964,35676
31880,53040,35750
31580,53046,35628
31281,53020,35710
31168,52944,35525
31404,53029,35636
31396,53016,35508
31406,53012,35605
31212,52929,35457
31376,53021,35564
31552,52999,35668
31540,52932,35570
31504,53012,35591
31624,52988,35500
31796,52985,35420
31766,52996,35436
31648,52989,35420
31396,52892,35404
31056,52917,35369
31124,52980,35288
31220,52991,35487
31300,52968,35292
31648,52972,35148
31924,52956,35317
31900,52925,35261
31936,52980,35180
31480,52924,35229
31248,52944,35057
31784,52902,35208
31848,52973,35178
31848,52957,35225
31876,52949,35164
31968,52919,35085
31562,52961,35143
31392,52926,35021
31692,52935,35132
31692,52940,35020
31548,52927,35132
31372,52926,34992
31524,52908,35133
31666,52871,35029
31686,52921,35208
31860,52911,35148
31852,52879,35293
31920,52928,35180
31668,52885,35031
31736,52911,35169
31624,52903,35049
31380,52870,35224
31776,52933,35116
31744,52926,35296
31457,52918,35258
31713,52836,35255
31792,52881,35257
31702,52880,35186
31540,52870,35308
31824,52831,35231
31935,52880,35312
31838,52855,35288
31840,52868,35372
32012,52804,35463
32528,52871,35246
32568,52863,35406
32472,52860,35460
32393,52836,35399
32120,52839,35476
31876,52775,35338
32049,52828,35436
32096,52820,35503
32492,52852,35492
32416,52759,35572
32276,52852,35384
32152,52801,35518
32237,52831,35404
32692,52837,35556
32856,52765,35686
32558,52836,35600
32704,52812,35621
32464,52761,35581
32576,52836,35676
32432,52831,35808
32140,52829,35693
32344,52832,35709
32590,52796,35788
32724,52804,35774
32865,52719,35910
33052,52804,35716
33068,52800,35792
33104,52757,35788
33380,52807,35872
32960,52804,35986
33000,52788,35904
33404,52728,36065
33528,52801,35928
33372,52773,35993
33368,52773,35847
33300,52775,35973
33188,52765,35958
33272,52696,36020
33336,52764,36148
33404,52732,36024
33720,52735,36140
33684,52650,35998
33800,52724,36100
33853,52711,36192
33380,52708,36164
33072,52628,36264
33324,52717,36069
33552,52704,36177
33484,52621,36190
33260,52709,36220
33324,52681,36313
33848,52688,36190
33788,52661,36268
33597,52684,36368
33296,52652,36359
33740,52671,36456
34092,52576,36359
33848,52688,36454
33488,52684,36447
33600,52628,36564
34056,52661,36445
34094,52662,36500
33920,52646,36684
33868,52647,36602
33432,52639,36716
33389,52589,36588
33420,52638,36678
33316,52620,36752
33180,52621,36759
33113,52541,36940
33332,52628,36844
33716,52596,36937
33724,52608,36828
33472,52533,36964
33456,52591,37029
33300,52509,37006
33340,52597,37097
33488,52596,37212
33428,52519,37129
33224,52615,37261
33472,52596,37188
33476,52516,37270
33090,52596,37245
33148,52580,37348
33584,52560,37429
33717,52569,37468
33636,52559,37620
33514,52549,37540
33160,52516,37637
33040,52572,37580
33088,52536,37593
33196,52551,37772
33188,52460,37701
33292,52543,37885
33121,52517,37834
33240,52532,37958
33356,52468,37908
33336,52532,38070
33172,52545,37956
32800,52529,38125
33044,52436,38068
33596,52471,38108
33479,52540,38092
33276,52496,38121
33344,52508,38320
33380,52416,38244
33444,52487,38335
33260,52516,38270
33160,52487,38277
32984,52487,38463
32768,52487,38399
32900,52487,38388
33110,52487,38572
33210,52418,38520
33492,52487,38500
33722,52473,38639
33468,52457,38637
33128,52454,38612
33084,52463,38812
33161,52448,38748
33189,52445,38741
32976,52448,38929
32944,52353,38844
33056,52437,38822
33172,52431,38974
33197,52412,38975
33184,52399,38949
33077,52405,39104
32945,52317,39086
32972,52341,39175
33168,52311,39175
33406,52292,39180
33513,52276,39174
33636,52279,39252
33480,52260,39395
33204,52292,39284
32980,52356,39308
32844,52359,39420
32800,52359,39464
32880,52356,39409
32944,52352,39444
33256,52329,39574
33500,52320,39497
33320,52325,39578
32944,52320,39532
32800,52237,39540
32824,52317,39680
33189,52316,39601
33108,52282,39628
33488,52296,39677
33068,52284,39668
32608,52263,39673
32668,52295,39756
32881,52295,39692
32940,52257,39768
33040,52263,39716
33344,52196,39720
33496,52276,39836
33496,52272,39744
33420,52231,39724
33468,52240,39855
33632,52255,39785
33772,52168,39728
33704,52181,39876
33420,52196,39783
32972,52231,39801
33196,52231,39905
32948,52231,39806
32652,52217,39804
32652,52231,39866
33336,52140,39847
33268,52231,39892
33112,52231,39844
33012,52199,39852
32784,52213,39908
32832,52222,39836
32884,52126,39832
33028,52224,39943
32988,52184,39860
33128,52205,39838
33417,52224,39832
33336,52140,39844
32928,52228,39832
32628,52204,39812
32846,52199,39837
32828,52132,39919
32660,52152,39828
32580,52207,39776
32604,52191,39876
32616,52199,39812
32628,52190,39916
32672,52184,39815
32796,52103,39854
32672,52177,39780
32640,52188,39828
32684,52166,39765
32328,52185,39856
32492,52088,39752
32700,52109,39798
32644,52192,39712
32600,52212,39663
32917,52196,39677
32842,52208,39637
33712,52212,39612
34304,52223,39685
34046,52231,39564
32965,52258,39544
32400,52261,39608
33336,52271,39503
35244,52204,39537
36845,52269,39444
37572,52271,39472
38660,52231,39352
38884,52164,39428
37828,52204,39303
36541,52212,39276
34560,52220,39302
32972,52223,39185
32480,52204,39255
32116,52207,39120
32204,52200,39151
32109,52145,39020
32040,52199,38957
31892,52184,39013
31684,52160,38884
31404,52167,38916
31481,52164,38837
31416,52097,38932
31644,52087,38783
32052,52080,38751
32132,52108,38850
31977,52116,38692
31968,52136,38653
31773,52140,38742
31784,52084,38656
31824,52092,38655
32372,52089,38612
32088,52100,38596
31640,52092,38672
31328,52100,38572
31420,52089,38564
31920,52017,38625
32108,51996,38576
31864,52015,38570
31468,52039,38508
31620,52047,38662
32056,52044,38557
32112,52039,38564
32124,52039,38535
31816,52036,38551
31962,51973,38576
31936,52039,38527
31720,52037,38495
31476,52004,38541
31444,52009,38508
31568,52004,38652
31488,51916,38526
31822,51944,38493
32189,51999,38652
32190,52004,38516
31940,51996,38500
31720,51975,38583
31964,51967,38582
32612,51983,38648
32288,51948,38576
31856,51948,38608
31940,51965,38717
31784,51893,38629
31796,51873,38649
31552,51873,38791
31656,51920,38698
31700,51952,38807
31620,51919,38704
31792,51935,38690
31524,51920,38737
31424,51921,38741
31484,51877,38841
31492,51926,38808
31812,51912,38953
31984,51933,38836
32154,51896,38941
32212,51932,38895
32052,51911,39022
32016,51917,38940
31554,51912,39044
31452,51861,38976
31641,51872,38967
31552,51892,39052
31684,51897,39046
31844,51847,39164
31700,51863,39087
31900,51902,39184
32032,51884,39113
31600,51876,39189
31808,51895,39132
31776,51847,39193
31740,51870,39200
31705,51884,39336
31741,51887,39276
31861,51800,39380
32028,51879,39303
32309,51879,39354
32156,51862,39327
32172,51859,39380
32215,51865,39520
32188,51845,39431
32340,51847,39457
32212,51807,39544
32316,51861,39524
32551,51839,39623
32856,51837,39559
32380,51862,39696
32236,51807,39636
32740,51828,39725
33257,51828,39669
32696,51741,39744
32572,51833,39696
32512,51812,39769
32696,51837,39728
32636,51775,39752
33085,51860,39783
33128,51830,39769
32580,51773,39884
32396,51847,39788
32464,51839,39803
32772,51847,39822
32833,51832,39815
33020,51844,39871
33036,51821,39804
32872,51847,39876
32832,51844,39788
32976,51847,39776
32672,51829,39756
32836,51772,39772
33188,51836,39855
33036,51807,39753
33112,51832,39820
32976,51832,39729
32797,51830,39741
32822,51847,39721
33241,51839,39681
33324,51821,39687
33252,51842,39660
33492,51829,39621
33876,51847,39628
33660,51807,39673
33108,51855,39612
33121,51788,39717
33397,51840,39588
33505,51872,39618
33460,51796,39559
33524,51876,39577
33684,51884,39669
33548,51796,39551
33144,51887,39556
33080,51860,39652
33604,51805,39566
33340,51892,39612
33404,51879,39518
33088,51807,39549
32928,51889,39584
33196,51876,39511
33212,51794,39525
33476,51852,39487
33592,51869,39516
33469,51844,39469
33284,51847,39500
32900,51860,39413
32912,51847,39437
32965,51831,39394
33120,51756,39396
33325,51824,39501
33141,51813,39387
32885,51719,39456
33104,51813,39354
33084,51781,39397
33132,51719,39324
33088,51796,39404
33416,51780,39292
33533,51711,39317
33088,51780,39221
33168,51772,39276
33024,51778,39205
33072,51687,39269
32908,51775,39183
33088,51724,39272
33121,51749,39148
32748,51761,39224
32484,51773,39116
32920,51767,39175
33336,51749,39047
33684,51756,39136
33444,51680,39000
32900,51737,38964
33052,51750,39022
33248,51719,38924
33120,51734,38978
32842,51744,38876
32800,51741,38828
32700,51758,38916
32932,51764,38788
32772,51747,38761
32528,51752,38854
32972,51666,38687
33341,51756,38663
33264,51719,38740
33280,51748,38639
33268,51695,38700
33056,51771,38576
33008,51760,38644
33004,51695,38509
32924,51783,38581
33040,51749,38468
33300,51764,38536
33336,51740,38392
33148,51751,38380
33200,51677,38316
33045,51773,38278
32952,51751,38308
33168,51764,38220
33084,51743,38292
33028,51764,38197
32868,51773,38248
32968,51742,38143
32980,51764,38181
33072,51768,38097
32800,51765,38148
32714,51764,38032
33036,51784,38047
33025,51750,37996
33020,51796,38049
32876,51791,37945
32637,51789,38109
32732,51719,37972
32884,51700,37961
32844,51773,37864
32966,51700,37929
32860,51789,37924
32804,51717,37855
32856,51812,37836
33208,51788,37877
33173,51782,37800
33092,51799,37880
33124,51735,37813
33016,51816,37895
32912,51799,37712
33016,51796,37735
33080,51791,37767
33180,51817,37737
33248,51829,37862
33356,51821,37680
33356,51759,37699
33332,51771,37796
33028,51812,37698
33060,51728,37788
33120,51796,37713
33020,51751,37724
33052,51817,37628
32892,51828,37657
32980,51824,37690
33124,51828,37697
33120,51839,37722
33068,51820,37608
33192,51780,37660
33176,51802,37798
33117,51770,37673
33005,51817,37796
32724,51812,37687
32540,51732,37788
32660,51815,37609
32908,51822,37661
32974,51836,37609
33016,51814,37668
32903,51820,37612
33212,51783,37664
33152,51837,37621
32932,51815,37663
32892,51753,37690
32876,51785,37732
32908,51758,37743
32936,51847,37676
32920,51823,37765
32864,51825,37703
32808,51749,37812
32744,51749,37728
32482,51804,37885
32408,51785,37740
32344,51812,37861
32277,51828,37772
32208,51740,37936
32124,51768,37817
32069,51828,37838
32280,51832,37796
32404,51847,37942
32073,51844,37895
32084,51872,37984
32173,51895,37924
32708,51896,38010
33334,51857,37888
33416,51949,37933
32505,51972,38007
31800,51957,38004
32248,51989,37960
33468,51956,38052
34968,51965,38068
36020,51911,38228
37160,51975,38132
37728,51965,38279
37080,51969,38205
36232,51984,38320
35193,51960,38256
34000,51974,38352
33008,51952,38284
32420,51920,38368
32032,51972,38333
31720,51975,38333
31596,51902,38460
31544,51975,38434
31552,51957,38588
31564,51999,38488
31640,52007,38556
31680,51990,38497
31588,51957,38559
31552,51975,38722
31648,51975,38613
31805,51999,38649
31760,51975,38754
31608,51892,38688
31372,51996,38736
31249,51989,38716
31404,52004,38792
31509,52021,38781
31476,51991,38880
31408,51996,38829
31400,51996,38921
31333,51985,38895
31460,51992,38905
31428,51988,38989
31317,52012,38973
31336,52010,39047
31324,52025,39035
31536,51972,39111
31556,51975,39149
31544,52022,39132
31520,52012,39136
31420,52020,39256
31345,51975,39237
31329,52039,39328
31190,52015,39298
31289,52032,39376
31372,51975,39324
31481,51964,39349
31396,52012,39417
31368,52024,39396
31280,51996,39399
31360,52053,39388
31364,52061,39546
31312,52046,39465
31218,52061,39452
31184,52030,39529
31234,52064,39525
31290,52052,39639
31308,52061,39592
31246,52061,39596
31266,52063,39585
31296,51972,39708
31256,52060,39653
31324,52065,39753
31257,52038,39702
31232,52060,39720
31348,52087,39700
31385,52068,39837
31268,52076,39799
31268,52079,39900
31252,52020,39812
31194,52092,39831
31166,52039,39956
31192,52071,39886
31236,52087,39908
31276,52084,39968
31272,52100,39961
31396,52095,40060
31396,52093,39992
31405,52084,40103
31469,52041,40028
31392,52103,40014
31304,52079,40068
31220,52094,40064
31272,52008,40105
31377,52116,40097
31356,52103,40196
31420,52101,40144
31332,52100,40238
31221,52094,40183
31372,52023,40238
31568,52095,40188
31560,52095,40184
31472,52100,40208
31416,52039,40319
31504,52085,40248
31753,52093,40292
31892,52103,40252
31833,52076,40284
31793,52004,40309
31864,52036,40294
32048,52061,40351
32069,52004,40301
32064,52077,40311
32021,52079,40412
31940,52063,40319
32008,52085,40321
32192,52071,40376
32200,52076,40321
32104,52050,40365
32281,52054,40320
32544,52036,40340
32584,52063,40332
32344,52062,40436
32288,52063,40332
32272,52076,40373
32452,52071,40341
32800,52064,40384
32676,52004,40327
32436,52063,40312
32317,52048,40372
32414,52052,40311
32560,51972,40318
32472,52052,40357
32324,52066,40287
32532,52012,40349
32892,52071,40268
33128,52047,40303
33200,52064,40220
33056,51972,40173
32913,52048,40224
32917,52032,40145
33172,52069,40175
33063,52087,40069
33084,52068,40132
33016,52087,40000
33112,52069,39956
33564,52071,39901
33597,52087,39852
33568,52005,39788
33480,52060,39837
33180,52077,39692
33116,52093,39644
33620,52053,39546
33632,52092,39500
33508,52052,39505
33374,52100,39364
33340,52092,39367
33504,52092,39223
33552,52034,39261
33133,52068,39111
33110,52072,39148
33364,52088,38928
33532,52072,38878
33436,52009,38919
33600,52103,38745
33520,52084,38733
33328,52033,38567
33184,52101,38516
33301,52096,38389
33449,52004,38352
33544,52092,38356
33524,52092,38223
33297,52103,38144
33098,52036,38060
33320,52079,37964
33457,52132,38018
33608,52096,37808
33560,52124,37806
33516,52120,37648
33540,52103,37549
33464,52143,37428
33504,52135,37468
33352,52145,37247
33228,52152,37196
33360,52182,37271
33764,52155,37060
34142,52167,37108
34388,52092,36916
33320,52188,36871
32684,52172,36696
32968,52181,36692
33293,52108,36556
33164,52175,36578
32868,52180,36508
33132,52220,36521
33392,52223,36423
33597,52212,36341
33722,52196,36296
33620,52213,36145
33668,52213,36157
33308,52228,36032
33337,52228,36048
33400,52172,35935
33168,52221,36008
33304,52231,35804
33344,52228,35891
33452,52207,35668
33236,52224,35664
33428,52231,35473
33564,52152,35521
33206,52175,35332
33168,52230,35220
33340,52252,35167
33244,52231,35159
33644,52205,34980
33500,52204,34973
33232,52252,34817
33632,52229,34629
33700,52223,34671
33656,52220,34567
33624,52224,34316
33461,52228,34370
33229,52231,34168
33260,52169,34221
33092,52252,34010
33169,52249,34081
33708,52252,33905
33908,52231,33785
33800,52201,33692
33716,52212,33468
33934,52213,33488
34012,52213,33256
33584,52143,33341
33420,52228,33221
33564,52231,33125
33760,52223,33023
33609,52223,32773
33700,52160,32832
33712,52231,32587
33476,52223,32675
33064,52166,32500
33012,52205,32549
33372,52212,32388
33476,52212,32263
33486,52223,32340
33472,52171,32118
33892,52224,31937
33584,52197,31967
33228,52207,31702
33132,52189,31797
33236,52197,31578
33440,52196,31765
33992,52117,31573
34376,52125,31319
33748,52118,31404
33524,52204,31210
33364,52204,31321
33380,52172,31212
33576,52185,31079
33203,52183,31061
33536,52124,30912
33604,52185,30920
33308,52188,30670
33477,52183,30852
33508,52188,30740
33328,52119,30608
33172,52215,30621
33188,52196,30359
33800,52196,30525
33652,52204,30428
33200,52204,30338
33052,52196,30309
33132,52140,30185
33200,52206,30215
32928,52220,30017
32596,52140,30109
32604,52223,29890
33053,52196,29985
33336,52208,29752
33200,52117,29876
32425,52205,29681
32961,52188,29784
33508,52205,29612
33552,52135,29683
33664,52212,29428
33748,52231,29561
34356,52231,29412
34864,52250,29556
35452,52261,29436
36060,52214,29415
35516,52295,29354
34112,52292,29176
33984,52244,29367
34956,52296,29238
35768,52231,29228
36984,52308,29165
37742,52284,28964
38840,52279,29082
38952,52277,29031
37788,52192,29007
36060,52260,28991
34280,52261,28744
32996,52252,28894
32352,52257,28737
32428,52261,28900
31960,52206,28828
31550,52261,28841
31680,52271,28742
31845,52231,28551
31918,52220,28785
31992,52231,28648
31432,52231,28584
31180,52148,28668
31428,52189,28567
31498,52244,28541
31616,52196,28524
31540,52206,28379
31636,52196,28497
31852,52164,28438
31844,52148,28414
31828,52180,28468
32132,52193,28389
31620,52199,28308
31076,52218,28317
31148,52133,28222
31829,52213,28344
31636,52204,28316
31400,52196,28256
31028,52191,28250
31432,52182,28201
31601,52164,28324
31740,52168,28231
31740,52103,28077
31880,52140,28279
31818,52180,28097
31201,52164,28209
31204,52172,28200
31628,52159,28132
31032,52069,28169
30768,52071,28167
31196,52054,28055
31176,52087,28196
31328,52151,28197
31120,52148,28039
31044,52117,28167
31092,52135,28112
31077,52145,28224
31152,52063,28196
31724,52133,28293
31776,52109,28093
31836,52117,28244
31600,52049,28174
31837,52136,28276
31900,52140,28197
31584,52132,28324
31160,52132,28277
31008,52132,28412
30970,52132,28351
31108,52044,28176
31348,52076,28382
31696,52116,28240
32036,52103,28378
31421,52117,28358
30905,52133,28519
31180,52140,28389
31816,52125,28440
31508,52121,28340
31460,52037,28480
31936,52117,28380
31300,52092,28524
31132,52102,28348
30948,52054,28564
31044,52103,28366
31060,52109,28584
30888,52039,28665
31128,52120,28492
31485,52103,28586
31844,52029,28532
32092,52119,28630
31880,52103,28452
31992,52087,28638
31636,52101,28576
31688,52072,28673
31616,52052,28644
31005,52119,28772
31508,52112,28677
32140,52103,28719
32554,52103,28625
32416,52060,28708
32148,52086,28656
32340,52028,28728
32224,52087,28548
31968,52103,28756
32340,52085,28565
32388,52103,28781
32084,52033,28771
32397,52079,28812
32544,52116,28609
32556,52095,28833
32904,52088,28738
32848,52087,28903
32548,52092,28892
32496,52084,28750
32836,52080,29024
33060,52076,28964
32760,51999,28984
33160,52044,28995
33642,52060,28863
33720,52057,29073
33073,52055,29086
33384,52020,29111
33488,52028,29123
32884,52037,28974
32562,52036,29204
32872,51953,29216
33461,51972,29314
33852,52004,29282
33508,52028,29110
32860,52029,29326
32636,52023,29228
33664,51956,29414
33744,52000,29313
33328,52004,29498
33292,52013,29459
33034,52005,29613
32996,51935,29574
33312,52013,29679
33920,51991,29596
33972,52005,29664
34252,51999,29645
34180,51943,29770
33672,51905,29776
33072,51919,29671
33664,51960,29912
34100,51997,29911
34180,51975,29975
34360,51982,29988
33872,51975,29927
33412,51900,30060
33420,51969,29984
33636,51946,30213
33904,51944,30180
34096,51957,30305
33625,51876,30260
33888,51897,30399
34424,51956,30380
33888,51940,30509
33464,51882,30361
33676,51941,30542
33804,51916,30368
33856,51919,30598
33592,51836,30644
33596,51925,30660
33280,51911,30744
33616,51909,30589
33836,51917,30855
33672,51879,30789
33516,51919,30999
33217,51911,30945
33048,51888,31028
33576,51884,31071
33804,51836,30932
33744,51884,31189
33660,51892,31122
33388,51878,31316
33598,51864,31304
33637,51876,31484
33480,51807,31398
33325,51784,31304
33396,51865,31537
33380,51848,31511
33108,51847,31556
33106,51839,31592
33289,51860,31517
33116,51863,31764
33072,51854,31713
33664,51816,31886
33776,51856,31792
33632,51832,31924
33432,51837,31772
33504,51829,31992
33353,51790,31958
33588,51768,31958
33492,51847,32004
33404,51831,31868
34853,51828,32065
33768,51836,31924
32620,51824,32141
32348,51817,32021
33016,51823,32172
33572,51801,32100
33876,51812,32212
33764,51740,32325
33588,51821,32228
33280,51840,32372
32576,51816,32263
32824,51820,32484
32968,51823,32381
33056,51823,32447
33310,51773,32311
32960,51796,32529
32796,51797,32428
32645,51814,32372
32568,51812,32446
32836,51741,32308
32996,51820,32477
33196,51831,32361
33161,51799,32519
33077,51744,32633
33112,51743,32533
33220,51805,32410
33600,51792,32525
33356,51799,32409
33476,51796,32556
33564,51813,32406
33216,51740,32582
33204,51716,32470
33681,51719,32717
33448,51719,32576
33197,51792,32488
33252,51792,32578
33016,51756,32476
33156,51760,32711
33760,51775,32608
33644,51780,32425
33428,51796,32612
33288,51791,32548
32784,51700,32624
32856,51776,32470
33228,51701,32606
33644,51748,32461
33430,51756,32596
32984,51759,32464
33032,51775,32609
32828,51755,32422
33324,51750,32584
33860,51734,32452
33700,51719,32676
32956,51719,32608
33120,51632,32729
33400,51675,32561
33028,51719,32693
32621,51719,32565
32848,51716,32641
32764,51686,32513
33070,51705,32386
32812,51719,32608
32644,51711,32453
32812,51702,32375
33248,51693,32532
33516,51671,32389
33493,51677,32312
33172,51676,32396
32785,51664,32217
32844,51668,32436
33120,51673,32279
32812,51666,32243
33060,51581,32249
33196,51652,32151
32696,51640,32320
33144,51558,32207
33536,51556,31993
32968,51561,32213
32636,51575,32121
32612,51620,32023
33092,51581,31966
33428,51574,32164
33616,51564,32045
34124,51621,31861
34036,51591,32080
34100,51581,31964
35108,51596,31860
35692,51692,31980
35632,51718,31913
34016,51748,31784
33492,51740,31865
35008,51704,31701
36400,51719,31824
37300,51709,31646
38896,51629,31776
40484,51653,31720
40185,51673,31649
38508,51672,31675
36400,51684,31541
34432,51680,31696
33137,51684,31548
32088,51668,31372
31320,51644,31572
31336,51639,31447
31332,51628,31324
31420,51625,31332
31528,51620,31174
31048,51612,31391
31188,51572,31228
31528,51617,31195
31596,51620,31133
31200,51607,30944
31004,51596,31043
31356,51589,30848
31356,51503,31040
31300,51591,30938
31500,51577,30956
31124,51557,30868
31084,51570,30660
31245,51477,30819
31060,51556,30837
31052,51548,30760
31218,51514,30724
31280,51463,30672
31184,51540,30498
31316,51495,30727
31424,51520,30608
31105,51524,30364
31232,51439,30505
31484,51453,30438
31295,51460,30425
31772,51512,30386
31844,51508,30174
31584,51476,30316
31396,51484,30184
31237,51484,30308
31280,51388,30162
31364,51436,30160
31117,51487,30061
30868,51476,29936
30968,51463,29929
30964,51462,29745
31776,51457,29887
32112,51463,29717
31376,51422,29752
30962,51463,29545
30944,51436,29628
30868,51457,29400
30806,51460,29530
30862,51370,29320
31108,51452,29460
31184,51463,29301
31121,51447,29368
30982,51452,29128
30960,51380,29318
30860,51437,29364
30936,51451,29104
30908,51376,29196
30984,51445,28982
31244,51433,29125
31140,51430,28933
30848,51364,29068
30652,51397,29007
30752,51447,29030
30752,51429,28983
30744,51348,28888
30770,51416,28935
30872,51400,28878
30926,51412,28972
30732,51405,28788
30868,51416,28941
30888,51329,28849
31001,51376,28624
30944,51412,28809
30904,51381,28689
30816,51390,28781
30800,51375,28756
30796,51385,28569
30688,51349,28709
30817,51389,28585
30821,51332,28727
30788,51374,28559
30792,51396,28693
30930,51340,28696
30965,51327,28622
30968,51388,28661
31072,51356,28558
31192,51388,28656
31060,51380,28644
31060,51308,28667
31222,51351,28636
31377,51364,28540
31448,51381,28601
31376,51311,28449
31080,51384,28673
30976,51353,28605
31092,51365,28671
31168,51284,28516
31104,51396,28598
31113,51335,28492
31256,51376,28578
31360,51303,28354
31526,51387,28516
31648,51361,28468
31853,51320,28512
32124,51367,28504
31928,51361,28428
31768,51365,28455
32012,51373,28396
32100,51357,28431
32096,51363,28510
32224,51308,28324
32304,51364,28424
32488,51344,28535
32444,51335,28336
32409,51268,28436
32588,51348,28351
32687,51308,28487
32660,51332,28416
32484,51258,28438
32472,51335,28268
32773,51308,28452
32936,51308,28301
32868,51301,28474
32840,51260,28383
32936,51309,28452
33183,51324,28311
33100,51296,28470
33052,51303,28452
33120,51285,28476
33152,51279,28329
33156,51321,28484
33300,51304,28316
33352,51297,28519
33300,51285,28544
33336,51207,28551
33448,51237,28499
33220,51271,28551
33018,51308,28412
32972,51316,28599
32936,51309,28438
32976,51324,28656
33004,51265,28605
32992,51327,28724
33052,51309,28719
33156,51305,28773
33144,51304,28752
33152,51239,28845
33048,51324,28699
32896,51311,28919
32904,51324,28753
32944,51324,28991
33048,51309,28902
33040,51241,29172
33120,51263,29148
33124,51309,29174
33060,51302,29241
33048,51300,29356
32992,51255,29201
32937,51309,29372
33108,51324,29480
33240,51300,29492
33212,51302,29633
33186,51252,29444
33200,51270,29677
33160,51293,29808
33260,51234,29732
33360,51305,29841
33173,51303,29800
32909,51277,29959
32972,51272,30148
33140,51327,30028
33220,51252,30150
33200,51316,30063
33184,51296,30274
33240,51296,30134
33196,51319,30372
33056,51294,30356
32940,51312,30480
32929,51316,30592
33112,51247,30573
33188,51239,30740
33156,51311,30551
33228,51302,30724
33232,51239,30716
33192,51316,30823
33364,51292,30887
33520,51303,30776
33088,51319,30956
32856,51318,31078
32876,51325,30871
33032,51333,31080
33108,51317,31118
33156,51237,30996
33248,51303,31181
33341,51300,31044
33176,51294,31268
33040,51237,31261
32928,51316,31220
32964,51308,31321
32930,51297,31420
32956,51311,31239
33030,51309,31405
33152,51317,31508
33228,51302,31260
33204,51207,31437
33028,51284,31492
33041,51292,31268
33045,51333,31475
32857,51316,31488
33012,51317,31284
33337,51326,31472
33412,51301,31500
33220,51319,31327
33129,51229,31465
33164,51316,31513
33181,51308,31282
33036,51316,31428
32904,51303,31477
32928,51237,31292
33028,51308,31436
33021,51292,31260
32929,51220,31409
33004,51303,31237
33278,51279,31415
33360,51221,31436
33064,51224,31239
32956,51268,31354
32928,51270,31175
32992,51284,31332
32984,51260,31139
32980,51244,31301
32992,51278,31268
32912,51271,31276
32888,51180,31140
32860,51268,31206
32858,51260,31079
32708,51261,31261
32780,51277,31069
32756,51279,31128
32976,51240,30912
33116,51284,31064
32953,51271,30871
32780,51199,31008
32584,51231,30901
32592,51252,30956
32644,51278,30976
32628,51252,30905
32356,51244,31004
32328,51276,30820
32456,51260,30902
32272,51271,30727
32072,51224,30860
31944,51244,30569
31980,51167,30726
32165,51236,30769
32276,51253,30500
32113,51260,30660
32228,51260,30745
32448,51196,30431
32812,51242,30580
33210,51207,30565
33172,51300,30417
33376,51220,30407
33752,51292,30508
34476,51260,30490
35584,51325,30585
35948,51280,30246
34480,51375,30407
33268,51392,30393
33486,51416,30321
34512,51399,30298
35552,51335,30366
36276,51399,30328
37044,51389,30382
37756,51372,30408
37252,51356,30273
36108,51382,30121
34612,51364,30198
33508,51334,30300
32654,51383,30288
31933,51316,30294
31384,51389,30076
31077,51284,30236
30664,51335,30272
30448,51375,30304
30710,51375,30188
30784,51376,30244
30693,51348,30325
30592,51368,30324
30640,51399,30369
30752,51391,30325
30768,51361,30265
30724,51369,30436
30740,51380,30517
30636,51387,30294
30504,51375,30494
30408,51297,30544
30356,51382,30612
30648,51381,30463
30853,51384,30403
30878,51409,30523
30544,51382,30614
30788,51404,30682
30760,51398,30681
30554,51396,30493
30862,51389,30685
31040,51407,30685
30753,51399,30728
31108,51416,30581
30926,51399,30708
30760,51357,30640
30992,51417,30694
31072,51405,30680
31272,51406,30759
31208,51404,30508
30901,51415,30629
30984,51405,30666
31045,51425,30653
31096,51423,30610
31034,51437,30625
31133,51425,30720
31276,51423,30463
31296,51416,30592
31072,51398,30684
30852,51417,30432
30900,51432,30484
30933,51430,30537
31236,51436,30576
31168,51356,30346
31004,51447,30455
31116,51404,30492
31124,51456,30598
31120,51405,30270
30988,51460,30431
30752,51389,30471
31132,51463,30286
31384,51426,30406
31572,51492,30401
31574,51420,30264
31112,51517,30367
30980,51515,30356
31076,51525,30384
31280,51463,30185
31264,51503,30294
31232,51429,30292
31226,51510,30314
31400,51444,30225
31378,51532,30108
31380,51553,30060
31460,51548,30150
31374,51556,30225
31319,51555,30265
31356,51495,30196
31320,51544,30064
31680,51551,30180
32200,51552,30254
32314,51564,29964
32160,51561,30158
31748,51591,30202
31501,51582,30055
31568,51545,30134
31674,51580,30084
31876,51591,30120
32016,51590,30124
32206,51584,29933
31968,51577,30118
31748,51590,30077
32056,51597,30089
32252,51612,30079
32280,51605,30079
32360,51624,29866
32284,51620,30075
32272,51554,30125
32442,51596,29925
32484,51534,30025
32736,51621,29917
32621,51623,29973
32540,51632,30020
32824,51621,29900
32736,51557,29997
33008,51620,29998
33108,51604,30039
33280,51628,29828
33249,51620,29988
33260,51613,29981
33244,51584,29900
33332,51633,29924
33076,51581,29972
33206,51645,29964
33248,51660,30050
33440,51652,29774
33576,51629,29957
33456,51647,30006
33396,51636,29836
33604,51649,29943
33644,51656,29944
33584,51653,29729
33464,51668,29896
33584,51652,29917
33848,51658,29849
33956,51687,29898
33864,51668,29981
33900,51665,29890
33678,51673,29804
33804,51612,29898
33940,51696,29933
33956,51668,29783
33932,51702,29863
33968,51702,29823
33748,51679,29876
33884,51701,29903
34240,51713,29901
34332,51719,29977
34148,51708,29831
34112,51708,29888
34328,51631,29780
33924,51719,29921
33780,51719,30040
33768,51732,29872
33720,51695,30004
33744,51760,29932
33880,51748,30014
33802,51701,29936
33856,51749,29944
33840,51748,29933
34068,51773,29992
34197,51759,29985
34104,51719,29839
33940,51782,30009
33696,51775,29881
33640,51780,30032
33468,51807,29937
33664,51789,30076
33656,51735,29957
33624,51751,30072
33820,51799,29918
34012,51788,30082
33860,51813,29924
33692,51836,30084
33664,51828,29908
33620,51839,30108
33536,51847,30182
33616,51828,29942
33730,51775,30101
34080,51842,30060
34432,51844,30084
33900,51820,30132
33980,51860,29925
33962,51805,30132
34148,51890,30133
34184,51872,30078
33985,51906,30128
33692,51840,30245
33772,51928,30113
33932,51921,30180
33856,51888,29992
33956,51933,30111
34028,51877,29921
33916,51974,30105
33764,51972,30004
33800,51975,30086
33768,51975,30192
33824,51916,30096
33844,51999,30172
33896,51997,29941
33965,52012,30078
33944,52008,30084
33880,52028,29983
33824,52021,30052
34036,52047,29927
34336,52055,30080
34397,52041,30052
34168,52000,29984
33864,52061,30036
33868,52076,30053
33745,52084,29957
33496,52032,30114
33564,52093,30017
33753,52020,30037
33932,52133,30006
34260,52101,29924
34528,52121,29980
34310,52060,29912
33936,52143,29945
33948,52124,29847
33944,52148,29911
33736,52164,29825
33501,52172,29896
33592,52135,29981
33584,52180,29774
33904,52194,29903
34076,52206,29748
34144,52221,29894
34176,52215,29790
34136,52196,29664
34013,52188,29777
34100,52213,29804
34220,52160,29578
34048,52261,29703
34088,52244,29669
34266,52194,29705
34228,52208,29723
34180,52263,29656
34148,52197,29645
34276,52284,29618
34304,52287,29597
34092,52297,29566
34088,52271,29636
34180,52304,29400
33976,52312,29476
33956,52356,29413
33920,52326,29456
33940,52248,29468
33984,52348,29264
34172,52328,29372
34112,52348,29203
34024,52280,29388
34004,52372,29301
33788,52349,29103
33860,52380,29234
34028,52348,29064
33916,52405,29200
34108,52390,29051
34164,52332,29150
34096,52425,29013
34330,52412,29128
34344,52428,29029
34164,52369,29159
34108,52471,29094
33972,52460,28944
33904,52472,29047
34412,52481,28820
34728,52468,29025
34076,52487,28848
33696,52487,28972
33696,52420,28945
33364,52532,29046
33260,52505,28956
33628,52550,28985
33660,52527,28880
33592,52589,28932
33624,52581,28733
33858,52591,28845
33540,52512,28802
33396,52516,28852
33456,52615,28813
33440,52615,28701
33312,52608,28776
33436,52639,28564
33512,52645,28752
33864,52647,28750
34240,52692,28724
34384,52680,28724
34332,52667,28784
34580,52688,28675
34728,52718,28662
35508,52736,28604
36288,52780,28686
35984,52799,28669
34664,52728,28461
34132,52821,28637
35080,52832,28708
36496,52772,28538
37644,52836,28589
39016,52816,28482
40580,52798,28676
40784,52804,28588
39316,52818,28526
37532,52837,28566
35784,52820,28605
34384,52822,28448
33405,52743,28548
32496,52829,28480
31886,52760,28544
31637,52808,28483
31857,52816,28503
31784,52736,28425
31536,52775,28257
31352,52853,28431
31392,52846,28390
31424,52853,28143
31586,52838,28350
31732,52844,28217
31940,52848,28324
31936,52775,28311
31720,52831,28316
31296,52816,28313
31016,52871,28292
31044,52852,28313
31392,52871,28308
31500,52880,28119
31364,52884,28277
31288,52797,28292
31216,52821,28039
31132,52893,28252
31156,52900,28138
31248,52880,28304
31332,52908,28207
31288,52916,27960
31181,52887,28185
31384,52908,28000
31256,52944,28085
31020,52948,28042
31060,52958,28140
31048,52941,28004
30998,52944,28031
30860,52967,27978
30953,52871,27724
31044,52935,27897
31024,52988,27797
31088,52999,27790
31228,52992,27806
31152,52981,27545
31048,52999,27724
30944,52992,27541
30933,52956,27668
30968,53017,27448
31088,53021,27628
31080,53028,27361
31068,52956,27545
31136,53029,27422
31280,53045,27556
31344,53039,27456
31224,53049,27405
31276,53053,27425
31316,52964,27231
31470,53064,27399
31244,53093,27289
30996,53079,27359
30908,53095,27221
30908,53037,27349
30992,53056,27278
31200,53093,27241
31316,53105,27076
31332,53116,27214
31340,53118,27165
31248,53124,27185
31156,53046,27136
30968,53151,27137
31040,53140,27206
31340,53149,27025
31580,53072,27087
31529,53164,26881
31200,53149,27068
31380,53157,26916
31332,53094,27042
31208,53172,26964
31332,53180,27057
31476,53158,26965
31584,53148,27084
31332,53224,27005
31364,53200,27072
31602,53212,26983
31808,53159,26996
31804,53205,26958
31804,53208,26997
31848,53216,26941
31737,53228,26768
31816,53178,26964
32144,53254,26893
32088,53253,26696
32069,53255,26881
32028,53248,26809
32209,53204,26865
32256,53255,26820
32216,53248,26893
32030,53216,26886
32208,53268,26922
32464,53255,26818
32559,53200,26946
32544,53281,26831
32728,53213,26738
32978,53279,26840
32852,53187,26645
32688,53303,26788
32624,53263,26585
32720,53255,26824
32880,53245,26608
32856,53244,26803
33204,53284,26612
33404,53207,26799
33340,53276,26781
33790,53276,26791
34144,53280,26575
33742,53274,26829
33688,53264,26798
33924,53208,26852
33928,53238,26633
33968,53285,26756
33941,53276,26626
34256,53255,26767
34336,53291,26685
34352,53276,26711
34476,53245,26751
34264,53262,26614
34168,53272,26750
34236,53229,26567
34320,53284,26766
34344,53297,26740
34312,53284,26805
34480,53277,26722
34797,53292,26729
34580,53212,26722
34748,53284,26780
34940,53284,26724
34468,53271,26613
34528,53207,26752
34468,53295,26592
34464,53292,26706
34392,53304,26665
34388,53318,26732
34528,53316,26631
34512,53255,26737
34537,53324,26635
34573,53288,26829
34789,53308,26751
35056,53240,26788
34644,53335,26660
34588,53335,26860
34312,53344,26649
34060,53300,26874
34168,53351,26960
34248,53333,26909
34284,53351,26911
34208,53309,26942
34349,53348,26932
34316,53348,26977
34312,53296,27055
34085,53357,27007
34144,53351,26971
34072,53364,27037
34368,53293,26798
34340,53374,27039
34228,53357,27096
34237,53281,27025
34444,53357,27173
34346,53375,27114
34220,53367,27076
34360,53372,27156
34396,53373,27108
34564,53294,27293
34688,53377,27227
34528,53383,27008
34445,53332,27271
34584,53359,27188
34600,53358,27293
34580,53295,27240
34480,53365,27333
34669,53334,27296
34597,53356,27373
34592,53364,27357
34732,53316,27512
34800,53360,27485
34560,53349,27481
34508,53335,27521
34720,53328,27500
34576,53255,27591
34628,53358,27365
34744,53309,27621
34592,53334,27457
34684,53332,27665
34656,53264,27536
34652,53335,27697
34684,53317,27578
34736,53316,27764
34600,53324,27610
34616,53240,27808
34544,53333,27796
34472,53309,27892
34684,53320,27903
34909,53265,27933
35012,53325,27983
34856,53319,27836
34656,53300,28004
34668,53303,27956
34604,53236,28061
34464,53240,27932
34497,53300,28132
34400,53223,28032
34360,53300,28182
34468,53284,28146
34636,53192,28242
34632,53287,28229
34528,53279,28364
34608,53255,28244
34580,53191,28333
34520,53176,28358
34368,53281,28420
34252,53252,28393
34112,53255,28454
34484,53208,28352
34768,53255,28548
34636,53255,28661
34444,53160,28505
34296,53255,28609
34121,53244,28511
34124,53164,28694
34140,53255,28816
33804,53247,28677
33888,53212,28783
33824,53252,28653
33980,53224,28862
34036,53248,28790
33956,53164,28932
34036,53232,28898
34148,53244,28998
34024,53237,28815
33576,53236,29094
33692,53255,29189
33764,53204,29095
33812,53236,29244
33966,53232,29208
33856,53252,29313
33672,53208,29246
33568,53213,29399
33480,53141,29284
33460,53245,29388
33428,53184,29240
33312,53232,29492
33192,53247,29288
33480,53255,29561
33532,53236,29652
33308,53245,29481
33253,53180,29660
33224,53239,29487
33077,53183,29740
33128,53208,29551
33232,53171,29808
33209,53175,29765
33128,53212,29888
33376,53190,29809
33548,53192,29952
33608,53183,29797
33580,53183,30089
33548,53100,30072
33452,53190,30095
33460,53185,30141
33380,53178,29989
33408,53188,30202
33328,53196,30255
33360,53192,30181
33428,53184,30312
33292,53113,30210
33350,53132,30402
33308,53181,30276
33296,53173,30480
33196,53152,30562
33152,53180,30467
33256,53164,30683
33196,53185,30620
32996,53176,30716
33124,53103,30717
33188,53184,30813
33162,53167,30756
33200,53164,30853
33262,53176,30727
33020,53189,30901
32952,53176,30943
33108,53174,31117
33168,53184,31054
33180,53089,31041
33253,53175,31140
33388,53173,31064
33326,53156,31206
33452,53148,31045
33496,53148,31292
33312,53062,31205
33052,53166,31356
33031,53142,31204
33168,53152,31442
33261,53063,31289
33264,53156,31512
33204,53146,31493
33209,53127,31661
33292,53121,31606
33360,53038,31517
33152,53127,31652
33029,53097,31532
32940,53112,31717
32894,53079,31556
32744,53127,31799
32656,53116,31751
32768,53101,31853
32800,53092,31725
32868,53063,31861
32780,53100,31697
32868,53076,31893
33236,53092,31862
33722,53028,31927
33824,53119,31860
33896,53089,31981
34244,53036,32085
35252,53127,31941
36052,53109,32020
36288,53124,31908
35126,53060,32024
33876,53164,31885
33840,53144,32028
34728,53148,31845
36104,53157,32028
37328,53084,31855
38772,53102,32052
39968,53117,31895
39444,53085,32029
38040,53078,31916
36264,53076,32076
34672,53081,32012
33396,53074,31914
32592,53031,32004
32132,53085,32014
31922,53048,32000
31772,53056,31941
31728,52967,31988
31736,53039,31947
31796,53045,31979
31994,53031,31943
31940,52988,32028
31861,52996,31984
31937,52999,31793
32108,52999,31995
32104,52911,31847
32044,52929,32029
32132,52916,32043
32148,52980,31849
32132,52973,32057
31986,52956,32117
31984,52961,32105
32020,52934,32177
32112,52975,32044
32189,52944,32163
32164,52960,32000
32048,52959,32203
32000,52871,32196
32056,52964,32333
32108,52932,32246
32096,52949,32140
32060,52957,32247
31996,52981,32188
32056,52957,32261
32105,52960,32359
32072,52935,32219
32096,52967,32333
32060,52948,32244
31926,52932,32311
31872,52948,32101
32224,52924,32230
32156,52900,32196
32005,52896,32148
31932,52941,32180
31968,52944,32261
32044,52945,31973
32100,52925,32119
32042,52932,31916
31968,52929,32070
31950,52900,32052
31916,52833,32103
31928,52847,31862
31904,52911,31988
31856,52913,31983
31788,52909,31876
31980,52916,31909
32096,52897,31871
31844,52812,31751
31660,52871,31768
31736,52814,31792
31856,52871,31855
31892,52885,31658
31808,52868,31718
31852,52862,31701
32040,52871,31736
32056,52870,31486
31964,52863,31648
31876,52852,31652
31848,52814,31396
31845,52820,31564
31816,52743,31529
31804,52816,31625
31776,52743,31356
31768,52784,31489
31817,52823,31508
31936,52812,31288
32064,52799,31411
32108,52724,31441
32101,52799,31239
32120,52767,31364
32020,52690,31397
31896,52743,31211
31705,52660,31341
31636,52737,31374
31680,52664,31112
31776,52740,31306
31880,52725,31271
31888,52732,31344
31920,52712,31144
31936,52615,31266
31925,52704,31199
31992,52697,31234
31944,52700,31284
32036,52690,31172
32148,52689,31256
32213,52684,31077
32246,52667,31260
32252,52653,31084
32300,52652,31269
32304,52620,31113
32260,52637,31273
32192,52588,31134
32204,52644,31286
32288,52624,31167
32396,52588,31334
32364,52604,31189
32428,52615,31344
32504,52631,31166
32624,52588,31328
32809,52512,31172
32892,52599,31366
32760,52574,31199
32736,52573,31406
33000,52502,31340
33124,52576,31447
33184,52557,31366
33172,52556,31548
33249,52479,31460
33244,52553,31570
33268,52528,31489
33256,52438,31540
33428,52519,31420
33404,52485,31548
33477,52519,31680
33616,52496,31412
33732,52476,31572
33852,52452,31418
33969,52460,31608
34220,52359,31428
34220,52440,31652
34172,52414,31585
34360,52423,31689
34284,52393,31768
34098,52388,31684
34084,52392,31822
34136,52359,31708
34192,52399,31799
34268,52357,31736
34228,52356,31607
34344,52306,31732
34532,52316,31599
34556,52329,31759
34336,52341,31636
34176,52268,31823
34292,52312,31760
34444,52277,31861
34504,52313,31789
34480,52294,31788
34496,52212,31766
34356,52296,31846
34272,52276,31688
34200,52188,31815
34168,52292,31652
34136,52264,31801
34120,52194,31641
34100,52268,31833
34044,52252,31887
34069,52244,31776
34272,52164,31900
34484,52231,31745
34264,52231,31916
34056,52215,31744
34152,52221,31839
34232,52175,31652
34184,52231,31836
33972,52199,31964
34080,52117,31859
33928,52212,31943
33408,52181,31844
33156,52168,31908
33744,52164,31876
34592,52158,31924
34472,52101,31824
33985,52117,31911
33856,52152,31772
33856,52160,31872
34012,52140,31684
33860,52148,31878
34000,52124,31944
34136,52029,31852
34221,52117,31832
33968,52103,31777
33708,52052,31836
33980,52092,31675
34004,52101,31844
33800,52103,31860
33608,52095,31649
33758,52089,31847
33916,52071,31846
33924,52048,31831
33936,52055,31944
33876,51975,31791
33838,52069,31818
33848,52052,31616
33776,52064,31783
33924,51961,31729
33976,52044,31774
33972,52036,31789
33864,51941,31584
33668,52021,31745
33841,52009,31708
34120,52000,31745
33984,51997,31836
33509,51924,31693
33548,51975,31812
33680,51973,31609
33824,51974,31680
33961,51949,31501
33836,51940,31660
33640,51860,31578
33668,51937,31678
33800,51920,31454
33713,51836,31655
33529,51940,31557
33620,51920,31589
33648,51903,31420
33712,51921,31524
33700,51893,31348
33916,51896,31479
33976,51892,31342
33936,51871,31444
33944,51865,31396
33904,51884,31385
33404,51860,31407
33620,51852,31152
33677,51864,31316
33696,51844,31325
33609,51804,31092
33684,51830,31213
33856,51804,31144
34032,51719,31169
33913,51808,31192
33572,51798,31084
33324,51796,31050
33336,51719,31032
33544,51780,30935
33532,51780,30956
33640,51762,31044
33710,51693,30882
33572,51719,30887
33240,51732,30752
33140,51732,30886
33372,51742,30636
33574,51719,30716
33632,51719,30568
33441,51685,30630
33415,51719,30556
33274,51702,30575
33180,51695,30353
33216,51681,30497
33124,51669,30286
32944,51643,30430
33020,51672,30289
33368,51663,30380
33380,51580,30381
33312,51663,30180
33420,51648,30268
33472,51572,30056
33332,51640,30212
33104,51612,30028
33240,51620,30201
33420,51591,30132
33384,51508,30181
33380,51597,30060
33276,51580,30080
33236,51531,30008
33476,51579,30039
33276,51559,30013
32976,51448,29935
32852,51525,29996
33040,51484,29997
33192,51492,29982
33076,51437,30018
32923,51504,29903
32904,51484,29980
33161,51463,29832
33228,51484,29928
33126,51463,29932
32992,51389,29923
32869,51463,29937
33084,51438,29736
33064,51452,29892
32764,51440,29724
32736,51367,29901
32812,51459,29756
32884,51428,29908
32924,51412,29792
32912,51400,29900
32697,51396,29736
32612,51311,29932
32956,51309,29922
33180,51308,29882
33016,51356,29924
33160,51372,29812
33184,51373,29952
32801,51276,29864
32804,51359,29956
32904,51329,29916
33060,51324,29983
32712,51244,29788
33064,51331,29977
33088,51292,29807
32852,51308,29988
32724,51207,29820
32736,51311,30004
32796,51292,29978
32932,51207,29972
32780,51305,30052
32756,51276,29929
32764,51293,30076
32804,51285,29972
32668,51196,30145
32572,51207,30053
32836,51280,30044
32724,51292,30044
32632,51279,29856
32724,51262,30045
32889,51228,29885
32928,51279,30071
32718,51255,29940
32576,51246,30088
32580,51260,29925
32526,51239,30092
32600,51255,30060
32492,51247,30026
32460,51248,30044
32568,51183,29869
32732,51237,30061
32532,51237,29956
32412,51198,30149
32492,51204,30063
32430,51207,29877
32292,51207,30039
32272,51150,29912
32232,51231,30145
32284,51207,30057
32432,51204,29856
32360,51140,30035
32368,51205,29861
32296,51180,30030
32276,51169,29898
32468,51124,30049
32388,51125,29861
32220,51172,30060
32044,51172,30054
32172,51092,29861
32320,51172,30052
32289,51130,30052
32252,51152,29988
32212,51092,30052
32046,51144,30096
31860,51133,30052
31706,51145,30048
31532,51116,30065
31612,51145,29999
31728,51109,30095
32076,51108,30135
32144,51029,30093
32036,51068,30111
31760,51089,30109
31647,51064,30152
31768,51071,30112
31780,50989,30172
31864,51068,30053
31956,51056,30124
32020,51020,29957
31929,51055,30137
32052,51033,30247
32056,50983,30061
32176,51022,30176
32198,51012,29972
32164,50935,30150
32052,51019,30128
32080,51001,30164
32214,50999,30252
32216,50988,30124
32360,50984,30183
32365,50975,29977
32228,50971,30109
31984,50880,29929
31924,50966,30109
32092,50932,30004
31924,50945,30060
32152,50949,29953
32064,50965,30061
32060,50940,29861
32020,50936,30020
32004,50935,29852
31980,50852,30026
31968,50928,29919
32248,50916,29974
32220,50908,29894
31820,50908,30065
31617,50918,29948
31637,50837,29881
31740,50919,29900
32172,50832,29716
32048,50876,29869
32004,50872,29732
31840,50863,29881
32040,50857,29832
32260,50844,29735
32376,50836,29922
32097,50772,29805
31608,50840,29769
31486,50821,29754
31380,50735,29807
31732,50808,29743
31880,50784,29741
31597,50780,29681
31448,50688,29812
31420,50767,29673
31608,50767,29525
31668,50775,29630
31584,50761,29456
31656,50750,29612
31809,50751,29498
31602,50664,29637
31272,50744,29409
31022,50716,29562
31268,50720,29412
31308,50633,29540
31344,50725,29414
31372,50709,29632
31752,50687,29527
32128,50695,29564
32570,50652,29498
32744,50709,29356
32888,50676,29453
33044,50695,29289
33724,50629,29428
34518,50716,29276
35080,50717,29478
34240,50735,29407
32688,50748,29345
32432,50759,29381
33032,50695,29239
34172,50743,29412
35292,50727,29341
36160,50676,29220
37604,50676,29378
37996,50612,29238
36880,50670,29429
35496,50656,29300
33812,50647,29380
32460,50583,29246
31792,50644,29348
31322,50628,29104
30848,50564,29228
30540,50560,29064
30496,50588,29198
30536,50589,29220
30360,50581,29121
30432,50585,29205
30346,50565,28987
30532,50567,29152
30746,50565,29181
30744,50565,28996
30628,50533,29148
30608,50460,28982
30540,50528,29174
30504,50519,29148
30685,50519,29164
30704,50513,29124
30760,50431,29305
30825,50516,29052
30776,50494,29193
30857,50445,29039
30824,50453,29240
30824,50479,29126
30880,50441,29340
30844,50464,29252
30785,50468,29298
30780,50415,29262
30888,50469,29152
30488,50439,29271
30596,50439,29191
30912,50385,29273
31028,50439,29168
31108,50418,29294
31136,50333,29413
31052,50429,29292
30836,50414,29153
30880,50356,29399
30904,50406,29213
31074,50324,29334
31156,50404,29172
31044,50377,29300
31016,50386,29174
31128,50373,29316
31121,50359,29180
31256,50375,29400
31260,50367,29318
31376,50327,29305
31336,50389,29317
31269,50359,29202
31140,50354,29394
31198,50350,29326
31008,50345,29184
31146,50270,29460
31138,50311,29333
31064,50340,29191
31076,50329,29428
30972,50328,29358
31104,50252,29181
31380,50302,29480
31408,50276,29377
31132,50324,29264
31048,50308,29365
31120,50276,29365
31012,50300,29444
31016,50293,29375
31104,50300,29233
31100,50300,29500
31024,50280,29390
31044,50309,29249
30925,50284,29438
30952,50287,29396
31146,50264,29405
31228,50265,29432
31172,50279,29301
31200,50276,29447
31196,50268,29281
30916,50269,29448
31076,50268,29305
30960,50246,29532
31118,50257,29494
31228,50180,29507
31156,50256,29492
30900,50223,29366
30880,50239,29559
31112,50253,29357
31248,50223,29526
31420,50164,29366
31252,50232,29535
31010,50228,29384
30960,50149,29644
31020,50236,29561
31100,50220,29692
31336,50167,29447
31304,50193,29605
31060,50183,29532
30948,50183,29721
31084,50116,29505
31176,50210,29661
31448,50199,29582
31373,50183,29700
31232,50183,29640
31364,50164,29484
31440,50165,29663
31444,50172,29632
31286,50156,29666
31356,50157,29528
31388,50166,29696
31328,50159,29558
31276,50165,29764
31520,50079,29708
31564,50156,29776
31461,50128,29736
31504,50140,29668
31620,50055,29732
31912,50132,29608
31769,50132,29786
31697,50128,29648
31712,50068,29836
31964,50138,29795
32089,50117,29628
32028,50119,29860
32116,50119,29808
32108,50119,29764
32152,50109,29824
32220,50087,29736
32300,50100,29910
32236,50020,29867
32421,50101,29912
32812,50089,29897
32924,50033,29997
32948,50087,29853
33144,50079,29919
33052,50032,29779
33026,50068,30073
33008,50049,29989
33088,50049,29836
33144,50055,30038
32904,50031,29976
32676,50069,29988
32893,50055,30079
33216,50044,30079
33252,50004,30008
33300,50021,30169
33201,50014,30189
33128,50005,30096
33068,50017,30228
33124,50014,30223
33312,50012,30200
33312,49927,30279
33420,49972,30304
33332,49992,30241
33224,49959,30416
33166,49965,30392
33208,49908,30289
33340,49966,30456
33224,49985,30477
33176,49959,30425
32960,49974,30564
33016,49892,30447
33277,49971,30647
33308,49927,30501
33060,49927,30677
32960,49940,30564
33424,49895,30759
33501,49909,30779
33348,49918,30633
33168,49921,30820
33040,49901,30719
33312,49908,30962
33352,49889,30940
33176,49908,30812
33232,49881,30974
33142,49876,30886
33528,49799,31074
33552,49868,31023
33536,49875,31140
33316,49868,30983
33228,49847,31153
33260,49780,31184
33352,49853,31232
33068,49842,31101
33128,49781,31352
33416,49832,31333
33584,49836,31215
33600,49824,31360
33404,49759,31506
33356,49832,31362
33424,49821,31548
33452,49820,31436
33520,49809,31334
33609,49764,31511
33584,49808,31453
33548,49799,31652
33636,49768,31548
33632,49791,31552
33504,49797,31545
33437,49752,31421
33664,49788,31564
33678,49796,31445
33908,49749,31596
33781,49799,31488
33772,49776,31644
33756,49772,31596
33672,49711,31740
33696,49773,31662
33604,49773,31766
33772,49761,31669
33852,49775,31773
33754,49767,31604
34031,49751,31737
33828,49759,31581
33688,49756,31687
33872,49727,31684
34016,49720,31732
33876,49741,31867
33775,49715,31710
33752,49724,31857
33904,49655,31671
33920,49716,31783
33820,49705,31684
33824,49632,31751
33948,49661,31586
34016,49696,31737
33972,49693,31814
33948,49671,31653
33906,49653,31741
34060,49687,31596
34212,49668,31697
34096,49671,31577
33920,49633,31740
33900,49615,31684
33812,49652,31751
33892,49627,31648
33984,49637,31505
34040,49593,31637
33876,49652,31616
33724,49652,31621
33804,49636,31550
33749,49636,31641
33968,49628,31599
33988,49631,31520
33951,49548,31655
33932,49638,31521
33888,49637,31734
33756,49610,31588
33584,49620,31535
33933,49553,31563
33884,49647,31481
33705,49620,31551
33800,49615,31416
33996,49618,31564
34140,49596,31708
33992,49589,31566
33848,49524,31444
33752,49581,31548
33692,49576,31508
33740,49520,31560
33860,49569,31682
33976,49573,31529
34012,49575,31578
33848,49551,31460
33660,49556,31556
33576,49552,31428
33668,49518,31580
33556,49543,31453
33448,49517,31576
33352,49543,31444
33384,49541,31556
33492,49478,31445
33624,49541,31690
33677,49508,31604
33632,49524,31702
33600,49535,31601
33688,49496,31508
33816,49511,31612
33488,49516,31719
33214,49489,31617
33320,49452,31690
33272,49521,31557
33304,49493,31776
33472,49489,31653
33696,49445,31744
33581,49464,31664
33361,49472,31782
33364,49472,31638
33424,49401,31540
33328,49501,31720
33156,49474,31582
33297,49396,31719
33360,49492,31588
33540,49477,31782
33764,49464,31665
33464,49467,31551
33064,49415,31806
33046,49460,31655
33124,49476,31586
33428,49472,31717
33440,49472,31653
33444,49481,31545
33192,49448,31740
32812,49413,31624
32800,49456,31589
32948,49472,31695
33108,49461,31651
33060,49412,31720
32780,49486,31623
32601,49484,31621
32960,49486,31501
33096,49486,31622
33056,49441,31516
32912,49468,31630
32760,49428,31448
32837,49482,31597
32852,49464,31516
32706,49471,31681
32736,49414,31542
32908,49492,31646
33180,49485,31481
32932,49486,31560
32796,49476,31439
32808,49476,31563
32712,49436,31483
32789,49477,31520
32760,49464,31444
32856,49466,31274
32965,49475,31415
32856,49484,31254
32768,49479,31404
32912,49440,31239
32916,49476,31394
32776,49472,31276
32676,49476,31423
32784,49464,31340
32800,49464,31492
32808,49440,31348
32712,49466,31479
32622,49472,31392
32520,49494,31503
32544,49487,31372
32772,49415,31432
32954,49496,31336
32952,49474,31333
33028,49415,31360
32988,49467,31504
32888,49486,31348
32824,49496,31495
32664,49485,31353
32764,49496,31513
32780,49494,31384
32880,49508,31404
32901,49500,31388
32968,49434,31440
32932,49492,31214
33000,49516,31374
32964,49510,31286
32856,49443,31365
32745,49527,31493
32740,49521,31385
32840,49486,31527
32917,49512,31412
32836,49529,31522
32624,49519,31343
32752,49509,31393
32660,49460,31228
32636,49512,31397
32484,49524,31248
32544,49452,31396
32548,49532,31257
32552,49520,31409
32760,49464,31266
33020,49525,31397
32952,49525,31268
32752,49517,31441
32813,49508,31360
32372,49524,31463
32410,49533,31348
32352,49490,31477
32736,49536,31380
33298,49543,31465
33318,49531,31313
33037,49472,31452
32704,49543,31345
32336,49529,31448
32270,49452,31488
32276,49536,31486
32328,49543,31612
32397,49551,31506
32344,49542,31548
32456,49532,31500
32596,49556,31550
32432,49543,31480
32324,49524,31599
32296,49542,31428
32008,49500,31558
31884,49556,31429
31909,49540,31537
32208,49535,31455
32537,49559,31552
32992,49560,31332
33264,49525,31474
33440,49541,31376
33522,49500,31412
33484,49552,31285
33552,49561,31352
34064,49589,31420
34740,49594,31343
35300,49556,31252
35232,49633,31320
33920,49652,31264
32940,49664,31372
33068,49584,31292
33772,49671,31166
34801,49661,31264
36292,49645,31196
37676,49636,31380
38940,49622,31252
38744,49567,31268
37337,49638,31184
35528,49628,31311
33893,49576,31076
32736,49631,31146
31860,49557,31036
31216,49581,31099
30740,49623,30991
31048,49596,31072
31076,49608,31052
31016,49628,31046
31120,49655,30955
31216,49624,31021
31418,49600,31028
31432,49630,30968
31460,49596,31047
31196,49621,30864
30944,49600,30999
30768,49548,30881
30889,49599,31020
31064,49612,30908
31152,49582,30910
31285,49580,30874
31234,49604,30748
31088,49532,30844
30910,49605,30681
30920,49589,30805
30969,49504,30660
31076,49607,30829
31012,49597,30778
31132,49527,30908
31116,49618,30768
31108,49612,30645
31200,49605,30708
31252,49607,30836
31336,49604,30637
31068,49516,30772
31220,49584,30594
31272,49588,30665
31148,49575,30476
31168,49602,30632
31268,49607,30528
31292,49543,30605
31364,49631,30476
31396,49600,30375
31472,49601,30534
31548,49564,30388
31512,49591,30485
31360,49589,30369
31180,49609,30292
31034,49580,30322
31088,49593,30213
31284,49613,30278
31233,49556,30148
31268,49621,30356
31368,49615,30239
31468,49607,30097
31416,49533,30197
31596,49620,30049
31497,49608,30193
31316,49622,30168
31200,49569,30271
31136,49624,30178
31284,49608,30261
31424,49623,30129
31500,49553,30020
31277,49605,30196
31448,49600,30149
31588,49532,30148
31464,49612,30127
31120,49612,30252
31456,49560,30108
31792,49620,30192
31768,49598,30095
31608,49596,29993
31508,49517,30085
31484,49592,29969
31560,49585,30108
31520,49591,30088
31564,49543,30140
31524,49604,30086
31517,49588,29940
31492,49592,30100
31554,49532,30038
31629,49594,30230
31544,49580,30112
31636,49573,29953
31856,49575,30136
31704,49564,30150
31576,49575,29996
31866,49572,30272
31996,49505,30160
31972,49588,30006
31866,49559,30190
31852,49580,30096
32080,49565,30280
32188,49572,30199
31952,49557,30106
31928,49572,30192
31660,49572,30094
31780,49580,30290
31941,49596,30224
32005,49578,30130
32184,49598,30201
32236,49588,30087
32144,49583,30214
32280,49496,30151
32156,49505,30348
32140,49511,30212
32013,49580,30076
32118,49580,30364
32328,49592,30252
32348,49573,30088
32442,49576,30220
32536,49577,30130
32492,49492,30324
32848,49572,30245
32956,49567,30185
32768,49557,30236
32388,49567,30092
32432,49511,30214
32656,49572,30063
32784,49572,30239
33053,49557,30096
33188,49552,30228
33120,49556,30204
33164,49484,30324
33268,49564,30180
33345,49558,30127
33282,49548,30160
33152,49549,30026
33096,49469,30204
33372,49516,30117
33512,49543,30248
33640,49527,30196
33708,49508,30023
33796,49517,30164
33676,49505,30080
33684,49492,30304
33734,49511,30141
33476,49528,30255
33552,49471,30156
33532,49488,30294
33624,49517,30180
33695,49508,30127
33724,49436,30173
33784,49517,30077
33716,49484,30184
33416,49496,30256
33060,49474,30084
33080,49511,30247
33478,49487,30080
33496,49468,30191
33504,49484,30036
33480,49498,30198
33488,49478,30044
33460,49479,30213
33388,49415,30062
33324,49472,30225
33312,49486,30078
33324,49474,30250
33384,49482,30126
33412,49426,30272
33372,49444,30388
33312,49472,30215
33356,49474,30303
33444,49388,30172
33384,49472,30321
33232,49453,30256
33110,49458,30358
33060,49389,30317
33092,49468,30391
33144,49437,30462
33216,49465,30336
33192,49364,30436
33029,49376,30338
33064,49429,30476
33160,49415,30321
33128,49415,30487
32916,49408,30662
32976,49432,30530
33128,49415,30656
33112,49340,30502
33220,49435,30634
33076,49415,30653
33080,49403,30788
33080,49400,30725
33064,49341,30900
33244,49364,30644
33044,49381,30929
32929,49388,30864
32892,49353,30924
33004,49364,30938
33300,49349,30799
33366,49388,31024
33208,49388,30966
33248,49369,31197
33448,49360,31144
33688,49356,31268
33204,49376,31078
32760,49367,31227
32984,49319,31125
33120,49361,31328
33010,49333,31237
33124,49358,31398
33290,49346,31332
33440,49268,31499
33224,49336,31362
32948,49332,31564
32928,49325,31478
32888,49263,31663
32936,49344,31565
33152,49328,31745
33336,49333,31604
33304,49332,31744
33188,49304,31749
32988,49316,31800
33052,49312,31716
33024,49228,31896
33084,49321,31812
33104,49319,31924
33180,49241,31878
33188,49324,32004
33028,49316,32113
32816,49276,32041
32984,49245,32188
33148,49319,32087
32996,49300,32095
32988,49298,32133
33048,49287,32116
33020,49228,32158
32952,49276,32111
33076,49304,32188
33284,49309,32188
33360,49301,32238
33236,49268,32158
33364,49279,32372
33628,49269,32297
33384,49256,32160
32968,49221,32373
32948,49228,32316
33064,49265,32313
33380,49263,32309
33728,49254,32280
33864,49245,32308
33768,49238,32327
33664,49240,32270
33568,49159,32482
33336,49252,32336
33092,49244,32205
33144,49255,32462
33248,49247,32362
33337,49223,32413
33432,49244,32324
33404,49159,32244
33292,49159,32383
33440,49218,32348
33342,49228,32256
33356,49212,32463
33280,49216,32348
33112,49149,32302
33480,49159,32506
33473,49231,32372
33344,49218,32295
33432,49196,32453
33344,49210,32368
33276,49175,32551
33396,49198,32429
33372,49207,32359
33332,49172,32468
33252,49193,32341
32932,49192,32613
33156,49188,32480
33376,49191,32445
33604,49108,32487
33520,49192,32497
33304,49159,32500
33190,49177,32441
33353,49159,32591
33584,49177,32524
33456,49141,32584
33292,49149,32574
33286,49173,32654
33608,49156,32607
33472,49156,32734
33258,49112,32543
33404,49157,32637
33460,49132,32487
33264,49063,32636
33252,49140,32759
33328,49120,32548
33452,49135,32620
33524,49129,32756
33596,49124,32644
33444,49108,32668
33252,49108,32661
33276,49031,32633
33320,49061,32644
33189,49107,32548
33036,49100,32647
33132,49085,32793
33220,49092,32637
32908,49048,32775
33092,49108,32647
33493,49076,32720
33292,49069,32647
33308,48997,32573
33328,49080,32592
33508,49069,32480
33446,49060,32636
33412,49033,32596
33312,49065,32472
33332,49069,32544
33464,49023,32451
33476,49009,32647
33422,49068,32528
33540,49031,32457
33504,49038,32469
33372,49049,32340
33192,49021,32458
33020,49063,32400
33160,49044,32520
33129,49055,32324
33104,48976,32424
33168,49042,32295
33108,49023,32367
33224,49031,32196
33345,49000,32230
33308,49046,32157
33028,49031,32207
32948,49031,32262
32888,49030,32127
32637,49004,32180
32684,49040,31997
32764,49031,32041
32752,49024,31866
33020,48954,31992
33004,49031,31819
32928,49023,31902
33104,49020,32031
33141,49000,31804
33124,49020,31812
33160,49028,31644
32980,49029,31744
33012,48983,31596
33242,48989,31684
33292,49031,31529
33252,48999,31622
33072,49005,31617
33016,48941,31558
32952,49024,31556
33040,49015,31433
33236,49016,31514
33348,49012,31490
33264,49016,31293
32992,49016,31409
33072,48997,31512
33316,49000,31296
33244,48998,31316
32808,49018,31168
32805,49005,31257
32796,49004,31204
32748,49008,31222
32820,48932,31202
32756,49020,31028
32936,48998,31183
33052,48980,31089
32968,48998,31020
32836,48960,31026
32730,48994,30868
32792,48988,30989
32834,49000,30818
32972,48929,30920
33036,48988,30766
32968,48972,30900
32988,48987,30932
32772,48932,30845
32481,48988,30956
32796,48989,30796
32768,48930,30845
32896,48996,30732
32920,48985,30871
33056,48992,30674
33200,49002,30698
32912,48995,30518
32528,48988,30662
32548,48991,30561
32488,48988,30636
32484,48981,30449
32160,48932,30572
31536,49004,30680
31768,49009,30458
32324,48932,30619
32428,49015,30429
32480,49009,30516
32474,48924,30308
32888,49013,30432
33292,48997,30533
33530,49012,30397
33216,48966,30428
33284,49031,30222
33649,49038,30364
34356,49064,30470
35248,49072,30225
35344,49058,30316
34272,49085,30180
32912,49105,30301
32560,49071,30388
33593,49121,30276
35168,49096,30388
35872,49109,30101
36752,49071,30215
38304,49103,30074
38412,49085,30188
37468,49082,30033
35888,49020,30214
34237,49088,30054
32756,49072,30132
32028,49064,30024
31568,49078,30148
31236,49092,29980
30948,49069,30120
31236,49069,30136
31228,49068,29913
31116,49068,30057
30938,49049,30070
30960,48964,30073
31040,49040,30172
31148,49031,29970
30984,48957,30060
30981,49031,29912
31100,49031,29996
31332,49028,29936
31352,49031,29943
31264,48996,30025
31336,49012,29873
31444,48940,29998
31416,49012,29838
31360,48996,29945
31025,49004,29945
31240,48992,29967
31460,48929,29910
31276,49004,29942
31228,48996,29772
31296,48953,29904
31424,49001,29833
31461,48976,29880
31528,48972,29804
31432,48940,29876
31444,48976,29775
31192,48968,29821
30956,48903,29831
31388,48957,29612
31434,48946,29745
31316,48869,29687
31144,48950,29749
31224,48920,29781
31312,48930,29628
31402,48932,29662
31597,48927,29688
31308,48926,29632
31380,48896,29699
31444,48928,29571
31572,48864,29708
31744,48912,29568
31536,48892,29690
31553,48821,29559
31617,48896,29527
31570,48886,29503
31500,48892,29349
31452,48877,29485
31481,48884,29382
31548,48888,29447
31916,48876,29445
31700,48819,29280
31420,48869,29422
31456,48852,29329
31495,48837,29425
31816,48792,29308
32016,48852,29388
31764,48835,29282
31578,48844,29362
31792,48852,29276
31936,48837,29373
31884,48812,29437
31660,48828,29302
31640,48788,29361
31620,48784,29182
31652,48769,29365
31637,48804,29476
31596,48797,29324
31632,48788,29477
31740,48733,29290
31788,48788,29377
32028,48751,29233
31940,48764,29306
31808,48753,29216
31588,48756,29295
31680,48732,29232
31584,48757,29309
31576,48693,29401
31796,48767,29270
32108,48748,29407
32185,48736,29156
32032,48687,29273
32060,48720,29420
32424,48717,29269
32128,48714,29292
31744,48664,29280
31804,48711,29373
31786,48721,29208
31568,48664,29280
32080,48705,29126
32285,48689,29309
32192,48708,29205
32202,48700,29421
32360,48647,29305
32368,48644,29440
32220,48673,29224
32088,48674,29439
32016,48671,29309
32076,48647,29472
32181,48684,29340
32356,48671,29440
32416,48612,29318
32444,48620,29551
32596,48628,29462
32672,48647,29340
32528,48637,29470
32420,48636,29381
32672,48591,29543
32652,48644,29396
32680,48612,29585
32676,48617,29447
32832,48612,29676
33062,48613,29607
33072,48531,29517
32932,48604,29628
32892,48582,29692
32944,48576,29643
32832,48590,29516
32900,48590,29703
32972,48519,29604
33056,48588,29732
33308,48589,29669
33200,48564,29780
33141,48558,29664
33212,48519,29791
33512,48564,29679
33540,48536,29813
33565,48543,29906
33438,48487,29890
33360,48551,29879
33568,48532,29916
33652,48532,30020
33576,48444,29889
33552,48516,30035
33614,48508,29936
33904,48482,30156
33972,48502,30001
33648,48445,30064
33636,48519,29961
33717,48500,30114
33577,48503,30068
33469,48500,30122
33540,48490,30013
33624,48476,30161
33512,48476,30100
33704,48455,30205
33812,48498,30142
33861,48494,30261
33640,48493,30212
33420,48446,30274
33249,48484,30352
33488,48484,30237
33636,48476,30369
33646,48406,30236
33656,48480,30424
33632,48464,30532
33700,48456,30372
33644,48436,30561
33904,48468,30372
33844,48455,30457
33724,48448,30333
33746,48368,30484
33644,48460,30615
33632,48428,30380
33896,48429,30524
34008,48406,30656
33928,48429,30508
33848,48428,30581
33700,48415,30420
33828,48429,30557
33920,48372,30713
33800,48428,30528
33912,48404,30585
34144,48398,30494
34288,48352,30596
34224,48391,30565
34108,48391,30598
33908,48390,30681
33780,48317,30560
34068,48391,30673
34296,48381,30596
33805,48368,30688
33524,48295,30604
33584,48367,30712
34084,48372,30776
34044,48357,30652
33988,48324,30734
34212,48373,30676
33840,48351,30774
33925,48356,30904
33993,48292,30753
34028,48357,30928
34104,48337,30820
34180,48337,30886
34108,48335,30784
33988,48281,30893
34156,48284,30705
33988,48338,30829
33600,48336,30732
33788,48344,30854
33957,48295,30730
34068,48313,30912
34056,48309,30940
34036,48319,30816
34012,48292,30908
34144,48294,31024
34200,48247,30847
34048,48316,30929
33876,48284,30884
33904,48297,30941
34072,48237,30932
33952,48279,30956
33917,48232,30952
34068,48285,30902
34164,48260,30977
34180,48263,31104
33880,48255,30892
33824,48235,30973
33880,48263,30900
33828,48263,30972
33712,48263,30916
33908,48260,30972
34064,48263,30844
34164,48231,30994
34244,48228,31007
34064,48244,30999
33824,48181,31135
33588,48263,30976
33544,48253,31034
33856,48256,30956
34108,48249,31100
34144,48216,30920
34000,48263,30980
33968,48237,30861
34044,48236,31118
33760,48236,30964
33600,48241,30909
33972,48247,31028
34108,48244,30983
34016,48253,31030
33932,48247,30957
34024,48247,30846
34004,48241,31099
33728,48225,30978
33668,48187,31093
33812,48247,30968
33776,48248,30860
33760,48245,30934
33604,48232,30824
33732,48259,30948
33648,48188,30788
33516,48208,30929
33332,48252,30860
33478,48252,30911
33408,48239,30876
33320,48197,30889
33068,48171,30940
33181,48199,30863
33532,48261,30960
33664,48206,30805
33592,48244,30912
33612,48239,30852
33648,48182,30928
33580,48231,31037
33576,48216,30842
33244,48231,30920
33273,48222,30808
33244,48239,30933
33180,48217,30858
33552,48209,30969
33708,48228,30833
33578,48229,30945
33416,48188,31069
33396,48232,30844
33076,48231,30940
32996,48231,30785
33252,48188,30904
33272,48260,30857
33164,48263,30909
33124,48253,30837
33300,48237,30932
33148,48244,30920
33264,48241,30914
33348,48176,30997
33422,48236,30793
33368,48237,30945
33092,48239,30815
33053,48228,30949
33192,48249,30776
33184,48207,30920
33242,48255,30977
33164,48228,30784
33040,48228,30903
33026,48223,30823
33108,48229,30932
33088,48150,31044
33136,48225,30812
33092,48239,30944
32892,48239,30861
32972,48229,30977
33089,48218,30919
33046,48229,30960
32680,48149,30780
32724,48213,30916
32584,48204,31035
32644,48172,30744
32832,48206,30908
32796,48212,30936
32816,48148,30809
32858,48217,30860
32896,48210,30916
32672,48204,30862
32600,48210,30882
32520,48191,30776
32629,48176,30820
32576,48180,30911
32808,48193,30736
32864,48188,30809
32324,48199,30768
32460,48192,30809
32812,48165,30855
33020,48182,30809
33076,48189,30864
32400,48185,30741
32096,48153,30876
32612,48160,30770
32420,48132,30852
32584,48179,30652
32420,48148,30761
32612,48168,30623
32632,48179,30756
32668,48092,30648
32684,48127,30904
32848,48173,30772
32912,48153,30823
32708,48135,30784
32744,48140,30868
32632,48151,30773
32536,48092,30660
32604,48128,30853
32808,48159,30669
32869,48157,30816
32624,48135,30720
32765,48132,30916
33000,48132,30837
32897,48077,30938
32645,48135,30844
32556,48127,30920
32516,48135,30858
32548,48096,30910
32681,48135,30784
32720,48103,30994
32608,48109,30809
32640,48111,30989
32624,48064,30905
32652,48119,31089
32792,48101,30968
32816,48100,31089
32478,48087,30924
32313,48103,30996
32676,48100,30932
32608,48052,31047
32521,48096,31213
32960,48078,31094
33021,48076,31217
32572,48039,31119
32500,48035,31296
32536,48081,31167
32689,48065,31255
32784,47999,31079
32877,48076,31230
32844,48052,31410
32708,48054,31239
32556,48049,31365
32218,48044,31272
32112,48039,31433
32020,48042,31367
31724,47999,31508
31920,48057,31427
32136,48020,31594
32226,48028,31525
32336,47966,31647
32416,48050,31591
32496,48023,31741
32648,48023,31700
33048,48028,31902
33258,48005,31927
33357,48060,31941
34008,48047,31986
35136,48066,31941
35812,48087,32108
34744,48092,32164
33712,48103,32238
33552,48092,32369
34120,48096,32332
35460,48048,32271
36484,48092,32399
37024,48077,32377
38068,48036,32539
37948,48086,32460
36956,48064,32631
35752,48058,32617
34504,48069,32756
33292,48068,32620
32244,48060,32736
31504,47996,32880
31200,48065,32840
31312,48052,32860
31404,48064,32861
31544,47997,32815
31560,48066,32908
31344,48052,32856
31040,47998,32955
31176,48044,32941
31596,48031,33009
31476,47980,32974
31180,48044,33124
31292,48052,33124
31772,48040,33216
31688,47961,33159
31797,48032,33205
31640,48018,33211
31780,48020,33357
31892,48021,33197
31801,47989,33264
31808,48005,33232
31940,48007,33392
31816,48007,33360
31586,47989,33469
31512,48005,33412
31408,47949,33474
31697,48017,33477
31872,48007,33646
32064,47988,33575
31828,47980,33532
32000,47989,33664
32192,47911,33624
32136,47983,33734
32048,47986,33669
31952,47995,33778
31685,47977,33853
31596,47975,33860
31752,47915,34004
31668,47936,33905
31740,47955,34068
31964,47879,33972
32064,47958,34038
31768,47940,34020
31588,47940,34012
31656,47954,34174
31831,47879,34156
31929,47911,34300
31624,47944,34207
31140,47925,34320
30948,47916,34280
31376,47872,34426
31708,47922,34354
31711,47868,34500
31836,47911,34413
31901,47911,34439
32016,47865,34444
32052,47916,34444
31970,47900,34542
32369,47892,34550
32082,47821,34740
31752,47901,34652
31552,47903,34708
31756,47822,34679
31680,47905,34751
31740,47895,34852
32296,47878,34846
32908,47879,34927
32788,47879,34876
32236,47860,34912
32032,47857,34971
31760,47877,34973
31652,47818,34983
32060,47886,35040
32396,47879,35044
32160,47900,35184
31809,47848,35164
31960,47900,35207
31920,47871,35172
31892,47812,35286
31708,47877,35224
31800,47854,35324
31980,47789,35300
32108,47879,35408
32145,47877,35334
32248,47864,35413
32228,47860,35340
31700,47879,35440
31768,47868,35392
32212,47852,35468
32208,47849,35392
32340,47789,35399
32424,47868,35548
32357,47832,35476
32314,47870,35485
32384,47878,35472
32580,47840,35461
32758,47834,35488
32604,47879,35472
32504,47841,35548
32708,47874,35518
32856,47796,35526
32813,47864,35621
32668,47809,35529
32484,47903,35596
32456,47876,35551
32696,47895,35557
33152,47808,35524
33028,47889,35567
32778,47872,35544
32928,47869,35598
32832,47868,35534
32728,47868,35640
33028,47872,35534
33080,47813,35660
33468,47903,35552
33257,47899,35609
33108,47822,35486
33373,47865,35480
33476,47879,35409
33328,47848,35454
33100,47904,35418
33168,47899,35464
33217,47840,35385
33326,47919,35402
33608,47892,35340
33774,47908,35348
33704,47844,35374
33742,47904,35351
33828,47900,35421
33552,47879,35278
33230,47905,35217
33008,47877,35231
33941,47909,35334
34096,47895,35224
33412,47908,35189
33389,47921,35288
33752,47908,35159
34476,47909,35207
34496,47903,35112
34176,47886,35087
33748,47898,35158
33708,47901,35077
33648,47928,35100
33804,47911,35071
33916,47919,35004
33672,47931,35026
33569,47916,35040
33684,47912,35028
33844,47855,34980
33941,47920,35039
33672,47910,34974
33600,47928,35047
33720,47928,34981
33409,47916,35054
33524,47940,34983
33734,47871,35062
33892,47944,34924
33860,47934,34950
33796,47910,34946
33660,47931,34898
33428,47932,34956
33596,47878,34873
33608,47942,34949
33614,47956,34804
33677,47968,34868
33232,47952,34764
32896,47903,34796
33069,47956,34788
33328,47909,34784
33496,47964,34823
33751,47948,34720
33729,47956,34772
33601,47964,34695
33084,47948,34718
32960,47969,34672
33216,47977,34677
33540,47957,34620
33504,47879,34652
33576,47965,34716
33688,47945,34625
33688,47896,34750
33501,47941,34591
33161,47956,34577
33600,47893,34535
33976,47983,34673
33712,47973,34535
33485,47964,34544
33424,47957,34500
33512,47912,34481
33764,47959,34577
33848,47953,34468
33348,47893,34437
32868,47971,34446
33100,47953,34392
33340,47975,34374
33392,47968,34404
33660,47956,34364
33573,47940,34311
33573,47949,34337
33596,47940,34324
33676,47941,34297
33607,47953,34308
33401,47933,34276
33472,47936,34325
33693,47934,34253
33816,47941,34311
33492,47908,34253
33452,47925,34356
33449,47876,34181
33469,47908,34198
33548,47909,34129
33352,47901,34173
33224,47845,34117
33496,47923,34170
33816,47922,34135
33848,47904,34183
33568,47902,34116
33488,47824,34250
33856,47900,34141
33893,47893,34116
33572,47879,34078
33232,47896,34112
33226,47903,34084
33092,47879,34180
33008,47897,34055
33388,47905,34112
33865,47904,34000
33772,47820,33996
33569,47903,33952
33576,47893,33974
33488,47904,33984
33520,47879,33869
33520,47900,33908
33872,47903,33906
33756,47892,33872
33684,47868,33816
33436,47884,33954
33372,47816,33745
33908,47893,33757
33932,47876,33676
33636,47876,33716
33552,47868,33750
33472,47886,33692
33497,47871,33701
33182,47876,33548
33476,47885,33625
34016,47879,33636
34216,47878,33508
33608,47876,33550
33076,47888,33532
32936,47865,33513
33352,47828,33663
33756,47876,33524
33680,47857,33537
33312,47879,33415
33296,47893,33513
33309,47870,33630
33284,47833,33481
33316,47887,33505
33208,47866,33445
33344,47828,33484
33392,47825,33543
33441,47878,33535
33412,47900,33675
33344,47879,33557
33274,47879,33578
33326,47895,33511
33368,47872,33635
33644,47876,33632
33572,47878,33678
33264,47813,33692
33408,47889,33756
33480,47879,33641
33644,47856,33740
33778,47888,33922
33612,47892,33837
33736,47816,33991
33496,47892,33885
33045,47876,34052
32744,47831,33928
32996,47879,34012
33240,47879,34044
33132,47879,34111
33080,47841,34210
32996,47862,34121
33345,47879,34196
33488,47816,34253
33220,47894,34287
33352,47879,34468
33516,47876,34343
33528,47879,34397
33166,47836,34485
32984,47879,34516
32880,47879,34644
32792,47858,34580
33128,47876,34588
33568,47860,34695
33992,47866,34685
34016,47848,34789
33364,47869,34673
33304,47860,34742
33492,47847,34876
33376,47856,34823
33360,47828,34852
33200,47845,34882
33077,47845,34886
33500,47871,34884
33696,47836,34935
33536,47848,34909
33216,47861,34941
33256,47828,34908
33296,47841,34982
33652,47848,34921
33708,47840,34997
33632,47793,34969
33240,47848,35047
32920,47848,34932
32968,47813,34980
33052,47847,34964
32460,47833,35009
32684,47820,34965
33029,47836,35007
33368,47789,35097
33324,47832,35021
32904,47775,35116
32792,47832,34984
32782,47817,35000
32776,47812,35020
32594,47815,34981
32868,47833,35052
33312,47807,34953
33372,47820,35048
33156,47742,34940
32793,47812,35041
32864,47805,34893
33294,47800,34964
33856,47740,34868
33500,47812,34847
33356,47796,34911
33004,47804,34844
32800,47812,34836
33068,47792,34743
32912,47806,34756
32584,47805,34809
32364,47796,34756
32026,47761,34724
31768,47772,34744
32324,47740,34692
32860,47764,34649
32440,47708,34581
32440,47759,34586
32360,47751,34540
32232,47747,34548
32800,47751,34556
32732,47703,34504
32756,47776,34633
32928,47773,34455
33484,47725,34457
34808,47784,34368
35360,47780,34388
35008,47751,34444
33836,47807,34332
32972,47817,34292
33408,47824,34356
34684,47828,34292
36376,47811,34264
36868,47751,34297
37932,47784,34214
38648,47777,34175
38000,47773,34296
37052,47760,34140
35480,47716,34145
33756,47780,34271
32928,47780,34068
32594,47780,34124
32060,47772,34085
31504,47736,34222
31296,47751,34076
31696,47743,34093
31556,47737,34052
32145,47751,34095
32228,47737,34241
32100,47663,34088
31625,47751,34136
31084,47750,34081
30812,47741,34144
31392,47733,34292
31832,47724,34151
31740,47723,34273
32048,47644,34220
31940,47709,34358
31792,47708,34237
31652,47706,34218
31820,47646,34196
31968,47719,34224
31868,47677,34294
31616,47692,34233
31924,47623,34346
31960,47684,34282
31728,47672,34392
31672,47661,34284
31500,47663,34397
31604,47671,34274
31649,47660,34388
31500,47652,34236
31717,47671,34340
31648,47637,34212
31810,47648,34201
32192,47637,34228
32164,47621,34176
31656,47623,34232
31840,47617,34133
31617,47620,34144
31808,47620,34028
31988,47590,34053
31632,47612,34032
31730,47613,34020
31721,47595,34132
31417,47604,33991
31505,47591,34045
31620,47516,33900
31628,47597,33896
31716,47596,33940
32016,47528,33900
32232,47567,33861
32096,47591,33781
31728,47528,33799
31270,47592,33748
31132,47576,33798
31192,47591,33882
31472,47572,33729
31350,47525,33732
31482,47578,33687
31552,47583,33717
31088,47552,33756
31216,47567,33662
31226,47549,33684
31348,47578,33720
31208,47554,33595
31392,47535,33627
31448,47544,33716
31748,47476,33572
31924,47548,33636
31828,47560,33680
31680,47568,33588
31436,47556,33612
31316,47493,33616
31380,47545,33628
31004,47528,33620
31456,47524,33684
31312,47540,33606
31328,47550,33700
31400,47536,33572
31742,47557,33568
31836,47552,33639
32000,47550,33567
31980,47534,33585
31712,47544,33568
31616,47516,33635
32117,47492,33540
32156,47521,33534
31853,47532,33685
31952,47517,33512
31852,47529,33564
31872,47449,33578
31960,47527,33662
32136,47494,33540
31982,47514,33551
32084,47524,33722
32360,47493,33568
32192,47452,33641
32100,47495,33756
32300,47508,33607
32432,47495,33671
32384,47472,33808
32144,47495,33671
31976,47416,33748
32056,47492,33926
31780,47477,33833
31788,47479,33902
31896,47480,33915
31952,47471,34063
32376,47479,33916
32268,47478,34021
32364,47487,34044
32088,47473,34204
32196,47476,34101
32696,47452,34157
33196,47396,34306
33008,47447,34229
32696,47380,34322
32708,47442,34388
32569,47396,34325
32496,47434,34444
32756,47446,34522
33300,47444,34457
33172,47405,34588
32656,47414,34679
32837,47351,34629
32620,47412,34712
32632,47390,34811
32780,47413,34884
33104,47422,34873
32936,47412,34917
33486,47426,35084
33544,47404,35018
33200,47390,35120
33124,47341,35140
33164,47391,35328
33200,47399,35229
33380,47380,35332
33496,47384,35460
33232,47367,35559
32736,47367,35456
32768,47308,35557
33062,47364,35624
33320,47367,35669
33121,47349,35821
33416,47367,35833
33344,47358,35804
32869,47363,35909
33212,47348,35944
33072,47348,36072
32950,47300,36084
32860,47344,36111
33109,47345,36146
33472,47316,36300
33416,47324,36232
33276,47279,36327
33560,47335,36392
33696,47316,36388
33160,47332,36474
32872,47332,36505
32784,47328,36645
32640,47332,36605
32662,47284,36661
33148,47332,36741
33336,47326,36751
33284,47320,36781
33044,47316,36833
32801,47277,36816
32648,47303,36892
32588,47239,36944
32980,47314,36945
32913,47300,36996
32868,47279,37079
33284,47288,37046
33412,47236,37112
33052,47288,37206
32692,47292,37157
32808,47263,37221
32944,47255,37255
32924,47288,37332
32880,47301,37336
33012,47300,37364
32908,47295,37460
32960,47296,37428
32976,47276,37506
32896,47254,37540
32352,47268,37617
32321,47261,37600
33040,47276,37655
32856,47257,37732
32960,47207,37729
33016,47245,37784
32788,47268,37870
32520,47230,37882
32549,47188,37924
32584,47252,37975
32360,47256,38063
32374,47247,38087
32392,47238,38125
32296,47193,38181
32300,47239,38237
32440,47200,38271
32412,47249,38319
32512,47255,38372
32503,47248,38432
32292,47252,38484
32396,47239,38501
32156,47237,38557
32032,47224,38622
32356,47218,38647
32408,47215,38700
32112,47220,38737
32100,47220,38776
32165,47212,38820
32448,47161,38882
32288,47184,38887
32092,47180,38949
32152,47174,38988
31980,47184,38996
32041,47180,39047
32077,47150,39088
31969,47172,39110
31608,47172,39151
31726,47183,39184
32292,47175,39208
32252,47173,39236
31772,47145,39269
31460,47106,39296
31552,47135,39328
31653,47136,39348
31932,47143,39392
32028,47143,39409
32332,47111,39415
32224,47111,39461
31974,47127,39492
32196,47104,39511
31980,47072,39498
32144,47077,39533
32028,47101,39564
31600,47079,39569
31496,47023,39565
31592,47076,39605
31696,47072,39615
31521,47072,39625
31876,47028,39630
32112,47076,39612
31524,47085,39639
31916,47013,39648
31868,47045,39660
31500,47038,39669
31516,47040,39652
31892,47056,39676
32168,47032,39686
32072,46983,39688
32148,47045,39693
31937,47016,39711
31788,47017,39724
31929,47038,39673
31860,47013,39724
32004,46958,39746
32004,46999,39716
31872,47024,39760
31584,47013,39764
31493,47013,39750
31320,46948,39780
32012,47016,39798
32180,47007,39777
32100,46935,39820
32116,46983,39844
31708,46996,39820
30940,47000,39871
30778,47004,39868
31208,47000,39888
31672,46983,39868
31924,46956,39920
31685,46960,39943
31848,46982,39910
32172,46978,39956
32389,46964,39972
32452,46966,39983
32104,46971,39983
32352,46972,40024
31944,46967,40039
32072,46956,40084
32364,46944,40036
32432,46877,40097
32492,46948,40099
32305,46940,40100
32472,46956,40137
32252,46936,40182
32028,46945,40172
31932,46933,40162
32228,46945,40228
32376,46921,40229
32001,46924,40257
31520,46924,40271
31716,46917,40246
31860,46919,40294
31444,46916,40301
31660,46916,40327
31980,46917,40296
31988,46913,40333
32200,46919,40348
32052,46904,40368
31988,46908,40327
32064,46895,40373
32280,46887,40384
32116,46888,40410
31885,46820,40356
32236,46903,40421
32325,46884,40447
32384,46895,40432
32220,46876,40408
32424,46897,40428
32256,46855,40477
32216,46844,40484
32064,46872,40508
31188,46876,40472
30776,46863,40556
30896,46876,40556
30912,46868,40597
31116,46868,40583
31253,46860,40590
31440,46812,40655
31521,46853,40694
31956,46816,40652
32368,46837,40744
32332,46869,40764
32220,46860,40807
32633,46812,40846
33676,46888,40830
34556,46868,40817
34432,46908,40856
33288,46885,40924
32560,46924,40953
32941,46872,40952
34272,46904,40940
35836,46855,41030
36364,46881,41044
37072,46894,41096
37848,46893,41038
37308,46836,41065
36080,46895,41092
35132,46884,41127
33384,46879,41199
32514,46889,41223
32308,46852,41225
32252,46839,41189
31828,46829,41269
31120,46868,41316
31004,46884,41260
31500,46868,41252
31556,46825,41332
31516,46855,41317
31616,46821,41337
31510,46808,41360
31436,46840,41380
31344,46855,41312
31592,46847,41334
31708,46860,41400
31756,46805,41396
31528,46868,41394
31528,46855,41414
31792,46855,41345
32024,46855,41356
31901,46855,41396
31192,46772,41436
31308,46847,41351
31440,46852,41434
31248,46852,41423
31444,46844,41436
31624,46825,41361
31440,46840,41428
31677,46855,41439
31192,46847,41404
31320,46764,41356
31996,46831,41436
32172,46831,41414
32308,46823,41390
32056,46845,41356
31984,46855,41412
32050,46853,41389
32080,46852,41399
31640,46855,41340
31244,46855,41325
31124,46834,41364
31412,46784,41383
31680,46838,41324
31965,46848,41348
32152,46836,41341
31901,46850,41260
32524,46852,41321
32872,46879,41311
32024,46865,41294
31504,46845,41252
31584,46869,41300
31772,46855,41295
31694,46868,41223
31592,46868,41288
31720,46798,41292
31792,46884,41245
31674,46884,41293
31808,46880,41276
31772,46877,41216
31688,46820,41317
31592,46870,41325
31644,46820,41276
31916,46884,41278
31672,46828,41338
31824,46852,41375
31924,46888,41292
31784,46877,41374
31848,46901,41392
32008,46847,41336
32056,46886,41369
31484,46884,41368
31649,46887,41441
31909,46884,41476
31836,46855,41437
31721,46908,41497
31608,46916,41518
31788,46916,41454
31824,46921,41560
31828,46908,41607
31764,46868,41554
31900,46901,41620
32100,46854,41619
32048,46905,41602
31928,46845,41678
31999,46924,41647
32088,46909,41742
32608,46855,41765
32088,46943,41692
31868,46925,41807
32478,46918,41735
32720,46921,41836
32688,46900,41812
32744,46926,41900
32672,46855,41892
32624,46940,41959
32448,46929,41966
32697,46948,41949
32968,46932,42043
32940,46928,42047
33045,46932,42015
33210,46918,42112
33133,46924,42152
32885,46892,42071
32524,46941,42173
32872,46935,42221
32876,46868,42268
33116,46943,42273
33332,46943,42286
33372,46876,42268
32788,46916,42332
32788,46941,42358
33344,46941,42335
33728,46928,42429
33877,46940,42457
33488,46948,42399
33452,46893,42494
33469,46972,42537
33572,46959,42460
33532,46961,42566
33464,46964,42604
33481,46943,42516
33644,46956,42628
33708,46900,42631
33789,46972,42695
33940,46943,42734
33952,46983,42640
33845,46982,42766
34023,46976,42796
34144,46948,42700
34004,46946,42832
33956,46976,42855
34316,46980,42796
34589,46956,42893
34480,46977,42900
34240,46911,42860
34212,46983,42948
34234,46983,42920
34328,46990,43009
34168,47005,43015
34068,46978,42992
34164,46943,43056
34440,46997,43052
34556,46972,43072
34592,46917,42999
34232,46983,43132
34404,46928,43120
34436,46964,43151
34397,47000,43085
34330,46980,43188
34328,46983,43158
34396,46984,43119
34573,46936,43204
34700,46999,43215
34440,46996,43172
34296,46967,43141
34432,47015,43213
34296,47027,43234
34472,47024,43110
34589,47020,43223
34380,47031,43220
34416,47036,43116
34720,47021,43225
34574,46972,43207
34396,47015,43221
34256,47052,43224
34476,46990,43196
34784,47061,43143
34876,47065,43196
34900,47069,43204
34924,47060,43061
34752,47065,43072
34920,47084,43148
34860,47079,43131
34585,47036,43134
34832,47092,43104
34624,47111,42996
34560,47132,43073
34700,47124,43052
34572,47068,42961
34612,47111,42988
34684,47072,42956
34776,47140,42969
34716,47135,42932
34680,47152,42832
34668,47148,42792
34696,47169,42805
34828,47156,42742
34788,47184,42737
34924,47180,42684
34896,47189,42556
34708,47200,42580
35040,47185,42540
35028,47213,42397
34997,47180,42436
35116,47199,42388
34942,47236,42244
34888,47188,42241
34956,47264,42111
35148,47269,42094
35084,47213,42021
34984,47278,41972
35076,47284,41886
35349,47239,41735
35200,47276,41733
34992,47321,41653
35000,47318,41486
35120,47348,41468
35229,47352,41324
35176,47340,41300
35192,47380,41220
35232,47388,41087
35292,47384,41044
35160,47391,40917
35080,47409,40868
34768,47405,40804
34588,47437,40668
34612,47388,40627
34848,47445,40554
35361,47456,40437
35297,47406,40397
35009,47488,40303
34960,47495,40190
34788,47496,40164
34916,47496,40111
35060,47452,39985
35088,47535,39988
34949,47524,39903
34900,47552,39855
34672,47554,39793
34605,47552,39744
34660,47572,39700
34673,47584,39626
34836,47576,39589
34852,47529,39542
34616,47623,39492
34272,47623,39468
34376,47580,39407
34616,47668,39380
34588,47661,39348
34540,47670,39300
34484,47679,39268
34676,47678,39246
34832,47623,39201
34660,47708,39181
34416,47713,39148
34452,47671,39124
34496,47751,39052
34684,47740,39087
34764,47751,39050
34564,47719,39034
34516,47765,39036
34580,47775,39004
34500,47740,39014
34453,47791,38968
34616,47804,38959
34692,47797,38952
34668,47845,38919
34528,47844,38914
34664,47789,38896
35064,47848,38879
35014,47853,38885
34708,47873,38848
34632,47864,38838
34712,47825,38844
34685,47912,38805
34612,47917,38796
34620,47897,38759
34648,47949,38767
34665,47940,38713
34640,47876,38725
34592,47959,38730
34596,47960,38696
34616,47934,38670
34780,47974,38681
34760,47993,38628
34688,47943,38612
34716,48031,38605
34784,48012,38585
34852,48039,38575
34848,48032,38535
34780,48044,38517
34784,48066,38493
34908,48068,38452
34832,48054,38442
34764,48100,38418
34768,48104,38396
34713,48135,38388
34660,48134,38316
34660,48149,38308
34528,48064,38268
34616,48177,38255
34444,48166,38197
34164,48116,38188
33993,48196,38125
33925,48192,38124
33748,48222,38149
33632,48223,38068
33700,48204,38056
33708,48244,37972
33804,48263,37946
33880,48271,37919
33776,48281,37864
33976,48284,37879
34369,48262,37820
34996,48340,37847
35833,48356,37763
35550,48388,37764
34684,48391,37678
34324,48431,37660
34924,48428,37610
36336,48423,37608
37856,48443,37557
38712,48391,37564
39716,48420,37580
40172,48438,37527
39660,48463,37566
38692,48448,37476
37476,48404,37461
36300,48480,37396
35460,48470,37383
34896,48489,37432
34449,48474,37372
34176,48412,37373
34024,48448,37276
33928,48500,37280
33933,48484,37316
33972,48516,37255
34060,48462,37300
34092,48519,37185
34028,48519,37223
33980,48549,37151
33988,48548,37191
33924,48484,37089
33909,48567,37110
33972,48564,37047
33896,48509,37072
33864,48596,36999
33834,48589,36996
33858,48550,37038
33854,48586,36990
33908,48519,37056
33968,48580,36961
33992,48604,36934
33980,48624,36911
33868,48614,36885
33845,48637,36933
33909,48644,36860
33918,48647,36824
34088,48644,36837
34164,48660,36841
34080,48668,36868
34116,48644,36783
33981,48676,36742
33968,48676,36754
34240,48628,36716
34464,48710,36713
34476,48712,36676
34469,48647,36677
34300,48736,36629
34221,48732,36655
34148,48748,36743
34272,48749,36608
34414,48748,36640
34384,48751,36544
34960,48769,36556
34752,48772,36540
34548,48717,36608
34630,48789,36516
34776,48797,36552
34605,48808,36415
34368,48817,36437
34161,48813,36510
34476,48813,36392
34628,48781,36476
34537,48841,36344
34384,48814,36359
34296,48868,36271
34092,48802,36225
34272,48877,36284
34568,48870,36180
34292,48877,36267
34720,48871,36117
34816,48884,36148
34324,48837,35997
34344,48870,35984
34520,48925,35912
34936,48868,35920
34652,48955,35837
34056,48946,35812
34169,48903,35750
34476,48920,35756
34616,48960,35824
34576,48903,35725
34988,48967,35676
34580,48964,35575
34316,49012,35585
34661,49014,35692
34648,49004,35556
34340,49028,35526
34000,49018,35492
33620,49029,35424
34536,49041,35428
34308,49068,35392
34472,49057,35374
34284,49069,35350
34512,49004,35444
34684,49097,35284
34680,49093,35290
34888,49100,35224
34984,49109,35313
35068,49095,35172
35096,49104,35253
35392,49100,35087
35320,49124,35172
34768,49133,34997
34756,49156,35093
35052,49134,34936
35320,49157,34975
35520,49135,34838
35552,49151,34853
35640,49175,34737
35585,49196,34813
35777,49183,34647
35650,49181,34668
35424,49197,34540
35396,49172,34493
35544,49237,34428
35668,49233,34372
35772,49197,34412
35662,49257,34266
35684,49255,34286
35500,49268,34137
35612,49274,34060
36224,49256,33996
37120,49287,33969
36248,49306,33837
35348,49301,33872
35668,49324,33596
36120,49255,33588
35996,49319,33632
35764,49287,33378
35836,49338,33342
36032,49284,33276
36068,49340,33111
35996,49326,33065
35988,49364,32994
35928,49381,32827
35928,49381,32772
35992,49393,32775
36132,49337,32501
36172,49391,32473
36164,49407,32372
36204,49415,32236
36248,49429,32177
36197,49415,32156
36168,49415,31892
36252,49441,31917
35972,49462,31885
35612,49397,31623
35664,49463,31630
35793,49404,31562
35616,49465,31568
35552,49479,31343
35808,49420,31294
35780,49493,31237
35406,49529,31310
35064,49535,30936
34932,49535,30936
35240,49564,30953
35380,49559,30919
35104,49564,30700
35276,49572,30778
35260,49589,30764
35037,49584,30562
35084,49556,30560
35460,49605,30586
35136,49591,30287
35096,49634,30388
34984,49632,30382
34840,49652,30180
35160,49664,30272
35340,49661,29988
35248,49662,30089
35181,49680,30062
34784,49676,29892
34581,49708,29865
34632,49708,29852
34672,49704,29880
34880,49663,29713
34972,49708,29742
34928,49671,29588
34780,49736,29663
34625,49741,29661
34504,49671,29460
34620,49756,29519
34720,49764,29636
35224,49775,29313
35196,49777,29412
35156,49792,29404
34988,49797,29476
34756,49799,29204
34756,49799,29198
34772,49807,29285
35260,49808,29353
35008,49812,29072
34652,49816,29224
34716,49861,29204
35140,49851,29108
35424,49788,29182
35468,49865,29216
35136,49871,29015
34704,49823,29161
34784,49860,29198
35136,49809,29189
35044,49884,28964
34797,49856,29071
34668,49893,29126
34864,49884,29132
34990,49900,29066
35085,49855,28982
35264,49908,29102
35228,49882,29100
35020,49919,29145
34752,49863,28920
34653,49943,29078
34684,49910,29101
34548,49959,29076
34804,49916,29060
34832,49974,28940
34668,49956,29032
34536,49972,29024
34320,49927,29108
34636,49965,29006
34444,49996,28824
34584,49978,28974
34596,49927,28936
34548,49998,28997
34565,50013,28831
34608,50015,28725
34692,50012,28816
34440,50004,28862
34252,49927,28820
34240,50005,28817
34488,50020,28793
34478,50024,28900
34476,50012,28645
34732,50031,28754
34572,49968,28742
34360,50055,28714
34269,50041,28607
34344,49956,28693
34316,50053,28520
34324,50038,28676
34532,50040,28664
34472,50052,28472
34276,50070,28661
34056,50094,28668
33916,50084,28629
34014,50063,28573
34056,50092,28621
34012,50076,28624
33960,50023,28556
34100,50085,28652
33972,50077,28694
33728,50088,28777
33640,50084,28486
33600,50100,28659
33448,50100,28652
33412,50112,28749
33572,50100,28498
33368,50053,28676
33433,50060,28695
33460,50092,28721
33504,50113,28588
33470,50102,28720
33508,50039,28772
33656,50102,28534
33708,50055,28696
33884,50128,28743
33744,50109,28740
33496,50036,28645
33652,50116,28798
33900,50040,28805
33880,50100,28816
33372,50087,28900
33330,50124,28776
33544,50120,28754
33508,50125,28895
33252,50069,28884
33124,50144,29022
33056,50135,28750
32976,50141,28868
32813,50120,28956
32640,50141,29080
32756,50156,28882
32596,50145,28992
32504,50151,29092
32492,50159,29037
32760,50144,29063
32856,50151,29141
32752,50159,29212
32944,50175,29017
33260,50176,29112
33796,50183,29151
34800,50200,29300
35396,50228,29128
35088,50236,29197
34032,50228,29229
33780,50256,29351
34324,50268,29132
35528,50244,29178
36704,50257,29308
37804,50228,29320
38917,50182,29440
39384,50221,29301
38253,50212,29212
36616,50228,29311
34816,50199,29413
33656,50226,29412
32636,50215,29528
32044,50225,29456
31648,50223,29396
31412,50208,29465
31284,50222,29536
30792,50239,29423
30680,50213,29506
31064,50176,29438
31233,50233,29508
30940,50209,29616
30668,50223,29501
30800,50180,29604
30612,50183,29404
30728,50119,29548
30756,50197,29653
30316,50197,29465
30054,50180,29580
29932,50183,29485
30300,50129,29588
30972,50183,29606
31096,50092,29572
30880,50175,29462
30728,50177,29606
30564,50173,29632
30444,50102,29697
30680,50159,29633
30472,50180,29660
30336,50183,29496
30493,50152,29676
30773,50167,29757
30640,50180,29545
30524,50154,29640
30392,50068,29581
30108,50132,29565
29729,50055,29643
29852,50164,29637
29914,50151,29644
29944,50084,29772
29948,50156,29493
30060,50136,29649
30364,50151,29718
30376,50132,29644
30308,50125,29596
30364,50054,29620
30400,50143,29728
30308,50125,29609
30112,50133,29724
29924,50129,29525
29962,50127,29637
30228,50071,29438
30304,50080,29600
29896,50119,29423
29828,50015,29584
29892,50108,29424
29666,50097,29597
29656,50103,29440
29820,50111,29615
29972,50105,29703
30116,50068,29508
30120,50100,29684
30004,50089,29577
30392,50006,29672
30480,50076,29471
30280,50095,29640
29882,50093,29770
29861,50084,29553
30700,50119,29664
30348,50085,29696
30234,50014,29596
30476,50113,29686
30324,50088,29537
30345,50014,29666
30704,50095,29681
31060,50084,29690
30688,50095,29784
30324,50109,29560
29964,50103,29678
30470,50100,29633
30817,50113,29562
31016,50103,29648
30824,50046,29720
30868,50087,29626
30884,50095,29662
30924,50068,29545
30672,50097,29658
30764,50099,29765
30804,50020,29573
30912,50100,29640
31124,50084,29565
30968,50084,29641
31373,50088,29641
31333,50073,29636
31240,50012,29663
31356,50060,29452
31365,50069,29624
31580,49997,29536
31776,50085,29640
31812,50085,29664
31544,50100,29476
31404,50071,29628
31412,50077,29638
31456,50048,29488
31760,50055,29568
31928,50032,29601
31880,50053,29724
31494,50045,29520
31609,50045,29623
32064,50036,29425
32312,50048,29612
32400,50055,29640
32358,50020,29615
32404,50028,29741
32663,50044,29524
32844,50036,29615
32368,50031,29447
32304,50036,29615
32724,50028,29559
33180,50033,29694
33004,50024,29608
32556,49965,29615
32782,50055,29629
32864,50047,29660
32889,50028,29606
32908,50053,29732
33100,50041,29479
33026,50005,29590
32865,50031,29636
32656,49988,29575
33132,50000,29513
33404,49959,29593
33413,49959,29405
33312,49984,29588
33172,49972,29678
32768,49966,29455
32888,49968,29588
32933,49941,29406
32812,49943,29615
32848,49951,29476
33153,49927,29545
33652,49935,29688
33352,49916,29498
32680,49889,29540
32872,49888,29671
32844,49903,29393
32661,49884,29548
32688,49799,29376
32772,49888,29536
33076,49885,29409
33160,49875,29559
33154,49877,29685
32808,49865,29434
32586,49868,29572
32288,49836,29423
32224,49760,29561
32472,49823,29411
32664,49837,29560
32789,49826,29505
32760,49816,29581
32624,49831,29449
32022,49772,29559
32796,49772,29434
33120,49792,29504
32488,49743,29416
32328,49780,29508
32264,49780,29389
32288,49721,29479
32444,49783,29319
32700,49788,29462
32724,49751,29473
33273,49749,29364
33492,49689,29420
32508,49732,29452
31964,49751,29405
32072,49742,29434
32077,49716,29406
32113,49671,29351
32072,49740,29367
32292,49740,29354
32112,49756,29368
32096,49727,29318
32316,49671,29373
32264,49703,29397
32204,49633,29186
32181,49671,29321
32229,49647,29292
31848,49705,29349
31784,49695,29368
32652,49692,29212
32592,49669,29388
32304,49631,29287
32488,49664,29340
32244,49669,29173
32052,49668,29337
32472,49644,29191
32808,49591,29314
32346,49637,29162
31912,49633,29324
31588,49639,29172
31732,49615,29324
32060,49605,29176
32128,49615,29380
32084,49580,29212
31876,49598,29325
31388,49580,29375
31730,49580,29284
32020,49572,29351
31844,49580,29156
31432,49551,29332
31804,49492,29424
31904,49581,29226
31632,49543,29305
31160,49511,29416
31340,49519,29182
31345,49513,29271
31644,49507,29152
31514,49508,29247
31269,49506,29348
31508,49476,29168
31800,49477,29276
31753,49474,29036
31854,49468,29168
31608,49484,29152
31864,49456,29163
32084,49383,29183
32112,49424,28926
32012,49450,29081
31736,49458,29071
31796,49440,28847
31992,49388,29006
31748,49415,28967
32204,49415,28935
32404,49424,28898
32048,49397,28935
31671,49356,28720
31812,49408,28820
32080,49389,28820
32036,49358,28688
31682,49388,28736
31508,49380,28742
31704,49366,28540
31941,49350,28640
31868,49340,28557
31740,49349,28596
31632,49327,28692
31712,49325,28511
31868,49321,28534
32132,49319,28332
31806,49253,28445
31624,49308,28364
31807,49295,28388
31836,49300,28360
31436,49264,28187
32236,49269,28309
32308,49271,28091
32001,49245,28243
32116,49249,28280
32016,49239,28031
31884,49244,28166
31554,49228,28213
31744,49236,28072
31716,49188,28135
31544,49197,27988
31752,49199,28100
31860,49117,27985
31880,49189,28087
32142,49189,27918
32016,49175,27993
31917,49112,27764
31868,49173,27923
31636,49164,27686
31128,49117,27839
31312,49144,27799
31661,49132,27820
31542,49124,27874
31532,49119,27702
31624,49076,27748
31864,49125,27836
31940,49062,27556
32076,49136,27708
32328,49127,27538
32504,49133,27687
33320,49136,27502
34008,49141,27678
34524,49143,27655
33556,49156,27485
32728,49116,27672
33497,49144,27743
34360,49180,27580
35148,49159,27655
36356,49144,27453
37624,49116,27629
38644,49076,27452
38536,49104,27640
37381,49097,27647
35884,49069,27512
34356,49088,27604
32924,49072,27722
32052,49048,27489
31712,49072,27630
31017,49072,27468
31072,49071,27614
31092,49049,27669
31021,49038,27524
31292,49012,27606
31188,49028,27621
30900,49005,27620
30696,49004,27607
30480,48999,27650
30592,48932,27641
30904,48983,27640
30348,48965,27644
30760,48957,27471
31088,48881,27632
31072,48924,27655
30772,48924,27671
31180,48933,27716
31476,48916,27516
31354,48840,27669
31340,48932,27601
31400,48913,27694
31608,48832,27642
31228,48901,27684
31012,48884,27804
31244,48877,27492
31601,48873,27616
31401,48881,27644
31148,48876,27632
30812,48796,27604
31172,48868,27640
31316,48856,27557
31004,48853,27532
31028,48836,27579
30996,48749,27428
31284,48825,27584
31682,48812,27640
31764,48829,27428
31548,48813,27560
31100,48728,27455
30608,48806,27561
31072,48797,27577
31260,48734,27377
31060,48791,27548
30920,48767,27377
30768,48688,27521
30912,48753,27338
30992,48775,27508
30933,48748,27317
31530,48764,27508
31481,48748,27567
31104,48748,27396
30932,48675,27472
31104,48732,27572
30912,48734,27351
30908,48736,27476
30845,48711,27404
30796,48687,27468
31516,48718,27487
31900,48720,27584
31877,48712,27359
31332,48714,27497
31116,48724,27527
30912,48703,27533
30772,48700,27352
31121,48680,27536
30932,48692,27588
30676,48685,27386
30616,48687,27545
30550,48685,27378
30432,48672,27585
30532,48647,27598
30613,48646,27553
30590,48644,27645
30969,48647,27753
30969,48647,27668
30986,48629,27713
30880,48632,27555
30760,48549,27740
30776,48622,27681
30744,48612,27788
30725,48621,27825
30584,48612,27789
31026,48593,27855
31060,48584,28044
30896,48532,27943
30628,48570,28085
30788,48564,27944
30720,48576,28041
30640,48550,27916
30996,48560,28100
31544,48568,27961
31486,48545,28172
31248,48496,28292
30748,48537,28208
30644,48529,28286
30829,48545,28136
30752,48533,28334
30712,48530,28240
30608,48526,28452
30692,48511,28366
31024,48481,28637
30700,48494,28503
30650,48460,28624
31108,48452,28574
31304,48433,28781
31296,48430,28711
31126,48444,28924
31012,48439,28830
30912,48423,28984
31100,48420,28900
30912,48428,29033
31552,48412,28944
32100,48325,29023
31352,48380,29155
31136,48344,28964
30816,48368,29143
31085,48367,29169
31404,48368,29116
31904,48364,29238
32412,48281,29350
32300,48340,29245
32280,48347,29358
32277,48320,29241
32296,48308,29415
32048,48226,29544
31881,48276,29390
31620,48300,29523
31769,48296,29711
31892,48305,29452
32007,48292,29660
32304,48284,29681
32664,48292,29621
32608,48263,29721
32044,48196,29768
31656,48229,29914
31824,48253,29864
31996,48233,29972
31764,48246,29887
31377,48263,29997
31112,48236,29860
31472,48256,30076
31648,48256,30176
31400,48224,30148
31500,48245,30052
31544,48263,30223
31305,48245,30388
31802,48239,30181
31668,48285,30348
31676,48277,30197
31685,48224,30404
31836,48284,30404
31936,48289,30290
31664,48308,30452
31648,48300,30325
31993,48292,30496
31872,48293,30647
31648,48292,30479
31724,48239,30564
31540,48324,30422
31708,48308,30553
31796,48319,30612
31788,48324,30532
31844,48247,30604
32004,48289,30622
32076,48319,30596
31976,48271,30708
31772,48333,30590
31500,48247,30631
30964,48332,30724
31092,48341,30629
31736,48348,30689
32040,48336,30586
32004,48263,30620
31936,48355,30684
31777,48337,30661
31656,48344,30701
31709,48349,30792
31680,48356,30646
31976,48366,30736
32232,48364,30853
31304,48380,30668
31020,48364,30681
31800,48375,30788
32032,48356,30902
31964,48368,30772
32118,48377,30836
32036,48372,30997
31852,48364,30727
31700,48391,30881
31652,48412,30876
31732,48389,31031
31648,48381,30844
31373,48380,30921
31333,48329,30903
31188,48343,30788
31540,48384,30908
31904,48324,30760
31896,48412,30917
31828,48414,30964
31620,48375,30784
31854,48415,30935
31957,48402,30876
32136,48338,30928
31848,48412,31056
31292,48391,30820
31240,48391,30911
31124,48402,30987
30992,48388,30881
30572,48355,30932
31100,48382,31085
31412,48316,30813
31008,48367,30942
31312,48308,31040
31504,48386,30817
31038,48372,30930
31052,48316,31092
31084,48376,30852
31392,48381,31045
31309,48381,30957
30948,48389,30975
30980,48372,30945
30996,48303,30969
30948,48380,30998
31696,48367,30870
31688,48377,30983
31616,48365,31013
30986,48372,30832
31132,48384,31004
31565,48381,31132
31764,48381,31008
31726,48380,30870
30948,48308,31012
31180,48388,30892
31266,48357,31035
30932,48375,31124
31084,48356,31015
31400,48364,31040
31405,48300,31152
31436,48381,31074
31296,48356,31225
30992,48365,31091
31114,48276,31180
31300,48358,31013
31216,48340,31117
31400,48260,31296
30884,48345,31033
30222,48329,31174
30920,48292,31272
30916,48324,31062
30964,48336,31232
31644,48332,31221
31852,48325,31080
31572,48253,31236
31125,48335,31343
31532,48317,31119
31308,48276,31228
30960,48311,31348
31292,48255,31192
31316,48312,31234
31364,48324,31305
31480,48325,31118
31392,48325,31264
31412,48292,31229
31188,48231,31352
31192,48288,31153
31392,48284,31197
30808,48245,31149
30872,48311,31252
31108,48316,31207
30844,48239,31278
31044,48309,31348
30856,48308,31128
30649,48301,31202
30916,48279,31310
31577,48328,31110
32572,48260,31188
33208,48348,31269
33564,48368,31049
32256,48405,31212
31357,48413,31232
31876,48421,31149
33312,48409,31109
34600,48412,31173
35812,48383,31133
37244,48357,31184
37920,48364,31273
37142,48356,31050
36032,48312,31185
34517,48377,31294
32896,48364,31140
31984,48281,31174
31336,48356,31238
31077,48348,31119
30860,48325,31176
30824,48308,31271
30492,48335,31175
30508,48334,31173
30560,48327,31218
30316,48268,31035
30449,48325,31179
30455,48296,31198
30496,48303,31212
30564,48229,31040
30224,48285,31159
30408,48287,31164
30720,48289,31148
30856,48289,31136
30916,48198,31212
30757,48228,31117
30872,48284,31173
31005,48284,30986
31184,48277,31152
30920,48252,31141
30600,48205,31270
30936,48228,31172
30812,48191,31193
31152,48248,31004
31648,48241,31184
31624,48196,31238
31596,48231,31052
31520,48231,31188
31412,48197,31073
31417,48193,31156
31412,48219,31108
31372,48220,31172
31408,48196,31263
31365,48208,31113
31024,48133,31276
30616,48207,31159
30932,48193,31197
31117,48116,31088
31048,48188,31151
31408,48164,31061
31652,48100,31177
31708,48160,31029
31872,48153,31141
31456,48135,31048
31144,48165,31149
31372,48135,31106
31612,48149,31213
31617,48085,31092
31778,48132,31188
31724,48109,31061
31572,48057,31207
31652,48091,31344
31436,48021,31084
31216,48084,31233
31168,48094,31313
31088,48088,31159
31416,48071,31285
31552,48081,31302
31380,48071,31269
31108,48064,31330
30902,48044,31332
30816,48016,31341
31168,48033,31303
31108,47959,31377
31324,48037,31442
31472,48031,31310
31552,48032,31446
31468,48004,31481
31556,48005,31423
31476,47956,31484
31400,47974,31524
31492,47908,31440
31712,47948,31496
31400,47945,31569
30924,47972,31542
31276,47952,31588
31264,47957,31445
31120,47949,31578
31132,47955,31716
31404,47852,31564
31392,47910,31596
31240,47847,31676
31317,47895,31672
31072,47916,31572
30580,47925,31633
30724,47908,31745
31048,47873,31541
31744,47909,31668
31516,47894,31812
31308,47879,31631
31276,47876,31663
31176,47869,31716
31240,47852,31821
31236,47841,31668
31360,47828,31670
31720,47806,31790
31572,47860,31643
31916,47849,31697
32004,47775,31588
31800,47841,31695
31928,47818,31592
31744,47789,31736
31736,47825,31833
31928,47815,31741
32240,47804,31797
32280,47804,31685
31889,47796,31745
31952,47804,31708
32336,47796,31751
32452,47780,31781
32408,47716,31649
32224,47764,31751
32284,47751,31683
32422,47751,31755
32400,47751,31656
32312,47716,31749
32544,47751,31788
32788,47732,31794
32817,47716,31805
32948,47668,31760
32668,47703,31796
32756,47688,31815
32956,47661,31892
33028,47623,31705
32872,47677,31781
32928,47698,31924
33412,47695,31788
33772,47668,31845
33780,47671,31740
33652,47665,31802
33397,47650,31936
33029,47583,31792
32936,47652,31845
33136,47647,31776
33240,47653,31852
32996,47636,32006
33026,47641,31805
33397,47598,31902
33832,47628,31788
33142,47623,31870
32760,47616,31824
32744,47637,31894
33108,47607,31836
33141,47615,31973
33140,47540,31839
33032,47612,31908
33100,47613,31924
33452,47551,31964
33228,47604,31980
33392,47592,31845
32832,47605,31975
32624,47596,31950
32384,47543,31869
32936,47596,31949
33132,47584,31941
32562,47520,31991
32056,47585,32064
32344,47524,31889
32636,47565,32016
32624,47576,32143
32889,47568,31997
32932,47559,32105
32684,47493,31935
32516,47554,32002
32736,47541,32101
32780,47554,32007
32764,47519,31984
32756,47564,31893
32708,47503,31964
32496,47548,32073
32732,47549,31993
32796,47548,31965
32748,47547,32076
32724,47546,31901
32800,47533,31919
32480,47487,31946
32228,47524,31888
32404,47528,31916
32540,47455,31837
32389,47535,31903
32628,47514,31724
32868,47452,31799
32724,47509,31880
32828,47431,31684
32636,47505,31751
32717,47505,31793
32748,47517,31751
32972,47483,31844
33060,47505,31618
32927,47463,31741
32768,47425,31684
32960,47476,31831
33312,47401,31637
32704,47484,31677
32612,47444,31791
32640,47479,31556
32704,47408,31637
33142,47495,31621
32868,47468,31609
32542,47452,31566
32940,47447,31585
33392,47383,31485
33500,47456,31566
33132,47433,31542
32520,47448,31541
32212,47364,31487
32400,47428,31561
32524,47367,31524
32596,47429,31677
32501,47420,31469
32788,47425,31550
32736,47404,31400
32652,47343,31445
32800,47377,31501
32924,47402,31463
33360,47377,31584
33512,47396,31436
33244,47396,31476
33288,47392,31284
33384,47362,31397
33444,47324,31479
33273,47349,31250
32800,47325,31387
33220,47336,31352
33140,47289,31500
33516,47320,31301
33408,47335,31360
32920,47324,31328
32582,47308,31340
33090,47302,31360
33468,47305,31223
32696,47277,31332
32300,47289,31477
32804,47234,31309
33700,47300,31308
33224,47284,31308
32820,47289,31317
33176,47239,31290
32844,47271,31305
32340,47285,31148
32684,47284,31268
32856,47279,31231
33060,47249,31293
32888,47261,31231
33281,47220,31212
33528,47248,31096
33616,47289,31152
34012,47271,31229
33860,47272,31092
33097,47212,31166
32864,47268,31085
32928,47252,31103
33312,47232,31007
33232,47236,30908
33104,47194,30966
32712,47247,30805
33295,47229,30897
33732,47229,30927
34120,47173,30846
34028,47214,30862
33376,47198,30721
33316,47197,30805
33012,47180,30654
32910,47181,30525
33112,47191,30532
32896,47188,30471
32353,47181,30438
32544,47111,30518
34201,47160,30303
34388,47175,30188
33576,47164,30172
33692,47175,30044
34024,47111,30033
34060,47204,29964
34501,47188,29943
35053,47213,29968
34500,47229,29733
32761,47244,29806
33076,47230,29623
33822,47237,29720
35256,47164,29404
36636,47224,29477
37524,47202,29303
38652,47188,29316
38657,47207,29262
38180,47171,29172
37080,47151,28953
35820,47196,29023
34084,47145,28820
32992,47181,28877
32636,47128,28647
32480,47173,28701
32808,47161,28495
33428,47157,28544
33444,47148,28340
32732,47169,28399
32277,47143,28159
32264,47156,28276
32600,47156,28145
33000,47099,28072
32518,47153,27986
31528,47143,27740
31652,47140,27820
31598,47087,27593
32580,47140,27676
32864,47144,27524
32064,47149,27518
31697,47141,27292
31836,47095,27364
31968,47105,27432
31964,47143,27176
32072,47110,27234
31904,47127,27080
31929,47099,27112
32196,47163,27175
32444,47141,27015
32364,47111,27044
31901,47173,26831
31980,47158,26879
32168,47173,26661
31952,47145,26748
31824,47143,26557
32292,47165,26660
32364,47096,26461
32068,47196,26566
32000,47191,26440
32156,47132,26481
32184,47178,26436
32396,47205,26234
32168,47200,26345
31720,47204,26140
32428,47221,26252
32392,47207,26116
32224,47172,26296
32136,47221,26156
32600,47229,26213
32500,47247,25975
31652,47236,26100
31964,47173,25988
31964,47239,26015
31908,47231,25961
31760,47204,25791
31857,47232,26022
31604,47239,25895
31952,47247,25746
32120,47191,25982
32612,47253,25863
32960,47246,25733
32588,47239,25969
32097,47172,25823
32032,47247,25833
32480,47228,25644
32542,47237,25928
32149,47239,25818
32436,47239,25705
32233,47239,25863
31604,47253,25842
32432,47207,25663
32712,47260,25851
32596,47236,25832
32796,47233,25936
33234,47239,25855
33268,47228,25826
32636,47237,25989
31792,47221,25909
32496,47223,25754
33104,47223,25932
32596,47193,25902
32236,47207,25936
32688,47159,25991
32409,47196,26015
32432,47169,25956
32588,47167,26028
33024,47172,25996
32900,47163,26128
32484,47096,26078
33117,47160,25926
33326,47157,26095
33313,47124,26096
33384,47144,25954
33184,47130,26225
32800,47124,26148
33116,47099,25986
33685,47130,26236
33268,47111,26148
32889,47045,25994
33216,47078,26201
33712,47108,26164
33492,47079,26115
33512,47092,26313
33584,47045,26181
33840,47072,26007
34080,47066,26255
34236,47004,26175
33880,47069,26113
33996,47086,26017
34304,47077,26292
33768,47079,26178
33513,47064,26018
33380,47076,26237
33416,47045,26165
34336,47054,26183
34392,47016,26036
33556,47075,26189
33248,47053,26191
33136,47071,26172
33792,47020,26054
34148,47076,25983
34044,47068,26253
34192,47060,26135
34084,47007,26128
34356,47060,25968
34104,47031,26229
34148,47056,26127
33980,47005,25938
34124,47064,26188
34644,47050,26071
34664,47048,26074
34528,47053,25996
34532,46980,26011
35032,47044,26047
34624,47030,25993
34400,47028,25950
34644,47036,26081
35016,47045,26028
34912,47071,26024
34612,47036,25867
34524,47041,26129
34824,47016,26009
34792,47036,26020
34776,47040,25930
34736,47012,25847
34412,47015,26017
34320,47031,26012
34520,46975,26016
34733,46995,25976
34668,47028,26046
35020,47028,25998
35292,46983,25945
34756,47025,25937
34501,47008,25982
34536,47013,25873
34624,46955,26065
34796,47020,25995
34681,47012,26050
34860,47023,25999
35156,46999,25932
35316,47032,26009
35324,47021,25832
35288,47013,25989
34940,47028,25928
34646,47005,25986
34824,46956,25838
34748,47022,26014
34753,47008,25968
34616,47013,26067
34744,46967,26048
35012,47009,26140
35196,47020,25938
35060,47013,26142
35180,46997,25975
34868,46959,26052
34272,47012,25990
34972,47000,26169
34996,47005,26108
34504,47025,26140
34470,47012,25966
34894,47013,26148
34700,46997,26161
34468,46948,26013
34708,46997,26186
34996,46988,26156
35256,46997,26226
35208,46988,26340
34864,46991,26141
34632,46991,26293
34380,46935,26181
34560,46992,26341
34762,46983,26289
34732,46983,26416
34916,46971,26388
34688,46922,26457
34360,46959,26540
34268,46966,26533
34220,46975,26639
34328,46950,26602
34512,46956,26492
34484,46901,26673
34681,46951,26584
34556,46946,26766
34212,46887,26736
34044,46932,26872
34173,46917,26764
34304,46919,26973
34176,46930,26903
34216,46911,27116
34136,46924,26974
34180,46924,27153
34264,46908,27044
34292,46908,27254
34196,46904,27183
34034,46869,27438
33886,46893,27399
33864,46880,27557
33968,46895,27601
34084,46876,27780
34092,46855,27732
34197,46878,27677
34260,46869,27844
34300,46845,27862
34276,46849,28092
34208,46772,28062
34024,46841,27988
33565,46821,28213
33556,46828,28285
33736,46765,28522
33876,46831,28477
33712,46813,28666
33980,46757,28624
34032,46799,28715
34041,46775,28664
33856,46780,28848
33848,46724,28857
33660,46788,29013
33548,46759,29014
33680,46766,29196
33904,46717,29164
33956,46743,29373
33740,46765,29369
33688,46727,29609
33805,46727,29588
33660,46716,29759
33596,46727,29753
33388,46716,29896
33188,46669,29928
33444,46709,30072
33376,46705,30036
33332,46700,30260
33364,46636,30256
33240,46684,30452
33052,46677,30389
33108,46599,30652
33312,46652,30685
33300,46638,30632
33285,46652,30836
33288,46597,30876
33256,46654,31076
33250,46636,31048
33092,46630,31012
32912,46559,31158
32693,46620,31162
32437,46597,31344
32261,46599,31326
32160,46546,31604
32148,46580,31511
32112,46599,31572
32292,46589,31647
32356,46596,31862
32052,46526,31751
32088,46599,31732
32464,46588,31878
32940,46599,31872
33652,46620,32014
33632,46628,31951
32300,46654,32120
31328,46586,32112
31628,46671,32303
33004,46648,32169
34724,46584,32288
35944,46636,32329
37020,46612,32505
38076,46580,32372
37820,46580,32477
36961,46575,32604
35760,46573,32556
34489,46572,32724
33504,46562,32623
32740,46556,32736
32310,46518,32653
32188,46532,32741
32186,46532,32709
32020,46521,32786
32000,46509,32825
32140,46436,32869
32096,46491,33031
32004,46492,32958
32208,46469,33086
32256,46456,33019
32048,46481,33098
32148,46485,32988
31972,46453,33088
31968,46397,33216
32000,46443,33056
32224,46401,33109
32536,46429,33257
32464,46439,33176
32210,46388,33247
32423,46416,33143
32364,46343,33248
32064,46373,33254
31892,46401,33341
32184,46388,33238
32344,46308,33276
32352,46374,33414
32380,46382,33286
32525,46392,33292
32816,46380,33218
32788,46352,33308
32616,46367,33317
32332,46343,33273
32668,46343,33268
32604,46341,33309
32194,46343,33240
31848,46333,33189
32224,46343,33116
32429,46324,33144
31937,46332,33063
32036,46302,33064
32600,46308,33106
32564,46309,33041
32836,46303,33120
32512,46292,32968
32288,46228,32985
31876,46276,32857
31764,46254,32804
32857,46281,32912
33104,46269,32709
32732,46277,32680
32420,46263,32797
32176,46260,32609
32076,46253,32684
32553,46172,32564
32685,46241,32631
32932,46228,32469
32657,46208,32445
32126,46244,32324
32224,46251,32364
32552,46254,32398
33124,46240,32206
32112,46255,32270
31424,46228,32263
31865,46232,32102
32576,46229,32137
32480,46196,32137
32972,46232,32076
33173,46236,32039
33024,46192,31919
32612,46248,31965
32372,46238,31964
32856,46199,31809
33345,46204,31844
33176,46220,31936
32112,46164,31806
31988,46232,31858
32548,46225,31708
31760,46239,31708
31404,46229,31766
32212,46172,31708
32064,46247,31682
32088,46228,31622
32638,46212,31543
32570,46192,31601
32712,46215,31696
32805,46180,31584
32684,46204,31679
32764,46215,31533
32952,46179,31508
32804,46228,31457
32556,46214,31364
32628,46146,31460
32832,46197,31492
32900,46205,31370
32276,46189,31332
32352,46206,31318
32829,46143,31239
32972,46212,31279
33124,46196,31169
33244,46204,31224
33125,46208,31133
32936,46196,31152
33072,46174,31145
33301,46196,31105
33344,46174,31081
33004,46185,31025
32580,46190,31057
32972,46156,30957
33472,46191,30836
33265,46190,30902
33328,46143,30784
33700,46188,30860
33544,46172,30750
33492,46183,30809
33288,46173,30745
33052,46151,30756
33144,46150,30682
33234,46183,30672
33612,46159,30627
33695,46199,30628
33456,46183,30564
33116,46183,30528
33016,46160,30384
33448,46172,30428
33944,46180,30470
33940,46168,30373
33804,46138,30384
33556,46180,30236
33472,46165,30335
33572,46175,30167
33836,46141,30253
33924,46175,30341
33668,46148,30117
33613,46149,30162
33248,46156,30024
33396,46138,30095
33492,46165,29969
33856,46172,30042
33748,46125,30075
33468,46149,30036
33628,46173,30021
33770,46100,29973
33644,46165,30008
33545,46145,29914
33644,46149,29800
33729,46164,29921
33228,46145,29852
33360,46156,29930
33520,46168,29727
33520,46170,29796
33504,46162,29668
33716,46164,29758
33804,46167,29670
33652,46159,29704
33456,46087,29689
33388,46164,29700
34032,46150,29806
34200,46180,29596
34172,46183,29696
34400,46139,29481
34380,46189,29556
34068,46188,29447
33812,46124,29565
33528,46213,29436
33532,46199,29512
33680,46214,29425
33637,46239,29508
33636,46229,29317
33652,46253,29420
33808,46247,29349
33677,46268,29364
33400,46271,29312
33228,46280,29153
33184,46215,29261
33552,46297,29142
33785,46293,29217
33612,46311,29148
33460,46325,29199
33432,46329,28996
33504,46282,29081
33668,46343,28940
33280,46351,29028
32992,46339,28901
33617,46358,29010
33240,46372,28849
33188,46372,28935
33120,46385,28812
33429,46397,28964
33416,46343,28888
33024,46388,29009
33092,46433,28864
33252,46414,28804
33393,46428,28836
33824,46433,28820
33648,46453,28768
33324,46444,28622
33476,46453,28742
33384,46428,28617
33332,46471,28751
33172,46471,28693
33116,46471,28650
33484,46471,28667
34256,46487,28537
34128,46471,28715
33784,46477,28603
33904,46456,28605
32912,46501,28588
32344,46508,28449
32952,46516,28716
33108,46519,28526
33344,46461,28472
33228,46541,28641
33248,46523,28518
33240,46463,28636
33060,46537,28487
32760,46516,28321
32860,46528,28516
33148,46537,28470
33232,46548,28285
33188,46500,28432
33288,46565,28441
33052,46542,28386
32860,46544,28430
32804,46535,28421
32612,46560,28260
32616,46560,28505
32725,46558,28356
33000,46572,28372
32981,46575,28236
33356,46581,28316
33104,46500,28353
32908,46509,28301
32768,46508,28216
32852,46570,28474
32894,46565,28326
33042,46560,28207
32928,46572,28423
32444,46521,28348
32448,46564,28196
32292,46590,28316
32096,46572,28260
32108,46572,28448
32312,46583,28321
32365,46505,28212
32140,46580,28302
31648,46572,28226
31464,46576,28292
31757,46569,28189
31821,46552,28295
31840,46588,28164
31876,46511,28260
32100,46588,28128
31980,46548,28292
31696,46568,28247
31478,46565,28238
31009,46575,28220
30540,46532,28093
31112,46598,28236
31184,46576,28060
30972,46578,28216
30828,46509,28076
30689,46580,28217
30925,46577,28062
31176,46572,28164
30869,46581,28060
30760,46561,28232
31060,46613,28106
31560,46599,28230
32068,46642,28085
33080,46652,28236
33476,46652,28033
32572,46676,28231
31194,46625,28085
31316,46697,28148
32201,46676,28073
33684,46700,28172
34892,46636,28015
36520,46679,28140
37564,46677,27989
37060,46657,27868
36345,46648,27968
35040,46599,27828
32760,46660,27950
31180,46662,27927
30356,46648,27825
29980,46630,27876
30148,46636,27746
29828,46597,27928
29442,46585,27852
29324,46589,27708
29504,46621,27903
29512,46592,27804
29588,46594,27623
29384,46598,27747
29248,46536,27606
29032,46597,27732
29486,46585,27578
29660,46580,27736
29720,46509,27619
29968,46596,27756
30212,46561,27634
30122,46561,27850
30048,46485,27676
30102,46544,27561
30076,46548,27704
30168,46556,27560
30070,46493,27720
30030,46507,27631
30293,46526,27708
30456,46535,27655
30708,46532,27823
30648,46519,27727
30625,46524,27673
30564,46516,27724
30564,46511,27772
30549,46436,27744
30328,46517,27752
30360,46495,27748
30496,46511,27593
30432,46449,27739
30440,46476,27689
30432,46477,27757
30412,46440,27673
30358,46463,27764
30348,46452,27900
30484,46461,27719
30589,46453,27902
30493,46462,27814
30464,46460,27864
30468,46377,27689
30520,46452,27812
30752,46436,27692
30652,46430,27828
30524,46393,27694
30356,46425,27859
30376,46417,27751
30388,46420,27861
30292,46412,27777
30484,46429,27870
30357,46408,27806
30712,46413,27924
30584,46343,28089
30372,46400,27920
30740,46373,28113
31132,46380,27998
31152,46319,28151
31071,46389,27906
30888,46364,28047
31584,46333,27984
31840,46390,28101
31152,46369,28194
31164,46288,28097
30884,46296,28292
30996,46339,28197
30988,46358,28185
30856,46333,28219
30572,46343,28106
30756,46352,28255
31238,46343,28230
31480,46335,28292
31496,46353,28340
32026,46341,28205
32252,46332,28472
32194,46321,28311
32044,46320,28196
31608,46284,28317
31632,46333,28207
31888,46327,28401
32080,46311,28301
32160,46319,28448
32276,46311,28284
32568,46316,28317
32624,46292,28167
32600,46289,28364
32224,46292,28293
32164,46274,28321
32497,46272,28260
32156,46308,28142
32528,46291,28249
32624,46297,28233
32880,46215,28213
32932,46285,28218
32856,46271,28207
32780,46276,28324
32928,46196,28184
33540,46272,28060
33084,46279,28133
32596,46271,28039
32876,46261,28246
33576,46236,28124
33880,46190,27949
34016,46215,28110
33984,46252,28018
34273,46236,28164
34512,46216,28033
34116,46230,27902
33600,46180,28004
33612,46244,27862
33888,46244,28004
33664,46231,27926
33864,46222,28156
34332,46215,27958
34460,46204,27877
34444,46207,28118
34404,46128,27960
34624,46172,27871
34812,46188,28079
34772,46196,27967
34608,46191,27975
34772,46196,27932
34845,46178,27948
34736,46164,27902
34868,46164,28041
35052,46101,27958
34764,46164,27852
34580,46148,28064
34756,46154,28024
34668,46087,28020
34616,46153,28006
34816,46140,27945
34816,46143,28181
35152,46129,28086
35176,46117,27983
35632,46056,28076
35512,46081,27989
34976,46119,28120
34677,46116,28029
34940,46100,28185
34888,46105,28050
35072,46103,28212
34848,46033,28127
34608,46087,28327
35028,46087,28133
35344,46082,28232
34832,46076,28123
34224,46078,28372
34028,46036,28294
34416,46062,28436
34788,46076,28256
34816,46068,28407
34624,46078,28253
34838,46052,28454
34952,46054,28333
34548,46044,28236
34432,46052,28311
34540,45984,28239
34240,46052,28473
34136,46036,28335
34512,46053,28428
34260,45988,28271
34432,46051,28433
34336,46048,28364
34164,46017,28503
34136,46023,28382
34176,46023,28436
34308,45959,28391
34832,46036,28276
34492,46016,28501
34364,46017,28380
34610,46012,28588
34568,45959,28448
34624,45993,28521
34556,45983,28437
34196,45974,28367
34320,45975,28622
34504,45943,28509
34156,45940,28596
33704,45988,28479
33900,45981,28392
33769,45959,28572
33740,45959,28527
33508,45951,28471
33140,45944,28535
33340,45882,28476
33868,45887,28712
34029,45928,28573
33752,45916,28700
33724,45924,28620
33768,45935,28636
34004,45932,28649
33484,45885,28519
33380,45869,28639
33624,45920,28541
33824,45910,28751
33392,45885,28645
33196,45897,28768
33164,45884,28687
32736,45885,28777
32660,45901,28710
32988,45847,28679
33404,45861,28788
33572,45878,28740
33740,45882,28941
33636,45868,28820
33216,45855,28789
33165,45849,28820
32948,45792,28718
33376,45788,28871
33082,45799,28884
33068,45863,29007
33241,45849,28902
32933,45839,28930
33193,45831,28898
33168,45831,28808
33166,45760,29012
33116,45767,28937
32752,45851,28864
32492,45831,29120
32400,45830,28997
32984,45831,28866
33214,45828,29016
32960,45791,28900
32857,45802,29004
33448,45785,28901
33476,45796,29028
33376,45745,28940
33399,45799,29076
33292,45786,28949
33276,45788,29181
33212,45793,29076
33040,45725,29167
33076,45783,29071
33072,45768,28975
33392,45759,29056
32988,45749,29072
33096,45757,28926
32852,45764,29028
32872,45756,28912
33020,45767,29056
33188,45748,28974
33165,45743,29135
33060,45727,29031
33053,45712,29123
33036,45741,28969
33244,45727,28848
33240,45716,28966
32952,45735,28836
32884,45733,28939
33121,45716,28936
33056,45733,28906
32912,45656,28846
33216,45717,28984
32908,45713,28825
32588,45708,28996
32470,45654,28894
32832,45709,28992
32824,45701,28872
32692,45701,28893
32596,45712,28828
32508,45645,28761
32449,45700,28837
32208,45692,28701
32461,45623,28804
32484,45684,28679
32216,45679,28804
32132,45701,28676
32540,45693,28823
33016,45668,28679
32648,45733,28765
32564,45732,28666
33470,45732,28775
34704,45700,28681
35204,45756,28829
34588,45758,28796
33444,45782,28785
32988,45785,28760
33516,45756,28750
34320,45805,28764
36184,45792,28900
38388,45741,28728
40228,45750,28849
40064,45725,28680
38676,45740,28733
36940,45684,28796
35034,45743,28740
33508,45695,28780
32536,45724,28622
31872,45703,28676
31470,45740,28539
31420,45719,28661
31732,45711,28740
31664,45716,28575
31496,45696,28609
31596,45689,28462
31676,45639,28561
31612,45699,28438
31454,45696,28561
31084,45692,28418
30780,45689,28549
30896,45631,28409
31704,45688,28548
31930,45677,28556
31912,45665,28485
31696,45648,28512
31532,45658,28426
31481,45631,28653
31520,45652,28548
31421,45637,28714
31393,45640,28541
31340,45647,28712
31632,45650,28548
31864,45621,28632
31824,45621,28551
31772,45615,28676
31384,45575,28593
31464,45610,28636
31668,45619,28486
31604,45620,28628
31708,45604,28754
31688,45612,28620
31840,45597,28694
31632,45596,28516
31384,45608,28612
31512,45613,28517
31486,45596,28611
31396,45583,28733
31161,45623,28591
31280,45605,28621
31772,45613,28580
31402,45616,28572
31540,45609,28557
31392,45617,28556
31240,45537,28500
31236,45606,28434
31212,45589,28483
30848,45540,28540
30464,45628,28502
30997,45607,28584
31436,45550,28453
31548,45626,28501
31704,45621,28319
31880,45613,28402
31384,45624,28354
31780,45611,28424
32032,45628,28469
31664,45633,28392
31408,45567,28340
31056,45653,28358
30680,45662,28324
31064,45664,28367
31472,45607,28498
31892,45638,28344
32180,45672,28257
32260,45677,28296
31721,45670,28157
31284,45692,28276
31592,45644,28175
31612,45708,28229
31629,45692,28105
31876,45721,28277
31561,45732,28209
31972,45719,28232
32040,45664,28166
31948,45732,28092
31668,45748,28228
31609,45748,28134
31772,45743,27981
31988,45768,28093
31965,45768,28033
32168,45719,27989
32104,45799,28038
31862,45789,27928
32000,45791,28093
32421,45725,27939
32420,45783,28164
32136,45805,28025
32036,45809,27853
32180,45805,28002
32064,45829,28004
32300,45806,28049
32384,45823,27974
32388,45830,27879
32330,45765,27973
32320,45825,27882
32432,45831,28063
32568,45826,27956
32084,45804,27972
32048,45852,27864
32380,45839,27989
32416,45852,27904
32504,45849,28181
32808,45852,28044
32736,45853,27942
32760,45801,28068
32712,45790,28056
32892,45861,27944
32864,45831,28121
32828,45845,28072
32748,45872,28205
32988,45861,28148
33248,45823,28068
33280,45855,28285
33040,45862,28252
32421,45795,28352
32408,45847,28287
33284,45853,28168
33836,45855,28294
33737,45853,28221
33620,45800,28437
33548,45844,28404
33657,45856,28578
33712,45853,28452
33796,45857,28609
33720,45854,28497
33628,45848,28485
33728,45857,28550
33836,45848,28510
33636,45860,28609
33860,45861,28500
34116,45871,28649
34112,45869,28636
34216,45856,28813
33757,45836,28733
33825,45847,28687
33925,45856,28745
33888,45804,28700
33572,45860,28888
33874,45821,28821
33728,45860,28738
33300,45869,28916
33388,45863,28916
33416,45871,29080
33440,45799,28965
33480,45828,28948
33480,45868,28983
33452,45860,28903
33313,45855,29103
33308,45861,29050
33548,45863,29121
33600,45825,29028
33652,45884,29142
33616,45863,29073
33588,45860,29276
33413,45860,29219
33376,45823,29375
33600,45868,29233
33456,45873,29408
33348,45877,29284
33292,45860,29334
33564,45889,29308
33844,45884,29253
33752,45892,29422
33348,45892,29376
32924,45878,29240
33140,45852,29381
33256,45876,29375
33302,45889,29446
33709,45884,29389
33526,45893,29340
32924,45892,29575
33044,45892,29439
34132,45822,29569
34128,45892,29457
34016,45884,29359
33732,45868,29488
33816,45880,29412
33752,45885,29631
33640,45892,29493
33700,45892,29444
33824,45896,29605
33840,45837,29521
33836,45900,29692
34060,45892,29549
34328,45885,29701
34442,45879,29616
34284,45893,29679
34284,45900,29581
34020,45845,29500
34192,45911,29626
34164,45892,29588
34474,45892,29622
34464,45853,29526
34260,45903,29654
34141,45909,29632
34492,45901,29782
34640,45892,29688
34860,45900,29668
34604,45861,29656
34460,45863,29566
34412,45896,29684
34672,45906,29667
34437,45900,29828
34352,45892,29721
34189,45885,29672
34352,45887,29682
34416,45831,29652
34020,45892,29729
33964,45904,29636
33901,45897,29812
33870,45904,29703
34384,45892,29655
34496,45895,29884
34260,45883,29733
33860,45885,29660
33384,45894,29724
33560,45907,29724
33524,45909,29757
34056,45909,29664
34624,45895,29808
33912,45904,29777
33772,45903,29893
34125,45886,29778
33888,45896,29813
34228,45903,29689
34592,45844,29829
34044,45909,29725
33934,45896,29851
34240,45924,29728
34132,45904,29868
34172,45852,29794
34016,45927,29822
33840,45913,29744
33836,45901,29644
33852,45892,29740
33836,45896,29656
34541,45831,29831
34360,45855,29729
33968,45872,29825
34140,45916,29716
34468,45903,29589
34292,45895,29700
34080,45881,29576
34192,45868,29772
34224,45878,29702
33792,45886,29831
33568,45844,29687
34128,45904,29774
33933,45887,29676
33568,45896,29748
33813,45900,29639
33984,45831,29546
33956,45852,29609
34312,45889,29540
34648,45884,29598
34349,45876,29540
34216,45881,29580
33864,45831,29516
33476,45852,29558
33516,45831,29535
33432,45900,29669
33620,45892,29520
33444,45880,29588
33088,45886,29496
33096,45823,29380
33189,45889,29477
33528,45887,29388
33360,45884,29516
32924,45882,29406
32660,45897,29541
33157,45863,29422
32834,45896,29493
32872,45871,29344
32793,45888,29444
32748,45860,29319
32512,45893,29310
32568,45908,29240
32504,45890,29185
32380,45902,29268
32332,45916,29145
32216,45893,29285
32340,45951,29101
32517,45949,29212
33512,45960,28970
34284,45919,29173
34644,46005,28999
33440,45996,29119
32128,46024,28890
32624,45988,28908
33716,46054,28801
34904,46045,28916
36068,46013,28861
37820,45996,28960
39024,45991,28820
38048,45938,28836
36448,45959,28765
35256,46009,28739
33884,45988,28759
32286,46000,28797
30976,45950,28751
30376,45992,28865
30372,45966,28708
30680,46004,28756
30888,45924,28601
30628,45948,28739
30745,45991,28652
30536,45981,28732
30190,45924,28708
30464,45984,28725
30504,45998,28618
30368,45997,28790
30368,45972,28713
30576,45979,28904
30500,45977,28791
30056,45975,28746
29964,45975,28825
30072,45900,28734
30216,45932,28891
30500,45977,28829
30348,45976,28959
30369,45980,29108
30848,45988,28892
30332,45965,28996
29652,45900,29063
29752,45924,29047
30328,45959,29157
30240,45972,28996
30052,45956,29117
30500,45964,29095
31132,45916,29191
30856,45985,29236
30296,45975,29232
30068,45911,29313
29960,45973,29176
30188,45959,29272
30372,45957,29185
30744,45888,29319
30988,45967,29238
30796,45959,29391
30552,45972,29533
30486,45925,29370
30476,45966,29478
30586,45948,29408
30069,45886,29511
30097,45958,29512
30188,45957,29532
30100,45893,29592
30220,45965,29728
30244,45952,29585
30569,45884,29644
30752,45956,29635
30848,45959,29656
31113,45948,29682
31036,45940,29750
30984,45949,29752
30885,45880,29879
31044,45924,29703
30948,45959,29774
30628,45970,29953
30696,45949,29809
31326,45956,29871
31480,45959,29826
30944,45959,29824
30844,45952,29984
31072,45927,29858
31125,45940,29933
30828,45953,30084
30680,45913,30004
30688,45959,30152
31140,45956,30030
31208,45959,30101
30916,45975,29965
30848,45940,30070
30740,45884,30083
31256,45932,30180
31588,45945,30138
31320,45954,30142
31100,45949,30172
31441,45893,30207
31576,45959,30236
31392,45959,30141
31428,45959,30260
31720,45903,30236
31600,45952,30301
31188,45950,30246
31084,45958,30401
31429,45927,30372
31400,45949,30402
30868,45920,30581
31364,45919,30434
31744,45940,30496
31744,45935,30408
31436,45935,30525
31400,45925,30700
31416,45860,30577
31284,45932,30596
31216,45915,30525
31756,45922,30625
31824,45932,30800
31930,45926,30617
32292,45924,30700
32452,45932,30813
32156,45916,30769
32088,45917,30760
32192,45896,30956
32132,45918,30745
31264,45909,30865
31862,45913,30961
32124,45900,30826
32076,45845,30914
32100,45901,31076
32493,45844,30894
32740,45894,31032
32716,45900,31156
32936,45881,31013
32920,45831,31086
33108,45881,31156
33108,45893,31085
32742,45831,31192
32776,45903,31119
32480,45892,31162
32796,45884,31340
33330,45890,31132
33148,45814,31228
33064,45868,31375
33392,45884,31183
33160,45885,31266
33072,45876,31294
33228,45831,31332
33044,45870,31367
33040,45860,31274
33340,45865,31385
33068,45880,31457
32756,45871,31333
33428,45856,31432
33397,45809,31415
32820,45871,31452
33100,45868,31567
33621,45801,31441
33900,45860,31468
33624,45861,31476
33148,45844,31485
33264,45854,31489
32952,45797,31645
32508,45852,31508
33476,45831,31497
33242,45826,31597
32982,45847,31493
33100,45855,31508
33208,45823,31449
33404,45847,31524
33234,45840,31685
33054,45852,31463
32972,45838,31568
32948,45839,31585
33632,45816,31479
33516,45804,31560
32952,45831,31692
33144,45817,31583
33360,45757,31602
33388,45831,31522
33360,45816,31612
33556,45765,31556
33496,45831,31593
33344,45809,31529
33124,45815,31593
33564,45816,31518
33696,45807,31573
34040,45775,31541
34184,45831,31604
33376,45804,31561
32692,45821,31704
33328,45809,31602
33553,45801,31705
33304,45780,31586
33236,45792,31618
33160,45796,31668
33300,45797,31657
33552,45735,31749
33424,45767,31604
33396,45796,31656
33264,45764,31586
32508,45781,31684
33372,45733,31812
33860,45767,31701
33632,45751,31796
33376,45753,31725
33740,45760,31728
33564,45733,31702
33700,45775,31751
33664,45773,31744
33868,45764,31824
33832,45758,31707
33504,45724,31751
33508,45716,31908
33736,45740,31816
33636,45748,31929
33557,45743,31742
33412,45756,31837
33452,45748,31950
33756,45748,31847
33724,45756,32000
33568,45740,31896
33712,45737,31989
33904,45741,31908
33740,45735,31952
33576,45741,31833
33516,45732,31943
33280,45740,32014
33144,45724,31897
33366,45716,31959
33416,45743,31999
33480,45680,31968
33536,45720,32073
33184,45716,31948
33452,45703,31973
33573,45703,31933
33340,45729,32031
32880,45729,31971
33208,45732,32103
33628,45655,32016
33524,45728,32068
33216,45708,32007
33580,45709,32097
33745,45709,31970
33824,45703,32044
34180,45703,32092
34000,45725,32026
33468,45719,32108
33460,45724,32045
33668,45732,32093
33672,45716,32036
33980,45717,32072
33572,45708,32260
33268,45694,32153
33248,45646,32270
32572,45716,32167
33212,45697,32262
33509,45653,32202
32976,45725,32313
32908,45709,32224
33196,45655,32232
33244,45724,32249
33600,45696,32255
33661,45641,32380
33108,45700,32273
33044,45697,32384
33509,45703,32277
33536,45701,32316
33780,45672,32241
33196,45703,32386
32984,45696,32292
33364,45631,32405
33892,45676,32320
33568,45679,32443
33680,45676,32258
33804,45678,32377
33844,45613,32255
33664,45669,32263
33508,45630,32246
33488,45688,32255
34192,45678,32212
33992,45673,32262
33624,45660,32213
33752,45652,32338
34184,45664,32253
33856,45660,32293
33868,45607,32202
33816,45657,32222
33536,45628,32167
32948,45685,32208
33152,45657,32174
33204,45668,32284
33637,45640,32151
33928,45639,32174
34144,45603,32311
34352,45630,32161
34436,45647,32236
34030,45648,32164
33816,45648,32236
33828,45613,32044
34080,45653,32073
34420,45641,32001
34256,45570,32038
34032,45623,32161
33964,45636,32015
33900,45591,32103
33828,45644,31916
33568,45653,31890
32770,45641,32012
32604,45644,31861
34128,45575,31764
33922,45641,31784
32984,45633,31701
33020,45623,31714
33380,45622,31612
33056,45633,31702
33121,45649,31614
33312,45648,31708
33077,45662,31528
33301,45676,31516
34032,45700,31404
34644,45692,31425
34672,45703,31308
34092,45732,31300
33293,45712,31327
33325,45701,31204
34676,45737,31084
36216,45732,31118
36860,45687,31221
37656,45703,30975
39268,45648,30975
39324,45685,31048
38046,45684,30847
36808,45685,30847
35472,45668,30855
34293,45623,30759
33632,45687,30847
32192,45677,30680
32252,45605,30741
32724,45676,30580
32750,45665,30652
32552,45664,30369
32292,45639,30429
32322,45655,30262
32281,45644,30292
31841,45575,30244
31748,45644,30208
31776,45639,30198
32120,45651,30109
32816,45616,30148
33012,45638,30055
32688,45617,29924
32556,45612,29992
32422,45613,29893
32060,45607,29956
31601,45616,29884
31737,45615,29883
31808,45606,29809
31848,45616,29840
32000,45614,29804
31836,45604,29900
31432,45597,29698
31709,45595,29680
31944,45572,29687
31788,45532,29583
31728,45597,29628
31676,45589,29504
31868,45604,29579
31681,45588,29551
31973,45536,29551
32192,45575,29680
31546,45514,29540
31192,45588,29470
30840,45561,29490
30992,45516,29573
30956,45568,29498
30700,45575,29537
31224,45572,29429
31576,45565,29536
31656,45572,29446
31646,45574,29417
30944,45575,29436
31109,45558,29356
30884,45564,29389
31228,45552,29461
31420,45503,29389
30808,45526,29313
31324,45518,29388
31349,45574,29309
31356,45560,29430
31368,45536,29285
31381,45560,29404
30964,45567,29550
30968,45573,29407
31248,45548,29548
31496,45492,29348
31268,45574,29392
31034,45516,29482
30900,45570,29419
30932,45581,29505
31236,45591,29294
31036,45581,29394
31434,45574,29448
31630,45511,29305
31072,45557,29437
30912,45575,29580
30676,45599,29455
30196,45575,29397
30364,45575,29458
30936,45599,29468
31504,45588,29465
31332,45575,29504
31484,45590,29540
31552,45574,29671
31684,45575,29523
31000,45569,29660
30920,45550,29519
31032,45612,29592
30704,45596,29660
31080,45609,29631
31688,45595,29596
32313,45589,29675
31812,45601,29647
31176,45588,29765
30720,45575,29696
31265,45530,29786
31544,45566,29703
31253,45612,29860
31608,45605,30000
32324,45605,29892
32534,45552,30041
32424,45584,29910
32120,45616,30028
31840,45621,29937
31965,45612,30012
32080,45560,30022
32200,45633,30095
32340,45615,30244
32292,45550,30111
32124,45615,30148
32436,45604,30301
32436,45605,30167
32348,45575,30233
32293,45575,30271
32524,45575,30313
32768,45574,30476
32700,45593,30357
32480,45575,30423
32552,45590,30324
31864,45596,30414
31908,45568,30609
32701,45573,30450
32889,45513,30580
32472,45558,30560
32556,45551,30636
32769,45471,30588
32804,45540,30664
32884,45543,30657
32956,45549,30752
33244,45547,30720
33268,45477,30772
33116,45551,30748
32952,45513,30704
33230,45532,30808
33180,45503,30757
33116,45531,30881
33148,45541,30854
33437,45495,30973
33252,45540,30908
33252,45492,30992
33352,45554,31012
33384,45541,31102
33352,45496,31281
33196,45539,31178
33332,45473,31223
33228,45540,31196
33252,45540,31284
33284,45556,31252
33156,45537,31367
33044,45551,31348
32910,45546,31412
33052,45528,31623
33228,45520,31524
33200,45523,31668
33148,45528,31553
33016,45517,31628
32716,45468,31639
33216,45518,31694
33205,45545,31762
33188,45545,31790
32936,45543,31792
32972,45479,31888
33184,45532,31949
33236,45517,32006
33276,45527,32089
33148,45539,32064
32981,45520,32070
32988,45460,32166
33028,45516,32295
33016,45471,32285
33036,45504,32351
33136,45508,32324
33140,45504,32415
33100,45493,32472
32890,45479,32511
33014,45433,32528
32988,45472,32713
32692,45439,32640
32724,45508,32791
32812,45476,32716
32852,45457,32739
33032,45468,32808
32990,45460,32830
33112,45465,33001
33252,45447,32931
33093,45446,33103
32932,45389,33024
32780,45447,33141
32668,45445,33104
32864,45447,33180
33028,45455,33230
33012,45444,33311
32872,45408,33270
32816,45428,33337
32904,45372,33479
32884,45444,33449
32717,45447,33564
32492,45455,33534
32288,45447,33580
32484,45431,33577
32776,45432,33669
32756,45424,33665
32784,45443,33729
32908,45412,33670
33048,45423,33704
32956,45398,33796
32736,45372,33732
32724,45428,33742
32600,45420,33714
32484,45380,33751
32504,45412,33796
32500,45390,33734
32892,45399,33709
33132,45380,33760
33113,45394,33797
33025,45402,33752
32916,45389,33792
32980,45393,33680
32924,45404,33687
32756,45381,33652
32648,45364,33690
32580,45381,33754
32709,45369,33655
32912,45377,33705
32836,45358,33597
32720,45302,33668
32796,45341,33543
32768,45364,33583
32740,45370,33504
32732,45353,33545
32836,45367,33484
32752,45359,33543
32656,45343,33476
32568,45296,33537
32536,45344,33452
32524,45337,33524
32616,45303,33407
32594,45340,33444
32540,45340,33325
32600,45325,33377
32615,45337,33333
32625,45334,33420
32648,45312,33303
32608,45261,33359
32560,45317,33214
32448,45260,33188
32340,45319,33228
32384,45341,33162
32476,45341,33236
32564,45340,33076
32789,45308,33029
32864,45332,33080
32952,45333,32999
33052,45317,32989
33044,45318,32872
32884,45311,32919
32692,45319,32829
32728,45333,32877
32765,45324,32716
32944,45343,32728
33092,45319,32557
33088,45308,32516
33072,45309,32455
33010,45252,32408
33004,45305,32440
33056,45303,32287
33044,45312,32320
32964,45316,32088
33004,45329,32044
33060,45318,31933
33284,45273,31916
33412,45319,31804
33220,45300,31828
33180,45255,31663
33068,45301,31637
32988,45285,31525
32856,45297,31521
32750,45302,31600
32928,45300,31424
33024,45296,31420
33140,45282,31228
33124,45300,31186
33118,45287,31244
33136,45217,31118
33204,45280,31176
33224,45271,30976
33092,45220,31007
32936,45279,30808
32828,45277,30807
32896,45284,30680
33120,45263,30665
33256,45221,30586
33232,45255,30584
33100,45184,30550
33110,45228,30461
33152,45177,30421
33048,45220,30469
32932,45233,30233
32932,45223,30188
32978,45238,30255
33144,45232,30106
32816,45244,30162
32488,45237,29908
32356,45204,29933
32412,45212,29750
32412,45223,29789
32252,45191,29567
32140,45231,29585
32212,45221,29469
32521,45228,29436
32545,45245,29533
32428,45253,29256
32678,45272,29209
33512,45268,29102
34444,45252,29080
34912,45311,28956
34034,45332,28956
32988,45353,28900
32644,45356,28656
33404,45287,28679
34972,45342,28708
36480,45339,28500
37552,45324,28477
38628,45301,28276
38989,45293,28337
38572,45286,28308
37496,45268,28204
36140,45303,28258
34764,45319,28048
33868,45260,27973
33268,45319,27897
32836,45313,27975
32552,45286,27704
32864,45287,27730
33156,45300,27556
32824,45287,27640
32640,45308,27494
32657,45319,27552
32444,45256,27352
32424,45319,27165
32522,45293,27264
32728,45308,27076
32712,45232,27248
32676,45236,27052
32476,45265,26830
32497,45301,26977
32432,45297,26868
32220,45294,26821
32356,45296,26749
32453,45308,26812
32072,45287,26590
32308,45276,26576
32464,45304,26349
32152,45304,26421
32232,45255,26233
32228,45288,26336
32220,45308,26236
32304,45273,26233
32300,45326,26097
32300,45319,26118
32317,45332,26019
32328,45273,25952
32048,45295,25754
31845,45319,25828
31988,45317,25621
32036,45312,25708
31952,45255,25553
31664,45333,25607
31948,45295,25674
32116,45319,25364
32184,45332,25464
32072,45313,25252
31948,45310,25376
31796,45319,25452
31588,45301,25298
31512,45319,25357
31632,45324,25120
31516,45319,25197
31744,45280,25296
31678,45333,25100
31640,45340,25278
31368,45268,25125
31436,45340,25182
31440,45319,24992
31418,45308,25072
31540,45317,24914
31269,45319,25042
31172,45310,24904
31288,45319,25058
31238,45337,25088
31544,45319,24872
31588,45319,25033
31468,45329,25144
31385,45319,24865
31136,45319,25001
30956,45313,25058
30960,45293,24985
31088,45340,25108
31024,45319,24982
31248,45319,24802
31352,45327,24953
31328,45255,24782
31261,45305,24932
31192,45305,25022
31200,45318,24859
31248,45300,25024
31180,45316,24872
31004,45280,24949
30792,45308,24701
30532,45332,24829
30880,45313,24890
31284,45311,24638
31328,45311,24758
31236,45319,24588
31344,45319,24740
31596,45312,24562
31596,45317,24680
31644,45332,24525
31704,45340,24649
31940,45280,24622
31952,45344,24613
31732,45340,24570
31628,45266,24596
31924,45345,24605
31932,45318,24540
32048,45340,24498
32096,45344,24510
31856,45340,24356
31676,45349,24492
31820,45365,24422
32012,45329,24463
31910,45353,24316
31772,45285,24492
31628,45351,24352
31588,45284,24511
31788,45334,24376
32072,45261,24540
32192,45357,24416
31880,45351,24463
31892,45351,24316
32037,45332,24456
32020,45340,24415
31926,45319,24560
31765,45317,24453
31812,45319,24586
31764,45351,24470
31552,45341,24588
31568,45276,24376
31614,45349,24513
31520,45348,24384
31665,45300,24545
31696,45345,24426
31680,45340,24597
31640,45260,24461
31892,45314,24652
32204,45319,24649
32346,45317,24780
32384,45264,24710
32556,45328,24755
32428,45316,24743
31952,45303,24735
31756,45231,24782
31948,45287,24664
32084,45284,24880
32228,45221,24820
32368,45256,24701
32400,45287,24846
32116,45277,24804
31644,45280,24708
32124,45273,24926
32204,45292,24846
32024,45276,24996
31916,45272,24889
32108,45278,24977
32120,45273,24893
31700,45286,24829
32172,45276,24873
32125,45268,24845
31852,45285,24868
31728,45285,24796
32188,45260,24872
32256,45269,24855
32216,45240,24878
32800,45239,24947
32960,45240,24885
32656,45223,24968
32544,45244,24815
32536,45255,25029
32432,45220,24893
32172,45239,24985
32136,45239,24891
32160,45209,24861
32200,45161,24886
32116,45222,24743
32124,45220,24922
32344,45215,24988
32576,45225,24860
32505,45220,24984
32398,45228,24897
32630,45223,25084
32648,45236,24853
32654,45221,24994
32484,45217,25022
32480,45204,24970
32616,45191,25041
32456,45197,24916
32169,45207,25078
32068,45214,24953
32028,45220,25106
32072,45221,25156
32424,45228,25093
32564,45217,25224
32544,45172,25024
32388,45224,25188
32085,45216,25276
31863,45220,25215
32088,45204,25070
32161,45208,25201
32092,45228,25216
31928,45184,25230
31880,45249,25100
32065,45239,25392
32389,45223,25260
32400,45223,25220
32432,45217,25259
32167,45231,25116
32117,45220,25273
32220,45246,25116
31904,45248,25267
32084,45252,25164
32128,45236,25332
32528,45239,25129
32600,45199,25287
32336,45204,25095
32277,45221,25223
32388,45215,25080
32429,45167,25218
32349,45175,25160
32284,45226,25367
32248,45229,25244
32244,45216,25302
32224,45223,25217
32012,45156,25157
31936,45220,25204
31864,45188,25208
31848,45205,25204
31836,45212,25116
31886,45185,25170
31964,45204,25141
32128,45220,25172
32032,45212,25254
31984,45152,25154
32180,45217,25240
32210,45209,25026
31945,45198,25180
31832,45220,25018
31808,45207,25156
31932,45221,25268
31593,45230,25016
31656,45191,25160
31696,45205,25205
32096,45221,25168
32196,45228,25023
32056,45165,25181
31868,45226,25096
31734,45229,25186
31558,45232,25188
31532,45254,25186
31806,45245,25205
31905,45247,25207
31876,45236,25180
31896,45220,25198
31880,45247,25114
31964,45220,25198
31904,45236,25223
31676,45221,25022
31764,45233,25156
31761,45237,25286
32060,45239,25150
32138,45248,25143
32092,45236,25208
32160,45165,25016
32192,45229,25126
32175,45229,25094
32273,45220,25052
32352,45207,25095
32249,45238,25223
32168,45237,24966
31928,45224,25084
31997,45213,25148
32328,45236,24932
32360,45226,25046
32316,45191,25049
32340,45231,25022
32328,45228,25064
32172,45172,24869
31972,45252,25023
31996,45244,25050
32085,45201,24976
32164,45258,25108
32176,45263,24973
32412,45243,25096
32536,45236,24967
32381,45172,24932
32181,45224,24946
32280,45198,25044
32664,45217,24852
32717,45167,24940
32556,45207,24763
32520,45185,24880
32484,45191,24737
32612,45149,24889
32814,45144,25005
32988,45152,24839
32844,45097,24978
32700,45152,24879
32748,45144,25013
32908,45141,24756
32648,45095,24849
32460,45136,24706
32452,45131,24843
32377,45058,24792
32380,45127,24845
32492,45108,24826
32680,45048,24873
32896,45121,24924
33488,45124,24825
33536,45145,24690
33304,45161,24970
33648,45112,24822
34312,45190,24941
35006,45188,24752
35758,45189,24800
35776,45220,24713
34588,45236,24792
33936,45190,24645
34176,45239,24768
35320,45248,24668
36936,45199,24834
38948,45220,24616
40760,45224,24748
40744,45220,24584
39232,45205,24718
37492,45207,24569
35968,45217,24692
34496,45213,24781
32885,45168,24598
31752,45232,24783
31572,45208,24660
31924,45217,24711
31944,45222,24485
31805,45209,24628
31884,45157,24471
32436,45199,24718
32480,45175,24600
32028,45181,24712
31892,45191,24599
31613,45204,24419
31612,45180,24590
31900,45188,24546
32032,45114,24708
32036,45132,24558
32112,45181,24420
32004,45172,24593
31980,45153,24494
32160,45159,24688
32112,45153,24575
32164,45167,24656
32288,45167,24509
32496,45164,24638
32524,45152,24492
32436,45167,24641
32386,45164,24805
32420,45148,24575
32432,45120,24692
32560,45144,24560
32528,45156,24709
32444,45120,24815
32417,45159,24707
32630,45149,24828
32692,45166,24624
32656,45161,24750
32588,45155,24756
32581,45120,24737
32448,45135,24793
32381,45136,24777
32368,45148,24742
32396,45140,24838
32384,45113,24778
32412,45142,24865
32441,45148,24888
32460,45145,24941
32472,45148,24837
32508,45150,24932
32496,45132,25068
32420,45144,24823
32368,45148,24988
32304,45159,25062
32356,45133,25038
32544,45148,25026
32720,45140,25087
32762,45140,25110
32692,45149,25068
32604,45125,25124
32684,45132,25164
32704,45127,25161
32692,45122,25247
32652,45124,25292
32696,45116,25161
32844,45135,25324
32960,45086,25344
33044,45124,25420
33082,45125,25260
33152,45112,25405
33216,45052,25341
33244,45094,25434
33232,45115,25609
33164,45127,25466
33204,45126,25539
33264,45135,25396
33472,45136,25536
33408,45127,25628
33312,45124,25591
33332,45132,25630
33492,45109,25452
33513,45063,25622
33580,45133,25512
33764,45113,25674
33864,45130,25542
33844,45063,25640
33840,45143,25481
33816,45116,25603
33828,45125,25460
33856,45120,25617
33996,45121,25648
34042,45124,25498
33988,45109,25625
33888,45132,25546
33968,45133,25686
34156,45095,25493
34344,45126,25508
34432,45130,25463
34492,45104,25478
34452,45093,25553
34408,45113,25305
34368,45116,25430
34360,45113,25245
34516,45119,25373
34624,45063,25319
34778,45126,25321
34872,45137,25341
34938,45132,25236
35000,45124,25247
35005,45063,25313
35056,45124,25070
35097,45119,25186
35020,45135,25129
35004,45128,25166
35086,45136,25158
35212,45094,25131
35420,45117,25189
35632,45130,25046
35748,45097,25113
35904,45125,24896
36080,45124,25028
36112,45125,25039
36092,45134,24885
36128,45133,24996
36232,45140,25114
36352,45132,24832
36448,45128,24988
36472,45108,25111
36441,45149,24833
36432,45124,24949
36370,45132,24805
36372,45135,24941
36261,45134,25060
36060,45152,24876
36028,45159,25029
36156,45134,24876
36280,45151,24989
36397,45134,24868
36364,45140,25036
36368,45149,24848
36436,45111,24988
36460,45143,25020
36384,45119,24957
36332,45145,25021
36384,45157,24868
36512,45171,25025
36632,45157,25099
36700,45158,24976
36569,45165,25113
36368,45153,25065
36268,45167,25168
36212,45169,24997
36196,45164,25205
36212,45173,24980
36244,45181,25109
36300,45169,25052
36376,45180,25235
36352,45173,25100
36353,45176,25012
36460,45128,25104
36588,45165,25192
36676,45175,25096
36592,45134,25168
36384,45191,25092
36240,45191,25193
36224,45191,25080
36572,45135,25069
36624,45190,25051
36680,45189,24912
36728,45177,25053
36472,45180,24940
36288,45178,25047
36272,45177,25154
36304,45207,24933
36512,45204,25024
36657,45150,24878
36804,45206,25057
36932,45183,24918
36944,45205,25045
36808,45185,24981
36624,45191,25079
36500,45191,24989
36372,45204,25109
36344,45188,24968
36396,45156,25103
36476,45217,24932
36496,45200,25053
36468,45164,24945
36496,45191,24783
36524,45204,24929
36548,45191,24821
36560,45191,24961
36576,45212,24789
36592,45177,24928
36640,45231,24759
36696,45228,24892
36684,45241,24764
36532,45229,24882
36476,45242,24749
36544,45244,24864
36564,45221,24686
36644,45212,24824
36648,45228,24668
36456,45249,24799
36280,45268,24712
36252,45263,24772
36236,45207,24613
36228,45249,24768
36213,45268,24600
36236,45228,24732
36205,45268,24565
36200,45271,24724
36156,45280,24679
36144,45262,24829
36288,45293,24693
36256,45292,24730
36300,45289,24657
36272,45301,24692
36252,45305,24568
36180,45308,24656
36172,45284,24623
36244,45308,24550
36264,45319,24756
36192,45319,24621
36080,45327,24730
36108,45333,24576
36132,45332,24734
36097,45343,24517
35948,45319,24639
35960,45324,24609
36028,45317,24596
36052,45314,24598
36036,45338,24460
35924,45316,24655
35956,45319,24628
36112,45375,24552
36052,45365,24637
36042,45332,24752
36040,45352,24647
36064,45361,24721
36028,45344,24682
36036,45364,24787
35948,45376,24597
35897,45389,24684
35904,45397,24549
35968,45352,24705
36072,45388,24704
36206,45390,24740
36380,45388,24732
36436,45389,24690
36444,45397,24788
36320,45381,24772
36224,45388,24798
36060,45413,24932
35892,45406,24825
35824,45397,24884
36036,45417,24741
36064,45404,24996
36060,45349,24760
36080,45407,24898
36068,45396,24737
36148,45406,24919
36064,45349,24900
35924,45409,25012
35904,45429,24928
35968,45421,24788
36064,45405,24941
36096,45409,25061
35958,45373,24833
35792,45428,24930
35648,45420,24964
35456,45423,24964
35236,45423,25088
35214,45384,24897
35305,45432,24959
35288,45388,24824
35180,45447,24977
35256,45440,24884
35328,45437,25001
35216,45383,24842
35160,45444,24990
35128,45437,25113
34892,45460,24970
34524,45447,24997
34476,45433,24845
34692,45462,25016
34736,45461,25124
34568,45473,24872
34428,45465,25016
34636,45477,25132
35024,45468,24869
35144,45437,25045
35261,45503,25069
35632,45529,24930
36200,45546,25060
37136,45539,25121
38080,45549,24927
38180,45597,25071
36784,45588,25109
35608,45612,25109
35396,45624,25108
36292,45614,25228
37744,45604,24978
39298,45607,25136
41200,45599,25160
41868,45593,25132
41100,45597,25168
39828,45589,25238
38344,45596,25026
36933,45597,25170
35772,45596,25041
35076,45596,25182
34452,45612,25060
33896,45575,25224
33624,45615,25069
33376,45603,25249
33220,45620,25108
33113,45560,25252
33240,45620,25218
33429,45596,25329
33560,45601,25268
33624,45598,25300
33592,45614,25252
33536,45625,25325
33544,45613,25144
33564,45629,25273
33620,45629,25285
33632,45621,25299
33556,45617,25325
33471,45560,25301
33552,45596,25376
33592,45622,25292
33556,45631,25312
33408,45628,25242
33360,45639,25364
33501,45633,25135
33720,45636,25261
33714,45645,25252
33764,45640,25156
33892,45633,25223
33852,45648,25157
33756,45641,25158
33600,45659,25173
33600,45645,25168
33524,45670,25135
33464,45676,25125
33462,45648,25065
33448,45623,24991
33436,45671,25048
33368,45665,25010
33316,45606,24964
33372,45647,25006
33348,45671,25029
33324,45679,24816
33284,45684,24956
33240,45625,24938
33252,45673,25015
33364,45685,24887
33288,45685,24901
33148,45688,24748
33060,45684,24901
33104,45631,24985
33133,45690,24721
32992,45696,24872
32864,45701,25010
32900,45700,24835
33056,45719,24869
32968,45724,25024
32940,45703,24877
32880,45717,24901
32876,45735,24757
32896,45709,24930
32820,45720,25030
32756,45734,24800
32688,45735,24981
32656,45732,24976
32728,45751,25074
32916,45703,24864
32996,45757,25042
33026,45742,25040
33068,45764,25165
33004,45756,24936
32942,45768,25094
32854,45770,25172
32844,45768,25084
32848,45757,25169
32832,45776,25261
32800,45717,25084
32780,45759,25221
32745,45784,25250
32768,45759,25110
32764,45741,25274
32744,45794,25225
32750,45789,25330
32805,45815,25415
32844,45751,25208
32984,45805,25373
33020,45814,25412
33016,45823,25420
33176,45805,25468
33180,45820,25310
32989,45815,25468
32736,45816,25614
32724,45828,25412
32712,45845,25564
32696,45852,25460
32766,45844,25593
32706,45863,25447
32740,45855,25624
32889,45863,25477
32757,45862,25646
32649,45812,25538
32684,45879,25656
32716,45878,25809
32844,45901,25608
32932,45888,25700
33012,45901,25572
33044,45905,25743
33112,45910,25628
33104,45864,25772
33134,45901,25725
33076,45904,25752
33017,45889,25813
33056,45933,25871
33124,45925,25734
33256,45857,25894
33456,45932,25896
33697,45941,25952
33809,45940,25810
33848,45937,25962
33824,45884,26031
33885,45936,25884
33885,45937,26015
33900,45888,26180
33984,45948,25910
34032,45892,25977
34176,45959,26093
34207,45952,26110
34164,45959,26119
34080,45945,26161
34008,45948,26089
33968,45892,26236
33972,45968,26406
33924,45972,26204
34000,45973,26324
33956,45935,26180
33872,45996,26376
33724,45976,26340
33640,45959,26412
33656,45969,26428
33580,45982,26455
33522,45990,26593
33428,45967,26360
33324,46028,26477
33168,46008,26550
33264,46016,26526
33280,46029,26550
33192,46031,26600
33181,46023,26607
33206,46031,26612
33272,46037,26476
33328,46023,26668
33268,45975,26745
33161,46048,26589
33156,46050,26700
33312,46044,26589
33253,46040,26733
33020,46037,26689
32992,46037,26758
32928,46037,26654
32892,45969,26785
32820,46052,26716
32741,46022,26820
32740,46056,26999
32856,46044,26733
32936,46068,26870
32968,46077,26979
32884,46013,26909
32820,46077,27047
32732,46076,26788
32692,46055,26961
32704,46087,27097
32644,46065,26904
32636,46087,26999
32656,46029,26860
32800,46087,27046
32924,46076,27164
32884,46029,27012
32904,46084,27061
32872,46084,26944
32792,46087,27076
32760,46030,27198
32720,46109,27076
32686,46109,27121
32668,46130,27152
32816,46100,27148
32856,46111,27221
32780,46060,27047
32645,46115,27197
32622,46105,27095
32972,46084,27234
32936,46087,27131
32694,46100,27302
32620,46087,27354
32732,46100,27328
32865,46106,27281
32932,46102,27351
33004,46087,27373
33072,46087,27368
33060,46020,27513
33033,46050,27292
33012,46069,27442
32960,46077,27358
32924,46020,27500
32832,46060,27409
32908,46087,27532
33198,46056,27726
33300,46070,27460
33188,46076,27610
33108,46075,27532
33084,46061,27623
32976,46074,27720
32852,46076,27549
32700,46069,27705
32588,46072,27872
32652,46087,27632
32613,46087,27766
32524,46074,27794
32496,46012,27828
32540,46057,27944
32564,46056,27704
32744,46079,27842
32733,46048,27904
32680,46066,27830
32648,46064,27919
32680,46084,27928
32905,46062,27852
33036,46052,27997
33140,46055,28084
33140,46004,27886
33128,46052,28072
33092,46058,28101
32992,46068,28013
32908,46063,28138
32956,46073,28221
32916,46013,28184
32941,46072,28341
33044,46053,28226
33152,46066,28319
33117,46060,28189
33156,46048,28321
33052,46036,28158
32884,46071,28295
32780,46052,28256
32892,46058,28340
32900,46040,28242
32880,46054,28405
32916,46054,28512
32852,45985,28477
32704,46044,28612
32648,46040,28452
32680,46004,28564
32648,46036,28486
32538,46052,28609
32644,46018,28708
32656,46068,28710
32560,46036,28860
32537,46049,28733
32496,46044,28852
32428,46044,28726
32396,46040,28844
32454,46021,28757
32428,46049,28906
32350,46032,28919
32224,46049,29004
32236,46055,29038
32136,46034,28954
32068,46037,29089
31900,46048,29002
31844,46033,29140
31756,45959,29174
31696,46040,29224
31544,46033,29367
31358,46037,29273
31328,46045,29353
31456,46040,29264
31614,45972,29319
31592,46036,29365
31604,45989,29535
32004,46038,29356
32752,46008,29446
33444,46045,29533
33728,46060,29446
33760,46063,29508
33872,46084,29582
34637,46068,29576
35460,46116,29668
35880,46120,29596
34820,46125,29677
33964,46077,29502
34196,46120,29612
35034,46128,29772
36096,46133,29572
37136,46119,29636
38836,46102,29820
39668,46096,29573
38552,46087,29668
36672,46093,29552
34664,46103,29680
32868,46084,29801
31444,46080,29551
30432,46084,29687
29716,46087,29806
29413,46087,29567
29448,46103,29632
29416,46085,29791
29360,46013,29524
29359,46084,29660
29367,46079,29614
29376,45991,29784
29426,46060,29507
29414,46064,29612
29305,46028,29613
29104,46054,29636
29052,45998,29564
29046,46076,29585
29100,46062,29732
29120,45996,29568
29092,46052,29599
29105,46044,29734
29128,46056,29491
29076,46020,29621
29048,45959,29648
29024,46026,29549
29140,46007,29612
29122,45967,29645
29168,45978,29478
29200,45999,29584
29316,45913,29572
29341,45951,29543
29328,45973,29591
29372,45951,29543
29296,45959,29652
29224,45966,29377
29232,45959,29480
29169,45876,29512
29400,45949,29412
29412,45941,29453
29281,45949,29518
29228,45932,29295
29180,45933,29374
29084,45923,29504
29032,45924,29264
29016,45940,29308
28972,45932,29431
28968,45940,29294
28988,45919,29215
29002,45911,29281
28992,45815,29247
29016,45845,29319
29112,45884,29108
29108,45876,29164
29000,45868,29196
28864,45876,29205
28816,45858,29172
28800,45869,29077
28780,45849,29172
28656,45798,29292
28700,45845,29100
28780,45824,29116
28756,45830,29273
28772,45815,29009
28564,45821,29100
28284,45824,29232
28180,45807,28981
28228,45826,29064
28196,45806,29101
28208,45711,28981
28254,45790,29112
28172,45764,29110
28140,45686,29136
28068,45772,29029
28060,45766,29073
27890,45744,29232
28049,45769,28967
28208,45703,29064
28332,45765,29014
28328,45767,29095
28208,45767,29180
28196,45741,28957
28101,45676,29056
28020,45740,29063
27836,45694,29089
27781,45728,29104
27944,45689,28963
28000,45757,29102
28060,45750,29192
28096,45664,29105
28228,45741,29183
28324,45735,29036
28256,45718,29160
28164,45737,29306
28164,45752,29078
28272,45758,29223
28231,45688,29334
28392,45778,29174
28452,45776,29255
28462,45761,29421
28662,45702,29193
28780,45756,29343
28560,45774,29316
28668,45772,29476
28929,45783,29238
29020,45783,29399
29028,45788,29376
29096,45797,29564
29248,45751,29318
29504,45727,29409
29712,45776,29452
29900,45701,29622
29976,45780,29504
30173,45765,29524
30180,45709,29556
30357,45775,29543
30516,45793,29640
30944,45796,29569
31280,45790,29628
31380,45786,29713
31668,45767,29583
31792,45783,29682
31792,45765,29717
31865,45765,29760
32016,45772,29689
32166,45772,29786
32244,45767,29756
32229,45713,29812
32252,45751,30004
32212,45703,29860
32228,45729,29900
32240,45737,29892
32092,45727,29997
32240,45708,30184
32240,45717,30004
32260,45703,30108
32244,45684,30039
32216,45713,30189
32348,45703,30105
32516,45684,30257
32524,45671,30380
32428,45612,30281
32276,45660,30335
32141,45664,30288
31984,45676,30428
31992,45664,30584
31944,45669,30428
31912,45655,30488
31940,45648,30680
31952,45631,30468
31904,45629,30599
32009,45556,30649
32060,45607,30629
32110,45615,30665
32060,45599,30680
32068,45536,30693
31964,45605,30724
31988,45575,30744
32040,45575,30757
32024,45575,30767
32088,45575,30804
32032,45568,30732
32052,45549,30831
32056,45550,30930
31908,45558,30766
32024,45556,30841
32180,45544,30768
32376,45540,30880
32364,45534,30947
32224,45540,30975
32076,45524,30842
32020,45516,30892
31996,45508,31061
32000,45511,30911
31848,45492,30925
31612,45485,31087
31540,45501,30884
31652,45429,30936
31868,45484,30968
31764,45481,30999
31704,45408,31125
31616,45479,31008
31585,45447,31108
31660,45437,30934
31620,45444,31029
31601,45457,31149
31748,45447,31032
31772,45405,31025
31748,45413,31071
31621,45442,31196
31620,45428,31037
31712,45415,31124
31704,45340,31033
31596,45412,31111
31561,45391,31168
31524,45404,31125
31556,45405,31285
31532,45393,31077
31584,45319,31132
31649,45394,31239
31594,45380,31179
31572,45364,31221
31628,45349,31084
31740,45305,31182
31832,45319,31224
31784,45352,31083
31672,45368,31189
31672,45364,31141
31769,45367,31297
31688,45348,31093
31578,45319,31112
31460,45332,31236
31446,45341,31153
31432,45332,31236
31332,45319,31048
31316,45341,31125
31256,45324,31157
31192,45282,30997
31156,45328,30990
31156,45332,31053
31240,45319,31172
31276,45307,30983
31361,45305,31012
31660,45308,31061
31660,45316,31001
31748,45304,30983
31796,45319,31055
31661,45300,30942
31644,45309,31058
31713,45311,30847
31756,45289,30945
31644,45228,30913
31726,45292,30820
31716,45283,30902
31616,45256,31004
31676,45271,30796
31636,45282,30861
31785,45230,30860
31849,45285,30911
31900,45265,30903
31840,45276,30766
31780,45260,30902
31684,45182,30973
31636,45261,30796
31660,45240,30884
31672,45190,31036
31780,45271,30828
31904,45236,30884
31992,45191,30988
32028,45245,30919
32068,45221,30992
32020,45220,30904
32028,45213,31052
32028,45215,30888
32008,45191,31000
32006,45221,30903
32000,45154,30959
32040,45215,30853
32154,45204,30956
32040,45191,31063
32058,45191,30884
32116,45188,30947
31978,45177,31111
32038,45172,30969
31992,45116,30966
31878,45159,31127
31833,45116,30972
31893,45180,30964
32076,45175,31016
32076,45119,31008
32136,45181,31037
31988,45148,31100
31766,45124,30969
31544,45163,31018
31304,45143,31009
31250,45133,31008
31420,45152,31058
31556,45079,31008
31696,45136,31045
31700,45157,31093
31913,45149,30936
32364,45140,31030
32933,45118,31059
33397,45132,31143
33712,45165,30925
34088,45173,30999
34968,45191,31064
36072,45199,31012
36996,45207,31064
37068,45236,30948
36200,45244,30992
35884,45237,30874
35872,45248,30972
36544,45228,30944
37526,45247,30831
39188,45212,30900
40672,45212,30884
39960,45204,30862
37541,45232,30864
34912,45224,30801
32704,45221,30944
31072,45175,30741
30012,45222,30769
29372,45223,30692
29128,45191,30725
29044,45208,30821
29004,45224,30632
29064,45149,30607
29016,45221,30488
29055,45212,30541
29024,45221,30489
28992,45222,30524
28937,45190,30612
28996,45196,30471
28808,45204,30528
28580,45191,30318
28560,45141,30414
28608,45168,30453
28865,45209,30268
29036,45204,30364
28997,45191,30364
28896,45127,30218
28878,45183,30273
28840,45116,30286
28788,45188,30425
28768,45180,30300
28732,45182,30270
28776,45183,30276
28852,45191,30352
29021,45191,30117
28940,45184,30215
28852,45181,30312
28748,45108,30120
28436,45188,30215
28424,45168,30013
28476,45172,30054
28474,45128,30136
28422,45160,29979
28460,45182,29983
28540,45104,29936
28488,45169,29934
28400,45168,29876
28252,45108,29885
28332,45172,29828
28448,45152,29805
28404,45092,29871
28349,45184,29784
28312,45161,29793
28428,45181,29606
28445,45177,29724
28353,45156,29709
28433,45156,29551
28248,45063,29660
28172,45120,29606
28304,45144,29748
28178,45152,29487
27936,45139,29573
27784,45127,29619
27948,45140,29575
28105,45063,29504
28173,45133,29534
28120,45108,29620
28048,45100,29550
27924,45129,29540
27784,45095,29632
27837,45117,29517
27796,45128,29540
27752,45120,29586
27796,45084,29585
27600,45118,29593
27532,45108,29666
27596,45047,29595
27492,45063,29694
27425,45097,29512
27628,45117,29602
27540,45098,29622
27402,45094,29642
27280,45093,29528
27310,45036,29660
27361,45063,29668
27428,45088,29724
27476,45087,29583
27442,45036,29686
27404,45073,29700
27332,45063,29804
27248,45084,29750
27140,45062,29762
27160,45080,29789
27256,45081,29692
27232,45057,29837
27220,45063,29990
27332,45039,29792
27340,45047,29890
27324,44980,29889
27245,45055,30000
27296,45056,29896
27320,44981,29932
27332,45062,30046
27428,45052,29997
27604,44983,30025
27758,45052,29967
27732,45038,30023
27780,45007,30182
27929,45021,30047
28068,45024,30196
28166,44985,30076
28448,45037,30140
28648,45028,30062
28961,44965,30139
29228,45005,30152
29548,45000,30200
29884,44935,30320
30196,45007,30252
30436,44981,30348
30600,44927,30272
30764,44983,30416
30964,44980,30317
31124,44983,30312
31288,44913,30316
31456,44983,30296
31472,44971,30497
31502,44940,30388
31604,44956,30471
31776,44917,30373
32081,44949,30356
32264,44943,30405
32216,44943,30365
32236,44953,30477
32304,44949,30465
32316,44933,30521
32348,44860,30454
32324,44929,30536
32252,44908,30486
32345,44900,30688
32349,44871,30562
32296,44916,30722
32245,44916,30577
32192,44900,30544
32256,44896,30612
32300,44886,30583
32245,44884,30702
32152,44884,30720
32292,44858,30648
32225,44864,30724
32189,44871,30832
32000,44860,30823
31756,44804,30966
31716,44877,30873
32096,44856,30988
32124,44845,30920
32101,44855,31064
32152,44826,30971
32156,44820,31116
32156,44836,31012
32112,44800,31048
32104,44828,31052
32092,44807,31014
31996,44839,31133
31984,44824,31091
31968,44825,31116
31840,44827,31076
31808,44820,31148
31804,44804,31107
31676,44807,31187
31686,44807,31164
31592,44775,31229
31624,44812,31205
31636,44807,31384
31741,44794,31270
31816,44799,31284
31836,44782,31271
31932,44748,31333
32032,44781,31324
31876,44783,31444
31720,44784,31343
31548,44749,31412
31380,44797,31348
31396,44772,31469
31485,44791,31355
31608,44733,31390
31584,44780,31308
31540,44775,31349
31548,44772,31300
31648,44733,31349
31674,44731,31293
31756,44769,31393
31528,44758,31322
31316,44764,31428
31293,44741,31317
31572,44773,31367
31660,44741,31380
31677,44743,31453
31608,44740,31389
31592,44678,31500
31260,44728,31353
31200,44733,31401
31208,44673,31298
31380,44740,31365
31572,44721,31285
31732,44727,31343
31704,44703,31453
31609,44709,31352
31488,44679,31465
31508,44712,31280
31444,44695,31453
31325,44696,31313
31298,44685,31308
31360,44698,31425
31424,44701,31328
31445,44700,31382
31460,44676,31244
31280,44679,31264
31196,44679,31229
31166,44669,31252
31085,44673,31336
31118,44678,31272
31080,44677,31391
31148,44671,31235
31182,44624,31204
31260,44636,31316
31244,44657,31181
31308,44655,31176
31380,44646,31308
31320,44644,31199
31388,44647,31264
31408,44629,31135
31408,44630,31168
31480,44644,31072
31556,44616,31176
31644,44560,31020
31684,44631,31071
31711,44612,31051
31760,44604,31074
31756,44551,30973
31701,44615,31012
31684,44591,30941
31656,44604,31060
31624,44605,30980
31592,44548,31069
31536,44588,30934
31596,44530,30884
31604,44564,31004
31520,44522,30856
31476,44551,30956
31448,44534,30850
31416,44543,30832
31549,44493,30758
31716,44544,30693
31772,44521,30735
31816,44508,30646
31772,44506,30664
31804,44486,30720
31756,44480,30652
31684,44479,30744
31628,44468,30533
31444,44404,30594
31388,44473,30453
31480,44453,30539
31556,44460,30476
31612,44404,30524
31672,44407,30363
31716,44413,30480
31620,44351,30289
31532,44412,30304
31528,44389,30236
31524,44399,30286
31668,44341,30207
31804,44405,30324
31916,44380,30160
31844,44376,30249
31732,44349,30071
31761,44372,30143
31486,44360,29994
31156,44367,30053
31154,44375,29857
31310,44349,29863
31404,44320,29716
31357,44344,29748
31592,44295,29661
32060,44344,29668
32441,44347,29777
32656,44285,29594
32692,44340,29602
32992,44352,29405
33648,44358,29440
34620,44352,29559
35464,44324,29288
35772,44396,29432
34992,44404,29223
34744,44413,29255
34996,44423,29093
35604,44420,29185
36825,44381,29028
38828,44316,29045
40580,44345,28840
40116,44345,28876
38044,44349,28720
35656,44368,28734
33428,44360,28666
31736,44356,28620
30524,44295,28557
30005,44324,28543
29856,44336,28496
29860,44272,28325
29892,44332,28426
29820,44295,28261
29824,44309,28268
29864,44316,28124
29880,44238,28152
29952,44317,27989
29908,44291,28012
29864,44278,27880
29830,44212,27936
29853,44272,27781
29816,44269,27808
29760,44276,27669
29844,44281,27677
29908,44223,27552
29856,44279,27538
29752,44256,27479
29640,44255,27453
29772,44208,27423
30016,44231,27344
30032,44232,27349
29893,44221,27425
29788,44236,27245
29756,44197,27263
29824,44237,27180
29884,44221,27280
29912,44212,27076
29832,44212,26922
29868,44125,27095
29864,44177,26961
29872,44182,27007
29820,44174,26853
29760,44173,26677
29671,44150,26748
29704,44128,26620
29712,44197,26690
29769,44182,26493
29860,44189,26567
29828,44157,26463
29764,44175,26484
29672,44189,26378
29536,44183,26510
29660,44176,26380
29680,44197,26451
29640,44136,26329
29708,44196,26399
29800,44146,26245
29916,44196,26254
29824,44127,26076
29760,44180,26290
29696,44178,26117
29604,44181,26189
29564,44134,26084
29588,44184,25973
29568,44193,25993
29596,44132,25933
29512,44199,25925
29649,44191,25782
29656,44166,25903
29564,44127,25868
29620,44128,25827
29620,44180,25700
29520,44175,25801
29536,44184,25645
29565,44164,25747
29616,44148,25624
29624,44178,25729
29624,44103,25564
29556,44092,25824
29424,44125,25653
29352,44167,25524
29397,44167,25774
29380,44167,25632
29308,44132,25644
29400,44165,25622
29504,44166,25453
29552,44164,25712
29609,44160,25572
29616,44156,25697
29620,44135,25538
29581,44140,25449
29532,44141,25688
29548,44157,25553
29540,44159,25530
29556,44148,25559
29576,44076,25688
29536,44157,25520
29452,44132,25694
29504,44137,25464
29536,44142,25607
29525,44118,25519
29500,44063,25678
29340,44135,25476
29244,44149,25551
29388,44135,25417
29612,44127,25539
29590,44133,25505
29641,44132,25670
29800,44128,25569
29864,44110,25725
30036,44099,25591
30304,44131,25720
30380,44117,25510
30520,44126,25649
30826,44088,25577
31084,44132,25756
31368,44106,25644
31640,44116,25744
31860,44039,25657
31992,44108,25748
32138,44090,25668
32220,44087,25726
32284,44091,25693
32520,44103,25829
32744,44084,25611
32952,44084,25783
33044,44034,25680
33124,44092,25817
33228,44063,25638
33280,44068,25772
33574,44068,25636
33625,44053,25779
33468,44008,25869
33460,44068,25839
33501,44049,25902
33585,44006,25747
33614,44060,25864
33728,44039,25764
33821,43987,25928
33832,44039,25912
33816,44036,25955
33760,44020,25868
33704,44034,26002
33708,44026,25905
33764,44039,26041
33856,44022,25956
33901,44028,26101
33873,44012,26000
33800,44008,26141
33833,43993,26056
33868,44000,26201
33836,44004,26127
33732,44012,26276
33728,44012,26188
33700,44004,26344
33692,43953,26221
33692,44013,26375
33630,43993,26548
33640,43940,26391
33720,43984,26494
33721,43992,26367
33668,43925,26527
33552,43996,26469
33528,43992,26601
33534,43933,26485
33616,43992,26590
33640,43988,26628
33604,43953,26677
33532,43973,26717
33572,43960,26708
33652,43968,26759
33696,43982,26769
33684,43964,26904
33700,43965,26801
33644,43911,26985
33572,43983,26884
33484,43948,26875
33604,43959,26898
33660,43948,26820
33520,43935,26960
33482,43932,27125
33604,43940,26910
33485,43887,27065
33376,43942,27141
33376,43941,27012
33488,43941,27088
33632,43946,27148
33714,43935,27157
33784,43937,27308
33752,43881,27203
33616,43924,27326
33466,43911,27242
33588,43925,27271
33476,43927,27239
33468,43919,27213
33576,43916,27308
33693,43908,27392
33620,43900,27349
33628,43893,27333
33676,43884,27351
33678,43852,27272
33616,43888,27389
33620,43885,27311
33644,43868,27445
33734,43876,27340
33748,43812,27487
33757,43876,27558
33748,43852,27535
33696,43841,27465
33588,43853,27545
33564,43846,27720
33356,43831,27525
33396,43847,27616
33476,43836,27537
33440,43828,27700
33470,43825,27586
33460,43807,27748
33518,43812,27783
33560,43820,27881
33549,43805,27751
33477,43796,27828
33361,43812,27903
33241,43813,27868
33188,43817,27940
33116,43753,27996
33048,43821,28028
33000,43821,28133
33116,43822,27979
33136,43783,28102
32916,43816,28036
32900,43788,28181
33053,43804,28321
32976,43800,28205
32933,43748,28352
33049,43823,28256
33148,43807,28376
33024,43783,28280
33116,43783,28391
33124,43773,28443
33104,43772,28511
33020,43767,28624
33052,43757,28504
32948,43752,28615
33176,43769,28511
33252,43761,28601
33054,43757,28612
33008,43700,28676
33132,43757,28606
33300,43735,28756
33232,43735,28780
33144,43687,28686
33172,43741,28788
33232,43720,28988
33204,43727,28864
33212,43679,28893
33188,43729,28877
33224,43725,28935
33110,43652,28976
33085,43717,28881
33216,43692,28975
33344,43693,29122
33348,43687,28959
33368,43692,29039
33368,43695,28986
33272,43702,29124
33421,43700,29167
33444,43681,29058
33488,43672,29172
33560,43654,29196
33496,43668,29213
33548,43648,29204
33688,43634,29280
33460,43655,29196
33220,43653,29272
33278,43655,29420
33313,43637,29308
33424,43649,29345
33472,43637,29388
33560,43632,29388
33556,43605,29519
33472,43622,29473
33500,43561,29602
33600,43633,29464
33596,43607,29633
33524,43625,29483
33340,43567,29556
33220,43628,29497
33076,43582,29572
33088,43592,29528
33188,43572,29629
33060,43572,29788
33044,43524,29639
33430,43589,29665
33924,43592,29748
34344,43598,29627
34556,43600,29689
34752,43628,29783
35408,43616,29694
36552,43612,29718
37416,43628,29713
37841,43645,29752
36980,43663,29724
36388,43673,29730
37008,43679,29777
37928,43660,29902
38812,43668,29780
40192,43655,29814
41876,43616,29694
41844,43613,29732
40192,43613,29859
38096,43580,29664
36060,43588,29724
34152,43628,29672
33020,43631,29678
32148,43580,29668
31680,43644,29748
31756,43621,29684
31900,43615,29657
31924,43600,29636
31912,43556,29756
31752,43613,29640
31624,43599,29610
31444,43614,29668
31380,43596,29556
31420,43600,29564
31508,43590,29545
31536,43593,29528
31612,43567,29588
31584,43574,29543
31553,43583,29662
31400,43587,29518
31392,43572,29524
31308,43575,29403
31290,43577,29425
31276,43564,29493
31312,43572,29441
31356,43580,29435
31348,43573,29381
31496,43556,29393
31446,43551,29412
31456,43543,29246
31532,43561,29308
31486,43545,29257
31464,43512,29244
31472,43557,29325
31332,43538,29200
31392,43553,29104
31393,43558,29141
31328,43527,29061
31456,43534,29111
31628,43548,29247
31380,43537,29029
31167,43556,29041
31204,43554,29044
31308,43500,29013
31392,43543,29120
31396,43548,29013
31424,43548,29069
31456,43527,28921
31472,43533,29004
31425,43527,28959
31264,43541,28996
31237,43524,28908
31076,43523,29020
31076,43552,28831
31196,43538,28873
31156,43484,28900
31120,43514,28913
31133,43527,28903
31068,43543,28852
31004,43527,28905
30840,43527,29028
30940,43547,28930
31036,43540,29004
31080,43517,28879
31136,43550,28935
31065,43540,28838
30973,43480,28916
31152,43527,28873
31220,43526,28973
31269,43527,28923
31180,43544,29023
31126,43527,28928
31084,43532,29002
31124,43480,28922
31244,43543,29021
31320,43527,28951
31285,43537,29037
31256,43551,28969
31380,43527,29036
31640,43527,28997
31240,43527,29058
30996,43541,29006
31108,43545,29116
31164,43543,29044
31292,43520,29100
31364,43521,29053
31540,43527,29121
31629,43527,29181
31524,43519,29149
31336,43508,29108
31208,43512,29184
31256,43466,29143
31268,43524,29212
31352,43516,29173
31652,43494,29288
31656,43508,29337
31700,43516,29232
31832,43509,29309
31856,43495,29496
31860,43501,29399
31812,43464,29536
31909,43516,29443
32104,43510,29572
32200,43456,29442
32412,43508,29480
32688,43503,29446
32500,43478,29528
32504,43493,29584
32616,43484,29599
32686,43432,29736
33000,43492,29627
33172,43487,29777
33072,43490,29697
33168,43484,29847
33476,43501,29744
33740,43495,29886
33896,43488,29746
34008,43484,29764
34058,43468,29897
34060,43469,29852
34120,43420,29950
34156,43488,29812
34200,43481,29864
34292,43476,29844
34377,43489,29893
34516,43433,29961
34604,43479,29959
34552,43468,30080
34760,43414,29997
34884,43468,30070
34892,43460,29985
34881,43469,30020
34804,43472,30042
34772,43468,30180
34788,43472,30117
35001,43468,30241
35064,43463,30149
34948,43441,30299
34948,43444,30199
34885,43400,30293
34924,43461,30182
34776,43453,30236
34724,43456,30292
34695,43444,30256
34956,43461,30415
35070,43448,30317
34880,43431,30425
34768,43444,30340
34756,43455,30463
34812,43436,30354
34748,43399,30380
34684,43455,30357
34672,43441,30369
34692,43447,30471
34740,43446,30420
34724,43409,30479
34684,43446,30444
34685,43420,30565
34740,43428,30436
34712,43399,30437
34800,43425,30581
34788,43436,30502
34824,43399,30604
34840,43454,30489
34820,43449,30576
34814,43453,30518
34908,43445,30643
34948,43437,30504
34876,43436,30574
34896,43432,30691
34864,43448,30616
34764,43447,30603
34796,43460,30609
34964,43444,30662
34928,43448,30772
34780,43463,30676
34876,43439,30748
35032,43433,30650
35072,43420,30704
35112,43429,30668
35076,43428,30701
34880,43399,30833
34908,43444,30743
35020,43437,30746
35096,43393,30727
35044,43414,30804
34988,43424,30860
34972,43437,30768
35044,43420,30846
35055,43421,30924
34896,43407,30852
34928,43373,30873
34964,43416,30861
34964,43421,31016
34952,43412,30861
34965,43375,30936
34988,43415,31052
35036,43398,30968
34912,43392,31078
34948,43337,30994
34952,43395,31103
34844,43388,31012
34744,43388,31049
34728,43381,30978
34814,43396,31000
34900,43399,31105
34826,43387,31072
34720,43388,31148
34636,43351,31060
34596,43383,31105
34536,43381,31044
34424,43324,31089
34356,43380,31188
34416,43381,31132
34436,43376,31225
34420,43360,31111
34332,43377,31159
34288,43373,31137
34320,43342,31145
34352,43351,31268
34212,43365,31133
34048,43360,31160
34032,43359,31287
34032,43360,31148
34056,43349,31239
34092,43348,31187
34228,43332,31206
34252,43343,31157
34316,43340,31207
34253,43303,31159
34122,43328,31197
34044,43293,31228
34046,43341,31216
33996,43343,31312
34196,43311,31180
34226,43316,31180
34184,43326,31312
34204,43285,31209
34208,43321,31246
34232,43308,31188
34128,43320,31220
34044,43328,31140
33968,43316,31165
34092,43320,31172
34038,43326,31159
33952,43317,31128
33916,43308,31157
34016,43247,31125
34132,43311,31138
34144,43284,31124
34096,43296,31140
33924,43305,31141
33776,43287,31248
33768,43319,31145
33864,43303,31249
33908,43305,31093
33848,43248,31128
33824,43300,31096
33888,43263,31200
34004,43284,31081
34056,43291,31060
33860,43280,31002
33709,43281,31014
33749,43296,31141
33940,43287,31021
33984,43284,31102
34028,43252,30964
34068,43271,30977
33940,43261,30894
33880,43261,30948
33756,43252,30869
33636,43271,30860
33672,43260,30773
33724,43260,30799
33744,43268,30740
33752,43267,30756
33852,43208,30698
33924,43248,30688
33832,43236,30632
33920,43236,30655
33832,43204,30684
33802,43240,30589
33780,43247,30624
33764,43197,30572
33669,43244,30639
33456,43220,30449
33132,43225,30443
33044,43224,30397
33092,43206,30396
33068,43215,30332
32896,43193,30348
32788,43198,30277
33072,43192,30276
33560,43206,30200
34016,43212,30212
34223,43205,30205
34220,43222,30149
34428,43181,30172
35228,43239,30078
35965,43244,30036
36504,43265,30052
35912,43239,29956
35168,43323,29964
35633,43308,29876
36688,43316,29891
37812,43311,29821
39416,43271,29824
41476,43248,29760
41808,43240,29924
40320,43236,29756
38384,43269,29668
36188,43280,29637
34244,43303,29548
32940,43263,29572
32208,43308,29476
31908,43296,29607
31712,43295,29463
31536,43238,29453
31525,43292,29326
31553,43256,29247
31557,43270,29412
31576,43289,29199
31620,43281,29197
31624,43277,29120
31624,43271,29036
31538,43281,29199
31312,43256,29039
31324,43271,28892
31332,43271,28972
31265,43256,28876
31228,43263,28949
31309,43252,28814
31278,43260,28917
31252,43270,28788
31268,43260,28659
31502,43253,28834
31266,43207,28697
31188,43257,28567
31048,43239,28594
31136,43247,28532
31396,43245,28710
31412,43181,28517
31272,43262,28430
31212,43261,28583
31256,43249,28409
31248,43255,28308
31236,43204,28356
31310,43252,28272
31260,43236,28441
31296,43229,28226
31301,43244,28106
31156,43197,28216
31164,43261,28101
31104,43244,28159
31153,43254,28090
31180,43202,27936
31240,43257,28092
31244,43239,27980
31162,43225,27848
31336,43196,27984
31152,43239,27885
30996,43244,27980
31028,43192,27860
31220,43255,27825
31224,43245,27772
31100,43236,27684
31064,43228,27737
31204,43181,27636
31292,43208,27724
31360,43205,27726
31345,43140,27679
31280,43214,27687
31224,43204,27832
31284,43204,27630
31278,43196,27576
31372,43181,27764
31408,43185,27653
31220,43135,27614
31132,43148,27604
31229,43173,27508
31264,43164,27646
31260,43173,27559
31204,43180,27703
31292,43181,27557
31365,43172,27660
31336,43184,27623
31404,43167,27756
31460,43165,27620
31397,43172,27756
31360,43181,27609
31272,43183,27746
31120,43195,27582
31446,43188,27557
31248,43215,27584
31061,43214,27533
31444,43203,27604
31628,43212,27576
31528,43214,27621
31396,43220,27617
31348,43167,27587
31496,43227,27600
31476,43208,27593
31392,43229,27751
31580,43241,27561
31376,43222,27668
31417,43229,27580
31517,43229,27677
31605,43209,27585
31620,43166,27634
31568,43209,27820
31584,43224,27692
31692,43225,27716
31808,43213,27682
31780,43225,27656
31788,43205,27689
31941,43220,27621
32172,43224,27714
32272,43223,27748
32248,43173,27704
32260,43200,27804
32576,43228,27780
32796,43233,27865
32648,43236,27791
32733,43252,27828
32920,43245,27834
33112,43231,27741
33200,43237,27839
33216,43205,27751
33308,43228,27868
33388,43229,27792
33416,43193,27904
33284,43254,28044
33400,43247,27940
33552,43199,28020
33684,43257,27943
33728,43239,28050
33744,43249,27970
33836,43231,27969
33660,43235,28100
33632,43238,28029
33848,43244,27990
33816,43241,28233
33744,43245,28102
33848,43252,28031
34052,43240,28261
34126,43240,28166
34104,43252,28081
33900,43204,28214
33665,43255,28167
33784,43237,28300
33936,43244,28232
33840,43248,28401
33788,43247,28330
33840,43261,28483
34080,43265,28373
34160,43241,28341
33964,43261,28396
34014,43210,28336
34149,43253,28446
34084,43253,28461
34012,43212,28551
34116,43271,28501
34028,43271,28636
34039,43280,28513
34084,43287,28468
34045,43270,28657
34008,43271,28604
34102,43221,28618
34212,43277,28593
34084,43252,28565
33932,43270,28658
33852,43271,28745
33897,43280,28698
34004,43289,28599
33940,43271,28700
33880,43271,28665
33948,43271,28852
33968,43260,28769
33913,43264,28805
33864,43204,28751
33824,43271,28742
33716,43252,28948
33770,43271,28833
33788,43271,28877
33868,43268,28842
33920,43270,28852
33869,43261,29041
33856,43257,28939
33712,43255,29072
33816,43255,28957
33664,43256,29068
33588,43271,28965
33740,43221,28993
33818,43271,29015
33857,43263,29036
33974,43264,29110
33776,43270,29076
34088,43261,29023
33856,43260,29188
34064,43240,29148
34192,43252,29063
34320,43255,29208
34088,43261,29190
33688,43261,29234
33652,43268,29212
33848,43253,29172
33956,43257,29353
33964,43207,29213
33933,43260,29242
33900,43259,29221
33914,43259,29188
33880,43268,29277
33988,43268,29319
33940,43271,29256
33876,43271,29298
33944,43261,29244
34048,43257,29398
33944,43260,29284
33788,43220,29284
33757,43253,29447
33756,43249,29280
33608,43262,29273
33736,43269,29437
33644,43205,29287
33796,43233,29276
33949,43260,29444
34040,43258,29284
34060,43244,29247
33972,43238,29317
33768,43196,29292
33704,43247,29455
33744,43239,29333
34000,43247,29396
34004,43252,29285
33756,43229,29231
33824,43249,29423
33866,43255,29284
33872,43246,29284
33720,43237,29437
33569,43228,29284
33440,43243,29230
33412,43245,29386
33528,43212,29295
33564,43268,29223
33472,43271,29372
33472,43278,29309
33524,43271,29221
33612,43271,29357
33772,43265,29276
33920,43260,29241
33828,43256,29325
33785,43229,29286
33772,43276,29439
33860,43263,29269
33840,43270,29255
33768,43265,29449
33840,43264,29316
33936,43238,29236
33824,43253,29383
33836,43268,29333
33893,43260,29320
33864,43252,29301
33792,43268,29252
33696,43271,29372
33756,43279,29372
34008,43229,29281
33900,43239,29412
33756,43244,29377
33776,43260,29281
33696,43249,29406
33884,43248,29392
33933,43256,29486
33904,43262,29364
33872,43207,29361
33896,43208,29420
33856,43197,29444
33840,43252,29421
33792,43255,29468
33716,43220,29437
33768,43224,29421
33828,43231,29404
33812,43237,29447
33724,43240,29527
33664,43228,29439
33848,43236,29460
33908,43233,29545
33908,43239,29532
33820,43215,29512
33788,43214,29527
34040,43208,29529
33852,43208,29533
33902,43180,29516
33780,43223,29540
33804,43207,29480
33932,43220,29534
34012,43191,29492
33946,43218,29639
33864,43199,29560
33809,43189,29709
33636,43199,29593
33596,43130,29527
33520,43204,29575
33376,43206,29519
33440,43193,29686
33452,43196,29620
33484,43200,29724
33797,43159,29580
34228,43200,29703
34637,43212,29575
34784,43200,29668
34892,43220,29631
35072,43245,29540
35956,43261,29612
36864,43260,29543
37396,43279,29716
36680,43303,29620
35856,43261,29604
36376,43300,29610
37556,43300,29625
38724,43284,29756
40196,43236,29621
42052,43258,29612
41868,43261,29592
40480,43271,29537
38748,43271,29622
36700,43271,29616
35164,43269,29660
34040,43268,29572
33190,43265,29564
32624,43261,29552
32264,43266,29560
32248,43230,29565
32412,43271,29496
32580,43263,29670
32480,43262,29505
32384,43256,29447
32390,43263,29572
32452,43215,29494
32496,43236,29536
32440,43236,29447
32384,43244,29390
32304,43224,29471
32285,43240,29372
32232,43180,29464
32296,43245,29388
32480,43227,29540
32548,43212,29359
32660,43215,29352
32552,43215,29508
32516,43227,29356
32572,43204,29298
32445,43216,29345
32440,43218,29324
32404,43164,29356
32592,43217,29268
32972,43209,29240
33236,43201,29383
32972,43175,29231
32736,43207,29281
32604,43201,29156
32580,43200,29076
32448,43200,29252
32557,43205,29122
32576,43188,29102
32672,43207,29066
32784,43204,29078
32768,43184,28984
32880,43188,29109
32846,43180,28958
32712,43199,28838
32580,43136,28916
32420,43200,28868
32464,43201,28820
32608,43197,28863
32740,43194,28828
32748,43201,28712
32832,43192,28842
32690,43140,28775
32600,43148,28800
32708,43180,28740
32604,43180,28868
32613,43132,28727
32546,43192,28841
32832,43181,28679
32664,43195,28722
32884,43192,28582
33012,43168,28719
32948,43168,28644
32900,43169,28745
33012,43174,28587
33016,43149,28694
32816,43167,28644
33000,43135,28769
33016,43181,28634
33056,43174,28732
33112,43180,28603
33184,43121,28517
33268,43172,28591
33324,43156,28589
33328,43152,28751
33226,43108,28605
33272,43150,28655
33392,43176,28554
33396,43159,28670
33300,43180,28591
33420,43168,28713
33356,43149,28567
33396,43152,28730
33584,43143,28583
33605,43156,28608
33408,43152,28774
33324,43153,28577
33377,43157,28648
33520,43148,28573
33505,43160,28639
33532,43143,28556
33528,43161,28645
33756,43151,28748
33928,43091,28701
33944,43151,28828
34144,43140,28703
34460,43154,28776
34472,43153,28736
34472,43144,28876
34480,43132,28726
34533,43157,28828
34524,43136,28754
34532,43136,28917
34604,43140,28813
34709,43125,28857
34725,43144,28814
34800,43140,28880
34828,43154,28836
35022,43159,28793
35280,43140,28860
35420,43153,28805
35332,43143,28977
35420,43135,28922
35408,43124,28984
35568,43116,28882
35648,43134,28957
35622,43141,28900
35708,43143,28978
35680,43143,29012
35772,43151,29034
35824,43116,29008
35752,43143,29024
35808,43126,29052
36002,43120,29094
36012,43082,29191
36092,43113,29116
36153,43143,29047
36300,43141,29161
36360,43128,29105
36328,43139,29309
36332,43094,29176
36316,43135,29208
36452,43117,29225
36592,43079,29360
36576,43134,29200
36516,43119,29324
36592,43111,29249
36252,43136,29272
35948,43129,29222
36232,43080,29280
36388,43132,29367
36308,43135,29353
36288,43088,29487
36488,43112,29325
36637,43120,29364
36439,43124,29339
36300,43117,29412
36164,43132,29564
36016,43104,29461
36236,43142,29471
36472,43116,29445
36472,43127,29395
36560,43079,29454
36437,43116,29542
36156,43087,29490
35904,43120,29548
35892,43132,29453
35856,43136,29499
35932,43124,29559
36024,43120,29542
35968,43119,29655
35968,43138,29512
35968,43119,29529
35888,43119,29480
35964,43119,29544
36016,43127,29596
35864,43127,29552
35664,43141,29564
35812,43102,29595
35828,43143,29637
36084,43125,29569
35996,43130,29599
36108,43128,29588
36188,43126,29551
36116,43124,29679
35976,43111,29648
35896,43121,29750
35844,43101,29625
35784,43141,29706
35892,43120,29665
35933,43141,29798
35884,43143,29707
35756,43129,29721
35684,43130,29685
35744,43132,29718
35732,43079,29735
35820,43143,29734
35688,43140,29892
35596,43151,29777
35512,43143,29782
35816,43143,29721
35832,43127,29776
35609,43140,29821
35520,43141,29792
35628,43089,29762
35532,43143,29799
35528,43143,29812
35564,43143,29828
35585,43143,29879
35692,43143,29865
35884,43143,29868
35808,43153,29992
35692,43106,29854
35600,43143,29832
35632,43129,29924
35612,43140,29916
35540,43140,29834
35500,43157,29949
35680,43153,29922
35716,43109,29956
35776,43152,29924
35716,43148,29893
35484,43141,29911
35368,43142,29896
35318,43149,29996
35336,43148,29916
35220,43156,29951
35156,43165,29881
35296,43156,29849
35344,43164,29885
35368,43129,30004
35348,43177,29888
35268,43148,29861
35372,43163,29880
35328,43164,29866
35224,43164,29897
35008,43152,29852
34976,43164,29892
34888,43167,29857
34941,43165,29896
35128,43153,30023
35080,43175,29932
35036,43159,30071
34896,43138,29917
34768,43156,29923
34696,43132,29882
34720,43176,29927
34764,43167,29900
34717,43172,29941
34920,43177,29967
35028,43173,29953
35108,43175,29914
35204,43173,29960
35064,43160,29965
35196,43169,29980
35253,43173,30036
35236,43168,29996
35280,43181,29980
34976,43185,30164
34836,43133,30064
35104,43191,30172
35244,43172,30044
35189,43167,30034
35052,43164,30177
35092,43167,30109
35208,43148,30244
35092,43175,30129
34864,43175,30247
34876,43159,30126
34796,43196,30192
34801,43184,30141
34772,43141,30225
35076,43172,30135
35112,43172,30180
34992,43143,30212
34997,43183,30213
34944,43173,30254
34900,43189,30268
34940,43192,30357
34928,43188,30238
34928,43180,30236
34916,43193,30254
34964,43199,30236
34980,43177,30295
34964,43177,30268
34816,43188,30416
34616,43197,30310
34616,43205,30456
34668,43204,30343
34784,43219,30413
34808,43204,30367
35016,43213,30447
34868,43157,30401
34848,43212,30420
34756,43204,30375
34520,43204,30344
34260,43160,30503
34117,43239,30425
34312,43211,30466
34416,43221,30439
34592,43231,30453
34364,43228,30388
34112,43185,30565
33788,43214,30441
33956,43223,30452
33892,43214,30553
33812,43236,30457
33644,43241,30414
33884,43239,30548
34492,43244,30471
34528,43196,30608
34496,43264,30476
34408,43252,30588
34380,43276,30488
35116,43245,30594
36004,43312,30468
36548,43300,30556
36580,43336,30448
35936,43361,30447
35932,43372,30468
36780,43373,30552
38020,43359,30425
39340,43350,30402
41140,43327,30491
42196,43317,30405
41400,43318,30488
39440,43332,30376
37344,43303,30432
35448,43357,30364
34072,43359,30417
33204,43360,30314
32624,43359,30358
32280,43328,30267
32000,43358,30220
31829,43342,30226
31648,43351,30185
31306,43303,30224
31212,43367,30148
31404,43359,30233
31392,43372,30145
31216,43357,30142
31220,43303,30068
31254,43356,30010
31296,43339,30100
31292,43362,30024
31180,43300,30096
31144,43303,29933
31044,43372,29878
31076,43367,29906
31184,43375,29899
31305,43374,29940
31244,43320,29830
31052,43375,29792
31076,43364,29825
31176,43375,29741
31016,43383,29901
31036,43398,29724
31124,43387,29766
31220,43348,29628
31068,43408,29720
30984,43392,29575
30932,43363,29593
31116,43397,29501
31172,43375,29585
31160,43389,29480
30985,43329,29540
31020,43409,29398
30992,43399,29474
30852,43429,29280
30768,43396,29353
30776,43409,29225
30741,43412,29260
30644,43412,29161
30532,43409,29175
30580,43412,29086
30444,43383,29065
30392,43415,28993
30480,43423,28903
30412,43431,28989
30380,43425,28881
30520,43431,28940
30517,43428,28880
30408,43420,28969
30452,43399,28724
30336,43399,28861
30144,43399,28760
30088,43411,28837
30096,43421,28633
30084,43412,28686
30105,43416,28632
30388,43425,28547
30398,43364,28771
30318,43405,28580
30202,43415,28548
30408,43407,28648
30376,43399,28548
30304,43417,28505
30284,43413,28608
30228,43431,28521
30228,43432,28660
30168,43385,28488
30104,43421,28401
30128,43415,28449
29832,43422,28400
29694,43396,28449
29936,43420,28438
29950,43405,28564
29896,43431,28442
29916,43397,28367
29956,43436,28468
29996,43420,28423
29869,43415,28502
29880,43389,28452
30104,43396,28509
30096,43399,28413
30068,43362,28344
30024,43431,28502
29796,43421,28448
29868,43413,28343
30105,43420,28457
30400,43399,28386
30420,43423,28593
30394,43406,28463
30408,43356,28591
30624,43417,28422
30545,43383,28382
30368,43421,28603
30388,43433,28487
30672,43425,28618
30752,43399,28449
30880,43424,28484
30924,43414,28480
30989,43421,28474
30996,43405,28492
30798,43412,28487
30804,43412,28545
30696,43428,28541
30832,43372,28549
30924,43377,28564
31072,43440,28560
31060,43429,28685
30912,43431,28580
30904,43372,28654
31348,43428,28596
31808,43419,28727
31724,43431,28617
31756,43436,28676
31544,43431,28620
31464,43444,28634
31564,43447,28684
31538,43437,28817
31566,43440,28694
31788,43440,28737
31808,43431,28633
32020,43431,28671
31977,43447,28612
31876,43429,28724
31952,43432,28645
31888,43399,28719
31968,43451,28652
32148,43444,28813
31916,43399,28724
31752,43449,28772
31720,43437,28750
31844,43437,28704
31848,43436,28875
31700,43458,28749
31632,43436,28802
31817,43399,28751
31808,43460,28656
32104,43439,28816
32132,43451,28738
31778,43390,28662
31516,43457,28786
31548,43437,28740
31572,43453,28871
31596,43463,28760
31472,43450,28894
31680,43399,28759
31720,43464,28884
31676,43471,28750
31748,43431,28639
31664,43471,28716
31684,43465,28650
31640,43473,28734
31584,43461,28674
31568,43463,28781
31484,43473,28718
31480,43479,28839
31456,43484,28696
31637,43404,28663
31800,43477,28858
31664,43464,28711
31468,43454,28660
31572,43413,28750
31372,43481,28724
31392,43470,28890
31592,43473,28795
31780,43433,28920
31944,43484,28814
31832,43460,28844
31792,43473,28781
31816,43430,28808
31912,43464,28823
31892,43449,28800
31854,43460,28782
31828,43457,28901
31908,43452,28818
32028,43469,28953
31908,43473,28817
31936,43420,28728
32044,43472,28833
32000,43436,28751
31728,43459,28884
31621,43462,28838
31444,43431,28879
31428,43464,28863
31470,43461,28804
31476,43477,28898
31696,43415,28847
31836,43477,28964
31848,43454,28838
31896,43456,28853
32064,43413,28839
32152,43462,28790
31972,43457,28954
31820,43448,28912
31737,43456,29028
31588,43478,28893
31722,43456,29023
31864,43470,28929
31946,43448,29070
31972,43452,28850
31804,43444,29051
31820,43399,28962
31720,43468,28961
31648,43447,28928
31372,43462,28872
31664,43417,28944
31756,43473,28889
31724,43449,29009
31528,43456,28995
31568,43448,28890
31664,43462,28972
31696,43397,28912
31804,43468,29030
31566,43458,28948
31488,43468,29093
31500,43484,28920
31648,43452,29020
31820,43477,28932
31756,43479,28968
31653,43415,28933
31508,43475,29096
31532,43463,29006
31460,43479,29014
31570,43431,28959
31844,43484,28902
31725,43469,29025
31513,43477,28971
31568,43406,28980
31640,43471,28965
31644,43439,28917
31617,43440,29049
31460,43376,28997
31561,43409,29031
31480,43407,28993
31524,43449,28956
31460,43436,29108
31704,43436,29002
31720,43405,29037
31474,43436,28969
31228,43428,29029
31212,43423,28957
31366,43420,28942
31362,43412,28967
31432,43413,28948
31512,43428,29140
31417,43429,28994
31448,43377,28948
31480,43431,29095
31576,43415,28980
31696,43420,29114
31492,43342,29049
31120,43412,29029
31048,43407,29036
31342,43390,29021
31268,43410,29197
31285,43412,29031
31524,43405,29076
31472,43391,29036
31472,43416,29060
31521,43399,29096
31484,43384,29013
31560,43388,29103
31396,43391,29115
31456,43352,29106
31596,43368,29239
31544,43412,29107
31584,43375,29037
31660,43388,29132
31469,43344,29097
31356,43385,29270
31438,43358,29155
31568,43360,29071
31586,43362,29229
31636,43295,29172
31696,43372,29165
31584,43345,29159
31628,43348,29140
31500,43348,29260
31396,43341,29191
31204,43308,29220
31005,43336,29117
30966,43325,29317
31053,43308,29204
30900,43324,29141
30728,43304,29300
30776,43310,29204
30792,43302,29136
30924,43300,29241
30913,43312,29215
30984,43311,29301
31212,43308,29214
31472,43312,29229
31520,43317,29228
31624,43330,29222
32192,43348,29225
33160,43311,29348
33788,43335,29207
33628,43383,29161
32852,43414,29268
32492,43421,29248
33592,43429,29364
35221,43404,29220
36540,43415,29164
38208,43380,29244
39461,43398,29191
38796,43412,29314
37024,43412,29222
35120,43423,29213
33564,43420,29395
32160,43396,29239
31316,43399,29168
30708,43399,29282
30348,43399,29217
30128,43345,29380
30264,43407,29225
30360,43396,29381
30318,43399,29261
30296,43397,29368
30276,43388,29237
30248,43381,29249
30112,43362,29207
30240,43381,29260
30436,43301,29237
30472,43321,29143
30196,43316,29340
30292,43333,29201
30416,43377,29165
30528,43374,29365
30524,43359,29220
30486,43348,29159
30264,43339,29252
30160,43361,29181
30064,43352,29227
30024,43358,29145
30104,43299,29224
30141,43368,29142
30240,43372,29245
30124,43325,29212
30212,43345,29136
30441,43348,29198
30520,43341,29182
30612,43341,29069
30432,43348,29140
30280,43288,29143
29906,43332,29111
29944,43359,29101
30124,43357,28980
30301,43356,29175
30476,43357,29031
30456,43361,28942
30504,43354,29106
30492,43356,28913
30508,43343,28980
30552,43358,28891
30532,43323,28996
30460,43373,28941
30672,43349,29070
30580,43356,28896
30390,43285,28912
30264,43352,28867
30624,43343,28789
30784,43335,28852
30832,43332,28775
30596,43360,28950
30458,43365,28848
30390,43348,28868
30332,43357,28801
30316,43367,28777
30396,43356,28941
30432,43285,28798
30636,43352,28702
30596,43342,28788
30524,43340,28772
30496,43334,28807
30312,43348,28760
30493,43344,28739
30944,43348,28942
31102,43295,28788
31100,43348,28712
30984,43328,28843
30968,43332,28825
31008,43326,28735
30929,43262,28860
30829,43297,28810
30856,43301,28855
31086,43302,28812
31356,43329,28773
31320,43336,28933
31528,43340,28871
31628,43316,28807
31765,43321,29039
31744,43322,28901
31664,43326,28931
31436,43325,28871
31533,43335,28984
31517,43311,28974
31608,43264,28973
31766,43332,28876
31984,43321,29000
32184,43309,29001
32080,43311,28956
32044,43313,29010
32120,43271,28957
32190,43292,29084
32158,43335,29057
32133,43333,29060
32476,43334,29036
32556,43324,29044
32644,43312,29070
32608,43327,29228
32669,43260,29073
33004,43310,29032
33140,43320,29144
33012,43311,29087
33164,43316,29266
33141,43316,29126
33329,43324,29110
33526,43317,29316
33472,43288,29164
33309,43314,29148
33165,43316,29302
33360,43297,29197
33536,43305,29159
33714,43308,29270
33888,43311,29284
34040,43309,29285
34152,43256,29278
34464,43327,29245
34412,43312,29474
34344,43292,29368
34340,43292,29382
34452,43297,29367
34249,43294,29346
34048,43308,29504
34072,43252,29455
34324,43312,29604
34652,43296,29503
34772,43300,29616
34464,43261,29500
34388,43304,29535
34692,43279,29538
34345,43288,29598
34080,43252,29578
33940,43303,29557
34072,43300,29764
34304,43296,29649
34393,43244,29772
34448,43289,29636
34532,43272,29701
34500,43263,29671
34436,43271,29840
34308,43256,29800
34252,43276,29925
34064,43245,29806
33944,43284,29784
33874,43300,29935
34048,43300,29872
34112,43300,30013
34092,43296,29882
34000,43292,29838
34012,43269,29910
34000,43305,29912
34060,43303,30072
34024,43301,29989
34056,43312,30114
33968,43264,30020
33928,43308,30112
33900,43332,30021
33880,43322,30025
34044,43325,30152
34044,43317,30125
33982,43326,30126
33888,43309,30193
33984,43325,30198
33992,43332,30182
33944,43338,30144
34252,43350,30193
34448,43333,30188
34260,43349,30325
34324,43311,30276
34192,43349,30324
34112,43348,30310
34420,43334,30328
34400,43345,30332
34216,43356,30388
34336,43336,30367
34628,43319,30470
34644,43368,30372
34520,43349,30374
34660,43356,30481
34456,43364,30445
34248,43365,30465
34168,43356,30432
34180,43380,30417
34112,43364,30560
34030,43380,30501
34088,43390,30644
34144,43359,30505
33981,43375,30494
33836,43389,30582
33700,43388,30596
33756,43385,30632
34032,43384,30668
34264,43391,30636
34092,43388,30769
33872,43413,30636
34008,43393,30636
34136,43398,30711
34300,43392,30727
34313,43349,30780
34304,43399,30708
34304,43397,30701
34333,43396,30732
34148,43385,30757
34268,43412,30754
34348,43397,30757
34504,43404,30786
34640,43364,30766
34656,43421,30808
34480,43399,30791
34312,43399,30888
34372,43388,30832
34256,43399,30876
34008,43361,30828
34000,43417,30881
34320,43416,30880
34512,43423,30961
34592,43415,30884
34316,43415,30992
34064,43408,30844
34112,43412,30823
34456,43373,30892
34176,43428,30876
33910,43428,30983
33936,43422,30872
34140,43432,30833
34228,43392,30856
34216,43432,30802
34004,43423,30852
33956,43436,30876
33956,43376,30823
34000,43432,30792
34260,43447,30953
34268,43447,30824
34180,43463,30833
33940,43460,30770
33932,43448,30918
33868,43457,30803
33716,43449,30812
33616,43460,30896
33644,43457,30769
33804,43428,30766
34022,43444,30892
33988,43453,30785
34208,43408,30763
34328,43426,30913
34294,43468,30823
34221,43455,30900
34432,43455,30788
34542,43452,30770
34500,43444,30846
34584,43444,30897
34428,43404,30826
34604,43460,30936
34504,43458,30836
34368,43453,30825
34440,43460,30771
34676,43460,30923
34692,43457,30798
34497,43415,30788
34228,43462,30871
34280,43444,30844
34408,43453,30911
34456,43460,30805
34302,43468,30777
34777,43477,30912
35052,43478,30804
34676,43475,30836
34504,43468,30868
34452,43434,30821
34468,43463,30839
34980,43460,30808
35144,43470,30848
34972,43476,30831
34860,43439,30828
34704,43447,30924
34481,43501,30788
34625,43495,30761
34568,43488,30885
34364,43487,30836
34429,43476,30797
34176,43495,30876
33976,43495,30893
34008,43519,30826
34016,43517,30796
34036,43524,30921
34056,43485,30844
34097,43519,30845
34092,43536,30788
34336,43561,30964
34294,43564,30903
34484,43568,30825
34676,43580,30858
35428,43607,30940
36160,43628,30837
36576,43620,30884
36108,43685,30981
35332,43668,30844
35716,43693,30820
37012,43693,30973
38592,43668,30852
40088,43664,30810
41569,43652,30931
41925,43668,30881
40712,43681,30949
39228,43695,30872
37566,43698,30857
35936,43676,30774
34680,43684,30936
33728,43678,30829
33320,43672,30803
33364,43677,30745
33380,43621,30791
33156,43679,30768
32840,43668,30764
33160,43671,30692
33401,43673,30678
33372,43673,30821
33324,43628,30655
33200,43676,30604
33244,43655,30761
33388,43655,30598
33460,43655,30546
33312,43664,30725
33284,43676,30560
33093,43614,30524
33000,43628,30644
33192,43656,30544
33100,43655,30515
33185,43678,30456
33072,43679,30612
33212,43676,30444
33436,43655,30392
33144,43665,30544
33009,43665,30409
33109,43668,30330
33324,43687,30412
33320,43676,30382
33348,43626,30420
33324,43685,30302
33108,43687,30260
33128,43678,30423
32992,43679,30252
32852,43685,30180
32756,43695,30300
32692,43685,30190
32796,43677,30212
32746,43706,30300
32592,43700,30173
32526,43652,30204
32488,43704,30124
32716,43689,30084
32228,43716,30210
32304,43741,30114
32396,43693,30256
32606,43756,30110
32576,43764,30090
32600,43737,30068
32452,43760,30010
32140,43772,30116
32374,43730,30053
32432,43788,30169
32537,43783,30024
32288,43783,29935
32064,43792,30079
32080,43831,29988
31978,43832,29900
32032,43848,30022
32118,43792,29909
32108,43844,30031
32196,43857,29948
32100,43860,29932
31980,43869,29880
31773,43881,29810
31552,43836,29876
31672,43911,29796
31736,43900,29876
31944,43909,29792
31990,43911,29977
31880,43868,29848
31916,43925,29957
32176,43933,29773
31956,43935,29732
31716,43935,29824
31636,43948,29773
31574,43956,29781
31940,43964,29752
32044,43918,29686
32174,43972,29804
32485,43972,29695
32396,43972,29689
32304,43984,29702
32301,43970,29693
32172,43980,29642
32148,43997,29604
32276,44013,29733
32497,44007,29604
32528,44013,29678
32485,43996,29548
32440,44016,29490
32584,44028,29621
32924,44023,29536
32876,43998,29533
32768,44024,29453
32768,44034,29388
32928,44039,29479
33152,44004,29385
33196,44054,29564
33196,44047,29367
33472,44032,29293
33288,44036,29455
33148,44039,29329
33028,44046,29361
33145,44061,29237
33292,44064,29395
33144,44088,29327
33418,44084,29272
33552,44086,29386
33412,44089,29280
33348,44069,29166
33321,44092,29294
33396,44096,29207
33396,44095,29402
33440,44103,29229
33436,44108,29150
33548,44120,29282
33640,44079,29172
33528,44141,29205
33588,44140,29145
33728,44113,29285
33884,44133,29205
33821,44127,29381
33756,44134,29250
33732,44125,29170
33720,44130,29252
33588,44161,29203
33776,44175,29447
33760,44166,29295
33600,44155,29252
33652,44162,29412
33685,44164,29365
33916,44156,29509
34248,44105,29364
34088,44181,29340
33956,44185,29388
33996,44180,29343
33820,44188,29571
34084,44189,29445
34184,44175,29460
33781,44167,29560
33808,44181,29514
33984,44197,29460
33844,44205,29589
33684,44153,29590
33528,44196,29566
33670,44216,29600
33912,44191,29615
34073,44229,29602
34081,44216,29631
33948,44220,29764
33984,44224,29632
33828,44230,29647
33492,44239,29636
33096,44244,29633
33576,44236,29785
33797,44249,29699
33734,44255,29632
33496,44268,29823
33392,44260,29708
33680,44257,29668
33756,44268,29839
33560,44269,29772
33504,44265,29919
33552,44257,29757
33424,44295,29744
33524,44313,29797
33652,44316,29758
33504,44317,29812
33576,44308,29918
33932,44316,29860
33924,44313,29844
33920,44325,29888
33736,44324,29872
33453,44324,29940
33324,44349,29912
33804,44344,29900
33968,44332,30095
33840,44332,30015
33760,44341,30008
33922,44328,29931
33944,44335,30055
33940,44340,30064
33928,44336,29983
33673,44341,30196
33596,44357,30092
33708,44359,30029
33852,44364,30253
33864,44369,30090
33800,44356,30141
33588,44286,30296
33664,44349,30143
33720,44356,30154
33684,44365,30312
34206,44361,30189
34032,44361,30129
33800,44375,30317
34196,44372,30220
34124,44380,30160
34126,44372,30380
34192,44370,30271
34004,44385,30180
33812,44391,30305
33692,44375,30286
33768,44377,30284
33920,44390,30296
33765,44404,30289
33842,44404,30296
33912,44406,30326
33788,44404,30288
33809,44404,30214
34048,44407,30373
34084,44404,30286
33952,44408,30230
34048,44415,30322
33856,44418,30332
33644,44421,30308
33676,44381,30359
33700,44391,30248
33624,44437,30190
33772,44431,30304
33928,44397,30215
33876,44423,30262
33812,44437,30193
33780,44439,30277
33661,44460,30181
33924,44463,30236
34180,44464,30192
34240,44479,30285
34540,44457,30400
34752,44460,30280
34296,44452,30266
34128,44460,30247
34240,44417,30229
34244,44435,30349
34292,44481,30268
34196,44447,30388
34348,44478,30263
34448,44479,30416
34188,44476,30248
34168,44468,30245
34140,44468,30404
34304,44463,30304
34312,44473,30273
34144,44483,30348
34272,44481,30292
34340,44488,30288
34344,44492,30396
34373,44484,30292
34236,44497,30288
34088,44487,30237
34305,44484,30416
34300,44478,30310
34232,44435,30260
34380,44489,30425
34596,44500,30333
34392,44511,30245
34506,44513,30404
34510,44513,30345
34336,44515,30352
34372,44501,30338
34140,44502,30247
34188,44496,30317
34288,44468,30268
34256,44516,30348
34276,44503,30268
34628,44506,30433
34784,44501,30336
34664,44468,30445
34740,44440,30300
34676,44494,30421
34425,44481,30272
34092,44468,30229
34045,44468,30372
33716,44479,30319
33624,44468,30208
33484,44463,30341
33964,44460,30306
34008,44456,30215
34276,44407,30389
34417,44452,30272
34069,44445,30263
33692,44476,30429
33628,44441,30288
33888,44461,30298
34672,44469,30202
35508,44495,30402
36072,44527,30268
35596,44562,30276
35112,44577,30352
35128,44568,30299
36168,44572,30276
37689,44551,30168
38996,44538,30269
40652,44519,30260
41016,44504,30233
40036,44520,30180
38381,44516,30212
36700,44528,30192
35240,44537,30173
33932,44516,30124
32924,44518,30209
32824,44508,30124
32744,44460,30046
32609,44477,30255
32488,44512,30076
32464,44496,30087
32588,44456,29964
32464,44479,30103
32248,44522,30009
32344,44512,30008
32384,44496,30132
32376,44494,29960
32092,44487,29981
32032,44480,29892
32137,44495,30013
32196,44479,30008
32096,44485,29920
32132,44481,29871
32125,44479,29988
32276,44485,29903
32516,44469,29921
32340,44436,29892
32138,44485,29821
32032,44423,30044
32030,44454,29873
31808,44512,29855
31652,44519,29785
31728,44517,29893
31928,44501,29977
31952,44515,29823
31838,44437,29793
31800,44440,29821
31656,44437,29728
31596,44449,29732
31770,44524,29844
32056,44460,29711
32136,44501,29709
31925,44532,29580
31828,44528,29728
31768,44524,29632
31940,44524,29519
32000,44536,29736
31812,44543,29564
31568,44550,29540
31604,44515,29607
31540,44561,29496
31864,44560,29444
31886,44551,29599
31692,44551,29402
31660,44548,29382
31620,44548,29344
31296,44551,29380
31224,44551,29363
31142,44556,29252
31112,44551,29300
31416,44567,29314
31385,44572,29258
31308,44572,29236
31156,44519,29208
31116,44516,29201
31124,44551,29214
31364,44561,29156
31164,44551,29072
30996,44573,29237
31372,44573,29144
31749,44510,29002
31640,44513,29166
31636,44508,29081
31500,44528,28962
31328,44564,29124
31404,44548,29021
31804,44564,28909
31992,44573,29109
31761,44567,29005
31660,44551,28871
31548,44551,29100
31592,44564,28944
31788,44564,28935
31676,44548,28928
31830,44543,28901
31762,44532,28916
31976,44500,28800
32020,44505,29029
31708,44534,28878
31528,44512,28768
31448,44521,28964
31728,44521,28888
32252,44456,28772
32200,44535,28933
31733,44520,28855
31944,44488,28879
31824,44499,28816
31880,44500,29020
32040,44484,28888
32220,44520,28895
32290,44521,28820
32517,44528,29053
32704,44516,28988
32880,44520,28940
32832,44512,28961
32553,44513,28972
32712,44523,29114
32509,44481,29016
32564,44532,29053
32405,44532,28995
32568,44551,29204
32848,44551,29125
32832,44537,29167
32677,44532,29108
32656,44551,29220
32730,44532,29381
32528,44541,29285
32690,44537,29284
32590,44540,29359
32684,44542,29392
32736,44543,29360
32857,44544,29369
33100,44551,29604
32996,44564,29498
32886,44551,29569
32772,44551,29476
32989,44546,29758
33112,44541,29640
32940,44544,29699
33017,44551,29641
33016,44557,29853
33056,44560,29776
33040,44560,29866
33248,44551,29786
33520,44497,30045
33400,44567,29956
33472,44551,29927
33420,44540,30156
33284,44551,30088
33264,44572,30069
33486,44569,30199
33564,44568,30237
33688,44582,30277
33580,44581,30215
33376,44580,30484
33120,44581,30359
32936,44576,30436
33072,44533,30401
32957,44583,30588
32632,44589,30532
32628,44589,30493
32650,44582,30756
32877,44585,30634
33049,44569,30692
33080,44559,30652
33084,44551,30877
33016,44550,30789
33041,44565,30818
33040,44565,30888
33100,44572,30892
33416,44575,30845
33436,44551,30987
33254,44597,30983
33488,44583,30954
33800,44572,31173
33724,44551,31048
33376,44551,31060
33048,44551,31264
33016,44573,31154
32764,44566,31172
32726,44567,31360
32948,44566,31272
32940,44548,31264
32864,44551,31464
32776,44551,31364
32984,44498,31356
33348,44532,31425
33362,44550,31484
33188,44565,31469
33364,44568,31600
33216,44572,31540
33117,44562,31578
33244,44564,31568
32840,44563,31744
32820,44536,31621
32816,44544,31653
33040,44544,31753
32908,44544,31694
33172,44537,31677
33344,44551,31839
33092,44548,31716
33048,44496,31698
33281,44551,31780
33144,44551,31791
32984,44540,31857
32898,44533,31782
32976,44532,31792
33220,44547,31845
33292,44536,31836
33198,44531,31940
33293,44498,31820
33424,44512,31828
33496,44512,31956
33561,44548,31872
33645,44520,31991
33728,44532,31844
33588,44527,31900
33204,44504,31960
33076,44468,31913
32776,44509,31908
32384,44535,31936
32464,44501,31880
32920,44501,31892
33084,44494,31975
33108,44487,31936
33236,44479,31908
33081,44477,32015
32628,44475,31887
32576,44423,31882
32856,44469,32010
32965,44478,31938
32881,44469,32057
32633,44468,31933
32580,44423,32024
32972,44456,31952
32864,44431,32037
32764,44434,31937
33152,44444,31904
32815,44437,31976
32385,44409,31937
32464,44447,32072
32820,44447,31940
32813,44436,31929
33084,44425,32080
33176,44432,31974
32933,44422,31968
33028,44413,31911
33312,44414,32007
33404,44389,31967
33440,44417,32056
33172,44359,31944
33287,44420,32022
32952,44394,31942
32736,44396,32042
32252,44334,31919
32346,44383,31864
32408,44385,32017
32824,44366,31895
33164,44356,31836
32956,44375,31888
32900,44377,31874
33108,44372,31956
33164,44308,31870
32840,44373,31967
32664,44367,31856
32780,44350,31941
33180,44361,31841
33184,44380,31940
33152,44324,31810
32924,44396,31849
32996,44388,31762
33212,44401,31754
32884,44351,31717
32512,44373,31792
32792,44411,31736
32772,44373,31853
32797,44392,31733
32746,44397,31652
32358,44412,31701
32478,44422,31660
32625,44423,31789
32716,44424,31673
32876,44390,31769
32840,44444,31596
32718,44436,31568
32376,44445,31620
32412,44432,31581
32264,44436,31678
32292,44434,31534
32252,44448,31486
32088,44455,31515
32244,44460,31476
32694,44473,31550
32584,44477,31471
32300,44423,31460
32408,44492,31558
33180,44496,31376
33792,44524,31363
34248,44551,31489
34021,44551,31327
32832,44586,31300
32536,44610,31330
33636,44551,31300
35072,44609,31393
36392,44581,31237
37736,44572,31263
39206,44560,31256
39216,44551,31238
37640,44573,31268
36080,44564,31184
34440,44584,31254
33156,44582,31124
32380,44573,31077
31840,44575,31064
31696,44508,31004
31704,44570,31020
31680,44551,30992
31630,44542,30990
31529,44572,31028
31424,44570,30857
31160,44542,30890
31356,44551,30927
31552,44480,30833
31640,44544,30789
31716,44547,30793
31504,44527,30739
31172,44526,30823
30988,44460,30759
30832,44526,30876
30828,44548,30713
30901,44506,30725
30944,44524,30696
31088,44538,30767
30892,44472,30685
30800,44517,30778
30724,44508,30661
30848,44506,30768
30716,44504,30584
30689,44516,30637
30845,44515,30520
30972,44516,30581
31148,44520,30508
31320,44461,30576
31332,44512,30510
31536,44508,30572
31408,44504,30468
31108,44526,30518
31012,44510,30442
30996,44526,30569
30936,44541,30448
30960,44542,30495
31164,44508,30384
31296,44540,30447
31237,44526,30397
30820,44528,30437
30752,44481,30364
30601,44528,30457
30788,44540,30410
30878,44532,30529
30964,44549,30456
30812,44551,30580
30960,44551,30452
31412,44519,30576
31408,44498,30464
30728,44551,30564
30253,44549,30385
30304,44548,30455
30420,44513,30405
30432,44583,30464
30516,44565,30433
30968,44577,30580
30928,44513,30464
30612,44591,30493
30656,44551,30460
31076,44569,30508
31033,44564,30564
31056,44523,30559
30740,44573,30713
30484,44583,30617
30553,44584,30712
30816,44592,30652
30852,44602,30656
30628,44597,30735
30232,44528,30689
30092,44604,30788
29952,44602,30734
30228,44596,30876
30240,44596,30772
30324,44606,30702
30552,44615,30841
30472,44568,30801
30397,44624,30967
30694,44628,30884
31060,44620,30968
31164,44609,30889
31233,44616,30868
31072,44612,30956
30476,44583,30987
30684,44572,30934
30948,44641,31016
31132,44637,31004
30992,44645,31193
31008,44649,31086
31036,44661,31177
31256,44652,31108
31184,44630,31103
31296,44629,31200
31228,44641,31188
30992,44652,31332
30984,44589,31214
30940,44656,31158
31040,44665,31226
30872,44661,31188
31052,44604,31244
31276,44660,31300
31546,44660,31254
31540,44660,31232
31544,44660,31276
31792,44651,31321
31808,44695,31284
31862,44676,31360
31704,44692,31342
31449,44657,31428
31741,44693,31303
31888,44679,31393
31764,44671,31306
31912,44644,31418
32037,44645,31335
31944,44653,31463
31880,44668,31360
31780,44668,31469
31912,44677,31328
32028,44661,31343
31864,44671,31321
31788,44599,31298
31788,44652,31332
31640,44655,31392
31569,44663,31340
31884,44660,31394
31844,44687,31335
31548,44677,31332
31432,44668,31516
31494,44663,31364
31448,44608,31452
31752,44604,31340
31936,44668,31399
31897,44639,31397
32125,44644,31440
31872,44660,31383
31788,44668,31484
31824,44644,31336
31893,44664,31465
32084,44597,31349
31844,44672,31421
31552,44652,31300
31556,44652,31348
31380,44652,31329
31350,44620,31428
31460,44672,31330
31276,44666,31433
31316,44673,31261
31592,44678,31213
31896,44679,31300
31876,44617,31232
31876,44649,31377
31804,44680,31246
31912,44676,31320
31824,44687,31204
31544,44692,31301
31560,44663,31150
31744,44717,31111
31828,44724,31159
32216,44721,31113
32036,44660,31200
31744,44735,31116
32036,44708,31268
31984,44712,31116
31824,44669,31069
31674,44751,31121
31456,44743,31066
31692,44765,31177
31852,44769,31094
31908,44769,31269
32093,44754,31107
32116,44752,31111
31836,44713,31200
31776,44775,31145
31808,44758,31257
31620,44700,31140
31384,44780,31273
31584,44783,31192
31932,44784,31140
32016,44784,31204
32040,44800,31228
31588,44756,31160
31604,44807,31332
31864,44807,31192
31824,44807,31234
31473,44824,31305
31368,44836,31228
31382,44800,31230
31396,44852,31335
31446,44863,31239
31585,44855,31353
31662,44865,31254
31580,44856,31381
31660,44856,31223
31781,44845,31188
31536,44866,31329
31562,44864,31257
31816,44837,31268
31704,44837,31284
32008,44877,31225
31864,44850,31313
31712,44866,31289
31674,44852,31428
31596,44862,31320
31648,44876,31301
31940,44872,31325
32020,44892,31298
31772,44916,31333
31861,44903,31285
31980,44917,31345
31632,44860,31300
31780,44935,31392
31852,44932,31365
31681,44940,31481
31580,44884,31396
31620,44959,31456
31612,44985,31376
31728,44935,31559
31800,45012,31460
31540,45003,31562
31584,45013,31468
31889,44948,31572
32224,45020,31490
32212,45000,31412
32180,45020,31516
31720,45044,31488
31449,45060,31492
31372,45055,31520
31636,45063,31438
31546,45021,31552
31884,45039,31512
31944,45092,31653
32120,45063,31516
32292,45084,31453
32220,45108,31522
31980,45099,31466
31736,45124,31556
31716,45054,31495
31664,45145,31657
31822,45126,31530
31864,45143,31636
31596,45149,31529
31660,45132,31617
31828,45144,31527
31828,45156,31640
31784,45164,31492
31768,45158,31407
32044,45176,31480
32196,45180,31468
32112,45181,31599
31876,45199,31444
31777,45183,31382
31740,45190,31444
31880,45168,31456
31956,45185,31358
31852,45188,31423
31860,45205,31404
31744,45215,31436
31696,45213,31389
31933,45181,31377
31924,45233,31431
32160,45223,31369
31753,45230,31335
31616,45156,31358
31501,45245,31492
30936,45247,31316
30872,45191,31329
31096,45268,31265
31080,45272,31332
31284,45269,31244
31816,45276,31269
31868,45220,31202
31616,45300,31254
31404,45295,31180
31270,45313,31280
31502,45261,31177
31908,45364,31218
32488,45365,31140
33162,45396,31177
33176,45415,31197
32080,45429,31196
31764,45439,31273
32472,45383,31190
33764,45447,31300
35212,45448,31133
36132,45433,31063
37513,45436,31111
37516,45411,31032
36492,45388,31118
34708,45444,31092
32816,45442,31188
31952,45428,31063
31416,45445,31052
30800,45413,31060
30588,45463,31172
30664,45445,31017
30432,45461,30973
30224,45468,30972
30556,45455,30929
30460,45436,31000
30368,45469,30952
30553,45446,31052
30380,45447,30936
30096,45445,30969
30084,45413,30884
30188,45444,30815
30376,45463,30873
30381,45479,30800
30224,45436,30896
29992,45399,30884
29800,45452,30775
29889,45476,30895
30232,45452,30832
30332,45463,30974
30240,45479,30844
30252,45469,30815
30229,45492,30825
30278,45481,30756
30460,45492,30817
30624,45426,30748
30656,45484,30804
30592,45452,30925
30656,45473,30810
30616,45487,30832
30800,45429,30806
30744,45487,30836
30648,45508,30748
30761,45512,30668
30752,45508,30724
31100,45511,30640
31104,45480,30690
30872,45468,30614
30597,45521,30680
30352,45506,30598
30634,45509,30663
30665,45461,30580
30500,45550,30631
30068,45524,30568
29921,45556,30632
29892,45470,30581
30260,45544,30727
30488,45545,30646
30424,45548,30712
30352,45545,30633
30296,45560,30751
30408,45570,30617
30652,45565,30684
30584,45570,30597
30428,45503,30599
30728,45591,30567
30888,45571,30510
30472,45575,30578
30385,45575,30490
30608,45544,30601
30718,45557,30508
30504,45599,30598
30596,45598,30581
30684,45621,30728
30654,45617,30599
30600,45562,30753
30684,45616,30601
30676,45596,30721
30844,45601,30628
31056,45600,30749
31044,45556,30596
30852,45636,30543
30924,45647,30786
31028,45644,30631
30840,45632,30581
30868,45652,30773
31104,45649,30674
30908,45641,30650
30844,45575,30668
31004,45591,30636
31204,45638,30824
31070,45667,30679
31100,45644,30652
30788,45668,30768
31024,45679,30700
31548,45620,30753
31440,45695,30717
31020,45687,30748
31044,45644,30756
31268,45685,30757
31108,45700,30766
31152,45690,30784
31496,45708,30889
31772,45684,30824
31564,45731,30960
31510,45729,30813
31702,45732,30743
32032,45669,30837
32052,45735,31007
32041,45740,30820
32080,45685,30873
31960,45761,30852
32064,45749,30895
32260,45764,31044
32540,45735,30905
32548,45789,30952
32638,45792,30911
32416,45732,30999
32384,45799,31064
32441,45793,30914
32392,45799,31043
32221,45805,31151
32389,45805,31040
32380,45818,31085
32176,45777,31071
32348,45823,31099
32548,45831,31040
32588,45797,31124
32784,45823,31260
32676,45756,31196
32636,45796,31343
32640,45831,31208
32492,45824,31247
32276,45831,31252
32556,45780,31278
32956,45853,31276
32805,45831,31375
32692,45776,31341
32528,45844,31396
32349,45813,31316
32576,45824,31429
32452,45831,31396
32492,45844,31519
33028,45856,31486
32776,45848,31600
32692,45860,31455
32562,45862,31596
32196,45863,31465
32412,45788,31581
32724,45852,31561
32541,45838,31678
32176,45860,31621
32164,45877,31612
32340,45885,31620
32640,45824,31605
32532,45852,31630
32528,45849,31649
32732,45876,31765
32592,45876,31645
32468,45849,31654
32468,45865,31712
32808,45871,31724
32516,45869,31629
32700,45872,31772
32869,45884,31816
32472,45884,31751
32284,45886,31702
32712,45885,31895
32849,45876,31748
32792,45873,31752
32680,45887,31831
32692,45876,31916
32757,45895,31804
32840,45889,31845
32880,45868,31901
32872,45879,31900
32720,45893,31865
32704,45882,31844
32856,45878,32060
32748,45872,31924
32876,45871,31927
33068,45880,31892
32960,45895,32101
33133,45887,31964
33200,45831,31934
33172,45888,32047
33134,45888,32048
33080,45894,32108
33097,45887,32024
33208,45871,32028
33120,45886,32166
33120,45889,32058
32908,45840,32019
32400,45889,32132
33000,45901,32101
33264,45907,32032
32893,45885,32220
32792,45876,32070
33148,45868,32065
33024,45885,32196
32992,45884,32072
33202,45820,32012
33300,45876,32101
33412,45897,32084
33172,45895,32145
33069,45892,32164
33196,45889,32025
33233,45884,32040
33328,45876,32083
33460,45868,31984
33356,45879,31930
33136,45892,32018
32841,45830,31997
32776,45831,31944
32816,45831,31975
32916,45896,31880
32992,45882,32024
33040,45885,31940
33158,45884,31961
32976,45881,31974
32730,45877,31909
32640,45889,31824
32908,45897,32016
32760,45901,31852
32836,45893,31812
33036,45902,31981
32924,45893,31852
32750,45895,31836
32868,45878,31750
33020,45881,31943
32852,45877,31784
32788,45885,31717
32940,45895,31773
32752,45842,31748
32962,45888,31832
33140,45876,31733
33088,45831,31799
32852,45869,31694
32840,45867,31816
33084,45861,31655
33168,45871,31772
33508,45853,31637
33152,45861,31562
32893,45860,31764
32940,45861,31582
33032,45853,31527
33093,45844,31647
33020,45865,31548
33144,45860,31471
33312,45831,31536
33380,45849,31456
33196,45863,31613
32932,45820,31533
32812,45796,31461
33160,45863,31484
33092,45831,31455
33232,45831,31644
33036,45823,31492
33012,45821,31420
33124,45815,31535
33220,45753,31485
32828,45820,31653
33066,45812,31535
33113,45823,31598
33068,45768,31456
33056,45807,31525
33277,45797,31641
33197,45797,31554
33096,45732,31604
33064,45791,31549
33016,45777,31680
33156,45790,31516
32772,45792,31508
32625,45788,31534
32581,45785,31513
32900,45783,31640
33216,45789,31541
32944,45756,31668
32612,45780,31552
32406,45708,31533
32324,45759,31542
32348,45797,31504
32680,45792,31605
32752,45814,31482
32936,45821,31598
34028,45799,31516
34905,45840,31672
34280,45855,31548
33108,45848,31652
33588,45855,31524
34180,45805,31631
35384,45861,31468
36732,45852,31503
38164,45840,31652
39328,45815,31532
38944,45831,31611
37596,45824,31492
36117,45826,31530
34540,45773,31481
33208,45789,31453
32544,45808,31480
32084,45804,31433
31598,45807,31352
31556,45804,31391
31584,45767,31408
31588,45782,31396
31658,45788,31529
31968,45799,31377
31648,45791,31484
31652,45764,31300
31312,45758,31309
31261,45703,31220
31680,45777,31284
32080,45758,31409
32164,45710,31209
32116,45775,31232
32048,45765,31332
31941,45695,31220
31968,45748,31230
31897,45737,31101
31874,45685,31166
31828,45761,31184
31752,45759,31158
31560,45684,31248
31658,45749,31092
31668,45772,31096
31676,45787,31016
31505,45749,31079
31681,45764,31188
31536,45745,31009
31396,45744,31038
31360,45703,30895
31680,45759,30926
31949,45733,30906
31892,45732,30886
31677,45741,30889
31716,45679,30850
31728,45755,30965
31768,45735,30817
31584,45725,30774
31588,45719,30740
31836,45710,30684
32053,45724,30702
31588,45733,30714
31436,45732,30664
31652,45665,30565
31688,45708,30636
31768,45732,30544
31684,45717,30628
31612,45719,30596
31484,45686,30685
31490,45735,30557
31473,45751,30574
31284,45753,30488
31276,45737,30477
31406,45748,30493
31653,45743,30600
31697,45737,30380
31888,45748,30412
32128,45699,30549
31808,45752,30393
31400,45753,30468
31364,45694,30332
31288,45759,30381
31452,45773,30460
31748,45764,30365
31500,45703,30436
31725,45772,30345
31668,45773,30372
31396,45736,30328
31292,45767,30234
31585,45748,30327
31572,45753,30286
31216,45767,30444
31382,45764,30316
31572,45733,30381
31608,45749,30260
31728,45735,30390
31852,45732,30304
32088,45733,30436
32169,45737,30284
31840,45712,30402
31520,45732,30258
31768,45676,30295
31952,45741,30164
32292,45729,30254
32276,45732,30284
32276,45695,30296
32165,45748,30423
32308,45735,30255
32009,45759,30309
31908,45700,30212
32044,45775,30312
32128,45780,30220
32352,45769,30304
32444,45732,30245
32480,45812,30308
32656,45783,30196
32672,45785,30292
32678,45796,30233
32760,45797,30360
32832,45820,30239
33005,45825,30290
33212,45831,30210
33324,45813,30303
33144,45847,30380
32972,45852,30306
32720,45822,30236
32900,45831,30318
33132,45781,30236
32520,45774,30391
32604,45853,30321
32448,45855,30353
32656,45864,30325
32789,45860,30260
32852,45855,30353
32861,45865,30252
32836,45871,30348
32776,45860,30284
32896,45813,30396
33176,45876,30335
33280,45881,30404
33200,45887,30357
33124,45869,30311
33216,45868,30432
33121,45876,30400
33521,45816,30417
33416,45852,30348
33020,45861,30431
32476,45876,30390
32694,45878,30356
32916,45860,30336
32791,45880,30260
32501,45887,30412
32716,45868,30360
33284,45831,30372
33248,45888,30310
33280,45873,30337
33028,45870,30296
33144,45828,30208
33092,45876,30311
32944,45871,30292
33009,45881,30364
33052,45831,30308
33240,45895,30373
33324,45876,30264
33224,45880,30193
33297,45877,30225
33552,45886,30256
33588,45830,30196
33569,45879,30247
33496,45872,30188
33417,45886,30200
33056,45883,30160
32952,45900,30252
32940,45872,30141
32848,45893,30174
32848,45831,30063
32954,45889,30188
33088,45881,30076
32872,45870,30233
32744,45882,30095
32542,45884,30105
32645,45887,30111
32941,45884,30055
33310,45815,30132
33508,45823,30068
33464,45887,30220
33316,45880,30121
32988,45855,30277
32748,45860,30153
32844,45863,30103
32832,45865,30145
33132,45865,30072
33176,45849,30172
32888,45831,30284
32729,45855,30229
32956,45776,30295
33141,45831,30196
33332,45831,30295
33344,45766,30421
32996,45847,30272
32644,45831,30316
33148,45831,30502
33252,45831,30304
33204,45838,30385
33212,45848,30313
32885,45831,30456
32960,45801,30522
33100,45824,30386
33032,45825,30505
33048,45775,30649
33160,45831,30516
33092,45831,30616
32956,45822,30615
32896,45825,30724
32888,45821,30652
32652,45791,30734
32649,45796,30660
32940,45750,30776
33088,45805,30672
32789,45801,30818
32816,45791,30752
33144,45788,30818
33172,45797,30802
32869,45797,30800
32840,45735,30837
32785,45797,30780
32684,45786,30876
32784,45773,30896
32829,45779,30943
32452,45724,31070
32412,45781,31004
32572,45768,30959
32800,45768,31029
32920,45756,31012
32816,45765,31145
32869,45741,31093
33004,45743,31141
32880,45733,31119
32760,45759,31085
32656,45716,31272
32741,45748,31229
32808,45757,31252
32736,45703,31225
32752,45758,31212
32616,45735,31420
32768,45732,31340
32988,45740,31366
32988,45725,31377
32808,45660,31389
32312,45717,31576
32352,45727,31441
32392,45716,31414
32357,45708,31516
32549,45669,31505
32528,45703,31692
32577,45677,31583
32656,45678,31642
32692,45676,31607
32528,45643,31585
32364,45681,31670
32188,45679,31729
32224,45620,31725
32448,45684,31771
32584,45677,31784
32660,45661,31758
32556,45668,31845
32484,45663,31818
32496,45629,31897
32084,45654,31972
32268,45588,31983
32244,45652,31989
32184,45645,32060
32288,45645,32044
32472,45655,32166
32392,45640,32192
32332,45564,32356
32386,45604,32248
32364,45612,32292
32300,45614,32433
32336,45544,32381
32256,45617,32480
32224,45599,32444
32332,45601,32631
32472,45556,32571
32357,45575,32617
32412,45575,32621
32420,45530,32789
31920,45574,32703
31688,45566,32813
31589,45575,32770
31432,45575,32790
31293,45552,32948
31196,45589,32932
31360,45572,33057
31540,45598,32969
31456,45552,32983
31296,45612,33097
31414,45614,33103
31980,45621,33217
32712,45565,33128
33396,45656,33127
33204,45662,33241
32248,45661,33228
31900,45670,33366
32580,45608,33287
33988,45644,33333
35188,45645,33304
36260,45633,33332
37572,45605,33469
37788,45573,33380
36912,45615,33384
35624,45612,33530
34144,45604,33461
32997,45551,33433
32165,45553,33555
31716,45588,33501
31392,45564,33478
31232,45565,33527
31180,45508,33542
31208,45564,33633
31276,45546,33575
31316,45547,33708
31396,45500,33648
31408,45536,33748
31288,45516,33671
31184,45516,33665
31156,45456,33736
31016,45447,33732
30956,45493,33772
30985,45463,33780
31092,45477,33863
31133,45468,33838
31268,45397,33892
31280,45428,33925
31306,45423,34042
31192,45404,33975
31213,45394,34080
31272,45308,34068
31296,45340,34094
31248,45364,34105
31240,45353,34128
31232,45329,34171
31348,45328,34192
31480,45319,34266
31560,45255,34236
31472,45300,34279
31668,45260,34351
31640,45276,34320
31476,45204,34404
31424,45277,34349
31120,45260,34431
31204,45252,34329
31392,45241,34336
31468,45253,34311
31112,45237,34396
30585,45221,34310
30565,45209,34277
30896,45207,34366
31184,45196,34256
31120,45207,34239
31068,45196,34303
31028,45151,34198
31024,45212,34225
31184,45191,34121
31156,45160,34022
31352,45172,34036
31508,45092,34088
31544,45159,33993
31276,45148,34042
31028,45142,33904
31036,45143,33820
31126,45145,33816
31134,45144,33757
31120,45084,33792
31252,45132,33666
31480,45111,33652
31512,45105,33618
31380,45044,33537
31048,45095,33588
30832,45085,33448
30628,45078,33480
30576,45088,33319
30281,45056,33297
29921,45063,33222
30222,45004,33232
30552,45044,33156
30604,45023,33167
30256,45016,33047
30884,44944,33127
30784,44991,33012
30160,45023,33061
29896,45001,32921
30584,45000,32949
31412,44924,32828
31030,44940,32900
30388,44980,32744
30356,44965,32817
30468,44950,32700
30680,44948,32740
30800,44880,32592
30480,44958,32677
30560,44956,32517
30792,44935,32549
30824,44948,32464
30736,44929,32423
31052,44892,32340
31669,44934,32357
31468,44905,32358
30848,44924,32313
30480,44871,32328
31260,44940,32189
31024,44935,32219
31016,44943,32313
31360,44949,32173
31604,44919,32159
31420,44925,32076
31036,44904,32175
30840,44919,32081
30616,44879,32093
30689,44906,31986
30972,44912,32097
31196,44902,31972
31520,44912,31981
31412,44908,31928
31268,44837,31908
31568,44900,32017
31680,44877,31831
31792,44840,31853
31500,44879,31926
31220,44868,31836
30793,44836,31876
30704,44876,31730
31564,44860,31728
31668,44872,31865
31512,44857,31704
31700,44839,31806
31777,44831,31639
31840,44832,31623
31840,44804,31685
31872,44772,31551
32152,44780,31540
32260,44765,31469
31912,44765,31554
31916,44722,31494
31868,44705,31552
31449,44720,31404
31316,44701,31358
31448,44669,31284
31836,44679,31204
31892,44689,31232
31960,44679,31271
31836,44671,31087
31884,44677,31056
31940,44631,31053
32216,44673,30999
32300,44648,30932
32257,44647,30825
32340,44577,30844
32217,44645,30692
32057,44620,30713
31876,44631,30590
32012,44624,30601
31982,44580,30463
31756,44631,30471
31821,44592,30452
31568,44602,30380
31584,44596,30248
31558,44592,30280
31608,44591,30156
31780,44589,30164
32160,44551,30063
32324,44598,30092
31940,44588,30053
31852,44581,30032
31808,44582,30105
31900,44567,29965
31740,44516,29929
32140,44551,29917
32104,44544,29964
31953,44551,29776
32012,44532,29796
31700,44536,29854
31740,44540,29788
31976,44464,29829
32376,44532,29732
32252,44511,29808
32116,44496,29729
32340,44423,29837
32292,44487,29625
32160,44484,29668
32048,44484,29576
32336,44462,29628
32392,44496,29548
32428,44452,29624
32616,44452,29636
32528,44449,29619
32388,44385,29738
32344,44436,29549
32128,44420,29569
31448,44358,29741
31316,44420,29607
31796,44398,29710
31936,44407,29560
31744,44366,29668
31732,44375,29561
32112,44389,29597
32224,44309,29496
31908,44377,29640
31736,44348,29520
31596,44354,29668
31680,44350,29545
31804,44292,29679
32088,44300,29508
32504,44333,29496
32488,44336,29694
32064,44349,29568
31836,44319,29697
32076,44284,29516
31972,44316,29589
32036,44295,29504
31876,44244,29596
31656,44288,29552
31772,44268,29633
32052,44212,29567
32360,44257,29654
32263,44236,29606
32173,44239,29694
31869,44180,29640
31689,44219,29744
31828,44217,29696
32156,44220,29789
32172,44228,29714
32200,44191,29861
32416,44197,29804
32176,44197,29980
31792,44145,29924
31128,44191,29870
31916,44173,30052
32012,44159,29945
31884,44167,29952
31704,44167,29977
31672,44164,29920
31792,44160,30023
31804,44167,29998
31768,44167,30084
31492,44145,30044
32068,44140,30090
32324,44134,30133
32580,44132,30129
32544,44132,30124
32340,44132,30341
32564,44100,30208
32613,44137,30326
32816,44112,30276
32672,44128,30415
32316,44092,30348
32292,44122,30385
32748,44092,30406
32606,44101,30444
32672,44103,30613
32413,44039,30548
32448,44112,30548
32710,44087,30564
32744,44103,30559
32640,44065,30661
32384,44094,30656
32537,44084,30857
32572,44071,30764
32380,44068,30724
32016,44016,30823
32124,44079,30825
32328,44079,30920
32184,44076,30884
32360,44066,30884
32876,44062,30964
33104,44057,30968
32976,44001,31140
32740,44039,31047
31940,44052,31048
31788,44022,31057
32252,44038,31060
32644,44039,31233
32700,43986,31173
33044,44036,31289
33070,44022,31196
32892,44020,31164
32512,44009,31357
32184,44001,31239
32228,44004,31277
32112,44020,31240
32332,44025,31439
32210,44028,31304
31792,44022,31309
31640,43968,31480
31644,44003,31373
31609,43972,31393
31864,43988,31418
31885,43992,31473
31496,44006,31436
31352,44016,31564
31836,44012,31452
31760,44028,31558
31701,43989,31447
31604,44054,31430
31868,44063,31456
32684,44068,31453
32864,44080,31628
32153,44095,31520
31292,44061,31552
31752,44118,31509
33380,44112,31473
35044,44112,31575
36592,44091,31517
37612,44092,31584
38480,44067,31504
37852,44069,31582
36660,44064,31488
34700,44057,31508
33466,44065,31453
32785,44008,31527
31908,44092,31495
31568,44071,31601
31497,44076,31481
31476,44068,31461
31392,44071,31424
31348,43996,31413
31800,44047,31497
32112,44056,31431
31578,44046,31432
31028,44034,31366
30877,44039,31334
31112,44050,31389
31092,44048,31367
30920,43968,31449
31632,43996,31304
31785,44024,31260
31592,44029,31337
31616,44020,31304
31324,44016,31324
31628,44023,31239
31661,43984,31272
31424,44034,31213
31056,44036,31227
30700,44033,31265
31488,44017,31215
31664,43998,31189
31728,43996,31182
31388,43993,31135
31505,43940,31070
31604,43990,31108
31388,44009,31032
31416,44010,31100
31712,44001,30989
32097,44006,31063
31948,43992,30912
31812,43973,30893
31744,43953,30877
31601,43868,30868
31732,43924,30852
32016,43935,30788
32276,43911,30727
31878,43900,30799
31796,43893,30709
31956,43877,30836
32073,43820,30694
31932,43851,30772
31954,43831,30631
31688,43809,30726
31644,43804,30580
31572,43728,30658
32052,43789,30541
32036,43767,30510
32086,43772,30441
32232,43757,30394
32272,43761,30458
31936,43748,30420
31796,43750,30424
31652,43751,30340
31612,43735,30300
31329,43664,30397
31424,43655,30337
31784,43727,30421
32108,43718,30277
32040,43705,30240
31908,43684,30308
31868,43678,30245
31840,43668,30364
31688,43612,30284
31792,43655,30399
32058,43655,30290
31324,43644,30396
31284,43655,30262
32216,43636,30202
32936,43588,30263
32476,43628,30215
31800,43620,30268
31482,43589,30404
31684,43604,30319
31936,43527,30447
32142,43541,30319
32464,43588,30265
32420,43599,30320
32184,43564,30285
32296,43561,30404
32480,43561,30309
32660,43559,30461
32798,43548,30404
32664,43527,30445
32761,43457,30395
32687,43509,30468
32452,43524,30421
32612,43495,30462
32892,43496,30463
33012,43495,30524
33073,43471,30470
33216,43460,30497
33384,43457,30503
33173,43437,30476
33152,43436,30620
33076,43373,30548
33148,43436,30631
33248,43432,30553
33288,43431,30693
33136,43420,30596
33088,43405,30701
33276,43369,30590
33516,43396,30673
33424,43372,30638
33272,43375,30772
33084,43367,30708
33144,43358,30815
32952,43359,30756
32896,43350,30798
33060,43344,30752
32740,43355,30744
32696,43338,30861
33017,43336,30820
32993,43343,30916
32988,43332,30807
33228,43311,30800
33312,43297,30904
33168,43344,30823
32812,43322,30862
32592,43313,30948
32636,43311,30894
32992,43247,30912
32784,43276,30874
32748,43271,30980
32800,43270,30932
32568,43260,31010
33108,43233,30972
33564,43233,31073
33548,43244,31005
33416,43229,31111
33412,43224,31033
32712,43171,31143
32852,43200,31036
33229,43197,31092
33380,43190,31066
33108,43183,31169
32940,43181,31101
32842,43168,31164
32976,43175,31084
32904,43172,31060
32944,43164,31092
32801,43148,31083
32840,43151,31216
32860,43103,31152
33132,43149,31231
32848,43154,31129
32872,43167,31129
32212,43171,31268
32940,43142,31182
34004,43154,31239
33604,43152,31186
33236,43151,31296
33032,43096,31220
33076,43084,31302
33565,43110,31231
33548,43159,31264
33368,43156,31213
33078,43152,31188
33200,43138,31209
33352,43143,31264
33364,43135,31220
33420,43133,31204
32976,43072,31284
32500,43086,31246
33300,43115,31333
33724,43111,31253
33572,43124,31325
33654,43080,31248
33001,43112,31271
32533,43134,31252
32824,43116,31279
32844,43129,31268
33068,43115,31332
33300,43106,31272
33216,43071,31301
33244,43113,31263
33105,43122,31297
33004,43101,31276
33312,43108,31305
33396,43116,31417
33268,43104,31306
33640,43100,31405
33472,43092,31286
33168,43085,31325
33180,43037,31268
33460,43089,31245
33348,43092,31300
33204,43096,31366
33440,43105,31289
33524,43090,31367
33493,43092,31296
33504,43092,31389
33240,43086,31287
33016,43094,31321
33056,43087,31261
33248,43087,31263
33196,43100,31368
32632,43052,31230
32824,43063,31269
33397,43092,31232
33701,43092,31295
33620,43079,31232
33332,43085,31304
32996,43084,31220
32996,43093,31213
32952,43037,31242
33164,43104,31193
33260,43095,31196
33180,43100,31108
33172,43108,31142
33352,43076,31225
33600,43103,31153
33532,43091,31261
33244,43099,31144
33096,43093,31249
32748,43076,31137
32424,43120,31156
32776,43119,31072
33572,43110,31105
34228,43124,31089
33884,43127,31156
33488,43103,31081
33384,43120,31116
32820,43108,31088
32508,43124,31116
32648,43138,31228
33052,43140,31128
33468,43136,31125
33620,43142,31265
33380,43135,31160
32720,43132,31265
32340,43098,31156
32676,43143,31261
32572,43148,31177
33504,43126,31236
33509,43138,31160
32910,43109,31207
33144,43168,31271
33496,43159,31164
33680,43156,31205
33612,43153,31266
33776,43097,31233
33816,43167,31326
33972,43157,31229
33956,43160,31345
33236,43148,31231
33064,43162,31223
33108,43109,31292
33448,43153,31252
33312,43169,31367
33380,43165,31239
33500,43122,31238
33356,43135,31297
33316,43143,31228
33860,43154,31268
33604,43105,31276
33257,43165,31297
33200,43173,31348
33349,43155,31326
33568,43152,31326
33512,43101,31284
33492,43138,31330
33336,43132,31352
33340,43141,31353
33424,43101,31415
33540,43154,31320
33568,43167,31340
33428,43143,31320
33192,43145,31344
33188,43143,31328
33056,43094,31350
32772,43159,31448
32808,43134,31408
33468,43130,31502
33396,43143,31380
33324,43134,31401
32888,43143,31463
32868,43143,31418
33264,43109,31420
33548,43164,31374
33449,43136,31447
32880,43148,31410
32594,43135,31549
32612,43093,31445
32565,43133,31477
32592,43143,31437
31896,43130,31460
31870,43174,31433
32032,43152,31458
31448,43170,31577
31617,43166,31505
32044,43148,31602
32304,43168,31500
32440,43155,31604
31928,43174,31476
32064,43130,31540
32416,43205,31621
33052,43212,31503
33996,43239,31529
34180,43252,31637
33604,43264,31545
32876,43262,31588
32652,43244,31524
33836,43231,31620
35684,43244,31492
36988,43236,31521
38000,43247,31460
38400,43252,31460
37812,43232,31473
37096,43228,31455
35704,43238,31502
34100,43237,31371
32756,43237,31356
31989,43192,31302
31936,43239,31294
32116,43228,31236
32012,43231,31313
31704,43223,31225
31624,43224,31252
31808,43228,31118
31377,43229,31064
31092,43221,31054
31156,43198,31077
31348,43208,31001
31812,43142,30935
31732,43204,30924
31749,43200,30860
31976,43204,30889
31692,43215,30830
31364,43137,30866
31604,43194,30770
31592,43181,30760
31296,43175,30872
31076,43169,30692
31356,43180,30705
31236,43153,30639
31209,43172,30688
31372,43120,30761
31552,43195,30607
31412,43164,30602
31256,43136,30528
31600,43167,30535
31204,43154,30608
31212,43132,30532
31316,43143,30608
31352,43150,30432
31412,43167,30409
31708,43159,30412
31748,43156,30388
31668,43167,30481
31500,43143,30292
31460,43143,30313
31254,43134,30201
31240,43132,30208
31484,43134,30145
31373,43141,30156
31204,43128,30205
31232,43156,30146
31528,43165,30215
31556,43156,30033
31761,43111,30055
31776,43143,30058
31668,43084,30127
31804,43143,29980
31744,43135,29957
31428,43148,30103
31032,43132,29888
31336,43108,29966
31724,43124,29988
31508,43121,29894
31460,43092,30053
31072,43116,29942
31640,43111,29960
31692,43076,29860
31912,43085,29941
32284,43084,30001
32172,43106,29959
31304,43108,29940
31144,43101,30052
31464,43094,29961
31584,43051,29884
31452,43100,29957
31996,43078,29895
32025,43015,29956
32132,43073,29984
32180,43057,29967
32292,43015,30034
31912,43073,30040
31684,43085,30164
31532,43044,30061
31632,43090,30140
31837,43070,30055
31784,43055,30178
31948,43052,30112
31960,43045,30215
31893,43032,30081
31716,43036,30136
30984,43039,30108
31716,42996,30114
32744,43015,30239
32134,43024,30176
31984,43015,30260
32468,43007,30191
32917,42945,30302
33104,42984,30158
32780,42987,30174
32012,42997,30312
32381,42976,30225
32720,42926,30326
32684,42977,30208
33064,42965,30340
32564,42971,30198
32344,42911,30158
32720,42961,30253
32600,42945,30215
33297,42945,30265
33389,42959,30212
32890,42903,30133
32736,42940,30200
32868,42941,30164
32832,42919,30249
32860,42925,30168
32932,42912,30205
33304,42873,30140
33324,42887,30040
33076,42884,30120
33172,42884,30062
33281,42887,30070
33562,42900,30148
33785,42887,30060
33874,42884,30132
33524,42856,30017
33036,42860,30034
32884,42844,29996
33092,42840,29988
32960,42791,29989
33068,42799,29928
33392,42831,29868
33800,42844,29916
33772,42849,29936
33664,42831,29864
32828,42817,29831
32844,42808,29940
33625,42800,29852
32908,42804,29925
33016,42805,29797
32764,42788,29871
34224,42793,29756
33864,42807,29783
33656,42790,29724
33588,42780,29745
33964,42775,29697
34228,42777,29782
34480,42752,29760
33932,42759,29744
33864,42759,29668
33644,42769,29615
33316,42725,29671
33236,42781,29601
34380,42756,29680
34212,42759,29588
33780,42735,29720
33681,42752,29551
33962,42726,29478
33640,42740,29580
33568,42748,29518
33612,42724,29611
33824,42757,29474
33888,42748,29377
33846,42740,29431
33892,42756,29392
33821,42689,29428
33680,42711,29383
33608,42727,29431
33608,42716,29341
34184,42732,29465
33972,42704,29315
33606,42738,29246
33540,42743,29278
33424,42719,29232
33545,42721,29276
33500,42716,29256
33864,42683,29344
34008,42716,29262
34056,42695,29396
33644,42703,29303
32832,42676,29380
33116,42704,29296
33548,42695,29408
33612,42698,29280
33720,42693,29248
33604,42696,29406
33288,42692,29273
34079,42647,29240
33924,42673,29289
33652,42692,29250
33588,42688,29468
33504,42693,29314
33308,42689,29284
33340,42693,29340
33448,42701,29312
33092,42695,29532
33060,42685,29368
33668,42620,29389
33812,42613,29541
33592,42647,29417
33140,42689,29410
32812,42679,29501
32836,42684,29468
32924,42644,29597
33280,42677,29458
33958,42665,29412
34168,42661,29456
33760,42630,29416
33436,42652,29451
33548,42660,29551
33097,42631,29449
33377,42661,29468
33728,42671,29472
33973,42612,29400
34100,42656,29447
33656,42660,29398
33320,42652,29437
33448,42652,29383
33472,42648,29413
33197,42660,29348
32688,42664,29488
32804,42668,29397
33040,42679,29512
32997,42663,29376
33424,42660,29467
33348,42668,29268
33240,42644,29314
33228,42657,29454
33293,42649,29272
33253,42664,29306
33100,42660,29222
33104,42665,29247
33372,42653,29198
33672,42677,29252
33584,42665,29198
33272,42653,29304
33216,42673,29196
32933,42654,29232
33164,42671,29209
33257,42631,29216
33308,42687,29197
32976,42696,29372
33220,42678,29269
33056,42688,29400
32992,42692,29253
32780,42684,29204
32992,42694,29252
32952,42701,29214
32904,42693,29320
32272,42668,29296
32097,42711,29440
32680,42695,29302
33032,42693,29268
33008,42717,29422
32888,42705,29369
33302,42704,29506
33440,42695,29400
33208,42694,29519
33032,42696,29347
32804,42692,29405
32904,42709,29484
33164,42720,29433
33132,42710,29405
33156,42704,29509
33284,42708,29644
33470,42692,29550
33520,42701,29688
33660,42640,29597
33656,42692,29734
33044,42708,29652
32872,42700,29700
32996,42710,29703
33032,42676,29845
32988,42717,29746
33108,42715,29805
33168,42700,29785
33076,42697,29789
32736,42656,29887
33128,42702,29845
33216,42700,29920
32874,42696,29925
32664,42705,30028
32508,42663,29996
32620,42708,30071
32688,42712,30069
32788,42704,30147
32992,42656,30148
33008,42700,30316
32868,42688,30285
32928,42692,30412
32932,42676,30364
32896,42703,30458
32656,42704,30396
32668,42661,30510
32484,42713,30452
32512,42693,30512
32732,42692,30623
32793,42686,30628
32736,42670,30612
32728,42687,30700
32552,42631,30706
32392,42708,30837
32021,42688,30787
31864,42707,30848
31808,42652,30990
31836,42671,30930
31480,42692,30980
31200,42676,31119
31256,42684,31097
31492,42694,31217
31692,42677,31154
31828,42710,31274
31844,42716,31252
32064,42692,31316
32588,42745,31332
33176,42741,31440
33636,42692,31584
32740,42755,31521
31946,42772,31580
32108,42732,31588
33285,42792,31652
34828,42781,31780
36196,42716,31784
37228,42756,31908
38040,42735,31857
37664,42745,31905
36780,42708,32002
35600,42743,31999
34396,42724,32135
33172,42732,32101
32316,42708,32217
31948,42759,32186
31808,42724,32282
31688,42737,32263
31608,42741,32364
31509,42732,32340
31460,42700,32412
31432,42715,32389
31476,42708,32468
31512,42701,32452
31468,42702,32520
31532,42706,32613
31556,42694,32588
31500,42652,32620
31520,42698,32644
31364,42684,32684
31116,42676,32708
31192,42663,32728
31448,42663,32829
31389,42660,32834
31408,42596,32907
31382,42667,32895
31524,42638,32909
31656,42639,32972
31660,42629,32999
31608,42631,33071
31500,42625,33092
31532,42590,33157
31528,42591,33148
31488,42605,33175
31492,42585,33284
31620,42557,33257
31569,42601,33283
31604,42589,33304
31580,42574,33321
31628,42524,33396
31636,42540,33398
31604,42572,33364
31632,42549,33437
31513,42559,33460
31536,42556,33508
31660,42552,33481
31748,42564,33481
31700,42540,33543
31700,42542,33508
31716,42567,33516
31796,42533,33504
31808,42532,33493
31808,42532,33510
31780,42532,33480
31692,42469,33509
31853,42535,33471
31904,42503,33487
31952,42503,33447
31925,42503,33471
31981,42500,33399
32300,42492,33419
32404,42468,33377
32366,42464,33385
32416,42424,33320
32404,42470,33292
32272,42489,33284
32288,42460,33228
32380,42456,33231
32366,42420,33189
32420,42449,33172
32448,42420,33188
32420,42374,33096
32364,42368,33113
32216,42428,33044
32124,42416,33054
32272,42407,32965
32428,42415,32953
32488,42366,32877
32588,42397,32855
32668,42388,32796
32644,42328,32765
32648,42375,32711
32592,42372,32664
32553,42364,32636
32556,42322,32564
32640,42371,32545
32792,42365,32516
32916,42351,32527
33048,42334,32420
33056,42280,32425
33096,42332,32340
33120,42316,32340
33092,42322,32260
33032,42276,32284
32996,42327,32186
33077,42312,32208
33176,42316,32104
33196,42277,32025
33384,42309,32005
33376,42284,32025
33412,42294,31952
33492,42284,31961
33468,42270,31836
33356,42279,31814
33248,42272,31760
33368,42222,31767
33620,42276,31694
33748,42268,31703
33780,42269,31622
33873,42215,31596
34012,42245,31524
34140,42228,31495
34080,42233,31449
34056,42220,31436
34004,42239,31404
34065,42216,31357
34112,42213,31300
34320,42214,31282
34476,42213,31300
34448,42203,31213
34408,42188,31244
34428,42189,31112
34448,42183,31169
34484,42160,31038
34504,42152,31045
34548,42172,30918
34636,42180,30876
34684,42165,30793
34748,42151,30722
34832,42148,30677
34889,42142,30741
34832,42127,30598
34732,42135,30629
34768,42096,30502
34748,42127,30489
34748,42132,30316
34864,42076,30276
34920,42118,30305
34865,42111,30172
34924,42108,30094
34916,42087,30020
34848,42095,30016
34788,42052,29908
34772,42087,29861
34704,42093,29772
34592,42103,29757
34636,42093,29806
34692,42092,29612
34676,42076,29623
34660,42068,29537
34680,42013,29529
34812,42052,29397
34869,42033,29417
34917,42039,29312
34944,42033,29416
34936,42037,29217
34910,42029,29130
34944,41989,29197
34952,42028,29073
34872,42015,29149
34812,42004,29044
34804,42007,29109
34732,41977,28927
34628,42005,28824
34542,41990,28815
34548,42011,28766
34640,42000,28894
34736,41991,28741
34880,41983,28804
34916,41980,28648
34852,41953,28725
34917,41965,28556
34780,41956,28614
34657,41952,28485
34610,41940,28554
34712,41979,28356
34806,41957,28264
35056,41960,28259
35160,41956,28302
35096,41951,28220
35088,41948,28087
34968,41942,28112
34941,41933,28054
35036,41937,28132
34996,41933,27953
34912,41925,28038
35132,41948,27869
35292,41935,27893
35304,41892,27742
35184,41924,27864
35044,41916,27718
34872,41878,27792
34945,41905,27599
35138,41900,27478
35025,41897,27550
35044,41863,27430
35048,41909,27503
34968,41903,27349
34944,41863,27357
35024,41903,27320
35040,41908,27317
35001,41856,27374
35032,41900,27303
35008,41902,27396
34973,41901,27242
35036,41909,27212
35100,41913,27168
35148,41908,27094
35144,41914,27204
35016,41908,27033
34900,41908,27101
34884,41908,27074
34908,41911,27044
34904,41908,27100
34708,41920,27062
34676,41914,27117
34796,41925,27049
34764,41900,26989
34830,41905,26988
34920,41921,26920
34784,41905,27016
34600,41908,27121
34646,41912,26944
34620,41911,27002
34492,41877,27082
34649,41920,27060
35088,41924,27085
35112,41912,26965
35052,41916,27044
34940,41922,27156
34928,41912,27106
34796,41917,27248
34608,41913,27054
34616,41916,27158
34632,41916,27095
34692,41925,27207
34636,41894,27119
34628,41920,27205
34828,41927,27231
34872,41903,27230
34660,41913,27416
34684,41908,27304
34665,41892,27455
34572,41902,27345
34268,41896,27456
34428,41868,27285
34508,41903,27364
34548,41878,27391
34480,41887,27424
34484,41881,27589
34468,41863,27412
34772,41836,27503
34908,41840,27439
34864,41841,27514
34600,41853,27588
34732,41856,27559
34768,41853,27530
34944,41839,27609
34980,41841,27596
34900,41822,27785
35220,41831,27716
35176,41828,27812
35077,41834,27750
35012,41839,27892
35036,41852,27738
34953,41852,27710
34912,41863,27788
35052,41817,27778
35008,41852,27814
34972,41847,27783
35100,41820,27831
35088,41857,27767
34904,41848,27876
34744,41863,27780
34692,41847,27941
34668,41880,27892
34604,41864,27960
34792,41881,27876
35004,41860,27916
35028,41867,27858
35076,41874,27887
35064,41849,28038
34984,41863,27845
34616,41868,27884
34572,41887,27906
34576,41876,27888
34606,41863,28016
34933,41892,27860
34944,41876,27933
34764,41870,27780
34716,41885,27855
34808,41875,27846
34936,41877,27789
34836,41895,27807
34829,41910,27809
34904,41911,27912
34952,41913,27770
34845,41897,27833
34556,41918,27742
34368,41911,27848
34252,41908,27670
34248,41872,27740
34020,41895,27581
33849,41905,27629
34098,41934,27692
34556,41927,27584
35077,41920,27668
35320,41953,27526
35776,41940,27547
36256,41945,27601
36772,41957,27556
37416,41961,27652
38044,41959,27460
37556,42006,27483
36664,42023,27422
36540,42013,27478
37456,42028,27635
38808,42016,27470
39984,42021,27513
41100,41989,27397
42200,41981,27432
41740,41980,27514
40468,41981,27454
38961,41989,27588
37500,41991,27392
36128,41991,27486
35140,41991,27328
34592,42004,27414
34100,41971,27524
33608,42021,27418
33324,42014,27448
33240,41991,27381
33368,42006,27409
33345,41965,27392
33241,42023,27516
33176,42009,27372
33044,42007,27436
33096,41964,27300
33116,42016,27353
33208,41991,27254
33276,41991,27333
32948,41958,27458
33006,41991,27325
32992,42006,27228
32959,41991,27292
33020,42004,27404
33120,42006,27258
33192,41991,27296
33136,41991,27196
33208,41968,27236
33264,41959,27165
33184,41991,27231
33108,41973,27320
33225,41972,27226
33148,41991,27323
32928,42008,27188
32952,41991,27286
33004,41985,27129
32896,41991,27173
32944,41956,27055
33128,41990,27100
33292,41968,27039
33244,41974,26936
33200,41991,26948
33124,41964,26854
32964,42007,26894
32716,41991,26801
32912,42012,26857
33045,41952,26784
32992,41980,26880
32760,42007,26725
33148,41982,26853
33313,42004,26724
32872,42009,26837
32800,42008,26729
33148,42012,26848
33324,42023,26706
33492,42023,26720
33544,42024,26683
33312,42023,26759
33156,42028,26616
33348,42012,26637
33312,42020,26500
33020,41983,26582
32876,42035,26716
33036,42036,26510
33185,41991,26556
33076,42044,26409
32976,42047,26465
33208,42021,26527
33160,42033,26396
33180,41991,26432
33184,42036,26405
33420,42036,26454
33456,42034,26506
33436,42023,26303
33317,42036,26373
33356,42032,26396
33420,42023,26372
33244,41981,26424
33220,41991,26237
33376,41959,26333
33304,42010,26309
33152,42009,26271
33242,41991,26225
33328,42004,26273
33416,42008,26335
33684,41991,26156
33720,41957,26261
33832,41998,26351
33832,41985,26214
33788,41991,26258
33852,41991,26113
33824,41983,26244
33860,41932,26364
33949,41951,26201
33796,41991,26217
33992,41989,26188
34292,41980,26311
34204,41972,26232
34352,41969,26313
34208,41956,26236
33872,41952,26308
34024,41948,26232
34204,41961,26324
34160,41950,26254
34192,41964,26364
34192,41940,26231
34412,41927,26351
34528,41956,26260
34622,41942,26268
34766,41945,26148
34736,41943,26232
34820,41942,26156
34996,41952,26217
35160,41941,26185
35198,41951,26238
35240,41940,26149
35376,41946,26225
35456,41896,26249
35532,41941,26240
35764,41933,26277
35744,41938,26269
35581,41936,26316
35620,41934,26233
35588,41939,26165
35532,41932,26238
35828,41937,26156
35988,41926,26262
36016,41935,26178
35980,41902,26256
35944,41909,26331
35904,41908,26288
35784,41901,26375
35653,41924,26289
35716,41917,26277
35844,41924,26352
35845,41908,26478
35932,41902,26325
35948,41912,26476
36040,41909,26388
35904,41870,26437
35784,41900,26365
35780,41888,26310
35668,41908,26415
35540,41912,26405
35532,41910,26581
35620,41885,26455
35660,41916,26428
35640,41893,26456
35800,41892,26406
35768,41889,26545
35700,41895,26492
35564,41844,26689
35517,41902,26525
35536,41913,26463
35636,41893,26572
35692,41901,26541
35688,41900,26735
35692,41904,26596
35668,41889,26759
35540,41879,26607
35384,41892,26640
35256,41892,26672
35052,41903,26570
35322,41892,26656
35232,41921,26556
35040,41905,26648
35357,41906,26802
35476,41863,26700
35340,41912,26849
35222,41916,26690
35272,41908,26828
35356,41919,26727
35276,41916,26802
35300,41935,26742
35265,41940,26682
35416,41947,26767
35200,41956,26717
35156,41935,26803
35392,41936,26785
35264,41927,26837
35200,41949,26780
35180,41957,26874
35484,41951,27015
35568,41964,26948
35429,41969,27045
35256,41969,26912
35128,41980,26980
35212,41981,26902
35232,41964,27026
35152,41981,27111
34988,41982,26954
34980,41988,27037
35164,41973,27228
35132,42021,27024
35008,42024,27076
35024,42028,27085
34933,41989,27132
34932,42026,27128
35036,42015,27173
35044,42012,27158
35004,41987,27280
34972,42032,27129
34873,42046,27170
34756,42036,27090
34633,42049,27204
34753,42017,27316
34904,42053,27158
34656,42053,27196
34568,42055,27200
34644,42064,27212
34463,42053,27310
34384,42069,27097
34508,42078,27177
34460,42088,27227
34462,42084,27100
34616,42095,27176
34736,42096,27277
34608,42100,27096
34296,42084,27202
34288,42108,27081
34264,42092,27188
34340,42116,26997
34316,42093,27041
34237,42156,26887
34212,42165,26949
34064,42178,27044
33902,42124,26937
34012,42196,27028
33864,42183,26822
34180,42205,26843
34312,42220,26722
34288,42223,26776
34192,42241,26834
33892,42255,26774
33712,42278,26780
34076,42276,26617
33928,42295,26692
33865,42267,26778
34008,42298,26685
34084,42306,26759
34128,42314,26544
33896,42333,26602
33812,42337,26637
33993,42352,26631
34136,42326,26727
34464,42381,26570
34176,42376,26716
33921,42384,26596
33824,42397,26721
33772,42393,26571
33972,42364,26639
33892,42423,26567
33864,42433,26517
33924,42444,26527
33964,42445,26456
33988,42462,26519
33812,42468,26472
33784,42448,26519
33797,42472,26428
33780,42487,26518
33856,42492,26428
33828,42464,26527
33856,42516,26608
33884,42533,26408
33692,42557,26548
33845,42556,26529
34140,42567,26476
34228,42565,26500
34056,42521,26512
34020,42585,26482
33776,42590,26493
33920,42591,26660
33760,42580,26516
33560,42628,26622
33468,42625,26453
33500,42629,26501
33536,42631,26436
33248,42655,26513
33432,42626,26540
33332,42659,26357
33536,42663,26453
33460,42679,26553
33600,42684,26353
33780,42692,26425
33676,42655,26306
33672,42700,26408
33584,42716,26287
33508,42708,26445
33548,42716,26336
33464,42721,26369
33356,42708,26512
33200,42728,26229
33152,42732,26333
33132,42749,26369
33308,42711,26190
33612,42772,26270
33384,42771,26420
33384,42784,26181
33844,42746,26277
34453,42793,26186
34576,42796,26232
34436,42836,26384
34804,42866,26151
35368,42886,26190
36224,42895,26060
36932,42924,26148
36452,42916,26269
35224,42985,26164
34532,42985,26240
35132,42967,25996
36272,43008,26084
37540,42995,26056
39436,42981,26060
40756,42969,26118
40596,42998,26010
39132,42993,26021
37328,42972,25960
35496,43015,25970
33902,43015,26016
32800,43045,25825
32160,43037,25932
31782,43009,25823
31624,43007,25997
31552,43049,25868
31476,43077,25800
31404,43082,25811
31408,43090,25945
31612,43101,25685
31660,43093,25756
31764,43063,25721
31924,43101,25725
31920,43101,25716
31968,43062,25757
32036,43133,25584
32085,43140,25673
32116,43156,25640
32116,43116,25673
32072,43165,25680
32081,43164,25567
32080,43173,25607
31952,43196,25697
31921,43180,25508
31896,43188,25600
31856,43220,25506
31808,43212,25605
31920,43161,25743
31985,43228,25473
31802,43218,25556
31906,43164,25587
32128,43235,25564
32040,43230,25557
31916,43235,25448
31792,43260,25513
31729,43263,25627
31588,43222,25354
31632,43287,25500
31724,43271,25464
31780,43240,25453
31656,43269,25412
31692,43288,25428
31752,43260,25521
31776,43233,25293
31532,43304,25404
31416,43312,25556
31516,43309,25285
31472,43318,25416
31436,43333,25383
31452,43340,25533
31360,43334,25296
31508,43340,25380
31604,43345,25508
31484,43360,25276
31212,43377,25392
30968,43399,25531
31204,43399,25354
31468,43364,25436
31600,43417,25297
31628,43409,25420
31556,43415,25361
31578,43380,25436
31580,43435,25454
31440,43455,25385
31348,43468,25486
31204,43433,25567
31188,43502,25400
31141,43500,25509
31248,43476,25530
31288,43517,25435
31236,43540,25520
31228,43527,25418
31120,43564,25541
31024,43576,25679
30948,43576,25499
30888,43604,25617
30840,43626,25544
30772,43602,25623
30913,43637,25687
31053,43649,25498
31140,43655,25660
31212,43655,25783
31224,43616,25520
31140,43676,25681
31032,43679,25732
30980,43704,25543
31004,43697,25711
31237,43735,25733
31432,43740,25572
31496,43744,25687
31548,43757,25748
31538,43773,25625
31476,43777,25709
31476,43804,25740
31440,43788,25741
31376,43763,25868
31288,43812,25695
31312,43839,25792
31440,43860,25694
31597,43845,25828
31700,43868,25660
31668,43860,25785
31740,43881,25761
31888,43876,25802
31876,43895,25820
32056,43912,25837
32352,43937,25902
32588,43932,25753
32814,43952,25808
32960,43911,25850
33061,43972,25800
33244,43956,25876
33292,43929,25701
33440,43986,25810
33623,44002,25874
33840,44016,25808
33794,44015,25845
33832,43972,25768
33984,44032,25812
34020,44039,25830
34005,44039,25724
33980,44015,25908
33904,44039,25711
33852,44071,25825
33888,44039,25711
34052,44078,25850
34180,44102,25812
34316,44108,25796
34324,44098,25860
34344,44104,25729
34328,44080,25863
34356,44125,25713
34360,44121,25862
34336,44128,25962
34302,44133,25790
34328,44142,25870
34296,44149,25784
34308,44135,25911
34316,44165,25884
34236,44110,25938
34336,44159,26074
34476,44148,25856
34480,44155,25944
34416,44167,26129
34241,44127,25862
34144,44189,25989
34263,44199,26178
34400,44215,25924
34513,44205,26034
34580,44183,26055
34660,44204,26100
34728,44214,26258
34564,44215,25988
34412,44212,26125
34270,44223,26189
34016,44246,26117
34132,44237,26206
34478,44247,26084
34560,44263,26265
34460,44260,26096
34400,44212,26237
34436,44277,26128
34412,44268,26332
34384,44288,26234
34280,44263,26439
34212,44308,26317
34104,44320,26479
34136,44332,26369
34224,44336,26529
34212,44325,26360
34168,44295,26452
34108,44344,26303
34080,44359,26456
34012,44373,26364
33904,44381,26486
33872,44395,26433
33844,44390,26547
33832,44413,26445
33696,44420,26592
33668,44417,26508
33668,44423,26681
33608,44423,26660
33632,44431,26744
33688,44446,26854
33684,44446,26776
33692,44469,26724
33652,44487,26878
33644,44484,26972
33788,44488,26788
33744,44485,26938
33668,44481,27127
33492,44508,26955
33248,44512,27175
33124,44539,27012
33160,44498,27242
33168,44548,27052
33212,44570,27192
33360,44577,27157
33472,44580,27270
33544,44551,27431
33618,44581,27282
33632,44540,27380
33592,44623,27303
33500,44621,27460
33481,44639,27368
33548,44647,27544
33576,44655,27458
33484,44679,27605
33392,44679,27527
33320,44676,27671
33244,44626,27759
33088,44698,27754
33032,44692,27853
32943,44663,27783
32865,44724,27916
32856,44734,27783
32928,44740,27908
32936,44744,27888
32924,44756,27988
33216,44732,27916
33215,44772,28081
33008,44756,28068
32932,44775,27976
32868,44785,28135
32868,44797,28049
32832,44804,28175
32796,44828,28097
32722,44801,28286
32697,44850,28221
32568,44836,28188
32500,44840,28212
32468,44788,28100
32376,44860,28224
32372,44870,28289
32360,44832,28229
32388,44867,28178
32492,44901,28245
32660,44853,28217
32848,44917,28234
32924,44916,28120
32960,44925,28238
32980,44932,28200
32982,44916,28254
32884,44926,28388
32784,44951,28262
32764,44952,28384
32848,44974,28132
32956,44967,28229
32980,44983,28116
32832,44935,28247
32688,44983,28100
32660,44928,28167
32576,45000,28144
32464,45006,28128
32340,45031,28177
32376,45028,28009
32412,44992,28100
32444,45036,28229
32504,44989,28013
32436,45037,28052
32356,44996,28104
32372,45060,28044
32257,45057,28109
32116,45063,27897
32068,45081,28007
31984,45081,27813
31784,45101,27918
31680,45043,27825
31800,45096,27892
31860,45117,27980
31736,45101,27776
31572,45124,27844
31488,45119,27673
31432,45124,27795
31328,45151,27592
31296,45158,27748
31260,45168,27783
31196,45167,27577
31230,45101,27669
31096,45175,27652
31056,45176,27468
31192,45181,27568
31216,45180,27548
31142,45199,27641
31180,45191,27405
31164,45154,27534
31050,45233,27632
30720,45222,27425
30480,45223,27477
30328,45191,27301
30256,45239,27412
30376,45225,27284
30256,45245,27436
30017,45220,27341
30149,45241,27493
30560,45279,27352
31008,45296,27373
31204,45311,27205
31573,45319,27268
32000,45319,27110
32536,45341,27269
33152,45369,27280
33672,45379,27103
32800,45348,27172
31408,45421,27281
30528,45447,27077
30812,45380,27166
32244,45423,26968
33940,45444,27084
35744,45368,26980
37012,45420,27094
36688,45413,27201
35516,45388,27034
34184,45437,27133
32836,45436,27010
31628,45430,26936
30776,45444,26989
30304,45396,26789
29908,45437,26913
29637,45469,26760
29412,45447,26872
29340,45454,26705
29232,45462,26870
29056,45391,26737
28888,45453,26832
28772,45460,26617
28661,45476,26712
28561,45421,26590
28536,45486,26713
28581,45477,26831
28640,45479,26581
28668,45473,26649
28625,45447,26500
28468,45463,26625
28260,45407,26670
28274,45460,26426
28284,45471,26548
28365,45485,26656
28478,45447,26436
28472,45481,26496
28420,45397,26351
28388,45484,26456
28192,45460,26470
28144,45487,26396
28092,45509,26390
28073,45504,26252
27984,45508,26344
28049,45512,26322
28344,45520,26193
28504,45469,26278
28596,45510,26141
28620,45447,26220
28548,45520,26151
28548,45513,26199
28452,45520,26216
28316,45532,26029
28268,45456,26101
28212,45544,26026
28160,45543,26096
28156,45553,26114
28318,45548,26062
28384,45511,25972
28204,45537,26056
28144,45553,25918
28120,45556,26032
28180,45575,25901
28180,45560,26014
28204,45575,25884
28349,45497,26033
28335,45575,25892
28244,45575,26020
28128,45504,25988
28080,45575,26068
28076,45589,26146
28056,45575,25961
28008,45589,26074
28137,45609,26052
28196,45617,26146
28208,45613,26232
28232,45575,26028
28336,45597,26210
28420,45541,26279
28320,45620,26136
28281,45612,26270
28256,45620,26118
28372,45615,26294
28312,45629,26471
28228,45636,26338
28405,45632,26440
28536,45633,26308
28532,45565,26296
28412,45624,26428
28452,45548,26436
28532,45620,26469
28529,45640,26500
28224,45652,26642
28008,45639,26497
28240,45652,26567
28360,45597,26415
28344,45650,26552
28280,45646,26489
28241,45628,26597
28152,45630,26636
27988,45637,26584
27776,45624,26702
27712,45647,26545
27764,45609,26713
27808,45647,26569
27936,45633,26729
27968,45647,26616
27885,45558,26752
27884,45640,26614
28060,45640,26788
28172,45629,26693
28233,45636,26887
28276,45652,26809
28388,45665,26956
28568,45642,26838
28604,45655,27015
28724,45646,26872
28788,45647,26761
28860,45636,27068
29028,45649,26944
29172,45640,26848
29232,45575,27127
29400,45575,26968
29504,45662,26868
29694,45647,27013
29853,45644,26928
30064,45599,27080
30152,45655,27210
30204,45636,27101
30245,45621,27098
30304,45624,27125
30364,45639,27074
30396,45565,27149
30528,45610,27049
30600,45653,27184
30708,45631,27365
30785,45636,27133
30856,45632,27241
31084,45624,27143
31256,45622,27310
31264,45559,27359
31156,45620,27204
31110,45600,27393
31156,45620,27256
31162,45625,27393
31164,45615,27301
31116,45636,27456
31137,45613,27311
31112,45541,27463
31100,45613,27376
31112,45597,27525
31076,45607,27663
31092,45628,27516
31145,45614,27598
31276,45614,27458
31380,45593,27609
31340,45626,27692
31264,45605,27516
31216,45611,27655
31133,45603,27797
31040,45611,27653
30917,45605,27745
30878,45540,27700
30884,45608,27749
30904,45612,27829
31089,45568,27682
31236,45540,27820
31212,45617,27722
31100,45590,27883
31048,45592,27952
31072,45604,27918
31076,45532,28021
31072,45564,27959
31141,45612,28112
31288,45608,27965
31368,45606,28006
31380,45600,27861
31396,45564,27997
31352,45609,28031
31277,45594,28020
31176,45605,28109
31100,45601,28024
31076,45597,28065
31104,45597,28133
31240,45544,28001
31520,45601,28165
31640,45575,28192
31592,45492,28098
31584,45564,28189
31556,45544,28327
31496,45534,28234
31380,45544,28386
31356,45559,28245
31446,45540,28389
31482,45524,28219
31680,45560,28296
31852,45537,28148
31777,45540,28296
31804,45471,28413
31969,45543,28178
31884,45524,28308
31732,45533,28269
31840,45542,28327
31920,45546,28480
31784,45520,28316
31836,45548,28373
31852,45540,28395
31873,45495,28309
31920,45524,28340
31848,45537,28408
31740,45543,28400
31620,45473,28344
31600,45468,28389
31801,45551,28504
31876,45524,28384
31913,45536,28453
31908,45543,28316
31868,45518,28424
31988,45535,28444
32064,45516,28454
31996,45520,28501
32004,45529,28356
32045,45492,28461
32144,45540,28580
32224,45526,28468
32270,45457,28484
32208,45537,28660
32096,45533,28474
32036,45510,28660
31960,45505,28549
31868,45508,28678
31981,45516,28465
32153,45453,28533
32200,45524,28516
32232,45500,28548
32216,45501,28421
32204,45504,28569
32088,45444,28445
32044,45516,28556
31964,45504,28489
31828,45504,28560
31592,45439,28498
31624,45516,28559
31792,45514,28600
31996,45523,28560
32048,45476,28676
32034,45518,28503
31901,45492,28610
31968,45487,28487
32052,45497,28605
32172,45500,28498
32313,45485,28612
32524,45511,28561
32610,45506,28773
32696,45518,28628
32896,45506,28598
33052,45476,28631
32976,45512,28567
32916,45444,28706
32863,45477,28670
32740,45493,28578
32556,45492,28644
32480,45496,28541
32572,45504,28698
32636,45463,28658
32657,45508,28740
32632,45497,28665
32604,45480,28556
32484,45485,28685
32448,45423,28569
32432,45464,28776
32320,45503,28722
32312,45484,28852
32405,45478,28702
32400,45495,28738
32654,45489,28618
32648,45491,28868
32648,45457,28726
32588,45457,28660
32601,45465,28740
32620,45420,28662
32509,45470,28744
32380,45444,28650
32400,45463,28757
32532,45468,28767
32638,45461,28932
32832,45415,28807
33068,45447,28800
33044,45430,28815
32821,45444,28862
32650,45441,28790
32673,45441,28708
32820,45415,28854
32948,45459,28765
32976,45461,28888
32924,45446,28791
33008,45446,28848
33069,45437,28824
33008,45378,28776
32952,45444,28981
32840,45447,28844
32620,45444,28752
32538,45408,28923
32544,45436,28885
32480,45447,28951
32396,45376,28870
32404,45417,28986
32716,45436,28860
32730,45408,28868
32608,45420,28878
32685,45412,28790
33148,45412,28956
33764,45372,28912
34280,45446,28960
34636,45455,28896
34952,45447,28790
35340,45447,28915
36184,45452,28832
37008,45468,29020
37525,45484,28900
36532,45463,28996
35368,45494,28894
35424,45534,29084
35866,45536,28932
36772,45529,29012
37936,45509,28940
39848,45481,28828
41012,45478,28969
39944,45466,28893
37684,45470,28965
35308,45472,28849
33317,45478,28933
32000,45484,28801
31112,45471,28920
30636,45469,28859
30548,45458,29026
30652,45447,28892
30820,45447,28844
30760,45380,28825
30588,45348,28700
30520,45407,28792
30432,45393,28697
30365,45377,28847
30336,45348,28797
30352,45414,28644
30384,45402,28758
30300,45319,28662
30369,45376,28752
30512,45368,28695
30604,45365,28792
30564,45336,28641
30565,45348,28710
30544,45357,28863
30556,45335,28734
30612,45332,28805
30684,45343,28726
30820,45333,28781
30876,45266,28708
30880,45319,28798
30824,45316,28661
30700,45309,28784
30572,45300,28626
30420,45317,28709
30404,45244,28528
30424,45316,28621
30440,45303,28485
30468,45272,28621
30446,45278,28524
30412,45272,28572
30420,45212,28415
30464,45274,28518
30368,45277,28369
30272,45292,28423
30390,45236,28439
30512,45295,28417
30416,45272,28511
30236,45287,28325
30176,45212,28341
30129,45289,28247
30130,45264,28338
30032,45271,28324
29996,45282,28144
29884,45264,28285
29860,45301,28393
29964,45225,28116
29958,45300,28240
29920,45300,28343
29956,45279,28078
30020,45230,28197
29992,45284,28265
29920,45231,28084
29977,45279,28186
29996,45292,28100
29976,45277,28183
29958,45276,28246
29940,45284,28016
29998,45292,28160
29908,45260,28287
29676,45191,28057
29640,45262,28148
29665,45268,28132
29548,45284,28140
29384,45268,28049
29396,45228,28095
29592,45272,28208
29657,45275,27997
29568,45287,28039
29564,45271,28126
29628,45252,27984
29524,45266,27978
29320,45277,28022
29196,45270,28028
29076,45270,27933
28937,45295,27992
28954,45270,27952
29300,45271,28040
29426,45268,27845
29297,45212,27926
29238,45240,27916
29321,45249,28044
29173,45257,27761
29001,45252,27815
28874,45263,27880
28905,45257,27885
28830,45271,27774
28738,45253,27861
28712,45186,27814
28608,45229,27954
28542,45245,27701
28536,45213,27760
28492,45239,27807
28424,45233,27805
28332,45236,27945
28456,45253,27654
28682,45236,27754
29008,45239,27836
29296,45231,27635
29504,45220,27749
29710,45215,27668
29988,45141,27785
30112,45201,27779
30236,45200,27611
30420,45190,27740
30588,45180,27777
30776,45204,27700
31132,45172,27766
31404,45182,27690
31492,45184,27734
31564,45112,27682
31740,45169,27728
31900,45154,27717
32096,45164,27757
32232,45169,27804
32348,45159,27620
32437,45124,27704
32513,45157,27704
32576,45152,27664
32616,45159,27716
32608,45134,27568
32716,45135,27686
32805,45063,27612
32857,45133,27684
32872,45119,27552
32948,45116,27680
32952,45063,27701
33124,45109,27633
33233,45100,27697
33088,45029,27590
32996,45087,27677
33112,45084,27704
33304,45021,27548
33439,45077,27648
33360,45076,27526
33096,45085,27649
33005,45012,27733
33312,45060,27621
33336,45020,27648
33228,45062,27797
33300,45039,27609
33321,44993,27625
33164,45031,27780
33120,45039,27620
33108,44983,27746
33032,45044,27591
33069,45039,27672
33152,45029,27509
33080,45027,27600
33056,45024,27674
33088,45008,27474
33166,45008,27542
33144,45004,27485
32992,44988,27524
32880,44959,27550
32896,44983,27398
32988,44998,27502
33156,44988,27569
33208,44972,27516
33148,44973,27633
33120,44911,27483
33012,44973,27583
32904,44944,27406
32924,44964,27446
32872,44916,27325
32836,44945,27472
32872,44952,27558
32909,44935,27394
32908,44942,27446
32888,44935,27327
32832,44935,27412
32816,44916,27351
32800,44921,27429
32525,44919,27397
32444,44930,27412
32661,44933,27488
32788,44911,27399
32924,44912,27537
32992,44902,27288
33044,44887,27350
33076,44884,27488
33164,44871,27372
33216,44892,27420
33192,44876,27206
33076,44880,27332
32996,44873,27468
33000,44872,27245
33054,44807,27408
32896,44866,27258
32782,44841,27332
32856,44839,27137
32889,44829,27287
32912,44836,27193
32896,44812,27261
32976,44831,27281
33080,44836,27105
33108,44804,27205
33232,44817,27196
33320,44807,27196
33308,44796,27190
33188,44784,27044
33142,44716,27126
33097,44780,27028
33008,44764,27098
32926,44783,26962
32840,44725,27100
32842,44776,27196
32856,44775,27000
32828,44757,27114
32816,44708,26894
32817,44733,27007
32860,44714,26960
32908,44671,26976
32920,44700,26870
32892,44693,26952
32840,44684,26937
32864,44661,26941
32996,44679,26945
33117,44660,26786
33200,44661,26921
33048,44598,26737
32878,44648,26884
32828,44645,26784
32796,44636,26844
32708,44645,26655
32661,44588,26796
32676,44641,26856
32733,44628,26721
32868,44624,26782
32904,44551,26564
32848,44615,26676
32760,44600,26631
32740,44534,26597
32692,44580,26617
32605,44599,26732
32644,44548,26621
32816,44575,26671
32864,44565,26514
32832,44551,26607
32820,44504,26524
32821,44551,26648
32800,44551,26398
32812,44551,26498
32684,44560,26346
32637,44513,26505
32696,44577,26350
32800,44551,26481
32864,44567,26293
32848,44518,26397
32842,44551,26240
32800,44551,26410
32807,44516,26340
32749,44534,26426
32736,44464,26188
32764,44551,26292
32764,44551,26153
32828,44537,26244
32688,44545,26233
32553,44541,26262
32640,44468,26381
32648,44531,26232
32600,44508,26308
32540,44518,26068
32488,44523,26165
32624,44506,26276
32704,44509,26175
32792,44519,26289
32852,44512,26054
32932,44500,26125
32958,44486,25957
32960,44478,26071
32988,44472,25938
32958,44465,26048
32840,44464,25941
32716,44452,26022
32676,44484,25902
32740,44463,26033
32860,44460,25938
32973,44413,25968
33024,44455,25884
32996,44420,25936
33032,44423,25868
32956,44407,25933
32908,44416,25887
32752,44368,25930
32628,44389,25872
32596,44423,25756
32620,44423,25840
32580,44404,25882
32392,44391,25820
32361,44385,25876
32476,44377,25645
32612,44372,25737
32620,44372,25711
32500,44380,25743
32480,44385,25768
33076,44373,25602
33680,44383,25576
34064,44384,25644
34312,44356,25513
34544,44389,25606
35180,44376,25756
36252,44342,25500
37192,44404,25573
37544,44415,25425
36500,44432,25545
35764,44412,25588
35972,44449,25394
36384,44445,25487
37092,44396,25519
38461,44400,25301
40224,44388,25404
40664,44374,25332
39168,44365,25236
37100,44388,25316
34900,44381,25448
33104,44332,25161
31853,44384,25250
31120,44380,25132
30760,44374,25205
30680,44324,25312
30652,44364,25010
30608,44337,25089
30576,44344,25138
30500,44295,24895
30532,44357,24993
30646,44325,24873
30704,44335,24965
30652,44261,25052
30548,44295,24820
30532,44283,24853
30504,44295,24711
30496,44237,24826
30384,44308,24943
30416,44276,24717
30528,44294,24744
30596,44225,24603
30688,44284,24740
30732,44265,24756
30728,44253,24612
30752,44207,24693
30784,44252,24516
30768,44228,24639
30700,44244,24517
30666,44247,24672
30689,44237,24446
30848,44220,24612
31060,44220,24398
31170,44200,24496
31212,44213,24342
31188,44206,24469
31088,44124,24311
31004,44193,24388
30976,44191,24450
30857,44149,24214
30820,44213,24312
30848,44188,24252
30889,44193,24277
30832,44133,24248
30732,44177,24177
30708,44124,24180
30688,44167,24214
30676,44154,24020
30608,44164,24121
30636,44165,24139
30612,44180,23960
30568,44167,24068
30592,44167,24164
30452,44148,23884
30436,44140,23999
30556,44153,23854
30628,44108,23977
30608,44140,24052
30544,44111,23844
30428,44133,23956
30356,44128,23775
30340,44084,23901
30348,44125,24034
30428,44119,23804
30488,44113,23868
30529,44116,23716
30560,44087,23852
30532,44095,23946
30390,44039,23725
30278,44081,23816
30200,44102,23818
30208,44112,23632
30348,44092,23749
30484,44088,23813
30456,44055,23741
30528,44086,23799
30662,44055,23709
30566,44076,23695
30365,44038,23675
30178,44076,23649
30144,44069,23672
30236,44055,23652
30313,44062,23534
30428,44000,23646
30465,44060,23760
30444,44039,23520
30324,44039,23616
30262,44033,23713
30196,44026,23541
30156,44039,23632
30182,44011,23465
30176,44054,23604
30192,44024,23460
30176,44039,23581
30120,43967,23549
30056,44024,23595
30028,44002,23662
30008,44016,23452
30052,43951,23573
30184,44020,23687
30308,44020,23434
30424,43972,23597
30656,44000,23633
30772,44008,23439
30856,43940,23577
30992,43992,23714
31184,43984,23559
31420,43980,23626
31508,43941,23440
31588,43980,23577
31832,43977,23451
32116,43921,23610
32448,43981,23733
32768,43965,23526
33016,43969,23670
33132,43927,23490
33236,43948,23690
33252,43928,23478
33220,43944,23621
33330,43940,23768
33620,43928,23628
33988,43928,23797
34332,43916,23673
34496,43927,23637
34540,43908,23696
34581,43884,23800
34648,43887,23724
34612,43836,23672
34582,43901,23734
34596,43881,23896
34596,43889,23748
34684,43832,23679
34856,43877,23778
34896,43862,23676
34880,43861,23848
34924,43801,23768
34920,43845,23884
34806,43824,23900
34752,43844,23926
34696,43797,24040
34684,43860,23836
34668,43847,23948
34664,43796,24004
34616,43825,23942
34852,43813,24004
34864,43805,24130
34764,43799,24066
34701,43805,24108
34664,43783,24232
34696,43796,24119
34721,43783,24224
34736,43791,24076
34652,43796,24189
34525,43764,24244
34464,43770,24225
34440,43772,24344
34500,43748,24153
34588,43757,24308
34540,43711,24430
34520,43767,24224
34564,43764,24362
34448,43717,24532
34414,43729,24293
34412,43743,24445
34464,43728,24345
34576,43743,24490
34569,43703,24548
34636,43720,24380
34672,43679,24569
34676,43700,24650
34692,43704,24452
34676,43687,24628
34636,43696,24732
34660,43684,24656
34696,43639,24688
34624,43668,24868
34576,43660,24601
34584,43666,24733
34549,43667,24863
34448,43623,24665
34424,43661,24829
34456,43655,24868
34408,43669,24985
34232,43644,24741
34149,43580,24912
34176,43631,24977
34228,43610,24824
34333,43600,24852
34252,43589,24958
34128,43544,25129
33964,43582,24869
34052,43588,25012
34236,43585,25071
34284,43565,24916
34120,43527,25072
34024,43554,25093
34052,43524,24964
34048,43527,25128
33908,43524,25228
34000,43532,25071
34052,43527,25145
33976,43540,25320
34020,43527,25095
33972,43508,25177
33804,43496,25141
33766,43468,25232
33828,43488,25383
34004,43469,25164
34020,43470,25300
34004,43476,25132
33936,43471,25282
34044,43471,25300
34176,43468,25156
34260,43448,25320
34380,43437,25456
34393,43433,25230
34368,43415,25346
34208,43412,25252
33988,43437,25337
33783,43430,25410
33796,43436,25244
33752,43437,25367
33692,43407,25258
33692,43436,25399
33716,43422,25407
33716,43389,25449
33641,43417,25526
33584,43405,25325
33524,43399,25439
33489,43435,25634
33546,43412,25508
33688,43431,25658
33796,43380,25432
33708,43420,25552
33624,43399,25412
33684,43399,25535
33544,43391,25450
33448,43399,25556
33445,43388,25556
33477,43356,25591
33384,43399,25713
33412,43399,25524
33544,43337,25636
33564,43384,25828
33528,43372,25632
33412,43313,25708
33204,43367,25685
33125,43359,25716
33013,43340,25792
32828,43375,25670
32884,43391,25810
33068,43392,25816
33104,43344,25887
32948,43396,25976
32904,43381,25786
32844,43334,25934
32960,43372,25980
33056,43388,25986
33148,43380,26132
33200,43396,26007
33312,43415,26151
33400,43405,26040
33489,43417,26081
33582,43412,26069
33553,43361,26180
33416,43413,26016
33644,43396,26140
33668,43413,26054
33456,43366,26194
33338,43420,26105
33252,43428,26217
33200,43425,26133
33212,43383,26256
33216,43425,26458
33204,43408,26200
33068,43368,26372
33112,43416,26500
33053,43415,26272
32936,43428,26400
32916,43423,26492
32964,43410,26428
33128,43413,26516
33254,43384,26415
33220,43359,26670
33148,43431,26516
33164,43399,26631
33244,43332,26453
33388,43391,26618
33424,43408,26620
33438,43412,26641
33444,43404,26593
33556,43373,26669
33536,43409,26656
33452,43396,26745
33318,43394,26813
33256,43388,26655
33273,43372,26777
33400,43328,26944
33352,43383,26740
33304,43373,26828
33416,43383,27031
33452,43393,26873
33548,43380,26933
33600,43372,26839
33656,43367,26964
33656,43353,27149
33568,43347,26965
33404,43319,27065
33276,43345,27091
33224,43352,27037
33072,43330,27092
33102,43349,27287
33280,43341,27050
33308,43305,27194
33300,43304,27177
33158,43313,27367
33072,43295,27139
33576,43317,27280
34044,43269,27307
34520,43322,27357
34880,43340,27218
35332,43353,27369
36060,43356,27508
37104,43342,27394
37932,43359,27415
38189,43351,27397
37092,43391,27386
36204,43399,27484
36412,43412,27504
36740,43400,27653
37540,43399,27438
38980,43391,27550
40876,43360,27544
41360,43332,27728
39909,43342,27489
37720,43345,27592
35604,43310,27603
33672,43358,27674
32276,43362,27521
31412,43296,27655
30972,43356,27685
30904,43343,27542
30948,43343,27644
31190,43328,27767
31352,43329,27765
31448,43325,27631
31264,43328,27604
31116,43317,27708
30848,43311,27742
30876,43252,27728
30881,43318,27690
30960,43301,27728
31180,43296,27669
31316,43284,27799
31092,43294,27790
31168,43290,27956
31340,43280,27747
31298,43269,27879
31172,43271,27889
31032,43271,27935
31064,43271,27944
31036,43215,28004
30896,43260,28073
30949,43261,27929
30977,43239,28006
31072,43233,28148
31072,43192,27965
31068,43224,28093
31040,43244,28109
30932,43252,27996
30928,43233,28096
30904,43236,28180
31112,43236,28020
31248,43232,28132
31268,43212,28128
31300,43215,28100
31232,43207,28179
31076,43180,28167
30912,43135,28240
30825,43202,28162
31068,43201,28308
31256,43174,28220
31328,43185,28365
31408,43181,28268
31376,43191,28424
31424,43119,28297
31476,43167,28405
31392,43164,28311
31328,43143,28422
31236,43164,28301
31164,43108,28443
31136,43157,28504
31246,43143,28391
31166,43101,28492
31136,43151,28585
31192,43116,28588
31089,43116,28686
30925,43080,28596
30880,43137,28651
30996,43133,28852
31072,43132,28754
31005,43084,28916
30976,43143,28780
30872,43117,28944
30852,43108,28892
30873,43109,29009
30964,43108,28947
31080,43112,29029
31020,43077,29000
30920,43111,29134
30904,43108,29031
31096,43104,29128
31128,43104,29055
30960,43086,29134
30764,43068,29164
30720,43052,29160
30600,43068,29132
30552,43068,29280
30456,43076,29176
30320,43012,29253
30256,43079,29452
30264,43052,29334
30432,43065,29432
30436,43059,29405
30368,42980,29543
30340,42988,29441
30416,42989,29592
30576,43031,29501
30404,43015,29632
30428,43004,29534
30404,43015,29684
30392,43011,29591
30344,43004,29678
30432,42941,29620
30424,42999,29602
30404,42981,29708
30400,42932,29656
30440,42980,29750
30432,42980,29724
30472,42969,29853
30600,42968,29790
30806,42973,29924
31069,42972,29824
31321,42909,29908
31380,42947,29869
31632,42945,29944
31764,42924,30006
31884,42929,29973
32160,42935,29981
32424,42876,30045
32700,42922,30037
32836,42922,30096
33024,42911,30097
33138,42901,30174
33320,42894,30162
33552,42841,30249
33690,42863,30240
34044,42882,30268
34188,42876,30468
34193,42881,30344
34252,42836,30388
34400,42863,30517
34644,42860,30432
34796,42848,30503
34712,42804,30518
34596,42830,30573
34592,42823,30653
34424,42815,30590
34533,42816,30673
34472,42823,30669
34424,42788,30849
34676,42825,30764
34828,42789,30797
34804,42812,30796
34700,42807,30855
34548,42772,31016
34632,42791,30921
34668,42774,30982
34600,42735,31127
34660,42788,31012
34604,42785,31085
34596,42772,31117
34620,42774,31255
34647,42767,31193
34640,42712,31231
34652,42757,31247
34656,42742,31327
34544,42743,31412
34545,42745,31354
34513,42740,31449
34424,42741,31494
34457,42729,31456
34368,42720,31552
34280,42735,31575
34224,42712,31573
34337,42724,31648
34320,42709,31772
34296,42661,31687
34212,42713,31732
34136,42705,31871
34112,42711,31812
34036,42702,31829
34054,42684,31849
34284,42700,31897
34292,42692,32028
34308,42657,31992
34257,42687,32052
34332,42669,32016
34256,42664,32084
34192,42660,32084
34140,42666,32129
34156,42669,32136
34164,42607,32174
34252,42660,32252
34250,42653,32241
34252,42641,32316
34204,42628,32312
34144,42628,32351
34048,42599,32312
33968,42629,32372
33933,42631,32460
33988,42612,32413
34184,42617,32484
34420,42613,32435
34416,42612,32454
34384,42548,32446
34420,42540,32484
34392,42596,32541
34296,42590,32516
34056,42592,32588
34064,42605,32547
34140,42601,32615
33984,42597,32553
34120,42541,32623
34156,42577,32549
34076,42565,32559
34080,42565,32646
34098,42521,32582
34084,42559,32620
33713,42567,32576
33536,42550,32589
33692,42555,32605
33632,42567,32592
33676,42557,32588
33684,42532,32613
33700,42524,32647
33732,42524,32609
33712,42503,32612
33644,42528,32678
33526,42534,32629
33488,42487,32655
33540,42543,32604
33661,42516,32623
33617,42520,32676
33485,42503,32645
33590,42525,32696
33677,42497,32621
33708,42502,32629
33625,42449,32609
33612,42503,32636
33500,42503,32676
33602,42503,32616
33748,42453,32629
33768,42484,32613
33708,42500,32622
33796,42475,32613
33687,42480,32637
33600,42481,32614
33552,42487,32648
33469,42492,32613
33432,42491,32685
33432,42436,32633
33544,42497,32686
33600,42495,32637
33604,42484,32655
33568,42465,32631
33457,42475,32671
33325,42445,32632
33316,42471,32692
33260,42479,32621
33008,42471,32640
32869,42472,32602
32872,42460,32612
32993,42479,32665
33004,42464,32636
33049,42460,32664
33054,42404,32626
33092,42463,32640
32972,42455,32623
32885,42452,32636
32853,42456,32626
32888,42478,32653
33028,42440,32692
33032,42425,32654
32836,42464,32636
32552,42447,32677
32806,42438,32661
32996,42436,32724
32944,42398,32688
32820,42464,32732
32741,42456,32687
32760,42460,32727
32864,42467,32700
33332,42396,32746
33300,42436,32692
33240,42448,32727
33208,42436,32708
33142,42413,32711
33109,42454,32703
33065,42447,32714
33074,42452,32711
33112,42413,32764
33172,42426,32708
33396,42460,32740
33428,42436,32712
33360,42439,32732
33448,42392,32743
33524,42439,32775
33352,42429,32745
33076,42430,32792
32997,42392,32759
33164,42439,32790
33270,42426,32740
33436,42418,32744
33516,42365,32729
33512,42385,32765
33332,42365,32756
33252,42373,32791
33268,42316,32775
33120,42370,32828
33096,42375,32775
33092,42375,32822
33205,42375,32804
33188,42327,32876
33124,42349,32834
33116,42359,32868
33088,42348,32839
32972,42324,32864
32760,42366,32892
32714,42361,32884
32830,42353,32926
32978,42365,32887
33120,42361,32943
33216,42361,32916
33186,42317,32968
33260,42359,32929
33272,42340,32967
33248,42336,32924
33256,42351,32935
33132,42302,32956
32976,42364,32970
32840,42358,33017
32980,42356,32970
33144,42322,32985
33116,42356,33044
32976,42335,33001
32976,42340,33055
32844,42293,33004
32528,42345,33031
32248,42348,33019
32296,42337,33050
32544,42348,33054
32774,42300,33041
32664,42341,33075
32624,42350,33046
33164,42326,33092
33928,42332,33032
34324,42328,33051
34508,42357,33060
34688,42365,33047
35252,42365,33029
36388,42391,33060
37460,42391,33031
37988,42393,33076
37092,42427,33046
36084,42428,33088
36276,42430,33048
36824,42437,33069
37468,42423,33025
38532,42421,33073
40324,42390,33000
41056,42396,33029
39756,42399,32984
37736,42392,32982
35516,42401,32972
33580,42405,33006
32328,42396,32941
31716,42397,32969
31332,42399,32904
31104,42401,32876
31088,42399,32876
31164,42388,32818
31277,42383,32804
31234,42328,32772
31124,42385,32770
31118,42373,32729
31093,42356,32752
31096,42356,32680
30996,42349,32690
30964,42331,32633
30957,42364,32673
30968,42366,32596
31168,42365,32578
31352,42362,32553
31172,42301,32561
30961,42356,32511
30936,42348,32533
31088,42332,32464
31164,42348,32480
31176,42343,32437
31196,42319,32429
31180,42364,32397
31256,42336,32398
31252,42341,32397
31156,42343,32364
31160,42342,32328
31093,42325,32372
31148,42300,32284
31096,42324,32308
31008,42311,32204
30996,42327,32186
31124,42337,32135
31161,42332,32164
31108,42274,32064
31072,42317,32104
30902,42332,31998
30853,42308,31951
30896,42310,31944
30960,42260,31898
30996,42326,31916
30904,42316,31812
30868,42318,31799
30884,42276,31717
30908,42310,31698
30849,42314,31653
30776,42306,31623
30788,42286,31588
30740,42297,31554
30781,42303,31503
30844,42310,31488
31100,42253,31533
31133,42247,31456
30968,42313,31449
30848,42297,31348
31056,42297,31361
31165,42296,31397
31024,42296,31312
31054,42287,31360
31200,42280,31237
31240,42285,31247
30988,42296,31157
30952,42300,31197
31028,42284,31119
31040,42241,31116
31124,42276,31060
31225,42294,31036
31168,42279,31036
30941,42285,31030
30876,42279,31048
30832,42289,30973
30890,42247,31008
30884,42260,30940
30969,42290,31004
30924,42287,30896
30864,42284,30888
31068,42277,30823
31044,42257,30908
30972,42260,30789
30980,42268,30810
30804,42268,30796
30816,42268,30839
30936,42270,30761
31012,42276,30784
31072,42247,30712
31040,42259,30740
30916,42255,30714
30932,42247,30808
30932,42228,30727
30836,42213,30808
30861,42268,30711
30945,42263,30805
30948,42260,30718
31012,42253,30773
31108,42247,30689
31012,42245,30812
31016,42197,30727
30924,42247,30773
30880,42228,30710
30980,42231,30695
31128,42202,30774
31272,42247,30750
31496,42245,30788
31712,42234,30746
31896,42245,30812
32144,42232,30732
32216,42189,30784
32496,42212,30780
32700,42223,30856
32800,42213,30764
32856,42229,30841
33004,42228,30802
33182,42216,30860
33252,42230,30820
33292,42231,30908
33756,42173,30852
33960,42200,30885
33872,42215,30847
33796,42212,30864
33760,42203,30909
33820,42212,30885
34052,42206,30964
34120,42212,30901
34320,42216,30983
34432,42212,30965
34472,42196,31065
34386,42200,31005
34432,42189,31111
34392,42188,31042
34424,42188,31031
34408,42151,31093
34340,42212,31087
34354,42204,31142
34329,42183,31135
34348,42188,31238
34404,42188,31182
34305,42177,31269
34236,42182,31246
34192,42124,31359
34112,42164,31316
34068,42188,31412
34040,42185,31367
34036,42184,31468
34024,42182,31400
34153,42183,31470
34196,42175,31412
34020,42172,31465
33860,42139,31551
33796,42182,31527
33804,42171,31604
33657,42137,31525
33476,42194,31576
33504,42193,31671
33696,42174,31643
33784,42180,31661
33664,42173,31623
33720,42164,31688
33772,42165,31788
33825,42149,31698
33885,42158,31725
33889,42119,31736
33828,42157,31777
33951,42141,31776
34016,42159,31812
34020,42151,31759
34044,42093,31860
33964,42124,31866
33956,42100,31932
34175,42100,31940
34076,42100,31988
33816,42104,31957
33752,42113,31959
34012,42118,32012
34024,42055,32000
33792,42063,32085
33628,42100,32028
33881,42076,32060
34272,42081,32112
34228,42078,32109
33960,42076,32180
33816,42085,32132
33748,42111,32164
33744,42101,32150
34052,42103,32144
34208,42096,32164
34156,42119,32253
34120,42118,32202
34098,42084,32284
34132,42084,32227
34072,42098,32276
33976,42081,32221
34056,42095,32256
34092,42116,32236
34156,42103,32249
34192,42109,32249
34232,42097,32263
34172,42085,32332
34140,42101,32263
34092,42096,32288
34184,42100,32239
34152,42116,32260
34084,42093,32309
34044,42134,32254
33904,42141,32239
33916,42129,32272
34081,42116,32327
33924,42126,32255
33894,42118,32254
33858,42070,32328
34024,42131,32249
34196,42133,32260
34188,42120,32229
34221,42133,32324
34296,42127,32263
34304,42142,32319
34096,42135,32240
33952,42104,32263
33932,42135,32281
33916,42110,32263
33792,42135,32325
33884,42126,32240
33860,42135,32285
33908,42087,32244
33926,42149,32248
33896,42135,32296
34128,42140,32256
34300,42155,32309
34268,42156,32244
34088,42084,32315
33836,42141,32245
33836,42147,32263
33916,42135,32221
34148,42137,32263
34232,42132,32232
34220,42126,32263
34172,42135,32229
34148,42117,32277
34072,42118,32224
34020,42112,32271
33976,42104,32203
33936,42109,32263
33976,42119,32192
33973,42083,32229
33960,42127,32197
34016,42124,32263
33940,42119,32164
33896,42104,32194
33872,42114,32142
33812,42073,32156
33730,42109,32132
33669,42106,32157
33616,42127,32184
33636,42132,32160
33648,42119,32204
33584,42119,32175
33476,42108,32228
33288,42094,32160
33352,42060,32196
33452,42103,32135
33276,42092,32217
33204,42093,32137
33232,42100,32180
33388,42093,32156
33441,42081,32137
33628,42044,32192
33692,42090,32124
33668,42072,32148
33645,42076,32120
33580,42055,32172
33512,42072,32102
33660,42076,32133
33612,42072,32117
33704,42077,32101
33852,42064,32111
33960,42020,32172
33760,42068,32117
33500,42052,32125
33164,42062,32135
32909,42044,32117
33064,42055,32143
33460,42038,32108
33504,42052,32117
33436,42049,32103
33480,42055,32093
33456,41991,32085
33416,42023,32141
33468,42020,32084
33436,41956,32096
33464,42013,32036
33392,41991,32036
33460,41991,32046
33540,42015,32044
33740,41988,32012
33844,42013,32072
33740,41991,32004
33824,41959,32000
33788,41988,32041
33496,41984,32016
33328,41978,31964
33468,41974,31973
33388,41991,32026
33344,41991,31918
33216,41991,31958
33200,41991,32007
33236,41985,31908
33332,41975,31911
33304,41980,31972
33362,41951,31909
33489,41960,31904
33444,41976,31928
33352,41991,31872
33212,41989,31852
33180,41988,31892
33220,41988,31852
33264,41940,31857
33112,41981,31814
32972,41976,31892
32816,41985,31785
32920,41980,31799
33120,41982,31804
33044,41977,31789
32880,41988,31801
33132,41991,31737
33656,41991,31750
34098,41991,31704
34344,42001,31708
34548,41991,31704
35052,42013,31712
35908,42023,31768
36568,42036,31644
37092,42063,31673
36688,42080,31655
35792,42092,31626
35712,42093,31629
36400,42094,31604
37406,42080,31682
38480,42085,31550
40068,42057,31545
40964,42037,31631
40148,42052,31516
38425,42055,31552
36461,42077,31472
34521,42053,31447
33053,42080,31397
32116,42058,31388
31664,42075,31340
31428,42055,31337
31328,42069,31388
31206,42053,31301
31052,42068,31359
31032,42004,31248
30980,42069,31305
31060,42061,31190
31094,42028,31231
31076,42065,31140
31112,42055,31096
31092,42059,31132
31140,41989,31076
31129,42052,31151
30988,42047,31021
30800,42015,31023
30620,42052,31042
30608,42038,30972
30732,42036,31055
30832,42055,30944
30780,42032,31005
30798,42032,30885
30878,42024,30869
30980,41977,30889
31008,42024,30876
30972,42013,30909
30944,42028,30838
31088,41991,30912
31076,42030,30805
31142,42023,30855
31212,42015,30764
31156,41964,30828
31096,42020,30700
31133,41991,30660
31056,42004,30703
30884,41957,30639
30812,42020,30685
31013,42007,30540
31044,42020,30575
31140,42004,30520
31076,42004,30612
31040,41991,30461
30980,41991,30444
30999,41960,30500
30980,41989,30416
31008,42007,30372
30856,42004,30428
30817,42008,30348
30948,41991,30420
31028,42002,30321
30989,41989,30295
30916,41989,30393
30792,41933,30280
30716,41988,30253
30724,41964,30356
30852,41973,30224
30956,41976,30245
30676,41960,30245
30536,41973,30188
30590,41956,30215
30608,41942,30301
30700,41967,30156
30826,41944,30205
30800,41956,30283
30752,41949,30167
30688,41972,30154
30784,41945,30126
30752,41975,30141
30726,41967,30272
30840,41969,30124
30928,41916,30148
30888,41961,30244
30824,41927,30135
30664,41936,30152
30580,41884,30098
30672,41926,30119
30652,41932,30097
30586,41925,30143
30520,41872,30239
30420,41919,30161
30564,41897,30258
30624,41895,30164
30648,41844,30244
30640,41887,30162
30620,41886,30277
30652,41876,30182
30596,41895,30176
30672,41884,30189
30800,41868,30210
30953,41872,30180
30972,41863,30296
30928,41847,30185
30944,41838,30237
30892,41840,30228
31024,41829,30230
30968,41832,30349
30904,41831,30249
31009,41836,30252
31072,41829,30337
31201,41817,30256
31480,41813,30274
31632,41813,30384
31660,41792,30297
31620,41792,30268
31600,41753,30392
31732,41801,30284
31860,41785,30284
31916,41788,30416
32096,41735,30283
32320,41788,30340
32468,41769,30350
32504,41772,30287
32660,41724,30324
32832,41733,30365
32840,41750,30365
32809,41761,30324
32972,41765,30311
33160,41767,30444
33400,41767,30304
33480,41764,30325
33424,41749,30424
33476,41735,30348
33710,41701,30356
33756,41716,30458
33676,41730,30356
33732,41692,30341
33948,41744,30412
33888,41735,30344
33880,41726,30378
33880,41735,30392
33852,41719,30460
33917,41721,30342
33825,41709,30396
33708,41716,30492
33460,41663,30361
33452,41719,30369
33552,41718,30499
33592,41711,30394
33708,41676,30383
33752,41725,30464
33760,41705,30421
33832,41709,30413
33784,41701,30373
33741,41703,30397
33756,41700,30483
33686,41701,30437
33629,41703,30452
33664,41705,30394
33736,41703,30436
33816,41700,30453
33856,41701,30404
33720,41660,30437
33676,41679,30513
33744,41685,30445
33596,41678,30462
33440,41676,30438
33424,41689,30458
33500,41672,30581
33740,41675,30501
33804,41623,30505
33632,41680,30559
33584,41677,30525
33576,41618,30620
33377,41670,30550
33436,41650,30621
33548,41664,30536
33640,41668,30581
33544,41676,30591
33556,41663,30685
33592,41665,30588
33704,41660,30588
33653,41644,30714
33700,41580,30640
33752,41629,30716
33856,41622,30632
33640,41620,30684
33644,41601,30637
33584,41633,30695
33592,41607,30785
33672,41607,30692
33588,41604,30714
33672,41604,30753
33604,41596,30714
33400,41556,30709
33272,41602,30793
33208,41607,30721
33248,41559,30724
33348,41617,30754
33272,41608,30748
33348,41604,30727
33340,41607,30803
33292,41589,30829
33209,41607,30705
33220,41607,30739
33308,41596,30805
33308,41596,30703
33256,41607,30717
33252,41616,30774
33272,41607,30745
33365,41564,30720
33388,41607,30816
33300,41604,30709
33268,41569,30700
33159,41588,30800
33028,41596,30696
32868,41607,30676
32804,41607,30772
32912,41597,30660
33028,41612,30650
33008,41601,30761
33056,41588,30620
32824,41598,30655
32984,41600,30631
32996,41607,30681
32952,41591,30599
33068,41612,30629
33092,41628,30612
33076,41617,30642
33088,41613,30606
33144,41608,30604
33061,41602,30670
32928,41607,30532
32957,41591,30572
33113,41580,30616
32968,41551,30513
32925,41577,30556
32976,41592,30568
33025,41576,30493
33044,41588,30511
33172,41537,30497
33324,41580,30598
33264,41580,30500
33217,41529,30480
33080,41580,30580
32958,41567,30505
32844,41568,30534
32856,41588,30484
32856,41588,30468
32848,41581,30437
32896,41564,30565
32844,41537,30460
32713,41573,30438
32716,41573,30452
32505,41565,30530
32644,41565,30420
32568,41581,30439
32556,41581,30377
32429,41588,30412
32468,41581,30372
32620,41583,30484
32618,41572,30344
32520,41574,30391
32636,41559,30348
32836,41549,30421
32840,41552,30436
32940,41508,30313
32852,41561,30309
32664,41544,30345
32677,41556,30310
32932,41517,30391
33052,41550,30264
33016,41540,30300
33124,41547,30233
33196,41523,30272
33124,41524,30285
33048,41532,30240
33132,41479,30255
33208,41521,30223
33164,41508,30300
33096,41479,30197
33008,41479,30205
32868,41505,30262
32768,41479,30188
32736,41477,30220
32584,41432,30177
32812,41444,30269
32924,41455,30164
32800,41455,30168
32644,41439,30277
32925,41437,30150
32900,41439,30198
32936,41415,30181
32920,41364,30268
32892,41405,30180
32756,41391,30200
32945,41383,30144
33188,41396,30155
33196,41388,30244
33184,41383,30168
33324,41378,30201
33308,41378,30129
33252,41368,30141
33220,41362,30236
33296,41359,30146
33228,41367,30136
33068,41344,30194
33000,41351,30148
32960,41340,30241
33152,41351,30132
33244,41351,30134
33120,41316,30181
33076,41333,30132
32945,41308,30213
32840,41312,30096
32796,41317,30079
32560,41308,30145
32285,41313,30085
32316,41316,30168
32500,41312,30076
32724,41303,30142
32502,41309,30021
32560,41300,30036
33040,41305,30044
33388,41292,30009
33608,41310,30085
33688,41327,29964
33892,41332,30008
34320,41320,29932
35124,41344,29936
36164,41334,30017
36016,41343,29923
34780,41360,29927
34460,41366,29872
35601,41344,29896
36960,41345,29980
38192,41332,29865
39696,41314,29846
40876,41311,29892
40140,41295,29856
38348,41316,29844
36285,41316,29876
34433,41324,29792
32953,41280,29844
32008,41326,29701
31397,41328,29692
30888,41336,29740
30624,41343,29681
30557,41334,29676
30640,41335,29574
30828,41332,29602
30936,41314,29628
31104,41327,29504
31032,41319,29503
30856,41305,29604
30672,41284,29431
30808,41324,29422
30928,41319,29532
30952,41270,29377
30912,41320,29365
30884,41322,29391
30764,41262,29358
30892,41316,29375
30964,41308,29295
30868,41303,29274
31044,41252,29377
31004,41318,29230
30636,41296,29208
30608,41300,29312
30853,41312,29143
30864,41308,29132
30913,41313,29172
30900,41253,29133
31056,41305,29158
30989,41300,29028
30700,41248,29039
30920,41293,29140
31188,41292,28999
31148,41301,29005
31170,41251,28914
31260,41298,28926
31456,41279,28856
31348,41281,28862
31220,41253,28952
31088,41293,28858
31060,41284,28940
30976,41241,28775
30944,41313,28832
31040,41311,28728
31076,41319,28812
31088,41302,28687
31093,41276,28751
30772,41318,28624
30734,41292,28649
30928,41296,28597
30888,41301,28615
30786,41317,28744
30864,41329,28623
30876,41324,28701
30740,41335,28524
30708,41337,28564
30618,41324,28676
30816,41329,28545
30916,41288,28633
30760,41301,28526
30640,41348,28508
30592,41351,28532
30572,41309,28525
30676,41356,28627
30737,41366,28532
30968,41366,28586
30973,41373,28481
30972,41377,28525
30976,41316,28464
30864,41359,28560
30664,41360,28510
30726,41382,28577
30800,41369,28484
30766,41381,28558
30846,41348,28485
31048,41332,28500
31188,41357,28526
30920,41367,28631
30812,41319,28487
31056,41366,28544
31258,41367,28464
31106,41351,28508
30960,41352,28476
30944,41373,28505
31092,41350,28545
31152,41356,28560
31140,41351,28582
31256,41350,28516
31200,41343,28551
31108,41345,28505
31344,41340,28580
31320,41344,28670
31396,41292,28575
31404,41351,28679
31410,41351,28609
31556,41332,28724
31693,41340,28625
31664,41333,28688
31560,41341,28626
31460,41332,28736
31508,41338,28623
31697,41335,28660
31728,41302,28593
31800,41351,28646
31848,41342,28780
32184,41340,28679
32385,41324,28792
32457,41330,28680
32576,41333,28709
32564,41324,28661
32636,41337,28639
32689,41286,28682
32712,41348,28655
32844,41348,28724
32960,41340,28695
33294,41336,28737
33268,41336,28672
33232,41345,28809
33324,41343,28708
33328,41336,28821
33352,41341,28721
33412,41350,28745
33344,41362,28840
33284,41319,28734
33412,41364,28852
33504,41368,28725
33636,41360,28734
33536,41359,28823
33472,41351,28730
33532,41351,28747
33628,41351,28828
33360,41364,28783
33438,41364,28924
33740,41364,28831
33804,41365,28833
33816,41316,28823
33748,41335,28795
33645,41351,28857
33788,41345,28817
33877,41341,28860
33784,41340,28904
33812,41348,28864
33940,41351,28935
33652,41324,28905
33608,41365,29038
33644,41358,28956
33700,41348,29060
33704,41344,28959
33712,41319,28964
33674,41317,28957
33668,41337,29086
33664,41359,29008
33676,41372,29112
33672,41364,29029
33840,41369,29145
33824,41365,29043
33840,41368,29142
33888,41360,29031
33679,41351,29046
33692,41383,29159
33708,41381,29100
33736,41373,29206
33668,41391,29116
33444,41402,29156
33628,41405,29084
33813,41368,29082
33696,41396,29117
33748,41385,29116
33844,41399,29188
33756,41404,29175
33896,41351,29281
34004,41413,29190
34029,41418,29298
33880,41423,29205
33856,41428,29213
33872,41439,29156
33764,41433,29191
33992,41412,29201
33964,41425,29321
33932,41419,29236
34092,41397,29349
34056,41405,29255
33854,41457,29309
33724,41461,29234
33868,41456,29225
33852,41440,29364
33736,41462,29255
33588,41413,29300
33712,41473,29252
33812,41455,29287
33612,41476,29316
33424,41479,29325
33614,41500,29335
33700,41467,29297
33876,41511,29278
34013,41512,29364
34108,41510,29356
34036,41512,29345
33986,41503,29329
34020,41509,29322
34054,41518,29404
34048,41528,29319
34012,41504,29453
34096,41550,29364
34080,41543,29471
34212,41553,29348
34272,41553,29351
34260,41559,29320
34264,41564,29374
34292,41560,29308
34268,41553,29295
34356,41570,29303
34477,41554,29421
34388,41586,29332
34460,41589,29406
34572,41572,29317
34472,41583,29284
34370,41585,29266
34480,41572,29250
34504,41599,29276
34506,41596,29412
34360,41602,29312
34661,41616,29400
34584,41591,29292
34472,41590,29209
34480,41624,29343
34356,41636,29292
34208,41636,29376
34248,41639,29278
34208,41641,29279
34092,41639,29252
34224,41653,29216
34240,41660,29314
34116,41671,29253
34048,41676,29373
34168,41653,29256
34120,41689,29372
34084,41671,29268
34420,41670,29380
34457,41685,29255
34372,41645,29253
34072,41695,29188
33936,41700,29212
34080,41696,29349
34282,41705,29249
34552,41716,29312
34628,41703,29244
34752,41700,29317
34448,41697,29226
34316,41708,29332
34304,41697,29199
34320,41716,29263
34400,41718,29183
34320,41735,29180
34444,41701,29144
34460,41728,29156
34397,41725,29240
34452,41724,29191
34417,41716,29284
34372,41721,29172
34272,41689,29255
34348,41735,29188
34440,41735,29268
34486,41732,29182
34440,41735,29268
34320,41745,29176
34244,41735,29272
34212,41700,29148
34280,41744,29222
34324,41742,29126
34404,41735,29092
34204,41750,29132
34172,41759,29108
34128,41767,29168
34020,41767,29130
34220,41728,29220
34372,41767,29141
34372,41759,29256
34384,41751,29153
34440,41748,29285
34452,41767,29116
34464,41751,29133
34348,41761,29154
34212,41786,29172
34112,41769,29222
34144,41790,29116
34120,41783,29177
34084,41773,29286
33896,41761,29185
33696,41765,29300
33620,41769,29169
33568,41716,29300
33448,41780,29200
33468,41780,29218
33444,41764,29144
33486,41770,29159
33564,41789,29134
33804,41780,29170
34084,41749,29221
34132,41765,29190
34188,41818,29297
34456,41799,29225
35260,41789,29165
36116,41846,29191
36756,41879,29166
36248,41881,29273
35424,41900,29228
35520,41900,29348
36736,41893,29234
38160,41879,29224
39532,41885,29217
41140,41852,29177
41696,41849,29245
40752,41853,29337
39024,41868,29220
37116,41876,29234
35196,41872,29184
33940,41876,29225
33176,41863,29247
32620,41864,29150
32292,41873,29164
32144,41836,29290
32120,41823,29180
32236,41821,29283
32344,41833,29125
32281,41844,29137
32252,41847,29220
32204,41870,29108
32188,41844,29092
32172,41849,29236
32266,41853,29124
32088,41847,29228
32014,41858,29109
31960,41863,29148
32112,41812,29024
32316,41812,29041
32244,41801,29012
32244,41799,29021
32192,41823,29096
32120,41796,29018
32081,41836,29048
31932,41858,29001
31900,41863,28965
32052,41861,28999
32212,41861,28951
32136,41856,28980
32061,41853,28921
32172,41852,28936
32180,41807,28880
32096,41804,28900
32068,41847,28940
32036,41855,28860
31913,41855,28852
32004,41863,28901
32172,41860,28849
32256,41815,28848
32324,41863,28740
32340,41852,28772
32329,41852,28894
32228,41853,28708
32228,41833,28704
32112,41863,28836
32248,41860,28665
32376,41863,28678
32280,41863,28648
32276,41863,28684
32256,41855,28663
32294,41848,28757
32196,41861,28620
32244,41846,28732
32168,41850,28584
32200,41852,28696
32260,41804,28572
32265,41838,28551
32232,41869,28468
32148,41863,28492
32092,41852,28494
32120,41852,28532
31901,41855,28557
31800,41855,28476
31996,41852,28476
32040,41862,28397
32008,41879,28438
32056,41860,28591
32156,41860,28428
32160,41871,28473
32132,41871,28404
32096,41863,28512
32128,41845,28439
32104,41855,28493
32064,41857,28412
32012,41860,28420
31876,41862,28364
31962,41870,28375
32218,41821,28412
32316,41820,28508
32212,41857,28340
32144,41860,28423
32256,41818,28346
32377,41829,28417
32388,41863,28320
32301,41868,28460
32392,41877,28351
32344,41879,28480
32333,41877,28388
32480,41879,28364
32668,41839,28423
32825,41823,28370
32720,41863,28310
32716,41861,28324
32716,41861,28324
32740,41861,28471
32796,41820,28353
32908,41839,28466
33048,41855,28309
33116,41836,28284
33168,41807,28433
33240,41871,28280
33344,41844,28357
33409,41852,28280
33448,41849,28327
33440,41863,28317
33377,41877,28376
33584,41868,28324
33785,41864,28267
33924,41842,28325
33956,41872,28254
34177,41863,28318
34172,41848,28262
33936,41848,28333
33832,41853,28261
33936,41857,28449
34136,41863,28288
34300,41871,28262
34368,41862,28318
34584,41860,28264
34669,41845,28295
34657,41844,28287
34548,41838,28295
34528,41825,28260
34494,41836,28349
34556,41837,28272
34528,41844,28308
34360,41853,28368
34548,41812,28334
34736,41813,28438
34896,41841,28348
34796,41844,28367
34708,41845,28332
34836,41828,28396
34808,41824,28317
34548,41831,28344
34540,41844,28407
34701,41839,28359
34860,41791,28287
34984,41807,28455
35028,41807,28358
34908,41831,28504
34732,41828,28386
34700,41812,28375
34652,41828,28376
34588,41839,28359
34688,41824,28412
34656,41829,28316
34670,41836,28356
34636,41798,28319
34568,41839,28345
34585,41820,28516
34566,41816,28359
34568,41784,28500
34692,41799,28388
34605,41823,28477
34616,41812,28322
34544,41820,28428
34568,41828,28337
34800,41824,28408
34908,41816,28312
34712,41774,28462
34412,41812,28349
34500,41812,28311
34496,41813,28300
34536,41820,28268
34632,41816,28316
34452,41812,28265
34349,41820,28309
34472,41812,28283
34472,41820,28432
34400,41814,28338
34505,41801,28462
34549,41792,28353
34564,41804,28448
34460,41799,28332
34305,41808,28373
34104,41804,28329
34312,41800,28455
34636,41800,28357
34668,41806,28271
34600,41789,28317
34556,41791,28399
34576,41791,28319
34552,41792,28292
34416,41800,28430
34444,41804,28348
34272,41805,28383
34071,41759,28301
34116,41792,28343
34377,41791,28303
34220,41768,28389
34012,41748,28335
34232,41797,28445
34344,41797,28393
34424,41802,28519
34332,41808,28411
34289,41808,28527
34320,41812,28391
34272,41812,28405
34220,41812,28364
34360,41788,28345
34356,41796,28453
34112,41791,28399
34048,41767,28449
34080,41748,28393
33924,41761,28510
33996,41753,28365
34096,41809,28377
34332,41799,28508
34324,41788,28368
34364,41782,28319
34352,41784,28428
34260,41781,28404
34236,41780,28484
34060,41789,28348
33976,41780,28309
33904,41789,28387
33712,41792,28308
33796,41748,28371
33868,41777,28365
33880,41735,28492
33932,41716,28358
33924,41748,28384
33813,41719,28340
33660,41768,28484
33585,41780,28345
33608,41773,28437
33668,41768,28334
33744,41761,28370
33732,41769,28246
33812,41752,28278
33604,41751,28225
33604,41748,28312
33704,41753,28233
33800,41749,28337
33656,41724,28213
33580,41733,28364
33856,41745,28245
34044,41764,28345
33792,41761,28182
33693,41756,28271
33772,41743,28146
33820,41741,28196
33829,41734,28121
33948,41748,28196
33888,41748,28108
33876,41753,28148
33844,41753,28101
33792,41759,28144
33842,41735,28291
33850,41735,28112
33808,41728,28129
33884,41709,28151
33804,41682,28167
33860,41672,28148
33984,41687,28112
33692,41735,28284
33445,41743,28108
33640,41735,28108
33904,41732,28158
33908,41720,28161
33932,41727,28184
33925,41716,28127
33896,41724,28137
33884,41724,28133
34028,41721,28078
34184,41727,28205
34168,41724,28140
34172,41680,28237
34212,41680,28176
34168,41674,28312
34236,41684,28189
34200,41708,28318
34068,41708,28143
34064,41708,28167
34054,41713,28208
34004,41712,28201
34161,41721,28312
34132,41724,28232
33924,41725,28212
33876,41689,28214
33773,41697,28244
33696,41704,28215
33584,41713,28192
33336,41700,28327
33380,41708,28196
33652,41709,28192
33840,41700,28348
33904,41708,28165
33876,41705,28188
33937,41701,28258
34136,41705,28234
34488,41711,28182
34764,41720,28234
34752,41735,28223
35304,41751,28300
36072,41760,28357
36812,41784,28226
36680,41804,28297
35884,41805,28268
35868,41820,28337
37016,41804,28276
38310,41765,28293
39572,41776,28420
40760,41783,28260
41792,41765,28298
41224,41769,28436
39692,41776,28261
37989,41764,28305
36360,41793,28368
35044,41783,28253
34188,41787,28329
33572,41780,28455
33364,41768,28267
33372,41780,28289
33276,41783,28446
33308,41783,28271
33382,41780,28332
33424,41758,28357
33529,41774,28245
33420,41761,28273
33500,41756,28325
33532,41708,28324
33420,41748,28399
33500,41735,28234
33532,41750,28272
33488,41757,28428
33636,41725,28221
33656,41724,28289
33544,41725,28316
33502,41705,28400
33662,41668,28212
33645,41697,28272
33492,41678,28234
33344,41633,28356
33256,41681,28279
33252,41676,28192
33472,41681,28246
33524,41663,28192
33568,41668,28340
33676,41613,28232
33644,41645,28129
33392,41628,28175
33572,41612,28284
33592,41583,28117
33552,41623,28092
33581,41631,28232
33640,41631,28004
33604,41627,28092
33641,41581,28080
33544,41623,27968
33608,41596,28039
33624,41599,28132
33600,41584,27973
33504,41595,27988
33712,41592,27979
34010,41601,28114
34008,41602,27925
33960,41592,27931
33749,41599,28057
33788,41594,28044
33680,41599,27884
33809,41549,27968
33884,41585,28009
33860,41572,28105
33800,41589,28031
33800,41575,28097
33832,41582,28007
33744,41572,27911
33840,41582,27910
33856,41567,27940
33985,41564,28015
33944,41557,28010
33844,41508,28014
33929,41556,27941
33740,41556,28041
33720,41561,28079
33621,41548,28095
33944,41500,27991
34112,41543,28080
34045,41528,28104
33980,41536,28217
34176,41533,28117
34392,41529,28046
34360,41532,28117
34260,41508,28087
34176,41548,28159
34336,41547,28250
34540,41540,28073
34464,41540,28149
34548,41537,28230
34260,41514,28135
34648,41525,28158
34836,41540,28174
34692,41500,28113
34528,41556,28157
34608,41549,28204
34808,41545,28205
34874,41541,28185
34924,41546,28324
34936,41541,28209
34908,41527,28216
35028,41525,28196
35076,41511,28340
35016,41548,28260
34744,41532,28276
34556,41508,28254
34800,41551,28255
35108,41550,28304
35208,41551,28309
35116,41534,28312
35144,41527,28423
35408,41479,28279
35600,41526,28340
35604,41521,28342
35760,41537,28486
35858,41493,28318
35912,41541,28397
35988,41538,28476
36168,41548,28520
36244,41532,28439
36380,41479,28422
36333,41532,28572
36324,41527,28524
36408,41538,28467
36296,41543,28493
36348,41524,28609
36432,41553,28480
36588,41544,28548
36620,41544,28611
36832,41548,28529
36797,41548,28604
36860,41536,28652
36960,41532,28669
36860,41538,28629
36852,41552,28679
37069,41559,28657
37064,41564,28825
37116,41533,28666
37162,41556,28728
37000,41555,28828
36936,41567,28789
36716,41550,28783
36780,41557,28785
36808,41564,28908
36856,41568,28872
36808,41550,28837
36944,41583,28849
36841,41580,28976
36724,41581,28860
36644,41583,28941
36724,41583,28985
36896,41576,28916
36952,41583,28992
36852,41544,29022
36696,41583,29095
37024,41607,28992
37160,41598,29023
37173,41600,29134
36776,41600,29085
36560,41591,29076
36692,41588,29101
36808,41590,29118
36848,41573,29176
36720,41581,29145
36584,41589,29128
36640,41565,29217
36712,41588,29110
36701,41604,29174
36728,41602,29196
36868,41592,29281
37016,41602,29142
36780,41604,29212
36712,41605,29182
36668,41606,29240
36631,41604,29322
36540,41622,29191
36808,41613,29264
36928,41631,29237
36893,41649,29236
36680,41655,29268
36588,41660,29396
36784,41651,29225
36680,41663,29319
36412,41663,29410
36340,41681,29383
36352,41681,29287
36348,41688,29314
36492,41694,29334
36360,41693,29460
36200,41693,29407
36196,41692,29353
36388,41697,29416
36278,41687,29413
36140,41671,29549
36008,41717,29388
36146,41725,29457
36216,41728,29461
36260,41749,29444
36205,41735,29517
36266,41729,29600
35988,41741,29620
35772,41743,29549
35868,41732,29467
36068,41708,29481
35808,41765,29500
35708,41764,29646
35604,41778,29478
35876,41775,29545
35780,41772,29533
35805,41764,29565
35884,41761,29633
35792,41777,29542
35776,41775,29608
35892,41769,29496
35740,41789,29534
35664,41804,29665
35696,41806,29570
35781,41802,29668
35680,41791,29509
35781,41807,29524
35716,41804,29615
35505,41820,29572
35476,41807,29629
35520,41772,29541
35529,41825,29546
35517,41829,29692
35460,41784,29572
35416,41829,29565
35432,41840,29692
35568,41831,29604
35236,41832,29693
35124,41840,29559
35222,41847,29625
35112,41852,29621
34936,41848,29633
34832,41844,29608
34972,41863,29612
35104,41829,29669
35128,41855,29636
35048,41827,29620
35156,41855,29732
35212,41822,29604
35140,41860,29602
34964,41868,29665
35000,41881,29638
35076,41880,29757
35146,41850,29665
35068,41879,29714
34997,41884,29604
34884,41870,29632
34916,41876,29668
34984,41884,29709
35185,41872,29663
35200,41884,29660
34760,41900,29766
34536,41908,29680
34558,41863,29692
34872,41917,29724
35040,41908,29743
35008,41869,29776
34980,41903,29822
35080,41908,29764
35008,41917,29737
34965,41908,29884
35012,41887,29749
35045,41919,29797
34860,41879,29823
34968,41940,29848
35048,41934,29885
35296,41909,29840
35204,41932,29829
35144,41928,29959
35148,41944,29818
35200,41936,29890
34928,41937,29935
34940,41959,29849
35200,41965,29912
35000,41921,29878
35017,41962,30029
35144,41962,29876
35528,41961,29949
35584,41968,29931
35412,41979,29956
35264,41972,30026
35260,41989,29937
35312,41991,29935
35544,41991,30010
35257,41991,30037
34997,41972,29935
34973,41991,29964
35032,42005,29988
35008,42005,30092
35008,42007,29972
35048,42020,29960
35266,42036,30082
35521,42040,30009
35720,42024,30000
35632,42072,29959
35804,42079,30025
36000,42063,30105
36576,42111,30056
37308,42119,30061
37384,42148,30040
36556,42160,30180
36108,42176,30036
36516,42188,30078
37804,42166,30188
39400,42180,30062
41044,42173,30108
42612,42157,30224
42588,42147,30164
41142,42149,30173
39088,42167,30237
37200,42148,30176
35781,42188,30189
34920,42185,30231
34364,42185,30148
34100,42204,30157
34000,42194,30276
34076,42180,30136
34236,42188,30156
34256,42180,30215
33972,42193,30154
33568,42196,30144
33536,42189,30282
33736,42196,30117
33836,42156,30188
33972,42218,30180
34092,42206,30284
34128,42185,30152
33884,42209,30153
33844,42208,30289
34012,42215,30244
33892,42183,30133
33888,42220,30153
33816,42247,30181
33964,42256,30158
34104,42247,30274
34132,42260,30165
34056,42252,30146
34208,42213,30181
34280,42247,30145
34252,42247,30264
33984,42279,30144
33893,42292,30101
33824,42294,30137
34012,42260,30184
34256,42280,30188
34400,42301,30060
34516,42293,30086
34676,42292,30047
34724,42302,30164
34580,42292,30007
34417,42278,30020
34352,42301,30018
34356,42282,30073
34376,42324,29952
34476,42324,29992
34380,42327,29949
34277,42332,29968
34296,42325,29931
34264,42328,29892
34336,42341,30004
34252,42353,29845
34164,42359,29884
34120,42364,29855
34009,42372,29973
34012,42380,29844
34176,42391,29833
34232,42375,29948
34264,42328,29786
34172,42375,29801
34412,42397,29922
34464,42381,29772
34510,42423,29792
34408,42436,29884
34392,42397,29770
34492,42448,29843
34528,42460,29869
34597,42468,29858
34584,42462,29857
34488,42434,29926
34692,42484,29804
34646,42502,29818
34430,42496,29967
34712,42556,29853
34912,42575,29844
35032,42583,29816
35008,42569,29866
35124,42597,29836
35068,42607,29876
34900,42591,29898
34996,42629,29903
35076,42652,29932
34997,42644,29909
35072,42682,29892
35352,42685,29906
35421,42700,29974
35332,42702,29876
35296,42741,29953
35484,42728,29916
35712,42742,30039
35672,42753,29903
35624,42724,29972
35896,42784,29932
36080,42797,30087
36016,42811,30067
36180,42823,29942
36357,42829,29997
36444,42830,30020
36381,42799,30052
36432,42848,29965
36400,42855,29989
36328,42863,30129
36476,42876,29975
36700,42858,30039
36864,42889,30025
37156,42919,30061
37280,42917,30180
37268,42928,30013
37254,42949,30085
37340,42951,30134
37524,42932,30161
37700,42973,30045
37412,42996,30118
37336,43015,30100
37516,43007,30149
37672,43029,30270
37720,43037,30091
37864,43052,30103
37864,43038,30119
37728,43015,30194
37860,43060,30224
38048,43079,30327
37880,43072,30239
37868,43097,30161
37912,43104,30252
38064,43101,30239
38156,43119,30304
38184,43124,30360
38144,43105,30274
38208,43116,30260
38292,43127,30272
38112,43129,30445
38108,43143,30308
37784,43167,30328
37816,43172,30445
37788,43181,30308
37944,43175,30380
37864,43169,30460
38028,43183,30394
38044,43165,30425
37920,43184,30405
37936,43197,30568
38088,43204,30428
38060,43229,30462
37904,43239,30521
37832,43220,30439
37780,43247,30519
37420,43240,30532
37172,43253,30573
37528,43207,30565
37524,43254,30535
37304,43252,30604
37113,43271,30580
37236,43253,30552
37564,43286,30668
37376,43271,30628
37228,43317,30575
37440,43316,30604
37312,43326,30564
37096,43328,30596
37048,43329,30693
36896,43328,30614
36684,43345,30623
36700,43351,30740
36722,43369,30672
36488,43366,30669
36792,43340,30705
36885,43365,30673
36812,43365,30693
36540,43367,30756
36508,43380,30832
36548,43391,30676
36328,43392,30742
36421,43391,30713
36480,43393,30871
36340,43390,30716
36460,43387,30743
36436,43375,30898
36424,43372,30751
36172,43372,30776
35953,43340,30881
35988,43377,30826
35864,43380,30807
35816,43396,30916
35960,43339,30781
36018,43380,30832
35872,43390,30865
35808,43384,30847
35968,43380,30832
36148,43345,30965
35848,43380,30823
35624,43348,30881
35640,43391,30846
35600,43377,31005
35692,43407,30881
35624,43429,30861
35744,43416,30868
35704,43425,31005
35664,43421,30873
35348,43421,30884
35296,43431,30977
35108,43440,31005
35116,43438,30892
34852,43444,30892
34908,43439,31024
35037,43404,30894
35296,43444,30900
35208,43420,30918
35192,43439,31028
35252,43444,30864
35210,43434,30920
35096,43454,30928
34932,43460,30876
34732,43431,30864
34668,43472,30884
34488,43444,30887
34436,43487,30990
34488,43461,30820
34424,43489,30877
34326,43468,30816
34256,43503,30884
34380,43527,30941
34272,43523,30776
34232,43521,30788
34208,43543,30823
34096,43556,30798
33952,43556,30770
33765,43552,30804
33632,43527,30869
33744,43552,30685
33588,43580,30664
33488,43525,30644
33728,43585,30642
33700,43592,30669
33700,43600,30676
33830,43604,30637
33980,43565,30628
33840,43614,30751
33756,43591,30658
33716,43616,30528
33736,43633,30581
33684,43633,30569
33504,43652,30672
33412,43645,30598
33461,43656,30462
33508,43655,30532
33448,43661,30497
33452,43668,30592
33332,43676,30604
33092,43673,30436
32966,43692,30436
32984,43688,30460
32684,43701,30413
32516,43676,30512
32500,43708,30428
32682,43660,30414
32700,43705,30392
32636,43735,30376
32684,43735,30420
32508,43741,30492
32325,43685,30513
32212,43744,30396
32224,43754,30319
32020,43761,30392
31824,43728,30431
31704,43775,30401
31704,43736,30313
31664,43783,30393
31473,43788,30372
31472,43780,30504
31360,43783,30311
31349,43783,30372
31328,43805,30337
31240,43815,30494
31220,43812,30304
31300,43801,30359
31420,43777,30468
31208,43800,30294
30777,43765,30359
30736,43807,30350
30896,43816,30308
30748,43756,30407
30685,43816,30420
30645,43796,30280
30466,43832,30340
30426,43845,30373
30468,43836,30348
30432,43855,30309
30400,43860,30311
30744,43857,30479
30922,43860,30293
30968,43884,30335
30964,43901,30505
31320,43911,30316
31944,43937,30364
32612,43943,30481
32980,43976,30325
32296,43940,30416
31396,44008,30421
31504,44005,30548
32746,44028,30350
34242,43983,30444
35480,44039,30470
37248,44024,30555
37764,44012,30384
36756,43989,30457
34904,44034,30453
32997,44039,30581
31552,44032,30384
30216,44039,30437
29380,44038,30455
28872,44039,30471
28484,44039,30574
28317,44065,30376
28400,44068,30452
28474,44073,30418
28384,44083,30468
28220,44070,30485
28308,44081,30377
28020,44071,30448
28120,44012,30455
28152,44071,30516
28092,44007,30357
28194,44069,30437
28254,44030,30412
28301,44090,30572
28160,44084,30428
28062,44081,30367
27900,44081,30463
27920,44084,30471
27740,44086,30383
27830,44063,30477
27900,44089,30588
27828,44053,30381
27768,44108,30471
27876,44039,30500
27956,44128,30528
27984,44085,30429
27996,44137,30433
27908,44135,30561
28004,44134,30513
28005,44135,30367
27781,44148,30442
27848,44073,30391
27984,44132,30536
27832,44093,30311
27844,44132,30388
28076,44148,30388
27620,44157,30248
27676,44141,30321
27452,44137,30290
27340,44145,30176
27298,44167,30260
27172,44157,30189
27108,44167,30327
27268,44167,30138
27096,44148,30112
26944,44077,30190
27029,44159,30068
26606,44149,30040
26261,44152,30075
26616,44148,29916
26692,44160,29959
26516,44167,29895
26412,44180,29932
26584,44175,29792
26757,44149,29816
26664,44156,29823
26832,44183,29657
26808,44189,29742
26496,44190,29660
26552,44197,29789
26602,44183,29535
26592,44159,29583
26640,44207,29553
26824,44185,29573
27020,44214,29533
26924,44204,29532
26785,44204,29569
26828,44201,29340
26665,44204,29397
26788,44196,29373
26996,44156,29261
27056,44188,29336
26704,44213,29285
26404,44227,29433
26720,44197,29202
27000,44215,29229
26820,44215,29317
27044,44209,29212
27104,44201,29147
27060,44212,29200
26940,44214,29140
26920,44223,29199
27025,44237,29178
26982,44236,29021
27080,44234,29068
26869,44205,29092
26820,44212,29207
27210,44152,28975
27468,44229,29071
27432,44164,29045
27448,44238,29178
27344,44188,28991
27273,44251,28940
27505,44253,28999
27824,44253,28984
27936,44220,28986
27749,44239,29105
27805,44168,28858
27836,44240,28948
27720,44244,28943
27824,44261,29073
27817,44253,28856
27920,44269,28830
28188,44261,28878
28436,44252,28916
28424,44167,28916
28160,44245,28876
28480,44180,28914
28656,44252,29007
28716,44239,28789
28648,44204,28870
29208,44238,28880
29384,44225,28868
29072,44247,28900
29164,44255,28932
29468,44237,29006
29480,44204,28969
29056,44181,28908
29380,44236,28956
29568,44231,28796
29404,44176,28857
29256,44246,28951
29369,44260,28933
29476,44256,28924
29440,44264,29020
29541,44255,28996
29572,44263,28852
29752,44256,28901
29484,44237,28918
29409,44191,28984
29304,44233,29028
29589,44205,29012
29664,44245,29010
29612,44237,29085
29548,44255,29060
29820,44233,29152
30212,44197,29217
30021,44246,29194
29760,44255,29012
29764,44192,29024
29697,44238,29161
29576,44239,29128
29560,44258,29316
29340,44260,29089
29308,44269,29097
29320,44233,29165
29536,44256,29245
29532,44252,29249
29612,44192,29229
29716,44255,29380
29596,44212,29185
29552,44276,29300
29634,44264,29268
29864,44258,29285
29668,44201,29359
29384,44242,29432
29288,44191,29310
29408,44237,29253
29348,44180,29360
29485,44232,29350
29550,44228,29480
29556,44236,29357
29604,44196,29345
29400,44262,29441
29361,44241,29480
29592,44248,29604
29456,44233,29391
29372,44228,29460
29524,44224,29637
29224,44181,29413
28856,44233,29457
29144,44176,29549
29518,44233,29532
29649,44188,29594
29812,44239,29652
29764,44249,29714
29640,44233,29519
29812,44234,29556
29680,44167,29632
29328,44247,29630
29152,44213,29676
29240,44245,29802
29580,44268,29575
29700,44253,29658
29788,44258,29696
29894,44234,29703
29916,44239,29804
29772,44167,29824
29666,44223,29718
29432,44231,29646
29312,44221,29741
29680,44241,29757
29624,44189,29730
29504,44217,29839
28992,44172,29680
29300,44209,29733
29788,44212,29796
29952,44213,29796
29848,44185,29932
29740,44204,29726
29580,44188,29844
29320,44225,29833
29372,44208,29870
29612,44209,29852
29808,44204,29820
29856,44185,29975
29657,44192,30008
29216,44189,29781
29420,44180,29849
29345,44188,29908
29500,44192,29887
29468,44181,29884
29501,44181,29901
29536,44167,29914
29772,44175,29999
30072,44157,29966
29948,44165,29837
29892,44145,29927
29776,44127,29918
29390,44140,29895
29378,44154,29940
29880,44156,29924
29760,44119,29902
29812,44135,29897
29832,44119,30052
29504,44148,29888
29552,44141,29888
29508,44140,29900
29528,44121,30061
29664,44141,29845
29626,44143,29940
29688,44081,29917
29624,44164,30024
29924,44156,29889
30316,44133,29908
30528,44160,29965
30320,44143,29860
29768,44081,29905
29814,44152,30040
29916,44135,29844
29988,44141,29876
30108,44142,30009
29993,44151,29849
30081,44125,29865
30180,44159,29929
30280,44162,29945
30268,44164,29806
30188,44144,29869
30188,44149,30004
30084,44157,29788
30124,44136,29900
30176,44148,29961
30468,44164,29809
30536,44151,29910
30232,44092,30022
30277,44159,29821
30876,44144,29925
30760,44148,29895
30348,44143,30007
30184,44077,29837
30286,44146,29952
30120,44142,30036
30176,44153,29948
30446,44137,29964
30524,44150,29898
30576,44141,29959
30567,44093,29929
30364,44136,29951
30264,44124,29940
30340,44132,30002
30460,44143,30096
30296,44144,29927
30464,44133,29964
30368,44145,30132
30616,44138,29951
30820,44091,29980
30528,44111,30148
30616,44125,30000
30425,44132,30088
30116,44108,30025
29856,44124,30141
29868,44116,30018
29728,44143,30096
29910,44128,29985
29880,44103,30076
29828,44112,30170
29624,44055,30058
29796,44117,30126
30200,44060,30160
30384,44129,30053
30540,44127,30167
30332,44153,30180
30816,44098,30248
31632,44158,30205
32360,44127,30218
32644,44176,30306
31804,44143,30192
30892,44189,30224
31216,44150,30317
32361,44213,30203
33584,44218,30312
35108,44221,30322
36668,44205,30379
37284,44187,30356
36332,44191,30381
35012,44167,30290
33328,44188,30388
31677,44120,30517
30196,44180,30320
29376,44127,30391
29160,44180,30480
28764,44128,30324
28468,44192,30434
28724,44137,30412
28825,44196,30565
28834,44132,30361
28736,44188,30449
28700,44185,30484
28821,44180,30366
28820,44180,30456
28224,44188,30452
28100,44180,30453
28271,44196,30389
28440,44176,30464
28452,44189,30447
28452,44180,30496
28320,44180,30609
28464,44166,30550
28646,44167,30412
28620,44174,30510
28532,44173,30473
28288,44132,30566
28298,44180,30504
28532,44180,30522
28812,44197,30496
29128,44176,30639
28836,44154,30557
28724,44166,30588
28932,44160,30662
28676,44177,30545
28444,44160,30464
28532,44148,30535
28636,44160,30513
28696,44164,30477
28604,44165,30548
28590,44167,30599
28644,44149,30398
28624,44141,30425
28589,44129,30461
28816,44132,30413
28705,44120,30447
28692,44088,30526
28436,44152,30456
28580,44140,30293
28728,44149,30364
28676,44167,30368
28604,44150,30334
28760,44148,30333
28780,44132,30308
28652,44076,30414
28568,44135,30216
28488,44069,30248
28716,44140,30220
28784,44100,30356
28880,44143,30173
28740,44133,30150
28592,44135,30148
28412,44140,30136
28437,44116,30265
28496,44119,30205
28200,44108,30029
27848,44127,30068
28124,44108,30084
28285,44113,30082
28308,44104,30036
28136,44063,29993
28040,44052,30021
28132,44084,30100
28424,44038,29969
28258,44079,29949
28053,44089,30016
28104,44092,29965
28252,44096,29989
28004,44073,30065
28076,44070,30132
28401,44004,29903
28358,44048,29937
28288,44008,29985
28260,44052,29940
28248,44052,30045
28385,44052,30100
28296,44039,29996
28261,43984,29896
28364,44036,29924
28848,44039,29982
29220,44039,29949
28900,44007,29937
28825,43967,30044
28824,44012,30082
28624,44022,29981
28468,44012,29904
28496,44006,29973
28357,44004,29996
28536,44023,29942
28684,44024,30054
28424,44016,30100
28460,43972,29910
28932,43956,29912
29164,43999,29958
29116,43943,29996
29140,43992,29996
28872,44012,30020
28792,44008,30116
28868,44021,30153
28936,44013,30100
29224,44012,29956
29464,43989,30016
29488,43992,30017
29494,43993,30089
29280,44013,30196
29349,44001,29993
29512,44016,30087
29541,44016,30100
29756,44031,30092
29860,44020,30157
30068,44007,30250
30368,43944,30275
30380,43964,30220
30301,43925,30085
30220,43959,30173
30017,43978,30165
29948,43980,30321
30020,43977,30170
30148,43976,30231
30224,43967,30197
30228,43972,30310
30060,43948,30353
30268,43943,30209
30408,43879,30212
30464,43933,30284
30208,43948,30296
30180,43950,30412
30184,43948,30400
30156,43949,30305
30084,43949,30392
30164,43927,30383
30080,43893,30376
29988,43912,30456
29861,43850,30569
30049,43905,30396
29916,43909,30447
29862,43904,30502
30020,43910,30497
29988,43871,30500
29797,43901,30527
29760,43897,30636
29772,43895,30644
30036,43897,30570
29985,43880,30622
29788,43880,30632
30176,43830,30782
30080,43882,30599
29933,43830,30676
29960,43876,30688
29864,43865,30823
29826,43877,30732
29860,43871,30700
30120,43861,30734
30096,43852,30885
29784,43807,30716
29720,43836,30798
30148,43791,30778
30068,43844,30937
29304,43856,30832
29324,43857,30817
29668,43849,30841
29969,43839,30930
30136,43759,30824
29920,43804,30916
29872,43815,30909
29828,43820,30920
29938,43808,30916
29964,43756,30916
29792,43815,31021
29908,43813,30904
29870,43809,30961
29784,43770,31036
29824,43771,30968
29976,43712,30964
30074,43772,30997
30244,43772,30980
30024,43776,31052
29776,43791,30964
29848,43778,31004
29744,43773,30999
29936,43705,31132
30032,43752,30977
29789,43700,31004
29956,43756,31006
30008,43765,31140
29961,43770,30988
30044,43772,31042
30132,43745,31060
30060,43753,31044
30000,43780,31032
30009,43773,31044
29865,43748,30964
29836,43726,31020
29856,43734,30990
30036,43732,30957
30032,43732,31021
30072,43688,31004
29980,43751,31127
29564,43703,30959
29652,43752,31011
30096,43748,31048
30076,43748,31122
29732,43735,30951
29372,43732,31010
29398,43717,31006
30044,43727,31124
30264,43725,30980
29772,43740,30949
29216,43738,30992
29776,43719,30991
29780,43712,30975
29949,43693,31100
29888,43684,30897
29660,43684,30961
29824,43622,30937
29940,43655,31044
29981,43674,30852
29992,43680,30908
30088,43671,30852
29940,43621,30983
29808,43655,30792
29860,43610,30821
29745,43628,30813
30080,43644,30932
30293,43628,30735
29940,43604,30788
29744,43631,30726
29836,43630,30868
29833,43637,30668
29992,43629,30708
30112,43623,30700
30172,43613,30685
30096,43599,30796
30048,43540,30598
30158,43593,30670
29728,43527,30602
29865,43581,30722
30268,43588,30742
30516,43591,30620
30324,43577,30524
30462,43520,30590
30240,43572,30537
29772,43527,30668
30004,43556,30541
30341,43509,30545
30486,43554,30508
30426,43580,30631
30152,43582,30488
30496,43564,30492
30960,43572,30516
30592,43567,30528
30121,43500,30480
30308,43560,30498
30221,43559,30392
30264,43556,30417
30304,43548,30436
30508,43527,30408
30592,43546,30512
30658,43492,30341
30840,43557,30373
30984,43527,30295
30808,43527,30327
30708,43509,30280
30744,43461,30383
30132,43496,30233
30316,43501,30257
30496,43506,30194
30936,43452,30193
31276,43473,30294
31532,43492,30178
31356,43469,30068
30688,43468,30132
30240,43406,30052
30016,43463,30048
29908,43462,30053
30352,43460,29974
30760,43468,29974
30816,43456,30084
30700,43396,29876
30308,43437,29927
30528,43377,29879
30696,43439,29913
30220,43399,29972
30204,43423,29776
29936,43428,29840
29864,43413,29853
30004,43412,29790
30140,43429,29780
30388,43412,29714
30753,43429,29815
30844,43412,29697
30468,43420,29677
30540,43425,29652
31194,43423,29703
31781,43432,29564
32560,43435,29532
32856,43453,29671
32312,43464,29448
31736,43478,29466
32016,43487,29428
33056,43468,29428
34549,43421,29301
35977,43444,29353
37344,43420,29285
38173,43426,29305
37228,43408,29365
36156,43373,29117
34784,43415,29133
33300,43415,29104
32053,43431,29189
31377,43412,28975
30532,43344,29020
29863,43400,29004
29808,43388,28941
29556,43389,28836
29580,43375,28836
29580,43376,28849
29796,43375,28927
30168,43365,28767
30116,43288,28693
29964,43342,28677
29972,43340,28650
29872,43333,28787
29664,43331,28533
29820,43316,28558
29678,43333,28574
29477,43334,28645
29308,43333,28629
29524,43321,28431
30420,43309,28508
30496,43308,28468
30168,43301,28624
30240,43295,28372
30076,43293,28461
30188,43288,28454
30264,43277,28465
30396,43292,28316
30388,43271,28392
30344,43284,28374
30020,43268,28460
29852,43271,28277
29984,43253,28300
30544,43246,28368
30764,43236,28269
30480,43236,28167
30333,43165,28248
30424,43221,28199
30548,43247,28344
30120,43241,28092
30384,43239,28191
30325,43237,28178
29864,43236,28221
30072,43164,28079
30036,43212,28079
30052,43194,28230
29852,43239,27989
29756,43228,28037
29956,43193,28180
30080,43223,27962
30473,43229,27984
30850,43196,28034
30460,43212,27957
29842,43175,27945
29868,43188,28073
30080,43173,28081
30332,43196,27865
30120,43151,27935
30216,43193,28077
30296,43137,27836
30368,43202,27960
30417,43185,28037
30540,43165,27832
30564,43172,27967
30804,43161,27973
31060,43174,27892
30872,43161,27974
30516,43105,27962
30300,43165,28038
30208,43175,27885
30484,43177,27996
30144,43164,27992
29940,43159,28140
29952,43143,27993
30532,43132,27968
30664,43127,27986
30668,43116,28167
30424,43127,27944
30364,43071,28052
30132,43135,28039
30492,43125,28197
30617,43129,27943
30784,43109,28072
30888,43112,28048
30880,43095,28071
30612,43063,27988
30420,43100,28044
30604,43120,28078
30848,43106,28097
31172,43086,28005
31268,43101,28063
31176,43108,28022
31172,43093,28025
31376,43081,28039
31101,43077,28105
31252,43031,28206
31616,43084,28168
31296,43092,28125
31328,43080,27966
31412,43085,28061
31616,43076,28060
31504,43084,28156
31496,43079,27988
31568,43073,28103
31808,43060,28132
32048,43064,28217
31420,43060,28101
31412,43061,28047
31600,43013,28068
31900,43053,28158
32341,43063,28209
32128,43052,28172
32032,43039,28228
32160,43037,28318
32232,43033,28149
32308,42980,28175
32232,43015,28289
32456,42972,28263
32204,43028,28352
32016,43012,28352
32544,43015,28304
32640,43012,28360
32304,43008,28324
32276,42984,28496
32188,42974,28295
32352,42983,28372
32440,42997,28417
32360,42988,28423
32856,42970,28521
33052,42983,28423
32886,42941,28421
32672,42969,28501
32752,42924,28509
32648,42968,28668
32664,42957,28462
32684,42908,28574
32829,42958,28597
32904,42957,28724
32896,42962,28528
32912,42967,28623
32701,42965,28628
32896,42941,28808
33264,42951,28612
33048,42959,28720
32796,42940,28712
32976,42895,28844
32720,42943,28792
32453,42961,28725
32328,42958,28775
32768,42951,28852
33372,42957,28829
33504,42893,28857
33192,42944,28956
32680,42927,28841
32368,42936,28948
32565,42935,28948
32641,42932,29096
32610,42885,28935
32620,42941,28984
33264,42941,29161
33560,42945,28982
32988,42930,29079
32968,42908,29071
32984,42912,29135
32956,42909,29044
32700,42920,29114
32816,42906,29120
32960,42927,29292
32616,42924,29105
32732,42910,29220
32986,42932,29210
32832,42912,29370
33092,42913,29249
33164,42913,29268
32948,42909,29321
32941,42892,29434
33084,42912,29436
33160,42897,29317
33412,42908,29378
33064,42887,29500
32864,42887,29352
33268,42857,29415
33180,42884,29439
32764,42864,29496
32801,42871,29484
32852,42876,29497
32864,42887,29497
32840,42848,29636
32684,42887,29630
33049,42897,29500
33000,42900,29559
33312,42897,29572
33072,42887,29716
33084,42887,29621
33110,42878,29621
32940,42883,29640
32892,42878,29682
32864,42880,29758
32764,42864,29669
32896,42817,29666
32709,42868,29819
32332,42865,29738
32348,42855,29730
32576,42841,29709
32696,42780,29668
32688,42837,29740
32624,42836,29733
32317,42844,29860
32176,42828,29737
32752,42790,29702
33653,42817,29858
33656,42828,29686
33168,42822,29740
32908,42807,29847
32712,42781,29748
32648,42821,29676
32724,42822,29748
32840,42820,29701
32896,42823,29752
32760,42820,29857
32568,42800,29671
32600,42834,29682
32592,42812,29684
32436,42772,29727
32524,42820,29701
32548,42814,29812
32224,42828,29852
32044,42828,29660
32068,42847,29692
32081,42826,29716
32368,42828,29724
32376,42821,29796
32216,42831,29679
32345,42816,29732
32284,42812,29733
32284,42796,29801
32232,42772,29752
32258,42820,29736
32328,42816,29711
32576,42766,29831
32808,42796,29884
32568,42812,29892
32497,42796,29739
32864,42804,29787
32656,42759,29855
32332,42789,29852
32220,42764,29765
31856,42821,29813
31880,42820,29869
31688,42759,29924
32056,42823,29817
32406,42823,29844
32732,42815,29910
32668,42809,29849
32636,42816,29896
32453,42817,29884
32512,42781,29927
32440,42804,29844
32382,42759,29906
32556,42816,29941
32508,42801,30036
32548,42800,29897
32768,42784,29965
32856,42772,29944
32584,42776,30044
32933,42759,29912
32996,42750,29980
32516,42772,29941
32160,42711,30086
32417,42748,29908
32808,42740,29980
32626,42760,29957
32264,42768,30047
32044,42761,29956
32232,42756,29931
32397,42717,29933
32420,42740,29991
32348,42772,30025
32372,42736,29897
32360,42759,29948
31994,42788,29908
32132,42772,30055
32252,42717,29951
32756,42726,29927
32404,42685,30004
32388,42721,29861
32208,42678,29906
31950,42717,29899
31570,42741,30000
31440,42708,29849
31428,42735,29856
31272,42706,30005
31440,42717,29831
31600,42713,29887
31508,42652,29902
31664,42700,29877
31884,42720,29801
31872,42725,29836
31858,42734,29799
31636,42751,29929
32340,42746,29718
33272,42767,29772
34166,42759,29734
33952,42732,29861
32664,42801,29657
32008,42797,29700
32893,42812,29660
34288,42820,29619
35916,42806,29676
37364,42811,29729
38644,42776,29716
39072,42743,29642
37938,42759,29548
36480,42716,29444
34820,42752,29457
33576,42749,29567
32544,42735,29332
31712,42736,29371
31224,42752,29340
31169,42695,29332
31440,42732,29224
31600,42743,29248
31592,42724,29132
31565,42660,29164
31304,42711,29097
31292,42714,29148
31280,42711,29177
31184,42717,28992
31289,42673,28956
31348,42705,28924
31244,42717,28969
31301,42700,29010
31348,42693,28805
31360,42698,28765
31201,42677,28782
30976,42687,28788
30924,42689,28736
30792,42685,28708
31104,42684,28730
31244,42692,28796
31268,42688,28663
31416,42700,28521
31248,42687,28512
31592,42684,28564
31396,42695,28489
31024,42685,28593
30968,42640,28471
31120,42684,28380
31504,42701,28410
31456,42705,28349
31140,42703,28488
30836,42678,28224
30772,42694,28194
30796,42679,28207
30764,42612,28221
30784,42652,28208
30844,42655,28178
30896,42656,28126
30986,42615,28160
30613,42661,28252
30780,42665,28104
30832,42652,28061
31024,42596,28016
30840,42644,28059
31116,42636,27975
31020,42631,27956
31036,42629,28012
31073,42618,27993
31104,42631,27960
31072,42605,28034
31153,42625,27865
30992,42621,27879
30752,42604,27942
31048,42543,27986
30917,42604,27956
30636,42593,27856
30600,42543,27936
30657,42580,27913
30672,42597,28060
30896,42599,27844
30996,42577,27940
31128,42580,27920
31185,42572,28102
31196,42556,27874
31128,42564,27906
31196,42549,27986
31004,42556,27976
30964,42564,28098
31080,42564,28021
31144,42573,27961
31261,42553,28001
31392,42493,28009
31468,42542,28145
31500,42549,27927
31600,42549,27986
31905,42486,28031
31464,42548,28044
31212,42556,28164
31964,42557,27965
32321,42553,28040
32032,42519,28049
31544,42529,28140
31373,42489,28196
31485,42516,28006
31792,42489,28100
31784,42503,28095
31744,42512,28161
31944,42521,28285
32060,42503,28077
32496,42503,28084
32604,42496,28159
32228,42486,28157
32240,42481,28261
32432,42437,28355
32336,42460,28199
32473,42460,28238
32200,42473,28268
32520,42468,28258
32520,42476,28320
32564,42478,28433
32897,42481,28410
32872,42465,28285
32762,42457,28334
32608,42469,28513
32648,42456,28304
32678,42444,28408
32679,42452,28388
32824,42460,28527
32936,42456,28361
33128,42461,28477
33044,42453,28465
33112,42452,28470
33264,42453,28505
33196,42444,28636
33296,42444,28674
33397,42440,28609
33384,42445,28551
33249,42452,28535
33348,42461,28616
33524,42449,28612
33704,42417,28645
33652,42442,28668
33796,42399,28768
33733,42431,28719
33745,42417,28706
33676,42407,28767
33660,42366,28824
33600,42423,28829
33668,42433,28903
33760,42414,28924
34260,42416,28957
34204,42406,29002
34040,42397,29146
34128,42375,29038
34180,42389,29036
34164,42364,29109
33868,42373,29181
33940,42375,29204
33868,42340,29342
33864,42375,29306
34024,42375,29272
34200,42373,29375
34128,42372,29399
34068,42332,29580
34152,42356,29580
34132,42353,29476
34276,42342,29540
34272,42343,29633
34212,42351,29652
34244,42349,29812
34288,42340,29750
34316,42326,29781
34232,42327,29857
34416,42329,29904
34421,42313,29991
34320,42311,30018
34233,42320,30096
34176,42311,30140
34084,42325,30200
34188,42315,30267
34248,42312,30340
34429,42316,30375
34297,42317,30438
34460,42310,30500
34368,42305,30569
34580,42299,30656
34488,42292,30754
34284,42264,30828
34356,42292,30924
34420,42282,30988
34372,42293,31012
34416,42296,30972
34393,42273,31064
34484,42276,31166
34784,42268,31232
34800,42256,31300
34592,42220,31367
34684,42247,31428
34720,42265,31508
34605,42212,31610
34493,42252,31693
34584,42269,31768
34540,42229,31884
34516,42247,31980
34448,42244,32076
34416,42207,32172
34412,42244,32261
34272,42247,32388
34192,42271,32497
34224,42277,32639
34249,42268,32750
34240,42252,32897
34324,42247,33014
34392,42247,33140
34424,42244,33255
34420,42239,33360
34336,42233,33453
34176,42240,33589
34196,42238,33716
34292,42227,33831
34312,42193,33961
34268,42217,34090
34228,42223,34214
34104,42215,34332
34116,42199,34455
34054,42153,34585
34168,42196,34701
34164,42202,34823
34068,42172,34940
34188,42197,35060
34244,42209,35180
34168,42172,35296
34229,42185,35412
34208,42192,35524
34096,42183,35645
34020,42180,35757
34014,42177,35847
33900,42184,35943
33804,42190,36047
33756,42196,36200
33828,42188,36317
33804,42180,36413
33652,42124,36525
33792,42173,36638
33788,42164,36756
33724,42162,36833
33728,42161,36888
33697,42117,37004
33693,42156,37116
33700,42160,37254
33760,42158,37354
33848,42156,37429
33920,42150,37533
33925,42148,37528
33888,42157,37613
34080,42118,37772
34116,42141,37840
34016,42148,37895
34156,42150,37960
34116,42177,37960
34132,42167,38046
34144,42148,38183
34096,42105,38224
