true,prob,confidence,subject_id,dataset,source_ds
0,0.34733006,1.0,stressid_tmvd,combined,stressid
0,0.35156056,1.0,stressid_tmvd,combined,stressid
0,0.3251233,1.0,stressid_tmvd,combined,stressid
0,0.2935597,1.0,stressid_tmvd,combined,stressid
0,0.29508767,1.0,stressid_tmvd,combined,stressid
0,0.26869842,1.0,stressid_tmvd,combined,stressid
0,0.26007035,1.0,stressid_tmvd,combined,stressid
0,0.2791731,1.0,stressid_tmvd,combined,stressid
0,0.2754138,1.0,stressid_tmvd,combined,stressid
0,0.29536623,1.0,stressid_tmvd,combined,stressid
0,0.3023069,1.0,stressid_tmvd,combined,stressid
0,0.29715425,1.0,stressid_tmvd,combined,stressid
0,0.33013615,1.0,stressid_tmvd,combined,stressid
0,0.30855155,1.0,stressid_tmvd,combined,stressid
0,0.31040305,1.0,stressid_tmvd,combined,stressid
0,0.30980775,1.0,stressid_tmvd,combined,stressid
0,0.30912063,1.0,stressid_tmvd,combined,stressid
0,0.3110216,1.0,stressid_tmvd,combined,stressid
0,0.31410694,1.0,stressid_tmvd,combined,stressid
0,0.3186496,1.0,stressid_tmvd,combined,stressid
0,0.3053424,1.0,stressid_tmvd,combined,stressid
0,0.30340868,1.0,stressid_tmvd,combined,stressid
0,0.29183364,1.0,stressid_tmvd,combined,stressid
0,0.3279611,1.0,stressid_tmvd,combined,stressid
0,0.28761837,1.0,stressid_tmvd,combined,stressid
0,0.28335732,1.0,stressid_tmvd,combined,stressid
0,0.29236457,1.0,stressid_tmvd,combined,stressid
0,0.29464945,1.0,stressid_tmvd,combined,stressid
0,0.28970438,1.0,stressid_tmvd,combined,stressid
0,0.17119774,1.0,stressid_tmvd,combined,stressid
0,0.17111498,1.0,stressid_tmvd,combined,stressid
0,0.17127341,1.0,stressid_tmvd,combined,stressid
0,0.17521045,1.0,stressid_tmvd,combined,stressid
0,0.17510799,1.0,stressid_tmvd,combined,stressid
0,0.34241486,1.0,stressid_tmvd,combined,stressid
0,0.17162548,1.0,stressid_tmvd,combined,stressid
0,0.17175741,1.0,stressid_tmvd,combined,stressid
0,0.17115082,1.0,stressid_tmvd,combined,stressid
0,0.1708529,1.0,stressid_tmvd,combined,stressid
0,0.17141613,1.0,stressid_tmvd,combined,stressid
0,0.17133911,1.0,stressid_tmvd,combined,stressid
0,0.17079805,1.0,stressid_tmvd,combined,stressid
0,0.17092495,1.0,stressid_tmvd,combined,stressid
0,0.17694674,1.0,stressid_tmvd,combined,stressid
0,0.1773714,1.0,stressid_tmvd,combined,stressid
0,0.34917906,1.0,stressid_tmvd,combined,stressid
0,0.17331614,1.0,stressid_tmvd,combined,stressid
0,0.17402841,1.0,stressid_tmvd,combined,stressid
0,0.1746891,1.0,stressid_tmvd,combined,stressid
0,0.17300418,1.0,stressid_tmvd,combined,stressid
0,0.17277367,1.0,stressid_tmvd,combined,stressid
0,0.17254734,1.0,stressid_tmvd,combined,stressid
0,0.17205729,1.0,stressid_tmvd,combined,stressid
0,0.17283033,1.0,stressid_tmvd,combined,stressid
0,0.17090614,1.0,stressid_tmvd,combined,stressid
0,0.35501236,1.0,stressid_tmvd,combined,stressid
0,0.34328732,1.0,stressid_tmvd,combined,stressid
0,0.3319293,1.0,stressid_tmvd,combined,stressid
0,0.33419234,1.0,stressid_tmvd,combined,stressid
0,0.77655774,1.0,stressid_tmvd,combined,stressid
0,0.7863233,1.0,stressid_tmvd,combined,stressid
0,0.8130583,1.0,stressid_tmvd,combined,stressid
0,0.7059981,1.0,stressid_tmvd,combined,stressid
0,0.7035746,1.0,stressid_tmvd,combined,stressid
0,0.68597126,1.0,stressid_tmvd,combined,stressid
0,0.68734545,1.0,stressid_tmvd,combined,stressid
0,0.6673276,1.0,stressid_tmvd,combined,stressid
0,0.6606197,1.0,stressid_tmvd,combined,stressid
0,0.657964,1.0,stressid_tmvd,combined,stressid
0,0.6593626,1.0,stressid_tmvd,combined,stressid
0,0.77829766,1.0,stressid_tmvd,combined,stressid
0,0.77660424,1.0,stressid_tmvd,combined,stressid
0,0.7818544,1.0,stressid_tmvd,combined,stressid
0,0.7823889,1.0,stressid_tmvd,combined,stressid
0,0.7929615,1.0,stressid_tmvd,combined,stressid
0,0.7672111,1.0,stressid_tmvd,combined,stressid
0,0.7699303,1.0,stressid_tmvd,combined,stressid
0,0.76934683,1.0,stressid_tmvd,combined,stressid
0,0.800791,1.0,stressid_tmvd,combined,stressid
0,0.8174455,1.0,stressid_tmvd,combined,stressid
0,0.7688852,1.0,stressid_tmvd,combined,stressid
0,0.7020469,1.0,stressid_tmvd,combined,stressid
0,0.6898947,1.0,stressid_tmvd,combined,stressid
0,0.698485,1.0,stressid_tmvd,combined,stressid
0,0.68245405,1.0,stressid_tmvd,combined,stressid
0,0.6668392,1.0,stressid_tmvd,combined,stressid
0,0.66490626,1.0,stressid_tmvd,combined,stressid
0,0.65221465,1.0,stressid_tmvd,combined,stressid
0,0.6533092,1.0,stressid_tmvd,combined,stressid
0,0.79089,1.0,stressid_tmvd,combined,stressid
0,0.7915793,1.0,stressid_tmvd,combined,stressid
0,0.7590169,1.0,stressid_tmvd,combined,stressid
0,0.75808775,1.0,stressid_tmvd,combined,stressid
0,0.76350206,1.0,stressid_tmvd,combined,stressid
0,0.7731258,1.0,stressid_tmvd,combined,stressid
0,0.7557752,1.0,stressid_tmvd,combined,stressid
0,0.7398254,1.0,stressid_tmvd,combined,stressid
1,0.8355674,1.0,stressid_tmvd,combined,stressid
1,0.7653021,1.0,stressid_tmvd,combined,stressid
1,0.8230981,1.0,stressid_tmvd,combined,stressid
1,0.70124096,1.0,stressid_tmvd,combined,stressid
1,0.69397855,1.0,stressid_tmvd,combined,stressid
1,0.6970918,1.0,stressid_tmvd,combined,stressid
1,0.71617866,1.0,stressid_tmvd,combined,stressid
1,0.71221364,1.0,stressid_tmvd,combined,stressid
1,0.7145171,1.0,stressid_tmvd,combined,stressid
1,0.7051373,1.0,stressid_tmvd,combined,stressid
1,0.6924932,1.0,stressid_tmvd,combined,stressid
1,0.7859427,1.0,stressid_tmvd,combined,stressid
1,0.81806093,1.0,stressid_tmvd,combined,stressid
1,0.79649377,1.0,stressid_tmvd,combined,stressid
1,0.79956293,1.0,stressid_tmvd,combined,stressid
1,0.8088389,1.0,stressid_tmvd,combined,stressid
1,0.82913154,1.0,stressid_tmvd,combined,stressid
1,0.84691644,1.0,stressid_tmvd,combined,stressid
1,0.8249481,1.0,stressid_tmvd,combined,stressid
1,0.8407086,1.0,stressid_tmvd,combined,stressid
1,0.8152462,1.0,stressid_tmvd,combined,stressid
1,0.8466834,1.0,stressid_tmvd,combined,stressid
1,0.70074576,1.0,stressid_tmvd,combined,stressid
1,0.7049038,1.0,stressid_tmvd,combined,stressid
1,0.688897,1.0,stressid_tmvd,combined,stressid
1,0.6856647,1.0,stressid_tmvd,combined,stressid
1,0.7113959,1.0,stressid_tmvd,combined,stressid
1,0.71494806,1.0,stressid_tmvd,combined,stressid
1,0.68184847,1.0,stressid_tmvd,combined,stressid
1,0.6835766,1.0,stressid_tmvd,combined,stressid
1,0.7971123,1.0,stressid_tmvd,combined,stressid
1,0.8158738,1.0,stressid_tmvd,combined,stressid
1,0.8195425,1.0,stressid_tmvd,combined,stressid
1,0.7904227,1.0,stressid_tmvd,combined,stressid
1,0.7924801,1.0,stressid_tmvd,combined,stressid
1,0.7982529,1.0,stressid_tmvd,combined,stressid
1,0.814246,1.0,stressid_tmvd,combined,stressid
1,0.84404147,1.0,stressid_tmvd,combined,stressid
0,0.85564137,1.0,stressid_tmvd,combined,stressid
0,0.84844166,1.0,stressid_tmvd,combined,stressid
0,0.80940586,1.0,stressid_tmvd,combined,stressid
0,0.69091064,1.0,stressid_tmvd,combined,stressid
0,0.7093559,1.0,stressid_tmvd,combined,stressid
0,0.71131533,1.0,stressid_tmvd,combined,stressid
0,0.70374405,1.0,stressid_tmvd,combined,stressid
0,0.7082856,1.0,stressid_tmvd,combined,stressid
0,0.71360815,1.0,stressid_tmvd,combined,stressid
0,0.7118889,1.0,stressid_tmvd,combined,stressid
0,0.677318,1.0,stressid_tmvd,combined,stressid
0,0.84371996,1.0,stressid_tmvd,combined,stressid
0,0.82014865,1.0,stressid_tmvd,combined,stressid
0,0.82604384,1.0,stressid_tmvd,combined,stressid
0,0.806711,1.0,stressid_tmvd,combined,stressid
0,0.82447374,1.0,stressid_tmvd,combined,stressid
0,0.82770824,1.0,stressid_tmvd,combined,stressid
0,0.8213074,1.0,stressid_tmvd,combined,stressid
0,0.81684464,1.0,stressid_tmvd,combined,stressid
0,0.57507205,1.0,stressid_tmvd,combined,stressid
0,0.6077195,1.0,stressid_tmvd,combined,stressid
0,0.50243217,1.0,stressid_tmvd,combined,stressid
0,0.50788,1.0,stressid_tmvd,combined,stressid
0,0.51697165,1.0,stressid_tmvd,combined,stressid
0,0.5086926,1.0,stressid_tmvd,combined,stressid
0,0.49905244,1.0,stressid_tmvd,combined,stressid
0,0.4825482,1.0,stressid_tmvd,combined,stressid
0,0.48520026,1.0,stressid_tmvd,combined,stressid
0,0.5352648,1.0,stressid_tmvd,combined,stressid
0,0.56026274,1.0,stressid_tmvd,combined,stressid
0,0.5262029,1.0,stressid_tmvd,combined,stressid
0,0.57119215,1.0,stressid_tmvd,combined,stressid
0,0.51155424,1.0,stressid_tmvd,combined,stressid
0,0.5078399,1.0,stressid_tmvd,combined,stressid
0,0.5133254,1.0,stressid_tmvd,combined,stressid
0,0.5237017,1.0,stressid_tmvd,combined,stressid
0,0.5170441,1.0,stressid_tmvd,combined,stressid
0,0.5303473,1.0,stressid_tmvd,combined,stressid
0,0.53406966,1.0,stressid_tmvd,combined,stressid
0,0.5204472,1.0,stressid_tmvd,combined,stressid
0,0.5266618,1.0,stressid_tmvd,combined,stressid
0,0.17292196,1.0,stressid_tmvd,combined,stressid
0,0.55353343,1.0,stressid_tmvd,combined,stressid
0,0.17163423,1.0,stressid_tmvd,combined,stressid
0,0.17825958,1.0,stressid_tmvd,combined,stressid
0,0.18480492,1.0,stressid_tmvd,combined,stressid
0,0.18600449,1.0,stressid_tmvd,combined,stressid
0,0.18450215,1.0,stressid_tmvd,combined,stressid
0,0.18531969,1.0,stressid_tmvd,combined,stressid
0,0.1870739,1.0,stressid_tmvd,combined,stressid
0,0.18425265,1.0,stressid_tmvd,combined,stressid
0,0.18468055,1.0,stressid_tmvd,combined,stressid
0,0.18595204,1.0,stressid_tmvd,combined,stressid
0,0.5520787,1.0,stressid_tmvd,combined,stressid
0,0.18659244,1.0,stressid_tmvd,combined,stressid
0,0.18521836,1.0,stressid_tmvd,combined,stressid
0,0.18393399,1.0,stressid_tmvd,combined,stressid
0,0.18582298,1.0,stressid_tmvd,combined,stressid
0,0.1850862,1.0,stressid_tmvd,combined,stressid
0,0.18207191,1.0,stressid_tmvd,combined,stressid
0,0.18288566,1.0,stressid_tmvd,combined,stressid
0,0.18157299,1.0,stressid_tmvd,combined,stressid
0,0.17751338,1.0,stressid_tmvd,combined,stressid
0,0.5528835,1.0,stressid_tmvd,combined,stressid
0,0.5484855,1.0,stressid_tmvd,combined,stressid
0,0.5344449,1.0,stressid_tmvd,combined,stressid
0,0.51979816,1.0,stressid_tmvd,combined,stressid
0,0.5140759,1.0,stressid_tmvd,combined,stressid
1,0.78249896,1.0,stressid_tmvd,combined,stressid
1,0.80880415,1.0,stressid_tmvd,combined,stressid
1,0.806261,1.0,stressid_tmvd,combined,stressid
1,0.6962914,1.0,stressid_tmvd,combined,stressid
1,0.6978719,1.0,stressid_tmvd,combined,stressid
1,0.6597076,1.0,stressid_tmvd,combined,stressid
1,0.6582245,1.0,stressid_tmvd,combined,stressid
1,0.67592657,1.0,stressid_tmvd,combined,stressid
1,0.65744543,1.0,stressid_tmvd,combined,stressid
1,0.6468136,1.0,stressid_tmvd,combined,stressid
1,0.64170825,1.0,stressid_tmvd,combined,stressid
1,0.8092408,1.0,stressid_tmvd,combined,stressid
1,0.8102094,1.0,stressid_tmvd,combined,stressid
1,0.7934724,1.0,stressid_tmvd,combined,stressid
1,0.7771073,1.0,stressid_tmvd,combined,stressid
1,0.76238966,1.0,stressid_tmvd,combined,stressid
1,0.7703076,1.0,stressid_tmvd,combined,stressid
1,0.7768293,1.0,stressid_tmvd,combined,stressid
1,0.77512234,1.0,stressid_tmvd,combined,stressid
0,0.8327721,1.0,stressid_tmvd,combined,stressid
0,0.83124685,1.0,stressid_tmvd,combined,stressid
0,0.81849176,1.0,stressid_tmvd,combined,stressid
0,0.67948467,1.0,stressid_tmvd,combined,stressid
0,0.70591193,1.0,stressid_tmvd,combined,stressid
0,0.7094483,1.0,stressid_tmvd,combined,stressid
0,0.6854315,1.0,stressid_tmvd,combined,stressid
0,0.705225,1.0,stressid_tmvd,combined,stressid
0,0.6918641,1.0,stressid_tmvd,combined,stressid
0,0.66950506,1.0,stressid_tmvd,combined,stressid
0,0.69514847,1.0,stressid_tmvd,combined,stressid
0,0.82789445,1.0,stressid_tmvd,combined,stressid
0,0.83583385,1.0,stressid_tmvd,combined,stressid
0,0.82880074,1.0,stressid_tmvd,combined,stressid
0,0.83069533,1.0,stressid_tmvd,combined,stressid
0,0.84264696,1.0,stressid_tmvd,combined,stressid
0,0.8545237,1.0,stressid_tmvd,combined,stressid
0,0.85700345,1.0,stressid_tmvd,combined,stressid
0,0.8491684,1.0,stressid_tmvd,combined,stressid
0,0.34945485,1.0,stressid_tmvd,combined,stressid
0,0.33990094,1.0,stressid_tmvd,combined,stressid
0,0.3082411,1.0,stressid_tmvd,combined,stressid
0,0.32387143,1.0,stressid_tmvd,combined,stressid
0,0.3356233,1.0,stressid_tmvd,combined,stressid
0,0.34573492,1.0,stressid_tmvd,combined,stressid
0,0.3450788,1.0,stressid_tmvd,combined,stressid
0,0.330812,1.0,stressid_tmvd,combined,stressid
0,0.33048183,1.0,stressid_tmvd,combined,stressid
0,0.30993995,1.0,stressid_tmvd,combined,stressid
0,0.30236313,1.0,stressid_tmvd,combined,stressid
0,0.29918414,1.0,stressid_tmvd,combined,stressid
0,0.3511589,1.0,stressid_tmvd,combined,stressid
0,0.3006636,1.0,stressid_tmvd,combined,stressid
0,0.31818324,1.0,stressid_tmvd,combined,stressid
0,0.33653438,1.0,stressid_tmvd,combined,stressid
0,0.3506078,1.0,stressid_tmvd,combined,stressid
0,0.32347664,1.0,stressid_tmvd,combined,stressid
0,0.2998149,1.0,stressid_tmvd,combined,stressid
0,0.3160995,1.0,stressid_tmvd,combined,stressid
0,0.3261547,1.0,stressid_tmvd,combined,stressid
0,0.31909367,1.0,stressid_tmvd,combined,stressid
0,0.3101833,1.0,stressid_tmvd,combined,stressid
0,0.38796636,1.0,stressid_tmvd,combined,stressid
0,0.31213814,1.0,stressid_tmvd,combined,stressid
0,0.31365094,1.0,stressid_tmvd,combined,stressid
0,0.28584704,1.0,stressid_tmvd,combined,stressid
0,0.16706441,1.0,stressid_tmvd,combined,stressid
0,0.16719642,1.0,stressid_tmvd,combined,stressid
0,0.16711642,1.0,stressid_tmvd,combined,stressid
0,0.16711321,1.0,stressid_tmvd,combined,stressid
0,0.16719677,1.0,stressid_tmvd,combined,stressid
0,0.16723895,1.0,stressid_tmvd,combined,stressid
0,0.16726606,1.0,stressid_tmvd,combined,stressid
0,0.41370282,1.0,stressid_tmvd,combined,stressid
0,0.16721499,1.0,stressid_tmvd,combined,stressid
0,0.1671521,1.0,stressid_tmvd,combined,stressid
0,0.16714163,1.0,stressid_tmvd,combined,stressid
0,0.1671206,1.0,stressid_tmvd,combined,stressid
0,0.16710846,1.0,stressid_tmvd,combined,stressid
0,0.16728906,1.0,stressid_tmvd,combined,stressid
0,0.16722947,1.0,stressid_tmvd,combined,stressid
0,0.1673603,1.0,stressid_tmvd,combined,stressid
0,0.16757141,1.0,stressid_tmvd,combined,stressid
0,0.16775583,1.0,stressid_tmvd,combined,stressid
0,0.39152178,1.0,stressid_tmvd,combined,stressid
0,0.16804896,1.0,stressid_tmvd,combined,stressid
0,0.16800186,1.0,stressid_tmvd,combined,stressid
0,0.16770373,1.0,stressid_tmvd,combined,stressid
0,0.16756362,1.0,stressid_tmvd,combined,stressid
0,0.16763261,1.0,stressid_tmvd,combined,stressid
0,0.16762865,1.0,stressid_tmvd,combined,stressid
0,0.16758929,1.0,stressid_tmvd,combined,stressid
0,0.3747355,1.0,stressid_tmvd,combined,stressid
0,0.35538608,1.0,stressid_tmvd,combined,stressid
0,0.31459436,1.0,stressid_tmvd,combined,stressid
0,0.28507364,1.0,stressid_tmvd,combined,stressid
0,0.40926328,1.0,stressid_tmvd,combined,stressid
0,0.3931122,1.0,stressid_tmvd,combined,stressid
0,0.31046227,1.0,stressid_tmvd,combined,stressid
0,0.3072884,1.0,stressid_tmvd,combined,stressid
0,0.30666855,1.0,stressid_tmvd,combined,stressid
0,0.30304554,1.0,stressid_tmvd,combined,stressid
0,0.28833756,1.0,stressid_tmvd,combined,stressid
0,0.28395516,1.0,stressid_tmvd,combined,stressid
0,0.28202242,1.0,stressid_tmvd,combined,stressid
0,0.27217838,1.0,stressid_tmvd,combined,stressid
0,0.26665935,1.0,stressid_tmvd,combined,stressid
0,0.25648695,1.0,stressid_tmvd,combined,stressid
0,0.36274457,1.0,stressid_tmvd,combined,stressid
0,0.25518593,1.0,stressid_tmvd,combined,stressid
0,0.25259948,1.0,stressid_tmvd,combined,stressid
0,0.16872339,1.0,stressid_tmvd,combined,stressid
0,0.16879119,1.0,stressid_tmvd,combined,stressid
0,0.1689292,1.0,stressid_tmvd,combined,stressid
0,0.16898453,1.0,stressid_tmvd,combined,stressid
0,0.16894995,1.0,stressid_tmvd,combined,stressid
0,0.16902609,1.0,stressid_tmvd,combined,stressid
0,0.168948,1.0,stressid_tmvd,combined,stressid
0,0.16893494,1.0,stressid_tmvd,combined,stressid
0,0.35808453,1.0,stressid_tmvd,combined,stressid
0,0.16901122,1.0,stressid_tmvd,combined,stressid
0,0.16808678,1.0,stressid_tmvd,combined,stressid
0,0.16980474,1.0,stressid_tmvd,combined,stressid
0,0.16906367,1.0,stressid_tmvd,combined,stressid
0,0.16903444,1.0,stressid_tmvd,combined,stressid
0,0.16919644,1.0,stressid_tmvd,combined,stressid
0,0.1693063,1.0,stressid_tmvd,combined,stressid
0,0.16893834,1.0,stressid_tmvd,combined,stressid
0,0.34972927,1.0,stressid_tmvd,combined,stressid
0,0.3332736,1.0,stressid_tmvd,combined,stressid
0,0.32434487,1.0,stressid_tmvd,combined,stressid
0,0.32032377,1.0,stressid_tmvd,combined,stressid
0,0.31633708,1.0,stressid_tmvd,combined,stressid
0,0.31342298,1.0,stressid_tmvd,combined,stressid
0,0.23912859,1.0,stressid_h8r2,combined,stressid
0,0.2397587,1.0,stressid_h8r2,combined,stressid
0,0.20977177,1.0,stressid_h8r2,combined,stressid
0,0.21351582,1.0,stressid_h8r2,combined,stressid
0,0.20367289,1.0,stressid_h8r2,combined,stressid
0,0.19952264,1.0,stressid_h8r2,combined,stressid
0,0.21065566,1.0,stressid_h8r2,combined,stressid
0,0.21190925,1.0,stressid_h8r2,combined,stressid
0,0.20339032,1.0,stressid_h8r2,combined,stressid
0,0.20141496,1.0,stressid_h8r2,combined,stressid
0,0.20336762,1.0,stressid_h8r2,combined,stressid
0,0.20162931,1.0,stressid_h8r2,combined,stressid
0,0.22916164,1.0,stressid_h8r2,combined,stressid
0,0.19591385,1.0,stressid_h8r2,combined,stressid
0,0.18894859,1.0,stressid_h8r2,combined,stressid
0,0.18543646,1.0,stressid_h8r2,combined,stressid
0,0.18477352,1.0,stressid_h8r2,combined,stressid
0,0.17781998,1.0,stressid_h8r2,combined,stressid
0,0.18007512,1.0,stressid_h8r2,combined,stressid
0,0.18997753,1.0,stressid_h8r2,combined,stressid
0,0.16532388,1.0,stressid_h8r2,combined,stressid
0,0.17345011,1.0,stressid_h8r2,combined,stressid
0,0.1731997,1.0,stressid_h8r2,combined,stressid
0,0.21231519,1.0,stressid_h8r2,combined,stressid
0,0.17528063,1.0,stressid_h8r2,combined,stressid
0,0.18041399,1.0,stressid_h8r2,combined,stressid
0,0.18133105,1.0,stressid_h8r2,combined,stressid
0,0.18192422,1.0,stressid_h8r2,combined,stressid
0,0.18161307,1.0,stressid_h8r2,combined,stressid
0,0.22104841,1.0,stressid_h8r2,combined,stressid
0,0.23288576,1.0,stressid_h8r2,combined,stressid
0,0.22342104,1.0,stressid_h8r2,combined,stressid
0,0.21184102,1.0,stressid_h8r2,combined,stressid
0,0.20691986,1.0,stressid_h8r2,combined,stressid
0,0.20596005,1.0,stressid_h8r2,combined,stressid
1,0.5263636,1.0,stressid_h8r2,combined,stressid
1,0.5581903,1.0,stressid_h8r2,combined,stressid
1,0.5512242,1.0,stressid_h8r2,combined,stressid
1,0.6259011,1.0,stressid_h8r2,combined,stressid
1,0.6416423,1.0,stressid_h8r2,combined,stressid
1,0.6201766,1.0,stressid_h8r2,combined,stressid
1,0.61579317,1.0,stressid_h8r2,combined,stressid
1,0.63518304,1.0,stressid_h8r2,combined,stressid
1,0.6617091,1.0,stressid_h8r2,combined,stressid
1,0.63837,1.0,stressid_h8r2,combined,stressid
1,0.63323843,1.0,stressid_h8r2,combined,stressid
1,0.56478524,1.0,stressid_h8r2,combined,stressid
1,0.5401345,1.0,stressid_h8r2,combined,stressid
1,0.5299257,1.0,stressid_h8r2,combined,stressid
1,0.5514982,1.0,stressid_h8r2,combined,stressid
1,0.5720161,1.0,stressid_h8r2,combined,stressid
1,0.5565885,1.0,stressid_h8r2,combined,stressid
1,0.5411311,1.0,stressid_h8r2,combined,stressid
1,0.53784007,1.0,stressid_h8r2,combined,stressid
1,0.5394141,1.0,stressid_h8r2,combined,stressid
1,0.50536686,1.0,stressid_h8r2,combined,stressid
1,0.5333493,1.0,stressid_h8r2,combined,stressid
1,0.590934,1.0,stressid_h8r2,combined,stressid
1,0.58900946,1.0,stressid_h8r2,combined,stressid
1,0.6093705,1.0,stressid_h8r2,combined,stressid
1,0.6082388,1.0,stressid_h8r2,combined,stressid
1,0.64616674,1.0,stressid_h8r2,combined,stressid
1,0.6717964,1.0,stressid_h8r2,combined,stressid
1,0.61231905,1.0,stressid_h8r2,combined,stressid
1,0.6072787,1.0,stressid_h8r2,combined,stressid
1,0.602839,1.0,stressid_h8r2,combined,stressid
1,0.62396175,1.0,stressid_h8r2,combined,stressid
1,0.5641613,1.0,stressid_h8r2,combined,stressid
1,0.557338,1.0,stressid_h8r2,combined,stressid
1,0.5775494,1.0,stressid_h8r2,combined,stressid
1,0.5668842,1.0,stressid_h8r2,combined,stressid
1,0.5302679,1.0,stressid_h8r2,combined,stressid
1,0.50889003,1.0,stressid_h8r2,combined,stressid
1,0.540461,1.0,stressid_h8r2,combined,stressid
1,0.5349126,1.0,stressid_h8r2,combined,stressid
1,0.58121884,1.0,stressid_h8r2,combined,stressid
1,0.67641276,1.0,stressid_h8r2,combined,stressid
1,0.6780459,1.0,stressid_h8r2,combined,stressid
1,0.63670135,1.0,stressid_h8r2,combined,stressid
1,0.6630843,1.0,stressid_h8r2,combined,stressid
1,0.6843509,1.0,stressid_h8r2,combined,stressid
1,0.667447,1.0,stressid_h8r2,combined,stressid
1,0.63968265,1.0,stressid_h8r2,combined,stressid
1,0.62189245,1.0,stressid_h8r2,combined,stressid
1,0.5208323,1.0,stressid_h8r2,combined,stressid
1,0.5130473,1.0,stressid_h8r2,combined,stressid
1,0.54291224,1.0,stressid_h8r2,combined,stressid
1,0.56901294,1.0,stressid_h8r2,combined,stressid
1,0.54773295,1.0,stressid_h8r2,combined,stressid
1,0.5289527,1.0,stressid_h8r2,combined,stressid
1,0.5312178,1.0,stressid_h8r2,combined,stressid
1,0.5571362,1.0,stressid_h8r2,combined,stressid
1,0.59481466,1.0,stressid_h8r2,combined,stressid
1,0.58690506,1.0,stressid_h8r2,combined,stressid
1,0.6548825,1.0,stressid_h8r2,combined,stressid
1,0.6328617,1.0,stressid_h8r2,combined,stressid
1,0.6412412,1.0,stressid_h8r2,combined,stressid
1,0.6410545,1.0,stressid_h8r2,combined,stressid
1,0.62843686,1.0,stressid_h8r2,combined,stressid
1,0.593674,1.0,stressid_h8r2,combined,stressid
1,0.5998348,1.0,stressid_h8r2,combined,stressid
1,0.6207572,1.0,stressid_h8r2,combined,stressid
1,0.63263774,1.0,stressid_h8r2,combined,stressid
1,0.55354804,1.0,stressid_h8r2,combined,stressid
1,0.5486403,1.0,stressid_h8r2,combined,stressid
1,0.60291517,1.0,stressid_h8r2,combined,stressid
1,0.6825074,1.0,stressid_h8r2,combined,stressid
1,0.67799944,1.0,stressid_h8r2,combined,stressid
1,0.587536,1.0,stressid_h8r2,combined,stressid
1,0.5915494,1.0,stressid_h8r2,combined,stressid
1,0.6438982,1.0,stressid_h8r2,combined,stressid
0,0.5405967,1.0,stressid_h8r2,combined,stressid
0,0.5175554,1.0,stressid_h8r2,combined,stressid
0,0.56050307,1.0,stressid_h8r2,combined,stressid
0,0.6335311,1.0,stressid_h8r2,combined,stressid
0,0.6252103,1.0,stressid_h8r2,combined,stressid
0,0.61590123,1.0,stressid_h8r2,combined,stressid
0,0.62882817,1.0,stressid_h8r2,combined,stressid
0,0.6522867,1.0,stressid_h8r2,combined,stressid
0,0.59743536,1.0,stressid_h8r2,combined,stressid
0,0.5996218,1.0,stressid_h8r2,combined,stressid
0,0.61684215,1.0,stressid_h8r2,combined,stressid
0,0.52833956,1.0,stressid_h8r2,combined,stressid
0,0.52330285,1.0,stressid_h8r2,combined,stressid
0,0.53529483,1.0,stressid_h8r2,combined,stressid
0,0.5719082,1.0,stressid_h8r2,combined,stressid
0,0.5584128,1.0,stressid_h8r2,combined,stressid
0,0.542573,1.0,stressid_h8r2,combined,stressid
0,0.5882697,1.0,stressid_h8r2,combined,stressid
0,0.5855705,1.0,stressid_h8r2,combined,stressid
0,0.3308777,1.0,stressid_h8r2,combined,stressid
0,0.33459952,1.0,stressid_h8r2,combined,stressid
0,0.32312992,1.0,stressid_h8r2,combined,stressid
0,0.32493395,1.0,stressid_h8r2,combined,stressid
0,0.335257,1.0,stressid_h8r2,combined,stressid
0,0.33226046,1.0,stressid_h8r2,combined,stressid
0,0.33028096,1.0,stressid_h8r2,combined,stressid
0,0.3339932,1.0,stressid_h8r2,combined,stressid
0,0.3369269,1.0,stressid_h8r2,combined,stressid
0,0.35753316,1.0,stressid_h8r2,combined,stressid
0,0.33971095,1.0,stressid_h8r2,combined,stressid
0,0.31117317,1.0,stressid_h8r2,combined,stressid
0,0.3315984,1.0,stressid_h8r2,combined,stressid
0,0.31419298,1.0,stressid_h8r2,combined,stressid
0,0.32617173,1.0,stressid_h8r2,combined,stressid
0,0.30519453,1.0,stressid_h8r2,combined,stressid
0,0.28772128,1.0,stressid_h8r2,combined,stressid
0,0.3058223,1.0,stressid_h8r2,combined,stressid
0,0.32173416,1.0,stressid_h8r2,combined,stressid
0,0.32247692,1.0,stressid_h8r2,combined,stressid
0,0.3263788,1.0,stressid_h8r2,combined,stressid
0,0.32561967,1.0,stressid_h8r2,combined,stressid
0,0.2415851,1.0,stressid_h8r2,combined,stressid
0,0.3178175,1.0,stressid_h8r2,combined,stressid
0,0.24191986,1.0,stressid_h8r2,combined,stressid
0,0.24312767,1.0,stressid_h8r2,combined,stressid
0,0.2446358,1.0,stressid_h8r2,combined,stressid
0,0.2458253,1.0,stressid_h8r2,combined,stressid
0,0.24763767,1.0,stressid_h8r2,combined,stressid
0,0.24932645,1.0,stressid_h8r2,combined,stressid
0,0.24957454,1.0,stressid_h8r2,combined,stressid
0,0.25404575,1.0,stressid_h8r2,combined,stressid
0,0.25297797,1.0,stressid_h8r2,combined,stressid
0,0.24928738,1.0,stressid_h8r2,combined,stressid
0,0.32258183,1.0,stressid_h8r2,combined,stressid
0,0.24979408,1.0,stressid_h8r2,combined,stressid
0,0.2501395,1.0,stressid_h8r2,combined,stressid
0,0.2513883,1.0,stressid_h8r2,combined,stressid
0,0.2522516,1.0,stressid_h8r2,combined,stressid
0,0.25225094,1.0,stressid_h8r2,combined,stressid
0,0.25247678,1.0,stressid_h8r2,combined,stressid
0,0.25281167,1.0,stressid_h8r2,combined,stressid
0,0.2554745,1.0,stressid_h8r2,combined,stressid
0,0.25703508,1.0,stressid_h8r2,combined,stressid
0,0.3446362,1.0,stressid_h8r2,combined,stressid
0,0.33837193,1.0,stressid_h8r2,combined,stressid
0,0.3210681,1.0,stressid_h8r2,combined,stressid
0,0.30597284,1.0,stressid_h8r2,combined,stressid
0,0.3103141,1.0,stressid_h8r2,combined,stressid
1,0.5974512,1.0,stressid_h8r2,combined,stressid
1,0.63682526,1.0,stressid_h8r2,combined,stressid
1,0.5977416,1.0,stressid_h8r2,combined,stressid
1,0.69770396,1.0,stressid_h8r2,combined,stressid
1,0.63988787,1.0,stressid_h8r2,combined,stressid
1,0.605308,1.0,stressid_h8r2,combined,stressid
1,0.60878396,1.0,stressid_h8r2,combined,stressid
1,0.6822932,1.0,stressid_h8r2,combined,stressid
1,0.7105002,1.0,stressid_h8r2,combined,stressid
1,0.63589334,1.0,stressid_h8r2,combined,stressid
1,0.6485404,1.0,stressid_h8r2,combined,stressid
1,0.5730354,1.0,stressid_h8r2,combined,stressid
1,0.5069608,1.0,stressid_h8r2,combined,stressid
1,0.5447435,1.0,stressid_h8r2,combined,stressid
1,0.55703807,1.0,stressid_h8r2,combined,stressid
1,0.5606842,1.0,stressid_h8r2,combined,stressid
1,0.5843402,1.0,stressid_h8r2,combined,stressid
1,0.5844015,1.0,stressid_h8r2,combined,stressid
1,0.5871229,1.0,stressid_h8r2,combined,stressid
1,0.60889953,1.0,stressid_h8r2,combined,stressid
1,0.6030494,1.0,stressid_h8r2,combined,stressid
1,0.61710256,1.0,stressid_h8r2,combined,stressid
1,0.6446229,1.0,stressid_h8r2,combined,stressid
1,0.6007571,1.0,stressid_h8r2,combined,stressid
1,0.6115755,1.0,stressid_h8r2,combined,stressid
1,0.62735856,1.0,stressid_h8r2,combined,stressid
1,0.68978196,1.0,stressid_h8r2,combined,stressid
1,0.69542015,1.0,stressid_h8r2,combined,stressid
1,0.62703925,1.0,stressid_h8r2,combined,stressid
1,0.58479995,1.0,stressid_h8r2,combined,stressid
1,0.5649936,1.0,stressid_h8r2,combined,stressid
1,0.59524125,1.0,stressid_h8r2,combined,stressid
1,0.56826365,1.0,stressid_h8r2,combined,stressid
1,0.55542696,1.0,stressid_h8r2,combined,stressid
1,0.5617675,1.0,stressid_h8r2,combined,stressid
1,0.63401616,1.0,stressid_h8r2,combined,stressid
1,0.727654,1.0,stressid_h8r2,combined,stressid
1,0.6806617,1.0,stressid_h8r2,combined,stressid
0,0.21266513,1.0,stressid_h8r2,combined,stressid
0,0.21321762,1.0,stressid_h8r2,combined,stressid
0,0.20727415,1.0,stressid_h8r2,combined,stressid
0,0.20795123,1.0,stressid_h8r2,combined,stressid
0,0.22954273,1.0,stressid_h8r2,combined,stressid
0,0.22702171,1.0,stressid_h8r2,combined,stressid
0,0.21766928,1.0,stressid_h8r2,combined,stressid
0,0.22338286,1.0,stressid_h8r2,combined,stressid
0,0.22101572,1.0,stressid_h8r2,combined,stressid
0,0.20401484,1.0,stressid_h8r2,combined,stressid
0,0.18919638,1.0,stressid_h8r2,combined,stressid
0,0.20087926,1.0,stressid_h8r2,combined,stressid
0,0.18796834,1.0,stressid_h8r2,combined,stressid
0,0.21389128,1.0,stressid_h8r2,combined,stressid
0,0.22486587,1.0,stressid_h8r2,combined,stressid
0,0.21950121,1.0,stressid_h8r2,combined,stressid
0,0.21845242,1.0,stressid_h8r2,combined,stressid
0,0.21586893,1.0,stressid_h8r2,combined,stressid
0,0.22122766,1.0,stressid_h8r2,combined,stressid
0,0.23264427,1.0,stressid_h8r2,combined,stressid
0,0.24531735,1.0,stressid_h8r2,combined,stressid
0,0.23393126,1.0,stressid_h8r2,combined,stressid
0,0.24171157,1.0,stressid_h8r2,combined,stressid
0,0.18189262,1.0,stressid_h8r2,combined,stressid
0,0.22171053,1.0,stressid_h8r2,combined,stressid
0,0.23424166,1.0,stressid_h8r2,combined,stressid
0,0.25513443,1.0,stressid_h8r2,combined,stressid
0,0.21040186,1.0,stressid_h8r2,combined,stressid
0,0.21185909,1.0,stressid_h8r2,combined,stressid
0,0.20344967,1.0,stressid_h8r2,combined,stressid
0,0.20330891,1.0,stressid_h8r2,combined,stressid
0,0.21047255,1.0,stressid_h8r2,combined,stressid
0,0.22078437,1.0,stressid_h8r2,combined,stressid
0,0.22155367,1.0,stressid_h8r2,combined,stressid
0,0.18612096,1.0,stressid_h8r2,combined,stressid
0,0.21616706,1.0,stressid_h8r2,combined,stressid
0,0.21959913,1.0,stressid_h8r2,combined,stressid
0,0.19837505,1.0,stressid_h8r2,combined,stressid
0,0.19472755,1.0,stressid_h8r2,combined,stressid
0,0.22692536,1.0,stressid_h8r2,combined,stressid
0,0.22760962,1.0,stressid_h8r2,combined,stressid
0,0.2283649,1.0,stressid_h8r2,combined,stressid
0,0.211356,1.0,stressid_h8r2,combined,stressid
0,0.20169537,1.0,stressid_h8r2,combined,stressid
0,0.19856648,1.0,stressid_h8r2,combined,stressid
0,0.18783139,1.0,stressid_h8r2,combined,stressid
0,0.19896583,1.0,stressid_h8r2,combined,stressid
0,0.19837275,1.0,stressid_h8r2,combined,stressid
0,0.1936901,1.0,stressid_h8r2,combined,stressid
0,0.19488491,1.0,stressid_h8r2,combined,stressid
0,0.19908327,1.0,stressid_h8r2,combined,stressid
0,0.20743948,1.0,stressid_h8r2,combined,stressid
0,0.20784627,1.0,stressid_h8r2,combined,stressid
0,0.20387428,1.0,stressid_h8r2,combined,stressid
0,0.20069052,1.0,stressid_h8r2,combined,stressid
0,0.22575963,1.0,stressid_h8r2,combined,stressid
0,0.21122678,1.0,stressid_h8r2,combined,stressid
0,0.2448678,1.0,stressid_h8r2,combined,stressid
0,0.22475266,1.0,stressid_h8r2,combined,stressid
0,0.17736407,1.0,stressid_h8r2,combined,stressid
0,0.21137589,1.0,stressid_h8r2,combined,stressid
0,0.23541714,1.0,stressid_h8r2,combined,stressid
0,0.22580324,1.0,stressid_h8r2,combined,stressid
0,0.22204489,1.0,stressid_h8r2,combined,stressid
0,0.22639388,1.0,stressid_h8r2,combined,stressid
0,0.2128213,1.0,stressid_h8r2,combined,stressid
0,0.20579928,1.0,stressid_h8r2,combined,stressid
0,0.17204237,1.0,stressid_h8r2,combined,stressid
0,0.15429498,1.0,stressid_h8r2,combined,stressid
0,0.23962721,1.0,stressid_h8r2,combined,stressid
0,0.1683947,1.0,stressid_h8r2,combined,stressid
0,0.19491751,1.0,stressid_h8r2,combined,stressid
0,0.19267607,1.0,stressid_h8r2,combined,stressid
0,0.19378954,1.0,stressid_h8r2,combined,stressid
0,0.19782886,1.0,stressid_h8r2,combined,stressid
0,0.20205498,1.0,stressid_h8r2,combined,stressid
0,0.19807473,1.0,stressid_h8r2,combined,stressid
0,0.19922073,1.0,stressid_h8r2,combined,stressid
0,0.19787169,1.0,stressid_h8r2,combined,stressid
0,0.19626287,1.0,stressid_h8r2,combined,stressid
0,0.24192847,1.0,stressid_h8r2,combined,stressid
0,0.19696237,1.0,stressid_h8r2,combined,stressid
0,0.19645093,1.0,stressid_h8r2,combined,stressid
0,0.19496909,1.0,stressid_h8r2,combined,stressid
0,0.19566469,1.0,stressid_h8r2,combined,stressid
0,0.19630441,1.0,stressid_h8r2,combined,stressid
0,0.19630237,1.0,stressid_h8r2,combined,stressid
0,0.1962481,1.0,stressid_h8r2,combined,stressid
0,0.19960232,1.0,stressid_h8r2,combined,stressid
0,0.25244457,1.0,stressid_h8r2,combined,stressid
0,0.23970793,1.0,stressid_h8r2,combined,stressid
0,0.20288302,1.0,stressid_h8r2,combined,stressid
0,0.1972984,1.0,stressid_h8r2,combined,stressid
0,0.20955531,1.0,stressid_h8r2,combined,stressid
0,0.17827724,1.0,stressid_h8r2,combined,stressid
0,0.33309495,1.0,stressid_h8s1,combined,stressid
0,0.3145425,1.0,stressid_h8s1,combined,stressid
0,0.2708171,1.0,stressid_h8s1,combined,stressid
0,0.29085565,1.0,stressid_h8s1,combined,stressid
0,0.3215804,1.0,stressid_h8s1,combined,stressid
0,0.31716317,1.0,stressid_h8s1,combined,stressid
0,0.28153205,1.0,stressid_h8s1,combined,stressid
0,0.25959113,1.0,stressid_h8s1,combined,stressid
0,0.2468295,1.0,stressid_h8s1,combined,stressid
0,0.28273037,1.0,stressid_h8s1,combined,stressid
0,0.31699586,1.0,stressid_h8s1,combined,stressid
0,0.3219253,1.0,stressid_h8s1,combined,stressid
0,0.28812695,1.0,stressid_h8s1,combined,stressid
0,0.3104829,1.0,stressid_h8s1,combined,stressid
0,0.3099238,1.0,stressid_h8s1,combined,stressid
0,0.3028221,1.0,stressid_h8s1,combined,stressid
0,0.30261225,1.0,stressid_h8s1,combined,stressid
0,0.25168833,1.0,stressid_h8s1,combined,stressid
0,0.22789998,1.0,stressid_h8s1,combined,stressid
0,0.225965,1.0,stressid_h8s1,combined,stressid
0,0.2085518,1.0,stressid_h8s1,combined,stressid
0,0.24915011,1.0,stressid_h8s1,combined,stressid
0,0.2939972,1.0,stressid_h8s1,combined,stressid
0,0.29789627,1.0,stressid_h8s1,combined,stressid
0,0.29977474,1.0,stressid_h8s1,combined,stressid
0,0.30283546,1.0,stressid_h8s1,combined,stressid
0,0.2965438,1.0,stressid_h8s1,combined,stressid
0,0.29105046,1.0,stressid_h8s1,combined,stressid
0,0.28669786,1.0,stressid_h8s1,combined,stressid
0,0.2743341,1.0,stressid_h8s1,combined,stressid
0,0.3024467,1.0,stressid_h8s1,combined,stressid
0,0.31540242,1.0,stressid_h8s1,combined,stressid
0,0.30256072,1.0,stressid_h8s1,combined,stressid
0,0.25331876,1.0,stressid_h8s1,combined,stressid
0,0.24574521,1.0,stressid_h8s1,combined,stressid
0,0.25425518,1.0,stressid_h8s1,combined,stressid
1,0.6709815,1.0,stressid_h8s1,combined,stressid
1,0.65750194,1.0,stressid_h8s1,combined,stressid
1,0.62236935,1.0,stressid_h8s1,combined,stressid
1,0.6228169,1.0,stressid_h8s1,combined,stressid
1,0.63830006,1.0,stressid_h8s1,combined,stressid
1,0.65651035,1.0,stressid_h8s1,combined,stressid
1,0.6448193,1.0,stressid_h8s1,combined,stressid
1,0.65448475,1.0,stressid_h8s1,combined,stressid
1,0.65773016,1.0,stressid_h8s1,combined,stressid
1,0.62960744,1.0,stressid_h8s1,combined,stressid
1,0.62453395,1.0,stressid_h8s1,combined,stressid
1,0.6951973,1.0,stressid_h8s1,combined,stressid
1,0.6864916,1.0,stressid_h8s1,combined,stressid
1,0.64907295,1.0,stressid_h8s1,combined,stressid
1,0.6664139,1.0,stressid_h8s1,combined,stressid
1,0.66720235,1.0,stressid_h8s1,combined,stressid
1,0.67482007,1.0,stressid_h8s1,combined,stressid
1,0.66927785,1.0,stressid_h8s1,combined,stressid
1,0.65920377,1.0,stressid_h8s1,combined,stressid
1,0.66566885,1.0,stressid_h8s1,combined,stressid
1,0.6646041,1.0,stressid_h8s1,combined,stressid
1,0.6522816,1.0,stressid_h8s1,combined,stressid
1,0.64130783,1.0,stressid_h8s1,combined,stressid
1,0.59383345,1.0,stressid_h8s1,combined,stressid
1,0.56968397,1.0,stressid_h8s1,combined,stressid
1,0.5861278,1.0,stressid_h8s1,combined,stressid
1,0.64713573,1.0,stressid_h8s1,combined,stressid
1,0.7033955,1.0,stressid_h8s1,combined,stressid
1,0.6724347,1.0,stressid_h8s1,combined,stressid
1,0.6024953,1.0,stressid_h8s1,combined,stressid
1,0.5997711,1.0,stressid_h8s1,combined,stressid
1,0.62244153,1.0,stressid_h8s1,combined,stressid
1,0.59179044,1.0,stressid_h8s1,combined,stressid
1,0.6402073,1.0,stressid_h8s1,combined,stressid
1,0.6339117,1.0,stressid_h8s1,combined,stressid
1,0.57766217,1.0,stressid_h8s1,combined,stressid
1,0.6291637,1.0,stressid_h8s1,combined,stressid
1,0.6112283,1.0,stressid_h8s1,combined,stressid
1,0.59838337,1.0,stressid_h8s1,combined,stressid
1,0.5950955,1.0,stressid_h8s1,combined,stressid
1,0.5945987,1.0,stressid_h8s1,combined,stressid
1,0.60024136,1.0,stressid_h8s1,combined,stressid
1,0.59524375,1.0,stressid_h8s1,combined,stressid
1,0.58296025,1.0,stressid_h8s1,combined,stressid
1,0.6478066,1.0,stressid_h8s1,combined,stressid
1,0.66091174,1.0,stressid_h8s1,combined,stressid
1,0.6606697,1.0,stressid_h8s1,combined,stressid
1,0.68459016,1.0,stressid_h8s1,combined,stressid
1,0.6758557,1.0,stressid_h8s1,combined,stressid
1,0.63146335,1.0,stressid_h8s1,combined,stressid
1,0.5972565,1.0,stressid_h8s1,combined,stressid
1,0.5900638,1.0,stressid_h8s1,combined,stressid
1,0.59363884,1.0,stressid_h8s1,combined,stressid
1,0.6880725,1.0,stressid_h8s1,combined,stressid
1,0.720853,1.0,stressid_h8s1,combined,stressid
0,0.19699413,1.0,stressid_h8s1,combined,stressid
0,0.1959296,1.0,stressid_h8s1,combined,stressid
0,0.21551841,1.0,stressid_h8s1,combined,stressid
0,0.19738345,1.0,stressid_h8s1,combined,stressid
0,0.20400141,1.0,stressid_h8s1,combined,stressid
0,0.21398528,1.0,stressid_h8s1,combined,stressid
0,0.22071062,1.0,stressid_h8s1,combined,stressid
0,0.21364829,1.0,stressid_h8s1,combined,stressid
0,0.19631685,1.0,stressid_h8s1,combined,stressid
0,0.18725936,1.0,stressid_h8s1,combined,stressid
0,0.19818042,1.0,stressid_h8s1,combined,stressid
0,0.20434238,1.0,stressid_h8s1,combined,stressid
0,0.18443397,1.0,stressid_h8s1,combined,stressid
0,0.21333817,1.0,stressid_h8s1,combined,stressid
0,0.19708423,1.0,stressid_h8s1,combined,stressid
0,0.17167893,1.0,stressid_h8s1,combined,stressid
0,0.16763127,1.0,stressid_h8s1,combined,stressid
0,0.16823468,1.0,stressid_h8s1,combined,stressid
0,0.17182195,1.0,stressid_h8s1,combined,stressid
0,0.18156633,1.0,stressid_h8s1,combined,stressid
0,0.20313326,1.0,stressid_h8s1,combined,stressid
0,0.21418928,1.0,stressid_h8s1,combined,stressid
0,0.27440253,1.0,stressid_h8s1,combined,stressid
0,0.19349648,1.0,stressid_h8s1,combined,stressid
0,0.19305979,1.0,stressid_h8s1,combined,stressid
0,0.18007939,1.0,stressid_h8s1,combined,stressid
0,0.18338074,1.0,stressid_h8s1,combined,stressid
0,0.18943995,1.0,stressid_h8s1,combined,stressid
0,0.2029611,1.0,stressid_h8s1,combined,stressid
0,0.2213355,1.0,stressid_h8s1,combined,stressid
1,0.6617849,1.0,stressid_h8s1,combined,stressid
1,0.65820056,1.0,stressid_h8s1,combined,stressid
1,0.59451133,1.0,stressid_h8s1,combined,stressid
1,0.6304508,1.0,stressid_h8s1,combined,stressid
1,0.6232711,1.0,stressid_h8s1,combined,stressid
1,0.65118325,1.0,stressid_h8s1,combined,stressid
1,0.65343076,1.0,stressid_h8s1,combined,stressid
1,0.6153727,1.0,stressid_h8s1,combined,stressid
1,0.58210796,1.0,stressid_h8s1,combined,stressid
1,0.58623356,1.0,stressid_h8s1,combined,stressid
1,0.61105615,1.0,stressid_h8s1,combined,stressid
1,0.61661327,1.0,stressid_h8s1,combined,stressid
1,0.6257462,1.0,stressid_h8s1,combined,stressid
1,0.64704096,1.0,stressid_h8s1,combined,stressid
1,0.6590934,1.0,stressid_h8s1,combined,stressid
1,0.65446955,1.0,stressid_h8s1,combined,stressid
1,0.63790077,1.0,stressid_h8s1,combined,stressid
1,0.6027337,1.0,stressid_h8s1,combined,stressid
1,0.62438226,1.0,stressid_h8s1,combined,stressid
1,0.6330255,1.0,stressid_h8s1,combined,stressid
1,0.59970605,1.0,stressid_h8s1,combined,stressid
1,0.62164205,1.0,stressid_h8s1,combined,stressid
0,0.1918246,1.0,stressid_h8s1,combined,stressid
0,0.20572804,1.0,stressid_h8s1,combined,stressid
0,0.18415993,1.0,stressid_h8s1,combined,stressid
0,0.17402971,1.0,stressid_h8s1,combined,stressid
0,0.17709874,1.0,stressid_h8s1,combined,stressid
0,0.18377556,1.0,stressid_h8s1,combined,stressid
0,0.17902873,1.0,stressid_h8s1,combined,stressid
0,0.17294183,1.0,stressid_h8s1,combined,stressid
0,0.17237148,1.0,stressid_h8s1,combined,stressid
0,0.17929581,1.0,stressid_h8s1,combined,stressid
0,0.19508979,1.0,stressid_h8s1,combined,stressid
0,0.19863659,1.0,stressid_h8s1,combined,stressid
0,0.19357473,1.0,stressid_h8s1,combined,stressid
0,0.1717519,1.0,stressid_h8s1,combined,stressid
0,0.17311251,1.0,stressid_h8s1,combined,stressid
0,0.2134634,1.0,stressid_h8s1,combined,stressid
0,0.21485074,1.0,stressid_h8s1,combined,stressid
0,0.17920034,1.0,stressid_h8s1,combined,stressid
0,0.18211539,1.0,stressid_h8s1,combined,stressid
0,0.18865664,1.0,stressid_h8s1,combined,stressid
0,0.2024793,1.0,stressid_h8s1,combined,stressid
0,0.23509604,1.0,stressid_h8s1,combined,stressid
0,0.22347869,1.0,stressid_h8s1,combined,stressid
0,0.18433306,1.0,stressid_h8s1,combined,stressid
0,0.17940687,1.0,stressid_h8s1,combined,stressid
0,0.20891334,1.0,stressid_h8s1,combined,stressid
0,0.25995407,1.0,stressid_h8s1,combined,stressid
0,0.27507538,1.0,stressid_h8s1,combined,stressid
0,0.2748221,1.0,stressid_h8s1,combined,stressid
0,0.1777795,1.0,stressid_h8s1,combined,stressid
0,0.17900138,1.0,stressid_h8s1,combined,stressid
0,0.19268872,1.0,stressid_h8s1,combined,stressid
0,0.1989236,1.0,stressid_h8s1,combined,stressid
0,0.19000809,1.0,stressid_h8s1,combined,stressid
0,0.18440484,1.0,stressid_h8s1,combined,stressid
0,0.18009579,1.0,stressid_h8s1,combined,stressid
0,0.17990188,1.0,stressid_h8s1,combined,stressid
0,0.18822339,1.0,stressid_h8s1,combined,stressid
0,0.26066583,1.0,stressid_h8s1,combined,stressid
0,0.24546215,1.0,stressid_h8s1,combined,stressid
0,0.17784527,1.0,stressid_h8s1,combined,stressid
0,0.17378452,1.0,stressid_h8s1,combined,stressid
0,0.17327341,1.0,stressid_h8s1,combined,stressid
0,0.18023835,1.0,stressid_h8s1,combined,stressid
0,0.18608369,1.0,stressid_h8s1,combined,stressid
0,0.19154473,1.0,stressid_h8s1,combined,stressid
0,0.20731705,1.0,stressid_h8s1,combined,stressid
0,0.16956323,1.0,stressid_h8s1,combined,stressid
0,0.20758559,1.0,stressid_h8s1,combined,stressid
0,0.20020813,1.0,stressid_h8s1,combined,stressid
0,0.27524763,1.0,stressid_h8s1,combined,stressid
0,0.1701865,1.0,stressid_h8s1,combined,stressid
0,0.17867124,1.0,stressid_h8s1,combined,stressid
0,0.1761336,1.0,stressid_h8s1,combined,stressid
0,0.18278517,1.0,stressid_h8s1,combined,stressid
0,0.18844986,1.0,stressid_h8s1,combined,stressid
0,0.18458672,1.0,stressid_h8s1,combined,stressid
0,0.18258134,1.0,stressid_h8s1,combined,stressid
0,0.28211713,1.0,stressid_x1q3,combined,stressid
0,0.28039834,1.0,stressid_x1q3,combined,stressid
0,0.26316217,1.0,stressid_x1q3,combined,stressid
0,0.28295672,1.0,stressid_x1q3,combined,stressid
0,0.22654098,1.0,stressid_x1q3,combined,stressid
0,0.19203337,1.0,stressid_x1q3,combined,stressid
0,0.20799853,1.0,stressid_x1q3,combined,stressid
0,0.21312593,1.0,stressid_x1q3,combined,stressid
0,0.22834557,1.0,stressid_x1q3,combined,stressid
0,0.21990691,1.0,stressid_x1q3,combined,stressid
0,0.21006523,1.0,stressid_x1q3,combined,stressid
0,0.22299281,1.0,stressid_x1q3,combined,stressid
0,0.24824266,1.0,stressid_x1q3,combined,stressid
0,0.2279725,1.0,stressid_x1q3,combined,stressid
0,0.21558475,1.0,stressid_x1q3,combined,stressid
0,0.21524473,1.0,stressid_x1q3,combined,stressid
0,0.22090445,1.0,stressid_x1q3,combined,stressid
0,0.24013215,1.0,stressid_x1q3,combined,stressid
0,0.23494948,1.0,stressid_x1q3,combined,stressid
0,0.22929591,1.0,stressid_x1q3,combined,stressid
0,0.236895,1.0,stressid_x1q3,combined,stressid
0,0.22680761,1.0,stressid_x1q3,combined,stressid
0,0.22158866,1.0,stressid_x1q3,combined,stressid
0,0.214821,1.0,stressid_x1q3,combined,stressid
0,0.23021889,1.0,stressid_x1q3,combined,stressid
0,0.23160794,1.0,stressid_x1q3,combined,stressid
0,0.22678345,1.0,stressid_x1q3,combined,stressid
0,0.23197919,1.0,stressid_x1q3,combined,stressid
0,0.2332718,1.0,stressid_x1q3,combined,stressid
0,0.19896245,1.0,stressid_x1q3,combined,stressid
0,0.19893113,1.0,stressid_x1q3,combined,stressid
0,0.1987617,1.0,stressid_x1q3,combined,stressid
0,0.19880755,1.0,stressid_x1q3,combined,stressid
0,0.19901758,1.0,stressid_x1q3,combined,stressid
0,0.21461083,1.0,stressid_x1q3,combined,stressid
0,0.19906312,1.0,stressid_x1q3,combined,stressid
0,0.19884938,1.0,stressid_x1q3,combined,stressid
0,0.19864443,1.0,stressid_x1q3,combined,stressid
0,0.1989252,1.0,stressid_x1q3,combined,stressid
0,0.19907886,1.0,stressid_x1q3,combined,stressid
0,0.1990034,1.0,stressid_x1q3,combined,stressid
0,0.19920643,1.0,stressid_x1q3,combined,stressid
0,0.1993354,1.0,stressid_x1q3,combined,stressid
0,0.19930676,1.0,stressid_x1q3,combined,stressid
0,0.19910681,1.0,stressid_x1q3,combined,stressid
0,0.19790109,1.0,stressid_x1q3,combined,stressid
0,0.19902454,1.0,stressid_x1q3,combined,stressid
0,0.19911554,1.0,stressid_x1q3,combined,stressid
0,0.19924447,1.0,stressid_x1q3,combined,stressid
0,0.19926244,1.0,stressid_x1q3,combined,stressid
0,0.19934468,1.0,stressid_x1q3,combined,stressid
0,0.19951962,1.0,stressid_x1q3,combined,stressid
0,0.19949062,1.0,stressid_x1q3,combined,stressid
0,0.1994392,1.0,stressid_x1q3,combined,stressid
0,0.1994369,1.0,stressid_x1q3,combined,stressid
0,0.22024463,1.0,stressid_x1q3,combined,stressid
0,0.21613938,1.0,stressid_x1q3,combined,stressid
0,0.20432785,1.0,stressid_x1q3,combined,stressid
0,0.22690824,1.0,stressid_x1q3,combined,stressid
1,0.69173783,1.0,stressid_x1q3,combined,stressid
1,0.6403496,1.0,stressid_x1q3,combined,stressid
1,0.7620996,1.0,stressid_x1q3,combined,stressid
1,0.76696354,1.0,stressid_x1q3,combined,stressid
1,0.74757,1.0,stressid_x1q3,combined,stressid
1,0.7545959,1.0,stressid_x1q3,combined,stressid
1,0.74310994,1.0,stressid_x1q3,combined,stressid
1,0.7342666,1.0,stressid_x1q3,combined,stressid
1,0.73652625,1.0,stressid_x1q3,combined,stressid
1,0.74004394,1.0,stressid_x1q3,combined,stressid
1,0.748251,1.0,stressid_x1q3,combined,stressid
1,0.69618523,1.0,stressid_x1q3,combined,stressid
1,0.731105,1.0,stressid_x1q3,combined,stressid
1,0.74991745,1.0,stressid_x1q3,combined,stressid
1,0.7659728,1.0,stressid_x1q3,combined,stressid
1,0.76311743,1.0,stressid_x1q3,combined,stressid
1,0.74436754,1.0,stressid_x1q3,combined,stressid
1,0.73923916,1.0,stressid_x1q3,combined,stressid
1,0.7674663,1.0,stressid_x1q3,combined,stressid
1,0.7084437,1.0,stressid_x1q3,combined,stressid
1,0.71071887,1.0,stressid_x1q3,combined,stressid
1,0.7025233,1.0,stressid_x1q3,combined,stressid
1,0.73296547,1.0,stressid_x1q3,combined,stressid
1,0.746591,1.0,stressid_x1q3,combined,stressid
1,0.7706119,1.0,stressid_x1q3,combined,stressid
1,0.7751749,1.0,stressid_x1q3,combined,stressid
1,0.75633144,1.0,stressid_x1q3,combined,stressid
1,0.7661011,1.0,stressid_x1q3,combined,stressid
1,0.7697273,1.0,stressid_x1q3,combined,stressid
1,0.77255416,1.0,stressid_x1q3,combined,stressid
1,0.7177759,1.0,stressid_x1q3,combined,stressid
1,0.73707086,1.0,stressid_x1q3,combined,stressid
1,0.72914636,1.0,stressid_x1q3,combined,stressid
1,0.73764014,1.0,stressid_x1q3,combined,stressid
1,0.7350576,1.0,stressid_x1q3,combined,stressid
1,0.7128324,1.0,stressid_x1q3,combined,stressid
1,0.7062577,1.0,stressid_x1q3,combined,stressid
1,0.7076892,1.0,stressid_x1q3,combined,stressid
1,0.6843009,1.0,stressid_x1q3,combined,stressid
1,0.7121534,1.0,stressid_x1q3,combined,stressid
1,0.7554401,1.0,stressid_x1q3,combined,stressid
1,0.7740748,1.0,stressid_x1q3,combined,stressid
1,0.7752328,1.0,stressid_x1q3,combined,stressid
1,0.77520305,1.0,stressid_x1q3,combined,stressid
1,0.7624419,1.0,stressid_x1q3,combined,stressid
1,0.74184775,1.0,stressid_x1q3,combined,stressid
1,0.75085515,1.0,stressid_x1q3,combined,stressid
1,0.7631194,1.0,stressid_x1q3,combined,stressid
1,0.7344966,1.0,stressid_x1q3,combined,stressid
1,0.6970016,1.0,stressid_x1q3,combined,stressid
1,0.6953671,1.0,stressid_x1q3,combined,stressid
1,0.7172681,1.0,stressid_x1q3,combined,stressid
1,0.71586543,1.0,stressid_x1q3,combined,stressid
1,0.7027279,1.0,stressid_x1q3,combined,stressid
1,0.7327463,1.0,stressid_x1q3,combined,stressid
1,0.7399049,1.0,stressid_x1q3,combined,stressid
1,0.73625636,1.0,stressid_x1q3,combined,stressid
1,0.68007517,1.0,stressid_x1q3,combined,stressid
1,0.693707,1.0,stressid_x1q3,combined,stressid
1,0.7096698,1.0,stressid_x1q3,combined,stressid
1,0.7136738,1.0,stressid_x1q3,combined,stressid
1,0.7349144,1.0,stressid_x1q3,combined,stressid
1,0.7644372,1.0,stressid_x1q3,combined,stressid
1,0.76238394,1.0,stressid_x1q3,combined,stressid
1,0.7477107,1.0,stressid_x1q3,combined,stressid
1,0.72074467,1.0,stressid_x1q3,combined,stressid
1,0.7323257,1.0,stressid_x1q3,combined,stressid
1,0.7566023,1.0,stressid_x1q3,combined,stressid
1,0.6964374,1.0,stressid_x1q3,combined,stressid
1,0.69879216,1.0,stressid_x1q3,combined,stressid
1,0.70081383,1.0,stressid_x1q3,combined,stressid
1,0.6926021,1.0,stressid_x1q3,combined,stressid
1,0.71946234,1.0,stressid_x1q3,combined,stressid
1,0.69898736,1.0,stressid_x1q3,combined,stressid
1,0.704529,1.0,stressid_x1q3,combined,stressid
1,0.72086614,1.0,stressid_x1q3,combined,stressid
1,0.6704105,1.0,stressid_x1q3,combined,stressid
1,0.6722224,1.0,stressid_x1q3,combined,stressid
1,0.7193654,1.0,stressid_x1q3,combined,stressid
1,0.7526691,1.0,stressid_x1q3,combined,stressid
1,0.74193627,1.0,stressid_x1q3,combined,stressid
1,0.7634077,1.0,stressid_x1q3,combined,stressid
1,0.7694849,1.0,stressid_x1q3,combined,stressid
1,0.75150967,1.0,stressid_x1q3,combined,stressid
1,0.7421211,1.0,stressid_x1q3,combined,stressid
1,0.7532497,1.0,stressid_x1q3,combined,stressid
1,0.73421633,1.0,stressid_x1q3,combined,stressid
1,0.7158801,1.0,stressid_x1q3,combined,stressid
1,0.70553637,1.0,stressid_x1q3,combined,stressid
1,0.7050339,1.0,stressid_x1q3,combined,stressid
1,0.7026025,1.0,stressid_x1q3,combined,stressid
1,0.7039656,1.0,stressid_x1q3,combined,stressid
1,0.69390255,1.0,stressid_x1q3,combined,stressid
1,0.6729858,1.0,stressid_x1q3,combined,stressid
1,0.71114206,1.0,stressid_x1q3,combined,stressid
0,0.18450572,1.0,stressid_x1q3,combined,stressid
0,0.18937714,1.0,stressid_x1q3,combined,stressid
0,0.19068767,1.0,stressid_x1q3,combined,stressid
0,0.1947666,1.0,stressid_x1q3,combined,stressid
0,0.20284742,1.0,stressid_x1q3,combined,stressid
0,0.21000937,1.0,stressid_x1q3,combined,stressid
0,0.21118452,1.0,stressid_x1q3,combined,stressid
0,0.20554514,1.0,stressid_x1q3,combined,stressid
0,0.23197143,1.0,stressid_x1q3,combined,stressid
0,0.21652454,1.0,stressid_x1q3,combined,stressid
0,0.19462147,1.0,stressid_x1q3,combined,stressid
0,0.1975348,1.0,stressid_x1q3,combined,stressid
0,0.19346327,1.0,stressid_x1q3,combined,stressid
0,0.20309733,1.0,stressid_x1q3,combined,stressid
0,0.20671353,1.0,stressid_x1q3,combined,stressid
0,0.21108575,1.0,stressid_x1q3,combined,stressid
0,0.21276654,1.0,stressid_x1q3,combined,stressid
0,0.21847053,1.0,stressid_x1q3,combined,stressid
0,0.21876955,1.0,stressid_x1q3,combined,stressid
0,0.2195942,1.0,stressid_x1q3,combined,stressid
0,0.2276584,1.0,stressid_x1q3,combined,stressid
0,0.2300787,1.0,stressid_x1q3,combined,stressid
0,0.19161488,1.0,stressid_x1q3,combined,stressid
0,0.1937213,1.0,stressid_x1q3,combined,stressid
0,0.19153829,1.0,stressid_x1q3,combined,stressid
0,0.19135995,1.0,stressid_x1q3,combined,stressid
0,0.19136608,1.0,stressid_x1q3,combined,stressid
0,0.19176087,1.0,stressid_x1q3,combined,stressid
0,0.19183542,1.0,stressid_x1q3,combined,stressid
0,0.19209605,1.0,stressid_x1q3,combined,stressid
0,0.19377501,1.0,stressid_x1q3,combined,stressid
0,0.19590445,1.0,stressid_x1q3,combined,stressid
0,0.19644101,1.0,stressid_x1q3,combined,stressid
0,0.19694005,1.0,stressid_x1q3,combined,stressid
0,0.19252345,1.0,stressid_x1q3,combined,stressid
0,0.19751942,1.0,stressid_x1q3,combined,stressid
0,0.1964254,1.0,stressid_x1q3,combined,stressid
0,0.19557075,1.0,stressid_x1q3,combined,stressid
0,0.19551288,1.0,stressid_x1q3,combined,stressid
0,0.1938398,1.0,stressid_x1q3,combined,stressid
0,0.192606,1.0,stressid_x1q3,combined,stressid
0,0.19292167,1.0,stressid_x1q3,combined,stressid
0,0.19305956,1.0,stressid_x1q3,combined,stressid
0,0.19255753,1.0,stressid_x1q3,combined,stressid
0,0.19262315,1.0,stressid_x1q3,combined,stressid
0,0.1918436,1.0,stressid_x1q3,combined,stressid
0,0.19354223,1.0,stressid_x1q3,combined,stressid
0,0.1955994,1.0,stressid_x1q3,combined,stressid
0,0.19117884,1.0,stressid_x1q3,combined,stressid
1,0.7120791,1.0,stressid_x1q3,combined,stressid
1,0.68430316,1.0,stressid_x1q3,combined,stressid
1,0.6872727,1.0,stressid_x1q3,combined,stressid
1,0.7424769,1.0,stressid_x1q3,combined,stressid
1,0.75429374,1.0,stressid_x1q3,combined,stressid
1,0.74017566,1.0,stressid_x1q3,combined,stressid
1,0.7230559,1.0,stressid_x1q3,combined,stressid
1,0.7105944,1.0,stressid_x1q3,combined,stressid
1,0.71370065,1.0,stressid_x1q3,combined,stressid
1,0.7140051,1.0,stressid_x1q3,combined,stressid
1,0.69975775,1.0,stressid_x1q3,combined,stressid
1,0.70874655,1.0,stressid_x1q3,combined,stressid
1,0.7179881,1.0,stressid_x1q3,combined,stressid
1,0.6999767,1.0,stressid_x1q3,combined,stressid
1,0.6873897,1.0,stressid_x1q3,combined,stressid
1,0.72529745,1.0,stressid_x1q3,combined,stressid
1,0.7047966,1.0,stressid_x1q3,combined,stressid
1,0.70578074,1.0,stressid_x1q3,combined,stressid
1,0.7265017,1.0,stressid_x1q3,combined,stressid
1,0.66206026,1.0,stressid_x1q3,combined,stressid
1,0.6722666,1.0,stressid_x1q3,combined,stressid
1,0.73198885,1.0,stressid_x1q3,combined,stressid
1,0.7507492,1.0,stressid_x1q3,combined,stressid
1,0.77082807,1.0,stressid_x1q3,combined,stressid
1,0.77043235,1.0,stressid_x1q3,combined,stressid
1,0.7541008,1.0,stressid_x1q3,combined,stressid
1,0.7547142,1.0,stressid_x1q3,combined,stressid
1,0.76632816,1.0,stressid_x1q3,combined,stressid
1,0.77490854,1.0,stressid_x1q3,combined,stressid
1,0.782332,1.0,stressid_x1q3,combined,stressid
1,0.69535595,1.0,stressid_x1q3,combined,stressid
1,0.69685394,1.0,stressid_x1q3,combined,stressid
1,0.6926092,1.0,stressid_x1q3,combined,stressid
1,0.7036072,1.0,stressid_x1q3,combined,stressid
1,0.7046181,1.0,stressid_x1q3,combined,stressid
1,0.6965797,1.0,stressid_x1q3,combined,stressid
1,0.70643955,1.0,stressid_x1q3,combined,stressid
1,0.7358936,1.0,stressid_x1q3,combined,stressid
1,0.24730994,1.0,stressid_x1q3,combined,stressid
1,0.2276365,1.0,stressid_x1q3,combined,stressid
1,0.20082128,1.0,stressid_x1q3,combined,stressid
1,0.20071033,1.0,stressid_x1q3,combined,stressid
1,0.21075647,1.0,stressid_x1q3,combined,stressid
1,0.21694024,1.0,stressid_x1q3,combined,stressid
1,0.21555224,1.0,stressid_x1q3,combined,stressid
1,0.21600099,1.0,stressid_x1q3,combined,stressid
1,0.21928243,1.0,stressid_x1q3,combined,stressid
1,0.22041005,1.0,stressid_x1q3,combined,stressid
1,0.21865699,1.0,stressid_x1q3,combined,stressid
1,0.21997051,1.0,stressid_x1q3,combined,stressid
1,0.21472336,1.0,stressid_x1q3,combined,stressid
1,0.22441503,1.0,stressid_x1q3,combined,stressid
1,0.2231537,1.0,stressid_x1q3,combined,stressid
1,0.23009224,1.0,stressid_x1q3,combined,stressid
1,0.22943875,1.0,stressid_x1q3,combined,stressid
1,0.22524141,1.0,stressid_x1q3,combined,stressid
1,0.22322387,1.0,stressid_x1q3,combined,stressid
1,0.2211718,1.0,stressid_x1q3,combined,stressid
1,0.22087358,1.0,stressid_x1q3,combined,stressid
1,0.22033483,1.0,stressid_x1q3,combined,stressid
1,0.22108342,1.0,stressid_x1q3,combined,stressid
1,0.2138212,1.0,stressid_x1q3,combined,stressid
1,0.21313934,1.0,stressid_x1q3,combined,stressid
1,0.21223111,1.0,stressid_x1q3,combined,stressid
1,0.21799831,1.0,stressid_x1q3,combined,stressid
1,0.19880411,1.0,stressid_x1q3,combined,stressid
1,0.19883667,1.0,stressid_x1q3,combined,stressid
1,0.19890632,1.0,stressid_x1q3,combined,stressid
1,0.19904009,1.0,stressid_x1q3,combined,stressid
1,0.19910921,1.0,stressid_x1q3,combined,stressid
1,0.19897887,1.0,stressid_x1q3,combined,stressid
1,0.19877483,1.0,stressid_x1q3,combined,stressid
1,0.20577408,1.0,stressid_x1q3,combined,stressid
1,0.19864808,1.0,stressid_x1q3,combined,stressid
1,0.1986809,1.0,stressid_x1q3,combined,stressid
1,0.19889258,1.0,stressid_x1q3,combined,stressid
1,0.19903274,1.0,stressid_x1q3,combined,stressid
1,0.19894038,1.0,stressid_x1q3,combined,stressid
1,0.1988834,1.0,stressid_x1q3,combined,stressid
1,0.1988919,1.0,stressid_x1q3,combined,stressid
1,0.1988392,1.0,stressid_x1q3,combined,stressid
1,0.19877435,1.0,stressid_x1q3,combined,stressid
1,0.19869778,1.0,stressid_x1q3,combined,stressid
1,0.20613094,1.0,stressid_x1q3,combined,stressid
1,0.1987088,1.0,stressid_x1q3,combined,stressid
1,0.19873862,1.0,stressid_x1q3,combined,stressid
1,0.19864956,1.0,stressid_x1q3,combined,stressid
1,0.19866972,1.0,stressid_x1q3,combined,stressid
1,0.19875257,1.0,stressid_x1q3,combined,stressid
1,0.19873834,1.0,stressid_x1q3,combined,stressid
1,0.19879115,1.0,stressid_x1q3,combined,stressid
1,0.20454808,1.0,stressid_x1q3,combined,stressid
1,0.19607717,1.0,stressid_x1q3,combined,stressid
1,0.1957911,1.0,stressid_x1q3,combined,stressid
1,0.201088,1.0,stressid_x1q3,combined,stressid
1,0.22914736,1.0,stressid_x1q3,combined,stressid
1,0.21835786,1.0,stressid_x1q3,combined,stressid
1,0.23774426,1.0,stressid_x1q3,combined,stressid
1,0.23168135,1.0,stressid_x1q3,combined,stressid
1,0.22846852,1.0,stressid_x1q3,combined,stressid
1,0.23288356,1.0,stressid_x1q3,combined,stressid
1,0.23234305,1.0,stressid_x1q3,combined,stressid
1,0.23201282,1.0,stressid_x1q3,combined,stressid
1,0.24091294,1.0,stressid_x1q3,combined,stressid
1,0.24488698,1.0,stressid_x1q3,combined,stressid
1,0.23825344,1.0,stressid_x1q3,combined,stressid
1,0.24069841,1.0,stressid_x1q3,combined,stressid
1,0.22511008,1.0,stressid_x1q3,combined,stressid
1,0.25004348,1.0,stressid_x1q3,combined,stressid
1,0.24427441,1.0,stressid_x1q3,combined,stressid
1,0.19892484,1.0,stressid_x1q3,combined,stressid
1,0.19886824,1.0,stressid_x1q3,combined,stressid
1,0.19882712,1.0,stressid_x1q3,combined,stressid
1,0.198787,1.0,stressid_x1q3,combined,stressid
1,0.19884239,1.0,stressid_x1q3,combined,stressid
1,0.1989423,1.0,stressid_x1q3,combined,stressid
1,0.19893703,1.0,stressid_x1q3,combined,stressid
1,0.1989889,1.0,stressid_x1q3,combined,stressid
1,0.24476497,1.0,stressid_x1q3,combined,stressid
1,0.19903111,1.0,stressid_x1q3,combined,stressid
1,0.19897614,1.0,stressid_x1q3,combined,stressid
1,0.198912,1.0,stressid_x1q3,combined,stressid
1,0.1988906,1.0,stressid_x1q3,combined,stressid
1,0.19887878,1.0,stressid_x1q3,combined,stressid
1,0.19886531,1.0,stressid_x1q3,combined,stressid
1,0.19889013,1.0,stressid_x1q3,combined,stressid
1,0.19892913,1.0,stressid_x1q3,combined,stressid
1,0.23748952,1.0,stressid_x1q3,combined,stressid
1,0.2292177,1.0,stressid_x1q3,combined,stressid
1,0.23348388,1.0,stressid_x1q3,combined,stressid
1,0.24039401,1.0,stressid_x1q3,combined,stressid
1,0.24080956,1.0,stressid_x1q3,combined,stressid
1,0.2418979,1.0,stressid_x1q3,combined,stressid
0,0.1760105,1.0,stressid_qw5t,combined,stressid
0,0.16492334,1.0,stressid_qw5t,combined,stressid
0,0.1508054,1.0,stressid_qw5t,combined,stressid
0,0.15176046,1.0,stressid_qw5t,combined,stressid
0,0.14175195,1.0,stressid_qw5t,combined,stressid
0,0.13519092,1.0,stressid_qw5t,combined,stressid
0,0.13497262,1.0,stressid_qw5t,combined,stressid
0,0.13580725,1.0,stressid_qw5t,combined,stressid
0,0.1365357,1.0,stressid_qw5t,combined,stressid
0,0.13196915,1.0,stressid_qw5t,combined,stressid
0,0.12760416,1.0,stressid_qw5t,combined,stressid
0,0.12601064,1.0,stressid_qw5t,combined,stressid
0,0.13511507,1.0,stressid_qw5t,combined,stressid
0,0.13459428,1.0,stressid_qw5t,combined,stressid
0,0.1384044,1.0,stressid_qw5t,combined,stressid
0,0.13053805,1.0,stressid_qw5t,combined,stressid
0,0.12813836,1.0,stressid_qw5t,combined,stressid
0,0.12742887,1.0,stressid_qw5t,combined,stressid
0,0.1272432,1.0,stressid_qw5t,combined,stressid
0,0.13336526,1.0,stressid_qw5t,combined,stressid
0,0.13418515,1.0,stressid_qw5t,combined,stressid
0,0.121629834,1.0,stressid_qw5t,combined,stressid
0,0.12026028,1.0,stressid_qw5t,combined,stressid
0,0.12758835,1.0,stressid_qw5t,combined,stressid
0,0.12388444,1.0,stressid_qw5t,combined,stressid
0,0.12389322,1.0,stressid_qw5t,combined,stressid
0,0.12347212,1.0,stressid_qw5t,combined,stressid
0,0.12046059,1.0,stressid_qw5t,combined,stressid
0,0.11778895,1.0,stressid_qw5t,combined,stressid
0,0.30861548,1.0,stressid_qw5t,combined,stressid
0,0.30860433,1.0,stressid_qw5t,combined,stressid
0,0.30852407,1.0,stressid_qw5t,combined,stressid
0,0.30853027,1.0,stressid_qw5t,combined,stressid
0,0.30857274,1.0,stressid_qw5t,combined,stressid
0,0.1266422,1.0,stressid_qw5t,combined,stressid
0,0.3085514,1.0,stressid_qw5t,combined,stressid
0,0.3085385,1.0,stressid_qw5t,combined,stressid
0,0.30853033,1.0,stressid_qw5t,combined,stressid
0,0.3085091,1.0,stressid_qw5t,combined,stressid
0,0.30848062,1.0,stressid_qw5t,combined,stressid
0,0.30868694,1.0,stressid_qw5t,combined,stressid
0,0.3096667,1.0,stressid_qw5t,combined,stressid
0,0.30931425,1.0,stressid_qw5t,combined,stressid
0,0.308501,1.0,stressid_qw5t,combined,stressid
0,0.30858058,1.0,stressid_qw5t,combined,stressid
0,0.12426645,1.0,stressid_qw5t,combined,stressid
0,0.308547,1.0,stressid_qw5t,combined,stressid
0,0.30854604,1.0,stressid_qw5t,combined,stressid
0,0.30861863,1.0,stressid_qw5t,combined,stressid
0,0.30860102,1.0,stressid_qw5t,combined,stressid
0,0.30858043,1.0,stressid_qw5t,combined,stressid
0,0.3086053,1.0,stressid_qw5t,combined,stressid
0,0.30858466,1.0,stressid_qw5t,combined,stressid
0,0.30850264,1.0,stressid_qw5t,combined,stressid
0,0.30846545,1.0,stressid_qw5t,combined,stressid
0,0.10748772,1.0,stressid_qw5t,combined,stressid
0,0.101170935,1.0,stressid_qw5t,combined,stressid
0,0.121838935,1.0,stressid_qw5t,combined,stressid
0,0.14093852,1.0,stressid_qw5t,combined,stressid
1,0.59959054,1.0,stressid_qw5t,combined,stressid
1,0.61857086,1.0,stressid_qw5t,combined,stressid
1,0.6636477,1.0,stressid_qw5t,combined,stressid
1,0.40800446,1.0,stressid_qw5t,combined,stressid
1,0.40462935,1.0,stressid_qw5t,combined,stressid
1,0.4190667,1.0,stressid_qw5t,combined,stressid
1,0.4328455,1.0,stressid_qw5t,combined,stressid
1,0.43009785,1.0,stressid_qw5t,combined,stressid
1,0.42522463,1.0,stressid_qw5t,combined,stressid
1,0.42211792,1.0,stressid_qw5t,combined,stressid
1,0.42546263,1.0,stressid_qw5t,combined,stressid
1,0.64585197,1.0,stressid_qw5t,combined,stressid
1,0.65865326,1.0,stressid_qw5t,combined,stressid
1,0.68929636,1.0,stressid_qw5t,combined,stressid
1,0.7801227,1.0,stressid_qw5t,combined,stressid
1,0.78322035,1.0,stressid_qw5t,combined,stressid
1,0.67527014,1.0,stressid_qw5t,combined,stressid
1,0.67246616,1.0,stressid_qw5t,combined,stressid
1,0.69359964,1.0,stressid_qw5t,combined,stressid
1,0.71645993,1.0,stressid_qw5t,combined,stressid
1,0.78896004,1.0,stressid_qw5t,combined,stressid
1,0.80310756,1.0,stressid_qw5t,combined,stressid
1,0.5489328,1.0,stressid_qw5t,combined,stressid
1,0.5832475,1.0,stressid_qw5t,combined,stressid
1,0.5644229,1.0,stressid_qw5t,combined,stressid
1,0.5044582,1.0,stressid_qw5t,combined,stressid
1,0.49592456,1.0,stressid_qw5t,combined,stressid
1,0.4810068,1.0,stressid_qw5t,combined,stressid
1,0.4390712,1.0,stressid_qw5t,combined,stressid
1,0.39677987,1.0,stressid_qw5t,combined,stressid
1,0.7858356,1.0,stressid_qw5t,combined,stressid
1,0.6510464,1.0,stressid_qw5t,combined,stressid
1,0.6480385,1.0,stressid_qw5t,combined,stressid
1,0.7587147,1.0,stressid_qw5t,combined,stressid
1,0.7292057,1.0,stressid_qw5t,combined,stressid
1,0.6814665,1.0,stressid_qw5t,combined,stressid
1,0.6950217,1.0,stressid_qw5t,combined,stressid
1,0.7391029,1.0,stressid_qw5t,combined,stressid
1,0.7194657,1.0,stressid_qw5t,combined,stressid
1,0.67306405,1.0,stressid_qw5t,combined,stressid
1,0.78319705,1.0,stressid_qw5t,combined,stressid
1,0.48840296,1.0,stressid_qw5t,combined,stressid
1,0.500336,1.0,stressid_qw5t,combined,stressid
1,0.5360941,1.0,stressid_qw5t,combined,stressid
1,0.4887232,1.0,stressid_qw5t,combined,stressid
1,0.4541412,1.0,stressid_qw5t,combined,stressid
1,0.45170888,1.0,stressid_qw5t,combined,stressid
1,0.46924818,1.0,stressid_qw5t,combined,stressid
1,0.47458002,1.0,stressid_qw5t,combined,stressid
1,0.6269105,1.0,stressid_qw5t,combined,stressid
1,0.60496855,1.0,stressid_qw5t,combined,stressid
1,0.61413586,1.0,stressid_qw5t,combined,stressid
1,0.61349905,1.0,stressid_qw5t,combined,stressid
1,0.6315905,1.0,stressid_qw5t,combined,stressid
1,0.64924425,1.0,stressid_qw5t,combined,stressid
1,0.6463097,1.0,stressid_qw5t,combined,stressid
1,0.6776807,1.0,stressid_qw5t,combined,stressid
1,0.78794575,1.0,stressid_qw5t,combined,stressid
1,0.79163414,1.0,stressid_qw5t,combined,stressid
1,0.73382515,1.0,stressid_qw5t,combined,stressid
1,0.45592943,1.0,stressid_qw5t,combined,stressid
1,0.49335676,1.0,stressid_qw5t,combined,stressid
1,0.4970117,1.0,stressid_qw5t,combined,stressid
1,0.47032216,1.0,stressid_qw5t,combined,stressid
1,0.4811689,1.0,stressid_qw5t,combined,stressid
1,0.48871136,1.0,stressid_qw5t,combined,stressid
1,0.4980292,1.0,stressid_qw5t,combined,stressid
1,0.5140871,1.0,stressid_qw5t,combined,stressid
1,0.804944,1.0,stressid_qw5t,combined,stressid
1,0.8220578,1.0,stressid_qw5t,combined,stressid
1,0.8328635,1.0,stressid_qw5t,combined,stressid
1,0.8609395,1.0,stressid_qw5t,combined,stressid
1,0.8662286,1.0,stressid_qw5t,combined,stressid
1,0.8039211,1.0,stressid_qw5t,combined,stressid
1,0.74025065,1.0,stressid_qw5t,combined,stressid
1,0.7176142,1.0,stressid_qw5t,combined,stressid
1,0.6438205,1.0,stressid_qw5t,combined,stressid
1,0.6015429,1.0,stressid_qw5t,combined,stressid
1,0.59426254,1.0,stressid_qw5t,combined,stressid
1,0.47405994,1.0,stressid_qw5t,combined,stressid
1,0.49835706,1.0,stressid_qw5t,combined,stressid
1,0.53742296,1.0,stressid_qw5t,combined,stressid
1,0.55996215,1.0,stressid_qw5t,combined,stressid
1,0.5604105,1.0,stressid_qw5t,combined,stressid
1,0.5627974,1.0,stressid_qw5t,combined,stressid
1,0.5424466,1.0,stressid_qw5t,combined,stressid
1,0.4985698,1.0,stressid_qw5t,combined,stressid
1,0.5880153,1.0,stressid_qw5t,combined,stressid
1,0.606384,1.0,stressid_qw5t,combined,stressid
1,0.5939102,1.0,stressid_qw5t,combined,stressid
1,0.584125,1.0,stressid_qw5t,combined,stressid
1,0.6068624,1.0,stressid_qw5t,combined,stressid
1,0.7524561,1.0,stressid_qw5t,combined,stressid
1,0.85698247,1.0,stressid_qw5t,combined,stressid
1,0.7177634,1.0,stressid_qw5t,combined,stressid
0,0.2511305,1.0,stressid_qw5t,combined,stressid
0,0.25169602,1.0,stressid_qw5t,combined,stressid
0,0.2043954,1.0,stressid_qw5t,combined,stressid
0,0.1841536,1.0,stressid_qw5t,combined,stressid
0,0.20597309,1.0,stressid_qw5t,combined,stressid
0,0.20349601,1.0,stressid_qw5t,combined,stressid
0,0.19781077,1.0,stressid_qw5t,combined,stressid
0,0.18242025,1.0,stressid_qw5t,combined,stressid
0,0.1826165,1.0,stressid_qw5t,combined,stressid
0,0.17880201,1.0,stressid_qw5t,combined,stressid
0,0.17756951,1.0,stressid_qw5t,combined,stressid
0,0.18547481,1.0,stressid_qw5t,combined,stressid
0,0.255785,1.0,stressid_qw5t,combined,stressid
0,0.18900262,1.0,stressid_qw5t,combined,stressid
0,0.21444644,1.0,stressid_qw5t,combined,stressid
0,0.2224035,1.0,stressid_qw5t,combined,stressid
0,0.19890967,1.0,stressid_qw5t,combined,stressid
0,0.18398307,1.0,stressid_qw5t,combined,stressid
0,0.17852667,1.0,stressid_qw5t,combined,stressid
0,0.17379022,1.0,stressid_qw5t,combined,stressid
0,0.16953854,1.0,stressid_qw5t,combined,stressid
0,0.1644053,1.0,stressid_qw5t,combined,stressid
0,0.30850014,1.0,stressid_qw5t,combined,stressid
0,0.24901333,1.0,stressid_qw5t,combined,stressid
0,0.3084641,1.0,stressid_qw5t,combined,stressid
0,0.30825076,1.0,stressid_qw5t,combined,stressid
0,0.30826643,1.0,stressid_qw5t,combined,stressid
0,0.3085289,1.0,stressid_qw5t,combined,stressid
0,0.3084941,1.0,stressid_qw5t,combined,stressid
0,0.30838692,1.0,stressid_qw5t,combined,stressid
0,0.30837983,1.0,stressid_qw5t,combined,stressid
0,0.30847725,1.0,stressid_qw5t,combined,stressid
0,0.30857804,1.0,stressid_qw5t,combined,stressid
0,0.30847687,1.0,stressid_qw5t,combined,stressid
0,0.23993506,1.0,stressid_qw5t,combined,stressid
0,0.30834797,1.0,stressid_qw5t,combined,stressid
0,0.30834782,1.0,stressid_qw5t,combined,stressid
0,0.30837476,1.0,stressid_qw5t,combined,stressid
0,0.30847695,1.0,stressid_qw5t,combined,stressid
0,0.308545,1.0,stressid_qw5t,combined,stressid
0,0.30859938,1.0,stressid_qw5t,combined,stressid
0,0.30866867,1.0,stressid_qw5t,combined,stressid
0,0.30869478,1.0,stressid_qw5t,combined,stressid
0,0.30876356,1.0,stressid_qw5t,combined,stressid
0,0.21090604,1.0,stressid_qw5t,combined,stressid
0,0.1946115,1.0,stressid_qw5t,combined,stressid
0,0.19686075,1.0,stressid_qw5t,combined,stressid
0,0.20115267,1.0,stressid_qw5t,combined,stressid
0,0.25425985,1.0,stressid_qw5t,combined,stressid
1,0.6603209,1.0,stressid_qw5t,combined,stressid
1,0.6975245,1.0,stressid_qw5t,combined,stressid
1,0.69783366,1.0,stressid_qw5t,combined,stressid
1,0.5234371,1.0,stressid_qw5t,combined,stressid
1,0.48742852,1.0,stressid_qw5t,combined,stressid
1,0.5111806,1.0,stressid_qw5t,combined,stressid
1,0.5702127,1.0,stressid_qw5t,combined,stressid
1,0.5607291,1.0,stressid_qw5t,combined,stressid
1,0.5133116,1.0,stressid_qw5t,combined,stressid
1,0.49688402,1.0,stressid_qw5t,combined,stressid
1,0.48287717,1.0,stressid_qw5t,combined,stressid
1,0.73192346,1.0,stressid_qw5t,combined,stressid
1,0.6937817,1.0,stressid_qw5t,combined,stressid
1,0.7015279,1.0,stressid_qw5t,combined,stressid
1,0.71600544,1.0,stressid_qw5t,combined,stressid
1,0.710026,1.0,stressid_qw5t,combined,stressid
1,0.72196,1.0,stressid_qw5t,combined,stressid
1,0.7259405,1.0,stressid_qw5t,combined,stressid
1,0.6811565,1.0,stressid_qw5t,combined,stressid
1,0.6576139,1.0,stressid_qw5t,combined,stressid
1,0.6642857,1.0,stressid_qw5t,combined,stressid
1,0.6844492,1.0,stressid_qw5t,combined,stressid
1,0.5481295,1.0,stressid_qw5t,combined,stressid
1,0.5675325,1.0,stressid_qw5t,combined,stressid
1,0.57182395,1.0,stressid_qw5t,combined,stressid
1,0.5749895,1.0,stressid_qw5t,combined,stressid
1,0.5771532,1.0,stressid_qw5t,combined,stressid
1,0.5810515,1.0,stressid_qw5t,combined,stressid
1,0.55542344,1.0,stressid_qw5t,combined,stressid
1,0.532337,1.0,stressid_qw5t,combined,stressid
1,0.65448433,1.0,stressid_qw5t,combined,stressid
1,0.635784,1.0,stressid_qw5t,combined,stressid
1,0.62637275,1.0,stressid_qw5t,combined,stressid
1,0.61872435,1.0,stressid_qw5t,combined,stressid
1,0.611317,1.0,stressid_qw5t,combined,stressid
1,0.6113475,1.0,stressid_qw5t,combined,stressid
1,0.62847453,1.0,stressid_qw5t,combined,stressid
1,0.6344102,1.0,stressid_qw5t,combined,stressid
1,0.160817,1.0,stressid_qw5t,combined,stressid
1,0.15701462,1.0,stressid_qw5t,combined,stressid
1,0.1289844,1.0,stressid_qw5t,combined,stressid
1,0.1363692,1.0,stressid_qw5t,combined,stressid
1,0.14082532,1.0,stressid_qw5t,combined,stressid
1,0.13279177,1.0,stressid_qw5t,combined,stressid
1,0.13384192,1.0,stressid_qw5t,combined,stressid
1,0.13331982,1.0,stressid_qw5t,combined,stressid
1,0.13249469,1.0,stressid_qw5t,combined,stressid
1,0.13214053,1.0,stressid_qw5t,combined,stressid
1,0.13928056,1.0,stressid_qw5t,combined,stressid
1,0.1410895,1.0,stressid_qw5t,combined,stressid
1,0.16107978,1.0,stressid_qw5t,combined,stressid
1,0.13141812,1.0,stressid_qw5t,combined,stressid
1,0.13543874,1.0,stressid_qw5t,combined,stressid
1,0.13878551,1.0,stressid_qw5t,combined,stressid
1,0.14201112,1.0,stressid_qw5t,combined,stressid
1,0.15597852,1.0,stressid_qw5t,combined,stressid
1,0.15388952,1.0,stressid_qw5t,combined,stressid
1,0.1451406,1.0,stressid_qw5t,combined,stressid
1,0.14719781,1.0,stressid_qw5t,combined,stressid
1,0.14919528,1.0,stressid_qw5t,combined,stressid
1,0.14490396,1.0,stressid_qw5t,combined,stressid
1,0.15216635,1.0,stressid_qw5t,combined,stressid
1,0.18018265,1.0,stressid_qw5t,combined,stressid
1,0.17241256,1.0,stressid_qw5t,combined,stressid
1,0.13290007,1.0,stressid_qw5t,combined,stressid
1,0.3088117,1.0,stressid_qw5t,combined,stressid
1,0.3088903,1.0,stressid_qw5t,combined,stressid
1,0.3088529,1.0,stressid_qw5t,combined,stressid
1,0.30883852,1.0,stressid_qw5t,combined,stressid
1,0.30887303,1.0,stressid_qw5t,combined,stressid
1,0.30894276,1.0,stressid_qw5t,combined,stressid
1,0.30842927,1.0,stressid_qw5t,combined,stressid
1,0.14651269,1.0,stressid_qw5t,combined,stressid
1,0.30836448,1.0,stressid_qw5t,combined,stressid
1,0.30840078,1.0,stressid_qw5t,combined,stressid
1,0.30907136,1.0,stressid_qw5t,combined,stressid
1,0.30894867,1.0,stressid_qw5t,combined,stressid
1,0.308889,1.0,stressid_qw5t,combined,stressid
1,0.30886403,1.0,stressid_qw5t,combined,stressid
1,0.30909213,1.0,stressid_qw5t,combined,stressid
1,0.30919442,1.0,stressid_qw5t,combined,stressid
1,0.3087332,1.0,stressid_qw5t,combined,stressid
1,0.30867314,1.0,stressid_qw5t,combined,stressid
1,0.15367974,1.0,stressid_qw5t,combined,stressid
1,0.30850974,1.0,stressid_qw5t,combined,stressid
1,0.30850625,1.0,stressid_qw5t,combined,stressid
1,0.3087022,1.0,stressid_qw5t,combined,stressid
1,0.30877846,1.0,stressid_qw5t,combined,stressid
1,0.30859917,1.0,stressid_qw5t,combined,stressid
1,0.30869544,1.0,stressid_qw5t,combined,stressid
1,0.3090418,1.0,stressid_qw5t,combined,stressid
1,0.16286314,1.0,stressid_qw5t,combined,stressid
1,0.15317284,1.0,stressid_qw5t,combined,stressid
1,0.13545245,1.0,stressid_qw5t,combined,stressid
1,0.12904571,1.0,stressid_qw5t,combined,stressid
1,0.16232951,1.0,stressid_qw5t,combined,stressid
1,0.17506243,1.0,stressid_qw5t,combined,stressid
1,0.20081699,1.0,stressid_qw5t,combined,stressid
1,0.21501076,1.0,stressid_qw5t,combined,stressid
1,0.19333123,1.0,stressid_qw5t,combined,stressid
1,0.17984582,1.0,stressid_qw5t,combined,stressid
1,0.17862178,1.0,stressid_qw5t,combined,stressid
1,0.16969569,1.0,stressid_qw5t,combined,stressid
1,0.16892053,1.0,stressid_qw5t,combined,stressid
1,0.16396463,1.0,stressid_qw5t,combined,stressid
1,0.169917,1.0,stressid_qw5t,combined,stressid
1,0.179886,1.0,stressid_qw5t,combined,stressid
1,0.18375564,1.0,stressid_qw5t,combined,stressid
1,0.16855474,1.0,stressid_qw5t,combined,stressid
1,0.16130191,1.0,stressid_qw5t,combined,stressid
1,0.30881268,1.0,stressid_qw5t,combined,stressid
1,0.30878645,1.0,stressid_qw5t,combined,stressid
1,0.3087614,1.0,stressid_qw5t,combined,stressid
1,0.30873248,1.0,stressid_qw5t,combined,stressid
1,0.30873,1.0,stressid_qw5t,combined,stressid
1,0.3087196,1.0,stressid_qw5t,combined,stressid
1,0.30873054,1.0,stressid_qw5t,combined,stressid
1,0.308801,1.0,stressid_qw5t,combined,stressid
1,0.1640897,1.0,stressid_qw5t,combined,stressid
1,0.30889606,1.0,stressid_qw5t,combined,stressid
1,0.3089502,1.0,stressid_qw5t,combined,stressid
1,0.3089655,1.0,stressid_qw5t,combined,stressid
1,0.3091229,1.0,stressid_qw5t,combined,stressid
1,0.30895913,1.0,stressid_qw5t,combined,stressid
1,0.30880868,1.0,stressid_qw5t,combined,stressid
1,0.30904403,1.0,stressid_qw5t,combined,stressid
1,0.3088776,1.0,stressid_qw5t,combined,stressid
1,0.1886681,1.0,stressid_qw5t,combined,stressid
1,0.23430046,1.0,stressid_qw5t,combined,stressid
1,0.22109331,1.0,stressid_qw5t,combined,stressid
1,0.20727065,1.0,stressid_qw5t,combined,stressid
1,0.19257969,1.0,stressid_qw5t,combined,stressid
1,0.18230768,1.0,stressid_qw5t,combined,stressid
0,0.2520807,1.0,stressid_v8mh,combined,stressid
0,0.19449258,1.0,stressid_v8mh,combined,stressid
0,0.23265974,1.0,stressid_v8mh,combined,stressid
0,0.24255672,1.0,stressid_v8mh,combined,stressid
0,0.24110226,1.0,stressid_v8mh,combined,stressid
0,0.2382097,1.0,stressid_v8mh,combined,stressid
0,0.2405972,1.0,stressid_v8mh,combined,stressid
0,0.27164358,1.0,stressid_v8mh,combined,stressid
0,0.29351074,1.0,stressid_v8mh,combined,stressid
0,0.26859084,1.0,stressid_v8mh,combined,stressid
0,0.23521295,1.0,stressid_v8mh,combined,stressid
0,0.23245648,1.0,stressid_v8mh,combined,stressid
0,0.1685154,1.0,stressid_v8mh,combined,stressid
0,0.24592446,1.0,stressid_v8mh,combined,stressid
0,0.25136042,1.0,stressid_v8mh,combined,stressid
0,0.2785896,1.0,stressid_v8mh,combined,stressid
0,0.29350942,1.0,stressid_v8mh,combined,stressid
0,0.3425654,1.0,stressid_v8mh,combined,stressid
0,0.35601532,1.0,stressid_v8mh,combined,stressid
0,0.32531673,1.0,stressid_v8mh,combined,stressid
0,0.3700302,1.0,stressid_v8mh,combined,stressid
0,0.38533834,1.0,stressid_v8mh,combined,stressid
0,0.33650845,1.0,stressid_v8mh,combined,stressid
0,0.18687816,1.0,stressid_v8mh,combined,stressid
0,0.32626265,1.0,stressid_v8mh,combined,stressid
0,0.3536145,1.0,stressid_v8mh,combined,stressid
0,0.38608974,1.0,stressid_v8mh,combined,stressid
0,0.33951718,1.0,stressid_v8mh,combined,stressid
0,0.32818326,1.0,stressid_v8mh,combined,stressid
0,0.16674174,1.0,stressid_v8mh,combined,stressid
0,0.1662941,1.0,stressid_v8mh,combined,stressid
0,0.16632096,1.0,stressid_v8mh,combined,stressid
0,0.16788498,1.0,stressid_v8mh,combined,stressid
0,0.16751836,1.0,stressid_v8mh,combined,stressid
0,0.20995145,1.0,stressid_v8mh,combined,stressid
0,0.16555995,1.0,stressid_v8mh,combined,stressid
0,0.16553536,1.0,stressid_v8mh,combined,stressid
0,0.16573015,1.0,stressid_v8mh,combined,stressid
0,0.16548665,1.0,stressid_v8mh,combined,stressid
0,0.16580825,1.0,stressid_v8mh,combined,stressid
0,0.16633137,1.0,stressid_v8mh,combined,stressid
0,0.16668603,1.0,stressid_v8mh,combined,stressid
0,0.16617736,1.0,stressid_v8mh,combined,stressid
0,0.16628686,1.0,stressid_v8mh,combined,stressid
0,0.1666301,1.0,stressid_v8mh,combined,stressid
0,0.21666989,1.0,stressid_v8mh,combined,stressid
0,0.16639967,1.0,stressid_v8mh,combined,stressid
0,0.16631725,1.0,stressid_v8mh,combined,stressid
0,0.16582498,1.0,stressid_v8mh,combined,stressid
0,0.16589196,1.0,stressid_v8mh,combined,stressid
0,0.16655332,1.0,stressid_v8mh,combined,stressid
0,0.16694015,1.0,stressid_v8mh,combined,stressid
0,0.16644509,1.0,stressid_v8mh,combined,stressid
0,0.16598883,1.0,stressid_v8mh,combined,stressid
0,0.16585292,1.0,stressid_v8mh,combined,stressid
0,0.21947257,1.0,stressid_v8mh,combined,stressid
0,0.22474608,1.0,stressid_v8mh,combined,stressid
0,0.2234636,1.0,stressid_v8mh,combined,stressid
0,0.22188416,1.0,stressid_v8mh,combined,stressid
1,0.87512773,1.0,stressid_v8mh,combined,stressid
1,0.85273564,1.0,stressid_v8mh,combined,stressid
1,0.7994582,1.0,stressid_v8mh,combined,stressid
1,0.8182048,1.0,stressid_v8mh,combined,stressid
1,0.80141747,1.0,stressid_v8mh,combined,stressid
1,0.7688264,1.0,stressid_v8mh,combined,stressid
1,0.7370319,1.0,stressid_v8mh,combined,stressid
1,0.7246372,1.0,stressid_v8mh,combined,stressid
1,0.7066362,1.0,stressid_v8mh,combined,stressid
1,0.7204672,1.0,stressid_v8mh,combined,stressid
1,0.75822073,1.0,stressid_v8mh,combined,stressid
1,0.80484515,1.0,stressid_v8mh,combined,stressid
1,0.78959525,1.0,stressid_v8mh,combined,stressid
1,0.7787373,1.0,stressid_v8mh,combined,stressid
1,0.75905627,1.0,stressid_v8mh,combined,stressid
1,0.8089583,1.0,stressid_v8mh,combined,stressid
1,0.8179291,1.0,stressid_v8mh,combined,stressid
1,0.75896746,1.0,stressid_v8mh,combined,stressid
1,0.7853829,1.0,stressid_v8mh,combined,stressid
1,0.7141067,1.0,stressid_v8mh,combined,stressid
1,0.74707013,1.0,stressid_v8mh,combined,stressid
1,0.7339019,1.0,stressid_v8mh,combined,stressid
1,0.77765596,1.0,stressid_v8mh,combined,stressid
1,0.78728956,1.0,stressid_v8mh,combined,stressid
1,0.75397336,1.0,stressid_v8mh,combined,stressid
1,0.7320062,1.0,stressid_v8mh,combined,stressid
1,0.77386695,1.0,stressid_v8mh,combined,stressid
1,0.8037689,1.0,stressid_v8mh,combined,stressid
1,0.8129181,1.0,stressid_v8mh,combined,stressid
1,0.8006045,1.0,stressid_v8mh,combined,stressid
1,0.75629765,1.0,stressid_v8mh,combined,stressid
1,0.7525046,1.0,stressid_v8mh,combined,stressid
1,0.74659723,1.0,stressid_v8mh,combined,stressid
1,0.7462476,1.0,stressid_v8mh,combined,stressid
1,0.7350594,1.0,stressid_v8mh,combined,stressid
1,0.72609985,1.0,stressid_v8mh,combined,stressid
1,0.73815197,1.0,stressid_v8mh,combined,stressid
1,0.7461314,1.0,stressid_v8mh,combined,stressid
1,0.72511435,1.0,stressid_v8mh,combined,stressid
1,0.72013617,1.0,stressid_v8mh,combined,stressid
1,0.7446135,1.0,stressid_v8mh,combined,stressid
1,0.7908817,1.0,stressid_v8mh,combined,stressid
1,0.76651174,1.0,stressid_v8mh,combined,stressid
1,0.777112,1.0,stressid_v8mh,combined,stressid
1,0.7458165,1.0,stressid_v8mh,combined,stressid
1,0.7144262,1.0,stressid_v8mh,combined,stressid
1,0.7055963,1.0,stressid_v8mh,combined,stressid
1,0.7567308,1.0,stressid_v8mh,combined,stressid
1,0.7864288,1.0,stressid_v8mh,combined,stressid
1,0.7481549,1.0,stressid_v8mh,combined,stressid
1,0.7675229,1.0,stressid_v8mh,combined,stressid
1,0.7562646,1.0,stressid_v8mh,combined,stressid
1,0.7655464,1.0,stressid_v8mh,combined,stressid
1,0.7919683,1.0,stressid_v8mh,combined,stressid
1,0.81147575,1.0,stressid_v8mh,combined,stressid
1,0.7831177,1.0,stressid_v8mh,combined,stressid
1,0.74501973,1.0,stressid_v8mh,combined,stressid
1,0.7261048,1.0,stressid_v8mh,combined,stressid
1,0.75638777,1.0,stressid_v8mh,combined,stressid
1,0.7659977,1.0,stressid_v8mh,combined,stressid
1,0.74359906,1.0,stressid_v8mh,combined,stressid
1,0.7122487,1.0,stressid_v8mh,combined,stressid
1,0.7494659,1.0,stressid_v8mh,combined,stressid
1,0.7811367,1.0,stressid_v8mh,combined,stressid
1,0.7694353,1.0,stressid_v8mh,combined,stressid
1,0.7404224,1.0,stressid_v8mh,combined,stressid
1,0.707852,1.0,stressid_v8mh,combined,stressid
1,0.6953824,1.0,stressid_v8mh,combined,stressid
1,0.7639621,1.0,stressid_v8mh,combined,stressid
1,0.7534822,1.0,stressid_v8mh,combined,stressid
1,0.7476747,1.0,stressid_v8mh,combined,stressid
1,0.74329203,1.0,stressid_v8mh,combined,stressid
1,0.72963226,1.0,stressid_v8mh,combined,stressid
1,0.7233125,1.0,stressid_v8mh,combined,stressid
1,0.7290196,1.0,stressid_v8mh,combined,stressid
1,0.72698146,1.0,stressid_v8mh,combined,stressid
1,0.7639876,1.0,stressid_v8mh,combined,stressid
1,0.7624853,1.0,stressid_v8mh,combined,stressid
1,0.77436465,1.0,stressid_v8mh,combined,stressid
1,0.7994968,1.0,stressid_v8mh,combined,stressid
1,0.767726,1.0,stressid_v8mh,combined,stressid
1,0.7615703,1.0,stressid_v8mh,combined,stressid
1,0.72113436,1.0,stressid_v8mh,combined,stressid
1,0.6924817,1.0,stressid_v8mh,combined,stressid
1,0.76187783,1.0,stressid_v8mh,combined,stressid
1,0.7787481,1.0,stressid_v8mh,combined,stressid
1,0.731226,1.0,stressid_v8mh,combined,stressid
1,0.75055194,1.0,stressid_v8mh,combined,stressid
1,0.75584364,1.0,stressid_v8mh,combined,stressid
1,0.7743094,1.0,stressid_v8mh,combined,stressid
1,0.76588273,1.0,stressid_v8mh,combined,stressid
1,0.7548669,1.0,stressid_v8mh,combined,stressid
1,0.7557348,1.0,stressid_v8mh,combined,stressid
1,0.7441187,1.0,stressid_v8mh,combined,stressid
1,0.7715784,1.0,stressid_v8mh,combined,stressid
0,0.14400968,1.0,stressid_v8mh,combined,stressid
0,0.15718967,1.0,stressid_v8mh,combined,stressid
0,0.16776246,1.0,stressid_v8mh,combined,stressid
0,0.16623522,1.0,stressid_v8mh,combined,stressid
0,0.16379164,1.0,stressid_v8mh,combined,stressid
0,0.1615631,1.0,stressid_v8mh,combined,stressid
0,0.1606079,1.0,stressid_v8mh,combined,stressid
0,0.16782245,1.0,stressid_v8mh,combined,stressid
0,0.17505111,1.0,stressid_v8mh,combined,stressid
0,0.15732281,1.0,stressid_v8mh,combined,stressid
0,0.15710625,1.0,stressid_v8mh,combined,stressid
0,0.15685256,1.0,stressid_v8mh,combined,stressid
0,0.16095234,1.0,stressid_v8mh,combined,stressid
0,0.1535613,1.0,stressid_v8mh,combined,stressid
0,0.15712304,1.0,stressid_v8mh,combined,stressid
0,0.15563253,1.0,stressid_v8mh,combined,stressid
0,0.15427032,1.0,stressid_v8mh,combined,stressid
0,0.17617245,1.0,stressid_v8mh,combined,stressid
0,0.17421143,1.0,stressid_v8mh,combined,stressid
0,0.16101383,1.0,stressid_v8mh,combined,stressid
0,0.17388432,1.0,stressid_v8mh,combined,stressid
0,0.18287742,1.0,stressid_v8mh,combined,stressid
0,0.16475892,1.0,stressid_v8mh,combined,stressid
0,0.16457197,1.0,stressid_v8mh,combined,stressid
0,0.16509058,1.0,stressid_v8mh,combined,stressid
0,0.16489871,1.0,stressid_v8mh,combined,stressid
0,0.16474587,1.0,stressid_v8mh,combined,stressid
0,0.16542092,1.0,stressid_v8mh,combined,stressid
0,0.16578886,1.0,stressid_v8mh,combined,stressid
0,0.16584522,1.0,stressid_v8mh,combined,stressid
0,0.16574457,1.0,stressid_v8mh,combined,stressid
0,0.16556145,1.0,stressid_v8mh,combined,stressid
0,0.16555165,1.0,stressid_v8mh,combined,stressid
0,0.16568671,1.0,stressid_v8mh,combined,stressid
0,0.16895367,1.0,stressid_v8mh,combined,stressid
0,0.16554725,1.0,stressid_v8mh,combined,stressid
0,0.1649637,1.0,stressid_v8mh,combined,stressid
0,0.16530707,1.0,stressid_v8mh,combined,stressid
0,0.1654618,1.0,stressid_v8mh,combined,stressid
0,0.1651398,1.0,stressid_v8mh,combined,stressid
0,0.16508394,1.0,stressid_v8mh,combined,stressid
0,0.1653585,1.0,stressid_v8mh,combined,stressid
0,0.16578425,1.0,stressid_v8mh,combined,stressid
0,0.16595624,1.0,stressid_v8mh,combined,stressid
0,0.16199332,1.0,stressid_v8mh,combined,stressid
0,0.1563358,1.0,stressid_v8mh,combined,stressid
0,0.1578226,1.0,stressid_v8mh,combined,stressid
0,0.19042577,1.0,stressid_v8mh,combined,stressid
0,0.1687105,1.0,stressid_v8mh,combined,stressid
0,0.7328559,1.0,stressid_v8mh,combined,stressid
0,0.7261561,1.0,stressid_v8mh,combined,stressid
0,0.7250526,1.0,stressid_v8mh,combined,stressid
0,0.7347758,1.0,stressid_v8mh,combined,stressid
0,0.7376666,1.0,stressid_v8mh,combined,stressid
0,0.6867906,1.0,stressid_v8mh,combined,stressid
0,0.74464583,1.0,stressid_v8mh,combined,stressid
0,0.7308536,1.0,stressid_v8mh,combined,stressid
0,0.72556275,1.0,stressid_v8mh,combined,stressid
0,0.7489644,1.0,stressid_v8mh,combined,stressid
0,0.7353708,1.0,stressid_v8mh,combined,stressid
0,0.7311061,1.0,stressid_v8mh,combined,stressid
0,0.7327309,1.0,stressid_v8mh,combined,stressid
0,0.73781383,1.0,stressid_v8mh,combined,stressid
0,0.7412656,1.0,stressid_v8mh,combined,stressid
0,0.7261028,1.0,stressid_v8mh,combined,stressid
0,0.7230968,1.0,stressid_v8mh,combined,stressid
0,0.7328484,1.0,stressid_v8mh,combined,stressid
0,0.7298472,1.0,stressid_v8mh,combined,stressid
1,0.7463324,1.0,stressid_v8mh,combined,stressid
1,0.7472256,1.0,stressid_v8mh,combined,stressid
1,0.8123162,1.0,stressid_v8mh,combined,stressid
1,0.75942147,1.0,stressid_v8mh,combined,stressid
1,0.73916596,1.0,stressid_v8mh,combined,stressid
1,0.73650616,1.0,stressid_v8mh,combined,stressid
1,0.79499954,1.0,stressid_v8mh,combined,stressid
1,0.7891701,1.0,stressid_v8mh,combined,stressid
1,0.6989675,1.0,stressid_v8mh,combined,stressid
1,0.6785842,1.0,stressid_v8mh,combined,stressid
1,0.73234016,1.0,stressid_v8mh,combined,stressid
1,0.7551582,1.0,stressid_v8mh,combined,stressid
1,0.7472361,1.0,stressid_v8mh,combined,stressid
1,0.7371691,1.0,stressid_v8mh,combined,stressid
1,0.7418076,1.0,stressid_v8mh,combined,stressid
1,0.73001385,1.0,stressid_v8mh,combined,stressid
1,0.7251112,1.0,stressid_v8mh,combined,stressid
1,0.7334827,1.0,stressid_v8mh,combined,stressid
1,0.7752413,1.0,stressid_v8mh,combined,stressid
0,0.19571093,1.0,stressid_v8mh,combined,stressid
0,0.20441824,1.0,stressid_v8mh,combined,stressid
0,0.2218589,1.0,stressid_v8mh,combined,stressid
0,0.24267954,1.0,stressid_v8mh,combined,stressid
0,0.25219032,1.0,stressid_v8mh,combined,stressid
0,0.26362553,1.0,stressid_v8mh,combined,stressid
0,0.259705,1.0,stressid_v8mh,combined,stressid
0,0.26056808,1.0,stressid_v8mh,combined,stressid
0,0.275369,1.0,stressid_v8mh,combined,stressid
0,0.27203414,1.0,stressid_v8mh,combined,stressid
0,0.28105214,1.0,stressid_v8mh,combined,stressid
0,0.30230415,1.0,stressid_v8mh,combined,stressid
0,0.21587771,1.0,stressid_v8mh,combined,stressid
0,0.3155226,1.0,stressid_v8mh,combined,stressid
0,0.32330787,1.0,stressid_v8mh,combined,stressid
0,0.31817174,1.0,stressid_v8mh,combined,stressid
0,0.34558067,1.0,stressid_v8mh,combined,stressid
0,0.3093574,1.0,stressid_v8mh,combined,stressid
0,0.27211618,1.0,stressid_v8mh,combined,stressid
0,0.24155831,1.0,stressid_v8mh,combined,stressid
0,0.22434974,1.0,stressid_v8mh,combined,stressid
0,0.2457244,1.0,stressid_v8mh,combined,stressid
0,0.20050323,1.0,stressid_v8mh,combined,stressid
0,0.235632,1.0,stressid_v8mh,combined,stressid
0,0.15051037,1.0,stressid_v8mh,combined,stressid
0,0.2979187,1.0,stressid_v8mh,combined,stressid
0,0.54142493,1.0,stressid_v8mh,combined,stressid
0,0.17585112,1.0,stressid_v8mh,combined,stressid
0,0.19965172,1.0,stressid_v8mh,combined,stressid
0,0.22568911,1.0,stressid_v8mh,combined,stressid
0,0.22660175,1.0,stressid_v8mh,combined,stressid
0,0.20697713,1.0,stressid_v8mh,combined,stressid
0,0.20576239,1.0,stressid_v8mh,combined,stressid
0,0.20132273,1.0,stressid_v8mh,combined,stressid
0,0.26829654,1.0,stressid_v8mh,combined,stressid
0,0.20641099,1.0,stressid_v8mh,combined,stressid
0,0.21933302,1.0,stressid_v8mh,combined,stressid
0,0.20992742,1.0,stressid_v8mh,combined,stressid
0,0.22569261,1.0,stressid_v8mh,combined,stressid
0,0.23135336,1.0,stressid_v8mh,combined,stressid
0,0.23259684,1.0,stressid_v8mh,combined,stressid
0,0.23291157,1.0,stressid_v8mh,combined,stressid
0,0.23286302,1.0,stressid_v8mh,combined,stressid
0,0.23197524,1.0,stressid_v8mh,combined,stressid
0,0.23113804,1.0,stressid_v8mh,combined,stressid
0,0.2509426,1.0,stressid_v8mh,combined,stressid
0,0.2314659,1.0,stressid_v8mh,combined,stressid
0,0.231956,1.0,stressid_v8mh,combined,stressid
0,0.23328985,1.0,stressid_v8mh,combined,stressid
0,0.23430055,1.0,stressid_v8mh,combined,stressid
0,0.23322299,1.0,stressid_v8mh,combined,stressid
0,0.23243721,1.0,stressid_v8mh,combined,stressid
0,0.23236278,1.0,stressid_v8mh,combined,stressid
0,0.23105666,1.0,stressid_v8mh,combined,stressid
0,0.2146143,1.0,stressid_v8mh,combined,stressid
0,0.22835125,1.0,stressid_v8mh,combined,stressid
0,0.23655275,1.0,stressid_v8mh,combined,stressid
0,0.18689787,1.0,stressid_v8mh,combined,stressid
0,0.18491368,1.0,stressid_v8mh,combined,stressid
0,0.23978405,1.0,stressid_v8mh,combined,stressid
0,0.24082243,1.0,stressid_v8mh,combined,stressid
0,0.24794535,1.0,stressid_v8mh,combined,stressid
0,0.26368728,1.0,stressid_v8mh,combined,stressid
0,0.2702322,1.0,stressid_v8mh,combined,stressid
0,0.27426508,1.0,stressid_v8mh,combined,stressid
0,0.28336513,1.0,stressid_v8mh,combined,stressid
0,0.28886473,1.0,stressid_v8mh,combined,stressid
0,0.29390863,1.0,stressid_v8mh,combined,stressid
0,0.30237904,1.0,stressid_v8mh,combined,stressid
0,0.1766097,1.0,stressid_v8mh,combined,stressid
0,0.32249355,1.0,stressid_v8mh,combined,stressid
0,0.34139532,1.0,stressid_v8mh,combined,stressid
0,0.16267815,1.0,stressid_v8mh,combined,stressid
0,0.16255817,1.0,stressid_v8mh,combined,stressid
0,0.16339941,1.0,stressid_v8mh,combined,stressid
0,0.16450186,1.0,stressid_v8mh,combined,stressid
0,0.16475898,1.0,stressid_v8mh,combined,stressid
0,0.16514453,1.0,stressid_v8mh,combined,stressid
0,0.1658762,1.0,stressid_v8mh,combined,stressid
0,0.16644002,1.0,stressid_v8mh,combined,stressid
0,0.19337489,1.0,stressid_v8mh,combined,stressid
0,0.16654831,1.0,stressid_v8mh,combined,stressid
0,0.16673581,1.0,stressid_v8mh,combined,stressid
0,0.16627955,1.0,stressid_v8mh,combined,stressid
0,0.16538909,1.0,stressid_v8mh,combined,stressid
0,0.16504784,1.0,stressid_v8mh,combined,stressid
0,0.1647265,1.0,stressid_v8mh,combined,stressid
0,0.16434263,1.0,stressid_v8mh,combined,stressid
0,0.16448925,1.0,stressid_v8mh,combined,stressid
0,0.18911047,1.0,stressid_v8mh,combined,stressid
0,0.19917752,1.0,stressid_v8mh,combined,stressid
0,0.20945556,1.0,stressid_v8mh,combined,stressid
0,0.2166882,1.0,stressid_v8mh,combined,stressid
0,0.22977202,1.0,stressid_v8mh,combined,stressid
0,0.24801894,1.0,stressid_v8mh,combined,stressid
0,0.10024731,1.0,stressid_4woj,combined,stressid
0,0.10394339,1.0,stressid_4woj,combined,stressid
0,0.17647631,1.0,stressid_4woj,combined,stressid
0,0.18178083,1.0,stressid_4woj,combined,stressid
0,0.1877961,1.0,stressid_4woj,combined,stressid
0,0.18988258,1.0,stressid_4woj,combined,stressid
0,0.19045542,1.0,stressid_4woj,combined,stressid
0,0.19201925,1.0,stressid_4woj,combined,stressid
0,0.19296174,1.0,stressid_4woj,combined,stressid
0,0.1977731,1.0,stressid_4woj,combined,stressid
0,0.20226072,1.0,stressid_4woj,combined,stressid
0,0.19552957,1.0,stressid_4woj,combined,stressid
0,0.12208375,1.0,stressid_4woj,combined,stressid
0,0.19439061,1.0,stressid_4woj,combined,stressid
0,0.19753401,1.0,stressid_4woj,combined,stressid
0,0.19590877,1.0,stressid_4woj,combined,stressid
0,0.20573439,1.0,stressid_4woj,combined,stressid
0,0.23613848,1.0,stressid_4woj,combined,stressid
0,0.2553097,1.0,stressid_4woj,combined,stressid
0,0.24839826,1.0,stressid_4woj,combined,stressid
0,0.24069484,1.0,stressid_4woj,combined,stressid
0,0.23046654,1.0,stressid_4woj,combined,stressid
0,0.22011174,1.0,stressid_4woj,combined,stressid
0,0.13134693,1.0,stressid_4woj,combined,stressid
0,0.20680477,1.0,stressid_4woj,combined,stressid
0,0.20132293,1.0,stressid_4woj,combined,stressid
0,0.20202745,1.0,stressid_4woj,combined,stressid
0,0.20171428,1.0,stressid_4woj,combined,stressid
0,0.19385085,1.0,stressid_4woj,combined,stressid
0,0.3024639,1.0,stressid_4woj,combined,stressid
0,0.1361423,1.0,stressid_4woj,combined,stressid
0,0.1362415,1.0,stressid_4woj,combined,stressid
0,0.1485364,1.0,stressid_4woj,combined,stressid
0,0.17755331,1.0,stressid_4woj,combined,stressid
0,0.19971672,1.0,stressid_4woj,combined,stressid
0,0.18822627,1.0,stressid_4woj,combined,stressid
1,0.734757,1.0,stressid_4woj,combined,stressid
1,0.681114,1.0,stressid_4woj,combined,stressid
1,0.741717,1.0,stressid_4woj,combined,stressid
1,0.69004947,1.0,stressid_4woj,combined,stressid
1,0.7122793,1.0,stressid_4woj,combined,stressid
1,0.7656193,1.0,stressid_4woj,combined,stressid
1,0.80500257,1.0,stressid_4woj,combined,stressid
1,0.8070171,1.0,stressid_4woj,combined,stressid
1,0.81885105,1.0,stressid_4woj,combined,stressid
1,0.7573093,1.0,stressid_4woj,combined,stressid
1,0.7466354,1.0,stressid_4woj,combined,stressid
0,0.7504181,1.0,stressid_4woj,combined,stressid
0,0.76285523,1.0,stressid_4woj,combined,stressid
0,0.80985886,1.0,stressid_4woj,combined,stressid
0,0.7510423,1.0,stressid_4woj,combined,stressid
0,0.72917163,1.0,stressid_4woj,combined,stressid
0,0.78189135,1.0,stressid_4woj,combined,stressid
0,0.81592643,1.0,stressid_4woj,combined,stressid
0,0.77207196,1.0,stressid_4woj,combined,stressid
0,0.7997797,1.0,stressid_4woj,combined,stressid
0,0.8227371,1.0,stressid_4woj,combined,stressid
0,0.82779956,1.0,stressid_4woj,combined,stressid
1,0.79426306,1.0,stressid_4woj,combined,stressid
1,0.80292714,1.0,stressid_4woj,combined,stressid
1,0.77039707,1.0,stressid_4woj,combined,stressid
1,0.80592287,1.0,stressid_4woj,combined,stressid
1,0.8490274,1.0,stressid_4woj,combined,stressid
1,0.8714494,1.0,stressid_4woj,combined,stressid
1,0.8728248,1.0,stressid_4woj,combined,stressid
1,0.8897311,1.0,stressid_4woj,combined,stressid
1,0.85916835,1.0,stressid_4woj,combined,stressid
1,0.8188532,1.0,stressid_4woj,combined,stressid
1,0.82440996,1.0,stressid_4woj,combined,stressid
0,0.7061608,1.0,stressid_4woj,combined,stressid
0,0.6844759,1.0,stressid_4woj,combined,stressid
0,0.63112867,1.0,stressid_4woj,combined,stressid
0,0.6925888,1.0,stressid_4woj,combined,stressid
0,0.6864155,1.0,stressid_4woj,combined,stressid
0,0.73759294,1.0,stressid_4woj,combined,stressid
0,0.7145257,1.0,stressid_4woj,combined,stressid
0,0.7106175,1.0,stressid_4woj,combined,stressid
0,0.6890859,1.0,stressid_4woj,combined,stressid
0,0.6807247,1.0,stressid_4woj,combined,stressid
0,0.64074725,1.0,stressid_4woj,combined,stressid
1,0.7566071,1.0,stressid_4woj,combined,stressid
1,0.78450036,1.0,stressid_4woj,combined,stressid
1,0.75383484,1.0,stressid_4woj,combined,stressid
1,0.7940116,1.0,stressid_4woj,combined,stressid
1,0.8063227,1.0,stressid_4woj,combined,stressid
1,0.82216203,1.0,stressid_4woj,combined,stressid
1,0.83304995,1.0,stressid_4woj,combined,stressid
1,0.75483704,1.0,stressid_4woj,combined,stressid
1,0.7600407,1.0,stressid_4woj,combined,stressid
1,0.83157045,1.0,stressid_4woj,combined,stressid
1,0.84213364,1.0,stressid_4woj,combined,stressid
0,0.29690066,1.0,stressid_4woj,combined,stressid
0,0.25271356,1.0,stressid_4woj,combined,stressid
0,0.25897527,1.0,stressid_4woj,combined,stressid
0,0.20096035,1.0,stressid_4woj,combined,stressid
0,0.20127584,1.0,stressid_4woj,combined,stressid
0,0.2088966,1.0,stressid_4woj,combined,stressid
0,0.19076768,1.0,stressid_4woj,combined,stressid
0,0.2252274,1.0,stressid_4woj,combined,stressid
0,0.26140162,1.0,stressid_4woj,combined,stressid
0,0.29596198,1.0,stressid_4woj,combined,stressid
0,0.2867916,1.0,stressid_4woj,combined,stressid
0,0.26343954,1.0,stressid_4woj,combined,stressid
0,0.2383224,1.0,stressid_4woj,combined,stressid
0,0.24204902,1.0,stressid_4woj,combined,stressid
0,0.21070641,1.0,stressid_4woj,combined,stressid
0,0.22374152,1.0,stressid_4woj,combined,stressid
0,0.26020968,1.0,stressid_4woj,combined,stressid
0,0.26575568,1.0,stressid_4woj,combined,stressid
0,0.24218166,1.0,stressid_4woj,combined,stressid
0,0.24268973,1.0,stressid_4woj,combined,stressid
0,0.2264407,1.0,stressid_4woj,combined,stressid
0,0.1935946,1.0,stressid_4woj,combined,stressid
0,0.3064421,1.0,stressid_4woj,combined,stressid
0,0.26643038,1.0,stressid_4woj,combined,stressid
0,0.28050795,1.0,stressid_4woj,combined,stressid
0,0.28568262,1.0,stressid_4woj,combined,stressid
0,0.24045439,1.0,stressid_4woj,combined,stressid
0,0.23459238,1.0,stressid_4woj,combined,stressid
0,0.27055705,1.0,stressid_4woj,combined,stressid
0,0.30969334,1.0,stressid_4woj,combined,stressid
1,0.7492337,1.0,stressid_4woj,combined,stressid
1,0.73080677,1.0,stressid_4woj,combined,stressid
1,0.79523623,1.0,stressid_4woj,combined,stressid
1,0.7453974,1.0,stressid_4woj,combined,stressid
1,0.76179,1.0,stressid_4woj,combined,stressid
1,0.7600588,1.0,stressid_4woj,combined,stressid
1,0.8079711,1.0,stressid_4woj,combined,stressid
1,0.7882768,1.0,stressid_4woj,combined,stressid
1,0.7733287,1.0,stressid_4woj,combined,stressid
1,0.80004454,1.0,stressid_4woj,combined,stressid
1,0.7964433,1.0,stressid_4woj,combined,stressid
0,0.72891176,1.0,stressid_4woj,combined,stressid
0,0.73600304,1.0,stressid_4woj,combined,stressid
0,0.72206783,1.0,stressid_4woj,combined,stressid
0,0.72546184,1.0,stressid_4woj,combined,stressid
0,0.736704,1.0,stressid_4woj,combined,stressid
0,0.7711378,1.0,stressid_4woj,combined,stressid
0,0.74907196,1.0,stressid_4woj,combined,stressid
0,0.74765766,1.0,stressid_4woj,combined,stressid
0,0.7611946,1.0,stressid_4woj,combined,stressid
0,0.7737649,1.0,stressid_4woj,combined,stressid
0,0.753904,1.0,stressid_4woj,combined,stressid
0,0.32905725,1.0,stressid_4woj,combined,stressid
0,0.2519289,1.0,stressid_4woj,combined,stressid
0,0.2061857,1.0,stressid_4woj,combined,stressid
0,0.2155611,1.0,stressid_4woj,combined,stressid
0,0.18716282,1.0,stressid_4woj,combined,stressid
0,0.17128421,1.0,stressid_4woj,combined,stressid
0,0.16370724,1.0,stressid_4woj,combined,stressid
0,0.15224992,1.0,stressid_4woj,combined,stressid
0,0.14716195,1.0,stressid_4woj,combined,stressid
0,0.19000822,1.0,stressid_4woj,combined,stressid
0,0.27649814,1.0,stressid_4woj,combined,stressid
0,0.34164703,1.0,stressid_4woj,combined,stressid
0,0.21454985,1.0,stressid_4woj,combined,stressid
0,0.26516578,1.0,stressid_4woj,combined,stressid
0,0.16794139,1.0,stressid_4woj,combined,stressid
0,0.1855016,1.0,stressid_4woj,combined,stressid
0,0.1796705,1.0,stressid_4woj,combined,stressid
0,0.2280493,1.0,stressid_4woj,combined,stressid
0,0.22501926,1.0,stressid_4woj,combined,stressid
0,0.17752641,1.0,stressid_4woj,combined,stressid
0,0.20795341,1.0,stressid_4woj,combined,stressid
0,0.22939813,1.0,stressid_4woj,combined,stressid
0,0.21068865,1.0,stressid_4woj,combined,stressid
0,0.20373654,1.0,stressid_4woj,combined,stressid
0,0.19891582,1.0,stressid_4woj,combined,stressid
0,0.20868248,1.0,stressid_4woj,combined,stressid
0,0.20977572,1.0,stressid_4woj,combined,stressid
0,0.2918401,1.0,stressid_4woj,combined,stressid
0,0.2964421,1.0,stressid_4woj,combined,stressid
0,0.18534893,1.0,stressid_4woj,combined,stressid
0,0.18998688,1.0,stressid_4woj,combined,stressid
0,0.14845076,1.0,stressid_4woj,combined,stressid
0,0.10916641,1.0,stressid_4woj,combined,stressid
0,0.12529874,1.0,stressid_4woj,combined,stressid
0,0.16921294,1.0,stressid_4woj,combined,stressid
0,0.24678157,1.0,stressid_4woj,combined,stressid
0,0.29021224,1.0,stressid_4woj,combined,stressid
0,0.21035753,1.0,stressid_4woj,combined,stressid
0,0.2347056,1.0,stressid_4woj,combined,stressid
0,0.22932677,1.0,stressid_4woj,combined,stressid
0,0.22247343,1.0,stressid_4woj,combined,stressid
0,0.23249117,1.0,stressid_4woj,combined,stressid
0,0.23399284,1.0,stressid_4woj,combined,stressid
0,0.22533408,1.0,stressid_4woj,combined,stressid
0,0.20896646,1.0,stressid_4woj,combined,stressid
0,0.20899864,1.0,stressid_4woj,combined,stressid
0,0.21545738,1.0,stressid_4woj,combined,stressid
0,0.23389684,1.0,stressid_4woj,combined,stressid
0,0.21672817,1.0,stressid_4woj,combined,stressid
0,0.2197775,1.0,stressid_4woj,combined,stressid
0,0.30631298,1.0,stressid_4woj,combined,stressid
0,0.16665986,1.0,stressid_4woj,combined,stressid
0,0.20068724,1.0,stressid_4woj,combined,stressid
0,0.21734607,1.0,stressid_4woj,combined,stressid
0,0.21576917,1.0,stressid_4woj,combined,stressid
0,0.2207223,1.0,stressid_4woj,combined,stressid
0,0.23146401,1.0,stressid_4woj,combined,stressid
0,0.21044001,1.0,stressid_4woj,combined,stressid
0,0.3363266,1.0,stressid_9t6n,combined,stressid
0,0.3334151,1.0,stressid_9t6n,combined,stressid
0,0.3568304,1.0,stressid_9t6n,combined,stressid
0,0.36801967,1.0,stressid_9t6n,combined,stressid
0,0.37283733,1.0,stressid_9t6n,combined,stressid
0,0.384727,1.0,stressid_9t6n,combined,stressid
0,0.386418,1.0,stressid_9t6n,combined,stressid
0,0.38314945,1.0,stressid_9t6n,combined,stressid
0,0.38650414,1.0,stressid_9t6n,combined,stressid
0,0.39200824,1.0,stressid_9t6n,combined,stressid
0,0.39043307,1.0,stressid_9t6n,combined,stressid
0,0.3852876,1.0,stressid_9t6n,combined,stressid
0,0.34170032,1.0,stressid_9t6n,combined,stressid
0,0.39017928,1.0,stressid_9t6n,combined,stressid
0,0.39759874,1.0,stressid_9t6n,combined,stressid
0,0.39429805,1.0,stressid_9t6n,combined,stressid
0,0.3969312,1.0,stressid_9t6n,combined,stressid
0,0.3958879,1.0,stressid_9t6n,combined,stressid
0,0.38403523,1.0,stressid_9t6n,combined,stressid
0,0.3793272,1.0,stressid_9t6n,combined,stressid
0,0.3754509,1.0,stressid_9t6n,combined,stressid
0,0.38232833,1.0,stressid_9t6n,combined,stressid
0,0.38781422,1.0,stressid_9t6n,combined,stressid
0,0.36066964,1.0,stressid_9t6n,combined,stressid
0,0.38632023,1.0,stressid_9t6n,combined,stressid
0,0.38969535,1.0,stressid_9t6n,combined,stressid
0,0.39528057,1.0,stressid_9t6n,combined,stressid
0,0.39178634,1.0,stressid_9t6n,combined,stressid
0,0.3888717,1.0,stressid_9t6n,combined,stressid
0,0.4121478,1.0,stressid_9t6n,combined,stressid
0,0.41308746,1.0,stressid_9t6n,combined,stressid
0,0.41427782,1.0,stressid_9t6n,combined,stressid
0,0.41356492,1.0,stressid_9t6n,combined,stressid
0,0.41279492,1.0,stressid_9t6n,combined,stressid
0,0.34978825,1.0,stressid_9t6n,combined,stressid
0,0.41279674,1.0,stressid_9t6n,combined,stressid
0,0.41225505,1.0,stressid_9t6n,combined,stressid
0,0.41204122,1.0,stressid_9t6n,combined,stressid
0,0.41204157,1.0,stressid_9t6n,combined,stressid
0,0.41203177,1.0,stressid_9t6n,combined,stressid
0,0.41204512,1.0,stressid_9t6n,combined,stressid
0,0.41204882,1.0,stressid_9t6n,combined,stressid
0,0.41203976,1.0,stressid_9t6n,combined,stressid
0,0.41203648,1.0,stressid_9t6n,combined,stressid
0,0.41365686,1.0,stressid_9t6n,combined,stressid
0,0.34110478,1.0,stressid_9t6n,combined,stressid
0,0.41476354,1.0,stressid_9t6n,combined,stressid
0,0.41438898,1.0,stressid_9t6n,combined,stressid
0,0.41510332,1.0,stressid_9t6n,combined,stressid
0,0.41567197,1.0,stressid_9t6n,combined,stressid
0,0.41540414,1.0,stressid_9t6n,combined,stressid
0,0.4149636,1.0,stressid_9t6n,combined,stressid
0,0.41470212,1.0,stressid_9t6n,combined,stressid
0,0.41423383,1.0,stressid_9t6n,combined,stressid
0,0.41437867,1.0,stressid_9t6n,combined,stressid
0,0.34607255,1.0,stressid_9t6n,combined,stressid
0,0.357993,1.0,stressid_9t6n,combined,stressid
0,0.35178956,1.0,stressid_9t6n,combined,stressid
0,0.34268373,1.0,stressid_9t6n,combined,stressid
1,0.7083241,1.0,stressid_9t6n,combined,stressid
1,0.70443666,1.0,stressid_9t6n,combined,stressid
1,0.73296946,1.0,stressid_9t6n,combined,stressid
1,0.63586557,1.0,stressid_9t6n,combined,stressid
1,0.63473195,1.0,stressid_9t6n,combined,stressid
1,0.6340744,1.0,stressid_9t6n,combined,stressid
1,0.63350064,1.0,stressid_9t6n,combined,stressid
1,0.63119364,1.0,stressid_9t6n,combined,stressid
1,0.640778,1.0,stressid_9t6n,combined,stressid
1,0.64152205,1.0,stressid_9t6n,combined,stressid
1,0.6382938,1.0,stressid_9t6n,combined,stressid
1,0.7025569,1.0,stressid_9t6n,combined,stressid
1,0.7162304,1.0,stressid_9t6n,combined,stressid
1,0.7369051,1.0,stressid_9t6n,combined,stressid
1,0.7399527,1.0,stressid_9t6n,combined,stressid
1,0.73663664,1.0,stressid_9t6n,combined,stressid
1,0.72818154,1.0,stressid_9t6n,combined,stressid
1,0.7328774,1.0,stressid_9t6n,combined,stressid
1,0.721391,1.0,stressid_9t6n,combined,stressid
1,0.7578613,1.0,stressid_9t6n,combined,stressid
1,0.75192225,1.0,stressid_9t6n,combined,stressid
1,0.7164254,1.0,stressid_9t6n,combined,stressid
1,0.67325556,1.0,stressid_9t6n,combined,stressid
1,0.66188955,1.0,stressid_9t6n,combined,stressid
1,0.65519035,1.0,stressid_9t6n,combined,stressid
1,0.65702534,1.0,stressid_9t6n,combined,stressid
1,0.6591511,1.0,stressid_9t6n,combined,stressid
1,0.65246487,1.0,stressid_9t6n,combined,stressid
1,0.65438795,1.0,stressid_9t6n,combined,stressid
1,0.65659094,1.0,stressid_9t6n,combined,stressid
1,0.73555577,1.0,stressid_9t6n,combined,stressid
1,0.73593,1.0,stressid_9t6n,combined,stressid
1,0.7372066,1.0,stressid_9t6n,combined,stressid
1,0.7177938,1.0,stressid_9t6n,combined,stressid
1,0.7072349,1.0,stressid_9t6n,combined,stressid
1,0.7155529,1.0,stressid_9t6n,combined,stressid
1,0.7204883,1.0,stressid_9t6n,combined,stressid
1,0.71530724,1.0,stressid_9t6n,combined,stressid
1,0.7173384,1.0,stressid_9t6n,combined,stressid
1,0.7292126,1.0,stressid_9t6n,combined,stressid
1,0.7492849,1.0,stressid_9t6n,combined,stressid
1,0.65941054,1.0,stressid_9t6n,combined,stressid
1,0.6627505,1.0,stressid_9t6n,combined,stressid
1,0.6579098,1.0,stressid_9t6n,combined,stressid
1,0.6702483,1.0,stressid_9t6n,combined,stressid
1,0.66642535,1.0,stressid_9t6n,combined,stressid
1,0.672878,1.0,stressid_9t6n,combined,stressid
1,0.6926945,1.0,stressid_9t6n,combined,stressid
1,0.68394727,1.0,stressid_9t6n,combined,stressid
1,0.73986495,1.0,stressid_9t6n,combined,stressid
1,0.74800086,1.0,stressid_9t6n,combined,stressid
1,0.75662607,1.0,stressid_9t6n,combined,stressid
1,0.73534536,1.0,stressid_9t6n,combined,stressid
1,0.73066014,1.0,stressid_9t6n,combined,stressid
1,0.73051554,1.0,stressid_9t6n,combined,stressid
1,0.7225473,1.0,stressid_9t6n,combined,stressid
1,0.73622423,1.0,stressid_9t6n,combined,stressid
1,0.7218748,1.0,stressid_9t6n,combined,stressid
1,0.7315443,1.0,stressid_9t6n,combined,stressid
1,0.72002965,1.0,stressid_9t6n,combined,stressid
1,0.6403109,1.0,stressid_9t6n,combined,stressid
1,0.63700545,1.0,stressid_9t6n,combined,stressid
1,0.632897,1.0,stressid_9t6n,combined,stressid
1,0.65544707,1.0,stressid_9t6n,combined,stressid
1,0.65730286,1.0,stressid_9t6n,combined,stressid
1,0.64743626,1.0,stressid_9t6n,combined,stressid
1,0.6561749,1.0,stressid_9t6n,combined,stressid
1,0.65524566,1.0,stressid_9t6n,combined,stressid
1,0.7361068,1.0,stressid_9t6n,combined,stressid
1,0.73249453,1.0,stressid_9t6n,combined,stressid
1,0.7244369,1.0,stressid_9t6n,combined,stressid
1,0.72554284,1.0,stressid_9t6n,combined,stressid
1,0.72121274,1.0,stressid_9t6n,combined,stressid
1,0.72594917,1.0,stressid_9t6n,combined,stressid
1,0.7334012,1.0,stressid_9t6n,combined,stressid
1,0.7263777,1.0,stressid_9t6n,combined,stressid
1,0.7142866,1.0,stressid_9t6n,combined,stressid
1,0.7200073,1.0,stressid_9t6n,combined,stressid
1,0.72897315,1.0,stressid_9t6n,combined,stressid
1,0.667338,1.0,stressid_9t6n,combined,stressid
1,0.66538864,1.0,stressid_9t6n,combined,stressid
1,0.6637864,1.0,stressid_9t6n,combined,stressid
1,0.6760462,1.0,stressid_9t6n,combined,stressid
1,0.66504335,1.0,stressid_9t6n,combined,stressid
1,0.66327673,1.0,stressid_9t6n,combined,stressid
1,0.6664582,1.0,stressid_9t6n,combined,stressid
1,0.6676094,1.0,stressid_9t6n,combined,stressid
1,0.7377692,1.0,stressid_9t6n,combined,stressid
1,0.7444777,1.0,stressid_9t6n,combined,stressid
1,0.74593776,1.0,stressid_9t6n,combined,stressid
1,0.753877,1.0,stressid_9t6n,combined,stressid
1,0.7522677,1.0,stressid_9t6n,combined,stressid
1,0.72762215,1.0,stressid_9t6n,combined,stressid
1,0.7329824,1.0,stressid_9t6n,combined,stressid
1,0.7282937,1.0,stressid_9t6n,combined,stressid
0,0.3450442,1.0,stressid_9t6n,combined,stressid
0,0.3364551,1.0,stressid_9t6n,combined,stressid
0,0.3349388,1.0,stressid_9t6n,combined,stressid
0,0.327585,1.0,stressid_9t6n,combined,stressid
0,0.32056388,1.0,stressid_9t6n,combined,stressid
0,0.32918036,1.0,stressid_9t6n,combined,stressid
0,0.34053954,1.0,stressid_9t6n,combined,stressid
0,0.34113148,1.0,stressid_9t6n,combined,stressid
0,0.33360073,1.0,stressid_9t6n,combined,stressid
0,0.33999982,1.0,stressid_9t6n,combined,stressid
0,0.33829415,1.0,stressid_9t6n,combined,stressid
0,0.3335228,1.0,stressid_9t6n,combined,stressid
0,0.3230167,1.0,stressid_9t6n,combined,stressid
0,0.33813915,1.0,stressid_9t6n,combined,stressid
0,0.33602062,1.0,stressid_9t6n,combined,stressid
0,0.33248898,1.0,stressid_9t6n,combined,stressid
0,0.3344379,1.0,stressid_9t6n,combined,stressid
0,0.33543214,1.0,stressid_9t6n,combined,stressid
0,0.33522475,1.0,stressid_9t6n,combined,stressid
0,0.3361825,1.0,stressid_9t6n,combined,stressid
0,0.3415549,1.0,stressid_9t6n,combined,stressid
0,0.33491543,1.0,stressid_9t6n,combined,stressid
0,0.4142848,1.0,stressid_9t6n,combined,stressid
0,0.3236272,1.0,stressid_9t6n,combined,stressid
0,0.41429478,1.0,stressid_9t6n,combined,stressid
0,0.4143188,1.0,stressid_9t6n,combined,stressid
0,0.4143426,1.0,stressid_9t6n,combined,stressid
0,0.41436395,1.0,stressid_9t6n,combined,stressid
0,0.41437414,1.0,stressid_9t6n,combined,stressid
0,0.41439196,1.0,stressid_9t6n,combined,stressid
0,0.4144154,1.0,stressid_9t6n,combined,stressid
0,0.41441357,1.0,stressid_9t6n,combined,stressid
0,0.4144459,1.0,stressid_9t6n,combined,stressid
0,0.41448855,1.0,stressid_9t6n,combined,stressid
0,0.33104756,1.0,stressid_9t6n,combined,stressid
0,0.41447327,1.0,stressid_9t6n,combined,stressid
0,0.41446957,1.0,stressid_9t6n,combined,stressid
0,0.41444945,1.0,stressid_9t6n,combined,stressid
0,0.41444024,1.0,stressid_9t6n,combined,stressid
0,0.4144656,1.0,stressid_9t6n,combined,stressid
0,0.41443938,1.0,stressid_9t6n,combined,stressid
0,0.4144265,1.0,stressid_9t6n,combined,stressid
0,0.41441718,1.0,stressid_9t6n,combined,stressid
0,0.41440883,1.0,stressid_9t6n,combined,stressid
0,0.34004164,1.0,stressid_9t6n,combined,stressid
0,0.32829323,1.0,stressid_9t6n,combined,stressid
0,0.32665828,1.0,stressid_9t6n,combined,stressid
0,0.3375627,1.0,stressid_9t6n,combined,stressid
0,0.33109036,1.0,stressid_9t6n,combined,stressid
1,0.74002683,1.0,stressid_9t6n,combined,stressid
1,0.7383657,1.0,stressid_9t6n,combined,stressid
1,0.73924685,1.0,stressid_9t6n,combined,stressid
1,0.67031854,1.0,stressid_9t6n,combined,stressid
1,0.6747552,1.0,stressid_9t6n,combined,stressid
1,0.6663158,1.0,stressid_9t6n,combined,stressid
1,0.6609319,1.0,stressid_9t6n,combined,stressid
1,0.67780817,1.0,stressid_9t6n,combined,stressid
1,0.6731381,1.0,stressid_9t6n,combined,stressid
1,0.6740359,1.0,stressid_9t6n,combined,stressid
1,0.6694828,1.0,stressid_9t6n,combined,stressid
1,0.73520833,1.0,stressid_9t6n,combined,stressid
1,0.7482618,1.0,stressid_9t6n,combined,stressid
1,0.74712265,1.0,stressid_9t6n,combined,stressid
1,0.7360765,1.0,stressid_9t6n,combined,stressid
1,0.73286563,1.0,stressid_9t6n,combined,stressid
1,0.73704827,1.0,stressid_9t6n,combined,stressid
1,0.7133792,1.0,stressid_9t6n,combined,stressid
1,0.7357221,1.0,stressid_9t6n,combined,stressid
1,0.7209854,1.0,stressid_9t6n,combined,stressid
1,0.73309505,1.0,stressid_9t6n,combined,stressid
1,0.75366545,1.0,stressid_9t6n,combined,stressid
1,0.66308326,1.0,stressid_9t6n,combined,stressid
1,0.67072946,1.0,stressid_9t6n,combined,stressid
1,0.6778286,1.0,stressid_9t6n,combined,stressid
1,0.6794354,1.0,stressid_9t6n,combined,stressid
1,0.6795153,1.0,stressid_9t6n,combined,stressid
1,0.6778635,1.0,stressid_9t6n,combined,stressid
1,0.6726131,1.0,stressid_9t6n,combined,stressid
1,0.66695845,1.0,stressid_9t6n,combined,stressid
1,0.7270846,1.0,stressid_9t6n,combined,stressid
1,0.7430653,1.0,stressid_9t6n,combined,stressid
1,0.7397209,1.0,stressid_9t6n,combined,stressid
1,0.72348243,1.0,stressid_9t6n,combined,stressid
1,0.7249712,1.0,stressid_9t6n,combined,stressid
1,0.72537965,1.0,stressid_9t6n,combined,stressid
1,0.73112607,1.0,stressid_9t6n,combined,stressid
1,0.7525765,1.0,stressid_9t6n,combined,stressid
1,0.33529103,1.0,stressid_9t6n,combined,stressid
1,0.31929842,1.0,stressid_9t6n,combined,stressid
1,0.34295774,1.0,stressid_9t6n,combined,stressid
1,0.3491437,1.0,stressid_9t6n,combined,stressid
1,0.35075802,1.0,stressid_9t6n,combined,stressid
1,0.3553823,1.0,stressid_9t6n,combined,stressid
1,0.3668537,1.0,stressid_9t6n,combined,stressid
1,0.36031437,1.0,stressid_9t6n,combined,stressid
1,0.35033825,1.0,stressid_9t6n,combined,stressid
1,0.3714705,1.0,stressid_9t6n,combined,stressid
1,0.33974335,1.0,stressid_9t6n,combined,stressid
1,0.34271234,1.0,stressid_9t6n,combined,stressid
1,0.3477716,1.0,stressid_9t6n,combined,stressid
1,0.35878274,1.0,stressid_9t6n,combined,stressid
1,0.39965776,1.0,stressid_9t6n,combined,stressid
1,0.4165098,1.0,stressid_9t6n,combined,stressid
1,0.34922686,1.0,stressid_9t6n,combined,stressid
1,0.3586066,1.0,stressid_9t6n,combined,stressid
1,0.36189327,1.0,stressid_9t6n,combined,stressid
1,0.34761304,1.0,stressid_9t6n,combined,stressid
1,0.3469959,1.0,stressid_9t6n,combined,stressid
1,0.34738046,1.0,stressid_9t6n,combined,stressid
1,0.34935126,1.0,stressid_9t6n,combined,stressid
1,0.38255864,1.0,stressid_9t6n,combined,stressid
1,0.36290663,1.0,stressid_9t6n,combined,stressid
1,0.3579351,1.0,stressid_9t6n,combined,stressid
1,0.37120718,1.0,stressid_9t6n,combined,stressid
1,0.41295707,1.0,stressid_9t6n,combined,stressid
1,0.41399592,1.0,stressid_9t6n,combined,stressid
1,0.41346818,1.0,stressid_9t6n,combined,stressid
1,0.41290876,1.0,stressid_9t6n,combined,stressid
1,0.41278884,1.0,stressid_9t6n,combined,stressid
1,0.41398883,1.0,stressid_9t6n,combined,stressid
1,0.41458464,1.0,stressid_9t6n,combined,stressid
1,0.34761757,1.0,stressid_9t6n,combined,stressid
1,0.4141403,1.0,stressid_9t6n,combined,stressid
1,0.41413343,1.0,stressid_9t6n,combined,stressid
1,0.41414505,1.0,stressid_9t6n,combined,stressid
1,0.41420183,1.0,stressid_9t6n,combined,stressid
1,0.41422367,1.0,stressid_9t6n,combined,stressid
1,0.4141282,1.0,stressid_9t6n,combined,stressid
1,0.41443458,1.0,stressid_9t6n,combined,stressid
1,0.41502196,1.0,stressid_9t6n,combined,stressid
1,0.41446242,1.0,stressid_9t6n,combined,stressid
1,0.41434875,1.0,stressid_9t6n,combined,stressid
1,0.37050503,1.0,stressid_9t6n,combined,stressid
1,0.4140389,1.0,stressid_9t6n,combined,stressid
1,0.41460434,1.0,stressid_9t6n,combined,stressid
1,0.41553876,1.0,stressid_9t6n,combined,stressid
1,0.4152432,1.0,stressid_9t6n,combined,stressid
1,0.41526106,1.0,stressid_9t6n,combined,stressid
1,0.4148935,1.0,stressid_9t6n,combined,stressid
1,0.4136807,1.0,stressid_9t6n,combined,stressid
1,0.37030837,1.0,stressid_9t6n,combined,stressid
1,0.3561805,1.0,stressid_9t6n,combined,stressid
1,0.35184464,1.0,stressid_9t6n,combined,stressid
1,0.34345925,1.0,stressid_9t6n,combined,stressid
1,0.34304783,1.0,stressid_9t6n,combined,stressid
1,0.36162764,1.0,stressid_9t6n,combined,stressid
1,0.36008877,1.0,stressid_9t6n,combined,stressid
1,0.36455557,1.0,stressid_9t6n,combined,stressid
1,0.36328194,1.0,stressid_9t6n,combined,stressid
1,0.3435101,1.0,stressid_9t6n,combined,stressid
1,0.36730707,1.0,stressid_9t6n,combined,stressid
1,0.36591557,1.0,stressid_9t6n,combined,stressid
1,0.3495124,1.0,stressid_9t6n,combined,stressid
1,0.3458941,1.0,stressid_9t6n,combined,stressid
1,0.34197128,1.0,stressid_9t6n,combined,stressid
1,0.34566307,1.0,stressid_9t6n,combined,stressid
1,0.3398692,1.0,stressid_9t6n,combined,stressid
1,0.35824153,1.0,stressid_9t6n,combined,stressid
1,0.3553933,1.0,stressid_9t6n,combined,stressid
1,0.414023,1.0,stressid_9t6n,combined,stressid
1,0.41343984,1.0,stressid_9t6n,combined,stressid
1,0.41423708,1.0,stressid_9t6n,combined,stressid
1,0.4147406,1.0,stressid_9t6n,combined,stressid
1,0.41433835,1.0,stressid_9t6n,combined,stressid
1,0.41426244,1.0,stressid_9t6n,combined,stressid
1,0.41406706,1.0,stressid_9t6n,combined,stressid
1,0.41407204,1.0,stressid_9t6n,combined,stressid
1,0.35928518,1.0,stressid_9t6n,combined,stressid
1,0.4141061,1.0,stressid_9t6n,combined,stressid
1,0.41413474,1.0,stressid_9t6n,combined,stressid
1,0.414151,1.0,stressid_9t6n,combined,stressid
1,0.41415697,1.0,stressid_9t6n,combined,stressid
1,0.4141465,1.0,stressid_9t6n,combined,stressid
1,0.41417086,1.0,stressid_9t6n,combined,stressid
1,0.4141606,1.0,stressid_9t6n,combined,stressid
1,0.41410568,1.0,stressid_9t6n,combined,stressid
1,0.38149425,1.0,stressid_9t6n,combined,stressid
1,0.3527835,1.0,stressid_9t6n,combined,stressid
1,0.36914986,1.0,stressid_9t6n,combined,stressid
1,0.394306,1.0,stressid_9t6n,combined,stressid
1,0.34266877,1.0,stressid_9t6n,combined,stressid
1,0.3393171,1.0,stressid_9t6n,combined,stressid
1,0.5426692,1.0,stressid_71i5,combined,stressid
1,0.5235007,1.0,stressid_71i5,combined,stressid
1,0.6194835,1.0,stressid_71i5,combined,stressid
1,0.5992217,1.0,stressid_71i5,combined,stressid
1,0.5681643,1.0,stressid_71i5,combined,stressid
1,0.48602432,1.0,stressid_71i5,combined,stressid
1,0.46008396,1.0,stressid_71i5,combined,stressid
1,0.4959344,1.0,stressid_71i5,combined,stressid
1,0.5093106,1.0,stressid_71i5,combined,stressid
1,0.59810984,1.0,stressid_71i5,combined,stressid
1,0.6246881,1.0,stressid_71i5,combined,stressid
1,0.5365124,1.0,stressid_71i5,combined,stressid
1,0.51103586,1.0,stressid_71i5,combined,stressid
1,0.5005831,1.0,stressid_71i5,combined,stressid
1,0.527125,1.0,stressid_71i5,combined,stressid
1,0.5132158,1.0,stressid_71i5,combined,stressid
1,0.55484563,1.0,stressid_71i5,combined,stressid
1,0.5833247,1.0,stressid_71i5,combined,stressid
1,0.57098526,1.0,stressid_71i5,combined,stressid
1,0.5327912,1.0,stressid_71i5,combined,stressid
1,0.47288015,1.0,stressid_71i5,combined,stressid
1,0.49408484,1.0,stressid_71i5,combined,stressid
1,0.49539995,1.0,stressid_71i5,combined,stressid
1,0.5128888,1.0,stressid_71i5,combined,stressid
1,0.5307121,1.0,stressid_71i5,combined,stressid
1,0.5572998,1.0,stressid_71i5,combined,stressid
1,0.50194097,1.0,stressid_71i5,combined,stressid
1,0.49421287,1.0,stressid_71i5,combined,stressid
1,0.49081138,1.0,stressid_71i5,combined,stressid
1,0.34150222,1.0,stressid_71i5,combined,stressid
1,0.34070933,1.0,stressid_71i5,combined,stressid
1,0.3400768,1.0,stressid_71i5,combined,stressid
1,0.34109318,1.0,stressid_71i5,combined,stressid
1,0.34148154,1.0,stressid_71i5,combined,stressid
1,0.51862866,1.0,stressid_71i5,combined,stressid
1,0.34104267,1.0,stressid_71i5,combined,stressid
1,0.34032738,1.0,stressid_71i5,combined,stressid
1,0.34006444,1.0,stressid_71i5,combined,stressid
1,0.34017935,1.0,stressid_71i5,combined,stressid
1,0.34023923,1.0,stressid_71i5,combined,stressid
1,0.34021455,1.0,stressid_71i5,combined,stressid
1,0.34029144,1.0,stressid_71i5,combined,stressid
1,0.3403289,1.0,stressid_71i5,combined,stressid
1,0.34021392,1.0,stressid_71i5,combined,stressid
1,0.3403785,1.0,stressid_71i5,combined,stressid
1,0.5295732,1.0,stressid_71i5,combined,stressid
1,0.34083658,1.0,stressid_71i5,combined,stressid
1,0.34127694,1.0,stressid_71i5,combined,stressid
1,0.34090382,1.0,stressid_71i5,combined,stressid
1,0.34083328,1.0,stressid_71i5,combined,stressid
1,0.3411778,1.0,stressid_71i5,combined,stressid
1,0.34120607,1.0,stressid_71i5,combined,stressid
1,0.3414237,1.0,stressid_71i5,combined,stressid
1,0.34151956,1.0,stressid_71i5,combined,stressid
1,0.34158257,1.0,stressid_71i5,combined,stressid
1,0.5105376,1.0,stressid_71i5,combined,stressid
1,0.48136425,1.0,stressid_71i5,combined,stressid
1,0.506215,1.0,stressid_71i5,combined,stressid
1,0.5878553,1.0,stressid_71i5,combined,stressid
1,0.85429674,1.0,stressid_71i5,combined,stressid
1,0.8817364,1.0,stressid_71i5,combined,stressid
1,0.87771,1.0,stressid_71i5,combined,stressid
1,0.78965515,1.0,stressid_71i5,combined,stressid
1,0.77498394,1.0,stressid_71i5,combined,stressid
1,0.75345075,1.0,stressid_71i5,combined,stressid
1,0.74383295,1.0,stressid_71i5,combined,stressid
1,0.78598255,1.0,stressid_71i5,combined,stressid
1,0.7950658,1.0,stressid_71i5,combined,stressid
1,0.79441863,1.0,stressid_71i5,combined,stressid
1,0.79440147,1.0,stressid_71i5,combined,stressid
1,0.8624283,1.0,stressid_71i5,combined,stressid
1,0.84957975,1.0,stressid_71i5,combined,stressid
1,0.86022395,1.0,stressid_71i5,combined,stressid
1,0.8554316,1.0,stressid_71i5,combined,stressid
1,0.82973564,1.0,stressid_71i5,combined,stressid
1,0.8216491,1.0,stressid_71i5,combined,stressid
1,0.8436998,1.0,stressid_71i5,combined,stressid
1,0.88347363,1.0,stressid_71i5,combined,stressid
1,0.8475408,1.0,stressid_71i5,combined,stressid
1,0.81793946,1.0,stressid_71i5,combined,stressid
1,0.82224566,1.0,stressid_71i5,combined,stressid
1,0.7801444,1.0,stressid_71i5,combined,stressid
1,0.80117005,1.0,stressid_71i5,combined,stressid
1,0.79835117,1.0,stressid_71i5,combined,stressid
1,0.80243814,1.0,stressid_71i5,combined,stressid
1,0.79333377,1.0,stressid_71i5,combined,stressid
1,0.801937,1.0,stressid_71i5,combined,stressid
1,0.8027565,1.0,stressid_71i5,combined,stressid
1,0.78633004,1.0,stressid_71i5,combined,stressid
1,0.8424623,1.0,stressid_71i5,combined,stressid
1,0.8536837,1.0,stressid_71i5,combined,stressid
1,0.84172195,1.0,stressid_71i5,combined,stressid
1,0.8242861,1.0,stressid_71i5,combined,stressid
1,0.8300623,1.0,stressid_71i5,combined,stressid
1,0.83537644,1.0,stressid_71i5,combined,stressid
1,0.8432782,1.0,stressid_71i5,combined,stressid
1,0.8339298,1.0,stressid_71i5,combined,stressid
1,0.8040157,1.0,stressid_71i5,combined,stressid
1,0.81256413,1.0,stressid_71i5,combined,stressid
1,0.8091559,1.0,stressid_71i5,combined,stressid
1,0.7976651,1.0,stressid_71i5,combined,stressid
1,0.78979594,1.0,stressid_71i5,combined,stressid
1,0.7743368,1.0,stressid_71i5,combined,stressid
1,0.7662944,1.0,stressid_71i5,combined,stressid
1,0.7435204,1.0,stressid_71i5,combined,stressid
1,0.74362296,1.0,stressid_71i5,combined,stressid
1,0.7670804,1.0,stressid_71i5,combined,stressid
1,0.79533654,1.0,stressid_71i5,combined,stressid
1,0.81541574,1.0,stressid_71i5,combined,stressid
1,0.8080037,1.0,stressid_71i5,combined,stressid
1,0.80189097,1.0,stressid_71i5,combined,stressid
1,0.79867774,1.0,stressid_71i5,combined,stressid
1,0.8060623,1.0,stressid_71i5,combined,stressid
1,0.8123528,1.0,stressid_71i5,combined,stressid
1,0.801685,1.0,stressid_71i5,combined,stressid
1,0.7945809,1.0,stressid_71i5,combined,stressid
1,0.8768276,1.0,stressid_71i5,combined,stressid
1,0.8593257,1.0,stressid_71i5,combined,stressid
1,0.85307056,1.0,stressid_71i5,combined,stressid
1,0.7666178,1.0,stressid_71i5,combined,stressid
1,0.7925374,1.0,stressid_71i5,combined,stressid
1,0.7841318,1.0,stressid_71i5,combined,stressid
1,0.78777975,1.0,stressid_71i5,combined,stressid
1,0.8002081,1.0,stressid_71i5,combined,stressid
1,0.797729,1.0,stressid_71i5,combined,stressid
1,0.7969461,1.0,stressid_71i5,combined,stressid
1,0.78504187,1.0,stressid_71i5,combined,stressid
1,0.8324971,1.0,stressid_71i5,combined,stressid
1,0.83957577,1.0,stressid_71i5,combined,stressid
1,0.8511719,1.0,stressid_71i5,combined,stressid
1,0.84238315,1.0,stressid_71i5,combined,stressid
1,0.8418318,1.0,stressid_71i5,combined,stressid
1,0.83429635,1.0,stressid_71i5,combined,stressid
1,0.8533375,1.0,stressid_71i5,combined,stressid
1,0.87244767,1.0,stressid_71i5,combined,stressid
0,0.8079068,1.0,stressid_71i5,combined,stressid
0,0.8082832,1.0,stressid_71i5,combined,stressid
0,0.8076541,1.0,stressid_71i5,combined,stressid
0,0.8014086,1.0,stressid_71i5,combined,stressid
0,0.80466914,1.0,stressid_71i5,combined,stressid
0,0.8088781,1.0,stressid_71i5,combined,stressid
0,0.797074,1.0,stressid_71i5,combined,stressid
0,0.79777414,1.0,stressid_71i5,combined,stressid
0,0.8072665,1.0,stressid_71i5,combined,stressid
0,0.8130082,1.0,stressid_71i5,combined,stressid
0,0.81004035,1.0,stressid_71i5,combined,stressid
0,0.79642814,1.0,stressid_71i5,combined,stressid
0,0.8052308,1.0,stressid_71i5,combined,stressid
0,0.7944091,1.0,stressid_71i5,combined,stressid
0,0.77852094,1.0,stressid_71i5,combined,stressid
0,0.7951444,1.0,stressid_71i5,combined,stressid
0,0.7959859,1.0,stressid_71i5,combined,stressid
0,0.7923816,1.0,stressid_71i5,combined,stressid
0,0.8051047,1.0,stressid_71i5,combined,stressid
0,0.41646078,1.0,stressid_71i5,combined,stressid
0,0.40480894,1.0,stressid_71i5,combined,stressid
0,0.39419767,1.0,stressid_71i5,combined,stressid
0,0.4650791,1.0,stressid_71i5,combined,stressid
0,0.47753355,1.0,stressid_71i5,combined,stressid
0,0.4539405,1.0,stressid_71i5,combined,stressid
0,0.39129192,1.0,stressid_71i5,combined,stressid
0,0.40987614,1.0,stressid_71i5,combined,stressid
0,0.44168577,1.0,stressid_71i5,combined,stressid
0,0.4575279,1.0,stressid_71i5,combined,stressid
0,0.50218856,1.0,stressid_71i5,combined,stressid
0,0.5113563,1.0,stressid_71i5,combined,stressid
0,0.3772814,1.0,stressid_71i5,combined,stressid
0,0.5763116,1.0,stressid_71i5,combined,stressid
0,0.5426258,1.0,stressid_71i5,combined,stressid
0,0.4797191,1.0,stressid_71i5,combined,stressid
0,0.49005842,1.0,stressid_71i5,combined,stressid
0,0.47345057,1.0,stressid_71i5,combined,stressid
0,0.4387132,1.0,stressid_71i5,combined,stressid
0,0.47444353,1.0,stressid_71i5,combined,stressid
0,0.45650423,1.0,stressid_71i5,combined,stressid
0,0.42707026,1.0,stressid_71i5,combined,stressid
0,0.34150004,1.0,stressid_71i5,combined,stressid
0,0.42395338,1.0,stressid_71i5,combined,stressid
0,0.34155473,1.0,stressid_71i5,combined,stressid
0,0.3415083,1.0,stressid_71i5,combined,stressid
0,0.34141567,1.0,stressid_71i5,combined,stressid
0,0.3413929,1.0,stressid_71i5,combined,stressid
0,0.34148812,1.0,stressid_71i5,combined,stressid
0,0.34148878,1.0,stressid_71i5,combined,stressid
0,0.34149125,1.0,stressid_71i5,combined,stressid
0,0.34148765,1.0,stressid_71i5,combined,stressid
0,0.34149382,1.0,stressid_71i5,combined,stressid
0,0.34151036,1.0,stressid_71i5,combined,stressid
0,0.44212085,1.0,stressid_71i5,combined,stressid
0,0.34144375,1.0,stressid_71i5,combined,stressid
0,0.34145984,1.0,stressid_71i5,combined,stressid
0,0.3415432,1.0,stressid_71i5,combined,stressid
0,0.34146973,1.0,stressid_71i5,combined,stressid
0,0.34153396,1.0,stressid_71i5,combined,stressid
0,0.34157136,1.0,stressid_71i5,combined,stressid
0,0.34158587,1.0,stressid_71i5,combined,stressid
0,0.34158605,1.0,stressid_71i5,combined,stressid
0,0.34157678,1.0,stressid_71i5,combined,stressid
0,0.43126616,1.0,stressid_71i5,combined,stressid
0,0.49604043,1.0,stressid_71i5,combined,stressid
0,0.4907864,1.0,stressid_71i5,combined,stressid
0,0.40234375,1.0,stressid_71i5,combined,stressid
0,0.38586637,1.0,stressid_71i5,combined,stressid
0,0.8155968,1.0,stressid_71i5,combined,stressid
0,0.82024884,1.0,stressid_71i5,combined,stressid
0,0.8157197,1.0,stressid_71i5,combined,stressid
0,0.79626477,1.0,stressid_71i5,combined,stressid
0,0.78443336,1.0,stressid_71i5,combined,stressid
0,0.77502334,1.0,stressid_71i5,combined,stressid
0,0.8003175,1.0,stressid_71i5,combined,stressid
0,0.8018842,1.0,stressid_71i5,combined,stressid
0,0.79176587,1.0,stressid_71i5,combined,stressid
0,0.79007375,1.0,stressid_71i5,combined,stressid
0,0.8007635,1.0,stressid_71i5,combined,stressid
0,0.82052094,1.0,stressid_71i5,combined,stressid
0,0.83865434,1.0,stressid_71i5,combined,stressid
0,0.8370572,1.0,stressid_71i5,combined,stressid
0,0.8297229,1.0,stressid_71i5,combined,stressid
0,0.8215253,1.0,stressid_71i5,combined,stressid
0,0.8209684,1.0,stressid_71i5,combined,stressid
0,0.81170714,1.0,stressid_71i5,combined,stressid
0,0.80284965,1.0,stressid_71i5,combined,stressid
1,0.8337577,1.0,stressid_71i5,combined,stressid
1,0.8570506,1.0,stressid_71i5,combined,stressid
1,0.8197241,1.0,stressid_71i5,combined,stressid
1,0.8210247,1.0,stressid_71i5,combined,stressid
1,0.8197766,1.0,stressid_71i5,combined,stressid
1,0.8210889,1.0,stressid_71i5,combined,stressid
1,0.81101453,1.0,stressid_71i5,combined,stressid
1,0.80516195,1.0,stressid_71i5,combined,stressid
1,0.8016328,1.0,stressid_71i5,combined,stressid
1,0.7992926,1.0,stressid_71i5,combined,stressid
1,0.7833607,1.0,stressid_71i5,combined,stressid
1,0.85782105,1.0,stressid_71i5,combined,stressid
1,0.85052574,1.0,stressid_71i5,combined,stressid
1,0.8511083,1.0,stressid_71i5,combined,stressid
1,0.8348871,1.0,stressid_71i5,combined,stressid
1,0.8190757,1.0,stressid_71i5,combined,stressid
1,0.8259348,1.0,stressid_71i5,combined,stressid
1,0.8369485,1.0,stressid_71i5,combined,stressid
1,0.8233215,1.0,stressid_71i5,combined,stressid
1,0.48684475,1.0,stressid_71i5,combined,stressid
1,0.493341,1.0,stressid_71i5,combined,stressid
1,0.41777056,1.0,stressid_71i5,combined,stressid
1,0.41978657,1.0,stressid_71i5,combined,stressid
1,0.45166865,1.0,stressid_71i5,combined,stressid
1,0.42949697,1.0,stressid_71i5,combined,stressid
1,0.42184544,1.0,stressid_71i5,combined,stressid
1,0.4297147,1.0,stressid_71i5,combined,stressid
1,0.46153188,1.0,stressid_71i5,combined,stressid
1,0.4971718,1.0,stressid_71i5,combined,stressid
1,0.4842369,1.0,stressid_71i5,combined,stressid
1,0.49360836,1.0,stressid_71i5,combined,stressid
1,0.45984885,1.0,stressid_71i5,combined,stressid
1,0.4529581,1.0,stressid_71i5,combined,stressid
1,0.41883922,1.0,stressid_71i5,combined,stressid
1,0.45163518,1.0,stressid_71i5,combined,stressid
1,0.49199924,1.0,stressid_71i5,combined,stressid
1,0.5119282,1.0,stressid_71i5,combined,stressid
1,0.6022132,1.0,stressid_71i5,combined,stressid
1,0.6183402,1.0,stressid_71i5,combined,stressid
1,0.58013296,1.0,stressid_71i5,combined,stressid
1,0.6092472,1.0,stressid_71i5,combined,stressid
1,0.5736123,1.0,stressid_71i5,combined,stressid
1,0.42778966,1.0,stressid_71i5,combined,stressid
1,0.6441846,1.0,stressid_71i5,combined,stressid
1,0.66027445,1.0,stressid_71i5,combined,stressid
1,0.53690976,1.0,stressid_71i5,combined,stressid
1,0.3415328,1.0,stressid_71i5,combined,stressid
1,0.34150174,1.0,stressid_71i5,combined,stressid
1,0.34151047,1.0,stressid_71i5,combined,stressid
1,0.34149736,1.0,stressid_71i5,combined,stressid
1,0.34154746,1.0,stressid_71i5,combined,stressid
1,0.34122348,1.0,stressid_71i5,combined,stressid
1,0.3407514,1.0,stressid_71i5,combined,stressid
1,0.4438464,1.0,stressid_71i5,combined,stressid
1,0.34103355,1.0,stressid_71i5,combined,stressid
1,0.34116977,1.0,stressid_71i5,combined,stressid
1,0.3385158,1.0,stressid_71i5,combined,stressid
1,0.33912018,1.0,stressid_71i5,combined,stressid
1,0.34142455,1.0,stressid_71i5,combined,stressid
1,0.34158885,1.0,stressid_71i5,combined,stressid
1,0.34167337,1.0,stressid_71i5,combined,stressid
1,0.34163317,1.0,stressid_71i5,combined,stressid
1,0.34162974,1.0,stressid_71i5,combined,stressid
1,0.34174663,1.0,stressid_71i5,combined,stressid
1,0.46359947,1.0,stressid_71i5,combined,stressid
1,0.34129444,1.0,stressid_71i5,combined,stressid
1,0.34109545,1.0,stressid_71i5,combined,stressid
1,0.34145728,1.0,stressid_71i5,combined,stressid
1,0.34153214,1.0,stressid_71i5,combined,stressid
1,0.3415489,1.0,stressid_71i5,combined,stressid
1,0.34154418,1.0,stressid_71i5,combined,stressid
1,0.3415744,1.0,stressid_71i5,combined,stressid
1,0.46731526,1.0,stressid_71i5,combined,stressid
1,0.45372957,1.0,stressid_71i5,combined,stressid
1,0.43922237,1.0,stressid_71i5,combined,stressid
1,0.43203318,1.0,stressid_71i5,combined,stressid
1,0.4695461,1.0,stressid_71i5,combined,stressid
1,0.48609564,1.0,stressid_71i5,combined,stressid
1,0.46531236,1.0,stressid_71i5,combined,stressid
1,0.44348562,1.0,stressid_71i5,combined,stressid
1,0.46646413,1.0,stressid_71i5,combined,stressid
1,0.46643394,1.0,stressid_71i5,combined,stressid
1,0.47903398,1.0,stressid_71i5,combined,stressid
1,0.50125927,1.0,stressid_71i5,combined,stressid
1,0.44364893,1.0,stressid_71i5,combined,stressid
1,0.38649037,1.0,stressid_71i5,combined,stressid
1,0.40006763,1.0,stressid_71i5,combined,stressid
1,0.4533201,1.0,stressid_71i5,combined,stressid
1,0.49623734,1.0,stressid_71i5,combined,stressid
1,0.48155594,1.0,stressid_71i5,combined,stressid
1,0.460659,1.0,stressid_71i5,combined,stressid
1,0.34157118,1.0,stressid_71i5,combined,stressid
1,0.34152627,1.0,stressid_71i5,combined,stressid
1,0.34150574,1.0,stressid_71i5,combined,stressid
1,0.34151763,1.0,stressid_71i5,combined,stressid
1,0.34152308,1.0,stressid_71i5,combined,stressid
1,0.34153906,1.0,stressid_71i5,combined,stressid
1,0.3415467,1.0,stressid_71i5,combined,stressid
1,0.34153715,1.0,stressid_71i5,combined,stressid
1,0.5835611,1.0,stressid_71i5,combined,stressid
1,0.34141457,1.0,stressid_71i5,combined,stressid
1,0.3413708,1.0,stressid_71i5,combined,stressid
1,0.34132135,1.0,stressid_71i5,combined,stressid
1,0.34135,1.0,stressid_71i5,combined,stressid
1,0.34149113,1.0,stressid_71i5,combined,stressid
1,0.341551,1.0,stressid_71i5,combined,stressid
1,0.34153637,1.0,stressid_71i5,combined,stressid
1,0.34150112,1.0,stressid_71i5,combined,stressid
1,0.5868009,1.0,stressid_71i5,combined,stressid
1,0.45933628,1.0,stressid_71i5,combined,stressid
1,0.4327665,1.0,stressid_71i5,combined,stressid
1,0.45473552,1.0,stressid_71i5,combined,stressid
1,0.46862817,1.0,stressid_71i5,combined,stressid
1,0.48162076,1.0,stressid_71i5,combined,stressid
0,0.2371676,1.0,stressid_45lx,combined,stressid
0,0.2334422,1.0,stressid_45lx,combined,stressid
0,0.2387091,1.0,stressid_45lx,combined,stressid
0,0.23514047,1.0,stressid_45lx,combined,stressid
0,0.22587247,1.0,stressid_45lx,combined,stressid
0,0.23123015,1.0,stressid_45lx,combined,stressid
0,0.23861481,1.0,stressid_45lx,combined,stressid
0,0.23944263,1.0,stressid_45lx,combined,stressid
0,0.23776624,1.0,stressid_45lx,combined,stressid
0,0.2392676,1.0,stressid_45lx,combined,stressid
0,0.262094,1.0,stressid_45lx,combined,stressid
0,0.26789382,1.0,stressid_45lx,combined,stressid
0,0.23393899,1.0,stressid_45lx,combined,stressid
0,0.2531246,1.0,stressid_45lx,combined,stressid
0,0.24863799,1.0,stressid_45lx,combined,stressid
0,0.23819748,1.0,stressid_45lx,combined,stressid
0,0.24441245,1.0,stressid_45lx,combined,stressid
0,0.26158288,1.0,stressid_45lx,combined,stressid
0,0.28384215,1.0,stressid_45lx,combined,stressid
0,0.30785316,1.0,stressid_45lx,combined,stressid
0,0.31596842,1.0,stressid_45lx,combined,stressid
0,0.29746044,1.0,stressid_45lx,combined,stressid
0,0.27161944,1.0,stressid_45lx,combined,stressid
0,0.2267412,1.0,stressid_45lx,combined,stressid
0,0.24914974,1.0,stressid_45lx,combined,stressid
0,0.25414965,1.0,stressid_45lx,combined,stressid
0,0.2789863,1.0,stressid_45lx,combined,stressid
0,0.28328776,1.0,stressid_45lx,combined,stressid
0,0.25962222,1.0,stressid_45lx,combined,stressid
0,0.2358026,1.0,stressid_45lx,combined,stressid
0,0.23522042,1.0,stressid_45lx,combined,stressid
0,0.2356435,1.0,stressid_45lx,combined,stressid
0,0.2360969,1.0,stressid_45lx,combined,stressid
0,0.23563765,1.0,stressid_45lx,combined,stressid
0,0.22020918,1.0,stressid_45lx,combined,stressid
0,0.23557624,1.0,stressid_45lx,combined,stressid
0,0.23608534,1.0,stressid_45lx,combined,stressid
0,0.23591962,1.0,stressid_45lx,combined,stressid
0,0.2358729,1.0,stressid_45lx,combined,stressid
0,0.23620495,1.0,stressid_45lx,combined,stressid
0,0.2364159,1.0,stressid_45lx,combined,stressid
0,0.23664808,1.0,stressid_45lx,combined,stressid
0,0.23660581,1.0,stressid_45lx,combined,stressid
0,0.23578791,1.0,stressid_45lx,combined,stressid
0,0.23462549,1.0,stressid_45lx,combined,stressid
0,0.2105634,1.0,stressid_45lx,combined,stressid
0,0.2521405,1.0,stressid_45lx,combined,stressid
0,0.27561104,1.0,stressid_45lx,combined,stressid
0,0.27637404,1.0,stressid_45lx,combined,stressid
0,0.2751493,1.0,stressid_45lx,combined,stressid
0,0.27439547,1.0,stressid_45lx,combined,stressid
0,0.27395034,1.0,stressid_45lx,combined,stressid
0,0.2736079,1.0,stressid_45lx,combined,stressid
0,0.27341148,1.0,stressid_45lx,combined,stressid
0,0.272874,1.0,stressid_45lx,combined,stressid
0,0.20317417,1.0,stressid_45lx,combined,stressid
0,0.21606125,1.0,stressid_45lx,combined,stressid
0,0.2356593,1.0,stressid_45lx,combined,stressid
0,0.23872772,1.0,stressid_45lx,combined,stressid
1,0.6654031,1.0,stressid_45lx,combined,stressid
1,0.6196252,1.0,stressid_45lx,combined,stressid
1,0.68960464,1.0,stressid_45lx,combined,stressid
1,0.7511933,1.0,stressid_45lx,combined,stressid
1,0.7420161,1.0,stressid_45lx,combined,stressid
1,0.7332665,1.0,stressid_45lx,combined,stressid
1,0.73374975,1.0,stressid_45lx,combined,stressid
1,0.73165745,1.0,stressid_45lx,combined,stressid
1,0.71493423,1.0,stressid_45lx,combined,stressid
1,0.72079307,1.0,stressid_45lx,combined,stressid
1,0.71972156,1.0,stressid_45lx,combined,stressid
1,0.6754098,1.0,stressid_45lx,combined,stressid
1,0.7029294,1.0,stressid_45lx,combined,stressid
1,0.7026606,1.0,stressid_45lx,combined,stressid
1,0.698942,1.0,stressid_45lx,combined,stressid
1,0.6989105,1.0,stressid_45lx,combined,stressid
1,0.7109852,1.0,stressid_45lx,combined,stressid
1,0.71712506,1.0,stressid_45lx,combined,stressid
1,0.69803476,1.0,stressid_45lx,combined,stressid
1,0.6686278,1.0,stressid_45lx,combined,stressid
1,0.6242786,1.0,stressid_45lx,combined,stressid
1,0.6488835,1.0,stressid_45lx,combined,stressid
1,0.74631065,1.0,stressid_45lx,combined,stressid
1,0.74363977,1.0,stressid_45lx,combined,stressid
1,0.73879945,1.0,stressid_45lx,combined,stressid
1,0.736288,1.0,stressid_45lx,combined,stressid
1,0.7416123,1.0,stressid_45lx,combined,stressid
1,0.7366038,1.0,stressid_45lx,combined,stressid
1,0.74115056,1.0,stressid_45lx,combined,stressid
1,0.73822516,1.0,stressid_45lx,combined,stressid
1,0.67286265,1.0,stressid_45lx,combined,stressid
1,0.6787825,1.0,stressid_45lx,combined,stressid
1,0.6607885,1.0,stressid_45lx,combined,stressid
1,0.66406053,1.0,stressid_45lx,combined,stressid
1,0.681254,1.0,stressid_45lx,combined,stressid
1,0.68289703,1.0,stressid_45lx,combined,stressid
1,0.6975651,1.0,stressid_45lx,combined,stressid
1,0.69858307,1.0,stressid_45lx,combined,stressid
1,0.7062913,1.0,stressid_45lx,combined,stressid
1,0.6997587,1.0,stressid_45lx,combined,stressid
1,0.6705669,1.0,stressid_45lx,combined,stressid
1,0.7323378,1.0,stressid_45lx,combined,stressid
1,0.7182115,1.0,stressid_45lx,combined,stressid
1,0.6976125,1.0,stressid_45lx,combined,stressid
1,0.6918804,1.0,stressid_45lx,combined,stressid
1,0.70391893,1.0,stressid_45lx,combined,stressid
1,0.72691697,1.0,stressid_45lx,combined,stressid
1,0.7337139,1.0,stressid_45lx,combined,stressid
1,0.7403197,1.0,stressid_45lx,combined,stressid
1,0.6407209,1.0,stressid_45lx,combined,stressid
1,0.6512958,1.0,stressid_45lx,combined,stressid
1,0.66073495,1.0,stressid_45lx,combined,stressid
1,0.69647074,1.0,stressid_45lx,combined,stressid
1,0.6980649,1.0,stressid_45lx,combined,stressid
1,0.6607256,1.0,stressid_45lx,combined,stressid
1,0.6562846,1.0,stressid_45lx,combined,stressid
1,0.6785794,1.0,stressid_45lx,combined,stressid
0,0.7064622,1.0,stressid_45lx,combined,stressid
0,0.7078073,1.0,stressid_45lx,combined,stressid
0,0.7023965,1.0,stressid_45lx,combined,stressid
0,0.6948374,1.0,stressid_45lx,combined,stressid
0,0.70335287,1.0,stressid_45lx,combined,stressid
0,0.70811987,1.0,stressid_45lx,combined,stressid
0,0.71155167,1.0,stressid_45lx,combined,stressid
0,0.6762824,1.0,stressid_45lx,combined,stressid
0,0.6938063,1.0,stressid_45lx,combined,stressid
0,0.69775313,1.0,stressid_45lx,combined,stressid
0,0.69663274,1.0,stressid_45lx,combined,stressid
0,0.7052965,1.0,stressid_45lx,combined,stressid
0,0.6988479,1.0,stressid_45lx,combined,stressid
0,0.7011826,1.0,stressid_45lx,combined,stressid
0,0.6800118,1.0,stressid_45lx,combined,stressid
0,0.67489594,1.0,stressid_45lx,combined,stressid
0,0.70401275,1.0,stressid_45lx,combined,stressid
0,0.71468425,1.0,stressid_45lx,combined,stressid
0,0.6958399,1.0,stressid_45lx,combined,stressid
0,0.63502824,1.0,stressid_45lx,combined,stressid
0,0.6869431,1.0,stressid_45lx,combined,stressid
0,0.67011577,1.0,stressid_45lx,combined,stressid
0,0.71946996,1.0,stressid_45lx,combined,stressid
0,0.7372523,1.0,stressid_45lx,combined,stressid
0,0.7075359,1.0,stressid_45lx,combined,stressid
0,0.70470923,1.0,stressid_45lx,combined,stressid
0,0.726382,1.0,stressid_45lx,combined,stressid
0,0.73524565,1.0,stressid_45lx,combined,stressid
0,0.7309205,1.0,stressid_45lx,combined,stressid
0,0.7377507,1.0,stressid_45lx,combined,stressid
0,0.68855494,1.0,stressid_45lx,combined,stressid
0,0.67620707,1.0,stressid_45lx,combined,stressid
0,0.6926896,1.0,stressid_45lx,combined,stressid
0,0.680061,1.0,stressid_45lx,combined,stressid
0,0.6413367,1.0,stressid_45lx,combined,stressid
0,0.64308196,1.0,stressid_45lx,combined,stressid
0,0.6291826,1.0,stressid_45lx,combined,stressid
0,0.65441334,1.0,stressid_45lx,combined,stressid
0,0.12193802,1.0,stressid_45lx,combined,stressid
0,0.18500121,1.0,stressid_45lx,combined,stressid
0,0.16118205,1.0,stressid_45lx,combined,stressid
0,0.1608227,1.0,stressid_45lx,combined,stressid
0,0.21136327,1.0,stressid_45lx,combined,stressid
0,0.27160713,1.0,stressid_45lx,combined,stressid
0,0.24849886,1.0,stressid_45lx,combined,stressid
0,0.25083262,1.0,stressid_45lx,combined,stressid
0,0.24576238,1.0,stressid_45lx,combined,stressid
0,0.2035673,1.0,stressid_45lx,combined,stressid
0,0.16469781,1.0,stressid_45lx,combined,stressid
0,0.19358718,1.0,stressid_45lx,combined,stressid
0,0.20241433,1.0,stressid_45lx,combined,stressid
0,0.24260119,1.0,stressid_45lx,combined,stressid
0,0.2328233,1.0,stressid_45lx,combined,stressid
0,0.2572915,1.0,stressid_45lx,combined,stressid
0,0.23932217,1.0,stressid_45lx,combined,stressid
0,0.21898584,1.0,stressid_45lx,combined,stressid
0,0.24224107,1.0,stressid_45lx,combined,stressid
0,0.24597289,1.0,stressid_45lx,combined,stressid
0,0.23158108,1.0,stressid_45lx,combined,stressid
0,0.24822398,1.0,stressid_45lx,combined,stressid
0,0.27986738,1.0,stressid_45lx,combined,stressid
0,0.20452449,1.0,stressid_45lx,combined,stressid
0,0.27933037,1.0,stressid_45lx,combined,stressid
0,0.28031102,1.0,stressid_45lx,combined,stressid
0,0.28026024,1.0,stressid_45lx,combined,stressid
0,0.27911898,1.0,stressid_45lx,combined,stressid
0,0.27911386,1.0,stressid_45lx,combined,stressid
0,0.28077975,1.0,stressid_45lx,combined,stressid
0,0.28122038,1.0,stressid_45lx,combined,stressid
0,0.28112006,1.0,stressid_45lx,combined,stressid
0,0.28084925,1.0,stressid_45lx,combined,stressid
0,0.28320482,1.0,stressid_45lx,combined,stressid
0,0.21250762,1.0,stressid_45lx,combined,stressid
0,0.28589442,1.0,stressid_45lx,combined,stressid
0,0.2828689,1.0,stressid_45lx,combined,stressid
0,0.28086662,1.0,stressid_45lx,combined,stressid
0,0.28083232,1.0,stressid_45lx,combined,stressid
0,0.28048244,1.0,stressid_45lx,combined,stressid
0,0.28027317,1.0,stressid_45lx,combined,stressid
0,0.2802688,1.0,stressid_45lx,combined,stressid
0,0.28029907,1.0,stressid_45lx,combined,stressid
0,0.2801317,1.0,stressid_45lx,combined,stressid
0,0.2048097,1.0,stressid_45lx,combined,stressid
0,0.20858411,1.0,stressid_45lx,combined,stressid
0,0.22599156,1.0,stressid_45lx,combined,stressid
0,0.20183459,1.0,stressid_45lx,combined,stressid
0,0.16188538,1.0,stressid_45lx,combined,stressid
1,0.6200902,1.0,stressid_45lx,combined,stressid
1,0.60670316,1.0,stressid_45lx,combined,stressid
1,0.65009856,1.0,stressid_45lx,combined,stressid
1,0.7392225,1.0,stressid_45lx,combined,stressid
1,0.72702163,1.0,stressid_45lx,combined,stressid
1,0.71520376,1.0,stressid_45lx,combined,stressid
1,0.73636883,1.0,stressid_45lx,combined,stressid
1,0.748464,1.0,stressid_45lx,combined,stressid
1,0.7293454,1.0,stressid_45lx,combined,stressid
1,0.71509856,1.0,stressid_45lx,combined,stressid
1,0.7100269,1.0,stressid_45lx,combined,stressid
1,0.6678909,1.0,stressid_45lx,combined,stressid
1,0.6502161,1.0,stressid_45lx,combined,stressid
1,0.63500327,1.0,stressid_45lx,combined,stressid
1,0.6511755,1.0,stressid_45lx,combined,stressid
1,0.6800267,1.0,stressid_45lx,combined,stressid
1,0.6533307,1.0,stressid_45lx,combined,stressid
1,0.6740118,1.0,stressid_45lx,combined,stressid
1,0.6900617,1.0,stressid_45lx,combined,stressid
1,0.66632277,1.0,stressid_45lx,combined,stressid
1,0.67965174,1.0,stressid_45lx,combined,stressid
1,0.67685217,1.0,stressid_45lx,combined,stressid
1,0.7275392,1.0,stressid_45lx,combined,stressid
1,0.735162,1.0,stressid_45lx,combined,stressid
1,0.7388923,1.0,stressid_45lx,combined,stressid
1,0.7269538,1.0,stressid_45lx,combined,stressid
1,0.70917886,1.0,stressid_45lx,combined,stressid
1,0.7160188,1.0,stressid_45lx,combined,stressid
1,0.7160334,1.0,stressid_45lx,combined,stressid
1,0.7063304,1.0,stressid_45lx,combined,stressid
1,0.6723473,1.0,stressid_45lx,combined,stressid
1,0.7011638,1.0,stressid_45lx,combined,stressid
1,0.70943743,1.0,stressid_45lx,combined,stressid
1,0.7082709,1.0,stressid_45lx,combined,stressid
1,0.71136844,1.0,stressid_45lx,combined,stressid
1,0.6963405,1.0,stressid_45lx,combined,stressid
1,0.6651736,1.0,stressid_45lx,combined,stressid
1,0.6626191,1.0,stressid_45lx,combined,stressid
0,0.25199327,1.0,stressid_45lx,combined,stressid
0,0.25176492,1.0,stressid_45lx,combined,stressid
0,0.24072847,1.0,stressid_45lx,combined,stressid
0,0.23499958,1.0,stressid_45lx,combined,stressid
0,0.25432286,1.0,stressid_45lx,combined,stressid
0,0.27385113,1.0,stressid_45lx,combined,stressid
0,0.28468832,1.0,stressid_45lx,combined,stressid
0,0.28086504,1.0,stressid_45lx,combined,stressid
0,0.26010665,1.0,stressid_45lx,combined,stressid
0,0.27591932,1.0,stressid_45lx,combined,stressid
0,0.2856735,1.0,stressid_45lx,combined,stressid
0,0.287949,1.0,stressid_45lx,combined,stressid
0,0.24856956,1.0,stressid_45lx,combined,stressid
0,0.31098464,1.0,stressid_45lx,combined,stressid
0,0.33169082,1.0,stressid_45lx,combined,stressid
0,0.31198004,1.0,stressid_45lx,combined,stressid
0,0.31550664,1.0,stressid_45lx,combined,stressid
0,0.30909428,1.0,stressid_45lx,combined,stressid
0,0.29272953,1.0,stressid_45lx,combined,stressid
0,0.26994437,1.0,stressid_45lx,combined,stressid
0,0.25327483,1.0,stressid_45lx,combined,stressid
0,0.2555172,1.0,stressid_45lx,combined,stressid
0,0.25235435,1.0,stressid_45lx,combined,stressid
0,0.24638285,1.0,stressid_45lx,combined,stressid
0,0.2726124,1.0,stressid_45lx,combined,stressid
0,0.2824648,1.0,stressid_45lx,combined,stressid
0,0.285771,1.0,stressid_45lx,combined,stressid
0,0.25128743,1.0,stressid_45lx,combined,stressid
0,0.29393244,1.0,stressid_45lx,combined,stressid
0,0.296601,1.0,stressid_45lx,combined,stressid
0,0.27217412,1.0,stressid_45lx,combined,stressid
0,0.24183431,1.0,stressid_45lx,combined,stressid
0,0.23668025,1.0,stressid_45lx,combined,stressid
0,0.2356961,1.0,stressid_45lx,combined,stressid
0,0.24538346,1.0,stressid_45lx,combined,stressid
0,0.23600055,1.0,stressid_45lx,combined,stressid
0,0.23550916,1.0,stressid_45lx,combined,stressid
0,0.23484942,1.0,stressid_45lx,combined,stressid
0,0.23510456,1.0,stressid_45lx,combined,stressid
0,0.23531102,1.0,stressid_45lx,combined,stressid
0,0.23512617,1.0,stressid_45lx,combined,stressid
0,0.23486994,1.0,stressid_45lx,combined,stressid
0,0.2358494,1.0,stressid_45lx,combined,stressid
0,0.23765932,1.0,stressid_45lx,combined,stressid
0,0.2377431,1.0,stressid_45lx,combined,stressid
0,0.2621206,1.0,stressid_45lx,combined,stressid
0,0.23761173,1.0,stressid_45lx,combined,stressid
0,0.23663732,1.0,stressid_45lx,combined,stressid
0,0.23624475,1.0,stressid_45lx,combined,stressid
0,0.23666698,1.0,stressid_45lx,combined,stressid
0,0.2367875,1.0,stressid_45lx,combined,stressid
0,0.23683687,1.0,stressid_45lx,combined,stressid
0,0.24061282,1.0,stressid_45lx,combined,stressid
0,0.25628966,1.0,stressid_45lx,combined,stressid
0,0.24030074,1.0,stressid_45lx,combined,stressid
0,0.251091,1.0,stressid_45lx,combined,stressid
0,0.25155,1.0,stressid_45lx,combined,stressid
0,0.2609977,1.0,stressid_45lx,combined,stressid
0,0.24898085,1.0,stressid_45lx,combined,stressid
0,0.26164863,1.0,stressid_45lx,combined,stressid
0,0.2597088,1.0,stressid_45lx,combined,stressid
0,0.24991576,1.0,stressid_45lx,combined,stressid
0,0.2533456,1.0,stressid_45lx,combined,stressid
0,0.27516067,1.0,stressid_45lx,combined,stressid
0,0.27733824,1.0,stressid_45lx,combined,stressid
0,0.27303037,1.0,stressid_45lx,combined,stressid
0,0.27483714,1.0,stressid_45lx,combined,stressid
0,0.2668002,1.0,stressid_45lx,combined,stressid
0,0.23900603,1.0,stressid_45lx,combined,stressid
0,0.2510773,1.0,stressid_45lx,combined,stressid
0,0.20811646,1.0,stressid_45lx,combined,stressid
0,0.23860818,1.0,stressid_45lx,combined,stressid
0,0.22889306,1.0,stressid_45lx,combined,stressid
0,0.2285217,1.0,stressid_45lx,combined,stressid
0,0.22841683,1.0,stressid_45lx,combined,stressid
0,0.2452838,1.0,stressid_45lx,combined,stressid
0,0.27330068,1.0,stressid_45lx,combined,stressid
0,0.27900964,1.0,stressid_45lx,combined,stressid
0,0.27276492,1.0,stressid_45lx,combined,stressid
0,0.26685652,1.0,stressid_45lx,combined,stressid
0,0.22745617,1.0,stressid_45lx,combined,stressid
0,0.2611251,1.0,stressid_45lx,combined,stressid
0,0.2605601,1.0,stressid_45lx,combined,stressid
0,0.25788572,1.0,stressid_45lx,combined,stressid
0,0.24851967,1.0,stressid_45lx,combined,stressid
0,0.25148222,1.0,stressid_45lx,combined,stressid
0,0.25522438,1.0,stressid_45lx,combined,stressid
0,0.25550798,1.0,stressid_45lx,combined,stressid
0,0.25083938,1.0,stressid_45lx,combined,stressid
0,0.22217709,1.0,stressid_45lx,combined,stressid
0,0.22843292,1.0,stressid_45lx,combined,stressid
0,0.22151117,1.0,stressid_45lx,combined,stressid
0,0.20918605,1.0,stressid_45lx,combined,stressid
0,0.22005278,1.0,stressid_45lx,combined,stressid
0,0.24543448,1.0,stressid_45lx,combined,stressid
0,0.21170746,1.0,stressid_6g6y,combined,stressid
0,0.19486196,1.0,stressid_6g6y,combined,stressid
0,0.23403916,1.0,stressid_6g6y,combined,stressid
0,0.24213393,1.0,stressid_6g6y,combined,stressid
0,0.21644156,1.0,stressid_6g6y,combined,stressid
0,0.22283417,1.0,stressid_6g6y,combined,stressid
0,0.2246506,1.0,stressid_6g6y,combined,stressid
0,0.21110588,1.0,stressid_6g6y,combined,stressid
0,0.20144567,1.0,stressid_6g6y,combined,stressid
0,0.21170126,1.0,stressid_6g6y,combined,stressid
0,0.22585429,1.0,stressid_6g6y,combined,stressid
0,0.23484181,1.0,stressid_6g6y,combined,stressid
0,0.19054332,1.0,stressid_6g6y,combined,stressid
0,0.2397742,1.0,stressid_6g6y,combined,stressid
0,0.2454141,1.0,stressid_6g6y,combined,stressid
0,0.25102016,1.0,stressid_6g6y,combined,stressid
0,0.25474837,1.0,stressid_6g6y,combined,stressid
0,0.25622928,1.0,stressid_6g6y,combined,stressid
0,0.2734929,1.0,stressid_6g6y,combined,stressid
0,0.2805308,1.0,stressid_6g6y,combined,stressid
0,0.27950293,1.0,stressid_6g6y,combined,stressid
0,0.30496547,1.0,stressid_6g6y,combined,stressid
0,0.3237998,1.0,stressid_6g6y,combined,stressid
0,0.19087934,1.0,stressid_6g6y,combined,stressid
0,0.3258954,1.0,stressid_6g6y,combined,stressid
0,0.3204706,1.0,stressid_6g6y,combined,stressid
0,0.3195744,1.0,stressid_6g6y,combined,stressid
0,0.32001624,1.0,stressid_6g6y,combined,stressid
0,0.3201649,1.0,stressid_6g6y,combined,stressid
0,0.1959976,1.0,stressid_6g6y,combined,stressid
0,0.19650173,1.0,stressid_6g6y,combined,stressid
0,0.1962773,1.0,stressid_6g6y,combined,stressid
0,0.19612914,1.0,stressid_6g6y,combined,stressid
0,0.19653048,1.0,stressid_6g6y,combined,stressid
0,0.19288331,1.0,stressid_6g6y,combined,stressid
0,0.19641413,1.0,stressid_6g6y,combined,stressid
0,0.19609927,1.0,stressid_6g6y,combined,stressid
0,0.1957412,1.0,stressid_6g6y,combined,stressid
0,0.19492683,1.0,stressid_6g6y,combined,stressid
0,0.1944397,1.0,stressid_6g6y,combined,stressid
0,0.19477484,1.0,stressid_6g6y,combined,stressid
0,0.19389313,1.0,stressid_6g6y,combined,stressid
0,0.19328475,1.0,stressid_6g6y,combined,stressid
0,0.19383313,1.0,stressid_6g6y,combined,stressid
0,0.20280202,1.0,stressid_6g6y,combined,stressid
0,0.19491175,1.0,stressid_6g6y,combined,stressid
0,0.20907809,1.0,stressid_6g6y,combined,stressid
0,0.20326707,1.0,stressid_6g6y,combined,stressid
0,0.20081861,1.0,stressid_6g6y,combined,stressid
0,0.19984485,1.0,stressid_6g6y,combined,stressid
0,0.19788685,1.0,stressid_6g6y,combined,stressid
0,0.1977273,1.0,stressid_6g6y,combined,stressid
0,0.19829266,1.0,stressid_6g6y,combined,stressid
0,0.19696516,1.0,stressid_6g6y,combined,stressid
0,0.19653869,1.0,stressid_6g6y,combined,stressid
0,0.19536835,1.0,stressid_6g6y,combined,stressid
0,0.19834626,1.0,stressid_6g6y,combined,stressid
0,0.19880997,1.0,stressid_6g6y,combined,stressid
0,0.20161957,1.0,stressid_6g6y,combined,stressid
1,0.61964977,1.0,stressid_6g6y,combined,stressid
1,0.618231,1.0,stressid_6g6y,combined,stressid
1,0.61539763,1.0,stressid_6g6y,combined,stressid
1,0.69356835,1.0,stressid_6g6y,combined,stressid
1,0.67674255,1.0,stressid_6g6y,combined,stressid
1,0.6766425,1.0,stressid_6g6y,combined,stressid
1,0.69457,1.0,stressid_6g6y,combined,stressid
1,0.6866007,1.0,stressid_6g6y,combined,stressid
1,0.6803452,1.0,stressid_6g6y,combined,stressid
1,0.6749723,1.0,stressid_6g6y,combined,stressid
1,0.6753375,1.0,stressid_6g6y,combined,stressid
1,0.6174626,1.0,stressid_6g6y,combined,stressid
1,0.61535615,1.0,stressid_6g6y,combined,stressid
1,0.6017449,1.0,stressid_6g6y,combined,stressid
1,0.6237396,1.0,stressid_6g6y,combined,stressid
1,0.5992071,1.0,stressid_6g6y,combined,stressid
1,0.6007309,1.0,stressid_6g6y,combined,stressid
1,0.6070122,1.0,stressid_6g6y,combined,stressid
1,0.6189053,1.0,stressid_6g6y,combined,stressid
1,0.58499056,1.0,stressid_6g6y,combined,stressid
1,0.58799696,1.0,stressid_6g6y,combined,stressid
1,0.6213418,1.0,stressid_6g6y,combined,stressid
1,0.7126632,1.0,stressid_6g6y,combined,stressid
1,0.6998066,1.0,stressid_6g6y,combined,stressid
1,0.6960734,1.0,stressid_6g6y,combined,stressid
1,0.7107912,1.0,stressid_6g6y,combined,stressid
1,0.7144219,1.0,stressid_6g6y,combined,stressid
1,0.71232504,1.0,stressid_6g6y,combined,stressid
1,0.7189151,1.0,stressid_6g6y,combined,stressid
1,0.7078157,1.0,stressid_6g6y,combined,stressid
1,0.6129455,1.0,stressid_6g6y,combined,stressid
1,0.61635935,1.0,stressid_6g6y,combined,stressid
1,0.61556923,1.0,stressid_6g6y,combined,stressid
1,0.60810834,1.0,stressid_6g6y,combined,stressid
1,0.6013314,1.0,stressid_6g6y,combined,stressid
1,0.6255981,1.0,stressid_6g6y,combined,stressid
1,0.6657966,1.0,stressid_6g6y,combined,stressid
1,0.62365764,1.0,stressid_6g6y,combined,stressid
1,0.6737799,1.0,stressid_6g6y,combined,stressid
1,0.6849638,1.0,stressid_6g6y,combined,stressid
1,0.6183356,1.0,stressid_6g6y,combined,stressid
1,0.7075611,1.0,stressid_6g6y,combined,stressid
1,0.6984159,1.0,stressid_6g6y,combined,stressid
1,0.70423204,1.0,stressid_6g6y,combined,stressid
1,0.71425533,1.0,stressid_6g6y,combined,stressid
1,0.71928084,1.0,stressid_6g6y,combined,stressid
1,0.72131765,1.0,stressid_6g6y,combined,stressid
1,0.73052555,1.0,stressid_6g6y,combined,stressid
1,0.72300345,1.0,stressid_6g6y,combined,stressid
1,0.68299997,1.0,stressid_6g6y,combined,stressid
1,0.66128665,1.0,stressid_6g6y,combined,stressid
1,0.63824487,1.0,stressid_6g6y,combined,stressid
1,0.63563883,1.0,stressid_6g6y,combined,stressid
1,0.64196306,1.0,stressid_6g6y,combined,stressid
1,0.6526337,1.0,stressid_6g6y,combined,stressid
1,0.63868016,1.0,stressid_6g6y,combined,stressid
1,0.6183929,1.0,stressid_6g6y,combined,stressid
1,0.5993119,1.0,stressid_6g6y,combined,stressid
1,0.62778836,1.0,stressid_6g6y,combined,stressid
1,0.6379388,1.0,stressid_6g6y,combined,stressid
1,0.73068875,1.0,stressid_6g6y,combined,stressid
1,0.7300148,1.0,stressid_6g6y,combined,stressid
1,0.6961603,1.0,stressid_6g6y,combined,stressid
1,0.7024435,1.0,stressid_6g6y,combined,stressid
1,0.7034018,1.0,stressid_6g6y,combined,stressid
1,0.7063266,1.0,stressid_6g6y,combined,stressid
1,0.7083595,1.0,stressid_6g6y,combined,stressid
1,0.6970491,1.0,stressid_6g6y,combined,stressid
1,0.6127114,1.0,stressid_6g6y,combined,stressid
1,0.6094112,1.0,stressid_6g6y,combined,stressid
1,0.6282121,1.0,stressid_6g6y,combined,stressid
1,0.6458555,1.0,stressid_6g6y,combined,stressid
1,0.6240876,1.0,stressid_6g6y,combined,stressid
1,0.6060524,1.0,stressid_6g6y,combined,stressid
1,0.6074488,1.0,stressid_6g6y,combined,stressid
1,0.6162228,1.0,stressid_6g6y,combined,stressid
1,0.66347796,1.0,stressid_6g6y,combined,stressid
1,0.64897346,1.0,stressid_6g6y,combined,stressid
1,0.6289767,1.0,stressid_6g6y,combined,stressid
1,0.7264879,1.0,stressid_6g6y,combined,stressid
1,0.72529495,1.0,stressid_6g6y,combined,stressid
1,0.73362124,1.0,stressid_6g6y,combined,stressid
1,0.73069745,1.0,stressid_6g6y,combined,stressid
1,0.7200928,1.0,stressid_6g6y,combined,stressid
1,0.70001686,1.0,stressid_6g6y,combined,stressid
1,0.6777047,1.0,stressid_6g6y,combined,stressid
1,0.6655499,1.0,stressid_6g6y,combined,stressid
1,0.6233715,1.0,stressid_6g6y,combined,stressid
1,0.6277874,1.0,stressid_6g6y,combined,stressid
1,0.6612557,1.0,stressid_6g6y,combined,stressid
1,0.6995804,1.0,stressid_6g6y,combined,stressid
1,0.7110188,1.0,stressid_6g6y,combined,stressid
1,0.66864485,1.0,stressid_6g6y,combined,stressid
1,0.6267623,1.0,stressid_6g6y,combined,stressid
1,0.6326082,1.0,stressid_6g6y,combined,stressid
0,0.5977789,1.0,stressid_6g6y,combined,stressid
0,0.58441484,1.0,stressid_6g6y,combined,stressid
0,0.58802575,1.0,stressid_6g6y,combined,stressid
0,0.5792013,1.0,stressid_6g6y,combined,stressid
0,0.54854614,1.0,stressid_6g6y,combined,stressid
0,0.5549645,1.0,stressid_6g6y,combined,stressid
0,0.56981784,1.0,stressid_6g6y,combined,stressid
0,0.57023096,1.0,stressid_6g6y,combined,stressid
0,0.5747219,1.0,stressid_6g6y,combined,stressid
0,0.5722484,1.0,stressid_6g6y,combined,stressid
0,0.5864265,1.0,stressid_6g6y,combined,stressid
0,0.5784187,1.0,stressid_6g6y,combined,stressid
0,0.5854232,1.0,stressid_6g6y,combined,stressid
0,0.5788176,1.0,stressid_6g6y,combined,stressid
0,0.59396595,1.0,stressid_6g6y,combined,stressid
0,0.59335303,1.0,stressid_6g6y,combined,stressid
0,0.57568437,1.0,stressid_6g6y,combined,stressid
0,0.5935161,1.0,stressid_6g6y,combined,stressid
0,0.57969224,1.0,stressid_6g6y,combined,stressid
0,0.5727972,1.0,stressid_6g6y,combined,stressid
0,0.5667591,1.0,stressid_6g6y,combined,stressid
0,0.53450066,1.0,stressid_6g6y,combined,stressid
0,0.2364926,1.0,stressid_6g6y,combined,stressid
0,0.56877327,1.0,stressid_6g6y,combined,stressid
0,0.23625147,1.0,stressid_6g6y,combined,stressid
0,0.23614876,1.0,stressid_6g6y,combined,stressid
0,0.23600051,1.0,stressid_6g6y,combined,stressid
0,0.23623228,1.0,stressid_6g6y,combined,stressid
0,0.2360801,1.0,stressid_6g6y,combined,stressid
0,0.23540114,1.0,stressid_6g6y,combined,stressid
0,0.23499121,1.0,stressid_6g6y,combined,stressid
0,0.23502581,1.0,stressid_6g6y,combined,stressid
0,0.23466566,1.0,stressid_6g6y,combined,stressid
0,0.23395,1.0,stressid_6g6y,combined,stressid
0,0.531621,1.0,stressid_6g6y,combined,stressid
0,0.23363493,1.0,stressid_6g6y,combined,stressid
0,0.23324086,1.0,stressid_6g6y,combined,stressid
0,0.23093009,1.0,stressid_6g6y,combined,stressid
0,0.22771227,1.0,stressid_6g6y,combined,stressid
0,0.21445924,1.0,stressid_6g6y,combined,stressid
0,0.20059615,1.0,stressid_6g6y,combined,stressid
0,0.19884841,1.0,stressid_6g6y,combined,stressid
0,0.19798215,1.0,stressid_6g6y,combined,stressid
0,0.19801165,1.0,stressid_6g6y,combined,stressid
0,0.5520263,1.0,stressid_6g6y,combined,stressid
0,0.56313515,1.0,stressid_6g6y,combined,stressid
0,0.58848864,1.0,stressid_6g6y,combined,stressid
0,0.5685054,1.0,stressid_6g6y,combined,stressid
0,0.59432346,1.0,stressid_6g6y,combined,stressid
1,0.62185603,1.0,stressid_6g6y,combined,stressid
1,0.62656075,1.0,stressid_6g6y,combined,stressid
1,0.6575078,1.0,stressid_6g6y,combined,stressid
1,0.730341,1.0,stressid_6g6y,combined,stressid
1,0.711875,1.0,stressid_6g6y,combined,stressid
1,0.7165078,1.0,stressid_6g6y,combined,stressid
1,0.7352032,1.0,stressid_6g6y,combined,stressid
1,0.7308716,1.0,stressid_6g6y,combined,stressid
1,0.71474844,1.0,stressid_6g6y,combined,stressid
1,0.7219308,1.0,stressid_6g6y,combined,stressid
1,0.6959285,1.0,stressid_6g6y,combined,stressid
1,0.6458434,1.0,stressid_6g6y,combined,stressid
1,0.65445584,1.0,stressid_6g6y,combined,stressid
1,0.64428824,1.0,stressid_6g6y,combined,stressid
1,0.61763066,1.0,stressid_6g6y,combined,stressid
1,0.6203466,1.0,stressid_6g6y,combined,stressid
1,0.63227046,1.0,stressid_6g6y,combined,stressid
1,0.61721355,1.0,stressid_6g6y,combined,stressid
1,0.6415743,1.0,stressid_6g6y,combined,stressid
1,0.6096326,1.0,stressid_6g6y,combined,stressid
1,0.5978812,1.0,stressid_6g6y,combined,stressid
1,0.63399756,1.0,stressid_6g6y,combined,stressid
1,0.6982694,1.0,stressid_6g6y,combined,stressid
1,0.7108567,1.0,stressid_6g6y,combined,stressid
1,0.7286048,1.0,stressid_6g6y,combined,stressid
1,0.714398,1.0,stressid_6g6y,combined,stressid
1,0.71409315,1.0,stressid_6g6y,combined,stressid
1,0.7181442,1.0,stressid_6g6y,combined,stressid
1,0.7288654,1.0,stressid_6g6y,combined,stressid
1,0.76355183,1.0,stressid_6g6y,combined,stressid
1,0.58289397,1.0,stressid_6g6y,combined,stressid
1,0.5880622,1.0,stressid_6g6y,combined,stressid
1,0.58651054,1.0,stressid_6g6y,combined,stressid
1,0.5928034,1.0,stressid_6g6y,combined,stressid
1,0.6036436,1.0,stressid_6g6y,combined,stressid
1,0.58695334,1.0,stressid_6g6y,combined,stressid
1,0.6053121,1.0,stressid_6g6y,combined,stressid
1,0.61428803,1.0,stressid_6g6y,combined,stressid
1,0.21757494,1.0,stressid_6g6y,combined,stressid
1,0.20615368,1.0,stressid_6g6y,combined,stressid
1,0.23431519,1.0,stressid_6g6y,combined,stressid
1,0.22621615,1.0,stressid_6g6y,combined,stressid
1,0.22335523,1.0,stressid_6g6y,combined,stressid
1,0.22696878,1.0,stressid_6g6y,combined,stressid
1,0.25248083,1.0,stressid_6g6y,combined,stressid
1,0.25005814,1.0,stressid_6g6y,combined,stressid
1,0.26379994,1.0,stressid_6g6y,combined,stressid
1,0.2828481,1.0,stressid_6g6y,combined,stressid
1,0.2781289,1.0,stressid_6g6y,combined,stressid
1,0.25380862,1.0,stressid_6g6y,combined,stressid
1,0.22325239,1.0,stressid_6g6y,combined,stressid
1,0.2563717,1.0,stressid_6g6y,combined,stressid
1,0.24480245,1.0,stressid_6g6y,combined,stressid
1,0.24919562,1.0,stressid_6g6y,combined,stressid
1,0.28630745,1.0,stressid_6g6y,combined,stressid
1,0.2971362,1.0,stressid_6g6y,combined,stressid
1,0.30596572,1.0,stressid_6g6y,combined,stressid
1,0.30062324,1.0,stressid_6g6y,combined,stressid
1,0.34939668,1.0,stressid_6g6y,combined,stressid
1,0.36603603,1.0,stressid_6g6y,combined,stressid
1,0.3660294,1.0,stressid_6g6y,combined,stressid
1,0.23944128,1.0,stressid_6g6y,combined,stressid
1,0.3886515,1.0,stressid_6g6y,combined,stressid
1,0.40935093,1.0,stressid_6g6y,combined,stressid
1,0.4086234,1.0,stressid_6g6y,combined,stressid
1,0.19914275,1.0,stressid_6g6y,combined,stressid
1,0.19929484,1.0,stressid_6g6y,combined,stressid
1,0.19894652,1.0,stressid_6g6y,combined,stressid
1,0.19881728,1.0,stressid_6g6y,combined,stressid
1,0.19889605,1.0,stressid_6g6y,combined,stressid
1,0.1982191,1.0,stressid_6g6y,combined,stressid
1,0.19751838,1.0,stressid_6g6y,combined,stressid
1,0.24626525,1.0,stressid_6g6y,combined,stressid
1,0.19739126,1.0,stressid_6g6y,combined,stressid
1,0.19771516,1.0,stressid_6g6y,combined,stressid
1,0.19704935,1.0,stressid_6g6y,combined,stressid
1,0.1963158,1.0,stressid_6g6y,combined,stressid
1,0.1960666,1.0,stressid_6g6y,combined,stressid
1,0.19531591,1.0,stressid_6g6y,combined,stressid
1,0.19497608,1.0,stressid_6g6y,combined,stressid
1,0.19548553,1.0,stressid_6g6y,combined,stressid
1,0.19597381,1.0,stressid_6g6y,combined,stressid
1,0.19593737,1.0,stressid_6g6y,combined,stressid
1,0.2514783,1.0,stressid_6g6y,combined,stressid
1,0.19575444,1.0,stressid_6g6y,combined,stressid
1,0.1953637,1.0,stressid_6g6y,combined,stressid
1,0.19496022,1.0,stressid_6g6y,combined,stressid
1,0.1946647,1.0,stressid_6g6y,combined,stressid
1,0.19444197,1.0,stressid_6g6y,combined,stressid
1,0.19455272,1.0,stressid_6g6y,combined,stressid
1,0.19442548,1.0,stressid_6g6y,combined,stressid
1,0.24567632,1.0,stressid_6g6y,combined,stressid
1,0.2575563,1.0,stressid_6g6y,combined,stressid
1,0.26773065,1.0,stressid_6g6y,combined,stressid
1,0.2613457,1.0,stressid_6g6y,combined,stressid
1,0.40644997,1.0,stressid_6g6y,combined,stressid
1,0.44659716,1.0,stressid_6g6y,combined,stressid
1,0.47893643,1.0,stressid_6g6y,combined,stressid
1,0.4706254,1.0,stressid_6g6y,combined,stressid
1,0.47385427,1.0,stressid_6g6y,combined,stressid
1,0.46544495,1.0,stressid_6g6y,combined,stressid
1,0.4587847,1.0,stressid_6g6y,combined,stressid
1,0.46087354,1.0,stressid_6g6y,combined,stressid
1,0.43624693,1.0,stressid_6g6y,combined,stressid
1,0.44306713,1.0,stressid_6g6y,combined,stressid
1,0.42934278,1.0,stressid_6g6y,combined,stressid
1,0.41881472,1.0,stressid_6g6y,combined,stressid
1,0.4550058,1.0,stressid_6g6y,combined,stressid
1,0.458233,1.0,stressid_6g6y,combined,stressid
1,0.45838842,1.0,stressid_6g6y,combined,stressid
1,0.20731938,1.0,stressid_6g6y,combined,stressid
1,0.20711493,1.0,stressid_6g6y,combined,stressid
1,0.2061848,1.0,stressid_6g6y,combined,stressid
1,0.20526332,1.0,stressid_6g6y,combined,stressid
1,0.20493622,1.0,stressid_6g6y,combined,stressid
1,0.20476137,1.0,stressid_6g6y,combined,stressid
1,0.20470093,1.0,stressid_6g6y,combined,stressid
1,0.2071361,1.0,stressid_6g6y,combined,stressid
1,0.43221295,1.0,stressid_6g6y,combined,stressid
1,0.21102458,1.0,stressid_6g6y,combined,stressid
1,0.21137233,1.0,stressid_6g6y,combined,stressid
1,0.20686714,1.0,stressid_6g6y,combined,stressid
1,0.2123712,1.0,stressid_6g6y,combined,stressid
1,0.2192616,1.0,stressid_6g6y,combined,stressid
1,0.21116222,1.0,stressid_6g6y,combined,stressid
1,0.20537806,1.0,stressid_6g6y,combined,stressid
1,0.20513162,1.0,stressid_6g6y,combined,stressid
1,0.3945015,1.0,stressid_6g6y,combined,stressid
1,0.39571404,1.0,stressid_6g6y,combined,stressid
1,0.4426287,1.0,stressid_6g6y,combined,stressid
1,0.4609949,1.0,stressid_6g6y,combined,stressid
1,0.47024196,1.0,stressid_6g6y,combined,stressid
1,0.46088663,1.0,stressid_6g6y,combined,stressid
0,0.32940188,1.0,wesad_s5,combined,wesad
0,0.32969543,1.0,wesad_s5,combined,wesad
0,0.32922778,1.0,wesad_s5,combined,wesad
0,0.3292181,1.0,wesad_s5,combined,wesad
0,0.32893375,1.0,wesad_s5,combined,wesad
0,0.32927853,1.0,wesad_s5,combined,wesad
0,0.3304765,1.0,wesad_s5,combined,wesad
0,0.330067,1.0,wesad_s5,combined,wesad
0,0.3292775,1.0,wesad_s5,combined,wesad
0,0.3290652,1.0,wesad_s5,combined,wesad
0,0.32884654,1.0,wesad_s5,combined,wesad
0,0.32830307,1.0,wesad_s5,combined,wesad
0,0.32835793,1.0,wesad_s5,combined,wesad
0,0.3291266,1.0,wesad_s5,combined,wesad
0,0.32947502,1.0,wesad_s5,combined,wesad
0,0.32982394,1.0,wesad_s5,combined,wesad
0,0.32901394,1.0,wesad_s5,combined,wesad
0,0.32832173,1.0,wesad_s5,combined,wesad
0,0.32875514,1.0,wesad_s5,combined,wesad
0,0.32882833,1.0,wesad_s5,combined,wesad
0,0.32886168,1.0,wesad_s5,combined,wesad
0,0.32879856,1.0,wesad_s5,combined,wesad
0,0.3285829,1.0,wesad_s5,combined,wesad
0,0.3283786,1.0,wesad_s5,combined,wesad
0,0.32809052,1.0,wesad_s5,combined,wesad
0,0.32767695,1.0,wesad_s5,combined,wesad
0,0.32766032,1.0,wesad_s5,combined,wesad
0,0.32764962,1.0,wesad_s5,combined,wesad
0,0.32639825,1.0,wesad_s5,combined,wesad
0,0.32687268,1.0,wesad_s5,combined,wesad
0,0.32714456,1.0,wesad_s5,combined,wesad
0,0.32747862,1.0,wesad_s5,combined,wesad
0,0.32726133,1.0,wesad_s5,combined,wesad
0,0.32576177,1.0,wesad_s5,combined,wesad
0,0.32604882,1.0,wesad_s5,combined,wesad
0,0.32746047,1.0,wesad_s5,combined,wesad
0,0.32750097,1.0,wesad_s5,combined,wesad
0,0.32709822,1.0,wesad_s5,combined,wesad
0,0.32794896,1.0,wesad_s5,combined,wesad
0,0.3284057,1.0,wesad_s5,combined,wesad
0,0.32887554,1.0,wesad_s5,combined,wesad
0,0.32906714,1.0,wesad_s5,combined,wesad
0,0.3282515,1.0,wesad_s5,combined,wesad
0,0.32825944,1.0,wesad_s5,combined,wesad
0,0.3287039,1.0,wesad_s5,combined,wesad
0,0.32972774,1.0,wesad_s5,combined,wesad
0,0.3306088,1.0,wesad_s5,combined,wesad
0,0.3297754,1.0,wesad_s5,combined,wesad
0,0.32905838,1.0,wesad_s5,combined,wesad
0,0.3288686,1.0,wesad_s5,combined,wesad
0,0.3283445,1.0,wesad_s5,combined,wesad
0,0.3292787,1.0,wesad_s5,combined,wesad
0,0.32851776,1.0,wesad_s5,combined,wesad
0,0.3267713,1.0,wesad_s5,combined,wesad
0,0.32748544,1.0,wesad_s5,combined,wesad
0,0.32730106,1.0,wesad_s5,combined,wesad
0,0.3270802,1.0,wesad_s5,combined,wesad
0,0.32877585,1.0,wesad_s5,combined,wesad
0,0.32910168,1.0,wesad_s5,combined,wesad
0,0.32862848,1.0,wesad_s5,combined,wesad
0,0.32849386,1.0,wesad_s5,combined,wesad
0,0.3275507,1.0,wesad_s5,combined,wesad
0,0.32728675,1.0,wesad_s5,combined,wesad
0,0.32752764,1.0,wesad_s5,combined,wesad
0,0.32675055,1.0,wesad_s5,combined,wesad
0,0.32728222,1.0,wesad_s5,combined,wesad
0,0.32710108,1.0,wesad_s5,combined,wesad
0,0.32635546,1.0,wesad_s5,combined,wesad
0,0.32740122,1.0,wesad_s5,combined,wesad
0,0.32683146,1.0,wesad_s5,combined,wesad
0,0.3269558,1.0,wesad_s5,combined,wesad
0,0.32768726,1.0,wesad_s5,combined,wesad
0,0.32623336,1.0,wesad_s5,combined,wesad
0,0.3260911,1.0,wesad_s5,combined,wesad
0,0.32612762,1.0,wesad_s5,combined,wesad
0,0.32534787,1.0,wesad_s5,combined,wesad
0,0.32578468,1.0,wesad_s5,combined,wesad
0,0.32661924,1.0,wesad_s5,combined,wesad
0,0.3273116,1.0,wesad_s5,combined,wesad
0,0.32762873,1.0,wesad_s5,combined,wesad
0,0.32778013,1.0,wesad_s5,combined,wesad
0,0.32826057,1.0,wesad_s5,combined,wesad
0,0.32894126,1.0,wesad_s5,combined,wesad
0,0.32930666,1.0,wesad_s5,combined,wesad
0,0.32912287,1.0,wesad_s5,combined,wesad
0,0.3286925,1.0,wesad_s5,combined,wesad
0,0.32795843,1.0,wesad_s5,combined,wesad
0,0.32824764,1.0,wesad_s5,combined,wesad
0,0.33043486,1.0,wesad_s5,combined,wesad
0,0.33107284,1.0,wesad_s5,combined,wesad
0,0.32977852,1.0,wesad_s5,combined,wesad
0,0.32874066,1.0,wesad_s5,combined,wesad
0,0.32874033,1.0,wesad_s5,combined,wesad
0,0.32999814,1.0,wesad_s5,combined,wesad
0,0.3309356,1.0,wesad_s5,combined,wesad
0,0.3320266,1.0,wesad_s5,combined,wesad
0,0.332872,1.0,wesad_s5,combined,wesad
0,0.33197337,1.0,wesad_s5,combined,wesad
0,0.33046272,1.0,wesad_s5,combined,wesad
0,0.3295273,1.0,wesad_s5,combined,wesad
0,0.32979348,1.0,wesad_s5,combined,wesad
0,0.32912043,1.0,wesad_s5,combined,wesad
0,0.32863194,1.0,wesad_s5,combined,wesad
0,0.32890695,1.0,wesad_s5,combined,wesad
0,0.32864678,1.0,wesad_s5,combined,wesad
0,0.3294239,1.0,wesad_s5,combined,wesad
0,0.33074898,1.0,wesad_s5,combined,wesad
0,0.33058944,1.0,wesad_s5,combined,wesad
0,0.33032805,1.0,wesad_s5,combined,wesad
0,0.3307358,1.0,wesad_s5,combined,wesad
0,0.33083937,1.0,wesad_s5,combined,wesad
0,0.3305321,1.0,wesad_s5,combined,wesad
0,0.32974917,1.0,wesad_s5,combined,wesad
0,0.32959437,1.0,wesad_s5,combined,wesad
0,0.33035,1.0,wesad_s5,combined,wesad
0,0.32936707,1.0,wesad_s5,combined,wesad
0,0.3299627,1.0,wesad_s5,combined,wesad
0,0.33241725,1.0,wesad_s5,combined,wesad
0,0.33182332,1.0,wesad_s5,combined,wesad
0,0.3302032,1.0,wesad_s5,combined,wesad
0,0.32936352,1.0,wesad_s5,combined,wesad
0,0.32941034,1.0,wesad_s5,combined,wesad
0,0.32978442,1.0,wesad_s5,combined,wesad
0,0.32959124,1.0,wesad_s5,combined,wesad
0,0.3301842,1.0,wesad_s5,combined,wesad
0,0.32983947,1.0,wesad_s5,combined,wesad
0,0.32934877,1.0,wesad_s5,combined,wesad
0,0.32940152,1.0,wesad_s5,combined,wesad
0,0.33070344,1.0,wesad_s5,combined,wesad
0,0.3314999,1.0,wesad_s5,combined,wesad
0,0.33030814,1.0,wesad_s5,combined,wesad
0,0.32935852,1.0,wesad_s5,combined,wesad
0,0.3295235,1.0,wesad_s5,combined,wesad
0,0.32991794,1.0,wesad_s5,combined,wesad
0,0.33177426,1.0,wesad_s5,combined,wesad
0,0.3304341,1.0,wesad_s5,combined,wesad
0,0.3281259,1.0,wesad_s5,combined,wesad
0,0.32991755,1.0,wesad_s5,combined,wesad
0,0.3301859,1.0,wesad_s5,combined,wesad
0,0.32933694,1.0,wesad_s5,combined,wesad
0,0.32966113,1.0,wesad_s5,combined,wesad
0,0.33025584,1.0,wesad_s5,combined,wesad
0,0.33088323,1.0,wesad_s5,combined,wesad
0,0.33283526,1.0,wesad_s5,combined,wesad
0,0.3341696,1.0,wesad_s5,combined,wesad
0,0.33147287,1.0,wesad_s5,combined,wesad
0,0.3293606,1.0,wesad_s5,combined,wesad
0,0.33014312,1.0,wesad_s5,combined,wesad
0,0.33087042,1.0,wesad_s5,combined,wesad
0,0.3292335,1.0,wesad_s5,combined,wesad
0,0.3286894,1.0,wesad_s5,combined,wesad
0,0.3290795,1.0,wesad_s5,combined,wesad
0,0.32873982,1.0,wesad_s5,combined,wesad
0,0.3289426,1.0,wesad_s5,combined,wesad
0,0.32866332,1.0,wesad_s5,combined,wesad
0,0.32916674,1.0,wesad_s5,combined,wesad
0,0.32950556,1.0,wesad_s5,combined,wesad
0,0.32925045,1.0,wesad_s5,combined,wesad
0,0.3293938,1.0,wesad_s5,combined,wesad
0,0.32915992,1.0,wesad_s5,combined,wesad
0,0.32957575,1.0,wesad_s5,combined,wesad
0,0.32980102,1.0,wesad_s5,combined,wesad
0,0.32992685,1.0,wesad_s5,combined,wesad
0,0.32976928,1.0,wesad_s5,combined,wesad
0,0.3290786,1.0,wesad_s5,combined,wesad
0,0.3292469,1.0,wesad_s5,combined,wesad
0,0.32778546,1.0,wesad_s5,combined,wesad
0,0.32739982,1.0,wesad_s5,combined,wesad
0,0.32806203,1.0,wesad_s5,combined,wesad
0,0.32791653,1.0,wesad_s5,combined,wesad
0,0.32813632,1.0,wesad_s5,combined,wesad
0,0.32920465,1.0,wesad_s5,combined,wesad
0,0.32977813,1.0,wesad_s5,combined,wesad
0,0.32999304,1.0,wesad_s5,combined,wesad
0,0.33116812,1.0,wesad_s5,combined,wesad
0,0.3319246,1.0,wesad_s5,combined,wesad
0,0.33105743,1.0,wesad_s5,combined,wesad
0,0.3285159,1.0,wesad_s5,combined,wesad
0,0.32789025,1.0,wesad_s5,combined,wesad
0,0.32681903,1.0,wesad_s5,combined,wesad
0,0.32371187,1.0,wesad_s5,combined,wesad
0,0.32432765,1.0,wesad_s5,combined,wesad
0,0.32481933,1.0,wesad_s5,combined,wesad
0,0.32489082,1.0,wesad_s5,combined,wesad
0,0.32620567,1.0,wesad_s5,combined,wesad
0,0.3280627,1.0,wesad_s5,combined,wesad
0,0.33063856,1.0,wesad_s5,combined,wesad
0,0.3320883,1.0,wesad_s5,combined,wesad
0,0.33040205,1.0,wesad_s5,combined,wesad
0,0.3293744,1.0,wesad_s5,combined,wesad
0,0.3296867,1.0,wesad_s5,combined,wesad
0,0.32914713,1.0,wesad_s5,combined,wesad
0,0.32860702,1.0,wesad_s5,combined,wesad
0,0.32779077,1.0,wesad_s5,combined,wesad
0,0.3271673,1.0,wesad_s5,combined,wesad
0,0.32615408,1.0,wesad_s5,combined,wesad
0,0.3266289,1.0,wesad_s5,combined,wesad
0,0.32540607,1.0,wesad_s5,combined,wesad
0,0.32509968,1.0,wesad_s5,combined,wesad
0,0.32713342,1.0,wesad_s5,combined,wesad
0,0.32739425,1.0,wesad_s5,combined,wesad
0,0.32737216,1.0,wesad_s5,combined,wesad
0,0.32808337,1.0,wesad_s5,combined,wesad
0,0.32940534,1.0,wesad_s5,combined,wesad
0,0.3303403,1.0,wesad_s5,combined,wesad
0,0.327094,1.0,wesad_s5,combined,wesad
0,0.32571897,1.0,wesad_s5,combined,wesad
0,0.32785717,1.0,wesad_s5,combined,wesad
0,0.32969677,1.0,wesad_s5,combined,wesad
0,0.33026233,1.0,wesad_s5,combined,wesad
0,0.3295437,1.0,wesad_s5,combined,wesad
0,0.32881653,1.0,wesad_s5,combined,wesad
0,0.3295077,1.0,wesad_s5,combined,wesad
0,0.33134675,1.0,wesad_s5,combined,wesad
0,0.33221647,1.0,wesad_s5,combined,wesad
0,0.3299845,1.0,wesad_s5,combined,wesad
0,0.3286202,1.0,wesad_s5,combined,wesad
0,0.32909966,1.0,wesad_s5,combined,wesad
0,0.32904315,1.0,wesad_s5,combined,wesad
0,0.32950425,1.0,wesad_s5,combined,wesad
0,0.3290761,1.0,wesad_s5,combined,wesad
0,0.32891646,1.0,wesad_s5,combined,wesad
0,0.32862708,1.0,wesad_s5,combined,wesad
0,0.32915393,1.0,wesad_s5,combined,wesad
0,0.33007127,1.0,wesad_s5,combined,wesad
0,0.33015397,1.0,wesad_s5,combined,wesad
0,0.3306528,1.0,wesad_s5,combined,wesad
0,0.33056507,1.0,wesad_s5,combined,wesad
0,0.32977703,1.0,wesad_s5,combined,wesad
0,0.32955277,1.0,wesad_s5,combined,wesad
0,0.32793188,1.0,wesad_s5,combined,wesad
0,0.32653388,1.0,wesad_s5,combined,wesad
0,0.3280476,1.0,wesad_s5,combined,wesad
0,0.32832873,1.0,wesad_s5,combined,wesad
0,0.32799527,1.0,wesad_s5,combined,wesad
0,0.32728535,1.0,wesad_s5,combined,wesad
0,0.32733047,1.0,wesad_s5,combined,wesad
0,0.32902592,1.0,wesad_s5,combined,wesad
0,0.3291333,1.0,wesad_s5,combined,wesad
0,0.3286227,1.0,wesad_s5,combined,wesad
1,0.34357527,1.0,wesad_s5,combined,wesad
1,0.34383544,1.0,wesad_s5,combined,wesad
1,0.343586,1.0,wesad_s5,combined,wesad
1,0.34419635,1.0,wesad_s5,combined,wesad
1,0.34485504,1.0,wesad_s5,combined,wesad
1,0.3449875,1.0,wesad_s5,combined,wesad
1,0.34540316,1.0,wesad_s5,combined,wesad
1,0.34529838,1.0,wesad_s5,combined,wesad
1,0.34443802,1.0,wesad_s5,combined,wesad
1,0.3445903,1.0,wesad_s5,combined,wesad
1,0.34540287,1.0,wesad_s5,combined,wesad
1,0.34464642,1.0,wesad_s5,combined,wesad
1,0.34554014,1.0,wesad_s5,combined,wesad
1,0.34507152,1.0,wesad_s5,combined,wesad
1,0.3419537,1.0,wesad_s5,combined,wesad
1,0.3430419,1.0,wesad_s5,combined,wesad
1,0.34322113,1.0,wesad_s5,combined,wesad
1,0.34232742,1.0,wesad_s5,combined,wesad
1,0.34247184,1.0,wesad_s5,combined,wesad
1,0.34190193,1.0,wesad_s5,combined,wesad
1,0.34121478,1.0,wesad_s5,combined,wesad
1,0.33865434,1.0,wesad_s5,combined,wesad
1,0.33866885,1.0,wesad_s5,combined,wesad
1,0.3419909,1.0,wesad_s5,combined,wesad
1,0.3428515,1.0,wesad_s5,combined,wesad
1,0.34321854,1.0,wesad_s5,combined,wesad
1,0.3423391,1.0,wesad_s5,combined,wesad
1,0.34312543,1.0,wesad_s5,combined,wesad
1,0.34223118,1.0,wesad_s5,combined,wesad
1,0.34133253,1.0,wesad_s5,combined,wesad
1,0.34340307,1.0,wesad_s5,combined,wesad
1,0.34282544,1.0,wesad_s5,combined,wesad
1,0.3428333,1.0,wesad_s5,combined,wesad
1,0.3415523,1.0,wesad_s5,combined,wesad
1,0.3418212,1.0,wesad_s5,combined,wesad
1,0.34269515,1.0,wesad_s5,combined,wesad
1,0.34269392,1.0,wesad_s5,combined,wesad
1,0.34187698,1.0,wesad_s5,combined,wesad
1,0.34041548,1.0,wesad_s5,combined,wesad
1,0.3396231,1.0,wesad_s5,combined,wesad
1,0.34195524,1.0,wesad_s5,combined,wesad
1,0.34122658,1.0,wesad_s5,combined,wesad
1,0.3369943,1.0,wesad_s5,combined,wesad
1,0.3392574,1.0,wesad_s5,combined,wesad
1,0.34257337,1.0,wesad_s5,combined,wesad
1,0.34445402,1.0,wesad_s5,combined,wesad
1,0.34450457,1.0,wesad_s5,combined,wesad
1,0.34310374,1.0,wesad_s5,combined,wesad
1,0.34299353,1.0,wesad_s5,combined,wesad
1,0.34158802,1.0,wesad_s5,combined,wesad
1,0.34145835,1.0,wesad_s5,combined,wesad
1,0.34016812,1.0,wesad_s5,combined,wesad
1,0.34061742,1.0,wesad_s5,combined,wesad
1,0.3428487,1.0,wesad_s5,combined,wesad
1,0.3425202,1.0,wesad_s5,combined,wesad
1,0.34167492,1.0,wesad_s5,combined,wesad
1,0.34113333,1.0,wesad_s5,combined,wesad
1,0.33968282,1.0,wesad_s5,combined,wesad
1,0.33751082,1.0,wesad_s5,combined,wesad
1,0.33859795,1.0,wesad_s5,combined,wesad
1,0.34009627,1.0,wesad_s5,combined,wesad
1,0.33957666,1.0,wesad_s5,combined,wesad
1,0.34032413,1.0,wesad_s5,combined,wesad
1,0.33892757,1.0,wesad_s5,combined,wesad
1,0.33865058,1.0,wesad_s5,combined,wesad
1,0.33984432,1.0,wesad_s5,combined,wesad
1,0.33956885,1.0,wesad_s5,combined,wesad
1,0.3404598,1.0,wesad_s5,combined,wesad
1,0.3416681,1.0,wesad_s5,combined,wesad
1,0.3418746,1.0,wesad_s5,combined,wesad
1,0.34361824,1.0,wesad_s5,combined,wesad
1,0.34465897,1.0,wesad_s5,combined,wesad
1,0.34347966,1.0,wesad_s5,combined,wesad
1,0.34264168,1.0,wesad_s5,combined,wesad
1,0.34247836,1.0,wesad_s5,combined,wesad
1,0.34152365,1.0,wesad_s5,combined,wesad
1,0.34306547,1.0,wesad_s5,combined,wesad
1,0.34291327,1.0,wesad_s5,combined,wesad
1,0.3416216,1.0,wesad_s5,combined,wesad
1,0.3413772,1.0,wesad_s5,combined,wesad
1,0.34067485,1.0,wesad_s5,combined,wesad
1,0.33878666,1.0,wesad_s5,combined,wesad
1,0.33655775,1.0,wesad_s5,combined,wesad
1,0.3368365,1.0,wesad_s5,combined,wesad
1,0.33623067,1.0,wesad_s5,combined,wesad
1,0.33755752,1.0,wesad_s5,combined,wesad
1,0.338481,1.0,wesad_s5,combined,wesad
1,0.34032798,1.0,wesad_s5,combined,wesad
1,0.34023818,1.0,wesad_s5,combined,wesad
1,0.33827946,1.0,wesad_s5,combined,wesad
1,0.33901164,1.0,wesad_s5,combined,wesad
1,0.33952302,1.0,wesad_s5,combined,wesad
1,0.33912078,1.0,wesad_s5,combined,wesad
1,0.3391489,1.0,wesad_s5,combined,wesad
1,0.3408199,1.0,wesad_s5,combined,wesad
1,0.34058547,1.0,wesad_s5,combined,wesad
1,0.33968255,1.0,wesad_s5,combined,wesad
1,0.34017906,1.0,wesad_s5,combined,wesad
1,0.3407178,1.0,wesad_s5,combined,wesad
1,0.34132266,1.0,wesad_s5,combined,wesad
1,0.3406235,1.0,wesad_s5,combined,wesad
1,0.33863765,1.0,wesad_s5,combined,wesad
1,0.33950514,1.0,wesad_s5,combined,wesad
1,0.33882597,1.0,wesad_s5,combined,wesad
1,0.3388377,1.0,wesad_s5,combined,wesad
1,0.33825585,1.0,wesad_s5,combined,wesad
1,0.3382568,1.0,wesad_s5,combined,wesad
1,0.34073535,1.0,wesad_s5,combined,wesad
1,0.3397929,1.0,wesad_s5,combined,wesad
1,0.3389158,1.0,wesad_s5,combined,wesad
1,0.33991715,1.0,wesad_s5,combined,wesad
1,0.34250176,1.0,wesad_s5,combined,wesad
1,0.34244525,1.0,wesad_s5,combined,wesad
1,0.34086284,1.0,wesad_s5,combined,wesad
1,0.340907,1.0,wesad_s5,combined,wesad
1,0.33941495,1.0,wesad_s5,combined,wesad
1,0.34037307,1.0,wesad_s5,combined,wesad
1,0.34000182,1.0,wesad_s5,combined,wesad
1,0.338891,1.0,wesad_s5,combined,wesad
1,0.3405682,1.0,wesad_s5,combined,wesad
1,0.34071836,1.0,wesad_s5,combined,wesad
1,0.3407683,1.0,wesad_s5,combined,wesad
1,0.34138712,1.0,wesad_s5,combined,wesad
1,0.34095198,1.0,wesad_s5,combined,wesad
1,0.34150633,1.0,wesad_s5,combined,wesad
1,0.34137246,1.0,wesad_s5,combined,wesad
1,0.3392174,1.0,wesad_s5,combined,wesad
1,0.3398918,1.0,wesad_s5,combined,wesad
1,0.34042552,1.0,wesad_s5,combined,wesad
0,0.3396557,1.0,wesad_s2,combined,wesad
0,0.37785593,1.0,wesad_s2,combined,wesad
0,0.39676693,1.0,wesad_s2,combined,wesad
0,0.39122608,1.0,wesad_s2,combined,wesad
0,0.3869946,1.0,wesad_s2,combined,wesad
0,0.40249923,1.0,wesad_s2,combined,wesad
0,0.39642116,1.0,wesad_s2,combined,wesad
0,0.3718027,1.0,wesad_s2,combined,wesad
0,0.3779467,1.0,wesad_s2,combined,wesad
0,0.37612516,1.0,wesad_s2,combined,wesad
0,0.3959186,1.0,wesad_s2,combined,wesad
0,0.4078236,1.0,wesad_s2,combined,wesad
0,0.438589,1.0,wesad_s2,combined,wesad
0,0.44222018,1.0,wesad_s2,combined,wesad
0,0.43852505,1.0,wesad_s2,combined,wesad
0,0.41617063,1.0,wesad_s2,combined,wesad
0,0.38263637,1.0,wesad_s2,combined,wesad
0,0.42968467,1.0,wesad_s2,combined,wesad
0,0.42817637,1.0,wesad_s2,combined,wesad
0,0.3601963,1.0,wesad_s2,combined,wesad
0,0.32289195,1.0,wesad_s2,combined,wesad
0,0.32437924,1.0,wesad_s2,combined,wesad
0,0.3212261,1.0,wesad_s2,combined,wesad
0,0.33444765,1.0,wesad_s2,combined,wesad
0,0.32791364,1.0,wesad_s2,combined,wesad
0,0.3283545,1.0,wesad_s2,combined,wesad
0,0.32737404,1.0,wesad_s2,combined,wesad
0,0.3079836,1.0,wesad_s2,combined,wesad
0,0.34882405,1.0,wesad_s2,combined,wesad
0,0.34689718,1.0,wesad_s2,combined,wesad
0,0.35648417,1.0,wesad_s2,combined,wesad
0,0.3678999,1.0,wesad_s2,combined,wesad
0,0.37430587,1.0,wesad_s2,combined,wesad
0,0.40757442,1.0,wesad_s2,combined,wesad
0,0.39850822,1.0,wesad_s2,combined,wesad
0,0.39755145,1.0,wesad_s2,combined,wesad
0,0.41830894,1.0,wesad_s2,combined,wesad
0,0.41998154,1.0,wesad_s2,combined,wesad
0,0.42720935,1.0,wesad_s2,combined,wesad
0,0.43096566,1.0,wesad_s2,combined,wesad
0,0.45793837,1.0,wesad_s2,combined,wesad
0,0.45143136,1.0,wesad_s2,combined,wesad
0,0.4178628,1.0,wesad_s2,combined,wesad
0,0.4100647,1.0,wesad_s2,combined,wesad
0,0.37793058,1.0,wesad_s2,combined,wesad
0,0.3569439,1.0,wesad_s2,combined,wesad
0,0.3561989,1.0,wesad_s2,combined,wesad
0,0.36648497,1.0,wesad_s2,combined,wesad
0,0.3661771,1.0,wesad_s2,combined,wesad
0,0.39590144,1.0,wesad_s2,combined,wesad
0,0.43672988,1.0,wesad_s2,combined,wesad
0,0.4389045,1.0,wesad_s2,combined,wesad
0,0.44342852,1.0,wesad_s2,combined,wesad
0,0.43695655,1.0,wesad_s2,combined,wesad
0,0.40315086,1.0,wesad_s2,combined,wesad
0,0.3841359,1.0,wesad_s2,combined,wesad
0,0.39138493,1.0,wesad_s2,combined,wesad
0,0.38521862,1.0,wesad_s2,combined,wesad
0,0.38639688,1.0,wesad_s2,combined,wesad
0,0.4074962,1.0,wesad_s2,combined,wesad
0,0.4031682,1.0,wesad_s2,combined,wesad
0,0.4233596,1.0,wesad_s2,combined,wesad
0,0.41145647,1.0,wesad_s2,combined,wesad
0,0.37631726,1.0,wesad_s2,combined,wesad
0,0.36689755,1.0,wesad_s2,combined,wesad
0,0.34463218,1.0,wesad_s2,combined,wesad
0,0.33881563,1.0,wesad_s2,combined,wesad
0,0.33690727,1.0,wesad_s2,combined,wesad
0,0.33761284,1.0,wesad_s2,combined,wesad
0,0.3501658,1.0,wesad_s2,combined,wesad
0,0.36913267,1.0,wesad_s2,combined,wesad
0,0.38136548,1.0,wesad_s2,combined,wesad
0,0.36577353,1.0,wesad_s2,combined,wesad
0,0.35864013,1.0,wesad_s2,combined,wesad
0,0.37695476,1.0,wesad_s2,combined,wesad
0,0.38326323,1.0,wesad_s2,combined,wesad
0,0.3775529,1.0,wesad_s2,combined,wesad
0,0.38340747,1.0,wesad_s2,combined,wesad
0,0.432324,1.0,wesad_s2,combined,wesad
0,0.45497704,1.0,wesad_s2,combined,wesad
0,0.44286522,1.0,wesad_s2,combined,wesad
0,0.4139138,1.0,wesad_s2,combined,wesad
0,0.4240465,1.0,wesad_s2,combined,wesad
0,0.41430417,1.0,wesad_s2,combined,wesad
0,0.36994994,1.0,wesad_s2,combined,wesad
0,0.34400666,1.0,wesad_s2,combined,wesad
0,0.352865,1.0,wesad_s2,combined,wesad
0,0.35679382,1.0,wesad_s2,combined,wesad
0,0.3394369,1.0,wesad_s2,combined,wesad
0,0.343884,1.0,wesad_s2,combined,wesad
0,0.38681474,1.0,wesad_s2,combined,wesad
0,0.39947334,1.0,wesad_s2,combined,wesad
0,0.4015028,1.0,wesad_s2,combined,wesad
0,0.42963418,1.0,wesad_s2,combined,wesad
0,0.43942568,1.0,wesad_s2,combined,wesad
0,0.42291352,1.0,wesad_s2,combined,wesad
0,0.40750146,1.0,wesad_s2,combined,wesad
0,0.3961763,1.0,wesad_s2,combined,wesad
0,0.41691816,1.0,wesad_s2,combined,wesad
0,0.4120279,1.0,wesad_s2,combined,wesad
0,0.41200677,1.0,wesad_s2,combined,wesad
0,0.41256306,1.0,wesad_s2,combined,wesad
0,0.41300046,1.0,wesad_s2,combined,wesad
0,0.44758746,1.0,wesad_s2,combined,wesad
0,0.4104323,1.0,wesad_s2,combined,wesad
0,0.35608554,1.0,wesad_s2,combined,wesad
0,0.34671706,1.0,wesad_s2,combined,wesad
0,0.33874378,1.0,wesad_s2,combined,wesad
0,0.3415722,1.0,wesad_s2,combined,wesad
0,0.31500837,1.0,wesad_s2,combined,wesad
0,0.3078436,1.0,wesad_s2,combined,wesad
0,0.31548005,1.0,wesad_s2,combined,wesad
0,0.31756464,1.0,wesad_s2,combined,wesad
0,0.3469782,1.0,wesad_s2,combined,wesad
0,0.37955654,1.0,wesad_s2,combined,wesad
0,0.38722163,1.0,wesad_s2,combined,wesad
0,0.38351873,1.0,wesad_s2,combined,wesad
0,0.36191702,1.0,wesad_s2,combined,wesad
0,0.3341891,1.0,wesad_s2,combined,wesad
0,0.35141402,1.0,wesad_s2,combined,wesad
0,0.37560728,1.0,wesad_s2,combined,wesad
0,0.3562152,1.0,wesad_s2,combined,wesad
0,0.36508527,1.0,wesad_s2,combined,wesad
0,0.36650255,1.0,wesad_s2,combined,wesad
0,0.37003207,1.0,wesad_s2,combined,wesad
0,0.39037544,1.0,wesad_s2,combined,wesad
0,0.41523677,1.0,wesad_s2,combined,wesad
0,0.41407564,1.0,wesad_s2,combined,wesad
0,0.4161326,1.0,wesad_s2,combined,wesad
0,0.42890048,1.0,wesad_s2,combined,wesad
0,0.39787045,1.0,wesad_s2,combined,wesad
0,0.36914954,1.0,wesad_s2,combined,wesad
0,0.37748727,1.0,wesad_s2,combined,wesad
0,0.37517467,1.0,wesad_s2,combined,wesad
0,0.35561335,1.0,wesad_s2,combined,wesad
0,0.3276072,1.0,wesad_s2,combined,wesad
0,0.2993069,1.0,wesad_s2,combined,wesad
0,0.31240165,1.0,wesad_s2,combined,wesad
0,0.29381084,1.0,wesad_s2,combined,wesad
0,0.2646958,1.0,wesad_s2,combined,wesad
0,0.3017713,1.0,wesad_s2,combined,wesad
0,0.28961205,1.0,wesad_s2,combined,wesad
0,0.25922593,1.0,wesad_s2,combined,wesad
0,0.27112964,1.0,wesad_s2,combined,wesad
0,0.28968605,1.0,wesad_s2,combined,wesad
0,0.29621026,1.0,wesad_s2,combined,wesad
0,0.27718115,1.0,wesad_s2,combined,wesad
0,0.29482964,1.0,wesad_s2,combined,wesad
0,0.30393597,1.0,wesad_s2,combined,wesad
0,0.30604032,1.0,wesad_s2,combined,wesad
0,0.31714848,1.0,wesad_s2,combined,wesad
0,0.31909528,1.0,wesad_s2,combined,wesad
0,0.3256789,1.0,wesad_s2,combined,wesad
0,0.3242447,1.0,wesad_s2,combined,wesad
0,0.32803234,1.0,wesad_s2,combined,wesad
0,0.31806803,1.0,wesad_s2,combined,wesad
0,0.31824878,1.0,wesad_s2,combined,wesad
0,0.3182822,1.0,wesad_s2,combined,wesad
0,0.3233683,1.0,wesad_s2,combined,wesad
0,0.33794716,1.0,wesad_s2,combined,wesad
0,0.34417242,1.0,wesad_s2,combined,wesad
0,0.34530902,1.0,wesad_s2,combined,wesad
0,0.34589732,1.0,wesad_s2,combined,wesad
0,0.3373102,1.0,wesad_s2,combined,wesad
0,0.37822276,1.0,wesad_s2,combined,wesad
0,0.42815396,1.0,wesad_s2,combined,wesad
0,0.43939206,1.0,wesad_s2,combined,wesad
0,0.4219123,1.0,wesad_s2,combined,wesad
0,0.43708348,1.0,wesad_s2,combined,wesad
0,0.47021216,1.0,wesad_s2,combined,wesad
0,0.48776072,1.0,wesad_s2,combined,wesad
0,0.44996202,1.0,wesad_s2,combined,wesad
0,0.40465626,1.0,wesad_s2,combined,wesad
0,0.40386632,1.0,wesad_s2,combined,wesad
0,0.38884357,1.0,wesad_s2,combined,wesad
0,0.39063033,1.0,wesad_s2,combined,wesad
0,0.3890833,1.0,wesad_s2,combined,wesad
0,0.37559965,1.0,wesad_s2,combined,wesad
0,0.40537992,1.0,wesad_s2,combined,wesad
0,0.4281361,1.0,wesad_s2,combined,wesad
0,0.43636844,1.0,wesad_s2,combined,wesad
0,0.4410552,1.0,wesad_s2,combined,wesad
0,0.47386912,1.0,wesad_s2,combined,wesad
0,0.4954049,1.0,wesad_s2,combined,wesad
0,0.4654765,1.0,wesad_s2,combined,wesad
0,0.44890925,1.0,wesad_s2,combined,wesad
0,0.45186344,1.0,wesad_s2,combined,wesad
0,0.45618492,1.0,wesad_s2,combined,wesad
0,0.4114834,1.0,wesad_s2,combined,wesad
0,0.3154753,1.0,wesad_s2,combined,wesad
0,0.43896914,1.0,wesad_s2,combined,wesad
0,0.5605586,1.0,wesad_s2,combined,wesad
0,0.57240766,1.0,wesad_s2,combined,wesad
0,0.5822287,1.0,wesad_s2,combined,wesad
0,0.54858804,1.0,wesad_s2,combined,wesad
0,0.47453037,1.0,wesad_s2,combined,wesad
0,0.41856626,1.0,wesad_s2,combined,wesad
0,0.40320903,1.0,wesad_s2,combined,wesad
0,0.34400383,1.0,wesad_s2,combined,wesad
0,0.33523256,1.0,wesad_s2,combined,wesad
0,0.28960106,1.0,wesad_s2,combined,wesad
0,0.27695683,1.0,wesad_s2,combined,wesad
0,0.2871447,1.0,wesad_s2,combined,wesad
0,0.29057622,1.0,wesad_s2,combined,wesad
0,0.300594,1.0,wesad_s2,combined,wesad
0,0.35664105,1.0,wesad_s2,combined,wesad
0,0.43940556,1.0,wesad_s2,combined,wesad
0,0.38883075,1.0,wesad_s2,combined,wesad
0,0.31900483,1.0,wesad_s2,combined,wesad
0,0.32556027,1.0,wesad_s2,combined,wesad
0,0.3269408,1.0,wesad_s2,combined,wesad
0,0.34151202,1.0,wesad_s2,combined,wesad
0,0.36983943,1.0,wesad_s2,combined,wesad
0,0.38698727,1.0,wesad_s2,combined,wesad
0,0.4047783,1.0,wesad_s2,combined,wesad
0,0.3906789,1.0,wesad_s2,combined,wesad
0,0.38779888,1.0,wesad_s2,combined,wesad
0,0.40636224,1.0,wesad_s2,combined,wesad
0,0.41807497,1.0,wesad_s2,combined,wesad
0,0.38220704,1.0,wesad_s2,combined,wesad
0,0.3682483,1.0,wesad_s2,combined,wesad
0,0.38687524,1.0,wesad_s2,combined,wesad
0,0.3814756,1.0,wesad_s2,combined,wesad
0,0.38175622,1.0,wesad_s2,combined,wesad
0,0.39276102,1.0,wesad_s2,combined,wesad
0,0.37049246,1.0,wesad_s2,combined,wesad
0,0.32691038,1.0,wesad_s2,combined,wesad
0,0.31804162,1.0,wesad_s2,combined,wesad
0,0.3210986,1.0,wesad_s2,combined,wesad
1,0.55932736,1.0,wesad_s2,combined,wesad
1,0.53777,1.0,wesad_s2,combined,wesad
1,0.5119692,1.0,wesad_s2,combined,wesad
1,0.5339178,1.0,wesad_s2,combined,wesad
1,0.5545967,1.0,wesad_s2,combined,wesad
1,0.55052274,1.0,wesad_s2,combined,wesad
1,0.5277742,1.0,wesad_s2,combined,wesad
1,0.51438445,1.0,wesad_s2,combined,wesad
1,0.53865284,1.0,wesad_s2,combined,wesad
1,0.5343664,1.0,wesad_s2,combined,wesad
1,0.54813796,1.0,wesad_s2,combined,wesad
1,0.5466032,1.0,wesad_s2,combined,wesad
1,0.55116445,1.0,wesad_s2,combined,wesad
1,0.5678774,1.0,wesad_s2,combined,wesad
1,0.58300054,1.0,wesad_s2,combined,wesad
1,0.5554557,1.0,wesad_s2,combined,wesad
1,0.50764406,1.0,wesad_s2,combined,wesad
1,0.47008246,1.0,wesad_s2,combined,wesad
1,0.45085913,1.0,wesad_s2,combined,wesad
1,0.42696512,1.0,wesad_s2,combined,wesad
1,0.4213236,1.0,wesad_s2,combined,wesad
1,0.44534883,1.0,wesad_s2,combined,wesad
1,0.49964947,1.0,wesad_s2,combined,wesad
1,0.5594411,1.0,wesad_s2,combined,wesad
1,0.58732444,1.0,wesad_s2,combined,wesad
1,0.5948781,1.0,wesad_s2,combined,wesad
1,0.5252275,1.0,wesad_s2,combined,wesad
1,0.5261049,1.0,wesad_s2,combined,wesad
1,0.5386281,1.0,wesad_s2,combined,wesad
1,0.50918436,1.0,wesad_s2,combined,wesad
1,0.45414358,1.0,wesad_s2,combined,wesad
1,0.46038473,1.0,wesad_s2,combined,wesad
1,0.50107443,1.0,wesad_s2,combined,wesad
1,0.52546084,1.0,wesad_s2,combined,wesad
1,0.5592168,1.0,wesad_s2,combined,wesad
1,0.6038732,1.0,wesad_s2,combined,wesad
1,0.63259286,1.0,wesad_s2,combined,wesad
1,0.54552907,1.0,wesad_s2,combined,wesad
1,0.46760383,1.0,wesad_s2,combined,wesad
1,0.5154893,1.0,wesad_s2,combined,wesad
1,0.5202316,1.0,wesad_s2,combined,wesad
1,0.5306261,1.0,wesad_s2,combined,wesad
1,0.5812781,1.0,wesad_s2,combined,wesad
1,0.66511756,1.0,wesad_s2,combined,wesad
1,0.68193847,1.0,wesad_s2,combined,wesad
1,0.610318,1.0,wesad_s2,combined,wesad
1,0.52459496,1.0,wesad_s2,combined,wesad
1,0.53105575,1.0,wesad_s2,combined,wesad
1,0.54572964,1.0,wesad_s2,combined,wesad
1,0.5512258,1.0,wesad_s2,combined,wesad
1,0.5376942,1.0,wesad_s2,combined,wesad
1,0.49820042,1.0,wesad_s2,combined,wesad
1,0.47250184,1.0,wesad_s2,combined,wesad
1,0.3866754,1.0,wesad_s2,combined,wesad
1,0.35972962,1.0,wesad_s2,combined,wesad
1,0.3543597,1.0,wesad_s2,combined,wesad
1,0.34958142,1.0,wesad_s2,combined,wesad
1,0.3861511,1.0,wesad_s2,combined,wesad
1,0.44157106,1.0,wesad_s2,combined,wesad
1,0.4533492,1.0,wesad_s2,combined,wesad
1,0.42873952,1.0,wesad_s2,combined,wesad
1,0.4178847,1.0,wesad_s2,combined,wesad
1,0.44600815,1.0,wesad_s2,combined,wesad
1,0.50521344,1.0,wesad_s2,combined,wesad
1,0.5540759,1.0,wesad_s2,combined,wesad
1,0.5646858,1.0,wesad_s2,combined,wesad
1,0.5623137,1.0,wesad_s2,combined,wesad
1,0.59107757,1.0,wesad_s2,combined,wesad
1,0.5749984,1.0,wesad_s2,combined,wesad
1,0.54223764,1.0,wesad_s2,combined,wesad
1,0.5344265,1.0,wesad_s2,combined,wesad
1,0.51136935,1.0,wesad_s2,combined,wesad
1,0.49709958,1.0,wesad_s2,combined,wesad
1,0.49174845,1.0,wesad_s2,combined,wesad
1,0.4788489,1.0,wesad_s2,combined,wesad
1,0.48511404,1.0,wesad_s2,combined,wesad
1,0.48329282,1.0,wesad_s2,combined,wesad
1,0.4625595,1.0,wesad_s2,combined,wesad
1,0.51951027,1.0,wesad_s2,combined,wesad
1,0.5313401,1.0,wesad_s2,combined,wesad
1,0.4731236,1.0,wesad_s2,combined,wesad
1,0.4543238,1.0,wesad_s2,combined,wesad
1,0.42352763,1.0,wesad_s2,combined,wesad
1,0.43206963,1.0,wesad_s2,combined,wesad
1,0.44297558,1.0,wesad_s2,combined,wesad
1,0.44233444,1.0,wesad_s2,combined,wesad
1,0.4491681,1.0,wesad_s2,combined,wesad
1,0.50500613,1.0,wesad_s2,combined,wesad
1,0.5488649,1.0,wesad_s2,combined,wesad
1,0.5496212,1.0,wesad_s2,combined,wesad
1,0.583583,1.0,wesad_s2,combined,wesad
1,0.5467987,1.0,wesad_s2,combined,wesad
1,0.46932328,1.0,wesad_s2,combined,wesad
1,0.48357722,1.0,wesad_s2,combined,wesad
1,0.48082334,1.0,wesad_s2,combined,wesad
1,0.49276465,1.0,wesad_s2,combined,wesad
1,0.5120647,1.0,wesad_s2,combined,wesad
1,0.49628496,1.0,wesad_s2,combined,wesad
1,0.46096152,1.0,wesad_s2,combined,wesad
1,0.48348767,1.0,wesad_s2,combined,wesad
1,0.52766,1.0,wesad_s2,combined,wesad
1,0.48802894,1.0,wesad_s2,combined,wesad
1,0.43624613,1.0,wesad_s2,combined,wesad
1,0.4595011,1.0,wesad_s2,combined,wesad
1,0.48339292,1.0,wesad_s2,combined,wesad
1,0.4755839,1.0,wesad_s2,combined,wesad
1,0.50091165,1.0,wesad_s2,combined,wesad
1,0.5332164,1.0,wesad_s2,combined,wesad
1,0.5341272,1.0,wesad_s2,combined,wesad
1,0.5076229,1.0,wesad_s2,combined,wesad
1,0.49867514,1.0,wesad_s2,combined,wesad
1,0.46730706,1.0,wesad_s2,combined,wesad
1,0.46575284,1.0,wesad_s2,combined,wesad
1,0.4821461,1.0,wesad_s2,combined,wesad
1,0.48152447,1.0,wesad_s2,combined,wesad
1,0.49748656,1.0,wesad_s2,combined,wesad
1,0.49853808,1.0,wesad_s2,combined,wesad
1,0.48842037,1.0,wesad_s2,combined,wesad
1,0.49158895,1.0,wesad_s2,combined,wesad
1,0.5108499,1.0,wesad_s2,combined,wesad
1,0.5329755,1.0,wesad_s2,combined,wesad
1,0.5485752,1.0,wesad_s2,combined,wesad
1,0.51269543,1.0,wesad_s2,combined,wesad
0,0.8235377,1.0,wesad_s10,combined,wesad
0,0.79067886,1.0,wesad_s10,combined,wesad
0,0.7823711,1.0,wesad_s10,combined,wesad
0,0.8161641,1.0,wesad_s10,combined,wesad
0,0.847365,1.0,wesad_s10,combined,wesad
0,0.8705157,1.0,wesad_s10,combined,wesad
0,0.8815277,1.0,wesad_s10,combined,wesad
0,0.8762734,1.0,wesad_s10,combined,wesad
0,0.8721235,1.0,wesad_s10,combined,wesad
0,0.8784806,1.0,wesad_s10,combined,wesad
0,0.88272184,1.0,wesad_s10,combined,wesad
0,0.89126194,1.0,wesad_s10,combined,wesad
0,0.89731497,1.0,wesad_s10,combined,wesad
0,0.9218961,1.0,wesad_s10,combined,wesad
0,0.9059646,1.0,wesad_s10,combined,wesad
0,0.8501317,1.0,wesad_s10,combined,wesad
0,0.87989074,1.0,wesad_s10,combined,wesad
0,0.89740115,1.0,wesad_s10,combined,wesad
0,0.8907088,1.0,wesad_s10,combined,wesad
0,0.87761074,1.0,wesad_s10,combined,wesad
0,0.8683985,1.0,wesad_s10,combined,wesad
0,0.87965745,1.0,wesad_s10,combined,wesad
0,0.8234432,1.0,wesad_s10,combined,wesad
0,0.79009116,1.0,wesad_s10,combined,wesad
0,0.80733955,1.0,wesad_s10,combined,wesad
0,0.7904134,1.0,wesad_s10,combined,wesad
0,0.7471591,1.0,wesad_s10,combined,wesad
0,0.75066525,1.0,wesad_s10,combined,wesad
0,0.81651354,1.0,wesad_s10,combined,wesad
0,0.844998,1.0,wesad_s10,combined,wesad
0,0.86738074,1.0,wesad_s10,combined,wesad
0,0.8795779,1.0,wesad_s10,combined,wesad
0,0.89741343,1.0,wesad_s10,combined,wesad
0,0.90526944,1.0,wesad_s10,combined,wesad
0,0.88540673,1.0,wesad_s10,combined,wesad
0,0.88407785,1.0,wesad_s10,combined,wesad
0,0.8750329,1.0,wesad_s10,combined,wesad
0,0.85507053,1.0,wesad_s10,combined,wesad
0,0.8823811,1.0,wesad_s10,combined,wesad
0,0.84148294,1.0,wesad_s10,combined,wesad
0,0.83288103,1.0,wesad_s10,combined,wesad
0,0.827948,1.0,wesad_s10,combined,wesad
0,0.80779356,1.0,wesad_s10,combined,wesad
0,0.8092693,1.0,wesad_s10,combined,wesad
0,0.82077014,1.0,wesad_s10,combined,wesad
0,0.8537509,1.0,wesad_s10,combined,wesad
0,0.8741098,1.0,wesad_s10,combined,wesad
0,0.90103954,1.0,wesad_s10,combined,wesad
0,0.9179782,1.0,wesad_s10,combined,wesad
0,0.86427695,1.0,wesad_s10,combined,wesad
0,0.81412303,1.0,wesad_s10,combined,wesad
0,0.8222402,1.0,wesad_s10,combined,wesad
0,0.82351774,1.0,wesad_s10,combined,wesad
0,0.80638444,1.0,wesad_s10,combined,wesad
0,0.8074589,1.0,wesad_s10,combined,wesad
0,0.8057326,1.0,wesad_s10,combined,wesad
0,0.8273593,1.0,wesad_s10,combined,wesad
0,0.8600872,1.0,wesad_s10,combined,wesad
0,0.8476221,1.0,wesad_s10,combined,wesad
0,0.849184,1.0,wesad_s10,combined,wesad
0,0.79806453,1.0,wesad_s10,combined,wesad
0,0.79556,1.0,wesad_s10,combined,wesad
0,0.79399574,1.0,wesad_s10,combined,wesad
0,0.79940885,1.0,wesad_s10,combined,wesad
0,0.7106849,1.0,wesad_s10,combined,wesad
0,0.64291626,1.0,wesad_s10,combined,wesad
0,0.70206726,1.0,wesad_s10,combined,wesad
0,0.69970614,1.0,wesad_s10,combined,wesad
0,0.75226283,1.0,wesad_s10,combined,wesad
0,0.77558106,1.0,wesad_s10,combined,wesad
0,0.77350205,1.0,wesad_s10,combined,wesad
0,0.79180443,1.0,wesad_s10,combined,wesad
0,0.8555859,1.0,wesad_s10,combined,wesad
0,0.87559295,1.0,wesad_s10,combined,wesad
0,0.8417502,1.0,wesad_s10,combined,wesad
0,0.80923957,1.0,wesad_s10,combined,wesad
0,0.81089526,1.0,wesad_s10,combined,wesad
0,0.82573295,1.0,wesad_s10,combined,wesad
0,0.82757616,1.0,wesad_s10,combined,wesad
0,0.8095475,1.0,wesad_s10,combined,wesad
0,0.7415177,1.0,wesad_s10,combined,wesad
0,0.811207,1.0,wesad_s10,combined,wesad
0,0.81702334,1.0,wesad_s10,combined,wesad
0,0.8091978,1.0,wesad_s10,combined,wesad
0,0.7931467,1.0,wesad_s10,combined,wesad
0,0.7962509,1.0,wesad_s10,combined,wesad
0,0.81638134,1.0,wesad_s10,combined,wesad
0,0.81709653,1.0,wesad_s10,combined,wesad
0,0.81941247,1.0,wesad_s10,combined,wesad
0,0.82194024,1.0,wesad_s10,combined,wesad
0,0.7978882,1.0,wesad_s10,combined,wesad
0,0.7037966,1.0,wesad_s10,combined,wesad
0,0.7696002,1.0,wesad_s10,combined,wesad
0,0.67280185,1.0,wesad_s10,combined,wesad
0,0.66366535,1.0,wesad_s10,combined,wesad
0,0.65151715,1.0,wesad_s10,combined,wesad
0,0.63587075,1.0,wesad_s10,combined,wesad
0,0.6848657,1.0,wesad_s10,combined,wesad
0,0.7099271,1.0,wesad_s10,combined,wesad
0,0.742006,1.0,wesad_s10,combined,wesad
0,0.78877354,1.0,wesad_s10,combined,wesad
0,0.8352646,1.0,wesad_s10,combined,wesad
0,0.6907148,1.0,wesad_s10,combined,wesad
0,0.8716044,1.0,wesad_s10,combined,wesad
0,0.84791404,1.0,wesad_s10,combined,wesad
0,0.7924316,1.0,wesad_s10,combined,wesad
0,0.7716498,1.0,wesad_s10,combined,wesad
0,0.77840817,1.0,wesad_s10,combined,wesad
0,0.77006036,1.0,wesad_s10,combined,wesad
0,0.7655697,1.0,wesad_s10,combined,wesad
0,0.8062452,1.0,wesad_s10,combined,wesad
0,0.8359724,1.0,wesad_s10,combined,wesad
0,0.82878184,1.0,wesad_s10,combined,wesad
0,0.6775523,1.0,wesad_s10,combined,wesad
0,0.8432111,1.0,wesad_s10,combined,wesad
0,0.8595934,1.0,wesad_s10,combined,wesad
0,0.85941577,1.0,wesad_s10,combined,wesad
0,0.86979914,1.0,wesad_s10,combined,wesad
0,0.8730228,1.0,wesad_s10,combined,wesad
0,0.87377584,1.0,wesad_s10,combined,wesad
0,0.8712633,1.0,wesad_s10,combined,wesad
0,0.86654466,1.0,wesad_s10,combined,wesad
0,0.88174725,1.0,wesad_s10,combined,wesad
0,0.89965236,1.0,wesad_s10,combined,wesad
0,0.65701795,1.0,wesad_s10,combined,wesad
0,0.90393597,1.0,wesad_s10,combined,wesad
0,0.9010485,1.0,wesad_s10,combined,wesad
0,0.8991651,1.0,wesad_s10,combined,wesad
0,0.8837935,1.0,wesad_s10,combined,wesad
0,0.8646379,1.0,wesad_s10,combined,wesad
0,0.8716743,1.0,wesad_s10,combined,wesad
0,0.8836959,1.0,wesad_s10,combined,wesad
0,0.868801,1.0,wesad_s10,combined,wesad
0,0.8575748,1.0,wesad_s10,combined,wesad
0,0.8487383,1.0,wesad_s10,combined,wesad
0,0.6647715,1.0,wesad_s10,combined,wesad
0,0.8543075,1.0,wesad_s10,combined,wesad
0,0.85849595,1.0,wesad_s10,combined,wesad
0,0.83968383,1.0,wesad_s10,combined,wesad
0,0.8427581,1.0,wesad_s10,combined,wesad
0,0.7256714,1.0,wesad_s10,combined,wesad
0,0.6550725,1.0,wesad_s10,combined,wesad
0,0.69799566,1.0,wesad_s10,combined,wesad
0,0.691934,1.0,wesad_s10,combined,wesad
0,0.65730053,1.0,wesad_s10,combined,wesad
0,0.6686083,1.0,wesad_s10,combined,wesad
0,0.7243772,1.0,wesad_s10,combined,wesad
0,0.76461875,1.0,wesad_s10,combined,wesad
0,0.81365556,1.0,wesad_s10,combined,wesad
0,0.8290009,1.0,wesad_s10,combined,wesad
0,0.8403935,1.0,wesad_s10,combined,wesad
0,0.8590843,1.0,wesad_s10,combined,wesad
0,0.8590343,1.0,wesad_s10,combined,wesad
0,0.8447717,1.0,wesad_s10,combined,wesad
0,0.85371596,1.0,wesad_s10,combined,wesad
0,0.8577974,1.0,wesad_s10,combined,wesad
0,0.8526449,1.0,wesad_s10,combined,wesad
0,0.74313796,1.0,wesad_s10,combined,wesad
0,0.85067767,1.0,wesad_s10,combined,wesad
0,0.8495283,1.0,wesad_s10,combined,wesad
0,0.86682117,1.0,wesad_s10,combined,wesad
0,0.8598529,1.0,wesad_s10,combined,wesad
0,0.7724541,1.0,wesad_s10,combined,wesad
0,0.81523275,1.0,wesad_s10,combined,wesad
0,0.8258238,1.0,wesad_s10,combined,wesad
0,0.8556823,1.0,wesad_s10,combined,wesad
0,0.8875692,1.0,wesad_s10,combined,wesad
0,0.8791362,1.0,wesad_s10,combined,wesad
0,0.8548956,1.0,wesad_s10,combined,wesad
0,0.8496042,1.0,wesad_s10,combined,wesad
0,0.8424074,1.0,wesad_s10,combined,wesad
0,0.8383909,1.0,wesad_s10,combined,wesad
0,0.8443781,1.0,wesad_s10,combined,wesad
0,0.84971446,1.0,wesad_s10,combined,wesad
0,0.8717704,1.0,wesad_s10,combined,wesad
0,0.8795971,1.0,wesad_s10,combined,wesad
0,0.8720769,1.0,wesad_s10,combined,wesad
0,0.87793434,1.0,wesad_s10,combined,wesad
0,0.8843074,1.0,wesad_s10,combined,wesad
0,0.8854734,1.0,wesad_s10,combined,wesad
0,0.8912781,1.0,wesad_s10,combined,wesad
0,0.88716507,1.0,wesad_s10,combined,wesad
0,0.8595893,1.0,wesad_s10,combined,wesad
0,0.86729157,1.0,wesad_s10,combined,wesad
0,0.8679435,1.0,wesad_s10,combined,wesad
0,0.8749873,1.0,wesad_s10,combined,wesad
0,0.889546,1.0,wesad_s10,combined,wesad
0,0.88663554,1.0,wesad_s10,combined,wesad
0,0.8887509,1.0,wesad_s10,combined,wesad
0,0.89531344,1.0,wesad_s10,combined,wesad
0,0.87023723,1.0,wesad_s10,combined,wesad
0,0.7898931,1.0,wesad_s10,combined,wesad
0,0.80516994,1.0,wesad_s10,combined,wesad
0,0.7007145,1.0,wesad_s10,combined,wesad
0,0.62527907,1.0,wesad_s10,combined,wesad
0,0.6977109,1.0,wesad_s10,combined,wesad
0,0.6745833,1.0,wesad_s10,combined,wesad
0,0.67790145,1.0,wesad_s10,combined,wesad
0,0.71203,1.0,wesad_s10,combined,wesad
0,0.78009194,1.0,wesad_s10,combined,wesad
0,0.8154343,1.0,wesad_s10,combined,wesad
0,0.8316848,1.0,wesad_s10,combined,wesad
0,0.84513885,1.0,wesad_s10,combined,wesad
0,0.8573204,1.0,wesad_s10,combined,wesad
0,0.8324466,1.0,wesad_s10,combined,wesad
0,0.800827,1.0,wesad_s10,combined,wesad
0,0.8423898,1.0,wesad_s10,combined,wesad
0,0.8607253,1.0,wesad_s10,combined,wesad
0,0.86156344,1.0,wesad_s10,combined,wesad
0,0.8537397,1.0,wesad_s10,combined,wesad
0,0.865071,1.0,wesad_s10,combined,wesad
0,0.8750875,1.0,wesad_s10,combined,wesad
0,0.8846557,1.0,wesad_s10,combined,wesad
0,0.8814144,1.0,wesad_s10,combined,wesad
0,0.8820822,1.0,wesad_s10,combined,wesad
0,0.8950465,1.0,wesad_s10,combined,wesad
0,0.89709306,1.0,wesad_s10,combined,wesad
0,0.90560544,1.0,wesad_s10,combined,wesad
0,0.89761114,1.0,wesad_s10,combined,wesad
0,0.88079554,1.0,wesad_s10,combined,wesad
0,0.8860136,1.0,wesad_s10,combined,wesad
0,0.89609116,1.0,wesad_s10,combined,wesad
0,0.89755005,1.0,wesad_s10,combined,wesad
0,0.90011835,1.0,wesad_s10,combined,wesad
0,0.90156406,1.0,wesad_s10,combined,wesad
0,0.9051829,1.0,wesad_s10,combined,wesad
0,0.9035027,1.0,wesad_s10,combined,wesad
0,0.9004379,1.0,wesad_s10,combined,wesad
0,0.8940911,1.0,wesad_s10,combined,wesad
0,0.89677006,1.0,wesad_s10,combined,wesad
0,0.9037144,1.0,wesad_s10,combined,wesad
0,0.9199668,1.0,wesad_s10,combined,wesad
0,0.9204724,1.0,wesad_s10,combined,wesad
0,0.9121049,1.0,wesad_s10,combined,wesad
0,0.87966263,1.0,wesad_s10,combined,wesad
0,0.8458567,1.0,wesad_s10,combined,wesad
1,0.95518166,1.0,wesad_s10,combined,wesad
1,0.9582115,1.0,wesad_s10,combined,wesad
1,0.9587434,1.0,wesad_s10,combined,wesad
1,0.96075296,1.0,wesad_s10,combined,wesad
1,0.9495979,1.0,wesad_s10,combined,wesad
1,0.94242936,1.0,wesad_s10,combined,wesad
1,0.9530462,1.0,wesad_s10,combined,wesad
1,0.9405758,1.0,wesad_s10,combined,wesad
1,0.92682254,1.0,wesad_s10,combined,wesad
1,0.94218487,1.0,wesad_s10,combined,wesad
1,0.93694246,1.0,wesad_s10,combined,wesad
1,0.9316924,1.0,wesad_s10,combined,wesad
1,0.9403081,1.0,wesad_s10,combined,wesad
1,0.93566036,1.0,wesad_s10,combined,wesad
1,0.934788,1.0,wesad_s10,combined,wesad
1,0.86225677,1.0,wesad_s10,combined,wesad
1,0.8335125,1.0,wesad_s10,combined,wesad
1,0.90006995,1.0,wesad_s10,combined,wesad
1,0.8950248,1.0,wesad_s10,combined,wesad
1,0.8700388,1.0,wesad_s10,combined,wesad
1,0.8559903,1.0,wesad_s10,combined,wesad
1,0.8874822,1.0,wesad_s10,combined,wesad
1,0.9151347,1.0,wesad_s10,combined,wesad
1,0.8986851,1.0,wesad_s10,combined,wesad
1,0.8884558,1.0,wesad_s10,combined,wesad
1,0.90763354,1.0,wesad_s10,combined,wesad
1,0.9100066,1.0,wesad_s10,combined,wesad
1,0.9066749,1.0,wesad_s10,combined,wesad
1,0.9035577,1.0,wesad_s10,combined,wesad
1,0.89793843,1.0,wesad_s10,combined,wesad
1,0.9015658,1.0,wesad_s10,combined,wesad
1,0.90894294,1.0,wesad_s10,combined,wesad
1,0.912785,1.0,wesad_s10,combined,wesad
1,0.91759485,1.0,wesad_s10,combined,wesad
1,0.9224359,1.0,wesad_s10,combined,wesad
1,0.9201983,1.0,wesad_s10,combined,wesad
1,0.91252005,1.0,wesad_s10,combined,wesad
1,0.8790639,1.0,wesad_s10,combined,wesad
1,0.86933196,1.0,wesad_s10,combined,wesad
1,0.76746094,1.0,wesad_s10,combined,wesad
1,0.6845592,1.0,wesad_s10,combined,wesad
1,0.73382,1.0,wesad_s10,combined,wesad
1,0.7523183,1.0,wesad_s10,combined,wesad
1,0.7899678,1.0,wesad_s10,combined,wesad
1,0.78425294,1.0,wesad_s10,combined,wesad
1,0.7538855,1.0,wesad_s10,combined,wesad
1,0.7368154,1.0,wesad_s10,combined,wesad
1,0.837655,1.0,wesad_s10,combined,wesad
1,0.9014312,1.0,wesad_s10,combined,wesad
1,0.8940657,1.0,wesad_s10,combined,wesad
1,0.88471013,1.0,wesad_s10,combined,wesad
1,0.8971657,1.0,wesad_s10,combined,wesad
1,0.9084942,1.0,wesad_s10,combined,wesad
1,0.89679384,1.0,wesad_s10,combined,wesad
1,0.89494026,1.0,wesad_s10,combined,wesad
1,0.917954,1.0,wesad_s10,combined,wesad
1,0.8718284,1.0,wesad_s10,combined,wesad
1,0.77659726,1.0,wesad_s10,combined,wesad
1,0.7464553,1.0,wesad_s10,combined,wesad
1,0.69862556,1.0,wesad_s10,combined,wesad
1,0.6413068,1.0,wesad_s10,combined,wesad
1,0.60660815,1.0,wesad_s10,combined,wesad
1,0.6888177,1.0,wesad_s10,combined,wesad
1,0.75763494,1.0,wesad_s10,combined,wesad
1,0.6998383,1.0,wesad_s10,combined,wesad
1,0.73206586,1.0,wesad_s10,combined,wesad
1,0.80619043,1.0,wesad_s10,combined,wesad
1,0.83445835,1.0,wesad_s10,combined,wesad
1,0.8524354,1.0,wesad_s10,combined,wesad
1,0.7965838,1.0,wesad_s10,combined,wesad
1,0.7710488,1.0,wesad_s10,combined,wesad
1,0.7572574,1.0,wesad_s10,combined,wesad
1,0.80389374,1.0,wesad_s10,combined,wesad
1,0.7500959,1.0,wesad_s10,combined,wesad
1,0.74695486,1.0,wesad_s10,combined,wesad
1,0.75229394,1.0,wesad_s10,combined,wesad
1,0.66217244,1.0,wesad_s10,combined,wesad
1,0.7338178,1.0,wesad_s10,combined,wesad
1,0.79668814,1.0,wesad_s10,combined,wesad
1,0.87635195,1.0,wesad_s10,combined,wesad
1,0.90121305,1.0,wesad_s10,combined,wesad
1,0.8835693,1.0,wesad_s10,combined,wesad
1,0.88181955,1.0,wesad_s10,combined,wesad
1,0.90402216,1.0,wesad_s10,combined,wesad
1,0.91991216,1.0,wesad_s10,combined,wesad
1,0.89940244,1.0,wesad_s10,combined,wesad
1,0.91947633,1.0,wesad_s10,combined,wesad
1,0.93010247,1.0,wesad_s10,combined,wesad
1,0.9307393,1.0,wesad_s10,combined,wesad
1,0.8809889,1.0,wesad_s10,combined,wesad
1,0.7932645,1.0,wesad_s10,combined,wesad
1,0.8627239,1.0,wesad_s10,combined,wesad
1,0.86874825,1.0,wesad_s10,combined,wesad
1,0.7971371,1.0,wesad_s10,combined,wesad
1,0.6917191,1.0,wesad_s10,combined,wesad
1,0.71590644,1.0,wesad_s10,combined,wesad
1,0.80575883,1.0,wesad_s10,combined,wesad
1,0.7872618,1.0,wesad_s10,combined,wesad
1,0.81624436,1.0,wesad_s10,combined,wesad
1,0.87714493,1.0,wesad_s10,combined,wesad
1,0.8692547,1.0,wesad_s10,combined,wesad
1,0.8524979,1.0,wesad_s10,combined,wesad
1,0.88286567,1.0,wesad_s10,combined,wesad
1,0.83112466,1.0,wesad_s10,combined,wesad
1,0.79253584,1.0,wesad_s10,combined,wesad
1,0.8349643,1.0,wesad_s10,combined,wesad
1,0.83331543,1.0,wesad_s10,combined,wesad
1,0.84430337,1.0,wesad_s10,combined,wesad
1,0.888767,1.0,wesad_s10,combined,wesad
1,0.889489,1.0,wesad_s10,combined,wesad
1,0.9037527,1.0,wesad_s10,combined,wesad
1,0.8621931,1.0,wesad_s10,combined,wesad
1,0.5782673,1.0,wesad_s10,combined,wesad
1,0.5808949,1.0,wesad_s10,combined,wesad
1,0.69649446,1.0,wesad_s10,combined,wesad
1,0.6561041,1.0,wesad_s10,combined,wesad
1,0.6210212,1.0,wesad_s10,combined,wesad
1,0.7029974,1.0,wesad_s10,combined,wesad
1,0.705854,1.0,wesad_s10,combined,wesad
1,0.6051955,1.0,wesad_s10,combined,wesad
1,0.5187072,1.0,wesad_s10,combined,wesad
1,0.4461252,1.0,wesad_s10,combined,wesad
1,0.48991677,1.0,wesad_s10,combined,wesad
1,0.56258965,1.0,wesad_s10,combined,wesad
1,0.57548916,1.0,wesad_s10,combined,wesad
1,0.5877077,1.0,wesad_s10,combined,wesad
1,0.7227938,1.0,wesad_s10,combined,wesad
1,0.8523609,1.0,wesad_s10,combined,wesad
1,0.86585677,1.0,wesad_s10,combined,wesad
1,0.8764943,1.0,wesad_s10,combined,wesad
1,0.88704115,1.0,wesad_s10,combined,wesad
1,0.8988829,1.0,wesad_s10,combined,wesad
1,0.91106486,1.0,wesad_s10,combined,wesad
1,0.9221535,1.0,wesad_s10,combined,wesad
1,0.9265553,1.0,wesad_s10,combined,wesad
1,0.89630556,1.0,wesad_s10,combined,wesad
1,0.7798076,1.0,wesad_s10,combined,wesad
1,0.7048401,1.0,wesad_s10,combined,wesad
1,0.71347237,1.0,wesad_s10,combined,wesad
1,0.6851278,1.0,wesad_s10,combined,wesad
1,0.6726839,1.0,wesad_s10,combined,wesad
1,0.65390587,1.0,wesad_s10,combined,wesad
1,0.4759072,1.0,wesad_s10,combined,wesad
1,0.50076157,1.0,wesad_s10,combined,wesad
1,0.59549606,1.0,wesad_s10,combined,wesad
0,0.59114385,1.0,wesad_s13,combined,wesad
0,0.5382601,1.0,wesad_s13,combined,wesad
0,0.5039181,1.0,wesad_s13,combined,wesad
0,0.5491707,1.0,wesad_s13,combined,wesad
0,0.63001126,1.0,wesad_s13,combined,wesad
0,0.66979843,1.0,wesad_s13,combined,wesad
0,0.61199284,1.0,wesad_s13,combined,wesad
0,0.54055476,1.0,wesad_s13,combined,wesad
0,0.5254363,1.0,wesad_s13,combined,wesad
0,0.50606203,1.0,wesad_s13,combined,wesad
0,0.5283732,1.0,wesad_s13,combined,wesad
0,0.556439,1.0,wesad_s13,combined,wesad
0,0.5289428,1.0,wesad_s13,combined,wesad
0,0.4458233,1.0,wesad_s13,combined,wesad
0,0.40790507,1.0,wesad_s13,combined,wesad
0,0.36901513,1.0,wesad_s13,combined,wesad
0,0.44286653,1.0,wesad_s13,combined,wesad
0,0.46971518,1.0,wesad_s13,combined,wesad
0,0.3332089,1.0,wesad_s13,combined,wesad
0,0.41494069,1.0,wesad_s13,combined,wesad
0,0.5169417,1.0,wesad_s13,combined,wesad
0,0.5679535,1.0,wesad_s13,combined,wesad
0,0.5394,1.0,wesad_s13,combined,wesad
0,0.4423192,1.0,wesad_s13,combined,wesad
0,0.4866265,1.0,wesad_s13,combined,wesad
0,0.49338,1.0,wesad_s13,combined,wesad
0,0.5026513,1.0,wesad_s13,combined,wesad
0,0.5394342,1.0,wesad_s13,combined,wesad
0,0.5827652,1.0,wesad_s13,combined,wesad
0,0.55016744,1.0,wesad_s13,combined,wesad
0,0.4072979,1.0,wesad_s13,combined,wesad
0,0.3978441,1.0,wesad_s13,combined,wesad
0,0.3973956,1.0,wesad_s13,combined,wesad
0,0.45258784,1.0,wesad_s13,combined,wesad
0,0.45002046,1.0,wesad_s13,combined,wesad
0,0.42731124,1.0,wesad_s13,combined,wesad
0,0.44802618,1.0,wesad_s13,combined,wesad
0,0.4722391,1.0,wesad_s13,combined,wesad
0,0.45214367,1.0,wesad_s13,combined,wesad
0,0.48267758,1.0,wesad_s13,combined,wesad
0,0.4521441,1.0,wesad_s13,combined,wesad
0,0.4400968,1.0,wesad_s13,combined,wesad
0,0.52976,1.0,wesad_s13,combined,wesad
0,0.5544566,1.0,wesad_s13,combined,wesad
0,0.49687922,1.0,wesad_s13,combined,wesad
0,0.5187739,1.0,wesad_s13,combined,wesad
0,0.5215073,1.0,wesad_s13,combined,wesad
0,0.54268265,1.0,wesad_s13,combined,wesad
0,0.6335487,1.0,wesad_s13,combined,wesad
0,0.59114146,1.0,wesad_s13,combined,wesad
0,0.5492302,1.0,wesad_s13,combined,wesad
0,0.6564079,1.0,wesad_s13,combined,wesad
0,0.7926385,1.0,wesad_s13,combined,wesad
0,0.6858021,1.0,wesad_s13,combined,wesad
0,0.5620812,1.0,wesad_s13,combined,wesad
0,0.6294934,1.0,wesad_s13,combined,wesad
0,0.5539424,1.0,wesad_s13,combined,wesad
0,0.45853195,1.0,wesad_s13,combined,wesad
0,0.47042722,1.0,wesad_s13,combined,wesad
0,0.52834696,1.0,wesad_s13,combined,wesad
0,0.56081665,1.0,wesad_s13,combined,wesad
0,0.56155825,1.0,wesad_s13,combined,wesad
0,0.60901153,1.0,wesad_s13,combined,wesad
0,0.60094863,1.0,wesad_s13,combined,wesad
0,0.5597954,1.0,wesad_s13,combined,wesad
0,0.6164331,1.0,wesad_s13,combined,wesad
0,0.52846265,1.0,wesad_s13,combined,wesad
0,0.31983697,1.0,wesad_s13,combined,wesad
0,0.36906457,1.0,wesad_s13,combined,wesad
0,0.4433076,1.0,wesad_s13,combined,wesad
0,0.37825027,1.0,wesad_s13,combined,wesad
0,0.5415553,1.0,wesad_s13,combined,wesad
0,0.6127263,1.0,wesad_s13,combined,wesad
0,0.5923348,1.0,wesad_s13,combined,wesad
0,0.5614923,1.0,wesad_s13,combined,wesad
0,0.5138824,1.0,wesad_s13,combined,wesad
0,0.55717283,1.0,wesad_s13,combined,wesad
0,0.5634941,1.0,wesad_s13,combined,wesad
0,0.5606423,1.0,wesad_s13,combined,wesad
0,0.56435025,1.0,wesad_s13,combined,wesad
0,0.5806002,1.0,wesad_s13,combined,wesad
0,0.46403092,1.0,wesad_s13,combined,wesad
0,0.5851378,1.0,wesad_s13,combined,wesad
0,0.55643094,1.0,wesad_s13,combined,wesad
0,0.53767896,1.0,wesad_s13,combined,wesad
0,0.46520078,1.0,wesad_s13,combined,wesad
0,0.4466357,1.0,wesad_s13,combined,wesad
0,0.48365358,1.0,wesad_s13,combined,wesad
0,0.45306858,1.0,wesad_s13,combined,wesad
0,0.4549477,1.0,wesad_s13,combined,wesad
0,0.49812272,1.0,wesad_s13,combined,wesad
0,0.5753275,1.0,wesad_s13,combined,wesad
0,0.5876892,1.0,wesad_s13,combined,wesad
0,0.61542803,1.0,wesad_s13,combined,wesad
0,0.65067476,1.0,wesad_s13,combined,wesad
0,0.6330197,1.0,wesad_s13,combined,wesad
0,0.5461285,1.0,wesad_s13,combined,wesad
0,0.52406365,1.0,wesad_s13,combined,wesad
0,0.40459847,1.0,wesad_s13,combined,wesad
0,0.29704934,1.0,wesad_s13,combined,wesad
0,0.36113542,1.0,wesad_s13,combined,wesad
0,0.349639,1.0,wesad_s13,combined,wesad
0,0.41044912,1.0,wesad_s13,combined,wesad
0,0.7093254,1.0,wesad_s13,combined,wesad
0,0.5186045,1.0,wesad_s13,combined,wesad
0,0.63755065,1.0,wesad_s13,combined,wesad
0,0.7158485,1.0,wesad_s13,combined,wesad
0,0.70525455,1.0,wesad_s13,combined,wesad
0,0.5606694,1.0,wesad_s13,combined,wesad
0,0.44386455,1.0,wesad_s13,combined,wesad
0,0.4605371,1.0,wesad_s13,combined,wesad
0,0.52358776,1.0,wesad_s13,combined,wesad
0,0.50258964,1.0,wesad_s13,combined,wesad
0,0.38586447,1.0,wesad_s13,combined,wesad
0,0.63163084,1.0,wesad_s13,combined,wesad
0,0.4466325,1.0,wesad_s13,combined,wesad
0,0.53418434,1.0,wesad_s13,combined,wesad
0,0.5150337,1.0,wesad_s13,combined,wesad
0,0.56393015,1.0,wesad_s13,combined,wesad
0,0.5729485,1.0,wesad_s13,combined,wesad
0,0.57325774,1.0,wesad_s13,combined,wesad
0,0.61999214,1.0,wesad_s13,combined,wesad
0,0.68694115,1.0,wesad_s13,combined,wesad
0,0.65877163,1.0,wesad_s13,combined,wesad
0,0.5862802,1.0,wesad_s13,combined,wesad
0,0.4636054,1.0,wesad_s13,combined,wesad
0,0.5568836,1.0,wesad_s13,combined,wesad
0,0.5950526,1.0,wesad_s13,combined,wesad
0,0.66729444,1.0,wesad_s13,combined,wesad
0,0.55226797,1.0,wesad_s13,combined,wesad
0,0.43203056,1.0,wesad_s13,combined,wesad
0,0.34112996,1.0,wesad_s13,combined,wesad
0,0.37178633,1.0,wesad_s13,combined,wesad
0,0.39775988,1.0,wesad_s13,combined,wesad
0,0.42646956,1.0,wesad_s13,combined,wesad
0,0.52147055,1.0,wesad_s13,combined,wesad
0,0.41236818,1.0,wesad_s13,combined,wesad
0,0.5752515,1.0,wesad_s13,combined,wesad
0,0.523633,1.0,wesad_s13,combined,wesad
0,0.5383921,1.0,wesad_s13,combined,wesad
0,0.6244097,1.0,wesad_s13,combined,wesad
0,0.6910162,1.0,wesad_s13,combined,wesad
0,0.6298603,1.0,wesad_s13,combined,wesad
0,0.5569394,1.0,wesad_s13,combined,wesad
0,0.61219245,1.0,wesad_s13,combined,wesad
0,0.559364,1.0,wesad_s13,combined,wesad
0,0.54712445,1.0,wesad_s13,combined,wesad
0,0.3641357,1.0,wesad_s13,combined,wesad
0,0.5515943,1.0,wesad_s13,combined,wesad
0,0.49688813,1.0,wesad_s13,combined,wesad
0,0.5437951,1.0,wesad_s13,combined,wesad
0,0.53441954,1.0,wesad_s13,combined,wesad
0,0.50289106,1.0,wesad_s13,combined,wesad
0,0.47924963,1.0,wesad_s13,combined,wesad
0,0.42380607,1.0,wesad_s13,combined,wesad
0,0.5169295,1.0,wesad_s13,combined,wesad
0,0.50268763,1.0,wesad_s13,combined,wesad
0,0.47894368,1.0,wesad_s13,combined,wesad
0,0.31075853,1.0,wesad_s13,combined,wesad
0,0.4625181,1.0,wesad_s13,combined,wesad
0,0.465733,1.0,wesad_s13,combined,wesad
0,0.49899316,1.0,wesad_s13,combined,wesad
0,0.32220194,1.0,wesad_s13,combined,wesad
0,0.39564472,1.0,wesad_s13,combined,wesad
0,0.5119541,1.0,wesad_s13,combined,wesad
0,0.5632524,1.0,wesad_s13,combined,wesad
0,0.5437664,1.0,wesad_s13,combined,wesad
0,0.51878905,1.0,wesad_s13,combined,wesad
0,0.44074064,1.0,wesad_s13,combined,wesad
0,0.44275615,1.0,wesad_s13,combined,wesad
0,0.40270412,1.0,wesad_s13,combined,wesad
0,0.34657133,1.0,wesad_s13,combined,wesad
0,0.33744088,1.0,wesad_s13,combined,wesad
0,0.43344337,1.0,wesad_s13,combined,wesad
0,0.4246779,1.0,wesad_s13,combined,wesad
0,0.3518462,1.0,wesad_s13,combined,wesad
0,0.32971215,1.0,wesad_s13,combined,wesad
0,0.3760824,1.0,wesad_s13,combined,wesad
0,0.4630297,1.0,wesad_s13,combined,wesad
0,0.5117406,1.0,wesad_s13,combined,wesad
0,0.5431951,1.0,wesad_s13,combined,wesad
0,0.5955517,1.0,wesad_s13,combined,wesad
0,0.59208345,1.0,wesad_s13,combined,wesad
0,0.55241936,1.0,wesad_s13,combined,wesad
0,0.5186489,1.0,wesad_s13,combined,wesad
0,0.47137314,1.0,wesad_s13,combined,wesad
0,0.4637751,1.0,wesad_s13,combined,wesad
0,0.46281633,1.0,wesad_s13,combined,wesad
0,0.446097,1.0,wesad_s13,combined,wesad
0,0.49459946,1.0,wesad_s13,combined,wesad
0,0.5334524,1.0,wesad_s13,combined,wesad
0,0.6151951,1.0,wesad_s13,combined,wesad
0,0.7246662,1.0,wesad_s13,combined,wesad
0,0.72824585,1.0,wesad_s13,combined,wesad
0,0.64198995,1.0,wesad_s13,combined,wesad
0,0.552456,1.0,wesad_s13,combined,wesad
0,0.5109622,1.0,wesad_s13,combined,wesad
0,0.47593963,1.0,wesad_s13,combined,wesad
0,0.4574529,1.0,wesad_s13,combined,wesad
0,0.46454793,1.0,wesad_s13,combined,wesad
0,0.55502135,1.0,wesad_s13,combined,wesad
0,0.59362966,1.0,wesad_s13,combined,wesad
0,0.56268233,1.0,wesad_s13,combined,wesad
0,0.49052727,1.0,wesad_s13,combined,wesad
0,0.36919054,1.0,wesad_s13,combined,wesad
0,0.4049135,1.0,wesad_s13,combined,wesad
0,0.43351033,1.0,wesad_s13,combined,wesad
0,0.41129184,1.0,wesad_s13,combined,wesad
0,0.42127642,1.0,wesad_s13,combined,wesad
0,0.4979872,1.0,wesad_s13,combined,wesad
0,0.550208,1.0,wesad_s13,combined,wesad
0,0.57648534,1.0,wesad_s13,combined,wesad
0,0.5924521,1.0,wesad_s13,combined,wesad
0,0.5255643,1.0,wesad_s13,combined,wesad
0,0.4813046,1.0,wesad_s13,combined,wesad
0,0.5060015,1.0,wesad_s13,combined,wesad
0,0.49348384,1.0,wesad_s13,combined,wesad
0,0.56035346,1.0,wesad_s13,combined,wesad
0,0.5910403,1.0,wesad_s13,combined,wesad
0,0.57402724,1.0,wesad_s13,combined,wesad
0,0.60502476,1.0,wesad_s13,combined,wesad
0,0.6059169,1.0,wesad_s13,combined,wesad
0,0.61484724,1.0,wesad_s13,combined,wesad
0,0.637244,1.0,wesad_s13,combined,wesad
0,0.6275247,1.0,wesad_s13,combined,wesad
0,0.602775,1.0,wesad_s13,combined,wesad
0,0.56712776,1.0,wesad_s13,combined,wesad
0,0.5676502,1.0,wesad_s13,combined,wesad
0,0.613235,1.0,wesad_s13,combined,wesad
0,0.66830814,1.0,wesad_s13,combined,wesad
0,0.65062124,1.0,wesad_s13,combined,wesad
0,0.6532703,1.0,wesad_s13,combined,wesad
0,0.72186977,1.0,wesad_s13,combined,wesad
0,0.71540755,1.0,wesad_s13,combined,wesad
0,0.691521,1.0,wesad_s13,combined,wesad
0,0.6322974,1.0,wesad_s13,combined,wesad
1,0.9238651,1.0,wesad_s13,combined,wesad
1,0.89886963,1.0,wesad_s13,combined,wesad
1,0.8100428,1.0,wesad_s13,combined,wesad
1,0.82481146,1.0,wesad_s13,combined,wesad
1,0.9080577,1.0,wesad_s13,combined,wesad
1,0.9093197,1.0,wesad_s13,combined,wesad
1,0.9164818,1.0,wesad_s13,combined,wesad
1,0.93460387,1.0,wesad_s13,combined,wesad
1,0.93374985,1.0,wesad_s13,combined,wesad
1,0.9235067,1.0,wesad_s13,combined,wesad
1,0.9463677,1.0,wesad_s13,combined,wesad
1,0.9568978,1.0,wesad_s13,combined,wesad
1,0.95550656,1.0,wesad_s13,combined,wesad
1,0.8864438,1.0,wesad_s13,combined,wesad
1,0.8265651,1.0,wesad_s13,combined,wesad
1,0.9252647,1.0,wesad_s13,combined,wesad
1,0.9319203,1.0,wesad_s13,combined,wesad
1,0.89789313,1.0,wesad_s13,combined,wesad
1,0.91804636,1.0,wesad_s13,combined,wesad
1,0.9254991,1.0,wesad_s13,combined,wesad
1,0.9336078,1.0,wesad_s13,combined,wesad
1,0.9486032,1.0,wesad_s13,combined,wesad
1,0.953832,1.0,wesad_s13,combined,wesad
1,0.94369537,1.0,wesad_s13,combined,wesad
1,0.93217504,1.0,wesad_s13,combined,wesad
1,0.9373889,1.0,wesad_s13,combined,wesad
1,0.9602839,1.0,wesad_s13,combined,wesad
1,0.9687533,1.0,wesad_s13,combined,wesad
1,0.9493534,1.0,wesad_s13,combined,wesad
1,0.92336303,1.0,wesad_s13,combined,wesad
1,0.89651495,1.0,wesad_s13,combined,wesad
1,0.90945387,1.0,wesad_s13,combined,wesad
1,0.94175124,1.0,wesad_s13,combined,wesad
1,0.9195722,1.0,wesad_s13,combined,wesad
1,0.90428317,1.0,wesad_s13,combined,wesad
1,0.9347758,1.0,wesad_s13,combined,wesad
1,0.929894,1.0,wesad_s13,combined,wesad
1,0.91433394,1.0,wesad_s13,combined,wesad
1,0.9330261,1.0,wesad_s13,combined,wesad
1,0.87897754,1.0,wesad_s13,combined,wesad
1,0.8210076,1.0,wesad_s13,combined,wesad
1,0.8866114,1.0,wesad_s13,combined,wesad
1,0.8919529,1.0,wesad_s13,combined,wesad
1,0.8303877,1.0,wesad_s13,combined,wesad
1,0.85142994,1.0,wesad_s13,combined,wesad
1,0.8575481,1.0,wesad_s13,combined,wesad
1,0.8714523,1.0,wesad_s13,combined,wesad
1,0.8170725,1.0,wesad_s13,combined,wesad
1,0.8280362,1.0,wesad_s13,combined,wesad
1,0.79261684,1.0,wesad_s13,combined,wesad
1,0.6953396,1.0,wesad_s13,combined,wesad
1,0.8237526,1.0,wesad_s13,combined,wesad
1,0.88940734,1.0,wesad_s13,combined,wesad
1,0.8639674,1.0,wesad_s13,combined,wesad
1,0.8708896,1.0,wesad_s13,combined,wesad
1,0.8321465,1.0,wesad_s13,combined,wesad
1,0.79866487,1.0,wesad_s13,combined,wesad
1,0.7769075,1.0,wesad_s13,combined,wesad
1,0.7949546,1.0,wesad_s13,combined,wesad
1,0.7998171,1.0,wesad_s13,combined,wesad
1,0.7378608,1.0,wesad_s13,combined,wesad
1,0.7482073,1.0,wesad_s13,combined,wesad
1,0.7508927,1.0,wesad_s13,combined,wesad
1,0.76547205,1.0,wesad_s13,combined,wesad
1,0.78130275,1.0,wesad_s13,combined,wesad
1,0.783125,1.0,wesad_s13,combined,wesad
1,0.7188527,1.0,wesad_s13,combined,wesad
1,0.71866894,1.0,wesad_s13,combined,wesad
1,0.78343207,1.0,wesad_s13,combined,wesad
1,0.8205444,1.0,wesad_s13,combined,wesad
1,0.850129,1.0,wesad_s13,combined,wesad
1,0.90410167,1.0,wesad_s13,combined,wesad
1,0.9174735,1.0,wesad_s13,combined,wesad
1,0.9139901,1.0,wesad_s13,combined,wesad
1,0.9503869,1.0,wesad_s13,combined,wesad
1,0.96921915,1.0,wesad_s13,combined,wesad
1,0.9672125,1.0,wesad_s13,combined,wesad
1,0.9523533,1.0,wesad_s13,combined,wesad
1,0.9525871,1.0,wesad_s13,combined,wesad
1,0.93915397,1.0,wesad_s13,combined,wesad
1,0.942258,1.0,wesad_s13,combined,wesad
1,0.94766164,1.0,wesad_s13,combined,wesad
1,0.93060476,1.0,wesad_s13,combined,wesad
1,0.94414526,1.0,wesad_s13,combined,wesad
1,0.95606196,1.0,wesad_s13,combined,wesad
1,0.94621783,1.0,wesad_s13,combined,wesad
1,0.934928,1.0,wesad_s13,combined,wesad
1,0.90883374,1.0,wesad_s13,combined,wesad
1,0.83175147,1.0,wesad_s13,combined,wesad
1,0.84789133,1.0,wesad_s13,combined,wesad
1,0.9135106,1.0,wesad_s13,combined,wesad
1,0.8990473,1.0,wesad_s13,combined,wesad
1,0.86013055,1.0,wesad_s13,combined,wesad
1,0.73773074,1.0,wesad_s13,combined,wesad
1,0.6557016,1.0,wesad_s13,combined,wesad
1,0.65577376,1.0,wesad_s13,combined,wesad
1,0.68642545,1.0,wesad_s13,combined,wesad
1,0.68403304,1.0,wesad_s13,combined,wesad
1,0.72509533,1.0,wesad_s13,combined,wesad
1,0.762527,1.0,wesad_s13,combined,wesad
1,0.8248032,1.0,wesad_s13,combined,wesad
1,0.8312281,1.0,wesad_s13,combined,wesad
1,0.7969511,1.0,wesad_s13,combined,wesad
1,0.74132764,1.0,wesad_s13,combined,wesad
1,0.75953704,1.0,wesad_s13,combined,wesad
1,0.67072195,1.0,wesad_s13,combined,wesad
1,0.67758036,1.0,wesad_s13,combined,wesad
1,0.7568386,1.0,wesad_s13,combined,wesad
1,0.7966835,1.0,wesad_s13,combined,wesad
1,0.7753242,1.0,wesad_s13,combined,wesad
1,0.68275064,1.0,wesad_s13,combined,wesad
1,0.6945299,1.0,wesad_s13,combined,wesad
1,0.7919101,1.0,wesad_s13,combined,wesad
1,0.88313085,1.0,wesad_s13,combined,wesad
1,0.8620735,1.0,wesad_s13,combined,wesad
1,0.741021,1.0,wesad_s13,combined,wesad
1,0.57052547,1.0,wesad_s13,combined,wesad
1,0.53235936,1.0,wesad_s13,combined,wesad
1,0.55763775,1.0,wesad_s13,combined,wesad
1,0.59413606,1.0,wesad_s13,combined,wesad
1,0.5275573,1.0,wesad_s13,combined,wesad
1,0.664329,1.0,wesad_s13,combined,wesad
1,0.73104626,1.0,wesad_s13,combined,wesad
1,0.74693406,1.0,wesad_s13,combined,wesad
1,0.6859134,1.0,wesad_s13,combined,wesad
1,0.61656576,1.0,wesad_s13,combined,wesad
1,0.5861357,1.0,wesad_s13,combined,wesad
1,0.5287953,1.0,wesad_s13,combined,wesad
1,0.4958032,1.0,wesad_s13,combined,wesad
1,0.49869445,1.0,wesad_s13,combined,wesad
1,0.6078684,1.0,wesad_s13,combined,wesad
1,0.7174895,1.0,wesad_s13,combined,wesad
1,0.7336649,1.0,wesad_s13,combined,wesad
