true,prob,confidence,subject_id,dataset
0,9.096568e-15,0.63885254,40,combined
0,3.9674223e-15,0.6457037,40,combined
0,1.4129561e-15,0.65707123,40,combined
0,1.8559856e-15,0.65374666,40,combined
0,2.3754995e-15,0.65196973,40,combined
0,2.4652051e-15,0.6497109,40,combined
0,2.0602276e-15,0.65535843,40,combined
0,1.6407719e-15,0.6586174,40,combined
0,1.3795513e-15,0.6592287,40,combined
0,1.3306549e-15,0.6582641,40,combined
0,1.374928e-15,0.6578538,40,combined
0,1.4644129e-15,0.65781265,40,combined
0,2.2215696e-15,0.65271306,40,combined
0,1.6497846e-15,0.65493166,40,combined
0,1.925346e-15,0.6517351,40,combined
0,2.2056607e-15,0.65319794,40,combined
0,1.915975e-15,0.65396243,40,combined
0,1.6935015e-15,0.65821266,40,combined
0,1.5234981e-15,0.6609036,40,combined
0,1.3669423e-15,0.6592708,40,combined
0,1.3708535e-15,0.6572359,40,combined
0,1.5020942e-15,0.65773547,40,combined
0,1.5923909e-15,0.6576841,40,combined
0,8.3115383e-16,0.6315801,40,combined
0,1.6784902e-15,0.6561945,40,combined
0,1.8118784e-15,0.65210617,40,combined
0,2.0648696e-15,0.6525004,40,combined
0,2.1942975e-15,0.65265983,40,combined
0,2.0748896e-15,0.65251064,40,combined
0,1.2979595e-05,0.47211015,40,combined
0,1.3119548e-05,0.47264653,40,combined
0,1.279754e-05,0.47235048,40,combined
0,1.25687e-05,0.4700648,40,combined
0,1.2770973e-05,0.47033125,40,combined
0,7.542869e-16,0.6363245,40,combined
0,1.2592047e-05,0.47232404,40,combined
0,1.2680838e-05,0.47327578,40,combined
0,1.29707105e-05,0.47468352,40,combined
0,1.3131428e-05,0.4737888,40,combined
0,1.2890078e-05,0.4726975,40,combined
0,1.3057836e-05,0.472026,40,combined
0,1.3243318e-05,0.47451162,40,combined
0,1.2903631e-05,0.4741967,40,combined
0,1.2955666e-05,0.4725415,40,combined
0,1.2925319e-05,0.47096276,40,combined
0,1.6308564e-15,0.65827,40,combined
0,1.2803435e-05,0.46921337,40,combined
0,1.2644983e-05,0.46921816,40,combined
0,1.25872675e-05,0.4706477,40,combined
0,1.2726814e-05,0.4720613,40,combined
0,1.2834264e-05,0.47214332,40,combined
0,1.3129474e-05,0.47303218,40,combined
0,1.3002812e-05,0.47327808,40,combined
0,1.3037805e-05,0.4734932,40,combined
0,1.3061e-05,0.47464332,40,combined
0,1.5315102e-15,0.65732414,40,combined
0,1.5673684e-15,0.6559485,40,combined
0,1.6708498e-15,0.6603596,40,combined
0,1.4466511e-15,0.6628169,40,combined
1,0.99999785,0.51297677,40,combined
1,0.99999726,0.5282556,40,combined
1,0.999998,0.4833289,40,combined
1,0.99997365,0.4481863,40,combined
1,0.99995995,0.4340942,40,combined
1,0.99997234,0.4674882,40,combined
1,0.99997437,0.46635458,40,combined
1,0.99996936,0.46822643,40,combined
1,0.99996996,0.45614964,40,combined
1,0.999969,0.4355056,40,combined
1,0.9999701,0.4520631,40,combined
1,0.99999774,0.51531595,40,combined
1,0.9999981,0.4975654,40,combined
1,0.9999974,0.47217935,40,combined
1,0.99999845,0.50059325,40,combined
1,0.99999845,0.456725,40,combined
1,0.999998,0.48808867,40,combined
1,0.999998,0.5056504,40,combined
1,0.99999714,0.4840351,40,combined
1,0.99999917,0.5255129,40,combined
1,0.999997,0.44472805,40,combined
1,0.9999969,0.38304543,40,combined
1,0.99998295,0.38485873,40,combined
1,0.99997914,0.3349003,40,combined
1,0.9999629,0.3629338,40,combined
1,0.99996054,0.41257963,40,combined
1,0.9999583,0.3958477,40,combined
1,0.99996567,0.44436425,40,combined
1,0.9999716,0.4369281,40,combined
1,0.99996364,0.42627665,40,combined
1,0.99999774,0.37386554,40,combined
1,0.99999833,0.4058859,40,combined
1,0.9999976,0.42503664,40,combined
1,0.9999949,0.3761941,40,combined
1,0.9999957,0.33650213,40,combined
1,0.9999975,0.37574664,40,combined
1,0.9999968,0.39341423,40,combined
1,0.99999475,0.35291824,40,combined
1,0.9999976,0.4313552,40,combined
1,0.9999981,0.40479398,40,combined
1,0.99999785,0.42008144,40,combined
1,0.9999515,0.41830337,40,combined
1,0.999943,0.420887,40,combined
1,0.9999486,0.4446066,40,combined
1,0.9999497,0.4328946,40,combined
1,0.9999516,0.42370534,40,combined
1,0.99995553,0.44668669,40,combined
1,0.9999765,0.47186726,40,combined
1,0.9999881,0.46689716,40,combined
1,0.99999666,0.42732015,40,combined
1,0.9999957,0.45791334,40,combined
1,0.999998,0.45789504,40,combined
1,0.9999976,0.4341828,40,combined
1,0.99999726,0.44681278,40,combined
1,0.99999714,0.41539928,40,combined
1,0.9999963,0.39893425,40,combined
1,0.9999981,0.4544658,40,combined
1,0.9999963,0.37386787,40,combined
1,0.99999726,0.39007783,40,combined
1,0.99999857,0.50247455,40,combined
1,0.99998105,0.45181784,40,combined
1,0.99998045,0.45348367,40,combined
1,0.9999825,0.47749367,40,combined
1,0.9999784,0.4512984,40,combined
1,0.99997747,0.44979584,40,combined
1,0.99998236,0.4753041,40,combined
1,0.9999852,0.48030072,40,combined
1,0.99998724,0.48219812,40,combined
1,0.99999785,0.46105894,40,combined
1,0.99999845,0.47116995,40,combined
1,0.99999833,0.48982263,40,combined
1,0.99999833,0.45866552,40,combined
1,0.9999982,0.41753912,40,combined
1,0.9999969,0.43531406,40,combined
1,0.9999987,0.49407437,40,combined
1,0.99999917,0.5417502,40,combined
1,0.9999931,0.26904452,40,combined
1,0.9999944,0.260122,40,combined
1,0.9999862,0.2527604,40,combined
1,0.9999137,0.31389832,40,combined
1,0.99992645,0.39280093,40,combined
1,0.99993515,0.4191814,40,combined
1,0.9999471,0.4214058,40,combined
1,0.9999478,0.41034508,40,combined
1,0.9999802,0.43354154,40,combined
1,0.9999906,0.4695975,40,combined
1,0.9999882,0.4814146,40,combined
1,0.99999654,0.28353864,40,combined
1,0.9999949,0.26443687,40,combined
1,0.99999475,0.33728334,40,combined
1,0.9999956,0.34304082,40,combined
1,0.9999945,0.32932335,40,combined
1,0.9999919,0.2986204,40,combined
1,0.99999523,0.35915738,40,combined
1,0.99999535,0.39079162,40,combined
1,1.0390311e-14,0.5980489,40,combined
1,1.03898755e-14,0.60222644,40,combined
1,1.6164013e-14,0.5699392,40,combined
1,1.5382855e-14,0.573847,40,combined
1,1.639709e-14,0.57305896,40,combined
1,1.9017184e-14,0.56794864,40,combined
1,2.1682958e-14,0.56603956,40,combined
1,2.1186733e-14,0.5695553,40,combined
1,2.209426e-14,0.5660233,40,combined
1,2.5652679e-14,0.5503987,40,combined
1,2.9394788e-14,0.5545286,40,combined
1,4.3671067e-14,0.5299801,40,combined
1,9.491827e-15,0.59711003,40,combined
1,4.6857487e-14,0.5340051,40,combined
1,4.35728e-14,0.55520433,40,combined
1,3.1910906e-14,0.5594351,40,combined
1,2.4099473e-14,0.5780878,40,combined
1,1.6866105e-14,0.591502,40,combined
1,1.1152876e-14,0.5979641,40,combined
1,7.441273e-15,0.61274827,40,combined
1,4.1824484e-15,0.6245257,40,combined
1,2.6689004e-15,0.6275343,40,combined
1,1.2129261e-05,0.4741996,40,combined
1,1.6636637e-14,0.55132127,40,combined
1,1.1716288e-05,0.4730523,40,combined
1,1.1678727e-05,0.4720771,40,combined
1,1.1810183e-05,0.47203094,40,combined
1,1.2002869e-05,0.47256005,40,combined
1,1.1698346e-05,0.47294962,40,combined
1,1.1848709e-05,0.47460487,40,combined
1,1.2560791e-05,0.4764291,40,combined
1,1.2536845e-05,0.47578493,40,combined
1,1.2341951e-05,0.47530323,40,combined
1,1.22819065e-05,0.47469023,40,combined
1,2.0567657e-14,0.567379,40,combined
1,1.2613367e-05,0.4765217,40,combined
1,1.2833286e-05,0.47864294,40,combined
1,1.2318846e-05,0.47685802,40,combined
1,1.2178916e-05,0.4748806,40,combined
1,1.234878e-05,0.47451758,40,combined
1,1.2037099e-05,0.47302765,40,combined
1,1.2086054e-05,0.47299224,40,combined
1,1.2281883e-05,0.47368795,40,combined
1,1.2260186e-05,0.4736858,40,combined
1,2.2603979e-14,0.5709482,40,combined
1,1.0234572e-14,0.5966581,40,combined
1,1.1110413e-14,0.5743529,40,combined
1,1.2081098e-14,0.56985706,40,combined
1,1.6533512e-14,0.5715474,40,combined
1,0.99999547,0.29971007,40,combined
1,0.9999963,0.35452566,40,combined
1,0.999997,0.42501438,40,combined
1,0.9999788,0.42414984,40,combined
1,0.9999739,0.42915532,40,combined
1,0.99997866,0.343862,40,combined
1,0.99997914,0.30649868,40,combined
1,0.9999769,0.34995875,40,combined
1,0.9999727,0.3369676,40,combined
1,0.9999871,0.35724986,40,combined
1,0.99999166,0.42839622,40,combined
1,0.99999785,0.4170563,40,combined
1,0.999997,0.34526944,40,combined
1,0.99999726,0.3465265,40,combined
1,0.99999547,0.34906632,40,combined
1,0.9999945,0.27719447,40,combined
1,0.9999968,0.31363103,40,combined
1,0.99999714,0.34962124,40,combined
1,0.9999962,0.3965522,40,combined
1,0.9999988,0.54826105,40,combined
1,0.9999988,0.540373,40,combined
1,0.99999845,0.4852042,40,combined
1,0.99998057,0.42609563,40,combined
1,0.99998045,0.42196336,40,combined
1,0.99997866,0.41836256,40,combined
1,0.9999769,0.40412202,40,combined
1,0.9999739,0.39433226,40,combined
1,0.999977,0.3998605,40,combined
1,0.9999733,0.39151362,40,combined
1,0.99996924,0.36903843,40,combined
1,0.9999989,0.54278016,40,combined
1,0.9999988,0.5019106,40,combined
1,0.99999845,0.43152195,40,combined
1,0.9999987,0.46864748,40,combined
1,0.9999988,0.48723057,40,combined
1,0.99999833,0.4311603,40,combined
1,0.99999845,0.45358568,40,combined
1,0.99999845,0.4924426,40,combined
0,1.8249779e-12,0.44783878,40,combined
0,1.019647e-12,0.4804309,40,combined
0,1.9200009e-13,0.54215604,40,combined
0,1.8083657e-13,0.5467664,40,combined
0,1.1107578e-13,0.58886117,40,combined
0,3.1757908e-13,0.4961076,40,combined
0,2.2923633e-13,0.5127692,40,combined
0,2.3464298e-13,0.5286297,40,combined
0,1.4588556e-13,0.5416169,40,combined
0,1.60573e-13,0.51998246,40,combined
0,3.2138146e-13,0.4985969,40,combined
0,3.646567e-13,0.5051242,40,combined
0,4.293986e-13,0.51619434,40,combined
0,3.5440338e-13,0.51269794,40,combined
0,3.2426682e-13,0.5053468,40,combined
0,3.4703455e-13,0.49982172,40,combined
0,7.679103e-13,0.48269334,40,combined
0,5.462609e-13,0.5019823,40,combined
0,5.9593807e-13,0.49068424,40,combined
0,3.7754763e-13,0.5225938,40,combined
0,4.7250967e-13,0.5269564,40,combined
0,4.8623833e-13,0.5158209,40,combined
0,4.893048e-13,0.50127727,40,combined
0,2.263255e-13,0.51767164,40,combined
0,3.0683052e-13,0.4667303,40,combined
0,2.1678793e-13,0.47404456,40,combined
0,6.5823063e-13,0.47208178,40,combined
0,1.2161426e-05,0.47490764,40,combined
0,1.2630919e-05,0.47558317,40,combined
0,1.2233534e-05,0.47590235,40,combined
0,1.22023075e-05,0.47644684,40,combined
0,1.2171857e-05,0.4755779,40,combined
0,1.1549615e-05,0.47457314,40,combined
0,1.1590065e-05,0.47508126,40,combined
0,2.4292065e-13,0.49714157,40,combined
0,1.0953551e-05,0.47346032,40,combined
0,1.0947609e-05,0.47347662,40,combined
0,7.8606645e-06,0.4305115,40,combined
0,2.6615191e-06,0.3903404,40,combined
0,4.8616726e-06,0.42271286,40,combined
0,9.49627e-06,0.4759483,40,combined
0,1.00956095e-05,0.47185776,40,combined
0,1.0352052e-05,0.4717878,40,combined
0,1.0811072e-05,0.47347444,40,combined
0,1.0850861e-05,0.47413474,40,combined
0,4.864684e-13,0.47504717,40,combined
0,1.0337649e-05,0.4726104,40,combined
0,9.578659e-06,0.4518985,40,combined
0,4.351013e-06,0.43366444,40,combined
0,8.678968e-06,0.47660136,40,combined
0,1.0688994e-05,0.4752158,40,combined
0,1.01333535e-05,0.47237238,40,combined
0,9.692741e-06,0.47128588,40,combined
0,5.7065816e-13,0.48353127,40,combined
0,6.805021e-13,0.48853824,40,combined
0,4.966141e-13,0.49637297,40,combined
0,3.2474154e-13,0.51622784,40,combined
1,4.3798464e-13,0.5172866,40,combined
1,3.7551952e-13,0.51811683,40,combined
1,2.1370599e-13,0.5269893,40,combined
1,3.5001198e-13,0.5161971,40,combined
1,3.1448924e-13,0.5180204,40,combined
1,3.1136587e-13,0.52067286,40,combined
1,3.6360796e-13,0.5194104,40,combined
1,2.6170624e-13,0.5348125,40,combined
1,3.2286402e-13,0.5143889,40,combined
1,2.6235795e-13,0.52983546,40,combined
1,4.0100686e-13,0.5100821,40,combined
1,3.5349065e-13,0.51544344,40,combined
1,3.734595e-13,0.50358564,40,combined
1,4.3250562e-13,0.5162034,40,combined
1,4.962448e-13,0.5077391,40,combined
1,1.2866852e-05,0.4773989,40,combined
1,1.2788365e-05,0.477028,40,combined
1,1.2986727e-05,0.47752386,40,combined
1,1.2726923e-05,0.4773538,40,combined
1,1.2551715e-05,0.47702834,40,combined
1,1.26862205e-05,0.4761025,40,combined
1,1.3015989e-05,0.47682008,40,combined
1,1.3069872e-05,0.47768825,40,combined
1,4.4130533e-13,0.5030735,40,combined
1,1.28533375e-05,0.47655728,40,combined
1,1.2935775e-05,0.4779449,40,combined
1,1.2963624e-05,0.4786049,40,combined
1,1.2917902e-05,0.47664073,40,combined
1,1.2790366e-05,0.4759975,40,combined
1,1.3005268e-05,0.47715303,40,combined
1,1.3415124e-05,0.47948593,40,combined
1,1.3244354e-05,0.47854802,40,combined
1,3.374183e-13,0.5302796,40,combined
1,2.0684946e-13,0.54351157,40,combined
1,2.0621246e-13,0.52516603,40,combined
1,3.0097967e-13,0.50409925,40,combined
1,2.3876119e-13,0.5435813,40,combined
1,2.5685885e-13,0.52254826,40,combined
0,0.016154533,0.7060358,22,combined
0,0.018410517,0.69780993,22,combined
0,0.009439049,0.74426466,22,combined
0,0.010204126,0.7369905,22,combined
0,0.010252631,0.7366907,22,combined
0,0.010286283,0.7365062,22,combined
0,0.0102937985,0.7364918,22,combined
0,0.011401817,0.7289723,22,combined
0,0.0114095,0.7288908,22,combined
0,0.010390824,0.7359836,22,combined
0,0.009825304,0.7413227,22,combined
0,0.010610935,0.73611885,22,combined
0,0.013299044,0.7197885,22,combined
0,0.016424533,0.70476824,22,combined
0,0.019429626,0.69310504,22,combined
0,0.019218802,0.6940951,22,combined
0,0.01576953,0.7084858,22,combined
0,0.013024713,0.72186255,22,combined
0,0.01256863,0.7238427,22,combined
0,0.018442333,0.6987486,22,combined
0,0.015009044,0.7113063,22,combined
0,0.01208147,0.7267246,22,combined
0,0.009831322,0.74141186,22,combined
0,0.013271452,0.72019154,22,combined
0,0.020289002,0.6899726,22,combined
0,0.0220809,0.68421847,22,combined
0,0.0217855,0.6853226,22,combined
0,0.024439929,0.6773345,22,combined
0,0.020503383,0.6898388,22,combined
0,0.015929665,0.70779485,22,combined
0,0.018547574,0.6983864,22,combined
0,0.014871304,0.7125127,22,combined
0,0.015658122,0.70860374,22,combined
0,0.01581764,0.70772666,22,combined
0,0.016943807,0.70260304,22,combined
0,0.01680252,0.7027023,22,combined
0,0.014544865,0.71267796,22,combined
0,0.014554881,0.71271086,22,combined
0,0.011947452,0.7270995,22,combined
0,0.01015812,0.7385225,22,combined
0,0.013088611,0.71999025,22,combined
0,0.01937902,0.69488895,22,combined
0,0.018033672,0.6966082,22,combined
0,0.018656725,0.69423425,22,combined
0,0.012814506,0.72185934,22,combined
0,0.009587703,0.74327826,22,combined
0,0.009742185,0.7427603,22,combined
0,0.010234073,0.73990816,22,combined
0,0.0102784205,0.74003613,22,combined
0,0.009937272,0.74244153,22,combined
0,0.009825485,0.74296355,22,combined
0,0.0101513285,0.7402544,22,combined
0,0.01907508,0.6957213,22,combined
0,0.010835015,0.7353592,22,combined
0,0.011028842,0.7337099,22,combined
0,0.010922909,0.73405254,22,combined
0,0.0108421,0.7342527,22,combined
0,0.010738758,0.73451114,22,combined
0,0.010601894,0.73492485,22,combined
0,0.010481359,0.73522156,22,combined
0,0.010382046,0.7354949,22,combined
0,0.010329147,0.7356913,22,combined
0,0.010343175,0.7355655,22,combined
0,0.0146071995,0.7144295,22,combined
0,0.010396254,0.7352978,22,combined
0,0.010385202,0.7355172,22,combined
0,0.010350046,0.73582757,22,combined
0,0.01068206,0.7334319,22,combined
0,0.010092196,0.7376765,22,combined
0,0.0092343865,0.74433947,22,combined
0,0.009260783,0.7442263,22,combined
0,0.009328802,0.74382573,22,combined
0,0.009343299,0.7437759,22,combined
0,0.009348829,0.74374497,22,combined
0,0.011834341,0.72811526,22,combined
0,0.009323776,0.7438777,22,combined
0,0.009373005,0.743501,22,combined
0,0.009390972,0.74330896,22,combined
0,0.009319649,0.743629,22,combined
0,0.009320173,0.74354476,22,combined
0,0.009341401,0.74343497,22,combined
0,0.009358874,0.7433798,22,combined
0,0.009349922,0.74351805,22,combined
0,0.009331759,0.7436715,22,combined
0,0.0093006715,0.7438415,22,combined
0,0.013032082,0.7206311,22,combined
0,0.009298422,0.74383354,22,combined
0,0.009439624,0.7427338,22,combined
0,0.009682723,0.7410322,22,combined
0,0.009923326,0.7396191,22,combined
0,0.010089369,0.7385043,22,combined
0,0.010115346,0.73833203,22,combined
0,0.010144958,0.7382949,22,combined
0,0.010183477,0.738085,22,combined
0,0.01017834,0.73811114,22,combined
0,0.010166903,0.73812556,22,combined
0,0.011479089,0.7301165,22,combined
0,0.010162776,0.7381269,22,combined
0,0.010245299,0.7377782,22,combined
0,0.010313356,0.7374447,22,combined
0,0.010328264,0.73723274,22,combined
0,0.01031083,0.7371709,22,combined
0,0.010261891,0.7372707,22,combined
0,0.010254199,0.7371149,22,combined
0,0.010238788,0.737024,22,combined
0,0.010218449,0.7369972,22,combined
0,0.010197122,0.7370569,22,combined
0,0.010443736,0.735681,22,combined
0,0.010536137,0.73420566,22,combined
0,0.011194156,0.72689134,22,combined
0,0.010401932,0.73152924,22,combined
0,0.010510672,0.7306717,22,combined
0,0.010645055,0.7297826,22,combined
0,0.010616528,0.7302543,22,combined
0,0.010616238,0.7304945,22,combined
0,0.010646883,0.73031306,22,combined
0,0.010658241,0.73021173,22,combined
0,0.0110959,0.7277535,22,combined
0,0.011081762,0.7279086,22,combined
0,0.011110299,0.727649,22,combined
0,0.0111306645,0.7274662,22,combined
0,0.01120694,0.7267727,22,combined
0,0.011261771,0.72625095,22,combined
0,0.011269909,0.72614217,22,combined
0,0.011251667,0.72633547,22,combined
0,0.011196831,0.7269642,22,combined
0,0.010551326,0.7329304,22,combined
0,0.011164727,0.7274048,22,combined
0,0.01115636,0.7275259,22,combined
0,0.011152935,0.7274729,22,combined
0,0.011075138,0.7276293,22,combined
0,0.011109513,0.72719496,22,combined
0,0.011266297,0.7263478,22,combined
0,0.011263822,0.72663873,22,combined
0,0.011247339,0.7269226,22,combined
0,0.011230791,0.72707427,22,combined
0,0.011207684,0.7272379,22,combined
0,0.01072216,0.73104143,22,combined
0,0.011185191,0.72734517,22,combined
0,0.011240507,0.7266984,22,combined
0,0.01134946,0.72551346,22,combined
0,0.011351474,0.7253749,22,combined
0,0.011312581,0.7257618,22,combined
0,0.011300534,0.7258381,22,combined
0,0.0112034,0.72632533,22,combined
0,0.010964406,0.72759587,22,combined
0,0.010806973,0.72847575,22,combined
0,0.01088277,0.72816664,22,combined
0,0.011015222,0.72857004,22,combined
0,0.011128304,0.72657686,22,combined
0,0.011275537,0.72554153,22,combined
0,0.011333507,0.72519463,22,combined
0,0.01144668,0.7243177,22,combined
0,0.011511958,0.72378093,22,combined
0,0.011566122,0.7234138,22,combined
0,0.011579824,0.72349757,22,combined
0,0.011596181,0.7235163,22,combined
0,0.011653967,0.7231908,22,combined
0,0.01159746,0.72382814,22,combined
0,0.011226424,0.72660327,22,combined
0,0.011545387,0.7243552,22,combined
0,0.011547477,0.7244263,22,combined
0,0.011587386,0.72425574,22,combined
0,0.011516251,0.724457,22,combined
0,0.01139797,0.7251761,22,combined
0,0.011482998,0.72479826,22,combined
0,0.011528329,0.72447604,22,combined
0,0.011503399,0.7248045,22,combined
0,0.011438314,0.7254453,22,combined
0,0.011361795,0.7259815,22,combined
0,0.011327299,0.725654,22,combined
0,0.011309755,0.72622305,22,combined
0,0.011207347,0.7268881,22,combined
0,0.011111927,0.72766185,22,combined
0,0.011091898,0.7277971,22,combined
0,0.011138603,0.72718006,22,combined
0,0.011164556,0.72687924,22,combined
0,0.011153923,0.72678304,22,combined
0,0.011142128,0.7265104,22,combined
0,0.01126037,0.7257377,22,combined
0,0.011351623,0.72527313,22,combined
0,0.011334549,0.72559375,22,combined
0,0.011349826,0.72536737,22,combined
0,0.011415024,0.7249352,22,combined
0,0.011470516,0.7246316,22,combined
0,0.011424121,0.7252723,22,combined
0,0.011368883,0.72591,22,combined
0,0.0114199165,0.7254209,22,combined
0,0.011424449,0.72531146,22,combined
0,0.011368594,0.7259506,22,combined
0,0.011367443,0.7261979,22,combined
0,0.011437674,0.72563237,22,combined
0,0.011331989,0.7256456,22,combined
0,0.011523256,0.7246962,22,combined
0,0.011592478,0.72407645,22,combined
0,0.011682732,0.7233413,22,combined
0,0.011749661,0.7226964,22,combined
0,0.0117346095,0.7228108,22,combined
0,0.011693594,0.72319424,22,combined
0,0.011643897,0.7236627,22,combined
0,0.011577041,0.72428703,22,combined
0,0.011509869,0.7249301,22,combined
0,0.011469343,0.72527343,22,combined
0,0.011277259,0.7261248,22,combined
0,0.011466948,0.72511756,22,combined
0,0.011159842,0.7265297,22,combined
0,0.010968295,0.7277701,22,combined
0,0.010927882,0.7284862,22,combined
0,0.010641968,0.7304982,22,combined
0,0.010404288,0.73228264,22,combined
0,0.010310772,0.733022,22,combined
0,0.010349463,0.7325341,22,combined
0,0.01038776,0.731955,22,combined
0,0.0104106665,0.7315741,22,combined
0,0.009961602,0.73928684,22,combined
0,0.009970467,0.739105,22,combined
0,0.00977112,0.73990774,22,combined
0,0.010407337,0.7372202,22,combined
0,0.010368363,0.7376015,22,combined
0,0.010395921,0.73744404,22,combined
0,0.010436958,0.7369784,22,combined
0,0.010454011,0.73668426,22,combined
0,0.01046246,0.7365139,22,combined
0,0.010637957,0.73527706,22,combined
0,0.009695521,0.7402838,22,combined
0,0.00955324,0.7410642,22,combined
0,0.009504823,0.74113446,22,combined
0,0.009578788,0.7404378,22,combined
0,0.009611876,0.7400915,22,combined
0,0.0095347585,0.74050564,22,combined
0,0.009421926,0.741247,22,combined
0,0.00943317,0.74113846,22,combined
0,0.009424927,0.741287,22,combined
0,0.009950515,0.7390712,22,combined
0,0.009429309,0.7414418,22,combined
0,0.009493664,0.7411489,22,combined
0,0.009584589,0.740627,22,combined
0,0.009665541,0.7401974,22,combined
0,0.009836095,0.7392204,22,combined
0,0.0099716345,0.7387587,22,combined
0,0.009935819,0.73973185,22,combined
0,0.010070169,0.73957855,22,combined
0,0.010327383,0.7385866,22,combined
0,0.010652008,0.73710585,22,combined
0,0.00993082,0.73911786,22,combined
0,0.010895809,0.7361834,22,combined
0,0.0109391855,0.7366241,22,combined
0,0.011061859,0.73640263,22,combined
0,0.011252701,0.7356369,22,combined
0,0.011346102,0.7353384,22,combined
0,0.011405132,0.73514134,22,combined
0,0.011455576,0.734983,22,combined
0,0.011363515,0.73536956,22,combined
0,0.011210651,0.73580354,22,combined
0,0.010926294,0.73720664,22,combined
0,0.0099390885,0.7390676,22,combined
0,0.010875494,0.73710144,22,combined
0,0.010948471,0.7359843,22,combined
0,0.010845797,0.73618305,22,combined
0,0.010952767,0.73550546,22,combined
0,0.011063606,0.7347794,22,combined
0,0.011016335,0.7348428,22,combined
0,0.010971565,0.73497814,22,combined
0,0.010898184,0.7353054,22,combined
0,0.010615202,0.7369498,22,combined
0,0.010296209,0.738864,22,combined
0,0.009944354,0.73902327,22,combined
0,0.010247779,0.7388821,22,combined
0,0.010331575,0.73803085,22,combined
0,0.010346451,0.73767567,22,combined
0,0.010295694,0.7377118,22,combined
0,0.0102684805,0.7375499,22,combined
0,0.010236483,0.7374444,22,combined
0,0.010187837,0.73765504,22,combined
0,0.0101388255,0.7379374,22,combined
0,0.010057627,0.73844975,22,combined
0,0.010086891,0.7380942,22,combined
0,0.0098740915,0.7395495,22,combined
0,0.010198807,0.7373764,22,combined
0,0.0102743665,0.7372132,22,combined
0,0.010379162,0.73669374,22,combined
0,0.010497849,0.73603934,22,combined
0,0.010553276,0.73576796,22,combined
0,0.010571128,0.7357429,22,combined
0,0.010623573,0.73547196,22,combined
0,0.010659801,0.7352932,22,combined
0,0.010515453,0.7362124,22,combined
0,0.0100574475,0.73910856,22,combined
0,0.009771688,0.74030495,22,combined
0,0.009960212,0.7396602,22,combined
0,0.0101997405,0.737853,22,combined
0,0.010146762,0.73810214,22,combined
0,0.010059817,0.73872143,22,combined
0,0.01008503,0.7383961,22,combined
0,0.010132735,0.7379889,22,combined
0,0.010134711,0.73814964,22,combined
0,0.010155954,0.7382535,22,combined
0,0.010222043,0.73775685,22,combined
0,0.010229471,0.73749155,22,combined
0,0.009842325,0.7396844,22,combined
0,0.010188164,0.7376651,22,combined
0,0.010210563,0.73744786,22,combined
0,0.010226817,0.7372925,22,combined
0,0.010200405,0.737519,22,combined
0,0.010193498,0.7375912,22,combined
0,0.010222308,0.73728454,22,combined
0,0.010245038,0.737031,22,combined
0,0.010238803,0.73709697,22,combined
0,0.010242592,0.73704094,22,combined
0,0.01028501,0.736712,22,combined
0,0.009875028,0.7392877,22,combined
0,0.01031634,0.73655725,22,combined
0,0.0103039,0.73682576,22,combined
0,0.01031597,0.73695,22,combined
0,0.010373961,0.7366442,22,combined
0,0.010375097,0.73684305,22,combined
0,0.010378765,0.7370203,22,combined
0,0.010402849,0.73692554,22,combined
0,0.0103473505,0.73738146,22,combined
0,0.0103533715,0.7374313,22,combined
0,0.010404808,0.7371947,22,combined
0,0.009938211,0.7390169,22,combined
0,0.010056764,0.7389882,22,combined
0,0.01076473,0.7340914,22,combined
0,0.010277179,0.73739856,22,combined
0,0.010298143,0.7373117,22,combined
0,0.010276766,0.73747003,22,combined
0,0.010470201,0.7359616,22,combined
0,0.010578676,0.73503464,22,combined
0,0.010449035,0.73591524,22,combined
0,0.010395729,0.7362767,22,combined
0,0.010756492,0.73419607,22,combined
0,0.01076507,0.734255,22,combined
0,0.010764456,0.7343315,22,combined
0,0.010773111,0.73434013,22,combined
0,0.01083615,0.7339229,22,combined
0,0.010869556,0.7336324,22,combined
0,0.010849221,0.7335677,22,combined
0,0.010725332,0.7341356,22,combined
0,0.010744134,0.73405623,22,combined
0,0.010311696,0.7380613,22,combined
0,0.010869315,0.73340315,22,combined
0,0.010868683,0.7336022,22,combined
0,0.010870191,0.7336402,22,combined
0,0.010836426,0.7337012,22,combined
0,0.010781448,0.733882,22,combined
0,0.010645955,0.7344896,22,combined
0,0.010675411,0.7335314,22,combined
0,0.0106492555,0.7332086,22,combined
0,0.010269512,0.7360531,22,combined
0,0.010206304,0.7367662,22,combined
0,0.0104012,0.73737216,22,combined
0,0.01021926,0.73686576,22,combined
0,0.0102858255,0.7366494,22,combined
0,0.010405864,0.7362679,22,combined
0,0.010528107,0.73580354,22,combined
0,0.010591869,0.7355416,22,combined
0,0.010680222,0.7350746,22,combined
0,0.010804476,0.7343559,22,combined
0,0.0107593145,0.7347405,22,combined
0,0.010797894,0.73467916,22,combined
0,0.010978345,0.7337285,22,combined
0,0.010418192,0.737078,22,combined
0,0.011085702,0.73307514,22,combined
0,0.011103893,0.73288167,22,combined
0,0.011076935,0.7329267,22,combined
0,0.011018366,0.73328954,22,combined
0,0.0109517705,0.733842,22,combined
0,0.010963589,0.733817,22,combined
0,0.011012667,0.73362267,22,combined
0,0.01099561,0.7339679,22,combined
0,0.011017078,0.73395026,22,combined
0,0.011075483,0.7335321,22,combined
0,0.010437341,0.73679084,22,combined
0,0.01108555,0.73334926,22,combined
0,0.011051353,0.73359805,22,combined
0,0.011007101,0.73396206,22,combined
0,0.010984632,0.73406255,22,combined
0,0.010928041,0.73443246,22,combined
0,0.010854985,0.73489136,22,combined
0,0.010855399,0.7349225,22,combined
0,0.010916976,0.73454577,22,combined
0,0.010914258,0.73451936,22,combined
0,0.010879322,0.73469305,22,combined
0,0.010609178,0.73558664,22,combined
0,0.01089676,0.7344211,22,combined
0,0.0109226005,0.7340682,22,combined
0,0.010939561,0.7337455,22,combined
0,0.010933743,0.7335843,22,combined
0,0.010883504,0.7337322,22,combined
0,0.010808914,0.7340646,22,combined
0,0.010690989,0.73468065,22,combined
0,0.010599229,0.73502827,22,combined
0,0.010465663,0.7357386,22,combined
0,0.0103770355,0.7362646,22,combined
0,0.010784729,0.73442626,22,combined
0,0.010388967,0.7360796,22,combined
0,0.010370061,0.7360472,22,combined
0,0.010395685,0.7357887,22,combined
0,0.0104399575,0.7354326,22,combined
0,0.010477146,0.73515695,22,combined
0,0.010521941,0.7349663,22,combined
0,0.010584188,0.7347272,22,combined
0,0.010630402,0.7346333,22,combined
0,0.010674811,0.7345495,22,combined
0,0.010681623,0.7347959,22,combined
0,0.010820531,0.73396623,22,combined
0,0.010745214,0.7346819,22,combined
0,0.010859051,0.7341027,22,combined
0,0.010836092,0.734342,22,combined
0,0.010806913,0.7344417,22,combined
0,0.010787243,0.7344118,22,combined
0,0.010736833,0.7346518,22,combined
0,0.01071595,0.7347122,22,combined
0,0.010699263,0.734758,22,combined
0,0.010683068,0.73467904,22,combined
0,0.010684349,0.73461694,22,combined
0,0.010792434,0.7339529,22,combined
0,0.0106642665,0.7348749,22,combined
0,0.010704285,0.73459435,22,combined
0,0.010769465,0.73414993,22,combined
0,0.010808188,0.73390967,22,combined
0,0.010842837,0.73374176,22,combined
0,0.010752839,0.73426294,22,combined
0,0.010674902,0.7345497,22,combined
0,0.01076038,0.73416066,22,combined
0,0.010731587,0.7345039,22,combined
0,0.010439352,0.7363395,22,combined
0,0.010513712,0.7350918,22,combined
0,0.010628025,0.7335376,22,combined
0,0.011383765,0.72401243,22,combined
0,0.011528726,0.72391486,22,combined
0,0.011529591,0.7238223,22,combined
0,0.011509397,0.7239175,22,combined
0,0.011475445,0.7240046,22,combined
0,0.011454755,0.7240086,22,combined
0,0.011454836,0.7239986,22,combined
0,0.011473896,0.7239081,22,combined
0,0.011335495,0.7244556,22,combined
0,0.011298488,0.7247185,22,combined
0,0.011299324,0.7246594,22,combined
0,0.011312987,0.72469574,22,combined
0,0.011287286,0.7252518,22,combined
0,0.011248665,0.7258976,22,combined
0,0.011280749,0.7258858,22,combined
0,0.011326477,0.7256914,22,combined
0,0.01135386,0.72555536,22,combined
0,0.010722595,0.73176,22,combined
0,0.011373591,0.7253641,22,combined
0,0.011411705,0.72494036,22,combined
0,0.011487609,0.7241245,22,combined
0,0.011548217,0.7234662,22,combined
0,0.011551854,0.72334844,22,combined
0,0.011533981,0.7233796,22,combined
0,0.011505367,0.72347397,22,combined
0,0.011477007,0.7235461,22,combined
0,0.011445428,0.7236251,22,combined
0,0.011398759,0.72391164,22,combined
0,0.010890481,0.7296039,22,combined
0,0.011336483,0.7244419,22,combined
0,0.011289031,0.72483945,22,combined
0,0.011285813,0.7248712,22,combined
0,0.0112269735,0.7252497,22,combined
0,0.011216736,0.72524005,22,combined
0,0.011269432,0.72481316,22,combined
0,0.011306129,0.72452873,22,combined
0,0.0113739725,0.7240949,22,combined
0,0.011410532,0.7239099,22,combined
0,0.011399372,0.7241417,22,combined
0,0.011097622,0.7273483,22,combined
0,0.011337866,0.7249245,22,combined
0,0.011276437,0.72575516,22,combined
0,0.011242414,0.7263556,22,combined
0,0.011196144,0.72703063,22,combined
0,0.011182941,0.72726184,22,combined
0,0.011235239,0.7267625,22,combined
0,0.011276995,0.7263741,22,combined
0,0.011298062,0.72628236,22,combined
0,0.011340358,0.72589624,22,combined
0,0.011439319,0.72491103,22,combined
0,0.011275749,0.72544086,22,combined
0,0.011523146,0.72414464,22,combined
0,0.011535666,0.72411865,22,combined
0,0.011554353,0.7240244,22,combined
0,0.0115866475,0.7236921,22,combined
0,0.01158126,0.72361255,22,combined
0,0.011555263,0.7237031,22,combined
0,0.011517494,0.72399604,22,combined
0,0.011489807,0.724306,22,combined
0,0.011511411,0.72416645,22,combined
0,0.011548871,0.72384816,22,combined
0,0.011399952,0.72416764,22,combined
0,0.011584709,0.7235855,22,combined
0,0.011611073,0.72352314,22,combined
0,0.011631387,0.7234391,22,combined
0,0.011639295,0.72333753,22,combined
0,0.0116290795,0.7233714,22,combined
0,0.011611724,0.7234379,22,combined
0,0.011600293,0.723594,22,combined
0,0.011589641,0.72384596,22,combined
0,0.011590155,0.7239361,22,combined
0,0.011593597,0.72395456,22,combined
0,0.011432789,0.7237874,22,combined
0,0.0115818605,0.72404796,22,combined
0,0.011557676,0.7241742,22,combined
0,0.011558488,0.7240099,22,combined
0,0.011580762,0.72361827,22,combined
0,0.01155304,0.7237295,22,combined
0,0.011481779,0.72430694,22,combined
0,0.011441621,0.72463226,22,combined
0,0.011438709,0.7246681,22,combined
0,0.011416337,0.72487354,22,combined
0,0.011383932,0.72511506,22,combined
0,0.011430812,0.7237508,22,combined
0,0.01137321,0.72517526,22,combined
0,0.011424364,0.7247125,22,combined
0,0.011502368,0.7240937,22,combined
0,0.011537223,0.7239058,22,combined
0,0.011545121,0.72394794,22,combined
0,0.01156483,0.7239372,22,combined
0,0.011615742,0.72368467,22,combined
0,0.011596893,0.7239416,22,combined
0,0.011460254,0.72502345,22,combined
0,0.0113919,0.725539,22,combined
0,0.011411716,0.72381717,22,combined
0,0.011415896,0.72549325,22,combined
0,0.011448439,0.72554547,22,combined
0,0.011491227,0.7254486,22,combined
0,0.011508225,0.7253279,22,combined
0,0.01149431,0.7253266,22,combined
0,0.011507965,0.72501564,22,combined
0,0.011571192,0.72428083,22,combined
0,0.011556057,0.72423625,22,combined
0,0.011522087,0.7243198,22,combined
0,0.011535999,0.7240071,22,combined
0,0.010534593,0.73497415,22,combined
0,0.0106559945,0.7337867,22,combined
0,0.011245823,0.7274726,22,combined
0,0.011709399,0.7259034,22,combined
0,0.011314836,0.7282248,22,combined
0,0.010946782,0.73046994,22,combined
0,0.011056288,0.7297386,22,combined
0,0.0111557,0.72887856,22,combined
0,0.011157958,0.728886,22,combined
0,0.0111067,0.72932297,22,combined
0,0.01128924,0.72706485,22,combined
0,0.011315317,0.72678804,22,combined
0,0.011369334,0.7262905,22,combined
0,0.011459302,0.7254853,22,combined
0,0.011502054,0.72516334,22,combined
0,0.011544963,0.7248657,22,combined
0,0.011628439,0.7241978,22,combined
0,0.011687704,0.7237636,22,combined
0,0.011706182,0.7236876,22,combined
0,0.010813887,0.73219454,22,combined
0,0.011710315,0.7237592,22,combined
0,0.011722197,0.7237326,22,combined
0,0.01173201,0.7236608,22,combined
0,0.011719571,0.72382253,22,combined
0,0.011710153,0.7238925,22,combined
0,0.011667891,0.72422796,22,combined
0,0.011620446,0.7248613,22,combined
0,0.0116098635,0.72528344,22,combined
0,0.011574771,0.725914,22,combined
0,0.011509511,0.7266163,22,combined
0,0.010975994,0.7304007,22,combined
0,0.011464078,0.72700185,22,combined
0,0.011467202,0.72702414,22,combined
0,0.0115304,0.7265108,22,combined
0,0.011584645,0.7260462,22,combined
0,0.011636891,0.7255302,22,combined
0,0.011660532,0.72520477,22,combined
0,0.011567964,0.72595036,22,combined
0,0.011466706,0.72680557,22,combined
0,0.0114136515,0.7271241,22,combined
0,0.011340967,0.7275592,22,combined
0,0.0111080045,0.7289347,22,combined
0,0.011255487,0.72808295,22,combined
0,0.011194577,0.7284342,22,combined
0,0.0112239625,0.72804254,22,combined
0,0.011274596,0.727434,22,combined
0,0.011259426,0.7274267,22,combined
0,0.011290422,0.72702414,22,combined
0,0.011329478,0.72666174,22,combined
0,0.011366381,0.72646374,22,combined
0,0.0114503065,0.7258945,22,combined
0,0.011504289,0.72543204,22,combined
0,0.011195782,0.727978,22,combined
0,0.01151725,0.7253174,22,combined
0,0.011514921,0.7255177,22,combined
0,0.011560971,0.7252714,22,combined
0,0.01161271,0.72490364,22,combined
0,0.011636948,0.7247559,22,combined
0,0.011618955,0.72497517,22,combined
0,0.011586982,0.7252938,22,combined
0,0.011548059,0.72555816,22,combined
0,0.011487024,0.7260467,22,combined
0,0.01146008,0.72636974,22,combined
0,0.011247933,0.7274011,22,combined
0,0.011469992,0.72651803,22,combined
0,0.011498579,0.72644943,22,combined
0,0.011539088,0.7260786,22,combined
0,0.011590083,0.7255559,22,combined
0,0.011614046,0.7253088,22,combined
0,0.011647284,0.72510636,22,combined
0,0.011687236,0.7249355,22,combined
0,0.011670091,0.7252274,22,combined
0,0.011642094,0.7255316,22,combined
0,0.011608989,0.72594076,22,combined
0,0.011258093,0.7272432,22,combined
0,0.011551577,0.7265421,22,combined
0,0.011519693,0.7268058,22,combined
0,0.011547161,0.7265765,22,combined
0,0.011575104,0.72640765,22,combined
0,0.011571286,0.72651404,22,combined
0,0.01157864,0.7264259,22,combined
0,0.0115026785,0.7266998,22,combined
0,0.0114683,0.72670776,22,combined
0,0.011517494,0.72636044,22,combined
0,0.011574433,0.725973,22,combined
0,0.011226847,0.7275357,22,combined
0,0.011655455,0.7254506,22,combined
0,0.011701636,0.725158,22,combined
0,0.011729136,0.72496575,22,combined
0,0.011733283,0.7249239,22,combined
0,0.0117731765,0.72443914,22,combined
0,0.011796366,0.7241644,22,combined
0,0.011718065,0.72476035,22,combined
0,0.011617569,0.7256519,22,combined
0,0.011584158,0.7260392,22,combined
0,0.011611069,0.72593504,22,combined
0,0.011215957,0.72769034,22,combined
0,0.01161132,0.72613883,22,combined
0,0.011597405,0.72613245,22,combined
0,0.011610997,0.72567415,22,combined
0,0.0116593605,0.7251259,22,combined
0,0.01172065,0.72469175,22,combined
0,0.0117406,0.7246968,22,combined
0,0.011759088,0.7247186,22,combined
0,0.011733548,0.7251386,22,combined
0,0.011672786,0.7258718,22,combined
0,0.011660905,0.72610563,22,combined
0,0.010011032,0.7385277,22,combined
0,0.0101503795,0.7369547,22,combined
0,0.010988067,0.7271271,22,combined
0,0.011230833,0.7266264,22,combined
0,0.011249041,0.726397,22,combined
0,0.011283487,0.7260356,22,combined
0,0.011301855,0.72583175,22,combined
0,0.011292077,0.7259213,22,combined
0,0.011303518,0.72585243,22,combined
0,0.01132015,0.72579473,22,combined
0,0.0109864455,0.7273925,22,combined
0,0.010943959,0.72768813,22,combined
0,0.010962989,0.72739244,22,combined
0,0.011052306,0.7267995,22,combined
0,0.011094754,0.726539,22,combined
0,0.011085085,0.7265659,22,combined
0,0.011123524,0.72631645,22,combined
0,0.011149491,0.72635126,22,combined
0,0.011104825,0.7270239,22,combined
0,0.010272048,0.73541176,22,combined
0,0.011097293,0.7271356,22,combined
0,0.011086555,0.7272653,22,combined
0,0.011015654,0.7281511,22,combined
0,0.010986022,0.72869366,22,combined
0,0.010998576,0.72875136,22,combined
0,0.011010149,0.7286127,22,combined
0,0.011005654,0.7285872,22,combined
0,0.010973873,0.72890466,22,combined
0,0.011042804,0.72829306,22,combined
0,0.0110968845,0.72764707,22,combined
0,0.010379387,0.7340048,22,combined
0,0.011055888,0.72771937,22,combined
0,0.011017629,0.727773,22,combined
0,0.010974318,0.72790027,22,combined
0,0.0109692,0.7277083,22,combined
0,0.010950129,0.72773397,22,combined
0,0.010916379,0.7278735,22,combined
0,0.01086751,0.72811323,22,combined
0,0.010811246,0.7285862,22,combined
0,0.010809149,0.7286013,22,combined
0,0.010821945,0.7284242,22,combined
0,0.010537808,0.7320862,22,combined
0,0.010843685,0.72814626,22,combined
0,0.010866422,0.7279357,22,combined
0,0.010910562,0.72758144,22,combined
0,0.010972409,0.72705835,22,combined
0,0.011004351,0.7268944,22,combined
0,0.0110205645,0.72687304,22,combined
0,0.0110628195,0.7266541,22,combined
0,0.011133978,0.72628325,22,combined
0,0.011167996,0.726285,22,combined
0,0.011155501,0.7266847,22,combined
0,0.010707225,0.7300385,22,combined
0,0.011142733,0.72701705,22,combined
0,0.011128041,0.7272795,22,combined
0,0.0111368485,0.72725534,22,combined
0,0.01113581,0.7273185,22,combined
0,0.011127245,0.7273504,22,combined
0,0.011167274,0.72678846,22,combined
0,0.0111713605,0.72657514,22,combined
0,0.01115068,0.72665185,22,combined
0,0.011139339,0.7267164,22,combined
0,0.011129352,0.72686666,22,combined
0,0.010822812,0.7285868,22,combined
0,0.011114983,0.7271325,22,combined
0,0.0110567175,0.72778237,22,combined
0,0.011008436,0.7282358,22,combined
0,0.0109944595,0.7282909,22,combined
0,0.010998903,0.72815925,22,combined
0,0.011017971,0.727934,22,combined
0,0.011029491,0.727776,22,combined
0,0.011069645,0.7274166,22,combined
0,0.011143703,0.72683924,22,combined
0,0.011185255,0.7265757,22,combined
0,0.01084123,0.72818017,22,combined
0,0.011209419,0.7264833,22,combined
0,0.011225598,0.72634286,22,combined
0,0.0112103745,0.72633255,22,combined
0,0.011197691,0.7262909,22,combined
0,0.011192661,0.7262352,22,combined
0,0.011220285,0.7259939,22,combined
0,0.01125544,0.7257853,22,combined
0,0.011278892,0.72563773,22,combined
0,0.011310982,0.7253347,22,combined
0,0.011302032,0.72536755,22,combined
0,0.010852302,0.7280612,22,combined
0,0.011281231,0.7254655,22,combined
0,0.011280047,0.725369,22,combined
0,0.0112787485,0.7253152,22,combined
0,0.011237401,0.7257113,22,combined
0,0.011162337,0.7265729,22,combined
0,0.011169207,0.7267143,22,combined
0,0.011217131,0.7263989,22,combined
0,0.011196313,0.72672105,22,combined
0,0.011181383,0.72700346,22,combined
0,0.011229108,0.72664666,22,combined
0,0.010925516,0.72746867,22,combined
0,0.0113373,0.7256766,22,combined
0,0.0113951955,0.7252151,22,combined
0,0.011389756,0.7254295,22,combined
0,0.011392854,0.7254501,22,combined
0,0.011370691,0.72559714,22,combined
0,0.011320942,0.7260094,22,combined
0,0.0112313675,0.72677445,22,combined
0,0.0111836195,0.7271463,22,combined
0,0.011206348,0.72685957,22,combined
0,0.011218592,0.72674346,22,combined
0,0.010135768,0.7379727,22,combined
0,0.010141995,0.7375092,22,combined
0,0.010458945,0.7348244,22,combined
0,0.010429041,0.7346213,22,combined
0,0.01039108,0.7352027,22,combined
0,0.010472387,0.73503524,22,combined
0,0.010569218,0.7347555,22,combined
0,0.010618422,0.734813,22,combined
0,0.010607431,0.7353575,22,combined
0,0.010631264,0.7355426,22,combined
0,0.010450515,0.7348714,22,combined
0,0.010470109,0.7347645,22,combined
0,0.0104765175,0.7347812,22,combined
0,0.010482773,0.7347611,22,combined
0,0.010490848,0.73468405,22,combined
0,0.010442451,0.7351165,22,combined
0,0.010402117,0.7353656,22,combined
0,0.010402074,0.7351342,22,combined
0,0.010419769,0.7347693,22,combined
0,0.010130871,0.7370978,22,combined
0,0.010426196,0.73459685,22,combined
0,0.010455496,0.73428714,22,combined
0,0.010495696,0.7337598,22,combined
0,0.010467061,0.73377633,22,combined
0,0.0104522845,0.7338633,22,combined
0,0.010433874,0.734043,22,combined
0,0.010416461,0.7342512,22,combined
0,0.010388059,0.73448235,22,combined
0,0.010369488,0.7344943,22,combined
0,0.010412087,0.7340092,22,combined
0,0.010119019,0.7369861,22,combined
0,0.010427989,0.73388374,22,combined
0,0.010414137,0.73402524,22,combined
0,0.010378035,0.7342181,22,combined
0,0.010351964,0.7344158,22,combined
0,0.010401633,0.73430926,22,combined
0,0.010420326,0.7346341,22,combined
0,0.010440046,0.73492706,22,combined
0,0.01049316,0.73483056,22,combined
0,0.010554402,0.73465204,22,combined
0,0.010569691,0.7347712,22,combined
0,0.010190584,0.7364044,22,combined
0,0.010558965,0.7349664,22,combined
0,0.010562936,0.7349038,22,combined
0,0.010579075,0.7346526,22,combined
0,0.010548155,0.7347873,22,combined
0,0.010477111,0.7351127,22,combined
0,0.010424747,0.7351863,22,combined
0,0.010363626,0.73535836,22,combined
0,0.0103241615,0.7352761,22,combined
0,0.0102596795,0.7352714,22,combined
0,0.010170262,0.7355188,22,combined
0,0.010282229,0.73569864,22,combined
0,0.010139103,0.73563164,22,combined
0,0.010115318,0.73591834,22,combined
0,0.010118264,0.7360201,22,combined
0,0.010153903,0.7359178,22,combined
0,0.010166878,0.73605585,22,combined
0,0.010230659,0.7357372,22,combined
0,0.010334169,0.7350316,22,combined
0,0.010414829,0.7344932,22,combined
0,0.010469475,0.73421013,22,combined
0,0.010445398,0.7345115,22,combined
0,0.010329761,0.735491,22,combined
0,0.010462109,0.73442066,22,combined
0,0.010503776,0.7341513,22,combined
0,0.010474818,0.73435247,22,combined
0,0.010466152,0.73430854,22,combined
0,0.010449996,0.7342039,22,combined
0,0.010435785,0.73410213,22,combined
0,0.010420699,0.7341362,22,combined
0,0.010380136,0.7344705,22,combined
0,0.010354955,0.7347119,22,combined
0,0.010358753,0.73465055,22,combined
0,0.010378337,0.73537403,22,combined
0,0.010367794,0.734536,22,combined
0,0.010393081,0.7342509,22,combined
0,0.010415802,0.73391646,22,combined
0,0.010447112,0.7335499,22,combined
0,0.010450262,0.7334902,22,combined
0,0.010356231,0.73422295,22,combined
0,0.010348282,0.73443097,22,combined
0,0.010414028,0.73419803,22,combined
0,0.010393145,0.7346527,22,combined
0,0.010373524,0.7350291,22,combined
0,0.010426144,0.7351757,22,combined
0,0.010368843,0.7351455,22,combined
0,0.010361621,0.73520863,22,combined
0,0.01036061,0.7352293,22,combined
0,0.010358093,0.735318,22,combined
0,0.010366052,0.7352964,22,combined
0,0.010392635,0.7351029,22,combined
0,0.010416613,0.73492235,22,combined
0,0.010454302,0.7346999,22,combined
0,0.010489254,0.7345021,22,combined
0,0.010530488,0.73408276,22,combined
0,0.010457622,0.7349396,22,combined
0,0.01055122,0.7337538,22,combined
0,0.010514659,0.7338289,22,combined
0,0.010479756,0.73394924,22,combined
0,0.010520467,0.733524,22,combined
0,0.010586859,0.7329215,22,combined
0,0.010610034,0.7328119,22,combined
0,0.010288553,0.7350974,22,combined
0,0.010247702,0.73543936,22,combined
0,0.0110553205,0.7302232,22,combined
0,0.011017255,0.73063076,22,combined
1,0.0001155351,0.35315475,55,combined
1,0.00013222544,0.35695136,55,combined
1,0.0001339793,0.36057466,55,combined
1,0.00012590844,0.36043745,55,combined
1,0.00013146382,0.3610143,55,combined
1,0.00013219782,0.36366972,55,combined
1,0.00017190626,0.36123562,55,combined
1,0.0001326012,0.36347452,55,combined
1,0.00015557656,0.36122274,55,combined
1,0.00012669196,0.35771927,55,combined
1,0.000117128686,0.36139855,55,combined
1,0.00014214503,0.36167884,55,combined
1,0.0001599322,0.365699,55,combined
1,0.00013338312,0.36281657,55,combined
1,0.00014220645,0.3607921,55,combined
1,0.000113807444,0.35700673,55,combined
1,0.0001292041,0.35926875,55,combined
1,0.00012351747,0.35896572,55,combined
1,0.00012629668,0.35892498,55,combined
1,0.00012728918,0.3581041,55,combined
1,0.00011646535,0.3576798,55,combined
1,0.0001223756,0.35900116,55,combined
1,0.00012409927,0.35797876,55,combined
1,0.00015504431,0.36259922,55,combined
1,0.00011871357,0.35607493,55,combined
1,0.000120112076,0.35823014,55,combined
1,0.00011462658,0.35719648,55,combined
1,0.00010672176,0.35465285,55,combined
1,0.00010551225,0.35587224,55,combined
1,0.0011610499,0.3701668,55,combined
1,0.0012227586,0.3713958,55,combined
1,0.0012584752,0.37210882,55,combined
1,0.0012089136,0.37144354,55,combined
1,0.0012270919,0.37167916,55,combined
1,0.00015348686,0.36592683,55,combined
1,0.0012475484,0.3714094,55,combined
1,0.0012607,0.3709604,55,combined
1,0.0012434705,0.37069485,55,combined
1,0.0011713621,0.37011516,55,combined
1,0.0012472931,0.3713612,55,combined
1,0.001225843,0.37131646,55,combined
1,0.0011436092,0.36984256,55,combined
1,0.0011863714,0.3703149,55,combined
1,0.0011647035,0.3704654,55,combined
1,0.001149726,0.37013018,55,combined
1,0.00017315966,0.3627315,55,combined
1,0.0010800781,0.36905375,55,combined
1,0.0009487912,0.36864904,55,combined
1,0.0009378676,0.36846083,55,combined
1,0.00095484464,0.3686221,55,combined
1,0.0009033491,0.36779258,55,combined
1,0.0008765627,0.36663747,55,combined
1,0.0008930801,0.36746788,55,combined
1,0.00089737447,0.3677374,55,combined
1,0.000879282,0.36672476,55,combined
1,8.973417e-05,0.35166863,55,combined
1,9.4386254e-05,0.35654256,55,combined
1,0.00013350019,0.36092058,55,combined
1,0.00011265646,0.36262417,55,combined
1,0.97781825,0.2941956,55,combined
1,0.97548354,0.29323882,55,combined
1,0.98050034,0.28352755,55,combined
1,0.9840627,0.29420698,55,combined
1,0.98380363,0.29586837,55,combined
1,0.9845429,0.29332262,55,combined
1,0.9851922,0.29135215,55,combined
1,0.98303807,0.29730007,55,combined
1,0.98316133,0.2983525,55,combined
1,0.9833836,0.2971487,55,combined
1,0.9841613,0.29407543,55,combined
1,0.97881913,0.29643774,55,combined
1,0.9803618,0.29003376,55,combined
1,0.9816056,0.2832702,55,combined
1,0.9805001,0.2852784,55,combined
1,0.9788967,0.28787494,55,combined
1,0.98029286,0.28007638,55,combined
1,0.98663074,0.2723631,55,combined
1,0.9806145,0.28040627,55,combined
1,0.9680802,0.29690233,55,combined
1,0.97489184,0.28991073,55,combined
1,0.9734148,0.2826296,55,combined
1,0.97193134,0.30902684,55,combined
1,0.9750691,0.30500588,55,combined
1,0.97047037,0.31147975,55,combined
1,0.97272235,0.3075531,55,combined
1,0.97500664,0.3033938,55,combined
1,0.97326887,0.3060688,55,combined
1,0.9718259,0.3086771,55,combined
1,0.9727624,0.3074424,55,combined
1,0.9792442,0.28878218,55,combined
1,0.9804637,0.2840674,55,combined
1,0.97123754,0.28550884,55,combined
1,0.96871096,0.28654316,55,combined
1,0.9752804,0.28586742,55,combined
1,0.96798474,0.2888415,55,combined
1,0.9547903,0.29363832,55,combined
1,0.97554046,0.28088623,55,combined
1,0.96473396,0.29855546,55,combined
1,0.9660473,0.30001068,55,combined
1,0.9507278,0.28309995,55,combined
1,0.9739183,0.3097794,55,combined
1,0.9733819,0.3066767,55,combined
1,0.9724134,0.308577,55,combined
1,0.9636706,0.3182452,55,combined
1,0.9626257,0.3190822,55,combined
1,0.96629703,0.31615895,55,combined
1,0.98298496,0.28986165,55,combined
1,0.9902456,0.26687032,55,combined
1,0.9706331,0.30087194,55,combined
1,0.97043633,0.28929427,55,combined
1,0.9527399,0.28642532,55,combined
1,0.9481743,0.2844059,55,combined
1,0.94279385,0.28626832,55,combined
1,0.9401393,0.28980526,55,combined
1,0.9458513,0.28270075,55,combined
1,0.94135594,0.28103787,55,combined
1,0.97428775,0.28908765,55,combined
1,0.97941244,0.28872913,55,combined
1,0.9814403,0.28150633,55,combined
1,0.9827907,0.29670575,55,combined
1,0.986075,0.28820336,55,combined
1,0.9835908,0.29725468,55,combined
1,0.98523,0.28866744,55,combined
1,0.98479754,0.2890662,55,combined
1,0.9859482,0.28947863,55,combined
1,0.9895375,0.27730545,55,combined
1,0.99065644,0.27413496,55,combined
1,0.97547305,0.29365528,55,combined
1,0.9829806,0.27802035,55,combined
1,0.9851547,0.2748473,55,combined
1,0.9837509,0.27873793,55,combined
1,0.98255944,0.28210667,55,combined
1,0.975003,0.2961881,55,combined
1,0.9754708,0.29079428,55,combined
1,0.98044044,0.27687865,55,combined
1,0.9488413,0.30103675,55,combined
1,0.95967245,0.296834,55,combined
1,0.92973787,0.29785997,55,combined
1,0.96434295,0.31430632,55,combined
1,0.96890044,0.3093352,55,combined
1,0.96710646,0.31095925,55,combined
1,0.9633231,0.31516364,55,combined
1,0.96504205,0.31372365,55,combined
1,0.97410756,0.302668,55,combined
1,0.9864955,0.27857998,55,combined
1,0.989817,0.26937696,55,combined
1,0.9545612,0.29721823,55,combined
1,0.9317234,0.30296397,55,combined
1,0.90465957,0.3055412,55,combined
1,0.8866152,0.30510533,55,combined
1,0.8659028,0.29627818,55,combined
1,0.86408556,0.29858893,55,combined
1,0.91973746,0.29865345,55,combined
1,0.9346447,0.2920578,55,combined
1,6.1966115e-05,0.35310793,55,combined
1,5.0477553e-05,0.35139522,55,combined
1,4.827138e-05,0.35057637,55,combined
1,5.184734e-05,0.3512351,55,combined
1,5.654073e-05,0.35321853,55,combined
1,6.253689e-05,0.3536891,55,combined
1,6.401579e-05,0.35420808,55,combined
1,6.767822e-05,0.35472274,55,combined
1,7.199409e-05,0.35475707,55,combined
1,7.43504e-05,0.35539967,55,combined
1,7.886555e-05,0.35600793,55,combined
1,8.2596576e-05,0.35614267,55,combined
1,3.7715563e-05,0.35162076,55,combined
1,8.755216e-05,0.35667711,55,combined
1,9.210062e-05,0.3566409,55,combined
1,9.7770484e-05,0.35729218,55,combined
1,0.0001027678,0.3580793,55,combined
1,0.0001071812,0.35841918,55,combined
1,0.00011339906,0.3590679,55,combined
1,0.00012510741,0.35891092,55,combined
1,0.00013268302,0.35897216,55,combined
1,0.00013818555,0.3592766,55,combined
1,0.0014301308,0.37135836,55,combined
1,3.714212e-05,0.34983218,55,combined
1,0.0013873655,0.37080047,55,combined
1,0.0013928197,0.3707899,55,combined
1,0.001384095,0.37065178,55,combined
1,0.001351825,0.37057805,55,combined
1,0.001343106,0.3705188,55,combined
1,0.0013347365,0.37045395,55,combined
1,0.0013111433,0.37016723,55,combined
1,0.0013049042,0.36986107,55,combined
1,0.0013001652,0.36969155,55,combined
1,0.001290214,0.3696665,55,combined
1,3.614107e-05,0.34520984,55,combined
1,0.0012852309,0.3695689,55,combined
1,0.0012653768,0.36938107,55,combined
1,0.0012484888,0.36936513,55,combined
1,0.0012489383,0.3692903,55,combined
1,0.0012293023,0.3691907,55,combined
1,0.001206923,0.36877248,55,combined
1,0.0012042876,0.3685967,55,combined
1,0.001207161,0.3685059,55,combined
1,0.0012254461,0.36822146,55,combined
1,2.8223067e-05,0.34392792,55,combined
1,3.2451655e-05,0.3469554,55,combined
1,3.5736794e-05,0.35051864,55,combined
1,4.116931e-05,0.35013762,55,combined
1,4.3822212e-05,0.34995523,55,combined
1,0.9562631,0.29931128,55,combined
1,0.96281725,0.2978014,55,combined
1,0.98083705,0.28673217,55,combined
1,0.9834939,0.29441512,55,combined
1,0.98010796,0.3027705,55,combined
1,0.9806472,0.30106035,55,combined
1,0.9818397,0.29894617,55,combined
1,0.97681355,0.30669984,55,combined
1,0.98647213,0.28334594,55,combined
1,0.9916678,0.26310167,55,combined
1,0.99006313,0.27442354,55,combined
1,0.97020704,0.29418907,55,combined
1,0.9714106,0.290342,55,combined
1,0.95813525,0.29365593,55,combined
1,0.95737153,0.29518527,55,combined
1,0.96555924,0.287547,55,combined
1,0.9739509,0.2852407,55,combined
1,0.97951907,0.28963187,55,combined
1,0.9817893,0.28379035,55,combined
1,0.98301053,0.28311563,55,combined
1,0.98638123,0.27966052,55,combined
1,0.9767928,0.2807291,55,combined
1,0.98157984,0.2930391,55,combined
1,0.98163956,0.29328758,55,combined
1,0.9833355,0.28993645,55,combined
1,0.98237556,0.29201484,55,combined
1,0.9824777,0.29251355,55,combined
1,0.98297715,0.29124802,55,combined
1,0.97933835,0.30015406,55,combined
1,0.9799073,0.29972696,55,combined
1,0.9878334,0.27998865,55,combined
1,0.9874559,0.27685454,55,combined
1,0.985672,0.27582857,55,combined
1,0.985374,0.2794899,55,combined
1,0.9855058,0.28160912,55,combined
1,0.9824484,0.2773785,55,combined
1,0.97711426,0.27911758,55,combined
1,0.9796896,0.28108507,55,combined
1,2.4829944e-05,0.3340408,55,combined
1,2.8522973e-05,0.3368511,55,combined
1,5.1842002e-05,0.35203877,55,combined
1,5.6417877e-05,0.35255775,55,combined
1,5.294749e-05,0.3549265,55,combined
1,5.5792592e-05,0.35229555,55,combined
1,5.3808075e-05,0.3543503,55,combined
1,5.6012756e-05,0.3553885,55,combined
1,6.0120303e-05,0.35360926,55,combined
1,5.595457e-05,0.35549408,55,combined
1,6.08395e-05,0.3535633,55,combined
1,5.867508e-05,0.35553312,55,combined
1,2.0230325e-05,0.34096873,55,combined
1,6.0598042e-05,0.35401568,55,combined
1,5.473101e-05,0.3484167,55,combined
1,4.6591635e-05,0.34949255,55,combined
1,4.786442e-05,0.35350236,55,combined
1,5.3432705e-05,0.3528316,55,combined
1,4.6650683e-05,0.35460567,55,combined
1,4.8638733e-05,0.34833738,55,combined
1,3.461606e-05,0.35100445,55,combined
1,3.6710608e-05,0.34931514,55,combined
1,3.0990268e-05,0.34504402,55,combined
1,2.0484722e-05,0.33883345,55,combined
1,2.5676343e-05,0.3464745,55,combined
1,2.7276557e-05,0.34340456,55,combined
1,2.406134e-05,0.34484398,55,combined
1,0.0009276447,0.3689367,55,combined
1,0.00093729637,0.36933434,55,combined
1,0.0009439277,0.36956444,55,combined
1,0.0009402825,0.37018055,55,combined
1,0.00095817,0.37087724,55,combined
1,0.00095796544,0.37119192,55,combined
1,0.0009577318,0.37099782,55,combined
1,2.640509e-05,0.34570676,55,combined
1,0.00097235676,0.37026617,55,combined
1,0.00095942785,0.36993697,55,combined
1,0.00093639037,0.3696454,55,combined
1,0.00092578883,0.36968255,55,combined
1,0.0009174263,0.36965907,55,combined
1,0.00091758714,0.36974722,55,combined
1,0.00091433316,0.36957502,55,combined
1,0.0009085581,0.3694229,55,combined
1,0.0009061452,0.36930344,55,combined
1,0.000899602,0.36887452,55,combined
1,4.6819947e-05,0.35468122,55,combined
1,0.00088570453,0.36794117,55,combined
1,0.0008768364,0.3674235,55,combined
1,0.0008837032,0.36785808,55,combined
1,0.0008880063,0.36811954,55,combined
1,0.0008859838,0.36791113,55,combined
1,0.0008917013,0.36835882,55,combined
1,0.00089940993,0.3689304,55,combined
1,4.890748e-05,0.34860066,55,combined
1,3.7636302e-05,0.3506704,55,combined
1,4.58542e-05,0.35147378,55,combined
1,4.779856e-05,0.3519411,55,combined
1,4.7551915e-05,0.35043347,55,combined
1,6.544485e-05,0.3564487,55,combined
1,7.161721e-05,0.35479745,55,combined
1,6.9088084e-05,0.35602733,55,combined
1,7.589991e-05,0.357497,55,combined
1,7.996102e-05,0.35793886,55,combined
1,8.413794e-05,0.3580632,55,combined
1,8.5574524e-05,0.358546,55,combined
1,8.595876e-05,0.3565884,55,combined
1,7.899396e-05,0.35811508,55,combined
1,8.100694e-05,0.3573225,55,combined
1,7.895398e-05,0.35831594,55,combined
1,7.774972e-05,0.35396776,55,combined
1,8.561044e-05,0.35795394,55,combined
1,8.503293e-05,0.35721418,55,combined
1,0.0011536041,0.37064978,55,combined
1,0.0011408536,0.37046617,55,combined
1,0.001128825,0.3704002,55,combined
1,0.0011157846,0.37043607,55,combined
1,0.0011178784,0.37047535,55,combined
1,0.0010962199,0.3702555,55,combined
1,0.0010853858,0.3699973,55,combined
1,0.0010908684,0.37003416,55,combined
1,6.499817e-05,0.35290334,55,combined
1,0.0010701932,0.36986232,55,combined
1,0.0010501248,0.36906913,55,combined
1,0.001048641,0.36878487,55,combined
1,0.0010391863,0.3690811,55,combined
1,0.0010426501,0.36893204,55,combined
1,0.0010774307,0.3690666,55,combined
1,0.0010700296,0.36963356,55,combined
1,0.0010708551,0.3695983,55,combined
1,6.962315e-05,0.35443857,55,combined
1,7.372333e-05,0.35519138,55,combined
1,7.207061e-05,0.3568538,55,combined
1,7.106588e-05,0.35496607,55,combined
1,6.600473e-05,0.35621643,55,combined
1,6.6387205e-05,0.3568906,55,combined
0,0.0023892736,0.35369393,88,combined
0,0.002531581,0.39570698,88,combined
0,0.0025847931,0.41126317,88,combined
0,0.002666361,0.43426803,88,combined
0,0.002656798,0.43151045,88,combined
0,0.0027872466,0.46465257,88,combined
0,0.003134201,0.55871147,88,combined
0,0.0035746933,0.6509157,88,combined
0,0.003834213,0.69482756,88,combined
0,0.0038757075,0.7009195,88,combined
0,0.0037398008,0.6836972,88,combined
0,0.0036480785,0.6680151,88,combined
0,0.0034039598,0.6189615,88,combined
0,0.0029927294,0.5223777,88,combined
0,0.002800139,0.47608683,88,combined
0,0.0026310685,0.4416761,88,combined
0,0.0024200978,0.41038543,88,combined
0,0.0022659083,0.37402216,88,combined
0,0.002266827,0.37117484,88,combined
0,0.0021940388,0.3471927,88,combined
0,0.0022390445,0.34736112,88,combined
0,0.0024312641,0.37717482,88,combined
0,0.0023029922,0.32081765,88,combined
0,0.0022965283,0.32125846,88,combined
0,0.002523507,0.40272993,88,combined
0,0.0025302349,0.41683933,88,combined
0,0.0024937678,0.41602623,88,combined
0,0.0026182814,0.45357737,88,combined
0,0.0028815481,0.50760937,88,combined
0,0.003036813,0.5328641,88,combined
0,0.003203118,0.5676792,88,combined
0,0.0033409246,0.59688514,88,combined
0,0.0030541483,0.5352936,88,combined
0,0.0028542748,0.4852538,88,combined
0,0.0029473605,0.5115484,88,combined
0,0.0029923834,0.5269893,88,combined
0,0.0028724202,0.4957996,88,combined
0,0.0028916344,0.4978595,88,combined
0,0.0030114956,0.52976096,88,combined
0,0.003025687,0.5317391,88,combined
0,0.0028715136,0.49832335,88,combined
0,0.0026905085,0.44509625,88,combined
0,0.002686323,0.44194782,88,combined
0,0.0029538132,0.51504815,88,combined
0,0.002829762,0.47992313,88,combined
0,0.0024879694,0.38164747,88,combined
0,0.0026272212,0.41941077,88,combined
0,0.0027945628,0.47143704,88,combined
0,0.003047164,0.53070426,88,combined
0,0.0030602072,0.53795874,88,combined
0,0.0029170949,0.5006716,88,combined
0,0.002911976,0.4995301,88,combined
0,0.0028403925,0.48349527,88,combined
0,0.0030604156,0.5369866,88,combined
0,0.0031884387,0.56966406,88,combined
0,0.0029670463,0.5200377,88,combined
0,0.0029523112,0.51338583,88,combined
0,0.002877014,0.49814534,88,combined
0,0.0027430907,0.46488315,88,combined
0,0.002728293,0.47260508,88,combined
0,0.0026160283,0.44778696,88,combined
0,0.0024508191,0.3946089,88,combined
0,0.0023295707,0.3590384,88,combined
0,0.002310681,0.34139913,88,combined
0,0.0023398174,0.34894004,88,combined
0,0.002510748,0.40190023,88,combined
0,0.002766125,0.4609197,88,combined
0,0.002692172,0.44454724,88,combined
0,0.002498776,0.39957812,88,combined
0,0.0026197685,0.44131425,88,combined
0,0.0027979265,0.49336916,88,combined
0,0.0026556298,0.45483616,88,combined
0,0.0026739342,0.45707774,88,combined
0,0.0027644048,0.48325217,88,combined
0,0.0026173403,0.45496073,88,combined
0,0.0025107553,0.425365,88,combined
0,0.0023624676,0.36616638,88,combined
0,0.002331442,0.34426096,88,combined
0,0.0025044028,0.39391294,88,combined
0,0.0025275047,0.4018717,88,combined
0,0.0025041169,0.38777074,88,combined
0,0.0025987988,0.41057768,88,combined
0,0.0026708152,0.44187403,88,combined
0,0.0027149336,0.45843044,88,combined
0,0.0026497531,0.44337285,88,combined
0,0.0026083456,0.43827683,88,combined
0,0.0025567282,0.42451292,88,combined
0,0.0024078547,0.38730907,88,combined
0,0.0023363426,0.3547839,88,combined
0,0.0023896955,0.36135277,88,combined
0,0.002389536,0.35756165,88,combined
0,0.002426232,0.36751103,88,combined
0,0.002555685,0.40385765,88,combined
0,0.0026193536,0.43337646,88,combined
0,0.0027176659,0.46449563,88,combined
0,0.0027514503,0.46607903,88,combined
0,0.002877571,0.49378422,88,combined
0,0.0029538556,0.5121469,88,combined
0,0.0028431136,0.48432153,88,combined
0,0.0028674381,0.48684296,88,combined
0,0.0030126614,0.53447104,88,combined
0,0.0026806043,0.4333006,88,combined
0,0.0026254936,0.42686754,88,combined
0,0.0027805085,0.47054356,88,combined
0,0.0026917309,0.44563112,88,combined
0,0.0026505096,0.4570283,88,combined
0,0.0025798366,0.4284451,88,combined
0,0.0025747495,0.40781617,88,combined
0,0.0026204325,0.42146194,88,combined
0,0.0025457055,0.39540115,88,combined
0,0.0025577107,0.39982742,88,combined
0,0.0031364367,0.56807834,88,combined
0,0.0025012114,0.38703847,88,combined
0,0.0026851401,0.4449745,88,combined
0,0.0028166682,0.47880313,88,combined
0,0.002711338,0.4507548,88,combined
0,0.002854769,0.48727417,88,combined
0,0.0029019616,0.50509423,88,combined
0,0.002941951,0.51166064,88,combined
0,0.0028899575,0.4940557,88,combined
0,0.002716924,0.44631347,88,combined
0,0.0026407246,0.42343807,88,combined
0,0.003608673,0.65995693,88,combined
0,0.002452155,0.37631693,88,combined
0,0.0023063999,0.33175606,88,combined
0,0.0021828078,0.29906067,88,combined
0,0.0020543085,0.2836009,88,combined
0,0.0020895805,0.29736093,88,combined
0,0.0020389422,0.27314693,88,combined
0,0.0020237698,0.27399728,88,combined
0,0.0020820869,0.32925156,88,combined
0,0.0022049283,0.38230366,88,combined
0,0.002481965,0.4210698,88,combined
0,0.0038831225,0.7073982,88,combined
0,0.0027582308,0.47415683,88,combined
0,0.0028293126,0.48527876,88,combined
0,0.0028867328,0.49339402,88,combined
0,0.003003652,0.52717584,88,combined
0,0.0029864088,0.51864207,88,combined
0,0.0028780631,0.49507698,88,combined
0,0.0028519526,0.49025854,88,combined
0,0.0027200563,0.46241012,88,combined
0,0.0026599956,0.45277596,88,combined
0,0.0025727102,0.43257025,88,combined
0,0.0037249934,0.68681073,88,combined
0,0.0024206662,0.38708153,88,combined
0,0.0024940989,0.4017672,88,combined
0,0.0025287743,0.4118306,88,combined
0,0.002451655,0.38427255,88,combined
0,0.0022685316,0.31518447,88,combined
0,0.0022699968,0.30875474,88,combined
0,0.0023111668,0.3344872,88,combined
0,0.0025027036,0.40733588,88,combined
0,0.00287794,0.5136086,88,combined
0,0.003056539,0.54334,88,combined
0,0.0041068858,0.7368664,88,combined
0,0.0031553274,0.5564603,88,combined
0,0.0031267756,0.5489595,88,combined
0,0.0031190964,0.548129,88,combined
0,0.003012971,0.52233523,88,combined
0,0.0028689832,0.48228878,88,combined
0,0.0027326688,0.44861937,88,combined
0,0.0026143142,0.41428262,88,combined
0,0.004419266,0.7791438,88,combined
0,0.004505081,0.8056317,88,combined
0,0.0047393753,0.82431155,88,combined
0,0.0046635265,0.8050915,88,combined
0,0.004411652,0.7769086,88,combined
0,0.0041496335,0.7508167,88,combined
0,0.0040065525,0.7314028,88,combined
0,0.0035709448,0.6591898,88,combined
0,0.0031167874,0.5606251,88,combined
0,0.003336035,0.60119075,88,combined
0,0.0034228128,0.6200221,88,combined
0,0.0032496112,0.58083326,88,combined
0,0.0031789292,0.5653319,88,combined
0,0.0031097606,0.55230916,88,combined
0,0.0029686436,0.51969075,88,combined
0,0.0027521518,0.4614947,88,combined
0,0.0027029968,0.44398805,88,combined
0,0.0026157184,0.41981423,88,combined
0,0.0025748648,0.40736833,88,combined
0,0.0025487673,0.40027538,88,combined
0,0.0024701534,0.37834412,88,combined
0,0.0024926744,0.39629877,88,combined
0,0.0024734184,0.3860677,88,combined
0,0.00241882,0.37158582,88,combined
0,0.0023973375,0.366465,88,combined
0,0.0024740817,0.3870601,88,combined
0,0.002685711,0.46946788,88,combined
0,0.002790428,0.5048386,88,combined
0,0.002660433,0.4501415,88,combined
0,0.002621299,0.4313285,88,combined
0,0.0025712212,0.41397887,88,combined
0,0.0025151933,0.39985526,88,combined
0,0.0026109894,0.4286464,88,combined
0,0.0027386502,0.45606977,88,combined
0,0.0028132373,0.47555244,88,combined
0,0.002778929,0.46824995,88,combined
0,0.0029122867,0.49627426,88,combined
0,0.002999217,0.52050924,88,combined
0,0.0029925685,0.52020574,88,combined
0,0.0027521753,0.45672008,88,combined
0,0.0025216043,0.39069593,88,combined
0,0.0024255028,0.36723867,88,combined
0,0.0023243078,0.3347331,88,combined
0,0.00222289,0.2940198,88,combined
0,0.0022374624,0.30696362,88,combined
0,0.0024587836,0.4028346,88,combined
0,0.0026425575,0.4477363,88,combined
0,0.0028119897,0.47560173,88,combined
0,0.002900877,0.49744853,88,combined
0,0.0028848988,0.49536008,88,combined
0,0.0029950393,0.5261101,88,combined
0,0.0029935762,0.5202109,88,combined
0,0.0028747576,0.4876461,88,combined
0,0.0024975664,0.37947494,88,combined
0,0.0023062131,0.3203598,88,combined
0,0.0022586756,0.3147912,88,combined
0,0.0021738529,0.28817067,88,combined
0,0.002185909,0.3057384,88,combined
0,0.0021914784,0.33967593,88,combined
0,0.0021912907,0.3556458,88,combined
0,0.002328343,0.39550593,88,combined
0,0.0024327708,0.4080494,88,combined
0,0.002371418,0.36418366,88,combined
0,0.0025136315,0.39166385,88,combined
0,0.00270811,0.44692248,88,combined
0,0.0029162404,0.5026223,88,combined
0,0.0031770165,0.56742823,88,combined
0,0.0031866385,0.5715891,88,combined
0,0.00299327,0.52305627,88,combined
0,0.0029365653,0.5079253,88,combined
0,0.0030041002,0.52808934,88,combined
0,0.002742478,0.46055174,88,combined
0,0.0024915412,0.38176465,88,combined
0,0.002405448,0.35154462,88,combined
1,0.001441406,0.16569684,88,combined
1,0.0017470672,0.21544509,88,combined
1,0.002346374,0.34388617,88,combined
1,0.0027493057,0.4586102,88,combined
1,0.0030185564,0.540795,88,combined
1,0.003427266,0.63656366,88,combined
1,0.0033085304,0.6075555,88,combined
1,0.0029971278,0.5397768,88,combined
1,0.0032080594,0.58588356,88,combined
1,0.0028780948,0.4979783,88,combined
1,0.0026932417,0.44262287,88,combined
1,0.0028471777,0.48759308,88,combined
1,0.002543694,0.40023088,88,combined
1,0.0026546828,0.43574297,88,combined
1,0.003420265,0.6245881,88,combined
1,0.0031391003,0.5676225,88,combined
1,0.0029278635,0.5081345,88,combined
1,0.0029114697,0.49980447,88,combined
1,0.0034244317,0.6567498,88,combined
1,0.00440756,0.81173724,88,combined
1,0.0043329666,0.8320744,88,combined
1,0.0041210675,0.84485173,88,combined
1,0.0040889494,0.8097537,88,combined
1,0.0040561603,0.7525998,88,combined
1,0.0035035051,0.6629666,88,combined
1,0.0035522997,0.6632236,88,combined
1,0.004028097,0.72279197,88,combined
1,0.0038790007,0.701026,88,combined
1,0.0035915812,0.6486861,88,combined
1,0.0033516064,0.60049504,88,combined
1,0.0036802972,0.66408354,88,combined
1,0.0038757978,0.69457227,88,combined
1,0.004039186,0.72242254,88,combined
1,0.0043976675,0.76935524,88,combined
1,0.0043653464,0.76771265,88,combined
1,0.004135384,0.7409501,88,combined
1,0.0036028922,0.6615806,88,combined
1,0.0037224246,0.6896432,88,combined
1,0.0042096195,0.7695509,88,combined
1,0.0039614276,0.73759276,88,combined
1,0.0037796681,0.7019855,88,combined
1,0.0038697382,0.7306115,88,combined
1,0.0040940125,0.752618,88,combined
1,0.0039005873,0.7074377,88,combined
1,0.0034926594,0.63615274,88,combined
1,0.0033015213,0.5985861,88,combined
1,0.003603355,0.6572255,88,combined
1,0.0043822327,0.7707168,88,combined
1,0.004163013,0.74528587,88,combined
1,0.0040848777,0.7347517,88,combined
1,0.0045424835,0.7965881,88,combined
1,0.004224708,0.7710855,88,combined
1,0.0037267865,0.69540626,88,combined
1,0.0039340225,0.7274325,88,combined
1,0.0044301716,0.7859569,88,combined
1,0.0045833704,0.7871868,88,combined
1,0.0046342467,0.79007226,88,combined
1,0.004361332,0.7641121,88,combined
1,0.0032221612,0.57670003,88,combined
1,0.0030582806,0.54965115,88,combined
1,0.004130615,0.77919364,88,combined
1,0.0045419335,0.83669937,88,combined
1,0.0045609907,0.8361138,88,combined
1,0.0043534506,0.7958403,88,combined
1,0.0036933688,0.67414206,88,combined
1,0.0029823936,0.513513,88,combined
1,0.0026495086,0.4299179,88,combined
1,0.0026356406,0.43389767,88,combined
1,0.0022836202,0.32189366,88,combined
1,0.0020238794,0.25861877,88,combined
1,0.002098553,0.2714747,88,combined
1,0.0016010528,0.19134401,88,combined
1,0.0013950565,0.15476686,88,combined
1,0.0015775552,0.17970914,88,combined
1,0.0016210336,0.184355,88,combined
1,0.0016429743,0.18863258,88,combined
1,0.001776314,0.21510279,88,combined
1,0.0018010614,0.22157289,88,combined
1,0.001708213,0.20577146,88,combined
1,0.0017632373,0.21423842,88,combined
1,0.0019923125,0.25560135,88,combined
1,0.0023055705,0.32715246,88,combined
1,0.0025790413,0.4130296,88,combined
1,0.0031327608,0.56581354,88,combined
1,0.0034174772,0.6362573,88,combined
1,0.0034331847,0.6489878,88,combined
1,0.0037239972,0.70263726,88,combined
1,0.0041116215,0.7541187,88,combined
1,0.0042069694,0.77139056,88,combined
1,0.0042540515,0.77084386,88,combined
1,0.0042755567,0.7622422,88,combined
1,0.0041614887,0.74639297,88,combined
1,0.0042749234,0.77113813,88,combined
1,0.0045080543,0.79459417,88,combined
1,0.003936549,0.7143192,88,combined
1,0.0029119847,0.51664865,88,combined
1,0.0028658418,0.51517296,88,combined
1,0.0035901929,0.6709713,88,combined
1,0.0035258583,0.6536974,88,combined
1,0.0031220512,0.5624225,88,combined
1,0.002761102,0.46657106,88,combined
1,0.0022335884,0.30345201,88,combined
1,0.002288109,0.32001734,88,combined
1,0.0028823467,0.49312717,88,combined
1,0.0032143784,0.577669,88,combined
1,0.0036641473,0.6694435,88,combined
1,0.0035210638,0.64486104,88,combined
1,0.003274313,0.59527785,88,combined
1,0.003326583,0.60220927,88,combined
1,0.0034611053,0.6355144,88,combined
1,0.0040969024,0.74951917,88,combined
1,0.0045290445,0.8045126,88,combined
1,0.0045434325,0.81072795,88,combined
1,0.004441404,0.787507,88,combined
1,0.0044678035,0.7828851,88,combined
1,0.0042754733,0.7612494,88,combined
1,0.003468752,0.63971204,88,combined
1,0.0032443134,0.59040004,88,combined
1,0.0038109587,0.69515103,88,combined
1,0.004275835,0.76548725,88,combined
1,0.0041896915,0.7515658,88,combined
1,0.0035942208,0.6639402,88,combined
1,0.0035931433,0.6637216,88,combined
1,0.0036352284,0.6695024,88,combined
1,0.0037885462,0.6942799,88,combined
1,0.004129032,0.7369467,88,combined
1,0.0033581932,0.6066227,88,combined
1,0.0030149196,0.5191067,88,combined
0,0.0055210534,0.7215289,0,combined
0,0.0059862207,0.7192395,0,combined
0,0.0064109885,0.71684164,0,combined
0,0.0068140924,0.7151424,0,combined
0,0.006804363,0.71515816,0,combined
0,0.006792453,0.715188,0,combined
0,0.0067691575,0.71527296,0,combined
0,0.006731806,0.71541387,0,combined
0,0.0067049586,0.71552014,0,combined
0,0.0066831857,0.7155961,0,combined
0,0.00642015,0.7168172,0,combined
0,0.0064414404,0.7167249,0,combined
0,0.0064557865,0.7166987,0,combined
0,0.0064384993,0.71683794,0,combined
0,0.0064333947,0.7168864,0,combined
0,0.006433243,0.7168784,0,combined
0,0.0064287935,0.7168588,0,combined
0,0.0064267847,0.71689063,0,combined
0,0.0064338758,0.71691096,0,combined
0,0.0061670775,0.7183051,0,combined
0,0.006458338,0.7168032,0,combined
0,0.0064759343,0.71669024,0,combined
0,0.0065076137,0.71654904,0,combined
0,0.006516011,0.71652246,0,combined
0,0.006512005,0.71649957,0,combined
0,0.0065237386,0.7163876,0,combined
0,0.006544453,0.7162509,0,combined
0,0.006504988,0.71639615,0,combined
0,0.006495774,0.71640486,0,combined
0,0.006542661,0.7161732,0,combined
0,0.0062579047,0.7177318,0,combined
0,0.0065466664,0.7161306,0,combined
0,0.0065402407,0.7161277,0,combined
0,0.006522413,0.7161859,0,combined
0,0.0065250336,0.71618295,0,combined
0,0.006530826,0.7161527,0,combined
0,0.0065201265,0.7161868,0,combined
0,0.0065211435,0.7162011,0,combined
0,0.006534929,0.71616155,0,combined
0,0.0065411916,0.71613336,0,combined
0,0.006533827,0.716176,0,combined
0,0.0063249683,0.7172673,0,combined
0,0.006523899,0.7162507,0,combined
0,0.0064973687,0.7163929,0,combined
0,0.0064763054,0.7164825,0,combined
0,0.006484726,0.71642107,0,combined
0,0.0064987782,0.71634555,0,combined
0,0.0065267677,0.7161889,0,combined
0,0.006572351,0.71597075,0,combined
0,0.00656703,0.7159817,0,combined
0,0.006560451,0.7159758,0,combined
0,0.006585047,0.7158474,0,combined
0,0.0063838004,0.7168939,0,combined
0,0.0065824343,0.7158292,0,combined
0,0.0065855402,0.71580946,0,combined
0,0.006579871,0.7158499,0,combined
0,0.006572706,0.71588933,0,combined
0,0.0065543866,0.71596336,0,combined
0,0.006546394,0.7160179,0,combined
0,0.0065361555,0.7160796,0,combined
0,0.00653371,0.7161012,0,combined
0,0.006509692,0.71621853,0,combined
0,0.006459271,0.71644247,0,combined
0,0.0064066285,0.7167307,0,combined
0,0.006433315,0.71657294,0,combined
0,0.0064074174,0.71670926,0,combined
0,0.0063990746,0.7167871,0,combined
0,0.00642231,0.7166955,0,combined
0,0.006434983,0.7166348,0,combined
0,0.0064486763,0.71655726,0,combined
0,0.006488682,0.716372,0,combined
0,0.0064939526,0.7163445,0,combined
0,0.006489075,0.71635216,0,combined
0,0.0064924853,0.71634555,0,combined
0,0.006428014,0.7166196,0,combined
0,0.006479877,0.7164056,0,combined
0,0.0064786314,0.7164137,0,combined
0,0.0064594923,0.7165218,0,combined
0,0.0064437054,0.716645,0,combined
0,0.0064798645,0.7165079,0,combined
0,0.0064907474,0.71643835,0,combined
0,0.006462412,0.7165531,0,combined
0,0.0064394693,0.7166681,0,combined
0,0.006433596,0.7167121,0,combined
0,0.0064430092,0.7166788,0,combined
0,0.006461105,0.7165209,0,combined
0,0.006476986,0.7165221,0,combined
0,0.006526477,0.7163012,0,combined
0,0.006562483,0.71614116,0,combined
0,0.006613375,0.7159245,0,combined
0,0.006644914,0.71578,0,combined
0,0.0066632386,0.7156922,0,combined
0,0.006696837,0.7155657,0,combined
0,0.0067205,0.7154903,0,combined
0,0.006755018,0.71534234,0,combined
0,0.0067933924,0.7151672,0,combined
0,0.006439689,0.7166819,0,combined
0,0.006798044,0.7151686,0,combined
0,0.0068233823,0.71504235,0,combined
0,0.006868655,0.7147838,0,combined
0,0.006862516,0.714777,0,combined
0,0.0068690456,0.7147704,0,combined
0,0.0068610767,0.71485007,0,combined
0,0.0068375994,0.7149722,0,combined
0,0.006825978,0.715036,0,combined
0,0.006811092,0.71513456,0,combined
0,0.0068189213,0.7151321,0,combined
0,0.005994042,0.719148,0,combined
0,0.0071287015,0.7143079,0,combined
0,0.007077457,0.7142088,0,combined
0,0.0065101236,0.7169676,0,combined
0,0.006566233,0.71665853,0,combined
0,0.006607601,0.7164502,0,combined
0,0.006598242,0.71656126,0,combined
0,0.006542939,0.71688765,0,combined
0,0.0066106217,0.71651405,0,combined
0,0.00670106,0.7160338,0,combined
0,0.006963344,0.7147008,0,combined
0,0.0068757073,0.7150491,0,combined
0,0.0067698187,0.71548563,0,combined
0,0.0066544292,0.7159975,0,combined
0,0.0065635336,0.7163904,0,combined
0,0.006505475,0.7166373,0,combined
0,0.006506698,0.71662754,0,combined
0,0.0064656,0.71684223,0,combined
0,0.006408754,0.7171316,0,combined
0,0.007432639,0.71297723,0,combined
0,0.0064568142,0.7168942,0,combined
0,0.006459623,0.7168664,0,combined
0,0.006423372,0.7170375,0,combined
0,0.0064427713,0.7169563,0,combined
0,0.0064566,0.71691024,0,combined
0,0.0062572085,0.7179853,0,combined
0,0.0061220177,0.7186952,0,combined
0,0.006153138,0.7185473,0,combined
0,0.0057254615,0.7208162,0,combined
0,0.0056562466,0.72119135,0,combined
0,0.007554141,0.71244836,0,combined
0,0.0061026327,0.71880066,0,combined
0,0.006240602,0.71811694,0,combined
0,0.0062636463,0.7180146,0,combined
0,0.006265866,0.7180141,0,combined
0,0.006253885,0.718087,0,combined
0,0.006244789,0.71813583,0,combined
0,0.0062594293,0.71807075,0,combined
0,0.0064386753,0.71714276,0,combined
0,0.006527937,0.7166546,0,combined
0,0.006485461,0.7168848,0,combined
0,0.007450234,0.71290326,0,combined
0,0.006456267,0.71703887,0,combined
0,0.0064452104,0.71711266,0,combined
0,0.006469163,0.7169993,0,combined
0,0.0064380355,0.717151,0,combined
0,0.0064317132,0.71721417,0,combined
0,0.0064806263,0.71698266,0,combined
0,0.0065214485,0.7167944,0,combined
0,0.0065763877,0.7165221,0,combined
0,0.0065998086,0.7164025,0,combined
0,0.006514171,0.71686214,0,combined
0,0.0073701115,0.7131892,0,combined
0,0.006472796,0.71709275,0,combined
0,0.006486552,0.7170119,0,combined
0,0.006525806,0.71677506,0,combined
0,0.0065463814,0.7166566,0,combined
0,0.006581156,0.7165309,0,combined
0,0.0066405023,0.71630967,0,combined
0,0.0067055905,0.716006,0,combined
0,0.0067374515,0.7158454,0,combined
0,0.0067334417,0.7158692,0,combined
0,0.0067563076,0.71575516,0,combined
0,0.007305327,0.7133608,0,combined
0,0.006707541,0.71602905,0,combined
0,0.006642487,0.71638626,0,combined
0,0.0066510923,0.71635145,0,combined
0,0.006668429,0.71627045,0,combined
0,0.0066862158,0.71618825,0,combined
0,0.0066825743,0.71620226,0,combined
0,0.006584255,0.7166869,0,combined
0,0.0065859617,0.71666324,0,combined
0,0.006699387,0.7160834,0,combined
0,0.006722126,0.71594036,0,combined
0,0.007264545,0.71344686,0,combined
0,0.0067219893,0.71592087,0,combined
0,0.006719309,0.7159558,0,combined
0,0.006736472,0.71586066,0,combined
0,0.0067442674,0.7157815,0,combined
0,0.00673223,0.71583325,0,combined
0,0.006720703,0.71588475,0,combined
0,0.0067041335,0.715943,0,combined
0,0.0066709877,0.7160907,0,combined
0,0.0066764625,0.71605873,0,combined
0,0.006714702,0.71590513,0,combined
0,0.0071899816,0.7137417,0,combined
0,0.006677395,0.71610093,0,combined
0,0.006627694,0.7163005,0,combined
0,0.0065266383,0.7167283,0,combined
0,0.0063731996,0.7174358,0,combined
0,0.006247849,0.71801746,0,combined
0,0.0061833826,0.7182987,0,combined
0,0.0061740195,0.7183094,0,combined
0,0.0061847665,0.7182439,0,combined
0,0.006206781,0.7181522,0,combined
0,0.0061762254,0.7183201,0,combined
0,0.0071398676,0.7139494,0,combined
0,0.0059579723,0.71943873,0,combined
0,0.0058659445,0.7199112,0,combined
0,0.005989913,0.7192361,0,combined
0,0.0059897993,0.7193158,0,combined
0,0.0059446134,0.71964633,0,combined
0,0.006031673,0.7192566,0,combined
0,0.0060972385,0.71899503,0,combined
0,0.0061985217,0.71852785,0,combined
0,0.0063846842,0.71760935,0,combined
0,0.0064959708,0.7170513,0,combined
0,0.0069956286,0.7141123,0,combined
0,0.007081694,0.71371573,0,combined
0,0.008019035,0.7100024,0,combined
0,0.008679283,0.70749515,0,combined
0,0.008646769,0.70762414,0,combined
0,0.008623755,0.7076947,0,combined
0,0.008621859,0.707686,0,combined
0,0.008612412,0.7077175,0,combined
0,0.008551379,0.70795286,0,combined
0,0.008522408,0.7080707,0,combined
0,0.007972646,0.7102153,0,combined
0,0.008094938,0.7097182,0,combined
0,0.008159585,0.70943165,0,combined
0,0.008180834,0.7093786,0,combined
0,0.008308177,0.70894617,0,combined
0,0.0083019715,0.7089506,0,combined
0,0.008243978,0.70910615,0,combined
0,0.008239963,0.70909446,0,combined
0,0.008279351,0.70895606,0,combined
0,0.00716287,0.7133126,0,combined
0,0.008307737,0.7088566,0,combined
0,0.008365614,0.7086458,0,combined
0,0.008444816,0.7083505,0,combined
0,0.008492235,0.708199,0,combined
0,0.008487136,0.7082337,0,combined
0,0.00852091,0.7081298,0,combined
0,0.008553821,0.7080306,0,combined
0,0.008554403,0.70800984,0,combined
0,0.0085616205,0.7079852,0,combined
0,0.008606885,0.7078471,0,combined
0,0.007262241,0.71285266,0,combined
0,0.008655078,0.7076794,0,combined
0,0.008657386,0.7076578,0,combined
0,0.008639072,0.7076998,0,combined
0,0.008580295,0.7079234,0,combined
0,0.00857023,0.70797294,0,combined
0,0.0085556,0.70804006,0,combined
0,0.008527019,0.70815533,0,combined
0,0.008505224,0.7082417,0,combined
0,0.008407713,0.7085967,0,combined
0,0.008210058,0.7093091,0,combined
0,0.0072952705,0.71279055,0,combined
0,0.008087031,0.7097675,0,combined
0,0.008207668,0.7092724,0,combined
0,0.008328363,0.70876116,0,combined
0,0.008331416,0.70874107,0,combined
0,0.00829924,0.7089038,0,combined
0,0.008289434,0.70897484,0,combined
0,0.00836138,0.708724,0,combined
0,0.008405757,0.7085716,0,combined
0,0.008412453,0.7085698,0,combined
0,0.008407554,0.7086066,0,combined
0,0.0072508603,0.7130334,0,combined
0,0.00841355,0.70856017,0,combined
0,0.008469123,0.7083091,0,combined
0,0.008520398,0.7080835,0,combined
0,0.008534561,0.70802236,0,combined
0,0.008537152,0.7080039,0,combined
0,0.00856433,0.7079001,0,combined
0,0.008558844,0.7079417,0,combined
0,0.008511915,0.70813155,0,combined
0,0.008585742,0.7078339,0,combined
0,0.008675682,0.70745045,0,combined
0,0.0074412404,0.71221095,0,combined
0,0.00864377,0.70748943,0,combined
0,0.008635494,0.70752853,0,combined
0,0.008650358,0.70752186,0,combined
0,0.008665043,0.7074676,0,combined
0,0.008692743,0.7074094,0,combined
0,0.008682772,0.7074996,0,combined
0,0.008601369,0.70782423,0,combined
0,0.008606967,0.70780265,0,combined
0,0.008691888,0.7074718,0,combined
0,0.008732022,0.7073219,0,combined
0,0.0076698437,0.71130323,0,combined
0,0.0087400535,0.70729965,0,combined
0,0.008737199,0.7073094,0,combined
0,0.00871098,0.707409,0,combined
0,0.008697707,0.70745915,0,combined
0,0.008696335,0.7074721,0,combined
0,0.008749672,0.70728046,0,combined
0,0.008787349,0.7071581,0,combined
0,0.008776238,0.7072204,0,combined
0,0.008793669,0.70713806,0,combined
0,0.008856844,0.7069114,0,combined
0,0.007800831,0.71079546,0,combined
0,0.008946263,0.7065924,0,combined
0,0.009024475,0.70631653,0,combined
0,0.009080157,0.7061426,0,combined
0,0.009084895,0.7061455,0,combined
0,0.008973598,0.7065724,0,combined
0,0.00887424,0.70693487,0,combined
0,0.00895094,0.70667213,0,combined
0,0.009018294,0.70643836,0,combined
0,0.009002619,0.706477,0,combined
0,0.009012968,0.7064225,0,combined
0,0.007953483,0.7102007,0,combined
0,0.008989421,0.7064881,0,combined
0,0.008962512,0.70658493,0,combined
0,0.008941787,0.7066534,0,combined
0,0.008906062,0.7067743,0,combined
0,0.008870928,0.7068834,0,combined
0,0.00879386,0.7071299,0,combined
0,0.008726543,0.707346,0,combined
0,0.008730627,0.7073442,0,combined
0,0.008725982,0.70737964,0,combined
0,0.00870553,0.7074155,0,combined
0,0.0078054946,0.71128404,0,combined
0,0.007761645,0.71128464,0,combined
0,0.0073199715,0.7124706,0,combined
0,0.007749488,0.7109111,0,combined
0,0.007813464,0.71068764,0,combined
0,0.007835715,0.71062106,0,combined
0,0.007821302,0.71068615,0,combined
0,0.0078002117,0.71075827,0,combined
0,0.0078030904,0.7107435,0,combined
0,0.0077752816,0.71084607,0,combined
0,0.007353393,0.7122739,0,combined
0,0.0073502925,0.71229494,0,combined
0,0.0073448243,0.71236277,0,combined
0,0.0074639525,0.71187603,0,combined
0,0.007609912,0.7112712,0,combined
0,0.007676743,0.7110208,0,combined
0,0.0077376976,0.71079963,0,combined
0,0.0077580623,0.7107292,0,combined
0,0.0077571115,0.7107285,0,combined
0,0.0077014863,0.71136916,0,combined
0,0.007760606,0.7107102,0,combined
0,0.007773902,0.7106548,0,combined
0,0.007794035,0.7105675,0,combined
0,0.007800846,0.71054035,0,combined
0,0.007767625,0.71068233,0,combined
0,0.0077170692,0.7108813,0,combined
0,0.007700681,0.7109332,0,combined
0,0.00768856,0.71098065,0,combined
0,0.00765328,0.7111531,0,combined
0,0.007625585,0.71128654,0,combined
0,0.007671122,0.7113314,0,combined
0,0.007594634,0.7114079,0,combined
0,0.0075941337,0.71137697,0,combined
0,0.0076457975,0.71114415,0,combined
0,0.0076790894,0.7110231,0,combined
0,0.007681426,0.71100277,0,combined
0,0.0077017304,0.7108925,0,combined
0,0.0077070966,0.71086395,0,combined
0,0.0076934625,0.7109373,0,combined
0,0.0077057257,0.71088827,0,combined
0,0.00770532,0.71086717,0,combined
0,0.007665011,0.71121216,0,combined
0,0.007672966,0.7109675,0,combined
0,0.007648425,0.7110387,0,combined
0,0.0076576374,0.7109855,0,combined
0,0.0076470426,0.71103835,0,combined
0,0.0075822948,0.7113406,0,combined
0,0.007556526,0.7114627,0,combined
0,0.0075607146,0.71143895,0,combined
0,0.0075458656,0.71150523,0,combined
0,0.007526942,0.71159595,0,combined
0,0.0075182198,0.7116222,0,combined
0,0.007601217,0.711406,0,combined
0,0.0074974694,0.7117039,0,combined
0,0.0074362736,0.7120019,0,combined
0,0.0075245705,0.7116342,0,combined
0,0.007693899,0.7109168,0,combined
0,0.007718603,0.71083796,0,combined
0,0.0076951226,0.7109562,0,combined
0,0.0076879533,0.7110002,0,combined
0,0.0076567717,0.71114314,0,combined
0,0.0076219416,0.71128553,0,combined
0,0.007611108,0.7113329,0,combined
0,0.007503237,0.7118071,0,combined
0,0.0075999517,0.71138644,0,combined
0,0.007605369,0.7113557,0,combined
0,0.007636014,0.71120775,0,combined
0,0.007643114,0.7111531,0,combined
0,0.0076101646,0.7112654,0,combined
0,0.007571721,0.71141016,0,combined
0,0.007560629,0.7114582,0,combined
0,0.0075664027,0.71143925,0,combined
0,0.00757637,0.7114102,0,combined
0,0.0075884797,0.71138734,0,combined
0,0.0074354038,0.7120895,0,combined
0,0.007573,0.7114949,0,combined
0,0.0075437874,0.71164167,0,combined
0,0.007584571,0.711461,0,combined
0,0.007638872,0.7112189,0,combined
0,0.0076486054,0.711155,0,combined
0,0.0076898523,0.7109732,0,combined
0,0.0077152764,0.7108327,0,combined
0,0.0077335252,0.71073395,0,combined
0,0.007726946,0.71077514,0,combined
0,0.007708836,0.71085674,0,combined
0,0.007405215,0.7121989,0,combined
0,0.0076886183,0.7109646,0,combined
0,0.007687633,0.7109944,0,combined
0,0.0077210614,0.71085393,0,combined
0,0.0077495985,0.71072054,0,combined
0,0.0077617886,0.71064746,0,combined
0,0.0077610943,0.71063405,0,combined
0,0.007764121,0.710621,0,combined
0,0.007749473,0.7106963,0,combined
0,0.0077217775,0.71083474,0,combined
0,0.007695367,0.7109888,0,combined
0,0.00734872,0.7124076,0,combined
0,0.0076723997,0.71113473,0,combined
0,0.0076700547,0.7111678,0,combined
0,0.0076679057,0.7111728,0,combined
0,0.007672755,0.7111326,0,combined
0,0.007698608,0.71101856,0,combined
0,0.0077294246,0.71088886,0,combined
0,0.0077557093,0.7107687,0,combined
0,0.0077702804,0.7107049,0,combined
0,0.0077391886,0.7108772,0,combined
0,0.0076952754,0.7111045,0,combined
0,0.006372692,0.7181898,0,combined
0,0.0063874796,0.7181113,0,combined
0,0.006349117,0.7178705,0,combined
0,0.006428684,0.7170226,0,combined
0,0.0064473874,0.71689904,0,combined
0,0.0064682807,0.7168054,0,combined
0,0.006562875,0.71640253,0,combined
0,0.006618546,0.7161875,0,combined
0,0.0066294177,0.7161685,0,combined
0,0.006587856,0.71634,0,combined
0,0.0064007184,0.71761817,0,combined
0,0.006378927,0.7177417,0,combined
0,0.006409172,0.71759534,0,combined
0,0.006451464,0.71740437,0,combined
0,0.0064688227,0.71737444,0,combined
0,0.0064216093,0.7176426,0,combined
0,0.0068400158,0.7162444,0,combined
0,0.0060984804,0.72041327,0,combined
0,0.004975278,0.7264595,0,combined
0,0.006418665,0.7179342,0,combined
0,0.0054849056,0.72275776,0,combined
0,0.00649,0.71708214,0,combined
0,0.0069947247,0.7146128,0,combined
0,0.007215992,0.7136391,0,combined
0,0.007246516,0.71353257,0,combined
0,0.0071385363,0.7139887,0,combined
0,0.00702909,0.71449727,0,combined
0,0.007035333,0.7145058,0,combined
0,0.0070633637,0.7143937,0,combined
0,0.00698218,0.7147486,0,combined
0,0.0064671524,0.71768177,0,combined
0,0.0068215444,0.7154656,0,combined
0,0.006684468,0.7160806,0,combined
0,0.0065931003,0.71647626,0,combined
0,0.006418215,0.717306,0,combined
0,0.0061381646,0.7187467,0,combined
0,0.0059052436,0.71988094,0,combined
0,0.0058363928,0.72015655,0,combined
0,0.005889209,0.71993315,0,combined
0,0.0059294333,0.7197376,0,combined
0,0.0059267245,0.71973,0,combined
0,0.006543987,0.71730995,0,combined
0,0.0058911387,0.71986544,0,combined
0,0.0058445437,0.7200992,0,combined
0,0.0058660945,0.7200042,0,combined
0,0.005926969,0.7197029,0,combined
0,0.0059904745,0.71936566,0,combined
0,0.00611496,0.71866626,0,combined
0,0.006030501,0.71905553,0,combined
0,0.005933752,0.7196157,0,combined
0,0.0059510292,0.7195787,0,combined
0,0.005926033,0.71969336,0,combined
0,0.006595799,0.7170378,0,combined
0,0.005804474,0.7203004,0,combined
0,0.0056596235,0.7210937,0,combined
0,0.0056434204,0.72122186,0,combined
0,0.0056688623,0.72110605,0,combined
0,0.005674854,0.7210768,0,combined
0,0.0056550447,0.7211504,0,combined
0,0.0056633656,0.7210516,0,combined
0,0.005725728,0.7207089,0,combined
0,0.0057869395,0.72039694,0,combined
0,0.005761656,0.7205237,0,combined
0,0.006541756,0.7171857,0,combined
0,0.0057899416,0.72040904,0,combined
0,0.0059261704,0.71969944,0,combined
0,0.0062502325,0.7180036,0,combined
0,0.006513141,0.71665823,0,combined
0,0.0065105674,0.7166872,0,combined
0,0.0065291426,0.71664137,0,combined
0,0.006583039,0.7164234,0,combined
0,0.006637351,0.7161394,0,combined
0,0.0065999655,0.7163203,0,combined
0,0.006530266,0.7166561,0,combined
0,0.0063856486,0.7178279,0,combined
0,0.006523105,0.71667266,0,combined
0,0.0065091248,0.71670187,0,combined
0,0.006479681,0.71679235,0,combined
0,0.0064812,0.71675825,0,combined
0,0.0065024337,0.7166546,0,combined
0,0.0065819537,0.7162512,0,combined
0,0.006609379,0.71612465,0,combined
0,0.006608327,0.71614194,0,combined
0,0.006629414,0.7159906,0,combined
0,0.006619768,0.7160163,0,combined
0,0.0062682363,0.7183747,0,combined
0,0.0066588083,0.7158448,0,combined
0,0.0066823596,0.71572214,0,combined
0,0.0066676456,0.71576357,0,combined
0,0.006651533,0.7158279,0,combined
0,0.006733199,0.7154624,0,combined
0,0.006761654,0.7153599,0,combined
0,0.0065086125,0.7166824,0,combined
0,0.006305491,0.71770287,0,combined
0,0.00635742,0.7173639,0,combined
0,0.006455781,0.71686316,0,combined
0,0.0062672677,0.71832806,0,combined
0,0.006464776,0.71683604,0,combined
0,0.0064263856,0.7170473,0,combined
0,0.006367609,0.71732557,0,combined
0,0.0063195433,0.7175504,0,combined
0,0.006346489,0.71745497,0,combined
0,0.0063910754,0.7172618,0,combined
0,0.0064176223,0.7171072,0,combined
0,0.006413197,0.717085,0,combined
0,0.0064024497,0.71705866,0,combined
0,0.006381989,0.7171717,0,combined
0,0.005132711,0.7240852,0,combined
0,0.005122465,0.72403944,0,combined
0,0.005341467,0.7221337,0,combined
0,0.00695695,0.7135398,0,combined
0,0.0069858204,0.7134091,0,combined
0,0.0070084995,0.713309,0,combined
0,0.0070129833,0.7132959,0,combined
0,0.0070197615,0.71328986,0,combined
0,0.0070263385,0.71328413,0,combined
0,0.006997646,0.7134402,0,combined
0,0.005346353,0.722146,0,combined
0,0.005361791,0.72208685,0,combined
0,0.0053610196,0.7221041,0,combined
0,0.0053531895,0.72214794,0,combined
0,0.0053457804,0.72215813,0,combined
0,0.0053369016,0.7221763,0,combined
0,0.005363192,0.7220152,0,combined
0,0.005411335,0.72177225,0,combined
0,0.0054075434,0.7217937,0,combined
0,0.0051432457,0.72380656,0,combined
0,0.005408793,0.72177553,0,combined
0,0.005443804,0.7216136,0,combined
0,0.0054585105,0.7215506,0,combined
0,0.0054603852,0.721537,0,combined
0,0.0054576076,0.7215668,0,combined
0,0.0054775835,0.721491,0,combined
0,0.005527561,0.7212473,0,combined
0,0.005585659,0.7209342,0,combined
0,0.005602808,0.72083044,0,combined
0,0.005622323,0.7207097,0,combined
0,0.0052023297,0.72333413,0,combined
0,0.005628493,0.72066885,0,combined
0,0.0056336,0.72062325,0,combined
0,0.005677381,0.72037375,0,combined
0,0.005709842,0.72020173,0,combined
0,0.0057199807,0.7201739,0,combined
0,0.005717094,0.7202354,0,combined
0,0.0057103676,0.72027105,0,combined
0,0.005631207,0.72067946,0,combined
0,0.0055786553,0.7209268,0,combined
0,0.005606048,0.72073156,0,combined
0,0.005247611,0.7229579,0,combined
0,0.005615327,0.7206858,0,combined
0,0.0056399773,0.7205562,0,combined
0,0.0056571346,0.720466,0,combined
0,0.0056469613,0.7205142,0,combined
0,0.0056510805,0.7204824,0,combined
0,0.0056572147,0.72046345,0,combined
0,0.005645211,0.7205212,0,combined
0,0.0056379028,0.7205333,0,combined
0,0.0056143575,0.72065896,0,combined
0,0.0056094513,0.72069585,0,combined
0,0.0052764663,0.72268444,0,combined
0,0.005716121,0.72005254,0,combined
0,0.0061526806,0.7174707,0,combined
0,0.006482733,0.71564347,0,combined
0,0.0064657135,0.7157148,0,combined
0,0.006468517,0.715698,0,combined
0,0.0064691906,0.7157062,0,combined
0,0.006461653,0.71578,0,combined
0,0.006452619,0.7158632,0,combined
0,0.006453307,0.71584636,0,combined
0,0.0064736735,0.7157702,0,combined
0,0.0052753254,0.72260445,0,combined
0,0.0064940727,0.71571755,0,combined
0,0.0064919377,0.71572965,0,combined
0,0.0065235156,0.7155471,0,combined
0,0.0065616285,0.7153015,0,combined
0,0.0065808906,0.71517086,0,combined
0,0.006600156,0.71508247,0,combined
0,0.0066009653,0.7150768,0,combined
0,0.0066281524,0.7149669,0,combined
0,0.0066429754,0.71489877,0,combined
0,0.006648912,0.7148597,0,combined
0,0.0052873045,0.722487,0,combined
0,0.006676279,0.71474826,0,combined
0,0.00669644,0.7146685,0,combined
0,0.006733645,0.7144876,0,combined
0,0.006711062,0.7146206,0,combined
0,0.006687689,0.7147448,0,combined
0,0.006740723,0.7144705,0,combined
0,0.0067912764,0.71427983,0,combined
0,0.0068804165,0.713945,0,combined
0,0.0069801635,0.7135283,0,combined
0,0.007019831,0.71336275,0,combined
0,0.005323861,0.7222229,0,combined
0,0.0070413724,0.71325386,0,combined
0,0.007023082,0.71336293,0,combined
0,0.0070319367,0.7133328,0,combined
0,0.007128546,0.7129176,0,combined
0,0.0071809976,0.7127765,0,combined
0,0.0072229025,0.7126261,0,combined
0,0.0072582685,0.71246386,0,combined
0,0.007283566,0.7123591,0,combined
0,0.0072484007,0.7124775,0,combined
0,0.0071828165,0.71267384,0,combined
0,0.0053368127,0.72213244,0,combined
0,0.0071300347,0.71282154,0,combined
0,0.007120384,0.7128488,0,combined
0,0.0071398066,0.7127679,0,combined
0,0.0071175257,0.7128563,0,combined
0,0.0070852293,0.7129864,0,combined
0,0.007039626,0.7131632,0,combined
0,0.0069706216,0.7134454,0,combined
0,0.006950635,0.7135352,0,combined
0,0.0069660014,0.71347564,0,combined
0,0.0069565284,0.7135317,0,combined
0,0.0052886163,0.7228225,0,combined
0,0.0054036523,0.7221895,0,combined
0,0.0061259535,0.7178137,0,combined
0,0.006277712,0.7171792,0,combined
0,0.006289074,0.7170946,0,combined
0,0.0063003306,0.71698236,0,combined
0,0.006307431,0.71694297,0,combined
0,0.0062976973,0.71701294,0,combined
0,0.0062780753,0.7170954,0,combined
0,0.0062971245,0.71698314,0,combined
0,0.006184344,0.71758133,0,combined
0,0.0061025233,0.7180772,0,combined
0,0.0060449233,0.71840113,0,combined
0,0.006092235,0.7181312,0,combined
0,0.00607565,0.71821475,0,combined
0,0.0060541467,0.7183408,0,combined
0,0.0060732407,0.71821517,0,combined
0,0.0060958858,0.7180425,0,combined
0,0.006108328,0.7179361,0,combined
0,0.0056392183,0.7208272,0,combined
0,0.0061072684,0.7179532,0,combined
0,0.0060763294,0.7181577,0,combined
0,0.006083903,0.718077,0,combined
0,0.0061089527,0.7179141,0,combined
0,0.0061309375,0.7178075,0,combined
0,0.006158386,0.71761453,0,combined
0,0.0061640097,0.71753144,0,combined
0,0.0061497716,0.7176026,0,combined
0,0.006130798,0.71772254,0,combined
0,0.006132411,0.71770835,0,combined
0,0.0058445437,0.7196825,0,combined
0,0.006149675,0.71760595,0,combined
0,0.0061161486,0.7178216,0,combined
0,0.006104611,0.7178927,0,combined
0,0.006164687,0.7175405,0,combined
0,0.0061192974,0.7177925,0,combined
0,0.0060761366,0.7181066,0,combined
0,0.006091404,0.71808916,0,combined
0,0.0060567614,0.7183106,0,combined
0,0.0060370606,0.71847564,0,combined
0,0.006022625,0.71859425,0,combined
0,0.0059669316,0.7189779,0,combined
0,0.0060257753,0.71861166,0,combined
0,0.0060352073,0.71857965,0,combined
0,0.0060001933,0.71879727,0,combined
0,0.0060634706,0.71848655,0,combined
0,0.0062094256,0.717677,0,combined
0,0.0063045532,0.71713716,0,combined
0,0.006425892,0.7165182,0,combined
0,0.006511561,0.7161026,0,combined
0,0.0065652383,0.7158457,0,combined
0,0.0066517848,0.71544033,0,combined
0,0.0060226857,0.71855295,0,combined
0,0.00671125,0.71517116,0,combined
0,0.0067237597,0.71511245,0,combined
0,0.0066948547,0.71526957,0,combined
0,0.006597883,0.71578026,0,combined
0,0.00652415,0.7161686,0,combined
0,0.0065037487,0.71625906,0,combined
0,0.0064534936,0.71652126,0,combined
0,0.006291676,0.7173464,0,combined
0,0.0061849067,0.71781826,0,combined
0,0.0062046642,0.7176397,0,combined
0,0.0060427627,0.71835923,0,combined
0,0.006179921,0.7177463,0,combined
0,0.0061549493,0.7178796,0,combined
0,0.0061744754,0.7177654,0,combined
0,0.0061801197,0.71770364,0,combined
0,0.0061739204,0.71772456,0,combined
0,0.0062160413,0.71748704,0,combined
0,0.0062600016,0.7172499,0,combined
0,0.006211675,0.71752954,0,combined
0,0.006218679,0.7175376,0,combined
0,0.006300193,0.71711373,0,combined
0,0.006062088,0.7182233,0,combined
0,0.006374775,0.71671855,0,combined
0,0.0064226324,0.7164986,0,combined
0,0.0063234633,0.7170724,0,combined
0,0.0064000753,0.71668637,0,combined
0,0.006497645,0.7161713,0,combined
0,0.0063682552,0.71683943,0,combined
0,0.006327938,0.7170766,0,combined
0,0.0063449126,0.71702415,0,combined
0,0.0063625695,0.71693,0,combined
0,0.0063656573,0.7168966,0,combined
0,0.0060905986,0.7180635,0,combined
0,0.006442301,0.71647465,0,combined
0,0.0065193386,0.7160144,0,combined
0,0.00653618,0.7158755,0,combined
0,0.00655981,0.7157379,0,combined
0,0.0065384414,0.7158493,0,combined
0,0.006514634,0.7159925,0,combined
0,0.006553133,0.71583366,0,combined
0,0.0066170846,0.7155297,0,combined
0,0.0066608177,0.7153244,0,combined
0,0.006677876,0.71526,0,combined
0,0.00609502,0.7179904,0,combined
0,0.006667434,0.7152971,0,combined
0,0.0066616475,0.7153172,0,combined
0,0.006675536,0.7152578,0,combined
0,0.0066658966,0.7152983,0,combined
0,0.00661741,0.71554285,0,combined
0,0.0065412545,0.71590346,0,combined
0,0.0064489273,0.71635646,0,combined
0,0.00641077,0.71656877,0,combined
0,0.0063877096,0.71667075,0,combined
0,0.0063174115,0.7169908,0,combined
0,0.0045326683,0.7281321,0,combined
0,0.0046851076,0.72687376,0,combined
0,0.0058848835,0.7199262,0,combined
0,0.007994527,0.71064615,0,combined
0,0.0073251044,0.71360517,0,combined
0,0.006621402,0.717021,0,combined
0,0.0066020824,0.7171686,0,combined
0,0.0066486164,0.71696514,0,combined
0,0.0066085015,0.717163,0,combined
0,0.0066608908,0.71688807,0,combined
0,0.0060421308,0.7192137,0,combined
0,0.006092703,0.71906424,0,combined
0,0.0060803453,0.7192154,0,combined
0,0.006104617,0.71911556,0,combined
0,0.0060977475,0.71919703,0,combined
0,0.0060845655,0.71930194,0,combined
0,0.006104033,0.7191923,0,combined
0,0.006090255,0.7192458,0,combined
0,0.006071105,0.7192967,0,combined
0,0.005053183,0.72445154,0,combined
0,0.006090613,0.7191605,0,combined
0,0.0061475653,0.71878004,0,combined
0,0.006041458,0.71923643,0,combined
0,0.0059643053,0.7196372,0,combined
0,0.0060414714,0.71922034,0,combined
0,0.006067972,0.7190722,0,combined
0,0.00593243,0.71980727,0,combined
0,0.0058760885,0.7201303,0,combined
0,0.005970038,0.7196216,0,combined
0,0.0060149548,0.719397,0,combined
0,0.005237458,0.7233304,0,combined
0,0.0059909774,0.71950245,0,combined
0,0.0060509597,0.7191381,0,combined
0,0.006255821,0.7180689,0,combined
0,0.0063686706,0.71750975,0,combined
0,0.0065112337,0.71672285,0,combined
0,0.0068882057,0.7148939,0,combined
0,0.007286187,0.71323115,0,combined
0,0.00757662,0.7120668,0,combined
0,0.007752521,0.7113747,0,combined
0,0.0077989125,0.71119815,0,combined
0,0.005468707,0.72196656,0,combined
0,0.007774289,0.7112908,0,combined
0,0.007735717,0.7114353,0,combined
0,0.0077125104,0.7115315,0,combined
0,0.0077363905,0.711447,0,combined
0,0.007764047,0.7113669,0,combined
0,0.0077729234,0.711349,0,combined
0,0.0077816257,0.7113288,0,combined
0,0.0077479593,0.7114971,0,combined
0,0.0077740895,0.71138686,0,combined
0,0.0077654286,0.7114254,0,combined
0,0.005638149,0.7209876,0,combined
0,0.007644749,0.7119575,0,combined
0,0.007530819,0.71246475,0,combined
0,0.0075708474,0.71227676,0,combined
0,0.0077225044,0.71161175,0,combined
0,0.0077479,0.7115001,0,combined
0,0.007672247,0.71181214,0,combined
0,0.007683698,0.7117174,0,combined
0,0.007778442,0.7112668,0,combined
0,0.0077977097,0.7111721,0,combined
0,0.0077843987,0.71124226,0,combined
0,0.005693285,0.7206899,0,combined
0,0.0077649434,0.7113551,0,combined
0,0.007776215,0.711313,0,combined
0,0.0077838427,0.7112916,0,combined
0,0.0077534085,0.71152216,0,combined
0,0.0077813095,0.71149534,0,combined
0,0.007895991,0.71103215,0,combined
0,0.008088442,0.71025765,0,combined
0,0.008238989,0.7096728,0,combined
0,0.008332476,0.70931464,0,combined
0,0.008446306,0.70884275,0,combined
0,0.0057227397,0.72056943,0,combined
0,0.0085102245,0.70856947,0,combined
0,0.008519911,0.7085171,0,combined
0,0.008550303,0.70839524,0,combined
0,0.008595127,0.70823604,0,combined
0,0.008620311,0.7081508,0,combined
0,0.008651045,0.7080327,0,combined
0,0.008674492,0.7079447,0,combined
0,0.008554548,0.7084219,0,combined
0,0.008510892,0.70859915,0,combined
0,0.0084896255,0.70868504,0,combined
0,0.005763453,0.72042435,0,combined
0,0.0084392,0.708892,0,combined
0,0.008432731,0.70893514,0,combined
0,0.008272447,0.70957506,0,combined
0,0.008273213,0.70958644,0,combined
0,0.008209174,0.70985883,0,combined
0,0.008114648,0.7102149,0,combined
0,0.008167083,0.70995945,0,combined
0,0.008215069,0.70972955,0,combined
0,0.008258982,0.7095279,0,combined
0,0.008211432,0.7096765,0,combined
0,0.00579462,0.7203255,0,combined
0,0.008102513,0.71007496,0,combined
0,0.007987685,0.7105405,0,combined
0,0.007949733,0.7107037,0,combined
0,0.007907195,0.7108963,0,combined
0,0.007880993,0.7110408,0,combined
0,0.007896959,0.7110047,0,combined
0,0.007922988,0.71093065,0,combined
0,0.007950068,0.7108414,0,combined
0,0.007938993,0.71088016,0,combined
0,0.007975886,0.7107202,0,combined
0,0.0068960353,0.71516365,0,combined
0,0.006974067,0.71466887,0,combined
0,0.007455207,0.7121276,0,combined
0,0.008621357,0.70731694,0,combined
0,0.008705777,0.7070446,0,combined
0,0.008871226,0.70649123,0,combined
0,0.008900938,0.70636576,0,combined
0,0.00891263,0.70626754,0,combined
0,0.008978714,0.70603144,0,combined
0,0.009005675,0.70594275,0,combined
0,0.007508833,0.7119046,0,combined
0,0.0075609437,0.7116914,0,combined
0,0.0076046754,0.71148324,0,combined
0,0.0076397867,0.71131384,0,combined
0,0.0076068155,0.7114348,0,combined
0,0.0075778295,0.71158344,0,combined
0,0.007547716,0.7117443,0,combined
0,0.007529849,0.7118194,0,combined
0,0.0076392954,0.71130764,0,combined
0,0.0070400923,0.71421015,0,combined
0,0.007721273,0.7109176,0,combined
0,0.0077348026,0.71086425,0,combined
0,0.0077295047,0.71084917,0,combined
0,0.00772332,0.7108204,0,combined
0,0.007707797,0.7108663,0,combined
0,0.007715612,0.7108155,0,combined
0,0.0077478723,0.7106365,0,combined
0,0.007778284,0.71047586,0,combined
0,0.0078010852,0.71035033,0,combined
0,0.007805838,0.71030927,0,combined
0,0.007098727,0.7138256,0,combined
0,0.0077858656,0.7103978,0,combined
0,0.007742221,0.7106007,0,combined
0,0.007701059,0.7107656,0,combined
0,0.0077238823,0.71062547,0,combined
0,0.0077428804,0.7104905,0,combined
0,0.007822053,0.7101418,0,combined
0,0.007963189,0.7095665,0,combined
0,0.008061656,0.70916224,0,combined
0,0.008127015,0.708906,0,combined
0,0.008150006,0.7088397,0,combined
0,0.007165403,0.7134184,0,combined
0,0.008193073,0.7087026,0,combined
0,0.008210109,0.7086789,0,combined
0,0.008194837,0.7087813,0,combined
0,0.00823863,0.7086339,0,combined
0,0.008334478,0.7082828,0,combined
0,0.008268294,0.70854634,0,combined
0,0.008297038,0.70841366,0,combined
0,0.008474611,0.707731,0,combined
0,0.0085625835,0.70738626,0,combined
0,0.008595451,0.70727247,0,combined
0,0.007250754,0.7129328,0,combined
0,0.008564458,0.7074356,0,combined
0,0.008550619,0.70747626,0,combined
0,0.008619825,0.70721704,0,combined
0,0.008731229,0.70682794,0,combined
0,0.008783052,0.7066532,0,combined
0,0.008713764,0.7069432,0,combined
0,0.008619715,0.70732605,0,combined
0,0.008559824,0.70757353,0,combined
0,0.0085089365,0.7077821,0,combined
0,0.008464888,0.7079505,0,combined
0,0.0073427255,0.7125038,0,combined
0,0.00840276,0.70816076,0,combined
0,0.008387728,0.708147,0,combined
0,0.008420392,0.70795244,0,combined
0,0.008401697,0.7080479,0,combined
0,0.0083854,0.7081473,0,combined
0,0.008340974,0.708314,0,combined
0,0.008293245,0.7085155,0,combined
0,0.008307132,0.7084927,0,combined
0,0.008367768,0.7082385,0,combined
0,0.008490918,0.707716,0,combined
0,0.007420726,0.7122196,0,combined
0,0.008596212,0.7072928,0,combined
0,0.008598012,0.7072833,0,combined
0,0.008527664,0.7075335,0,combined
0,0.008436001,0.70786905,0,combined
0,0.008373102,0.7081236,0,combined
0,0.008349033,0.7082176,0,combined
0,0.0083714705,0.7081076,0,combined
0,0.008408388,0.7079916,0,combined
0,0.008406043,0.7080226,0,combined
0,0.008421024,0.70796716,0,combined
0,0.007445158,0.71216136,0,combined
0,0.008415787,0.70800346,0,combined
0,0.008373039,0.70814514,0,combined
0,0.008346711,0.7082377,0,combined
0,0.008387804,0.70806503,0,combined
0,0.008484269,0.70768076,0,combined
0,0.00855543,0.70742863,0,combined
0,0.008571607,0.7073652,0,combined
0,0.008531637,0.7075093,0,combined
0,0.008492235,0.7076329,0,combined
0,0.008439104,0.7078231,0,combined
0,0.0074363546,0.7122116,0,combined
0,0.00838397,0.7080246,0,combined
0,0.008350498,0.70813376,0,combined
0,0.008339429,0.70817876,0,combined
0,0.0083395,0.7081997,0,combined
0,0.008330112,0.7082567,0,combined
0,0.008342909,0.7081874,0,combined
0,0.008362331,0.7081309,0,combined
0,0.008368844,0.7081406,0,combined
0,0.008416312,0.7079981,0,combined
0,0.008559698,0.7075138,0,combined
