true,prob,confidence,subject_id,dataset,source_ds
1,0.06704554,1.0,empathicschool_s7,combined,empathicschool
1,0.07094067,1.0,empathicschool_s7,combined,empathicschool
1,0.07201965,1.0,empathicschool_s7,combined,empathicschool
1,0.07678849,1.0,empathicschool_s7,combined,empathicschool
1,0.07758639,1.0,empathicschool_s7,combined,empathicschool
1,0.07878845,1.0,empathicschool_s7,combined,empathicschool
1,0.08040314,1.0,empathicschool_s7,combined,empathicschool
1,0.08228021,1.0,empathicschool_s7,combined,empathicschool
1,0.08474859,1.0,empathicschool_s7,combined,empathicschool
1,0.0866459,1.0,empathicschool_s7,combined,empathicschool
1,0.069355816,1.0,empathicschool_s7,combined,empathicschool
1,0.073455155,1.0,empathicschool_s7,combined,empathicschool
1,0.09642819,1.0,empathicschool_s7,combined,empathicschool
1,0.09065161,1.0,empathicschool_s7,combined,empathicschool
1,0.070183605,1.0,empathicschool_s7,combined,empathicschool
1,0.066856444,1.0,empathicschool_s7,combined,empathicschool
1,0.06695586,1.0,empathicschool_s7,combined,empathicschool
1,0.06534793,1.0,empathicschool_s7,combined,empathicschool
1,0.06583446,1.0,empathicschool_s7,combined,empathicschool
1,0.0768683,1.0,empathicschool_s7,combined,empathicschool
1,0.070765935,1.0,empathicschool_s7,combined,empathicschool
1,0.07716139,1.0,empathicschool_s7,combined,empathicschool
1,0.07714089,1.0,empathicschool_s7,combined,empathicschool
1,0.07851819,1.0,empathicschool_s7,combined,empathicschool
1,0.08014775,1.0,empathicschool_s7,combined,empathicschool
1,0.09774071,1.0,empathicschool_s7,combined,empathicschool
1,0.11418541,1.0,empathicschool_s7,combined,empathicschool
1,0.11241593,1.0,empathicschool_s7,combined,empathicschool
1,0.11850753,1.0,empathicschool_s7,combined,empathicschool
1,0.097429305,1.0,empathicschool_s7,combined,empathicschool
1,0.078042574,1.0,empathicschool_s7,combined,empathicschool
1,0.085820846,1.0,empathicschool_s7,combined,empathicschool
1,0.0881199,1.0,empathicschool_s7,combined,empathicschool
1,0.07901511,1.0,empathicschool_s7,combined,empathicschool
1,0.07224252,1.0,empathicschool_s7,combined,empathicschool
1,0.07546131,1.0,empathicschool_s7,combined,empathicschool
1,0.08589161,1.0,empathicschool_s7,combined,empathicschool
1,0.08764222,1.0,empathicschool_s7,combined,empathicschool
1,0.08535798,1.0,empathicschool_s7,combined,empathicschool
1,0.08672127,1.0,empathicschool_s7,combined,empathicschool
1,0.09023159,1.0,empathicschool_s7,combined,empathicschool
1,0.07986404,1.0,empathicschool_s7,combined,empathicschool
1,0.09413523,1.0,empathicschool_s7,combined,empathicschool
1,0.097173445,1.0,empathicschool_s7,combined,empathicschool
1,0.09909963,1.0,empathicschool_s7,combined,empathicschool
1,0.100062564,1.0,empathicschool_s7,combined,empathicschool
1,0.10007508,1.0,empathicschool_s7,combined,empathicschool
1,0.101211324,1.0,empathicschool_s7,combined,empathicschool
1,0.101675734,1.0,empathicschool_s7,combined,empathicschool
1,0.09972122,1.0,empathicschool_s7,combined,empathicschool
1,0.09744512,1.0,empathicschool_s7,combined,empathicschool
1,0.09623686,1.0,empathicschool_s7,combined,empathicschool
1,0.08129507,1.0,empathicschool_s7,combined,empathicschool
1,0.09279429,1.0,empathicschool_s7,combined,empathicschool
1,0.09099815,1.0,empathicschool_s7,combined,empathicschool
1,0.0907018,1.0,empathicschool_s7,combined,empathicschool
1,0.08860273,1.0,empathicschool_s7,combined,empathicschool
1,0.08693688,1.0,empathicschool_s7,combined,empathicschool
1,0.084045365,1.0,empathicschool_s7,combined,empathicschool
1,0.08298199,1.0,empathicschool_s7,combined,empathicschool
1,0.082379706,1.0,empathicschool_s7,combined,empathicschool
1,0.081901506,1.0,empathicschool_s7,combined,empathicschool
1,0.08247187,1.0,empathicschool_s7,combined,empathicschool
1,0.07653135,1.0,empathicschool_s7,combined,empathicschool
1,0.08427497,1.0,empathicschool_s7,combined,empathicschool
1,0.08610747,1.0,empathicschool_s7,combined,empathicschool
1,0.088383906,1.0,empathicschool_s7,combined,empathicschool
1,0.09052096,1.0,empathicschool_s7,combined,empathicschool
1,0.0918639,1.0,empathicschool_s7,combined,empathicschool
1,0.09246806,1.0,empathicschool_s7,combined,empathicschool
1,0.09195522,1.0,empathicschool_s7,combined,empathicschool
1,0.09044815,1.0,empathicschool_s7,combined,empathicschool
1,0.0884717,1.0,empathicschool_s7,combined,empathicschool
1,0.08665789,1.0,empathicschool_s7,combined,empathicschool
1,0.07493809,1.0,empathicschool_s7,combined,empathicschool
1,0.09072994,1.0,empathicschool_s7,combined,empathicschool
1,0.08890859,1.0,empathicschool_s7,combined,empathicschool
1,0.08183224,1.0,empathicschool_s7,combined,empathicschool
1,0.07675858,1.0,empathicschool_s7,combined,empathicschool
1,0.07989604,1.0,empathicschool_s7,combined,empathicschool
1,0.09251358,1.0,empathicschool_s7,combined,empathicschool
1,0.09320738,1.0,empathicschool_s7,combined,empathicschool
1,0.09398898,1.0,empathicschool_s7,combined,empathicschool
1,0.08641146,1.0,empathicschool_s7,combined,empathicschool
1,0.07867577,1.0,empathicschool_s7,combined,empathicschool
1,0.074746296,1.0,empathicschool_s7,combined,empathicschool
1,0.08347338,1.0,empathicschool_s7,combined,empathicschool
1,0.085200936,1.0,empathicschool_s7,combined,empathicschool
1,0.0835937,1.0,empathicschool_s7,combined,empathicschool
1,0.080260016,1.0,empathicschool_s7,combined,empathicschool
1,0.076911755,1.0,empathicschool_s7,combined,empathicschool
1,0.08006139,1.0,empathicschool_s7,combined,empathicschool
1,0.09106693,1.0,empathicschool_s7,combined,empathicschool
1,0.08861193,1.0,empathicschool_s7,combined,empathicschool
1,0.08393433,1.0,empathicschool_s7,combined,empathicschool
1,0.0820004,1.0,empathicschool_s7,combined,empathicschool
1,0.07417239,1.0,empathicschool_s7,combined,empathicschool
1,0.07935768,1.0,empathicschool_s7,combined,empathicschool
1,0.077515,1.0,empathicschool_s7,combined,empathicschool
1,0.07624283,1.0,empathicschool_s7,combined,empathicschool
1,0.07431793,1.0,empathicschool_s7,combined,empathicschool
1,0.07358822,1.0,empathicschool_s7,combined,empathicschool
1,0.072294116,1.0,empathicschool_s7,combined,empathicschool
1,0.07173297,1.0,empathicschool_s7,combined,empathicschool
1,0.07300344,1.0,empathicschool_s7,combined,empathicschool
1,0.07438842,1.0,empathicschool_s7,combined,empathicschool
1,0.07588148,1.0,empathicschool_s7,combined,empathicschool
1,0.06489726,1.0,empathicschool_s7,combined,empathicschool
1,0.06776463,1.0,empathicschool_s7,combined,empathicschool
1,0.055863068,1.0,empathicschool_s7,combined,empathicschool
1,0.10517001,1.0,empathicschool_s7,combined,empathicschool
1,0.097227804,1.0,empathicschool_s7,combined,empathicschool
1,0.09048501,1.0,empathicschool_s7,combined,empathicschool
1,0.08971057,1.0,empathicschool_s7,combined,empathicschool
1,0.09128563,1.0,empathicschool_s7,combined,empathicschool
1,0.10154485,1.0,empathicschool_s7,combined,empathicschool
1,0.12776445,1.0,empathicschool_s7,combined,empathicschool
1,0.054024864,1.0,empathicschool_s7,combined,empathicschool
1,0.052780896,1.0,empathicschool_s7,combined,empathicschool
1,0.05246971,1.0,empathicschool_s7,combined,empathicschool
1,0.052855864,1.0,empathicschool_s7,combined,empathicschool
1,0.05242184,1.0,empathicschool_s7,combined,empathicschool
1,0.052082155,1.0,empathicschool_s7,combined,empathicschool
1,0.05252331,1.0,empathicschool_s7,combined,empathicschool
1,0.053315878,1.0,empathicschool_s7,combined,empathicschool
1,0.05259805,1.0,empathicschool_s7,combined,empathicschool
1,0.07139927,1.0,empathicschool_s7,combined,empathicschool
1,0.053204834,1.0,empathicschool_s7,combined,empathicschool
1,0.054001585,1.0,empathicschool_s7,combined,empathicschool
1,0.054842845,1.0,empathicschool_s7,combined,empathicschool
1,0.05765011,1.0,empathicschool_s7,combined,empathicschool
1,0.0604895,1.0,empathicschool_s7,combined,empathicschool
1,0.06442152,1.0,empathicschool_s7,combined,empathicschool
1,0.072962336,1.0,empathicschool_s7,combined,empathicschool
1,0.095851295,1.0,empathicschool_s7,combined,empathicschool
1,0.12432986,1.0,empathicschool_s7,combined,empathicschool
1,0.14046365,1.0,empathicschool_s7,combined,empathicschool
1,0.071091406,1.0,empathicschool_s7,combined,empathicschool
1,0.1477575,1.0,empathicschool_s7,combined,empathicschool
1,0.15709801,1.0,empathicschool_s7,combined,empathicschool
1,0.1772409,1.0,empathicschool_s7,combined,empathicschool
1,0.18805318,1.0,empathicschool_s7,combined,empathicschool
1,0.19751336,1.0,empathicschool_s7,combined,empathicschool
1,0.2138252,1.0,empathicschool_s7,combined,empathicschool
1,0.20124377,1.0,empathicschool_s7,combined,empathicschool
1,0.21400253,1.0,empathicschool_s7,combined,empathicschool
1,0.2405013,1.0,empathicschool_s7,combined,empathicschool
1,0.24326234,1.0,empathicschool_s7,combined,empathicschool
1,0.07084625,1.0,empathicschool_s7,combined,empathicschool
1,0.23585783,1.0,empathicschool_s7,combined,empathicschool
1,0.23680183,1.0,empathicschool_s7,combined,empathicschool
1,0.24768609,1.0,empathicschool_s7,combined,empathicschool
1,0.24448945,1.0,empathicschool_s7,combined,empathicschool
1,0.22651519,1.0,empathicschool_s7,combined,empathicschool
1,0.21438323,1.0,empathicschool_s7,combined,empathicschool
1,0.21108706,1.0,empathicschool_s7,combined,empathicschool
1,0.19936061,1.0,empathicschool_s7,combined,empathicschool
1,0.20197698,1.0,empathicschool_s7,combined,empathicschool
1,0.21750806,1.0,empathicschool_s7,combined,empathicschool
1,0.07129234,1.0,empathicschool_s7,combined,empathicschool
1,0.23808965,1.0,empathicschool_s7,combined,empathicschool
1,0.22325729,1.0,empathicschool_s7,combined,empathicschool
1,0.21455118,1.0,empathicschool_s7,combined,empathicschool
1,0.17695454,1.0,empathicschool_s7,combined,empathicschool
1,0.13196978,1.0,empathicschool_s7,combined,empathicschool
1,0.12231754,1.0,empathicschool_s7,combined,empathicschool
1,0.116335705,1.0,empathicschool_s7,combined,empathicschool
1,0.11097664,1.0,empathicschool_s7,combined,empathicschool
1,0.1050363,1.0,empathicschool_s7,combined,empathicschool
1,0.113842346,1.0,empathicschool_s7,combined,empathicschool
1,0.07229726,1.0,empathicschool_s7,combined,empathicschool
1,0.11726877,1.0,empathicschool_s7,combined,empathicschool
1,0.11103638,1.0,empathicschool_s7,combined,empathicschool
1,0.10849551,1.0,empathicschool_s7,combined,empathicschool
1,0.11076741,1.0,empathicschool_s7,combined,empathicschool
1,0.117977634,1.0,empathicschool_s7,combined,empathicschool
1,0.12879471,1.0,empathicschool_s7,combined,empathicschool
1,0.15604873,1.0,empathicschool_s7,combined,empathicschool
1,0.17027186,1.0,empathicschool_s7,combined,empathicschool
1,0.16961013,1.0,empathicschool_s7,combined,empathicschool
1,0.16799296,1.0,empathicschool_s7,combined,empathicschool
1,0.076584876,1.0,empathicschool_s7,combined,empathicschool
1,0.16849005,1.0,empathicschool_s7,combined,empathicschool
1,0.16872777,1.0,empathicschool_s7,combined,empathicschool
1,0.17029993,1.0,empathicschool_s7,combined,empathicschool
1,0.17006758,1.0,empathicschool_s7,combined,empathicschool
1,0.17045379,1.0,empathicschool_s7,combined,empathicschool
1,0.16063586,1.0,empathicschool_s7,combined,empathicschool
1,0.13085368,1.0,empathicschool_s7,combined,empathicschool
1,0.10427833,1.0,empathicschool_s7,combined,empathicschool
1,0.09064177,1.0,empathicschool_s7,combined,empathicschool
1,0.08952312,1.0,empathicschool_s7,combined,empathicschool
1,0.07358657,1.0,empathicschool_s7,combined,empathicschool
1,0.08920285,1.0,empathicschool_s7,combined,empathicschool
1,0.08624889,1.0,empathicschool_s7,combined,empathicschool
1,0.08206431,1.0,empathicschool_s7,combined,empathicschool
1,0.08081216,1.0,empathicschool_s7,combined,empathicschool
1,0.090231314,1.0,empathicschool_s7,combined,empathicschool
1,0.091732584,1.0,empathicschool_s7,combined,empathicschool
1,0.09010198,1.0,empathicschool_s7,combined,empathicschool
1,0.112005875,1.0,empathicschool_s7,combined,empathicschool
1,0.1315911,1.0,empathicschool_s7,combined,empathicschool
1,0.13631374,1.0,empathicschool_s7,combined,empathicschool
1,0.06161533,1.0,empathicschool_s7,combined,empathicschool
1,0.16920304,1.0,empathicschool_s7,combined,empathicschool
1,0.15033565,1.0,empathicschool_s7,combined,empathicschool
1,0.1152075,1.0,empathicschool_s7,combined,empathicschool
1,0.1104067,1.0,empathicschool_s7,combined,empathicschool
1,0.10053026,1.0,empathicschool_s7,combined,empathicschool
1,0.090431415,1.0,empathicschool_s7,combined,empathicschool
1,0.08784456,1.0,empathicschool_s7,combined,empathicschool
1,0.08743932,1.0,empathicschool_s7,combined,empathicschool
1,0.09021816,1.0,empathicschool_s7,combined,empathicschool
1,0.099940956,1.0,empathicschool_s7,combined,empathicschool
0,0.081012465,1.0,empathicschool_s7,combined,empathicschool
0,0.08642959,1.0,empathicschool_s7,combined,empathicschool
0,0.094879545,1.0,empathicschool_s7,combined,empathicschool
0,0.09645986,1.0,empathicschool_s7,combined,empathicschool
0,0.09417605,1.0,empathicschool_s7,combined,empathicschool
0,0.10675585,1.0,empathicschool_s7,combined,empathicschool
0,0.12466494,1.0,empathicschool_s7,combined,empathicschool
0,0.11192347,1.0,empathicschool_s7,combined,empathicschool
0,0.10898734,1.0,empathicschool_s7,combined,empathicschool
0,0.10737979,1.0,empathicschool_s7,combined,empathicschool
0,0.095078595,1.0,empathicschool_s7,combined,empathicschool
0,0.0958072,1.0,empathicschool_s7,combined,empathicschool
0,0.097025424,1.0,empathicschool_s7,combined,empathicschool
0,0.09741291,1.0,empathicschool_s7,combined,empathicschool
0,0.09774588,1.0,empathicschool_s7,combined,empathicschool
0,0.09503773,1.0,empathicschool_s7,combined,empathicschool
0,0.09425919,1.0,empathicschool_s7,combined,empathicschool
0,0.09850668,1.0,empathicschool_s7,combined,empathicschool
0,0.1003996,1.0,empathicschool_s7,combined,empathicschool
0,0.09193327,1.0,empathicschool_s7,combined,empathicschool
0,0.09331109,1.0,empathicschool_s7,combined,empathicschool
0,0.09033302,1.0,empathicschool_s7,combined,empathicschool
0,0.10430978,1.0,empathicschool_s7,combined,empathicschool
0,0.110600054,1.0,empathicschool_s7,combined,empathicschool
0,0.13509531,1.0,empathicschool_s7,combined,empathicschool
0,0.14566708,1.0,empathicschool_s7,combined,empathicschool
0,0.14251894,1.0,empathicschool_s7,combined,empathicschool
0,0.15209608,1.0,empathicschool_s7,combined,empathicschool
0,0.16288334,1.0,empathicschool_s7,combined,empathicschool
0,0.16383646,1.0,empathicschool_s7,combined,empathicschool
0,0.09186019,1.0,empathicschool_s7,combined,empathicschool
0,0.16426252,1.0,empathicschool_s7,combined,empathicschool
0,0.16278252,1.0,empathicschool_s7,combined,empathicschool
0,0.15942919,1.0,empathicschool_s7,combined,empathicschool
0,0.16244455,1.0,empathicschool_s7,combined,empathicschool
0,0.16490339,1.0,empathicschool_s7,combined,empathicschool
0,0.15853848,1.0,empathicschool_s7,combined,empathicschool
0,0.14672908,1.0,empathicschool_s7,combined,empathicschool
0,0.13979122,1.0,empathicschool_s7,combined,empathicschool
0,0.1369957,1.0,empathicschool_s7,combined,empathicschool
0,0.1318547,1.0,empathicschool_s7,combined,empathicschool
0,0.09216352,1.0,empathicschool_s7,combined,empathicschool
0,0.1193213,1.0,empathicschool_s7,combined,empathicschool
0,0.1104489,1.0,empathicschool_s7,combined,empathicschool
0,0.109305464,1.0,empathicschool_s7,combined,empathicschool
0,0.10642847,1.0,empathicschool_s7,combined,empathicschool
0,0.10268755,1.0,empathicschool_s7,combined,empathicschool
0,0.102096125,1.0,empathicschool_s7,combined,empathicschool
0,0.10637916,1.0,empathicschool_s7,combined,empathicschool
0,0.10038259,1.0,empathicschool_s7,combined,empathicschool
0,0.09749086,1.0,empathicschool_s7,combined,empathicschool
0,0.09234447,1.0,empathicschool_s7,combined,empathicschool
0,0.0960019,1.0,empathicschool_s7,combined,empathicschool
0,0.083366334,1.0,empathicschool_s7,combined,empathicschool
0,0.08046161,1.0,empathicschool_s7,combined,empathicschool
0,0.08122452,1.0,empathicschool_s7,combined,empathicschool
0,0.08484338,1.0,empathicschool_s7,combined,empathicschool
0,0.086332545,1.0,empathicschool_s7,combined,empathicschool
0,0.08779167,1.0,empathicschool_s7,combined,empathicschool
0,0.08708515,1.0,empathicschool_s7,combined,empathicschool
0,0.08999493,1.0,empathicschool_s7,combined,empathicschool
0,0.09378245,1.0,empathicschool_s7,combined,empathicschool
0,0.09504327,1.0,empathicschool_s7,combined,empathicschool
0,0.09820201,1.0,empathicschool_s7,combined,empathicschool
0,0.09602764,1.0,empathicschool_s7,combined,empathicschool
0,0.09728254,1.0,empathicschool_s7,combined,empathicschool
0,0.09499987,1.0,empathicschool_s7,combined,empathicschool
0,0.09021476,1.0,empathicschool_s7,combined,empathicschool
0,0.09137084,1.0,empathicschool_s7,combined,empathicschool
0,0.08648717,1.0,empathicschool_s7,combined,empathicschool
0,0.082995124,1.0,empathicschool_s7,combined,empathicschool
0,0.08389665,1.0,empathicschool_s7,combined,empathicschool
0,0.08561731,1.0,empathicschool_s7,combined,empathicschool
0,0.08719697,1.0,empathicschool_s7,combined,empathicschool
0,0.09945556,1.0,empathicschool_s7,combined,empathicschool
0,0.088560864,1.0,empathicschool_s7,combined,empathicschool
0,0.08975073,1.0,empathicschool_s7,combined,empathicschool
0,0.09083557,1.0,empathicschool_s7,combined,empathicschool
0,0.092397355,1.0,empathicschool_s7,combined,empathicschool
0,0.09460024,1.0,empathicschool_s7,combined,empathicschool
0,0.09513171,1.0,empathicschool_s7,combined,empathicschool
0,0.09398941,1.0,empathicschool_s7,combined,empathicschool
0,0.09255401,1.0,empathicschool_s7,combined,empathicschool
0,0.08998704,1.0,empathicschool_s7,combined,empathicschool
0,0.08665822,1.0,empathicschool_s7,combined,empathicschool
0,0.1000747,1.0,empathicschool_s7,combined,empathicschool
0,0.083580665,1.0,empathicschool_s7,combined,empathicschool
0,0.10404561,1.0,empathicschool_s7,combined,empathicschool
0,0.10206113,1.0,empathicschool_s7,combined,empathicschool
0,0.08091078,1.0,empathicschool_s7,combined,empathicschool
0,0.0814354,1.0,empathicschool_s7,combined,empathicschool
0,0.08385599,1.0,empathicschool_s7,combined,empathicschool
0,0.08654808,1.0,empathicschool_s7,combined,empathicschool
0,0.08641145,1.0,empathicschool_s7,combined,empathicschool
0,0.087549515,1.0,empathicschool_s7,combined,empathicschool
0,0.08967767,1.0,empathicschool_s7,combined,empathicschool
0,0.0969626,1.0,empathicschool_s7,combined,empathicschool
0,0.09282736,1.0,empathicschool_s7,combined,empathicschool
0,0.09613544,1.0,empathicschool_s7,combined,empathicschool
0,0.09701935,1.0,empathicschool_s7,combined,empathicschool
0,0.09657735,1.0,empathicschool_s7,combined,empathicschool
0,0.09735675,1.0,empathicschool_s7,combined,empathicschool
0,0.098927245,1.0,empathicschool_s7,combined,empathicschool
0,0.09895712,1.0,empathicschool_s7,combined,empathicschool
0,0.09840409,1.0,empathicschool_s7,combined,empathicschool
0,0.09817206,1.0,empathicschool_s7,combined,empathicschool
0,0.09791271,1.0,empathicschool_s7,combined,empathicschool
0,0.09731263,1.0,empathicschool_s7,combined,empathicschool
0,0.10059049,1.0,empathicschool_s7,combined,empathicschool
0,0.109083876,1.0,empathicschool_s7,combined,empathicschool
0,0.08740764,1.0,empathicschool_s7,combined,empathicschool
0,0.08368973,1.0,empathicschool_s7,combined,empathicschool
0,0.07857352,1.0,empathicschool_s7,combined,empathicschool
0,0.077086166,1.0,empathicschool_s7,combined,empathicschool
0,0.07605762,1.0,empathicschool_s7,combined,empathicschool
0,0.07364404,1.0,empathicschool_s7,combined,empathicschool
0,0.07346462,1.0,empathicschool_s7,combined,empathicschool
0,0.10807908,1.0,empathicschool_s7,combined,empathicschool
0,0.10737174,1.0,empathicschool_s7,combined,empathicschool
0,0.104308,1.0,empathicschool_s7,combined,empathicschool
0,0.0980994,1.0,empathicschool_s7,combined,empathicschool
0,0.0999216,1.0,empathicschool_s7,combined,empathicschool
0,0.10638612,1.0,empathicschool_s7,combined,empathicschool
0,0.1048396,1.0,empathicschool_s7,combined,empathicschool
0,0.103283964,1.0,empathicschool_s7,combined,empathicschool
0,0.1022827,1.0,empathicschool_s7,combined,empathicschool
0,0.10915626,1.0,empathicschool_s7,combined,empathicschool
0,0.10090908,1.0,empathicschool_s7,combined,empathicschool
0,0.10036903,1.0,empathicschool_s7,combined,empathicschool
0,0.10082307,1.0,empathicschool_s7,combined,empathicschool
0,0.10109746,1.0,empathicschool_s7,combined,empathicschool
0,0.101229794,1.0,empathicschool_s7,combined,empathicschool
0,0.10218583,1.0,empathicschool_s7,combined,empathicschool
0,0.10459507,1.0,empathicschool_s7,combined,empathicschool
0,0.08912006,1.0,empathicschool_s7,combined,empathicschool
0,0.069424696,1.0,empathicschool_s7,combined,empathicschool
0,0.06711564,1.0,empathicschool_s7,combined,empathicschool
0,0.112418376,1.0,empathicschool_s7,combined,empathicschool
0,0.06789911,1.0,empathicschool_s7,combined,empathicschool
0,0.07007412,1.0,empathicschool_s7,combined,empathicschool
0,0.07125241,1.0,empathicschool_s7,combined,empathicschool
0,0.07218519,1.0,empathicschool_s7,combined,empathicschool
0,0.073055334,1.0,empathicschool_s7,combined,empathicschool
0,0.08857081,1.0,empathicschool_s7,combined,empathicschool
0,0.10475742,1.0,empathicschool_s7,combined,empathicschool
0,0.09955889,1.0,empathicschool_s7,combined,empathicschool
0,0.099100545,1.0,empathicschool_s7,combined,empathicschool
0,0.099321835,1.0,empathicschool_s7,combined,empathicschool
0,0.109034374,1.0,empathicschool_s7,combined,empathicschool
0,0.10114336,1.0,empathicschool_s7,combined,empathicschool
0,0.10390063,1.0,empathicschool_s7,combined,empathicschool
0,0.09039774,1.0,empathicschool_s7,combined,empathicschool
0,0.07463091,1.0,empathicschool_s7,combined,empathicschool
0,0.07362486,1.0,empathicschool_s7,combined,empathicschool
0,0.07341069,1.0,empathicschool_s7,combined,empathicschool
0,0.07266838,1.0,empathicschool_s7,combined,empathicschool
0,0.071400315,1.0,empathicschool_s7,combined,empathicschool
0,0.07061101,1.0,empathicschool_s7,combined,empathicschool
0,0.07052965,1.0,empathicschool_s7,combined,empathicschool
0,0.10966207,1.0,empathicschool_s7,combined,empathicschool
0,0.08028132,1.0,empathicschool_s7,combined,empathicschool
0,0.098336674,1.0,empathicschool_s7,combined,empathicschool
0,0.095918335,1.0,empathicschool_s7,combined,empathicschool
0,0.083213605,1.0,empathicschool_s7,combined,empathicschool
0,0.07981454,1.0,empathicschool_s7,combined,empathicschool
0,0.07996073,1.0,empathicschool_s7,combined,empathicschool
0,0.079771325,1.0,empathicschool_s7,combined,empathicschool
0,0.07850795,1.0,empathicschool_s7,combined,empathicschool
0,0.11776632,1.0,empathicschool_s7,combined,empathicschool
0,0.12105218,1.0,empathicschool_s7,combined,empathicschool
0,0.109900504,1.0,empathicschool_s7,combined,empathicschool
0,0.0834937,1.0,empathicschool_s7,combined,empathicschool
0,0.08412549,1.0,empathicschool_s7,combined,empathicschool
0,0.08325836,1.0,empathicschool_s7,combined,empathicschool
0,0.083261624,1.0,empathicschool_s7,combined,empathicschool
0,0.08291431,1.0,empathicschool_s7,combined,empathicschool
0,0.08940156,1.0,empathicschool_s7,combined,empathicschool
0,0.10649373,1.0,empathicschool_s7,combined,empathicschool
0,0.114425436,1.0,empathicschool_s7,combined,empathicschool
0,0.107911915,1.0,empathicschool_s7,combined,empathicschool
0,0.10038027,1.0,empathicschool_s7,combined,empathicschool
0,0.10970317,1.0,empathicschool_s7,combined,empathicschool
0,0.097825736,1.0,empathicschool_s7,combined,empathicschool
0,0.099078454,1.0,empathicschool_s7,combined,empathicschool
0,0.10104322,1.0,empathicschool_s7,combined,empathicschool
0,0.103366874,1.0,empathicschool_s7,combined,empathicschool
0,0.10530202,1.0,empathicschool_s7,combined,empathicschool
0,0.105264254,1.0,empathicschool_s7,combined,empathicschool
0,0.10423205,1.0,empathicschool_s7,combined,empathicschool
0,0.10311538,1.0,empathicschool_s7,combined,empathicschool
0,0.101571605,1.0,empathicschool_s7,combined,empathicschool
0,0.103245884,1.0,empathicschool_s7,combined,empathicschool
0,0.109615475,1.0,empathicschool_s7,combined,empathicschool
0,0.09268063,1.0,empathicschool_s7,combined,empathicschool
0,0.07762855,1.0,empathicschool_s7,combined,empathicschool
0,0.07617881,1.0,empathicschool_s7,combined,empathicschool
0,0.07850122,1.0,empathicschool_s7,combined,empathicschool
0,0.08302835,1.0,empathicschool_s7,combined,empathicschool
0,0.08817076,1.0,empathicschool_s7,combined,empathicschool
0,0.09191706,1.0,empathicschool_s7,combined,empathicschool
0,0.094812006,1.0,empathicschool_s7,combined,empathicschool
0,0.1008519,1.0,empathicschool_s7,combined,empathicschool
0,0.10946266,1.0,empathicschool_s7,combined,empathicschool
0,0.10965786,1.0,empathicschool_s7,combined,empathicschool
0,0.11514678,1.0,empathicschool_s7,combined,empathicschool
0,0.124272406,1.0,empathicschool_s7,combined,empathicschool
0,0.12310375,1.0,empathicschool_s7,combined,empathicschool
0,0.114130296,1.0,empathicschool_s7,combined,empathicschool
0,0.11290384,1.0,empathicschool_s7,combined,empathicschool
0,0.108299926,1.0,empathicschool_s7,combined,empathicschool
0,0.10196112,1.0,empathicschool_s7,combined,empathicschool
0,0.09718068,1.0,empathicschool_s7,combined,empathicschool
0,0.09357551,1.0,empathicschool_s7,combined,empathicschool
0,0.09014469,1.0,empathicschool_s7,combined,empathicschool
0,0.09971433,1.0,empathicschool_s7,combined,empathicschool
0,0.10762494,1.0,empathicschool_s7,combined,empathicschool
0,0.11463105,1.0,empathicschool_s7,combined,empathicschool
0,0.110508874,1.0,empathicschool_s7,combined,empathicschool
0,0.110263966,1.0,empathicschool_s7,combined,empathicschool
0,0.10787049,1.0,empathicschool_s7,combined,empathicschool
0,0.10766504,1.0,empathicschool_s7,combined,empathicschool
0,0.10563648,1.0,empathicschool_s7,combined,empathicschool
0,0.102800965,1.0,empathicschool_s7,combined,empathicschool
0,0.10051168,1.0,empathicschool_s7,combined,empathicschool
0,0.11919797,1.0,empathicschool_s7,combined,empathicschool
0,0.12452185,1.0,empathicschool_s7,combined,empathicschool
0,0.12641904,1.0,empathicschool_s7,combined,empathicschool
0,0.1250633,1.0,empathicschool_s7,combined,empathicschool
0,0.12873027,1.0,empathicschool_s7,combined,empathicschool
0,0.12777743,1.0,empathicschool_s7,combined,empathicschool
0,0.11917949,1.0,empathicschool_s7,combined,empathicschool
0,0.113586254,1.0,empathicschool_s7,combined,empathicschool
0,0.11291864,1.0,empathicschool_s7,combined,empathicschool
0,0.1154528,1.0,empathicschool_s7,combined,empathicschool
0,0.1153201,1.0,empathicschool_s7,combined,empathicschool
0,0.11739741,1.0,empathicschool_s7,combined,empathicschool
0,0.11684217,1.0,empathicschool_s7,combined,empathicschool
0,0.11960346,1.0,empathicschool_s7,combined,empathicschool
0,0.12403304,1.0,empathicschool_s7,combined,empathicschool
0,0.1239074,1.0,empathicschool_s7,combined,empathicschool
0,0.123839036,1.0,empathicschool_s7,combined,empathicschool
0,0.12465487,1.0,empathicschool_s7,combined,empathicschool
0,0.1279853,1.0,empathicschool_s7,combined,empathicschool
0,0.13175312,1.0,empathicschool_s7,combined,empathicschool
0,0.11443621,1.0,empathicschool_s7,combined,empathicschool
0,0.13201891,1.0,empathicschool_s7,combined,empathicschool
0,0.12921171,1.0,empathicschool_s7,combined,empathicschool
0,0.12322059,1.0,empathicschool_s7,combined,empathicschool
0,0.12008076,1.0,empathicschool_s7,combined,empathicschool
0,0.117903106,1.0,empathicschool_s7,combined,empathicschool
0,0.11658707,1.0,empathicschool_s7,combined,empathicschool
0,0.11589934,1.0,empathicschool_s7,combined,empathicschool
0,0.1148064,1.0,empathicschool_s7,combined,empathicschool
0,0.11496059,1.0,empathicschool_s7,combined,empathicschool
0,0.11430921,1.0,empathicschool_s7,combined,empathicschool
0,0.119087934,1.0,empathicschool_s7,combined,empathicschool
0,0.11250084,1.0,empathicschool_s7,combined,empathicschool
0,0.1104899,1.0,empathicschool_s7,combined,empathicschool
0,0.11102319,1.0,empathicschool_s7,combined,empathicschool
0,0.112942316,1.0,empathicschool_s7,combined,empathicschool
0,0.1128702,1.0,empathicschool_s7,combined,empathicschool
0,0.110772826,1.0,empathicschool_s7,combined,empathicschool
0,0.108274266,1.0,empathicschool_s7,combined,empathicschool
0,0.10697115,1.0,empathicschool_s7,combined,empathicschool
0,0.10625564,1.0,empathicschool_s7,combined,empathicschool
0,0.105460346,1.0,empathicschool_s7,combined,empathicschool
0,0.12042831,1.0,empathicschool_s7,combined,empathicschool
0,0.104459345,1.0,empathicschool_s7,combined,empathicschool
0,0.10491452,1.0,empathicschool_s7,combined,empathicschool
0,0.106947824,1.0,empathicschool_s7,combined,empathicschool
0,0.107315496,1.0,empathicschool_s7,combined,empathicschool
0,0.1061378,1.0,empathicschool_s7,combined,empathicschool
0,0.103952825,1.0,empathicschool_s7,combined,empathicschool
0,0.10383599,1.0,empathicschool_s7,combined,empathicschool
0,0.10395146,1.0,empathicschool_s7,combined,empathicschool
0,0.10579535,1.0,empathicschool_s7,combined,empathicschool
0,0.10803982,1.0,empathicschool_s7,combined,empathicschool
0,0.11970201,1.0,empathicschool_s7,combined,empathicschool
0,0.11074658,1.0,empathicschool_s7,combined,empathicschool
0,0.11487988,1.0,empathicschool_s7,combined,empathicschool
0,0.1180678,1.0,empathicschool_s7,combined,empathicschool
0,0.120299086,1.0,empathicschool_s7,combined,empathicschool
0,0.123514466,1.0,empathicschool_s7,combined,empathicschool
0,0.1253631,1.0,empathicschool_s7,combined,empathicschool
0,0.12818328,1.0,empathicschool_s7,combined,empathicschool
0,0.13295317,1.0,empathicschool_s7,combined,empathicschool
0,0.13408604,1.0,empathicschool_s7,combined,empathicschool
0,0.1370365,1.0,empathicschool_s7,combined,empathicschool
0,0.116097234,1.0,empathicschool_s7,combined,empathicschool
0,0.13476293,1.0,empathicschool_s7,combined,empathicschool
0,0.12862882,1.0,empathicschool_s7,combined,empathicschool
0,0.1274291,1.0,empathicschool_s7,combined,empathicschool
0,0.13068634,1.0,empathicschool_s7,combined,empathicschool
0,0.1358464,1.0,empathicschool_s7,combined,empathicschool
0,0.13744533,1.0,empathicschool_s7,combined,empathicschool
0,0.13611051,1.0,empathicschool_s7,combined,empathicschool
0,0.13739192,1.0,empathicschool_s7,combined,empathicschool
0,0.13228376,1.0,empathicschool_s7,combined,empathicschool
0,0.126251,1.0,empathicschool_s7,combined,empathicschool
0,0.11344189,1.0,empathicschool_s7,combined,empathicschool
0,0.12534931,1.0,empathicschool_s7,combined,empathicschool
0,0.12296818,1.0,empathicschool_s7,combined,empathicschool
0,0.12025401,1.0,empathicschool_s7,combined,empathicschool
0,0.11774326,1.0,empathicschool_s7,combined,empathicschool
0,0.11482109,1.0,empathicschool_s7,combined,empathicschool
0,0.111164175,1.0,empathicschool_s7,combined,empathicschool
0,0.105594695,1.0,empathicschool_s7,combined,empathicschool
0,0.101346076,1.0,empathicschool_s7,combined,empathicschool
0,0.099001996,1.0,empathicschool_s7,combined,empathicschool
0,0.098932065,1.0,empathicschool_s7,combined,empathicschool
0,0.11321361,1.0,empathicschool_s7,combined,empathicschool
0,0.10031506,1.0,empathicschool_s7,combined,empathicschool
0,0.10175551,1.0,empathicschool_s7,combined,empathicschool
0,0.103772715,1.0,empathicschool_s7,combined,empathicschool
0,0.10581332,1.0,empathicschool_s7,combined,empathicschool
0,0.106686115,1.0,empathicschool_s7,combined,empathicschool
0,0.107861914,1.0,empathicschool_s7,combined,empathicschool
0,0.10929609,1.0,empathicschool_s7,combined,empathicschool
0,0.10883272,1.0,empathicschool_s7,combined,empathicschool
0,0.10738718,1.0,empathicschool_s7,combined,empathicschool
0,0.107990734,1.0,empathicschool_s7,combined,empathicschool
0,0.076892406,1.0,empathicschool_s7,combined,empathicschool
0,0.09557975,1.0,empathicschool_s7,combined,empathicschool
0,0.07440612,1.0,empathicschool_s7,combined,empathicschool
0,0.119110465,1.0,empathicschool_s7,combined,empathicschool
0,0.11810559,1.0,empathicschool_s7,combined,empathicschool
0,0.112556696,1.0,empathicschool_s7,combined,empathicschool
0,0.110549815,1.0,empathicschool_s7,combined,empathicschool
0,0.11070001,1.0,empathicschool_s7,combined,empathicschool
0,0.10645323,1.0,empathicschool_s7,combined,empathicschool
0,0.105413385,1.0,empathicschool_s7,combined,empathicschool
0,0.08729829,1.0,empathicschool_s7,combined,empathicschool
0,0.08444441,1.0,empathicschool_s7,combined,empathicschool
0,0.085572466,1.0,empathicschool_s7,combined,empathicschool
0,0.092008986,1.0,empathicschool_s7,combined,empathicschool
0,0.09082204,1.0,empathicschool_s7,combined,empathicschool
0,0.0964129,1.0,empathicschool_s7,combined,empathicschool
0,0.099923156,1.0,empathicschool_s7,combined,empathicschool
0,0.0918736,1.0,empathicschool_s7,combined,empathicschool
0,0.08783097,1.0,empathicschool_s7,combined,empathicschool
0,0.10237269,1.0,empathicschool_s7,combined,empathicschool
0,0.09780906,1.0,empathicschool_s7,combined,empathicschool
0,0.09941937,1.0,empathicschool_s7,combined,empathicschool
0,0.096647784,1.0,empathicschool_s7,combined,empathicschool
0,0.11434136,1.0,empathicschool_s7,combined,empathicschool
0,0.13108444,1.0,empathicschool_s7,combined,empathicschool
0,0.15006316,1.0,empathicschool_s7,combined,empathicschool
0,0.15205003,1.0,empathicschool_s7,combined,empathicschool
0,0.15518652,1.0,empathicschool_s7,combined,empathicschool
0,0.16013968,1.0,empathicschool_s7,combined,empathicschool
0,0.15962538,1.0,empathicschool_s7,combined,empathicschool
0,0.09385929,1.0,empathicschool_s7,combined,empathicschool
0,0.14388962,1.0,empathicschool_s7,combined,empathicschool
0,0.13242325,1.0,empathicschool_s7,combined,empathicschool
0,0.1236027,1.0,empathicschool_s7,combined,empathicschool
0,0.105413295,1.0,empathicschool_s7,combined,empathicschool
0,0.09894385,1.0,empathicschool_s7,combined,empathicschool
0,0.10800366,1.0,empathicschool_s7,combined,empathicschool
0,0.11517039,1.0,empathicschool_s7,combined,empathicschool
0,0.09717461,1.0,empathicschool_s7,combined,empathicschool
0,0.094537824,1.0,empathicschool_s7,combined,empathicschool
0,0.10963221,1.0,empathicschool_s7,combined,empathicschool
0,0.077168465,1.0,empathicschool_s7,combined,empathicschool
0,0.11430957,1.0,empathicschool_s7,combined,empathicschool
0,0.11371362,1.0,empathicschool_s7,combined,empathicschool
0,0.1182188,1.0,empathicschool_s7,combined,empathicschool
0,0.12002432,1.0,empathicschool_s7,combined,empathicschool
0,0.1204422,1.0,empathicschool_s7,combined,empathicschool
0,0.11912465,1.0,empathicschool_s7,combined,empathicschool
0,0.12325443,1.0,empathicschool_s7,combined,empathicschool
0,0.12408843,1.0,empathicschool_s7,combined,empathicschool
0,0.1254981,1.0,empathicschool_s7,combined,empathicschool
0,0.12622185,1.0,empathicschool_s7,combined,empathicschool
0,0.07077623,1.0,empathicschool_s7,combined,empathicschool
0,0.12635247,1.0,empathicschool_s7,combined,empathicschool
0,0.12564854,1.0,empathicschool_s7,combined,empathicschool
0,0.12928282,1.0,empathicschool_s7,combined,empathicschool
0,0.16303937,1.0,empathicschool_s7,combined,empathicschool
0,0.18371652,1.0,empathicschool_s7,combined,empathicschool
0,0.15692359,1.0,empathicschool_s7,combined,empathicschool
0,0.15580139,1.0,empathicschool_s7,combined,empathicschool
0,0.15843448,1.0,empathicschool_s7,combined,empathicschool
0,0.16956837,1.0,empathicschool_s7,combined,empathicschool
0,0.19065532,1.0,empathicschool_s7,combined,empathicschool
0,0.06846519,1.0,empathicschool_s7,combined,empathicschool
0,0.19934273,1.0,empathicschool_s7,combined,empathicschool
0,0.19459419,1.0,empathicschool_s7,combined,empathicschool
0,0.18230958,1.0,empathicschool_s7,combined,empathicschool
0,0.16054189,1.0,empathicschool_s7,combined,empathicschool
0,0.18207131,1.0,empathicschool_s7,combined,empathicschool
0,0.17795888,1.0,empathicschool_s7,combined,empathicschool
0,0.14435026,1.0,empathicschool_s7,combined,empathicschool
0,0.13130279,1.0,empathicschool_s7,combined,empathicschool
0,0.122734144,1.0,empathicschool_s7,combined,empathicschool
0,0.116421044,1.0,empathicschool_s7,combined,empathicschool
0,0.07111634,1.0,empathicschool_s7,combined,empathicschool
0,0.11758334,1.0,empathicschool_s7,combined,empathicschool
0,0.11792456,1.0,empathicschool_s7,combined,empathicschool
0,0.10490021,1.0,empathicschool_s7,combined,empathicschool
0,0.08566295,1.0,empathicschool_s7,combined,empathicschool
0,0.07506271,1.0,empathicschool_s7,combined,empathicschool
0,0.09079459,1.0,empathicschool_s7,combined,empathicschool
0,0.10790117,1.0,empathicschool_s7,combined,empathicschool
0,0.10323397,1.0,empathicschool_s7,combined,empathicschool
0,0.10395274,1.0,empathicschool_s7,combined,empathicschool
0,0.1115112,1.0,empathicschool_s7,combined,empathicschool
0,0.07813856,1.0,empathicschool_s7,combined,empathicschool
0,0.124520324,1.0,empathicschool_s7,combined,empathicschool
0,0.13794614,1.0,empathicschool_s7,combined,empathicschool
0,0.13970812,1.0,empathicschool_s7,combined,empathicschool
0,0.1374694,1.0,empathicschool_s7,combined,empathicschool
0,0.13906513,1.0,empathicschool_s7,combined,empathicschool
0,0.13733016,1.0,empathicschool_s7,combined,empathicschool
0,0.13794154,1.0,empathicschool_s7,combined,empathicschool
0,0.13922068,1.0,empathicschool_s7,combined,empathicschool
0,0.1350966,1.0,empathicschool_s7,combined,empathicschool
0,0.13421112,1.0,empathicschool_s7,combined,empathicschool
0,0.07813997,1.0,empathicschool_s7,combined,empathicschool
0,0.12735668,1.0,empathicschool_s7,combined,empathicschool
0,0.12170634,1.0,empathicschool_s7,combined,empathicschool
0,0.12356014,1.0,empathicschool_s7,combined,empathicschool
0,0.1233525,1.0,empathicschool_s7,combined,empathicschool
0,0.11659991,1.0,empathicschool_s7,combined,empathicschool
0,0.11715819,1.0,empathicschool_s7,combined,empathicschool
0,0.118319556,1.0,empathicschool_s7,combined,empathicschool
0,0.11797017,1.0,empathicschool_s7,combined,empathicschool
0,0.1188634,1.0,empathicschool_s7,combined,empathicschool
0,0.11894914,1.0,empathicschool_s7,combined,empathicschool
0,0.090451464,1.0,empathicschool_s7,combined,empathicschool
0,0.094828755,1.0,empathicschool_s7,combined,empathicschool
0,0.095537804,1.0,empathicschool_s7,combined,empathicschool
0,0.074330986,1.0,empathicschool_s7,combined,empathicschool
0,0.07384855,1.0,empathicschool_s7,combined,empathicschool
0,0.072787754,1.0,empathicschool_s7,combined,empathicschool
0,0.072200604,1.0,empathicschool_s7,combined,empathicschool
0,0.074815184,1.0,empathicschool_s7,combined,empathicschool
0,0.096831135,1.0,empathicschool_s7,combined,empathicschool
0,0.11501889,1.0,empathicschool_s7,combined,empathicschool
0,0.099561445,1.0,empathicschool_s7,combined,empathicschool
0,0.106126465,1.0,empathicschool_s7,combined,empathicschool
0,0.103597105,1.0,empathicschool_s7,combined,empathicschool
0,0.0995393,1.0,empathicschool_s7,combined,empathicschool
0,0.102060914,1.0,empathicschool_s7,combined,empathicschool
0,0.10996432,1.0,empathicschool_s7,combined,empathicschool
0,0.11796437,1.0,empathicschool_s7,combined,empathicschool
0,0.13088176,1.0,empathicschool_s7,combined,empathicschool
0,0.14478163,1.0,empathicschool_s7,combined,empathicschool
0,0.10056942,1.0,empathicschool_s7,combined,empathicschool
0,0.14556773,1.0,empathicschool_s7,combined,empathicschool
0,0.14050098,1.0,empathicschool_s7,combined,empathicschool
0,0.14216202,1.0,empathicschool_s7,combined,empathicschool
0,0.13484304,1.0,empathicschool_s7,combined,empathicschool
0,0.13644077,1.0,empathicschool_s7,combined,empathicschool
0,0.15149823,1.0,empathicschool_s7,combined,empathicschool
0,0.15665355,1.0,empathicschool_s7,combined,empathicschool
0,0.1480074,1.0,empathicschool_s7,combined,empathicschool
0,0.13979393,1.0,empathicschool_s7,combined,empathicschool
0,0.12409592,1.0,empathicschool_s7,combined,empathicschool
0,0.09744619,1.0,empathicschool_s7,combined,empathicschool
0,0.104859166,1.0,empathicschool_s7,combined,empathicschool
0,0.10919222,1.0,empathicschool_s7,combined,empathicschool
0,0.11363287,1.0,empathicschool_s7,combined,empathicschool
0,0.11750158,1.0,empathicschool_s7,combined,empathicschool
0,0.120556526,1.0,empathicschool_s7,combined,empathicschool
0,0.120345816,1.0,empathicschool_s7,combined,empathicschool
0,0.10439005,1.0,empathicschool_s7,combined,empathicschool
0,0.088719234,1.0,empathicschool_s7,combined,empathicschool
0,0.089308746,1.0,empathicschool_s7,combined,empathicschool
0,0.09356086,1.0,empathicschool_s7,combined,empathicschool
0,0.08915089,1.0,empathicschool_s7,combined,empathicschool
0,0.10039534,1.0,empathicschool_s7,combined,empathicschool
0,0.097269155,1.0,empathicschool_s7,combined,empathicschool
0,0.0875462,1.0,empathicschool_s7,combined,empathicschool
0,0.08715474,1.0,empathicschool_s7,combined,empathicschool
0,0.08856911,1.0,empathicschool_s7,combined,empathicschool
0,0.08636785,1.0,empathicschool_s7,combined,empathicschool
0,0.084100656,1.0,empathicschool_s7,combined,empathicschool
0,0.08318422,1.0,empathicschool_s7,combined,empathicschool
0,0.0800942,1.0,empathicschool_s7,combined,empathicschool
0,0.077619396,1.0,empathicschool_s7,combined,empathicschool
0,0.08781251,1.0,empathicschool_s7,combined,empathicschool
0,0.07879971,1.0,empathicschool_s7,combined,empathicschool
0,0.08047171,1.0,empathicschool_s7,combined,empathicschool
0,0.080745906,1.0,empathicschool_s7,combined,empathicschool
0,0.08106169,1.0,empathicschool_s7,combined,empathicschool
0,0.08144174,1.0,empathicschool_s7,combined,empathicschool
0,0.08167935,1.0,empathicschool_s7,combined,empathicschool
0,0.08234891,1.0,empathicschool_s7,combined,empathicschool
0,0.08253843,1.0,empathicschool_s7,combined,empathicschool
0,0.08272603,1.0,empathicschool_s7,combined,empathicschool
0,0.08296327,1.0,empathicschool_s7,combined,empathicschool
0,0.088993944,1.0,empathicschool_s7,combined,empathicschool
0,0.08315846,1.0,empathicschool_s7,combined,empathicschool
0,0.08289877,1.0,empathicschool_s7,combined,empathicschool
0,0.08231787,1.0,empathicschool_s7,combined,empathicschool
0,0.08147116,1.0,empathicschool_s7,combined,empathicschool
0,0.07931819,1.0,empathicschool_s7,combined,empathicschool
0,0.078842916,1.0,empathicschool_s7,combined,empathicschool
0,0.08004796,1.0,empathicschool_s7,combined,empathicschool
0,0.08117649,1.0,empathicschool_s7,combined,empathicschool
0,0.08192619,1.0,empathicschool_s7,combined,empathicschool
0,0.08204233,1.0,empathicschool_s7,combined,empathicschool
0,0.09125948,1.0,empathicschool_s7,combined,empathicschool
0,0.08160418,1.0,empathicschool_s7,combined,empathicschool
0,0.08098511,1.0,empathicschool_s7,combined,empathicschool
0,0.07998021,1.0,empathicschool_s7,combined,empathicschool
0,0.07908066,1.0,empathicschool_s7,combined,empathicschool
0,0.078835525,1.0,empathicschool_s7,combined,empathicschool
0,0.079004034,1.0,empathicschool_s7,combined,empathicschool
0,0.078743465,1.0,empathicschool_s7,combined,empathicschool
0,0.077955894,1.0,empathicschool_s7,combined,empathicschool
0,0.07750924,1.0,empathicschool_s7,combined,empathicschool
0,0.07731005,1.0,empathicschool_s7,combined,empathicschool
0,0.09196188,1.0,empathicschool_s7,combined,empathicschool
0,0.07710219,1.0,empathicschool_s7,combined,empathicschool
0,0.0771777,1.0,empathicschool_s7,combined,empathicschool
0,0.07711201,1.0,empathicschool_s7,combined,empathicschool
0,0.076960616,1.0,empathicschool_s7,combined,empathicschool
0,0.076828994,1.0,empathicschool_s7,combined,empathicschool
0,0.07647012,1.0,empathicschool_s7,combined,empathicschool
0,0.07646437,1.0,empathicschool_s7,combined,empathicschool
0,0.07672853,1.0,empathicschool_s7,combined,empathicschool
0,0.07667209,1.0,empathicschool_s7,combined,empathicschool
0,0.07636185,1.0,empathicschool_s7,combined,empathicschool
0,0.09330987,1.0,empathicschool_s7,combined,empathicschool
0,0.07445665,1.0,empathicschool_s7,combined,empathicschool
0,0.067184836,1.0,empathicschool_s7,combined,empathicschool
0,0.064606845,1.0,empathicschool_s7,combined,empathicschool
0,0.065348744,1.0,empathicschool_s7,combined,empathicschool
0,0.06461506,1.0,empathicschool_s7,combined,empathicschool
0,0.064649604,1.0,empathicschool_s7,combined,empathicschool
0,0.0648373,1.0,empathicschool_s7,combined,empathicschool
0,0.066351034,1.0,empathicschool_s7,combined,empathicschool
0,0.06930039,1.0,empathicschool_s7,combined,empathicschool
0,0.07271763,1.0,empathicschool_s7,combined,empathicschool
0,0.06917224,1.0,empathicschool_s7,combined,empathicschool
0,0.07286982,1.0,empathicschool_s7,combined,empathicschool
0,0.08011561,1.0,empathicschool_s7,combined,empathicschool
0,0.09624298,1.0,empathicschool_s7,combined,empathicschool
0,0.097291335,1.0,empathicschool_s7,combined,empathicschool
0,0.0979974,1.0,empathicschool_s7,combined,empathicschool
0,0.084708706,1.0,empathicschool_s7,combined,empathicschool
0,0.07259643,1.0,empathicschool_s7,combined,empathicschool
0,0.075109236,1.0,empathicschool_s7,combined,empathicschool
0,0.07519827,1.0,empathicschool_s7,combined,empathicschool
0,0.098708734,1.0,empathicschool_s7,combined,empathicschool
0,0.09940919,1.0,empathicschool_s7,combined,empathicschool
0,0.10047025,1.0,empathicschool_s7,combined,empathicschool
0,0.10143683,1.0,empathicschool_s7,combined,empathicschool
0,0.101512484,1.0,empathicschool_s7,combined,empathicschool
0,0.10179278,1.0,empathicschool_s7,combined,empathicschool
0,0.10208405,1.0,empathicschool_s7,combined,empathicschool
0,0.10235898,1.0,empathicschool_s7,combined,empathicschool
0,0.10321291,1.0,empathicschool_s7,combined,empathicschool
0,0.07743215,1.0,empathicschool_s7,combined,empathicschool
0,0.10433122,1.0,empathicschool_s7,combined,empathicschool
0,0.10537713,1.0,empathicschool_s7,combined,empathicschool
0,0.10603718,1.0,empathicschool_s7,combined,empathicschool
0,0.08201152,1.0,empathicschool_s7,combined,empathicschool
0,0.07491558,1.0,empathicschool_s7,combined,empathicschool
0,0.09528898,1.0,empathicschool_s7,combined,empathicschool
0,0.100341015,1.0,empathicschool_s7,combined,empathicschool
0,0.121945545,1.0,empathicschool_s7,combined,empathicschool
0,0.13942856,1.0,empathicschool_s7,combined,empathicschool
0,0.12559551,1.0,empathicschool_s7,combined,empathicschool
0,0.07734046,1.0,empathicschool_s7,combined,empathicschool
0,0.11900206,1.0,empathicschool_s7,combined,empathicschool
0,0.12180765,1.0,empathicschool_s7,combined,empathicschool
0,0.12102227,1.0,empathicschool_s7,combined,empathicschool
0,0.12172754,1.0,empathicschool_s7,combined,empathicschool
0,0.122006804,1.0,empathicschool_s7,combined,empathicschool
0,0.10715663,1.0,empathicschool_s7,combined,empathicschool
0,0.09725515,1.0,empathicschool_s7,combined,empathicschool
0,0.09545567,1.0,empathicschool_s7,combined,empathicschool
0,0.09227008,1.0,empathicschool_s7,combined,empathicschool
0,0.086554304,1.0,empathicschool_s7,combined,empathicschool
0,0.07715414,1.0,empathicschool_s7,combined,empathicschool
0,0.08093988,1.0,empathicschool_s7,combined,empathicschool
0,0.075521655,1.0,empathicschool_s7,combined,empathicschool
0,0.08549339,1.0,empathicschool_s7,combined,empathicschool
0,0.097411826,1.0,empathicschool_s7,combined,empathicschool
0,0.09433626,1.0,empathicschool_s7,combined,empathicschool
0,0.09237145,1.0,empathicschool_s7,combined,empathicschool
0,0.09106715,1.0,empathicschool_s7,combined,empathicschool
0,0.0905507,1.0,empathicschool_s7,combined,empathicschool
0,0.09065283,1.0,empathicschool_s7,combined,empathicschool
0,0.09034508,1.0,empathicschool_s7,combined,empathicschool
0,0.07731071,1.0,empathicschool_s7,combined,empathicschool
0,0.09013358,1.0,empathicschool_s7,combined,empathicschool
0,0.09070839,1.0,empathicschool_s7,combined,empathicschool
0,0.09138412,1.0,empathicschool_s7,combined,empathicschool
0,0.09186153,1.0,empathicschool_s7,combined,empathicschool
0,0.09248118,1.0,empathicschool_s7,combined,empathicschool
0,0.09380755,1.0,empathicschool_s7,combined,empathicschool
0,0.09513676,1.0,empathicschool_s7,combined,empathicschool
0,0.09566972,1.0,empathicschool_s7,combined,empathicschool
0,0.09177935,1.0,empathicschool_s7,combined,empathicschool
0,0.0880017,1.0,empathicschool_s7,combined,empathicschool
0,0.07746829,1.0,empathicschool_s7,combined,empathicschool
0,0.09074479,1.0,empathicschool_s7,combined,empathicschool
0,0.09529177,1.0,empathicschool_s7,combined,empathicschool
0,0.09868729,1.0,empathicschool_s7,combined,empathicschool
0,0.08617613,1.0,empathicschool_s7,combined,empathicschool
0,0.079109505,1.0,empathicschool_s7,combined,empathicschool
0,0.084855445,1.0,empathicschool_s7,combined,empathicschool
0,0.08639312,1.0,empathicschool_s7,combined,empathicschool
0,0.08729616,1.0,empathicschool_s7,combined,empathicschool
0,0.08719591,1.0,empathicschool_s7,combined,empathicschool
0,0.08820981,1.0,empathicschool_s7,combined,empathicschool
0,0.077006884,1.0,empathicschool_s7,combined,empathicschool
0,0.08916809,1.0,empathicschool_s7,combined,empathicschool
0,0.08807447,1.0,empathicschool_s7,combined,empathicschool
0,0.09243462,1.0,empathicschool_s7,combined,empathicschool
0,0.11155108,1.0,empathicschool_s7,combined,empathicschool
0,0.11223577,1.0,empathicschool_s7,combined,empathicschool
0,0.08484018,1.0,empathicschool_s7,combined,empathicschool
0,0.07303939,1.0,empathicschool_s7,combined,empathicschool
0,0.07218987,1.0,empathicschool_s7,combined,empathicschool
0,0.07042147,1.0,empathicschool_s7,combined,empathicschool
0,0.08099372,1.0,empathicschool_s7,combined,empathicschool
0,0.07690844,1.0,empathicschool_s7,combined,empathicschool
0,0.087217994,1.0,empathicschool_s7,combined,empathicschool
0,0.07355768,1.0,empathicschool_s7,combined,empathicschool
0,0.07461199,1.0,empathicschool_s7,combined,empathicschool
0,0.07625327,1.0,empathicschool_s7,combined,empathicschool
0,0.07743007,1.0,empathicschool_s7,combined,empathicschool
0,0.07685281,1.0,empathicschool_s7,combined,empathicschool
0,0.07551039,1.0,empathicschool_s7,combined,empathicschool
0,0.072202034,1.0,empathicschool_s7,combined,empathicschool
0,0.077486634,1.0,empathicschool_s7,combined,empathicschool
0,0.0854471,1.0,empathicschool_s7,combined,empathicschool
0,0.072243676,1.0,empathicschool_s7,combined,empathicschool
0,0.10385878,1.0,empathicschool_s7,combined,empathicschool
0,0.10178447,1.0,empathicschool_s7,combined,empathicschool
0,0.092401415,1.0,empathicschool_s7,combined,empathicschool
0,0.09253327,1.0,empathicschool_s7,combined,empathicschool
0,0.09263053,1.0,empathicschool_s7,combined,empathicschool
0,0.09301025,1.0,empathicschool_s7,combined,empathicschool
0,0.093586445,1.0,empathicschool_s7,combined,empathicschool
0,0.09478842,1.0,empathicschool_s7,combined,empathicschool
0,0.09474803,1.0,empathicschool_s7,combined,empathicschool
0,0.09484443,1.0,empathicschool_s7,combined,empathicschool
1,0.15576343,1.0,empathicschool_s28,combined,empathicschool
1,0.12932709,1.0,empathicschool_s28,combined,empathicschool
1,0.121368565,1.0,empathicschool_s28,combined,empathicschool
1,0.116966404,1.0,empathicschool_s28,combined,empathicschool
1,0.16498654,1.0,empathicschool_s28,combined,empathicschool
1,0.16498645,1.0,empathicschool_s28,combined,empathicschool
1,0.1649864,1.0,empathicschool_s28,combined,empathicschool
1,0.16498642,1.0,empathicschool_s28,combined,empathicschool
1,0.16498648,1.0,empathicschool_s28,combined,empathicschool
1,0.1649864,1.0,empathicschool_s28,combined,empathicschool
1,0.16498642,1.0,empathicschool_s28,combined,empathicschool
1,0.16498648,1.0,empathicschool_s28,combined,empathicschool
1,0.1649864,1.0,empathicschool_s28,combined,empathicschool
1,0.16498616,1.0,empathicschool_s28,combined,empathicschool
1,0.11662681,1.0,empathicschool_s28,combined,empathicschool
1,0.16498613,1.0,empathicschool_s28,combined,empathicschool
1,0.16498631,1.0,empathicschool_s28,combined,empathicschool
1,0.16498633,1.0,empathicschool_s28,combined,empathicschool
1,0.16498631,1.0,empathicschool_s28,combined,empathicschool
1,0.16498633,1.0,empathicschool_s28,combined,empathicschool
1,0.16498639,1.0,empathicschool_s28,combined,empathicschool
1,0.16498628,1.0,empathicschool_s28,combined,empathicschool
1,0.16498628,1.0,empathicschool_s28,combined,empathicschool
1,0.16498624,1.0,empathicschool_s28,combined,empathicschool
1,0.16498616,1.0,empathicschool_s28,combined,empathicschool
1,0.11558846,1.0,empathicschool_s28,combined,empathicschool
1,0.16498613,1.0,empathicschool_s28,combined,empathicschool
1,0.16498627,1.0,empathicschool_s28,combined,empathicschool
1,0.16498622,1.0,empathicschool_s28,combined,empathicschool
1,0.16498627,1.0,empathicschool_s28,combined,empathicschool
1,0.16498624,1.0,empathicschool_s28,combined,empathicschool
1,0.16498607,1.0,empathicschool_s28,combined,empathicschool
1,0.16498601,1.0,empathicschool_s28,combined,empathicschool
1,0.164986,1.0,empathicschool_s28,combined,empathicschool
1,0.1649861,1.0,empathicschool_s28,combined,empathicschool
1,0.16498618,1.0,empathicschool_s28,combined,empathicschool
1,0.115948856,1.0,empathicschool_s28,combined,empathicschool
1,0.16498613,1.0,empathicschool_s28,combined,empathicschool
1,0.16498618,1.0,empathicschool_s28,combined,empathicschool
1,0.16498618,1.0,empathicschool_s28,combined,empathicschool
1,0.16498612,1.0,empathicschool_s28,combined,empathicschool
1,0.16498607,1.0,empathicschool_s28,combined,empathicschool
1,0.16498601,1.0,empathicschool_s28,combined,empathicschool
1,0.164986,1.0,empathicschool_s28,combined,empathicschool
1,0.16498616,1.0,empathicschool_s28,combined,empathicschool
1,0.16498616,1.0,empathicschool_s28,combined,empathicschool
1,0.16498604,1.0,empathicschool_s28,combined,empathicschool
1,0.11635838,1.0,empathicschool_s28,combined,empathicschool
1,0.16498607,1.0,empathicschool_s28,combined,empathicschool
1,0.164986,1.0,empathicschool_s28,combined,empathicschool
1,0.164986,1.0,empathicschool_s28,combined,empathicschool
1,0.16498598,1.0,empathicschool_s28,combined,empathicschool
1,0.1649858,1.0,empathicschool_s28,combined,empathicschool
1,0.16498582,1.0,empathicschool_s28,combined,empathicschool
1,0.16498598,1.0,empathicschool_s28,combined,empathicschool
1,0.164986,1.0,empathicschool_s28,combined,empathicschool
1,0.16498594,1.0,empathicschool_s28,combined,empathicschool
1,0.16498598,1.0,empathicschool_s28,combined,empathicschool
1,0.11624726,1.0,empathicschool_s28,combined,empathicschool
1,0.164986,1.0,empathicschool_s28,combined,empathicschool
1,0.16498601,1.0,empathicschool_s28,combined,empathicschool
1,0.16498587,1.0,empathicschool_s28,combined,empathicschool
1,0.16498582,1.0,empathicschool_s28,combined,empathicschool
1,0.1649859,1.0,empathicschool_s28,combined,empathicschool
1,0.16498582,1.0,empathicschool_s28,combined,empathicschool
1,0.164986,1.0,empathicschool_s28,combined,empathicschool
1,0.164986,1.0,empathicschool_s28,combined,empathicschool
1,0.1649859,1.0,empathicschool_s28,combined,empathicschool
1,0.16498592,1.0,empathicschool_s28,combined,empathicschool
1,0.11634787,1.0,empathicschool_s28,combined,empathicschool
1,0.16498582,1.0,empathicschool_s28,combined,empathicschool
1,0.16498557,1.0,empathicschool_s28,combined,empathicschool
1,0.1649859,1.0,empathicschool_s28,combined,empathicschool
1,0.164986,1.0,empathicschool_s28,combined,empathicschool
1,0.1649858,1.0,empathicschool_s28,combined,empathicschool
1,0.16498582,1.0,empathicschool_s28,combined,empathicschool
1,0.16498582,1.0,empathicschool_s28,combined,empathicschool
1,0.16498575,1.0,empathicschool_s28,combined,empathicschool
1,0.1649858,1.0,empathicschool_s28,combined,empathicschool
1,0.16498557,1.0,empathicschool_s28,combined,empathicschool
1,0.1162706,1.0,empathicschool_s28,combined,empathicschool
1,0.16498557,1.0,empathicschool_s28,combined,empathicschool
1,0.16498572,1.0,empathicschool_s28,combined,empathicschool
1,0.16498566,1.0,empathicschool_s28,combined,empathicschool
1,0.16498572,1.0,empathicschool_s28,combined,empathicschool
1,0.16498572,1.0,empathicschool_s28,combined,empathicschool
1,0.16498566,1.0,empathicschool_s28,combined,empathicschool
1,0.1649857,1.0,empathicschool_s28,combined,empathicschool
1,0.16498566,1.0,empathicschool_s28,combined,empathicschool
1,0.16498557,1.0,empathicschool_s28,combined,empathicschool
1,0.16498557,1.0,empathicschool_s28,combined,empathicschool
1,0.116108514,1.0,empathicschool_s28,combined,empathicschool
1,0.16498558,1.0,empathicschool_s28,combined,empathicschool
1,0.1649856,1.0,empathicschool_s28,combined,empathicschool
1,0.1649856,1.0,empathicschool_s28,combined,empathicschool
1,0.16498566,1.0,empathicschool_s28,combined,empathicschool
1,0.1649857,1.0,empathicschool_s28,combined,empathicschool
1,0.16498569,1.0,empathicschool_s28,combined,empathicschool
1,0.16498558,1.0,empathicschool_s28,combined,empathicschool
1,0.16498539,1.0,empathicschool_s28,combined,empathicschool
1,0.16498557,1.0,empathicschool_s28,combined,empathicschool
1,0.1649857,1.0,empathicschool_s28,combined,empathicschool
1,0.116089925,1.0,empathicschool_s28,combined,empathicschool
1,0.16498557,1.0,empathicschool_s28,combined,empathicschool
1,0.16498552,1.0,empathicschool_s28,combined,empathicschool
1,0.1649856,1.0,empathicschool_s28,combined,empathicschool
1,0.16498554,1.0,empathicschool_s28,combined,empathicschool
1,0.16498552,1.0,empathicschool_s28,combined,empathicschool
1,0.16498534,1.0,empathicschool_s28,combined,empathicschool
1,0.16498539,1.0,empathicschool_s28,combined,empathicschool
1,0.16498552,1.0,empathicschool_s28,combined,empathicschool
1,0.16498542,1.0,empathicschool_s28,combined,empathicschool
1,0.1649854,1.0,empathicschool_s28,combined,empathicschool
1,0.121166155,1.0,empathicschool_s28,combined,empathicschool
1,0.1159442,1.0,empathicschool_s28,combined,empathicschool
1,0.16498546,1.0,empathicschool_s28,combined,empathicschool
1,0.16498542,1.0,empathicschool_s28,combined,empathicschool
1,0.16498545,1.0,empathicschool_s28,combined,empathicschool
1,0.1649854,1.0,empathicschool_s28,combined,empathicschool
1,0.16498516,1.0,empathicschool_s28,combined,empathicschool
1,0.16498539,1.0,empathicschool_s28,combined,empathicschool
1,0.1649855,1.0,empathicschool_s28,combined,empathicschool
1,0.16498539,1.0,empathicschool_s28,combined,empathicschool
1,0.16498533,1.0,empathicschool_s28,combined,empathicschool
1,0.16498534,1.0,empathicschool_s28,combined,empathicschool
1,0.11577997,1.0,empathicschool_s28,combined,empathicschool
1,0.16498533,1.0,empathicschool_s28,combined,empathicschool
1,0.16498531,1.0,empathicschool_s28,combined,empathicschool
1,0.16498505,1.0,empathicschool_s28,combined,empathicschool
1,0.16498488,1.0,empathicschool_s28,combined,empathicschool
1,0.1649852,1.0,empathicschool_s28,combined,empathicschool
1,0.16498533,1.0,empathicschool_s28,combined,empathicschool
1,0.16498527,1.0,empathicschool_s28,combined,empathicschool
1,0.16498533,1.0,empathicschool_s28,combined,empathicschool
1,0.16498527,1.0,empathicschool_s28,combined,empathicschool
1,0.16498533,1.0,empathicschool_s28,combined,empathicschool
1,0.11576621,1.0,empathicschool_s28,combined,empathicschool
1,0.16498542,1.0,empathicschool_s28,combined,empathicschool
1,0.16498527,1.0,empathicschool_s28,combined,empathicschool
1,0.16498533,1.0,empathicschool_s28,combined,empathicschool
1,0.16498545,1.0,empathicschool_s28,combined,empathicschool
1,0.16498531,1.0,empathicschool_s28,combined,empathicschool
1,0.1649853,1.0,empathicschool_s28,combined,empathicschool
1,0.16498542,1.0,empathicschool_s28,combined,empathicschool
1,0.16498533,1.0,empathicschool_s28,combined,empathicschool
1,0.16498522,1.0,empathicschool_s28,combined,empathicschool
1,0.164985,1.0,empathicschool_s28,combined,empathicschool
1,0.11538014,1.0,empathicschool_s28,combined,empathicschool
1,0.16498491,1.0,empathicschool_s28,combined,empathicschool
1,0.16498516,1.0,empathicschool_s28,combined,empathicschool
1,0.1649852,1.0,empathicschool_s28,combined,empathicschool
1,0.1649852,1.0,empathicschool_s28,combined,empathicschool
1,0.1649851,1.0,empathicschool_s28,combined,empathicschool
1,0.1649851,1.0,empathicschool_s28,combined,empathicschool
1,0.16498516,1.0,empathicschool_s28,combined,empathicschool
1,0.16498509,1.0,empathicschool_s28,combined,empathicschool
1,0.16498494,1.0,empathicschool_s28,combined,empathicschool
1,0.16498499,1.0,empathicschool_s28,combined,empathicschool
1,0.11276338,1.0,empathicschool_s28,combined,empathicschool
1,0.16498505,1.0,empathicschool_s28,combined,empathicschool
1,0.16498509,1.0,empathicschool_s28,combined,empathicschool
1,0.16498509,1.0,empathicschool_s28,combined,empathicschool
1,0.16498505,1.0,empathicschool_s28,combined,empathicschool
1,0.16498509,1.0,empathicschool_s28,combined,empathicschool
1,0.1649851,1.0,empathicschool_s28,combined,empathicschool
1,0.1649851,1.0,empathicschool_s28,combined,empathicschool
1,0.16498508,1.0,empathicschool_s28,combined,empathicschool
1,0.16498494,1.0,empathicschool_s28,combined,empathicschool
1,0.16498497,1.0,empathicschool_s28,combined,empathicschool
1,0.114477195,1.0,empathicschool_s28,combined,empathicschool
1,0.1649851,1.0,empathicschool_s28,combined,empathicschool
1,0.16498509,1.0,empathicschool_s28,combined,empathicschool
1,0.16498506,1.0,empathicschool_s28,combined,empathicschool
1,0.16498506,1.0,empathicschool_s28,combined,empathicschool
1,0.16498499,1.0,empathicschool_s28,combined,empathicschool
1,0.16498494,1.0,empathicschool_s28,combined,empathicschool
1,0.16498505,1.0,empathicschool_s28,combined,empathicschool
1,0.16498509,1.0,empathicschool_s28,combined,empathicschool
1,0.1649851,1.0,empathicschool_s28,combined,empathicschool
1,0.16498516,1.0,empathicschool_s28,combined,empathicschool
1,0.11700441,1.0,empathicschool_s28,combined,empathicschool
1,0.1649852,1.0,empathicschool_s28,combined,empathicschool
1,0.16498533,1.0,empathicschool_s28,combined,empathicschool
1,0.16498557,1.0,empathicschool_s28,combined,empathicschool
1,0.1649856,1.0,empathicschool_s28,combined,empathicschool
1,0.16498557,1.0,empathicschool_s28,combined,empathicschool
1,0.16498567,1.0,empathicschool_s28,combined,empathicschool
1,0.16498576,1.0,empathicschool_s28,combined,empathicschool
1,0.1649858,1.0,empathicschool_s28,combined,empathicschool
1,0.16498575,1.0,empathicschool_s28,combined,empathicschool
1,0.16498572,1.0,empathicschool_s28,combined,empathicschool
1,0.11637417,1.0,empathicschool_s28,combined,empathicschool
1,0.16498572,1.0,empathicschool_s28,combined,empathicschool
1,0.16498575,1.0,empathicschool_s28,combined,empathicschool
1,0.16498575,1.0,empathicschool_s28,combined,empathicschool
1,0.16498576,1.0,empathicschool_s28,combined,empathicschool
1,0.1649859,1.0,empathicschool_s28,combined,empathicschool
1,0.16498582,1.0,empathicschool_s28,combined,empathicschool
1,0.16498575,1.0,empathicschool_s28,combined,empathicschool
1,0.16498582,1.0,empathicschool_s28,combined,empathicschool
1,0.16498594,1.0,empathicschool_s28,combined,empathicschool
1,0.1649859,1.0,empathicschool_s28,combined,empathicschool
1,0.116297446,1.0,empathicschool_s28,combined,empathicschool
1,0.1649859,1.0,empathicschool_s28,combined,empathicschool
1,0.16498587,1.0,empathicschool_s28,combined,empathicschool
1,0.16498587,1.0,empathicschool_s28,combined,empathicschool
1,0.16498594,1.0,empathicschool_s28,combined,empathicschool
1,0.16498592,1.0,empathicschool_s28,combined,empathicschool
1,0.1649859,1.0,empathicschool_s28,combined,empathicschool
1,0.16498594,1.0,empathicschool_s28,combined,empathicschool
1,0.16498598,1.0,empathicschool_s28,combined,empathicschool
1,0.16498601,1.0,empathicschool_s28,combined,empathicschool
1,0.16498591,1.0,empathicschool_s28,combined,empathicschool
1,0.120113224,1.0,empathicschool_s28,combined,empathicschool
1,0.16498576,1.0,empathicschool_s28,combined,empathicschool
1,0.16498594,1.0,empathicschool_s28,combined,empathicschool
1,0.164986,1.0,empathicschool_s28,combined,empathicschool
1,0.16498598,1.0,empathicschool_s28,combined,empathicschool
1,0.164986,1.0,empathicschool_s28,combined,empathicschool
1,0.16498606,1.0,empathicschool_s28,combined,empathicschool
1,0.164986,1.0,empathicschool_s28,combined,empathicschool
1,0.16498604,1.0,empathicschool_s28,combined,empathicschool
1,0.16498592,1.0,empathicschool_s28,combined,empathicschool
1,0.164986,1.0,empathicschool_s28,combined,empathicschool
1,0.120341286,1.0,empathicschool_s28,combined,empathicschool
1,0.121895924,1.0,empathicschool_s28,combined,empathicschool
1,0.16498607,1.0,empathicschool_s28,combined,empathicschool
1,0.16498594,1.0,empathicschool_s28,combined,empathicschool
1,0.164986,1.0,empathicschool_s28,combined,empathicschool
1,0.16498598,1.0,empathicschool_s28,combined,empathicschool
1,0.164986,1.0,empathicschool_s28,combined,empathicschool
1,0.164986,1.0,empathicschool_s28,combined,empathicschool
1,0.16498607,1.0,empathicschool_s28,combined,empathicschool
1,0.164986,1.0,empathicschool_s28,combined,empathicschool
1,0.16498592,1.0,empathicschool_s28,combined,empathicschool
1,0.164986,1.0,empathicschool_s28,combined,empathicschool
1,0.12164159,1.0,empathicschool_s28,combined,empathicschool
1,0.16498604,1.0,empathicschool_s28,combined,empathicschool
1,0.16498598,1.0,empathicschool_s28,combined,empathicschool
1,0.164986,1.0,empathicschool_s28,combined,empathicschool
1,0.16498604,1.0,empathicschool_s28,combined,empathicschool
1,0.16498598,1.0,empathicschool_s28,combined,empathicschool
1,0.1649859,1.0,empathicschool_s28,combined,empathicschool
1,0.16498587,1.0,empathicschool_s28,combined,empathicschool
1,0.164986,1.0,empathicschool_s28,combined,empathicschool
1,0.16498607,1.0,empathicschool_s28,combined,empathicschool
1,0.164986,1.0,empathicschool_s28,combined,empathicschool
1,0.12171732,1.0,empathicschool_s28,combined,empathicschool
1,0.164986,1.0,empathicschool_s28,combined,empathicschool
1,0.16498601,1.0,empathicschool_s28,combined,empathicschool
1,0.16498598,1.0,empathicschool_s28,combined,empathicschool
1,0.164986,1.0,empathicschool_s28,combined,empathicschool
1,0.16498591,1.0,empathicschool_s28,combined,empathicschool
1,0.16498582,1.0,empathicschool_s28,combined,empathicschool
1,0.16498587,1.0,empathicschool_s28,combined,empathicschool
1,0.16498594,1.0,empathicschool_s28,combined,empathicschool
1,0.164986,1.0,empathicschool_s28,combined,empathicschool
1,0.16498604,1.0,empathicschool_s28,combined,empathicschool
1,0.12184362,1.0,empathicschool_s28,combined,empathicschool
1,0.164986,1.0,empathicschool_s28,combined,empathicschool
1,0.164986,1.0,empathicschool_s28,combined,empathicschool
1,0.164986,1.0,empathicschool_s28,combined,empathicschool
1,0.16498591,1.0,empathicschool_s28,combined,empathicschool
1,0.16498607,1.0,empathicschool_s28,combined,empathicschool
1,0.16498622,1.0,empathicschool_s28,combined,empathicschool
1,0.16498613,1.0,empathicschool_s28,combined,empathicschool
1,0.16498594,1.0,empathicschool_s28,combined,empathicschool
1,0.1649859,1.0,empathicschool_s28,combined,empathicschool
1,0.164986,1.0,empathicschool_s28,combined,empathicschool
1,0.12163639,1.0,empathicschool_s28,combined,empathicschool
1,0.16498594,1.0,empathicschool_s28,combined,empathicschool
1,0.16498587,1.0,empathicschool_s28,combined,empathicschool
1,0.1649859,1.0,empathicschool_s28,combined,empathicschool
1,0.1649859,1.0,empathicschool_s28,combined,empathicschool
1,0.16498598,1.0,empathicschool_s28,combined,empathicschool
1,0.16498601,1.0,empathicschool_s28,combined,empathicschool
1,0.164986,1.0,empathicschool_s28,combined,empathicschool
1,0.16498601,1.0,empathicschool_s28,combined,empathicschool
1,0.164986,1.0,empathicschool_s28,combined,empathicschool
1,0.16498592,1.0,empathicschool_s28,combined,empathicschool
1,0.12073583,1.0,empathicschool_s28,combined,empathicschool
1,0.16498587,1.0,empathicschool_s28,combined,empathicschool
1,0.1649859,1.0,empathicschool_s28,combined,empathicschool
1,0.1649859,1.0,empathicschool_s28,combined,empathicschool
1,0.1649859,1.0,empathicschool_s28,combined,empathicschool
1,0.16498576,1.0,empathicschool_s28,combined,empathicschool
1,0.1649859,1.0,empathicschool_s28,combined,empathicschool
1,0.16498594,1.0,empathicschool_s28,combined,empathicschool
1,0.1649859,1.0,empathicschool_s28,combined,empathicschool
1,0.1649858,1.0,empathicschool_s28,combined,empathicschool
1,0.16498582,1.0,empathicschool_s28,combined,empathicschool
1,0.11919872,1.0,empathicschool_s28,combined,empathicschool
1,0.164986,1.0,empathicschool_s28,combined,empathicschool
1,0.16498598,1.0,empathicschool_s28,combined,empathicschool
1,0.16498592,1.0,empathicschool_s28,combined,empathicschool
1,0.1649859,1.0,empathicschool_s28,combined,empathicschool
1,0.164986,1.0,empathicschool_s28,combined,empathicschool
1,0.16498607,1.0,empathicschool_s28,combined,empathicschool
1,0.1649859,1.0,empathicschool_s28,combined,empathicschool
1,0.16498567,1.0,empathicschool_s28,combined,empathicschool
1,0.16498575,1.0,empathicschool_s28,combined,empathicschool
1,0.1649858,1.0,empathicschool_s28,combined,empathicschool
1,0.117431864,1.0,empathicschool_s28,combined,empathicschool
1,0.1649859,1.0,empathicschool_s28,combined,empathicschool
1,0.16498594,1.0,empathicschool_s28,combined,empathicschool
1,0.16498594,1.0,empathicschool_s28,combined,empathicschool
1,0.16498598,1.0,empathicschool_s28,combined,empathicschool
1,0.16498594,1.0,empathicschool_s28,combined,empathicschool
1,0.16498582,1.0,empathicschool_s28,combined,empathicschool
1,0.16498582,1.0,empathicschool_s28,combined,empathicschool
1,0.16498591,1.0,empathicschool_s28,combined,empathicschool
1,0.164986,1.0,empathicschool_s28,combined,empathicschool
1,0.16498607,1.0,empathicschool_s28,combined,empathicschool
1,0.11726254,1.0,empathicschool_s28,combined,empathicschool
1,0.16498604,1.0,empathicschool_s28,combined,empathicschool
1,0.16498598,1.0,empathicschool_s28,combined,empathicschool
1,0.16498604,1.0,empathicschool_s28,combined,empathicschool
1,0.16498604,1.0,empathicschool_s28,combined,empathicschool
1,0.1649859,1.0,empathicschool_s28,combined,empathicschool
1,0.16498594,1.0,empathicschool_s28,combined,empathicschool
1,0.16498598,1.0,empathicschool_s28,combined,empathicschool
1,0.164986,1.0,empathicschool_s28,combined,empathicschool
1,0.164986,1.0,empathicschool_s28,combined,empathicschool
1,0.16498594,1.0,empathicschool_s28,combined,empathicschool
1,0.11705718,1.0,empathicschool_s28,combined,empathicschool
1,0.164986,1.0,empathicschool_s28,combined,empathicschool
1,0.16498604,1.0,empathicschool_s28,combined,empathicschool
1,0.1649859,1.0,empathicschool_s28,combined,empathicschool
1,0.16498582,1.0,empathicschool_s28,combined,empathicschool
1,0.16498592,1.0,empathicschool_s28,combined,empathicschool
1,0.16498594,1.0,empathicschool_s28,combined,empathicschool
1,0.1649859,1.0,empathicschool_s28,combined,empathicschool
1,0.16498592,1.0,empathicschool_s28,combined,empathicschool
1,0.16498594,1.0,empathicschool_s28,combined,empathicschool
1,0.16498587,1.0,empathicschool_s28,combined,empathicschool
1,0.12046701,1.0,empathicschool_s28,combined,empathicschool
1,0.11701815,1.0,empathicschool_s28,combined,empathicschool
1,0.1649858,1.0,empathicschool_s28,combined,empathicschool
1,0.16498567,1.0,empathicschool_s28,combined,empathicschool
1,0.16498575,1.0,empathicschool_s28,combined,empathicschool
1,0.16498594,1.0,empathicschool_s28,combined,empathicschool
1,0.1649859,1.0,empathicschool_s28,combined,empathicschool
1,0.1649859,1.0,empathicschool_s28,combined,empathicschool
1,0.16498587,1.0,empathicschool_s28,combined,empathicschool
1,0.16498582,1.0,empathicschool_s28,combined,empathicschool
1,0.16498592,1.0,empathicschool_s28,combined,empathicschool
1,0.16498587,1.0,empathicschool_s28,combined,empathicschool
1,0.11788054,1.0,empathicschool_s28,combined,empathicschool
1,0.16498569,1.0,empathicschool_s28,combined,empathicschool
1,0.16498582,1.0,empathicschool_s28,combined,empathicschool
1,0.1649859,1.0,empathicschool_s28,combined,empathicschool
1,0.1649858,1.0,empathicschool_s28,combined,empathicschool
1,0.16498579,1.0,empathicschool_s28,combined,empathicschool
1,0.16498575,1.0,empathicschool_s28,combined,empathicschool
1,0.16498582,1.0,empathicschool_s28,combined,empathicschool
1,0.1649859,1.0,empathicschool_s28,combined,empathicschool
1,0.16498572,1.0,empathicschool_s28,combined,empathicschool
1,0.16498582,1.0,empathicschool_s28,combined,empathicschool
1,0.118475124,1.0,empathicschool_s28,combined,empathicschool
1,0.16498592,1.0,empathicschool_s28,combined,empathicschool
1,0.16498579,1.0,empathicschool_s28,combined,empathicschool
1,0.16498575,1.0,empathicschool_s28,combined,empathicschool
1,0.16498582,1.0,empathicschool_s28,combined,empathicschool
1,0.1649858,1.0,empathicschool_s28,combined,empathicschool
1,0.1649857,1.0,empathicschool_s28,combined,empathicschool
1,0.16498582,1.0,empathicschool_s28,combined,empathicschool
1,0.1649858,1.0,empathicschool_s28,combined,empathicschool
1,0.16498558,1.0,empathicschool_s28,combined,empathicschool
1,0.16498557,1.0,empathicschool_s28,combined,empathicschool
1,0.11894243,1.0,empathicschool_s28,combined,empathicschool
1,0.1649857,1.0,empathicschool_s28,combined,empathicschool
1,0.16498575,1.0,empathicschool_s28,combined,empathicschool
1,0.16498579,1.0,empathicschool_s28,combined,empathicschool
1,0.16498576,1.0,empathicschool_s28,combined,empathicschool
1,0.16498576,1.0,empathicschool_s28,combined,empathicschool
1,0.16498569,1.0,empathicschool_s28,combined,empathicschool
1,0.1649856,1.0,empathicschool_s28,combined,empathicschool
1,0.16498582,1.0,empathicschool_s28,combined,empathicschool
1,0.16498582,1.0,empathicschool_s28,combined,empathicschool
1,0.1649858,1.0,empathicschool_s28,combined,empathicschool
1,0.11895788,1.0,empathicschool_s28,combined,empathicschool
1,0.1649859,1.0,empathicschool_s28,combined,empathicschool
1,0.1649859,1.0,empathicschool_s28,combined,empathicschool
1,0.16498591,1.0,empathicschool_s28,combined,empathicschool
1,0.16498582,1.0,empathicschool_s28,combined,empathicschool
1,0.16498575,1.0,empathicschool_s28,combined,empathicschool
1,0.16498582,1.0,empathicschool_s28,combined,empathicschool
1,0.1649859,1.0,empathicschool_s28,combined,empathicschool
1,0.16498587,1.0,empathicschool_s28,combined,empathicschool
1,0.1649859,1.0,empathicschool_s28,combined,empathicschool
1,0.16498587,1.0,empathicschool_s28,combined,empathicschool
1,0.11900103,1.0,empathicschool_s28,combined,empathicschool
1,0.16498591,1.0,empathicschool_s28,combined,empathicschool
1,0.16498592,1.0,empathicschool_s28,combined,empathicschool
1,0.16498579,1.0,empathicschool_s28,combined,empathicschool
1,0.16498563,1.0,empathicschool_s28,combined,empathicschool
1,0.16498567,1.0,empathicschool_s28,combined,empathicschool
1,0.16498582,1.0,empathicschool_s28,combined,empathicschool
1,0.16498594,1.0,empathicschool_s28,combined,empathicschool
1,0.1649859,1.0,empathicschool_s28,combined,empathicschool
1,0.16498594,1.0,empathicschool_s28,combined,empathicschool
1,0.16498594,1.0,empathicschool_s28,combined,empathicschool
1,0.11934403,1.0,empathicschool_s28,combined,empathicschool
1,0.16498594,1.0,empathicschool_s28,combined,empathicschool
1,0.1649858,1.0,empathicschool_s28,combined,empathicschool
1,0.16498569,1.0,empathicschool_s28,combined,empathicschool
1,0.1649859,1.0,empathicschool_s28,combined,empathicschool
1,0.16498598,1.0,empathicschool_s28,combined,empathicschool
1,0.16498592,1.0,empathicschool_s28,combined,empathicschool
1,0.1649859,1.0,empathicschool_s28,combined,empathicschool
1,0.16498594,1.0,empathicschool_s28,combined,empathicschool
1,0.1649859,1.0,empathicschool_s28,combined,empathicschool
1,0.1649859,1.0,empathicschool_s28,combined,empathicschool
1,0.11970942,1.0,empathicschool_s28,combined,empathicschool
1,0.16498587,1.0,empathicschool_s28,combined,empathicschool
1,0.16498582,1.0,empathicschool_s28,combined,empathicschool
1,0.16498592,1.0,empathicschool_s28,combined,empathicschool
1,0.16498594,1.0,empathicschool_s28,combined,empathicschool
1,0.164986,1.0,empathicschool_s28,combined,empathicschool
1,0.16498613,1.0,empathicschool_s28,combined,empathicschool
1,0.16498616,1.0,empathicschool_s28,combined,empathicschool
1,0.16498594,1.0,empathicschool_s28,combined,empathicschool
1,0.16498579,1.0,empathicschool_s28,combined,empathicschool
1,0.16498575,1.0,empathicschool_s28,combined,empathicschool
1,0.11969052,1.0,empathicschool_s28,combined,empathicschool
1,0.1649858,1.0,empathicschool_s28,combined,empathicschool
1,0.16498587,1.0,empathicschool_s28,combined,empathicschool
1,0.164986,1.0,empathicschool_s28,combined,empathicschool
1,0.164986,1.0,empathicschool_s28,combined,empathicschool
1,0.1649859,1.0,empathicschool_s28,combined,empathicschool
1,0.16498594,1.0,empathicschool_s28,combined,empathicschool
1,0.16498591,1.0,empathicschool_s28,combined,empathicschool
1,0.16498579,1.0,empathicschool_s28,combined,empathicschool
1,0.16498582,1.0,empathicschool_s28,combined,empathicschool
1,0.1649859,1.0,empathicschool_s28,combined,empathicschool
1,0.1197032,1.0,empathicschool_s28,combined,empathicschool
1,0.16498594,1.0,empathicschool_s28,combined,empathicschool
1,0.16498598,1.0,empathicschool_s28,combined,empathicschool
1,0.16498592,1.0,empathicschool_s28,combined,empathicschool
1,0.1649859,1.0,empathicschool_s28,combined,empathicschool
1,0.16498582,1.0,empathicschool_s28,combined,empathicschool
1,0.16498569,1.0,empathicschool_s28,combined,empathicschool
1,0.16498564,1.0,empathicschool_s28,combined,empathicschool
1,0.16498575,1.0,empathicschool_s28,combined,empathicschool
1,0.16498566,1.0,empathicschool_s28,combined,empathicschool
1,0.16498582,1.0,empathicschool_s28,combined,empathicschool
1,0.120524585,1.0,empathicschool_s28,combined,empathicschool
1,0.11984299,1.0,empathicschool_s28,combined,empathicschool
1,0.16498587,1.0,empathicschool_s28,combined,empathicschool
1,0.16498582,1.0,empathicschool_s28,combined,empathicschool
1,0.16498587,1.0,empathicschool_s28,combined,empathicschool
1,0.1649858,1.0,empathicschool_s28,combined,empathicschool
1,0.16498566,1.0,empathicschool_s28,combined,empathicschool
1,0.16498566,1.0,empathicschool_s28,combined,empathicschool
1,0.16498587,1.0,empathicschool_s28,combined,empathicschool
1,0.16498582,1.0,empathicschool_s28,combined,empathicschool
1,0.1649857,1.0,empathicschool_s28,combined,empathicschool
1,0.1649857,1.0,empathicschool_s28,combined,empathicschool
1,0.12011049,1.0,empathicschool_s28,combined,empathicschool
1,0.1649857,1.0,empathicschool_s28,combined,empathicschool
1,0.16498576,1.0,empathicschool_s28,combined,empathicschool
1,0.16498572,1.0,empathicschool_s28,combined,empathicschool
1,0.16498563,1.0,empathicschool_s28,combined,empathicschool
1,0.1649858,1.0,empathicschool_s28,combined,empathicschool
1,0.16498582,1.0,empathicschool_s28,combined,empathicschool
1,0.16498576,1.0,empathicschool_s28,combined,empathicschool
1,0.1649858,1.0,empathicschool_s28,combined,empathicschool
1,0.16498569,1.0,empathicschool_s28,combined,empathicschool
1,0.1649856,1.0,empathicschool_s28,combined,empathicschool
1,0.120146416,1.0,empathicschool_s28,combined,empathicschool
1,0.16498567,1.0,empathicschool_s28,combined,empathicschool
1,0.16498567,1.0,empathicschool_s28,combined,empathicschool
1,0.16498567,1.0,empathicschool_s28,combined,empathicschool
1,0.16498579,1.0,empathicschool_s28,combined,empathicschool
1,0.16498575,1.0,empathicschool_s28,combined,empathicschool
1,0.1649858,1.0,empathicschool_s28,combined,empathicschool
1,0.16498576,1.0,empathicschool_s28,combined,empathicschool
1,0.16498575,1.0,empathicschool_s28,combined,empathicschool
1,0.16498579,1.0,empathicschool_s28,combined,empathicschool
1,0.16498575,1.0,empathicschool_s28,combined,empathicschool
1,0.11976715,1.0,empathicschool_s28,combined,empathicschool
1,0.16498567,1.0,empathicschool_s28,combined,empathicschool
1,0.16498572,1.0,empathicschool_s28,combined,empathicschool
1,0.1649858,1.0,empathicschool_s28,combined,empathicschool
1,0.16498587,1.0,empathicschool_s28,combined,empathicschool
1,0.16498582,1.0,empathicschool_s28,combined,empathicschool
1,0.16498572,1.0,empathicschool_s28,combined,empathicschool
1,0.16498569,1.0,empathicschool_s28,combined,empathicschool
1,0.16498582,1.0,empathicschool_s28,combined,empathicschool
1,0.16498575,1.0,empathicschool_s28,combined,empathicschool
1,0.16498563,1.0,empathicschool_s28,combined,empathicschool
1,0.11927907,1.0,empathicschool_s28,combined,empathicschool
1,0.1649858,1.0,empathicschool_s28,combined,empathicschool
1,0.16498582,1.0,empathicschool_s28,combined,empathicschool
1,0.16498575,1.0,empathicschool_s28,combined,empathicschool
1,0.16498582,1.0,empathicschool_s28,combined,empathicschool
1,0.16498582,1.0,empathicschool_s28,combined,empathicschool
1,0.16498575,1.0,empathicschool_s28,combined,empathicschool
1,0.1649858,1.0,empathicschool_s28,combined,empathicschool
1,0.16498575,1.0,empathicschool_s28,combined,empathicschool
1,0.16498582,1.0,empathicschool_s28,combined,empathicschool
1,0.16498594,1.0,empathicschool_s28,combined,empathicschool
1,0.11843587,1.0,empathicschool_s28,combined,empathicschool
1,0.16498582,1.0,empathicschool_s28,combined,empathicschool
1,0.16498582,1.0,empathicschool_s28,combined,empathicschool
1,0.1649859,1.0,empathicschool_s28,combined,empathicschool
1,0.1649858,1.0,empathicschool_s28,combined,empathicschool
1,0.16498587,1.0,empathicschool_s28,combined,empathicschool
1,0.16498582,1.0,empathicschool_s28,combined,empathicschool
1,0.16498569,1.0,empathicschool_s28,combined,empathicschool
1,0.16498591,1.0,empathicschool_s28,combined,empathicschool
1,0.1649859,1.0,empathicschool_s28,combined,empathicschool
1,0.16498575,1.0,empathicschool_s28,combined,empathicschool
1,0.11851675,1.0,empathicschool_s28,combined,empathicschool
1,0.16498579,1.0,empathicschool_s28,combined,empathicschool
1,0.16498575,1.0,empathicschool_s28,combined,empathicschool
1,0.16498575,1.0,empathicschool_s28,combined,empathicschool
1,0.16498582,1.0,empathicschool_s28,combined,empathicschool
1,0.16498572,1.0,empathicschool_s28,combined,empathicschool
1,0.16498575,1.0,empathicschool_s28,combined,empathicschool
1,0.16498587,1.0,empathicschool_s28,combined,empathicschool
1,0.1649858,1.0,empathicschool_s28,combined,empathicschool
1,0.16498587,1.0,empathicschool_s28,combined,empathicschool
1,0.16498587,1.0,empathicschool_s28,combined,empathicschool
1,0.11854839,1.0,empathicschool_s28,combined,empathicschool
1,0.1649858,1.0,empathicschool_s28,combined,empathicschool
1,0.16498591,1.0,empathicschool_s28,combined,empathicschool
1,0.16498594,1.0,empathicschool_s28,combined,empathicschool
1,0.1649858,1.0,empathicschool_s28,combined,empathicschool
1,0.1649858,1.0,empathicschool_s28,combined,empathicschool
1,0.16498587,1.0,empathicschool_s28,combined,empathicschool
1,0.16498587,1.0,empathicschool_s28,combined,empathicschool
1,0.1649859,1.0,empathicschool_s28,combined,empathicschool
1,0.16498594,1.0,empathicschool_s28,combined,empathicschool
1,0.1649859,1.0,empathicschool_s28,combined,empathicschool
1,0.11691425,1.0,empathicschool_s28,combined,empathicschool
1,0.16498582,1.0,empathicschool_s28,combined,empathicschool
1,0.16498576,1.0,empathicschool_s28,combined,empathicschool
1,0.16498572,1.0,empathicschool_s28,combined,empathicschool
1,0.16498601,1.0,empathicschool_s28,combined,empathicschool
1,0.16498604,1.0,empathicschool_s28,combined,empathicschool
1,0.1649859,1.0,empathicschool_s28,combined,empathicschool
1,0.16498592,1.0,empathicschool_s28,combined,empathicschool
1,0.16498598,1.0,empathicschool_s28,combined,empathicschool
1,0.16498598,1.0,empathicschool_s28,combined,empathicschool
1,0.16498604,1.0,empathicschool_s28,combined,empathicschool
1,0.11651246,1.0,empathicschool_s28,combined,empathicschool
1,0.16498606,1.0,empathicschool_s28,combined,empathicschool
1,0.16498607,1.0,empathicschool_s28,combined,empathicschool
1,0.16498616,1.0,empathicschool_s28,combined,empathicschool
1,0.16498618,1.0,empathicschool_s28,combined,empathicschool
1,0.164986,1.0,empathicschool_s28,combined,empathicschool
1,0.1649859,1.0,empathicschool_s28,combined,empathicschool
1,0.16498587,1.0,empathicschool_s28,combined,empathicschool
1,0.16498587,1.0,empathicschool_s28,combined,empathicschool
1,0.1649859,1.0,empathicschool_s28,combined,empathicschool
1,0.16498587,1.0,empathicschool_s28,combined,empathicschool
1,0.12024714,1.0,empathicschool_s28,combined,empathicschool
1,0.11669253,1.0,empathicschool_s28,combined,empathicschool
1,0.1649859,1.0,empathicschool_s28,combined,empathicschool
1,0.1649859,1.0,empathicschool_s28,combined,empathicschool
1,0.16498594,1.0,empathicschool_s28,combined,empathicschool
1,0.16498591,1.0,empathicschool_s28,combined,empathicschool
1,0.16498592,1.0,empathicschool_s28,combined,empathicschool
1,0.16498594,1.0,empathicschool_s28,combined,empathicschool
1,0.1649859,1.0,empathicschool_s28,combined,empathicschool
1,0.16498587,1.0,empathicschool_s28,combined,empathicschool
1,0.16498594,1.0,empathicschool_s28,combined,empathicschool
1,0.16498582,1.0,empathicschool_s28,combined,empathicschool
1,0.116070755,1.0,empathicschool_s28,combined,empathicschool
1,0.16498582,1.0,empathicschool_s28,combined,empathicschool
1,0.16498582,1.0,empathicschool_s28,combined,empathicschool
1,0.16498587,1.0,empathicschool_s28,combined,empathicschool
1,0.164986,1.0,empathicschool_s28,combined,empathicschool
1,0.16498598,1.0,empathicschool_s28,combined,empathicschool
1,0.1649859,1.0,empathicschool_s28,combined,empathicschool
1,0.16498587,1.0,empathicschool_s28,combined,empathicschool
1,0.164986,1.0,empathicschool_s28,combined,empathicschool
1,0.16498613,1.0,empathicschool_s28,combined,empathicschool
1,0.16498607,1.0,empathicschool_s28,combined,empathicschool
1,0.11581551,1.0,empathicschool_s28,combined,empathicschool
1,0.16498594,1.0,empathicschool_s28,combined,empathicschool
1,0.1649859,1.0,empathicschool_s28,combined,empathicschool
1,0.16498582,1.0,empathicschool_s28,combined,empathicschool
1,0.16498587,1.0,empathicschool_s28,combined,empathicschool
1,0.16498567,1.0,empathicschool_s28,combined,empathicschool
1,0.16498564,1.0,empathicschool_s28,combined,empathicschool
1,0.16498587,1.0,empathicschool_s28,combined,empathicschool
1,0.1649859,1.0,empathicschool_s28,combined,empathicschool
1,0.16498594,1.0,empathicschool_s28,combined,empathicschool
1,0.16498592,1.0,empathicschool_s28,combined,empathicschool
1,0.11650583,1.0,empathicschool_s28,combined,empathicschool
1,0.16498592,1.0,empathicschool_s28,combined,empathicschool
1,0.16498604,1.0,empathicschool_s28,combined,empathicschool
1,0.16498604,1.0,empathicschool_s28,combined,empathicschool
1,0.1649859,1.0,empathicschool_s28,combined,empathicschool
1,0.16498594,1.0,empathicschool_s28,combined,empathicschool
1,0.16498598,1.0,empathicschool_s28,combined,empathicschool
1,0.164986,1.0,empathicschool_s28,combined,empathicschool
1,0.16498604,1.0,empathicschool_s28,combined,empathicschool
1,0.164986,1.0,empathicschool_s28,combined,empathicschool
1,0.16498601,1.0,empathicschool_s28,combined,empathicschool
1,0.11643173,1.0,empathicschool_s28,combined,empathicschool
1,0.164986,1.0,empathicschool_s28,combined,empathicschool
1,0.164986,1.0,empathicschool_s28,combined,empathicschool
1,0.16498598,1.0,empathicschool_s28,combined,empathicschool
1,0.16498604,1.0,empathicschool_s28,combined,empathicschool
1,0.16498598,1.0,empathicschool_s28,combined,empathicschool
1,0.16498604,1.0,empathicschool_s28,combined,empathicschool
1,0.16498607,1.0,empathicschool_s28,combined,empathicschool
1,0.164986,1.0,empathicschool_s28,combined,empathicschool
1,0.16498598,1.0,empathicschool_s28,combined,empathicschool
1,0.16498604,1.0,empathicschool_s28,combined,empathicschool
1,0.116210766,1.0,empathicschool_s28,combined,empathicschool
1,0.16498594,1.0,empathicschool_s28,combined,empathicschool
1,0.16498594,1.0,empathicschool_s28,combined,empathicschool
1,0.16498607,1.0,empathicschool_s28,combined,empathicschool
1,0.16498604,1.0,empathicschool_s28,combined,empathicschool
1,0.16498604,1.0,empathicschool_s28,combined,empathicschool
1,0.164986,1.0,empathicschool_s28,combined,empathicschool
1,0.16498601,1.0,empathicschool_s28,combined,empathicschool
1,0.16498613,1.0,empathicschool_s28,combined,empathicschool
1,0.164986,1.0,empathicschool_s28,combined,empathicschool
1,0.16498594,1.0,empathicschool_s28,combined,empathicschool
1,0.11642576,1.0,empathicschool_s28,combined,empathicschool
1,0.16498612,1.0,empathicschool_s28,combined,empathicschool
1,0.16498616,1.0,empathicschool_s28,combined,empathicschool
1,0.16498604,1.0,empathicschool_s28,combined,empathicschool
1,0.16498607,1.0,empathicschool_s28,combined,empathicschool
1,0.16498604,1.0,empathicschool_s28,combined,empathicschool
1,0.16498604,1.0,empathicschool_s28,combined,empathicschool
1,0.16498613,1.0,empathicschool_s28,combined,empathicschool
1,0.164986,1.0,empathicschool_s28,combined,empathicschool
1,0.164986,1.0,empathicschool_s28,combined,empathicschool
1,0.1649862,1.0,empathicschool_s28,combined,empathicschool
1,0.11654369,1.0,empathicschool_s28,combined,empathicschool
1,0.16498612,1.0,empathicschool_s28,combined,empathicschool
1,0.16498618,1.0,empathicschool_s28,combined,empathicschool
1,0.16498624,1.0,empathicschool_s28,combined,empathicschool
1,0.16498607,1.0,empathicschool_s28,combined,empathicschool
1,0.16498612,1.0,empathicschool_s28,combined,empathicschool
1,0.16498616,1.0,empathicschool_s28,combined,empathicschool
1,0.16498612,1.0,empathicschool_s28,combined,empathicschool
1,0.16498622,1.0,empathicschool_s28,combined,empathicschool
1,0.16498628,1.0,empathicschool_s28,combined,empathicschool
1,0.16498627,1.0,empathicschool_s28,combined,empathicschool
1,0.11807942,1.0,empathicschool_s28,combined,empathicschool
1,0.16498628,1.0,empathicschool_s28,combined,empathicschool
1,0.16498628,1.0,empathicschool_s28,combined,empathicschool
1,0.16498627,1.0,empathicschool_s28,combined,empathicschool
1,0.16498622,1.0,empathicschool_s28,combined,empathicschool
1,0.16498622,1.0,empathicschool_s28,combined,empathicschool
1,0.16498613,1.0,empathicschool_s28,combined,empathicschool
1,0.16498607,1.0,empathicschool_s28,combined,empathicschool
1,0.16498615,1.0,empathicschool_s28,combined,empathicschool
1,0.16498616,1.0,empathicschool_s28,combined,empathicschool
1,0.16498607,1.0,empathicschool_s28,combined,empathicschool
1,0.119683065,1.0,empathicschool_s28,combined,empathicschool
1,0.1649861,1.0,empathicschool_s28,combined,empathicschool
1,0.16498616,1.0,empathicschool_s28,combined,empathicschool
1,0.16498616,1.0,empathicschool_s28,combined,empathicschool
1,0.16498591,1.0,empathicschool_s28,combined,empathicschool
1,0.16498604,1.0,empathicschool_s28,combined,empathicschool
1,0.16498618,1.0,empathicschool_s28,combined,empathicschool
1,0.16498612,1.0,empathicschool_s28,combined,empathicschool
1,0.16498613,1.0,empathicschool_s28,combined,empathicschool
1,0.16498613,1.0,empathicschool_s28,combined,empathicschool
1,0.16498704,1.0,empathicschool_s28,combined,empathicschool
1,0.11954592,1.0,empathicschool_s28,combined,empathicschool
1,0.11862539,1.0,empathicschool_s28,combined,empathicschool
1,0.16498739,1.0,empathicschool_s28,combined,empathicschool
1,0.16498624,1.0,empathicschool_s28,combined,empathicschool
1,0.16498612,1.0,empathicschool_s28,combined,empathicschool
1,0.16498627,1.0,empathicschool_s28,combined,empathicschool
1,0.16498628,1.0,empathicschool_s28,combined,empathicschool
1,0.16498633,1.0,empathicschool_s28,combined,empathicschool
1,0.16498628,1.0,empathicschool_s28,combined,empathicschool
1,0.16498633,1.0,empathicschool_s28,combined,empathicschool
1,0.16498631,1.0,empathicschool_s28,combined,empathicschool
1,0.16498622,1.0,empathicschool_s28,combined,empathicschool
1,0.11809124,1.0,empathicschool_s28,combined,empathicschool
1,0.16498616,1.0,empathicschool_s28,combined,empathicschool
1,0.16498607,1.0,empathicschool_s28,combined,empathicschool
1,0.16498613,1.0,empathicschool_s28,combined,empathicschool
1,0.16498622,1.0,empathicschool_s28,combined,empathicschool
1,0.16498631,1.0,empathicschool_s28,combined,empathicschool
1,0.16498628,1.0,empathicschool_s28,combined,empathicschool
1,0.16498628,1.0,empathicschool_s28,combined,empathicschool
1,0.16498628,1.0,empathicschool_s28,combined,empathicschool
1,0.16498628,1.0,empathicschool_s28,combined,empathicschool
1,0.1649861,1.0,empathicschool_s28,combined,empathicschool
1,0.11808965,1.0,empathicschool_s28,combined,empathicschool
1,0.16498607,1.0,empathicschool_s28,combined,empathicschool
1,0.1649863,1.0,empathicschool_s28,combined,empathicschool
1,0.16498633,1.0,empathicschool_s28,combined,empathicschool
1,0.16498627,1.0,empathicschool_s28,combined,empathicschool
1,0.16498633,1.0,empathicschool_s28,combined,empathicschool
1,0.16498633,1.0,empathicschool_s28,combined,empathicschool
1,0.16498631,1.0,empathicschool_s28,combined,empathicschool
1,0.16498633,1.0,empathicschool_s28,combined,empathicschool
1,0.16498627,1.0,empathicschool_s28,combined,empathicschool
1,0.16498628,1.0,empathicschool_s28,combined,empathicschool
1,0.119151674,1.0,empathicschool_s28,combined,empathicschool
1,0.16498633,1.0,empathicschool_s28,combined,empathicschool
1,0.16498627,1.0,empathicschool_s28,combined,empathicschool
1,0.16498633,1.0,empathicschool_s28,combined,empathicschool
1,0.16498642,1.0,empathicschool_s28,combined,empathicschool
1,0.16498628,1.0,empathicschool_s28,combined,empathicschool
1,0.16498622,1.0,empathicschool_s28,combined,empathicschool
1,0.16498607,1.0,empathicschool_s28,combined,empathicschool
1,0.1649862,1.0,empathicschool_s28,combined,empathicschool
1,0.16498633,1.0,empathicschool_s28,combined,empathicschool
1,0.16498642,1.0,empathicschool_s28,combined,empathicschool
1,0.11969528,1.0,empathicschool_s28,combined,empathicschool
1,0.16498639,1.0,empathicschool_s28,combined,empathicschool
1,0.16498631,1.0,empathicschool_s28,combined,empathicschool
1,0.1649864,1.0,empathicschool_s28,combined,empathicschool
1,0.16498639,1.0,empathicschool_s28,combined,empathicschool
1,0.16498622,1.0,empathicschool_s28,combined,empathicschool
1,0.16498622,1.0,empathicschool_s28,combined,empathicschool
1,0.16498633,1.0,empathicschool_s28,combined,empathicschool
1,0.16498627,1.0,empathicschool_s28,combined,empathicschool
1,0.16498627,1.0,empathicschool_s28,combined,empathicschool
1,0.16498634,1.0,empathicschool_s28,combined,empathicschool
1,0.11940174,1.0,empathicschool_s28,combined,empathicschool
1,0.16498648,1.0,empathicschool_s28,combined,empathicschool
1,0.1649864,1.0,empathicschool_s28,combined,empathicschool
1,0.16498631,1.0,empathicschool_s28,combined,empathicschool
1,0.16498628,1.0,empathicschool_s28,combined,empathicschool
1,0.16498627,1.0,empathicschool_s28,combined,empathicschool
1,0.16498627,1.0,empathicschool_s28,combined,empathicschool
1,0.16498633,1.0,empathicschool_s28,combined,empathicschool
1,0.1649864,1.0,empathicschool_s28,combined,empathicschool
1,0.16498631,1.0,empathicschool_s28,combined,empathicschool
1,0.16498633,1.0,empathicschool_s28,combined,empathicschool
1,0.11927476,1.0,empathicschool_s28,combined,empathicschool
1,0.16498633,1.0,empathicschool_s28,combined,empathicschool
1,0.16498633,1.0,empathicschool_s28,combined,empathicschool
1,0.16498624,1.0,empathicschool_s28,combined,empathicschool
1,0.1649864,1.0,empathicschool_s28,combined,empathicschool
1,0.16498652,1.0,empathicschool_s28,combined,empathicschool
1,0.1649864,1.0,empathicschool_s28,combined,empathicschool
1,0.16498633,1.0,empathicschool_s28,combined,empathicschool
1,0.16498639,1.0,empathicschool_s28,combined,empathicschool
1,0.16498631,1.0,empathicschool_s28,combined,empathicschool
1,0.16498634,1.0,empathicschool_s28,combined,empathicschool
1,0.11883011,1.0,empathicschool_s28,combined,empathicschool
1,0.16498624,1.0,empathicschool_s28,combined,empathicschool
1,0.16498618,1.0,empathicschool_s28,combined,empathicschool
1,0.16498627,1.0,empathicschool_s28,combined,empathicschool
1,0.16498627,1.0,empathicschool_s28,combined,empathicschool
1,0.1649864,1.0,empathicschool_s28,combined,empathicschool
1,0.1649864,1.0,empathicschool_s28,combined,empathicschool
1,0.16498633,1.0,empathicschool_s28,combined,empathicschool
1,0.1649864,1.0,empathicschool_s28,combined,empathicschool
1,0.16498639,1.0,empathicschool_s28,combined,empathicschool
1,0.16498633,1.0,empathicschool_s28,combined,empathicschool
1,0.11778285,1.0,empathicschool_s28,combined,empathicschool
1,0.1649864,1.0,empathicschool_s28,combined,empathicschool
1,0.16498636,1.0,empathicschool_s28,combined,empathicschool
1,0.16498639,1.0,empathicschool_s28,combined,empathicschool
1,0.11701495,1.0,empathicschool_s28,combined,empathicschool
1,0.11992981,1.0,empathicschool_s28,combined,empathicschool
1,0.116573006,1.0,empathicschool_s28,combined,empathicschool
1,0.11690316,1.0,empathicschool_s28,combined,empathicschool
1,0.117599025,1.0,empathicschool_s28,combined,empathicschool
1,0.11735545,1.0,empathicschool_s28,combined,empathicschool
1,0.11669762,1.0,empathicschool_s28,combined,empathicschool
1,0.11681144,1.0,empathicschool_s28,combined,empathicschool
1,0.117579415,1.0,empathicschool_s28,combined,empathicschool
1,0.11811466,1.0,empathicschool_s28,combined,empathicschool
1,0.11817659,1.0,empathicschool_s28,combined,empathicschool
1,0.1180328,1.0,empathicschool_s28,combined,empathicschool
1,0.11955236,1.0,empathicschool_s28,combined,empathicschool
1,0.118075654,1.0,empathicschool_s28,combined,empathicschool
1,0.11834723,1.0,empathicschool_s28,combined,empathicschool
1,0.11795206,1.0,empathicschool_s28,combined,empathicschool
1,0.11791486,1.0,empathicschool_s28,combined,empathicschool
1,0.11835693,1.0,empathicschool_s28,combined,empathicschool
1,0.11846449,1.0,empathicschool_s28,combined,empathicschool
1,0.118329115,1.0,empathicschool_s28,combined,empathicschool
1,0.11826499,1.0,empathicschool_s28,combined,empathicschool
1,0.11843612,1.0,empathicschool_s28,combined,empathicschool
1,0.118481144,1.0,empathicschool_s28,combined,empathicschool
1,0.119183004,1.0,empathicschool_s28,combined,empathicschool
1,0.118122354,1.0,empathicschool_s28,combined,empathicschool
1,0.11828445,1.0,empathicschool_s28,combined,empathicschool
1,0.11820081,1.0,empathicschool_s28,combined,empathicschool
1,0.117930576,1.0,empathicschool_s28,combined,empathicschool
1,0.11814305,1.0,empathicschool_s28,combined,empathicschool
1,0.118288435,1.0,empathicschool_s28,combined,empathicschool
1,0.118320666,1.0,empathicschool_s28,combined,empathicschool
1,0.11794653,1.0,empathicschool_s28,combined,empathicschool
1,0.11761389,1.0,empathicschool_s28,combined,empathicschool
1,0.11764814,1.0,empathicschool_s28,combined,empathicschool
1,0.117681615,1.0,empathicschool_s28,combined,empathicschool
1,0.11985813,1.0,empathicschool_s28,combined,empathicschool
1,0.1176182,1.0,empathicschool_s28,combined,empathicschool
1,0.11761828,1.0,empathicschool_s28,combined,empathicschool
1,0.11761809,1.0,empathicschool_s28,combined,empathicschool
1,0.11761795,1.0,empathicschool_s28,combined,empathicschool
1,0.117618,1.0,empathicschool_s28,combined,empathicschool
1,0.117618054,1.0,empathicschool_s28,combined,empathicschool
1,0.117618136,1.0,empathicschool_s28,combined,empathicschool
1,0.1176182,1.0,empathicschool_s28,combined,empathicschool
1,0.11761829,1.0,empathicschool_s28,combined,empathicschool
1,0.11743667,1.0,empathicschool_s28,combined,empathicschool
1,0.11824959,1.0,empathicschool_s28,combined,empathicschool
1,0.11711517,1.0,empathicschool_s28,combined,empathicschool
1,0.11703545,1.0,empathicschool_s28,combined,empathicschool
1,0.117012106,1.0,empathicschool_s28,combined,empathicschool
1,0.1168126,1.0,empathicschool_s28,combined,empathicschool
1,0.116821714,1.0,empathicschool_s28,combined,empathicschool
1,0.11738575,1.0,empathicschool_s28,combined,empathicschool
1,0.118177645,1.0,empathicschool_s28,combined,empathicschool
1,0.12149613,1.0,empathicschool_s28,combined,empathicschool
1,0.11846517,1.0,empathicschool_s28,combined,empathicschool
1,0.11462615,1.0,empathicschool_s28,combined,empathicschool
1,0.11580405,1.0,empathicschool_s28,combined,empathicschool
1,0.114730224,1.0,empathicschool_s28,combined,empathicschool
1,0.11540472,1.0,empathicschool_s28,combined,empathicschool
1,0.115551904,1.0,empathicschool_s28,combined,empathicschool
1,0.115366906,1.0,empathicschool_s28,combined,empathicschool
1,0.11523931,1.0,empathicschool_s28,combined,empathicschool
1,0.11512952,1.0,empathicschool_s28,combined,empathicschool
1,0.11500977,1.0,empathicschool_s28,combined,empathicschool
1,0.115003094,1.0,empathicschool_s28,combined,empathicschool
1,0.11500198,1.0,empathicschool_s28,combined,empathicschool
1,0.11500208,1.0,empathicschool_s28,combined,empathicschool
1,0.11532889,1.0,empathicschool_s28,combined,empathicschool
1,0.11515101,1.0,empathicschool_s28,combined,empathicschool
1,0.115145326,1.0,empathicschool_s28,combined,empathicschool
1,0.115002126,1.0,empathicschool_s28,combined,empathicschool
1,0.115002096,1.0,empathicschool_s28,combined,empathicschool
1,0.11500208,1.0,empathicschool_s28,combined,empathicschool
1,0.11500201,1.0,empathicschool_s28,combined,empathicschool
1,0.11500194,1.0,empathicschool_s28,combined,empathicschool
1,0.11500201,1.0,empathicschool_s28,combined,empathicschool
1,0.11500208,1.0,empathicschool_s28,combined,empathicschool
1,0.11500206,1.0,empathicschool_s28,combined,empathicschool
1,0.11964608,1.0,empathicschool_s28,combined,empathicschool
1,0.11500206,1.0,empathicschool_s28,combined,empathicschool
1,0.11500203,1.0,empathicschool_s28,combined,empathicschool
1,0.11500198,1.0,empathicschool_s28,combined,empathicschool
1,0.11500194,1.0,empathicschool_s28,combined,empathicschool
1,0.11500203,1.0,empathicschool_s28,combined,empathicschool
1,0.115001954,1.0,empathicschool_s28,combined,empathicschool
1,0.11500194,1.0,empathicschool_s28,combined,empathicschool
1,0.11500194,1.0,empathicschool_s28,combined,empathicschool
1,0.11500191,1.0,empathicschool_s28,combined,empathicschool
1,0.115068145,1.0,empathicschool_s28,combined,empathicschool
1,0.120833315,1.0,empathicschool_s28,combined,empathicschool
1,0.11515914,1.0,empathicschool_s28,combined,empathicschool
1,0.11511074,1.0,empathicschool_s28,combined,empathicschool
1,0.11513043,1.0,empathicschool_s28,combined,empathicschool
1,0.1151341,1.0,empathicschool_s28,combined,empathicschool
1,0.1151339,1.0,empathicschool_s28,combined,empathicschool
1,0.11524213,1.0,empathicschool_s28,combined,empathicschool
1,0.11532904,1.0,empathicschool_s28,combined,empathicschool
1,0.115232386,1.0,empathicschool_s28,combined,empathicschool
1,0.11526669,1.0,empathicschool_s28,combined,empathicschool
1,0.115234986,1.0,empathicschool_s28,combined,empathicschool
1,0.11835359,1.0,empathicschool_s28,combined,empathicschool
1,0.11514354,1.0,empathicschool_s28,combined,empathicschool
1,0.11513918,1.0,empathicschool_s28,combined,empathicschool
1,0.11515059,1.0,empathicschool_s28,combined,empathicschool
1,0.11507733,1.0,empathicschool_s28,combined,empathicschool
1,0.115274034,1.0,empathicschool_s28,combined,empathicschool
1,0.11522712,1.0,empathicschool_s28,combined,empathicschool
1,0.11504396,1.0,empathicschool_s28,combined,empathicschool
1,0.115042605,1.0,empathicschool_s28,combined,empathicschool
1,0.11515406,1.0,empathicschool_s28,combined,empathicschool
1,0.11530696,1.0,empathicschool_s28,combined,empathicschool
1,0.11802471,1.0,empathicschool_s28,combined,empathicschool
1,0.11537571,1.0,empathicschool_s28,combined,empathicschool
1,0.11551167,1.0,empathicschool_s28,combined,empathicschool
1,0.11553313,1.0,empathicschool_s28,combined,empathicschool
1,0.11533761,1.0,empathicschool_s28,combined,empathicschool
1,0.115406394,1.0,empathicschool_s28,combined,empathicschool
1,0.1155833,1.0,empathicschool_s28,combined,empathicschool
1,0.11518555,1.0,empathicschool_s28,combined,empathicschool
1,0.11527558,1.0,empathicschool_s28,combined,empathicschool
1,0.11537041,1.0,empathicschool_s28,combined,empathicschool
1,0.115231,1.0,empathicschool_s28,combined,empathicschool
1,0.11674735,1.0,empathicschool_s28,combined,empathicschool
1,0.11548092,1.0,empathicschool_s28,combined,empathicschool
1,0.115540564,1.0,empathicschool_s28,combined,empathicschool
1,0.11552438,1.0,empathicschool_s28,combined,empathicschool
1,0.11554111,1.0,empathicschool_s28,combined,empathicschool
1,0.115545146,1.0,empathicschool_s28,combined,empathicschool
1,0.11550515,1.0,empathicschool_s28,combined,empathicschool
1,0.11550021,1.0,empathicschool_s28,combined,empathicschool
1,0.11553632,1.0,empathicschool_s28,combined,empathicschool
1,0.11548253,1.0,empathicschool_s28,combined,empathicschool
1,0.11538466,1.0,empathicschool_s28,combined,empathicschool
1,0.1158248,1.0,empathicschool_s28,combined,empathicschool
1,0.11526917,1.0,empathicschool_s28,combined,empathicschool
1,0.1152336,1.0,empathicschool_s28,combined,empathicschool
1,0.11535274,1.0,empathicschool_s28,combined,empathicschool
1,0.115384646,1.0,empathicschool_s28,combined,empathicschool
1,0.11534345,1.0,empathicschool_s28,combined,empathicschool
1,0.115455724,1.0,empathicschool_s28,combined,empathicschool
1,0.11520811,1.0,empathicschool_s28,combined,empathicschool
1,0.115336694,1.0,empathicschool_s28,combined,empathicschool
1,0.1154519,1.0,empathicschool_s28,combined,empathicschool
1,0.11525964,1.0,empathicschool_s28,combined,empathicschool
1,0.11798388,1.0,empathicschool_s28,combined,empathicschool
1,0.11601783,1.0,empathicschool_s28,combined,empathicschool
1,0.11520402,1.0,empathicschool_s28,combined,empathicschool
1,0.11512596,1.0,empathicschool_s28,combined,empathicschool
1,0.115289845,1.0,empathicschool_s28,combined,empathicschool
1,0.11544352,1.0,empathicschool_s28,combined,empathicschool
1,0.11554981,1.0,empathicschool_s28,combined,empathicschool
1,0.11552425,1.0,empathicschool_s28,combined,empathicschool
1,0.11532538,1.0,empathicschool_s28,combined,empathicschool
1,0.11531562,1.0,empathicschool_s28,combined,empathicschool
1,0.115418985,1.0,empathicschool_s28,combined,empathicschool
1,0.11529945,1.0,empathicschool_s28,combined,empathicschool
1,0.1164395,1.0,empathicschool_s28,combined,empathicschool
1,0.115097135,1.0,empathicschool_s28,combined,empathicschool
1,0.11513298,1.0,empathicschool_s28,combined,empathicschool
1,0.11511272,1.0,empathicschool_s28,combined,empathicschool
1,0.115021,1.0,empathicschool_s28,combined,empathicschool
1,0.11516266,1.0,empathicschool_s28,combined,empathicschool
1,0.13299944,1.0,empathicschool_s28,combined,empathicschool
1,0.16170183,1.0,empathicschool_s28,combined,empathicschool
1,0.16499646,1.0,empathicschool_s28,combined,empathicschool
1,0.16499658,1.0,empathicschool_s28,combined,empathicschool
1,0.16499692,1.0,empathicschool_s28,combined,empathicschool
1,0.116806015,1.0,empathicschool_s28,combined,empathicschool
1,0.16499814,1.0,empathicschool_s28,combined,empathicschool
1,0.16499795,1.0,empathicschool_s28,combined,empathicschool
1,0.16499719,1.0,empathicschool_s28,combined,empathicschool
1,0.1649971,1.0,empathicschool_s28,combined,empathicschool
1,0.16499725,1.0,empathicschool_s28,combined,empathicschool
1,0.16499737,1.0,empathicschool_s28,combined,empathicschool
1,0.16499744,1.0,empathicschool_s28,combined,empathicschool
1,0.16499741,1.0,empathicschool_s28,combined,empathicschool
1,0.16499741,1.0,empathicschool_s28,combined,empathicschool
1,0.16499726,1.0,empathicschool_s28,combined,empathicschool
1,0.11588736,1.0,empathicschool_s28,combined,empathicschool
1,0.16499722,1.0,empathicschool_s28,combined,empathicschool
1,0.1649972,1.0,empathicschool_s28,combined,empathicschool
1,0.1649973,1.0,empathicschool_s28,combined,empathicschool
1,0.16499737,1.0,empathicschool_s28,combined,empathicschool
1,0.16499725,1.0,empathicschool_s28,combined,empathicschool
1,0.16499732,1.0,empathicschool_s28,combined,empathicschool
1,0.16499737,1.0,empathicschool_s28,combined,empathicschool
1,0.16499746,1.0,empathicschool_s28,combined,empathicschool
1,0.16499746,1.0,empathicschool_s28,combined,empathicschool
1,0.16499725,1.0,empathicschool_s28,combined,empathicschool
1,0.11554017,1.0,empathicschool_s28,combined,empathicschool
1,0.16499713,1.0,empathicschool_s28,combined,empathicschool
1,0.16499725,1.0,empathicschool_s28,combined,empathicschool
1,0.16499722,1.0,empathicschool_s28,combined,empathicschool
1,0.16499726,1.0,empathicschool_s28,combined,empathicschool
1,0.1649973,1.0,empathicschool_s28,combined,empathicschool
1,0.1649971,1.0,empathicschool_s28,combined,empathicschool
1,0.16499698,1.0,empathicschool_s28,combined,empathicschool
1,0.16499697,1.0,empathicschool_s28,combined,empathicschool
1,0.16499664,1.0,empathicschool_s28,combined,empathicschool
1,0.16499664,1.0,empathicschool_s28,combined,empathicschool
1,0.11630097,1.0,empathicschool_s28,combined,empathicschool
1,0.16499676,1.0,empathicschool_s28,combined,empathicschool
1,0.1649967,1.0,empathicschool_s28,combined,empathicschool
1,0.1649967,1.0,empathicschool_s28,combined,empathicschool
1,0.16499664,1.0,empathicschool_s28,combined,empathicschool
1,0.16499665,1.0,empathicschool_s28,combined,empathicschool
1,0.16499646,1.0,empathicschool_s28,combined,empathicschool
1,0.1649964,1.0,empathicschool_s28,combined,empathicschool
1,0.1649966,1.0,empathicschool_s28,combined,empathicschool
1,0.1649964,1.0,empathicschool_s28,combined,empathicschool
1,0.16499618,1.0,empathicschool_s28,combined,empathicschool
1,0.115801215,1.0,empathicschool_s28,combined,empathicschool
1,0.16499625,1.0,empathicschool_s28,combined,empathicschool
1,0.16499616,1.0,empathicschool_s28,combined,empathicschool
1,0.16499622,1.0,empathicschool_s28,combined,empathicschool
1,0.16499616,1.0,empathicschool_s28,combined,empathicschool
1,0.16499609,1.0,empathicschool_s28,combined,empathicschool
1,0.16499598,1.0,empathicschool_s28,combined,empathicschool
1,0.16499598,1.0,empathicschool_s28,combined,empathicschool
1,0.1649961,1.0,empathicschool_s28,combined,empathicschool
1,0.16499612,1.0,empathicschool_s28,combined,empathicschool
1,0.16499595,1.0,empathicschool_s28,combined,empathicschool
1,0.117517084,1.0,empathicschool_s28,combined,empathicschool
1,0.16499592,1.0,empathicschool_s28,combined,empathicschool
1,0.16499598,1.0,empathicschool_s28,combined,empathicschool
1,0.16499598,1.0,empathicschool_s28,combined,empathicschool
1,0.16499595,1.0,empathicschool_s28,combined,empathicschool
1,0.16499595,1.0,empathicschool_s28,combined,empathicschool
1,0.16499591,1.0,empathicschool_s28,combined,empathicschool
1,0.16499588,1.0,empathicschool_s28,combined,empathicschool
1,0.16499591,1.0,empathicschool_s28,combined,empathicschool
1,0.16499579,1.0,empathicschool_s28,combined,empathicschool
1,0.16499569,1.0,empathicschool_s28,combined,empathicschool
1,0.11946808,1.0,empathicschool_s28,combined,empathicschool
1,0.16499576,1.0,empathicschool_s28,combined,empathicschool
1,0.16499579,1.0,empathicschool_s28,combined,empathicschool
1,0.16499557,1.0,empathicschool_s28,combined,empathicschool
1,0.16499557,1.0,empathicschool_s28,combined,empathicschool
1,0.16499576,1.0,empathicschool_s28,combined,empathicschool
1,0.16499564,1.0,empathicschool_s28,combined,empathicschool
1,0.16499557,1.0,empathicschool_s28,combined,empathicschool
1,0.16499567,1.0,empathicschool_s28,combined,empathicschool
1,0.16499569,1.0,empathicschool_s28,combined,empathicschool
1,0.1649957,1.0,empathicschool_s28,combined,empathicschool
1,0.11823737,1.0,empathicschool_s28,combined,empathicschool
1,0.16499569,1.0,empathicschool_s28,combined,empathicschool
1,0.16499546,1.0,empathicschool_s28,combined,empathicschool
1,0.16499543,1.0,empathicschool_s28,combined,empathicschool
1,0.1649954,1.0,empathicschool_s28,combined,empathicschool
1,0.16499539,1.0,empathicschool_s28,combined,empathicschool
1,0.16499545,1.0,empathicschool_s28,combined,empathicschool
1,0.1649954,1.0,empathicschool_s28,combined,empathicschool
1,0.16499534,1.0,empathicschool_s28,combined,empathicschool
1,0.16499534,1.0,empathicschool_s28,combined,empathicschool
1,0.16499531,1.0,empathicschool_s28,combined,empathicschool
1,0.11847714,1.0,empathicschool_s28,combined,empathicschool
1,0.11713885,1.0,empathicschool_s28,combined,empathicschool
1,0.16499524,1.0,empathicschool_s28,combined,empathicschool
1,0.16499545,1.0,empathicschool_s28,combined,empathicschool
1,0.16499546,1.0,empathicschool_s28,combined,empathicschool
1,0.16499528,1.0,empathicschool_s28,combined,empathicschool
1,0.16499521,1.0,empathicschool_s28,combined,empathicschool
1,0.16499516,1.0,empathicschool_s28,combined,empathicschool
1,0.16499521,1.0,empathicschool_s28,combined,empathicschool
1,0.16499516,1.0,empathicschool_s28,combined,empathicschool
1,0.16499496,1.0,empathicschool_s28,combined,empathicschool
1,0.16499497,1.0,empathicschool_s28,combined,empathicschool
1,0.11617114,1.0,empathicschool_s28,combined,empathicschool
1,0.16499515,1.0,empathicschool_s28,combined,empathicschool
1,0.16499518,1.0,empathicschool_s28,combined,empathicschool
1,0.16499516,1.0,empathicschool_s28,combined,empathicschool
1,0.16499513,1.0,empathicschool_s28,combined,empathicschool
1,0.16499516,1.0,empathicschool_s28,combined,empathicschool
1,0.16499516,1.0,empathicschool_s28,combined,empathicschool
1,0.1649951,1.0,empathicschool_s28,combined,empathicschool
1,0.16499497,1.0,empathicschool_s28,combined,empathicschool
1,0.16499506,1.0,empathicschool_s28,combined,empathicschool
1,0.1649951,1.0,empathicschool_s28,combined,empathicschool
1,0.11622862,1.0,empathicschool_s28,combined,empathicschool
1,0.1649951,1.0,empathicschool_s28,combined,empathicschool
1,0.16499506,1.0,empathicschool_s28,combined,empathicschool
1,0.16499516,1.0,empathicschool_s28,combined,empathicschool
1,0.16499616,1.0,empathicschool_s28,combined,empathicschool
1,0.16499574,1.0,empathicschool_s28,combined,empathicschool
1,0.16499498,1.0,empathicschool_s28,combined,empathicschool
1,0.16499498,1.0,empathicschool_s28,combined,empathicschool
1,0.16499507,1.0,empathicschool_s28,combined,empathicschool
1,0.1649951,1.0,empathicschool_s28,combined,empathicschool
1,0.16499507,1.0,empathicschool_s28,combined,empathicschool
1,0.11626789,1.0,empathicschool_s28,combined,empathicschool
1,0.16499497,1.0,empathicschool_s28,combined,empathicschool
1,0.16499493,1.0,empathicschool_s28,combined,empathicschool
1,0.16499493,1.0,empathicschool_s28,combined,empathicschool
1,0.16499497,1.0,empathicschool_s28,combined,empathicschool
1,0.16499498,1.0,empathicschool_s28,combined,empathicschool
1,0.16499497,1.0,empathicschool_s28,combined,empathicschool
1,0.16499498,1.0,empathicschool_s28,combined,empathicschool
1,0.16499498,1.0,empathicschool_s28,combined,empathicschool
1,0.16499496,1.0,empathicschool_s28,combined,empathicschool
1,0.16499493,1.0,empathicschool_s28,combined,empathicschool
1,0.1161233,1.0,empathicschool_s28,combined,empathicschool
1,0.16499496,1.0,empathicschool_s28,combined,empathicschool
1,0.16499496,1.0,empathicschool_s28,combined,empathicschool
1,0.1649948,1.0,empathicschool_s28,combined,empathicschool
1,0.1649948,1.0,empathicschool_s28,combined,empathicschool
1,0.16499472,1.0,empathicschool_s28,combined,empathicschool
1,0.16499457,1.0,empathicschool_s28,combined,empathicschool
1,0.1649945,1.0,empathicschool_s28,combined,empathicschool
1,0.16499436,1.0,empathicschool_s28,combined,empathicschool
1,0.16499425,1.0,empathicschool_s28,combined,empathicschool
1,0.16499428,1.0,empathicschool_s28,combined,empathicschool
1,0.11658165,1.0,empathicschool_s28,combined,empathicschool
1,0.16499421,1.0,empathicschool_s28,combined,empathicschool
1,0.16499402,1.0,empathicschool_s28,combined,empathicschool
1,0.16499402,1.0,empathicschool_s28,combined,empathicschool
1,0.16499403,1.0,empathicschool_s28,combined,empathicschool
1,0.16499399,1.0,empathicschool_s28,combined,empathicschool
1,0.1649939,1.0,empathicschool_s28,combined,empathicschool
1,0.16499381,1.0,empathicschool_s28,combined,empathicschool
1,0.16499384,1.0,empathicschool_s28,combined,empathicschool
1,0.16499381,1.0,empathicschool_s28,combined,empathicschool
1,0.1649937,1.0,empathicschool_s28,combined,empathicschool
1,0.11705368,1.0,empathicschool_s28,combined,empathicschool
1,0.16499364,1.0,empathicschool_s28,combined,empathicschool
1,0.16499354,1.0,empathicschool_s28,combined,empathicschool
1,0.16499354,1.0,empathicschool_s28,combined,empathicschool
1,0.16499358,1.0,empathicschool_s28,combined,empathicschool
1,0.16499358,1.0,empathicschool_s28,combined,empathicschool
1,0.16499363,1.0,empathicschool_s28,combined,empathicschool
1,0.16499352,1.0,empathicschool_s28,combined,empathicschool
1,0.1649934,1.0,empathicschool_s28,combined,empathicschool
1,0.16499335,1.0,empathicschool_s28,combined,empathicschool
1,0.1649933,1.0,empathicschool_s28,combined,empathicschool
1,0.11704676,1.0,empathicschool_s28,combined,empathicschool
1,0.16499317,1.0,empathicschool_s28,combined,empathicschool
1,0.16499287,1.0,empathicschool_s28,combined,empathicschool
1,0.16499265,1.0,empathicschool_s28,combined,empathicschool
1,0.16499265,1.0,empathicschool_s28,combined,empathicschool
1,0.16499272,1.0,empathicschool_s28,combined,empathicschool
1,0.16499275,1.0,empathicschool_s28,combined,empathicschool
1,0.16499263,1.0,empathicschool_s28,combined,empathicschool
1,0.16499242,1.0,empathicschool_s28,combined,empathicschool
1,0.16499254,1.0,empathicschool_s28,combined,empathicschool
1,0.16499263,1.0,empathicschool_s28,combined,empathicschool
1,0.11474138,1.0,empathicschool_s28,combined,empathicschool
1,0.16499247,1.0,empathicschool_s28,combined,empathicschool
1,0.16499242,1.0,empathicschool_s28,combined,empathicschool
1,0.16499238,1.0,empathicschool_s28,combined,empathicschool
1,0.1649924,1.0,empathicschool_s28,combined,empathicschool
1,0.1649924,1.0,empathicschool_s28,combined,empathicschool
1,0.16499227,1.0,empathicschool_s28,combined,empathicschool
1,0.1649922,1.0,empathicschool_s28,combined,empathicschool
1,0.1649922,1.0,empathicschool_s28,combined,empathicschool
1,0.1649923,1.0,empathicschool_s28,combined,empathicschool
1,0.1649924,1.0,empathicschool_s28,combined,empathicschool
1,0.112107575,1.0,empathicschool_s28,combined,empathicschool
1,0.16499236,1.0,empathicschool_s28,combined,empathicschool
1,0.16499232,1.0,empathicschool_s28,combined,empathicschool
1,0.16499232,1.0,empathicschool_s28,combined,empathicschool
1,0.16499236,1.0,empathicschool_s28,combined,empathicschool
1,0.1649921,1.0,empathicschool_s28,combined,empathicschool
1,0.16499211,1.0,empathicschool_s28,combined,empathicschool
1,0.1649925,1.0,empathicschool_s28,combined,empathicschool
1,0.16499291,1.0,empathicschool_s28,combined,empathicschool
1,0.16499314,1.0,empathicschool_s28,combined,empathicschool
1,0.16499317,1.0,empathicschool_s28,combined,empathicschool
1,0.1193012,1.0,empathicschool_s28,combined,empathicschool
1,0.11403152,1.0,empathicschool_s28,combined,empathicschool
1,0.16499309,1.0,empathicschool_s28,combined,empathicschool
1,0.16499317,1.0,empathicschool_s28,combined,empathicschool
1,0.16499314,1.0,empathicschool_s28,combined,empathicschool
1,0.16499299,1.0,empathicschool_s28,combined,empathicschool
1,0.16499317,1.0,empathicschool_s28,combined,empathicschool
1,0.16499321,1.0,empathicschool_s28,combined,empathicschool
1,0.16499317,1.0,empathicschool_s28,combined,empathicschool
1,0.16499321,1.0,empathicschool_s28,combined,empathicschool
1,0.1649932,1.0,empathicschool_s28,combined,empathicschool
1,0.16499306,1.0,empathicschool_s28,combined,empathicschool
1,0.116214246,1.0,empathicschool_s28,combined,empathicschool
1,0.16499299,1.0,empathicschool_s28,combined,empathicschool
1,0.16499269,1.0,empathicschool_s28,combined,empathicschool
1,0.1649927,1.0,empathicschool_s28,combined,empathicschool
1,0.16499284,1.0,empathicschool_s28,combined,empathicschool
1,0.16499281,1.0,empathicschool_s28,combined,empathicschool
1,0.16499276,1.0,empathicschool_s28,combined,empathicschool
1,0.16499278,1.0,empathicschool_s28,combined,empathicschool
1,0.16499276,1.0,empathicschool_s28,combined,empathicschool
1,0.16499278,1.0,empathicschool_s28,combined,empathicschool
1,0.16499297,1.0,empathicschool_s28,combined,empathicschool
1,0.115725026,1.0,empathicschool_s28,combined,empathicschool
1,0.16499321,1.0,empathicschool_s28,combined,empathicschool
1,0.16499346,1.0,empathicschool_s28,combined,empathicschool
1,0.16499369,1.0,empathicschool_s28,combined,empathicschool
1,0.16499381,1.0,empathicschool_s28,combined,empathicschool
1,0.16499384,1.0,empathicschool_s28,combined,empathicschool
1,0.16499388,1.0,empathicschool_s28,combined,empathicschool
1,0.16499388,1.0,empathicschool_s28,combined,empathicschool
1,0.16499391,1.0,empathicschool_s28,combined,empathicschool
1,0.16499388,1.0,empathicschool_s28,combined,empathicschool
1,0.16499381,1.0,empathicschool_s28,combined,empathicschool
1,0.114414066,1.0,empathicschool_s28,combined,empathicschool
1,0.16499414,1.0,empathicschool_s28,combined,empathicschool
1,0.16499412,1.0,empathicschool_s28,combined,empathicschool
1,0.16499403,1.0,empathicschool_s28,combined,empathicschool
1,0.16499406,1.0,empathicschool_s28,combined,empathicschool
1,0.16499406,1.0,empathicschool_s28,combined,empathicschool
1,0.16499403,1.0,empathicschool_s28,combined,empathicschool
1,0.16499399,1.0,empathicschool_s28,combined,empathicschool
1,0.16499387,1.0,empathicschool_s28,combined,empathicschool
1,0.16499396,1.0,empathicschool_s28,combined,empathicschool
1,0.16499399,1.0,empathicschool_s28,combined,empathicschool
1,0.11329656,1.0,empathicschool_s28,combined,empathicschool
1,0.16499393,1.0,empathicschool_s28,combined,empathicschool
1,0.16499396,1.0,empathicschool_s28,combined,empathicschool
1,0.16499393,1.0,empathicschool_s28,combined,empathicschool
1,0.1649939,1.0,empathicschool_s28,combined,empathicschool
1,0.16499388,1.0,empathicschool_s28,combined,empathicschool
1,0.16499372,1.0,empathicschool_s28,combined,empathicschool
1,0.16499357,1.0,empathicschool_s28,combined,empathicschool
1,0.16499366,1.0,empathicschool_s28,combined,empathicschool
1,0.16499364,1.0,empathicschool_s28,combined,empathicschool
1,0.16499363,1.0,empathicschool_s28,combined,empathicschool
1,0.11354956,1.0,empathicschool_s28,combined,empathicschool
1,0.16499364,1.0,empathicschool_s28,combined,empathicschool
1,0.16499363,1.0,empathicschool_s28,combined,empathicschool
1,0.16499351,1.0,empathicschool_s28,combined,empathicschool
1,0.16499354,1.0,empathicschool_s28,combined,empathicschool
1,0.16499346,1.0,empathicschool_s28,combined,empathicschool
1,0.1649934,1.0,empathicschool_s28,combined,empathicschool
1,0.16499354,1.0,empathicschool_s28,combined,empathicschool
1,0.16499352,1.0,empathicschool_s28,combined,empathicschool
1,0.16499357,1.0,empathicschool_s28,combined,empathicschool
1,0.16499364,1.0,empathicschool_s28,combined,empathicschool
1,0.11357479,1.0,empathicschool_s28,combined,empathicschool
1,0.16499363,1.0,empathicschool_s28,combined,empathicschool
1,0.16499363,1.0,empathicschool_s28,combined,empathicschool
1,0.16499366,1.0,empathicschool_s28,combined,empathicschool
1,0.16499351,1.0,empathicschool_s28,combined,empathicschool
1,0.16499352,1.0,empathicschool_s28,combined,empathicschool
1,0.1649937,1.0,empathicschool_s28,combined,empathicschool
1,0.16499376,1.0,empathicschool_s28,combined,empathicschool
1,0.16499366,1.0,empathicschool_s28,combined,empathicschool
1,0.16499364,1.0,empathicschool_s28,combined,empathicschool
1,0.16499372,1.0,empathicschool_s28,combined,empathicschool
1,0.113728955,1.0,empathicschool_s28,combined,empathicschool
1,0.16499361,1.0,empathicschool_s28,combined,empathicschool
1,0.1649934,1.0,empathicschool_s28,combined,empathicschool
1,0.16499338,1.0,empathicschool_s28,combined,empathicschool
1,0.16499346,1.0,empathicschool_s28,combined,empathicschool
1,0.16499346,1.0,empathicschool_s28,combined,empathicschool
1,0.1649934,1.0,empathicschool_s28,combined,empathicschool
1,0.1649935,1.0,empathicschool_s28,combined,empathicschool
1,0.16499352,1.0,empathicschool_s28,combined,empathicschool
1,0.16499346,1.0,empathicschool_s28,combined,empathicschool
1,0.1649934,1.0,empathicschool_s28,combined,empathicschool
1,0.11373513,1.0,empathicschool_s28,combined,empathicschool
1,0.16499324,1.0,empathicschool_s28,combined,empathicschool
1,0.1649932,1.0,empathicschool_s28,combined,empathicschool
1,0.16499329,1.0,empathicschool_s28,combined,empathicschool
1,0.16499335,1.0,empathicschool_s28,combined,empathicschool
1,0.1649933,1.0,empathicschool_s28,combined,empathicschool
1,0.16499314,1.0,empathicschool_s28,combined,empathicschool
1,0.16499305,1.0,empathicschool_s28,combined,empathicschool
1,0.16499324,1.0,empathicschool_s28,combined,empathicschool
1,0.16499314,1.0,empathicschool_s28,combined,empathicschool
1,0.16499305,1.0,empathicschool_s28,combined,empathicschool
1,0.11366426,1.0,empathicschool_s28,combined,empathicschool
1,0.16499317,1.0,empathicschool_s28,combined,empathicschool
1,0.16499321,1.0,empathicschool_s28,combined,empathicschool
1,0.16499314,1.0,empathicschool_s28,combined,empathicschool
1,0.16499306,1.0,empathicschool_s28,combined,empathicschool
1,0.16499306,1.0,empathicschool_s28,combined,empathicschool
1,0.16499303,1.0,empathicschool_s28,combined,empathicschool
1,0.16499302,1.0,empathicschool_s28,combined,empathicschool
1,0.16499284,1.0,empathicschool_s28,combined,empathicschool
1,0.16499291,1.0,empathicschool_s28,combined,empathicschool
1,0.16499303,1.0,empathicschool_s28,combined,empathicschool
1,0.12021514,1.0,empathicschool_s28,combined,empathicschool
1,0.11408647,1.0,empathicschool_s28,combined,empathicschool
1,0.16499297,1.0,empathicschool_s28,combined,empathicschool
1,0.16499284,1.0,empathicschool_s28,combined,empathicschool
1,0.16499287,1.0,empathicschool_s28,combined,empathicschool
1,0.16499296,1.0,empathicschool_s28,combined,empathicschool
1,0.16499296,1.0,empathicschool_s28,combined,empathicschool
1,0.16499272,1.0,empathicschool_s28,combined,empathicschool
1,0.16499242,1.0,empathicschool_s28,combined,empathicschool
1,0.16499217,1.0,empathicschool_s28,combined,empathicschool
1,0.16499202,1.0,empathicschool_s28,combined,empathicschool
1,0.1649921,1.0,empathicschool_s28,combined,empathicschool
1,0.11561435,1.0,empathicschool_s28,combined,empathicschool
1,0.16499205,1.0,empathicschool_s28,combined,empathicschool
1,0.16499205,1.0,empathicschool_s28,combined,empathicschool
1,0.16499206,1.0,empathicschool_s28,combined,empathicschool
1,0.16499199,1.0,empathicschool_s28,combined,empathicschool
1,0.16499205,1.0,empathicschool_s28,combined,empathicschool
1,0.16499221,1.0,empathicschool_s28,combined,empathicschool
1,0.16499232,1.0,empathicschool_s28,combined,empathicschool
1,0.16499232,1.0,empathicschool_s28,combined,empathicschool
1,0.16499227,1.0,empathicschool_s28,combined,empathicschool
1,0.16499227,1.0,empathicschool_s28,combined,empathicschool
1,0.11616255,1.0,empathicschool_s28,combined,empathicschool
1,0.16499227,1.0,empathicschool_s28,combined,empathicschool
1,0.16499205,1.0,empathicschool_s28,combined,empathicschool
1,0.16499199,1.0,empathicschool_s28,combined,empathicschool
1,0.16499197,1.0,empathicschool_s28,combined,empathicschool
1,0.16499199,1.0,empathicschool_s28,combined,empathicschool
1,0.16499221,1.0,empathicschool_s28,combined,empathicschool
1,0.16499235,1.0,empathicschool_s28,combined,empathicschool
1,0.16499214,1.0,empathicschool_s28,combined,empathicschool
1,0.164992,1.0,empathicschool_s28,combined,empathicschool
1,0.16499205,1.0,empathicschool_s28,combined,empathicschool
1,0.11594356,1.0,empathicschool_s28,combined,empathicschool
1,0.1649922,1.0,empathicschool_s28,combined,empathicschool
1,0.16499218,1.0,empathicschool_s28,combined,empathicschool
1,0.1649921,1.0,empathicschool_s28,combined,empathicschool
1,0.16499205,1.0,empathicschool_s28,combined,empathicschool
1,0.16499199,1.0,empathicschool_s28,combined,empathicschool
1,0.16499205,1.0,empathicschool_s28,combined,empathicschool
1,0.16499205,1.0,empathicschool_s28,combined,empathicschool
1,0.16499205,1.0,empathicschool_s28,combined,empathicschool
1,0.1649921,1.0,empathicschool_s28,combined,empathicschool
1,0.16499205,1.0,empathicschool_s28,combined,empathicschool
1,0.11617166,1.0,empathicschool_s28,combined,empathicschool
1,0.16499183,1.0,empathicschool_s28,combined,empathicschool
1,0.1649919,1.0,empathicschool_s28,combined,empathicschool
1,0.16499199,1.0,empathicschool_s28,combined,empathicschool
1,0.16499212,1.0,empathicschool_s28,combined,empathicschool
1,0.16499214,1.0,empathicschool_s28,combined,empathicschool
1,0.16499205,1.0,empathicschool_s28,combined,empathicschool
1,0.16499303,1.0,empathicschool_s28,combined,empathicschool
1,0.16499303,1.0,empathicschool_s28,combined,empathicschool
1,0.16499189,1.0,empathicschool_s28,combined,empathicschool
1,0.16499187,1.0,empathicschool_s28,combined,empathicschool
1,0.11629074,1.0,empathicschool_s28,combined,empathicschool
1,0.16499199,1.0,empathicschool_s28,combined,empathicschool
1,0.16499205,1.0,empathicschool_s28,combined,empathicschool
1,0.1649921,1.0,empathicschool_s28,combined,empathicschool
1,0.16499205,1.0,empathicschool_s28,combined,empathicschool
1,0.16499212,1.0,empathicschool_s28,combined,empathicschool
1,0.1649922,1.0,empathicschool_s28,combined,empathicschool
1,0.1649921,1.0,empathicschool_s28,combined,empathicschool
1,0.16499205,1.0,empathicschool_s28,combined,empathicschool
1,0.16499206,1.0,empathicschool_s28,combined,empathicschool
1,0.16499214,1.0,empathicschool_s28,combined,empathicschool
1,0.11627482,1.0,empathicschool_s28,combined,empathicschool
1,0.16499199,1.0,empathicschool_s28,combined,empathicschool
1,0.16499183,1.0,empathicschool_s28,combined,empathicschool
1,0.16499183,1.0,empathicschool_s28,combined,empathicschool
1,0.16499177,1.0,empathicschool_s28,combined,empathicschool
1,0.16499169,1.0,empathicschool_s28,combined,empathicschool
1,0.16499163,1.0,empathicschool_s28,combined,empathicschool
1,0.16499147,1.0,empathicschool_s28,combined,empathicschool
1,0.16499154,1.0,empathicschool_s28,combined,empathicschool
1,0.1649916,1.0,empathicschool_s28,combined,empathicschool
1,0.1649917,1.0,empathicschool_s28,combined,empathicschool
1,0.118745245,1.0,empathicschool_s28,combined,empathicschool
1,0.16499172,1.0,empathicschool_s28,combined,empathicschool
1,0.1649917,1.0,empathicschool_s28,combined,empathicschool
1,0.16499183,1.0,empathicschool_s28,combined,empathicschool
1,0.16499181,1.0,empathicschool_s28,combined,empathicschool
1,0.1649915,1.0,empathicschool_s28,combined,empathicschool
1,0.16499142,1.0,empathicschool_s28,combined,empathicschool
1,0.1649916,1.0,empathicschool_s28,combined,empathicschool
1,0.16499148,1.0,empathicschool_s28,combined,empathicschool
1,0.16499132,1.0,empathicschool_s28,combined,empathicschool
1,0.16499124,1.0,empathicschool_s28,combined,empathicschool
1,0.11801502,1.0,empathicschool_s28,combined,empathicschool
1,0.16499124,1.0,empathicschool_s28,combined,empathicschool
1,0.16499124,1.0,empathicschool_s28,combined,empathicschool
1,0.16499124,1.0,empathicschool_s28,combined,empathicschool
1,0.16499116,1.0,empathicschool_s28,combined,empathicschool
1,0.16499124,1.0,empathicschool_s28,combined,empathicschool
1,0.16499129,1.0,empathicschool_s28,combined,empathicschool
1,0.16499116,1.0,empathicschool_s28,combined,empathicschool
1,0.1649911,1.0,empathicschool_s28,combined,empathicschool
1,0.16499107,1.0,empathicschool_s28,combined,empathicschool
1,0.16499107,1.0,empathicschool_s28,combined,empathicschool
1,0.11582973,1.0,empathicschool_s28,combined,empathicschool
1,0.16499102,1.0,empathicschool_s28,combined,empathicschool
1,0.16499089,1.0,empathicschool_s28,combined,empathicschool
1,0.16499096,1.0,empathicschool_s28,combined,empathicschool
1,0.16499099,1.0,empathicschool_s28,combined,empathicschool
1,0.16499089,1.0,empathicschool_s28,combined,empathicschool
1,0.16499092,1.0,empathicschool_s28,combined,empathicschool
1,0.16499089,1.0,empathicschool_s28,combined,empathicschool
1,0.16499089,1.0,empathicschool_s28,combined,empathicschool
1,0.16499092,1.0,empathicschool_s28,combined,empathicschool
1,0.16499089,1.0,empathicschool_s28,combined,empathicschool
1,0.12137986,1.0,empathicschool_s28,combined,empathicschool
1,0.115833834,1.0,empathicschool_s28,combined,empathicschool
1,0.16499083,1.0,empathicschool_s28,combined,empathicschool
1,0.16499089,1.0,empathicschool_s28,combined,empathicschool
1,0.16499098,1.0,empathicschool_s28,combined,empathicschool
1,0.16499102,1.0,empathicschool_s28,combined,empathicschool
1,0.16499096,1.0,empathicschool_s28,combined,empathicschool
1,0.16499092,1.0,empathicschool_s28,combined,empathicschool
1,0.164991,1.0,empathicschool_s28,combined,empathicschool
1,0.16499096,1.0,empathicschool_s28,combined,empathicschool
1,0.1649909,1.0,empathicschool_s28,combined,empathicschool
1,0.16499083,1.0,empathicschool_s28,combined,empathicschool
1,0.11587599,1.0,empathicschool_s28,combined,empathicschool
1,0.16499075,1.0,empathicschool_s28,combined,empathicschool
1,0.16499078,1.0,empathicschool_s28,combined,empathicschool
1,0.16499083,1.0,empathicschool_s28,combined,empathicschool
1,0.16499072,1.0,empathicschool_s28,combined,empathicschool
1,0.1649907,1.0,empathicschool_s28,combined,empathicschool
1,0.1649907,1.0,empathicschool_s28,combined,empathicschool
1,0.16499065,1.0,empathicschool_s28,combined,empathicschool
1,0.16499056,1.0,empathicschool_s28,combined,empathicschool
1,0.16499054,1.0,empathicschool_s28,combined,empathicschool
1,0.16499065,1.0,empathicschool_s28,combined,empathicschool
1,0.116117336,1.0,empathicschool_s28,combined,empathicschool
1,0.16499065,1.0,empathicschool_s28,combined,empathicschool
1,0.1649906,1.0,empathicschool_s28,combined,empathicschool
1,0.16499056,1.0,empathicschool_s28,combined,empathicschool
1,0.16499056,1.0,empathicschool_s28,combined,empathicschool
1,0.16499051,1.0,empathicschool_s28,combined,empathicschool
1,0.16499045,1.0,empathicschool_s28,combined,empathicschool
1,0.16499025,1.0,empathicschool_s28,combined,empathicschool
1,0.16499037,1.0,empathicschool_s28,combined,empathicschool
1,0.16499051,1.0,empathicschool_s28,combined,empathicschool
1,0.16499051,1.0,empathicschool_s28,combined,empathicschool
1,0.116172776,1.0,empathicschool_s28,combined,empathicschool
1,0.16499056,1.0,empathicschool_s28,combined,empathicschool
1,0.16499062,1.0,empathicschool_s28,combined,empathicschool
1,0.16499056,1.0,empathicschool_s28,combined,empathicschool
1,0.1649905,1.0,empathicschool_s28,combined,empathicschool
1,0.1649903,1.0,empathicschool_s28,combined,empathicschool
1,0.16499029,1.0,empathicschool_s28,combined,empathicschool
1,0.16499028,1.0,empathicschool_s28,combined,empathicschool
1,0.16499022,1.0,empathicschool_s28,combined,empathicschool
1,0.16499037,1.0,empathicschool_s28,combined,empathicschool
1,0.16499038,1.0,empathicschool_s28,combined,empathicschool
1,0.11619683,1.0,empathicschool_s28,combined,empathicschool
1,0.16499037,1.0,empathicschool_s28,combined,empathicschool
1,0.16499038,1.0,empathicschool_s28,combined,empathicschool
1,0.16499032,1.0,empathicschool_s28,combined,empathicschool
1,0.1649902,1.0,empathicschool_s28,combined,empathicschool
1,0.16499016,1.0,empathicschool_s28,combined,empathicschool
1,0.16499022,1.0,empathicschool_s28,combined,empathicschool
1,0.16499035,1.0,empathicschool_s28,combined,empathicschool
1,0.16499025,1.0,empathicschool_s28,combined,empathicschool
1,0.16499016,1.0,empathicschool_s28,combined,empathicschool
1,0.1649902,1.0,empathicschool_s28,combined,empathicschool
1,0.116526,1.0,empathicschool_s28,combined,empathicschool
1,0.16499017,1.0,empathicschool_s28,combined,empathicschool
1,0.16499007,1.0,empathicschool_s28,combined,empathicschool
1,0.16498996,1.0,empathicschool_s28,combined,empathicschool
1,0.16499005,1.0,empathicschool_s28,combined,empathicschool
1,0.16499007,1.0,empathicschool_s28,combined,empathicschool
1,0.1649901,1.0,empathicschool_s28,combined,empathicschool
1,0.16499005,1.0,empathicschool_s28,combined,empathicschool
1,0.16499005,1.0,empathicschool_s28,combined,empathicschool
1,0.16499008,1.0,empathicschool_s28,combined,empathicschool
1,0.16499005,1.0,empathicschool_s28,combined,empathicschool
1,0.11658606,1.0,empathicschool_s28,combined,empathicschool
1,0.16498984,1.0,empathicschool_s28,combined,empathicschool
1,0.16498981,1.0,empathicschool_s28,combined,empathicschool
1,0.1649899,1.0,empathicschool_s28,combined,empathicschool
1,0.16499005,1.0,empathicschool_s28,combined,empathicschool
1,0.16499007,1.0,empathicschool_s28,combined,empathicschool
1,0.16499005,1.0,empathicschool_s28,combined,empathicschool
1,0.16498995,1.0,empathicschool_s28,combined,empathicschool
1,0.16498987,1.0,empathicschool_s28,combined,empathicschool
1,0.1649898,1.0,empathicschool_s28,combined,empathicschool
1,0.16498965,1.0,empathicschool_s28,combined,empathicschool
1,0.11680501,1.0,empathicschool_s28,combined,empathicschool
1,0.16498965,1.0,empathicschool_s28,combined,empathicschool
1,0.16498968,1.0,empathicschool_s28,combined,empathicschool
1,0.1649896,1.0,empathicschool_s28,combined,empathicschool
1,0.16498946,1.0,empathicschool_s28,combined,empathicschool
1,0.16498941,1.0,empathicschool_s28,combined,empathicschool
1,0.16498943,1.0,empathicschool_s28,combined,empathicschool
1,0.16498949,1.0,empathicschool_s28,combined,empathicschool
1,0.16498937,1.0,empathicschool_s28,combined,empathicschool
1,0.16498931,1.0,empathicschool_s28,combined,empathicschool
1,0.1649895,1.0,empathicschool_s28,combined,empathicschool
1,0.11705465,1.0,empathicschool_s28,combined,empathicschool
1,0.16498949,1.0,empathicschool_s28,combined,empathicschool
1,0.16498938,1.0,empathicschool_s28,combined,empathicschool
1,0.16498937,1.0,empathicschool_s28,combined,empathicschool
1,0.16498931,1.0,empathicschool_s28,combined,empathicschool
1,0.16498934,1.0,empathicschool_s28,combined,empathicschool
1,0.16498937,1.0,empathicschool_s28,combined,empathicschool
1,0.16498928,1.0,empathicschool_s28,combined,empathicschool
1,0.16498916,1.0,empathicschool_s28,combined,empathicschool
1,0.16498922,1.0,empathicschool_s28,combined,empathicschool
1,0.16498937,1.0,empathicschool_s28,combined,empathicschool
1,0.11677889,1.0,empathicschool_s28,combined,empathicschool
1,0.16498931,1.0,empathicschool_s28,combined,empathicschool
1,0.16498932,1.0,empathicschool_s28,combined,empathicschool
1,0.16498928,1.0,empathicschool_s28,combined,empathicschool
1,0.16498925,1.0,empathicschool_s28,combined,empathicschool
1,0.16498928,1.0,empathicschool_s28,combined,empathicschool
1,0.16498922,1.0,empathicschool_s28,combined,empathicschool
1,0.16498934,1.0,empathicschool_s28,combined,empathicschool
1,0.16498938,1.0,empathicschool_s28,combined,empathicschool
1,0.16498934,1.0,empathicschool_s28,combined,empathicschool
1,0.16498937,1.0,empathicschool_s28,combined,empathicschool
1,0.12266601,1.0,empathicschool_s28,combined,empathicschool
1,0.11679799,1.0,empathicschool_s28,combined,empathicschool
1,0.16498935,1.0,empathicschool_s28,combined,empathicschool
1,0.16498926,1.0,empathicschool_s28,combined,empathicschool
1,0.1649892,1.0,empathicschool_s28,combined,empathicschool
1,0.16498907,1.0,empathicschool_s28,combined,empathicschool
1,0.16498908,1.0,empathicschool_s28,combined,empathicschool
1,0.16498926,1.0,empathicschool_s28,combined,empathicschool
1,0.16498922,1.0,empathicschool_s28,combined,empathicschool
1,0.16498923,1.0,empathicschool_s28,combined,empathicschool
1,0.16498925,1.0,empathicschool_s28,combined,empathicschool
1,0.16498922,1.0,empathicschool_s28,combined,empathicschool
1,0.11679289,1.0,empathicschool_s28,combined,empathicschool
1,0.1649891,1.0,empathicschool_s28,combined,empathicschool
1,0.16498901,1.0,empathicschool_s28,combined,empathicschool
1,0.16498893,1.0,empathicschool_s28,combined,empathicschool
1,0.16498902,1.0,empathicschool_s28,combined,empathicschool
1,0.16498905,1.0,empathicschool_s28,combined,empathicschool
1,0.16498905,1.0,empathicschool_s28,combined,empathicschool
1,0.16498907,1.0,empathicschool_s28,combined,empathicschool
1,0.16498901,1.0,empathicschool_s28,combined,empathicschool
1,0.16498898,1.0,empathicschool_s28,combined,empathicschool
1,0.16498901,1.0,empathicschool_s28,combined,empathicschool
1,0.11668142,1.0,empathicschool_s28,combined,empathicschool
1,0.16498885,1.0,empathicschool_s28,combined,empathicschool
1,0.16498883,1.0,empathicschool_s28,combined,empathicschool
1,0.1649889,1.0,empathicschool_s28,combined,empathicschool
1,0.16498896,1.0,empathicschool_s28,combined,empathicschool
1,0.16498893,1.0,empathicschool_s28,combined,empathicschool
1,0.1649889,1.0,empathicschool_s28,combined,empathicschool
1,0.16498938,1.0,empathicschool_s28,combined,empathicschool
1,0.1649898,1.0,empathicschool_s28,combined,empathicschool
1,0.16498904,1.0,empathicschool_s28,combined,empathicschool
1,0.16498873,1.0,empathicschool_s28,combined,empathicschool
1,0.11674921,1.0,empathicschool_s28,combined,empathicschool
1,0.1649888,1.0,empathicschool_s28,combined,empathicschool
1,0.16498883,1.0,empathicschool_s28,combined,empathicschool
1,0.1649888,1.0,empathicschool_s28,combined,empathicschool
1,0.1649888,1.0,empathicschool_s28,combined,empathicschool
1,0.1649888,1.0,empathicschool_s28,combined,empathicschool
1,0.1649888,1.0,empathicschool_s28,combined,empathicschool
1,0.16498883,1.0,empathicschool_s28,combined,empathicschool
1,0.16498873,1.0,empathicschool_s28,combined,empathicschool
1,0.16498874,1.0,empathicschool_s28,combined,empathicschool
1,0.1649888,1.0,empathicschool_s28,combined,empathicschool
1,0.116746716,1.0,empathicschool_s28,combined,empathicschool
1,0.16498874,1.0,empathicschool_s28,combined,empathicschool
1,0.16498883,1.0,empathicschool_s28,combined,empathicschool
1,0.16498873,1.0,empathicschool_s28,combined,empathicschool
1,0.16498874,1.0,empathicschool_s28,combined,empathicschool
1,0.16498885,1.0,empathicschool_s28,combined,empathicschool
1,0.1649888,1.0,empathicschool_s28,combined,empathicschool
1,0.16498862,1.0,empathicschool_s28,combined,empathicschool
1,0.16498868,1.0,empathicschool_s28,combined,empathicschool
1,0.16498886,1.0,empathicschool_s28,combined,empathicschool
1,0.16498888,1.0,empathicschool_s28,combined,empathicschool
1,0.11674684,1.0,empathicschool_s28,combined,empathicschool
1,0.16498873,1.0,empathicschool_s28,combined,empathicschool
1,0.16498862,1.0,empathicschool_s28,combined,empathicschool
1,0.16498862,1.0,empathicschool_s28,combined,empathicschool
1,0.16498876,1.0,empathicschool_s28,combined,empathicschool
1,0.1649886,1.0,empathicschool_s28,combined,empathicschool
1,0.16498838,1.0,empathicschool_s28,combined,empathicschool
1,0.16498849,1.0,empathicschool_s28,combined,empathicschool
1,0.16498849,1.0,empathicschool_s28,combined,empathicschool
1,0.16498841,1.0,empathicschool_s28,combined,empathicschool
1,0.16498831,1.0,empathicschool_s28,combined,empathicschool
1,0.11683065,1.0,empathicschool_s28,combined,empathicschool
1,0.16498837,1.0,empathicschool_s28,combined,empathicschool
1,0.16498832,1.0,empathicschool_s28,combined,empathicschool
1,0.16498831,1.0,empathicschool_s28,combined,empathicschool
1,0.16498816,1.0,empathicschool_s28,combined,empathicschool
1,0.1649882,1.0,empathicschool_s28,combined,empathicschool
1,0.16498841,1.0,empathicschool_s28,combined,empathicschool
1,0.16498831,1.0,empathicschool_s28,combined,empathicschool
1,0.16498831,1.0,empathicschool_s28,combined,empathicschool
1,0.16498831,1.0,empathicschool_s28,combined,empathicschool
1,0.16498831,1.0,empathicschool_s28,combined,empathicschool
1,0.11683074,1.0,empathicschool_s28,combined,empathicschool
1,0.16498832,1.0,empathicschool_s28,combined,empathicschool
1,0.16498831,1.0,empathicschool_s28,combined,empathicschool
1,0.16498831,1.0,empathicschool_s28,combined,empathicschool
1,0.1649882,1.0,empathicschool_s28,combined,empathicschool
1,0.16498825,1.0,empathicschool_s28,combined,empathicschool
1,0.16498838,1.0,empathicschool_s28,combined,empathicschool
1,0.16498832,1.0,empathicschool_s28,combined,empathicschool
1,0.16498825,1.0,empathicschool_s28,combined,empathicschool
1,0.1649882,1.0,empathicschool_s28,combined,empathicschool
1,0.1649882,1.0,empathicschool_s28,combined,empathicschool
1,0.11694541,1.0,empathicschool_s28,combined,empathicschool
1,0.16498813,1.0,empathicschool_s28,combined,empathicschool
1,0.16498801,1.0,empathicschool_s28,combined,empathicschool
1,0.16498823,1.0,empathicschool_s28,combined,empathicschool
1,0.16498838,1.0,empathicschool_s28,combined,empathicschool
1,0.16498828,1.0,empathicschool_s28,combined,empathicschool
1,0.16498826,1.0,empathicschool_s28,combined,empathicschool
1,0.16498831,1.0,empathicschool_s28,combined,empathicschool
1,0.16498819,1.0,empathicschool_s28,combined,empathicschool
1,0.16498819,1.0,empathicschool_s28,combined,empathicschool
1,0.16498813,1.0,empathicschool_s28,combined,empathicschool
1,0.11581934,1.0,empathicschool_s28,combined,empathicschool
1,0.16498816,1.0,empathicschool_s28,combined,empathicschool
1,0.16498828,1.0,empathicschool_s28,combined,empathicschool
1,0.16498825,1.0,empathicschool_s28,combined,empathicschool
1,0.16498816,1.0,empathicschool_s28,combined,empathicschool
1,0.16498809,1.0,empathicschool_s28,combined,empathicschool
1,0.16498806,1.0,empathicschool_s28,combined,empathicschool
1,0.16498806,1.0,empathicschool_s28,combined,empathicschool
1,0.1649879,1.0,empathicschool_s28,combined,empathicschool
1,0.16498777,1.0,empathicschool_s28,combined,empathicschool
1,0.16498798,1.0,empathicschool_s28,combined,empathicschool
1,0.12151409,1.0,empathicschool_s28,combined,empathicschool
1,0.11487591,1.0,empathicschool_s28,combined,empathicschool
1,0.16498803,1.0,empathicschool_s28,combined,empathicschool
1,0.1649879,1.0,empathicschool_s28,combined,empathicschool
1,0.1649879,1.0,empathicschool_s28,combined,empathicschool
1,0.16498782,1.0,empathicschool_s28,combined,empathicschool
1,0.16498773,1.0,empathicschool_s28,combined,empathicschool
1,0.1649878,1.0,empathicschool_s28,combined,empathicschool
1,0.16498749,1.0,empathicschool_s28,combined,empathicschool
1,0.16498743,1.0,empathicschool_s28,combined,empathicschool
1,0.16498762,1.0,empathicschool_s28,combined,empathicschool
1,0.16498756,1.0,empathicschool_s28,combined,empathicschool
1,0.11487107,1.0,empathicschool_s28,combined,empathicschool
1,0.16498756,1.0,empathicschool_s28,combined,empathicschool
1,0.16498762,1.0,empathicschool_s28,combined,empathicschool
1,0.16498756,1.0,empathicschool_s28,combined,empathicschool
1,0.16498762,1.0,empathicschool_s28,combined,empathicschool
1,0.16498749,1.0,empathicschool_s28,combined,empathicschool
1,0.16498736,1.0,empathicschool_s28,combined,empathicschool
1,0.16498762,1.0,empathicschool_s28,combined,empathicschool
1,0.16498761,1.0,empathicschool_s28,combined,empathicschool
1,0.16498747,1.0,empathicschool_s28,combined,empathicschool
1,0.16498746,1.0,empathicschool_s28,combined,empathicschool
1,0.114820205,1.0,empathicschool_s28,combined,empathicschool
1,0.16498744,1.0,empathicschool_s28,combined,empathicschool
1,0.16498744,1.0,empathicschool_s28,combined,empathicschool
1,0.16498744,1.0,empathicschool_s28,combined,empathicschool
1,0.16498731,1.0,empathicschool_s28,combined,empathicschool
1,0.16498724,1.0,empathicschool_s28,combined,empathicschool
1,0.16498731,1.0,empathicschool_s28,combined,empathicschool
1,0.16498727,1.0,empathicschool_s28,combined,empathicschool
1,0.16498739,1.0,empathicschool_s28,combined,empathicschool
1,0.16498739,1.0,empathicschool_s28,combined,empathicschool
1,0.16498722,1.0,empathicschool_s28,combined,empathicschool
1,0.11525346,1.0,empathicschool_s28,combined,empathicschool
1,0.16498722,1.0,empathicschool_s28,combined,empathicschool
1,0.1649872,1.0,empathicschool_s28,combined,empathicschool
1,0.16498706,1.0,empathicschool_s28,combined,empathicschool
1,0.16498706,1.0,empathicschool_s28,combined,empathicschool
1,0.16498706,1.0,empathicschool_s28,combined,empathicschool
1,0.16498713,1.0,empathicschool_s28,combined,empathicschool
1,0.16498716,1.0,empathicschool_s28,combined,empathicschool
1,0.16498709,1.0,empathicschool_s28,combined,empathicschool
1,0.1649872,1.0,empathicschool_s28,combined,empathicschool
1,0.16498722,1.0,empathicschool_s28,combined,empathicschool
1,0.11592064,1.0,empathicschool_s28,combined,empathicschool
1,0.16498716,1.0,empathicschool_s28,combined,empathicschool
1,0.16498719,1.0,empathicschool_s28,combined,empathicschool
1,0.16498719,1.0,empathicschool_s28,combined,empathicschool
1,0.16498712,1.0,empathicschool_s28,combined,empathicschool
1,0.1649872,1.0,empathicschool_s28,combined,empathicschool
1,0.16498713,1.0,empathicschool_s28,combined,empathicschool
1,0.16498706,1.0,empathicschool_s28,combined,empathicschool
1,0.16498709,1.0,empathicschool_s28,combined,empathicschool
1,0.16498706,1.0,empathicschool_s28,combined,empathicschool
1,0.164987,1.0,empathicschool_s28,combined,empathicschool
1,0.1160214,1.0,empathicschool_s28,combined,empathicschool
1,0.16498704,1.0,empathicschool_s28,combined,empathicschool
1,0.16498706,1.0,empathicschool_s28,combined,empathicschool
1,0.16498709,1.0,empathicschool_s28,combined,empathicschool
1,0.16498709,1.0,empathicschool_s28,combined,empathicschool
1,0.16498706,1.0,empathicschool_s28,combined,empathicschool
1,0.16498706,1.0,empathicschool_s28,combined,empathicschool
1,0.164987,1.0,empathicschool_s28,combined,empathicschool
1,0.16498698,1.0,empathicschool_s28,combined,empathicschool
1,0.16498691,1.0,empathicschool_s28,combined,empathicschool
1,0.16498701,1.0,empathicschool_s28,combined,empathicschool
1,0.11544107,1.0,empathicschool_s28,combined,empathicschool
1,0.16498706,1.0,empathicschool_s28,combined,empathicschool
1,0.16498713,1.0,empathicschool_s28,combined,empathicschool
1,0.16498709,1.0,empathicschool_s28,combined,empathicschool
1,0.16498698,1.0,empathicschool_s28,combined,empathicschool
1,0.16498694,1.0,empathicschool_s28,combined,empathicschool
1,0.16498691,1.0,empathicschool_s28,combined,empathicschool
1,0.16498673,1.0,empathicschool_s28,combined,empathicschool
1,0.16498667,1.0,empathicschool_s28,combined,empathicschool
1,0.16498676,1.0,empathicschool_s28,combined,empathicschool
1,0.1649868,1.0,empathicschool_s28,combined,empathicschool
1,0.11442079,1.0,empathicschool_s28,combined,empathicschool
1,0.1649868,1.0,empathicschool_s28,combined,empathicschool
1,0.16498679,1.0,empathicschool_s28,combined,empathicschool
1,0.16498682,1.0,empathicschool_s28,combined,empathicschool
1,0.16498676,1.0,empathicschool_s28,combined,empathicschool
1,0.16498671,1.0,empathicschool_s28,combined,empathicschool
1,0.16498664,1.0,empathicschool_s28,combined,empathicschool
1,0.16498673,1.0,empathicschool_s28,combined,empathicschool
1,0.16498674,1.0,empathicschool_s28,combined,empathicschool
1,0.16498673,1.0,empathicschool_s28,combined,empathicschool
1,0.16498673,1.0,empathicschool_s28,combined,empathicschool
1,0.11482796,1.0,empathicschool_s28,combined,empathicschool
1,0.16498673,1.0,empathicschool_s28,combined,empathicschool
1,0.16498664,1.0,empathicschool_s28,combined,empathicschool
1,0.16498663,1.0,empathicschool_s28,combined,empathicschool
1,0.16498657,1.0,empathicschool_s28,combined,empathicschool
1,0.16498649,1.0,empathicschool_s28,combined,empathicschool
1,0.16498664,1.0,empathicschool_s28,combined,empathicschool
1,0.16498671,1.0,empathicschool_s28,combined,empathicschool
1,0.16498671,1.0,empathicschool_s28,combined,empathicschool
1,0.16498667,1.0,empathicschool_s28,combined,empathicschool
1,0.16498667,1.0,empathicschool_s28,combined,empathicschool
1,0.11675245,1.0,empathicschool_s28,combined,empathicschool
1,0.16498673,1.0,empathicschool_s28,combined,empathicschool
1,0.16498673,1.0,empathicschool_s28,combined,empathicschool
1,0.16498652,1.0,empathicschool_s28,combined,empathicschool
1,0.16498657,1.0,empathicschool_s28,combined,empathicschool
1,0.16498671,1.0,empathicschool_s28,combined,empathicschool
1,0.16498673,1.0,empathicschool_s28,combined,empathicschool
1,0.16498673,1.0,empathicschool_s28,combined,empathicschool
1,0.16498664,1.0,empathicschool_s28,combined,empathicschool
1,0.16498657,1.0,empathicschool_s28,combined,empathicschool
1,0.16498661,1.0,empathicschool_s28,combined,empathicschool
1,0.16501406,1.0,empathicschool_s28,combined,empathicschool
1,0.16501443,1.0,empathicschool_s28,combined,empathicschool
1,0.16594708,1.0,empathicschool_s28,combined,empathicschool
1,0.16500965,1.0,empathicschool_s28,combined,empathicschool
1,0.16499162,1.0,empathicschool_s28,combined,empathicschool
1,0.16499165,1.0,empathicschool_s28,combined,empathicschool
1,0.16499172,1.0,empathicschool_s28,combined,empathicschool
1,0.16499175,1.0,empathicschool_s28,combined,empathicschool
1,0.16499165,1.0,empathicschool_s28,combined,empathicschool
1,0.16499165,1.0,empathicschool_s28,combined,empathicschool
1,0.16499154,1.0,empathicschool_s28,combined,empathicschool
1,0.1649916,1.0,empathicschool_s28,combined,empathicschool
1,0.16499169,1.0,empathicschool_s28,combined,empathicschool
1,0.16499163,1.0,empathicschool_s28,combined,empathicschool
1,0.16500948,1.0,empathicschool_s28,combined,empathicschool
1,0.16499162,1.0,empathicschool_s28,combined,empathicschool
1,0.16499163,1.0,empathicschool_s28,combined,empathicschool
1,0.16499154,1.0,empathicschool_s28,combined,empathicschool
1,0.16499154,1.0,empathicschool_s28,combined,empathicschool
1,0.16499157,1.0,empathicschool_s28,combined,empathicschool
1,0.16499157,1.0,empathicschool_s28,combined,empathicschool
1,0.16499159,1.0,empathicschool_s28,combined,empathicschool
1,0.16499154,1.0,empathicschool_s28,combined,empathicschool
1,0.16499165,1.0,empathicschool_s28,combined,empathicschool
1,0.16499169,1.0,empathicschool_s28,combined,empathicschool
1,0.16500947,1.0,empathicschool_s28,combined,empathicschool
1,0.16499157,1.0,empathicschool_s28,combined,empathicschool
1,0.16499157,1.0,empathicschool_s28,combined,empathicschool
1,0.1649915,1.0,empathicschool_s28,combined,empathicschool
1,0.16499147,1.0,empathicschool_s28,combined,empathicschool
1,0.16499142,1.0,empathicschool_s28,combined,empathicschool
1,0.16499142,1.0,empathicschool_s28,combined,empathicschool
1,0.16499142,1.0,empathicschool_s28,combined,empathicschool
1,0.16499148,1.0,empathicschool_s28,combined,empathicschool
1,0.16499154,1.0,empathicschool_s28,combined,empathicschool
1,0.1649915,1.0,empathicschool_s28,combined,empathicschool
1,0.16500942,1.0,empathicschool_s28,combined,empathicschool
1,0.1649915,1.0,empathicschool_s28,combined,empathicschool
1,0.16499147,1.0,empathicschool_s28,combined,empathicschool
1,0.16499148,1.0,empathicschool_s28,combined,empathicschool
1,0.16499142,1.0,empathicschool_s28,combined,empathicschool
1,0.16499142,1.0,empathicschool_s28,combined,empathicschool
1,0.1649914,1.0,empathicschool_s28,combined,empathicschool
1,0.16499154,1.0,empathicschool_s28,combined,empathicschool
1,0.16499154,1.0,empathicschool_s28,combined,empathicschool
1,0.16499142,1.0,empathicschool_s28,combined,empathicschool
1,0.16499148,1.0,empathicschool_s28,combined,empathicschool
1,0.1650093,1.0,empathicschool_s28,combined,empathicschool
1,0.16499147,1.0,empathicschool_s28,combined,empathicschool
1,0.16499142,1.0,empathicschool_s28,combined,empathicschool
1,0.16499138,1.0,empathicschool_s28,combined,empathicschool
1,0.16499142,1.0,empathicschool_s28,combined,empathicschool
1,0.16499142,1.0,empathicschool_s28,combined,empathicschool
1,0.16499142,1.0,empathicschool_s28,combined,empathicschool
1,0.16499136,1.0,empathicschool_s28,combined,empathicschool
1,0.16499136,1.0,empathicschool_s28,combined,empathicschool
1,0.16499142,1.0,empathicschool_s28,combined,empathicschool
1,0.16499148,1.0,empathicschool_s28,combined,empathicschool
1,0.1650092,1.0,empathicschool_s28,combined,empathicschool
1,0.16499142,1.0,empathicschool_s28,combined,empathicschool
1,0.16499132,1.0,empathicschool_s28,combined,empathicschool
1,0.16499132,1.0,empathicschool_s28,combined,empathicschool
1,0.16499135,1.0,empathicschool_s28,combined,empathicschool
1,0.16499132,1.0,empathicschool_s28,combined,empathicschool
1,0.16499129,1.0,empathicschool_s28,combined,empathicschool
1,0.16499132,1.0,empathicschool_s28,combined,empathicschool
1,0.16499124,1.0,empathicschool_s28,combined,empathicschool
1,0.1649912,1.0,empathicschool_s28,combined,empathicschool
1,0.16499124,1.0,empathicschool_s28,combined,empathicschool
1,0.16500899,1.0,empathicschool_s28,combined,empathicschool
1,0.1649913,1.0,empathicschool_s28,combined,empathicschool
1,0.16499127,1.0,empathicschool_s28,combined,empathicschool
1,0.16499135,1.0,empathicschool_s28,combined,empathicschool
1,0.16499117,1.0,empathicschool_s28,combined,empathicschool
1,0.16499099,1.0,empathicschool_s28,combined,empathicschool
1,0.16499107,1.0,empathicschool_s28,combined,empathicschool
1,0.16499116,1.0,empathicschool_s28,combined,empathicschool
1,0.16499107,1.0,empathicschool_s28,combined,empathicschool
1,0.16499095,1.0,empathicschool_s28,combined,empathicschool
1,0.16499092,1.0,empathicschool_s28,combined,empathicschool
1,0.16500886,1.0,empathicschool_s28,combined,empathicschool
1,0.1649909,1.0,empathicschool_s28,combined,empathicschool
1,0.16499092,1.0,empathicschool_s28,combined,empathicschool
1,0.16499098,1.0,empathicschool_s28,combined,empathicschool
1,0.16499096,1.0,empathicschool_s28,combined,empathicschool
1,0.1649909,1.0,empathicschool_s28,combined,empathicschool
1,0.16499087,1.0,empathicschool_s28,combined,empathicschool
1,0.16499096,1.0,empathicschool_s28,combined,empathicschool
1,0.16499105,1.0,empathicschool_s28,combined,empathicschool
1,0.16499095,1.0,empathicschool_s28,combined,empathicschool
1,0.164991,1.0,empathicschool_s28,combined,empathicschool
1,0.1650089,1.0,empathicschool_s28,combined,empathicschool
1,0.16499107,1.0,empathicschool_s28,combined,empathicschool
1,0.16499098,1.0,empathicschool_s28,combined,empathicschool
1,0.164991,1.0,empathicschool_s28,combined,empathicschool
1,0.16499111,1.0,empathicschool_s28,combined,empathicschool
1,0.16499102,1.0,empathicschool_s28,combined,empathicschool
1,0.16499107,1.0,empathicschool_s28,combined,empathicschool
1,0.16499116,1.0,empathicschool_s28,combined,empathicschool
1,0.16499099,1.0,empathicschool_s28,combined,empathicschool
1,0.16499102,1.0,empathicschool_s28,combined,empathicschool
1,0.16499124,1.0,empathicschool_s28,combined,empathicschool
1,0.16500877,1.0,empathicschool_s28,combined,empathicschool
1,0.16499119,1.0,empathicschool_s28,combined,empathicschool
1,0.16499196,1.0,empathicschool_s28,combined,empathicschool
1,0.16499189,1.0,empathicschool_s28,combined,empathicschool
1,0.16499099,1.0,empathicschool_s28,combined,empathicschool
1,0.1649911,1.0,empathicschool_s28,combined,empathicschool
1,0.16499114,1.0,empathicschool_s28,combined,empathicschool
1,0.16499114,1.0,empathicschool_s28,combined,empathicschool
1,0.16499114,1.0,empathicschool_s28,combined,empathicschool
1,0.16499114,1.0,empathicschool_s28,combined,empathicschool
1,0.16499114,1.0,empathicschool_s28,combined,empathicschool
1,0.14699583,1.0,empathicschool_s28,combined,empathicschool
1,0.16500877,1.0,empathicschool_s28,combined,empathicschool
1,0.16499105,1.0,empathicschool_s28,combined,empathicschool
1,0.16499111,1.0,empathicschool_s28,combined,empathicschool
1,0.1649911,1.0,empathicschool_s28,combined,empathicschool
1,0.16499107,1.0,empathicschool_s28,combined,empathicschool
1,0.164991,1.0,empathicschool_s28,combined,empathicschool
1,0.16499098,1.0,empathicschool_s28,combined,empathicschool
1,0.16499116,1.0,empathicschool_s28,combined,empathicschool
1,0.16499124,1.0,empathicschool_s28,combined,empathicschool
1,0.16499124,1.0,empathicschool_s28,combined,empathicschool
1,0.16499116,1.0,empathicschool_s28,combined,empathicschool
1,0.16500878,1.0,empathicschool_s28,combined,empathicschool
1,0.16499107,1.0,empathicschool_s28,combined,empathicschool
1,0.16499105,1.0,empathicschool_s28,combined,empathicschool
1,0.16499114,1.0,empathicschool_s28,combined,empathicschool
1,0.16499116,1.0,empathicschool_s28,combined,empathicschool
1,0.16499114,1.0,empathicschool_s28,combined,empathicschool
1,0.1649912,1.0,empathicschool_s28,combined,empathicschool
1,0.16499129,1.0,empathicschool_s28,combined,empathicschool
1,0.16499114,1.0,empathicschool_s28,combined,empathicschool
1,0.164991,1.0,empathicschool_s28,combined,empathicschool
1,0.16499098,1.0,empathicschool_s28,combined,empathicschool
1,0.1650087,1.0,empathicschool_s28,combined,empathicschool
1,0.16499107,1.0,empathicschool_s28,combined,empathicschool
1,0.16499116,1.0,empathicschool_s28,combined,empathicschool
1,0.16499116,1.0,empathicschool_s28,combined,empathicschool
1,0.16499116,1.0,empathicschool_s28,combined,empathicschool
1,0.1649911,1.0,empathicschool_s28,combined,empathicschool
1,0.16499099,1.0,empathicschool_s28,combined,empathicschool
1,0.1649908,1.0,empathicschool_s28,combined,empathicschool
1,0.16499065,1.0,empathicschool_s28,combined,empathicschool
1,0.1649906,1.0,empathicschool_s28,combined,empathicschool
1,0.16499068,1.0,empathicschool_s28,combined,empathicschool
1,0.16500868,1.0,empathicschool_s28,combined,empathicschool
1,0.16499072,1.0,empathicschool_s28,combined,empathicschool
1,0.1649908,1.0,empathicschool_s28,combined,empathicschool
1,0.16499083,1.0,empathicschool_s28,combined,empathicschool
1,0.16499078,1.0,empathicschool_s28,combined,empathicschool
1,0.16499072,1.0,empathicschool_s28,combined,empathicschool
1,0.16499083,1.0,empathicschool_s28,combined,empathicschool
1,0.16499089,1.0,empathicschool_s28,combined,empathicschool
1,0.16500884,1.0,empathicschool_s28,combined,empathicschool
1,0.16500884,1.0,empathicschool_s28,combined,empathicschool
1,0.16500884,1.0,empathicschool_s28,combined,empathicschool
1,0.16500884,1.0,empathicschool_s28,combined,empathicschool
1,0.16500884,1.0,empathicschool_s28,combined,empathicschool
1,0.16500877,1.0,empathicschool_s28,combined,empathicschool
1,0.12525903,1.0,empathicschool_s28,combined,empathicschool
1,0.16500877,1.0,empathicschool_s28,combined,empathicschool
1,0.16500868,1.0,empathicschool_s28,combined,empathicschool
1,0.16500863,1.0,empathicschool_s28,combined,empathicschool
1,0.16500857,1.0,empathicschool_s28,combined,empathicschool
1,0.16500844,1.0,empathicschool_s28,combined,empathicschool
1,0.1650085,1.0,empathicschool_s28,combined,empathicschool
1,0.16500857,1.0,empathicschool_s28,combined,empathicschool
1,0.16500844,1.0,empathicschool_s28,combined,empathicschool
1,0.16500838,1.0,empathicschool_s28,combined,empathicschool
1,0.1650083,1.0,empathicschool_s28,combined,empathicschool
1,0.12423964,1.0,empathicschool_s28,combined,empathicschool
1,0.16500813,1.0,empathicschool_s28,combined,empathicschool
1,0.1650079,1.0,empathicschool_s28,combined,empathicschool
1,0.16500801,1.0,empathicschool_s28,combined,empathicschool
1,0.16500811,1.0,empathicschool_s28,combined,empathicschool
1,0.16500801,1.0,empathicschool_s28,combined,empathicschool
1,0.1650079,1.0,empathicschool_s28,combined,empathicschool
1,0.16500783,1.0,empathicschool_s28,combined,empathicschool
1,0.16500786,1.0,empathicschool_s28,combined,empathicschool
1,0.16500781,1.0,empathicschool_s28,combined,empathicschool
1,0.16500764,1.0,empathicschool_s28,combined,empathicschool
1,0.12400749,1.0,empathicschool_s28,combined,empathicschool
1,0.1650076,1.0,empathicschool_s28,combined,empathicschool
1,0.16500768,1.0,empathicschool_s28,combined,empathicschool
1,0.16500768,1.0,empathicschool_s28,combined,empathicschool
1,0.16500755,1.0,empathicschool_s28,combined,empathicschool
1,0.16500753,1.0,empathicschool_s28,combined,empathicschool
1,0.16500744,1.0,empathicschool_s28,combined,empathicschool
1,0.16500734,1.0,empathicschool_s28,combined,empathicschool
1,0.16500725,1.0,empathicschool_s28,combined,empathicschool
1,0.16500717,1.0,empathicschool_s28,combined,empathicschool
1,0.16500732,1.0,empathicschool_s28,combined,empathicschool
1,0.123933665,1.0,empathicschool_s28,combined,empathicschool
1,0.16500737,1.0,empathicschool_s28,combined,empathicschool
1,0.16500725,1.0,empathicschool_s28,combined,empathicschool
1,0.16500725,1.0,empathicschool_s28,combined,empathicschool
1,0.16500713,1.0,empathicschool_s28,combined,empathicschool
1,0.16500719,1.0,empathicschool_s28,combined,empathicschool
1,0.16500725,1.0,empathicschool_s28,combined,empathicschool
1,0.16500722,1.0,empathicschool_s28,combined,empathicschool
1,0.16500723,1.0,empathicschool_s28,combined,empathicschool
1,0.16500744,1.0,empathicschool_s28,combined,empathicschool
1,0.16500768,1.0,empathicschool_s28,combined,empathicschool
1,0.12399543,1.0,empathicschool_s28,combined,empathicschool
1,0.16500805,1.0,empathicschool_s28,combined,empathicschool
1,0.1650083,1.0,empathicschool_s28,combined,empathicschool
1,0.1650083,1.0,empathicschool_s28,combined,empathicschool
1,0.16500828,1.0,empathicschool_s28,combined,empathicschool
1,0.16500813,1.0,empathicschool_s28,combined,empathicschool
1,0.16500795,1.0,empathicschool_s28,combined,empathicschool
1,0.16500778,1.0,empathicschool_s28,combined,empathicschool
1,0.16500768,1.0,empathicschool_s28,combined,empathicschool
1,0.1650076,1.0,empathicschool_s28,combined,empathicschool
1,0.16500756,1.0,empathicschool_s28,combined,empathicschool
1,0.12395022,1.0,empathicschool_s28,combined,empathicschool
1,0.16500753,1.0,empathicschool_s28,combined,empathicschool
1,0.16500744,1.0,empathicschool_s28,combined,empathicschool
1,0.16500743,1.0,empathicschool_s28,combined,empathicschool
1,0.16500737,1.0,empathicschool_s28,combined,empathicschool
1,0.16500734,1.0,empathicschool_s28,combined,empathicschool
1,0.16500731,1.0,empathicschool_s28,combined,empathicschool
1,0.16500719,1.0,empathicschool_s28,combined,empathicschool
1,0.1650071,1.0,empathicschool_s28,combined,empathicschool
1,0.16500717,1.0,empathicschool_s28,combined,empathicschool
1,0.1650071,1.0,empathicschool_s28,combined,empathicschool
1,0.12377006,1.0,empathicschool_s28,combined,empathicschool
1,0.16500753,1.0,empathicschool_s28,combined,empathicschool
1,0.1650076,1.0,empathicschool_s28,combined,empathicschool
1,0.16500673,1.0,empathicschool_s28,combined,empathicschool
1,0.16500674,1.0,empathicschool_s28,combined,empathicschool
1,0.16500685,1.0,empathicschool_s28,combined,empathicschool
1,0.16500686,1.0,empathicschool_s28,combined,empathicschool
1,0.16500694,1.0,empathicschool_s28,combined,empathicschool
1,0.16500686,1.0,empathicschool_s28,combined,empathicschool
1,0.16500668,1.0,empathicschool_s28,combined,empathicschool
1,0.16500661,1.0,empathicschool_s28,combined,empathicschool
1,0.12351948,1.0,empathicschool_s28,combined,empathicschool
1,0.16500661,1.0,empathicschool_s28,combined,empathicschool
1,0.16500662,1.0,empathicschool_s28,combined,empathicschool
1,0.16500658,1.0,empathicschool_s28,combined,empathicschool
1,0.16500638,1.0,empathicschool_s28,combined,empathicschool
1,0.16500638,1.0,empathicschool_s28,combined,empathicschool
1,0.16500637,1.0,empathicschool_s28,combined,empathicschool
1,0.16500622,1.0,empathicschool_s28,combined,empathicschool
1,0.16500624,1.0,empathicschool_s28,combined,empathicschool
1,0.16500624,1.0,empathicschool_s28,combined,empathicschool
1,0.16500616,1.0,empathicschool_s28,combined,empathicschool
1,0.16501465,1.0,empathicschool_s28,combined,empathicschool
1,0.123371094,1.0,empathicschool_s28,combined,empathicschool
1,0.16500625,1.0,empathicschool_s28,combined,empathicschool
1,0.16500625,1.0,empathicschool_s28,combined,empathicschool
1,0.16500615,1.0,empathicschool_s28,combined,empathicschool
1,0.16500609,1.0,empathicschool_s28,combined,empathicschool
1,0.16500601,1.0,empathicschool_s28,combined,empathicschool
1,0.16500597,1.0,empathicschool_s28,combined,empathicschool
1,0.16500582,1.0,empathicschool_s28,combined,empathicschool
1,0.16500592,1.0,empathicschool_s28,combined,empathicschool
1,0.16500586,1.0,empathicschool_s28,combined,empathicschool
1,0.16500579,1.0,empathicschool_s28,combined,empathicschool
1,0.12312833,1.0,empathicschool_s28,combined,empathicschool
1,0.1650058,1.0,empathicschool_s28,combined,empathicschool
1,0.16500573,1.0,empathicschool_s28,combined,empathicschool
1,0.16500564,1.0,empathicschool_s28,combined,empathicschool
1,0.16500567,1.0,empathicschool_s28,combined,empathicschool
1,0.16500573,1.0,empathicschool_s28,combined,empathicschool
1,0.16500573,1.0,empathicschool_s28,combined,empathicschool
1,0.16500567,1.0,empathicschool_s28,combined,empathicschool
1,0.1650055,1.0,empathicschool_s28,combined,empathicschool
1,0.16500556,1.0,empathicschool_s28,combined,empathicschool
1,0.16500561,1.0,empathicschool_s28,combined,empathicschool
1,0.12312381,1.0,empathicschool_s28,combined,empathicschool
1,0.16500561,1.0,empathicschool_s28,combined,empathicschool
1,0.16500556,1.0,empathicschool_s28,combined,empathicschool
1,0.16500543,1.0,empathicschool_s28,combined,empathicschool
1,0.16500522,1.0,empathicschool_s28,combined,empathicschool
1,0.16500528,1.0,empathicschool_s28,combined,empathicschool
1,0.16500527,1.0,empathicschool_s28,combined,empathicschool
1,0.16500527,1.0,empathicschool_s28,combined,empathicschool
1,0.16500522,1.0,empathicschool_s28,combined,empathicschool
1,0.16500519,1.0,empathicschool_s28,combined,empathicschool
1,0.16500516,1.0,empathicschool_s28,combined,empathicschool
1,0.12298517,1.0,empathicschool_s28,combined,empathicschool
1,0.16500522,1.0,empathicschool_s28,combined,empathicschool
1,0.16500522,1.0,empathicschool_s28,combined,empathicschool
1,0.16500518,1.0,empathicschool_s28,combined,empathicschool
1,0.16500504,1.0,empathicschool_s28,combined,empathicschool
1,0.16500494,1.0,empathicschool_s28,combined,empathicschool
1,0.16500494,1.0,empathicschool_s28,combined,empathicschool
1,0.16500494,1.0,empathicschool_s28,combined,empathicschool
1,0.16500485,1.0,empathicschool_s28,combined,empathicschool
1,0.16500485,1.0,empathicschool_s28,combined,empathicschool
1,0.16500485,1.0,empathicschool_s28,combined,empathicschool
1,0.12295808,1.0,empathicschool_s28,combined,empathicschool
1,0.16500472,1.0,empathicschool_s28,combined,empathicschool
1,0.16500467,1.0,empathicschool_s28,combined,empathicschool
1,0.16500475,1.0,empathicschool_s28,combined,empathicschool
1,0.16500475,1.0,empathicschool_s28,combined,empathicschool
1,0.16500477,1.0,empathicschool_s28,combined,empathicschool
1,0.16500467,1.0,empathicschool_s28,combined,empathicschool
1,0.16500457,1.0,empathicschool_s28,combined,empathicschool
1,0.16500452,1.0,empathicschool_s28,combined,empathicschool
1,0.16500445,1.0,empathicschool_s28,combined,empathicschool
1,0.16500439,1.0,empathicschool_s28,combined,empathicschool
1,0.12277608,1.0,empathicschool_s28,combined,empathicschool
1,0.16500445,1.0,empathicschool_s28,combined,empathicschool
1,0.16500436,1.0,empathicschool_s28,combined,empathicschool
1,0.16500422,1.0,empathicschool_s28,combined,empathicschool
1,0.16500434,1.0,empathicschool_s28,combined,empathicschool
1,0.16500437,1.0,empathicschool_s28,combined,empathicschool
1,0.1650042,1.0,empathicschool_s28,combined,empathicschool
1,0.1650041,1.0,empathicschool_s28,combined,empathicschool
1,0.1650041,1.0,empathicschool_s28,combined,empathicschool
1,0.16500412,1.0,empathicschool_s28,combined,empathicschool
1,0.16500416,1.0,empathicschool_s28,combined,empathicschool
1,0.12286884,1.0,empathicschool_s28,combined,empathicschool
1,0.1650041,1.0,empathicschool_s28,combined,empathicschool
1,0.1650041,1.0,empathicschool_s28,combined,empathicschool
1,0.16500401,1.0,empathicschool_s28,combined,empathicschool
1,0.16500388,1.0,empathicschool_s28,combined,empathicschool
1,0.1650038,1.0,empathicschool_s28,combined,empathicschool
1,0.16500404,1.0,empathicschool_s28,combined,empathicschool
1,0.1650041,1.0,empathicschool_s28,combined,empathicschool
1,0.16500399,1.0,empathicschool_s28,combined,empathicschool
1,0.16500382,1.0,empathicschool_s28,combined,empathicschool
1,0.1650037,1.0,empathicschool_s28,combined,empathicschool
1,0.12291105,1.0,empathicschool_s28,combined,empathicschool
1,0.1650037,1.0,empathicschool_s28,combined,empathicschool
1,0.16500376,1.0,empathicschool_s28,combined,empathicschool
1,0.16500372,1.0,empathicschool_s28,combined,empathicschool
1,0.16500367,1.0,empathicschool_s28,combined,empathicschool
1,0.16500366,1.0,empathicschool_s28,combined,empathicschool
1,0.16500357,1.0,empathicschool_s28,combined,empathicschool
1,0.16500357,1.0,empathicschool_s28,combined,empathicschool
1,0.16500352,1.0,empathicschool_s28,combined,empathicschool
1,0.1650035,1.0,empathicschool_s28,combined,empathicschool
1,0.16500345,1.0,empathicschool_s28,combined,empathicschool
1,0.122489475,1.0,empathicschool_s28,combined,empathicschool
1,0.16500342,1.0,empathicschool_s28,combined,empathicschool
1,0.16500328,1.0,empathicschool_s28,combined,empathicschool
1,0.16500339,1.0,empathicschool_s28,combined,empathicschool
1,0.16500352,1.0,empathicschool_s28,combined,empathicschool
1,0.16500339,1.0,empathicschool_s28,combined,empathicschool
1,0.16500333,1.0,empathicschool_s28,combined,empathicschool
1,0.16500323,1.0,empathicschool_s28,combined,empathicschool
1,0.16500315,1.0,empathicschool_s28,combined,empathicschool
1,0.16500318,1.0,empathicschool_s28,combined,empathicschool
1,0.16500315,1.0,empathicschool_s28,combined,empathicschool
1,0.12209099,1.0,empathicschool_s28,combined,empathicschool
1,0.16500306,1.0,empathicschool_s28,combined,empathicschool
1,0.16500296,1.0,empathicschool_s28,combined,empathicschool
1,0.16500293,1.0,empathicschool_s28,combined,empathicschool
1,0.16500282,1.0,empathicschool_s28,combined,empathicschool
1,0.16500278,1.0,empathicschool_s28,combined,empathicschool
1,0.16500294,1.0,empathicschool_s28,combined,empathicschool
1,0.16500285,1.0,empathicschool_s28,combined,empathicschool
1,0.16500269,1.0,empathicschool_s28,combined,empathicschool
1,0.16500263,1.0,empathicschool_s28,combined,empathicschool
1,0.16500258,1.0,empathicschool_s28,combined,empathicschool
1,0.16501477,1.0,empathicschool_s28,combined,empathicschool
1,0.12191142,1.0,empathicschool_s28,combined,empathicschool
1,0.16500245,1.0,empathicschool_s28,combined,empathicschool
1,0.16500235,1.0,empathicschool_s28,combined,empathicschool
1,0.16500229,1.0,empathicschool_s28,combined,empathicschool
1,0.16500235,1.0,empathicschool_s28,combined,empathicschool
1,0.16500235,1.0,empathicschool_s28,combined,empathicschool
1,0.16500239,1.0,empathicschool_s28,combined,empathicschool
1,0.16500245,1.0,empathicschool_s28,combined,empathicschool
1,0.16500233,1.0,empathicschool_s28,combined,empathicschool
1,0.16500229,1.0,empathicschool_s28,combined,empathicschool
1,0.16500229,1.0,empathicschool_s28,combined,empathicschool
1,0.12188878,1.0,empathicschool_s28,combined,empathicschool
1,0.16500227,1.0,empathicschool_s28,combined,empathicschool
1,0.16500223,1.0,empathicschool_s28,combined,empathicschool
1,0.16500223,1.0,empathicschool_s28,combined,empathicschool
1,0.16500217,1.0,empathicschool_s28,combined,empathicschool
1,0.16500221,1.0,empathicschool_s28,combined,empathicschool
1,0.16500212,1.0,empathicschool_s28,combined,empathicschool
1,0.165002,1.0,empathicschool_s28,combined,empathicschool
1,0.165002,1.0,empathicschool_s28,combined,empathicschool
1,0.165002,1.0,empathicschool_s28,combined,empathicschool
1,0.16500197,1.0,empathicschool_s28,combined,empathicschool
1,0.1217815,1.0,empathicschool_s28,combined,empathicschool
1,0.16500206,1.0,empathicschool_s28,combined,empathicschool
1,0.16500197,1.0,empathicschool_s28,combined,empathicschool
1,0.16500185,1.0,empathicschool_s28,combined,empathicschool
1,0.16500182,1.0,empathicschool_s28,combined,empathicschool
1,0.1650017,1.0,empathicschool_s28,combined,empathicschool
1,0.1650017,1.0,empathicschool_s28,combined,empathicschool
1,0.16500175,1.0,empathicschool_s28,combined,empathicschool
1,0.16500168,1.0,empathicschool_s28,combined,empathicschool
1,0.16500157,1.0,empathicschool_s28,combined,empathicschool
1,0.16500151,1.0,empathicschool_s28,combined,empathicschool
1,0.12160039,1.0,empathicschool_s28,combined,empathicschool
1,0.16500151,1.0,empathicschool_s28,combined,empathicschool
1,0.16500153,1.0,empathicschool_s28,combined,empathicschool
1,0.16500142,1.0,empathicschool_s28,combined,empathicschool
1,0.16500135,1.0,empathicschool_s28,combined,empathicschool
1,0.16500148,1.0,empathicschool_s28,combined,empathicschool
1,0.16500153,1.0,empathicschool_s28,combined,empathicschool
1,0.16500148,1.0,empathicschool_s28,combined,empathicschool
1,0.16500145,1.0,empathicschool_s28,combined,empathicschool
1,0.1650014,1.0,empathicschool_s28,combined,empathicschool
1,0.16500129,1.0,empathicschool_s28,combined,empathicschool
1,0.121710226,1.0,empathicschool_s28,combined,empathicschool
1,0.16500127,1.0,empathicschool_s28,combined,empathicschool
1,0.16500121,1.0,empathicschool_s28,combined,empathicschool
1,0.16500121,1.0,empathicschool_s28,combined,empathicschool
1,0.16500124,1.0,empathicschool_s28,combined,empathicschool
1,0.16500114,1.0,empathicschool_s28,combined,empathicschool
1,0.16500112,1.0,empathicschool_s28,combined,empathicschool
1,0.16500114,1.0,empathicschool_s28,combined,empathicschool
1,0.16500103,1.0,empathicschool_s28,combined,empathicschool
1,0.16500103,1.0,empathicschool_s28,combined,empathicschool
1,0.16500106,1.0,empathicschool_s28,combined,empathicschool
1,0.121863134,1.0,empathicschool_s28,combined,empathicschool
1,0.16500092,1.0,empathicschool_s28,combined,empathicschool
1,0.16500095,1.0,empathicschool_s28,combined,empathicschool
1,0.16500102,1.0,empathicschool_s28,combined,empathicschool
1,0.16500096,1.0,empathicschool_s28,combined,empathicschool
1,0.16500096,1.0,empathicschool_s28,combined,empathicschool
1,0.16500092,1.0,empathicschool_s28,combined,empathicschool
1,0.16500078,1.0,empathicschool_s28,combined,empathicschool
1,0.16500075,1.0,empathicschool_s28,combined,empathicschool
1,0.16500086,1.0,empathicschool_s28,combined,empathicschool
1,0.16500083,1.0,empathicschool_s28,combined,empathicschool
1,0.121974275,1.0,empathicschool_s28,combined,empathicschool
1,0.16500078,1.0,empathicschool_s28,combined,empathicschool
1,0.16500083,1.0,empathicschool_s28,combined,empathicschool
1,0.1650008,1.0,empathicschool_s28,combined,empathicschool
1,0.16500083,1.0,empathicschool_s28,combined,empathicschool
1,0.16500086,1.0,empathicschool_s28,combined,empathicschool
1,0.16500092,1.0,empathicschool_s28,combined,empathicschool
1,0.16500093,1.0,empathicschool_s28,combined,empathicschool
1,0.16500078,1.0,empathicschool_s28,combined,empathicschool
1,0.16500062,1.0,empathicschool_s28,combined,empathicschool
1,0.16500075,1.0,empathicschool_s28,combined,empathicschool
1,0.121903606,1.0,empathicschool_s28,combined,empathicschool
1,0.16500083,1.0,empathicschool_s28,combined,empathicschool
1,0.16500074,1.0,empathicschool_s28,combined,empathicschool
1,0.1650007,1.0,empathicschool_s28,combined,empathicschool
1,0.16500069,1.0,empathicschool_s28,combined,empathicschool
1,0.16500056,1.0,empathicschool_s28,combined,empathicschool
1,0.16500063,1.0,empathicschool_s28,combined,empathicschool
1,0.16500059,1.0,empathicschool_s28,combined,empathicschool
1,0.16500048,1.0,empathicschool_s28,combined,empathicschool
1,0.16500048,1.0,empathicschool_s28,combined,empathicschool
1,0.16500053,1.0,empathicschool_s28,combined,empathicschool
1,0.12176595,1.0,empathicschool_s28,combined,empathicschool
1,0.16500054,1.0,empathicschool_s28,combined,empathicschool
1,0.1650006,1.0,empathicschool_s28,combined,empathicschool
1,0.16500054,1.0,empathicschool_s28,combined,empathicschool
1,0.16500048,1.0,empathicschool_s28,combined,empathicschool
1,0.16500047,1.0,empathicschool_s28,combined,empathicschool
1,0.16500029,1.0,empathicschool_s28,combined,empathicschool
1,0.16500027,1.0,empathicschool_s28,combined,empathicschool
1,0.16500029,1.0,empathicschool_s28,combined,empathicschool
1,0.16500026,1.0,empathicschool_s28,combined,empathicschool
1,0.16500026,1.0,empathicschool_s28,combined,empathicschool
1,0.121690206,1.0,empathicschool_s28,combined,empathicschool
1,0.16500029,1.0,empathicschool_s28,combined,empathicschool
1,0.1650002,1.0,empathicschool_s28,combined,empathicschool
1,0.16500022,1.0,empathicschool_s28,combined,empathicschool
1,0.16500023,1.0,empathicschool_s28,combined,empathicschool
1,0.1650002,1.0,empathicschool_s28,combined,empathicschool
1,0.16500022,1.0,empathicschool_s28,combined,empathicschool
1,0.16500022,1.0,empathicschool_s28,combined,empathicschool
1,0.16500011,1.0,empathicschool_s28,combined,empathicschool
1,0.16500011,1.0,empathicschool_s28,combined,empathicschool
1,0.16500011,1.0,empathicschool_s28,combined,empathicschool
1,0.1650145,1.0,empathicschool_s28,combined,empathicschool
1,0.121672444,1.0,empathicschool_s28,combined,empathicschool
1,0.16500019,1.0,empathicschool_s28,combined,empathicschool
1,0.16500014,1.0,empathicschool_s28,combined,empathicschool
1,0.16500007,1.0,empathicschool_s28,combined,empathicschool
1,0.16499996,1.0,empathicschool_s28,combined,empathicschool
1,0.16500002,1.0,empathicschool_s28,combined,empathicschool
1,0.16500007,1.0,empathicschool_s28,combined,empathicschool
1,0.16500008,1.0,empathicschool_s28,combined,empathicschool
1,0.16500008,1.0,empathicschool_s28,combined,empathicschool
1,0.16500002,1.0,empathicschool_s28,combined,empathicschool
1,0.16499995,1.0,empathicschool_s28,combined,empathicschool
1,0.121872306,1.0,empathicschool_s28,combined,empathicschool
1,0.16499996,1.0,empathicschool_s28,combined,empathicschool
1,0.16499995,1.0,empathicschool_s28,combined,empathicschool
1,0.16499992,1.0,empathicschool_s28,combined,empathicschool
1,0.16499986,1.0,empathicschool_s28,combined,empathicschool
1,0.16499978,1.0,empathicschool_s28,combined,empathicschool
1,0.16499972,1.0,empathicschool_s28,combined,empathicschool
1,0.16499972,1.0,empathicschool_s28,combined,empathicschool
1,0.16499972,1.0,empathicschool_s28,combined,empathicschool
1,0.16499974,1.0,empathicschool_s28,combined,empathicschool
1,0.16499978,1.0,empathicschool_s28,combined,empathicschool
1,0.122254916,1.0,empathicschool_s28,combined,empathicschool
1,0.16499974,1.0,empathicschool_s28,combined,empathicschool
1,0.16499972,1.0,empathicschool_s28,combined,empathicschool
1,0.16499972,1.0,empathicschool_s28,combined,empathicschool
1,0.1649997,1.0,empathicschool_s28,combined,empathicschool
1,0.16500036,1.0,empathicschool_s28,combined,empathicschool
1,0.16500035,1.0,empathicschool_s28,combined,empathicschool
1,0.16499959,1.0,empathicschool_s28,combined,empathicschool
1,0.1649996,1.0,empathicschool_s28,combined,empathicschool
1,0.16499962,1.0,empathicschool_s28,combined,empathicschool
1,0.16499959,1.0,empathicschool_s28,combined,empathicschool
1,0.12227852,1.0,empathicschool_s28,combined,empathicschool
1,0.16499953,1.0,empathicschool_s28,combined,empathicschool
1,0.16499946,1.0,empathicschool_s28,combined,empathicschool
1,0.16499937,1.0,empathicschool_s28,combined,empathicschool
1,0.16499953,1.0,empathicschool_s28,combined,empathicschool
1,0.16499954,1.0,empathicschool_s28,combined,empathicschool
1,0.16499954,1.0,empathicschool_s28,combined,empathicschool
1,0.16499954,1.0,empathicschool_s28,combined,empathicschool
1,0.16499937,1.0,empathicschool_s28,combined,empathicschool
1,0.16499935,1.0,empathicschool_s28,combined,empathicschool
1,0.16499943,1.0,empathicschool_s28,combined,empathicschool
1,0.122052476,1.0,empathicschool_s28,combined,empathicschool
1,0.16499937,1.0,empathicschool_s28,combined,empathicschool
1,0.16499937,1.0,empathicschool_s28,combined,empathicschool
1,0.16499943,1.0,empathicschool_s28,combined,empathicschool
1,0.16499934,1.0,empathicschool_s28,combined,empathicschool
1,0.16499926,1.0,empathicschool_s28,combined,empathicschool
1,0.16499929,1.0,empathicschool_s28,combined,empathicschool
1,0.16499929,1.0,empathicschool_s28,combined,empathicschool
1,0.16499926,1.0,empathicschool_s28,combined,empathicschool
1,0.16499922,1.0,empathicschool_s28,combined,empathicschool
1,0.16499925,1.0,empathicschool_s28,combined,empathicschool
1,0.121512555,1.0,empathicschool_s28,combined,empathicschool
1,0.1649992,1.0,empathicschool_s28,combined,empathicschool
1,0.1649992,1.0,empathicschool_s28,combined,empathicschool
1,0.16499913,1.0,empathicschool_s28,combined,empathicschool
1,0.16499913,1.0,empathicschool_s28,combined,empathicschool
1,0.16499914,1.0,empathicschool_s28,combined,empathicschool
1,0.16499896,1.0,empathicschool_s28,combined,empathicschool
1,0.16499895,1.0,empathicschool_s28,combined,empathicschool
1,0.1649989,1.0,empathicschool_s28,combined,empathicschool
1,0.16499889,1.0,empathicschool_s28,combined,empathicschool
1,0.16499892,1.0,empathicschool_s28,combined,empathicschool
1,0.12162664,1.0,empathicschool_s28,combined,empathicschool
1,0.1649988,1.0,empathicschool_s28,combined,empathicschool
1,0.16499871,1.0,empathicschool_s28,combined,empathicschool
1,0.1649988,1.0,empathicschool_s28,combined,empathicschool
1,0.1649988,1.0,empathicschool_s28,combined,empathicschool
1,0.16499895,1.0,empathicschool_s28,combined,empathicschool
1,0.1649995,1.0,empathicschool_s28,combined,empathicschool
1,0.16499895,1.0,empathicschool_s28,combined,empathicschool
1,0.1649986,1.0,empathicschool_s28,combined,empathicschool
1,0.16499867,1.0,empathicschool_s28,combined,empathicschool
1,0.16499877,1.0,empathicschool_s28,combined,empathicschool
1,0.12202515,1.0,empathicschool_s28,combined,empathicschool
1,0.16499874,1.0,empathicschool_s28,combined,empathicschool
1,0.16499873,1.0,empathicschool_s28,combined,empathicschool
1,0.16499865,1.0,empathicschool_s28,combined,empathicschool
1,0.16499865,1.0,empathicschool_s28,combined,empathicschool
1,0.16499871,1.0,empathicschool_s28,combined,empathicschool
1,0.16499862,1.0,empathicschool_s28,combined,empathicschool
1,0.16499867,1.0,empathicschool_s28,combined,empathicschool
1,0.16499867,1.0,empathicschool_s28,combined,empathicschool
1,0.16499852,1.0,empathicschool_s28,combined,empathicschool
1,0.16499849,1.0,empathicschool_s28,combined,empathicschool
1,0.12197274,1.0,empathicschool_s28,combined,empathicschool
1,0.16499855,1.0,empathicschool_s28,combined,empathicschool
1,0.16499855,1.0,empathicschool_s28,combined,empathicschool
1,0.16499855,1.0,empathicschool_s28,combined,empathicschool
1,0.16499849,1.0,empathicschool_s28,combined,empathicschool
1,0.16499844,1.0,empathicschool_s28,combined,empathicschool
1,0.16499853,1.0,empathicschool_s28,combined,empathicschool
1,0.16499852,1.0,empathicschool_s28,combined,empathicschool
1,0.16499841,1.0,empathicschool_s28,combined,empathicschool
1,0.16499837,1.0,empathicschool_s28,combined,empathicschool
1,0.1649984,1.0,empathicschool_s28,combined,empathicschool
1,0.12201954,1.0,empathicschool_s28,combined,empathicschool
1,0.16499841,1.0,empathicschool_s28,combined,empathicschool
1,0.1649984,1.0,empathicschool_s28,combined,empathicschool
1,0.16499847,1.0,empathicschool_s28,combined,empathicschool
1,0.16499841,1.0,empathicschool_s28,combined,empathicschool
1,0.16499837,1.0,empathicschool_s28,combined,empathicschool
1,0.16499823,1.0,empathicschool_s28,combined,empathicschool
1,0.16499823,1.0,empathicschool_s28,combined,empathicschool
1,0.16499837,1.0,empathicschool_s28,combined,empathicschool
1,0.16499837,1.0,empathicschool_s28,combined,empathicschool
1,0.16499831,1.0,empathicschool_s28,combined,empathicschool
1,0.16516449,1.0,empathicschool_s28,combined,empathicschool
1,0.121723056,1.0,empathicschool_s28,combined,empathicschool
1,0.1649983,1.0,empathicschool_s28,combined,empathicschool
1,0.16499819,1.0,empathicschool_s28,combined,empathicschool
1,0.16499819,1.0,empathicschool_s28,combined,empathicschool
1,0.16499826,1.0,empathicschool_s28,combined,empathicschool
1,0.16499819,1.0,empathicschool_s28,combined,empathicschool
1,0.16499814,1.0,empathicschool_s28,combined,empathicschool
1,0.16499817,1.0,empathicschool_s28,combined,empathicschool
1,0.16499802,1.0,empathicschool_s28,combined,empathicschool
1,0.164998,1.0,empathicschool_s28,combined,empathicschool
1,0.16499792,1.0,empathicschool_s28,combined,empathicschool
1,0.12133192,1.0,empathicschool_s28,combined,empathicschool
1,0.16499794,1.0,empathicschool_s28,combined,empathicschool
1,0.16499795,1.0,empathicschool_s28,combined,empathicschool
1,0.164998,1.0,empathicschool_s28,combined,empathicschool
1,0.16499794,1.0,empathicschool_s28,combined,empathicschool
1,0.16499802,1.0,empathicschool_s28,combined,empathicschool
1,0.16499801,1.0,empathicschool_s28,combined,empathicschool
1,0.16499789,1.0,empathicschool_s28,combined,empathicschool
1,0.16499785,1.0,empathicschool_s28,combined,empathicschool
1,0.16499779,1.0,empathicschool_s28,combined,empathicschool
1,0.16499773,1.0,empathicschool_s28,combined,empathicschool
1,0.12131858,1.0,empathicschool_s28,combined,empathicschool
1,0.16499786,1.0,empathicschool_s28,combined,empathicschool
1,0.16499785,1.0,empathicschool_s28,combined,empathicschool
1,0.16499779,1.0,empathicschool_s28,combined,empathicschool
1,0.16499785,1.0,empathicschool_s28,combined,empathicschool
1,0.16499779,1.0,empathicschool_s28,combined,empathicschool
1,0.16499773,1.0,empathicschool_s28,combined,empathicschool
1,0.16499773,1.0,empathicschool_s28,combined,empathicschool
1,0.16499773,1.0,empathicschool_s28,combined,empathicschool
1,0.16499773,1.0,empathicschool_s28,combined,empathicschool
1,0.16499777,1.0,empathicschool_s28,combined,empathicschool
1,0.12136508,1.0,empathicschool_s28,combined,empathicschool
1,0.16499758,1.0,empathicschool_s28,combined,empathicschool
1,0.16499753,1.0,empathicschool_s28,combined,empathicschool
1,0.1649977,1.0,empathicschool_s28,combined,empathicschool
1,0.16499765,1.0,empathicschool_s28,combined,empathicschool
1,0.16499762,1.0,empathicschool_s28,combined,empathicschool
1,0.16499762,1.0,empathicschool_s28,combined,empathicschool
1,0.16499762,1.0,empathicschool_s28,combined,empathicschool
1,0.16499765,1.0,empathicschool_s28,combined,empathicschool
1,0.16499762,1.0,empathicschool_s28,combined,empathicschool
1,0.16499753,1.0,empathicschool_s28,combined,empathicschool
1,0.12140566,1.0,empathicschool_s28,combined,empathicschool
1,0.16499752,1.0,empathicschool_s28,combined,empathicschool
1,0.16499753,1.0,empathicschool_s28,combined,empathicschool
1,0.1649975,1.0,empathicschool_s28,combined,empathicschool
1,0.16499752,1.0,empathicschool_s28,combined,empathicschool
1,0.1649975,1.0,empathicschool_s28,combined,empathicschool
1,0.16499744,1.0,empathicschool_s28,combined,empathicschool
1,0.16499744,1.0,empathicschool_s28,combined,empathicschool
1,0.16499737,1.0,empathicschool_s28,combined,empathicschool
1,0.16499719,1.0,empathicschool_s28,combined,empathicschool
1,0.16499732,1.0,empathicschool_s28,combined,empathicschool
1,0.12129037,1.0,empathicschool_s28,combined,empathicschool
1,0.16499732,1.0,empathicschool_s28,combined,empathicschool
1,0.16499732,1.0,empathicschool_s28,combined,empathicschool
1,0.16499737,1.0,empathicschool_s28,combined,empathicschool
1,0.16499725,1.0,empathicschool_s28,combined,empathicschool
1,0.16499722,1.0,empathicschool_s28,combined,empathicschool
1,0.16499737,1.0,empathicschool_s28,combined,empathicschool
1,0.1649973,1.0,empathicschool_s28,combined,empathicschool
1,0.1649973,1.0,empathicschool_s28,combined,empathicschool
1,0.16499726,1.0,empathicschool_s28,combined,empathicschool
1,0.16499715,1.0,empathicschool_s28,combined,empathicschool
1,0.121341676,1.0,empathicschool_s28,combined,empathicschool
1,0.16499715,1.0,empathicschool_s28,combined,empathicschool
1,0.16499718,1.0,empathicschool_s28,combined,empathicschool
1,0.16499719,1.0,empathicschool_s28,combined,empathicschool
1,0.16499719,1.0,empathicschool_s28,combined,empathicschool
1,0.16499722,1.0,empathicschool_s28,combined,empathicschool
1,0.16499712,1.0,empathicschool_s28,combined,empathicschool
1,0.16499697,1.0,empathicschool_s28,combined,empathicschool
1,0.16499703,1.0,empathicschool_s28,combined,empathicschool
1,0.16499713,1.0,empathicschool_s28,combined,empathicschool
1,0.16499722,1.0,empathicschool_s28,combined,empathicschool
1,0.12118303,1.0,empathicschool_s28,combined,empathicschool
1,0.1649972,1.0,empathicschool_s28,combined,empathicschool
1,0.1649971,1.0,empathicschool_s28,combined,empathicschool
1,0.16499706,1.0,empathicschool_s28,combined,empathicschool
1,0.16499703,1.0,empathicschool_s28,combined,empathicschool
1,0.16499706,1.0,empathicschool_s28,combined,empathicschool
1,0.164997,1.0,empathicschool_s28,combined,empathicschool
1,0.16499692,1.0,empathicschool_s28,combined,empathicschool
1,0.16499686,1.0,empathicschool_s28,combined,empathicschool
1,0.16499692,1.0,empathicschool_s28,combined,empathicschool
1,0.16499686,1.0,empathicschool_s28,combined,empathicschool
1,0.12101307,1.0,empathicschool_s28,combined,empathicschool
1,0.16499686,1.0,empathicschool_s28,combined,empathicschool
1,0.16499682,1.0,empathicschool_s28,combined,empathicschool
1,0.16499664,1.0,empathicschool_s28,combined,empathicschool
1,0.16499665,1.0,empathicschool_s28,combined,empathicschool
1,0.16499673,1.0,empathicschool_s28,combined,empathicschool
1,0.1649967,1.0,empathicschool_s28,combined,empathicschool
1,0.16499658,1.0,empathicschool_s28,combined,empathicschool
1,0.16499643,1.0,empathicschool_s28,combined,empathicschool
1,0.1649964,1.0,empathicschool_s28,combined,empathicschool
1,0.16499646,1.0,empathicschool_s28,combined,empathicschool
1,0.12154919,1.0,empathicschool_s28,combined,empathicschool
1,0.16499646,1.0,empathicschool_s28,combined,empathicschool
1,0.1649965,1.0,empathicschool_s28,combined,empathicschool
1,0.1649965,1.0,empathicschool_s28,combined,empathicschool
1,0.16499646,1.0,empathicschool_s28,combined,empathicschool
1,0.16499639,1.0,empathicschool_s28,combined,empathicschool
1,0.1649964,1.0,empathicschool_s28,combined,empathicschool
1,0.1649965,1.0,empathicschool_s28,combined,empathicschool
1,0.1649965,1.0,empathicschool_s28,combined,empathicschool
1,0.16499647,1.0,empathicschool_s28,combined,empathicschool
1,0.16499646,1.0,empathicschool_s28,combined,empathicschool
1,0.16554737,1.0,empathicschool_s28,combined,empathicschool
1,0.1221155,1.0,empathicschool_s28,combined,empathicschool
1,0.16499643,1.0,empathicschool_s28,combined,empathicschool
1,0.16499662,1.0,empathicschool_s28,combined,empathicschool
1,0.16499655,1.0,empathicschool_s28,combined,empathicschool
1,0.1649965,1.0,empathicschool_s28,combined,empathicschool
1,0.16499643,1.0,empathicschool_s28,combined,empathicschool
1,0.16499633,1.0,empathicschool_s28,combined,empathicschool
1,0.16499633,1.0,empathicschool_s28,combined,empathicschool
1,0.16499636,1.0,empathicschool_s28,combined,empathicschool
1,0.16499637,1.0,empathicschool_s28,combined,empathicschool
1,0.16499633,1.0,empathicschool_s28,combined,empathicschool
1,0.1217036,1.0,empathicschool_s28,combined,empathicschool
1,0.16499625,1.0,empathicschool_s28,combined,empathicschool
1,0.1649962,1.0,empathicschool_s28,combined,empathicschool
1,0.1649962,1.0,empathicschool_s28,combined,empathicschool
1,0.1649963,1.0,empathicschool_s28,combined,empathicschool
1,0.16499622,1.0,empathicschool_s28,combined,empathicschool
1,0.16499618,1.0,empathicschool_s28,combined,empathicschool
1,0.16499622,1.0,empathicschool_s28,combined,empathicschool
1,0.16499616,1.0,empathicschool_s28,combined,empathicschool
1,0.16499615,1.0,empathicschool_s28,combined,empathicschool
1,0.16499612,1.0,empathicschool_s28,combined,empathicschool
1,0.12107903,1.0,empathicschool_s28,combined,empathicschool
1,0.16499604,1.0,empathicschool_s28,combined,empathicschool
1,0.16499598,1.0,empathicschool_s28,combined,empathicschool
1,0.16499598,1.0,empathicschool_s28,combined,empathicschool
1,0.16499588,1.0,empathicschool_s28,combined,empathicschool
1,0.16499595,1.0,empathicschool_s28,combined,empathicschool
1,0.16499604,1.0,empathicschool_s28,combined,empathicschool
1,0.16499606,1.0,empathicschool_s28,combined,empathicschool
1,0.16499677,1.0,empathicschool_s28,combined,empathicschool
1,0.16499667,1.0,empathicschool_s28,combined,empathicschool
1,0.16499579,1.0,empathicschool_s28,combined,empathicschool
1,0.12078777,1.0,empathicschool_s28,combined,empathicschool
1,0.16499583,1.0,empathicschool_s28,combined,empathicschool
1,0.16499591,1.0,empathicschool_s28,combined,empathicschool
1,0.16499583,1.0,empathicschool_s28,combined,empathicschool
1,0.16499583,1.0,empathicschool_s28,combined,empathicschool
1,0.16499577,1.0,empathicschool_s28,combined,empathicschool
1,0.1649958,1.0,empathicschool_s28,combined,empathicschool
1,0.16499586,1.0,empathicschool_s28,combined,empathicschool
1,0.16499579,1.0,empathicschool_s28,combined,empathicschool
1,0.16499579,1.0,empathicschool_s28,combined,empathicschool
1,0.16499579,1.0,empathicschool_s28,combined,empathicschool
1,0.12081649,1.0,empathicschool_s28,combined,empathicschool
1,0.16499573,1.0,empathicschool_s28,combined,empathicschool
1,0.16499564,1.0,empathicschool_s28,combined,empathicschool
1,0.16499576,1.0,empathicschool_s28,combined,empathicschool
1,0.16499576,1.0,empathicschool_s28,combined,empathicschool
1,0.16499574,1.0,empathicschool_s28,combined,empathicschool
1,0.16499569,1.0,empathicschool_s28,combined,empathicschool
1,0.16499564,1.0,empathicschool_s28,combined,empathicschool
1,0.16499555,1.0,empathicschool_s28,combined,empathicschool
1,0.16499555,1.0,empathicschool_s28,combined,empathicschool
1,0.16499555,1.0,empathicschool_s28,combined,empathicschool
1,0.120771445,1.0,empathicschool_s28,combined,empathicschool
1,0.1649955,1.0,empathicschool_s28,combined,empathicschool
1,0.16499546,1.0,empathicschool_s28,combined,empathicschool
1,0.16499543,1.0,empathicschool_s28,combined,empathicschool
1,0.1649954,1.0,empathicschool_s28,combined,empathicschool
1,0.16499539,1.0,empathicschool_s28,combined,empathicschool
1,0.16499543,1.0,empathicschool_s28,combined,empathicschool
1,0.16499546,1.0,empathicschool_s28,combined,empathicschool
1,0.16499546,1.0,empathicschool_s28,combined,empathicschool
1,0.1649954,1.0,empathicschool_s28,combined,empathicschool
1,0.16499557,1.0,empathicschool_s28,combined,empathicschool
1,0.12073302,1.0,empathicschool_s28,combined,empathicschool
1,0.16499546,1.0,empathicschool_s28,combined,empathicschool
1,0.16499534,1.0,empathicschool_s28,combined,empathicschool
1,0.16499527,1.0,empathicschool_s28,combined,empathicschool
1,0.16499516,1.0,empathicschool_s28,combined,empathicschool
1,0.16499516,1.0,empathicschool_s28,combined,empathicschool
1,0.16499521,1.0,empathicschool_s28,combined,empathicschool
1,0.16499516,1.0,empathicschool_s28,combined,empathicschool
1,0.16499513,1.0,empathicschool_s28,combined,empathicschool
1,0.16499516,1.0,empathicschool_s28,combined,empathicschool
1,0.16499515,1.0,empathicschool_s28,combined,empathicschool
1,0.120585755,1.0,empathicschool_s28,combined,empathicschool
1,0.1649951,1.0,empathicschool_s28,combined,empathicschool
1,0.16499515,1.0,empathicschool_s28,combined,empathicschool
1,0.1649951,1.0,empathicschool_s28,combined,empathicschool
1,0.16499554,1.0,empathicschool_s28,combined,empathicschool
1,0.16499591,1.0,empathicschool_s28,combined,empathicschool
1,0.16499516,1.0,empathicschool_s28,combined,empathicschool
1,0.1649951,1.0,empathicschool_s28,combined,empathicschool
1,0.16499521,1.0,empathicschool_s28,combined,empathicschool
1,0.16499515,1.0,empathicschool_s28,combined,empathicschool
1,0.1649951,1.0,empathicschool_s28,combined,empathicschool
1,0.12037544,1.0,empathicschool_s28,combined,empathicschool
1,0.1649951,1.0,empathicschool_s28,combined,empathicschool
1,0.16499507,1.0,empathicschool_s28,combined,empathicschool
1,0.16499498,1.0,empathicschool_s28,combined,empathicschool
1,0.16499504,1.0,empathicschool_s28,combined,empathicschool
1,0.16499521,1.0,empathicschool_s28,combined,empathicschool
1,0.16499524,1.0,empathicschool_s28,combined,empathicschool
1,0.16499518,1.0,empathicschool_s28,combined,empathicschool
1,0.16499507,1.0,empathicschool_s28,combined,empathicschool
1,0.16499515,1.0,empathicschool_s28,combined,empathicschool
1,0.16499521,1.0,empathicschool_s28,combined,empathicschool
1,0.12507957,1.0,empathicschool_s28,combined,empathicschool
1,0.16499518,1.0,empathicschool_s28,combined,empathicschool
1,0.16499504,1.0,empathicschool_s28,combined,empathicschool
1,0.16499498,1.0,empathicschool_s28,combined,empathicschool
1,0.16499496,1.0,empathicschool_s28,combined,empathicschool
1,0.16499498,1.0,empathicschool_s28,combined,empathicschool
1,0.16499506,1.0,empathicschool_s28,combined,empathicschool
1,0.16499506,1.0,empathicschool_s28,combined,empathicschool
1,0.16499515,1.0,empathicschool_s28,combined,empathicschool
1,0.1649951,1.0,empathicschool_s28,combined,empathicschool
1,0.16499498,1.0,empathicschool_s28,combined,empathicschool
1,0.16571714,1.0,empathicschool_s28,combined,empathicschool
1,0.1490767,1.0,empathicschool_s28,combined,empathicschool
1,0.16499504,1.0,empathicschool_s28,combined,empathicschool
1,0.16499507,1.0,empathicschool_s28,combined,empathicschool
1,0.16499504,1.0,empathicschool_s28,combined,empathicschool
1,0.16499497,1.0,empathicschool_s28,combined,empathicschool
1,0.16499479,1.0,empathicschool_s28,combined,empathicschool
1,0.1649948,1.0,empathicschool_s28,combined,empathicschool
1,0.16499493,1.0,empathicschool_s28,combined,empathicschool
1,0.16499497,1.0,empathicschool_s28,combined,empathicschool
1,0.16499496,1.0,empathicschool_s28,combined,empathicschool
1,0.16499488,1.0,empathicschool_s28,combined,empathicschool
1,0.16501147,1.0,empathicschool_s28,combined,empathicschool
1,0.16499479,1.0,empathicschool_s28,combined,empathicschool
1,0.16499475,1.0,empathicschool_s28,combined,empathicschool
1,0.16499475,1.0,empathicschool_s28,combined,empathicschool
1,0.1649947,1.0,empathicschool_s28,combined,empathicschool
1,0.16499473,1.0,empathicschool_s28,combined,empathicschool
1,0.1649948,1.0,empathicschool_s28,combined,empathicschool
1,0.16499467,1.0,empathicschool_s28,combined,empathicschool
1,0.1649947,1.0,empathicschool_s28,combined,empathicschool
1,0.16499475,1.0,empathicschool_s28,combined,empathicschool
1,0.1649947,1.0,empathicschool_s28,combined,empathicschool
1,0.16501135,1.0,empathicschool_s28,combined,empathicschool
1,0.16499464,1.0,empathicschool_s28,combined,empathicschool
1,0.16499461,1.0,empathicschool_s28,combined,empathicschool
1,0.16499446,1.0,empathicschool_s28,combined,empathicschool
1,0.16499464,1.0,empathicschool_s28,combined,empathicschool
1,0.1649947,1.0,empathicschool_s28,combined,empathicschool
1,0.16499464,1.0,empathicschool_s28,combined,empathicschool
1,0.16499463,1.0,empathicschool_s28,combined,empathicschool
1,0.16499461,1.0,empathicschool_s28,combined,empathicschool
1,0.16499461,1.0,empathicschool_s28,combined,empathicschool
1,0.16499463,1.0,empathicschool_s28,combined,empathicschool
1,0.16501124,1.0,empathicschool_s28,combined,empathicschool
1,0.16499463,1.0,empathicschool_s28,combined,empathicschool
1,0.16499464,1.0,empathicschool_s28,combined,empathicschool
1,0.16499463,1.0,empathicschool_s28,combined,empathicschool
1,0.16499457,1.0,empathicschool_s28,combined,empathicschool
1,0.16499455,1.0,empathicschool_s28,combined,empathicschool
1,0.16499446,1.0,empathicschool_s28,combined,empathicschool
1,0.16499443,1.0,empathicschool_s28,combined,empathicschool
1,0.16499446,1.0,empathicschool_s28,combined,empathicschool
1,0.16499443,1.0,empathicschool_s28,combined,empathicschool
1,0.16499428,1.0,empathicschool_s28,combined,empathicschool
1,0.16501121,1.0,empathicschool_s28,combined,empathicschool
1,0.16499433,1.0,empathicschool_s28,combined,empathicschool
1,0.16499437,1.0,empathicschool_s28,combined,empathicschool
1,0.16499443,1.0,empathicschool_s28,combined,empathicschool
1,0.16499446,1.0,empathicschool_s28,combined,empathicschool
1,0.16499436,1.0,empathicschool_s28,combined,empathicschool
1,0.16499424,1.0,empathicschool_s28,combined,empathicschool
1,0.16499425,1.0,empathicschool_s28,combined,empathicschool
1,0.16499421,1.0,empathicschool_s28,combined,empathicschool
1,0.16499436,1.0,empathicschool_s28,combined,empathicschool
1,0.16499439,1.0,empathicschool_s28,combined,empathicschool
1,0.1650112,1.0,empathicschool_s28,combined,empathicschool
1,0.16499421,1.0,empathicschool_s28,combined,empathicschool
1,0.16499417,1.0,empathicschool_s28,combined,empathicschool
1,0.16499439,1.0,empathicschool_s28,combined,empathicschool
1,0.16499436,1.0,empathicschool_s28,combined,empathicschool
1,0.16499417,1.0,empathicschool_s28,combined,empathicschool
1,0.16499408,1.0,empathicschool_s28,combined,empathicschool
1,0.16499399,1.0,empathicschool_s28,combined,empathicschool
1,0.16499391,1.0,empathicschool_s28,combined,empathicschool
1,0.16499391,1.0,empathicschool_s28,combined,empathicschool
1,0.16499399,1.0,empathicschool_s28,combined,empathicschool
1,0.16501111,1.0,empathicschool_s28,combined,empathicschool
1,0.16499402,1.0,empathicschool_s28,combined,empathicschool
1,0.16499399,1.0,empathicschool_s28,combined,empathicschool
1,0.16499388,1.0,empathicschool_s28,combined,empathicschool
1,0.16499372,1.0,empathicschool_s28,combined,empathicschool
1,0.16499378,1.0,empathicschool_s28,combined,empathicschool
1,0.16499391,1.0,empathicschool_s28,combined,empathicschool
1,0.16499388,1.0,empathicschool_s28,combined,empathicschool
1,0.16499381,1.0,empathicschool_s28,combined,empathicschool
1,0.16499372,1.0,empathicschool_s28,combined,empathicschool
1,0.1649937,1.0,empathicschool_s28,combined,empathicschool
1,0.16501084,1.0,empathicschool_s28,combined,empathicschool
1,0.16499381,1.0,empathicschool_s28,combined,empathicschool
1,0.16499376,1.0,empathicschool_s28,combined,empathicschool
1,0.16499372,1.0,empathicschool_s28,combined,empathicschool
1,0.16499366,1.0,empathicschool_s28,combined,empathicschool
1,0.16499363,1.0,empathicschool_s28,combined,empathicschool
1,0.16499366,1.0,empathicschool_s28,combined,empathicschool
1,0.16499366,1.0,empathicschool_s28,combined,empathicschool
1,0.16499372,1.0,empathicschool_s28,combined,empathicschool
1,0.1649937,1.0,empathicschool_s28,combined,empathicschool
1,0.16499357,1.0,empathicschool_s28,combined,empathicschool
1,0.16501069,1.0,empathicschool_s28,combined,empathicschool
1,0.16499351,1.0,empathicschool_s28,combined,empathicschool
1,0.16499354,1.0,empathicschool_s28,combined,empathicschool
1,0.16499357,1.0,empathicschool_s28,combined,empathicschool
1,0.16499361,1.0,empathicschool_s28,combined,empathicschool
1,0.16499369,1.0,empathicschool_s28,combined,empathicschool
1,0.16499357,1.0,empathicschool_s28,combined,empathicschool
1,0.16499344,1.0,empathicschool_s28,combined,empathicschool
1,0.16499354,1.0,empathicschool_s28,combined,empathicschool
1,0.16499363,1.0,empathicschool_s28,combined,empathicschool
1,0.16499354,1.0,empathicschool_s28,combined,empathicschool
1,0.16501075,1.0,empathicschool_s28,combined,empathicschool
1,0.16499354,1.0,empathicschool_s28,combined,empathicschool
1,0.16499342,1.0,empathicschool_s28,combined,empathicschool
1,0.16499344,1.0,empathicschool_s28,combined,empathicschool
1,0.16499363,1.0,empathicschool_s28,combined,empathicschool
1,0.16499357,1.0,empathicschool_s28,combined,empathicschool
1,0.1649935,1.0,empathicschool_s28,combined,empathicschool
1,0.16499344,1.0,empathicschool_s28,combined,empathicschool
1,0.1649933,1.0,empathicschool_s28,combined,empathicschool
1,0.16499338,1.0,empathicschool_s28,combined,empathicschool
1,0.16499342,1.0,empathicschool_s28,combined,empathicschool
1,0.16580027,1.0,empathicschool_s28,combined,empathicschool
1,0.16501069,1.0,empathicschool_s28,combined,empathicschool
1,0.16499339,1.0,empathicschool_s28,combined,empathicschool
1,0.16499339,1.0,empathicschool_s28,combined,empathicschool
1,0.16499335,1.0,empathicschool_s28,combined,empathicschool
1,0.16499321,1.0,empathicschool_s28,combined,empathicschool
1,0.16499324,1.0,empathicschool_s28,combined,empathicschool
1,0.1649934,1.0,empathicschool_s28,combined,empathicschool
1,0.16499336,1.0,empathicschool_s28,combined,empathicschool
1,0.16499326,1.0,empathicschool_s28,combined,empathicschool
1,0.16499317,1.0,empathicschool_s28,combined,empathicschool
1,0.16499324,1.0,empathicschool_s28,combined,empathicschool
1,0.16501065,1.0,empathicschool_s28,combined,empathicschool
1,0.16499336,1.0,empathicschool_s28,combined,empathicschool
1,0.1649933,1.0,empathicschool_s28,combined,empathicschool
1,0.16499332,1.0,empathicschool_s28,combined,empathicschool
1,0.16499336,1.0,empathicschool_s28,combined,empathicschool
1,0.16499321,1.0,empathicschool_s28,combined,empathicschool
1,0.1649931,1.0,empathicschool_s28,combined,empathicschool
1,0.16499326,1.0,empathicschool_s28,combined,empathicschool
1,0.16499317,1.0,empathicschool_s28,combined,empathicschool
1,0.16499314,1.0,empathicschool_s28,combined,empathicschool
1,0.16499321,1.0,empathicschool_s28,combined,empathicschool
1,0.16501069,1.0,empathicschool_s28,combined,empathicschool
1,0.16499306,1.0,empathicschool_s28,combined,empathicschool
1,0.16499309,1.0,empathicschool_s28,combined,empathicschool
1,0.1649932,1.0,empathicschool_s28,combined,empathicschool
1,0.16499314,1.0,empathicschool_s28,combined,empathicschool
1,0.16499314,1.0,empathicschool_s28,combined,empathicschool
1,0.16499314,1.0,empathicschool_s28,combined,empathicschool
1,0.16499309,1.0,empathicschool_s28,combined,empathicschool
1,0.1649931,1.0,empathicschool_s28,combined,empathicschool
1,0.16499306,1.0,empathicschool_s28,combined,empathicschool
1,0.16499306,1.0,empathicschool_s28,combined,empathicschool
1,0.16501066,1.0,empathicschool_s28,combined,empathicschool
1,0.16499317,1.0,empathicschool_s28,combined,empathicschool
1,0.1649931,1.0,empathicschool_s28,combined,empathicschool
1,0.16499302,1.0,empathicschool_s28,combined,empathicschool
1,0.16499302,1.0,empathicschool_s28,combined,empathicschool
1,0.1649931,1.0,empathicschool_s28,combined,empathicschool
1,0.1649931,1.0,empathicschool_s28,combined,empathicschool
1,0.16499314,1.0,empathicschool_s28,combined,empathicschool
1,0.16499305,1.0,empathicschool_s28,combined,empathicschool
1,0.16499296,1.0,empathicschool_s28,combined,empathicschool
1,0.16499299,1.0,empathicschool_s28,combined,empathicschool
1,0.16501078,1.0,empathicschool_s28,combined,empathicschool
1,0.16499305,1.0,empathicschool_s28,combined,empathicschool
1,0.16499306,1.0,empathicschool_s28,combined,empathicschool
1,0.16499303,1.0,empathicschool_s28,combined,empathicschool
1,0.16499293,1.0,empathicschool_s28,combined,empathicschool
1,0.16499293,1.0,empathicschool_s28,combined,empathicschool
1,0.16499303,1.0,empathicschool_s28,combined,empathicschool
1,0.16499296,1.0,empathicschool_s28,combined,empathicschool
1,0.16499297,1.0,empathicschool_s28,combined,empathicschool
1,0.16499303,1.0,empathicschool_s28,combined,empathicschool
1,0.16499288,1.0,empathicschool_s28,combined,empathicschool
1,0.1650108,1.0,empathicschool_s28,combined,empathicschool
1,0.16499284,1.0,empathicschool_s28,combined,empathicschool
1,0.16499293,1.0,empathicschool_s28,combined,empathicschool
1,0.16499284,1.0,empathicschool_s28,combined,empathicschool
1,0.16499284,1.0,empathicschool_s28,combined,empathicschool
1,0.16499294,1.0,empathicschool_s28,combined,empathicschool
1,0.16499276,1.0,empathicschool_s28,combined,empathicschool
1,0.1649927,1.0,empathicschool_s28,combined,empathicschool
1,0.16499282,1.0,empathicschool_s28,combined,empathicschool
1,0.16499284,1.0,empathicschool_s28,combined,empathicschool
1,0.16499287,1.0,empathicschool_s28,combined,empathicschool
1,0.16501065,1.0,empathicschool_s28,combined,empathicschool
1,0.16499293,1.0,empathicschool_s28,combined,empathicschool
1,0.16499281,1.0,empathicschool_s28,combined,empathicschool
1,0.16499276,1.0,empathicschool_s28,combined,empathicschool
1,0.16499278,1.0,empathicschool_s28,combined,empathicschool
1,0.16499281,1.0,empathicschool_s28,combined,empathicschool
1,0.16499281,1.0,empathicschool_s28,combined,empathicschool
1,0.1649927,1.0,empathicschool_s28,combined,empathicschool
1,0.1649927,1.0,empathicschool_s28,combined,empathicschool
1,0.16499276,1.0,empathicschool_s28,combined,empathicschool
1,0.16499278,1.0,empathicschool_s28,combined,empathicschool
1,0.16501054,1.0,empathicschool_s28,combined,empathicschool
1,0.16499275,1.0,empathicschool_s28,combined,empathicschool
1,0.16499276,1.0,empathicschool_s28,combined,empathicschool
1,0.16499269,1.0,empathicschool_s28,combined,empathicschool
1,0.1649927,1.0,empathicschool_s28,combined,empathicschool
1,0.16499281,1.0,empathicschool_s28,combined,empathicschool
1,0.1649927,1.0,empathicschool_s28,combined,empathicschool
1,0.16499278,1.0,empathicschool_s28,combined,empathicschool
1,0.16499282,1.0,empathicschool_s28,combined,empathicschool
1,0.16499276,1.0,empathicschool_s28,combined,empathicschool
1,0.1649927,1.0,empathicschool_s28,combined,empathicschool
1,0.16501042,1.0,empathicschool_s28,combined,empathicschool
1,0.1649927,1.0,empathicschool_s28,combined,empathicschool
1,0.16499278,1.0,empathicschool_s28,combined,empathicschool
1,0.16499269,1.0,empathicschool_s28,combined,empathicschool
1,0.16499266,1.0,empathicschool_s28,combined,empathicschool
1,0.1649926,1.0,empathicschool_s28,combined,empathicschool
1,0.1649925,1.0,empathicschool_s28,combined,empathicschool
1,0.16499254,1.0,empathicschool_s28,combined,empathicschool
1,0.16499254,1.0,empathicschool_s28,combined,empathicschool
1,0.16499254,1.0,empathicschool_s28,combined,empathicschool
1,0.16499253,1.0,empathicschool_s28,combined,empathicschool
1,0.16501018,1.0,empathicschool_s28,combined,empathicschool
1,0.16499254,1.0,empathicschool_s28,combined,empathicschool
1,0.16499257,1.0,empathicschool_s28,combined,empathicschool
1,0.1649926,1.0,empathicschool_s28,combined,empathicschool
1,0.16499257,1.0,empathicschool_s28,combined,empathicschool
1,0.16499254,1.0,empathicschool_s28,combined,empathicschool
1,0.1649925,1.0,empathicschool_s28,combined,empathicschool
1,0.1649924,1.0,empathicschool_s28,combined,empathicschool
1,0.16499247,1.0,empathicschool_s28,combined,empathicschool
1,0.16499253,1.0,empathicschool_s28,combined,empathicschool
1,0.16499253,1.0,empathicschool_s28,combined,empathicschool
1,0.16590111,1.0,empathicschool_s28,combined,empathicschool
1,0.16501012,1.0,empathicschool_s28,combined,empathicschool
1,0.16499247,1.0,empathicschool_s28,combined,empathicschool
1,0.16499254,1.0,empathicschool_s28,combined,empathicschool
1,0.16499263,1.0,empathicschool_s28,combined,empathicschool
1,0.16499254,1.0,empathicschool_s28,combined,empathicschool
1,0.16499254,1.0,empathicschool_s28,combined,empathicschool
1,0.16499257,1.0,empathicschool_s28,combined,empathicschool
1,0.16499253,1.0,empathicschool_s28,combined,empathicschool
1,0.1649924,1.0,empathicschool_s28,combined,empathicschool
1,0.1649924,1.0,empathicschool_s28,combined,empathicschool
1,0.16499247,1.0,empathicschool_s28,combined,empathicschool
1,0.16501012,1.0,empathicschool_s28,combined,empathicschool
1,0.16499244,1.0,empathicschool_s28,combined,empathicschool
1,0.16499247,1.0,empathicschool_s28,combined,empathicschool
1,0.16499247,1.0,empathicschool_s28,combined,empathicschool
1,0.16499238,1.0,empathicschool_s28,combined,empathicschool
1,0.16499238,1.0,empathicschool_s28,combined,empathicschool
1,0.16499242,1.0,empathicschool_s28,combined,empathicschool
1,0.1649924,1.0,empathicschool_s28,combined,empathicschool
1,0.16499236,1.0,empathicschool_s28,combined,empathicschool
1,0.16499235,1.0,empathicschool_s28,combined,empathicschool
1,0.16499221,1.0,empathicschool_s28,combined,empathicschool
1,0.1650101,1.0,empathicschool_s28,combined,empathicschool
1,0.1649923,1.0,empathicschool_s28,combined,empathicschool
1,0.16499235,1.0,empathicschool_s28,combined,empathicschool
1,0.16499238,1.0,empathicschool_s28,combined,empathicschool
1,0.16499236,1.0,empathicschool_s28,combined,empathicschool
1,0.16499221,1.0,empathicschool_s28,combined,empathicschool
1,0.16499206,1.0,empathicschool_s28,combined,empathicschool
1,0.16499224,1.0,empathicschool_s28,combined,empathicschool
1,0.16499232,1.0,empathicschool_s28,combined,empathicschool
1,0.16499232,1.0,empathicschool_s28,combined,empathicschool
1,0.16499236,1.0,empathicschool_s28,combined,empathicschool
1,0.16501,1.0,empathicschool_s28,combined,empathicschool
1,0.16499236,1.0,empathicschool_s28,combined,empathicschool
1,0.16499236,1.0,empathicschool_s28,combined,empathicschool
1,0.16499247,1.0,empathicschool_s28,combined,empathicschool
1,0.16499244,1.0,empathicschool_s28,combined,empathicschool
1,0.16499247,1.0,empathicschool_s28,combined,empathicschool
1,0.16499253,1.0,empathicschool_s28,combined,empathicschool
1,0.16499235,1.0,empathicschool_s28,combined,empathicschool
1,0.16499232,1.0,empathicschool_s28,combined,empathicschool
1,0.16499253,1.0,empathicschool_s28,combined,empathicschool
1,0.16499247,1.0,empathicschool_s28,combined,empathicschool
1,0.16501,1.0,empathicschool_s28,combined,empathicschool
1,0.1649925,1.0,empathicschool_s28,combined,empathicschool
1,0.16499253,1.0,empathicschool_s28,combined,empathicschool
1,0.16499244,1.0,empathicschool_s28,combined,empathicschool
1,0.1649925,1.0,empathicschool_s28,combined,empathicschool
1,0.16499259,1.0,empathicschool_s28,combined,empathicschool
1,0.16499254,1.0,empathicschool_s28,combined,empathicschool
1,0.16499247,1.0,empathicschool_s28,combined,empathicschool
1,0.16499244,1.0,empathicschool_s28,combined,empathicschool
1,0.16499235,1.0,empathicschool_s28,combined,empathicschool
1,0.1649924,1.0,empathicschool_s28,combined,empathicschool
1,0.16500995,1.0,empathicschool_s28,combined,empathicschool
1,0.16499247,1.0,empathicschool_s28,combined,empathicschool
1,0.1649924,1.0,empathicschool_s28,combined,empathicschool
1,0.16499236,1.0,empathicschool_s28,combined,empathicschool
1,0.16499247,1.0,empathicschool_s28,combined,empathicschool
1,0.16499242,1.0,empathicschool_s28,combined,empathicschool
1,0.16499236,1.0,empathicschool_s28,combined,empathicschool
1,0.16499236,1.0,empathicschool_s28,combined,empathicschool
1,0.16499236,1.0,empathicschool_s28,combined,empathicschool
1,0.16499236,1.0,empathicschool_s28,combined,empathicschool
1,0.16499218,1.0,empathicschool_s28,combined,empathicschool
1,0.16500992,1.0,empathicschool_s28,combined,empathicschool
1,0.16499205,1.0,empathicschool_s28,combined,empathicschool
1,0.16499217,1.0,empathicschool_s28,combined,empathicschool
1,0.1649922,1.0,empathicschool_s28,combined,empathicschool
1,0.16499217,1.0,empathicschool_s28,combined,empathicschool
1,0.16499211,1.0,empathicschool_s28,combined,empathicschool
1,0.16499187,1.0,empathicschool_s28,combined,empathicschool
1,0.16499189,1.0,empathicschool_s28,combined,empathicschool
1,0.16499197,1.0,empathicschool_s28,combined,empathicschool
1,0.16499193,1.0,empathicschool_s28,combined,empathicschool
1,0.16499196,1.0,empathicschool_s28,combined,empathicschool
1,0.16500998,1.0,empathicschool_s28,combined,empathicschool
1,0.164992,1.0,empathicschool_s28,combined,empathicschool
1,0.1649919,1.0,empathicschool_s28,combined,empathicschool
1,0.16499183,1.0,empathicschool_s28,combined,empathicschool
1,0.16499183,1.0,empathicschool_s28,combined,empathicschool
1,0.16499181,1.0,empathicschool_s28,combined,empathicschool
1,0.16499181,1.0,empathicschool_s28,combined,empathicschool
1,0.16499183,1.0,empathicschool_s28,combined,empathicschool
1,0.16499169,1.0,empathicschool_s28,combined,empathicschool
1,0.16499177,1.0,empathicschool_s28,combined,empathicschool
1,0.16499184,1.0,empathicschool_s28,combined,empathicschool
1,0.16500992,1.0,empathicschool_s28,combined,empathicschool
1,0.1649919,1.0,empathicschool_s28,combined,empathicschool
1,0.16499202,1.0,empathicschool_s28,combined,empathicschool
1,0.16499189,1.0,empathicschool_s28,combined,empathicschool
1,0.16499172,1.0,empathicschool_s28,combined,empathicschool
1,0.16499184,1.0,empathicschool_s28,combined,empathicschool
1,0.16499181,1.0,empathicschool_s28,combined,empathicschool
1,0.16499189,1.0,empathicschool_s28,combined,empathicschool
1,0.16499189,1.0,empathicschool_s28,combined,empathicschool
1,0.16499199,1.0,empathicschool_s28,combined,empathicschool
1,0.16499197,1.0,empathicschool_s28,combined,empathicschool
1,0.16500972,1.0,empathicschool_s28,combined,empathicschool
1,0.16499193,1.0,empathicschool_s28,combined,empathicschool
1,0.1649919,1.0,empathicschool_s28,combined,empathicschool
1,0.16499187,1.0,empathicschool_s28,combined,empathicschool
1,0.16499181,1.0,empathicschool_s28,combined,empathicschool
1,0.1649917,1.0,empathicschool_s28,combined,empathicschool
1,0.16499162,1.0,empathicschool_s28,combined,empathicschool
1,0.1649918,1.0,empathicschool_s28,combined,empathicschool
1,0.16499184,1.0,empathicschool_s28,combined,empathicschool
1,0.16499244,1.0,empathicschool_s28,combined,empathicschool
1,0.16499254,1.0,empathicschool_s28,combined,empathicschool
0,0.16503306,1.0,empathicschool_s28,combined,empathicschool
0,0.16503713,1.0,empathicschool_s28,combined,empathicschool
0,0.12622139,1.0,empathicschool_s28,combined,empathicschool
0,0.12270447,1.0,empathicschool_s28,combined,empathicschool
0,0.12280399,1.0,empathicschool_s28,combined,empathicschool
0,0.12258031,1.0,empathicschool_s28,combined,empathicschool
0,0.12229112,1.0,empathicschool_s28,combined,empathicschool
0,0.1223518,1.0,empathicschool_s28,combined,empathicschool
0,0.12249387,1.0,empathicschool_s28,combined,empathicschool
0,0.1225363,1.0,empathicschool_s28,combined,empathicschool
0,0.12260285,1.0,empathicschool_s28,combined,empathicschool
0,0.12264576,1.0,empathicschool_s28,combined,empathicschool
0,0.12257267,1.0,empathicschool_s28,combined,empathicschool
0,0.12589808,1.0,empathicschool_s28,combined,empathicschool
0,0.122453466,1.0,empathicschool_s28,combined,empathicschool
0,0.122400455,1.0,empathicschool_s28,combined,empathicschool
0,0.12240532,1.0,empathicschool_s28,combined,empathicschool
0,0.12234187,1.0,empathicschool_s28,combined,empathicschool
0,0.122269325,1.0,empathicschool_s28,combined,empathicschool
0,0.12209702,1.0,empathicschool_s28,combined,empathicschool
0,0.12200563,1.0,empathicschool_s28,combined,empathicschool
0,0.1220048,1.0,empathicschool_s28,combined,empathicschool
0,0.12200401,1.0,empathicschool_s28,combined,empathicschool
0,0.12204174,1.0,empathicschool_s28,combined,empathicschool
0,0.12443925,1.0,empathicschool_s28,combined,empathicschool
0,0.12214566,1.0,empathicschool_s28,combined,empathicschool
0,0.122147515,1.0,empathicschool_s28,combined,empathicschool
0,0.12209016,1.0,empathicschool_s28,combined,empathicschool
0,0.12208125,1.0,empathicschool_s28,combined,empathicschool
0,0.122079946,1.0,empathicschool_s28,combined,empathicschool
0,0.12181791,1.0,empathicschool_s28,combined,empathicschool
0,0.12106757,1.0,empathicschool_s28,combined,empathicschool
0,0.12070964,1.0,empathicschool_s28,combined,empathicschool
0,0.12042414,1.0,empathicschool_s28,combined,empathicschool
0,0.12028053,1.0,empathicschool_s28,combined,empathicschool
0,0.12201371,1.0,empathicschool_s28,combined,empathicschool
0,0.1200762,1.0,empathicschool_s28,combined,empathicschool
0,0.11998021,1.0,empathicschool_s28,combined,empathicschool
0,0.11996305,1.0,empathicschool_s28,combined,empathicschool
0,0.12052088,1.0,empathicschool_s28,combined,empathicschool
0,0.122564346,1.0,empathicschool_s28,combined,empathicschool
0,0.122513145,1.0,empathicschool_s28,combined,empathicschool
0,0.12077265,1.0,empathicschool_s28,combined,empathicschool
0,0.12139429,1.0,empathicschool_s28,combined,empathicschool
0,0.12195314,1.0,empathicschool_s28,combined,empathicschool
0,0.1218508,1.0,empathicschool_s28,combined,empathicschool
0,0.11956175,1.0,empathicschool_s28,combined,empathicschool
0,0.12174962,1.0,empathicschool_s28,combined,empathicschool
0,0.12173458,1.0,empathicschool_s28,combined,empathicschool
0,0.12177101,1.0,empathicschool_s28,combined,empathicschool
0,0.12182669,1.0,empathicschool_s28,combined,empathicschool
0,0.12190303,1.0,empathicschool_s28,combined,empathicschool
0,0.12167243,1.0,empathicschool_s28,combined,empathicschool
0,0.12159905,1.0,empathicschool_s28,combined,empathicschool
0,0.121604934,1.0,empathicschool_s28,combined,empathicschool
0,0.121457115,1.0,empathicschool_s28,combined,empathicschool
0,0.12140836,1.0,empathicschool_s28,combined,empathicschool
0,0.12084375,1.0,empathicschool_s28,combined,empathicschool
0,0.1212431,1.0,empathicschool_s28,combined,empathicschool
0,0.12106987,1.0,empathicschool_s28,combined,empathicschool
0,0.12088878,1.0,empathicschool_s28,combined,empathicschool
0,0.120608486,1.0,empathicschool_s28,combined,empathicschool
0,0.11978945,1.0,empathicschool_s28,combined,empathicschool
0,0.11949157,1.0,empathicschool_s28,combined,empathicschool
0,0.11983209,1.0,empathicschool_s28,combined,empathicschool
0,0.119815886,1.0,empathicschool_s28,combined,empathicschool
0,0.11996479,1.0,empathicschool_s28,combined,empathicschool
0,0.120668784,1.0,empathicschool_s28,combined,empathicschool
0,0.123043746,1.0,empathicschool_s28,combined,empathicschool
0,0.12049102,1.0,empathicschool_s28,combined,empathicschool
0,0.120369405,1.0,empathicschool_s28,combined,empathicschool
0,0.12048416,1.0,empathicschool_s28,combined,empathicschool
0,0.12035292,1.0,empathicschool_s28,combined,empathicschool
0,0.12016459,1.0,empathicschool_s28,combined,empathicschool
0,0.12020308,1.0,empathicschool_s28,combined,empathicschool
0,0.11453371,1.0,empathicschool_s28,combined,empathicschool
0,0.11696678,1.0,empathicschool_s28,combined,empathicschool
0,0.12364671,1.0,empathicschool_s28,combined,empathicschool
0,0.12342504,1.0,empathicschool_s28,combined,empathicschool
0,0.12332363,1.0,empathicschool_s28,combined,empathicschool
0,0.12332037,1.0,empathicschool_s28,combined,empathicschool
0,0.123446025,1.0,empathicschool_s28,combined,empathicschool
0,0.12340843,1.0,empathicschool_s28,combined,empathicschool
0,0.12332529,1.0,empathicschool_s28,combined,empathicschool
0,0.12283004,1.0,empathicschool_s28,combined,empathicschool
0,0.12252455,1.0,empathicschool_s28,combined,empathicschool
0,0.12242815,1.0,empathicschool_s28,combined,empathicschool
0,0.12216031,1.0,empathicschool_s28,combined,empathicschool
0,0.122215465,1.0,empathicschool_s28,combined,empathicschool
0,0.12225479,1.0,empathicschool_s28,combined,empathicschool
0,0.120271906,1.0,empathicschool_s28,combined,empathicschool
0,0.122039035,1.0,empathicschool_s28,combined,empathicschool
0,0.12204243,1.0,empathicschool_s28,combined,empathicschool
0,0.12203557,1.0,empathicschool_s28,combined,empathicschool
0,0.12196591,1.0,empathicschool_s28,combined,empathicschool
0,0.1218759,1.0,empathicschool_s28,combined,empathicschool
0,0.12092331,1.0,empathicschool_s28,combined,empathicschool
0,0.12129644,1.0,empathicschool_s28,combined,empathicschool
0,0.12184818,1.0,empathicschool_s28,combined,empathicschool
0,0.12163425,1.0,empathicschool_s28,combined,empathicschool
0,0.121539995,1.0,empathicschool_s28,combined,empathicschool
0,0.117191024,1.0,empathicschool_s28,combined,empathicschool
0,0.1214887,1.0,empathicschool_s28,combined,empathicschool
0,0.12142183,1.0,empathicschool_s28,combined,empathicschool
0,0.12143629,1.0,empathicschool_s28,combined,empathicschool
0,0.12152242,1.0,empathicschool_s28,combined,empathicschool
0,0.1214941,1.0,empathicschool_s28,combined,empathicschool
0,0.12154752,1.0,empathicschool_s28,combined,empathicschool
0,0.12166088,1.0,empathicschool_s28,combined,empathicschool
0,0.12167472,1.0,empathicschool_s28,combined,empathicschool
0,0.12154387,1.0,empathicschool_s28,combined,empathicschool
0,0.121443875,1.0,empathicschool_s28,combined,empathicschool
0,0.15103729,1.0,empathicschool_s28,combined,empathicschool
0,0.11757073,1.0,empathicschool_s28,combined,empathicschool
0,0.12158162,1.0,empathicschool_s28,combined,empathicschool
0,0.121616684,1.0,empathicschool_s28,combined,empathicschool
0,0.12165661,1.0,empathicschool_s28,combined,empathicschool
0,0.119765446,1.0,empathicschool_s28,combined,empathicschool
0,0.12613416,1.0,empathicschool_s28,combined,empathicschool
0,0.1307381,1.0,empathicschool_s28,combined,empathicschool
0,0.124528676,1.0,empathicschool_s28,combined,empathicschool
0,0.120983005,1.0,empathicschool_s28,combined,empathicschool
0,0.12053187,1.0,empathicschool_s28,combined,empathicschool
0,0.121659346,1.0,empathicschool_s28,combined,empathicschool
0,0.11760094,1.0,empathicschool_s28,combined,empathicschool
0,0.12118306,1.0,empathicschool_s28,combined,empathicschool
0,0.120686874,1.0,empathicschool_s28,combined,empathicschool
0,0.121196516,1.0,empathicschool_s28,combined,empathicschool
0,0.12098578,1.0,empathicschool_s28,combined,empathicschool
0,0.12066403,1.0,empathicschool_s28,combined,empathicschool
0,0.12054366,1.0,empathicschool_s28,combined,empathicschool
0,0.12041183,1.0,empathicschool_s28,combined,empathicschool
0,0.12037419,1.0,empathicschool_s28,combined,empathicschool
0,0.13809632,1.0,empathicschool_s28,combined,empathicschool
0,0.16369244,1.0,empathicschool_s28,combined,empathicschool
0,0.11367151,1.0,empathicschool_s28,combined,empathicschool
0,0.16512567,1.0,empathicschool_s28,combined,empathicschool
0,0.16512425,1.0,empathicschool_s28,combined,empathicschool
0,0.16512495,1.0,empathicschool_s28,combined,empathicschool
0,0.16512948,1.0,empathicschool_s28,combined,empathicschool
0,0.16513442,1.0,empathicschool_s28,combined,empathicschool
0,0.16513623,1.0,empathicschool_s28,combined,empathicschool
0,0.16513325,1.0,empathicschool_s28,combined,empathicschool
0,0.16512768,1.0,empathicschool_s28,combined,empathicschool
0,0.16512264,1.0,empathicschool_s28,combined,empathicschool
0,0.16512014,1.0,empathicschool_s28,combined,empathicschool
0,0.10964478,1.0,empathicschool_s28,combined,empathicschool
0,0.1651192,1.0,empathicschool_s28,combined,empathicschool
0,0.165119,1.0,empathicschool_s28,combined,empathicschool
0,0.16511913,1.0,empathicschool_s28,combined,empathicschool
0,0.16512138,1.0,empathicschool_s28,combined,empathicschool
0,0.16512401,1.0,empathicschool_s28,combined,empathicschool
0,0.16512361,1.0,empathicschool_s28,combined,empathicschool
0,0.16512221,1.0,empathicschool_s28,combined,empathicschool
0,0.16512032,1.0,empathicschool_s28,combined,empathicschool
0,0.16511793,1.0,empathicschool_s28,combined,empathicschool
0,0.1651169,1.0,empathicschool_s28,combined,empathicschool
0,0.11302599,1.0,empathicschool_s28,combined,empathicschool
0,0.16511604,1.0,empathicschool_s28,combined,empathicschool
0,0.16511473,1.0,empathicschool_s28,combined,empathicschool
0,0.16511676,1.0,empathicschool_s28,combined,empathicschool
0,0.16512038,1.0,empathicschool_s28,combined,empathicschool
0,0.16512573,1.0,empathicschool_s28,combined,empathicschool
0,0.1651311,1.0,empathicschool_s28,combined,empathicschool
0,0.16513321,1.0,empathicschool_s28,combined,empathicschool
0,0.16513507,1.0,empathicschool_s28,combined,empathicschool
0,0.16513824,1.0,empathicschool_s28,combined,empathicschool
0,0.1651388,1.0,empathicschool_s28,combined,empathicschool
0,0.11841222,1.0,empathicschool_s28,combined,empathicschool
0,0.16513777,1.0,empathicschool_s28,combined,empathicschool
0,0.16513634,1.0,empathicschool_s28,combined,empathicschool
0,0.16513297,1.0,empathicschool_s28,combined,empathicschool
0,0.16512936,1.0,empathicschool_s28,combined,empathicschool
0,0.16512585,1.0,empathicschool_s28,combined,empathicschool
0,0.16512626,1.0,empathicschool_s28,combined,empathicschool
0,0.16513439,1.0,empathicschool_s28,combined,empathicschool
0,0.165143,1.0,empathicschool_s28,combined,empathicschool
0,0.16514419,1.0,empathicschool_s28,combined,empathicschool
0,0.16514172,1.0,empathicschool_s28,combined,empathicschool
0,0.11893794,1.0,empathicschool_s28,combined,empathicschool
0,0.16513939,1.0,empathicschool_s28,combined,empathicschool
0,0.16513313,1.0,empathicschool_s28,combined,empathicschool
0,0.16512749,1.0,empathicschool_s28,combined,empathicschool
0,0.16512509,1.0,empathicschool_s28,combined,empathicschool
0,0.16512097,1.0,empathicschool_s28,combined,empathicschool
0,0.1651173,1.0,empathicschool_s28,combined,empathicschool
0,0.16511849,1.0,empathicschool_s28,combined,empathicschool
0,0.16512232,1.0,empathicschool_s28,combined,empathicschool
0,0.16512369,1.0,empathicschool_s28,combined,empathicschool
0,0.16512121,1.0,empathicschool_s28,combined,empathicschool
0,0.11730867,1.0,empathicschool_s28,combined,empathicschool
0,0.16511747,1.0,empathicschool_s28,combined,empathicschool
0,0.16511413,1.0,empathicschool_s28,combined,empathicschool
0,0.16511424,1.0,empathicschool_s28,combined,empathicschool
0,0.16512062,1.0,empathicschool_s28,combined,empathicschool
0,0.16512816,1.0,empathicschool_s28,combined,empathicschool
0,0.16513218,1.0,empathicschool_s28,combined,empathicschool
0,0.16514055,1.0,empathicschool_s28,combined,empathicschool
0,0.1651538,1.0,empathicschool_s28,combined,empathicschool
0,0.16516383,1.0,empathicschool_s28,combined,empathicschool
0,0.16517928,1.0,empathicschool_s28,combined,empathicschool
0,0.11745638,1.0,empathicschool_s28,combined,empathicschool
0,0.16519569,1.0,empathicschool_s28,combined,empathicschool
0,0.16520151,1.0,empathicschool_s28,combined,empathicschool
0,0.16520025,1.0,empathicschool_s28,combined,empathicschool
0,0.1651909,1.0,empathicschool_s28,combined,empathicschool
0,0.1651771,1.0,empathicschool_s28,combined,empathicschool
0,0.16516641,1.0,empathicschool_s28,combined,empathicschool
0,0.16515906,1.0,empathicschool_s28,combined,empathicschool
0,0.16515332,1.0,empathicschool_s28,combined,empathicschool
0,0.16515176,1.0,empathicschool_s28,combined,empathicschool
0,0.16515498,1.0,empathicschool_s28,combined,empathicschool
0,0.11808538,1.0,empathicschool_s28,combined,empathicschool
0,0.16515692,1.0,empathicschool_s28,combined,empathicschool
0,0.16515529,1.0,empathicschool_s28,combined,empathicschool
0,0.1651536,1.0,empathicschool_s28,combined,empathicschool
0,0.16515186,1.0,empathicschool_s28,combined,empathicschool
0,0.16514872,1.0,empathicschool_s28,combined,empathicschool
0,0.16515067,1.0,empathicschool_s28,combined,empathicschool
0,0.16515088,1.0,empathicschool_s28,combined,empathicschool
0,0.1651498,1.0,empathicschool_s28,combined,empathicschool
0,0.16514799,1.0,empathicschool_s28,combined,empathicschool
0,0.16514595,1.0,empathicschool_s28,combined,empathicschool
0,0.13116272,1.0,empathicschool_s28,combined,empathicschool
0,0.11810858,1.0,empathicschool_s28,combined,empathicschool
0,0.16514279,1.0,empathicschool_s28,combined,empathicschool
0,0.16513997,1.0,empathicschool_s28,combined,empathicschool
0,0.16513829,1.0,empathicschool_s28,combined,empathicschool
0,0.16513665,1.0,empathicschool_s28,combined,empathicschool
0,0.16513498,1.0,empathicschool_s28,combined,empathicschool
0,0.16513352,1.0,empathicschool_s28,combined,empathicschool
0,0.16513266,1.0,empathicschool_s28,combined,empathicschool
0,0.16513233,1.0,empathicschool_s28,combined,empathicschool
0,0.16513136,1.0,empathicschool_s28,combined,empathicschool
0,0.16512993,1.0,empathicschool_s28,combined,empathicschool
0,0.11809323,1.0,empathicschool_s28,combined,empathicschool
0,0.165129,1.0,empathicschool_s28,combined,empathicschool
0,0.16512902,1.0,empathicschool_s28,combined,empathicschool
0,0.16512841,1.0,empathicschool_s28,combined,empathicschool
0,0.16512781,1.0,empathicschool_s28,combined,empathicschool
0,0.16512766,1.0,empathicschool_s28,combined,empathicschool
0,0.16512717,1.0,empathicschool_s28,combined,empathicschool
0,0.16512638,1.0,empathicschool_s28,combined,empathicschool
0,0.16512533,1.0,empathicschool_s28,combined,empathicschool
0,0.1651242,1.0,empathicschool_s28,combined,empathicschool
0,0.16512336,1.0,empathicschool_s28,combined,empathicschool
0,0.11813802,1.0,empathicschool_s28,combined,empathicschool
0,0.16512212,1.0,empathicschool_s28,combined,empathicschool
0,0.16512099,1.0,empathicschool_s28,combined,empathicschool
0,0.1651202,1.0,empathicschool_s28,combined,empathicschool
0,0.16511944,1.0,empathicschool_s28,combined,empathicschool
0,0.16511865,1.0,empathicschool_s28,combined,empathicschool
0,0.16511777,1.0,empathicschool_s28,combined,empathicschool
0,0.1651168,1.0,empathicschool_s28,combined,empathicschool
0,0.16511585,1.0,empathicschool_s28,combined,empathicschool
0,0.1651149,1.0,empathicschool_s28,combined,empathicschool
0,0.16511393,1.0,empathicschool_s28,combined,empathicschool
0,0.11817277,1.0,empathicschool_s28,combined,empathicschool
0,0.16511273,1.0,empathicschool_s28,combined,empathicschool
0,0.16511185,1.0,empathicschool_s28,combined,empathicschool
0,0.16511104,1.0,empathicschool_s28,combined,empathicschool
0,0.16511042,1.0,empathicschool_s28,combined,empathicschool
0,0.16510965,1.0,empathicschool_s28,combined,empathicschool
0,0.16510895,1.0,empathicschool_s28,combined,empathicschool
0,0.16510794,1.0,empathicschool_s28,combined,empathicschool
0,0.16510718,1.0,empathicschool_s28,combined,empathicschool
0,0.16510649,1.0,empathicschool_s28,combined,empathicschool
0,0.16510561,1.0,empathicschool_s28,combined,empathicschool
0,0.11797395,1.0,empathicschool_s28,combined,empathicschool
0,0.16510479,1.0,empathicschool_s28,combined,empathicschool
0,0.1651038,1.0,empathicschool_s28,combined,empathicschool
0,0.16510285,1.0,empathicschool_s28,combined,empathicschool
0,0.16510218,1.0,empathicschool_s28,combined,empathicschool
0,0.16510153,1.0,empathicschool_s28,combined,empathicschool
0,0.16510072,1.0,empathicschool_s28,combined,empathicschool
0,0.16510013,1.0,empathicschool_s28,combined,empathicschool
0,0.16509953,1.0,empathicschool_s28,combined,empathicschool
0,0.1650989,1.0,empathicschool_s28,combined,empathicschool
0,0.16509855,1.0,empathicschool_s28,combined,empathicschool
0,0.11802014,1.0,empathicschool_s28,combined,empathicschool
0,0.16509777,1.0,empathicschool_s28,combined,empathicschool
0,0.16509691,1.0,empathicschool_s28,combined,empathicschool
0,0.1650961,1.0,empathicschool_s28,combined,empathicschool
0,0.16509542,1.0,empathicschool_s28,combined,empathicschool
0,0.16509466,1.0,empathicschool_s28,combined,empathicschool
0,0.1650941,1.0,empathicschool_s28,combined,empathicschool
0,0.16509353,1.0,empathicschool_s28,combined,empathicschool
0,0.16509286,1.0,empathicschool_s28,combined,empathicschool
0,0.16509219,1.0,empathicschool_s28,combined,empathicschool
0,0.16509138,1.0,empathicschool_s28,combined,empathicschool
0,0.11594156,1.0,empathicschool_s28,combined,empathicschool
0,0.16509089,1.0,empathicschool_s28,combined,empathicschool
0,0.16509032,1.0,empathicschool_s28,combined,empathicschool
0,0.16508977,1.0,empathicschool_s28,combined,empathicschool
0,0.16508895,1.0,empathicschool_s28,combined,empathicschool
0,0.1650885,1.0,empathicschool_s28,combined,empathicschool
0,0.16508795,1.0,empathicschool_s28,combined,empathicschool
0,0.16508739,1.0,empathicschool_s28,combined,empathicschool
0,0.16508672,1.0,empathicschool_s28,combined,empathicschool
0,0.16508617,1.0,empathicschool_s28,combined,empathicschool
0,0.16508575,1.0,empathicschool_s28,combined,empathicschool
0,0.11766513,1.0,empathicschool_s28,combined,empathicschool
0,0.16508517,1.0,empathicschool_s28,combined,empathicschool
0,0.16508424,1.0,empathicschool_s28,combined,empathicschool
0,0.16508353,1.0,empathicschool_s28,combined,empathicschool
0,0.16508314,1.0,empathicschool_s28,combined,empathicschool
0,0.16508271,1.0,empathicschool_s28,combined,empathicschool
0,0.16508247,1.0,empathicschool_s28,combined,empathicschool
0,0.16508223,1.0,empathicschool_s28,combined,empathicschool
0,0.1650818,1.0,empathicschool_s28,combined,empathicschool
0,0.16508126,1.0,empathicschool_s28,combined,empathicschool
0,0.16508032,1.0,empathicschool_s28,combined,empathicschool
0,0.122040555,1.0,empathicschool_s28,combined,empathicschool
0,0.16507967,1.0,empathicschool_s28,combined,empathicschool
0,0.16507928,1.0,empathicschool_s28,combined,empathicschool
0,0.16507865,1.0,empathicschool_s28,combined,empathicschool
0,0.16507807,1.0,empathicschool_s28,combined,empathicschool
0,0.16507915,1.0,empathicschool_s28,combined,empathicschool
0,0.1650804,1.0,empathicschool_s28,combined,empathicschool
0,0.16507974,1.0,empathicschool_s28,combined,empathicschool
0,0.1650792,1.0,empathicschool_s28,combined,empathicschool
0,0.1650784,1.0,empathicschool_s28,combined,empathicschool
0,0.16507788,1.0,empathicschool_s28,combined,empathicschool
0,0.12246574,1.0,empathicschool_s28,combined,empathicschool
0,0.16507733,1.0,empathicschool_s28,combined,empathicschool
0,0.16507678,1.0,empathicschool_s28,combined,empathicschool
0,0.16507618,1.0,empathicschool_s28,combined,empathicschool
0,0.1650757,1.0,empathicschool_s28,combined,empathicschool
0,0.16507536,1.0,empathicschool_s28,combined,empathicschool
0,0.16507478,1.0,empathicschool_s28,combined,empathicschool
0,0.16507408,1.0,empathicschool_s28,combined,empathicschool
0,0.16507359,1.0,empathicschool_s28,combined,empathicschool
0,0.16507307,1.0,empathicschool_s28,combined,empathicschool
0,0.16507237,1.0,empathicschool_s28,combined,empathicschool
0,0.13218269,1.0,empathicschool_s28,combined,empathicschool
0,0.12213321,1.0,empathicschool_s28,combined,empathicschool
0,0.16507171,1.0,empathicschool_s28,combined,empathicschool
0,0.16507135,1.0,empathicschool_s28,combined,empathicschool
0,0.16507095,1.0,empathicschool_s28,combined,empathicschool
0,0.16507034,1.0,empathicschool_s28,combined,empathicschool
0,0.16506988,1.0,empathicschool_s28,combined,empathicschool
0,0.16506943,1.0,empathicschool_s28,combined,empathicschool
0,0.16506913,1.0,empathicschool_s28,combined,empathicschool
0,0.16506888,1.0,empathicschool_s28,combined,empathicschool
0,0.16506839,1.0,empathicschool_s28,combined,empathicschool
0,0.165068,1.0,empathicschool_s28,combined,empathicschool
0,0.12185028,1.0,empathicschool_s28,combined,empathicschool
0,0.1650676,1.0,empathicschool_s28,combined,empathicschool
0,0.16506694,1.0,empathicschool_s28,combined,empathicschool
0,0.16506654,1.0,empathicschool_s28,combined,empathicschool
0,0.1650661,1.0,empathicschool_s28,combined,empathicschool
0,0.16506578,1.0,empathicschool_s28,combined,empathicschool
0,0.16506529,1.0,empathicschool_s28,combined,empathicschool
0,0.16506468,1.0,empathicschool_s28,combined,empathicschool
0,0.16506419,1.0,empathicschool_s28,combined,empathicschool
0,0.16506378,1.0,empathicschool_s28,combined,empathicschool
0,0.16506341,1.0,empathicschool_s28,combined,empathicschool
0,0.12181323,1.0,empathicschool_s28,combined,empathicschool
0,0.16506304,1.0,empathicschool_s28,combined,empathicschool
0,0.16506243,1.0,empathicschool_s28,combined,empathicschool
0,0.16506194,1.0,empathicschool_s28,combined,empathicschool
0,0.16506161,1.0,empathicschool_s28,combined,empathicschool
0,0.16506116,1.0,empathicschool_s28,combined,empathicschool
0,0.1650606,1.0,empathicschool_s28,combined,empathicschool
0,0.16506022,1.0,empathicschool_s28,combined,empathicschool
0,0.16505998,1.0,empathicschool_s28,combined,empathicschool
0,0.16505954,1.0,empathicschool_s28,combined,empathicschool
0,0.1650589,1.0,empathicschool_s28,combined,empathicschool
0,0.12185361,1.0,empathicschool_s28,combined,empathicschool
0,0.16505843,1.0,empathicschool_s28,combined,empathicschool
0,0.16505814,1.0,empathicschool_s28,combined,empathicschool
0,0.1650577,1.0,empathicschool_s28,combined,empathicschool
0,0.16505711,1.0,empathicschool_s28,combined,empathicschool
0,0.16505663,1.0,empathicschool_s28,combined,empathicschool
0,0.1650563,1.0,empathicschool_s28,combined,empathicschool
0,0.16505592,1.0,empathicschool_s28,combined,empathicschool
0,0.16505538,1.0,empathicschool_s28,combined,empathicschool
0,0.1650549,1.0,empathicschool_s28,combined,empathicschool
0,0.16505447,1.0,empathicschool_s28,combined,empathicschool
0,0.12187469,1.0,empathicschool_s28,combined,empathicschool
0,0.1650541,1.0,empathicschool_s28,combined,empathicschool
0,0.16505362,1.0,empathicschool_s28,combined,empathicschool
0,0.16505305,1.0,empathicschool_s28,combined,empathicschool
0,0.16505285,1.0,empathicschool_s28,combined,empathicschool
0,0.16505247,1.0,empathicschool_s28,combined,empathicschool
0,0.16505216,1.0,empathicschool_s28,combined,empathicschool
0,0.16505183,1.0,empathicschool_s28,combined,empathicschool
0,0.16505155,1.0,empathicschool_s28,combined,empathicschool
0,0.16505128,1.0,empathicschool_s28,combined,empathicschool
0,0.1650508,1.0,empathicschool_s28,combined,empathicschool
0,0.12193955,1.0,empathicschool_s28,combined,empathicschool
0,0.16505036,1.0,empathicschool_s28,combined,empathicschool
0,0.1650502,1.0,empathicschool_s28,combined,empathicschool
0,0.16504979,1.0,empathicschool_s28,combined,empathicschool
0,0.16504928,1.0,empathicschool_s28,combined,empathicschool
0,0.16504881,1.0,empathicschool_s28,combined,empathicschool
0,0.16504845,1.0,empathicschool_s28,combined,empathicschool
0,0.16504823,1.0,empathicschool_s28,combined,empathicschool
0,0.1650479,1.0,empathicschool_s28,combined,empathicschool
0,0.16504745,1.0,empathicschool_s28,combined,empathicschool
0,0.16504714,1.0,empathicschool_s28,combined,empathicschool
0,0.12201204,1.0,empathicschool_s28,combined,empathicschool
0,0.1650468,1.0,empathicschool_s28,combined,empathicschool
0,0.16504657,1.0,empathicschool_s28,combined,empathicschool
0,0.16504627,1.0,empathicschool_s28,combined,empathicschool
0,0.16504577,1.0,empathicschool_s28,combined,empathicschool
0,0.16504537,1.0,empathicschool_s28,combined,empathicschool
0,0.16504456,1.0,empathicschool_s28,combined,empathicschool
0,0.16504385,1.0,empathicschool_s28,combined,empathicschool
0,0.16504364,1.0,empathicschool_s28,combined,empathicschool
0,0.16504362,1.0,empathicschool_s28,combined,empathicschool
0,0.16504392,1.0,empathicschool_s28,combined,empathicschool
0,0.12258265,1.0,empathicschool_s28,combined,empathicschool
0,0.16504431,1.0,empathicschool_s28,combined,empathicschool
0,0.16504407,1.0,empathicschool_s28,combined,empathicschool
0,0.16504394,1.0,empathicschool_s28,combined,empathicschool
0,0.16504371,1.0,empathicschool_s28,combined,empathicschool
0,0.16504325,1.0,empathicschool_s28,combined,empathicschool
0,0.16504282,1.0,empathicschool_s28,combined,empathicschool
0,0.16504258,1.0,empathicschool_s28,combined,empathicschool
0,0.16504236,1.0,empathicschool_s28,combined,empathicschool
0,0.16504197,1.0,empathicschool_s28,combined,empathicschool
0,0.1650415,1.0,empathicschool_s28,combined,empathicschool
0,0.12325934,1.0,empathicschool_s28,combined,empathicschool
0,0.16504128,1.0,empathicschool_s28,combined,empathicschool
0,0.165041,1.0,empathicschool_s28,combined,empathicschool
0,0.16504075,1.0,empathicschool_s28,combined,empathicschool
0,0.16504063,1.0,empathicschool_s28,combined,empathicschool
0,0.16504037,1.0,empathicschool_s28,combined,empathicschool
0,0.16503997,1.0,empathicschool_s28,combined,empathicschool
0,0.16503955,1.0,empathicschool_s28,combined,empathicschool
0,0.16503938,1.0,empathicschool_s28,combined,empathicschool
0,0.16503917,1.0,empathicschool_s28,combined,empathicschool
0,0.16503887,1.0,empathicschool_s28,combined,empathicschool
0,0.12257932,1.0,empathicschool_s28,combined,empathicschool
0,0.16503856,1.0,empathicschool_s28,combined,empathicschool
0,0.1650381,1.0,empathicschool_s28,combined,empathicschool
0,0.16503775,1.0,empathicschool_s28,combined,empathicschool
0,0.16503786,1.0,empathicschool_s28,combined,empathicschool
0,0.16503751,1.0,empathicschool_s28,combined,empathicschool
0,0.16503695,1.0,empathicschool_s28,combined,empathicschool
0,0.16503677,1.0,empathicschool_s28,combined,empathicschool
0,0.16503726,1.0,empathicschool_s28,combined,empathicschool
0,0.16503826,1.0,empathicschool_s28,combined,empathicschool
0,0.16503848,1.0,empathicschool_s28,combined,empathicschool
0,0.13134249,1.0,empathicschool_s28,combined,empathicschool
0,0.12189024,1.0,empathicschool_s28,combined,empathicschool
0,0.16503838,1.0,empathicschool_s28,combined,empathicschool
0,0.16503756,1.0,empathicschool_s28,combined,empathicschool
0,0.16503732,1.0,empathicschool_s28,combined,empathicschool
0,0.16503723,1.0,empathicschool_s28,combined,empathicschool
0,0.16503693,1.0,empathicschool_s28,combined,empathicschool
0,0.16503762,1.0,empathicschool_s28,combined,empathicschool
0,0.16503805,1.0,empathicschool_s28,combined,empathicschool
0,0.16503815,1.0,empathicschool_s28,combined,empathicschool
0,0.16503772,1.0,empathicschool_s28,combined,empathicschool
0,0.16503736,1.0,empathicschool_s28,combined,empathicschool
0,0.121887565,1.0,empathicschool_s28,combined,empathicschool
0,0.16503754,1.0,empathicschool_s28,combined,empathicschool
0,0.16503751,1.0,empathicschool_s28,combined,empathicschool
0,0.1650374,1.0,empathicschool_s28,combined,empathicschool
0,0.16503705,1.0,empathicschool_s28,combined,empathicschool
0,0.1650367,1.0,empathicschool_s28,combined,empathicschool
0,0.16503632,1.0,empathicschool_s28,combined,empathicschool
0,0.16503593,1.0,empathicschool_s28,combined,empathicschool
0,0.1650358,1.0,empathicschool_s28,combined,empathicschool
0,0.1650356,1.0,empathicschool_s28,combined,empathicschool
0,0.16503519,1.0,empathicschool_s28,combined,empathicschool
0,0.12204629,1.0,empathicschool_s28,combined,empathicschool
0,0.16503546,1.0,empathicschool_s28,combined,empathicschool
0,0.16503555,1.0,empathicschool_s28,combined,empathicschool
0,0.16503535,1.0,empathicschool_s28,combined,empathicschool
0,0.16503502,1.0,empathicschool_s28,combined,empathicschool
0,0.16503495,1.0,empathicschool_s28,combined,empathicschool
0,0.16503522,1.0,empathicschool_s28,combined,empathicschool
0,0.16503532,1.0,empathicschool_s28,combined,empathicschool
0,0.16503513,1.0,empathicschool_s28,combined,empathicschool
0,0.16503502,1.0,empathicschool_s28,combined,empathicschool
0,0.16503502,1.0,empathicschool_s28,combined,empathicschool
0,0.122024894,1.0,empathicschool_s28,combined,empathicschool
0,0.16503535,1.0,empathicschool_s28,combined,empathicschool
0,0.16503541,1.0,empathicschool_s28,combined,empathicschool
0,0.16503535,1.0,empathicschool_s28,combined,empathicschool
0,0.16503541,1.0,empathicschool_s28,combined,empathicschool
0,0.1650351,1.0,empathicschool_s28,combined,empathicschool
0,0.16503462,1.0,empathicschool_s28,combined,empathicschool
0,0.16503428,1.0,empathicschool_s28,combined,empathicschool
0,0.1650337,1.0,empathicschool_s28,combined,empathicschool
0,0.16503313,1.0,empathicschool_s28,combined,empathicschool
0,0.16503303,1.0,empathicschool_s28,combined,empathicschool
0,0.122683704,1.0,empathicschool_s28,combined,empathicschool
0,0.16503344,1.0,empathicschool_s28,combined,empathicschool
0,0.16503291,1.0,empathicschool_s28,combined,empathicschool
0,0.16503195,1.0,empathicschool_s28,combined,empathicschool
0,0.16503179,1.0,empathicschool_s28,combined,empathicschool
0,0.16503161,1.0,empathicschool_s28,combined,empathicschool
0,0.16503157,1.0,empathicschool_s28,combined,empathicschool
0,0.16503161,1.0,empathicschool_s28,combined,empathicschool
0,0.16503143,1.0,empathicschool_s28,combined,empathicschool
0,0.1650311,1.0,empathicschool_s28,combined,empathicschool
0,0.16503057,1.0,empathicschool_s28,combined,empathicschool
0,0.12316542,1.0,empathicschool_s28,combined,empathicschool
0,0.16503036,1.0,empathicschool_s28,combined,empathicschool
0,0.1650303,1.0,empathicschool_s28,combined,empathicschool
0,0.16503003,1.0,empathicschool_s28,combined,empathicschool
0,0.16503002,1.0,empathicschool_s28,combined,empathicschool
0,0.16503038,1.0,empathicschool_s28,combined,empathicschool
0,0.16503075,1.0,empathicschool_s28,combined,empathicschool
0,0.16503079,1.0,empathicschool_s28,combined,empathicschool
0,0.16503079,1.0,empathicschool_s28,combined,empathicschool
0,0.16503057,1.0,empathicschool_s28,combined,empathicschool
0,0.16502997,1.0,empathicschool_s28,combined,empathicschool
0,0.122418396,1.0,empathicschool_s28,combined,empathicschool
0,0.1650294,1.0,empathicschool_s28,combined,empathicschool
0,0.1650293,1.0,empathicschool_s28,combined,empathicschool
0,0.16502902,1.0,empathicschool_s28,combined,empathicschool
0,0.165029,1.0,empathicschool_s28,combined,empathicschool
0,0.1650291,1.0,empathicschool_s28,combined,empathicschool
0,0.1650292,1.0,empathicschool_s28,combined,empathicschool
0,0.16502877,1.0,empathicschool_s28,combined,empathicschool
0,0.16502838,1.0,empathicschool_s28,combined,empathicschool
0,0.1650283,1.0,empathicschool_s28,combined,empathicschool
0,0.16502765,1.0,empathicschool_s28,combined,empathicschool
0,0.12124023,1.0,empathicschool_s28,combined,empathicschool
0,0.16502675,1.0,empathicschool_s28,combined,empathicschool
0,0.16502695,1.0,empathicschool_s28,combined,empathicschool
0,0.16502777,1.0,empathicschool_s28,combined,empathicschool
0,0.1650273,1.0,empathicschool_s28,combined,empathicschool
0,0.1650265,1.0,empathicschool_s28,combined,empathicschool
0,0.16502638,1.0,empathicschool_s28,combined,empathicschool
0,0.16502617,1.0,empathicschool_s28,combined,empathicschool
0,0.16502582,1.0,empathicschool_s28,combined,empathicschool
0,0.16502573,1.0,empathicschool_s28,combined,empathicschool
0,0.16502582,1.0,empathicschool_s28,combined,empathicschool
0,0.12375222,1.0,empathicschool_s28,combined,empathicschool
0,0.16502617,1.0,empathicschool_s28,combined,empathicschool
0,0.16502659,1.0,empathicschool_s28,combined,empathicschool
0,0.16502693,1.0,empathicschool_s28,combined,empathicschool
0,0.16502672,1.0,empathicschool_s28,combined,empathicschool
0,0.1650263,1.0,empathicschool_s28,combined,empathicschool
0,0.16502602,1.0,empathicschool_s28,combined,empathicschool
0,0.16502617,1.0,empathicschool_s28,combined,empathicschool
0,0.165026,1.0,empathicschool_s28,combined,empathicschool
0,0.1650256,1.0,empathicschool_s28,combined,empathicschool
0,0.16502549,1.0,empathicschool_s28,combined,empathicschool
0,0.12687114,1.0,empathicschool_s28,combined,empathicschool
0,0.1650254,1.0,empathicschool_s28,combined,empathicschool
0,0.16502675,1.0,empathicschool_s28,combined,empathicschool
0,0.16503063,1.0,empathicschool_s28,combined,empathicschool
0,0.16503191,1.0,empathicschool_s28,combined,empathicschool
0,0.16503154,1.0,empathicschool_s28,combined,empathicschool
0,0.16503114,1.0,empathicschool_s28,combined,empathicschool
0,0.16503091,1.0,empathicschool_s28,combined,empathicschool
0,0.1650307,1.0,empathicschool_s28,combined,empathicschool
0,0.16503038,1.0,empathicschool_s28,combined,empathicschool
0,0.16503005,1.0,empathicschool_s28,combined,empathicschool
0,0.12935562,1.0,empathicschool_s28,combined,empathicschool
0,0.12732129,1.0,empathicschool_s28,combined,empathicschool
0,0.1650297,1.0,empathicschool_s28,combined,empathicschool
0,0.16502954,1.0,empathicschool_s28,combined,empathicschool
0,0.16502935,1.0,empathicschool_s28,combined,empathicschool
0,0.16502911,1.0,empathicschool_s28,combined,empathicschool
0,0.1650289,1.0,empathicschool_s28,combined,empathicschool
0,0.1650287,1.0,empathicschool_s28,combined,empathicschool
0,0.16502853,1.0,empathicschool_s28,combined,empathicschool
0,0.16502823,1.0,empathicschool_s28,combined,empathicschool
0,0.16502811,1.0,empathicschool_s28,combined,empathicschool
0,0.16502795,1.0,empathicschool_s28,combined,empathicschool
0,0.12758085,1.0,empathicschool_s28,combined,empathicschool
0,0.16502775,1.0,empathicschool_s28,combined,empathicschool
0,0.16502757,1.0,empathicschool_s28,combined,empathicschool
0,0.16502717,1.0,empathicschool_s28,combined,empathicschool
0,0.16502713,1.0,empathicschool_s28,combined,empathicschool
0,0.16502705,1.0,empathicschool_s28,combined,empathicschool
0,0.16502689,1.0,empathicschool_s28,combined,empathicschool
0,0.16502576,1.0,empathicschool_s28,combined,empathicschool
0,0.16502476,1.0,empathicschool_s28,combined,empathicschool
0,0.16502523,1.0,empathicschool_s28,combined,empathicschool
0,0.16502567,1.0,empathicschool_s28,combined,empathicschool
0,0.1279607,1.0,empathicschool_s28,combined,empathicschool
0,0.16502579,1.0,empathicschool_s28,combined,empathicschool
0,0.16502579,1.0,empathicschool_s28,combined,empathicschool
0,0.16502573,1.0,empathicschool_s28,combined,empathicschool
0,0.16502564,1.0,empathicschool_s28,combined,empathicschool
0,0.16502552,1.0,empathicschool_s28,combined,empathicschool
0,0.16502525,1.0,empathicschool_s28,combined,empathicschool
0,0.16502501,1.0,empathicschool_s28,combined,empathicschool
0,0.16502473,1.0,empathicschool_s28,combined,empathicschool
0,0.16502452,1.0,empathicschool_s28,combined,empathicschool
0,0.16502444,1.0,empathicschool_s28,combined,empathicschool
0,0.12804678,1.0,empathicschool_s28,combined,empathicschool
0,0.16502422,1.0,empathicschool_s28,combined,empathicschool
0,0.16502391,1.0,empathicschool_s28,combined,empathicschool
0,0.16502367,1.0,empathicschool_s28,combined,empathicschool
0,0.16502357,1.0,empathicschool_s28,combined,empathicschool
0,0.16502345,1.0,empathicschool_s28,combined,empathicschool
0,0.1650233,1.0,empathicschool_s28,combined,empathicschool
0,0.16502315,1.0,empathicschool_s28,combined,empathicschool
0,0.16502298,1.0,empathicschool_s28,combined,empathicschool
0,0.16502282,1.0,empathicschool_s28,combined,empathicschool
0,0.16502294,1.0,empathicschool_s28,combined,empathicschool
0,0.1275972,1.0,empathicschool_s28,combined,empathicschool
0,0.1650231,1.0,empathicschool_s28,combined,empathicschool
0,0.16502237,1.0,empathicschool_s28,combined,empathicschool
0,0.1650223,1.0,empathicschool_s28,combined,empathicschool
0,0.16502233,1.0,empathicschool_s28,combined,empathicschool
0,0.1650222,1.0,empathicschool_s28,combined,empathicschool
0,0.1650218,1.0,empathicschool_s28,combined,empathicschool
0,0.16502124,1.0,empathicschool_s28,combined,empathicschool
0,0.16502143,1.0,empathicschool_s28,combined,empathicschool
0,0.16502157,1.0,empathicschool_s28,combined,empathicschool
0,0.16502108,1.0,empathicschool_s28,combined,empathicschool
0,0.12733535,1.0,empathicschool_s28,combined,empathicschool
0,0.16502093,1.0,empathicschool_s28,combined,empathicschool
0,0.1650213,1.0,empathicschool_s28,combined,empathicschool
0,0.16502164,1.0,empathicschool_s28,combined,empathicschool
0,0.1650218,1.0,empathicschool_s28,combined,empathicschool
0,0.1650224,1.0,empathicschool_s28,combined,empathicschool
0,0.16502286,1.0,empathicschool_s28,combined,empathicschool
0,0.16502279,1.0,empathicschool_s28,combined,empathicschool
0,0.16502243,1.0,empathicschool_s28,combined,empathicschool
0,0.1650222,1.0,empathicschool_s28,combined,empathicschool
0,0.16502202,1.0,empathicschool_s28,combined,empathicschool
0,0.12773725,1.0,empathicschool_s28,combined,empathicschool
0,0.16502164,1.0,empathicschool_s28,combined,empathicschool
0,0.16502139,1.0,empathicschool_s28,combined,empathicschool
0,0.16502137,1.0,empathicschool_s28,combined,empathicschool
0,0.16502124,1.0,empathicschool_s28,combined,empathicschool
0,0.16502108,1.0,empathicschool_s28,combined,empathicschool
0,0.16502106,1.0,empathicschool_s28,combined,empathicschool
0,0.16502078,1.0,empathicschool_s28,combined,empathicschool
0,0.16502064,1.0,empathicschool_s28,combined,empathicschool
0,0.1650204,1.0,empathicschool_s28,combined,empathicschool
0,0.16502017,1.0,empathicschool_s28,combined,empathicschool
0,0.12845758,1.0,empathicschool_s28,combined,empathicschool
0,0.16502,1.0,empathicschool_s28,combined,empathicschool
0,0.16501978,1.0,empathicschool_s28,combined,empathicschool
0,0.16501974,1.0,empathicschool_s28,combined,empathicschool
0,0.1650197,1.0,empathicschool_s28,combined,empathicschool
0,0.16501977,1.0,empathicschool_s28,combined,empathicschool
0,0.16501993,1.0,empathicschool_s28,combined,empathicschool
0,0.16501981,1.0,empathicschool_s28,combined,empathicschool
0,0.16501951,1.0,empathicschool_s28,combined,empathicschool
0,0.16501932,1.0,empathicschool_s28,combined,empathicschool
0,0.16501907,1.0,empathicschool_s28,combined,empathicschool
0,0.12848176,1.0,empathicschool_s28,combined,empathicschool
0,0.16501895,1.0,empathicschool_s28,combined,empathicschool
0,0.16501896,1.0,empathicschool_s28,combined,empathicschool
0,0.16501884,1.0,empathicschool_s28,combined,empathicschool
0,0.16501857,1.0,empathicschool_s28,combined,empathicschool
0,0.16501842,1.0,empathicschool_s28,combined,empathicschool
0,0.1650183,1.0,empathicschool_s28,combined,empathicschool
0,0.16501814,1.0,empathicschool_s28,combined,empathicschool
0,0.16501777,1.0,empathicschool_s28,combined,empathicschool
0,0.16501717,1.0,empathicschool_s28,combined,empathicschool
0,0.1650172,1.0,empathicschool_s28,combined,empathicschool
0,0.1282916,1.0,empathicschool_s28,combined,empathicschool
0,0.16501741,1.0,empathicschool_s28,combined,empathicschool
0,0.1650174,1.0,empathicschool_s28,combined,empathicschool
0,0.16501765,1.0,empathicschool_s28,combined,empathicschool
0,0.16501784,1.0,empathicschool_s28,combined,empathicschool
0,0.16501774,1.0,empathicschool_s28,combined,empathicschool
0,0.16501759,1.0,empathicschool_s28,combined,empathicschool
0,0.16501756,1.0,empathicschool_s28,combined,empathicschool
0,0.16501741,1.0,empathicschool_s28,combined,empathicschool
0,0.16501737,1.0,empathicschool_s28,combined,empathicschool
0,0.16501729,1.0,empathicschool_s28,combined,empathicschool
0,0.12652276,1.0,empathicschool_s28,combined,empathicschool
0,0.12808602,1.0,empathicschool_s28,combined,empathicschool
0,0.16501741,1.0,empathicschool_s28,combined,empathicschool
0,0.16501783,1.0,empathicschool_s28,combined,empathicschool
0,0.16501777,1.0,empathicschool_s28,combined,empathicschool
0,0.16501728,1.0,empathicschool_s28,combined,empathicschool
0,0.1650172,1.0,empathicschool_s28,combined,empathicschool
0,0.16501698,1.0,empathicschool_s28,combined,empathicschool
0,0.1650165,1.0,empathicschool_s28,combined,empathicschool
0,0.16501619,1.0,empathicschool_s28,combined,empathicschool
0,0.16501614,1.0,empathicschool_s28,combined,empathicschool
0,0.16501583,1.0,empathicschool_s28,combined,empathicschool
0,0.12699881,1.0,empathicschool_s28,combined,empathicschool
0,0.16501556,1.0,empathicschool_s28,combined,empathicschool
0,0.1650155,1.0,empathicschool_s28,combined,empathicschool
0,0.16501535,1.0,empathicschool_s28,combined,empathicschool
0,0.16501525,1.0,empathicschool_s28,combined,empathicschool
0,0.16501498,1.0,empathicschool_s28,combined,empathicschool
0,0.16501468,1.0,empathicschool_s28,combined,empathicschool
0,0.16501456,1.0,empathicschool_s28,combined,empathicschool
0,0.16501442,1.0,empathicschool_s28,combined,empathicschool
0,0.16501483,1.0,empathicschool_s28,combined,empathicschool
0,0.16501467,1.0,empathicschool_s28,combined,empathicschool
0,0.122056305,1.0,empathicschool_s28,combined,empathicschool
0,0.16501373,1.0,empathicschool_s28,combined,empathicschool
0,0.16501364,1.0,empathicschool_s28,combined,empathicschool
0,0.16501349,1.0,empathicschool_s28,combined,empathicschool
0,0.16501339,1.0,empathicschool_s28,combined,empathicschool
0,0.16501315,1.0,empathicschool_s28,combined,empathicschool
0,0.16501306,1.0,empathicschool_s28,combined,empathicschool
0,0.16501293,1.0,empathicschool_s28,combined,empathicschool
0,0.1650128,1.0,empathicschool_s28,combined,empathicschool
0,0.16501267,1.0,empathicschool_s28,combined,empathicschool
0,0.16501263,1.0,empathicschool_s28,combined,empathicschool
0,0.115997486,1.0,empathicschool_s28,combined,empathicschool
0,0.16501254,1.0,empathicschool_s28,combined,empathicschool
0,0.16501233,1.0,empathicschool_s28,combined,empathicschool
0,0.16501203,1.0,empathicschool_s28,combined,empathicschool
0,0.16501194,1.0,empathicschool_s28,combined,empathicschool
0,0.16501203,1.0,empathicschool_s28,combined,empathicschool
0,0.16501193,1.0,empathicschool_s28,combined,empathicschool
0,0.16501161,1.0,empathicschool_s28,combined,empathicschool
0,0.1650116,1.0,empathicschool_s28,combined,empathicschool
0,0.16501166,1.0,empathicschool_s28,combined,empathicschool
0,0.16501187,1.0,empathicschool_s28,combined,empathicschool
0,0.115087345,1.0,empathicschool_s28,combined,empathicschool
0,0.16501182,1.0,empathicschool_s28,combined,empathicschool
0,0.16501181,1.0,empathicschool_s28,combined,empathicschool
0,0.16501172,1.0,empathicschool_s28,combined,empathicschool
0,0.16501147,1.0,empathicschool_s28,combined,empathicschool
0,0.16501133,1.0,empathicschool_s28,combined,empathicschool
0,0.16501121,1.0,empathicschool_s28,combined,empathicschool
0,0.1650111,1.0,empathicschool_s28,combined,empathicschool
0,0.1650111,1.0,empathicschool_s28,combined,empathicschool
0,0.16501097,1.0,empathicschool_s28,combined,empathicschool
0,0.16501066,1.0,empathicschool_s28,combined,empathicschool
0,0.11477752,1.0,empathicschool_s28,combined,empathicschool
0,0.16501065,1.0,empathicschool_s28,combined,empathicschool
0,0.1650109,1.0,empathicschool_s28,combined,empathicschool
0,0.1650115,1.0,empathicschool_s28,combined,empathicschool
0,0.1650116,1.0,empathicschool_s28,combined,empathicschool
0,0.16501169,1.0,empathicschool_s28,combined,empathicschool
0,0.16501181,1.0,empathicschool_s28,combined,empathicschool
0,0.16501172,1.0,empathicschool_s28,combined,empathicschool
0,0.16501176,1.0,empathicschool_s28,combined,empathicschool
0,0.16501187,1.0,empathicschool_s28,combined,empathicschool
0,0.16501202,1.0,empathicschool_s28,combined,empathicschool
0,0.1138924,1.0,empathicschool_s28,combined,empathicschool
0,0.165012,1.0,empathicschool_s28,combined,empathicschool
0,0.16501229,1.0,empathicschool_s28,combined,empathicschool
0,0.16501282,1.0,empathicschool_s28,combined,empathicschool
0,0.16501243,1.0,empathicschool_s28,combined,empathicschool
0,0.16501193,1.0,empathicschool_s28,combined,empathicschool
0,0.16501246,1.0,empathicschool_s28,combined,empathicschool
0,0.16501276,1.0,empathicschool_s28,combined,empathicschool
0,0.16501303,1.0,empathicschool_s28,combined,empathicschool
0,0.16501315,1.0,empathicschool_s28,combined,empathicschool
0,0.16501313,1.0,empathicschool_s28,combined,empathicschool
0,0.11504441,1.0,empathicschool_s28,combined,empathicschool
0,0.16501288,1.0,empathicschool_s28,combined,empathicschool
0,0.16501214,1.0,empathicschool_s28,combined,empathicschool
0,0.16501197,1.0,empathicschool_s28,combined,empathicschool
0,0.16501243,1.0,empathicschool_s28,combined,empathicschool
0,0.1650128,1.0,empathicschool_s28,combined,empathicschool
0,0.16501294,1.0,empathicschool_s28,combined,empathicschool
0,0.16501287,1.0,empathicschool_s28,combined,empathicschool
0,0.16501276,1.0,empathicschool_s28,combined,empathicschool
0,0.16501269,1.0,empathicschool_s28,combined,empathicschool
0,0.16501269,1.0,empathicschool_s28,combined,empathicschool
0,0.11817762,1.0,empathicschool_s28,combined,empathicschool
0,0.16501266,1.0,empathicschool_s28,combined,empathicschool
0,0.16501263,1.0,empathicschool_s28,combined,empathicschool
0,0.16501263,1.0,empathicschool_s28,combined,empathicschool
0,0.16501233,1.0,empathicschool_s28,combined,empathicschool
0,0.16501181,1.0,empathicschool_s28,combined,empathicschool
0,0.16501176,1.0,empathicschool_s28,combined,empathicschool
0,0.16501193,1.0,empathicschool_s28,combined,empathicschool
0,0.16501181,1.0,empathicschool_s28,combined,empathicschool
0,0.16501169,1.0,empathicschool_s28,combined,empathicschool
0,0.16501215,1.0,empathicschool_s28,combined,empathicschool
0,0.11618082,1.0,empathicschool_s28,combined,empathicschool
0,0.16501194,1.0,empathicschool_s28,combined,empathicschool
0,0.16501129,1.0,empathicschool_s28,combined,empathicschool
0,0.16501117,1.0,empathicschool_s28,combined,empathicschool
0,0.1650111,1.0,empathicschool_s28,combined,empathicschool
0,0.16501075,1.0,empathicschool_s28,combined,empathicschool
0,0.16501082,1.0,empathicschool_s28,combined,empathicschool
0,0.1650116,1.0,empathicschool_s28,combined,empathicschool
0,0.16501202,1.0,empathicschool_s28,combined,empathicschool
0,0.16501176,1.0,empathicschool_s28,combined,empathicschool
0,0.16501139,1.0,empathicschool_s28,combined,empathicschool
0,0.123525195,1.0,empathicschool_s28,combined,empathicschool
0,0.115033865,1.0,empathicschool_s28,combined,empathicschool
0,0.16501142,1.0,empathicschool_s28,combined,empathicschool
0,0.16501166,1.0,empathicschool_s28,combined,empathicschool
0,0.16501155,1.0,empathicschool_s28,combined,empathicschool
0,0.16501139,1.0,empathicschool_s28,combined,empathicschool
0,0.16501127,1.0,empathicschool_s28,combined,empathicschool
0,0.16501087,1.0,empathicschool_s28,combined,empathicschool
0,0.16501053,1.0,empathicschool_s28,combined,empathicschool
0,0.16501038,1.0,empathicschool_s28,combined,empathicschool
0,0.16501035,1.0,empathicschool_s28,combined,empathicschool
0,0.16501012,1.0,empathicschool_s28,combined,empathicschool
0,0.121727355,1.0,empathicschool_s28,combined,empathicschool
0,0.16500966,1.0,empathicschool_s28,combined,empathicschool
0,0.16500933,1.0,empathicschool_s28,combined,empathicschool
0,0.12365128,1.0,empathicschool_s28,combined,empathicschool
0,0.1236201,1.0,empathicschool_s28,combined,empathicschool
0,0.1235937,1.0,empathicschool_s28,combined,empathicschool
0,0.123431034,1.0,empathicschool_s28,combined,empathicschool
0,0.12324225,1.0,empathicschool_s28,combined,empathicschool
0,0.123241924,1.0,empathicschool_s28,combined,empathicschool
0,0.123227544,1.0,empathicschool_s28,combined,empathicschool
0,0.12309922,1.0,empathicschool_s28,combined,empathicschool
0,0.124057315,1.0,empathicschool_s28,combined,empathicschool
0,0.12297768,1.0,empathicschool_s28,combined,empathicschool
0,0.12307558,1.0,empathicschool_s28,combined,empathicschool
0,0.12315199,1.0,empathicschool_s28,combined,empathicschool
0,0.123061635,1.0,empathicschool_s28,combined,empathicschool
0,0.12295206,1.0,empathicschool_s28,combined,empathicschool
0,0.12294772,1.0,empathicschool_s28,combined,empathicschool
0,0.12283517,1.0,empathicschool_s28,combined,empathicschool
0,0.122658476,1.0,empathicschool_s28,combined,empathicschool
0,0.12258396,1.0,empathicschool_s28,combined,empathicschool
0,0.122573644,1.0,empathicschool_s28,combined,empathicschool
0,0.12066144,1.0,empathicschool_s28,combined,empathicschool
0,0.12037254,1.0,empathicschool_s28,combined,empathicschool
0,0.0008951857,1.0,empathicschool_s28,combined,empathicschool
0,0.00046090942,1.0,empathicschool_s28,combined,empathicschool
0,0.11791674,1.0,empathicschool_s28,combined,empathicschool
0,0.117858015,1.0,empathicschool_s28,combined,empathicschool
0,0.11785914,1.0,empathicschool_s28,combined,empathicschool
0,0.117778875,1.0,empathicschool_s28,combined,empathicschool
0,0.117650874,1.0,empathicschool_s28,combined,empathicschool
0,0.11788256,1.0,empathicschool_s28,combined,empathicschool
0,0.11778731,1.0,empathicschool_s28,combined,empathicschool
0,0.11772404,1.0,empathicschool_s28,combined,empathicschool
0,0.117932856,1.0,empathicschool_s28,combined,empathicschool
0,0.117912725,1.0,empathicschool_s28,combined,empathicschool
0,0.0008290968,1.0,empathicschool_s28,combined,empathicschool
0,0.11789861,1.0,empathicschool_s28,combined,empathicschool
0,0.11810232,1.0,empathicschool_s28,combined,empathicschool
0,0.11795448,1.0,empathicschool_s28,combined,empathicschool
0,0.11789472,1.0,empathicschool_s28,combined,empathicschool
0,0.11839766,1.0,empathicschool_s28,combined,empathicschool
0,0.118165195,1.0,empathicschool_s28,combined,empathicschool
0,0.11802626,1.0,empathicschool_s28,combined,empathicschool
0,0.11811127,1.0,empathicschool_s28,combined,empathicschool
0,0.117953986,1.0,empathicschool_s28,combined,empathicschool
0,0.117715396,1.0,empathicschool_s28,combined,empathicschool
0,0.0011932163,1.0,empathicschool_s28,combined,empathicschool
0,0.117357984,1.0,empathicschool_s28,combined,empathicschool
0,0.11897252,1.0,empathicschool_s28,combined,empathicschool
0,0.12051474,1.0,empathicschool_s28,combined,empathicschool
0,0.12071757,1.0,empathicschool_s28,combined,empathicschool
0,0.12106487,1.0,empathicschool_s28,combined,empathicschool
0,0.12054414,1.0,empathicschool_s28,combined,empathicschool
0,0.11886268,1.0,empathicschool_s28,combined,empathicschool
0,0.11877567,1.0,empathicschool_s28,combined,empathicschool
0,0.1185891,1.0,empathicschool_s28,combined,empathicschool
0,0.11795892,1.0,empathicschool_s28,combined,empathicschool
0,0.000704643,1.0,empathicschool_s28,combined,empathicschool
0,0.11811781,1.0,empathicschool_s28,combined,empathicschool
0,0.118575245,1.0,empathicschool_s28,combined,empathicschool
0,0.11888584,1.0,empathicschool_s28,combined,empathicschool
0,0.11850055,1.0,empathicschool_s28,combined,empathicschool
0,0.11819875,1.0,empathicschool_s28,combined,empathicschool
0,0.118281074,1.0,empathicschool_s28,combined,empathicschool
0,0.11816281,1.0,empathicschool_s28,combined,empathicschool
0,0.1181112,1.0,empathicschool_s28,combined,empathicschool
0,0.117641255,1.0,empathicschool_s28,combined,empathicschool
0,0.11758554,1.0,empathicschool_s28,combined,empathicschool
0,0.0005071928,1.0,empathicschool_s28,combined,empathicschool
0,0.118047215,1.0,empathicschool_s28,combined,empathicschool
0,0.11803026,1.0,empathicschool_s28,combined,empathicschool
0,0.11728891,1.0,empathicschool_s28,combined,empathicschool
0,0.116655976,1.0,empathicschool_s28,combined,empathicschool
0,0.11688238,1.0,empathicschool_s28,combined,empathicschool
0,0.11749633,1.0,empathicschool_s28,combined,empathicschool
0,0.11758508,1.0,empathicschool_s28,combined,empathicschool
0,0.11745287,1.0,empathicschool_s28,combined,empathicschool
0,0.11738443,1.0,empathicschool_s28,combined,empathicschool
0,0.11711999,1.0,empathicschool_s28,combined,empathicschool
0,0.00049704354,1.0,empathicschool_s28,combined,empathicschool
0,0.11687619,1.0,empathicschool_s28,combined,empathicschool
0,0.11679317,1.0,empathicschool_s28,combined,empathicschool
0,0.11679305,1.0,empathicschool_s28,combined,empathicschool
0,0.11679308,1.0,empathicschool_s28,combined,empathicschool
0,0.11678334,1.0,empathicschool_s28,combined,empathicschool
0,0.11664297,1.0,empathicschool_s28,combined,empathicschool
0,0.1166692,1.0,empathicschool_s28,combined,empathicschool
0,0.11679308,1.0,empathicschool_s28,combined,empathicschool
0,0.116752185,1.0,empathicschool_s28,combined,empathicschool
0,0.116586156,1.0,empathicschool_s28,combined,empathicschool
0,0.00048865203,1.0,empathicschool_s28,combined,empathicschool
0,0.11649597,1.0,empathicschool_s28,combined,empathicschool
0,0.11651988,1.0,empathicschool_s28,combined,empathicschool
0,0.1165058,1.0,empathicschool_s28,combined,empathicschool
0,0.116491064,1.0,empathicschool_s28,combined,empathicschool
0,0.11649083,1.0,empathicschool_s28,combined,empathicschool
0,0.11649022,1.0,empathicschool_s28,combined,empathicschool
0,0.11649042,1.0,empathicschool_s28,combined,empathicschool
0,0.11649039,1.0,empathicschool_s28,combined,empathicschool
0,0.116490334,1.0,empathicschool_s28,combined,empathicschool
0,0.11649039,1.0,empathicschool_s28,combined,empathicschool
0,0.0004937259,1.0,empathicschool_s28,combined,empathicschool
0,0.11649042,1.0,empathicschool_s28,combined,empathicschool
0,0.11649036,1.0,empathicschool_s28,combined,empathicschool
0,0.116490334,1.0,empathicschool_s28,combined,empathicschool
0,0.116490334,1.0,empathicschool_s28,combined,empathicschool
0,0.116490334,1.0,empathicschool_s28,combined,empathicschool
0,0.11649042,1.0,empathicschool_s28,combined,empathicschool
0,0.116490304,1.0,empathicschool_s28,combined,empathicschool
0,0.1164902,1.0,empathicschool_s28,combined,empathicschool
0,0.11649039,1.0,empathicschool_s28,combined,empathicschool
0,0.11649039,1.0,empathicschool_s28,combined,empathicschool
0,0.0005128796,1.0,empathicschool_s28,combined,empathicschool
0,0.116467014,1.0,empathicschool_s28,combined,empathicschool
0,0.11630163,1.0,empathicschool_s28,combined,empathicschool
0,0.11618953,1.0,empathicschool_s28,combined,empathicschool
0,0.11626164,1.0,empathicschool_s28,combined,empathicschool
0,0.116504915,1.0,empathicschool_s28,combined,empathicschool
0,0.11646791,1.0,empathicschool_s28,combined,empathicschool
0,0.1162275,1.0,empathicschool_s28,combined,empathicschool
0,0.11669076,1.0,empathicschool_s28,combined,empathicschool
0,0.116683535,1.0,empathicschool_s28,combined,empathicschool
0,0.11672158,1.0,empathicschool_s28,combined,empathicschool
0,0.0005151164,1.0,empathicschool_s28,combined,empathicschool
0,0.11703687,1.0,empathicschool_s28,combined,empathicschool
0,0.116954304,1.0,empathicschool_s28,combined,empathicschool
0,0.1168929,1.0,empathicschool_s28,combined,empathicschool
0,0.11689299,1.0,empathicschool_s28,combined,empathicschool
0,0.116828695,1.0,empathicschool_s28,combined,empathicschool
0,0.116827175,1.0,empathicschool_s28,combined,empathicschool
0,0.11689267,1.0,empathicschool_s28,combined,empathicschool
0,0.11697104,1.0,empathicschool_s28,combined,empathicschool
0,0.11698584,1.0,empathicschool_s28,combined,empathicschool
0,0.11697944,1.0,empathicschool_s28,combined,empathicschool
0,0.0006746581,1.0,empathicschool_s28,combined,empathicschool
0,0.0005175531,1.0,empathicschool_s28,combined,empathicschool
0,0.116974674,1.0,empathicschool_s28,combined,empathicschool
0,0.11689283,1.0,empathicschool_s28,combined,empathicschool
0,0.1168929,1.0,empathicschool_s28,combined,empathicschool
0,0.116902165,1.0,empathicschool_s28,combined,empathicschool
0,0.117235206,1.0,empathicschool_s28,combined,empathicschool
0,0.11685758,1.0,empathicschool_s28,combined,empathicschool
0,0.11654108,1.0,empathicschool_s28,combined,empathicschool
0,0.11691335,1.0,empathicschool_s28,combined,empathicschool
0,0.11693782,1.0,empathicschool_s28,combined,empathicschool
0,0.117050506,1.0,empathicschool_s28,combined,empathicschool
0,0.000616712,1.0,empathicschool_s28,combined,empathicschool
0,0.116976306,1.0,empathicschool_s28,combined,empathicschool
0,0.11698943,1.0,empathicschool_s28,combined,empathicschool
0,0.11719197,1.0,empathicschool_s28,combined,empathicschool
0,0.11708951,1.0,empathicschool_s28,combined,empathicschool
0,0.11691,1.0,empathicschool_s28,combined,empathicschool
0,0.11690237,1.0,empathicschool_s28,combined,empathicschool
0,0.11698051,1.0,empathicschool_s28,combined,empathicschool
0,0.11694466,1.0,empathicschool_s28,combined,empathicschool
0,0.11690277,1.0,empathicschool_s28,combined,empathicschool
0,0.11690197,1.0,empathicschool_s28,combined,empathicschool
0,0.00092524115,1.0,empathicschool_s28,combined,empathicschool
0,0.116892874,1.0,empathicschool_s28,combined,empathicschool
0,0.1169062,1.0,empathicschool_s28,combined,empathicschool
0,0.11695133,1.0,empathicschool_s28,combined,empathicschool
0,0.11696165,1.0,empathicschool_s28,combined,empathicschool
0,0.11701525,1.0,empathicschool_s28,combined,empathicschool
0,0.11704181,1.0,empathicschool_s28,combined,empathicschool
0,0.11720918,1.0,empathicschool_s28,combined,empathicschool
0,0.116924375,1.0,empathicschool_s28,combined,empathicschool
0,0.11679819,1.0,empathicschool_s28,combined,empathicschool
0,0.11669271,1.0,empathicschool_s28,combined,empathicschool
0,0.0012174277,1.0,empathicschool_s28,combined,empathicschool
0,0.11665121,1.0,empathicschool_s28,combined,empathicschool
0,0.11666639,1.0,empathicschool_s28,combined,empathicschool
0,0.11657331,1.0,empathicschool_s28,combined,empathicschool
0,0.116617054,1.0,empathicschool_s28,combined,empathicschool
0,0.11682508,1.0,empathicschool_s28,combined,empathicschool
0,0.11676793,1.0,empathicschool_s28,combined,empathicschool
0,0.11674007,1.0,empathicschool_s28,combined,empathicschool
0,0.11668752,1.0,empathicschool_s28,combined,empathicschool
0,0.1165964,1.0,empathicschool_s28,combined,empathicschool
0,0.11663587,1.0,empathicschool_s28,combined,empathicschool
0,0.00088904175,1.0,empathicschool_s28,combined,empathicschool
0,0.11663155,1.0,empathicschool_s28,combined,empathicschool
0,0.116574086,1.0,empathicschool_s28,combined,empathicschool
0,0.11657411,1.0,empathicschool_s28,combined,empathicschool
0,0.11657412,1.0,empathicschool_s28,combined,empathicschool
0,0.11683354,1.0,empathicschool_s28,combined,empathicschool
0,0.11687648,1.0,empathicschool_s28,combined,empathicschool
0,0.1164843,1.0,empathicschool_s28,combined,empathicschool
0,0.11660174,1.0,empathicschool_s28,combined,empathicschool
0,0.11673505,1.0,empathicschool_s28,combined,empathicschool
0,0.11659255,1.0,empathicschool_s28,combined,empathicschool
0,0.0007217843,1.0,empathicschool_s28,combined,empathicschool
0,0.116788454,1.0,empathicschool_s28,combined,empathicschool
0,0.11692852,1.0,empathicschool_s28,combined,empathicschool
0,0.11669103,1.0,empathicschool_s28,combined,empathicschool
0,0.11681075,1.0,empathicschool_s28,combined,empathicschool
0,0.11692823,1.0,empathicschool_s28,combined,empathicschool
0,0.11700677,1.0,empathicschool_s28,combined,empathicschool
0,0.1169461,1.0,empathicschool_s28,combined,empathicschool
0,0.11671878,1.0,empathicschool_s28,combined,empathicschool
0,0.116640784,1.0,empathicschool_s28,combined,empathicschool
0,0.11682123,1.0,empathicschool_s28,combined,empathicschool
0,0.0010236541,1.0,empathicschool_s28,combined,empathicschool
0,0.116929606,1.0,empathicschool_s28,combined,empathicschool
0,0.1167051,1.0,empathicschool_s28,combined,empathicschool
0,0.11670275,1.0,empathicschool_s28,combined,empathicschool
0,0.0012226502,1.0,empathicschool_s28,combined,empathicschool
0,0.001285952,1.0,empathicschool_s28,combined,empathicschool
0,0.0024236836,1.0,empathicschool_s28,combined,empathicschool
0,0.0007718491,1.0,empathicschool_s28,combined,empathicschool
0,0.004648643,1.0,empathicschool_s28,combined,empathicschool
0,0.005171395,1.0,empathicschool_s28,combined,empathicschool
0,0.0049778754,1.0,empathicschool_s28,combined,empathicschool
0,0.0046862885,1.0,empathicschool_s28,combined,empathicschool
0,0.0044953637,1.0,empathicschool_s28,combined,empathicschool
0,0.0031022604,1.0,empathicschool_s28,combined,empathicschool
0,0.0018436287,1.0,empathicschool_s28,combined,empathicschool
0,0.0019371224,1.0,empathicschool_s28,combined,empathicschool
0,0.002019404,1.0,empathicschool_s28,combined,empathicschool
0,0.0015850911,1.0,empathicschool_s28,combined,empathicschool
0,0.0008047068,1.0,empathicschool_s28,combined,empathicschool
0,0.0012164019,1.0,empathicschool_s28,combined,empathicschool
0,0.0011207713,1.0,empathicschool_s28,combined,empathicschool
0,0.0015557181,1.0,empathicschool_s28,combined,empathicschool
0,0.0016770844,1.0,empathicschool_s28,combined,empathicschool
0,0.0016160406,1.0,empathicschool_s28,combined,empathicschool
0,0.0021227987,1.0,empathicschool_s28,combined,empathicschool
0,0.0025074007,1.0,empathicschool_s28,combined,empathicschool
0,0.0024705825,1.0,empathicschool_s28,combined,empathicschool
0,0.0023183224,1.0,empathicschool_s28,combined,empathicschool
0,0.0025025583,1.0,empathicschool_s28,combined,empathicschool
0,0.00088562974,1.0,empathicschool_s28,combined,empathicschool
0,0.0018347332,1.0,empathicschool_s28,combined,empathicschool
0,0.0013586398,1.0,empathicschool_s28,combined,empathicschool
0,0.001673024,1.0,empathicschool_s28,combined,empathicschool
0,0.0016098822,1.0,empathicschool_s28,combined,empathicschool
0,0.0012105707,1.0,empathicschool_s28,combined,empathicschool
0,0.001085872,1.0,empathicschool_s28,combined,empathicschool
0,0.0010884927,1.0,empathicschool_s28,combined,empathicschool
0,0.00093858986,1.0,empathicschool_s28,combined,empathicschool
0,0.0007582249,1.0,empathicschool_s28,combined,empathicschool
0,0.000620137,1.0,empathicschool_s28,combined,empathicschool
0,0.001110817,1.0,empathicschool_s28,combined,empathicschool
0,0.0005382666,1.0,empathicschool_s28,combined,empathicschool
0,0.0005328506,1.0,empathicschool_s28,combined,empathicschool
0,0.0005310309,1.0,empathicschool_s28,combined,empathicschool
0,0.00049840525,1.0,empathicschool_s28,combined,empathicschool
0,0.00063049374,1.0,empathicschool_s28,combined,empathicschool
0,0.00070518145,1.0,empathicschool_s28,combined,empathicschool
0,0.0005505969,1.0,empathicschool_s28,combined,empathicschool
0,0.0005275702,1.0,empathicschool_s28,combined,empathicschool
0,0.00062756025,1.0,empathicschool_s28,combined,empathicschool
0,0.000703745,1.0,empathicschool_s28,combined,empathicschool
0,0.001663903,1.0,empathicschool_s28,combined,empathicschool
0,0.00075763086,1.0,empathicschool_s28,combined,empathicschool
0,0.0010164746,1.0,empathicschool_s28,combined,empathicschool
0,0.0011967717,1.0,empathicschool_s28,combined,empathicschool
0,0.0010180009,1.0,empathicschool_s28,combined,empathicschool
0,0.0008957599,1.0,empathicschool_s28,combined,empathicschool
0,0.0009361071,1.0,empathicschool_s28,combined,empathicschool
0,0.0009881199,1.0,empathicschool_s28,combined,empathicschool
0,0.0009010432,1.0,empathicschool_s28,combined,empathicschool
0,0.0007044362,1.0,empathicschool_s28,combined,empathicschool
0,0.0006596237,1.0,empathicschool_s28,combined,empathicschool
0,0.0020693897,1.0,empathicschool_s28,combined,empathicschool
0,0.00063822686,1.0,empathicschool_s28,combined,empathicschool
0,0.00051132374,1.0,empathicschool_s28,combined,empathicschool
0,0.00047818903,1.0,empathicschool_s28,combined,empathicschool
0,0.00047988404,1.0,empathicschool_s28,combined,empathicschool
0,0.00046643836,1.0,empathicschool_s28,combined,empathicschool
0,0.00045265618,1.0,empathicschool_s28,combined,empathicschool
0,0.00048626654,1.0,empathicschool_s28,combined,empathicschool
0,0.0005324566,1.0,empathicschool_s28,combined,empathicschool
0,0.0006460543,1.0,empathicschool_s28,combined,empathicschool
0,0.0010552694,1.0,empathicschool_s28,combined,empathicschool
0,0.0021854495,1.0,empathicschool_s28,combined,empathicschool
0,0.0014213787,1.0,empathicschool_s28,combined,empathicschool
0,0.0012619946,1.0,empathicschool_s28,combined,empathicschool
0,0.0009807793,1.0,empathicschool_s28,combined,empathicschool
0,0.0006309292,1.0,empathicschool_s28,combined,empathicschool
0,0.00045775576,1.0,empathicschool_s28,combined,empathicschool
0,0.0004960101,1.0,empathicschool_s28,combined,empathicschool
0,0.00049352454,1.0,empathicschool_s28,combined,empathicschool
0,0.0004452791,1.0,empathicschool_s28,combined,empathicschool
0,0.0004437774,1.0,empathicschool_s28,combined,empathicschool
0,0.00044798048,1.0,empathicschool_s28,combined,empathicschool
0,0.002160586,1.0,empathicschool_s28,combined,empathicschool
0,0.00052245206,1.0,empathicschool_s28,combined,empathicschool
0,0.0005942839,1.0,empathicschool_s28,combined,empathicschool
0,0.00051254994,1.0,empathicschool_s28,combined,empathicschool
0,0.0004559522,1.0,empathicschool_s28,combined,empathicschool
0,0.00045274937,1.0,empathicschool_s28,combined,empathicschool
0,0.00045385407,1.0,empathicschool_s28,combined,empathicschool
0,0.00044771752,1.0,empathicschool_s28,combined,empathicschool
0,0.00050325977,1.0,empathicschool_s28,combined,empathicschool
0,0.0005234366,1.0,empathicschool_s28,combined,empathicschool
0,0.00048170114,1.0,empathicschool_s28,combined,empathicschool
0,0.11985012,1.0,empathicschool_s28,combined,empathicschool
0,0.0022933043,1.0,empathicschool_s28,combined,empathicschool
0,0.00059285713,1.0,empathicschool_s28,combined,empathicschool
0,0.00073438673,1.0,empathicschool_s28,combined,empathicschool
0,0.00093905954,1.0,empathicschool_s28,combined,empathicschool
0,0.0009330293,1.0,empathicschool_s28,combined,empathicschool
0,0.000907762,1.0,empathicschool_s28,combined,empathicschool
0,0.0018490294,1.0,empathicschool_s28,combined,empathicschool
0,0.002480811,1.0,empathicschool_s28,combined,empathicschool
0,0.0019801792,1.0,empathicschool_s28,combined,empathicschool
0,0.0020699974,1.0,empathicschool_s28,combined,empathicschool
0,0.002622536,1.0,empathicschool_s28,combined,empathicschool
0,0.0026633423,1.0,empathicschool_s28,combined,empathicschool
0,0.0033672862,1.0,empathicschool_s28,combined,empathicschool
0,0.0031529916,1.0,empathicschool_s28,combined,empathicschool
0,0.0028633876,1.0,empathicschool_s28,combined,empathicschool
0,0.0027027,1.0,empathicschool_s28,combined,empathicschool
0,0.0032587626,1.0,empathicschool_s28,combined,empathicschool
0,0.0037466504,1.0,empathicschool_s28,combined,empathicschool
0,0.0028768268,1.0,empathicschool_s28,combined,empathicschool
0,0.0021929198,1.0,empathicschool_s28,combined,empathicschool
0,0.0016315132,1.0,empathicschool_s28,combined,empathicschool
0,0.0009483421,1.0,empathicschool_s28,combined,empathicschool
0,0.0032487295,1.0,empathicschool_s28,combined,empathicschool
0,0.00065236405,1.0,empathicschool_s28,combined,empathicschool
0,0.0006473036,1.0,empathicschool_s28,combined,empathicschool
0,0.00073830225,1.0,empathicschool_s28,combined,empathicschool
0,0.0008802313,1.0,empathicschool_s28,combined,empathicschool
0,0.0013913072,1.0,empathicschool_s28,combined,empathicschool
0,0.0023883749,1.0,empathicschool_s28,combined,empathicschool
0,0.0028716938,1.0,empathicschool_s28,combined,empathicschool
0,0.0031766482,1.0,empathicschool_s28,combined,empathicschool
0,0.0011511046,1.0,empathicschool_s28,combined,empathicschool
0,0.000494562,1.0,empathicschool_s28,combined,empathicschool
0,0.0033599173,1.0,empathicschool_s28,combined,empathicschool
0,0.0005054592,1.0,empathicschool_s28,combined,empathicschool
0,0.00045507832,1.0,empathicschool_s28,combined,empathicschool
0,0.00045244588,1.0,empathicschool_s28,combined,empathicschool
0,0.00047927737,1.0,empathicschool_s28,combined,empathicschool
0,0.0006670156,1.0,empathicschool_s28,combined,empathicschool
0,0.0011877358,1.0,empathicschool_s28,combined,empathicschool
0,0.0016592203,1.0,empathicschool_s28,combined,empathicschool
0,0.0014944518,1.0,empathicschool_s28,combined,empathicschool
0,0.0011621254,1.0,empathicschool_s28,combined,empathicschool
0,0.00083661306,1.0,empathicschool_s28,combined,empathicschool
0,0.0032337233,1.0,empathicschool_s28,combined,empathicschool
0,0.0005449233,1.0,empathicschool_s28,combined,empathicschool
0,0.0005074907,1.0,empathicschool_s28,combined,empathicschool
0,0.0005935616,1.0,empathicschool_s28,combined,empathicschool
0,0.0005235775,1.0,empathicschool_s28,combined,empathicschool
0,0.000455013,1.0,empathicschool_s28,combined,empathicschool
0,0.00057797774,1.0,empathicschool_s28,combined,empathicschool
0,0.00073068263,1.0,empathicschool_s28,combined,empathicschool
0,0.0007790788,1.0,empathicschool_s28,combined,empathicschool
0,0.0012534927,1.0,empathicschool_s28,combined,empathicschool
0,0.0017416485,1.0,empathicschool_s28,combined,empathicschool
0,0.0029895143,1.0,empathicschool_s28,combined,empathicschool
0,0.0014096188,1.0,empathicschool_s28,combined,empathicschool
0,0.0010474528,1.0,empathicschool_s28,combined,empathicschool
0,0.0010875023,1.0,empathicschool_s28,combined,empathicschool
0,0.0008652354,1.0,empathicschool_s28,combined,empathicschool
0,0.0005352719,1.0,empathicschool_s28,combined,empathicschool
0,0.0004763093,1.0,empathicschool_s28,combined,empathicschool
0,0.0004586396,1.0,empathicschool_s28,combined,empathicschool
0,0.00047098153,1.0,empathicschool_s28,combined,empathicschool
0,0.0004623777,1.0,empathicschool_s28,combined,empathicschool
0,0.00047882207,1.0,empathicschool_s28,combined,empathicschool
0,0.0028013599,1.0,empathicschool_s28,combined,empathicschool
0,0.00048350997,1.0,empathicschool_s28,combined,empathicschool
0,0.0004705927,1.0,empathicschool_s28,combined,empathicschool
0,0.00050584215,1.0,empathicschool_s28,combined,empathicschool
0,0.00051132706,1.0,empathicschool_s28,combined,empathicschool
0,0.0007209452,1.0,empathicschool_s28,combined,empathicschool
0,0.0013310746,1.0,empathicschool_s28,combined,empathicschool
0,0.0017441456,1.0,empathicschool_s28,combined,empathicschool
0,0.0017745805,1.0,empathicschool_s28,combined,empathicschool
0,0.0017594368,1.0,empathicschool_s28,combined,empathicschool
0,0.0021791218,1.0,empathicschool_s28,combined,empathicschool
0,0.0035259859,1.0,empathicschool_s28,combined,empathicschool
0,0.0026610924,1.0,empathicschool_s28,combined,empathicschool
0,0.002739265,1.0,empathicschool_s28,combined,empathicschool
0,0.003123613,1.0,empathicschool_s28,combined,empathicschool
0,0.0031453748,1.0,empathicschool_s28,combined,empathicschool
0,0.002431513,1.0,empathicschool_s28,combined,empathicschool
0,0.0073905396,1.0,empathicschool_s28,combined,empathicschool
0,0.06074148,1.0,empathicschool_s28,combined,empathicschool
0,0.11847939,1.0,empathicschool_s28,combined,empathicschool
0,0.118231796,1.0,empathicschool_s28,combined,empathicschool
0,0.11882994,1.0,empathicschool_s28,combined,empathicschool
0,0.004409079,1.0,empathicschool_s28,combined,empathicschool
0,0.116135366,1.0,empathicschool_s28,combined,empathicschool
0,0.11629069,1.0,empathicschool_s28,combined,empathicschool
0,0.11908977,1.0,empathicschool_s28,combined,empathicschool
0,0.11986743,1.0,empathicschool_s28,combined,empathicschool
0,0.12062836,1.0,empathicschool_s28,combined,empathicschool
0,0.120289885,1.0,empathicschool_s28,combined,empathicschool
0,0.12045562,1.0,empathicschool_s28,combined,empathicschool
0,0.118985154,1.0,empathicschool_s28,combined,empathicschool
0,0.11765091,1.0,empathicschool_s28,combined,empathicschool
0,0.11843981,1.0,empathicschool_s28,combined,empathicschool
0,0.0052681365,1.0,empathicschool_s28,combined,empathicschool
0,0.11984035,1.0,empathicschool_s28,combined,empathicschool
0,0.12122644,1.0,empathicschool_s28,combined,empathicschool
0,0.121711895,1.0,empathicschool_s28,combined,empathicschool
0,0.12116278,1.0,empathicschool_s28,combined,empathicschool
0,0.12021336,1.0,empathicschool_s28,combined,empathicschool
0,0.1199494,1.0,empathicschool_s28,combined,empathicschool
0,0.12011503,1.0,empathicschool_s28,combined,empathicschool
0,0.120365486,1.0,empathicschool_s28,combined,empathicschool
0,0.120563164,1.0,empathicschool_s28,combined,empathicschool
0,0.11998779,1.0,empathicschool_s28,combined,empathicschool
0,0.094888486,1.0,empathicschool_s28,combined,empathicschool
0,0.0087153185,1.0,empathicschool_s28,combined,empathicschool
0,0.11908379,1.0,empathicschool_s28,combined,empathicschool
0,0.11944951,1.0,empathicschool_s28,combined,empathicschool
0,0.11928585,1.0,empathicschool_s28,combined,empathicschool
0,0.11882311,1.0,empathicschool_s28,combined,empathicschool
0,0.119679,1.0,empathicschool_s28,combined,empathicschool
0,0.12018779,1.0,empathicschool_s28,combined,empathicschool
0,0.11982064,1.0,empathicschool_s28,combined,empathicschool
0,0.11995581,1.0,empathicschool_s28,combined,empathicschool
0,0.12004666,1.0,empathicschool_s28,combined,empathicschool
0,0.1197285,1.0,empathicschool_s28,combined,empathicschool
0,0.013639158,1.0,empathicschool_s28,combined,empathicschool
0,0.12054141,1.0,empathicschool_s28,combined,empathicschool
0,0.121364266,1.0,empathicschool_s28,combined,empathicschool
0,0.11987982,1.0,empathicschool_s28,combined,empathicschool
0,0.11808523,1.0,empathicschool_s28,combined,empathicschool
0,0.1182621,1.0,empathicschool_s28,combined,empathicschool
0,0.11986617,1.0,empathicschool_s28,combined,empathicschool
0,0.12095758,1.0,empathicschool_s28,combined,empathicschool
0,0.11963646,1.0,empathicschool_s28,combined,empathicschool
0,0.118291795,1.0,empathicschool_s28,combined,empathicschool
0,0.115129046,1.0,empathicschool_s28,combined,empathicschool
0,0.008477868,1.0,empathicschool_s28,combined,empathicschool
0,0.1150317,1.0,empathicschool_s28,combined,empathicschool
0,0.11677391,1.0,empathicschool_s28,combined,empathicschool
0,0.11671642,1.0,empathicschool_s28,combined,empathicschool
0,0.11660622,1.0,empathicschool_s28,combined,empathicschool
0,0.11643083,1.0,empathicschool_s28,combined,empathicschool
0,0.116442636,1.0,empathicschool_s28,combined,empathicschool
0,0.116829485,1.0,empathicschool_s28,combined,empathicschool
0,0.11692457,1.0,empathicschool_s28,combined,empathicschool
0,0.11683722,1.0,empathicschool_s28,combined,empathicschool
0,0.11483046,1.0,empathicschool_s28,combined,empathicschool
0,0.003118121,1.0,empathicschool_s28,combined,empathicschool
0,0.11341776,1.0,empathicschool_s28,combined,empathicschool
0,0.11434239,1.0,empathicschool_s28,combined,empathicschool
0,0.11451891,1.0,empathicschool_s28,combined,empathicschool
0,0.114585206,1.0,empathicschool_s28,combined,empathicschool
0,0.11556888,1.0,empathicschool_s28,combined,empathicschool
0,0.11568258,1.0,empathicschool_s28,combined,empathicschool
0,0.11526265,1.0,empathicschool_s28,combined,empathicschool
0,0.11490137,1.0,empathicschool_s28,combined,empathicschool
0,0.11491412,1.0,empathicschool_s28,combined,empathicschool
0,0.114947915,1.0,empathicschool_s28,combined,empathicschool
0,0.0017905912,1.0,empathicschool_s28,combined,empathicschool
0,0.11498138,1.0,empathicschool_s28,combined,empathicschool
0,0.11515193,1.0,empathicschool_s28,combined,empathicschool
0,0.11532827,1.0,empathicschool_s28,combined,empathicschool
0,0.11556349,1.0,empathicschool_s28,combined,empathicschool
0,0.115859084,1.0,empathicschool_s28,combined,empathicschool
0,0.11588878,1.0,empathicschool_s28,combined,empathicschool
0,0.11566555,1.0,empathicschool_s28,combined,empathicschool
0,0.11540685,1.0,empathicschool_s28,combined,empathicschool
0,0.11540919,1.0,empathicschool_s28,combined,empathicschool
0,0.11571669,1.0,empathicschool_s28,combined,empathicschool
0,0.0018108012,1.0,empathicschool_s28,combined,empathicschool
0,0.11617017,1.0,empathicschool_s28,combined,empathicschool
0,0.115876526,1.0,empathicschool_s28,combined,empathicschool
0,0.115328856,1.0,empathicschool_s28,combined,empathicschool
0,0.115167916,1.0,empathicschool_s28,combined,empathicschool
0,0.11531046,1.0,empathicschool_s28,combined,empathicschool
0,0.115745515,1.0,empathicschool_s28,combined,empathicschool
0,0.115777776,1.0,empathicschool_s28,combined,empathicschool
0,0.115639895,1.0,empathicschool_s28,combined,empathicschool
0,0.11552185,1.0,empathicschool_s28,combined,empathicschool
0,0.11554095,1.0,empathicschool_s28,combined,empathicschool
0,0.0018544747,1.0,empathicschool_s28,combined,empathicschool
0,0.11556636,1.0,empathicschool_s28,combined,empathicschool
0,0.1152577,1.0,empathicschool_s28,combined,empathicschool
0,0.115214765,1.0,empathicschool_s28,combined,empathicschool
0,0.11450229,1.0,empathicschool_s28,combined,empathicschool
0,0.11454595,1.0,empathicschool_s28,combined,empathicschool
0,0.115588725,1.0,empathicschool_s28,combined,empathicschool
0,0.11580535,1.0,empathicschool_s28,combined,empathicschool
0,0.11635794,1.0,empathicschool_s28,combined,empathicschool
0,0.117438726,1.0,empathicschool_s28,combined,empathicschool
0,0.11669749,1.0,empathicschool_s28,combined,empathicschool
0,0.0014879727,1.0,empathicschool_s28,combined,empathicschool
0,0.116798885,1.0,empathicschool_s28,combined,empathicschool
0,0.11682244,1.0,empathicschool_s28,combined,empathicschool
0,0.116835676,1.0,empathicschool_s28,combined,empathicschool
0,0.1166187,1.0,empathicschool_s28,combined,empathicschool
0,0.116212815,1.0,empathicschool_s28,combined,empathicschool
0,0.1161858,1.0,empathicschool_s28,combined,empathicschool
0,0.11656544,1.0,empathicschool_s28,combined,empathicschool
0,0.11570948,1.0,empathicschool_s28,combined,empathicschool
0,0.11664809,1.0,empathicschool_s28,combined,empathicschool
0,0.11683342,1.0,empathicschool_s28,combined,empathicschool
0,0.001301486,1.0,empathicschool_s28,combined,empathicschool
0,0.115205765,1.0,empathicschool_s28,combined,empathicschool
0,0.11589289,1.0,empathicschool_s28,combined,empathicschool
0,0.11748223,1.0,empathicschool_s28,combined,empathicschool
0,0.118611366,1.0,empathicschool_s28,combined,empathicschool
0,0.11848376,1.0,empathicschool_s28,combined,empathicschool
0,0.118076146,1.0,empathicschool_s28,combined,empathicschool
0,0.11687455,1.0,empathicschool_s28,combined,empathicschool
0,0.11740506,1.0,empathicschool_s28,combined,empathicschool
0,0.11901196,1.0,empathicschool_s28,combined,empathicschool
0,0.118099935,1.0,empathicschool_s28,combined,empathicschool
0,0.0010983208,1.0,empathicschool_s28,combined,empathicschool
0,0.11881187,1.0,empathicschool_s28,combined,empathicschool
0,0.12046461,1.0,empathicschool_s28,combined,empathicschool
0,0.11975502,1.0,empathicschool_s28,combined,empathicschool
0,0.118369,1.0,empathicschool_s28,combined,empathicschool
0,0.11789577,1.0,empathicschool_s28,combined,empathicschool
0,0.11810139,1.0,empathicschool_s28,combined,empathicschool
0,0.11763836,1.0,empathicschool_s28,combined,empathicschool
0,0.11776793,1.0,empathicschool_s28,combined,empathicschool
0,0.11762333,1.0,empathicschool_s28,combined,empathicschool
0,0.11697798,1.0,empathicschool_s28,combined,empathicschool
0,0.023204861,1.0,empathicschool_s28,combined,empathicschool
0,0.0009435078,1.0,empathicschool_s28,combined,empathicschool
0,0.11788054,1.0,empathicschool_s28,combined,empathicschool
0,0.11909533,1.0,empathicschool_s28,combined,empathicschool
0,0.11876011,1.0,empathicschool_s28,combined,empathicschool
0,0.11856431,1.0,empathicschool_s28,combined,empathicschool
0,0.11856513,1.0,empathicschool_s28,combined,empathicschool
0,0.1186769,1.0,empathicschool_s28,combined,empathicschool
0,0.11890946,1.0,empathicschool_s28,combined,empathicschool
0,0.11887616,1.0,empathicschool_s28,combined,empathicschool
0,0.11964661,1.0,empathicschool_s28,combined,empathicschool
0,0.12037431,1.0,empathicschool_s28,combined,empathicschool
0,0.00077998504,1.0,empathicschool_s28,combined,empathicschool
0,0.119281985,1.0,empathicschool_s28,combined,empathicschool
0,0.11738996,1.0,empathicschool_s28,combined,empathicschool
0,0.115882315,1.0,empathicschool_s28,combined,empathicschool
0,0.11579735,1.0,empathicschool_s28,combined,empathicschool
0,0.11723131,1.0,empathicschool_s28,combined,empathicschool
0,0.1176394,1.0,empathicschool_s28,combined,empathicschool
0,0.11658994,1.0,empathicschool_s28,combined,empathicschool
0,0.11647701,1.0,empathicschool_s28,combined,empathicschool
0,0.11690277,1.0,empathicschool_s28,combined,empathicschool
0,0.117623426,1.0,empathicschool_s28,combined,empathicschool
0,0.0006157162,1.0,empathicschool_s28,combined,empathicschool
0,0.117989816,1.0,empathicschool_s28,combined,empathicschool
0,0.11802496,1.0,empathicschool_s28,combined,empathicschool
0,0.11790375,1.0,empathicschool_s28,combined,empathicschool
0,0.117821194,1.0,empathicschool_s28,combined,empathicschool
0,0.117903054,1.0,empathicschool_s28,combined,empathicschool
0,0.11793589,1.0,empathicschool_s28,combined,empathicschool
0,0.1181274,1.0,empathicschool_s28,combined,empathicschool
0,0.117238246,1.0,empathicschool_s28,combined,empathicschool
0,0.117744595,1.0,empathicschool_s28,combined,empathicschool
0,0.11930828,1.0,empathicschool_s28,combined,empathicschool
0,0.00058242626,1.0,empathicschool_s28,combined,empathicschool
0,0.11771309,1.0,empathicschool_s28,combined,empathicschool
0,0.1169012,1.0,empathicschool_s28,combined,empathicschool
0,0.11738967,1.0,empathicschool_s28,combined,empathicschool
0,0.11932829,1.0,empathicschool_s28,combined,empathicschool
0,0.12003523,1.0,empathicschool_s28,combined,empathicschool
0,0.119999625,1.0,empathicschool_s28,combined,empathicschool
0,0.12005202,1.0,empathicschool_s28,combined,empathicschool
0,0.12069279,1.0,empathicschool_s28,combined,empathicschool
0,0.12086168,1.0,empathicschool_s28,combined,empathicschool
0,0.12007489,1.0,empathicschool_s28,combined,empathicschool
0,0.0006477535,1.0,empathicschool_s28,combined,empathicschool
0,0.119969234,1.0,empathicschool_s28,combined,empathicschool
0,0.119318925,1.0,empathicschool_s28,combined,empathicschool
0,0.117942736,1.0,empathicschool_s28,combined,empathicschool
0,0.116342574,1.0,empathicschool_s28,combined,empathicschool
0,0.1175432,1.0,empathicschool_s28,combined,empathicschool
0,0.117352664,1.0,empathicschool_s28,combined,empathicschool
0,0.117194265,1.0,empathicschool_s28,combined,empathicschool
0,0.11718272,1.0,empathicschool_s28,combined,empathicschool
0,0.11739025,1.0,empathicschool_s28,combined,empathicschool
0,0.11777237,1.0,empathicschool_s28,combined,empathicschool
0,0.0005990044,1.0,empathicschool_s28,combined,empathicschool
0,0.11768587,1.0,empathicschool_s28,combined,empathicschool
0,0.11718015,1.0,empathicschool_s28,combined,empathicschool
0,0.1177393,1.0,empathicschool_s28,combined,empathicschool
0,0.11794978,1.0,empathicschool_s28,combined,empathicschool
0,0.117057726,1.0,empathicschool_s28,combined,empathicschool
0,0.116837084,1.0,empathicschool_s28,combined,empathicschool
0,0.116666354,1.0,empathicschool_s28,combined,empathicschool
0,0.11694521,1.0,empathicschool_s28,combined,empathicschool
0,0.116992824,1.0,empathicschool_s28,combined,empathicschool
0,0.117058605,1.0,empathicschool_s28,combined,empathicschool
0,0.00054135197,1.0,empathicschool_s28,combined,empathicschool
0,0.11711513,1.0,empathicschool_s28,combined,empathicschool
0,0.11702173,1.0,empathicschool_s28,combined,empathicschool
0,0.116672814,1.0,empathicschool_s28,combined,empathicschool
0,0.1164372,1.0,empathicschool_s28,combined,empathicschool
0,0.11671145,1.0,empathicschool_s28,combined,empathicschool
0,0.11735701,1.0,empathicschool_s28,combined,empathicschool
0,0.11731634,1.0,empathicschool_s28,combined,empathicschool
0,0.11706763,1.0,empathicschool_s28,combined,empathicschool
0,0.117335126,1.0,empathicschool_s28,combined,empathicschool
0,0.116151065,1.0,empathicschool_s28,combined,empathicschool
0,0.00057866063,1.0,empathicschool_s28,combined,empathicschool
0,0.1178821,1.0,empathicschool_s28,combined,empathicschool
0,0.11925654,1.0,empathicschool_s28,combined,empathicschool
0,0.11997406,1.0,empathicschool_s28,combined,empathicschool
0,0.120818034,1.0,empathicschool_s28,combined,empathicschool
0,0.120838605,1.0,empathicschool_s28,combined,empathicschool
0,0.11990019,1.0,empathicschool_s28,combined,empathicschool
0,0.119161494,1.0,empathicschool_s28,combined,empathicschool
0,0.118119575,1.0,empathicschool_s28,combined,empathicschool
0,0.11838802,1.0,empathicschool_s28,combined,empathicschool
0,0.11862887,1.0,empathicschool_s28,combined,empathicschool
0,0.00054720516,1.0,empathicschool_s28,combined,empathicschool
0,0.11991236,1.0,empathicschool_s28,combined,empathicschool
0,0.12063038,1.0,empathicschool_s28,combined,empathicschool
0,0.12008518,1.0,empathicschool_s28,combined,empathicschool
0,0.119819805,1.0,empathicschool_s28,combined,empathicschool
0,0.120182924,1.0,empathicschool_s28,combined,empathicschool
0,0.12027238,1.0,empathicschool_s28,combined,empathicschool
0,0.1195985,1.0,empathicschool_s28,combined,empathicschool
0,0.118610136,1.0,empathicschool_s28,combined,empathicschool
0,0.11846112,1.0,empathicschool_s28,combined,empathicschool
0,0.11838904,1.0,empathicschool_s28,combined,empathicschool
0,0.00050445617,1.0,empathicschool_s28,combined,empathicschool
0,0.11837648,1.0,empathicschool_s28,combined,empathicschool
0,0.11851837,1.0,empathicschool_s28,combined,empathicschool
0,0.11854347,1.0,empathicschool_s28,combined,empathicschool
0,0.11840908,1.0,empathicschool_s28,combined,empathicschool
0,0.11855996,1.0,empathicschool_s28,combined,empathicschool
0,0.11870767,1.0,empathicschool_s28,combined,empathicschool
0,0.11846186,1.0,empathicschool_s28,combined,empathicschool
0,0.11839853,1.0,empathicschool_s28,combined,empathicschool
0,0.11890621,1.0,empathicschool_s28,combined,empathicschool
0,0.11912485,1.0,empathicschool_s28,combined,empathicschool
0,0.0053322553,1.0,empathicschool_s28,combined,empathicschool
0,0.0005998762,1.0,empathicschool_s28,combined,empathicschool
0,0.11939953,1.0,empathicschool_s28,combined,empathicschool
0,0.11993053,1.0,empathicschool_s28,combined,empathicschool
0,0.12002283,1.0,empathicschool_s28,combined,empathicschool
0,0.11908379,1.0,empathicschool_s28,combined,empathicschool
0,0.118842125,1.0,empathicschool_s28,combined,empathicschool
0,0.11918072,1.0,empathicschool_s28,combined,empathicschool
0,0.1193836,1.0,empathicschool_s28,combined,empathicschool
0,0.12005701,1.0,empathicschool_s28,combined,empathicschool
0,0.11984935,1.0,empathicschool_s28,combined,empathicschool
0,0.119392514,1.0,empathicschool_s28,combined,empathicschool
0,0.0005579479,1.0,empathicschool_s28,combined,empathicschool
0,0.11946702,1.0,empathicschool_s28,combined,empathicschool
0,0.11940068,1.0,empathicschool_s28,combined,empathicschool
0,0.119246356,1.0,empathicschool_s28,combined,empathicschool
0,0.1191697,1.0,empathicschool_s28,combined,empathicschool
0,0.12014646,1.0,empathicschool_s28,combined,empathicschool
0,0.120199,1.0,empathicschool_s28,combined,empathicschool
0,0.119528584,1.0,empathicschool_s28,combined,empathicschool
0,0.119549036,1.0,empathicschool_s28,combined,empathicschool
0,0.11944893,1.0,empathicschool_s28,combined,empathicschool
0,0.11820297,1.0,empathicschool_s28,combined,empathicschool
0,0.00044702835,1.0,empathicschool_s28,combined,empathicschool
0,0.117054075,1.0,empathicschool_s28,combined,empathicschool
0,0.11695736,1.0,empathicschool_s28,combined,empathicschool
0,0.11754324,1.0,empathicschool_s28,combined,empathicschool
0,0.11746076,1.0,empathicschool_s28,combined,empathicschool
0,0.11767626,1.0,empathicschool_s28,combined,empathicschool
0,0.11780618,1.0,empathicschool_s28,combined,empathicschool
0,0.11773406,1.0,empathicschool_s28,combined,empathicschool
0,0.118359774,1.0,empathicschool_s28,combined,empathicschool
0,0.119094685,1.0,empathicschool_s28,combined,empathicschool
0,0.11951726,1.0,empathicschool_s28,combined,empathicschool
0,0.00050328375,1.0,empathicschool_s28,combined,empathicschool
0,0.11953633,1.0,empathicschool_s28,combined,empathicschool
0,0.118612625,1.0,empathicschool_s28,combined,empathicschool
0,0.118010014,1.0,empathicschool_s28,combined,empathicschool
0,0.11811209,1.0,empathicschool_s28,combined,empathicschool
0,0.11814801,1.0,empathicschool_s28,combined,empathicschool
0,0.117849834,1.0,empathicschool_s28,combined,empathicschool
0,0.117828324,1.0,empathicschool_s28,combined,empathicschool
0,0.117778495,1.0,empathicschool_s28,combined,empathicschool
0,0.11781922,1.0,empathicschool_s28,combined,empathicschool
0,0.12056127,1.0,empathicschool_s28,combined,empathicschool
0,0.0006155088,1.0,empathicschool_s28,combined,empathicschool
0,0.12100164,1.0,empathicschool_s28,combined,empathicschool
0,0.11841611,1.0,empathicschool_s28,combined,empathicschool
0,0.11842143,1.0,empathicschool_s28,combined,empathicschool
0,0.11859313,1.0,empathicschool_s28,combined,empathicschool
0,0.117572285,1.0,empathicschool_s28,combined,empathicschool
0,0.117592715,1.0,empathicschool_s28,combined,empathicschool
0,0.11818999,1.0,empathicschool_s28,combined,empathicschool
0,0.118662566,1.0,empathicschool_s28,combined,empathicschool
0,0.11872244,1.0,empathicschool_s28,combined,empathicschool
0,0.11858153,1.0,empathicschool_s28,combined,empathicschool
0,0.00055719505,1.0,empathicschool_s28,combined,empathicschool
0,0.1185161,1.0,empathicschool_s28,combined,empathicschool
0,0.11839884,1.0,empathicschool_s28,combined,empathicschool
0,0.11847895,1.0,empathicschool_s28,combined,empathicschool
0,0.11856711,1.0,empathicschool_s28,combined,empathicschool
0,0.11853434,1.0,empathicschool_s28,combined,empathicschool
0,0.11864702,1.0,empathicschool_s28,combined,empathicschool
0,0.1189207,1.0,empathicschool_s28,combined,empathicschool
0,0.118954055,1.0,empathicschool_s28,combined,empathicschool
0,0.11880538,1.0,empathicschool_s28,combined,empathicschool
0,0.11873999,1.0,empathicschool_s28,combined,empathicschool
0,0.00057669036,1.0,empathicschool_s28,combined,empathicschool
0,0.11743468,1.0,empathicschool_s28,combined,empathicschool
0,0.119067565,1.0,empathicschool_s28,combined,empathicschool
0,0.12088153,1.0,empathicschool_s28,combined,empathicschool
0,0.117632456,1.0,empathicschool_s28,combined,empathicschool
0,0.116182394,1.0,empathicschool_s28,combined,empathicschool
0,0.11959013,1.0,empathicschool_s28,combined,empathicschool
0,0.12000101,1.0,empathicschool_s28,combined,empathicschool
0,0.119330734,1.0,empathicschool_s28,combined,empathicschool
0,0.120678395,1.0,empathicschool_s28,combined,empathicschool
0,0.12283797,1.0,empathicschool_s28,combined,empathicschool
0,0.0007460076,1.0,empathicschool_s28,combined,empathicschool
0,0.1216677,1.0,empathicschool_s28,combined,empathicschool
0,0.120092444,1.0,empathicschool_s28,combined,empathicschool
0,0.11933268,1.0,empathicschool_s28,combined,empathicschool
0,0.11951157,1.0,empathicschool_s28,combined,empathicschool
0,0.1196047,1.0,empathicschool_s28,combined,empathicschool
0,0.11956457,1.0,empathicschool_s28,combined,empathicschool
0,0.119085364,1.0,empathicschool_s28,combined,empathicschool
0,0.118334495,1.0,empathicschool_s28,combined,empathicschool
0,0.11809997,1.0,empathicschool_s28,combined,empathicschool
0,0.11907399,1.0,empathicschool_s28,combined,empathicschool
0,0.00096947484,1.0,empathicschool_s28,combined,empathicschool
0,0.11994308,1.0,empathicschool_s28,combined,empathicschool
0,0.12002353,1.0,empathicschool_s28,combined,empathicschool
0,0.12010579,1.0,empathicschool_s28,combined,empathicschool
0,0.12010577,1.0,empathicschool_s28,combined,empathicschool
0,0.119819805,1.0,empathicschool_s28,combined,empathicschool
0,0.11880997,1.0,empathicschool_s28,combined,empathicschool
0,0.11859842,1.0,empathicschool_s28,combined,empathicschool
0,0.11744995,1.0,empathicschool_s28,combined,empathicschool
0,0.117149256,1.0,empathicschool_s28,combined,empathicschool
0,0.11819437,1.0,empathicschool_s28,combined,empathicschool
0,0.0010713561,1.0,empathicschool_s28,combined,empathicschool
0,0.11834394,1.0,empathicschool_s28,combined,empathicschool
0,0.11839935,1.0,empathicschool_s28,combined,empathicschool
0,0.1183759,1.0,empathicschool_s28,combined,empathicschool
0,0.11838732,1.0,empathicschool_s28,combined,empathicschool
0,0.11825172,1.0,empathicschool_s28,combined,empathicschool
0,0.11819457,1.0,empathicschool_s28,combined,empathicschool
0,0.118267395,1.0,empathicschool_s28,combined,empathicschool
0,0.11826753,1.0,empathicschool_s28,combined,empathicschool
0,0.118267596,1.0,empathicschool_s28,combined,empathicschool
0,0.11826228,1.0,empathicschool_s28,combined,empathicschool
0,0.0017278263,1.0,empathicschool_s28,combined,empathicschool
0,0.00078485074,1.0,empathicschool_s28,combined,empathicschool
0,0.1182257,1.0,empathicschool_s28,combined,empathicschool
0,0.11825061,1.0,empathicschool_s28,combined,empathicschool
0,0.11749959,1.0,empathicschool_s28,combined,empathicschool
0,0.116923936,1.0,empathicschool_s28,combined,empathicschool
0,0.11689624,1.0,empathicschool_s28,combined,empathicschool
0,0.11665818,1.0,empathicschool_s28,combined,empathicschool
0,0.11684341,1.0,empathicschool_s28,combined,empathicschool
0,0.117121845,1.0,empathicschool_s28,combined,empathicschool
0,0.11725175,1.0,empathicschool_s28,combined,empathicschool
0,0.11716849,1.0,empathicschool_s28,combined,empathicschool
0,0.00066485396,1.0,empathicschool_s28,combined,empathicschool
0,0.11719708,1.0,empathicschool_s28,combined,empathicschool
0,0.117351964,1.0,empathicschool_s28,combined,empathicschool
0,0.11738526,1.0,empathicschool_s28,combined,empathicschool
0,0.11772433,1.0,empathicschool_s28,combined,empathicschool
0,0.11785878,1.0,empathicschool_s28,combined,empathicschool
0,0.1176998,1.0,empathicschool_s28,combined,empathicschool
0,0.11756782,1.0,empathicschool_s28,combined,empathicschool
0,0.11749719,1.0,empathicschool_s28,combined,empathicschool
0,0.11746995,1.0,empathicschool_s28,combined,empathicschool
0,0.11727291,1.0,empathicschool_s28,combined,empathicschool
0,0.0006068859,1.0,empathicschool_s28,combined,empathicschool
0,0.11708177,1.0,empathicschool_s28,combined,empathicschool
0,0.117149055,1.0,empathicschool_s28,combined,empathicschool
0,0.117193215,1.0,empathicschool_s28,combined,empathicschool
0,0.11735127,1.0,empathicschool_s28,combined,empathicschool
0,0.117017366,1.0,empathicschool_s28,combined,empathicschool
0,0.11647969,1.0,empathicschool_s28,combined,empathicschool
0,0.11638242,1.0,empathicschool_s28,combined,empathicschool
0,0.1162769,1.0,empathicschool_s28,combined,empathicschool
0,0.1162491,1.0,empathicschool_s28,combined,empathicschool
0,0.11630533,1.0,empathicschool_s28,combined,empathicschool
0,0.00067000976,1.0,empathicschool_s28,combined,empathicschool
0,0.11629516,1.0,empathicschool_s28,combined,empathicschool
0,0.11624324,1.0,empathicschool_s28,combined,empathicschool
0,0.116375476,1.0,empathicschool_s28,combined,empathicschool
0,0.116583124,1.0,empathicschool_s28,combined,empathicschool
0,0.116642796,1.0,empathicschool_s28,combined,empathicschool
0,0.1168101,1.0,empathicschool_s28,combined,empathicschool
0,0.116964966,1.0,empathicschool_s28,combined,empathicschool
0,0.11696481,1.0,empathicschool_s28,combined,empathicschool
0,0.11696481,1.0,empathicschool_s28,combined,empathicschool
0,0.11696496,1.0,empathicschool_s28,combined,empathicschool
0,0.00086496916,1.0,empathicschool_s28,combined,empathicschool
0,0.11696505,1.0,empathicschool_s28,combined,empathicschool
0,0.11696607,1.0,empathicschool_s28,combined,empathicschool
0,0.116965644,1.0,empathicschool_s28,combined,empathicschool
0,0.11696481,1.0,empathicschool_s28,combined,empathicschool
0,0.11696491,1.0,empathicschool_s28,combined,empathicschool
0,0.116964996,1.0,empathicschool_s28,combined,empathicschool
0,0.11696488,1.0,empathicschool_s28,combined,empathicschool
0,0.11702939,1.0,empathicschool_s28,combined,empathicschool
0,0.11703122,1.0,empathicschool_s28,combined,empathicschool
0,0.11719554,1.0,empathicschool_s28,combined,empathicschool
0,0.0017875911,1.0,empathicschool_s28,combined,empathicschool
0,0.11725964,1.0,empathicschool_s28,combined,empathicschool
0,0.11700993,1.0,empathicschool_s28,combined,empathicschool
0,0.11730096,1.0,empathicschool_s28,combined,empathicschool
0,0.11786021,1.0,empathicschool_s28,combined,empathicschool
0,0.11815872,1.0,empathicschool_s28,combined,empathicschool
0,0.11836086,1.0,empathicschool_s28,combined,empathicschool
0,0.11843832,1.0,empathicschool_s28,combined,empathicschool
0,0.11851498,1.0,empathicschool_s28,combined,empathicschool
0,0.11833225,1.0,empathicschool_s28,combined,empathicschool
0,0.11761278,1.0,empathicschool_s28,combined,empathicschool
0,0.0032632637,1.0,empathicschool_s28,combined,empathicschool
0,0.116487,1.0,empathicschool_s28,combined,empathicschool
0,0.11690184,1.0,empathicschool_s28,combined,empathicschool
0,0.11735405,1.0,empathicschool_s28,combined,empathicschool
0,0.11703914,1.0,empathicschool_s28,combined,empathicschool
0,0.116742566,1.0,empathicschool_s28,combined,empathicschool
0,0.116287336,1.0,empathicschool_s28,combined,empathicschool
0,0.11646196,1.0,empathicschool_s28,combined,empathicschool
0,0.116623245,1.0,empathicschool_s28,combined,empathicschool
0,0.11658351,1.0,empathicschool_s28,combined,empathicschool
0,0.11657951,1.0,empathicschool_s28,combined,empathicschool
0,0.0044998233,1.0,empathicschool_s28,combined,empathicschool
0,0.116546735,1.0,empathicschool_s28,combined,empathicschool
0,0.11668198,1.0,empathicschool_s28,combined,empathicschool
0,0.11688254,1.0,empathicschool_s28,combined,empathicschool
0,0.116899565,1.0,empathicschool_s28,combined,empathicschool
0,0.117031015,1.0,empathicschool_s28,combined,empathicschool
0,0.11706144,1.0,empathicschool_s28,combined,empathicschool
0,0.11705652,1.0,empathicschool_s28,combined,empathicschool
0,0.11707068,1.0,empathicschool_s28,combined,empathicschool
0,0.11712121,1.0,empathicschool_s28,combined,empathicschool
0,0.11720979,1.0,empathicschool_s28,combined,empathicschool
0,0.0036341369,1.0,empathicschool_s28,combined,empathicschool
0,0.11671871,1.0,empathicschool_s28,combined,empathicschool
0,0.11526253,1.0,empathicschool_s28,combined,empathicschool
0,0.115465,1.0,empathicschool_s28,combined,empathicschool
0,0.11660282,1.0,empathicschool_s28,combined,empathicschool
0,0.117060475,1.0,empathicschool_s28,combined,empathicschool
0,0.11726911,1.0,empathicschool_s28,combined,empathicschool
0,0.11731419,1.0,empathicschool_s28,combined,empathicschool
0,0.11738338,1.0,empathicschool_s28,combined,empathicschool
0,0.11751339,1.0,empathicschool_s28,combined,empathicschool
0,0.11760076,1.0,empathicschool_s28,combined,empathicschool
0,0.0023224528,1.0,empathicschool_s28,combined,empathicschool
0,0.11748796,1.0,empathicschool_s28,combined,empathicschool
0,0.11690659,1.0,empathicschool_s28,combined,empathicschool
0,0.11661607,1.0,empathicschool_s28,combined,empathicschool
0,0.1166488,1.0,empathicschool_s28,combined,empathicschool
0,0.11672806,1.0,empathicschool_s28,combined,empathicschool
0,0.11661482,1.0,empathicschool_s28,combined,empathicschool
0,0.11639373,1.0,empathicschool_s28,combined,empathicschool
0,0.11640105,1.0,empathicschool_s28,combined,empathicschool
0,0.11638202,1.0,empathicschool_s28,combined,empathicschool
0,0.116758935,1.0,empathicschool_s28,combined,empathicschool
0,0.0011190494,1.0,empathicschool_s28,combined,empathicschool
0,0.0019941223,1.0,empathicschool_s28,combined,empathicschool
0,0.11701304,1.0,empathicschool_s28,combined,empathicschool
0,0.116893016,1.0,empathicschool_s28,combined,empathicschool
0,0.11826492,1.0,empathicschool_s28,combined,empathicschool
0,0.12017883,1.0,empathicschool_s28,combined,empathicschool
0,0.1194148,1.0,empathicschool_s28,combined,empathicschool
0,0.11835175,1.0,empathicschool_s28,combined,empathicschool
0,0.11805328,1.0,empathicschool_s28,combined,empathicschool
0,0.11794799,1.0,empathicschool_s28,combined,empathicschool
0,0.117699385,1.0,empathicschool_s28,combined,empathicschool
0,0.11794137,1.0,empathicschool_s28,combined,empathicschool
0,0.001472233,1.0,empathicschool_s28,combined,empathicschool
0,0.11834897,1.0,empathicschool_s28,combined,empathicschool
0,0.11889062,1.0,empathicschool_s28,combined,empathicschool
0,0.11937795,1.0,empathicschool_s28,combined,empathicschool
0,0.118812464,1.0,empathicschool_s28,combined,empathicschool
0,0.11821331,1.0,empathicschool_s28,combined,empathicschool
0,0.11811299,1.0,empathicschool_s28,combined,empathicschool
0,0.11783584,1.0,empathicschool_s28,combined,empathicschool
0,0.12000433,1.0,empathicschool_s28,combined,empathicschool
0,0.12070056,1.0,empathicschool_s28,combined,empathicschool
0,0.11946608,1.0,empathicschool_s28,combined,empathicschool
0,0.0014612011,1.0,empathicschool_s28,combined,empathicschool
0,0.11976041,1.0,empathicschool_s28,combined,empathicschool
0,0.11949793,1.0,empathicschool_s28,combined,empathicschool
0,0.11929663,1.0,empathicschool_s28,combined,empathicschool
0,0.11918992,1.0,empathicschool_s28,combined,empathicschool
0,0.119137354,1.0,empathicschool_s28,combined,empathicschool
0,0.1192207,1.0,empathicschool_s28,combined,empathicschool
0,0.119294375,1.0,empathicschool_s28,combined,empathicschool
0,0.11932803,1.0,empathicschool_s28,combined,empathicschool
0,0.11944027,1.0,empathicschool_s28,combined,empathicschool
0,0.119811445,1.0,empathicschool_s28,combined,empathicschool
0,0.0023979372,1.0,empathicschool_s28,combined,empathicschool
0,0.12010427,1.0,empathicschool_s28,combined,empathicschool
0,0.11970868,1.0,empathicschool_s28,combined,empathicschool
0,0.1194629,1.0,empathicschool_s28,combined,empathicschool
0,0.11937391,1.0,empathicschool_s28,combined,empathicschool
0,0.119577296,1.0,empathicschool_s28,combined,empathicschool
0,0.120039396,1.0,empathicschool_s28,combined,empathicschool
0,0.12041548,1.0,empathicschool_s28,combined,empathicschool
0,0.119885944,1.0,empathicschool_s28,combined,empathicschool
0,0.11922897,1.0,empathicschool_s28,combined,empathicschool
0,0.11942957,1.0,empathicschool_s28,combined,empathicschool
0,0.0033478115,1.0,empathicschool_s28,combined,empathicschool
0,0.11927529,1.0,empathicschool_s28,combined,empathicschool
0,0.119457,1.0,empathicschool_s28,combined,empathicschool
0,0.12014688,1.0,empathicschool_s28,combined,empathicschool
0,0.11849593,1.0,empathicschool_s28,combined,empathicschool
0,0.12012788,1.0,empathicschool_s28,combined,empathicschool
0,0.12164176,1.0,empathicschool_s28,combined,empathicschool
0,0.11784524,1.0,empathicschool_s28,combined,empathicschool
0,0.11735293,1.0,empathicschool_s28,combined,empathicschool
0,0.119086176,1.0,empathicschool_s28,combined,empathicschool
0,0.12017592,1.0,empathicschool_s28,combined,empathicschool
0,0.0025163048,1.0,empathicschool_s28,combined,empathicschool
0,0.120810345,1.0,empathicschool_s28,combined,empathicschool
0,0.119932175,1.0,empathicschool_s28,combined,empathicschool
0,0.11990045,1.0,empathicschool_s28,combined,empathicschool
0,0.12001252,1.0,empathicschool_s28,combined,empathicschool
0,0.120046005,1.0,empathicschool_s28,combined,empathicschool
0,0.12037482,1.0,empathicschool_s28,combined,empathicschool
0,0.12019663,1.0,empathicschool_s28,combined,empathicschool
0,0.11938492,1.0,empathicschool_s28,combined,empathicschool
0,0.11843348,1.0,empathicschool_s28,combined,empathicschool
0,0.11804545,1.0,empathicschool_s28,combined,empathicschool
0,0.0016765258,1.0,empathicschool_s28,combined,empathicschool
0,0.11816744,1.0,empathicschool_s28,combined,empathicschool
0,0.11860425,1.0,empathicschool_s28,combined,empathicschool
0,0.11841174,1.0,empathicschool_s28,combined,empathicschool
0,0.11786918,1.0,empathicschool_s28,combined,empathicschool
0,0.11830273,1.0,empathicschool_s28,combined,empathicschool
0,0.11799462,1.0,empathicschool_s28,combined,empathicschool
0,0.11859494,1.0,empathicschool_s28,combined,empathicschool
0,0.119186096,1.0,empathicschool_s28,combined,empathicschool
0,0.11918242,1.0,empathicschool_s28,combined,empathicschool
0,0.11980551,1.0,empathicschool_s28,combined,empathicschool
0,0.0010020182,1.0,empathicschool_s28,combined,empathicschool
0,0.12020386,1.0,empathicschool_s28,combined,empathicschool
0,0.121420875,1.0,empathicschool_s28,combined,empathicschool
0,0.119692184,1.0,empathicschool_s28,combined,empathicschool
0,0.11953742,1.0,empathicschool_s28,combined,empathicschool
0,0.11956585,1.0,empathicschool_s28,combined,empathicschool
0,0.119030535,1.0,empathicschool_s28,combined,empathicschool
0,0.11897033,1.0,empathicschool_s28,combined,empathicschool
0,0.118702576,1.0,empathicschool_s28,combined,empathicschool
0,0.11894945,1.0,empathicschool_s28,combined,empathicschool
0,0.11916879,1.0,empathicschool_s28,combined,empathicschool
0,0.00071770896,1.0,empathicschool_s28,combined,empathicschool
0,0.117736086,1.0,empathicschool_s28,combined,empathicschool
0,0.11818751,1.0,empathicschool_s28,combined,empathicschool
0,0.11833206,1.0,empathicschool_s28,combined,empathicschool
0,0.11681473,1.0,empathicschool_s28,combined,empathicschool
0,0.11833213,1.0,empathicschool_s28,combined,empathicschool
0,0.12240803,1.0,empathicschool_s28,combined,empathicschool
0,0.12175992,1.0,empathicschool_s28,combined,empathicschool
0,0.120963596,1.0,empathicschool_s28,combined,empathicschool
0,0.12035064,1.0,empathicschool_s28,combined,empathicschool
0,0.11874485,1.0,empathicschool_s28,combined,empathicschool
0,0.00084124313,1.0,empathicschool_s28,combined,empathicschool
0,0.11833941,1.0,empathicschool_s28,combined,empathicschool
0,0.11970399,1.0,empathicschool_s28,combined,empathicschool
0,0.117496625,1.0,empathicschool_s28,combined,empathicschool
0,0.116624705,1.0,empathicschool_s28,combined,empathicschool
0,0.11730887,1.0,empathicschool_s28,combined,empathicschool
0,0.11787766,1.0,empathicschool_s28,combined,empathicschool
0,0.11847269,1.0,empathicschool_s28,combined,empathicschool
0,0.119003884,1.0,empathicschool_s28,combined,empathicschool
0,0.120051265,1.0,empathicschool_s28,combined,empathicschool
0,0.12003837,1.0,empathicschool_s28,combined,empathicschool
0,0.0014848384,1.0,empathicschool_s28,combined,empathicschool
0,0.0010910773,1.0,empathicschool_s28,combined,empathicschool
0,0.120195515,1.0,empathicschool_s28,combined,empathicschool
0,0.12022227,1.0,empathicschool_s28,combined,empathicschool
0,0.12019,1.0,empathicschool_s28,combined,empathicschool
0,0.1200678,1.0,empathicschool_s28,combined,empathicschool
0,0.120698094,1.0,empathicschool_s28,combined,empathicschool
0,0.120555,1.0,empathicschool_s28,combined,empathicschool
0,0.11947085,1.0,empathicschool_s28,combined,empathicschool
0,0.118533984,1.0,empathicschool_s28,combined,empathicschool
0,0.11785475,1.0,empathicschool_s28,combined,empathicschool
0,0.11775985,1.0,empathicschool_s28,combined,empathicschool
0,0.0012872872,1.0,empathicschool_s28,combined,empathicschool
0,0.118422225,1.0,empathicschool_s28,combined,empathicschool
0,0.11850384,1.0,empathicschool_s28,combined,empathicschool
0,0.1182977,1.0,empathicschool_s28,combined,empathicschool
0,0.11897876,1.0,empathicschool_s28,combined,empathicschool
0,0.11914215,1.0,empathicschool_s28,combined,empathicschool
0,0.11935896,1.0,empathicschool_s28,combined,empathicschool
0,0.11974922,1.0,empathicschool_s28,combined,empathicschool
0,0.11959826,1.0,empathicschool_s28,combined,empathicschool
0,0.119170256,1.0,empathicschool_s28,combined,empathicschool
0,0.118593834,1.0,empathicschool_s28,combined,empathicschool
0,0.0022493128,1.0,empathicschool_s28,combined,empathicschool
0,0.118148945,1.0,empathicschool_s28,combined,empathicschool
0,0.11800152,1.0,empathicschool_s28,combined,empathicschool
0,0.11804992,1.0,empathicschool_s28,combined,empathicschool
0,0.118004955,1.0,empathicschool_s28,combined,empathicschool
0,0.11820842,1.0,empathicschool_s28,combined,empathicschool
0,0.12035072,1.0,empathicschool_s28,combined,empathicschool
0,0.11988256,1.0,empathicschool_s28,combined,empathicschool
0,0.118836686,1.0,empathicschool_s28,combined,empathicschool
0,0.11840823,1.0,empathicschool_s28,combined,empathicschool
0,0.11761666,1.0,empathicschool_s28,combined,empathicschool
0,0.0031631275,1.0,empathicschool_s28,combined,empathicschool
0,0.110191256,1.0,empathicschool_s28,combined,empathicschool
0,0.1013067,1.0,empathicschool_s28,combined,empathicschool
0,0.09491361,1.0,empathicschool_s28,combined,empathicschool
0,0.09842867,1.0,empathicschool_s28,combined,empathicschool
0,0.10858239,1.0,empathicschool_s28,combined,empathicschool
0,0.11533717,1.0,empathicschool_s28,combined,empathicschool
0,0.11621638,1.0,empathicschool_s28,combined,empathicschool
0,0.11679648,1.0,empathicschool_s28,combined,empathicschool
0,0.11730444,1.0,empathicschool_s28,combined,empathicschool
0,0.11705669,1.0,empathicschool_s28,combined,empathicschool
0,0.0033313928,1.0,empathicschool_s28,combined,empathicschool
0,0.116737306,1.0,empathicschool_s28,combined,empathicschool
0,0.11651478,1.0,empathicschool_s28,combined,empathicschool
0,0.11667332,1.0,empathicschool_s28,combined,empathicschool
0,0.116762094,1.0,empathicschool_s28,combined,empathicschool
0,0.11671135,1.0,empathicschool_s28,combined,empathicschool
0,0.1168851,1.0,empathicschool_s28,combined,empathicschool
0,0.116701566,1.0,empathicschool_s28,combined,empathicschool
0,0.11652504,1.0,empathicschool_s28,combined,empathicschool
0,0.116245374,1.0,empathicschool_s28,combined,empathicschool
0,0.1160726,1.0,empathicschool_s28,combined,empathicschool
0,0.0034664266,1.0,empathicschool_s28,combined,empathicschool
0,0.11652476,1.0,empathicschool_s28,combined,empathicschool
0,0.11658876,1.0,empathicschool_s28,combined,empathicschool
0,0.11661813,1.0,empathicschool_s28,combined,empathicschool
0,0.11685733,1.0,empathicschool_s28,combined,empathicschool
0,0.116574176,1.0,empathicschool_s28,combined,empathicschool
0,0.11602007,1.0,empathicschool_s28,combined,empathicschool
0,0.115988195,1.0,empathicschool_s28,combined,empathicschool
0,0.1148952,1.0,empathicschool_s28,combined,empathicschool
0,0.11445738,1.0,empathicschool_s28,combined,empathicschool
0,0.11572682,1.0,empathicschool_s28,combined,empathicschool
0,0.0031868115,1.0,empathicschool_s28,combined,empathicschool
0,0.116394676,1.0,empathicschool_s28,combined,empathicschool
0,0.11634667,1.0,empathicschool_s28,combined,empathicschool
0,0.11589001,1.0,empathicschool_s28,combined,empathicschool
0,0.11581333,1.0,empathicschool_s28,combined,empathicschool
0,0.116016395,1.0,empathicschool_s28,combined,empathicschool
0,0.116040245,1.0,empathicschool_s28,combined,empathicschool
0,0.11644968,1.0,empathicschool_s28,combined,empathicschool
0,0.116572514,1.0,empathicschool_s28,combined,empathicschool
0,0.11643435,1.0,empathicschool_s28,combined,empathicschool
0,0.116258994,1.0,empathicschool_s28,combined,empathicschool
0,0.0031147348,1.0,empathicschool_s28,combined,empathicschool
0,0.11659594,1.0,empathicschool_s28,combined,empathicschool
0,0.116708994,1.0,empathicschool_s28,combined,empathicschool
0,0.11656795,1.0,empathicschool_s28,combined,empathicschool
0,0.116883956,1.0,empathicschool_s28,combined,empathicschool
0,0.11669607,1.0,empathicschool_s28,combined,empathicschool
0,0.11646578,1.0,empathicschool_s28,combined,empathicschool
0,0.116627365,1.0,empathicschool_s28,combined,empathicschool
0,0.11667607,1.0,empathicschool_s28,combined,empathicschool
0,0.11691105,1.0,empathicschool_s28,combined,empathicschool
0,0.11711916,1.0,empathicschool_s28,combined,empathicschool
0,0.004117927,1.0,empathicschool_s28,combined,empathicschool
0,0.11656461,1.0,empathicschool_s28,combined,empathicschool
0,0.11606035,1.0,empathicschool_s28,combined,empathicschool
0,0.116073005,1.0,empathicschool_s28,combined,empathicschool
0,0.116073005,1.0,empathicschool_s28,combined,empathicschool
0,0.11621373,1.0,empathicschool_s28,combined,empathicschool
0,0.11647893,1.0,empathicschool_s28,combined,empathicschool
0,0.11639857,1.0,empathicschool_s28,combined,empathicschool
0,0.11624527,1.0,empathicschool_s28,combined,empathicschool
0,0.11634298,1.0,empathicschool_s28,combined,empathicschool
0,0.11630429,1.0,empathicschool_s28,combined,empathicschool
0,0.006382237,1.0,empathicschool_s28,combined,empathicschool
0,0.11639396,1.0,empathicschool_s28,combined,empathicschool
0,0.11645044,1.0,empathicschool_s28,combined,empathicschool
0,0.11644548,1.0,empathicschool_s28,combined,empathicschool
0,0.116428606,1.0,empathicschool_s28,combined,empathicschool
0,0.11633843,1.0,empathicschool_s28,combined,empathicschool
0,0.116607375,1.0,empathicschool_s28,combined,empathicschool
0,0.116934516,1.0,empathicschool_s28,combined,empathicschool
0,0.11635561,1.0,empathicschool_s28,combined,empathicschool
0,0.11632009,1.0,empathicschool_s28,combined,empathicschool
0,0.11641261,1.0,empathicschool_s28,combined,empathicschool
0,0.0014700622,1.0,empathicschool_s28,combined,empathicschool
0,0.0065025417,1.0,empathicschool_s28,combined,empathicschool
0,0.116311885,1.0,empathicschool_s28,combined,empathicschool
0,0.11614675,1.0,empathicschool_s28,combined,empathicschool
0,0.116068214,1.0,empathicschool_s28,combined,empathicschool
0,0.11606288,1.0,empathicschool_s28,combined,empathicschool
0,0.116070926,1.0,empathicschool_s28,combined,empathicschool
0,0.116162315,1.0,empathicschool_s28,combined,empathicschool
0,0.11636153,1.0,empathicschool_s28,combined,empathicschool
0,0.1163752,1.0,empathicschool_s28,combined,empathicschool
0,0.1161281,1.0,empathicschool_s28,combined,empathicschool
0,0.11593388,1.0,empathicschool_s28,combined,empathicschool
0,0.0062262616,1.0,empathicschool_s28,combined,empathicschool
0,0.11599754,1.0,empathicschool_s28,combined,empathicschool
0,0.11627353,1.0,empathicschool_s28,combined,empathicschool
0,0.11648609,1.0,empathicschool_s28,combined,empathicschool
0,0.11684842,1.0,empathicschool_s28,combined,empathicschool
0,0.116482235,1.0,empathicschool_s28,combined,empathicschool
0,0.115841314,1.0,empathicschool_s28,combined,empathicschool
0,0.11559899,1.0,empathicschool_s28,combined,empathicschool
0,0.115430325,1.0,empathicschool_s28,combined,empathicschool
0,0.11651612,1.0,empathicschool_s28,combined,empathicschool
0,0.11686817,1.0,empathicschool_s28,combined,empathicschool
0,0.0052124257,1.0,empathicschool_s28,combined,empathicschool
0,0.11678657,1.0,empathicschool_s28,combined,empathicschool
0,0.116471484,1.0,empathicschool_s28,combined,empathicschool
0,0.116075195,1.0,empathicschool_s28,combined,empathicschool
0,0.116035625,1.0,empathicschool_s28,combined,empathicschool
0,0.11587641,1.0,empathicschool_s28,combined,empathicschool
0,0.115803555,1.0,empathicschool_s28,combined,empathicschool
0,0.11578642,1.0,empathicschool_s28,combined,empathicschool
0,0.1157718,1.0,empathicschool_s28,combined,empathicschool
0,0.11577177,1.0,empathicschool_s28,combined,empathicschool
0,0.11573098,1.0,empathicschool_s28,combined,empathicschool
0,0.0043340484,1.0,empathicschool_s28,combined,empathicschool
0,0.115732186,1.0,empathicschool_s28,combined,empathicschool
0,0.11576365,1.0,empathicschool_s28,combined,empathicschool
0,0.115748644,1.0,empathicschool_s28,combined,empathicschool
0,0.115895666,1.0,empathicschool_s28,combined,empathicschool
0,0.11477612,1.0,empathicschool_s28,combined,empathicschool
0,0.114364035,1.0,empathicschool_s28,combined,empathicschool
0,0.115637645,1.0,empathicschool_s28,combined,empathicschool
0,0.11607202,1.0,empathicschool_s28,combined,empathicschool
0,0.114559434,1.0,empathicschool_s28,combined,empathicschool
0,0.11442905,1.0,empathicschool_s28,combined,empathicschool
0,0.0037821678,1.0,empathicschool_s28,combined,empathicschool
0,0.11580105,1.0,empathicschool_s28,combined,empathicschool
0,0.115452535,1.0,empathicschool_s28,combined,empathicschool
0,0.11557163,1.0,empathicschool_s28,combined,empathicschool
0,0.11574991,1.0,empathicschool_s28,combined,empathicschool
0,0.11577202,1.0,empathicschool_s28,combined,empathicschool
0,0.115852535,1.0,empathicschool_s28,combined,empathicschool
0,0.11572292,1.0,empathicschool_s28,combined,empathicschool
0,0.11573741,1.0,empathicschool_s28,combined,empathicschool
0,0.11582775,1.0,empathicschool_s28,combined,empathicschool
0,0.11488298,1.0,empathicschool_s28,combined,empathicschool
0,0.0030570128,1.0,empathicschool_s28,combined,empathicschool
0,0.11459145,1.0,empathicschool_s28,combined,empathicschool
0,0.11540102,1.0,empathicschool_s28,combined,empathicschool
0,0.1147659,1.0,empathicschool_s28,combined,empathicschool
0,0.11488248,1.0,empathicschool_s28,combined,empathicschool
0,0.1155529,1.0,empathicschool_s28,combined,empathicschool
0,0.115539044,1.0,empathicschool_s28,combined,empathicschool
0,0.115692034,1.0,empathicschool_s28,combined,empathicschool
0,0.11604032,1.0,empathicschool_s28,combined,empathicschool
0,0.116000056,1.0,empathicschool_s28,combined,empathicschool
0,0.11618562,1.0,empathicschool_s28,combined,empathicschool
0,0.0014247999,1.0,empathicschool_s28,combined,empathicschool
0,0.11607368,1.0,empathicschool_s28,combined,empathicschool
0,0.11613774,1.0,empathicschool_s28,combined,empathicschool
0,0.11601133,1.0,empathicschool_s28,combined,empathicschool
0,0.115923084,1.0,empathicschool_s28,combined,empathicschool
0,0.11610848,1.0,empathicschool_s28,combined,empathicschool
0,0.11624322,1.0,empathicschool_s28,combined,empathicschool
0,0.116280004,1.0,empathicschool_s28,combined,empathicschool
0,0.11614739,1.0,empathicschool_s28,combined,empathicschool
0,0.1160393,1.0,empathicschool_s28,combined,empathicschool
0,0.11596707,1.0,empathicschool_s28,combined,empathicschool
0,0.00054361706,1.0,empathicschool_s28,combined,empathicschool
0,0.11612992,1.0,empathicschool_s28,combined,empathicschool
0,0.11625335,1.0,empathicschool_s28,combined,empathicschool
0,0.11657528,1.0,empathicschool_s28,combined,empathicschool
0,0.116472416,1.0,empathicschool_s28,combined,empathicschool
0,0.11541423,1.0,empathicschool_s28,combined,empathicschool
0,0.11373054,1.0,empathicschool_s28,combined,empathicschool
0,0.11307726,1.0,empathicschool_s28,combined,empathicschool
0,0.112430826,1.0,empathicschool_s28,combined,empathicschool
0,0.1121118,1.0,empathicschool_s28,combined,empathicschool
0,0.11179736,1.0,empathicschool_s28,combined,empathicschool
0,0.00046594517,1.0,empathicschool_s28,combined,empathicschool
0,0.10987726,1.0,empathicschool_s28,combined,empathicschool
0,0.109664984,1.0,empathicschool_s28,combined,empathicschool
0,0.114497826,1.0,empathicschool_s28,combined,empathicschool
0,0.117400624,1.0,empathicschool_s28,combined,empathicschool
0,0.117866404,1.0,empathicschool_s28,combined,empathicschool
0,0.11860625,1.0,empathicschool_s28,combined,empathicschool
0,0.119065836,1.0,empathicschool_s28,combined,empathicschool
0,0.119020976,1.0,empathicschool_s28,combined,empathicschool
0,0.1184074,1.0,empathicschool_s28,combined,empathicschool
0,0.118172854,1.0,empathicschool_s28,combined,empathicschool
0,0.00047677444,1.0,empathicschool_s28,combined,empathicschool
0,0.1183333,1.0,empathicschool_s28,combined,empathicschool
0,0.118223675,1.0,empathicschool_s28,combined,empathicschool
0,0.11802695,1.0,empathicschool_s28,combined,empathicschool
0,0.11788164,1.0,empathicschool_s28,combined,empathicschool
0,0.11786001,1.0,empathicschool_s28,combined,empathicschool
0,0.11780321,1.0,empathicschool_s28,combined,empathicschool
0,0.11776012,1.0,empathicschool_s28,combined,empathicschool
0,0.11765673,1.0,empathicschool_s28,combined,empathicschool
0,0.11763651,1.0,empathicschool_s28,combined,empathicschool
0,0.1177133,1.0,empathicschool_s28,combined,empathicschool
0,0.16511604,1.0,empathicschool_s28,combined,empathicschool
0,0.16511288,1.0,empathicschool_s28,combined,empathicschool
0,0.117101885,1.0,empathicschool_s28,combined,empathicschool
0,0.11400405,1.0,empathicschool_s28,combined,empathicschool
0,0.11229789,1.0,empathicschool_s28,combined,empathicschool
0,0.11318829,1.0,empathicschool_s28,combined,empathicschool
0,0.114191085,1.0,empathicschool_s28,combined,empathicschool
0,0.11398687,1.0,empathicschool_s28,combined,empathicschool
0,0.11416318,1.0,empathicschool_s28,combined,empathicschool
0,0.11780554,1.0,empathicschool_s28,combined,empathicschool
0,0.11564814,1.0,empathicschool_s28,combined,empathicschool
0,0.11315786,1.0,empathicschool_s28,combined,empathicschool
0,0.11321884,1.0,empathicschool_s28,combined,empathicschool
0,0.114886135,1.0,empathicschool_s28,combined,empathicschool
0,0.113405965,1.0,empathicschool_s28,combined,empathicschool
0,0.11416626,1.0,empathicschool_s28,combined,empathicschool
0,0.11492805,1.0,empathicschool_s28,combined,empathicschool
0,0.11613539,1.0,empathicschool_s28,combined,empathicschool
0,0.11687973,1.0,empathicschool_s28,combined,empathicschool
0,0.11674833,1.0,empathicschool_s28,combined,empathicschool
0,0.11658248,1.0,empathicschool_s28,combined,empathicschool
0,0.11633395,1.0,empathicschool_s28,combined,empathicschool
0,0.11601215,1.0,empathicschool_s28,combined,empathicschool
0,0.11580585,1.0,empathicschool_s28,combined,empathicschool
0,0.114922404,1.0,empathicschool_s28,combined,empathicschool
0,0.115894005,1.0,empathicschool_s28,combined,empathicschool
0,0.11668749,1.0,empathicschool_s28,combined,empathicschool
0,0.11722051,1.0,empathicschool_s28,combined,empathicschool
0,0.116932206,1.0,empathicschool_s28,combined,empathicschool
0,0.11695449,1.0,empathicschool_s28,combined,empathicschool
0,0.11810987,1.0,empathicschool_s28,combined,empathicschool
0,0.11838843,1.0,empathicschool_s28,combined,empathicschool
0,0.11794829,1.0,empathicschool_s28,combined,empathicschool
0,0.11854765,1.0,empathicschool_s28,combined,empathicschool
0,0.11868079,1.0,empathicschool_s28,combined,empathicschool
0,0.11495548,1.0,empathicschool_s28,combined,empathicschool
0,0.11822713,1.0,empathicschool_s28,combined,empathicschool
0,0.11847516,1.0,empathicschool_s28,combined,empathicschool
0,0.119961075,1.0,empathicschool_s28,combined,empathicschool
0,0.1196202,1.0,empathicschool_s28,combined,empathicschool
0,0.11759375,1.0,empathicschool_s28,combined,empathicschool
0,0.11731557,1.0,empathicschool_s28,combined,empathicschool
0,0.11731954,1.0,empathicschool_s28,combined,empathicschool
0,0.11724293,1.0,empathicschool_s28,combined,empathicschool
0,0.11681708,1.0,empathicschool_s28,combined,empathicschool
0,0.11661438,1.0,empathicschool_s28,combined,empathicschool
0,0.114839554,1.0,empathicschool_s28,combined,empathicschool
0,0.116827615,1.0,empathicschool_s28,combined,empathicschool
0,0.116944954,1.0,empathicschool_s28,combined,empathicschool
0,0.116874956,1.0,empathicschool_s28,combined,empathicschool
0,0.11693629,1.0,empathicschool_s28,combined,empathicschool
0,0.11699599,1.0,empathicschool_s28,combined,empathicschool
0,0.11689931,1.0,empathicschool_s28,combined,empathicschool
0,0.11717184,1.0,empathicschool_s28,combined,empathicschool
0,0.11722076,1.0,empathicschool_s28,combined,empathicschool
0,0.11724721,1.0,empathicschool_s28,combined,empathicschool
0,0.11778557,1.0,empathicschool_s28,combined,empathicschool
0,0.11463063,1.0,empathicschool_s28,combined,empathicschool
0,0.11866997,1.0,empathicschool_s28,combined,empathicschool
0,0.11941798,1.0,empathicschool_s28,combined,empathicschool
0,0.119612016,1.0,empathicschool_s28,combined,empathicschool
0,0.11973882,1.0,empathicschool_s28,combined,empathicschool
0,0.120008156,1.0,empathicschool_s28,combined,empathicschool
0,0.120488994,1.0,empathicschool_s28,combined,empathicschool
0,0.11926078,1.0,empathicschool_s28,combined,empathicschool
0,0.11737013,1.0,empathicschool_s28,combined,empathicschool
0,0.1202076,1.0,empathicschool_s28,combined,empathicschool
0,0.12297869,1.0,empathicschool_s28,combined,empathicschool
0,0.11396381,1.0,empathicschool_s28,combined,empathicschool
0,0.13431494,1.0,empathicschool_s28,combined,empathicschool
0,0.15953864,1.0,empathicschool_s28,combined,empathicschool
0,0.1683344,1.0,empathicschool_s28,combined,empathicschool
0,0.16887444,1.0,empathicschool_s28,combined,empathicschool
0,0.16898973,1.0,empathicschool_s28,combined,empathicschool
0,0.16888244,1.0,empathicschool_s28,combined,empathicschool
0,0.1687073,1.0,empathicschool_s28,combined,empathicschool
0,0.16891493,1.0,empathicschool_s28,combined,empathicschool
0,0.16921668,1.0,empathicschool_s28,combined,empathicschool
0,0.1691995,1.0,empathicschool_s28,combined,empathicschool
0,0.1137409,1.0,empathicschool_s28,combined,empathicschool
0,0.1691297,1.0,empathicschool_s28,combined,empathicschool
0,0.16900519,1.0,empathicschool_s28,combined,empathicschool
0,0.16915432,1.0,empathicschool_s28,combined,empathicschool
0,0.16901633,1.0,empathicschool_s28,combined,empathicschool
0,0.16814637,1.0,empathicschool_s28,combined,empathicschool
0,0.16789035,1.0,empathicschool_s28,combined,empathicschool
0,0.16787812,1.0,empathicschool_s28,combined,empathicschool
0,0.16739373,1.0,empathicschool_s28,combined,empathicschool
0,0.16679768,1.0,empathicschool_s28,combined,empathicschool
0,0.16693214,1.0,empathicschool_s28,combined,empathicschool
0,0.11392297,1.0,empathicschool_s28,combined,empathicschool
0,0.16744323,1.0,empathicschool_s28,combined,empathicschool
0,0.167602,1.0,empathicschool_s28,combined,empathicschool
0,0.1675615,1.0,empathicschool_s28,combined,empathicschool
0,0.16742499,1.0,empathicschool_s28,combined,empathicschool
0,0.1674095,1.0,empathicschool_s28,combined,empathicschool
0,0.16683288,1.0,empathicschool_s28,combined,empathicschool
0,0.1669049,1.0,empathicschool_s28,combined,empathicschool
0,0.16693208,1.0,empathicschool_s28,combined,empathicschool
0,0.16634305,1.0,empathicschool_s28,combined,empathicschool
0,0.16632012,1.0,empathicschool_s28,combined,empathicschool
0,0.11455954,1.0,empathicschool_s28,combined,empathicschool
0,0.16684246,1.0,empathicschool_s28,combined,empathicschool
0,0.16783099,1.0,empathicschool_s28,combined,empathicschool
0,0.16822106,1.0,empathicschool_s28,combined,empathicschool
0,0.1683552,1.0,empathicschool_s28,combined,empathicschool
0,0.16855928,1.0,empathicschool_s28,combined,empathicschool
0,0.16856949,1.0,empathicschool_s28,combined,empathicschool
0,0.16868074,1.0,empathicschool_s28,combined,empathicschool
0,0.16822863,1.0,empathicschool_s28,combined,empathicschool
0,0.16734295,1.0,empathicschool_s28,combined,empathicschool
0,0.16659075,1.0,empathicschool_s28,combined,empathicschool
0,0.16511025,1.0,empathicschool_s28,combined,empathicschool
0,0.115081236,1.0,empathicschool_s28,combined,empathicschool
0,0.16668762,1.0,empathicschool_s28,combined,empathicschool
0,0.16729581,1.0,empathicschool_s28,combined,empathicschool
0,0.16726522,1.0,empathicschool_s28,combined,empathicschool
0,0.16732714,1.0,empathicschool_s28,combined,empathicschool
0,0.1674274,1.0,empathicschool_s28,combined,empathicschool
0,0.16742907,1.0,empathicschool_s28,combined,empathicschool
0,0.16706647,1.0,empathicschool_s28,combined,empathicschool
0,0.16644976,1.0,empathicschool_s28,combined,empathicschool
0,0.1659521,1.0,empathicschool_s28,combined,empathicschool
0,0.16534391,1.0,empathicschool_s28,combined,empathicschool
0,0.115293175,1.0,empathicschool_s28,combined,empathicschool
0,0.16520588,1.0,empathicschool_s28,combined,empathicschool
0,0.16522048,1.0,empathicschool_s28,combined,empathicschool
0,0.16580723,1.0,empathicschool_s28,combined,empathicschool
0,0.16631073,1.0,empathicschool_s28,combined,empathicschool
0,0.1663097,1.0,empathicschool_s28,combined,empathicschool
0,0.16630782,1.0,empathicschool_s28,combined,empathicschool
0,0.1663066,1.0,empathicschool_s28,combined,empathicschool
0,0.1663051,1.0,empathicschool_s28,combined,empathicschool
0,0.16574384,1.0,empathicschool_s28,combined,empathicschool
0,0.16519995,1.0,empathicschool_s28,combined,empathicschool
0,0.115531094,1.0,empathicschool_s28,combined,empathicschool
0,0.16519845,1.0,empathicschool_s28,combined,empathicschool
0,0.16519663,1.0,empathicschool_s28,combined,empathicschool
0,0.1651938,1.0,empathicschool_s28,combined,empathicschool
0,0.16519062,1.0,empathicschool_s28,combined,empathicschool
0,0.16518717,1.0,empathicschool_s28,combined,empathicschool
0,0.16518442,1.0,empathicschool_s28,combined,empathicschool
0,0.16518447,1.0,empathicschool_s28,combined,empathicschool
0,0.16518746,1.0,empathicschool_s28,combined,empathicschool
0,0.16519111,1.0,empathicschool_s28,combined,empathicschool
0,0.16519235,1.0,empathicschool_s28,combined,empathicschool
0,0.11573085,1.0,empathicschool_s28,combined,empathicschool
0,0.16519149,1.0,empathicschool_s28,combined,empathicschool
0,0.16519079,1.0,empathicschool_s28,combined,empathicschool
0,0.16518998,1.0,empathicschool_s28,combined,empathicschool
0,0.16518891,1.0,empathicschool_s28,combined,empathicschool
0,0.16518766,1.0,empathicschool_s28,combined,empathicschool
0,0.16518793,1.0,empathicschool_s28,combined,empathicschool
0,0.16518956,1.0,empathicschool_s28,combined,empathicschool
0,0.16519065,1.0,empathicschool_s28,combined,empathicschool
0,0.16518994,1.0,empathicschool_s28,combined,empathicschool
0,0.16518785,1.0,empathicschool_s28,combined,empathicschool
0,0.11581679,1.0,empathicschool_s28,combined,empathicschool
0,0.16518576,1.0,empathicschool_s28,combined,empathicschool
0,0.16518418,1.0,empathicschool_s28,combined,empathicschool
0,0.1651825,1.0,empathicschool_s28,combined,empathicschool
0,0.16518109,1.0,empathicschool_s28,combined,empathicschool
0,0.16518165,1.0,empathicschool_s28,combined,empathicschool
0,0.1651831,1.0,empathicschool_s28,combined,empathicschool
0,0.16518413,1.0,empathicschool_s28,combined,empathicschool
0,0.16518362,1.0,empathicschool_s28,combined,empathicschool
0,0.1651816,1.0,empathicschool_s28,combined,empathicschool
0,0.1651803,1.0,empathicschool_s28,combined,empathicschool
0,0.1164705,1.0,empathicschool_s28,combined,empathicschool
0,0.1651801,1.0,empathicschool_s28,combined,empathicschool
0,0.16518317,1.0,empathicschool_s28,combined,empathicschool
0,0.1657049,1.0,empathicschool_s28,combined,empathicschool
0,0.16628169,1.0,empathicschool_s28,combined,empathicschool
0,0.16628893,1.0,empathicschool_s28,combined,empathicschool
0,0.1662863,1.0,empathicschool_s28,combined,empathicschool
0,0.1662852,1.0,empathicschool_s28,combined,empathicschool
0,0.16628438,1.0,empathicschool_s28,combined,empathicschool
0,0.1657634,1.0,empathicschool_s28,combined,empathicschool
0,0.16518688,1.0,empathicschool_s28,combined,empathicschool
0,0.121509306,1.0,empathicschool_s28,combined,empathicschool
0,0.16517496,1.0,empathicschool_s28,combined,empathicschool
0,0.165173,1.0,empathicschool_s28,combined,empathicschool
0,0.16517264,1.0,empathicschool_s28,combined,empathicschool
0,0.16517468,1.0,empathicschool_s28,combined,empathicschool
0,0.16517778,1.0,empathicschool_s28,combined,empathicschool
0,0.16517949,1.0,empathicschool_s28,combined,empathicschool
0,0.16517802,1.0,empathicschool_s28,combined,empathicschool
0,0.16517554,1.0,empathicschool_s28,combined,empathicschool
0,0.16517392,1.0,empathicschool_s28,combined,empathicschool
0,0.16517399,1.0,empathicschool_s28,combined,empathicschool
0,0.12111699,1.0,empathicschool_s28,combined,empathicschool
0,0.16517422,1.0,empathicschool_s28,combined,empathicschool
0,0.16517231,1.0,empathicschool_s28,combined,empathicschool
0,0.16516943,1.0,empathicschool_s28,combined,empathicschool
0,0.16516683,1.0,empathicschool_s28,combined,empathicschool
0,0.1651654,1.0,empathicschool_s28,combined,empathicschool
0,0.16516453,1.0,empathicschool_s28,combined,empathicschool
0,0.16516367,1.0,empathicschool_s28,combined,empathicschool
0,0.1651634,1.0,empathicschool_s28,combined,empathicschool
0,0.16516297,1.0,empathicschool_s28,combined,empathicschool
0,0.1651618,1.0,empathicschool_s28,combined,empathicschool
0,0.11785072,1.0,empathicschool_s28,combined,empathicschool
0,0.16516109,1.0,empathicschool_s28,combined,empathicschool
0,0.16516167,1.0,empathicschool_s28,combined,empathicschool
0,0.16516177,1.0,empathicschool_s28,combined,empathicschool
0,0.1651606,1.0,empathicschool_s28,combined,empathicschool
0,0.16516012,1.0,empathicschool_s28,combined,empathicschool
0,0.16516156,1.0,empathicschool_s28,combined,empathicschool
0,0.16516279,1.0,empathicschool_s28,combined,empathicschool
0,0.16516301,1.0,empathicschool_s28,combined,empathicschool
0,0.16516227,1.0,empathicschool_s28,combined,empathicschool
0,0.16516174,1.0,empathicschool_s28,combined,empathicschool
0,0.11683104,1.0,empathicschool_s28,combined,empathicschool
0,0.16516104,1.0,empathicschool_s28,combined,empathicschool
0,0.1651601,1.0,empathicschool_s28,combined,empathicschool
0,0.16515915,1.0,empathicschool_s28,combined,empathicschool
0,0.16515784,1.0,empathicschool_s28,combined,empathicschool
0,0.16515575,1.0,empathicschool_s28,combined,empathicschool
0,0.16515462,1.0,empathicschool_s28,combined,empathicschool
0,0.16516456,1.0,empathicschool_s28,combined,empathicschool
0,0.16557592,1.0,empathicschool_s28,combined,empathicschool
0,0.16619426,1.0,empathicschool_s28,combined,empathicschool
0,0.16629413,1.0,empathicschool_s28,combined,empathicschool
0,0.14419976,1.0,empathicschool_s28,combined,empathicschool
0,0.11651434,1.0,empathicschool_s28,combined,empathicschool
0,0.16629113,1.0,empathicschool_s28,combined,empathicschool
0,0.16629083,1.0,empathicschool_s28,combined,empathicschool
0,0.16629165,1.0,empathicschool_s28,combined,empathicschool
0,0.1659391,1.0,empathicschool_s28,combined,empathicschool
0,0.16577394,1.0,empathicschool_s28,combined,empathicschool
0,0.16624254,1.0,empathicschool_s28,combined,empathicschool
0,0.16629967,1.0,empathicschool_s28,combined,empathicschool
0,0.16629392,1.0,empathicschool_s28,combined,empathicschool
0,0.16628884,1.0,empathicschool_s28,combined,empathicschool
0,0.1662935,1.0,empathicschool_s28,combined,empathicschool
0,0.11537245,1.0,empathicschool_s28,combined,empathicschool
0,0.16595834,1.0,empathicschool_s28,combined,empathicschool
0,0.16597486,1.0,empathicschool_s28,combined,empathicschool
0,0.16635337,1.0,empathicschool_s28,combined,empathicschool
0,0.1666696,1.0,empathicschool_s28,combined,empathicschool
0,0.16727869,1.0,empathicschool_s28,combined,empathicschool
0,0.1674565,1.0,empathicschool_s28,combined,empathicschool
0,0.16740897,1.0,empathicschool_s28,combined,empathicschool
0,0.16679664,1.0,empathicschool_s28,combined,empathicschool
0,0.16654566,1.0,empathicschool_s28,combined,empathicschool
0,0.16686855,1.0,empathicschool_s28,combined,empathicschool
0,0.11662562,1.0,empathicschool_s28,combined,empathicschool
0,0.16689259,1.0,empathicschool_s28,combined,empathicschool
0,0.16730465,1.0,empathicschool_s28,combined,empathicschool
0,0.16745116,1.0,empathicschool_s28,combined,empathicschool
0,0.16744097,1.0,empathicschool_s28,combined,empathicschool
0,0.11777522,1.0,empathicschool_s28,combined,empathicschool
0,0.11917879,1.0,empathicschool_s28,combined,empathicschool
0,0.12015673,1.0,empathicschool_s28,combined,empathicschool
0,0.119974285,1.0,empathicschool_s28,combined,empathicschool
0,0.120137826,1.0,empathicschool_s28,combined,empathicschool
0,0.11981037,1.0,empathicschool_s28,combined,empathicschool
0,0.11925119,1.0,empathicschool_s28,combined,empathicschool
0,0.11682349,1.0,empathicschool_s28,combined,empathicschool
0,0.11936884,1.0,empathicschool_s28,combined,empathicschool
0,0.1197235,1.0,empathicschool_s28,combined,empathicschool
0,0.1197879,1.0,empathicschool_s28,combined,empathicschool
0,0.11971302,1.0,empathicschool_s28,combined,empathicschool
0,0.11957149,1.0,empathicschool_s28,combined,empathicschool
0,0.119889505,1.0,empathicschool_s28,combined,empathicschool
0,0.12026201,1.0,empathicschool_s28,combined,empathicschool
0,0.12034134,1.0,empathicschool_s28,combined,empathicschool
0,0.12047992,1.0,empathicschool_s28,combined,empathicschool
0,0.12052868,1.0,empathicschool_s28,combined,empathicschool
0,0.112833105,1.0,empathicschool_s28,combined,empathicschool
0,0.12055375,1.0,empathicschool_s28,combined,empathicschool
0,0.11995565,1.0,empathicschool_s28,combined,empathicschool
0,0.118445754,1.0,empathicschool_s28,combined,empathicschool
0,0.11729448,1.0,empathicschool_s28,combined,empathicschool
0,0.11739658,1.0,empathicschool_s28,combined,empathicschool
0,0.11643023,1.0,empathicschool_s28,combined,empathicschool
0,0.1152713,1.0,empathicschool_s28,combined,empathicschool
0,0.11667872,1.0,empathicschool_s28,combined,empathicschool
0,0.118212804,1.0,empathicschool_s28,combined,empathicschool
0,0.11854514,1.0,empathicschool_s28,combined,empathicschool
0,0.11359812,1.0,empathicschool_s28,combined,empathicschool
0,0.118330956,1.0,empathicschool_s28,combined,empathicschool
0,0.118392244,1.0,empathicschool_s28,combined,empathicschool
0,0.1182503,1.0,empathicschool_s28,combined,empathicschool
0,0.11761358,1.0,empathicschool_s28,combined,empathicschool
0,0.11606551,1.0,empathicschool_s28,combined,empathicschool
0,0.11297887,1.0,empathicschool_s28,combined,empathicschool
0,0.112078436,1.0,empathicschool_s28,combined,empathicschool
0,0.112505265,1.0,empathicschool_s28,combined,empathicschool
0,0.11291466,1.0,empathicschool_s28,combined,empathicschool
0,0.112971865,1.0,empathicschool_s28,combined,empathicschool
0,0.11637034,1.0,empathicschool_s28,combined,empathicschool
0,0.11265919,1.0,empathicschool_s28,combined,empathicschool
0,0.1124501,1.0,empathicschool_s28,combined,empathicschool
0,0.11240271,1.0,empathicschool_s28,combined,empathicschool
0,0.11237983,1.0,empathicschool_s28,combined,empathicschool
0,0.12949556,1.0,empathicschool_s28,combined,empathicschool
0,0.15610488,1.0,empathicschool_s28,combined,empathicschool
0,0.14608355,1.0,empathicschool_s28,combined,empathicschool
0,0.12429069,1.0,empathicschool_s28,combined,empathicschool
0,0.115820654,1.0,empathicschool_s28,combined,empathicschool
0,0.11517955,1.0,empathicschool_s28,combined,empathicschool
0,0.11674095,1.0,empathicschool_s28,combined,empathicschool
0,0.109685846,1.0,empathicschool_s28,combined,empathicschool
0,0.11171474,1.0,empathicschool_s28,combined,empathicschool
0,0.114946276,1.0,empathicschool_s28,combined,empathicschool
0,0.11948923,1.0,empathicschool_s28,combined,empathicschool
0,0.1321152,1.0,empathicschool_s28,combined,empathicschool
0,0.13623042,1.0,empathicschool_s28,combined,empathicschool
0,0.13673033,1.0,empathicschool_s28,combined,empathicschool
0,0.13631517,1.0,empathicschool_s28,combined,empathicschool
0,0.13587922,1.0,empathicschool_s28,combined,empathicschool
0,0.13537247,1.0,empathicschool_s28,combined,empathicschool
0,0.11728975,1.0,empathicschool_s28,combined,empathicschool
0,0.13459057,1.0,empathicschool_s28,combined,empathicschool
0,0.13383286,1.0,empathicschool_s28,combined,empathicschool
0,0.13356465,1.0,empathicschool_s28,combined,empathicschool
0,0.13371342,1.0,empathicschool_s28,combined,empathicschool
0,0.13309024,1.0,empathicschool_s28,combined,empathicschool
0,0.1315059,1.0,empathicschool_s28,combined,empathicschool
0,0.12257373,1.0,empathicschool_s28,combined,empathicschool
0,0.113394745,1.0,empathicschool_s28,combined,empathicschool
0,0.112683505,1.0,empathicschool_s28,combined,empathicschool
0,0.114812024,1.0,empathicschool_s28,combined,empathicschool
0,0.16536924,1.0,empathicschool_s28,combined,empathicschool
0,0.14411159,1.0,empathicschool_s28,combined,empathicschool
0,0.11521382,1.0,empathicschool_s28,combined,empathicschool
0,0.11677568,1.0,empathicschool_s28,combined,empathicschool
0,0.11700766,1.0,empathicschool_s28,combined,empathicschool
0,0.1173789,1.0,empathicschool_s28,combined,empathicschool
0,0.117837854,1.0,empathicschool_s28,combined,empathicschool
0,0.1182347,1.0,empathicschool_s28,combined,empathicschool
0,0.118490405,1.0,empathicschool_s28,combined,empathicschool
0,0.11860021,1.0,empathicschool_s28,combined,empathicschool
0,0.11878352,1.0,empathicschool_s28,combined,empathicschool
0,0.118902415,1.0,empathicschool_s28,combined,empathicschool
0,0.11893244,1.0,empathicschool_s28,combined,empathicschool
0,0.11578931,1.0,empathicschool_s28,combined,empathicschool
0,0.11844613,1.0,empathicschool_s28,combined,empathicschool
0,0.117953844,1.0,empathicschool_s28,combined,empathicschool
0,0.117504954,1.0,empathicschool_s28,combined,empathicschool
0,0.11674767,1.0,empathicschool_s28,combined,empathicschool
0,0.116324425,1.0,empathicschool_s28,combined,empathicschool
0,0.11602129,1.0,empathicschool_s28,combined,empathicschool
0,0.11605979,1.0,empathicschool_s28,combined,empathicschool
0,0.11721477,1.0,empathicschool_s28,combined,empathicschool
0,0.11781033,1.0,empathicschool_s28,combined,empathicschool
0,0.11687421,1.0,empathicschool_s28,combined,empathicschool
0,0.116032004,1.0,empathicschool_s28,combined,empathicschool
0,0.11677753,1.0,empathicschool_s28,combined,empathicschool
0,0.11751205,1.0,empathicschool_s28,combined,empathicschool
0,0.117058046,1.0,empathicschool_s28,combined,empathicschool
0,0.11619329,1.0,empathicschool_s28,combined,empathicschool
0,0.11585064,1.0,empathicschool_s28,combined,empathicschool
0,0.116119914,1.0,empathicschool_s28,combined,empathicschool
0,0.11644564,1.0,empathicschool_s28,combined,empathicschool
0,0.11653972,1.0,empathicschool_s28,combined,empathicschool
0,0.11716284,1.0,empathicschool_s28,combined,empathicschool
0,0.117673926,1.0,empathicschool_s28,combined,empathicschool
0,0.11599674,1.0,empathicschool_s28,combined,empathicschool
0,0.1177339,1.0,empathicschool_s28,combined,empathicschool
0,0.11738684,1.0,empathicschool_s28,combined,empathicschool
0,0.117973745,1.0,empathicschool_s28,combined,empathicschool
0,0.1183247,1.0,empathicschool_s28,combined,empathicschool
0,0.11822136,1.0,empathicschool_s28,combined,empathicschool
0,0.117390595,1.0,empathicschool_s28,combined,empathicschool
0,0.11670615,1.0,empathicschool_s28,combined,empathicschool
0,0.11724726,1.0,empathicschool_s28,combined,empathicschool
0,0.11788065,1.0,empathicschool_s28,combined,empathicschool
0,0.118178375,1.0,empathicschool_s28,combined,empathicschool
0,0.11518015,1.0,empathicschool_s28,combined,empathicschool
0,0.1181154,1.0,empathicschool_s28,combined,empathicschool
0,0.11848855,1.0,empathicschool_s28,combined,empathicschool
0,0.11930166,1.0,empathicschool_s28,combined,empathicschool
0,0.11903821,1.0,empathicschool_s28,combined,empathicschool
0,0.120143846,1.0,empathicschool_s28,combined,empathicschool
0,0.12025605,1.0,empathicschool_s28,combined,empathicschool
0,0.11873267,1.0,empathicschool_s28,combined,empathicschool
0,0.11835718,1.0,empathicschool_s28,combined,empathicschool
0,0.11861147,1.0,empathicschool_s28,combined,empathicschool
0,0.118289225,1.0,empathicschool_s28,combined,empathicschool
0,0.11391851,1.0,empathicschool_s28,combined,empathicschool
0,0.118623644,1.0,empathicschool_s28,combined,empathicschool
0,0.11959568,1.0,empathicschool_s28,combined,empathicschool
0,0.12055234,1.0,empathicschool_s28,combined,empathicschool
0,0.120971225,1.0,empathicschool_s28,combined,empathicschool
0,0.12083845,1.0,empathicschool_s28,combined,empathicschool
0,0.12101133,1.0,empathicschool_s28,combined,empathicschool
0,0.12041383,1.0,empathicschool_s28,combined,empathicschool
0,0.12232113,1.0,empathicschool_s28,combined,empathicschool
0,0.12280353,1.0,empathicschool_s28,combined,empathicschool
0,0.12104926,1.0,empathicschool_s28,combined,empathicschool
0,0.11414568,1.0,empathicschool_s28,combined,empathicschool
0,0.120104074,1.0,empathicschool_s28,combined,empathicschool
0,0.11993812,1.0,empathicschool_s28,combined,empathicschool
0,0.119671315,1.0,empathicschool_s28,combined,empathicschool
0,0.11846858,1.0,empathicschool_s28,combined,empathicschool
0,0.116905116,1.0,empathicschool_s28,combined,empathicschool
0,0.11631916,1.0,empathicschool_s28,combined,empathicschool
0,0.11604511,1.0,empathicschool_s28,combined,empathicschool
0,0.115835935,1.0,empathicschool_s28,combined,empathicschool
0,0.1165569,1.0,empathicschool_s28,combined,empathicschool
0,0.11678123,1.0,empathicschool_s28,combined,empathicschool
0,0.114748105,1.0,empathicschool_s28,combined,empathicschool
0,0.11660576,1.0,empathicschool_s28,combined,empathicschool
0,0.11703806,1.0,empathicschool_s28,combined,empathicschool
0,0.118418105,1.0,empathicschool_s28,combined,empathicschool
0,0.11826561,1.0,empathicschool_s28,combined,empathicschool
0,0.11709652,1.0,empathicschool_s28,combined,empathicschool
0,0.11636333,1.0,empathicschool_s28,combined,empathicschool
0,0.116313376,1.0,empathicschool_s28,combined,empathicschool
0,0.116559796,1.0,empathicschool_s28,combined,empathicschool
0,0.11599436,1.0,empathicschool_s28,combined,empathicschool
0,0.11565278,1.0,empathicschool_s28,combined,empathicschool
0,0.11512334,1.0,empathicschool_s28,combined,empathicschool
0,0.11635421,1.0,empathicschool_s28,combined,empathicschool
0,0.117003314,1.0,empathicschool_s28,combined,empathicschool
0,0.11750996,1.0,empathicschool_s28,combined,empathicschool
0,0.11747783,1.0,empathicschool_s28,combined,empathicschool
0,0.11746711,1.0,empathicschool_s28,combined,empathicschool
0,0.117817484,1.0,empathicschool_s28,combined,empathicschool
0,0.11736933,1.0,empathicschool_s28,combined,empathicschool
0,0.11684385,1.0,empathicschool_s28,combined,empathicschool
0,0.116428964,1.0,empathicschool_s28,combined,empathicschool
0,0.1166682,1.0,empathicschool_s28,combined,empathicschool
0,0.11589093,1.0,empathicschool_s28,combined,empathicschool
0,0.11710641,1.0,empathicschool_s28,combined,empathicschool
0,0.117158696,1.0,empathicschool_s28,combined,empathicschool
0,0.11711631,1.0,empathicschool_s28,combined,empathicschool
0,0.11656691,1.0,empathicschool_s28,combined,empathicschool
0,0.1168335,1.0,empathicschool_s28,combined,empathicschool
0,0.11671524,1.0,empathicschool_s28,combined,empathicschool
0,0.11589575,1.0,empathicschool_s28,combined,empathicschool
0,0.11525657,1.0,empathicschool_s28,combined,empathicschool
0,0.11386278,1.0,empathicschool_s28,combined,empathicschool
0,0.11178418,1.0,empathicschool_s28,combined,empathicschool
0,0.1181964,1.0,empathicschool_s28,combined,empathicschool
0,0.11651634,1.0,empathicschool_s28,combined,empathicschool
0,0.11236052,1.0,empathicschool_s28,combined,empathicschool
0,0.11321252,1.0,empathicschool_s28,combined,empathicschool
0,0.11337471,1.0,empathicschool_s28,combined,empathicschool
0,0.11420557,1.0,empathicschool_s28,combined,empathicschool
0,0.11461291,1.0,empathicschool_s28,combined,empathicschool
0,0.11424176,1.0,empathicschool_s28,combined,empathicschool
0,0.11379698,1.0,empathicschool_s28,combined,empathicschool
0,0.11439233,1.0,empathicschool_s28,combined,empathicschool
0,0.11495341,1.0,empathicschool_s28,combined,empathicschool
0,0.11444875,1.0,empathicschool_s28,combined,empathicschool
0,0.117026925,1.0,empathicschool_s28,combined,empathicschool
0,0.114636146,1.0,empathicschool_s28,combined,empathicschool
0,0.11526723,1.0,empathicschool_s28,combined,empathicschool
0,0.11570502,1.0,empathicschool_s28,combined,empathicschool
0,0.11592892,1.0,empathicschool_s28,combined,empathicschool
0,0.11590838,1.0,empathicschool_s28,combined,empathicschool
0,0.11574308,1.0,empathicschool_s28,combined,empathicschool
0,0.1156737,1.0,empathicschool_s28,combined,empathicschool
0,0.11619996,1.0,empathicschool_s28,combined,empathicschool
0,0.11626817,1.0,empathicschool_s28,combined,empathicschool
0,0.11641286,1.0,empathicschool_s28,combined,empathicschool
0,0.117493056,1.0,empathicschool_s28,combined,empathicschool
0,0.11681891,1.0,empathicschool_s28,combined,empathicschool
0,0.116731405,1.0,empathicschool_s28,combined,empathicschool
0,0.11648823,1.0,empathicschool_s28,combined,empathicschool
0,0.115513295,1.0,empathicschool_s28,combined,empathicschool
0,0.114128985,1.0,empathicschool_s28,combined,empathicschool
0,0.10774789,1.0,empathicschool_s28,combined,empathicschool
0,0.10522608,1.0,empathicschool_s28,combined,empathicschool
0,0.11170891,1.0,empathicschool_s28,combined,empathicschool
0,0.11307654,1.0,empathicschool_s28,combined,empathicschool
0,0.11340726,1.0,empathicschool_s28,combined,empathicschool
0,0.1175088,1.0,empathicschool_s28,combined,empathicschool
0,0.113874175,1.0,empathicschool_s28,combined,empathicschool
0,0.11381604,1.0,empathicschool_s28,combined,empathicschool
0,0.11379605,1.0,empathicschool_s28,combined,empathicschool
0,0.11439176,1.0,empathicschool_s28,combined,empathicschool
0,0.11508625,1.0,empathicschool_s28,combined,empathicschool
0,0.1152214,1.0,empathicschool_s28,combined,empathicschool
0,0.11494533,1.0,empathicschool_s28,combined,empathicschool
0,0.116002075,1.0,empathicschool_s28,combined,empathicschool
0,0.11687852,1.0,empathicschool_s28,combined,empathicschool
0,0.11626369,1.0,empathicschool_s28,combined,empathicschool
0,0.117654145,1.0,empathicschool_s28,combined,empathicschool
0,0.11592743,1.0,empathicschool_s28,combined,empathicschool
0,0.11578465,1.0,empathicschool_s28,combined,empathicschool
0,0.11580695,1.0,empathicschool_s28,combined,empathicschool
0,0.115931235,1.0,empathicschool_s28,combined,empathicschool
0,0.11579706,1.0,empathicschool_s28,combined,empathicschool
0,0.11600065,1.0,empathicschool_s28,combined,empathicschool
0,0.11595769,1.0,empathicschool_s28,combined,empathicschool
0,0.11648474,1.0,empathicschool_s28,combined,empathicschool
0,0.11694816,1.0,empathicschool_s28,combined,empathicschool
0,0.11672325,1.0,empathicschool_s28,combined,empathicschool
0,0.11794002,1.0,empathicschool_s28,combined,empathicschool
0,0.11731507,1.0,empathicschool_s28,combined,empathicschool
0,0.117227644,1.0,empathicschool_s28,combined,empathicschool
0,0.11731084,1.0,empathicschool_s28,combined,empathicschool
0,0.117449604,1.0,empathicschool_s28,combined,empathicschool
0,0.1171506,1.0,empathicschool_s28,combined,empathicschool
0,0.116357125,1.0,empathicschool_s28,combined,empathicschool
0,0.11586225,1.0,empathicschool_s28,combined,empathicschool
0,0.11641232,1.0,empathicschool_s28,combined,empathicschool
0,0.11640913,1.0,empathicschool_s28,combined,empathicschool
0,0.11613716,1.0,empathicschool_s28,combined,empathicschool
0,0.11866063,1.0,empathicschool_s28,combined,empathicschool
0,0.11668284,1.0,empathicschool_s28,combined,empathicschool
0,0.11706645,1.0,empathicschool_s28,combined,empathicschool
0,0.116422534,1.0,empathicschool_s28,combined,empathicschool
0,0.115465105,1.0,empathicschool_s28,combined,empathicschool
0,0.11490564,1.0,empathicschool_s28,combined,empathicschool
0,0.11423363,1.0,empathicschool_s28,combined,empathicschool
0,0.11427981,1.0,empathicschool_s28,combined,empathicschool
0,0.13998356,1.0,empathicschool_s28,combined,empathicschool
0,0.16986954,1.0,empathicschool_s28,combined,empathicschool
0,0.17045443,1.0,empathicschool_s28,combined,empathicschool
0,0.11895327,1.0,empathicschool_s28,combined,empathicschool
0,0.17056826,1.0,empathicschool_s28,combined,empathicschool
0,0.170287,1.0,empathicschool_s28,combined,empathicschool
0,0.16959225,1.0,empathicschool_s28,combined,empathicschool
0,0.16890801,1.0,empathicschool_s28,combined,empathicschool
0,0.1686535,1.0,empathicschool_s28,combined,empathicschool
0,0.16782051,1.0,empathicschool_s28,combined,empathicschool
0,0.16765279,1.0,empathicschool_s28,combined,empathicschool
0,0.16826361,1.0,empathicschool_s28,combined,empathicschool
0,0.16780016,1.0,empathicschool_s28,combined,empathicschool
0,0.16710675,1.0,empathicschool_s28,combined,empathicschool
0,0.1191827,1.0,empathicschool_s28,combined,empathicschool
0,0.16696632,1.0,empathicschool_s28,combined,empathicschool
0,0.16718021,1.0,empathicschool_s28,combined,empathicschool
0,0.16696547,1.0,empathicschool_s28,combined,empathicschool
0,0.16696572,1.0,empathicschool_s28,combined,empathicschool
0,0.16773304,1.0,empathicschool_s28,combined,empathicschool
0,0.16831431,1.0,empathicschool_s28,combined,empathicschool
0,0.16824098,1.0,empathicschool_s28,combined,empathicschool
0,0.1682442,1.0,empathicschool_s28,combined,empathicschool
0,0.16820855,1.0,empathicschool_s28,combined,empathicschool
0,0.1679533,1.0,empathicschool_s28,combined,empathicschool
0,0.11985841,1.0,empathicschool_s28,combined,empathicschool
0,0.116858765,1.0,empathicschool_s28,combined,empathicschool
0,0.11948896,1.0,empathicschool_s28,combined,empathicschool
0,0.118646264,1.0,empathicschool_s28,combined,empathicschool
0,0.1181581,1.0,empathicschool_s28,combined,empathicschool
0,0.11834561,1.0,empathicschool_s28,combined,empathicschool
0,0.118937515,1.0,empathicschool_s28,combined,empathicschool
0,0.11861686,1.0,empathicschool_s28,combined,empathicschool
0,0.11869026,1.0,empathicschool_s28,combined,empathicschool
0,0.119140945,1.0,empathicschool_s28,combined,empathicschool
0,0.118990734,1.0,empathicschool_s28,combined,empathicschool
0,0.11850355,1.0,empathicschool_s28,combined,empathicschool
0,0.117042735,1.0,empathicschool_s28,combined,empathicschool
0,0.11777526,1.0,empathicschool_s28,combined,empathicschool
0,0.11760924,1.0,empathicschool_s28,combined,empathicschool
0,0.11821226,1.0,empathicschool_s28,combined,empathicschool
0,0.118257396,1.0,empathicschool_s28,combined,empathicschool
0,0.11972535,1.0,empathicschool_s28,combined,empathicschool
0,0.120121635,1.0,empathicschool_s28,combined,empathicschool
0,0.119745575,1.0,empathicschool_s28,combined,empathicschool
0,0.11904056,1.0,empathicschool_s28,combined,empathicschool
0,0.11879185,1.0,empathicschool_s28,combined,empathicschool
0,0.11929277,1.0,empathicschool_s28,combined,empathicschool
0,0.116767995,1.0,empathicschool_s28,combined,empathicschool
0,0.118571706,1.0,empathicschool_s28,combined,empathicschool
0,0.11772947,1.0,empathicschool_s28,combined,empathicschool
0,0.11763271,1.0,empathicschool_s28,combined,empathicschool
0,0.11848895,1.0,empathicschool_s28,combined,empathicschool
0,0.118203096,1.0,empathicschool_s28,combined,empathicschool
0,0.11769445,1.0,empathicschool_s28,combined,empathicschool
0,0.11778263,1.0,empathicschool_s28,combined,empathicschool
0,0.118015684,1.0,empathicschool_s28,combined,empathicschool
0,0.11836313,1.0,empathicschool_s28,combined,empathicschool
0,0.1181292,1.0,empathicschool_s28,combined,empathicschool
0,0.11614772,1.0,empathicschool_s28,combined,empathicschool
0,0.11776941,1.0,empathicschool_s28,combined,empathicschool
0,0.11735193,1.0,empathicschool_s28,combined,empathicschool
0,0.11670788,1.0,empathicschool_s28,combined,empathicschool
0,0.116265155,1.0,empathicschool_s28,combined,empathicschool
0,0.11620808,1.0,empathicschool_s28,combined,empathicschool
0,0.116781816,1.0,empathicschool_s28,combined,empathicschool
0,0.11707779,1.0,empathicschool_s28,combined,empathicschool
0,0.116924025,1.0,empathicschool_s28,combined,empathicschool
0,0.11675997,1.0,empathicschool_s28,combined,empathicschool
0,0.11626233,1.0,empathicschool_s28,combined,empathicschool
0,0.115592025,1.0,empathicschool_s28,combined,empathicschool
0,0.11546448,1.0,empathicschool_s28,combined,empathicschool
0,0.11453257,1.0,empathicschool_s28,combined,empathicschool
0,0.11456408,1.0,empathicschool_s28,combined,empathicschool
0,0.11520372,1.0,empathicschool_s28,combined,empathicschool
0,0.11546128,1.0,empathicschool_s28,combined,empathicschool
0,0.116063945,1.0,empathicschool_s28,combined,empathicschool
0,0.116703056,1.0,empathicschool_s28,combined,empathicschool
0,0.11719066,1.0,empathicschool_s28,combined,empathicschool
0,0.116791114,1.0,empathicschool_s28,combined,empathicschool
0,0.11653323,1.0,empathicschool_s28,combined,empathicschool
0,0.11556707,1.0,empathicschool_s28,combined,empathicschool
0,0.11695441,1.0,empathicschool_s28,combined,empathicschool
0,0.117008455,1.0,empathicschool_s28,combined,empathicschool
0,0.11682137,1.0,empathicschool_s28,combined,empathicschool
0,0.116843104,1.0,empathicschool_s28,combined,empathicschool
0,0.116964266,1.0,empathicschool_s28,combined,empathicschool
0,0.11705374,1.0,empathicschool_s28,combined,empathicschool
0,0.11684694,1.0,empathicschool_s28,combined,empathicschool
0,0.116437525,1.0,empathicschool_s28,combined,empathicschool
0,0.11607314,1.0,empathicschool_s28,combined,empathicschool
0,0.11596145,1.0,empathicschool_s28,combined,empathicschool
0,0.1152264,1.0,empathicschool_s28,combined,empathicschool
0,0.11581233,1.0,empathicschool_s28,combined,empathicschool
0,0.11557667,1.0,empathicschool_s28,combined,empathicschool
0,0.11576762,1.0,empathicschool_s28,combined,empathicschool
0,0.11608594,1.0,empathicschool_s28,combined,empathicschool
0,0.1165244,1.0,empathicschool_s28,combined,empathicschool
0,0.11631883,1.0,empathicschool_s28,combined,empathicschool
0,0.11587872,1.0,empathicschool_s28,combined,empathicschool
0,0.11589259,1.0,empathicschool_s28,combined,empathicschool
0,0.1161511,1.0,empathicschool_s28,combined,empathicschool
0,0.11657556,1.0,empathicschool_s28,combined,empathicschool
0,0.16500984,1.0,empathicschool_s28,combined,empathicschool
0,0.16500966,1.0,empathicschool_s28,combined,empathicschool
0,0.10500507,1.0,empathicschool_s28,combined,empathicschool
0,0.16500764,1.0,empathicschool_s28,combined,empathicschool
0,0.1650037,1.0,empathicschool_s28,combined,empathicschool
0,0.16500382,1.0,empathicschool_s28,combined,empathicschool
0,0.16500357,1.0,empathicschool_s28,combined,empathicschool
0,0.16500361,1.0,empathicschool_s28,combined,empathicschool
0,0.16500388,1.0,empathicschool_s28,combined,empathicschool
0,0.16500378,1.0,empathicschool_s28,combined,empathicschool
0,0.16500366,1.0,empathicschool_s28,combined,empathicschool
0,0.16500369,1.0,empathicschool_s28,combined,empathicschool
0,0.16500378,1.0,empathicschool_s28,combined,empathicschool
0,0.1650037,1.0,empathicschool_s28,combined,empathicschool
0,0.16500777,1.0,empathicschool_s28,combined,empathicschool
0,0.16500367,1.0,empathicschool_s28,combined,empathicschool
0,0.16500363,1.0,empathicschool_s28,combined,empathicschool
0,0.16500351,1.0,empathicschool_s28,combined,empathicschool
0,0.16500361,1.0,empathicschool_s28,combined,empathicschool
0,0.16500378,1.0,empathicschool_s28,combined,empathicschool
0,0.1650037,1.0,empathicschool_s28,combined,empathicschool
0,0.16500369,1.0,empathicschool_s28,combined,empathicschool
0,0.16500382,1.0,empathicschool_s28,combined,empathicschool
0,0.16500388,1.0,empathicschool_s28,combined,empathicschool
0,0.16500385,1.0,empathicschool_s28,combined,empathicschool
0,0.16500798,1.0,empathicschool_s28,combined,empathicschool
0,0.16500372,1.0,empathicschool_s28,combined,empathicschool
0,0.16500376,1.0,empathicschool_s28,combined,empathicschool
0,0.16500376,1.0,empathicschool_s28,combined,empathicschool
0,0.1650039,1.0,empathicschool_s28,combined,empathicschool
0,0.16500416,1.0,empathicschool_s28,combined,empathicschool
0,0.16500431,1.0,empathicschool_s28,combined,empathicschool
0,0.16500449,1.0,empathicschool_s28,combined,empathicschool
0,0.1650046,1.0,empathicschool_s28,combined,empathicschool
0,0.16500445,1.0,empathicschool_s28,combined,empathicschool
0,0.16500436,1.0,empathicschool_s28,combined,empathicschool
0,0.1650079,1.0,empathicschool_s28,combined,empathicschool
0,0.16500449,1.0,empathicschool_s28,combined,empathicschool
0,0.16500452,1.0,empathicschool_s28,combined,empathicschool
0,0.16500443,1.0,empathicschool_s28,combined,empathicschool
0,0.16500439,1.0,empathicschool_s28,combined,empathicschool
0,0.16500434,1.0,empathicschool_s28,combined,empathicschool
0,0.16500412,1.0,empathicschool_s28,combined,empathicschool
0,0.16500387,1.0,empathicschool_s28,combined,empathicschool
0,0.16500401,1.0,empathicschool_s28,combined,empathicschool
0,0.16500416,1.0,empathicschool_s28,combined,empathicschool
0,0.1650043,1.0,empathicschool_s28,combined,empathicschool
0,0.16500778,1.0,empathicschool_s28,combined,empathicschool
0,0.16500427,1.0,empathicschool_s28,combined,empathicschool
0,0.16500407,1.0,empathicschool_s28,combined,empathicschool
0,0.16500387,1.0,empathicschool_s28,combined,empathicschool
0,0.16500397,1.0,empathicschool_s28,combined,empathicschool
0,0.1650041,1.0,empathicschool_s28,combined,empathicschool
0,0.16500416,1.0,empathicschool_s28,combined,empathicschool
0,0.1650041,1.0,empathicschool_s28,combined,empathicschool
0,0.16500409,1.0,empathicschool_s28,combined,empathicschool
0,0.16500401,1.0,empathicschool_s28,combined,empathicschool
0,0.16500424,1.0,empathicschool_s28,combined,empathicschool
0,0.16500768,1.0,empathicschool_s28,combined,empathicschool
0,0.16500437,1.0,empathicschool_s28,combined,empathicschool
0,0.16500428,1.0,empathicschool_s28,combined,empathicschool
0,0.16500428,1.0,empathicschool_s28,combined,empathicschool
0,0.16500442,1.0,empathicschool_s28,combined,empathicschool
0,0.1650043,1.0,empathicschool_s28,combined,empathicschool
0,0.16500415,1.0,empathicschool_s28,combined,empathicschool
0,0.16500428,1.0,empathicschool_s28,combined,empathicschool
0,0.16500422,1.0,empathicschool_s28,combined,empathicschool
0,0.16500415,1.0,empathicschool_s28,combined,empathicschool
0,0.16500418,1.0,empathicschool_s28,combined,empathicschool
0,0.16500756,1.0,empathicschool_s28,combined,empathicschool
0,0.16500404,1.0,empathicschool_s28,combined,empathicschool
0,0.16500409,1.0,empathicschool_s28,combined,empathicschool
0,0.16500434,1.0,empathicschool_s28,combined,empathicschool
0,0.16500437,1.0,empathicschool_s28,combined,empathicschool
0,0.16500436,1.0,empathicschool_s28,combined,empathicschool
0,0.16500434,1.0,empathicschool_s28,combined,empathicschool
0,0.16500428,1.0,empathicschool_s28,combined,empathicschool
0,0.16500415,1.0,empathicschool_s28,combined,empathicschool
0,0.16500393,1.0,empathicschool_s28,combined,empathicschool
0,0.16500387,1.0,empathicschool_s28,combined,empathicschool
0,0.16500771,1.0,empathicschool_s28,combined,empathicschool
0,0.1650042,1.0,empathicschool_s28,combined,empathicschool
0,0.16500412,1.0,empathicschool_s28,combined,empathicschool
0,0.16500293,1.0,empathicschool_s28,combined,empathicschool
0,0.16500185,1.0,empathicschool_s28,combined,empathicschool
0,0.16500163,1.0,empathicschool_s28,combined,empathicschool
0,0.16500175,1.0,empathicschool_s28,combined,empathicschool
0,0.16500175,1.0,empathicschool_s28,combined,empathicschool
0,0.16500124,1.0,empathicschool_s28,combined,empathicschool
0,0.16500245,1.0,empathicschool_s28,combined,empathicschool
0,0.16500442,1.0,empathicschool_s28,combined,empathicschool
0,0.16500768,1.0,empathicschool_s28,combined,empathicschool
0,0.16500457,1.0,empathicschool_s28,combined,empathicschool
0,0.16500452,1.0,empathicschool_s28,combined,empathicschool
0,0.16500479,1.0,empathicschool_s28,combined,empathicschool
0,0.16500461,1.0,empathicschool_s28,combined,empathicschool
0,0.16500457,1.0,empathicschool_s28,combined,empathicschool
0,0.16500445,1.0,empathicschool_s28,combined,empathicschool
0,0.16500442,1.0,empathicschool_s28,combined,empathicschool
0,0.16500424,1.0,empathicschool_s28,combined,empathicschool
0,0.16500428,1.0,empathicschool_s28,combined,empathicschool
0,0.16500442,1.0,empathicschool_s28,combined,empathicschool
0,0.16500777,1.0,empathicschool_s28,combined,empathicschool
0,0.16500436,1.0,empathicschool_s28,combined,empathicschool
0,0.16500434,1.0,empathicschool_s28,combined,empathicschool
0,0.16500424,1.0,empathicschool_s28,combined,empathicschool
0,0.16500407,1.0,empathicschool_s28,combined,empathicschool
0,0.16500401,1.0,empathicschool_s28,combined,empathicschool
0,0.16500404,1.0,empathicschool_s28,combined,empathicschool
0,0.1650039,1.0,empathicschool_s28,combined,empathicschool
0,0.165004,1.0,empathicschool_s28,combined,empathicschool
0,0.16500399,1.0,empathicschool_s28,combined,empathicschool
0,0.1650041,1.0,empathicschool_s28,combined,empathicschool
0,0.10496256,1.0,empathicschool_s28,combined,empathicschool
0,0.1650089,1.0,empathicschool_s28,combined,empathicschool
0,0.16500401,1.0,empathicschool_s28,combined,empathicschool
0,0.16500397,1.0,empathicschool_s28,combined,empathicschool
0,0.16500404,1.0,empathicschool_s28,combined,empathicschool
0,0.16500409,1.0,empathicschool_s28,combined,empathicschool
0,0.16500415,1.0,empathicschool_s28,combined,empathicschool
0,0.16500407,1.0,empathicschool_s28,combined,empathicschool
0,0.16500412,1.0,empathicschool_s28,combined,empathicschool
0,0.16500407,1.0,empathicschool_s28,combined,empathicschool
0,0.1650041,1.0,empathicschool_s28,combined,empathicschool
0,0.16500409,1.0,empathicschool_s28,combined,empathicschool
0,0.16500872,1.0,empathicschool_s28,combined,empathicschool
0,0.16500407,1.0,empathicschool_s28,combined,empathicschool
0,0.16500412,1.0,empathicschool_s28,combined,empathicschool
0,0.16500416,1.0,empathicschool_s28,combined,empathicschool
0,0.16500387,1.0,empathicschool_s28,combined,empathicschool
0,0.16500375,1.0,empathicschool_s28,combined,empathicschool
0,0.165004,1.0,empathicschool_s28,combined,empathicschool
0,0.16500428,1.0,empathicschool_s28,combined,empathicschool
0,0.16500409,1.0,empathicschool_s28,combined,empathicschool
0,0.16500396,1.0,empathicschool_s28,combined,empathicschool
0,0.16500396,1.0,empathicschool_s28,combined,empathicschool
0,0.16500746,1.0,empathicschool_s28,combined,empathicschool
0,0.16500403,1.0,empathicschool_s28,combined,empathicschool
0,0.1650041,1.0,empathicschool_s28,combined,empathicschool
0,0.16500422,1.0,empathicschool_s28,combined,empathicschool
0,0.1650042,1.0,empathicschool_s28,combined,empathicschool
0,0.16500401,1.0,empathicschool_s28,combined,empathicschool
0,0.16500388,1.0,empathicschool_s28,combined,empathicschool
0,0.16500385,1.0,empathicschool_s28,combined,empathicschool
0,0.16500397,1.0,empathicschool_s28,combined,empathicschool
0,0.16500412,1.0,empathicschool_s28,combined,empathicschool
0,0.1650042,1.0,empathicschool_s28,combined,empathicschool
0,0.16500746,1.0,empathicschool_s28,combined,empathicschool
0,0.16500428,1.0,empathicschool_s28,combined,empathicschool
0,0.16500427,1.0,empathicschool_s28,combined,empathicschool
0,0.16500401,1.0,empathicschool_s28,combined,empathicschool
0,0.16500396,1.0,empathicschool_s28,combined,empathicschool
0,0.16500415,1.0,empathicschool_s28,combined,empathicschool
0,0.16500404,1.0,empathicschool_s28,combined,empathicschool
0,0.16500394,1.0,empathicschool_s28,combined,empathicschool
0,0.16500401,1.0,empathicschool_s28,combined,empathicschool
0,0.16500412,1.0,empathicschool_s28,combined,empathicschool
0,0.165004,1.0,empathicschool_s28,combined,empathicschool
0,0.1650075,1.0,empathicschool_s28,combined,empathicschool
0,0.16500376,1.0,empathicschool_s28,combined,empathicschool
0,0.16500385,1.0,empathicschool_s28,combined,empathicschool
0,0.16500397,1.0,empathicschool_s28,combined,empathicschool
0,0.16500412,1.0,empathicschool_s28,combined,empathicschool
0,0.16500431,1.0,empathicschool_s28,combined,empathicschool
0,0.16500393,1.0,empathicschool_s28,combined,empathicschool
0,0.16500407,1.0,empathicschool_s28,combined,empathicschool
0,0.16500428,1.0,empathicschool_s28,combined,empathicschool
0,0.1650041,1.0,empathicschool_s28,combined,empathicschool
0,0.16500404,1.0,empathicschool_s28,combined,empathicschool
0,0.16500758,1.0,empathicschool_s28,combined,empathicschool
0,0.16500403,1.0,empathicschool_s28,combined,empathicschool
0,0.16500403,1.0,empathicschool_s28,combined,empathicschool
0,0.16500382,1.0,empathicschool_s28,combined,empathicschool
0,0.16500401,1.0,empathicschool_s28,combined,empathicschool
0,0.16500412,1.0,empathicschool_s28,combined,empathicschool
0,0.16500401,1.0,empathicschool_s28,combined,empathicschool
0,0.1650039,1.0,empathicschool_s28,combined,empathicschool
0,0.16500382,1.0,empathicschool_s28,combined,empathicschool
0,0.16500376,1.0,empathicschool_s28,combined,empathicschool
0,0.16500384,1.0,empathicschool_s28,combined,empathicschool
0,0.1650076,1.0,empathicschool_s28,combined,empathicschool
0,0.16500401,1.0,empathicschool_s28,combined,empathicschool
0,0.16500412,1.0,empathicschool_s28,combined,empathicschool
0,0.16500412,1.0,empathicschool_s28,combined,empathicschool
0,0.16500428,1.0,empathicschool_s28,combined,empathicschool
0,0.16500342,1.0,empathicschool_s28,combined,empathicschool
0,0.1650016,1.0,empathicschool_s28,combined,empathicschool
0,0.16500175,1.0,empathicschool_s28,combined,empathicschool
0,0.1650034,1.0,empathicschool_s28,combined,empathicschool
0,0.16500403,1.0,empathicschool_s28,combined,empathicschool
0,0.16500396,1.0,empathicschool_s28,combined,empathicschool
0,0.16500768,1.0,empathicschool_s28,combined,empathicschool
0,0.16500418,1.0,empathicschool_s28,combined,empathicschool
0,0.1650042,1.0,empathicschool_s28,combined,empathicschool
0,0.165004,1.0,empathicschool_s28,combined,empathicschool
0,0.1650042,1.0,empathicschool_s28,combined,empathicschool
0,0.16500424,1.0,empathicschool_s28,combined,empathicschool
0,0.16500415,1.0,empathicschool_s28,combined,empathicschool
0,0.16500415,1.0,empathicschool_s28,combined,empathicschool
0,0.16500416,1.0,empathicschool_s28,combined,empathicschool
0,0.16500407,1.0,empathicschool_s28,combined,empathicschool
0,0.16500416,1.0,empathicschool_s28,combined,empathicschool
0,0.16500744,1.0,empathicschool_s28,combined,empathicschool
0,0.16500436,1.0,empathicschool_s28,combined,empathicschool
0,0.16500442,1.0,empathicschool_s28,combined,empathicschool
0,0.1650047,1.0,empathicschool_s28,combined,empathicschool
0,0.16500504,1.0,empathicschool_s28,combined,empathicschool
0,0.16500409,1.0,empathicschool_s28,combined,empathicschool
0,0.16500401,1.0,empathicschool_s28,combined,empathicschool
0,0.1650042,1.0,empathicschool_s28,combined,empathicschool
0,0.16500418,1.0,empathicschool_s28,combined,empathicschool
0,0.16500415,1.0,empathicschool_s28,combined,empathicschool
0,0.165004,1.0,empathicschool_s28,combined,empathicschool
0,0.16500734,1.0,empathicschool_s28,combined,empathicschool
0,0.16500396,1.0,empathicschool_s28,combined,empathicschool
0,0.16500403,1.0,empathicschool_s28,combined,empathicschool
0,0.16500409,1.0,empathicschool_s28,combined,empathicschool
0,0.16500404,1.0,empathicschool_s28,combined,empathicschool
0,0.165004,1.0,empathicschool_s28,combined,empathicschool
0,0.1650041,1.0,empathicschool_s28,combined,empathicschool
0,0.16500407,1.0,empathicschool_s28,combined,empathicschool
0,0.16500396,1.0,empathicschool_s28,combined,empathicschool
0,0.16500403,1.0,empathicschool_s28,combined,empathicschool
0,0.16500409,1.0,empathicschool_s28,combined,empathicschool
0,0.10517521,1.0,empathicschool_s28,combined,empathicschool
0,0.16500756,1.0,empathicschool_s28,combined,empathicschool
0,0.16500404,1.0,empathicschool_s28,combined,empathicschool
0,0.16500397,1.0,empathicschool_s28,combined,empathicschool
0,0.16500407,1.0,empathicschool_s28,combined,empathicschool
0,0.16500421,1.0,empathicschool_s28,combined,empathicschool
0,0.16500409,1.0,empathicschool_s28,combined,empathicschool
0,0.16500397,1.0,empathicschool_s28,combined,empathicschool
0,0.16500385,1.0,empathicschool_s28,combined,empathicschool
0,0.16500384,1.0,empathicschool_s28,combined,empathicschool
0,0.16500412,1.0,empathicschool_s28,combined,empathicschool
0,0.16500415,1.0,empathicschool_s28,combined,empathicschool
0,0.16500765,1.0,empathicschool_s28,combined,empathicschool
0,0.165004,1.0,empathicschool_s28,combined,empathicschool
0,0.16500393,1.0,empathicschool_s28,combined,empathicschool
0,0.16500404,1.0,empathicschool_s28,combined,empathicschool
0,0.16500407,1.0,empathicschool_s28,combined,empathicschool
0,0.16500407,1.0,empathicschool_s28,combined,empathicschool
0,0.16500404,1.0,empathicschool_s28,combined,empathicschool
0,0.16500397,1.0,empathicschool_s28,combined,empathicschool
0,0.16500385,1.0,empathicschool_s28,combined,empathicschool
0,0.16500412,1.0,empathicschool_s28,combined,empathicschool
0,0.1650043,1.0,empathicschool_s28,combined,empathicschool
0,0.16500756,1.0,empathicschool_s28,combined,empathicschool
0,0.16500416,1.0,empathicschool_s28,combined,empathicschool
0,0.16500418,1.0,empathicschool_s28,combined,empathicschool
0,0.16500424,1.0,empathicschool_s28,combined,empathicschool
0,0.16500401,1.0,empathicschool_s28,combined,empathicschool
0,0.16500257,1.0,empathicschool_s28,combined,empathicschool
0,0.1650014,1.0,empathicschool_s28,combined,empathicschool
0,0.16500121,1.0,empathicschool_s28,combined,empathicschool
0,0.16500135,1.0,empathicschool_s28,combined,empathicschool
0,0.16500165,1.0,empathicschool_s28,combined,empathicschool
0,0.1650017,1.0,empathicschool_s28,combined,empathicschool
0,0.16500746,1.0,empathicschool_s28,combined,empathicschool
0,0.16500196,1.0,empathicschool_s28,combined,empathicschool
0,0.16500236,1.0,empathicschool_s28,combined,empathicschool
0,0.16500229,1.0,empathicschool_s28,combined,empathicschool
0,0.16500245,1.0,empathicschool_s28,combined,empathicschool
0,0.16500263,1.0,empathicschool_s28,combined,empathicschool
0,0.16500242,1.0,empathicschool_s28,combined,empathicschool
0,0.16500235,1.0,empathicschool_s28,combined,empathicschool
0,0.16500247,1.0,empathicschool_s28,combined,empathicschool
0,0.1650026,1.0,empathicschool_s28,combined,empathicschool
0,0.16500263,1.0,empathicschool_s28,combined,empathicschool
0,0.16500734,1.0,empathicschool_s28,combined,empathicschool
0,0.16500264,1.0,empathicschool_s28,combined,empathicschool
0,0.16500257,1.0,empathicschool_s28,combined,empathicschool
0,0.16500206,1.0,empathicschool_s28,combined,empathicschool
0,0.16500044,1.0,empathicschool_s28,combined,empathicschool
0,0.1649995,1.0,empathicschool_s28,combined,empathicschool
0,0.16499949,1.0,empathicschool_s28,combined,empathicschool
0,0.16499919,1.0,empathicschool_s28,combined,empathicschool
0,0.16499925,1.0,empathicschool_s28,combined,empathicschool
0,0.1649995,1.0,empathicschool_s28,combined,empathicschool
0,0.16499937,1.0,empathicschool_s28,combined,empathicschool
0,0.16500728,1.0,empathicschool_s28,combined,empathicschool
0,0.16499913,1.0,empathicschool_s28,combined,empathicschool
0,0.16499902,1.0,empathicschool_s28,combined,empathicschool
0,0.16499919,1.0,empathicschool_s28,combined,empathicschool
0,0.16499913,1.0,empathicschool_s28,combined,empathicschool
0,0.16499902,1.0,empathicschool_s28,combined,empathicschool
0,0.16499887,1.0,empathicschool_s28,combined,empathicschool
0,0.1649988,1.0,empathicschool_s28,combined,empathicschool
0,0.16499908,1.0,empathicschool_s28,combined,empathicschool
0,0.16499902,1.0,empathicschool_s28,combined,empathicschool
0,0.164999,1.0,empathicschool_s28,combined,empathicschool
0,0.16500753,1.0,empathicschool_s28,combined,empathicschool
0,0.16499907,1.0,empathicschool_s28,combined,empathicschool
0,0.16499887,1.0,empathicschool_s28,combined,empathicschool
0,0.16499878,1.0,empathicschool_s28,combined,empathicschool
0,0.16499871,1.0,empathicschool_s28,combined,empathicschool
0,0.16499884,1.0,empathicschool_s28,combined,empathicschool
0,0.16499907,1.0,empathicschool_s28,combined,empathicschool
0,0.16499895,1.0,empathicschool_s28,combined,empathicschool
0,0.1649988,1.0,empathicschool_s28,combined,empathicschool
0,0.16499877,1.0,empathicschool_s28,combined,empathicschool
0,0.1649988,1.0,empathicschool_s28,combined,empathicschool
0,0.16500752,1.0,empathicschool_s28,combined,empathicschool
0,0.16499878,1.0,empathicschool_s28,combined,empathicschool
0,0.16499887,1.0,empathicschool_s28,combined,empathicschool
0,0.16499902,1.0,empathicschool_s28,combined,empathicschool
0,0.16499919,1.0,empathicschool_s28,combined,empathicschool
0,0.16500746,1.0,empathicschool_s28,combined,empathicschool
0,0.16500743,1.0,empathicschool_s28,combined,empathicschool
0,0.10527353,1.0,empathicschool_s28,combined,empathicschool
0,0.16500734,1.0,empathicschool_s28,combined,empathicschool
0,0.16500717,1.0,empathicschool_s28,combined,empathicschool
0,0.16500719,1.0,empathicschool_s28,combined,empathicschool
0,0.16500726,1.0,empathicschool_s28,combined,empathicschool
0,0.16500711,1.0,empathicschool_s28,combined,empathicschool
0,0.16500717,1.0,empathicschool_s28,combined,empathicschool
0,0.16500719,1.0,empathicschool_s28,combined,empathicschool
0,0.16500722,1.0,empathicschool_s28,combined,empathicschool
0,0.16500701,1.0,empathicschool_s28,combined,empathicschool
0,0.1650069,1.0,empathicschool_s28,combined,empathicschool
0,0.10543561,1.0,empathicschool_s28,combined,empathicschool
0,0.16500701,1.0,empathicschool_s28,combined,empathicschool
0,0.16500719,1.0,empathicschool_s28,combined,empathicschool
0,0.16500713,1.0,empathicschool_s28,combined,empathicschool
0,0.16500713,1.0,empathicschool_s28,combined,empathicschool
0,0.16500701,1.0,empathicschool_s28,combined,empathicschool
0,0.1650069,1.0,empathicschool_s28,combined,empathicschool
0,0.16500708,1.0,empathicschool_s28,combined,empathicschool
0,0.16500705,1.0,empathicschool_s28,combined,empathicschool
0,0.1650071,1.0,empathicschool_s28,combined,empathicschool
0,0.16500726,1.0,empathicschool_s28,combined,empathicschool
0,0.105420314,1.0,empathicschool_s28,combined,empathicschool
0,0.16500732,1.0,empathicschool_s28,combined,empathicschool
0,0.1650071,1.0,empathicschool_s28,combined,empathicschool
0,0.16500713,1.0,empathicschool_s28,combined,empathicschool
0,0.16500732,1.0,empathicschool_s28,combined,empathicschool
0,0.16500743,1.0,empathicschool_s28,combined,empathicschool
0,0.16500746,1.0,empathicschool_s28,combined,empathicschool
0,0.16500738,1.0,empathicschool_s28,combined,empathicschool
0,0.16500717,1.0,empathicschool_s28,combined,empathicschool
0,0.1650071,1.0,empathicschool_s28,combined,empathicschool
0,0.16500719,1.0,empathicschool_s28,combined,empathicschool
0,0.10534852,1.0,empathicschool_s28,combined,empathicschool
0,0.16500731,1.0,empathicschool_s28,combined,empathicschool
0,0.16500732,1.0,empathicschool_s28,combined,empathicschool
0,0.16500717,1.0,empathicschool_s28,combined,empathicschool
0,0.16500708,1.0,empathicschool_s28,combined,empathicschool
0,0.16500698,1.0,empathicschool_s28,combined,empathicschool
0,0.16500689,1.0,empathicschool_s28,combined,empathicschool
0,0.16500689,1.0,empathicschool_s28,combined,empathicschool
0,0.16500685,1.0,empathicschool_s28,combined,empathicschool
0,0.16500697,1.0,empathicschool_s28,combined,empathicschool
0,0.16500708,1.0,empathicschool_s28,combined,empathicschool
0,0.10528965,1.0,empathicschool_s28,combined,empathicschool
0,0.1650069,1.0,empathicschool_s28,combined,empathicschool
0,0.16500671,1.0,empathicschool_s28,combined,empathicschool
0,0.16500685,1.0,empathicschool_s28,combined,empathicschool
0,0.16500685,1.0,empathicschool_s28,combined,empathicschool
0,0.16500685,1.0,empathicschool_s28,combined,empathicschool
0,0.16500682,1.0,empathicschool_s28,combined,empathicschool
0,0.16500674,1.0,empathicschool_s28,combined,empathicschool
0,0.16500679,1.0,empathicschool_s28,combined,empathicschool
0,0.1650069,1.0,empathicschool_s28,combined,empathicschool
0,0.16500697,1.0,empathicschool_s28,combined,empathicschool
0,0.10553792,1.0,empathicschool_s28,combined,empathicschool
0,0.16500698,1.0,empathicschool_s28,combined,empathicschool
0,0.16500697,1.0,empathicschool_s28,combined,empathicschool
0,0.16500685,1.0,empathicschool_s28,combined,empathicschool
0,0.16500668,1.0,empathicschool_s28,combined,empathicschool
0,0.16500667,1.0,empathicschool_s28,combined,empathicschool
0,0.16500683,1.0,empathicschool_s28,combined,empathicschool
0,0.16500679,1.0,empathicschool_s28,combined,empathicschool
0,0.1650069,1.0,empathicschool_s28,combined,empathicschool
0,0.16500676,1.0,empathicschool_s28,combined,empathicschool
0,0.16500653,1.0,empathicschool_s28,combined,empathicschool
0,0.10638091,1.0,empathicschool_s28,combined,empathicschool
0,0.16500628,1.0,empathicschool_s28,combined,empathicschool
0,0.16500644,1.0,empathicschool_s28,combined,empathicschool
0,0.16500677,1.0,empathicschool_s28,combined,empathicschool
0,0.16500661,1.0,empathicschool_s28,combined,empathicschool
0,0.16500641,1.0,empathicschool_s28,combined,empathicschool
0,0.16500649,1.0,empathicschool_s28,combined,empathicschool
0,0.16500641,1.0,empathicschool_s28,combined,empathicschool
0,0.16500638,1.0,empathicschool_s28,combined,empathicschool
0,0.16500646,1.0,empathicschool_s28,combined,empathicschool
0,0.16500644,1.0,empathicschool_s28,combined,empathicschool
0,0.16500941,1.0,empathicschool_s28,combined,empathicschool
0,0.107019775,1.0,empathicschool_s28,combined,empathicschool
0,0.16500627,1.0,empathicschool_s28,combined,empathicschool
0,0.16500627,1.0,empathicschool_s28,combined,empathicschool
0,0.16500634,1.0,empathicschool_s28,combined,empathicschool
0,0.16500622,1.0,empathicschool_s28,combined,empathicschool
0,0.16500628,1.0,empathicschool_s28,combined,empathicschool
0,0.16500638,1.0,empathicschool_s28,combined,empathicschool
0,0.16500641,1.0,empathicschool_s28,combined,empathicschool
0,0.16500638,1.0,empathicschool_s28,combined,empathicschool
0,0.16500625,1.0,empathicschool_s28,combined,empathicschool
0,0.16500622,1.0,empathicschool_s28,combined,empathicschool
0,0.10702353,1.0,empathicschool_s28,combined,empathicschool
0,0.16500616,1.0,empathicschool_s28,combined,empathicschool
0,0.1650062,1.0,empathicschool_s28,combined,empathicschool
0,0.16500624,1.0,empathicschool_s28,combined,empathicschool
0,0.1650062,1.0,empathicschool_s28,combined,empathicschool
0,0.16500627,1.0,empathicschool_s28,combined,empathicschool
0,0.16500644,1.0,empathicschool_s28,combined,empathicschool
0,0.16500634,1.0,empathicschool_s28,combined,empathicschool
0,0.16500624,1.0,empathicschool_s28,combined,empathicschool
0,0.16500601,1.0,empathicschool_s28,combined,empathicschool
0,0.16500598,1.0,empathicschool_s28,combined,empathicschool
0,0.10703347,1.0,empathicschool_s28,combined,empathicschool
0,0.16500619,1.0,empathicschool_s28,combined,empathicschool
0,0.16500637,1.0,empathicschool_s28,combined,empathicschool
0,0.16500613,1.0,empathicschool_s28,combined,empathicschool
0,0.1650062,1.0,empathicschool_s28,combined,empathicschool
0,0.1650063,1.0,empathicschool_s28,combined,empathicschool
0,0.16500628,1.0,empathicschool_s28,combined,empathicschool
0,0.16500634,1.0,empathicschool_s28,combined,empathicschool
0,0.16500632,1.0,empathicschool_s28,combined,empathicschool
0,0.16500634,1.0,empathicschool_s28,combined,empathicschool
0,0.16500604,1.0,empathicschool_s28,combined,empathicschool
0,0.107049994,1.0,empathicschool_s28,combined,empathicschool
0,0.16500613,1.0,empathicschool_s28,combined,empathicschool
0,0.16500624,1.0,empathicschool_s28,combined,empathicschool
0,0.1650063,1.0,empathicschool_s28,combined,empathicschool
0,0.16500641,1.0,empathicschool_s28,combined,empathicschool
0,0.16500638,1.0,empathicschool_s28,combined,empathicschool
0,0.16500597,1.0,empathicschool_s28,combined,empathicschool
0,0.16500585,1.0,empathicschool_s28,combined,empathicschool
0,0.1650061,1.0,empathicschool_s28,combined,empathicschool
0,0.16500597,1.0,empathicschool_s28,combined,empathicschool
0,0.16500603,1.0,empathicschool_s28,combined,empathicschool
0,0.1069864,1.0,empathicschool_s28,combined,empathicschool
0,0.1650061,1.0,empathicschool_s28,combined,empathicschool
0,0.16500601,1.0,empathicschool_s28,combined,empathicschool
0,0.16500567,1.0,empathicschool_s28,combined,empathicschool
0,0.16500585,1.0,empathicschool_s28,combined,empathicschool
0,0.1650061,1.0,empathicschool_s28,combined,empathicschool
0,0.16500597,1.0,empathicschool_s28,combined,empathicschool
0,0.16500567,1.0,empathicschool_s28,combined,empathicschool
0,0.16500568,1.0,empathicschool_s28,combined,empathicschool
0,0.16500582,1.0,empathicschool_s28,combined,empathicschool
0,0.1650058,1.0,empathicschool_s28,combined,empathicschool
0,0.10680263,1.0,empathicschool_s28,combined,empathicschool
0,0.16500597,1.0,empathicschool_s28,combined,empathicschool
0,0.16500597,1.0,empathicschool_s28,combined,empathicschool
0,0.16500585,1.0,empathicschool_s28,combined,empathicschool
0,0.16500585,1.0,empathicschool_s28,combined,empathicschool
0,0.16500594,1.0,empathicschool_s28,combined,empathicschool
0,0.16500585,1.0,empathicschool_s28,combined,empathicschool
0,0.1650058,1.0,empathicschool_s28,combined,empathicschool
0,0.16500574,1.0,empathicschool_s28,combined,empathicschool
0,0.16500573,1.0,empathicschool_s28,combined,empathicschool
0,0.16500573,1.0,empathicschool_s28,combined,empathicschool
0,0.1066676,1.0,empathicschool_s28,combined,empathicschool
0,0.1650058,1.0,empathicschool_s28,combined,empathicschool
0,0.16500561,1.0,empathicschool_s28,combined,empathicschool
0,0.16500564,1.0,empathicschool_s28,combined,empathicschool
0,0.16500582,1.0,empathicschool_s28,combined,empathicschool
0,0.16500568,1.0,empathicschool_s28,combined,empathicschool
0,0.16500561,1.0,empathicschool_s28,combined,empathicschool
0,0.16500561,1.0,empathicschool_s28,combined,empathicschool
0,0.16500561,1.0,empathicschool_s28,combined,empathicschool
0,0.16500556,1.0,empathicschool_s28,combined,empathicschool
0,0.16500562,1.0,empathicschool_s28,combined,empathicschool
0,0.10662537,1.0,empathicschool_s28,combined,empathicschool
0,0.16500556,1.0,empathicschool_s28,combined,empathicschool
0,0.16500545,1.0,empathicschool_s28,combined,empathicschool
0,0.16500561,1.0,empathicschool_s28,combined,empathicschool
0,0.16500561,1.0,empathicschool_s28,combined,empathicschool
0,0.16500561,1.0,empathicschool_s28,combined,empathicschool
0,0.1650055,1.0,empathicschool_s28,combined,empathicschool
0,0.16500537,1.0,empathicschool_s28,combined,empathicschool
0,0.16500553,1.0,empathicschool_s28,combined,empathicschool
0,0.16500568,1.0,empathicschool_s28,combined,empathicschool
0,0.16500556,1.0,empathicschool_s28,combined,empathicschool
0,0.10668225,1.0,empathicschool_s28,combined,empathicschool
0,0.16500543,1.0,empathicschool_s28,combined,empathicschool
0,0.16500531,1.0,empathicschool_s28,combined,empathicschool
0,0.16500531,1.0,empathicschool_s28,combined,empathicschool
0,0.16500545,1.0,empathicschool_s28,combined,empathicschool
0,0.16500553,1.0,empathicschool_s28,combined,empathicschool
0,0.16500543,1.0,empathicschool_s28,combined,empathicschool
0,0.1650053,1.0,empathicschool_s28,combined,empathicschool
0,0.16500522,1.0,empathicschool_s28,combined,empathicschool
0,0.16500539,1.0,empathicschool_s28,combined,empathicschool
0,0.1650055,1.0,empathicschool_s28,combined,empathicschool
0,0.10679746,1.0,empathicschool_s28,combined,empathicschool
0,0.16500539,1.0,empathicschool_s28,combined,empathicschool
0,0.16500543,1.0,empathicschool_s28,combined,empathicschool
0,0.16500543,1.0,empathicschool_s28,combined,empathicschool
0,0.16500537,1.0,empathicschool_s28,combined,empathicschool
0,0.16500528,1.0,empathicschool_s28,combined,empathicschool
0,0.16500522,1.0,empathicschool_s28,combined,empathicschool
0,0.16500522,1.0,empathicschool_s28,combined,empathicschool
0,0.16500527,1.0,empathicschool_s28,combined,empathicschool
0,0.16500543,1.0,empathicschool_s28,combined,empathicschool
0,0.16500539,1.0,empathicschool_s28,combined,empathicschool
0,0.16500945,1.0,empathicschool_s28,combined,empathicschool
0,0.10931939,1.0,empathicschool_s28,combined,empathicschool
0,0.16500513,1.0,empathicschool_s28,combined,empathicschool
0,0.16500516,1.0,empathicschool_s28,combined,empathicschool
0,0.16500537,1.0,empathicschool_s28,combined,empathicschool
0,0.16500528,1.0,empathicschool_s28,combined,empathicschool
0,0.16500527,1.0,empathicschool_s28,combined,empathicschool
0,0.16500539,1.0,empathicschool_s28,combined,empathicschool
0,0.16500528,1.0,empathicschool_s28,combined,empathicschool
0,0.1650051,1.0,empathicschool_s28,combined,empathicschool
0,0.16500525,1.0,empathicschool_s28,combined,empathicschool
0,0.1650052,1.0,empathicschool_s28,combined,empathicschool
0,0.11504187,1.0,empathicschool_s28,combined,empathicschool
0,0.1650051,1.0,empathicschool_s28,combined,empathicschool
0,0.16500516,1.0,empathicschool_s28,combined,empathicschool
0,0.16500518,1.0,empathicschool_s28,combined,empathicschool
0,0.16500516,1.0,empathicschool_s28,combined,empathicschool
0,0.16500509,1.0,empathicschool_s28,combined,empathicschool
0,0.16500516,1.0,empathicschool_s28,combined,empathicschool
0,0.1650051,1.0,empathicschool_s28,combined,empathicschool
0,0.16500516,1.0,empathicschool_s28,combined,empathicschool
0,0.16500522,1.0,empathicschool_s28,combined,empathicschool
0,0.16500516,1.0,empathicschool_s28,combined,empathicschool
0,0.117590316,1.0,empathicschool_s28,combined,empathicschool
0,0.16500507,1.0,empathicschool_s28,combined,empathicschool
0,0.16500516,1.0,empathicschool_s28,combined,empathicschool
0,0.16500507,1.0,empathicschool_s28,combined,empathicschool
0,0.16500501,1.0,empathicschool_s28,combined,empathicschool
0,0.16500516,1.0,empathicschool_s28,combined,empathicschool
0,0.16500516,1.0,empathicschool_s28,combined,empathicschool
0,0.16500504,1.0,empathicschool_s28,combined,empathicschool
0,0.16500507,1.0,empathicschool_s28,combined,empathicschool
0,0.16500507,1.0,empathicschool_s28,combined,empathicschool
0,0.16500501,1.0,empathicschool_s28,combined,empathicschool
0,0.1175988,1.0,empathicschool_s28,combined,empathicschool
0,0.1650051,1.0,empathicschool_s28,combined,empathicschool
0,0.16500507,1.0,empathicschool_s28,combined,empathicschool
0,0.16500498,1.0,empathicschool_s28,combined,empathicschool
0,0.16500494,1.0,empathicschool_s28,combined,empathicschool
0,0.16500491,1.0,empathicschool_s28,combined,empathicschool
0,0.16500501,1.0,empathicschool_s28,combined,empathicschool
0,0.16500501,1.0,empathicschool_s28,combined,empathicschool
0,0.16500485,1.0,empathicschool_s28,combined,empathicschool
0,0.1650048,1.0,empathicschool_s28,combined,empathicschool
0,0.16500469,1.0,empathicschool_s28,combined,empathicschool
0,0.117598645,1.0,empathicschool_s28,combined,empathicschool
0,0.16500467,1.0,empathicschool_s28,combined,empathicschool
0,0.16500491,1.0,empathicschool_s28,combined,empathicschool
0,0.16500479,1.0,empathicschool_s28,combined,empathicschool
0,0.1650048,1.0,empathicschool_s28,combined,empathicschool
0,0.16500479,1.0,empathicschool_s28,combined,empathicschool
0,0.16500416,1.0,empathicschool_s28,combined,empathicschool
0,0.16500287,1.0,empathicschool_s28,combined,empathicschool
0,0.16500258,1.0,empathicschool_s28,combined,empathicschool
0,0.16500312,1.0,empathicschool_s28,combined,empathicschool
0,0.16500366,1.0,empathicschool_s28,combined,empathicschool
0,0.11758817,1.0,empathicschool_s28,combined,empathicschool
0,0.16500401,1.0,empathicschool_s28,combined,empathicschool
0,0.16500448,1.0,empathicschool_s28,combined,empathicschool
0,0.16500437,1.0,empathicschool_s28,combined,empathicschool
0,0.16500434,1.0,empathicschool_s28,combined,empathicschool
0,0.16500443,1.0,empathicschool_s28,combined,empathicschool
0,0.16500442,1.0,empathicschool_s28,combined,empathicschool
0,0.16500449,1.0,empathicschool_s28,combined,empathicschool
0,0.16500448,1.0,empathicschool_s28,combined,empathicschool
0,0.16500454,1.0,empathicschool_s28,combined,empathicschool
0,0.16500442,1.0,empathicschool_s28,combined,empathicschool
0,0.117573276,1.0,empathicschool_s28,combined,empathicschool
0,0.16500437,1.0,empathicschool_s28,combined,empathicschool
0,0.16500452,1.0,empathicschool_s28,combined,empathicschool
0,0.16500452,1.0,empathicschool_s28,combined,empathicschool
0,0.16500439,1.0,empathicschool_s28,combined,empathicschool
0,0.16500442,1.0,empathicschool_s28,combined,empathicschool
0,0.16500436,1.0,empathicschool_s28,combined,empathicschool
0,0.16500449,1.0,empathicschool_s28,combined,empathicschool
0,0.16500445,1.0,empathicschool_s28,combined,empathicschool
0,0.16500431,1.0,empathicschool_s28,combined,empathicschool
0,0.16500431,1.0,empathicschool_s28,combined,empathicschool
0,0.11759119,1.0,empathicschool_s28,combined,empathicschool
0,0.16500431,1.0,empathicschool_s28,combined,empathicschool
0,0.16500434,1.0,empathicschool_s28,combined,empathicschool
0,0.1650043,1.0,empathicschool_s28,combined,empathicschool
0,0.16500431,1.0,empathicschool_s28,combined,empathicschool
0,0.16500443,1.0,empathicschool_s28,combined,empathicschool
0,0.16500449,1.0,empathicschool_s28,combined,empathicschool
0,0.16500452,1.0,empathicschool_s28,combined,empathicschool
0,0.16500445,1.0,empathicschool_s28,combined,empathicschool
0,0.16500437,1.0,empathicschool_s28,combined,empathicschool
0,0.16500431,1.0,empathicschool_s28,combined,empathicschool
0,0.11759875,1.0,empathicschool_s28,combined,empathicschool
0,0.16500448,1.0,empathicschool_s28,combined,empathicschool
0,0.16500449,1.0,empathicschool_s28,combined,empathicschool
0,0.16500439,1.0,empathicschool_s28,combined,empathicschool
0,0.16500436,1.0,empathicschool_s28,combined,empathicschool
0,0.16500442,1.0,empathicschool_s28,combined,empathicschool
0,0.16500434,1.0,empathicschool_s28,combined,empathicschool
0,0.1650043,1.0,empathicschool_s28,combined,empathicschool
0,0.16500422,1.0,empathicschool_s28,combined,empathicschool
0,0.16500421,1.0,empathicschool_s28,combined,empathicschool
0,0.16500428,1.0,empathicschool_s28,combined,empathicschool
0,0.11743154,1.0,empathicschool_s28,combined,empathicschool
0,0.16500434,1.0,empathicschool_s28,combined,empathicschool
0,0.1650042,1.0,empathicschool_s28,combined,empathicschool
0,0.16500427,1.0,empathicschool_s28,combined,empathicschool
0,0.16500428,1.0,empathicschool_s28,combined,empathicschool
0,0.16500401,1.0,empathicschool_s28,combined,empathicschool
0,0.16500388,1.0,empathicschool_s28,combined,empathicschool
0,0.16500407,1.0,empathicschool_s28,combined,empathicschool
0,0.16500424,1.0,empathicschool_s28,combined,empathicschool
0,0.16500401,1.0,empathicschool_s28,combined,empathicschool
0,0.16500394,1.0,empathicschool_s28,combined,empathicschool
0,0.16500966,1.0,empathicschool_s28,combined,empathicschool
0,0.116863236,1.0,empathicschool_s28,combined,empathicschool
0,0.16500403,1.0,empathicschool_s28,combined,empathicschool
0,0.16500418,1.0,empathicschool_s28,combined,empathicschool
0,0.1650042,1.0,empathicschool_s28,combined,empathicschool
0,0.1650042,1.0,empathicschool_s28,combined,empathicschool
0,0.16500403,1.0,empathicschool_s28,combined,empathicschool
0,0.16500396,1.0,empathicschool_s28,combined,empathicschool
0,0.16500404,1.0,empathicschool_s28,combined,empathicschool
0,0.16500388,1.0,empathicschool_s28,combined,empathicschool
0,0.16500397,1.0,empathicschool_s28,combined,empathicschool
0,0.16500415,1.0,empathicschool_s28,combined,empathicschool
0,0.11667862,1.0,empathicschool_s28,combined,empathicschool
0,0.16500424,1.0,empathicschool_s28,combined,empathicschool
0,0.1650039,1.0,empathicschool_s28,combined,empathicschool
0,0.165004,1.0,empathicschool_s28,combined,empathicschool
0,0.16500422,1.0,empathicschool_s28,combined,empathicschool
0,0.1650041,1.0,empathicschool_s28,combined,empathicschool
0,0.16500407,1.0,empathicschool_s28,combined,empathicschool
0,0.1650041,1.0,empathicschool_s28,combined,empathicschool
0,0.16500403,1.0,empathicschool_s28,combined,empathicschool
0,0.16500393,1.0,empathicschool_s28,combined,empathicschool
0,0.16500403,1.0,empathicschool_s28,combined,empathicschool
0,0.11673157,1.0,empathicschool_s28,combined,empathicschool
0,0.16500404,1.0,empathicschool_s28,combined,empathicschool
0,0.165004,1.0,empathicschool_s28,combined,empathicschool
0,0.16500404,1.0,empathicschool_s28,combined,empathicschool
0,0.16500394,1.0,empathicschool_s28,combined,empathicschool
0,0.16500375,1.0,empathicschool_s28,combined,empathicschool
0,0.16500394,1.0,empathicschool_s28,combined,empathicschool
0,0.16500421,1.0,empathicschool_s28,combined,empathicschool
0,0.16500388,1.0,empathicschool_s28,combined,empathicschool
0,0.16500372,1.0,empathicschool_s28,combined,empathicschool
0,0.1650039,1.0,empathicschool_s28,combined,empathicschool
0,0.116706826,1.0,empathicschool_s28,combined,empathicschool
0,0.1650039,1.0,empathicschool_s28,combined,empathicschool
0,0.16500393,1.0,empathicschool_s28,combined,empathicschool
0,0.165004,1.0,empathicschool_s28,combined,empathicschool
0,0.16500397,1.0,empathicschool_s28,combined,empathicschool
0,0.16500387,1.0,empathicschool_s28,combined,empathicschool
0,0.16500385,1.0,empathicschool_s28,combined,empathicschool
0,0.16500393,1.0,empathicschool_s28,combined,empathicschool
0,0.16500394,1.0,empathicschool_s28,combined,empathicschool
0,0.16500387,1.0,empathicschool_s28,combined,empathicschool
0,0.16500387,1.0,empathicschool_s28,combined,empathicschool
0,0.11665214,1.0,empathicschool_s28,combined,empathicschool
0,0.1650038,1.0,empathicschool_s28,combined,empathicschool
0,0.16500385,1.0,empathicschool_s28,combined,empathicschool
0,0.16500376,1.0,empathicschool_s28,combined,empathicschool
0,0.1650033,1.0,empathicschool_s28,combined,empathicschool
0,0.16500339,1.0,empathicschool_s28,combined,empathicschool
0,0.16500357,1.0,empathicschool_s28,combined,empathicschool
0,0.16500363,1.0,empathicschool_s28,combined,empathicschool
0,0.16500378,1.0,empathicschool_s28,combined,empathicschool
0,0.16500382,1.0,empathicschool_s28,combined,empathicschool
0,0.16500376,1.0,empathicschool_s28,combined,empathicschool
0,0.1166227,1.0,empathicschool_s28,combined,empathicschool
0,0.16500366,1.0,empathicschool_s28,combined,empathicschool
0,0.16500367,1.0,empathicschool_s28,combined,empathicschool
0,0.16500361,1.0,empathicschool_s28,combined,empathicschool
0,0.16500372,1.0,empathicschool_s28,combined,empathicschool
0,0.16500385,1.0,empathicschool_s28,combined,empathicschool
0,0.16500378,1.0,empathicschool_s28,combined,empathicschool
0,0.16500345,1.0,empathicschool_s28,combined,empathicschool
0,0.16500334,1.0,empathicschool_s28,combined,empathicschool
0,0.16500342,1.0,empathicschool_s28,combined,empathicschool
0,0.16500336,1.0,empathicschool_s28,combined,empathicschool
0,0.116865255,1.0,empathicschool_s28,combined,empathicschool
0,0.16500342,1.0,empathicschool_s28,combined,empathicschool
0,0.16500334,1.0,empathicschool_s28,combined,empathicschool
0,0.1650035,1.0,empathicschool_s28,combined,empathicschool
0,0.16500352,1.0,empathicschool_s28,combined,empathicschool
0,0.16500348,1.0,empathicschool_s28,combined,empathicschool
0,0.16500351,1.0,empathicschool_s28,combined,empathicschool
0,0.1650036,1.0,empathicschool_s28,combined,empathicschool
0,0.16500355,1.0,empathicschool_s28,combined,empathicschool
0,0.16500351,1.0,empathicschool_s28,combined,empathicschool
0,0.16500334,1.0,empathicschool_s28,combined,empathicschool
0,0.11687988,1.0,empathicschool_s28,combined,empathicschool
0,0.16500333,1.0,empathicschool_s28,combined,empathicschool
0,0.16500337,1.0,empathicschool_s28,combined,empathicschool
0,0.16500339,1.0,empathicschool_s28,combined,empathicschool
0,0.16500345,1.0,empathicschool_s28,combined,empathicschool
0,0.1650035,1.0,empathicschool_s28,combined,empathicschool
0,0.16500357,1.0,empathicschool_s28,combined,empathicschool
0,0.16500351,1.0,empathicschool_s28,combined,empathicschool
0,0.16500378,1.0,empathicschool_s28,combined,empathicschool
0,0.1650037,1.0,empathicschool_s28,combined,empathicschool
0,0.16500355,1.0,empathicschool_s28,combined,empathicschool
0,0.11682909,1.0,empathicschool_s28,combined,empathicschool
0,0.16500415,1.0,empathicschool_s28,combined,empathicschool
0,0.16500491,1.0,empathicschool_s28,combined,empathicschool
0,0.16500404,1.0,empathicschool_s28,combined,empathicschool
0,0.1650039,1.0,empathicschool_s28,combined,empathicschool
0,0.16500397,1.0,empathicschool_s28,combined,empathicschool
0,0.16500387,1.0,empathicschool_s28,combined,empathicschool
0,0.16500378,1.0,empathicschool_s28,combined,empathicschool
0,0.16500388,1.0,empathicschool_s28,combined,empathicschool
0,0.16500382,1.0,empathicschool_s28,combined,empathicschool
0,0.16500367,1.0,empathicschool_s28,combined,empathicschool
0,0.1169385,1.0,empathicschool_s28,combined,empathicschool
0,0.16500385,1.0,empathicschool_s28,combined,empathicschool
0,0.1650041,1.0,empathicschool_s28,combined,empathicschool
0,0.16500416,1.0,empathicschool_s28,combined,empathicschool
0,0.1650041,1.0,empathicschool_s28,combined,empathicschool
0,0.16500409,1.0,empathicschool_s28,combined,empathicschool
0,0.16500404,1.0,empathicschool_s28,combined,empathicschool
0,0.16500409,1.0,empathicschool_s28,combined,empathicschool
0,0.16500427,1.0,empathicschool_s28,combined,empathicschool
0,0.16500421,1.0,empathicschool_s28,combined,empathicschool
0,0.16500427,1.0,empathicschool_s28,combined,empathicschool
0,0.16500965,1.0,empathicschool_s28,combined,empathicschool
0,0.11702857,1.0,empathicschool_s28,combined,empathicschool
0,0.16500422,1.0,empathicschool_s28,combined,empathicschool
0,0.16500409,1.0,empathicschool_s28,combined,empathicschool
0,0.16500401,1.0,empathicschool_s28,combined,empathicschool
0,0.16500412,1.0,empathicschool_s28,combined,empathicschool
0,0.16500418,1.0,empathicschool_s28,combined,empathicschool
0,0.16500412,1.0,empathicschool_s28,combined,empathicschool
0,0.16500404,1.0,empathicschool_s28,combined,empathicschool
0,0.16500403,1.0,empathicschool_s28,combined,empathicschool
0,0.16500388,1.0,empathicschool_s28,combined,empathicschool
0,0.16500396,1.0,empathicschool_s28,combined,empathicschool
0,0.11695179,1.0,empathicschool_s28,combined,empathicschool
0,0.16500428,1.0,empathicschool_s28,combined,empathicschool
0,0.16500434,1.0,empathicschool_s28,combined,empathicschool
0,0.16500431,1.0,empathicschool_s28,combined,empathicschool
0,0.165004,1.0,empathicschool_s28,combined,empathicschool
0,0.16500384,1.0,empathicschool_s28,combined,empathicschool
0,0.16500393,1.0,empathicschool_s28,combined,empathicschool
0,0.1650039,1.0,empathicschool_s28,combined,empathicschool
0,0.16500387,1.0,empathicschool_s28,combined,empathicschool
0,0.1650038,1.0,empathicschool_s28,combined,empathicschool
0,0.16500384,1.0,empathicschool_s28,combined,empathicschool
0,0.116942644,1.0,empathicschool_s28,combined,empathicschool
0,0.16500396,1.0,empathicschool_s28,combined,empathicschool
0,0.16500385,1.0,empathicschool_s28,combined,empathicschool
0,0.16500387,1.0,empathicschool_s28,combined,empathicschool
0,0.16500407,1.0,empathicschool_s28,combined,empathicschool
0,0.16500397,1.0,empathicschool_s28,combined,empathicschool
0,0.16500372,1.0,empathicschool_s28,combined,empathicschool
0,0.16500385,1.0,empathicschool_s28,combined,empathicschool
0,0.16500422,1.0,empathicschool_s28,combined,empathicschool
0,0.16500397,1.0,empathicschool_s28,combined,empathicschool
0,0.16500385,1.0,empathicschool_s28,combined,empathicschool
0,0.1170526,1.0,empathicschool_s28,combined,empathicschool
0,0.16500401,1.0,empathicschool_s28,combined,empathicschool
0,0.16500412,1.0,empathicschool_s28,combined,empathicschool
0,0.16500412,1.0,empathicschool_s28,combined,empathicschool
0,0.1650041,1.0,empathicschool_s28,combined,empathicschool
0,0.16500393,1.0,empathicschool_s28,combined,empathicschool
0,0.16500382,1.0,empathicschool_s28,combined,empathicschool
0,0.1650038,1.0,empathicschool_s28,combined,empathicschool
0,0.16500394,1.0,empathicschool_s28,combined,empathicschool
0,0.16500397,1.0,empathicschool_s28,combined,empathicschool
0,0.16500387,1.0,empathicschool_s28,combined,empathicschool
0,0.11724356,1.0,empathicschool_s28,combined,empathicschool
0,0.16500378,1.0,empathicschool_s28,combined,empathicschool
0,0.1650036,1.0,empathicschool_s28,combined,empathicschool
0,0.1650037,1.0,empathicschool_s28,combined,empathicschool
0,0.16500387,1.0,empathicschool_s28,combined,empathicschool
0,0.1650037,1.0,empathicschool_s28,combined,empathicschool
0,0.16500361,1.0,empathicschool_s28,combined,empathicschool
0,0.16500363,1.0,empathicschool_s28,combined,empathicschool
0,0.1650036,1.0,empathicschool_s28,combined,empathicschool
0,0.16500355,1.0,empathicschool_s28,combined,empathicschool
0,0.16500355,1.0,empathicschool_s28,combined,empathicschool
0,0.117222376,1.0,empathicschool_s28,combined,empathicschool
0,0.16500352,1.0,empathicschool_s28,combined,empathicschool
0,0.16500357,1.0,empathicschool_s28,combined,empathicschool
0,0.16500361,1.0,empathicschool_s28,combined,empathicschool
0,0.16500348,1.0,empathicschool_s28,combined,empathicschool
0,0.16500345,1.0,empathicschool_s28,combined,empathicschool
0,0.1650035,1.0,empathicschool_s28,combined,empathicschool
0,0.16500348,1.0,empathicschool_s28,combined,empathicschool
0,0.1650036,1.0,empathicschool_s28,combined,empathicschool
0,0.1650037,1.0,empathicschool_s28,combined,empathicschool
0,0.16500369,1.0,empathicschool_s28,combined,empathicschool
0,0.11698539,1.0,empathicschool_s28,combined,empathicschool
0,0.16500345,1.0,empathicschool_s28,combined,empathicschool
0,0.16500337,1.0,empathicschool_s28,combined,empathicschool
0,0.16500348,1.0,empathicschool_s28,combined,empathicschool
0,0.16500345,1.0,empathicschool_s28,combined,empathicschool
0,0.1650033,1.0,empathicschool_s28,combined,empathicschool
0,0.16500334,1.0,empathicschool_s28,combined,empathicschool
0,0.16500337,1.0,empathicschool_s28,combined,empathicschool
0,0.16500317,1.0,empathicschool_s28,combined,empathicschool
0,0.16500334,1.0,empathicschool_s28,combined,empathicschool
0,0.16500367,1.0,empathicschool_s28,combined,empathicschool
0,0.11710386,1.0,empathicschool_s28,combined,empathicschool
0,0.16500367,1.0,empathicschool_s28,combined,empathicschool
0,0.16500355,1.0,empathicschool_s28,combined,empathicschool
0,0.16500357,1.0,empathicschool_s28,combined,empathicschool
0,0.16500337,1.0,empathicschool_s28,combined,empathicschool
0,0.16500355,1.0,empathicschool_s28,combined,empathicschool
0,0.1650037,1.0,empathicschool_s28,combined,empathicschool
0,0.16500342,1.0,empathicschool_s28,combined,empathicschool
0,0.16500328,1.0,empathicschool_s28,combined,empathicschool
0,0.16500334,1.0,empathicschool_s28,combined,empathicschool
0,0.16500336,1.0,empathicschool_s28,combined,empathicschool
0,0.11735829,1.0,empathicschool_s28,combined,empathicschool
0,0.16500334,1.0,empathicschool_s28,combined,empathicschool
0,0.16500342,1.0,empathicschool_s28,combined,empathicschool
0,0.16500357,1.0,empathicschool_s28,combined,empathicschool
0,0.16500345,1.0,empathicschool_s28,combined,empathicschool
0,0.16500351,1.0,empathicschool_s28,combined,empathicschool
0,0.1650035,1.0,empathicschool_s28,combined,empathicschool
0,0.16500318,1.0,empathicschool_s28,combined,empathicschool
0,0.16500324,1.0,empathicschool_s28,combined,empathicschool
0,0.1650034,1.0,empathicschool_s28,combined,empathicschool
0,0.16500351,1.0,empathicschool_s28,combined,empathicschool
0,0.11757331,1.0,empathicschool_s28,combined,empathicschool
0,0.16500357,1.0,empathicschool_s28,combined,empathicschool
0,0.1650035,1.0,empathicschool_s28,combined,empathicschool
0,0.16500333,1.0,empathicschool_s28,combined,empathicschool
0,0.16500339,1.0,empathicschool_s28,combined,empathicschool
0,0.16500376,1.0,empathicschool_s28,combined,empathicschool
0,0.16500376,1.0,empathicschool_s28,combined,empathicschool
0,0.16500363,1.0,empathicschool_s28,combined,empathicschool
0,0.16500385,1.0,empathicschool_s28,combined,empathicschool
0,0.16500396,1.0,empathicschool_s28,combined,empathicschool
0,0.16500363,1.0,empathicschool_s28,combined,empathicschool
0,0.16441861,1.0,empathicschool_s28,combined,empathicschool
0,0.117598906,1.0,empathicschool_s28,combined,empathicschool
0,0.16500333,1.0,empathicschool_s28,combined,empathicschool
0,0.1650034,1.0,empathicschool_s28,combined,empathicschool
0,0.16500351,1.0,empathicschool_s28,combined,empathicschool
0,0.16500345,1.0,empathicschool_s28,combined,empathicschool
0,0.1650036,1.0,empathicschool_s28,combined,empathicschool
0,0.16500372,1.0,empathicschool_s28,combined,empathicschool
0,0.1650036,1.0,empathicschool_s28,combined,empathicschool
0,0.1650034,1.0,empathicschool_s28,combined,empathicschool
0,0.16500339,1.0,empathicschool_s28,combined,empathicschool
0,0.16500367,1.0,empathicschool_s28,combined,empathicschool
0,0.11752439,1.0,empathicschool_s28,combined,empathicschool
0,0.16500363,1.0,empathicschool_s28,combined,empathicschool
0,0.1650036,1.0,empathicschool_s28,combined,empathicschool
0,0.16500342,1.0,empathicschool_s28,combined,empathicschool
0,0.16500334,1.0,empathicschool_s28,combined,empathicschool
0,0.1650034,1.0,empathicschool_s28,combined,empathicschool
0,0.16500342,1.0,empathicschool_s28,combined,empathicschool
0,0.16500345,1.0,empathicschool_s28,combined,empathicschool
0,0.16500345,1.0,empathicschool_s28,combined,empathicschool
0,0.16500345,1.0,empathicschool_s28,combined,empathicschool
0,0.16500337,1.0,empathicschool_s28,combined,empathicschool
0,0.11761226,1.0,empathicschool_s28,combined,empathicschool
0,0.16500318,1.0,empathicschool_s28,combined,empathicschool
0,0.16500309,1.0,empathicschool_s28,combined,empathicschool
0,0.16500323,1.0,empathicschool_s28,combined,empathicschool
0,0.16500324,1.0,empathicschool_s28,combined,empathicschool
0,0.1650033,1.0,empathicschool_s28,combined,empathicschool
0,0.16500318,1.0,empathicschool_s28,combined,empathicschool
0,0.16500317,1.0,empathicschool_s28,combined,empathicschool
0,0.16500317,1.0,empathicschool_s28,combined,empathicschool
0,0.16500317,1.0,empathicschool_s28,combined,empathicschool
0,0.16500337,1.0,empathicschool_s28,combined,empathicschool
0,0.11767581,1.0,empathicschool_s28,combined,empathicschool
0,0.16500336,1.0,empathicschool_s28,combined,empathicschool
0,0.16500323,1.0,empathicschool_s28,combined,empathicschool
0,0.16500315,1.0,empathicschool_s28,combined,empathicschool
0,0.16500328,1.0,empathicschool_s28,combined,empathicschool
0,0.16500339,1.0,empathicschool_s28,combined,empathicschool
0,0.16500345,1.0,empathicschool_s28,combined,empathicschool
0,0.16500334,1.0,empathicschool_s28,combined,empathicschool
0,0.16500315,1.0,empathicschool_s28,combined,empathicschool
0,0.16500318,1.0,empathicschool_s28,combined,empathicschool
0,0.1650033,1.0,empathicschool_s28,combined,empathicschool
0,0.117698506,1.0,empathicschool_s28,combined,empathicschool
0,0.16500348,1.0,empathicschool_s28,combined,empathicschool
0,0.16500345,1.0,empathicschool_s28,combined,empathicschool
0,0.16500337,1.0,empathicschool_s28,combined,empathicschool
0,0.16500328,1.0,empathicschool_s28,combined,empathicschool
0,0.16500328,1.0,empathicschool_s28,combined,empathicschool
0,0.16500315,1.0,empathicschool_s28,combined,empathicschool
0,0.16500312,1.0,empathicschool_s28,combined,empathicschool
0,0.16500345,1.0,empathicschool_s28,combined,empathicschool
0,0.1650036,1.0,empathicschool_s28,combined,empathicschool
0,0.16500336,1.0,empathicschool_s28,combined,empathicschool
0,0.10987055,1.0,empathicschool_s28,combined,empathicschool
0,0.16500334,1.0,empathicschool_s28,combined,empathicschool
0,0.16500328,1.0,empathicschool_s28,combined,empathicschool
0,0.16500312,1.0,empathicschool_s28,combined,empathicschool
0,0.16500315,1.0,empathicschool_s28,combined,empathicschool
0,0.16500328,1.0,empathicschool_s28,combined,empathicschool
0,0.1650034,1.0,empathicschool_s28,combined,empathicschool
0,0.16500345,1.0,empathicschool_s28,combined,empathicschool
0,0.16500334,1.0,empathicschool_s28,combined,empathicschool
0,0.16500315,1.0,empathicschool_s28,combined,empathicschool
0,0.16500312,1.0,empathicschool_s28,combined,empathicschool
0,0.10905429,1.0,empathicschool_s28,combined,empathicschool
0,0.16500318,1.0,empathicschool_s28,combined,empathicschool
0,0.16500318,1.0,empathicschool_s28,combined,empathicschool
0,0.16500318,1.0,empathicschool_s28,combined,empathicschool
0,0.16500324,1.0,empathicschool_s28,combined,empathicschool
0,0.16500309,1.0,empathicschool_s28,combined,empathicschool
0,0.1650031,1.0,empathicschool_s28,combined,empathicschool
0,0.16500345,1.0,empathicschool_s28,combined,empathicschool
0,0.16500334,1.0,empathicschool_s28,combined,empathicschool
0,0.16500318,1.0,empathicschool_s28,combined,empathicschool
0,0.16500318,1.0,empathicschool_s28,combined,empathicschool
0,0.11627433,1.0,empathicschool_s28,combined,empathicschool
0,0.16500318,1.0,empathicschool_s28,combined,empathicschool
0,0.16500309,1.0,empathicschool_s28,combined,empathicschool
0,0.1650033,1.0,empathicschool_s28,combined,empathicschool
0,0.16500336,1.0,empathicschool_s28,combined,empathicschool
0,0.16500315,1.0,empathicschool_s28,combined,empathicschool
0,0.16500318,1.0,empathicschool_s28,combined,empathicschool
0,0.16500328,1.0,empathicschool_s28,combined,empathicschool
0,0.16500324,1.0,empathicschool_s28,combined,empathicschool
0,0.16500312,1.0,empathicschool_s28,combined,empathicschool
0,0.16500317,1.0,empathicschool_s28,combined,empathicschool
0,0.11630985,1.0,empathicschool_s28,combined,empathicschool
0,0.1650031,1.0,empathicschool_s28,combined,empathicschool
0,0.16500318,1.0,empathicschool_s28,combined,empathicschool
0,0.16500324,1.0,empathicschool_s28,combined,empathicschool
0,0.16500328,1.0,empathicschool_s28,combined,empathicschool
0,0.16500318,1.0,empathicschool_s28,combined,empathicschool
0,0.16500309,1.0,empathicschool_s28,combined,empathicschool
0,0.16500306,1.0,empathicschool_s28,combined,empathicschool
0,0.16500296,1.0,empathicschool_s28,combined,empathicschool
0,0.16500296,1.0,empathicschool_s28,combined,empathicschool
0,0.16500302,1.0,empathicschool_s28,combined,empathicschool
0,0.116311006,1.0,empathicschool_s28,combined,empathicschool
0,0.1650031,1.0,empathicschool_s28,combined,empathicschool
0,0.16500317,1.0,empathicschool_s28,combined,empathicschool
0,0.16500323,1.0,empathicschool_s28,combined,empathicschool
0,0.16500318,1.0,empathicschool_s28,combined,empathicschool
0,0.16500323,1.0,empathicschool_s28,combined,empathicschool
0,0.16500324,1.0,empathicschool_s28,combined,empathicschool
0,0.16500323,1.0,empathicschool_s28,combined,empathicschool
0,0.16500318,1.0,empathicschool_s28,combined,empathicschool
0,0.16500318,1.0,empathicschool_s28,combined,empathicschool
0,0.16500315,1.0,empathicschool_s28,combined,empathicschool
0,0.14228928,1.0,empathicschool_s28,combined,empathicschool
0,0.1163373,1.0,empathicschool_s28,combined,empathicschool
0,0.16500317,1.0,empathicschool_s28,combined,empathicschool
0,0.16500317,1.0,empathicschool_s28,combined,empathicschool
0,0.16500318,1.0,empathicschool_s28,combined,empathicschool
0,0.16500302,1.0,empathicschool_s28,combined,empathicschool
0,0.16500288,1.0,empathicschool_s28,combined,empathicschool
0,0.16500296,1.0,empathicschool_s28,combined,empathicschool
0,0.16500323,1.0,empathicschool_s28,combined,empathicschool
0,0.16500328,1.0,empathicschool_s28,combined,empathicschool
0,0.16500323,1.0,empathicschool_s28,combined,empathicschool
0,0.16500318,1.0,empathicschool_s28,combined,empathicschool
0,0.11633049,1.0,empathicschool_s28,combined,empathicschool
0,0.16500306,1.0,empathicschool_s28,combined,empathicschool
0,0.16500309,1.0,empathicschool_s28,combined,empathicschool
0,0.16500317,1.0,empathicschool_s28,combined,empathicschool
0,0.16500315,1.0,empathicschool_s28,combined,empathicschool
0,0.16500306,1.0,empathicschool_s28,combined,empathicschool
0,0.16500305,1.0,empathicschool_s28,combined,empathicschool
0,0.16500293,1.0,empathicschool_s28,combined,empathicschool
0,0.16500287,1.0,empathicschool_s28,combined,empathicschool
0,0.16500315,1.0,empathicschool_s28,combined,empathicschool
0,0.16500308,1.0,empathicschool_s28,combined,empathicschool
0,0.11631001,1.0,empathicschool_s28,combined,empathicschool
0,0.16500303,1.0,empathicschool_s28,combined,empathicschool
0,0.16500306,1.0,empathicschool_s28,combined,empathicschool
0,0.16500302,1.0,empathicschool_s28,combined,empathicschool
0,0.16500285,1.0,empathicschool_s28,combined,empathicschool
0,0.16500285,1.0,empathicschool_s28,combined,empathicschool
0,0.16500302,1.0,empathicschool_s28,combined,empathicschool
0,0.16500308,1.0,empathicschool_s28,combined,empathicschool
0,0.16500309,1.0,empathicschool_s28,combined,empathicschool
0,0.16500315,1.0,empathicschool_s28,combined,empathicschool
0,0.16500305,1.0,empathicschool_s28,combined,empathicschool
0,0.1163424,1.0,empathicschool_s28,combined,empathicschool
0,0.16500302,1.0,empathicschool_s28,combined,empathicschool
0,0.16500294,1.0,empathicschool_s28,combined,empathicschool
0,0.16500285,1.0,empathicschool_s28,combined,empathicschool
0,0.165003,1.0,empathicschool_s28,combined,empathicschool
0,0.16500302,1.0,empathicschool_s28,combined,empathicschool
0,0.16500293,1.0,empathicschool_s28,combined,empathicschool
0,0.16500299,1.0,empathicschool_s28,combined,empathicschool
0,0.16500315,1.0,empathicschool_s28,combined,empathicschool
0,0.16500327,1.0,empathicschool_s28,combined,empathicschool
0,0.16500323,1.0,empathicschool_s28,combined,empathicschool
0,0.11640378,1.0,empathicschool_s28,combined,empathicschool
0,0.1650031,1.0,empathicschool_s28,combined,empathicschool
0,0.16500309,1.0,empathicschool_s28,combined,empathicschool
0,0.16500306,1.0,empathicschool_s28,combined,empathicschool
0,0.16500294,1.0,empathicschool_s28,combined,empathicschool
0,0.1650029,1.0,empathicschool_s28,combined,empathicschool
0,0.16500296,1.0,empathicschool_s28,combined,empathicschool
0,0.16500299,1.0,empathicschool_s28,combined,empathicschool
0,0.16500305,1.0,empathicschool_s28,combined,empathicschool
0,0.16500305,1.0,empathicschool_s28,combined,empathicschool
0,0.1650029,1.0,empathicschool_s28,combined,empathicschool
0,0.11635892,1.0,empathicschool_s28,combined,empathicschool
0,0.16500305,1.0,empathicschool_s28,combined,empathicschool
0,0.16500323,1.0,empathicschool_s28,combined,empathicschool
0,0.16500323,1.0,empathicschool_s28,combined,empathicschool
0,0.16500318,1.0,empathicschool_s28,combined,empathicschool
0,0.16500324,1.0,empathicschool_s28,combined,empathicschool
0,0.16500324,1.0,empathicschool_s28,combined,empathicschool
0,0.16500327,1.0,empathicschool_s28,combined,empathicschool
0,0.16500342,1.0,empathicschool_s28,combined,empathicschool
0,0.16500337,1.0,empathicschool_s28,combined,empathicschool
0,0.16500339,1.0,empathicschool_s28,combined,empathicschool
0,0.11637451,1.0,empathicschool_s28,combined,empathicschool
0,0.16500352,1.0,empathicschool_s28,combined,empathicschool
0,0.1650036,1.0,empathicschool_s28,combined,empathicschool
0,0.16500337,1.0,empathicschool_s28,combined,empathicschool
0,0.16500324,1.0,empathicschool_s28,combined,empathicschool
0,0.16500327,1.0,empathicschool_s28,combined,empathicschool
0,0.16500328,1.0,empathicschool_s28,combined,empathicschool
0,0.16500334,1.0,empathicschool_s28,combined,empathicschool
0,0.16500342,1.0,empathicschool_s28,combined,empathicschool
0,0.16500339,1.0,empathicschool_s28,combined,empathicschool
0,0.16500323,1.0,empathicschool_s28,combined,empathicschool
0,0.11651789,1.0,empathicschool_s28,combined,empathicschool
0,0.16500318,1.0,empathicschool_s28,combined,empathicschool
0,0.16500328,1.0,empathicschool_s28,combined,empathicschool
0,0.16500328,1.0,empathicschool_s28,combined,empathicschool
0,0.16500328,1.0,empathicschool_s28,combined,empathicschool
0,0.16500318,1.0,empathicschool_s28,combined,empathicschool
0,0.16500318,1.0,empathicschool_s28,combined,empathicschool
0,0.16500318,1.0,empathicschool_s28,combined,empathicschool
0,0.16500328,1.0,empathicschool_s28,combined,empathicschool
0,0.16500328,1.0,empathicschool_s28,combined,empathicschool
0,0.16500315,1.0,empathicschool_s28,combined,empathicschool
0,0.10846936,1.0,empathicschool_s28,combined,empathicschool
0,0.16500303,1.0,empathicschool_s28,combined,empathicschool
0,0.16500282,1.0,empathicschool_s28,combined,empathicschool
0,0.16500288,1.0,empathicschool_s28,combined,empathicschool
0,0.16500315,1.0,empathicschool_s28,combined,empathicschool
0,0.16500323,1.0,empathicschool_s28,combined,empathicschool
0,0.16500302,1.0,empathicschool_s28,combined,empathicschool
0,0.16500282,1.0,empathicschool_s28,combined,empathicschool
0,0.16500303,1.0,empathicschool_s28,combined,empathicschool
0,0.16500302,1.0,empathicschool_s28,combined,empathicschool
0,0.16500305,1.0,empathicschool_s28,combined,empathicschool
0,0.10240749,1.0,empathicschool_s28,combined,empathicschool
0,0.16500306,1.0,empathicschool_s28,combined,empathicschool
0,0.16500306,1.0,empathicschool_s28,combined,empathicschool
0,0.16500357,1.0,empathicschool_s28,combined,empathicschool
0,0.16500416,1.0,empathicschool_s28,combined,empathicschool
0,0.16500318,1.0,empathicschool_s28,combined,empathicschool
0,0.16500305,1.0,empathicschool_s28,combined,empathicschool
0,0.16500306,1.0,empathicschool_s28,combined,empathicschool
0,0.1650029,1.0,empathicschool_s28,combined,empathicschool
0,0.1650029,1.0,empathicschool_s28,combined,empathicschool
0,0.16500299,1.0,empathicschool_s28,combined,empathicschool
0,0.11120376,1.0,empathicschool_s28,combined,empathicschool
0,0.10469317,1.0,empathicschool_s28,combined,empathicschool
0,0.1650031,1.0,empathicschool_s28,combined,empathicschool
0,0.16500306,1.0,empathicschool_s28,combined,empathicschool
0,0.1650031,1.0,empathicschool_s28,combined,empathicschool
0,0.165003,1.0,empathicschool_s28,combined,empathicschool
0,0.16500287,1.0,empathicschool_s28,combined,empathicschool
0,0.16500288,1.0,empathicschool_s28,combined,empathicschool
0,0.16500306,1.0,empathicschool_s28,combined,empathicschool
0,0.16500308,1.0,empathicschool_s28,combined,empathicschool
0,0.16500306,1.0,empathicschool_s28,combined,empathicschool
0,0.16500296,1.0,empathicschool_s28,combined,empathicschool
0,0.104482,1.0,empathicschool_s28,combined,empathicschool
0,0.16500296,1.0,empathicschool_s28,combined,empathicschool
0,0.16500293,1.0,empathicschool_s28,combined,empathicschool
0,0.16500299,1.0,empathicschool_s28,combined,empathicschool
0,0.16500315,1.0,empathicschool_s28,combined,empathicschool
0,0.16500294,1.0,empathicschool_s28,combined,empathicschool
0,0.165003,1.0,empathicschool_s28,combined,empathicschool
0,0.16500306,1.0,empathicschool_s28,combined,empathicschool
0,0.16500305,1.0,empathicschool_s28,combined,empathicschool
0,0.165003,1.0,empathicschool_s28,combined,empathicschool
0,0.16500296,1.0,empathicschool_s28,combined,empathicschool
0,0.10430724,1.0,empathicschool_s28,combined,empathicschool
0,0.1650029,1.0,empathicschool_s28,combined,empathicschool
0,0.1650029,1.0,empathicschool_s28,combined,empathicschool
0,0.16500296,1.0,empathicschool_s28,combined,empathicschool
0,0.16500303,1.0,empathicschool_s28,combined,empathicschool
0,0.16500302,1.0,empathicschool_s28,combined,empathicschool
0,0.16500305,1.0,empathicschool_s28,combined,empathicschool
0,0.16500302,1.0,empathicschool_s28,combined,empathicschool
0,0.16500282,1.0,empathicschool_s28,combined,empathicschool
0,0.1650029,1.0,empathicschool_s28,combined,empathicschool
0,0.16500315,1.0,empathicschool_s28,combined,empathicschool
0,0.10442647,1.0,empathicschool_s28,combined,empathicschool
0,0.1650033,1.0,empathicschool_s28,combined,empathicschool
0,0.16500323,1.0,empathicschool_s28,combined,empathicschool
0,0.16500312,1.0,empathicschool_s28,combined,empathicschool
0,0.16500285,1.0,empathicschool_s28,combined,empathicschool
0,0.16500282,1.0,empathicschool_s28,combined,empathicschool
0,0.1650031,1.0,empathicschool_s28,combined,empathicschool
0,0.16500305,1.0,empathicschool_s28,combined,empathicschool
0,0.16500293,1.0,empathicschool_s28,combined,empathicschool
0,0.16500293,1.0,empathicschool_s28,combined,empathicschool
0,0.16500303,1.0,empathicschool_s28,combined,empathicschool
0,0.101705186,1.0,empathicschool_s28,combined,empathicschool
0,0.16500309,1.0,empathicschool_s28,combined,empathicschool
0,0.16500302,1.0,empathicschool_s28,combined,empathicschool
0,0.16500293,1.0,empathicschool_s28,combined,empathicschool
0,0.16500294,1.0,empathicschool_s28,combined,empathicschool
0,0.16500296,1.0,empathicschool_s28,combined,empathicschool
0,0.16500293,1.0,empathicschool_s28,combined,empathicschool
0,0.16500302,1.0,empathicschool_s28,combined,empathicschool
0,0.16500299,1.0,empathicschool_s28,combined,empathicschool
0,0.16500296,1.0,empathicschool_s28,combined,empathicschool
0,0.16500296,1.0,empathicschool_s28,combined,empathicschool
0,0.1037171,1.0,empathicschool_s28,combined,empathicschool
0,0.165003,1.0,empathicschool_s28,combined,empathicschool
0,0.16500306,1.0,empathicschool_s28,combined,empathicschool
0,0.16500294,1.0,empathicschool_s28,combined,empathicschool
0,0.16500267,1.0,empathicschool_s28,combined,empathicschool
0,0.1650027,1.0,empathicschool_s28,combined,empathicschool
0,0.16500281,1.0,empathicschool_s28,combined,empathicschool
0,0.16500282,1.0,empathicschool_s28,combined,empathicschool
0,0.16500293,1.0,empathicschool_s28,combined,empathicschool
0,0.16500315,1.0,empathicschool_s28,combined,empathicschool
0,0.16500294,1.0,empathicschool_s28,combined,empathicschool
0,0.10823451,1.0,empathicschool_s28,combined,empathicschool
0,0.16500294,1.0,empathicschool_s28,combined,empathicschool
0,0.16500306,1.0,empathicschool_s28,combined,empathicschool
0,0.16500299,1.0,empathicschool_s28,combined,empathicschool
0,0.1650029,1.0,empathicschool_s28,combined,empathicschool
0,0.16500296,1.0,empathicschool_s28,combined,empathicschool
0,0.165003,1.0,empathicschool_s28,combined,empathicschool
0,0.1650029,1.0,empathicschool_s28,combined,empathicschool
0,0.16500296,1.0,empathicschool_s28,combined,empathicschool
0,0.16500315,1.0,empathicschool_s28,combined,empathicschool
0,0.16500318,1.0,empathicschool_s28,combined,empathicschool
0,0.10830071,1.0,empathicschool_s28,combined,empathicschool
0,0.165003,1.0,empathicschool_s28,combined,empathicschool
0,0.16500282,1.0,empathicschool_s28,combined,empathicschool
0,0.1650027,1.0,empathicschool_s28,combined,empathicschool
0,0.16500282,1.0,empathicschool_s28,combined,empathicschool
0,0.16500309,1.0,empathicschool_s28,combined,empathicschool
0,0.16500312,1.0,empathicschool_s28,combined,empathicschool
0,0.16500217,1.0,empathicschool_s28,combined,empathicschool
0,0.16500115,1.0,empathicschool_s28,combined,empathicschool
0,0.16500185,1.0,empathicschool_s28,combined,empathicschool
0,0.16500296,1.0,empathicschool_s28,combined,empathicschool
0,0.112289466,1.0,empathicschool_s28,combined,empathicschool
0,0.16500278,1.0,empathicschool_s28,combined,empathicschool
0,0.1650027,1.0,empathicschool_s28,combined,empathicschool
0,0.16500312,1.0,empathicschool_s28,combined,empathicschool
0,0.1650033,1.0,empathicschool_s28,combined,empathicschool
0,0.16500345,1.0,empathicschool_s28,combined,empathicschool
0,0.16500334,1.0,empathicschool_s28,combined,empathicschool
0,0.16500337,1.0,empathicschool_s28,combined,empathicschool
0,0.16500363,1.0,empathicschool_s28,combined,empathicschool
0,0.16500378,1.0,empathicschool_s28,combined,empathicschool
0,0.16500387,1.0,empathicschool_s28,combined,empathicschool
0,0.11669811,1.0,empathicschool_s28,combined,empathicschool
0,0.16500396,1.0,empathicschool_s28,combined,empathicschool
0,0.16500387,1.0,empathicschool_s28,combined,empathicschool
0,0.16500378,1.0,empathicschool_s28,combined,empathicschool
0,0.16500384,1.0,empathicschool_s28,combined,empathicschool
0,0.16500369,1.0,empathicschool_s28,combined,empathicschool
0,0.1650037,1.0,empathicschool_s28,combined,empathicschool
0,0.16500385,1.0,empathicschool_s28,combined,empathicschool
0,0.16500393,1.0,empathicschool_s28,combined,empathicschool
0,0.16500396,1.0,empathicschool_s28,combined,empathicschool
0,0.16500367,1.0,empathicschool_s28,combined,empathicschool
0,0.1049896,1.0,empathicschool_s28,combined,empathicschool
0,0.11463196,1.0,empathicschool_s28,combined,empathicschool
0,0.16500376,1.0,empathicschool_s28,combined,empathicschool
0,0.16500375,1.0,empathicschool_s28,combined,empathicschool
0,0.16500363,1.0,empathicschool_s28,combined,empathicschool
0,0.1650038,1.0,empathicschool_s28,combined,empathicschool
0,0.16500396,1.0,empathicschool_s28,combined,empathicschool
0,0.16500388,1.0,empathicschool_s28,combined,empathicschool
0,0.16500372,1.0,empathicschool_s28,combined,empathicschool
0,0.16500376,1.0,empathicschool_s28,combined,empathicschool
0,0.16500367,1.0,empathicschool_s28,combined,empathicschool
0,0.16500367,1.0,empathicschool_s28,combined,empathicschool
0,0.11648059,1.0,empathicschool_s28,combined,empathicschool
0,0.16500363,1.0,empathicschool_s28,combined,empathicschool
0,0.16500357,1.0,empathicschool_s28,combined,empathicschool
0,0.1650035,1.0,empathicschool_s28,combined,empathicschool
0,0.16500367,1.0,empathicschool_s28,combined,empathicschool
0,0.16500382,1.0,empathicschool_s28,combined,empathicschool
0,0.16500387,1.0,empathicschool_s28,combined,empathicschool
0,0.16500401,1.0,empathicschool_s28,combined,empathicschool
0,0.1650041,1.0,empathicschool_s28,combined,empathicschool
0,0.16500397,1.0,empathicschool_s28,combined,empathicschool
0,0.16500388,1.0,empathicschool_s28,combined,empathicschool
0,0.14322923,1.0,empathicschool_s28,combined,empathicschool
0,0.16500382,1.0,empathicschool_s28,combined,empathicschool
0,0.16500385,1.0,empathicschool_s28,combined,empathicschool
0,0.16500397,1.0,empathicschool_s28,combined,empathicschool
0,0.16500382,1.0,empathicschool_s28,combined,empathicschool
0,0.16500369,1.0,empathicschool_s28,combined,empathicschool
0,0.16500367,1.0,empathicschool_s28,combined,empathicschool
0,0.16500372,1.0,empathicschool_s28,combined,empathicschool
0,0.16500372,1.0,empathicschool_s28,combined,empathicschool
0,0.16500401,1.0,empathicschool_s28,combined,empathicschool
0,0.165004,1.0,empathicschool_s28,combined,empathicschool
0,0.16500773,1.0,empathicschool_s28,combined,empathicschool
0,0.16500393,1.0,empathicschool_s28,combined,empathicschool
0,0.16500388,1.0,empathicschool_s28,combined,empathicschool
0,0.16500387,1.0,empathicschool_s28,combined,empathicschool
0,0.16500367,1.0,empathicschool_s28,combined,empathicschool
0,0.1650037,1.0,empathicschool_s28,combined,empathicschool
0,0.16500378,1.0,empathicschool_s28,combined,empathicschool
0,0.1650037,1.0,empathicschool_s28,combined,empathicschool
0,0.16500363,1.0,empathicschool_s28,combined,empathicschool
0,0.16500366,1.0,empathicschool_s28,combined,empathicschool
0,0.1650038,1.0,empathicschool_s28,combined,empathicschool
0,0.16500798,1.0,empathicschool_s28,combined,empathicschool
0,0.16500378,1.0,empathicschool_s28,combined,empathicschool
0,0.16500382,1.0,empathicschool_s28,combined,empathicschool
0,0.16500393,1.0,empathicschool_s28,combined,empathicschool
0,0.16500382,1.0,empathicschool_s28,combined,empathicschool
0,0.16500348,1.0,empathicschool_s28,combined,empathicschool
0,0.16500345,1.0,empathicschool_s28,combined,empathicschool
0,0.16500367,1.0,empathicschool_s28,combined,empathicschool
0,0.1650037,1.0,empathicschool_s28,combined,empathicschool
0,0.1650037,1.0,empathicschool_s28,combined,empathicschool
0,0.16500355,1.0,empathicschool_s28,combined,empathicschool
0,0.16500783,1.0,empathicschool_s28,combined,empathicschool
0,0.16500357,1.0,empathicschool_s28,combined,empathicschool
0,0.16500372,1.0,empathicschool_s28,combined,empathicschool
0,0.1650038,1.0,empathicschool_s28,combined,empathicschool
0,0.16500367,1.0,empathicschool_s28,combined,empathicschool
0,0.1650036,1.0,empathicschool_s28,combined,empathicschool
0,0.16500369,1.0,empathicschool_s28,combined,empathicschool
0,0.16500378,1.0,empathicschool_s28,combined,empathicschool
0,0.16500372,1.0,empathicschool_s28,combined,empathicschool
0,0.16500378,1.0,empathicschool_s28,combined,empathicschool
0,0.16500387,1.0,empathicschool_s28,combined,empathicschool
0,0.16500777,1.0,empathicschool_s28,combined,empathicschool
0,0.16500378,1.0,empathicschool_s28,combined,empathicschool
0,0.16500369,1.0,empathicschool_s28,combined,empathicschool
0,0.16500378,1.0,empathicschool_s28,combined,empathicschool
0,0.16500366,1.0,empathicschool_s28,combined,empathicschool
0,0.16500366,1.0,empathicschool_s28,combined,empathicschool
0,0.16500378,1.0,empathicschool_s28,combined,empathicschool
0,0.16500385,1.0,empathicschool_s28,combined,empathicschool
0,0.16500385,1.0,empathicschool_s28,combined,empathicschool
0,0.1650038,1.0,empathicschool_s28,combined,empathicschool
0,0.16500363,1.0,empathicschool_s28,combined,empathicschool
0,0.1650079,1.0,empathicschool_s28,combined,empathicschool
0,0.16500357,1.0,empathicschool_s28,combined,empathicschool
0,0.1650035,1.0,empathicschool_s28,combined,empathicschool
0,0.16500352,1.0,empathicschool_s28,combined,empathicschool
0,0.16500384,1.0,empathicschool_s28,combined,empathicschool
0,0.16500396,1.0,empathicschool_s28,combined,empathicschool
0,0.16500385,1.0,empathicschool_s28,combined,empathicschool
0,0.1650037,1.0,empathicschool_s28,combined,empathicschool
0,0.16500363,1.0,empathicschool_s28,combined,empathicschool
0,0.16500367,1.0,empathicschool_s28,combined,empathicschool
0,0.16500351,1.0,empathicschool_s28,combined,empathicschool
0,0.16500786,1.0,empathicschool_s28,combined,empathicschool
0,0.16500376,1.0,empathicschool_s28,combined,empathicschool
0,0.1650038,1.0,empathicschool_s28,combined,empathicschool
0,0.1650037,1.0,empathicschool_s28,combined,empathicschool
0,0.16500357,1.0,empathicschool_s28,combined,empathicschool
0,0.16500372,1.0,empathicschool_s28,combined,empathicschool
0,0.16500393,1.0,empathicschool_s28,combined,empathicschool
0,0.16500382,1.0,empathicschool_s28,combined,empathicschool
0,0.16500422,1.0,empathicschool_s28,combined,empathicschool
0,0.1650048,1.0,empathicschool_s28,combined,empathicschool
0,0.1650038,1.0,empathicschool_s28,combined,empathicschool
0,0.16500758,1.0,empathicschool_s28,combined,empathicschool
0,0.16500366,1.0,empathicschool_s28,combined,empathicschool
0,0.1650038,1.0,empathicschool_s28,combined,empathicschool
0,0.16500372,1.0,empathicschool_s28,combined,empathicschool
0,0.16500387,1.0,empathicschool_s28,combined,empathicschool
0,0.16500393,1.0,empathicschool_s28,combined,empathicschool
0,0.16500394,1.0,empathicschool_s28,combined,empathicschool
0,0.16500367,1.0,empathicschool_s28,combined,empathicschool
0,0.16500372,1.0,empathicschool_s28,combined,empathicschool
0,0.16500385,1.0,empathicschool_s28,combined,empathicschool
0,0.16500369,1.0,empathicschool_s28,combined,empathicschool
0,0.16500628,1.0,empathicschool_s28,combined,empathicschool
0,0.16500612,1.0,empathicschool_s28,combined,empathicschool
0,0.11429721,1.0,empathicschool_s28,combined,empathicschool
0,0.13747779,1.0,empathicschool_s28,combined,empathicschool
0,0.16501094,1.0,empathicschool_s28,combined,empathicschool
0,0.16501111,1.0,empathicschool_s28,combined,empathicschool
0,0.16501147,1.0,empathicschool_s28,combined,empathicschool
0,0.16501147,1.0,empathicschool_s28,combined,empathicschool
0,0.16501135,1.0,empathicschool_s28,combined,empathicschool
0,0.16501127,1.0,empathicschool_s28,combined,empathicschool
0,0.16501093,1.0,empathicschool_s28,combined,empathicschool
0,0.16501082,1.0,empathicschool_s28,combined,empathicschool
0,0.16501102,1.0,empathicschool_s28,combined,empathicschool
0,0.16501105,1.0,empathicschool_s28,combined,empathicschool
0,0.14121854,1.0,empathicschool_s28,combined,empathicschool
0,0.16501082,1.0,empathicschool_s28,combined,empathicschool
0,0.16501094,1.0,empathicschool_s28,combined,empathicschool
0,0.16501102,1.0,empathicschool_s28,combined,empathicschool
0,0.16501088,1.0,empathicschool_s28,combined,empathicschool
0,0.16501093,1.0,empathicschool_s28,combined,empathicschool
0,0.16501111,1.0,empathicschool_s28,combined,empathicschool
0,0.16501102,1.0,empathicschool_s28,combined,empathicschool
0,0.16501093,1.0,empathicschool_s28,combined,empathicschool
0,0.16501082,1.0,empathicschool_s28,combined,empathicschool
0,0.16501093,1.0,empathicschool_s28,combined,empathicschool
0,0.14267968,1.0,empathicschool_s28,combined,empathicschool
0,0.16501072,1.0,empathicschool_s28,combined,empathicschool
0,0.16501047,1.0,empathicschool_s28,combined,empathicschool
0,0.16501077,1.0,empathicschool_s28,combined,empathicschool
0,0.16501087,1.0,empathicschool_s28,combined,empathicschool
0,0.16501066,1.0,empathicschool_s28,combined,empathicschool
0,0.16501053,1.0,empathicschool_s28,combined,empathicschool
0,0.16501066,1.0,empathicschool_s28,combined,empathicschool
0,0.16501053,1.0,empathicschool_s28,combined,empathicschool
0,0.16501042,1.0,empathicschool_s28,combined,empathicschool
0,0.16501065,1.0,empathicschool_s28,combined,empathicschool
0,0.13939583,1.0,empathicschool_s28,combined,empathicschool
0,0.16501066,1.0,empathicschool_s28,combined,empathicschool
0,0.16501065,1.0,empathicschool_s28,combined,empathicschool
0,0.1650106,1.0,empathicschool_s28,combined,empathicschool
0,0.1650106,1.0,empathicschool_s28,combined,empathicschool
0,0.16501045,1.0,empathicschool_s28,combined,empathicschool
0,0.16501035,1.0,empathicschool_s28,combined,empathicschool
0,0.16501045,1.0,empathicschool_s28,combined,empathicschool
0,0.1650105,1.0,empathicschool_s28,combined,empathicschool
0,0.16501053,1.0,empathicschool_s28,combined,empathicschool
0,0.1650105,1.0,empathicschool_s28,combined,empathicschool
0,0.13962236,1.0,empathicschool_s28,combined,empathicschool
0,0.1650105,1.0,empathicschool_s28,combined,empathicschool
0,0.16501042,1.0,empathicschool_s28,combined,empathicschool
0,0.16501054,1.0,empathicschool_s28,combined,empathicschool
0,0.16501053,1.0,empathicschool_s28,combined,empathicschool
0,0.1650106,1.0,empathicschool_s28,combined,empathicschool
0,0.16501057,1.0,empathicschool_s28,combined,empathicschool
0,0.1650106,1.0,empathicschool_s28,combined,empathicschool
0,0.16501053,1.0,empathicschool_s28,combined,empathicschool
0,0.16501057,1.0,empathicschool_s28,combined,empathicschool
0,0.1650105,1.0,empathicschool_s28,combined,empathicschool
0,0.13964336,1.0,empathicschool_s28,combined,empathicschool
0,0.16501029,1.0,empathicschool_s28,combined,empathicschool
0,0.1650104,1.0,empathicschool_s28,combined,empathicschool
0,0.16501047,1.0,empathicschool_s28,combined,empathicschool
0,0.16501065,1.0,empathicschool_s28,combined,empathicschool
0,0.16501065,1.0,empathicschool_s28,combined,empathicschool
0,0.16501047,1.0,empathicschool_s28,combined,empathicschool
0,0.16501042,1.0,empathicschool_s28,combined,empathicschool
0,0.16501042,1.0,empathicschool_s28,combined,empathicschool
0,0.1650105,1.0,empathicschool_s28,combined,empathicschool
0,0.16501062,1.0,empathicschool_s28,combined,empathicschool
0,0.13963836,1.0,empathicschool_s28,combined,empathicschool
0,0.16501074,1.0,empathicschool_s28,combined,empathicschool
0,0.16501074,1.0,empathicschool_s28,combined,empathicschool
0,0.1650106,1.0,empathicschool_s28,combined,empathicschool
0,0.16501065,1.0,empathicschool_s28,combined,empathicschool
0,0.1650106,1.0,empathicschool_s28,combined,empathicschool
0,0.16501065,1.0,empathicschool_s28,combined,empathicschool
0,0.1650106,1.0,empathicschool_s28,combined,empathicschool
0,0.16501053,1.0,empathicschool_s28,combined,empathicschool
0,0.16501065,1.0,empathicschool_s28,combined,empathicschool
0,0.16501065,1.0,empathicschool_s28,combined,empathicschool
0,0.13935865,1.0,empathicschool_s28,combined,empathicschool
0,0.16501042,1.0,empathicschool_s28,combined,empathicschool
0,0.16501042,1.0,empathicschool_s28,combined,empathicschool
0,0.16501054,1.0,empathicschool_s28,combined,empathicschool
0,0.16501068,1.0,empathicschool_s28,combined,empathicschool
0,0.16501053,1.0,empathicschool_s28,combined,empathicschool
0,0.1650104,1.0,empathicschool_s28,combined,empathicschool
0,0.16501026,1.0,empathicschool_s28,combined,empathicschool
0,0.16501,1.0,empathicschool_s28,combined,empathicschool
0,0.16500992,1.0,empathicschool_s28,combined,empathicschool
0,0.16501018,1.0,empathicschool_s28,combined,empathicschool
0,0.13930334,1.0,empathicschool_s28,combined,empathicschool
0,0.16501018,1.0,empathicschool_s28,combined,empathicschool
0,0.16501014,1.0,empathicschool_s28,combined,empathicschool
0,0.16501012,1.0,empathicschool_s28,combined,empathicschool
0,0.16501008,1.0,empathicschool_s28,combined,empathicschool
0,0.16501012,1.0,empathicschool_s28,combined,empathicschool
0,0.1650101,1.0,empathicschool_s28,combined,empathicschool
0,0.16501017,1.0,empathicschool_s28,combined,empathicschool
0,0.1650104,1.0,empathicschool_s28,combined,empathicschool
0,0.16501029,1.0,empathicschool_s28,combined,empathicschool
0,0.1650101,1.0,empathicschool_s28,combined,empathicschool
0,0.1392171,1.0,empathicschool_s28,combined,empathicschool
0,0.16501077,1.0,empathicschool_s28,combined,empathicschool
0,0.1650108,1.0,empathicschool_s28,combined,empathicschool
0,0.16501002,1.0,empathicschool_s28,combined,empathicschool
0,0.16500996,1.0,empathicschool_s28,combined,empathicschool
0,0.16500996,1.0,empathicschool_s28,combined,empathicschool
0,0.1650101,1.0,empathicschool_s28,combined,empathicschool
0,0.16501005,1.0,empathicschool_s28,combined,empathicschool
0,0.16501024,1.0,empathicschool_s28,combined,empathicschool
0,0.16501024,1.0,empathicschool_s28,combined,empathicschool
0,0.1650099,1.0,empathicschool_s28,combined,empathicschool
0,0.1142918,1.0,empathicschool_s28,combined,empathicschool
0,0.13879412,1.0,empathicschool_s28,combined,empathicschool
0,0.16501002,1.0,empathicschool_s28,combined,empathicschool
0,0.16501017,1.0,empathicschool_s28,combined,empathicschool
0,0.16500996,1.0,empathicschool_s28,combined,empathicschool
0,0.16500978,1.0,empathicschool_s28,combined,empathicschool
0,0.1650101,1.0,empathicschool_s28,combined,empathicschool
0,0.16501012,1.0,empathicschool_s28,combined,empathicschool
0,0.1650097,1.0,empathicschool_s28,combined,empathicschool
0,0.16500969,1.0,empathicschool_s28,combined,empathicschool
0,0.16500986,1.0,empathicschool_s28,combined,empathicschool
0,0.16500989,1.0,empathicschool_s28,combined,empathicschool
0,0.13810712,1.0,empathicschool_s28,combined,empathicschool
0,0.16500998,1.0,empathicschool_s28,combined,empathicschool
0,0.16500995,1.0,empathicschool_s28,combined,empathicschool
0,0.1650099,1.0,empathicschool_s28,combined,empathicschool
0,0.16501017,1.0,empathicschool_s28,combined,empathicschool
0,0.1650101,1.0,empathicschool_s28,combined,empathicschool
0,0.16501006,1.0,empathicschool_s28,combined,empathicschool
0,0.16501018,1.0,empathicschool_s28,combined,empathicschool
0,0.16501012,1.0,empathicschool_s28,combined,empathicschool
0,0.16501017,1.0,empathicschool_s28,combined,empathicschool
0,0.16501024,1.0,empathicschool_s28,combined,empathicschool
0,0.12286218,1.0,empathicschool_s28,combined,empathicschool
0,0.16501014,1.0,empathicschool_s28,combined,empathicschool
0,0.16500996,1.0,empathicschool_s28,combined,empathicschool
0,0.16500992,1.0,empathicschool_s28,combined,empathicschool
0,0.1650098,1.0,empathicschool_s28,combined,empathicschool
0,0.16500986,1.0,empathicschool_s28,combined,empathicschool
0,0.16500996,1.0,empathicschool_s28,combined,empathicschool
0,0.16501,1.0,empathicschool_s28,combined,empathicschool
0,0.1650099,1.0,empathicschool_s28,combined,empathicschool
0,0.16500992,1.0,empathicschool_s28,combined,empathicschool
0,0.16500998,1.0,empathicschool_s28,combined,empathicschool
0,0.11753242,1.0,empathicschool_s28,combined,empathicschool
0,0.16500978,1.0,empathicschool_s28,combined,empathicschool
0,0.16500983,1.0,empathicschool_s28,combined,empathicschool
0,0.16500983,1.0,empathicschool_s28,combined,empathicschool
0,0.16500977,1.0,empathicschool_s28,combined,empathicschool
0,0.16500966,1.0,empathicschool_s28,combined,empathicschool
0,0.1650096,1.0,empathicschool_s28,combined,empathicschool
0,0.16500959,1.0,empathicschool_s28,combined,empathicschool
0,0.16500959,1.0,empathicschool_s28,combined,empathicschool
0,0.1650096,1.0,empathicschool_s28,combined,empathicschool
0,0.16500965,1.0,empathicschool_s28,combined,empathicschool
0,0.13032378,1.0,empathicschool_s28,combined,empathicschool
0,0.16500986,1.0,empathicschool_s28,combined,empathicschool
0,0.1650098,1.0,empathicschool_s28,combined,empathicschool
0,0.1650095,1.0,empathicschool_s28,combined,empathicschool
0,0.1650095,1.0,empathicschool_s28,combined,empathicschool
0,0.16500954,1.0,empathicschool_s28,combined,empathicschool
0,0.16500945,1.0,empathicschool_s28,combined,empathicschool
0,0.16500938,1.0,empathicschool_s28,combined,empathicschool
0,0.1650093,1.0,empathicschool_s28,combined,empathicschool
0,0.16500899,1.0,empathicschool_s28,combined,empathicschool
0,0.1650085,1.0,empathicschool_s28,combined,empathicschool
0,0.13247721,1.0,empathicschool_s28,combined,empathicschool
0,0.16500854,1.0,empathicschool_s28,combined,empathicschool
0,0.16500899,1.0,empathicschool_s28,combined,empathicschool
0,0.16500899,1.0,empathicschool_s28,combined,empathicschool
0,0.16500868,1.0,empathicschool_s28,combined,empathicschool
0,0.1650091,1.0,empathicschool_s28,combined,empathicschool
0,0.16500859,1.0,empathicschool_s28,combined,empathicschool
0,0.16500798,1.0,empathicschool_s28,combined,empathicschool
0,0.1650082,1.0,empathicschool_s28,combined,empathicschool
0,0.16500854,1.0,empathicschool_s28,combined,empathicschool
0,0.16500884,1.0,empathicschool_s28,combined,empathicschool
0,0.12947503,1.0,empathicschool_s28,combined,empathicschool
0,0.16500895,1.0,empathicschool_s28,combined,empathicschool
0,0.1650101,1.0,empathicschool_s28,combined,empathicschool
0,0.16501,1.0,empathicschool_s28,combined,empathicschool
0,0.16500877,1.0,empathicschool_s28,combined,empathicschool
0,0.16500875,1.0,empathicschool_s28,combined,empathicschool
0,0.16500884,1.0,empathicschool_s28,combined,empathicschool
0,0.16500884,1.0,empathicschool_s28,combined,empathicschool
0,0.16500877,1.0,empathicschool_s28,combined,empathicschool
0,0.16500898,1.0,empathicschool_s28,combined,empathicschool
0,0.16500919,1.0,empathicschool_s28,combined,empathicschool
0,0.118669905,1.0,empathicschool_s28,combined,empathicschool
0,0.16500926,1.0,empathicschool_s28,combined,empathicschool
0,0.16500923,1.0,empathicschool_s28,combined,empathicschool
0,0.1650092,1.0,empathicschool_s28,combined,empathicschool
0,0.16500925,1.0,empathicschool_s28,combined,empathicschool
0,0.16500923,1.0,empathicschool_s28,combined,empathicschool
0,0.1650092,1.0,empathicschool_s28,combined,empathicschool
0,0.16500847,1.0,empathicschool_s28,combined,empathicschool
0,0.16500777,1.0,empathicschool_s28,combined,empathicschool
0,0.16500795,1.0,empathicschool_s28,combined,empathicschool
0,0.16500883,1.0,empathicschool_s28,combined,empathicschool
0,0.11291901,1.0,empathicschool_s28,combined,empathicschool
0,0.16501008,1.0,empathicschool_s28,combined,empathicschool
0,0.16501066,1.0,empathicschool_s28,combined,empathicschool
0,0.16501088,1.0,empathicschool_s28,combined,empathicschool
0,0.16501111,1.0,empathicschool_s28,combined,empathicschool
0,0.16501133,1.0,empathicschool_s28,combined,empathicschool
0,0.1650115,1.0,empathicschool_s28,combined,empathicschool
0,0.16501173,1.0,empathicschool_s28,combined,empathicschool
0,0.16501176,1.0,empathicschool_s28,combined,empathicschool
0,0.16501169,1.0,empathicschool_s28,combined,empathicschool
0,0.16501142,1.0,empathicschool_s28,combined,empathicschool
0,0.112822086,1.0,empathicschool_s28,combined,empathicschool
0,0.16501111,1.0,empathicschool_s28,combined,empathicschool
0,0.16501121,1.0,empathicschool_s28,combined,empathicschool
0,0.16501094,1.0,empathicschool_s28,combined,empathicschool
0,0.16501066,1.0,empathicschool_s28,combined,empathicschool
0,0.16501077,1.0,empathicschool_s28,combined,empathicschool
0,0.16501088,1.0,empathicschool_s28,combined,empathicschool
0,0.16501082,1.0,empathicschool_s28,combined,empathicschool
0,0.16501069,1.0,empathicschool_s28,combined,empathicschool
0,0.16501074,1.0,empathicschool_s28,combined,empathicschool
0,0.16501054,1.0,empathicschool_s28,combined,empathicschool
0,0.11425863,1.0,empathicschool_s28,combined,empathicschool
0,0.11299253,1.0,empathicschool_s28,combined,empathicschool
0,0.16501038,1.0,empathicschool_s28,combined,empathicschool
0,0.16501042,1.0,empathicschool_s28,combined,empathicschool
0,0.16501053,1.0,empathicschool_s28,combined,empathicschool
0,0.16501041,1.0,empathicschool_s28,combined,empathicschool
0,0.1650103,1.0,empathicschool_s28,combined,empathicschool
0,0.16501038,1.0,empathicschool_s28,combined,empathicschool
0,0.16501018,1.0,empathicschool_s28,combined,empathicschool
0,0.16501012,1.0,empathicschool_s28,combined,empathicschool
0,0.16501012,1.0,empathicschool_s28,combined,empathicschool
0,0.1650103,1.0,empathicschool_s28,combined,empathicschool
0,0.113220274,1.0,empathicschool_s28,combined,empathicschool
0,0.16501054,1.0,empathicschool_s28,combined,empathicschool
0,0.16501062,1.0,empathicschool_s28,combined,empathicschool
0,0.16501065,1.0,empathicschool_s28,combined,empathicschool
0,0.16501047,1.0,empathicschool_s28,combined,empathicschool
0,0.1650104,1.0,empathicschool_s28,combined,empathicschool
0,0.16501065,1.0,empathicschool_s28,combined,empathicschool
0,0.1650105,1.0,empathicschool_s28,combined,empathicschool
0,0.1650103,1.0,empathicschool_s28,combined,empathicschool
0,0.1650102,1.0,empathicschool_s28,combined,empathicschool
0,0.16501027,1.0,empathicschool_s28,combined,empathicschool
0,0.11310932,1.0,empathicschool_s28,combined,empathicschool
0,0.16501006,1.0,empathicschool_s28,combined,empathicschool
0,0.16501012,1.0,empathicschool_s28,combined,empathicschool
0,0.16501041,1.0,empathicschool_s28,combined,empathicschool
0,0.16501045,1.0,empathicschool_s28,combined,empathicschool
0,0.16501042,1.0,empathicschool_s28,combined,empathicschool
0,0.16501041,1.0,empathicschool_s28,combined,empathicschool
0,0.16501054,1.0,empathicschool_s28,combined,empathicschool
0,0.16501053,1.0,empathicschool_s28,combined,empathicschool
0,0.16501029,1.0,empathicschool_s28,combined,empathicschool
0,0.16501041,1.0,empathicschool_s28,combined,empathicschool
0,0.113439,1.0,empathicschool_s28,combined,empathicschool
0,0.1650104,1.0,empathicschool_s28,combined,empathicschool
0,0.16501035,1.0,empathicschool_s28,combined,empathicschool
0,0.16501032,1.0,empathicschool_s28,combined,empathicschool
0,0.16501024,1.0,empathicschool_s28,combined,empathicschool
0,0.16501012,1.0,empathicschool_s28,combined,empathicschool
0,0.16501,1.0,empathicschool_s28,combined,empathicschool
0,0.16501008,1.0,empathicschool_s28,combined,empathicschool
0,0.16501024,1.0,empathicschool_s28,combined,empathicschool
0,0.16501029,1.0,empathicschool_s28,combined,empathicschool
0,0.16501017,1.0,empathicschool_s28,combined,empathicschool
0,0.114237174,1.0,empathicschool_s28,combined,empathicschool
0,0.16501,1.0,empathicschool_s28,combined,empathicschool
0,0.1650101,1.0,empathicschool_s28,combined,empathicschool
0,0.16500998,1.0,empathicschool_s28,combined,empathicschool
0,0.16501,1.0,empathicschool_s28,combined,empathicschool
0,0.16501018,1.0,empathicschool_s28,combined,empathicschool
0,0.16501029,1.0,empathicschool_s28,combined,empathicschool
0,0.16501017,1.0,empathicschool_s28,combined,empathicschool
0,0.16501111,1.0,empathicschool_s28,combined,empathicschool
0,0.16501074,1.0,empathicschool_s28,combined,empathicschool
0,0.16500977,1.0,empathicschool_s28,combined,empathicschool
0,0.114066236,1.0,empathicschool_s28,combined,empathicschool
0,0.1650099,1.0,empathicschool_s28,combined,empathicschool
0,0.16501,1.0,empathicschool_s28,combined,empathicschool
0,0.16500998,1.0,empathicschool_s28,combined,empathicschool
0,0.16500993,1.0,empathicschool_s28,combined,empathicschool
0,0.16500996,1.0,empathicschool_s28,combined,empathicschool
0,0.16501005,1.0,empathicschool_s28,combined,empathicschool
0,0.16500983,1.0,empathicschool_s28,combined,empathicschool
0,0.16500966,1.0,empathicschool_s28,combined,empathicschool
0,0.1650098,1.0,empathicschool_s28,combined,empathicschool
0,0.16500983,1.0,empathicschool_s28,combined,empathicschool
0,0.117855005,1.0,empathicschool_s28,combined,empathicschool
0,0.16500977,1.0,empathicschool_s28,combined,empathicschool
0,0.16500978,1.0,empathicschool_s28,combined,empathicschool
0,0.16500993,1.0,empathicschool_s28,combined,empathicschool
0,0.1650098,1.0,empathicschool_s28,combined,empathicschool
0,0.1650097,1.0,empathicschool_s28,combined,empathicschool
0,0.16500977,1.0,empathicschool_s28,combined,empathicschool
0,0.1650098,1.0,empathicschool_s28,combined,empathicschool
0,0.16500978,1.0,empathicschool_s28,combined,empathicschool
0,0.16500984,1.0,empathicschool_s28,combined,empathicschool
0,0.16500992,1.0,empathicschool_s28,combined,empathicschool
0,0.13413952,1.0,empathicschool_s28,combined,empathicschool
0,0.16500966,1.0,empathicschool_s28,combined,empathicschool
0,0.16500948,1.0,empathicschool_s28,combined,empathicschool
0,0.16500948,1.0,empathicschool_s28,combined,empathicschool
0,0.16500953,1.0,empathicschool_s28,combined,empathicschool
0,0.16500966,1.0,empathicschool_s28,combined,empathicschool
0,0.16500969,1.0,empathicschool_s28,combined,empathicschool
0,0.16500966,1.0,empathicschool_s28,combined,empathicschool
0,0.16500935,1.0,empathicschool_s28,combined,empathicschool
0,0.16500942,1.0,empathicschool_s28,combined,empathicschool
0,0.16500965,1.0,empathicschool_s28,combined,empathicschool
0,0.14547127,1.0,empathicschool_s28,combined,empathicschool
0,0.1650095,1.0,empathicschool_s28,combined,empathicschool
0,0.16500948,1.0,empathicschool_s28,combined,empathicschool
0,0.16500959,1.0,empathicschool_s28,combined,empathicschool
0,0.16500965,1.0,empathicschool_s28,combined,empathicschool
0,0.16500948,1.0,empathicschool_s28,combined,empathicschool
0,0.16500938,1.0,empathicschool_s28,combined,empathicschool
0,0.16500957,1.0,empathicschool_s28,combined,empathicschool
0,0.16500966,1.0,empathicschool_s28,combined,empathicschool
0,0.16500959,1.0,empathicschool_s28,combined,empathicschool
0,0.16500959,1.0,empathicschool_s28,combined,empathicschool
0,0.14318755,1.0,empathicschool_s28,combined,empathicschool
0,0.16500966,1.0,empathicschool_s28,combined,empathicschool
0,0.16500953,1.0,empathicschool_s28,combined,empathicschool
0,0.16500959,1.0,empathicschool_s28,combined,empathicschool
0,0.16500966,1.0,empathicschool_s28,combined,empathicschool
0,0.16500942,1.0,empathicschool_s28,combined,empathicschool
0,0.16500953,1.0,empathicschool_s28,combined,empathicschool
0,0.16500947,1.0,empathicschool_s28,combined,empathicschool
0,0.16500947,1.0,empathicschool_s28,combined,empathicschool
0,0.16500948,1.0,empathicschool_s28,combined,empathicschool
0,0.16500947,1.0,empathicschool_s28,combined,empathicschool
0,0.11409164,1.0,empathicschool_s28,combined,empathicschool
0,0.14241457,1.0,empathicschool_s28,combined,empathicschool
0,0.16500948,1.0,empathicschool_s28,combined,empathicschool
0,0.16500932,1.0,empathicschool_s28,combined,empathicschool
0,0.16500932,1.0,empathicschool_s28,combined,empathicschool
0,0.16500947,1.0,empathicschool_s28,combined,empathicschool
0,0.16500925,1.0,empathicschool_s28,combined,empathicschool
0,0.16500923,1.0,empathicschool_s28,combined,empathicschool
0,0.16500899,1.0,empathicschool_s28,combined,empathicschool
0,0.1650091,1.0,empathicschool_s28,combined,empathicschool
0,0.16500932,1.0,empathicschool_s28,combined,empathicschool
0,0.1650092,1.0,empathicschool_s28,combined,empathicschool
0,0.1424144,1.0,empathicschool_s28,combined,empathicschool
0,0.16500911,1.0,empathicschool_s28,combined,empathicschool
0,0.16500907,1.0,empathicschool_s28,combined,empathicschool
0,0.16500907,1.0,empathicschool_s28,combined,empathicschool
0,0.16500877,1.0,empathicschool_s28,combined,empathicschool
0,0.16500883,1.0,empathicschool_s28,combined,empathicschool
0,0.16500913,1.0,empathicschool_s28,combined,empathicschool
0,0.16500917,1.0,empathicschool_s28,combined,empathicschool
0,0.16500919,1.0,empathicschool_s28,combined,empathicschool
0,0.16500905,1.0,empathicschool_s28,combined,empathicschool
0,0.1650089,1.0,empathicschool_s28,combined,empathicschool
0,0.1424211,1.0,empathicschool_s28,combined,empathicschool
0,0.16500884,1.0,empathicschool_s28,combined,empathicschool
0,0.16500883,1.0,empathicschool_s28,combined,empathicschool
0,0.16500898,1.0,empathicschool_s28,combined,empathicschool
0,0.16500899,1.0,empathicschool_s28,combined,empathicschool
0,0.16500887,1.0,empathicschool_s28,combined,empathicschool
0,0.1650089,1.0,empathicschool_s28,combined,empathicschool
0,0.16500887,1.0,empathicschool_s28,combined,empathicschool
0,0.16500872,1.0,empathicschool_s28,combined,empathicschool
0,0.16500872,1.0,empathicschool_s28,combined,empathicschool
0,0.16500887,1.0,empathicschool_s28,combined,empathicschool
0,0.1424218,1.0,empathicschool_s28,combined,empathicschool
0,0.16500896,1.0,empathicschool_s28,combined,empathicschool
0,0.16500908,1.0,empathicschool_s28,combined,empathicschool
0,0.16500884,1.0,empathicschool_s28,combined,empathicschool
0,0.16500877,1.0,empathicschool_s28,combined,empathicschool
0,0.16500877,1.0,empathicschool_s28,combined,empathicschool
0,0.16500868,1.0,empathicschool_s28,combined,empathicschool
0,0.16500884,1.0,empathicschool_s28,combined,empathicschool
0,0.16500895,1.0,empathicschool_s28,combined,empathicschool
0,0.16500887,1.0,empathicschool_s28,combined,empathicschool
0,0.1650089,1.0,empathicschool_s28,combined,empathicschool
0,0.13966687,1.0,empathicschool_s28,combined,empathicschool
0,0.16500883,1.0,empathicschool_s28,combined,empathicschool
0,0.16500877,1.0,empathicschool_s28,combined,empathicschool
0,0.16500872,1.0,empathicschool_s28,combined,empathicschool
0,0.16500877,1.0,empathicschool_s28,combined,empathicschool
0,0.16500872,1.0,empathicschool_s28,combined,empathicschool
0,0.16500865,1.0,empathicschool_s28,combined,empathicschool
0,0.16500877,1.0,empathicschool_s28,combined,empathicschool
0,0.16500884,1.0,empathicschool_s28,combined,empathicschool
0,0.1650089,1.0,empathicschool_s28,combined,empathicschool
0,0.1650087,1.0,empathicschool_s28,combined,empathicschool
0,0.13441429,1.0,empathicschool_s28,combined,empathicschool
0,0.16500896,1.0,empathicschool_s28,combined,empathicschool
0,0.1650089,1.0,empathicschool_s28,combined,empathicschool
0,0.16500872,1.0,empathicschool_s28,combined,empathicschool
0,0.16500868,1.0,empathicschool_s28,combined,empathicschool
0,0.16500872,1.0,empathicschool_s28,combined,empathicschool
0,0.16500872,1.0,empathicschool_s28,combined,empathicschool
0,0.16500849,1.0,empathicschool_s28,combined,empathicschool
0,0.16500857,1.0,empathicschool_s28,combined,empathicschool
0,0.16500872,1.0,empathicschool_s28,combined,empathicschool
0,0.16500857,1.0,empathicschool_s28,combined,empathicschool
0,0.13238145,1.0,empathicschool_s28,combined,empathicschool
0,0.1650086,1.0,empathicschool_s28,combined,empathicschool
0,0.16500863,1.0,empathicschool_s28,combined,empathicschool
0,0.16500877,1.0,empathicschool_s28,combined,empathicschool
0,0.16500863,1.0,empathicschool_s28,combined,empathicschool
0,0.16500868,1.0,empathicschool_s28,combined,empathicschool
0,0.16500898,1.0,empathicschool_s28,combined,empathicschool
0,0.16500899,1.0,empathicschool_s28,combined,empathicschool
0,0.1650091,1.0,empathicschool_s28,combined,empathicschool
0,0.1650095,1.0,empathicschool_s28,combined,empathicschool
0,0.16501018,1.0,empathicschool_s28,combined,empathicschool
0,0.13192664,1.0,empathicschool_s28,combined,empathicschool
0,0.16501082,1.0,empathicschool_s28,combined,empathicschool
0,0.16501111,1.0,empathicschool_s28,combined,empathicschool
0,0.16501135,1.0,empathicschool_s28,combined,empathicschool
0,0.16501112,1.0,empathicschool_s28,combined,empathicschool
0,0.16501069,1.0,empathicschool_s28,combined,empathicschool
0,0.16501047,1.0,empathicschool_s28,combined,empathicschool
0,0.16500984,1.0,empathicschool_s28,combined,empathicschool
0,0.1650095,1.0,empathicschool_s28,combined,empathicschool
0,0.16500953,1.0,empathicschool_s28,combined,empathicschool
0,0.16500865,1.0,empathicschool_s28,combined,empathicschool
0,0.13223891,1.0,empathicschool_s28,combined,empathicschool
0,0.16500756,1.0,empathicschool_s28,combined,empathicschool
0,0.16500671,1.0,empathicschool_s28,combined,empathicschool
0,0.16500653,1.0,empathicschool_s28,combined,empathicschool
0,0.16500658,1.0,empathicschool_s28,combined,empathicschool
0,0.16500619,1.0,empathicschool_s28,combined,empathicschool
0,0.16500604,1.0,empathicschool_s28,combined,empathicschool
0,0.1650061,1.0,empathicschool_s28,combined,empathicschool
0,0.16500601,1.0,empathicschool_s28,combined,empathicschool
0,0.16500601,1.0,empathicschool_s28,combined,empathicschool
0,0.1650061,1.0,empathicschool_s28,combined,empathicschool
0,0.13306701,1.0,empathicschool_s28,combined,empathicschool
0,0.16500604,1.0,empathicschool_s28,combined,empathicschool
0,0.16500576,1.0,empathicschool_s28,combined,empathicschool
0,0.1650055,1.0,empathicschool_s28,combined,empathicschool
0,0.1650055,1.0,empathicschool_s28,combined,empathicschool
0,0.16500561,1.0,empathicschool_s28,combined,empathicschool
0,0.16500567,1.0,empathicschool_s28,combined,empathicschool
0,0.16500577,1.0,empathicschool_s28,combined,empathicschool
0,0.16500585,1.0,empathicschool_s28,combined,empathicschool
0,0.16500582,1.0,empathicschool_s28,combined,empathicschool
0,0.1650055,1.0,empathicschool_s28,combined,empathicschool
0,0.11416869,1.0,empathicschool_s28,combined,empathicschool
0,0.13348824,1.0,empathicschool_s28,combined,empathicschool
0,0.16500556,1.0,empathicschool_s28,combined,empathicschool
0,0.1335741,1.0,empathicschool_s28,combined,empathicschool
0,0.13357548,1.0,empathicschool_s28,combined,empathicschool
0,0.13357376,1.0,empathicschool_s28,combined,empathicschool
0,0.13342358,1.0,empathicschool_s28,combined,empathicschool
0,0.1328998,1.0,empathicschool_s28,combined,empathicschool
0,0.13164254,1.0,empathicschool_s28,combined,empathicschool
0,0.12923226,1.0,empathicschool_s28,combined,empathicschool
0,0.12802094,1.0,empathicschool_s28,combined,empathicschool
0,0.12822525,1.0,empathicschool_s28,combined,empathicschool
0,0.114202365,1.0,empathicschool_s28,combined,empathicschool
0,0.12822525,1.0,empathicschool_s28,combined,empathicschool
0,0.12842685,1.0,empathicschool_s28,combined,empathicschool
0,0.12850238,1.0,empathicschool_s28,combined,empathicschool
0,0.1285025,1.0,empathicschool_s28,combined,empathicschool
0,0.12853202,1.0,empathicschool_s28,combined,empathicschool
0,0.12853584,1.0,empathicschool_s28,combined,empathicschool
0,0.12849802,1.0,empathicschool_s28,combined,empathicschool
0,0.12830563,1.0,empathicschool_s28,combined,empathicschool
0,0.12813617,1.0,empathicschool_s28,combined,empathicschool
0,0.12813619,1.0,empathicschool_s28,combined,empathicschool
0,0.113854006,1.0,empathicschool_s28,combined,empathicschool
0,0.12849791,1.0,empathicschool_s28,combined,empathicschool
0,0.1349429,1.0,empathicschool_s28,combined,empathicschool
0,0.13936913,1.0,empathicschool_s28,combined,empathicschool
0,0.13880175,1.0,empathicschool_s28,combined,empathicschool
0,0.13861798,1.0,empathicschool_s28,combined,empathicschool
0,0.13865012,1.0,empathicschool_s28,combined,empathicschool
0,0.13874659,1.0,empathicschool_s28,combined,empathicschool
0,0.13855071,1.0,empathicschool_s28,combined,empathicschool
0,0.13860539,1.0,empathicschool_s28,combined,empathicschool
0,0.1320253,1.0,empathicschool_s28,combined,empathicschool
0,0.114016525,1.0,empathicschool_s28,combined,empathicschool
0,0.1206619,1.0,empathicschool_s28,combined,empathicschool
0,0.1150631,1.0,empathicschool_s28,combined,empathicschool
0,0.11392637,1.0,empathicschool_s28,combined,empathicschool
0,0.11147624,1.0,empathicschool_s28,combined,empathicschool
0,0.11145114,1.0,empathicschool_s28,combined,empathicschool
0,0.11490964,1.0,empathicschool_s28,combined,empathicschool
0,0.11526093,1.0,empathicschool_s28,combined,empathicschool
0,0.11511662,1.0,empathicschool_s28,combined,empathicschool
0,0.11514039,1.0,empathicschool_s28,combined,empathicschool
0,0.11521806,1.0,empathicschool_s28,combined,empathicschool
0,0.11446322,1.0,empathicschool_s28,combined,empathicschool
0,0.11448198,1.0,empathicschool_s28,combined,empathicschool
0,0.11339696,1.0,empathicschool_s28,combined,empathicschool
0,0.11304227,1.0,empathicschool_s28,combined,empathicschool
0,0.11290822,1.0,empathicschool_s28,combined,empathicschool
0,0.112908155,1.0,empathicschool_s28,combined,empathicschool
0,0.112908155,1.0,empathicschool_s28,combined,empathicschool
0,0.11294856,1.0,empathicschool_s28,combined,empathicschool
0,0.11294906,1.0,empathicschool_s28,combined,empathicschool
0,0.11293544,1.0,empathicschool_s28,combined,empathicschool
0,0.11300678,1.0,empathicschool_s28,combined,empathicschool
0,0.11525027,1.0,empathicschool_s28,combined,empathicschool
0,0.11287708,1.0,empathicschool_s28,combined,empathicschool
0,0.11285582,1.0,empathicschool_s28,combined,empathicschool
0,0.11302992,1.0,empathicschool_s28,combined,empathicschool
0,0.11312764,1.0,empathicschool_s28,combined,empathicschool
0,0.11307432,1.0,empathicschool_s28,combined,empathicschool
0,0.113058135,1.0,empathicschool_s28,combined,empathicschool
0,0.11310108,1.0,empathicschool_s28,combined,empathicschool
0,0.113217376,1.0,empathicschool_s28,combined,empathicschool
0,0.11305723,1.0,empathicschool_s28,combined,empathicschool
0,0.1129894,1.0,empathicschool_s28,combined,empathicschool
0,0.16436324,1.0,empathicschool_s28,combined,empathicschool
0,0.11593073,1.0,empathicschool_s28,combined,empathicschool
0,0.11300017,1.0,empathicschool_s28,combined,empathicschool
0,0.11301916,1.0,empathicschool_s28,combined,empathicschool
0,0.12208676,1.0,empathicschool_s28,combined,empathicschool
0,0.14498708,1.0,empathicschool_s28,combined,empathicschool
0,0.15449403,1.0,empathicschool_s28,combined,empathicschool
0,0.15445614,1.0,empathicschool_s28,combined,empathicschool
0,0.15772568,1.0,empathicschool_s28,combined,empathicschool
0,0.16365612,1.0,empathicschool_s28,combined,empathicschool
0,0.16501062,1.0,empathicschool_s28,combined,empathicschool
0,0.1650106,1.0,empathicschool_s28,combined,empathicschool
0,0.115893774,1.0,empathicschool_s28,combined,empathicschool
0,0.1650106,1.0,empathicschool_s28,combined,empathicschool
0,0.16501072,1.0,empathicschool_s28,combined,empathicschool
0,0.16501038,1.0,empathicschool_s28,combined,empathicschool
0,0.16501024,1.0,empathicschool_s28,combined,empathicschool
0,0.16501047,1.0,empathicschool_s28,combined,empathicschool
0,0.1650106,1.0,empathicschool_s28,combined,empathicschool
0,0.16501057,1.0,empathicschool_s28,combined,empathicschool
0,0.16501074,1.0,empathicschool_s28,combined,empathicschool
0,0.16501091,1.0,empathicschool_s28,combined,empathicschool
0,0.16501102,1.0,empathicschool_s28,combined,empathicschool
0,0.115820214,1.0,empathicschool_s28,combined,empathicschool
0,0.16501132,1.0,empathicschool_s28,combined,empathicschool
0,0.1650118,1.0,empathicschool_s28,combined,empathicschool
0,0.16501217,1.0,empathicschool_s28,combined,empathicschool
0,0.1650124,1.0,empathicschool_s28,combined,empathicschool
0,0.16501233,1.0,empathicschool_s28,combined,empathicschool
0,0.1650124,1.0,empathicschool_s28,combined,empathicschool
0,0.16501233,1.0,empathicschool_s28,combined,empathicschool
0,0.1650121,1.0,empathicschool_s28,combined,empathicschool
0,0.16501206,1.0,empathicschool_s28,combined,empathicschool
0,0.1650116,1.0,empathicschool_s28,combined,empathicschool
0,0.11578528,1.0,empathicschool_s28,combined,empathicschool
0,0.16501142,1.0,empathicschool_s28,combined,empathicschool
0,0.16501215,1.0,empathicschool_s28,combined,empathicschool
0,0.16501234,1.0,empathicschool_s28,combined,empathicschool
0,0.16501246,1.0,empathicschool_s28,combined,empathicschool
0,0.16501246,1.0,empathicschool_s28,combined,empathicschool
0,0.16501293,1.0,empathicschool_s28,combined,empathicschool
0,0.16501322,1.0,empathicschool_s28,combined,empathicschool
0,0.16501334,1.0,empathicschool_s28,combined,empathicschool
0,0.16501334,1.0,empathicschool_s28,combined,empathicschool
0,0.16501328,1.0,empathicschool_s28,combined,empathicschool
0,0.11570594,1.0,empathicschool_s28,combined,empathicschool
0,0.16501316,1.0,empathicschool_s28,combined,empathicschool
0,0.16501282,1.0,empathicschool_s28,combined,empathicschool
0,0.16501266,1.0,empathicschool_s28,combined,empathicschool
0,0.16501254,1.0,empathicschool_s28,combined,empathicschool
0,0.16501234,1.0,empathicschool_s28,combined,empathicschool
0,0.16501233,1.0,empathicschool_s28,combined,empathicschool
0,0.16501206,1.0,empathicschool_s28,combined,empathicschool
0,0.16501172,1.0,empathicschool_s28,combined,empathicschool
0,0.16501151,1.0,empathicschool_s28,combined,empathicschool
0,0.16501147,1.0,empathicschool_s28,combined,empathicschool
0,0.11494866,1.0,empathicschool_s28,combined,empathicschool
0,0.1650116,1.0,empathicschool_s28,combined,empathicschool
0,0.1650116,1.0,empathicschool_s28,combined,empathicschool
0,0.16501175,1.0,empathicschool_s28,combined,empathicschool
0,0.16501173,1.0,empathicschool_s28,combined,empathicschool
0,0.16501173,1.0,empathicschool_s28,combined,empathicschool
0,0.16501181,1.0,empathicschool_s28,combined,empathicschool
0,0.16501203,1.0,empathicschool_s28,combined,empathicschool
0,0.1650121,1.0,empathicschool_s28,combined,empathicschool
0,0.1650121,1.0,empathicschool_s28,combined,empathicschool
0,0.16501206,1.0,empathicschool_s28,combined,empathicschool
0,0.11480468,1.0,empathicschool_s28,combined,empathicschool
0,0.16501205,1.0,empathicschool_s28,combined,empathicschool
0,0.1650124,1.0,empathicschool_s28,combined,empathicschool
0,0.16501258,1.0,empathicschool_s28,combined,empathicschool
0,0.1650125,1.0,empathicschool_s28,combined,empathicschool
0,0.1650125,1.0,empathicschool_s28,combined,empathicschool
0,0.16501246,1.0,empathicschool_s28,combined,empathicschool
0,0.16501254,1.0,empathicschool_s28,combined,empathicschool
0,0.16501263,1.0,empathicschool_s28,combined,empathicschool
0,0.16501258,1.0,empathicschool_s28,combined,empathicschool
0,0.16501254,1.0,empathicschool_s28,combined,empathicschool
0,0.115037665,1.0,empathicschool_s28,combined,empathicschool
0,0.16501258,1.0,empathicschool_s28,combined,empathicschool
0,0.16501252,1.0,empathicschool_s28,combined,empathicschool
0,0.1650124,1.0,empathicschool_s28,combined,empathicschool
0,0.16501229,1.0,empathicschool_s28,combined,empathicschool
0,0.1650124,1.0,empathicschool_s28,combined,empathicschool
0,0.16501233,1.0,empathicschool_s28,combined,empathicschool
0,0.16501209,1.0,empathicschool_s28,combined,empathicschool
0,0.16501221,1.0,empathicschool_s28,combined,empathicschool
0,0.1650124,1.0,empathicschool_s28,combined,empathicschool
0,0.16501258,1.0,empathicschool_s28,combined,empathicschool
0,0.11505169,1.0,empathicschool_s28,combined,empathicschool
0,0.16501276,1.0,empathicschool_s28,combined,empathicschool
0,0.16501269,1.0,empathicschool_s28,combined,empathicschool
0,0.16501273,1.0,empathicschool_s28,combined,empathicschool
0,0.16501261,1.0,empathicschool_s28,combined,empathicschool
0,0.16501242,1.0,empathicschool_s28,combined,empathicschool
0,0.16501243,1.0,empathicschool_s28,combined,empathicschool
0,0.16501243,1.0,empathicschool_s28,combined,empathicschool
0,0.1650125,1.0,empathicschool_s28,combined,empathicschool
0,0.16501264,1.0,empathicschool_s28,combined,empathicschool
0,0.16501267,1.0,empathicschool_s28,combined,empathicschool
0,0.11496491,1.0,empathicschool_s28,combined,empathicschool
0,0.16501267,1.0,empathicschool_s28,combined,empathicschool
0,0.16501261,1.0,empathicschool_s28,combined,empathicschool
0,0.16501267,1.0,empathicschool_s28,combined,empathicschool
0,0.16501264,1.0,empathicschool_s28,combined,empathicschool
0,0.1650125,1.0,empathicschool_s28,combined,empathicschool
0,0.16501246,1.0,empathicschool_s28,combined,empathicschool
0,0.16501251,1.0,empathicschool_s28,combined,empathicschool
0,0.16501258,1.0,empathicschool_s28,combined,empathicschool
0,0.16501243,1.0,empathicschool_s28,combined,empathicschool
0,0.16501229,1.0,empathicschool_s28,combined,empathicschool
0,0.13677847,1.0,empathicschool_s28,combined,empathicschool
0,0.114668414,1.0,empathicschool_s28,combined,empathicschool
0,0.16501258,1.0,empathicschool_s28,combined,empathicschool
0,0.16501258,1.0,empathicschool_s28,combined,empathicschool
0,0.16501258,1.0,empathicschool_s28,combined,empathicschool
0,0.16501255,1.0,empathicschool_s28,combined,empathicschool
0,0.16501255,1.0,empathicschool_s28,combined,empathicschool
0,0.16501227,1.0,empathicschool_s28,combined,empathicschool
0,0.16501227,1.0,empathicschool_s28,combined,empathicschool
0,0.1650125,1.0,empathicschool_s28,combined,empathicschool
0,0.16501229,1.0,empathicschool_s28,combined,empathicschool
0,0.16501229,1.0,empathicschool_s28,combined,empathicschool
0,0.114689566,1.0,empathicschool_s28,combined,empathicschool
0,0.16501224,1.0,empathicschool_s28,combined,empathicschool
0,0.16501209,1.0,empathicschool_s28,combined,empathicschool
0,0.16501199,1.0,empathicschool_s28,combined,empathicschool
0,0.16501182,1.0,empathicschool_s28,combined,empathicschool
0,0.16501187,1.0,empathicschool_s28,combined,empathicschool
0,0.16501187,1.0,empathicschool_s28,combined,empathicschool
0,0.1650124,1.0,empathicschool_s28,combined,empathicschool
0,0.16501325,1.0,empathicschool_s28,combined,empathicschool
0,0.16501424,1.0,empathicschool_s28,combined,empathicschool
0,0.16501525,1.0,empathicschool_s28,combined,empathicschool
0,0.11466329,1.0,empathicschool_s28,combined,empathicschool
0,0.1650162,1.0,empathicschool_s28,combined,empathicschool
0,0.16501722,1.0,empathicschool_s28,combined,empathicschool
0,0.16501741,1.0,empathicschool_s28,combined,empathicschool
0,0.16501717,1.0,empathicschool_s28,combined,empathicschool
0,0.1650169,1.0,empathicschool_s28,combined,empathicschool
0,0.16501649,1.0,empathicschool_s28,combined,empathicschool
0,0.16501608,1.0,empathicschool_s28,combined,empathicschool
0,0.16501585,1.0,empathicschool_s28,combined,empathicschool
0,0.16501565,1.0,empathicschool_s28,combined,empathicschool
0,0.16501537,1.0,empathicschool_s28,combined,empathicschool
0,0.11478287,1.0,empathicschool_s28,combined,empathicschool
0,0.1650151,1.0,empathicschool_s28,combined,empathicschool
0,0.16501507,1.0,empathicschool_s28,combined,empathicschool
0,0.16501518,1.0,empathicschool_s28,combined,empathicschool
0,0.16501513,1.0,empathicschool_s28,combined,empathicschool
0,0.1650148,1.0,empathicschool_s28,combined,empathicschool
0,0.16501467,1.0,empathicschool_s28,combined,empathicschool
0,0.16501462,1.0,empathicschool_s28,combined,empathicschool
0,0.16501474,1.0,empathicschool_s28,combined,empathicschool
0,0.16501498,1.0,empathicschool_s28,combined,empathicschool
0,0.16501468,1.0,empathicschool_s28,combined,empathicschool
0,0.114935786,1.0,empathicschool_s28,combined,empathicschool
0,0.1650144,1.0,empathicschool_s28,combined,empathicschool
0,0.16501401,1.0,empathicschool_s28,combined,empathicschool
0,0.16501398,1.0,empathicschool_s28,combined,empathicschool
0,0.16501412,1.0,empathicschool_s28,combined,empathicschool
0,0.16501407,1.0,empathicschool_s28,combined,empathicschool
0,0.16501409,1.0,empathicschool_s28,combined,empathicschool
0,0.16501403,1.0,empathicschool_s28,combined,empathicschool
0,0.16501391,1.0,empathicschool_s28,combined,empathicschool
0,0.1650137,1.0,empathicschool_s28,combined,empathicschool
0,0.16501369,1.0,empathicschool_s28,combined,empathicschool
0,0.11503756,1.0,empathicschool_s28,combined,empathicschool
0,0.16501375,1.0,empathicschool_s28,combined,empathicschool
0,0.16501352,1.0,empathicschool_s28,combined,empathicschool
0,0.16501348,1.0,empathicschool_s28,combined,empathicschool
0,0.1650134,1.0,empathicschool_s28,combined,empathicschool
0,0.16501333,1.0,empathicschool_s28,combined,empathicschool
0,0.16501315,1.0,empathicschool_s28,combined,empathicschool
0,0.16501299,1.0,empathicschool_s28,combined,empathicschool
0,0.16501313,1.0,empathicschool_s28,combined,empathicschool
0,0.16501305,1.0,empathicschool_s28,combined,empathicschool
0,0.16501282,1.0,empathicschool_s28,combined,empathicschool
0,0.11589443,1.0,empathicschool_s28,combined,empathicschool
0,0.16501276,1.0,empathicschool_s28,combined,empathicschool
0,0.16501258,1.0,empathicschool_s28,combined,empathicschool
0,0.16501224,1.0,empathicschool_s28,combined,empathicschool
0,0.16501214,1.0,empathicschool_s28,combined,empathicschool
0,0.16501227,1.0,empathicschool_s28,combined,empathicschool
0,0.16501231,1.0,empathicschool_s28,combined,empathicschool
0,0.16501202,1.0,empathicschool_s28,combined,empathicschool
0,0.16501206,1.0,empathicschool_s28,combined,empathicschool
0,0.1650122,1.0,empathicschool_s28,combined,empathicschool
0,0.16501199,1.0,empathicschool_s28,combined,empathicschool
0,0.11672989,1.0,empathicschool_s28,combined,empathicschool
0,0.16501184,1.0,empathicschool_s28,combined,empathicschool
0,0.16501202,1.0,empathicschool_s28,combined,empathicschool
0,0.16501194,1.0,empathicschool_s28,combined,empathicschool
0,0.16501187,1.0,empathicschool_s28,combined,empathicschool
0,0.16501193,1.0,empathicschool_s28,combined,empathicschool
0,0.16501187,1.0,empathicschool_s28,combined,empathicschool
0,0.16501172,1.0,empathicschool_s28,combined,empathicschool
0,0.16501173,1.0,empathicschool_s28,combined,empathicschool
0,0.16501187,1.0,empathicschool_s28,combined,empathicschool
0,0.16501214,1.0,empathicschool_s28,combined,empathicschool
0,0.116327204,1.0,empathicschool_s28,combined,empathicschool
0,0.1650124,1.0,empathicschool_s28,combined,empathicschool
0,0.16501282,1.0,empathicschool_s28,combined,empathicschool
0,0.16501327,1.0,empathicschool_s28,combined,empathicschool
0,0.16501339,1.0,empathicschool_s28,combined,empathicschool
0,0.16501345,1.0,empathicschool_s28,combined,empathicschool
0,0.16501363,1.0,empathicschool_s28,combined,empathicschool
0,0.16501348,1.0,empathicschool_s28,combined,empathicschool
0,0.16501324,1.0,empathicschool_s28,combined,empathicschool
0,0.16501312,1.0,empathicschool_s28,combined,empathicschool
0,0.16501327,1.0,empathicschool_s28,combined,empathicschool
0,0.11621055,1.0,empathicschool_s28,combined,empathicschool
0,0.16501373,1.0,empathicschool_s28,combined,empathicschool
0,0.16501373,1.0,empathicschool_s28,combined,empathicschool
0,0.16501376,1.0,empathicschool_s28,combined,empathicschool
0,0.16501388,1.0,empathicschool_s28,combined,empathicschool
0,0.16501391,1.0,empathicschool_s28,combined,empathicschool
0,0.16501392,1.0,empathicschool_s28,combined,empathicschool
0,0.16501385,1.0,empathicschool_s28,combined,empathicschool
0,0.16501398,1.0,empathicschool_s28,combined,empathicschool
0,0.1650138,1.0,empathicschool_s28,combined,empathicschool
0,0.16501348,1.0,empathicschool_s28,combined,empathicschool
0,0.116071634,1.0,empathicschool_s28,combined,empathicschool
0,0.11633708,1.0,empathicschool_s28,combined,empathicschool
0,0.1650134,1.0,empathicschool_s28,combined,empathicschool
0,0.16501346,1.0,empathicschool_s28,combined,empathicschool
0,0.1650134,1.0,empathicschool_s28,combined,empathicschool
0,0.16501328,1.0,empathicschool_s28,combined,empathicschool
0,0.16501328,1.0,empathicschool_s28,combined,empathicschool
0,0.16501305,1.0,empathicschool_s28,combined,empathicschool
0,0.16501299,1.0,empathicschool_s28,combined,empathicschool
0,0.16501306,1.0,empathicschool_s28,combined,empathicschool
0,0.16501316,1.0,empathicschool_s28,combined,empathicschool
0,0.16501306,1.0,empathicschool_s28,combined,empathicschool
0,0.11629769,1.0,empathicschool_s28,combined,empathicschool
0,0.16501294,1.0,empathicschool_s28,combined,empathicschool
0,0.16501302,1.0,empathicschool_s28,combined,empathicschool
0,0.16501291,1.0,empathicschool_s28,combined,empathicschool
0,0.1650128,1.0,empathicschool_s28,combined,empathicschool
0,0.16501287,1.0,empathicschool_s28,combined,empathicschool
0,0.16501293,1.0,empathicschool_s28,combined,empathicschool
0,0.16501363,1.0,empathicschool_s28,combined,empathicschool
0,0.16501492,1.0,empathicschool_s28,combined,empathicschool
0,0.16501647,1.0,empathicschool_s28,combined,empathicschool
0,0.16501774,1.0,empathicschool_s28,combined,empathicschool
0,0.116294585,1.0,empathicschool_s28,combined,empathicschool
0,0.1650183,1.0,empathicschool_s28,combined,empathicschool
0,0.16501877,1.0,empathicschool_s28,combined,empathicschool
0,0.16501899,1.0,empathicschool_s28,combined,empathicschool
0,0.16501954,1.0,empathicschool_s28,combined,empathicschool
0,0.16501965,1.0,empathicschool_s28,combined,empathicschool
0,0.16501947,1.0,empathicschool_s28,combined,empathicschool
0,0.16501907,1.0,empathicschool_s28,combined,empathicschool
0,0.16501881,1.0,empathicschool_s28,combined,empathicschool
0,0.16501886,1.0,empathicschool_s28,combined,empathicschool
0,0.16501866,1.0,empathicschool_s28,combined,empathicschool
0,0.1162753,1.0,empathicschool_s28,combined,empathicschool
0,0.1650184,1.0,empathicschool_s28,combined,empathicschool
0,0.16501836,1.0,empathicschool_s28,combined,empathicschool
0,0.16501847,1.0,empathicschool_s28,combined,empathicschool
0,0.16501844,1.0,empathicschool_s28,combined,empathicschool
0,0.16501814,1.0,empathicschool_s28,combined,empathicschool
0,0.16501814,1.0,empathicschool_s28,combined,empathicschool
0,0.16501822,1.0,empathicschool_s28,combined,empathicschool
0,0.16501792,1.0,empathicschool_s28,combined,empathicschool
0,0.16501783,1.0,empathicschool_s28,combined,empathicschool
0,0.16501799,1.0,empathicschool_s28,combined,empathicschool
0,0.116369106,1.0,empathicschool_s28,combined,empathicschool
0,0.1650179,1.0,empathicschool_s28,combined,empathicschool
0,0.16501756,1.0,empathicschool_s28,combined,empathicschool
0,0.16501768,1.0,empathicschool_s28,combined,empathicschool
0,0.16501777,1.0,empathicschool_s28,combined,empathicschool
0,0.16501756,1.0,empathicschool_s28,combined,empathicschool
0,0.16501759,1.0,empathicschool_s28,combined,empathicschool
0,0.16501752,1.0,empathicschool_s28,combined,empathicschool
0,0.16501743,1.0,empathicschool_s28,combined,empathicschool
0,0.1650173,1.0,empathicschool_s28,combined,empathicschool
0,0.16501714,1.0,empathicschool_s28,combined,empathicschool
0,0.116377234,1.0,empathicschool_s28,combined,empathicschool
0,0.16501717,1.0,empathicschool_s28,combined,empathicschool
0,0.16501725,1.0,empathicschool_s28,combined,empathicschool
0,0.1650173,1.0,empathicschool_s28,combined,empathicschool
0,0.16501725,1.0,empathicschool_s28,combined,empathicschool
0,0.16501728,1.0,empathicschool_s28,combined,empathicschool
0,0.16501737,1.0,empathicschool_s28,combined,empathicschool
0,0.1650174,1.0,empathicschool_s28,combined,empathicschool
0,0.16501737,1.0,empathicschool_s28,combined,empathicschool
0,0.16501737,1.0,empathicschool_s28,combined,empathicschool
0,0.1650173,1.0,empathicschool_s28,combined,empathicschool
0,0.116293736,1.0,empathicschool_s28,combined,empathicschool
0,0.16501747,1.0,empathicschool_s28,combined,empathicschool
0,0.16501765,1.0,empathicschool_s28,combined,empathicschool
0,0.16501771,1.0,empathicschool_s28,combined,empathicschool
0,0.16501796,1.0,empathicschool_s28,combined,empathicschool
0,0.16501807,1.0,empathicschool_s28,combined,empathicschool
0,0.16501807,1.0,empathicschool_s28,combined,empathicschool
0,0.16501777,1.0,empathicschool_s28,combined,empathicschool
0,0.16501747,1.0,empathicschool_s28,combined,empathicschool
0,0.16501741,1.0,empathicschool_s28,combined,empathicschool
0,0.16501737,1.0,empathicschool_s28,combined,empathicschool
0,0.1162178,1.0,empathicschool_s28,combined,empathicschool
0,0.1650173,1.0,empathicschool_s28,combined,empathicschool
0,0.1650173,1.0,empathicschool_s28,combined,empathicschool
0,0.16501725,1.0,empathicschool_s28,combined,empathicschool
0,0.16501714,1.0,empathicschool_s28,combined,empathicschool
0,0.16501702,1.0,empathicschool_s28,combined,empathicschool
0,0.16501698,1.0,empathicschool_s28,combined,empathicschool
0,0.16501698,1.0,empathicschool_s28,combined,empathicschool
0,0.1650168,1.0,empathicschool_s28,combined,empathicschool
0,0.16501682,1.0,empathicschool_s28,combined,empathicschool
0,0.1650169,1.0,empathicschool_s28,combined,empathicschool
0,0.11664629,1.0,empathicschool_s28,combined,empathicschool
0,0.16501682,1.0,empathicschool_s28,combined,empathicschool
0,0.16501665,1.0,empathicschool_s28,combined,empathicschool
0,0.16501656,1.0,empathicschool_s28,combined,empathicschool
0,0.16501665,1.0,empathicschool_s28,combined,empathicschool
0,0.16501662,1.0,empathicschool_s28,combined,empathicschool
0,0.16501656,1.0,empathicschool_s28,combined,empathicschool
0,0.16501649,1.0,empathicschool_s28,combined,empathicschool
0,0.1650164,1.0,empathicschool_s28,combined,empathicschool
0,0.16501655,1.0,empathicschool_s28,combined,empathicschool
0,0.16501655,1.0,empathicschool_s28,combined,empathicschool
0,0.11693659,1.0,empathicschool_s28,combined,empathicschool
0,0.16501625,1.0,empathicschool_s28,combined,empathicschool
0,0.16501614,1.0,empathicschool_s28,combined,empathicschool
0,0.16501617,1.0,empathicschool_s28,combined,empathicschool
0,0.16501598,1.0,empathicschool_s28,combined,empathicschool
0,0.16501598,1.0,empathicschool_s28,combined,empathicschool
0,0.16501613,1.0,empathicschool_s28,combined,empathicschool
0,0.16501614,1.0,empathicschool_s28,combined,empathicschool
0,0.16501608,1.0,empathicschool_s28,combined,empathicschool
0,0.16501589,1.0,empathicschool_s28,combined,empathicschool
0,0.16501597,1.0,empathicschool_s28,combined,empathicschool
0,0.116098,1.0,empathicschool_s28,combined,empathicschool
0,0.11622794,1.0,empathicschool_s28,combined,empathicschool
0,0.16501607,1.0,empathicschool_s28,combined,empathicschool
0,0.16501592,1.0,empathicschool_s28,combined,empathicschool
0,0.16501595,1.0,empathicschool_s28,combined,empathicschool
0,0.16501592,1.0,empathicschool_s28,combined,empathicschool
0,0.16501585,1.0,empathicschool_s28,combined,empathicschool
0,0.16501583,1.0,empathicschool_s28,combined,empathicschool
0,0.16501583,1.0,empathicschool_s28,combined,empathicschool
0,0.16501574,1.0,empathicschool_s28,combined,empathicschool
0,0.16501574,1.0,empathicschool_s28,combined,empathicschool
0,0.16501574,1.0,empathicschool_s28,combined,empathicschool
0,0.1158215,1.0,empathicschool_s28,combined,empathicschool
0,0.16501553,1.0,empathicschool_s28,combined,empathicschool
0,0.16501558,1.0,empathicschool_s28,combined,empathicschool
0,0.16501549,1.0,empathicschool_s28,combined,empathicschool
0,0.16501535,1.0,empathicschool_s28,combined,empathicschool
0,0.1650155,1.0,empathicschool_s28,combined,empathicschool
0,0.16501562,1.0,empathicschool_s28,combined,empathicschool
0,0.16501555,1.0,empathicschool_s28,combined,empathicschool
0,0.1650154,1.0,empathicschool_s28,combined,empathicschool
0,0.16501549,1.0,empathicschool_s28,combined,empathicschool
0,0.1650154,1.0,empathicschool_s28,combined,empathicschool
0,0.116294116,1.0,empathicschool_s28,combined,empathicschool
0,0.1650152,1.0,empathicschool_s28,combined,empathicschool
0,0.16501513,1.0,empathicschool_s28,combined,empathicschool
0,0.1650154,1.0,empathicschool_s28,combined,empathicschool
0,0.16501531,1.0,empathicschool_s28,combined,empathicschool
0,0.16501513,1.0,empathicschool_s28,combined,empathicschool
0,0.16501513,1.0,empathicschool_s28,combined,empathicschool
0,0.16501525,1.0,empathicschool_s28,combined,empathicschool
0,0.16501518,1.0,empathicschool_s28,combined,empathicschool
0,0.16501507,1.0,empathicschool_s28,combined,empathicschool
0,0.16501498,1.0,empathicschool_s28,combined,empathicschool
0,0.1163648,1.0,empathicschool_s28,combined,empathicschool
0,0.16501516,1.0,empathicschool_s28,combined,empathicschool
0,0.1650152,1.0,empathicschool_s28,combined,empathicschool
0,0.16501513,1.0,empathicschool_s28,combined,empathicschool
0,0.16501507,1.0,empathicschool_s28,combined,empathicschool
0,0.16501498,1.0,empathicschool_s28,combined,empathicschool
0,0.16501482,1.0,empathicschool_s28,combined,empathicschool
0,0.16501482,1.0,empathicschool_s28,combined,empathicschool
0,0.16501498,1.0,empathicschool_s28,combined,empathicschool
0,0.16501498,1.0,empathicschool_s28,combined,empathicschool
0,0.16501482,1.0,empathicschool_s28,combined,empathicschool
0,0.11628676,1.0,empathicschool_s28,combined,empathicschool
0,0.16501468,1.0,empathicschool_s28,combined,empathicschool
0,0.16501456,1.0,empathicschool_s28,combined,empathicschool
0,0.16501468,1.0,empathicschool_s28,combined,empathicschool
0,0.16501473,1.0,empathicschool_s28,combined,empathicschool
0,0.16501454,1.0,empathicschool_s28,combined,empathicschool
0,0.16501449,1.0,empathicschool_s28,combined,empathicschool
0,0.16501443,1.0,empathicschool_s28,combined,empathicschool
0,0.1650143,1.0,empathicschool_s28,combined,empathicschool
0,0.16501398,1.0,empathicschool_s28,combined,empathicschool
0,0.16501363,1.0,empathicschool_s28,combined,empathicschool
0,0.116467506,1.0,empathicschool_s28,combined,empathicschool
0,0.16501352,1.0,empathicschool_s28,combined,empathicschool
0,0.16501354,1.0,empathicschool_s28,combined,empathicschool
0,0.16501406,1.0,empathicschool_s28,combined,empathicschool
0,0.16501482,1.0,empathicschool_s28,combined,empathicschool
0,0.16501449,1.0,empathicschool_s28,combined,empathicschool
0,0.16501322,1.0,empathicschool_s28,combined,empathicschool
0,0.16501191,1.0,empathicschool_s28,combined,empathicschool
0,0.1650115,1.0,empathicschool_s28,combined,empathicschool
0,0.16501138,1.0,empathicschool_s28,combined,empathicschool
0,0.1650116,1.0,empathicschool_s28,combined,empathicschool
0,0.116489746,1.0,empathicschool_s28,combined,empathicschool
0,0.16501169,1.0,empathicschool_s28,combined,empathicschool
0,0.16501166,1.0,empathicschool_s28,combined,empathicschool
0,0.16501166,1.0,empathicschool_s28,combined,empathicschool
0,0.16501175,1.0,empathicschool_s28,combined,empathicschool
0,0.16501223,1.0,empathicschool_s28,combined,empathicschool
0,0.16501273,1.0,empathicschool_s28,combined,empathicschool
0,0.16501322,1.0,empathicschool_s28,combined,empathicschool
0,0.1650135,1.0,empathicschool_s28,combined,empathicschool
0,0.16501345,1.0,empathicschool_s28,combined,empathicschool
0,0.16501333,1.0,empathicschool_s28,combined,empathicschool
0,0.116489895,1.0,empathicschool_s28,combined,empathicschool
0,0.16501305,1.0,empathicschool_s28,combined,empathicschool
0,0.16501309,1.0,empathicschool_s28,combined,empathicschool
0,0.16501305,1.0,empathicschool_s28,combined,empathicschool
0,0.16501282,1.0,empathicschool_s28,combined,empathicschool
0,0.16501263,1.0,empathicschool_s28,combined,empathicschool
0,0.16501242,1.0,empathicschool_s28,combined,empathicschool
0,0.16501233,1.0,empathicschool_s28,combined,empathicschool
0,0.16501215,1.0,empathicschool_s28,combined,empathicschool
0,0.16501205,1.0,empathicschool_s28,combined,empathicschool
0,0.1650121,1.0,empathicschool_s28,combined,empathicschool
0,0.11609073,1.0,empathicschool_s28,combined,empathicschool
0,0.16501199,1.0,empathicschool_s28,combined,empathicschool
0,0.16501182,1.0,empathicschool_s28,combined,empathicschool
0,0.16501202,1.0,empathicschool_s28,combined,empathicschool
0,0.16501227,1.0,empathicschool_s28,combined,empathicschool
0,0.16501246,1.0,empathicschool_s28,combined,empathicschool
0,0.16501258,1.0,empathicschool_s28,combined,empathicschool
0,0.16501275,1.0,empathicschool_s28,combined,empathicschool
0,0.16501273,1.0,empathicschool_s28,combined,empathicschool
0,0.16501258,1.0,empathicschool_s28,combined,empathicschool
0,0.16501251,1.0,empathicschool_s28,combined,empathicschool
0,0.1156359,1.0,empathicschool_s28,combined,empathicschool
0,0.16501233,1.0,empathicschool_s28,combined,empathicschool
0,0.16501191,1.0,empathicschool_s28,combined,empathicschool
0,0.1650115,1.0,empathicschool_s28,combined,empathicschool
0,0.16501197,1.0,empathicschool_s28,combined,empathicschool
0,0.16501252,1.0,empathicschool_s28,combined,empathicschool
0,0.16501261,1.0,empathicschool_s28,combined,empathicschool
0,0.16501246,1.0,empathicschool_s28,combined,empathicschool
0,0.1650124,1.0,empathicschool_s28,combined,empathicschool
0,0.16501217,1.0,empathicschool_s28,combined,empathicschool
0,0.16501202,1.0,empathicschool_s28,combined,empathicschool
0,0.11576405,1.0,empathicschool_s28,combined,empathicschool
0,0.11581235,1.0,empathicschool_s28,combined,empathicschool
0,0.16501193,1.0,empathicschool_s28,combined,empathicschool
0,0.16501181,1.0,empathicschool_s28,combined,empathicschool
0,0.16501176,1.0,empathicschool_s28,combined,empathicschool
0,0.16501166,1.0,empathicschool_s28,combined,empathicschool
0,0.16501169,1.0,empathicschool_s28,combined,empathicschool
0,0.16501154,1.0,empathicschool_s28,combined,empathicschool
0,0.16501144,1.0,empathicschool_s28,combined,empathicschool
0,0.1650115,1.0,empathicschool_s28,combined,empathicschool
0,0.1650115,1.0,empathicschool_s28,combined,empathicschool
0,0.16501221,1.0,empathicschool_s28,combined,empathicschool
0,0.11619561,1.0,empathicschool_s28,combined,empathicschool
0,0.16501436,1.0,empathicschool_s28,combined,empathicschool
0,0.1650152,1.0,empathicschool_s28,combined,empathicschool
0,0.1650148,1.0,empathicschool_s28,combined,empathicschool
0,0.16501503,1.0,empathicschool_s28,combined,empathicschool
0,0.1650154,1.0,empathicschool_s28,combined,empathicschool
0,0.16501583,1.0,empathicschool_s28,combined,empathicschool
0,0.16501607,1.0,empathicschool_s28,combined,empathicschool
0,0.16501607,1.0,empathicschool_s28,combined,empathicschool
0,0.16501585,1.0,empathicschool_s28,combined,empathicschool
0,0.16501562,1.0,empathicschool_s28,combined,empathicschool
0,0.11663796,1.0,empathicschool_s28,combined,empathicschool
0,0.16501535,1.0,empathicschool_s28,combined,empathicschool
0,0.16501518,1.0,empathicschool_s28,combined,empathicschool
0,0.16501525,1.0,empathicschool_s28,combined,empathicschool
0,0.165015,1.0,empathicschool_s28,combined,empathicschool
0,0.16501488,1.0,empathicschool_s28,combined,empathicschool
0,0.165015,1.0,empathicschool_s28,combined,empathicschool
0,0.16501488,1.0,empathicschool_s28,combined,empathicschool
0,0.16501442,1.0,empathicschool_s28,combined,empathicschool
0,0.16501445,1.0,empathicschool_s28,combined,empathicschool
0,0.16501443,1.0,empathicschool_s28,combined,empathicschool
0,0.11652899,1.0,empathicschool_s28,combined,empathicschool
0,0.1650143,1.0,empathicschool_s28,combined,empathicschool
0,0.1650144,1.0,empathicschool_s28,combined,empathicschool
0,0.1650144,1.0,empathicschool_s28,combined,empathicschool
0,0.16501431,1.0,empathicschool_s28,combined,empathicschool
0,0.16501418,1.0,empathicschool_s28,combined,empathicschool
0,0.16501427,1.0,empathicschool_s28,combined,empathicschool
0,0.16501448,1.0,empathicschool_s28,combined,empathicschool
0,0.16501431,1.0,empathicschool_s28,combined,empathicschool
0,0.1650142,1.0,empathicschool_s28,combined,empathicschool
0,0.16501409,1.0,empathicschool_s28,combined,empathicschool
0,0.116995245,1.0,empathicschool_s28,combined,empathicschool
0,0.16501403,1.0,empathicschool_s28,combined,empathicschool
0,0.16501398,1.0,empathicschool_s28,combined,empathicschool
0,0.16501406,1.0,empathicschool_s28,combined,empathicschool
0,0.16501416,1.0,empathicschool_s28,combined,empathicschool
0,0.16501398,1.0,empathicschool_s28,combined,empathicschool
0,0.16501392,1.0,empathicschool_s28,combined,empathicschool
0,0.16501394,1.0,empathicschool_s28,combined,empathicschool
0,0.16501403,1.0,empathicschool_s28,combined,empathicschool
0,0.16501398,1.0,empathicschool_s28,combined,empathicschool
0,0.16501376,1.0,empathicschool_s28,combined,empathicschool
0,0.11747419,1.0,empathicschool_s28,combined,empathicschool
0,0.16501376,1.0,empathicschool_s28,combined,empathicschool
0,0.16501385,1.0,empathicschool_s28,combined,empathicschool
0,0.16501376,1.0,empathicschool_s28,combined,empathicschool
0,0.16501376,1.0,empathicschool_s28,combined,empathicschool
0,0.16501398,1.0,empathicschool_s28,combined,empathicschool
0,0.16501407,1.0,empathicschool_s28,combined,empathicschool
0,0.16501409,1.0,empathicschool_s28,combined,empathicschool
0,0.1650142,1.0,empathicschool_s28,combined,empathicschool
0,0.16501427,1.0,empathicschool_s28,combined,empathicschool
0,0.16501424,1.0,empathicschool_s28,combined,empathicschool
0,0.11748762,1.0,empathicschool_s28,combined,empathicschool
0,0.16501436,1.0,empathicschool_s28,combined,empathicschool
0,0.16501443,1.0,empathicschool_s28,combined,empathicschool
0,0.16501434,1.0,empathicschool_s28,combined,empathicschool
0,0.16501433,1.0,empathicschool_s28,combined,empathicschool
0,0.16501431,1.0,empathicschool_s28,combined,empathicschool
0,0.16501392,1.0,empathicschool_s28,combined,empathicschool
0,0.16501352,1.0,empathicschool_s28,combined,empathicschool
0,0.16501385,1.0,empathicschool_s28,combined,empathicschool
0,0.1650142,1.0,empathicschool_s28,combined,empathicschool
0,0.16501403,1.0,empathicschool_s28,combined,empathicschool
0,0.117541954,1.0,empathicschool_s28,combined,empathicschool
0,0.16501373,1.0,empathicschool_s28,combined,empathicschool
0,0.16501358,1.0,empathicschool_s28,combined,empathicschool
0,0.16501369,1.0,empathicschool_s28,combined,empathicschool
0,0.16501369,1.0,empathicschool_s28,combined,empathicschool
0,0.16501361,1.0,empathicschool_s28,combined,empathicschool
0,0.16501382,1.0,empathicschool_s28,combined,empathicschool
0,0.1650142,1.0,empathicschool_s28,combined,empathicschool
0,0.16501373,1.0,empathicschool_s28,combined,empathicschool
0,0.16501305,1.0,empathicschool_s28,combined,empathicschool
0,0.16501325,1.0,empathicschool_s28,combined,empathicschool
0,0.11736101,1.0,empathicschool_s28,combined,empathicschool
0,0.16501448,1.0,empathicschool_s28,combined,empathicschool
0,0.1650148,1.0,empathicschool_s28,combined,empathicschool
0,0.16501455,1.0,empathicschool_s28,combined,empathicschool
0,0.16501436,1.0,empathicschool_s28,combined,empathicschool
0,0.16501398,1.0,empathicschool_s28,combined,empathicschool
0,0.16501409,1.0,empathicschool_s28,combined,empathicschool
0,0.16501436,1.0,empathicschool_s28,combined,empathicschool
0,0.16501433,1.0,empathicschool_s28,combined,empathicschool
0,0.16501427,1.0,empathicschool_s28,combined,empathicschool
0,0.16501427,1.0,empathicschool_s28,combined,empathicschool
0,0.11717344,1.0,empathicschool_s28,combined,empathicschool
0,0.16501434,1.0,empathicschool_s28,combined,empathicschool
0,0.16501416,1.0,empathicschool_s28,combined,empathicschool
0,0.16501398,1.0,empathicschool_s28,combined,empathicschool
0,0.16501395,1.0,empathicschool_s28,combined,empathicschool
0,0.16501398,1.0,empathicschool_s28,combined,empathicschool
0,0.16501403,1.0,empathicschool_s28,combined,empathicschool
0,0.16501388,1.0,empathicschool_s28,combined,empathicschool
0,0.16501392,1.0,empathicschool_s28,combined,empathicschool
0,0.16501373,1.0,empathicschool_s28,combined,empathicschool
0,0.16501364,1.0,empathicschool_s28,combined,empathicschool
0,0.11493865,1.0,empathicschool_s28,combined,empathicschool
0,0.11708355,1.0,empathicschool_s28,combined,empathicschool
0,0.16501366,1.0,empathicschool_s28,combined,empathicschool
0,0.16501373,1.0,empathicschool_s28,combined,empathicschool
0,0.16501369,1.0,empathicschool_s28,combined,empathicschool
0,0.16501366,1.0,empathicschool_s28,combined,empathicschool
0,0.16501375,1.0,empathicschool_s28,combined,empathicschool
0,0.16501361,1.0,empathicschool_s28,combined,empathicschool
0,0.16501339,1.0,empathicschool_s28,combined,empathicschool
0,0.16501349,1.0,empathicschool_s28,combined,empathicschool
0,0.16501358,1.0,empathicschool_s28,combined,empathicschool
0,0.16501358,1.0,empathicschool_s28,combined,empathicschool
0,0.11700786,1.0,empathicschool_s28,combined,empathicschool
0,0.16501346,1.0,empathicschool_s28,combined,empathicschool
0,0.16501327,1.0,empathicschool_s28,combined,empathicschool
0,0.16501324,1.0,empathicschool_s28,combined,empathicschool
0,0.16501313,1.0,empathicschool_s28,combined,empathicschool
0,0.16501321,1.0,empathicschool_s28,combined,empathicschool
0,0.16501316,1.0,empathicschool_s28,combined,empathicschool
0,0.16501327,1.0,empathicschool_s28,combined,empathicschool
0,0.16501328,1.0,empathicschool_s28,combined,empathicschool
0,0.16501316,1.0,empathicschool_s28,combined,empathicschool
0,0.16501305,1.0,empathicschool_s28,combined,empathicschool
0,0.117007755,1.0,empathicschool_s28,combined,empathicschool
0,0.16501293,1.0,empathicschool_s28,combined,empathicschool
0,0.16501291,1.0,empathicschool_s28,combined,empathicschool
0,0.16501299,1.0,empathicschool_s28,combined,empathicschool
0,0.16501293,1.0,empathicschool_s28,combined,empathicschool
0,0.16501282,1.0,empathicschool_s28,combined,empathicschool
0,0.16501282,1.0,empathicschool_s28,combined,empathicschool
0,0.16501269,1.0,empathicschool_s28,combined,empathicschool
0,0.16501258,1.0,empathicschool_s28,combined,empathicschool
0,0.16501258,1.0,empathicschool_s28,combined,empathicschool
0,0.16501255,1.0,empathicschool_s28,combined,empathicschool
0,0.1168225,1.0,empathicschool_s28,combined,empathicschool
0,0.16501258,1.0,empathicschool_s28,combined,empathicschool
0,0.16501282,1.0,empathicschool_s28,combined,empathicschool
0,0.16501394,1.0,empathicschool_s28,combined,empathicschool
0,0.16501391,1.0,empathicschool_s28,combined,empathicschool
0,0.16501273,1.0,empathicschool_s28,combined,empathicschool
0,0.16501275,1.0,empathicschool_s28,combined,empathicschool
0,0.16501282,1.0,empathicschool_s28,combined,empathicschool
0,0.16501279,1.0,empathicschool_s28,combined,empathicschool
0,0.16501264,1.0,empathicschool_s28,combined,empathicschool
0,0.16501255,1.0,empathicschool_s28,combined,empathicschool
0,0.11670983,1.0,empathicschool_s28,combined,empathicschool
0,0.16501258,1.0,empathicschool_s28,combined,empathicschool
0,0.16501251,1.0,empathicschool_s28,combined,empathicschool
0,0.16501254,1.0,empathicschool_s28,combined,empathicschool
0,0.16501254,1.0,empathicschool_s28,combined,empathicschool
0,0.16501269,1.0,empathicschool_s28,combined,empathicschool
0,0.16501273,1.0,empathicschool_s28,combined,empathicschool
0,0.16501258,1.0,empathicschool_s28,combined,empathicschool
0,0.16501258,1.0,empathicschool_s28,combined,empathicschool
0,0.16501242,1.0,empathicschool_s28,combined,empathicschool
0,0.16501239,1.0,empathicschool_s28,combined,empathicschool
0,0.11696992,1.0,empathicschool_s28,combined,empathicschool
0,0.1650125,1.0,empathicschool_s28,combined,empathicschool
0,0.16501243,1.0,empathicschool_s28,combined,empathicschool
0,0.16501246,1.0,empathicschool_s28,combined,empathicschool
0,0.16501214,1.0,empathicschool_s28,combined,empathicschool
0,0.16501142,1.0,empathicschool_s28,combined,empathicschool
0,0.16501032,1.0,empathicschool_s28,combined,empathicschool
0,0.16500816,1.0,empathicschool_s28,combined,empathicschool
0,0.16500708,1.0,empathicschool_s28,combined,empathicschool
0,0.16500886,1.0,empathicschool_s28,combined,empathicschool
0,0.16501133,1.0,empathicschool_s28,combined,empathicschool
0,0.116911754,1.0,empathicschool_s28,combined,empathicschool
0,0.16501299,1.0,empathicschool_s28,combined,empathicschool
0,0.16501409,1.0,empathicschool_s28,combined,empathicschool
0,0.16501462,1.0,empathicschool_s28,combined,empathicschool
0,0.16501458,1.0,empathicschool_s28,combined,empathicschool
0,0.1650145,1.0,empathicschool_s28,combined,empathicschool
0,0.16501454,1.0,empathicschool_s28,combined,empathicschool
0,0.16501448,1.0,empathicschool_s28,combined,empathicschool
0,0.16501416,1.0,empathicschool_s28,combined,empathicschool
0,0.16501398,1.0,empathicschool_s28,combined,empathicschool
0,0.16501392,1.0,empathicschool_s28,combined,empathicschool
0,0.11689319,1.0,empathicschool_s28,combined,empathicschool
0,0.16501376,1.0,empathicschool_s28,combined,empathicschool
0,0.16501352,1.0,empathicschool_s28,combined,empathicschool
0,0.16501339,1.0,empathicschool_s28,combined,empathicschool
0,0.16501342,1.0,empathicschool_s28,combined,empathicschool
0,0.16501339,1.0,empathicschool_s28,combined,empathicschool
0,0.16501322,1.0,empathicschool_s28,combined,empathicschool
0,0.16501322,1.0,empathicschool_s28,combined,empathicschool
0,0.16501309,1.0,empathicschool_s28,combined,empathicschool
0,0.16501299,1.0,empathicschool_s28,combined,empathicschool
0,0.16501306,1.0,empathicschool_s28,combined,empathicschool
0,0.11704541,1.0,empathicschool_s28,combined,empathicschool
0,0.16501342,1.0,empathicschool_s28,combined,empathicschool
0,0.16501364,1.0,empathicschool_s28,combined,empathicschool
0,0.16501349,1.0,empathicschool_s28,combined,empathicschool
0,0.16501306,1.0,empathicschool_s28,combined,empathicschool
0,0.16501242,1.0,empathicschool_s28,combined,empathicschool
0,0.16501288,1.0,empathicschool_s28,combined,empathicschool
0,0.16501327,1.0,empathicschool_s28,combined,empathicschool
0,0.16501315,1.0,empathicschool_s28,combined,empathicschool
0,0.16501305,1.0,empathicschool_s28,combined,empathicschool
0,0.16501305,1.0,empathicschool_s28,combined,empathicschool
0,0.116985336,1.0,empathicschool_s28,combined,empathicschool
0,0.16501321,1.0,empathicschool_s28,combined,empathicschool
0,0.16501327,1.0,empathicschool_s28,combined,empathicschool
0,0.16501334,1.0,empathicschool_s28,combined,empathicschool
0,0.16501342,1.0,empathicschool_s28,combined,empathicschool
0,0.16501354,1.0,empathicschool_s28,combined,empathicschool
0,0.16501369,1.0,empathicschool_s28,combined,empathicschool
0,0.16501431,1.0,empathicschool_s28,combined,empathicschool
0,0.16501443,1.0,empathicschool_s28,combined,empathicschool
0,0.16501309,1.0,empathicschool_s28,combined,empathicschool
0,0.16501312,1.0,empathicschool_s28,combined,empathicschool
0,0.11461657,1.0,empathicschool_s28,combined,empathicschool
0,0.116951026,1.0,empathicschool_s28,combined,empathicschool
0,0.16501327,1.0,empathicschool_s28,combined,empathicschool
0,0.16501315,1.0,empathicschool_s28,combined,empathicschool
0,0.16501294,1.0,empathicschool_s28,combined,empathicschool
0,0.16501302,1.0,empathicschool_s28,combined,empathicschool
0,0.16501312,1.0,empathicschool_s28,combined,empathicschool
0,0.16501294,1.0,empathicschool_s28,combined,empathicschool
0,0.16501269,1.0,empathicschool_s28,combined,empathicschool
0,0.16501258,1.0,empathicschool_s28,combined,empathicschool
0,0.16501246,1.0,empathicschool_s28,combined,empathicschool
0,0.16501234,1.0,empathicschool_s28,combined,empathicschool
0,0.11702638,1.0,empathicschool_s28,combined,empathicschool
0,0.1650124,1.0,empathicschool_s28,combined,empathicschool
0,0.16501252,1.0,empathicschool_s28,combined,empathicschool
0,0.1650124,1.0,empathicschool_s28,combined,empathicschool
0,0.1650122,1.0,empathicschool_s28,combined,empathicschool
0,0.16501199,1.0,empathicschool_s28,combined,empathicschool
0,0.16501184,1.0,empathicschool_s28,combined,empathicschool
0,0.16501194,1.0,empathicschool_s28,combined,empathicschool
0,0.16501191,1.0,empathicschool_s28,combined,empathicschool
0,0.16501175,1.0,empathicschool_s28,combined,empathicschool
0,0.16501169,1.0,empathicschool_s28,combined,empathicschool
0,0.12086055,1.0,empathicschool_s28,combined,empathicschool
0,0.1650116,1.0,empathicschool_s28,combined,empathicschool
0,0.16501175,1.0,empathicschool_s28,combined,empathicschool
0,0.1650118,1.0,empathicschool_s28,combined,empathicschool
0,0.1650116,1.0,empathicschool_s28,combined,empathicschool
0,0.1650116,1.0,empathicschool_s28,combined,empathicschool
0,0.16501167,1.0,empathicschool_s28,combined,empathicschool
0,0.16501155,1.0,empathicschool_s28,combined,empathicschool
0,0.16501139,1.0,empathicschool_s28,combined,empathicschool
0,0.16501147,1.0,empathicschool_s28,combined,empathicschool
0,0.16501155,1.0,empathicschool_s28,combined,empathicschool
0,0.1314147,1.0,empathicschool_s28,combined,empathicschool
0,0.16501164,1.0,empathicschool_s28,combined,empathicschool
0,0.16501154,1.0,empathicschool_s28,combined,empathicschool
0,0.16501144,1.0,empathicschool_s28,combined,empathicschool
0,0.16501142,1.0,empathicschool_s28,combined,empathicschool
0,0.16501121,1.0,empathicschool_s28,combined,empathicschool
0,0.16501117,1.0,empathicschool_s28,combined,empathicschool
0,0.16501139,1.0,empathicschool_s28,combined,empathicschool
0,0.16501102,1.0,empathicschool_s28,combined,empathicschool
0,0.16501094,1.0,empathicschool_s28,combined,empathicschool
0,0.16501093,1.0,empathicschool_s28,combined,empathicschool
0,0.13863592,1.0,empathicschool_s28,combined,empathicschool
0,0.16501093,1.0,empathicschool_s28,combined,empathicschool
0,0.16501082,1.0,empathicschool_s28,combined,empathicschool
0,0.16501077,1.0,empathicschool_s28,combined,empathicschool
0,0.16501091,1.0,empathicschool_s28,combined,empathicschool
0,0.16501066,1.0,empathicschool_s28,combined,empathicschool
0,0.16501072,1.0,empathicschool_s28,combined,empathicschool
0,0.16501088,1.0,empathicschool_s28,combined,empathicschool
0,0.16501069,1.0,empathicschool_s28,combined,empathicschool
0,0.16501065,1.0,empathicschool_s28,combined,empathicschool
0,0.16501091,1.0,empathicschool_s28,combined,empathicschool
0,0.13778636,1.0,empathicschool_s28,combined,empathicschool
0,0.1650111,1.0,empathicschool_s28,combined,empathicschool
0,0.1650108,1.0,empathicschool_s28,combined,empathicschool
0,0.16501082,1.0,empathicschool_s28,combined,empathicschool
0,0.1650111,1.0,empathicschool_s28,combined,empathicschool
0,0.1650116,1.0,empathicschool_s28,combined,empathicschool
0,0.16501091,1.0,empathicschool_s28,combined,empathicschool
0,0.16501047,1.0,empathicschool_s28,combined,empathicschool
0,0.16501087,1.0,empathicschool_s28,combined,empathicschool
0,0.16501112,1.0,empathicschool_s28,combined,empathicschool
0,0.16501072,1.0,empathicschool_s28,combined,empathicschool
0,0.13696852,1.0,empathicschool_s28,combined,empathicschool
0,0.16501006,1.0,empathicschool_s28,combined,empathicschool
0,0.1650099,1.0,empathicschool_s28,combined,empathicschool
0,0.16501,1.0,empathicschool_s28,combined,empathicschool
0,0.16500996,1.0,empathicschool_s28,combined,empathicschool
0,0.16500998,1.0,empathicschool_s28,combined,empathicschool
0,0.16501032,1.0,empathicschool_s28,combined,empathicschool
0,0.16501066,1.0,empathicschool_s28,combined,empathicschool
0,0.16501066,1.0,empathicschool_s28,combined,empathicschool
0,0.16501069,1.0,empathicschool_s28,combined,empathicschool
0,0.1650106,1.0,empathicschool_s28,combined,empathicschool
0,0.13686687,1.0,empathicschool_s28,combined,empathicschool
0,0.1650105,1.0,empathicschool_s28,combined,empathicschool
0,0.1650106,1.0,empathicschool_s28,combined,empathicschool
0,0.16501065,1.0,empathicschool_s28,combined,empathicschool
0,0.16501072,1.0,empathicschool_s28,combined,empathicschool
0,0.16501062,1.0,empathicschool_s28,combined,empathicschool
0,0.1650106,1.0,empathicschool_s28,combined,empathicschool
0,0.16501047,1.0,empathicschool_s28,combined,empathicschool
0,0.16501032,1.0,empathicschool_s28,combined,empathicschool
0,0.16501027,1.0,empathicschool_s28,combined,empathicschool
0,0.1650103,1.0,empathicschool_s28,combined,empathicschool
0,0.13656832,1.0,empathicschool_s28,combined,empathicschool
0,0.1650102,1.0,empathicschool_s28,combined,empathicschool
0,0.16501017,1.0,empathicschool_s28,combined,empathicschool
0,0.16501018,1.0,empathicschool_s28,combined,empathicschool
0,0.16501005,1.0,empathicschool_s28,combined,empathicschool
0,0.16501017,1.0,empathicschool_s28,combined,empathicschool
0,0.16501012,1.0,empathicschool_s28,combined,empathicschool
0,0.16501,1.0,empathicschool_s28,combined,empathicschool
0,0.16501012,1.0,empathicschool_s28,combined,empathicschool
0,0.1650102,1.0,empathicschool_s28,combined,empathicschool
0,0.16501042,1.0,empathicschool_s28,combined,empathicschool
0,0.13650358,1.0,empathicschool_s28,combined,empathicschool
0,0.16501066,1.0,empathicschool_s28,combined,empathicschool
0,0.16501074,1.0,empathicschool_s28,combined,empathicschool
0,0.16501065,1.0,empathicschool_s28,combined,empathicschool
0,0.16501084,1.0,empathicschool_s28,combined,empathicschool
0,0.16501093,1.0,empathicschool_s28,combined,empathicschool
0,0.16501088,1.0,empathicschool_s28,combined,empathicschool
0,0.16501093,1.0,empathicschool_s28,combined,empathicschool
0,0.16501097,1.0,empathicschool_s28,combined,empathicschool
0,0.16501077,1.0,empathicschool_s28,combined,empathicschool
0,0.16501069,1.0,empathicschool_s28,combined,empathicschool
0,0.114324145,1.0,empathicschool_s28,combined,empathicschool
0,0.13677156,1.0,empathicschool_s28,combined,empathicschool
0,0.16501077,1.0,empathicschool_s28,combined,empathicschool
0,0.16501062,1.0,empathicschool_s28,combined,empathicschool
0,0.1650105,1.0,empathicschool_s28,combined,empathicschool
0,0.16501042,1.0,empathicschool_s28,combined,empathicschool
0,0.16501042,1.0,empathicschool_s28,combined,empathicschool
0,0.16501047,1.0,empathicschool_s28,combined,empathicschool
0,0.1650105,1.0,empathicschool_s28,combined,empathicschool
0,0.16501053,1.0,empathicschool_s28,combined,empathicschool
0,0.1650105,1.0,empathicschool_s28,combined,empathicschool
0,0.16501038,1.0,empathicschool_s28,combined,empathicschool
0,0.13881215,1.0,empathicschool_s28,combined,empathicschool
0,0.16501054,1.0,empathicschool_s28,combined,empathicschool
0,0.16501069,1.0,empathicschool_s28,combined,empathicschool
0,0.16501074,1.0,empathicschool_s28,combined,empathicschool
0,0.1650108,1.0,empathicschool_s28,combined,empathicschool
0,0.16501066,1.0,empathicschool_s28,combined,empathicschool
0,0.16501082,1.0,empathicschool_s28,combined,empathicschool
0,0.16501105,1.0,empathicschool_s28,combined,empathicschool
0,0.16501088,1.0,empathicschool_s28,combined,empathicschool
0,0.16501097,1.0,empathicschool_s28,combined,empathicschool
0,0.16501094,1.0,empathicschool_s28,combined,empathicschool
0,0.14174719,1.0,empathicschool_s28,combined,empathicschool
0,0.16501072,1.0,empathicschool_s28,combined,empathicschool
0,0.1650106,1.0,empathicschool_s28,combined,empathicschool
0,0.16501077,1.0,empathicschool_s28,combined,empathicschool
0,0.16501097,1.0,empathicschool_s28,combined,empathicschool
0,0.1650108,1.0,empathicschool_s28,combined,empathicschool
0,0.16501074,1.0,empathicschool_s28,combined,empathicschool
0,0.16501082,1.0,empathicschool_s28,combined,empathicschool
0,0.16501078,1.0,empathicschool_s28,combined,empathicschool
0,0.16501082,1.0,empathicschool_s28,combined,empathicschool
0,0.16501075,1.0,empathicschool_s28,combined,empathicschool
0,0.14207889,1.0,empathicschool_s28,combined,empathicschool
0,0.16501074,1.0,empathicschool_s28,combined,empathicschool
0,0.16501068,1.0,empathicschool_s28,combined,empathicschool
0,0.1650106,1.0,empathicschool_s28,combined,empathicschool
0,0.16501053,1.0,empathicschool_s28,combined,empathicschool
0,0.16501035,1.0,empathicschool_s28,combined,empathicschool
0,0.16501029,1.0,empathicschool_s28,combined,empathicschool
0,0.16501057,1.0,empathicschool_s28,combined,empathicschool
0,0.16501074,1.0,empathicschool_s28,combined,empathicschool
0,0.16501066,1.0,empathicschool_s28,combined,empathicschool
0,0.16501053,1.0,empathicschool_s28,combined,empathicschool
0,0.14198954,1.0,empathicschool_s28,combined,empathicschool
0,0.16501042,1.0,empathicschool_s28,combined,empathicschool
0,0.16501024,1.0,empathicschool_s28,combined,empathicschool
0,0.16501035,1.0,empathicschool_s28,combined,empathicschool
0,0.16501035,1.0,empathicschool_s28,combined,empathicschool
0,0.16501024,1.0,empathicschool_s28,combined,empathicschool
0,0.1650103,1.0,empathicschool_s28,combined,empathicschool
0,0.16501047,1.0,empathicschool_s28,combined,empathicschool
0,0.16501035,1.0,empathicschool_s28,combined,empathicschool
0,0.16501012,1.0,empathicschool_s28,combined,empathicschool
0,0.16501006,1.0,empathicschool_s28,combined,empathicschool
0,0.14198452,1.0,empathicschool_s28,combined,empathicschool
0,0.16501008,1.0,empathicschool_s28,combined,empathicschool
0,0.16500998,1.0,empathicschool_s28,combined,empathicschool
0,0.16501005,1.0,empathicschool_s28,combined,empathicschool
0,0.16501012,1.0,empathicschool_s28,combined,empathicschool
0,0.16501024,1.0,empathicschool_s28,combined,empathicschool
0,0.16501035,1.0,empathicschool_s28,combined,empathicschool
0,0.1650101,1.0,empathicschool_s28,combined,empathicschool
0,0.16501018,1.0,empathicschool_s28,combined,empathicschool
0,0.16501027,1.0,empathicschool_s28,combined,empathicschool
0,0.16501014,1.0,empathicschool_s28,combined,empathicschool
0,0.14198448,1.0,empathicschool_s28,combined,empathicschool
0,0.1650101,1.0,empathicschool_s28,combined,empathicschool
0,0.16501005,1.0,empathicschool_s28,combined,empathicschool
0,0.16500996,1.0,empathicschool_s28,combined,empathicschool
0,0.16500995,1.0,empathicschool_s28,combined,empathicschool
0,0.16501018,1.0,empathicschool_s28,combined,empathicschool
0,0.16501045,1.0,empathicschool_s28,combined,empathicschool
0,0.16501054,1.0,empathicschool_s28,combined,empathicschool
0,0.16501042,1.0,empathicschool_s28,combined,empathicschool
0,0.16501027,1.0,empathicschool_s28,combined,empathicschool
0,0.16501035,1.0,empathicschool_s28,combined,empathicschool
0,0.14166789,1.0,empathicschool_s28,combined,empathicschool
0,0.16501014,1.0,empathicschool_s28,combined,empathicschool
0,0.1650103,1.0,empathicschool_s28,combined,empathicschool
0,0.16501082,1.0,empathicschool_s28,combined,empathicschool
0,0.16501111,1.0,empathicschool_s28,combined,empathicschool
0,0.16501139,1.0,empathicschool_s28,combined,empathicschool
0,0.16501161,1.0,empathicschool_s28,combined,empathicschool
0,0.16501161,1.0,empathicschool_s28,combined,empathicschool
0,0.16501117,1.0,empathicschool_s28,combined,empathicschool
0,0.165011,1.0,empathicschool_s28,combined,empathicschool
0,0.16501112,1.0,empathicschool_s28,combined,empathicschool
0,0.14117698,1.0,empathicschool_s28,combined,empathicschool
0,0.16501111,1.0,empathicschool_s28,combined,empathicschool
0,0.16501117,1.0,empathicschool_s28,combined,empathicschool
0,0.1650111,1.0,empathicschool_s28,combined,empathicschool
0,0.16501091,1.0,empathicschool_s28,combined,empathicschool
0,0.16501082,1.0,empathicschool_s28,combined,empathicschool
0,0.16501084,1.0,empathicschool_s28,combined,empathicschool
0,0.16501088,1.0,empathicschool_s28,combined,empathicschool
0,0.16501097,1.0,empathicschool_s28,combined,empathicschool
0,0.16501111,1.0,empathicschool_s28,combined,empathicschool
0,0.16501106,1.0,empathicschool_s28,combined,empathicschool
0,0.14040649,1.0,empathicschool_s28,combined,empathicschool
0,0.16501088,1.0,empathicschool_s28,combined,empathicschool
0,0.16501062,1.0,empathicschool_s28,combined,empathicschool
0,0.16501072,1.0,empathicschool_s28,combined,empathicschool
0,0.16501121,1.0,empathicschool_s28,combined,empathicschool
0,0.16501117,1.0,empathicschool_s28,combined,empathicschool
0,0.16501126,1.0,empathicschool_s28,combined,empathicschool
0,0.16501138,1.0,empathicschool_s28,combined,empathicschool
0,0.1650111,1.0,empathicschool_s28,combined,empathicschool
0,0.1650109,1.0,empathicschool_s28,combined,empathicschool
0,0.1650109,1.0,empathicschool_s28,combined,empathicschool
0,0.1969384,1.0,empathicschool_s28,combined,empathicschool
0,0.1969384,1.0,empathicschool_s28,combined,empathicschool
0,0.1969384,1.0,empathicschool_s28,combined,empathicschool
0,0.1969384,1.0,empathicschool_s28,combined,empathicschool
0,0.1969384,1.0,empathicschool_s28,combined,empathicschool
0,0.1969384,1.0,empathicschool_s28,combined,empathicschool
0,0.1969384,1.0,empathicschool_s28,combined,empathicschool
0,0.1969384,1.0,empathicschool_s28,combined,empathicschool
0,0.1969384,1.0,empathicschool_s28,combined,empathicschool
0,0.1969384,1.0,empathicschool_s28,combined,empathicschool
0,0.1969384,1.0,empathicschool_s28,combined,empathicschool
0,0.1969384,1.0,empathicschool_s28,combined,empathicschool
0,0.1969384,1.0,empathicschool_s28,combined,empathicschool
0,0.1969384,1.0,empathicschool_s28,combined,empathicschool
0,0.1969384,1.0,empathicschool_s28,combined,empathicschool
0,0.1969384,1.0,empathicschool_s28,combined,empathicschool
0,0.1969384,1.0,empathicschool_s28,combined,empathicschool
0,0.1969384,1.0,empathicschool_s28,combined,empathicschool
0,0.1969384,1.0,empathicschool_s28,combined,empathicschool
0,0.1969384,1.0,empathicschool_s28,combined,empathicschool
0,0.1969384,1.0,empathicschool_s28,combined,empathicschool
0,0.1969384,1.0,empathicschool_s28,combined,empathicschool
0,0.1969384,1.0,empathicschool_s28,combined,empathicschool
0,0.1969384,1.0,empathicschool_s28,combined,empathicschool
0,0.1969384,1.0,empathicschool_s28,combined,empathicschool
0,0.1969384,1.0,empathicschool_s28,combined,empathicschool
0,0.1969384,1.0,empathicschool_s28,combined,empathicschool
0,0.1969384,1.0,empathicschool_s28,combined,empathicschool
0,0.1969384,1.0,empathicschool_s28,combined,empathicschool
0,0.1969384,1.0,empathicschool_s28,combined,empathicschool
0,0.1969384,1.0,empathicschool_s28,combined,empathicschool
0,0.1969384,1.0,empathicschool_s28,combined,empathicschool
0,0.1969384,1.0,empathicschool_s28,combined,empathicschool
0,0.1969384,1.0,empathicschool_s28,combined,empathicschool
0,0.1969384,1.0,empathicschool_s28,combined,empathicschool
0,0.1969384,1.0,empathicschool_s28,combined,empathicschool
0,0.1969384,1.0,empathicschool_s28,combined,empathicschool
0,0.1969384,1.0,empathicschool_s28,combined,empathicschool
0,0.1969384,1.0,empathicschool_s28,combined,empathicschool
0,0.1969384,1.0,empathicschool_s28,combined,empathicschool
0,0.1969384,1.0,empathicschool_s28,combined,empathicschool
0,0.1969384,1.0,empathicschool_s28,combined,empathicschool
0,0.1969384,1.0,empathicschool_s28,combined,empathicschool
0,0.1969384,1.0,empathicschool_s28,combined,empathicschool
0,0.1969384,1.0,empathicschool_s28,combined,empathicschool
0,0.1969384,1.0,empathicschool_s28,combined,empathicschool
0,0.1969384,1.0,empathicschool_s28,combined,empathicschool
0,0.1969384,1.0,empathicschool_s28,combined,empathicschool
0,0.1969384,1.0,empathicschool_s28,combined,empathicschool
0,0.1969384,1.0,empathicschool_s28,combined,empathicschool
0,0.1969384,1.0,empathicschool_s28,combined,empathicschool
0,0.1969384,1.0,empathicschool_s28,combined,empathicschool
0,0.1969384,1.0,empathicschool_s28,combined,empathicschool
0,0.1969384,1.0,empathicschool_s28,combined,empathicschool
0,0.1969384,1.0,empathicschool_s28,combined,empathicschool
0,0.1969384,1.0,empathicschool_s28,combined,empathicschool
0,0.1969384,1.0,empathicschool_s28,combined,empathicschool
0,0.1969384,1.0,empathicschool_s28,combined,empathicschool
0,0.1969384,1.0,empathicschool_s28,combined,empathicschool
0,0.1969384,1.0,empathicschool_s28,combined,empathicschool
0,0.1969384,1.0,empathicschool_s28,combined,empathicschool
0,0.1969384,1.0,empathicschool_s28,combined,empathicschool
0,0.1969384,1.0,empathicschool_s28,combined,empathicschool
0,0.1969384,1.0,empathicschool_s28,combined,empathicschool
0,0.1969384,1.0,empathicschool_s28,combined,empathicschool
0,0.1969384,1.0,empathicschool_s28,combined,empathicschool
0,0.1969384,1.0,empathicschool_s28,combined,empathicschool
0,0.1969384,1.0,empathicschool_s28,combined,empathicschool
0,0.1969384,1.0,empathicschool_s28,combined,empathicschool
0,0.1969384,1.0,empathicschool_s28,combined,empathicschool
0,0.1969384,1.0,empathicschool_s28,combined,empathicschool
0,0.1969384,1.0,empathicschool_s28,combined,empathicschool
0,0.1969384,1.0,empathicschool_s28,combined,empathicschool
0,0.1969384,1.0,empathicschool_s28,combined,empathicschool
0,0.1969384,1.0,empathicschool_s28,combined,empathicschool
0,0.1969384,1.0,empathicschool_s28,combined,empathicschool
0,0.1969384,1.0,empathicschool_s28,combined,empathicschool
0,0.1969384,1.0,empathicschool_s28,combined,empathicschool
0,0.1969384,1.0,empathicschool_s28,combined,empathicschool
0,0.1969384,1.0,empathicschool_s28,combined,empathicschool
0,0.1969384,1.0,empathicschool_s28,combined,empathicschool
0,0.1969384,1.0,empathicschool_s28,combined,empathicschool
0,0.1969384,1.0,empathicschool_s28,combined,empathicschool
0,0.1969384,1.0,empathicschool_s28,combined,empathicschool
0,0.1969384,1.0,empathicschool_s28,combined,empathicschool
0,0.1969384,1.0,empathicschool_s28,combined,empathicschool
0,0.1969384,1.0,empathicschool_s28,combined,empathicschool
0,0.1969384,1.0,empathicschool_s28,combined,empathicschool
0,0.1969384,1.0,empathicschool_s28,combined,empathicschool
0,0.1969384,1.0,empathicschool_s28,combined,empathicschool
0,0.1969384,1.0,empathicschool_s28,combined,empathicschool
0,0.1969384,1.0,empathicschool_s28,combined,empathicschool
0,0.1969384,1.0,empathicschool_s28,combined,empathicschool
0,0.1969384,1.0,empathicschool_s28,combined,empathicschool
0,0.1969384,1.0,empathicschool_s28,combined,empathicschool
0,0.1969384,1.0,empathicschool_s28,combined,empathicschool
0,0.1969384,1.0,empathicschool_s28,combined,empathicschool
0,0.1969384,1.0,empathicschool_s28,combined,empathicschool
0,0.1969384,1.0,empathicschool_s28,combined,empathicschool
0,0.1969384,1.0,empathicschool_s28,combined,empathicschool
0,0.1969384,1.0,empathicschool_s28,combined,empathicschool
0,0.1969384,1.0,empathicschool_s28,combined,empathicschool
0,0.1969384,1.0,empathicschool_s28,combined,empathicschool
0,0.1969384,1.0,empathicschool_s28,combined,empathicschool
0,0.1969384,1.0,empathicschool_s28,combined,empathicschool
0,0.1969384,1.0,empathicschool_s28,combined,empathicschool
0,0.1969384,1.0,empathicschool_s28,combined,empathicschool
0,0.1969384,1.0,empathicschool_s28,combined,empathicschool
0,0.1969384,1.0,empathicschool_s28,combined,empathicschool
0,0.1969384,1.0,empathicschool_s28,combined,empathicschool
0,0.1969384,1.0,empathicschool_s28,combined,empathicschool
0,0.1969384,1.0,empathicschool_s28,combined,empathicschool
0,0.1969384,1.0,empathicschool_s28,combined,empathicschool
0,0.1969384,1.0,empathicschool_s28,combined,empathicschool
0,0.1969384,1.0,empathicschool_s28,combined,empathicschool
0,0.1969384,1.0,empathicschool_s28,combined,empathicschool
0,0.1969384,1.0,empathicschool_s28,combined,empathicschool
0,0.1969384,1.0,empathicschool_s28,combined,empathicschool
0,0.1969384,1.0,empathicschool_s28,combined,empathicschool
0,0.1969384,1.0,empathicschool_s28,combined,empathicschool
0,0.1969384,1.0,empathicschool_s28,combined,empathicschool
0,0.1969384,1.0,empathicschool_s28,combined,empathicschool
0,0.1969384,1.0,empathicschool_s28,combined,empathicschool
0,0.1969384,1.0,empathicschool_s28,combined,empathicschool
0,0.1969384,1.0,empathicschool_s28,combined,empathicschool
0,0.1969384,1.0,empathicschool_s28,combined,empathicschool
0,0.1969384,1.0,empathicschool_s28,combined,empathicschool
0,0.1969384,1.0,empathicschool_s28,combined,empathicschool
0,0.1969384,1.0,empathicschool_s28,combined,empathicschool
0,0.1969384,1.0,empathicschool_s28,combined,empathicschool
0,0.1969384,1.0,empathicschool_s28,combined,empathicschool
0,0.1969384,1.0,empathicschool_s28,combined,empathicschool
0,0.1969384,1.0,empathicschool_s28,combined,empathicschool
0,0.1969384,1.0,empathicschool_s28,combined,empathicschool
0,0.1969384,1.0,empathicschool_s28,combined,empathicschool
0,0.1969384,1.0,empathicschool_s28,combined,empathicschool
0,0.1969384,1.0,empathicschool_s28,combined,empathicschool
0,0.1969384,1.0,empathicschool_s28,combined,empathicschool
0,0.1969384,1.0,empathicschool_s28,combined,empathicschool
0,0.1969384,1.0,empathicschool_s28,combined,empathicschool
0,0.1969384,1.0,empathicschool_s28,combined,empathicschool
0,0.1969384,1.0,empathicschool_s28,combined,empathicschool
0,0.1969384,1.0,empathicschool_s28,combined,empathicschool
0,0.1969384,1.0,empathicschool_s28,combined,empathicschool
0,0.1969384,1.0,empathicschool_s28,combined,empathicschool
0,0.1969384,1.0,empathicschool_s28,combined,empathicschool
0,0.1969384,1.0,empathicschool_s28,combined,empathicschool
0,0.1969384,1.0,empathicschool_s28,combined,empathicschool
0,0.1969384,1.0,empathicschool_s28,combined,empathicschool
0,0.1969384,1.0,empathicschool_s28,combined,empathicschool
0,0.1969384,1.0,empathicschool_s28,combined,empathicschool
0,0.1969384,1.0,empathicschool_s28,combined,empathicschool
0,0.1969384,1.0,empathicschool_s28,combined,empathicschool
0,0.1969384,1.0,empathicschool_s28,combined,empathicschool
0,0.1969384,1.0,empathicschool_s28,combined,empathicschool
0,0.1969384,1.0,empathicschool_s28,combined,empathicschool
0,0.1969384,1.0,empathicschool_s28,combined,empathicschool
0,0.1969384,1.0,empathicschool_s28,combined,empathicschool
0,0.1969384,1.0,empathicschool_s28,combined,empathicschool
0,0.1969384,1.0,empathicschool_s28,combined,empathicschool
0,0.1969384,1.0,empathicschool_s28,combined,empathicschool
0,0.1969384,1.0,empathicschool_s28,combined,empathicschool
0,0.1969384,1.0,empathicschool_s28,combined,empathicschool
0,0.1969384,1.0,empathicschool_s28,combined,empathicschool
0,0.1969384,1.0,empathicschool_s28,combined,empathicschool
0,0.1969384,1.0,empathicschool_s28,combined,empathicschool
0,0.1969384,1.0,empathicschool_s28,combined,empathicschool
0,0.1969384,1.0,empathicschool_s28,combined,empathicschool
0,0.1969384,1.0,empathicschool_s28,combined,empathicschool
0,0.1969384,1.0,empathicschool_s28,combined,empathicschool
0,0.1969384,1.0,empathicschool_s28,combined,empathicschool
0,0.1969384,1.0,empathicschool_s28,combined,empathicschool
0,0.1969384,1.0,empathicschool_s28,combined,empathicschool
0,0.1969384,1.0,empathicschool_s28,combined,empathicschool
0,0.1969384,1.0,empathicschool_s28,combined,empathicschool
0,0.1969384,1.0,empathicschool_s28,combined,empathicschool
0,0.1969384,1.0,empathicschool_s28,combined,empathicschool
0,0.1969384,1.0,empathicschool_s28,combined,empathicschool
0,0.1969384,1.0,empathicschool_s28,combined,empathicschool
0,0.1969384,1.0,empathicschool_s28,combined,empathicschool
0,0.1969384,1.0,empathicschool_s28,combined,empathicschool
0,0.1969384,1.0,empathicschool_s28,combined,empathicschool
0,0.1969384,1.0,empathicschool_s28,combined,empathicschool
0,0.1969384,1.0,empathicschool_s28,combined,empathicschool
0,0.1969384,1.0,empathicschool_s28,combined,empathicschool
0,0.1969384,1.0,empathicschool_s28,combined,empathicschool
0,0.1969384,1.0,empathicschool_s28,combined,empathicschool
0,0.1969384,1.0,empathicschool_s28,combined,empathicschool
0,0.1969384,1.0,empathicschool_s28,combined,empathicschool
0,0.1969384,1.0,empathicschool_s28,combined,empathicschool
0,0.1969384,1.0,empathicschool_s28,combined,empathicschool
0,0.1969384,1.0,empathicschool_s28,combined,empathicschool
0,0.1969384,1.0,empathicschool_s28,combined,empathicschool
0,0.1969384,1.0,empathicschool_s28,combined,empathicschool
0,0.1969384,1.0,empathicschool_s28,combined,empathicschool
0,0.1969384,1.0,empathicschool_s28,combined,empathicschool
0,0.1969384,1.0,empathicschool_s28,combined,empathicschool
0,0.1969384,1.0,empathicschool_s28,combined,empathicschool
0,0.1969384,1.0,empathicschool_s28,combined,empathicschool
0,0.1969384,1.0,empathicschool_s28,combined,empathicschool
0,0.1969384,1.0,empathicschool_s28,combined,empathicschool
0,0.1969384,1.0,empathicschool_s28,combined,empathicschool
0,0.1969384,1.0,empathicschool_s28,combined,empathicschool
0,0.1969384,1.0,empathicschool_s28,combined,empathicschool
0,0.1969384,1.0,empathicschool_s28,combined,empathicschool
0,0.1969384,1.0,empathicschool_s28,combined,empathicschool
0,0.1969384,1.0,empathicschool_s28,combined,empathicschool
0,0.1969384,1.0,empathicschool_s28,combined,empathicschool
0,0.1969384,1.0,empathicschool_s28,combined,empathicschool
0,0.1969384,1.0,empathicschool_s28,combined,empathicschool
0,0.1969384,1.0,empathicschool_s28,combined,empathicschool
0,0.1969384,1.0,empathicschool_s28,combined,empathicschool
0,0.1969384,1.0,empathicschool_s28,combined,empathicschool
0,0.1969384,1.0,empathicschool_s28,combined,empathicschool
0,0.1969384,1.0,empathicschool_s28,combined,empathicschool
0,0.1969384,1.0,empathicschool_s28,combined,empathicschool
0,0.1969384,1.0,empathicschool_s28,combined,empathicschool
0,0.1969384,1.0,empathicschool_s28,combined,empathicschool
0,0.1969384,1.0,empathicschool_s28,combined,empathicschool
0,0.1969384,1.0,empathicschool_s28,combined,empathicschool
0,0.1969384,1.0,empathicschool_s28,combined,empathicschool
0,0.1969384,1.0,empathicschool_s28,combined,empathicschool
0,0.1969384,1.0,empathicschool_s28,combined,empathicschool
0,0.1969384,1.0,empathicschool_s28,combined,empathicschool
0,0.1969384,1.0,empathicschool_s28,combined,empathicschool
0,0.1969384,1.0,empathicschool_s28,combined,empathicschool
0,0.1969384,1.0,empathicschool_s28,combined,empathicschool
0,0.1969384,1.0,empathicschool_s28,combined,empathicschool
0,0.1969384,1.0,empathicschool_s28,combined,empathicschool
0,0.1969384,1.0,empathicschool_s28,combined,empathicschool
0,0.1969384,1.0,empathicschool_s28,combined,empathicschool
0,0.1969384,1.0,empathicschool_s28,combined,empathicschool
0,0.1969384,1.0,empathicschool_s28,combined,empathicschool
0,0.1969384,1.0,empathicschool_s28,combined,empathicschool
0,0.1969384,1.0,empathicschool_s28,combined,empathicschool
0,0.1969384,1.0,empathicschool_s28,combined,empathicschool
0,0.1969384,1.0,empathicschool_s28,combined,empathicschool
0,0.1969384,1.0,empathicschool_s28,combined,empathicschool
0,0.1969384,1.0,empathicschool_s28,combined,empathicschool
0,0.1969384,1.0,empathicschool_s28,combined,empathicschool
0,0.1969384,1.0,empathicschool_s28,combined,empathicschool
0,0.1969384,1.0,empathicschool_s28,combined,empathicschool
0,0.1969384,1.0,empathicschool_s28,combined,empathicschool
0,0.1969384,1.0,empathicschool_s28,combined,empathicschool
0,0.1969384,1.0,empathicschool_s28,combined,empathicschool
0,0.1969384,1.0,empathicschool_s28,combined,empathicschool
0,0.1969384,1.0,empathicschool_s28,combined,empathicschool
0,0.1969384,1.0,empathicschool_s28,combined,empathicschool
0,0.1969384,1.0,empathicschool_s28,combined,empathicschool
0,0.1969384,1.0,empathicschool_s28,combined,empathicschool
0,0.1969384,1.0,empathicschool_s28,combined,empathicschool
0,0.1969384,1.0,empathicschool_s28,combined,empathicschool
0,0.1969384,1.0,empathicschool_s28,combined,empathicschool
0,0.1969384,1.0,empathicschool_s28,combined,empathicschool
0,0.1969384,1.0,empathicschool_s28,combined,empathicschool
0,0.1969384,1.0,empathicschool_s28,combined,empathicschool
0,0.1969384,1.0,empathicschool_s28,combined,empathicschool
0,0.1969384,1.0,empathicschool_s28,combined,empathicschool
0,0.1969384,1.0,empathicschool_s28,combined,empathicschool
0,0.1969384,1.0,empathicschool_s28,combined,empathicschool
0,0.1969384,1.0,empathicschool_s28,combined,empathicschool
0,0.1969384,1.0,empathicschool_s28,combined,empathicschool
0,0.1969384,1.0,empathicschool_s28,combined,empathicschool
0,0.1969384,1.0,empathicschool_s28,combined,empathicschool
0,0.1969384,1.0,empathicschool_s28,combined,empathicschool
0,0.1969384,1.0,empathicschool_s28,combined,empathicschool
0,0.1969384,1.0,empathicschool_s28,combined,empathicschool
0,0.1969384,1.0,empathicschool_s28,combined,empathicschool
0,0.1969384,1.0,empathicschool_s28,combined,empathicschool
0,0.1969384,1.0,empathicschool_s28,combined,empathicschool
0,0.1969384,1.0,empathicschool_s28,combined,empathicschool
0,0.1969384,1.0,empathicschool_s28,combined,empathicschool
0,0.1969384,1.0,empathicschool_s28,combined,empathicschool
0,0.1969384,1.0,empathicschool_s28,combined,empathicschool
0,0.1969384,1.0,empathicschool_s28,combined,empathicschool
0,0.1969384,1.0,empathicschool_s28,combined,empathicschool
0,0.1969384,1.0,empathicschool_s28,combined,empathicschool
0,0.1969384,1.0,empathicschool_s28,combined,empathicschool
0,0.1969384,1.0,empathicschool_s28,combined,empathicschool
0,0.1969384,1.0,empathicschool_s28,combined,empathicschool
0,0.1969384,1.0,empathicschool_s28,combined,empathicschool
0,0.1969384,1.0,empathicschool_s28,combined,empathicschool
0,0.1969384,1.0,empathicschool_s28,combined,empathicschool
0,0.1969384,1.0,empathicschool_s28,combined,empathicschool
0,0.1969384,1.0,empathicschool_s28,combined,empathicschool
0,0.1969384,1.0,empathicschool_s28,combined,empathicschool
0,0.1969384,1.0,empathicschool_s28,combined,empathicschool
0,0.1969384,1.0,empathicschool_s28,combined,empathicschool
0,0.1969384,1.0,empathicschool_s28,combined,empathicschool
0,0.1969384,1.0,empathicschool_s28,combined,empathicschool
0,0.1969384,1.0,empathicschool_s28,combined,empathicschool
0,0.1969384,1.0,empathicschool_s28,combined,empathicschool
0,0.1969384,1.0,empathicschool_s28,combined,empathicschool
0,0.1969384,1.0,empathicschool_s28,combined,empathicschool
0,0.1969384,1.0,empathicschool_s28,combined,empathicschool
0,0.1969384,1.0,empathicschool_s28,combined,empathicschool
0,0.1969384,1.0,empathicschool_s28,combined,empathicschool
0,0.1969384,1.0,empathicschool_s28,combined,empathicschool
0,0.1969384,1.0,empathicschool_s28,combined,empathicschool
0,0.1969384,1.0,empathicschool_s28,combined,empathicschool
0,0.1969384,1.0,empathicschool_s28,combined,empathicschool
0,0.1969384,1.0,empathicschool_s28,combined,empathicschool
0,0.1969384,1.0,empathicschool_s28,combined,empathicschool
0,0.1969384,1.0,empathicschool_s28,combined,empathicschool
0,0.1969384,1.0,empathicschool_s28,combined,empathicschool
0,0.1969384,1.0,empathicschool_s28,combined,empathicschool
0,0.1969384,1.0,empathicschool_s28,combined,empathicschool
0,0.1969384,1.0,empathicschool_s28,combined,empathicschool
0,0.1969384,1.0,empathicschool_s28,combined,empathicschool
0,0.1969384,1.0,empathicschool_s28,combined,empathicschool
0,0.1969384,1.0,empathicschool_s28,combined,empathicschool
0,0.1969384,1.0,empathicschool_s28,combined,empathicschool
0,0.1969384,1.0,empathicschool_s28,combined,empathicschool
0,0.1969384,1.0,empathicschool_s28,combined,empathicschool
0,0.1969384,1.0,empathicschool_s28,combined,empathicschool
0,0.1969384,1.0,empathicschool_s28,combined,empathicschool
0,0.1969384,1.0,empathicschool_s28,combined,empathicschool
0,0.1969384,1.0,empathicschool_s28,combined,empathicschool
0,0.1969384,1.0,empathicschool_s28,combined,empathicschool
0,0.1969384,1.0,empathicschool_s28,combined,empathicschool
0,0.1969384,1.0,empathicschool_s28,combined,empathicschool
0,0.1969384,1.0,empathicschool_s28,combined,empathicschool
0,0.1969384,1.0,empathicschool_s28,combined,empathicschool
0,0.1969384,1.0,empathicschool_s28,combined,empathicschool
0,0.1969384,1.0,empathicschool_s28,combined,empathicschool
0,0.1969384,1.0,empathicschool_s28,combined,empathicschool
0,0.1969384,1.0,empathicschool_s28,combined,empathicschool
0,0.1969384,1.0,empathicschool_s28,combined,empathicschool
0,0.1969384,1.0,empathicschool_s28,combined,empathicschool
0,0.1969384,1.0,empathicschool_s28,combined,empathicschool
0,0.1969384,1.0,empathicschool_s28,combined,empathicschool
0,0.1969384,1.0,empathicschool_s28,combined,empathicschool
0,0.1969384,1.0,empathicschool_s28,combined,empathicschool
0,0.1969384,1.0,empathicschool_s28,combined,empathicschool
0,0.1969384,1.0,empathicschool_s28,combined,empathicschool
0,0.1969384,1.0,empathicschool_s28,combined,empathicschool
0,0.1969384,1.0,empathicschool_s28,combined,empathicschool
0,0.1969384,1.0,empathicschool_s28,combined,empathicschool
0,0.1969384,1.0,empathicschool_s28,combined,empathicschool
0,0.1969384,1.0,empathicschool_s28,combined,empathicschool
0,0.1969384,1.0,empathicschool_s28,combined,empathicschool
0,0.1969384,1.0,empathicschool_s28,combined,empathicschool
0,0.1969384,1.0,empathicschool_s28,combined,empathicschool
0,0.1969384,1.0,empathicschool_s28,combined,empathicschool
0,0.1969384,1.0,empathicschool_s28,combined,empathicschool
0,0.1969384,1.0,empathicschool_s28,combined,empathicschool
0,0.1969384,1.0,empathicschool_s28,combined,empathicschool
0,0.1969384,1.0,empathicschool_s28,combined,empathicschool
0,0.1969384,1.0,empathicschool_s28,combined,empathicschool
0,0.1969384,1.0,empathicschool_s28,combined,empathicschool
0,0.1969384,1.0,empathicschool_s28,combined,empathicschool
0,0.1969384,1.0,empathicschool_s28,combined,empathicschool
0,0.1969384,1.0,empathicschool_s28,combined,empathicschool
0,0.1969384,1.0,empathicschool_s28,combined,empathicschool
0,0.1969384,1.0,empathicschool_s28,combined,empathicschool
0,0.1969384,1.0,empathicschool_s28,combined,empathicschool
0,0.1969384,1.0,empathicschool_s28,combined,empathicschool
0,0.1969384,1.0,empathicschool_s28,combined,empathicschool
0,0.1969384,1.0,empathicschool_s28,combined,empathicschool
0,0.1969384,1.0,empathicschool_s28,combined,empathicschool
0,0.1969384,1.0,empathicschool_s28,combined,empathicschool
0,0.1969384,1.0,empathicschool_s28,combined,empathicschool
0,0.1969384,1.0,empathicschool_s28,combined,empathicschool
0,0.1969384,1.0,empathicschool_s28,combined,empathicschool
0,0.1969384,1.0,empathicschool_s28,combined,empathicschool
0,0.1969384,1.0,empathicschool_s28,combined,empathicschool
0,0.1969384,1.0,empathicschool_s28,combined,empathicschool
0,0.1969384,1.0,empathicschool_s28,combined,empathicschool
0,0.1969384,1.0,empathicschool_s28,combined,empathicschool
0,0.1969384,1.0,empathicschool_s28,combined,empathicschool
0,0.1969384,1.0,empathicschool_s28,combined,empathicschool
0,0.1969384,1.0,empathicschool_s28,combined,empathicschool
0,0.1969384,1.0,empathicschool_s28,combined,empathicschool
0,0.1969384,1.0,empathicschool_s28,combined,empathicschool
0,0.1969384,1.0,empathicschool_s28,combined,empathicschool
0,0.1969384,1.0,empathicschool_s28,combined,empathicschool
0,0.1969384,1.0,empathicschool_s28,combined,empathicschool
0,0.1969384,1.0,empathicschool_s28,combined,empathicschool
0,0.1969384,1.0,empathicschool_s28,combined,empathicschool
0,0.1969384,1.0,empathicschool_s28,combined,empathicschool
0,0.1969384,1.0,empathicschool_s28,combined,empathicschool
0,0.1969384,1.0,empathicschool_s28,combined,empathicschool
0,0.1969384,1.0,empathicschool_s28,combined,empathicschool
0,0.1969384,1.0,empathicschool_s28,combined,empathicschool
0,0.1969384,1.0,empathicschool_s28,combined,empathicschool
0,0.1969384,1.0,empathicschool_s28,combined,empathicschool
0,0.1969384,1.0,empathicschool_s28,combined,empathicschool
0,0.1969384,1.0,empathicschool_s28,combined,empathicschool
0,0.1969384,1.0,empathicschool_s28,combined,empathicschool
0,0.1969384,1.0,empathicschool_s28,combined,empathicschool
0,0.1969384,1.0,empathicschool_s28,combined,empathicschool
0,0.1969384,1.0,empathicschool_s28,combined,empathicschool
0,0.1969384,1.0,empathicschool_s28,combined,empathicschool
0,0.1969384,1.0,empathicschool_s28,combined,empathicschool
0,0.1969384,1.0,empathicschool_s28,combined,empathicschool
0,0.1969384,1.0,empathicschool_s28,combined,empathicschool
0,0.1969384,1.0,empathicschool_s28,combined,empathicschool
0,0.1969384,1.0,empathicschool_s28,combined,empathicschool
0,0.1969384,1.0,empathicschool_s28,combined,empathicschool
0,0.1969384,1.0,empathicschool_s28,combined,empathicschool
0,0.1969384,1.0,empathicschool_s28,combined,empathicschool
0,0.1969384,1.0,empathicschool_s28,combined,empathicschool
0,0.1969384,1.0,empathicschool_s28,combined,empathicschool
0,0.1969384,1.0,empathicschool_s28,combined,empathicschool
0,0.1969384,1.0,empathicschool_s28,combined,empathicschool
0,0.1969384,1.0,empathicschool_s28,combined,empathicschool
0,0.1969384,1.0,empathicschool_s28,combined,empathicschool
0,0.1969384,1.0,empathicschool_s28,combined,empathicschool
0,0.1969384,1.0,empathicschool_s28,combined,empathicschool
0,0.1969384,1.0,empathicschool_s28,combined,empathicschool
0,0.1969384,1.0,empathicschool_s28,combined,empathicschool
0,0.1969384,1.0,empathicschool_s28,combined,empathicschool
0,0.1969384,1.0,empathicschool_s28,combined,empathicschool
0,0.1969384,1.0,empathicschool_s28,combined,empathicschool
0,0.1969384,1.0,empathicschool_s28,combined,empathicschool
0,0.1969384,1.0,empathicschool_s28,combined,empathicschool
0,0.1969384,1.0,empathicschool_s28,combined,empathicschool
0,0.1969384,1.0,empathicschool_s28,combined,empathicschool
0,0.1969384,1.0,empathicschool_s28,combined,empathicschool
0,0.1969384,1.0,empathicschool_s28,combined,empathicschool
0,0.1969384,1.0,empathicschool_s28,combined,empathicschool
0,0.1969384,1.0,empathicschool_s28,combined,empathicschool
0,0.1969384,1.0,empathicschool_s28,combined,empathicschool
0,0.1969384,1.0,empathicschool_s28,combined,empathicschool
0,0.1969384,1.0,empathicschool_s28,combined,empathicschool
0,0.1969384,1.0,empathicschool_s28,combined,empathicschool
0,0.1969384,1.0,empathicschool_s28,combined,empathicschool
0,0.1969384,1.0,empathicschool_s28,combined,empathicschool
0,0.1969384,1.0,empathicschool_s28,combined,empathicschool
0,0.1969384,1.0,empathicschool_s28,combined,empathicschool
0,0.1969384,1.0,empathicschool_s28,combined,empathicschool
0,0.1969384,1.0,empathicschool_s28,combined,empathicschool
0,0.1969384,1.0,empathicschool_s28,combined,empathicschool
0,0.1969384,1.0,empathicschool_s28,combined,empathicschool
0,0.1969384,1.0,empathicschool_s28,combined,empathicschool
0,0.1969384,1.0,empathicschool_s28,combined,empathicschool
0,0.1969384,1.0,empathicschool_s28,combined,empathicschool
0,0.1969384,1.0,empathicschool_s28,combined,empathicschool
0,0.1969384,1.0,empathicschool_s28,combined,empathicschool
0,0.1969384,1.0,empathicschool_s28,combined,empathicschool
0,0.1969384,1.0,empathicschool_s28,combined,empathicschool
0,0.1969384,1.0,empathicschool_s28,combined,empathicschool
0,0.1969384,1.0,empathicschool_s28,combined,empathicschool
0,0.1969384,1.0,empathicschool_s28,combined,empathicschool
0,0.1969384,1.0,empathicschool_s28,combined,empathicschool
0,0.1969384,1.0,empathicschool_s28,combined,empathicschool
0,0.1969384,1.0,empathicschool_s28,combined,empathicschool
0,0.1969384,1.0,empathicschool_s28,combined,empathicschool
0,0.1969384,1.0,empathicschool_s28,combined,empathicschool
0,0.1969384,1.0,empathicschool_s28,combined,empathicschool
0,0.1969384,1.0,empathicschool_s28,combined,empathicschool
0,0.1969384,1.0,empathicschool_s28,combined,empathicschool
0,0.1969384,1.0,empathicschool_s28,combined,empathicschool
0,0.1969384,1.0,empathicschool_s28,combined,empathicschool
0,0.1969384,1.0,empathicschool_s28,combined,empathicschool
0,0.1969384,1.0,empathicschool_s28,combined,empathicschool
0,0.1969384,1.0,empathicschool_s28,combined,empathicschool
0,0.1969384,1.0,empathicschool_s28,combined,empathicschool
0,0.1969384,1.0,empathicschool_s28,combined,empathicschool
0,0.1969384,1.0,empathicschool_s28,combined,empathicschool
0,0.1969384,1.0,empathicschool_s28,combined,empathicschool
0,0.1969384,1.0,empathicschool_s28,combined,empathicschool
0,0.1969384,1.0,empathicschool_s28,combined,empathicschool
0,0.1969384,1.0,empathicschool_s28,combined,empathicschool
0,0.1969384,1.0,empathicschool_s28,combined,empathicschool
0,0.1969384,1.0,empathicschool_s28,combined,empathicschool
0,0.1969384,1.0,empathicschool_s28,combined,empathicschool
0,0.1969384,1.0,empathicschool_s28,combined,empathicschool
0,0.1969384,1.0,empathicschool_s28,combined,empathicschool
0,0.1969384,1.0,empathicschool_s28,combined,empathicschool
0,0.1969384,1.0,empathicschool_s28,combined,empathicschool
0,0.1969384,1.0,empathicschool_s28,combined,empathicschool
0,0.1969384,1.0,empathicschool_s28,combined,empathicschool
0,0.1969384,1.0,empathicschool_s28,combined,empathicschool
0,0.1969384,1.0,empathicschool_s28,combined,empathicschool
0,0.1969384,1.0,empathicschool_s28,combined,empathicschool
0,0.1969384,1.0,empathicschool_s28,combined,empathicschool
0,0.1969384,1.0,empathicschool_s28,combined,empathicschool
0,0.1969384,1.0,empathicschool_s28,combined,empathicschool
0,0.1969384,1.0,empathicschool_s28,combined,empathicschool
0,0.1969384,1.0,empathicschool_s28,combined,empathicschool
0,0.1969384,1.0,empathicschool_s28,combined,empathicschool
0,0.1969384,1.0,empathicschool_s28,combined,empathicschool
0,0.1969384,1.0,empathicschool_s28,combined,empathicschool
0,0.1969384,1.0,empathicschool_s28,combined,empathicschool
0,0.1969384,1.0,empathicschool_s28,combined,empathicschool
0,0.1969384,1.0,empathicschool_s28,combined,empathicschool
0,0.1969384,1.0,empathicschool_s28,combined,empathicschool
0,0.1969384,1.0,empathicschool_s28,combined,empathicschool
0,0.1969384,1.0,empathicschool_s28,combined,empathicschool
0,0.1969384,1.0,empathicschool_s28,combined,empathicschool
0,0.1969384,1.0,empathicschool_s28,combined,empathicschool
0,0.1969384,1.0,empathicschool_s28,combined,empathicschool
0,0.1969384,1.0,empathicschool_s28,combined,empathicschool
0,0.1969384,1.0,empathicschool_s28,combined,empathicschool
0,0.1969384,1.0,empathicschool_s28,combined,empathicschool
0,0.1969384,1.0,empathicschool_s28,combined,empathicschool
0,0.1969384,1.0,empathicschool_s28,combined,empathicschool
0,0.1969384,1.0,empathicschool_s28,combined,empathicschool
0,0.1969384,1.0,empathicschool_s28,combined,empathicschool
0,0.1969384,1.0,empathicschool_s28,combined,empathicschool
0,0.1969384,1.0,empathicschool_s28,combined,empathicschool
0,0.1969384,1.0,empathicschool_s28,combined,empathicschool
0,0.1969384,1.0,empathicschool_s28,combined,empathicschool
0,0.1969384,1.0,empathicschool_s28,combined,empathicschool
0,0.1969384,1.0,empathicschool_s28,combined,empathicschool
0,0.1969384,1.0,empathicschool_s28,combined,empathicschool
0,0.1969384,1.0,empathicschool_s28,combined,empathicschool
0,0.1969384,1.0,empathicschool_s28,combined,empathicschool
0,0.1969384,1.0,empathicschool_s28,combined,empathicschool
0,0.1969384,1.0,empathicschool_s28,combined,empathicschool
0,0.1969384,1.0,empathicschool_s28,combined,empathicschool
0,0.1969384,1.0,empathicschool_s28,combined,empathicschool
0,0.1969384,1.0,empathicschool_s28,combined,empathicschool
0,0.1969384,1.0,empathicschool_s28,combined,empathicschool
0,0.1969384,1.0,empathicschool_s28,combined,empathicschool
0,0.1969384,1.0,empathicschool_s28,combined,empathicschool
0,0.1969384,1.0,empathicschool_s28,combined,empathicschool
0,0.1969384,1.0,empathicschool_s28,combined,empathicschool
0,0.1969384,1.0,empathicschool_s28,combined,empathicschool
0,0.1969384,1.0,empathicschool_s28,combined,empathicschool
0,0.1969384,1.0,empathicschool_s28,combined,empathicschool
0,0.1969384,1.0,empathicschool_s28,combined,empathicschool
0,0.1969384,1.0,empathicschool_s28,combined,empathicschool
0,0.1969384,1.0,empathicschool_s28,combined,empathicschool
0,0.1969384,1.0,empathicschool_s28,combined,empathicschool
0,0.1969384,1.0,empathicschool_s28,combined,empathicschool
0,0.1969384,1.0,empathicschool_s28,combined,empathicschool
0,0.1969384,1.0,empathicschool_s28,combined,empathicschool
0,0.1969384,1.0,empathicschool_s28,combined,empathicschool
0,0.1969384,1.0,empathicschool_s28,combined,empathicschool
0,0.1969384,1.0,empathicschool_s28,combined,empathicschool
0,0.1969384,1.0,empathicschool_s28,combined,empathicschool
0,0.1969384,1.0,empathicschool_s28,combined,empathicschool
0,0.1969384,1.0,empathicschool_s28,combined,empathicschool
0,0.1969384,1.0,empathicschool_s28,combined,empathicschool
0,0.1969384,1.0,empathicschool_s28,combined,empathicschool
0,0.1969384,1.0,empathicschool_s28,combined,empathicschool
0,0.1969384,1.0,empathicschool_s28,combined,empathicschool
0,0.1969384,1.0,empathicschool_s28,combined,empathicschool
0,0.1969384,1.0,empathicschool_s28,combined,empathicschool
0,0.1969384,1.0,empathicschool_s28,combined,empathicschool
0,0.1969384,1.0,empathicschool_s28,combined,empathicschool
0,0.1969384,1.0,empathicschool_s28,combined,empathicschool
0,0.1969384,1.0,empathicschool_s28,combined,empathicschool
0,0.1969384,1.0,empathicschool_s28,combined,empathicschool
0,0.1969384,1.0,empathicschool_s28,combined,empathicschool
0,0.1969384,1.0,empathicschool_s28,combined,empathicschool
0,0.1969384,1.0,empathicschool_s28,combined,empathicschool
0,0.1969384,1.0,empathicschool_s28,combined,empathicschool
0,0.1969384,1.0,empathicschool_s28,combined,empathicschool
0,0.1969384,1.0,empathicschool_s28,combined,empathicschool
0,0.1969384,1.0,empathicschool_s28,combined,empathicschool
0,0.1969384,1.0,empathicschool_s28,combined,empathicschool
0,0.1969384,1.0,empathicschool_s28,combined,empathicschool
0,0.1969384,1.0,empathicschool_s28,combined,empathicschool
0,0.1969384,1.0,empathicschool_s28,combined,empathicschool
0,0.1969384,1.0,empathicschool_s28,combined,empathicschool
0,0.1969384,1.0,empathicschool_s28,combined,empathicschool
0,0.1969384,1.0,empathicschool_s28,combined,empathicschool
0,0.1969384,1.0,empathicschool_s28,combined,empathicschool
0,0.1969384,1.0,empathicschool_s28,combined,empathicschool
0,0.1969384,1.0,empathicschool_s28,combined,empathicschool
0,0.1969384,1.0,empathicschool_s28,combined,empathicschool
0,0.1969384,1.0,empathicschool_s28,combined,empathicschool
0,0.1969384,1.0,empathicschool_s28,combined,empathicschool
0,0.1969384,1.0,empathicschool_s28,combined,empathicschool
0,0.1969384,1.0,empathicschool_s28,combined,empathicschool
0,0.1969384,1.0,empathicschool_s28,combined,empathicschool
0,0.1969384,1.0,empathicschool_s28,combined,empathicschool
0,0.1969384,1.0,empathicschool_s28,combined,empathicschool
0,0.1969384,1.0,empathicschool_s28,combined,empathicschool
0,0.1969384,1.0,empathicschool_s28,combined,empathicschool
0,0.1969384,1.0,empathicschool_s28,combined,empathicschool
0,0.1969384,1.0,empathicschool_s28,combined,empathicschool
0,0.1969384,1.0,empathicschool_s28,combined,empathicschool
0,0.1969384,1.0,empathicschool_s28,combined,empathicschool
0,0.1969384,1.0,empathicschool_s28,combined,empathicschool
0,0.1969384,1.0,empathicschool_s28,combined,empathicschool
0,0.1969384,1.0,empathicschool_s28,combined,empathicschool
0,0.1969384,1.0,empathicschool_s28,combined,empathicschool
0,0.1969384,1.0,empathicschool_s28,combined,empathicschool
0,0.1969384,1.0,empathicschool_s28,combined,empathicschool
0,0.1969384,1.0,empathicschool_s28,combined,empathicschool
0,0.1969384,1.0,empathicschool_s28,combined,empathicschool
0,0.1969384,1.0,empathicschool_s28,combined,empathicschool
0,0.1969384,1.0,empathicschool_s28,combined,empathicschool
0,0.1969384,1.0,empathicschool_s28,combined,empathicschool
0,0.1969384,1.0,empathicschool_s28,combined,empathicschool
0,0.1969384,1.0,empathicschool_s28,combined,empathicschool
0,0.1969384,1.0,empathicschool_s28,combined,empathicschool
0,0.1969384,1.0,empathicschool_s28,combined,empathicschool
0,0.1969384,1.0,empathicschool_s28,combined,empathicschool
0,0.1969384,1.0,empathicschool_s28,combined,empathicschool
0,0.1969384,1.0,empathicschool_s28,combined,empathicschool
0,0.1969384,1.0,empathicschool_s28,combined,empathicschool
0,0.1969384,1.0,empathicschool_s28,combined,empathicschool
0,0.1969384,1.0,empathicschool_s28,combined,empathicschool
0,0.1969384,1.0,empathicschool_s28,combined,empathicschool
0,0.1969384,1.0,empathicschool_s28,combined,empathicschool
0,0.1969384,1.0,empathicschool_s28,combined,empathicschool
0,0.1969384,1.0,empathicschool_s28,combined,empathicschool
0,0.1969384,1.0,empathicschool_s28,combined,empathicschool
0,0.1969384,1.0,empathicschool_s28,combined,empathicschool
0,0.1969384,1.0,empathicschool_s28,combined,empathicschool
0,0.1969384,1.0,empathicschool_s28,combined,empathicschool
0,0.1969384,1.0,empathicschool_s28,combined,empathicschool
0,0.1969384,1.0,empathicschool_s28,combined,empathicschool
0,0.1969384,1.0,empathicschool_s28,combined,empathicschool
0,0.1969384,1.0,empathicschool_s28,combined,empathicschool
0,0.1969384,1.0,empathicschool_s28,combined,empathicschool
0,0.1969384,1.0,empathicschool_s28,combined,empathicschool
0,0.1969384,1.0,empathicschool_s28,combined,empathicschool
0,0.1969384,1.0,empathicschool_s28,combined,empathicschool
0,0.1969384,1.0,empathicschool_s28,combined,empathicschool
0,0.1969384,1.0,empathicschool_s28,combined,empathicschool
0,0.1969384,1.0,empathicschool_s28,combined,empathicschool
0,0.1969384,1.0,empathicschool_s28,combined,empathicschool
0,0.1969384,1.0,empathicschool_s28,combined,empathicschool
0,0.1969384,1.0,empathicschool_s28,combined,empathicschool
0,0.19693841,1.0,empathicschool_s28,combined,empathicschool
0,0.19693841,1.0,empathicschool_s28,combined,empathicschool
0,0.19693841,1.0,empathicschool_s28,combined,empathicschool
0,0.19693841,1.0,empathicschool_s28,combined,empathicschool
0,0.19693841,1.0,empathicschool_s28,combined,empathicschool
0,0.19693841,1.0,empathicschool_s28,combined,empathicschool
0,0.19693841,1.0,empathicschool_s28,combined,empathicschool
0,0.19693841,1.0,empathicschool_s28,combined,empathicschool
0,0.19693841,1.0,empathicschool_s28,combined,empathicschool
0,0.19693841,1.0,empathicschool_s28,combined,empathicschool
0,0.19693841,1.0,empathicschool_s28,combined,empathicschool
0,0.19693841,1.0,empathicschool_s28,combined,empathicschool
0,0.19693841,1.0,empathicschool_s28,combined,empathicschool
0,0.19693841,1.0,empathicschool_s28,combined,empathicschool
0,0.19693841,1.0,empathicschool_s28,combined,empathicschool
0,0.19693841,1.0,empathicschool_s28,combined,empathicschool
0,0.19693841,1.0,empathicschool_s28,combined,empathicschool
0,0.19693841,1.0,empathicschool_s28,combined,empathicschool
0,0.19693841,1.0,empathicschool_s28,combined,empathicschool
0,0.19693841,1.0,empathicschool_s28,combined,empathicschool
0,0.19693841,1.0,empathicschool_s28,combined,empathicschool
0,0.19693841,1.0,empathicschool_s28,combined,empathicschool
0,0.19693841,1.0,empathicschool_s28,combined,empathicschool
0,0.19693841,1.0,empathicschool_s28,combined,empathicschool
0,0.19693841,1.0,empathicschool_s28,combined,empathicschool
0,0.19693841,1.0,empathicschool_s28,combined,empathicschool
0,0.19693841,1.0,empathicschool_s28,combined,empathicschool
0,0.19693841,1.0,empathicschool_s28,combined,empathicschool
0,0.19693841,1.0,empathicschool_s28,combined,empathicschool
0,0.19693841,1.0,empathicschool_s28,combined,empathicschool
0,0.19693841,1.0,empathicschool_s28,combined,empathicschool
0,0.19693841,1.0,empathicschool_s28,combined,empathicschool
0,0.19693841,1.0,empathicschool_s28,combined,empathicschool
0,0.19693841,1.0,empathicschool_s28,combined,empathicschool
0,0.19693841,1.0,empathicschool_s28,combined,empathicschool
0,0.19693841,1.0,empathicschool_s28,combined,empathicschool
0,0.19693841,1.0,empathicschool_s28,combined,empathicschool
0,0.19693841,1.0,empathicschool_s28,combined,empathicschool
0,0.19693841,1.0,empathicschool_s28,combined,empathicschool
0,0.19693841,1.0,empathicschool_s28,combined,empathicschool
0,0.19693841,1.0,empathicschool_s28,combined,empathicschool
0,0.19693841,1.0,empathicschool_s28,combined,empathicschool
0,0.19693841,1.0,empathicschool_s28,combined,empathicschool
0,0.19693841,1.0,empathicschool_s28,combined,empathicschool
0,0.19693841,1.0,empathicschool_s28,combined,empathicschool
0,0.19693841,1.0,empathicschool_s28,combined,empathicschool
0,0.19693841,1.0,empathicschool_s28,combined,empathicschool
0,0.19693841,1.0,empathicschool_s28,combined,empathicschool
0,0.19693841,1.0,empathicschool_s28,combined,empathicschool
0,0.19693841,1.0,empathicschool_s28,combined,empathicschool
0,0.19693841,1.0,empathicschool_s28,combined,empathicschool
0,0.19693841,1.0,empathicschool_s28,combined,empathicschool
0,0.19693841,1.0,empathicschool_s28,combined,empathicschool
0,0.16363545,1.0,stressid_2ea4,combined,stressid
0,0.1742408,1.0,stressid_2ea4,combined,stressid
0,0.18980707,1.0,stressid_2ea4,combined,stressid
0,0.20988049,1.0,stressid_2ea4,combined,stressid
0,0.2412325,1.0,stressid_2ea4,combined,stressid
0,0.28421354,1.0,stressid_2ea4,combined,stressid
0,0.35769978,1.0,stressid_2ea4,combined,stressid
0,0.40854248,1.0,stressid_2ea4,combined,stressid
0,0.4082735,1.0,stressid_2ea4,combined,stressid
0,0.3583394,1.0,stressid_2ea4,combined,stressid
0,0.22642054,1.0,stressid_2ea4,combined,stressid
0,0.16119964,1.0,stressid_2ea4,combined,stressid
0,0.17890894,1.0,stressid_2ea4,combined,stressid
0,0.17742176,1.0,stressid_2ea4,combined,stressid
0,0.25366002,1.0,stressid_2ea4,combined,stressid
0,0.206662,1.0,stressid_2ea4,combined,stressid
0,0.16176908,1.0,stressid_2ea4,combined,stressid
0,0.16481207,1.0,stressid_2ea4,combined,stressid
0,0.16944899,1.0,stressid_2ea4,combined,stressid
0,0.17831609,1.0,stressid_2ea4,combined,stressid
0,0.16908984,1.0,stressid_2ea4,combined,stressid
0,0.16476575,1.0,stressid_2ea4,combined,stressid
0,0.17542338,1.0,stressid_2ea4,combined,stressid
0,0.23465435,1.0,stressid_2ea4,combined,stressid
0,0.19069064,1.0,stressid_2ea4,combined,stressid
0,0.23694643,1.0,stressid_2ea4,combined,stressid
0,0.29069427,1.0,stressid_2ea4,combined,stressid
0,0.2768482,1.0,stressid_2ea4,combined,stressid
0,0.21490535,1.0,stressid_2ea4,combined,stressid
0,0.087915294,1.0,stressid_2ea4,combined,stressid
0,0.08853848,1.0,stressid_2ea4,combined,stressid
0,0.0885921,1.0,stressid_2ea4,combined,stressid
0,0.08818753,1.0,stressid_2ea4,combined,stressid
0,0.08936725,1.0,stressid_2ea4,combined,stressid
0,0.30972624,1.0,stressid_2ea4,combined,stressid
0,0.08968009,1.0,stressid_2ea4,combined,stressid
0,0.08799239,1.0,stressid_2ea4,combined,stressid
0,0.088591896,1.0,stressid_2ea4,combined,stressid
0,0.08928067,1.0,stressid_2ea4,combined,stressid
0,0.08768225,1.0,stressid_2ea4,combined,stressid
0,0.08747333,1.0,stressid_2ea4,combined,stressid
0,0.08895993,1.0,stressid_2ea4,combined,stressid
0,0.0883965,1.0,stressid_2ea4,combined,stressid
0,0.08702259,1.0,stressid_2ea4,combined,stressid
0,0.08724517,1.0,stressid_2ea4,combined,stressid
0,0.30967036,1.0,stressid_2ea4,combined,stressid
0,0.08789188,1.0,stressid_2ea4,combined,stressid
0,0.08763266,1.0,stressid_2ea4,combined,stressid
0,0.08710245,1.0,stressid_2ea4,combined,stressid
0,0.08701722,1.0,stressid_2ea4,combined,stressid
0,0.08696528,1.0,stressid_2ea4,combined,stressid
0,0.087236874,1.0,stressid_2ea4,combined,stressid
0,0.088139035,1.0,stressid_2ea4,combined,stressid
0,0.087270096,1.0,stressid_2ea4,combined,stressid
0,0.08668587,1.0,stressid_2ea4,combined,stressid
0,0.27189574,1.0,stressid_2ea4,combined,stressid
0,0.20826583,1.0,stressid_2ea4,combined,stressid
0,0.18205053,1.0,stressid_2ea4,combined,stressid
0,0.17904708,1.0,stressid_2ea4,combined,stressid
1,0.8677487,1.0,stressid_2ea4,combined,stressid
1,0.79968727,1.0,stressid_2ea4,combined,stressid
1,0.9342544,1.0,stressid_2ea4,combined,stressid
1,0.8340728,1.0,stressid_2ea4,combined,stressid
1,0.8521486,1.0,stressid_2ea4,combined,stressid
1,0.85660654,1.0,stressid_2ea4,combined,stressid
1,0.8451248,1.0,stressid_2ea4,combined,stressid
1,0.8426105,1.0,stressid_2ea4,combined,stressid
1,0.85896397,1.0,stressid_2ea4,combined,stressid
1,0.8600918,1.0,stressid_2ea4,combined,stressid
1,0.8651251,1.0,stressid_2ea4,combined,stressid
1,0.79112756,1.0,stressid_2ea4,combined,stressid
1,0.8657116,1.0,stressid_2ea4,combined,stressid
1,0.78094405,1.0,stressid_2ea4,combined,stressid
1,0.86248267,1.0,stressid_2ea4,combined,stressid
1,0.8687471,1.0,stressid_2ea4,combined,stressid
1,0.8197616,1.0,stressid_2ea4,combined,stressid
1,0.85863316,1.0,stressid_2ea4,combined,stressid
1,0.91143745,1.0,stressid_2ea4,combined,stressid
1,0.83289665,1.0,stressid_2ea4,combined,stressid
1,0.87481236,1.0,stressid_2ea4,combined,stressid
1,0.9176359,1.0,stressid_2ea4,combined,stressid
1,0.83513725,1.0,stressid_2ea4,combined,stressid
1,0.84911,1.0,stressid_2ea4,combined,stressid
1,0.8389547,1.0,stressid_2ea4,combined,stressid
1,0.8353977,1.0,stressid_2ea4,combined,stressid
1,0.8272735,1.0,stressid_2ea4,combined,stressid
1,0.812133,1.0,stressid_2ea4,combined,stressid
1,0.8315353,1.0,stressid_2ea4,combined,stressid
1,0.86245185,1.0,stressid_2ea4,combined,stressid
1,0.770449,1.0,stressid_2ea4,combined,stressid
1,0.6388859,1.0,stressid_2ea4,combined,stressid
1,0.7996995,1.0,stressid_2ea4,combined,stressid
1,0.9205948,1.0,stressid_2ea4,combined,stressid
1,0.9204592,1.0,stressid_2ea4,combined,stressid
1,0.91608244,1.0,stressid_2ea4,combined,stressid
1,0.9228478,1.0,stressid_2ea4,combined,stressid
1,0.92928815,1.0,stressid_2ea4,combined,stressid
1,0.90464205,1.0,stressid_2ea4,combined,stressid
1,0.8999656,1.0,stressid_2ea4,combined,stressid
1,0.89082,1.0,stressid_2ea4,combined,stressid
1,0.79291147,1.0,stressid_2ea4,combined,stressid
1,0.7959993,1.0,stressid_2ea4,combined,stressid
1,0.81908655,1.0,stressid_2ea4,combined,stressid
1,0.8177284,1.0,stressid_2ea4,combined,stressid
1,0.8157901,1.0,stressid_2ea4,combined,stressid
1,0.81631523,1.0,stressid_2ea4,combined,stressid
1,0.8212639,1.0,stressid_2ea4,combined,stressid
1,0.84592164,1.0,stressid_2ea4,combined,stressid
1,0.888208,1.0,stressid_2ea4,combined,stressid
1,0.72971946,1.0,stressid_2ea4,combined,stressid
1,0.66607666,1.0,stressid_2ea4,combined,stressid
1,0.7363461,1.0,stressid_2ea4,combined,stressid
1,0.88901097,1.0,stressid_2ea4,combined,stressid
1,0.88090813,1.0,stressid_2ea4,combined,stressid
1,0.68903047,1.0,stressid_2ea4,combined,stressid
1,0.81069106,1.0,stressid_2ea4,combined,stressid
1,0.6793793,1.0,stressid_2ea4,combined,stressid
1,0.771642,1.0,stressid_2ea4,combined,stressid
1,0.936893,1.0,stressid_2ea4,combined,stressid
1,0.8254956,1.0,stressid_2ea4,combined,stressid
1,0.83890927,1.0,stressid_2ea4,combined,stressid
1,0.8207844,1.0,stressid_2ea4,combined,stressid
1,0.8049572,1.0,stressid_2ea4,combined,stressid
1,0.8042475,1.0,stressid_2ea4,combined,stressid
1,0.80648035,1.0,stressid_2ea4,combined,stressid
1,0.7884025,1.0,stressid_2ea4,combined,stressid
1,0.81068355,1.0,stressid_2ea4,combined,stressid
1,0.87900937,1.0,stressid_2ea4,combined,stressid
1,0.8399371,1.0,stressid_2ea4,combined,stressid
1,0.8512954,1.0,stressid_2ea4,combined,stressid
1,0.8782799,1.0,stressid_2ea4,combined,stressid
1,0.898126,1.0,stressid_2ea4,combined,stressid
1,0.89487666,1.0,stressid_2ea4,combined,stressid
1,0.89867294,1.0,stressid_2ea4,combined,stressid
1,0.9244011,1.0,stressid_2ea4,combined,stressid
0,0.83909106,1.0,stressid_2ea4,combined,stressid
0,0.8082141,1.0,stressid_2ea4,combined,stressid
0,0.868324,1.0,stressid_2ea4,combined,stressid
0,0.7964222,1.0,stressid_2ea4,combined,stressid
0,0.7806426,1.0,stressid_2ea4,combined,stressid
0,0.7873439,1.0,stressid_2ea4,combined,stressid
0,0.78976303,1.0,stressid_2ea4,combined,stressid
0,0.8029753,1.0,stressid_2ea4,combined,stressid
0,0.8152198,1.0,stressid_2ea4,combined,stressid
0,0.83184576,1.0,stressid_2ea4,combined,stressid
0,0.8614309,1.0,stressid_2ea4,combined,stressid
0,0.9249565,1.0,stressid_2ea4,combined,stressid
0,0.89615005,1.0,stressid_2ea4,combined,stressid
0,0.8301221,1.0,stressid_2ea4,combined,stressid
0,0.839969,1.0,stressid_2ea4,combined,stressid
0,0.865036,1.0,stressid_2ea4,combined,stressid
0,0.88455504,1.0,stressid_2ea4,combined,stressid
0,0.916174,1.0,stressid_2ea4,combined,stressid
0,0.90199816,1.0,stressid_2ea4,combined,stressid
0,0.31020412,1.0,stressid_2ea4,combined,stressid
0,0.25824374,1.0,stressid_2ea4,combined,stressid
0,0.23393357,1.0,stressid_2ea4,combined,stressid
0,0.25953484,1.0,stressid_2ea4,combined,stressid
0,0.2197639,1.0,stressid_2ea4,combined,stressid
0,0.1839673,1.0,stressid_2ea4,combined,stressid
0,0.1835995,1.0,stressid_2ea4,combined,stressid
0,0.18620291,1.0,stressid_2ea4,combined,stressid
0,0.18684316,1.0,stressid_2ea4,combined,stressid
0,0.18452686,1.0,stressid_2ea4,combined,stressid
0,0.18504387,1.0,stressid_2ea4,combined,stressid
0,0.18472269,1.0,stressid_2ea4,combined,stressid
0,0.18757176,1.0,stressid_2ea4,combined,stressid
0,0.18895616,1.0,stressid_2ea4,combined,stressid
0,0.18721227,1.0,stressid_2ea4,combined,stressid
0,0.18674295,1.0,stressid_2ea4,combined,stressid
0,0.18880388,1.0,stressid_2ea4,combined,stressid
0,0.18405981,1.0,stressid_2ea4,combined,stressid
0,0.18221629,1.0,stressid_2ea4,combined,stressid
0,0.19112875,1.0,stressid_2ea4,combined,stressid
0,0.19911811,1.0,stressid_2ea4,combined,stressid
0,0.21104252,1.0,stressid_2ea4,combined,stressid
0,0.0884301,1.0,stressid_2ea4,combined,stressid
0,0.2692296,1.0,stressid_2ea4,combined,stressid
0,0.08831701,1.0,stressid_2ea4,combined,stressid
0,0.08858425,1.0,stressid_2ea4,combined,stressid
0,0.08867198,1.0,stressid_2ea4,combined,stressid
0,0.08846057,1.0,stressid_2ea4,combined,stressid
0,0.08821684,1.0,stressid_2ea4,combined,stressid
0,0.088188566,1.0,stressid_2ea4,combined,stressid
0,0.08858394,1.0,stressid_2ea4,combined,stressid
0,0.08886375,1.0,stressid_2ea4,combined,stressid
0,0.08859241,1.0,stressid_2ea4,combined,stressid
0,0.088270865,1.0,stressid_2ea4,combined,stressid
0,0.35618722,1.0,stressid_2ea4,combined,stressid
0,0.088151954,1.0,stressid_2ea4,combined,stressid
0,0.08818115,1.0,stressid_2ea4,combined,stressid
0,0.08845521,1.0,stressid_2ea4,combined,stressid
0,0.088419534,1.0,stressid_2ea4,combined,stressid
0,0.08855836,1.0,stressid_2ea4,combined,stressid
0,0.08877791,1.0,stressid_2ea4,combined,stressid
0,0.08889293,1.0,stressid_2ea4,combined,stressid
0,0.088911146,1.0,stressid_2ea4,combined,stressid
0,0.088806145,1.0,stressid_2ea4,combined,stressid
0,0.31764567,1.0,stressid_2ea4,combined,stressid
0,0.23589171,1.0,stressid_2ea4,combined,stressid
0,0.26989836,1.0,stressid_2ea4,combined,stressid
0,0.2912058,1.0,stressid_2ea4,combined,stressid
0,0.22554535,1.0,stressid_2ea4,combined,stressid
1,0.758371,1.0,stressid_2ea4,combined,stressid
1,0.8053383,1.0,stressid_2ea4,combined,stressid
1,0.77166903,1.0,stressid_2ea4,combined,stressid
1,0.8457259,1.0,stressid_2ea4,combined,stressid
1,0.8592307,1.0,stressid_2ea4,combined,stressid
1,0.85898745,1.0,stressid_2ea4,combined,stressid
1,0.8661657,1.0,stressid_2ea4,combined,stressid
1,0.8483387,1.0,stressid_2ea4,combined,stressid
1,0.8538238,1.0,stressid_2ea4,combined,stressid
1,0.86960524,1.0,stressid_2ea4,combined,stressid
1,0.8423228,1.0,stressid_2ea4,combined,stressid
1,0.90139383,1.0,stressid_2ea4,combined,stressid
1,0.9181797,1.0,stressid_2ea4,combined,stressid
1,0.9042579,1.0,stressid_2ea4,combined,stressid
1,0.87421364,1.0,stressid_2ea4,combined,stressid
1,0.8831495,1.0,stressid_2ea4,combined,stressid
1,0.8888483,1.0,stressid_2ea4,combined,stressid
1,0.869445,1.0,stressid_2ea4,combined,stressid
1,0.8947612,1.0,stressid_2ea4,combined,stressid
0,0.87763965,1.0,stressid_2ea4,combined,stressid
0,0.7767722,1.0,stressid_2ea4,combined,stressid
0,0.8643123,1.0,stressid_2ea4,combined,stressid
0,0.8617042,1.0,stressid_2ea4,combined,stressid
0,0.85691446,1.0,stressid_2ea4,combined,stressid
0,0.86020666,1.0,stressid_2ea4,combined,stressid
0,0.86239755,1.0,stressid_2ea4,combined,stressid
0,0.8643738,1.0,stressid_2ea4,combined,stressid
0,0.8483991,1.0,stressid_2ea4,combined,stressid
0,0.8294264,1.0,stressid_2ea4,combined,stressid
0,0.8249108,1.0,stressid_2ea4,combined,stressid
0,0.7962922,1.0,stressid_2ea4,combined,stressid
0,0.70812976,1.0,stressid_2ea4,combined,stressid
0,0.6937717,1.0,stressid_2ea4,combined,stressid
0,0.7763655,1.0,stressid_2ea4,combined,stressid
0,0.78480667,1.0,stressid_2ea4,combined,stressid
0,0.684356,1.0,stressid_2ea4,combined,stressid
0,0.7139027,1.0,stressid_2ea4,combined,stressid
0,0.8417016,1.0,stressid_2ea4,combined,stressid
0,0.18512313,1.0,stressid_2ea4,combined,stressid
0,0.17750521,1.0,stressid_2ea4,combined,stressid
0,0.18731545,1.0,stressid_2ea4,combined,stressid
0,0.18358876,1.0,stressid_2ea4,combined,stressid
0,0.1721897,1.0,stressid_2ea4,combined,stressid
0,0.17503934,1.0,stressid_2ea4,combined,stressid
0,0.17505173,1.0,stressid_2ea4,combined,stressid
0,0.17453471,1.0,stressid_2ea4,combined,stressid
0,0.18334253,1.0,stressid_2ea4,combined,stressid
0,0.1843192,1.0,stressid_2ea4,combined,stressid
0,0.18043232,1.0,stressid_2ea4,combined,stressid
0,0.18380348,1.0,stressid_2ea4,combined,stressid
0,0.17277046,1.0,stressid_2ea4,combined,stressid
0,0.18080632,1.0,stressid_2ea4,combined,stressid
0,0.18341975,1.0,stressid_2ea4,combined,stressid
0,0.19000624,1.0,stressid_2ea4,combined,stressid
0,0.19396107,1.0,stressid_2ea4,combined,stressid
0,0.19272208,1.0,stressid_2ea4,combined,stressid
0,0.19656211,1.0,stressid_2ea4,combined,stressid
0,0.20109327,1.0,stressid_2ea4,combined,stressid
0,0.1898554,1.0,stressid_2ea4,combined,stressid
0,0.19070663,1.0,stressid_2ea4,combined,stressid
0,0.2004196,1.0,stressid_2ea4,combined,stressid
0,0.17108008,1.0,stressid_2ea4,combined,stressid
0,0.19199166,1.0,stressid_2ea4,combined,stressid
0,0.18937767,1.0,stressid_2ea4,combined,stressid
0,0.20550692,1.0,stressid_2ea4,combined,stressid
0,0.08908856,1.0,stressid_2ea4,combined,stressid
0,0.088749,1.0,stressid_2ea4,combined,stressid
0,0.088412106,1.0,stressid_2ea4,combined,stressid
0,0.088395014,1.0,stressid_2ea4,combined,stressid
0,0.08833028,1.0,stressid_2ea4,combined,stressid
0,0.08822327,1.0,stressid_2ea4,combined,stressid
0,0.08857873,1.0,stressid_2ea4,combined,stressid
0,0.17124689,1.0,stressid_2ea4,combined,stressid
0,0.08917121,1.0,stressid_2ea4,combined,stressid
0,0.08974033,1.0,stressid_2ea4,combined,stressid
0,0.08974484,1.0,stressid_2ea4,combined,stressid
0,0.0893309,1.0,stressid_2ea4,combined,stressid
0,0.089096464,1.0,stressid_2ea4,combined,stressid
0,0.08926001,1.0,stressid_2ea4,combined,stressid
0,0.08904673,1.0,stressid_2ea4,combined,stressid
0,0.088672325,1.0,stressid_2ea4,combined,stressid
0,0.08894824,1.0,stressid_2ea4,combined,stressid
0,0.08892999,1.0,stressid_2ea4,combined,stressid
0,0.17320676,1.0,stressid_2ea4,combined,stressid
0,0.088804044,1.0,stressid_2ea4,combined,stressid
0,0.088846646,1.0,stressid_2ea4,combined,stressid
0,0.08897588,1.0,stressid_2ea4,combined,stressid
0,0.0892703,1.0,stressid_2ea4,combined,stressid
0,0.08907294,1.0,stressid_2ea4,combined,stressid
0,0.08906162,1.0,stressid_2ea4,combined,stressid
0,0.08959215,1.0,stressid_2ea4,combined,stressid
0,0.17579281,1.0,stressid_2ea4,combined,stressid
0,0.17707302,1.0,stressid_2ea4,combined,stressid
0,0.18213685,1.0,stressid_2ea4,combined,stressid
0,0.1779722,1.0,stressid_2ea4,combined,stressid
0,0.20405222,1.0,stressid_2ea4,combined,stressid
0,0.19135608,1.0,stressid_2ea4,combined,stressid
0,0.17220832,1.0,stressid_2ea4,combined,stressid
0,0.17584847,1.0,stressid_2ea4,combined,stressid
0,0.17514382,1.0,stressid_2ea4,combined,stressid
0,0.17646757,1.0,stressid_2ea4,combined,stressid
0,0.17045988,1.0,stressid_2ea4,combined,stressid
0,0.17186403,1.0,stressid_2ea4,combined,stressid
0,0.17514317,1.0,stressid_2ea4,combined,stressid
0,0.17612423,1.0,stressid_2ea4,combined,stressid
0,0.17164965,1.0,stressid_2ea4,combined,stressid
0,0.1706129,1.0,stressid_2ea4,combined,stressid
0,0.16745608,1.0,stressid_2ea4,combined,stressid
0,0.16666776,1.0,stressid_2ea4,combined,stressid
0,0.17106634,1.0,stressid_2ea4,combined,stressid
0,0.08863673,1.0,stressid_2ea4,combined,stressid
0,0.08880274,1.0,stressid_2ea4,combined,stressid
0,0.088648915,1.0,stressid_2ea4,combined,stressid
0,0.0884451,1.0,stressid_2ea4,combined,stressid
0,0.088690944,1.0,stressid_2ea4,combined,stressid
0,0.08894527,1.0,stressid_2ea4,combined,stressid
0,0.089084685,1.0,stressid_2ea4,combined,stressid
0,0.089192815,1.0,stressid_2ea4,combined,stressid
0,0.17163028,1.0,stressid_2ea4,combined,stressid
0,0.08906387,1.0,stressid_2ea4,combined,stressid
0,0.08888364,1.0,stressid_2ea4,combined,stressid
0,0.08900622,1.0,stressid_2ea4,combined,stressid
0,0.08912447,1.0,stressid_2ea4,combined,stressid
0,0.08924773,1.0,stressid_2ea4,combined,stressid
0,0.09937482,1.0,stressid_2ea4,combined,stressid
0,0.09954509,1.0,stressid_2ea4,combined,stressid
0,0.089567766,1.0,stressid_2ea4,combined,stressid
0,0.17132436,1.0,stressid_2ea4,combined,stressid
0,0.16784123,1.0,stressid_2ea4,combined,stressid
0,0.16889222,1.0,stressid_2ea4,combined,stressid
0,0.17286575,1.0,stressid_2ea4,combined,stressid
0,0.1729706,1.0,stressid_2ea4,combined,stressid
0,0.17200732,1.0,stressid_2ea4,combined,stressid
0,0.49523374,1.0,stressid_5f7t,combined,stressid
0,0.46050668,1.0,stressid_5f7t,combined,stressid
0,0.3211891,1.0,stressid_5f7t,combined,stressid
0,0.31308028,1.0,stressid_5f7t,combined,stressid
0,0.30564564,1.0,stressid_5f7t,combined,stressid
0,0.29434165,1.0,stressid_5f7t,combined,stressid
0,0.29240206,1.0,stressid_5f7t,combined,stressid
0,0.300974,1.0,stressid_5f7t,combined,stressid
0,0.2915716,1.0,stressid_5f7t,combined,stressid
0,0.29475465,1.0,stressid_5f7t,combined,stressid
0,0.2992379,1.0,stressid_5f7t,combined,stressid
0,0.292591,1.0,stressid_5f7t,combined,stressid
0,0.41908965,1.0,stressid_5f7t,combined,stressid
0,0.29069498,1.0,stressid_5f7t,combined,stressid
0,0.3293323,1.0,stressid_5f7t,combined,stressid
0,0.3899843,1.0,stressid_5f7t,combined,stressid
0,0.3519833,1.0,stressid_5f7t,combined,stressid
0,0.32373363,1.0,stressid_5f7t,combined,stressid
0,0.32726276,1.0,stressid_5f7t,combined,stressid
0,0.3188216,1.0,stressid_5f7t,combined,stressid
0,0.30740815,1.0,stressid_5f7t,combined,stressid
0,0.31729764,1.0,stressid_5f7t,combined,stressid
0,0.32784984,1.0,stressid_5f7t,combined,stressid
0,0.3668753,1.0,stressid_5f7t,combined,stressid
0,0.34987587,1.0,stressid_5f7t,combined,stressid
0,0.3529874,1.0,stressid_5f7t,combined,stressid
0,0.34077528,1.0,stressid_5f7t,combined,stressid
0,0.33382988,1.0,stressid_5f7t,combined,stressid
0,0.33528972,1.0,stressid_5f7t,combined,stressid
0,0.235649,1.0,stressid_5f7t,combined,stressid
0,0.2252362,1.0,stressid_5f7t,combined,stressid
0,0.20684925,1.0,stressid_5f7t,combined,stressid
0,0.1991862,1.0,stressid_5f7t,combined,stressid
0,0.1985024,1.0,stressid_5f7t,combined,stressid
0,0.3397799,1.0,stressid_5f7t,combined,stressid
0,0.19582959,1.0,stressid_5f7t,combined,stressid
0,0.19568276,1.0,stressid_5f7t,combined,stressid
0,0.19561741,1.0,stressid_5f7t,combined,stressid
0,0.19509874,1.0,stressid_5f7t,combined,stressid
0,0.19536704,1.0,stressid_5f7t,combined,stressid
0,0.19561505,1.0,stressid_5f7t,combined,stressid
0,0.19552693,1.0,stressid_5f7t,combined,stressid
0,0.1954479,1.0,stressid_5f7t,combined,stressid
0,0.19538048,1.0,stressid_5f7t,combined,stressid
0,0.19505064,1.0,stressid_5f7t,combined,stressid
0,0.3399045,1.0,stressid_5f7t,combined,stressid
0,0.1945703,1.0,stressid_5f7t,combined,stressid
0,0.19460511,1.0,stressid_5f7t,combined,stressid
0,0.19481659,1.0,stressid_5f7t,combined,stressid
0,0.19507286,1.0,stressid_5f7t,combined,stressid
0,0.19488339,1.0,stressid_5f7t,combined,stressid
0,0.194619,1.0,stressid_5f7t,combined,stressid
0,0.19477686,1.0,stressid_5f7t,combined,stressid
0,0.19483747,1.0,stressid_5f7t,combined,stressid
0,0.19474378,1.0,stressid_5f7t,combined,stressid
0,0.32123414,1.0,stressid_5f7t,combined,stressid
0,0.30007514,1.0,stressid_5f7t,combined,stressid
0,0.3098729,1.0,stressid_5f7t,combined,stressid
0,0.3219909,1.0,stressid_5f7t,combined,stressid
0,0.9126009,1.0,stressid_5f7t,combined,stressid
0,0.8996751,1.0,stressid_5f7t,combined,stressid
0,0.8554367,1.0,stressid_5f7t,combined,stressid
0,0.5932041,1.0,stressid_5f7t,combined,stressid
0,0.5991048,1.0,stressid_5f7t,combined,stressid
0,0.59537715,1.0,stressid_5f7t,combined,stressid
0,0.59751636,1.0,stressid_5f7t,combined,stressid
0,0.6013092,1.0,stressid_5f7t,combined,stressid
0,0.60075194,1.0,stressid_5f7t,combined,stressid
0,0.60334766,1.0,stressid_5f7t,combined,stressid
0,0.5977255,1.0,stressid_5f7t,combined,stressid
0,0.9067197,1.0,stressid_5f7t,combined,stressid
0,0.8958568,1.0,stressid_5f7t,combined,stressid
0,0.8838082,1.0,stressid_5f7t,combined,stressid
0,0.8765709,1.0,stressid_5f7t,combined,stressid
0,0.8740945,1.0,stressid_5f7t,combined,stressid
0,0.8770192,1.0,stressid_5f7t,combined,stressid
0,0.8777174,1.0,stressid_5f7t,combined,stressid
0,0.85698414,1.0,stressid_5f7t,combined,stressid
1,0.91473264,1.0,stressid_5f7t,combined,stressid
1,0.9042112,1.0,stressid_5f7t,combined,stressid
1,0.8219577,1.0,stressid_5f7t,combined,stressid
1,0.60456157,1.0,stressid_5f7t,combined,stressid
1,0.5954166,1.0,stressid_5f7t,combined,stressid
1,0.60121787,1.0,stressid_5f7t,combined,stressid
1,0.60947937,1.0,stressid_5f7t,combined,stressid
1,0.5980157,1.0,stressid_5f7t,combined,stressid
1,0.5972795,1.0,stressid_5f7t,combined,stressid
1,0.60455114,1.0,stressid_5f7t,combined,stressid
1,0.60417145,1.0,stressid_5f7t,combined,stressid
1,0.8811923,1.0,stressid_5f7t,combined,stressid
1,0.8802873,1.0,stressid_5f7t,combined,stressid
1,0.8527393,1.0,stressid_5f7t,combined,stressid
1,0.8415261,1.0,stressid_5f7t,combined,stressid
1,0.8465074,1.0,stressid_5f7t,combined,stressid
1,0.8504651,1.0,stressid_5f7t,combined,stressid
1,0.84882843,1.0,stressid_5f7t,combined,stressid
1,0.8324212,1.0,stressid_5f7t,combined,stressid
0,0.88822573,1.0,stressid_5f7t,combined,stressid
0,0.89540946,1.0,stressid_5f7t,combined,stressid
0,0.8558548,1.0,stressid_5f7t,combined,stressid
0,0.6081178,1.0,stressid_5f7t,combined,stressid
0,0.6110702,1.0,stressid_5f7t,combined,stressid
0,0.6068213,1.0,stressid_5f7t,combined,stressid
0,0.6029375,1.0,stressid_5f7t,combined,stressid
0,0.60423005,1.0,stressid_5f7t,combined,stressid
0,0.60604465,1.0,stressid_5f7t,combined,stressid
0,0.5937939,1.0,stressid_5f7t,combined,stressid
0,0.5876367,1.0,stressid_5f7t,combined,stressid
0,0.8787817,1.0,stressid_5f7t,combined,stressid
0,0.87082416,1.0,stressid_5f7t,combined,stressid
0,0.8565182,1.0,stressid_5f7t,combined,stressid
0,0.83605665,1.0,stressid_5f7t,combined,stressid
0,0.8440087,1.0,stressid_5f7t,combined,stressid
0,0.8560449,1.0,stressid_5f7t,combined,stressid
0,0.8559654,1.0,stressid_5f7t,combined,stressid
0,0.8435949,1.0,stressid_5f7t,combined,stressid
1,0.91410387,1.0,stressid_5f7t,combined,stressid
1,0.8917402,1.0,stressid_5f7t,combined,stressid
1,0.8227338,1.0,stressid_5f7t,combined,stressid
1,0.58879846,1.0,stressid_5f7t,combined,stressid
1,0.59286815,1.0,stressid_5f7t,combined,stressid
1,0.5930158,1.0,stressid_5f7t,combined,stressid
1,0.5832287,1.0,stressid_5f7t,combined,stressid
1,0.5845267,1.0,stressid_5f7t,combined,stressid
1,0.5792895,1.0,stressid_5f7t,combined,stressid
1,0.572022,1.0,stressid_5f7t,combined,stressid
1,0.57943434,1.0,stressid_5f7t,combined,stressid
1,0.89374,1.0,stressid_5f7t,combined,stressid
1,0.8885718,1.0,stressid_5f7t,combined,stressid
1,0.87502843,1.0,stressid_5f7t,combined,stressid
1,0.8702772,1.0,stressid_5f7t,combined,stressid
1,0.8596899,1.0,stressid_5f7t,combined,stressid
1,0.8586995,1.0,stressid_5f7t,combined,stressid
1,0.8360742,1.0,stressid_5f7t,combined,stressid
1,0.8355221,1.0,stressid_5f7t,combined,stressid
0,0.87203246,1.0,stressid_5f7t,combined,stressid
0,0.87768686,1.0,stressid_5f7t,combined,stressid
0,0.8299563,1.0,stressid_5f7t,combined,stressid
0,0.60515714,1.0,stressid_5f7t,combined,stressid
0,0.6091034,1.0,stressid_5f7t,combined,stressid
0,0.6004068,1.0,stressid_5f7t,combined,stressid
0,0.587704,1.0,stressid_5f7t,combined,stressid
0,0.5903081,1.0,stressid_5f7t,combined,stressid
0,0.5947494,1.0,stressid_5f7t,combined,stressid
0,0.5958056,1.0,stressid_5f7t,combined,stressid
0,0.583291,1.0,stressid_5f7t,combined,stressid
0,0.8780318,1.0,stressid_5f7t,combined,stressid
0,0.87887913,1.0,stressid_5f7t,combined,stressid
0,0.87121576,1.0,stressid_5f7t,combined,stressid
0,0.8581107,1.0,stressid_5f7t,combined,stressid
0,0.8563055,1.0,stressid_5f7t,combined,stressid
0,0.8534968,1.0,stressid_5f7t,combined,stressid
0,0.85942686,1.0,stressid_5f7t,combined,stressid
0,0.8501193,1.0,stressid_5f7t,combined,stressid
0,0.37724054,1.0,stressid_5f7t,combined,stressid
0,0.37446237,1.0,stressid_5f7t,combined,stressid
0,0.3034556,1.0,stressid_5f7t,combined,stressid
0,0.31355095,1.0,stressid_5f7t,combined,stressid
0,0.324245,1.0,stressid_5f7t,combined,stressid
0,0.32601717,1.0,stressid_5f7t,combined,stressid
0,0.32581353,1.0,stressid_5f7t,combined,stressid
0,0.36276767,1.0,stressid_5f7t,combined,stressid
0,0.3474618,1.0,stressid_5f7t,combined,stressid
0,0.29695237,1.0,stressid_5f7t,combined,stressid
0,0.29810005,1.0,stressid_5f7t,combined,stressid
0,0.32238573,1.0,stressid_5f7t,combined,stressid
0,0.40011773,1.0,stressid_5f7t,combined,stressid
0,0.34094968,1.0,stressid_5f7t,combined,stressid
0,0.3355678,1.0,stressid_5f7t,combined,stressid
0,0.31806487,1.0,stressid_5f7t,combined,stressid
0,0.29975864,1.0,stressid_5f7t,combined,stressid
0,0.29437992,1.0,stressid_5f7t,combined,stressid
0,0.30753958,1.0,stressid_5f7t,combined,stressid
0,0.32827866,1.0,stressid_5f7t,combined,stressid
0,0.3318097,1.0,stressid_5f7t,combined,stressid
0,0.31003344,1.0,stressid_5f7t,combined,stressid
0,0.19300039,1.0,stressid_5f7t,combined,stressid
0,0.4153268,1.0,stressid_5f7t,combined,stressid
0,0.19326654,1.0,stressid_5f7t,combined,stressid
0,0.19341333,1.0,stressid_5f7t,combined,stressid
0,0.19312246,1.0,stressid_5f7t,combined,stressid
0,0.19304472,1.0,stressid_5f7t,combined,stressid
0,0.19296567,1.0,stressid_5f7t,combined,stressid
0,0.19339126,1.0,stressid_5f7t,combined,stressid
0,0.19391102,1.0,stressid_5f7t,combined,stressid
0,0.19424458,1.0,stressid_5f7t,combined,stressid
0,0.19486187,1.0,stressid_5f7t,combined,stressid
0,0.19486913,1.0,stressid_5f7t,combined,stressid
0,0.37577632,1.0,stressid_5f7t,combined,stressid
0,0.19419031,1.0,stressid_5f7t,combined,stressid
0,0.19400628,1.0,stressid_5f7t,combined,stressid
0,0.19385505,1.0,stressid_5f7t,combined,stressid
0,0.19368899,1.0,stressid_5f7t,combined,stressid
0,0.19399418,1.0,stressid_5f7t,combined,stressid
0,0.19463897,1.0,stressid_5f7t,combined,stressid
0,0.19443496,1.0,stressid_5f7t,combined,stressid
0,0.19413395,1.0,stressid_5f7t,combined,stressid
0,0.19476411,1.0,stressid_5f7t,combined,stressid
0,0.34959105,1.0,stressid_5f7t,combined,stressid
0,0.31861478,1.0,stressid_5f7t,combined,stressid
0,0.3144894,1.0,stressid_5f7t,combined,stressid
0,0.31662175,1.0,stressid_5f7t,combined,stressid
0,0.30971506,1.0,stressid_5f7t,combined,stressid
0,0.8647707,1.0,stressid_5f7t,combined,stressid
0,0.88552296,1.0,stressid_5f7t,combined,stressid
0,0.82143223,1.0,stressid_5f7t,combined,stressid
0,0.59009904,1.0,stressid_5f7t,combined,stressid
0,0.584516,1.0,stressid_5f7t,combined,stressid
0,0.58535933,1.0,stressid_5f7t,combined,stressid
0,0.59434617,1.0,stressid_5f7t,combined,stressid
0,0.594965,1.0,stressid_5f7t,combined,stressid
0,0.58459496,1.0,stressid_5f7t,combined,stressid
0,0.5815719,1.0,stressid_5f7t,combined,stressid
0,0.5824895,1.0,stressid_5f7t,combined,stressid
0,0.8769908,1.0,stressid_5f7t,combined,stressid
0,0.85019267,1.0,stressid_5f7t,combined,stressid
0,0.82980007,1.0,stressid_5f7t,combined,stressid
0,0.8265715,1.0,stressid_5f7t,combined,stressid
0,0.8304662,1.0,stressid_5f7t,combined,stressid
0,0.82065195,1.0,stressid_5f7t,combined,stressid
0,0.844981,1.0,stressid_5f7t,combined,stressid
0,0.83131486,1.0,stressid_5f7t,combined,stressid
1,0.91125214,1.0,stressid_5f7t,combined,stressid
1,0.90666854,1.0,stressid_5f7t,combined,stressid
1,0.87380517,1.0,stressid_5f7t,combined,stressid
1,0.59738374,1.0,stressid_5f7t,combined,stressid
1,0.5999488,1.0,stressid_5f7t,combined,stressid
1,0.6058278,1.0,stressid_5f7t,combined,stressid
1,0.5960209,1.0,stressid_5f7t,combined,stressid
1,0.6013944,1.0,stressid_5f7t,combined,stressid
1,0.60356635,1.0,stressid_5f7t,combined,stressid
1,0.6040888,1.0,stressid_5f7t,combined,stressid
1,0.60952246,1.0,stressid_5f7t,combined,stressid
1,0.8867164,1.0,stressid_5f7t,combined,stressid
1,0.89132416,1.0,stressid_5f7t,combined,stressid
1,0.89624935,1.0,stressid_5f7t,combined,stressid
1,0.880784,1.0,stressid_5f7t,combined,stressid
1,0.86087424,1.0,stressid_5f7t,combined,stressid
1,0.86783016,1.0,stressid_5f7t,combined,stressid
1,0.85883015,1.0,stressid_5f7t,combined,stressid
1,0.8615518,1.0,stressid_5f7t,combined,stressid
0,0.40290487,1.0,stressid_5f7t,combined,stressid
0,0.35469761,1.0,stressid_5f7t,combined,stressid
0,0.3251913,1.0,stressid_5f7t,combined,stressid
0,0.31682652,1.0,stressid_5f7t,combined,stressid
0,0.31380698,1.0,stressid_5f7t,combined,stressid
0,0.32142106,1.0,stressid_5f7t,combined,stressid
0,0.32900962,1.0,stressid_5f7t,combined,stressid
0,0.3261615,1.0,stressid_5f7t,combined,stressid
0,0.3247462,1.0,stressid_5f7t,combined,stressid
0,0.3252255,1.0,stressid_5f7t,combined,stressid
0,0.32887477,1.0,stressid_5f7t,combined,stressid
0,0.32544538,1.0,stressid_5f7t,combined,stressid
0,0.32114825,1.0,stressid_5f7t,combined,stressid
0,0.3232878,1.0,stressid_5f7t,combined,stressid
0,0.32639253,1.0,stressid_5f7t,combined,stressid
0,0.32004148,1.0,stressid_5f7t,combined,stressid
0,0.31412473,1.0,stressid_5f7t,combined,stressid
0,0.32104203,1.0,stressid_5f7t,combined,stressid
0,0.3273472,1.0,stressid_5f7t,combined,stressid
0,0.3302487,1.0,stressid_5f7t,combined,stressid
0,0.3402934,1.0,stressid_5f7t,combined,stressid
0,0.33544764,1.0,stressid_5f7t,combined,stressid
0,0.3295144,1.0,stressid_5f7t,combined,stressid
0,0.32788795,1.0,stressid_5f7t,combined,stressid
0,0.3319778,1.0,stressid_5f7t,combined,stressid
0,0.33101127,1.0,stressid_5f7t,combined,stressid
0,0.33430442,1.0,stressid_5f7t,combined,stressid
0,0.19237441,1.0,stressid_5f7t,combined,stressid
0,0.19230911,1.0,stressid_5f7t,combined,stressid
0,0.19235371,1.0,stressid_5f7t,combined,stressid
0,0.19221628,1.0,stressid_5f7t,combined,stressid
0,0.19207922,1.0,stressid_5f7t,combined,stressid
0,0.19198631,1.0,stressid_5f7t,combined,stressid
0,0.19176161,1.0,stressid_5f7t,combined,stressid
0,0.32187843,1.0,stressid_5f7t,combined,stressid
0,0.19149093,1.0,stressid_5f7t,combined,stressid
0,0.19157857,1.0,stressid_5f7t,combined,stressid
0,0.19173841,1.0,stressid_5f7t,combined,stressid
0,0.19158892,1.0,stressid_5f7t,combined,stressid
0,0.19122684,1.0,stressid_5f7t,combined,stressid
0,0.19119245,1.0,stressid_5f7t,combined,stressid
0,0.19119309,1.0,stressid_5f7t,combined,stressid
0,0.1910795,1.0,stressid_5f7t,combined,stressid
0,0.19128928,1.0,stressid_5f7t,combined,stressid
0,0.19119321,1.0,stressid_5f7t,combined,stressid
0,0.33332622,1.0,stressid_5f7t,combined,stressid
0,0.19105883,1.0,stressid_5f7t,combined,stressid
0,0.19103323,1.0,stressid_5f7t,combined,stressid
0,0.19071868,1.0,stressid_5f7t,combined,stressid
0,0.19098276,1.0,stressid_5f7t,combined,stressid
0,0.1914292,1.0,stressid_5f7t,combined,stressid
0,0.19140702,1.0,stressid_5f7t,combined,stressid
0,0.19137472,1.0,stressid_5f7t,combined,stressid
0,0.32834804,1.0,stressid_5f7t,combined,stressid
0,0.32212108,1.0,stressid_5f7t,combined,stressid
0,0.33975494,1.0,stressid_5f7t,combined,stressid
0,0.33872965,1.0,stressid_5f7t,combined,stressid
0,0.34294948,1.0,stressid_5f7t,combined,stressid
0,0.3393964,1.0,stressid_5f7t,combined,stressid
0,0.3568106,1.0,stressid_5f7t,combined,stressid
0,0.3547119,1.0,stressid_5f7t,combined,stressid
0,0.34190568,1.0,stressid_5f7t,combined,stressid
0,0.3842414,1.0,stressid_5f7t,combined,stressid
0,0.532622,1.0,stressid_5f7t,combined,stressid
0,0.5720725,1.0,stressid_5f7t,combined,stressid
0,0.45352137,1.0,stressid_5f7t,combined,stressid
0,0.42363262,1.0,stressid_5f7t,combined,stressid
0,0.42086107,1.0,stressid_5f7t,combined,stressid
0,0.39406845,1.0,stressid_5f7t,combined,stressid
0,0.38265145,1.0,stressid_5f7t,combined,stressid
0,0.38944393,1.0,stressid_5f7t,combined,stressid
0,0.38967967,1.0,stressid_5f7t,combined,stressid
0,0.19596417,1.0,stressid_5f7t,combined,stressid
0,0.1959839,1.0,stressid_5f7t,combined,stressid
0,0.21430935,1.0,stressid_5f7t,combined,stressid
0,0.21779183,1.0,stressid_5f7t,combined,stressid
0,0.19845137,1.0,stressid_5f7t,combined,stressid
0,0.20398493,1.0,stressid_5f7t,combined,stressid
0,0.20072295,1.0,stressid_5f7t,combined,stressid
0,0.19286436,1.0,stressid_5f7t,combined,stressid
0,0.40170616,1.0,stressid_5f7t,combined,stressid
0,0.19281581,1.0,stressid_5f7t,combined,stressid
0,0.192637,1.0,stressid_5f7t,combined,stressid
0,0.19270171,1.0,stressid_5f7t,combined,stressid
0,0.1924573,1.0,stressid_5f7t,combined,stressid
0,0.19229159,1.0,stressid_5f7t,combined,stressid
0,0.19251995,1.0,stressid_5f7t,combined,stressid
0,0.19252895,1.0,stressid_5f7t,combined,stressid
0,0.19245769,1.0,stressid_5f7t,combined,stressid
0,0.3764279,1.0,stressid_5f7t,combined,stressid
0,0.3692206,1.0,stressid_5f7t,combined,stressid
0,0.35370982,1.0,stressid_5f7t,combined,stressid
0,0.36609092,1.0,stressid_5f7t,combined,stressid
0,0.37177482,1.0,stressid_5f7t,combined,stressid
0,0.35775518,1.0,stressid_5f7t,combined,stressid
0,0.22506914,1.0,stressid_r3zm,combined,stressid
0,0.19298665,1.0,stressid_r3zm,combined,stressid
0,0.20359063,1.0,stressid_r3zm,combined,stressid
0,0.20436601,1.0,stressid_r3zm,combined,stressid
0,0.20795222,1.0,stressid_r3zm,combined,stressid
0,0.19930145,1.0,stressid_r3zm,combined,stressid
0,0.19012576,1.0,stressid_r3zm,combined,stressid
0,0.17873456,1.0,stressid_r3zm,combined,stressid
0,0.16504705,1.0,stressid_r3zm,combined,stressid
0,0.18563966,1.0,stressid_r3zm,combined,stressid
0,0.2196275,1.0,stressid_r3zm,combined,stressid
0,0.2143376,1.0,stressid_r3zm,combined,stressid
0,0.19956325,1.0,stressid_r3zm,combined,stressid
0,0.17845263,1.0,stressid_r3zm,combined,stressid
0,0.16120547,1.0,stressid_r3zm,combined,stressid
0,0.16601786,1.0,stressid_r3zm,combined,stressid
0,0.18529998,1.0,stressid_r3zm,combined,stressid
0,0.19178286,1.0,stressid_r3zm,combined,stressid
0,0.18959694,1.0,stressid_r3zm,combined,stressid
0,0.19613305,1.0,stressid_r3zm,combined,stressid
0,0.1618125,1.0,stressid_r3zm,combined,stressid
0,0.16019785,1.0,stressid_r3zm,combined,stressid
0,0.16758306,1.0,stressid_r3zm,combined,stressid
0,0.19929728,1.0,stressid_r3zm,combined,stressid
0,0.16125171,1.0,stressid_r3zm,combined,stressid
0,0.15763456,1.0,stressid_r3zm,combined,stressid
0,0.16556656,1.0,stressid_r3zm,combined,stressid
0,0.17312708,1.0,stressid_r3zm,combined,stressid
0,0.18433143,1.0,stressid_r3zm,combined,stressid
0,0.27453545,1.0,stressid_r3zm,combined,stressid
0,0.23140043,1.0,stressid_r3zm,combined,stressid
0,0.16268347,1.0,stressid_r3zm,combined,stressid
0,0.13876374,1.0,stressid_r3zm,combined,stressid
0,0.22694038,1.0,stressid_r3zm,combined,stressid
0,0.19238704,1.0,stressid_r3zm,combined,stressid
0,0.19112839,1.0,stressid_r3zm,combined,stressid
0,0.13413972,1.0,stressid_r3zm,combined,stressid
0,0.15885456,1.0,stressid_r3zm,combined,stressid
0,0.22730072,1.0,stressid_r3zm,combined,stressid
0,0.18590859,1.0,stressid_r3zm,combined,stressid
0,0.13340193,1.0,stressid_r3zm,combined,stressid
0,0.11062442,1.0,stressid_r3zm,combined,stressid
0,0.09533449,1.0,stressid_r3zm,combined,stressid
0,0.13319656,1.0,stressid_r3zm,combined,stressid
0,0.1740518,1.0,stressid_r3zm,combined,stressid
0,0.20079829,1.0,stressid_r3zm,combined,stressid
0,0.19258647,1.0,stressid_r3zm,combined,stressid
0,0.20551641,1.0,stressid_r3zm,combined,stressid
0,0.19051749,1.0,stressid_r3zm,combined,stressid
0,0.2471404,1.0,stressid_r3zm,combined,stressid
0,0.2546067,1.0,stressid_r3zm,combined,stressid
0,0.21073987,1.0,stressid_r3zm,combined,stressid
0,0.15921026,1.0,stressid_r3zm,combined,stressid
0,0.09750392,1.0,stressid_r3zm,combined,stressid
0,0.12596765,1.0,stressid_r3zm,combined,stressid
0,0.24543977,1.0,stressid_r3zm,combined,stressid
0,0.22828315,1.0,stressid_r3zm,combined,stressid
0,0.19523647,1.0,stressid_r3zm,combined,stressid
0,0.20494202,1.0,stressid_r3zm,combined,stressid
1,0.73880494,1.0,stressid_r3zm,combined,stressid
1,0.7235969,1.0,stressid_r3zm,combined,stressid
1,0.76572067,1.0,stressid_r3zm,combined,stressid
1,0.76003814,1.0,stressid_r3zm,combined,stressid
1,0.8118969,1.0,stressid_r3zm,combined,stressid
1,0.7781799,1.0,stressid_r3zm,combined,stressid
1,0.78568006,1.0,stressid_r3zm,combined,stressid
1,0.8158715,1.0,stressid_r3zm,combined,stressid
1,0.7973076,1.0,stressid_r3zm,combined,stressid
1,0.79740286,1.0,stressid_r3zm,combined,stressid
1,0.810219,1.0,stressid_r3zm,combined,stressid
1,0.7671704,1.0,stressid_r3zm,combined,stressid
1,0.7401164,1.0,stressid_r3zm,combined,stressid
1,0.73343235,1.0,stressid_r3zm,combined,stressid
1,0.794013,1.0,stressid_r3zm,combined,stressid
1,0.80887705,1.0,stressid_r3zm,combined,stressid
1,0.8227238,1.0,stressid_r3zm,combined,stressid
1,0.82524866,1.0,stressid_r3zm,combined,stressid
1,0.82126343,1.0,stressid_r3zm,combined,stressid
1,0.8222037,1.0,stressid_r3zm,combined,stressid
1,0.77902925,1.0,stressid_r3zm,combined,stressid
1,0.8399645,1.0,stressid_r3zm,combined,stressid
1,0.79102886,1.0,stressid_r3zm,combined,stressid
1,0.80071986,1.0,stressid_r3zm,combined,stressid
1,0.80523264,1.0,stressid_r3zm,combined,stressid
1,0.77409774,1.0,stressid_r3zm,combined,stressid
1,0.7734523,1.0,stressid_r3zm,combined,stressid
1,0.7974704,1.0,stressid_r3zm,combined,stressid
1,0.7868798,1.0,stressid_r3zm,combined,stressid
1,0.7756664,1.0,stressid_r3zm,combined,stressid
1,0.8051317,1.0,stressid_r3zm,combined,stressid
1,0.7956808,1.0,stressid_r3zm,combined,stressid
1,0.83495665,1.0,stressid_r3zm,combined,stressid
1,0.8397428,1.0,stressid_r3zm,combined,stressid
1,0.83011436,1.0,stressid_r3zm,combined,stressid
1,0.8209402,1.0,stressid_r3zm,combined,stressid
1,0.77387255,1.0,stressid_r3zm,combined,stressid
1,0.79903924,1.0,stressid_r3zm,combined,stressid
1,0.772525,1.0,stressid_r3zm,combined,stressid
1,0.78187084,1.0,stressid_r3zm,combined,stressid
1,0.69577694,1.0,stressid_r3zm,combined,stressid
1,0.7331423,1.0,stressid_r3zm,combined,stressid
1,0.7212704,1.0,stressid_r3zm,combined,stressid
1,0.74090487,1.0,stressid_r3zm,combined,stressid
1,0.7376177,1.0,stressid_r3zm,combined,stressid
1,0.7069939,1.0,stressid_r3zm,combined,stressid
1,0.7267131,1.0,stressid_r3zm,combined,stressid
1,0.7502572,1.0,stressid_r3zm,combined,stressid
1,0.75429654,1.0,stressid_r3zm,combined,stressid
1,0.7646417,1.0,stressid_r3zm,combined,stressid
1,0.7777918,1.0,stressid_r3zm,combined,stressid
1,0.7254452,1.0,stressid_r3zm,combined,stressid
1,0.67767453,1.0,stressid_r3zm,combined,stressid
1,0.6750426,1.0,stressid_r3zm,combined,stressid
1,0.67099154,1.0,stressid_r3zm,combined,stressid
1,0.6697497,1.0,stressid_r3zm,combined,stressid
1,0.68766814,1.0,stressid_r3zm,combined,stressid
1,0.7544565,1.0,stressid_r3zm,combined,stressid
1,0.7390155,1.0,stressid_r3zm,combined,stressid
1,0.8228082,1.0,stressid_r3zm,combined,stressid
1,0.7587845,1.0,stressid_r3zm,combined,stressid
1,0.75912017,1.0,stressid_r3zm,combined,stressid
1,0.74911517,1.0,stressid_r3zm,combined,stressid
1,0.7563951,1.0,stressid_r3zm,combined,stressid
1,0.7551708,1.0,stressid_r3zm,combined,stressid
1,0.75752366,1.0,stressid_r3zm,combined,stressid
1,0.7614137,1.0,stressid_r3zm,combined,stressid
1,0.75576764,1.0,stressid_r3zm,combined,stressid
1,0.75288457,1.0,stressid_r3zm,combined,stressid
1,0.78648514,1.0,stressid_r3zm,combined,stressid
1,0.79950684,1.0,stressid_r3zm,combined,stressid
1,0.80746865,1.0,stressid_r3zm,combined,stressid
1,0.81317955,1.0,stressid_r3zm,combined,stressid
1,0.81508684,1.0,stressid_r3zm,combined,stressid
1,0.8351406,1.0,stressid_r3zm,combined,stressid
1,0.8293042,1.0,stressid_r3zm,combined,stressid
1,0.7991861,1.0,stressid_r3zm,combined,stressid
1,0.7717949,1.0,stressid_r3zm,combined,stressid
1,0.7676089,1.0,stressid_r3zm,combined,stressid
1,0.76900744,1.0,stressid_r3zm,combined,stressid
1,0.7574999,1.0,stressid_r3zm,combined,stressid
1,0.7736339,1.0,stressid_r3zm,combined,stressid
1,0.79023844,1.0,stressid_r3zm,combined,stressid
1,0.7663658,1.0,stressid_r3zm,combined,stressid
1,0.7785472,1.0,stressid_r3zm,combined,stressid
1,0.7932634,1.0,stressid_r3zm,combined,stressid
1,0.78001404,1.0,stressid_r3zm,combined,stressid
1,0.77293986,1.0,stressid_r3zm,combined,stressid
1,0.7828861,1.0,stressid_r3zm,combined,stressid
1,0.81644547,1.0,stressid_r3zm,combined,stressid
1,0.80071783,1.0,stressid_r3zm,combined,stressid
1,0.7294006,1.0,stressid_r3zm,combined,stressid
1,0.72932154,1.0,stressid_r3zm,combined,stressid
1,0.74568295,1.0,stressid_r3zm,combined,stressid
1,0.76232547,1.0,stressid_r3zm,combined,stressid
0,0.19382146,1.0,stressid_r3zm,combined,stressid
0,0.19547458,1.0,stressid_r3zm,combined,stressid
0,0.14572923,1.0,stressid_r3zm,combined,stressid
0,0.14905529,1.0,stressid_r3zm,combined,stressid
0,0.14844899,1.0,stressid_r3zm,combined,stressid
0,0.15747613,1.0,stressid_r3zm,combined,stressid
0,0.16894996,1.0,stressid_r3zm,combined,stressid
0,0.16265574,1.0,stressid_r3zm,combined,stressid
0,0.1681577,1.0,stressid_r3zm,combined,stressid
0,0.17038022,1.0,stressid_r3zm,combined,stressid
0,0.17235555,1.0,stressid_r3zm,combined,stressid
0,0.17819764,1.0,stressid_r3zm,combined,stressid
0,0.18418573,1.0,stressid_r3zm,combined,stressid
0,0.17679667,1.0,stressid_r3zm,combined,stressid
0,0.17489325,1.0,stressid_r3zm,combined,stressid
0,0.17559282,1.0,stressid_r3zm,combined,stressid
0,0.1778069,1.0,stressid_r3zm,combined,stressid
0,0.17848401,1.0,stressid_r3zm,combined,stressid
0,0.17576128,1.0,stressid_r3zm,combined,stressid
0,0.17681171,1.0,stressid_r3zm,combined,stressid
0,0.18262945,1.0,stressid_r3zm,combined,stressid
0,0.1865568,1.0,stressid_r3zm,combined,stressid
0,0.19409037,1.0,stressid_r3zm,combined,stressid
0,0.18164438,1.0,stressid_r3zm,combined,stressid
0,0.19103597,1.0,stressid_r3zm,combined,stressid
0,0.18366626,1.0,stressid_r3zm,combined,stressid
0,0.18462007,1.0,stressid_r3zm,combined,stressid
0,0.18962677,1.0,stressid_r3zm,combined,stressid
0,0.18348734,1.0,stressid_r3zm,combined,stressid
0,0.17808685,1.0,stressid_r3zm,combined,stressid
0,0.17009225,1.0,stressid_r3zm,combined,stressid
0,0.12713286,1.0,stressid_r3zm,combined,stressid
0,0.09807076,1.0,stressid_r3zm,combined,stressid
0,0.10198366,1.0,stressid_r3zm,combined,stressid
0,0.17614391,1.0,stressid_r3zm,combined,stressid
0,0.09337785,1.0,stressid_r3zm,combined,stressid
0,0.10830029,1.0,stressid_r3zm,combined,stressid
0,0.15351887,1.0,stressid_r3zm,combined,stressid
0,0.17660548,1.0,stressid_r3zm,combined,stressid
0,0.18731728,1.0,stressid_r3zm,combined,stressid
0,0.1877296,1.0,stressid_r3zm,combined,stressid
0,0.18827543,1.0,stressid_r3zm,combined,stressid
0,0.16827609,1.0,stressid_r3zm,combined,stressid
0,0.16159117,1.0,stressid_r3zm,combined,stressid
0,0.16440721,1.0,stressid_r3zm,combined,stressid
0,0.1510248,1.0,stressid_r3zm,combined,stressid
0,0.15182582,1.0,stressid_r3zm,combined,stressid
0,0.14742358,1.0,stressid_r3zm,combined,stressid
0,0.14367568,1.0,stressid_r3zm,combined,stressid
0,0.7017988,1.0,stressid_r3zm,combined,stressid
0,0.71042866,1.0,stressid_r3zm,combined,stressid
0,0.73050886,1.0,stressid_r3zm,combined,stressid
0,0.74193275,1.0,stressid_r3zm,combined,stressid
0,0.7232253,1.0,stressid_r3zm,combined,stressid
0,0.7641487,1.0,stressid_r3zm,combined,stressid
0,0.76336116,1.0,stressid_r3zm,combined,stressid
0,0.7073523,1.0,stressid_r3zm,combined,stressid
0,0.6981791,1.0,stressid_r3zm,combined,stressid
0,0.75308937,1.0,stressid_r3zm,combined,stressid
0,0.7238287,1.0,stressid_r3zm,combined,stressid
0,0.74433726,1.0,stressid_r3zm,combined,stressid
0,0.7305472,1.0,stressid_r3zm,combined,stressid
0,0.72883284,1.0,stressid_r3zm,combined,stressid
0,0.72481006,1.0,stressid_r3zm,combined,stressid
0,0.7320349,1.0,stressid_r3zm,combined,stressid
0,0.7583658,1.0,stressid_r3zm,combined,stressid
0,0.8023171,1.0,stressid_r3zm,combined,stressid
0,0.7870189,1.0,stressid_r3zm,combined,stressid
1,0.7742272,1.0,stressid_r3zm,combined,stressid
1,0.74595225,1.0,stressid_r3zm,combined,stressid
1,0.7603473,1.0,stressid_r3zm,combined,stressid
1,0.7820281,1.0,stressid_r3zm,combined,stressid
1,0.76592803,1.0,stressid_r3zm,combined,stressid
1,0.7713474,1.0,stressid_r3zm,combined,stressid
1,0.7769694,1.0,stressid_r3zm,combined,stressid
1,0.73518306,1.0,stressid_r3zm,combined,stressid
1,0.7232922,1.0,stressid_r3zm,combined,stressid
1,0.76866055,1.0,stressid_r3zm,combined,stressid
1,0.78046167,1.0,stressid_r3zm,combined,stressid
1,0.79713786,1.0,stressid_r3zm,combined,stressid
1,0.82220894,1.0,stressid_r3zm,combined,stressid
1,0.7850401,1.0,stressid_r3zm,combined,stressid
1,0.73149365,1.0,stressid_r3zm,combined,stressid
1,0.71584815,1.0,stressid_r3zm,combined,stressid
1,0.72487545,1.0,stressid_r3zm,combined,stressid
1,0.76390964,1.0,stressid_r3zm,combined,stressid
1,0.78009003,1.0,stressid_r3zm,combined,stressid
1,0.18098813,1.0,stressid_r3zm,combined,stressid
1,0.17545071,1.0,stressid_r3zm,combined,stressid
1,0.18742737,1.0,stressid_r3zm,combined,stressid
1,0.1900398,1.0,stressid_r3zm,combined,stressid
1,0.18397613,1.0,stressid_r3zm,combined,stressid
1,0.18940762,1.0,stressid_r3zm,combined,stressid
1,0.20837782,1.0,stressid_r3zm,combined,stressid
1,0.2100989,1.0,stressid_r3zm,combined,stressid
1,0.18732472,1.0,stressid_r3zm,combined,stressid
1,0.17438693,1.0,stressid_r3zm,combined,stressid
1,0.16889513,1.0,stressid_r3zm,combined,stressid
1,0.16763477,1.0,stressid_r3zm,combined,stressid
1,0.17595321,1.0,stressid_r3zm,combined,stressid
1,0.16859338,1.0,stressid_r3zm,combined,stressid
1,0.17164318,1.0,stressid_r3zm,combined,stressid
1,0.182476,1.0,stressid_r3zm,combined,stressid
1,0.18512304,1.0,stressid_r3zm,combined,stressid
1,0.18599437,1.0,stressid_r3zm,combined,stressid
1,0.20068319,1.0,stressid_r3zm,combined,stressid
1,0.20125377,1.0,stressid_r3zm,combined,stressid
1,0.19015945,1.0,stressid_r3zm,combined,stressid
1,0.18567275,1.0,stressid_r3zm,combined,stressid
1,0.19536221,1.0,stressid_r3zm,combined,stressid
1,0.18446398,1.0,stressid_r3zm,combined,stressid
1,0.22584967,1.0,stressid_r3zm,combined,stressid
1,0.20501028,1.0,stressid_r3zm,combined,stressid
1,0.19123156,1.0,stressid_r3zm,combined,stressid
1,0.25811994,1.0,stressid_r3zm,combined,stressid
1,0.25916505,1.0,stressid_r3zm,combined,stressid
1,0.2589056,1.0,stressid_r3zm,combined,stressid
1,0.25908905,1.0,stressid_r3zm,combined,stressid
1,0.24822398,1.0,stressid_r3zm,combined,stressid
1,0.07094486,1.0,stressid_r3zm,combined,stressid
1,0.022656037,1.0,stressid_r3zm,combined,stressid
1,0.19968805,1.0,stressid_r3zm,combined,stressid
1,0.022923354,1.0,stressid_r3zm,combined,stressid
1,0.04034882,1.0,stressid_r3zm,combined,stressid
1,0.116412655,1.0,stressid_r3zm,combined,stressid
1,0.1857593,1.0,stressid_r3zm,combined,stressid
1,0.18849415,1.0,stressid_r3zm,combined,stressid
1,0.1888384,1.0,stressid_r3zm,combined,stressid
1,0.17470361,1.0,stressid_r3zm,combined,stressid
1,0.18798082,1.0,stressid_r3zm,combined,stressid
1,0.1880726,1.0,stressid_r3zm,combined,stressid
1,0.18369116,1.0,stressid_r3zm,combined,stressid
1,0.1850609,1.0,stressid_r3zm,combined,stressid
1,0.25187248,1.0,stressid_r3zm,combined,stressid
1,0.26847938,1.0,stressid_r3zm,combined,stressid
1,0.2534738,1.0,stressid_r3zm,combined,stressid
1,0.26071218,1.0,stressid_r3zm,combined,stressid
1,0.26145464,1.0,stressid_r3zm,combined,stressid
1,0.2583784,1.0,stressid_r3zm,combined,stressid
1,0.25716013,1.0,stressid_r3zm,combined,stressid
1,0.16941404,1.0,stressid_r3zm,combined,stressid
1,0.17147113,1.0,stressid_r3zm,combined,stressid
1,0.17824957,1.0,stressid_r3zm,combined,stressid
1,0.18478554,1.0,stressid_r3zm,combined,stressid
1,0.20423467,1.0,stressid_r3zm,combined,stressid
1,0.19177677,1.0,stressid_r3zm,combined,stressid
1,0.18981822,1.0,stressid_r3zm,combined,stressid
1,0.17963605,1.0,stressid_r3zm,combined,stressid
1,0.18370382,1.0,stressid_r3zm,combined,stressid
1,0.17803562,1.0,stressid_r3zm,combined,stressid
1,0.22883093,1.0,stressid_r3zm,combined,stressid
1,0.23597635,1.0,stressid_r3zm,combined,stressid
1,0.21281996,1.0,stressid_r3zm,combined,stressid
1,0.21119003,1.0,stressid_r3zm,combined,stressid
1,0.20591255,1.0,stressid_r3zm,combined,stressid
1,0.2079666,1.0,stressid_r3zm,combined,stressid
1,0.17937209,1.0,stressid_r3zm,combined,stressid
1,0.16556251,1.0,stressid_r3zm,combined,stressid
1,0.17109227,1.0,stressid_r3zm,combined,stressid
1,0.1911915,1.0,stressid_r3zm,combined,stressid
1,0.1920584,1.0,stressid_r3zm,combined,stressid
1,0.19280472,1.0,stressid_r3zm,combined,stressid
1,0.12318988,1.0,stressid_r3zm,combined,stressid
1,0.08112746,1.0,stressid_r3zm,combined,stressid
1,0.0901642,1.0,stressid_r3zm,combined,stressid
1,0.12125381,1.0,stressid_r3zm,combined,stressid
1,0.12559286,1.0,stressid_r3zm,combined,stressid
1,0.18820696,1.0,stressid_r3zm,combined,stressid
1,0.1410999,1.0,stressid_r3zm,combined,stressid
1,0.18064678,1.0,stressid_r3zm,combined,stressid
1,0.11401667,1.0,stressid_r3zm,combined,stressid
1,0.12180056,1.0,stressid_r3zm,combined,stressid
1,0.18488646,1.0,stressid_r3zm,combined,stressid
1,0.18771212,1.0,stressid_r3zm,combined,stressid
1,0.18776466,1.0,stressid_r3zm,combined,stressid
1,0.18757686,1.0,stressid_r3zm,combined,stressid
1,0.18754056,1.0,stressid_r3zm,combined,stressid
1,0.1861188,1.0,stressid_r3zm,combined,stressid
1,0.18399625,1.0,stressid_r3zm,combined,stressid
1,0.15607323,1.0,stressid_r3zm,combined,stressid
1,0.16380464,1.0,stressid_r3zm,combined,stressid
1,0.19179444,1.0,stressid_r3zm,combined,stressid
0,0.1366495,1.0,stressid_y9z6,combined,stressid
0,0.124091394,1.0,stressid_y9z6,combined,stressid
0,0.18626337,1.0,stressid_y9z6,combined,stressid
0,0.25492337,1.0,stressid_y9z6,combined,stressid
0,0.27806565,1.0,stressid_y9z6,combined,stressid
0,0.24929208,1.0,stressid_y9z6,combined,stressid
0,0.27372935,1.0,stressid_y9z6,combined,stressid
0,0.292236,1.0,stressid_y9z6,combined,stressid
0,0.30974987,1.0,stressid_y9z6,combined,stressid
0,0.26527673,1.0,stressid_y9z6,combined,stressid
0,0.21732615,1.0,stressid_y9z6,combined,stressid
0,0.2112823,1.0,stressid_y9z6,combined,stressid
0,0.15634052,1.0,stressid_y9z6,combined,stressid
0,0.16604955,1.0,stressid_y9z6,combined,stressid
0,0.15758903,1.0,stressid_y9z6,combined,stressid
0,0.19307545,1.0,stressid_y9z6,combined,stressid
0,0.22408794,1.0,stressid_y9z6,combined,stressid
0,0.18622197,1.0,stressid_y9z6,combined,stressid
0,0.12244095,1.0,stressid_y9z6,combined,stressid
0,0.15373982,1.0,stressid_y9z6,combined,stressid
0,0.2143355,1.0,stressid_y9z6,combined,stressid
0,0.291489,1.0,stressid_y9z6,combined,stressid
0,0.28000185,1.0,stressid_y9z6,combined,stressid
0,0.24563035,1.0,stressid_y9z6,combined,stressid
0,0.21650457,1.0,stressid_y9z6,combined,stressid
0,0.19713649,1.0,stressid_y9z6,combined,stressid
0,0.14330442,1.0,stressid_y9z6,combined,stressid
0,0.14952926,1.0,stressid_y9z6,combined,stressid
0,0.18222663,1.0,stressid_y9z6,combined,stressid
0,0.21568272,1.0,stressid_y9z6,combined,stressid
0,0.1903137,1.0,stressid_y9z6,combined,stressid
0,0.20717204,1.0,stressid_y9z6,combined,stressid
0,0.19777814,1.0,stressid_y9z6,combined,stressid
0,0.18334721,1.0,stressid_y9z6,combined,stressid
0,0.29586923,1.0,stressid_y9z6,combined,stressid
0,0.18307006,1.0,stressid_y9z6,combined,stressid
0,0.1618655,1.0,stressid_y9z6,combined,stressid
0,0.14485657,1.0,stressid_y9z6,combined,stressid
0,0.15260524,1.0,stressid_y9z6,combined,stressid
0,0.16910969,1.0,stressid_y9z6,combined,stressid
0,0.17693737,1.0,stressid_y9z6,combined,stressid
0,0.17583366,1.0,stressid_y9z6,combined,stressid
0,0.1761832,1.0,stressid_y9z6,combined,stressid
0,0.17842165,1.0,stressid_y9z6,combined,stressid
0,0.17629263,1.0,stressid_y9z6,combined,stressid
0,0.27924198,1.0,stressid_y9z6,combined,stressid
0,0.17766316,1.0,stressid_y9z6,combined,stressid
0,0.18003415,1.0,stressid_y9z6,combined,stressid
0,0.17717613,1.0,stressid_y9z6,combined,stressid
0,0.17718682,1.0,stressid_y9z6,combined,stressid
0,0.18002433,1.0,stressid_y9z6,combined,stressid
0,0.1788661,1.0,stressid_y9z6,combined,stressid
0,0.17744057,1.0,stressid_y9z6,combined,stressid
0,0.19258873,1.0,stressid_y9z6,combined,stressid
0,0.19392179,1.0,stressid_y9z6,combined,stressid
0,0.23112497,1.0,stressid_y9z6,combined,stressid
0,0.23308578,1.0,stressid_y9z6,combined,stressid
0,0.24744876,1.0,stressid_y9z6,combined,stressid
0,0.1672617,1.0,stressid_y9z6,combined,stressid
1,0.8686673,1.0,stressid_y9z6,combined,stressid
1,0.92398363,1.0,stressid_y9z6,combined,stressid
1,0.6065342,1.0,stressid_y9z6,combined,stressid
1,0.6316063,1.0,stressid_y9z6,combined,stressid
1,0.81106746,1.0,stressid_y9z6,combined,stressid
1,0.82320344,1.0,stressid_y9z6,combined,stressid
1,0.6748653,1.0,stressid_y9z6,combined,stressid
1,0.4403866,1.0,stressid_y9z6,combined,stressid
1,0.35026342,1.0,stressid_y9z6,combined,stressid
1,0.35001075,1.0,stressid_y9z6,combined,stressid
1,0.6106501,1.0,stressid_y9z6,combined,stressid
1,0.86611915,1.0,stressid_y9z6,combined,stressid
1,0.8498155,1.0,stressid_y9z6,combined,stressid
1,0.8945565,1.0,stressid_y9z6,combined,stressid
1,0.858675,1.0,stressid_y9z6,combined,stressid
1,0.81590533,1.0,stressid_y9z6,combined,stressid
1,0.78309035,1.0,stressid_y9z6,combined,stressid
1,0.7373847,1.0,stressid_y9z6,combined,stressid
1,0.7382805,1.0,stressid_y9z6,combined,stressid
1,0.85616565,1.0,stressid_y9z6,combined,stressid
1,0.9243981,1.0,stressid_y9z6,combined,stressid
1,0.87269765,1.0,stressid_y9z6,combined,stressid
1,0.854529,1.0,stressid_y9z6,combined,stressid
1,0.77654487,1.0,stressid_y9z6,combined,stressid
1,0.60349786,1.0,stressid_y9z6,combined,stressid
1,0.674696,1.0,stressid_y9z6,combined,stressid
1,0.5988489,1.0,stressid_y9z6,combined,stressid
1,0.4531883,1.0,stressid_y9z6,combined,stressid
1,0.4583848,1.0,stressid_y9z6,combined,stressid
1,0.551618,1.0,stressid_y9z6,combined,stressid
1,0.9290614,1.0,stressid_y9z6,combined,stressid
1,0.87879896,1.0,stressid_y9z6,combined,stressid
1,0.8280145,1.0,stressid_y9z6,combined,stressid
1,0.8733591,1.0,stressid_y9z6,combined,stressid
1,0.86475253,1.0,stressid_y9z6,combined,stressid
1,0.85338926,1.0,stressid_y9z6,combined,stressid
1,0.847802,1.0,stressid_y9z6,combined,stressid
1,0.8508745,1.0,stressid_y9z6,combined,stressid
0,0.7891753,1.0,stressid_y9z6,combined,stressid
0,0.81663114,1.0,stressid_y9z6,combined,stressid
0,0.8502733,1.0,stressid_y9z6,combined,stressid
0,0.51713336,1.0,stressid_y9z6,combined,stressid
0,0.5837851,1.0,stressid_y9z6,combined,stressid
0,0.5219046,1.0,stressid_y9z6,combined,stressid
0,0.4690013,1.0,stressid_y9z6,combined,stressid
0,0.7249089,1.0,stressid_y9z6,combined,stressid
0,0.7666735,1.0,stressid_y9z6,combined,stressid
0,0.7546265,1.0,stressid_y9z6,combined,stressid
0,0.8282768,1.0,stressid_y9z6,combined,stressid
0,0.8604804,1.0,stressid_y9z6,combined,stressid
0,0.84817034,1.0,stressid_y9z6,combined,stressid
0,0.8638854,1.0,stressid_y9z6,combined,stressid
0,0.89176625,1.0,stressid_y9z6,combined,stressid
0,0.8988074,1.0,stressid_y9z6,combined,stressid
0,0.85884464,1.0,stressid_y9z6,combined,stressid
0,0.8517998,1.0,stressid_y9z6,combined,stressid
0,0.8757601,1.0,stressid_y9z6,combined,stressid
1,0.85531455,1.0,stressid_y9z6,combined,stressid
1,0.8825525,1.0,stressid_y9z6,combined,stressid
1,0.8337623,1.0,stressid_y9z6,combined,stressid
1,0.83627236,1.0,stressid_y9z6,combined,stressid
1,0.8523422,1.0,stressid_y9z6,combined,stressid
1,0.8356925,1.0,stressid_y9z6,combined,stressid
1,0.6301524,1.0,stressid_y9z6,combined,stressid
1,0.45747253,1.0,stressid_y9z6,combined,stressid
1,0.5684869,1.0,stressid_y9z6,combined,stressid
1,0.7846861,1.0,stressid_y9z6,combined,stressid
1,0.840421,1.0,stressid_y9z6,combined,stressid
1,0.91304886,1.0,stressid_y9z6,combined,stressid
1,0.89784086,1.0,stressid_y9z6,combined,stressid
1,0.90354156,1.0,stressid_y9z6,combined,stressid
1,0.9024211,1.0,stressid_y9z6,combined,stressid
1,0.8036512,1.0,stressid_y9z6,combined,stressid
1,0.4242886,1.0,stressid_y9z6,combined,stressid
1,0.57527524,1.0,stressid_y9z6,combined,stressid
1,0.82926637,1.0,stressid_y9z6,combined,stressid
0,0.8350075,1.0,stressid_y9z6,combined,stressid
0,0.86915195,1.0,stressid_y9z6,combined,stressid
0,0.8505457,1.0,stressid_y9z6,combined,stressid
0,0.8258748,1.0,stressid_y9z6,combined,stressid
0,0.83716214,1.0,stressid_y9z6,combined,stressid
0,0.8202537,1.0,stressid_y9z6,combined,stressid
0,0.8274296,1.0,stressid_y9z6,combined,stressid
0,0.84499174,1.0,stressid_y9z6,combined,stressid
0,0.824922,1.0,stressid_y9z6,combined,stressid
0,0.81457704,1.0,stressid_y9z6,combined,stressid
0,0.82847965,1.0,stressid_y9z6,combined,stressid
0,0.8451508,1.0,stressid_y9z6,combined,stressid
0,0.83796597,1.0,stressid_y9z6,combined,stressid
0,0.8565787,1.0,stressid_y9z6,combined,stressid
0,0.78434706,1.0,stressid_y9z6,combined,stressid
0,0.7994794,1.0,stressid_y9z6,combined,stressid
0,0.8813411,1.0,stressid_y9z6,combined,stressid
0,0.86638194,1.0,stressid_y9z6,combined,stressid
0,0.81071675,1.0,stressid_y9z6,combined,stressid
0,0.15513414,1.0,stressid_y9z6,combined,stressid
0,0.15980417,1.0,stressid_y9z6,combined,stressid
0,0.134034,1.0,stressid_y9z6,combined,stressid
0,0.21727058,1.0,stressid_y9z6,combined,stressid
0,0.3446726,1.0,stressid_y9z6,combined,stressid
0,0.35304502,1.0,stressid_y9z6,combined,stressid
0,0.26166195,1.0,stressid_y9z6,combined,stressid
0,0.27747518,1.0,stressid_y9z6,combined,stressid
0,0.28875503,1.0,stressid_y9z6,combined,stressid
0,0.28908667,1.0,stressid_y9z6,combined,stressid
0,0.2714324,1.0,stressid_y9z6,combined,stressid
0,0.2741715,1.0,stressid_y9z6,combined,stressid
0,0.19476017,1.0,stressid_y9z6,combined,stressid
0,0.23491822,1.0,stressid_y9z6,combined,stressid
0,0.21176627,1.0,stressid_y9z6,combined,stressid
0,0.2720116,1.0,stressid_y9z6,combined,stressid
0,0.26248455,1.0,stressid_y9z6,combined,stressid
0,0.21891637,1.0,stressid_y9z6,combined,stressid
0,0.25896758,1.0,stressid_y9z6,combined,stressid
0,0.2840292,1.0,stressid_y9z6,combined,stressid
0,0.272337,1.0,stressid_y9z6,combined,stressid
0,0.28016746,1.0,stressid_y9z6,combined,stressid
0,0.26469892,1.0,stressid_y9z6,combined,stressid
0,0.18449295,1.0,stressid_y9z6,combined,stressid
0,0.2636297,1.0,stressid_y9z6,combined,stressid
0,0.26440737,1.0,stressid_y9z6,combined,stressid
0,0.2655641,1.0,stressid_y9z6,combined,stressid
0,0.26141736,1.0,stressid_y9z6,combined,stressid
0,0.26065987,1.0,stressid_y9z6,combined,stressid
0,0.27989015,1.0,stressid_y9z6,combined,stressid
0,0.29595643,1.0,stressid_y9z6,combined,stressid
0,0.29265013,1.0,stressid_y9z6,combined,stressid
0,0.2296935,1.0,stressid_y9z6,combined,stressid
0,0.19060634,1.0,stressid_y9z6,combined,stressid
0,0.16558468,1.0,stressid_y9z6,combined,stressid
0,0.24349692,1.0,stressid_y9z6,combined,stressid
0,0.26058805,1.0,stressid_y9z6,combined,stressid
0,0.2603373,1.0,stressid_y9z6,combined,stressid
0,0.2609667,1.0,stressid_y9z6,combined,stressid
0,0.25921294,1.0,stressid_y9z6,combined,stressid
0,0.19804282,1.0,stressid_y9z6,combined,stressid
0,0.17642014,1.0,stressid_y9z6,combined,stressid
0,0.24855688,1.0,stressid_y9z6,combined,stressid
0,0.25846434,1.0,stressid_y9z6,combined,stressid
0,0.17548977,1.0,stressid_y9z6,combined,stressid
0,0.2185199,1.0,stressid_y9z6,combined,stressid
0,0.2317049,1.0,stressid_y9z6,combined,stressid
0,0.19937097,1.0,stressid_y9z6,combined,stressid
0,0.15181503,1.0,stressid_y9z6,combined,stressid
1,0.82664156,1.0,stressid_y9z6,combined,stressid
1,0.83567405,1.0,stressid_y9z6,combined,stressid
1,0.71065587,1.0,stressid_y9z6,combined,stressid
1,0.7435198,1.0,stressid_y9z6,combined,stressid
1,0.6171151,1.0,stressid_y9z6,combined,stressid
1,0.64147985,1.0,stressid_y9z6,combined,stressid
1,0.7312561,1.0,stressid_y9z6,combined,stressid
1,0.82358164,1.0,stressid_y9z6,combined,stressid
1,0.856099,1.0,stressid_y9z6,combined,stressid
1,0.801098,1.0,stressid_y9z6,combined,stressid
1,0.78630716,1.0,stressid_y9z6,combined,stressid
1,0.7489874,1.0,stressid_y9z6,combined,stressid
1,0.8645732,1.0,stressid_y9z6,combined,stressid
1,0.8751694,1.0,stressid_y9z6,combined,stressid
1,0.7335955,1.0,stressid_y9z6,combined,stressid
1,0.6765695,1.0,stressid_y9z6,combined,stressid
1,0.7981249,1.0,stressid_y9z6,combined,stressid
1,0.87816334,1.0,stressid_y9z6,combined,stressid
1,0.8134515,1.0,stressid_y9z6,combined,stressid
1,0.6192232,1.0,stressid_y9z6,combined,stressid
1,0.85191786,1.0,stressid_y9z6,combined,stressid
1,0.88150847,1.0,stressid_y9z6,combined,stressid
1,0.8543734,1.0,stressid_y9z6,combined,stressid
1,0.8465117,1.0,stressid_y9z6,combined,stressid
1,0.8267408,1.0,stressid_y9z6,combined,stressid
1,0.79586446,1.0,stressid_y9z6,combined,stressid
1,0.8131133,1.0,stressid_y9z6,combined,stressid
1,0.8046938,1.0,stressid_y9z6,combined,stressid
1,0.56476724,1.0,stressid_y9z6,combined,stressid
1,0.34503815,1.0,stressid_y9z6,combined,stressid
1,0.8353791,1.0,stressid_y9z6,combined,stressid
1,0.8477701,1.0,stressid_y9z6,combined,stressid
1,0.88516206,1.0,stressid_y9z6,combined,stressid
1,0.87473637,1.0,stressid_y9z6,combined,stressid
1,0.8984011,1.0,stressid_y9z6,combined,stressid
1,0.8740648,1.0,stressid_y9z6,combined,stressid
1,0.83613217,1.0,stressid_y9z6,combined,stressid
1,0.8199521,1.0,stressid_y9z6,combined,stressid
1,0.31164235,1.0,stressid_y9z6,combined,stressid
1,0.2974386,1.0,stressid_y9z6,combined,stressid
1,0.32812703,1.0,stressid_y9z6,combined,stressid
1,0.320991,1.0,stressid_y9z6,combined,stressid
1,0.3043789,1.0,stressid_y9z6,combined,stressid
1,0.30170077,1.0,stressid_y9z6,combined,stressid
1,0.2905614,1.0,stressid_y9z6,combined,stressid
1,0.2817672,1.0,stressid_y9z6,combined,stressid
1,0.2911394,1.0,stressid_y9z6,combined,stressid
1,0.27709633,1.0,stressid_y9z6,combined,stressid
1,0.2650068,1.0,stressid_y9z6,combined,stressid
1,0.27146706,1.0,stressid_y9z6,combined,stressid
1,0.26192817,1.0,stressid_y9z6,combined,stressid
1,0.2419087,1.0,stressid_y9z6,combined,stressid
1,0.2015452,1.0,stressid_y9z6,combined,stressid
1,0.22315538,1.0,stressid_y9z6,combined,stressid
1,0.2800382,1.0,stressid_y9z6,combined,stressid
1,0.24085632,1.0,stressid_y9z6,combined,stressid
1,0.2554643,1.0,stressid_y9z6,combined,stressid
1,0.2962292,1.0,stressid_y9z6,combined,stressid
1,0.2556578,1.0,stressid_y9z6,combined,stressid
1,0.2742582,1.0,stressid_y9z6,combined,stressid
1,0.22914873,1.0,stressid_y9z6,combined,stressid
1,0.20065524,1.0,stressid_y9z6,combined,stressid
1,0.20675446,1.0,stressid_y9z6,combined,stressid
1,0.25850683,1.0,stressid_y9z6,combined,stressid
1,0.24255903,1.0,stressid_y9z6,combined,stressid
1,0.20051333,1.0,stressid_y9z6,combined,stressid
1,0.13856135,1.0,stressid_y9z6,combined,stressid
1,0.13632733,1.0,stressid_y9z6,combined,stressid
1,0.14242381,1.0,stressid_y9z6,combined,stressid
1,0.15114737,1.0,stressid_y9z6,combined,stressid
1,0.1473397,1.0,stressid_y9z6,combined,stressid
1,0.14502919,1.0,stressid_y9z6,combined,stressid
1,0.18380685,1.0,stressid_y9z6,combined,stressid
1,0.14504409,1.0,stressid_y9z6,combined,stressid
1,0.14022952,1.0,stressid_y9z6,combined,stressid
1,0.23558557,1.0,stressid_y9z6,combined,stressid
1,0.32668576,1.0,stressid_y9z6,combined,stressid
1,0.30267298,1.0,stressid_y9z6,combined,stressid
1,0.30138776,1.0,stressid_y9z6,combined,stressid
1,0.30055997,1.0,stressid_y9z6,combined,stressid
1,0.3005176,1.0,stressid_y9z6,combined,stressid
1,0.29769263,1.0,stressid_y9z6,combined,stressid
1,0.29433987,1.0,stressid_y9z6,combined,stressid
1,0.24318942,1.0,stressid_y9z6,combined,stressid
1,0.29299834,1.0,stressid_y9z6,combined,stressid
1,0.29184973,1.0,stressid_y9z6,combined,stressid
1,0.29265386,1.0,stressid_y9z6,combined,stressid
1,0.29354352,1.0,stressid_y9z6,combined,stressid
1,0.29490545,1.0,stressid_y9z6,combined,stressid
1,0.2658059,1.0,stressid_y9z6,combined,stressid
1,0.24008736,1.0,stressid_y9z6,combined,stressid
1,0.17005706,1.0,stressid_y9z6,combined,stressid
1,0.15539603,1.0,stressid_y9z6,combined,stressid
1,0.26887858,1.0,stressid_y9z6,combined,stressid
1,0.33697927,1.0,stressid_y9z6,combined,stressid
0,0.21088117,1.0,stressid_y9z6,combined,stressid
0,0.2155985,1.0,stressid_y9z6,combined,stressid
0,0.2876998,1.0,stressid_y9z6,combined,stressid
0,0.25242496,1.0,stressid_y9z6,combined,stressid
0,0.20737287,1.0,stressid_y9z6,combined,stressid
0,0.21822834,1.0,stressid_y9z6,combined,stressid
0,0.22236672,1.0,stressid_y9z6,combined,stressid
0,0.17450446,1.0,stressid_y9z6,combined,stressid
0,0.18441036,1.0,stressid_y9z6,combined,stressid
0,0.19954303,1.0,stressid_y9z6,combined,stressid
0,0.21791095,1.0,stressid_y9z6,combined,stressid
0,0.20776665,1.0,stressid_y9z6,combined,stressid
0,0.24022135,1.0,stressid_y9z6,combined,stressid
0,0.19593677,1.0,stressid_y9z6,combined,stressid
0,0.1577084,1.0,stressid_y9z6,combined,stressid
0,0.25235188,1.0,stressid_y9z6,combined,stressid
0,0.25379324,1.0,stressid_y9z6,combined,stressid
0,0.32481742,1.0,stressid_y9z6,combined,stressid
0,0.2881292,1.0,stressid_y9z6,combined,stressid
0,0.17832969,1.0,stressid_y9z6,combined,stressid
0,0.18418454,1.0,stressid_y9z6,combined,stressid
0,0.1848795,1.0,stressid_y9z6,combined,stressid
0,0.18822823,1.0,stressid_y9z6,combined,stressid
0,0.2694116,1.0,stressid_y9z6,combined,stressid
0,0.18990824,1.0,stressid_y9z6,combined,stressid
0,0.18898761,1.0,stressid_y9z6,combined,stressid
0,0.19419141,1.0,stressid_y9z6,combined,stressid
0,0.20681949,1.0,stressid_y9z6,combined,stressid
0,0.21220651,1.0,stressid_y9z6,combined,stressid
0,0.26524565,1.0,stressid_y9z6,combined,stressid
0,0.3030845,1.0,stressid_y9z6,combined,stressid
0,0.28163484,1.0,stressid_y9z6,combined,stressid
0,0.2485689,1.0,stressid_y9z6,combined,stressid
0,0.24300471,1.0,stressid_y9z6,combined,stressid
0,0.27577135,1.0,stressid_y9z6,combined,stressid
0,0.26750588,1.0,stressid_y9z6,combined,stressid
0,0.2697138,1.0,stressid_y9z6,combined,stressid
0,0.28057885,1.0,stressid_y9z6,combined,stressid
0,0.15465678,1.0,stressid_9txq,combined,stressid
0,0.13883424,1.0,stressid_9txq,combined,stressid
0,0.15282029,1.0,stressid_9txq,combined,stressid
0,0.12533885,1.0,stressid_9txq,combined,stressid
0,0.10159384,1.0,stressid_9txq,combined,stressid
0,0.1254893,1.0,stressid_9txq,combined,stressid
0,0.14237784,1.0,stressid_9txq,combined,stressid
0,0.10803578,1.0,stressid_9txq,combined,stressid
0,0.09684101,1.0,stressid_9txq,combined,stressid
0,0.10817745,1.0,stressid_9txq,combined,stressid
0,0.0962728,1.0,stressid_9txq,combined,stressid
0,0.09046782,1.0,stressid_9txq,combined,stressid
0,0.13238886,1.0,stressid_9txq,combined,stressid
0,0.11358175,1.0,stressid_9txq,combined,stressid
0,0.10404112,1.0,stressid_9txq,combined,stressid
0,0.10210076,1.0,stressid_9txq,combined,stressid
0,0.1502247,1.0,stressid_9txq,combined,stressid
0,0.14386857,1.0,stressid_9txq,combined,stressid
0,0.10999014,1.0,stressid_9txq,combined,stressid
0,0.12221822,1.0,stressid_9txq,combined,stressid
0,0.16468406,1.0,stressid_9txq,combined,stressid
0,0.20909682,1.0,stressid_9txq,combined,stressid
0,0.1933833,1.0,stressid_9txq,combined,stressid
0,0.14630556,1.0,stressid_9txq,combined,stressid
0,0.19482929,1.0,stressid_9txq,combined,stressid
0,0.18180843,1.0,stressid_9txq,combined,stressid
0,0.1281252,1.0,stressid_9txq,combined,stressid
0,0.1349267,1.0,stressid_9txq,combined,stressid
0,0.16409718,1.0,stressid_9txq,combined,stressid
0,0.26160696,1.0,stressid_9txq,combined,stressid
0,0.26139086,1.0,stressid_9txq,combined,stressid
0,0.26139536,1.0,stressid_9txq,combined,stressid
0,0.2615592,1.0,stressid_9txq,combined,stressid
0,0.26169965,1.0,stressid_9txq,combined,stressid
0,0.16251478,1.0,stressid_9txq,combined,stressid
0,0.26162672,1.0,stressid_9txq,combined,stressid
0,0.26165608,1.0,stressid_9txq,combined,stressid
0,0.2618594,1.0,stressid_9txq,combined,stressid
0,0.2619317,1.0,stressid_9txq,combined,stressid
0,0.26177955,1.0,stressid_9txq,combined,stressid
0,0.26154023,1.0,stressid_9txq,combined,stressid
0,0.26178437,1.0,stressid_9txq,combined,stressid
0,0.26193935,1.0,stressid_9txq,combined,stressid
0,0.2617676,1.0,stressid_9txq,combined,stressid
0,0.26167077,1.0,stressid_9txq,combined,stressid
0,0.12138547,1.0,stressid_9txq,combined,stressid
0,0.2612592,1.0,stressid_9txq,combined,stressid
0,0.26101607,1.0,stressid_9txq,combined,stressid
0,0.2612439,1.0,stressid_9txq,combined,stressid
0,0.26147133,1.0,stressid_9txq,combined,stressid
0,0.26168606,1.0,stressid_9txq,combined,stressid
0,0.26173434,1.0,stressid_9txq,combined,stressid
0,0.26148218,1.0,stressid_9txq,combined,stressid
0,0.26135868,1.0,stressid_9txq,combined,stressid
0,0.26135886,1.0,stressid_9txq,combined,stressid
0,0.118316405,1.0,stressid_9txq,combined,stressid
0,0.16741765,1.0,stressid_9txq,combined,stressid
0,0.16709386,1.0,stressid_9txq,combined,stressid
0,0.15453751,1.0,stressid_9txq,combined,stressid
1,0.87737906,1.0,stressid_9txq,combined,stressid
1,0.8909131,1.0,stressid_9txq,combined,stressid
1,0.8797095,1.0,stressid_9txq,combined,stressid
1,0.8473854,1.0,stressid_9txq,combined,stressid
1,0.84744686,1.0,stressid_9txq,combined,stressid
1,0.86499435,1.0,stressid_9txq,combined,stressid
1,0.85438186,1.0,stressid_9txq,combined,stressid
1,0.8342558,1.0,stressid_9txq,combined,stressid
1,0.85233474,1.0,stressid_9txq,combined,stressid
1,0.85746104,1.0,stressid_9txq,combined,stressid
1,0.8543563,1.0,stressid_9txq,combined,stressid
1,0.88606185,1.0,stressid_9txq,combined,stressid
1,0.88372755,1.0,stressid_9txq,combined,stressid
1,0.8865541,1.0,stressid_9txq,combined,stressid
1,0.85569805,1.0,stressid_9txq,combined,stressid
1,0.8319336,1.0,stressid_9txq,combined,stressid
1,0.83820534,1.0,stressid_9txq,combined,stressid
1,0.8671136,1.0,stressid_9txq,combined,stressid
1,0.8803017,1.0,stressid_9txq,combined,stressid
1,0.8118191,1.0,stressid_9txq,combined,stressid
1,0.8072459,1.0,stressid_9txq,combined,stressid
1,0.82428336,1.0,stressid_9txq,combined,stressid
1,0.8504242,1.0,stressid_9txq,combined,stressid
1,0.86042047,1.0,stressid_9txq,combined,stressid
1,0.8692521,1.0,stressid_9txq,combined,stressid
1,0.8428263,1.0,stressid_9txq,combined,stressid
1,0.8250477,1.0,stressid_9txq,combined,stressid
1,0.8576166,1.0,stressid_9txq,combined,stressid
1,0.8512502,1.0,stressid_9txq,combined,stressid
1,0.8489944,1.0,stressid_9txq,combined,stressid
1,0.8424471,1.0,stressid_9txq,combined,stressid
1,0.85314,1.0,stressid_9txq,combined,stressid
1,0.8429768,1.0,stressid_9txq,combined,stressid
1,0.84419584,1.0,stressid_9txq,combined,stressid
1,0.8512469,1.0,stressid_9txq,combined,stressid
1,0.84552276,1.0,stressid_9txq,combined,stressid
1,0.79796827,1.0,stressid_9txq,combined,stressid
1,0.7942392,1.0,stressid_9txq,combined,stressid
1,0.68517864,1.0,stressid_9txq,combined,stressid
1,0.7325681,1.0,stressid_9txq,combined,stressid
1,0.75263864,1.0,stressid_9txq,combined,stressid
1,0.86554635,1.0,stressid_9txq,combined,stressid
1,0.85608953,1.0,stressid_9txq,combined,stressid
1,0.8492212,1.0,stressid_9txq,combined,stressid
1,0.8445046,1.0,stressid_9txq,combined,stressid
1,0.8275528,1.0,stressid_9txq,combined,stressid
1,0.81940854,1.0,stressid_9txq,combined,stressid
1,0.8059183,1.0,stressid_9txq,combined,stressid
1,0.82247305,1.0,stressid_9txq,combined,stressid
1,0.6918401,1.0,stressid_9txq,combined,stressid
1,0.64333487,1.0,stressid_9txq,combined,stressid
1,0.6963865,1.0,stressid_9txq,combined,stressid
1,0.7853799,1.0,stressid_9txq,combined,stressid
1,0.7679343,1.0,stressid_9txq,combined,stressid
1,0.7578549,1.0,stressid_9txq,combined,stressid
1,0.70059466,1.0,stressid_9txq,combined,stressid
1,0.694857,1.0,stressid_9txq,combined,stressid
1,0.6984771,1.0,stressid_9txq,combined,stressid
1,0.71977764,1.0,stressid_9txq,combined,stressid
1,0.8108813,1.0,stressid_9txq,combined,stressid
1,0.86959535,1.0,stressid_9txq,combined,stressid
1,0.8702763,1.0,stressid_9txq,combined,stressid
1,0.84429765,1.0,stressid_9txq,combined,stressid
1,0.85879266,1.0,stressid_9txq,combined,stressid
1,0.86821675,1.0,stressid_9txq,combined,stressid
1,0.8648934,1.0,stressid_9txq,combined,stressid
1,0.8747527,1.0,stressid_9txq,combined,stressid
1,0.87332165,1.0,stressid_9txq,combined,stressid
1,0.746687,1.0,stressid_9txq,combined,stressid
1,0.7204233,1.0,stressid_9txq,combined,stressid
1,0.75345904,1.0,stressid_9txq,combined,stressid
1,0.8042697,1.0,stressid_9txq,combined,stressid
1,0.7792263,1.0,stressid_9txq,combined,stressid
1,0.7706381,1.0,stressid_9txq,combined,stressid
1,0.762358,1.0,stressid_9txq,combined,stressid
1,0.8022845,1.0,stressid_9txq,combined,stressid
0,0.638149,1.0,stressid_9txq,combined,stressid
0,0.7227854,1.0,stressid_9txq,combined,stressid
0,0.666884,1.0,stressid_9txq,combined,stressid
0,0.8440329,1.0,stressid_9txq,combined,stressid
0,0.84043366,1.0,stressid_9txq,combined,stressid
0,0.81055844,1.0,stressid_9txq,combined,stressid
0,0.80811626,1.0,stressid_9txq,combined,stressid
0,0.8356736,1.0,stressid_9txq,combined,stressid
0,0.86460555,1.0,stressid_9txq,combined,stressid
0,0.8752323,1.0,stressid_9txq,combined,stressid
0,0.8631376,1.0,stressid_9txq,combined,stressid
0,0.6800158,1.0,stressid_9txq,combined,stressid
0,0.60308886,1.0,stressid_9txq,combined,stressid
0,0.695239,1.0,stressid_9txq,combined,stressid
0,0.7285212,1.0,stressid_9txq,combined,stressid
0,0.6719937,1.0,stressid_9txq,combined,stressid
0,0.66898626,1.0,stressid_9txq,combined,stressid
0,0.6854368,1.0,stressid_9txq,combined,stressid
0,0.69470054,1.0,stressid_9txq,combined,stressid
0,0.14059679,1.0,stressid_9txq,combined,stressid
0,0.14348146,1.0,stressid_9txq,combined,stressid
0,0.16110848,1.0,stressid_9txq,combined,stressid
0,0.1299458,1.0,stressid_9txq,combined,stressid
0,0.09919326,1.0,stressid_9txq,combined,stressid
0,0.097003,1.0,stressid_9txq,combined,stressid
0,0.121995345,1.0,stressid_9txq,combined,stressid
0,0.110532135,1.0,stressid_9txq,combined,stressid
0,0.09147543,1.0,stressid_9txq,combined,stressid
0,0.106260434,1.0,stressid_9txq,combined,stressid
0,0.11595541,1.0,stressid_9txq,combined,stressid
0,0.10459614,1.0,stressid_9txq,combined,stressid
0,0.13333817,1.0,stressid_9txq,combined,stressid
0,0.11087948,1.0,stressid_9txq,combined,stressid
0,0.12126365,1.0,stressid_9txq,combined,stressid
0,0.11301285,1.0,stressid_9txq,combined,stressid
0,0.13444278,1.0,stressid_9txq,combined,stressid
0,0.16658804,1.0,stressid_9txq,combined,stressid
0,0.15299,1.0,stressid_9txq,combined,stressid
0,0.122414,1.0,stressid_9txq,combined,stressid
0,0.11407179,1.0,stressid_9txq,combined,stressid
0,0.12477071,1.0,stressid_9txq,combined,stressid
0,0.2612062,1.0,stressid_9txq,combined,stressid
0,0.12878925,1.0,stressid_9txq,combined,stressid
0,0.2611692,1.0,stressid_9txq,combined,stressid
0,0.2611369,1.0,stressid_9txq,combined,stressid
0,0.2612285,1.0,stressid_9txq,combined,stressid
0,0.2615021,1.0,stressid_9txq,combined,stressid
0,0.26162037,1.0,stressid_9txq,combined,stressid
0,0.26151964,1.0,stressid_9txq,combined,stressid
0,0.26157779,1.0,stressid_9txq,combined,stressid
0,0.26173404,1.0,stressid_9txq,combined,stressid
0,0.26182696,1.0,stressid_9txq,combined,stressid
0,0.26179022,1.0,stressid_9txq,combined,stressid
0,0.123228215,1.0,stressid_9txq,combined,stressid
0,0.2619155,1.0,stressid_9txq,combined,stressid
0,0.26168355,1.0,stressid_9txq,combined,stressid
0,0.2610343,1.0,stressid_9txq,combined,stressid
0,0.2609087,1.0,stressid_9txq,combined,stressid
0,0.26111603,1.0,stressid_9txq,combined,stressid
0,0.2610766,1.0,stressid_9txq,combined,stressid
0,0.26103687,1.0,stressid_9txq,combined,stressid
0,0.26060575,1.0,stressid_9txq,combined,stressid
0,0.26057547,1.0,stressid_9txq,combined,stressid
0,0.11465491,1.0,stressid_9txq,combined,stressid
0,0.10851253,1.0,stressid_9txq,combined,stressid
0,0.13147664,1.0,stressid_9txq,combined,stressid
0,0.12149395,1.0,stressid_9txq,combined,stressid
0,0.13078713,1.0,stressid_9txq,combined,stressid
1,0.71671134,1.0,stressid_9txq,combined,stressid
1,0.6719683,1.0,stressid_9txq,combined,stressid
1,0.6670095,1.0,stressid_9txq,combined,stressid
1,0.83386916,1.0,stressid_9txq,combined,stressid
1,0.84487337,1.0,stressid_9txq,combined,stressid
1,0.84152895,1.0,stressid_9txq,combined,stressid
1,0.8121458,1.0,stressid_9txq,combined,stressid
1,0.8236414,1.0,stressid_9txq,combined,stressid
1,0.8405495,1.0,stressid_9txq,combined,stressid
1,0.83866143,1.0,stressid_9txq,combined,stressid
1,0.85477996,1.0,stressid_9txq,combined,stressid
1,0.72711337,1.0,stressid_9txq,combined,stressid
1,0.68237823,1.0,stressid_9txq,combined,stressid
1,0.6460076,1.0,stressid_9txq,combined,stressid
1,0.68094945,1.0,stressid_9txq,combined,stressid
1,0.701471,1.0,stressid_9txq,combined,stressid
1,0.72096235,1.0,stressid_9txq,combined,stressid
1,0.67229176,1.0,stressid_9txq,combined,stressid
1,0.6799987,1.0,stressid_9txq,combined,stressid
1,0.814734,1.0,stressid_9txq,combined,stressid
1,0.7660074,1.0,stressid_9txq,combined,stressid
1,0.756607,1.0,stressid_9txq,combined,stressid
1,0.8516834,1.0,stressid_9txq,combined,stressid
1,0.8540039,1.0,stressid_9txq,combined,stressid
1,0.86067516,1.0,stressid_9txq,combined,stressid
1,0.86363167,1.0,stressid_9txq,combined,stressid
1,0.8627906,1.0,stressid_9txq,combined,stressid
1,0.86056185,1.0,stressid_9txq,combined,stressid
1,0.8602355,1.0,stressid_9txq,combined,stressid
1,0.8645025,1.0,stressid_9txq,combined,stressid
1,0.75198156,1.0,stressid_9txq,combined,stressid
1,0.74904627,1.0,stressid_9txq,combined,stressid
1,0.7531359,1.0,stressid_9txq,combined,stressid
1,0.70318854,1.0,stressid_9txq,combined,stressid
1,0.7246088,1.0,stressid_9txq,combined,stressid
1,0.73835367,1.0,stressid_9txq,combined,stressid
1,0.74463195,1.0,stressid_9txq,combined,stressid
1,0.7422232,1.0,stressid_9txq,combined,stressid
1,0.14661033,1.0,stressid_9txq,combined,stressid
1,0.12692802,1.0,stressid_9txq,combined,stressid
1,0.13955845,1.0,stressid_9txq,combined,stressid
1,0.13143419,1.0,stressid_9txq,combined,stressid
1,0.12580043,1.0,stressid_9txq,combined,stressid
1,0.1564309,1.0,stressid_9txq,combined,stressid
1,0.14749047,1.0,stressid_9txq,combined,stressid
1,0.14189391,1.0,stressid_9txq,combined,stressid
1,0.1645865,1.0,stressid_9txq,combined,stressid
1,0.17215726,1.0,stressid_9txq,combined,stressid
1,0.1517622,1.0,stressid_9txq,combined,stressid
1,0.14056991,1.0,stressid_9txq,combined,stressid
1,0.15138839,1.0,stressid_9txq,combined,stressid
1,0.15233369,1.0,stressid_9txq,combined,stressid
1,0.11957067,1.0,stressid_9txq,combined,stressid
1,0.09069654,1.0,stressid_9txq,combined,stressid
1,0.10392227,1.0,stressid_9txq,combined,stressid
1,0.09860835,1.0,stressid_9txq,combined,stressid
1,0.08522236,1.0,stressid_9txq,combined,stressid
1,0.11805037,1.0,stressid_9txq,combined,stressid
1,0.12991291,1.0,stressid_9txq,combined,stressid
1,0.11530735,1.0,stressid_9txq,combined,stressid
1,0.11540755,1.0,stressid_9txq,combined,stressid
1,0.1479229,1.0,stressid_9txq,combined,stressid
1,0.123194985,1.0,stressid_9txq,combined,stressid
1,0.1154536,1.0,stressid_9txq,combined,stressid
1,0.11423768,1.0,stressid_9txq,combined,stressid
1,0.2566635,1.0,stressid_9txq,combined,stressid
1,0.25663942,1.0,stressid_9txq,combined,stressid
1,0.2566107,1.0,stressid_9txq,combined,stressid
1,0.25652683,1.0,stressid_9txq,combined,stressid
1,0.25654763,1.0,stressid_9txq,combined,stressid
1,0.25673914,1.0,stressid_9txq,combined,stressid
1,0.2606616,1.0,stressid_9txq,combined,stressid
1,0.12681006,1.0,stressid_9txq,combined,stressid
1,0.2612205,1.0,stressid_9txq,combined,stressid
1,0.25876644,1.0,stressid_9txq,combined,stressid
1,0.2593732,1.0,stressid_9txq,combined,stressid
1,0.25918925,1.0,stressid_9txq,combined,stressid
1,0.2608951,1.0,stressid_9txq,combined,stressid
1,0.26399058,1.0,stressid_9txq,combined,stressid
1,0.26369935,1.0,stressid_9txq,combined,stressid
1,0.2624096,1.0,stressid_9txq,combined,stressid
1,0.26193556,1.0,stressid_9txq,combined,stressid
1,0.26224133,1.0,stressid_9txq,combined,stressid
1,0.11835519,1.0,stressid_9txq,combined,stressid
1,0.26433745,1.0,stressid_9txq,combined,stressid
1,0.26458985,1.0,stressid_9txq,combined,stressid
1,0.26305744,1.0,stressid_9txq,combined,stressid
1,0.2630741,1.0,stressid_9txq,combined,stressid
1,0.26256728,1.0,stressid_9txq,combined,stressid
1,0.26271433,1.0,stressid_9txq,combined,stressid
1,0.2630899,1.0,stressid_9txq,combined,stressid
1,0.12488269,1.0,stressid_9txq,combined,stressid
1,0.12693067,1.0,stressid_9txq,combined,stressid
1,0.12004674,1.0,stressid_9txq,combined,stressid
1,0.12531193,1.0,stressid_9txq,combined,stressid
1,0.10671368,1.0,stressid_9txq,combined,stressid
1,0.09757631,1.0,stressid_9txq,combined,stressid
1,0.10694507,1.0,stressid_9txq,combined,stressid
1,0.11616937,1.0,stressid_9txq,combined,stressid
1,0.14380677,1.0,stressid_9txq,combined,stressid
1,0.16214491,1.0,stressid_9txq,combined,stressid
1,0.14571121,1.0,stressid_9txq,combined,stressid
1,0.14048532,1.0,stressid_9txq,combined,stressid
1,0.13873807,1.0,stressid_9txq,combined,stressid
1,0.1407209,1.0,stressid_9txq,combined,stressid
1,0.14401396,1.0,stressid_9txq,combined,stressid
1,0.14080524,1.0,stressid_9txq,combined,stressid
1,0.09966631,1.0,stressid_9txq,combined,stressid
1,0.14506967,1.0,stressid_9txq,combined,stressid
1,0.14880447,1.0,stressid_9txq,combined,stressid
1,0.25790673,1.0,stressid_9txq,combined,stressid
1,0.257543,1.0,stressid_9txq,combined,stressid
1,0.2570954,1.0,stressid_9txq,combined,stressid
1,0.25682554,1.0,stressid_9txq,combined,stressid
1,0.2565827,1.0,stressid_9txq,combined,stressid
1,0.256312,1.0,stressid_9txq,combined,stressid
1,0.2561367,1.0,stressid_9txq,combined,stressid
1,0.2560119,1.0,stressid_9txq,combined,stressid
1,0.11032462,1.0,stressid_9txq,combined,stressid
1,0.25601414,1.0,stressid_9txq,combined,stressid
1,0.25586697,1.0,stressid_9txq,combined,stressid
1,0.25683632,1.0,stressid_9txq,combined,stressid
1,0.25779057,1.0,stressid_9txq,combined,stressid
1,0.25767168,1.0,stressid_9txq,combined,stressid
1,0.25767222,1.0,stressid_9txq,combined,stressid
1,0.25731584,1.0,stressid_9txq,combined,stressid
1,0.25747365,1.0,stressid_9txq,combined,stressid
1,0.108561195,1.0,stressid_9txq,combined,stressid
1,0.0993663,1.0,stressid_9txq,combined,stressid
1,0.103024736,1.0,stressid_9txq,combined,stressid
1,0.11505628,1.0,stressid_9txq,combined,stressid
1,0.118903935,1.0,stressid_9txq,combined,stressid
1,0.10577015,1.0,stressid_9txq,combined,stressid
0,0.18244591,1.0,stressid_6k5f,combined,stressid
0,0.18025988,1.0,stressid_6k5f,combined,stressid
0,0.18247597,1.0,stressid_6k5f,combined,stressid
0,0.1850033,1.0,stressid_6k5f,combined,stressid
0,0.19567859,1.0,stressid_6k5f,combined,stressid
0,0.1960299,1.0,stressid_6k5f,combined,stressid
0,0.18324016,1.0,stressid_6k5f,combined,stressid
0,0.18512718,1.0,stressid_6k5f,combined,stressid
0,0.19454221,1.0,stressid_6k5f,combined,stressid
0,0.19321322,1.0,stressid_6k5f,combined,stressid
0,0.18559521,1.0,stressid_6k5f,combined,stressid
0,0.19060798,1.0,stressid_6k5f,combined,stressid
0,0.17572056,1.0,stressid_6k5f,combined,stressid
0,0.2032045,1.0,stressid_6k5f,combined,stressid
0,0.20139073,1.0,stressid_6k5f,combined,stressid
0,0.19625056,1.0,stressid_6k5f,combined,stressid
0,0.19923332,1.0,stressid_6k5f,combined,stressid
0,0.20318271,1.0,stressid_6k5f,combined,stressid
0,0.20627688,1.0,stressid_6k5f,combined,stressid
0,0.20383045,1.0,stressid_6k5f,combined,stressid
0,0.19115445,1.0,stressid_6k5f,combined,stressid
0,0.214855,1.0,stressid_6k5f,combined,stressid
0,0.21213527,1.0,stressid_6k5f,combined,stressid
0,0.17807832,1.0,stressid_6k5f,combined,stressid
0,0.21319643,1.0,stressid_6k5f,combined,stressid
0,0.21383382,1.0,stressid_6k5f,combined,stressid
0,0.20624684,1.0,stressid_6k5f,combined,stressid
0,0.20445302,1.0,stressid_6k5f,combined,stressid
0,0.20382702,1.0,stressid_6k5f,combined,stressid
0,0.25099665,1.0,stressid_6k5f,combined,stressid
0,0.2505684,1.0,stressid_6k5f,combined,stressid
0,0.25052366,1.0,stressid_6k5f,combined,stressid
0,0.25112113,1.0,stressid_6k5f,combined,stressid
0,0.25115043,1.0,stressid_6k5f,combined,stressid
0,0.18594703,1.0,stressid_6k5f,combined,stressid
0,0.25103903,1.0,stressid_6k5f,combined,stressid
0,0.25086048,1.0,stressid_6k5f,combined,stressid
0,0.2505314,1.0,stressid_6k5f,combined,stressid
0,0.25061467,1.0,stressid_6k5f,combined,stressid
0,0.25081226,1.0,stressid_6k5f,combined,stressid
0,0.2505388,1.0,stressid_6k5f,combined,stressid
0,0.2504663,1.0,stressid_6k5f,combined,stressid
0,0.25088927,1.0,stressid_6k5f,combined,stressid
0,0.2507425,1.0,stressid_6k5f,combined,stressid
0,0.25086987,1.0,stressid_6k5f,combined,stressid
0,0.18385509,1.0,stressid_6k5f,combined,stressid
0,0.25111124,1.0,stressid_6k5f,combined,stressid
0,0.25120002,1.0,stressid_6k5f,combined,stressid
0,0.2511855,1.0,stressid_6k5f,combined,stressid
0,0.25052404,1.0,stressid_6k5f,combined,stressid
0,0.25031155,1.0,stressid_6k5f,combined,stressid
0,0.25057852,1.0,stressid_6k5f,combined,stressid
0,0.2502774,1.0,stressid_6k5f,combined,stressid
0,0.25047833,1.0,stressid_6k5f,combined,stressid
0,0.25119308,1.0,stressid_6k5f,combined,stressid
0,0.17769124,1.0,stressid_6k5f,combined,stressid
0,0.18181705,1.0,stressid_6k5f,combined,stressid
0,0.18903965,1.0,stressid_6k5f,combined,stressid
0,0.18737878,1.0,stressid_6k5f,combined,stressid
1,0.8386876,1.0,stressid_6k5f,combined,stressid
1,0.8447058,1.0,stressid_6k5f,combined,stressid
1,0.7967502,1.0,stressid_6k5f,combined,stressid
1,0.770464,1.0,stressid_6k5f,combined,stressid
1,0.75019044,1.0,stressid_6k5f,combined,stressid
1,0.76518846,1.0,stressid_6k5f,combined,stressid
1,0.76260185,1.0,stressid_6k5f,combined,stressid
1,0.76453614,1.0,stressid_6k5f,combined,stressid
1,0.7738449,1.0,stressid_6k5f,combined,stressid
1,0.7951277,1.0,stressid_6k5f,combined,stressid
1,0.76350236,1.0,stressid_6k5f,combined,stressid
1,0.75557506,1.0,stressid_6k5f,combined,stressid
1,0.73506224,1.0,stressid_6k5f,combined,stressid
1,0.765885,1.0,stressid_6k5f,combined,stressid
1,0.85390836,1.0,stressid_6k5f,combined,stressid
1,0.8206689,1.0,stressid_6k5f,combined,stressid
1,0.8337763,1.0,stressid_6k5f,combined,stressid
1,0.80382466,1.0,stressid_6k5f,combined,stressid
1,0.7135216,1.0,stressid_6k5f,combined,stressid
1,0.6549137,1.0,stressid_6k5f,combined,stressid
1,0.7278998,1.0,stressid_6k5f,combined,stressid
1,0.8094408,1.0,stressid_6k5f,combined,stressid
1,0.79876214,1.0,stressid_6k5f,combined,stressid
1,0.84162605,1.0,stressid_6k5f,combined,stressid
1,0.8424157,1.0,stressid_6k5f,combined,stressid
1,0.8300589,1.0,stressid_6k5f,combined,stressid
1,0.8172425,1.0,stressid_6k5f,combined,stressid
1,0.8392617,1.0,stressid_6k5f,combined,stressid
1,0.8459536,1.0,stressid_6k5f,combined,stressid
1,0.7801496,1.0,stressid_6k5f,combined,stressid
1,0.80151117,1.0,stressid_6k5f,combined,stressid
1,0.827435,1.0,stressid_6k5f,combined,stressid
1,0.74983096,1.0,stressid_6k5f,combined,stressid
1,0.7407403,1.0,stressid_6k5f,combined,stressid
1,0.8688127,1.0,stressid_6k5f,combined,stressid
1,0.85738933,1.0,stressid_6k5f,combined,stressid
1,0.7288887,1.0,stressid_6k5f,combined,stressid
1,0.7454163,1.0,stressid_6k5f,combined,stressid
1,0.7274041,1.0,stressid_6k5f,combined,stressid
1,0.7208092,1.0,stressid_6k5f,combined,stressid
1,0.79678345,1.0,stressid_6k5f,combined,stressid
1,0.8023998,1.0,stressid_6k5f,combined,stressid
1,0.76278615,1.0,stressid_6k5f,combined,stressid
1,0.76372653,1.0,stressid_6k5f,combined,stressid
1,0.8075205,1.0,stressid_6k5f,combined,stressid
1,0.8264312,1.0,stressid_6k5f,combined,stressid
1,0.77482545,1.0,stressid_6k5f,combined,stressid
1,0.7230268,1.0,stressid_6k5f,combined,stressid
1,0.7526477,1.0,stressid_6k5f,combined,stressid
1,0.70047605,1.0,stressid_6k5f,combined,stressid
1,0.68446636,1.0,stressid_6k5f,combined,stressid
1,0.77609915,1.0,stressid_6k5f,combined,stressid
1,0.80662197,1.0,stressid_6k5f,combined,stressid
1,0.7685329,1.0,stressid_6k5f,combined,stressid
1,0.7880493,1.0,stressid_6k5f,combined,stressid
1,0.773472,1.0,stressid_6k5f,combined,stressid
1,0.72840077,1.0,stressid_6k5f,combined,stressid
0,0.8394785,1.0,stressid_6k5f,combined,stressid
0,0.83143145,1.0,stressid_6k5f,combined,stressid
0,0.80889916,1.0,stressid_6k5f,combined,stressid
0,0.87284446,1.0,stressid_6k5f,combined,stressid
0,0.86379397,1.0,stressid_6k5f,combined,stressid
0,0.8494456,1.0,stressid_6k5f,combined,stressid
0,0.84645194,1.0,stressid_6k5f,combined,stressid
0,0.86523813,1.0,stressid_6k5f,combined,stressid
0,0.86512756,1.0,stressid_6k5f,combined,stressid
0,0.8637951,1.0,stressid_6k5f,combined,stressid
0,0.87284577,1.0,stressid_6k5f,combined,stressid
0,0.81086284,1.0,stressid_6k5f,combined,stressid
0,0.8069906,1.0,stressid_6k5f,combined,stressid
0,0.7988759,1.0,stressid_6k5f,combined,stressid
0,0.83562845,1.0,stressid_6k5f,combined,stressid
0,0.809592,1.0,stressid_6k5f,combined,stressid
0,0.81988233,1.0,stressid_6k5f,combined,stressid
0,0.8467842,1.0,stressid_6k5f,combined,stressid
0,0.7758057,1.0,stressid_6k5f,combined,stressid
0,0.732222,1.0,stressid_6k5f,combined,stressid
0,0.7596113,1.0,stressid_6k5f,combined,stressid
0,0.71632797,1.0,stressid_6k5f,combined,stressid
0,0.7820427,1.0,stressid_6k5f,combined,stressid
0,0.75349224,1.0,stressid_6k5f,combined,stressid
0,0.7533772,1.0,stressid_6k5f,combined,stressid
0,0.7822509,1.0,stressid_6k5f,combined,stressid
0,0.83229566,1.0,stressid_6k5f,combined,stressid
0,0.83015406,1.0,stressid_6k5f,combined,stressid
0,0.830264,1.0,stressid_6k5f,combined,stressid
0,0.87302977,1.0,stressid_6k5f,combined,stressid
0,0.7396529,1.0,stressid_6k5f,combined,stressid
0,0.80754197,1.0,stressid_6k5f,combined,stressid
0,0.8234421,1.0,stressid_6k5f,combined,stressid
0,0.7034525,1.0,stressid_6k5f,combined,stressid
0,0.67961425,1.0,stressid_6k5f,combined,stressid
0,0.66964036,1.0,stressid_6k5f,combined,stressid
0,0.6712549,1.0,stressid_6k5f,combined,stressid
0,0.69898164,1.0,stressid_6k5f,combined,stressid
1,0.30748212,1.0,stressid_6k5f,combined,stressid
1,0.32548666,1.0,stressid_6k5f,combined,stressid
1,0.28973716,1.0,stressid_6k5f,combined,stressid
1,0.2886725,1.0,stressid_6k5f,combined,stressid
1,0.28507084,1.0,stressid_6k5f,combined,stressid
1,0.28522882,1.0,stressid_6k5f,combined,stressid
1,0.28089374,1.0,stressid_6k5f,combined,stressid
1,0.2759243,1.0,stressid_6k5f,combined,stressid
1,0.28275797,1.0,stressid_6k5f,combined,stressid
1,0.2845734,1.0,stressid_6k5f,combined,stressid
1,0.2884968,1.0,stressid_6k5f,combined,stressid
1,0.28572163,1.0,stressid_6k5f,combined,stressid
1,0.32751718,1.0,stressid_6k5f,combined,stressid
1,0.27749503,1.0,stressid_6k5f,combined,stressid
1,0.2774164,1.0,stressid_6k5f,combined,stressid
1,0.2755556,1.0,stressid_6k5f,combined,stressid
1,0.26728413,1.0,stressid_6k5f,combined,stressid
1,0.26536617,1.0,stressid_6k5f,combined,stressid
1,0.26353082,1.0,stressid_6k5f,combined,stressid
1,0.2618421,1.0,stressid_6k5f,combined,stressid
1,0.25361526,1.0,stressid_6k5f,combined,stressid
1,0.24116363,1.0,stressid_6k5f,combined,stressid
1,0.21810395,1.0,stressid_6k5f,combined,stressid
1,0.31369266,1.0,stressid_6k5f,combined,stressid
1,0.22885236,1.0,stressid_6k5f,combined,stressid
1,0.250494,1.0,stressid_6k5f,combined,stressid
1,0.2506243,1.0,stressid_6k5f,combined,stressid
1,0.25072372,1.0,stressid_6k5f,combined,stressid
1,0.2507682,1.0,stressid_6k5f,combined,stressid
1,0.25083628,1.0,stressid_6k5f,combined,stressid
1,0.25084293,1.0,stressid_6k5f,combined,stressid
1,0.25077653,1.0,stressid_6k5f,combined,stressid
1,0.2507021,1.0,stressid_6k5f,combined,stressid
1,0.25080568,1.0,stressid_6k5f,combined,stressid
1,0.3070763,1.0,stressid_6k5f,combined,stressid
1,0.25076953,1.0,stressid_6k5f,combined,stressid
1,0.2506807,1.0,stressid_6k5f,combined,stressid
1,0.2507102,1.0,stressid_6k5f,combined,stressid
1,0.2506956,1.0,stressid_6k5f,combined,stressid
1,0.25068253,1.0,stressid_6k5f,combined,stressid
1,0.2506663,1.0,stressid_6k5f,combined,stressid
1,0.2505177,1.0,stressid_6k5f,combined,stressid
1,0.25047746,1.0,stressid_6k5f,combined,stressid
1,0.25053072,1.0,stressid_6k5f,combined,stressid
1,0.3070461,1.0,stressid_6k5f,combined,stressid
1,0.30833223,1.0,stressid_6k5f,combined,stressid
1,0.30023772,1.0,stressid_6k5f,combined,stressid
1,0.29118305,1.0,stressid_6k5f,combined,stressid
1,0.29020247,1.0,stressid_6k5f,combined,stressid
1,0.73003495,1.0,stressid_6k5f,combined,stressid
1,0.7811335,1.0,stressid_6k5f,combined,stressid
1,0.7847227,1.0,stressid_6k5f,combined,stressid
1,0.82684517,1.0,stressid_6k5f,combined,stressid
1,0.7964777,1.0,stressid_6k5f,combined,stressid
1,0.8191124,1.0,stressid_6k5f,combined,stressid
1,0.84040034,1.0,stressid_6k5f,combined,stressid
1,0.78927237,1.0,stressid_6k5f,combined,stressid
1,0.7965614,1.0,stressid_6k5f,combined,stressid
1,0.8554117,1.0,stressid_6k5f,combined,stressid
1,0.87334436,1.0,stressid_6k5f,combined,stressid
1,0.77528125,1.0,stressid_6k5f,combined,stressid
1,0.79928315,1.0,stressid_6k5f,combined,stressid
1,0.7068858,1.0,stressid_6k5f,combined,stressid
1,0.72940665,1.0,stressid_6k5f,combined,stressid
1,0.78905857,1.0,stressid_6k5f,combined,stressid
1,0.82389534,1.0,stressid_6k5f,combined,stressid
1,0.7905327,1.0,stressid_6k5f,combined,stressid
1,0.7700397,1.0,stressid_6k5f,combined,stressid
1,0.76966727,1.0,stressid_6k5f,combined,stressid
1,0.8097928,1.0,stressid_6k5f,combined,stressid
1,0.831665,1.0,stressid_6k5f,combined,stressid
1,0.8521513,1.0,stressid_6k5f,combined,stressid
1,0.8586334,1.0,stressid_6k5f,combined,stressid
1,0.8593746,1.0,stressid_6k5f,combined,stressid
1,0.8322174,1.0,stressid_6k5f,combined,stressid
1,0.82364744,1.0,stressid_6k5f,combined,stressid
1,0.8202581,1.0,stressid_6k5f,combined,stressid
1,0.8100891,1.0,stressid_6k5f,combined,stressid
1,0.78402543,1.0,stressid_6k5f,combined,stressid
1,0.8302763,1.0,stressid_6k5f,combined,stressid
1,0.8395352,1.0,stressid_6k5f,combined,stressid
1,0.84711707,1.0,stressid_6k5f,combined,stressid
1,0.81667423,1.0,stressid_6k5f,combined,stressid
1,0.79576623,1.0,stressid_6k5f,combined,stressid
1,0.79585314,1.0,stressid_6k5f,combined,stressid
1,0.7905817,1.0,stressid_6k5f,combined,stressid
1,0.79215264,1.0,stressid_6k5f,combined,stressid
0,0.19528328,1.0,stressid_6k5f,combined,stressid
0,0.19691391,1.0,stressid_6k5f,combined,stressid
0,0.19751774,1.0,stressid_6k5f,combined,stressid
0,0.20333499,1.0,stressid_6k5f,combined,stressid
0,0.20675372,1.0,stressid_6k5f,combined,stressid
0,0.19356678,1.0,stressid_6k5f,combined,stressid
0,0.18797742,1.0,stressid_6k5f,combined,stressid
0,0.19753313,1.0,stressid_6k5f,combined,stressid
0,0.20468196,1.0,stressid_6k5f,combined,stressid
0,0.19325583,1.0,stressid_6k5f,combined,stressid
0,0.19949256,1.0,stressid_6k5f,combined,stressid
0,0.20967096,1.0,stressid_6k5f,combined,stressid
0,0.18512943,1.0,stressid_6k5f,combined,stressid
0,0.20620123,1.0,stressid_6k5f,combined,stressid
0,0.18446632,1.0,stressid_6k5f,combined,stressid
0,0.21510324,1.0,stressid_6k5f,combined,stressid
0,0.2251275,1.0,stressid_6k5f,combined,stressid
0,0.21806131,1.0,stressid_6k5f,combined,stressid
0,0.20878068,1.0,stressid_6k5f,combined,stressid
0,0.21788765,1.0,stressid_6k5f,combined,stressid
0,0.22129576,1.0,stressid_6k5f,combined,stressid
0,0.22758341,1.0,stressid_6k5f,combined,stressid
0,0.22624329,1.0,stressid_6k5f,combined,stressid
0,0.1909709,1.0,stressid_6k5f,combined,stressid
0,0.22644548,1.0,stressid_6k5f,combined,stressid
0,0.22060385,1.0,stressid_6k5f,combined,stressid
0,0.210187,1.0,stressid_6k5f,combined,stressid
0,0.24194443,1.0,stressid_6k5f,combined,stressid
0,0.24149333,1.0,stressid_6k5f,combined,stressid
0,0.25434843,1.0,stressid_6k5f,combined,stressid
0,0.25417963,1.0,stressid_6k5f,combined,stressid
0,0.25400853,1.0,stressid_6k5f,combined,stressid
0,0.2556485,1.0,stressid_6k5f,combined,stressid
0,0.25853458,1.0,stressid_6k5f,combined,stressid
0,0.19915645,1.0,stressid_6k5f,combined,stressid
0,0.26016513,1.0,stressid_6k5f,combined,stressid
0,0.26120684,1.0,stressid_6k5f,combined,stressid
0,0.26162085,1.0,stressid_6k5f,combined,stressid
0,0.26058498,1.0,stressid_6k5f,combined,stressid
0,0.2606346,1.0,stressid_6k5f,combined,stressid
0,0.2610364,1.0,stressid_6k5f,combined,stressid
0,0.25837258,1.0,stressid_6k5f,combined,stressid
0,0.2530711,1.0,stressid_6k5f,combined,stressid
0,0.2528594,1.0,stressid_6k5f,combined,stressid
0,0.2547568,1.0,stressid_6k5f,combined,stressid
0,0.19305867,1.0,stressid_6k5f,combined,stressid
0,0.25447768,1.0,stressid_6k5f,combined,stressid
0,0.25552297,1.0,stressid_6k5f,combined,stressid
0,0.2566904,1.0,stressid_6k5f,combined,stressid
0,0.25696024,1.0,stressid_6k5f,combined,stressid
0,0.256816,1.0,stressid_6k5f,combined,stressid
0,0.25617018,1.0,stressid_6k5f,combined,stressid
0,0.25584528,1.0,stressid_6k5f,combined,stressid
0,0.19913155,1.0,stressid_6k5f,combined,stressid
0,0.20710662,1.0,stressid_6k5f,combined,stressid
0,0.20853853,1.0,stressid_6k5f,combined,stressid
0,0.19727594,1.0,stressid_6k5f,combined,stressid
0,0.19165276,1.0,stressid_6k5f,combined,stressid
0,0.20655245,1.0,stressid_6k5f,combined,stressid
0,0.20699155,1.0,stressid_6k5f,combined,stressid
0,0.18928637,1.0,stressid_6k5f,combined,stressid
0,0.19424383,1.0,stressid_6k5f,combined,stressid
0,0.21505508,1.0,stressid_6k5f,combined,stressid
0,0.20083274,1.0,stressid_6k5f,combined,stressid
0,0.19177575,1.0,stressid_6k5f,combined,stressid
0,0.20137504,1.0,stressid_6k5f,combined,stressid
0,0.20838012,1.0,stressid_6k5f,combined,stressid
0,0.19977352,1.0,stressid_6k5f,combined,stressid
0,0.19343373,1.0,stressid_6k5f,combined,stressid
0,0.21037671,1.0,stressid_6k5f,combined,stressid
0,0.20219389,1.0,stressid_6k5f,combined,stressid
0,0.20978591,1.0,stressid_6k5f,combined,stressid
0,0.254631,1.0,stressid_6k5f,combined,stressid
0,0.25458583,1.0,stressid_6k5f,combined,stressid
0,0.2544686,1.0,stressid_6k5f,combined,stressid
0,0.25395116,1.0,stressid_6k5f,combined,stressid
0,0.25346342,1.0,stressid_6k5f,combined,stressid
0,0.2533099,1.0,stressid_6k5f,combined,stressid
0,0.2534379,1.0,stressid_6k5f,combined,stressid
0,0.25371328,1.0,stressid_6k5f,combined,stressid
0,0.18880697,1.0,stressid_6k5f,combined,stressid
0,0.253471,1.0,stressid_6k5f,combined,stressid
0,0.25311133,1.0,stressid_6k5f,combined,stressid
0,0.25311297,1.0,stressid_6k5f,combined,stressid
0,0.25368005,1.0,stressid_6k5f,combined,stressid
0,0.25367522,1.0,stressid_6k5f,combined,stressid
0,0.25350323,1.0,stressid_6k5f,combined,stressid
0,0.25396228,1.0,stressid_6k5f,combined,stressid
0,0.2538933,1.0,stressid_6k5f,combined,stressid
0,0.19186048,1.0,stressid_6k5f,combined,stressid
0,0.20740396,1.0,stressid_6k5f,combined,stressid
0,0.20261161,1.0,stressid_6k5f,combined,stressid
0,0.19824134,1.0,stressid_6k5f,combined,stressid
0,0.19921507,1.0,stressid_6k5f,combined,stressid
0,0.2131715,1.0,stressid_6k5f,combined,stressid
0,0.23207584,1.0,stressid_m8g5,combined,stressid
0,0.25229773,1.0,stressid_m8g5,combined,stressid
0,0.22460535,1.0,stressid_m8g5,combined,stressid
0,0.21737595,1.0,stressid_m8g5,combined,stressid
0,0.21516597,1.0,stressid_m8g5,combined,stressid
0,0.22129844,1.0,stressid_m8g5,combined,stressid
0,0.21781035,1.0,stressid_m8g5,combined,stressid
0,0.21309237,1.0,stressid_m8g5,combined,stressid
0,0.21605003,1.0,stressid_m8g5,combined,stressid
0,0.21290486,1.0,stressid_m8g5,combined,stressid
0,0.212623,1.0,stressid_m8g5,combined,stressid
0,0.21057938,1.0,stressid_m8g5,combined,stressid
0,0.2658558,1.0,stressid_m8g5,combined,stressid
0,0.20835389,1.0,stressid_m8g5,combined,stressid
0,0.20802669,1.0,stressid_m8g5,combined,stressid
0,0.20835352,1.0,stressid_m8g5,combined,stressid
0,0.20828804,1.0,stressid_m8g5,combined,stressid
0,0.20768885,1.0,stressid_m8g5,combined,stressid
0,0.2063442,1.0,stressid_m8g5,combined,stressid
0,0.20641036,1.0,stressid_m8g5,combined,stressid
0,0.20757982,1.0,stressid_m8g5,combined,stressid
0,0.2060248,1.0,stressid_m8g5,combined,stressid
0,0.2023683,1.0,stressid_m8g5,combined,stressid
0,0.25578392,1.0,stressid_m8g5,combined,stressid
0,0.2005416,1.0,stressid_m8g5,combined,stressid
0,0.20188393,1.0,stressid_m8g5,combined,stressid
0,0.19750594,1.0,stressid_m8g5,combined,stressid
0,0.19691707,1.0,stressid_m8g5,combined,stressid
0,0.19835195,1.0,stressid_m8g5,combined,stressid
0,0.24217796,1.0,stressid_m8g5,combined,stressid
0,0.23849998,1.0,stressid_m8g5,combined,stressid
0,0.22580503,1.0,stressid_m8g5,combined,stressid
0,0.23040947,1.0,stressid_m8g5,combined,stressid
0,0.23041263,1.0,stressid_m8g5,combined,stressid
0,0.24281694,1.0,stressid_m8g5,combined,stressid
0,0.22051096,1.0,stressid_m8g5,combined,stressid
0,0.2267054,1.0,stressid_m8g5,combined,stressid
0,0.22280818,1.0,stressid_m8g5,combined,stressid
0,0.22307624,1.0,stressid_m8g5,combined,stressid
0,0.22672254,1.0,stressid_m8g5,combined,stressid
0,0.22723362,1.0,stressid_m8g5,combined,stressid
0,0.22790973,1.0,stressid_m8g5,combined,stressid
0,0.22905362,1.0,stressid_m8g5,combined,stressid
0,0.23079897,1.0,stressid_m8g5,combined,stressid
0,0.22967048,1.0,stressid_m8g5,combined,stressid
0,0.23859115,1.0,stressid_m8g5,combined,stressid
0,0.23426796,1.0,stressid_m8g5,combined,stressid
0,0.23115088,1.0,stressid_m8g5,combined,stressid
0,0.23086031,1.0,stressid_m8g5,combined,stressid
0,0.23289587,1.0,stressid_m8g5,combined,stressid
0,0.23242684,1.0,stressid_m8g5,combined,stressid
0,0.23827623,1.0,stressid_m8g5,combined,stressid
0,0.24161205,1.0,stressid_m8g5,combined,stressid
0,0.24464142,1.0,stressid_m8g5,combined,stressid
0,0.24249437,1.0,stressid_m8g5,combined,stressid
0,0.23310256,1.0,stressid_m8g5,combined,stressid
0,0.22063972,1.0,stressid_m8g5,combined,stressid
0,0.21314324,1.0,stressid_m8g5,combined,stressid
0,0.21912438,1.0,stressid_m8g5,combined,stressid
1,0.6703052,1.0,stressid_m8g5,combined,stressid
1,0.6775354,1.0,stressid_m8g5,combined,stressid
1,0.66274726,1.0,stressid_m8g5,combined,stressid
1,0.70727307,1.0,stressid_m8g5,combined,stressid
1,0.70088905,1.0,stressid_m8g5,combined,stressid
1,0.6896957,1.0,stressid_m8g5,combined,stressid
1,0.69631404,1.0,stressid_m8g5,combined,stressid
1,0.69699,1.0,stressid_m8g5,combined,stressid
1,0.70171475,1.0,stressid_m8g5,combined,stressid
1,0.69968563,1.0,stressid_m8g5,combined,stressid
1,0.7045833,1.0,stressid_m8g5,combined,stressid
1,0.66819596,1.0,stressid_m8g5,combined,stressid
1,0.66148674,1.0,stressid_m8g5,combined,stressid
1,0.6595807,1.0,stressid_m8g5,combined,stressid
1,0.6652528,1.0,stressid_m8g5,combined,stressid
1,0.6639217,1.0,stressid_m8g5,combined,stressid
1,0.6621374,1.0,stressid_m8g5,combined,stressid
1,0.6676755,1.0,stressid_m8g5,combined,stressid
1,0.6650967,1.0,stressid_m8g5,combined,stressid
1,0.6666389,1.0,stressid_m8g5,combined,stressid
1,0.6807175,1.0,stressid_m8g5,combined,stressid
1,0.6728027,1.0,stressid_m8g5,combined,stressid
1,0.7093502,1.0,stressid_m8g5,combined,stressid
1,0.7013535,1.0,stressid_m8g5,combined,stressid
1,0.72622496,1.0,stressid_m8g5,combined,stressid
1,0.7245607,1.0,stressid_m8g5,combined,stressid
1,0.7293162,1.0,stressid_m8g5,combined,stressid
1,0.7344121,1.0,stressid_m8g5,combined,stressid
1,0.7292679,1.0,stressid_m8g5,combined,stressid
1,0.71750927,1.0,stressid_m8g5,combined,stressid
1,0.66035575,1.0,stressid_m8g5,combined,stressid
1,0.6512003,1.0,stressid_m8g5,combined,stressid
1,0.6747981,1.0,stressid_m8g5,combined,stressid
1,0.6920056,1.0,stressid_m8g5,combined,stressid
1,0.69759834,1.0,stressid_m8g5,combined,stressid
1,0.66599566,1.0,stressid_m8g5,combined,stressid
1,0.67384094,1.0,stressid_m8g5,combined,stressid
1,0.6838262,1.0,stressid_m8g5,combined,stressid
1,0.6547123,1.0,stressid_m8g5,combined,stressid
1,0.64819926,1.0,stressid_m8g5,combined,stressid
1,0.6862174,1.0,stressid_m8g5,combined,stressid
1,0.7022019,1.0,stressid_m8g5,combined,stressid
1,0.7078051,1.0,stressid_m8g5,combined,stressid
1,0.6956532,1.0,stressid_m8g5,combined,stressid
1,0.68606967,1.0,stressid_m8g5,combined,stressid
1,0.6704356,1.0,stressid_m8g5,combined,stressid
1,0.69287366,1.0,stressid_m8g5,combined,stressid
1,0.6951231,1.0,stressid_m8g5,combined,stressid
1,0.6969599,1.0,stressid_m8g5,combined,stressid
1,0.66051334,1.0,stressid_m8g5,combined,stressid
1,0.65929836,1.0,stressid_m8g5,combined,stressid
1,0.6580811,1.0,stressid_m8g5,combined,stressid
1,0.65214384,1.0,stressid_m8g5,combined,stressid
1,0.6391136,1.0,stressid_m8g5,combined,stressid
1,0.6503319,1.0,stressid_m8g5,combined,stressid
1,0.6685029,1.0,stressid_m8g5,combined,stressid
1,0.68219066,1.0,stressid_m8g5,combined,stressid
0,0.6652532,1.0,stressid_m8g5,combined,stressid
0,0.6655216,1.0,stressid_m8g5,combined,stressid
0,0.6507851,1.0,stressid_m8g5,combined,stressid
0,0.63350946,1.0,stressid_m8g5,combined,stressid
0,0.65621084,1.0,stressid_m8g5,combined,stressid
0,0.6658507,1.0,stressid_m8g5,combined,stressid
0,0.6528926,1.0,stressid_m8g5,combined,stressid
0,0.6502876,1.0,stressid_m8g5,combined,stressid
0,0.6733417,1.0,stressid_m8g5,combined,stressid
0,0.7014006,1.0,stressid_m8g5,combined,stressid
0,0.71215963,1.0,stressid_m8g5,combined,stressid
0,0.67402816,1.0,stressid_m8g5,combined,stressid
0,0.68189746,1.0,stressid_m8g5,combined,stressid
0,0.68209106,1.0,stressid_m8g5,combined,stressid
0,0.66276854,1.0,stressid_m8g5,combined,stressid
0,0.64954484,1.0,stressid_m8g5,combined,stressid
0,0.6686541,1.0,stressid_m8g5,combined,stressid
0,0.68787163,1.0,stressid_m8g5,combined,stressid
0,0.714424,1.0,stressid_m8g5,combined,stressid
1,0.6256715,1.0,stressid_m8g5,combined,stressid
1,0.6697334,1.0,stressid_m8g5,combined,stressid
1,0.6829507,1.0,stressid_m8g5,combined,stressid
1,0.7314902,1.0,stressid_m8g5,combined,stressid
1,0.7239175,1.0,stressid_m8g5,combined,stressid
1,0.69312173,1.0,stressid_m8g5,combined,stressid
1,0.69630027,1.0,stressid_m8g5,combined,stressid
1,0.6977641,1.0,stressid_m8g5,combined,stressid
1,0.6975657,1.0,stressid_m8g5,combined,stressid
1,0.69841254,1.0,stressid_m8g5,combined,stressid
1,0.70532167,1.0,stressid_m8g5,combined,stressid
1,0.6806215,1.0,stressid_m8g5,combined,stressid
1,0.674532,1.0,stressid_m8g5,combined,stressid
1,0.6841445,1.0,stressid_m8g5,combined,stressid
1,0.67823064,1.0,stressid_m8g5,combined,stressid
1,0.6584346,1.0,stressid_m8g5,combined,stressid
1,0.6801749,1.0,stressid_m8g5,combined,stressid
1,0.7089632,1.0,stressid_m8g5,combined,stressid
1,0.67396253,1.0,stressid_m8g5,combined,stressid
0,0.2171407,1.0,stressid_m8g5,combined,stressid
0,0.22481243,1.0,stressid_m8g5,combined,stressid
0,0.21644536,1.0,stressid_m8g5,combined,stressid
0,0.21554416,1.0,stressid_m8g5,combined,stressid
0,0.21109366,1.0,stressid_m8g5,combined,stressid
0,0.20980056,1.0,stressid_m8g5,combined,stressid
0,0.21044853,1.0,stressid_m8g5,combined,stressid
0,0.2129421,1.0,stressid_m8g5,combined,stressid
0,0.20793404,1.0,stressid_m8g5,combined,stressid
0,0.20715113,1.0,stressid_m8g5,combined,stressid
0,0.20473105,1.0,stressid_m8g5,combined,stressid
0,0.2089128,1.0,stressid_m8g5,combined,stressid
0,0.22434175,1.0,stressid_m8g5,combined,stressid
0,0.22277676,1.0,stressid_m8g5,combined,stressid
0,0.22173557,1.0,stressid_m8g5,combined,stressid
0,0.21939996,1.0,stressid_m8g5,combined,stressid
0,0.22068962,1.0,stressid_m8g5,combined,stressid
0,0.21815324,1.0,stressid_m8g5,combined,stressid
0,0.2143183,1.0,stressid_m8g5,combined,stressid
0,0.21244359,1.0,stressid_m8g5,combined,stressid
0,0.21324725,1.0,stressid_m8g5,combined,stressid
0,0.21635604,1.0,stressid_m8g5,combined,stressid
0,0.25905398,1.0,stressid_m8g5,combined,stressid
0,0.22798343,1.0,stressid_m8g5,combined,stressid
0,0.25856578,1.0,stressid_m8g5,combined,stressid
0,0.25773415,1.0,stressid_m8g5,combined,stressid
0,0.2576771,1.0,stressid_m8g5,combined,stressid
0,0.2594842,1.0,stressid_m8g5,combined,stressid
0,0.2619963,1.0,stressid_m8g5,combined,stressid
0,0.26536357,1.0,stressid_m8g5,combined,stressid
0,0.26767644,1.0,stressid_m8g5,combined,stressid
0,0.27031672,1.0,stressid_m8g5,combined,stressid
0,0.27028874,1.0,stressid_m8g5,combined,stressid
0,0.26728112,1.0,stressid_m8g5,combined,stressid
0,0.23154072,1.0,stressid_m8g5,combined,stressid
0,0.26606843,1.0,stressid_m8g5,combined,stressid
0,0.26546323,1.0,stressid_m8g5,combined,stressid
0,0.26483327,1.0,stressid_m8g5,combined,stressid
0,0.26537,1.0,stressid_m8g5,combined,stressid
0,0.26391304,1.0,stressid_m8g5,combined,stressid
0,0.26107028,1.0,stressid_m8g5,combined,stressid
0,0.26105782,1.0,stressid_m8g5,combined,stressid
0,0.26158965,1.0,stressid_m8g5,combined,stressid
0,0.26168907,1.0,stressid_m8g5,combined,stressid
0,0.22636183,1.0,stressid_m8g5,combined,stressid
0,0.22272058,1.0,stressid_m8g5,combined,stressid
0,0.22066535,1.0,stressid_m8g5,combined,stressid
0,0.22083387,1.0,stressid_m8g5,combined,stressid
0,0.21896467,1.0,stressid_m8g5,combined,stressid
0,0.6643047,1.0,stressid_m8g5,combined,stressid
0,0.6649285,1.0,stressid_m8g5,combined,stressid
0,0.67531544,1.0,stressid_m8g5,combined,stressid
0,0.71704066,1.0,stressid_m8g5,combined,stressid
0,0.7089349,1.0,stressid_m8g5,combined,stressid
0,0.693565,1.0,stressid_m8g5,combined,stressid
0,0.7093006,1.0,stressid_m8g5,combined,stressid
0,0.7037113,1.0,stressid_m8g5,combined,stressid
0,0.67390704,1.0,stressid_m8g5,combined,stressid
0,0.6741847,1.0,stressid_m8g5,combined,stressid
0,0.680569,1.0,stressid_m8g5,combined,stressid
0,0.6761628,1.0,stressid_m8g5,combined,stressid
0,0.65517306,1.0,stressid_m8g5,combined,stressid
0,0.66112983,1.0,stressid_m8g5,combined,stressid
0,0.68189573,1.0,stressid_m8g5,combined,stressid
0,0.6706519,1.0,stressid_m8g5,combined,stressid
0,0.67718345,1.0,stressid_m8g5,combined,stressid
0,0.6550925,1.0,stressid_m8g5,combined,stressid
0,0.65629643,1.0,stressid_m8g5,combined,stressid
1,0.67345643,1.0,stressid_m8g5,combined,stressid
1,0.6622094,1.0,stressid_m8g5,combined,stressid
1,0.6763392,1.0,stressid_m8g5,combined,stressid
1,0.7262356,1.0,stressid_m8g5,combined,stressid
1,0.72402155,1.0,stressid_m8g5,combined,stressid
1,0.72342324,1.0,stressid_m8g5,combined,stressid
1,0.70914173,1.0,stressid_m8g5,combined,stressid
1,0.70806855,1.0,stressid_m8g5,combined,stressid
1,0.69802994,1.0,stressid_m8g5,combined,stressid
1,0.68321913,1.0,stressid_m8g5,combined,stressid
1,0.69002676,1.0,stressid_m8g5,combined,stressid
1,0.6712981,1.0,stressid_m8g5,combined,stressid
1,0.6809528,1.0,stressid_m8g5,combined,stressid
1,0.66872656,1.0,stressid_m8g5,combined,stressid
1,0.67161626,1.0,stressid_m8g5,combined,stressid
1,0.68541664,1.0,stressid_m8g5,combined,stressid
1,0.67812914,1.0,stressid_m8g5,combined,stressid
1,0.67534447,1.0,stressid_m8g5,combined,stressid
1,0.67564976,1.0,stressid_m8g5,combined,stressid
0,0.2397484,1.0,stressid_m8g5,combined,stressid
0,0.24662706,1.0,stressid_m8g5,combined,stressid
0,0.2540852,1.0,stressid_m8g5,combined,stressid
0,0.2504543,1.0,stressid_m8g5,combined,stressid
0,0.24458031,1.0,stressid_m8g5,combined,stressid
0,0.24283193,1.0,stressid_m8g5,combined,stressid
0,0.24055272,1.0,stressid_m8g5,combined,stressid
0,0.24067344,1.0,stressid_m8g5,combined,stressid
0,0.23544769,1.0,stressid_m8g5,combined,stressid
0,0.22820194,1.0,stressid_m8g5,combined,stressid
0,0.22829588,1.0,stressid_m8g5,combined,stressid
0,0.22258621,1.0,stressid_m8g5,combined,stressid
0,0.2457435,1.0,stressid_m8g5,combined,stressid
0,0.23059498,1.0,stressid_m8g5,combined,stressid
0,0.23229827,1.0,stressid_m8g5,combined,stressid
0,0.23344982,1.0,stressid_m8g5,combined,stressid
0,0.23785095,1.0,stressid_m8g5,combined,stressid
0,0.24228998,1.0,stressid_m8g5,combined,stressid
0,0.24269105,1.0,stressid_m8g5,combined,stressid
0,0.23997034,1.0,stressid_m8g5,combined,stressid
0,0.23545204,1.0,stressid_m8g5,combined,stressid
0,0.23138776,1.0,stressid_m8g5,combined,stressid
0,0.22539648,1.0,stressid_m8g5,combined,stressid
0,0.24279644,1.0,stressid_m8g5,combined,stressid
0,0.22749326,1.0,stressid_m8g5,combined,stressid
0,0.23179817,1.0,stressid_m8g5,combined,stressid
0,0.23096938,1.0,stressid_m8g5,combined,stressid
0,0.22184658,1.0,stressid_m8g5,combined,stressid
0,0.22131236,1.0,stressid_m8g5,combined,stressid
0,0.22061165,1.0,stressid_m8g5,combined,stressid
0,0.22036882,1.0,stressid_m8g5,combined,stressid
0,0.22197048,1.0,stressid_m8g5,combined,stressid
0,0.22478472,1.0,stressid_m8g5,combined,stressid
0,0.23093547,1.0,stressid_m8g5,combined,stressid
0,0.24176434,1.0,stressid_m8g5,combined,stressid
0,0.23533727,1.0,stressid_m8g5,combined,stressid
0,0.24140562,1.0,stressid_m8g5,combined,stressid
0,0.2434656,1.0,stressid_m8g5,combined,stressid
0,0.24466664,1.0,stressid_m8g5,combined,stressid
0,0.24637829,1.0,stressid_m8g5,combined,stressid
0,0.24702913,1.0,stressid_m8g5,combined,stressid
0,0.2477952,1.0,stressid_m8g5,combined,stressid
0,0.24804382,1.0,stressid_m8g5,combined,stressid
0,0.24878208,1.0,stressid_m8g5,combined,stressid
0,0.25029704,1.0,stressid_m8g5,combined,stressid
0,0.23965703,1.0,stressid_m8g5,combined,stressid
0,0.22240575,1.0,stressid_m8g5,combined,stressid
0,0.20645909,1.0,stressid_m8g5,combined,stressid
0,0.23238681,1.0,stressid_m8g5,combined,stressid
0,0.25098535,1.0,stressid_m8g5,combined,stressid
0,0.2558173,1.0,stressid_m8g5,combined,stressid
0,0.25365585,1.0,stressid_m8g5,combined,stressid
0,0.25551006,1.0,stressid_m8g5,combined,stressid
0,0.24059416,1.0,stressid_m8g5,combined,stressid
0,0.2473742,1.0,stressid_m8g5,combined,stressid
0,0.25209668,1.0,stressid_m8g5,combined,stressid
0,0.25552008,1.0,stressid_m8g5,combined,stressid
0,0.22145149,1.0,stressid_m8g5,combined,stressid
0,0.22449884,1.0,stressid_m8g5,combined,stressid
0,0.20032513,1.0,stressid_m8g5,combined,stressid
0,0.19862528,1.0,stressid_m8g5,combined,stressid
0,0.20122308,1.0,stressid_m8g5,combined,stressid
0,0.20107456,1.0,stressid_m8g5,combined,stressid
0,0.1985265,1.0,stressid_m8g5,combined,stressid
0,0.19653793,1.0,stressid_m8g5,combined,stressid
0,0.19476373,1.0,stressid_m8g5,combined,stressid
0,0.19344953,1.0,stressid_m8g5,combined,stressid
0,0.18990827,1.0,stressid_m8g5,combined,stressid
0,0.18946892,1.0,stressid_m8g5,combined,stressid
0,0.22421521,1.0,stressid_m8g5,combined,stressid
0,0.1899572,1.0,stressid_m8g5,combined,stressid
0,0.18990164,1.0,stressid_m8g5,combined,stressid
0,0.2609145,1.0,stressid_m8g5,combined,stressid
0,0.25955173,1.0,stressid_m8g5,combined,stressid
0,0.25912234,1.0,stressid_m8g5,combined,stressid
0,0.26118907,1.0,stressid_m8g5,combined,stressid
0,0.2612616,1.0,stressid_m8g5,combined,stressid
0,0.260184,1.0,stressid_m8g5,combined,stressid
0,0.2619793,1.0,stressid_m8g5,combined,stressid
0,0.26242024,1.0,stressid_m8g5,combined,stressid
0,0.22113405,1.0,stressid_m8g5,combined,stressid
0,0.2624786,1.0,stressid_m8g5,combined,stressid
0,0.26274234,1.0,stressid_m8g5,combined,stressid
0,0.26201084,1.0,stressid_m8g5,combined,stressid
0,0.26138708,1.0,stressid_m8g5,combined,stressid
0,0.2603586,1.0,stressid_m8g5,combined,stressid
0,0.26054937,1.0,stressid_m8g5,combined,stressid
0,0.2607197,1.0,stressid_m8g5,combined,stressid
0,0.26123586,1.0,stressid_m8g5,combined,stressid
0,0.22037251,1.0,stressid_m8g5,combined,stressid
0,0.2187768,1.0,stressid_m8g5,combined,stressid
0,0.21161094,1.0,stressid_m8g5,combined,stressid
0,0.20725752,1.0,stressid_m8g5,combined,stressid
0,0.20315629,1.0,stressid_m8g5,combined,stressid
0,0.20066941,1.0,stressid_m8g5,combined,stressid
0,0.31321263,1.0,stressid_8g4y,combined,stressid
0,0.30094182,1.0,stressid_8g4y,combined,stressid
0,0.33887967,1.0,stressid_8g4y,combined,stressid
0,0.32386616,1.0,stressid_8g4y,combined,stressid
0,0.28194228,1.0,stressid_8g4y,combined,stressid
0,0.3083953,1.0,stressid_8g4y,combined,stressid
0,0.28187492,1.0,stressid_8g4y,combined,stressid
0,0.27921444,1.0,stressid_8g4y,combined,stressid
0,0.29040596,1.0,stressid_8g4y,combined,stressid
0,0.32074776,1.0,stressid_8g4y,combined,stressid
0,0.33449727,1.0,stressid_8g4y,combined,stressid
0,0.3180535,1.0,stressid_8g4y,combined,stressid
0,0.32128802,1.0,stressid_8g4y,combined,stressid
0,0.3227388,1.0,stressid_8g4y,combined,stressid
0,0.33351317,1.0,stressid_8g4y,combined,stressid
0,0.3604785,1.0,stressid_8g4y,combined,stressid
0,0.3829215,1.0,stressid_8g4y,combined,stressid
0,0.40911084,1.0,stressid_8g4y,combined,stressid
0,0.41895837,1.0,stressid_8g4y,combined,stressid
0,0.41661912,1.0,stressid_8g4y,combined,stressid
0,0.41993213,1.0,stressid_8g4y,combined,stressid
0,0.39402425,1.0,stressid_8g4y,combined,stressid
0,0.3812785,1.0,stressid_8g4y,combined,stressid
0,0.33919573,1.0,stressid_8g4y,combined,stressid
0,0.40879828,1.0,stressid_8g4y,combined,stressid
0,0.37907785,1.0,stressid_8g4y,combined,stressid
0,0.35961562,1.0,stressid_8g4y,combined,stressid
0,0.3677762,1.0,stressid_8g4y,combined,stressid
0,0.42709246,1.0,stressid_8g4y,combined,stressid
0,0.20281765,1.0,stressid_8g4y,combined,stressid
0,0.20513463,1.0,stressid_8g4y,combined,stressid
0,0.20577168,1.0,stressid_8g4y,combined,stressid
0,0.20695858,1.0,stressid_8g4y,combined,stressid
0,0.20653348,1.0,stressid_8g4y,combined,stressid
0,0.33141392,1.0,stressid_8g4y,combined,stressid
0,0.2062316,1.0,stressid_8g4y,combined,stressid
0,0.20581855,1.0,stressid_8g4y,combined,stressid
0,0.20522402,1.0,stressid_8g4y,combined,stressid
0,0.20471199,1.0,stressid_8g4y,combined,stressid
0,0.20376979,1.0,stressid_8g4y,combined,stressid
0,0.20370588,1.0,stressid_8g4y,combined,stressid
0,0.20435077,1.0,stressid_8g4y,combined,stressid
0,0.20475562,1.0,stressid_8g4y,combined,stressid
0,0.20480116,1.0,stressid_8g4y,combined,stressid
0,0.20552795,1.0,stressid_8g4y,combined,stressid
0,0.31405932,1.0,stressid_8g4y,combined,stressid
0,0.20570461,1.0,stressid_8g4y,combined,stressid
0,0.20583224,1.0,stressid_8g4y,combined,stressid
0,0.2053298,1.0,stressid_8g4y,combined,stressid
0,0.20479536,1.0,stressid_8g4y,combined,stressid
0,0.20541704,1.0,stressid_8g4y,combined,stressid
0,0.20586258,1.0,stressid_8g4y,combined,stressid
0,0.20518343,1.0,stressid_8g4y,combined,stressid
0,0.20453224,1.0,stressid_8g4y,combined,stressid
0,0.20502676,1.0,stressid_8g4y,combined,stressid
0,0.32851487,1.0,stressid_8g4y,combined,stressid
0,0.32830653,1.0,stressid_8g4y,combined,stressid
0,0.33895954,1.0,stressid_8g4y,combined,stressid
0,0.33693132,1.0,stressid_8g4y,combined,stressid
0,0.9681809,1.0,stressid_8g4y,combined,stressid
0,0.937817,1.0,stressid_8g4y,combined,stressid
0,0.94984096,1.0,stressid_8g4y,combined,stressid
0,0.93653506,1.0,stressid_8g4y,combined,stressid
0,0.88885695,1.0,stressid_8g4y,combined,stressid
0,0.87270147,1.0,stressid_8g4y,combined,stressid
0,0.93329453,1.0,stressid_8g4y,combined,stressid
0,0.92788064,1.0,stressid_8g4y,combined,stressid
0,0.8822412,1.0,stressid_8g4y,combined,stressid
0,0.8845263,1.0,stressid_8g4y,combined,stressid
0,0.9348082,1.0,stressid_8g4y,combined,stressid
0,0.9103448,1.0,stressid_8g4y,combined,stressid
0,0.86132455,1.0,stressid_8g4y,combined,stressid
0,0.8897827,1.0,stressid_8g4y,combined,stressid
0,0.91632897,1.0,stressid_8g4y,combined,stressid
0,0.95568955,1.0,stressid_8g4y,combined,stressid
0,0.9371357,1.0,stressid_8g4y,combined,stressid
0,0.9030767,1.0,stressid_8g4y,combined,stressid
0,0.9299594,1.0,stressid_8g4y,combined,stressid
1,0.9688019,1.0,stressid_8g4y,combined,stressid
1,0.91296864,1.0,stressid_8g4y,combined,stressid
1,0.94649607,1.0,stressid_8g4y,combined,stressid
1,0.84455514,1.0,stressid_8g4y,combined,stressid
1,0.91867197,1.0,stressid_8g4y,combined,stressid
1,0.894998,1.0,stressid_8g4y,combined,stressid
1,0.8669618,1.0,stressid_8g4y,combined,stressid
1,0.91490626,1.0,stressid_8g4y,combined,stressid
1,0.92555994,1.0,stressid_8g4y,combined,stressid
1,0.92596424,1.0,stressid_8g4y,combined,stressid
1,0.8764039,1.0,stressid_8g4y,combined,stressid
1,0.8337785,1.0,stressid_8g4y,combined,stressid
1,0.9177922,1.0,stressid_8g4y,combined,stressid
1,0.9301769,1.0,stressid_8g4y,combined,stressid
1,0.8951689,1.0,stressid_8g4y,combined,stressid
1,0.95443,1.0,stressid_8g4y,combined,stressid
1,0.94666356,1.0,stressid_8g4y,combined,stressid
1,0.9448934,1.0,stressid_8g4y,combined,stressid
1,0.9731611,1.0,stressid_8g4y,combined,stressid
0,0.9409859,1.0,stressid_8g4y,combined,stressid
0,0.9556029,1.0,stressid_8g4y,combined,stressid
0,0.9008143,1.0,stressid_8g4y,combined,stressid
0,0.83764386,1.0,stressid_8g4y,combined,stressid
0,0.8998989,1.0,stressid_8g4y,combined,stressid
0,0.8876976,1.0,stressid_8g4y,combined,stressid
0,0.8236256,1.0,stressid_8g4y,combined,stressid
0,0.90599054,1.0,stressid_8g4y,combined,stressid
0,0.9017668,1.0,stressid_8g4y,combined,stressid
0,0.862708,1.0,stressid_8g4y,combined,stressid
0,0.8215691,1.0,stressid_8g4y,combined,stressid
0,0.9635274,1.0,stressid_8g4y,combined,stressid
0,0.9666072,1.0,stressid_8g4y,combined,stressid
0,0.833239,1.0,stressid_8g4y,combined,stressid
0,0.81635994,1.0,stressid_8g4y,combined,stressid
0,0.91476727,1.0,stressid_8g4y,combined,stressid
0,0.94129103,1.0,stressid_8g4y,combined,stressid
0,0.9213655,1.0,stressid_8g4y,combined,stressid
0,0.92337805,1.0,stressid_8g4y,combined,stressid
1,0.93574256,1.0,stressid_8g4y,combined,stressid
1,0.9540953,1.0,stressid_8g4y,combined,stressid
1,0.9212213,1.0,stressid_8g4y,combined,stressid
1,0.88210493,1.0,stressid_8g4y,combined,stressid
1,0.910913,1.0,stressid_8g4y,combined,stressid
1,0.8794348,1.0,stressid_8g4y,combined,stressid
1,0.78972834,1.0,stressid_8g4y,combined,stressid
1,0.8290901,1.0,stressid_8g4y,combined,stressid
1,0.8604113,1.0,stressid_8g4y,combined,stressid
1,0.86142904,1.0,stressid_8g4y,combined,stressid
1,0.8228214,1.0,stressid_8g4y,combined,stressid
1,0.9125238,1.0,stressid_8g4y,combined,stressid
1,0.8720027,1.0,stressid_8g4y,combined,stressid
1,0.9303028,1.0,stressid_8g4y,combined,stressid
1,0.94469965,1.0,stressid_8g4y,combined,stressid
1,0.93056726,1.0,stressid_8g4y,combined,stressid
1,0.8941067,1.0,stressid_8g4y,combined,stressid
1,0.9171756,1.0,stressid_8g4y,combined,stressid
1,0.912693,1.0,stressid_8g4y,combined,stressid
1,0.93822294,1.0,stressid_8g4y,combined,stressid
1,0.9617098,1.0,stressid_8g4y,combined,stressid
1,0.9541526,1.0,stressid_8g4y,combined,stressid
1,0.8972965,1.0,stressid_8g4y,combined,stressid
1,0.9135254,1.0,stressid_8g4y,combined,stressid
1,0.9372179,1.0,stressid_8g4y,combined,stressid
1,0.8954305,1.0,stressid_8g4y,combined,stressid
1,0.8765757,1.0,stressid_8g4y,combined,stressid
1,0.9172904,1.0,stressid_8g4y,combined,stressid
1,0.93129957,1.0,stressid_8g4y,combined,stressid
1,0.9278532,1.0,stressid_8g4y,combined,stressid
1,0.968839,1.0,stressid_8g4y,combined,stressid
1,0.9499567,1.0,stressid_8g4y,combined,stressid
1,0.95374686,1.0,stressid_8g4y,combined,stressid
1,0.937684,1.0,stressid_8g4y,combined,stressid
1,0.91039616,1.0,stressid_8g4y,combined,stressid
1,0.9168451,1.0,stressid_8g4y,combined,stressid
1,0.9453708,1.0,stressid_8g4y,combined,stressid
1,0.93427795,1.0,stressid_8g4y,combined,stressid
0,0.30901864,1.0,stressid_8g4y,combined,stressid
0,0.30038232,1.0,stressid_8g4y,combined,stressid
0,0.2874105,1.0,stressid_8g4y,combined,stressid
0,0.26551408,1.0,stressid_8g4y,combined,stressid
0,0.2770306,1.0,stressid_8g4y,combined,stressid
0,0.27740908,1.0,stressid_8g4y,combined,stressid
0,0.28503713,1.0,stressid_8g4y,combined,stressid
0,0.29752976,1.0,stressid_8g4y,combined,stressid
0,0.28499296,1.0,stressid_8g4y,combined,stressid
0,0.2784508,1.0,stressid_8g4y,combined,stressid
0,0.27719176,1.0,stressid_8g4y,combined,stressid
0,0.274978,1.0,stressid_8g4y,combined,stressid
0,0.29985347,1.0,stressid_8g4y,combined,stressid
0,0.26547846,1.0,stressid_8g4y,combined,stressid
0,0.27050325,1.0,stressid_8g4y,combined,stressid
0,0.28269932,1.0,stressid_8g4y,combined,stressid
0,0.28390744,1.0,stressid_8g4y,combined,stressid
0,0.29191196,1.0,stressid_8g4y,combined,stressid
0,0.2931145,1.0,stressid_8g4y,combined,stressid
0,0.2926946,1.0,stressid_8g4y,combined,stressid
0,0.2920763,1.0,stressid_8g4y,combined,stressid
0,0.28556997,1.0,stressid_8g4y,combined,stressid
0,0.19045891,1.0,stressid_8g4y,combined,stressid
0,0.28725722,1.0,stressid_8g4y,combined,stressid
0,0.19042577,1.0,stressid_8g4y,combined,stressid
0,0.18962592,1.0,stressid_8g4y,combined,stressid
0,0.18974604,1.0,stressid_8g4y,combined,stressid
0,0.19266886,1.0,stressid_8g4y,combined,stressid
0,0.19487712,1.0,stressid_8g4y,combined,stressid
0,0.19350725,1.0,stressid_8g4y,combined,stressid
0,0.19297026,1.0,stressid_8g4y,combined,stressid
0,0.19307822,1.0,stressid_8g4y,combined,stressid
0,0.19292177,1.0,stressid_8g4y,combined,stressid
0,0.19236508,1.0,stressid_8g4y,combined,stressid
0,0.29031166,1.0,stressid_8g4y,combined,stressid
0,0.19184324,1.0,stressid_8g4y,combined,stressid
0,0.19271563,1.0,stressid_8g4y,combined,stressid
0,0.19259548,1.0,stressid_8g4y,combined,stressid
0,0.19301802,1.0,stressid_8g4y,combined,stressid
0,0.19348077,1.0,stressid_8g4y,combined,stressid
0,0.19335899,1.0,stressid_8g4y,combined,stressid
0,0.19357845,1.0,stressid_8g4y,combined,stressid
0,0.193125,1.0,stressid_8g4y,combined,stressid
0,0.19272287,1.0,stressid_8g4y,combined,stressid
0,0.29484248,1.0,stressid_8g4y,combined,stressid
0,0.30016994,1.0,stressid_8g4y,combined,stressid
0,0.29343364,1.0,stressid_8g4y,combined,stressid
0,0.2879957,1.0,stressid_8g4y,combined,stressid
0,0.30141252,1.0,stressid_8g4y,combined,stressid
1,0.89143497,1.0,stressid_8g4y,combined,stressid
1,0.9462138,1.0,stressid_8g4y,combined,stressid
1,0.97860295,1.0,stressid_8g4y,combined,stressid
1,0.9463486,1.0,stressid_8g4y,combined,stressid
1,0.91957957,1.0,stressid_8g4y,combined,stressid
1,0.8664642,1.0,stressid_8g4y,combined,stressid
1,0.92596054,1.0,stressid_8g4y,combined,stressid
1,0.93945134,1.0,stressid_8g4y,combined,stressid
1,0.85573524,1.0,stressid_8g4y,combined,stressid
1,0.7412753,1.0,stressid_8g4y,combined,stressid
1,0.831688,1.0,stressid_8g4y,combined,stressid
1,0.97368103,1.0,stressid_8g4y,combined,stressid
1,0.98328614,1.0,stressid_8g4y,combined,stressid
1,0.9822688,1.0,stressid_8g4y,combined,stressid
1,0.9548501,1.0,stressid_8g4y,combined,stressid
1,0.92070484,1.0,stressid_8g4y,combined,stressid
1,0.8888059,1.0,stressid_8g4y,combined,stressid
1,0.9544921,1.0,stressid_8g4y,combined,stressid
1,0.9847926,1.0,stressid_8g4y,combined,stressid
1,0.9789563,1.0,stressid_8g4y,combined,stressid
1,0.97222275,1.0,stressid_8g4y,combined,stressid
1,0.9650504,1.0,stressid_8g4y,combined,stressid
1,0.9421787,1.0,stressid_8g4y,combined,stressid
1,0.9566721,1.0,stressid_8g4y,combined,stressid
1,0.9442488,1.0,stressid_8g4y,combined,stressid
1,0.94734335,1.0,stressid_8g4y,combined,stressid
1,0.9499178,1.0,stressid_8g4y,combined,stressid
1,0.93149304,1.0,stressid_8g4y,combined,stressid
1,0.9511158,1.0,stressid_8g4y,combined,stressid
1,0.95655197,1.0,stressid_8g4y,combined,stressid
1,0.967314,1.0,stressid_8g4y,combined,stressid
1,0.97013694,1.0,stressid_8g4y,combined,stressid
1,0.9754309,1.0,stressid_8g4y,combined,stressid
1,0.9851944,1.0,stressid_8g4y,combined,stressid
1,0.97692037,1.0,stressid_8g4y,combined,stressid
1,0.9767695,1.0,stressid_8g4y,combined,stressid
1,0.98217463,1.0,stressid_8g4y,combined,stressid
1,0.97826284,1.0,stressid_8g4y,combined,stressid
0,0.32730132,1.0,stressid_8g4y,combined,stressid
0,0.32468766,1.0,stressid_8g4y,combined,stressid
0,0.3652204,1.0,stressid_8g4y,combined,stressid
0,0.3764776,1.0,stressid_8g4y,combined,stressid
0,0.34744382,1.0,stressid_8g4y,combined,stressid
0,0.336376,1.0,stressid_8g4y,combined,stressid
0,0.36246988,1.0,stressid_8g4y,combined,stressid
0,0.32975382,1.0,stressid_8g4y,combined,stressid
0,0.35298827,1.0,stressid_8g4y,combined,stressid
0,0.35319236,1.0,stressid_8g4y,combined,stressid
0,0.3331491,1.0,stressid_8g4y,combined,stressid
0,0.33988422,1.0,stressid_8g4y,combined,stressid
0,0.32678148,1.0,stressid_8g4y,combined,stressid
0,0.35688725,1.0,stressid_8g4y,combined,stressid
0,0.35771105,1.0,stressid_8g4y,combined,stressid
0,0.35946202,1.0,stressid_8g4y,combined,stressid
0,0.33839136,1.0,stressid_8g4y,combined,stressid
0,0.33417183,1.0,stressid_8g4y,combined,stressid
0,0.33586818,1.0,stressid_8g4y,combined,stressid
0,0.3625987,1.0,stressid_8g4y,combined,stressid
0,0.38809165,1.0,stressid_8g4y,combined,stressid
0,0.34805766,1.0,stressid_8g4y,combined,stressid
0,0.3558729,1.0,stressid_8g4y,combined,stressid
0,0.31280926,1.0,stressid_8g4y,combined,stressid
0,0.41547638,1.0,stressid_8g4y,combined,stressid
0,0.38568044,1.0,stressid_8g4y,combined,stressid
0,0.37218353,1.0,stressid_8g4y,combined,stressid
0,0.1983607,1.0,stressid_8g4y,combined,stressid
0,0.19800715,1.0,stressid_8g4y,combined,stressid
0,0.19822523,1.0,stressid_8g4y,combined,stressid
0,0.19876799,1.0,stressid_8g4y,combined,stressid
0,0.20001772,1.0,stressid_8g4y,combined,stressid
0,0.20143117,1.0,stressid_8g4y,combined,stressid
0,0.20211227,1.0,stressid_8g4y,combined,stressid
0,0.3251628,1.0,stressid_8g4y,combined,stressid
0,0.20168903,1.0,stressid_8g4y,combined,stressid
0,0.20144783,1.0,stressid_8g4y,combined,stressid
0,0.20205988,1.0,stressid_8g4y,combined,stressid
0,0.20357212,1.0,stressid_8g4y,combined,stressid
0,0.20384869,1.0,stressid_8g4y,combined,stressid
0,0.2028985,1.0,stressid_8g4y,combined,stressid
0,0.20288284,1.0,stressid_8g4y,combined,stressid
0,0.20369118,1.0,stressid_8g4y,combined,stressid
0,0.20639588,1.0,stressid_8g4y,combined,stressid
0,0.18952985,1.0,stressid_8g4y,combined,stressid
0,0.31864586,1.0,stressid_8g4y,combined,stressid
0,0.19034185,1.0,stressid_8g4y,combined,stressid
0,0.19206405,1.0,stressid_8g4y,combined,stressid
0,0.19198102,1.0,stressid_8g4y,combined,stressid
0,0.19060683,1.0,stressid_8g4y,combined,stressid
0,0.19052504,1.0,stressid_8g4y,combined,stressid
0,0.19085827,1.0,stressid_8g4y,combined,stressid
0,0.1905996,1.0,stressid_8g4y,combined,stressid
0,0.30598116,1.0,stressid_8g4y,combined,stressid
0,0.3203718,1.0,stressid_8g4y,combined,stressid
0,0.31488377,1.0,stressid_8g4y,combined,stressid
0,0.3520058,1.0,stressid_8g4y,combined,stressid
0,0.31211987,1.0,stressid_8g4y,combined,stressid
0,0.30982092,1.0,stressid_8g4y,combined,stressid
0,0.33575648,1.0,stressid_8g4y,combined,stressid
0,0.3292529,1.0,stressid_8g4y,combined,stressid
0,0.3031334,1.0,stressid_8g4y,combined,stressid
0,0.34958932,1.0,stressid_8g4y,combined,stressid
0,0.33969322,1.0,stressid_8g4y,combined,stressid
0,0.3157634,1.0,stressid_8g4y,combined,stressid
0,0.30670038,1.0,stressid_8g4y,combined,stressid
0,0.31973115,1.0,stressid_8g4y,combined,stressid
0,0.31635168,1.0,stressid_8g4y,combined,stressid
0,0.32864857,1.0,stressid_8g4y,combined,stressid
0,0.33675405,1.0,stressid_8g4y,combined,stressid
0,0.32921627,1.0,stressid_8g4y,combined,stressid
0,0.32004747,1.0,stressid_8g4y,combined,stressid
0,0.1904821,1.0,stressid_8g4y,combined,stressid
0,0.1899132,1.0,stressid_8g4y,combined,stressid
0,0.18985993,1.0,stressid_8g4y,combined,stressid
0,0.18942374,1.0,stressid_8g4y,combined,stressid
0,0.18858181,1.0,stressid_8g4y,combined,stressid
0,0.18773095,1.0,stressid_8g4y,combined,stressid
0,0.18713793,1.0,stressid_8g4y,combined,stressid
0,0.18753426,1.0,stressid_8g4y,combined,stressid
0,0.34514934,1.0,stressid_8g4y,combined,stressid
0,0.18791907,1.0,stressid_8g4y,combined,stressid
0,0.18803756,1.0,stressid_8g4y,combined,stressid
0,0.18735427,1.0,stressid_8g4y,combined,stressid
0,0.18720338,1.0,stressid_8g4y,combined,stressid
0,0.18661438,1.0,stressid_8g4y,combined,stressid
0,0.18554051,1.0,stressid_8g4y,combined,stressid
0,0.18515182,1.0,stressid_8g4y,combined,stressid
0,0.18501447,1.0,stressid_8g4y,combined,stressid
0,0.32916066,1.0,stressid_8g4y,combined,stressid
0,0.30761674,1.0,stressid_8g4y,combined,stressid
0,0.31481996,1.0,stressid_8g4y,combined,stressid
0,0.3647747,1.0,stressid_8g4y,combined,stressid
0,0.377417,1.0,stressid_8g4y,combined,stressid
0,0.30740315,1.0,stressid_8g4y,combined,stressid
0,0.17640088,1.0,stressid_9t6n,combined,stressid
0,0.17545551,1.0,stressid_9t6n,combined,stressid
0,0.17597356,1.0,stressid_9t6n,combined,stressid
0,0.17418745,1.0,stressid_9t6n,combined,stressid
0,0.17784566,1.0,stressid_9t6n,combined,stressid
0,0.17941134,1.0,stressid_9t6n,combined,stressid
0,0.17450175,1.0,stressid_9t6n,combined,stressid
0,0.17476028,1.0,stressid_9t6n,combined,stressid
0,0.1782952,1.0,stressid_9t6n,combined,stressid
0,0.17785148,1.0,stressid_9t6n,combined,stressid
0,0.17574812,1.0,stressid_9t6n,combined,stressid
0,0.17277673,1.0,stressid_9t6n,combined,stressid
0,0.17868038,1.0,stressid_9t6n,combined,stressid
0,0.17428918,1.0,stressid_9t6n,combined,stressid
0,0.17440747,1.0,stressid_9t6n,combined,stressid
0,0.17298716,1.0,stressid_9t6n,combined,stressid
0,0.17655598,1.0,stressid_9t6n,combined,stressid
0,0.17494327,1.0,stressid_9t6n,combined,stressid
0,0.1751272,1.0,stressid_9t6n,combined,stressid
0,0.17396256,1.0,stressid_9t6n,combined,stressid
0,0.17384344,1.0,stressid_9t6n,combined,stressid
0,0.17184128,1.0,stressid_9t6n,combined,stressid
0,0.17385396,1.0,stressid_9t6n,combined,stressid
0,0.1862233,1.0,stressid_9t6n,combined,stressid
0,0.17485791,1.0,stressid_9t6n,combined,stressid
0,0.17535168,1.0,stressid_9t6n,combined,stressid
0,0.1747893,1.0,stressid_9t6n,combined,stressid
0,0.17388429,1.0,stressid_9t6n,combined,stressid
0,0.17523563,1.0,stressid_9t6n,combined,stressid
0,0.27283904,1.0,stressid_9t6n,combined,stressid
0,0.25075325,1.0,stressid_9t6n,combined,stressid
0,0.20646536,1.0,stressid_9t6n,combined,stressid
0,0.23495314,1.0,stressid_9t6n,combined,stressid
0,0.29106617,1.0,stressid_9t6n,combined,stressid
0,0.17933106,1.0,stressid_9t6n,combined,stressid
0,0.28471056,1.0,stressid_9t6n,combined,stressid
0,0.2741135,1.0,stressid_9t6n,combined,stressid
0,0.27031326,1.0,stressid_9t6n,combined,stressid
0,0.2700391,1.0,stressid_9t6n,combined,stressid
0,0.2700809,1.0,stressid_9t6n,combined,stressid
0,0.27025053,1.0,stressid_9t6n,combined,stressid
0,0.27056223,1.0,stressid_9t6n,combined,stressid
0,0.2706641,1.0,stressid_9t6n,combined,stressid
0,0.2708344,1.0,stressid_9t6n,combined,stressid
0,0.22013167,1.0,stressid_9t6n,combined,stressid
0,0.17664109,1.0,stressid_9t6n,combined,stressid
0,0.19007714,1.0,stressid_9t6n,combined,stressid
0,0.19248044,1.0,stressid_9t6n,combined,stressid
0,0.181247,1.0,stressid_9t6n,combined,stressid
0,0.17812322,1.0,stressid_9t6n,combined,stressid
0,0.17640935,1.0,stressid_9t6n,combined,stressid
0,0.18441007,1.0,stressid_9t6n,combined,stressid
0,0.18367025,1.0,stressid_9t6n,combined,stressid
0,0.17869648,1.0,stressid_9t6n,combined,stressid
0,0.17690521,1.0,stressid_9t6n,combined,stressid
0,0.17646517,1.0,stressid_9t6n,combined,stressid
0,0.17937283,1.0,stressid_9t6n,combined,stressid
0,0.17712805,1.0,stressid_9t6n,combined,stressid
0,0.1741937,1.0,stressid_9t6n,combined,stressid
1,0.65829414,1.0,stressid_9t6n,combined,stressid
1,0.6595976,1.0,stressid_9t6n,combined,stressid
1,0.6544838,1.0,stressid_9t6n,combined,stressid
1,0.6335067,1.0,stressid_9t6n,combined,stressid
1,0.605902,1.0,stressid_9t6n,combined,stressid
1,0.6479973,1.0,stressid_9t6n,combined,stressid
1,0.65954655,1.0,stressid_9t6n,combined,stressid
1,0.59307307,1.0,stressid_9t6n,combined,stressid
1,0.57932824,1.0,stressid_9t6n,combined,stressid
1,0.5063944,1.0,stressid_9t6n,combined,stressid
1,0.52776617,1.0,stressid_9t6n,combined,stressid
1,0.709086,1.0,stressid_9t6n,combined,stressid
1,0.6840883,1.0,stressid_9t6n,combined,stressid
1,0.6569508,1.0,stressid_9t6n,combined,stressid
1,0.7835707,1.0,stressid_9t6n,combined,stressid
1,0.80616933,1.0,stressid_9t6n,combined,stressid
1,0.78688085,1.0,stressid_9t6n,combined,stressid
1,0.7622293,1.0,stressid_9t6n,combined,stressid
1,0.67531234,1.0,stressid_9t6n,combined,stressid
1,0.8500263,1.0,stressid_9t6n,combined,stressid
1,0.8909313,1.0,stressid_9t6n,combined,stressid
1,0.84298784,1.0,stressid_9t6n,combined,stressid
1,0.77984464,1.0,stressid_9t6n,combined,stressid
1,0.7949136,1.0,stressid_9t6n,combined,stressid
1,0.7176843,1.0,stressid_9t6n,combined,stressid
1,0.6441354,1.0,stressid_9t6n,combined,stressid
1,0.57300663,1.0,stressid_9t6n,combined,stressid
1,0.5403545,1.0,stressid_9t6n,combined,stressid
1,0.56290025,1.0,stressid_9t6n,combined,stressid
1,0.6063257,1.0,stressid_9t6n,combined,stressid
1,0.8160334,1.0,stressid_9t6n,combined,stressid
1,0.6986728,1.0,stressid_9t6n,combined,stressid
1,0.68110734,1.0,stressid_9t6n,combined,stressid
1,0.7593561,1.0,stressid_9t6n,combined,stressid
1,0.8419183,1.0,stressid_9t6n,combined,stressid
1,0.8602238,1.0,stressid_9t6n,combined,stressid
1,0.83675486,1.0,stressid_9t6n,combined,stressid
1,0.86510587,1.0,stressid_9t6n,combined,stressid
1,0.7824324,1.0,stressid_9t6n,combined,stressid
1,0.71815145,1.0,stressid_9t6n,combined,stressid
1,0.694053,1.0,stressid_9t6n,combined,stressid
1,0.65941817,1.0,stressid_9t6n,combined,stressid
1,0.70270616,1.0,stressid_9t6n,combined,stressid
1,0.6987331,1.0,stressid_9t6n,combined,stressid
1,0.7319364,1.0,stressid_9t6n,combined,stressid
1,0.6989351,1.0,stressid_9t6n,combined,stressid
1,0.6978077,1.0,stressid_9t6n,combined,stressid
1,0.7460115,1.0,stressid_9t6n,combined,stressid
1,0.76003927,1.0,stressid_9t6n,combined,stressid
1,0.6575501,1.0,stressid_9t6n,combined,stressid
1,0.69371957,1.0,stressid_9t6n,combined,stressid
1,0.77216,1.0,stressid_9t6n,combined,stressid
1,0.80416477,1.0,stressid_9t6n,combined,stressid
1,0.7640133,1.0,stressid_9t6n,combined,stressid
1,0.6939261,1.0,stressid_9t6n,combined,stressid
1,0.7076562,1.0,stressid_9t6n,combined,stressid
1,0.7006392,1.0,stressid_9t6n,combined,stressid
1,0.8125649,1.0,stressid_9t6n,combined,stressid
1,0.8283308,1.0,stressid_9t6n,combined,stressid
1,0.61636764,1.0,stressid_9t6n,combined,stressid
1,0.515003,1.0,stressid_9t6n,combined,stressid
1,0.54812557,1.0,stressid_9t6n,combined,stressid
1,0.56257564,1.0,stressid_9t6n,combined,stressid
1,0.6534575,1.0,stressid_9t6n,combined,stressid
1,0.642196,1.0,stressid_9t6n,combined,stressid
1,0.6587132,1.0,stressid_9t6n,combined,stressid
1,0.7474871,1.0,stressid_9t6n,combined,stressid
1,0.771971,1.0,stressid_9t6n,combined,stressid
1,0.7785036,1.0,stressid_9t6n,combined,stressid
1,0.65130055,1.0,stressid_9t6n,combined,stressid
1,0.6581972,1.0,stressid_9t6n,combined,stressid
1,0.694217,1.0,stressid_9t6n,combined,stressid
1,0.6824751,1.0,stressid_9t6n,combined,stressid
1,0.6522703,1.0,stressid_9t6n,combined,stressid
1,0.71727645,1.0,stressid_9t6n,combined,stressid
1,0.7032976,1.0,stressid_9t6n,combined,stressid
1,0.7052237,1.0,stressid_9t6n,combined,stressid
1,0.83130455,1.0,stressid_9t6n,combined,stressid
1,0.82855433,1.0,stressid_9t6n,combined,stressid
1,0.7680161,1.0,stressid_9t6n,combined,stressid
1,0.7872539,1.0,stressid_9t6n,combined,stressid
1,0.79002833,1.0,stressid_9t6n,combined,stressid
1,0.79298097,1.0,stressid_9t6n,combined,stressid
1,0.7915909,1.0,stressid_9t6n,combined,stressid
1,0.8040416,1.0,stressid_9t6n,combined,stressid
1,0.78814864,1.0,stressid_9t6n,combined,stressid
1,0.7582074,1.0,stressid_9t6n,combined,stressid
1,0.7688452,1.0,stressid_9t6n,combined,stressid
1,0.6287046,1.0,stressid_9t6n,combined,stressid
1,0.7533698,1.0,stressid_9t6n,combined,stressid
1,0.8113722,1.0,stressid_9t6n,combined,stressid
1,0.75332725,1.0,stressid_9t6n,combined,stressid
1,0.7709415,1.0,stressid_9t6n,combined,stressid
1,0.8168297,1.0,stressid_9t6n,combined,stressid
1,0.82262087,1.0,stressid_9t6n,combined,stressid
0,0.2202809,1.0,stressid_9t6n,combined,stressid
0,0.21494082,1.0,stressid_9t6n,combined,stressid
0,0.18468839,1.0,stressid_9t6n,combined,stressid
0,0.18428056,1.0,stressid_9t6n,combined,stressid
0,0.17587264,1.0,stressid_9t6n,combined,stressid
0,0.17875037,1.0,stressid_9t6n,combined,stressid
0,0.19312748,1.0,stressid_9t6n,combined,stressid
0,0.18934086,1.0,stressid_9t6n,combined,stressid
0,0.18377076,1.0,stressid_9t6n,combined,stressid
0,0.19058354,1.0,stressid_9t6n,combined,stressid
0,0.18870859,1.0,stressid_9t6n,combined,stressid
0,0.18267582,1.0,stressid_9t6n,combined,stressid
0,0.18786535,1.0,stressid_9t6n,combined,stressid
0,0.17956369,1.0,stressid_9t6n,combined,stressid
0,0.17307746,1.0,stressid_9t6n,combined,stressid
0,0.1721492,1.0,stressid_9t6n,combined,stressid
0,0.17593922,1.0,stressid_9t6n,combined,stressid
0,0.17786807,1.0,stressid_9t6n,combined,stressid
0,0.17407236,1.0,stressid_9t6n,combined,stressid
0,0.17959118,1.0,stressid_9t6n,combined,stressid
0,0.17946154,1.0,stressid_9t6n,combined,stressid
0,0.17314029,1.0,stressid_9t6n,combined,stressid
0,0.18325332,1.0,stressid_9t6n,combined,stressid
0,0.18040824,1.0,stressid_9t6n,combined,stressid
0,0.18359503,1.0,stressid_9t6n,combined,stressid
0,0.18438366,1.0,stressid_9t6n,combined,stressid
0,0.1852298,1.0,stressid_9t6n,combined,stressid
0,0.18619873,1.0,stressid_9t6n,combined,stressid
0,0.18636468,1.0,stressid_9t6n,combined,stressid
0,0.18690455,1.0,stressid_9t6n,combined,stressid
0,0.18740223,1.0,stressid_9t6n,combined,stressid
0,0.18726866,1.0,stressid_9t6n,combined,stressid
0,0.18863288,1.0,stressid_9t6n,combined,stressid
0,0.19039957,1.0,stressid_9t6n,combined,stressid
0,0.18884999,1.0,stressid_9t6n,combined,stressid
0,0.18962434,1.0,stressid_9t6n,combined,stressid
0,0.18959875,1.0,stressid_9t6n,combined,stressid
0,0.18873787,1.0,stressid_9t6n,combined,stressid
0,0.18888362,1.0,stressid_9t6n,combined,stressid
0,0.18990354,1.0,stressid_9t6n,combined,stressid
0,0.18893716,1.0,stressid_9t6n,combined,stressid
0,0.18862824,1.0,stressid_9t6n,combined,stressid
0,0.18842024,1.0,stressid_9t6n,combined,stressid
0,0.18837579,1.0,stressid_9t6n,combined,stressid
0,0.18541038,1.0,stressid_9t6n,combined,stressid
0,0.17612797,1.0,stressid_9t6n,combined,stressid
0,0.18388602,1.0,stressid_9t6n,combined,stressid
0,0.1822032,1.0,stressid_9t6n,combined,stressid
0,0.18058479,1.0,stressid_9t6n,combined,stressid
1,0.85474193,1.0,stressid_9t6n,combined,stressid
1,0.9250037,1.0,stressid_9t6n,combined,stressid
1,0.8510624,1.0,stressid_9t6n,combined,stressid
1,0.8130278,1.0,stressid_9t6n,combined,stressid
1,0.80713874,1.0,stressid_9t6n,combined,stressid
1,0.7933964,1.0,stressid_9t6n,combined,stressid
1,0.7481857,1.0,stressid_9t6n,combined,stressid
1,0.75781184,1.0,stressid_9t6n,combined,stressid
1,0.82751375,1.0,stressid_9t6n,combined,stressid
1,0.8228708,1.0,stressid_9t6n,combined,stressid
1,0.7615418,1.0,stressid_9t6n,combined,stressid
1,0.76869375,1.0,stressid_9t6n,combined,stressid
1,0.6250835,1.0,stressid_9t6n,combined,stressid
1,0.75483024,1.0,stressid_9t6n,combined,stressid
1,0.8469708,1.0,stressid_9t6n,combined,stressid
1,0.85958093,1.0,stressid_9t6n,combined,stressid
1,0.8596684,1.0,stressid_9t6n,combined,stressid
1,0.8252816,1.0,stressid_9t6n,combined,stressid
1,0.8394656,1.0,stressid_9t6n,combined,stressid
1,0.7622213,1.0,stressid_9t6n,combined,stressid
1,0.7275252,1.0,stressid_9t6n,combined,stressid
1,0.7941066,1.0,stressid_9t6n,combined,stressid
1,0.68596935,1.0,stressid_9t6n,combined,stressid
1,0.71219236,1.0,stressid_9t6n,combined,stressid
1,0.67226654,1.0,stressid_9t6n,combined,stressid
1,0.6514691,1.0,stressid_9t6n,combined,stressid
1,0.7257316,1.0,stressid_9t6n,combined,stressid
1,0.7841515,1.0,stressid_9t6n,combined,stressid
1,0.79779404,1.0,stressid_9t6n,combined,stressid
1,0.80744565,1.0,stressid_9t6n,combined,stressid
1,0.59093606,1.0,stressid_9t6n,combined,stressid
1,0.60909647,1.0,stressid_9t6n,combined,stressid
1,0.600789,1.0,stressid_9t6n,combined,stressid
1,0.624932,1.0,stressid_9t6n,combined,stressid
1,0.68713325,1.0,stressid_9t6n,combined,stressid
1,0.6849807,1.0,stressid_9t6n,combined,stressid
1,0.691489,1.0,stressid_9t6n,combined,stressid
1,0.8099632,1.0,stressid_9t6n,combined,stressid
1,0.19961044,1.0,stressid_9t6n,combined,stressid
1,0.1870109,1.0,stressid_9t6n,combined,stressid
1,0.18387127,1.0,stressid_9t6n,combined,stressid
1,0.18808661,1.0,stressid_9t6n,combined,stressid
1,0.1785868,1.0,stressid_9t6n,combined,stressid
1,0.18030284,1.0,stressid_9t6n,combined,stressid
1,0.18597788,1.0,stressid_9t6n,combined,stressid
1,0.19324253,1.0,stressid_9t6n,combined,stressid
1,0.2002461,1.0,stressid_9t6n,combined,stressid
1,0.21206985,1.0,stressid_9t6n,combined,stressid
1,0.21240056,1.0,stressid_9t6n,combined,stressid
1,0.18456227,1.0,stressid_9t6n,combined,stressid
1,0.19835176,1.0,stressid_9t6n,combined,stressid
1,0.17626001,1.0,stressid_9t6n,combined,stressid
1,0.19331059,1.0,stressid_9t6n,combined,stressid
1,0.2399053,1.0,stressid_9t6n,combined,stressid
1,0.24237351,1.0,stressid_9t6n,combined,stressid
1,0.19131148,1.0,stressid_9t6n,combined,stressid
1,0.19466057,1.0,stressid_9t6n,combined,stressid
1,0.19956636,1.0,stressid_9t6n,combined,stressid
1,0.19598381,1.0,stressid_9t6n,combined,stressid
1,0.19497752,1.0,stressid_9t6n,combined,stressid
1,0.19567803,1.0,stressid_9t6n,combined,stressid
1,0.23336717,1.0,stressid_9t6n,combined,stressid
1,0.20002696,1.0,stressid_9t6n,combined,stressid
1,0.20661022,1.0,stressid_9t6n,combined,stressid
1,0.21731055,1.0,stressid_9t6n,combined,stressid
1,0.17971718,1.0,stressid_9t6n,combined,stressid
1,0.16435649,1.0,stressid_9t6n,combined,stressid
1,0.13197765,1.0,stressid_9t6n,combined,stressid
1,0.113497026,1.0,stressid_9t6n,combined,stressid
1,0.11564615,1.0,stressid_9t6n,combined,stressid
1,0.13900116,1.0,stressid_9t6n,combined,stressid
1,0.17844652,1.0,stressid_9t6n,combined,stressid
1,0.23672207,1.0,stressid_9t6n,combined,stressid
1,0.177668,1.0,stressid_9t6n,combined,stressid
1,0.17850462,1.0,stressid_9t6n,combined,stressid
1,0.17949678,1.0,stressid_9t6n,combined,stressid
1,0.18019572,1.0,stressid_9t6n,combined,stressid
1,0.17975552,1.0,stressid_9t6n,combined,stressid
1,0.18040022,1.0,stressid_9t6n,combined,stressid
1,0.18140507,1.0,stressid_9t6n,combined,stressid
1,0.17513388,1.0,stressid_9t6n,combined,stressid
1,0.17705515,1.0,stressid_9t6n,combined,stressid
1,0.17541048,1.0,stressid_9t6n,combined,stressid
1,0.21295618,1.0,stressid_9t6n,combined,stressid
1,0.1766803,1.0,stressid_9t6n,combined,stressid
1,0.17904569,1.0,stressid_9t6n,combined,stressid
1,0.1880535,1.0,stressid_9t6n,combined,stressid
1,0.1978836,1.0,stressid_9t6n,combined,stressid
1,0.21376276,1.0,stressid_9t6n,combined,stressid
1,0.20768596,1.0,stressid_9t6n,combined,stressid
1,0.21307172,1.0,stressid_9t6n,combined,stressid
1,0.22183202,1.0,stressid_9t6n,combined,stressid
1,0.22342798,1.0,stressid_9t6n,combined,stressid
1,0.2091184,1.0,stressid_9t6n,combined,stressid
1,0.19093187,1.0,stressid_9t6n,combined,stressid
1,0.1949831,1.0,stressid_9t6n,combined,stressid
1,0.20763616,1.0,stressid_9t6n,combined,stressid
1,0.17640044,1.0,stressid_9t6n,combined,stressid
1,0.18109058,1.0,stressid_9t6n,combined,stressid
1,0.19292766,1.0,stressid_9t6n,combined,stressid
1,0.19791771,1.0,stressid_9t6n,combined,stressid
1,0.20385166,1.0,stressid_9t6n,combined,stressid
1,0.1991717,1.0,stressid_9t6n,combined,stressid
1,0.194323,1.0,stressid_9t6n,combined,stressid
1,0.19309694,1.0,stressid_9t6n,combined,stressid
1,0.18642472,1.0,stressid_9t6n,combined,stressid
1,0.17919087,1.0,stressid_9t6n,combined,stressid
1,0.21017268,1.0,stressid_9t6n,combined,stressid
1,0.1818949,1.0,stressid_9t6n,combined,stressid
1,0.18448938,1.0,stressid_9t6n,combined,stressid
1,0.1932963,1.0,stressid_9t6n,combined,stressid
1,0.2412646,1.0,stressid_9t6n,combined,stressid
1,0.22572434,1.0,stressid_9t6n,combined,stressid
1,0.17550856,1.0,stressid_9t6n,combined,stressid
1,0.18553539,1.0,stressid_9t6n,combined,stressid
1,0.18566011,1.0,stressid_9t6n,combined,stressid
1,0.17674164,1.0,stressid_9t6n,combined,stressid
1,0.17669326,1.0,stressid_9t6n,combined,stressid
1,0.21203354,1.0,stressid_9t6n,combined,stressid
1,0.17865211,1.0,stressid_9t6n,combined,stressid
1,0.17954488,1.0,stressid_9t6n,combined,stressid
1,0.1799314,1.0,stressid_9t6n,combined,stressid
1,0.18030228,1.0,stressid_9t6n,combined,stressid
1,0.17971067,1.0,stressid_9t6n,combined,stressid
1,0.18116884,1.0,stressid_9t6n,combined,stressid
1,0.1807073,1.0,stressid_9t6n,combined,stressid
1,0.17764398,1.0,stressid_9t6n,combined,stressid
1,0.21855399,1.0,stressid_9t6n,combined,stressid
1,0.23130842,1.0,stressid_9t6n,combined,stressid
1,0.21794346,1.0,stressid_9t6n,combined,stressid
1,0.24177565,1.0,stressid_9t6n,combined,stressid
1,0.23121414,1.0,stressid_9t6n,combined,stressid
1,0.18763097,1.0,stressid_9t6n,combined,stressid
1,0.16941257,1.0,stressid_j9h8,combined,stressid
1,0.16599111,1.0,stressid_j9h8,combined,stressid
1,0.15649898,1.0,stressid_j9h8,combined,stressid
1,0.15715049,1.0,stressid_j9h8,combined,stressid
1,0.15986809,1.0,stressid_j9h8,combined,stressid
1,0.15761255,1.0,stressid_j9h8,combined,stressid
1,0.14895207,1.0,stressid_j9h8,combined,stressid
1,0.14659508,1.0,stressid_j9h8,combined,stressid
1,0.15647735,1.0,stressid_j9h8,combined,stressid
1,0.14965384,1.0,stressid_j9h8,combined,stressid
1,0.14020726,1.0,stressid_j9h8,combined,stressid
1,0.14115722,1.0,stressid_j9h8,combined,stressid
1,0.16117994,1.0,stressid_j9h8,combined,stressid
1,0.14018413,1.0,stressid_j9h8,combined,stressid
1,0.14122958,1.0,stressid_j9h8,combined,stressid
1,0.14421006,1.0,stressid_j9h8,combined,stressid
1,0.14094974,1.0,stressid_j9h8,combined,stressid
1,0.1382957,1.0,stressid_j9h8,combined,stressid
1,0.14029233,1.0,stressid_j9h8,combined,stressid
1,0.13575514,1.0,stressid_j9h8,combined,stressid
1,0.1367667,1.0,stressid_j9h8,combined,stressid
1,0.13886371,1.0,stressid_j9h8,combined,stressid
1,0.13667692,1.0,stressid_j9h8,combined,stressid
1,0.16395009,1.0,stressid_j9h8,combined,stressid
1,0.13484724,1.0,stressid_j9h8,combined,stressid
1,0.13401549,1.0,stressid_j9h8,combined,stressid
1,0.13230132,1.0,stressid_j9h8,combined,stressid
1,0.13219239,1.0,stressid_j9h8,combined,stressid
1,0.13410039,1.0,stressid_j9h8,combined,stressid
1,0.23732476,1.0,stressid_j9h8,combined,stressid
1,0.23833372,1.0,stressid_j9h8,combined,stressid
1,0.2377547,1.0,stressid_j9h8,combined,stressid
1,0.23700024,1.0,stressid_j9h8,combined,stressid
1,0.23764135,1.0,stressid_j9h8,combined,stressid
1,0.17022222,1.0,stressid_j9h8,combined,stressid
1,0.23746987,1.0,stressid_j9h8,combined,stressid
1,0.23712954,1.0,stressid_j9h8,combined,stressid
1,0.23749669,1.0,stressid_j9h8,combined,stressid
1,0.23760656,1.0,stressid_j9h8,combined,stressid
1,0.23715091,1.0,stressid_j9h8,combined,stressid
1,0.24820001,1.0,stressid_j9h8,combined,stressid
1,0.26132926,1.0,stressid_j9h8,combined,stressid
1,0.24747035,1.0,stressid_j9h8,combined,stressid
1,0.23828183,1.0,stressid_j9h8,combined,stressid
1,0.23856054,1.0,stressid_j9h8,combined,stressid
1,0.16740005,1.0,stressid_j9h8,combined,stressid
1,0.2381707,1.0,stressid_j9h8,combined,stressid
1,0.23823528,1.0,stressid_j9h8,combined,stressid
1,0.23826933,1.0,stressid_j9h8,combined,stressid
1,0.24012463,1.0,stressid_j9h8,combined,stressid
1,0.24693711,1.0,stressid_j9h8,combined,stressid
1,0.2533649,1.0,stressid_j9h8,combined,stressid
1,0.25744832,1.0,stressid_j9h8,combined,stressid
1,0.25579703,1.0,stressid_j9h8,combined,stressid
1,0.2442078,1.0,stressid_j9h8,combined,stressid
1,0.16097727,1.0,stressid_j9h8,combined,stressid
1,0.16080402,1.0,stressid_j9h8,combined,stressid
1,0.16109198,1.0,stressid_j9h8,combined,stressid
1,0.1567498,1.0,stressid_j9h8,combined,stressid
1,0.29291242,1.0,stressid_j9h8,combined,stressid
1,0.38682097,1.0,stressid_j9h8,combined,stressid
1,0.5097794,1.0,stressid_j9h8,combined,stressid
1,0.63379115,1.0,stressid_j9h8,combined,stressid
1,0.5875709,1.0,stressid_j9h8,combined,stressid
1,0.4995748,1.0,stressid_j9h8,combined,stressid
1,0.44765913,1.0,stressid_j9h8,combined,stressid
1,0.44398475,1.0,stressid_j9h8,combined,stressid
1,0.5432758,1.0,stressid_j9h8,combined,stressid
1,0.56831217,1.0,stressid_j9h8,combined,stressid
1,0.5510874,1.0,stressid_j9h8,combined,stressid
1,0.31814915,1.0,stressid_j9h8,combined,stressid
1,0.24489544,1.0,stressid_j9h8,combined,stressid
1,0.37653792,1.0,stressid_j9h8,combined,stressid
1,0.44575232,1.0,stressid_j9h8,combined,stressid
1,0.43979576,1.0,stressid_j9h8,combined,stressid
1,0.4289989,1.0,stressid_j9h8,combined,stressid
1,0.47593516,1.0,stressid_j9h8,combined,stressid
1,0.50536054,1.0,stressid_j9h8,combined,stressid
1,0.3415725,1.0,stressid_j9h8,combined,stressid
1,0.37884626,1.0,stressid_j9h8,combined,stressid
1,0.43342263,1.0,stressid_j9h8,combined,stressid
1,0.5683387,1.0,stressid_j9h8,combined,stressid
1,0.53613824,1.0,stressid_j9h8,combined,stressid
1,0.5735274,1.0,stressid_j9h8,combined,stressid
1,0.5855723,1.0,stressid_j9h8,combined,stressid
1,0.603033,1.0,stressid_j9h8,combined,stressid
1,0.59392715,1.0,stressid_j9h8,combined,stressid
1,0.5741638,1.0,stressid_j9h8,combined,stressid
1,0.61104953,1.0,stressid_j9h8,combined,stressid
1,0.35274845,1.0,stressid_j9h8,combined,stressid
1,0.29683125,1.0,stressid_j9h8,combined,stressid
1,0.29442948,1.0,stressid_j9h8,combined,stressid
1,0.37341902,1.0,stressid_j9h8,combined,stressid
1,0.41068673,1.0,stressid_j9h8,combined,stressid
1,0.34853753,1.0,stressid_j9h8,combined,stressid
1,0.4048334,1.0,stressid_j9h8,combined,stressid
1,0.47135568,1.0,stressid_j9h8,combined,stressid
1,0.35004106,1.0,stressid_j9h8,combined,stressid
1,0.28430092,1.0,stressid_j9h8,combined,stressid
1,0.47365174,1.0,stressid_j9h8,combined,stressid
1,0.61925787,1.0,stressid_j9h8,combined,stressid
1,0.5253527,1.0,stressid_j9h8,combined,stressid
1,0.5592942,1.0,stressid_j9h8,combined,stressid
1,0.6003109,1.0,stressid_j9h8,combined,stressid
1,0.59293246,1.0,stressid_j9h8,combined,stressid
1,0.5777109,1.0,stressid_j9h8,combined,stressid
1,0.6290122,1.0,stressid_j9h8,combined,stressid
1,0.5949883,1.0,stressid_j9h8,combined,stressid
1,0.28275037,1.0,stressid_j9h8,combined,stressid
1,0.326445,1.0,stressid_j9h8,combined,stressid
1,0.36277637,1.0,stressid_j9h8,combined,stressid
1,0.31499597,1.0,stressid_j9h8,combined,stressid
1,0.34463605,1.0,stressid_j9h8,combined,stressid
1,0.51032865,1.0,stressid_j9h8,combined,stressid
1,0.5446348,1.0,stressid_j9h8,combined,stressid
1,0.4925084,1.0,stressid_j9h8,combined,stressid
1,0.346188,1.0,stressid_j9h8,combined,stressid
1,0.290202,1.0,stressid_j9h8,combined,stressid
1,0.3360529,1.0,stressid_j9h8,combined,stressid
1,0.5594038,1.0,stressid_j9h8,combined,stressid
1,0.57714236,1.0,stressid_j9h8,combined,stressid
1,0.58598316,1.0,stressid_j9h8,combined,stressid
1,0.6102404,1.0,stressid_j9h8,combined,stressid
1,0.5877899,1.0,stressid_j9h8,combined,stressid
1,0.49485275,1.0,stressid_j9h8,combined,stressid
1,0.4622018,1.0,stressid_j9h8,combined,stressid
1,0.55130386,1.0,stressid_j9h8,combined,stressid
1,0.26797763,1.0,stressid_j9h8,combined,stressid
1,0.33662423,1.0,stressid_j9h8,combined,stressid
1,0.38335258,1.0,stressid_j9h8,combined,stressid
1,0.45098674,1.0,stressid_j9h8,combined,stressid
1,0.38581294,1.0,stressid_j9h8,combined,stressid
1,0.40830177,1.0,stressid_j9h8,combined,stressid
1,0.5603263,1.0,stressid_j9h8,combined,stressid
1,0.44034073,1.0,stressid_j9h8,combined,stressid
1,0.26552638,1.0,stressid_j9h8,combined,stressid
1,0.2833465,1.0,stressid_j9h8,combined,stressid
1,0.3919923,1.0,stressid_j9h8,combined,stressid
1,0.52058196,1.0,stressid_j9h8,combined,stressid
1,0.52748066,1.0,stressid_j9h8,combined,stressid
1,0.4768527,1.0,stressid_j9h8,combined,stressid
1,0.5075078,1.0,stressid_j9h8,combined,stressid
1,0.51080215,1.0,stressid_j9h8,combined,stressid
1,0.4257272,1.0,stressid_j9h8,combined,stressid
1,0.43672502,1.0,stressid_j9h8,combined,stressid
1,0.4985067,1.0,stressid_j9h8,combined,stressid
1,0.26988474,1.0,stressid_j9h8,combined,stressid
1,0.298798,1.0,stressid_j9h8,combined,stressid
1,0.3647052,1.0,stressid_j9h8,combined,stressid
1,0.35878465,1.0,stressid_j9h8,combined,stressid
1,0.34795013,1.0,stressid_j9h8,combined,stressid
1,0.44527724,1.0,stressid_j9h8,combined,stressid
1,0.47369748,1.0,stressid_j9h8,combined,stressid
1,0.40637696,1.0,stressid_j9h8,combined,stressid
0,0.20549172,1.0,stressid_j9h8,combined,stressid
0,0.18814652,1.0,stressid_j9h8,combined,stressid
0,0.19053367,1.0,stressid_j9h8,combined,stressid
0,0.18332793,1.0,stressid_j9h8,combined,stressid
0,0.16176641,1.0,stressid_j9h8,combined,stressid
0,0.1638056,1.0,stressid_j9h8,combined,stressid
0,0.16794765,1.0,stressid_j9h8,combined,stressid
0,0.16347136,1.0,stressid_j9h8,combined,stressid
0,0.16299112,1.0,stressid_j9h8,combined,stressid
0,0.16434988,1.0,stressid_j9h8,combined,stressid
0,0.1676527,1.0,stressid_j9h8,combined,stressid
0,0.17123245,1.0,stressid_j9h8,combined,stressid
0,0.18520808,1.0,stressid_j9h8,combined,stressid
0,0.16933614,1.0,stressid_j9h8,combined,stressid
0,0.16517724,1.0,stressid_j9h8,combined,stressid
0,0.16408153,1.0,stressid_j9h8,combined,stressid
0,0.16395178,1.0,stressid_j9h8,combined,stressid
0,0.16349702,1.0,stressid_j9h8,combined,stressid
0,0.16164611,1.0,stressid_j9h8,combined,stressid
0,0.16144365,1.0,stressid_j9h8,combined,stressid
0,0.16193737,1.0,stressid_j9h8,combined,stressid
0,0.16168854,1.0,stressid_j9h8,combined,stressid
0,0.2311393,1.0,stressid_j9h8,combined,stressid
0,0.18650407,1.0,stressid_j9h8,combined,stressid
0,0.2310231,1.0,stressid_j9h8,combined,stressid
0,0.23077731,1.0,stressid_j9h8,combined,stressid
0,0.23055772,1.0,stressid_j9h8,combined,stressid
0,0.23043184,1.0,stressid_j9h8,combined,stressid
0,0.23037992,1.0,stressid_j9h8,combined,stressid
0,0.23016782,1.0,stressid_j9h8,combined,stressid
0,0.22984357,1.0,stressid_j9h8,combined,stressid
0,0.22983555,1.0,stressid_j9h8,combined,stressid
0,0.2303004,1.0,stressid_j9h8,combined,stressid
0,0.23042136,1.0,stressid_j9h8,combined,stressid
0,0.17984396,1.0,stressid_j9h8,combined,stressid
0,0.23027752,1.0,stressid_j9h8,combined,stressid
0,0.23037319,1.0,stressid_j9h8,combined,stressid
0,0.23032884,1.0,stressid_j9h8,combined,stressid
0,0.22995013,1.0,stressid_j9h8,combined,stressid
0,0.22979029,1.0,stressid_j9h8,combined,stressid
0,0.2347471,1.0,stressid_j9h8,combined,stressid
0,0.23600076,1.0,stressid_j9h8,combined,stressid
0,0.22979961,1.0,stressid_j9h8,combined,stressid
0,0.22982274,1.0,stressid_j9h8,combined,stressid
0,0.18139696,1.0,stressid_j9h8,combined,stressid
0,0.19049668,1.0,stressid_j9h8,combined,stressid
0,0.19014926,1.0,stressid_j9h8,combined,stressid
0,0.18403925,1.0,stressid_j9h8,combined,stressid
0,0.18229784,1.0,stressid_j9h8,combined,stressid
1,0.26212692,1.0,stressid_j9h8,combined,stressid
1,0.23228762,1.0,stressid_j9h8,combined,stressid
1,0.46535116,1.0,stressid_j9h8,combined,stressid
1,0.6049333,1.0,stressid_j9h8,combined,stressid
1,0.53926426,1.0,stressid_j9h8,combined,stressid
1,0.47076517,1.0,stressid_j9h8,combined,stressid
1,0.5458998,1.0,stressid_j9h8,combined,stressid
1,0.6388517,1.0,stressid_j9h8,combined,stressid
1,0.6763149,1.0,stressid_j9h8,combined,stressid
1,0.6703999,1.0,stressid_j9h8,combined,stressid
1,0.5483085,1.0,stressid_j9h8,combined,stressid
1,0.21731474,1.0,stressid_j9h8,combined,stressid
1,0.26098302,1.0,stressid_j9h8,combined,stressid
1,0.3360766,1.0,stressid_j9h8,combined,stressid
1,0.34498015,1.0,stressid_j9h8,combined,stressid
1,0.30744493,1.0,stressid_j9h8,combined,stressid
1,0.38606966,1.0,stressid_j9h8,combined,stressid
1,0.4808106,1.0,stressid_j9h8,combined,stressid
1,0.45172793,1.0,stressid_j9h8,combined,stressid
1,0.31718093,1.0,stressid_j9h8,combined,stressid
1,0.36594197,1.0,stressid_j9h8,combined,stressid
1,0.35315594,1.0,stressid_j9h8,combined,stressid
1,0.46410373,1.0,stressid_j9h8,combined,stressid
1,0.54286367,1.0,stressid_j9h8,combined,stressid
1,0.52710414,1.0,stressid_j9h8,combined,stressid
1,0.5100818,1.0,stressid_j9h8,combined,stressid
1,0.55855,1.0,stressid_j9h8,combined,stressid
1,0.5882349,1.0,stressid_j9h8,combined,stressid
1,0.57369715,1.0,stressid_j9h8,combined,stressid
1,0.57578206,1.0,stressid_j9h8,combined,stressid
1,0.40558663,1.0,stressid_j9h8,combined,stressid
1,0.6194586,1.0,stressid_j9h8,combined,stressid
1,0.7791103,1.0,stressid_j9h8,combined,stressid
1,0.684131,1.0,stressid_j9h8,combined,stressid
1,0.5386763,1.0,stressid_j9h8,combined,stressid
1,0.4299768,1.0,stressid_j9h8,combined,stressid
1,0.45552352,1.0,stressid_j9h8,combined,stressid
1,0.50852925,1.0,stressid_j9h8,combined,stressid
0,0.18824017,1.0,stressid_j9h8,combined,stressid
0,0.19598593,1.0,stressid_j9h8,combined,stressid
0,0.19660334,1.0,stressid_j9h8,combined,stressid
0,0.18733746,1.0,stressid_j9h8,combined,stressid
0,0.19583449,1.0,stressid_j9h8,combined,stressid
0,0.22471887,1.0,stressid_j9h8,combined,stressid
0,0.20250665,1.0,stressid_j9h8,combined,stressid
0,0.19714645,1.0,stressid_j9h8,combined,stressid
0,0.21252859,1.0,stressid_j9h8,combined,stressid
0,0.19340165,1.0,stressid_j9h8,combined,stressid
0,0.18775138,1.0,stressid_j9h8,combined,stressid
0,0.18136214,1.0,stressid_j9h8,combined,stressid
0,0.1840413,1.0,stressid_j9h8,combined,stressid
0,0.18268657,1.0,stressid_j9h8,combined,stressid
0,0.19293435,1.0,stressid_j9h8,combined,stressid
0,0.21098842,1.0,stressid_j9h8,combined,stressid
0,0.2321356,1.0,stressid_j9h8,combined,stressid
0,0.24179561,1.0,stressid_j9h8,combined,stressid
0,0.22482313,1.0,stressid_j9h8,combined,stressid
0,0.20479329,1.0,stressid_j9h8,combined,stressid
0,0.21742797,1.0,stressid_j9h8,combined,stressid
0,0.23055135,1.0,stressid_j9h8,combined,stressid
0,0.22266643,1.0,stressid_j9h8,combined,stressid
0,0.18485403,1.0,stressid_j9h8,combined,stressid
0,0.23174398,1.0,stressid_j9h8,combined,stressid
0,0.22927122,1.0,stressid_j9h8,combined,stressid
0,0.2272196,1.0,stressid_j9h8,combined,stressid
0,0.27895057,1.0,stressid_j9h8,combined,stressid
0,0.27906176,1.0,stressid_j9h8,combined,stressid
0,0.27852407,1.0,stressid_j9h8,combined,stressid
0,0.2781409,1.0,stressid_j9h8,combined,stressid
0,0.27616546,1.0,stressid_j9h8,combined,stressid
0,0.2573093,1.0,stressid_j9h8,combined,stressid
0,0.24705575,1.0,stressid_j9h8,combined,stressid
0,0.2001903,1.0,stressid_j9h8,combined,stressid
0,0.24775715,1.0,stressid_j9h8,combined,stressid
0,0.24750091,1.0,stressid_j9h8,combined,stressid
0,0.24806598,1.0,stressid_j9h8,combined,stressid
0,0.24449627,1.0,stressid_j9h8,combined,stressid
0,0.24340618,1.0,stressid_j9h8,combined,stressid
0,0.25582367,1.0,stressid_j9h8,combined,stressid
0,0.26276347,1.0,stressid_j9h8,combined,stressid
0,0.25754064,1.0,stressid_j9h8,combined,stressid
0,0.25589952,1.0,stressid_j9h8,combined,stressid
0,0.24690782,1.0,stressid_j9h8,combined,stressid
0,0.18428864,1.0,stressid_j9h8,combined,stressid
0,0.24264199,1.0,stressid_j9h8,combined,stressid
0,0.2431659,1.0,stressid_j9h8,combined,stressid
0,0.24429601,1.0,stressid_j9h8,combined,stressid
0,0.24506184,1.0,stressid_j9h8,combined,stressid
0,0.2458611,1.0,stressid_j9h8,combined,stressid
0,0.24430715,1.0,stressid_j9h8,combined,stressid
0,0.2428159,1.0,stressid_j9h8,combined,stressid
0,0.17642832,1.0,stressid_j9h8,combined,stressid
0,0.18741013,1.0,stressid_j9h8,combined,stressid
0,0.18991973,1.0,stressid_j9h8,combined,stressid
0,0.19119132,1.0,stressid_j9h8,combined,stressid
1,0.18476094,1.0,stressid_j9h8,combined,stressid
1,0.18263751,1.0,stressid_j9h8,combined,stressid
1,0.18056545,1.0,stressid_j9h8,combined,stressid
1,0.17489824,1.0,stressid_j9h8,combined,stressid
1,0.17142405,1.0,stressid_j9h8,combined,stressid
1,0.17507125,1.0,stressid_j9h8,combined,stressid
1,0.17668872,1.0,stressid_j9h8,combined,stressid
1,0.17595302,1.0,stressid_j9h8,combined,stressid
1,0.17589776,1.0,stressid_j9h8,combined,stressid
1,0.1736637,1.0,stressid_j9h8,combined,stressid
1,0.17030452,1.0,stressid_j9h8,combined,stressid
1,0.17120863,1.0,stressid_j9h8,combined,stressid
1,0.18073957,1.0,stressid_j9h8,combined,stressid
1,0.16904256,1.0,stressid_j9h8,combined,stressid
1,0.16783307,1.0,stressid_j9h8,combined,stressid
1,0.28213504,1.0,stressid_j9h8,combined,stressid
1,0.2822523,1.0,stressid_j9h8,combined,stressid
1,0.28221792,1.0,stressid_j9h8,combined,stressid
1,0.28220046,1.0,stressid_j9h8,combined,stressid
1,0.2821422,1.0,stressid_j9h8,combined,stressid
1,0.28224197,1.0,stressid_j9h8,combined,stressid
1,0.28223518,1.0,stressid_j9h8,combined,stressid
1,0.28215185,1.0,stressid_j9h8,combined,stressid
1,0.18110314,1.0,stressid_j9h8,combined,stressid
1,0.28233314,1.0,stressid_j9h8,combined,stressid
1,0.28251845,1.0,stressid_j9h8,combined,stressid
1,0.28261223,1.0,stressid_j9h8,combined,stressid
1,0.28243557,1.0,stressid_j9h8,combined,stressid
1,0.28252804,1.0,stressid_j9h8,combined,stressid
1,0.28239867,1.0,stressid_j9h8,combined,stressid
1,0.282257,1.0,stressid_j9h8,combined,stressid
1,0.28248516,1.0,stressid_j9h8,combined,stressid
1,0.18016087,1.0,stressid_j9h8,combined,stressid
1,0.18043768,1.0,stressid_j9h8,combined,stressid
1,0.1806184,1.0,stressid_j9h8,combined,stressid
1,0.1789707,1.0,stressid_j9h8,combined,stressid
1,0.18035455,1.0,stressid_j9h8,combined,stressid
1,0.1774891,1.0,stressid_j9h8,combined,stressid
0,0.30821016,1.0,wesad_s5,combined,wesad
0,0.31957954,1.0,wesad_s5,combined,wesad
0,0.31777966,1.0,wesad_s5,combined,wesad
0,0.3146948,1.0,wesad_s5,combined,wesad
0,0.30844653,1.0,wesad_s5,combined,wesad
0,0.3088799,1.0,wesad_s5,combined,wesad
0,0.3131747,1.0,wesad_s5,combined,wesad
0,0.30203098,1.0,wesad_s5,combined,wesad
0,0.29202086,1.0,wesad_s5,combined,wesad
0,0.29318482,1.0,wesad_s5,combined,wesad
0,0.29184482,1.0,wesad_s5,combined,wesad
0,0.28535247,1.0,wesad_s5,combined,wesad
0,0.29131016,1.0,wesad_s5,combined,wesad
0,0.3016725,1.0,wesad_s5,combined,wesad
0,0.2986617,1.0,wesad_s5,combined,wesad
0,0.29982525,1.0,wesad_s5,combined,wesad
0,0.29071453,1.0,wesad_s5,combined,wesad
0,0.28275603,1.0,wesad_s5,combined,wesad
0,0.29101974,1.0,wesad_s5,combined,wesad
0,0.29697353,1.0,wesad_s5,combined,wesad
0,0.2977007,1.0,wesad_s5,combined,wesad
0,0.29536027,1.0,wesad_s5,combined,wesad
0,0.2910699,1.0,wesad_s5,combined,wesad
0,0.28750366,1.0,wesad_s5,combined,wesad
0,0.28049314,1.0,wesad_s5,combined,wesad
0,0.26943368,1.0,wesad_s5,combined,wesad
0,0.2686402,1.0,wesad_s5,combined,wesad
0,0.2689299,1.0,wesad_s5,combined,wesad
0,0.2443828,1.0,wesad_s5,combined,wesad
0,0.2514042,1.0,wesad_s5,combined,wesad
0,0.2577274,1.0,wesad_s5,combined,wesad
0,0.26178044,1.0,wesad_s5,combined,wesad
0,0.2557733,1.0,wesad_s5,combined,wesad
0,0.23656039,1.0,wesad_s5,combined,wesad
0,0.24524058,1.0,wesad_s5,combined,wesad
0,0.26349884,1.0,wesad_s5,combined,wesad
0,0.26594442,1.0,wesad_s5,combined,wesad
0,0.2611827,1.0,wesad_s5,combined,wesad
0,0.2757401,1.0,wesad_s5,combined,wesad
0,0.28523514,1.0,wesad_s5,combined,wesad
0,0.29153404,1.0,wesad_s5,combined,wesad
0,0.29634994,1.0,wesad_s5,combined,wesad
0,0.28617984,1.0,wesad_s5,combined,wesad
0,0.28593045,1.0,wesad_s5,combined,wesad
0,0.29462194,1.0,wesad_s5,combined,wesad
0,0.31226292,1.0,wesad_s5,combined,wesad
0,0.32227919,1.0,wesad_s5,combined,wesad
0,0.30818996,1.0,wesad_s5,combined,wesad
0,0.29752564,1.0,wesad_s5,combined,wesad
0,0.29071742,1.0,wesad_s5,combined,wesad
0,0.28121623,1.0,wesad_s5,combined,wesad
0,0.28622058,1.0,wesad_s5,combined,wesad
0,0.26314998,1.0,wesad_s5,combined,wesad
0,0.23875825,1.0,wesad_s5,combined,wesad
0,0.2557703,1.0,wesad_s5,combined,wesad
0,0.26114956,1.0,wesad_s5,combined,wesad
0,0.25713256,1.0,wesad_s5,combined,wesad
0,0.28636506,1.0,wesad_s5,combined,wesad
0,0.29909906,1.0,wesad_s5,combined,wesad
0,0.29010853,1.0,wesad_s5,combined,wesad
0,0.2849338,1.0,wesad_s5,combined,wesad
0,0.26987678,1.0,wesad_s5,combined,wesad
0,0.26189777,1.0,wesad_s5,combined,wesad
0,0.2616012,1.0,wesad_s5,combined,wesad
0,0.24994981,1.0,wesad_s5,combined,wesad
0,0.2542938,1.0,wesad_s5,combined,wesad
0,0.24833782,1.0,wesad_s5,combined,wesad
0,0.23914921,1.0,wesad_s5,combined,wesad
0,0.24888109,1.0,wesad_s5,combined,wesad
0,0.24108143,1.0,wesad_s5,combined,wesad
0,0.23847172,1.0,wesad_s5,combined,wesad
0,0.24416067,1.0,wesad_s5,combined,wesad
0,0.23272875,1.0,wesad_s5,combined,wesad
0,0.23018421,1.0,wesad_s5,combined,wesad
0,0.23024474,1.0,wesad_s5,combined,wesad
0,0.22185473,1.0,wesad_s5,combined,wesad
0,0.23210593,1.0,wesad_s5,combined,wesad
0,0.24902603,1.0,wesad_s5,combined,wesad
0,0.26112318,1.0,wesad_s5,combined,wesad
0,0.26800215,1.0,wesad_s5,combined,wesad
0,0.27403888,1.0,wesad_s5,combined,wesad
0,0.28430882,1.0,wesad_s5,combined,wesad
0,0.29315183,1.0,wesad_s5,combined,wesad
0,0.2957978,1.0,wesad_s5,combined,wesad
0,0.29352087,1.0,wesad_s5,combined,wesad
0,0.2890231,1.0,wesad_s5,combined,wesad
0,0.28069547,1.0,wesad_s5,combined,wesad
0,0.27836287,1.0,wesad_s5,combined,wesad
0,0.29809117,1.0,wesad_s5,combined,wesad
0,0.30559006,1.0,wesad_s5,combined,wesad
0,0.29033163,1.0,wesad_s5,combined,wesad
0,0.28031197,1.0,wesad_s5,combined,wesad
0,0.28501186,1.0,wesad_s5,combined,wesad
0,0.31193918,1.0,wesad_s5,combined,wesad
0,0.3296689,1.0,wesad_s5,combined,wesad
0,0.34281677,1.0,wesad_s5,combined,wesad
0,0.34964654,1.0,wesad_s5,combined,wesad
0,0.33290648,1.0,wesad_s5,combined,wesad
0,0.30986986,1.0,wesad_s5,combined,wesad
0,0.2946766,1.0,wesad_s5,combined,wesad
0,0.30686122,1.0,wesad_s5,combined,wesad
0,0.30591822,1.0,wesad_s5,combined,wesad
0,0.2993308,1.0,wesad_s5,combined,wesad
0,0.30224833,1.0,wesad_s5,combined,wesad
0,0.2970086,1.0,wesad_s5,combined,wesad
0,0.2988002,1.0,wesad_s5,combined,wesad
0,0.30852017,1.0,wesad_s5,combined,wesad
0,0.30719647,1.0,wesad_s5,combined,wesad
0,0.30378628,1.0,wesad_s5,combined,wesad
0,0.31482083,1.0,wesad_s5,combined,wesad
0,0.323557,1.0,wesad_s5,combined,wesad
0,0.32672158,1.0,wesad_s5,combined,wesad
0,0.32203436,1.0,wesad_s5,combined,wesad
0,0.3183071,1.0,wesad_s5,combined,wesad
0,0.32435858,1.0,wesad_s5,combined,wesad
0,0.3009898,1.0,wesad_s5,combined,wesad
0,0.30161873,1.0,wesad_s5,combined,wesad
0,0.32827905,1.0,wesad_s5,combined,wesad
0,0.3111093,1.0,wesad_s5,combined,wesad
0,0.2875767,1.0,wesad_s5,combined,wesad
0,0.28666306,1.0,wesad_s5,combined,wesad
0,0.2944857,1.0,wesad_s5,combined,wesad
0,0.30020303,1.0,wesad_s5,combined,wesad
0,0.30371606,1.0,wesad_s5,combined,wesad
0,0.3154037,1.0,wesad_s5,combined,wesad
0,0.30599836,1.0,wesad_s5,combined,wesad
0,0.29944867,1.0,wesad_s5,combined,wesad
0,0.30314368,1.0,wesad_s5,combined,wesad
0,0.32277462,1.0,wesad_s5,combined,wesad
0,0.33415934,1.0,wesad_s5,combined,wesad
0,0.31804422,1.0,wesad_s5,combined,wesad
0,0.30564457,1.0,wesad_s5,combined,wesad
0,0.3071471,1.0,wesad_s5,combined,wesad
0,0.312898,1.0,wesad_s5,combined,wesad
0,0.33687863,1.0,wesad_s5,combined,wesad
0,0.30745152,1.0,wesad_s5,combined,wesad
0,0.2677663,1.0,wesad_s5,combined,wesad
0,0.28937277,1.0,wesad_s5,combined,wesad
0,0.293813,1.0,wesad_s5,combined,wesad
0,0.28221336,1.0,wesad_s5,combined,wesad
0,0.2931639,1.0,wesad_s5,combined,wesad
0,0.3158825,1.0,wesad_s5,combined,wesad
0,0.3317935,1.0,wesad_s5,combined,wesad
0,0.35608485,1.0,wesad_s5,combined,wesad
0,0.37543872,1.0,wesad_s5,combined,wesad
0,0.332349,1.0,wesad_s5,combined,wesad
0,0.2961775,1.0,wesad_s5,combined,wesad
0,0.31004247,1.0,wesad_s5,combined,wesad
0,0.32052317,1.0,wesad_s5,combined,wesad
0,0.29497775,1.0,wesad_s5,combined,wesad
0,0.28330863,1.0,wesad_s5,combined,wesad
0,0.2865268,1.0,wesad_s5,combined,wesad
0,0.2850812,1.0,wesad_s5,combined,wesad
0,0.2890058,1.0,wesad_s5,combined,wesad
0,0.2854223,1.0,wesad_s5,combined,wesad
0,0.2990247,1.0,wesad_s5,combined,wesad
0,0.30787423,1.0,wesad_s5,combined,wesad
0,0.3036086,1.0,wesad_s5,combined,wesad
0,0.30786735,1.0,wesad_s5,combined,wesad
0,0.30707836,1.0,wesad_s5,combined,wesad
0,0.30833268,1.0,wesad_s5,combined,wesad
0,0.3063392,1.0,wesad_s5,combined,wesad
0,0.30784684,1.0,wesad_s5,combined,wesad
0,0.3071887,1.0,wesad_s5,combined,wesad
0,0.29386762,1.0,wesad_s5,combined,wesad
0,0.28786996,1.0,wesad_s5,combined,wesad
0,0.26385915,1.0,wesad_s5,combined,wesad
0,0.25958508,1.0,wesad_s5,combined,wesad
0,0.26582205,1.0,wesad_s5,combined,wesad
0,0.2677997,1.0,wesad_s5,combined,wesad
0,0.27918682,1.0,wesad_s5,combined,wesad
0,0.3017356,1.0,wesad_s5,combined,wesad
0,0.31540033,1.0,wesad_s5,combined,wesad
0,0.31659815,1.0,wesad_s5,combined,wesad
0,0.32396236,1.0,wesad_s5,combined,wesad
0,0.33312058,1.0,wesad_s5,combined,wesad
0,0.3238365,1.0,wesad_s5,combined,wesad
0,0.28533348,1.0,wesad_s5,combined,wesad
0,0.27279443,1.0,wesad_s5,combined,wesad
0,0.24914737,1.0,wesad_s5,combined,wesad
0,0.19841412,1.0,wesad_s5,combined,wesad
0,0.19774584,1.0,wesad_s5,combined,wesad
0,0.20163704,1.0,wesad_s5,combined,wesad
0,0.2019635,1.0,wesad_s5,combined,wesad
0,0.21471442,1.0,wesad_s5,combined,wesad
0,0.25263575,1.0,wesad_s5,combined,wesad
0,0.30850655,1.0,wesad_s5,combined,wesad
0,0.33515152,1.0,wesad_s5,combined,wesad
0,0.3118365,1.0,wesad_s5,combined,wesad
0,0.2973287,1.0,wesad_s5,combined,wesad
0,0.30356672,1.0,wesad_s5,combined,wesad
0,0.29228106,1.0,wesad_s5,combined,wesad
0,0.2702405,1.0,wesad_s5,combined,wesad
0,0.2535959,1.0,wesad_s5,combined,wesad
0,0.24830732,1.0,wesad_s5,combined,wesad
0,0.21031106,1.0,wesad_s5,combined,wesad
0,0.21523562,1.0,wesad_s5,combined,wesad
0,0.20264031,1.0,wesad_s5,combined,wesad
0,0.19750156,1.0,wesad_s5,combined,wesad
0,0.22564334,1.0,wesad_s5,combined,wesad
0,0.24426392,1.0,wesad_s5,combined,wesad
0,0.24807818,1.0,wesad_s5,combined,wesad
0,0.26222444,1.0,wesad_s5,combined,wesad
0,0.2941669,1.0,wesad_s5,combined,wesad
0,0.3121941,1.0,wesad_s5,combined,wesad
0,0.25078985,1.0,wesad_s5,combined,wesad
0,0.22312976,1.0,wesad_s5,combined,wesad
0,0.25212917,1.0,wesad_s5,combined,wesad
0,0.27696607,1.0,wesad_s5,combined,wesad
0,0.28000754,1.0,wesad_s5,combined,wesad
0,0.27396908,1.0,wesad_s5,combined,wesad
0,0.2777208,1.0,wesad_s5,combined,wesad
0,0.29886845,1.0,wesad_s5,combined,wesad
0,0.33329976,1.0,wesad_s5,combined,wesad
0,0.35285494,1.0,wesad_s5,combined,wesad
0,0.31584457,1.0,wesad_s5,combined,wesad
0,0.29397693,1.0,wesad_s5,combined,wesad
0,0.29997474,1.0,wesad_s5,combined,wesad
0,0.2955656,1.0,wesad_s5,combined,wesad
0,0.29878992,1.0,wesad_s5,combined,wesad
0,0.28990746,1.0,wesad_s5,combined,wesad
0,0.28956112,1.0,wesad_s5,combined,wesad
0,0.28749818,1.0,wesad_s5,combined,wesad
0,0.2994337,1.0,wesad_s5,combined,wesad
0,0.31506592,1.0,wesad_s5,combined,wesad
0,0.31202823,1.0,wesad_s5,combined,wesad
0,0.31841817,1.0,wesad_s5,combined,wesad
0,0.3181006,1.0,wesad_s5,combined,wesad
0,0.30541256,1.0,wesad_s5,combined,wesad
0,0.30433205,1.0,wesad_s5,combined,wesad
0,0.27784392,1.0,wesad_s5,combined,wesad
0,0.2538193,1.0,wesad_s5,combined,wesad
0,0.2688072,1.0,wesad_s5,combined,wesad
0,0.26600695,1.0,wesad_s5,combined,wesad
0,0.26059318,1.0,wesad_s5,combined,wesad
0,0.25088763,1.0,wesad_s5,combined,wesad
0,0.25605977,1.0,wesad_s5,combined,wesad
0,0.28792015,1.0,wesad_s5,combined,wesad
0,0.29590902,1.0,wesad_s5,combined,wesad
0,0.29247138,1.0,wesad_s5,combined,wesad
1,0.5159234,1.0,wesad_s5,combined,wesad
1,0.5208689,1.0,wesad_s5,combined,wesad
1,0.5161121,1.0,wesad_s5,combined,wesad
1,0.5234508,1.0,wesad_s5,combined,wesad
1,0.53740466,1.0,wesad_s5,combined,wesad
1,0.53844154,1.0,wesad_s5,combined,wesad
1,0.53818566,1.0,wesad_s5,combined,wesad
1,0.53843296,1.0,wesad_s5,combined,wesad
1,0.53087765,1.0,wesad_s5,combined,wesad
1,0.5374419,1.0,wesad_s5,combined,wesad
1,0.5484466,1.0,wesad_s5,combined,wesad
1,0.5362559,1.0,wesad_s5,combined,wesad
1,0.5472898,1.0,wesad_s5,combined,wesad
1,0.53765434,1.0,wesad_s5,combined,wesad
1,0.48329023,1.0,wesad_s5,combined,wesad
1,0.49135646,1.0,wesad_s5,combined,wesad
1,0.48795873,1.0,wesad_s5,combined,wesad
1,0.4820032,1.0,wesad_s5,combined,wesad
1,0.49495727,1.0,wesad_s5,combined,wesad
1,0.48849803,1.0,wesad_s5,combined,wesad
1,0.4682359,1.0,wesad_s5,combined,wesad
1,0.4300806,1.0,wesad_s5,combined,wesad
1,0.42775565,1.0,wesad_s5,combined,wesad
1,0.48970583,1.0,wesad_s5,combined,wesad
1,0.49916476,1.0,wesad_s5,combined,wesad
1,0.48584303,1.0,wesad_s5,combined,wesad
1,0.46481094,1.0,wesad_s5,combined,wesad
1,0.48437804,1.0,wesad_s5,combined,wesad
1,0.48783875,1.0,wesad_s5,combined,wesad
1,0.47571313,1.0,wesad_s5,combined,wesad
1,0.49662885,1.0,wesad_s5,combined,wesad
1,0.48482653,1.0,wesad_s5,combined,wesad
1,0.48463103,1.0,wesad_s5,combined,wesad
1,0.45925668,1.0,wesad_s5,combined,wesad
1,0.46367076,1.0,wesad_s5,combined,wesad
1,0.47823796,1.0,wesad_s5,combined,wesad
1,0.48825473,1.0,wesad_s5,combined,wesad
1,0.48215556,1.0,wesad_s5,combined,wesad
1,0.44940722,1.0,wesad_s5,combined,wesad
1,0.42531297,1.0,wesad_s5,combined,wesad
1,0.46052328,1.0,wesad_s5,combined,wesad
1,0.45268512,1.0,wesad_s5,combined,wesad
1,0.40008202,1.0,wesad_s5,combined,wesad
1,0.4494995,1.0,wesad_s5,combined,wesad
1,0.4965665,1.0,wesad_s5,combined,wesad
1,0.5197909,1.0,wesad_s5,combined,wesad
1,0.518559,1.0,wesad_s5,combined,wesad
1,0.50344926,1.0,wesad_s5,combined,wesad
1,0.5040601,1.0,wesad_s5,combined,wesad
1,0.46796313,1.0,wesad_s5,combined,wesad
1,0.45996487,1.0,wesad_s5,combined,wesad
1,0.4409718,1.0,wesad_s5,combined,wesad
1,0.45953876,1.0,wesad_s5,combined,wesad
1,0.49083906,1.0,wesad_s5,combined,wesad
1,0.4806691,1.0,wesad_s5,combined,wesad
1,0.47596598,1.0,wesad_s5,combined,wesad
1,0.47424945,1.0,wesad_s5,combined,wesad
1,0.45590755,1.0,wesad_s5,combined,wesad
1,0.43077847,1.0,wesad_s5,combined,wesad
1,0.46508038,1.0,wesad_s5,combined,wesad
1,0.4953668,1.0,wesad_s5,combined,wesad
1,0.48237768,1.0,wesad_s5,combined,wesad
1,0.49757957,1.0,wesad_s5,combined,wesad
1,0.47704342,1.0,wesad_s5,combined,wesad
1,0.46824947,1.0,wesad_s5,combined,wesad
1,0.48434624,1.0,wesad_s5,combined,wesad
1,0.4802153,1.0,wesad_s5,combined,wesad
1,0.49550766,1.0,wesad_s5,combined,wesad
1,0.51672643,1.0,wesad_s5,combined,wesad
1,0.51404124,1.0,wesad_s5,combined,wesad
1,0.53649443,1.0,wesad_s5,combined,wesad
1,0.5426401,1.0,wesad_s5,combined,wesad
1,0.52333486,1.0,wesad_s5,combined,wesad
1,0.5104338,1.0,wesad_s5,combined,wesad
1,0.50771016,1.0,wesad_s5,combined,wesad
1,0.50104326,1.0,wesad_s5,combined,wesad
1,0.5294246,1.0,wesad_s5,combined,wesad
1,0.5262881,1.0,wesad_s5,combined,wesad
1,0.50368994,1.0,wesad_s5,combined,wesad
1,0.500698,1.0,wesad_s5,combined,wesad
1,0.48479217,1.0,wesad_s5,combined,wesad
1,0.44967827,1.0,wesad_s5,combined,wesad
1,0.41586044,1.0,wesad_s5,combined,wesad
1,0.4152428,1.0,wesad_s5,combined,wesad
1,0.39452627,1.0,wesad_s5,combined,wesad
1,0.41912204,1.0,wesad_s5,combined,wesad
1,0.4374039,1.0,wesad_s5,combined,wesad
1,0.47620645,1.0,wesad_s5,combined,wesad
1,0.47572306,1.0,wesad_s5,combined,wesad
1,0.4381758,1.0,wesad_s5,combined,wesad
1,0.45008713,1.0,wesad_s5,combined,wesad
1,0.46236026,1.0,wesad_s5,combined,wesad
1,0.46175662,1.0,wesad_s5,combined,wesad
1,0.4529431,1.0,wesad_s5,combined,wesad
1,0.48135749,1.0,wesad_s5,combined,wesad
1,0.48742744,1.0,wesad_s5,combined,wesad
1,0.4752867,1.0,wesad_s5,combined,wesad
1,0.4702595,1.0,wesad_s5,combined,wesad
1,0.46776333,1.0,wesad_s5,combined,wesad
1,0.48254988,1.0,wesad_s5,combined,wesad
1,0.472838,1.0,wesad_s5,combined,wesad
1,0.4301745,1.0,wesad_s5,combined,wesad
1,0.44729337,1.0,wesad_s5,combined,wesad
1,0.43808424,1.0,wesad_s5,combined,wesad
1,0.43705696,1.0,wesad_s5,combined,wesad
1,0.43298298,1.0,wesad_s5,combined,wesad
1,0.42430586,1.0,wesad_s5,combined,wesad
1,0.4623539,1.0,wesad_s5,combined,wesad
1,0.44491032,1.0,wesad_s5,combined,wesad
1,0.42472246,1.0,wesad_s5,combined,wesad
1,0.4447956,1.0,wesad_s5,combined,wesad
1,0.48462263,1.0,wesad_s5,combined,wesad
1,0.48311496,1.0,wesad_s5,combined,wesad
1,0.4655066,1.0,wesad_s5,combined,wesad
1,0.4807491,1.0,wesad_s5,combined,wesad
1,0.46032614,1.0,wesad_s5,combined,wesad
1,0.47279105,1.0,wesad_s5,combined,wesad
1,0.4588141,1.0,wesad_s5,combined,wesad
1,0.43245128,1.0,wesad_s5,combined,wesad
1,0.45487866,1.0,wesad_s5,combined,wesad
1,0.45329362,1.0,wesad_s5,combined,wesad
1,0.46523082,1.0,wesad_s5,combined,wesad
1,0.48609284,1.0,wesad_s5,combined,wesad
1,0.47351918,1.0,wesad_s5,combined,wesad
1,0.48681173,1.0,wesad_s5,combined,wesad
1,0.49500716,1.0,wesad_s5,combined,wesad
1,0.45931894,1.0,wesad_s5,combined,wesad
1,0.471235,1.0,wesad_s5,combined,wesad
1,0.48665753,1.0,wesad_s5,combined,wesad
0,0.09769201,1.0,wesad_s4,combined,wesad
0,0.09985009,1.0,wesad_s4,combined,wesad
0,0.099913426,1.0,wesad_s4,combined,wesad
0,0.10116499,1.0,wesad_s4,combined,wesad
0,0.10490137,1.0,wesad_s4,combined,wesad
0,0.10279059,1.0,wesad_s4,combined,wesad
0,0.09772658,1.0,wesad_s4,combined,wesad
0,0.09231101,1.0,wesad_s4,combined,wesad
0,0.09196256,1.0,wesad_s4,combined,wesad
0,0.09678671,1.0,wesad_s4,combined,wesad
0,0.09588492,1.0,wesad_s4,combined,wesad
0,0.09691416,1.0,wesad_s4,combined,wesad
0,0.09738176,1.0,wesad_s4,combined,wesad
0,0.1014411,1.0,wesad_s4,combined,wesad
0,0.101161115,1.0,wesad_s4,combined,wesad
0,0.09693442,1.0,wesad_s4,combined,wesad
0,0.096407466,1.0,wesad_s4,combined,wesad
0,0.09529711,1.0,wesad_s4,combined,wesad
0,0.09786542,1.0,wesad_s4,combined,wesad
0,0.1046133,1.0,wesad_s4,combined,wesad
0,0.10843644,1.0,wesad_s4,combined,wesad
0,0.1072415,1.0,wesad_s4,combined,wesad
0,0.10589294,1.0,wesad_s4,combined,wesad
0,0.107578605,1.0,wesad_s4,combined,wesad
0,0.10740319,1.0,wesad_s4,combined,wesad
0,0.104519315,1.0,wesad_s4,combined,wesad
0,0.10423813,1.0,wesad_s4,combined,wesad
0,0.10680522,1.0,wesad_s4,combined,wesad
0,0.10728359,1.0,wesad_s4,combined,wesad
0,0.10808965,1.0,wesad_s4,combined,wesad
0,0.11407518,1.0,wesad_s4,combined,wesad
0,0.11931535,1.0,wesad_s4,combined,wesad
0,0.121448435,1.0,wesad_s4,combined,wesad
0,0.12652367,1.0,wesad_s4,combined,wesad
0,0.13794082,1.0,wesad_s4,combined,wesad
0,0.13605459,1.0,wesad_s4,combined,wesad
0,0.12550797,1.0,wesad_s4,combined,wesad
0,0.124954,1.0,wesad_s4,combined,wesad
0,0.12083713,1.0,wesad_s4,combined,wesad
0,0.113637075,1.0,wesad_s4,combined,wesad
0,0.11100949,1.0,wesad_s4,combined,wesad
0,0.10906263,1.0,wesad_s4,combined,wesad
0,0.10841469,1.0,wesad_s4,combined,wesad
0,0.10584052,1.0,wesad_s4,combined,wesad
0,0.099691376,1.0,wesad_s4,combined,wesad
0,0.10229726,1.0,wesad_s4,combined,wesad
0,0.10829758,1.0,wesad_s4,combined,wesad
0,0.10609203,1.0,wesad_s4,combined,wesad
0,0.10066323,1.0,wesad_s4,combined,wesad
0,0.098850764,1.0,wesad_s4,combined,wesad
0,0.095956646,1.0,wesad_s4,combined,wesad
0,0.0916556,1.0,wesad_s4,combined,wesad
0,0.08722004,1.0,wesad_s4,combined,wesad
0,0.0846682,1.0,wesad_s4,combined,wesad
0,0.08520622,1.0,wesad_s4,combined,wesad
0,0.084324524,1.0,wesad_s4,combined,wesad
0,0.081813216,1.0,wesad_s4,combined,wesad
0,0.0837916,1.0,wesad_s4,combined,wesad
0,0.08869765,1.0,wesad_s4,combined,wesad
0,0.093359,1.0,wesad_s4,combined,wesad
0,0.09821227,1.0,wesad_s4,combined,wesad
0,0.104492806,1.0,wesad_s4,combined,wesad
0,0.110564806,1.0,wesad_s4,combined,wesad
0,0.113184325,1.0,wesad_s4,combined,wesad
0,0.108334884,1.0,wesad_s4,combined,wesad
0,0.106814064,1.0,wesad_s4,combined,wesad
0,0.1084698,1.0,wesad_s4,combined,wesad
0,0.10949179,1.0,wesad_s4,combined,wesad
0,0.10706825,1.0,wesad_s4,combined,wesad
0,0.10756229,1.0,wesad_s4,combined,wesad
0,0.110460326,1.0,wesad_s4,combined,wesad
0,0.11292007,1.0,wesad_s4,combined,wesad
0,0.12252408,1.0,wesad_s4,combined,wesad
0,0.13157512,1.0,wesad_s4,combined,wesad
0,0.13138612,1.0,wesad_s4,combined,wesad
0,0.1335028,1.0,wesad_s4,combined,wesad
0,0.13574411,1.0,wesad_s4,combined,wesad
0,0.14129962,1.0,wesad_s4,combined,wesad
0,0.13610373,1.0,wesad_s4,combined,wesad
0,0.11120361,1.0,wesad_s4,combined,wesad
0,0.087219596,1.0,wesad_s4,combined,wesad
0,0.077309646,1.0,wesad_s4,combined,wesad
0,0.07243911,1.0,wesad_s4,combined,wesad
0,0.06884598,1.0,wesad_s4,combined,wesad
0,0.06798765,1.0,wesad_s4,combined,wesad
0,0.07146861,1.0,wesad_s4,combined,wesad
0,0.07244403,1.0,wesad_s4,combined,wesad
0,0.07083166,1.0,wesad_s4,combined,wesad
0,0.07218256,1.0,wesad_s4,combined,wesad
0,0.0700329,1.0,wesad_s4,combined,wesad
0,0.068035096,1.0,wesad_s4,combined,wesad
0,0.0715297,1.0,wesad_s4,combined,wesad
0,0.076896876,1.0,wesad_s4,combined,wesad
0,0.08140128,1.0,wesad_s4,combined,wesad
0,0.08339127,1.0,wesad_s4,combined,wesad
0,0.08777603,1.0,wesad_s4,combined,wesad
0,0.0923365,1.0,wesad_s4,combined,wesad
0,0.09646299,1.0,wesad_s4,combined,wesad
0,0.09040351,1.0,wesad_s4,combined,wesad
0,0.08927396,1.0,wesad_s4,combined,wesad
0,0.09417088,1.0,wesad_s4,combined,wesad
0,0.09680179,1.0,wesad_s4,combined,wesad
0,0.09625903,1.0,wesad_s4,combined,wesad
0,0.092746,1.0,wesad_s4,combined,wesad
0,0.09342099,1.0,wesad_s4,combined,wesad
0,0.092143245,1.0,wesad_s4,combined,wesad
0,0.09250508,1.0,wesad_s4,combined,wesad
0,0.08954215,1.0,wesad_s4,combined,wesad
0,0.08516729,1.0,wesad_s4,combined,wesad
0,0.08861262,1.0,wesad_s4,combined,wesad
0,0.09033872,1.0,wesad_s4,combined,wesad
0,0.09264438,1.0,wesad_s4,combined,wesad
0,0.09788455,1.0,wesad_s4,combined,wesad
0,0.1047638,1.0,wesad_s4,combined,wesad
0,0.109385036,1.0,wesad_s4,combined,wesad
0,0.11051708,1.0,wesad_s4,combined,wesad
0,0.10654989,1.0,wesad_s4,combined,wesad
0,0.09968288,1.0,wesad_s4,combined,wesad
0,0.0843305,1.0,wesad_s4,combined,wesad
0,0.06997712,1.0,wesad_s4,combined,wesad
0,0.06803367,1.0,wesad_s4,combined,wesad
0,0.070149735,1.0,wesad_s4,combined,wesad
0,0.071981244,1.0,wesad_s4,combined,wesad
0,0.07646205,1.0,wesad_s4,combined,wesad
0,0.086003214,1.0,wesad_s4,combined,wesad
0,0.093302056,1.0,wesad_s4,combined,wesad
0,0.08668019,1.0,wesad_s4,combined,wesad
0,0.08018279,1.0,wesad_s4,combined,wesad
0,0.079037294,1.0,wesad_s4,combined,wesad
0,0.08077471,1.0,wesad_s4,combined,wesad
0,0.08179039,1.0,wesad_s4,combined,wesad
0,0.08433646,1.0,wesad_s4,combined,wesad
0,0.09051365,1.0,wesad_s4,combined,wesad
0,0.09144412,1.0,wesad_s4,combined,wesad
0,0.09276307,1.0,wesad_s4,combined,wesad
0,0.09530505,1.0,wesad_s4,combined,wesad
0,0.09659028,1.0,wesad_s4,combined,wesad
0,0.1012862,1.0,wesad_s4,combined,wesad
0,0.11183605,1.0,wesad_s4,combined,wesad
0,0.11957481,1.0,wesad_s4,combined,wesad
0,0.12670343,1.0,wesad_s4,combined,wesad
0,0.13531926,1.0,wesad_s4,combined,wesad
0,0.13692877,1.0,wesad_s4,combined,wesad
0,0.13394408,1.0,wesad_s4,combined,wesad
0,0.12814303,1.0,wesad_s4,combined,wesad
0,0.13443372,1.0,wesad_s4,combined,wesad
0,0.13428871,1.0,wesad_s4,combined,wesad
0,0.12249006,1.0,wesad_s4,combined,wesad
0,0.1184895,1.0,wesad_s4,combined,wesad
0,0.12313167,1.0,wesad_s4,combined,wesad
0,0.1267849,1.0,wesad_s4,combined,wesad
0,0.11284364,1.0,wesad_s4,combined,wesad
0,0.10459311,1.0,wesad_s4,combined,wesad
0,0.095287494,1.0,wesad_s4,combined,wesad
0,0.087535046,1.0,wesad_s4,combined,wesad
0,0.08778628,1.0,wesad_s4,combined,wesad
0,0.08572553,1.0,wesad_s4,combined,wesad
0,0.08480823,1.0,wesad_s4,combined,wesad
0,0.0823846,1.0,wesad_s4,combined,wesad
0,0.08254717,1.0,wesad_s4,combined,wesad
0,0.085525125,1.0,wesad_s4,combined,wesad
0,0.08588187,1.0,wesad_s4,combined,wesad
0,0.088751934,1.0,wesad_s4,combined,wesad
0,0.09070949,1.0,wesad_s4,combined,wesad
0,0.09124782,1.0,wesad_s4,combined,wesad
0,0.094142675,1.0,wesad_s4,combined,wesad
0,0.09432897,1.0,wesad_s4,combined,wesad
0,0.08931563,1.0,wesad_s4,combined,wesad
0,0.08281534,1.0,wesad_s4,combined,wesad
0,0.07994672,1.0,wesad_s4,combined,wesad
0,0.0830547,1.0,wesad_s4,combined,wesad
0,0.08448386,1.0,wesad_s4,combined,wesad
0,0.08418385,1.0,wesad_s4,combined,wesad
0,0.08832998,1.0,wesad_s4,combined,wesad
0,0.095366,1.0,wesad_s4,combined,wesad
0,0.10283612,1.0,wesad_s4,combined,wesad
0,0.10033098,1.0,wesad_s4,combined,wesad
0,0.096056536,1.0,wesad_s4,combined,wesad
0,0.096316665,1.0,wesad_s4,combined,wesad
0,0.094116844,1.0,wesad_s4,combined,wesad
0,0.09148398,1.0,wesad_s4,combined,wesad
0,0.08704548,1.0,wesad_s4,combined,wesad
0,0.091518946,1.0,wesad_s4,combined,wesad
0,0.09690053,1.0,wesad_s4,combined,wesad
0,0.097587,1.0,wesad_s4,combined,wesad
0,0.09763366,1.0,wesad_s4,combined,wesad
0,0.09954445,1.0,wesad_s4,combined,wesad
0,0.10394472,1.0,wesad_s4,combined,wesad
0,0.12960394,1.0,wesad_s4,combined,wesad
0,0.13453564,1.0,wesad_s4,combined,wesad
0,0.13265778,1.0,wesad_s4,combined,wesad
0,0.12918168,1.0,wesad_s4,combined,wesad
0,0.12675822,1.0,wesad_s4,combined,wesad
0,0.12774983,1.0,wesad_s4,combined,wesad
0,0.12526678,1.0,wesad_s4,combined,wesad
0,0.12562267,1.0,wesad_s4,combined,wesad
0,0.1198954,1.0,wesad_s4,combined,wesad
0,0.11434385,1.0,wesad_s4,combined,wesad
0,0.11568995,1.0,wesad_s4,combined,wesad
0,0.12213121,1.0,wesad_s4,combined,wesad
0,0.12478082,1.0,wesad_s4,combined,wesad
0,0.11769966,1.0,wesad_s4,combined,wesad
0,0.10271608,1.0,wesad_s4,combined,wesad
0,0.092168786,1.0,wesad_s4,combined,wesad
0,0.08536381,1.0,wesad_s4,combined,wesad
0,0.078485005,1.0,wesad_s4,combined,wesad
0,0.0775092,1.0,wesad_s4,combined,wesad
0,0.08188974,1.0,wesad_s4,combined,wesad
0,0.08907497,1.0,wesad_s4,combined,wesad
0,0.09323927,1.0,wesad_s4,combined,wesad
0,0.10042536,1.0,wesad_s4,combined,wesad
0,0.105247244,1.0,wesad_s4,combined,wesad
0,0.10826989,1.0,wesad_s4,combined,wesad
0,0.11307014,1.0,wesad_s4,combined,wesad
0,0.11332445,1.0,wesad_s4,combined,wesad
0,0.112931035,1.0,wesad_s4,combined,wesad
0,0.113211796,1.0,wesad_s4,combined,wesad
0,0.11612668,1.0,wesad_s4,combined,wesad
0,0.11476005,1.0,wesad_s4,combined,wesad
0,0.112110525,1.0,wesad_s4,combined,wesad
0,0.11109974,1.0,wesad_s4,combined,wesad
0,0.110508576,1.0,wesad_s4,combined,wesad
0,0.11144692,1.0,wesad_s4,combined,wesad
0,0.10725765,1.0,wesad_s4,combined,wesad
0,0.10240231,1.0,wesad_s4,combined,wesad
0,0.10180107,1.0,wesad_s4,combined,wesad
0,0.10170401,1.0,wesad_s4,combined,wesad
0,0.097491406,1.0,wesad_s4,combined,wesad
0,0.096007176,1.0,wesad_s4,combined,wesad
0,0.09733149,1.0,wesad_s4,combined,wesad
0,0.097124025,1.0,wesad_s4,combined,wesad
1,0.142452,1.0,wesad_s4,combined,wesad
1,0.15097673,1.0,wesad_s4,combined,wesad
1,0.17126228,1.0,wesad_s4,combined,wesad
1,0.19415016,1.0,wesad_s4,combined,wesad
1,0.18085352,1.0,wesad_s4,combined,wesad
1,0.1604976,1.0,wesad_s4,combined,wesad
1,0.15255451,1.0,wesad_s4,combined,wesad
1,0.15820073,1.0,wesad_s4,combined,wesad
1,0.1632247,1.0,wesad_s4,combined,wesad
1,0.1606618,1.0,wesad_s4,combined,wesad
1,0.16723311,1.0,wesad_s4,combined,wesad
1,0.18034326,1.0,wesad_s4,combined,wesad
1,0.18285653,1.0,wesad_s4,combined,wesad
1,0.17105009,1.0,wesad_s4,combined,wesad
1,0.16380854,1.0,wesad_s4,combined,wesad
1,0.15711935,1.0,wesad_s4,combined,wesad
1,0.1496248,1.0,wesad_s4,combined,wesad
1,0.14628395,1.0,wesad_s4,combined,wesad
1,0.13557874,1.0,wesad_s4,combined,wesad
1,0.13587122,1.0,wesad_s4,combined,wesad
1,0.13960105,1.0,wesad_s4,combined,wesad
1,0.14277631,1.0,wesad_s4,combined,wesad
1,0.15295969,1.0,wesad_s4,combined,wesad
1,0.15731497,1.0,wesad_s4,combined,wesad
1,0.16140336,1.0,wesad_s4,combined,wesad
1,0.15724294,1.0,wesad_s4,combined,wesad
1,0.14953035,1.0,wesad_s4,combined,wesad
1,0.15114765,1.0,wesad_s4,combined,wesad
1,0.1504966,1.0,wesad_s4,combined,wesad
1,0.16189706,1.0,wesad_s4,combined,wesad
1,0.16984148,1.0,wesad_s4,combined,wesad
1,0.17000331,1.0,wesad_s4,combined,wesad
1,0.17000218,1.0,wesad_s4,combined,wesad
1,0.1717145,1.0,wesad_s4,combined,wesad
1,0.16302454,1.0,wesad_s4,combined,wesad
1,0.17183624,1.0,wesad_s4,combined,wesad
1,0.18140538,1.0,wesad_s4,combined,wesad
1,0.1868258,1.0,wesad_s4,combined,wesad
1,0.18387362,1.0,wesad_s4,combined,wesad
1,0.17568494,1.0,wesad_s4,combined,wesad
1,0.16241495,1.0,wesad_s4,combined,wesad
1,0.15596767,1.0,wesad_s4,combined,wesad
1,0.15654323,1.0,wesad_s4,combined,wesad
1,0.1566114,1.0,wesad_s4,combined,wesad
1,0.15746197,1.0,wesad_s4,combined,wesad
1,0.16238576,1.0,wesad_s4,combined,wesad
1,0.16265504,1.0,wesad_s4,combined,wesad
1,0.16615646,1.0,wesad_s4,combined,wesad
1,0.16224085,1.0,wesad_s4,combined,wesad
1,0.15762809,1.0,wesad_s4,combined,wesad
1,0.15553968,1.0,wesad_s4,combined,wesad
1,0.16237518,1.0,wesad_s4,combined,wesad
1,0.15653856,1.0,wesad_s4,combined,wesad
1,0.15133084,1.0,wesad_s4,combined,wesad
1,0.15129806,1.0,wesad_s4,combined,wesad
1,0.14214814,1.0,wesad_s4,combined,wesad
1,0.13560863,1.0,wesad_s4,combined,wesad
1,0.13383369,1.0,wesad_s4,combined,wesad
1,0.14029951,1.0,wesad_s4,combined,wesad
1,0.141572,1.0,wesad_s4,combined,wesad
1,0.14119025,1.0,wesad_s4,combined,wesad
1,0.14744149,1.0,wesad_s4,combined,wesad
1,0.14639977,1.0,wesad_s4,combined,wesad
1,0.15114123,1.0,wesad_s4,combined,wesad
1,0.15743372,1.0,wesad_s4,combined,wesad
1,0.16879459,1.0,wesad_s4,combined,wesad
1,0.20372653,1.0,wesad_s4,combined,wesad
1,0.23719743,1.0,wesad_s4,combined,wesad
1,0.24490607,1.0,wesad_s4,combined,wesad
1,0.25832042,1.0,wesad_s4,combined,wesad
1,0.23242618,1.0,wesad_s4,combined,wesad
1,0.19144566,1.0,wesad_s4,combined,wesad
1,0.17423157,1.0,wesad_s4,combined,wesad
1,0.15771286,1.0,wesad_s4,combined,wesad
1,0.17186753,1.0,wesad_s4,combined,wesad
1,0.1785485,1.0,wesad_s4,combined,wesad
1,0.1853576,1.0,wesad_s4,combined,wesad
1,0.2066171,1.0,wesad_s4,combined,wesad
1,0.20782693,1.0,wesad_s4,combined,wesad
1,0.19066212,1.0,wesad_s4,combined,wesad
1,0.18528335,1.0,wesad_s4,combined,wesad
1,0.18012013,1.0,wesad_s4,combined,wesad
1,0.1551619,1.0,wesad_s4,combined,wesad
1,0.1590834,1.0,wesad_s4,combined,wesad
1,0.19626546,1.0,wesad_s4,combined,wesad
1,0.19533525,1.0,wesad_s4,combined,wesad
1,0.17039846,1.0,wesad_s4,combined,wesad
1,0.16737857,1.0,wesad_s4,combined,wesad
1,0.17271669,1.0,wesad_s4,combined,wesad
1,0.15843984,1.0,wesad_s4,combined,wesad
1,0.15408175,1.0,wesad_s4,combined,wesad
1,0.15054968,1.0,wesad_s4,combined,wesad
1,0.16234654,1.0,wesad_s4,combined,wesad
1,0.16210993,1.0,wesad_s4,combined,wesad
1,0.164922,1.0,wesad_s4,combined,wesad
1,0.18500492,1.0,wesad_s4,combined,wesad
1,0.19322896,1.0,wesad_s4,combined,wesad
1,0.23013602,1.0,wesad_s4,combined,wesad
1,0.19150376,1.0,wesad_s4,combined,wesad
1,0.1485614,1.0,wesad_s4,combined,wesad
1,0.1531655,1.0,wesad_s4,combined,wesad
1,0.14882866,1.0,wesad_s4,combined,wesad
1,0.14513788,1.0,wesad_s4,combined,wesad
1,0.14181301,1.0,wesad_s4,combined,wesad
1,0.14948565,1.0,wesad_s4,combined,wesad
1,0.15687019,1.0,wesad_s4,combined,wesad
1,0.15409675,1.0,wesad_s4,combined,wesad
1,0.16358753,1.0,wesad_s4,combined,wesad
1,0.164615,1.0,wesad_s4,combined,wesad
1,0.15855151,1.0,wesad_s4,combined,wesad
1,0.16378461,1.0,wesad_s4,combined,wesad
1,0.16507517,1.0,wesad_s4,combined,wesad
1,0.1504693,1.0,wesad_s4,combined,wesad
1,0.1582828,1.0,wesad_s4,combined,wesad
1,0.15864825,1.0,wesad_s4,combined,wesad
1,0.15951449,1.0,wesad_s4,combined,wesad
1,0.17873174,1.0,wesad_s4,combined,wesad
1,0.18864381,1.0,wesad_s4,combined,wesad
1,0.17563386,1.0,wesad_s4,combined,wesad
1,0.16120927,1.0,wesad_s4,combined,wesad
1,0.17901829,1.0,wesad_s4,combined,wesad
1,0.19487906,1.0,wesad_s4,combined,wesad
1,0.16755408,1.0,wesad_s4,combined,wesad
1,0.15723471,1.0,wesad_s4,combined,wesad
1,0.15044896,1.0,wesad_s4,combined,wesad
1,0.15821421,1.0,wesad_s4,combined,wesad
1,0.15696481,1.0,wesad_s4,combined,wesad
0,0.3029677,1.0,wesad_s15,combined,wesad
0,0.3521122,1.0,wesad_s15,combined,wesad
0,0.5069485,1.0,wesad_s15,combined,wesad
0,0.40953615,1.0,wesad_s15,combined,wesad
0,0.34240413,1.0,wesad_s15,combined,wesad
0,0.36238062,1.0,wesad_s15,combined,wesad
0,0.3634986,1.0,wesad_s15,combined,wesad
0,0.3980149,1.0,wesad_s15,combined,wesad
0,0.45907933,1.0,wesad_s15,combined,wesad
0,0.49199548,1.0,wesad_s15,combined,wesad
0,0.53073275,1.0,wesad_s15,combined,wesad
0,0.51982903,1.0,wesad_s15,combined,wesad
0,0.4453886,1.0,wesad_s15,combined,wesad
0,0.38985425,1.0,wesad_s15,combined,wesad
0,0.3380225,1.0,wesad_s15,combined,wesad
0,0.38810045,1.0,wesad_s15,combined,wesad
0,0.3505218,1.0,wesad_s15,combined,wesad
0,0.3623798,1.0,wesad_s15,combined,wesad
0,0.46377036,1.0,wesad_s15,combined,wesad
0,0.36562085,1.0,wesad_s15,combined,wesad
0,0.36966315,1.0,wesad_s15,combined,wesad
0,0.44511178,1.0,wesad_s15,combined,wesad
0,0.37948617,1.0,wesad_s15,combined,wesad
0,0.3719481,1.0,wesad_s15,combined,wesad
0,0.45148474,1.0,wesad_s15,combined,wesad
0,0.43187132,1.0,wesad_s15,combined,wesad
0,0.41898793,1.0,wesad_s15,combined,wesad
0,0.40482697,1.0,wesad_s15,combined,wesad
0,0.28494644,1.0,wesad_s15,combined,wesad
0,0.3307898,1.0,wesad_s15,combined,wesad
0,0.3779089,1.0,wesad_s15,combined,wesad
0,0.3588737,1.0,wesad_s15,combined,wesad
0,0.3137909,1.0,wesad_s15,combined,wesad
0,0.3033649,1.0,wesad_s15,combined,wesad
0,0.31615806,1.0,wesad_s15,combined,wesad
0,0.33806163,1.0,wesad_s15,combined,wesad
0,0.40882665,1.0,wesad_s15,combined,wesad
0,0.5052492,1.0,wesad_s15,combined,wesad
0,0.48270532,1.0,wesad_s15,combined,wesad
0,0.5090602,1.0,wesad_s15,combined,wesad
0,0.49490017,1.0,wesad_s15,combined,wesad
0,0.33651814,1.0,wesad_s15,combined,wesad
0,0.32415158,1.0,wesad_s15,combined,wesad
0,0.4915701,1.0,wesad_s15,combined,wesad
0,0.3836884,1.0,wesad_s15,combined,wesad
0,0.25451604,1.0,wesad_s15,combined,wesad
0,0.22858591,1.0,wesad_s15,combined,wesad
0,0.22058512,1.0,wesad_s15,combined,wesad
0,0.3695966,1.0,wesad_s15,combined,wesad
0,0.24340113,1.0,wesad_s15,combined,wesad
0,0.23111774,1.0,wesad_s15,combined,wesad
0,0.28842115,1.0,wesad_s15,combined,wesad
0,0.27550527,1.0,wesad_s15,combined,wesad
0,0.40425575,1.0,wesad_s15,combined,wesad
0,0.443692,1.0,wesad_s15,combined,wesad
0,0.38641915,1.0,wesad_s15,combined,wesad
0,0.36736724,1.0,wesad_s15,combined,wesad
0,0.27422443,1.0,wesad_s15,combined,wesad
0,0.26651737,1.0,wesad_s15,combined,wesad
0,0.29247624,1.0,wesad_s15,combined,wesad
0,0.25183782,1.0,wesad_s15,combined,wesad
0,0.3725065,1.0,wesad_s15,combined,wesad
0,0.63532716,1.0,wesad_s15,combined,wesad
0,0.5475923,1.0,wesad_s15,combined,wesad
0,0.3590452,1.0,wesad_s15,combined,wesad
0,0.23593734,1.0,wesad_s15,combined,wesad
0,0.33027688,1.0,wesad_s15,combined,wesad
0,0.32871678,1.0,wesad_s15,combined,wesad
0,0.31226465,1.0,wesad_s15,combined,wesad
0,0.53379697,1.0,wesad_s15,combined,wesad
0,0.55204266,1.0,wesad_s15,combined,wesad
0,0.5402658,1.0,wesad_s15,combined,wesad
0,0.50869983,1.0,wesad_s15,combined,wesad
0,0.39356118,1.0,wesad_s15,combined,wesad
0,0.37724695,1.0,wesad_s15,combined,wesad
0,0.3638606,1.0,wesad_s15,combined,wesad
0,0.4281218,1.0,wesad_s15,combined,wesad
0,0.5057845,1.0,wesad_s15,combined,wesad
0,0.4259045,1.0,wesad_s15,combined,wesad
0,0.40277523,1.0,wesad_s15,combined,wesad
0,0.38456357,1.0,wesad_s15,combined,wesad
0,0.37544394,1.0,wesad_s15,combined,wesad
0,0.4470567,1.0,wesad_s15,combined,wesad
0,0.4396112,1.0,wesad_s15,combined,wesad
0,0.3648496,1.0,wesad_s15,combined,wesad
0,0.40089223,1.0,wesad_s15,combined,wesad
0,0.3258001,1.0,wesad_s15,combined,wesad
0,0.3086661,1.0,wesad_s15,combined,wesad
0,0.33636504,1.0,wesad_s15,combined,wesad
0,0.3778241,1.0,wesad_s15,combined,wesad
0,0.46553832,1.0,wesad_s15,combined,wesad
0,0.42641303,1.0,wesad_s15,combined,wesad
0,0.43006542,1.0,wesad_s15,combined,wesad
0,0.42249507,1.0,wesad_s15,combined,wesad
0,0.38502765,1.0,wesad_s15,combined,wesad
0,0.40159228,1.0,wesad_s15,combined,wesad
0,0.43961203,1.0,wesad_s15,combined,wesad
0,0.4015133,1.0,wesad_s15,combined,wesad
0,0.51635075,1.0,wesad_s15,combined,wesad
0,0.52053225,1.0,wesad_s15,combined,wesad
0,0.43064067,1.0,wesad_s15,combined,wesad
0,0.44528407,1.0,wesad_s15,combined,wesad
0,0.42121708,1.0,wesad_s15,combined,wesad
0,0.5093215,1.0,wesad_s15,combined,wesad
0,0.45836803,1.0,wesad_s15,combined,wesad
0,0.26138064,1.0,wesad_s15,combined,wesad
0,0.32267463,1.0,wesad_s15,combined,wesad
0,0.38624355,1.0,wesad_s15,combined,wesad
0,0.37743738,1.0,wesad_s15,combined,wesad
0,0.39798886,1.0,wesad_s15,combined,wesad
0,0.38207805,1.0,wesad_s15,combined,wesad
0,0.35216436,1.0,wesad_s15,combined,wesad
0,0.52843374,1.0,wesad_s15,combined,wesad
0,0.64895463,1.0,wesad_s15,combined,wesad
0,0.68311095,1.0,wesad_s15,combined,wesad
0,0.52955824,1.0,wesad_s15,combined,wesad
0,0.32291514,1.0,wesad_s15,combined,wesad
0,0.29649845,1.0,wesad_s15,combined,wesad
0,0.3906404,1.0,wesad_s15,combined,wesad
0,0.31228557,1.0,wesad_s15,combined,wesad
0,0.39652842,1.0,wesad_s15,combined,wesad
0,0.34595668,1.0,wesad_s15,combined,wesad
0,0.35182154,1.0,wesad_s15,combined,wesad
0,0.37581235,1.0,wesad_s15,combined,wesad
0,0.4231204,1.0,wesad_s15,combined,wesad
0,0.49369216,1.0,wesad_s15,combined,wesad
0,0.49167493,1.0,wesad_s15,combined,wesad
0,0.47854298,1.0,wesad_s15,combined,wesad
0,0.5118236,1.0,wesad_s15,combined,wesad
0,0.47997248,1.0,wesad_s15,combined,wesad
0,0.41023275,1.0,wesad_s15,combined,wesad
0,0.32218778,1.0,wesad_s15,combined,wesad
0,0.43201676,1.0,wesad_s15,combined,wesad
0,0.3761955,1.0,wesad_s15,combined,wesad
0,0.30434096,1.0,wesad_s15,combined,wesad
0,0.4555705,1.0,wesad_s15,combined,wesad
0,0.54838115,1.0,wesad_s15,combined,wesad
0,0.49735352,1.0,wesad_s15,combined,wesad
0,0.48906177,1.0,wesad_s15,combined,wesad
0,0.56545,1.0,wesad_s15,combined,wesad
0,0.38142684,1.0,wesad_s15,combined,wesad
0,0.35004705,1.0,wesad_s15,combined,wesad
0,0.2979947,1.0,wesad_s15,combined,wesad
0,0.6551843,1.0,wesad_s15,combined,wesad
0,0.5774856,1.0,wesad_s15,combined,wesad
0,0.38403952,1.0,wesad_s15,combined,wesad
0,0.5765662,1.0,wesad_s15,combined,wesad
0,0.5046217,1.0,wesad_s15,combined,wesad
0,0.44180667,1.0,wesad_s15,combined,wesad
0,0.42436534,1.0,wesad_s15,combined,wesad
0,0.2760156,1.0,wesad_s15,combined,wesad
0,0.21153109,1.0,wesad_s15,combined,wesad
0,0.25968271,1.0,wesad_s15,combined,wesad
0,0.29324445,1.0,wesad_s15,combined,wesad
0,0.2811318,1.0,wesad_s15,combined,wesad
0,0.32492504,1.0,wesad_s15,combined,wesad
0,0.28919345,1.0,wesad_s15,combined,wesad
0,0.29742923,1.0,wesad_s15,combined,wesad
0,0.2988284,1.0,wesad_s15,combined,wesad
0,0.31641674,1.0,wesad_s15,combined,wesad
0,0.3505983,1.0,wesad_s15,combined,wesad
0,0.28594375,1.0,wesad_s15,combined,wesad
0,0.30631065,1.0,wesad_s15,combined,wesad
0,0.36690873,1.0,wesad_s15,combined,wesad
0,0.43364435,1.0,wesad_s15,combined,wesad
0,0.58224833,1.0,wesad_s15,combined,wesad
0,0.58447117,1.0,wesad_s15,combined,wesad
0,0.39134675,1.0,wesad_s15,combined,wesad
0,0.37307343,1.0,wesad_s15,combined,wesad
0,0.40931502,1.0,wesad_s15,combined,wesad
0,0.35912827,1.0,wesad_s15,combined,wesad
0,0.2750186,1.0,wesad_s15,combined,wesad
0,0.18906021,1.0,wesad_s15,combined,wesad
0,0.2905892,1.0,wesad_s15,combined,wesad
0,0.3883259,1.0,wesad_s15,combined,wesad
0,0.43117443,1.0,wesad_s15,combined,wesad
0,0.48322725,1.0,wesad_s15,combined,wesad
0,0.47498938,1.0,wesad_s15,combined,wesad
0,0.31468573,1.0,wesad_s15,combined,wesad
0,0.33059946,1.0,wesad_s15,combined,wesad
0,0.5508044,1.0,wesad_s15,combined,wesad
0,0.32796466,1.0,wesad_s15,combined,wesad
0,0.27128688,1.0,wesad_s15,combined,wesad
0,0.2514852,1.0,wesad_s15,combined,wesad
0,0.3712948,1.0,wesad_s15,combined,wesad
0,0.56638986,1.0,wesad_s15,combined,wesad
0,0.54048336,1.0,wesad_s15,combined,wesad
0,0.55543107,1.0,wesad_s15,combined,wesad
0,0.44113225,1.0,wesad_s15,combined,wesad
0,0.41887352,1.0,wesad_s15,combined,wesad
0,0.418312,1.0,wesad_s15,combined,wesad
0,0.44633013,1.0,wesad_s15,combined,wesad
0,0.48004898,1.0,wesad_s15,combined,wesad
0,0.40424293,1.0,wesad_s15,combined,wesad
0,0.5227632,1.0,wesad_s15,combined,wesad
0,0.6766787,1.0,wesad_s15,combined,wesad
0,0.49472424,1.0,wesad_s15,combined,wesad
0,0.29082507,1.0,wesad_s15,combined,wesad
0,0.22494973,1.0,wesad_s15,combined,wesad
0,0.25861415,1.0,wesad_s15,combined,wesad
0,0.39071167,1.0,wesad_s15,combined,wesad
0,0.3522145,1.0,wesad_s15,combined,wesad
0,0.29808068,1.0,wesad_s15,combined,wesad
0,0.33754757,1.0,wesad_s15,combined,wesad
0,0.47801623,1.0,wesad_s15,combined,wesad
0,0.41250482,1.0,wesad_s15,combined,wesad
0,0.36560166,1.0,wesad_s15,combined,wesad
0,0.39884162,1.0,wesad_s15,combined,wesad
0,0.357653,1.0,wesad_s15,combined,wesad
0,0.3674353,1.0,wesad_s15,combined,wesad
0,0.44582802,1.0,wesad_s15,combined,wesad
0,0.43039456,1.0,wesad_s15,combined,wesad
0,0.41869205,1.0,wesad_s15,combined,wesad
0,0.46683457,1.0,wesad_s15,combined,wesad
0,0.50659955,1.0,wesad_s15,combined,wesad
0,0.33458254,1.0,wesad_s15,combined,wesad
0,0.27588242,1.0,wesad_s15,combined,wesad
0,0.50798166,1.0,wesad_s15,combined,wesad
0,0.49026737,1.0,wesad_s15,combined,wesad
0,0.25200537,1.0,wesad_s15,combined,wesad
0,0.30561727,1.0,wesad_s15,combined,wesad
0,0.49672058,1.0,wesad_s15,combined,wesad
0,0.4327639,1.0,wesad_s15,combined,wesad
0,0.26574838,1.0,wesad_s15,combined,wesad
0,0.31182754,1.0,wesad_s15,combined,wesad
0,0.34301937,1.0,wesad_s15,combined,wesad
0,0.44789615,1.0,wesad_s15,combined,wesad
0,0.6297646,1.0,wesad_s15,combined,wesad
0,0.72896594,1.0,wesad_s15,combined,wesad
0,0.5546398,1.0,wesad_s15,combined,wesad
0,0.29515564,1.0,wesad_s15,combined,wesad
0,0.2305346,1.0,wesad_s15,combined,wesad
0,0.20815758,1.0,wesad_s15,combined,wesad
0,0.30176583,1.0,wesad_s15,combined,wesad
0,0.40252626,1.0,wesad_s15,combined,wesad
1,0.81851786,1.0,wesad_s15,combined,wesad
1,0.7851933,1.0,wesad_s15,combined,wesad
1,0.6896703,1.0,wesad_s15,combined,wesad
1,0.57536113,1.0,wesad_s15,combined,wesad
1,0.50894314,1.0,wesad_s15,combined,wesad
1,0.6538967,1.0,wesad_s15,combined,wesad
1,0.69441867,1.0,wesad_s15,combined,wesad
1,0.6406415,1.0,wesad_s15,combined,wesad
1,0.6805,1.0,wesad_s15,combined,wesad
1,0.7508597,1.0,wesad_s15,combined,wesad
1,0.7324548,1.0,wesad_s15,combined,wesad
1,0.65033895,1.0,wesad_s15,combined,wesad
1,0.6433516,1.0,wesad_s15,combined,wesad
1,0.6873535,1.0,wesad_s15,combined,wesad
1,0.6108421,1.0,wesad_s15,combined,wesad
1,0.52468055,1.0,wesad_s15,combined,wesad
1,0.546192,1.0,wesad_s15,combined,wesad
1,0.58471715,1.0,wesad_s15,combined,wesad
1,0.53898007,1.0,wesad_s15,combined,wesad
1,0.5341516,1.0,wesad_s15,combined,wesad
1,0.5945917,1.0,wesad_s15,combined,wesad
1,0.5309611,1.0,wesad_s15,combined,wesad
1,0.59337807,1.0,wesad_s15,combined,wesad
1,0.56583893,1.0,wesad_s15,combined,wesad
1,0.53181815,1.0,wesad_s15,combined,wesad
1,0.6319567,1.0,wesad_s15,combined,wesad
1,0.6135928,1.0,wesad_s15,combined,wesad
1,0.5911428,1.0,wesad_s15,combined,wesad
1,0.5479921,1.0,wesad_s15,combined,wesad
1,0.4505092,1.0,wesad_s15,combined,wesad
1,0.3232696,1.0,wesad_s15,combined,wesad
1,0.20494491,1.0,wesad_s15,combined,wesad
1,0.29192013,1.0,wesad_s15,combined,wesad
1,0.49043223,1.0,wesad_s15,combined,wesad
1,0.54564637,1.0,wesad_s15,combined,wesad
1,0.6135013,1.0,wesad_s15,combined,wesad
1,0.58276737,1.0,wesad_s15,combined,wesad
1,0.5795406,1.0,wesad_s15,combined,wesad
1,0.5428836,1.0,wesad_s15,combined,wesad
1,0.4984434,1.0,wesad_s15,combined,wesad
1,0.5800814,1.0,wesad_s15,combined,wesad
1,0.56548154,1.0,wesad_s15,combined,wesad
1,0.52024823,1.0,wesad_s15,combined,wesad
1,0.4479407,1.0,wesad_s15,combined,wesad
1,0.515102,1.0,wesad_s15,combined,wesad
1,0.6399241,1.0,wesad_s15,combined,wesad
1,0.62260425,1.0,wesad_s15,combined,wesad
1,0.62012094,1.0,wesad_s15,combined,wesad
1,0.55407345,1.0,wesad_s15,combined,wesad
1,0.62114817,1.0,wesad_s15,combined,wesad
1,0.64570063,1.0,wesad_s15,combined,wesad
1,0.57175887,1.0,wesad_s15,combined,wesad
1,0.65189356,1.0,wesad_s15,combined,wesad
1,0.54068005,1.0,wesad_s15,combined,wesad
1,0.3688304,1.0,wesad_s15,combined,wesad
1,0.34254128,1.0,wesad_s15,combined,wesad
1,0.34911153,1.0,wesad_s15,combined,wesad
1,0.3823534,1.0,wesad_s15,combined,wesad
1,0.5800492,1.0,wesad_s15,combined,wesad
1,0.58294463,1.0,wesad_s15,combined,wesad
1,0.51167464,1.0,wesad_s15,combined,wesad
1,0.5021577,1.0,wesad_s15,combined,wesad
1,0.52841985,1.0,wesad_s15,combined,wesad
1,0.5635067,1.0,wesad_s15,combined,wesad
1,0.43128827,1.0,wesad_s15,combined,wesad
1,0.21810578,1.0,wesad_s15,combined,wesad
1,0.23486868,1.0,wesad_s15,combined,wesad
1,0.26250502,1.0,wesad_s15,combined,wesad
1,0.33314925,1.0,wesad_s15,combined,wesad
1,0.28221193,1.0,wesad_s15,combined,wesad
1,0.3056857,1.0,wesad_s15,combined,wesad
1,0.3143426,1.0,wesad_s15,combined,wesad
1,0.24305712,1.0,wesad_s15,combined,wesad
1,0.2603224,1.0,wesad_s15,combined,wesad
1,0.26228964,1.0,wesad_s15,combined,wesad
1,0.28901547,1.0,wesad_s15,combined,wesad
1,0.44419986,1.0,wesad_s15,combined,wesad
1,0.6414797,1.0,wesad_s15,combined,wesad
1,0.6845613,1.0,wesad_s15,combined,wesad
1,0.62787974,1.0,wesad_s15,combined,wesad
1,0.6239856,1.0,wesad_s15,combined,wesad
1,0.53001857,1.0,wesad_s15,combined,wesad
1,0.54217136,1.0,wesad_s15,combined,wesad
1,0.5466352,1.0,wesad_s15,combined,wesad
1,0.67062736,1.0,wesad_s15,combined,wesad
1,0.7714571,1.0,wesad_s15,combined,wesad
1,0.6749212,1.0,wesad_s15,combined,wesad
1,0.5788248,1.0,wesad_s15,combined,wesad
1,0.45126194,1.0,wesad_s15,combined,wesad
1,0.4245428,1.0,wesad_s15,combined,wesad
1,0.41838357,1.0,wesad_s15,combined,wesad
1,0.33712628,1.0,wesad_s15,combined,wesad
1,0.3196899,1.0,wesad_s15,combined,wesad
1,0.33576626,1.0,wesad_s15,combined,wesad
1,0.4187731,1.0,wesad_s15,combined,wesad
1,0.47284377,1.0,wesad_s15,combined,wesad
1,0.36664823,1.0,wesad_s15,combined,wesad
1,0.51679516,1.0,wesad_s15,combined,wesad
1,0.4513885,1.0,wesad_s15,combined,wesad
1,0.3388042,1.0,wesad_s15,combined,wesad
1,0.3746712,1.0,wesad_s15,combined,wesad
1,0.32593527,1.0,wesad_s15,combined,wesad
1,0.34158248,1.0,wesad_s15,combined,wesad
1,0.36881152,1.0,wesad_s15,combined,wesad
1,0.33484966,1.0,wesad_s15,combined,wesad
1,0.3497378,1.0,wesad_s15,combined,wesad
1,0.37939325,1.0,wesad_s15,combined,wesad
1,0.4136417,1.0,wesad_s15,combined,wesad
1,0.52792376,1.0,wesad_s15,combined,wesad
1,0.43829593,1.0,wesad_s15,combined,wesad
1,0.3820332,1.0,wesad_s15,combined,wesad
1,0.4215627,1.0,wesad_s15,combined,wesad
1,0.46878546,1.0,wesad_s15,combined,wesad
1,0.5273393,1.0,wesad_s15,combined,wesad
1,0.5504603,1.0,wesad_s15,combined,wesad
1,0.5166627,1.0,wesad_s15,combined,wesad
1,0.34675494,1.0,wesad_s15,combined,wesad
1,0.2962051,1.0,wesad_s15,combined,wesad
1,0.32484412,1.0,wesad_s15,combined,wesad
1,0.27820614,1.0,wesad_s15,combined,wesad
1,0.34202036,1.0,wesad_s15,combined,wesad
1,0.30953065,1.0,wesad_s15,combined,wesad
1,0.32357755,1.0,wesad_s15,combined,wesad
1,0.38467106,1.0,wesad_s15,combined,wesad
1,0.34218115,1.0,wesad_s15,combined,wesad
1,0.4186467,1.0,wesad_s15,combined,wesad
1,0.27949443,1.0,wesad_s15,combined,wesad
1,0.30816537,1.0,wesad_s15,combined,wesad
1,0.36587524,1.0,wesad_s15,combined,wesad
1,0.3677014,1.0,wesad_s15,combined,wesad
1,0.38354746,1.0,wesad_s15,combined,wesad
1,0.41959506,1.0,wesad_s15,combined,wesad
1,0.50735056,1.0,wesad_s15,combined,wesad
1,0.52339804,1.0,wesad_s15,combined,wesad
1,0.40428144,1.0,wesad_s15,combined,wesad
1,0.36447975,1.0,wesad_s15,combined,wesad
1,0.42867172,1.0,wesad_s15,combined,wesad
1,0.43147412,1.0,wesad_s15,combined,wesad
