true,prob,confidence,subject_id,dataset
0,0.00018358877,0.36608613,40,combined
0,0.00020344988,0.39235052,40,combined
0,0.0001999841,0.38312402,40,combined
0,0.00016366059,0.3447315,40,combined
0,0.00019860946,0.3885945,40,combined
0,0.00020589388,0.40242457,40,combined
0,0.00031422818,0.49538243,40,combined
0,0.00026661713,0.46070385,40,combined
0,0.00033832097,0.51026845,40,combined
0,0.00030890005,0.4920359,40,combined
0,0.00035037848,0.5169149,40,combined
0,0.0003017831,0.485983,40,combined
0,0.00021968131,0.40963033,40,combined
0,0.00033643475,0.50942534,40,combined
0,0.0002717802,0.4663787,40,combined
0,0.00033654572,0.5093637,40,combined
0,0.00024709548,0.44743457,40,combined
0,0.00022566301,0.41994417,40,combined
0,0.00017447029,0.34697795,40,combined
0,0.00018375233,0.36225238,40,combined
0,0.00016256286,0.34115672,40,combined
0,0.00018624582,0.37530556,40,combined
0,0.00017003622,0.3506361,40,combined
0,0.00021405729,0.413836,40,combined
0,0.00018631616,0.37293077,40,combined
0,0.00015757159,0.33121085,40,combined
0,0.0001722845,0.35321033,40,combined
0,0.0001614668,0.3356894,40,combined
0,0.00018832981,0.3746447,40,combined
0,0.00020511444,0.37144002,40,combined
0,0.00020546558,0.3716478,40,combined
0,0.00020525139,0.37159023,40,combined
0,0.00020281575,0.36954755,40,combined
0,0.00020478167,0.3710352,40,combined
0,0.0002601024,0.45849308,40,combined
0,0.0002188046,0.38321328,40,combined
0,0.00021806234,0.38258502,40,combined
0,0.00019696742,0.36463708,40,combined
0,0.00020291746,0.36985323,40,combined
0,0.00020481818,0.37123695,40,combined
0,0.00020590409,0.3720713,40,combined
0,0.00022799004,0.39061525,40,combined
0,0.00022830565,0.39094076,40,combined
0,0.00020311495,0.36978805,40,combined
0,0.0002041685,0.37071496,40,combined
0,0.00029226427,0.47691736,40,combined
0,0.00020124618,0.3682516,40,combined
0,0.00020014435,0.36722788,40,combined
0,0.00020726479,0.3730634,40,combined
0,0.00020779255,0.37368688,40,combined
0,0.00020536846,0.3717066,40,combined
0,0.00020859491,0.37424907,40,combined
0,0.00021160554,0.37665924,40,combined
0,0.00021041329,0.3758114,40,combined
0,0.0002141614,0.37918192,40,combined
0,0.00023359555,0.42933473,40,combined
0,0.00015329204,0.3305792,40,combined
0,0.00017381342,0.36181697,40,combined
0,0.00017744557,0.36851504,40,combined
1,0.99521846,0.48958877,40,combined
1,0.99442154,0.49604014,40,combined
1,0.99297416,0.4974063,40,combined
1,0.99441236,0.48102584,40,combined
1,0.9968143,0.45362797,40,combined
1,0.995057,0.46176043,40,combined
1,0.9940288,0.4602202,40,combined
1,0.9973253,0.42940345,40,combined
1,0.9963714,0.44106787,40,combined
1,0.9976694,0.41414002,40,combined
1,0.99858344,0.3976614,40,combined
1,0.9946202,0.494721,40,combined
1,0.9934708,0.49932322,40,combined
1,0.99720085,0.45333123,40,combined
1,0.9974899,0.44816676,40,combined
1,0.9975822,0.44567078,40,combined
1,0.99695754,0.45992002,40,combined
1,0.9988972,0.41213948,40,combined
1,0.99841344,0.42643198,40,combined
1,0.99462634,0.4882648,40,combined
1,0.9973665,0.44960642,40,combined
1,0.99963176,0.31953064,40,combined
1,0.9996481,0.2974195,40,combined
1,0.99960726,0.3179646,40,combined
1,0.9983045,0.40760672,40,combined
1,0.998139,0.40708736,40,combined
1,0.9997409,0.28798458,40,combined
1,0.99734455,0.40564755,40,combined
1,0.99808747,0.4015351,40,combined
1,0.9959132,0.43570584,40,combined
1,0.99852175,0.40323743,40,combined
1,0.9977791,0.4101416,40,combined
1,0.99794537,0.40085447,40,combined
1,0.99896955,0.3738284,40,combined
1,0.9978435,0.42168143,40,combined
1,0.9966252,0.450622,40,combined
1,0.99738187,0.4307347,40,combined
1,0.9997832,0.292122,40,combined
1,0.9982521,0.41258633,40,combined
1,0.9984971,0.4073632,40,combined
1,0.99815696,0.4392026,40,combined
1,0.99944526,0.33697307,40,combined
1,0.9989729,0.37706938,40,combined
1,0.99812216,0.41667667,40,combined
1,0.9990577,0.3624919,40,combined
1,0.9986324,0.39448023,40,combined
1,0.99607855,0.45528027,40,combined
1,0.99219936,0.48320428,40,combined
1,0.9919144,0.457776,40,combined
1,0.99919575,0.3730411,40,combined
1,0.99836344,0.41818866,40,combined
1,0.996005,0.45811215,40,combined
1,0.9971308,0.45380417,40,combined
1,0.99343985,0.49879152,40,combined
1,0.9928768,0.502428,40,combined
1,0.9948015,0.48555145,40,combined
1,0.99650264,0.4746358,40,combined
1,0.9993067,0.37761703,40,combined
1,0.9964468,0.4786598,40,combined
1,0.9949785,0.4899596,40,combined
1,0.9985154,0.41034657,40,combined
1,0.9984896,0.41150758,40,combined
1,0.99624443,0.46868443,40,combined
1,0.9989213,0.40837812,40,combined
1,0.997526,0.45059684,40,combined
1,0.9956441,0.4763404,40,combined
1,0.9945221,0.48397577,40,combined
1,0.98885405,0.48553166,40,combined
1,0.99798214,0.44509932,40,combined
1,0.99844617,0.43616468,40,combined
1,0.99733955,0.46062794,40,combined
1,0.9987858,0.4235796,40,combined
1,0.99931204,0.38932928,40,combined
1,0.9986265,0.4267152,40,combined
1,0.99334127,0.49718636,40,combined
1,0.99101454,0.506115,40,combined
1,0.9997924,0.28020734,40,combined
1,0.99981946,0.2648407,40,combined
1,0.999622,0.31191754,40,combined
1,0.9992799,0.3376517,40,combined
1,0.99910563,0.36088517,40,combined
1,0.997917,0.40365282,40,combined
1,0.9988777,0.37573004,40,combined
1,0.99949205,0.33521584,40,combined
1,0.99924904,0.349113,40,combined
1,0.99360186,0.464705,40,combined
1,0.99096066,0.4874547,40,combined
1,0.9997296,0.29468247,40,combined
1,0.999736,0.3002903,40,combined
1,0.9997211,0.29962277,40,combined
1,0.999632,0.3232544,40,combined
1,0.99966574,0.30410546,40,combined
1,0.99978775,0.29176223,40,combined
1,0.9994031,0.36604515,40,combined
1,0.99911433,0.37284577,40,combined
1,0.00036359666,0.51955014,40,combined
1,0.00039855143,0.5407533,40,combined
1,0.0003201435,0.49298263,40,combined
1,0.00034462725,0.50900763,40,combined
1,0.00033430025,0.50260633,40,combined
1,0.000324468,0.4953251,40,combined
1,0.00030743575,0.48310253,40,combined
1,0.00031708044,0.49028265,40,combined
1,0.00031863927,0.4914866,40,combined
1,0.00036355993,0.51941985,40,combined
1,0.00037430733,0.52611095,40,combined
1,0.00036742893,0.52282554,40,combined
1,0.0003812256,0.5309646,40,combined
1,0.00035237375,0.5139213,40,combined
1,0.00029801216,0.47628972,40,combined
1,0.00034292022,0.50677854,40,combined
1,0.00040852558,0.54612666,40,combined
1,0.0003274375,0.49797755,40,combined
1,0.00034175004,0.5075008,40,combined
1,0.0003827744,0.5323853,40,combined
1,0.0003988308,0.5412005,40,combined
1,0.00037173438,0.5256521,40,combined
1,0.00022114906,0.3842681,40,combined
1,0.00040129776,0.54237413,40,combined
1,0.00022184452,0.38477913,40,combined
1,0.00022113684,0.38415644,40,combined
1,0.00022005281,0.38326824,40,combined
1,0.00022082795,0.383899,40,combined
1,0.00023580868,0.39655563,40,combined
1,0.0002373364,0.3978015,40,combined
1,0.00023219772,0.39361736,40,combined
1,0.00021723392,0.38132596,40,combined
1,0.00022135412,0.38453263,40,combined
1,0.00022055651,0.3840034,40,combined
1,0.0004082437,0.54656786,40,combined
1,0.00021998063,0.3834609,40,combined
1,0.00022764705,0.3899297,40,combined
1,0.0002263189,0.38888046,40,combined
1,0.00021761951,0.38164014,40,combined
1,0.00021649986,0.38062996,40,combined
1,0.00021677211,0.38089132,40,combined
1,0.00021742292,0.38128087,40,combined
1,0.00021603136,0.38037595,40,combined
1,0.00021624242,0.38047928,40,combined
1,0.00038647678,0.5351875,40,combined
1,0.00039576043,0.5399568,40,combined
1,0.00029642927,0.4753644,40,combined
1,0.000281154,0.46403524,40,combined
1,0.00030412286,0.48175278,40,combined
1,0.9991155,0.3670393,40,combined
1,0.9975452,0.41662294,40,combined
1,0.9963452,0.46075323,40,combined
1,0.99665785,0.42995766,40,combined
1,0.9982058,0.37700987,40,combined
1,0.9995783,0.30559063,40,combined
1,0.99983144,0.2645168,40,combined
1,0.9998031,0.27479494,40,combined
1,0.9998281,0.26840734,40,combined
1,0.99975306,0.3008934,40,combined
1,0.9938783,0.42904514,40,combined
1,0.99761033,0.4156851,40,combined
1,0.9973636,0.4357934,40,combined
1,0.9994211,0.33479092,40,combined
1,0.999331,0.33315206,40,combined
1,0.99931765,0.35287887,40,combined
1,0.99904925,0.38599965,40,combined
1,0.9995951,0.32042766,40,combined
1,0.99863607,0.39406884,40,combined
1,0.9943289,0.4967718,40,combined
1,0.9948945,0.49344763,40,combined
1,0.9946313,0.47045046,40,combined
1,0.997036,0.4262693,40,combined
1,0.99554753,0.44518247,40,combined
1,0.99717283,0.43166366,40,combined
1,0.99762183,0.41423196,40,combined
1,0.99834585,0.40078363,40,combined
1,0.99812514,0.4017602,40,combined
1,0.9993055,0.3420808,40,combined
1,0.99977046,0.28166395,40,combined
1,0.9956519,0.4819353,40,combined
1,0.99709404,0.45508078,40,combined
1,0.9974527,0.44190153,40,combined
1,0.9961034,0.4547585,40,combined
1,0.9969278,0.44169867,40,combined
1,0.99806947,0.41884452,40,combined
1,0.9987992,0.3965434,40,combined
1,0.99589974,0.46867433,40,combined
0,0.0002963306,0.47627226,40,combined
0,0.00033798974,0.5052728,40,combined
0,0.00031437082,0.48637372,40,combined
0,0.00021331891,0.39635733,40,combined
0,0.00025865814,0.44061017,40,combined
0,0.00033435412,0.5011906,40,combined
0,0.00034823356,0.5110746,40,combined
0,0.0002757835,0.45705518,40,combined
0,0.00024820524,0.43297026,40,combined
0,0.00027648458,0.45905182,40,combined
0,0.00030347295,0.48089737,40,combined
0,0.00031569958,0.49003848,40,combined
0,0.00034029369,0.5066259,40,combined
0,0.00031508616,0.48959163,40,combined
0,0.00028754218,0.4690293,40,combined
0,0.00031300413,0.48835063,40,combined
0,0.00032513068,0.496326,40,combined
0,0.00030993606,0.48531172,40,combined
0,0.00028475435,0.466777,40,combined
0,0.0003072834,0.48355046,40,combined
0,0.00027277105,0.45662895,40,combined
0,0.00031478773,0.4878369,40,combined
0,0.00027670237,0.45787665,40,combined
0,0.0003550713,0.51584095,40,combined
0,0.0002595492,0.4521705,40,combined
0,0.0003047318,0.4826972,40,combined
0,0.00039266865,0.53789306,40,combined
0,0.0002378969,0.39813817,40,combined
0,0.00022111998,0.38441944,40,combined
0,0.00022798243,0.3901776,40,combined
0,0.00022859777,0.3906448,40,combined
0,0.00022089134,0.38393334,40,combined
0,0.00022361455,0.38620743,40,combined
0,0.00021459718,0.37911332,40,combined
0,0.00036734046,0.5230672,40,combined
0,0.00023947169,0.39900336,40,combined
0,0.00023645461,0.39681843,40,combined
0,0.00019552122,0.3614165,40,combined
0,0.00015300815,0.32177827,40,combined
0,0.00016282286,0.33107337,40,combined
0,0.00023932628,0.39879996,40,combined
0,0.0002435055,0.40203238,40,combined
0,0.00022622614,0.3883396,40,combined
0,0.00022576761,0.38809866,40,combined
0,0.00022528312,0.38748392,40,combined
0,0.0003463967,0.51185817,40,combined
0,0.00023395865,0.39462447,40,combined
0,0.00023430286,0.3925367,40,combined
0,0.00017218661,0.3396085,40,combined
0,0.00024526936,0.4033568,40,combined
0,0.00024078677,0.40025082,40,combined
0,0.00022362436,0.38601366,40,combined
0,0.00022425232,0.3865928,40,combined
0,0.00034885996,0.512316,40,combined
0,0.00034614894,0.5096614,40,combined
0,0.0003527961,0.51355284,40,combined
0,0.0003334148,0.4997742,40,combined
1,0.0003132101,0.48865196,40,combined
1,0.00032118507,0.49233624,40,combined
1,0.00025812254,0.44536707,40,combined
1,0.0002810238,0.46546823,40,combined
1,0.00027581322,0.46145552,40,combined
1,0.00029953895,0.47989464,40,combined
1,0.00025616173,0.44351897,40,combined
1,0.000252565,0.4412052,40,combined
1,0.00025912913,0.4468181,40,combined
1,0.00026278498,0.44989958,40,combined
1,0.0002850229,0.46624845,40,combined
1,0.0002995161,0.4778384,40,combined
1,0.0003081885,0.48264158,40,combined
1,0.0002992769,0.47972152,40,combined
1,0.00029750456,0.4781889,40,combined
1,0.00022317619,0.38648075,40,combined
1,0.0002144667,0.37931758,40,combined
1,0.0002178433,0.38183355,40,combined
1,0.00023532199,0.39592147,40,combined
1,0.00023196515,0.3934908,40,combined
1,0.0002178618,0.3816956,40,combined
1,0.00021686431,0.38107657,40,combined
1,0.00021725836,0.38137206,40,combined
1,0.00032122212,0.49284986,40,combined
1,0.00021767971,0.3816801,40,combined
1,0.00024385634,0.40250105,40,combined
1,0.0002364014,0.39722022,40,combined
1,0.000220991,0.38419682,40,combined
1,0.00022160246,0.38470104,40,combined
1,0.00022185784,0.38518485,40,combined
1,0.00022342082,0.38648787,40,combined
1,0.00022179482,0.3851225,40,combined
1,0.0002794786,0.46301,40,combined
1,0.0002928271,0.47437578,40,combined
1,0.0002961047,0.47670174,40,combined
1,0.00030384058,0.48247862,40,combined
1,0.0002861376,0.46818116,40,combined
1,0.00025016195,0.4374647,40,combined
0,0.0001836588,0.8197408,22,combined
0,0.00022411103,0.78092676,22,combined
0,0.0002066324,0.7975968,22,combined
0,0.00017204368,0.83107704,22,combined
0,0.00017207059,0.8310447,22,combined
0,0.00017199152,0.8311073,22,combined
0,0.00017212801,0.83096284,22,combined
0,0.0001730692,0.83005524,22,combined
0,0.00017193609,0.831095,22,combined
0,0.00017102713,0.83194417,22,combined
0,0.00020875226,0.7956179,22,combined
0,0.00021018929,0.79429257,22,combined
0,0.00021542418,0.7893739,22,combined
0,0.00022145502,0.7837607,22,combined
0,0.00022510771,0.78028053,22,combined
0,0.00022495494,0.78024125,22,combined
0,0.00022209174,0.78310627,22,combined
0,0.0002171892,0.78761435,22,combined
0,0.00021765522,0.78729725,22,combined
0,0.0002344499,0.7712963,22,combined
0,0.00022026355,0.7848021,22,combined
0,0.00021568437,0.7890222,22,combined
0,0.0002127027,0.79190385,22,combined
0,0.00021882547,0.78619605,22,combined
0,0.00022839429,0.7771657,22,combined
0,0.00023061575,0.77499455,22,combined
0,0.00023256219,0.77325016,22,combined
0,0.00023634869,0.7695753,22,combined
0,0.00023453018,0.771286,22,combined
0,0.00022814616,0.77725387,22,combined
0,0.00024147534,0.76450306,22,combined
0,0.00022449104,0.7807288,22,combined
0,0.0002241249,0.78115934,22,combined
0,0.00022445105,0.78079814,22,combined
0,0.0002228887,0.78240424,22,combined
0,0.00021785662,0.78704756,22,combined
0,0.00021181851,0.7927718,22,combined
0,0.00020945049,0.7949714,22,combined
0,0.00020296896,0.8010863,22,combined
0,0.00019947086,0.80448717,22,combined
0,0.00020210863,0.80205727,22,combined
0,0.00024420602,0.76195437,22,combined
0,0.00020659102,0.7977798,22,combined
0,0.00020889203,0.79550505,22,combined
0,0.00020500748,0.799151,22,combined
0,0.00020395876,0.8000875,22,combined
0,0.0002081822,0.7960479,22,combined
0,0.00021271831,0.79173094,22,combined
0,0.00021425718,0.79024285,22,combined
0,0.00021385371,0.7906281,22,combined
0,0.00021271872,0.7917274,22,combined
0,0.00021356007,0.79100055,22,combined
0,0.00023659939,0.76927274,22,combined
0,0.00021349025,0.79107696,22,combined
0,0.00021116072,0.79329777,22,combined
0,0.00020752661,0.7967609,22,combined
0,0.00020289158,0.8011775,22,combined
0,0.00019357997,0.81010544,22,combined
0,0.00017382404,0.8291556,22,combined
0,0.00017118148,0.8318046,22,combined
0,0.00017209338,0.83103263,22,combined
0,0.00017251677,0.8306679,22,combined
0,0.00017275133,0.83044976,22,combined
0,0.00022234807,0.7826235,22,combined
0,0.0001721364,0.8310084,22,combined
0,0.00017155634,0.8315311,22,combined
0,0.00017134234,0.83171445,22,combined
0,0.00017049602,0.8325181,22,combined
0,0.00016934049,0.8335996,22,combined
0,0.00016845926,0.834423,22,combined
0,0.00016838875,0.8344737,22,combined
0,0.00016851371,0.8343313,22,combined
0,0.00016860146,0.8342348,22,combined
0,0.00016865727,0.83418214,22,combined
0,0.00021555834,0.78918767,22,combined
0,0.00016857543,0.8342631,22,combined
0,0.00016862187,0.8342231,22,combined
0,0.00016868798,0.8341847,22,combined
0,0.00016906318,0.83386743,22,combined
0,0.0001691133,0.8338364,22,combined
0,0.00016901949,0.8339177,22,combined
0,0.0001688381,0.8340729,22,combined
0,0.00016866755,0.8342212,22,combined
0,0.00016863683,0.83424515,22,combined
0,0.00016863731,0.83425146,22,combined
0,0.00021725713,0.78761464,22,combined
0,0.00016871242,0.83418375,22,combined
0,0.00016906785,0.83382326,22,combined
0,0.00016961068,0.83325475,22,combined
0,0.00017103855,0.831849,22,combined
0,0.00017476233,0.8282268,22,combined
0,0.00018807178,0.81538343,22,combined
0,0.00019565417,0.8080689,22,combined
0,0.0001967358,0.8070366,22,combined
0,0.00019585894,0.80787575,22,combined
0,0.00019369666,0.80995816,22,combined
0,0.0002126792,0.79189706,22,combined
0,0.00019112817,0.8124468,22,combined
0,0.0001887118,0.8147885,22,combined
0,0.00018511398,0.8182545,22,combined
0,0.00017927549,0.8238873,22,combined
0,0.00017388951,0.82908785,22,combined
0,0.00017137892,0.8315479,22,combined
0,0.00017093096,0.8320274,22,combined
0,0.0001712391,0.8317801,22,combined
0,0.00017169755,0.8313823,22,combined
0,0.00017195789,0.83115524,22,combined
0,0.00017184365,0.8311058,22,combined
0,0.00017115276,0.8318142,22,combined
0,0.00017167104,0.8314109,22,combined
0,0.00017386727,0.8294872,22,combined
0,0.00017357345,0.829765,22,combined
0,0.00017317999,0.8301203,22,combined
0,0.00017252467,0.83072436,22,combined
0,0.00017197036,0.831227,22,combined
0,0.00017161442,0.83154196,22,combined
0,0.00017139413,0.83173186,22,combined
0,0.00017165943,0.8314271,22,combined
0,0.00017165697,0.831432,22,combined
0,0.00017157808,0.8315006,22,combined
0,0.00017157596,0.8315018,22,combined
0,0.00017156404,0.83150744,22,combined
0,0.0001715637,0.8315051,22,combined
0,0.00017158184,0.831488,22,combined
0,0.00017157024,0.83149713,22,combined
0,0.00017158152,0.83148223,22,combined
0,0.00017057861,0.8324073,22,combined
0,0.00017163945,0.83142155,22,combined
0,0.00017164665,0.83141756,22,combined
0,0.00017161769,0.8314457,22,combined
0,0.00017107477,0.8319665,22,combined
0,0.0001713451,0.83172005,22,combined
0,0.00017193117,0.83115,22,combined
0,0.00017191496,0.8311499,22,combined
0,0.00017194788,0.8311121,22,combined
0,0.0001719861,0.83107775,22,combined
0,0.00017201481,0.8310585,22,combined
0,0.00017071106,0.8323109,22,combined
0,0.00017206008,0.83102703,22,combined
0,0.00017228024,0.83083767,22,combined
0,0.00017245527,0.83068436,22,combined
0,0.00017249951,0.8306465,22,combined
0,0.00017253569,0.8306163,22,combined
0,0.00017247122,0.8306789,22,combined
0,0.00017191478,0.83120817,22,combined
0,0.00017117382,0.8319302,22,combined
0,0.00017097512,0.83214116,22,combined
0,0.00017190118,0.8312843,22,combined
0,0.00017141637,0.8316456,22,combined
0,0.00017285332,0.8303899,22,combined
0,0.0001730687,0.8301765,22,combined
0,0.00017298674,0.8302406,22,combined
0,0.00017278148,0.83041966,22,combined
0,0.00017258142,0.8305901,22,combined
0,0.00017237372,0.83076525,22,combined
0,0.00017217119,0.8309298,22,combined
0,0.00017224475,0.8308355,22,combined
0,0.00017243996,0.83062315,22,combined
0,0.00017264628,0.83040273,22,combined
0,0.00017159233,0.83148396,22,combined
0,0.00017289897,0.83015096,22,combined
0,0.00017315868,0.82989067,22,combined
0,0.00017358636,0.8294737,22,combined
0,0.00017291201,0.83011085,22,combined
0,0.00017254094,0.83047754,22,combined
0,0.00017294152,0.830105,22,combined
0,0.00017301938,0.8300324,22,combined
0,0.00017269896,0.8303483,22,combined
0,0.00017228353,0.8307653,22,combined
0,0.00017213753,0.830936,22,combined
0,0.00017159281,0.8314784,22,combined
0,0.00017230223,0.83081007,22,combined
0,0.00017256496,0.8305865,22,combined
0,0.00017277044,0.8304107,22,combined
0,0.00017291233,0.8302908,22,combined
0,0.00017299433,0.8302214,22,combined
0,0.00017303671,0.8301823,22,combined
0,0.00017273487,0.83047664,22,combined
0,0.00017260695,0.8306118,22,combined
0,0.00017312929,0.8301211,22,combined
0,0.00017349301,0.8297677,22,combined
0,0.00017160509,0.83146673,22,combined
0,0.0001733622,0.82988125,22,combined
0,0.00017304248,0.8301639,22,combined
0,0.00017272549,0.83043456,22,combined
0,0.00017251003,0.8306148,22,combined
0,0.00017243307,0.8306809,22,combined
0,0.00017246809,0.83065,22,combined
0,0.0001724403,0.8306699,22,combined
0,0.00017233181,0.8307566,22,combined
0,0.00017236253,0.830698,22,combined
0,0.00017263311,0.83042216,22,combined
0,0.00017159247,0.83147615,22,combined
0,0.00017283917,0.83022267,22,combined
0,0.00017296347,0.8301061,22,combined
0,0.00017315487,0.8299273,22,combined
0,0.00017330337,0.829781,22,combined
0,0.00017337492,0.829706,22,combined
0,0.00017334733,0.8297322,22,combined
0,0.0001732145,0.8298612,22,combined
0,0.0001730834,0.8299861,22,combined
0,0.0001729397,0.83012694,22,combined
0,0.00017276913,0.8303107,22,combined
0,0.00017161899,0.83145386,22,combined
0,0.00017276287,0.83034676,22,combined
0,0.00017110902,0.8319516,22,combined
0,0.00017095167,0.8321261,22,combined
0,0.00017142062,0.83167523,22,combined
0,0.00017137843,0.83173895,22,combined
0,0.00017161392,0.831546,22,combined
0,0.00017224804,0.83097667,22,combined
0,0.000172976,0.83030623,22,combined
0,0.00017361827,0.8297154,22,combined
0,0.00017394972,0.8294109,22,combined
0,0.00017089282,0.83200955,22,combined
0,0.00017057943,0.8323246,22,combined
0,0.00017004691,0.832931,22,combined
0,0.00020867983,0.7956375,22,combined
0,0.00020894883,0.7953821,22,combined
0,0.00020874153,0.7955837,22,combined
0,0.00020806314,0.7962332,22,combined
0,0.00020724247,0.7970197,22,combined
0,0.00020630815,0.79791844,22,combined
0,0.00020607852,0.79814535,22,combined
0,0.00017052381,0.8325196,22,combined
0,0.00017154751,0.8316005,22,combined
0,0.00017312139,0.8301486,22,combined
0,0.00017504615,0.828341,22,combined
0,0.00017683464,0.8266429,22,combined
0,0.00017795186,0.8255648,22,combined
0,0.00017855353,0.8249953,22,combined
0,0.00017913041,0.8244395,22,combined
0,0.00017872761,0.8248164,22,combined
0,0.00017029307,0.8326287,22,combined
0,0.00017626346,0.82717294,22,combined
0,0.00017373919,0.82957494,22,combined
0,0.00017190413,0.83128375,22,combined
0,0.00017066533,0.83240765,22,combined
0,0.00017020754,0.8327755,22,combined
0,0.00017133907,0.83155507,22,combined
0,0.00019243362,0.8111589,22,combined
0,0.0002056865,0.79845643,22,combined
0,0.00021182133,0.79260844,22,combined
0,0.00021631272,0.788325,22,combined
0,0.00017015997,0.8327747,22,combined
0,0.0002192649,0.78550255,22,combined
0,0.00022076671,0.7840749,22,combined
0,0.00022202669,0.7829005,22,combined
0,0.00022294991,0.7820482,22,combined
0,0.0002232543,0.78177714,22,combined
0,0.00022374743,0.78134286,22,combined
0,0.00022369408,0.781389,22,combined
0,0.00022359494,0.78146863,22,combined
0,0.00022314003,0.7818764,22,combined
0,0.00022229488,0.78263575,22,combined
0,0.0001701084,0.83282334,22,combined
0,0.00022158386,0.78330034,22,combined
0,0.00022038877,0.7844308,22,combined
0,0.00021888808,0.7858552,22,combined
0,0.00021982526,0.7850023,22,combined
0,0.00021982129,0.7850224,22,combined
0,0.00021848481,0.78630275,22,combined
0,0.00021758549,0.7871679,22,combined
0,0.0002161453,0.78852946,22,combined
0,0.00021350857,0.7910317,22,combined
0,0.00021145832,0.79299057,22,combined
0,0.00017020397,0.83272356,22,combined
0,0.000210022,0.7943687,22,combined
0,0.00020834207,0.79597723,22,combined
0,0.00020629122,0.7979323,22,combined
0,0.00020330017,0.8007877,22,combined
0,0.00019910792,0.8047887,22,combined
0,0.0001923632,0.81127226,22,combined
0,0.00018423496,0.8191007,22,combined
0,0.0001772758,0.82581806,22,combined
0,0.00017379336,0.8291744,22,combined
0,0.000172961,0.8299815,22,combined
0,0.00016997884,0.8329247,22,combined
0,0.00017461358,0.828387,22,combined
0,0.0001802678,0.82292825,22,combined
0,0.00018971579,0.8138278,22,combined
0,0.00019608877,0.8076775,22,combined
0,0.00019814774,0.8056967,22,combined
0,0.0001991818,0.80470777,22,combined
0,0.0002012458,0.8027352,22,combined
0,0.00020229701,0.80173326,22,combined
0,0.0002013124,0.8026651,22,combined
0,0.00019833562,0.8054976,22,combined
0,0.00016980842,0.833095,22,combined
0,0.00019702509,0.8067688,22,combined
0,0.00019672641,0.8070529,22,combined
0,0.0001959542,0.807785,22,combined
0,0.00019523285,0.80848044,22,combined
0,0.00019430503,0.80937934,22,combined
0,0.00019375962,0.8099034,22,combined
0,0.00019439064,0.8092978,22,combined
0,0.00019498578,0.80872643,22,combined
0,0.000194076,0.809605,22,combined
0,0.0001927017,0.8109305,22,combined
0,0.00016986526,0.83305854,22,combined
0,0.00019110375,0.81247455,22,combined
0,0.00018945638,0.8140678,22,combined
0,0.0001891647,0.81434596,22,combined
0,0.00018999566,0.8135441,22,combined
0,0.00018952867,0.8139964,22,combined
0,0.00018784488,0.8156235,22,combined
0,0.00018632754,0.8170858,22,combined
0,0.0001860765,0.81732595,22,combined
0,0.00018747288,0.8159815,22,combined
0,0.0001897679,0.8137668,22,combined
0,0.00017007467,0.8328819,22,combined
0,0.00019264735,0.810983,22,combined
0,0.0001960469,0.8076982,22,combined
0,0.00019944274,0.80445045,22,combined
0,0.00020191351,0.8020913,22,combined
0,0.00020345316,0.80062276,22,combined
0,0.00020448642,0.79964006,22,combined
0,0.00020532928,0.79883313,22,combined
0,0.00020632074,0.79788405,22,combined
0,0.00020725807,0.7969885,22,combined
0,0.00020812624,0.79616356,22,combined
0,0.00017039524,0.83248067,22,combined
0,0.00019540584,0.80828035,22,combined
0,0.00019027632,0.81329864,22,combined
0,0.0001982515,0.80560154,22,combined
0,0.00019804215,0.80580276,22,combined
0,0.00019686678,0.8069303,22,combined
0,0.00019380324,0.80989516,22,combined
0,0.00018739908,0.81606865,22,combined
0,0.0001800642,0.8231379,22,combined
0,0.00017614251,0.8269232,22,combined
0,0.00019041312,0.8131649,22,combined
0,0.00019154779,0.81207335,22,combined
0,0.00019095824,0.8126394,22,combined
0,0.00019119636,0.81241184,22,combined
0,0.00019325243,0.81042945,22,combined
0,0.00019255604,0.81110406,22,combined
0,0.0001874981,0.81597126,22,combined
0,0.0001822027,0.8210723,22,combined
0,0.0001815039,0.8217492,22,combined
0,0.00020402994,0.8000808,22,combined
0,0.00018593638,0.81746995,22,combined
0,0.00019197343,0.8116589,22,combined
0,0.00019171332,0.81191325,22,combined
0,0.00018368594,0.81964034,22,combined
0,0.00017658813,0.8264902,22,combined
0,0.00017332716,0.8296388,22,combined
0,0.00017136896,0.8315867,22,combined
0,0.00017042141,0.8325192,22,combined
0,0.00017021256,0.83271253,22,combined
0,0.00017087995,0.8320247,22,combined
0,0.00020803398,0.79625946,22,combined
0,0.00017353521,0.82942384,22,combined
0,0.00018368875,0.8196296,22,combined
0,0.00019467408,0.8090365,22,combined
0,0.00019979352,0.80412203,22,combined
0,0.00020253749,0.80150247,22,combined
0,0.00020466433,0.7994772,22,combined
0,0.00020717886,0.7970638,22,combined
0,0.00020913198,0.795203,22,combined
0,0.00021121872,0.79322773,22,combined
0,0.00021346481,0.79109734,22,combined
0,0.00020721539,0.7970444,22,combined
0,0.0002143506,0.7902564,22,combined
0,0.00021427823,0.7903337,22,combined
0,0.00021361648,0.7909627,22,combined
0,0.00021281082,0.7917226,22,combined
0,0.00021238334,0.7921309,22,combined
0,0.00021253689,0.7919833,22,combined
0,0.00021306807,0.79147416,22,combined
0,0.00021390917,0.79066664,22,combined
0,0.00021467372,0.7899479,22,combined
0,0.00021486825,0.78976995,22,combined
0,0.0002062995,0.79792684,22,combined
0,0.0002149744,0.78966415,22,combined
0,0.00021499759,0.78963494,22,combined
0,0.00021523243,0.7894053,22,combined
0,0.00021532684,0.78931814,22,combined
0,0.00021493097,0.7897001,22,combined
0,0.00021432196,0.790279,22,combined
0,0.0002142588,0.79033965,22,combined
0,0.00021448283,0.7901301,22,combined
0,0.00021435566,0.7902537,22,combined
0,0.00021353299,0.7910363,22,combined
0,0.00020604237,0.79817736,22,combined
0,0.00021297952,0.79156744,22,combined
0,0.00021210568,0.7923967,22,combined
0,0.00021107617,0.7933828,22,combined
0,0.00020964789,0.79474753,22,combined
0,0.00020724881,0.79703313,22,combined
0,0.00020396653,0.8001578,22,combined
0,0.00019885277,0.8050348,22,combined
0,0.00018875912,0.8147641,22,combined
0,0.00017616215,0.82690024,22,combined
0,0.00017253666,0.8304224,22,combined
0,0.00020537041,0.7988247,22,combined
0,0.00017180221,0.8311548,22,combined
0,0.0001715511,0.83141506,22,combined
0,0.00017159362,0.8313864,22,combined
0,0.0001717118,0.83127415,22,combined
0,0.00017192496,0.8310532,22,combined
0,0.00017277044,0.8302018,22,combined
0,0.0001756278,0.82741857,22,combined
0,0.0001818197,0.8214426,22,combined
0,0.00019174971,0.81187254,22,combined
0,0.00019993815,0.803978,22,combined
0,0.00020219115,0.80185074,22,combined
0,0.0002038934,0.8002135,22,combined
0,0.00020580852,0.79838955,22,combined
0,0.00020582185,0.79837716,22,combined
0,0.00020461399,0.79953307,22,combined
0,0.00020194086,0.8020792,22,combined
0,0.00019841224,0.8054496,22,combined
0,0.00019540565,0.8083517,22,combined
0,0.00019226325,0.81138533,22,combined
0,0.00018709413,0.816363,22,combined
0,0.00018457147,0.81879014,22,combined
0,0.00019603698,0.80774647,22,combined
0,0.00018702314,0.81642807,22,combined
0,0.00018983702,0.81372064,22,combined
0,0.00019304246,0.81063354,22,combined
0,0.00019656988,0.8072278,22,combined
0,0.00019962176,0.80428654,22,combined
0,0.00020077775,0.80317545,22,combined
0,0.00020157074,0.8024321,22,combined
0,0.00020272797,0.80133075,22,combined
0,0.00020253034,0.80152196,22,combined
0,0.00019986705,0.8040572,22,combined
0,0.00017247844,0.83050185,22,combined
0,0.00017212064,0.830911,22,combined
0,0.00017498428,0.82841825,22,combined
0,0.00017292207,0.8301501,22,combined
0,0.00017262521,0.83044916,22,combined
0,0.00017244292,0.8306345,22,combined
0,0.0001723951,0.83071125,22,combined
0,0.00017247729,0.83065766,22,combined
0,0.00017244325,0.8306939,22,combined
0,0.00017247583,0.8306593,22,combined
0,0.00017556269,0.8278784,22,combined
0,0.00017574741,0.8277082,22,combined
0,0.00017529889,0.8281288,22,combined
0,0.00017457179,0.828801,22,combined
0,0.00017392631,0.8293863,22,combined
0,0.00017331264,0.82993484,22,combined
0,0.00017279072,0.830394,22,combined
0,0.0001725778,0.8305713,22,combined
0,0.00017255805,0.8305776,22,combined
0,0.00017266454,0.83046836,22,combined
0,0.00017254522,0.8305888,22,combined
0,0.00017258736,0.8305558,22,combined
0,0.0001727329,0.8304262,22,combined
0,0.00017283784,0.83033526,22,combined
0,0.00017299003,0.83020395,22,combined
0,0.00017327908,0.8299496,22,combined
0,0.00017363814,0.8296357,22,combined
0,0.00017404046,0.82928103,22,combined
0,0.00017455814,0.8288104,22,combined
0,0.00017521952,0.82819676,22,combined
0,0.00017293228,0.8302713,22,combined
0,0.00017567154,0.8277749,22,combined
0,0.0001758086,0.8276486,22,combined
0,0.00017575696,0.8276972,22,combined
0,0.00017535909,0.82807374,22,combined
0,0.00017538384,0.82805574,22,combined
0,0.000175477,0.8279626,22,combined
0,0.00017480266,0.8285907,22,combined
0,0.00017415268,0.8291923,22,combined
0,0.00017375956,0.8295433,22,combined
0,0.00017343099,0.8298322,22,combined
0,0.00017336155,0.82989615,22,combined
0,0.00017304842,0.8301664,22,combined
0,0.00017261533,0.8305467,22,combined
0,0.00017229599,0.83081913,22,combined
0,0.00017215231,0.8309345,22,combined
0,0.00017216134,0.83092093,22,combined
0,0.00017221092,0.8308723,22,combined
0,0.00017226084,0.83081543,22,combined
0,0.00017231883,0.83074564,22,combined
0,0.00017240037,0.83067316,22,combined
0,0.0001725309,0.8305568,22,combined
0,0.00017372525,0.8295729,22,combined
0,0.00017261911,0.83046436,22,combined
0,0.00017278544,0.83028454,22,combined
0,0.000173006,0.830065,22,combined
0,0.00017296197,0.830113,22,combined
0,0.0001727339,0.83034784,22,combined
0,0.0001725691,0.83052367,22,combined
0,0.00017246726,0.83062315,22,combined
0,0.00017247796,0.83061093,22,combined
0,0.00017254983,0.83053714,22,combined
0,0.00017263839,0.83044606,22,combined
0,0.00017387193,0.8294426,22,combined
0,0.00017281476,0.8302622,22,combined
0,0.000173123,0.82994974,22,combined
0,0.00017342089,0.8296565,22,combined
0,0.00017346704,0.8296118,22,combined
0,0.0001732819,0.82979745,22,combined
0,0.00017309067,0.82998705,22,combined
0,0.00017317668,0.8298958,22,combined
0,0.00017358884,0.8294842,22,combined
0,0.00017419999,0.8288858,22,combined
0,0.00017448359,0.82860893,22,combined
0,0.00017389945,0.829422,22,combined
0,0.00017427078,0.82881606,22,combined
0,0.00017375674,0.82931954,22,combined
0,0.00017324387,0.82983214,22,combined
0,0.00017285252,0.8302284,22,combined
0,0.00017259132,0.8304957,22,combined
0,0.0001724416,0.8306526,22,combined
0,0.00017238769,0.830713,22,combined
0,0.00017238226,0.83071923,22,combined
0,0.00017235974,0.83074325,22,combined
0,0.00017241431,0.8306978,22,combined
0,0.00017418024,0.82916397,22,combined
0,0.00017241924,0.8306976,22,combined
0,0.00017241167,0.8307014,22,combined
0,0.00017247089,0.83062416,22,combined
0,0.00017263263,0.83044803,22,combined
0,0.00017284542,0.8302284,22,combined
0,0.00017317387,0.8298998,22,combined
0,0.00017374134,0.8293383,22,combined
0,0.00017445664,0.828625,22,combined
0,0.00017551347,0.8275925,22,combined
0,0.00017679807,0.8263548,22,combined
0,0.00017451306,0.8288569,22,combined
0,0.0001782193,0.82497996,22,combined
0,0.00018432386,0.8190815,22,combined
0,0.00019165376,0.81202215,22,combined
0,0.00019200475,0.81168324,22,combined
0,0.00018873124,0.81483996,22,combined
0,0.0001836546,0.8197381,22,combined
0,0.00017880858,0.8244232,22,combined
0,0.00017605352,0.82707906,22,combined
0,0.00017462074,0.8284752,22,combined
0,0.00017357427,0.82950115,22,combined
0,0.0001729079,0.83008754,22,combined
0,0.0001735036,0.8295067,22,combined
0,0.00017341808,0.82963556,22,combined
0,0.0002070179,0.7972679,22,combined
0,0.00020490256,0.7992647,22,combined
0,0.00020342074,0.80069417,22,combined
0,0.00020352688,0.8005998,22,combined
0,0.00020403965,0.8001101,22,combined
0,0.00020433015,0.7998339,22,combined
0,0.00020389904,0.8002483,22,combined
0,0.00017357062,0.8294907,22,combined
0,0.00017358981,0.82947326,22,combined
0,0.0001738242,0.8292465,22,combined
0,0.00017432129,0.82876104,22,combined
0,0.00017500312,0.82809687,22,combined
0,0.00017611227,0.82702094,22,combined
0,0.00017805674,0.8251449,22,combined
0,0.00018087712,0.82242465,22,combined
0,0.0001838659,0.81953853,22,combined
0,0.00017385915,0.82917243,22,combined
0,0.0001868424,0.8166634,22,combined
0,0.0001889909,0.81459683,22,combined
0,0.00018976248,0.8138541,22,combined
0,0.00019066312,0.8129848,22,combined
0,0.0001922607,0.81144434,22,combined
0,0.00019387659,0.8098803,22,combined
0,0.00019705911,0.80680275,22,combined
0,0.00020101009,0.8029981,22,combined
0,0.00020342018,0.8006944,22,combined
0,0.00020408131,0.80006677,22,combined
0,0.00017371269,0.8293289,22,combined
0,0.00020389594,0.8002428,22,combined
0,0.0002039183,0.8002207,22,combined
0,0.00020444591,0.7997202,22,combined
0,0.00020485604,0.79933065,22,combined
0,0.00020478615,0.79940206,22,combined
0,0.00020391947,0.80022615,22,combined
0,0.00020259136,0.801491,22,combined
0,0.00020093787,0.8030693,22,combined
0,0.00019757026,0.8063088,22,combined
0,0.0001899877,0.8136186,22,combined
0,0.00017345102,0.8295967,22,combined
0,0.00018031025,0.82294625,22,combined
0,0.00017632147,0.82679594,22,combined
0,0.00017520381,0.82788587,22,combined
0,0.00017457762,0.8284999,22,combined
0,0.00017397855,0.82908726,22,combined
0,0.0001737435,0.8293256,22,combined
0,0.00017377001,0.8292955,22,combined
0,0.00017413041,0.82894874,22,combined
0,0.00017426696,0.8288218,22,combined
0,0.00017418439,0.82890695,22,combined
0,0.00017334436,0.8297082,22,combined
0,0.00017446264,0.82862824,22,combined
0,0.00017549157,0.8276188,22,combined
0,0.00017734866,0.8258211,22,combined
0,0.00017892354,0.82430035,22,combined
0,0.00017951017,0.8237357,22,combined
0,0.00017984734,0.8234045,22,combined
0,0.00018035754,0.8229153,22,combined
0,0.0001801355,0.8231265,22,combined
0,0.00017998854,0.82326657,22,combined
0,0.00018117228,0.82212317,22,combined
0,0.00017322144,0.82983315,22,combined
0,0.0001854806,0.81795996,22,combined
0,0.00019119964,0.81245536,22,combined
0,0.00019340025,0.8103373,22,combined
0,0.00019302497,0.81070143,22,combined
0,0.00019324286,0.8104901,22,combined
0,0.00019502036,0.80877656,22,combined
0,0.00019734696,0.8065315,22,combined
0,0.00019895556,0.80497473,22,combined
0,0.00019998524,0.8039792,22,combined
0,0.0002006285,0.80335987,22,combined
0,0.00017312763,0.8299276,22,combined
0,0.00020056423,0.8034194,22,combined
0,0.000200286,0.8036858,22,combined
0,0.00020054358,0.8034398,22,combined
0,0.00020126114,0.8027529,22,combined
0,0.0002019807,0.8020652,22,combined
0,0.00020215586,0.80189955,22,combined
0,0.00020095226,0.8030535,22,combined
0,0.00019949254,0.80445296,22,combined
0,0.0001987106,0.8052063,22,combined
0,0.00020110923,0.80290014,22,combined
0,0.00017307862,0.82997346,22,combined
0,0.00020431844,0.799838,22,combined
0,0.00020576989,0.7984617,22,combined
0,0.00020590567,0.7983342,22,combined
0,0.00020525961,0.79895234,22,combined
0,0.00020413713,0.8000241,22,combined
0,0.00020247183,0.8016121,22,combined
0,0.00020081911,0.80318546,22,combined
0,0.00019955971,0.80439126,22,combined
0,0.00019966402,0.80428666,22,combined
0,0.00020144432,0.8025791,22,combined
0,0.00017317304,0.82987785,22,combined
0,0.00020277881,0.80130744,22,combined
0,0.00020095607,0.8030552,22,combined
0,0.00019581673,0.8080114,22,combined
0,0.0001932248,0.81051075,22,combined
0,0.00019643347,0.8074143,22,combined
0,0.00020022335,0.8037508,22,combined
0,0.00020285831,0.8012326,22,combined
0,0.0002046905,0.79948163,22,combined
0,0.00020578653,0.7984385,22,combined
0,0.00020644136,0.7978143,22,combined
0,0.00017128354,0.83165294,22,combined
0,0.00017118377,0.83176696,22,combined
0,0.00017154751,0.8315726,22,combined
0,0.00017378491,0.82929087,22,combined
0,0.00017369182,0.8293852,22,combined
0,0.0001735587,0.82951796,22,combined
0,0.00017337146,0.8297041,22,combined
0,0.00017326404,0.82981193,22,combined
0,0.00017338221,0.82969475,22,combined
0,0.00017391072,0.8291727,22,combined
0,0.00017140197,0.8316908,22,combined
0,0.00017157123,0.8315388,22,combined
0,0.00017157808,0.8315388,22,combined
0,0.00017156453,0.83154553,22,combined
0,0.00017177469,0.8313431,22,combined
0,0.00017203137,0.8311065,22,combined
0,0.00017199185,0.831135,22,combined
0,0.00017180911,0.83127534,22,combined
0,0.00017189774,0.83115435,22,combined
0,0.0001709595,0.8320147,22,combined
0,0.0001721029,0.83093256,22,combined
0,0.00017250016,0.8305293,22,combined
0,0.00017297418,0.8300604,22,combined
0,0.00017370126,0.82934743,22,combined
0,0.000174818,0.828261,22,combined
0,0.00017496308,0.82812554,22,combined
0,0.00017420531,0.82885873,22,combined
0,0.0001739099,0.8291453,22,combined
0,0.00017454285,0.8285359,22,combined
0,0.00017385036,0.8292135,22,combined
0,0.00017089982,0.8321116,22,combined
0,0.00017239706,0.8306451,22,combined
0,0.00017173358,0.83131707,22,combined
0,0.00017168463,0.83139926,22,combined
0,0.00017188513,0.83123803,22,combined
0,0.00017216397,0.83099914,22,combined
0,0.00017272499,0.8305027,22,combined
0,0.00017315769,0.83011866,22,combined
0,0.00017324205,0.8300507,22,combined
0,0.0001732102,0.8300808,22,combined
0,0.00017333643,0.82996565,22,combined
0,0.00017117479,0.83188784,22,combined
0,0.00017352395,0.8297932,22,combined
0,0.00017344837,0.8298648,22,combined
0,0.00017313687,0.83014965,22,combined
0,0.00017285532,0.8303986,22,combined
0,0.00017264002,0.83058447,22,combined
0,0.00017232129,0.8308643,22,combined
0,0.00017190316,0.8312314,22,combined
0,0.00017168038,0.83140355,22,combined
0,0.00017191167,0.8311425,22,combined
0,0.00017238145,0.8306635,22,combined
0,0.00017154358,0.8315698,22,combined
0,0.00017296808,0.8300774,22,combined
0,0.00017376835,0.8292955,22,combined
0,0.00017437783,0.82870066,22,combined
0,0.00017439012,0.82868695,22,combined
0,0.00017386563,0.8292037,22,combined
0,0.00017315158,0.8299069,22,combined
0,0.00017262455,0.83042544,22,combined
0,0.00017232228,0.8307293,22,combined
0,0.00017213885,0.8309177,22,combined
0,0.00017209174,0.8309666,22,combined
0,0.00017201202,0.8311605,22,combined
0,0.0001721579,0.83089733,22,combined
0,0.00017216594,0.8308807,22,combined
0,0.00017208846,0.83095956,22,combined
0,0.00017196708,0.8310885,22,combined
0,0.00017188922,0.83117795,22,combined
0,0.00017186823,0.8312031,22,combined
0,0.00017189528,0.83117425,22,combined
0,0.00017201809,0.83104086,22,combined
0,0.00017240449,0.8306449,22,combined
0,0.00017303044,0.83002377,22,combined
0,0.00017242138,0.83079886,22,combined
0,0.00017351004,0.82955617,22,combined
0,0.00017313457,0.82992965,22,combined
0,0.00017255229,0.83051044,22,combined
0,0.0001722367,0.8308365,22,combined
0,0.00017215544,0.8309274,22,combined
0,0.0001722086,0.830871,22,combined
0,0.00017237291,0.8306999,22,combined
0,0.00017256365,0.8305092,22,combined
0,0.00017264036,0.8304329,22,combined
0,0.00017255344,0.83051956,22,combined
0,0.0001724648,0.83076435,22,combined
0,0.00017237208,0.83071035,22,combined
0,0.00017228353,0.83081543,22,combined
0,0.00017222766,0.8308782,22,combined
0,0.00017216297,0.8309279,22,combined
0,0.00017220469,0.83086956,22,combined
0,0.00017246678,0.8306018,22,combined
0,0.0001727795,0.83028233,22,combined
0,0.00017309347,0.8299663,22,combined
0,0.00017349914,0.82956517,22,combined
0,0.00017418522,0.82890123,22,combined
0,0.00017216332,0.8310286,22,combined
0,0.00017519278,0.82792443,22,combined
0,0.00017666933,0.82649285,22,combined
0,0.00017865912,0.82457215,22,combined
0,0.00017977397,0.82349575,22,combined
0,0.00017882649,0.8244109,22,combined
0,0.00017678019,0.82637995,22,combined
0,0.00017516372,0.82794183,22,combined
0,0.00017432278,0.82876235,22,combined
0,0.00017388104,0.8291935,22,combined
0,0.00017379502,0.82928014,22,combined
0,0.00017193315,0.8310246,22,combined
0,0.00017139643,0.8315936,22,combined
0,0.00017291795,0.8300804,22,combined
0,0.00017669727,0.82640123,22,combined
0,0.00019025472,0.8133222,22,combined
0,0.00020020618,0.80373865,22,combined
0,0.00020491231,0.79924715,22,combined
0,0.00020797824,0.7963273,22,combined
0,0.00020997335,0.79442316,22,combined
0,0.00021183526,0.7926528,22,combined
0,0.00017285235,0.83014387,22,combined
0,0.00017315487,0.82984585,22,combined
0,0.00017331213,0.8296908,22,combined
0,0.0001733599,0.8296458,22,combined
0,0.00017347599,0.82953084,22,combined
0,0.0001732938,0.8297043,22,combined
0,0.0001729074,0.8300861,22,combined
0,0.00017237668,0.83061314,22,combined
0,0.00017207305,0.830925,22,combined
0,0.00017177813,0.83128685,22,combined
0,0.00017189118,0.8311092,22,combined
0,0.0001718212,0.83118504,22,combined
0,0.00017169706,0.83132535,22,combined
0,0.00017171883,0.83132476,22,combined
0,0.00017172605,0.8313316,22,combined
0,0.00017170033,0.83135927,22,combined
0,0.00017169182,0.83136636,22,combined
0,0.00017181267,0.83126074,22,combined
0,0.00017202563,0.8310732,22,combined
0,0.00017229335,0.830834,22,combined
0,0.0001719743,0.8311287,22,combined
0,0.00017232688,0.83080524,22,combined
0,0.00017225133,0.8308749,22,combined
0,0.00017172146,0.83136535,22,combined
0,0.00017139119,0.8316644,22,combined
0,0.0001713015,0.831708,22,combined
0,0.00017182644,0.8311518,22,combined
0,0.00017418539,0.8288332,22,combined
0,0.00018266749,0.8206418,22,combined
0,0.00019340229,0.81029814,22,combined
0,0.00019770784,0.8061367,22,combined
0,0.0001718307,0.83125615,22,combined
0,0.00019930814,0.80460906,22,combined
0,0.00019918579,0.8047285,22,combined
0,0.00019692405,0.8069061,22,combined
0,0.00019080352,0.81281227,22,combined
0,0.00018084954,0.82240367,22,combined
0,0.00017410169,0.82892233,22,combined
0,0.00017182152,0.8311641,22,combined
0,0.00017148387,0.8315476,22,combined
0,0.0001720404,0.8310897,22,combined
0,0.00017326999,0.8299865,22,combined
0,0.00017156353,0.8314811,22,combined
0,0.00017398137,0.82933456,22,combined
0,0.00017380745,0.8294986,22,combined
0,0.0001731808,0.83007896,22,combined
0,0.00017256185,0.83063936,22,combined
0,0.00017192577,0.83120567,22,combined
0,0.00017141375,0.8316529,22,combined
0,0.00017121967,0.8317944,22,combined
0,0.00017154161,0.83144647,22,combined
0,0.00017218465,0.83080167,22,combined
0,0.00017269418,0.830296,22,combined
0,0.0001715722,0.8314249,22,combined
0,0.0001731019,0.8298993,22,combined
0,0.00017353124,0.8294796,22,combined
0,0.00017317486,0.8298297,22,combined
0,0.00017226645,0.830724,22,combined
0,0.00017159674,0.8314053,22,combined
0,0.00017149285,0.8315354,22,combined
0,0.00017155765,0.83149254,22,combined
0,0.00017167645,0.8313888,22,combined
0,0.00017165123,0.83141595,22,combined
0,0.0001715678,0.8314941,22,combined
0,0.00017215691,0.83082557,22,combined
0,0.00017171507,0.8313596,22,combined
0,0.00017178517,0.83129865,22,combined
0,0.00017181694,0.83127326,22,combined
0,0.00017202138,0.83109087,22,combined
0,0.00017214706,0.8309808,22,combined
0,0.00017194428,0.831173,22,combined
0,0.00017191036,0.8311962,22,combined
0,0.00017185169,0.83122796,22,combined
0,0.00017181809,0.83123857,22,combined
0,0.00017168562,0.83134043,22,combined
0,0.00017297057,0.8300233,22,combined
0,0.00017173112,0.83128923,22,combined
0,0.00017177928,0.8312476,22,combined
0,0.00017175404,0.8312735,22,combined
0,0.00017178599,0.8312423,22,combined
0,0.00017187397,0.83115095,22,combined
0,0.00017203187,0.83098525,22,combined
0,0.0001722413,0.8307706,22,combined
0,0.0001724847,0.83052105,22,combined
0,0.00017268347,0.830323,22,combined
0,0.00017270885,0.8303046,22,combined
0,0.0001731638,0.82983756,22,combined
0,0.00017247451,0.8305416,22,combined
0,0.00017218299,0.8308487,22,combined
0,0.00017207582,0.8309769,22,combined
0,0.0001720914,0.83097243,22,combined
0,0.00017207697,0.83097714,22,combined
0,0.00017219318,0.830853,22,combined
0,0.00017125298,0.8317434,22,combined
0,0.0001715174,0.8315111,22,combined
0,0.00017338965,0.8296688,22,combined
0,0.00017346059,0.82954466,22,combined
1,0.00029411583,0.36163107,55,combined
1,0.000295388,0.3675574,55,combined
1,0.00033481471,0.39293945,55,combined
1,0.00033678455,0.3968773,55,combined
1,0.0003179495,0.38379258,55,combined
1,0.00034787488,0.40103745,55,combined
1,0.00032763492,0.38523543,55,combined
1,0.00035472045,0.40476602,55,combined
1,0.00032181188,0.3825197,55,combined
1,0.00033203908,0.3893321,55,combined
1,0.0003270675,0.38919458,55,combined
1,0.00031532085,0.3798678,55,combined
1,0.0003245002,0.3842512,55,combined
1,0.00033407184,0.39639714,55,combined
1,0.0003086925,0.3771684,55,combined
1,0.0003228139,0.38763726,55,combined
1,0.00029996876,0.37192434,55,combined
1,0.00030286773,0.37162468,55,combined
1,0.0003026273,0.3713009,55,combined
1,0.00029230214,0.36832586,55,combined
1,0.0002988897,0.37063098,55,combined
1,0.00030556327,0.3729664,55,combined
1,0.00029292426,0.3696887,55,combined
1,0.0003474957,0.39904624,55,combined
1,0.00030054586,0.37356138,55,combined
1,0.00031135677,0.3785479,55,combined
1,0.00031556716,0.38118726,55,combined
1,0.0003167783,0.3810952,55,combined
1,0.0003135525,0.3791607,55,combined
1,0.00044171858,0.43752974,55,combined
1,0.00043628973,0.43620947,55,combined
1,0.0004371658,0.43642595,55,combined
1,0.00043600178,0.43614128,55,combined
1,0.0004358598,0.43610275,55,combined
1,0.00035337004,0.40318224,55,combined
1,0.00044033738,0.43717098,55,combined
1,0.00044416988,0.43812135,55,combined
1,0.00044814192,0.43909943,55,combined
1,0.00044969658,0.4394952,55,combined
1,0.00044890173,0.43928927,55,combined
1,0.00044618454,0.4386301,55,combined
1,0.00044070813,0.43726385,55,combined
1,0.00043169712,0.43505266,55,combined
1,0.00043894176,0.4368439,55,combined
1,0.00044508628,0.43834653,55,combined
1,0.0003360331,0.39289102,55,combined
1,0.00044444244,0.43819293,55,combined
1,0.00043773063,0.43654788,55,combined
1,0.00044541154,0.43843722,55,combined
1,0.000431233,0.43494564,55,combined
1,0.0004187837,0.4318997,55,combined
1,0.00043071673,0.43483233,55,combined
1,0.0004259047,0.43364313,55,combined
1,0.00043031314,0.4347249,55,combined
1,0.00043553798,0.4360219,55,combined
1,0.00034940863,0.40046254,55,combined
1,0.00033677233,0.39227882,55,combined
1,0.0003353824,0.39391837,55,combined
1,0.00034955924,0.4022011,55,combined
1,0.997152,0.33896157,55,combined
1,0.99712795,0.33053377,55,combined
1,0.9962192,0.33174786,55,combined
1,0.99657416,0.3556187,55,combined
1,0.9959008,0.34846222,55,combined
1,0.9958469,0.35334736,55,combined
1,0.9954856,0.35236785,55,combined
1,0.9964939,0.3560118,55,combined
1,0.9965677,0.35833278,55,combined
1,0.99659723,0.35861006,55,combined
1,0.9960367,0.35873637,55,combined
1,0.99703515,0.33022135,55,combined
1,0.99604744,0.3302271,55,combined
1,0.99624395,0.3280767,55,combined
1,0.9968251,0.3354155,55,combined
1,0.9964139,0.33112225,55,combined
1,0.99649304,0.3401236,55,combined
1,0.99587965,0.32913187,55,combined
1,0.996967,0.3315472,55,combined
1,0.99631125,0.32547626,55,combined
1,0.99677306,0.33700928,55,combined
1,0.9964169,0.3208346,55,combined
1,0.99678254,0.35503381,55,combined
1,0.9969022,0.35512048,55,combined
1,0.99721247,0.36215803,55,combined
1,0.99754494,0.36331752,55,combined
1,0.99725795,0.3618206,55,combined
1,0.9973719,0.36769217,55,combined
1,0.99757093,0.3691298,55,combined
1,0.9975425,0.367264,55,combined
1,0.99638283,0.34323162,55,combined
1,0.99618137,0.33632907,55,combined
1,0.9968838,0.32278585,55,combined
1,0.99739754,0.333751,55,combined
1,0.99747807,0.34132984,55,combined
1,0.99759126,0.34678367,55,combined
1,0.99762315,0.33637834,55,combined
1,0.9965579,0.32824346,55,combined
1,0.997736,0.34763363,55,combined
1,0.99728715,0.34165663,55,combined
1,0.9977518,0.31096065,55,combined
1,0.9969662,0.35248503,55,combined
1,0.9975216,0.35965854,55,combined
1,0.9969874,0.35455388,55,combined
1,0.99734855,0.35932145,55,combined
1,0.9975126,0.36152458,55,combined
1,0.9976629,0.3540547,55,combined
1,0.99638844,0.34730375,55,combined
1,0.9932516,0.34367812,55,combined
1,0.9975809,0.33543327,55,combined
1,0.9975956,0.329001,55,combined
1,0.9975331,0.3335914,55,combined
1,0.99741745,0.3264141,55,combined
1,0.9970282,0.31826133,55,combined
1,0.99768,0.3325356,55,combined
1,0.9971505,0.31516543,55,combined
1,0.99762005,0.32352254,55,combined
1,0.9973309,0.34473836,55,combined
1,0.9969897,0.34203276,55,combined
1,0.99637824,0.33084357,55,combined
1,0.9970391,0.3677512,55,combined
1,0.9963109,0.35997993,55,combined
1,0.9966953,0.3609736,55,combined
1,0.9965857,0.35708603,55,combined
1,0.99626714,0.36106324,55,combined
1,0.9957709,0.3525498,55,combined
1,0.99591845,0.36663997,55,combined
1,0.9943967,0.35598314,55,combined
1,0.99734783,0.34935108,55,combined
1,0.9958488,0.32884434,55,combined
1,0.99668616,0.34347555,55,combined
1,0.99605477,0.33942774,55,combined
1,0.9961837,0.33845395,55,combined
1,0.9972971,0.34863207,55,combined
1,0.9966642,0.33416376,55,combined
1,0.9960517,0.32788014,55,combined
1,0.9974262,0.34313682,55,combined
1,0.99727803,0.3309389,55,combined
1,0.99745685,0.33078519,55,combined
1,0.9976687,0.36406705,55,combined
1,0.9973309,0.3496307,55,combined
1,0.99701893,0.3512715,55,combined
1,0.99774456,0.35832936,55,combined
1,0.99782324,0.36101288,55,combined
1,0.9969228,0.35808927,55,combined
1,0.9952762,0.35059494,55,combined
1,0.9946174,0.35345605,55,combined
1,0.9972613,0.33557588,55,combined
1,0.9975745,0.34102944,55,combined
1,0.9975452,0.33298713,55,combined
1,0.99764234,0.32898307,55,combined
1,0.9974693,0.31105176,55,combined
1,0.9976285,0.32773367,55,combined
1,0.9971095,0.30038336,55,combined
1,0.99781203,0.32284078,55,combined
1,0.00036485153,0.41590536,55,combined
1,0.00033670716,0.39736277,55,combined
1,0.000366513,0.4130155,55,combined
1,0.00036186815,0.411852,55,combined
1,0.0003717875,0.41438445,55,combined
1,0.0003682298,0.41402113,55,combined
1,0.00036301324,0.41249245,55,combined
1,0.00035692673,0.41075635,55,combined
1,0.00035270766,0.40910605,55,combined
1,0.00035297291,0.40870628,55,combined
1,0.00033149598,0.4023376,55,combined
1,0.00033990186,0.40463236,55,combined
1,0.00032924686,0.39607647,55,combined
1,0.00035414958,0.40778726,55,combined
1,0.00035274265,0.40712288,55,combined
1,0.00035096885,0.40666637,55,combined
1,0.00034758862,0.40540645,55,combined
1,0.00033677954,0.40248984,55,combined
1,0.00033652777,0.40329388,55,combined
1,0.00033859073,0.40319255,55,combined
1,0.00033937488,0.40237176,55,combined
1,0.00034132626,0.40224677,55,combined
1,0.00042302272,0.43297544,55,combined
1,0.00032115812,0.38818952,55,combined
1,0.00042287938,0.43291712,55,combined
1,0.00042191363,0.4326934,55,combined
1,0.00040757025,0.42915013,55,combined
1,0.0004073127,0.4290967,55,combined
1,0.00039240895,0.42542636,55,combined
1,0.0003981861,0.42685625,55,combined
1,0.00040111897,0.42757398,55,combined
1,0.00038980838,0.42480478,55,combined
1,0.00039134166,0.4251622,55,combined
1,0.0003996874,0.4272333,55,combined
1,0.00033456777,0.39790478,55,combined
1,0.00039837483,0.4269189,55,combined
1,0.00039630366,0.42643788,55,combined
1,0.00040828538,0.42937708,55,combined
1,0.00040686698,0.42903566,55,combined
1,0.00040698375,0.42906302,55,combined
1,0.00040274565,0.42804655,55,combined
1,0.00040297472,0.42809066,55,combined
1,0.00038329762,0.42320958,55,combined
1,0.0003946048,0.42593753,55,combined
1,0.00033832874,0.4002766,55,combined
1,0.00034905755,0.40741247,55,combined
1,0.0003472334,0.4035707,55,combined
1,0.00035490684,0.408431,55,combined
1,0.00036098418,0.4119354,55,combined
1,0.9974022,0.33350632,55,combined
1,0.9970067,0.33137628,55,combined
1,0.9972242,0.3352097,55,combined
1,0.9964399,0.3599102,55,combined
1,0.99708694,0.36562085,55,combined
1,0.9972498,0.36468753,55,combined
1,0.99721247,0.3666149,55,combined
1,0.99672806,0.35706902,55,combined
1,0.995736,0.35795897,55,combined
1,0.9929525,0.3504767,55,combined
1,0.99550664,0.3553117,55,combined
1,0.99748755,0.3389762,55,combined
1,0.9967758,0.32723665,55,combined
1,0.99740547,0.3378694,55,combined
1,0.9975746,0.3224682,55,combined
1,0.9968028,0.31217617,55,combined
1,0.9975956,0.3328706,55,combined
1,0.9972699,0.33358297,55,combined
1,0.99654883,0.32848275,55,combined
1,0.9967964,0.3399698,55,combined
1,0.99599576,0.32770067,55,combined
1,0.9967057,0.33901808,55,combined
1,0.9973116,0.3681827,55,combined
1,0.997451,0.37225068,55,combined
1,0.99666303,0.3590644,55,combined
1,0.9966305,0.35502154,55,combined
1,0.9966988,0.36027646,55,combined
1,0.99678063,0.35869035,55,combined
1,0.99722445,0.37095273,55,combined
1,0.9966397,0.36293298,55,combined
1,0.9958786,0.337497,55,combined
1,0.99561787,0.33628055,55,combined
1,0.99628276,0.32711846,55,combined
1,0.99658966,0.3387293,55,combined
1,0.9961584,0.33718342,55,combined
1,0.9960388,0.32950345,55,combined
1,0.99726,0.3461069,55,combined
1,0.99633443,0.33487496,55,combined
1,0.00030008232,0.36974165,55,combined
1,0.00029372686,0.3624389,55,combined
1,0.00035754757,0.40926585,55,combined
1,0.00034872745,0.40440428,55,combined
1,0.0003454252,0.40405193,55,combined
1,0.0003518325,0.40577057,55,combined
1,0.00033543308,0.40076253,55,combined
1,0.0003398925,0.40251896,55,combined
1,0.00035441152,0.40730658,55,combined
1,0.00034838484,0.40416858,55,combined
1,0.00034681108,0.40328157,55,combined
1,0.000345744,0.40327543,55,combined
1,0.00029146674,0.36036384,55,combined
1,0.00033811285,0.40056652,55,combined
1,0.00033201659,0.39686564,55,combined
1,0.00033327466,0.3979177,55,combined
1,0.00033773945,0.40272573,55,combined
1,0.0003353722,0.40078637,55,combined
1,0.00033898134,0.40478066,55,combined
1,0.00033929173,0.40233138,55,combined
1,0.00035241983,0.40924913,55,combined
1,0.00033832664,0.40096232,55,combined
1,0.00034296993,0.404538,55,combined
1,0.00029021013,0.36161655,55,combined
1,0.0003489727,0.4054859,55,combined
1,0.00034614236,0.40213066,55,combined
1,0.00034247947,0.40049917,55,combined
1,0.00042808353,0.434191,55,combined
1,0.0004299644,0.43464503,55,combined
1,0.0004275277,0.43405455,55,combined
1,0.0004342524,0.43568647,55,combined
1,0.00043403736,0.4356495,55,combined
1,0.0004321974,0.43520492,55,combined
1,0.00043711293,0.43639845,55,combined
1,0.00027471778,0.35452628,55,combined
1,0.00042896674,0.43441978,55,combined
1,0.00042865056,0.43434283,55,combined
1,0.00043017368,0.4347001,55,combined
1,0.00042807276,0.4342023,55,combined
1,0.00043128993,0.43497637,55,combined
1,0.00043008698,0.43468556,55,combined
1,0.00042472992,0.43338898,55,combined
1,0.00043399833,0.4356319,55,combined
1,0.00042556663,0.43358672,55,combined
1,0.00042884814,0.4343892,55,combined
1,0.0003075753,0.3801543,55,combined
1,0.00041393773,0.43067268,55,combined
1,0.00042037075,0.43228188,55,combined
1,0.000422117,0.43272626,55,combined
1,0.00043536464,0.43596306,55,combined
1,0.00042623648,0.43374795,55,combined
1,0.00042915932,0.43446907,55,combined
1,0.00042166028,0.43263352,55,combined
1,0.00033628434,0.39489055,55,combined
1,0.00034948337,0.4028698,55,combined
1,0.00034486796,0.4012229,55,combined
1,0.00035202844,0.40666237,55,combined
1,0.00030980105,0.38739115,55,combined
1,0.00031673422,0.38904706,55,combined
1,0.00032602367,0.39893368,55,combined
1,0.0003310788,0.4000657,55,combined
1,0.00033190046,0.39991808,55,combined
1,0.00033485814,0.4020666,55,combined
1,0.00033667005,0.40211913,55,combined
1,0.00033154245,0.40105563,55,combined
1,0.00033399792,0.40178254,55,combined
1,0.00033740595,0.40301177,55,combined
1,0.00033799038,0.40160275,55,combined
1,0.00033283266,0.39976984,55,combined
1,0.00031234414,0.39093506,55,combined
1,0.00034290194,0.4029504,55,combined
1,0.00034206937,0.40421152,55,combined
1,0.00042298943,0.4329607,55,combined
1,0.00042434767,0.4332932,55,combined
1,0.00042542524,0.43354478,55,combined
1,0.000428483,0.43430114,55,combined
1,0.00042414447,0.4332242,55,combined
1,0.00042197638,0.43270692,55,combined
1,0.00042316449,0.43298805,55,combined
1,0.00041572214,0.43116152,55,combined
1,0.00030734137,0.38954824,55,combined
1,0.00041662852,0.43138832,55,combined
1,0.00041430406,0.43082002,55,combined
1,0.0004152245,0.43103206,55,combined
1,0.00041790755,0.4317025,55,combined
1,0.00042142882,0.43257886,55,combined
1,0.00042533383,0.43352723,55,combined
1,0.00042175478,0.43265283,55,combined
1,0.00042268392,0.4328775,55,combined
1,0.0002981787,0.38585326,55,combined
1,0.00030523047,0.38824832,55,combined
1,0.00031939964,0.3955168,55,combined
1,0.0003250566,0.39925766,55,combined
1,0.00032960772,0.4017526,55,combined
1,0.00032950248,0.40115014,55,combined
0,0.0006610539,0.46418688,88,combined
0,0.0005245784,0.6019073,88,combined
0,0.00043941315,0.6922941,88,combined
0,0.00044669397,0.68434477,88,combined
0,0.00046312177,0.6675028,88,combined
0,0.0006005725,0.5236021,88,combined
0,0.00062352704,0.5037722,88,combined
0,0.00061585393,0.5129607,88,combined
0,0.00059738243,0.5319583,88,combined
0,0.00059981964,0.5295058,88,combined
0,0.0006004356,0.52891856,88,combined
0,0.0005973693,0.53207225,88,combined
0,0.000595165,0.53155446,88,combined
0,0.0005874774,0.5369451,88,combined
0,0.0005297016,0.59636486,88,combined
0,0.00045025075,0.67983955,88,combined
0,0.00049129134,0.63645875,88,combined
0,0.00064806896,0.4749106,88,combined
0,0.0006766246,0.44954303,88,combined
0,0.00066762685,0.4576906,88,combined
0,0.0006581055,0.46561608,88,combined
0,0.00077088206,0.37469375,88,combined
0,0.0009418067,0.27266696,88,combined
0,0.0010153885,0.23921072,88,combined
0,0.0008163537,0.3438701,88,combined
0,0.0006077182,0.51338303,88,combined
0,0.00044886232,0.68142503,88,combined
0,0.0005442015,0.5805095,88,combined
0,0.0005650029,0.5589928,88,combined
0,0.00058546435,0.5392776,88,combined
0,0.000621296,0.50552964,88,combined
0,0.00061967416,0.50727427,88,combined
0,0.0006133287,0.51217467,88,combined
0,0.0005928673,0.5315967,88,combined
0,0.00059322343,0.5312457,88,combined
0,0.0005855109,0.53902113,88,combined
0,0.000566923,0.5573503,88,combined
0,0.0005563219,0.5682475,88,combined
0,0.0005123754,0.61584246,88,combined
0,0.0004505178,0.6803357,88,combined
0,0.00042756886,0.70446336,88,combined
0,0.0004195655,0.7129044,88,combined
0,0.0004208477,0.7115865,88,combined
0,0.0004199176,0.71238065,88,combined
0,0.00046437685,0.6646401,88,combined
0,0.0005842285,0.5368335,88,combined
0,0.0004265255,0.7052563,88,combined
0,0.0004507702,0.68017644,88,combined
0,0.0005984675,0.52560276,88,combined
0,0.0005239432,0.60310084,88,combined
0,0.00046787361,0.6621641,88,combined
0,0.0004555358,0.67502147,88,combined
0,0.0004196107,0.71316165,88,combined
0,0.00052056863,0.6068053,88,combined
0,0.00053106475,0.5953953,88,combined
0,0.0004562298,0.6745806,88,combined
0,0.00051391317,0.6138914,88,combined
0,0.00042402296,0.70831937,88,combined
0,0.0004229733,0.70914894,88,combined
0,0.00044087178,0.68966275,88,combined
0,0.0004909582,0.63633937,88,combined
0,0.00070573715,0.42485347,88,combined
0,0.0006962304,0.43278715,88,combined
0,0.00082219316,0.34002426,88,combined
0,0.00072557427,0.40889865,88,combined
0,0.0006775299,0.44864634,88,combined
0,0.00071177207,0.41956827,88,combined
0,0.00067060033,0.45462492,88,combined
0,0.00053395535,0.59055924,88,combined
0,0.00047925385,0.64984995,88,combined
0,0.00053215376,0.5934603,88,combined
0,0.0005261698,0.60000914,88,combined
0,0.000519369,0.6073608,88,combined
0,0.0004884885,0.639906,88,combined
0,0.0004460264,0.6843465,88,combined
0,0.0005539791,0.567896,88,combined
0,0.0006696721,0.45559627,88,combined
0,0.0007878668,0.3629166,88,combined
0,0.0006466632,0.4761187,88,combined
0,0.00052568555,0.598638,88,combined
0,0.0005162243,0.6097291,88,combined
0,0.00042747962,0.70446694,88,combined
0,0.00044151235,0.68933904,88,combined
0,0.0004272244,0.70449644,88,combined
0,0.00043535946,0.6958921,88,combined
0,0.00044823633,0.68192804,88,combined
0,0.00047133744,0.6571981,88,combined
0,0.0005483104,0.57450736,88,combined
0,0.0006463006,0.47634658,88,combined
0,0.0006279533,0.49359143,88,combined
0,0.0006510824,0.47212943,88,combined
0,0.00057615136,0.5448434,88,combined
0,0.00042811903,0.70331705,88,combined
0,0.00048302396,0.6459536,88,combined
0,0.00055029755,0.57410157,88,combined
0,0.00046060217,0.66993666,88,combined
0,0.00059541553,0.5285754,88,combined
0,0.0005961742,0.5281569,88,combined
0,0.0005930572,0.5313661,88,combined
0,0.0005796568,0.54469615,88,combined
0,0.0004815295,0.64856595,88,combined
0,0.0004628923,0.6669939,88,combined
0,0.0004282313,0.70349944,88,combined
0,0.00042061065,0.7114963,88,combined
0,0.0004222437,0.7098665,88,combined
0,0.00044308725,0.6873367,88,combined
0,0.00042748445,0.7040078,88,combined
0,0.00043851582,0.69250023,88,combined
0,0.0004536004,0.6759843,88,combined
0,0.00050963525,0.61648554,88,combined
0,0.0006584386,0.4650876,88,combined
0,0.0004976794,0.63190985,88,combined
0,0.00075567566,0.38607648,88,combined
0,0.0006721078,0.45569533,88,combined
0,0.0005574745,0.56697685,88,combined
0,0.0004299017,0.7024076,88,combined
0,0.000447137,0.6842249,88,combined
0,0.00044086593,0.6908745,88,combined
0,0.00049338717,0.6356222,88,combined
0,0.00043766928,0.6936689,88,combined
0,0.00041666024,0.71562463,88,combined
0,0.0004613888,0.6672198,88,combined
0,0.0006373698,0.4917714,88,combined
0,0.0007564761,0.3853331,88,combined
0,0.00090070674,0.29379705,88,combined
0,0.00093637116,0.27556387,88,combined
0,0.0009531494,0.26724204,88,combined
0,0.0009478064,0.26982024,88,combined
0,0.0009734937,0.25788486,88,combined
0,0.0009898592,0.25049224,88,combined
0,0.00081154844,0.34764457,88,combined
0,0.0006128454,0.50889033,88,combined
0,0.00044111878,0.689687,88,combined
0,0.0006100554,0.51909596,88,combined
0,0.00049325766,0.6353936,88,combined
0,0.00057131407,0.552675,88,combined
0,0.0005835896,0.5405573,88,combined
0,0.0005766849,0.54740024,88,combined
0,0.0005314557,0.5945309,88,combined
0,0.00044743464,0.6832687,88,combined
0,0.00043154325,0.6997485,88,combined
0,0.00043654634,0.6946046,88,combined
0,0.00044260293,0.68786573,88,combined
0,0.0004401892,0.6903772,88,combined
0,0.0006102244,0.5191901,88,combined
0,0.0005158922,0.60984796,88,combined
0,0.00046374468,0.66505486,88,combined
0,0.00043006032,0.7013847,88,combined
0,0.00046658114,0.66206,88,combined
0,0.0006505927,0.4724003,88,combined
0,0.00089617784,0.29635248,88,combined
0,0.0007758264,0.37129632,88,combined
0,0.0006212108,0.50149345,88,combined
0,0.0005759194,0.5479252,88,combined
0,0.00058282254,0.54137677,88,combined
0,0.0005583403,0.5733333,88,combined
0,0.000600157,0.5245793,88,combined
0,0.0006117938,0.5140236,88,combined
0,0.0006156479,0.50973,88,combined
0,0.00058989465,0.5347668,88,combined
0,0.00055960665,0.5646332,88,combined
0,0.00042674964,0.7052882,88,combined
0,0.00042280485,0.7093087,88,combined
0,0.00054147665,0.59173894,88,combined
0,0.0005469751,0.58525956,88,combined
0,0.00054082705,0.5921902,88,combined
0,0.000551596,0.58023876,88,combined
0,0.00058241846,0.5474092,88,combined
0,0.00060305174,0.5260795,88,combined
0,0.00064183376,0.4873993,88,combined
0,0.0006939476,0.43930805,88,combined
0,0.0006563003,0.47219232,88,combined
0,0.0006352097,0.4925755,88,combined
0,0.00062326086,0.5029288,88,combined
0,0.0006147244,0.5102656,88,combined
0,0.0005966651,0.527255,88,combined
0,0.0005782077,0.5460946,88,combined
0,0.00052405416,0.602302,88,combined
0,0.00042450344,0.7073405,88,combined
0,0.00042337392,0.7084244,88,combined
0,0.0004348002,0.69587314,88,combined
0,0.0007136026,0.41819897,88,combined
0,0.00084705383,0.32442254,88,combined
0,0.00077413034,0.37261108,88,combined
0,0.0006229241,0.49828807,88,combined
0,0.00072464964,0.40955666,88,combined
0,0.0006595872,0.4642941,88,combined
0,0.0006459963,0.47688058,88,combined
0,0.0006115006,0.50956595,88,combined
0,0.00044372532,0.6865406,88,combined
0,0.00045469136,0.6744805,88,combined
0,0.000580495,0.5402903,88,combined
0,0.0005319275,0.5917768,88,combined
0,0.00050914387,0.61707485,88,combined
0,0.0005333902,0.59034884,88,combined
0,0.0004488923,0.68082035,88,combined
0,0.00059242727,0.5301132,88,combined
0,0.00055878534,0.5655372,88,combined
0,0.0004563738,0.6745587,88,combined
0,0.00059288286,0.53134805,88,combined
0,0.0005844349,0.5397485,88,combined
0,0.0005541114,0.57055694,88,combined
0,0.000502557,0.62476724,88,combined
0,0.00046639843,0.66213167,88,combined
0,0.0006021598,0.5184622,88,combined
0,0.000871176,0.31036508,88,combined
0,0.0009225058,0.28223333,88,combined
0,0.0008205374,0.34161255,88,combined
0,0.0006564201,0.46840474,88,combined
0,0.00044966055,0.68066233,88,combined
0,0.000491871,0.63716805,88,combined
0,0.00058044953,0.54391426,88,combined
0,0.00059485796,0.52946854,88,combined
0,0.0005922941,0.53169864,88,combined
0,0.0005573486,0.5671168,88,combined
0,0.00048502543,0.6437187,88,combined
0,0.0006289758,0.4928963,88,combined
0,0.00079089106,0.3607704,88,combined
0,0.0007556417,0.3860042,88,combined
0,0.0008468057,0.3248793,88,combined
0,0.0008136822,0.34576455,88,combined
0,0.00072818017,0.4072796,88,combined
0,0.0006046123,0.51666844,88,combined
0,0.0005097451,0.61649823,88,combined
0,0.00061956636,0.5013802,88,combined
0,0.0006522711,0.47149622,88,combined
0,0.00050200865,0.62504756,88,combined
0,0.0004519131,0.678865,88,combined
0,0.00063217425,0.49323502,88,combined
0,0.00062085624,0.5047674,88,combined
0,0.0006176944,0.5076214,88,combined
0,0.00060614303,0.5186244,88,combined
0,0.0005713386,0.5532432,88,combined
0,0.0005859581,0.5365196,88,combined
0,0.0005780471,0.54355824,88,combined
0,0.00048375016,0.6439229,88,combined
0,0.00070496136,0.42519495,88,combined
1,0.0013126878,0.14800139,88,combined
1,0.0013080076,0.14907587,88,combined
1,0.0011727499,0.18397623,88,combined
1,0.0009071179,0.29187748,88,combined
1,0.0008704708,0.3130734,88,combined
1,0.0007787654,0.3734802,88,combined
1,0.0006771119,0.45553195,88,combined
1,0.0007144266,0.42347327,88,combined
1,0.00072146073,0.41701737,88,combined
1,0.0007160041,0.42136142,88,combined
1,0.0007064248,0.42957482,88,combined
1,0.0007096906,0.4270446,88,combined
1,0.00072536065,0.41379625,88,combined
1,0.00067289104,0.4595734,88,combined
1,0.0006587759,0.47154203,88,combined
1,0.00072209,0.41750968,88,combined
1,0.0006755543,0.45732474,88,combined
1,0.0005960174,0.53343135,88,combined
1,0.00054884376,0.58344877,88,combined
1,0.0005039969,0.6317617,88,combined
1,0.0004868435,0.6494918,88,combined
1,0.00049087516,0.6448913,88,combined
1,0.0004925104,0.6434088,88,combined
1,0.0004882418,0.64799786,88,combined
1,0.0005296423,0.6038693,88,combined
1,0.00056444545,0.56607294,88,combined
1,0.000598844,0.53015727,88,combined
1,0.00070493104,0.4313374,88,combined
1,0.0007092928,0.42708182,88,combined
1,0.0007010468,0.43374076,88,combined
1,0.00066641136,0.46480948,88,combined
1,0.0006328132,0.4967624,88,combined
1,0.0006421862,0.4877002,88,combined
1,0.000630415,0.4989296,88,combined
1,0.0006345977,0.49512023,88,combined
1,0.0005849055,0.5446271,88,combined
1,0.00056206505,0.5697447,88,combined
1,0.0005442734,0.5886064,88,combined
1,0.0005085109,0.62713045,88,combined
1,0.0004981164,0.6380326,88,combined
1,0.000504674,0.63121396,88,combined
1,0.0005184601,0.6162471,88,combined
1,0.00054172985,0.59101343,88,combined
1,0.000595914,0.5334955,88,combined
1,0.00068592624,0.44749048,88,combined
1,0.0006916921,0.44265062,88,combined
1,0.0006266554,0.50303537,88,combined
1,0.000561046,0.57044303,88,combined
1,0.0005572487,0.5745219,88,combined
1,0.0005315188,0.6026102,88,combined
1,0.00050196506,0.63396424,88,combined
1,0.0004939342,0.64235735,88,combined
1,0.00050266867,0.6332535,88,combined
1,0.00051888876,0.6163063,88,combined
1,0.00055471546,0.5769158,88,combined
1,0.00058248965,0.54737484,88,combined
1,0.0005950377,0.5339553,88,combined
1,0.0006495221,0.48061714,88,combined
1,0.0006355997,0.49385238,88,combined
1,0.0005597843,0.5723395,88,combined
1,0.00052884367,0.6056583,88,combined
1,0.0005105411,0.62502146,88,combined
1,0.0005167506,0.61837775,88,combined
1,0.0005710173,0.55928385,88,combined
1,0.0006405657,0.48915663,88,combined
1,0.0006753513,0.45478463,88,combined
1,0.0008197388,0.34285143,88,combined
1,0.0010445244,0.22753847,88,combined
1,0.0011524869,0.1899209,88,combined
1,0.001233711,0.16685078,88,combined
1,0.001300434,0.15054236,88,combined
1,0.0013146246,0.14751188,88,combined
1,0.0013380852,0.14254035,88,combined
1,0.0013459668,0.14086781,88,combined
1,0.0013471826,0.14062417,88,combined
1,0.0013047999,0.14972647,88,combined
1,0.0012894523,0.15324827,88,combined
1,0.0012774225,0.15605137,88,combined
1,0.0012652501,0.15902594,88,combined
1,0.0011751822,0.18334508,88,combined
1,0.0012333362,0.1670248,88,combined
1,0.001016613,0.23941474,88,combined
1,0.0007863771,0.36638534,88,combined
1,0.00075664447,0.3893935,88,combined
1,0.0006801342,0.45300418,88,combined
1,0.0006726599,0.45929968,88,combined
1,0.0006531074,0.47701997,88,combined
1,0.00061278,0.5159152,88,combined
1,0.00055137364,0.5803154,88,combined
1,0.00051768805,0.617222,88,combined
1,0.0005331397,0.6002226,88,combined
1,0.0005386506,0.5945257,88,combined
1,0.000551692,0.5795749,88,combined
1,0.000561634,0.56910133,88,combined
1,0.0005784371,0.5517317,88,combined
1,0.00065183983,0.47881007,88,combined
1,0.00065510016,0.47550574,88,combined
1,0.0006581111,0.47237846,88,combined
1,0.0007062296,0.4299916,88,combined
1,0.0007545955,0.3894233,88,combined
1,0.00081259967,0.34840167,88,combined
1,0.00094128016,0.27393693,88,combined
1,0.00080422196,0.35380208,88,combined
1,0.00063484896,0.4899976,88,combined
1,0.00076949206,0.3790586,88,combined
1,0.0007441722,0.39969787,88,combined
1,0.00075320894,0.3925325,88,combined
1,0.00072235224,0.41690487,88,combined
1,0.0006520004,0.47837883,88,combined
1,0.0006775426,0.4556524,88,combined
1,0.00066171284,0.46944046,88,combined
1,0.00059536734,0.53380996,88,combined
1,0.0005696589,0.5606158,88,combined
1,0.00055398437,0.5777673,88,combined
1,0.0005193628,0.6156146,88,combined
1,0.00051210826,0.62329185,88,combined
1,0.00053445133,0.5986988,88,combined
1,0.0005762634,0.5534802,88,combined
1,0.000622297,0.5071136,88,combined
1,0.0006499604,0.47993943,88,combined
1,0.00066010543,0.47083366,88,combined
1,0.0006396574,0.49022302,88,combined
1,0.0005884943,0.5411088,88,combined
1,0.000579385,0.550548,88,combined
1,0.0005721355,0.55822676,88,combined
1,0.0005635419,0.5672237,88,combined
1,0.00063676876,0.49243012,88,combined
1,0.0006587624,0.46965608,88,combined
0,4.1814965e-05,0.8212684,0,combined
0,3.943484e-05,0.8227687,0,combined
0,3.8710874e-05,0.82309437,0,combined
0,3.9212908e-05,0.8226807,0,combined
0,3.91289e-05,0.8227341,0,combined
0,3.906831e-05,0.82277435,0,combined
0,3.8957853e-05,0.822849,0,combined
0,3.8844886e-05,0.8229292,0,combined
0,3.8800907e-05,0.8229647,0,combined
0,3.878648e-05,0.8229654,0,combined
0,3.872505e-05,0.82307625,0,combined
0,3.872893e-05,0.82306844,0,combined
0,3.8732807e-05,0.8230657,0,combined
0,3.874204e-05,0.82305896,0,combined
0,3.8754013e-05,0.8230455,0,combined
0,3.8751277e-05,0.823045,0,combined
0,3.8750684e-05,0.8230419,0,combined
0,3.8759965e-05,0.82303077,0,combined
0,3.8776936e-05,0.82301295,0,combined
0,3.9016115e-05,0.82297903,0,combined
0,3.878903e-05,0.8229976,0,combined
0,3.8794395e-05,0.8229882,0,combined
0,3.8805043e-05,0.82297474,0,combined
0,3.8808303e-05,0.8229712,0,combined
0,3.880364e-05,0.8229745,0,combined
0,3.8795504e-05,0.82297987,0,combined
0,3.879025e-05,0.8229829,0,combined
0,3.8785405e-05,0.8229836,0,combined
0,3.8794875e-05,0.8229725,0,combined
0,3.8789436e-05,0.82297766,0,combined
0,3.8935454e-05,0.82301724,0,combined
0,3.877849e-05,0.82299036,0,combined
0,3.8762144e-05,0.82300824,0,combined
0,3.874252e-05,0.82302964,0,combined
0,3.8730148e-05,0.82304645,0,combined
0,3.8726863e-05,0.8230519,0,combined
0,3.8728893e-05,0.8230501,0,combined
0,3.8734135e-05,0.82304466,0,combined
0,3.874455e-05,0.82303387,0,combined
0,3.87549e-05,0.82302,0,combined
0,3.8764436e-05,0.8230097,0,combined
0,3.887383e-05,0.8230412,0,combined
0,3.8756047e-05,0.8230207,0,combined
0,3.874396e-05,0.8230366,0,combined
0,3.873598e-05,0.8230488,0,combined
0,3.871966e-05,0.8230687,0,combined
0,3.8732698e-05,0.82305443,0,combined
0,3.874167e-05,0.823037,0,combined
0,3.8755934e-05,0.8230161,0,combined
0,3.8745588e-05,0.8230266,0,combined
0,3.874411e-05,0.8230279,0,combined
0,3.8735536e-05,0.82303756,0,combined
0,3.8802013e-05,0.8230697,0,combined
0,3.872291e-05,0.8230516,0,combined
0,3.8719918e-05,0.8230585,0,combined
0,3.872254e-05,0.8230597,0,combined
0,3.872051e-05,0.8230639,0,combined
0,3.8712868e-05,0.8230731,0,combined
0,3.871497e-05,0.8230741,0,combined
0,3.871124e-05,0.82308036,0,combined
0,3.8708138e-05,0.82309175,0,combined
0,3.871951e-05,0.82309747,0,combined
0,3.8758302e-05,0.8230881,0,combined
0,3.8742484e-05,0.8230941,0,combined
0,3.8800685e-05,0.8230751,0,combined
0,3.8833885e-05,0.8230631,0,combined
0,3.8841627e-05,0.8230606,0,combined
0,3.8823073e-05,0.8230617,0,combined
0,3.878219e-05,0.8230769,0,combined
0,3.8746475e-05,0.82308525,0,combined
0,3.872051e-05,0.8230891,0,combined
0,3.8707145e-05,0.82309055,0,combined
0,3.8704376e-05,0.823093,0,combined
0,3.8698618e-05,0.82310104,0,combined
0,3.870729e-05,0.82310444,0,combined
0,3.8699873e-05,0.82310283,0,combined
0,3.8708917e-05,0.8230896,0,combined
0,3.870445e-05,0.8230901,0,combined
0,3.8705595e-05,0.82308894,0,combined
0,3.870209e-05,0.82309395,0,combined
0,3.8699505e-05,0.8230981,0,combined
0,3.8696035e-05,0.8231022,0,combined
0,3.8697028e-05,0.82310396,0,combined
0,3.8698174e-05,0.82310575,0,combined
0,3.870482e-05,0.82309663,0,combined
0,3.870157e-05,0.82310194,0,combined
0,3.871966e-05,0.8230728,0,combined
0,3.873979e-05,0.8230426,0,combined
0,3.876059e-05,0.823015,0,combined
0,3.8780487e-05,0.8229896,0,combined
0,3.8801056e-05,0.822967,0,combined
0,3.8840146e-05,0.8229301,0,combined
0,3.8919196e-05,0.82287294,0,combined
0,3.897706e-05,0.82283276,0,combined
0,3.9056835e-05,0.8227788,0,combined
0,3.9149618e-05,0.8227206,0,combined
0,3.8703933e-05,0.82310057,0,combined
0,3.9239545e-05,0.8226631,0,combined
0,3.9336548e-05,0.82260245,0,combined
0,3.9412433e-05,0.82255673,0,combined
0,3.940266e-05,0.8225626,0,combined
0,3.936995e-05,0.8225809,0,combined
0,3.937997e-05,0.822575,0,combined
0,3.9404014e-05,0.8225632,0,combined
0,3.9394097e-05,0.8225702,0,combined
0,3.935009e-05,0.82259524,0,combined
0,3.9290317e-05,0.82263315,0,combined
0,7.472271e-05,0.7886832,0,combined
0,0.00010504232,0.7608057,0,combined
0,4.7728143e-05,0.81569713,0,combined
0,3.9899132e-05,0.8220693,0,combined
0,4.0003524e-05,0.8219967,0,combined
0,4.0344727e-05,0.8217812,0,combined
0,4.0820083e-05,0.8214697,0,combined
0,4.1298128e-05,0.82114446,0,combined
0,4.148459e-05,0.82100683,0,combined
0,4.1314506e-05,0.821134,0,combined
0,4.35844e-05,0.8193583,0,combined
0,4.1087533e-05,0.82124037,0,combined
0,3.977498e-05,0.8221334,0,combined
0,3.932308e-05,0.82245535,0,combined
0,3.9193168e-05,0.8225749,0,combined
0,3.9164774e-05,0.82261753,0,combined
0,3.9148945e-05,0.8226401,0,combined
0,3.9140283e-05,0.82265395,0,combined
0,3.91311e-05,0.8226676,0,combined
0,0.00011883182,0.74924785,0,combined
0,3.9136437e-05,0.8226633,0,combined
0,3.9144838e-05,0.8226508,0,combined
0,3.9156785e-05,0.822636,0,combined
0,3.9160703e-05,0.82262725,0,combined
0,3.9152153e-05,0.8226299,0,combined
0,3.9129012e-05,0.8226545,0,combined
0,3.9098355e-05,0.8226888,0,combined
0,3.9089555e-05,0.82269394,0,combined
0,3.9127146e-05,0.8226379,0,combined
0,3.915701e-05,0.8226065,0,combined
0,0.000116650845,0.7510132,0,combined
0,3.915589e-05,0.8226143,0,combined
0,3.9154955e-05,0.8226154,0,combined
0,3.91616e-05,0.82260555,0,combined
0,3.9167837e-05,0.8225986,0,combined
0,3.9171384e-05,0.82259554,0,combined
0,3.9173516e-05,0.82259345,0,combined
0,3.9168135e-05,0.8225971,0,combined
0,3.920543e-05,0.82256114,0,combined
0,3.923004e-05,0.8225332,0,combined
0,3.9214177e-05,0.82254386,0,combined
0,0.00010482249,0.7609818,0,combined
0,3.922802e-05,0.82253337,0,combined
0,3.92382e-05,0.8225239,0,combined
0,3.922413e-05,0.8225364,0,combined
0,3.922458e-05,0.8225371,0,combined
0,3.924082e-05,0.822519,0,combined
0,3.9297025e-05,0.8224731,0,combined
0,3.936398e-05,0.8224272,0,combined
0,3.9438524e-05,0.82237506,0,combined
0,3.9415176e-05,0.8223982,0,combined
0,3.9374565e-05,0.8224221,0,combined
0,9.137829e-05,0.77296543,0,combined
0,3.9370512e-05,0.8224188,0,combined
0,3.93962e-05,0.8224,0,combined
0,3.9444767e-05,0.8223664,0,combined
0,3.953311e-05,0.82230294,0,combined
0,3.979649e-05,0.82213366,0,combined
0,4.01843e-05,0.82188195,0,combined
0,4.0592015e-05,0.8216071,0,combined
0,4.089953e-05,0.8213948,0,combined
0,4.1219748e-05,0.82118005,0,combined
0,4.172781e-05,0.82082653,0,combined
0,8.027297e-05,0.7834168,0,combined
0,4.2808944e-05,0.82005155,0,combined
0,4.4771154e-05,0.8184049,0,combined
0,4.589804e-05,0.81740904,0,combined
0,4.6231627e-05,0.81711334,0,combined
0,4.6824236e-05,0.81657803,0,combined
0,4.615353e-05,0.8171725,0,combined
0,4.3765413e-05,0.8192555,0,combined
0,4.1788815e-05,0.8207986,0,combined
0,4.1079536e-05,0.8212863,0,combined
0,4.0951123e-05,0.8213683,0,combined
0,7.132869e-05,0.7921861,0,combined
0,4.099356e-05,0.8213431,0,combined
0,4.098195e-05,0.8213664,0,combined
0,4.090195e-05,0.8214185,0,combined
0,4.0781833e-05,0.8214851,0,combined
0,4.0878866e-05,0.82141507,0,combined
0,4.09512e-05,0.8213649,0,combined
0,4.071181e-05,0.8215254,0,combined
0,4.0486826e-05,0.8216793,0,combined
0,4.0502273e-05,0.8216699,0,combined
0,4.0516647e-05,0.8216627,0,combined
0,6.2311876e-05,0.8012648,0,combined
0,4.0108687e-05,0.82192993,0,combined
0,3.9628347e-05,0.82224697,0,combined
0,3.9278966e-05,0.822506,0,combined
0,3.9122075e-05,0.82265735,0,combined
0,3.9167313e-05,0.82268,0,combined
0,3.9230454e-05,0.82266194,0,combined
0,3.9247814e-05,0.8226535,0,combined
0,3.923704e-05,0.8226555,0,combined
0,3.9211154e-05,0.8226629,0,combined
0,3.916922e-05,0.8226843,0,combined
0,5.4367603e-05,0.80927557,0,combined
0,3.9168994e-05,0.82270193,0,combined
0,3.9215487e-05,0.82268566,0,combined
0,3.929369e-05,0.8226101,0,combined
0,3.9173367e-05,0.8226736,0,combined
0,3.912099e-05,0.82267344,0,combined
0,3.917972e-05,0.8225853,0,combined
0,3.9382678e-05,0.8224217,0,combined
0,3.96362e-05,0.8222449,0,combined
0,3.978978e-05,0.82214326,0,combined
0,3.9851107e-05,0.82210934,0,combined
0,4.236809e-05,0.8208285,0,combined
0,4.1688116e-05,0.82131296,0,combined
0,3.9045735e-05,0.8227707,0,combined
0,3.9529492e-05,0.8223803,0,combined
0,3.950907e-05,0.8223934,0,combined
0,3.9489896e-05,0.82241,0,combined
0,3.9427916e-05,0.82245344,0,combined
0,3.9349714e-05,0.8225071,0,combined
0,3.929144e-05,0.8225473,0,combined
0,3.9309358e-05,0.8225305,0,combined
0,3.9038743e-05,0.82277936,0,combined
0,3.9039853e-05,0.822782,0,combined
0,3.907416e-05,0.82274264,0,combined
0,3.9146704e-05,0.82266784,0,combined
0,3.9146107e-05,0.8226631,0,combined
0,3.9108498e-05,0.8227026,0,combined
0,3.9069615e-05,0.82274514,0,combined
0,3.9066224e-05,0.82275295,0,combined
0,3.9069575e-05,0.82275075,0,combined
0,4.169531e-05,0.82130355,0,combined
0,3.9080944e-05,0.82273626,0,combined
0,3.909962e-05,0.82271373,0,combined
0,3.9136885e-05,0.8226718,0,combined
0,3.9172133e-05,0.82263714,0,combined
0,3.9236103e-05,0.82259285,0,combined
0,3.931952e-05,0.82253575,0,combined
0,3.933411e-05,0.82252514,0,combined
0,3.9341237e-05,0.822517,0,combined
0,3.940003e-05,0.82247466,0,combined
0,3.9503724e-05,0.8224077,0,combined
0,4.125333e-05,0.82159144,0,combined
0,3.9576946e-05,0.8223641,0,combined
0,3.953055e-05,0.822397,0,combined
0,3.9489296e-05,0.82242185,0,combined
0,3.946298e-05,0.8224373,0,combined
0,3.9436156e-05,0.8224502,0,combined
0,3.939094e-05,0.8224813,0,combined
0,3.934979e-05,0.8225137,0,combined
0,3.927324e-05,0.8225672,0,combined
0,3.919339e-05,0.8226287,0,combined
0,3.9163242e-05,0.8226503,0,combined
0,4.0445808e-05,0.82211334,0,combined
0,3.9131995e-05,0.8226747,0,combined
0,3.9112e-05,0.822696,0,combined
0,3.9107563e-05,0.82270205,0,combined
0,3.9117785e-05,0.82269,0,combined
0,3.911215e-05,0.8226989,0,combined
0,3.9121776e-05,0.8226926,0,combined
0,3.913114e-05,0.82268333,0,combined
0,3.9141178e-05,0.82267356,0,combined
0,3.9144838e-05,0.8226702,0,combined
0,3.9145732e-05,0.8226686,0,combined
0,3.9904913e-05,0.8224404,0,combined
0,3.9147522e-05,0.82266587,0,combined
0,3.9143044e-05,0.82266986,0,combined
0,3.914222e-05,0.8226693,0,combined
0,3.9157865e-05,0.8226514,0,combined
0,3.9181512e-05,0.82262975,0,combined
0,3.9189137e-05,0.8226204,0,combined
0,3.916888e-05,0.8226384,0,combined
0,3.916186e-05,0.8226456,0,combined
0,3.917998e-05,0.8226295,0,combined
0,3.917927e-05,0.82262707,0,combined
0,3.9550006e-05,0.82261497,0,combined
0,3.918454e-05,0.8226206,0,combined
0,3.9197505e-05,0.8226053,0,combined
0,3.9237933e-05,0.82257366,0,combined
0,3.9316255e-05,0.8225174,0,combined
0,3.9383805e-05,0.8224692,0,combined
0,3.93938e-05,0.8224637,0,combined
0,3.943416e-05,0.82243675,0,combined
0,3.948116e-05,0.8224079,0,combined
0,3.948843e-05,0.82239854,0,combined
0,3.9481878e-05,0.8224027,0,combined
0,3.9268598e-05,0.8227379,0,combined
0,3.94876e-05,0.822399,0,combined
0,3.948346e-05,0.8224019,0,combined
0,3.943672e-05,0.8224369,0,combined
0,3.942303e-05,0.82244426,0,combined
0,3.9417842e-05,0.82244676,0,combined
0,3.9436643e-05,0.8224345,0,combined
0,3.9498485e-05,0.82239634,0,combined
0,3.9611874e-05,0.8223231,0,combined
0,3.9770886e-05,0.82221544,0,combined
0,3.9899893e-05,0.8221306,0,combined
0,3.9070546e-05,0.8228143,0,combined
0,4.020799e-05,0.8219335,0,combined
0,4.0987812e-05,0.8214161,0,combined
0,4.185267e-05,0.8208082,0,combined
0,4.266211e-05,0.82022285,0,combined
0,4.3588392e-05,0.81946963,0,combined
0,4.4094057e-05,0.81905013,0,combined
0,4.5593802e-05,0.8177571,0,combined
0,4.6644807e-05,0.8168138,0,combined
0,4.6286026e-05,0.8171425,0,combined
0,4.5671262e-05,0.81768346,0,combined
0,3.903212e-05,0.82279587,0,combined
0,4.4423734e-05,0.81876516,0,combined
0,4.3514552e-05,0.81953365,0,combined
0,4.291674e-05,0.8200214,0,combined
0,4.169607e-05,0.8209186,0,combined
0,4.0845545e-05,0.8215064,0,combined
0,4.037736e-05,0.82182276,0,combined
0,4.0122417e-05,0.8219938,0,combined
0,4.0006806e-05,0.8220668,0,combined
0,3.9843242e-05,0.8221729,0,combined
0,3.966649e-05,0.822286,0,combined
0,3.935294e-05,0.82258207,0,combined
0,3.90144e-05,0.822815,0,combined
0,3.9452367e-05,0.82280797,0,combined
0,3.933321e-05,0.82263565,0,combined
0,3.9636543e-05,0.8224487,0,combined
0,3.9773233e-05,0.8223608,0,combined
0,3.9736235e-05,0.82238483,0,combined
0,3.9657414e-05,0.82243466,0,combined
0,3.9514533e-05,0.8225222,0,combined
0,3.931378e-05,0.8226458,0,combined
0,3.9487335e-05,0.8227822,0,combined
0,3.934649e-05,0.82284594,0,combined
0,3.9131584e-05,0.8229427,0,combined
0,3.8961603e-05,0.8230054,0,combined
0,3.8839218e-05,0.8230432,0,combined
0,3.8781815e-05,0.82304776,0,combined
0,3.8786107e-05,0.82302123,0,combined
0,3.879062e-05,0.8230111,0,combined
0,3.878681e-05,0.82301575,0,combined
0,3.8886552e-05,0.8229278,0,combined
0,3.8784998e-05,0.823019,0,combined
0,3.878766e-05,0.82301474,0,combined
0,3.8795133e-05,0.8230052,0,combined
0,3.879247e-05,0.82300794,0,combined
0,3.877819e-05,0.8230277,0,combined
0,3.876152e-05,0.8230525,0,combined
0,3.8757342e-05,0.82306254,0,combined
0,3.875531e-05,0.8230665,0,combined
0,3.875516e-05,0.8230751,0,combined
0,3.8778082e-05,0.82307005,0,combined
0,3.8830254e-05,0.8229904,0,combined
0,3.878078e-05,0.8230713,0,combined
0,3.875889e-05,0.8230794,0,combined
0,3.8756232e-05,0.8230708,0,combined
0,3.875405e-05,0.82306695,0,combined
0,3.8755494e-05,0.8230639,0,combined
0,3.8754308e-05,0.8230628,0,combined
0,3.875124e-05,0.8230639,0,combined
0,3.8757487e-05,0.82305753,0,combined
0,3.875438e-05,0.8230606,0,combined
0,3.8744143e-05,0.8230762,0,combined
0,3.8799313e-05,0.8230316,0,combined
0,3.8762366e-05,0.82308096,0,combined
0,3.8797945e-05,0.82307076,0,combined
0,3.8809634e-05,0.8230641,0,combined
0,3.8799575e-05,0.82307434,0,combined
0,3.8809376e-05,0.8230766,0,combined
0,3.8823775e-05,0.8230708,0,combined
0,3.883822e-05,0.823063,0,combined
0,3.8852555e-05,0.8230572,0,combined
0,3.8859376e-05,0.82305616,0,combined
0,3.8874165e-05,0.82305515,0,combined
0,3.8810744e-05,0.8230509,0,combined
0,3.887765e-05,0.8230584,0,combined
0,3.88217e-05,0.8230739,0,combined
0,3.8758008e-05,0.8230791,0,combined
0,3.874758e-05,0.82306147,0,combined
0,3.8748836e-05,0.82305616,0,combined
0,3.8750095e-05,0.82305664,0,combined
0,3.8744143e-05,0.8230666,0,combined
0,3.873565e-05,0.8230813,0,combined
0,3.873587e-05,0.8230862,0,combined
0,3.8735205e-05,0.82308835,0,combined
0,3.889033e-05,0.823041,0,combined
0,3.8736387e-05,0.82308424,0,combined
0,3.8742557e-05,0.8230728,0,combined
0,3.8742743e-05,0.82306826,0,combined
0,3.8728744e-05,0.82308245,0,combined
0,3.8712496e-05,0.82310766,0,combined
0,3.872852e-05,0.8231108,0,combined
0,3.873321e-05,0.8231092,0,combined
0,3.8722024e-05,0.82310975,0,combined
0,3.8719732e-05,0.8231042,0,combined
0,3.8728154e-05,0.8230919,0,combined
0,3.8952614e-05,0.82302153,0,combined
0,3.8737937e-05,0.8230791,0,combined
0,3.8745256e-05,0.8230691,0,combined
0,3.8748025e-05,0.82306236,0,combined
0,3.8752205e-05,0.82305545,0,combined
0,3.8749946e-05,0.8230553,0,combined
0,3.8747952e-05,0.8230562,0,combined
0,3.875135e-05,0.8230488,0,combined
0,3.875298e-05,0.8230419,0,combined
0,3.8757007e-05,0.8230355,0,combined
0,3.876891e-05,0.8230218,0,combined
0,3.90755e-05,0.82297975,0,combined
0,3.878359e-05,0.823005,0,combined
0,3.8804083e-05,0.82298195,0,combined
0,3.881952e-05,0.82296383,0,combined
0,3.882381e-05,0.8229578,0,combined
0,3.8819482e-05,0.82296044,0,combined
0,3.881548e-05,0.8229642,0,combined
0,3.8813632e-05,0.8229662,0,combined
0,3.8808896e-05,0.82297194,0,combined
0,3.8806003e-05,0.82297724,0,combined
0,3.8812115e-05,0.8229737,0,combined
0,3.9276238e-05,0.82289404,0,combined
0,3.881937e-05,0.82296896,0,combined
0,3.8821923e-05,0.82296747,0,combined
0,3.8819628e-05,0.82296973,0,combined
0,3.8824513e-05,0.8229636,0,combined
0,3.883818e-05,0.8229483,0,combined
0,3.8863043e-05,0.82292616,0,combined
0,3.8890703e-05,0.8229059,0,combined
0,3.891652e-05,0.8228883,0,combined
0,3.894106e-05,0.8228766,0,combined
0,3.9052666e-05,0.8228079,0,combined
0,3.8724684e-05,0.82313603,0,combined
0,3.8719958e-05,0.82314014,0,combined
0,3.8753013e-05,0.82306665,0,combined
0,3.899558e-05,0.8227896,0,combined
0,3.901351e-05,0.822774,0,combined
0,3.904678e-05,0.8227352,0,combined
0,3.919059e-05,0.8226179,0,combined
0,3.932323e-05,0.822524,0,combined
0,3.934371e-05,0.82251155,0,combined
0,3.9331255e-05,0.822514,0,combined
0,3.8743e-05,0.8230792,0,combined
0,3.8734022e-05,0.8230915,0,combined
0,3.874093e-05,0.8230857,0,combined
0,3.8748396e-05,0.82307756,0,combined
0,3.8738675e-05,0.82308775,0,combined
0,3.873731e-05,0.82309335,0,combined
0,3.9078597e-05,0.82270575,0,combined
0,3.929841e-05,0.8224911,0,combined
0,3.9606395e-05,0.8223794,0,combined
0,3.8711354e-05,0.82314444,0,combined
0,4.074218e-05,0.8216719,0,combined
0,4.4948396e-05,0.81840813,0,combined
0,5.295304e-05,0.8109181,0,combined
0,5.720357e-05,0.80668086,0,combined
0,5.7132376e-05,0.8067486,0,combined
0,5.5215027e-05,0.8086608,0,combined
0,5.4436598e-05,0.8094413,0,combined
0,5.639512e-05,0.807491,0,combined
0,5.710062e-05,0.80677384,0,combined
0,5.252184e-05,0.8113246,0,combined
0,3.8718477e-05,0.82313424,0,combined
0,4.5484536e-05,0.81790906,0,combined
0,4.106822e-05,0.8214161,0,combined
0,3.9666567e-05,0.82234335,0,combined
0,3.914215e-05,0.8226976,0,combined
0,3.898602e-05,0.82279706,0,combined
0,3.8999002e-05,0.8227781,0,combined
0,3.897654e-05,0.8228031,0,combined
0,3.8968214e-05,0.8228131,0,combined
0,3.8977247e-05,0.8228038,0,combined
0,3.89457e-05,0.8228367,0,combined
0,3.878718e-05,0.8230692,0,combined
0,3.89071e-05,0.82287854,0,combined
0,3.8888666e-05,0.82290065,0,combined
0,3.891003e-05,0.82288194,0,combined
0,3.8922164e-05,0.82286966,0,combined
0,3.8947488e-05,0.8228387,0,combined
0,3.8979368e-05,0.8227991,0,combined
0,3.901001e-05,0.82276756,0,combined
0,3.8999486e-05,0.82277805,0,combined
0,3.8978993e-05,0.8228032,0,combined
0,3.894823e-05,0.8228406,0,combined
0,3.8914037e-05,0.82296896,0,combined
0,3.89045e-05,0.8228961,0,combined
0,3.8891925e-05,0.8229151,0,combined
0,3.889378e-05,0.82291615,0,combined
0,3.889096e-05,0.82292044,0,combined
0,3.8880582e-05,0.8229348,0,combined
0,3.8877577e-05,0.8229529,0,combined
0,3.8916598e-05,0.82294106,0,combined
0,3.891259e-05,0.82293445,0,combined
0,3.8876795e-05,0.8229502,0,combined
0,3.886749e-05,0.82294923,0,combined
0,3.8944254e-05,0.8229337,0,combined
0,3.8876242e-05,0.82293797,0,combined
0,3.891051e-05,0.82289296,0,combined
0,3.8976315e-05,0.82281864,0,combined
0,3.898338e-05,0.82281107,0,combined
0,3.89784e-05,0.8228191,0,combined
0,3.8989703e-05,0.8228109,0,combined
0,3.9007406e-05,0.8227904,0,combined
0,3.9030554e-05,0.8227642,0,combined
0,3.9026272e-05,0.82276446,0,combined
0,3.9051698e-05,0.82273537,0,combined
0,3.8855742e-05,0.8229867,0,combined
0,3.9055754e-05,0.8227263,0,combined
0,3.9022958e-05,0.82276005,0,combined
0,3.9002345e-05,0.82278466,0,combined
0,3.896788e-05,0.8228251,0,combined
0,3.8944032e-05,0.82285625,0,combined
0,3.8943104e-05,0.8228643,0,combined
0,3.8943326e-05,0.8228619,0,combined
0,3.895804e-05,0.8228483,0,combined
0,3.8949864e-05,0.8228577,0,combined
0,3.894132e-05,0.8228728,0,combined
0,3.878337e-05,0.82304025,0,combined
0,3.8946484e-05,0.82287353,0,combined
0,3.8946113e-05,0.8228784,0,combined
0,3.8948747e-05,0.82287633,0,combined
0,3.8965685e-05,0.8228529,0,combined
0,3.9003164e-05,0.82280403,0,combined
0,3.899662e-05,0.822804,0,combined
0,3.898256e-05,0.8228127,0,combined
0,3.8970335e-05,0.8228222,0,combined
0,3.897394e-05,0.82282233,0,combined
0,3.8984348e-05,0.82281226,0,combined
0,3.875771e-05,0.8230635,0,combined
0,3.8983602e-05,0.8228058,0,combined
0,3.8987655e-05,0.8228048,0,combined
0,3.898472e-05,0.82280815,0,combined
0,3.8987433e-05,0.82280725,0,combined
0,3.8995204e-05,0.82279974,0,combined
0,3.9002385e-05,0.8227929,0,combined
0,3.898152e-05,0.8228134,0,combined
0,3.89642e-05,0.8228362,0,combined
0,3.8952614e-05,0.8228463,0,combined
0,3.8978327e-05,0.8228148,0,combined
0,3.9366758e-05,0.8227299,0,combined
0,3.9466817e-05,0.8226845,0,combined
0,3.964607e-05,0.82260245,0,combined
0,3.9588384e-05,0.8223146,0,combined
0,3.973199e-05,0.82222253,0,combined
0,3.9818133e-05,0.8221671,0,combined
0,3.994284e-05,0.82208735,0,combined
0,4.014152e-05,0.82195854,0,combined
0,4.0195417e-05,0.82192224,0,combined
0,4.0007377e-05,0.82204777,0,combined
0,3.9546725e-05,0.8226505,0,combined
0,3.945726e-05,0.8226985,0,combined
0,3.9430928e-05,0.8227115,0,combined
0,3.943815e-05,0.82270944,0,combined
0,3.9432583e-05,0.8227108,0,combined
0,3.9408824e-05,0.82272446,0,combined
0,3.937652e-05,0.8227381,0,combined
0,3.9312767e-05,0.822766,0,combined
0,3.9247105e-05,0.8227988,0,combined
0,3.946584e-05,0.82268775,0,combined
0,3.9198105e-05,0.82281595,0,combined
0,3.9134124e-05,0.82284397,0,combined
0,3.9101633e-05,0.8228593,0,combined
0,3.909369e-05,0.8228586,0,combined
0,3.9044877e-05,0.8228732,0,combined
0,3.893679e-05,0.8229159,0,combined
0,3.8847185e-05,0.82294464,0,combined
0,3.8819737e-05,0.8229447,0,combined
0,3.8812148e-05,0.82294416,0,combined
0,3.8812446e-05,0.8229408,0,combined
0,3.9421753e-05,0.82271177,0,combined
0,3.8810707e-05,0.8229431,0,combined
0,3.8808896e-05,0.8229413,0,combined
0,3.8814447e-05,0.8229303,0,combined
0,3.881985e-05,0.8229214,0,combined
0,3.8834663e-05,0.82290417,0,combined
0,3.8841925e-05,0.8228982,0,combined
0,3.8829774e-05,0.82291245,0,combined
0,3.8808153e-05,0.8229401,0,combined
0,3.8799648e-05,0.82295537,0,combined
0,3.8794617e-05,0.82296073,0,combined
0,3.938696e-05,0.8227386,0,combined
0,3.8795504e-05,0.8229561,0,combined
0,3.8800685e-05,0.82294655,0,combined
0,3.8802234e-05,0.82294166,0,combined
0,3.879954e-05,0.8229442,0,combined
0,3.8804006e-05,0.8229401,0,combined
0,3.8799793e-05,0.82294494,0,combined
0,3.8788992e-05,0.8229594,0,combined
0,3.8789178e-05,0.8229628,0,combined
0,3.8786107e-05,0.8229671,0,combined
0,3.879647e-05,0.8229531,0,combined
0,3.946923e-05,0.8227057,0,combined
0,3.8819442e-05,0.82292783,0,combined
0,3.8882285e-05,0.8228908,0,combined
0,3.8967213e-05,0.82284325,0,combined
0,3.898011e-05,0.8228419,0,combined
0,3.8970593e-05,0.82284963,0,combined
0,3.8964055e-05,0.8228507,0,combined
0,3.8955437e-05,0.8228528,0,combined
0,3.894496e-05,0.8228599,0,combined
0,3.8921124e-05,0.82286906,0,combined
0,3.89009e-05,0.8228683,0,combined
0,3.9585626e-05,0.82264966,0,combined
0,3.8896116e-05,0.82286423,0,combined
0,3.8895414e-05,0.8228635,0,combined
0,3.8898565e-05,0.82285553,0,combined
0,3.8907358e-05,0.82283634,0,combined
0,3.8909548e-05,0.82282615,0,combined
0,3.8910923e-05,0.82282495,0,combined
0,3.891489e-05,0.82282084,0,combined
0,3.8925726e-05,0.82280654,0,combined
0,3.893742e-05,0.822791,0,combined
0,3.8958075e-05,0.8227656,0,combined
0,3.965265e-05,0.82261145,0,combined
0,3.8973343e-05,0.8227477,0,combined
0,3.8975202e-05,0.82274437,0,combined
0,3.8985687e-05,0.82273436,0,combined
0,3.8988957e-05,0.8227293,0,combined
0,3.899082e-05,0.8227294,0,combined
0,3.9004506e-05,0.8227144,0,combined
0,3.9148123e-05,0.822604,0,combined
0,3.954284e-05,0.82234484,0,combined
0,4.0162995e-05,0.8219448,0,combined
0,4.066327e-05,0.82161355,0,combined
0,3.9695064e-05,0.82258075,0,combined
0,4.0880543e-05,0.82146627,0,combined
0,4.102626e-05,0.82136714,0,combined
0,4.1739193e-05,0.8208772,0,combined
0,4.493292e-05,0.8183268,0,combined
0,5.164315e-05,0.8120936,0,combined
0,5.5380395e-05,0.8083864,0,combined
0,5.6891964e-05,0.8068683,0,combined
0,5.8459664e-05,0.80527973,0,combined
0,5.4130818e-05,0.8096123,0,combined
0,4.660928e-05,0.81681037,0,combined
0,3.969813e-05,0.82257795,0,combined
0,4.2831653e-05,0.8200658,0,combined
0,4.198383e-05,0.8206989,0,combined
0,4.1772644e-05,0.82084715,0,combined
0,4.1503823e-05,0.8210368,0,combined
0,4.0935356e-05,0.8214269,0,combined
0,4.0060215e-05,0.82200825,0,combined
0,3.9560608e-05,0.82233363,0,combined
0,3.947141e-05,0.8223888,0,combined
0,3.9513816e-05,0.82236224,0,combined
0,3.952678e-05,0.82235396,0,combined
0,4.264641e-05,0.8207063,0,combined
0,4.1338233e-05,0.82164615,0,combined
0,3.9318504e-05,0.8228353,0,combined
0,3.878141e-05,0.8229971,0,combined
0,3.877442e-05,0.82300544,0,combined
0,3.876632e-05,0.8230134,0,combined
0,3.8776896e-05,0.82301724,0,combined
0,3.882052e-05,0.823003,0,combined
0,3.8867267e-05,0.8229879,0,combined
0,3.8984497e-05,0.8228788,0,combined
0,3.922151e-05,0.82288605,0,combined
0,3.924808e-05,0.82288533,0,combined
0,3.9319708e-05,0.8228451,0,combined
0,3.938437e-05,0.8228105,0,combined
0,3.949634e-05,0.82275575,0,combined
0,3.9617502e-05,0.8226934,0,combined
0,3.9664148e-05,0.82266384,0,combined
0,3.961671e-05,0.8226892,0,combined
0,3.9568265e-05,0.82271755,0,combined
0,4.0481536e-05,0.8221959,0,combined
0,3.9570077e-05,0.8227225,0,combined
0,3.958174e-05,0.82271785,0,combined
0,3.955472e-05,0.8227325,0,combined
0,3.9540653e-05,0.8227365,0,combined
0,3.9516905e-05,0.8227457,0,combined
0,3.9497394e-05,0.8227585,0,combined
0,3.9541334e-05,0.8227385,0,combined
0,3.9605377e-05,0.8227039,0,combined
0,3.9630653e-05,0.8226892,0,combined
0,3.9629256e-05,0.82269,0,combined
0,3.986213e-05,0.82255286,0,combined
0,3.9618713e-05,0.82269305,0,combined
0,3.9578757e-05,0.8227128,0,combined
0,3.9499468e-05,0.8227503,0,combined
0,3.9392256e-05,0.82280284,0,combined
0,3.9299575e-05,0.82284755,0,combined
0,3.926294e-05,0.82286483,0,combined
0,3.9253282e-05,0.8228684,0,combined
0,3.9238163e-05,0.8228744,0,combined
0,3.9214407e-05,0.82288694,0,combined
0,3.9196082e-05,0.82289314,0,combined
0,3.9544386e-05,0.8227256,0,combined
0,3.918876e-05,0.82289445,0,combined
0,3.9169106e-05,0.82289886,0,combined
0,3.90944e-05,0.82294536,0,combined
0,3.9017305e-05,0.8229678,0,combined
0,3.8852962e-05,0.82302326,0,combined
0,3.8775088e-05,0.82302076,0,combined
0,3.880693e-05,0.82295597,0,combined
0,3.8834773e-05,0.82291806,0,combined
0,3.8842365e-05,0.82290983,0,combined
0,3.8850223e-05,0.8229043,0,combined
0,3.9453647e-05,0.8227833,0,combined
0,3.886445e-05,0.82289135,0,combined
0,3.8861563e-05,0.8228937,0,combined
0,3.8856633e-05,0.8228993,0,combined
0,3.8845556e-05,0.82291275,0,combined
0,3.8828588e-05,0.82292897,0,combined
0,3.880682e-05,0.8229517,0,combined
0,3.8757782e-05,0.82300985,0,combined
0,3.8747177e-05,0.8230726,0,combined
0,3.8898637e-05,0.82303864,0,combined
0,3.905259e-05,0.8229699,0,combined
0,3.9508206e-05,0.822758,0,combined
0,3.9084818e-05,0.8229567,0,combined
0,3.907524e-05,0.8229574,0,combined
0,3.9029397e-05,0.8229757,0,combined
0,3.8989332e-05,0.8229981,0,combined
0,3.898301e-05,0.82300174,0,combined
0,3.8968996e-05,0.822994,0,combined
0,3.8898488e-05,0.8230146,0,combined
0,3.8827773e-05,0.8230414,0,combined
0,3.8804304e-05,0.8230412,0,combined
0,3.8758302e-05,0.8230426,0,combined
0,3.957615e-05,0.822721,0,combined
0,3.8749873e-05,0.8230193,0,combined
0,3.8778562e-05,0.82297987,0,combined
0,3.88063e-05,0.8229478,0,combined
0,3.8829738e-05,0.8229171,0,combined
0,3.8821407e-05,0.82292217,0,combined
0,3.8818594e-05,0.8229276,0,combined
0,3.883607e-05,0.8229117,0,combined
0,3.8859707e-05,0.82289153,0,combined
0,3.8854225e-05,0.8228953,0,combined
0,3.8852446e-05,0.8228957,0,combined
0,3.9601826e-05,0.82270503,0,combined
0,3.892038e-05,0.82284343,0,combined
0,3.89538e-05,0.8228103,0,combined
0,3.8993272e-05,0.82277584,0,combined
0,3.898156e-05,0.8227837,0,combined
0,3.8928214e-05,0.8228188,0,combined
0,3.8930033e-05,0.8228141,0,combined
0,3.9088063e-05,0.82270646,0,combined
0,3.9403527e-05,0.8225068,0,combined
0,3.962355e-05,0.8223684,0,combined
0,3.9631635e-05,0.8223606,0,combined
0,3.9509483e-05,0.8227423,0,combined
0,3.9541974e-05,0.822419,0,combined
0,3.9468174e-05,0.82246447,0,combined
0,3.937524e-05,0.82252175,0,combined
0,3.9259572e-05,0.8225967,0,combined
0,3.908538e-05,0.82271075,0,combined
0,3.8933e-05,0.82282025,0,combined
0,3.888047e-05,0.82286483,0,combined
0,3.88682e-05,0.82288045,0,combined
0,3.882659e-05,0.8229271,0,combined
0,3.8791954e-05,0.82297623,0,combined
0,4.4167282e-05,0.81937355,0,combined
0,4.3121447e-05,0.8203356,0,combined
0,3.8661736e-05,0.8231566,0,combined
0,3.943288e-05,0.8226975,0,combined
0,3.958185e-05,0.82262427,0,combined
0,4.0060786e-05,0.8223355,0,combined
0,4.08577e-05,0.8218237,0,combined
0,4.150711e-05,0.8213911,0,combined
0,4.1982225e-05,0.8210687,0,combined
0,4.248615e-05,0.8207202,0,combined
0,3.8776714e-05,0.8230364,0,combined
0,3.903934e-05,0.8228637,0,combined
0,3.937911e-05,0.822658,0,combined
0,3.969306e-05,0.82246673,0,combined
0,3.996021e-05,0.82229936,0,combined
0,3.9916486e-05,0.8223258,0,combined
0,3.970347e-05,0.82245964,0,combined
0,3.954993e-05,0.8225552,0,combined
0,3.9493476e-05,0.8225928,0,combined
0,4.2004252e-05,0.8212337,0,combined
0,3.9418068e-05,0.8226287,0,combined
0,3.9249462e-05,0.8227164,0,combined
0,3.917292e-05,0.8227544,0,combined
0,3.9170714e-05,0.8227566,0,combined
0,3.912006e-05,0.82278544,0,combined
0,3.9028913e-05,0.8228408,0,combined
0,3.8930553e-05,0.8229093,0,combined
0,3.8907172e-05,0.8229259,0,combined
0,3.894251e-05,0.82290095,0,combined
0,3.896859e-05,0.8228817,0,combined
0,4.109885e-05,0.8218776,0,combined
0,3.8909177e-05,0.8229212,0,combined
0,3.882459e-05,0.822972,0,combined
0,3.8770057e-05,0.8230186,0,combined
0,3.880024e-05,0.82300824,0,combined
0,3.8863676e-05,0.8229583,0,combined
0,3.8887367e-05,0.8229546,0,combined
0,3.8936938e-05,0.8229444,0,combined
0,3.910581e-05,0.8228483,0,combined
0,3.954763e-05,0.8225845,0,combined
0,3.9880793e-05,0.82237595,0,combined
0,4.0268118e-05,0.82239914,0,combined
0,3.9736537e-05,0.82246625,0,combined
0,3.9508504e-05,0.8226138,0,combined
0,3.9512986e-05,0.8226167,0,combined
0,3.9847193e-05,0.8224123,0,combined
0,4.023921e-05,0.82216567,0,combined
0,4.0240207e-05,0.82216,0,combined
0,4.0066254e-05,0.8222658,0,combined
0,3.9884293e-05,0.8223756,0,combined
0,3.9552422e-05,0.822583,0,combined
0,3.927238e-05,0.82275885,0,combined
0,3.9644216e-05,0.8227544,0,combined
0,3.90742e-05,0.82288086,0,combined
0,3.9042458e-05,0.8229009,0,combined
0,3.9157643e-05,0.8228309,0,combined
0,3.9236176e-05,0.82278496,0,combined
0,3.9264814e-05,0.8227685,0,combined
0,3.929635e-05,0.8227494,0,combined
0,3.9313407e-05,0.822737,0,combined
0,3.9253544e-05,0.82277906,0,combined
0,3.9199746e-05,0.82281,0,combined
0,3.9209022e-05,0.8228012,0,combined
0,3.927354e-05,0.8229453,0,combined
0,3.9242914e-05,0.82278126,0,combined
0,3.929504e-05,0.82274985,0,combined
0,3.929489e-05,0.8227481,0,combined
0,3.9226226e-05,0.8227984,0,combined
0,3.922106e-05,0.8228034,0,combined
0,3.949487e-05,0.8226425,0,combined
0,4.012131e-05,0.8222554,0,combined
0,4.140061e-05,0.8214252,0,combined
0,4.444386e-05,0.81908345,0,combined
0,4.9040773e-05,0.8149586,0,combined
0,3.9031816e-05,0.8230617,0,combined
0,5.2088984e-05,0.8120265,0,combined
0,5.3312586e-05,0.8108267,0,combined
0,5.5549976e-05,0.8086064,0,combined
0,5.8529164e-05,0.8056082,0,combined
0,6.017571e-05,0.8039412,0,combined
0,6.124364e-05,0.8028603,0,combined
0,6.227671e-05,0.8018127,0,combined
0,6.2353254e-05,0.801745,0,combined
0,6.205386e-05,0.80204815,0,combined
0,6.109083e-05,0.80302787,0,combined
0,3.884648e-05,0.8231472,0,combined
0,5.844066e-05,0.80570114,0,combined
0,5.388895e-05,0.8102568,0,combined
0,4.9932285e-05,0.8141178,0,combined
0,4.8343798e-05,0.81561697,0,combined
0,4.613729e-05,0.8176151,0,combined
0,4.37418e-05,0.8196667,0,combined
0,4.269475e-05,0.8205161,0,combined
0,4.1966454e-05,0.82103556,0,combined
0,4.131991e-05,0.8214819,0,combined
0,4.0681385e-05,0.8219085,0,combined
0,3.8702456e-05,0.8231922,0,combined
0,3.996227e-05,0.8223666,0,combined
0,3.9373066e-05,0.82273155,0,combined
0,3.9077215e-05,0.8229077,0,combined
0,3.902467e-05,0.82293946,0,combined
0,3.9085673e-05,0.8229027,0,combined
0,3.9101484e-05,0.8228922,0,combined
0,3.920233e-05,0.82283205,0,combined
0,3.9273054e-05,0.8227896,0,combined
0,3.9240444e-05,0.8228097,0,combined
0,3.9331633e-05,0.8227551,0,combined
0,3.8961974e-05,0.8228478,0,combined
0,3.894734e-05,0.82285166,0,combined
0,4.021359e-05,0.82204336,0,combined
0,3.927915e-05,0.8226244,0,combined
0,3.9540504e-05,0.8224588,0,combined
0,3.979535e-05,0.8223016,0,combined
0,3.9941657e-05,0.82220846,0,combined
0,4.001115e-05,0.82215935,0,combined
0,4.0124025e-05,0.82208645,0,combined
0,4.024946e-05,0.82201296,0,combined
0,4.0854196e-05,0.8216272,0,combined
0,4.1885367e-05,0.8209216,0,combined
0,4.2607066e-05,0.82040024,0,combined
0,4.2819236e-05,0.8202253,0,combined
0,4.276288e-05,0.82027036,0,combined
0,4.2476506e-05,0.8204889,0,combined
0,4.179252e-05,0.8209724,0,combined
0,4.0807743e-05,0.82164454,0,combined
0,4.0089606e-05,0.8221141,0,combined
0,3.8923758e-05,0.8228667,0,combined
0,3.9668346e-05,0.82238096,0,combined
0,3.943935e-05,0.8225225,0,combined
0,3.9296163e-05,0.82260764,0,combined
0,3.913334e-05,0.8227149,0,combined
0,3.897747e-05,0.8228184,0,combined
0,3.8911367e-05,0.8228634,0,combined
0,3.8884213e-05,0.82288814,0,combined
0,3.886371e-05,0.82290983,0,combined
0,3.884681e-05,0.82293046,0,combined
0,3.882748e-05,0.8229526,0,combined
0,3.889297e-05,0.8228895,0,combined
0,3.880645e-05,0.82297885,0,combined
0,3.8789178e-05,0.82300687,0,combined
0,3.877065e-05,0.82303315,0,combined
0,3.8756305e-05,0.8230517,0,combined
0,3.8750575e-05,0.8230583,0,combined
0,3.8768245e-05,0.8230366,0,combined
0,3.8784037e-05,0.82301366,0,combined
0,3.880438e-05,0.8229893,0,combined
0,3.8810707e-05,0.8229785,0,combined
0,3.882215e-05,0.8229653,0,combined
0,3.8934933e-05,0.8228542,0,combined
0,3.8832477e-05,0.8229546,0,combined
0,3.8852148e-05,0.8229348,0,combined
0,3.8884176e-05,0.82289773,0,combined
0,3.897275e-05,0.82281977,0,combined
0,3.9155515e-05,0.8226937,0,combined
0,3.9394174e-05,0.8225366,0,combined
0,3.9586834e-05,0.82241184,0,combined
0,3.9829447e-05,0.82226306,0,combined
0,4.0263545e-05,0.82198334,0,combined
0,4.080584e-05,0.8216202,0,combined
0,3.9040893e-05,0.82277924,0,combined
0,4.1289266e-05,0.8212967,0,combined
0,4.1948806e-05,0.82083786,0,combined
0,4.3154523e-05,0.8199293,0,combined
0,4.5126326e-05,0.8182741,0,combined
0,4.5789446e-05,0.8176846,0,combined
0,4.326516e-05,0.8198304,0,combined
0,4.0969484e-05,0.8215165,0,combined
0,4.0193805e-05,0.8220322,0,combined
0,3.9914583e-05,0.82221186,0,combined
0,3.959393e-05,0.8224156,0,combined
0,3.9311082e-05,0.82260555,0,combined
0,3.9336584e-05,0.82257885,0,combined
0,3.91999e-05,0.82266694,0,combined
0,3.915111e-05,0.82269776,0,combined
0,3.914674e-05,0.822701,0,combined
0,3.911965e-05,0.8227194,0,combined
0,3.9093095e-05,0.8227316,0,combined
0,3.910637e-05,0.82272315,0,combined
0,3.91641e-05,0.8226854,0,combined
0,3.9274666e-05,0.82261014,0,combined
0,3.9545444e-05,0.8224364,0,combined
0,3.970881e-05,0.8223589,0,combined
0,3.981141e-05,0.8222672,0,combined
0,3.9688137e-05,0.8223462,0,combined
0,3.9374903e-05,0.8225451,0,combined
0,3.91448e-05,0.8226968,0,combined
0,3.8993498e-05,0.8228041,0,combined
0,3.893534e-05,0.8228473,0,combined
0,3.8966322e-05,0.8228258,0,combined
0,3.8992526e-05,0.82280904,0,combined
0,3.9012542e-05,0.8227938,0,combined
0,3.907673e-05,0.82274866,0,combined
0,3.9930117e-05,0.82221746,0,combined
0,3.9056726e-05,0.82276344,0,combined
0,3.8950533e-05,0.82283944,0,combined
0,3.8907245e-05,0.82287425,0,combined
0,3.8958744e-05,0.8228319,0,combined
0,3.9073042e-05,0.8227491,0,combined
0,3.9182036e-05,0.82267994,0,combined
0,3.920689e-05,0.8226643,0,combined
0,3.9125916e-05,0.82272,0,combined
0,3.899424e-05,0.8228096,0,combined
0,3.891363e-05,0.82286966,0,combined
0,3.9987735e-05,0.8221822,0,combined
0,3.8876387e-05,0.8229071,0,combined
0,3.885311e-05,0.8229328,0,combined
0,3.8852148e-05,0.82293373,0,combined
0,3.885452e-05,0.8229321,0,combined
0,3.8850296e-05,0.82293767,0,combined
0,3.8849812e-05,0.8229367,0,combined
0,3.8858263e-05,0.82292855,0,combined
0,3.887005e-05,0.8229182,0,combined
0,3.8927952e-05,0.8228651,0,combined
0,3.9082322e-05,0.822752,0,combined
