ECG,EDA,RR
33848,52868,33756
33901,52860,33917
33896,52852,33837
33997,52861,33829
34016,52858,33760
33988,52871,33729
34060,52911,33705
34056,52893,33524
34064,52897,33572
34012,52889,33597
34032,52856,33574
33960,52836,33400
33976,52837,33412
34036,52792,33540
34088,52839,33413
34160,52886,33403
34232,52913,33250
34300,52905,33146
34278,52903,33225
34198,52865,33273
34222,52774,33212
34180,52805,33172
34161,52780,33007
34216,52839,32958
34248,52781,33080
34261,52881,33060
34252,52871,32816
34192,52895,32956
34136,52871,32937
34088,52871,32892
34012,52788,32728
33948,52815,32639
33952,52823,32847
34013,52839,32723
34080,52839,32670
34124,52871,32593
34236,52888,32741
34248,52861,32623
34206,52884,32548
34200,52871,32551
34193,52853,32508
34145,52820,32347
34164,52831,32508
34192,52837,32439
34172,52833,32335
34128,52871,32210
34081,52894,32429
34036,52892,32366
33984,52885,32207
33964,52871,32417
33944,52821,32327
33942,52740,32169
33852,52799,32292
33856,52743,32276
33848,52823,32261
33864,52869,32092
33881,52887,32261
33932,52871,32217
33904,52871,32140
33834,52871,32297
33781,52822,32165
33704,52813,32103
33724,52801,32015
33732,52815,32244
33728,52818,32100
33788,52852,32087
33828,52871,32002
33852,52871,31942
33848,52871,32134
33840,52855,32002
33848,52820,31981
33848,52791,31841
33864,52791,32048
33908,52791,31919
33904,52799,31820
33948,52844,31980
34073,52868,31844
33976,52863,31845
33806,52844,31748
33736,52767,31633
33637,52791,31885
33476,52692,31784
33376,52768,31767
33388,52780,31648
33381,52772,31845
33448,52821,31709
33481,52844,31701
33461,52829,31670
33404,52773,31487
33336,52820,31778
33228,52788,31642
33156,52759,31654
33144,52743,31577
33180,52741,31454
33216,52775,31708
33296,52813,31580
33388,52820,31584
33404,52820,31447
33372,52831,31495
33412,52805,31604
33440,52734,31540
33380,52733,31495
33368,52660,31335
33452,52743,31325
33480,52743,31604
33484,52796,31479
33457,52809,31281
33429,52809,31487
33452,52788,31447
33448,52791,31383
33300,52679,31298
33212,52701,31524
33188,52733,31399
33204,52737,31404
33264,52740,31194
33394,52743,31476
33500,52780,31399
33432,52788,31376
33416,52767,31342
33444,52772,31337
33468,52735,31350
33432,52645,31319
33412,52686,31178
33372,52704,31138
33388,52700,31421
33432,52700,31305
33416,52761,31286
33416,52710,31121
33410,52743,31177
33372,52732,31396
33388,52710,31289
33404,52684,31274
33328,52693,31211
33344,52687,31156
33372,52685,31183
33417,52733,31057
33373,52743,31372
33316,52743,31239
33232,52735,31244
33180,52688,31239
33136,52679,31111
33140,52581,31132
33184,52629,31336
33260,52665,31248
33304,52669,31246
33356,52709,31180
33292,52733,31040
33186,52721,31332
32900,52684,31221
32348,52697,31229
31584,52660,31196
30436,52645,31040
29420,52628,31022
28624,52644,31340
27888,52585,31226
27196,52698,31202
26540,52697,31180
26352,52682,31013
26460,52684,31311
27076,52660,31176
28272,52637,31104
30656,52549,31004
34092,52596,31183
38176,52628,31271
42340,52645,31165
46176,52656,31120
49112,52695,30968
50872,52676,31226
51616,52669,31158
50856,52676,31140
48784,52631,31082
46560,52596,31076
44996,52592,31001
43444,52604,30965
42240,52615,31204
41508,52637,31103
40896,52625,31005
40104,52655,31100
39024,52640,31103
38020,52639,31078
37098,52593,31038
36200,52517,30942
35164,52583,31147
34272,52587,31046
33436,52580,30983
32708,52622,30996
32092,52591,31079
31618,52636,31070
31236,52639,31074
30993,52629,30990
30792,52584,31167
30617,52537,31108
30548,52567,31094
30544,52583,31124
30640,52571,31173
30728,52532,31142
30822,52615,31157
30840,52639,31179
30816,52615,31007
30789,52596,31269
30724,52525,31217
30628,52548,31108
30540,52544,31239
30542,52554,31268
30574,52551,31278
30672,52541,31324
30668,52615,31201
30689,52607,31367
30746,52581,31361
30756,52591,31367
30752,52557,31396
30768,52521,31397
30804,52508,31413
30880,52534,31401
30900,52556,31365
30940,52525,31289
31044,52612,31256
31108,52605,31324
31096,52519,31431
31064,52599,31511
31044,52543,31504
31040,52525,31428
31036,52460,31387
31052,52545,31381
31096,52540,31367
31182,52588,31340
31223,52556,31318
31177,52599,31308
31116,52583,31277
31040,52503,31271
30948,52553,31250
30913,52527,31239
30969,52509,31313
31036,52543,31319
31064,52485,31223
31088,52599,31180
31136,52607,31160
31101,52613,31139
31040,52573,31119
31009,52565,31119
31020,52556,30982
31040,52513,30924
30972,52548,31190
30949,52487,31077
30964,52563,31060
30980,52607,31071
30980,52621,30983
30932,52624,30896
30872,52615,31112
30802,52615,31100
30656,52583,31084
30528,52547,31040
30486,52532,30943
30372,52573,30919
30305,52595,31128
30324,52615,31165
30396,52655,31134
30471,52639,31162
30472,52655,31180
30384,52642,31111
30316,52604,31015
30216,52597,31340
30117,52597,31239
30084,52513,31256
30112,52629,31279
30084,52671,31276
30025,52687,31227
29924,52696,31177
29878,52670,31174
29872,52637,31485
29796,52640,31419
29752,52564,31412
29743,52637,31440
29694,52580,31285
29677,52660,31332
29652,52633,31604
29661,52739,31495
29664,52660,31529
29548,52741,31465
29484,52740,31366
29420,52716,31601
29408,52693,31569
29444,52624,31579
29536,52708,31461
29672,52732,31517
29849,52777,31596
29982,52807,31528
30072,52815,31676
30084,52805,31624
30132,52807,31480
30216,52695,31727
30317,52765,31645
30428,52775,31540
30592,52807,31648
30784,52813,31643
31004,52863,31545
31236,52887,31589
31472,52893,31709
31672,52887,31655
31822,52895,31615
31920,52852,31462
32044,52850,31721
32184,52816,31665
32314,52853,31483
32504,52855,31662
32716,52935,31638
32936,52929,31476
33164,52967,31663
33327,52968,31622
33416,52972,31606
33444,52871,31514
33493,52924,31697
33508,52957,31588
33548,52975,31408
33580,52973,31585
33636,53026,31540
33737,53079,31340
33824,53095,31607
33876,53081,31501
33908,53103,31365
33792,53063,31332
33752,53060,31444
33736,53069,31444
33680,53095,31277
33684,53113,31423
33728,53157,31372
33780,53196,31351
33800,53214,31179
33769,53201,31232
33752,53165,31334
33728,53203,31385
33680,53191,31285
33644,53119,31252
33640,53224,31184
33665,53252,31175
33676,53224,31162
33704,53334,31141
33696,53349,30972
33657,53356,30887
33661,53359,30972
33687,53332,30865
33668,53324,31026
33688,53359,31086
33568,53375,31025
33580,53404,31015
33604,53457,30983
33748,53469,30953
33852,53511,30817
33888,53511,30797
33876,53529,30999
33868,53492,30914
33848,53495,30916
33894,53487,30916
33972,53540,30906
34012,53581,30881
34004,53620,30749
33984,53657,30917
33944,53684,30864
33920,53692,30860
33984,53703,30680
33996,53671,30622
33980,53669,30896
33956,53700,30824
33944,53724,30772
33912,53766,30787
33948,53801,30765
34020,53845,30756
34040,53785,30763
34060,53884,30702
34049,53895,30537
33952,53872,30804
33848,53876,30695
33828,53892,30701
33840,53925,30708
33896,53956,30532
33908,54004,30565
33942,54023,30765
33920,54071,30644
33812,54077,30669
33736,54109,30511
33712,54079,30726
33700,54087,30639
33644,54093,30629
33604,54063,30444
33640,54175,30688
33688,54215,30606
33680,54265,30604
33710,54278,30580
33716,54276,30451
33716,54304,30631
33664,54279,30582
33668,54279,30575
33620,54279,30397
33573,54342,30620
33509,54383,30575
33552,54431,30493
33624,54487,30564
33652,54493,30532
33625,54485,30465
33614,54519,30316
33524,54508,30605
33420,54503,30544
33444,54519,30533
33440,54575,30429
33456,54612,30476
33528,54663,30495
33534,54676,30537
33561,54716,30389
33480,54741,30290
33456,54759,30574
33444,54743,30489
33532,54740,30490
33548,54756,30335
33532,54791,30552
33444,54825,30503
33413,54870,30440
33472,54919,30444
33464,54879,30484
33444,54972,30485
33440,54919,30373
33476,54949,30553
33472,54972,30470
33454,55000,30319
33476,55025,30447
33536,55076,30430
33460,55124,30427
33413,55166,30439
33300,55125,30415
33096,55207,30381
33016,55175,30324
33004,55196,30404
32920,55215,30343
32912,55236,30509
32944,55277,30421
32897,55292,30308
32960,55303,30367
33025,55388,30383
33012,55429,30378
32997,55445,30388
32988,55469,30396
32932,55450,30373
32916,55455,30137
32952,55469,30455
33005,55511,30413
33080,55524,30421
33232,55605,30276
33369,55636,30302
33413,55628,30434
33364,55631,30410
33316,55687,30428
33248,55650,30424
33108,55687,30368
33060,55716,30176
33085,55743,30479
33136,55773,30409
33212,55815,30440
33204,55885,30361
33140,55884,30226
33204,55828,30501
33196,55917,30447
33216,55844,30298
33224,55902,30517
33224,55935,30433
33177,55975,30461
33216,56004,30406
33224,56047,30403
33270,56071,30501
33344,56133,30469
33352,56103,30488
33390,56154,30453
33396,56143,30287
33312,56068,30500
33232,56167,30482
33192,56199,30524
33200,56190,30517
33264,56280,30404
33256,56324,30592
33176,56367,30540
33174,56359,30445
33249,56383,30367
33188,56350,30493
33120,56351,30647
33152,56391,30556
33156,56436,30580
33148,56455,30568
33156,56505,30573
33217,56558,30455
33217,56561,30487
33224,56583,30711
33201,56597,30623
33164,56583,30660
33136,56579,30660
33104,56557,30679
32960,56629,30524
32660,56582,30412
32080,56719,30761
31241,56770,30692
30208,56797,30708
29204,56799,30701
28356,56774,30625
27550,56793,30477
26900,56724,30804
26400,56807,30716
26268,56839,30722
26528,56879,30652
27292,56943,30588
28750,56972,30614
31556,56956,30793
35368,56961,30726
39392,57048,30676
43204,57028,30493
46592,57028,30684
49248,57060,30799
50884,57049,30712
51472,57132,30717
50296,57182,30406
48224,57223,30749
46408,57240,30703
45072,57252,30665
43596,57250,30647
42532,57223,30439
41784,57255,30690
41100,57254,30746
40020,57281,30761
38836,57320,30688
37752,57351,30672
36683,57328,30695
35640,57431,30693
34596,57436,30500
33663,57447,30780
32740,57432,30688
31938,57433,30746
31386,57445,30756
31044,57471,30655
30848,57511,30569
30748,57569,30792
30744,57600,30873
30676,57607,30808
30504,57636,30855
30448,57641,30846
30432,57551,30823
30404,57636,30705
30460,57636,30615
30528,57660,30991
30540,57703,30956
30501,57751,30981
30580,57726,30991
30620,57800,30792
30556,57821,30940
30512,57735,31097
30512,57813,31082
30524,57809,31095
30556,57735,30970
30608,57854,30865
30656,57863,31118
30762,57937,31161
30844,57889,31268
30916,57991,31208
30889,57988,31220
30960,57927,31173
30933,57956,31119
30920,57901,31309
30953,58012,31300
30950,58029,31276
30956,57973,31231
31056,58119,31054
31120,58151,31365
31066,58159,31277
30996,58181,31279
30936,58183,31316
30857,58079,31244
30796,58151,31151
30736,58172,31299
30712,58223,31269
30796,58239,31206
30870,58279,31036
30924,58309,31249
30887,58320,31295
30880,58311,31196
30832,58369,31204
30756,58335,31193
30724,58341,30878
30717,58277,31149
30716,58375,31164
30753,58407,31097
30729,58460,31103
30764,58495,31125
30764,58452,31119
30681,58495,30917
30572,58516,31103
30548,58503,31076
30476,58492,31086
30342,58439,31094
30320,58548,30932
30352,58567,30984
30396,58528,31089
30374,58661,31184
30288,58661,31116
30280,58644,31116
30244,58669,30864
30168,58631,31176
30114,58585,31135
30116,58631,30981
30037,58689,31150
29984,58663,31151
30008,58759,31181
30060,58807,31030
30072,58813,31262
30052,58821,31192
30008,58823,31239
29962,58796,30964
29888,58751,31220
29872,58823,31354
29869,58823,31297
29870,58775,31301
29912,58887,31316
29900,58876,31166
29888,58967,31177
29858,58937,31404
29708,58861,31357
29620,58910,31384
29560,58887,31319
29576,58951,31287
29652,58965,31419
29644,58999,31425
29660,59038,31369
29748,59090,31524
29799,59077,31431
29788,59087,31488
29760,59103,31477
29692,59031,31473
29684,59055,31444
29706,59079,31380
29764,59081,31489
29772,59117,31516
29960,59172,31517
30096,59190,31525
30180,59172,31421
30269,59208,31220
30328,59214,31616
30440,59180,31559
30604,59177,31565
30858,59111,31430
31140,59214,31608
31314,59239,31548
31484,59271,31465
31692,59271,31444
31892,59328,31489
32092,59335,31608
32310,59252,31547
32353,59300,31556
32360,59280,31417
32412,59237,31509
32544,59329,31634
32732,59337,31564
32972,59316,31549
33094,59399,31546
33208,59391,31361
33284,59431,31518
33388,59428,31613
33344,59396,31544
33352,59321,31488
33352,59399,31517
33417,59431,31511
33463,59441,31455
33548,59489,31180
33628,59453,31546
33636,59527,31453
33612,59527,31444
33508,59511,31425
33424,59493,31372
33461,59488,31202
33504,59479,31308
33580,59503,31460
33608,59545,31340
33720,59510,31359
33740,59628,31325
33748,59628,31319
33716,59617,31092
33744,59613,30968
33660,59602,30948
33508,59573,31322
33552,59543,31237
33645,59633,31231
33720,59633,31223
33780,59677,31142
33808,59717,31030
33804,59712,30868
33748,59727,31052
33628,59699,31204
33528,59687,31124
33550,59604,31076
33597,59705,30825
33624,59704,31162
33636,59711,31113
33624,59764,30954
33716,59813,30788
33744,59766,31046
33764,59813,31092
33800,59806,31077
33881,59727,31073
33772,59724,31023
33798,59759,31012
33888,59808,31004
34004,59820,30878
33956,59877,31034
33892,59870,31150
33810,59863,31093
33792,59895,31137
33812,59883,31119
33792,59863,31070
33788,59857,30941
33856,59852,31095
33796,59892,31156
33840,59903,31137
33844,59872,31141
33884,59991,30999
33960,59983,30815
33996,59977,31159
33980,59929,31188
33704,59957,31117
33602,59938,31169
33696,59872,31148
33712,59975,31085
33584,59993,30991
33776,60039,31049
33712,59985,31203
33660,60079,31139
33576,60063,31202
33580,60048,31188
33632,59968,31132
33628,60023,31079
33609,60039,31085
33688,60053,31093
33685,59970,31244
33760,60116,31287
33788,60128,31214
33836,60143,31237
33756,60068,31250
33704,60148,31268
33656,60084,31183
33557,60102,31069
33533,60108,30961
33560,60071,30977
33540,60092,31359
33612,60167,31290
33684,60211,31332
33648,60205,31328
33628,60204,31332
33556,60206,31300
33520,60167,31148
33505,60079,31373
33468,60166,31375
33532,60167,31404
33572,60197,31396
33604,60255,31405
33689,60279,31184
33741,60221,31423
33660,60260,31449
33540,60263,31447
33468,60166,31389
33417,60230,31209
33368,60225,31367
33309,60247,31553
33460,60256,31489
33416,60279,31497
33500,60327,31473
33452,60327,31486
33404,60324,31396
33320,60326,31244
33245,60281,31392
33284,60287,31200
33296,60284,31171
33314,60229,31391
33364,60332,31444
33361,60357,31518
33344,60396,31477
33352,60315,31484
33304,60396,31476
33272,60359,31460
33192,60348,31276
33068,60332,31389
32992,60335,31529
32972,60365,31473
32976,60396,31442
32972,60420,31453
32984,60436,31409
32928,60447,31332
32913,60356,31303
32856,60445,31252
32781,60399,31141
32656,60399,31124
32649,60405,31478
32650,60423,31437
32692,60423,31475
32748,60479,31454
32688,60511,31477
32635,60415,31490
32612,60516,31463
32572,60496,31402
32544,60385,31220
32516,60440,31500
32612,60376,31488
32728,60423,31396
32896,60493,31194
33041,60543,31616
33045,60543,31533
33088,60564,31559
33116,60561,31573
33148,60550,31429
33080,60423,31516
33036,60527,31672
33004,60509,31617
32904,60543,31658
32818,60503,31662
32836,60596,31593
32888,60612,31384
32848,60567,31764
32792,60601,31698
32880,60592,31716
32900,60503,31725
32916,60565,31677
32964,60551,31668
33080,60581,31719
33096,60572,31813
33132,60644,31888
33189,60647,31871
33188,60648,31871
33144,60636,31844
33144,60644,31782
33102,60613,31674
33052,60612,31846
32976,60615,31977
32904,60618,31956
32940,60644,31977
32924,60679,31884
32828,60717,31813
32824,60711,31997
32816,60707,32044
32816,60615,32084
32772,60616,32084
32732,60647,32109
32692,60565,32052
32704,60679,32005
32821,60678,31909
32801,60724,32260
32836,60732,32236
32782,60655,32230
32776,60732,31980
32774,60726,32184
32744,60593,32257
32602,60679,32385
32528,60679,32342
32512,60717,32276
32456,60717,32048
32314,60740,32316
31860,60757,32287
31108,60772,32444
30112,60772,32477
29052,60767,32381
28268,60724,32429
27493,60608,32436
26920,60715,32431
26424,60730,32398
26364,60756,32276
26534,60768,32205
27104,60801,32125
28116,60807,32351
30336,60805,32476
33480,60741,32468
37372,60780,32479
41024,60760,32429
44404,60792,32420
47368,60820,32428
49304,60828,32336
50380,60852,32362
50144,60917,32359
48404,60893,32340
46496,60870,32352
45204,60804,32391
44021,60839,32396
42826,60761,32393
42048,60807,32381
41324,60820,32375
40340,60848,32306
39120,60900,32304
37991,60900,32284
36893,60908,32172
35852,60807,32229
34768,60885,31997
33796,60855,32332
32864,60831,32386
32108,60853,32304
31620,60861,32311
31280,60868,32253
31040,60837,32212
30784,60932,32239
30548,60935,32316
30368,60935,32388
30380,60924,32343
30236,60902,32324
30092,60871,32319
30076,60895,32309
30072,60912,32135
30084,60916,32079
30128,60959,32380
30216,60983,32369
30254,60959,32287
30332,60982,32325
30332,60973,32241
30288,60871,32069
30240,60932,32199
30276,60916,32333
30316,60957,32254
30340,60967,32276
30328,60996,32278
30326,61037,32236
30376,61044,32143
30416,61020,32004
30444,61015,32188
30484,60988,32175
30512,60972,32172
30580,60956,31948
30664,60976,32093
30640,61015,32211
30645,61021,32119
30572,61095,32094
30544,61087,32070
30520,60989,31940
30508,61063,31956
30500,61023,32087
30412,60935,31966
30296,61047,31967
30272,61055,31926
30404,61076,31573
30604,61109,31933
30728,61115,31852
30745,61120,31815
30761,61129,31616
30717,61132,31485
30676,61045,31635
30614,61076,31788
30566,61077,31671
30600,61047,31671
30708,61117,31620
30752,61063,31600
30756,61191,31495
30720,61183,31439
30692,61189,31399
30668,61141,31332
30602,61156,31284
30556,61132,31361
30528,61159,31300
30560,61167,31309
30600,61113,31270
30632,61247,31323
30628,61255,31367
30512,61255,31247
30420,61172,31210
30388,61259,31168
30340,61180,31105
30416,61209,31351
30385,61236,31377
30368,61185,31381
30384,61266,31460
30420,61298,31456
30384,61319,31505
30286,61233,31544
30184,61337,31471
30121,61314,31524
30032,61291,31494
29920,61286,31293
29828,61277,31181
29732,61306,31615
29732,61292,31557
29808,61372,31596
29724,61407,31582
29656,61404,31605
29599,61367,31447
29537,61388,31516
29540,61369,31670
29537,61356,31669
29540,61336,31692
29512,61396,31764
29400,61398,31724
29270,61447,31751
29108,61481,31808
29056,61394,31807
29076,61479,31839
29124,61477,31780
29096,61436,31692
29100,61446,31818
29232,61420,31973
29322,61447,31921
29352,61479,31941
29476,61447,31940
29566,61567,31994
29577,61549,32015
29672,61549,32004
29832,61567,31871
30008,61501,31834
30224,61516,31751
30450,61535,31900
30645,61447,31960
30848,61567,32060
31068,61620,32076
31292,61644,32109
31534,61573,32128
31700,61599,32093
31868,61636,31861
31949,61575,32108
32056,61607,32172
32257,61618,32135
32478,61632,32156
32676,61574,32109
32836,61703,31990
32913,61717,31807
32953,61636,32122
33092,61703,32190
33220,61718,32157
33192,61695,32142
33176,61590,32095
33252,61695,31988
33405,61703,32113
33580,61647,32148
33648,61773,32156
33720,61809,32076
33801,61748,31816
33780,61806,32199
33772,61800,32159
33724,61724,32135
33644,61775,31974
33644,61764,32030
33637,61799,32166
33645,61830,32141
33740,61878,31815
33856,61860,32169
33880,61895,32137
33796,61895,32121
33744,61831,31789
33632,61868,32167
33624,61854,32125
33676,61810,32007
33680,61886,32125
33668,61860,32093
33680,61949,32092
33696,61952,32117
33760,61959,32086
33824,61911,31780
33796,61990,32136
33768,61949,32117
33708,61916,32094
33748,61941,31874
33760,61959,32036
33718,62013,32165
33760,62055,32093
33828,62076,32112
33812,62084,32088
33760,62061,32069
33708,61998,31940
33656,62063,31738
33568,62030,32069
33547,62046,32163
33516,62068,32060
33525,62087,32065
33604,62147,32000
33664,62161,31727
33704,62161,32100
33740,62183,32065
33732,62148,32047
33648,62144,32071
33576,62130,32028
33612,62082,32038
33696,62183,31968
33669,62167,31881
33704,62247,31959
33724,62269,32051
33752,62257,32041
33792,62191,32017
33776,62247,31805
33692,62236,31908
33596,62215,32007
33680,62215,32019
33704,62262,31980
33708,62283,31719
33720,62328,32021
33742,62359,31950
33732,62288,31975
33704,62343,31894
33657,62343,31663
33569,62311,32013
33468,62308,31944
33472,62311,31948
33534,62336,31770
33544,62366,32001
33584,62412,31945
33572,62437,31702
33564,62453,31961
33592,62429,31945
33540,62368,31972
33452,62383,31922
33408,62399,31620
33472,62405,31996
33556,62431,31968
33636,62462,31921
33790,62500,31743
33788,62424,31876
33760,62471,31924
33732,62527,31973
33804,62453,31942
33716,62468,31849
33568,62471,31623
33500,62500,31951
33436,62492,31972
33412,62527,31987
33401,62589,31934
33429,62599,31617
33428,62559,32020
33431,62535,31953
33452,62599,31965
33508,62511,31896
33452,62552,31900
33404,62575,31747
33436,62588,31995
33436,62599,31968
33509,62599,31862
33616,62680,31911
33636,62679,32007
33540,62592,31992
33480,62673,31909
33413,62612,31656
33352,62631,32044
33376,62565,31980
33424,62663,32023
33436,62674,31990
33464,62723,31999
33468,62756,31676
33536,62748,31960
33460,62755,32028
33364,62740,31977
33376,62688,31762
33416,62700,32002
33440,62724,32015
33392,62727,31879
33405,62754,32058
33484,62806,31973
33521,62825,31783
33480,62816,32038
33408,62824,31996
33353,62804,31837
33252,62791,32021
33260,62761,31953
33263,62784,31751
33172,62794,32022
33173,62812,31983
33304,62855,31950
33365,62887,31749
33390,62800,31924
33364,62832,31997
33256,62889,31812
33196,62855,32020
33200,62848,31981
33232,62844,31915
33277,62860,31919
33332,62892,31996
33396,62943,31818
33461,62960,32013
33500,62887,31976
33516,62932,31637
33512,62877,31976
33472,62935,31966
33408,62908,31671
33460,62895,31980
33532,62895,31912
33580,62952,32006
33588,63015,31992
33544,63031,31855
33472,62983,32053
33432,63021,31994
33444,62978,32007
33448,62911,31764
33444,62975,32097
33473,62893,32054
33494,62983,31933
33444,62940,31988
33509,63061,32023
33548,63012,32037
33532,63076,31745
33488,63052,32116
33472,63071,32086
33512,63044,32018
33436,63032,32063
33396,63047,32070
33400,63058,31935
33440,63047,31748
33472,63100,32157
33524,63061,32103
33534,63132,31854
33496,63159,32213
33516,63135,32176
33432,63093,32101
33354,63087,31828
33288,63109,32256
33260,63047,32218
33236,63129,32152
33296,63162,32044
33380,63189,32191
33576,63188,32257
33656,63191,32252
33596,63086,32239
33580,63144,32218
33438,63055,32356
33268,63148,32316
32920,63148,32343
32332,63127,32336
31444,63212,32216
30356,63236,32241
29445,63172,32380
28636,63231,32372
27900,63212,32373
27279,63180,32333
26808,63071,32317
26792,63156,32295
27174,63195,32224
28193,63213,32054
29897,63274,32501
32564,63213,32431
35832,63308,32429
39461,63302,32324
43292,63229,32372
46508,63271,32448
48808,63220,32468
50093,63284,32214
50292,63303,32505
48976,63330,32478
46752,63345,32317
44957,63355,32524
43752,63335,32503
42341,63332,32507
41389,63343,32389
40732,63303,32157
40060,63279,32516
39268,63284,32590
38464,63290,32504
37564,63279,32544
36736,63295,32519
35824,63381,32504
34909,63374,32517
34080,63353,32503
33217,63340,32196
32486,63324,32620
32016,63239,32544
31808,63301,32590
31632,63312,32574
31508,63328,32401
31420,63380,32689
31333,63312,32655
31290,63388,32519
31238,63393,32641
31200,63343,32684
31032,63315,32681
30965,63328,32401
30936,63292,32713
30969,63341,32781
30900,63269,32764
30976,63412,32528
30964,63428,32820
30980,63423,32908
31020,63415,32868
31108,63398,32741
31176,63288,32873
31134,63333,32924
31156,63367,32976
31228,63367,32910
31372,63393,32748
31501,63423,33084
31536,63446,33055
31520,63436,33076
31544,63437,32989
31484,63343,32746
31360,63384,33180
31443,63367,33125
31400,63290,33112
31360,63388,33116
31472,63396,32936
31532,63449,32780
31492,63385,33110
31412,63450,33127
31456,63461,33124
31532,63367,33118
31580,63404,33109
31612,63367,32976
31620,63394,33004
31612,63404,33065
31497,63405,33052
31488,63447,32973
31516,63407,32920
31460,63456,32741
31456,63431,32652
31548,63436,32983
31520,63319,32955
31477,63388,32960
31445,63376,32725
31441,63415,32892
31437,63380,32944
31484,63463,32916
31438,63487,32890
31424,63468,32887
31260,63367,32775
31194,63446,32628
31048,63391,32791
30896,63391,32919
30845,63302,32881
30888,63421,32869
30902,63415,32884
30896,63472,32853
30853,63465,32849
30800,63428,32782
30805,63456,32544
30776,63405,32948
30609,63421,32921
30500,63380,32895
30372,63392,32889
30312,63399,32860
30336,63421,32738
30220,63384,32918
30162,63463,32924
30152,63460,32961
30032,63447,32929
29964,63441,32788
29772,63399,32767
29637,63340,32619
29613,63396,33012
29600,63399,32977
29556,63415,33023
29520,63433,32998
29452,63444,33004
29452,63463,32963
29412,63391,32802
29366,63445,32679
29292,63391,32976
29140,63394,33110
29200,63387,33042
29276,63357,33058
29312,63420,33040
29364,63360,32881
29457,63469,32956
29420,63455,33065
29508,63452,33076
29453,63335,33023
29552,63387,33045
29652,63356,33060
29766,63381,33028
29900,63399,32866
30017,63367,32800
30258,63431,32817
30369,63447,32732
30439,63354,32748
30648,63431,32716
30569,63413,32822
30592,63364,32728
30832,63357,32705
31172,63357,32903
31600,63352,32928
31945,63296,32887
32176,63409,32861
32480,63428,32832
32716,63408,32744
32873,63420,32567
33009,63385,32708
33140,63356,32820
33252,63239,32750
33304,63314,32727
33416,63348,32615
33488,63364,32632
33648,63398,32687
33788,63387,32668
33804,63397,32629
33830,63388,32565
33796,63360,32352
33884,63325,32316
33880,63321,32337
33948,63319,32359
34048,63328,32277
34080,63349,32540
34105,63293,32508
34172,63391,32411
34192,63390,32380
34188,63348,32360
34160,63340,32260
34136,63317,32162
34072,63285,32161
34052,63287,32225
34038,63292,32200
34038,63309,32229
34008,63359,32145
34088,63348,32135
34106,63343,32077
34052,63349,32041
33985,63304,31826
33928,63239,31649
33948,63237,31884
34045,63271,31972
34096,63271,31893
34180,63276,31905
34220,63258,31847
34284,63325,31836
34240,63322,31781
34232,63303,31676
34152,63287,31719
34100,63239,31748
34040,63223,31732
34032,63231,31675
34076,63239,31455
34128,63257,31751
34080,63295,31647
34112,63303,31644
34172,63288,31605
34112,63181,31588
34017,63263,31489
34024,63121,31502
34016,63181,31526
33925,63127,31492
33968,63206,31454
34025,63132,31198
34076,63231,31416
34040,63207,31408
33936,63239,31385
33940,63161,31351
33980,63207,31236
33906,63157,31197
33817,63160,30967
33744,63152,31255
33748,63165,31278
33789,63183,31238
33860,63223,31145
33876,63229,31082
33821,63183,30866
33710,63175,31126
33624,63175,31205
33493,63140,31173
33384,63111,31117
33376,63133,30769
33364,63128,31143
33424,63148,31105
33500,63092,30974
33604,63164,30705
33588,63086,31052
33594,63160,31018
33572,63133,30991
33538,63087,30836
33492,63054,30911
33468,63076,31007
33456,63047,30976
33504,63047,30962
33568,63133,30901
33576,63055,30950
33484,63143,30885
33438,63111,30924
33462,63037,30860
33464,63039,30835
33444,62974,30849
33508,63039,30828
33512,63045,30842
33412,63055,30789
33508,63068,30761
33572,63111,30672
33437,63100,30530
33412,63076,30727
33416,63056,30711
33448,63005,30716
33312,62983,30691
33241,62983,30628
33148,63007,30469
33096,63004,30466
33165,62959,30355
33240,63040,30633
33217,62951,30684
33152,62982,30663
33072,62983,30600
33080,62964,30562
33068,62928,30615
32960,62932,30551
32872,62945,30535
32924,62966,30509
32972,62964,30361
33020,62983,30164
33080,62983,30498
33028,62983,30470
33008,62948,30484
32988,62917,30423
33004,62895,30329
32968,62903,30077
33054,62888,30456
33140,62919,30416
33232,62840,30343
33313,62941,30183
33380,62944,30016
33424,62928,30028
33416,62848,30011
33368,62863,30277
33321,62840,30317
33300,62832,30321
33348,62844,30311
33372,62837,30223
33384,62800,30164
33340,62908,29991
33280,62887,30194
33204,62879,30369
33196,62841,30324
33180,62823,30308
33180,62780,30256
33197,62801,30070
33168,62695,30365
33238,62791,30278
33328,62828,30273
33380,62852,30103
33388,62841,30197
33380,62821,30329
33340,62800,30288
33308,62727,30312
33236,62720,30304
33232,62704,30311
33168,62682,30335
33220,62741,30316
33218,62780,30290
33224,62791,30247
33312,62776,30188
33320,62748,30372
33168,62747,30402
33040,62684,30323
32952,62686,30328
32925,62664,30245
32904,62676,30014
32992,62708,30348
33012,62683,30356
32936,62692,30356
32840,62727,30177
32744,62718,30044
32720,62689,30352
32588,62636,30393
32309,62624,30397
31837,62621,30296
31212,62628,30415
30356,62626,30416
29408,62656,30433
28584,62668,30308
27740,62619,30421
27021,62620,30544
26320,62608,30492
25985,62572,30533
25944,62520,30495
26528,62548,30368
27820,62567,30188
30168,62564,30405
33524,62528,30580
37456,62637,30556
41268,62624,30521
44696,62544,30613
47476,62612,30584
49400,62556,30580
50464,62507,30452
50152,62553,30272
48616,62567,30646
46784,62580,30636
45744,62589,30628
44492,62575,30652
43408,62572,30659
42660,62547,30591
41969,62455,30439
40780,62463,30569
39565,62444,30711
38336,62445,30790
37104,62444,30700
35940,62471,30733
34785,62503,30716
33736,62471,30748
32813,62471,30713
32076,62460,30661
31524,62429,30548
31112,62395,30769
30808,62360,30913
30724,62374,30852
30644,62321,30877
30616,62398,30886
30657,62412,30901
30641,62335,30673
30665,62407,30921
30576,62394,30928
30480,62375,31087
30384,62343,31069
30316,62311,31069
30280,62262,30983
30296,62292,31046
30340,62320,30996
30324,62352,31052
30337,62359,31255
30373,62312,31268
30476,62320,31248
30420,62311,31233
30412,62260,31040
30393,62197,31023
30524,62215,31316
30688,62151,31367
30768,62252,31351
30856,62279,31375
30872,62295,31232
30880,62268,31397
30832,62253,31418
30756,62215,31439
30700,62180,31460
30696,62151,31487
30712,62061,31383
30800,62151,31168
30857,62087,31583
30916,62196,31527
30900,62214,31469
30876,62197,31357
30806,62116,31468
30688,62129,31600
30682,62071,31583
30660,62077,31600
30632,62071,31441
30632,62076,31589
30733,62103,31652
30801,62124,31641
30804,62132,31580
30753,62101,31317
30660,62096,31724
30504,61959,31678
30324,62023,31647
30237,62009,31417
30320,61996,31766
30444,62004,31696
30437,62020,31692
30476,62055,31596
30472,62044,31716
30424,62045,31717
30333,62015,31701
30244,61999,31528
30096,61932,31812
30044,61916,31737
30044,61927,31692
30140,61935,31508
30165,61940,31812
30158,61956,31797
30112,61959,31812
30028,61951,31812
29872,61943,31597
29768,61916,31782
29632,61779,31842
29524,61831,31854
29516,61831,31671
29484,61831,31858
29500,61799,31937
29556,61885,31917
29562,61894,31762
29500,61868,31911
29368,61863,31959
29300,61831,31972
29196,61772,31945
29100,61671,32003
29068,61737,32022
29032,61765,31869
29052,61782,31721
29136,61807,32116
29124,61797,32116
29076,61776,32109
29020,61693,32080
29014,61746,32045
29004,61692,31802
28960,61693,32191
28992,61671,32164
29061,61671,32151
29040,61681,32086
29146,61701,32102
29228,61681,32194
29310,61677,32165
29436,61604,32185
29500,61644,32036
29585,61525,32135
29760,61575,32210
29932,61592,32219
30024,61575,32204
30244,61613,32053
30488,61637,31903
30776,61645,32247
30952,61615,32185
31164,61600,32189
31322,61572,32069
31532,61477,31892
31772,61509,32180
32078,61423,32164
32268,61479,32213
32452,61516,32164
32616,61556,32101
32676,61537,31845
32828,61511,32196
32956,61516,32164
33156,61493,32142
33309,61442,32164
33273,61417,32101
33336,61422,31820
33388,61373,32145
33444,61420,32135
33684,61394,32100
33792,61447,31957
33872,61366,32091
33864,61429,32119
33880,61356,32122
33889,61343,31988
33892,61345,31791
34004,61344,32100
34073,61343,32172
33978,61310,32079
34084,61382,32095
34132,61346,31879
33952,61364,32006
33860,61260,32053
33839,61319,32055
33852,61191,32031
33912,61275,31839
33888,61274,31929
34020,61280,32047
34092,61273,31993
34164,61308,31980
34200,61311,31774
34256,61300,31927
34204,61283,31937
34156,61254,31943
34076,61191,31879
34024,61184,31655
34041,61181,31898
34110,61127,31924
34072,61191,31910
34042,61231,31887
34085,61191,31876
33984,61189,31854
33920,61191,31780
33864,61180,31623
33748,61126,31730
33730,61018,31861
33832,61113,31854
33876,61108,31879
33800,61053,31805
33860,61159,31784
33912,61154,31790
33952,61117,31781
33913,61125,31681
33828,61025,31500
33752,61063,31429
33764,61047,31634
33832,61016,31687
33768,61045,31580
33681,61023,31510
33656,61079,31692
33677,61010,31692
33693,61047,31690
33732,61055,31687
33696,61025,31604
33580,60988,31343
33556,60919,31604
33500,60972,31669
33472,60967,31677
33456,60999,31667
33388,61009,31660
33364,61020,31560
33392,60989,31377
33456,60983,31336
33454,60965,31604
33242,60901,31732
33208,60903,31660
33268,60903,31641
33368,60887,31660
33452,60910,31464
33524,60928,31374
33632,60864,31359
33648,60933,31590
33600,60912,31736
33604,60893,31665
33540,60820,31687
33424,60780,31644
33432,60839,31680
33404,60836,31636
33432,60817,31665
33544,60876,31641
33541,60874,31629
33452,60855,31620
33368,60762,31617
33456,60820,31614
33528,60783,31621
33401,60767,31601
33416,60756,31606
33540,60740,31600
33472,60779,31586
33540,60804,31572
33476,60725,31607
33365,60805,31645
33317,60770,31623
33249,60655,31537
33088,60716,31631
33016,60689,31527
32980,60679,31513
33000,60615,31522
32969,60719,31452
32988,60726,31516
32960,60675,31487
32924,60679,31553
32908,60711,31488
32964,60601,31401
32908,60637,31396
32886,60621,31106
32960,60535,31099
33120,60573,31361
33128,60645,31485
33212,60673,31377
33216,60660,31399
33200,60671,31356
33216,60640,31281
33196,60620,31225
33180,60573,31133
33253,60551,31268
33120,60551,31399
33177,60495,31306
33272,60569,31299
33324,60527,31301
33310,60604,31164
33312,60599,31025
33296,60532,31337
33292,60516,31285
33184,60501,31184
33220,60414,30929
33252,60481,31236
33225,60499,31252
33304,60423,30983
33376,60547,31296
33444,60524,31251
33471,60532,31232
33500,60519,31052
33468,60484,31164
33260,60455,31276
33172,60423,31278
33092,60447,31226
33136,60396,31249
33224,60447,31202
33196,60405,31033
33252,60500,31224
33285,60447,31244
33232,60476,31300
33180,60423,31287
33148,60391,31272
33184,60391,31270
33176,60376,31265
33136,60392,31054
33112,60397,31302
33156,60423,31294
33176,60350,31310
33084,60423,31216
33073,60412,30992
33064,60397,31262
32976,60332,31306
32904,60341,31313
32868,60255,31116
32612,60348,31195
32112,60344,31389
31348,60387,31310
30333,60383,31317
29304,60372,31281
28448,60357,31007
27784,60335,31408
27076,60276,31355
26516,60280,31326
26348,60167,31221
26492,60268,31257
27276,60295,31308
28884,60329,31336
31594,60272,31329
35060,60344,31278
38820,60332,31062
42524,60284,31380
45648,60256,31362
48020,60278,31365
49652,60288,31356
50346,60256,31223
49584,60310,31033
47936,60325,31292
46452,60325,31388
45428,60308,31368
44036,60288,31356
43020,60271,31300
42254,60135,31070
41367,60199,31334
40240,60132,31367
39140,60196,31338
37989,60228,31335
36836,60262,31344
35640,60256,31192
34496,60242,31269
33412,60229,31375
32656,60199,31373
31880,60164,31304
31328,60092,31204
31032,60159,31047
30760,60092,31401
30732,60167,31452
30800,60194,31396
30888,60220,31417
30948,60213,31381
30902,60196,31307
30757,60071,31205
30636,60061,31444
30622,60111,31573
30600,60121,31500
30601,60112,31508
30598,60064,31523
30622,60167,31564
30712,60157,31559
30656,60164,31580
30630,60151,31556
30600,60108,31433
30564,60015,31300
30556,60039,31714
30516,60069,31644
30540,60089,31671
30640,60100,31674
30752,60079,31583
30780,60132,31420
30712,60127,31788
30688,60112,31729
30692,60084,31637
30604,60039,31407
30624,60039,31741
30692,60039,31775
30734,60039,31748
30852,60069,31509
30964,60039,31857
31057,60100,31866
31012,60100,31799
30948,60097,31820
30881,60061,31784
30925,60006,31503
30884,59911,31879
30893,59973,31816
30944,60015,31828
31020,59996,31845
31044,60069,31799
30976,59997,31671
31013,60077,31649
30965,60039,31802
30840,60039,31922
30772,59981,31882
30704,59889,31879
30656,59975,31870
30720,59892,31860
30796,60004,31716
30856,59957,31605
30904,59991,31886
30848,59956,31892
30792,60023,31879
30598,59992,31805
30594,59876,31674
30572,59911,31871
30588,59940,31991
30584,59911,31951
30528,59967,31880
30464,60004,31933
30460,60015,31927
30437,59996,31916
30392,59903,31931
30217,59951,31748
30070,59846,31926
30040,59909,31997
29957,59911,31934
29932,59926,31975
29888,59949,31991
29905,59977,31988
29880,59975,31804
29793,59879,31673
29720,59964,31918
29564,59941,31870
29492,59807,31916
29464,59895,31935
29508,59893,31709
29540,59893,31724
29533,59901,31901
29549,59943,32007
29564,59965,32040
29536,59956,32109
29484,59932,32051
29384,59828,32060
29320,59873,32101
29276,59863,32068
29269,59756,32100
29226,59869,32076
29232,59871,32096
29312,59911,32091
29448,59911,32085
29537,59911,32117
29659,59900,32130
29700,59868,32129
29748,59837,32114
29836,59751,32116
29964,59832,32118
30140,59841,32119
30324,59856,32151
30568,59887,32134
30768,59893,32121
30948,59814,32080
31096,59876,31988
31288,59847,31856
31440,59815,32151
31524,59783,32206
31760,59813,32113
31961,59804,32123
32180,59840,32068
32413,59847,32077
32688,59864,31977
32844,59871,31999
32892,59749,32180
32968,59831,32129
32981,59780,32087
33044,59783,32108
33184,59773,32107
33348,59696,32106
33437,59783,31955
33504,59830,31876
33568,59847,31905
33648,59820,32114
33720,59814,32136
33796,59777,32031
33744,59757,32047
33784,59727,32038
33892,59680,32016
33942,59726,32004
34012,59767,31999
34069,59760,31972
34054,59791,31967
34060,59773,31794
34024,59776,31823
33924,59761,31939
33940,59719,31939
33909,59649,31887
33984,59713,31876
34064,59687,31857
34100,59743,31858
34180,59772,31732
34224,59769,31668
34228,59744,31604
34176,59757,31541
34140,59687,31737
34069,59673,31856
33988,59677,31879
33952,59695,31848
33968,59677,31784
34085,59696,31817
34050,59701,31768
34016,59732,31812
34044,59728,31765
33913,59740,31751
33828,59679,31740
33712,59655,31687
33720,59638,31418
33708,59655,31764
33717,59655,31719
33700,59632,31730
33716,59715,31572
33744,59716,31636
33712,59706,31659
33760,59703,31680
33648,59655,31554
33536,59596,31353
33488,59599,31617
33588,59623,31740
33592,59644,31646
33644,59655,31652
33668,59679,31625
33500,59697,31580
33428,59604,31392
33513,59679,31570
33528,59645,31694
33466,59619,31600
33356,59583,31605
33420,59602,31548
33470,59604,31405
33508,59584,31583
33520,59615,31653
33508,59653,31595
33360,59655,31599
33292,59639,31590
33424,59612,31577
33500,59590,31540
33472,59565,31493
33504,59580,31450
33596,59591,31352
33600,59596,31476
33656,59553,31631
33720,59643,31669
33711,59629,31565
33676,59637,31560
33592,59591,31449
33500,59543,31250
33500,59527,31476
33604,59557,31565
33656,59564,31613
33528,59573,31536
33447,59608,31459
33460,59608,31344
33600,59581,31449
33574,59591,31601
33501,59532,31508
33373,59520,31464
33400,59527,31206
33396,59527,31567
33388,59503,31476
33364,59551,31495
33384,59509,31471
33388,59583,31357
33304,59527,31385
33250,59560,31473
33232,59548,31455
33156,59501,31364
33044,59503,31124
32960,59509,31517
33026,59522,31432
33061,59527,31435
33096,59567,31292
33000,59565,31087
32965,59564,31487
32948,59527,31445
32908,59519,31389
32864,59476,31404
32988,59485,31181
33044,59495,31465
33125,59447,31377
33244,59444,31385
33302,59527,31310
33313,59487,31348
33272,59527,31396
33316,59527,31393
33312,59508,31226
33300,59476,31333
33308,59459,31393
33376,59469,31368
33396,59471,31400
33376,59452,31383
33400,59524,31144
33460,59469,31068
33432,59512,31428
33328,59487,31381
33272,59471,31284
33196,59447,31056
33241,59439,31206
33136,59449,31455
33112,59443,31398
33284,59439,31373
33468,59503,31369
33418,59423,31364
33364,59500,31380
33324,59476,31390
33345,59462,31319
33280,59429,31284
33368,59374,31324
33290,59399,31321
33272,59423,31216
33257,59366,31071
33348,59489,31301
33516,59493,31444
33428,59429,31381
33336,59476,31379
33200,59439,31390
33108,59397,31437
33128,59389,31415
33106,59317,31370
33228,59348,31276
33308,59441,31146
33356,59468,31453
33380,59469,31533
33325,59477,31463
33252,59444,31477
33072,59429,31428
32614,59392,31335
31930,59300,31313
30984,59399,31312
29972,59391,31239
29132,59344,31436
28428,59452,31439
27837,59455,31412
27256,59399,31499
26848,59428,31459
26768,59399,31343
27194,59284,31495
28288,59348,31621
30397,59376,31580
33472,59396,31608
37140,59399,31599
40972,59420,31548
44496,59480,31480
47184,59476,31524
48992,59421,31428
50132,59447,31560
49896,59399,31694
48540,59397,31565
46764,59389,31698
45728,59399,31735
44520,59429,31758
43444,59442,31771
42676,59448,31796
41936,59461,31788
40840,59431,31751
39672,59341,31727
38540,59383,31742
37340,59364,31733
36162,59365,31760
35080,59364,31751
34196,59321,31682
33344,59438,31692
32528,59436,31561
31920,59439,31716
31588,59399,31488
31336,59399,31801
31088,59367,31780
30880,59340,31764
30704,59359,31781
30720,59373,31877
30672,59391,31621
30600,59439,31772
30656,59437,31716
30544,59420,31964
30510,59349,31955
30556,59388,31940
30488,59352,31973
30516,59311,32032
30568,59363,32129
30528,59364,32135
30560,59303,32126
30624,59431,32135
30688,59421,32141
30648,59409,31951
30784,59420,32078
30844,59375,32164
30632,59271,32303
30477,59352,32303
30508,59355,32255
30616,59271,32262
30600,59397,32271
30724,59431,32092
30900,59399,32129
30968,59428,32003
30916,59421,32257
30837,59319,32404
30912,59344,32327
30904,59348,32339
30872,59372,32369
30964,59357,32337
31084,59389,32257
31100,59431,32311
31116,59431,32465
31092,59431,32423
31072,59412,32440
31068,59316,32391
31077,59364,32244
30992,59367,32244
30936,59351,32263
31020,59393,32399
30964,59399,32543
31042,59447,32487
30956,59462,32516
30832,59438,32524
30844,59391,32533
30908,59399,32538
30761,59399,32527
30722,59366,32487
30788,59292,32466
30828,59399,32502
30924,59417,32464
30896,59463,32396
30816,59476,32355
30774,59457,32532
30680,59429,32588
30556,59399,32580
30500,59399,32606
30332,59399,32601
30296,59397,32507
30344,59420,32431
30392,59447,32399
30316,59452,32707
30240,59492,32677
30228,59399,32676
30241,59495,32727
30130,59455,32726
30128,59437,32676
29961,59431,32596
29937,59444,32471
29873,59447,32660
29937,59479,32519
29964,59447,32589
29848,59527,32612
29764,59493,32567
29848,59516,32610
29788,59399,32775
29640,59476,32815
29676,59469,32782
29648,59492,32836
29594,59484,32966
29580,59527,32958
29624,59564,32961
29728,59517,32975
29685,59551,32998
29656,59556,32999
29693,59540,33007
29786,59503,32947
29772,59399,32855
29764,59527,33020
29844,59428,33053
29852,59572,33038
29832,59589,33030
29900,59527,33047
30093,59600,33057
30270,59576,33050
30352,59572,32991
30431,59540,32943
30724,59527,32836
30992,59552,32886
31176,59470,32871
31364,59608,32774
31546,59628,32742
31660,59576,32984
32004,59639,33046
32010,59624,32964
31956,59608,32940
32020,59542,32932
32292,59580,32721
32500,59590,32773
32608,59600,32711
32756,59637,33075
33008,59655,33041
33324,59640,33015
33296,59647,32965
33248,59613,32997
33232,59655,32959
33156,59606,32948
33242,59606,32956
33217,59565,32944
33344,59639,32821
33486,59673,32703
33592,59708,32854
33761,59715,32886
33708,59669,32841
33648,59696,32844
33660,59669,32821
33688,59632,32797
33728,59645,32783
33708,59655,32757
33768,59685,32669
33832,59703,32565
33949,59640,32550
33896,59757,32630
33916,59748,32652
33924,59728,32729
33949,59709,32650
33928,59685,32725
33730,59604,32716
33740,59705,32703
33800,59709,32694
33828,59684,32652
33724,59743,32613
33760,59783,32561
33832,59780,32516
33628,59775,32278
33512,59655,32609
33540,59728,32676
33652,59712,32620
33524,59655,32597
33508,59718,32561
33613,59765,32587
33816,59828,32569
33832,59823,32575
33938,59820,32519
33973,59812,32353
33916,59783,32243
33820,59751,32359
33732,59764,32445
33776,59783,32549
33713,59780,32538
33708,59825,32604
33600,59836,32563
33708,59772,32503
33670,59856,32544
33652,59847,32517
33630,59775,32527
33536,59740,32473
33404,59783,32429
33404,59724,32320
33420,59820,32263
33476,59828,32519
33550,59895,32508
33536,59895,32523
33472,59783,32491
33340,59874,32368
33264,59860,32233
33189,59768,32617
33156,59822,32546
33216,59836,32556
33364,59845,32567
33440,59783,32553
33528,59911,32492
33684,59901,32312
33452,59911,32538
33360,59911,32569
33408,59873,32603
33352,59775,32586
33292,59849,32607
33320,59860,32502
33280,59840,32324
33125,59860,32613
33237,59943,32677
33281,59949,32647
33221,59911,32664
33028,59887,32636
32988,59911,32401
32962,59844,32751
32960,59863,32704
33124,59807,32764
33084,59903,32597
33000,59933,32772
33284,59968,32813
33308,59964,32858
33472,59893,32814
33236,59968,32679
33281,59941,32999
33224,59900,32977
33160,59908,32989
33104,59847,32960
33065,59911,33037
33373,59908,33073
33384,59991,33125
33304,59943,32988
33204,60015,32885
33229,59989,33215
33152,59983,33324
33136,59927,33300
33180,59943,33303
33216,59967,33372
33254,59975,33326
33476,59997,33301
33560,60022,33557
33481,60023,33505
33364,60039,33579
33264,59972,33511
33268,59992,33606
33168,59967,33652
33128,59967,33722
33156,59885,33727
33184,60004,33692
33188,60028,33696
33146,59969,33703
33328,60071,33812
33428,60056,33956
33328,60061,34087
33240,60008,34140
33188,59909,34198
33078,60004,34199
33196,60007,34244
33328,59981,34281
33196,60038,34309
33232,60095,34353
33321,60076,34339
33327,60031,34376
33168,60076,34480
33080,60039,34517
33132,60015,34553
33124,59983,34603
33192,60005,34630
33244,60025,34680
33188,60060,34708
33204,60103,34711
33252,60105,34660
33360,60030,34553
33206,60071,34578
33092,59980,34941
32937,60012,34948
32937,60028,34976
32944,60039,34880
32988,59983,34921
33164,60076,35141
33268,60116,35117
33185,60133,35124
33144,60072,35271
32954,60080,35197
32748,60095,35210
32284,60001,35268
31528,60023,35290
30596,60052,35284
29646,60084,35222
29004,60093,35113
28336,60133,35482
27884,60127,35453
27222,60030,35428
27064,60120,35447
27308,60100,35504
27884,60052,35524
29068,60056,35436
31364,60079,35444
34368,60032,35433
37981,60140,35428
41493,60164,35487
44576,60185,35724
46952,60164,35652
48528,60180,35654
49304,60167,35680
48833,60135,35700
47568,60116,35567
45860,60119,35639
45092,60093,35814
44024,60159,35746
43064,60161,35702
42152,60157,35588
41246,60167,35751
40160,60197,35820
38968,60135,35780
37769,60103,35768
36604,60024,35780
35360,60120,35804
34368,60125,35812
33460,60079,35828
32716,60167,35750
31948,60196,35729
31448,60167,35660
31156,60167,35665
31092,60135,35664
30904,60092,35655
30756,60091,35652
30788,60120,35655
30676,60087,35695
30584,60167,35772
30672,60167,35839
30720,60199,35826
30612,60191,35741
30516,60164,35700
30456,60133,35881
30520,60116,36028
30570,60097,36048
30560,60108,35993
30620,60037,36004
30744,60160,36015
30752,60188,36022
30700,60180,36051
30740,60167,36077
30800,60167,36090
30812,60149,36092
30716,60108,36103
30668,60101,36112
30670,60022,36116
30656,60133,36060
30720,60156,35924
30760,60188,36060
30813,60157,36213
30868,60196,36191
30847,60100,36133
30856,60151,36125
30752,60104,36132
30726,60101,36126
30766,60061,36139
30672,60124,36124
30576,60144,36159
30560,60190,36135
30640,60191,35951
30728,60127,36190
30788,60167,36113
30820,60061,36150
30820,60071,36100
30840,60104,36178
30802,60109,36164
30804,60101,36156
30816,60153,36124
30976,60191,36020
31040,60100,35927
30980,60167,36105
30716,60167,36241
30536,60135,36151
30552,60103,36178
30592,60055,36188
30624,60113,36191
30596,60116,36076
30564,60146,36124
30732,60164,36289
30924,60167,36231
30933,60156,36265
30864,60166,36292
30645,60122,36214
30444,60114,36229
30324,60092,36401
30308,60071,36318
30288,60100,36372
30270,60135,36342
30181,60167,36359
30164,60164,36292
30004,60069,36240
29848,60164,36221
29812,60135,36340
29800,60093,36470
29724,60084,36521
29576,60029,36551
29485,60103,36556
29512,60135,36591
29632,60167,36580
29676,60157,36612
29656,60152,36653
29616,60076,36681
29552,60097,36700
29540,60092,36680
29456,60087,36716
29412,60084,36621
29306,60103,36852
29144,60135,36798
29197,60167,36860
29372,60167,36890
29484,60143,36805
29580,60141,36824
29660,60038,36812
29625,60084,36956
29596,59984,37088
29636,60092,37157
29808,60092,37137
29898,60039,37141
29984,60167,37197
30128,60156,37263
30316,60052,37318
30304,60143,37364
30216,60100,37349
30216,60079,37375
30290,60084,37344
30504,60069,37392
30696,60005,37420
30912,60132,37448
31105,60148,37448
31325,60145,37463
31406,60149,37483
31540,60124,37520
31692,60103,37526
31919,60071,37569
32077,60060,37572
32076,59980,37589
32348,60100,37588
32692,60101,37584
33000,60140,37613
33068,60100,37671
33132,60135,37692
32957,60121,37692
32752,60060,37632
32620,60068,37669
32600,60060,37645
32720,59972,37645
32844,60071,37649
33076,60076,37655
33312,60061,37668
33501,60132,37692
33576,60029,37573
33516,60110,37465
33316,60071,37624
33080,60005,37672
32998,59983,37732
33032,60036,37812
32980,60055,37759
32798,60087,37765
32792,60123,37757
32892,60095,37645
33108,60102,37796
33177,60071,37860
33304,60039,37942
33456,60020,37960
33448,60004,37959
33548,59957,37957
33660,60031,37987
33704,60039,38020
33776,60012,38041
33697,60017,38072
33632,60056,38125
33524,60028,38151
33496,60007,38029
33316,59911,38172
33228,59983,38355
33260,59988,38264
33212,60005,38309
33240,60020,38292
33256,60005,38146
33201,60039,38460
33108,59957,38401
33112,60031,38438
33052,59988,38460
32956,59879,38484
32916,59964,38508
32992,59953,38524
33136,59903,38404
33240,60007,38389
33332,60004,38455
33296,60021,38428
33196,59932,38513
33192,59956,38730
33108,59965,38668
33016,59932,38663
32792,59911,38612
32712,59845,38534
32760,59911,38791
32900,59957,38820
32972,59999,38716
32961,59983,38731
32884,59911,38749
32882,59956,38631
32800,59911,38617
32784,59847,38673
32804,59892,38663
32792,59903,38612
32776,59908,38748
32813,59932,38764
32877,59956,38919
33020,59872,38897
33104,59948,38804
33064,59935,38807
32936,59900,38839
32808,59820,38783
32672,59877,38770
32604,59872,38767
32656,59820,38793
32693,59910,38777
32717,59911,38775
32648,59911,38689
32668,59911,38571
32668,59911,38559
32712,59807,38553
32664,59840,38842
32604,59822,38736
32632,59834,38730
32672,59852,38715
32612,59872,38645
32644,59805,38572
32684,59900,38492
32636,59879,38493
32596,59879,38469
32448,59839,38640
32404,59807,38724
32445,59788,38617
32484,59765,38607
32636,59815,38493
32764,59841,38378
32808,59836,38429
32734,59832,38516
32606,59867,38535
32560,59801,38588
32620,59746,38508
32704,59769,38432
32752,59684,38405
32816,59783,38399
32840,59764,38319
32892,59759,38151
32968,59838,38179
32964,59824,38336
32936,59757,38345
32964,59807,38227
32990,59764,38215
33004,59684,38160
32942,59732,38143
32884,59655,37973
32928,59757,37984
32936,59783,38025
32916,59727,38028
32936,59743,37961
32916,59792,37935
32942,59773,38037
32884,59686,37965
32736,59716,37925
32736,59698,37855
32932,59704,37827
33009,59675,37789
32916,59748,37756
33028,59767,37732
33112,59766,37695
33028,59704,37658
32968,59749,37636
32876,59711,37591
32840,59623,37583
32848,59677,37548
32908,59677,37510
32953,59693,37465
33048,59719,37439
33088,59655,37456
33056,59747,37392
33034,59712,37344
32996,59719,37318
32780,59685,37228
32392,59632,37036
31709,59599,37168
30876,59616,37225
29836,59645,37168
28954,59580,37132
28304,59711,37100
27744,59693,37068
27193,59592,37045
26860,59677,37015
27164,59639,36977
27969,59600,36927
29336,59588,36829
31396,59613,36743
33776,59576,36673
36444,59636,36596
39632,59700,36708
42890,59696,36697
45592,59655,36594
46992,59688,36581
47644,59653,36658
46856,59607,36695
45248,59551,36583
43380,59622,36551
42000,59620,36527
40544,59567,36492
39545,59677,36480
38957,59654,36400
38796,59653,36253
38536,59608,36280
38060,59582,36231
37404,59485,36124
36800,59551,36241
36176,59559,36292
35648,59527,36293
35092,59589,36190
34473,59606,36133
33834,59628,36126
33184,59596,35989
32572,59591,35953
32129,59543,36088
31849,59494,36085
31572,59493,36005
31472,59512,35997
31352,59524,35999
31272,59559,35999
31344,59492,35928
31364,59576,35828
31296,59572,35949
31264,59557,35975
31224,59508,36008
31192,59495,35844
31200,59487,35967
31162,59455,36063
31148,59472,35998
31235,59516,36028
31356,59540,35812
31424,59551,36009
31440,59545,36037
31508,59511,36005
31444,59463,36050
31393,59469,36012
31401,59444,35951
31424,59460,36039
31432,59463,36042
31508,59488,36028
31504,59511,36029
31480,59476,36016
31540,59501,35969
31688,59479,35797
31632,59463,36036
31568,59399,35949
31641,59389,35927
31709,59420,35725
31712,59421,35919
31724,59469,35921
31776,59481,35861
31800,59437,35820
31792,59457,35585
31800,59399,35876
31721,59420,35833
31616,59393,35776
31616,59324,35794
31720,59384,35766
31776,59391,35708
31736,59352,35700
31806,59460,35668
31776,59455,35660
31734,59389,35640
31724,59420,35591
31692,59376,35566
31648,59364,35512
31604,59360,35392
31560,59263,35308
31576,59372,35273
31546,59388,35431
31520,59360,35440
31488,59431,35543
31356,59399,35509
31198,59309,35437
31170,59357,35439
31145,59321,35428
31048,59335,35356
31008,59319,35166
31056,59328,35385
31134,59355,35436
31132,59325,35448
31073,59388,35378
31040,59335,35352
31024,59336,35313
30948,59321,35303
30856,59281,35311
30832,59286,35305
30844,59244,35316
30944,59293,35265
31004,59336,35060
30992,59361,35276
30968,59324,35321
30912,59347,35271
30816,59337,35236
30784,59253,35196
30688,59241,35257
30574,59263,35290
30621,59268,35199
30734,59271,35204
30838,59310,35211
30912,59263,35124
30877,59308,35039
30805,59223,34977
30728,59236,34919
30724,59255,34956
30788,59182,35010
30960,59239,35013
31124,59231,35036
31216,59175,35044
31340,59271,34990
31525,59292,34815
31670,59297,34935
31654,59271,35079
31716,59225,35033
31894,59224,34977
32076,59127,34982
32128,59183,34932
32212,59108,34812
32288,59206,34771
32375,59239,34625
32596,59271,34945
32780,59243,34833
32832,59244,34847
32884,59229,34808
32928,59191,34562
32948,59156,34797
33032,59077,34735
33116,59119,34736
33224,59157,34692
33364,59199,34636
33472,59225,34652
33480,59207,34637
33488,59205,34626
33493,59199,34370
33492,59143,34652
33444,59127,34548
33452,59119,34524
33572,59119,34324
33584,59127,34372
33704,59108,34480
33824,59197,34514
33880,59175,34390
33892,59175,34382
33853,59143,34340
33776,59109,34159
33823,59079,34365
33796,59078,34258
33796,59077,34107
33789,59053,34134
33796,59031,34141
33804,59127,34118
33784,59044,34031
33840,59117,34044
33788,59119,34007
33792,59068,33940
33776,59053,33881
33672,58989,33910
33624,59039,33806
33624,59045,33876
33704,59060,33799
33792,59093,33617
33853,59069,33796
33876,59007,33665
33825,59068,33669
33861,59028,33335
33824,59004,33592
33720,59014,33560
33688,59006,33464
33720,58959,33380
33736,58943,33437
33792,59041,33420
33724,59061,33330
33620,59047,33109
33560,59031,33312
33528,59004,33249
33476,58969,33256
33404,58973,33225
33400,58975,32986
33428,58968,33063
33436,58992,33103
33414,59028,33095
33517,59015,32840
33616,58983,32932
33672,58991,33044
33644,58908,32942
33548,58920,32937
33480,58940,32719
33428,58924,32886
33368,58940,32863
33381,58979,32846
33444,58998,32817
33476,58999,32623
33416,58975,32723
33376,58967,32740
33384,58935,32747
33320,58807,32581
33257,58828,32596
33216,58821,32719
33184,58887,32681
33172,58936,32545
33124,58965,32599
33104,58950,32693
33132,58935,32601
33140,58855,32636
33065,58849,32608
33052,58798,32335
33016,58836,32516
33137,58865,32559
33118,58800,32619
33072,58823,32557
33092,58887,32552
33120,58837,32415
33076,58917,32328
33060,58887,32436
33020,58877,32586
32946,58839,32486
32900,58775,32476
32976,58758,32396
32996,58811,32269
33008,58862,32213
33068,58887,32164
33180,58881,32194
33208,58872,32432
33202,58854,32500
33212,58746,32445
33005,58789,32392
32944,58789,32391
32892,58805,32359
32892,58791,32359
32976,58837,32340
33180,58855,32304
33244,58822,32240
33212,58783,32152
33175,58841,32141
33153,58804,32238
33093,58748,32385
33072,58772,32277
33196,58759,32284
33288,58781,32263
33388,58807,32263
33481,58835,32181
33468,58809,32052
33468,58724,32100
33420,58789,32285
33344,58751,32281
33216,58725,32144
33220,58733,32153
33274,58724,32135
33289,58733,32222
33308,58703,32162
33300,58799,32164
33329,58759,32071
33340,58759,32093
33328,58773,32080
33264,58684,32140
33216,58685,32067
33148,58605,32076
33152,58671,32058
33232,58687,32006
33277,58631,31975
33304,58751,32060
33352,58756,32038
33254,58724,32040
33148,58717,31930
33048,58668,31909
33024,58661,32078
33068,58647,32013
33061,58590,31984
33052,58628,32000
32950,58692,31988
32672,58684,31980
32076,58692,31955
31104,58692,31933
29949,58617,31950
29084,58656,31965
28348,58612,31964
27768,58532,31957
27236,58620,31953
26962,58612,31805
27064,58616,31785
27620,58668,31645
28869,58668,31914
30816,58676,31941
33696,58668,31908
37012,58548,31936
40868,58597,31916
44580,58604,31914
47388,58608,31878
49048,58621,31905
49816,58667,31908
49520,58631,31915
47984,58673,31902
45736,58660,31853
44328,58661,31798
43120,58607,31663
41928,58540,31797
41120,58567,31783
40384,58565,31700
39640,58567,31812
38828,58604,31751
37938,58623,31820
36999,58541,31824
35972,58544,31922
34976,58591,31876
34053,58567,31884
33120,58525,31894
32300,58502,31813
31716,58503,31795
31284,58439,31760
31032,58564,31960
30944,58584,31879
30876,58495,31887
30864,58557,31941
30704,58478,31895
30664,58495,31648
30614,58422,31964
30468,58469,31974
30446,58493,31911
30488,58500,31711
30540,58535,32053
30672,58545,32031
30756,58468,32045
30756,58535,32060
30804,58524,32035
30741,58436,31845
30696,58439,32113
30664,58453,32145
30632,58452,32113
30717,58455,32135
30772,58396,32045
30792,58511,31974
30808,58503,32078
30828,58503,32241
30840,58489,32206
30872,58452,32161
30888,58429,32181
30967,58404,32189
30964,58359,32156
30936,58375,32158
30948,58469,32040
30988,58479,31919
31092,58487,32159
31156,58463,32272
31096,58461,32192
31040,58356,32216
30976,58375,32022
30960,58364,32101
31020,58375,32256
31068,58308,32177
31100,58432,32173
31080,58459,32209
30988,58435,32197
30900,58421,32069
30820,58412,31977
30740,58363,32148
30760,58348,32227
30760,58309,32180
30800,58349,32125
30808,58276,32003
30780,58375,32085
30724,58431,32150
30664,58421,32145
30728,58345,32017
30596,58375,32132
30436,58308,32132
30334,58311,32098
30360,58279,31909
30452,58333,32110
30469,58325,32188
30452,58341,32201
30376,58388,32180
30368,58373,32173
30297,58373,32140
30212,58356,32169
30105,58311,32169
29984,58301,32108
29933,58281,32077
29964,58309,31988
29988,58286,32164
30036,58295,32196
30053,58349,32270
30060,58351,32191
29972,58281,32153
29900,58334,32159
29796,58284,32052
29712,58182,32175
29676,58221,32316
29724,58261,32348
29776,58268,32263
29798,58303,32305
29888,58327,32327
29958,58309,32147
29920,58312,32319
29948,58288,32337
30004,58263,32340
29988,58217,32292
29932,58229,32094
29940,58221,32295
30006,58145,32442
30064,58285,32349
30168,58287,32341
30292,58287,32376
30368,58281,32357
30425,58247,32372
30484,58231,32357
30552,58112,32375
30597,58199,32330
30736,58207,32268
30912,58156,32199
31140,58215,32119
31324,58247,32061
31481,58247,32236
31588,58224,32198
31660,58228,32261
31800,58199,32374
31828,58149,32405
31908,58148,32318
32068,58141,32324
32249,58119,32340
32454,58204,32348
32600,58239,32327
32605,58223,32353
32688,58205,32313
32868,58132,32236
33109,58173,32220
33216,58119,31973
33272,58119,32095
33394,58140,32122
33516,58119,32132
33560,58175,32116
33600,58183,32136
33672,58175,32018
33700,58174,32185
33736,58153,32164
33752,58119,32143
33665,58020,32229
33620,58084,32135
33649,58100,32120
33796,58041,32104
33880,58151,32076
33932,58164,32060
33948,58151,32032
33924,58153,32036
33933,58135,31932
33908,58109,31847
33860,58056,31959
33853,58061,31953
33900,58087,32008
33908,58077,31916
33852,58060,31921
33824,58119,31748
33896,58060,31791
33916,58119,31943
33949,58108,31831
33896,58055,31866
33884,58049,31824
33813,57972,31764
33784,58045,31544
33796,58055,31821
33916,58068,31832
33951,58102,31788
33896,58033,31787
33816,58093,31644
33784,58007,31692
33701,58055,31801
33608,58009,31743
33604,58025,31732
33684,58021,31618
33728,58021,31414
33733,58077,31750
33828,58041,31676
33876,58079,31703
33828,58063,31684
33860,58053,31431
33833,58024,31605
33665,58015,31719
33548,57988,31663
33516,58013,31634
33596,58013,31650
33632,57975,31642
33629,58068,31639
33648,58060,31599
33626,58057,31585
33654,58055,31424
33565,58007,31375
33480,57935,31658
33504,57972,31629
33468,57895,31669
33384,57991,31656
33328,58021,31655
33318,58031,31651
33315,57991,31668
33260,58037,31576
33212,58031,31493
33188,57927,31469
33085,57967,31481
33048,57967,31596
33036,57967,31724
33024,57928,31661
33124,58000,31692
33144,58037,31685
33156,58020,31687
33124,58031,31648
33076,58013,31636
33024,57977,31546
32988,57863,31469
33004,57965,31585
33028,57959,31745
33008,57983,31687
33040,58004,31703
33081,57967,31597
33072,58007,31474
33108,58007,31596
33040,58004,31761
32996,57956,31660
32928,57927,31682
32968,57911,31673
33104,57955,31677
33184,57955,31565
33308,57977,31483
33328,57964,31409
33344,58008,31638
33352,57991,31616
33328,57919,31714
33270,57948,31636
33220,57919,31648
33208,57924,31648
33241,57919,31590
33312,57924,31527
33301,57975,31377
33252,57988,31715
33224,57980,31642
33229,57972,31643
33265,57952,31628
33228,57878,31454
33189,57905,31526
33212,57823,31628
33208,57902,31630
33236,57901,31610
33336,57948,31615
33376,57964,31604
33304,57964,31620
33180,57956,31613
33128,57911,31604
33152,57901,31599
33108,57863,31558
33044,57879,31491
33086,57884,31492
33125,57809,31660
33189,57916,31600
33216,57880,31552
33201,57920,31359
33084,57931,31508
32944,57911,31655
32876,57863,31586
32864,57833,31611
32892,57849,31432
32980,57780,31684
33120,57861,31626
33168,57820,31610
33038,57930,31626
32596,57910,31588
32028,57910,31581
31164,57903,31537
30120,57860,31444
29280,57841,31591
28616,57828,31679
28042,57832,31622
27334,57841,31639
26952,57895,31556
26976,57903,31429
27456,57824,31384
28509,57876,31636
30332,57804,31700
33172,57853,31628
36608,57748,31652
40328,57824,31608
43908,57828,31541
46768,57860,31536
48632,57892,31511
49564,57900,31536
49424,57927,31495
48024,57908,31597
46104,57892,31585
44929,57840,31476
43928,57816,31519
42680,57764,31609
41920,57820,31636
41204,57829,31664
40332,57821,31665
39348,57863,31674
38336,57814,31679
37232,57863,31666
36084,57863,31684
34945,57735,31623
33900,57800,31605
33025,57784,31548
32280,57812,31468
31708,57821,31716
31380,57797,31733
31204,57861,31684
31136,57860,31693
30932,57863,31718
30796,57839,31700
30674,57743,31461
30553,57772,31780
30548,57692,31761
30540,57783,31797
30556,57784,31817
30524,57839,31699
30544,57854,31772
30528,57863,31940
30472,57828,31940
30404,57828,31874
30308,57788,31919
30250,57760,31937
30292,57702,31905
30476,57764,31693
30556,57701,31990
30616,57789,32060
30680,57855,31999
30700,57848,32007
30632,57834,32036
30624,57735,32001
30668,57764,31892
30732,57757,31892
30736,57765,31836
30708,57767,31983
30748,57695,32142
30852,57806,32085
30976,57837,32087
30956,57844,32092
30842,57816,32072
30780,57735,31924
30761,57760,32164
30792,57756,32135
30836,57773,32117
30832,57766,32007
30836,57765,32031
30886,57823,32148
30937,57847,32076
30908,57836,32100
30788,57824,32092
30742,57756,32084
30612,57790,32052
30545,57753,31863
30609,57756,31988
30676,57782,32127
30700,57708,32088
30700,57824,32135
30736,57844,32079
30724,57844,32088
30676,57845,32040
30644,57824,32037
30528,57753,32044
30432,57783,32008
30384,57761,31993
30311,57724,31871
30256,57783,31801
30136,57839,31796
30140,57863,31759
30158,57853,32039
30064,57813,32089
30016,57833,32044
29904,57800,32069
29872,57783,32084
29816,57792,32057
29765,57799,31929
29788,57812,32179
29852,57863,32100
29852,57863,32127
29780,57862,32007
29716,57860,32020
29658,57842,32195
29532,57735,32152
29420,57815,32191
29368,57808,32212
29423,57807,32116
29524,57828,31951
29620,57849,32159
29636,57886,32210
29580,57901,32286
29600,57876,32363
29577,57887,32267
29532,57783,32280
29533,57829,32303
29532,57825,32303
29564,57852,32319
29676,57863,32329
29620,57911,32192
29676,57925,32135
29717,57913,32222
29776,57832,32388
29788,57919,32415
29728,57895,32309
29724,57823,32300
29804,57863,32151
29981,57876,32116
30156,57895,32237
30356,57863,32393
30549,57952,32314
30800,57911,32327
30996,57959,32131
31196,57863,32359
31412,57900,32273
31520,57899,32284
31668,57863,32270
31869,57892,32108
32188,57935,32218
32420,57985,32239
32616,57991,32263
32772,57946,32244
32928,57956,32226
33040,57991,32225
33045,57964,32169
33024,57895,32159
33156,57964,32072
33288,57967,32000
33402,57919,31892
33517,58031,32063
33625,58055,32141
33914,58030,32135
33934,58047,32119
33780,57975,32112
33735,57960,31830
33720,57991,32135
33780,58020,32052
33820,58031,32028
33852,58048,32014
33976,58084,31857
34116,58039,31924
34172,58119,32037
34156,58116,31914
34140,58119,31916
34106,58078,31787
34020,58076,31947
34024,58079,31861
34008,58103,31810
34081,58112,31669
34140,58104,31509
34204,58176,31863
34200,58196,31832
34120,58197,31748
34112,58204,31769
34119,58160,31693
34016,58143,31696
33896,58167,31686
33828,58183,31691
33838,58207,31512
33972,58236,31436
34076,58276,31342
34172,58300,31608
34160,58279,31629
34161,58292,31631
34180,58271,31604
34120,58199,31566
34100,58262,31540
34160,58276,31509
34072,58286,31505
34068,58321,31473
34088,58372,31495
34036,58375,31440
33932,58308,31538
33836,58368,31329
33852,58365,31109
33873,58349,31354
33881,58325,31479
33826,58375,31380
33912,58324,31367
33853,58471,31342
33824,58487,31280
33776,58428,31263
33764,58503,31023
33764,58503,31220
33704,58452,31288
33712,58461,31354
33696,58484,31317
33676,58503,31271
33640,58527,31281
33584,58551,31272
33528,58607,31257
33568,58612,31239
33616,58628,31259
33616,58614,31173
33460,58621,31076
33392,58598,31038
33416,58543,31044
33345,58631,31038
33304,58652,30996
33338,58631,31055
33348,58751,31297
33392,58743,31185
33372,58759,31213
33356,58759,31212
33241,58743,31204
33256,58729,30996
33293,58748,31148
33352,58759,31239
33372,58791,31177
33316,58815,31172
33348,58887,31077
33368,58887,31078
33429,58911,31161
33424,58887,31148
33420,58883,31060
33532,58869,30892
33576,58887,31096
33629,58868,31168
33596,58941,31169
33596,58999,31215
33653,58965,31166
33688,59005,31156
33718,59052,31078
33712,59060,30890
33604,59015,31169
33496,59044,31114
33376,59044,31121
33320,59068,30828
33312,59086,31151
33336,59069,31086
33416,59201,31118
33404,59183,31103
33376,59204,31099
33396,59221,30917
33424,59181,30973
33305,59157,31183
33285,59183,31100
33336,59223,31111
33356,59261,31080
33364,59300,30977
33344,59271,30918
33358,59312,30921
33412,59361,31175
33404,59372,31115
33396,59343,31096
33300,59348,30931
33286,59349,31007
33218,59380,31120
33180,59399,31085
33288,59399,31111
33360,59480,31111
33332,59399,31108
33356,59460,30996
33444,59439,31042
33476,59509,31156
33304,59495,31120
33212,59447,31136
33388,59527,31175
33292,59559,31157
33158,59541,31150
32934,59671,31153
32496,59679,30903
31816,59684,31124
31022,59679,31252
30160,59572,31178
29428,59653,31159
28660,59655,31194
28132,59623,31188
27568,59709,31188
27373,59739,31032
27513,59780,30876
28124,59822,31129
29278,59820,31205
31456,59844,31212
34468,59831,31190
37992,59822,31012
41592,59780,31180
44716,59886,31264
47244,59911,31238
48840,59980,31248
49664,60004,31114
49008,60023,30936
47432,60023,31343
45880,60023,31286
45028,59945,31261
43864,59943,31225
42932,59999,31094
42244,60015,30988
41440,60039,31268
40312,60100,31328
39105,60060,31359
38032,60124,31314
36868,60151,31289
35681,60116,31303
34684,60132,31153
33708,60039,30999
32936,60143,31260
32292,60161,31351
31792,60135,31331
31432,60253,31364
31200,60276,31348
31052,60276,31393
30940,60271,31404
30820,60280,31404
30724,60268,31367
30660,60228,31301
30640,60284,31239
30692,60284,31230
30717,60324,31160
30689,60384,31545
30847,60412,31533
30872,60324,31539
30852,60423,31548
30808,60416,31567
30753,60382,31597
30758,60392,31614
30752,60413,31562
30788,60348,31548
30901,60461,31487
30878,60519,31600
30940,60551,31716
31033,60532,31702
30868,60551,31699
30789,60549,31764
30753,60519,31769
30740,60527,31777
30780,60535,31806
30744,60551,31788
30912,60501,31808
31216,60647,31751
31492,60660,31783
31376,60678,31657
31480,60668,31950
31385,60679,31877
31221,60641,31888
31120,60551,31905
31028,60665,31939
31074,60672,31922
31112,60623,31924
31064,60736,31964
31176,60743,31972
31200,60788,31974
30956,60799,31924
30888,60720,31918
30801,60742,31826
30816,60762,31847
30864,60743,31787
30800,60728,31944
30884,60831,31972
30928,60821,31988
30864,60876,32070
30681,60860,32078
30536,60884,32106
30568,60900,31937
30512,60871,32093
30324,60820,32228
30309,60806,32221
30340,60895,32172
30425,60919,32202
30492,60967,32036
30524,60999,32239
30481,60996,32356
30396,60933,32358
30360,60996,32327
30245,60879,32338
30200,60957,32346
30152,60935,32063
30192,60991,32426
30111,61004,32516
30068,61063,32456
30064,61081,32485
30088,60991,32488
30021,61088,32512
29956,61063,32484
29881,61052,32263
29792,61039,32516
29677,60935,32669
29709,61020,32641
29712,61081,32625
29682,61143,32656
29688,61156,32669
29624,61076,32676
29560,61167,32687
29510,61144,32714
29428,61119,32600
29400,61076,32543
29408,61117,32460
29476,61047,32445
29548,61151,32841
29577,61191,32803
29692,61233,32783
29752,61216,32799
29745,61223,32791
29792,61215,32580
29808,61095,32765
29877,61183,32849
29957,61180,32816
30052,61213,32816
30176,61211,32824
30360,61191,32828
30516,61247,32732
30784,61280,32616
30945,61273,32551
31072,61271,32536
31212,61228,32537
31398,61231,32615
31676,61223,32525
31924,61239,32517
32192,61273,32780
32388,61303,32844
32556,61319,32920
32692,61332,32918
32824,61318,32823
32940,61233,32862
33048,61228,32829
33172,61191,32714
33354,61276,32669
33476,61282,32636
33560,61191,32608
33728,61341,32609
33840,61364,32631
33896,61294,32487
33940,61347,32813
33964,61359,32869
34004,61309,32768
34012,61301,32807
34004,61305,32760
34088,61312,32748
34100,61335,32725
34268,61286,32743
34306,61405,32727
34296,61383,32708
34292,61381,32679
34248,61385,32677
34156,61343,32653
34304,61237,32631
34432,61339,32601
34420,61340,32580
34440,61282,32575
34529,61409,32559
34580,61412,32528
34540,61423,32538
34596,61343,32513
34520,61408,32519
34356,61374,32471
34311,61266,32470
34264,61319,32313
34200,61373,32321
34228,61383,32297
34236,61429,32325
34304,61415,32300
34280,61430,32260
34244,61381,32322
34212,61423,32335
34128,61366,32341
34020,61364,32061
33948,61367,32379
33964,61353,32357
33896,61349,32317
33920,61447,32325
34028,61447,32241
34140,61364,32109
34228,61447,32012
34020,61431,32172
33980,61405,32343
33964,61380,32245
33845,61391,32240
33804,61404,31917
33792,61421,32191
33900,61442,32237
34028,61383,32193
33992,61479,32196
33844,61447,32175
33824,61447,31907
33768,61415,32189
33672,61388,32123
33552,61382,32119
33580,61400,31949
33718,61413,32036
33800,61447,32101
33769,61463,32117
33788,61468,32072
33800,61447,31999
33744,61357,31775
33596,61397,32132
33584,61304,32039
33672,61319,32063
33824,61404,32029
33912,61418,31950
33953,61415,31905
33916,61469,31822
33848,61471,31985
33708,61447,32078
33632,61370,32011
33560,61389,31979
33452,61380,31966
33396,61401,31899
33336,61391,31863
33360,61404,31811
33392,61446,31887
33457,61471,31870
33476,61446,31861
33366,61389,31986
33292,61442,31902
33224,61392,31903
33204,61357,31892
33216,61360,31911
33216,61319,31879
33124,61407,31805
33144,61439,31644
33286,61447,31533
33365,61447,31853
33386,61440,31870
33428,61423,31848
33448,61384,31666
33400,61356,31583
33354,61332,31751
33352,61380,31794
33285,61388,31876
33300,61416,31796
33412,61429,31812
33368,61417,31797
33408,61407,31805
33424,61318,31784
33332,61361,31717
33241,61351,31600
33244,61356,31700
33345,61351,31808
33324,61379,31751
33352,61388,31761
33404,61351,31564
33412,61394,31688
33325,61313,31733
33286,61364,31749
33185,61244,31668
33217,61318,31564
33272,61319,31655
33328,61319,31737
33400,61319,31735
33448,61369,31727
33456,61391,31727
33368,61357,31682
33250,61373,31550
33229,61252,31495
33333,61319,31616
33292,61280,31745
33300,61291,31734
33338,61301,31729
33440,61297,31732
33488,61340,31727
33520,61300,31735
33536,61356,31689
33488,61332,31652
33484,61268,31572
33494,61287,31415
33439,61255,31824
33376,61247,31763
33349,61252,31757
33300,61191,31639
33356,61312,31717
33332,61319,31735
33056,61278,31744
32532,61309,31855
31792,61191,31836
30782,61202,31814
29904,61127,31637
29140,61221,31834
28312,61181,31845
27640,61238,31853
27188,61225,31537
27048,61286,31929
27193,61269,31901
27889,61274,31878
29272,61224,31853
31717,61129,31677
34880,61191,31893
38508,61210,31929
42044,61228,31916
45208,61244,31918
47564,61280,31945
49136,61296,31901
49716,61276,31856
48692,61224,31909
47252,61260,31965
46080,61191,31976
45404,61190,31824
44248,61165,32082
43364,61172,31988
42648,61180,31996
41716,61223,31846
40464,61238,32000
39236,61216,32006
37992,61223,31822
36820,61177,32044
35649,61140,32031
34564,61104,32032
33596,61111,31765
32688,61079,32037
32016,61037,32038
31568,61152,31888
31324,61084,32037
31160,61172,32077
30916,61150,32085
30849,61133,32042
30808,61084,32027
30584,61060,32140
30540,61063,32132
30560,61057,31989
30536,61063,32253
30524,61109,32180
30536,61125,32103
30544,61117,32164
30492,61092,32279
30425,61004,32277
30380,61045,32263
30388,61013,32291
30432,61007,32300
30458,61012,32165
30424,61031,32023
30524,61063,32292
30612,61045,32420
30652,61057,32407
30692,61053,32359
30680,61023,32079
30648,60997,32377
30652,60956,32415
30637,60935,32424
30644,60900,32301
30633,60965,32407
30573,61004,32442
30648,61007,32469
30760,60999,32437
30768,60935,32468
30869,60935,32498
30837,60912,32495
30856,60879,32241
30868,60901,32230
30838,60908,32459
30848,60911,32482
30933,60935,32584
31064,60973,32516
31028,60935,32524
31055,60935,32496
31048,60916,32485
30941,60782,32396
30868,60820,32204
30933,60832,32439
30848,60863,32530
30788,60860,32470
30821,60888,32476
30793,60804,32348
30752,60893,32432
30668,60807,32449
30608,60836,32463
30496,60807,32352
30360,60791,32541
30260,60796,32476
30300,60791,32420
30344,60807,32237
30348,60847,32447
30348,60837,32473
30316,60764,32293
30196,60781,32370
30060,60704,32519
29936,60759,32516
29816,60717,32500
29864,60674,32361
29932,60712,32444
29862,60679,32503
29840,60759,32468
29820,60772,32330
29728,60765,32492
29556,60700,32246
29445,60724,32448
29332,60676,32497
29281,60665,32391
29272,60660,32596
29280,60671,32637
29228,60655,32636
29240,60615,32602
29328,60703,32436
29416,60655,32724
29358,60676,32687
29284,60556,32709
29188,60615,32612
29184,60519,32399
29190,60577,32735
29212,60577,32724
29276,60588,32463
29366,60540,32756
29380,60629,32724
29322,60540,32748
29248,60583,32705
29220,60583,32567
29273,60544,32756
29248,60500,32736
29268,60516,32775
29456,60469,32745
29706,60508,32556
29956,60460,32724
30120,60565,32741
30344,60543,32748
30520,60535,32755
30582,60453,32421
30664,60468,32791
30784,60351,32727
31128,60423,32644
31376,60423,32637
31680,60447,32679
32036,60479,32727
32284,60491,32697
32372,60453,32529
32532,60399,32562
32664,60412,32732
32780,60295,32642
32866,60347,32572
32928,60319,32565
33056,60359,32586
33268,60319,32604
33494,60399,32592
33722,60393,32412
33680,60369,32581
33724,60295,32544
33740,60332,32280
33712,60295,32489
33636,60277,32492
33636,60276,32329
33772,60263,32189
33852,60277,32381
33876,60321,32405
33888,60326,32402
34048,60311,32269
34080,60272,32076
34080,60183,32316
34192,60210,32297
34180,60196,32129
34140,60199,32203
34228,60160,32192
34268,60197,32207
34276,60153,32106
34376,60243,31926
34384,60228,32105
34336,60215,32151
34232,60199,32127
34172,60127,32081
34184,60111,31984
34204,60124,31724
34184,60111,32031
34128,60127,32028
34086,60149,31984
34139,60160,31788
34172,60132,31925
34144,60120,31951
34072,60077,31963
34052,60028,31933
33985,60023,31765
33904,60015,31791
33924,60031,31972
33944,60039,31927
34020,59968,31919
33948,60052,31860
33796,59989,31874
33888,60039,31837
33960,60007,31833
33952,59886,31774
33904,59895,31504
33864,59943,31784
33829,59941,31869
33780,59949,31809
33868,59892,31780
33988,59989,31725
33989,59968,31540
33905,59896,31717
33712,59932,31831
33696,59892,31716
33688,59823,31717
33600,59809,31741
33584,59853,31693
33696,59780,31701
33750,59908,31693
33724,59892,31605
33716,59885,31450
33728,59854,31535
33712,59834,31677
33700,59804,31668
33640,59773,31648
33664,59783,31565
33572,59772,31364
33424,59764,31612
33484,59783,31664
33536,59812,31660
33389,59807,31604
33292,59783,31623
33304,59757,31586
33322,59710,31618
33288,59695,31588
33344,59680,31590
33270,59693,31508
33244,59695,31391
33380,59716,31529
33580,59676,31549
33676,59725,31572
33604,59703,31452
33488,59685,31492
33420,59635,31550
33400,59608,31540
33348,59607,31578
33316,59567,31556
33380,59604,31301
33464,59639,31559
33496,59637,31556
33488,59600,31517
33404,59604,31476
33344,59602,31350
33296,59527,31218
33252,59424,31513
33230,59525,31556
33236,59511,31500
33257,59524,31521
33272,59559,31357
33310,59564,31529
33284,59540,31489
33192,59508,31511
33116,59423,31307
33010,59447,31513
33020,59436,31461
33088,59348,31431
33088,59420,31488
33088,59388,31477
33168,59367,31259
33272,59440,31406
33274,59356,31552
33304,59399,31513
33216,59399,31463
33112,59348,31378
33056,59308,31343
32924,59271,31495
33000,59345,31468
33076,59278,31471
33104,59359,31428
33120,59301,31199
33084,59348,31442
33084,59286,31465
33076,59329,31463
32948,59264,31414
32864,59193,31437
32836,59239,31415
32884,59252,31224
32964,59252,31412
32960,59296,31389
32905,59229,31397
32938,59271,31197
32864,59262,31313
32665,59188,31367
32708,59099,31366
32824,59159,31132
32872,59140,31308
32849,59143,31343
32900,59175,31345
32909,59197,31306
33056,59212,31156
33116,59189,31024
33169,59172,31309
33220,59143,31401
33196,59103,31315
33152,59072,31286
33156,59015,31333
33225,59065,31367
33229,59076,31317
33176,59111,31332
33277,59100,31256
33340,59096,31264
33296,59076,31246
33309,59055,31223
33204,59006,31233
33052,58887,31192
32985,58991,31054
33112,58980,31140
33200,58990,31239
33230,59015,31212
33228,59015,31170
33220,58991,31206
33240,58981,31204
33212,58975,31173
33124,58919,31005
33080,58887,31087
32974,58884,31205
33002,58887,31151
32964,58887,31153
33049,58938,31137
33092,58933,31086
33040,58844,30993
32928,58887,30882
33004,58805,31111
32957,58836,31221
32932,58804,31173
32977,58780,31129
33028,58799,31153
33048,58809,31101
33117,58844,31143
33232,58833,31129
33188,58759,31036
33100,58751,30975
32961,58783,30864
32791,58679,30828
32552,58708,31068
31905,58631,31109
31148,58692,31110
30184,58620,31110
29241,58708,31103
28513,58751,31090
27734,58743,31092
27076,58711,31030
26376,58700,30929
26076,58631,30892
26200,58615,30816
26716,58608,30772
28029,58621,31028
30682,58631,31148
34156,58631,31038
38104,58664,31049
41852,58664,31047
45048,58652,30761
47624,58631,31013
49344,58580,31078
50068,58526,31036
49296,58575,30973
47592,58561,30997
46008,58503,30918
45188,58582,30996
44064,58599,31052
43092,58583,31045
42320,58541,31005
41430,58471,30969
40286,58468,30977
39040,58455,30952
37820,58448,30890
36656,58398,30702
35592,58406,30636
34716,58495,30965
33740,58486,30919
32856,58464,30959
32192,58464,30927
31652,58432,30942
31298,58399,30892
31022,58356,30779
30880,58368,30983
30724,58369,30960
30716,58360,30948
30700,58404,31001
30612,58404,31012
30546,58389,31065
30504,58364,31052
30572,58357,30967
30528,58295,30864
30364,58287,30823
30348,58276,31209
30513,58276,31109
30596,58277,31175
30572,58300,31183
30600,58316,31184
30636,58296,31095
30680,58287,30935
30684,58247,30935
30670,58157,31135
30636,58188,31156
30708,58173,31171
30742,58180,31168
30772,58199,31364
30856,58228,31279
30940,58240,31304
30874,58212,31261
30932,58191,31144
30936,58165,31193
30840,58052,31239
30833,58092,31400
30878,58011,31335
30945,58087,31311
30974,58105,31326
31116,58145,31326
31012,58145,31108
30920,58119,31374
30900,58102,31291
30936,58097,31332
30876,58047,31310
30821,58028,31141
30776,58013,31196
30813,57940,31309
30730,58044,31378
30784,58049,31332
30772,58005,31269
30740,58047,31272
30716,57983,31225
30688,58017,31132
30662,57964,31089
30652,57856,31027
30620,57949,31266
30672,57953,31305
30624,57863,31362
30620,57967,31279
30588,57911,31317
30476,57972,31261
30416,57949,31072
30416,57944,31424
30321,57895,31349
30236,57813,31397
30204,57860,31175
30152,57863,31425
30166,57863,31415
30100,57839,31455
30064,57903,31313
29948,57847,31520
29896,57863,31509
29808,57862,31575
29730,57807,31393
29676,57793,31684
29585,57764,31627
29509,57756,31615
29432,57711,31583
29452,57823,31683
29377,57825,31717
29306,57820,31750
29205,57799,31780
29144,57769,31666
29252,57729,31808
29248,57664,31836
29216,57708,31740
29216,57628,31913
29310,57701,31901
29336,57735,31876
29356,57748,31884
29432,57710,31929
29409,57719,31964
29312,57719,31812
29216,57648,31937
29108,57639,32026
29060,57539,32012
29108,57630,31869
29213,57600,32125
29352,57575,32045
29456,57666,32057
29536,57648,31821
29596,57649,32112
29728,57631,32091
29797,57569,32004
29852,57564,31997
30024,57552,32140
30188,57492,32088
30404,57563,32076
30740,57562,32083
31000,57591,32096
31108,57548,32086
31212,57557,31925
31424,57479,32181
31644,57479,32119
31856,57471,32117
31980,57479,31940
32152,57473,32153
32412,57444,32113
32693,57516,32084
32880,57513,32119
33044,57503,32101
33201,57465,32103
33332,57447,32066
33358,57412,31890
33312,57407,31810
33396,57391,31879
33453,57397,31813
33592,57341,32140
33868,57447,32149
33893,57428,32073
33936,57421,32113
33878,57327,32036
33928,57351,32050
33984,57343,32046
34004,57322,31879
34020,57303,31764
34184,57319,31965
34240,57317,31975
34240,57351,32007
34256,57351,31999
34232,57308,31942
34212,57343,31857
34264,57309,31808
34105,57262,31967
34069,57237,32029
34148,57238,32016
34140,57245,32063
34201,57248,31984
34190,57282,31974
34112,57222,31988
34176,57278,31921
34224,57263,31921
34168,57243,31823
34028,57199,31948
34048,57165,32013
34116,57164,32006
34088,57159,32012
33996,57180,31956
34080,57180,31900
34140,57223,31866
34108,57212,31995
34236,57211,32100
34188,57172,32104
34070,57125,32100
34008,57044,32017
33936,57116,32016
33940,57112,32042
33948,57132,32047
33996,57155,31876
34092,57132,31964
34120,57127,32118
34040,57141,32044
33856,57091,32018
33806,57063,32072
33760,57056,32071
33880,57060,32085
33800,57057,32052
33828,57023,31940
33876,57092,32029
34119,57095,32095
34062,57063,32060
34109,57040,32108
34122,57044,32074
34112,57015,31893
34104,56967,31943
34080,56999,32072
34180,56988,32066
34148,56967,31983
34064,57048,31996
34128,56996,32055
34055,57028,31960
33904,56966,32146
33956,56999,32197
34052,56957,32179
34048,56935,32220
33916,56933,32228
33964,56943,32120
34096,56908,32052
34088,56975,32210
34028,56951,32309
34108,56991,32231
34132,56951,32228
33888,56948,32241
33788,56839,32260
33884,56855,32257
33917,56876,32222
33920,56884,32171
33780,56896,32111
33944,56934,32020
34044,56895,32020
34040,56913,32218
33896,56918,32310
33752,56903,32246
33676,56839,32256
33584,56839,32224
33492,56831,31990
33444,56839,32303
33493,56860,32228
33644,56895,32126
33644,56828,32172
33680,56871,32236
33744,56795,32184
33660,56839,32085
33596,56812,32134
33616,56784,32135
33533,56795,32164
33524,56783,32090
33556,56732,31963
33564,56828,32185
33592,56812,32079
33514,56829,32115
33500,56831,32020
33454,56740,31836
33453,56756,32103
33480,56692,32034
33420,56741,32050
33332,56695,31815
33333,56775,32034
33400,56805,31985
33416,56807,31973
33452,56772,32079
33324,56781,31981
33230,56775,31837
33145,56724,32016
33144,56697,31946
33125,56711,31734
33120,56711,31961
33156,56740,31927
33193,56754,31872
33224,56759,31885
33204,56684,31799
33211,56692,31796
33216,56663,31821
33212,56692,31868
33260,56672,31716
33281,56680,31913
33216,56676,31833
33216,56710,31679
33232,56733,31781
33276,56680,31824
33184,56720,31797
33157,56672,31654
33191,56700,31751
33212,56666,31751
33172,56656,31782
33132,56644,31613
33140,56673,31767
33100,56599,31777
33028,56708,31557
32996,56704,31807
32912,56708,31767
33036,56710,31565
33036,56623,31764
32936,56638,31748
32964,56549,31657
32784,56607,31591
32832,56551,31735
32940,56647,31748
32901,56608,31549
32904,56697,31648
32892,56695,31788
32876,56673,31747
32756,56662,31706
32724,56548,31469
32620,56621,31727
32654,56615,31725
32776,56583,31721
32804,56639,31716
32908,56637,31559
32844,56681,31623
32894,56626,31735
32968,56679,31700
32992,56640,31556
32972,56608,31727
32976,56605,31684
33048,56605,31600
33044,56609,31615
33116,56624,31688
33101,56690,31647
33160,56677,31623
33177,56670,31484
33216,56653,31599
33073,56577,31636
33068,56598,31623
33120,56511,31533
33112,56580,31503
33077,56607,31598
33149,56616,31590
33208,56647,31340
33373,56655,31561
33336,56655,31603
33196,56641,31541
33132,56637,31404
33136,56583,31257
33148,56487,31556
33144,56545,31535
33096,56572,31440
32940,56612,31391
33124,56645,31464
33268,56645,31479
33212,56572,31427
33204,56631,31485
33148,56560,31345
33102,56583,31528
33032,56536,31457
32996,56566,31352
33028,56583,31516
33100,56583,31439
33125,56641,31346
33101,56645,31291
33108,56638,31490
33080,56631,31423
33100,56612,31269
33024,56495,31454
32888,56541,31412
32876,56564,31261
32904,56572,31494
32997,56583,31406
32976,56645,31349
32640,56638,31311
32044,56642,31396
31112,56624,31416
30024,56533,31421
29060,56543,31324
28240,56468,31463
27584,56536,31425
27060,56568,31366
26708,56592,31412
26528,56628,31404
27052,56644,31436
27912,56637,31337
29768,56636,31327
32708,56608,31172
36252,56580,31364
40012,56572,31529
43484,56583,31448
46476,56583,31471
48472,56628,31464
49768,56654,31479
49956,56672,31329
48773,56664,31226
46920,56656,31429
45648,56641,31478
44552,56583,31468
43332,56519,31461
42533,56556,31206
41796,56583,31469
40904,56604,31470
39768,56639,31328
38732,56636,31420
37460,56665,31461
36284,56617,31558
35156,56621,31452
34120,56583,31481
33036,56567,31295
32324,56501,31398
31748,56583,31556
31420,56631,31542
31312,56647,31511
31265,56596,31510
31149,56644,31367
30966,56556,31524
30930,56624,31529
30700,56582,31583
30592,56583,31341
30668,56583,31679
30704,56608,31623
30636,56615,31572
30772,56656,31373
30804,56648,31717
30860,56572,31631
30816,56654,31668
30752,56621,31596
30816,56583,31463
30652,56576,31647
30478,56583,31725
30572,56599,31724
30708,56620,31735
30748,56569,31716
30788,56666,31653
30920,56648,31617
30868,56583,31721
30861,56583,31845
30904,56597,31767
30960,56583,31790
31084,56583,31716
31174,56551,31584
31233,56623,31860
31276,56580,31805
31324,56656,31827
31284,56640,31572
31216,56644,31862
31252,56636,31824
31158,56605,31836
31077,56576,31844
31150,56583,31760
31076,56615,31695
30936,56621,31685
30944,56660,31606
31028,56679,31742
31056,56658,31886
31024,56572,31821
31028,56615,31816
30912,56598,31793
30829,56565,31716
30824,56583,31623
30702,56599,31874
30692,56615,31785
30600,56663,31703
30632,56583,31573
30684,56639,31802
30620,56572,31806
30537,56629,31609
30496,56539,31825
30466,56579,31807
30456,56583,31762
30424,56608,31731
30372,56617,31905
30332,56669,31808
30240,56639,31854
30128,56583,31700
30096,56649,31943
30100,56544,31849
29970,56583,31839
29848,56518,31766
29828,56580,31876
29704,56547,31928
29568,56613,31814
29580,56668,31911
29492,56660,31925
29536,56583,31744
29337,56652,32049
29288,56548,31965
29328,56613,31981
29484,56559,31818
29556,56583,32084
29545,56556,32001
29500,56623,31779
29612,56672,32044
29644,56671,32038
29600,56667,31836
29601,56666,32112
29504,56624,32063
29464,56521,31962
29356,56569,32062
29314,56500,32036
29344,56572,32085
29284,56543,31874
29220,56656,32085
29268,56631,32064
29264,56647,32007
29228,56583,31876
29312,56621,32150
29300,56559,32071
29316,56564,31904
29420,56583,32063
29492,56583,32054
29574,56621,32014
29628,56647,31802
29892,56674,32085
30076,56647,32022
30100,56598,32052
30240,56615,31833
30432,56569,32100
30489,56575,32007
30780,56567,32020
31064,56583,31814
31296,56577,32015
31636,56629,31977
31948,56573,31872
32112,56629,31780
32284,56612,31998
32460,56612,31911
32604,56567,31919
32776,56485,31909
32890,56568,31858
32912,56572,31841
33068,56577,31705
33200,56637,31783
33296,56639,31868
33405,56643,31806
33512,56614,31813
33580,56525,31708
33568,56548,31741
33568,56527,31748
33596,56549,31775
33712,56570,31461
33944,56514,31737
34084,56615,31662
34124,56631,31503
34153,56612,31700
34176,56621,31684
34180,56583,31612
34116,56567,31424
33926,56541,31572
33936,56516,31655
33908,56552,31591
33925,56511,31558
34004,56600,31565
33992,56543,31407
33988,56612,31388
34016,56607,31239
34012,56583,31596
34016,56523,31541
34036,56495,31485
34062,56528,31508
34044,56484,31495
34029,56557,31377
34086,56567,31436
34080,56599,31434
33992,56600,31442
33981,56583,31249
33924,56521,31487
33940,56509,31451
33924,56524,31361
33960,56524,31484
33924,56516,31420
33896,56473,31280
33888,56582,31460
33980,56572,31406
33928,56549,31119
33932,56575,31352
33924,56545,31388
33880,56500,31348
33773,56468,31111
33672,56519,31348
33764,56512,31343
33790,56537,31289
33836,56573,31046
33888,56576,31412
33880,56580,31328
33816,56494,31215
33792,56549,31044
33684,56412,31388
33640,56487,31312
33664,56415,31306
33493,56501,31156
33492,56447,31025
33504,56549,31305
33504,56548,31367
33572,56549,31264
33500,56531,31280
33528,56518,31226
33500,56455,31016
33313,56397,31341
33216,56468,31276
33120,56495,31204
33373,56508,31081
33468,56455,31341
33500,56540,31239
33569,56540,31267
33468,56455,31228
33424,56509,31157
33504,56404,31281
33520,56486,31245
33401,56468,31287
33348,56491,31205
33384,56492,31133
33400,56520,31298
33368,56541,31258
33304,56495,31281
33200,56521,31230
33196,56455,31348
33104,56455,31317
33008,56383,31257
33080,56477,31300
33264,56468,31276
33328,56492,31120
33377,56518,31039
33325,56532,31029
33260,56506,31268
33294,56518,31375
33245,56500,31381
33261,56447,31287
33133,56439,31329
33145,56455,31336
33292,56439,31353
33332,56469,31321
33340,56512,31239
33348,56509,31344
33380,56509,31326
33398,56503,31356
33392,56476,31239
33212,56437,31221
33152,56381,31405
33093,56437,31369
33100,56438,31334
33140,56455,31356
33220,56495,31316
33325,56495,31316
33300,56495,31276
33264,56487,31120
33181,56455,31410
33160,56423,31367
33069,56327,31342
33020,56372,31352
33029,56423,31329
33204,56440,31316
33396,56492,31074
33412,56406,31353
33368,56476,31349
33364,56431,31215
33357,56448,31237
33180,56423,31343
33156,56392,31347
33132,56421,31204
33160,56415,31418
33184,56446,31321
33230,56463,31348
33226,56484,31153
33324,56464,31375
33276,56455,31317
33172,56447,31340
33020,56359,31357
33016,56388,31274
33013,56311,31079
33060,56404,31327
33060,56420,31415
33026,56473,31321
32852,56455,31340
32896,56470,31304
32908,56448,31060
32916,56391,31423
32864,56391,31344
32728,56308,31349
32628,56388,31109
32608,56380,31389
32724,56405,31308
32828,56402,31340
32868,56476,31303
32892,56455,31220
32840,56371,31181
32760,56436,31095
32784,56384,31401
32764,56365,31309
32820,56327,31344
32816,56415,31324
32744,56413,31317
32820,56429,31054
33024,56455,31396
33056,56383,31388
32944,56440,31311
32878,56429,31335
32852,56300,31332
32796,56374,31332
32872,56379,31168
32976,56311,31236
32974,56413,31064
33016,56452,31252
33164,56356,31299
33156,56453,31303
33164,56428,31329
33184,56417,31364
33084,56391,31404
32938,56344,31421
33052,56391,31341
33056,56399,31355
33134,56421,31325
33132,56452,31207
33216,56447,31181
33268,56455,31202
33240,56445,31097
33176,56413,31108
33028,56327,31324
32936,56375,31452
32876,56351,31376
32949,56399,31367
33064,56414,31393
33070,56381,31330
33173,56455,31161
33258,56449,31448
33294,56447,31433
33284,56431,31399
33184,56391,31367
33116,56388,31444
33128,56397,31440
33156,56389,31361
33132,56408,31251
33086,56455,31409
33072,56471,31564
33061,56452,31453
32988,56439,31494
32808,56421,31485
32260,56407,31260
31585,56388,31535
30924,56351,31509
29872,56407,31540
29012,56417,31319
28320,56470,31448
27541,56455,31582
26940,56387,31524
26445,56448,31564
26336,56436,31381
26496,56412,31561
27233,56391,31574
28972,56369,31579
32004,56397,31500
35744,56441,31498
39600,56484,31694
43148,56488,31676
46320,56425,31596
48453,56495,31628
49680,56468,31428
49672,56454,31708
48464,56431,31620
46680,56380,31647
45464,56437,31660
44504,56439,31668
43356,56484,31638
42620,56505,31432
41860,56501,31429
41092,56420,31692
39956,56449,31665
38680,56423,31685
37464,56381,31564
36276,56437,31516
35028,56436,31585
34041,56446,31641
33180,56449,31671
32505,56506,31704
31828,56415,31558
31500,56487,31777
31124,56389,31751
30860,56429,31748
30748,56354,31623
30576,56431,31709
30492,56407,31825
30460,56455,31781
30572,56509,31828
30464,56484,31854
30356,56509,31668
30348,56501,31903
30428,56469,31862
30396,56441,31799
30397,56358,31952
30484,56436,31927
30533,56361,31948
30564,56480,31944
30717,56511,31873
30830,56484,31764
30812,56519,32069
30692,56512,31996
30576,56495,31981
30424,56384,31930
30280,56421,31848
30544,56373,31990
30636,56449,32050
30664,56484,32041
30788,56543,32025
30928,56517,32034
30976,56540,32097
30900,56508,32047
30892,56422,32073
30788,56455,31943
30772,56432,32157
30848,56455,32053
30940,56479,32069
30958,56455,32072
31049,56535,32081
31040,56540,32004
31076,56548,31887
30912,56537,31824
30900,56508,32100
30880,56388,32066
30796,56477,32026
30724,56484,32014
30840,56447,31933
30836,56494,31798
30796,56549,32049
30949,56564,31949
31044,56551,31980
30852,56469,31960
30750,56528,31937
30612,56492,31709
30372,56484,31973
30564,56485,31916
30722,56452,31893
30680,56508,31656
30720,56547,31963
30736,56580,31845
30586,56564,31873
30472,56469,31868
30736,56541,31879
30764,56485,31777
30608,56422,31588
30520,56455,31921
30524,56511,31901
30609,56509,31885
30564,56572,31847
30552,56568,31825
30516,56560,31810
30352,56486,31815
30152,56550,31810
29924,56503,31850
29852,56500,31845
29798,56489,31796
29748,56516,31711
29740,56549,31748
29788,56582,31906
29908,56583,31840
29784,56577,31877
29728,56561,31880
29548,56532,31853
29392,56519,31783
29316,56444,31844
29345,56516,31764
29292,56529,31943
29320,56551,31905
29312,56583,31940
29288,56583,31959
29389,56579,31745
29420,56501,32016
29320,56571,32015
29192,56524,31971
29140,56452,32004
29144,56512,32013
29276,56527,31985
29428,56550,31964
29440,56572,31900
29604,56496,31809
29508,56583,31820
29612,56573,31853
29888,56559,31834
30032,56528,31817
30080,56496,31815
30328,56484,32020
30452,56532,32135
30533,56536,32148
30504,56572,32084
30816,56598,32054
31293,56580,32058
31376,56510,32059
31681,56557,32063
31916,56506,32054
32080,56503,32056
32256,56516,32046
32417,56524,32037
32584,56528,32036
32672,56576,32028
32892,56500,32047
32933,56519,32029
32916,56583,32028
33076,56544,32041
33217,56503,32036
33284,56468,32031
33420,56475,32037
33400,56513,32037
33652,56471,32039
33744,56580,32030
33893,56572,32036
33828,56510,31968
33740,56568,31980
33712,56535,31964
33633,56423,31853
33580,56445,31800
33660,56505,31812
33785,56501,31991
33822,56455,32040
33872,56573,31997
33880,56565,32007
33928,56564,31983
33932,56548,31781
33896,56541,32006
33812,56492,31980
33728,56476,31998
33868,56484,31940
33922,56476,31740
34029,56520,31768
34136,56556,31941
34242,56565,32039
34028,56556,31974
33816,56532,31956
33840,56455,31987
33917,56484,31972
34164,56476,31989
34204,56480,31971
34148,56476,31837
34250,56447,31927
34328,56528,32052
34184,56476,31990
34208,56543,31962
34012,56535,31797
33940,56512,32052
34028,56468,31959
33948,56388,31996
33790,56455,31988
33728,56477,31941
33752,56508,31777
33916,56533,32042
34056,56545,31961
33988,56521,31991
34060,56511,31855
34036,56431,31900
33864,56455,32060
33772,56447,31969
33880,56455,31999
33796,56455,31919
33900,56469,31853
33932,56447,32069
33836,56534,31991
33786,56428,32002
33836,56487,31993
33646,56428,31860
33548,56447,31937
33484,56389,32069
33532,56420,31974
33680,56449,31984
33629,56487,31988
33724,56500,32007
33872,56501,32002
33896,56503,31999
33796,56469,31996
33672,56452,32003
33544,56443,32006
33404,56420,31996
33192,56424,31972
33360,56348,31910
33377,56455,31838
33480,56476,31820
33420,56500,31789
33416,56463,31816
33496,56479,31912
33452,56453,31996
33456,56413,32076
33346,56375,32025
33511,56391,32034
33584,56407,32063
33549,56396,32086
33518,56463,32075
33685,56455,32048
33864,56455,32087
33816,56423,32089
33808,56420,32133
33704,56385,32087
33565,56376,32033
33594,56295,31791
33624,56391,31860
33640,56407,31859
33624,56436,31873
33660,56405,31870
33684,56417,31813
33741,56421,31845
33780,56412,32015
33612,56365,32154
33500,56359,32116
33472,56359,32054
33556,56295,32072
33565,56381,32095
33624,56409,31963
33720,56415,31919
33564,56401,32160
33524,56352,32056
33484,56360,32109
33480,56274,31952
33436,56292,32030
33424,56260,32078
33556,56325,32106
33332,56348,31973
33352,56391,31901
33488,56399,32154
33376,56380,32207
33456,56375,32181
33360,56327,32154
33180,56311,32120
33109,56296,32116
33164,56256,32135
33332,56317,32157
33384,56327,32168
33380,56364,32022
33440,56375,32001
33309,56292,32030
33261,56327,31927
33169,56244,32221
32976,56288,32204
32916,56276,32172
32992,56269,32213
33048,56276,32221
33012,56236,32141
33116,56327,32305
33164,56327,32236
33205,56327,32231
33188,56327,32120
33132,56301,32334
33044,56199,32290
33190,56259,32268
33120,56255,32095
33004,56263,32328
33044,56263,32295
33020,56319,32320
33046,56260,32207
32998,56295,32238
32989,56232,32337
32968,56236,32367
32944,56192,32236
32901,56223,32446
32841,56195,32387
32792,56240,32325
32840,56264,32373
32900,56297,32391
32840,56238,32431
32780,56295,32332
32788,56232,32519
32880,56236,32431
32864,56229,32452
32948,56231,32480
33064,56212,32466
33182,56211,32317
33282,56250,32564
33248,56258,32508
33264,56285,32551
33152,56287,32324
32928,56276,32643
32849,56262,32538
32790,56208,32577
32744,56231,32423
32792,56219,32548
32925,56233,32576
33044,56242,32612
33068,56290,32493
33013,56290,32708
32900,56285,32628
32798,56215,32550
32775,56242,32652
32836,56216,32677
32953,56206,32727
32952,56224,32669
32940,56229,32530
32932,56199,32838
32932,56291,32799
32848,56300,32849
32848,56294,32782
32832,56240,32704
32840,56252,32925
32717,56155,33050
32708,56210,33008
32876,56183,33045
32936,56224,32943
32992,56199,33145
33040,56264,33230
33008,56311,33284
32888,56308,33279
32668,56284,33332
32508,56279,33192
32388,56236,33315
32140,56241,33527
31860,56236,33542
31676,56248,33557
31268,56263,33618
30652,56247,33657
29760,56308,33584
28868,56297,33747
28300,56293,33853
27780,56255,33929
27360,56242,33912
26985,56237,33972
26965,56236,34013
27081,56256,34028
27744,56248,34133
28940,56301,34220
31288,56324,34103
34376,56263,34407
37880,56300,34506
41364,56272,34518
44436,56228,34520
46313,56250,34618
47296,56254,34580
47668,56199,34592
46808,56282,34612
45280,56305,34983
43732,56254,35033
43104,56291,35028
42092,56277,35074
41312,56252,35055
40676,56199,35255
39872,56155,35308
38918,56180,35388
37776,56197,35255
36732,56220,35607
35802,56238,35574
35024,56185,35660
34139,56229,35589
33204,56189,35776
32246,56185,35910
31488,56092,35895
31078,56142,35906
30856,56151,35911
30808,56148,36115
30573,56167,36199
30520,56196,36150
30575,56197,36114
30460,56199,36416
30308,56164,36463
30220,56151,36373
30332,56101,36649
30292,56103,36659
30212,56103,36692
30200,56103,36615
30260,56104,36783
30302,56156,36951
30381,56140,36928
30349,56129,36981
30282,56048,37023
30308,56071,37102
30380,55956,37028
30616,56037,37306
30760,56029,37271
30700,56028,37332
30564,56041,37276
30536,56065,37461
30625,56065,37511
30756,56039,37551
30660,56044,37590
30628,55999,37525
30810,55959,37686
30902,55935,37789
30888,55943,37821
30852,55965,37775
30833,55981,38100
30864,56008,38016
30932,56007,38080
30810,55999,38040
30758,55964,38338
30720,55909,38260
30484,55873,38247
30404,55852,38324
30469,55884,38534
30540,55895,38476
30620,55900,38516
30586,55919,38612
30592,55860,38589
30612,55908,38663
30621,55812,38615
30528,55876,38791
30396,55844,38827
30214,55815,38859
30092,55812,38900
30102,55815,38983
30096,55843,39021
30180,55877,38972
30244,55879,39244
30248,55855,39188
30208,55839,39152
30109,55719,39447
29942,55758,39500
29832,55748,39508
29784,55758,39540
29904,55750,39536
29981,55772,39599
30009,55805,39704
29948,55807,39708
29854,55735,39766
29828,55778,39823
29860,55720,39939
29744,55701,39930
29536,55687,40064
29317,55687,40041
29268,55686,40236
29272,55714,40402
29252,55724,40413
29360,55732,40393
29268,55652,40393
29380,55701,40492
29390,55671,40507
29148,55581,40545
29128,55628,40639
29256,55623,40837
29320,55629,40895
29393,55653,40759
29409,55661,40807
29348,55588,40902
29312,55640,40865
29302,55644,40996
29112,55583,41149
28994,55559,41081
28888,55486,41063
28724,55556,41125
28540,55557,41128
28388,55559,41132
28369,55597,41178
28388,55599,41196
28584,55503,41309
28833,55590,41420
28964,55533,41351
28844,55420,41308
28812,55503,41356
28922,55495,41389
29036,55485,41375
29260,55508,41382
29608,55523,41351
29825,55524,41540
29974,55447,41401
30124,55471,41432
30244,55484,41540
30358,55449,41575
30516,55429,41445
30724,55348,41479
30974,55407,41476
31200,55463,41479
31516,55477,41423
31784,55479,41536
31824,55460,41588
31940,55453,41464
32056,55421,41479
32092,55373,41444
32144,55372,41420
32319,55375,41604
32696,55376,41584
32974,55393,41477
33104,55391,41450
33108,55397,41477
33088,55396,41409
33076,55348,41548
33024,55367,41444
33025,55316,41455
33000,55303,41396
33140,55236,41551
33252,55326,41460
33300,55303,41391
33396,55351,41420
33468,55276,41405
33472,55343,41326
33428,55327,41493
33396,55293,41342
33381,55253,41304
33368,55244,41315
33416,55239,41319
33445,55236,41406
33432,55269,41223
33412,55285,41220
33360,55296,41151
33308,55279,41116
33326,55265,41232
33340,55165,41249
33368,55196,41164
33308,55175,41038
33332,55108,40999
33389,55199,40978
33536,55215,40889
33669,55167,40940
33624,55241,40988
33544,55223,40920
33544,55221,40869
33532,55197,40704
33449,55140,40676
33456,55122,40636
33444,55129,40711
33396,55076,40520
33360,55124,40509
33400,55189,40469
33431,55141,40382
33388,55164,40317
33300,55092,40260
33172,55127,40388
33024,55047,40244
32984,55092,40128
32900,55086,40111
32864,55100,40065
32944,55111,39984
33152,55119,39882
33288,55140,39940
33356,55121,39924
33420,55129,39753
33388,55079,39728
33324,54981,39581
33276,55039,39639
33294,55037,39597
33380,55015,39485
33465,55076,39447
33516,55094,39294
33545,55020,39463
33516,55084,39338
33464,55047,39213
33404,55044,39173
33272,55005,39036
33193,54980,39071
33196,54988,39142
33136,54919,39088
33072,55015,38919
33134,55036,38824
33164,54980,38804
33192,55045,38698
33132,55023,38703
33136,54994,38782
33152,54919,38700
33218,54959,38688
33232,54941,38524
33272,54952,38440
33380,54959,38377
33436,54991,38328
33360,55005,38172
33304,54999,38356
33192,54977,38325
33138,54956,38159
33096,54847,38087
33108,54916,38084
33180,54919,37955
33196,54903,37991
33240,54919,38045
33302,54951,37892
33332,54972,37837
33377,54943,37818
33428,54940,37798
33492,54884,37712
33440,54863,37615
33385,54868,37526
33348,54791,37581
33321,54879,37637
33120,54886,37603
33088,54836,37613
33032,54902,37584
33064,54902,37388
33136,54893,37351
33188,54861,37335
33129,54836,37306
33188,54820,37215
33200,54821,37169
33240,54736,37196
33232,54836,37116
33192,54875,36999
33224,54868,36980
33156,54868,37121
33116,54847,37009
33060,54759,36948
32932,54776,36861
32856,54724,36846
32832,54763,36681
32792,54768,36709
32784,54791,36804
32900,54823,36648
33034,54820,36607
33048,54812,36452
33037,54727,36388
33017,54764,36535
33024,54733,36487
33156,54739,36404
33254,54718,36321
33384,54702,36290
33524,54748,36317
33640,54727,36231
33735,54765,36122
33648,54727,36072
33524,54738,36162
33420,54645,36135
33256,54672,36068
33148,54599,35951
33156,54677,35925
33256,54597,36000
33352,54684,35908
33440,54663,35822
33464,54716,35863
33421,54727,35817
33420,54700,35805
33316,54678,35709
33217,54631,35613
33260,54572,35719
33368,54624,35784
33456,54556,35687
33476,54655,35663
33468,54679,35639
33440,54663,35624
33444,54663,35636
33412,54648,35605
33360,54621,35524
33282,54580,35431
33272,54527,35430
33272,54567,35463
33188,54489,35668
33164,54559,35548
33148,54589,35510
33200,54612,35492
33268,54615,35495
33286,54615,35477
33272,54564,35398
33252,54544,35316
33212,54532,35413
32962,54535,35549
32244,54535,35455
31380,54567,35388
30264,54589,35405
29316,54591,35232
28509,54572,35311
27748,54535,35484
27072,54479,35356
26532,54493,35288
26584,54469,35383
27152,54453,35327
28260,54488,35300
30244,54497,35150
32800,54551,35109
35776,54480,35125
39164,54540,35335
42680,54527,35356
45792,54487,35284
47604,54461,35199
48572,54444,35203
48157,54460,35175
46528,54461,35028
44176,54492,35181
42340,54511,35167
40884,54517,35138
39828,54496,34964
39096,54480,35188
38880,54440,35071
38620,54407,35064
38376,54375,34951
37980,54407,34860
37412,54407,35159
36852,54423,35012
36260,54469,35016
35712,54459,34862
35157,54431,34866
34464,54423,34991
33740,54407,35068
33017,54342,34998
32440,54276,34961
32064,54364,34964
31890,54352,34876
31852,54391,34801
31790,54407,34988
31680,54423,35024
31704,54324,35047
31640,54372,34948
31504,54309,34957
31536,54316,35127
31452,54332,35117
31504,54238,35044
31527,54308,35004
31544,54343,35306
31620,54369,35256
31668,54279,35268
31637,54351,35249
31692,54343,35268
31732,54311,35292
31708,54279,35316
31700,54272,35335
31726,54254,35335
31724,54264,35235
31693,54305,35383
31708,54325,35404
31736,54335,35375
31716,54309,35279
31728,54303,35258
31720,54268,35415
31684,54189,35516
31656,54231,35407
31708,54239,35383
31732,54253,35394
31745,54265,35412
31768,54303,35276
31712,54301,35262
31765,54279,35460
31799,54272,35415
31688,54250,35405
31564,54141,35350
31544,54183,35319
31576,54204,35333
31661,54199,35316
31804,54215,35296
31868,54231,35180
31940,54271,35127
32024,54254,35335
31924,54247,35212
31840,54213,35195
31777,54173,35144
31712,54086,35037
31644,54167,35247
31632,54189,35140
31712,54207,35118
31796,54161,35095
31804,54231,35111
31772,54148,35116
31648,54215,35101
31568,54172,34948
31440,54145,35172
31372,54082,35095
31368,54135,34928
31356,54148,35140
31358,54175,35079
31389,54192,35031
31392,54185,34909
31412,54183,35164
31425,54175,35084
31356,54133,35079
31260,54036,34948
31204,54084,35183
31064,54103,35053
30912,54099,35029
30877,54132,35015
30960,54148,34917
31020,54140,35048
31080,54140,35069
31080,54132,35059
31036,54007,34901
30908,54053,35095
30840,54055,35053
30794,53967,34977
30684,54047,34981
30624,54093,35036
30761,54107,35043
30712,54104,34897
30588,54087,35181
30548,54087,35059
30588,54052,35057
30596,54007,34989
30484,53943,34876
30528,53990,34999
30640,53935,35053
30612,54021,35023
30817,54023,34961
30984,54022,35007
31088,54047,35059
31240,54047,35004
31254,53997,35043
31089,53980,34863
31084,53959,35079
31188,53961,35012
31460,53956,35016
31661,53975,34881
31808,53955,35134
31892,54005,35054
31928,53927,34969
32092,53977,34985
32160,53871,34932
32276,53916,34916
32448,53893,34871
32613,53853,34804
32696,53916,34770
32793,53947,34766
33026,53965,34880
33084,53956,34980
33148,53951,34900
33270,53933,34844
33310,53871,34756
33284,53860,34725
33360,53848,34958
33489,53853,34853
33472,53845,34818
33492,53889,34781
33628,53917,34616
33740,53927,34717
33784,53895,34805
33748,53847,34709
33724,53847,34722
33600,53812,34708
33460,53799,34487
33524,53807,34720
33584,53760,34607
33620,53847,34584
33688,53862,34565
33788,53823,34559
33816,53857,34500
33860,53847,34377
33876,53740,34325
33804,53753,34460
33732,53693,34508
33712,53767,34392
33728,53725,34367
33756,53796,34353
33736,53817,34228
33772,53816,34131
33810,53809,34188
33704,53813,34252
33632,53713,34228
33620,53724,34097
33644,53639,34006
33610,53728,34223
33696,53703,34128
33780,53741,34071
33776,53714,34072
33784,53766,33897
33760,53703,33947
33716,53757,34061
33684,53710,33947
33624,53693,33908
33624,53669,33903
33688,53663,33815
33781,53681,33660
33856,53708,33865
33868,53725,33753
33885,53741,33751
33940,53719,33601
33908,53716,33527
33772,53671,33476
33732,53577,33424
33636,53604,33537
33532,53639,33644
33468,53639,33509
33508,53661,33460
33705,53703,33441
33788,53694,33375
33804,53684,33268
33804,53671,33260
33768,53636,33425
33664,53543,33287
33628,53597,33287
33568,53533,33151
33556,53604,33174
33704,53629,33274
33820,53659,33172
33797,53645,33111
33688,53637,32956
33660,53636,33205
33656,53596,33124
33496,53503,33060
33388,53556,33023
33413,53569,32907
33465,53495,33001
33513,53590,32978
33628,53573,32806
33704,53613,32927
33644,53543,33020
33692,53581,32911
33668,53565,32903
33612,53485,32873
33633,53511,32807
33612,53503,32684
33516,53501,32761
33504,53567,32885
33536,53593,32775
33500,53583,32751
33468,53572,32563
33340,53564,32704
33216,53541,32793
33192,53484,32724
33312,53484,32639
33348,53487,32647
33364,53501,32455
33430,53440,32641
33452,53544,32592
33368,53469,32524
33316,53532,32524
33348,53503,32340
33272,53492,32528
33229,53463,32461
33212,53447,32408
33260,53459,32384
33354,53460,32431
33408,53485,32412
33393,53510,32308
33320,53525,32388
33312,53503,32349
33329,53495,32319
33288,53420,32279
33268,53435,32303
33313,53421,32306
33390,53426,32266
33428,53431,32257
33496,53450,32188
33468,53476,32127
33348,53492,32231
33309,53471,32223
33292,53463,32053
33244,53433,32237
33180,53412,32183
33156,53383,32176
33105,53397,32036
33072,53383,31964
33005,53357,32196
32952,53460,32124
32916,53415,32101
32856,53446,32135
32912,53445,32085
32932,53332,32086
32933,53359,31956
32917,53296,32140
32976,53356,32062
32985,53297,32045
32925,53383,31928
32976,53412,31992
33088,53423,32028
33136,53421,31981
33148,53407,31808
33068,53375,31956
32968,53340,31985
32924,53340,31981
32888,53348,31981
33028,53310,31924
33183,53361,31818
33213,53359,31825
33248,53375,31869
33273,53383,31982
33252,53375,32013
33160,53286,31895
33068,53307,31911
33032,53301,31813
33128,53319,31700
33320,53315,31937
33391,53340,31893
33404,53366,31903
33464,53300,31865
33493,53324,31684
33468,53351,31980
33448,53326,31860
33441,53287,31864
33424,53277,31860
33408,53255,31812
33364,53284,31676
33312,53319,31944
33356,53343,31867
33336,53271,31793
33293,53319,31848
33308,53255,31869
33352,53277,31868
33252,53181,31695
33212,53255,31957
33256,53255,31873
33256,53255,31909
33292,53281,31808
33284,53316,31761
33328,53280,31727
33336,53317,31693
33280,53303,31932
33181,53279,31889
33116,53231,31913
33068,53212,31885
33012,53249,31796
32807,53239,31847
32225,53207,31893
31546,53308,32032
30516,53286,32003
29456,53236,32039
28604,53284,31950
27832,53245,31934
27176,53143,31903
26472,53208,31916
26216,53164,31909
26416,53213,31917
27104,53241,31908
28488,53297,31813
30768,53277,31733
34080,53200,31824
37936,53248,32017
41952,53228,31880
45724,53196,31908
48324,53197,31833
49804,53204,31725
50236,53204,31796
49248,53239,31956
47128,53269,31894
45076,53255,31855
43760,53255,31729
42224,53248,31905
41068,53213,31844
40516,53188,31829
40136,53175,31818
39576,53188,31652
38888,53188,31826
38040,53181,31789
37197,53233,31716
36352,53165,31695
35488,53236,31852
34512,53220,31783
33565,53219,31661
32688,53172,31776
31992,53172,31775
31518,53172,31784
31252,53173,31697
31157,53191,31621
31064,53232,31717
31040,53157,31796
31050,53223,31862
31056,53221,31959
31016,53191,31917
30900,53079,31864
30812,53165,31887
30788,53156,31838
30829,53164,31821
30840,53149,31741
30956,53220,31751
31028,53221,31773
31013,53201,31776
30964,53125,31914
30944,53189,32093
30964,53127,32020
30909,53127,32029
30832,53069,32006
30825,53157,32022
30900,53181,32041
31028,53127,32058
31084,53219,31999
31109,53213,32039
31136,53189,32041
31160,53156,32032
31168,53125,31881
31176,53127,32108
31244,53116,32145
31257,53151,32064
31244,53167,32033
31308,53212,32042
31316,53208,32038
31376,53188,31866
31296,53185,31869
31200,53157,31931
31052,53127,32033
31004,53100,31959
31008,53124,31945
31090,53148,31739
31020,53157,31964
31128,53121,31972
31216,53215,31922
31236,53191,31876
31220,53127,31887
31092,53143,31719
30909,53127,31733
30852,53084,31919
30928,53127,31830
30965,53085,31832
31048,53179,31705
31076,53213,31624
31056,53208,31871
31060,53205,31830
31036,53207,31816
30924,53157,31840
30796,53148,31775
30672,53133,31645
30620,53151,31892
30544,53151,31879
30493,53181,31877
30452,53124,31884
30436,53200,31724
30256,53116,31964
30168,53188,31959
30104,53170,31919
30016,53157,31816
29960,53127,31810
29944,53148,31928
29928,53117,32076
29946,53199,32030
29988,53212,32081
30032,53225,32037
29948,53160,32043
29718,53200,32138
29648,53179,32175
29588,53159,32140
29481,53145,32153
29360,53095,32150
29240,53173,32206
29240,53197,32186
29344,53225,32207
29382,53217,32229
29374,53127,32135
29353,53215,32070
29332,53176,32122
29306,53168,32295
29157,53159,32290
29140,53089,32284
29220,53166,32252
29373,53213,32272
29464,53195,32074
29492,53221,32368
29524,53184,32286
29508,53239,32244
29500,53200,32276
29508,53167,32249
29628,53175,32137
29840,53167,32060
29952,53111,32149
30120,53213,32329
30324,53246,32260
30620,53255,32229
30876,53239,32229
31112,53191,32132
31380,53201,32012
31552,53109,32079
31792,53191,32104
32064,53181,32239
32364,53151,32192
32600,53216,32142
32825,53215,32144
32984,53252,31988
33132,53224,32133
33260,53240,32093
33344,53205,32084
33424,53202,32062
33472,53199,32073
33564,53204,31976
33664,53165,31903
33772,53236,32002
33918,53269,32054
33984,53280,31973
34024,53255,31965
34108,53204,31939
34136,53241,31809
34080,53196,31767
34098,53183,31697
34076,53183,31799
34104,53214,31781
34096,53226,31751
34172,53293,31880
34228,53295,31845
34252,53248,31757
34269,53248,31741
34212,53250,31732
34168,53215,31645
34132,53212,31525
34184,53225,31529
34172,53247,31737
34177,53277,31592
34257,53227,31582
34336,53303,31553
34272,53293,31454
34268,53289,31349
34256,53255,31277
34272,53228,31438
34301,53236,31502
34301,53254,31420
34273,53255,31406
34308,53224,31358
34368,53326,31199
34348,53329,31411
34296,53337,31319
34336,53317,31305
34400,53292,31124
34340,53255,31209
34352,53236,31341
34428,53273,31228
34516,53255,31236
34520,53324,31143
34516,53356,31086
34452,53364,31220
34356,53349,31153
34324,53319,31168
34312,53319,31036
34240,53220,30969
34140,53292,31189
34080,53311,31159
34092,53327,31068
34052,53332,31078
34104,53311,31092
34016,53382,30936
33876,53372,30978
33832,53383,31037
33956,53349,31057
33904,53325,30844
33840,53319,31050
33744,53316,31028
33728,53359,31019
33760,53377,30925
33812,53343,30804
33848,53423,30908
33872,53415,31018
33961,53335,31044
33864,53383,30969
33720,53351,30997
33688,53365,30976
33804,53364,30885
33885,53369,30894
33921,53404,30972
34008,53396,30974
33982,53436,30948
33892,53407,30774
33804,53446,31024
33676,53412,30944
33568,53383,30935
33552,53383,30784
33560,53343,30941
33600,53405,30932
33680,53445,30959
33810,53479,30800
33844,53481,30998
33844,53476,30948
33828,53471,30740
33760,53447,30916
33704,53423,30910
33660,53420,30754
33605,53420,30884
33560,53447,30988
33612,53464,30891
33620,53496,30903
33616,53511,30712
33596,53492,30842
33437,53500,30956
33264,53441,30847
33185,53445,30879
33144,53468,30745
33234,53469,30828
33388,53484,30940
33508,53444,30837
33592,53557,30848
33566,53537,30871
33496,53479,30743
33424,53543,30868
33288,53511,30860
33264,53495,30860
33140,53492,30701
33024,53509,30879
32948,53511,30914
32912,53564,30848
32920,53583,30765
33000,53604,30924
33008,53582,30844
32980,53583,30623
33012,53503,30830
32956,53511,30815
32909,53461,30701
33012,53529,30725
33064,53559,30872
33096,53596,30795
33124,53625,30800
33180,53564,30696
33152,53620,30751
33124,53576,30761
33094,53583,30782
33088,53575,30753
33004,53575,30644
32996,53593,30854
33104,53545,30764
33132,53639,30628
33200,53606,30763
33240,53685,30740
33216,53683,30744
33228,53671,30608
33236,53634,30693
33156,53615,30804
33120,53621,30720
33184,53635,30751
33202,53565,30623
33173,53693,30519
33109,53713,30822
33064,53692,30745
33076,53703,30594
33100,53723,30654
33092,53622,30791
33100,53665,30744
33140,53668,30701
33157,53613,30615
33188,53693,30583
33252,53743,30556
33248,53767,30828
33176,53695,30748
33062,53764,30772
32900,53767,30580
32800,53736,30849
32772,53712,30759
32734,53720,30772
32748,53720,30566
32800,53749,30786
32912,53767,30782
33004,53815,30596
33088,53812,30854
33064,53831,30812
33009,53812,30807
32968,53789,30666
32880,53767,30628
32833,53767,30828
32804,53796,30908
32817,53804,30816
32668,53788,30855
32241,53868,30687
31552,53871,30825
30728,53879,30845
29610,53824,30844
28632,53828,30860
27776,53832,30845
27028,53831,30727
26436,53838,30861
26100,53767,30876
26128,53895,30860
26556,53929,30827
27576,53951,30802
29328,53945,30680
32212,53903,30924
35688,53920,30842
39468,53900,30717
43316,53895,30614
46568,53892,30857
48812,53932,30827
50012,53980,30821
50096,54005,30832
48580,54021,30792
46537,54022,30648
45076,53988,30829
43804,53996,30849
42424,53974,30780
41620,53933,30791
40992,53958,30804
40264,53999,30716
39336,54039,30648
38344,54021,30628
37424,54069,30582
36528,54019,30799
35584,54048,30733
34708,54051,30777
33844,54041,30768
32980,54045,30586
32332,54065,30785
31900,54065,30784
31521,54116,30793
31218,54143,30755
31012,54160,30612
30820,54151,30896
30692,54141,30860
30540,54135,30765
30496,54103,30785
30476,54119,30924
30416,54124,30895
30448,54141,30944
30520,54184,30813
30572,54216,30964
30633,54180,31028
30706,54212,30976
30692,54141,30991
30628,54188,30821
30608,54109,31126
30616,54183,31066
30658,54199,30988
30778,54209,31155
30800,54208,31093
30832,54279,31029
30868,54226,31148
30948,54288,31173
30884,54247,31160
30852,54276,31068
30900,54244,31259
30852,54257,31158
30860,54260,31189
30937,54279,31188
31030,54276,31008
31116,54351,31231
31156,54364,31180
31140,54383,31072
31088,54367,31255
31060,54268,31159
31016,54316,31124
31005,54261,31104
31025,54320,31129
30996,54364,31140
30952,54415,30985
30940,54447,31176
30936,54460,31100
30865,54453,30989
30848,54375,31109
30820,54383,31068
30744,54399,30916
30688,54421,31087
30640,54416,31060
30628,54365,30935
30644,54477,31060
30664,54461,31028
30584,54519,31036
30488,54471,30857
30336,54531,31120
30248,54413,31042
30156,54493,31069
30118,54484,31086
30136,54503,31012
30208,54535,31030
30280,54577,31036
30332,54597,31217
30236,54623,31140
30168,54605,31144
30028,54591,31165
30004,54594,31204
29904,54561,31212
29828,54581,31090
29797,54588,31353
29736,54581,31270
29684,54655,31319
29692,54644,31192
29660,54615,31271
29594,54686,31349
29556,54660,31406
29520,54663,31264
29420,54663,31493
29340,54652,31449
29308,54672,31381
29224,54684,31455
29240,54737,31555
29216,54754,31521
29184,54757,31568
29088,54759,31556
28988,54685,31521
28884,54735,31462
28800,54629,31668
28820,54740,31719
28821,54736,31629
28808,54687,31655
28768,54775,31661
28845,54829,31622
28924,54835,31652
28948,54837,31548
28986,54836,31593
29056,54811,31703
29156,54790,31801
29174,54791,31751
29220,54812,31773
29344,54829,31735
29464,54852,31580
29604,54895,31725
29788,54903,31804
29993,54840,31893
30148,54919,31893
30348,54877,31852
30616,54855,31791
30816,54863,31799
31094,54868,31813
31364,54879,31797
31686,54939,31685
31962,54956,31602
32184,54908,31716
32352,54967,31870
32534,54957,31847
32728,54919,31806
32852,54919,31747
32933,54916,31759
33060,54893,31725
33241,54943,31628
33512,54982,31540
33584,55023,31670
33580,55023,31767
33696,55013,31652
33684,55020,31668
33612,54993,31570
33644,54968,31444
33876,54907,31618
34036,54959,31672
33984,54990,31572
33952,55032,31568
33980,55068,31576
34054,55023,31400
34120,55039,31568
34104,55071,31583
34108,54991,31525
34100,54996,31495
34104,54945,31376
34228,55020,31495
34236,55036,31443
34236,55093,31341
34276,55069,31217
34220,55125,31151
34184,55117,31433
34196,55067,31381
34168,55073,31308
34085,55061,31311
33976,55069,31164
33964,55077,31183
34016,55020,31274
34108,55135,31207
34068,55164,31197
34076,55175,31013
34064,55151,30967
34052,55108,31247
34024,55133,31133
33941,55104,31141
33968,55029,31145
34000,55125,31087
34005,55133,30897
33956,55175,31061
34008,55161,31170
34044,55201,31060
34068,55193,31039
34145,55207,30823
34165,55159,31092
34096,55087,31009
34032,55148,31007
33976,55147,31008
33956,55092,30893
33968,55215,30776
33992,55225,31061
33932,55175,30958
33848,55239,30913
33796,55225,30802
33774,55204,31037
33673,55175,30920
33648,55125,30916
33728,55189,30917
33788,55189,30785
33824,55228,30817
33828,55253,30917
33788,55175,30841
33788,55264,30852
33797,55253,30838
33788,55164,30697
33728,55191,30920
33637,55172,30825
33560,55204,30820
33652,55140,30620
33752,55263,30780
33848,55281,30814
33844,55213,30738
33780,55255,30776
33648,55271,30740
33524,55247,30545
33496,55205,30808
33544,55207,30690
33644,55212,30695
33848,55207,30590
33840,55263,30450
33836,55303,30708
33812,55277,30661
33816,55292,30437
33848,55229,30703
33872,55252,30597
33764,55215,30582
33676,55220,30569
33648,55228,30412
33608,55172,30381
33636,55271,30330
33740,55296,30592
33790,55292,30542
33780,55285,30385
33757,55276,30572
33680,55253,30477
33590,55143,30505
33500,55215,30492
33388,55204,30341
33456,55223,30549
33424,55214,30470
33504,55300,30470
33588,55291,30290
33536,55207,30553
33504,55279,30432
33560,55251,30448
33508,55212,30365
33408,55197,30268
33436,55212,30364
33469,55175,30352
33556,55263,30501
33608,55286,30392
33573,55271,30400
33528,55271,30397
33396,55265,30343
33260,55212,30254
33232,55191,30116
33190,55196,30477
33197,55143,30404
33248,55223,30335
33304,55257,30364
33332,55272,30343
33324,55261,30191
33332,55239,30365
33352,55261,30382
33350,55205,30352
33268,55175,30367
33172,55168,30207
33156,55180,30308
33228,55205,30404
33260,55212,30375
33356,55175,30377
33328,55231,30206
33248,55246,30105
33125,55247,30445
33036,55188,30391
32988,55127,30370
32876,55159,30169
32898,55172,30426
33040,55175,30380
33072,55199,30409
33072,55167,30237
33052,55231,30396
33024,55207,30397
32996,55212,30515
32984,55183,30420
32820,55147,30465
32720,55125,30281
32724,55140,30537
32652,55111,30484
32662,55175,30407
32804,55151,30311
32796,55213,30495
32736,55181,30544
32844,55144,30542
32932,55132,30554
32880,55125,30417
32845,55037,30458
32904,55097,30660
32941,55120,30548
33024,55165,30602
33136,55174,30423
33204,55156,30656
33180,55156,30621
33057,55157,30549
33032,55116,30604
33045,55031,30629
33080,55068,30665
33088,55084,30492
33152,55095,30673
33204,55137,30656
33292,55149,30442
33360,55124,30736
33348,55068,30717
33216,55108,30502
33156,55068,30804
33056,55044,30703
32968,55047,30749
32873,55036,30591
32924,55047,30719
33016,55084,30844
33144,55031,30778
33161,55093,30777
33132,55092,30810
33096,55047,30632
33063,55032,30853
33084,54999,30811
33036,54988,30749
32996,54945,30751
33044,54998,30809
33060,55047,30848
33094,55060,30708
33032,55020,30922
33002,55030,30847
32992,54964,30885
33016,54981,30741
32964,54957,30805
32986,54973,30877
33009,54949,30916
32972,54957,30921
33016,54967,30847
33064,55006,30926
33092,55008,30937
33020,54990,30923
32612,54996,30871
31992,54943,31000
31180,54824,30967
30164,54916,30961
29108,54911,30745
28292,54919,30980
27556,54945,31009
26972,54972,30962
26364,54949,30948
26142,54858,30796
26129,54919,31001
26637,54892,31015
27837,54836,30786
30432,54871,31042
33940,54879,30988
38060,54860,31008
41912,54860,30805
45380,54936,30960
48328,54920,31029
50152,54919,30965
50980,54904,30950
50180,54861,30966
48316,54839,30884
46568,54812,30764
45356,54824,30940
43972,54820,30915
43016,54791,30929
42432,54865,30929
41712,54871,30757
40584,54791,30714
39312,54847,30819
38140,54791,30943
36956,54780,30876
35768,54768,30869
34608,54692,30833
33680,54779,30680
32856,54791,30660
32237,54823,30639
31688,54758,30930
31320,54791,30924
31020,54790,30887
30808,54663,30920
30624,54727,30930
30512,54703,30741
30468,54716,30980
30428,54708,30966
30432,54748,30980
30376,54781,31000
30304,54759,30932
30249,54663,30856
30256,54696,30993
30296,54695,31135
30272,54640,31044
30296,54653,31101
30380,54663,31004
30420,54669,31116
30476,54697,31187
30574,54724,31165
30618,54692,31167
30657,54655,30958
30620,54679,31266
30620,54633,31239
30601,54612,31052
30600,54608,31292
30552,54600,31281
30612,54612,31253
30700,54631,31364
30868,54663,31329
30956,54637,31207
30988,54631,31416
30984,54535,31359
31004,54578,31233
30948,54492,31407
31040,54553,31385
31072,54549,31358
31069,54511,31247
31064,54503,31413
31052,54584,31325
31056,54535,31167
31012,54575,31405
30984,54565,31304
30920,54533,31319
30934,54492,31111
30808,54485,31275
30688,54492,31268
30636,54428,31281
30584,54534,31162
30612,54535,31225
30597,54535,31248
30581,54519,31266
30529,54484,31103
30439,54471,31332
30332,54436,31257
30256,54439,31250
30272,54421,31189
30308,54437,31196
30404,54453,31245
30452,54420,31286
30438,54476,31221
30408,54457,31127
30368,54461,31282
30324,54397,31340
30168,54333,31342
30024,54367,31335
29881,54301,31273
29792,54383,31453
29748,54396,31407
29724,54439,31332
29652,54407,31396
29593,54362,31461
29500,54389,31487
29492,54279,31300
29436,54316,31573
29360,54274,31568
29248,54319,31383
29151,54322,31678
29046,54351,31610
29052,54279,31634
29064,54311,31484
29096,54336,31580
29000,54337,31511
28868,54269,31513
28793,54262,31724
28737,54256,31764
28718,54253,31773
28632,54267,31798
28540,54277,31721
28524,54307,31614
28520,54279,31771
28440,54188,31863
28448,54279,31935
28441,54219,31932
28272,54151,31868
28149,54183,31902
28132,54165,31912
28228,54196,31908
28496,54218,31841
28772,54220,31748
28932,54223,31870
29038,54167,31952
29068,54204,31983
29177,54151,31934
29260,54087,31944
29344,54125,31945
29521,54116,31959
29680,54065,31966
29913,54140,31972
30245,54135,31962
30526,54156,31970
30896,54148,31890
31180,54093,31796
31448,54100,32046
31668,54053,31941
31836,54063,31924
32093,54047,31740
32337,54053,32006
32560,54055,32020
32828,54100,31973
32972,54007,31932
33072,54053,31901
33208,54023,31903
33308,54008,31911
33424,53948,31900
33620,53983,31844
33809,53988,31737
33989,53983,31706
34036,53927,31796
34012,54023,31950
34076,54023,31831
34174,54006,31845
34254,53985,31796
34228,53949,31687
34137,53911,31855
34149,53917,31813
34224,53901,31691
34244,53924,31884
34229,53928,31773
34314,53957,31788
34400,53953,31786
34388,53912,31616
34336,53924,31637
34260,53876,31717
34252,53844,31751
34308,53844,31730
34300,53847,31684
34280,53846,31527
34284,53847,31738
34336,53885,31692
34372,53879,31668
34276,53868,31463
34284,53799,31676
34292,53817,31684
34240,53767,31657
34112,53767,31619
34112,53767,31607
34125,53752,31596
34100,53815,31607
34152,53816,31561
34176,53813,31521
34084,53805,31428
34004,53767,31340
33984,53741,31319
33980,53697,31297
33988,53711,31293
34072,53711,31439
34112,53699,31556
34188,53703,31428
34220,53758,31439
34244,53687,31417
34208,53735,31377
34204,53639,31205
34156,53677,31172
34110,53639,31312
34072,53639,31433
34088,53631,31444
34096,53565,31305
34080,53669,31324
34082,53695,31264
34128,53677,31084
34190,53654,31239
34125,53663,31358
34084,53605,31252
34092,53583,31264
34084,53572,31172
34092,53583,31032
34200,53560,31286
34214,53573,31228
34136,53617,31235
34157,53579,31072
34088,53604,31280
34008,53511,31192
33933,53532,31185
33928,53511,31191
33932,53511,31141
33924,53500,31014
33937,53442,31111
33956,53506,31173
34028,53479,31143
34036,53528,31168
34021,53473,30966
33996,53510,31111
33912,53469,31215
33804,53447,31120
33808,53433,31027
33740,53425,30911
33782,53439,31021
33856,53398,31185
33836,53472,31071
33837,53423,31092
33784,53463,31054
33670,53447,30979
33580,53357,30893
33556,53361,31007
33548,53364,31100
33560,53372,31014
33646,53365,31031
33744,53383,30975
33852,53415,30949
33836,53335,31045
33766,53383,31007
33784,53383,30797
33736,53332,30992
33608,53301,30945
33588,53240,30973
33556,53287,30949
33528,53233,30919
33588,53324,30935
33708,53359,30940
33698,53334,30904
33624,53322,30900
33652,53311,31049
33657,53199,30945
33574,53230,30955
33548,53159,30913
33548,53230,30772
33552,53237,30986
33552,53255,30941
33572,53209,30917
33568,53255,30898
33512,53191,31004
33404,53236,30969
33340,53124,30879
33341,53164,31013
33376,53125,30956
33312,53175,30860
33369,53180,30917
33396,53199,31048
33380,53237,30963
33460,53210,30983
33500,53174,30796
33532,53180,31068
33532,53148,30977
33588,53124,30933
33556,53119,30924
33476,53111,31012
33445,53127,31016
33456,53151,30941
33460,53183,30835
33448,53159,30969
33436,53156,31141
33416,53125,31119
33352,53096,31032
33272,53063,31060
33236,53069,30996
33196,53069,30896
33156,53037,31086
33156,53087,31092
33088,53124,31097
33124,53100,31009
33064,53103,30877
32988,53079,31129
32904,53017,31111
32828,52957,30983
32710,52996,31064
32608,52999,31160
32684,53020,31121
32889,53052,31086
32948,53061,31127
33004,53053,31141
33044,53053,30988
33124,53031,31141
33120,52980,31148
33072,52956,31107
32997,52879,31161
32988,52959,31132
33020,52935,30996
33132,52986,31265
33105,53015,31210
33112,52999,31038
33137,52988,31116
33124,52967,31217
33126,52936,31326
33120,52902,31239
33192,52823,31263
33228,52893,31253
33204,52821,31266
33210,52935,31248
33244,52951,31161
33312,52946,31095
33266,52918,31188
33180,52893,31391
33116,52870,31337
33056,52807,31312
33024,52852,31298
33037,52831,31308
33060,52839,31318
33108,52871,31343
33176,52887,31353
33220,52885,31250
33197,52868,31164
33173,52852,31412
33120,52775,31490
33026,52795,31447
33028,52743,31449
32972,52786,31407
32969,52790,31415
33021,52821,31375
33164,52836,31238
33152,52807,31436
33168,52807,31443
33168,52724,31512
32908,52743,31576
32796,52722,31495
32828,52693,31492
32941,52705,31484
32948,52717,31521
32892,52743,31496
32958,52743,31408
33004,52703,31337
32937,52736,31549
32697,52716,31653
32245,52688,31542
31508,52655,31537
30529,52662,31470
29492,52648,31621
28668,52584,31563
27880,52693,31604
27284,52708,31526
26684,52692,31415
26292,52678,31706
26296,52572,31606
26688,52613,31618
27672,52599,31608
29816,52596,31442
33000,52581,31480
36888,52537,31674
40744,52628,31622
44368,52640,31622
47356,52628,31555
49368,52613,31532
50440,52602,31436
50108,52572,31573
48264,52549,31681
46220,52526,31652
44912,52532,31652
43692,52541,31668
42644,52564,31632
42040,52567,31541
41412,52560,31543
40512,52550,31463
39344,52549,31737
38276,52487,31648
37172,52465,31564
36143,52461,31583
35188,52472,31703
34316,52464,31687
33432,52479,31607
32669,52510,31589
31984,52508,31519
31472,52484,31709
31156,52404,31828
30932,52448,31748
30736,52415,31775
30504,52414,31789
30488,52405,31728
30596,52324,31796
30672,52428,31918
30732,52452,31944
30716,52421,31945
30688,52428,31956
30616,52411,31923
30520,52304,31933
30492,52333,31957
30538,52335,31965
30400,52351,31840
30372,52357,31820
30504,52383,32029
30580,52389,32052
30568,52375,32043
30556,52359,32068
30632,52351,31910
30728,52255,32113
30784,52269,32116
30856,52271,32133
30904,52286,31980
31008,52231,32121
31024,52295,32196
31132,52327,32160
31124,52325,32154
31100,52303,31996
31092,52231,32160
31076,52231,32230
31040,52173,32159
31057,52212,32132
31080,52222,32001
31044,52215,32116
31116,52260,32213
31118,52265,32156
31168,52262,32115
31135,52231,32133
31038,52224,31985
30946,52191,32037
30948,52163,32119
30968,52151,32101
30932,52157,32084
30932,52167,31980
31001,52188,31900
31048,52132,32004
31017,52191,32185
30884,52127,32036
30764,52169,32039
30684,52044,31966
30620,52103,32058
30524,52101,32039
30400,52103,32037
30324,52103,32050
30285,52140,31874
30276,52144,32068
30284,52148,32064
30284,52057,32086
30228,52101,32000
30152,51999,32013
30016,52052,32148
29968,52046,32172
29992,52040,32164
29824,51973,32145
29692,52087,32065
29728,52017,32279
29776,52076,32228
29732,52020,32262
29704,52062,32105
29616,52015,32412
29504,51991,32300
29396,52001,32287
29304,51990,32190
29268,51949,32401
29188,52041,32435
29124,52047,32404
29112,51975,32406
29060,52028,32450
28964,52012,32429
28848,51959,32320
28756,51940,32543
28664,51924,32519
28640,51943,32516
28752,51863,32555
28800,51975,32413
28812,51949,32648
28783,51984,32592
28809,51893,32478
28844,51957,32431
28865,51919,32685
28828,51895,32613
28872,51818,32637
28768,51888,32479
28729,51820,32573
28784,51929,32768
28836,51943,32630
28880,51916,32653
28993,51924,32512
29124,51860,32630
29250,51871,32682
29424,51844,32661
29634,51844,32515
29834,51836,32559
30097,51847,32725
30325,51879,32653
30512,51903,32592
30720,51879,32566
30938,51879,32687
31200,51847,32669
31520,51828,32505
31756,51783,32796
31988,51791,32640
32249,51789,32524
32408,51797,32773
32664,51821,32623
32904,51837,32527
33116,51822,32631
33208,51829,32610
33300,51796,32617
33269,51693,32610
33296,51719,32528
33376,51719,32503
33516,51691,32471
33605,51718,32647
33648,51759,32548
33824,51798,32541
33912,51777,32401
33976,51742,32348
34028,51749,32519
34020,51703,32532
33968,51691,32457
33984,51676,32436
34144,51687,32444
34268,51685,32244
34300,51719,32514
34276,51740,32354
34241,51716,32335
34200,51716,32324
34148,51703,32229
34172,51663,32142
34076,51577,32202
34025,51583,32152
34048,51628,32098
34080,51628,32180
34064,51677,32255
34140,51689,32183
34064,51685,32124
34140,51679,31996
34092,51655,32257
34128,51552,32277
34128,51576,32175
34132,51581,32117
34152,51577,32113
34092,51591,32076
34208,51623,31909
34344,51647,32090
34424,51629,32133
34408,51608,32061
34300,51615,32032
34224,51557,31984
34144,51524,31860
34190,51523,31932
34170,51540,32085
34204,51549,32046
34304,51589,31982
34404,51600,31988
34388,51591,31842
34292,51581,31855
34180,51557,32076
34080,51437,31952
33992,51495,31949
34044,51417,31780
34037,51494,32014
34060,51503,31903
34040,51533,31847
34044,51503,31736
33988,51528,31935
33908,51529,31980
33828,51516,31860
33736,51463,31880
33700,51397,31820
33720,51445,31682
33837,51442,31941
33888,51451,31821
33936,51463,31820
34008,51487,31780
34024,51507,31721
34016,51493,31683
33924,51463,31872
33808,51435,31789
33814,51397,31792
33808,51405,31601
33757,51397,31877
33732,51418,31751
33752,51439,31729
33800,51459,31580
33828,51388,31831
33820,51447,31751
33788,51436,31644
33784,51391,31616
33708,51365,31740
33586,51365,31745
33644,51367,31629
33636,51359,31689
33641,51396,31863
33640,51419,31717
33664,51406,31730
33636,51380,31668
33612,51335,31534
33520,51334,31772
33457,51253,31696
33460,51311,31720
33472,51311,31585
33568,51318,31592
33640,51365,31829
33624,51364,31735
33661,51356,31690
33700,51348,31696
33660,51335,31639
33570,51300,31537
33469,51207,31544
33448,51279,31831
33412,51269,31705
33412,51207,31693
33401,51325,31698
33484,51321,31621
33508,51244,31558
33516,51301,31716
33524,51256,31692
33540,51247,31677
33520,51151,31531
33472,51207,31799
33396,51207,31706
33408,51255,31680
33408,51271,31692
33414,51290,31527
33460,51272,31735
33380,51271,31704
33316,51246,31687
33180,51207,31663
33116,51185,31570
33168,51190,31513
33276,51188,31661
33272,51202,31791
33357,51232,31729
33396,51247,31682
33375,51237,31669
33276,51225,31671
33272,51207,31615
33210,51172,31508
33162,51159,31804
33006,51141,31686
32956,51154,31680
33044,51109,31580
33125,51184,31532
33188,51207,31769
33124,51207,31687
33124,51180,31701
33101,51124,31687
33006,51127,31522
32908,51055,31728
32916,51112,31697
32980,51108,31571
32885,51109,31665
32829,51161,31712
32896,51169,31709
33023,51170,31655
33016,51151,31582
32984,51141,31551
32941,51087,31608
32932,50999,31860
33080,51076,31727
33116,51068,31719
33068,51012,31745
33104,51124,31751
33140,51135,31641
33208,51132,31683
33200,51112,31855
33142,51109,31751
33092,51055,31769
33132,51017,31695
33136,51028,31601
33148,50990,31839
33154,51039,31860
33252,51079,31791
33384,51099,31785
33420,51079,31773
33488,51079,31653
33473,51061,31719
33416,51023,31855
33362,51005,31798
33368,51007,31804
33360,51004,31743
33356,50928,31658
33300,51046,31796
33292,51060,31871
33296,51046,31852
33268,51039,31829
33204,50988,31863
33076,50975,31785
32980,50902,31701
32972,50951,31887
33044,50974,31903
33078,50989,31905
33092,51015,31901
33164,51033,31900
33268,51020,31936
33192,51000,31863
33096,50996,31787
33120,50949,32030
33036,50935,31950
32960,50933,31968
32960,50943,31900
32976,50934,31846
33060,50981,31937
33109,50984,32082
33128,50968,32007
32984,50975,32031
32733,50967,31892
32138,50917,31908
31360,50844,32182
30310,50901,32068
29374,50911,32093
28608,50913,32005
27888,50951,31978
27256,50967,32036
26628,50964,32224
26369,50951,32127
26532,50936,32135
27276,50900,32141
28728,50884,32135
31384,50872,32093
34944,50832,32004
38912,50889,32048
42824,50924,32321
46192,50944,32190
48756,50924,32204
50312,50911,32052
50857,50896,32308
49777,50871,32192
47668,50847,32228
45852,50845,32205
44632,50852,32164
43272,50869,32076
42440,50881,32096
41936,50901,32057
41184,50909,32109
40160,50889,32069
39056,50878,32229
37909,50845,32292
36712,50823,32205
35620,50764,32253
34656,50823,32102
33692,50823,32138
32908,50805,32388
32332,50871,32249
31781,50882,32273
31412,50870,32133
31040,50867,32344
30852,50823,32341
30764,50793,32236
30662,50804,32356
30664,50805,32320
30596,50788,32241
30605,50841,32516
30616,50871,32544
30596,50861,32460
30556,50845,32484
30513,50751,32495
30492,50796,32391
30428,50764,32602
30488,50772,32550
30480,50695,32602
30485,50773,32543
30560,50749,32559
30652,50845,32754
30702,50767,32652
30688,50820,32719
30712,50809,32708
30736,50732,32608
30692,50749,32813
30746,50695,32791
30766,50751,32804
30764,50764,32717
30894,50801,32847
30988,50776,32959
30990,50804,32897
30860,50799,32884
30772,50796,32841
30800,50738,32895
30764,50735,32898
30768,50740,32852
30812,50740,32775
30873,50695,32836
30949,50775,33017
31016,50804,32919
30985,50757,32885
30892,50791,32884
30828,50761,32885
30724,50668,32873
30656,50719,32908
30644,50695,32871
30624,50724,32781
30772,50739,32809
30760,50764,33009
30801,50773,32948
30792,50773,32903
30716,50764,32852
30624,50716,32866
30540,50695,32825
30492,50695,32745
30424,50672,32761
30388,50692,32929
30428,50695,32820
30412,50751,32724
30428,50767,32925
30313,50767,32838
30197,50759,32866
30150,50734,32713
30080,50695,32986
29992,50681,32863
29936,50673,32804
29956,50693,32959
29902,50693,32954
29816,50661,32903
29812,50759,32935
29780,50740,32889
29672,50695,32828
29652,50724,33020
29532,50604,32977
29380,50667,33007
29301,50671,32996
29302,50684,32986
29296,50672,33111
29216,50725,33031
29188,50735,32941
29118,50717,33173
29064,50685,33068
29062,50695,33111
28995,50652,33006
28900,50652,33191
28908,50661,33119
28928,50663,33042
28856,50660,33281
28736,50695,33177
28749,50727,33173
28876,50708,33101
29000,50681,33155
28925,50615,33151
28814,50652,33198
28820,50646,33165
28876,50631,33189
28890,50660,33070
28896,50652,33049
28956,50685,33181
29052,50685,33318
29153,50695,33175
29193,50620,33199
29368,50676,33209
29548,50627,33104
29684,50567,33188
29828,50604,33241
30068,50624,33185
30292,50631,33188
30596,50661,33153
30904,50629,33031
31052,50652,33324
31308,50644,33145
31564,50652,33180
31716,50615,33180
31865,50598,33103
32104,50605,33212
32345,50596,33125
32524,50548,33144
32781,50644,33140
33004,50668,33084
33116,50599,33012
33198,50644,32976
33224,50636,33028
33180,50553,33039
33172,50580,33172
33252,50591,33189
33380,50596,33124
33528,50588,33149
33764,50629,33204
33888,50653,33076
33888,50632,33029
33956,50567,33058
33973,50617,32945
33872,50509,32949
33908,50559,33143
33872,50508,33037
33825,50567,32989
33860,50588,32911
34032,50619,32856
34206,50633,33064
34276,50628,32913
34208,50621,32940
34112,50599,32773
34008,50567,32953
33964,50536,32940
33832,50468,32877
33864,50565,32888
33972,50529,32756
34096,50601,32929
34236,50619,32830
34236,50551,32796
34264,50596,32676
34222,50553,32928
34117,50547,32816
34012,50495,32811
33905,50535,32660
33832,50476,32708
33932,50548,32911
34056,50535,32752
34084,50604,32775
33857,50567,32684
33718,50580,32817
33624,50510,32705
33504,50533,32647
33609,50495,32758
33700,50532,32716
33860,50548,32688
33868,50541,32678
33844,50535,32552
33918,50588,32825
34008,50537,32671
33960,50575,32679
33942,50565,32660
33980,50525,32761
34052,50505,32645
34080,50513,32678
33856,50527,32538
33850,50540,32666
33816,50567,32737
33788,50567,32655
33736,50567,32687
33668,50550,32546
33620,50516,32815
33620,50522,32681
33557,50468,32701
33560,50502,32653
33680,50517,32717
33668,50524,32733
33644,50564,32583
33702,50509,32826
33644,50555,32743
33676,50563,32741
33644,50537,32769
33580,50498,32751
33644,50493,32679
33629,50493,32885
33654,50501,32800
33728,50525,32808
33788,50551,32836
33808,50519,32700
33733,50544,32949
33728,50488,32841
33640,50519,32860
33632,50495,32711
33592,50476,32929
33512,50438,32863
33440,50491,32879
33528,50453,32743
33560,50533,32791
33632,50552,32930
33550,50508,32909
33525,50533,32862
33669,50521,32877
33572,50487,32889
33413,50477,32806
33364,50439,32758
33335,50471,32841
33304,50439,32956
33396,50524,32888
33524,50541,32855
33641,50535,32860
33684,50509,32881
33700,50455,32740
33759,50471,32831
33618,50399,32877
33564,50453,32856
33493,50462,32739
33564,50484,32903
33560,50533,32829
33598,50535,32836
33552,50512,32729
33556,50512,32804
33508,50497,32958
33436,50460,32853
33448,50455,32784
33569,50384,32642
33432,50439,32861
33429,50460,32775
33520,50503,32716
33600,50527,32700
33580,50503,32821
33496,50453,32756
33436,50495,32741
33428,50387,32744
33400,50434,32660
33404,50372,32821
33326,50439,32798
33437,50457,32801
33460,50485,32744
33508,50496,32756
33510,50500,32655
33440,50493,32714
33380,50492,32873
33248,50377,32752
33100,50416,32692
32973,50359,32607
32968,50436,32824
32960,50439,32770
32952,50480,32757
33012,50486,32744
32936,50421,32796
32892,50476,32670
32768,50457,32812
32732,50437,32868
32870,50343,32774
32960,50405,32786
32876,50423,32775
32856,50421,32805
32952,50477,32828
33142,50484,32807
33252,50470,32724
33168,50463,32669
33092,50439,32799
33124,50435,32932
33112,50404,32837
33060,50413,32709
33052,50420,32877
33192,50426,32901
33240,50466,32828
33164,50415,32837
33030,50476,32879
32793,50467,32857
32832,50433,32721
33004,50407,33015
33090,50321,32863
33133,50399,32873
33137,50400,32852
33176,50424,32775
33168,50439,32740
33144,50412,33021
33152,50461,32895
33076,50423,32880
33056,50428,32917
33004,50407,32849
33028,50389,32769
33000,50391,32932
32952,50395,33030
33016,50408,32897
33114,50428,32887
33200,50397,32791
33236,50449,32905
33150,50429,33074
33048,50399,32954
32944,50385,32960
32804,50375,32990
32804,50367,32980
33028,50375,32906
33009,50340,32863
33204,50423,32855
33208,50432,32975
33272,50430,33135
33220,50437,33132
33160,50412,33080
32960,50373,33069
32864,50369,33054
32820,50359,33088
32850,50333,33108
32648,50375,33023
32220,50412,32983
31508,50430,33000
30564,50408,33226
29528,50406,33159
28684,50405,33120
27828,50363,33083
27088,50319,33001
26386,50347,33053
26152,50353,33257
26265,50375,33167
27001,50415,33125
28500,50420,33136
31105,50404,33149
34432,50405,33148
38304,50390,33152
42060,50343,33153
45368,50287,33128
48048,50326,33048
49892,50329,33302
50632,50340,33188
49916,50388,33156
48132,50392,33188
46260,50385,33056
44992,50375,33261
43577,50365,33204
42592,50327,33225
42000,50311,33159
41328,50279,33108
40280,50310,33225
39136,50329,33349
38076,50368,33235
36944,50385,33221
35808,50381,33194
34613,50368,33172
33644,50364,33280
32688,50327,33236
31788,50247,33238
31160,50292,33269
30836,50247,33204
30776,50324,33425
30796,50372,33299
30724,50364,33223
30686,50356,33377
30532,50277,33468
30436,50343,33397
30333,50303,33356
30256,50260,33360
30248,50215,33284
30228,50287,33573
30273,50300,33437
30392,50341,33461
30481,50363,33359
30408,50343,33603
30540,50332,33493
30636,50255,33461
30476,50285,33462
30405,50215,33684
30340,50270,33559
30320,50263,33601
30412,50293,33490
30612,50331,33671
30781,50332,33775
30796,50265,33716
30628,50325,33656
30516,50295,33665
30572,50277,33652
30516,50247,33695
30616,50231,33693
30652,50256,33596
30768,50284,33673
30820,50304,33753
30880,50325,33836
30932,50235,33761
30921,50302,33741
30916,50279,33701
30853,50228,33714
30856,50236,33748
30852,50216,33689
30888,50231,33652
30940,50245,33645
30922,50284,33631
30890,50287,33647
30821,50295,33773
30720,50279,33815
30812,50261,33868
30626,50235,33821
30580,50212,33788
30504,50143,33799
30582,50231,33832
30517,50228,33823
30430,50183,33862
30336,50284,33783
30300,50284,33750
30432,50269,33989
30408,50175,33877
30192,50229,33895
29952,50183,33897
30087,50199,33941
30268,50215,33937
30158,50223,33888
30124,50239,33859
30132,50269,34025
30072,50269,34054
30082,50263,33914
29956,50224,33933
29824,50183,34148
29720,50109,34108
29764,50183,34078
29672,50196,34108
29612,50173,34105
29620,50249,34156
29605,50255,34164
29512,50222,34181
29408,50183,34161
29404,50223,34143
29268,50183,34126
29112,50136,34349
29044,50164,34314
29088,50117,34269
29136,50183,34275
29044,50213,34285
29165,50151,34353
29176,50233,34320
29192,50212,34285
29097,50183,34383
29076,50173,34451
29076,50151,34372
29044,50111,34405
29012,50151,34328
29040,50175,34464
29212,50205,34588
29268,50215,34532
29268,50205,34437
29172,50198,34434
29285,50183,34497
29316,50151,34484
29174,50127,34455
29217,50055,34486
29312,50151,34465
29444,50149,34398
29648,50126,34502
29740,50205,34597
29924,50182,34520
30284,50116,34445
30548,50148,34476
30684,50085,34410
30901,50104,34590
31252,50097,34439
31536,50109,34452
31804,50125,34376
31968,50169,34580
32164,50172,34414
32202,50093,34436
32410,50156,34373
32544,50132,34285
32653,50097,34382
32712,50001,34403
32749,50087,34520
32908,50100,34372
33121,50101,34364
33312,50143,34309
33485,50140,34340
33592,50135,34335
33660,50108,34311
33732,50119,34292
33792,50077,34264
33808,50052,34264
33784,49999,34193
33945,50068,34260
34013,50073,34361
34046,50055,34201
34008,50125,34183
34088,50055,34177
34132,50106,34223
34136,50081,34128
34092,50055,34076
34129,50039,34128
34104,49978,34229
34104,50030,34070
34060,50036,34052
34196,50090,33971
34188,50099,34030
34156,50094,34001
34172,50095,34128
34128,50055,33997
34140,49967,33935
34132,50020,33884
34060,49942,33816
34081,50039,33972
34136,50037,33970
34212,50079,33870
34168,50074,33843
34112,50084,33838
34148,50073,33846
34214,50047,33773
34260,49951,33700
34224,50005,33720
34140,49996,33909
34169,50014,33821
34057,50012,33713
33985,50055,33661
33984,50068,33585
34048,49999,33569
34004,50055,33530
33892,50029,33612
33758,49988,33653
33644,49991,33733
33500,49982,33677
33472,49957,33638
33540,49992,33578
33588,49967,33497
33668,50031,33484
33724,50043,33460
33748,49991,33430
33708,50001,33449
33653,49911,33396
33600,49959,33281
33614,49951,33412
33572,49957,33455
33501,49917,33333
33560,50023,33300
33588,50031,33275
33560,50015,33253
33564,49993,33230
33584,49990,33251
33568,49956,33229
33524,49927,33120
33468,49941,33172
33428,49927,33279
33470,49903,33127
33556,49993,33108
33644,49991,33127
33600,49996,33000
33568,49973,32945
33556,49957,33005
33476,49903,33077
33328,49909,33005
33356,49840,32962
33452,49917,32992
33504,49927,33120
33566,49927,33088
33644,49980,33061
33632,49974,33053
33545,49903,32927
33556,49927,32932
33504,49903,32910
33534,49884,32923
33576,49828,32925
33584,49903,32919
33520,49905,32917
33628,49940,32804
33700,49956,32847
33780,49927,32772
33728,49927,32750
33620,49918,32613
33509,49884,32644
33452,49871,32644
33408,49838,32604
33464,49872,32652
33464,49879,32700
33528,49927,32688
33608,49911,32633
33572,49921,32609
33512,49897,32596
33468,49883,32637
33412,49783,32596
33412,49799,32587
33476,49852,32717
33501,49836,32604
33549,49861,32405
33648,49885,32489
33516,49852,32489
33512,49889,32495
33489,49877,32517
33436,49856,32495
33372,49765,32489
33229,49813,32460
33249,49821,32453
33260,49823,32436
33332,49836,32431
33332,49877,32388
33224,49879,32289
33221,49799,32245
33126,49868,32338
33012,49831,32380
32980,49791,32442
32982,49797,32320
33117,49788,32324
33172,49799,32334
33042,49812,32332
33094,49841,32318
33214,49855,32194
33166,49839,32208
33168,49775,32319
33184,49821,32279
33168,49775,32267
33216,49764,32407
33220,49765,32411
33364,49780,32391
33364,49789,32324
33398,49820,32287
33465,49767,32271
33476,49828,32216
33540,49808,32247
33508,49765,32173
33276,49762,32174
33164,49747,32216
33080,49751,32198
33126,49743,32225
33284,49768,32093
33324,49799,32071
33287,49794,32045
33276,49790,32036
33280,49719,32041
33312,49760,32021
33308,49711,32091
33295,49702,32184
33340,49649,32295
33325,49709,32279
33264,49739,32280
33312,49767,32189
33348,49775,32279
33300,49755,32238
33300,49753,32263
33120,49728,32181
32924,49636,32138
32869,49671,32102
32900,49669,32095
32924,49636,32132
32878,49711,32036
32988,49735,31966
33120,49671,32016
33136,49743,32095
33004,49724,32023
32864,49706,31973
32664,49669,31984
32592,49639,32060
32736,49660,32047
32608,49671,32018
32425,49689,31973
32184,49671,31991
31485,49729,32050
30656,49703,32100
29740,49705,32108
28740,49636,32038
27952,49644,31948
27300,49559,32236
26700,49652,32176
26336,49639,32228
26220,49655,32013
26666,49695,31965
27509,49701,32100
29328,49631,32100
32192,49671,32059
35780,49671,32080
39550,49620,32070
43188,49606,32052
46288,49617,32056
48560,49607,32072
49972,49636,32063
50252,49653,32143
49128,49665,32205
47276,49660,32213
45904,49645,31936
44756,49631,31941
43512,49596,31962
42716,49543,32034
42000,49577,32032
41093,49583,32054
39910,49613,32041
38694,49644,32036
37420,49656,31949
36284,49644,31933
35016,49639,31946
34012,49616,32007
33001,49543,32007
32172,49559,31950
31620,49591,31992
31140,49575,31975
30910,49607,31948
30900,49639,32068
30792,49623,32121
30636,49617,32093
30476,49614,32142
30488,49607,32140
30440,49562,32060
30352,49497,32095
30304,49540,32274
30332,49549,32187
30281,49578,32179
30284,49529,32210
30320,49613,32081
30357,49596,32276
30381,49595,32321
30376,49568,32260
30398,49535,32241
30493,49509,32263
30492,49529,32300
30520,49543,32255
30556,49567,32313
30768,49572,32441
30712,49584,32439
30696,49533,32385
30756,49591,32372
30821,49550,32351
30806,49516,32293
30718,49504,32252
30784,49519,32249
30933,49445,32391
30936,49535,32433
30972,49572,32380
30993,49567,32388
30920,49526,32412
30832,49553,32428
30796,49521,32329
30768,49412,32288
30836,49485,32401
30876,49485,32417
30881,49492,32317
30952,49508,32327
31072,49541,32375
31028,49551,32327
31020,49543,32392
30958,49479,32292
30880,49511,32404
30808,49475,32434
30800,49448,32359
30700,49469,32263
30632,49436,32169
30540,49498,32164
30488,49531,32193
30620,49524,32186
30708,49516,32214
30620,49511,32144
30574,49434,32116
30440,49454,32112
30432,49436,32108
30352,49441,32117
30564,49415,32124
30520,49463,32116
30320,49492,32091
30352,49519,32075
30324,49415,32062
30252,49503,32076
30112,49472,32053
30008,49438,32044
29848,49347,32052
29736,49428,32055
29676,49447,32159
29736,49448,32198
29888,49484,32196
29888,49484,32197
29884,49447,32189
29744,49475,32177
29625,49450,32128
29536,49415,32135
29424,49402,32183
29364,49399,32229
29236,49412,32208
29312,49368,32188
29304,49472,32197
29252,49464,32229
29204,49452,32260
29344,49448,32206
29348,49428,32254
29228,49391,32263
29148,49315,32213
29252,49385,32175
29380,49388,32281
29420,49415,32247
29397,49372,32236
29428,49446,32244
29486,49430,32245
29464,49429,32245
29440,49396,32276
29384,49371,32369
29476,49349,32249
29652,49336,32271
29632,49376,32363
29696,49370,32135
29932,49415,32220
30085,49412,32249
30248,49383,32263
30425,49407,32220
30512,49374,32230
30696,49345,32200
30960,49287,32229
31213,49325,32172
31400,49346,32140
31612,49335,32063
31980,49369,32222
32169,49393,32321
32320,49344,32314
32396,49372,32213
32473,49346,32159
32604,49247,32140
32756,49287,32111
32820,49303,32109
32986,49261,32111
33081,49333,32060
33324,49351,32025
33520,49364,31992
33608,49341,31879
33572,49340,31879
33600,49317,31876
33576,49276,31852
33624,49277,31829
33740,49215,31804
33820,49283,31860
33800,49303,31935
33940,49324,31805
34005,49296,31860
33992,49319,31828
33916,49319,31876
33896,49281,31869
33892,49249,31935
33920,49236,31913
33964,49253,31800
34053,49244,31764
34240,49269,31751
34280,49287,31725
34312,49315,31676
34268,49244,31667
34226,49287,31668
34180,49252,31664
34085,49181,31599
34124,49223,31546
34056,49220,31461
34112,49229,31503
34180,49242,31452
34144,49221,31470
34084,49285,31472
34100,49269,31476
34061,49252,31503
33956,49228,31503
33824,49199,31445
33808,49191,31529
34000,49196,31642
33824,49193,31576
33796,49159,31549
33780,49254,31506
33854,49249,31399
34000,49180,31637
33936,49237,31509
33852,49204,31589
33780,49159,31489
33760,49108,31495
33704,49159,31455
33700,49183,31467
33756,49124,31483
33842,49223,31433
33872,49231,31333
33928,49159,31316
34028,49210,31307
33984,49191,31362
33836,49157,31437
33800,49079,31592
33764,49151,31594
33770,49141,31604
33720,49159,31493
33745,49204,31460
33804,49210,31456
33684,49196,31463
33610,49191,31332
33584,49159,31376
33588,49132,31444
33518,49060,31521
33660,49120,31529
33728,49124,31505
33592,49136,31537
33729,49180,31560
33728,49183,31523
33688,49159,31539
33657,49159,31540
33609,49135,31629
33492,49050,31709
33428,49053,31516
33460,49095,31449
33556,49112,31468
33668,49124,31483
33740,49144,31493
33788,49153,31495
33792,49148,31572
33861,49127,31751
33828,49108,31797
33696,49076,31780
33652,49063,31724
33622,49065,31751
33657,49054,31801
33720,49082,31727
33734,49116,31724
33628,49086,31719
33566,49125,31788
33524,49094,31778
33380,49079,31881
33348,49044,31732
33436,49053,31631
33416,49039,31671
33440,48987,31670
33488,49080,31652
33288,49102,31673
33252,49108,31751
33364,49103,31799
33324,49087,31846
33224,49020,31818
33234,49002,31828
33140,49004,31862
33088,49004,31860
33164,49031,31853
33137,49039,31903
33117,49058,31836
33124,49080,31845
33024,49068,31863
32836,48996,31822
32688,49031,31840
32644,48997,31828
32692,48988,31863
32704,48996,31869
32832,48940,31866
33056,49031,31945
33096,49031,32164
33145,49060,32067
33116,49031,32018
33156,49029,32053
32988,49002,32060
32872,48966,32053
32776,48961,32054
32972,48919,32101
33181,48976,32091
33108,48996,32045
33216,49029,32064
33344,48961,32095
33300,49021,32030
33256,49004,32154
33197,48983,32311
33200,48880,32346
33294,48903,32324
33336,48955,32276
33400,48948,32348
33188,48967,32405
33248,48992,32413
33360,48956,32439
33284,48938,32429
33188,48965,32338
33096,48952,32369
33044,48912,32263
33127,48903,32276
33032,48903,32272
32980,48903,32327
33041,48941,32320
33120,48923,32356
33072,48964,32372
33040,48956,32391
32984,48943,32407
33044,48903,32486
32912,48886,32572
32913,48877,32649
32977,48876,32640
33020,48879,32703
32953,48895,32821
32964,48852,32775
32880,48935,32645
32929,48918,32695
32784,48901,32748
32529,48868,32775
32408,48799,32774
32356,48824,32862
32364,48820,32889
32476,48775,32844
32300,48864,32861
31596,48870,32886
30656,48884,32917
29745,48813,32929
28934,48864,32958
28157,48833,33044
27464,48788,33137
26854,48775,33133
26464,48792,33141
26548,48804,33199
26870,48736,33318
27872,48785,33172
29548,48836,33100
32416,48823,33110
35876,48808,33127
39748,48748,33168
43385,48744,33204
46444,48721,33224
48544,48716,33248
49684,48716,33222
49852,48737,33222
48656,48775,33274
46788,48783,33327
45568,48759,33326
44440,48759,33350
43316,48727,33316
42488,48692,33332
41700,48692,33401
40876,48684,33493
39860,48680,33385
38864,48703,33368
37768,48735,33312
36688,48687,33272
35592,48740,33345
34480,48738,33377
33525,48704,33383
32677,48664,33377
31877,48647,33409
31456,48620,33415
31196,48676,33428
31040,48684,33420
30942,48706,33444
30833,48692,33452
30776,48701,33481
30688,48691,33501
30548,48668,33503
30588,48631,33522
30536,48559,33543
30616,48560,33620
30648,48607,33661
30764,48647,33732
30856,48669,33644
30852,48669,33591
30856,48667,33553
30808,48598,33637
30740,48641,33592
30572,48597,33610
30516,48587,33633
30596,48591,33724
30720,48583,33741
30837,48623,33820
30924,48645,33797
30966,48599,33810
30936,48644,33862
30988,48620,33825
30944,48596,33869
30912,48568,33935
30988,48559,33767
30960,48567,33831
30888,48505,33866
31073,48581,33869
31008,48612,33856
31140,48612,33888
31114,48604,33895
31148,48607,33878
31168,48560,33845
31057,48538,33884
31008,48508,33885
31098,48510,33981
31384,48539,33943
31286,48484,33871
31332,48580,33959
31220,48597,33952
31120,48572,33799
31153,48568,33740
31112,48544,33780
30908,48473,33833
30936,48503,33792
30951,48503,33772
30988,48511,33785
30912,48519,33855
30900,48544,33833
30780,48571,33889
30680,48516,33834
30518,48548,33641
30536,48519,33710
30484,48492,33831
30516,48477,33713
30448,48472,33656
30432,48480,33679
30432,48502,33677
30412,48455,33783
30348,48541,33684
30328,48535,33661
30249,48513,33679
30296,48491,33676
30164,48452,33799
30112,48440,33585
30056,48453,33671
29988,48391,33642
29916,48436,33759
29928,48517,33812
30048,48513,33697
30032,48503,33655
29996,48485,33595
29976,48391,33626
29888,48364,33671
29780,48420,33660
29756,48425,33717
29780,48429,33726
29724,48440,33720
29738,48472,33725
29796,48484,33711
29706,48469,33781
29646,48391,33792
29756,48444,33839
29645,48404,33761
29646,48384,33700
29716,48391,33671
29693,48391,33752
29620,48391,33765
29764,48437,33758
29804,48450,33781
29728,48445,33852
29909,48434,33911
29845,48409,33932
29896,48365,33789
29965,48344,33796
30244,48359,33856
30436,48359,33895
30504,48373,33799
30652,48412,33735
30860,48416,33775
31016,48383,33760
31088,48391,33758
31428,48373,33799
31532,48317,33799
31688,48317,33809
31780,48324,33831
31956,48301,33829
32208,48337,33817
32392,48369,33820
32505,48381,33815
32693,48370,33789
32756,48311,33799
32772,48324,33762
32856,48308,33780
32996,48293,33894
33128,48293,33693
33236,48300,33765
33372,48308,33833
33440,48350,33637
33508,48341,33728
33564,48343,33702
33646,48325,33679
33625,48303,33756
33636,48263,33810
33673,48254,33550
33768,48260,33613
33886,48188,33637
34016,48284,33600
34028,48292,33572
34080,48321,33543
34052,48292,33665
34085,48300,33668
34004,48208,33423
33912,48172,33479
33889,48200,33479
33888,48228,33477
33908,48239,33414
33980,48233,33407
34038,48277,33440
34088,48287,33541
34096,48277,33412
33925,48253,33293
34002,48207,33281
34098,48172,33337
34033,48191,33376
34100,48191,33331
34270,48197,33332
34376,48213,33316
34336,48237,33415
34428,48249,33415
34260,48249,33370
34124,48231,33257
34116,48202,33253
33984,48181,33223
33896,48156,33314
33809,48149,33378
33860,48133,33350
33892,48175,33214
33888,48184,33209
33936,48189,33223
33912,48194,33237
33844,48199,33184
33887,48193,33357
33845,48159,33341
33760,48135,33415
33569,48156,33287
33564,48151,33172
33628,48160,33188
33624,48192,33239
33636,48204,33247
33545,48127,33244
33548,48191,33213
33572,48159,33225
33556,48127,33208
33596,48113,33252
33524,48117,33232
33716,48092,33268
33664,48135,33224
33692,48180,33246
33680,48181,33245
33608,48164,33231
33516,48159,33220
33492,48135,33252
33568,48039,33265
33516,48101,33287
33492,48084,33349
33520,48093,33224
33592,48119,33185
33560,48149,33202
33572,48103,33200
33604,48135,33199
33524,48133,33212
33517,48108,33197
33380,48069,33212
33376,48065,33231
33428,48070,33265
33505,48031,33266
33644,48045,33292
33617,48086,33273
33644,48125,33275
33593,48108,33275
33561,48103,33300
33508,48076,33327
33392,48046,33304
33284,48022,33252
33304,48047,33223
33432,48055,33240
33460,48016,33237
33584,48037,33220
33708,48111,33351
33596,48077,33455
33520,48071,33356
33516,48053,33333
33380,48006,33335
33280,47943,33400
33212,47988,33319
33268,47960,33398
33293,48007,33474
33484,48068,33457
33364,48072,33303
33348,48071,33244
33110,48040,33247
32832,48028,33472
32794,47956,33477
32837,47976,33356
32832,47983,33324
32980,47919,33361
33020,48005,33286
33093,48028,33333
33184,47975,33509
33276,48025,33471
33132,48007,33369
33212,47996,33364
32992,47963,33406
32984,47948,33413
33112,47957,33347
33116,47908,33412
33160,47975,33501
33340,48001,33399
33500,48012,33398
33412,47992,33382
33216,47991,33460
33040,47952,33575
33032,47916,33552
33112,47919,33439
33208,47927,33423
33320,47927,33437
33492,47936,33439
33588,47961,33437
33632,47972,33484
33497,47900,33492
33472,47911,33469
33384,47927,33500
33340,47876,33505
33316,47833,33469
33260,47879,33467
33156,47879,33421
33138,47900,33431
33246,47925,33572
33496,47929,33580
33396,47867,33535
33118,47908,33503
33088,47873,33463
33088,47791,33597
33055,47847,33707
32992,47845,33572
33228,47853,33593
33273,47868,33528
33092,47861,33710
33072,47903,33700
32944,47897,33637
32980,47879,33616
33144,47857,33660
33072,47824,33596
33052,47767,33767
33144,47816,33791
33142,47821,33681
33132,47847,33700
33200,47877,33716
33104,47879,33648
32825,47797,33868
32450,47855,33742
31900,47767,33751
31064,47797,33752
30028,47781,33778
29068,47765,33708
28224,47768,33701
27444,47818,33799
26892,47857,33860
26478,47845,33864
26480,47766,33788
26768,47836,33791
27692,47807,33772
29164,47781,33788
31984,47776,33807
35288,47772,33799
39052,47764,33804
42684,47783,33836
45868,47812,33865
48144,47815,33906
49568,47788,33903
50012,47780,33865
49028,47743,33940
47216,47717,33868
45780,47725,33849
44904,47725,33988
43712,47705,33988
42764,47747,33863
42176,47772,33798
41389,47796,33885
40282,47775,33890
39232,47772,33893
38076,47748,33893
36692,47711,33889
35296,47711,33906
34288,47711,33935
33420,47727,33956
32900,47734,33996
32290,47765,34081
31872,47773,34109
31468,47760,33999
31164,47751,33951
30972,47668,34013
30820,47696,34065
30721,47687,34119
30664,47691,34116
30528,47701,34142
30617,47705,34218
30748,47733,34354
30804,47733,34332
30853,47733,34317
30768,47716,34372
30688,47623,34301
30636,47620,34405
30584,47655,34400
30520,47644,34463
30436,47655,34599
30712,47675,34532
30924,47703,34488
30952,47709,34549
30912,47680,34637
30813,47677,34628
30906,47640,34695
30820,47607,34788
30858,47548,34844
30868,47607,34745
30896,47607,34767
31044,47617,34820
31277,47641,34836
31240,47663,34836
31240,47616,34830
31332,47623,34920
31352,47591,34932
31060,47491,34929
30908,47532,34958
30940,47534,34992
31153,47529,34981
31296,47546,34997
31324,47585,35015
31311,47573,35047
31353,47576,35036
31352,47559,35046
31300,47533,35076
31168,47468,35066
31104,47457,35135
31048,47484,35252
30954,47479,35207
30989,47495,35149
31212,47517,35198
31101,47471,35219
31124,47505,35256
30992,47495,35297
30820,47479,35335
30664,47437,35300
30498,47356,35216
30596,47431,35229
30508,47425,35240
30412,47447,35295
30560,47469,35327
30700,47410,35317
30544,47458,35318
30468,47460,35388
30372,47423,35455
30244,47393,35437
30220,47364,35432
30256,47383,35471
30160,47391,35516
30080,47407,35524
30176,47439,35453
30240,47383,35456
30217,47431,35583
29972,47362,35531
29872,47389,35527
29768,47349,35506
29796,47341,35556
29808,47299,35557
29720,47346,35570
29604,47383,35571
29624,47401,35610
29600,47399,35608
29544,47399,35590
29552,47380,35630
29608,47341,35687
29545,47318,35738
29441,47308,35747
29356,47321,35744
29352,47316,35628
29424,47335,35662
29481,47367,35687
29364,47345,35680
29324,47362,35673
29372,47340,35685
29359,47316,35678
29328,47292,35662
29492,47263,35681
29636,47287,35684
29849,47285,35719
29926,47303,35761
30036,47335,35612
30102,47333,35697
30220,47317,35709
30344,47325,35623
30282,47292,35635
30384,47186,35645
30596,47228,35628
30872,47252,35623
30978,47261,35702
31232,47263,35640
31457,47301,35551
31544,47296,35556
31736,47237,35567
31969,47239,35534
32290,47253,35557
32316,47228,35584
32304,47199,35581
32426,47207,35452
32744,47157,35447
32828,47239,35453
32888,47268,35450
33140,47261,35422
33352,47247,35466
33392,47252,35455
33248,47228,35441
33236,47175,35434
33294,47187,35396
33504,47174,35312
33692,47184,35223
33724,47176,35208
33796,47239,35182
33852,47231,35156
33824,47223,35124
33648,47213,35130
33484,47186,35116
33540,47149,35066
33684,47143,35044
33637,47143,35015
33720,47150,35029
33828,47111,35004
34088,47207,34996
34080,47204,34995
34044,47196,34972
33904,47182,34980
33960,47128,34957
33856,47117,34951
33856,47111,34934
33976,47111,34940
33944,47110,34903
33940,47143,34881
34012,47167,34868
33988,47175,34876
33828,47097,34865
33853,47145,34889
33752,47111,34913
33784,47103,34961
33732,47067,35004
33696,47092,35000
33640,47093,34989
33672,47111,35005
33726,47127,34996
33658,47151,34933
33634,47131,34850
33556,47111,34852
33628,47095,34861
33508,47021,34878
33573,47063,34852
33516,47061,34883
33512,47068,34845
33508,47088,34807
33592,47111,34862
33640,47111,34847
33612,47108,34804
33596,47109,34849
33552,47021,34828
33400,47039,34788
33296,47028,34796
33248,47032,34791
33124,47044,34791
33160,47005,34795
33348,47095,34874
33452,47087,34863
33448,47077,34838
33484,47076,34836
33476,47044,34823
33352,47015,34779
33268,47004,34740
33360,47008,34713
33404,47015,34708
33404,47047,34679
33420,47071,34695
33456,47060,34716
33335,47055,34693
33264,47061,34685
33348,46964,34661
33312,46999,34661
33292,46972,34604
33316,46991,34481
33294,46989,34490
33356,47004,34500
33569,47053,34439
33584,47052,34448
33616,47043,34407
33584,46999,34385
33616,46998,34387
33536,46966,34380
33552,46909,34325
33476,46978,34324
33472,46965,34305
33544,46949,34289
33556,47028,34263
33608,47020,34287
33572,47015,34372
33480,46977,34348
33368,46982,34329
33263,46941,34319
33207,46893,34255
33220,46944,34280
33176,46945,34276
33124,46972,34260
33084,47005,34250
33110,46993,34244
33002,46977,34225
32856,46980,34217
32700,46944,34209
32672,46919,34173
32784,46900,34093
32812,46916,34101
32872,46925,34092
32968,46911,34174
32976,46964,34157
33028,46975,34159
32956,46897,34169
32960,46957,34166
32960,46924,34076
33013,46893,34142
33120,46889,34154
33224,46892,34132
33228,46895,34041
33232,46919,34054
33276,46951,34051
33292,46937,34111
33263,46929,34084
33297,46921,34117
33285,46885,34137
33160,46855,34148
33116,46855,34124
33073,46837,34148
32992,46855,34180
33024,46889,34220
33028,46895,34197
32976,46919,34273
32996,46910,34325
33012,46839,34353
33056,46855,34452
33105,46831,34485
33052,46804,34501
33006,46829,34515
32900,46831,34556
32840,46855,34599
32808,46885,34591
32772,46886,34654
32924,46879,34660
33072,46871,34669
33068,46845,34766
32928,46820,34809
32780,46821,34781
32746,46802,34909
32801,46821,34830
32836,46839,34876
32732,46841,35000
32702,46864,35079
32684,46844,35064
32626,46847,35110
32456,46813,35245
32376,46791,35292
32228,46720,35289
32120,46783,35383
32212,46790,35428
32092,46820,35591
31584,46831,35617
30864,46847,35600
29932,46838,35685
29017,46828,35792
28345,46807,35866
27773,46772,35937
27540,46757,36079
27185,46732,36100
27118,46780,36121
27500,46796,36229
28462,46823,36285
30016,46761,36369
32566,46823,36492
35508,46800,36568
38884,46765,36608
42272,46727,36663
44936,46727,36702
46368,46727,36780
47056,46736,36847
46988,46759,36900
45980,46788,36967
44608,46791,37036
43740,46780,37089
43004,46767,37166
41920,46736,37223
41188,46700,37273
40549,46693,37332
39693,46708,37391
38744,46713,37471
37828,46732,37511
36824,46772,37543
35840,46772,37589
34904,46764,37637
34122,46749,37679
33248,46724,37740
32413,46656,37796
31696,46692,37855
31300,46628,37892
31080,46700,37951
31105,46727,38015
31108,46757,38084
30736,46756,38145
30452,46725,38217
30246,46724,38295
30204,46711,38340
30040,46692,38407
30080,46678,38484
30264,46675,38553
30448,46684,38639
30480,46666,38708
30432,46751,38782
30400,46727,38868
30336,46727,38929
30280,46717,39001
30236,46680,39076
30264,46653,39124
30332,46599,39215
30480,46654,39287
30688,46661,39351
30936,46690,39425
31100,46715,39492
31092,46677,39557
30916,46693,39573
30780,46679,39677
30708,46668,39735
30650,46633,39807
30608,46631,39829
30620,46644,39860
30644,46631,39918
30652,46599,40015
30657,46688,40054
30620,46695,40094
30668,46672,40148
30697,46672,40197
30704,46644,40228
30672,46604,40301
30560,46599,40317
30524,46617,40377
30452,46628,40402
30488,46641,40420
30624,46609,40421
30548,46676,40450
30322,46660,40549
30260,46592,40568
30344,46633,40604
30340,46596,40636
30348,46592,40625
30542,46583,40724
30676,46599,40741
30466,46629,40813
30400,46597,40784
30414,46649,40809
30272,46644,40837
30192,46637,40944
29972,46609,40976
29700,46581,41020
29632,46584,41039
29752,46585,41063
30008,46591,41103
30073,46621,41132
30074,46645,41117
30193,46599,41127
30268,46621,41205
30208,46567,41223
30228,46599,41236
30228,46567,41351
30200,46567,41366
30342,46508,41407
30152,46574,41440
30112,46598,41452
30166,46567,41404
30152,46631,41461
30064,46621,41544
29888,46582,41564
29710,46576,41588
29544,46551,41609
29496,46565,41617
29568,46549,41639
29592,46500,41652
29582,46581,41672
29518,46556,41696
29396,46599,41713
29344,46535,41735
29324,46583,41756
29369,46567,41757
29416,46542,41781
29416,46524,41807
29440,46545,41817
29530,46549,41817
29588,46580,41802
29620,46544,41806
29700,46596,41825
29756,46578,41794
29736,46587,41804
29760,46561,41789
29840,46508,41807
29892,46525,41807
30000,46532,41692
30082,46525,41735
30192,46473,41751
30390,46591,41725
30550,46577,41703
30708,46574,41645
30864,46572,41633
30948,46471,41669
31068,46511,41657
31204,46492,41652
31369,46511,41604
31588,46508,41581
31708,46529,41548
31920,46567,41514
32184,46567,41524
32320,46548,41376
32380,46545,41437
32560,46508,41422
32698,46484,41396
32654,46487,41368
32852,46493,41351
32937,46500,41247
33052,46517,41191
33068,46564,41223
32972,46545,41212
33008,46532,41158
33244,46469,41112
33238,46495,41081
33172,46471,40989
33180,46471,40917
33246,46471,40941
33310,46481,40913
33376,46504,40839
33496,46503,40775
33600,46546,40719
33596,46524,40682
33572,46462,40563
33501,46500,40516
33548,46455,40523
33304,46461,40455
33256,46418,40394
33276,46468,40325
33500,46500,40276
33612,46527,40214
33672,46524,40132
33868,46519,40071
34054,46508,40014
34008,46476,39892
33908,46460,39844
33840,46394,39788
33900,46452,39735
33993,46456,39685
33920,46487,39599
33888,46484,39526
33968,46513,39460
33892,46511,39389
33804,46500,39316
33868,46460,39246
33800,46441,39175
33736,46441,39108
33756,46397,39037
33669,46461,38968
33776,46477,38887
33832,46517,38837
33732,46512,38786
33669,46494,38716
33669,46500,38651
33701,46468,38599
33704,46436,38519
33812,46439,38450
33924,46392,38402
33944,46457,38351
33908,46471,38302
34008,46508,38245
33973,46500,38183
33960,46471,38136
33889,46484,38092
33836,46404,38053
33800,46431,37993
33773,46436,37951
33804,46399,37901
33744,46453,37863
33733,46471,37823
33812,46501,37767
33804,46493,37741
33784,46471,37676
33772,46471,37622
33649,46445,37575
33641,46429,37537
33716,46414,37501
33644,46436,37453
33756,46407,37412
33889,46462,37365
34020,46495,37332
33960,46431,37303
33812,46495,37260
33760,46468,37189
33688,46431,37164
33604,46412,37127
33528,46416,37081
33556,46415,37025
33556,46381,36983
33500,46462,36943
33588,46487,36896
33600,46495,36870
33676,46437,36825
33724,46479,36769
33780,46447,36711
33664,46415,36676
33557,46415,36645
33440,46383,36614
33424,46431,36558
33376,46461,36536
33440,46487,36505
33497,46487,36452
33436,46471,36425
33245,46468,36348
33200,46434,36334
33216,46411,36300
33236,46409,36268
33280,46420,36212
33450,46415,36144
33552,46420,36084
33576,46465,36052
33600,46471,36007
33556,46471,35992
33628,46452,35957
33576,46423,35892
33444,46387,35904
33392,46343,35912
33356,46404,35844
33444,46407,35766
33492,46444,35735
33508,46463,35719
33592,46433,35655
33736,46460,35620
33832,46447,35623
33868,46412,35662
33880,46391,35653
33780,46338,35557
33792,46395,35515
33776,46396,35484
33748,46437,35486
33804,46388,35463
33828,46452,35510
33764,46439,35487
33720,46439,35407
33712,46412,35359
33664,46386,35344
33560,46377,35329
33446,46388,35319
33532,46341,35308
33505,46409,35295
33556,46447,35273
33653,46455,35227
33660,46446,35283
33576,46437,35263
33472,46407,35231
33292,46343,35195
33052,46373,35173
32665,46380,35174
32040,46343,35159
31104,46431,35196
30076,46455,35165
29120,46447,35183
28272,46384,35181
27496,46440,35149
26776,46407,35160
26352,46388,35145
26530,46386,35121
27080,46388,35046
28445,46396,35031
30600,46433,35040
33292,46445,35008
36452,46439,34973
39984,46433,35057
43504,46412,35079
46328,46381,35018
48044,46359,35009
49056,46343,35014
48700,46353,34956
47024,46365,34980
44689,46381,34951
43128,46444,34945
41944,46444,35047
40952,46415,35008
40296,46423,34980
39920,46395,34916
39440,46367,34925
38892,46361,34897
38188,46372,34880
37389,46375,34965
36724,46423,34951
36092,46415,34859
35332,46436,34845
34540,46415,34860
33904,46431,34801
33158,46404,34809
32406,46376,34796
31988,46364,34890
31792,46380,34880
31652,46396,34844
31630,46364,34841
31632,46455,34841
31532,46452,34880
31372,46444,34914
31240,46414,34895
31048,46399,34868
30910,46332,35029
30936,46377,35000
31008,46324,34965
31064,46392,35001
31144,46364,35012
31149,46452,35000
31300,46452,35128
31396,46445,35071
31324,46389,35055
31236,46407,35100
31158,46376,35117
31121,46368,35109
31086,46388,35100
31145,46402,35129
31234,46445,35200
31312,46452,35116
31253,46455,35137
31157,46453,35143
31104,46438,35207
31092,46397,35223
31132,46383,35155
31124,46332,35167
31110,46381,35240
31132,46394,35248
31196,46438,35188
31332,46459,35204
31456,46447,35233
31520,46437,35300
31536,46383,35220
31520,46407,35245
31452,46381,35220
31408,46383,35334
31420,46392,35256
31432,46396,35279
31441,46427,35237
31476,46448,35277
31425,46447,35274
31352,46452,35263
31360,46444,35365
31388,46396,35281
31304,46381,35294
31198,46383,35403
31142,46388,35301
31164,46392,35330
31240,46427,35316
31296,46455,35412
31257,46455,35397
31064,46433,35375
30956,46439,35416
30830,46407,35429
30736,46373,35407
30696,46375,35399
30728,46389,35500
30776,46372,35429
30776,46423,35457
30764,46406,35439
30706,46447,35556
30636,46440,35486
30516,46440,35528
30404,46401,35513
30254,46341,35519
30160,46375,35639
30132,46389,35566
30148,46393,35607
30188,46430,35628
30193,46447,35653
30141,46444,35641
30096,46429,35680
30088,46431,35737
29998,46400,35724
29984,46359,35705
29941,46373,35701
29888,46381,35727
29832,46387,35743
29932,46416,35753
29996,46444,35768
29964,46428,35772
29902,46433,35780
29917,46424,35775
29956,46394,35829
30052,46324,35792
30174,46359,35860
30236,46377,35900
30268,46383,35845
30312,46343,35862
30334,46429,35834
30383,46430,35903
30480,46438,35937
30625,46421,35860
30828,46356,35866
30952,46373,35884
31192,46356,35864
31344,46332,35847
31500,46369,35841
31628,46407,35906
31782,46365,35926
31924,46407,35873
32176,46409,35847
32308,46413,35871
32412,46369,35820
32532,46356,35909
32676,46343,35824
32737,46356,35829
32777,46358,35781
32856,46340,35855
32936,46404,35828
33056,46415,35759
33164,46404,35757
33180,46389,35767
33144,46294,35743
33240,46335,35720
33312,46328,35704
33476,46340,35684
33596,46305,35663
33592,46380,35661
33561,46394,35716
33493,46377,35689
33476,46383,35644
33460,46377,35564
33400,46340,35532
33384,46319,35495
33500,46265,35468
33668,46324,35436
33833,46319,35420
33948,46357,35420
33916,46381,35377
33824,46383,35334
33748,46364,35309
33696,46369,35291
33684,46319,35260
33648,46291,35238
33741,46293,35206
33884,46300,35172
33901,46321,35124
33968,46343,35076
34012,46372,35036
33984,46365,35015
33776,46351,35037
33660,46307,35021
33680,46316,34985
33700,46291,34886
33576,46290,34969
33528,46247,34872
33504,46305,34823
33509,46341,34812
33609,46367,34785
33748,46367,34751
33832,46280,34717
33796,46315,34688
33808,46309,34647
33678,46281,34591
33628,46248,34628
33620,46286,34640
33628,46301,34509
33676,46316,34500
33721,46343,34485
33720,46343,34417
33656,46311,34369
33581,46331,34332
33564,46303,34407
33501,46284,34422
33440,46276,34342
33400,46292,34320
33502,46238,34335
33672,46335,34272
33668,46343,34247
33632,46343,34205
33714,46257,34149
33668,46317,34165
33668,46287,34043
33557,46271,34183
33424,46265,34116
33430,46279,34091
33481,46287,34109
33600,46309,34088
33624,46340,34031
33628,46335,34148
33617,46316,34145
33560,46324,34131
33468,46269,34049
33412,46256,34012
33406,46269,33994
33440,46279,34027
33412,46276,34010
33428,46309,33968
33433,46292,33948
33404,46327,34063
33384,46324,34075
33336,46311,34052
33336,46213,34005
33300,46248,34045
33265,46248,34040
33288,46257,34029
33280,46264,33922
33230,46311,33844
33208,46279,33838
33188,46324,33836
33176,46316,33836
33140,46309,33848
33140,46276,33855
33096,46252,33845
33064,46207,33806
33088,46255,33761
33172,46261,33842
33244,46284,33830
33316,46311,33746
33360,46319,33730
33332,46309,33752
33348,46296,33730
33372,46263,33710
33296,46252,33673
33212,46259,33645
33180,46257,33785
33176,46202,33694
33209,46295,33605
33201,46317,33623
33224,46275,33605
33180,46304,33588
33092,46293,33570
33116,46260,33497
33116,46193,33472
33156,46244,33519
33202,46247,33607
33204,46255,33445
33248,46292,33447
33244,46268,33381
33164,46300,33514
33292,46293,33497
33428,46281,33348
33493,46243,33372
33501,46237,33344
33477,46239,33312
33450,46231,33286
33600,46239,33247
33716,46282,33302
33796,46289,33391
33744,46301,33327
33720,46278,33333
33712,46279,33346
33688,46241,33351
33584,46231,33208
33484,46175,33188
33332,46231,33197
33271,46236,33165
33236,46244,33167
33252,46292,33164
33252,46279,33181
33160,46284,33175
33200,46264,33159
33184,46237,33133
33212,46215,33122
33052,46223,33135
32784,46231,33089
32136,46229,33251
31216,46276,33236
30153,46286,33227
29148,46229,33094
28256,46282,33127
27561,46245,33045
26844,46233,33063
26439,46220,33182
26528,46229,33164
26912,46236,33058
28040,46246,33071
29988,46281,33044
32960,46251,32980
36460,46276,33106
40284,46268,33142
44192,46248,33056
47092,46200,33077
48860,46185,33064
49726,46180,33056
49484,46199,33017
48010,46201,33036
45777,46232,33098
44312,46269,33088
42985,46267,33093
41592,46261,33085
40836,46250,33013
40260,46215,32991
39576,46196,32981
38820,46191,32972
38020,46208,32884
37116,46220,32903
36312,46237,32913
35533,46283,32906
34800,46269,32903
34021,46269,32916
33232,46199,32933
32460,46237,32935
31896,46215,32908
31544,46151,32904
31336,46228,32913
31280,46215,32942
31236,46268,32980
31214,46212,32987
31040,46284,32988
30920,46276,33062
30884,46196,33031
30864,46233,33045
30804,46205,33221
30796,46165,33281
30798,46236,33225
30892,46236,33245
30937,46268,33286
31028,46276,33337
31213,46285,33225
31128,46268,33253
31020,46266,33270
30911,46222,33287
30820,46213,33303
30780,46196,33362
30824,46213,33372
30916,46228,33380
31120,46196,33388
31333,46291,33380
31321,46269,33354
31216,46207,33333
31197,46252,33477
31064,46224,33376
30980,46198,33335
30916,46212,33334
30853,46209,33337
30992,46236,33359
31145,46266,33367
31253,46293,33358
31396,46276,33332
31368,46265,33317
31336,46261,33305
31356,46167,33316
31284,46215,33292
31256,46212,33295
31192,46223,33319
31096,46167,33335
31076,46263,33313
31120,46292,33287
31004,46279,33277
30962,46270,33268
30909,46269,33248
30852,46229,33252
30810,46151,33286
30800,46215,33417
30817,46215,33369
30852,46231,33274
30868,46231,33306
30784,46277,33303
30736,46276,33250
30712,46276,33350
30680,46205,33401
30608,46228,33445
30436,46202,33439
30364,46210,33404
30424,46226,33395
30432,46181,33349
30392,46253,33403
30376,46288,33399
30260,46269,33388
30112,46268,33429
29976,46264,33440
29996,46215,33437
29968,46215,33404
29920,46215,33543
29808,46159,33556
29636,46231,33613
29580,46273,33522
29500,46215,33493
29360,46279,33503
29308,46268,33551
29321,46260,33567
29332,46231,33511
29348,46207,33697
29424,46180,33653
29594,46229,33628
29799,46231,33597
29900,46271,33572
29888,46279,33612
29889,46271,33560
29812,46263,33652
29704,46263,33647
29544,46223,33588
29517,46213,33610
29546,46205,33551
29686,46215,33695
29812,46229,33672
30020,46263,33564
30176,46212,33593
30308,46263,33533
30440,46258,33689
30508,46239,33570
30572,46215,33568
30613,46204,33535
30684,46200,33479
30836,46207,33636
30952,46212,33536
31124,46260,33482
31348,46268,33492
31656,46265,33478
31856,46252,33444
31988,46223,33385
32145,46209,33425
32296,46176,33465
32448,46180,33439
32636,46199,33463
32804,46177,33324
32944,46228,33310
33088,46259,33252
33140,46190,33212
33120,46204,33210
33172,46229,33183
33158,46188,33137
33212,46172,33122
33342,46117,33276
33352,46188,33229
33448,46191,33101
33561,46231,33084
33762,46252,33052
33868,46206,33008
33789,46223,33017
33792,46214,33030
33808,46180,32977
33756,46175,32950
33742,46165,32933
33888,46176,32869
33916,46176,32785
33932,46183,32788
33884,46228,32762
33884,46228,32713
33904,46214,32676
33841,46202,32791
33752,46119,32703
33756,46159,32672
33808,46167,32602
33884,46151,32501
34012,46167,32478
34176,46208,32449
34248,46215,32429
34272,46213,32412
34216,46209,32412
34204,46189,32391
34145,46103,32367
34080,46147,32312
34090,46140,32295
34116,46136,32263
34140,46165,32228
34148,46189,32233
34208,46155,32152
34124,46201,32103
34020,46188,32151
33984,46175,32135
33892,46146,32168
33772,46117,32071
33766,46135,32043
33820,46140,32057
33857,46143,31998
33888,46188,31928
33772,46183,32104
33724,46191,31943
33716,46191,31934
33725,46177,31919
33600,46073,31877
33512,46119,31830
33508,46119,31783
33513,46119,31836
33592,46143,31972
33676,46174,31828
33820,46181,31789
33844,46173,31783
33804,46179,31728
33808,46173,31708
33708,46116,31715
33748,46077,31869
33735,46124,31746
33713,46125,31725
33728,46141,31712
33728,46162,31628
33692,46175,31697
33672,46177,31803
33652,46116,31783
33660,46151,31699
33668,46109,31655
33636,46087,31596
33676,46087,31733
33694,46101,31695
33706,46109,31604
33780,46149,31629
33796,46167,31599
33780,46161,31549
33692,46150,31490
33464,46141,31473
33366,46111,31556
33432,46087,31677
33444,46028,31672
33464,46103,31589
33524,46101,31495
33504,46145,31471
33472,46129,31473
33500,46148,31413
33508,46142,31361
33392,46124,31591
33248,46087,31505
33164,46087,31397
33172,46081,31374
33292,46087,31407
33385,46087,31340
33532,46132,31321
33548,46142,31382
33484,46140,31461
33344,46132,31432
33316,46119,31359
33304,46083,31367
33285,46070,31311
33304,46065,31281
33233,46032,31268
33432,46087,31257
33612,46118,31276
33629,46132,31298
33644,46125,31279
33633,46115,31254
33626,46108,31252
33484,46065,31261
33428,46028,31279
33412,46069,31199
33420,46068,31224
33481,46076,31209
33492,46119,31189
33528,46117,31195
33568,46119,31216
33544,46055,31125
33528,46087,31310
33408,46050,31297
33346,46028,31239
33284,46047,31220
33288,46012,31188
33244,46060,31197
33228,46087,31212
33260,46111,31232
33284,46057,31233
33356,46087,31198
33412,46077,31133
33340,46035,31246
33236,45959,31360
33276,46034,31217
33286,46024,31229
33296,46055,31261
33376,46031,31212
33424,46087,31168
33488,46087,31201
33448,46081,31367
33228,46020,31245
33084,46035,31236
32968,46022,31287
32888,46033,31207
32705,46041,31420
32084,46042,31288
31340,46023,31311
30396,46087,31268
29529,46087,31279
28732,46087,31383
27894,46052,31268
27181,46039,31312
26497,46013,31329
26260,46039,31226
26478,46029,31456
27345,46055,31382
28884,46087,31316
31519,46096,31351
34804,46087,31308
38560,46079,31294
42496,46052,31367
45836,46007,31349
48136,45988,31317
49460,45997,31263
49904,45993,31358
48868,46023,31468
46989,46058,31471
45293,46069,31329
44077,46068,31340
42728,46076,31296
41953,46052,31285
41293,46015,31309
40593,46009,31317
39717,45975,31319
38728,46020,31334
37716,46032,31322
36790,46076,31312
35800,46087,31279
34832,46085,31231
33897,46032,31202
33000,46081,31367
32192,46046,31415
31640,46037,31289
31320,46012,31295
31124,46057,31308
30992,46061,31353
30944,46087,31433
30868,46124,31401
30760,46062,31359
30624,46108,31388
30569,46087,31378
30604,46066,31396
30564,45997,31435
30528,46054,31428
30660,46069,31469
30716,46081,31511
30816,46125,31476
30844,46147,31432
30822,46135,31629
30800,46127,31534
30860,46048,31580
30828,46071,31607
30730,46073,31733
30780,46079,31751
30900,46060,31756
30960,46108,31695
31036,46151,31637
31076,46151,31663
31196,46151,31622
31216,46153,31679
31172,46144,31612
31049,46105,31623
30988,46103,31761
31012,46116,31629
31061,46117,31677
31012,46142,31623
31072,46175,31589
31221,46185,31556
31252,46185,31609
31220,46137,31717
31224,46181,31600
31246,46136,31529
31152,46086,31740
31056,46137,31606
31076,46156,31609
31084,46169,31527
31072,46207,31588
31024,46221,31686
30986,46223,31576
30916,46224,31548
30848,46196,31577
30752,46189,31562
30664,46167,31492
30656,46188,31456
30720,46193,31604
30624,46148,31700
30620,46263,31603
30760,46275,31537
30760,46269,31546
30686,46265,31596
30624,46197,31509
30496,46236,31623
30312,46223,31669
30364,46237,31716
30340,46183,31617
30260,46278,31662
30244,46311,31615
30280,46331,31597
30332,46284,31841
30268,46335,31751
30148,46316,31727
29976,46292,31760
29866,46215,31725
29776,46300,31786
29704,46311,31853
29764,46303,31844
29764,46369,31860
29760,46383,31798
29668,46316,32044
29625,46388,31921
29548,46367,31919
29408,46343,31960
29336,46343,31916
29308,46343,31989
29281,46375,32152
29284,46327,32113
29324,46427,32025
29360,46452,32093
29377,46447,32095
29332,46413,32024
29284,46444,32188
29224,46415,32225
29200,46401,32135
29254,46367,32164
29240,46439,32180
29304,46455,32126
29274,46500,32133
29304,46511,32125
29320,46484,32132
29428,46533,32127
29454,46509,32324
29492,46492,32341
29636,46406,32263
29836,46485,32199
30065,46502,32206
30352,46528,32148
30644,46560,32356
30968,46588,32293
31164,46535,32203
31376,46589,32196
31636,46565,32218
31902,46548,32185
32153,46525,32231
32316,46545,32319
32492,46564,32175
32673,46599,32199
32932,46632,32116
33124,46652,32130
33196,46663,32272
33420,46655,32177
33536,46596,32141
33564,46613,32041
33640,46567,32196
33685,46631,32069
33668,46647,32093
33688,46679,31988
33800,46709,32015
33860,46697,32177
33902,46727,32053
33832,46727,31988
33804,46703,31991
33790,46692,32013
33764,46693,31924
33752,46708,32007
33792,46727,32045
33816,46748,31924
33896,46781,31890
34020,46808,31875
34064,46804,31869
34060,46807,31873
34016,46804,31796
33900,46727,31713
33812,46761,31793
33936,46796,31796
33940,46796,31749
34032,46831,31644
34108,46876,31691
34242,46884,31702
34284,46892,31829
34220,46877,31804
34157,46873,31751
34145,46852,31693
34076,46855,31620
34060,46879,31597
34100,46889,31620
34080,46916,31655
34172,46956,31577
34172,46983,31599
34200,46940,31479
34080,46983,31692
34004,46902,31529
33936,46945,31524
33956,46941,31433
33976,46949,31500
34004,46980,31500
34024,47015,31500
34080,47045,31500
34120,47068,31471
34120,47069,31445
33992,47073,31348
33908,47056,31543
33792,47037,31404
33812,47029,31412
33840,47047,31389
33824,47035,31413
33888,47077,31396
33900,47136,31335
33840,47149,31476
33916,47157,31509
33844,47148,31427
33748,47135,31332
33672,47111,31351
33636,47111,31325
33684,47133,31201
33720,47148,31333
33740,47157,31457
33740,47213,31417
33844,47196,31271
33924,47239,31298
33844,47239,31246
33749,47228,31300
33640,47200,31297
33600,47191,31256
33604,47202,31296
33560,47175,31160
33585,47254,31143
33636,47284,31301
33584,47308,31415
33537,47276,31303
33604,47317,31247
33576,47300,31252
33568,47260,31272
33476,47279,31184
33448,47297,31141
33528,47319,31306
33664,47329,31310
33744,47339,31233
33824,47389,31256
33837,47389,31264
33796,47388,31257
33768,47367,31104
33676,47332,31345
33540,47329,31220
33532,47360,31239
33497,47380,31162
33469,47393,31120
33456,47455,31373
33418,47463,31284
33258,47455,31236
33181,47468,31276
33129,47453,31221
32973,47416,31145
32849,47391,31287
32936,47429,31277
33080,47408,31277
33200,47460,31196
33204,47516,31335
33189,47512,31300
33252,47528,31263
33208,47539,31186
33224,47519,31270
33244,47470,31318
33229,47477,31246
33288,47453,31204
33357,47517,31391
33353,47481,31282
33332,47583,31215
33356,47601,31197
33340,47588,31205
33288,47590,31217
33253,47577,31223
33216,47559,31103
33240,47552,31357
33369,47558,31190
33468,47581,31125
33480,47597,31295
33503,47639,31239
33462,47668,31195
33404,47655,31077
33365,47640,31276
33372,47586,31223
33336,47615,31119
33248,47598,31221
33336,47615,31185
33426,47623,31190
33377,47652,31252
33294,47692,31184
33340,47700,31153
33393,47708,31239
33344,47692,31186
33285,47639,31136
33304,47668,31348
33396,47645,31199
33496,47663,31111
33524,47623,31357
33512,47711,31205
33516,47735,31191
33444,47769,31372
33364,47741,31228
33284,47751,31135
33313,47737,31324
33348,47711,31264
33348,47700,31260
33309,47713,31146
33268,47725,31340
33285,47751,31284
33344,47789,31167
33224,47804,31325
32932,47804,31325
32356,47789,31188
31498,47719,31394
30376,47748,31322
29388,47751,31263
28620,47764,31353
27745,47775,31364
27058,47789,31293
26532,47828,31481
26404,47852,31358
26576,47826,31333
27248,47833,31356
28636,47764,31320
31188,47784,31461
34564,47765,31348
38368,47789,31286
42192,47800,31464
45572,47814,31353
48180,47847,31300
49844,47853,31521
50508,47855,31367
49468,47846,31331
47528,47840,31461
46000,47802,31364
45041,47796,31335
43888,47813,31536
43040,47816,31364
42364,47844,31256
41556,47872,31509
40432,47903,31380
39152,47841,31351
38104,47879,31353
37080,47868,31256
35956,47847,31456
34860,47841,31388
33968,47862,31356
33208,47861,31346
32580,47836,31528
32084,47917,31428
31606,47933,31413
31292,47932,31468
31144,47924,31389
30969,47908,31377
30802,47879,31550
30664,47876,31578
30660,47872,31535
30608,47876,31532
30553,47908,31490
30540,47943,31546
30660,47949,31636
30772,47949,31598
30760,47937,31618
30720,47927,31519
30656,47845,31748
30604,47873,31667
30512,47820,31719
30484,47893,31578
30575,47922,31842
30822,47952,31725
31052,47956,31780
31126,47941,31738
31152,47967,31798
31168,47925,31866
31108,47896,31788
31080,47895,31820
31089,47886,31705
31056,47900,31784
31028,47926,31932
31090,47945,31951
31184,47954,31828
31240,47956,31855
31212,47961,31815
31152,47924,31844
31133,47903,31782
31076,47896,31711
31029,47895,31751
31064,47910,31861
31068,47924,31895
31108,47948,31769
31109,47967,31751
31092,47956,31778
31024,47953,31860
30736,47941,31741
30701,47900,31734
30828,47879,31759
30836,47844,31697
30888,47911,31615
30929,47860,31840
30924,47964,31799
30804,47932,31701
30744,47967,31723
30676,47956,31732
30564,47936,31631
30460,47903,31729
30433,47860,31732
30416,47897,31741
30436,47910,31609
30480,47930,31792
30524,47967,31731
30489,47968,31652
30421,47963,31908
30340,47945,31772
30253,47932,31821
30249,47879,31696
30068,47892,31828
29924,47893,31913
29785,47893,31860
29704,47933,31881
29741,47949,31925
29908,47958,31940
29924,47957,31912
29808,47950,31868
29692,47932,31997
29532,47894,32148
29440,47878,32137
29340,47844,32037
29320,47879,32105
29276,47913,32001
29277,47959,32198
29225,47942,32249
29157,47911,32138
29102,47943,32172
28984,47879,32125
28808,47879,32104
28728,47875,32120
28740,47849,32217
28704,47868,32399
28688,47828,32300
28783,47918,32303
28828,47919,32249
28808,47925,32186
28953,47914,32303
29026,47824,32391
28992,47862,32292
28976,47847,32338
29060,47845,32327
29188,47848,32287
29264,47817,32233
29396,47911,32224
29536,47911,32486
29772,47911,32327
29972,47903,32334
30176,47865,32309
30348,47833,32225
30628,47837,32205
30964,47776,32224
31264,47837,32224
31428,47839,32221
31684,47879,32199
31973,47879,32196
32208,47801,32236
32416,47871,32276
32624,47845,32215
32800,47807,32140
32901,47791,32119
33048,47789,32180
33252,47801,32236
33444,47821,32263
33632,47847,32175
33772,47853,32135
33864,47844,32132
33896,47831,32142
33968,47807,32124
34015,47775,32084
34024,47766,32053
34054,47772,32015
34068,47767,31943
34105,47788,32054
34264,47816,32165
34396,47817,32037
34392,47800,31999
34312,47804,32007
34232,47777,31901
34144,47740,31879
34036,47701,31929
33924,47751,31965
33972,47743,32076
34112,47743,31996
34264,47785,31919
34380,47789,31879
34449,47748,31878
34328,47775,31847
34296,47741,31791
34272,47714,31797
34201,47701,31980
34212,47701,31889
34265,47647,31820
34308,47727,31835
34272,47764,31810
34216,47708,31780
34188,47749,31694
34156,47732,31807
34064,47709,31924
33984,47685,31819
33884,47620,31773
33896,47673,31781
33947,47675,31679
33924,47645,31788
33968,47719,31872
34000,47729,31816
34016,47724,31724
33985,47709,31692
33976,47641,31712
33884,47652,31716
33840,47623,31694
33876,47644,31688
33896,47655,31606
33940,47670,31545
33924,47684,31679
33868,47701,31780
33865,47623,31792
33856,47682,31690
33844,47647,31615
33820,47620,31603
33860,47596,31622
33908,47596,31564
33920,47623,31516
33904,47580,31476
33880,47636,31469
33876,47662,31534
33840,47648,31585
33760,47647,31605
33740,47623,31710
33693,47595,31569
33672,47578,31556
33648,47592,31560
33720,47591,31560
33780,47604,31501
33820,47602,31456
33908,47636,31580
33868,47622,31681
33812,47581,31546
33864,47576,31540
33885,47559,31550
33821,47546,31506
33744,47534,31477
33648,47557,31441
33672,47508,31463
33714,47596,31628
33792,47588,31695
33808,47528,31529
33808,47578,31525
33808,47553,31544
33692,47485,31437
33605,47511,31671
33616,47509,31629
33600,47487,31532
33628,47549,31532
33704,47559,31508
33620,47575,31523
33605,47495,31501
33544,47517,31524
33508,47527,31506
33460,47477,31507
33344,47468,31537
33292,47436,31543
33340,47485,31452
33346,47495,31409
33364,47529,31400
33402,47470,31426
33412,47516,31469
33416,47510,31662
33345,47478,31649
33256,47381,31665
33264,47430,31660
33280,47449,31671
33256,47452,31652
33248,47468,31644
33223,47487,31545
33293,47485,31493
33268,47481,31503
33292,47437,31519
33240,47449,31407
33124,47404,31522
33140,47389,31636
33160,47366,31514
33180,47404,31500
33152,47421,31517
33252,47405,31468
33340,47460,31396
33216,47441,31471
33104,47420,31381
32896,47396,31460
32799,47312,31621
32924,47360,31542
33068,47356,31480
33156,47353,31488
33276,47381,31515
33393,47397,31495
33472,47409,31520
33441,47362,31529
33404,47389,31508
33292,47365,31519
33212,47333,31565
33068,47279,31452
33068,47328,31439
33092,47300,31473
33093,47343,31589
33144,47367,31700
33128,47367,31624
33052,47343,31567
33076,47336,31587
33093,47312,31559
33068,47295,31556
32929,47268,31561
32962,47277,31552
33052,47271,31577
33100,47295,31615
33129,47328,31712
33104,47271,31636
32980,47325,31612
32848,47308,31596
32756,47279,31572
32704,47245,31606
32565,47228,31610
32604,47247,31572
32640,47239,31525
32661,47207,31588
32686,47288,31751
32688,47295,31596
32656,47278,31636
32580,47255,31616
32500,47239,31522
32488,47209,31790
32578,47203,31623
32604,47151,31652
32685,47205,31548
32764,47223,31675
32852,47260,31684
32892,47253,31641
32944,47239,31652
32992,47225,31674
33060,47148,31617
33092,47172,31690
33108,47164,31783
33140,47166,31741
33161,47109,31789
33216,47188,31697
33253,47204,31708
33256,47211,31700
33196,47196,31719
33132,47189,31725
33120,47111,31731
33101,47125,31674
33000,47111,31648
33072,47135,31616
33122,47129,31821
33144,47154,31887
33176,47183,31860
33200,47156,31838
33151,47172,31798
33124,47148,31784
33082,47068,31766
32956,47102,31703
32944,47079,31897
32972,47076,31785
33037,47079,31820
33088,47063,31736
33116,47129,31713
33080,47143,31838
33109,47065,31984
33132,47127,31844
33060,47092,31836
32984,47057,31884
32896,47052,31841
32856,47053,31791
32860,46991,31994
32840,47084,31974
32840,47096,31937
32940,47094,31937
32980,47084,31952
32988,47087,31964
33053,47052,31969
32949,47027,31988
32816,47013,32045
32717,46950,32031
32464,47030,32004
31909,47047,31999
31212,47069,32004
30100,47077,32061
29108,47071,32058
28289,47053,32030
27584,47037,32018
26932,46938,31988
26300,46983,32212
26054,46953,32065
26160,46999,32094
26752,47031,32017
28010,47028,32160
30600,47032,32175
34152,47037,32105
38200,46972,32109
41789,46983,32128
44922,46940,32084
47776,46920,32053
49664,46941,32054
50701,46925,32146
50208,46957,32239
48816,46983,32222
47332,46983,32101
46164,46976,32038
44844,46964,32263
43716,46935,32253
42828,46909,32252
41965,46903,32204
40724,46905,32156
39396,46917,32180
38240,46949,32301
37076,46951,32217
35888,46972,32132
34736,46975,32137
33644,46967,32171
32728,46935,32164
31984,46900,32164
31428,46893,32213
31057,46909,32191
30790,46853,32231
30668,46887,32320
30502,46959,32357
30364,46951,32295
30232,46945,32246
30156,46948,32303
30084,46906,32256
30008,46885,32222
30058,46852,32473
30080,46876,32434
30124,46879,32391
30188,46844,32368
30256,46928,32401
30356,46921,32438
30372,46919,32448
30364,46909,32452
30385,46864,32455
30364,46844,32487
30398,46836,32532
30396,46847,32519
30414,46781,32544
30365,46877,32567
30312,46893,32616
30308,46895,32615
30372,46887,32668
30398,46807,32756
30416,46837,32815
30512,46807,32801
30628,46804,32805
30728,46820,32697
30848,46828,32704
30852,46839,32749
30878,46855,32845
30881,46855,32639
30914,46842,32740
30928,46812,32791
30909,46802,32725
30736,46785,32700
30580,46775,32676
30487,46772,32708
30436,46783,32703
30436,46823,32661
30473,46839,32647
30528,46837,32615
30550,46823,32662
30565,46821,32652
30584,46791,32710
30544,46725,32607
30616,46727,32615
30593,46757,32665
30524,46759,32775
30552,46775,32760
30504,46748,32676
30452,46801,32663
30282,46795,32667
30284,46743,32653
30160,46759,32665
29964,46727,32710
29832,46727,32699
29753,46723,32752
29784,46735,32775
29908,46703,32791
29988,46781,32820
29964,46783,32839
29886,46758,32847
29692,46756,32820
29612,46670,32829
29452,46696,32862
29322,46680,32903
29262,46711,32924
29340,46663,32956
29429,46727,32982
29360,46740,33216
29324,46749,33164
29256,46721,33119
29177,46735,33149
29140,46701,33221
29004,46599,33228
28944,46660,33209
28896,46678,33297
28808,46673,33444
28744,46694,33455
28632,46727,33413
28504,46725,33365
28328,46709,33388
28292,46692,33413
28197,46599,33461
28148,46631,33495
28152,46637,33501
28208,46641,33511
28268,46575,33524
28321,46673,33533
28372,46678,33557
28393,46637,33517
28372,46689,33489
28464,46673,33497
28492,46645,33508
28480,46593,33508
28504,46597,33638
28551,46599,33680
28624,46599,33679
28792,46631,33589
28980,46589,33537
29196,46655,33535
29364,46641,33521
29506,46634,33508
29684,46568,33495
29836,46576,33509
30020,46564,33479
30188,46560,33463
30400,46564,33483
30742,46529,33471
31092,46621,33402
31392,46614,33431
31620,46598,33412
31812,46576,33372
32068,46517,33372
32244,46533,33270
32464,46533,33433
32677,46497,33340
32840,46524,33276
33000,46552,33249
33244,46586,33175
33392,46586,33140
33568,46567,33287
33644,46549,33273
33618,46517,33181
33620,46503,33092
33616,46488,33071
33672,46493,33072
33700,46485,33071
33816,46521,33039
33856,46544,32973
33940,46550,33068
33916,46492,33115
33784,46524,33044
33645,46494,32940
33697,46460,32962
33676,46449,32935
33743,46463,32885
33784,46461,32974
33848,46480,32940
34028,46455,32877
34092,46508,32834
34080,46492,33001
34044,46486,32889
34020,46463,32860
33840,46431,32916
33692,46401,32804
33652,46415,32830
33672,46431,32745
33752,46461,32901
33856,46471,32761
33972,46464,32775
33964,46463,32720
33964,46452,32793
33889,46420,32751
33812,46384,32718
33788,46378,32658
33846,46396,32723
33920,46382,32660
33940,46367,32661
34040,46433,32599
34096,46437,32678
34117,46431,32669
34132,46413,32566
34112,46369,32600
34104,46343,32509
34104,46357,32622
34060,46356,32589
34032,46359,32504
34040,46335,32527
34174,46404,32492
34192,46351,32617
33992,46392,32528
33904,46380,32473
33900,46297,32462
33888,46319,32462
33908,46316,32405
33944,46303,32496
33968,46317,32535
34064,46343,32562
34156,46366,32485
34132,46373,32413
34092,46360,32437
34004,46343,32353
33920,46321,32556
33824,46295,32430
33736,46273,32398
33760,46288,32423
33800,46281,32391
33804,46319,32332
33844,46340,32438
33856,46340,32519
33816,46327,32464
33792,46316,32510
33744,46283,32559
33628,46260,32559
33600,46253,32508
33580,46250,32409
33600,46198,32423
33704,46281,32445
33724,46311,32469
33746,46277,32447
33704,46292,32409
33705,46287,32409
33741,46252,32378
33772,46215,32393
33792,46215,32481
33764,46215,32609
33736,46215,32510
33760,46255,32452
33748,46279,32496
33676,46263,32449
33624,46247,32435
33600,46247,32482
33646,46215,32580
33632,46159,32588
33604,46188,32586
33616,46188,32655
33660,46164,32573
33696,46215,32519
33678,46237,32514
33724,46189,32553
33704,46239,32549
33628,46212,32559
33604,46178,32557
33488,46151,32544
33456,46148,32534
33448,46129,32556
33408,46158,32565
33360,46189,32548
33392,46172,32512
33396,46199,32495
33404,46195,32624
33493,46142,32692
33437,46151,32641
33316,46108,32703
33238,46110,32717
33309,46087,32708
33333,46109,32722
33320,46149,32692
33368,46109,32571
33336,46167,32622
33304,46151,32544
33264,46117,32621
33248,46119,32709
33165,46081,32615
33096,46038,32588
33048,46080,32644
33072,46073,32627
33060,46119,32576
33076,46135,32569
33168,46119,32733
33228,46111,32690
33276,46111,32670
33240,46069,32671
33176,46042,32636
33064,45988,32690
32980,46045,32695
33004,46043,32704
33144,46077,32716
33236,46100,32676
33216,46087,32679
33200,46047,32687
33140,46068,32681
33052,46030,32732
32978,46004,32702
33057,45989,32683
33152,45945,32871
33148,45999,32721
33100,46023,32766
33070,46055,32723
33084,46042,32716
33017,46006,32895
33056,46028,32775
32996,45989,32792
32940,45967,32789
32896,45959,32734
32928,45967,32897
32964,45959,32794
32916,46007,32808
32909,45975,32812
32908,46017,32809
32877,45989,32884
32812,45991,32809
32652,45959,32839
32676,45943,32785
32652,45924,32872
32592,45932,32965
32628,45924,32858
32829,45959,32821
33020,45991,32847
33040,45975,32853
32988,45972,32876
32948,45959,32940
32908,45927,32976
32892,45892,32951
32784,45887,32842
32876,45859,32879
32965,45901,32869
33032,45935,32831
33028,45951,32815
33028,45943,32818
33097,45927,32813
33033,45924,32820
32944,45888,32868
32852,45855,33006
32956,45831,32924
33020,45864,32869
33001,45875,32899
33052,45895,32861
33113,45911,32824
33142,45852,32982
33068,45916,32977
33056,45873,32926
32964,45856,32918
32900,45791,32864
32876,45816,32879
32936,45831,32906
33036,45824,32903
33076,45792,32884
33096,45871,32925
33069,45869,32857
33012,45851,32951
32944,45855,32916
32928,45823,32978
32893,45797,33029
32924,45774,33031
32908,45788,32992
32854,45783,32961
32932,45789,32972
32921,45831,32945
32930,45831,32928
32964,45815,33115
33037,45815,33075
33060,45788,33072
33082,45703,33100
33132,45761,33111
33206,45748,33156
33276,45753,33123
33324,45756,33094
33352,45805,33108
33384,45799,33117
33344,45784,33073
33128,45785,33076
32900,45740,33120
32480,45732,33141
31764,45658,33135
30800,45727,33100
29658,45719,33125
28648,45765,33165
27912,45789,33200
27344,45751,33252
26896,45770,33265
26606,45748,33265
26608,45719,33119
26936,45676,33121
27876,45684,33211
29504,45697,33284
32174,45687,33257
35532,45716,33311
39328,45727,33309
43088,45724,33269
46136,45687,33189
48240,45677,33170
49300,45644,33208
49432,45615,33223
48000,45623,33221
45725,45628,33188
43788,45633,33227
42503,45679,33324
41308,45695,33320
40500,45687,33325
39964,45676,33287
39432,45660,33239
38697,45592,33236
37792,45607,33196
36916,45605,33213
36140,45568,33226
35384,45612,33243
34636,45639,33255
33945,45621,33252
33212,45668,33213
32522,45655,33311
31936,45652,33389
31456,45605,33310
31108,45575,33285
30956,45589,33357
30848,45597,33327
30788,45540,33345
30724,45631,33351
30700,45633,33380
30764,45575,33503
30856,45628,33542
30956,45615,33488
30988,45572,33482
30968,45555,33534
30996,45550,33552
31034,45544,33564
31116,45548,33575
31181,45590,33605
31308,45613,33628
31333,45607,33628
31264,45575,33647
31276,45575,33755
31228,45499,33798
31188,45516,33752
31244,45516,33724
31332,45447,33760
31486,45527,33765
31544,45548,33741
31654,45568,33732
31708,45560,33799
31704,45548,33828
31690,45520,33796
31622,45500,33721
31560,45447,33737
31480,45469,33679
31468,45480,33728
31540,45473,33703
31602,45512,33760
31608,45509,33671
31612,45527,33605
31640,45512,33602
31676,45509,33575
31620,45464,33534
31540,45428,33583
31512,45445,33604
31476,45445,33572
31548,45391,33485
31526,45484,33441
31556,45500,33413
31624,45439,33415
31588,45481,33381
31632,45447,33335
31604,45439,33383
31472,45399,33463
31334,45413,33431
31317,45353,33436
31265,45405,33411
31270,45447,33317
31286,45415,33317
31200,45468,33305
31160,45447,33279
31093,45429,33433
30988,45397,33403
30868,45389,33341
30824,45353,33344
30824,45372,33352
30868,45385,33354
30788,45421,33421
30673,45444,33511
30488,45383,33463
30380,45421,33431
30312,45409,33444
30220,45372,33491
30161,45327,33474
30253,45343,33461
30220,45351,33614
30148,45308,33637
30125,45375,33592
30117,45400,33560
29992,45385,33604
29901,45380,33580
29776,45388,33600
29604,45319,33743
29420,45317,33692
29360,45311,33670
29324,45319,33689
29353,45319,33678
29324,45356,33708
29320,45300,33821
29308,45335,33799
29218,45345,33831
29177,45351,33773
29144,45309,33766
29080,45287,33748
29016,45281,33841
28992,45279,33841
29008,45280,33751
29068,45247,33777
29165,45351,33748
29224,45324,33734
29280,45319,33720
29352,45311,33765
29320,45265,33736
29385,45238,33790
29492,45242,33851
29552,45236,33821
29684,45245,33741
29957,45278,33725
30356,45284,33738
30542,45289,33687
30764,45287,33809
30921,45274,33697
31112,45217,33703
31257,45207,33657
31528,45212,33725
31832,45199,33671
32004,45205,33629
32224,45245,33617
32452,45253,33560
32612,45248,33657
32760,45245,33665
32880,45199,33540
32964,45181,33557
32997,45154,33524
33140,45165,33461
33268,45164,33539
33376,45164,33554
33416,45204,33491
33568,45215,33399
33656,45168,33423
33752,45190,33367
33788,45191,33364
33784,45142,33445
33709,45124,33428
33628,45125,33397
33584,45127,33300
33668,45133,33262
33688,45104,33250
33796,45172,33213
33848,45175,33189
33804,45119,33125
33744,45145,33236
33653,45119,33287
33640,45087,33165
33616,45097,33118
33616,45100,33103
33644,45095,33106
33693,45095,33104
33706,45140,33046
33728,45128,33159
33792,45119,33109
33820,45063,33031
33764,45063,33053
33760,45048,32989
33736,45047,33045
33868,45048,33103
33820,45061,33005
33793,45095,32954
33856,45100,32978
33888,45103,32959
33824,45087,32895
33744,45084,33044
33676,45031,32967
33632,45023,32881
33696,45025,32880
33738,44964,32889
33820,45025,32861
33892,45055,32815
33976,45036,32847
33877,45062,32911
33870,45024,32807
33841,45036,32775
33796,45000,32775
33745,44984,32725
33780,44989,32867
33896,44976,32804
33992,44985,32718
34068,45024,32705
34157,45037,32710
34184,45039,32704
34112,45014,32669
34032,45004,32630
33928,44983,32703
33856,44957,32754
33828,44943,32661
33856,44957,32614
33860,44956,32616
34008,44935,32621
34048,45007,32632
34012,44983,32605
33980,44991,32604
33964,44948,32565
33825,44941,32557
33740,44913,32553
33752,44927,32551
33808,44925,32525
33856,44921,32677
33860,44959,32644
33876,44981,32542
33928,44933,32562
33940,44956,32565
33932,44957,32534
33872,44887,32516
33825,44892,32489
33764,44887,32567
33760,44864,32602
33740,44887,32516
33764,44933,32524
33788,44935,32489
33798,44933,32504
33752,44871,32624
33696,44909,32516
33684,44883,32476
33596,44803,32473
33580,44855,32466
33592,44861,32492
33628,44865,32421
33676,44893,32583
33685,44879,32519
33644,44903,32452
33600,44874,32465
33572,44879,32460
33424,44804,32424
33333,44804,32404
33372,44820,32537
33424,44825,32510
33504,44822,32471
33508,44856,32423
33492,44869,32476
33428,44871,32559
33428,44858,32425
33440,44841,32461
33361,44751,32399
33238,44783,32449
33248,44780,32562
33304,44759,32500
33356,44789,32412
33374,44825,32400
33420,44844,32404
33372,44830,32391
33428,44815,32424
33405,44804,32415
33365,44767,32388
33284,44697,32433
33221,44737,32492
33188,44757,32401
33138,44755,32355
33156,44796,32354
33068,44806,32367
32928,44748,32316
32857,44790,32404
32785,44782,32364
32764,44749,32340
32776,44721,32346
32728,44727,32308
32708,44677,32276
32798,44728,32342
32852,44759,32437
32913,44757,32428
33052,44765,32340
33020,44753,32309
33032,44755,32332
33028,44661,32306
32952,44679,32292
33092,44679,32328
33120,44645,32337
33012,44695,32298
33016,44716,32287
33056,44746,32405
33132,44740,32453
33138,44716,32391
33196,44724,32309
33169,44673,32327
33181,44655,32355
33233,44661,32311
33304,44669,32372
33336,44671,32460
33304,44676,32396
33268,44716,32344
33320,44711,32364
33309,44688,32314
33240,44677,32412
33317,44644,32463
33208,44628,32397
33161,44628,32423
33152,44631,32399
33196,44625,32350
33268,44669,32396
33377,44629,32356
33376,44669,32397
33300,44652,32399
33264,44663,32356
33232,44622,32433
33180,44596,32463
33168,44532,32389
33126,44605,32388
33164,44607,32414
33208,44633,32380
33192,44652,32367
33256,44640,32359
33228,44645,32465
33072,44621,32497
32940,44580,32444
32768,44557,32391
32684,44519,32407
32712,44577,32425
32784,44564,32422
32960,44609,32364
33020,44607,32431
33084,44614,32506
32993,44611,32511
32706,44566,32436
31961,44551,32380
31050,44544,32412
29956,44544,32356
29000,44551,32431
28244,44504,32489
27484,44605,32485
26932,44613,32343
26366,44599,32373
26116,44591,32332
26212,44583,32305
26888,44497,32300
28148,44519,32452
30657,44516,32338
34200,44468,32328
38213,44512,32296
42193,44540,32271
45693,44536,32418
48424,44519,32292
49948,44511,32289
50528,44493,32260
49512,44466,32328
47476,44447,32343
45600,44453,32240
44456,44460,32276
43196,44462,32181
42364,44492,32359
41734,44512,32263
41048,44512,32224
40056,44501,32239
38892,44499,32180
37896,44453,32348
36901,44404,32281
35813,44453,32229
34792,44455,32228
33853,44469,32250
33012,44477,32245
32330,44521,32250
31797,44511,32203
31460,44500,32317
31276,44495,32358
31076,44455,32391
30922,44428,32398
30788,44447,32373
30736,44445,32293
30784,44447,32320
30813,44428,32295
30713,44494,32467
30700,44482,32420
30772,44447,32426
30664,44474,32392
30600,44423,32420
30609,44405,32414
30580,44405,32405
30641,44407,32554
30640,44423,32469
30764,44455,32510
30752,44469,32465
30705,44471,32631
30668,44460,32582
30628,44447,32543
30668,44415,32573
30676,44380,32544
30728,44391,32701
30844,44383,32594
30934,44344,32591
31056,44422,32732
31140,44453,32662
31124,44444,32639
31108,44431,32643
31158,44423,32618
31160,44377,32684
31208,44364,32708
31088,44357,32757
31052,44369,32695
31118,44381,32648
31224,44415,32645
31244,44423,32647
31256,44415,32661
31269,44360,32655
31220,44404,32647
31096,44348,32592
30974,44343,32722
30956,44349,32662
30964,44345,32605
30960,44348,32605
30914,44388,32643
30892,44407,32649
30884,44397,32572
30860,44389,32574
30828,44373,32578
30784,44351,32593
30789,44327,32604
30820,44327,32689
30776,44333,32604
30717,44341,32556
30672,44313,32564
30648,44389,32596
30496,44385,32599
30428,44373,32596
30300,44361,32592
30268,44327,32581
30216,44295,32704
30125,44276,32660
30169,44309,32629
30292,44263,32661
30300,44348,32644
30192,44364,32631
30104,44295,32735
30000,44361,32753
29904,44341,32817
29772,44313,32832
29648,44216,32840
29648,44292,32865
29644,44287,32839
29560,44295,32804
29520,44337,32788
29516,44349,32799
29436,44349,32828
29348,44335,32847
29308,44289,32860
29136,44282,32871
29004,44260,32838
28974,44257,32854
29004,44268,32862
29082,44282,32895
29104,44316,32956
29048,44320,32992
28948,44325,33020
28908,44284,32967
28824,44295,32921
28709,44260,32952
28763,44253,32949
28834,44241,32926
28868,44247,32903
28912,44254,33045
28921,44260,33045
29016,44295,32968
29192,44295,32925
29346,44276,32955
29466,44269,32912
29640,44237,32906
29776,44220,33012
29956,44199,33021
30204,44212,32909
30522,44231,32940
30860,44262,32943
31200,44269,32919
31528,44262,32882
31727,44263,33006
31864,44241,32911
32016,44167,32888
32085,44181,32885
32256,44183,32861
32497,44188,32845
32676,44201,32838
32864,44225,32940
33016,44241,32917
33153,44231,32843
33152,44228,32853
33229,44215,32820
33276,44167,32787
33376,44157,32892
33548,44157,32903
33594,44153,32902
33584,44119,32881
33660,44199,32864
33776,44199,32867
33832,44212,32800
33764,44183,32754
33677,44167,32730
33628,44140,32759
33594,44132,32836
33636,44128,32761
33712,44127,32697
33759,44143,32687
33892,44167,32660
33944,44135,32765
33940,44178,32770
33881,44166,32775
33812,44149,32677
33812,44113,32633
33828,44097,32655
33805,44103,32613
33832,44103,32588
33832,44071,32576
33864,44148,32583
33840,44159,32660
33800,44110,32719
33780,44147,32697
33772,44129,32676
33772,44097,32685
33848,44028,32669
33880,44084,32697
33972,44082,32690
34032,44092,32699
34098,44114,32631
34072,44140,32633
33996,44086,32612
33856,44114,32559
33812,44101,32553
33804,44021,32543
33728,44038,32569
33712,44049,32548
33740,44068,32519
33712,44071,32587
33844,44061,32628
33936,44109,32600
33912,44095,32577
33848,44063,32577
33844,44081,32519
33701,44044,32476
33637,43988,32471
33592,44023,32463
33616,44036,32481
33644,44039,32511
33664,44075,32442
33744,44087,32432
33740,44084,32423
33648,44039,32414
33628,44061,32433
33588,44025,32404
33592,43991,32420
33576,44010,32417
33572,44017,32392
33644,44023,32374
33724,44053,32355
33740,44052,32419
33637,44013,32473
33564,44052,32429
33576,44039,32382
33612,43959,32359
33588,43984,32398
33509,43983,32377
33420,43985,32383
33364,43964,32372
33344,44033,32367
33364,44039,32372
33324,44028,32359
33366,44017,32384
33428,43967,32429
33468,43966,32443
33552,43965,32448
33656,43957,32484
33756,43965,32486
33748,43969,32495
33744,44011,32492
33702,44016,32479
33581,44013,32492
33528,44006,32449
33496,43972,32437
33393,43940,32484
33336,43932,32469
33336,43891,32437
33400,43948,32495
33460,43948,32470
33528,43935,32376
33607,43992,32413
33572,43984,32415
33558,43972,32416
33468,43965,32404
33436,43927,32351
33416,43905,32492
33408,43911,32480
33496,43893,32445
33525,43922,32378
33568,43956,32381
33632,43933,32393
33654,43958,32341
33548,43959,32476
33488,43909,32439
33429,43900,32381
33356,43878,32351
33352,43853,32336
33344,43900,32330
33332,43902,32318
33352,43900,32339
33372,43933,32327
33452,43943,32292
33368,43911,32376
33132,43911,32377
33088,43883,32373
33020,43837,32278
33097,43849,32313
33164,43877,32292
33249,43872,32250
33284,43911,32356
33224,43925,32376
33128,43858,32311
33100,43908,32265
33100,43885,32263
33068,43860,32257
32941,43841,32215
32840,43836,32324
32837,43797,32294
32944,43867,32242
33104,43883,32223
33200,43902,32250
33121,43847,32245
33128,43885,32212
33140,43860,32287
33005,43796,32319
32996,43799,32228
32922,43808,32220
32892,43820,32263
32980,43825,32229
32704,43815,32285
32526,43876,32364
32748,43876,32275
32472,43863,32287
32096,43815,32243
31969,43800,32390
31908,43783,32357
30596,43804,32292
30104,43799,32320
29944,43821,32320
29208,43848,32292
28885,43852,32434
30472,43845,32449
29992,43852,32389
28604,43828,32349
28348,43807,32349
29572,43741,32371
30536,43780,32405
30588,43780,32429
30684,43791,32446
30816,43777,32437
31160,43834,32531
32044,43813,32546
33518,43752,32527
33568,43789,32492
32540,43764,32541
32680,43719,32485
34084,43737,32613
34576,43749,32567
34192,43735,32474
34692,43780,32479
35166,43796,32391
34908,43780,32426
34733,43776,32359
35040,43757,32249
35384,43716,32184
35380,43711,32053
35492,43711,32100
35792,43670,31885
35977,43716,31816
35648,43749,31700
35384,43765,31541
35096,43758,31560
34988,43735,31364
34945,43724,31212
34624,43701,31088
34112,43655,30976
33912,43673,30855
33776,43692,30782
33628,43700,30599
33704,43734,30538
33492,43740,30551
33216,43729,30385
32972,43719,30239
32872,43655,30143
32917,43673,30010
32869,43652,29844
32676,43612,29789
32160,43655,29686
31332,43670,29567
30380,43719,29484
29492,43685,29392
28732,43711,29303
27984,43709,29237
27388,43623,29133
26852,43655,29070
26600,43637,29004
26645,43600,28967
27210,43645,28876
28380,43644,28795
30768,43684,28694
33888,43647,28674
37396,43660,28599
40592,43647,28517
43556,43599,28476
45932,43585,28448
47132,43560,28389
47896,43563,28295
47704,43567,28225
46480,43582,28185
45032,43616,28119
44272,43625,28107
43388,43620,27975
42681,43607,27916
42124,43587,27905
41532,43554,28036
40616,43519,27852
39484,43548,27762
38420,43546,27713
37360,43561,27679
36372,43604,27629
35436,43617,27538
34524,43560,27463
33593,43615,27420
32906,43596,27345
32136,43564,27359
31690,43554,27388
31528,43527,27476
31396,43552,27406
31376,43575,27297
31529,43603,27320
31536,43612,27239
31534,43567,27156
31613,43593,27125
31462,43572,27223
31477,43551,27312
31305,43527,27367
31336,43534,27348
31276,43527,27354
31397,43557,27237
31504,43585,27205
31272,43599,27184
31036,43592,27401
30918,43591,27300
30820,43559,27356
30650,43527,27470
30324,43512,27433
30780,43517,27493
30888,43527,27574
30564,43540,27532
30133,43581,27558
30144,43575,27623
30277,43573,27596
30116,43572,27614
29224,43497,27676
28260,43519,27732
27660,43511,27756
28524,43513,27789
28864,43516,27877
29912,43543,27951
30156,43495,28012
31084,43570,28022
32064,43550,28071
31884,43501,28108
32025,43527,28189
32664,43494,28213
33140,43476,28430
33184,43432,28580
33724,43477,28636
33780,43497,28615
33708,43525,28653
33336,43543,28773
33140,43527,28773
33068,43527,28756
32677,43510,28800
32528,43463,28870
32384,43476,28896
32288,43458,28862
32196,43481,28874
32020,43444,28869
31844,43527,28868
31713,43541,28847
31616,43527,28794
31492,43527,28636
31408,43500,28519
31236,43428,28557
31124,43457,28546
31041,43463,28429
30952,43413,28374
30872,43490,28285
30873,43517,28237
30813,43524,28201
30669,43512,28212
30496,43458,28141
30352,43491,28120
30228,43461,28069
30248,43439,28012
30296,43417,27948
30260,43453,27852
30268,43456,27814
30132,43501,27796
30045,43476,27719
29926,43429,27665
29800,43487,27617
29692,43463,27586
29552,43429,27573
29428,43421,27537
29384,43421,27460
29408,43417,27391
29428,43373,27344
29448,43465,27317
29540,43476,27271
29608,43471,27259
29548,43460,27279
29464,43437,27359
29412,43391,27348
29375,43394,27335
29364,43393,27296
29376,43405,27305
29424,43359,27319
29548,43439,27376
29648,43447,27390
29708,43439,27439
29744,43437,27484
29732,43383,27492
29706,43383,27398
29822,43365,27406
29984,43365,27472
30164,43375,27488
30340,43366,27525
30586,43407,27546
30813,43420,27587
30972,43413,27580
31128,43349,27588
31368,43389,27639
31521,43348,27653
31664,43337,27662
31836,43300,27608
32020,43319,27728
32288,43364,27814
32525,43396,27789
32820,43345,27720
33092,43383,27748
33286,43373,27756
33352,43324,27764
33404,43325,27955
33512,43311,28066
33724,43287,28017
33862,43324,28037
34004,43337,28137
34040,43373,28140
34173,43333,28161
34108,43367,28200
34052,43350,28308
34052,43329,28453
34036,43303,28524
33992,43287,28503
33940,43297,28620
33937,43271,28508
33984,43296,28489
34076,43316,28525
34136,43359,28565
34156,43343,28679
34044,43336,28895
33912,43303,28935
33926,43271,28892
34132,43271,28975
34272,43260,28940
34364,43271,28974
34428,43301,29106
34484,43331,29172
34557,43334,29276
34580,43318,29340
34468,43310,29393
34420,43303,29464
34360,43255,29472
34184,43252,29543
34080,43252,29612
34045,43260,29774
34140,43285,29791
34228,43271,29744
34384,43319,29831
34560,43301,30028
34580,43292,30210
34676,43279,30214
34597,43244,30252
34512,43233,30335
34484,43239,30460
34457,43236,30545
34396,43269,30612
34404,43300,30654
34416,43293,30850
34328,43293,30884
34164,43284,31058
34016,43263,31172
34008,43189,31157
34116,43221,31194
34310,43225,31292
34461,43229,31372
34510,43258,31444
34446,43276,31539
34453,43279,31647
34412,43271,31733
34308,43260,31845
34184,43247,31940
34021,43221,31943
33944,43164,32023
33844,43213,32087
33856,43212,32140
33796,43188,32236
33724,43271,32319
33764,43265,32388
33753,43269,32433
33668,43255,32519
33484,43232,32598
33416,43199,32693
33260,43143,32741
33072,43194,32879
32996,43192,32980
32893,43175,33028
32848,43248,33063
32829,43255,33116
32852,43248,33204
32910,43228,33265
32884,43204,33316
32877,43194,33385
32828,43133,33495
32761,43177,33581
32584,43186,33604
32468,43198,33687
32476,43229,33732
32532,43244,33798
32584,43172,33862
32460,43223,33927
32312,43193,33991
31988,43172,34094
31452,43113,34181
31328,43169,34224
31428,43173,34281
31556,43197,34324
31912,43223,34400
32040,43221,34465
32180,43164,34526
32328,43213,34580
32367,43182,34653
32400,43150,34733
32348,43156,34823
32376,43149,34881
32281,43156,34932
32337,43165,34997
32428,43204,35079
32584,43183,35148
32672,43201,35222
32734,43191,35280
32800,43175,35356
32816,43135,35422
32753,43109,35495
32720,43140,35566
32708,43143,35623
32680,43165,35688
32800,43173,35756
32876,43194,35821
32936,43180,35880
33048,43177,35929
33017,43148,35997
32936,43092,36041
32964,43119,36101
33028,43116,36157
33076,43079,36214
33064,43141,36269
33080,43176,36324
33104,43172,36359
33060,43165,36420
33032,43167,36452
32992,43092,36502
33012,43102,36567
32944,43102,36615
32919,43079,36646
33025,43116,36703
33092,43133,36741
33196,43160,36766
33230,43166,36813
33101,43145,36855
33140,43156,36898
33108,43129,36937
32944,43101,36941
32832,43097,36969
32772,43044,36996
32852,43093,37032
32912,43127,37095
32948,43151,37136
32972,43164,37183
32972,43117,37204
32936,43137,37255
32836,43124,37279
32688,43047,37308
32564,43087,37330
32572,43095,37383
32560,43095,37365
32524,43111,37383
32568,43085,37429
32548,43143,37452
32484,43140,37495
32264,43133,37501
32161,43117,37542
32088,43065,37589
32204,43063,37613
32213,43077,37616
32144,43087,37652
32117,43111,37673
32164,43133,37743
32268,43079,37780
32276,43121,37764
32256,43118,37796
32176,43093,37837
32100,43053,37847
32044,43053,37855
31990,43060,37867
32008,43069,37876
32044,43093,37961
32056,43127,37996
32040,43129,37998
31976,43117,37989
31988,43119,38022
31988,43093,37980
32014,43061,37997
32096,43015,37972
32180,43061,38008
32220,43060,38074
32200,43095,38076
32254,43060,38068
32360,43121,38052
32392,43111,38055
32392,43075,38060
32472,43079,38054
32476,43049,38051
32400,43032,38038
32380,43044,38030
32352,43057,38020
32336,43076,38025
32421,43102,38023
32509,43108,37951
32517,43105,37924
32400,43093,37957
32308,43076,37972
32236,43015,37952
32232,43025,37937
32224,43050,37921
32337,43044,37916
32426,43061,37895
32508,43103,37895
32480,43101,37836
32408,43088,37806
32376,43084,37789
32444,43060,37852
32482,43001,37836
32476,43033,37824
32485,43033,37797
32528,43039,37789
32618,43060,37772
32724,43085,37751
32744,43103,37736
32720,43093,37708
32768,43079,37685
32782,43060,37669
32704,43012,37648
32717,43015,37636
32720,43015,37543
32748,43028,37511
32716,43044,37511
32764,43080,37495
32757,43065,37479
32681,43071,37473
32542,43076,37446
32249,43044,37424
31664,43015,37373
30856,43015,37368
29884,43015,37311
28805,43028,37277
27864,43055,37252
27112,43099,37243
26524,43099,37204
26048,43047,37213
25840,43088,37164
26078,43060,37143
26814,43015,37121
28316,43015,37084
30660,43015,37061
33680,43015,37036
37306,43028,37007
41144,43053,36980
44956,43045,36919
47572,43028,36895
49160,43012,36889
49772,43004,36861
48936,42980,36836
46596,42969,36805
43816,42993,36791
41900,42998,36749
40609,43025,36731
39732,43052,36692
39228,43063,36671
38912,43065,36603
38436,43055,36572
37718,43015,36540
36888,43002,36526
36176,42954,36496
35608,43003,36479
35032,43007,36452
34576,43015,36421
34088,43060,36375
33456,43077,36357
32737,43038,36341
32168,43058,36349
31724,43045,36340
31441,43015,36322
31292,42998,36315
31264,43008,36284
31224,43015,36293
31124,43005,36301
31088,43076,36283
31124,43077,36279
31076,43044,36277
31048,43063,36248
31076,43029,36265
31084,43005,36260
31076,43007,36270
31100,43013,36268
31152,43015,36268
31228,43037,36273
31320,43076,36269
31432,43063,36261
31396,43008,36252
31404,43054,36248
31368,43045,36218
31372,42956,36207
31396,43002,36192
31372,43012,36206
31412,42997,36197
31516,43044,36168
31620,43063,36156
31684,43079,36119
31724,43060,36093
31684,43062,36075
31669,43039,36056
31616,42997,36025
31524,43003,35991
31512,43015,35969
31576,43012,35927
31721,43037,35892
31796,43057,35862
31752,43069,35808
31645,43062,35786
31508,43049,35764
31488,43036,35727
31496,43010,35678
31537,42990,35638
31625,43005,35597
31676,43004,35588
31712,43025,35561
31732,43012,35519
31708,43068,35489
31672,43060,35463
31644,43055,35447
31496,43015,35420
31276,42957,35384
31156,42996,35363
31108,42999,35332
31164,43015,35320
31248,43039,35320
31164,43071,35294
31152,43063,35287
31044,43060,35283
31024,43015,35275
30998,43015,35265
30888,42999,35264
30844,43004,35237
30832,43003,35249
30896,43007,35263
30888,43030,35279
30892,43063,35273
30904,43071,35270
30852,43053,35276
30761,43055,35278
30593,43028,35285
30528,43005,35276
30420,42988,35296
30304,43001,35307
30253,42999,35304
30133,42964,35329
30076,43063,35332
30044,43069,35349
29968,43069,35349
29892,43047,35348
29860,43015,35356
29844,43004,35359
29829,42933,35365
29824,42999,35367
29782,43012,35351
29760,43029,35348
29732,43063,35350
29713,43072,35365
29564,43004,35333
29565,43063,35352
29592,43031,35348
29412,42999,35333
29308,42997,35321
29301,42996,35303
29352,43014,35284
29444,43024,35289
29576,43028,35268
29664,43062,35253
29684,43062,35244
29760,43007,35220
29848,43015,35217
29908,42981,35199
30074,42989,35181
30176,42993,35156
30424,43001,35129
30560,43015,35116
30812,43046,35103
31101,43063,35060
31357,43047,35045
31472,43037,35013
31668,43015,34988
31844,42988,34972
32080,42964,34940
32239,42980,34912
32500,42969,34882
32756,43008,34855
32919,43029,34837
33022,43015,34788
33190,43036,34761
33225,43036,34763
33308,42952,34743
33380,42970,34705
33528,42964,34695
33628,42963,34655
33694,42969,34615
33856,42945,34589
33896,43015,34567
33874,43024,34561
33988,43015,34526
34164,43014,34515
34200,42983,34495
34172,42957,34479
34104,42948,34463
34024,42940,34429
34108,42967,34396
34188,42989,34376
34180,43015,34340
34232,42999,34311
34168,43012,34292
34041,42998,34257
34036,42975,34165
34208,42951,34216
34084,42943,34202
34012,42927,34180
34020,42948,34132
34092,42981,34098
34272,42959,34051
34468,43007,34019
34480,42999,34001
34388,42951,33981
34366,42962,33933
34312,42940,33918
34241,42932,33933
34341,42936,33877
34392,42942,33855
34428,42965,33829
34400,42992,33812
34400,42999,33804
34384,42996,33797
34368,42989,33794
34297,42970,33780
34218,42924,33767
34136,42919,33735
34112,42929,33719
34224,42932,33719
34260,42970,33700
34316,42997,33686
34376,42988,33661
34412,42984,33604
34388,42991,33580
34316,42961,33552
34188,42933,33548
34056,42919,33537
33977,42940,33495
33996,42933,33495
34024,42959,33469
34040,42951,33423
34024,42985,33408
34016,42981,33396
34036,42983,33397
33956,42941,33415
33908,42924,33396
33892,42919,33373
33888,42935,33380
33833,42928,33377
33845,42956,33354
33932,42988,33322
33984,42988,33300
33988,42977,33302
33948,42983,33279
33764,42959,33276
33672,42917,33269
33728,42916,33263
33796,42927,33253
33764,42934,33247
33753,42958,33212
33784,42985,33274
33752,42980,33279
33704,42983,33232
33788,42983,33205
33796,42956,33191
33828,42919,33188
33884,42925,33169
33964,42903,33175
33936,42935,33164
33918,42952,33133
33941,42988,33191
33972,42983,33199
33968,42988,33188
33940,42972,33117
33780,42951,33085
33732,42927,33097
33696,42889,33072
33684,42929,33049
33640,42936,33071
33604,42919,33052
33676,42988,33061
33637,42999,33077
33588,42993,33076
33592,42959,33068
33576,42948,32989
33564,42935,32969
33572,42935,32969
33676,42932,32966
33696,42943,32955
33768,42961,32943
33892,42999,32917
33880,43001,32910
33868,42988,32903
33844,42997,32868
33776,42967,32856
33640,42887,32892
33440,42933,32903
33380,42941,32901
33461,42955,32892
33476,42980,32888
33560,43012,32796
33548,43002,32799
33524,43001,32753
33564,43012,32820
33578,42981,32820
33568,42952,32781
33540,42951,32740
33510,42965,32728
33544,42973,32735
33578,42999,32740
33622,42998,32720
33600,43031,32707
33512,43015,32688
33430,43031,32687
33368,42996,32670
33240,42975,32677
33156,42924,32664
33204,42982,32668
33320,42988,32684
33313,42973,32671
33392,43045,32655
33408,43055,32647
33372,43015,32647
33242,43046,32636
33216,43015,32636
33116,42989,32608
33100,42989,32612
32932,43000,32606
32852,42976,32606
32872,43052,32609
32924,43076,32617
32972,43084,32572
33028,43077,32564
32997,43076,32547
32936,43047,32600
32864,42985,32628
32828,43015,32623
32864,43047,32580
32940,43053,32579
33036,43031,32536
33108,43116,32583
33174,43129,32621
33156,43127,32519
33110,43119,32524
32976,43100,32527
32888,43079,32537
32941,43079,32495
32972,43095,32615
32952,43106,32514
33004,43135,32524
33085,43172,32527
33152,43175,32516
33232,43132,32472
33264,43175,32559
33204,43153,32574
33144,43132,32600
33120,43132,32564
33080,43093,32546
33126,43143,32493
33260,43199,32508
33402,43220,32587
33449,43233,32592
33413,43220,32592
33312,43231,32591
33220,43165,32571
33157,43192,32514
33104,43159,32504
33127,43207,32517
33101,43229,32480
33012,43256,32471
33044,43263,32564
33028,43295,32595
33016,43301,32492
32952,43303,32532
32960,43245,32529
32972,43263,32518
32968,43271,32516
33028,43247,32493
33080,43303,32502
33116,43335,32524
33240,43327,32524
33276,43386,32539
33264,43380,32529
33208,43351,32517
33100,43372,32529
32812,43356,32540
32340,43360,32529
31524,43377,32534
30588,43399,32528
29546,43399,32537
28740,43483,32529
27980,43490,32547
27284,43500,32534
26568,43500,32492
26164,43452,32534
26068,43472,32557
26413,43482,32480
27328,43444,32493
29556,43508,32492
32804,43548,32493
36820,43568,32486
40712,43572,32552
44176,43569,32568
47212,43564,32596
49360,43541,32543
50680,43520,32508
50748,43527,32487
49534,43551,32495
48052,43575,32519
46732,43623,32515
45568,43669,32508
44316,43675,32500
43396,43689,32489
42584,43695,32470
41320,43681,32461
39952,43668,32435
38684,43665,32517
37460,43714,32533
36261,43749,32561
35016,43797,32548
33952,43841,32555
32953,43851,32548
32228,43855,32556
31736,43868,32532
31292,43860,32575
30904,43815,32484
30632,43847,32474
30568,43887,32486
30568,43867,32495
30580,43954,32503
30548,43988,32508
30568,44008,32524
30518,44020,32519
30465,44015,32541
30408,44015,32561
30416,44005,32576
30456,44020,32583
30516,44034,32588
30462,44063,32596
30445,44092,32612
30416,44154,32633
30504,44111,32638
30652,44183,32657
30664,44183,32652
30656,44166,32663
30656,44143,32680
30748,44183,32703
30892,44198,32713
30972,44205,32750
31080,44264,32815
31048,44316,32804
31007,44325,32788
30988,44283,32705
30927,44361,32744
30824,44335,32768
30839,44327,32737
30905,44348,32813
30916,44375,32744
30960,44397,32719
31040,44391,32762
31105,44452,32803
31148,44508,32684
31180,44514,32669
31044,44524,32657
30972,44455,32690
30808,44513,32689
30796,44533,32677
30900,44485,32647
30840,44527,32689
30685,44631,32679
30756,44679,32641
30848,44687,32658
30884,44692,32585
30860,44711,32564
30860,44697,32600
30748,44692,32597
30753,44719,32560
30660,44735,32539
30572,44772,32568
30500,44807,32600
30484,44864,32608
30436,44862,32620
30350,44901,32622
30438,44900,32631
30390,44896,32617
30288,44881,32599
30252,44901,32632
30144,44933,32626
30180,44917,32572
30145,45008,32584
30112,45059,32609
30012,45013,32647
29992,45095,32671
29896,45103,32625
29772,45093,32612
29642,45085,32599
29620,45104,32608
29536,45131,32647
29580,45156,32676
29556,45145,32647
29524,45239,32668
29448,45285,32688
29396,45253,32837
29324,45305,32772
29237,45284,32700
29030,45287,32797
28949,45301,32829
28882,45337,32883
28789,45353,32935
28864,45405,32879
28825,45447,32804
28772,45450,32860
28772,45476,32895
28741,45500,32856
28736,45485,32890
28604,45485,33006
28633,45501,33007
28600,45529,32989
28601,45563,32862
28648,45615,33025
28736,45636,33052
28884,45668,33021
28864,45676,32980
28866,45623,32903
28912,45703,32894
28900,45672,32897
29096,45689,32903
29194,45671,32901
29336,45743,32912
29612,45790,32933
29932,45845,32936
30225,45805,32983
30400,45864,32975
30576,45876,32989
30740,45875,32993
30908,45863,32996
31148,45876,33010
31464,45868,32999
31790,45927,32988
32033,45972,32957
32321,45984,32952
32460,46036,32953
32616,46043,32948
32760,45996,32946
32776,46044,33029
32929,46039,33085
32960,46057,32935
33182,46071,32934
33400,46107,33031
33604,46143,33074
33769,46191,33060
33966,46215,32932
33972,46223,32876
34004,46221,32916
33945,46214,32886
33944,46204,32859
33884,46235,32948
33860,46260,32989
33892,46229,32869
33932,46326,32788
34071,46364,32791
33988,46389,32841
33905,46393,32788
33896,46373,32903
33872,46397,32894
33800,46383,32700
33828,46396,32763
33880,46428,32767
33916,46444,32773
33973,46447,32815
34022,46532,32652
33944,46565,32709
33805,46549,32676
33737,46567,32788
33772,46556,32684
33772,46492,32622
33748,46567,32671
33724,46588,32612
33784,46599,32658
33813,46592,32748
33833,46700,32628
33885,46711,32519
33873,46717,32567
33760,46683,32574
33696,46724,32575
33672,46703,32548
33640,46719,32628
33720,46727,32671
33832,46760,32647
33796,46796,32500
33832,46842,32492
33753,46868,32506
33693,46828,32497
33700,46852,32612
33717,46868,32628
33660,46850,32622
33680,46868,32399
33764,46879,32413
33956,46895,32412
33924,46951,32466
34020,46974,32448
34032,46983,32439
33968,47012,32546
33988,47029,32488
33888,46997,32358
33812,46991,32349
33720,46936,32373
33661,47023,32432
33708,47041,32413
33724,47079,32400
33824,47111,32428
33920,47111,32416
33978,47143,32492
33870,47142,32536
33652,47135,32449
33564,47079,32375
33536,47124,32374
33572,47093,32320
33748,47164,32333
33900,47197,32324
34037,47239,32334
34116,47249,32348
34140,47252,32381
34148,47255,32416
34088,47239,32377
33924,47229,32445
33868,47191,32557
33808,47239,32310
33821,47271,32324
33884,47300,32364
33948,47344,32361
33933,47300,32428
33848,47359,32431
33888,47360,32412
33944,47344,32439
33792,47341,32430
33752,47346,32421
33639,47288,32444
33616,47367,32433
33632,47400,32437
33668,47455,32395
33612,47452,32469
33596,47401,32436
33556,47416,32397
33484,47385,32388
33416,47431,32457
33476,47429,32504
33540,47445,32313
33533,47461,32320
33456,47429,32348
33528,47530,32393
33550,47550,32364
33556,47556,32469
33576,47544,32489
33440,47535,32487
33276,47452,32335
33152,47521,32276
33172,47527,32295
33100,47543,32378
33132,47579,32365
33148,47615,32409
33192,47570,32361
33185,47600,32293
33208,47623,32372
33212,47612,32331
33093,47584,32406
33036,47581,32424
33080,47597,32250
33176,47620,32293
33248,47644,32352
33320,47679,32321
33352,47699,32455
33396,47692,32278
33331,47639,32343
33280,47680,32319
33182,47644,32322
33084,47659,32412
33124,47657,32478
33180,47623,32392
33220,47708,32236
33300,47743,32272
33316,47759,32373
33257,47692,32332
33192,47751,32343
33084,47725,32380
32992,47709,32509
32952,47717,32351
32888,47721,32268
33036,47741,32352
33104,47769,32367
33180,47788,32363
33216,47797,32380
33200,47792,32401
33136,47751,32464
33054,47772,32437
32960,47740,32472
32940,47749,32516
32976,47716,32478
33140,47775,32327
33220,47815,32412
33300,47836,32453
33221,47844,32423
33172,47842,32422
33112,47842,32492
33181,47807,32589
33156,47804,32595
33112,47789,32569
33096,47812,32487
32988,47761,32496
32856,47823,32557
32820,47889,32443
32776,47899,32383
32768,47873,32452
32816,47879,32496
32784,47873,32463
32680,47772,32475
32648,47843,32485
32680,47845,32567
32676,47852,32622
32772,47879,32615
32917,47853,32658
32888,47932,32612
32876,47919,32519
32808,47924,32511
32765,47893,32519
32760,47877,32621
32788,47871,32661
32960,47865,32711
33152,47879,32568
33208,47917,32480
33208,47877,32516
33200,47950,32543
33124,47933,32575
33020,47944,32560
32960,47860,32610
33004,47879,32636
33088,47894,32611
33065,47899,32647
33204,47911,32706
33312,47869,32686
33240,47968,32705
33325,47972,32678
33288,47971,32656
33292,47973,32679
33228,47938,32632
33100,47912,32679
32984,47913,32717
32948,47911,32670
32937,47920,32651
33032,47949,32668
33017,47981,32689
33113,47980,32687
33192,47949,32769
33172,47961,32758
33036,47943,32799
32964,47932,32828
32908,47918,32846
32852,47928,32897
32856,47935,32877
32992,47947,32857
33004,47995,32879
33024,47993,32924
33085,47988,32925
33036,47956,32935
33052,47965,33040
32832,47928,33085
32828,47930,33113
32920,47879,33021
32872,47942,33093
32773,47965,33031
32440,47996,33170
31798,48004,33111
30906,47999,33156
29816,47999,33180
28833,47924,33100
27848,47910,33013
26926,47932,32992
26308,47950,33181
25985,47964,33213
25910,47991,33103
26116,47967,33058
26892,48020,32999
28626,47952,32990
31528,48006,32996
35396,47973,32996
39320,47941,32996
42824,47901,32986
46084,47921,33046
48832,47933,33072
50644,47957,33140
51484,47977,33220
50672,47999,33112
49048,47983,33097
47336,47983,32996
46132,47950,32997
44700,47929,33024
43652,47888,33092
42836,47937,33076
41984,47934,33048
40705,47975,33052
39364,47975,33042
38184,48015,33084
36984,48005,33095
35677,47972,33082
34476,47981,33138
33326,47951,33172
32308,47943,33182
31604,47955,33199
31128,47965,33223
30908,47976,33175
30721,47956,33209
30809,48007,33409
30748,48004,33255
30664,47948,33332
30589,47972,33303
30385,47951,33349
30284,47943,33273
30208,47941,33264
30156,47956,33369
30181,47949,33469
30228,48015,33439
30361,48005,33430
30385,47997,33512
30388,47945,33577
30448,47972,33565
30366,47945,33481
30384,47900,33447
30492,47942,33479
30588,47956,33511
30596,47964,33527
30504,47996,33519
30504,48001,33470
30584,47996,33462
30732,47985,33516
30744,47960,33684
30680,47933,33663
30672,47924,33692
30609,47925,33695
30644,47929,33625
30752,47967,33534
30924,47973,33530
31052,47983,33548
30916,47988,33476
30864,47985,33574
30868,47959,33601
30812,47924,33613
30708,47921,33592
30708,47930,33463
30709,47933,33453
30784,47941,33439
30836,47985,33408
30781,47985,33368
30668,47964,33385
30592,47972,33316
30560,47943,33285
30640,47911,33332
30702,47847,33455
30616,47917,33377
30616,47920,33397
30608,47876,33396
30656,47975,33319
30692,47968,33280
30632,47972,33193
30528,47924,33175
30448,47913,33189
30540,47901,33167
30388,47839,33136
30365,47905,33151
30377,47911,33170
30432,47899,33182
30448,47952,33069
30444,47895,33088
30428,47948,33080
30334,47936,33079
30244,47925,33057
30052,47879,33166
29928,47879,33228
29860,47879,33314
29776,47895,33181
29688,47913,33166
29740,47874,33183
29564,47937,33202
29404,47935,33209
29440,47933,33196
29408,47839,33249
29392,47847,33342
29333,47863,33360
29292,47868,33239
29196,47872,33340
29164,47904,33324
29100,47879,33411
29080,47933,33406
29048,47912,33381
28918,47908,33287
28832,47879,33399
28733,47814,33445
28744,47849,33434
28716,47869,33354
28672,47852,33412
28728,47878,33474
28748,47911,33329
28792,47879,33247
28704,47828,33252
28601,47873,33279
28573,47864,33301
28436,47818,33281
28577,47827,33284
28616,47784,33263
28772,47824,33271
28956,47841,33262
29069,47879,33255
29253,47868,33335
29449,47875,33319
29584,47796,33351
29724,47836,33481
29720,47812,33362
29846,47727,33346
30096,47812,33311
30408,47783,33324
30736,47831,33317
31180,47789,33287
31404,47827,33279
31668,47844,33303
31880,47843,33301
32140,47748,33282
32421,47783,33252
32520,47751,33214
32660,47772,33226
32884,47733,33217
33220,47803,33220
33433,47821,33345
33480,47825,33281
33604,47799,33206
33780,47801,33245
33940,47758,33228
33784,47727,33137
33660,47740,33120
33804,47725,33284
34125,47741,33348
34240,47759,33343
34248,47765,33236
34228,47789,33181
34176,47783,33195
34240,47772,33172
34204,47735,33165
34101,47716,33193
34024,47699,33184
33964,47705,33173
34032,47655,33170
33960,47677,33104
34028,47700,33151
34052,47699,33164
34026,47746,33197
34064,47724,33183
34068,47703,33165
34005,47673,32999
34016,47621,33001
33996,47679,33052
34036,47677,33081
34140,47697,33023
34208,47732,33019
34100,47687,33031
34048,47727,33037
34093,47708,33151
34105,47672,32988
34040,47636,32935
33988,47623,32895
34036,47652,32924
34188,47644,32921
34096,47676,32932
34048,47640,32900
34068,47673,32909
34128,47687,32905
34084,47679,32926
34076,47644,32916
33952,47613,32921
33980,47554,32877
33949,47620,32853
33960,47615,32861
33924,47644,32874
33952,47620,32879
33877,47663,32820
33852,47653,32751
33788,47578,32749
33788,47620,32789
33696,47580,32800
33636,47580,32921
33668,47521,32856
33764,47588,32956
33926,47607,32858
33964,47577,32783
33959,47621,32797
33952,47623,32771
33986,47609,32732
33848,47576,32705
33732,47545,32694
33628,47538,32707
33592,47540,32711
33656,47544,32692
33708,47583,32703
33780,47541,32716
33852,47604,32719
33870,47581,32684
33860,47564,32757
33810,47550,32892
33664,47521,32789
33656,47479,32759
33680,47519,32721
33652,47511,32743
33600,47543,32722
33677,47565,32750
33780,47564,32745
33833,47493,32716
33792,47541,32708
33768,47495,32704
33652,47479,32698
33584,47465,32689
33532,47479,32700
33604,47479,32681
33750,47504,32673
33740,47468,32661
33677,47529,32672
33534,47519,32692
33437,47495,32704
33296,47461,32685
33248,47436,32676
33272,47385,32660
33284,47441,32660
33380,47453,32729
33500,47461,32709
33492,47495,32628
33568,47492,32589
33592,47463,32601
33548,47455,32594
33476,47384,32561
33400,47405,32568
33571,47388,32591
33564,47401,32580
33424,47363,32533
33408,47367,32565
33400,47444,32542
33464,47431,32519
33516,47428,32505
33536,47422,32549
33496,47376,32623
33364,47363,32604
33332,47359,32499
33377,47359,32487
33349,47344,32546
33289,47374,32534
33264,47396,32540
33228,47399,32586
33364,47397,32632
33381,47367,32660
33289,47332,32653
33256,47308,32652
33228,47285,32661
33182,47276,32608
33158,47316,32513
33220,47343,32540
33285,47360,32463
33252,47292,32488
33122,47308,32510
33045,47335,32519
33056,47295,32533
32952,47271,32541
32872,47261,32576
32924,47257,32571
32944,47205,32597
33022,47236,32637
33052,47255,32622
33024,47308,32639
32980,47295,32628
32965,47281,32645
32872,47234,32649
32824,47228,32673
32825,47212,32692
32884,47220,32734
32936,47231,32752
32976,47239,32748
32952,47268,32775
32780,47268,32792
32660,47194,32774
32544,47239,32788
32549,47191,32762
32496,47173,32888
32484,47160,32909
32516,47149,32833
32476,47164,32924
32481,47196,33002
32516,47172,33015
32564,47220,33107
32572,47199,33125
32544,47199,33124
32556,47088,33181
32568,47120,33215
32608,47111,33207
32649,47111,33237
32704,47069,33233
32748,47165,33237
32804,47158,33324
32928,47111,33309
32865,47163,33256
32808,47143,33249
32724,47032,33260
32672,47060,33243
32616,47073,33270
32672,47060,33304
32952,47069,33308
33132,47037,33314
33208,47127,33340
33196,47108,33350
33204,47111,33368
33188,47089,33380
33208,47053,33392
33232,47029,33428
33196,47023,33452
33212,47031,33428
33264,47015,33476
33216,47009,33468
33228,47067,33440
33160,47063,33527
33204,47044,33633
33148,47029,33620
33144,46932,33563
33008,46973,33549
32932,46972,33526
32864,46977,33543
32976,46967,33551
33132,46983,33599
33232,46983,33614
33232,47005,33599
33201,46991,33633
33124,46976,33629
33096,46912,33617
33010,46917,33622
32992,46910,33618
32972,46905,33664
32940,46850,33685
32916,46938,33701
32828,46951,33709
32756,46948,33687
32692,46903,33688
32664,46919,33695
32636,46895,33695
32632,46823,33697
32672,46855,33721
32628,46848,33734
32416,46828,33761
31948,46900,33741
31124,46901,33733
30112,46888,33748
29168,46839,33767
28425,46864,33764
27696,46842,33732
27112,46813,33711
26624,46805,33772
26532,46727,33848
26857,46806,33881
27741,46837,33837
29198,46855,33844
31752,46847,33890
35076,46821,33888
38853,46772,33848
42468,46760,33866
45596,46727,33813
47812,46712,33860
49016,46724,33872
49518,46720,33848
48652,46748,33724
46800,46772,33772
44916,46765,33748
43824,46748,33722
42676,46740,33745
41876,46711,33796
41216,46671,33868
40536,46632,33756
39648,46653,33687
38684,46676,33703
37692,46695,33732
36604,46727,33773
35455,46719,33730
34440,46709,33838
33572,46701,33884
32748,46661,33798
32041,46635,33743
31572,46617,33741
31268,46629,33820
31079,46641,33817
30968,46656,33870
30804,46620,33820
30652,46684,33941
30520,46663,34021
30452,46644,34021
30444,46617,33980
30516,46588,33997
30576,46564,33991
30684,46572,33995
30768,46516,34143
30836,46599,34212
30953,46612,34138
30948,46620,34127
30924,46599,34160
30868,46589,34183
30816,46552,34228
30748,46468,34220
30665,46521,34228
30714,46518,34236
30724,46533,34336
30752,46500,34341
30900,46564,34371
30992,46551,34351
31036,46543,34469
31052,46471,34525
31044,46503,34530
31040,46471,34557
30981,46458,34576
30836,46463,34567
30852,46471,34564
30904,46463,34557
31045,46511,34616
31116,46484,34631
31076,46476,34537
30996,46477,34515
30973,46447,34548
30968,46393,34552
30968,46393,34567
30980,46407,34588
31040,46364,34590
31008,46438,34596
30948,46445,34588
30996,46447,34597
31168,46369,34565
31104,46436,34549
30982,46372,34560
30844,46359,34565
30740,46292,34575
30668,46303,34624
30664,46356,34629
30756,46389,34601
30848,46404,34714
30832,46399,34727
30764,46372,34733
30732,46365,34641
30729,46320,34679
30588,46311,34695
30516,46247,34713
30433,46300,34733
30401,46303,34737
30384,46327,34756
30408,46341,34772
30344,46341,34834
30293,46331,34909
30284,46319,34821
30225,46271,34853
30124,46245,34947
30008,46251,34908
29964,46188,34947
29900,46240,34972
29837,46276,35010
29860,46291,35028
29860,46292,35053
29872,46247,35084
29784,46268,35124
29596,46216,35167
29474,46196,35235
29356,46191,35261
29368,46197,35297
29341,46196,35335
29268,46167,35385
29280,46183,35357
29304,46245,35412
29240,46208,35447
29092,46212,35476
28916,46129,35491
28828,46149,35504
28900,46137,35521
28940,46141,35533
29088,46145,35549
29165,46116,35570
29196,46196,35543
29224,46175,35519
29257,46161,35528
29284,46161,35524
29360,46117,35557
29240,46081,35549
29273,46080,35540
29376,46065,35580
29516,46072,35587
29604,46109,35632
29760,46113,35561
29982,46115,35569
30088,46111,35581
30144,46047,35568
30304,46052,35540
30524,46016,35599
30849,46017,35617
31108,45949,35620
31296,46023,35597
31544,46044,35612
31918,46053,35596
32200,46007,35537
32368,46032,35516
32449,46017,35505
32532,45989,35493
32648,45927,35508
32808,45954,35470
32962,45951,35441
33076,45940,35520
33209,45991,35460
33364,46005,35429
33480,45989,35429
33409,45949,35423
33372,45971,35396
33446,45919,35387
33512,45892,35372
33592,45895,35350
33680,45885,35335
33712,45890,35298
33764,45916,35335
33928,45927,35313
34020,45864,35285
33920,45925,35204
33934,45903,35220
33988,45860,35215
33940,45789,35160
33977,45828,35145
34000,45831,35106
34040,45765,35119
34040,45863,35111
34064,45877,35125
34132,45876,35118
34033,45820,35100
34086,45831,35044
34140,45799,35042
33888,45783,35066
33761,45735,35004
33820,45772,34932
33956,45770,34944
34116,45805,34938
34128,45790,34923
34168,45815,34909
34088,45796,34879
34012,45782,34845
33908,45736,34823
33815,45713,34832
33721,45708,34823
33732,45716,34799
33764,45719,34777
33852,45743,34785
33814,45720,34780
33840,45752,34749
33821,45741,34713
33816,45727,34701
33864,45692,34702
33782,45663,34702
33696,45655,34701
33640,45664,34670
33568,45671,34632
33432,45695,34660
33404,45703,34716
33530,45703,34710
33648,45687,34599
33712,45679,34597
33684,45575,34599
33748,45620,34578
33816,45607,34560
33872,45615,34545
33852,45597,34525
33864,45632,34528
33876,45661,34510
33940,45641,34498
33916,45636,34469
33784,45623,34430
33689,45575,34397
33708,45554,34388
33732,45556,34392
33656,45551,34445
33732,45540,34439
33732,45588,34452
33684,45591,34452
33684,45593,34428
33685,45572,34391
33700,45511,34331
33606,45534,34300
33576,45503,34262
33570,45441,34263
33593,45508,34266
33624,45501,34236
33648,45532,34233
33580,45546,34204
33504,45539,34204
33456,45524,34191
33436,45518,34180
33381,45465,34157
33364,45409,34141
33429,45420,34183
33496,45460,34212
33528,45447,34148
33614,45479,34060
33644,45499,34068
33728,45499,34079
33698,45479,34063
33596,45447,34041
33468,45431,34013
33428,45411,34087
33476,45381,34111
33500,45396,34053
33492,45404,34054
33596,45428,34055
33623,45380,34036
33436,45406,34071
33340,45423,34068
33376,45415,34060
33424,45365,34020
33380,45340,34053
33368,45329,34031
33344,45340,34043
33352,45348,34037
33352,45373,34012
33440,45388,34023
33572,45383,34000
33468,45379,34012
33377,45319,34008
33397,45317,33992
33325,45287,33993
33216,45281,33982
33185,45241,33943
33165,45295,33873
33268,45314,33857
33356,45340,33861
33328,45292,33855
33240,45319,33865
33292,45300,33857
33412,45269,33866
33404,45181,33864
33404,45237,33861
33360,45239,33863
33268,45233,33860
33316,45271,33832
33336,45285,33814
33288,45279,33810
33324,45263,33820
33244,45215,33835
33161,45191,33829
33004,45191,33819
32904,45181,33818
32888,45176,33814
32937,45140,33817
32916,45217,33799
32972,45228,33819
32888,45220,33836
32840,45225,33828
32872,45215,33839
32876,45098,33834
32905,45112,33852
32924,45140,33836
33012,45134,33863
33173,45151,33845
33228,45173,33854
33304,45181,33852
33292,45167,33878
33344,45109,33919
33360,45136,33974
33296,45125,33983
33176,45100,33972
33176,45085,33960
33212,45093,33909
33144,45057,33892
33097,45128,33951
33168,45143,33957
33276,45127,33960
33312,45112,33991
33248,45109,33988
33156,45060,33977
33192,45037,33943
33221,45041,33886
33272,45049,33922
33288,45053,33893
33289,45077,33996
33280,45085,33953
33256,45039,33887
33132,45031,33912
33112,45051,33938
33128,45009,33925
33088,44981,33915
33068,44980,33997
33024,44993,33980
33072,44935,34016
33240,45025,34044
33288,45031,34050
33208,45031,34055
33154,44999,34055
33120,44974,34052
33052,44956,34076
32920,44932,34077
32900,44935,34062
32968,44897,34061
33046,44941,34093
33112,44980,34090
33144,44988,33991
33160,44981,34009
33118,44965,34004
33060,44924,34025
32900,44919,34031
32594,44891,34025
31936,44858,34021
31060,44900,34047
30084,44908,34062
29268,44929,34068
28581,44959,34100
27968,44952,34100
27400,44865,34103
26920,44861,34089
26848,44815,34097
27112,44863,34070
27984,44790,34085
29444,44852,34170
31749,44856,34190
34660,44897,34183
38128,44865,34209
41836,44880,34208
44996,44856,34196
47212,44832,34148
48356,44796,34132
48740,44775,34129
47840,44764,34164
46056,44781,34168
44452,44793,34175
43576,44807,34150
42456,44832,34140
41572,44828,34204
41009,44788,34212
40450,44806,34253
39604,44764,34261
38732,44745,34261
37764,44745,34253
36804,44748,34244
35864,44752,34207
35096,44792,34212
34304,44805,34221
33584,44804,34221
32860,44769,34249
32140,44777,34258
31678,44751,34256
31580,44663,34276
31144,44725,34290
30962,44724,34303
30980,44676,34324
30993,44756,34357
31132,44769,34407
31132,44725,34463
31092,44757,34521
30924,44743,34553
30948,44672,34564
30812,44678,34567
30784,44679,34508
30844,44679,34557
30836,44661,34579
30832,44709,34613
30956,44743,34676
31012,44724,34684
31086,44716,34668
31105,44711,34695
31172,44612,34724
31352,44645,34756
31261,44645,34780
31297,44647,34806
31285,44618,34854
31364,44687,34857
31484,44687,34875
31404,44695,34903
31068,44679,34915
31336,44660,34919
31148,44631,34924
30897,44550,34948
30984,44594,34972
31168,44605,34967
31333,44551,34967
31561,44645,35055
31662,44655,35071
31692,44644,35063
31592,44637,35031
31425,44623,35044
31460,44588,35062
31336,44513,35045
31336,44564,35055
31304,44563,35076
31388,44536,35103
31344,44612,35161
31314,44619,35173
31312,44621,35193
31212,44599,35200
31132,44589,35204
31044,44551,35176
30901,44525,35204
30937,44528,35218
30828,44534,35217
30873,44509,35236
30840,44575,35245
30952,44591,35217
30884,44581,35186
30808,44525,35208
30858,44551,35240
30789,44516,35204
30516,44519,35228
30428,44498,35237
30348,44506,35236
30448,44453,35244
30533,44543,35247
30628,44548,35249
30480,44545,35252
30376,44534,35285
30296,44521,35297
30076,44423,35320
30060,44467,35310
30008,44460,35327
29914,44470,35332
29840,44485,35330
29797,44503,35327
29832,44490,35298
29776,44504,35302
29766,44505,35298
29704,44498,35302
29613,44453,35300
29592,44405,35295
29589,44432,35335
29556,44437,35297
29476,44440,35308
29508,44479,35308
29412,44472,35315
29464,44479,35288
29456,44463,35332
29428,44455,35325
29412,44423,35301
29284,44399,35293
29272,44397,35297
29268,44415,35296
29337,44423,35300
29484,44444,35296
29633,44463,35293
29736,44455,35281
29872,44380,35272
30038,44423,35276
30241,44383,35264
30286,44374,35265
30420,44353,35252
30596,44367,35290
30816,44317,35286
30900,44405,35236
31103,44423,35234
31268,44391,35227
31456,44415,35209
31560,44383,35212
31764,44354,35206
31948,44326,35191
32128,44332,35173
32273,44329,35159
32444,44304,35148
32692,44379,35152
32892,44379,35172
32960,44375,35144
32961,44324,35092
32996,44347,35148
33120,44319,35104
33224,44292,35060
33412,44232,35053
33560,44295,35045
33536,44311,35026
33676,44345,35009
33686,44356,34992
33732,44347,34974
33652,44324,34967
33540,44313,34980
33510,44281,34967
33580,44263,34940
33552,44255,34917
33605,44263,34884
33776,44242,34879
33880,44302,34801
33886,44319,34800
33896,44295,34796
33849,44295,34781
33700,44271,34740
33624,44255,34702
33708,44231,34709
33693,44229,34680
33632,44238,34677
33672,44198,34663
33728,44281,34631
33856,44291,34590
33858,44276,34532
33932,44263,34516
34020,44261,34495
33889,44221,34479
33696,44205,34465
33688,44209,34471
33664,44164,34449
33688,44228,34471
33856,44252,34465
33889,44254,34420
33704,44247,34385
33633,44191,34379
33644,44220,34351
33652,44193,34330
33596,44167,34311
33608,44167,34311
33541,44183,34265
33552,44199,34271
33648,44181,34243
33608,44244,34244
33657,44224,34237
33574,44212,34197
33473,44207,34187
33336,44167,34191
33278,44101,34180
33360,44157,34202
33360,44151,34161
33352,44167,34163
33336,44148,34167
33384,44199,34159
33284,44209,34117
33252,44146,34112
33224,44183,34093
33320,44149,34076
33268,44130,34055
33240,44101,34031
33312,44136,34013
33452,44143,33988
33424,44119,33943
33532,44197,33881
33481,44174,33909
33492,44151,33927
33520,44159,33901
33552,44125,33810
33428,44076,33788
33428,44103,33756
33377,44108,33759
33260,44094,33734
33304,44156,33709
33356,44167,33702
33261,44096,33671
33284,44149,33663
33356,44132,33655
33294,44068,33602
33268,44081,33600
33324,44085,33586
33360,44092,33580
33373,44039,33564
33460,44134,33519
33376,44135,33505
33304,44135,33500
33500,44132,33498
33536,44111,33457
33540,44031,33424
33552,44063,33414
33460,44057,33396
33401,44073,33396
33389,44084,33388
33441,44090,33372
33500,44120,33358
33406,44121,33383
33328,44111,33360
33236,44094,33380
33120,44013,33353
33033,44039,33285
33055,44039,33271
33116,44048,33265
33196,44038,33245
33272,44088,33251
33258,44111,33209
33264,44108,33203
33156,44089,33298
33036,44060,33233
32872,44038,33233
32816,44028,33226
32884,44031,33137
32932,44038,33125
32880,44039,33116
32836,44065,33108
32921,44101,33109
32993,44075,33071
32953,44063,33076
33045,44060,33071
33024,43984,33073
33060,44005,33026
33096,44004,33045
33204,44018,33009
33296,44036,32975
33408,44029,32997
33460,44069,33076
33456,44069,33049
33316,44052,33007
33316,44039,32939
33340,44012,32925
33268,43996,32908
33260,44003,32902
33196,44007,32903
33140,44014,32889
33188,44039,32881
33332,44061,32863
33360,44053,32842
33324,44039,32829
33252,44030,32848
33120,43988,32839
33068,43979,32828
33156,43980,32789
33244,43990,32773
33172,43943,32765
33317,44039,32748
33320,44039,32772
33248,44036,32763
33213,44024,32761
33224,43988,32762
33078,43972,32764
33088,43959,32720
33068,43973,32729
32992,43945,32732
32988,43996,32713
33008,44008,32733
33061,44039,32729
33088,44031,32724
33088,43961,32693
33008,44003,32685
33024,43961,32688
32944,43951,32677
32988,43956,32702
33032,43967,32668
32946,43968,32655
32720,44005,32653
32319,44012,32644
31536,44012,32636
30540,44004,32636
29572,43973,32627
28872,43975,32604
28080,43945,32644
27492,43956,32677
27004,43919,32719
26892,43986,32693
27152,44009,32656
27880,43972,32637
29041,44007,32567
31252,43999,32576
34352,43980,32583
37808,43929,32581
41488,43911,32549
44760,43904,32504
47200,43896,32629
48732,43911,32617
49544,43940,32573
49060,43950,32497
47636,43955,32501
46006,43951,32483
45136,43933,32445
43848,43895,32519
42812,43884,32552
42020,43895,32483
41184,43879,32481
40396,43920,32423
39264,43949,32420
38144,43975,32372
37032,43970,32425
35942,43925,32456
34929,43918,32460
33829,43924,32457
32944,43908,32437
32233,43919,32381
31796,43927,32374
31468,43911,32356
31232,43969,32326
31060,43981,32335
30992,43976,32342
30816,43935,32353
30608,43953,32360
30528,43910,32365
30594,43910,32389
30732,43855,32409
30756,43911,32473
30868,43921,32479
30879,43964,32527
30982,43970,32407
30900,43922,32421
30944,43966,32463
30876,43884,32476
30904,43903,32461
30984,43899,32535
30912,43901,32533
30940,43901,32537
30999,43927,32492
31037,43951,32485
31108,43964,32479
31248,43948,32518
31136,43944,32480
31018,43911,32479
31004,43901,32568
30952,43887,32555
31016,43837,32540
31076,43908,32597
31041,43909,32601
31120,43940,32605
31218,43948,32545
31460,43940,32502
31380,43939,32484
31164,43921,32519
31124,43885,32511
31244,43869,32476
31108,43882,32565
31080,43893,32566
31097,43905,32597
31228,43935,32545
31272,43951,32464
31200,43948,32469
31164,43943,32460
31184,43861,32477
31128,43882,32485
31116,43865,32447
31040,43873,32487
30992,43884,32548
30945,43887,32500
31012,43926,32406
30976,43943,32441
30852,43940,32393
30804,43911,32372
30750,43909,32408
30572,43879,32452
30556,43871,32476
30573,43822,32468
30608,43879,32365
30788,43900,32340
30796,43879,32336
30792,43925,32356
30628,43922,32328
30533,43919,32317
30545,43895,32316
30500,43868,32285
30436,43860,32417
30288,43869,32380
30177,43872,32345
30212,43887,32293
30085,43911,32320
30004,43921,32276
29952,43924,32402
29857,43927,32363
29772,43879,32297
29520,43865,32295
29373,43861,32295
29364,43801,32289
29436,43857,32254
29473,43881,32233
29452,43879,32273
29668,43925,32350
29600,43911,32343
29601,43852,32255
29656,43887,32212
29549,43848,32239
29492,43804,32239
29380,43847,32173
29430,43852,32250
29504,43881,32247
29660,43906,32158
29760,43887,32180
29696,43898,32148
29604,43903,32126
29742,43828,32093
29856,43847,32076
29796,43831,32065
29872,43837,32130
30102,43847,32104
30317,43859,32087
30460,43847,32053
30696,43909,32015
30856,43885,32063
31024,43871,32061
31268,43857,32110
31460,43820,32103
31520,43821,32076
31628,43826,32017
31916,43804,32034
32046,43844,31964
32313,43876,31895
32516,43864,31887
32684,43875,31872
32736,43867,31876
32768,43841,31878
32876,43807,31876
33020,43803,31828
33184,43749,31799
33344,43809,31852
33582,43828,31916
33728,43855,31897
33853,43854,31815
33897,43849,31764
33926,43802,31709
33892,43825,31814
33916,43783,31799
33880,43780,31834
33814,43743,31791
33836,43783,31708
33844,43807,31637
33824,43837,31636
33904,43842,31636
33884,43845,31623
33844,43829,31596
33860,43809,31572
33788,43735,31543
33860,43765,31503
33932,43769,31533
34068,43781,31616
34029,43793,31565
34102,43825,31468
34064,43838,31445
33933,43824,31460
33752,43823,31448
33888,43797,31418
33952,43775,31381
33816,43758,31532
33821,43719,31399
33917,43757,31420
33877,43783,31429
33972,43783,31364
34088,43823,31353
34132,43820,31351
34140,43815,31348
34112,43757,31345
34016,43749,31341
33804,43728,31412
33748,43749,31513
33732,43756,31506
33816,43776,31399
33896,43758,31399
33932,43812,31364
33844,43804,31348
33792,43807,31493
33768,43775,31489
33824,43740,31401
33792,43700,31392
33832,43740,31367
33844,43746,31412
33820,43733,31415
33872,43799,31361
33888,43801,31447
33804,43796,31509
33781,43783,31495
33804,43764,31478
33613,43684,31402
33652,43720,31384
33732,43719,31396
33730,43739,31419
33678,43759,31359
33645,43783,31349
33668,43783,31373
33740,43783,31374
33772,43773,31358
33700,43751,31521
33544,43687,31461
33440,43717,31429
33316,43721,31388
33325,43727,31418
33380,43748,31365
33365,43772,31454
33422,43783,31526
33392,43773,31527
33512,43757,31521
33573,43744,31463
33548,43719,31478
33644,43684,31506
33528,43708,31495
33640,43727,31423
33565,43741,31436
33612,43770,31392
33628,43777,31380
33652,43767,31393
33594,43740,31415
33444,43732,31352
33326,43703,31511
33290,43703,31392
33380,43702,31364
33484,43709,31404
33444,43735,31397
33581,43751,31341
33528,43765,31401
33428,43717,31450
33376,43743,31505
33392,43724,31492
33284,43700,31481
33212,43685,31473
33206,43695,31423
33198,43701,31348
33117,43716,31359
33020,43741,31381
33112,43716,31321
33253,43748,31359
33229,43737,31481
33156,43660,31413
33116,43687,31350
33168,43679,31375
33156,43687,31351
33097,43692,31381
33260,43719,31377
33312,43749,31380
33430,43701,31338
33228,43724,31327
33354,43733,31317
33340,43711,31383
33176,43679,31447
33108,43675,31351
33272,43672,31352
33223,43684,31391
33236,43663,31326
33221,43732,31508
33230,43737,31461
33232,43676,31356
33260,43717,31394
33120,43697,31404
33101,43668,31392
33160,43655,31397
33236,43619,31366
33452,43669,31460
33468,43700,31535
33505,43719,31455
33596,43684,31401
33612,43691,31412
33641,43710,31455
33516,43677,31438
33356,43653,31428
33308,43588,31444
33284,43651,31564
33348,43655,31460
33304,43679,31461
33356,43655,31463
33364,43708,31479
33500,43715,31490
33548,43701,31492
33396,43676,31524
33368,43625,31545
33284,43631,31502
33248,43638,31492
33356,43652,31576
33344,43620,31577
33400,43705,31631
33350,43702,31663
33300,43692,31550
33144,43639,31552
32885,43668,31559
32404,43629,31575
31668,43623,31599
30540,43637,31622
29536,43647,31612
28813,43609,31630
28232,43703,31628
27553,43700,31623
26736,43693,31639
26648,43685,31623
26970,43672,31619
27732,43602,31585
28985,43625,31621
31348,43631,31624
34576,43623,31588
38318,43649,31598
42072,43636,31653
45272,43655,31751
47608,43637,31674
48952,43628,31658
49684,43607,31669
49132,43583,31676
47684,43567,31629
46256,43573,31695
45221,43581,31686
43893,43608,31673
43036,43654,31696
42316,43637,31664
41388,43630,31692
40360,43639,31661
39404,43612,31654
38152,43593,31644
36864,43556,31790
35676,43597,31719
34604,43613,31666
33624,43647,31685
32846,43669,31693
32216,43671,31644
31732,43647,31811
31352,43668,31732
31116,43636,31696
30916,43613,31717
30876,43567,31764
30916,43593,31735
30680,43616,31740
30624,43639,31744
30656,43665,31879
30632,43655,31934
30564,43655,31895
30528,43647,31884
30509,43557,31912
30656,43585,31916
30708,43591,31924
30720,43590,31900
30700,43599,31929
30808,43623,31956
30741,43644,31963
30840,43649,31990
30760,43636,31994
30756,43637,31973
30812,43574,31972
30716,43590,32019
30656,43587,32133
30764,43527,32109
30836,43591,32118
31066,43609,32076
31244,43630,32055
31164,43628,32064
31144,43624,32056
31224,43608,32081
31326,43589,32151
31168,43567,32138
31008,43527,32092
30984,43565,32117
31016,43565,32151
30996,43607,32159
31010,43628,32122
31380,43567,32130
31344,43612,32132
31341,43612,32151
31140,43591,32135
31044,43555,32191
31160,43546,32260
31184,43564,32239
31212,43572,32244
31268,43585,32202
31152,43621,32260
31188,43623,32111
31208,43610,32132
31092,43597,32157
31004,43567,32148
31008,43551,32160
30980,43546,32158
30877,43516,32123
30784,43556,32149
30816,43575,32143
30836,43590,32147
30760,43597,32125
30829,43599,32145
30736,43590,32148
30600,43580,32141
30489,43527,32113
30364,43527,32121
30316,43484,32116
30332,43527,32128
30351,43575,32105
30270,43599,32109
30248,43548,32125
30268,43590,32132
30209,43588,32136
30144,43558,32137
30081,43527,32143
29977,43485,32130
29896,43519,32140
29932,43527,32153
29748,43559,32161
29736,43581,32164
29640,43598,32164
29648,43589,32187
29601,43565,32193
29488,43551,32194
29332,43511,32173
29216,43523,32193
29348,43495,32188
29412,43524,32189
29512,43543,32188
29528,43578,32169
29672,43574,32157
29656,43575,32156
29696,43567,32183
29718,43527,32149
29616,43502,32151
29540,43432,32148
29605,43495,32144
29824,43508,32132
30016,43527,32125
30156,43573,32124
30232,43513,32121
30384,43559,32173
30492,43555,32218
30592,43513,32164
30693,43477,32134
30836,43482,32129
30957,43431,32123
31380,43491,32143
31482,43510,32123
31568,43543,32093
31729,43543,32073
31880,43525,32067
32005,43500,32127
32356,43495,32186
32452,43463,32182
32580,43463,32189
32720,43465,32183
32813,43461,32180
32926,43493,32101
32956,43518,32062
33084,43516,32068
33100,43508,32093
33144,43497,32073
33241,43475,32060
33218,43446,32039
33388,43420,32095
33465,43451,32132
33584,43444,32128
33724,43476,32051
33809,43503,32031
33744,43497,32004
33672,43499,32023
33668,43468,31970
33588,43455,31943
33556,43420,32052
33660,43397,32059
33728,43425,31972
33816,43439,31988
33872,43461,31964
33985,43476,31900
34004,43487,31909
33884,43472,31901
33664,43455,31852
33672,43439,31932
33676,43399,31965
33824,43404,31868
33917,43407,31895
33960,43409,31893
33940,43445,31868
34051,43461,31845
33941,43463,31948
33896,43461,31924
33828,43428,31868
33872,43415,31868
33748,43389,31881
33700,43399,31894
33732,43399,31905
33716,43399,31902
33848,43435,31867
34052,43454,31969
34084,43453,32013
33984,43436,31971
33868,43428,31937
33720,43415,31905
33784,43335,31934
33784,43391,31909
33544,43387,31892
33572,43349,31973
33624,43412,32037
33544,43442,32007
33524,43439,31912
33736,43429,31949
33842,43423,31903
33501,43399,32034
33340,43373,32002
33332,43365,31959
33512,43375,31967
33672,43382,31920
33636,43399,32052
33592,43431,32052
33544,43424,31946
33664,43419,31969
33661,43415,31961
33456,43363,31928
33404,43356,31991
33348,43351,32050
33376,43364,32059
33372,43372,31972
33456,43393,32017
33464,43373,31948
33401,43421,31932
33392,43399,31942
33336,43399,31949
33368,43373,31944
33268,43348,31926
33216,43292,31928
33172,43353,31905
33166,43359,31884
33216,43381,31876
33120,43415,31862
33372,43389,31881
33544,43399,31862
33609,43399,31844
33588,43364,31847
33624,43335,31836
33606,43336,31844
33516,43294,31839
33352,43351,31822
33285,43368,31813
33444,43399,31821
33472,43399,31797
33352,43343,31789
33260,43356,31800
33132,43364,31783
33074,43335,31777
33040,43335,31792
33048,43336,31793
33020,43302,31774
33152,43372,31764
33214,43411,31790
33120,43399,31774
33028,43389,31730
33024,43384,31728
32936,43359,31791
32956,43319,31807
33092,43324,31804
33252,43300,31824
33360,43340,31822
33264,43367,31854
33260,43392,31855
33184,43399,31751
33261,43385,31765
33252,43388,31775
33218,43340,31757
33144,43333,31764
33204,43329,31741
33232,43334,31749
33200,43303,31721
33261,43372,31725
33300,43395,31812
33328,43340,31845
33217,43391,31816
33105,43375,31765
32984,43304,31766
33169,43329,31728
33140,43325,31751
33212,43301,31734
33240,43335,31721
33252,43360,31743
33276,43399,31721
33305,43349,31714
33182,43388,31718
32908,43381,31716
32920,43352,31746
32900,43334,31751
33024,43332,31751
33129,43327,31732
33124,43328,31725
33188,43373,31767
33204,43399,31737
33273,43365,31712
33372,43385,31871
33164,43383,31751
33044,43337,31789
33092,43325,31764
33132,43333,31751
33127,43341,31751
33200,43310,31764
33124,43381,31841
33216,43399,31925
33156,43412,31951
33061,43354,31937
32868,43396,31879
32640,43363,31877
32028,43297,31908
31232,43352,31877
30384,43357,31959
29468,43364,31980
28942,43364,32045
28164,43428,32004
27669,43428,31939
27176,43389,31985
26897,43353,31999
26936,43394,31997
27572,43359,31999
28836,43365,31981
31488,43364,32059
34861,43367,32063
38468,43392,32063
42096,43405,32124
45164,43399,32089
47388,43396,32100
48688,43357,32159
49332,43348,32199
48556,43327,32203
47120,43333,32154
45740,43348,32116
44836,43341,32096
43572,43389,32116
42672,43412,32132
41940,43423,32159
41181,43415,32137
40284,43421,32203
39104,43392,32233
37876,43372,32213
36476,43380,32208
35236,43396,32185
34500,43404,32197
33608,43437,32232
32773,43476,32282
32220,43476,32263
31799,43423,32186
31365,43474,32244
31176,43439,32249
30816,43423,32255
30692,43421,32263
30500,43431,32295
30444,43444,32338
30496,43465,32381
30680,43504,32449
30672,43500,32356
30770,43495,32373
30864,43494,32412
30708,43473,32444
30556,43444,32444
30717,43436,32448
30540,43460,32545
30528,43464,32500
30552,43508,32500
30606,43527,32554
30472,43527,32542
30709,43525,32551
30780,43517,32540
30856,43493,32556
30860,43478,32578
30848,43450,32560
30929,43495,32679
30984,43495,32717
31084,43488,32636
31264,43557,32673
31248,43565,32676
31448,43561,32684
31204,43524,32695
31052,43524,32705
31012,43514,32711
30932,43519,32708
30845,43503,32701
31024,43527,32705
31122,43564,32735
31151,43591,32732
31200,43596,32748
31372,43591,32746
31264,43584,32743
31260,43564,32800
31172,43497,32759
31076,43552,32823
31088,43557,32841
31168,43564,32840
31020,43601,32799
30864,43641,32812
30881,43644,32819
30900,43633,32838
30928,43581,32864
30816,43605,32873
30716,43584,32871
30598,43588,32877
30668,43599,32887
30700,43548,32900
30760,43644,32895
30540,43676,32917
30436,43676,32933
30452,43679,32913
30464,43644,32917
30372,43646,32934
30137,43623,32953
29924,43620,32945
30068,43644,32948
30108,43653,32980
30152,43700,32989
30232,43719,33001
30181,43713,33012
30041,43720,33013
30018,43719,33023
30132,43668,33031
30036,43655,33060
29934,43684,33071
29960,43689,33086
29868,43693,33074
29940,43741,33093
29924,43710,33100
29852,43760,33127
29780,43761,33097
29725,43701,33110
29748,43712,33124
29604,43712,33143
29488,43712,33149
29509,43737,33159
29717,43740,33159
29904,43783,33151
29888,43805,33145
29856,43802,33149
29790,43804,33151
29920,43811,33164
29900,43717,33164
29812,43759,33181
29920,43751,33183
30016,43761,33169
30040,43733,33183
30100,43798,33193
30200,43844,33169
30384,43849,33185
30472,43839,33169
30540,43841,33167
30568,43740,33182
30688,43799,33185
30912,43796,33193
31184,43796,33193
31412,43812,33180
31604,43860,33174
31772,43883,33169
31880,43876,33174
31992,43877,33165
32158,43874,33141
32324,43836,33117
32232,43828,33104
32416,43829,33102
32676,43843,33206
32748,43847,33205
33070,43846,33183
33332,43911,33191
33484,43919,33157
33536,43893,33091
33580,43911,33084
33648,43892,33103
33408,43857,33099
33288,43871,33072
33408,43879,33057
33320,43889,33038
33492,43925,33049
33617,43963,33028
33756,43945,33023
33668,43945,32984
33712,43948,32983
33826,43911,33048
33784,43908,32971
33652,43909,32918
33520,43861,32925
33708,43903,32916
33816,43975,32895
33952,43997,32961
33952,43993,32964
33860,43985,32903
33772,43988,32841
33813,43949,32855
33796,43903,32872
33617,43943,32839
33744,43951,32908
33932,43967,32917
33932,44004,32925
33896,43969,32888
33740,43988,32801
33620,43973,32815
33412,44029,32919
33416,43992,32789
33470,43951,32825
33280,43925,32828
33368,43978,32805
33456,44007,32791
33604,44031,32825
33732,44063,32849
33609,44053,32876
33524,44061,32868
33588,44055,32866
33544,44022,32887
33516,43998,32860
33612,44009,32736
33473,43988,32767
33464,44026,32772
33502,44060,32775
33636,44085,32775
33518,44085,32796
33408,44081,32816
33424,44087,32815
33288,44039,32783
33164,44022,32783
33057,44032,32823
33096,44052,32838
33241,44055,32855
33404,44088,32909
33388,44119,32839
33352,44119,32839
33250,44069,32852
33324,44116,32850
33406,44073,32902
33140,44052,32860
33052,44069,32785
33029,44071,32815
33122,44095,32821
33348,44093,32826
33509,44137,32799
33437,44133,32773
33356,44093,32852
33552,44135,32847
33496,44103,32841
33492,44088,32913
33464,44076,32912
33520,44098,32884
33481,44101,32853
33672,44151,32836
33696,44143,32832
33652,44129,32805
33388,44162,32813
33145,44156,32839
33140,44125,32858
33205,44100,32853
33360,44116,32849
33352,44068,32847
33340,44140,32814
33534,44167,32847
33460,44189,32820
33488,44176,32815
33456,44180,32802
33401,44183,32801
33220,44150,32806
33012,44113,32821
32908,44109,32819
33044,44140,32815
33120,44150,32895
33181,44191,32852
33108,44220,32858
33152,44212,32935
33180,44198,32943
33136,44190,32903
33088,44158,32948
33209,44140,32947
33052,44159,32919
33000,44105,32899
33164,44149,32938
33221,44204,32869
33300,44231,32829
33332,44230,32855
33240,44215,32831
33196,44212,32850
33096,44187,32839
33132,44167,32828
33112,44165,32840
33052,44180,32844
32909,44181,32824
32917,44231,32821
33092,44192,32820
33228,44197,32833
33344,44236,32829
33288,44228,32852
33230,44164,32847
33108,44180,32863
33072,44189,32844
32961,44140,32821
32936,44196,32823
33092,44235,32812
33136,44260,32880
33152,44247,32951
33152,44247,32925
33016,44239,32928
33036,44213,32921
32912,44193,32857
32916,44197,32855
33116,44201,32844
33017,44215,32859
32996,44215,32895
32976,44252,32895
33052,44263,32848
32936,44263,32858
32986,44258,32908
33097,44221,32938
33148,44199,33014
33044,44207,32968
32997,44216,32933
33060,44167,32928
33230,44256,32967
33156,44277,32948
32960,44279,32945
32580,44269,33012
31832,44276,33052
30832,44232,33104
29776,44228,33076
29000,44232,33080
28340,44173,33085
27812,44204,33137
27440,44271,33145
27248,44295,33157
27337,44285,33167
27956,44282,33159
28920,44216,33171
30768,44244,33133
33497,44212,33085
36816,44215,33119
40300,44194,33097
43516,44204,33100
46136,44240,33180
47680,44252,33247
48596,44261,33233
48456,44255,33197
47372,44241,33153
45792,44201,33188
44748,44191,33161
43564,44200,33231
42588,44180,33298
41912,44209,33252
41192,44252,33212
40288,44271,33234
39070,44269,33223
37975,44254,33319
36840,44277,33287
35652,44220,33263
34536,44218,33287
33420,44231,33272
32608,44194,33388
32124,44255,33436
31744,44276,33405
31432,44300,33375
31352,44289,33425
31244,44228,33449
31102,44279,33487
30984,44239,33500
30884,44236,33508
30737,44225,33543
30713,44231,33605
30668,44225,33652
30593,44284,33764
30557,44302,33763
30540,44295,33799
30508,44293,33777
30464,44276,33847
30460,44244,33874
30472,44199,33916
30428,44215,33951
30424,44241,33982
30456,44247,34023
30476,44276,34118
30532,44295,34148
30588,44290,34184
30629,44287,34180
30640,44276,34223
30613,44238,34265
30624,44223,34309
30544,44221,34358
30549,44231,34405
30605,44234,34439
30736,44277,34500
30924,44293,34540
31037,44234,34586
31084,44285,34630
31052,44271,34661
30974,44189,34743
30980,44212,34823
31024,44226,34888
31036,44228,34948
31020,44184,34989
31012,44276,35055
30856,44277,35105
30748,44279,35137
30696,44279,35189
30712,44218,35246
30633,44189,35288
30488,44215,35350
30484,44219,35446
30456,44225,35501
30422,44232,35567
30456,44268,35609
30532,44292,35655
30576,44280,35719
30612,44265,35775
30568,44268,35820
30508,44223,35887
30313,44212,35948
30284,44167,35996
30256,44223,36064
30132,44224,36135
30296,44263,36195
30356,44223,36257
30319,44261,36324
30220,44269,36385
30220,44241,36440
30304,44211,36511
30336,44198,36580
30388,44167,36642
30506,44212,36700
30480,44216,36753
30460,44255,36823
30617,44271,36895
30572,44261,36964
30524,44249,37039
30509,44181,37093
30336,44207,37160
30197,44193,37204
30164,44191,37279
30088,44199,37335
30082,44221,37376
30208,44200,37438
30320,44269,37495
30216,44245,37548
30028,44244,37600
29792,44231,37657
29488,44204,37747
29444,44188,37798
29600,44183,37863
29789,44189,37923
30024,44208,37991
30193,44244,38048
30284,44189,38119
30124,44189,38150
30068,44179,38181
30062,44212,38228
30048,44183,38279
30072,44183,38352
30024,44176,38444
30048,44185,38501
30104,44195,38556
30213,44209,38612
30300,44231,38660
30408,44228,38716
30482,44160,38773
30644,44205,38831
30872,44167,38884
31052,44156,38877
31306,44092,38914
31572,44154,38968
31729,44165,39016
31808,44184,39071
31884,44160,39133
32012,44202,39214
32096,44188,39285
32308,44173,39350
32438,44140,39407
32512,44133,39444
32726,44074,39489
32924,44080,39527
33004,44132,39569
33032,44173,39569
33152,44167,39637
33304,44167,39695
33344,44165,39760
33312,44151,39807
33292,44125,39844
33256,44110,39892
33276,44105,39911
33348,44117,39941
33292,44125,39997
33181,44148,40036
33112,44162,39983
33108,44124,39995
33132,44149,40039
33196,44140,40121
33148,44096,40167
33009,44080,40191
32992,44025,40253
33164,44055,40301
33205,44087,40325
33188,44132,40327
33208,44146,40329
33308,44135,40412
33405,44125,40450
33432,44062,40465
33420,44079,40484
33388,44053,40576
33388,44063,40573
33360,44008,40599
33308,44087,40640
33346,44109,40604
33304,44124,40583
33189,44096,40652
33148,44103,40740
33068,44090,40729
32977,44059,40768
32990,44039,40664
33004,44039,40807
33100,44022,40812
33153,44062,40819
33232,44093,40766
33222,44104,40769
33060,44103,40896
33132,44092,40878
32864,44068,40904
32814,44038,40935
32840,44031,40804
32942,44030,40944
33012,43972,40932
33157,44055,40936
33252,44072,40960
33292,44079,40967
33268,44087,40887
33176,44068,40900
33121,44039,41004
33112,44016,41036
33032,44006,41004
32900,44007,41023
32916,44012,40991
33044,44014,40996
33092,44060,41015
33116,44060,41018
33096,44068,41031
33056,44030,40909
32958,44039,40904
32864,44012,41036
32820,43951,41028
32752,43999,41037
32784,44004,41034
32798,44008,41025
32814,44052,40997
32852,44061,40996
32782,44039,40988
32720,44030,41020
32828,43975,40920
32756,43988,40868
32668,43980,40870
32696,43987,40879
32737,43988,40901
32756,44005,40920
32864,44024,40945
32844,44039,40920
32744,44039,40923
32652,44029,40911
32576,43997,40903
32569,43974,40844
32448,43964,40822
32356,43975,40788
32272,43948,40781
32064,43989,40756
32232,44022,40732
32384,44036,40716
32452,44015,40679
32404,44018,40647
32276,43990,40636
32192,43966,40596
32140,43948,40441
32217,43945,40489
32313,43956,40476
32448,43959,40440
32604,44000,40391
32616,44017,40356
32660,44005,40260
32704,43996,40220
32668,43984,40218
32584,43897,40199
32632,43935,40180
32660,43935,40110
32631,43901,40096
32696,43951,39953
32720,43983,39943
32780,43945,39934
32844,43993,39935
32760,43973,39881
32692,43956,39835
32644,43929,39806
32604,43911,39663
32636,43911,39613
32624,43919,39607
32886,43881,39621
33048,43962,39566
33085,43973,39520
33160,43967,39500
33188,43911,39350
33156,43935,39378
33137,43903,39348
33184,43834,39286
33176,43893,39266
33144,43897,39225
33156,43911,39175
33168,43935,39137
33224,43908,38993
33260,43934,39012
33241,43941,39004
33180,43911,38939
33108,43887,38880
33005,43875,38852
32960,43847,38764
32892,43871,38687
32888,43889,38661
32904,43923,38676
32980,43921,38608
33040,43919,38565
32966,43909,38535
32791,43894,38494
32492,43862,38372
32005,43853,38327
31328,43863,38300
30420,43856,38268
29561,43879,38215
28832,43909,38188
28047,43879,38151
27406,43898,38079
26744,43905,38044
26588,43884,37991
26988,43783,37895
27920,43833,37890
29812,43837,37837
32128,43812,37780
34680,43845,37733
37692,43872,37632
40992,43878,37605
44136,43844,37572
46220,43831,37517
47372,43820,37460
47428,43774,37420
46316,43772,37380
44212,43783,37321
42456,43796,37271
41244,43821,37221
40160,43849,37172
39308,43844,37127
38910,43841,37092
38584,43833,37017
38232,43820,36980
37672,43783,36953
37040,43764,36932
36373,43775,36884
35729,43745,36844
35108,43799,36811
34544,43836,36781
33976,43844,36726
33288,43839,36696
32760,43783,36661
32328,43803,36639
31913,43773,36615
31632,43767,36604
31436,43773,36590
31389,43772,36581
31381,43783,36580
31244,43823,36596
31288,43815,36591
31304,43815,36581
31220,43756,36588
31148,43783,36582
31224,43745,36577
31228,43743,36564
31148,43693,36572
31102,43751,36598
31170,43764,36599
31324,43791,36596
31422,43757,36597
31526,43805,36604
31500,43783,36604
31496,43764,36599
31448,43739,36572
31409,43719,36581
31388,43725,36594
31364,43671,36590
31457,43747,36577
31472,43775,36565
31504,43783,36547
31468,43772,36553
31476,43751,36551
31529,43750,36522
31588,43717,36516
31628,43695,36495
31632,43700,36468
31674,43647,36468
31700,43719,36474
31860,43744,36461
31900,43700,36447
31917,43748,36422
31888,43735,36405
31744,43719,36391
31704,43676,36372
31668,43679,36356
31636,43676,36330
31588,43679,36314
31637,43711,36308
31740,43740,36301
31821,43733,36287
31805,43733,36271
31796,43717,36245
31700,43701,36228
31529,43668,36181
31436,43663,36188
31420,43669,36183
31408,43663,36177
31440,43637,36169
31505,43717,36141
31436,43712,36133
31340,43716,36111
31336,43662,36080
31280,43703,36076
31161,43655,36087
31096,43655,36069
31033,43599,36068
30956,43652,36052
31028,43676,36036
31068,43710,36045
31060,43711,36039
30986,43708,36020
30852,43693,36009
30776,43668,35997
30736,43593,36007
30720,43643,35981
30749,43647,35975
30796,43649,35906
30788,43612,35961
30748,43673,35972
30756,43698,35959
30664,43699,35945
30614,43692,35940
30544,43673,35926
30500,43621,35917
30444,43629,35910
30520,43613,35887
30660,43655,35874
30658,43655,35877
30728,43687,35861
30856,43687,35860
30833,43684,35842
30853,43622,35832
30840,43647,35825
30758,43633,35818
30724,43625,35815
30853,43628,35803
31068,43639,35780
31241,43652,35775
31364,43687,35762
31420,43687,35732
31504,43669,35725
31572,43677,35719
31688,43653,35692
31689,43615,35670
31708,43606,35671
31860,43622,35671
32008,43636,35655
32104,43633,35640
32284,43671,35628
32356,43684,35577
32388,43681,35572
32522,43676,35555
32584,43605,35551
32632,43629,35533
32736,43615,35512
32800,43615,35496
32940,43599,35485
33053,43637,35495
33277,43677,35471
33456,43684,35460
33430,43627,35444
33400,43677,35409
33424,43647,35415
33456,43625,35392
33518,43607,35367
33508,43613,35355
33532,43623,35326
33648,43644,35311
33693,43676,35288
33728,43695,35260
33724,43683,35236
33684,43684,35231
33752,43615,35196
33836,43620,35162
33868,43618,35108
33916,43628,35084
33940,43628,35066
33992,43655,35035
34038,43685,35013
34024,43668,34988
33940,43685,34973
33880,43677,34917
33800,43671,34880
33632,43623,34844
33628,43631,34809
33660,43636,34785
33768,43645,34757
33881,43668,34724
34017,43647,34628
34080,43705,34708
33996,43699,34677
33964,43692,34644
33896,43671,34622
33804,43647,34576
33809,43644,34567
33808,43655,34531
33797,43655,34527
33812,43645,34490
33784,43727,34435
33736,43733,34439
33724,43725,34404
33632,43721,34388
33636,43709,34358
33684,43673,34324
33668,43671,34293
33696,43624,34260
33680,43671,34242
33735,43697,34236
33808,43745,34175
33820,43756,34113
33776,43751,34084
33804,43736,34108
33685,43733,34089
33564,43700,34085
33508,43701,34085
33484,43709,34070
33472,43719,34055
33540,43741,33988
33612,43780,33961
33572,43796,33950
33552,43783,33927
33496,43777,33917
33504,43759,33916
33436,43743,33884
33348,43721,33868
33284,43748,33903
33292,43751,33924
33416,43781,33867
33492,43812,33834
33434,43783,33823
33420,43815,33821
33316,43832,33799
33280,43813,33799
33196,43781,33799
33192,43772,33791
33188,43790,33759
33240,43809,33747
33200,43800,33710
33164,43879,33753
33146,43876,33780
33124,43879,33744
33156,43883,33704
33149,43815,33652
33100,43835,33649
33060,43833,33612
33108,43844,33617
33140,43860,33584
33200,43887,33569
33236,43918,33543
33236,43941,33556
33184,43945,33532
33276,43925,33495
33285,43921,33460
33264,43888,33516
33309,43900,33532
33381,43908,33511
33433,43886,33452
33372,43959,33407
33356,43989,33390
33444,44015,33348
33604,43996,33420
33668,44006,33380
33540,43992,33377
33440,43972,33388
33344,43959,33311
33274,43924,33304
33216,43984,33284
33256,44032,33287
33344,44071,33287
33460,44076,33279
33488,44073,33244
33456,44095,33237
33384,44060,33245
33394,44039,33224
33292,44055,33208
33232,44076,33204
33280,44093,33206
33332,44125,33188
33364,44152,33169
33440,44121,33158
33469,44173,33255
33508,44167,33249
33422,44167,33180
33365,44127,33167
33344,44135,33151
33342,44164,33118
33253,44189,33135
33309,44167,33190
33408,44212,33197
33476,44262,33197
33344,44260,33119
33284,44285,33140
33232,44260,33127
33168,44227,33129
33068,44256,33084
32973,44271,33206
32916,44237,33097
32913,44325,33119
32724,44365,33094
32232,44384,33175
31512,44374,33173
30522,44415,33086
29536,44381,33106
28700,44311,33068
27978,44377,33153
27486,44383,33080
26980,44353,33091
26852,44439,33082
27076,44480,33063
27840,44506,33035
29176,44455,33165
31352,44510,33061
34352,44496,33060
37952,44470,33140
41748,44474,33045
45060,44470,33043
47600,44486,33121
49082,44510,33040
49676,44551,33071
48916,44572,33072
47076,44583,33015
45172,44599,33081
44253,44575,33151
43120,44543,33055
42212,44572,33028
41580,44596,33045
40888,44612,33028
39972,44646,32982
38976,44679,33116
38072,44671,33001
37044,44721,32973
35972,44728,33086
34897,44711,33018
33837,44697,32977
32944,44695,32968
32184,44725,32996
31656,44700,32938
31304,44788,33080
31239,44820,32976
31188,44828,32997
31028,44828,32975
30820,44845,33061
30666,44820,33022
30594,44807,33012
30464,44804,32972
30428,44821,33128
30432,44847,33007
30558,44833,33057
30701,44903,33031
30784,44916,33092
30840,44925,33166
30840,44933,33108
30772,44904,33104
30668,44845,33064
30542,44889,33167
30572,44909,33106
30685,44861,33150
30756,44959,33115
30764,44994,33228
30880,45009,33255
30946,44956,33204
30916,45013,33153
30848,44997,33149
30846,44974,33172
30752,44919,33125
30812,44996,33244
30908,45002,33250
31044,45009,33149
31148,45063,33159
31192,45024,33202
31204,45087,33241
31180,45103,33135
31128,45017,33167
31044,45040,33101
31040,45053,33241
31012,45008,33221
31012,45087,33196
31073,45110,33111
31180,45156,33103
31204,45159,33127
31194,45169,33103
31152,45167,33051
31072,45147,33041
31004,45124,33159
30952,45095,33127
30940,45139,33045
30969,45151,33041
30892,45189,33052
30922,45172,33055
31004,45244,33047
30948,45224,33013
30800,45244,32980
30660,45184,32965
30496,45157,32967
30548,45191,32967
30526,45207,33052
30440,45221,33113
30388,45263,33117
30464,45295,33127
30452,45303,33133
30288,45302,33037
30176,45303,33051
30172,45293,33024
30076,45255,33010
30029,45266,33013
30064,45285,33165
30088,45301,33156
30052,45319,33095
30093,45364,33084
30124,45311,33129
29928,45364,33129
29800,45366,33105
29756,45343,33095
29636,45261,33105
29560,45335,33116
29632,45340,33164
29662,45356,33269
29676,45336,33301
29716,45428,33305
29808,45412,33279
29760,45425,33248
29692,45438,33205
29632,45413,33234
29588,45319,33188
29568,45392,33281
29585,45391,33336
29652,45405,33342
29772,45444,33337
29864,45476,33333
29860,45493,33303
29820,45477,33198
29820,45479,33233
29904,45405,33223
30056,45445,33223
30148,45434,33207
30269,45447,33164
30556,45447,33135
30792,45490,33172
30980,45516,33263
31124,45469,33159
31212,45535,33109
31452,45523,33096
31796,45501,33119
32094,45468,33109
32245,45423,33117
32284,45447,33068
32528,45500,33060
32637,45531,33041
32816,45557,33028
33056,45565,33036
33200,45570,33007
33228,45496,32990
33265,45545,32952
33452,45508,32925
33544,45511,33067
33616,45527,33029
33716,45533,32956
33708,45567,32879
33824,45584,32903
33872,45541,32895
33912,45604,32812
33936,45599,32951
33984,45568,32911
33972,45545,32834
33924,45542,32775
34008,45548,32723
34120,45570,32697
34100,45588,32716
34108,45631,32630
34124,45590,32684
34094,45624,32655
34009,45623,32727
33928,45588,32603
33888,45575,32536
33904,45561,32526
33902,45575,32543
33928,45596,32509
34032,45629,32476
34124,45648,32455
34137,45663,32589
34092,45647,32572
34028,45646,32527
33888,45575,32492
33724,45607,32439
33648,45607,32378
33584,45613,32382
33572,45624,32389
33684,45644,32325
33821,45679,32292
33920,45685,32484
33980,45687,32417
34016,45671,32463
34005,45606,32384
33924,45634,32388
33884,45617,32293
33848,45638,32293
33904,45642,32249
33856,45676,32207
33908,45703,32192
33816,45703,32196
33668,45703,32199
33604,45649,32169
33692,45669,32164
33700,45652,32158
33700,45639,32125
33684,45668,32109
33680,45605,32179
33664,45700,32290
33624,45732,32272
33608,45719,32204
33536,45724,32100
33566,45648,32087
33552,45690,32087
33528,45659,32110
33516,45653,32076
33432,45676,32070
33488,45677,32049
33548,45700,32007
33628,45687,31996
33564,45737,32000
33476,45721,32052
33512,45727,32040
33448,45700,32037
33445,45668,31966
33368,45671,31929
33380,45684,31938
33368,45685,31940
33264,45663,31921
33293,45744,31905
33257,45751,32007
33244,45701,32111
33304,45743,32103
33237,45709,32095
33104,45679,32064
32928,45684,32092
32848,45687,32076
32876,45703,31941
33064,45718,31950
33336,45757,31916
33480,45765,31902
33468,45759,31908
33412,45751,31870
33420,45719,31870
33397,45637,31909
33304,45693,32057
33396,45703,32014
33370,45685,32028
33508,45735,31920
33536,45713,31936
33460,45765,31934
33368,45764,31995
33336,45759,31940
33304,45733,31856
33316,45700,31849
33320,45703,32025
33460,45703,31952
33544,45679,31916
33496,45748,31836
33536,45775,31957
33512,45725,31959
33436,45757,31923
33396,45761,31860
33348,45671,31826
33228,45699,32031
33268,45640,31872
33208,45718,31832
33220,45717,32020
33264,45757,31858
33312,45764,31903
33352,45772,31857
33364,45767,31953
33400,45764,31961
33380,45728,31852
33316,45703,31892
33314,45695,31832
33360,45660,31847
33320,45719,31984
33344,45741,31940
33336,45773,31853
33300,45779,31845
33296,45743,31889
33244,45756,31815
33264,45716,31951
33326,45703,31975
33390,45700,31952
33324,45703,31879
33144,45703,31926
33136,45749,31855
33465,45756,32069
33524,45772,31946
33342,45759,31917
33212,45756,31951
33028,45703,31940
32682,45700,31884
32020,45702,32079
31148,45703,32049
30212,45716,31959
29404,45748,31988
28704,45764,31931
28056,45781,32037
27412,45718,32032
27032,45759,32159
26997,45729,32023
27376,45628,32002
28380,45697,32060
30388,45698,32007
33248,45703,31988
36844,45724,32204
40560,45752,32052
43864,45708,32032
46640,45727,32201
48496,45725,32065
49516,45679,32116
49192,45665,32044
47904,45660,32245
46452,45659,32231
45492,45679,32124
44520,45703,32144
43560,45717,32086
42932,45712,32222
42188,45717,32176
40881,45708,32137
39572,45700,32124
38404,45660,32076
37188,45669,32284
36060,45679,32136
35020,45645,32177
34064,45721,32103
33120,45743,32304
32376,45749,32180
31896,45741,32204
31682,45737,32208
31420,45700,32168
31152,45671,32321
30932,45617,32261
30925,45677,32290
30924,45693,32239
30824,45655,32236
30800,45735,32374
30692,45735,32343
30648,45735,32318
30684,45732,32334
30680,45691,32482
30700,45671,32382
30789,45666,32365
30884,45619,32537
31024,45676,32482
31132,45713,32423
31196,45724,32399
31256,45729,32596
31144,45716,32639
31208,45703,32580
31172,45687,32549
31008,45644,32567
30944,45639,32609
30984,45663,32604
30920,45657,32580
30932,45689,32764
31082,45669,32638
31072,45703,32687
31066,45703,32673
31166,45703,32637
31204,45661,32823
31144,45630,32685
31220,45644,32664
31281,45653,32837
31212,45599,32748
31175,45676,32743
31254,45661,32708
31113,45700,32867
31086,45679,32805
31152,45684,32741
31008,45642,32783
30922,45627,32722
30849,45616,32874
30860,45629,32784
30912,45629,32793
31020,45613,32735
31128,45687,32916
31136,45671,32775
31128,45666,32804
31048,45604,32760
30956,45628,32932
30712,45607,32813
30557,45567,32833
30548,45607,32775
30592,45604,32937
30516,45607,32860
30580,45668,32829
30549,45655,32848
30493,45657,32889
30453,45639,32999
30392,45615,32911
30244,45529,32865
30136,45540,32885
30124,45597,32906
30022,45594,32921
30032,45633,32879
29866,45588,32982
29868,45652,32980
29844,45639,32958
29713,45636,33037
29644,45588,33051
29535,45575,32963
29476,45519,33005
29312,45575,32979
29324,45575,32964
29324,45615,33063
29364,45568,33124
29518,45639,33055
29524,45631,33004
29449,45623,33041
29332,45558,32995
29240,45559,33010
29154,45548,33129
29118,45563,33021
29002,45554,33063
29136,45596,33041
29196,45612,33017
29139,45607,33069
29170,45596,33127
29196,45591,33034
29216,45561,33004
29120,45537,33053
29148,45533,33132
29320,45532,33021
29416,45536,33031
29536,45567,33004
29695,45599,33143
29860,45575,33070
30076,45575,32988
30210,45575,33008
30458,45535,33014
30658,45454,32983
30868,45503,32931
31068,45511,32925
31232,45516,32911
31428,45537,32981
31729,45556,33045
31896,45541,32916
32172,45552,32903
32404,45541,32917
32640,45507,32917
32813,45476,32908
32901,45484,32893
33004,45492,32863
33045,45423,32837
33108,45518,32799
33328,45540,32945
33532,45481,32860
33560,45527,32796
33685,45512,32808
33728,45484,32770
33740,45461,32820
33761,45445,32840
33868,45454,32718
33984,45448,32727
34060,45492,32653
34120,45524,32628
34124,45508,32645
34068,45501,32753
33984,45492,32644
33932,45463,32580
33880,45423,32585
33856,45429,32569
34029,45436,32479
34092,45438,32477
34048,45472,32588
33973,45436,32575
33976,45484,32525
34084,45481,32399
34102,45469,32392
33956,45436,32375
33882,45420,32367
33820,45406,32295
33836,45412,32439
34008,45421,32356
34090,45447,32281
34100,45423,32247
34088,45471,32257
34020,45461,32263
33920,45457,32227
33952,45415,32222
33876,45383,32217
33838,45391,32205
33940,45412,32125
33924,45415,32263
33969,45420,32154
34056,45459,32121
34060,45447,32101
33956,45447,32088
33937,45430,32111
33908,45397,32034
33856,45385,32007
33816,45371,32064
33768,45391,32156
33720,45383,32169
33792,45420,32119
33756,45444,32076
33792,45436,32049
33808,45423,31964
33772,45423,31990
33728,45383,31961
33640,45360,31897
33544,45356,31885
33528,45379,32048
33628,45377,31948
33612,45397,31930
33697,45421,31853
33673,45431,32007
33661,45413,32025
33744,45406,31917
33520,45372,31887
33397,45341,31849
33428,45349,31837
33436,45359,31836
33384,45308,31870
33448,45395,31820
33640,45405,31810
33652,45398,31789
33660,45388,31791
33709,45388,31776
33728,45316,31759
33720,45311,31793
33652,45326,31807
33616,45335,31761
33620,45332,31740
33652,45383,31929
33706,45354,31948
33684,45388,31932
33572,45383,31940
33456,45373,31833
33388,45296,31791
33256,45319,31783
33180,45317,31772
33184,45311,31782
33158,45319,31801
33212,45369,31812
33232,45345,31785
33236,45382,31770
33304,45368,31762
33326,45361,31751
33233,45319,31769
33204,45309,31797
33157,45301,31764
33196,45252,31740
33260,45255,31794
33212,45356,31769
33268,45366,31807
33340,45357,31751
33352,45349,31765
33232,45344,31751
33100,45317,31751
33112,45237,31741
33236,45299,31663
33360,45290,31860
33492,45300,31839
33528,45335,31772
33549,45351,31716
33550,45359,31700
33460,45351,31700
33416,45346,31730
33364,45247,31781
33292,45279,31720
33284,45276,31665
33428,45295,31685
33610,45287,31655
33516,45284,31631
33549,45355,31652
33584,45333,31743
33556,45319,31746
33463,45319,31748
33328,45236,31676
33296,45263,31623
33324,45255,31588
33424,45258,31620
33428,45279,31583
33398,45309,31613
33576,45268,31637
33553,45319,31604
33600,45312,31591
33660,45302,31591
33496,45258,31652
33344,45255,31638
33316,45252,31641
33217,45241,31594
33284,45254,31640
33456,45289,31631
33392,45260,31589
33288,45317,31558
33364,45295,31772
33404,45247,31620
33300,45253,31678
33210,45213,31597
33220,45221,31668
33089,45231,31745
32704,45239,31659
32060,45253,31700
31376,45280,31622
30488,45284,31776
29564,45282,31759
28820,45247,31680
28044,45239,31686
27408,45232,31686
26868,45229,31717
26681,45236,31744
26732,45175,31749
27325,45271,31756
28584,45285,31692
31026,45284,31656
34368,45265,31777
38156,45263,31900
41688,45196,31900
44744,45183,31868
47212,45181,31775
48936,45160,31764
49765,45180,31768
49080,45209,31767
47884,45236,31766
46700,45223,31776
45920,45212,31780
44688,45221,31788
43712,45172,31781
43004,45164,31831
41900,45126,31918
40480,45167,31940
39220,45167,31783
38024,45220,31748
36824,45232,31751
35540,45240,31829
34336,45237,31807
33232,45231,31930
32375,45191,31959
31756,45172,31956
31417,45175,31782
31134,45176,31823
30928,45188,31891
30864,45223,31900
30796,45181,32012
30696,45212,31994
30560,45217,31858
30392,45228,31860
30416,45175,31884
30468,45156,31901
30376,45146,31973
30220,45165,31959
30284,45175,31968
30321,45189,31984
30469,45223,32006
30512,45221,32022
30600,45197,32048
30564,45199,32062
30550,45151,32111
30516,45137,32189
30473,45140,32157
30465,45150,32046
30516,45149,32062
30556,45181,32082
30640,45202,32093
30720,45191,32074
30596,45191,32247
30692,45183,32273
30808,45149,32193
30784,45125,32154
30820,45116,32188
30836,45127,32154
30956,45127,32197
30996,45160,32292
31036,45127,32263
31176,45165,32157
31204,45175,32172
31148,45151,32135
31088,45120,32097
30980,45100,32085
30956,45087,32111
30964,45109,32095
30872,45055,32167
30908,45149,32175
30988,45173,32167
30885,45151,32263
30796,45144,32263
30704,45128,32214
30648,45106,32176
30608,45017,32128
30588,45076,32199
30568,45079,32254
30544,45078,32242
30504,45125,32185
30528,45140,32172
30528,45114,32122
30392,45129,32132
30272,45117,32084
30144,45063,32081
30112,45063,32095
30165,45060,32105
29936,45035,32121
29960,45063,32135
29964,45107,32132
30032,45122,32121
30028,45121,32093
29952,45059,32134
29888,45101,32249
29797,45061,32263
29572,45049,32279
29484,45037,32257
29460,45044,32261
29471,45044,32220
29402,45084,32225
29512,45109,32161
29468,45108,32208
29228,45092,32175
29216,45087,32147
29168,45045,32144
29112,45008,32329
29052,45029,32241
28976,45028,32263
28967,45033,32233
28993,45063,32210
28988,45030,32205
28904,45028,32273
28836,45079,32197
28752,45060,32237
28724,45028,32204
28716,44945,32180
28748,45003,32335
28836,45010,32212
28840,45019,32206
28844,44980,32198
28950,45063,32221
29024,45052,32230
29160,45036,32231
29264,45030,32225
29336,44999,32227
29444,44941,32173
29620,44977,32162
29748,44972,32290
29925,44988,32303
30296,44981,32182
30617,45033,32217
30913,45017,32165
31028,45015,32212
31164,44959,32295
31456,44965,32204
31748,44932,32273
32049,44932,32297
32236,44957,32272
32388,44956,32223
32580,44976,32157
32852,45007,32122
33044,44988,32125
33128,44980,32132
33340,44964,32134
33492,44924,32123
33588,44903,32117
33580,44911,32101
33660,44916,32056
33760,44919,32025
33920,44900,32104
33956,44967,32164
33932,44959,32136
33900,44935,32007
34020,44881,32007
34156,44895,31981
34100,44871,32029
34077,44870,32071
34044,44837,32031
34117,44888,32076
34288,44919,32036
34252,44924,31997
34232,44927,31878
34300,44916,31895
34256,44847,31892
34248,44867,31879
34193,44839,31908
34149,44847,31820
34181,44807,31849
34112,44852,31799
34132,44880,31917
34192,44903,31917
34192,44845,31921
34120,44860,31916
34052,44879,31872
33928,44833,31812
33916,44807,31732
33920,44758,31783
33924,44817,31724
33996,44829,31684
34018,44852,31677
34056,44813,31857
33920,44864,31797
33880,44849,31711
33919,44844,31712
33920,44799,31744
33848,44741,31700
33844,44788,31660
33873,44783,31780
33822,44796,31831
33824,44833,31726
33872,44797,31692
33936,44837,31716
33893,44807,31701
33888,44756,31765
33836,44775,31825
33784,44757,31713
33696,44695,31698
33600,44752,31735
33536,44767,31664
33532,44798,31662
33588,44807,31656
33608,44807,31855
33632,44783,31777
33588,44783,31695
33452,44693,31717
33372,44719,31750
33460,44717,31684
33518,44724,31733
33584,44685,31772
33740,44773,31852
33952,44773,31849
33868,44772,31868
33772,44765,31824
33749,44732,31729
33740,44711,31735
33692,44679,31777
33537,44685,31695
33500,44699,31825
33616,44708,31883
33704,44737,31783
33760,44758,31848
33805,44703,31762
33776,44716,31764
33720,44716,31773
33660,44677,31798
33437,44655,31821
33388,44664,31810
33481,44661,31805
33492,44673,31782
33652,44653,31809
33704,44710,31836
33728,44719,31809
33624,44711,31761
33616,44687,31951
33636,44653,31826
33532,44630,31833
33456,44575,31828
33438,44633,31791
33572,44655,31781
33680,44679,31960
33644,44687,31879
33593,44625,31825
33640,44661,31820
33644,44655,31845
33608,44623,31854
33576,44541,31811
33624,44599,31982
33652,44597,31924
33704,44609,31856
33680,44594,31854
33680,44660,31879
33532,44647,31889
33376,44637,31868
33284,44619,31852
33431,44589,31841
33441,44570,31913
33376,44551,31996
33404,44570,31879
33416,44581,31902
33412,44612,31916
33444,44620,31864
33484,44623,31869
33445,44605,31863
33296,44599,32044
33336,44551,31900
33349,44536,31901
33216,44538,31939
33120,44539,31927
33136,44509,31892
33189,44581,31972
33208,44588,32049
33376,44578,32023
33340,44571,31945
33278,44551,31966
33244,44522,31916
33113,44500,31996
33012,44505,32063
33016,44519,31951
33028,44527,31958
33196,44550,31949
33280,44575,32116
33305,44551,32071
33288,44551,32004
33268,44484,31995
33248,44499,31981
33220,44480,32070
33214,44473,32139
33236,44479,32004
33312,44503,32006
33308,44526,32061
33304,44541,32089
33208,44527,32108
33149,44530,32021
33040,44500,32072
32990,44460,32064
32964,44445,32052
32972,44453,32041
32928,44415,32055
32976,44471,32189
33004,44503,32152
33061,44471,32081
33024,44500,32111
32960,44497,32085
32924,44487,32070
32844,44441,32150
32645,44367,32199
32657,44433,32111
32701,44430,32105
32736,44445,32113
32768,44421,32134
32695,44488,32144
32720,44477,32099
32716,44445,32231
32708,44448,32240
32741,44412,32141
32800,44396,32109
32850,44355,32120
32752,44407,32140
32788,44420,32090
32932,44432,32256
32960,44455,32165
33016,44453,32141
32984,44445,32149
32960,44391,32143
32896,44389,32145
32732,44369,32129
32708,44367,32117
32852,44381,32085
33044,44395,32232
33096,44407,32244
33044,44393,32236
32966,44407,32226
32936,44416,32215
33040,44399,32236
33060,44353,32221
33052,44341,32170
32917,44340,32168
32892,44295,32180
32936,44364,32144
32952,44391,32091
33112,44405,32103
33156,44348,32102
33172,44391,32138
33216,44367,32085
33120,44313,32081
32948,44319,32178
32976,44327,32241
32918,44269,32198
32977,44332,32108
32956,44359,32143
32920,44325,32106
32988,44373,32220
33073,44365,32216
32984,44310,32176
33012,44295,32127
32953,44295,32204
32892,44263,32286
32904,44295,32295
32932,44311,32297
32832,44308,32252
32866,44352,32189
32801,44345,32223
32608,44319,32206
32124,44324,32185
31288,44277,32279
30244,44276,32359
29274,44270,32341
28684,44276,32292
27952,44295,32372
27386,44324,32381
26736,44349,32367
26448,44332,32375
26521,44332,32391
27104,44271,32361
28399,44284,32324
31040,44260,32262
34540,44249,32270
38376,44252,32316
41944,44224,32326
45280,44268,32310
48028,44271,32292
49772,44256,32263
50496,44253,32261
49768,44245,32343
48096,44213,32421
46252,44189,32356
45132,44204,32385
43908,44215,32361
42972,44223,32324
42244,44257,32297
41556,44264,32292
40424,44268,32317
39180,44269,32303
37980,44228,32300
36728,44221,32285
35436,44205,32303
34376,44213,32307
33572,44220,32310
32712,44241,32304
31988,44265,32298
31629,44221,32288
31204,44269,32289
30872,44260,32334
30733,44255,32353
30536,44221,32373
30324,44165,32380
30340,44200,32367
30428,44205,32347
30388,44213,32428
30481,44261,32493
30576,44269,32424
30554,44256,32437
30548,44246,32472
30380,44223,32515
30337,44199,32477
30396,44125,32440
30500,44188,32492
30573,44181,32484
30672,44209,32454
30800,44231,32461
30806,44236,32527
30773,44236,32623
30717,44228,32558
30736,44198,32517
30808,44188,32549
30816,44101,32559
30816,44167,32519
30788,44167,32604
30836,44183,32652
30904,44157,32631
30836,44221,32606
30728,44209,32525
30801,44201,32539
30884,44197,32537
31153,44140,32503
31228,44141,32511
31040,44148,32489
30996,44159,32519
30977,44162,32507
30964,44141,32492
30928,44213,32480
30812,44193,32479
30764,44191,32450
30732,44167,32428
30761,44143,32415
30844,44116,32439
30868,44131,32418
30932,44135,32421
31016,44151,32396
31109,44159,32391
31040,44181,32361
30997,44180,32366
30880,44167,32354
30756,44159,32360
30596,44071,32344
30540,44119,32372
30432,44108,32335
30456,44117,32321
30492,44136,32329
30492,44164,32316
30436,44108,32324
30280,44108,32327
30181,44145,32329
30176,44143,32361
30108,44103,32360
30008,44089,32353
29948,44093,32417
29892,44104,32393
29816,44072,32436
29852,44155,32519
29825,44156,32504
29852,44156,32466
29712,44142,32508
29636,44128,32499
29424,44039,32497
29193,44087,32425
29120,44083,32453
29108,44031,32432
29208,44104,32420
29281,44132,32415
29328,44137,32413
29133,44143,32420
29004,44132,32430
29012,44086,32519
28884,44078,32566
28784,44061,32543
28784,44069,32591
28768,44020,32487
28772,44037,32480
28852,44118,32508
28908,44121,32517
28960,44115,32514
28996,44113,32484
28896,44063,32504
28848,44055,32564
28704,44039,32585
28748,44039,32568
28828,44039,32471
28917,44039,32489
29076,44100,32483
29262,44102,32436
29372,44110,32426
29426,44087,32415
29560,44020,32484
29740,44029,32478
29864,44020,32535
29996,44026,32488
30356,44028,32460
30609,43997,32388
31000,44071,32414
31384,44068,32407
31724,44068,32344
31964,44039,32415
32160,44039,32445
32300,43999,32380
32388,43996,32318
32532,43982,32297
32889,44001,32279
33216,44007,32297
33336,44039,32222
33424,44037,32277
33556,44033,32317
33756,44020,32313
33772,44012,32304
33748,43978,32260
33654,43933,32188
33588,43973,32138
33684,43961,32167
33948,43984,32159
34128,43975,32103
34288,44025,32098
34456,44012,32055
34532,44007,32165
34588,43991,32160
34594,43949,32060
34516,43940,32021
34500,43900,32035
34476,43936,32038
34512,43957,32016
34592,43996,31989
34596,43999,31944
34548,43979,32007
34608,43983,32015
34548,43958,32073
34496,43919,32031
34444,43911,31933
34464,43911,31948
34376,43935,31952
34344,43934,31903
34328,43967,32022
34413,43980,32046
34405,43917,31916
34476,43970,31909
34416,43941,31932
34286,43911,31944
34280,43903,31924
34356,43876,31930
34293,43908,31897
34344,43908,31899
34520,43941,31878
34484,43956,31916
34408,43894,31874
34300,43940,31872
34192,43920,31888
34060,43877,31916
33952,43857,31925
33886,43879,31897
33968,43877,31876
34090,43876,31872
34068,43932,31864
34032,43935,31870
34117,43927,31877
34264,43919,31905
34140,43894,31922
34068,43821,31929
34056,43815,31917
34116,43852,31924
34064,43855,31879
34021,43869,31877
34001,43901,31879
34140,43911,31871
33972,43911,31866
33824,43901,31868
33888,43877,31888
33850,43837,31877
33824,43824,31863
33952,43828,31876
33944,43840,31860
33812,43861,31850
33838,43886,31826
33756,43855,31839
33860,43860,31829
33894,43871,31836
33804,43855,31812
33709,43821,31826
33692,43796,31892
33668,43815,31951
33630,43813,31961
33652,43798,31948
33844,43860,31956
33983,43885,31926
33916,43869,31963
33806,43855,31968
33784,43777,31965
33752,43796,31925
33608,43783,31895
33620,43783,31887
33632,43783,31934
33660,43829,31983
33648,43852,31981
33700,43852,31978
33608,43837,31868
33524,43836,31899
33480,43815,31901
33440,43735,31883
33444,43761,31885
33546,43761,31879
33584,43767,31884
33628,43799,31886
33692,43822,31989
33704,43781,32061
33664,43812,31969
33641,43813,31933
33653,43783,31980
33464,43749,31973
33352,43708,31931
33340,43754,31926
33397,43749,31932
33428,43760,31950
33640,43791,31933
33653,43803,31955
33620,43741,32076
33600,43773,32047
33448,43767,32028
33325,43729,32012
33308,43718,31992
33412,43726,31997
33412,43684,31959
33600,43748,31990
33640,43783,31957
33732,43773,31948
33605,43758,31933
33388,43759,32053
33272,43737,32077
33256,43671,32001
33279,43700,31964
33312,43692,31977
33248,43707,32014
33345,43732,32017
33420,43756,32069
33384,43759,32067
33391,43737,32047
33224,43695,32080
33156,43719,32109
33080,43685,32119
33080,43669,32097
33284,43692,32034
33184,43695,32072
33288,43708,32045
33256,43749,32056
33344,43695,32092
33288,43708,32132
33272,43716,32175
33436,43701,32125
33413,43656,32141
33269,43655,32112
33304,43664,32075
33220,43637,32097
33300,43682,32121
33228,43719,32085
33152,43729,32216
33288,43711,32166
33126,43692,32161
33032,43669,32116
32941,43641,32263
32944,43639,32260
32832,43636,32293
32720,43641,32279
32708,43671,32272
32769,43693,32202
32966,43655,32249
32863,43655,32245
32760,43689,32281
32776,43655,32292
32813,43626,32289
32780,43556,32325
32936,43623,32327
32934,43636,32351
32896,43652,32329
32941,43664,32327
33004,43678,32338
32948,43660,32348
32916,43662,32425
32965,43612,32480
33012,43594,32519
33048,43599,32514
32977,43599,32506
32960,43569,32445
32904,43617,32468
32928,43653,32487
33028,43652,32464
32928,43604,32602
32704,43625,32568
32696,43618,32505
32716,43556,32553
32716,43576,32543
32684,43589,32561
32792,43590,32574
32820,43600,32571
32817,43631,32561
32892,43628,32585
32900,43629,32591
32880,43612,32616
32825,43602,32596
32752,43524,32613
32772,43567,32612
32820,43565,32588
32952,43567,32724
32896,43560,32685
32996,43612,32615
33044,43608,32650
33088,43621,32623
33089,43596,32693
33048,43581,32745
32888,43548,32652
32952,43527,32676
32852,43536,32644
32824,43542,32717
33028,43569,32748
33092,43598,32698
33028,43569,32688
33028,43591,32661
33056,43574,32729
33048,43503,32745
32989,43524,32700
33040,43517,32687
32960,43519,32685
32928,43527,32712
33020,43495,32719
33108,43573,32717
33180,43575,32690
33128,43527,32789
33096,43550,32708
32992,43527,32733
32928,43494,32716
32912,43495,32748
32791,43474,32726
32848,43509,32740
32872,43527,32717
33116,43549,32810
33252,43543,32716
33212,43553,32765
33033,43517,32724
32905,43527,32716
32901,43481,32811
32680,43476,32733
32716,43473,32744
32572,43487,32823
32644,43511,32751
32652,43527,32736
32688,43527,32722
32709,43527,32778
32700,43519,32829
32804,43469,32752
32792,43463,32724
32552,43452,32733
31846,43465,32746
31101,43415,32713
30320,43494,32660
29294,43509,32804
28548,43527,32719
27768,43517,32717
27114,43509,32735
26478,43493,32698
26128,43471,32689
26140,43399,32681
26634,43450,32745
27968,43454,32784
30536,43476,32708
33744,43460,32729
37628,43489,32714
41272,43464,32698
44536,43432,32756
47200,43413,32807
49008,43382,32721
50092,43369,32751
49580,43381,32726
47984,43396,32776
46204,43415,32817
45148,43439,32775
43964,43455,32751
43016,43437,32749
42160,43431,32764
41244,43412,32846
40040,43397,32765
38900,43387,32769
37860,43385,32836
36676,43399,32845
35692,43428,32788
34720,43453,32808
33812,43463,32788
32872,43452,32887
32049,43449,32853
31452,43431,32820
31064,43397,32863
30732,43397,32863
30506,43399,32958
30400,43393,32909
30292,43417,32935
30324,43414,32956
30340,43457,32940
30364,43449,33015
30340,43444,33065
30237,43404,32995
30140,43372,33028
30004,43319,33021
29948,43383,33079
29984,43388,33140
30112,43350,33077
30280,43421,33088
30472,43423,33079
30560,43428,33189
30620,43406,33156
30504,43397,33132
30456,43335,33161
30469,43359,33175
30392,43364,33183
30504,43367,33173
30498,43391,33177
30448,43364,33175
30598,43426,33226
30748,43399,33263
30772,43399,33240
30784,43357,33209
30692,43345,33238
30856,43334,33208
30832,43287,33244
30844,43343,33271
30896,43373,33300
31124,43396,33224
30920,43356,33233
30856,43396,33231
31028,43389,33194
30996,43358,33261
30972,43327,33235
30924,43317,33199
30920,43271,33185
30938,43321,33239
30976,43356,33194
30936,43352,33183
30921,43388,33167
30889,43380,33181
30852,43316,33112
30860,43329,33172
30728,43301,33182
30582,43304,33216
30648,43269,33159
30596,43315,33136
30608,43340,33159
30734,43329,33156
30712,43371,33119
30544,43363,33215
30340,43309,33164
30288,43332,33159
30253,43300,33158
30189,43303,33149
30124,43303,33213
29977,43298,33233
29876,43271,33173
29741,43364,33197
29744,43356,33183
29904,43292,33272
29956,43343,33293
29941,43308,33255
29816,43280,33231
29712,43225,33253
29680,43289,33268
29612,43292,33232
29548,43259,33348
29440,43348,33336
29456,43343,33334
29420,43328,33324
29276,43271,33284
29185,43301,33309
29054,43263,33300
29036,43269,33293
29041,43255,33300
29124,43227,33297
29052,43311,33350
29008,43326,33395
28964,43327,33413
28832,43323,33373
28896,43309,33338
28901,43214,33363
28766,43236,33355
28676,43255,33420
28600,43259,33381
28568,43254,33369
28644,43287,33377
28972,43253,33394
29032,43303,33353
29060,43297,33354
29168,43280,33415
29164,43268,33397
29272,43228,33354
29376,43228,33346
29461,43231,33353
29617,43231,33349
29876,43263,33320
30280,43295,33340
30468,43287,33396
30592,43271,33401
30924,43266,33390
31172,43244,33381
31380,43207,33309
31576,43207,33287
31860,43204,33300
32004,43214,33252
32184,43221,33249
32296,43256,33278
32648,43252,33319
32824,43243,33312
32972,43239,33275
33064,43207,33234
33100,43191,33256
33154,43180,33263
33304,43175,33228
33400,43183,33171
33554,43207,33167
33716,43245,33177
33872,43233,33192
34016,43223,33188
34004,43216,33161
33980,43191,33125
33929,43156,33057
33808,43143,33049
33760,43164,33088
33796,43161,33132
33888,43187,33073
33977,43213,33026
34024,43213,33012
34096,43191,33015
34156,43195,32996
34116,43167,32996
34121,43105,32951
34172,43131,32976
34208,43132,33016
34168,43142,33021
34136,43140,32943
34208,43188,32930
34220,43188,32927
34144,43133,32900
34080,43172,32885
33992,43151,32901
33884,43111,32937
33796,43110,32948
33789,43069,32972
33868,43113,32943
33860,43136,32887
33926,43168,32860
34076,43161,32879
34036,43156,32867
34020,43157,32855
33920,43100,32818
33832,43088,32903
33916,43044,32825
33964,43100,32817
33984,43100,32821
34064,43128,32804
34064,43155,32775
34160,43151,32756
34117,43092,32864
34012,43141,32775
34004,43111,32745
33901,43077,32754
33784,43072,32724
33812,43079,32785
33834,43088,32745
33812,43108,32697
33732,43134,32717
33828,43131,32690
33922,43119,32671
33876,43079,32733
33852,43080,32732
33813,43053,32671
33860,43047,32635
33904,43060,32671
33764,43063,32709
33741,43086,32670
33856,43120,32629
33828,43111,32609
33884,43108,32574
33720,43103,32620
33692,43073,32596
33632,42996,32565
33632,43044,32599
33684,43045,32588
33740,43047,32598
33777,43075,32553
33888,43097,32605
33889,43101,32647
33856,43084,32587
33784,43073,32551
33724,43047,32579
33668,43015,32553
33708,42969,32526
33708,43015,32579
33652,43015,32614
33664,43056,32581
33700,43080,32576
33620,43070,32549
33592,43015,32538
33672,43060,32561
33581,43029,32549
33460,43010,32513
33452,42950,32613
33400,43005,32564
33504,43007,32530
33508,43036,32550
33456,43037,32519
33524,43053,32508
33636,43049,32621
33712,43047,32525
33665,42967,32516
33596,42983,32549
33564,42981,32541
33460,42983,32527
33400,42985,32497
33456,42980,32594
33572,43039,32502
33548,43039,32524
33511,43020,32528
33444,43015,32511
33344,42951,32513
33289,42956,32488
33224,42952,32470
33284,42972,32461
33260,42975,32519
33352,42996,32556
33373,42972,32526
33428,43015,32457
33508,43012,32468
33460,42988,32468
33348,42962,32454
33326,42887,32431
33396,42938,32445
33396,42941,32497
33420,42940,32508
33468,42921,32502
33448,42997,32485
33476,42997,32509
33396,42989,32462
33390,42955,32444
33444,42941,32428
33414,42917,32424
33348,42917,32407
33216,42926,32404
33112,42925,32406
33242,42956,32416
33204,42940,32434
33089,42972,32394
33150,42959,32481
33124,42904,32475
33092,42918,32404
33281,42904,32451
33100,42887,32412
33064,42902,32502
33128,42853,32444
33124,42929,32434
33216,42965,32481
33236,42952,32493
33136,42958,32468
33156,42908,32428
33076,42900,32502
33012,42887,32545
32964,42856,32516
32840,42887,32465
32848,42879,32477
32957,42913,32503
33036,42943,32492
32916,42940,32481
32741,42927,32500
32692,42917,32569
32616,42887,32529
32572,42869,32484
32644,42856,32509
32752,42877,32501
32788,42862,32497
32964,42901,32501
32972,42893,32477
32916,42919,32548
32849,42912,32511
32844,42896,32517
32764,42879,32551
32816,42852,32549
32785,42836,32500
32860,42847,32492
32828,42863,32539
32824,42853,32545
32970,42900,32486
33060,42905,32495
33044,42887,32566
32952,42880,32541
32832,42823,32492
32840,42839,32487
32760,42821,32461
32788,42772,32519
32808,42844,32519
32878,42863,32468
33008,42887,32492
33172,42884,32449
33140,42872,32443
33044,42865,32513
32984,42834,32455
32992,42811,32478
32849,42805,32448
32808,42808,32503
32864,42807,32484
32830,42839,32444
33000,42868,32463
33084,42831,32461
33076,42853,32428
33076,42840,32493
32960,42796,32535
32828,42788,32445
32809,42785,32453
32836,42796,32474
32956,42801,32444
32996,42816,32550
33120,42848,32503
33076,42845,32479
32988,42829,32495
32800,42828,32489
32700,42791,32485
32629,42745,32471
32604,42758,32561
32472,42767,32508
32500,42740,32519
32696,42806,32500
32952,42820,32550
32968,42823,32613
32856,42809,32585
32956,42805,32566
32960,42777,32548
32866,42693,32564
32876,42748,32568
32792,42744,32570
32608,42759,32557
32168,42783,32556
31488,42810,32615
30348,42807,32622
29320,42815,32652
28388,42737,32637
27616,42772,32591
27005,42740,32620
26288,42741,32608
26072,42735,32589
26052,42759,32589
26592,42795,32592
27824,42804,32590
30173,42801,32668
33385,42776,32632
37404,42765,32644
41136,42724,32604
44436,42673,32692
47116,42663,32718
48833,42661,32698
49684,42676,32637
49408,42701,32633
48196,42735,32650
46456,42740,32656
45192,42733,32649
43852,42721,32640
42824,42701,32628
42040,42661,32731
41300,42673,32729
40364,42677,32673
39344,42684,32670
38224,42727,32677
37021,42753,32632
35935,42749,32703
34804,42719,32738
33784,42740,32684
32884,42704,32668
32144,42689,32658
31768,42684,32685
31301,42695,32673
31012,42703,32735
30924,42679,32775
30808,42748,32722
30846,42749,32732
30701,42683,32756
30665,42735,32745
30548,42702,32773
30417,42670,32815
30278,42672,32863
30342,42677,32860
30288,42679,32831
30318,42711,32836
30496,42740,32840
30693,42735,32870
30596,42716,32863
30593,42716,32857
30572,42681,32876
30472,42663,32940
30436,42605,32927
30588,42661,32908
30618,42661,32905
30764,42698,32957
30740,42727,32978
30734,42716,32924
30736,42708,32952
30681,42706,32917
30700,42676,32998
30576,42640,32975
30592,42639,32943
30624,42652,32950
30664,42653,32961
31016,42655,32943
31060,42705,32985
30944,42696,32988
30936,42695,32935
31044,42647,32951
31144,42652,32940
31192,42628,32928
31234,42608,32925
31134,42630,32990
31160,42631,32952
31204,42669,32916
31201,42688,32921
31104,42679,32887
31100,42676,32965
31156,42668,32886
30852,42591,32893
31008,42607,32903
30876,42615,32924
30772,42626,32868
30732,42597,32887
30808,42655,32852
30912,42676,32939
31016,42665,32860
30712,42666,32888
30520,42662,32847
30516,42556,32945
30543,42597,32879
30589,42597,32900
30582,42604,32880
30612,42556,32972
30552,42647,32972
30540,42663,32916
30400,42669,32940
30356,42660,32996
30226,42644,32999
30016,42612,32973
29952,42598,32981
29820,42599,32990
29933,42591,32999
29860,42601,32994
29828,42624,33063
29857,42646,33044
29916,42653,33021
29888,42641,33046
29797,42644,33031
29668,42565,33120
29604,42573,33071
29405,42577,33080
29284,42577,33081
29261,42596,33082
29449,42625,33096
29372,42631,33101
29456,42631,33121
29316,42631,33101
29168,42560,33116
29072,42583,33180
28972,42568,33125
28968,42558,33148
29048,42564,33130
29008,42580,33159
29052,42607,33157
29056,42620,33167
29190,42627,33154
29112,42615,33224
29328,42591,33171
29336,42575,33159
29404,42542,33210
29608,42557,33189
29672,42559,33206
29816,42557,33228
29953,42588,33205
30292,42611,33259
30360,42597,33253
30533,42584,33239
30772,42562,33227
30936,42549,33287
31140,42527,33260
31392,42533,33238
31628,42532,33281
31808,42525,33287
32028,42565,33332
32228,42556,33334
32444,42575,33293
32624,42564,33287
32812,42559,33364
32852,42525,33325
32830,42485,33340
32950,42492,33359
33056,42454,33361
33116,42503,33380
33233,42547,33360
33500,42540,33411
33552,42543,33393
33620,42503,33383
33716,42532,33464
33669,42476,33423
33704,42471,33447
33759,42468,33453
33728,42479,33456
33744,42478,33447
33832,42503,33487
33856,42540,33471
33868,42503,33472
33940,42503,33516
33896,42503,33484
33781,42469,33511
33880,42447,33490
33908,42440,33540
33812,42460,33506
33886,42449,33527
33964,42484,33519
33964,42503,33555
34068,42503,33549
34000,42481,33541
33904,42473,33543
33680,42401,33569
33652,42435,33590
33493,42423,33556
33636,42388,33570
33856,42433,33573
33897,42440,33583
34180,42477,33596
34276,42431,33576
34325,42475,33621
34305,42458,33607
34404,42372,33594
34308,42407,33593
34140,42409,33598
34125,42412,33602
34160,42382,33612
34065,42436,33605
34128,42446,33611
34064,42460,33644
33988,42451,33629
33928,42431,33606
33984,42399,33621
33902,42375,33633
33853,42380,33620
33885,42383,33629
33912,42397,33619
33868,42421,33622
33864,42444,33654
33880,42428,33617
33992,42423,33633
33968,42415,33639
33912,42388,33623
33764,42364,33671
33656,42364,33638
33572,42366,33635
33620,42325,33630
33673,42396,33647
33728,42420,33644
33796,42410,33634
33781,42407,33668
33732,42397,33632
33648,42366,33638
33624,42338,33647
33600,42341,33636
33536,42350,33663
33545,42345,33679
33500,42381,33648
33472,42396,33655
33464,42348,33663
33376,42382,33645
33452,42375,33636
33364,42311,33680
33420,42319,33671
33328,42319,33652
33384,42327,33637
33520,42321,33644
33548,42365,33687
33612,42375,33640
33632,42375,33639
33652,42333,33618
33714,42359,33646
33584,42322,33661
33448,42271,33616
33356,42305,33604
33293,42311,33609
33376,42303,33647
33556,42340,33604
33616,42364,33605
33616,42348,33576
33456,42343,33590
33413,42342,33592
33389,42272,33565
33376,42284,33556
33384,42279,33536
33368,42292,33543
33392,42269,33552
33269,42329,33558
33185,42357,33519
33077,42337,33497
33060,42335,33524
32985,42327,33495
32732,42288,33494
32636,42260,33489
32800,42260,33471
33021,42269,33524
33204,42247,33524
33366,42304,33495
33292,42324,33503
33440,42327,33515
33536,42303,33450
33540,42317,33535
33505,42268,33532
33420,42247,33579
33336,42247,33559
33188,42260,33565
33124,42268,33624
33080,42293,33624
33132,42311,33625
33174,42308,33687
33132,42292,33674
33004,42293,33702
32872,42237,33727
32730,42200,33789
32714,42231,33777
32692,42215,33791
32656,42237,33868
32628,42279,33873
32648,42285,33901
32748,42284,33927
32604,42273,33953
32518,42269,34012
32613,42231,34044
32732,42210,34081
32885,42205,34114
32972,42213,34156
32984,42219,34203
33052,42217,34260
32972,42267,34284
32824,42276,34335
32724,42247,34397
32680,42247,34448
32684,42169,34503
32668,42191,34536
32748,42163,34621
32840,42188,34671
32852,42207,34727
32844,42243,34791
32908,42260,34853
32866,42221,34940
32754,42234,34997
32631,42191,35022
32508,42197,35133
32420,42186,35201
32228,42178,35269
32220,42188,35335
32264,42189,35366
32248,42201,35448
32256,42239,35537
32356,42239,35597
32356,42228,35664
32404,42217,35695
32544,42180,35797
32484,42167,35836
32453,42167,35911
32368,42119,35933
32308,42165,35996
32341,42209,36092
32492,42189,36136
32656,42216,36158
32705,42215,36241
32580,42201,36305
32445,42164,36349
32416,42137,36406
32592,42141,36485
32708,42151,36548
32880,42161,36607
33044,42183,36664
33176,42215,36687
33180,42207,36807
33164,42193,36852
33112,42188,36934
33044,42150,36929
33040,42132,37080
33132,42119,37117
33124,42119,37201
33036,42141,37184
32952,42173,37328
32992,42191,37428
32949,42188,37461
32958,42159,37540
33032,42164,37564
33046,42128,37647
33105,42101,37778
33172,42111,37823
33172,42083,37900
33136,42119,37997
33176,42148,37981
33028,42140,38124
32989,42156,38204
33016,42148,38307
33060,42140,38295
33068,42112,38364
32996,42093,38532
32980,42092,38572
33044,42107,38589
33089,42081,38724
33041,42149,38801
32992,42129,38888
32912,42149,38876
32920,42140,38919
32916,42092,39110
32781,42096,39137
32660,42085,39159
32532,42085,39244
32398,42087,39318
32116,42095,39425
31596,42135,39334
30712,42148,39521
29580,42153,39541
28640,42149,39601
27752,42079,39676
27073,42073,39737
26488,42095,39781
26312,42076,39838
26448,42096,39764
26888,42103,39784
27880,42132,39966
29576,42148,39968
32148,42089,40032
35388,42119,39972
39152,42096,40060
43020,42040,40132
45932,42023,40197
47584,42015,40134
48424,42020,40275
48560,42023,40309
47524,42068,40212
45436,42070,40423
43540,42089,40400
41952,42095,40466
40708,42074,40519
39948,42037,40415
39324,42028,40443
38724,41991,40602
37932,42037,40589
37052,42052,40652
36260,42076,40572
35698,42103,40628
35028,42103,40708
34200,42103,40774
33392,42090,40687
32620,42061,40773
31948,42041,40839
31524,42041,40732
31109,42063,40881
30820,42052,40897
30736,42085,40988
30700,42109,40860
30464,42101,41048
30412,42044,41031
30402,42076,41110
30352,42052,41009
30360,41991,40996
30388,42036,41095
30400,42044,41184
30380,42045,41220
30572,42078,41185
30640,42105,41189
30672,42087,41239
30582,42084,41261
30548,42079,41119
30413,42031,41285
30309,42023,41223
30320,42023,41236
30300,42028,41268
30385,41984,41137
30420,42071,41119
30560,42080,41127
30745,42067,41103
30808,42070,41103
30948,42052,41160
30977,42031,41135
30952,42007,41136
31020,42020,41148
31094,42013,41165
31032,42028,41060
31084,42063,40935
31176,42068,40972
31260,42021,40989
31260,42063,40996
31084,42025,40916
30940,42021,40876
30828,41991,40878
30884,41991,40766
30972,42001,40804
31117,42023,40735
31148,42047,40562
31136,42065,40549
31112,42054,40638
31032,42053,40535
30956,42008,40506
30934,41991,40487
30944,41991,40446
30902,41951,40285
30968,41991,40249
30912,41981,40335
30956,42047,40304
30952,42053,40205
31020,41991,40183
30928,42039,40165
30713,42031,40005
30548,41951,39972
30544,41975,39962
30524,41989,39965
30460,41991,39982
30552,41991,39885
30656,42036,39855
30588,42063,39844
30517,42044,39684
30477,42044,39764
30356,42031,39717
30316,41942,39676
30128,41982,39524
30064,41981,39532
30049,41991,39556
29972,42004,39492
29893,42012,39417
30044,42052,39373
30148,42047,39340
30016,41983,39300
29844,42022,39279
29704,41989,39212
29544,41940,39046
29369,41977,39108
29488,41964,39064
29765,41991,39012
29888,42025,38988
29872,42040,38838
29838,42042,38814
29792,42028,38838
29756,42021,38772
29664,41965,38730
29660,41962,38704
29600,41967,38546
29544,41980,38532
29541,41983,38525
29556,42024,38518
29600,41991,38438
29642,42029,38397
29684,42029,38365
29678,41984,38221
29620,41973,38261
29532,41965,38201
29632,41956,38159
29820,41975,38034
30048,41947,37997
30225,42023,38023
30384,41982,37962
30568,42023,37939
30792,42012,37807
30968,42013,37838
31157,41977,37766
31228,41935,37756
31374,41943,37605
31485,41911,37660
31705,41966,37620
32000,41991,37561
32360,42023,37500
32423,42021,37467
32492,41991,37352
32557,41988,37324
32535,41962,37316
32537,41933,37260
32616,41917,37181
32780,41956,37121
33101,41953,37127
33256,41991,37076
33384,42005,37036
33449,42004,36935
33472,41988,36964
33520,41980,36893
33560,41951,36860
33552,41932,36751
33576,41933,36764
33612,41892,36708
33612,41951,36690
33644,41988,36575
33693,41956,36583
33716,41986,36540
33816,41991,36511
33748,41973,36400
33709,41946,36393
33672,41927,36380
33740,41938,36317
33736,41940,36280
33734,41949,36176
33864,41973,36158
34052,41988,36155
34036,41983,36103
33880,41975,36068
33816,41965,35986
33788,41927,35975
33856,41919,35935
33908,41921,35909
34106,41924,35825
34212,41932,35828
34228,41928,35791
34240,41975,35764
34196,41977,35695
34100,41969,35645
34104,41965,35648
34080,41931,35617
34084,41909,35548
34084,41863,35559
34072,41909,35519
34174,41924,35487
34151,41957,35422
34080,41980,35407
34097,41972,35396
34060,41958,35361
34072,41951,35293
34068,41916,35303
34016,41897,35264
34032,41863,35232
34176,41908,35181
34248,41916,35175
34164,41951,35148
34164,41975,35124
34136,41964,35095
34040,41916,35045
34076,41933,35049
34016,41916,35019
33920,41900,34980
33864,41897,34926
33831,41909,34935
33884,41895,34900
33816,41943,34903
33860,41965,34873
33876,41967,34831
33920,41953,34823
33932,41948,34811
33741,41918,34781
33616,41904,34767
33716,41903,34741
33616,41900,34717
33484,41895,34690
33460,41951,34686
33456,41966,34677
33456,41927,34661
33476,41951,34644
33484,41947,34624
33544,41902,34607
33500,41895,34577
33636,41887,34557
33712,41911,34551
33788,41911,34528
33840,41943,34516
33794,41951,34486
33754,41956,34486
33732,41949,34455
33596,41925,34437
33425,41904,34426
33380,41879,34408
33448,41889,34393
33476,41895,34370
33648,41884,34334
33704,41954,34333
33749,41956,34335
33796,41956,34300
33768,41948,34287
33784,41916,34252
33676,41893,34243
33624,41887,34237
33544,41859,34231
33525,41897,34204
33437,41908,34192
33556,41937,34173
33572,41955,34157
33548,41951,34153
33424,41937,34141
33342,41925,34124
33300,41892,34116
33288,41885,34096
33296,41873,34089
33288,41892,34055
33256,41863,34060
33260,41935,34047
33288,41957,34055
33383,41951,34028
33413,41929,34031
33400,41924,33996
33309,41882,34005
33253,41877,34002
33224,41884,33983
33262,41884,33965
33257,41900,33940
33356,41927,33933
33448,41949,33940
33356,41934,33924
33152,41931,33900
33036,41919,33893
32964,41885,33863
32992,41871,33860
33042,41868,33855
32932,41895,33824
32928,41895,33820
32964,41917,33812
33073,41948,33793
32986,41937,33760
32885,41939,33774
32886,41913,33780
32848,41833,33748
32816,41868,33743
32776,41868,33708
32784,41881,33717
32972,41893,33735
33184,41892,33711
33320,41933,33696
33364,41924,33686
33420,41917,33661
33420,41916,33674
33344,41887,33673
33276,41876,33657
33272,41868,33644
33201,41876,33644
33177,41844,33637
33245,41925,33630
33384,41926,33619
33289,41927,33605
33168,41930,33590
33248,41910,33596
33296,41869,33575
33280,41820,33554
33188,41863,33559
33148,41883,33553
33301,41892,33559
33368,41924,33557
33420,41935,33532
33336,41921,33516
33288,41917,33508
33312,41885,33502
33380,41879,33497
33128,41847,33481
33036,41863,33481
33048,41861,33455
33132,41868,33423
33172,41915,33455
33333,41940,33468
33368,41925,33447
33214,41919,33422
33152,41917,33430
33152,41873,33403
33164,41863,33416
32950,41845,33422
32872,41863,33385
32928,41878,33393
33044,41905,33365
33252,41929,33394
33452,41909,33369
33414,41911,33362
33368,41853,33354
33313,41861,33347
33256,41852,33349
33004,41863,33325
32684,41863,33341
32068,41889,33349
31144,41920,33333
30040,41908,33308
29160,41935,33308
28325,41925,33280
27669,41905,33325
27048,41888,33324
26673,41864,33318
26709,41839,33269
27156,41877,33249
28162,41901,33256
30004,41929,33221
32940,41930,33250
36364,41908,33256
40148,41892,33249
43716,41864,33208
46536,41829,33201
48296,41801,33204
49284,41805,33168
49176,41813,33217
47840,41836,33198
45892,41880,33193
44600,41893,33184
43576,41884,33181
42356,41884,33167
41624,41876,33138
40988,41839,33145
40264,41834,33132
39344,41852,33116
38448,41847,33093
37552,41863,33092
36600,41900,33112
35576,41921,33115
34584,41879,33100
33668,41909,33112
32752,41900,33125
31878,41879,33097
31324,41863,33085
31084,41863,33093
31056,41879,33086
31114,41895,33111
31188,41906,33159
31152,41927,33148
31184,41927,33151
31100,41927,33159
31088,41921,33176
31012,41884,33159
30888,41829,33213
30752,41868,33252
30720,41888,33239
30848,41903,33238
30912,41923,33247
30936,41932,33241
31000,41928,33248
30889,41917,33268
30936,41911,33305
31008,41851,33295
30984,41863,33309
30968,41868,33318
31020,41828,33325
31033,41892,33332
31164,41919,33341
31144,41939,33329
31168,41884,33345
31257,41912,33364
31256,41908,33357
31204,41868,33388
31212,41852,33383
31220,41869,33369
31296,41863,33355
31372,41860,33343
31476,41921,33333
31452,41935,33319
31461,41937,33344
31560,41906,33351
31388,41901,33343
31228,41876,33301
31296,41863,33287
31341,41863,33268
31204,41873,33271
31168,41895,33279
31244,41910,33259
31276,41913,33239
31204,41926,33225
31172,41885,33216
31095,41907,33225
31024,41875,33196
31046,41863,33166
30998,41863,33153
30964,41879,33134
31056,41888,33113
31197,41920,33144
31324,41943,33153
31276,41911,33135
31108,41917,33100
31056,41908,33095
30988,41876,33105
30868,41861,33135
30624,41820,33083
30548,41885,33100
30602,41900,33081
30600,41927,33132
30656,41943,33093
30620,41929,33103
30548,41922,33133
30488,41913,33143
30390,41877,33137
30204,41863,33133
30084,41870,33128
30020,41829,33145
29916,41898,33124
29888,41935,33175
29876,41888,33164
30016,41932,33181
30020,41924,33170
29942,41875,33175
29912,41878,33197
29920,41863,33239
29882,41863,33214
30012,41878,33231
29896,41900,33247
29789,41935,33212
29760,41937,33287
29680,41884,33257
29625,41927,33271
29568,41910,33268
29432,41845,33312
29292,41863,33300
29327,41876,33301
29285,41829,33300
29272,41900,33281
29420,41929,33333
29544,41932,33316
29708,41929,33314
29856,41877,33296
29880,41911,33342
29832,41823,33314
29924,41863,33317
30080,41871,33287
30337,41839,33325
30501,41896,33341
30716,41922,33304
30916,41879,33305
31197,41916,33297
31392,41905,33282
31473,41900,33319
31828,41863,33316
31844,41849,33271
31965,41855,33276
32189,41863,33276
32284,41845,33284
32536,41903,33257
32684,41917,33241
32928,41901,33223
33128,41911,33224
33216,41884,33215
33312,41857,33188
33468,41847,33212
33542,41828,33221
33460,41847,33165
33568,41860,33164
33820,41893,33143
33892,41902,33159
33890,41892,33164
33880,41887,33136
33840,41873,33103
33776,41846,33094
33844,41836,33088
34024,41799,33061
34148,41832,33081
34068,41863,33060
34022,41860,33028
34048,41900,33031
34048,41892,33003
34021,41894,32965
33948,41862,32992
33800,41835,32973
33776,41777,32946
33901,41820,32917
33972,41837,32927
33790,41844,32932
33848,41876,32930
33940,41882,32894
33968,41876,32879
33912,41879,32848
33992,41844,32833
33908,41813,32804
33958,41809,32796
33900,41807,32789
33744,41823,32767
33652,41797,32740
33800,41863,32725
34000,41876,32719
33888,41863,32736
33852,41860,32711
33872,41846,32708
33812,41772,32687
33848,41780,32660
33836,41805,32649
33791,41810,32652
33756,41825,32692
33732,41827,32638
33853,41863,32607
33784,41852,32613
33830,41847,32581
33942,41830,32569
33716,41797,32567
33601,41775,32609
33508,41797,32561
33652,41769,32528
33704,41815,32518
33736,41851,32500
33752,41815,32486
33676,41829,32491
33612,41821,32479
33616,41812,32469
33648,41776,32461
33632,41760,32438
33484,41776,32439
33516,41732,32427
33598,41796,32412
33816,41828,32401
33816,41829,32381
33712,41820,32359
33716,41812,32391
33804,41799,32415
33572,41761,32391
33472,41752,32364
33488,41763,32354
33484,41767,32327
33452,41735,32383
33620,41819,32340
33572,41819,32348
33488,41805,32326
33576,41753,32315
33624,41791,32300
33512,41750,32289
33472,41748,32284
33356,41735,32296
33216,41758,32276
33316,41775,32257
33580,41799,32258
33724,41799,32289
33742,41807,32309
33764,41766,32294
33648,41778,32245
33612,41735,32222
33668,41731,32214
33637,41735,32210
33609,41747,32199
33604,41756,32209
33604,41794,32204
33638,41791,32172
33552,41797,32135
33652,41791,32161
33568,41759,32190
33432,41735,32135
33296,41724,32127
33264,41735,32101
33330,41726,32085
33413,41729,32073
33548,41788,32156
33556,41793,32124
33468,41772,32074
33400,41774,32081
33264,41761,32070
33260,41735,32058
33301,41708,32064
33328,41724,32055
33348,41724,32044
33288,41745,32036
33384,41780,32024
33444,41764,32016
33324,41783,32007
33336,41766,31999
33438,41759,31975
33344,41718,31960
33228,41701,32009
33248,41725,32042
33284,41692,31988
33185,41735,31980
33080,41767,31972
32940,41777,31975
33000,41775,31965
32952,41767,31967
32936,41749,31977
32944,41685,31951
32910,41703,31958
32956,41704,31976
32984,41714,31980
33084,41735,31973
33216,41767,31957
33176,41767,31964
33014,41764,31969
32986,41751,31959
33037,41735,31992
33068,41703,31968
32996,41692,31990
33004,41700,32007
33160,41703,32014
33124,41705,32037
33176,41753,32015
33245,41761,32007
33252,41715,32004
33228,41749,32031
33180,41727,32039
33144,41694,32055
33114,41681,32053
33148,41695,32056
33280,41708,32046
33461,41712,32037
33653,41735,32089
33668,41723,32122
33414,41729,32069
33413,41735,32085
33280,41713,32088
33233,41677,32078
33292,41660,32122
33304,41682,32164
33164,41695,32164
33160,41703,32135
33104,41731,32169
33184,41735,32128
33236,41735,32143
33284,41700,32167
33224,41701,32155
33141,41679,32137
33116,41656,32165
33110,41661,32210
33076,41666,32217
33136,41684,32192
33172,41703,32194
33133,41732,32202
33140,41721,32194
33138,41716,32198
33166,41671,32189
33226,41663,32243
33108,41607,32264
33188,41655,32218
33224,41671,32244
33328,41685,32239
33441,41700,32216
33408,41679,32258
33132,41700,32300
32924,41697,32252
32460,41673,32270
31680,41644,32276
30664,41607,32252
29624,41667,32337
28728,41665,32281
27952,41685,32294
27308,41719,32284
26652,41671,32288
26402,41717,32293
26324,41713,32358
26824,41703,32359
27948,41653,32370
30214,41637,32367
33396,41622,32327
37356,41624,32340
41120,41637,32388
44590,41653,32332
47496,41644,32333
49336,41633,32320
50416,41621,32401
50204,41596,32341
48544,41580,32356
46652,41579,32336
45460,41599,32352
44256,41597,32399
43208,41620,32346
42436,41645,32348
41484,41650,32352
40460,41647,32340
39336,41655,32398
38328,41639,32358
37185,41596,32354
36044,41604,32341
34996,41615,32357
34020,41628,32356
33128,41644,32342
32368,41680,32423
31633,41695,32377
31234,41683,32380
30989,41620,32404
30725,41648,32423
30512,41623,32427
30428,41606,32485
30394,41620,32445
30361,41575,32466
30327,41646,32479
30348,41671,32527
30404,41658,32529
30456,41671,32529
30452,41631,32519
30396,41645,32536
30356,41614,32582
30481,41588,32631
30564,41607,32616
30594,41620,32596
30642,41607,32613
30660,41666,32631
30784,41679,32655
30724,41620,32636
30664,41659,32679
30681,41639,32718
30640,41605,32725
30628,41602,32695
30754,41582,32717
30784,41607,32720
30856,41580,32773
30945,41652,32744
30870,41671,32748
30869,41663,32758
30948,41652,32735
31040,41629,32761
31004,41594,32781
30888,41543,32775
30968,41605,32761
30976,41607,32732
30956,41581,32746
31056,41663,32740
31084,41665,32706
31088,41623,32693
31072,41647,32718
30952,41616,32733
30884,41596,32685
30768,41580,32685
30764,41594,32672
30768,41600,32656
30877,41620,32679
30892,41652,32689
30852,41623,32684
30844,41655,32660
30824,41644,32640
30688,41588,32608
30548,41583,32578
30600,41533,32635
30608,41586,32580
30528,41552,32584
30468,41607,32564
30484,41653,32582
30377,41645,32613
30136,41644,32571
29888,41580,32581
29892,41604,32583
30028,41576,32568
30092,41583,32608
30032,41583,32600
29928,41596,32584
29877,41615,32604
29900,41637,32603
29876,41647,32589
29848,41637,32625
29728,41599,32665
29621,41600,32650
29485,41573,32655
29360,41519,32646
29216,41580,32641
29252,41575,32647
29212,41607,32709
29192,41581,32703
29216,41615,32705
29098,41629,32748
29064,41637,32752
29052,41561,32760
28876,41575,32730
28788,41572,32754
28740,41527,32770
28692,41583,32748
28684,41606,32760
28720,41629,32789
28804,41629,32818
28820,41629,32844
28784,41607,32840
28752,41591,32862
28624,41575,32823
28576,41557,32836
28712,41567,32854
28808,41563,32860
28936,41583,32862
29096,41624,32859
29268,41583,32886
29440,41607,32903
29504,41607,32877
29618,41583,32892
29782,41557,32876
30012,41543,32935
30288,41556,32900
30616,41532,32908
30898,41572,32916
31318,41567,32932
31644,41606,32913
31776,41591,32919
31980,41590,32914
32130,41560,32897
32244,41479,32897
32413,41524,32951
32645,41495,32917
32832,41538,32924
33032,41556,32903
33200,41575,32936
33412,41589,32948
33616,41575,32917
33652,41551,32903
33612,41551,32893
33672,41478,32903
33800,41519,32901
33952,41516,32882
34033,41517,32885
34096,41532,32873
34173,41568,32870
34236,41573,32898
34164,41570,32853
34050,41556,32860
33924,41535,32839
33856,41469,32841
33876,41503,32877
33888,41500,32848
33904,41503,32835
33965,41501,32823
34042,41556,32832
34080,41567,32779
34132,41551,32790
34164,41548,32751
34108,41521,32804
34016,41479,32743
33909,41479,32735
33829,41495,32765
33848,41493,32719
33832,41520,32724
33908,41549,32704
33908,41557,32716
33834,41543,32737
33916,41532,32699
33973,41517,32692
33916,41479,32684
33829,41477,32677
33888,41479,32708
33872,41479,32677
34020,41510,32665
34104,41535,32654
34149,41500,32639
34128,41533,32673
34024,41539,32680
33928,41503,32660
33912,41471,32639
33924,41471,32644
33858,41479,32615
33924,41479,32652
34028,41503,32621
34136,41532,32621
34196,41529,32593
34180,41488,32631
34180,41517,32610
34084,41497,32613
33994,41462,32606
33882,41408,32598
33864,41463,32588
33852,41444,32585
33924,41479,32620
34056,41508,32580
33985,41527,32590
33976,41523,32550
33993,41503,32610
33862,41479,32562
33788,41460,32575
33740,41460,32559
33616,41460,32541
33633,41463,32543
33684,41479,32544
33794,41524,32598
33864,41508,32576
33774,41513,32540
33761,41511,32553
33801,41479,32533
33712,41444,32519
33636,41445,32589
33672,41451,32549
33676,41415,32539
33724,41473,32564
33704,41519,32565
33732,41519,32548
33716,41500,32560
33600,41455,32532
33644,41473,32570
33716,41445,32581
33782,41414,32564
33804,41445,32561
33656,41439,32545
33614,41468,32557
33660,41500,32608
33784,41517,32601
33700,41497,32557
33716,41468,32559
33744,41453,32568
33632,41432,32564
33596,41388,32561
33660,41431,32560
33632,41447,32551
33616,41462,32591
33700,41490,32613
33792,41452,32567
33678,41479,32578
33560,41438,32572
33552,41462,32586
33557,41429,32592
33536,41420,32613
33542,41428,32596
33561,41433,32587
33548,41455,32592
33432,41444,32578
33428,41479,32579
33396,41479,32572
33329,41476,32576
33292,41447,32580
33248,41423,32583
33172,41423,32583
33184,41373,32570
33164,41415,32558
33168,41452,32553
33232,41453,32594
33352,41478,32605
33340,41476,32589
33181,41428,32599
33092,41441,32599
32968,41406,32583
32864,41410,32584
32984,41397,32582
33028,41415,32580
33192,41447,32581
33140,41477,32536
33180,41469,32528
33196,41457,32534
33064,41460,32532
32984,41433,32563
33044,41399,32550
33240,41415,32535
33256,41410,32519
33218,41415,32513
33188,41437,32503
33360,41463,32510
33423,41461,32540
33356,41459,32519
33340,41452,32536
33300,41412,32532
33212,41404,32519
33252,41351,32484
33305,41388,32495
33296,41405,32493
33408,41406,32482
33532,41449,32495
33625,41415,32500
33528,41445,32484
33474,41428,32487
33444,41406,32452
33276,41382,32493
33148,41381,32514
33132,41376,32469
33120,41383,32451
33196,41430,32481
33228,41447,32476
33284,41448,32451
33304,41424,32455
33312,41425,32439
33280,41404,32409
33184,41377,32462
33218,41375,32470
33105,41350,32453
32960,41377,32422
33090,41404,32436
33212,41431,32411
33240,41443,32421
33188,41428,32460
33084,41408,32444
33008,41391,32409
32968,41365,32391
32901,41356,32391
32782,41370,32390
32724,41377,32412
32872,41396,32375
32896,41425,32364
32968,41383,32352
32892,41412,32324
32484,41415,32343
31888,41375,32357
30964,41364,32348
29928,41361,32304
29002,41357,32289
28240,41377,32279
27632,41397,32261
26956,41428,32307
26490,41444,32252
26589,41439,32254
26804,41423,32229
27585,41332,32244
29260,41356,32268
32136,41356,32226
35796,41340,32208
39704,41336,32172
43448,41348,32236
46524,41365,32205
48744,41353,32173
50092,41344,32169
50164,41337,32157
48780,41311,32130
46804,41292,32188
45308,41296,32140
44276,41319,32133
43080,41316,32137
42437,41350,32105
41840,41365,32087
40924,41373,32104
39832,41340,32143
38669,41369,32140
37480,41351,32093
36324,41286,32084
35272,41324,32064
34352,41335,32101
33472,41348,32071
32665,41381,32068
31946,41402,32083
31372,41413,32063
31000,41388,32071
30804,41391,32044
30666,41364,32116
30607,41333,32080
30540,41349,32101
30476,41350,32078
30484,41351,32159
30536,41375,32111
30596,41404,32119
30532,41406,32108
30476,41348,32126
30540,41387,32172
30380,41316,32157
30420,41339,32180
30508,41308,32156
30560,41332,32143
30744,41345,32177
30860,41367,32175
30838,41390,32207
30868,41389,32188
30816,41389,32190
30712,41381,32247
30608,41351,32220
30652,41324,32215
30748,41279,32276
30720,41327,32229
30756,41327,32246
30844,41335,32233
31024,41382,32295
31072,41325,32263
31062,41366,32271
31166,41360,32263
30960,41327,32263
30948,41282,32247
30901,41302,32270
30997,41313,32296
30988,41295,32260
30937,41341,32239
30940,41337,32290
31008,41371,32234
30992,41355,32234
30896,41358,32214
30853,41327,32263
30684,41301,32194
30548,41292,32199
30704,41303,32224
30969,41303,32196
31097,41338,32188
31200,41365,32202
31140,41361,32204
31088,41343,32167
31080,41344,32157
31012,41323,32183
30960,41269,32194
30828,41287,32147
30614,41303,32148
30468,41292,32133
30502,41328,32112
30597,41351,32188
30644,41359,32159
30496,41351,32153
30428,41348,32130
30244,41316,32160
30160,41252,32193
30084,41278,32157
30048,41303,32152
29960,41301,32173
29952,41335,32222
29975,41351,32218
29920,41301,32190
29844,41341,32213
29965,41342,32220
29876,41312,32261
29678,41288,32238
29576,41283,32253
29461,41286,32244
29412,41282,32316
29372,41316,32325
29348,41345,32290
29404,41344,32304
29260,41346,32293
29188,41333,32303
29069,41309,32319
28985,41277,32365
28978,41266,32322
28910,41287,32337
28812,41297,32348
28820,41264,32330
28830,41345,32333
28888,41340,32327
28897,41282,32393
28800,41325,32366
28764,41300,32351
28844,41273,32356
28956,41273,32357
29072,41281,32359
29276,41253,32358
29496,41311,32335
29708,41332,32361
29732,41325,32367
29904,41292,32335
30088,41311,32315
30148,41293,32362
30326,41253,32317
30484,41260,32301
30593,41255,32304
30764,41273,32308
30988,41277,32295
31330,41319,32293
31788,41319,32269
32104,41308,32244
32244,41300,32244
32404,41263,32212
32396,41245,32281
32464,41253,32208
32556,41244,32194
32904,41248,32244
33165,41284,32184
33240,41303,32179
33340,41258,32133
33450,41286,32184
33508,41287,32173
33568,41257,32135
33552,41223,32119
33436,41215,32172
33384,41223,32153
33536,41239,32128
33668,41271,32093
33792,41301,32074
33916,41287,32085
33964,41269,32064
33988,41273,32032
34060,41239,32060
33962,41223,32096
33960,41209,32082
33756,41199,32000
33744,41223,32012
33733,41252,31984
33824,41236,31977
33789,41285,31935
33768,41274,31981
33788,41269,31980
33904,41237,31924
33812,41213,31930
33668,41180,31919
33708,41221,31890
33622,41223,31903
33672,41253,31943
33869,41268,31901
33852,41236,31852
33948,41259,31844
33980,41255,31855
33924,41231,31833
33860,41160,31825
33744,41204,31808
33780,41212,31876
33900,41172,31824
33960,41245,31799
33896,41271,31790
33902,41235,31799
33870,41252,31751
33880,41219,31836
33848,41223,31772
33704,41196,31751
33764,41193,31773
33828,41204,31769
33784,41215,31722
33724,41245,31812
33700,41277,31780
33828,41252,31742
33854,41255,31724
33812,41209,31799
33752,41220,31737
33804,41195,31748
33788,41196,31721
33692,41199,31701
33712,41213,31777
33608,41239,31737
33656,41261,31740
33672,41260,31743
33600,41220,31809
33580,41245,31741
33540,41222,31724
33436,41191,31732
33543,41189,31724
33596,41197,31725
33556,41201,31724
33532,41233,31771
33528,41263,31788
33584,41254,31788
33544,41253,31783
33528,41247,31750
33696,41205,31722
33568,41191,31727
33440,41191,31732
33385,41191,31733
33388,41199,31708
33524,41241,31748
33646,41255,31799
33686,41252,31781
33676,41220,31726
33576,41239,31745
33600,41207,31735
33564,41191,31732
33456,41156,31701
33548,41191,31750
33561,41195,31725
33560,41239,31776
33606,41247,31751
33693,41249,31700
33716,41247,31705
33752,41220,31708
33824,41206,31709
33632,41193,31669
33584,41140,31667
33572,41193,31701
33492,41191,31746
33564,41191,31676
33477,41252,31669
33509,41249,31682
33469,41231,31660
33372,41239,31712
33260,41212,31687
33319,41181,31652
33316,41180,31656
33357,41153,31648
33528,41193,31710
33508,41223,31671
33524,41241,31631
33496,41255,31626
33337,41200,31645
33228,41240,31658
33234,41213,31652
33260,41183,31672
33124,41172,31608
33132,41183,31598
33108,41196,31608
33128,41214,31584
33112,41253,31560
33033,41241,31641
33160,41247,31655
33068,41223,31564
33024,41203,31593
33028,41181,31580
33132,41180,31583
33144,41179,31560
33200,41191,31551
33160,41223,31543
33188,41223,31631
33252,41254,31601
33124,41240,31554
33188,41232,31557
33148,41196,31567
33060,41185,31550
32884,41147,31530
32880,41185,31581
32824,41199,31605
32830,41222,31546
32760,41263,31555
32784,41241,31525
32840,41223,31575
32936,41239,31605
32948,41199,31576
32856,41145,31532
32736,41183,31551
32696,41189,31516
32788,41153,31589
32824,41235,31588
33028,41255,31599
33036,41255,31607
33172,41246,31595
33156,41207,31532
33040,41192,31553
32956,41177,31546
33058,41187,31559
33120,41196,31615
33196,41181,31578
33256,41212,31568
33066,41252,31538
33004,41255,31574
33172,41247,31589
33189,41242,31571
33108,41204,31535
33004,41187,31636
32758,41177,31633
32797,41189,31577
32828,41199,31592
32782,41231,31556
32958,41252,31660
33072,41249,31609
33150,41245,31597
33236,41239,31597
33156,41172,31686
32992,41191,31613
33036,41189,31623
32900,41195,31631
32950,41188,31631
33044,41230,31623
33124,41255,31630
33100,41263,31727
32981,41239,31744
32908,41245,31682
32916,41207,31684
32869,41188,31698
32796,41185,31724
32888,41200,31717
33004,41205,31733
33000,41245,31767
32996,41256,31801
32984,41255,31734
32924,41255,31746
32900,41245,31709
32958,41213,31831
32608,41191,31793
32192,41194,31793
31569,41205,31780
30656,41213,31815
29646,41260,31828
28973,41271,31802
28308,41260,31807
27540,41271,31780
26922,41274,31879
26578,41243,31841
26594,41151,31828
26869,41217,31831
27702,41221,31850
29620,41183,31828
32728,41241,31863
36388,41260,31895
40224,41244,31872
43832,41222,31847
46700,41201,31924
48848,41164,31956
50208,41140,31912
50272,41148,31912
48980,41163,31924
47040,41168,31902
45592,41212,31973
44520,41223,31997
43400,41231,31976
42516,41223,31974
41688,41220,31949
40872,41204,31994
39656,41185,32019
38456,41182,32036
37360,41203,32013
36272,41184,32007
35212,41254,31996
34328,41273,32088
33504,41283,32052
32522,41276,32063
31848,41223,32066
31393,41240,32098
30908,41220,32135
30666,41223,32149
30700,41223,32216
30560,41233,32198
30560,41277,32196
30624,41301,32220
30736,41258,32233
30660,41287,32260
30544,41272,32278
30393,41247,32285
30520,41202,32345
30612,41222,32377
30496,41183,32351
30448,41236,32359
30584,41283,32358
30600,41292,32390
30640,41307,32432
30596,41285,32457
30649,41263,32456
30780,41253,32479
30756,41223,32490
30800,41231,32509
30924,41233,32505
30968,41234,32500
31149,41281,32502
31215,41271,32524
31249,41287,32532
31312,41287,32540
31280,41249,32549
31318,41244,32535
31336,41223,32535
31296,41237,32532
31396,41223,32540
31268,41254,32579
31192,41289,32564
31471,41295,32534
31528,41308,32542
31465,41293,32519
31421,41280,32560
31432,41253,32572
31372,41244,32524
31348,41247,32528
31380,41247,32511
31264,41261,32548
31224,41286,32526
31272,41277,32488
31092,41308,32493
31041,41303,32477
31066,41297,32480
31004,41261,32503
30892,41255,32457
30948,41253,32460
30964,41233,32439
30885,41261,32424
30924,41301,32424
30912,41324,32412
30924,41312,32415
30876,41313,32434
30668,41303,32452
30520,41279,32436
30412,41262,32428
30245,41257,32451
30172,41271,32430
30144,41283,32437
30140,41301,32445
30180,41328,32484
30272,41287,32448
30332,41320,32445
30186,41316,32509
29964,41287,32499
30004,41268,32476
29908,41223,32492
29661,41276,32494
29590,41281,32492
29660,41284,32543
29626,41328,32512
29613,41340,32519
29640,41327,32532
29546,41319,32532
29388,41284,32536
29260,41283,32540
29064,41287,32534
28988,41284,32592
29045,41300,32581
29084,41327,32571
29128,41343,32568
29292,41351,32580
29024,41336,32568
29064,41335,32623
29093,41298,32613
29040,41263,32594
28916,41272,32610
28964,41276,32622
29004,41293,32609
29072,41319,32612
29248,41351,32592
29332,41348,32651
29336,41329,32631
29408,41328,32617
29420,41261,32634
29580,41279,32631
29748,41276,32618
29977,41234,32612
30085,41292,32631
30352,41327,32660
30628,41341,32621
30836,41339,32622
31104,41338,32615
31272,41286,32601
31452,41282,32621
31572,41273,32639
31768,41253,32617
32160,41274,32595
32445,41293,32588
32677,41319,32592
32940,41324,32578
33124,41324,32561
33068,41284,32529
33030,41311,32583
33056,41277,32584
33253,41245,32566
33372,41263,32549
33552,41273,32528
33748,41279,32529
33936,41311,32560
34028,41335,32506
34033,41325,32519
34028,41327,32510
34060,41313,32511
34040,41265,32493
33976,41223,32540
33984,41248,32511
34040,41263,32479
34105,41269,32492
34044,41301,32479
34172,41281,32495
34158,41317,32452
34143,41312,32449
34120,41316,32444
34008,41276,32470
33880,41247,32429
33888,41253,32423
33856,41223,32423
33888,41275,32415
34024,41292,32409
34150,41325,32384
34153,41313,32436
34197,41319,32432
34320,41311,32388
34277,41271,32400
34024,41252,32391
33808,41261,32372
33824,41223,32385
33900,41276,32417
33990,41302,32416
33992,41327,32383
34016,41324,32389
33925,41316,32367
33836,41260,32344
33812,41278,32405
33748,41260,32391
33768,41261,32357
33864,41267,32351
33880,41275,32353
33744,41303,32362
33788,41300,32329
33820,41313,32325
33820,41309,32327
33792,41305,32348
33748,41257,32316
33684,41263,32325
33626,41210,32293
33784,41257,32327
33796,41269,32349
33746,41310,32303
33772,41283,32302
33668,41311,32277
33580,41306,32327
33453,41308,32285
33320,41275,32285
33344,41253,32291
33412,41252,32259
33540,41257,32340
33628,41276,32274
33716,41300,32291
33800,41320,32276
33830,41317,32311
33752,41311,32313
33558,41309,32284
33406,41269,32272
33424,41249,32350
33613,41238,32306
33616,41249,32296
33580,41268,32305
33558,41284,32293
33732,41279,32348
33656,41295,32309
33740,41297,32324
33598,41300,32309
33508,41252,32301
33356,41199,32339
33413,41253,32365
33496,41223,32324
33500,41255,32319
33588,41263,32361
33648,41303,32329
33580,41273,32336
33676,41293,32311
33432,41284,32372
33260,41255,32350
33420,41237,32343
33528,41228,32339
33340,41247,32317
33568,41252,32380
33472,41287,32333
33492,41309,32344
33568,41301,32327
33520,41280,32375
33437,41279,32376
33454,41229,32364
33284,41222,32356
33356,41212,32421
33318,41241,32377
33304,41241,32377
33460,41278,32397
33468,41279,32409
33656,41293,32409
33388,41287,32412
33301,41276,32441
33380,41233,32461
33428,41191,32460
33336,41239,32444
33152,41193,32524
33095,41239,32473
33168,41281,32492
33366,41295,32485
33184,41282,32541
33100,41277,32527
33070,41263,32511
33237,41233,32541
32968,41219,32533
32808,41215,32597
32837,41209,32581
32780,41235,32583
32804,41223,32592
32877,41277,32582
33052,41274,32631
32905,41268,32637
32976,41255,32629
32972,41186,32640
32982,41207,32636
33052,41205,32646
33084,41212,32687
33260,41223,32733
33136,41255,32730
33232,41279,32709
33184,41255,32732
33072,41247,32745
33022,41249,32742
32876,41215,32744
32905,41191,32818
32721,41199,32788
32860,41180,32799
33136,41207,32813
33156,41252,32820
33164,41260,32810
33312,41255,32876
33316,41249,32848
33436,41208,32861
33652,41196,32853
33272,41188,32903
33252,41189,32916
33228,41148,32925
33154,41196,32885
33132,41239,32895
33352,41244,32902
33511,41241,32928
33404,41232,32925
33108,41223,32917
33064,41182,32914
33188,41124,32924
33150,41172,32969
33057,41180,32951
33143,41186,32934
33184,41223,32946
33152,41241,32949
33056,41215,32961
33328,41221,32988
33304,41206,32972
33248,41180,32974
33140,41156,33006
33096,41153,33017
33144,41158,33010
33152,41172,32997
33220,41201,33005
33056,41217,33007
33028,41215,33049
33000,41204,33026
32192,41205,33031
31516,41175,32980
30396,41156,33076
29292,41105,33052
28592,41156,33059
27884,41183,33028
27406,41207,33078
26796,41175,33041
26372,41218,33057
26388,41223,33056
26956,41199,33088
28060,41167,33061
30204,41095,33068
33612,41136,33061
37508,41133,33068
41244,41109,33059
44608,41135,33080
47348,41132,33108
49100,41128,33116
49984,41124,33108
49432,41111,33088
47668,41083,33093
45720,41076,33081
44700,41079,33087
43464,41084,33094
42512,41103,33118
41952,41135,33124
41312,41156,33122
40384,41149,33100
39256,41148,33089
38192,41135,33100
37024,41095,33089
35916,41095,33080
34860,41095,33090
34000,41122,33082
33124,41127,33073
32325,41156,33116
31740,41183,33110
31377,41173,33116
31140,41172,33104
31001,41150,33119
30852,41121,33125
30724,41093,33133
30576,41108,33137
30516,41108,33151
30644,41125,33188
30746,41148,33188
30588,41165,33180
30592,41163,33196
30600,41157,33205
30676,41146,33201
30556,41111,33236
30437,41093,33242
30408,41108,33230
30604,41095,33252
30732,41105,33240
30800,41140,33245
30868,41148,33277
31042,41101,33249
30964,41143,33249
31001,41088,33287
31009,41093,33257
30910,41077,33263
30800,41076,33280
30872,41081,33263
31068,41095,33248
31133,41132,33255
31316,41143,33244
31312,41133,33250
31072,41120,33255
31008,41124,33223
31132,41076,33218
31188,41063,33202
31004,41031,33195
31166,41061,33183
31404,41082,33164
31381,41087,33167
31312,41113,33175
31342,41116,33151
31308,41068,33121
31328,41095,33124
31156,41071,33091
31109,41053,33111
31044,41032,33112
31044,41063,33096
31060,41069,33064
31092,41092,33053
31100,41120,33052
31104,41111,33028
30956,41111,33013
30956,41063,33002
31020,41047,33038
30977,41039,32998
30796,41043,32996
30784,41045,32980
30672,41061,32959
30780,41089,32951
30760,41109,32993
30745,41058,32965
30624,41081,32953
30376,41087,32945
30212,41041,32967
30156,41023,32983
30178,41025,32956
30236,41032,32940
30296,41023,32942
30336,41077,32952
30277,41092,32957
30208,41039,32936
30136,41081,32949
30016,41069,32962
29928,41027,32928
29816,41013,32976
29700,41023,32940
29728,41017,32941
29524,41031,32925
29704,41060,32960
29708,41079,32940
29624,41071,32932
29676,41068,32921
29512,41004,32956
29369,41012,32919
29280,40979,32884
29276,40999,32928
29308,41005,32895
29420,41023,32876
29528,41052,32869
29480,41004,32838
29550,41057,32871
29536,41052,32844
29492,41032,32839
29460,40999,32796
29364,40983,32848
29422,40987,32792
29620,40994,32796
29664,40996,32775
29796,41031,32790
29872,40999,32748
29960,41022,32739
30048,41023,32709
30216,41013,32764
30292,40967,32703
30392,40964,32692
30600,40948,32655
30841,40959,32692
31040,40935,32662
31404,40999,32665
31612,40967,32608
31708,40993,32628
31868,40997,32644
32097,40981,32641
32296,40902,32606
32445,40932,32568
32663,40932,32556
32916,40925,32548
33036,40903,32532
33228,40967,32503
33309,40981,32519
33424,40967,32545
33504,40965,32529
33534,40949,32483
33536,40927,32465
33588,40901,32453
33672,40865,32432
33764,40904,32471
33724,40923,32460
33792,40944,32412
33836,40933,32399
33888,40944,32410
33876,40949,32423
33853,40887,32387
33732,40895,32373
33700,40885,32352
33636,40878,32347
33592,40895,32356
33776,40909,32312
33888,40909,32316
33989,40924,32309
33992,40926,32314
33994,40916,32272
34028,40905,32277
33872,40861,32263
33884,40839,32260
33853,40854,32284
33920,40861,32263
33932,40881,32260
33948,40885,32259
33956,40922,32228
34032,40908,32253
33960,40899,32292
33984,40886,32283
33861,40812,32256
33724,40829,32252
33740,40828,32263
33708,40839,32270
33700,40853,32252
33804,40870,32244
33932,40886,32276
34064,40876,32292
34084,40875,32300
33996,40863,32301
33809,40805,32308
33864,40806,32304
33960,40815,32296
33868,40812,32262
33832,40788,32284
33944,40847,32263
33916,40871,32284
33824,40857,32305
33728,40847,32300
33672,40837,32284
33624,40779,32286
33600,40778,32293
33696,40780,32295
33548,40789,32276
33477,40765,32277
33568,40829,32308
33660,40836,32339
33644,40831,32333
33608,40814,32355
33517,40812,32332
33436,40772,32317
33328,40748,32313
33415,40754,32318
33392,40758,32318
33340,40770,32326
33340,40821,32311
33424,40815,32312
33384,40805,32359
33376,40805,32361
33352,40788,32373
33376,40750,32381
33256,40733,32377
33316,40741,32379
33504,40741,32365
33576,40742,32386
33496,40791,32388
33296,40784,32395
33184,40781,32406
33360,40772,32433
33440,40766,32414
33440,40727,32429
33381,40711,32423
33448,40705,32404
33441,40705,32412
33492,40733,32416
33528,40771,32419
33608,40773,32409
33660,40764,32431
33558,40759,32460
33236,40735,32456
33280,40711,32444
33368,40695,32432
33520,40693,32441
33340,40695,32452
33364,40711,32455
33514,40711,32445
33608,40740,32483
33693,40745,32492
33632,40709,32508
33552,40711,32504
33480,40687,32516
33308,40669,32519
33356,40668,32533
33396,40670,32534
33340,40684,32519
33116,40724,32541
33159,40735,32534
33236,40725,32527
33124,40719,32550
33132,40695,32557
33148,40665,32559
33008,40646,32567
32948,40652,32559
32957,40668,32553
32972,40678,32549
32916,40708,32556
32993,40703,32555
32968,40696,32541
32924,40692,32516
32808,40684,32502
32901,40608,32504
32700,40633,32501
32753,40631,32495
32936,40638,32469
32941,40652,32457
32882,40676,32494
33104,40692,32493
33140,40695,32448
33132,40646,32445
33088,40665,32423
33004,40632,32396
33113,40620,32442
33113,40604,32429
33044,40630,32390
33168,40641,32396
33320,40678,32383
33324,40689,32359
33268,40673,32357
33253,40679,32372
33357,40659,32393
33304,40623,32359
33117,40605,32353
33185,40609,32357
33300,40617,32348
33248,40632,32327
33053,40660,32352
33117,40678,32374
33153,40664,32351
33220,40654,32335
33188,40639,32340
33092,40613,32329
33188,40551,32324
32984,40589,32319
33118,40598,32313
33136,40612,32313
33404,40650,32317
33440,40621,32274
33328,40640,32305
33212,40644,32301
33212,40621,32293
33080,40583,32294
32980,40583,32319
33136,40543,32337
33132,40583,32354
32917,40614,32325
33088,40637,32312
33232,40647,32302
33216,40612,32304
33236,40631,32317
33032,40607,32319
32892,40578,32309
32864,40565,32311
32912,40561,32311
32896,40575,32312
32996,40597,32290
32837,40583,32322
32488,40636,32334
31880,40617,32331
30960,40623,32326
29904,40614,32293
29060,40581,32284
28356,40575,32276
27646,40583,32288
27028,40548,32285
26660,40607,32278
26696,40630,32263
27198,40644,32248
28180,40596,32260
29980,40621,32287
32788,40589,32293
36356,40519,32248
40028,40528,32238
43512,40518,32248
46324,40500,32252
48252,40519,32240
49496,40536,32249
49760,40556,32244
48728,40547,32242
46828,40552,32222
45508,40533,32268
44324,40501,32252
43164,40501,32220
42288,40505,32224
41684,40511,32220
41044,40526,32198
40036,40565,32217
38968,40577,32224
37860,40575,32237
36608,40574,32217
35268,40572,32192
34225,40534,32194
33252,40538,32192
32464,40536,32201
31924,40548,32204
31592,40565,32208
31464,40591,32208
31376,40607,32209
31173,40589,32216
31028,40596,32277
30928,40575,32291
30784,40545,32276
30652,40493,32287
30656,40534,32300
30704,40543,32298
30712,40564,32295
30790,40575,32350
30704,40588,32367
30696,40583,32380
30624,40581,32379
30596,40519,32366
30600,40528,32385
30440,40519,32397
30456,40527,32398
30712,40500,32388
30676,40551,32429
30744,40576,32459
30820,40583,32472
30744,40583,32477
30950,40548,32472
31032,40546,32465
31020,40519,32473
31101,40460,32475
31156,40511,32484
31116,40521,32472
31148,40533,32489
31180,40573,32489
31156,40576,32519
31200,40567,32503
31184,40564,32492
31320,40549,32468
31305,40517,32476
31116,40500,32453
30964,40503,32487
31052,40516,32456
31032,40535,32445
31194,40565,32439
31256,40567,32460
31188,40566,32420
31140,40549,32417
31204,40540,32400
31076,40504,32398
30916,40484,32412
30940,40501,32401
30832,40510,32391
30772,40535,32372
30696,40559,32327
30664,40567,32319
30745,40510,32308
30712,40555,32292
30620,40518,32257
30548,40505,32292
30558,40492,32276
30444,40500,32237
30496,40515,32215
30457,40532,32212
30466,40540,32197
30500,40566,32207
30408,40548,32186
30278,40542,32175
30296,40516,32156
30127,40500,32182
30032,40484,32202
29912,40496,32196
29888,40452,32154
29920,40509,32149
29864,40543,32157
29856,40553,32167
29940,40545,32156
29882,40549,32180
29772,40484,32171
29637,40488,32180
29572,40484,32182
29616,40487,32188
29596,40506,32191
29596,40481,32194
29540,40544,32190
29440,40556,32242
29444,40542,32215
29476,40546,32228
29448,40516,32271
29409,40492,32244
29286,40484,32258
29278,40484,32245
29380,40493,32248
29396,40503,32284
29456,40541,32316
29464,40545,32326
29452,40543,32329
29400,40537,32326
29457,40455,32324
29556,40451,32337
29444,40469,32363
29406,40471,32346
29756,40472,32341
29880,40495,32365
30000,40532,32355
30132,40535,32356
30492,40518,32389
30681,40516,32389
30636,40508,32381
30672,40445,32398
30916,40451,32388
31004,40455,32389
31336,40421,32383
31617,40481,32383
31944,40503,32369
32285,40513,32413
32408,40485,32420
32397,40493,32414
32508,40476,32393
32704,40447,32381
32850,40423,32380
32936,40439,32375
33108,40445,32379
33324,40455,32375
33484,40488,32364
33612,40503,32373
33884,40477,32396
33780,40479,32391
33660,40455,32397
33644,40421,32405
33584,40416,32386
33556,40386,32373
33906,40423,32375
33924,40455,32366
33924,40477,32367
34004,40485,32381
33972,40473,32407
33856,40455,32381
33840,40446,32372
33878,40413,32370
33772,40406,32372
33744,40407,32366
33892,40410,32359
33908,40432,32365
33984,40431,32365
34028,40471,32361
33957,40455,32358
33756,40450,32361
33752,40420,32404
33974,40398,32399
34016,40386,32397
34141,40357,32399
34221,40394,32403
34046,40421,32426
33988,40412,32439
34137,40455,32436
34064,40438,32441
33944,40436,32453
33892,40388,32444
34016,40380,32478
33958,40379,32477
33844,40366,32493
33870,40386,32500
33860,40415,32500
33957,40437,32535
33892,40444,32540
33649,40426,32549
33568,40425,32543
33612,40412,32548
33588,40369,32556
33680,40356,32567
33740,40367,32597
33652,40372,32629
33657,40391,32630
33824,40420,32647
33940,40431,32658
33748,40381,32679
33584,40411,32694
33576,40396,32708
33564,40358,32725
33508,40353,32745
33316,40325,32760
33452,40356,32773
33600,40383,32807
33569,40392,32839
33521,40416,32855
33644,40404,32887
33692,40397,32923
33389,40364,32964
33136,40349,32996
32969,40343,33051
33236,40343,33088
33336,40348,33135
33308,40372,33183
33512,40400,33223
33760,40402,33278
33776,40386,33314
33792,40376,33370
33892,40359,33409
33846,40321,33464
33648,40321,33527
33344,40327,33580
33336,40303,33631
33692,40346,33687
33888,40383,33739
33606,40389,33788
33604,40375,33830
33572,40368,33857
33472,40351,33895
33448,40319,33957
33460,40301,34017
33324,40304,34069
33390,40317,34104
33324,40294,34116
33444,40372,34162
33472,40362,34189
33584,40372,34233
33696,40356,34287
33536,40323,34327
33296,40303,34339
33408,40293,34404
33456,40297,34454
33474,40302,34480
33433,40289,34513
33488,40357,34549
33428,40357,34580
33636,40343,34616
33536,40347,34644
33433,40312,34663
33365,40290,34702
33452,40236,34741
33380,40280,34735
33272,40295,34740
33238,40268,34823
33308,40335,34854
33312,40342,34876
33406,40297,34888
33444,40325,34921
33424,40301,34948
33360,40279,34980
33060,40260,35017
33128,40279,35039
32968,40279,35069
33104,40260,35092
33048,40321,35119
33177,40329,35136
33096,40320,35118
32944,40310,35143
32932,40284,35157
32873,40244,35189
32876,40249,35225
32976,40253,35247
33100,40253,35277
32992,40290,35317
32876,40310,35335
33049,40316,35364
32980,40313,35367
32900,40263,35396
32833,40270,35439
32800,40212,35449
32696,40245,35472
32775,40252,35496
32932,40240,35537
32952,40271,35559
32904,40285,35572
33084,40297,35604
33084,40295,35613
32896,40287,35640
32936,40263,35657
33112,40196,35693
33236,40220,35722
33096,40225,35756
33020,40229,35772
33056,40253,35776
33108,40272,35781
33133,40251,35805
33048,40278,35815
32988,40261,35837
33025,40247,35847
33012,40204,35874
33052,40197,35901
32948,40207,35910
33020,40219,35980
32848,40243,35989
32800,40231,35980
33036,40269,35993
33176,40257,35989
33142,40245,36003
32948,40231,36006
32976,40164,36001
32976,40181,36015
32912,40197,36020
32882,40185,36021
32908,40221,36026
33164,40238,36031
33100,40253,36031
32976,40241,36024
32896,40241,36018
32608,40223,36021
32540,40183,35961
32050,40186,35953
31188,40169,35950
30105,40182,35926
29164,40225,35917
28540,40193,35916
27940,40249,35908
27344,40249,35905
26964,40245,35916
26652,40167,35924
26820,40172,35921
27836,40185,35904
29297,40176,35921
32020,40172,35961
35176,40198,35956
38636,40204,35941
42300,40196,35950
45412,40168,35957
47540,40156,35911
48728,40133,35860
49132,40101,35871
48152,40095,35876
46420,40116,35908
45092,40119,35887
44192,40142,35885
42908,40165,35905
42096,40170,35886
41592,40161,35889
40636,40167,35910
39672,40147,35964
38748,40122,35948
37492,40109,35967
36372,40136,35876
35316,40149,35920
34432,40165,35964
33556,40199,35969
32832,40199,35959
32144,40157,35964
31592,40189,35965
31316,40170,35975
30948,40145,35990
30821,40125,36025
30805,40141,35961
30800,40141,35980
30764,40175,36061
30684,40184,36004
30664,40199,36009
30628,40183,36020
30604,40173,36103
30552,40154,36125
30528,40124,36057
30620,40071,36070
30696,40119,36121
30630,40128,36159
30536,40157,36178
30640,40175,36172
30688,40183,36181
30636,40177,36184
30756,40164,36191
30784,40143,36217
30664,40117,36223
30744,40102,36239
30821,40112,36231
30848,40119,36244
30864,40135,36240
30936,40163,36247
31108,40168,36255
31102,40153,36257
31060,40151,36261
30913,40125,36295
31068,40098,36229
31024,40092,36199
31052,40103,36231
31132,40101,36236
31040,40128,36287
31004,40148,36251
30968,40152,36229
30888,40149,36220
30868,40143,36260
30796,40063,36268
30765,40092,36245
30776,40081,36243
30880,40082,36228
30841,40085,36221
30824,40112,36208
30900,40136,36233
30760,40142,36301
30740,40087,36298
30732,40124,36297
30445,40103,36292
30185,40071,36287
30181,40066,36281
30126,40071,36265
30208,40071,36255
30357,40116,36260
30512,40139,36263
30516,40132,36189
30508,40122,36172
30452,40118,36192
30408,40085,36248
30300,40071,36228
30252,40053,36231
30180,40068,36231
30134,40071,36244
30108,40096,36246
30124,40078,36239
30156,40103,36249
30060,40112,36231
29892,40105,36212
29737,40079,36214
29692,40055,36205
29612,39996,36199
29512,40044,36201
29612,40053,36201
29680,40087,36188
29656,40111,36178
29644,40121,36179
29537,40100,36182
29496,40098,36137
29448,40071,36137
29436,40025,36101
29393,40032,36092
29260,39988,36155
29324,40041,36077
29304,40070,36074
29340,40093,36125
29304,40101,36044
29174,40089,36114
29149,40039,36069
29172,40001,36063
29232,40029,36049
29344,40021,36046
29396,40035,36022
29352,40028,36000
29356,40061,35991
29429,40095,35932
29632,40077,36002
29700,40082,35990
29864,40071,35972
30149,40012,35967
30148,40007,35890
30228,40001,35873
30493,40019,35845
30696,39991,35846
30800,40034,35916
31104,40063,35912
31374,40060,35894
31648,40051,35896
31808,40028,35878
31928,40000,35883
31977,39983,35885
31936,39987,35901
31936,39943,35904
32008,39990,35828
32148,40013,35820
32352,40039,35845
32477,40000,35909
32536,40025,35921
32596,40018,35908
32820,39982,35900
33072,39961,35933
33164,39957,35935
33152,39959,35972
33192,39973,35975
33240,39982,35974
33332,40022,35932
33356,39972,35950
33432,40007,35957
33460,40002,36044
33368,39964,36057
33332,39927,36002
33292,39943,36004
33401,39908,36137
33480,39942,36149
33468,39967,36153
33420,39999,36192
33448,39970,36169
33400,39999,36175
33404,39980,36277
33341,39943,36332
33328,39891,36369
33344,39915,36436
33408,39924,36375
33508,39933,36426
33588,39919,36532
33580,39978,36609
33580,39967,36675
33540,39964,36759
33436,39965,36823
33380,39930,36850
33280,39908,36956
33232,39901,37020
33220,39909,37009
33256,39879,37068
33241,39940,37148
33348,39965,37308
33414,39956,37373
33472,39943,37431
33580,39943,37500
33492,39923,37556
33240,39884,37631
33084,39877,37702
33010,39889,37773
32944,39901,37855
32996,39923,37940
33132,39941,38023
33236,39919,38057
33336,39925,38117
33389,39911,38223
33424,39880,38255
33398,39861,38357
33268,39847,38429
33360,39863,38501
33416,39870,38581
33532,39888,38612
33594,39911,38705
33568,39913,38813
33545,39897,38866
33504,39905,38948
33404,39873,38993
33332,39802,39038
33308,39838,39108
33296,39844,39189
33332,39848,39243
33368,39875,39324
33356,39876,39404
33432,39887,39474
33360,39883,39480
33336,39879,39543
33312,39849,39623
33312,39812,39663
33324,39812,39742
33412,39815,39799
33456,39824,39849
33492,39852,39919
33536,39882,40055
33552,39855,40114
33580,39860,40126
33548,39855,40215
33492,39815,40216
33432,39772,40324
33404,39780,40365
33452,39800,40408
33500,39807,40440
33432,39828,40500
33412,39859,40546
33488,39851,40623
33424,39845,40663
33408,39836,40729
33560,39767,40799
33592,39773,40839
33548,39778,40918
33536,39789,40956
33468,39780,41020
33544,39811,41061
33528,39815,41111
33256,39831,40983
33200,39820,41117
33288,39814,41198
33360,39781,41284
33352,39753,41340
33328,39753,41297
33230,39759,41378
33213,39750,41429
33113,39789,41479
32921,39804,41532
32896,39807,41576
32986,39805,41617
33020,39796,41646
32900,39773,41687
33016,39728,41550
32776,39732,41556
32856,39742,41607
32996,39740,41648
32864,39779,41856
32785,39760,41911
32732,39791,41937
32665,39780,41972
32620,39781,41991
32684,39751,42038
32652,39733,42044
32513,39724,42055
32260,39712,42063
32252,39703,41979
32440,39750,42020
32704,39780,42053
32724,39780,41991
32760,39771,41972
32924,39764,41991
32996,39740,42181
32884,39712,42198
32904,39668,42207
32785,39709,42205
32840,39717,42197
32828,39746,42157
32692,39769,42133
32696,39758,42135
32669,39756,42166
32568,39728,42228
32481,39719,42199
32460,39687,42189
32416,39687,42149
32328,39701,42166
32500,39692,42167
32806,39722,42178
32858,39745,42154
32968,39743,42176
32984,39733,42184
32969,39728,42183
32844,39701,42164
32848,39663,42159
32809,39675,42153
32868,39684,42143
32909,39681,42108
33024,39710,42079
33120,39717,42076
32884,39724,42143
32750,39717,42161
32745,39713,42152
32714,39679,42111
32610,39639,42022
32613,39655,42055
32653,39671,42053
32660,39668,42068
32740,39695,42040
32784,39705,42031
32512,39723,41828
32504,39716,41777
32720,39700,41831
32672,39628,41883
32493,39639,41908
32504,39632,41915
32412,39649,41882
32140,39644,41863
31736,39685,41841
30980,39704,41780
29833,39673,41665
29001,39686,41676
28168,39700,41653
27598,39671,41632
27020,39650,41607
26560,39655,41583
26612,39645,41543
27195,39653,41502
28137,39687,41285
29828,39705,41246
32154,39684,41255
34816,39685,41309
38048,39660,41305
41496,39588,41223
44752,39575,41232
46448,39568,41197
47256,39564,41159
47088,39577,41120
46084,39621,40951
44276,39647,41046
42608,39639,41004
41304,39646,40960
40272,39637,40957
39500,39604,40748
39096,39583,40710
38660,39581,40647
38024,39576,40637
37496,39593,40631
36670,39623,40636
35916,39645,40676
35236,39655,40636
34908,39645,40488
34272,39611,40454
33592,39613,40408
32868,39589,40380
32188,39591,40312
31668,39591,40348
31352,39607,40236
31240,39644,40199
31288,39663,40185
31188,39653,40164
31073,39647,40116
31012,39636,39906
30917,39600,39941
30932,39567,39990
31004,39580,39865
30996,39599,39852
31004,39599,39829
31100,39629,39633
31280,39615,39577
31304,39652,39520
31320,39639,39479
31396,39631,39525
31512,39591,39468
31396,39575,39431
31392,39579,39370
31356,39549,39343
31432,39583,39324
31448,39616,39216
31540,39639,39204
31500,39630,39105
31460,39637,39096
31440,39617,39058
31404,39575,38884
31404,39558,38804
31560,39559,38884
31796,39572,38788
31856,39574,38769
31932,39599,38742
31918,39616,38551
31981,39620,38531
32093,39581,38529
31916,39597,38492
31800,39579,38492
31861,39546,38398
31860,39543,38372
31856,39558,38324
32008,39556,38298
32032,39584,38119
31812,39605,38063
31761,39609,38036
31736,39573,38089
31528,39593,37996
31312,39559,37952
31348,39543,37836
31509,39552,37749
31449,39536,37801
31316,39548,37787
31348,39587,37733
31456,39606,37669
31472,39604,37594
31444,39585,37577
31356,39588,37439
31260,39559,37412
31029,39525,37351
30998,39535,37284
30924,39515,37249
30909,39537,37221
30993,39579,37165
31132,39606,37144
31101,39593,37116
31097,39580,37121
31096,39580,37048
31032,39547,37025
30972,39521,37005
30849,39527,37044
30868,39485,37029
30664,39543,36992
30412,39559,36956
30388,39589,36940
30554,39568,36943
30600,39577,36836
30488,39567,36781
30413,39544,36743
30404,39519,36743
30344,39504,36752
30284,39519,36793
30373,39519,36744
30396,39559,36733
30344,39593,36735
30398,39583,36585
30444,39571,36609
30468,39567,36660
30444,39532,36615
30392,39513,36596
30328,39504,36589
30392,39521,36572
30348,39527,36485
30380,39553,36463
30448,39565,36404
30580,39559,36416
30672,39554,36482
30712,39553,36465
30844,39517,36433
30860,39495,36404
30956,39500,36391
31000,39463,36368
31072,39509,36359
31244,39543,36356
31444,39551,36343
31596,39551,36248
31838,39517,36196
32028,39527,36276
32021,39495,36261
32188,39431,36176
32396,39477,36129
32429,39468,36173
32424,39484,36188
32614,39518,36154
32772,39519,36145
32868,39527,36140
32944,39511,36013
33009,39517,36077
33280,39481,36068
33392,39455,36036
33292,39455,36029
33376,39465,35908
33425,39429,35975
33688,39498,35980
33721,39508,35952
33805,39504,35911
33880,39507,35885
33860,39492,35878
33800,39449,35758
33716,39440,35837
33732,39415,35765
33740,39447,35772
33720,39452,35665
33776,39492,35644
33844,39485,35684
33912,39495,35621
33936,39480,35605
33976,39477,35516
33924,39445,35477
33812,39428,35420
33748,39424,35477
33772,39431,35425
33788,39431,35416
33916,39463,35325
34001,39487,35264
34068,39478,35326
34028,39470,35273
34008,39471,35265
33948,39431,35168
33896,39371,35120
33768,39407,35130
33752,39415,35144
33896,39415,35103
33988,39452,35101
34092,39463,35001
34068,39466,34963
33984,39461,35001
34024,39447,34985
33993,39413,34969
33936,39401,34864
33988,39407,34852
33976,39388,34889
34208,39407,34861
34170,39440,34832
34167,39463,34772
34153,39457,34729
33984,39452,34780
33896,39440,34740
33864,39415,34703
33796,39390,34695
33844,39357,34622
33794,39356,34583
33822,39397,34553
33856,39431,34596
33976,39463,34580
33932,39454,34559
33768,39413,34543
33640,39431,34487
33568,39404,34453
33568,39387,34485
33428,39389,34481
33376,39399,34453
33496,39399,34444
33603,39431,34369
33640,39452,34389
33600,39425,34400
33556,39439,34397
33524,39431,34369
33524,39401,34386
33492,39389,34332
33412,39372,34287
33464,39385,34295
33520,39397,34321
33612,39429,34351
33644,39449,34332
33644,39447,34330
33440,39431,34311
33448,39399,34308
33484,39403,34309
33420,39373,34293
33381,39375,34263
33384,39388,34254
33344,39401,34239
33472,39412,34239
33448,39452,34257
33440,39431,34252
33444,39444,34237
33381,39431,34232
33294,39396,34221
33152,39343,34205
33156,39381,34204
33408,39391,34183
33436,39392,34183
33464,39428,34167
33528,39463,34173
33524,39431,34102
33400,39431,34101
33428,39417,34135
33431,39392,34140
33346,39381,34133
33428,39386,34116
33429,39376,34114
33384,39392,34109
33348,39431,34055
33328,39431,34049
33344,39447,34088
33180,39431,34100
33006,39428,34081
33092,39393,34085
33056,39364,34023
33005,39391,34038
33032,39381,34055
33180,39398,34054
33284,39431,34055
33316,39446,34013
33348,39447,34038
33292,39441,34020
33377,39431,33972
33232,39396,33941
33236,39375,33945
33292,39385,33952
33308,39386,33975
33460,39396,33956
33504,39431,33947
33573,39457,33927
33680,39431,33916
33680,39447,33893
33504,39431,33882
33580,39404,33869
33632,39391,33860
33384,39397,33799
33304,39364,33781
33309,39412,33755
33425,39431,33738
33444,39458,33772
33396,39462,33749
33352,39455,33743
33312,39429,33709
33292,39412,33692
33304,39399,33678
33328,39362,33620
33352,39399,33613
33300,39413,33598
33285,39453,33608
33412,39464,33607
33401,39463,33577
33236,39449,33566
33128,39440,33559
33144,39412,33540
33148,39399,33524
33136,39402,33516
33252,39410,33513
33261,39425,33514
33112,39447,33508
33112,39462,33485
33200,39464,33485
33240,39455,33489
33028,39453,33492
33008,39412,33481
33020,39399,33487
33068,39396,33485
33024,39404,33464
32900,39406,33477
32838,39446,33471
32772,39468,33476
32436,39447,33459
31668,39468,33428
30646,39460,33436
29600,39431,33457
28786,39376,33439
28121,39376,33436
27498,39415,33431
27168,39425,33421
26948,39463,33396
26921,39501,33384
27388,39492,33383
28480,39479,33372
30568,39458,33364
33624,39425,33336
37096,39399,33319
40812,39380,33316
44336,39373,33316
47005,39364,33322
48708,39402,33309
49804,39406,33298
49668,39404,33287
48192,39401,33270
46401,39401,33255
45092,39368,33238
43916,39358,33217
42980,39368,33214
42409,39381,33194
41860,39385,33191
40964,39430,33175
39768,39452,33165
38592,39452,33137
37452,39446,33125
36204,39444,33116
35092,39423,33096
34053,39412,33093
33153,39415,33092
32432,39393,33097
31844,39431,33116
31560,39468,33119
31424,39481,33121
31228,39484,33119
31028,39447,33121
30852,39460,33123
30732,39431,33124
30652,39420,33125
30616,39430,33136
30564,39431,33136
30580,39444,33148
30711,39474,33156
30788,39445,33163
30652,39477,33170
30676,39473,33175
30697,39470,33188
30584,39431,33159
30460,39420,33161
30560,39431,33181
30720,39384,33204
30873,39431,33206
30876,39477,33217
30968,39484,33222
31072,39476,33244
31152,39478,33242
31264,39469,33246
31134,39428,33248
31085,39404,33252
31008,39421,33241
31060,39428,33247
31102,39431,33237
31166,39479,33245
31152,39492,33237
31132,39445,33232
31232,39479,33220
31192,39479,33212
31164,39431,33220
31005,39415,33204
30952,39421,33198
31060,39431,33185
31140,39412,33180
31200,39483,33172
31232,39487,33169
31280,39486,33147
31244,39480,33132
31164,39476,33129
31032,39447,33116
30956,39388,33106
31004,39429,33092
30940,39431,33082
30796,39445,33069
30821,39476,33037
30880,39503,33024
30841,39501,33011
30756,39459,32996
30832,39482,33011
30784,39431,32997
30696,39431,32986
30640,39429,32975
30680,39452,32958
30596,39460,32956
30572,39490,32956
30424,39509,32957
30392,39476,32943
30376,39492,32942
30237,39493,32936
30160,39463,32940
30064,39430,32929
29870,39459,32937
29845,39452,32937
29852,39456,32925
29816,39497,32918
29832,39508,32911
29780,39511,32916
29697,39508,32919
29492,39493,32916
29436,39428,32903
29408,39440,32916
29356,39455,32920
29513,39455,32933
29460,39476,32932
29380,39505,32937
29416,39519,32930
29504,39487,32927
29472,39506,32932
29452,39495,32929
29308,39465,32925
29021,39453,32924
28910,39444,32916
28964,39412,32903
29024,39460,32927
29084,39511,32921
29240,39524,32930
29288,39512,32925
29368,39508,32919
29400,39509,32916
29365,39431,32910
29352,39455,32908
29428,39444,32903
29600,39469,32894
29816,39469,32893
29996,39495,32886
30032,39516,32829
30168,39511,32864
30408,39507,32871
30545,39463,32864
30782,39463,32853
31029,39412,32855
31264,39431,32840
31474,39436,32836
31728,39463,32821
31948,39493,32804
32256,39506,32804
32500,39482,32792
32620,39489,32786
32702,39476,32775
32797,39445,32753
32836,39431,32742
32982,39431,32732
33157,39445,32716
33164,39452,32711
33388,39490,32689
33562,39502,32684
33724,39493,32671
33772,39491,32652
33686,39431,32641
33716,39449,32621
33724,39424,32613
33856,39431,32564
33716,39441,32574
33896,39449,32564
33856,39495,32553
34073,39468,32540
34020,39457,32519
33968,39469,32516
33996,39461,32500
33968,39447,32476
33852,39431,32444
33802,39431,32430
33940,39449,32431
33984,39448,32407
34108,39501,32390
34161,39509,32378
34164,39495,32373
34116,39496,32357
34076,39457,32344
34032,39447,32328
33909,39429,32312
33992,39445,32321
34025,39447,32314
34052,39471,32312
34092,39496,32313
34108,39519,32296
34065,39492,32285
33916,39505,32285
33788,39495,32273
33788,39468,32263
33641,39415,32261
33628,39453,32272
33700,39461,32263
33936,39484,32274
33937,39513,32263
33944,39535,32256
33985,39522,32263
33944,39513,32253
33816,39500,32260
33836,39485,32243
33756,39475,32245
33612,39483,32248
33588,39449,32260
33736,39489,32244
33712,39532,32236
33652,39551,32243
33616,39533,32250
33620,39545,32260
33636,39525,32257
33572,39495,32254
33505,39481,32244
33516,39494,32237
33584,39490,32250
33652,39511,32247
33625,39540,32263
33688,39557,32263
33660,39559,32261
33652,39543,32261
33684,39541,32262
33520,39516,32272
33408,39511,32280
33516,39508,32281
33573,39517,32292
33668,39532,32295
33656,39549,32305
33668,39585,32311
33692,39577,32316
33624,39572,32316
33617,39559,32333
33512,39529,32335
33488,39524,32351
33508,39509,32358
33516,39540,32364
33612,39547,32391
33560,39589,32406
33612,39612,32409
33572,39597,32405
33528,39589,32423
33412,39580,32425
33449,39559,32425
33468,39548,32432
33396,39559,32432
33456,39574,32444
33520,39591,32460
33592,39614,32468
33560,39632,32479
33656,39631,32479
33740,39623,32481
33652,39615,32487
33396,39591,32504
33388,39580,32500
33276,39591,32503
33396,39596,32512
33420,39588,32509
33444,39653,32468
33580,39671,32518
33448,39661,32540
33208,39660,32543
33277,39652,32551
33268,39600,32546
33109,39612,32549
33212,39605,32549
33324,39624,32560
33356,39641,32574
33464,39681,32570
33518,39708,32559
33481,39692,32573
33360,39698,32581
33316,39680,32593
33396,39655,32593
33361,39636,32593
33360,39655,32596
33428,39677,32592
33457,39657,32614
33464,39723,32604
33504,39739,32610
33389,39735,32616
33320,39735,32617
33270,39726,32615
33212,39701,32620
32952,39668,32617
33078,39695,32624
32996,39711,32621
32984,39696,32615
32918,39781,32609
33000,39776,32629
33012,39776,32636
32956,39751,32632
33000,39765,32646
32860,39738,32644
32784,39737,32660
32677,39744,32655
32828,39723,32658
32855,39775,32653
33208,39815,32654
32991,39821,32671
32924,39827,32660
33017,39824,32665
33020,39813,32665
32952,39775,32668
32876,39780,32671
33180,39796,32669
33208,39796,32672
33125,39831,32673
33113,39870,32687
33208,39884,32700
33200,39884,32695
33248,39884,32700
33188,39879,32704
33160,39845,32711
33260,39826,32692
32900,39855,32724
33052,39863,32725
33216,39886,32733
33136,39917,32739
33072,39940,32740
33140,39934,32749
33308,39893,32753
33288,39930,32765
33192,39916,32762
33088,39893,32788
33068,39909,32804
33084,39912,32815
33056,39935,32821
33148,39986,32847
33192,40006,32821
33292,39957,32857
33256,39990,32891
33194,39984,32901
33172,39965,32900
33116,39943,32892
33164,39972,32929
33201,39943,32943
33198,40004,32962
33226,40040,32968
33144,40020,32981
33108,40060,32997
33038,40061,33016
32972,40047,33037
32992,40023,33045
32882,40009,33053
32888,40032,33061
33068,40052,33071
33004,40033,33087
32868,40116,33100
32654,40129,33108
32237,40137,33111
31212,40136,33120
30205,40087,33122
29336,40110,33139
28632,40105,33137
27936,40135,33153
27200,40141,33157
26684,40169,33160
26608,40212,33159
26808,40216,33175
27584,40224,33180
29004,40229,33183
31600,40196,33185
34784,40173,33194
38392,40120,33201
41744,40140,33209
44744,40164,33221
47336,40156,33220
49056,40199,33219
49968,40221,33226
49344,40213,33226
47944,40228,33244
46228,40225,33242
45134,40196,33250
43908,40194,33267
43008,40219,33268
42388,40237,33268
41669,40257,33275
40596,40293,33287
39480,40327,33285
38272,40335,33296
37004,40340,33305
35864,40332,33321
34816,40327,33327
33700,40327,33332
32716,40325,33354
32088,40358,33360
31607,40385,33372
31288,40429,33398
31116,40445,33412
31024,40417,33437
30929,40438,33457
30861,40430,33490
30796,40410,33500
30748,40406,33517
30656,40420,33540
30604,40442,33559
30673,40445,33570
30768,40487,33596
30780,40509,33616
30752,40519,33616
30726,40521,33625
30624,40511,33647
30548,40487,33676
30428,40499,33692
30476,40455,33708
30721,40515,33731
30704,40551,33748
30796,40576,33767
30688,40604,33788
30744,40551,33790
30856,40599,33808
30836,40591,33828
30720,40564,33840
30708,40567,33857
30700,40583,33869
30844,40546,33881
30984,40615,33888
31128,40668,33908
31124,40678,33901
31132,40685,33903
31148,40679,33903
31188,40668,33904
31244,40629,33918
31092,40637,33932
30988,40661,33937
31012,40669,33943
30888,40689,33940
30977,40733,33943
31060,40753,33938
30885,40759,33938
30784,40735,33940
30732,40743,33924
30660,40732,33927
30701,40724,33927
30780,40743,33924
30752,40752,33933
30648,40783,33932
30644,40823,33927
30688,40823,33927
30628,40834,33926
30520,40835,33917
30412,40823,33926
30344,40805,33924
30264,40806,33927
30356,40763,33927
30348,40832,33948
30394,40855,33948
30413,40896,33951
30540,40860,33951
30392,40911,33956
30308,40904,33948
30060,40902,33956
29921,40885,33982
29892,40869,33981
29873,40895,33999
29760,40900,34005
29785,40932,34004
29828,40967,34023
29840,40964,34028
29744,40967,34018
29696,40980,34044
29624,40967,34041
29524,40906,34069
29392,40956,34079
29300,40964,34085
29168,40983,34097
29068,41005,34111
29053,41039,34104
29124,41057,34114
29272,41000,34120
29088,41058,34120
28916,41041,34127
28812,40965,34130
28773,41017,34156
28768,41023,34167
28840,40988,34156
28896,41065,34159
28957,41115,34155
29004,41111,34160
29052,41120,34180
29108,41116,34183
28996,41100,34181
28820,41084,34175
28824,41036,34167
28957,41087,34152
29028,41108,34151
29132,41129,34173
29304,41156,34156
29448,41125,34151
29548,41175,34143
29764,41172,34133
29892,41157,34124
29988,41133,34116
30080,41135,34112
30336,41133,34095
30560,41157,34093
30832,41183,34079
31192,41213,34082
31520,41220,34071
31784,41218,34052
32076,41215,34044
32277,41181,34036
32412,41168,34016
32556,41159,34015
32736,41173,34010
33052,41197,34001
33224,41188,33993
33316,41261,33975
33433,41263,33964
33604,41258,33949
33568,41261,33949
33468,41212,33945
33516,41220,33945
33616,41220,33927
33588,41223,33917
33657,41225,33909
33720,41269,33888
33764,41276,33885
33900,41303,33885
33932,41295,33872
33872,41300,33860
33808,41247,33846
33752,41260,33850
33752,41253,33840
33724,41247,33822
33812,41279,33804
33820,41309,33786
33924,41334,33767
33948,41346,33760
33924,41335,33759
33829,41325,33745
33804,41327,33742
33742,41281,33732
33780,41284,33724
33820,41309,33711
33797,41312,33703
33716,41340,33689
33796,41378,33684
34008,41351,33673
34045,41373,33661
33888,41372,33660
33852,41351,33647
33876,41280,33639
33788,41317,33642
33748,41343,33630
33732,41347,33622
33772,41340,33615
33837,41401,33631
33820,41412,33623
33766,41408,33606
33592,41383,33606
33517,41391,33582
33445,41360,33571
33516,41358,33564
33534,41351,33575
33547,41368,33564
33516,41358,33552
33556,41436,33550
33496,41447,33551
33409,41436,33563
33328,41433,33532
33308,41422,33537
33420,41351,33517
33293,41389,33529
33340,41388,33535
33397,41415,33529
33360,41389,33532
33432,41469,33509
33460,41468,33511
33508,41471,33509
33464,41455,33500
33336,41437,33479
33264,41414,33488
33248,41408,33508
33304,41372,33503
33492,41422,33485
33589,41444,33497
33632,41479,33492
33785,41487,33501
33856,41476,33492
33700,41479,33495
33604,41463,33479
33536,41421,33476
33488,41430,33476
33532,41428,33474
33525,41447,33465
33504,41469,33466
33484,41468,33465
33569,41502,33461
33550,41505,33462
33551,41495,33463
33576,41478,33445
33552,41448,33437
33548,41440,33426
33460,41455,33412
33428,41463,33407
33324,41479,33400
33388,41524,33388
33552,41524,33405
33480,41479,33388
33416,41510,33402
33472,41492,33380
33445,41460,33365
33376,41452,33372
33456,41474,33348
33496,41479,33329
33505,41493,33333
33585,41532,33311
33534,41533,33295
33448,41525,33335
33372,41514,33287
33309,41493,33303
33197,41428,33278
33112,41465,33277
33084,41476,33287
33116,41479,33252
33212,41519,33252
33176,41535,33284
33269,41546,33255
33324,41543,33247
33328,41524,33227
33330,41476,33230
33348,41479,33235
33352,41476,33229
33212,41479,33218
33096,41492,33197
33068,41513,33207
33153,41543,33220
33308,41551,33185
33360,41548,33191
33392,41521,33162
33364,41515,33191
33284,41479,33166
33286,41479,33156
33252,41492,33138
33208,41509,33156
33138,41516,33141
33112,41541,33135
33144,41548,33108
33100,41550,33153
33168,41543,33118
32980,41509,33082
32725,41499,33124
32836,41479,33095
33092,41479,33088
33197,41503,33105
33196,41479,33078
33262,41557,33092
33293,41559,33076
33244,41555,33088
33100,41543,33090
32912,41517,33061
32918,41495,33064
32892,41479,33065
32944,41495,33052
33068,41506,33069
32952,41479,33084
32996,41556,33053
32889,41552,33063
32824,41549,33044
32864,41547,33087
32952,41495,33053
32933,41479,33047
32792,41479,33067
32805,41501,33063
32880,41492,33044
32932,41516,33081
33040,41511,33087
33124,41548,33061
33180,41559,33057
33200,41543,33057
33112,41512,33090
32996,41445,33064
33020,41479,33055
33084,41479,33057
33132,41503,33064
33086,41513,33058
33208,41548,33079
33288,41551,33061
33260,41540,33063
33260,41496,33071
33188,41500,33079
33182,41474,33064
33141,41476,33079
33068,41477,33100
32976,41479,33102
33065,41521,33087
33100,41543,33096
33140,41537,33100
33124,41524,33146
33028,41523,33120
32984,41473,33140
33012,41473,33141
33052,41461,33140
32996,41469,33149
33008,41479,33193
33061,41511,33204
33176,41525,33207
33248,41540,33229
33220,41519,33221
33240,41510,33279
33200,41495,33284
33124,41441,33276
33125,41452,33287
33124,41449,33315
33124,41436,33317
33120,41479,33336
33200,41529,33380
33156,41531,33375
33140,41513,33406
33016,41513,33407
32972,41479,33424
32917,41456,33451
32840,41415,33468
32838,41447,33457
32592,41455,33500
31896,41479,33503
30925,41514,33524
29844,41501,33492
28972,41513,33575
28397,41512,33573
27854,41489,33599
27329,41458,33597
26930,41459,33634
26960,41471,33632
27433,41473,33663
28344,41493,33689
29802,41516,33696
32308,41516,33698
35472,41479,33732
38976,41476,33748
42436,41439,33761
45384,41388,33773
47272,41380,33809
48254,41392,33825
48604,41395,33831
47700,41414,33864
45812,41463,33892
43980,41461,33909
42852,41453,33925
41912,41445,33936
41252,41399,33959
40668,41393,33998
40076,41383,34014
39360,41415,34035
38404,41412,34053
37436,41441,34076
36520,41476,34111
35640,41463,34118
34709,41479,34148
33868,41471,34158
33056,41425,34213
32382,41420,34232
31833,41417,34252
31478,41380,34276
31204,41428,34333
30992,41455,34368
31008,41436,34403
31045,41495,34407
31004,41471,34439
30885,41470,34495
30772,41444,34517
30653,41410,34522
30628,41373,34578
30696,41410,34604
30724,41421,34606
30736,41415,34645
30768,41471,34687
30804,41469,34702
30856,41429,34664
30844,41449,34733
30837,41418,34751
30744,41398,34772
30788,41388,34791
30844,41393,34831
30913,41405,34868
31020,41388,34883
31116,41461,34903
31162,41449,34886
31120,41399,34884
31100,41432,34916
31176,41405,34959
31172,41372,34953
31220,41373,34973
31316,41380,34959
31393,41385,34959
31508,41399,34973
31484,41388,34991
31492,41443,35005
31390,41435,34984
31388,41416,35003
31388,41382,35007
31317,41373,34951
31204,41356,34975
30985,41369,34996
31008,41333,34989
31133,41398,34980
31128,41427,34943
31076,41423,34941
31066,41411,34936
31108,41412,34937
31060,41347,34980
30944,41350,34961
30860,41340,34964
30894,41351,34956
30922,41359,34945
31001,41383,34931
30972,41409,34937
30989,41380,34932
30976,41396,34945
30956,41395,34937
30896,41372,34945
30856,41334,34950
30764,41340,34918
30648,41297,34928
30650,41341,34977
30608,41357,34982
30596,41399,34983
30564,41399,34992
30421,41351,35012
30288,41372,34988
30148,41351,35004
30020,41325,34996
29932,41317,35062
29918,41295,35055
29880,41333,35068
30020,41351,35049
30038,41396,35076
30080,41380,35097
29984,41376,35103
29832,41341,35100
29754,41334,35077
29740,41317,35089
29589,41311,35120
29672,41271,35142
29760,41327,35135
29640,41348,35137
29656,41358,35141
29616,41371,35108
29496,41348,35142
29520,41351,35129
29486,41285,35142
29272,41295,35103
29184,41287,35108
29204,41302,35142
29328,41303,35132
29404,41324,35117
29505,41349,35124
29613,41340,35071
29644,41341,35089
29636,41295,35095
29605,41293,35100
29596,41277,35065
29700,41260,35071
29828,41270,35057
29852,41287,35071
29976,41297,35049
30020,41323,35045
30232,41286,35012
30525,41301,34989
30800,41312,34981
30900,41244,34988
31052,41241,35005
31252,41237,34977
31480,41237,34977
31696,41229,34967
31977,41264,34951
32158,41284,34932
32348,41285,34863
32545,41273,34880
32704,41261,34888
32877,41237,34887
32976,41205,34868
33076,41199,34844
33284,41168,34834
33441,41215,34823
33622,41232,34782
33664,41223,34764
33728,41253,34791
33700,41247,34767
33704,41199,34756
33804,41199,34737
33800,41183,34704
33708,41136,34695
33740,41167,34695
33808,41182,34685
33964,41196,34669
34000,41220,34657
33976,41223,34638
34036,41215,34609
33972,41189,34588
34000,41175,34589
34005,41140,34576
33968,41135,34550
33908,41143,34543
34030,41141,34530
34236,41148,34504
34376,41191,34479
34272,41189,34468
34137,41180,34472
34140,41174,34459
34149,41133,34425
34012,41108,34436
33948,41069,34415
33960,41119,34412
34145,41108,34402
34196,41108,34399
34169,41152,34383
34156,41157,34375
34108,41143,34341
34072,41143,34336
33988,41118,34340
34016,41087,34324
34149,41031,34304
34088,41079,34284
34136,41083,34277
34140,41113,34265
34160,41095,34270
34064,41126,34251
34034,41117,34242
33996,41111,34220
33928,41077,34188
33852,41052,34183
33972,41047,34196
34041,41017,34169
34012,41042,34167
34009,41076,34149
34012,41095,34151
34008,41088,34136
33972,41086,34130
33996,41077,34100
33908,41047,34108
33604,40993,34099
33500,41023,34089
33568,41029,34076
33600,40981,34055
33712,41044,34055
33708,41064,34055
33756,41063,34055
33636,41030,34039
33572,41050,34028
33708,41007,34025
33796,40983,34015
33872,40982,34009
33941,40956,33996
33968,40983,33996
34000,41004,33993
33893,41035,33927
33872,41033,33973
33808,41019,33972
33761,40997,33974
33688,40981,33975
33656,40951,33965
33620,40944,33964
33524,40954,33944
33653,40949,33957
33728,40977,33951
33740,41004,33949
33748,40954,33937
33772,40991,33925
33800,40967,33916
33764,40943,33917
33832,40906,33916
33814,40912,33913
33840,40916,33908
33901,40919,33906
33856,40959,33903
33632,40967,33914
33524,40967,33923
33588,40949,33919
33568,40945,33919
33512,40911,33913
33384,40879,33915
33464,40876,33916
33444,40873,33916
33513,40885,33911
33540,40876,33912
33384,40935,33908
33564,40937,33911
33600,40917,33927
33512,40908,33933
33480,40876,33932
33482,40847,33927
33292,40796,33941
33152,40847,33927
33196,40855,33941
33304,40863,33940
33260,40903,33937
33376,40898,33935
33354,40884,33948
33424,40876,33959
33484,40852,33957
33501,40815,33959
33420,40801,33959
33385,40823,33959
33320,40783,33959
33260,40852,33948
33229,40870,33952
33077,40863,33959
32948,40855,33973
33046,40839,33975
33072,40807,33975
33040,40783,33977
33020,40775,33976
32944,40783,33988
32892,40789,33980
32929,40806,33964
32952,40836,33980
33036,40833,33983
33102,40789,33981
32984,40812,33988
32912,40772,33988
32972,40751,33988
32868,40759,33995
32848,40735,33988
33056,40758,33977
33156,40780,33993
33341,40807,33985
33460,40804,33981
33436,40795,33981
33368,40788,33976
33236,40748,33981
33168,40693,33973
33128,40725,33972
33172,40712,33973
33244,40727,33965
33300,40748,33959
33288,40765,33951
33316,40764,33949
33326,40757,33944
33340,40748,33948
33230,40709,33943
33096,40689,33935
33108,40645,33936
33160,40687,33932
33308,40685,33948
33376,40711,33945
33268,40701,33948
33332,40725,33948
33412,40719,33940
33440,40708,33929
33326,40677,33933
33169,40649,33887
33084,40644,33912
32980,40636,33940
33064,40646,33920
33104,40669,33927
33148,40695,33927
33144,40689,33945
33128,40673,33936
32965,40652,33948
33076,40632,33945
32960,40607,33951
32848,40599,33943
32952,40604,33948
32840,40607,33956
33004,40639,33940
33308,40615,33956
33304,40655,33952
33304,40634,33949
33024,40628,33957
32725,40556,33959
32424,40565,33949
31849,40572,33957
31028,40578,33964
29980,40580,33977
29117,40620,33979
28493,40639,33978
27852,40629,33974
27180,40621,33994
26973,40621,33956
27180,40577,34012
27637,40558,34008
28556,40556,34029
30248,40551,34036
33188,40544,34046
36492,40556,34054
39909,40557,34063
43392,40556,34074
46216,40524,34089
47748,40496,34100
48556,40481,34115
48320,40455,34132
46880,40455,34148
45380,40455,34149
44152,40455,34167
43304,40498,34183
42496,40521,34209
41840,40515,34209
41316,40502,34236
40604,40491,34244
39412,40466,34272
38332,40442,34273
37344,40435,34292
36036,40425,34311
34992,40455,34332
34292,40489,34352
33660,40520,34370
32828,40520,34399
32168,40469,34389
31764,40495,34439
31404,40468,34468
31100,40441,34484
31168,40422,34519
30964,40449,34553
30972,40436,34581
30897,40466,34623
30822,40501,34648
30604,40444,34682
30832,40473,34711
30816,40471,34710
30720,40436,34743
30696,40415,34751
30560,40400,34808
30732,40407,34868
30644,40412,34919
30542,40392,34951
30808,40455,34972
30776,40455,35005
30892,40447,35048
30881,40439,35089
30812,40384,35128
30713,40374,35169
30657,40381,35196
30856,40374,35221
30948,40383,35286
31050,40381,35280
31037,40408,35308
31008,40420,35375
31233,40364,35412
31456,40399,35452
31444,40364,35482
31412,40327,35522
31389,40327,35556
31372,40341,35581
31288,40337,35583
31408,40365,35578
31504,40388,35607
31625,40385,35622
31574,40366,35668
31388,40361,35654
31322,40335,35637
31318,40271,35648
31288,40300,35686
31286,40313,35741
31296,40303,35751
31204,40308,35738
31308,40359,35744
31228,40357,35743
31092,40332,35733
31005,40334,35660
30960,40295,35675
30852,40260,35686
30884,40261,35711
30806,40244,35693
30868,40270,35669
30820,40301,35652
30840,40278,35644
30921,40317,35652
30977,40292,35647
30872,40296,35629
30768,40219,35557
30756,40223,35600
30620,40231,35607
30488,40191,35596
30324,40221,35572
30253,40261,35590
30469,40275,35567
30382,40272,35544
30188,40264,35555
30117,40265,35556
30029,40220,35493
29888,40199,35465
29746,40190,35465
29692,40199,35463
29652,40199,35436
29585,40231,35460
29792,40255,35488
29745,40240,35479
29532,40188,35461
29348,40236,35473
29309,40188,35452
29316,40165,35445
29268,40165,35431
29404,40161,35416
29332,40167,35406
29400,40199,35399
29418,40199,35388
29456,40207,35375
29462,40196,35369
29424,40193,35297
29358,40129,35260
29416,40133,35249
29498,40121,35238
29376,40141,35224
29544,40122,35244
29524,40158,35247
29564,40172,35228
29540,40173,35197
29668,40164,35175
29796,40151,35164
29952,40119,35152
29886,40036,35121
30164,40081,35108
30314,40092,35015
30512,40092,34988
30776,40087,34964
30957,40136,34962
31144,40129,34951
31400,40118,34929
31740,40111,34901
31888,40060,34852
31914,40036,34812
32097,40045,34790
32284,40007,34716
32420,40045,34665
32628,40087,34631
32916,40092,34591
33119,40063,34567
33172,40065,34535
33344,40064,34477
33345,40019,34439
33332,39999,34422
33384,40004,34412
33516,40007,34365
33489,39999,34316
33520,40032,34284
33637,40052,34250
33668,40045,34182
33596,40031,34140
33548,40028,34112
33560,39957,34100
33561,39972,34068
33722,39959,34028
33945,39961,33990
33996,39930,33951
33989,39990,33906
34076,40017,33868
34092,40007,33836
34128,39996,33788
34128,39997,33744
34090,39957,33733
34074,39932,33693
33908,39903,33669
33764,39926,33639
33728,39935,33614
33726,39967,33594
33760,39979,33573
33844,39960,33553
33856,39953,33514
33724,39943,33497
33684,39909,33477
33656,39888,33463
33656,39885,33439
33701,39888,33414
33644,39890,33380
33672,39927,33356
33726,39939,33348
33793,39929,33351
33704,39891,33317
33624,39909,33287
33592,39879,33269
33526,39829,33279
33537,39847,33257
33576,39860,33252
33628,39863,33233
33792,39888,33218
33908,39911,33198
33880,39892,33195
33744,39895,33188
33556,39879,33207
33464,39843,33194
33401,39822,33199
33404,39780,33194
33468,39831,33192
33501,39831,33189
33572,39860,33191
33620,39872,33209
33624,39871,33208
33633,39863,33220
33581,39852,33255
33460,39812,33277
33328,39802,33287
33250,39761,33316
33208,39802,33334
33185,39803,33357
33200,39826,33381
33336,39844,33415
33312,39847,33445
33176,39837,33476
33056,39813,33509
32936,39783,33540
32805,39719,33580
32736,39754,33621
32753,39763,33664
32620,39775,33708
32577,39801,33757
32732,39775,33817
32912,39802,33866
32992,39796,33914
33072,39783,33965
33226,39752,34031
33172,39738,34089
33208,39732,34109
33277,39733,34194
33332,39743,34246
33469,39767,34311
33456,39766,34382
33268,39777,34452
33128,39759,34484
33013,39752,34555
32864,39726,34637
32869,39694,34711
32940,39687,34764
33102,39700,34823
33092,39700,34880
33036,39732,34959
33108,39757,34980
33183,39751,35042
33144,39744,35060
33044,39732,35132
32972,39687,35184
32876,39665,35280
32804,39665,35397
32696,39665,35428
32613,39685,35488
32552,39716,35541
32506,39716,35612
32604,39718,35679
32696,39716,35757
32756,39697,35809
32685,39624,35887
32534,39632,35912
32454,39643,35982
32444,39615,36045
32460,39649,36037
32374,39685,36116
32328,39703,36175
32448,39663,36315
32600,39681,36358
32828,39660,36416
33061,39639,36461
33154,39600,36515
33300,39613,36583
33392,39625,36653
33184,39590,36719
33082,39655,36674
33017,39675,36743
33230,39668,36806
33332,39653,36848
33292,39615,36912
33258,39580,37039
33349,39587,37106
33320,39586,37069
33338,39593,37100
33632,39569,37172
33720,39620,37220
33860,39631,37277
33840,39636,37316
33720,39591,37399
33600,39606,37566
33542,39580,37511
33340,39559,37543
33237,39556,37669
33256,39559,37775
33252,39567,37796
33332,39591,37791
33440,39577,37838
33440,39604,37895
33282,39589,37991
33216,39577,38167
33016,39543,38229
32848,39529,38276
32768,39530,38316
32800,39526,38373
32800,39532,38484
32816,39556,38473
32882,39572,38463
32968,39572,38508
32852,39559,38569
32748,39551,38634
32832,39516,38677
32908,39463,38726
32768,39500,38783
32608,39498,38937
32565,39513,38893
32521,39528,38975
32324,39559,39141
31688,39552,39175
30796,39511,39220
29780,39534,39261
28904,39503,39305
28248,39487,39374
27588,39500,39366
26960,39502,39447
26472,39508,39524
26509,39542,39580
27035,39498,39613
27992,39538,39600
29536,39522,39645
31796,39508,39688
34708,39462,39748
38160,39412,39749
42012,39412,39828
45372,39392,39853
47268,39406,39860
48204,39430,39940
48528,39431,39977
47712,39431,40046
45716,39431,40105
43608,39431,40135
42036,39407,40166
40752,39396,40212
39969,39388,40199
39572,39399,40223
39120,39411,40300
38452,39431,40260
37698,39469,40176
36958,39459,40356
36200,39431,40385
35396,39428,40424
34593,39405,40455
33748,39373,40300
33044,39380,40508
32304,39396,40528
31680,39415,40553
31324,39452,40404
31215,39463,40438
31104,39463,40468
30780,39442,40502
30724,39431,40516
30620,39396,40576
30516,39367,40564
30488,39379,40578
30632,39384,40583
30622,39397,40604
30576,39424,40788
30672,39431,40801
30784,39431,40767
30832,39399,40783
30752,39406,40797
30744,39371,40813
30592,39356,40632
30488,39313,40617
30528,39354,40613
30652,39367,40606
30752,39390,40601
30809,39420,40612
30812,39399,40598
30753,39389,40602
30801,39383,40583
30872,39316,40596
30948,39335,40573
31001,39327,40556
31116,39341,40542
31116,39319,40512
31204,39375,40613
31232,39391,40620
31260,39391,40468
31308,39372,40437
31372,39328,40485
31396,39329,40496
31334,39303,40484
31224,39318,40428
31108,39311,40420
31221,39328,40381
31360,39356,40332
31449,39380,40284
31580,39375,40239
31520,39366,40202
31472,39351,40101
31388,39311,39980
31317,39287,40100
31212,39292,40051
31149,39265,40007
30996,39311,39943
31004,39341,39903
31044,39357,39856
31056,39350,39815
31020,39342,39770
30972,39336,39709
31008,39303,39663
30938,39236,39652
30737,39273,39632
30805,39284,39561
30796,39301,39537
30800,39334,39524
30734,39341,39500
30652,39303,39493
30588,39328,39469
30488,39316,39431
30452,39289,39385
30436,39271,39378
30408,39247,39370
30476,39279,39343
30480,39287,39324
30408,39321,39310
30308,39333,39164
30248,39311,39120
30064,39328,39100
29992,39303,39071
29824,39277,39056
29752,39209,39137
29764,39257,39174
29760,39263,39159
29736,39284,39120
29754,39296,39090
29800,39321,39092
29793,39319,39076
29745,39303,39047
29700,39295,39036
29616,39268,39019
29524,39199,38980
29548,39245,38908
29524,39253,38883
29560,39261,38887
29668,39288,38881
29765,39303,38746
29708,39292,38719
29652,39292,38725
29556,39277,38813
29457,39254,38790
29464,39224,38770
29656,39231,38723
29838,39226,38726
30008,39239,38567
30241,39237,38534
30453,39273,38589
30636,39271,38647
30856,39252,38553
31020,39245,38573
31212,39212,38436
31304,39205,38388
31400,39167,38407
31574,39193,38457
31772,39211,38407
32064,39229,38399
32288,39249,38401
32404,39236,38255
32462,39209,38256
32697,39216,38343
32716,39188,38256
32657,39132,38239
32784,39165,38236
32920,39174,38228
33032,39188,38084
33140,39215,38053
33216,39223,38007
33304,39218,37981
33324,39215,37965
33392,39196,37981
33356,39161,37988
33220,39144,38015
33196,39151,37937
33208,39159,37925
33210,39156,37902
33320,39199,37909
33232,39197,37743
33057,39196,37776
33128,39191,37824
33252,39175,37737
33384,39151,37748
33584,39127,37615
33828,39121,37690
33876,39132,37599
33860,39138,37608
33864,39172,37483
33912,39191,37433
33845,39172,37492
33798,39164,37449
33704,39167,37452
33648,39127,37322
33672,39111,37371
33760,39111,37340
33717,39095,37248
33712,39127,37192
33796,39158,37240
34004,39167,37247
34216,39167,37205
34244,39144,37207
34165,39133,37057
34125,39101,37089
34104,39081,37076
34092,39092,37064
34080,39103,37065
33976,39105,36932
33992,39143,36984
34040,39119,36980
34015,39136,36913
33916,39127,36908
33852,39121,36788
33916,39084,36737
33972,39064,36735
33924,39047,36775
33812,39062,36751
33728,39089,36707
33864,39111,36676
33824,39133,36654
33760,39126,36614
33695,39119,36588
33677,39092,36588
33612,39071,36455
33526,39056,36404
33437,39047,36380
33568,39061,36348
33688,39068,36412
33752,39107,36417
33692,39115,36381
33620,39065,36335
33548,39092,36320
33536,39077,36293
33452,39047,36301
33421,39028,36206
33540,39029,36174
33660,39037,36165
33756,39047,36119
33910,39071,36096
33933,39092,36076
33917,39079,36124
33816,39077,36133
33700,39037,36148
33592,39023,36110
33500,39021,36068
33460,39013,36089
33328,39029,36055
33156,39013,36028
33149,39062,36015
33304,39081,36023
33464,39075,36000
33537,39063,35980
33508,39044,35975
33474,39012,35959
33372,38998,35956
33305,39000,35943
33316,38961,35931
33324,39026,35893
33384,39047,35876
33428,39029,35847
33384,39047,35832
33316,39031,35831
33196,39039,35823
33081,39005,35808
33036,38970,35728
32996,38983,35700
32862,38983,35695
32784,38999,35656
32822,39038,35669
32880,39038,35732
32992,39031,35695
33048,39031,35685
33040,38983,35687
32904,38980,35590
32668,38965,35576
32600,38976,35632
32697,38983,35637
32852,38982,35596
33064,39023,35608
33136,39021,35525
33340,39021,35524
33389,39017,35529
33276,39007,35519
33149,38972,35470
33092,38958,35481
33204,38949,35448
33160,38967,35494
33124,38971,35471
33264,39007,35461
33412,39021,35439
33488,39009,35436
33508,39010,35428
33492,38982,35321
33432,38952,35392
33426,38941,35362
33312,38916,35365
33160,38949,35361
33125,38957,35284
33109,38995,35254
33200,38988,35281
33356,38984,35312
33438,38983,35284
33484,38965,35268
33501,38919,35263
33420,38919,35270
33400,38919,35196
33340,38930,35164
33308,38943,35168
33324,38941,35169
33368,38983,35202
33328,38967,35216
33241,38975,35221
33262,38948,35182
33113,38909,35127
32805,38896,35187
32772,38909,35221
33088,38906,35204
33244,38919,35222
33472,38964,35124
33616,38962,35148
33652,38944,35207
33612,38949,35185
33512,38943,35190
33508,38886,35141
33444,38879,35100
33372,38887,35151
33296,38901,35185
33144,38902,35185
32879,38931,35167
32320,38965,35164
31404,38919,35105
30288,38943,35116
29326,38943,35144
28528,38866,35152
27770,38895,35079
27284,38887,35040
26920,38911,35143
26988,38916,35118
27488,38955,35124
28344,38959,35120
29790,38943,35108
31976,38924,35115
34808,38913,35028
38052,38854,35008
41776,38828,35013
45193,38821,35041
47152,38820,35056
48072,38831,35060
48376,38856,35000
47632,38877,34997
45855,38866,35060
43972,38878,35039
42496,38861,35049
41218,38832,34991
40278,38822,34989
39712,38831,34992
39348,38833,35023
38892,38855,35009
38252,38876,35001
37544,38909,34997
36774,38893,35015
36050,38892,34921
35248,38869,34945
34404,38852,34948
33634,38839,35004
32996,38844,35011
32353,38846,35007
31952,38871,35025
31680,38897,34975
31484,38913,35047
31325,38875,35041
31236,38895,35076
31158,38880,35047
30948,38809,35029
30860,38837,35135
30904,38840,35133
31036,38831,35162
31048,38871,35073
31068,38885,35095
31140,38905,35150
31204,38893,35188
31252,38882,35213
31214,38839,35188
31120,38841,35225
31124,38823,35158
31140,38836,35140
31192,38845,35223
31160,38855,35260
31092,38901,35231
31032,38889,35244
31088,38848,35264
31184,38861,35273
31272,38860,35204
31364,38831,35196
31352,38819,35181
31453,38821,35140
31552,38828,35146
31516,38844,35147
31444,38878,35132
31456,38872,35125
31468,38877,35192
31456,38865,35180
31484,38861,35152
31394,38812,35065
31392,38804,35143
31380,38812,35103
31460,38818,35087
31472,38815,35068
31504,38865,35068
31381,38868,34999
31384,38869,34948
31340,38862,34989
31209,38852,34986
31144,38817,34959
31188,38796,34884
31220,38808,34942
31240,38815,34901
31208,38821,34857
31200,38854,34872
31252,38868,34866
31284,38858,34852
31168,38832,34856
31087,38839,34770
31033,38806,34796
31004,38799,34804
30956,38791,34818
30884,38811,34760
30792,38823,34797
30802,38842,34797
30812,38863,34767
30668,38860,34733
30472,38820,34817
30484,38828,34797
30532,38791,34821
30425,38791,34773
30336,38807,34762
30272,38764,34823
30280,38823,34845
30264,38841,34781
30268,38857,34807
30176,38808,34848
30140,38844,34860
30112,38823,34799
30076,38798,34788
30036,38789,34874
30008,38757,34895
30000,38791,34876
29969,38812,34905
30049,38837,34814
30041,38839,34822
29794,38846,34900
29712,38830,34883
29744,38820,34828
29668,38751,34839
29717,38780,34889
29720,38789,34868
29700,38791,34881
29648,38764,34900
29840,38837,34777
29836,38839,34805
29728,38839,34866
29684,38831,34859
29744,38796,34756
29870,38773,34845
30004,38766,34815
30124,38772,34820
30260,38767,34716
30341,38784,34781
30560,38816,34770
30824,38778,34693
31050,38808,34687
31176,38805,34716
31364,38780,34693
31372,38751,34607
31505,38743,34663
31586,38751,34582
31841,38733,34607
32068,38767,34589
32328,38791,34589
32533,38791,34481
32796,38789,34516
32925,38775,34519
32892,38756,34490
32932,38735,34428
33041,38708,34407
33349,38727,34420
33478,38725,34405
33720,38747,34301
33732,38775,34340
33720,38791,34322
33704,38773,34288
33740,38767,34188
33704,38743,34234
33740,38715,34211
33777,38676,34207
33900,38711,34116
33849,38708,34112
33892,38724,34118
33904,38749,34080
33856,38770,34055
33752,38759,33959
33652,38742,33980
33712,38740,33954
33693,38707,33924
33709,38653,33821
33777,38680,33855
33863,38695,33799
33832,38706,33784
33852,38737,33687
34000,38756,33711
33908,38727,33668
33800,38722,33636
33756,38712,33542
33876,38663,33573
33700,38663,33524
33668,38679,33463
33840,38677,33436
33988,38695,33441
34104,38684,33407
34144,38736,33324
34084,38727,33353
33948,38716,33308
33956,38703,33281
33964,38631,33223
34048,38655,33183
34120,38660,33191
34224,38647,33141
34202,38687,33088
34292,38718,33049
34336,38701,33039
34364,38720,33001
34297,38711,32961
34142,38695,32895
34060,38663,32841
33956,38659,32805
33676,38625,32768
33564,38661,32768
33637,38687,32724
33717,38713,32685
33860,38710,32654
34008,38711,32581
33896,38663,32551
33840,38679,32519
33712,38655,32519
33748,38647,32464
33928,38645,32442
33836,38652,32413
33901,38663,32379
33908,38676,32348
33886,38700,32311
33764,38695,32284
33768,38684,32255
33796,38663,32223
33772,38641,32200
33584,38629,32169
33584,38639,32138
33527,38636,32105
33472,38660,32061
33548,38687,32051
33533,38693,32023
33448,38685,31980
33524,38676,31955
33564,38652,31897
33656,38624,31885
33700,38613,31857
33640,38615,31829
33644,38625,31789
33685,38644,31751
33828,38683,31734
33836,38680,31703
33792,38663,31669
33796,38657,31644
33672,38644,31615
33577,38609,31591
33377,38591,31546
33468,38609,31548
33705,38620,31516
33580,38636,31484
33612,38663,31460
33728,38663,31435
33732,38660,31413
33664,38650,31412
33604,38625,31367
33568,38598,31336
33476,38592,31324
33516,38591,31299
33516,38599,31287
33544,38628,31281
33553,38655,31244
33632,38661,31215
33712,38648,31203
33548,38614,31168
33546,38617,31143
33444,38593,31163
33384,38559,31140
33328,38591,31129
33338,38592,31100
33372,38609,31077
33488,38636,31068
33596,38636,31040
33581,38639,31018
33432,38631,30991
33470,38615,31012
33280,38583,30995
33212,38544,30977
33192,38580,30956
33172,38588,30940
33168,38564,30921
33140,38631,30930
33292,38637,30933
33373,38628,30896
33220,38623,30879
33068,38598,30865
32948,38569,30852
33018,38556,30844
32984,38564,30823
32984,38575,30852
33052,38591,30841
32949,38623,30820
33040,38620,30785
33168,38612,30788
33185,38620,30780
33280,38599,30767
33287,38567,30764
33296,38561,30744
33304,38547,30747
33364,38569,30724
33416,38587,30716
33493,38616,30747
33509,38606,30713
33508,38621,30709
33472,38606,30692
33384,38557,30680
33353,38549,30702
33436,38540,30683
33424,38559,30653
33364,38559,30670
33492,38535,30657
33572,38605,30623
33528,38608,30655
33436,38575,30623
33244,38598,30626
33292,38581,30596
33198,38548,30593
33104,38528,30606
33104,38543,30616
33208,38529,30598
33212,38564,30583
33376,38597,30564
33420,38598,30607
33456,38583,30590
33608,38599,30558
33452,38565,30535
33308,38551,30574
33272,38490,30553
33245,38543,30520
33256,38543,30572
33336,38567,30534
33384,38591,30545
33308,38575,30535
33260,38583,30533
33233,38585,30532
33225,38564,30526
33137,38531,30550
33168,38529,30527
33248,38494,30527
33280,38535,30521
33296,38551,30534
33216,38587,30557
33116,38565,30524
33044,38580,30524
32671,38573,30502
32100,38548,30563
31461,38532,30521
30444,38518,30520
29584,38522,30522
28833,38543,30521
28136,38553,30519
27572,38580,30517
27000,38609,30508
26889,38559,30543
26832,38583,30506
27276,38566,30502
28212,38498,30492
30728,38522,30503
34096,38517,30533
37948,38501,30516
41636,38500,30492
45080,38517,30488
47856,38516,30501
49532,38501,30508
50380,38492,30493
49833,38471,30488
48088,38455,30482
46460,38453,30481
45168,38455,30450
44080,38457,30485
43126,38491,30487
42508,38527,30452
41888,38524,30470
40776,38521,30434
39516,38527,30487
38241,38524,30428
36964,38480,30444
35968,38499,30439
34884,38498,30461
33980,38484,30449
33084,38529,30445
32326,38568,30473
31740,38580,30442
31400,38567,30466
31148,38578,30461
30896,38541,30463
30669,38479,30500
30604,38508,30537
30496,38516,30533
30424,38487,30516
30400,38549,30503
30497,38573,30537
30504,38548,30572
30460,38579,30586
30400,38573,30563
30334,38551,30572
30373,38519,30580
30492,38517,30588
30622,38517,30599
30640,38526,30599
30636,38524,30650
30700,38582,30641
30701,38577,30653
30748,38573,30657
30808,38580,30657
30749,38551,30682
30738,38516,30716
30697,38510,30687
30692,38516,30697
30785,38501,30709
30828,38551,30713
30888,38573,30701
30924,38580,30751
30940,38565,30725
30916,38567,30714
31040,38556,30756
30908,38527,30727
30736,38522,30724
30760,38524,30716
30728,38527,30701
30767,38557,30727
30920,38585,30720
30936,38585,30698
30968,38583,30685
31008,38579,30684
30988,38552,30658
30856,38527,30702
30836,38472,30671
30880,38529,30660
30880,38535,30637
30732,38567,30638
30888,38588,30661
30892,38598,30630
30788,38536,30596
30690,38583,30637
30544,38572,30594
30520,38511,30580
30384,38535,30610
30360,38519,30560
30486,38550,30573
30500,38578,30543
30632,38597,30573
30624,38615,30528
30556,38605,30538
30332,38604,30511
30092,38535,30509
30010,38559,30532
29961,38548,30520
30028,38521,30499
29968,38567,30516
29860,38586,30505
29772,38577,30500
29717,38628,30495
29776,38608,30516
29720,38619,30520
29652,38599,30484
29606,38562,30497
29409,38573,30486
29340,38575,30480
29375,38575,30516
29200,38605,30527
29184,38645,30510
29212,38641,30493
29102,38637,30506
28944,38633,30478
28952,38612,30529
28896,38579,30513
28844,38588,30499
28833,38588,30502
28824,38599,30498
28760,38594,30522
28777,38645,30524
28748,38661,30493
28714,38655,30492
28588,38648,30505
28536,38623,30494
28525,38601,30505
28529,38551,30486
28660,38603,30505
28863,38611,30510
28784,38612,30495
28756,38663,30497
28820,38663,30495
28992,38663,30505
29212,38658,30519
29280,38639,30490
29376,38573,30464
29616,38613,30497
29953,38613,30485
30252,38614,30468
30584,38639,30511
30792,38660,30481
31173,38677,30470
31412,38663,30448
31572,38639,30489
31836,38628,30453
32128,38612,30439
32370,38599,30428
32592,38615,30409
32852,38623,30435
33152,38647,30452
33192,38679,30430
33472,38690,30393
33565,38668,30393
33638,38672,30380
33700,38649,30360
33760,38626,30357
33692,38599,30342
33672,38631,30330
33769,38631,30367
33940,38663,30333
33984,38684,30310
34112,38671,30293
34356,38685,30300
34308,38681,30278
34169,38628,30297
34140,38617,30292
34136,38629,30305
34016,38631,30286
34081,38647,30260
34080,38660,30215
33888,38695,30225
34016,38705,30215
34068,38712,30210
34100,38697,30200
34180,38671,30188
34224,38646,30175
34148,38645,30162
34000,38655,30149
34029,38663,30207
34148,38693,30207
34176,38695,30172
34068,38727,30148
33848,38717,30148
33800,38723,30161
33802,38696,30159
33712,38663,30143
33720,38695,30184
33830,38687,30181
33760,38687,30173
33904,38719,30175
34084,38736,30148
34284,38753,30185
34228,38733,30221
34036,38733,30215
33856,38718,30187
33760,38693,30196
33686,38689,30208
33580,38708,30200
33386,38711,30240
33564,38740,30235
33876,38761,30258
33744,38775,30247
33716,38769,30308
33428,38767,30338
33396,38751,30332
33221,38713,30349
33648,38716,30343
33504,38716,30381
33544,38734,30404
32996,38748,30421
32853,38776,30431
32876,38791,30530
33076,38789,30540
32932,38789,30546
33005,38759,30583
32984,38728,30589
33472,38739,30637
33384,38741,30674
32824,38756,30674
32685,38780,30701
32864,38799,30711
33180,38817,30740
33200,38773,30764
33560,38801,30805
33860,38780,30845
33204,38767,30865
32876,38749,30908
33152,38769,30917
32772,38777,30959
33244,38791,30985
33493,38829,31008
33624,38843,31075
33964,38831,31087
34143,38828,31116
33576,38807,31144
33744,38767,31176
34072,38771,31206
33832,38780,31221
33988,38791,31229
33940,38823,31272
33712,38852,31271
33609,38823,31270
33996,38841,31263
34196,38843,31260
33937,38816,31252
34108,38791,31232
34037,38789,31223
34228,38791,31192
34036,38813,31167
33960,38821,31141
33918,38866,31132
34168,38872,31103
33856,38854,31052
33873,38848,31017
34004,38837,30951
34100,38809,30964
33976,38815,30892
33936,38823,30847
34028,38829,30793
34020,38854,30777
33992,38881,30738
33976,38887,30672
33956,38884,30622
33932,38879,30583
33848,38857,30548
33774,38829,30502
33696,38824,30445
33732,38845,30388
33680,38840,30398
33740,38879,30348
33756,38900,30259
33700,38910,30228
33616,38900,30159
33556,38905,30180
33516,38872,30141
33436,38849,30049
33284,38854,30020
33400,38844,29959
33444,38854,29881
33448,38889,29936
33612,38916,29837
33600,38919,29820
33556,38887,29760
33400,38916,29710
33260,38887,29727
33108,38863,29686
33160,38869,29682
33102,38851,29648
33044,38883,29589
32940,38905,29548
32868,38933,29545
32904,38917,29488
32881,38932,29460
32780,38919,29453
32904,38908,29446
32704,38893,29444
32894,38885,29415
32744,38889,29385
32692,38901,29309
32720,38919,29289
32892,38919,29300
33060,38953,29264
33117,38959,29236
33232,38952,29314
33352,38919,29253
33256,38871,29221
32872,38895,29208
32564,38909,29183
32856,38895,29184
32972,38943,29270
33164,38932,29164
33364,38980,29155
33276,38977,29212
33386,38959,29226
33165,38943,29264
33092,38916,29202
33252,38914,29154
33149,38912,29189
33036,38933,29167
33228,38944,29167
33416,38983,29276
33308,38996,29266
33380,38986,29184
33461,38974,29209
33188,38959,29224
33098,38919,29221
33088,38919,29210
33020,38927,29199
33520,38949,29215
33196,38981,29265
32912,38994,29327
32872,39001,29332
32996,39003,29261
33064,38985,29312
32856,38969,29285
32364,38945,29335
31712,38919,29404
30973,38961,29348
31420,38967,29380
31692,38996,29393
32100,38999,29396
32936,39005,29421
33576,39005,29424
33264,39008,29486
33304,38943,29567
33232,38956,29572
33321,38945,29548
33629,38957,29543
33408,38944,29587
33180,38988,29610
33136,39017,29682
33160,38996,29668
33544,39008,29630
33752,39023,29655
33689,38972,29699
33564,38963,29743
32980,38935,29695
32780,38970,29700
32128,38972,29695
31204,39008,29681
30208,39044,29703
29548,39044,29764
28640,39013,29751
27981,39047,29679
27388,39023,29672
27048,38985,29671
26993,38989,29665
27348,38985,29645
28144,39005,29620
30037,39021,29589
32796,39044,29605
36292,39029,29600
39596,39008,29612
42780,38992,29508
45612,38957,29500
47344,38919,29472
48368,38908,29438
48446,38916,29389
47284,38940,29414
45852,38972,29428
44740,38995,29380
43748,38997,29297
42828,38997,29252
42144,38990,29232
41492,38969,29220
40608,38943,29190
39464,38957,29156
38304,38967,29114
37208,38977,29108
36145,39005,29095
35028,39042,29068
34076,39047,29048
33204,39059,29164
32552,39047,29158
31960,38996,29157
31568,38990,29152
31300,38984,29069
31237,39004,29080
30944,39006,29108
30896,39038,29111
30950,39063,29110
30924,39060,29102
30952,39058,29097
30916,39047,29092
30980,39028,29107
30856,38999,29081
30800,38969,29084
30844,38959,29081
30844,38975,29085
30788,39015,29080
30816,39061,29095
31004,39058,29087
30952,39062,29052
30964,39047,29039
31040,39023,29017
31020,39012,28999
30988,38997,28989
31088,38999,28996
31188,39012,28981
31072,38996,28947
31008,39055,28926
31217,39065,28948
31381,39061,28970
31352,39055,28980
31440,39031,28954
31436,38951,28896
31304,38999,28832
31048,39012,28773
31100,39012,28764
31084,39041,28715
31144,39024,28700
31264,39063,28684
31384,39055,28617
31472,39009,28580
31372,39023,28538
31316,38995,28512
30780,38992,28574
30840,39011,28559
31084,39007,28461
31188,39039,28407
31280,39065,28405
31377,39064,28361
31504,39052,28333
31660,39032,28328
31764,39016,28333
31568,38996,28279
31292,38998,28250
30908,39011,28302
30736,39015,28381
31068,39044,28342
30956,39077,28365
31120,39029,28370
30940,39012,28399
30752,39055,28394
31072,39021,28397
30844,39004,28445
30688,39003,28471
30560,39015,28465
30728,39008,28517
30616,39046,28482
30461,39074,28486
30776,39055,28486
30822,39052,28519
30801,39047,28569
30776,39021,28607
30700,38981,28625
30492,38996,28677
30408,38999,28708
30368,39015,28748
30316,39047,28798
29900,39028,28858
29612,39029,28888
29644,39053,28951
29913,39047,28965
29764,39023,29033
29914,39001,29063
30037,38996,29141
29884,38981,29164
29584,38996,29207
29280,39047,29276
29357,39063,29318
29568,39063,29352
29396,39053,29382
29492,39047,29488
29364,39016,29487
29034,38996,29494
28648,39002,29541
28604,39004,29613
28846,38983,29662
28636,39032,29703
28728,39056,29677
29012,39049,29743
29204,39046,29849
29136,39047,29925
29064,39009,29953
29128,38999,29975
29228,38976,30001
29280,38994,30016
29376,38993,30053
29578,39031,30088
29536,39062,30081
29660,39040,30116
29996,39022,30164
30272,39023,30197
30508,38997,30215
30540,38975,30247
30837,38936,30281
30836,38978,30313
31525,38966,30334
31804,38996,30357
32040,39001,30374
32286,39016,30425
32403,39012,30463
32153,39010,30531
32493,38969,30566
32888,38935,30598
32988,38945,30607
33076,38951,30639
33248,38949,30655
33524,38984,30669
33596,39007,30700
33740,38997,30737
33768,38993,30774
33928,38983,30796
33568,38956,30830
33608,38919,30867
33648,38894,30889
33576,38930,30918
33076,38941,30978
33032,38948,31007
33420,38988,31037
33885,38975,31066
33804,38981,31106
34057,38964,31140
34156,38895,31158
34260,38910,31207
34000,38911,31225
33820,38919,31244
33833,38919,31295
33945,38937,31329
34040,38975,31361
34056,38967,31407
34036,38959,31433
33932,38961,31459
33824,38916,31495
33572,38887,31527
34064,38900,31513
33620,38903,31573
33330,38878,31605
33400,38947,31644
33752,38959,31675
33760,38957,31687
33850,38940,31708
34112,38945,31716
33888,38909,31727
33610,38884,31751
33798,38860,31751
33952,38885,31776
34084,38893,31780
33884,38919,31798
33856,38943,31815
34024,38942,31836
33776,38937,31845
33704,38929,31857
33500,38855,31840
33564,38839,31852
33680,38855,31861
33492,38875,31878
33516,38884,31882
33676,38908,31889
33440,38935,31901
33536,38919,31901
33700,38918,31906
33653,38871,31908
33448,38855,31911
33524,38831,31910
33516,38852,31909
33592,38860,31909
33532,38860,31917
33516,38895,31911
33658,38919,31905
33452,38909,31913
33444,38906,31919
33340,38901,31908
33340,38855,31908
33412,38839,31914
33400,38829,31924
33306,38844,31909
33188,38852,31918
33300,38868,31929
33476,38900,31942
33340,38895,31934
33281,38887,31946
33204,38874,31943
33256,38852,31975
33164,38805,31980
33264,38818,31972
33248,38831,31986
33452,38837,31984
33620,38845,31996
33356,38877,31999
33352,38868,32013
33164,38870,32013
33284,38861,32024
33444,38828,32033
33310,38803,32046
33444,38799,32045
33308,38799,32057
33608,38815,32061
33616,38837,32096
33536,38865,32105
33520,38857,32119
33572,38852,32125
33528,38815,32129
33740,38812,32138
33304,38783,32152
33148,38788,32156
33160,38756,32186
32972,38799,32189
33177,38829,32205
33148,38831,32228
33276,38842,32244
33476,38837,32253
33638,38789,32273
33476,38791,32293
33196,38772,32308
33134,38773,32326
33208,38780,32337
33196,38791,32337
33374,38768,32367
33469,38810,32386
33733,38791,32402
33484,38815,32417
33524,38808,32455
33416,38766,32468
33389,38764,32480
33268,38735,32493
33376,38716,32505
33422,38733,32517
33400,38750,32543
33460,38798,32552
33356,38804,32581
33188,38791,32593
33088,38786,32620
33120,38725,32629
33168,38743,32657
33135,38724,32644
32948,38742,32666
33028,38737,32708
33121,38764,32750
33100,38788,32768
32993,38759,32784
32892,38775,32797
32644,38773,32820
32816,38738,32847
32704,38706,32829
32528,38714,32866
32264,38710,32884
32073,38726,32910
32036,38761,32908
32328,38775,32933
32652,38767,32992
32709,38754,33007
32572,38758,33019
32488,38712,33031
32596,38699,33054
32501,38695,33076
32560,38701,33089
32652,38709,33058
32840,38710,33071
33000,38757,33125
33096,38741,33127
33232,38746,33153
33064,38734,33157
33020,38687,33150
32832,38677,33165
32770,38662,33189
32592,38684,33191
32528,38695,33177
32808,38719,33185
32724,38739,33182
32980,38725,33196
33185,38720,33204
33188,38716,33181
33042,38678,33159
33144,38657,33168
33260,38660,33170
33296,38663,33159
33132,38655,33172
33028,38701,33173
32956,38716,33175
33032,38713,33175
32968,38695,33191
33112,38692,33201
33068,38657,33188
33140,38630,33188
33048,38621,33191
32976,38628,33227
33085,38631,33238
33252,38670,33233
33288,38693,33231
33144,38647,33231
33173,38680,33235
33088,38660,33239
33000,38637,33243
32873,38575,33237
32860,38608,33193
32893,38617,33213
32917,38620,33244
33000,38649,33228
33028,38663,33222
33038,38636,33228
32876,38645,33181
32996,38650,33175
33028,38617,33188
33052,38587,33209
32988,38577,33192
32933,38588,33189
32856,38605,33188
32876,38612,33180
32432,38637,33135
31448,38645,33119
30456,38644,33129
29256,38641,33157
28392,38606,33135
27592,38591,33132
27072,38540,33084
26756,38593,33069
27008,38599,33076
27288,38635,33098
28007,38647,33077
28792,38596,33078
30760,38620,33025
33672,38608,33037
37080,38558,33055
40196,38518,33064
43272,38500,33061
45912,38500,33022
47396,38498,33061
48404,38524,33073
48760,38549,33064
47748,38533,33070
45936,38537,33036
44692,38535,33083
43372,38511,33071
42496,38492,33069
41928,38484,33083
41424,38498,33045
40724,38500,33024
39680,38540,33061
38729,38557,33063
37564,38557,33052
36421,38558,33041
35274,38535,32996
34392,38532,33021
33440,38511,33014
32628,38493,33004
32109,38511,32996
31589,38535,32948
31308,38557,32989
31180,38577,32981
31088,38572,32924
30812,38556,32956
30772,38551,32951
30765,38517,32932
30728,38497,32935
30708,38501,32882
30684,38516,32902
30309,38508,32913
30845,38533,32886
30920,38552,32875
30678,38547,32874
30876,38535,32828
30959,38532,32849
30689,38452,32836
30788,38477,32828
31040,38471,32820
31236,38439,32825
30880,38487,32784
30904,38527,32767
31150,38527,32788
31260,38524,32789
31208,38508,32783
31034,38485,32794
31100,38485,32773
31004,38453,32766
31068,38441,32744
31197,38455,32732
31260,38469,32732
31357,38453,32738
31304,38511,32729
31304,38499,32732
31412,38494,32736
31388,38452,32735
31252,38445,32716
31185,38437,32717
31328,38396,32671
31204,38441,32661
31260,38447,32679
31328,38465,32661
31349,38484,32647
31532,38461,32638
31605,38474,32628
31425,38453,32609
31217,38432,32559
31076,38375,32533
30956,38406,32535
30948,38407,32519
31040,38429,32512
31164,38424,32489
31176,38469,32461
31076,38464,32437
30988,38461,32392
30964,38447,32360
30684,38407,32345
30636,38397,32334
30572,38396,32309
30908,38365,32285
30576,38399,32262
30516,38437,32231
30641,38446,32229
30924,38447,32201
30692,38437,32180
30524,38424,32164
30264,38375,32110
30132,38373,32089
29929,38372,32109
30048,38380,32080
29924,38388,32071
29844,38401,32049
29840,38433,32012
29776,38439,31998
29564,38422,32012
29573,38415,31993
29885,38368,31968
29796,38367,31953
29536,38309,31945
29476,38367,31941
29556,38375,31908
29552,38383,31901
29728,38404,31914
29744,38407,31898
29641,38393,31882
29346,38391,31861
29392,38310,31863
29444,38331,31849
29320,38340,31846
29070,38349,31820
29304,38359,31804
29380,38381,31821
29280,38399,31813
29101,38354,31804
29153,38382,31783
29400,38373,31764
29208,38343,31751
28960,38314,31762
29420,38295,31758
29420,38312,31740
29784,38326,31751
29816,38345,31740
29596,38375,31737
29848,38367,31714
30064,38346,31703
30393,38351,31705
30604,38301,31711
30493,38269,31688
30768,38287,31681
31120,38294,31662
31461,38260,31663
31873,38335,31661
32052,38341,31666
32312,38325,31653
32484,38314,31638
32700,38279,31614
32644,38253,31628
32736,38247,31612
32984,38255,31616
32992,38255,31593
33144,38268,31593
33284,38300,31573
33536,38292,31565
33516,38292,31559
33408,38290,31556
33516,38279,31546
33632,38244,31521
33814,38225,31524
33788,38223,31508
33720,38233,31513
33760,38221,31495
33761,38270,31492
34112,38245,31488
34032,38271,31471
33816,38265,31465
33688,38253,31442
33876,38222,31441
34000,38182,31447
33936,38191,31426
33900,38205,31420
34128,38196,31398
34128,38244,31413
34196,38252,31388
34152,38221,31387
33960,38241,31366
34053,38226,31383
34104,38205,31369
33789,38165,31359
33708,38180,31345
33713,38175,31349
33832,38181,31353
34104,38218,31337
34184,38231,31348
34220,38222,31341
34328,38213,31327
34200,38205,31328
34204,38160,31332
34165,38148,31324
34032,38150,31316
33796,38151,31328
33688,38171,31329
33612,38189,31324
33716,38209,31332
33872,38201,31321
33984,38188,31334
34060,38180,31335
33844,38119,31345
33608,38126,31341
33809,38133,31341
33624,38125,31351
33660,38142,31364
33696,38151,31366
33662,38183,31374
33669,38185,31360
33700,38164,31377
33729,38165,31375
33332,38127,31375
33372,38103,31385
33364,38068,31389
33312,38108,31372
33508,38109,31405
33430,38143,31399
33372,38167,31399
33288,38161,31391
33312,38145,31404
33480,38133,31401
33224,38111,31418
33013,38069,31407
33340,38084,31397
33166,38095,31409
33264,38101,31405
33432,38127,31404
33756,38141,31421
33606,38120,31423
33648,38119,31420
33560,38100,31413
33397,38081,31420
33352,38069,31408
33636,38039,31408
33454,38060,31431
33469,38045,31417
33524,38108,31412
33608,38124,31421
33505,38111,31416
33484,38100,31425
33332,38105,31422
33672,38057,31422
33217,38049,31418
33196,38040,31421
33182,38045,31432
33308,38041,31431
33369,38087,31428
33484,38103,31420
33472,38074,31441
33276,38077,31433
33353,38077,31441
33294,38033,31447
33242,38023,31445
33189,38023,31452
33217,38023,31446
33072,38000,31463
33148,38055,31469
33098,38071,31468
33224,38062,31473
33365,38050,31478
33388,38053,31492
33468,37975,31490
33424,37991,31495
33140,37991,31506
33313,37996,31512
33612,38000,31517
33428,38032,31509
33473,38054,31533
33112,38020,31535
33128,38023,31532
33213,38037,31533
32936,37990,31549
33052,37975,31559
33132,37980,31553
33132,37967,31548
33156,37989,31568
33388,38023,31559
33496,38037,31558
33568,38031,31580
33400,37989,31579
33256,38000,31580
33078,37973,31569
32976,37957,31568
32870,37945,31585
32888,37956,31576
33272,37959,31591
33360,37993,31590
33288,38015,31606
33228,37972,31591
33212,37991,31605
33384,37989,31612
33228,37961,31608
33124,37932,31618
32932,37934,31620
33113,37942,31620
33017,37914,31621
33068,37981,31647
33220,38005,31645
33156,37989,31659
33112,37979,31644
33000,37967,31668
32776,37925,31671
32660,37918,31668
32868,37889,31668
32848,37917,31680
32796,37921,31687
32872,37959,31692
32976,37980,31676
32988,37975,31689
32484,37956,31705
32292,37951,31708
32908,37919,31711
33436,37895,31712
33444,37904,31719
33204,37916,31718
32972,37917,31728
33220,37953,31711
33484,37971,31712
33236,37967,31744
33308,37958,31741
33385,37929,31744
33484,37895,31742
33020,37885,31750
33100,37879,31749
33160,37893,31729
33372,37895,31748
33372,37932,31760
33329,37952,31781
33212,37948,31781
33472,37933,31780
33196,37927,31789
33288,37863,31764
33248,37870,31804
33164,37895,31800
33033,37874,31791
33124,37880,31788
33388,37908,31817
33388,37926,31839
33324,37916,31861
33324,37914,31847
33344,37895,31858
33252,37877,31868
33152,37863,31845
33176,37837,31894
33065,37861,31909
33072,37881,31909
33148,37893,31935
33380,37913,31926
33504,37911,31948
33588,37895,31948
33192,37895,31982
33056,37856,31990
33076,37835,32002
33204,37819,32012
32916,37851,32028
32813,37860,32046
32668,37889,32019
32620,37921,32057
31992,37893,32079
31368,37893,32085
30140,37882,32102
29304,37861,32100
28577,37833,32098
27872,37852,32098
27616,37859,32114
27220,37877,32132
27360,37895,32095
27740,37917,32111
28377,37895,32145
29710,37893,32137
32048,37877,32148
34932,37836,32124
37908,37800,32121
40912,37791,32132
43757,37788,32162
45616,37791,32172
46744,37812,32176
47808,37815,32176
47728,37816,32199
46500,37813,32189
44680,37801,32191
43452,37783,32200
42440,37772,32186
41728,37768,32191
41336,37783,32223
40484,37796,32237
39888,37828,32244
39056,37846,32239
37708,37853,32258
36544,37824,32243
35433,37852,32241
34463,37788,32289
33516,37797,32293
32832,37790,32296
32096,37817,32273
31660,37831,32288
31375,37861,32326
31324,37868,32359
31324,37885,32380
31276,37860,32409
31172,37855,32424
31084,37772,32433
30924,37796,32452
30812,37805,32471
31008,37797,32492
30924,37824,32514
30740,37860,32487
30892,37863,32485
30832,37867,32546
30689,37834,32552
30668,37852,32568
30644,37781,32528
30692,37797,32576
30844,37812,32588
30892,37800,32606
30832,37825,32572
30817,37847,32559
30964,37858,32569
30796,37860,32615
30832,37847,32617
31140,37840,32596
30952,37801,32624
31008,37792,32647
31120,37807,32616
30972,37806,32661
30976,37823,32652
30934,37828,32670
31428,37854,32639
31368,37863,32637
31056,37846,32686
31276,37837,32679
31438,37775,32690
31380,37783,32638
31436,37805,32669
31504,37807,32703
31392,37819,32694
31504,37816,32714
31648,37868,32661
31672,37857,32668
31784,37855,32693
31272,37837,32711
31409,37812,32716
31392,37791,32689
31500,37812,32676
31150,37813,32741
31201,37823,32743
31236,37863,32748
31229,37865,32761
31224,37836,32700
31080,37857,32720
30596,37861,32774
30448,37823,32761
30372,37801,32775
30536,37816,32733
30485,37820,32775
30612,37832,32806
30710,37844,32797
30212,37876,32815
29973,37872,32787
30124,37878,32781
30244,37865,32792
30236,37831,32857
30065,37828,32845
30084,37828,32815
29952,37836,32885
29956,37844,32881
30316,37883,32843
30384,37895,32895
30312,37884,32901
30194,37887,32927
30000,37843,32868
30076,37855,32937
29830,37805,32946
29600,37842,32879
29570,37841,32967
29616,37871,32965
29597,37871,32921
29441,37908,32940
29484,37895,32964
29697,37906,32981
29756,37895,32983
29360,37879,32947
29224,37861,32916
29304,37869,32909
29512,37876,32984
29588,37889,32991
29404,37934,32964
29516,37934,32980
29484,37928,32940
29385,37895,32901
29256,37912,32941
29012,37891,32948
29146,37872,32940
29144,37895,32935
29368,37857,32884
29584,37912,32916
29692,37942,32911
29904,37919,32859
30108,37957,32887
30186,37957,32864
30508,37937,32864
30720,37911,32789
30768,37889,32838
31012,37895,32817
31133,37904,32757
31344,37922,32797
31528,37965,32781
31736,37973,32751
32208,37981,32753
32384,37967,32703
32528,37924,32713
32703,37924,32679
32668,37904,32687
32516,37925,32668
32617,37929,32621
32940,37946,32631
33048,37980,32615
33220,37998,32607
33440,37991,32561
33404,37984,32559
33248,37991,32557
33120,37952,32534
33373,37954,32525
33376,37952,32466
33464,37964,32487
33576,37967,32470
33941,38009,32445
33752,38032,32434
34004,38015,32412
34076,38017,32357
34000,38021,32367
34212,37996,32359
34245,37980,32327
34080,37999,32312
33944,38004,32301
33984,38012,32286
34076,38067,32250
34266,38079,32220
34168,38083,32202
34056,38068,32196
33916,38063,32209
33962,38036,32188
34000,38044,32173
34028,38036,32167
34104,38060,32128
33848,38077,32150
34008,38112,32130
34048,38119,32125
34248,38127,32087
34020,38111,32104
34106,38124,32100
34012,38101,32085
33848,38089,32056
33910,38096,32057
33932,38106,32071
33799,38127,32047
33708,38180,32017
33876,38185,32041
34008,38188,32031
34149,38194,31996
33868,38191,31998
33920,38163,32007
33764,38164,32004
33808,38151,31988
33540,38169,31981
33525,38199,31968
33778,38237,31949
33692,38258,31964
33640,38255,31965
33508,38255,31956
33604,38260,31949
33685,38235,31944
33532,38222,31916
33564,38239,31932
33468,38255,31920
33380,38279,31925
33252,38286,31903
33548,38327,31933
33764,38305,31916
33728,38324,31905
33594,38333,31889
33572,38305,31919
33372,38308,31896
33265,38311,31888
33360,38334,31899
33236,38343,31909
33264,38391,31900
33368,38407,31884
33360,38407,31887
33284,38407,31903
33256,38407,31890
33216,38391,31893
33018,38380,31874
33316,38405,31893
33236,38421,31895
33400,38439,31885
33661,38479,31887
33569,38500,31884
33416,38511,31876
33712,38496,31863
33608,38493,31877
33704,38485,31854
33616,38469,31853
33604,38484,31847
33588,38484,31853
33580,38524,31847
33688,38553,31833
33720,38592,31841
33660,38596,31813
33540,38605,31807
33333,38589,31809
33404,38578,31800
33448,38564,31797
33416,38596,31788
33472,38605,31781
33381,38628,31766
33564,38671,31777
33764,38696,31759
33516,38693,31751
33412,38710,31751
33512,38701,31740
33360,38679,31732
33402,38660,31714
33500,38687,31731
33480,38700,31717
33320,38735,31708
33456,38777,31701
33496,38791,31715
33520,38802,31693
33496,38803,31686
33336,38809,31684
33173,38784,31680
33208,38743,31678
33274,38783,31677
33204,38822,31665
33124,38841,31654
33204,38878,31649
33244,38908,31648
33388,38917,31639
33356,38912,31623
33088,38915,31613
33128,38887,31615
33057,38887,31602
32912,38865,31582
33008,38908,31588
33092,38919,31574
33176,38992,31557
33292,39017,31562
33296,39015,31541
33204,39029,31529
33144,39009,31513
32984,39007,31503
32901,39014,31484
32927,39028,31473
32985,39036,31462
33076,39028,31468
33156,39120,31441
33156,39147,31408
33224,39157,31436
33164,39140,31396
33152,39175,31384
33056,39132,31378
33086,39164,31367
33176,39184,31333
33272,39205,31347
33404,39252,31319
33588,39287,31293
33588,39343,31282
33316,39335,31271
33496,39383,31272
33569,39369,31239
33424,39393,31231
33432,39377,31215
33508,39428,31233
33368,39471,31196
33486,39480,31183
33456,39574,31222
33344,39604,31187
33480,39625,31225
33473,39647,31170
33472,39657,31180
33120,39660,31188
33096,39668,31186
33144,39703,31188
33312,39735,31198
33188,39762,31198
33016,39832,31207
33248,39881,31239
33124,39897,31220
33532,39913,31228
33480,39904,31273
33236,39927,31239
33188,39939,31254
33224,39972,31284
33312,39998,31296
32964,40028,31284
33000,40093,31277
33120,40127,31344
33080,40147,31318
33004,40164,31301
33136,40167,31383
33332,40157,31335
32892,40164,31348
32796,40189,31322
32416,40229,31389
31709,40265,31349
30672,40321,31364
29956,40300,31345
29208,40370,31413
28551,40385,31380
28072,40383,31366
27472,40378,31426
27486,40381,31379
27568,40399,31380
28344,40397,31369
29280,40448,31431
31132,40495,31373
34148,40516,31360
37212,40501,31431
40348,40503,31370
43248,40476,31349
45428,40468,31385
46664,40455,31357
47420,40472,31412
47284,40495,31357
46432,40531,31356
44911,40561,31428
43936,40597,31364
42576,40621,31359
41644,40619,31408
41070,40621,31336
40528,40580,31351
39870,40596,31342
38924,40615,31348
37941,40634,31329
36996,40652,31382
35814,40704,31354
34928,40734,31333
34084,40743,31390
33238,40741,31356
32540,40692,31420
32109,40711,31361
31785,40692,31371
31564,40735,31391
31412,40743,31391
31225,40767,31461
31308,40804,31421
31136,40823,31508
31033,40805,31467
31068,40828,31500
31144,40809,31488
30980,40743,31480
31072,40781,31556
31085,40783,31521
31016,40751,31580
31136,40834,31536
31144,40854,31591
31084,40859,31556
31064,40876,31614
30904,40871,31578
30960,40855,31620
30988,40824,31609
31264,40820,31591
31074,40836,31623
31144,40839,31637
31372,40839,31644
31452,40895,31629
31376,40895,31693
31286,40908,31657
31189,40903,31735
30985,40839,31674
31060,40860,31679
31224,40858,31745
31273,40865,31683
31516,40871,31716
31636,40880,31751
31764,40906,31710
31724,40929,31751
31752,40929,31727
31724,40935,31742
31528,40869,31717
31545,40882,31773
31696,40881,31764
31561,40885,31825
31445,40886,31783
31420,40915,31776
31636,40940,31861
31705,40917,31801
31656,40951,31806
31700,40949,31825
31588,40890,31810
31504,40908,31889
31296,40897,31841
31232,40911,31829
31160,40916,31852
31312,40893,31845
31101,40967,31907
30924,40961,31868
30856,40967,31933
30996,40989,31890
30668,40967,31949
30612,40935,31889
30468,40910,31945
30561,40940,31917
30488,40940,31961
30600,40913,31924
30620,41007,31909
30464,40967,31941
30268,41007,31932
30045,41007,31996
30172,40997,31974
30216,40959,31986
30060,40950,31957
30154,40956,31967
30200,40967,32024
30088,40989,31994
30168,40996,32032
30192,41033,31989
30212,41025,32025
29956,41019,32007
30056,41013,32047
29661,40962,32020
29436,40982,32036
29568,40981,32035
29662,40999,32020
29896,41001,32054
29861,41036,32048
29746,41052,32112
29804,41041,32068
29652,41028,32129
29432,41036,32079
29332,41015,32100
29216,41007,32076
29424,41001,32073
29676,40967,32077
29777,41024,32070
29988,41009,32148
29776,41060,32103
29896,41072,32151
29904,41060,32100
30012,41055,32101
29964,41023,32100
29972,41016,32127
30352,41014,32097
30460,41021,32135
30504,41047,32084
30636,41091,32084
30720,41086,32155
30836,41079,32100
31108,41069,32068
31306,41063,32103
31436,40990,32109
31557,41020,32133
31824,41021,32108
32092,41037,32129
32240,41047,32101
32304,41044,32075
32296,41095,32113
32493,41092,32094
32608,41078,32153
32864,41060,32101
32616,41003,32112
32496,41033,32107
32640,41035,32148
32636,41045,32113
32768,41061,32157
32958,41084,32113
33152,41103,32142
33240,41063,32092
33256,41090,32143
33128,41076,32071
33260,41044,32065
33404,41031,32074
33413,41019,32103
33624,41044,32068
33588,41060,32080
33670,41092,32039
33453,41108,32046
33632,41111,32040
33560,41095,32074
33540,41092,32029
33548,41060,32081
33485,41044,32023
33444,41052,32029
33584,41037,32012
33696,41075,32004
33712,41068,32060
33680,41116,32023
33780,41100,32071
33652,41109,32027
33528,41095,32025
33398,41057,32068
33412,41023,32032
33272,41061,32028
33344,41069,32096
33413,41081,32055
33416,41116,32036
33352,41128,32092
33424,41116,32066
33576,41113,32113
33666,41100,32069
33512,41087,32100
33348,41063,32076
33300,41062,32135
33302,41080,32084
33408,41095,32113
33316,41130,32089
33180,41137,32071
33440,41132,32108
33320,41125,32092
33468,41103,32119
33684,41076,32107
33588,41072,32144
33416,41079,32117
33412,41082,32162
33253,41095,32133
33320,41129,32178
33428,41124,32120
33336,41132,32132
33205,41119,32196
33368,41113,32136
33240,41085,32135
33160,41034,32164
33186,41074,32132
33104,41036,32188
32936,41095,32159
32936,41130,32194
32930,41148,32156
33046,41133,32213
33088,41140,32148
33204,41116,32135
33004,41095,32183
32856,41071,32153
32656,41076,32215
32832,41038,32148
32892,41093,32182
32976,41135,32151
33140,41136,32198
33200,41140,32145
33257,41124,32175
33148,41124,32133
33200,41084,32111
33140,41029,32140
33148,41076,32110
33276,41056,32169
33248,41103,32108
33336,41132,32084
33348,41141,32133
33088,41132,32084
33272,41130,32074
33336,41117,32128
33404,41089,32085
33336,41071,32079
33300,41076,32095
33316,41086,32077
33405,41095,32093
33364,41131,32084
33444,41141,32101
33660,41132,32093
33440,41125,32132
33184,41117,32109
32972,41081,32080
33076,41076,32143
33372,41077,32124
33204,41084,32116
33228,41095,32134
33060,41109,32124
33288,41151,32190
33144,41088,32164
33044,41121,32167
33112,41095,32244
33040,41079,32206
32636,41063,32220
32704,41076,32292
32837,41083,32244
32772,41088,32262
32820,41087,32272
33088,41131,32281
33204,41128,32343
33124,41124,32318
33002,41100,32388
32852,41069,32371
32560,41056,32364
32584,41068,32394
32633,41069,32388
32656,41081,32452
32668,41124,32432
32748,41125,32445
32965,41068,32459
33016,41104,32471
32870,41095,32500
32692,41076,32492
33036,41022,32500
33269,41053,32570
33357,41057,32535
33064,41079,32537
33120,41103,32591
33166,41119,32592
33312,41111,32636
33153,41105,32621
33220,41087,32614
33164,41063,32676
33124,41041,32668
33116,41042,32665
32885,41039,32721
32952,41070,32703
33154,41095,32713
33085,41108,32751
33221,41108,32756
32994,41079,32806
32884,41076,32785
32816,41044,32800
33032,41025,32821
33081,41039,32849
33056,41013,32901
33065,41052,32875
33104,41058,32892
33087,41087,32961
33168,41090,32946
33037,41041,32992
33025,41068,32980
32817,41032,33008
32988,40999,33014
32984,41017,33025
32920,41031,33055
33064,41030,33076
33188,41078,33097
32813,41069,33105
32753,41069,33122
32924,41063,33149
32868,41060,33152
33024,41009,33192
32948,40997,33201
33136,40964,33227
32918,41004,33239
33020,41028,33278
33108,41012,33276
32900,41061,33268
32720,41055,33307
32720,41055,33326
32260,41044,33337
31524,41004,33280
30376,40967,33375
29284,40997,33382
28700,41004,33415
28088,40986,33412
27837,41052,33415
27520,41060,33428
27582,41056,33439
28118,41047,33447
29044,41029,33448
30041,40981,33473
31984,40988,33485
34548,40988,33509
37688,40933,33508
40824,40966,33528
43520,40997,33528
45208,41001,33561
46000,40998,33556
46684,40967,33572
46696,40963,33571
45932,40932,33580
44612,40925,33591
43604,40921,33600
42432,40932,33605
41572,40940,33617
40796,40967,33606
40212,40992,33644
39612,40989,33637
38668,40973,33641
37822,40964,33655
36908,40916,33653
35752,40935,33666
34990,40936,33671
34080,40950,33687
33228,40967,33687
32538,40993,33700
32056,41004,33727
31708,40992,33733
31544,40985,33739
31337,40967,33748
31060,40948,33759
31040,40926,33775
31004,40937,33798
31188,40935,33813
31204,40936,33825
31076,40967,33846
31280,40988,33865
31252,40967,33869
31036,40967,33876
30896,40952,33895
31008,40915,33897
31088,40906,33905
31204,40905,33921
31284,40911,33909
31204,40919,33927
31210,40948,33943
30788,40967,33935
31117,40951,33929
31468,40940,33954
30928,40923,33943
31008,40887,33949
31133,40885,33956
31108,40890,33957
31088,40879,33958
31228,40900,33969
31264,40935,33959
31300,40928,33965
31640,40911,33964
31648,40919,33957
31648,40876,33951
31324,40871,33964
31317,40855,33959
31100,40852,33975
31221,40852,33965
31362,40828,33975
31588,40903,33967
31672,40909,33961
31716,40910,33986
31472,40839,33985
31076,40879,33989
31153,40821,33981
31352,40837,33980
31416,40835,33989
31428,40839,33985
31660,40838,33997
31784,40883,33989
31616,40887,33983
31460,40877,34007
31440,40868,34004
31424,40857,33994
31188,40823,34005
31065,40799,34012
31112,40801,33999
31144,40773,34012
30820,40829,33981
30972,40855,34016
31188,40861,34023
31016,40839,34017
30968,40851,34031
31092,40839,34033
30805,40805,34029
30760,40788,34012
30720,40788,34037
30660,40781,34023
30740,40807,34022
30752,40836,34031
30705,40852,34028
30568,40820,34041
30629,40790,34031
30652,40819,34017
30481,40783,34035
30314,40769,34016
30260,40767,34015
30308,40724,34015
30172,40781,33996
30257,40809,34005
30280,40823,34005
30176,40815,33992
30113,40784,33992
30108,40789,33973
29920,40735,33988
29828,40740,33983
29792,40735,33989
29828,40743,33964
30028,40756,33948
29936,40789,33965
29900,40789,33924
29969,40736,33945
29984,40773,33935
30024,40756,33927
29976,40711,33927
29948,40695,33905
30268,40704,33885
30300,40669,33900
30357,40727,33891
30280,40737,33865
30488,40764,33873
30572,40757,33852
30804,40743,33817
31036,40709,33845
30940,40693,33830
31128,40647,33799
31124,40676,33799
31324,40623,33791
31688,40676,33780
31708,40708,33775
31928,40729,33764
32264,40711,33735
32388,40711,33747
32284,40685,33726
32340,40644,33716
32569,40636,33711
32780,40636,33693
32828,40644,33671
32850,40654,33671
33045,40652,33655
33132,40674,33646
33196,40683,33645
33316,40665,33615
33292,40649,33600
33180,40566,33597
33089,40591,33584
33072,40582,33559
33306,40609,33561
33412,40604,33534
33692,40641,33538
33692,40653,33500
33513,40644,33503
33480,40627,33468
33584,40612,33460
33548,40583,33436
33644,40564,33420
33732,40553,33412
33608,40571,33399
33584,40577,33391
33625,40571,33383
33720,40619,33358
33649,40605,33372
33648,40583,33350
33700,40583,33335
33504,40549,33335
33500,40535,33328
33609,40548,33332
33564,40510,33335
33788,40544,33334
33685,40559,33327
33720,40591,33339
33896,40543,33326
33720,40567,33348
33509,40551,33346
33576,40521,33336
33620,40503,33357
33612,40495,33352
33484,40492,33345
33224,40517,33371
33384,40549,33361
33344,40565,33381
33604,40537,33383
33480,40537,33383
33352,40521,33399
33185,40487,33380
33172,40476,33412
33096,40468,33415
33260,40455,33429
33324,40448,33433
33288,40515,33460
33476,40529,33462
33524,40519,33464
33700,40500,33487
33420,40448,33485
33392,40455,33508
33324,40432,33516
33360,40439,33527
33302,40444,33556
33181,40452,33543
33160,40487,33578
33228,40489,33595
33188,40478,33616
33084,40474,33631
33104,40455,33633
32933,40423,33649
32852,40397,33676
32984,40359,33671
33068,40407,33713
33413,40392,33727
33276,40447,33712
33232,40415,33748
33508,40439,33761
33556,40439,33777
33248,40412,33812
33316,40377,33815
33180,40373,33799
33172,40356,33845
33308,40375,33858
33376,40383,33846
33374,40389,33892
33292,40422,33868
33192,40379,33926
33132,40385,33940
32928,40369,33935
32896,40348,33974
32956,40326,33989
32753,40322,33997
32932,40327,34030
33032,40340,34020
33204,40361,34061
33144,40373,34084
33152,40375,34069
33208,40359,34125
33192,40340,34116
33120,40300,34167
33024,40297,34183
33100,40291,34183
33092,40289,34228
33012,40271,34254
33024,40332,34244
33192,40336,34298
33272,40327,34301
33204,40325,34320
32976,40303,34349
32860,40231,34351
33012,40247,34383
32860,40247,34407
32936,40255,34425
33124,40255,34447
33380,40263,34429
33188,40305,34492
33256,40278,34487
33240,40285,34545
33150,40257,34552
33152,40193,34579
33004,40212,34597
33008,40214,34615
33159,40223,34628
33198,40233,34601
33120,40259,34672
32960,40261,34695
33334,40259,34695
33308,40247,34730
33302,40223,34739
33180,40199,34721
33208,40181,34780
33172,40151,34789
33040,40180,34788
33232,40199,34799
33236,40221,34781
33372,40221,34822
33312,40215,34788
33262,40211,34860
33262,40191,34869
33352,40149,34844
33276,40135,34884
33068,40140,34860
32916,40139,34895
32976,40151,34908
33192,40172,34868
33244,40191,34924
33128,40164,34932
33172,40134,34943
33200,40151,34950
33352,40108,34944
33336,40092,34956
33132,40096,34925
33076,40096,34966
33212,40105,34916
33280,40139,34977
33280,40151,34941
33092,40135,34989
33204,40092,34990
33070,40098,34983
32764,40071,34991
32768,40055,34941
33080,40060,34994
33052,40063,34937
32896,40061,35019
32884,40095,35012
32925,40105,34993
32865,40080,34997
32559,40059,34959
31864,40069,34985
30969,40036,34944
29951,40029,34985
29136,40031,34996
28728,39988,34951
28224,40055,34980
27860,40071,34941
27829,40092,34980
28020,40068,34977
28792,40020,34911
30072,40029,34953
31804,39952,34940
34272,39977,34919
36948,39953,34932
40056,39964,34924
43008,39956,34862
44944,39981,34912
45816,39985,34894
46308,39970,34832
46205,39961,34877
45492,39943,34868
44257,39911,34780
43248,39903,34848
42120,39905,34823
41297,39909,34761
40672,39925,34822
40109,39959,34796
39525,39967,34729
38596,39952,34789
37672,39943,34756
36938,39932,34695
35957,39905,34747
34836,39901,34725
34028,39900,34655
33308,39872,34708
32724,39915,34695
32160,39916,34631
31776,39959,34664
31788,39943,34604
31580,39943,34655
31357,39916,34598
31274,39887,34658
31328,39847,34657
31396,39879,34601
31456,39871,34630
31457,39885,34653
31373,39884,34567
31348,39917,34638
31444,39915,34584
31376,39867,34633
31329,39890,34585
31244,39837,34623
31158,39828,34602
31240,39839,34573
31352,39839,34567
31424,39842,34516
31328,39852,34551
31308,39887,34541
31168,39877,34488
31328,39870,34540
31408,39847,34521
31436,39803,34468
31301,39799,34465
31321,39796,34491
31332,39805,34478
31340,39815,34412
31452,39837,34421
31693,39845,34428
31668,39801,34432
31668,39837,34373
31484,39776,34381
31472,39775,34382
31624,39763,34390
31484,39767,34319
31500,39764,34364
31514,39772,34348
31672,39804,34285
31548,39808,34333
31540,39810,34311
31680,39791,34290
31397,39776,34279
31204,39751,34276
31376,39727,34207
31461,39721,34237
31436,39727,34188
31474,39737,34190
31620,39732,34188
31452,39769,34132
31408,39764,34164
31352,39746,34100
31220,39729,34129
31156,39709,34117
31232,39637,34074
31228,39687,34085
31244,39684,34049
31148,39708,34071
31196,39743,34048
31168,39744,34041
31012,39740,33997
30912,39735,34021
31200,39716,33999
30980,39669,33991
30912,39663,33956
30703,39668,33969
30512,39664,33970
30608,39683,33929
30784,39716,33956
30904,39681,33940
30854,39709,33938
30769,39700,33893
30740,39677,33927
30672,39646,33913
30684,39624,33878
30528,39635,33900
30252,39604,33893
30408,39644,33849
30540,39634,33863
30429,39687,33864
30388,39677,33867
30380,39670,33831
30114,39655,33829
30124,39615,33839
30278,39559,33841
29948,39605,33811
30000,39615,33830
30076,39623,33817
29968,39604,33820
29969,39647,33766
30108,39655,33817
30197,39635,33784
30308,39621,33788
30168,39580,33744
30162,39569,33769
30216,39567,33765
30244,39541,33729
30332,39580,33751
30476,39599,33748
30624,39630,33703
30748,39618,33736
30736,39606,33732
31056,39591,33689
31108,39543,33719
31388,39548,33711
31368,39545,33668
31648,39544,33693
31772,39558,33656
32160,39585,33684
32368,39596,33671
32684,39588,33633
32388,39581,33668
32500,39573,33663
32712,39524,33636
33008,39509,33643
32820,39534,33609
32624,39513,33649
32685,39532,33639
33292,39556,33620
33132,39551,33621
33505,39557,33629
33556,39527,33622
33356,39548,33618
33212,39493,33588
33208,39499,33620
33440,39499,33614
33296,39507,33617
33088,39481,33604
33172,39549,33611
33476,39548,33575
33636,39556,33603
33584,39527,33607
33484,39509,33576
33253,39492,33621
33580,39469,33622
33448,39476,33594
33572,39484,33618
33441,39499,33604
33612,39527,33637
33948,39538,33647
33952,39527,33645
33632,39487,33660
33294,39513,33648
33224,39471,33677
33388,39452,33669
33428,39477,33720
33112,39471,33727
33468,39495,33701
33540,39521,33754
33660,39532,33765
33517,39527,33757
33600,39481,33812
33717,39505,33824
33568,39471,33807
33636,39458,33862
33484,39442,33858
33494,39468,33892
33573,39453,33869
33592,39517,33926
33272,39537,33940
33276,39524,33967
33212,39523,33981
33104,39493,33964
32884,39476,33996
32996,39463,34005
32864,39473,34052
32760,39476,34025
33061,39460,34060
33164,39533,34097
33136,39495,34069
32905,39533,34148
32924,39535,34124
32964,39515,34127
33130,39481,34196
33056,39470,34204
32940,39453,34231
32912,39486,34188
32905,39497,34249
33180,39545,34268
33220,39556,34242
32984,39551,34305
33060,39535,34310
33124,39513,34293
32900,39500,34318
32500,39487,34349
32584,39499,34352
32614,39511,34323
32880,39520,34374
33056,39545,34392
33080,39559,34380
33200,39567,34401
33276,39559,34354
33252,39553,34355
33284,39512,34415
33036,39509,34421
33136,39508,34374
33048,39505,34428
33294,39543,34415
33484,39581,34433
33429,39581,34389
33256,39589,34431
33124,39582,34413
33000,39564,34373
32952,39546,34414
33000,39535,34405
33140,39541,34357
33212,39543,34397
33100,39581,34399
33144,39604,34340
33160,39618,34353
33128,39589,34373
32880,39607,34358
32788,39588,34369
32641,39576,34302
32760,39571,34343
32780,39542,34345
32908,39578,34276
33012,39609,34322
32972,39638,34307
33108,39667,34308
32892,39660,34249
32732,39657,34287
32948,39643,34289
33120,39616,34284
33121,39608,34236
33092,39607,34259
33260,39625,34249
33278,39647,34257
33324,39687,34223
33285,39714,34236
33292,39709,34232
32948,39709,34180
32984,39687,34213
32972,39635,34181
33020,39660,34212
32896,39661,34192
33220,39647,34149
33168,39708,34189
33364,39732,34183
33164,39758,34145
32864,39716,34162
33076,39753,34121
33241,39743,34145
33392,39716,34108
33180,39716,34149
33120,39725,34137
33044,39724,34112
33079,39728,34125
33328,39788,34101
33232,39807,34125
33096,39793,34095
32632,39813,34130
32880,39797,34125
33116,39767,34125
33076,39768,34128
32793,39773,34121
32992,39791,34128
32968,39812,34087
33292,39845,34132
33468,39829,34141
33200,39876,34142
33376,39861,34143
33396,39863,34101
33252,39837,34151
33204,39791,34165
33128,39837,34145
33104,39853,34164
33152,39871,34133
33140,39897,34183
33228,39900,34151
32920,39930,34212
32704,39932,34212
32381,39911,34215
31604,39911,34177
30484,39901,34224
29782,39870,34188
29072,39935,34232
28744,39957,34212
28448,39943,34252
28444,40014,34229
28480,40012,34269
28592,40008,34249
29101,40007,34276
30016,39970,34284
31988,39965,34260
34496,39977,34285
37328,39979,34294
40076,39991,34273
42684,40016,34306
44540,40022,34308
45332,40033,34264
45872,40022,34321
46240,40022,34318
45980,40007,34292
44768,39999,34311
43516,40012,34319
42280,40037,34293
41404,40050,34330
40788,40093,34324
40064,40125,34325
39148,40119,34305
38412,40127,34320
37500,40108,34350
36528,40106,34345
35552,40093,34311
34828,40124,34348
34036,40129,34352
33208,40164,34366
32564,40189,34325
32168,40233,34374
31944,40225,34381
31760,40233,34345
31674,40223,34401
31428,40214,34407
31360,40159,34414
31180,40225,34404
31096,40229,34432
31140,40263,34421
31136,40295,34471
31012,40308,34482
30997,40276,34439
31049,40324,34487
30968,40323,34473
30876,40290,34485
30836,40276,34503
30889,40300,34479
30936,40319,34518
30886,40319,34521
30932,40368,34495
31029,40385,34540
31050,40402,34549
31090,40407,34524
31078,40406,34561
31012,40375,34529
30984,40361,34591
30989,40383,34605
31216,40404,34566
31337,40422,34623
31536,40455,34591
31636,40484,34636
31510,40487,34645
31484,40481,34688
31688,40484,34707
31457,40448,34692
31296,40402,34740
31300,40467,34753
31420,40477,34797
31596,40503,34804
31604,40551,34870
31564,40512,34911
31564,40560,34924
31412,40516,34975
31252,40560,34981
31129,40540,35079
31164,40524,35121
31038,40553,35135
31041,40559,35214
31180,40583,35282
31374,40623,35278
31329,40640,35396
30860,40636,35453
30466,40647,35500
30000,40652,35581
29300,40628,35606
29032,40572,35681
29460,40639,35789
29828,40652,35885
30324,40669,35910
30864,40711,36023
31209,40725,36069
31308,40727,36157
31268,40725,36308
31120,40733,36400
30889,40693,36487
30726,40692,36573
30596,40708,36599
30625,40727,36766
30460,40756,36795
30249,40783,36999
30132,40804,37101
30108,40806,37151
30024,40819,37316
29996,40815,37396
29952,40772,37531
29908,40772,37639
29980,40740,37741
30000,40793,37749
29872,40786,37980
29940,40868,38063
30030,40830,38087
30044,40884,38279
29977,40839,38407
29976,40886,38548
30024,40855,38557
29956,40804,38791
29868,40855,38868
29828,40871,39033
29854,40900,39017
29988,40937,39272
29933,40956,39372
30024,40936,39549
30100,40944,39547
30188,40953,39839
30216,40917,39958
30256,40916,39973
30308,40927,40160
30432,40948,40401
30656,40960,40521
30720,40992,40687
30712,41009,40676
30664,41012,40996
30756,40967,41056
30948,41005,41244
31174,40967,41249
31420,40967,41495
31528,40985,41675
31756,40988,41786
31924,40996,41964
32031,41060,41921
32224,41069,42039
32292,41060,42277
32364,41063,42425
32348,41049,42607
32408,40967,42652
32545,41010,42809
32553,41025,42776
32564,41028,43078
32640,41063,43183
32904,41087,43222
33028,41070,43348
32920,41108,43502
33064,41103,43442
33104,41100,43685
33316,41070,43797
33516,41071,43700
33632,41072,43967
33552,41093,44085
33444,41109,44123
33316,41143,44263
33344,41157,44166
33412,41124,44414
33508,41152,44447
33630,41146,44588
33652,41117,44478
33440,41063,44700
33284,41120,44836
33280,41141,44839
33300,41165,44783
33376,41196,45047
33360,41213,45086
33265,41212,45188
33028,41205,45101
32948,41191,45325
32840,41166,45319
32784,41156,45441
32828,41165,45415
32918,41180,45492
32960,41195,45604
33064,41209,45649
33120,41247,45640
33151,41252,45767
33080,41221,45694
33053,41223,45816
33056,41199,45879
33148,41201,45919
33136,41202,45948
32973,41188,45885
32828,41236,45941
32976,41275,45844
33268,41300,46031
33216,41295,46012
33172,41289,45913
33084,41276,46125
33032,41251,46111
32916,41247,45959
32896,41241,46181
32832,41239,46141
32832,41282,46009
32920,41317,46183
32820,41329,46154
32628,41329,46016
32580,41284,46121
32796,41317,46176
32672,41236,46153
32508,41279,46189
32516,41248,46063
32680,41309,46184
32960,41317,46167
33096,41351,45959
33160,41356,46141
33288,41364,46069
32974,41362,45920
32437,41312,46044
32192,41325,46059
32584,41270,46072
32724,41325,45872
32773,41290,46028
32968,41343,45959
33072,41356,45820
33084,41399,46009
33037,41397,45991
32940,41391,45804
32812,41383,45990
32744,41351,45972
32656,41340,45980
32540,41351,45936
32452,41365,45968
32544,41381,45795
32652,41409,45863
32756,41426,45959
32720,41385,45932
32708,41417,45745
32708,41405,45882
32600,41377,45942
32508,41368,45924
32504,41377,45744
32565,41376,45928
32720,41407,45861
32704,41440,45897
32672,41452,45713
32688,41447,45910
32696,41444,45820
32652,41433,45876
32624,41404,45719
32692,41389,45799
32660,41372,45828
32724,41407,45648
32664,41425,45775
32760,41453,45749
32896,41475,45546
32952,41465,45700
32980,41460,45612
32956,41445,45639
32952,41415,45428
32957,41401,45599
32832,41420,45517
32796,41404,45513
32910,41444,45397
33012,41479,45364
32956,41484,45231
32941,41476,45364
32993,41444,45303
32956,41463,45100
32960,41439,45212
32884,41418,45180
32812,41433,45105
32924,41421,45063
32961,41460,44864
32996,41495,44967
33100,41505,44949
33162,41493,44757
33176,41489,44820
33232,41479,44807
33156,41417,44647
33120,41420,44687
33142,41443,44665
33130,41447,44540
33176,41473,44505
33316,41506,44506
33344,41519,44431
33221,41511,44348
33220,41509,44177
33396,41479,44133
33356,41469,44237
33388,41446,44119
33364,41415,43908
33364,41463,44039
33348,41441,43976
33500,41518,43756
33536,41495,43867
33408,41519,43772
33324,41503,43753
32820,41497,43645
31996,41431,43654
30924,41461,43516
29728,41477,43525
28830,41436,43447
28016,41509,43380
27472,41513,43124
27129,41559,43223
26865,41551,43202
27256,41537,43052
28189,41513,42994
29492,41442,43008
31468,41476,42948
33808,41477,42842
36484,41476,42621
39612,41479,42695
42756,41504,42476
45160,41500,42631
46388,41501,42548
47044,41495,42420
46404,41476,42373
44984,41460,42362
43196,41452,42288
41812,41461,42165
40672,41473,42167
39948,41495,41925
39408,41525,42009
39120,41540,41920
38552,41529,41922
37950,41525,41688
37472,41519,41620
36792,41471,41629
36164,41468,41709
35404,41476,41599
34760,41497,41574
34190,41516,41356
33652,41554,41324
33069,41519,41258
32504,41559,41220
32220,41559,41284
32020,41529,41293
31857,41501,41223
31690,41501,41237
31588,41509,41166
31592,41503,41117
31464,41524,41148
31408,41503,40993
31457,41565,41071
31469,41564,41055
31372,41552,40892
31325,41541,41036
31168,41510,40974
31128,41487,40995
31374,41505,40865
31492,41501,40938
31468,41533,40878
31572,41527,40884
31660,41562,40746
31616,41552,40785
31549,41540,40783
31517,41540,40668
31544,41509,40689
31617,41493,40725
31700,41501,40692
31736,41502,40543
31824,41526,40604
31908,41551,40503
32000,41559,40545
32109,41549,40528
32309,41509,40544
32260,41529,40485
32140,41495,40439
32096,41496,40303
32040,41495,40402
32082,41455,40351
32124,41517,40220
32108,41517,40289
31956,41556,40231
31922,41544,40236
32056,41548,40087
32140,41529,40135
32140,41503,40088
32180,41478,39924
32208,41479,40035
32188,41500,39956
32132,41517,39943
31972,41544,39793
31797,41549,39816
31716,41542,39791
31628,41493,39653
31768,41525,39608
31828,41495,39653
31636,41476,39609
31400,41479,39442
31333,41463,39460
31396,41516,39481
31519,41551,39399
31444,41503,39272
31389,41544,39337
31428,41535,39247
31388,41519,39100
31246,41479,39199
31214,41479,39110
31165,41428,39095
31225,41479,38918
31028,41479,38998
30909,41540,38935
30908,41556,38799
30748,41542,38879
30550,41536,38810
30564,41510,38785
30272,41479,38617
30096,41479,38703
30292,41490,38620
30540,41432,38594
30704,41495,38492
30752,41533,38500
31149,41541,38493
31476,41529,38431
31372,41529,38415
31176,41508,38263
31040,41479,38324
30876,41471,38297
30842,41475,38230
30837,41421,38132
30876,41479,38119
30848,41519,38148
30832,41527,38092
30800,41511,38083
30720,41522,37964
30984,41479,37944
30886,41462,37966
30676,41450,37956
30684,41455,37922
30896,41455,37789
31086,41479,37852
31248,41503,37815
31364,41503,37809
31548,41507,37765
31564,41497,37731
31476,41469,37613
31560,41389,37692
31908,41420,37663
32096,41436,37545
32308,41437,37550
32500,41445,37564
32652,41437,37527
32800,41478,37511
32933,41454,37443
32968,41465,37432
32964,41423,37420
32964,41412,37295
33036,41404,37312
33056,41396,37316
33097,41405,37308
33084,41418,37180
33240,41461,37260
33228,41460,37211
33428,41455,37127
33460,41439,37095
33334,41423,37145
33148,41397,37092
32984,41369,37094
32968,41383,36965
33132,41383,37039
33408,41383,36984
33660,41429,36907
33564,41430,36885
33796,41430,36895
33962,41413,36877
33744,41396,36775
33752,41367,36751
33778,41332,36764
33836,41351,36732
33836,41351,36644
33886,41372,36647
33818,41399,36569
33880,41404,36561
33610,41405,36543
33496,41390,36520
33422,41361,36399
33536,41328,36468
33484,41324,36404
33508,41286,36407
33560,41333,36327
33796,41329,36327
34013,41372,36292
34044,41382,36279
33928,41381,36222
33924,41360,36219
33909,41344,36167
33932,41308,36137
33888,41303,36173
33876,41269,36132
33805,41311,36133
33836,41281,36055
33896,41351,36076
33821,41364,36029
33912,41334,36056
33937,41316,36038
33820,41318,35981
33660,41286,35989
33584,41273,35921
33561,41273,35961
33456,41287,35938
33340,41287,35879
33296,41321,35897
33216,41333,35821
33500,41321,35873
33528,41317,35875
33300,41294,35828
33124,41254,35827
33140,41255,35756
33278,41248,35792
33293,41257,35799
33469,41268,35745
33668,41300,35760
33600,41303,35696
33472,41303,35742
33349,41284,35741
33308,41268,35725
33344,41239,35712
33216,41221,35660
33102,41177,35719
33044,41220,35708
32936,41236,35667
32812,41270,35692
32712,41285,35685
32944,41255,35649
33002,41253,35680
32996,41238,35681
32924,41196,35686
33096,41181,35671
33108,41191,35620
33000,41199,35663
32821,41205,35631
32904,41237,35674
32846,41253,35668
32720,41239,35638
32792,41223,35658
33100,41207,35661
33008,41172,35649
32996,41166,35653
33128,41124,35613
33232,41154,35662
33484,41181,35660
33456,41212,35607
33444,41217,35597
33433,41204,35631
33460,41152,35645
33504,41175,35633
33444,41141,35580
33330,41125,35604
33180,41124,35608
33152,41095,35609
33260,41137,35559
33456,41183,35581
33440,41180,35581
33377,41176,35530
33156,41165,35566
33152,41143,35556
33266,41095,35513
33508,41094,35529
33556,41095,35503
33564,41095,35510
33544,41095,35511
33460,41141,35511
33344,41145,35453
33312,41140,35487
33220,41120,35460
32974,41095,35471
33036,41070,35470
33078,41055,35424
33096,41059,35436
33160,41069,35439
33360,41077,35416
33456,41106,35420
33432,41100,35428
33248,41095,35391
33231,41093,35408
33160,41065,35380
33316,41031,35413
33341,41020,35397
33284,41017,35374
33216,40981,35383
33112,41045,35335
33174,41068,35362
33129,41061,35378
33060,41065,35375
32984,41059,35332
32968,41024,35364
32968,40990,35335
32836,40983,35311
32698,40978,35331
32716,40988,35332
32592,40966,35328
32080,41023,35283
31498,41043,35300
30502,41029,35296
29452,41029,35270
28713,40991,35262
28004,40967,35284
27309,40900,35260
26780,40967,35271
26553,40967,35200
26652,40995,35249
27344,41004,35230
28568,41020,35193
31005,41002,35220
34308,40983,35192
38004,40948,35188
41616,40888,35127
44876,40871,35141
47316,40868,35144
48832,40857,35101
49672,40879,35108
49196,40903,35096
47884,40918,35069
46388,40900,35084
45568,40891,35040
44440,40882,35049
43584,40839,35032
42788,40836,34999
41892,40839,34997
40764,40845,35013
39564,40860,34983
38356,40916,34975
37172,40880,34932
35744,40903,34956
34648,40903,34953
33516,40893,34902
32608,40860,34945
32020,40844,34941
31628,40839,34903
31312,40836,34944
31120,40871,34928
31056,40895,34896
31016,40856,34940
30900,40893,34943
30732,40839,34908
30618,40853,34944
30512,40788,34940
30256,40812,34941
30112,40775,34917
30192,40817,34929
30069,40780,34935
29993,40861,34951
30124,40863,34908
30364,40857,34940
30752,40831,34958
30665,40822,34956
30580,40788,34927
30612,40773,34936
30768,40775,34951
30680,40781,34961
30616,40796,34904
30597,40815,34946
30636,40807,34941
30778,40813,34937
30912,40800,34896
30952,40761,34914
30996,40744,34906
31052,40732,34915
30860,40727,34849
30832,40739,34885
30968,40711,34869
30956,40774,34865
30990,40788,34823
30957,40768,34853
30936,40769,34823
30964,40739,34809
31020,40706,34768
31016,40651,34791
31168,40703,34775
31117,40700,34744
31127,40711,34736
31118,40740,34727
31117,40756,34716
31044,40743,34694
30928,40743,34681
30864,40695,34631
30656,40675,34660
30296,40652,34639
30028,40657,34590
30002,40667,34608
30069,40687,34581
30252,40679,34564
30436,40709,34525
30608,40687,34532
30544,40685,34519
30364,40628,34472
30176,40641,34476
30136,40629,34465
30188,40631,34429
30080,40629,34455
30053,40639,34439
30100,40678,34400
30040,40682,34414
29909,40671,34400
29886,40644,34403
29692,40604,34380
29626,40607,34350
29752,40591,34365
29788,40589,34340
29805,40589,34350
29764,40613,34311
29756,40629,34331
29636,40645,34311
29476,40628,34300
29320,40613,34285
29284,40589,34292
29184,40525,34256
29060,40557,34280
29004,40559,34241
28992,40564,34265
28926,40581,34245
28856,40596,34232
28980,40615,34231
29036,40591,34199
29044,40581,34215
29104,40564,34197
28976,40508,34178
28880,40515,34181
28956,40524,34142
28976,40522,34161
29038,40487,34125
29140,40560,34144
29216,40556,34121
29320,40549,34132
29440,40543,34113
29566,40514,34114
29564,40484,34100
29797,40465,34087
29960,40473,34055
30144,40425,34055
30340,40481,34050
30612,40455,34017
30884,40521,34028
31208,40495,34003
31464,40488,34013
31704,40466,33992
31816,40437,33946
31860,40415,33964
31980,40412,33948
32188,40421,33900
32372,40438,33919
32597,40455,33861
32836,40452,33894
33060,40444,33876
33156,40443,33861
33244,40415,33838
33288,40380,33825
33316,40367,33809
33338,40357,33773
33288,40364,33787
33248,40329,33751
33308,40412,33725
33420,40412,33712
33572,40404,33688
33736,40367,33669
33844,40375,33671
33792,40316,33655
33776,40323,33604
33728,40299,33612
33856,40321,33565
34020,40336,33565
34008,40375,33535
34056,40364,33523
34052,40365,33500
33948,40335,33431
33928,40326,33460
33904,40281,33436
33840,40279,33407
33740,40268,33396
33740,40284,33388
33892,40294,33367
34028,40319,33343
34016,40324,33340
33936,40287,33318
33788,40311,33306
33684,40285,33300
33549,40253,33282
33668,40229,33264
33600,40199,33262
33420,40252,33247
33620,40259,33223
33856,40278,33227
33936,40287,33216
33860,40253,33220
33829,40276,33196
33774,40253,33175
33764,40210,33183
33764,40196,33177
33840,40199,33157
33976,40199,33141
33906,40172,33140
33916,40241,33133
33936,40249,33095
33820,40239,33110
33760,40232,33113
33696,40199,33101
33620,40167,33064
33480,40116,33090
33348,40167,33082
33388,40171,33068
33500,40177,33067
33544,40197,33059
33537,40212,33047
33732,40199,33054
33560,40173,33040
33381,40164,33046
33552,40134,33031
33613,40121,33028
33584,40116,33028
33600,40124,33020
33420,40139,32991
33460,40172,33013
33536,40176,33005
33464,40167,32983
33444,40109,32996
33288,40122,32991
33264,40102,32991
33140,40071,32980
33117,40071,32980
33256,40087,32972
33438,40111,32948
33484,40139,32968
33484,40112,32967
33424,40124,32928
33356,40122,32966
33236,40099,32960
33013,40061,32959
32960,40017,32948
32944,40051,32933
33008,40058,32935
33142,40066,32954
33152,40102,32940
33144,40103,32932
33376,40087,32929
33288,40085,32933
33280,40067,32932
33078,40030,32927
33068,40007,32908
33216,40008,32909
33310,40021,32917
33354,40037,32901
33389,40063,32916
33572,40061,32903
33645,40056,32911
33668,40025,32900
33592,40037,32892
33352,39989,32877
33452,39973,32893
33508,39985,32903
33276,39983,32886
33236,39995,32887
33308,40031,32867
33436,40023,32880
33552,39989,32873
33512,40009,32884
33496,39973,32866
33505,39943,32868
33445,39943,32869
33504,39943,32867
33556,39943,32868
33472,39943,32867
33352,39988,32884
33344,39958,32865
33324,39976,32866
33310,39969,32871
33408,39943,32871
33360,39908,32866
33260,39896,32846
33172,39900,32867
33060,39867,32864
32992,39924,32862
33093,39943,32876
33192,39956,32869
33208,39937,32863
33144,39932,32884
33185,39911,32879
33181,39879,32879
33172,39840,32879
33257,39875,32888
33341,39866,32884
33144,39883,32890
33164,39921,32876
33148,39919,32903
32974,39909,32895
32720,39908,32878
32252,39876,32900
31476,39853,32893
30492,39837,32895
29652,39842,32903
28864,39849,32900
28320,39868,32885
27904,39863,32903
27396,39910,32900
27124,39886,32913
27382,39836,32894
27764,39871,32887
28668,39831,32919
30892,39812,32908
33953,39792,32903
37408,39796,32908
40844,39800,32900
43928,39805,32895
46416,39807,32920
47996,39791,32911
48852,39791,32916
48420,39763,32913
47040,39732,32919
45544,39721,32927
44812,39735,32925
44120,39735,32917
43304,39751,32925
42720,39789,32912
41836,39788,32933
40764,39781,32935
39700,39783,32927
38612,39771,32940
37272,39749,32936
35952,39726,32933
34816,39751,32962
33841,39716,32972
33052,39768,32949
32334,39786,32988
31812,39810,33005
31444,39773,33011
31024,39797,33036
30792,39772,33005
30556,39751,33060
30280,39741,33073
30384,39742,33090
30560,39748,33105
30676,39751,33104
30708,39783,33121
30740,39785,33135
30952,39775,33141
30840,39773,33161
30972,39750,33159
30838,39724,33181
30712,39713,33188
30796,39711,33207
30718,39698,33217
30654,39730,33218
30702,39748,33229
31012,39769,33228
31030,39757,33239
30948,39743,33226
30876,39686,33251
30800,39695,33249
30792,39685,33258
30904,39653,33257
30944,39687,33244
30976,39705,33255
31034,39743,33252
31056,39741,33239
31108,39730,33256
31103,39724,33242
31072,39713,33252
30764,39646,33240
30646,39668,33242
30712,39661,33244
30876,39669,33228
31196,39687,33245
31380,39713,33233
31276,39686,33230
31172,39713,33231
31345,39702,33210
31264,39651,33228
31116,39648,33223
31104,39636,33205
31109,39644,33228
31008,39663,33213
30928,39639,33210
30774,39698,33205
30798,39703,33189
30842,39696,33214
30816,39684,33191
30824,39623,33198
30820,39636,33191
30760,39623,33164
30680,39593,33182
30660,39631,33159
30616,39652,33180
30580,39687,33168
30732,39687,33177
30836,39652,33180
30792,39679,33173
30588,39647,33173
30356,39588,33181
30212,39621,33172
30142,39604,33159
30064,39629,33170
30076,39650,33168
30112,39684,33169
30100,39687,33159
30168,39630,33173
29980,39669,33170
29848,39642,33148
29692,39629,33173
29604,39612,33165
29636,39611,33149
29564,39620,33173
29560,39600,33162
29616,39671,33159
29516,39676,33159
29412,39669,33153
29388,39663,33147
29492,39640,33153
29424,39564,33151
29285,39599,33146
29140,39559,33147
29201,39604,33145
29244,39631,33135
29324,39657,33141
29285,39671,33129
29208,39664,33124
29116,39645,33127
29204,39603,33118
29268,39609,33120
29373,39584,33111
29529,39593,33083
29568,39599,33100
29560,39615,33075
29768,39649,33084
30120,39649,33078
30152,39599,33060
30440,39639,33063
30576,39599,33012
30740,39579,33047
30858,39573,33036
30952,39577,33017
31293,39581,33029
31748,39573,33008
32052,39643,32989
32249,39639,32991
32448,39628,32985
32549,39611,32960
32700,39604,32956
32628,39569,32953
32548,39559,32942
32950,39567,32916
33248,39532,32930
33380,39591,32908
33620,39620,32892
33856,39617,32901
33732,39612,32879
33612,39619,32869
33516,39588,32869
33588,39559,32845
33588,39556,32828
33464,39559,32833
33425,39566,32805
33552,39584,32823
33796,39604,32796
33960,39623,32777
34000,39612,32770
33832,39610,32757
33925,39583,32744
33992,39553,32720
33880,39543,32724
33925,39557,32703
34088,39559,32677
34072,39570,32677
34104,39612,32647
34068,39608,32676
34012,39609,32656
34016,39603,32647
33872,39589,32647
33648,39559,32633
33652,39544,32640
33624,39556,32628
33704,39559,32605
33724,39564,32621
33912,39604,32620
34038,39631,32596
34160,39615,32606
33976,39613,32608
33840,39586,32601
33752,39559,32599
33828,39554,32608
33854,39559,32604
33877,39559,32599
33949,39591,32599
34012,39569,32609
34088,39620,32601
34020,39606,32603
34021,39615,32605
33848,39581,32604
33647,39566,32615
33692,39559,32603
33724,39532,32608
33700,39569,32613
33680,39605,32615
33716,39623,32617
33698,39631,32615
33604,39620,32612
33576,39629,32613
33588,39601,32623
33688,39573,32622
33548,39571,32611
33548,39573,32615
33328,39548,32606
33132,39596,32615
33560,39629,32605
33848,39624,32596
33768,39613,32613
33540,39631,32604
33556,39611,32609
33516,39573,32593
33536,39581,32605
33500,39572,32597
33380,39588,32578
33381,39607,32603
33517,39639,32596
33548,39655,32588
33464,39599,32587
33460,39645,32589
33456,39620,32593
33404,39588,32597
33528,39587,32609
33396,39596,32608
33308,39596,32598
33300,39623,32608
33505,39646,32600
33616,39660,32621
33704,39648,32621
33640,39655,32621
33604,39639,32620
33588,39571,32633
33472,39597,32617
33400,39598,32643
33460,39621,32628
33477,39604,32641
33511,39666,32637
33376,39669,32655
33344,39663,32646
33176,39677,32652
32980,39647,32644
32924,39601,32662
32912,39605,32663
33013,39616,32666
33000,39626,32666
32716,39645,32665
32801,39665,32669
32744,39671,32660
32972,39679,32677
33252,39675,32682
33352,39660,32671
33308,39629,32670
33196,39630,32676
33216,39639,32663
33268,39636,32685
33220,39663,32676
33148,39687,32676
33016,39700,32673
32976,39687,32684
33069,39671,32685
33192,39681,32695
33237,39652,32690
33324,39641,32688
33368,39642,32696
33412,39663,32691
33380,39666,32716
33352,39687,32709
33305,39716,32705
33437,39711,32708
33348,39713,32694
33246,39687,32721
33128,39657,32712
33148,39621,32728
33216,39669,32726
33232,39679,32710
33304,39687,32732
33340,39725,32729
33100,39727,32739
32992,39718,32741
33132,39719,32743
33252,39712,32740
33164,39669,32762
33048,39669,32761
33076,39671,32756
33210,39687,32767
33136,39700,32787
33080,39736,32785
33072,39749,32789
33112,39745,32793
32968,39741,32783
33033,39718,32811
33012,39687,32812
33048,39652,32823
32900,39684,32828
32844,39703,32825
33020,39724,32848
33204,39751,32852
33192,39759,32861
33232,39759,32864
33156,39731,32873
33093,39739,32895
33092,39687,32892
32992,39703,32892
32980,39705,32911
33032,39711,32903
33160,39730,32938
33166,39729,32935
33288,39780,32945
33292,39773,32962
33132,39756,32962
32689,39750,32966
31956,39683,32944
30940,39725,32987
29848,39735,32981
29068,39738,32967
28280,39769,33005
27625,39788,33005
27184,39797,32997
26944,39796,33028
26900,39800,33023
27332,39780,33049
28255,39696,33036
30017,39742,33022
32796,39740,33060
36232,39735,33049
39824,39732,33050
43240,39758,33061
46264,39745,33060
48204,39740,33060
49245,39729,33071
49220,39709,33070
48050,39687,33071
46400,39703,33070
45412,39711,33069
44544,39703,33064
43732,39737,33070
42980,39767,33061
42316,39781,33078
41180,39781,33070
39964,39770,33077
38858,39741,33068
37632,39748,33076
36376,39751,33076
35112,39759,33061
34020,39780,33077
33136,39789,33060
32777,39818,33097
32381,39828,33094
31956,39809,33104
31632,39828,33120
31328,39815,33137
31104,39784,33140
31216,39750,33167
31085,39791,33155
31045,39791,33192
31048,39815,33194
30902,39847,33191
30848,39856,33215
30845,39807,33207
30792,39836,33247
30741,39808,33253
30485,39773,33260
30416,39795,33265
30556,39804,33215
30744,39809,33284
30724,39823,33287
30844,39815,33276
30954,39865,33308
30972,39860,33302
31046,39852,33301
31044,39844,33311
31040,39760,33325
30913,39799,33328
31017,39813,33324
31100,39813,33300
31289,39824,33321
31304,39865,33324
31289,39870,33314
31282,39874,33287
31300,39862,33327
31182,39807,33317
31056,39815,33295
31052,39807,33309
31012,39816,33311
31072,39815,33274
31196,39820,33287
31478,39879,33270
31489,39886,33276
31376,39878,33250
31324,39871,33269
31220,39849,33254
31052,39818,33232
31076,39815,33245
31104,39828,33223
31072,39807,33202
31084,39859,33204
31048,39885,33177
31084,39851,33189
31000,39887,33173
30953,39878,33166
30860,39839,33159
30761,39833,33133
30620,39807,33151
30550,39823,33133
30540,39815,33119
30592,39860,33112
30668,39886,33123
30624,39897,33095
30572,39894,33108
30516,39862,33101
30440,39873,33109
30152,39844,33103
29928,39833,33100
29844,39841,33112
30048,39847,33109
30204,39865,33109
30308,39853,33130
30096,39908,33125
29948,39908,33124
29764,39891,33140
29632,39877,33145
29552,39847,33132
29566,39837,33156
29441,39833,33157
29272,39853,33148
29224,39880,33151
29428,39908,33180
29412,39927,33176
29373,39907,33191
29409,39909,33187
29454,39882,33172
29472,39856,33191
29400,39839,33173
29304,39855,33207
29312,39857,33204
29329,39872,33201
29456,39911,33201
29592,39916,33181
29680,39910,33204
29592,39886,33196
29352,39879,33185
29148,39807,33197
29184,39847,33196
29376,39853,33189
29540,39806,33178
29460,39879,33175
29568,39901,33175
29796,39909,33157
30040,39901,33172
30056,39896,33157
30240,39877,33125
30456,39847,33157
30664,39791,33132
30892,39837,33117
31145,39825,33122
31396,39865,33105
31600,39885,33100
31996,39897,33086
32188,39899,33095
32340,39884,33031
32376,39867,33083
32464,39839,33077
32728,39821,33062
32884,39789,33047
32840,39828,33063
32944,39852,33053
33268,39879,33043
33220,39893,33031
33160,39880,33031
33520,39863,33027
33784,39854,33007
33932,39815,32996
33969,39815,32997
33928,39815,33004
33828,39836,32996
33888,39847,32985
33912,39877,32980
34064,39876,32942
34292,39872,32952
34228,39869,32951
34204,39850,32957
34096,39772,32947
34061,39804,32933
34088,39777,32929
34080,39815,32925
34260,39844,32919
34368,39869,32898
34228,39881,32908
33957,39844,32917
33972,39865,32908
34076,39839,32908
34030,39798,32877
33996,39801,32896
33948,39815,32903
34024,39796,32904
34112,39846,32900
34128,39856,32879
34137,39868,32903
34176,39860,32900
33940,39860,32900
33800,39845,32887
33962,39815,32869
33800,39780,32900
34064,39808,32889
34140,39791,32885
33989,39830,32864
34164,39869,32880
34142,39861,32885
33956,39863,32884
33908,39844,32879
34028,39837,32879
33910,39768,32868
33772,39806,32874
33616,39812,32876
33796,39805,32889
34008,39831,32884
34104,39845,32885
33996,39843,32887
33993,39855,32900
33948,39855,32892
34100,39829,32893
33868,39788,32908
33776,39797,32909
33828,39797,32912
33932,39796,32924
33834,39809,32931
33724,39847,32932
33592,39828,32924
33748,39849,32944
33618,39847,32953
33416,39820,32961
33413,39797,32966
33576,39780,32973
33604,39789,32980
33668,39788,32975
33728,39815,33004
33544,39839,33004
33748,39847,33010
33312,39847,32996
33320,39834,33008
33264,39778,33028
33460,39780,33045
33692,39785,33047
33368,39787,33050
33258,39785,33041
33512,39805,33066
33820,39840,33067
33993,39828,33062
34108,39831,33076
34010,39820,33085
33924,39797,33076
33844,39767,33086
33644,39767,33102
33704,39770,33105
33760,39781,33112
33748,39801,33119
33640,39823,33116
33822,39839,33131
33632,39815,33136
33672,39815,33082
33696,39800,33137
33536,39764,33151
33480,39758,33159
33472,39720,33189
33576,39764,33193
33668,39781,33194
33584,39812,33198
33560,39815,33200
33760,39781,33205
33732,39807,33201
33668,39788,33219
33577,39756,33239
33361,39743,33244
33210,39754,33239
33249,39727,33249
33313,39772,33248
33496,39800,33237
33420,39815,33261
33384,39789,33268
33504,39792,33269
33508,39740,33273
33380,39740,33257
33192,39742,33273
33024,39741,33283
33108,39737,33287
33148,39771,33302
33272,39797,33292
33348,39799,33300
33312,39764,33281
33248,39783,33287
33175,39762,33309
33232,39697,33310
33104,39721,33318
32954,39724,33317
32992,39728,33319
33152,39751,33286
33200,39789,33321
33124,39783,33308
33128,39778,33300
33020,39758,33340
32954,39748,33327
32868,39679,33324
32892,39708,33341
32772,39731,33346
32888,39723,33347
32928,39740,33327
32904,39746,33322
32916,39775,33348
32917,39764,33365
32976,39760,33367
32868,39741,33373
32832,39665,33351
32805,39711,33380
32814,39711,33383
32832,39711,33380
32668,39735,33388
32760,39752,33388
33126,39759,33367
33134,39746,33373
33100,39751,33401
33020,39735,33396
32936,39701,33398
32920,39663,33393
33044,39687,33373
33140,39687,33401
33248,39727,33396
33360,39752,33392
33372,39748,33375
33412,39741,33381
33340,39741,33383
33234,39687,33345
32976,39681,33364
32948,39685,33369
33004,39662,33362
32972,39681,33332
32896,39685,33351
32961,39726,33365
32960,39738,33356
32945,39694,33352
32972,39715,33332
33052,39700,33338
33036,39668,33353
33032,39648,33351
32908,39653,33332
32832,39663,33346
32840,39687,33369
32809,39717,33360
32652,39719,33348
32720,39702,33351
32676,39706,33379
32808,39673,33367
32957,39647,33332
33116,39648,33353
33124,39642,33389
33014,39647,33389
33012,39671,33368
33088,39703,33381
33072,39690,33414
32922,39687,33412
32960,39685,33415
32908,39669,33415
32700,39631,33415
32156,39623,33441
31412,39641,33428
30704,39643,33404
29808,39659,33418
28901,39700,33427
28244,39687,33460
27644,39687,33463
27190,39687,33460
26588,39651,33463
26512,39645,33432
27232,39639,33461
28308,39636,33476
30305,39631,33468
33128,39613,33476
36644,39660,33452
40337,39647,33470
43564,39631,33482
46138,39598,33478
47760,39573,33460
48856,39532,33465
48916,39524,33492
47856,39540,33486
46312,39549,33484
45184,39572,33465
44100,39597,33485
43204,39615,33497
42240,39604,33485
41208,39583,33486
40325,39582,33456
39405,39533,33479
38260,39559,33492
36788,39535,33483
35374,39568,33468
34530,39604,33495
33948,39624,33508
33364,39604,33501
32687,39629,33503
32069,39625,33488
31772,39607,33511
31552,39583,33519
31452,39574,33529
31336,39564,33542
31212,39585,33530
31024,39599,33552
30972,39625,33572
30888,39588,33588
30664,39631,33561
30464,39623,33608
30418,39599,33605
30436,39559,33592
30420,39559,33625
30472,39549,33631
30568,39567,33605
30528,39581,33655
30586,39612,33646
30837,39619,33628
30885,39607,33631
30932,39597,33668
30945,39558,33670
30981,39501,33637
30964,39533,33671
31022,39535,33652
31089,39543,33671
31168,39560,33679
31058,39596,33676
31104,39596,33650
31148,39543,33683
31144,39575,33663
31108,39542,33703
31224,39477,33693
31048,39516,33684
30912,39517,33692
30869,39527,33671
30838,39543,33713
30980,39525,33710
31066,39572,33711
31192,39551,33709
31084,39556,33717
30968,39535,33717
30928,39511,33693
30880,39484,33734
30964,39503,33735
31080,39501,33732
31048,39524,33733
30740,39540,33716
30772,39559,33746
30756,39543,33751
30776,39536,33763
30768,39511,33726
30532,39480,33763
30456,39469,33765
30516,39477,33774
30372,39500,33738
30300,39505,33740
30318,39533,33789
30344,39537,33776
30148,39527,33770
30188,39527,33780
30124,39492,33821
30074,39473,33815
29912,39449,33798
30060,39469,33807
30160,39463,33837
30056,39491,33844
30148,39519,33831
30176,39527,33852
30041,39506,33883
29908,39501,33884
29820,39479,33839
29900,39449,33881
29692,39431,33890
29537,39444,33908
29572,39431,33865
29596,39473,33900
29736,39503,33890
29768,39511,33892
29536,39463,33910
29412,39477,33939
29274,39458,33943
29148,39429,33942
29060,39373,33936
29164,39425,33925
29176,39431,33948
29216,39460,33901
29188,39485,33917
29200,39476,33913
29077,39476,33902
29076,39461,33944
29094,39431,33927
29106,39399,33935
29190,39399,33901
29144,39387,33897
29260,39399,33933
29156,39431,33910
29193,39447,33888
29312,39456,33916
29576,39444,33899
29624,39431,33868
29564,39413,33860
29660,39384,33879
29956,39368,33873
30300,39366,33820
30448,39365,33865
30572,39407,33836
30692,39431,33799
30980,39415,33778
31340,39412,33788
31693,39399,33799
31948,39372,33779
32212,39351,33738
32256,39303,33753
32304,39336,33728
32400,39351,33720
32412,39351,33661
32568,39391,33685
32740,39395,33678
33036,39373,33660
33216,39377,33641
33440,39352,33592
33610,39313,33615
33616,39301,33604
33668,39318,33572
33724,39317,33559
33808,39345,33524
33856,39357,33516
33828,39367,33519
33896,39351,33495
33952,39354,33457
33920,39315,33437
34064,39287,33447
33916,39250,33420
33797,39287,33396
33808,39292,33374
33901,39312,33356
33973,39341,33309
34160,39340,33333
34230,39327,33302
34324,39313,33287
34405,39293,33241
34172,39269,33248
34028,39271,33221
33960,39263,33220
33984,39268,33168
34088,39287,33197
34224,39319,33159
34312,39310,33148
34336,39303,33103
34216,39296,33092
34048,39271,33090
33877,39228,33076
33924,39237,33031
33932,39236,33040
34004,39241,33016
34064,39271,32980
34268,39263,32980
34152,39291,32958
33973,39280,32916
33992,39268,32903
33888,39252,32908
33702,39215,32902
33728,39215,32876
33948,39205,32861
33700,39229,32828
33828,39231,32841
34081,39268,32826
34124,39271,32815
33936,39258,32775
33864,39248,32791
33872,39231,32775
33852,39191,32766
33998,39191,32764
34064,39194,32765
33840,39195,32756
33876,39222,32746
33972,39244,32737
33956,39206,32716
33945,39242,32733
34028,39234,32717
33884,39198,32709
33700,39175,32697
33600,39172,32717
33648,39175,32692
33624,39175,32688
33648,39205,32677
33784,39205,32695
33768,39231,32673
33668,39220,32677
33474,39207,32671
33288,39175,32652
33324,39151,32663
33460,39140,32652
33576,39148,32645
33576,39143,32623
33656,39175,32630
33544,39175,32624
33276,39193,32621
33238,39190,32595
33400,39188,32609
33628,39156,32599
33614,39125,32569
33617,39111,32570
33638,39104,32566
33732,39122,32559
33676,39144,32548
33556,39175,32526
33496,39169,32509
33592,39128,32527
33436,39161,32501
33462,39129,32489
33477,39105,32491
33584,39084,32469
33660,39060,32458
33616,39104,32454
33464,39127,32456
33520,39153,32431
33824,39144,32448
33720,39137,32431
33569,39116,32420
33516,39106,32424
33541,39057,32423
33569,39068,32404
33597,39068,32420
33677,39081,32423
33440,39102,32407
33317,39113,32401
33384,39127,32412
33532,39100,32413
33461,39103,32399
33422,39087,32409
33368,39068,32405
33400,39029,32391
33484,39047,32386
33452,39059,32405
33453,39078,32401
33468,39103,32396
33420,39103,32391
33286,39100,32404
33264,39087,32385
33160,39061,32389
33085,39023,32398
33284,39031,32391
33344,39030,32389
33188,39031,32396
33048,39055,32372
33092,39077,32388
32940,39047,32376
32668,39069,32375
32814,39026,32380
32900,39037,32381
33084,38976,32375
33240,39001,32383
33329,38999,32369
33340,39009,32364
33266,39023,32365
33284,39052,32372
33292,39046,32375
33056,39039,32372
33076,39028,32372
33180,39005,32368
32885,38969,32368
32749,38978,32364
32878,38981,32352
32809,38983,32369
32784,39015,32360
32804,39028,32365
33004,39039,32364
33056,39020,32364
33036,39017,32364
33056,38983,32365
33012,38957,32369
33096,38948,32367
32973,38959,32367
32960,38940,32359
32968,38980,32378
33108,39017,32373
33226,39019,32361
33192,39009,32391
32986,38996,32383
33036,38974,32376
33140,38909,32364
33154,38919,32392
33198,38943,32391
33196,38945,32380
33276,38969,32403
33236,38993,32404
33196,38993,32398
33172,38981,32404
33029,38935,32405
33104,38940,32407
33129,38912,32385
33184,38907,32417
33244,38917,32413
33230,38913,32412
33324,38940,32409
33260,38973,32425
33088,38967,32417
33064,38949,32413
33312,38944,32412
33096,38893,32420
32869,38889,32420
33145,38838,32397
33284,38892,32422
33204,38895,32421
33165,38919,32412
33184,38948,32425
33152,38937,32407
33061,38911,32407
33080,38919,32428
33172,38863,32417
32988,38868,32420
32872,38863,32395
32736,38858,32428
33024,38863,32432
33065,38896,32414
33076,38916,32429
33152,38880,32416
33087,38911,32430
33088,38908,32420
33112,38879,32409
33048,38854,32403
32948,38845,32408
32912,38847,32428
32548,38853,32428
31940,38879,32425
31012,38913,32428
30136,38915,32412
29400,38908,32411
28544,38894,32429
27896,38884,32434
27284,38854,32432
26888,38844,32437
26824,38821,32409
27365,38844,32440
28424,38868,32433
30192,38897,32416
32772,38875,32430
36212,38866,32432
39704,38840,32417
42964,38798,32447
45564,38764,32441
47168,38749,32440
48160,38753,32439
48560,38757,32444
47826,38784,32448
46196,38812,32425
44824,38814,32439
43764,38810,32425
42768,38801,32460
42260,38780,32452
41644,38751,32427
40788,38744,32448
39824,38765,32438
38744,38775,32421
37708,38797,32452
36720,38838,32444
35516,38836,32456
34416,38841,32436
33576,38827,32460
32844,38809,32468
32210,38790,32471
31820,38785,32480
31356,38785,32487
31172,38791,32498
31300,38775,32503
31356,38844,32542
31238,38831,32555
31256,38838,32542
30928,38777,32588
30836,38799,32598
30732,38775,32604
30796,38767,32621
30904,38759,32636
31052,38774,32615
30940,38751,32664
30912,38831,32664
30666,38805,32645
30638,38820,32678
30831,38803,32652
30820,38746,32688
30632,38753,32705
30549,38743,32703
30668,38754,32715
30580,38754,32701
30584,38780,32729
30824,38801,32717
31088,38783,32751
31140,38794,32747
31432,38789,32714
31484,38765,32747
31424,38722,32749
31400,38735,32735
31360,38737,32750
31372,38743,32729
31453,38752,32741
31272,38791,32751
31516,38787,32757
31844,38791,32723
31716,38773,32751
31708,38710,32746
31552,38716,32705
31252,38676,32733
31048,38733,32743
31156,38724,32751
31232,38744,32739
31328,38775,32727
31392,38748,32700
31440,38767,32740
31300,38714,32725
31229,38737,32724
31162,38672,32699
30760,38703,32717
30768,38701,32705
30932,38710,32676
30936,38733,32681
30900,38765,32692
30964,38764,32660
30996,38756,32681
30904,38753,32687
30712,38726,32668
30409,38676,32679
30268,38700,32647
30193,38700,32685
30360,38695,32668
30400,38732,32676
30440,38757,32645
30420,38753,32679
30320,38751,32673
30196,38741,32669
30089,38709,32652
30037,38685,32677
30276,38677,32668
30052,38679,32665
29844,38693,32636
29768,38720,32631
29892,38740,32645
30096,38743,32667
30012,38732,32652
29741,38686,32647
29520,38700,32648
29613,38640,32645
29720,38658,32636
29620,38636,32631
29512,38677,32634
29488,38703,32600
29540,38725,32628
29472,38709,32622
29454,38727,32617
29490,38673,32589
29288,38682,32618
29396,38663,32604
29524,38644,32608
29604,38661,32569
29524,38663,32605
29452,38693,32597
29504,38663,32596
29524,38705,32569
29652,38700,32596
29716,38682,32580
29642,38637,32561
29768,38636,32580
30017,38631,32551
30053,38644,32556
30112,38633,32577
30244,38663,32561
30472,38679,32535
30932,38684,32519
31022,38676,32541
31216,38663,32537
31416,38637,32516
31436,38607,32489
31480,38563,32489
31666,38607,32487
32000,38597,32480
32276,38629,32466
32420,38662,32415
32608,38652,32429
32836,38647,32428
32932,38638,32411
33152,38615,32374
33124,38578,32391
32948,38577,32373
32948,38550,32364
33161,38584,32334
33200,38613,32340
33404,38631,32326
33456,38620,32317
33718,38631,32303
33756,38612,32295
33728,38592,32276
33633,38557,32257
33516,38564,32256
33416,38535,32252
33669,38564,32236
33816,38589,32230
34020,38615,32213
33937,38615,32190
33754,38596,32200
33716,38592,32196
33788,38573,32182
33814,38535,32180
33889,38533,32175
34110,38535,32159
34010,38548,32164
33928,38569,32170
33736,38599,32175
33952,38583,32161
33944,38582,32183
33936,38581,32192
33892,38548,32197
33916,38516,32196
33881,38510,32192
33840,38535,32200
33948,38527,32220
33949,38557,32208
33900,38577,32195
33976,38571,32220
33956,38552,32225
34024,38565,32210
34040,38527,32218
33860,38503,32228
33809,38471,32229
33736,38511,32223
33728,38503,32212
33820,38535,32227
33748,38524,32237
33872,38553,32231
33748,38518,32225
33696,38535,32247
33644,38525,32239
33668,38478,32232
33737,38484,32234
33780,38487,32245
33524,38494,32245
33096,38519,32239
33348,38549,32261
33592,38542,32269
33680,38535,32260
33644,38505,32274
33788,38501,32274
33700,38479,32262
33340,38462,32276
33412,38476,32293
33484,38479,32293
33584,38495,32285
33676,38503,32303
33752,38535,32310
33720,38508,32317
33420,38519,32337
33360,38492,32333
33244,38444,32319
33249,38453,32356
33240,38460,32351
33292,38465,32347
33304,38487,32364
33464,38492,32372
33393,38511,32364
33474,38468,32392
33616,38497,32396
33692,38474,32399
33524,38445,32387
33340,38425,32412
33172,38428,32415
33377,38448,32423
33377,38435,32402
33388,38498,32429
33248,38500,32430
33356,38461,32424
33366,38479,32428
33476,38455,32401
33684,38428,32417
33437,38421,32436
33424,38424,32423
33572,38397,32421
33660,38452,32405
33660,38451,32424
33668,38485,32417
33592,38468,32413
33552,38439,32391
33644,38431,32407
33520,38405,32412
33448,38404,32407
33452,38407,32413
33300,38407,32376
33660,38444,32420
33504,38469,32416
33600,38464,32399
33596,38454,32420
33492,38444,32431
33548,38407,32415
33324,38396,32407
33272,38381,32421
33384,38399,32423
33054,38407,32425
32905,38424,32370
32780,38458,32412
33032,38450,32434
33212,38436,32431
33440,38439,32399
33456,38407,32421
33425,38381,32427
33340,38383,32425
33140,38374,32397
33072,38376,32429
33348,38399,32421
33516,38420,32437
33428,38438,32407
33236,38439,32423
33004,38431,32431
33008,38395,32423
32884,38364,32413
32712,38375,32428
32704,38375,32425
32968,38350,32401
32832,38396,32404
32702,38437,32449
32732,38421,32436
32748,38423,32436
32773,38380,32408
32748,38397,32432
32724,38365,32438
32774,38363,32422
32968,38350,32447
33148,38364,32457
32884,38390,32469
32748,38421,32456
32992,38407,32492
32916,38407,32489
33068,38407,32455
33188,38381,32485
33056,38319,32495
32964,38357,32517
32732,38343,32486
32292,38349,32543
32380,38383,32538
32830,38383,32547
33060,38407,32524
33200,38383,32569
33140,38397,32572
33016,38369,32585
32740,38341,32552
32557,38341,32592
32672,38341,32606
32648,38357,32596
32608,38375,32609
32900,38400,32637
33276,38404,32649
33044,38399,32608
32856,38388,32653
33056,38367,32670
33148,38334,32689
32953,38325,32684
32864,38340,32697
32840,38343,32690
32945,38360,32724
32992,38392,32745
33108,38399,32700
32961,38386,32757
32900,38377,32767
33045,38328,32735
32740,38341,32793
32800,38285,32789
32705,38333,32757
32792,38332,32817
32740,38361,32829
32793,38385,32795
32648,38381,32830
32648,38380,32857
32984,38367,32855
33216,38355,32862
33136,38321,32818
33276,38322,32881
33036,38328,32871
32968,38323,32884
32808,38356,32844
32318,38383,32873
31516,38390,32904
30532,38385,32845
29625,38380,32900
28728,38369,32897
28036,38309,32856
27398,38343,32901
27006,38348,32908
27077,38342,32900
27380,38375,32913
27940,38407,32876
29258,38407,32908
31520,38380,32903
34401,38368,32864
37540,38324,32868
41024,38290,32900
43844,38279,32904
46236,38260,32844
47644,38263,32868
48376,38303,32892
48052,38330,32879
46556,38340,32884
45197,38321,32861
44072,38320,32846
42900,38300,32891
42084,38279,32876
41433,38279,32830
40764,38284,32876
39808,38303,32869
38932,38324,32847
37960,38367,32866
36888,38373,32879
35760,38375,32869
34736,38365,32860
33836,38351,32869
32960,38314,32876
32224,38324,32839
31688,38334,32857
31364,38348,32892
31264,38370,32903
31174,38407,32883
31016,38404,32920
30844,38390,32919
30692,38393,32943
30780,38364,32905
30820,38332,32960
30768,38340,32963
30808,38335,32927
30756,38343,32988
30932,38373,32977
31052,38385,32956
30892,38405,32965
30808,38399,33005
30744,38385,32997
30860,38369,33013
30900,38309,33028
30732,38340,32965
30736,38319,32997
30788,38344,33040
30884,38381,33031
30780,38383,33031
30784,38407,33052
31012,38397,32980
30988,38397,33047
30960,38332,33038
30724,38335,33052
30744,38343,33009
30808,38353,32988
30940,38357,33028
31032,38357,33033
31085,38407,33038
31038,38407,33016
31362,38407,33015
31428,38397,33021
31436,38373,32964
31461,38349,33020
31532,38343,32999
31352,38359,32996
31372,38369,32939
31480,38393,32991
31460,38422,32977
31414,38425,32975
31408,38407,32916
31542,38361,32888
31361,38383,32926
31204,38361,32907
31240,38359,32903
31380,38367,32903
31246,38373,32879
30968,38401,32832
30900,38423,32828
30936,38436,32809
30956,38420,32805
30788,38422,32816
30872,38375,32800
30892,38362,32788
30672,38373,32786
30440,38377,32733
30484,38381,32716
30560,38407,32713
30596,38431,32719
30688,38430,32732
30564,38445,32708
30380,38437,32700
30394,38404,32669
30360,38383,32644
30272,38348,32629
30228,38391,32636
30213,38396,32647
30172,38392,32639
30364,38451,32632
30248,38457,32600
30028,38444,32586
29932,38447,32590
29780,38392,32587
29744,38388,32576
29804,38391,32566
29710,38389,32550
29637,38402,32504
29580,38436,32512
29684,38469,32527
29512,38471,32505
29496,38443,32495
29512,38455,32477
29548,38437,32448
29600,38380,32408
29557,38399,32429
29512,38356,32421
29508,38407,32407
29568,38454,32373
29636,38466,32375
29660,38473,32384
29688,38460,32365
29744,38453,32326
29721,38428,32339
29716,38407,32326
29818,38404,32300
29952,38407,32271
30064,38392,32252
30156,38439,32280
30344,38471,32256
30496,38426,32241
30644,38458,32230
30916,38459,32218
31168,38391,32183
31240,38396,32166
31401,38391,32167
31548,38407,32173
31768,38404,32162
31980,38439,32167
32264,38428,32148
32420,38460,32136
32552,38450,32121
32636,38449,32110
32732,38420,32111
32732,38397,32103
32797,38372,32092
32905,38391,32096
32908,38400,32095
33108,38437,32103
33312,38460,32105
33412,38460,32109
33592,38461,32109
33538,38420,32110
33528,38423,32129
33520,38367,32135
33626,38384,32128
33740,38399,32141
33716,38398,32112
33575,38436,32132
33644,38456,32142
33652,38461,32143
33557,38440,32133
33646,38445,32128
33556,38419,32127
33308,38393,32121
33240,38391,32141
33356,38406,32151
33228,38407,32156
33212,38439,32173
33316,38433,32177
33076,38453,32201
32926,38455,32228
32964,38441,32239
33233,38420,32245
33325,38367,32276
33340,38391,32308
33577,38400,32364
33636,38401,32423
33432,38439,32477
33302,38465,32519
33150,38468,32563
33032,38462,32639
33104,38455,32703
33132,38426,32733
33080,38396,32807
32952,38404,32909
32820,38407,32970
33036,38407,33065
33204,38444,33101
33164,38472,33234
33268,38455,33309
33304,38463,33341
33056,38445,33468
32916,38420,33564
33022,38397,33660
33266,38400,33700
33136,38405,33761
33316,38423,33880
33444,38455,34025
33513,38455,34100
33589,38469,34204
33704,38456,34223
33508,38457,34373
33400,38424,34482
32797,38407,34522
32710,38407,34639
32904,38407,34743
33068,38405,34757
33376,38453,34830
33624,38479,34957
33592,38479,35097
33604,38471,35165
33628,38428,35269
33484,38453,35364
33538,38405,35334
33532,38421,35457
33404,38418,35613
33388,38407,35693
33364,38444,35761
33492,38484,35788
33528,38473,35924
33548,38468,36012
33388,38460,36101
33184,38433,36116
33049,38407,36152
32944,38407,36357
33016,38428,36417
33162,38425,36551
33252,38452,36508
33284,38456,36723
33296,38480,36791
33261,38476,36924
33162,38465,36901
33012,38436,37119
32837,38407,37204
32720,38407,37188
32688,38419,37424
32684,38394,37464
32658,38460,37630
32640,38450,37596
32790,38463,37848
32910,38470,37921
33084,38463,37932
33108,38401,38020
33150,38407,38259
33224,38396,38312
33205,38420,38461
33028,38391,38407
32872,38455,38594
33020,38468,38721
33269,38477,38769
33152,38477,38949
32958,38463,38885
32968,38428,39085
32984,38407,39228
32868,38407,39248
32900,38407,39356
32912,38423,39463
32906,38452,39559
33048,38480,39486
33184,38487,39697
33288,38477,39724
33165,38474,39868
32993,38436,39789
32864,38429,39988
32895,38413,40021
32844,38428,40135
32904,38429,40052
32940,38455,40300
32942,38485,40247
32844,38487,40392
32876,38469,40293
32908,38464,40479
32892,38439,40467
32828,38407,40575
32636,38391,40449
32449,38424,40613
32320,38438,40737
32348,38455,40724
32484,38479,40692
32677,38479,40751
32839,38477,40825
32776,38468,40879
32765,38438,40737
32636,38385,40892
32540,38407,40983
32684,38433,40904
32924,38407,40967
33076,38447,41029
33244,38495,40852
33224,38456,40879
33052,38476,40893
32896,38477,40945
32864,38407,40980
32884,38407,41164
32908,38417,41213
33084,38424,41121
33000,38431,41198
32960,38436,41244
32924,38484,41084
32784,38455,41296
32628,38471,41337
32636,38476,41267
32712,38444,41325
32688,38422,41397
32724,38420,41223
32758,38396,41331
32792,38420,41492
32792,38464,41436
32744,38492,41510
32796,38491,41312
32812,38472,41418
32738,38477,41546
32692,38441,41565
32732,38417,41635
32840,38407,41452
32900,38427,41660
32784,38423,41604
32876,38458,41511
32845,38485,41757
32796,38463,41664
32820,38469,41761
32860,38437,41612
32708,38432,41749
32509,38407,41807
32488,38407,41636
32508,38423,41847
32608,38395,41833
32704,38455,41637
32801,38469,41781
32844,38476,41874
32821,38476,41853
32693,38479,41656
32336,38436,41879
31788,38423,41849
30900,38419,41653
29748,38437,41860
28648,38422,41813
27988,38479,41801
27404,38509,41634
26976,38511,41818
26497,38502,41713
26268,38497,41569
26660,38461,41716
27304,38400,41735
28982,38437,41700
31152,38407,41472
33640,38438,41684
36652,38432,41540
40192,38456,41604
43704,38436,41412
45960,38416,41575
46908,38401,41469
47184,38382,41479
46613,38356,41237
45068,38364,41378
43144,38383,41267
41756,38381,41201
40580,38431,41276
39768,38454,41183
39065,38441,41164
38535,38459,41143
38190,38453,41029
37312,38407,41023
36576,38402,40991
35897,38391,40827
35436,38405,40783
34997,38407,40831
34468,38447,40580
33936,38463,40556
33408,38473,40630
32620,38465,40569
32008,38468,40553
31700,38439,40327
31492,38407,40361
31380,38407,40372
31364,38426,40308
31416,38423,40324
31360,38466,40288
31354,38487,40253
31424,38475,40036
31376,38469,40117
31304,38468,40116
31380,38435,40060
31456,38391,39959
31484,38405,39950
31496,38405,39805
31496,38407,39855
31562,38447,39724
31640,38469,39759
31532,38471,39542
31492,38425,39621
31304,38459,39574
31244,38433,39500
31328,38401,39525
31345,38407,39295
31336,38387,39407
31448,38407,39278
31448,38407,39303
31564,38471,39120
31704,38467,39188
31676,38461,39092
31664,38461,38931
31856,38422,38937
31756,38407,38928
31789,38375,38861
31796,38407,38842
31828,38407,38668
31870,38444,38671
31972,38463,38655
31908,38469,38453
31892,38463,38537
31922,38440,38429
31768,38407,38421
31676,38367,38201
31708,38388,38289
31652,38367,38193
31530,38401,38035
31568,38439,37959
31500,38468,38031
31572,38457,37920
31484,38417,37927
31489,38440,37719
31512,38429,37797
31500,38399,37699
31448,38403,37540
31240,38367,37580
31220,38417,37500
31444,38397,37380
31589,38460,37455
31517,38420,37392
31460,38447,37252
31312,38452,37255
31089,38407,37229
30892,38394,37093
30724,38399,37165
30660,38405,37159
30716,38403,36965
30732,38439,37087
30972,38456,37017
30968,38456,36896
30813,38446,36980
30785,38444,36910
30701,38407,36905
30420,38383,36783
30400,38389,36836
30520,38396,36789
30492,38405,36804
30297,38428,36656
30184,38444,36741
30188,38452,36719
30240,38447,36645
30488,38444,36641
30578,38407,36519
30388,38348,36501
30240,38382,36559
30176,38399,36481
30300,38356,36487
30340,38438,36332
30372,38441,36353
30344,38453,36347
30309,38436,36316
30232,38439,36212
30308,38397,36192
30248,38377,36173
30064,38373,36081
30020,38380,36005
30176,38399,36043
30256,38407,36029
30372,38446,35869
30424,38445,35933
30560,38433,35884
30676,38433,35713
30700,38391,35780
30912,38326,35714
31080,38370,35559
31166,38341,35607
31457,38372,35572
31828,38373,35487
32134,38423,35447
32370,38423,35397
32528,38407,35239
32537,38407,35293
32532,38359,35255
32500,38356,35087
32648,38343,35119
32804,38348,35024
33052,38349,35023
33001,38373,34983
33214,38405,34885
33424,38404,34812
33512,38397,34859
33604,38388,34783
33644,38357,34742
33568,38332,34652
33653,38324,34567
33784,38333,34593
33804,38337,34495
33744,38356,34465
33748,38387,34479
33760,38391,34436
33692,38375,34356
33532,38367,34336
33417,38337,34202
33516,38311,34247
33624,38304,34207
33608,38309,34084
33460,38319,34108
33446,38348,34076
33600,38379,33968
33808,38359,33967
33842,38318,33847
33884,38345,33871
33748,38303,33798
33713,38291,33740
33866,38279,33744
33916,38300,33709
33920,38300,33626
34004,38325,33639
34014,38353,33577
33973,38344,33495
33880,38313,33513
33856,38343,33470
33910,38266,33390
33964,38271,33360
33920,38279,33367
33924,38284,33316
33980,38279,33305
34008,38301,33213
33908,38343,33212
33880,38338,33191
34016,38330,33120
34176,38301,33088
34020,38279,33086
33920,38263,33068
33920,38261,33020
33912,38279,32998
33920,38279,32919
34012,38313,32935
34012,38332,32897
34200,38335,32833
34176,38317,32824
34007,38317,32807
33904,38284,32752
33768,38245,32746
33756,38263,32728
33664,38252,32679
33656,38274,32647
33616,38276,32676
33556,38324,32638
33513,38311,32583
33532,38324,32578
33556,38288,32572
33604,38279,32556
33562,38228,32488
33424,38248,32517
33292,38254,32492
33344,38264,32473
33416,38299,32442
33460,38319,32423
33460,38325,32438
33476,38316,32407
33212,38297,32388
33004,38264,32392
32960,38247,32369
33076,38253,32369
33176,38268,32320
33216,38263,32351
33232,38279,32324
33356,38311,32293
33424,38297,32287
33397,38301,32289
33452,38294,32295
33624,38249,32251
33504,38235,32271
33492,38232,32251
33568,38238,32212
33504,38238,32231
33608,38246,32218
33684,38294,32179
33789,38279,32194
33816,38279,32181
33569,38277,32171
33492,38247,32148
33460,38212,32116
33413,38231,32132
33492,38234,32127
33590,38236,32093
33544,38271,32094
33640,38292,32087
33608,38286,32052
33454,38271,32068
33212,38269,32053
33028,38247,32039
33004,38216,32032
33152,38227,32025
33120,38229,31996
33154,38223,32007
33176,38263,31997
33212,38279,31967
33204,38277,31991
33113,38265,31974
33052,38261,31968
33048,38230,31943
32936,38201,31950
32836,38173,31943
32817,38206,31927
32928,38204,31941
33046,38247,31913
33181,38272,31932
33340,38263,31917
33436,38252,31895
33388,38247,31901
33436,38215,31900
33421,38189,31879
33500,38191,31884
33420,38169,31885
33328,38197,31872
33340,38238,31869
33392,38247,31850
33373,38255,31865
33292,38239,31852
33249,38237,31849
33172,38197,31822
33192,38185,31860
33120,38167,31844
33144,38183,31818
33164,38183,31836
33224,38223,31813
33264,38232,31811
33176,38236,31812
32980,38220,31815
33064,38221,31790
33188,38151,31808
32940,38171,31802
32944,38117,31807
33180,38173,31801
33256,38133,31783
33325,38200,31793
33433,38212,31778
33480,38209,31809
33340,38204,31792
33264,38180,31791
33192,38167,31793
33264,38147,31780
33044,38125,31796
32906,38151,31796
32988,38149,31812
33024,38184,31813
33122,38196,31812
33296,38205,31817
33348,38196,31824
33300,38189,31813
33358,38135,31831
33197,38135,31820
33260,38098,31841
33172,38147,31836
33117,38104,31828
32772,38161,31849
32160,38192,31840
31197,38197,31833
30112,38159,31849
29276,38193,31844
28400,38151,31840
27662,38133,31853
26970,38136,31833
26552,38145,31856
26546,38151,31847
27122,38177,31825
28145,38200,31853
29824,38189,31845
32740,38168,31836
36292,38128,31833
39884,38100,31824
43216,38055,31824
46168,38049,31828
48164,38053,31812
49500,38052,31822
49464,38077,31820
48140,38100,31812
46428,38107,31808
45232,38102,31811
44248,38092,31804
43308,38066,31783
42696,38046,31783
42008,38040,31772
41092,38059,31783
39968,38061,31771
38776,38092,31795
37561,38138,31770
36512,38132,31769
35600,38119,31774
34553,38128,31773
33624,38100,31751
32821,38077,31772
32036,38085,31760
31692,38089,31789
31309,38062,31791
31077,38126,31788
30912,38145,31819
30845,38144,31833
30704,38132,31831
30708,38140,31857
30749,38093,31869
30573,38086,31870
30564,38079,31905
30566,38093,31893
30556,38094,31940
30616,38124,31944
30649,38141,31941
30904,38127,31973
30960,38125,31986
30888,38117,31964
30701,38086,32018
30516,38068,32028
30472,38068,32012
30656,38065,32053
30828,38049,32068
30944,38095,32059
30992,38125,32100
30996,38121,32109
30992,38109,32126
30996,38100,32125
30904,38064,32148
30804,38045,32164
30828,38012,32158
31000,38047,32189
31125,38057,32203
31176,38085,32184
31336,38071,32221
31348,38101,32237
31268,38092,32253
31292,38087,32228
31232,38055,32276
31270,38023,32263
31361,38028,32282
31300,38033,32276
31372,38043,32279
31360,38072,32257
31321,38103,32295
31408,38100,32297
31328,38077,32277
31260,38076,32301
31088,38047,32309
30800,38023,32304
30560,38020,32292
30484,38009,32308
30412,38045,32260
30700,38069,32300
30860,38081,32305
31024,38076,32289
30908,38075,32292
30776,38079,32285
30702,38039,32260
30532,38017,32284
30482,38013,32292
30396,38031,32300
30372,38030,32305
30400,38058,32287
30410,38081,32300
30324,38076,32294
30197,38070,32315
30220,38063,32330
30028,38029,32340
29908,38022,32319
29736,38015,32373
29676,38012,32368
29532,38039,32343
29552,38045,32391
29700,38074,32403
29560,38072,32386
29380,38065,32420
29488,38055,32429
29537,38015,32416
29496,38004,32469
29460,37999,32468
29420,37988,32452
29404,38015,32486
29402,38040,32509
29400,38063,32473
29306,38056,32529
29224,38054,32543
29184,38047,32527
29132,38023,32551
29088,37999,32530
29064,37991,32584
29036,37999,32567
29066,38004,32589
29165,38025,32610
29300,38031,32570
29456,38053,32629
29444,38038,32615
29428,38012,32632
29392,38009,32659
29437,37983,32636
29834,37975,32679
29967,37980,32686
30176,37988,32647
30404,38007,32708
30688,38039,32696
30784,38023,32663
30964,37989,32713
31164,38009,32729
31264,37980,32713
31333,37959,32707
31349,37954,32725
31480,37960,32712
31876,37961,32725
32108,37996,32716
32393,37989,32716
32565,38005,32669
32760,37999,32710
33076,37988,32709
33188,37954,32662
33258,37940,32697
33380,37925,32677
33436,37935,32639
33364,37937,32676
33468,37972,32653
33585,37983,32590
33504,37986,32623
33413,37972,32621
33516,37979,32574
33824,37933,32593
33908,37919,32564
33917,37895,32568
33927,37914,32519
33928,37927,32540
33900,37952,32519
33780,37979,32473
33700,37972,32460
33794,37959,32475
33900,37952,32439
33936,37926,32421
33880,37892,32391
33892,37889,32383
33849,37895,32357
33808,37910,32314
33785,37951,32292
34066,37957,32310
34016,37959,32287
34061,37937,32248
34157,37940,32247
33920,37895,32245
33780,37892,32225
33782,37884,32189
33768,37892,32211
33732,37895,32193
33804,37925,32168
33956,37945,32145
34068,37937,32164
33973,37942,32149
34060,37918,32143
33994,37889,32101
33972,37877,32124
33976,37842,32104
33868,37881,32071
33848,37884,32063
33832,37908,32092
33896,37930,32084
33880,37921,32049
33732,37925,32063
33576,37916,32047
33632,37876,32041
33621,37839,31998
33472,37862,32007
33392,37871,32024
33576,37878,32007
33720,37911,31988
33760,37925,32007
33788,37927,31991
33705,37917,31988
33568,37911,31964
33536,37878,31981
33440,37860,31964
33400,37849,31942
33413,37851,31975
33444,37871,31975
33296,37881,31941
33124,37923,31972
33252,37919,31971
33232,37908,31954
33148,37909,31964
33200,37871,31973
33376,37847,31954
33429,37855,31975
33440,37852,31968
33456,37862,31962
33557,37893,31984
33660,37895,31988
33633,37912,31983
33716,37895,32000
33804,37895,32007
33566,37869,32019
33408,37844,31995
33316,37846,32016
33321,37857,32028
33252,37852,31995
33304,37886,32044
33280,37889,32039
33241,37895,32049
33272,37888,32023
33524,37887,32057
33608,37863,32064
33628,37835,32058
33660,37839,32023
33809,37841,32063
33840,37846,32063
33940,37879,32044
33900,37895,32082
33828,37889,32071
33684,37870,32089
33588,37881,32041
33476,37857,32081
33320,37831,32077
33422,37828,32084
33397,37830,32061
33376,37844,32099
33046,37875,32097
32997,37885,32083
33086,37895,32093
33157,37887,32109
33196,37876,32109
33144,37845,32092
32968,37825,32087
33181,37824,32134
33236,37841,32132
33280,37839,32137
33420,37868,32108
33284,37895,32156
33412,37887,32151
33633,37881,32164
33628,37876,32172
33496,37847,32143
33464,37817,32172
33361,37826,32189
33142,37813,32163
33188,37832,32199
33341,37860,32219
33488,37893,32207
33488,37868,32227
33460,37876,32196
33500,37887,32232
33437,37839,32239
33256,37831,32207
33392,37831,32212
33444,37837,32237
33316,37837,32285
33356,37879,32284
33564,37902,32260
33540,37884,32311
33036,37895,32308
33048,37888,32311
33204,37847,32327
33032,37855,32306
32968,37846,32346
33076,37860,32341
33232,37873,32391
33400,37895,32407
33524,37928,32401
33648,37935,32423
33652,37941,32409
33700,37927,32452
33367,37895,32430
33312,37886,32505
33168,37885,32511
33077,37895,32497
33040,37917,32546
32924,37935,32535
33024,37967,32580
33230,37972,32557
33248,37953,32620
33144,37961,32638
33048,37933,32620
32960,37885,32660
32980,37927,32655
33041,37919,32689
32818,37932,32712
32268,37980,32692
31664,38004,32750
30912,37999,32769
30068,38012,32745
29212,38004,32791
28378,37942,32763
27748,37959,32824
27232,37965,32797
26917,37980,32830
26688,37988,32840
27096,38023,32824
28204,38036,32860
30040,38025,32861
32860,38015,32846
35968,38001,32881
39488,37948,32872
42896,37925,32836
45976,37907,32877
47880,37903,32852
48852,37895,32892
49296,37938,32870
48556,37964,32911
46792,37971,32892
45452,37967,32897
44332,37965,32908
43064,37943,32892
42440,37917,32893
41781,37925,32930
41028,37933,32925
39832,37951,32895
38812,37979,32893
37761,38005,32941
36764,38010,32933
35720,38009,32914
34872,38004,32916
33812,37980,32941
32796,37967,32935
32088,37969,32910
31569,37984,32942
31178,37996,32948
31008,38021,32935
31040,38045,32980
30957,38044,32980
31006,38033,32925
30928,37989,32985
30788,37999,32986
30788,37973,32926
30788,37969,32993
30848,37947,32989
30700,37983,32932
30609,38023,32991
30332,38039,32978
30496,38045,32941
30780,38028,32933
30612,38023,32924
30468,37991,32938
30342,37965,32972
30504,37974,32965
30752,37946,32916
31020,37985,32964
30972,38007,32959
31236,38038,32900
31228,38023,32926
31229,38023,32929
31380,38012,32924
31496,37983,32901
31584,37924,32848
31488,37952,32828
31280,37969,32864
31245,37975,32829
31436,37997,32828
31630,38023,32770
31672,38020,32736
31753,38011,32765
31592,37980,32724
31492,37964,32717
31480,37913,32660
31504,37941,32676
31340,37957,32633
31248,37953,32616
31589,37991,32557
31593,38019,32556
31556,38006,32543
31540,38005,32468
31264,38001,32473
31232,37959,32452
31180,37949,32383
31152,37938,32405
31132,37944,32366
31037,37959,32316
30912,37997,32318
30924,38009,32295
30997,38007,32235
30936,37997,32236
30792,37993,32220
30688,37951,32207
30648,37937,32170
30605,37945,32175
30556,37943,32150
30496,37948,32109
30348,37985,32116
30145,37996,32110
29984,38001,32101
29844,37989,32076
29910,37983,32085
29828,37956,32071
30100,37929,32036
30176,37943,32037
30252,37945,32045
30180,37943,32047
30104,37985,32006
30224,37989,32037
30136,37999,32007
29884,37967,31999
29784,37988,32000
29676,37909,32007
29640,37925,31988
29536,37934,31997
29372,37938,31952
29332,37945,31963
29413,37981,31970
29401,37999,31960
29209,37999,31937
29128,37997,31940
29220,37980,31948
29086,37951,31940
28608,37935,31932
28561,37927,31924
28822,37934,31908
28936,37937,31912
29014,37977,31896
29264,37997,31889
29312,37993,31876
29296,37983,31887
29458,37980,31873
29585,37946,31861
29648,37921,31831
29692,37879,31843
29872,37924,31819
30036,37933,31745
30208,37967,31787
30472,37983,31799
30638,37981,31773
30916,37975,31751
31100,37965,31727
31316,37927,31740
31556,37913,31717
31648,37915,31709
31852,37916,31677
32201,37904,31669
32444,37953,31668
32692,37970,31652
32992,37959,31633
32984,37959,31609
32952,37957,31615
32926,37917,31597
32992,37867,31584
33196,37895,31550
33388,37895,31544
33404,37911,31545
33372,37945,31524
33624,37957,31513
33736,37975,31492
33824,37944,31489
33804,37951,31477
33860,37917,31459
33852,37895,31453
33924,37892,31445
33988,37905,31424
33996,37917,31431
34068,37932,31412
33980,37959,31404
33876,37966,31389
33804,37955,31383
33728,37949,31370
33684,37924,31351
33744,37895,31292
33756,37890,31300
33732,37895,31289
33780,37913,31295
33912,37942,31287
33968,37965,31284
33916,37961,31268
33829,37951,31260
33968,37953,31252
33934,37917,31239
33728,37895,31213
33808,37895,31215
33904,37876,31204
34101,37914,31216
34154,37952,31221
34241,37943,31205
34236,37967,31194
34101,37957,31194
34000,37960,31198
33953,37919,31183
33920,37895,31173
33900,37919,31160
33933,37919,31161
33924,37921,31161
33868,37928,31175
33840,37987,31161
33740,37988,31148
33604,37967,31143
33544,37972,31108
33509,37936,31159
33500,37926,31145
33605,37924,31149
33568,37921,31153
33608,37925,31148
33705,37969,31147
33784,37991,31148
33777,37995,31140
33669,37989,31141
33548,37977,31159
33512,37948,31165
33544,37929,31161
33520,37934,31160
33480,37908,31175
33348,37959,31170
33364,37988,31167
33388,37999,31188
33360,38005,31185
33436,37991,31199
33278,37997,31196
33129,37967,31178
33124,37948,31215
33240,37940,31223
33580,37961,31229
33648,37967,31238
33704,38005,31246
33760,38036,31259
33696,38005,31252
33472,38023,31263
33424,38020,31270
33405,37983,31279
33452,37948,31254
33376,37967,31289
33212,37976,31293
33120,37977,31295
33196,38020,31325
33264,38047,31310
33396,38039,31300
33441,38037,31316
33468,38021,31324
33500,37997,31316
33620,37980,31318
33488,37983,31324
33412,37989,31324
33476,37997,31319
33452,38031,31330
33624,38047,31327
33624,38055,31320
33569,38041,31316
33588,38047,31319
33500,37991,31326
33462,37997,31319
33429,38005,31326
33373,38004,31319
33224,38020,31332
33248,38052,31321
33332,38081,31321
33248,38085,31315
33061,38074,31326
32924,38068,31324
33000,38035,31316
32904,38006,31321
33112,38016,31317
33108,38028,31303
32846,38033,31311
32844,38051,31311
32925,38101,31292
32953,38089,31301
32992,38087,31269
32894,38087,31289
32929,38055,31293
33024,38008,31297
33248,38052,31287
33360,38055,31279
33444,38036,31276
33564,38099,31260
33564,38094,31273
33500,38120,31263
33552,38112,31249
33492,38109,31238
33256,38082,31248
33188,38070,31236
33114,38071,31232
33068,38077,31212
32920,38084,31229
32904,38113,31210
33036,38141,31172
33096,38124,31213
33120,38096,31197
33208,38135,31190
33164,38105,31174
33054,38073,31175
33184,38090,31170
33132,38097,31155
33264,38110,31159
33332,38111,31141
33336,38151,31132
33445,38132,31140
33532,38151,31127
33528,38151,31124
33336,38117,31119
33092,38098,31127
33042,38109,31108
33040,38115,31103
33168,38133,31089
33236,38167,31082
33308,38188,31096
33264,38180,31072
33192,38181,31065
33138,38176,31062
33084,38141,31068
33032,38135,31052
32968,38101,31036
32924,38141,31053
33032,38143,31044
33148,38181,31024
33152,38209,31035
33312,38201,31021
33260,38205,31007
32772,38196,30989
32044,38164,31000
31112,38156,30993
30272,38156,30973
29332,38177,30975
28584,38199,30966
27992,38219,30966
27388,38206,30949
27048,38255,30935
26956,38194,30927
27296,38236,30916
28080,38196,30908
29480,38191,30892
32120,38185,30889
35484,38181,30879
39072,38173,30856
42528,38199,30852
45496,38193,30856
47376,38185,30832
48592,38183,30836
48872,38173,30815
47804,38150,30811
46180,38136,30818
44828,38135,30796
43944,38151,30770
43062,38164,30761
42464,38214,30752
41796,38229,30764
41116,38224,30735
40165,38228,30720
39040,38213,30710
38016,38202,30695
36912,38199,30692
35720,38209,30696
34695,38230,30662
33656,38233,30665
32788,38276,30653
32292,38287,30677
32100,38308,30648
31680,38301,30652
31341,38288,30647
31016,38260,30647
30856,38238,30669
30636,38260,30653
30586,38263,30641
30630,38276,30645
30772,38303,30633
30945,38324,30636
30972,38330,30633
30998,38287,30625
30952,38310,30628
30823,38282,30639
30664,38277,30628
30712,38270,30621
30840,38279,30621
31054,38290,30628
31096,38324,30619
31033,38343,30599
31012,38338,30620
30940,38333,30605
30974,38332,30594
31020,38303,30594
31008,38279,30575
30996,38279,30592
31108,38262,30575
31312,38300,30558
31496,38342,30556
31513,38343,30540
31488,38364,30520
31376,38320,30546
31320,38356,30511
31306,38318,30503
31240,38299,30493
31284,38311,30468
31368,38308,30476
31480,38324,30476
31596,38325,30436
31672,38373,30429
31604,38375,30412
31588,38373,30384
31557,38327,30412
31424,38335,30365
31244,38319,30359
31288,38324,30337
31348,38325,30308
31480,38343,30348
31400,38368,30295
31364,38380,30277
31239,38365,30308
31044,38388,30254
30860,38382,30245
30860,38345,30215
30816,38341,30252
30608,38340,30200
30700,38351,30204
30908,38349,30169
30949,38396,30174
30924,38420,30202
30996,38383,30196
30880,38397,30161
30604,38404,30141
30556,38360,30145
30480,38352,30121
30444,38345,30179
30405,38356,30176
30412,38373,30180
30444,38420,30188
30600,38429,30161
30468,38431,30162
30372,38433,30149
30289,38417,30156
30260,38388,30138
30168,38379,30132
30104,38338,30141
30000,38372,30157
29920,38397,30191
29812,38421,30175
29729,38439,30169
29716,38452,30172
29608,38445,30182
29598,38439,30160
29512,38407,30148
29469,38384,30148
29409,38392,30164
29409,38402,30201
29320,38407,30171
29296,38445,30183
29232,38445,30185
29264,38460,30173
29236,38463,30160
29266,38441,30167
29365,38407,30193
29364,38403,30191
29420,38402,30154
29560,38396,30164
29672,38418,30159
29772,38456,30156
29756,38464,30151
29892,38469,30159
30076,38453,30151
30204,38417,30120
30196,38407,30165
30392,38399,30151
30692,38399,30116
30764,38404,30114
30849,38370,30100
31292,38437,30095
31732,38463,30085
31996,38461,30074
32228,38453,30078
32380,38445,30100
32352,38372,30084
32400,38382,30073
32672,38383,30029
33004,38373,30023
33060,38399,30012
33196,38445,29989
33300,38453,29980
33262,38447,29989
33272,38440,30004
33429,38423,30008
33536,38402,29932
33552,38387,29937
33620,38380,29926
33750,38391,29918
33848,38391,29897
33876,38436,29874
33888,38455,29927
33881,38445,29935
33928,38444,29899
33934,38397,29846
33800,38372,29859
33736,38388,29828
33632,38351,29809
33484,38391,29797
33456,38399,29836
33608,38428,29828
33704,38446,29798
33676,38447,29777
33612,38437,29754
33644,38431,29764
33720,38391,29752
33680,38345,29729
33728,38380,29784
33740,38375,29725
33756,38401,29736
33688,38436,29724
33712,38449,29741
33864,38441,29767
33896,38439,29716
33934,38425,29733
33928,38377,29718
33796,38367,29702
33520,38345,29769
33476,38391,29713
33504,38379,29732
33592,38432,29718
33720,38459,29764
33769,38437,29784
33884,38397,29741
33864,38431,29735
33808,38381,29808
33800,38377,29748
33720,38359,29768
33676,38380,29785
33618,38392,29807
33724,38428,29789
33632,38445,29840
33540,38445,29800
33532,38420,29812
33561,38435,29860
33536,38392,29887
33504,38375,29847
33536,38387,29869
33432,38385,29854
33340,38391,29938
33336,38407,29901
33268,38437,29924
33152,38441,29924
33152,38431,29953
33244,38428,30012
33316,38381,29994
33284,38332,29999
33292,38365,30014
33292,38375,30021
33252,38357,30052
33172,38407,30111
33152,38421,30092
33068,38441,30124
33148,38407,30140
33268,38407,30181
33208,38383,30185
33320,38365,30205
33416,38328,30207
33472,38375,30243
33544,38380,30292
33565,38399,30277
33512,38407,30302
33492,38417,30365
33452,38410,30348
33420,38405,30369
33220,38359,30396
33128,38349,30410
33212,38325,30432
33292,38367,30439
33266,38349,30490
33341,38396,30500
33380,38407,30500
33289,38407,30556
33270,38399,30559
33216,38392,30564
33152,38361,30613
33304,38335,30623
33412,38348,30662
33366,38349,30660
33252,38357,30664
33220,38396,30721
33325,38372,30739
33383,38405,30754
33308,38397,30769
33391,38385,30765
33304,38346,30833
33290,38329,30847
33302,38332,30859
33213,38305,30879
33148,38355,30902
33209,38383,30941
33356,38388,30957
33284,38384,30983
33224,38381,31000
33188,38375,31030
33176,38336,31048
33117,38285,31092
33068,38309,31114
33074,38325,31136
33064,38324,31164
32956,38365,31188
32970,38367,31204
33005,38373,31239
33028,38356,31281
32952,38348,31302
32856,38319,31321
32712,38269,31332
32532,38302,31373
32520,38308,31412
32528,38330,31439
32556,38308,31472
32660,38360,31501
32741,38356,31527
32732,38316,31555
32748,38332,31582
32828,38303,31600
32844,38279,31626
32884,38289,31665
32869,38255,31695
32957,38300,31729
32976,38339,31744
32980,38328,31778
32984,38348,31797
32964,38340,31815
32964,38313,31841
32996,38287,31855
32960,38237,31909
32924,38272,31932
32832,38279,31959
32820,38256,31977
32920,38322,32016
33028,38336,32007
32976,38319,32033
32862,38308,32085
32812,38311,32116
32760,38235,32135
32660,38253,32167
32628,38265,32189
32722,38259,32186
32804,38263,32204
32840,38295,32246
32780,38316,32287
32704,38277,32319
32817,38300,32348
32944,38287,32364
32916,38250,32391
32892,38228,32373
32876,38237,32420
32880,38244,32453
32996,38245,32475
32992,38285,32533
32884,38311,32541
32846,38295,32583
32796,38279,32613
32697,38271,32614
32672,38215,32624
32676,38213,32643
32620,38222,32695
32564,38231,32740
32556,38228,32757
32584,38268,32775
32576,38263,32796
32540,38279,32836
32508,38234,32815
32348,38254,32868
31888,38191,32903
31090,38200,32925
29966,38223,32940
29025,38228,32956
28292,38237,32997
27810,38236,32976
27316,38279,32992
26856,38255,33068
26696,38276,33071
26984,38236,33102
27880,38225,33084
29288,38180,33093
31660,38192,33118
34584,38198,33160
37920,38188,33222
41500,38198,33242
44660,38202,33265
46656,38181,33260
47556,38177,33311
47780,38164,33354
46868,38139,33375
45116,38126,33343
43496,38137,33417
42544,38140,33455
41608,38151,33428
40988,38185,33508
40468,38196,33477
39912,38197,33587
39038,38193,33593
38060,38188,33593
37104,38151,33609
36100,38120,33673
35237,38151,33736
34520,38167,33682
33898,38172,33791
33180,38212,33821
32460,38211,33822
32000,38215,33844
31656,38178,33948
31350,38199,33980
31092,38167,33964
30840,38151,34044
30649,38151,34111
30612,38167,34175
30640,38181,34117
30704,38213,34260
30689,38215,34272
30688,38215,34285
30690,38197,34287
30700,38184,34397
30628,38151,34463
30508,38109,34514
30448,38135,34471
30468,38140,34583
30555,38144,34603
30740,38175,34660
30810,38199,34591
30718,38196,34663
30676,38181,34773
30752,38169,34781
30830,38129,34839
30878,38112,34767
31044,38119,34903
31108,38127,34911
31172,38141,34901
31216,38166,34901
31224,38168,34996
31218,38151,35023
31140,38161,34944
31088,38139,35075
31034,38117,35079
30940,38083,35036
30898,38092,35106
30836,38111,35153
30864,38114,35072
31037,38145,35152
31288,38157,35166
31320,38143,35195
31328,38134,35141
31272,38126,35133
31168,38103,35239
31048,38085,35228
31008,38087,35137
30968,38091,35237
30840,38089,35157
30952,38092,35260
31044,38143,35289
30992,38116,35205
30825,38124,35285
30848,38117,35188
30870,38076,35300
30801,38059,35303
30688,38065,35346
30640,38064,35269
30636,38054,35372
30668,38113,35399
30608,38122,35335
30584,38105,35413
30576,38100,35468
30497,38097,35391
30384,38061,35501
30308,38045,35567
30280,38041,35570
30212,38061,35598
30160,38061,35649
30176,38071,35624
30168,38109,35622
30164,38084,35777
30116,38086,35782
30064,38069,35847
29809,38044,35756
29573,37990,35880
29524,38023,35962
29508,38043,35986
29520,38018,35996
29572,38079,36028
29664,38094,36071
29672,38044,36100
29540,38079,36168
29478,38023,36100
29381,38028,36157
29228,38015,36271
29156,38023,36269
29176,38023,36331
29144,38030,36228
29226,38063,36329
29340,38077,36399
29328,38071,36418
29288,38032,36332
29217,38049,36487
29180,38017,36458
29196,38004,36519
29232,38005,36407
29253,38003,36557
29192,38018,36556
29128,38055,36481
29298,38063,36583
29519,38037,36589
29664,37993,36516
29832,38023,36644
29952,37999,36632
30092,37981,36541
30228,37975,36594
30549,37975,36641
30900,37980,36679
31188,38017,36549
31436,38035,36636
31576,38009,36641
31736,37975,36686
31886,37992,36612
31982,37963,36648
32140,37940,36662
32272,37937,36591
32444,37949,36551
32584,37957,36615
32724,37983,36686
32792,37981,36644
32864,37981,36687
32916,37979,36543
32976,37917,36604
32944,37927,36676
32936,37916,36640
33056,37909,36557
33106,37912,36523
33141,37884,36639
33244,37959,36639
33380,37967,36540
33440,37957,36493
33472,37948,36583
33580,37939,36576
33580,37908,36569
33497,37884,36597
33398,37882,36460
33373,37885,36575
33316,37895,36508
33492,37940,36548
33626,37934,36436
33608,37939,36470
33532,37929,36493
33472,37913,36368
33440,37887,36457
33516,37858,36419
33576,37860,36439
33680,37871,36324
33820,37874,36281
33925,37911,36377
33996,37919,36330
34006,37917,36343
34008,37895,36348
33974,37857,36233
33906,37844,36304
33800,37839,36295
33720,37836,36185
33656,37847,36224
33612,37852,36239
33605,37884,36245
33588,37895,36183
33578,37894,36169
33604,37861,36196
33573,37855,36045
33616,37830,36125
33580,37826,36113
33472,37816,36007
33432,37829,36060
33497,37820,35991
33632,37812,36077
33648,37871,36028
33708,37858,36048
33716,37857,35989
33692,37844,35989
33624,37816,35900
33468,37793,35924
33472,37804,35946
33432,37797,35957
33404,37815,35847
33544,37837,35884
33708,37855,35813
33664,37844,35816
33530,37831,35875
33517,37828,35844
33485,37799,35761
33472,37783,35808
33444,37773,35808
33428,37774,35719
33400,37776,35728
33484,37828,35735
33576,37833,35684
33610,37831,35679
33644,37813,35703
33632,37793,35735
33608,37783,35677
33552,37755,35676
33548,37740,35569
33548,37761,35656
33637,37767,35567
33622,37788,35671
33592,37820,35653
33614,37807,35557
33492,37807,35597
33476,37790,35533
33501,37749,35572
33496,37743,35549
33344,37743,35463
33296,37751,35520
33344,37766,35445
33302,37791,35526
33196,37801,35520
33108,37805,35500
33081,37793,35488
33040,37773,35400
33080,37741,35431
33208,37733,35448
33280,37732,35359
33356,37743,35388
33462,37725,35284
33480,37772,35407
33440,37791,35368
33376,37781,35247
33288,37781,35356
33124,37761,35335
33044,37740,35236
32936,37707,35291
32940,37733,35212
33040,37719,35295
33148,37705,35257
33381,37767,35141
33497,37795,35253
33500,37777,35248
33372,37767,35208
33260,37759,35199
33156,37735,35071
33016,37708,35183
32972,37716,35101
32972,37691,35148
32944,37727,35150
32888,37753,35092
32932,37775,35108
33036,37733,34980
33102,37759,35071
33056,37748,35095
32862,37719,35047
32748,37709,35055
32656,37703,34951
32684,37702,35015
32768,37721,35018
32768,37751,34951
32684,37743,34973
32640,37765,34901
32790,37748,34919
32872,37743,34924
32908,37711,34834
32812,37687,34911
32828,37700,34920
32796,37696,34860
32832,37711,34868
32876,37741,34779
32816,37759,34836
32765,37727,34849
32928,37743,34758
33133,37732,34775
33204,37702,34693
33248,37678,34752
33268,37685,34676
33276,37685,34748
33224,37703,34724
33188,37741,34644
33144,37743,34677
33032,37729,34677
32984,37733,34606
32985,37687,34559
32948,37687,34614
32885,37660,34588
32816,37677,34593
32756,37679,34479
32692,37695,34545
32756,37716,34543
32904,37743,34526
33104,37717,34431
33200,37688,34514
33161,37701,34477
33164,37677,34500
33117,37657,34375
33024,37655,34468
33024,37671,34449
33048,37679,34468
33020,37708,34354
32992,37722,34439
33020,37711,34426
33096,37705,34455
33120,37684,34402
32944,37657,34428
32892,37639,34436
32924,37638,34380
32912,37663,34390
32913,37663,34421
32852,37672,34447
32900,37704,34359
32840,37689,34412
32796,37685,34388
32748,37685,34404
32750,37639,34413
32884,37620,34439
33064,37627,34325
33212,37607,34437
33197,37631,34404
33065,37663,34439
32808,37681,34384
32228,37674,34407
31389,37653,34362
30218,37665,34325
29100,37632,34407
28328,37628,34420
27728,37583,34365
27253,37639,34391
26804,37639,34324
26829,37678,34413
27328,37687,34354
28088,37676,34406
29476,37671,34390
31444,37624,34338
34004,37607,34376
37088,37572,34384
40812,37562,34292
44428,37541,34376
46460,37540,34311
47480,37575,34381
47768,37593,34409
46948,37586,34396
45048,37580,34405
42925,37586,34370
41236,37552,34385
39945,37540,34295
39124,37556,34384
38820,37552,34311
38616,37556,34380
38308,37578,34311
37832,37604,34401
37176,37602,34335
36408,37601,34401
35768,37591,34392
35113,37562,34311
34468,37545,34400
33836,37549,34415
33172,37570,34394
32500,37572,34427
32012,37606,34329
31716,37620,34452
31524,37615,34457
31480,37607,34400
31445,37604,34500
31320,37558,34503
31200,37525,34441
31140,37556,34560
31116,37559,34567
31108,37535,34528
31112,37600,34552
31136,37604,34600
31136,37602,34641
31092,37599,34557
31096,37580,34588
31048,37555,34676
31032,37533,34661
31064,37541,34621
31124,37529,34647
31238,37548,34709
31345,37580,34695
31476,37583,34700
31472,37591,34633
31474,37582,34716
31412,37575,34681
31268,37540,34627
31072,37524,34593
31028,37511,34657
31120,37527,34638
31310,37532,34612
31540,37567,34629
31652,37574,34505
31776,37575,34580
31924,37561,34533
31953,37535,34537
31840,37525,34389
31724,37509,34485
31656,37511,34450
31720,37511,34340
31761,37501,34399
31774,37548,34369
31754,37560,34260
31730,37562,34327
31708,37550,34273
31728,37549,34268
31568,37501,34191
31408,37467,34164
31448,37490,34177
31546,37498,34104
31580,37516,34174
31520,37550,34149
31576,37562,34055
31532,37549,34110
31548,37502,34097
31480,37533,34031
31284,37498,34064
31132,37492,34071
31080,37495,34094
31076,37494,33989
31116,37511,34055
31118,37536,34007
31017,37548,34069
30964,37540,34064
30964,37495,34103
30996,37519,34005
30908,37492,34106
30788,37484,34094
30789,37487,34120
30776,37495,34045
30676,37488,34116
30636,37495,34161
30656,37543,34055
30500,37511,34173
30356,37535,34180
30324,37522,34113
30320,37495,34167
30300,37477,34141
30229,37461,34180
30264,37481,34194
30340,37487,34228
30192,37527,34205
29981,37533,34208
29949,37541,34144
30112,37524,34250
30000,37511,34256
29873,37489,34183
29876,37471,34240
29928,37471,34181
30028,37479,34282
30032,37494,34272
29992,37529,34213
29984,37537,34194
30032,37535,34267
30084,37505,34216
29972,37525,34285
29960,37477,34287
30012,37469,34181
30004,37477,34292
30068,37495,34268
30148,37495,34225
30296,37522,34171
30472,37537,34266
30597,37541,34279
30684,37535,34165
30805,37508,34276
30944,37492,34273
31064,37479,34231
31280,37477,34249
31500,37489,34218
31708,37500,34226
31860,37535,34135
32044,37557,34222
32184,37550,34192
32300,37551,34110
32348,37543,34189
32404,37511,34104
32592,37489,34151
32692,37511,34086
32792,37527,34160
32972,37540,34149
33164,37574,34105
33322,37593,34114
33416,37601,34016
33423,37596,34104
33440,37597,34065
33488,37542,34084
33488,37567,33969
33420,37570,34071
33412,37590,34035
33366,37607,33953
33412,37653,34044
33472,37668,34028
33548,37677,33942
33672,37661,33999
33528,37660,33997
33340,37629,33903
33325,37631,33983
33444,37639,33980
33540,37654,33933
33648,37671,33919
33772,37709,33937
33900,37737,33839
33984,37739,33891
33993,37733,33837
33860,37727,33880
33668,37703,33871
33576,37692,33855
33548,37700,33840
33552,37718,33791
33688,37706,33825
33889,37767,33812
34000,37783,33796
34040,37781,33791
34004,37779,33706
33992,37781,33753
33836,37750,33700
33708,37745,33743
33716,37754,33671
33894,37751,33703
34028,37775,33660
34088,37788,33689
34164,37832,33653
34196,37828,33668
34158,37824,33630
34036,37811,33661
33868,37791,33580
33717,37780,33623
33668,37799,33556
33672,37783,33613
33692,37828,33588
33740,37861,33585
33828,37877,33501
33884,37841,33563
33976,37873,33485
34124,37869,33525
34144,37837,33454
34192,37823,33505
34136,37836,33440
34092,37845,33480
34092,37857,33455
34048,37895,33471
34036,37881,33413
33972,37913,33447
33852,37903,33397
33828,37868,33447
33772,37876,33438
33652,37861,33349
33592,37868,33415
33625,37870,33372
33620,37873,33404
33632,37933,33400
33580,37951,33422
33620,37948,33411
33732,37942,33404
33724,37931,33414
33656,37895,33337
33592,37889,33413
33602,37893,33370
33652,37908,33413
33608,37916,33429
33665,37951,33368
33804,37957,33407
33856,37965,33383
33832,37952,33413
33744,37951,33422
33697,37925,33415
33616,37916,33428
33484,37894,33360
33364,37924,33429
33260,37930,33385
33308,37979,33449
33412,37983,33421
33560,37961,33447
33568,37981,33460
33540,37956,33412
33398,37895,33460
33196,37928,33485
33156,37926,33486
33184,37933,33487
33196,37946,33471
33356,37989,33484
33413,37996,33501
33472,37965,33524
33528,37981,33508
33472,37967,33511
33383,37945,33473
33276,37929,33548
33252,37940,33549
33228,37937,33528
33308,37918,33560
33320,37981,33572
33308,37981,33515
33292,37999,33588
33208,37989,33593
33112,37981,33598
33033,37948,33607
32986,37939,33596
33000,37941,33605
33060,37910,33549
33128,37964,33607
33172,37997,33577
33145,38004,33629
33140,38003,33647
33032,38005,33637
32988,37983,33577
32916,37948,33652
32836,37937,33655
32808,37945,33589
32832,37956,33655
32864,37933,33602
32884,38004,33652
32852,38020,33600
32836,38007,33652
32808,38000,33621
32772,37999,33671
32712,37958,33671
32632,37949,33613
32589,37956,33660
32532,37962,33637
32488,37969,33665
32487,38007,33689
32472,38022,33618
32532,38022,33676
32593,37988,33641
32644,37994,33623
32684,37956,33679
32621,37956,33688
32572,37957,33703
32722,37959,33641
32757,37973,33711
32784,37989,33701
32933,38023,33663
32973,38023,33727
32992,38019,33676
33089,37981,33720
33028,37980,33731
32937,37957,33678
33005,37958,33711
32993,37983,33659
32988,37997,33721
33028,38023,33663
33084,38012,33732
33088,38031,33708
33105,38031,33740
33061,38029,33740
33001,37989,33682
32965,37940,33756
32904,37991,33764
32932,37991,33717
33005,38008,33772
33093,38036,33717
33070,38061,33769
32872,38060,33793
32740,38065,33732
32660,38044,33799
32668,38023,33823
32728,38013,33737
32784,38012,33818
32774,38038,33839
32776,38054,33817
32780,38095,33842
32829,38117,33821
33032,38113,33854
33105,38110,33807
33076,38105,33862
33036,38084,33810
32972,38080,33892
32964,38087,33840
32952,38069,33904
32924,38116,33909
32956,38151,33838
32884,38151,33932
32852,38196,33887
32824,38182,33899
32760,38170,33922
32592,38169,33957
32256,38156,33905
31672,38151,33961
30884,38191,33936
29784,38207,33960
28724,38229,33942
28000,38295,33984
27324,38287,33980
26764,38284,33940
26312,38303,34024
26296,38263,34042
26748,38237,33981
27412,38271,34043
28633,38279,34069
30588,38292,33989
33376,38319,34076
36864,38309,34104
40800,38311,34102
44512,38293,34103
46768,38277,34064
47944,38247,34144
48268,38241,34156
47740,38247,34151
46024,38279,34191
43916,38300,34208
42021,38332,34143
40604,38364,34215
39580,38371,34213
39068,38365,34277
38668,38364,34302
38096,38322,34256
37404,38324,34306
36800,38332,34254
36096,38349,34356
35428,38365,34311
34808,38395,34407
34184,38423,34389
33536,38428,34471
32896,38417,34508
32037,38407,34528
31484,38392,34567
31044,38383,34559
30809,38376,34628
30759,38385,34596
30740,38404,34713
30852,38436,34756
30844,38423,34704
30784,38453,34847
30856,38453,34856
30816,38407,34853
30741,38416,34965
30628,38404,35007
30688,38407,34985
30764,38418,35049
30876,38424,35004
30880,38471,35116
30927,38470,35116
30912,38471,35124
30912,38477,35247
30868,38471,35265
30940,38431,35262
30956,38420,35268
30900,38407,35380
30856,38436,35375
30912,38439,35342
31000,38455,35343
31088,38501,35455
31128,38495,35460
31072,38487,35423
31072,38463,35492
31052,38430,35492
31052,38407,35441
31080,38440,35494
31124,38447,35513
31188,38470,35410
31244,38488,35492
31373,38517,35484
31460,38503,35492
31416,38502,35423
31380,38495,35487
31308,38432,35458
31140,38455,35460
31132,38437,35391
31144,38461,35452
31280,38471,35422
31428,38509,35327
31488,38535,35413
31375,38521,35393
31196,38519,35321
31064,38508,35392
31060,38485,35361
31101,38456,35310
31084,38469,35367
31068,38455,35364
31020,38489,35264
31072,38503,35377
31064,38503,35350
30956,38526,35312
30828,38517,35316
30694,38517,35384
30653,38476,35396
30636,38468,35436
30674,38471,35340
30776,38469,35453
30722,38495,35448
30616,38527,35497
30497,38532,35417
30396,38527,35505
30276,38516,35561
30100,38508,35470
30044,38444,35614
30112,38471,35614
30116,38471,35671
30057,38476,35628
30028,38480,35705
30025,38476,35731
30092,38535,35695
29984,38501,35716
29876,38516,35813
29920,38500,35796
29925,38465,35847
29956,38456,35905
29996,38465,35840
29948,38471,35940
29917,38476,36009
29888,38511,35981
29784,38519,36031
29656,38500,36014
29504,38513,36064
29228,38495,36102
28936,38463,36084
28714,38461,36174
28564,38453,36092
28672,38460,36188
28833,38416,36208
28996,38499,36164
29212,38508,36207
29300,38496,36167
29333,38494,36256
29332,38474,36272
29334,38439,36252
29404,38432,36261
29533,38429,36169
29728,38437,36277
29956,38452,36207
30196,38479,36284
30350,38465,36285
30421,38474,36164
30569,38447,36284
30864,38445,36262
31100,38419,36251
31260,38391,36280
31348,38399,36220
