ECG,EDA,RR
30256,17629,31604
30400,17683,31356
30420,17657,31552
30432,17735,31596
30396,17687,31629
30292,17698,31729
30273,17776,31459
30238,17700,31656
30256,17693,31479
30380,17745,31712
30524,17669,31645
30529,17723,31765
30540,17669,31804
30608,17756,31681
30556,17693,31789
30478,17703,31910
30432,17733,31604
30352,17716,31933
30386,17699,31630
30408,17756,31878
30484,17681,31623
30584,17674,31781
30600,17772,31661
30592,17701,31769
30600,17708,31887
30512,17783,31916
30460,17734,32031
30432,17731,31719
30473,17811,31831
30596,17739,31749
30672,17705,32028
30684,17702,32017
30656,17691,32141
30632,17765,31831
30556,17766,32196
30498,17741,31885
30464,17735,32028
30529,17778,32081
30556,17729,32210
30632,17799,32338
30685,17725,32036
30708,17714,32263
30668,17705,32228
30576,17735,32364
30532,17733,32487
30489,17777,32301
30436,17758,32359
30488,17836,32454
30512,17767,32526
30617,17735,32569
30672,17710,32631
30712,17768,32772
30730,17729,32696
30764,17726,32775
30692,17822,32526
30516,17815,32924
30385,17769,32842
30372,17752,32813
30364,17794,32796
30457,17740,32921
30597,17799,32991
30656,17732,32988
30666,17724,32960
30680,17767,33055
30632,17751,33168
30532,17766,33085
30508,17772,33140
30548,17761,32863
30612,17853,33181
30710,17764,32987
30860,17731,33152
30956,17789,33264
31040,17749,33213
31072,17737,33248
31040,17820,33237
30992,17786,33351
31028,17770,33055
31084,17852,33398
31180,17790,33334
31351,17765,33420
31546,17744,33336
31637,17749,33287
31688,17749,33377
31764,17732,33409
31824,17806,33488
31904,17798,33444
31980,17780,33601
32060,17825,33501
32176,17776,33657
32361,17745,33320
32620,17774,33524
32793,17761,33476
32897,17739,33668
33020,17798,33575
33044,17780,33670
33076,17870,33823
33108,17796,33492
33216,17887,33656
33261,17789,33716
33420,17767,33775
33668,17751,33775
33776,17818,33853
33828,17759,34000
33881,17830,33873
33848,17791,33974
33780,17778,34070
33737,17833,34004
33866,17797,34140
33908,17776,34071
33981,17865,34197
34076,17751,34093
34148,17756,34217
34196,17737,34156
34200,17853,34287
34132,17811,34212
34076,17797,34237
33976,17783,34269
33944,17849,34389
33976,17789,34311
34045,17771,34263
34096,17730,34322
34112,17799,34373
34048,17771,34406
34020,17879,34449
33966,17781,34369
33840,17786,34478
33745,17799,34503
33716,17780,34433
33697,17853,34499
33772,17773,34631
33905,17860,34581
33920,17759,34671
33888,17753,34600
33820,17847,34764
33700,17791,34684
33552,17793,34625
33480,17804,34614
33480,17786,34692
33541,17799,34793
33604,17862,34772
33680,17772,34896
33704,17879,34795
33712,17773,34935
33672,17869,34685
33560,17799,34768
33480,17800,34751
33396,17823,34823
33416,17793,34908
33472,17847,34886
33514,17786,35005
33620,17865,34630
33636,17781,34969
33660,17769,34763
33594,17814,34951
33528,17801,34775
33440,17900,35012
33344,17823,34766
33324,17807,34940
33386,17823,34932
33472,17783,35023
33584,17861,35113
33604,17784,35109
33616,17786,35207
33532,17885,34852
33424,17815,35078
33352,17814,35065
33336,17857,35173
33336,17821,35271
33326,17805,35207
33384,17897,35332
33516,17820,35247
33528,17800,35367
33504,17788,35124
33476,17882,35246
33393,17830,35220
33320,17845,35431
33312,17823,35309
33316,17911,35463
33364,17836,35373
33428,17807,35488
33460,17884,35404
33484,17808,35492
33516,17806,35436
33524,17847,35502
33484,17841,35463
33374,17841,35268
33320,17961,35603
33349,17849,35493
33324,17834,35538
33416,17878,35268
33484,17825,35534
33508,17807,35519
33508,17845,35508
33536,17829,35569
33492,17953,35597
33420,17865,35740
33388,17852,35345
33420,17908,35745
33414,17858,35654
33476,17894,35679
33553,17826,35569
33616,17916,35606
33632,17837,35445
33660,17847,35847
33568,17844,35725
33396,17866,35572
33332,17915,35869
33352,17878,35772
33373,17863,35792
33445,17882,35791
33532,17844,35717
33612,17823,35676
33588,17946,35804
33524,17899,35810
33420,17869,35751
33353,17873,35604
33292,17978,35732
33308,17889,35559
33324,17878,35968
33364,17855,35892
33408,17831,35797
33436,17911,35937
33442,17859,35647
33412,17948,35831
33292,17886,35870
33200,17885,35876
33176,17909,35879
33173,17892,35821
33188,17871,35783
33228,17927,36064
33276,17853,35677
33284,17943,35864
33284,17873,35820
33284,17863,35837
33204,17910,35863
33116,17909,35975
33080,17885,35967
33096,17957,36102
33112,17901,35988
33164,17868,36061
33208,17879,35982
33221,17860,36076
33196,17902,35883
33165,17878,36094
33118,17905,36045
33040,17966,35969
32984,17919,35998
32992,17892,35774
32998,18003,36184
33076,17895,36080
33176,17860,36177
33220,17919,35892
33214,17885,36025
33172,17983,36071
33104,17943,36052
33013,17918,36031
32964,18018,36051
32936,17929,36040
32992,17901,36069
33037,17975,36048
33120,17887,36030
33208,17869,36050
33168,17923,36041
33121,17893,36031
32993,18005,36081
32980,17936,35918
32952,17927,36029
32932,18028,36108
32972,17925,36158
33012,17895,36276
33100,17983,36169
33152,17932,36166
33098,17890,36041
33068,17887,35945
33029,17972,36037
32956,17937,35994
32976,17915,36039
33004,18004,36038
32980,17952,36118
32988,17907,35885
33076,17890,36125
33125,17983,36092
33156,17903,36055
33117,17888,36113
33077,18020,36155
32974,17948,36141
32976,17943,36174
32940,18021,36242
32876,17932,36205
32932,17895,36309
32980,17967,36225
32956,17913,36223
32890,17913,36210
32876,17900,36250
32799,17956,35943
32700,17930,36086
32680,17993,36218
32702,17943,36191
32764,17927,36265
32829,17969,36230
32928,17912,36252
32960,17924,35969
32960,17927,36133
32900,17918,36115
32808,17993,36179
32742,17959,36223
32768,17954,36206
32804,18021,36167
32908,17956,36140
33004,17938,36103
33104,17896,36236
33104,17973,36195
33104,17915,36292
33076,17977,35896
33004,17951,36036
32932,18071,36084
32912,17968,36087
32992,17963,36056
33040,17927,36121
33092,17934,36228
33200,17909,36135
33316,17943,36063
33236,17906,36162
33172,17959,36122
33076,17947,35990
32980,18000,36197
32965,17964,35824
32964,18055,35983
33000,17973,36069
33096,17925,36131
33216,17993,36055
33264,17924,36117
33216,17917,36124
33148,18027,36226
33048,18020,36088
32944,17975,36175
32932,17957,36071
32992,18049,36052
32992,17960,35980
33092,18007,36060
33210,17935,36095
33253,17927,35767
33264,17949,35951
33252,17925,36073
33172,18061,36016
33052,18028,35959
32992,17975,35999
33088,17963,36023
33136,17979,35996
33144,17949,35933
33156,17920,35990
33156,17969,36044
33097,17931,35701
33084,18047,36051
33044,17983,35716
32912,17963,35847
32776,18055,35745
32652,17968,35816
32596,17967,35771
32524,17937,35804
32448,17989,35733
32208,17948,35865
31860,17934,35824
31356,18030,35790
30764,17988,35795
30230,17984,35769
29948,18057,35789
29904,18029,35862
30008,17983,35549
30253,17944,35815
30742,17987,35645
31704,17948,35689
33006,18015,35815
34488,17971,35809
36568,18088,35912
39124,18004,35556
41736,17971,35745
44192,18033,35740
46181,17999,35744
47172,17905,35869
46772,17981,35617
45684,17945,35630
44464,18121,35633
42624,18057,35623
40416,18021,35453
38960,18005,35727
38276,17980,35413
37740,18069,35584
37092,18001,35748
36412,18085,35719
35664,17964,35613
34892,17941,35717
34200,18028,35680
33536,17977,35647
32872,17980,35684
32192,18007,35412
31646,18002,35564
31168,17988,35636
30809,17984,35684
30616,17956,35543
30540,17966,35580
30444,17948,35635
30384,18015,35651
30308,17970,35413
30176,18067,35556
30068,18001,35653
30068,17992,35245
30092,17989,35493
30100,18001,35308
30220,17961,35429
30266,18031,35512
30365,17957,35228
30349,17957,35401
30312,18035,35069
30225,17988,35300
30116,17991,35036
30172,18060,35357
30200,17993,35055
30276,17975,35364
30392,18044,35049
30512,17957,35196
30592,17959,35108
30684,18037,35196
30676,17974,35278
30624,17973,35089
30528,18052,35132
30548,17994,35204
30556,17979,34894
30585,18031,35255
30686,17964,34882
30788,17946,35076
30796,17957,35225
30816,17951,35125
30800,18037,35208
30728,17992,35100
30708,17985,35066
30676,18037,34790
30656,17986,35156
30668,17974,35023
30758,17998,35087
30884,17957,34945
30860,17947,34874
30772,18026,34935
30724,17988,34925
30656,17992,35004
30576,17991,34895
30556,18071,34823
30576,18021,34821
30612,17978,34714
30688,17956,34708
30732,17995,34703
30728,17957,34700
30728,17951,34617
30756,18004,34814
30684,17986,34791
30596,17988,34884
30516,17973,34753
30508,17997,34810
30520,17971,34524
30616,17997,34828
30648,17957,34805
30660,17943,34789
30700,17949,34697
30704,18038,34788
30701,17999,34900
30644,17990,34846
30613,17998,34848
30604,17986,34868
30632,17973,34800
30736,18020,34758
30786,17985,34893
30800,17956,34967
30794,17943,34892
30760,18042,34823
30632,18025,35057
30516,17988,34964
30544,17975,35065
30552,17973,34965
30594,18032,34901
30660,17978,34965
30740,17958,34994
30784,17941,35084
30790,17942,34999
30825,17952,34910
30764,18060,35129
30724,18022,34989
30716,17988,34804
30760,17975,34982
30853,18052,34985
30948,17984,35079
31068,17953,34973
31188,17933,35079
31170,18015,34969
31170,17953,35007
31108,17968,34933
31092,18055,34949
31168,18033,34877
31249,17975,34832
31341,17977,34839
31448,17945,34856
31596,18013,34908
31708,17938,34700
31780,17941,34823
31836,17937,34823
31774,18017,34847
31836,17983,34859
31956,17973,34814
32126,17972,34919
32330,17980,34804
32520,17946,34823
32724,17925,34788
32900,18033,34756
33014,17941,34773
33064,17943,34812
33033,17956,34761
33064,18028,34830
33124,17968,34740
33224,17955,34828
33284,18037,34695
33405,17944,34684
33576,18039,34422
33652,17935,34652
33744,18019,34733
33798,17959,34703
33768,17967,34788
33756,17959,34687
33804,18080,34729
33768,18063,34532
33804,17981,34471
33844,17926,34590
33953,18001,34612
33961,17929,34663
33964,17917,34789
33940,17961,34514
33824,17967,34623
33774,17947,34567
33700,18023,34532
33736,17962,34386
33792,17959,34733
33856,17924,34407
33892,17943,34567
33860,17914,34629
33804,17909,34770
33796,18005,34661
33680,17950,34655
33576,17949,34407
33596,18043,34582
33564,17957,34687
33572,18041,34679
33636,17921,34768
33744,18004,34527
33780,17917,34626
33695,17899,34717
33676,17925,34695
33584,17930,34672
33408,17978,34815
33377,17956,34543
33388,17927,34590
33413,17958,34694
33508,17912,34695
33588,18017,34751
33597,17933,34684
33540,17914,34764
33518,17927,34644
33420,17961,34735
33332,17951,34423
33358,18052,34608
33328,17938,34495
33284,17909,34541
33292,17944,34564
33374,17903,34544
33460,17886,34614
33468,17915,34543
33440,17904,34612
33420,17998,34399
33340,17945,34420
33288,17937,34310
33284,17913,34628
33279,18001,34253
33328,17911,34369
33456,17876,34384
33508,17924,34381
33521,17903,34377
33532,17899,34413
33448,17953,34412
33320,17935,34468
33302,17897,34505
33390,17935,34460
33384,17903,34404
33380,17922,34360
33449,17888,34388
33504,17869,34305
33532,17969,34504
33508,17893,34159
33416,17910,34485
33336,17911,34420
33368,17959,34480
33464,17911,34407
33440,17901,34384
33478,17967,34378
33558,17884,34489
33576,17969,34413
33568,17888,34468
33588,17881,34403
33512,17999,34399
33464,17911,34386
33400,17898,34407
33412,17988,34367
33388,17896,34356
33424,17877,34317
33536,17955,34268
33580,17864,34300
33604,17860,34396
33500,17933,34356
33400,17905,34318
33388,17908,34287
33421,17895,34248
33477,17950,34230
33532,17895,34311
33634,17878,34292
33724,17849,34300
33688,17933,34320
33592,17862,34311
33444,17871,34277
33268,17958,34221
33176,17936,34023
33188,17903,34351
33172,17884,34293
33340,17946,34335
33444,17863,34276
33481,17836,34370
33500,17911,34260
33472,17927,34198
33488,17869,34263
33460,17875,34251
33308,17991,34239
33276,17925,34267
33202,17884,34237
33224,17860,34296
33376,17924,34240
33468,17846,34296
33560,17848,34225
33524,17831,34208
33449,17932,34199
33388,17873,34324
33308,17867,33983
33256,17884,34220
33260,17865,34298
33248,17916,34214
33332,17848,34316
33408,17823,34201
33432,17865,34181
33429,17845,34180
33452,17835,34181
33448,17932,34090
33316,17868,33965
33172,17861,34336
33165,17848,34228
33153,17943,34126
33212,17871,34288
33260,17826,33959
33280,17920,34097
33232,17829,34128
33188,17826,34217
33148,17893,34262
33096,17872,34222
33073,17847,34191
33072,17943,34228
33080,17852,34310
33116,17817,34237
33204,17810,34276
33257,17869,34212
33240,17825,34231
33176,17820,34194
33096,17932,34133
32992,17871,34212
32980,17853,33977
32942,17935,34197
32926,17839,34066
32988,17809,34226
33069,17857,33963
33120,17815,34072
33177,17797,33949
33156,17894,34188
33057,17841,33924
32938,17839,34311
32910,17951,34204
32912,17892,34100
32930,17829,34183
33004,17794,33922
33100,17864,34258
33164,17809,34188
33092,17799,34124
33052,17804,34111
32992,17908,34156
32876,17876,34182
32852,17841,34132
32850,17812,33981
32853,17911,34269
32980,17799,34140
33077,17794,34265
33104,17780,34150
33056,17881,34076
32997,17810,34116
32992,17818,34053
32916,17817,34014
32876,17869,34053
32884,17821,34114
32980,17801,34124
33040,17844,34114
33096,17784,34137
33156,17881,34148
33096,17791,34103
33062,17787,34028
32980,17804,34090
32908,17879,34116
32912,17823,34132
32894,17804,34250
32884,17820,33892
32940,17773,34053
32988,17809,33975
33058,17772,34159
32992,17775,34125
32924,17777,34108
32788,17889,34072
32633,17829,33996
32588,17815,33999
32600,17794,33876
32672,17860,34236
32797,17767,34121
32908,17749,34164
32908,17826,34112
32936,17766,34085
32924,17762,34055
32752,17830,34072
32652,17799,34101
32726,17884,34127
32824,17799,34085
32864,17777,34161
32968,17759,34078
33042,17848,34020
33141,17757,34023
33168,17752,34080
33088,17768,34050
33020,17769,34002
33040,17791,33901
33024,17885,34005
33052,17788,34087
33076,17767,34015
33120,17791,34008
33236,17741,33941
33285,17750,33908
33240,17737,33876
33200,17820,33899
33061,17779,33927
32964,17790,33893
32949,17770,34010
32980,17796,33807
33065,17747,33849
33116,17810,33897
33181,17743,33927
33197,17732,33714
33113,17852,34087
32968,17799,33981
32924,17779,33930
32924,17776,33881
32912,17875,33701
32872,17823,34080
32904,17765,33957
32956,17767,34069
33000,17780,33981
33028,17737,34055
33004,17819,33972
32996,17761,34028
32880,17758,33980
32752,17755,33984
32772,17847,33959
32800,17764,34029
32820,17840,33948
32872,17732,33988
32936,17723,33908
32904,17823,33861
32829,17799,33935
32728,17735,33680
32632,17737,33975
32609,17859,33933
32536,17775,34048
32461,17742,33735
32478,17809,33799
32452,17728,33926
32360,17701,33913
32120,17732,34012
31824,17722,33897
31441,17720,33828
30828,17789,33859
30244,17752,33765
29968,17756,33736
29860,17826,33807
29916,17738,33862
30212,17709,33954
30708,17788,33846
31496,17708,33855
32632,17700,33817
34016,17759,33880
35948,17753,33559
38408,17726,33698
41008,17872,33554
43348,17791,33927
45216,17751,33810
46144,17666,33866
45733,17769,33553
44660,17722,33668
43532,17764,33671
41804,17786,33726
39672,17749,33711
38160,17855,33796
37456,17751,33908
37066,17722,33535
36476,17807,33791
35852,17702,33647
35256,17683,33728
34596,17793,33791
33980,17783,33773
33372,17710,33853
32704,17718,33799
32077,17764,33743
31592,17720,33901
31166,17791,33593
30848,17717,33732
30624,17689,33737
30516,17708,33791
30416,17680,33728
30320,17765,33555
30312,17708,33693
30160,17711,33617
30108,17798,33662
30056,17719,33604
30025,17701,33643
30024,17745,33642
30076,17692,33627
30173,17747,33693
30224,17673,33564
30256,17669,33637
30240,17717,33385
30173,17716,33616
30109,17703,33524
30149,17795,33595
30220,17747,33496
30260,17695,33522
30326,17680,33431
30396,17655,33370
30433,17656,33507
30462,17703,33441
30460,17684,33543
30389,17692,33438
30308,17692,33543
30296,17729,33430
30368,17698,33460
30420,17756,33345
30512,17666,33414
30564,17655,33336
30584,17717,33326
30632,17675,33407
30616,17663,33438
30580,17706,33473
30528,17697,33403
30532,17677,33509
30536,17749,33397
30532,17679,33381
30616,17737,33271
30681,17651,33263
30692,17645,33132
30728,17639,33448
30684,17700,33126
30516,17684,33209
30502,17670,33235
30524,17721,33332
30572,17677,33407
30688,17661,33310
30742,17736,33404
30804,17646,33287
30844,17639,33333
30792,17634,33057
30756,17662,33263
30732,17676,33278
30644,17668,33324
30616,17695,33455
30592,17659,33247
30576,17695,33316
30604,17636,33413
30666,17696,33380
30724,17637,33437
30748,17624,33415
30752,17717,33540
30640,17669,33196
30565,17663,33390
30542,17713,33255
30564,17665,33409
30572,17643,33510
30681,17703,33662
30656,17631,33307
30676,17703,33505
30732,17633,33644
30809,17623,33598
30788,17681,33654
30656,17663,33385
30644,17645,33579
30624,17721,33493
30612,17645,33655
30681,17610,33773
30768,17660,33703
30804,17621,33669
30816,17710,33663
30860,17633,33744
30844,17639,33748
30772,17721,33785
30712,17653,33836
30700,17634,33781
30768,17711,33857
30876,17623,33824
31028,17588,33877
31093,17643,33572
31180,17615,33836
31168,17608,33588
31132,17718,33872
31168,17654,33610
31220,17628,33798
31240,17705,33770
31300,17625,33836
31464,17600,33823
31565,17685,33909
31704,17609,33940
31778,17581,33915
31848,17699,34044
31782,17652,33956
31866,17634,34055
31957,17610,33717
32060,17677,33965
32144,17615,33884
32352,17588,33884
32532,17618,33917
32648,17591,34025
32780,17575,34089
32817,17692,34076
32880,17615,34193
32936,17604,34087
32984,17599,34150
33014,17675,34134
33084,17607,34084
33304,17599,34046
33380,17563,34157
33500,17572,34224
33636,17614,34212
33700,17591,34266
33614,17704,34257
33509,17620,34205
33468,17597,34303
33468,17613,34407
33512,17573,34285
33612,17625,34277
33716,17572,34341
33832,17561,34415
33904,17572,34521
33920,17568,34516
33888,17651,34655
33695,17612,34295
33472,17677,34545
33312,17595,34607
33444,17565,34657
33596,17638,34704
33732,17552,34713
33808,17550,34768
33840,17641,34729
33736,17618,34708
33568,17596,34791
33436,17582,34840
33369,17616,34893
33312,17583,35034
33312,17647,34780
33422,17564,34946
33496,17535,35039
33480,17610,34975
33424,17558,34863
33404,17567,34871
33288,17566,34934
33184,17633,35015
33204,17602,35022
33297,17589,35095
33288,17670,35028
33316,17558,35074
33388,17526,34844
33424,17652,34878
33456,17615,34709
33392,17559,35044
33309,17560,34980
33216,17650,35092
33182,17572,34954
33248,17562,34836
33384,17587,34789
33468,17541,34832
33532,17508,34805
33532,17584,34813
33488,17552,34668
33465,17542,34812
33386,17679,34852
33232,17570,34925
33241,17552,35013
33324,17579,34695
33340,17540,34916
33362,17556,34992
33461,17529,34949
33484,17623,34982
33476,17554,34951
33508,17543,35047
33401,17543,34988
33336,17573,34892
33304,17661,34925
33333,17559,35005
33344,17526,34995
33432,17564,35045
33552,17523,35124
33561,17516,35076
33576,17505,35069
33552,17565,35118
33412,17549,35238
33336,17663,34871
33308,17569,35220
33317,17545,34887
33412,17513,35306
33472,17532,35061
33548,17494,35217
33580,17580,35320
33556,17508,35283
33580,17508,35261
33473,17640,35175
33364,17597,35308
33278,17549,35413
33313,17523,35070
33310,17617,35439
33342,17513,35369
33436,17503,35384
33504,17483,35444
33516,17581,35519
33564,17535,35463
33428,17527,35565
33392,17637,35521
33377,17527,35591
33288,17524,35460
33356,17499,35456
33440,17569,35620
33500,17492,35302
33492,17479,35476
33428,17551,35340
33440,17508,35684
33332,17511,35625
33260,17596,35677
33240,17526,35628
33317,17501,35665
33440,17540,35352
33453,17487,35500
33521,17479,35493
33532,17586,35572
33544,17496,35677
33500,17501,35615
33244,17501,35550
33092,17620,35483
33160,17549,35370
33236,17511,35537
33268,17479,35524
33380,17514,35479
33464,17469,35413
33476,17474,35457
33444,17570,35504
33393,17545,35469
33257,17516,35319
33188,17519,35591
33212,17488,35428
33200,17573,35671
33160,17510,35565
33200,17461,35569
33332,17447,35572
33412,17575,35519
33400,17478,35533
33324,17477,35524
33212,17479,35532
33116,17602,35501
33076,17519,35503
33065,17492,35551
33104,17463,35584
33184,17572,35572
33232,17497,35625
33176,17450,35671
33188,17458,35663
33168,17452,35686
33096,17567,35675
32992,17485,35676
33000,17478,35734
32980,17593,35733
33012,17478,35742
33072,17429,35879
33096,17427,35799
33148,17489,35840
33136,17453,35794
33084,17445,35903
32988,17556,35616
32908,17475,35808
32892,17455,35709
32950,17476,35796
32952,17461,35828
33032,17427,35495
33164,17500,35799
33204,17432,35501
33140,17422,35906
33084,17554,35796
32980,17503,35862
32868,17489,35674
32844,17474,35709
32944,17449,35700
33024,17547,35493
33108,17451,35687
33108,17425,35698
33176,17415,35881
33172,17414,35803
33156,17511,35807
33032,17495,35726
32976,17464,35711
32980,17447,35734
32940,17525,35599
32948,17439,35732
32940,17428,35509
32892,17412,35927
32916,17503,35636
32985,17439,35687
33033,17433,35525
32924,17445,35741
32784,17538,35853
32780,17451,35837
32789,17449,35909
32812,17425,35768
32896,17396,35749
33004,17433,35775
33001,17415,35763
32994,17518,35806
32909,17426,35896
32752,17431,35842
32628,17506,35847
32638,17463,35780
32712,17444,35732
32669,17426,35714
32652,17393,35748
32800,17444,35689
32824,17407,35748
32864,17381,35710
32836,17485,35780
32760,17471,35697
32623,17437,35628
32584,17433,35847
32701,17417,35778
32808,17479,35785
32920,17483,35807
32980,17434,35703
33065,17399,35763
33013,17385,35733
33012,17384,35717
32934,17492,35757
32783,17432,35772
32804,17409,35860
32852,17511,35748
32960,17412,35860
33056,17375,35724
33153,17436,35728
33156,17393,35632
33144,17495,35671
33116,17399,35791
32984,17399,35658
32940,17476,35627
32924,17411,35394
32948,17399,35644
32928,17471,35712
32976,17388,35631
33028,17381,35683
33027,17352,35335
32997,17360,35508
32924,17422,35532
32820,17415,35586
32780,17397,35580
32812,17392,35588
32889,17477,35585
32936,17391,35677
33060,17349,35800
33180,17453,35726
33236,17378,35847
33168,17372,35725
33032,17384,35732
32948,17384,35784
32893,17463,35767
32768,17398,35821
32737,17372,35801
32832,17455,35821
32950,17369,35831
33151,17350,35896
33176,17344,35885
33088,17439,35842
33020,17380,35684
32872,17385,36135
32774,17468,35719
32748,17399,36148
32700,17381,36053
32640,17359,36103
32608,17340,36068
32548,17456,36169
32340,17425,36076
32076,17349,36077
31776,17354,35878
31228,17367,36116
30636,17455,36036
30305,17385,36159
30176,17380,36072
30248,17351,36026
30596,17367,35931
31076,17345,36052
31592,17330,35796
32404,17446,35925
33450,17362,35972
34668,17359,36064
36576,17435,36129
38816,17380,35836
41180,17337,36013
43272,17395,36166
44544,17347,36048
44520,17326,36145
43724,17415,36067
42688,17353,36189
41420,17312,36044
39528,17466,36164
37828,17379,35765
36820,17359,36066
36376,17476,35842
36172,17384,36096
35764,17332,35987
35188,17313,35957
34684,17431,35824
34136,17378,36240
33588,17344,36127
33208,17357,36248
32604,17412,35932
32160,17367,36057
31796,17340,36091
31476,17381,36024
31329,17327,35964
31200,17308,36050
31034,17377,35912
30884,17319,36249
30708,17326,36191
30616,17400,36260
30529,17361,36167
30620,17437,36039
30660,17349,36053
30684,17318,36103
30692,17387,36119
30760,17317,36052
30788,17315,35889
30792,17393,35973
30756,17334,35812
30740,17348,36215
30748,17429,36061
30764,17364,36206
30736,17340,36089
30801,17395,36103
30808,17297,36079
30876,17292,36127
30820,17372,36066
30816,17301,36153
30908,17306,36018
30871,17397,36145
30848,17335,36030
30894,17317,36126
30984,17391,35721
31109,17319,36146
31144,17298,36015
31302,17281,35951
31208,17277,35874
31141,17333,35716
31104,17304,36149
30968,17316,36006
30972,17313,35937
31073,17377,35990
31073,17323,35932
31101,17307,35880
31201,17272,35889
31236,17335,35825
31236,17301,35633
31296,17297,36061
31284,17300,35943
31170,17316,35841
30964,17316,35901
30905,17313,35912
30973,17389,35897
30992,17313,36009
31026,17276,35877
31237,17279,35847
31326,17260,35829
31280,17265,35760
31324,17368,35703
31300,17319,35708
31156,17286,35789
31108,17393,35754
31040,17372,35759
31084,17285,35736
31188,17265,35785
31197,17249,35738
31168,17311,35820
31252,17255,35868
31270,17276,35834
31170,17284,35740
31144,17375,35700
31084,17312,35717
31016,17294,35910
31036,17262,35553
31132,17335,35964
31168,17263,35847
31192,17247,35908
31176,17288,35591
31116,17261,35843
31020,17279,35920
30896,17364,35975
30868,17325,35910
30820,17276,35904
30900,17251,35940
30980,17300,36016
31100,17249,35984
31137,17239,35924
31098,17233,36019
31048,17341,36014
30956,17310,35945
30904,17285,35903
30916,17263,35932
30996,17317,35918
31112,17260,35797
31260,17225,36154
31434,17287,36013
31532,17239,35999
31552,17325,35995
31493,17255,35965
31404,17263,35908
31264,17263,35785
31292,17362,36152
31364,17270,36004
31460,17253,35839
31620,17219,36167
31736,17228,36041
31876,17233,35964
32012,17215,36157
32027,17231,36013
32060,17370,35719
32024,17314,36074
32100,17255,35900
32015,17239,35924
32150,17314,36137
32432,17221,36030
32649,17205,36005
32704,17317,35943
32868,17253,35753
32916,17241,36132
32862,17352,36013
32876,17255,36112
32944,17236,36007
32968,17261,36055
33168,17234,35694
33394,17196,36020
33464,17300,35942
33552,17234,35927
33520,17218,35908
33528,17317,35936
33397,17243,35943
33252,17225,35980
33253,17316,35959
33376,17237,36055
33504,17211,35907
33605,17268,35781
33655,17203,35998
33661,17254,35838
33660,17218,35887
33648,17204,35989
33560,17284,35847
33504,17237,35752
33495,17218,35726
33488,17316,35743
33548,17243,35794
33668,17197,35873
33668,17281,35919
33648,17197,35580
33732,17200,36013
33728,17200,35591
33584,17253,35845
33429,17226,35581
33320,17216,35870
33301,17299,35798
33308,17197,35858
33392,17189,35876
33372,17165,35820
33413,17235,35841
33508,17194,35874
33484,17190,35975
33320,17299,35856
33292,17240,35773
33325,17223,35783
33385,17204,35743
33476,17308,35669
33496,17223,35512
33436,17180,35701
33454,17168,35671
33432,17172,35730
33400,17181,35764
33256,17267,35746
33232,17221,35847
33198,17202,35703
33244,17263,35820
33376,17211,35679
33508,17172,35671
33501,17158,35631
33460,17159,35521
33424,17259,35636
33364,17228,35625
33248,17204,35724
33240,17211,35609
33297,17191,35600
33380,17214,35609
33464,17175,35719
33564,17271,35289
33632,17197,35699
33564,17163,35292
33500,17173,35681
33480,17173,35581
33380,17190,35512
33312,17283,35420
33312,17219,35271
33220,17187,35508
33276,17276,35484
33381,17185,35493
33428,17150,35321
33284,17161,35655
33317,17151,35527
33285,17161,35449
33249,17274,35389
33117,17229,35268
33120,17188,35631
33266,17175,35493
33320,17251,35612
33400,17157,35216
33544,17139,35575
33630,17135,35188
33573,17189,35567
33384,17159,35440
33260,17164,35502
33164,17253,35181
33172,17185,35349
33193,17165,35127
33192,17263,35517
33284,17213,35410
33404,17135,35419
33420,17143,35397
33468,17124,35325
33400,17252,35331
33168,17170,35284
33064,17177,35240
33118,17155,35108
33160,17153,35455
33177,17133,35334
33332,17184,35435
33401,17124,35327
33388,17110,35428
33384,17123,35293
33308,17197,35305
33276,17172,35226
33120,17166,35154
33127,17156,35158
33148,17146,34969
33176,17253,35372
33260,17144,35244
33276,17116,35281
33364,17124,34932
33376,17110,35300
33274,17231,35223
33128,17174,35323
33166,17166,35202
33146,17151,35117
33124,17153,35086
33168,17121,34940
33192,17170,35079
33136,17124,34933
33048,17117,35237
33100,17103,35169
33149,17231,35244
33056,17154,35060
32960,17268,35124
33057,17157,35249
33058,17136,35117
33005,17106,35173
32908,17211,35134
32972,17102,35214
33120,17089,34996
33152,17213,34988
33118,17168,34863
33044,17166,35225
33048,17140,34823
33028,17119,35132
33120,17242,34791
33192,17127,35026
33194,17106,34783
33189,17087,35037
33040,17122,34974
33096,17104,35004
33066,17109,35057
33021,17116,34989
32900,17169,34964
32908,17133,34956
32904,17116,35020
32996,17171,34991
33129,17099,34997
33138,17068,35114
33268,17138,35021
33269,17098,34948
33256,17175,35028
33060,17108,34728
33010,17184,34901
32948,17126,34909
32980,17105,34972
32936,17103,35110
32980,17073,34925
33064,17097,34983
33108,17070,35120
33112,17142,34969
33013,17103,35103
32920,17102,34876
32836,17127,34999
32772,17226,34880
32737,17109,34884
32884,17084,34975
33020,17079,35079
32966,17065,34724
33056,17093,34845
33040,17078,34887
32960,17202,34945
32876,17119,34999
32756,17231,34964
32764,17166,35013
32704,17098,34964
32704,17162,34980
32692,17078,34856
32752,17189,34916
32784,17072,34951
32728,17080,34852
32724,17071,34967
32780,17169,35118
32808,17113,34980
32856,17188,34868
32976,17101,34927
33044,17153,35023
33001,17062,35149
33112,17180,35008
33104,17070,34992
32928,17162,34911
32864,17091,34950
32761,17095,34994
32864,17157,35092
33061,17094,35127
33304,17148,35044
33344,17081,35124
33456,17162,35186
33508,17068,35109
33377,17154,35030
33196,17066,35061
33140,17192,35175
32988,17095,35135
33042,17190,35155
33061,17089,35200
33272,17079,35316
33398,17059,35223
33504,17099,35273
33380,17044,35239
33068,17146,35327
33124,17044,35284
33048,17061,35388
33024,17165,35007
32896,17089,35172
32920,17065,35147
32940,17099,35345
32902,17049,35266
33080,17132,35271
33185,17060,35132
33268,17045,35398
33293,17041,35354
33188,17156,35468
33042,17078,35348
32916,17077,35455
32924,17061,35332
32898,17095,35320
32858,17044,35028
33140,17124,35316
33248,17038,35269
33192,17031,35413
33192,17151,35284
33168,17061,35380
32912,17060,35236
32708,17177,35140
32673,17061,35189
32632,17052,35111
32648,17128,35105
32800,17029,35072
32740,17033,35132
32654,17020,34921
32421,17055,35031
32040,17047,35007
31656,17147,35057
31188,17097,34934
30736,17066,34980
30520,17147,35044
30516,17060,34988
30692,17027,34921
30948,17015,34845
31188,17044,34888
31608,17031,34882
32340,17027,34874
33332,17175,34765
34600,17097,34733
36480,17069,34836
38576,17062,34808
40744,17049,34737
42688,17029,34560
43860,16999,34811
43748,16996,34505
43016,17116,34644
42110,17047,34647
40765,17057,34730
39088,17025,34518
37608,17164,34704
36688,17066,34492
36352,17027,34583
36172,17006,34503
35700,17111,34638
35032,17020,34499
34436,17027,34599
33728,17025,34648
33256,17102,34711
32845,17058,34838
32556,17163,34460
32165,17039,34597
31884,17007,34812
31584,17046,34748
31372,17010,34815
31190,17109,34758
30984,17020,34876
30836,17021,34479
30693,17130,34850
30601,17041,34743
30492,17034,34841
30560,17124,34725
30700,17059,34684
30704,17007,34599
30728,16984,34388
30772,17100,34757
30754,17011,34408
30582,17024,34732
30532,17026,34601
30468,17117,34637
30628,17036,34337
30793,17022,34431
30788,17097,34259
30844,17063,34569
30988,16997,34502
31108,16997,34487
31180,16983,34473
31104,17071,34553
31038,17025,34417
31060,17021,34535
31056,17115,34119
31152,17021,34258
31052,17008,34217
31088,16970,34241
31076,17060,34163
31190,17007,34407
31220,16983,34367
31126,16999,34439
31001,17021,34340
30984,17076,34269
31008,17020,34303
30928,17017,34183
30872,16983,34452
31010,17060,34337
31138,17015,34317
31220,16985,34308
31104,16967,34367
31050,17072,34295
31092,17037,34246
31112,17009,34252
31092,16996,34327
30989,17109,34249
31140,17036,34202
31220,16967,34215
31296,16973,34124
31404,16958,34104
31472,17031,34150
31312,16994,34196
31176,16999,34102
31200,16999,34346
31169,17085,34223
31133,17013,34082
31188,16983,34345
31428,16967,34254
31312,17061,34303
31300,17009,34235
31268,16971,34238
31248,16975,34205
31212,17069,34092
31264,17028,34414
31220,17000,34301
31156,16980,34425
31148,17023,34339
31289,16959,34441
31392,16956,34348
31261,16948,34432
31184,17035,34374
31228,16999,34398
31140,16998,34397
31036,16982,34521
31116,17049,34422
31113,16990,34512
31074,16965,34425
31208,16945,34365
31216,17023,34340
31148,16957,34371
31268,16943,34436
31296,17037,34425
31200,16989,34455
31104,16989,34452
31092,17073,34461
31036,16993,34454
31236,16966,34461
31372,16938,34448
31516,16967,34468
31496,16957,34523
31416,16937,34492
31493,17018,34597
31384,16987,34461
31376,16966,34557
31402,17067,34454
31540,16981,34561
31700,16959,34244
31805,17044,34461
31988,16951,34160
32025,16945,34327
32148,16929,34092
32095,17049,34381
32017,16999,34119
32096,16977,34384
32152,16967,34303
32176,16956,34420
32444,16981,34030
32528,16935,34373
32590,16917,34277
32596,16968,34273
32784,16937,34220
32657,16943,34351
32576,17060,34222
32764,17002,34311
32868,16975,34215
32892,16947,34193
33024,17047,34172
33172,16944,34180
33404,16935,34093
33468,16919,34031
33564,16923,34085
33505,17021,33854
33336,17004,34174
33304,16990,33963
33344,16967,33968
33356,16940,33949
33460,16942,34143
33544,16916,33991
33692,16954,34060
33596,16917,33973
33616,16927,33941
33508,16933,33893
33488,17053,33839
33420,16979,33781
33352,16967,33813
33348,16942,33764
33464,16917,33638
33500,16908,33994
33504,16967,33856
33497,16918,33940
33576,16903,33857
33704,17029,33980
33568,17028,33895
33644,16978,33844
33600,16950,33887
33632,16932,33799
33584,16969,33779
33480,16923,33901
33440,16901,33969
33434,16910,33916
33472,16895,33786
33480,17041,33924
33448,17015,33927
33448,16959,34027
33488,16942,33958
33420,17030,34073
33428,16993,33949
33492,16909,33935
33496,16907,33949
33409,16889,33913
33312,16894,33860
33159,17022,33700
33108,16961,33976
33180,16954,33703
33352,16940,34101
33296,17055,33983
33336,16921,33866
33344,16891,33917
33468,16879,33962
33528,17011,33924
33452,16925,33899
33376,16929,33740
33284,16927,34061
33168,17051,34000
33152,17013,34113
33198,16931,34025
33328,16901,33940
33381,16972,33780
33461,16895,34037
33481,16903,33761
33412,16884,33901
33364,16963,33948
33249,16933,33933
33152,16925,33946
33296,17028,34044
33391,16925,34140
33400,16907,34049
33388,16967,33904
33412,16894,34087
33384,16879,34055
33457,16909,34004
33328,16916,33808
33220,16927,34132
33159,16914,33799
33116,16940,34019
33204,16919,34133
33380,16885,34085
33468,16883,33977
33540,16882,33981
33552,16875,34025
33444,16952,34046
33328,16908,34084
33264,16912,34105
33124,16905,34075
33232,16951,34084
33280,16913,34149
33224,16985,34245
33364,16880,34140
33540,16884,34143
33486,16863,33956
33444,16978,34260
33332,16935,34171
33160,16924,34277
33204,16902,34183
33172,16958,34311
33196,16913,34206
33400,16892,34324
33456,16968,34203
33302,16886,34351
33116,16887,34122
33212,16876,34220
33252,16898,34271
33132,16913,34231
33084,16911,34268
33128,16895,34239
33208,16886,34167
33224,16953,34118
33336,16876,34288
33388,16868,34307
33348,16847,34349
33294,16950,34318
33161,16907,34276
33008,16903,34311
32992,16891,34279
32933,16892,34293
32897,16974,34104
32968,16871,34311
33040,16844,34294
33044,16945,34289
33109,16864,34337
33009,16854,34325
32944,16995,34205
32855,16918,34591
32908,16893,34468
32892,17000,34620
32908,16919,34532
33045,16881,34533
33088,16839,34500
32976,16956,34445
33040,16892,34693
33089,16862,34599
33089,16873,34639
32980,16880,34594
32949,16973,34544
32936,16902,34521
32916,16895,34636
33020,16870,34620
33104,16852,34669
33057,16852,34692
33101,16845,34599
33012,16845,34841
32900,16956,34719
32806,16891,34596
32816,16885,34834
32764,16882,34732
32880,16868,34614
32924,16923,34685
33010,16853,34724
32992,16855,34673
32932,16838,34677
32880,16850,34852
32801,16956,34849
32661,16916,34861
32648,16892,34857
32708,16867,34796
32721,16957,34760
32760,16864,34746
32864,16845,34897
32900,16837,34909
32884,16931,34936
32880,16847,34908
32822,16873,34841
32688,16867,34778
32704,16970,34796
32832,16899,34937
32956,16868,34692
33023,16974,34963
33228,16881,34948
33221,16845,35021
33204,16836,34927
33202,16839,34873
33176,16903,34814
33152,16885,34806
33136,16861,34972
33124,16965,34964
33200,16891,34980
33260,16849,34933
33369,16821,34885
33434,16822,34932
33432,16943,34952
33332,16923,34873
33232,16884,34968
33136,16871,34951
33048,16873,34919
33033,16860,34836
33020,16937,34951
33016,16898,34863
33020,16833,34839
33024,16830,34837
32996,16914,34813
33020,16932,34750
33016,16903,34949
32974,16898,34951
32952,16880,34889
32996,16868,34821
33020,16869,34924
33060,16836,34908
33076,16820,34892
33068,16934,34943
33076,16843,34924
33045,16837,34909
32984,16838,34847
33088,16945,34927
33224,16868,34936
33300,16855,35073
33264,16840,34943
33285,16819,35021
33316,16813,34876
33232,16896,34903
33120,16833,34908
32946,16833,34773
32728,16846,35157
32576,16956,35069
32542,16926,35143
32500,16869,35111
32480,16847,35151
32558,16815,35124
32504,16810,35149
32348,16934,35148
32086,16870,35237
31664,16849,35253
31124,16837,35305
30668,16859,35390
30512,16849,35532
30596,16839,35713
30768,16920,35655
31220,16880,35856
31817,16851,35813
32524,16830,35759
33380,16832,35841
34476,16804,35783
36032,16966,36111
37716,16932,36159
39424,16864,36320
41172,16855,36272
42132,16855,36132
41972,16822,36509
41436,16770,36519
40780,16917,36702
39728,16895,36668
38168,16833,36842
36648,16844,36452
35460,16851,36929
34840,16841,36764
34708,16934,36764
34376,16879,37091
33912,16831,37021
33580,16823,36989
33156,16817,37206
32814,16834,37168
32624,16823,37256
32480,16836,37245
32248,16839,37212
31888,16959,37285
31536,16932,37284
31305,16879,37333
31200,16823,37375
31092,16800,37413
30949,16856,37440
30904,16810,37415
30888,16820,37325
30812,16823,37600
30784,16945,37611
30856,16915,37733
30968,16842,37669
31072,16834,37791
31120,16806,37349
31216,16855,37580
31324,16804,37375
31248,16805,37863
31068,16804,37737
30904,16823,37812
30876,16907,37756
30840,16850,37919
30877,16837,37823
30907,16815,37959
30964,16907,37860
31112,16849,37805
31278,16797,37780
31296,16802,37863
31392,16797,38041
31332,16922,37895
31244,16858,38012
31210,16832,37919
31245,16826,37892
31172,16805,37780
31256,16861,37641
31448,16791,37892
31522,16799,37895
31364,16797,37993
31353,16791,37913
31328,16805,37795
31252,16933,37921
31236,16871,37917
31228,16821,38007
31264,16815,37863
31360,16783,37965
31488,16883,37841
31536,16869,37604
31465,16846,37879
31472,16793,37613
31448,16807,37840
31373,16812,37708
31417,16809,37799
31480,16806,37772
31553,16799,37686
31652,16894,37593
31652,16865,37358
31704,16820,37816
31628,16791,37652
31564,16791,37657
31500,16804,37588
31356,16884,37538
31343,16841,37553
31340,16812,37244
31332,16812,37612
31316,16772,37177
31441,16766,37591
31592,16852,37460
31649,16799,37556
31776,16785,37383
31741,16809,37309
31782,16804,37277
31740,16901,37341
31556,16837,37279
31516,16812,36965
31544,16787,37382
31389,16775,37245
31244,16769,37152
31132,16767,37148
31168,16824,37255
31228,16811,37156
31167,16805,37253
31172,16801,37124
31072,16851,37116
31040,16793,37057
31104,16873,37134
31108,16798,36999
31160,16775,36929
31196,16762,36777
31312,16840,36772
31260,16796,36784
31152,16812,36837
31200,16895,36731
31200,16823,36677
31136,16796,36628
31128,16759,36743
31268,16749,36640
31334,16791,36648
31393,16772,36581
31469,16753,36636
31404,16876,36476
31372,16857,36470
31470,16845,36324
31544,16818,36318
31615,16805,36399
31740,16776,36198
31852,16763,36175
31980,16754,36132
31960,16846,36070
31884,16815,35969
31848,16793,35921
31936,16781,35941
32057,16776,35905
32124,16897,35837
32181,16888,35704
32380,16755,35856
32612,16866,35705
32773,16785,35762
32801,16766,35579
32884,16775,35591
32897,16781,35335
32912,16805,35351
32877,16780,35334
32952,16869,35414
33032,16789,35284
33137,16755,35327
33216,16751,35170
33333,16760,35036
33440,16751,34935
33376,16751,34969
33316,16763,35026
33336,16783,34748
33216,16797,34812
33200,16785,34727
33318,16763,34609
33332,16743,34610
33428,16738,34628
33508,16843,34505
33493,16766,34388
33388,16761,34341
33264,16783,34282
33268,16775,34247
33253,16864,33953
33218,16793,34156
33248,16783,33772
33328,16740,33988
33440,16721,33664
33524,16798,33748
33449,16745,33718
33413,16745,33733
33292,16891,33716
33206,16837,33628
33224,16817,33532
33268,16772,33231
33436,16756,33431
33484,16773,33252
33504,16746,33286
33412,16731,33300
33412,16817,32881
33413,16757,32925
33348,16769,32899
33301,16779,32804
33329,16757,32768
33328,16869,32765
33384,16861,32673
33473,16812,32592
33576,16741,32511
33580,16743,32517
33600,16837,32499
33608,16754,32180
33620,16769,32225
33540,16758,32138
33488,16869,32077
33464,16862,32113
33468,16821,32135
33561,16748,31990
33654,16740,31920
33644,16723,31623
33624,16726,31692
33560,16816,31743
33506,16767,31684
33412,16772,31698
33465,16875,31403
33496,16842,31383
33452,16763,31461
33488,16844,31292
33560,16784,31220
33592,16749,31127
33516,16739,31108
33476,16740,30949
33392,16743,31154
33317,16869,30935
33328,16859,31095
33365,16795,30992
33356,16777,31017
33433,16740,30887
33472,16733,30873
33508,16716,30786
33448,16718,30825
33372,16828,30697
33297,16755,30592
33265,16768,30380
33264,16749,30625
33305,16747,30292
33300,16818,30343
33312,16745,30326
33388,16731,30389
33412,16713,30436
33437,16772,30109
33406,16743,30149
33344,16751,30140
33180,16741,30166
33156,16820,30197
33113,16773,30155
33192,16759,30173
33336,16732,29892
33413,16702,30103
33384,16838,30023
33349,16768,30093
33309,16750,29781
33225,16759,29916
33164,16748,29751
33116,16863,29807
33164,16833,29679
33192,16785,29915
33208,16725,29862
33268,16725,29902
33332,16703,29813
33360,16831,29881
33316,16766,29591
33232,16753,29670
33012,16764,29601
33076,16740,29692
33028,16850,29534
32984,16776,29607
33114,16724,29553
33192,16719,29636
33160,16814,29783
33116,16739,29661
33148,16728,29612
33056,16852,29535
32958,16824,29567
32961,16784,29479
32960,16757,29572
32948,16726,29410
33016,16826,29604
33066,16706,29442
33164,16720,29485
33152,16705,29578
33168,16705,29681
33124,16841,29588
33076,16769,29527
33048,16745,29371
33097,16755,29673
33156,16717,29575
33242,16808,29642
33285,16726,29447
33300,16704,29447
33308,16821,29471
33324,16797,29543
33226,16746,29473
33232,16746,29556
33193,16730,29504
33240,16830,29556
33312,16729,29632
33413,16693,29525
33472,16782,29539
33524,16725,29340
33472,16706,29543
33452,16809,29341
33358,16742,29589
33232,16750,29508
33210,16733,29560
33160,16726,29501
33148,16795,29441
33248,16730,29412
33272,16706,29305
33274,16708,29582
33284,16693,29507
33292,16822,29583
33196,16796,29504
33080,16743,29529
33036,16729,29341
33068,16763,29448
33120,16737,29415
33180,16693,29496
33269,16685,29365
33260,16685,29533
33180,16797,29284
33188,16729,29563
33116,16743,29476
33088,16741,29500
33052,16727,29452
33044,16711,29375
33080,16830,29377
33144,16714,29383
33188,16705,29478
33220,16687,29365
33260,16791,29436
33232,16721,29340
33108,16727,29556
32972,16742,29504
32804,16736,29454
32704,16708,29487
32600,16814,29429
32487,16719,29504
32276,16692,29428
31933,16701,29412
31352,16691,29367
30912,16703,29412
30480,16791,29343
30233,16764,29502
30272,16733,29356
30644,16717,29412
31328,16813,29396
31984,16725,29500
32780,16695,29540
33836,16689,29527
35328,16714,29609
37404,16712,29319
39368,16699,29465
41120,16838,29409
42632,16765,29424
43016,16722,29405
42052,16712,29505
41032,16682,29540
40152,16838,29519
38804,16740,29501
37121,16710,29461
35985,16695,29490
35092,16720,29343
34712,16781,29624
34876,16741,29548
34898,16726,29420
34508,16708,29649
34180,16796,29572
33861,16695,29645
33621,16671,29575
33429,16783,29588
33196,16735,29564
32724,16732,29479
32248,16723,29510
31952,16837,29440
31692,16739,29560
31474,16722,29431
31381,16687,29613
31354,16772,29428
31248,16708,29652
31120,16703,29519
31026,16693,29482
30896,16727,29524
30804,16730,29409
30760,16709,29703
30802,16741,29397
30872,16708,29642
31000,16756,29383
31080,16679,29613
31096,16677,29564
31108,16765,29661
31069,16697,29575
31016,16709,29633
30960,16706,29547
30920,16796,29653
30961,16713,29376
31112,16697,29477
31272,16768,29460
31366,16673,29588
31385,16754,29559
31365,16687,29410
31364,16694,29589
31332,16813,29476
31246,16729,29611
31248,16701,29489
31208,16761,29542
31222,16705,29614
31372,16772,29720
31512,16665,29461
31496,16661,29548
31472,16731,29552
31408,16684,29477
31292,16786,29557
31232,16717,29571
31247,16700,29719
31280,16751,29813
31312,16691,29549
31392,16735,29748
31472,16670,29669
31484,16663,29628
31408,16676,29756
31364,16670,29847
31288,16747,29572
31212,16711,29750
31190,16767,29856
31252,16703,29671
31281,16791,29810
31364,16689,29877
31436,16667,29805
31432,16661,29820
31470,16765,29645
31448,16709,29842
31353,16703,29681
31280,16692,29837
31272,16751,29709
31300,16697,29904
31344,16676,29831
31424,16753,29937
31472,16720,29759
31460,16676,29988
31424,16669,29991
31440,16661,30019
31369,16681,29969
31328,16689,30061
31300,16725,30045
31287,16701,29906
31268,16677,30032
31416,16677,30018
31472,16647,30143
31528,16743,30103
31520,16695,30148
31480,16674,29988
31349,16688,30260
31212,16802,30220
31189,16721,30356
31288,16687,30237
31368,16679,30190
31576,16645,30179
31712,16738,30117
31729,16716,30402
31708,16703,30272
31700,16669,30148
31608,16673,30340
31664,16777,30166
31680,16697,30373
31746,16677,30181
31744,16766,30477
31848,16662,30413
31996,16631,30513
32088,16709,30412
32128,16651,30539
32149,16652,30233
32036,16690,30482
32020,16754,30231
32056,16692,30343
32108,16666,30265
32201,16765,30575
32368,16655,30471
32473,16628,30572
32612,16700,30260
32700,16659,30447
32744,16654,30297
32692,16722,30569
32708,16694,30486
32714,16784,30541
32676,16683,30500
32844,16654,30561
33001,16729,30498
33172,16639,30507
33160,16647,30458
33242,16647,30373
33261,16750,30586
33188,16680,30480
33104,16671,30516
33128,16775,30490
33204,16693,30453
33292,16671,30372
33348,16648,30480
33386,16749,30592
33376,16665,30376
33384,16651,30596
33376,16643,30316
33212,16759,30494
33119,16741,30503
33100,16671,30588
33236,16679,30503
33255,16644,30481
33372,16729,30498
33510,16633,30484
33556,16631,30496
33480,16671,30529
33388,16655,30297
33256,16645,30461
33132,16783,30416
33172,16708,30424
33248,16679,30552
33308,16647,30572
33281,16705,30646
33319,16626,30594
33284,16617,30524
33168,16684,30573
33248,16649,30605
33260,16670,30533
33217,16783,30616
33290,16740,30436
33308,16665,30540
33342,16643,30549
33372,16711,30565
33388,16631,30468
33428,16631,30727
33472,16745,30460
33416,16660,30721
33372,16668,30699
33308,16651,30594
33284,16723,30589
33290,16664,30521
33281,16654,30799
33508,16619,30727
33544,16720,30684
33437,16645,30685
33392,16633,30622
33396,16637,30703
33288,16646,30630
33220,16721,30607
33300,16671,30508
33301,16666,30819
33252,16767,30712
33349,16647,30812
33421,16614,30707
33448,16663,30591
33468,16625,30508
33428,16651,30701
33316,16777,30599
33256,16697,30685
33278,16661,30496
33244,16647,30808
33222,16743,30692
33264,16663,30784
33348,16623,30491
33392,16618,30586
33365,16746,30601
33324,16631,30714
33248,16656,30697
33192,16639,30693
33220,16660,30841
33196,16645,30536
33212,16659,30628
33300,16620,30688
33358,16601,30764
33372,16647,30782
33276,16623,30775
33288,16735,30716
33228,16647,30557
33166,16634,30770
33096,16682,30658
33116,16646,30781
33128,16628,30740
33212,16711,30772
33272,16619,30885
33272,16720,30613
33260,16642,30727
33208,16639,30757
33029,16635,30829
32948,16664,30927
32984,16659,30655
33004,16623,30764
33021,16689,30693
33152,16613,30724
33261,16596,30776
33288,16687,30863
33313,16609,30932
33228,16602,30703
33080,16704,30866
32960,16645,30780
32868,16637,30885
32964,16733,31001
33056,16629,30919
33104,16591,30812
33132,16667,30833
33160,16604,30921
33184,16609,30958
33128,16732,31004
32952,16644,31111
32876,16640,31007
32776,16733,30940
32788,16641,30975
32792,16753,31038
32862,16613,31014
32954,16597,31103
32992,16663,31163
32944,16611,30903
32897,16608,31164
32732,16750,30937
32672,16647,31167
32656,16628,31228
32680,16660,31198
32612,16622,31239
32800,16591,31004
32879,16629,31117
32984,16596,31255
33004,16594,31247
32928,16677,31175
32868,16633,31340
32836,16647,31319
32857,16619,31398
32916,16708,31345
32912,16639,31450
33008,16601,31139
33040,16700,31346
33016,16613,31197
33028,16604,31311
33072,16601,31223
32996,16709,31311
32884,16638,31327
32848,16613,31372
32956,16611,31239
32996,16710,31455
33037,16634,31455
33148,16605,31500
33208,16583,31489
33186,16643,31383
33096,16605,31391
32985,16612,31411
32892,16731,31429
32900,16651,31305
32912,16627,31417
32916,16593,31438
32996,16630,31482
33048,16592,31489
33048,16575,31581
33076,16695,31695
32988,16603,31409
32841,16609,31534
32854,16735,31389
32896,16667,31644
32904,16615,31492
32872,16604,31652
32852,16580,31701
32892,16612,31686
32884,16593,31810
32884,16591,31730
32900,16590,31804
32916,16690,31739
32864,16631,31688
32845,16621,31663
32856,16621,31570
32864,16598,31879
32924,16576,31777
33032,16561,31676
33053,16658,31773
33010,16585,31823
32956,16604,31796
32757,16610,31651
32544,16731,31716
32340,16649,31745
32150,16611,31740
31872,16607,31756
31684,16571,31832
31280,16665,31775
30816,16583,31879
30388,16580,31919
30176,16671,31907
30096,16612,31989
30200,16615,31900
30564,16693,31860
31136,16655,31823
32012,16604,31928
33244,16580,32047
34728,16673,31718
36732,16585,31908
39028,16543,32046
41352,16687,31740
43424,16648,31928
44556,16634,31877
44512,16592,31895
43824,16757,31900
43140,16634,32000
42237,16574,31917
40717,16696,31967
39228,16605,32029
38188,16588,32039
37560,16747,31940
36900,16652,32048
36052,16615,32157
35352,16688,31975
34876,16620,32076
34272,16591,32180
33796,16639,31876
33368,16575,32092
32944,16555,32084
32450,16631,32138
31910,16594,32085
31444,16687,32237
31128,16623,32054
30924,16598,32126
30698,16708,32108
30588,16673,32141
30613,16575,32173
30592,16567,32135
30552,16618,32252
30464,16590,32120
30408,16590,32231
30284,16605,32115
30268,16644,32162
30332,16621,32088
30350,16610,32132
30448,16591,32061
30544,16580,32071
30608,16597,32025
30708,16641,32100
30798,16575,32004
30744,16581,32096
30656,16695,31746
30601,16621,31845
30590,16608,31860
30664,16595,31925
30700,16605,31856
30796,16573,31917
30900,16554,31850
30916,16648,31946
30844,16626,31870
30804,16593,31852
30736,16600,31860
30684,16653,31980
30712,16600,32033
30768,16588,31989
30840,16687,32022
30884,16593,32004
30972,16565,32084
30996,16637,31781
31001,16604,32089
30989,16591,31973
30856,16601,31892
30828,16605,31870
30832,16689,31897
30808,16603,31988
30780,16581,32068
30934,16674,31751
31057,16598,31940
31132,16567,31718
31148,16561,32060
31024,16563,31947
30893,16592,31836
30824,16677,31828
30788,16600,31839
30788,16597,31844
30860,16567,31748
30912,16669,32002
30964,16615,31958
31008,16559,31952
30980,16569,31845
30902,16575,31717
30792,16687,31909
30736,16677,31974
30784,16617,31888
30858,16580,31983
30968,16661,32015
31104,16558,32023
31156,16542,32064
31172,16628,32037
31100,16564,32100
31056,16575,31964
30881,16661,32076
30784,16591,32089
30777,16582,32142
30740,16685,32240
30864,16605,31924
31040,16561,32237
31044,16561,32205
31012,16543,32247
31044,16648,32238
31056,16586,32253
30968,16590,32263
30904,16581,32324
30849,16688,32243
30836,16658,32191
30976,16595,32164
31188,16556,32225
31304,16542,32260
31343,16544,32206
31296,16613,32278
31228,16571,32301
31124,16578,32069
31137,16575,32183
31168,16674,32105
31248,16655,32348
31364,16569,32055
31484,16554,32297
31576,16535,32117
31652,16593,32183
31612,16556,32221
31657,16550,32263
31617,16579,32206
31601,16626,32249
31700,16581,32252
31852,16585,32235
31944,16547,32198
32134,16539,32215
32290,16620,32137
32360,16569,32125
32434,16540,32231
32488,16667,32221
32476,16588,32327
32528,16583,31976
32629,16693,32100
32748,16581,32225
32824,16540,32206
33010,16577,32293
33148,16543,32188
33192,16530,32292
33272,16657,32176
33288,16647,32237
33198,16576,32199
33272,16581,32167
33373,16559,32181
33428,16639,32237
33460,16558,32158
33540,16655,32160
33604,16535,32089
33612,16541,32078
33588,16614,32032
33592,16616,32140
33456,16582,31945
33422,16681,32072
33360,16591,32050
33416,16572,32164
33444,16661,32180
33552,16537,32191
33565,16519,32301
33556,16595,31975
33572,16545,32070
33600,16661,32260
33512,16574,32188
33376,16701,32124
33304,16581,32138
33292,16551,32221
33314,16630,32316
33405,16551,32122
33520,16517,32124
33500,16629,32144
33504,16560,32241
33430,16543,32364
33328,16649,32084
33329,16573,32252
33308,16685,32261
33320,16562,32231
33276,16531,32285
33316,16626,32375
33424,16540,32117
33456,16521,32221
33396,16533,32325
33352,16526,32259
33260,16647,32352
33196,16565,32073
33222,16553,32148
33284,16647,32124
33265,16551,32228
33357,16509,32185
33436,16551,32111
33445,16533,32207
33412,16513,32316
33352,16637,31977
33252,16585,32109
33172,16567,32119
33129,16671,32199
33116,16604,32297
33212,16549,31954
33304,16533,32239
33420,16507,32028
33441,16518,32060
33376,16559,32021
33288,16548,32076
33248,16546,32085
33180,16585,32156
33184,16575,31993
33208,16567,32177
33264,16526,31941
33436,16577,32224
33488,16535,32179
33504,16523,32260
33516,16629,32193
33440,16567,32202
33312,16565,32188
33263,16551,32303
33300,16627,32187
33280,16557,32253
33188,16532,32180
33344,16608,32111
33480,16529,32093
33480,16507,32167
33428,16593,32135
33420,16540,32157
33348,16535,32173
33232,16658,32189
33217,16582,32093
33168,16546,32120
33312,16519,32133
33436,16593,32197
33532,16514,32302
33484,16519,32219
33532,16498,32279
33500,16623,32207
33377,16567,32119
33348,16556,32144
33252,16542,32164
33212,16647,32148
33237,16574,32132
33357,16509,32250
33360,16583,32348
33396,16517,32113
33372,16500,32240
33312,16553,32375
33216,16541,32089
33124,16661,32220
33108,16567,32247
33100,16525,32316
33145,16595,32376
33198,16510,32135
33092,16485,32260
33036,16607,32231
33040,16517,32341
32932,16516,32457
32860,16636,32337
32904,16575,32465
32877,16541,32344
32932,16531,32318
32952,16517,32172
32996,16567,32279
33044,16516,32372
33017,16495,32416
32988,16540,32519
32901,16519,32228
32786,16572,32424
32797,16533,32553
32904,16620,32223
32992,16537,32421
33080,16501,32511
33144,16591,32484
33209,16506,32516
33160,16511,32257
33184,16493,32582
33196,16605,32401
33185,16544,32526
33096,16519,32584
33108,16571,32564
33128,16533,32602
33232,16578,32474
33326,16502,32579
33368,16604,32668
33349,16527,32623
33292,16505,32663
33268,16507,32439
33188,16535,32516
33132,16517,32570
33057,16559,32650
33064,16540,32736
33128,16636,32428
33096,16500,32612
33180,16478,32713
33220,16517,32689
33181,16497,32806
33145,16641,32453
33084,16535,32750
33020,16525,32705
32964,16629,32646
32952,16533,32544
33020,16508,32643
33108,16484,32587
33184,16573,32661
33188,16490,32748
33140,16500,32755
33104,16493,32843
33008,16639,32775
32944,16606,32745
32928,16535,32773
32988,16508,32919
33048,16548,32562
33109,16497,32788
33160,16471,32657
33212,16580,32695
33149,16530,32593
33088,16511,32935
32984,16524,32833
32832,16519,32751
32716,16567,32791
32592,16527,32759
32612,16484,32762
32488,16549,32762
32264,16484,32728
31992,16481,32757
31474,16570,32818
30936,16508,32837
30456,16511,32862
30212,16614,32775
30224,16559,32918
30364,16529,32887
30728,16502,32973
31276,16483,32903
32127,16565,32960
33240,16492,32903
34616,16479,32956
36564,16488,32884
38752,16614,32709
40980,16558,32969
43048,16539,32912
44421,16499,33063
44544,16492,32950
43876,16563,33047
43157,16495,32712
42284,16482,32828
40780,16597,32869
39216,16537,32974
38092,16542,33009
37533,16650,32975
37004,16570,32992
36292,16519,32887
35636,16510,32919
35110,16589,32924
34528,16521,32965
34040,16489,32876
33596,16487,32985
33101,16507,32995
32468,16595,33052
31880,16523,32884
31404,16521,33016
31048,16514,33050
30836,16566,33045
30765,16503,33074
30692,16488,33041
30684,16476,33036
30760,16485,33188
30839,16556,32951
30788,16527,33232
30753,16521,33031
30784,16619,33180
30804,16541,33210
30745,16504,33252
30650,16472,33364
30648,16501,33257
30660,16486,33392
30662,16580,33056
30664,16519,33192
30576,16516,33252
30556,16615,33360
30524,16526,33436
30636,16514,33439
30692,16478,33599
30580,16530,33519
30512,16484,33679
30426,16471,33369
30380,16489,33645
30356,16487,33828
30292,16597,33552
30324,16517,33852
30420,16500,34016
30460,16571,33776
30548,16485,34041
30672,16465,34076
30824,16564,34229
30920,16483,34288
30952,16479,34362
30980,16567,34624
30912,16518,34640
30838,16495,34757
30820,16529,34713
30848,16507,34893
30878,16495,34981
31026,16462,35117
31104,16461,35132
31092,16527,35194
31009,16471,35236
30992,16485,35268
30872,16495,35396
30816,16596,35200
30844,16519,35479
30860,16508,35368
30888,16476,35573
30957,16506,35730
30968,16466,35804
30912,16460,35961
30888,16462,35917
30836,16545,36039
30784,16515,36005
30800,16513,36093
30836,16491,36111
30854,16578,36253
30976,16499,36167
31076,16472,36332
31012,16453,36248
31080,16561,36341
31184,16488,36087
31216,16493,36341
31200,16511,36093
31132,16501,36473
31060,16489,36472
31076,16485,36487
31161,16550,36519
31312,16473,36501
31396,16469,36448
31460,16441,36525
31484,16559,36546
31320,16516,36551
31073,16506,36581
30968,16493,36572
30952,16574,36654
30984,16521,36615
31032,16487,36677
31026,16447,36717
31004,16528,36740
31000,16484,36751
30988,16470,36710
31028,16473,36737
30976,16490,36711
31029,16543,36611
31028,16496,36711
31053,16499,36772
31064,16478,36678
31180,16452,36764
31184,16456,36742
31186,16446,36662
31280,16542,36661
31224,16487,36636
31160,16500,36711
31164,16495,36664
31238,16485,36596
31324,16580,36544
31504,16491,36374
31600,16460,36679
31732,16439,36564
31876,16561,36508
32020,16485,36359
32064,16479,36159
32016,16489,36541
32046,16482,36389
32142,16575,36377
32212,16521,36260
32468,16476,36207
32724,16443,36199
32876,16545,35900
32908,16545,36252
32928,16464,36124
32960,16474,36007
32784,16492,35956
32676,16483,35815
32784,16588,36054
32876,16571,35840
33012,16475,35862
33120,16455,35847
33256,16433,35746
33360,16567,35596
33356,16469,35581
33364,16458,35586
33304,16581,35468
33276,16519,35547
33284,16485,35423
33320,16477,35335
33432,16569,35409
33533,16517,35369
33512,16495,35236
33524,16465,35261
33552,16461,35125
33444,16481,35218
33368,16484,35025
33344,16479,34758
33317,16503,35126
33372,16484,34956
33440,16445,34943
33472,16540,34732
33480,16463,34637
33488,16453,34887
33561,16442,34721
33510,16519,34756
33420,16481,34587
33460,16483,34467
33488,16473,34493
33460,16517,34199
33472,16476,34493
33556,16457,34340
33624,16431,34225
33629,16516,34121
33590,16459,33919
33596,16475,34244
33496,16462,34084
33480,16514,34088
33489,16487,33920
33576,16465,33799
33606,16518,33788
33652,16453,33693
33725,16421,33596
33736,16521,33532
33728,16461,33604
33696,16481,33533
33564,16487,33413
33508,16481,33332
33532,16518,33401
33608,16487,33384
33660,16447,33250
33752,16436,33117
33832,16516,33281
33844,16559,33119
33776,16543,33071
33704,16540,32919
33652,16491,32951
33584,16471,32805
33532,16572,32843
33581,16479,32573
33664,16462,32669
33724,16436,32597
33786,16492,32497
33832,16449,32444
33772,16434,32453
33636,16556,32249
33504,16485,32382
33476,16466,32216
33496,16517,32241
33536,16476,32192
33588,16451,32238
33608,16556,32186
33704,16463,32188
33752,16455,32101
33752,16437,31953
33716,16457,31865
33540,16585,31791
33440,16574,31951
33444,16541,31846
33420,16481,31895
33440,16457,31751
33552,16434,31793
33646,16518,31650
33644,16460,31507
33640,16452,31425
33521,16464,31296
33415,16476,31533
33380,16509,31412
33412,16476,31456
33432,16465,31340
33549,16452,31121
33608,16481,31231
33604,16442,31220
33556,16447,31184
33488,16429,31021
33452,16465,31108
33376,16527,31143
33324,16485,31017
33308,16476,30914
33265,16599,30977
33352,16463,30945
33488,16447,30953
33516,16548,31023
33536,16485,30911
33540,16461,30969
33413,16482,30868
33309,16473,30869
33216,16595,30789
33176,16551,30689
33240,16559,30846
33312,16503,30763
33356,16453,30820
33313,16430,30548
33318,16518,30658
33288,16459,30525
33252,16460,30590
33096,16564,30596
33008,16493,30664
32953,16482,30564
33056,16465,30587
33140,16569,30567
33236,16463,30553
33260,16443,30551
33252,16548,30559
33237,16471,30460
33189,16453,30766
33121,16517,30453
33113,16498,30671
33148,16481,30655
33148,16512,30727
33225,16472,30676
33340,16444,30599
33372,16436,30629
33348,16567,30680
33337,16484,30698
33276,16481,30695
33200,16484,30654
33214,16585,30580
33236,16496,30531
33236,16494,30798
33332,16478,30629
33388,16450,30470
33389,16436,30768
33372,16557,30673
33310,16472,30566
33260,16488,30552
33148,16506,30663
33144,16503,30633
33196,16497,30584
33272,16482,30672
33312,16460,30559
33338,16453,30751
33332,16455,30616
33300,16556,30452
33312,16564,30714
33272,16573,30529
33142,16571,30629
33068,16589,30535
33044,16540,30703
33085,16519,30622
33172,16484,30540
33300,16441,30559
33356,16559,30484
33380,16538,30724
33345,16516,30600
33273,16521,30608
33144,16540,30500
33040,16506,30565
33073,16497,30631
33116,16500,30507
33148,16471,30525
33253,16577,30408
33236,16549,30599
33236,16564,30588
33236,16491,30623
33152,16503,30726
33000,16486,30625
32900,16615,30549
32832,16570,30512
32720,16513,30625
32656,16484,30509
32524,16461,30500
32302,16497,30508
31976,16481,30523
31444,16469,30518
30964,16569,30500
30492,16514,30498
30236,16516,30602
30248,16509,30538
30444,16574,30497
30956,16498,30458
31593,16485,30575
32276,16463,30450
33276,16580,30665
34732,16524,30623
36756,16532,30498
38924,16540,30521
41036,16641,30664
42960,16526,30596
43920,16485,30681
43404,16610,30605
42516,16523,30700
41636,16505,30396
40400,16481,30686
38604,16654,30612
37140,16543,30678
36118,16546,30621
35664,16516,30609
35832,16644,30626
35732,16618,30506
35256,16537,30596
34804,16486,30548
34300,16575,30653
33846,16504,30737
33536,16517,30685
33192,16523,30744
32720,16531,30695
32273,16553,30665
31910,16544,30700
31605,16517,30801
31396,16617,30727
31294,16513,30780
31184,16510,30559
31036,16493,30741
30905,16587,30510
30797,16558,30813
30705,16553,30695
30692,16541,30693
30708,16532,30620
30740,16527,30452
30832,16628,30717
30972,16527,30629
31000,16507,30501
30969,16511,30620
31016,16508,30571
31016,16523,30437
30964,16627,30449
30905,16541,30369
30900,16545,30564
30958,16533,30483
31068,16599,30540
31192,16543,30463
31228,16514,30367
31288,16511,30404
31289,16516,30333
31209,16625,30339
31084,16564,30280
31080,16556,30485
31106,16545,30411
31141,16600,30451
31200,16529,30395
31284,16511,30426
31332,16597,30388
31288,16549,30356
31258,16531,30324
31213,16558,30420
31104,16556,30470
31021,16573,30438
31040,16558,30533
31062,16539,30423
31148,16597,30377
31233,16526,30415
31236,16516,30359
31216,16528,30460
31244,16523,30513
31140,16599,30281
31100,16577,30416
31068,16564,30400
31148,16592,30495
31180,16567,30377
31198,16533,30432
31248,16561,30334
31260,16533,30617
31268,16642,30385
31292,16543,30524
31239,16545,30509
31201,16612,30520
31148,16582,30479
31148,16581,30645
31148,16558,30478
31232,16650,30796
31368,16570,30741
31396,16545,30716
31372,16536,30778
31340,16620,30819
31237,16587,30771
31092,16583,30672
31094,16588,30864
31064,16571,30622
31104,16589,30831
31160,16559,30666
31276,16642,30777
31364,16571,30803
31364,16548,30917
31364,16652,31031
31316,16597,30973
31220,16597,31012
31160,16691,30991
31160,16591,30997
31192,16581,30913
31292,16632,30924
31401,16556,30855
31485,16541,30919
31512,16571,31006
31548,16552,31058
31500,16595,31103
31436,16580,30855
31364,16610,31041
31460,16599,30958
31552,16665,31060
31648,16577,31109
31780,16666,30887
32004,16607,31037
32088,16566,31127
32088,16685,30852
32032,16605,31061
32000,16610,30851
32025,16591,31022
32016,16658,30924
32058,16605,30977
32189,16574,30983
32420,16571,31065
32558,16563,31124
32676,16613,30918
32706,16577,31030
32736,16660,31177
32724,16612,30943
32685,16690,31026
32796,16615,31017
32916,16716,31127
33017,16597,31236
33180,16636,31041
33300,16580,31151
33320,16702,31270
33242,16615,31174
33228,16596,31107
33272,16615,31309
33188,16727,31047
33182,16620,31185
33253,16604,31111
33404,16651,31257
33562,16589,31276
33504,16635,31076
33480,16572,31235
33464,16651,31259
33420,16608,31348
33388,16714,31417
33400,16621,31362
33374,16599,31429
33388,16698,31276
33360,16601,31479
33417,16589,31422
33436,16692,31447
33448,16607,31332
33560,16593,31417
33498,16723,31420
33320,16634,31501
33272,16741,31468
33316,16644,31421
33376,16630,31444
33450,16588,31502
33544,16704,31561
33600,16603,31568
33569,16591,31629
33582,16611,31622
33454,16722,31792
33294,16651,31589
33276,16628,31684
33320,16654,31725
33332,16625,31553
33401,16615,31805
33456,16711,31648
33520,16611,31700
33528,16720,31713
33540,16612,31815
33436,16725,31844
33312,16633,31964
33232,16661,31788
33280,16771,31862
33353,16633,31812
33432,16612,31879
33432,16609,31686
33461,16708,31924
33461,16615,31836
33440,16703,31812
33396,16653,31896
33249,16721,31841
33232,16655,31940
33242,16644,32030
33288,16679,31746
33358,16613,31927
33424,16658,32007
33444,16620,31946
33416,16681,31845
33408,16617,32060
33372,16650,31866
33284,16653,31997
33300,16664,31956
33276,16673,32101
33229,16760,31918
33264,16647,32008
33428,16663,32019
33480,16612,32026
33488,16632,32079
33436,16743,31831
33400,16657,32047
33373,16744,32153
33292,16670,31897
33228,16682,32152
33240,16646,32056
33286,16642,32207
33381,16753,32216
33464,16637,31984
33404,16746,32212
33346,16646,32373
33304,16772,32180
33205,16682,32316
33120,16736,32284
33116,16660,32478
33157,16688,32259
33292,16629,32415
33372,16647,32315
33412,16629,32500
33376,16676,32229
33324,16651,32421
33256,16751,32564
33172,16692,32420
33133,16810,32534
33104,16673,32676
33108,16673,32359
33158,16676,32589
33297,16632,32568
33313,16642,32630
33324,16746,32499
33313,16661,32647
33245,16737,32532
33169,16680,32749
33113,16779,32427
33072,16687,32615
33121,16666,32729
33176,16657,32463
33338,16631,32599
33404,16741,32716
33412,16679,32691
33388,16668,32625
33278,16672,32762
33142,16772,32791
33092,16689,32775
33080,16677,32895
33112,16765,32593
33172,16672,32749
33329,16639,32864
33441,16698,32825
33360,16654,32919
33328,16640,32743
33284,16691,32599
33146,16686,32863
33064,16757,32838
33116,16701,32773
33129,16669,32897
33180,16670,32764
33229,16645,32831
33240,16701,32903
33276,16659,32898
33252,16732,32837
33156,16702,32909
33032,16696,32939
33044,16719,32969
33104,16691,33056
33092,16767,32823
33172,16673,32901
33256,16655,32994
33316,16655,32766
33268,16761,33031
33252,16676,32985
33232,16809,32967
33172,16705,33076
33084,16805,32956
33071,16700,33060
33066,16682,32861
33124,16675,33064
33185,16646,33096
33192,16694,33137
33180,16661,33255
33220,16732,32927
33124,16703,33092
32986,16815,33162
32916,16716,33193
32892,16692,33249
32920,16772,33072
32982,16687,33196
33064,16744,33327
33128,16677,32974
33120,16801,33153
33068,16684,33257
32960,16690,33253
32864,16723,33287
32872,16699,33170
32860,16726,33273
32884,16686,33223
32940,16688,33367
33008,16660,33103
33032,16684,33225
32956,16661,33375
32889,16768,33309
32853,16708,33319
32684,16813,33255
32612,16708,33076
32616,16798,33272
32633,16711,33428
32720,16745,33116
32772,16671,33236
32760,16730,33375
32756,16681,33397
32660,16796,33498
32584,16717,33409
32476,16703,33343
32436,16725,33458
32470,16706,33192
32416,16709,33311
32492,16678,33194
32577,16775,33445
32684,16687,33358
32764,16781,33463
32752,16697,33524
32676,16700,33257
32668,16740,33378
32676,16732,33210
32740,16704,33583
32793,16820,33509
32920,16687,33604
33012,16665,33457
32957,16724,33596
32905,16681,33246
32936,16766,33471
32932,16720,33449
32952,16817,33509
32920,16721,33543
32892,16709,33507
32932,16770,33634
32996,16702,33511
33088,16666,33621
33096,16721,33521
33108,16682,33625
33049,16758,33529
33004,16722,33605
32876,16820,33527
32812,16734,33500
32821,16811,33328
32892,16714,33551
32921,16804,33481
32982,16688,33439
33000,16807,33533
32980,16695,33620
32944,16783,33692
32904,16714,33634
32805,16713,33572
32756,16740,33636
32732,16716,33599
32756,16791,33593
32860,16702,33639
32984,16781,33709
33000,16716,33665
32980,16679,33748
32964,16740,33856
32848,16702,33513
32757,16743,33671
32736,16708,33700
32729,16724,33823
32752,16709,33923
32820,16707,33820
32876,16673,33764
32988,16689,33757
32956,16709,33871
32942,16703,33988
32856,16814,33792
32680,16720,33899
32532,16766,33764
32420,16709,33989
32288,16726,33926
32100,16743,33839
31947,16685,33917
31656,16757,34029
31140,16691,33669
30612,16742,33881
30260,16731,33887
30052,16728,33945
30188,16750,34020
30424,16719,33921
30756,16730,33695
31388,16779,33972
32524,16707,33846
33716,16829,33893
35388,16703,33935
37673,16694,33884
40124,16833,33928
42420,16752,33971
44464,16705,33981
45656,16787,34048
45596,16736,34034
44740,16797,33924
43812,16695,34127
42404,16765,33788
40372,16714,33969
38736,16814,34077
37824,16748,34120
37144,16858,34160
36517,16755,34071
35896,16839,34183
35268,16734,34247
34708,16700,34110
34188,16709,34255
33660,16698,34285
33135,16791,34387
32516,16721,34425
31884,16732,34188
31296,16747,34500
30996,16801,34618
30864,16746,34468
30716,16807,34576
30600,16717,34694
30554,16688,34601
30554,16708,34751
30574,16705,34876
30536,16732,34823
30384,16726,34732
30193,16757,34948
30152,16728,34949
30153,16781,35044
30078,16729,34961
30133,16734,35109
30208,16696,35254
30248,16713,35144
30276,16785,35103
30384,16711,35063
30340,16803,35359
30250,16748,35510
30228,16822,35431
30236,16741,35591
30268,16789,35727
30400,16715,35524
30484,16799,35719
30464,16708,35868
30432,16700,36023
30448,16773,36230
30432,16737,35989
30360,16724,36153
30417,16803,36356
30456,16742,36472
30544,16830,36652
30720,16716,36614
30902,16791,36721
30996,16711,36899
31076,16711,36887
31128,16813,36980
31084,16737,36920
30932,16726,37079
30836,16765,37231
30733,16739,37252
30688,16722,37305
30766,16772,37195
30916,16699,37319
30980,16681,37438
31004,16759,37540
30880,16715,37707
30652,16718,37446
30437,16836,37737
30340,16757,37708
30413,16741,37812
30548,16726,37828
30796,16701,37885
31093,16746,37908
31236,16700,37979
31244,16693,38134
31148,16723,37780
30980,16714,38113
30932,16755,38316
30817,16727,38197
30748,16751,38316
30777,16714,38313
30937,16736,38348
31060,16684,38414
31137,16699,38392
31036,16689,38559
30968,16711,38164
30720,16718,38404
30453,16801,38553
30356,16734,38588
30332,16811,38745
30401,16725,38260
30530,16696,38503
30680,16695,38677
30776,16685,38677
30876,16701,38637
30968,16686,38633
30928,16725,38692
30832,16827,38615
30772,16738,38692
30700,16823,38647
30692,16725,38708
30649,16687,38630
30684,16729,38714
30768,16686,38549
30842,16717,38407
30742,16692,38445
30660,16721,38479
30702,16725,38497
30692,16777,38356
30768,16731,38316
30911,16798,38196
31020,16693,38248
31057,16706,38060
31084,16669,38093
31148,16689,38068
31161,16770,37989
31168,16729,38080
31164,16819,37767
31308,16733,37841
31452,16781,37881
31504,16718,37631
31616,16735,37636
31768,16670,37694
31932,16705,37444
31984,16669,37428
32040,16697,37461
32052,16814,37246
31928,16726,37236
31896,16828,37287
32076,16727,36788
32196,16702,36959
32340,16709,36932
32532,16687,36860
32740,16776,36910
32960,16693,36453
33073,16809,36569
33144,16720,36625
33169,16814,36556
33212,16722,36372
33324,16784,36534
33341,16704,36167
33208,16698,36314
33164,16671,36143
33216,16677,36245
33324,16663,36119
33364,16725,36116
33292,16714,35986
33236,16702,35995
33252,16733,35837
33304,16705,35886
33408,16748,35423
33556,16667,35567
33684,16685,35628
33736,16652,35487
33712,16701,35399
33641,16665,35286
33495,16700,35304
33445,16784,35204
33492,16701,35281
33470,16707,34997
33488,16689,35023
33596,16685,34993
33692,16663,34789
33688,16671,34799
33620,16659,34860
33600,16679,34597
33556,16804,34615
33504,16716,34468
33464,16799,34541
33513,16711,34426
33552,16718,34295
33628,16657,34341
33724,16676,34156
33717,16663,34012
33596,16671,34103
33550,16785,33893
33496,16698,34052
33396,16735,33817
33364,16689,33839
33360,16705,33679
33400,16815,33731
33493,16678,33375
33580,16741,33492
33644,16668,33463
33692,16780,33196
33660,16699,33260
33582,16669,33408
33556,16707,33193
33512,16688,33197
33552,16735,33180
33584,16688,32964
33684,16741,33003
33748,16662,33063
33821,16692,32673
33868,16641,32777
33836,16673,32804
33724,16679,32716
33632,16707,32517
33636,16760,32639
33664,16681,32280
33760,16701,32372
33877,16646,32485
33976,16663,32277
33980,16676,32292
33913,16657,32237
33832,16773,32084
33784,16690,32126
33744,16782,32046
33704,16692,31934
33740,16668,31991
33852,16687,31965
33928,16647,31773
33952,16652,31830
33952,16639,31799
33860,16653,31647
33821,16657,31716
33800,16679,31579
33694,16671,31538
33628,16775,31596
33648,16695,31666
33672,16669,31394
33676,16669,31509
33796,16623,31447
33824,16648,31476
33765,16764,31328
33784,16668,31416
33696,16762,31375
33636,16694,31276
33592,16678,31343
33596,16700,31401
33592,16671,31189
33680,16759,31285
33772,16645,31360
33796,16631,31058
33790,16712,31103
33718,16660,31171
33632,16661,31182
33536,16677,31057
33492,16776,31201
33492,16684,31140
33484,16775,31004
33521,16668,30985
33604,16643,31064
33616,16768,31094
33628,16649,31039
33612,16644,31097
33477,16676,30786
33404,16685,30996
33360,16686,30743
33366,16678,30933
33422,16752,30932
33484,16655,30860
33593,16717,30895
33629,16638,30932
33664,16733,30668
33670,16653,30727
33584,16652,30675
33472,16688,30791
33398,16653,30772
33408,16685,30621
33408,16659,30693
33472,16730,30592
33552,16629,30599
33480,16615,30668
33400,16704,30652
33316,16653,30697
33262,16658,30620
33172,16677,30504
33098,16665,30504
33080,16742,30593
33088,16661,30522
33164,16745,30441
33230,16634,30532
33320,16614,30604
33336,16661,30372
33332,16651,30444
33292,16757,30572
33208,16671,30487
33200,16651,30397
33253,16671,30551
33272,16647,30465
33272,16707,30388
33366,16629,30561
33384,16683,30343
33376,16639,30440
33416,16752,30521
33316,16678,30445
33188,16677,30508
33140,16646,30222
33094,16743,30332
33080,16653,30290
33168,16627,30365
33320,16725,30196
33396,16648,30390
33380,16633,30173
33333,16623,30345
33232,16711,30224
33156,16655,30367
33108,16679,30441
33092,16652,30140
33084,16740,30250
33191,16624,30189
33309,16603,30276
33366,16629,30402
33344,16615,30197
33313,16703,30181
33168,16660,30225
33060,16741,30261
33032,16663,30157
33060,16765,30154
33104,16669,30215
33172,16629,30292
33230,16712,30020
33280,16614,30048
33256,16697,30207
33252,16636,30295
33156,16751,30076
33064,16659,29989
33022,16706,30184
33012,16639,30056
33056,16663,30202
33112,16610,29965
33124,16661,30141
33144,16612,30215
33108,16691,30020
33060,16627,30133
32932,16709,30053
32832,16663,30160
32820,16669,30064
32824,16651,30100
32856,16747,30050
32948,16620,30102
32980,16592,29892
32957,16612,30051
32901,16597,30140
32856,16637,29881
32752,16630,30024
32672,16677,30108
32680,16638,29895
32740,16705,30072
32804,16618,29956
32956,16647,30164
33068,16585,30011
33120,16607,29858
33148,16601,30062
33188,16615,29974
33136,16629,30070
33000,16677,29933
32952,16628,30038
32909,16632,30021
32940,16730,30135
33102,16669,30015
33188,16599,29924
33236,16589,30002
33184,16639,29832
33122,16595,29999
33080,16631,30004
32992,16733,29881
32964,16628,30069
33016,16637,30087
33168,16613,29917
33254,16622,29770
33285,16577,29984
33268,16610,29941
33148,16687,29984
33072,16611,29882
32968,16674,29782
32868,16615,29951
32828,16638,29887
32812,16609,29999
32840,16624,29959
32917,16580,29750
33005,16625,29900
33064,16568,29959
33072,16607,29793
33064,16594,29811
32972,16619,29880
32864,16740,29991
32829,16622,29861
32840,16658,29703
32852,16604,29915
32896,16592,29909
33004,16677,29797
33016,16594,30005
32924,16665,29831
32869,16588,29780
32796,16627,29738
32684,16731,29774
32681,16617,29709
32716,16617,29711
32724,16596,29925
32793,16603,29918
32896,16688,29993
32840,16590,29925
32680,16679,29777
32544,16606,29932
32286,16683,29855
32016,16606,29911
31720,16644,29953
31376,16605,29785
30852,16612,29942
30412,16621,29941
30136,16583,29885
30024,16577,29959
30060,16583,29831
30241,16580,29953
30584,16631,29853
31072,16613,29892
31852,16654,29800
33036,16613,29959
34629,16691,29912
36884,16589,30015
39304,16641,29836
41656,16551,29959
43696,16625,29854
44668,16569,30049
44024,16651,29845
42953,16578,29957
41724,16703,29860
40156,16635,29865
38108,16724,29967
36684,16603,29945
35817,16621,29860
35492,16580,30050
35692,16675,29896
35648,16603,30007
35056,16720,29889
34529,16627,30100
33974,16676,29897
33508,16601,30020
33172,16675,29925
32862,16582,30119
32536,16662,29857
32156,16570,30029
31744,16572,30117
31464,16605,29840
31126,16596,30017
30840,16638,30112
30700,16603,29975
30560,16608,29895
30469,16676,29996
30512,16566,29934
30540,16590,29875
30564,16568,29944
30576,16628,29959
30574,16581,29777
30464,16673,29885
30444,16613,29943
30448,16703,29710
30504,16597,29799
30509,16582,29798
30652,16642,29793
30804,16570,29648
30832,16644,29840
30820,16568,29605
30789,16672,29720
30700,16603,29703
30628,16594,29557
30604,16653,29604
30656,16599,29713
30708,16661,29537
30800,16574,29592
30873,16649,29765
30932,16564,29620
30904,16644,29503
30868,16573,29584
30776,16588,29562
30720,16672,29677
30746,16592,29647
30776,16575,29598
30808,16647,29697
30882,16563,29736
30976,16547,29543
31000,16592,29671
30942,16559,29691
30925,16655,29473
30869,16585,29600
30792,16584,29620
30789,16612,29623
30752,16582,29649
30804,16636,29471
30818,16559,29452
30929,16619,29445
31008,16550,29548
30957,16644,29637
30928,16564,29534
30864,16574,29615
30832,16669,29543
30780,16593,29592
30784,16574,29372
30894,16575,29557
31004,16540,29586
30997,16593,29383
31020,16551,29492
31060,16644,29573
31012,16558,29588
30922,16570,29498
30868,16584,29539
30869,16568,29431
30904,16587,29615
31012,16565,29690
31112,16655,29669
31180,16607,29668
31232,16548,29703
31260,16545,29808
31266,16633,29525
31179,16580,29669
31085,16581,29582
31064,16564,29647
31056,16654,29660
31060,16570,29767
31104,16553,29844
31200,16617,29621
31188,16540,29804
31236,16531,29739
31265,16552,29876
31240,16557,29690
31144,16584,29829
31120,16561,29776
31180,16620,29889
31213,16562,29647
31272,16524,29732
31405,16570,29844
31508,16537,29799
31544,16623,29788
31600,16543,29863
31604,16556,29604
31548,16591,29727
31578,16571,29687
31605,16665,29804
31616,16564,29879
31756,16523,29669
31921,16567,29592
31968,16541,29729
32012,16524,29863
32068,16543,29652
32017,16551,29645
31998,16663,29632
32092,16574,29793
32168,16665,29682
32268,16575,29749
32428,16533,29839
32628,16505,29535
32725,16629,29657
32760,16541,29603
32824,16523,29740
32844,16601,29669
32840,16551,29685
32860,16581,29769
32884,16560,29701
32984,16541,29596
33202,16538,29799
33388,16501,29557
33472,16607,29691
33517,16525,29728
33495,16533,29517
33457,16538,29575
33460,16599,29615
33452,16555,29695
33476,16647,29773
33541,16602,29687
33652,16534,29696
33732,16598,29612
33764,16521,29684
33672,16506,29573
33620,16577,29551
33536,16565,29570
33448,16559,29471
33448,16561,29700
33492,16545,29504
33524,16531,29573
33620,16525,29732
33616,16511,29486
33632,16500,29620
33648,16568,29721
33649,16523,29682
33572,16525,29613
33420,16575,29791
33360,16553,29500
33344,16522,29607
33400,16628,29592
33512,16519,29736
33551,16633,29676
33556,16503,29695
33532,16579,29559
33526,16521,29680
33410,16527,29781
33325,16553,29609
33272,16527,29792
33256,16575,29800
33252,16535,29654
33333,16623,29740
33349,16518,29727
33376,16511,29870
33364,16489,29936
33313,16540,29745
33226,16537,29868
33124,16641,29933
33148,16541,29700
33189,16518,29845
33188,16547,29832
33240,16503,29751
33360,16591,29805
33369,16508,29694
33344,16496,29680
33304,16508,29781
33260,16524,29734
33208,16593,29572
33245,16524,29733
33276,16548,29766
33260,16510,29669
33317,16599,29758
33393,16496,29735
33396,16488,29601
33406,16487,29700
33400,16580,29780
33253,16534,29572
33208,16651,29732
33204,16543,29735
33220,16615,29774
33256,16516,29628
33300,16532,29749
33372,16485,29645
33428,16529,29852
33440,16484,29649
33380,16533,29789
33304,16514,29671
33268,16577,29808
33216,16527,29686
33220,16599,29827
33264,16521,29764
33324,16487,29780
33392,16526,29863
33396,16500,29852
33396,16612,29746
33388,16500,29677
33264,16503,29881
33156,16559,29924
33128,16523,29783
33184,16525,29909
33224,16590,29988
33328,16508,29908
33400,16484,29831
33380,16596,29995
33332,16493,29750
33280,16489,29940
33176,16527,30052
33098,16505,29855
33072,16553,29973
33068,16535,30013
33092,16500,29790
33159,16580,29920
33230,16487,30108
33260,16474,29890
33232,16518,30021
33188,16507,30087
33098,16615,29910
33032,16521,30047
32996,16507,30093
33016,16579,29935
33062,16501,29965
33156,16519,30049
33190,16465,30004
33204,16567,29973
33168,16493,30093
33191,16493,30017
33088,16511,30183
33008,16612,30020
32982,16524,30120
32988,16579,30032
33012,16501,30194
33150,16541,29954
33260,16471,30132
33296,16500,30278
33284,16471,29991
33280,16529,30185
33192,16494,30255
33128,16521,30103
33092,16509,30221
33124,16521,30215
33209,16621,30140
33296,16490,30273
33360,16457,30364
33368,16492,30167
33348,16465,30297
33344,16493,30365
33270,16493,30197
33176,16524,30300
33104,16501,30353
33100,16537,30158
33160,16484,30375
33276,16479,30354
33320,16456,30264
33364,16476,30399
33364,16454,30389
33364,16513,30300
33292,16490,30426
33144,16610,30516
33149,16503,30237
33188,16489,30336
33221,16536,30524
33260,16463,30343
33308,16484,30452
33360,16463,30516
33332,16537,30244
33240,16486,30372
33124,16614,30397
33046,16515,30484
33076,16499,30572
33133,16604,30314
33140,16519,30476
33172,16476,30369
33240,16541,30477
33272,16477,30546
33248,16459,30488
33218,16571,30509
33124,16523,30271
33037,16515,30541
32948,16604,30366
32972,16503,30497
33016,16588,30389
33088,16465,30591
33188,16502,30399
33216,16448,30505
33180,16492,30454
33113,16466,30616
33048,16512,30364
32984,16485,30529
32932,16500,30406
33008,16576,30553
33032,16471,30598
33068,16463,30496
33121,16475,30402
33076,16448,30528
33056,16478,30425
33068,16601,30620
32972,16493,30425
32864,16580,30343
32830,16508,30499
32788,16485,30567
32816,16482,30340
32901,16570,30428
33028,16465,30431
33080,16448,30550
33096,16464,30585
33065,16576,30444
32985,16489,30436
32862,16486,30423
32823,16496,30540
32792,16493,30543
32828,16581,30568
32897,16465,30596
32940,16519,30437
32976,16454,30559
33000,16555,30610
32936,16479,30392
32841,16575,30452
32820,16480,30529
32788,16546,30586
32777,16477,30565
32772,16475,30652
32784,16519,30511
32860,16444,30497
32920,16455,30610
32868,16437,30580
32854,16487,30495
32783,16476,30621
32692,16497,30648
32640,16469,30513
32648,16514,30608
32676,16465,30700
32832,16501,30463
32912,16451,30572
32924,16521,30688
32885,16455,30647
32844,16557,30560
32724,16487,30618
32644,16540,30454
32636,16482,30645
32632,16497,30769
32626,16454,30549
32705,16464,30705
32772,16427,30684
32748,16448,30677
32764,16441,30485
32704,16465,30668
32576,16570,30826
32388,16492,30556
32256,16473,30632
32324,16493,30650
32384,16473,30738
32470,16540,30835
32560,16448,30535
32588,16539,30671
32561,16452,30644
32558,16545,30748
32452,16487,30735
32428,16591,30763
32500,16482,30838
32588,16465,30604
32628,16524,30743
32712,16451,30676
32800,16529,30759
32850,16448,30854
32880,16444,30895
32884,16558,30671
32849,16505,30748
32717,16487,30829
32668,16463,30599
32740,16506,30674
32732,16463,30885
32800,16541,30800
32876,16433,30702
32916,16422,30847
32941,16437,30599
32924,16440,30697
32772,16544,30753
32672,16471,30831
32645,16583,30908
32644,16471,30632
32656,16434,30817
32712,16503,30877
32752,16438,30632
32808,16493,30852
32824,16426,30881
32800,16553,30687
32770,16469,30847
32700,16465,30892
32705,16533,30662
32632,16466,30870
32676,16561,30936
32772,16443,30774
32785,16474,30693
32824,16409,30904
32784,16453,30783
32716,16432,30975
32612,16462,30793
32584,16548,30697
32622,16463,30912
32636,16492,30854
32638,16434,30980
32684,16429,30873
32792,16415,30704
32885,16433,30941
32852,16497,30821
32784,16421,31033
32636,16452,30936
32480,16516,30743
32312,16459,30956
32176,16460,30934
32092,16489,30919
31937,16541,31005
31744,16427,30820
31362,16504,30971
30756,16425,30942
30216,16504,31063
29828,16454,30855
29701,16541,30961
29784,16456,30949
29976,16483,31029
30276,16441,30864
31080,16445,30956
32373,16541,30995
33740,16433,30957
35648,16452,30860
38108,16429,31002
40733,16519,30812
43172,16412,31001
45328,16473,30970
46460,16588,30930
46224,16429,31087
45164,16495,30869
44028,16447,30963
42436,16570,31031
40288,16432,31004
38704,16406,30909
37952,16498,31003
37425,16452,31028
36856,16469,30932
36196,16429,30935
35528,16453,31071
34872,16418,31008
34256,16415,30972
33644,16398,31098
33004,16421,31054
32412,16429,31197
31764,16463,30908
31196,16446,31020
30776,16532,30980
30551,16453,31060
30342,16429,31068
30245,16461,31088
30268,16421,31007
30256,16485,30956
30164,16417,31058
30133,16512,31111
30068,16447,30802
30024,16441,30905
30017,16495,30969
30104,16437,30749
30110,16492,30845
30208,16421,30831
30265,16377,30946
30280,16405,31035
30304,16403,30732
30328,16444,30828
30292,16443,30863
30260,16532,30893
30260,16450,30900
30292,16442,30892
30298,16422,30950
30400,16445,30868
30516,16409,30806
30528,16492,30759
30528,16405,30838
30536,16511,30940
30540,16441,30897
30404,16445,30906
30380,16519,30902
30457,16443,30980
30528,16513,30900
30616,16401,31015
30685,16383,30740
30696,16407,30887
30680,16397,30896
30684,16411,30763
30590,16436,30821
30517,16535,30948
30533,16444,30727
30556,16485,30884
30568,16420,30756
30636,16461,30809
30688,16384,30867
30665,16427,30753
30692,16391,30724
30700,16451,30832
30592,16421,30916
30500,16429,30829
30500,16492,30716
30520,16421,30828
30504,16420,30833
30640,16385,30844
30772,16393,30768
30756,16501,30655
30800,16395,30823
30748,16396,30904
30690,16455,30906
30676,16438,31015
30637,16514,30727
30632,16431,30920
30676,16511,30903
30732,16407,31007
30772,16377,30898
30816,16434,31013
30812,16388,31060
30776,16479,30978
30668,16431,31125
30624,16417,31141
30632,16426,31135
30680,16411,31100
30696,16419,31213
30748,16469,31228
30844,16384,31004
30852,16366,31324
30864,16421,31133
30864,16389,31281
30772,16428,31383
30668,16416,31103
30652,16421,31239
30664,16407,31184
30724,16420,31318
30840,16372,31288
30972,16391,31327
30960,16372,31261
30940,16418,31407
30916,16393,31215
30844,16508,31284
30800,16423,31230
30860,16414,31300
30932,16418,31445
30996,16378,31319
31140,16385,31297
31252,16433,31424
31304,16357,31213
31328,16391,31314
31352,16479,31180
31346,16392,31407
31324,16415,31109
31330,16500,31300
31392,16402,31345
31548,16410,31199
31704,16370,31300
31836,16367,31343
31940,16455,31219
32020,16365,31057
32113,16401,31249
32140,16399,31388
32168,16433,31056
32204,16395,31255
32316,16399,31336
32429,16498,31191
32604,16378,31297
32752,16381,31246
32894,16479,31401
33004,16367,31184
33096,16396,31315
33174,16385,31359
33145,16412,31252
33236,16500,31306
33318,16407,31221
33356,16484,31239
33492,16373,31341
33656,16391,31343
33704,16476,31292
33708,16373,31270
33697,16477,31401
33717,16393,31292
33693,16420,31430
33679,16391,31182
33632,16404,31429
33648,16423,31397
33756,16356,31551
33756,16377,31480
33812,16334,31516
33824,16425,31391
33808,16381,31525
33736,16470,31411
33672,16405,31518
33618,16459,31565
33620,16396,31631
33644,16501,31488
33692,16373,31608
33664,16453,31741
33592,16352,31583
33544,16431,31662
33460,16375,31751
33356,16467,31547
33372,16388,31665
33397,16386,31937
33416,16468,31760
33464,16364,31898
33568,16356,31964
33696,16406,32013
33620,16337,32049
33501,16367,31860
33397,16356,32124
33208,16391,32032
33085,16465,32244
33104,16377,32007
33088,16445,32183
33086,16360,32366
33162,16381,32152
33260,16347,32429
33270,16381,32508
33316,16356,32357
33440,16450,32548
33404,16381,32415
33352,16371,32617
33320,16391,32804
33304,16376,32665
33221,16377,32837
33188,16329,32748
33224,16357,32981
33316,16337,32758
33376,16371,33044
33416,16345,33237
33316,16388,32954
33188,16398,33274
33134,16389,33199
33132,16465,33484
33328,16367,33389
33548,16348,33311
33612,16407,33623
33672,16328,33671
33736,16344,33718
33672,16424,33905
33476,16372,33661
33276,16418,33957
33164,16363,34175
33126,16372,34073
33104,16456,34241
33240,16350,34357
33477,16414,34320
33544,16335,34480
33568,16423,34417
33632,16365,34620
33580,16457,34447
33512,16375,34796
33468,16391,34925
33456,16356,34895
33424,16365,35061
33400,16332,35065
33408,16336,35263
33462,16409,35220
33444,16333,35393
33373,16368,35511
33360,16356,35476
33328,16435,35660
33272,16372,35696
33316,16421,35872
33332,16362,35801
33476,16373,35943
33632,16317,35903
33665,16336,36121
33676,16447,36151
33628,16354,36204
33420,16460,36392
33196,16379,36288
33012,16440,36418
32833,16353,36463
32844,16355,36561
33056,16439,36615
33289,16333,36677
33372,16420,36667
33421,16332,36879
33348,16357,36844
33240,16355,36900
33240,16397,36804
33296,16342,37068
33344,16357,36973
33422,16474,37097
33482,16334,36983
33500,16404,37231
33508,16332,37202
33369,16417,37163
33205,16333,37341
33116,16373,37481
33121,16354,37332
33200,16364,37416
33280,16458,37432
33260,16339,37473
33308,16324,37644
33272,16388,37524
33236,16314,37300
33093,16333,37668
32917,16421,37625
32772,16347,37831
32737,16406,37407
32760,16340,37749
32848,16357,37672
32900,16474,37968
33008,16327,37870
33082,16404,37877
33060,16328,37764
33017,16455,37871
33016,16343,37948
32960,16348,37925
32854,16391,37988
32860,16351,37956
32940,16372,37959
32996,16323,38121
32925,16359,37814
33016,16300,38004
33152,16322,37868
33221,16303,38064
33184,16358,37653
32965,16332,37971
32888,16352,37947
32840,16452,38072
32816,16349,37996
32796,16361,37639
32853,16294,37932
32932,16321,38083
32928,16305,37877
32992,16315,37940
32964,16404,37895
32852,16337,37940
32784,16379,37836
32808,16324,37863
32780,16351,37832
32808,16463,37757
32952,16319,37953
33056,16350,37740
33088,16295,37807
33048,16372,37815
32936,16301,37783
32896,16343,37579
32864,16476,37725
32840,16349,37556
32842,16329,37652
32816,16336,37637
32844,16371,37588
32873,16308,37662
32832,16377,37590
32869,16322,37610
32856,16385,37451
32804,16326,37489
32813,16355,37420
32848,16327,37439
32824,16345,37455
32819,16398,37292
32992,16299,37053
32996,16287,37300
32980,16305,37284
32988,16329,37161
32992,16303,37249
32872,16338,37137
32736,16332,37127
32700,16343,37057
32704,16407,37165
32754,16309,37056
32852,16310,36725
32892,16276,36900
32948,16303,36876
32944,16396,36812
32864,16321,36764
32784,16356,36711
32760,16328,36717
32760,16342,36672
32796,16395,36377
32869,16313,36577
32974,16351,36397
33024,16279,36428
32972,16351,36413
33044,16284,36273
33001,16318,36388
32876,16433,35957
32800,16336,36172
32804,16335,36277
32832,16438,36039
32844,16324,36079
32932,16333,35889
33049,16273,35925
33149,16343,35927
33113,16284,35879
33029,16314,35745
32976,16436,35748
32880,16343,35699
32868,16402,35623
32852,16326,35590
32880,16422,35577
33004,16310,35288
33120,16315,35428
33144,16270,35445
33120,16293,35237
33089,16418,35284
32986,16331,35320
32908,16310,34919
32896,16332,35046
32964,16430,35159
33028,16319,34818
33088,16335,34959
33116,16297,34925
33050,16299,34896
32986,16403,34695
32908,16314,34738
32757,16379,34560
32720,16308,34647
32708,16365,34301
32814,16305,34491
32900,16305,34477
32986,16288,34388
33080,16297,34092
33160,16391,34259
33092,16282,34324
33052,16422,34080
33054,16323,34069
33040,16317,34050
33048,16367,33987
33060,16314,34001
33092,16288,33666
33228,16354,33660
33244,16287,33728
33248,16317,33451
33300,16292,33543
33260,16332,33624
33120,16309,33380
33009,16334,33415
33056,16303,33340
33052,16321,33196
33024,16411,33200
33104,16294,33113
33192,16342,33063
33204,16273,33113
33229,16286,32933
33176,16405,32826
33140,16326,32853
33058,16405,32764
33040,16317,32810
33008,16369,32588
33000,16311,32610
33108,16277,32585
33156,16298,32519
33096,16279,32348
33076,16324,32530
33056,16421,32389
32964,16303,32277
32900,16338,32055
32912,16305,32212
32920,16325,32127
32900,16399,32119
32992,16282,31888
33080,16345,32046
33100,16284,32116
33124,16317,31773
33100,16430,31937
32996,16316,31783
32900,16350,31932
32936,16307,31649
32944,16313,31775
32956,16309,31640
33028,16389,31716
33109,16271,31474
33104,16343,31631
33080,16267,31758
33053,16293,31527
32904,16425,31604
32704,16330,31473
32572,16365,31655
32472,16295,31455
32308,16294,31510
32129,16379,31412
31860,16278,31478
31424,16362,31342
30944,16288,31461
30550,16377,31367
30225,16322,31373
30100,16314,31366
30344,16333,31325
30760,16305,31439
31280,16341,31148
32052,16275,31304
33050,16284,31161
34316,16419,31314
36148,16294,31023
38401,16396,31223
40448,16313,31281
42480,16397,31080
43832,16303,31177
43560,16398,31022
42428,16325,31215
41360,16273,30980
39972,16300,31091
37860,16403,30935
36092,16297,31080
35092,16321,30920
34460,16316,30997
34672,16331,30983
35096,16419,31052
34920,16313,30936
34508,16313,30741
34208,16277,30895
33820,16277,30948
33492,16273,30897
33232,16312,30884
32941,16289,30767
32486,16378,30836
32117,16325,30936
31760,16353,30716
31486,16301,30830
31272,16342,30893
31181,16277,30625
31168,16321,30769
31088,16285,30831
31044,16357,30561
30999,16293,30678
30876,16391,30720
30766,16327,30439
30740,16409,30508
30764,16321,30460
30808,16391,30530
30856,16281,30596
30936,16275,30370
30972,16284,30452
30960,16273,30468
30973,16292,30309
30929,16400,30423
30908,16313,30511
30884,16304,30262
30900,16324,30343
30989,16309,30327
31060,16291,30364
31132,16275,30393
31170,16381,30211
31112,16284,30284
31084,16399,30402
30999,16310,30113
30940,16404,30262
30901,16320,30383
30940,16388,30271
30948,16301,30204
31092,16335,30268
31204,16261,30173
31212,16282,30271
31192,16369,30303
31144,16295,30108
31080,16420,30267
31020,16309,30148
31001,16344,30215
30988,16300,30263
30996,16304,30183
31093,16268,30245
31168,16263,30064
31207,16276,30215
31214,16263,30103
31160,16294,30248
31064,16391,29989
31048,16319,30144
31064,16344,30272
31097,16307,29981
31116,16373,30168
31196,16279,30151
31336,16292,29997
31312,16377,30202
31244,16270,30221
31238,16343,30107
31184,16300,30229
31172,16308,30172
31184,16385,30240
31190,16298,30279
31192,16335,30317
31302,16270,30118
31336,16320,30279
31376,16255,30400
31332,16268,30151
31320,16271,30240
31236,16327,30304
31165,16301,30391
31127,16307,30285
31092,16404,30470
31160,16300,30245
31220,16313,30445
31292,16252,30548
31304,16269,30286
31292,16347,30487
31216,16271,30607
31140,16313,30428
31072,16404,30547
31012,16310,30445
31001,16386,30452
31060,16289,30586
31184,16337,30572
31292,16273,30364
31332,16330,30583
31364,16265,30703
31360,16363,30381
31332,16294,30599
31324,16329,30700
31360,16293,30503
31404,16295,30606
31464,16388,30536
31576,16270,30470
31716,16309,30372
31808,16255,30574
31839,16271,30671
31884,16391,30365
31814,16296,30551
31802,16325,30662
31817,16421,30452
31866,16294,30557
31972,16338,30519
32160,16250,30423
32309,16263,30439
32432,16247,30393
32540,16263,30403
32592,16375,30417
32616,16306,30487
32580,16385,30450
32669,16297,30492
32729,16335,30580
32848,16266,30441
33064,16286,30340
33245,16251,30332
33308,16268,30455
33296,16359,30505
33352,16274,30445
33332,16322,30495
33308,16279,30316
33376,16319,30417
33396,16285,30478
33508,16286,30297
33680,16287,30420
33764,16250,30468
33760,16269,30289
33776,16345,30390
33774,16279,30454
33641,16325,30214
33509,16271,30425
33524,16297,30500
33620,16404,30328
33672,16263,30461
33728,16268,30460
33764,16350,30594
33738,16260,30346
33716,16299,30524
33644,16265,30607
33520,16327,30384
33440,16285,30536
33452,16297,30544
33444,16382,30445
33484,16268,30557
33556,16279,30628
33628,16243,30693
33693,16253,30631
33648,16297,30845
33568,16261,30566
33476,16297,30749
33416,16369,30801
33336,16284,30681
33344,16293,30835
33388,16367,30969
33500,16249,30697
33588,16262,30905
33580,16237,30837
33545,16257,30973
33492,16310,30861
33412,16393,31062
33296,16301,31001
33240,16363,30908
33244,16295,30877
33249,16349,30927
33352,16250,30992
33501,16269,31063
33600,16357,30951
33518,16245,31113
33433,16274,30848
33300,16381,31075
33276,16282,30999
33228,16313,30973
33176,16267,31081
33236,16277,31140
33360,16350,30975
33416,16250,31079
33376,16255,31057
33304,16355,31164
33268,16255,30972
33216,16293,31076
33216,16376,30941
33200,16273,31083
33256,16337,31073
33324,16261,31126
33406,16261,31076
33464,16223,31119
33400,16247,30925
33408,16380,30983
33444,16260,31161
33373,16305,30868
33301,16271,31051
33309,16284,31109
33292,16269,31143
33324,16277,31237
33388,16309,31050
33436,16223,31176
33384,16254,31268
33392,16241,31084
33336,16267,31223
33204,16370,31234
33160,16284,31167
33136,16301,31279
33156,16383,31298
33232,16265,31193
33264,16271,31303
33412,16223,31359
33396,16245,31384
33404,16356,31289
33344,16258,31401
33224,16293,31331
33082,16375,31529
33044,16271,31327
33104,16315,31449
33152,16255,31517
33252,16249,31365
33264,16322,31486
33324,16242,31396
33345,16253,31525
33384,16290,31300
33292,16270,31424
33208,16290,31393
33104,16356,31495
33030,16268,31512
33040,16277,31354
33092,16227,31420
33216,16242,31423
33304,16233,31433
33344,16270,31397
33344,16240,31520
33224,16283,31624
33132,16416,31305
33108,16282,31406
33088,16385,31495
33052,16265,31529
33108,16361,31409
33156,16247,31547
33152,16314,31293
33140,16244,31506
33168,16344,31540
33132,16281,31524
33009,16373,31404
33024,16281,31433
33042,16367,31539
33077,16257,31620
33185,16280,31592
33312,16223,31628
33240,16260,31512
33216,16235,31609
33145,16284,31762
32988,16261,31573
32852,16293,31684
32792,16261,31750
32912,16279,31639
32932,16356,31768
32992,16240,31901
33116,16299,31583
33132,16239,31772
33129,16312,31761
33068,16257,31895
32988,16344,31858
32932,16284,31729
32949,16343,31831
32924,16263,31952
32988,16263,31719
33008,16343,31908
33096,16230,31967
33150,16228,31982
33136,16234,32032
33109,16239,31762
32993,16283,31879
32820,16262,31892
32776,16324,31983
32844,16268,31940
32938,16263,32045
33008,16342,31911
33068,16242,32119
33005,16251,31928
32964,16223,32007
32888,16260,32082
32850,16373,32046
32780,16276,32108
32768,16343,31929
32832,16252,32048
32844,16261,32068
32828,16263,32016
32885,16221,31824
32950,16247,32022
32956,16213,31980
32944,16265,32059
32902,16259,32102
32801,16316,32092
32808,16269,32020
32840,16333,32009
32780,16249,32080
32884,16287,32039
32972,16232,32105
32989,16313,32133
32976,16223,32151
32960,16247,32092
32865,16375,32060
32868,16275,32182
32788,16321,32105
32781,16245,32077
32856,16249,32196
32957,16329,32270
33008,16212,32126
32996,16229,32013
32968,16223,32256
32952,16247,32189
32846,16341,32129
32804,16271,32222
32772,16356,32248
32736,16268,32373
32752,16340,32066
32844,16236,32364
32932,16249,32295
32924,16207,32348
32965,16237,32285
32996,16240,32196
32908,16269,32336
32848,16244,32468
32780,16320,32401
32776,16249,32391
32820,16242,32303
32892,16332,32431
32976,16228,32506
32996,16257,32208
32976,16206,32415
32932,16263,32456
32840,16245,32492
32792,16273,32557
32776,16291,32415
32744,16379,32517
32712,16241,32420
32821,16249,32620
32884,16209,32296
32920,16225,32564
33036,16292,32667
32984,16228,32373
32848,16303,32466
32784,16245,32628
32748,16275,32597
32700,16245,32741
32726,16277,32624
32860,16219,32766
32945,16322,32666
32950,16228,32764
32904,16212,32652
32828,16278,32629
32728,16255,32685
32668,16322,32676
32688,16248,32743
32677,16257,32739
32692,16225,32577
32840,16222,32719
32916,16339,32815
32876,16226,32542
32854,16277,32746
32837,16223,32840
32744,16255,32821
32677,16351,32948
32668,16239,32756
32644,16250,32852
32644,16221,32825
32688,16247,32884
32676,16204,32925
32700,16244,32711
32650,16210,32811
32613,16271,32941
32604,16247,32957
32532,16250,32932
32548,16241,33028
32532,16261,32729
32577,16324,32943
32636,16225,33031
32724,16322,32999
32807,16219,32892
32832,16263,33055
32884,16216,32954
32800,16256,33052
32780,16343,32982
32753,16261,33071
32756,16327,33072
32774,16237,33180
32884,16333,32903
33060,16213,33013
33061,16199,32824
33073,16239,33026
33060,16217,33031
32964,16255,33071
32884,16349,33237
32848,16261,32917
32828,16239,33006
32864,16235,33060
32960,16302,33140
33004,16217,33265
32989,16215,33216
33008,16298,33023
32976,16220,33204
32866,16247,33244
32788,16349,33135
32788,16247,33205
32768,16231,33284
32800,16244,33249
32868,16191,33252
32916,16245,33015
32900,16198,33174
32885,16270,33202
32865,16223,33308
32752,16261,33423
32684,16238,33240
32692,16260,33303
32728,16239,33345
32756,16245,33104
32826,16189,33341
32848,16203,33489
32864,16322,33304
32894,16211,33385
32848,16212,33511
32752,16252,33338
32688,16355,33367
32660,16252,33342
32616,16229,33447
32564,16241,33556
32685,16183,33207
32788,16220,33353
32792,16191,33384
32665,16254,33381
32504,16207,33540
32222,16247,33260
31900,16335,33440
31680,16251,33317
31364,16311,33425
30920,16217,33628
30508,16224,33343
30224,16195,33588
30084,16217,33471
30040,16305,33585
30088,16236,33612
30172,16309,33501
30560,16256,33600
31552,16322,33684
32764,16243,33636
34376,16331,33823
36652,16226,33633
39344,16326,33748
41950,16212,33616
44332,16310,33780
45992,16244,33792
46288,16394,33752
45432,16264,33944
44188,16341,33828
42892,16229,33637
40812,16266,33893
38888,16179,33973
37852,16230,33912
37232,16198,34023
36704,16223,33925
36180,16302,34220
35493,16231,34188
34797,16249,33927
34174,16359,34251
33636,16247,34396
33153,16319,34256
32684,16202,34388
32316,16237,34449
31824,16199,34385
31396,16215,34660
31048,16302,34653
30724,16252,34376
30416,16265,34724
30232,16236,34759
30170,16247,34851
30269,16285,34779
30476,16215,34887
30465,16293,34991
30364,16207,34951
30312,16289,34759
30240,16223,35097
30120,16255,35087
30028,16236,35265
30088,16245,35173
30124,16227,35324
30212,16229,35331
30284,16245,35404
30310,16187,35524
30208,16215,35277
30080,16198,35621
30012,16222,35764
29896,16333,35645
29860,16249,35761
30028,16230,35975
30281,16244,35700
30396,16202,36014
30420,16206,36286
30361,16197,36252
30381,16196,36103
30380,16246,36364
30297,16213,36572
30196,16284,36574
30152,16242,36549
30196,16260,36840
30218,16223,36647
30217,16223,36895
30316,16184,36807
30436,16196,36999
30528,16188,36743
30548,16199,36980
30529,16199,37221
30460,16250,36905
30508,16223,37245
30540,16230,37450
30568,16221,37115
30573,16220,37313
30688,16183,37447
30788,16195,37469
30832,16265,37364
30834,16206,37493
30821,16279,37549
30729,16220,37714
30668,16263,37277
30748,16225,37546
30836,16245,37777
30908,16201,37597
30972,16240,37684
30991,16185,37807
30985,16200,37648
30972,16300,37725
30956,16212,37589
30889,16324,37801
30872,16238,37735
30852,16217,37708
30864,16239,37895
30898,16200,37719
31008,16226,37767
31085,16180,37783
31112,16236,37685
31108,16185,37764
31026,16263,37772
30910,16232,37624
30896,16325,37668
30900,16234,37842
30956,16324,37376
31056,16217,37671
31096,16171,37694
31048,16196,37572
31032,16300,37284
31048,16195,37544
31024,16293,37596
30960,16220,37538
30912,16318,37220
30909,16219,37444
30920,16325,37442
30912,16199,37405
30952,16176,37228
31016,16177,37435
31144,16166,37180
31180,16205,37231
31102,16189,37287
31044,16236,37116
31061,16227,37103
31088,16267,36983
31122,16218,36911
31178,16195,36927
31300,16223,36983
31380,16171,36730
31432,16205,36791
31484,16169,36742
31480,16228,36607
31390,16220,36645
31364,16302,36430
31452,16227,36518
31556,16202,36445
31620,16243,36486
31784,16179,36364
31972,16244,36175
32057,16180,36329
32128,16302,35908
32184,16196,36073
32232,16206,36167
32366,16220,35740
32512,16203,35890
32612,16231,35959
32748,16196,35907
32918,16268,35945
33025,16166,35500
33138,16159,35628
33228,16215,35656
33260,16192,35685
33196,16292,35753
33208,16226,35618
33240,16201,35687
33312,16293,35541
33404,16196,35484
33540,16157,35449
33664,16207,35463
33708,16165,35412
33720,16192,35303
33709,16174,35330
33724,16219,35009
33728,16294,35200
33696,16193,35340
33720,16205,35112
33760,16268,35168
33828,16159,35102
33860,16202,35012
33823,16167,35005
33752,16297,34936
33671,16174,34981
33572,16311,35047
33513,16210,34624
33516,16329,34801
33452,16213,34884
33561,16295,34805
33644,16179,34769
33628,16215,34596
33601,16149,34640
33588,16187,34728
33549,16177,34484
33481,16203,34530
33412,16189,34592
33420,16197,34360
33420,16190,34401
33420,16184,34200
33460,16253,34248
33544,16157,34242
33508,16165,34212
33502,16271,34155
33399,16189,34095
33216,16305,34103
33212,16196,34055
33268,16183,33893
33284,16192,33957
33244,16167,33838
33312,16239,33725
33420,16163,33753
33428,16265,33806
33412,16179,33721
33384,16163,33773
33248,16207,33535
33184,16185,33577
33216,16230,33413
33268,16176,33597
33280,16174,33359
33324,16270,33425
33428,16160,33341
33504,16283,33191
33493,16167,33244
33460,16284,33247
33360,16203,33220
33256,16186,33316
33264,16189,32964
33304,16171,33020
33368,16188,33008
33462,16260,33055
33505,16159,32959
33508,16234,33088
33500,16157,32732
33408,16245,32806
33316,16188,32919
33316,16189,32893
33336,16195,32823
33276,16179,32743
33326,16176,32820
33433,16151,32868
33509,16194,32513
33534,16141,32733
33440,16218,32785
33311,16167,32450
33216,16252,32564
33224,16193,32696
33216,16316,32639
33256,16189,32718
33312,16151,32356
33413,16165,32489
33404,16135,32484
33424,16169,32556
33420,16132,32452
33376,16173,32599
33248,16178,32495
33256,16261,32357
33328,16188,32431
33364,16208,32454
33380,16164,32509
33460,16238,32348
33568,16145,32413
33509,16139,32445
33462,16211,32405
33364,16178,32487
33264,16293,32148
33216,16189,32228
33237,16165,32277
33252,16205,32348
33324,16153,32448
33376,16193,32123
33364,16134,32189
33328,16195,32285
33342,16140,32103
33332,16248,32191
33268,16190,32206
33149,16175,32282
33080,16215,32375
33080,16175,32263
33100,16145,32294
33180,16154,32234
33344,16121,32149
33432,16189,32218
33430,16139,32229
33332,16172,32165
33244,16158,32281
33148,16201,31950
33080,16179,32144
33076,16170,32231
33158,16180,32167
33253,16126,32165
33284,16171,32065
33309,16133,32135
33276,16194,31996
33240,16143,32151
33152,16184,32222
33096,16250,32132
33034,16157,31996
33046,16171,31863
33116,16245,32094
33236,16135,32004
33308,16162,32164
33320,16263,32110
33274,16139,31815
33188,16222,32018
33116,16160,32073
33052,16190,31951
33052,16177,32022
33088,16279,32134
33153,16162,31919
33224,16178,32005
33232,16114,31999
33208,16135,31972
33156,16142,31944
33108,16234,32087
32980,16160,31952
32932,16188,31751
32936,16154,32007
32920,16173,31973
32968,16174,31862
33100,16111,32085
33204,16125,32007
33160,16138,31884
33125,16156,31827
33084,16228,31759
33024,16144,31981
33016,16172,31860
33052,16193,32072
33064,16263,32036
33088,16132,31864
33124,16140,31966
33156,16165,31940
33124,16137,32013
33117,16119,31771
33100,16149,31959
33012,16254,31831
32948,16155,31980
32924,16159,31856
32908,16248,31693
32916,16128,31924
33008,16117,31801
33120,16194,31996
33120,16123,31852
33092,16116,31806
33060,16149,31732
32992,16191,31913
32949,16267,31805
32888,16150,31945
32888,16150,31780
32960,16226,31905
33014,16105,31904
33057,16119,31847
33056,16128,32000
33029,16135,32004
32996,16199,32005
32892,16149,31915
32804,16164,31687
32788,16199,31892
32832,16143,31860
32860,16140,31913
32932,16171,31935
32988,16100,31764
33076,16113,31887
33070,16211,31916
33004,16119,31830
32913,16159,31889
32868,16192,32031
32872,16145,31828
32892,16152,31692
32952,16130,31803
33048,16188,31932
33128,16220,31903
33124,16116,31916
33072,16109,32035
33020,16180,31960
32845,16281,31805
32748,16149,31692
32776,16239,31877
32877,16145,32022
32902,16162,31823
32984,16093,31922
33040,16119,31908
33021,16183,31806
32976,16097,32020
32900,16129,31877
32812,16284,31919
32752,16156,31909
32748,16231,31896
32736,16131,31687
32772,16127,31917
32825,16135,31892
32876,16183,31884
32900,16083,32030
32904,16111,32007
32902,16132,31821
32801,16251,31721
32704,16144,31846
32676,16148,32025
32761,16247,31836
32824,16112,31693
32908,16101,31919
32964,16201,31908
33012,16112,31993
33046,16136,31940
33072,16225,31748
32992,16135,31937
32972,16145,31892
32948,16196,31905
32957,16124,31983
33002,16128,31789
33101,16209,31953
33204,16089,31812
33240,16098,32057
33244,16217,31845
33192,16111,31806
33080,16146,31958
33020,16164,31975
33044,16239,31932
33064,16144,32070
33140,16197,31879
33248,16091,31873
33280,16098,31807
33276,16103,31973
33284,16228,31937
33236,16120,32073
33133,16126,31743
33080,16135,31981
33040,16132,31965
33044,16207,31847
33017,16100,32037
33045,16101,32023
33156,16146,31894
33204,16096,31993
33148,16167,31951
33076,16118,31908
33016,16162,31740
32940,16226,31745
32884,16113,31971
32894,16124,31988
32910,16109,31958
32996,16130,31896
33036,16220,31847
33064,16095,32055
33088,16117,31877
32996,16219,31746
32816,16122,31996
32764,16135,31968
32805,16205,31887
32814,16111,32086
32900,16106,31981
32980,16105,31800
32976,16078,31965
32864,16199,32111
32724,16091,31909
32577,16121,31996
32288,16109,31975
31964,16152,32091
31672,16111,31784
31236,16147,31900
30732,16094,32093
30304,16098,32046
30116,16087,31962
30080,16182,32054
30220,16092,32041
30360,16101,32028
30598,16134,32186
31220,16150,32148
32308,16116,31943
33624,16133,32084
35552,16176,32036
38044,16247,32038
40692,16081,32188
43184,16117,32018
45204,16215,31946
46064,16081,32135
45598,16196,32245
44465,16129,32036
43248,16186,32132
41612,16128,32257
39556,16185,32092
38132,16079,32175
37469,16171,32263
37176,16091,32080
36760,16163,32200
36128,16096,32108
35376,16143,32151
34612,16102,32223
33928,16127,32348
33373,16117,32098
32908,16111,32247
32468,16135,32134
32048,16073,32189
31532,16107,32287
31160,16197,32210
30872,16120,32321
30609,16202,32300
30396,16119,32325
30270,16129,32191
30220,16223,32277
30184,16108,32380
30240,16162,32157
30308,16077,32258
30273,16080,32157
30248,16113,32337
30224,16188,32236
30146,16126,32229
30097,16181,32247
30156,16116,32076
30220,16172,32101
30252,16101,32106
30337,16164,32212
30437,16067,32071
30476,16100,32087
30501,16076,32151
30548,16176,32148
30492,16124,32188
30388,16200,32284
30336,16115,32184
30336,16095,32167
30368,16090,32167
30480,16066,32241
30732,16071,32038
30788,16067,32160
30764,16077,32257
30716,16191,31951
30596,16101,32194
30544,16133,32287
30596,16097,32054
30532,16130,32154
30560,16085,32135
30756,16134,32201
30868,16070,32246
30852,16144,32099
30745,16067,32197
30657,16095,32068
30620,16174,32275
30624,16103,32063
30680,16139,32177
30580,16107,32263
30596,16130,32040
30692,16041,32205
30752,16071,32276
30800,16169,32120
30928,16075,32215
30964,16186,32337
30928,16100,32135
30816,16125,32258
30736,16093,32189
30700,16102,32372
30680,16140,32199
30760,16058,32341
30896,16079,32333
30968,16180,32405
30972,16073,32273
30980,16153,32442
30828,16096,32522
30740,16169,32245
30736,16089,32495
30828,16116,32618
30928,16071,32582
31000,16122,32661
31004,16068,32529
30956,16148,32700
30936,16058,32711
30984,16085,32791
30932,16182,32578
30908,16089,32846
30840,16095,32836
30824,16197,32841
30800,16083,33007
30876,16118,32731
30852,16045,32988
30872,16103,33023
30909,16055,32852
30841,16085,33116
30800,16199,33071
30732,16102,33079
30740,16131,33174
30748,16079,33170
30763,16077,33141
30893,16129,33159
30984,16036,32988
31081,16069,33271
31164,16062,33246
31204,16160,33158
31100,16083,33358
30988,16100,33248
31060,16181,33309
31116,16100,33213
31224,16116,33376
31440,16041,33253
31524,16057,33333
31516,16125,33312
31584,16037,33349
31658,16078,33145
31648,16108,33375
31684,16072,33481
31692,16100,33153
31708,16075,33394
31816,16060,33446
32068,16036,33156
32254,16154,33341
32368,16057,33311
32380,16159,33428
32436,16078,33378
32492,16191,33509
32552,16093,33198
32564,16077,33318
32800,16089,33463
32932,16141,33236
33056,16029,33481
33136,16045,33356
33172,16137,33580
33196,16049,33373
33316,16069,33527
33316,16156,33401
33304,16067,33645
33349,16087,33623
33448,16137,33428
33564,16047,33584
33724,16057,33469
33796,16044,33710
33808,16139,33543
33822,16040,33660
33796,16153,33786
33744,16088,33604
33644,16134,33724
33612,16055,33617
33569,16079,33764
33608,16043,33788
33792,16047,33685
33812,16015,33757
33821,16048,33852
33816,16101,33807
33776,16044,33989
33576,16085,33851
33472,16119,33700
33437,16054,33948
33472,16075,33824
33492,16169,34084
33532,16041,33897
33589,16132,34007
33654,16043,33922
33625,16125,34104
33512,16058,33921
33376,16162,34064
33336,16070,33944
33348,16074,34161
33328,16179,34183
33368,16060,34009
33441,16095,34164
33484,16015,34032
33512,16045,34306
33472,16133,34147
33364,16035,34029
33264,16081,33958
33200,16111,34263
33212,16048,34124
33164,16069,34236
33150,16052,34311
33300,16132,34013
33296,16027,34279
33268,16031,34273
33284,16140,34284
33254,16053,34281
33208,16068,34285
33196,16079,34279
33168,16167,34218
33174,16063,34334
33181,16069,34049
33280,16021,34277
33384,16029,34386
33428,16119,34268
33412,16020,34064
33300,16059,34301
33224,16180,34428
33180,16076,34093
33166,16134,34289
33188,16068,34436
33228,16149,34401
33328,16025,34527
33360,16021,34153
33436,16036,34405
33412,16048,34463
33296,16159,34495
33172,16068,34185
33176,16167,34380
33193,16065,34585
33292,16084,34377
33296,16020,34495
33372,16031,34505
33376,16092,34479
33428,16020,34540
33464,16105,34671
33472,16039,34292
33348,16081,34509
33236,16048,34701
33152,16051,34364
33204,16172,34536
33324,16044,34744
33440,16115,34505
33440,16017,34626
33496,16059,34781
33500,16007,34527
33403,16068,34652
33300,16038,34839
33317,16094,34451
33280,16035,34627
33233,16075,34743
33237,16020,34796
33353,16096,34797
33486,16010,34711
33500,16004,34831
33552,16022,34860
33573,16023,34676
33460,16049,34865
33408,16155,34981
33284,16052,34889
33184,16173,34956
33156,16039,34634
33320,15990,34836
33472,16010,35063
33472,16096,34879
33464,16008,34970
33384,16109,34836
33228,16050,35026
33184,16161,35010
33253,16046,34967
33240,16127,34936
33288,16036,35046
33344,16096,35165
33424,16006,34956
33391,16099,34964
33376,16021,34997
33240,16027,34957
33164,16048,35031
33104,16035,35061
33068,16131,35156
33148,16048,35144
33280,16091,35132
33356,16013,35085
33344,16113,35175
33312,16005,35261
33324,15998,35188
33217,16103,35231
33060,16037,34928
32975,16148,35223
33016,16046,35152
33039,16140,35262
33242,16016,35385
33304,15985,34983
33336,16027,35198
33320,16004,35279
33236,16095,35277
33180,16031,35158
33098,16068,35407
32997,16023,35212
32908,16059,35314
32961,16025,35264
33116,16057,35207
33249,15987,35308
33204,15998,35222
33188,15981,35313
33141,16031,35303
33064,16007,35225
32996,16032,35335
32985,16124,35150
32948,16027,35005
32916,16036,35264
32976,16108,35412
33145,16001,35233
33172,16074,35288
33160,16011,35344
33180,15989,35300
33124,16023,35401
32996,16028,35108
32864,16039,35221
32880,16131,35372
32820,16026,35042
32880,16001,35281
33017,16007,35143
33100,16052,35310
33060,15985,35236
33028,16004,35111
32936,16108,35335
32840,16029,34935
32776,16045,35113
32786,16144,35240
32852,16036,35207
32943,16055,35225
33072,15973,35148
33140,15991,34908
33108,15991,35124
33056,16075,35259
32996,16009,35046
32920,16074,35109
32817,16032,35144
32808,16070,35092
32876,16010,35110
32956,16020,35012
33060,15978,35057
33056,16053,35100
32989,15993,35079
32972,16029,35156
32958,15996,34777
32981,16036,34930
32992,16159,34969
32997,16017,35052
32964,16004,35094
32964,16007,35095
33056,15975,35150
32989,15997,35012
33052,15962,35042
33088,16047,35040
33032,16011,35079
32864,16112,35093
32844,16029,35116
32920,16112,35207
32924,16025,35156
32992,16093,35077
33036,15988,35180
33148,16068,35225
33108,15995,35333
33098,16083,35243
33076,16019,35328
32964,15999,34978
32860,16034,35191
32820,16003,35353
32896,16023,35300
32881,15973,35308
32940,15983,35227
33026,16087,35318
32988,15982,35416
32916,15985,35161
32865,16107,35252
32792,16025,35245
32728,16047,35350
32676,16005,35461
32682,16017,35053
32780,16106,35293
32860,15980,35322
32885,16084,35344
32860,15980,35452
32800,15962,35039
32712,16017,35192
32640,16005,35335
32656,16015,35047
32664,16093,35311
32708,16002,35439
32740,16063,35316
32824,15971,35352
32944,16031,35233
33025,15971,35292
33032,16015,35431
32970,15987,35201
32892,16013,35318
32856,16062,35244
32840,15989,35317
32834,16012,35007
32893,15982,35267
33080,15972,35413
33124,16036,35228
33120,15957,35316
33060,15975,35221
32992,15975,35174
32928,16047,35215
32904,16001,35284
32872,16006,35022
32896,16102,35302
33008,15969,35262
33108,15969,35329
33160,16079,35380
33157,15981,35233
33092,16000,35297
33010,15977,35289
32861,16011,35444
32764,16125,35247
32708,16001,35327
32744,16049,35200
32833,15979,35283
32888,16031,35319
32976,15946,35245
32956,15969,35316
32924,15965,35321
32868,15993,35246
32817,16082,35427
32861,15990,35239
32978,16005,35343
32944,15977,35344
32972,15980,35260
33104,15958,35348
33152,15961,35191
33021,16073,35348
32916,15973,35348
32792,15992,35427
32652,15995,35361
32583,16005,35460
32620,15987,35208
32689,16053,35319
32892,15969,35469
32976,15999,35079
32865,15945,35335
32652,16037,35408
32424,15975,35397
32145,16076,35528
31752,16007,35264
31224,15989,35429
30680,16010,35503
30240,15983,35469
30008,15988,35605
30112,15967,35260
30382,15947,35573
30610,16031,35250
30932,15974,35640
31588,15977,35308
32584,15997,35584
33660,16103,35648
35324,16014,35625
37568,16100,35705
40068,15987,35828
42568,16065,35682
44636,15977,35773
45413,16108,35877
44804,15983,35788
43668,16099,35882
42441,16015,35780
40820,16095,35903
38796,15996,35965
37336,16042,35866
36592,15960,36125
36316,15960,35989
35992,16071,36115
35372,15957,36117
34652,16017,36271
33852,15983,36119
33164,16031,36167
32656,15988,36303
32285,15997,36385
31848,15983,36295
31472,16025,36451
31192,15959,36541
30996,16037,36525
30720,15972,36566
30348,16063,36653
30056,15993,36679
29844,16075,36773
29753,16004,36497
29805,16020,36768
29848,15985,36999
29948,15976,36893
30096,16001,36647
30104,15947,37004
30132,15959,37039
30284,16047,37187
30372,15979,37093
30201,16001,36884
30084,15985,37182
30077,15997,37411
30188,15984,37212
30241,15972,37381
30300,16042,37476
30332,15957,37416
30290,16037,37497
30350,15948,37440
30392,15975,37680
30437,15973,37438
30417,15997,37620
30393,16078,37685
30373,15980,37756
30404,15967,37492
30521,15932,37632
30588,15999,37760
30628,15946,37833
30681,15983,37890
30636,15969,37804
30572,16014,37884
30648,15983,38025
30768,16031,37780
30912,15978,37942
31028,16057,37960
31076,15962,37860
31005,15931,37916
30760,15952,38048
30580,15936,37984
30520,15997,37954
30480,15991,37950
30438,16036,37975
30464,15982,37841
30537,16006,38071
30668,15946,37911
30869,15948,37989
30965,16000,37868
30936,15935,38028
30848,15945,37621
30760,16065,37820
30616,15988,37950
30532,15975,37943
30588,15980,37997
30653,15962,37580
30684,15967,37880
30692,15930,38017
30696,15971,37536
30796,15943,37748
30836,16031,37861
30816,15961,37845
30756,16006,37692
30804,15967,37828
30840,15981,37455
30856,16019,37655
30896,15941,37752
30988,15967,37707
31028,15934,37621
30976,15940,37764
30960,16038,37534
30884,15973,37578
30784,16071,37573
30788,15969,37572
30825,16005,37316
30860,15960,37431
30832,15954,37269
30968,16039,37401
31084,15929,36996
31086,16031,37272
31048,15944,37093
31041,16015,37296
30976,15973,37052
30928,16069,37063
30936,15971,37060
30953,15985,36959
31030,16055,36861
31144,15934,36588
31188,15934,36839
31204,16044,36685
31120,15941,36831
31100,16024,36591
31048,15963,36396
30996,16007,36548
31064,15954,36471
31169,15969,36445
31292,15932,36284
31392,15929,36317
31436,15913,36180
31464,15929,36212
31484,15926,36140
31552,15985,35940
31520,15950,36089
31520,15979,35797
31596,15955,35884
31714,15961,35705
31928,16053,35880
32128,15929,35652
32324,16023,35676
32477,15932,35481
32568,16005,35636
32516,15947,35305
32484,15973,35450
32609,16073,35261
32773,15967,35415
32908,15987,35205
32988,15919,35238
33140,15933,35061
33273,15970,35236
33376,15927,34857
33444,16007,34987
33444,15951,35020
33365,16055,34878
33396,15967,34869
33420,15938,34678
33509,15955,34836
33685,15924,34473
33876,15927,34679
33996,16023,34559
34032,15934,34695
33984,16003,34460
33942,15943,34507
33880,15996,34478
33772,15961,34512
33712,16031,34257
33733,15957,34375
33817,16012,34321
33912,15923,34217
33980,15990,34275
33964,15903,34119
33921,15921,34311
33866,15930,33959
33832,15970,34106
33800,15941,34141
33825,16004,34031
33840,15935,33880
33869,15997,33868
33952,15901,33942
33968,15911,33807
33892,16046,33948
33900,15925,33752
33832,15980,33788
33764,15936,33746
33744,15953,33600
33748,16054,33806
33732,15953,33573
33781,16009,33636
33829,15913,33539
33844,15967,33614
33804,15902,33413
33796,15930,33479
33712,15911,33316
33576,15964,33445
33604,15943,33233
33584,15957,33048
33557,15934,33193
33592,15933,33287
33676,16017,33048
33732,15908,32847
33776,15950,33036
33756,15910,33016
33632,15958,33022
33488,16065,32884
33436,15952,32617
33404,15985,32775
33448,15925,32895
33512,15935,32652
33585,16043,32703
33620,15916,32561
33573,16021,32720
33526,15921,32515
33436,16031,32573
33356,15939,32548
33328,15977,32410
33328,15930,32607
33332,15956,32421
33308,16029,32335
33432,15905,32409
33517,15944,32362
33536,16017,32261
33532,15917,32365
33476,15959,32319
33388,16047,32184
33312,15943,32023
33320,15939,32088
33292,16051,32177
33356,15924,32289
33445,15890,32080
33453,15909,32173
33448,15888,31996
33444,15925,32156
33424,15919,31884
33288,15947,32055
33260,15929,32081
33286,15945,32012
33360,15928,32035
33408,15925,31922
33504,15996,32078
33532,15907,31836
33500,15931,31766
33524,16007,31941
33481,15936,31810
33361,16025,31999
33332,15950,31797
33288,16036,31872
33248,15933,31789
33328,15909,31876
33424,15893,31776
33484,15902,31615
33437,15985,31823
33453,15914,31670
33356,16036,31847
33293,15949,31719
33236,16013,31546
33214,15946,31718
33236,15967,31719
33308,15909,31703
33365,15945,31577
33420,15889,31444
33436,15954,31643
33428,15901,31751
33324,15973,31531
33208,15930,31623
33184,15944,31573
33256,15923,31588
33174,15950,31453
33168,15900,31311
33240,15900,31524
33304,16025,31604
33316,15909,31409
33304,15958,31495
33236,15918,31449
33156,15940,31380
33116,15974,31517
33096,15916,31329
33086,15924,31430
33241,16021,31299
33324,15907,31380
33332,15885,31373
33332,15902,31300
33328,15889,31250
33232,15921,31340
33148,15912,31217
33076,15937,31407
33068,15975,31148
33092,15927,31312
33141,15997,31341
33220,15901,31313
33248,15967,31239
33214,15908,31188
33216,15993,31268
33192,15918,31192
33048,15915,31290
32996,15948,31381
32992,15915,31252
32988,15954,31225
32992,15894,31147
33084,15969,31247
33156,15888,31309
33112,15932,31221
33144,15892,31253
33064,16006,31268
32996,15937,31117
32968,15964,31039
32944,15909,31213
32936,15921,31251
32953,15892,31125
33032,15893,31232
33093,15932,31104
33060,15876,31204
33030,15893,31095
32996,15989,30993
32936,15919,31212
32900,15938,31188
32852,15909,31199
32924,15933,31092
32932,16021,31201
32924,15885,31140
32984,15992,31108
33081,15886,30996
33092,15950,31188
33040,15897,31084
32968,15943,31214
32953,16047,31077
32960,15902,30944
32936,15919,31173
33024,16015,31145
33096,15897,31177
33120,15913,31261
33102,15871,31044
33040,15913,30989
33032,15887,31116
32948,15956,31164
32856,15916,30957
32865,15983,31135
32920,15916,31172
32980,15998,30888
33028,15887,31043
33104,15869,31015
33057,15940,31127
33004,15869,31071
32956,15908,31205
32812,16057,30948
32724,15934,31013
32751,15900,31191
32772,15925,30895
32824,15881,31055
32876,15893,31119
32941,15973,31113
32936,15889,30868
32949,15879,31038
32848,15957,31141
32724,15922,30844
32688,15933,31009
32696,15912,31058
32735,15938,31047
32853,15875,31042
33006,15955,30943
33068,15887,31045
33096,15991,31105
33109,15893,30879
32980,16017,31001
32853,15918,31009
32878,16033,30823
32888,15927,30920
32960,15988,31089
33052,15884,31013
33124,15937,31031
33172,15861,30951
33132,15921,31038
33116,15872,30940
33104,15936,30928
33036,15909,31055
32944,15964,30927
32920,15925,31069
32932,15897,31066
33016,15942,30956
33124,15887,31012
33160,15989,31084
33136,15886,31007
33160,15994,31078
33052,15910,30869
32928,16017,31074
32832,15924,31201
32820,16049,31010
32868,15916,31116
32908,15991,31066
33032,15884,31215
33121,15998,31001
33101,15879,31148
32984,15875,31236
32884,15907,31040
32800,15907,31156
32828,15974,31247
32820,15916,31175
32850,15887,31046
32900,15890,31225
32960,15981,31070
32976,15855,30960
32941,15879,31204
32988,15957,31164
32960,15895,31111
32832,15919,31230
32741,16037,31238
32688,15910,30983
32665,15895,31213
32684,15896,31078
32628,15863,31162
32516,15884,31203
32392,15989,31223
32116,15884,31266
31725,15993,31158
31184,15919,31239
30644,15991,31143
30228,15902,31226
29992,15911,31020
30000,15966,31260
30208,15870,31254
30456,15874,31365
30900,15871,31052
31496,15901,31279
32420,15892,31410
33576,16007,31087
35248,15926,31201
37576,15879,31204
40068,15943,31325
42560,15860,31301
44560,15886,31375
45332,15972,31124
44956,15897,31268
44008,16037,31410
42864,15921,31365
41044,16036,31324
39036,15943,31301
37564,16041,31384
36740,15924,31277
36524,15967,31492
36408,15865,31407
35844,15893,31319
35236,15992,31429
34616,15900,31300
33952,16019,31468
33420,15929,31335
32908,16028,31468
32357,15917,31371
31888,16039,31532
31516,15891,31352
31197,15965,31447
31028,15876,31597
30856,15937,31365
30684,15892,31484
30476,15996,31521
30296,15926,31552
30185,15950,31391
30112,15919,31481
30104,15904,31596
30144,15910,31268
30258,15879,31361
30348,15862,31381
30416,15900,31500
30436,15868,31492
30312,15910,31588
30248,15913,31413
30217,15924,31519
30294,16015,31441
30329,15908,31647
30484,15996,31477
30580,15870,31613
30668,15858,31636
30660,15879,31677
30616,15872,31431
30578,15932,31660
30446,15905,31597
30380,15926,31732
30476,15902,31765
30453,15917,31709
30616,15988,31910
30804,15871,31618
30817,15858,31709
30820,15957,31748
30888,15884,31879
30880,16009,31904
30745,15910,31789
30748,15907,31908
30828,15910,31837
30824,15888,31911
30872,15919,31936
30912,15870,32022
30948,15956,31925
30924,15871,31994
30968,15858,31820
30896,15927,31900
30764,15912,31952
30808,16013,31981
30864,15902,31872
30864,15887,31921
30928,15918,32016
30964,15858,31897
31068,15940,31989
31077,15879,32075
31084,15943,31983
31020,15909,32039
30932,15905,32145
30932,15924,32263
30912,15909,32245
30876,15950,32253
30935,15887,32063
31036,15859,32450
31060,15915,32388
31088,15869,32495
31080,15871,32466
31016,15948,32627
30937,15917,32349
30880,16007,32460
30849,15915,32549
30860,15893,32639
30960,15886,32795
31060,15862,32504
31044,15916,32663
31004,15873,32725
30992,15943,32832
30920,15899,32847
30824,15897,32863
30740,15960,32865
30860,15907,32956
31148,15897,33052
31236,15908,33004
31168,15876,33085
30940,15869,32783
30896,15988,33045
30880,15897,32885
30877,15879,33089
30860,15931,33198
30861,16025,33048
30976,15912,33157
31108,15969,33053
31173,15885,33132
31252,15937,33181
31256,15879,33272
31288,15963,32974
31348,15877,33175
31364,15915,33356
31276,15899,33092
31228,15911,33021
31208,15967,33153
31284,15900,33348
31520,15979,33284
31672,15873,33403
31736,15853,33105
31846,15872,33238
31964,15853,33357
31892,15897,33139
31924,15893,33270
32017,15929,33401
32048,16001,33231
32192,15897,33332
32336,15894,33359
32493,15978,33250
32657,15878,33444
32760,15922,33173
32860,15861,33373
32912,15892,33511
32928,16038,33332
32948,15913,33444
33056,15947,33412
33220,16015,33396
33318,15868,33588
33397,15868,33511
33508,15916,33415
33556,15850,33521
33564,15886,33440
33568,15967,33605
33562,15889,33460
33576,15910,33554
33648,15983,33461
33692,15877,33715
33764,15892,33556
33840,15861,33476
33900,15871,33543
33868,15904,33744
33880,15854,33463
33840,15892,33652
33693,15890,33713
33616,15928,33668
33640,15889,33431
33663,15902,33704
33732,15858,33697
33864,15883,33644
33912,15957,33753
33916,15874,33836
33888,15904,33677
33784,15893,33788
33560,15903,33684
33532,15893,33819
33518,15908,33799
33552,15993,33779
33616,15883,33919
33692,15889,33891
33644,15857,33620
33644,15873,33829
33652,15972,33988
33544,15895,33668
33446,15930,33922
33428,15900,33993
33476,15904,33902
33448,15892,34000
33509,15890,33980
33572,15904,34095
33676,15862,34028
33684,15927,33920
33632,15863,34052
33532,15922,34068
33412,15904,33977
33428,15914,34149
33441,16007,33900
33396,15910,34085
33436,15911,34189
33544,15847,33977
33560,15875,34088
33493,15915,33940
33480,15853,34198
33433,15899,33973
33332,15982,34071
33285,15891,33958
33300,15902,34000
33336,16009,34037
33444,15874,33996
33552,15903,34093
33536,15865,33765
33461,15872,34004
33440,15853,34103
33396,15908,33893
33336,15980,33981
33288,15907,33841
33308,15950,34045
33320,15895,33671
33356,15941,33889
33476,15875,34055
33533,15982,33796
33500,15879,33927
33480,15960,33785
33445,15889,34024
33356,15919,33988
33224,15925,33900
33240,16019,33685
33276,15887,33943
33292,15880,33934
33368,15916,33948
33420,15855,33956
33432,15875,33741
33312,15940,34001
33204,16030,33950
33189,15910,34133
33221,15938,33932
33256,16031,34055
33276,15888,33927
33390,15891,34016
33513,15934,34087
33573,15849,34100
33496,15876,33981
33452,15963,34121
33376,15892,34141
33253,15945,34277
33205,15896,34045
33216,15922,34173
33256,15879,34295
33292,15890,34104
33369,15961,34184
33388,15877,34196
33408,15919,34231
33396,15873,34132
33272,15902,34228
33216,16023,34271
33154,15918,34168
33140,15919,34375
33148,16017,34197
33256,15892,34288
33392,15962,34332
33440,15869,34107
33330,15978,34295
33268,15887,34396
33160,15887,34284
33072,15913,34200
33092,15991,34380
33168,15907,34095
33268,15949,34215
33357,15987,34252
33436,15879,34257
33420,15931,34295
33384,15877,34153
33336,15946,34356
33248,15894,34004
33116,15941,34250
33105,15997,34192
33061,15896,34389
33022,15910,34316
33135,15953,33997
33324,15871,34213
33356,15916,34346
33348,15875,33977
33368,15918,34224
33332,15899,34329
33176,15940,33991
33088,15901,34217
33044,16005,34276
33068,15913,34207
33164,15961,34093
33224,15874,34214
33324,15967,34217
33312,15870,34191
33253,15927,34327
33156,15903,34029
33124,15949,34193
33164,15905,34289
33200,15932,34191
33168,15890,34299
33036,15949,34173
33096,15860,34149
33200,15883,34100
33196,15869,34172
33092,15895,34277
33072,15964,34023
33088,15896,34156
33116,15929,34277
33052,15961,33948
33140,15908,34032
33166,15965,34090
33134,15887,34151
33172,15911,34249
33112,15859,34045
33149,15891,34140
33087,15968,34137
32981,15908,34017
33008,15948,34073
33004,15902,34085
32936,15967,34060
32960,15895,33991
33124,15977,33980
33113,15878,33888
33117,15875,33992
33064,15887,34017
33040,15896,34110
32960,15924,34076
33000,15907,34085
33004,15957,34136
32886,15916,34116
32825,15875,34140
33072,15907,34124
33056,15879,34047
32956,15879,34005
32916,15913,34002
32944,15895,34077
32944,15946,34028
32921,15903,34052
32884,15926,34079
32872,15895,34161
32966,15946,34149
33044,15888,34199
32996,15973,34223
32961,15874,34246
32868,15902,34311
32820,15900,34095
32800,15930,34247
32721,16018,34345
32752,15929,34282
32772,15980,34183
32832,15874,34279
32992,15896,34324
33052,15998,34288
33060,15879,34344
33116,15895,34068
33100,15908,34240
32924,15928,34383
32940,16038,34384
33048,15927,34473
33044,16025,34132
33052,15877,34389
33208,15902,34436
33248,15876,34452
33276,15887,34332
33296,15984,34415
33200,15903,34465
33040,15924,34492
33048,16030,34431
33086,15922,34497
33052,16046,34605
33240,15899,34557
33468,15926,34449
33532,15869,34524
33544,15885,34623
33452,15871,34719
33264,15923,34662
33084,16004,34575
33120,15916,34689
33072,15925,34429
33040,15988,34676
33121,15892,34764
33111,15906,34772
33116,15876,34831
33084,15897,34772
33096,15910,34524
33001,15902,34704
32844,15923,34823
32760,16034,34891
32880,15935,35012
32981,15987,34880
33012,15894,34661
33137,15893,34975
33162,16009,34912
33104,15887,35007
33073,15897,34745
33038,15982,35050
32956,15912,34938
32904,15924,35159
32912,16037,35114
32868,15927,35032
32912,15993,35148
32936,15896,35204
32896,15973,35335
32721,15893,35254
32512,15962,35145
32232,15906,35257
31816,15936,35314
31360,15972,35244
30826,16041,35423
30396,15928,35361
30176,15924,35383
30176,15983,35423
30348,15884,35346
30549,15903,35436
30884,15900,35375
31476,15918,35506
32417,15935,35591
33560,16047,35408
35312,15921,35532
37624,15934,35420
40120,15934,35406
42524,16018,35655
44400,15874,35496
45208,15916,35591
44744,16015,35508
43724,15918,35681
42540,15949,35655
40980,15958,35418
39104,16056,35647
37733,15895,35591
37032,15923,35581
36724,16006,35689
36424,15905,35781
35828,15951,35618
35183,15890,35709
34473,15932,35645
33744,16047,35847
33248,15940,35676
32800,15952,35745
32378,15909,35761
31988,15915,35868
31612,15892,35520
31312,15903,35668
31140,15899,35785
31005,15921,35812
30742,15915,35891
30496,15939,35509
30412,16016,35804
30406,15930,35799
30368,15948,35757
30457,16012,35772
30512,15905,35719
30524,15969,35784
30516,15908,35780
30544,16007,35847
30516,15938,35519
30430,15933,35636
30353,15981,35794
30400,15928,35740
30420,15940,35689
30528,16006,35864
30596,15879,35740
30645,15901,35579
30768,15910,35744
30716,15972,35716
30736,16037,35616
30648,15941,35781
30648,15937,35700
30701,15924,35708
30809,15928,35572
31016,15996,35673
30982,15909,35713
30892,15952,35660
30980,15891,35840
31000,15928,35513
30897,15914,35719
30857,15938,35727
30884,15917,35676
30937,15930,35728
30950,16029,35708
30972,15908,35669
31032,15986,35711
31137,15897,35821
31065,15900,35629
30996,15905,35681
30920,15937,35807
30908,15957,35700
30964,15917,35545
30951,15935,35670
31040,16004,35642
31192,15911,35583
31048,15985,35537
31020,15894,35588
30984,15886,35655
31076,15908,35708
31103,15915,35644
31053,15940,35672
31021,15926,35613
31104,15987,35756
31158,15933,35629
31226,16005,35655
31268,15908,35652
31288,15888,35745
31152,15951,35673
31056,15900,35771
30912,15939,35356
30825,15922,35530
30796,15949,35602
30805,15925,35569
30788,15967,35600
30828,15903,35712
30888,15925,35716
30929,15881,35644
30940,15922,35726
30989,15892,35847
30876,15934,35473
30744,16025,35703
30820,15932,35847
30816,15957,35463
30764,15911,35644
30816,15956,35637
31000,15887,35794
31048,15908,35654
30985,16007,35730
30952,15909,35812
30880,15977,35764
30840,15932,35685
30868,16001,35674
30852,15935,35828
30940,16010,35783
30984,15909,35760
31056,15985,35772
31148,15909,35757
31185,15994,35623
31136,15911,35719
31072,16001,35752
31008,15924,35754
30997,15940,35551
31124,16037,35709
31193,15937,35799
31282,16020,35721
31469,15902,35797
31524,16004,35399
31540,15901,35628
31596,15898,35548
31644,15939,35573
31560,15923,35628
31656,15937,35668
31756,16006,35783
31856,15908,35455
31972,15911,35558
32140,15887,35374
32304,15928,35695
32477,15899,35654
32472,15999,35676
32520,15927,35561
32576,15924,35506
32624,15937,35593
32680,16041,35664
32736,15935,35645
32876,16003,35732
33016,15892,35648
33104,16007,35695
33185,15909,35457
33248,15979,35738
33244,15911,35540
33212,15945,35335
33240,16050,35761
33209,15928,35631
33256,15902,35591
33364,15969,35500
33508,15903,35429
33584,15887,35684
33649,15948,35351
33660,15913,35500
33613,16010,35553
33528,15951,35558
33580,16047,35605
33644,15936,35638
33652,16016,35774
33768,15894,35361
33872,15911,35623
33828,15873,35527
33780,15912,35591
33812,15894,35620
33792,15937,35657
33720,15914,35404
33716,15958,35500
33700,15917,35677
33772,15934,35671
33828,15965,35774
33868,15879,35604
33804,15953,35549
33780,15875,35613
33760,15903,35676
33722,15916,35748
33588,15935,35688
33592,15957,35754
33572,15937,35660
33592,15909,35644
33656,15988,35660
33740,15897,35679
33824,15879,35645
33800,15943,35582
33629,15911,35497
33450,16005,35440
33370,15939,35516
33408,16039,35540
33388,15927,35521
33404,15921,35518
33494,15901,35573
33600,15887,35548
33672,15967,35521
33632,15904,35550
33556,16010,35508
33348,15940,35236
33112,15933,35652
32880,16020,35516
32648,15924,35548
32356,16006,35485
32092,15906,35613
31888,15881,35499
31552,16004,35524
31312,15944,35407
31396,15919,35363
31536,15919,35518
31724,16025,35463
32092,15941,35444
32652,16047,35445
33612,15954,35353
34664,15909,35537
36052,15969,35428
37660,15917,35346
39620,16008,35357
41268,15954,35100
41440,15931,35420
41080,16034,35380
41084,15953,35466
41492,15909,35357
41628,15998,35485
41188,15919,35066
40364,15989,35374
39612,15911,35324
38844,15891,35447
37792,15945,35308
36632,15917,35177
35712,16005,35233
35112,15952,35257
34730,16047,35380
34422,15930,35300
34020,15908,35333
33534,15909,34967
32968,15884,35129
32540,15938,35132
32192,15906,35117
31836,15962,35207
31580,15933,35237
31476,15970,35263
31372,15926,35259
31301,15938,35386
31313,15896,35220
31329,15908,35134
31392,15893,35105
31362,15909,35255
31348,15959,35398
31320,15929,35181
31256,16016,35271
31252,15951,35420
31268,16009,35062
31269,15939,35334
31368,16012,35159
31452,15903,35323
31480,15921,35490
31476,15897,35105
31496,15913,35407
31440,16025,35327
31324,15951,35397
31344,16011,35532
31320,15941,35133
31300,16035,35447
31384,15916,35252
31438,16021,35364
31412,15907,35105
31444,15900,35468
31468,15989,35373
31464,15932,35362
31476,15936,35289
31448,15973,35238
31432,15929,35184
31452,15952,35284
31604,15903,35300
31696,15896,35393
31729,15879,35236
31649,15945,35348
31540,15903,34996
31393,16001,35250
31357,15943,34929
31437,16049,35108
31524,15943,35071
31544,15922,35072
31642,15934,35225
31684,15888,35223
31720,15934,35340
31752,15897,35220
31724,15924,35104
31668,15921,35234
31548,15950,35295
31440,15932,35423
31468,15971,35047
31504,15919,35300
31592,15937,35316
31680,15895,35376
31744,15932,35453
31660,15917,35492
31524,16027,35625
31456,15945,35557
31424,15942,35461
31360,15963,35588
31400,15945,35629
31452,16044,35671
31576,15928,35783
31718,15902,35927
31768,15911,35964
31757,15903,36134
31684,15949,35764
31584,15934,36015
31508,15979,36151
31460,15937,36292
31492,15965,36453
31417,15937,36377
31373,15935,36496
31388,15903,36685
31400,15945,36340
31462,15919,36649
31576,16028,36447
31616,15953,36908
31677,15943,36904
31837,16057,37127
31916,15961,36812
31960,16033,37110
32021,15917,37332
32068,15972,36959
31996,15908,37218
31988,15926,37458
31976,15923,37489
31896,16044,37660
31924,15972,37381
31984,16044,37566
32048,15959,37796
32228,15984,37575
32386,15929,37798
32577,16020,37927
32774,15922,37948
32869,15909,38095
33084,15977,38023
33437,15951,38020
33424,16009,38169
33428,15953,38080
33662,15975,38220
33957,16055,38247
33948,15935,38285
33688,15964,38295
33552,15926,38306
33532,15939,38279
33556,15941,38340
33364,15967,38425
33084,15967,38373
33094,15974,38373
33276,15966,38100
33264,15988,38239
33216,15943,38340
33024,16068,38312
32688,15953,38430
32532,16055,38032
32364,15964,38170
32196,16055,38126
32072,15992,38110
32132,15971,38061
32292,15985,37975
32292,15973,37868
32364,15954,37648
32505,16025,37671
32725,15958,37702
32868,16083,37267
32780,15967,37320
32688,16058,37189
32744,15987,37105
32900,15996,36942
33144,16095,36677
33240,15983,36706
33348,15976,36226
33520,15941,36321
33648,16013,36197
33724,15961,36092
33764,16009,36032
33744,15971,35710
33564,16013,35649
33533,16069,35613
33584,15997,35045
33636,16027,35146
33620,15964,35097
33584,15975,34724
33704,15954,34743
33720,15975,34624
33642,16008,34564
33540,15991,34271
33360,16018,34235
33204,16117,34084
33302,16018,33892
33401,15991,33830
33509,15983,33834
33604,16078,33348
33832,15988,33409
33828,16090,33351
33692,15998,32975
33748,16047,33094
33684,16013,32927
33502,16028,32791
33394,16127,32735
33300,16022,32676
33209,15980,32300
33183,16021,32255
33080,15973,32212
33016,15998,32095
32964,15991,31908
32932,16036,31841
32901,16131,31751
32943,16030,31588
33089,16119,31408
33160,16034,31396
33292,16083,31400
33325,16004,30967
33150,16055,31005
32999,15993,30957
32905,16029,30849
32844,16021,30649
32798,16046,30580
32757,16039,30582
32748,16063,30587
32871,16023,30248
32932,16033,30321
32984,16009,30185
32878,16047,29932
32656,16027,30146
32580,16015,29985
32420,16085,29959
32464,16055,29826
32660,16101,29769
32808,16062,29486
32782,16148,29580
32888,16039,29616
32980,16013,29445
32912,16044,29292
32908,16017,29188
32932,16058,29248
32864,16057,29167
32772,16085,28967
32768,16061,28924
32789,16088,28850
32804,16057,28894
32860,16124,28771
32924,16049,28807
32932,16058,28722
32912,16163,28740
32980,16069,28605
32929,16073,28516
32864,16101,28358
32762,16084,28343
32796,16138,28269
32788,16091,28278
32804,16047,28140
32876,16127,28267
32916,16071,28190
32869,16159,28197
32896,16074,28066
32806,16207,28049
32813,16114,27959
32812,16101,27956
32796,16141,27861
32889,16085,27877
32956,16105,27578
33050,16072,27591
33124,16085,27513
33108,16161,27615
33144,16103,27606
33036,16167,27352
32966,16137,27490
32861,16241,27246
32860,16132,27256
32940,16205,27301
33016,16097,27123
33036,16117,27212
32988,16079,27156
33024,16121,27154
33024,16223,27107
32956,16146,27036
32864,16236,27045
32840,16156,26952
32848,16191,26845
32869,16125,26950
32964,16157,26948
33068,16118,26726
33144,16197,26851
33124,16125,26885
33092,16261,26800
33012,16150,26821
32936,16151,26599
32888,16174,26599
32917,16208,26704
32948,16259,26505
33026,16140,26631
33088,16145,26662
33132,16120,26600
33160,16149,26607
33152,16143,26552
33100,16172,26568
33028,16170,26328
32973,16183,26383
33008,16181,26292
33064,16176,26345
33089,16148,26288
33121,16162,26368
33208,16149,26273
33164,16246,26280
33108,16170,26132
33048,16179,26153
32976,16220,26079
32898,16196,26148
32872,16262,26023
32882,16187,26088
32916,16241,25981
32964,16180,26103
33000,16270,26114
32980,16180,26069
32984,16175,26088
32900,16218,25852
32832,16353,25979
32788,16222,25959
32756,16236,25801
32760,16215,25933
32854,16201,25965
32952,16301,25892
32968,16204,25776
33004,16201,25909
33028,16318,25689
32920,16220,25669
32772,16253,25822
32662,16283,25849
32564,16231,25784
32548,16265,25794
32656,16201,25614
32836,16219,25759
32928,16279,25671
32920,16204,25786
32876,16233,25575
32828,16329,25718
32728,16267,25761
32700,16293,25540
32672,16248,25677
32669,16263,25721
32799,16271,25516
32918,16317,25557
32980,16239,25546
32980,16307,25545
32972,16244,25566
32868,16302,25575
32769,16269,25684
32788,16289,25483
32804,16415,25644
32825,16285,25680
32904,16242,25490
32988,16275,25600
32996,16247,25690
32956,16270,25486
32929,16322,25530
32888,16285,25553
32844,16321,25676
32848,16285,25569
32816,16305,25668
32833,16289,25550
32952,16314,25591
33036,16262,25570
32972,16329,25709
32964,16284,25628
32968,16405,25724
32896,16319,25717
32798,16431,25792
32780,16332,25858
32812,16353,25817
32820,16293,25889
32808,16303,25690
32852,16407,25780
32828,16297,25822
32785,16359,25897
32744,16306,25977
32680,16365,25788
32564,16329,25836
32532,16349,25831
32584,16422,25981
32652,16328,25993
32733,16368,25852
32824,16308,26028
32840,16321,26103
32780,16396,25907
32756,16341,26056
32712,16389,26145
32716,16478,25953
32748,16371,26085
32772,16380,26164
32804,16467,26045
32916,16345,26084
32968,16385,26068
32960,16324,26220
32908,16374,26237
32900,16356,26246
32860,16421,26159
32776,16374,26147
32760,16437,26301
32820,16390,26325
32856,16442,26197
32940,16339,26247
33040,16350,26416
33032,16343,26400
33016,16362,26437
32976,16368,26429
32984,16471,26407
32917,16398,26321
32840,16477,26431
32852,16381,26404
32872,16388,26516
32853,16506,26505
32912,16377,26393
32829,16468,26548
32805,16387,26524
32812,16465,26599
32764,16420,26596
32708,16529,26495
32700,16429,26603
32780,16409,26497
32796,16422,26673
32860,16484,26672
32912,16372,26594
32888,16398,26568
32880,16484,26612
32838,16404,26586
32740,16543,26755
32660,16435,26653
32668,16451,26744
32672,16425,26799
32684,16437,26790
32712,16509,26709
32636,16407,26714
32524,16426,26684
32332,16403,26860
32128,16431,26791
31765,16471,26720
31374,16549,26897
30896,16458,26935
30440,16460,26765
30132,16548,26917
30056,16433,26977
30112,16469,26792
30300,16421,26921
30708,16440,27013
31208,16519,26824
31828,16470,26977
32796,16490,26878
34256,16572,27031
36344,16489,26848
38860,16489,26997
41324,16424,26985
43424,16455,26855
44768,16551,27024
44680,16432,27117
43566,16490,26906
42132,16546,26917
40468,16484,27072
38180,16513,27127
36292,16615,26952
35184,16481,26946
34608,16481,27126
34860,16584,27102
35216,16465,27220
34952,16490,27036
34436,16471,27190
33888,16529,27177
33332,16513,27238
32973,16520,27284
32746,16498,27099
32480,16550,27221
32200,16487,27277
31944,16489,27319
31650,16479,27279
31376,16516,27132
31150,16494,27306
30904,16537,27367
30668,16637,27141
30565,16540,27216
30528,16612,27107
30461,16516,27249
30492,16545,27171
30584,16496,27045
30630,16572,27087
30680,16509,27007
30674,16579,27157
30608,16532,27102
30548,16553,26998
30542,16644,27143
30604,16554,27214
30644,16601,27015
30728,16501,27177
30788,16514,27172
30840,16612,27109
30860,16519,27062
30844,16559,27088
30788,16546,27095
30704,16565,27185
30679,16667,27111
30744,16567,27044
30780,16635,27203
30832,16535,27111
30932,16567,27033
31024,16526,27179
31036,16539,27064
31018,16597,27231
30954,16566,27014
30864,16573,27184
30857,16565,27238
30884,16572,27036
30904,16562,27085
31044,16575,27121
31136,16533,27103
31152,16549,27130
31144,16641,27251
31133,16569,27096
31044,16652,27198
30968,16580,27343
30961,16595,27156
30956,16692,27260
30996,16589,27236
31160,16567,27356
31268,16552,27293
31296,16549,27471
31288,16587,27386
31248,16567,27541
31176,16645,27559
31084,16602,27445
31044,16631,27625
31056,16596,27737
31103,16642,27699
31204,16576,27762
31308,16671,27597
31325,16583,27846
31280,16573,27829
31272,16604,27815
31204,16597,27748
31096,16627,27905
31084,16695,27929
31108,16611,28039
31144,16614,27852
31280,16686,28026
31333,16584,27932
31340,16570,28061
31340,16611,28146
31325,16590,27945
31221,16637,28028
31116,16625,28012
31060,16690,28175
31084,16615,28156
31120,16633,28068
31200,16589,28206
31276,16650,28294
31304,16611,28246
31304,16597,28260
31276,16617,28269
31204,16625,28349
31138,16677,28295
31176,16646,28372
31240,16657,28167
31300,16613,28308
31404,16645,28238
31473,16591,28343
31568,16603,28333
31684,16597,28193
31688,16631,28279
31656,16638,28256
31604,16652,28415
31680,16743,28305
31770,16641,28470
31860,16681,28285
32048,16613,28430
32216,16639,28336
32276,16610,28502
32300,16621,28543
32350,16629,28343
32356,16663,28420
32412,16740,28444
32484,16667,28572
32613,16743,28644
32668,16660,28581
32836,16630,28626
33052,16630,28443
33152,16610,28615
33213,16657,28644
33260,16631,28725
33200,16699,28516
33184,16678,28793
33202,16751,28720
33288,16678,28838
33356,16775,28591
33460,16647,28776
33568,16736,28650
33620,16647,28710
33628,16629,28654
33588,16692,28775
33524,16661,28754
33444,16688,28901
33407,16669,28902
33408,16690,28949
33420,16663,28908
33504,16663,28801
33572,16642,29058
33560,16751,29045
33568,16660,29109
33541,16655,29080
33460,16699,29079
33308,16690,29156
33270,16703,29165
33304,16689,29215
33354,16775,29300
33464,16663,29255
33472,16644,29336
33484,16739,29293
33432,16670,29372
33406,16784,29157
33344,16700,29432
33208,16688,29343
33120,16739,29480
33080,16685,29234
33088,16782,29484
33200,16682,29312
33284,16762,29423
33293,16671,29494
33260,16654,29572
33189,16717,29541
33084,16713,29623
32956,16830,29600
32988,16708,29630
32994,16692,29636
33010,16789,29752
33110,16680,29659
33212,16667,29605
33272,16687,29664
33244,16663,29720
33176,16735,29804
33072,16709,29735
32996,16731,29706
32994,16823,29848
33025,16724,29667
33080,16746,29804
33117,16665,29748
33208,16684,29703
33249,16783,29831
33212,16692,29777
33176,16720,29847
33112,16711,29873
33084,16737,29865
33029,16785,29951
33056,16712,29949
33089,16723,30052
33176,16679,29783
33324,16709,29883
33324,16685,29876
33292,16739,29920
33247,16703,29921
33160,16793,30054
33090,16730,30176
33049,16745,29905
33104,16837,30093
33145,16729,30207
33268,16741,30031
33317,16680,30153
33325,16713,30144
33324,16693,30071
33268,16716,30191
33220,16724,30116
33212,16749,30138
33244,16807,30239
33260,16717,30148
33260,16735,30341
33324,16795,30084
33380,16681,30220
33465,16716,30341
33472,16693,30325
33416,16750,30212
33356,16725,30321
33311,16753,30375
33320,16730,30480
33334,16798,30296
33364,16726,30364
33400,16781,30241
33424,16708,30335
33456,16701,30324
33433,16741,30371
33380,16727,30288
33284,16838,30452
33212,16759,30421
33184,16832,30562
33220,16742,30580
33222,16773,30444
33308,16708,30575
33404,16724,30654
33452,16704,30644
33465,16796,30692
33436,16732,30660
33316,16759,30661
33260,16741,30692
33192,16774,30636
33184,16748,30659
33220,16833,30633
33284,16715,30724
33356,16710,30822
33377,16738,30796
33365,16708,30888
33324,16714,30832
33229,16823,30884
33112,16764,30840
33092,16751,30871
33104,16771,30904
33116,16739,31028
33176,16813,30924
33248,16725,31052
33224,16708,30853
33154,16731,30967
33100,16719,31111
32960,16758,30911
32896,16814,31040
32880,16758,31038
32900,16831,30964
32948,16750,31080
32964,16716,31169
33042,16736,31143
33100,16716,31166
33080,16823,31182
33036,16744,31308
32957,16752,31205
32996,16762,31313
33010,16852,31157
32982,16755,31268
33049,16862,31239
33160,16737,31413
33192,16706,31095
33224,16756,31239
33230,16722,31451
33240,16748,31264
33226,16850,31397
33200,16767,31506
33164,16806,31299
33180,16757,31396
33220,16836,31452
33280,16741,31478
33384,16838,31561
33397,16730,31295
33416,16710,31421
33400,16783,31335
33296,16766,31423
33164,16868,31455
33154,16773,31571
33132,16863,31670
33156,16764,31399
33212,16833,31500
33216,16726,31527
33196,16833,31615
33182,16738,31588
33158,16861,31667
33032,16761,31657
32968,16760,31680
32964,16791,31761
32956,16767,31745
32992,16858,31848
33104,16741,31524
33176,16713,31678
33160,16741,31652
33136,16732,31717
33132,16816,31709
33028,16770,31819
32960,16876,31924
32970,16769,31620
32952,16759,31747
32944,16756,31784
33016,16722,31879
33068,16831,31942
33076,16741,31702
33096,16720,31828
33022,16767,31988
32853,16746,31812
32672,16798,31943
32569,16767,31936
32408,16819,31993
32248,16745,31882
32096,16771,31926
31836,16727,32031
31324,16757,32038
30796,16737,31943
30300,16817,32044
30037,16780,32181
29901,16773,31837
29962,16778,32030
30332,16756,31903
30848,16781,31981
31788,16733,32068
33124,16785,32128
34692,16743,32122
36928,16852,32168
39444,16764,32058
41928,16868,32229
44072,16780,32194
45500,16873,32186
45568,16799,32104
44656,16929,32226
43624,16762,32311
42444,16850,32030
40609,16765,32262
38864,16903,32388
37732,16756,32087
37176,16891,32252
36848,16773,32469
36328,16814,32137
35728,16753,32412
35152,16804,32461
34612,16741,32357
34080,16762,32444
33604,16725,32606
33088,16753,32384
32556,16750,32478
31968,16797,32575
31472,16783,32610
31121,16820,32665
30912,16775,32612
30776,16772,32726
30684,16848,32412
30606,16749,32567
30604,16734,32573
30565,16752,32439
30528,16819,32660
30440,16781,32804
30360,16847,32555
30344,16780,32652
30364,16828,32733
30416,16756,32680
30496,16761,32581
30588,16731,32625
30700,16781,32701
30704,16743,32737
30636,16797,32747
30596,16765,32668
30568,16789,32762
30565,16773,32775
30604,16779,32759
30646,16743,32689
30760,16745,32796
30884,16845,32796
30929,16738,32799
30940,16731,32754
30941,16772,32767
30856,16764,32644
30785,16850,33031
30852,16767,32701
30876,16797,32935
30900,16751,33028
31056,16738,33015
31140,16829,33117
31160,16741,32770
31100,16835,32990
31056,16756,32961
30956,16856,33026
30896,16781,33065
30876,16855,33095
30984,16773,33061
31068,16797,33049
31160,16727,33127
31196,16743,33252
31236,16789,32994
31272,16741,33151
31212,16826,33258
31080,16757,32935
30920,16772,33123
30828,16873,33206
30871,16775,32970
30893,16823,33109
31004,16727,33159
31080,16753,33029
31096,16720,33228
31016,16761,33287
31064,16743,33329
30940,16863,33395
30894,16773,33092
30920,16868,33269
30956,16768,33324
30912,16741,33412
30973,16803,33381
31008,16731,33428
31076,16717,33412
31068,16733,33477
31080,16735,33553
30976,16834,33570
30944,16767,33516
30964,16761,33508
30970,16839,33533
30992,16750,33640
31044,16719,33621
31160,16740,33609
31160,16727,33590
31176,16812,33660
31092,16747,33630
30992,16749,33737
30936,16791,33852
30968,16753,33871
31101,16810,34000
31128,16741,33887
31256,16767,33817
31406,16700,33908
31389,16729,33945
31376,16708,34055
31384,16743,33877
31332,16743,33989
31332,16761,34060
31436,16849,33860
31524,16748,33900
31572,16835,34093
31666,16729,34055
31768,16806,34007
31848,16725,34068
31920,16820,34114
31956,16739,34209
31896,16843,34040
31933,16756,34155
31969,16799,34052
32072,16749,34177
32108,16748,33924
32288,16784,34172
32452,16709,34209
32548,16828,34200
32616,16711,34207
32640,16702,34156
32676,16774,34181
32685,16733,34255
32756,16756,34256
32872,16730,34183
33028,16732,34379
33064,16740,34167
33188,16800,34308
33285,16707,34183
33380,16749,34366
33480,16705,34156
33452,16741,34283
33417,16736,34375
33452,16764,34349
33504,16724,34301
33580,16721,34270
33660,16687,34356
33712,16706,34492
33677,16781,34149
33668,16693,34409
33692,16791,34532
33620,16734,34152
33565,16817,34380
33548,16740,34387
33596,16822,34463
33628,16727,34428
33708,16724,34557
33728,16693,34216
33704,16783,34397
33788,16689,34428
33728,16695,34468
33616,16768,34468
33572,16722,34580
33546,16732,34479
33532,16816,34626
33552,16720,34633
33596,16769,34588
33664,16684,34596
33672,16694,34393
33612,16775,34652
33552,16702,34823
33432,16815,34455
33392,16738,34637
33408,16721,34700
33396,16726,34767
33416,16692,34854
33460,16697,34695
33472,16765,34789
33504,16696,34813
33560,16668,34500
33544,16714,34678
33476,16709,34801
33340,16756,34793
33336,16703,34796
33317,16717,34834
33360,16823,34791
33428,16690,34823
33448,16782,34661
33448,16689,34767
33388,16760,34936
33344,16692,34599
33334,16797,34759
33304,16727,34714
33288,16802,34720
33244,16709,34767
33300,16703,34855
33376,16756,34964
33456,16679,34575
33521,16759,34958
33484,16683,34589
33440,16803,34738
33296,16716,34794
33188,16703,34892
33228,16717,34896
33252,16796,34806
33308,16689,34815
33405,16781,34910
33424,16665,34916
33420,16781,34919
33444,16676,34872
33436,16732,34908
33368,16708,34909
33327,16784,34850
33316,16715,34912
33368,16690,35004
33444,16687,34946
33492,16661,34884
33576,16669,34999
33517,16687,34721
33500,16654,34951
33480,16677,35071
33400,16684,34958
33325,16708,34905
33360,16747,35103
33388,16675,34914
33360,16683,34997
33496,16780,34946
33592,16656,34920
33588,16643,35012
33580,16668,34984
33560,16761,35113
33456,16669,34980
33380,16701,34743
33241,16741,34897
33217,16676,35012
33252,16685,35045
33340,16759,35008
33404,16652,35157
33332,16684,35029
33344,16659,35077
33312,16782,35140
33180,16694,34833
33136,16673,35077
33128,16691,35021
33129,16769,35129
33144,16639,35135
33216,16647,34973
33316,16635,35049
33332,16639,35140
33232,16755,35145
33269,16675,35181
33216,16676,34897
33133,16756,35140
33088,16665,35124
33060,16697,35201
33124,16646,35063
33253,16645,35169
33232,16621,35156
33244,16741,35060
33248,16644,35188
33241,16773,35143
33168,16677,35212
33088,16781,35255
33016,16671,35264
33044,16775,35328
33058,16649,35172
33140,16657,35269
33172,16619,35335
33176,16639,35189
33150,16735,35284
33088,16650,35358
32976,16740,35092
32905,16676,35327
32904,16740,35207
32892,16654,35280
32876,16729,35292
32917,16630,35297
33008,16607,35413
33012,16630,35136
33020,16739,35268
33034,16653,35378
32968,16731,35302
32848,16647,35260
32816,16661,35188
32884,16771,35278
32936,16644,35198
33121,16615,35279
33228,16620,35241
33196,16592,35279
33204,16623,35245
33160,16631,35290
33072,16671,35245
32996,16668,35348
33061,16753,35039
33012,16663,35196
33072,16755,35198
33216,16613,35183
33281,16593,35203
33288,16615,35289
33260,16700,35367
33180,16641,35309
33112,16746,35357
33104,16662,35295
33100,16777,35280
33088,16655,35293
33104,16614,35309
33193,16618,35306
33244,16725,35345
33256,16612,35243
33196,16653,35293
33148,16609,35296
33024,16647,35183
32912,16631,35144
32829,16645,35102
32776,16631,35186
32820,16624,35127
32916,16621,35221
33004,16612,35236
33048,16629,35260
33032,16589,35356
32978,16628,34982
32884,16743,35147
32884,16642,35165
32892,16724,35225
32852,16623,35335
32876,16612,35111
32904,16717,35167
32961,16597,35244
32997,16703,35215
32904,16607,35089
32809,16714,34964
32684,16629,35228
32593,16627,34895
32592,16647,35279
32592,16608,35172
32636,16621,35173
32672,16590,34988
32568,16584,35108
32480,16601,35244
32344,16674,35015
32100,16601,35103
31756,16630,35100
31381,16625,34996
30808,16638,35079
30296,16663,35097
29964,16610,34871
29888,16663,34925
29972,16597,34917
30129,16588,34887
30389,16615,34916
30820,16620,34941
31661,16711,34927
32804,16637,34964
34480,16729,35047
36832,16628,34660
39576,16591,34880
42176,16623,34972
44512,16546,34921
45950,16612,34765
45896,16722,34852
44788,16582,34873
43728,16672,34936
42364,16623,34663
40420,16645,34694
38824,16726,34712
37970,16608,34718
37624,16620,34705
37204,16559,34791
36500,16628,34853
35768,16574,34476
34900,16614,34762
34145,16615,34791
33472,16649,34748
32881,16613,34647
32310,16647,34695
31788,16593,34759
31360,16594,34743
30988,16666,34651
30734,16588,34631
30580,16646,34687
30408,16601,34781
30188,16663,34694
30033,16627,34757
29940,16636,34564
29900,16691,34645
30008,16598,34492
30150,16603,34589
30240,16675,34365
30229,16585,34519
30114,16667,34465
30136,16595,34541
30140,16618,34455
30089,16612,34388
30039,16620,34476
30012,16702,34439
30101,16599,34391
30272,16668,34431
30376,16575,34522
30396,16636,34527
30410,16567,34215
30424,16599,34367
30344,16706,34404
30308,16616,34484
30252,16599,34439
30270,16617,34514
30380,16588,34581
30540,16611,34527
30580,16555,34679
30564,16607,34573
30592,16572,34540
30624,16655,34511
30644,16615,34455
30560,16685,34582
30536,16615,34311
30560,16705,34719
30604,16592,34596
30672,16661,34689
30704,16570,34591
30724,16674,34657
30768,16578,34296
30732,16577,34593
30704,16603,34277
30616,16603,34537
30640,16614,34337
30652,16591,34484
30636,16627,34252
30677,16559,34399
30744,16619,34429
30752,16571,34500
30764,16662,34471
30716,16589,34479
30648,16703,34452
30633,16598,34445
30616,16591,34396
30632,16609,34453
30656,16575,34534
30809,16581,34572
30895,16559,34548
30868,16582,34613
30845,16663,34537
30808,16575,34734
30704,16601,34460
30604,16591,34596
30580,16607,34623
30597,16581,34712
30636,16601,34786
30778,16565,34727
30856,16566,34764
30860,16553,34891
30848,16565,34552
30822,16674,34724
30748,16605,34771
30696,16679,34823
30682,16585,34716
30740,16598,34892
30812,16628,34631
30876,16549,34799
30965,16605,34762
30976,16565,34822
31008,16600,34889
31020,16575,34662
30940,16655,34785
30836,16583,34820
30800,16594,34697
30848,16694,34530
30964,16585,34647
31050,16663,34689
31172,16560,34749
31240,16647,34851
31230,16560,34439
31274,16564,34625
31253,16593,34721
31255,16591,34681
31232,16685,34692
31286,16588,34523
31420,16560,34636
31565,16553,34567
31672,16629,34555
31809,16561,34593
31860,16623,34601
31912,16581,34468
31908,16576,34463
31866,16585,34471
31944,16575,34543
32054,16591,34423
32182,16558,34454
32321,16549,34336
32500,16535,34469
32644,16553,34567
32745,16627,34271
32815,16554,34480
32744,16601,34527
32776,16711,34208
32917,16583,34350
33024,16570,34513
33140,16566,34212
33228,16540,34348
33280,16538,34479
33344,16639,34206
33348,16556,34489
33324,16613,34409
33364,16577,34593
33348,16618,34404
33372,16581,34371
33413,16705,34493
33384,16560,34258
33484,16639,34423
33618,16545,34423
33661,16613,34527
33684,16540,34623
33609,16643,34393
33472,16580,34463
33392,16575,34463
33380,16647,34404
33414,16580,34453
33444,16652,34433
33540,16552,34465
33552,16531,34530
33508,16580,34690
33520,16529,34332
33522,16599,34496
33420,16583,34518
33320,16566,34567
33212,16586,34717
33192,16563,34644
33220,16626,34685
33232,16548,34644
33224,16623,34567
33184,16538,34663
33248,16625,34615
33240,16555,34606
33108,16567,34677
33088,16581,34796
33172,16566,34565
33145,16577,34663
33149,16681,34733
33206,16548,34661
33208,16513,34771
33268,16548,34652
33204,16540,34768
33181,16652,34384
33148,16575,34624
33008,16663,34732
32952,16573,34664
33028,16651,34537
33104,16549,34721
33185,16591,34401
33288,16532,34541
33348,16626,34567
33324,16543,34687
33288,16650,34775
33109,16575,34687
33012,16681,34788
33076,16562,34706
33164,16666,34712
33248,16551,34677
33324,16605,34756
33236,16530,34883
33256,16581,34493
33344,16543,34837
33386,16562,34509
33260,16567,34775
33189,16651,34904
33101,16568,34553
33128,16597,34800
33224,16533,34962
33386,16534,34783
33494,16614,34862
33544,16533,35008
33486,16588,34823
33456,16539,34912
33396,16645,34996
33420,16567,34961
33388,16551,35044
33396,16615,34965
33388,16551,35079
33420,16513,34975
33484,16549,34861
33524,16507,35065
33485,16596,35020
33428,16547,35069
33274,16561,34962
33216,16676,35039
33329,16555,35023
33388,16541,35060
33428,16631,35172
33472,16519,35103
33468,16505,35177
33424,16580,35117
33476,16524,35212
33468,16622,34908
33372,16551,35073
33306,16605,35189
33300,16543,34848
33212,16555,35065
33220,16525,35160
33352,16528,35162
33417,16564,35053
33416,16513,35097
33392,16581,35140
33468,16509,35263
33380,16555,35065
33328,16547,35110
33312,16546,35180
33324,16533,35238
33302,16535,35110
33312,16519,35305
33428,16495,35254
33456,16517,35159
33524,16588,35242
33468,16533,35270
33360,16634,35335
33262,16553,35324
33260,16535,35437
33230,16542,35084
33260,16633,35285
33399,16511,35287
33461,16613,35375
33448,16518,35501
33416,16548,35306
33364,16527,35378
33188,16629,35477
33120,16555,35463
33192,16591,35348
33189,16527,35469
33258,16559,35496
33300,16487,35644
33316,16533,35266
33325,16609,35556
33232,16513,35730
33144,16633,35534
33052,16551,35659
32988,16655,35741
32989,16579,35421
33049,16519,35676
33116,16558,35760
33184,16501,35748
33216,16558,35892
33152,16516,35500
33104,16556,35671
33112,16526,35779
32996,16626,35820
32940,16541,35991
33004,16558,35698
33028,16532,35828
33036,16543,36045
33120,16476,35847
33140,16544,35923
33184,16502,36038
33188,16579,35975
33240,16520,35874
33128,16635,35947
33040,16549,36007
33064,16604,35953
33136,16537,35837
33160,16614,36036
33116,16498,35909
33181,16573,35975
33205,16485,36064
33160,16505,36185
33100,16507,35788
32977,16533,36028
32943,16637,36133
32932,16540,36103
32916,16636,36098
32916,16517,35975
32976,16505,36207
33108,16612,35967
33156,16502,36137
33133,16584,36041
33040,16497,36214
32960,16529,35941
32872,16639,36148
32764,16532,36172
32800,16511,36061
32916,16517,36097
33020,16484,36229
33184,16489,36189
33208,16607,36063
33164,16500,36191
33124,16528,35917
32983,16524,36201
32828,16527,36355
32860,16506,35974
33012,16572,36249
33060,16513,35965
33100,16582,36133
33094,16485,36077
33137,16471,36231
33069,16515,36359
33032,16503,36276
32956,16553,36156
33004,16512,36324
32920,16586,36295
32892,16524,36161
32944,16594,36359
32996,16481,36333
33005,16459,36444
32990,16504,36253
32948,16478,36331
32908,16608,36460
32864,16518,36369
32816,16637,36328
32856,16530,36389
32844,16612,36359
32832,16507,36465
32904,16460,36084
32856,16497,36239
32822,16474,36414
32744,16485,36207
32832,16554,36372
32725,16525,36492
32652,16631,36109
32624,16524,36284
32696,16495,36308
32740,16524,36413
32780,16581,36416
32796,16485,36364
32775,16588,36433
32688,16487,36406
32688,16622,36348
32557,16517,36416
32336,16599,36540
32312,16514,36124
32468,16504,36404
32540,16497,36382
32692,16577,36433
32804,16481,36517
32760,16471,36453
32852,16477,36372
32792,16607,36435
32700,16523,36461
32685,16589,36460
32668,16501,36369
32704,16548,36434
32808,16478,36524
32964,16508,36469
32956,16468,36533
32864,16579,36479
32904,16486,36589
32936,16485,36455
32997,16503,36331
32976,16489,36411
32962,16508,36487
33008,16492,36553
32943,16509,36164
32973,16450,36452
33012,16473,36582
32952,16565,36385
33024,16468,36504
33032,16489,36359
32973,16615,36529
32870,16509,36517
32952,16604,36389
32960,16509,36570
32948,16587,36215
33002,16476,36501
32996,16549,36565
32916,16477,36448
32868,16504,36548
32881,16467,36500
32888,16509,36573
32764,16616,36559
32764,16504,36245
32840,16580,36524
32900,16491,36622
33022,16559,36277
32988,16463,36543
32972,16531,36679
32896,16460,36560
32780,16517,36548
32632,16484,36421
32614,16512,36677
32578,16530,36539
32556,16478,36573
32708,16521,36620
32857,16455,36444
32960,16522,36525
32925,16448,36698
32853,16482,36484
32768,16473,36565
32662,16557,36671
32553,16482,36508
32401,16517,36559
32276,16487,36689
32120,16535,36449
32016,16464,36523
31760,16556,36503
31381,16461,36570
30869,16450,36687
30356,16514,36247
30072,16484,36431
30084,16584,36487
30192,16508,36532
30425,16484,36624
30936,16480,36493
31792,16546,36575
32916,16452,36441
34196,16453,36684
36048,16560,36407
38240,16482,36524
40552,16519,36564
42816,16443,36628
44444,16506,36476
45036,16573,36241
44576,16478,36439
43756,16503,36620
42617,16433,36475
40752,16470,36553
38804,16569,36543
37536,16467,36591
36792,16495,36455
36492,16466,36483
36000,16513,36524
35360,16470,36557
34824,16468,36653
34237,16564,36463
33637,16446,36521
33092,16559,36593
32645,16457,36257
32192,16567,36553
31697,16497,36484
31224,16480,36502
30904,16581,36509
30640,16487,36551
30592,16527,36496
30652,16434,36664
30588,16444,36468
30496,16467,36309
30500,16543,36525
30277,16468,36379
30266,16561,36525
30276,16478,36400
30296,16485,36468
30224,16511,36460
30193,16451,36327
30290,16447,36563
30376,16501,36404
30436,16431,36167
30540,16447,36423
30612,16557,36288
30524,16487,36521
30376,16514,36325
30352,16462,36390
30432,16476,36322
30510,16446,36495
30572,16444,36332
30693,16509,36374
30752,16433,36359
30720,16478,36487
30700,16444,36326
30549,16481,36409
30516,16466,36280
30516,16469,36455
30700,16548,36380
30777,16449,36279
30836,16511,36359
30884,16427,36404
30832,16453,36402
30852,16419,36359
30792,16446,36074
30690,16544,36359
30580,16473,36468
30520,16543,36271
30600,16452,36340
30708,16490,36380
30792,16433,36032
30808,16513,36191
30932,16432,36333
31009,16449,36084
30945,16535,36302
30820,16453,36188
30825,16471,36346
30808,16543,35999
30870,16462,36263
30948,16457,36422
31044,16417,36241
31062,16505,36276
31012,16422,36371
30961,16510,36343
30932,16430,36332
30909,16466,36318
30776,16508,36517
30847,16449,36349
30865,16452,36447
30932,16443,36399
31012,16489,36532
31176,16401,36471
31132,16422,36194
31044,16479,36499
30988,16426,36573
30964,16452,36604
30849,16462,36532
30852,16472,36335
30828,16551,36576
30932,16415,36671
30996,16423,36607
31054,16450,36656
31068,16409,36719
31068,16414,36645
31088,16543,36673
31050,16452,36539
31020,16453,36796
30920,16535,36604
30880,16431,36684
30984,16423,36572
31097,16468,36800
31292,16391,36703
31420,16411,36548
31416,16415,36677
31408,16492,36547
31320,16549,36562
31279,16429,36764
31156,16477,36448
31222,16549,36639
31352,16409,36607
31464,16411,36487
31504,16487,36692
31572,16388,36300
31636,16413,36587
31564,16444,36681
31464,16526,36610
31564,16429,36403
31594,16437,36535
31694,16445,36524
31837,16484,36637
32013,16389,36240
32076,16393,36487
32144,16495,36653
32200,16403,36350
32176,16450,36486
32180,16547,36530
32288,16423,36495
32365,16435,36505
32524,16522,36495
32633,16399,36468
32716,16402,36485
32788,16484,36348
32968,16378,36514
33122,16421,36486
33108,16404,36405
33026,16437,36404
33025,16449,36436
33132,16518,36391
33280,16415,36398
33375,16415,36493
33420,16516,36148
33384,16396,36332
33424,16457,36492
33460,16375,36141
33540,16409,36428
33504,16523,36561
33461,16415,36372
33336,16421,36444
33472,16515,36401
33536,16396,36390
33596,16391,36140
33636,16417,36406
33732,16378,36545
33660,16372,36359
33605,16397,36456
33512,16530,36381
33444,16396,36500
33492,16429,36244
33356,16447,36461
33302,16504,36328
33440,16373,36565
33544,16374,36383
33528,16464,36455
33592,16383,36460
33592,16419,36518
33468,16509,36321
33364,16414,36482
33344,16425,36572
33324,16391,36533
33354,16390,36397
33429,16433,36639
33452,16352,36633
33452,16383,36480
33456,16401,36236
33405,16372,36493
33248,16414,36637
33148,16399,36301
33104,16407,36224
33124,16425,36545
33238,16373,36550
33288,16385,36473
33360,16349,36495
33364,16375,36473
33428,16383,36384
33360,16379,36609
33292,16407,36477
33222,16454,36205
33181,16381,36527
33170,16405,36453
33188,16507,36575
33300,16371,36329
33416,16435,36528
33448,16354,36471
33389,16378,36608
33334,16493,36476
33260,16404,36551
33212,16399,36426
33272,16487,36644
33332,16373,36511
33401,16365,36563
33464,16428,36468
33548,16349,36637
33530,16364,36324
33472,16459,36548
33438,16375,36678
33272,16399,36700
33208,16411,36496
33248,16515,36572
33340,16365,36496
33368,16369,36704
33436,16375,36364
33436,16335,36537
33420,16365,36641
33448,16367,36692
33436,16476,36292
33336,16383,36606
33253,16397,36469
33356,16412,36659
33333,16497,36406
33388,16357,36580
33524,16357,36727
33605,16420,36565
33580,16326,36606
33420,16359,36573
33492,16395,36476
33376,16369,36644
33401,16403,36316
33324,16369,36553
33217,16387,36628
33413,16351,36310
33504,16356,36580
33508,16407,36716
33440,16329,36593
33376,16355,36647
33340,16355,36596
33248,16375,36785
33221,16361,36585
33280,16380,36683
33276,16441,36615
33344,16357,36734
33425,16415,36388
33524,16325,36625
33524,16335,36836
33528,16433,36641
33576,16345,36713
33508,16383,36713
33496,16369,36849
33412,16409,36708
33328,16352,36736
33376,16355,36631
33372,16313,36724
33528,16332,36469
33584,16415,36743
33500,16341,36869
33534,16331,36732
33376,16394,36725
33184,16375,36593
33192,16443,36680
33220,16365,36792
33269,16399,36476
33374,16321,36685
33444,16375,36749
33440,16327,36719
33321,16438,36783
33410,16343,36724
33317,16477,36761
33261,16370,36389
33348,16352,36657
33300,16436,36636
33253,16346,36743
33296,16428,36851
33280,16319,36656
33232,16309,36751
33236,16335,36871
33280,16326,36708
33266,16367,36804
33228,16340,36668
33180,16350,36934
33252,16455,36718
33300,16337,36832
33340,16373,36836
33338,16305,36866
33328,16328,36828
33245,16305,36864
33268,16337,36830
33220,16427,36997
33164,16348,36807
33096,16431,36809
33052,16341,36999
33068,16375,36701
33240,16296,36916
33280,16308,36932
33336,16340,36868
33361,16395,36865
33232,16334,36783
33081,16377,36948
33084,16322,36890
33160,16348,36836
33220,16401,36935
33248,16301,36572
33324,16329,36804
33312,16387,36849
33324,16287,36957
33212,16290,36869
33144,16325,36649
33000,16370,36839
32956,16324,36919
32960,16341,36756
33064,16379,36830
33132,16310,36836
33256,16375,36743
33288,16297,36837
33240,16305,36674
33101,16367,36804
33060,16294,36870
32862,16334,36803
32812,16406,36677
32774,16333,36727
32832,16415,36794
32908,16315,36740
33056,16391,36885
33176,16294,36477
33185,16373,36721
33272,16300,36820
33136,16401,36804
32996,16330,36907
32896,16315,36802
32952,16322,36908
33080,16443,36471
33096,16308,36644
33150,16274,36590
33228,16292,36656
33228,16269,36727
33232,16291,36799
33100,16406,36648
32948,16322,36829
32906,16391,36465
32928,16312,36711
32968,16355,36819
32948,16294,36782
32976,16291,36699
33012,16263,36901
33072,16279,36682
33056,16383,36756
32913,16301,36891
32824,16415,36453
32900,16327,36660
32912,16371,36804
32933,16294,36735
33058,16293,36476
33140,16312,36743
33125,16245,36789
33192,16277,36821
33224,16371,36449
33172,16301,36688
32928,16414,36804
32700,16317,36514
32700,16427,36707
32808,16306,36821
32942,16303,36701
33104,16261,36780
33236,16263,36885
33280,16247,36452
33177,16276,36677
33012,16272,36767
32852,16319,36791
32917,16301,36880
32888,16361,36639
32876,16284,36765
32950,16279,36925
33064,16366,36601
33160,16263,36685
33056,16373,36807
33065,16277,36831
32960,16260,36855
32772,16296,36770
32744,16415,36868
32840,16294,36769
32872,16333,36967
32836,16263,36811
32928,16257,36855
32980,16234,36862
32960,16254,36740
32973,16293,36895
32912,16260,36909
32780,16294,36724
32620,16343,36871
32657,16289,36988
32668,16316,36781
32736,16383,36878
32904,16247,36812
32888,16274,36942
32826,16341,36793
32932,16228,36871
32886,16271,36709
32694,16342,36901
32628,16265,36537
32576,16300,36708
32663,16265,36785
32741,16260,36804
32800,16244,36768
32856,16333,36775
32892,16247,36839
32904,16290,36742
32928,16243,36706
32837,16296,36820
32836,16387,36455
32828,16285,36748
32780,16354,36594
32940,16240,36829
33084,16263,36573
33245,16356,36711
33292,16241,36676
33392,16294,36652
33352,16239,36650
33216,16263,36615
33076,16382,36775
32992,16251,36765
32924,16270,36535
32960,16341,36524
32961,16213,36264
33084,16225,36541
33133,16284,36476
33221,16323,36497
33128,16223,36447
33004,16277,36615
32908,16351,36404
32848,16261,36485
32832,16296,36447
32864,16229,36425
32968,16237,36109
32984,16329,36392
33016,16231,36370
33068,16305,36399
32936,16243,36188
32864,16269,36238
32776,16245,36088
32732,16261,36065
32782,16333,36269
32812,16233,36140
32768,16227,36351
32936,16200,36204
33080,16221,36113
33074,16292,36178
33006,16244,36220
32856,16229,36071
32673,16282,36144
32642,16235,35980
32716,16243,36176
32848,16209,35824
32968,16215,36084
32976,16268,36060
32948,16185,35973
32840,16218,36064
32640,16331,36005
32364,16228,35948
32256,16263,35841
32156,16269,36004
31956,16230,35915
31652,16233,36050
31340,16253,35894
30852,16280,35881
30456,16288,35866
30328,16199,35770
30432,16229,35908
30452,16331,35893
30740,16254,35799
31207,16257,36008
32141,16355,35928
33332,16233,35564
34606,16212,35846
36481,16298,35847
38652,16175,35724
40816,16215,35775
42800,16229,35932
44128,16311,35741
44244,16228,35515
43724,16217,35782
42908,16253,35804
41836,16239,35796
40192,16249,35743
38684,16196,35773
37768,16173,35797
37263,16207,35778
36732,16266,35674
36056,16353,35479
35268,16223,35759
34604,16250,35635
34049,16224,35797
33488,16221,35657
33108,16309,35732
32796,16199,35733
32384,16268,35749
31952,16190,35724
31472,16221,35625
31066,16279,35460
30720,16225,35701
30553,16233,35591
30422,16219,35644
30404,16199,35463
30468,16196,35652
30496,16286,35628
30520,16197,35687
30496,16201,35550
30404,16199,35332
30436,16229,35596
30480,16290,35500
30381,16217,35646
30340,16271,35448
30456,16187,35564
30508,16177,35572
30604,16275,35549
30624,16178,35665
30658,16191,35498
30601,16300,35278
30544,16212,35579
30526,16235,35528
30532,16194,35544
30585,16202,35564
30680,16195,35592
30764,16223,35639
30940,16155,35519
30952,16175,35303
30884,16228,35620
30844,16184,35629
30800,16207,35617
30700,16292,35551
30868,16206,35644
30945,16205,35634
30916,16269,35532
30964,16171,35773
30920,16153,35782
30804,16209,35761
30910,16161,35613
30901,16183,35535
30900,16237,35658
30789,16188,35676
30720,16193,35551
30756,16246,35591
30732,16169,35625
30992,16180,35769
31100,16135,35584
31070,16165,35645
31104,16149,35620
31156,16175,35716
31068,16277,35711
30981,16191,35576
31032,16206,35654
30980,16167,35554
30982,16175,35785
31006,16146,35607
31184,16155,35661
31285,16212,35687
31264,16148,35748
31208,16275,35514
31148,16184,35719
31028,16284,35637
30977,16191,35845
30948,16168,35671
31060,16201,35757
31164,16147,35657
31269,16129,35756
31332,16159,35477
31296,16135,35801
31164,16155,35797
31036,16175,35740
30936,16188,35533
30956,16251,35834
30988,16178,35705
31165,16263,35933
31296,16151,35556
31368,16124,35813
31508,16156,35967
31428,16119,35801
31428,16179,35580
31416,16165,35824
31320,16195,35688
31317,16160,35935
31276,16206,35780
31240,16140,35798
31388,16170,35741
31486,16119,35697
31532,16142,35756
31704,16124,35801
31672,16221,35479
31568,16170,35600
31448,16164,35628
31508,16178,35651
31620,16277,35701
31709,16151,35588
31908,16120,35643
31968,16118,35645
31928,16117,35473
31912,16127,35535
31796,16128,35679
31785,16183,35524
31841,16163,35529
31752,16271,35428
31920,16161,35199
32084,16230,35423
32240,16127,35509
32364,16202,35191
32420,16119,35431
32452,16225,35492
32420,16139,35221
32436,16162,35364
32481,16135,35488
32495,16159,35448
32592,16137,35279
32740,16135,35333
32830,16092,35449
32920,16148,35193
32932,16103,35296
33000,16125,35257
33156,16187,35293
33173,16136,35335
33124,16157,35076
33128,16127,35244
33236,16140,35115
33352,16229,35285
33436,16109,35121
33516,16206,35225
33548,16117,35088
33552,16223,35298
33420,16131,35172
33414,16124,35077
33328,16160,35212
33376,16133,35045
33481,16141,35181
33516,16225,35076
33708,16119,35263
33840,16156,35061
33792,16083,35156
33708,16119,35140
33680,16104,35061
33578,16157,35135
33392,16116,34973
33400,16143,35165
33416,16255,34817
33412,16108,35001
33493,16084,35160
33484,16096,34991
33412,16205,35061
33508,16089,35172
33481,16102,34809
33448,16135,35009
33200,16115,35095
33200,16172,34860
33144,16132,35029
33200,16207,34957
33324,16097,35137
33365,16135,34989
33305,16083,34735
33297,16159,35001
33396,16120,35096
33380,16224,34750
33353,16130,35008
33384,16158,34927
33328,16112,35004
33204,16108,34924
33129,16182,34957
33120,16084,35052
33204,16072,34949
33220,16095,34839
33156,16163,35023
33096,16109,34773
33092,16125,34911
33032,16217,35041
32966,16122,34745
33066,16189,34901
33124,16067,34863
33268,16077,34893
33324,16069,34933
33332,16100,34772
33288,16213,34954
33280,16119,34838
33184,16208,34927
33156,16090,34925
33180,16119,34816
33266,16085,34823
33504,16076,34933
33542,16180,34871
33480,16073,34841
33468,16063,34919
33424,16143,35034
33216,16106,34805
33197,16137,34935
33192,16099,34895
33220,16103,34929
33348,16199,34961
33328,16077,34647
33352,16163,34890
33412,16071,34924
33408,16049,34929
33440,16134,35060
33480,16094,34855
33440,16165,34949
33400,16090,34868
33408,16111,35017
33465,16069,34854
33576,16081,34943
33620,16040,34839
33728,16069,35039
33608,16121,34872
33496,16062,34647
33492,16100,34951
33492,16229,34934
33516,16107,34923
33540,16175,34671
33424,16071,34950
33344,16059,34951
33536,16170,34853
33525,16069,35007
33472,16093,34895
33488,16163,34874
33420,16082,34801
33476,16106,34951
33480,16102,34973
33452,16191,34950
33576,16068,34901
33704,16095,34983
33696,16037,34933
33592,16057,34677
33460,16161,34965
33332,16084,34872
33344,16140,35089
33404,16073,35001
33417,16137,34717
33392,16081,34951
33448,16154,35088
33516,16057,34887
33504,16109,34981
33528,16051,34885
33428,16081,35004
33356,16045,34951
33176,16087,34687
33128,16079,34940
33220,16090,35037
33286,16170,34943
33328,16067,34676
33436,16041,34919
33472,16044,35079
33432,16027,34892
33325,16069,34977
33356,16052,34960
33321,16099,34894
33360,16079,34960
33180,16119,35039
33148,16068,34890
33136,16128,34959
33212,16019,34899
33196,16046,35069
33196,16039,34916
33166,16039,34676
33156,16037,34951
33069,16076,34806
33096,16069,35031
33160,16075,34901
33093,16056,34933
33181,16059,34812
33310,16023,35070
33348,16025,34852
33380,16022,34951
33316,16039,34902
33040,16167,34913
32886,16076,34655
32868,16174,34937
32890,16075,34789
33052,16164,34889
33072,16056,34909
33080,16109,34925
33172,16028,34817
33176,16090,34909
33068,16036,35013
33029,16140,34616
32956,16071,34861
32908,16055,34770
32925,16129,34844
32876,16067,34844
32924,16153,34901
33113,16036,34919
33160,16094,34885
33184,16006,34736
33048,16044,34773
32976,16035,34837
32796,16115,34896
32844,16042,35015
32812,16061,34823
32752,16044,34923
32836,16041,34998
32884,16134,34823
33052,16023,34927
33020,16161,35018
32925,16029,34832
32840,16092,34916
32760,16045,34849
32680,16091,34981
32772,16067,34708
32680,16155,34887
32788,16036,34993
32970,16135,34719
32988,16012,34820
32998,15991,34983
32876,16065,34561
32797,16028,34732
32808,16101,34876
32924,16054,34768
32948,16119,34725
32936,16047,34653
32940,16073,34744
33006,15996,34724
33064,16017,34626
32988,15997,34695
32913,16074,34750
32888,16021,34464
32868,16132,34621
32676,16053,34677
32709,16076,34423
32844,16031,34597
33029,16055,34687
33040,15997,34653
33012,16027,34669
32904,15995,34567
32640,16009,34668
32600,16015,34780
32660,16042,34604
32633,16159,34668
32616,16047,34797
32612,16167,34425
32728,16020,34611
32884,16089,34628
32904,15983,34737
32960,16023,34862
32908,15981,34479
32793,16034,34661
32732,16021,34454
32692,16050,34633
32588,16015,34663
32616,16050,34735
32788,16002,34882
32912,16043,34760
32904,15996,34823
32892,16068,34676
32844,15994,34767
32772,16085,34641
32748,16037,34660
32704,16029,34725
32740,16097,34655
32820,16036,34584
32836,16007,34621
32872,16084,34591
32944,15992,34561
33014,15964,34551
33076,16043,34578
32960,16006,34607
32816,16023,34564
32756,16118,34590
32784,16033,34647
32804,16005,34581
32916,16075,34604
33020,15995,34560
33024,15988,34477
32900,15983,34519
32846,16004,34583
32920,16008,34548
32896,16017,34632
32737,16032,34245
32729,16133,34439
32732,16026,34589
32791,16109,34521
32820,15981,34599
32836,15970,34484
32785,16009,34471
32877,15973,34407
32904,16047,34432
32888,16025,34417
32845,16064,34473
32756,16024,34585
32704,16127,34460
32784,16011,34447
32920,16111,34336
33020,15973,34378
33051,15968,34428
33028,15981,34460
32929,16122,34463
32812,16021,34406
32592,16111,34439
32633,16025,34527
32692,16005,34149
32680,16013,34425
32716,15976,34397
32693,16063,34415
32800,15986,34192
32660,16101,34303
32676,15989,34322
32604,16111,34372
32496,16029,34499
32308,16123,34404
32496,16015,34500
32540,16099,34217
32556,15983,34335
32668,15962,34311
32668,15999,34390
32716,15952,34503
32716,15995,34351
32705,16005,34393
32544,16107,34465
32676,16017,34301
32760,16036,34375
32766,15983,34487
32772,16044,34349
32992,15964,34476
33013,15949,34087
33048,16009,34233
33020,16003,34252
32996,15995,34231
32876,16068,34175
32857,15989,34336
32856,16054,34436
32864,15985,34240
32889,16072,34318
32980,15961,34420
33076,16077,34234
33052,15962,34326
33009,16114,34308
33036,16006,34271
33100,15983,34302
33025,16011,34196
33012,15980,34367
32866,16061,34311
32976,15966,34340
33056,16070,34207
33109,15964,34302
33092,16087,34340
32924,15985,34347
32840,16092,34015
32748,16006,34252
32740,16084,34382
32872,16001,34207
32856,16087,34025
32933,15962,34292
33008,16013,34236
33144,15934,34353
33108,15964,34012
33080,15974,34279
32948,16011,34381
32896,15972,34175
32952,15997,34241
32832,15978,34207
32848,15973,34349
32816,15934,34081
32912,15971,34226
32992,15937,34183
33040,15973,34144
32940,15953,34177
32912,16006,34069
32834,15977,34247
32740,15993,34061
32837,16079,34143
32660,15963,34060
32464,15961,34145
32312,16053,34205
32204,15942,34085
32156,15971,34065
31960,15951,33936
31584,16057,33959
31135,15997,34005
30830,16093,34063
30480,15989,33721
30448,15958,33844
30668,15948,33973
31016,16027,33693
31486,15953,33877
32088,16020,34020
32885,15970,33718
33844,16089,33847
35304,15997,33946
37344,16090,33670
39796,15993,33798
42040,16101,33937
43836,15950,33573
44390,15940,33750
44232,16017,33901
43340,15950,33556
42184,15978,33809
40472,16095,33749
38560,16001,33872
37468,16092,33663
36932,15976,33793
36536,15989,33775
36040,16094,33663
35476,15951,33891
34917,16039,33722
34268,15955,33784
33645,16050,33766
33133,15978,33816
32704,16009,33831
32456,16095,33597
32084,15987,33775
31620,15948,33821
31301,15970,33816
31156,15931,33842
31068,16002,33700
30898,15926,33788
30648,15983,33721
30472,15972,33876
30400,16004,33669
30380,15964,33491
30420,15987,33739
30508,16060,33726
30641,15940,33685
30768,16029,33607
30804,15939,33721
30753,16013,33567
30680,15965,33684
30640,16022,33564
30510,15970,33648
30552,16007,33604
30664,15957,33737
30604,16017,33512
30676,15937,33625
30772,16024,33529
30732,15935,33527
30844,15922,33596
30864,15965,33538
30800,15975,33679
30812,16085,33478
30780,15959,33554
30800,15946,33543
30816,15946,33437
30789,15919,33497
30880,15959,33583
31024,15933,33687
31028,15972,33528
31016,16036,33477
30948,15966,33580
30800,16070,33541
30868,15965,33693
30804,16069,33391
30788,15943,33575
31037,15965,33445
31156,15921,33642
31209,15971,33455
30964,15923,33573
30992,15949,33582
30968,15948,33461
31120,15975,33543
31062,15943,33660
30920,15982,33532
30973,15939,33603
31008,15989,33521
31188,15918,33622
31300,16013,33329
31144,15933,33396
31024,16029,33542
30872,15956,33331
30856,16047,33446
30702,15957,33565
30749,16067,33405
30880,15937,33505
30930,15955,33468
31112,15901,33598
31224,15942,33365
31224,15900,33503
31040,15951,33615
31002,15942,33348
31098,16001,33492
31185,15947,33532
31248,15984,33424
31280,15921,33538
31205,15949,33497
31273,15907,33475
31142,15996,33527
31192,15916,33412
31224,15985,33644
31133,15944,33445
30910,16033,33543
30980,15943,33396
31098,16028,33581
31144,15932,33260
31213,15903,33471
31198,15925,33576
31324,15905,33209
31424,15939,33445
31316,15916,33472
31184,15971,33316
30999,15951,33397
31092,15975,33324
31292,15942,33253
31344,15967,33319
31453,15913,33380
31412,15997,32999
31492,15913,33156
31668,15893,33105
31620,15946,33127
31476,15933,33223
31392,15979,33111
31456,15949,33189
31453,16026,32958
31588,15928,33021
31792,15900,33090
31880,15905,32951
31900,15887,32909
31798,15914,32919
31968,15923,32743
31940,15943,32866
31952,15938,32686
32072,15941,32736
32148,15922,32750
32337,15920,32775
32584,16014,32684
32684,15905,32516
32770,15931,32660
32701,15908,32570
32720,15929,32687
32716,15974,32453
32600,15929,32519
32692,15980,32455
32928,15924,32556
33168,15922,32442
33296,15879,32389
33404,15898,32343
33381,15882,32440
33507,15896,32201
33568,15936,32196
33452,15927,32010
33401,15942,32224
33432,15907,32156
33424,15967,32119
33416,15900,31972
33662,15907,32104
33760,15871,32023
33828,15907,32069
33740,15892,31860
33557,15941,31949
33440,15940,31991
33440,16020,31703
33540,15936,31781
33520,16032,31956
33604,15907,31647
33725,15894,31842
33684,15900,31565
33568,15893,31732
33568,16005,31872
33578,15917,31630
33429,16030,31728
33284,15934,31601
33280,16010,31713
33348,15929,31684
33424,16013,31642
33412,15901,31751
33360,16004,31546
33416,15887,31634
33345,15983,31589
33356,15900,31669
33284,15921,31684
33188,16034,31505
33092,15917,31361
33092,15928,31589
33082,16006,31436
33284,15883,31655
33372,16005,31503
33320,15895,31445
33152,15943,31303
33244,15903,31524
33200,15969,31412
33092,15927,31513
33022,15996,31265
33044,15909,31474
33137,15900,31448
33153,15993,31325
33276,15879,31485
33288,15896,31320
33342,15865,31427
33316,15919,31300
33036,15915,31495
32988,15924,31292
33080,16015,31393
33032,15919,31452
33241,15887,31360
33348,15967,31129
33440,15885,31317
33476,15872,31372
33436,15879,31132
33372,15887,31326
33176,15922,31452
33106,15992,31251
33108,15911,31336
33252,15963,31436
33236,15894,31132
33336,16014,31301
33512,15879,31405
33460,15985,31105
33341,15884,31308
33312,15894,31407
33266,15925,31127
33188,15905,31357
33284,15945,31431
33360,15908,31225
33276,15986,31330
33416,15882,31360
33440,15978,31221
33513,15863,31224
33465,15878,31111
33389,15969,31332
33376,15916,31404
33385,15951,31305
33336,15908,31343
33316,15999,31295
33388,15886,31271
33388,15861,31366
33345,15876,31316
33384,15935,31308
33356,15858,31476
33382,15889,31269
33290,15891,31376
33243,15918,31372
33181,15895,31287
33076,15924,31399
33196,15868,31263
33181,15901,31468
33316,15857,31265
33440,15903,31409
33476,15848,31391
33412,15894,31444
33328,15893,31311
33376,15939,31426
33232,15891,31430
33168,15930,31311
33224,15869,31431
33324,15916,31417
33352,15863,31341
33276,15894,31293
33280,15854,31436
33252,15891,31349
33132,15998,31421
33028,15899,31381
33117,16017,31261
33120,15911,31317
33092,15983,31521
33120,15863,31357
33132,15982,31427
33242,15868,31533
33221,15940,31361
33182,15893,31479
33118,15997,31440
33064,15909,31572
33012,16004,31282
33057,15898,31459
33132,15869,31612
33188,15858,31365
33248,15845,31525
33220,15889,31566
33176,15862,31445
33104,15949,31555
33038,15905,31659
33120,15985,31358
33084,15887,31554
33100,15993,31684
33176,15873,31377
33200,15852,31577
33220,15862,31718
33194,15938,31527
33140,15864,31663
33084,15991,31581
33057,15899,31765
33024,15951,31564
33052,15900,31710
33092,15943,31631
33116,15856,31741
33217,15855,31535
33304,15957,31733
33316,15861,31812
33308,15954,31677
33220,15879,31794
33116,15943,31863
33088,15885,31708
33044,15949,31828
33029,15890,31876
33068,15849,31875
33116,15917,31943
33129,15849,31894
33168,15900,31812
33220,15835,31894
33276,15903,31988
33128,15892,32097
33012,15943,32007
33064,15889,32068
33136,15966,31893
33208,15863,32047
33324,15889,32180
33416,15845,32108
33437,15962,32249
33400,15858,32175
33210,15862,32266
32988,15988,31997
32812,15888,32180
32765,15863,32226
32872,15965,32357
32960,15871,32527
33044,15837,32460
33149,15851,32455
33145,15838,32464
33088,15925,32598
33024,15868,32633
32925,15872,32742
32785,15942,32896
32764,15863,33053
32728,15900,33054
32760,15855,33183
32840,15934,33405
32980,15847,33509
33196,15935,33628
33281,15847,33495
33113,15922,33789
33021,15876,34085
33068,15942,34125
33156,15879,34125
33133,15913,34439
32956,15862,34469
32768,15941,34665
32752,15845,34659
32748,15956,34806
32657,15849,34792
32504,15974,35100
32432,15888,34895
32444,15997,35183
32464,15879,35374
32540,15972,35283
32692,15865,35452
32833,15831,35643
32928,15896,35413
33040,15838,35636
33006,15950,35768
32828,15862,35809
32720,15992,35847
32760,15879,36068
32784,15869,35963
32716,15879,35767
32821,15921,36124
32980,15844,36170
32884,15927,36173
32781,15851,36293
32776,15957,36199
32956,15871,36463
32912,15991,36292
32784,15886,36508
32541,15916,36421
32284,15869,36620
32276,15946,36661
32492,15844,36598
32588,15935,36738
32660,15846,36517
32705,15877,36871
32666,15860,36780
32532,15938,37063
32472,15877,36743
32416,15947,37055
32561,15873,37228
32708,15901,37188
32796,15820,36989
32844,15853,37297
32876,15820,37308
32988,15847,37505
32982,15941,37429
32820,15872,37137
32728,15915,37476
32560,15873,37684
32404,15911,37524
32408,15840,37620
32552,15847,37530
32748,15813,37777
32832,15845,37372
32808,15832,37721
32738,15863,37892
32612,15939,37700
32520,15860,37775
32512,15865,37695
32524,15978,37768
32724,15860,37799
32776,15951,37740
32740,15831,37725
32780,15940,37799
32756,15845,37668
32701,15917,37868
32582,15858,37754
32528,15875,37639
32592,15858,37703
32608,15863,37559
32680,15957,37727
32700,15832,37567
32752,15851,37271
32768,15811,37511
32909,15836,37412
32840,15967,37575
32768,15864,37334
32828,15951,37023
32836,15864,37284
32876,15946,37383
32836,15852,37145
32924,15916,37162
32989,15832,37087
32952,15828,36967
32872,15908,36980
32900,15849,37021
32856,15849,36716
32796,15879,36770
32796,15862,36791
32745,15873,36767
32852,15825,36596
33048,15832,36393
33044,15948,36576
32993,15833,36335
32932,15892,36345
32892,15836,36148
32824,15865,36316
32768,15975,36098
32784,15875,35781
32788,15920,35977
32792,15844,36055
32896,15892,35630
32960,15836,35717
32976,15929,35821
32900,15829,35497
32828,15910,35692
32729,15852,35476
32612,15916,35623
32556,15847,35204
32508,15877,35428
32590,15841,35393
32692,15833,35373
32760,15939,34980
32777,15831,35181
32781,15927,35260
32669,15852,35009
32612,15846,35016
32580,15892,35064
32634,15853,34870
32641,15894,34764
32636,15828,34870
32788,15852,34613
32876,15812,34628
32912,15827,34554
32905,15921,34553
32864,15863,34333
32879,15980,34239
32856,15861,34214
32860,15974,34236
32885,15858,34214
32948,15964,34087
32996,15837,33897
33021,15844,33996
33048,15953,33888
33028,15834,33785
32912,15962,33586
32872,15874,33680
32856,15911,33723
32852,15842,33511
32948,15865,33496
32976,15984,33367
33032,15827,33151
32984,15821,33245
33044,15833,33246
32972,15911,32888
32908,15836,33017
32852,15886,33006
32800,16000,32936
32772,15859,32836
32756,15890,32902
32800,15831,32500
32940,15836,32660
32972,15940,32671
32984,15845,32556
32964,15966,32607
32850,15861,32191
32721,15863,32245
32676,15873,32210
32696,15946,32045
32709,15849,32076
32716,15846,32172
32808,15915,31856
32904,15809,31971
32940,15876,32046
32968,15823,31701
32928,15857,31785
32832,15956,31868
32741,15863,31629
32676,15871,31645
32628,15973,31697
32736,15857,31413
32836,15839,31279
32764,15929,31316
32594,15839,31315
32468,15824,31324
32236,15886,31238
31888,15854,31098
31560,15903,31136
31152,15989,31140
30684,15879,30949
30424,15843,30876
30416,15847,30983
30516,15921,30687
30727,15838,30761
31072,15885,30895
31508,15853,30777
32032,15941,30841
32852,15891,30703
34012,15991,30709
35880,15887,30525
38072,15836,30606
40192,15900,30605
42284,15847,30397
43428,15794,30393
42980,15900,30398
41936,15875,30454
40800,16018,30496
39304,15898,30281
37208,15853,30290
35524,15898,30393
34512,15847,30305
34092,15872,30209
34502,15824,30308
34861,15884,30054
34576,15849,30236
34127,15881,30135
33624,15928,30283
33196,15877,30057
32960,15895,30127
32810,15963,30014
32560,15866,30113
32288,15889,30060
31975,15833,29924
31688,15844,30059
31436,15957,29972
31288,15863,29933
31084,15890,29957
30944,15981,29770
30856,15894,29816
30828,15867,29785
30872,15870,29785
30913,15840,29718
30928,15924,29583
30925,15839,29668
30964,15858,29504
30916,15982,29572
30820,15895,29351
30876,15954,29481
30900,15885,29461
30944,15899,29449
30980,15850,29518
31124,15869,29207
31237,15850,29381
31200,15969,29199
31200,15847,29337
31202,15860,29124
31093,15903,29386
31048,15879,29269
31044,15890,29180
31117,15981,29074
31201,15876,29182
31264,15838,29166
31278,15867,29213
31296,15855,29135
31284,15918,29176
31210,15866,28962
31198,15889,29012
31168,15989,28991
31153,15914,29095
31216,15876,29186
31221,15873,28910
31264,15959,29072
31305,15857,29150
31296,15926,28916
31312,15867,28973
31284,15983,28911
31224,15905,29004
31180,16007,29070
31221,15893,28988
31224,15973,28880
31280,15856,29056
31424,15876,28964
31504,15839,28840
31452,15869,29037
31404,15907,28828
31384,15864,28935
31292,15905,29013
31313,15889,28724
31312,15899,28815
31284,16003,28869
31296,15880,28726
31368,15980,28908
31412,15870,28765
31453,15939,28894
31421,15849,28780
31380,15909,28754
31276,15887,28865
31201,15901,28903
31236,16005,28678
31274,15903,28793
31328,15965,28770
31381,15862,28889
31420,15949,28973
31368,15873,28697
31324,15857,28922
31300,15890,28757
31240,16004,28891
31160,15913,28800
31150,15990,28759
31180,15908,28869
31192,15953,28964
31256,15856,28751
31400,15900,28850
31476,15850,28895
31446,15874,28877
31344,15883,28876
31296,15918,28740
31264,15989,28855
31308,15908,28895
31372,15962,28676
31360,15892,28729
31501,15974,28696
31605,15863,28802
31609,15976,28884
31645,15885,28619
31632,15922,28791
31556,15887,28836
31532,15919,28632
31570,16013,28759
31620,15892,28664
31740,15884,28743
31860,15935,28549
31992,15847,28738
32112,15872,28716
32208,15960,28632
32172,15883,28535
32120,15916,28672
32160,15971,28745
32160,15900,28567
32264,15901,28698
32376,15895,28698
32545,15879,28677
32677,15969,28669
32684,15865,28551
32684,15863,28508
32720,15903,28707
32748,15952,28612
32808,15909,28767
32896,15917,28572
32928,15997,28615
33120,15879,28692
33256,15873,28736
33365,15983,28518
33408,15892,28655
33472,15928,28695
33380,15874,28490
33278,15927,28649
33320,15963,28667
33404,15893,28604
33444,15916,28517
33533,15940,28645
33648,15860,28613
33670,15887,28644
33773,15874,28573
33796,15893,28596
33688,15958,28510
33601,16047,28679
33528,15906,28675
33509,15919,28763
33480,15996,28644
33508,15893,28732
33612,15962,28842
33712,15882,28572
33732,15994,28791
33712,15895,28679
33572,16006,28836
33404,15911,28836
33360,15922,28953
33328,16020,28745
33328,15911,28882
33354,15901,29052
33444,15991,28813
33526,15878,29038
33518,15885,28961
33506,15917,29166
33428,16007,29037
33228,15919,28960
33120,15934,29136
33112,16036,29239
33172,15907,29029
33272,15906,29245
33372,15985,29314
33408,15877,29216
33436,15901,29131
33444,15975,29323
33304,15893,29419
33200,15947,29245
33170,15917,29382
33148,15928,29500
33141,16005,29300
33164,15891,29430
33316,15897,29319
33382,15985,29501
33396,15876,29319
33360,15901,29248
33300,15950,29434
33140,16052,29329
33097,15911,29525
33140,15932,29343
33164,16003,29252
33192,15891,29456
33292,15895,29353
33392,16007,29428
33420,15902,29485
33400,15975,29528
33344,15913,29351
33256,16019,29380
33214,15927,29397
33222,15921,29527
33260,15935,29624
33328,16037,29348
33444,15910,29536
33528,15931,29650
33476,16025,29548
33452,15895,29440
33444,15945,29631
33312,16068,29588
33244,15916,29575
33252,15942,29552
33373,15973,29770
33368,16020,29647
33492,15886,29580
33576,15903,29736
33632,15921,29732
33553,15893,29780
33445,15927,29690
33312,15939,29668
33296,16040,29811
33324,15937,29712
33380,15956,29821
33432,15911,29641
33508,15903,29870
33616,15941,29965
33604,15887,29820
33604,15917,29917
33472,15903,29932
33308,15951,29831
33284,15932,29948
33358,15929,29964
33496,15937,30060
33568,15987,29879
33556,15876,30028
33572,15896,29917
33528,15996,30117
33532,15894,29937
33477,15926,30084
33380,15992,29977
33336,15919,30105
33365,15940,29929
33432,16037,30049
33421,15909,30199
33573,15907,29981
33552,16025,30173
33501,15908,30215
33476,15937,30060
33420,15917,30161
33344,15943,30371
33320,15948,30231
33384,15991,30339
33400,16047,30359
33458,15907,30471
33533,15926,30405
33528,15884,30260
33420,15905,30497
33432,15972,30501
33388,15907,30468
33284,15954,30594
33216,16016,30591
33192,15927,30724
33260,15939,30560
33252,15933,30693
33304,15974,30685
33336,15892,30760
33440,15917,30762
33424,15924,30631
33354,16013,30809
33236,15931,30709
33160,15943,30786
33180,15961,30831
33224,15996,30855
33204,16011,30741
33301,15893,30965
33376,15888,30935
33344,15913,30791
33324,15962,30895
33200,16040,30919
33068,15951,31015
33054,15996,30708
33088,16058,30922
33052,15914,31044
33116,15926,30878
33205,15903,30991
33260,15943,30983
33324,15897,31061
33308,15910,30841
33260,15956,31049
33132,15940,31116
33020,15956,31015
32957,15968,31152
33068,16078,31033
33100,15920,31148
33236,15951,31218
33279,15895,31345
33181,15913,31185
33124,15913,31296
33036,15951,31284
32888,15999,31367
32840,16055,31325
32832,15941,31413
32916,15942,31456
32960,15990,31382
33105,15886,31477
33176,15915,31495
33193,15917,31645
33184,16021,31351
33100,15940,31457
32972,15973,31644
32946,15932,31607
32952,15950,31663
32924,16011,31550
32944,15901,31673
33016,15922,31783
33080,15898,31457
33065,15931,31635
33061,15887,31561
33029,15934,31673
32924,15984,31831
32854,15941,31760
32842,15964,31870
32804,16028,31657
32840,15907,31785
32968,15909,31885
32988,16004,31564
33052,15919,31694
33098,15939,31775
32957,16032,31644
32854,15944,31820
32868,15957,31853
32796,16033,31745
32784,15921,31843
32836,15935,31820
32920,15919,31966
33000,16012,31815
32980,15895,31664
32960,15917,31900
32948,15944,31887
32932,16020,31797
32836,15941,31937
32776,15939,32007
32640,15936,31895
32720,15981,31828
32780,15894,31972
32832,15916,31930
32944,15932,31860
32929,15981,32101
32933,15915,31905
32886,15958,32023
32804,16017,31997
32800,15927,31996
32776,15956,32050
32776,16041,31991
32872,15916,32116
33026,15997,31847
33060,15909,32064
33068,15933,32110
32968,15915,32156
32816,15948,32031
32740,15957,32141
32753,16051,32223
32852,15954,32052
32909,15962,32167
33040,16023,32084
33092,15904,32239
33176,15943,32093
33024,15905,32204
32896,15941,32101
32804,16029,32268
32709,15948,31989
32673,15965,32231
32808,16076,32253
32895,15913,32277
33040,15920,32031
33108,16015,32286
32921,15892,32292
32862,15921,32230
32775,15959,32352
32632,16061,32077
32532,15959,32225
32600,16072,32151
32606,15951,32298
32824,15981,32369
32934,15895,32383
32928,15909,32335
32932,15912,32453
32852,15988,32335
32824,15913,32420
32700,15956,32343
32760,15992,32541
32744,15928,32434
32840,15951,32422
32556,15944,32519
32812,16021,32292
32824,15913,32390
32788,15921,32568
32836,16023,32261
32880,15944,32475
32788,16021,32612
32780,15930,32578
32748,15947,32333
32632,15940,32538
32569,16006,32411
32592,15905,32588
32820,15913,32420
32916,15981,32527
32860,15908,32584
32840,15934,32318
32776,16029,32501
32709,15940,32616
32701,15957,32378
32864,15982,32519
32976,16056,32613
33028,15912,32287
33056,15957,32407
33124,16044,32412
33112,15919,32464
33012,15956,32476
33004,16030,32419
32992,15932,32424
33008,15945,32356
33073,15933,32119
33076,15923,32374
33052,15897,32079
33152,15907,32295
33208,15903,32108
33289,15918,32141
33140,15912,32135
33128,15944,32173
33048,16047,32281
33036,15948,32039
33028,15975,32117
32932,15911,31965
33048,15915,31970
33000,15981,32057
32908,15905,31916
32930,15911,32038
32860,15933,31748
32824,15993,31940
32804,15923,31990
32860,15985,31944
32842,15937,32038
32845,15926,31720
32992,16021,31866
33057,15917,31847
32992,16038,31872
33023,15909,31950
32912,16036,31863
32792,15954,31892
32744,15925,31631
32704,15941,31965
32708,15926,31824
32808,15941,31935
32897,15895,31623
33012,15909,31792
33004,15889,31793
32948,15988,31774
32848,15931,31788
32629,15932,31751
32572,15948,31719
32512,16047,31751
32356,15939,31815
32248,15944,31711
32093,16013,31676
31910,15904,31572
31492,15921,31644
31022,16012,31598
30588,15937,31574
30272,16011,31495
30161,15936,31565
30240,15947,31541
30312,16022,31585
30572,15927,31460
31388,15940,31462
32592,16037,31524
33692,15920,31551
35252,15956,31393
37532,15913,31457
40060,15957,31548
42420,15972,31236
44636,16042,31432
45748,16062,31511
45548,15927,31342
44769,15927,31440
43968,16024,31471
42532,15897,31312
40428,15958,31383
38768,16055,31488
37845,15965,31183
37236,15969,31329
36644,15929,31377
36064,15955,31420
35404,15932,31301
34761,15981,31481
34053,15900,31207
33392,15922,31336
32908,15958,31477
32260,16061,31180
31712,15935,31397
31280,15963,31488
30920,15970,31311
30748,16031,31412
30658,15916,31419
30580,15921,31285
30516,15949,31397
30366,15906,31301
30220,15917,31409
30094,15945,31207
30092,16013,31367
30064,15937,31495
30124,15936,31420
30176,15943,31270
30228,15937,31401
30308,16004,31325
30332,15895,31500
30296,15907,31239
30358,15945,31409
30394,16018,31364
30356,15938,31460
30350,15953,31233
30320,15944,31214
30377,15941,31380
30518,15963,31516
30608,15888,31332
30640,15902,31462
30697,15943,31554
30730,15900,31228
30744,15922,31359
30660,16037,31397
30572,15949,31516
30628,15960,31472
30624,16037,31471
30592,15929,31484
30812,15930,31538
30937,16002,31519
30972,15895,31681
30840,15903,31436
30752,16009,31615
30552,15932,31742
30604,15941,31465
30656,15970,31628
30700,15922,31741
30840,15897,31583
31040,15906,31685
31080,15945,31591
31028,15886,31781
31022,15911,31495
30920,15944,31716
30792,15919,31802
30716,15933,31757
30757,16024,31838
30762,15937,31682
30830,15944,31807
30944,15887,31685
31045,15901,31887
31040,15934,31616
31000,15891,31751
30996,15948,31777
31012,15918,31897
30848,15949,32045
30764,15919,31874
30820,15929,31992
30820,16004,32056
30928,15904,31897
30922,15920,32071
30966,15983,32145
30916,15891,32060
30708,15938,32167
30636,15913,32213
30664,15935,31953
30716,16033,32221
30896,15932,32037
31024,15957,32295
31024,15881,32215
30944,15894,32325
30916,15933,32408
30820,15884,32428
30769,15919,32325
30693,16033,32457
30740,15940,32497
30792,15940,32514
30744,16019,32453
30692,15898,32582
30752,15895,32621
30841,15914,32511
30858,15991,32408
30925,15879,32628
30948,15921,32548
30788,15958,32663
30812,16019,32687
30892,15924,32655
30900,15931,32745
30940,15919,32684
31096,15943,32613
31168,15876,32773
31228,15897,32748
31236,15925,32694
31272,15892,32804
31228,15928,32743
31204,15980,32739
31316,15907,32833
31360,15927,32734
31396,15920,32916
31604,15959,32657
31628,15896,32890
31660,15873,32868
31804,15897,32924
31829,15948,32927
31852,15905,32869
31956,15924,32863
32044,15973,32955
32160,15896,32943
32320,15893,33068
32512,15987,32752
32621,15867,33028
32768,15868,33031
32864,15888,32909
32805,15927,33127
32724,16040,32980
32676,15915,33099
32876,15959,33142
32992,15909,33086
33033,15903,32869
33232,15912,33135
33352,15866,33209
33448,15881,33083
33492,15947,33189
33525,15893,33067
33440,15981,33151
33424,15894,32982
33460,15927,33189
33548,15899,33248
33676,15902,33277
33748,15991,33239
33800,15881,33188
33688,15939,33295
33684,15890,33276
33673,15990,33318
33540,15898,33188
33460,15911,33264
33372,15892,33346
33428,15908,33260
33612,16007,33255
33693,15877,33359
33668,15929,33348
33672,15853,33362
33716,15873,33493
33748,15929,33287
33548,15897,33396
33368,15921,33389
33348,15945,33474
33228,15900,33327
33312,15897,33407
33396,15918,33418
33336,15853,33297
33448,15870,33552
33428,15928,33423
33240,15879,33224
33220,15913,33441
33172,15905,33413
33112,15935,33413
33072,15975,33599
33125,15874,33441
33208,15863,33252
33260,15901,33499
33240,15861,33520
33180,15932,33437
33064,15874,33540
32956,15932,33534
32916,15887,33448
32894,15922,33551
32860,15878,33527
32892,15879,33447
32980,15852,33543
33112,15867,33484
33128,15885,33533
33140,15996,33439
33068,15890,33532
32968,15936,33513
32964,16037,33564
32900,15904,33538
32976,15902,33425
32996,15864,33260
33108,15864,33529
33165,15903,33564
33228,15851,33500
33240,15867,33313
33180,15899,33542
33040,15895,33389
32988,15900,33526
32992,16007,33509
33048,15877,33463
33176,15870,33631
33264,15941,33343
33360,15841,33540
33312,15865,33476
33180,15886,33636
33068,15862,33319
33124,15892,33505
33212,15909,33448
33364,16010,33447
33324,15889,33524
33372,15895,33645
33480,15843,33372
33614,15858,33511
33596,15869,33437
33580,15845,33557
33476,15878,33388
33252,15929,33396
33140,15876,33533
33204,15935,33537
33234,15871,33592
33352,15885,33452
33516,15980,33535
33549,15855,33684
33508,15918,33444
33488,15836,33570
33348,15868,33543
33237,15964,33543
33181,15877,33324
33096,15884,33580
33100,15887,33489
33237,15945,33706
33336,15829,33533
33420,15837,33592
33376,15938,33529
33324,15820,33671
33296,15877,33660
33200,15930,33364
33132,15866,33559
33206,15879,33713
33297,16007,33375
33268,15869,33581
33240,15919,33747
33380,15826,33641
33376,15847,33573
33336,15954,33601
33300,15845,33655
33204,15875,33640
33104,15882,33775
33088,15954,33415
33052,15871,33563
33236,15857,33768
33364,15919,33586
33346,15818,33695
33364,15846,33695
33398,15915,33524
33364,15853,33548
33192,15878,33764
33108,15924,33407
33196,15852,33543
33164,15874,33723
33224,15868,33585
33337,15930,33692
33265,15815,33556
33200,15847,33799
33164,15915,33549
33214,15988,33448
33136,15856,33679
32984,15889,33644
33052,15991,33799
33149,15860,33628
33236,15884,33685
33248,15818,33637
33192,15832,33681
33208,15831,33765
33272,15860,33652
33144,15948,33422
33000,15852,33687
32956,15871,33640
32929,15879,33802
32944,15950,33607
33084,15841,33677
33136,15839,33759
33125,15943,33594
33152,15821,33677
33176,15842,33607
33148,15843,33629
33096,15860,33696
33068,15973,33791
33056,15873,33444
33044,15909,33616
33020,15844,33685
33072,15854,33711
33116,15940,33621
33096,15829,33680
33124,15844,33687
33108,15837,33601
33093,15866,33806
32964,15916,33622
32920,15847,33502
32796,15860,33699
32912,15919,33600
33068,15823,33703
33121,15839,33677
33082,15797,33735
33048,15835,33711
33160,15829,33576
33040,15858,33783
32985,15849,33485
32992,15859,33725
33001,15844,33789
33060,15845,33758
33156,15856,33663
33156,15813,33745
33220,15824,33629
33172,15933,33860
33148,15844,33661
33017,15908,33750
32981,15844,33637
33096,15863,33780
33064,15924,33493
33032,15827,33687
33076,15823,33627
33144,15816,33828
33196,15806,33671
33140,15829,33743
33052,15896,33743
32952,15833,33764
32892,15855,33820
32832,15944,33699
32828,15826,33529
32944,15834,33788
33004,15826,33782
32972,15919,33657
33028,15822,33870
33046,15852,33602
32992,15815,33780
32898,15845,33663
32862,15840,33835
32804,15849,33716
32920,15855,33736
33029,15863,33689
32976,15912,33695
32925,15799,33508
32981,15812,33760
32976,15916,33676
32868,15815,33852
32774,15846,33687
32886,15959,33764
32816,15841,33768
32720,15837,33762
32805,15882,33735
32901,15797,33669
32936,15783,33647
32900,15811,33873
32825,15913,33764
32844,15812,33692
32736,15847,33765
32665,15926,33774
32608,15828,33663
32708,15838,33685
32761,15890,33909
32940,15778,33775
32984,15813,33610
32920,15811,33825
32952,15781,33773
32856,15827,33897
32856,15969,33721
32804,15844,33861
32736,15912,33739
32760,15820,34000
32776,15809,33830
32862,15855,33628
33029,15781,33887
33092,15800,34023
32995,15908,33853
32780,15826,33908
32712,15893,33772
32649,15817,34003
32708,15858,33628
32756,15938,33895
32780,15796,33767
32912,15811,33942
32868,15780,33623
32772,15796,33861
32737,15811,33724
32788,15928,33876
32665,15812,33756
32649,15839,33821
32628,15949,33820
32640,15837,33737
32572,15855,33763
32712,15775,33748
32697,15788,33711
32740,15906,33795
32824,15778,33647
32889,15809,33749
32802,15808,33836
32688,15845,33610
32652,15815,33727
32648,15819,33663
32628,15904,33839
32748,15778,33845
32668,15790,33682
32705,15881,33468
32622,15795,33649
32444,15934,33836
32416,15835,33655
32337,15874,33746
32402,15812,33663
32496,15821,33808
32476,15907,33501
32441,15797,33732
32564,15892,33684
32656,15793,33788
32720,15901,33908
32724,15819,33799
32610,15815,33812
32492,15833,33705
32424,15807,33785
32513,15858,33767
32652,15800,33775
32831,15816,33890
32956,15763,33591
32828,15820,33652
32796,15773,33700
32852,15807,33749
32784,15799,33626
32724,15827,33780
32720,15955,33461
32736,15820,33655
32765,15780,33586
32940,15789,33687
32940,15846,33536
32960,15758,33566
32900,15793,33372
32924,15802,33637
32804,15937,33487
32804,15832,33716
32724,15898,33353
32692,15814,33496
32840,15823,33586
32860,15767,33469
32740,15782,33364
32832,15818,33231
32920,15788,33358
32893,15901,33453
32800,15823,33192
32716,15892,33439
32556,15813,33424
32580,15845,33373
32700,15791,33403
32864,15810,33286
32988,15874,33468
33000,15767,33265
32888,15799,33352
32720,15783,33217
32676,15813,33383
32608,15913,33188
32644,15822,33305
32545,15858,33146
32672,15791,33285
32820,15829,33260
32868,15767,33121
32846,15776,33347
32832,15868,33181
32684,15804,33222
32644,15806,33317
32672,15812,33105
32596,15901,32917
32420,15809,33141
32140,15815,33031
31884,15754,33265
31748,15814,33061
31485,15782,33149
30840,15853,33076
30372,15787,33240
30080,15823,33013
30072,15870,33104
30341,15803,33121
30616,15813,33009
30800,15898,33195
31612,15759,33013
32672,15781,33089
33772,15899,33073
35372,15783,33198
37552,15881,32856
39892,15787,33090
42124,15850,32980
44328,15756,33006
45597,15853,33088
45564,15772,33119
44804,15789,33086
43872,15812,33067
42597,15772,32970
40448,15845,32997
38844,15805,33084
37832,15921,33092
37116,15815,32987
36516,15831,33092
35820,15787,33080
35148,15802,33101
34516,15879,33094
33984,15779,33038
33356,15789,33140
32828,15909,33087
32172,15807,32916
31584,15830,33133
31188,15812,33007
30880,15814,33111
30588,15890,32992
30516,15788,33108
30353,15776,32984
30324,15846,33226
30220,15771,33058
30228,15787,32959
30264,15783,33100
30054,15820,32991
30060,15860,33209
30112,15799,33093
30172,15823,32825
30252,15849,33015
30352,15761,33045
30452,15780,33177
30432,15778,33199
30328,15843,33093
30164,15790,32983
30140,15811,32775
30216,15817,33028
30180,15878,33021
30252,15795,32995
30468,15792,32868
30488,15796,32985
30480,15858,33037
30564,15765,33028
30672,15778,32836
30692,15810,32918
30464,15803,32775
30480,15808,32971
30552,15855,32809
30616,15905,32671
30696,15781,32619
30716,15781,32876
30780,15803,32822
30792,15870,32812
30672,15762,32748
30652,15796,32920
30684,15829,32927
30788,15931,32764
30816,15793,32775
30752,15810,32849
30676,15799,32813
30648,15777,32888
30736,15863,32613
30857,15781,32798
30780,15789,32975
30721,15875,32897
30657,15798,32643
30600,15813,32820
30552,15903,32965
30640,15797,32839
30852,15803,32588
31076,15871,32852
30884,15776,32759
30840,15772,32956
30829,15884,32772
30768,15793,32705
30800,15823,32862
30860,15907,32805
30816,15805,32972
30786,15800,32838
30842,15870,32772
30905,15757,32866
30944,15775,32836
30848,15764,32916
30833,15775,32775
30872,15905,32626
30764,15814,32876
30705,15842,32775
30616,15801,32932
30653,15839,32714
30732,15781,32889
30752,15775,32762
30812,15756,32889
30940,15777,32641
30956,15765,32788
30960,15795,32831
30816,15804,32828
30680,15818,32871
30732,15920,32820
30852,15810,32951
30864,15886,32620
30920,15780,32828
30896,15815,32973
31012,15773,32750
31008,15804,32838
30860,15789,32804
30788,15839,32793
30748,15807,32709
30748,15815,32800
30880,15907,32732
31108,15799,32660
31240,15845,32740
31336,15773,32711
31436,15838,32593
31352,15767,32694
31344,15805,32541
31154,15805,32717
31184,15825,32617
31360,15871,32576
31360,15795,32721
31452,15798,32519
31444,15851,32584
31520,15769,32449
31660,15861,32453
31769,15778,32517
31877,15803,32473
31932,15911,32544
31908,15806,32391
32180,15813,32460
32392,15799,32549
32460,15796,32450
32648,15902,32493
32634,15772,32333
32716,15835,32351
32664,15769,32405
32756,15845,32391
32864,15787,32428
32972,15831,32263
33056,15813,32343
33068,15817,32284
33072,15812,32263
33320,15842,32412
33429,15886,32191
33464,15781,32027
33524,15781,32257
33468,15788,32292
33526,15820,32164
33536,15825,32079
33436,15927,32181
33766,15796,32097
33888,15801,32124
33965,15818,31880
34073,15767,32084
34032,15773,32149
33992,15882,31887
33892,15799,31932
33756,15812,32146
33708,15929,31905
33781,15825,32012
33925,15903,31983
33888,15800,31926
33901,15861,31951
33920,15762,31793
33960,15786,31898
33985,15797,31949
33964,15933,31758
33940,15809,31847
33896,15821,31829
33960,15910,31681
33952,15789,31888
33708,15790,31847
33780,15786,31716
33812,15783,31577
33860,15823,31676
33812,15867,31665
33716,15784,31581
33652,15817,31584
33502,15820,31671
33428,15847,31477
33344,15898,31408
33360,15779,31469
33352,15783,31471
33564,15781,31414
33652,15785,31289
33660,15843,31492
33624,15789,31279
33445,15820,31344
33392,15845,31340
33372,15926,31383
33280,15812,31239
33265,15798,31138
33408,15798,31299
33552,15849,31309
33536,15769,31239
33500,15783,31327
33316,15800,31364
33260,15884,31212
33320,15811,31320
33344,15823,31250
33405,15931,31391
33388,15793,31136
33493,15782,31310
33548,15863,31337
33588,15781,31229
33615,15790,31376
33486,15873,31422
33372,15806,31330
33317,15812,31303
33280,15827,31149
33392,15824,31380
33372,15885,31339
33460,15770,31372
33489,15788,31478
33548,15776,31413
33580,15845,31247
33552,15788,31375
33464,15813,31321
33400,15893,31237
33375,15815,31278
33373,15808,31460
33500,15797,31255
33636,15911,31361
33692,15772,31276
33644,15781,31356
33640,15863,31231
33576,15781,31168
33444,15823,31308
33432,15834,31191
33448,15935,31381
33540,15812,31215
33681,15807,31081
33717,15789,31303
33740,15867,31286
33720,15762,31204
33612,15799,31060
33508,15822,31300
33425,15932,31220
33332,15813,31378
33416,15830,31239
33476,15843,31062
33461,15918,31284
33548,15796,31393
33524,15861,31193
33544,15787,31308
33504,15791,31302
33436,15852,31188
33433,15917,31412
33468,15806,31184
33396,15832,31348
33404,15826,31228
33377,15788,31396
33488,15799,31263
33452,15825,31399
33488,15773,31296
33452,15789,31502
33597,15812,31237
33535,15912,31428
33438,15813,31463
33316,15812,31577
33364,15835,31389
33496,15844,31484
33604,15892,31476
33685,15777,31543
33684,15794,31431
33536,15893,31548
33312,15804,31545
33153,15822,31628
33204,15912,31504
33352,15813,31623
33365,15828,31546
33350,15889,31655
33412,15783,31500
33433,15795,31687
33464,15876,31687
33388,15782,31711
33360,15817,31617
33336,15871,31741
33205,15825,31709
33252,15822,31635
33188,15823,31879
33221,15824,31773
33348,15887,31694
33384,15773,31805
33376,15791,31825
33328,15791,31809
33332,15940,31921
33108,15838,31751
33088,15893,31869
33184,15817,31860
33143,15832,31923
33216,15823,31975
33292,15899,31816
33388,15782,31689
33388,15803,31940
33396,15814,31928
33325,15919,31844
33216,15816,32083
33116,15837,31912
33048,15852,31871
33129,15936,31970
33106,15816,31959
33228,15815,31865
33289,15912,32080
33180,15802,31991
33150,15869,32018
33088,15795,31927
33060,15846,32122
33068,15819,31940
33072,15846,31929
33063,15838,32052
33136,15873,32026
33132,15783,32142
33248,15786,32108
33237,15853,32006
33228,15791,31872
33210,15826,32122
33053,15895,31993
32952,15965,32112
32905,15823,32231
32884,15827,32140
32944,15892,32068
32977,15781,32067
33112,15796,31980
33136,15877,32199
33116,15780,32149
33076,15817,32116
32980,15854,32092
32929,15927,32164
32984,15816,32207
33076,15834,32147
33128,15835,32228
33228,15849,32320
33264,15772,32341
33200,15802,32236
33056,15869,32101
32960,15797,32380
32828,15830,32380
32842,15845,32271
32868,15906,32409
32984,15811,32548
33064,15815,32369
33124,15904,32492
33109,15791,32471
33056,15821,32647
33012,15777,32477
33004,15817,32340
33014,15903,32627
33104,15823,32617
33156,15839,32588
33064,15856,32656
33044,15800,32724
33164,15808,32657
33224,15903,32641
33052,15791,32823
32964,15798,32820
32864,15890,32991
32756,15825,33030
32768,15840,33047
32996,15847,32973
33088,15941,33129
33100,15819,33133
33088,15805,33180
33096,15856,33284
33092,15789,33285
33017,15786,33212
32837,15813,33562
32484,15909,33569
32356,15949,33789
32360,15828,33743
32496,15837,33914
32624,15869,34014
32676,15789,34153
32752,15802,34183
32748,15820,34055
32648,15927,34332
32592,15821,34636
32512,15847,34452
32476,15947,34728
32568,15834,34815
32576,15863,34839
32604,15807,35023
32608,15805,35012
32641,15890,35118
32606,15803,35271
32560,15893,35418
32516,15813,35421
32465,15875,35413
32389,15827,35709
32408,15844,35631
32452,15870,35433
32504,15807,35767
32576,15873,35957
32538,15784,35647
32404,15828,35981
32440,15788,36081
32428,15815,36089
32284,15945,36167
32156,15845,36139
32204,15904,36311
32332,15817,36050
32480,15836,36327
32668,15898,36277
32740,15777,36513
32796,15815,36276
32812,15796,36497
32702,15819,36500
32548,15858,36615
32424,15946,36703
32452,15815,36726
32509,15835,36564
32496,15804,36661
32540,15798,36651
32548,15831,36856
32600,15797,36727
32712,15807,36485
32720,15828,36849
32648,15954,36813
32660,15846,37028
32598,15863,36860
32504,15946,36952
32473,15825,36959
32540,15823,37015
32514,15909,37137
32576,15791,36999
32632,15809,36863
32652,15845,37127
32543,15817,37164
32425,15847,37079
32472,15829,37165
32565,15836,37175
32608,15919,37090
32664,15797,37236
32625,15899,37299
32636,15796,37233
32840,15852,37321
32916,15804,37389
32876,15843,37204
32780,15815,37367
32848,15835,37536
32896,15903,37354
33000,15810,37439
33096,15836,37351
33044,15780,37543
32734,15807,37419
32612,15909,37463
32641,15818,37425
32596,15845,37493
32600,15819,37511
32636,15838,37127
32754,15818,37415
32764,15821,37444
32796,15825,37501
32708,15783,37279
32584,15798,37375
32536,15877,37360
32448,15814,37241
32300,15834,36973
32268,15859,37244
32316,15824,37326
32412,15837,37127
32496,15849,37169
32652,15903,36969
32756,15791,37122
32752,15856,36857
32744,15787,36975
32576,15820,37017
32444,15940,36900
32400,15962,36788
32328,15834,36548
32392,15829,36733
32428,15882,36686
32522,15784,36527
32596,15786,36470
32680,15804,36599
32768,15886,36469
32820,15798,36340
32696,15836,36279
32428,15860,36176
32298,15951,36061
32172,15819,36119
31908,15814,36033
31736,15900,35948
31564,15785,36009
31156,15802,35765
30748,15907,35741
30532,15814,35695
30492,15842,35567
30504,15868,35578
30676,15828,35496
31148,15837,35329
31729,15822,35351
32568,15783,35202
33512,15804,35240
34796,15824,34848
36640,15887,35060
38608,15805,34961
40412,15842,34868
42104,15892,34775
42472,15985,34823
41789,15806,34780
40892,15840,34631
39720,15813,34463
37944,15916,34504
35600,15818,34472
34072,15869,34448
33440,15804,34223
33380,15852,34231
33904,15859,34175
34176,15824,34104
33797,15846,34093
33504,15855,33859
33232,15791,33908
33024,15810,33820
32976,15814,33708
32828,15911,33717
32620,15816,33697
32260,15866,33462
31896,15821,33251
31656,15837,33412
31468,15894,33264
31362,15819,33180
31332,15823,32989
31420,15916,33054
31404,15807,32866
31268,15866,32852
31184,15804,32665
31172,15837,32425
31081,15923,32548
31104,15839,32421
31124,15868,32423
31156,15918,32263
31296,15801,32059
31352,15801,31922
31432,15863,31868
31368,15788,31903
31356,15816,31824
31288,15869,31746
31230,15906,31657
31208,15812,31537
31220,15835,31416
31332,15820,31317
31416,15909,31440
31560,15780,31388
31552,15798,31103
31452,15898,31152
31436,15816,31005
31360,15890,30901
31320,15842,30964
31297,15879,30796
31392,15812,30863
31436,15813,30629
31520,15904,30757
31604,15796,30624
31638,15791,30599
31630,15866,30580
31600,15910,30345
31520,15815,30537
31496,15845,30397
31516,15868,30463
31492,15932,30278
31576,15821,30148
31617,15793,30296
31632,15869,30208
31656,15882,30292
31561,15778,30044
31432,15820,30100
31308,15908,29972
31256,15831,29940
31240,15892,29959
31248,15816,29901
31317,15817,29886
31513,15853,29735
31620,15773,29775
31648,15789,29641
31608,15893,29684
31556,15812,29472
31432,15884,29527
31444,15812,29657
31412,15838,29390
31355,15818,29399
31417,15853,29442
31532,15774,29221
31600,15788,29359
31584,15909,29425
31596,15805,29143
31556,15857,29181
31414,15815,29335
31320,15831,29133
31312,15904,29239
31394,15810,29244
31432,15812,29071
31501,15826,29146
31564,15777,29029
31526,15791,29020
31461,15863,29099
31444,15813,29173
31304,15916,29068
31276,15831,29092
31277,15926,29039
31316,15829,29060
31368,15927,28852
31429,15788,28892
31436,15841,28855
31392,15781,28946
31396,15789,29012
31412,15880,28757
31344,15815,28926
31333,15822,28849
31344,15842,28959
31396,15813,28679
31452,15811,28854
31612,15796,28770
31744,15905,28719
31746,15792,28802
31733,15812,28743
31764,15905,28823
31732,15807,28650
31692,15828,28597
31712,15844,28514
31796,15924,28701
31905,15790,28676
31988,15793,28564
32092,15782,28541
32168,15780,28497
32240,15879,28679
32273,15789,28597
32284,15826,28463
32245,15842,28412
32332,15905,28319
32512,15812,28320
32672,15797,28485
32812,15790,28447
32906,15821,28479
33026,15765,28310
33052,15796,28407
33085,15901,28364
33112,15800,28277
33072,15824,28442
33124,15831,28271
33216,15932,28132
33318,15784,28311
33476,15788,28167
33532,15854,28268
33576,15781,28073
33576,15823,28212
33628,15792,28263
33540,15818,28066
33463,15937,28196
33468,15823,28261
33544,15928,28027
33616,15801,28158
33724,15825,28238
33776,15765,28162
33832,15782,27945
33788,15852,28137
33756,15782,28044
33680,15835,28196
33624,15914,28025
33656,15811,27939
33644,15809,27941
33684,15903,28109
33744,15765,28001
33782,15772,28185
33814,15786,28178
33784,15828,28033
33760,15893,27964
33632,15794,28100
33466,15808,27989
33380,15883,28156
33405,15801,27975
33397,15828,28117
33520,15754,28036
33597,15771,28053
33620,15855,27954
33560,15765,28145
33504,15791,28037
33400,15837,28228
33368,15795,28018
33360,15807,28157
33324,15810,28177
33349,15852,28206
33464,15904,28195
33501,15748,28068
33497,15770,28204
33468,15851,28182
33446,15786,28277
33342,15813,28143
33288,15908,28052
33284,15785,28015
33336,15814,28167
33404,15803,28154
33432,15884,28079
33444,15751,28216
33497,15764,28017
33524,15767,27937
33460,15888,28102
33320,15799,28189
33236,15821,27968
33228,15932,28097
33188,15792,27980
33241,15792,28167
33316,15828,27956
33428,15737,28062
33452,15764,28063
33412,15844,28080
33373,15758,28075
33292,15803,27910
33252,15844,28022
33244,15788,28037
33208,15791,27940
33229,15791,28044
33393,15845,27892
33484,15768,28023
33516,15861,27956
33504,15776,27943
33465,15836,27840
33324,15783,28028
33288,15801,27992
33292,15886,27988
33300,15798,27840
33328,15813,28005
33416,15751,28004
33432,15805,28044
33452,15749,28050
33482,15758,27935
33432,15755,28053
33364,15809,28039
33340,15823,28023
33288,15772,28055
33260,15796,28062
33280,15845,28015
33416,15762,27945
33554,15819,28081
33528,15742,28022
33469,15830,27951
33432,15781,28084
33252,15832,27973
33200,15786,28157
33156,15823,27944
33228,15784,28105
33288,15867,28193
33416,15757,28119
33476,15749,28017
33428,15760,28055
33444,15862,28166
33456,15772,28089
33376,15884,28146
33290,15798,27997
33292,15842,28198
33280,15789,28185
33320,15802,28111
33448,15729,28208
33541,15761,28207
33524,15812,28311
33476,15745,28291
33349,15754,28167
33211,15800,28276
33104,15772,28191
33137,15779,28375
33184,15783,28228
33272,15867,28327
33352,15740,28228
33388,15772,28242
33356,15730,28348
33272,15755,28287
33268,15845,28399
33208,15767,28207
33144,15792,28391
33146,15775,28503
33168,15790,28311
33220,15859,28446
33281,15745,28401
33300,15743,28567
33280,15784,28358
33308,15739,28508
33280,15767,28616
33168,15893,28423
33072,15785,28414
33020,15777,28580
33020,15825,28603
33040,15873,28604
33089,15727,28547
33169,15748,28714
33156,15747,28727
33156,15813,28783
33100,15751,28789
32972,15781,28577
32904,15839,28551
32884,15767,28732
32900,15783,28676
32932,15809,28852
33024,15735,28679
33060,15740,28626
33111,15832,28791
33068,15735,28711
33092,15765,28923
33056,15781,28875
32936,15855,28745
32924,15752,28879
32941,15780,28873
32956,15821,28865
33036,15724,28990
33060,15732,28897
33080,15747,28878
33026,15763,28831
32980,15748,28965
32952,15780,28858
32900,15821,29066
32852,15762,28870
32908,15762,28802
32937,15854,29004
33012,15747,28933
33060,15812,29015
33021,15735,28876
32989,15781,29029
32972,15761,28970
32868,15891,29089
32784,15787,29024
32780,15847,29169
32805,15757,29013
32856,15774,29140
32941,15724,29049
33078,15745,29218
33076,15743,29261
32996,15847,29156
32888,15758,29001
32820,15783,29204
32768,15885,29165
32728,15774,29317
32704,15879,29103
32773,15762,29252
32848,15719,29342
32916,15741,29061
32892,15827,29270
32870,15743,29291
32880,15859,29172
32828,15777,29295
32768,15767,29316
32760,15769,29189
32780,15743,29327
32772,15767,29441
32876,15723,29191
33000,15737,29367
32994,15803,29268
33020,15735,29388
32952,15767,29169
32832,15749,29309
32772,15838,29324
32792,15772,29409
32776,15860,29390
32752,15757,29308
32820,15822,29439
32836,15735,29547
32889,15719,29341
32933,15739,29479
32829,15727,29412
32764,15769,29369
32712,15757,29497
32660,15805,29564
32664,15762,29520
32684,15809,29414
32732,15740,29413
32801,15853,29552
32836,15730,29575
32788,15735,29477
32652,15717,29372
32541,15833,29616
32488,15777,29431
32524,15895,29543
32505,15755,29585
32536,15727,29664
32600,15756,29756
32688,15706,29495
32716,15754,29580
32757,15731,29601
32701,15817,29732
32636,15751,29840
32620,15785,29605
32700,15769,29663
32760,15819,29820
32824,15731,29589
33004,15759,29803
33072,15718,29899
32956,15824,29862
32908,15731,29980
32864,15731,29719
32832,15751,29908
32904,15746,29936
32869,15767,29823
32905,15741,29933
32844,15833,29925
32980,15725,29972
33080,15707,30014
33152,15823,29983
33145,15741,29940
33120,15748,30027
33039,15751,30042
33046,15790,30074
33000,15751,30148
32960,15760,30082
32936,15729,30152
33036,15761,30117
33096,15716,30202
33104,15815,30144
33116,15719,30142
33069,15722,30141
32940,15762,30132
32894,15748,30173
32892,15760,30263
32896,15729,29974
32921,15745,30198
33016,15823,30317
33100,15713,30079
33156,15812,30204
33132,15727,30164
33056,15844,30253
33029,15753,30230
32916,15745,30269
32876,15762,30292
32908,15743,30292
32977,15741,30394
33044,15704,30089
33142,15717,30231
33132,15832,30233
33136,15721,30215
33080,15724,30128
32924,15845,30457
32728,15759,30385
32572,15741,30279
32428,15824,30292
32221,15737,30404
32040,15715,30468
31716,15797,30441
31160,15718,30556
30596,15814,30460
30264,15739,30470
30152,15827,30372
30129,15757,30393
30168,15740,30396
30276,15803,30471
30924,15735,30424
32152,15815,30493
33472,15764,30536
35128,15710,30561
37384,15815,30369
40112,15732,30544
42684,15764,30497
45076,15890,30574
46868,15775,30364
47424,15807,30611
46565,15701,30706
45396,15783,30403
44196,15738,30553
42068,15798,30717
40044,15737,30635
39021,15849,30532
38336,15765,30628
37600,15841,30684
36982,15740,30568
36240,15766,30791
35480,15773,30639
34792,15711,30734
34156,15719,30768
33481,15705,30547
32844,15727,30658
32228,15727,30668
31617,15821,30734
31050,15761,30776
30700,15776,30770
30520,15741,30721
30365,15774,30648
30344,15716,30656
30372,15774,30671
30348,15725,30645
30376,15821,30663
30313,15739,30653
30156,15853,30708
30148,15761,30775
30196,15747,30876
30260,15746,30554
30311,15719,30789
30368,15728,30687
30408,15705,30812
30441,15717,30733
30432,15807,30736
30448,15733,30831
30404,15826,30803
30436,15760,30727
30414,15829,30839
30388,15745,30912
30458,15795,30654
30572,15707,30845
30637,15794,30868
30682,15719,30873
30676,15707,30933
30660,15768,30888
30592,15750,30783
30474,15837,30825
30472,15749,30945
30532,15750,30836
30624,15827,30992
30788,15710,30737
30852,15737,30917
30872,15813,31012
30845,15719,30873
30804,15832,30988
30644,15751,31044
30598,15830,30749
30640,15750,30945
30696,15754,31087
30729,15835,30887
30812,15719,30994
30740,15695,31095
30752,15713,30768
30736,15803,31004
30668,15725,31060
30516,15845,30799
30460,15759,30916
30462,15771,31040
30444,15739,30872
30516,15727,31015
30564,15699,31057
30648,15760,31057
30740,15700,30951
30828,15719,31032
30808,15825,30887
30636,15748,31012
30516,15721,31052
30497,15749,31164
30452,15727,31313
30496,15739,31032
30732,15695,31193
30880,15712,31204
30884,15693,31359
30844,15711,31431
30726,15717,31170
30638,15830,31408
30536,15747,31399
30464,15731,31509
30412,15777,31662
30552,15729,31367
30684,15781,31539
30740,15711,31597
30684,15696,31653
30754,15726,31796
30748,15715,31613
30604,15747,31716
30586,15813,31745
30644,15742,31845
30588,15775,31669
30644,15800,31751
30720,15719,31776
30832,15764,31835
30798,15693,31708
30848,15717,31793
30828,15716,31861
30800,15820,31778
30801,15749,31844
30813,15805,31676
30924,15740,31744
30912,15806,31844
31108,15714,31735
31296,15793,31729
31280,15689,31639
31277,15743,31710
31280,15706,31565
31312,15751,31641
31320,15735,31672
31388,15751,31773
31428,15744,31655
31557,15810,31727
31693,15711,31500
31788,15697,31591
31879,15736,31447
31892,15709,31471
31940,15819,31517
32038,15745,31485
32102,15735,31463
32192,15810,31564
32296,15740,31620
32464,15799,31433
32672,15700,31532
32904,15782,31390
33004,15709,31557
33125,15780,31273
33152,15733,31417
33080,15796,31589
33068,15749,31370
33240,15803,31460
33365,15727,31548
33360,15728,31437
33597,15810,31217
33710,15701,31440
33772,15695,31401
33872,15687,31516
33908,15743,31203
33830,15726,31373
33812,15805,31476
33832,15727,31239
33812,15772,31404
33812,15724,31530
33909,15798,31204
34052,15700,31402
34084,15784,31508
34064,15711,31353
34084,15767,31480
34016,15727,31385
33902,15776,31611
33796,15730,31432
33724,15740,31551
33782,15810,31546
33948,15698,31709
34040,15774,31541
34012,15703,31680
33952,15703,31705
33893,15812,31617
33776,15719,31861
33684,15751,31775
33636,15876,31828
33624,15740,31717
33632,15829,31901
33736,15699,31791
33780,15709,31815
33780,15732,31700
33796,15697,31964
33768,15733,31839
33564,15780,32071
33452,15741,32076
33400,15748,31779
33388,15717,32004
33412,15719,32165
33469,15800,31962
33613,15699,32073
33604,15716,32012
33536,15806,32188
33541,15724,32006
33416,15773,32112
33316,15732,32212
33305,15744,32028
33357,15730,32137
33404,15727,32113
33449,15822,32097
33525,15703,31927
33652,15717,32136
33616,15798,32133
33484,15724,32169
33360,15775,31944
33369,15733,32134
33440,15747,32299
33484,15777,32276
33516,15709,31986
33621,15706,32249
33628,15815,32164
33668,15713,32289
33656,15811,32023
33632,15726,32277
33556,15827,32408
33533,15750,32095
33501,15822,32327
33540,15748,32300
33548,15835,32309
33628,15717,32158
33701,15781,32409
33740,15712,32525
33736,15762,32350
33720,15714,32473
33608,15735,32507
33592,15831,32399
33612,15743,32592
33620,15751,32484
33656,15702,32612
33760,15708,32490
33797,15785,32744
33756,15687,32577
33712,15711,32496
33728,15819,32724
33637,15733,32659
33556,15772,32900
33556,15735,32799
33560,15733,32601
33564,15703,32743
33649,15720,32892
33752,15689,32943
33712,15711,32924
33708,15819,32974
33680,15726,33069
33596,15871,33045
33524,15746,32974
33513,15837,33167
33493,15749,33124
33556,15855,33081
33684,15714,33212
33685,15769,32957
33689,15688,33252
33712,15718,33198
33600,15835,33222
33452,15762,33324
33428,15729,33457
33436,15763,33105
33437,15725,33276
33413,15780,33344
33487,15715,33445
33581,15692,33550
33628,15732,33492
33632,15695,33396
33645,15756,33495
33516,15725,33580
33368,15785,33717
33356,15734,33426
33352,15801,33605
33316,15711,33799
33456,15757,33494
33540,15687,33717
33548,15716,33820
33508,15695,33735
33504,15719,33812
33404,15843,33790
33324,15750,33767
33272,15809,33884
33302,15737,34020
33294,15815,33661
33396,15719,33897
33500,15791,34103
33464,15701,33920
33408,15710,34036
33340,15714,33969
33200,15737,34062
33140,15860,34133
33148,15754,34257
33160,15791,34074
33196,15727,34185
33256,15749,34261
33364,15697,34159
33340,15719,34264
33336,15819,34161
33244,15721,34390
33152,15749,34051
33084,15831,34239
33124,15757,34397
33132,15832,34385
33172,15730,34505
33285,15786,34410
33296,15706,34500
33234,15778,34454
33220,15703,34556
33225,15737,34303
33162,15844,34509
33064,15745,34655
33036,15790,34529
33032,15731,34439
33088,15735,34496
33172,15765,34617
33224,15699,34733
33208,15725,34375
33160,15692,34769
33136,15761,34642
33084,15730,34559
33052,15754,34716
33054,15821,34725
33049,15732,34678
33121,15732,34742
33216,15693,34713
33224,15732,34636
33189,15700,34492
33200,15717,34916
33196,15714,34799
33096,15749,34937
33036,15880,34563
33036,15751,34780
33104,15845,34660
33188,15730,34819
33245,15761,34665
33316,15700,34909
33333,15813,34657
33312,15715,34992
33264,15823,34760
33056,15749,34858
32957,15825,34980
32992,15738,34959
33056,15762,35014
33126,15719,34895
33188,15718,34937
33284,15696,34915
33308,15713,34996
33280,15784,35159
33184,15726,34767
32977,15809,34951
32901,15743,35079
32884,15763,35124
32868,15733,35270
32988,15741,35156
33296,15799,35206
33460,15717,34951
33480,15832,35394
33484,15716,35311
33433,15711,35281
33248,15794,35260
33080,15763,35411
33013,15892,35549
32952,15745,35479
32935,15825,35484
32949,15716,35633
33100,15803,35700
33184,15745,35569
33288,15717,35950
33296,15845,35887
33166,15749,35898
32974,15751,35967
32872,15791,36056
32568,15735,36116
32424,15767,36263
32384,15707,36315
32320,15733,36495
32288,15801,36612
32324,15717,36755
32320,15810,36884
32244,15735,37137
32152,15761,36991
32136,15825,37177
32148,15742,37284
32160,15759,37456
32136,15713,37687
32180,15721,37670
32190,15790,37767
32136,15711,37748
32072,15725,37912
31924,15743,38103
31893,15752,38099
31968,15754,38127
32132,15811,38327
32240,15724,38312
32425,15761,38497
32508,15691,38186
32552,15724,38407
32580,15850,38580
32604,15733,38416
32604,15763,38584
32576,15823,38552
32540,15866,38615
32432,15760,38641
32408,15757,38649
32456,15826,38551
32584,15707,38660
32672,15735,38677
32712,15708,38644
32700,15733,38649
32654,15756,38644
32608,15862,38628
32578,15751,38520
32508,15779,38551
32488,15721,38671
32684,15717,38221
32704,15729,38336
32837,15691,38407
32821,15780,38296
32892,15735,38309
32728,15769,38289
32584,15741,38093
32550,15756,38217
32696,15735,38141
32724,15730,38066
32748,15813,38001
32816,15702,37941
32758,15722,37527
32748,15790,37687
32853,15735,37693
32737,15771,37693
32592,15865,37598
32548,15756,37511
32676,15833,37468
32688,15742,37511
32717,15813,37340
32852,15726,37359
32948,15847,36855
32912,15723,36973
32776,15805,37093
32609,15754,36925
32637,15790,36780
32629,15739,36773
32738,15773,36708
32668,15733,36476
32880,15713,36567
32912,15748,36445
32805,15703,36212
32688,15719,36196
32476,15710,36175
32240,15753,36160
31848,15886,35714
31544,15765,35817
31366,15849,35775
30828,15733,35764
30548,15739,35804
30404,15704,35520
30456,15726,35528
30702,15797,35470
30884,15719,35287
30974,15767,35292
31636,15839,35188
32869,15760,35044
34020,15821,35017
35764,15731,35077
37996,15741,34655
40236,15672,34705
42468,15748,34705
44064,15759,34701
44404,15757,34505
43640,15876,34493
42500,15785,34465
41156,15799,34404
39168,15876,34188
36924,15765,34206
35572,15877,34183
35084,15727,34191
35160,15839,34041
35214,15737,33927
34896,15841,33637
34394,15767,33736
33916,15850,33685
33324,15767,33721
33016,15876,33758
32872,15751,33447
32640,15749,33516
32354,15711,33558
31988,15734,33306
31664,15716,33301
31348,15748,33333
31068,15751,33124
30921,15845,33109
30828,15767,32865
30788,15782,32869
30724,15863,32887
30837,15733,32452
30946,15739,32540
30869,15817,32581
30768,15735,32412
30748,15819,32293
30700,15769,32121
30712,15804,32144
30640,15759,31981
30740,15761,31879
30820,15737,31828
30908,15762,31717
30900,15707,31713
30980,15749,31720
31004,15719,31452
30960,15749,31421
30832,15873,31511
30809,15769,31092
30892,15871,31153
31008,15764,31156
31132,15845,31097
31212,15730,30999
31264,15780,30839
31244,15818,30680
31204,15735,30727
31180,15772,30632
31044,15751,30665
30960,15776,30625
30964,15852,30341
31004,15748,30470
31076,15743,30492
31156,15727,30165
31232,15811,30250
31224,15733,30215
31152,15748,30175
31092,15732,30001
31038,15765,30113
30964,15777,29794
30936,15751,29893
30952,15756,29915
30985,15791,29630
31076,15711,29695
31144,15738,29711
31156,15717,29669
31136,15729,29629
31088,15756,29671
31034,15877,29315
30964,15764,29486
30940,15783,29543
30996,15757,29191
30996,15743,29296
31033,15721,29412
31080,15837,29158
31108,15718,29182
31112,15733,29300
31072,15801,29004
31016,15761,29095
30935,15836,28969
30853,15771,28956
30820,15861,28931
30893,15752,29008
31008,15825,29076
31040,15726,28956
31052,15717,28885
31064,15732,28969
31061,15804,28749
30966,15763,28887
30904,15781,28789
30832,15756,28780
30785,15786,28809
30824,15741,28894
30905,15731,28596
30988,15832,28765
30964,15735,28803
30903,15752,28597
30864,15844,28729
30764,15774,28689
30696,15767,28669
30760,15871,28672
30828,15774,28604
30906,15767,28716
31040,15827,28469
31118,15735,28588
31124,15804,28607
31213,15716,28407
31228,15745,28524
31160,15863,28532
31120,15768,28357
31120,15765,28399
31260,15823,28417
31378,15743,28437
31460,15742,28406
31542,15773,28260
31608,15714,28364
31588,15737,28263
31616,15759,28295
31580,15855,28277
31568,15760,28128
31597,15760,28228
31720,15872,28227
31813,15744,28012
31984,15738,28197
32148,15756,28225
32284,15863,28028
32364,15730,28151
32432,15803,28132
32412,15903,28106
32452,15775,27940
32484,15782,27997
32612,15887,27976
32772,15753,28069
32948,15755,28008
33068,15854,27911
33152,15719,28053
33248,15741,27908
33292,15779,28061
33232,15879,27842
33276,15756,27972
33364,15774,28031
33447,15798,27842
33508,15737,27911
33664,15732,27980
33800,15737,28024
33788,15849,27932
33753,15733,27890
33736,15757,28017
33685,15865,28092
33644,15759,27919
33604,15751,28055
33657,15769,28039
33644,15758,28146
33709,15792,27928
33696,15836,28077
33668,15723,28031
33620,15741,27944
33641,15854,28095
33625,15765,28132
33568,15759,27969
33500,15847,28093
33484,15772,28082
33528,15814,28090
33614,15703,27994
33665,15740,28193
33704,15800,27929
33677,15711,28087
33640,15751,28174
33508,15825,27978
33364,15759,28047
33328,15772,28221
33338,15762,28236
33357,15785,28044
33423,15717,28191
33441,15729,28252
33484,15797,28029
33497,15824,28058
33505,15727,28221
33492,15760,28252
33372,15771,28154
33256,15802,28257
33236,15847,28260
33268,15859,28183
33376,15717,28324
33422,15733,28100
33377,15743,28288
33356,15856,28295
33310,15733,28165
33192,15772,28279
33150,15794,28209
33164,15877,28372
33176,15751,28162
33216,15750,28188
33224,15745,28277
33325,15854,28347
33340,15720,28137
33328,15749,28301
33320,15741,28388
33240,15764,28337
33198,15873,28316
33184,15753,28336
33244,15791,28218
33270,15739,28327
33337,15733,28462
33380,15777,28405
33388,15719,28492
33412,15739,28283
33380,15737,28373
33285,15762,28453
33264,15824,28301
33292,15760,28497
33320,15764,28592
33352,15830,28337
33396,15719,28484
33480,15734,28638
33468,15788,28365
33528,15719,28549
33550,15753,28665
33396,15796,28477
33200,15756,28610
33144,15776,28718
33168,15810,28500
33268,15737,28616
33376,15795,28666
33424,15731,28669
33452,15775,28580
33457,15718,28644
33421,15739,28723
33332,15871,28645
33228,15771,28652
33192,15781,28735
33232,15874,28646
33297,15734,28790
33368,15727,28648
33444,15796,28818
33452,15710,28733
33400,15725,28926
33392,15836,28700
33332,15760,28837
33285,15781,28968
33244,15873,28780
33096,15762,28919
33185,15765,28799
33272,15835,28936
33372,15739,28958
33412,15790,28997
33412,15706,28866
33348,15748,28803
33240,15759,29023
33164,15875,29039
33157,15765,28989
33180,15782,28879
33181,15726,29031
33300,15738,29114
33317,15846,28913
33352,15727,29093
33281,15833,29101
33253,15746,29155
33153,15824,29049
33096,15755,29153
33072,15833,29209
33092,15765,29220
33160,15833,29222
33308,15729,29343
33336,15752,29086
33320,15710,29204
33293,15735,29247
33224,15720,29314
33104,15753,29438
33012,15751,29178
33008,15764,29344
33020,15863,29276
33049,15736,29424
33113,15839,29447
33166,15721,29251
33120,15830,29529
33156,15730,29332
33108,15875,29408
33096,15771,29341
33018,15742,29438
32984,15759,29456
32996,15891,29575
32948,15742,29510
33020,15817,29626
33132,15726,29716
33068,15796,29625
33000,15716,29628
33036,15748,29632
32888,15748,29755
32824,15788,29809
32773,15748,29617
32865,15751,29785
32973,15853,29874
33002,15729,29909
33080,15689,30034
33098,15737,29749
33092,15708,29879
33064,15732,29894
32956,15732,29959
32856,15775,29941
32892,15741,30045
32944,15757,30049
32968,15716,30128
33032,15723,30237
33080,15844,30177
33064,15725,30191
32968,15828,30059
32981,15735,30154
32924,15743,30165
32864,15775,30304
32849,15737,30389
32844,15747,30156
32876,15823,30346
32980,15703,30468
33004,15721,30441
33061,15846,30569
33032,15734,30471
32936,15844,30564
32920,15753,30524
32854,15751,30534
32798,15758,30574
32798,15845,30625
32844,15744,30385
32960,15711,30724
33020,15710,30431
32960,15824,30595
32956,15720,30599
32932,15781,30713
32872,15733,30828
32812,15767,30740
32852,15796,30671
32880,15735,30818
32945,15745,30804
32984,15796,30938
33052,15694,30646
33060,15722,30793
33022,15716,30781
32968,15736,30928
32901,15775,30956
32848,15753,30849
32881,15751,30977
32884,15863,31084
32904,15743,31040
32980,15837,31103
33024,15718,31103
33044,15828,31224
33020,15733,30929
32968,15767,31092
32880,15728,31114
32832,15757,31220
32809,15813,31282
32856,15740,31085
32936,15740,31292
33040,15762,31176
32997,15823,31398
33032,15709,31152
33041,15717,31324
32976,15799,31375
32840,15741,31409
32768,15753,31511
32772,15837,31239
32760,15741,31434
32781,15741,31444
32900,15705,31450
32945,15732,31398
32908,15854,31506
32865,15729,31623
32828,15738,31421
32737,15758,31324
32696,15822,31565
32656,15746,31649
32664,15759,31498
32704,15759,31619
32740,15815,31492
32790,15700,31737
32768,15713,31643
32753,15716,31477
32704,15831,31676
32576,15743,31685
32538,15763,31604
32529,15861,31678
32548,15754,31813
32616,15804,31527
32697,15714,31609
32820,15740,31645
32736,15711,31748
32756,15720,31764
32752,15717,31796
32724,15755,31840
32732,15824,31657
32764,15745,31675
32828,15749,31810
32944,15802,31853
33020,15688,31796
33052,15717,31796
33048,15769,31863
33056,15699,31740
33013,15737,31876
32932,15852,31661
32904,15743,31856
32928,15752,31927
32972,15861,31801
33032,15741,31909
33136,15749,31869
33168,15772,31976
33060,15717,31941
33112,15757,31900
33037,15727,31941
33028,15828,31917
32948,15734,32024
32808,15763,31956
32928,15828,32031
32912,15711,31833
32964,15735,32028
33120,15709,31836
33056,15725,31990
32908,15719,32141
32909,15865,32039
32872,15738,32165
32820,15765,32130
32765,15752,32046
32772,15825,32313
32897,15724,32126
33044,15719,32239
33041,15732,32224
33044,15777,32143
33072,15825,32364
32932,15727,32199
32912,15753,32040
32797,15767,32319
32856,15783,32189
32840,15871,32448
32880,15736,32279
32925,15721,32348
32984,15798,32309
32980,15727,32407
32976,15751,32220
32876,15849,32391
32609,15762,32348
32376,15779,32496
32196,15834,32234
31948,15755,32404
31808,15765,32263
31460,15739,32503
30912,15795,32397
30432,15733,32172
30174,15760,32256
30064,15856,32456
30080,15776,32201
30108,15785,32361
30260,15879,32456
30944,15779,32252
32020,15783,32331
33344,15734,32340
35336,15740,32375
37756,15854,32225
40456,15720,32409
43072,15770,32116
45412,15830,32303
46780,15758,32417
46640,15793,32199
45700,15811,32357
44539,15817,32349
43184,15713,32381
41018,15767,32182
39296,15826,32386
38504,15719,32351
37996,15781,32289
37292,15844,32389
36520,15757,32337
35628,15829,32391
34792,15903,32204
34124,15752,32433
33492,15763,32468
32840,15781,32517
32341,15740,32239
31828,15765,32459
31312,15817,32494
30860,15780,32256
30473,15798,32429
30224,15857,32495
30066,15780,32391
30068,15788,32384
30080,15838,32295
30052,15741,32345
29948,15756,32351
29957,15845,32209
29952,15770,32253
29852,15839,32064
29868,15784,32301
29912,15792,32343
29890,15812,32211
29848,15881,32301
30004,15755,32274
30072,15758,32216
30172,15743,32300
30196,15759,32355
30184,15805,32100
30128,15777,32263
30124,15798,32376
30138,15810,32188
30160,15892,32284
30264,15775,32359
30344,15788,32213
30396,15853,32279
30424,15748,32381
30522,15740,32100
30439,15773,32244
30245,15893,32284
30174,15794,32276
30201,15857,32141
30337,15773,32262
30460,15772,32261
30536,15719,32171
30552,15746,32156
30696,15791,32221
30706,15742,32050
30534,15759,32212
30472,15820,31972
30516,15778,32060
30484,15797,32108
30480,15767,32069
30508,15763,31932
30578,15847,31876
30612,15737,31943
30740,15737,31884
30796,15741,31668
30696,15772,31751
30700,15845,31836
30604,15766,31630
30708,15781,31751
30752,15821,31839
30736,15743,31604
30737,15748,31684
30884,15804,31766
30977,15725,31529
30912,15747,31620
30832,15807,31714
30636,15871,31532
30604,15782,31581
30696,15852,31574
30700,15780,31558
30740,15853,31644
30752,15745,31300
30865,15761,31396
30873,15723,31404
30932,15732,31514
30924,15839,31620
30749,15755,31421
30613,15779,31516
30640,15831,31384
30594,15759,31570
30576,15758,31397
30724,15810,31254
30808,15712,31471
30796,15743,31404
30754,15799,31447
30708,15732,31300
30633,15771,31453
30592,15776,31356
30573,15831,31476
30727,15752,31388
30804,15761,31176
30844,15761,31399
30896,15807,31345
30936,15716,31310
30948,15726,31465
30925,15745,31275
30940,15839,31383
30912,15759,31235
30992,15781,31412
31072,15754,31268
31072,15750,31141
31108,15722,31367
31228,15756,31375
31314,15722,31487
31272,15728,31300
31364,15834,31424
31292,15764,31529
31289,15820,31204
31389,15747,31414
31440,15766,31537
31560,15769,31262
31713,15702,31471
31816,15727,31598
32012,15762,31418
32080,15714,31483
32108,15739,31660
32136,15831,31591
32208,15744,31505
32360,15753,31748
32428,15753,31668
32516,15743,31494
32756,15740,31714
32940,15807,31702
32972,15714,31751
33096,15724,31694
33084,15808,31790
33144,15735,31799
33194,15753,31809
33228,15862,31597
33352,15729,31725
33501,15743,31847
33624,15773,31751
33744,15694,31961
33736,15719,31795
33856,15807,31900
33864,15722,31863
33693,15742,31845
33668,15809,32029
33732,15735,31835
33772,15751,31701
33888,15811,31953
33952,15702,31977
34036,15726,31893
34052,15812,31877
34008,15698,32009
34008,15721,32032
33892,15765,31924
33808,15729,32175
33764,15752,31988
33756,15772,31844
33788,15716,32087
33872,15703,32188
33996,15780,32215
34016,15695,32062
33949,15716,32167
33864,15731,32175
33768,15777,32068
33704,15725,32181
33684,15744,31994
33604,15783,32255
33524,15716,32386
33692,15717,32051
33732,15783,32310
33733,15691,32247
33704,15738,32276
33652,15712,32364
33596,15825,32471
33452,15749,32380
33364,15807,32489
33436,15727,32173
33392,15716,32364
33468,15818,32445
33528,15703,32414
33564,15727,32519
33544,15678,32165
33480,15716,32297
33272,15841,32359
33280,15725,32399
33292,15743,32433
33308,15820,32183
33380,15708,32321
33416,15713,32317
33564,15780,32349
33588,15692,32413
33532,15717,32236
33505,15840,32334
33432,15733,32389
33316,15747,32213
33317,15717,32295
33396,15728,32319
33437,15827,32048
33440,15689,32237
33520,15695,32327
33616,15738,32184
33488,15684,32247
33481,15719,32352
33408,15815,31972
33280,15737,32138
33220,15743,32121
33381,15713,32219
33448,15717,32295
33593,15818,32189
33732,15796,32133
33724,15763,32053
33677,15672,32180
33669,15701,32164
33530,15854,32235
33324,15741,31913
33304,15780,32025
33352,15718,32073
33472,15709,32039
33584,15778,32112
33712,15692,32091
33648,15732,32217
33544,15683,32104
33556,15716,32165
33500,15711,31857
33468,15730,31985
33452,15825,32001
33416,15727,32086
33444,15777,32197
33512,15676,32102
33620,15711,32087
33641,15669,31852
33556,15713,32149
33568,15681,31860
33422,15718,32066
33384,15839,32002
33381,15713,32067
33296,15719,32124
33384,15756,31860
33438,15660,31988
33504,15685,32000
33508,15721,32113
33462,15657,32230
33484,15696,31988
33398,15809,32101
33280,15716,32125
33372,15746,32135
33401,15818,32052
33380,15699,32029
33516,15693,32141
33541,15809,32231
33536,15685,32151
33399,15746,32262
33461,15679,31911
33424,15717,32057
33344,15747,32151
33304,15710,32175
33360,15712,32113
33396,15730,32093
33396,15775,32203
33472,15655,32188
33496,15676,32220
33464,15718,32116
33416,15792,32252
33312,15709,32201
33237,15716,32172
33236,15773,32283
33204,15692,32346
33184,15697,32198
33256,15679,32061
33356,15707,32311
33384,15782,32350
33312,15686,32210
33253,15703,32356
33188,15803,32396
33064,15707,32281
33048,15699,32396
33088,15743,32498
33196,15676,32239
33224,15671,32342
33277,15748,32468
33280,15653,32208
33262,15666,32415
33210,15737,32581
33070,15689,32354
33012,15708,32479
32980,15733,32612
32944,15693,32435
32998,15693,32548
33132,15746,32671
33200,15669,32569
33226,15696,32518
33220,15781,32575
33144,15664,32332
33124,15701,32533
33032,15779,32694
33000,15693,32533
33032,15695,32624
33045,15797,32530
33108,15670,32695
33210,15719,32479
33208,15660,32657
33222,15669,32802
33234,15738,32631
33149,15682,32479
33129,15703,32701
33150,15810,32873
33116,15666,32803
33152,15680,32718
33184,15659,32812
33164,15729,32694
33114,15652,32902
33076,15650,32727
33048,15669,32901
33048,15776,32768
32972,15680,33044
32920,15677,32903
32940,15687,32711
32990,15682,32974
33088,15709,32964
33132,15756,33127
33092,15765,33173
32977,15633,32886
32852,15669,33095
32764,15790,33220
32732,15674,33048
32862,15697,33150
33006,15789,33311
33024,15656,32991
33200,15684,33141
33276,15639,33364
33312,15647,33099
33280,15657,33402
33082,15698,33303
32784,15671,33548
32576,15693,33540
32456,15706,33491
32561,15660,33530
32660,15661,33681
32700,15753,33804
32784,15625,33780
32912,15652,33764
32952,15684,33927
32940,15725,33873
32808,15671,34183
32620,15685,34034
32528,15790,34175
32436,15689,34244
32388,15787,34387
32540,15652,34557
32716,15616,34565
32884,15652,34588
32864,15786,34692
32808,15666,34852
32640,15722,34949
32492,15673,34929
32460,15686,35133
32400,15687,35335
32484,15791,35223
32568,15651,35452
32600,15667,35565
32604,15628,35620
32612,15645,35764
32556,15759,35770
32374,15684,35868
32305,15707,36024
32296,15657,36171
32352,15680,36248
32396,15720,36216
32412,15621,36425
32404,15639,36469
32320,15630,36487
32324,15640,36469
32320,15748,36685
32316,15663,36858
32304,15672,36767
32300,15783,36886
32241,15685,36801
32292,15701,37127
32418,15628,36788
32548,15634,37074
32612,15734,37281
32752,15623,37076
32772,15658,37208
32736,15715,37168
32760,15660,37396
32656,15676,37063
32509,15755,37356
32348,15655,37520
32444,15680,37148
32569,15621,37469
32749,15630,37596
32956,15616,37443
32924,15654,37521
32688,15789,37679
32553,15663,37505
32520,15668,37241
32648,15682,37616
32972,15746,37568
33204,15629,37747
33180,15625,37583
33137,15727,37671
33152,15638,37695
33241,15700,37417
33068,15660,37546
32801,15735,37623
32509,15654,37700
32340,15666,37564
32300,15743,37721
32440,15627,37690
32612,15622,37700
32672,15717,37767
32688,15631,37418
32720,15770,37606
32716,15639,37863
32788,15675,37661
32860,15677,37383
32832,15769,37719
32744,15652,37783
32748,15665,37705
32709,15731,37696
32648,15609,37581
32604,15631,37815
32516,15659,37639
32448,15757,37701
32404,15649,37582
32424,15661,37727
32516,15748,37652
32664,15612,37647
32852,15620,37501
32864,15617,37759
32768,15631,37628
32696,15749,37223
32648,15617,37484
32444,15654,37652
32408,15698,37330
32484,15689,37495
32532,15638,37303
32448,15631,37487
32359,15623,37042
32341,15662,37268
32168,15591,37287
31908,15613,37290
31621,15652,37127
31170,15635,37173
30580,15661,37149
30236,15758,37229
30112,15655,37084
30168,15684,36924
30328,15613,37043
30580,15603,36765
30932,15617,36912
31484,15702,36909
32408,15609,36888
33377,15660,36596
34808,15686,36803
36816,15762,36656
38873,15628,36761
40984,15655,36333
42664,15724,36487
43088,15634,36506
42432,15653,36524
41460,15577,36606
40216,15653,36462
38228,15751,36423
35860,15653,36057
34332,15674,36198
33820,15745,36295
33976,15620,36253
34544,15634,36115
34596,15620,36253
34144,15678,36172
33712,15749,35999
33268,15641,36068
32908,15693,36082
32804,15637,36133
32553,15662,35996
32198,15634,35999
31864,15645,35959
31584,15614,35788
31452,15683,35869
31344,15735,35544
31224,15612,35772
31088,15632,35878
30948,15652,35631
30840,15697,35344
30844,15643,35479
30838,15650,35462
30752,15678,35445
30892,15603,35529
31056,15613,35066
31136,15652,35213
31113,15606,35199
31086,15632,35167
30992,15653,35137
30956,15757,35047
30988,15629,35089
31032,15631,34783
31096,15628,34775
31196,15710,34695
31260,15604,34706
31304,15630,34689
31360,15594,34567
31332,15623,34532
31244,15641,34360
31220,15662,34039
31204,15701,34248
31284,15724,34165
31345,15613,34068
31320,15609,34012
31376,15607,33701
31436,15693,33893
31444,15590,33927
31385,15623,33528
31320,15688,33582
31248,15624,33543
31160,15645,33554
31156,15731,33591
31256,15606,33193
31300,15597,33323
31412,15591,33242
31500,15588,33148
31576,15601,33007
31524,15668,33012
31456,15622,33004
31336,15634,33002
31276,15751,32893
31261,15645,32849
31324,15640,32972
31436,15594,32564
31528,15605,32713
31524,15685,32802
31508,15614,32411
31464,15693,32480
31432,15616,32471
31364,15633,32510
31289,15733,32463
31348,15628,32295
31380,15639,32364
31424,15717,32359
31452,15599,32132
31492,15662,32207
31476,15588,32180
31408,15623,32057
31336,15643,31852
31292,15675,32044
31288,15732,31893
31368,15646,31852
31388,15621,31896
31456,15667,31790
31528,15589,31935
31524,15601,31571
31434,15659,31661
31400,15601,31651
31337,15629,31709
31252,15708,31807
31156,15635,31672
31168,15647,31745
31212,15600,31388
31320,15611,31572
31396,15635,31669
31373,15579,31353
31348,15597,31479
31276,15682,31534
31272,15606,31469
31284,15648,31319
31232,15643,31447
31228,15734,31164
31264,15628,31246
31436,15606,31394
31512,15682,31198
31496,15604,31273
31436,15647,31198
31452,15597,31271
31436,15636,31343
31380,15729,31105
31464,15628,31167
31480,15672,31141
31596,15726,31176
31704,15587,31107
31856,15607,31065
31976,15663,31105
32016,15585,31156
32036,15621,30905
32028,15677,30935
31968,15618,31037
31992,15634,30800
31992,15637,31025
32072,15625,30949
32280,15693,31061
32524,15568,30764
32648,15604,30948
32660,15608,30804
32708,15613,31010
32740,15631,30825
32744,15649,30735
32848,15706,30865
32937,15741,30836
33008,15611,30806
33196,15575,30859
33376,15581,30719
33448,15601,30695
33520,15607,30808
33574,15608,30758
33561,15657,30777
33510,15723,30862
33516,15617,30715
33566,15617,30520
33636,15598,30743
33816,15587,30711
33865,15599,30632
33894,15594,30814
33900,15643,30695
33896,15701,30510
33836,15729,30709
33792,15712,30688
33752,15681,30572
33756,15723,30740
33748,15608,30591
33880,15573,30476
33953,15573,30673
33928,15577,30668
33888,15599,30546
33876,15603,30750
33812,15718,30522
33724,15616,30643
33687,15636,30655
33708,15638,30533
33689,15718,30651
33748,15575,30623
33776,15591,30604
33764,15588,30655
33768,15670,30631
33688,15599,30528
33614,15628,30644
33536,15636,30753
33536,15676,30413
33560,15609,30513
33556,15610,30580
33604,15596,30646
33689,15611,30677
33732,15663,30506
33732,15587,30609
33680,15616,30569
33561,15642,30614
33449,15741,30645
33436,15623,30444
33404,15628,30545
33472,15641,30641
33584,15650,30437
33621,15701,30543
33608,15578,30454
33584,15571,30560
33532,15623,30316
33404,15631,30492
33356,15704,30556
33360,15765,30264
33332,15616,30478
33392,15607,30434
33520,15574,30465
33600,15587,30462
33596,15597,30445
33576,15607,30524
33540,15607,30373
33476,15657,30493
33400,15695,30404
33408,15725,30511
33456,15685,30568
33465,15705,30433
33536,15693,30309
33580,15674,30463
33576,15583,30615
33596,15604,30317
33628,15617,30540
33548,15668,30541
33472,15687,30515
33444,15709,30341
33401,15743,30529
33424,15747,30680
33500,15708,30487
33586,15585,30374
33578,15589,30581
33560,15585,30473
33512,15604,30684
33340,15644,30382
33268,15651,30569
33292,15718,30661
33280,15623,30462
33364,15628,30629
33464,15613,30725
33568,15613,30553
33638,15708,30645
33580,15584,30752
33487,15617,30562
33388,15636,30664
33340,15719,30653
33324,15619,30573
33324,15639,30671
33324,15620,30653
33388,15675,30812
33472,15586,30497
33556,15599,30700
33544,15623,30839
33468,15719,30628
33407,15619,30765
33301,15639,30671
33210,15735,30688
33240,15626,30791
33280,15630,30676
33369,15727,30745
33425,15591,30824
33436,15619,30849
33389,15719,30751
33356,15622,30864
33242,15655,30916
33172,15764,30677
33152,15647,30886
33160,15649,30922
33188,15698,30765
33268,15583,30887
33312,15605,30932
33272,15613,30983
33256,15684,30972
33248,15610,31105
33208,15619,30924
33140,15652,31044
33173,15655,30984
33148,15631,31164
33124,15621,30966
33176,15607,31084
33196,15622,31057
33240,15660,31165
33261,15719,31054
33272,15605,31117
33148,15655,31102
33052,15674,31255
32956,15781,31045
32949,15634,31020
32924,15629,31157
33068,15623,31069
33144,15690,31269
33208,15723,31023
33172,15594,31181
33060,15629,31239
33008,15672,30986
32881,15719,31231
32836,15757,31113
32826,15617,31325
32852,15637,31032
32986,15617,31251
33053,15696,31188
33080,15596,31138
33048,15617,31260
32996,15640,31189
32924,15718,31326
32880,15761,31130
32878,15636,31268
32868,15634,31285
32889,15647,31149
32916,15636,31225
33044,15717,31204
33064,15608,31269
33072,15617,31362
33001,15702,31032
32888,15639,31123
32852,15659,31181
32828,15653,31267
32812,15703,31209
32852,15612,31148
32960,15623,31215
33034,15645,31340
32993,15601,31010
33000,15625,31111
32948,15649,31349
32876,15757,31084
32813,15641,31211
32816,15661,31292
32783,15660,31105
32768,15693,31221
32836,15732,31252
32940,15618,30956
32916,15654,31084
32884,15601,30967
32814,15635,31125
32696,15767,31059
32675,15645,31125
32677,15660,31234
32708,15723,30929
32702,15627,31068
32829,15625,31024
32950,15715,31095
32924,15627,31084
32933,15713,31110
32856,15634,31159
32720,15668,30892
32608,15753,31074
32580,15663,31141
32653,15654,30948
32734,15737,31045
32796,15620,31167
32852,15631,30847
32820,15645,31052
32708,15615,31019
32732,15653,31074
32572,15676,31101
32492,15757,30946
32548,15652,31053
32560,15666,30935
32576,15668,30971
32668,15609,30997
32718,15631,30931
32726,15741,31036
32748,15630,31050
32684,15649,30924
32608,15693,31031
32536,15782,31111
32480,15653,30917
32485,15672,31022
32508,15685,31085
32644,15748,31015
32664,15635,31109
32672,15707,30884
32636,15632,30993
32512,15660,30854
32376,15762,30965
32328,15665,31037
32288,15677,30976
32256,15756,30963
32266,15642,30869
32392,15645,30977
32492,15685,30897
32528,15620,30823
32521,15643,30877
32524,15737,30908
32404,15682,30952
32308,15705,31056
32369,15660,30719
32465,15676,30999
32560,15781,30806
32732,15639,30924
32856,15666,31024
32817,15750,30693
32748,15638,30820
32776,15662,30796
32736,15720,30910
32684,15795,30774
32638,15677,30870
32640,15687,30889
32660,15778,30939
32734,15651,30751
32817,15677,30748
32872,15752,30885
32813,15639,30854
32740,15690,30903
32676,15675,30688
32669,15697,30794
32716,15711,30939
32716,15763,30780
32732,15655,30847
32813,15665,30932
32885,15622,30834
32884,15658,30880
32856,15692,30607
32805,15651,30833
32688,15693,30697
32656,15706,30831
32668,15789,30916
32636,15683,30796
32576,15672,30763
32704,15760,30766
32746,15647,30810
32740,15669,30792
32812,15633,30814
32860,15665,30839
32800,15791,30820
32672,15695,30828
32620,15698,30590
32668,15794,30768
32705,15677,30681
32753,15676,30777
32760,15769,30884
32752,15633,30649
32756,15661,30720
32728,15752,30831
32540,15679,30775
32332,15717,30855
32220,15683,30543
32084,15688,30719
31832,15769,30543
31548,15667,30855
31324,15717,30756
30756,15653,30832
30212,15683,30741
29847,15780,30816
29648,15694,30557
29568,15707,30623
29620,15775,30652
29768,15703,30680
30460,15762,30528
31758,15683,30809
33080,15733,30743
34880,15650,30748
37280,15702,30530
40008,15664,30689
42560,15732,30613
44956,15793,30721
46600,15729,30809
46792,15759,30542
45716,15647,30700
44444,15695,30815
43061,15818,30495
40889,15696,30804
39024,15751,30474
38172,15675,30592
37692,15737,30591
37057,15684,30652
36404,15734,30591
35632,15711,30628
34780,15704,30783
34112,15705,30490
33492,15671,30590
32788,15679,30594
32200,15781,30721
31564,15687,30588
30944,15721,30624
30456,15711,30652
30133,15736,30575
29972,15703,30676
29868,15695,30759
29854,15670,30652
29838,15683,30727
29824,15755,30455
29772,15681,30457
29768,15740,30376
29694,15722,30629
29644,15799,30529
29614,15727,30538
29698,15761,30480
29750,15696,30574
29840,15684,30228
29934,15762,30324
29960,15680,30311
29962,15699,30308
29936,15796,30339
29776,15724,30342
29736,15813,30316
29804,15720,30314
29864,15810,30205
29968,15701,30176
30092,15680,30171
30206,15675,30256
30288,15674,30258
30300,15687,30055
30308,15722,30137
30212,15703,30153
30104,15730,30251
30138,15716,30311
30209,15725,30248
30320,15782,30236
30429,15676,30139
30436,15677,30126
30493,15713,30196
30524,15685,30177
30460,15721,30200
30304,15716,30210
30250,15791,30181
30304,15717,30270
30334,15723,29929
30352,15796,30120
30457,15682,30204
30526,15678,29969
30556,15751,30073
30520,15700,30158
30472,15767,29864
30444,15719,30044
30404,15739,30001
30416,15805,29890
30412,15705,29944
30357,15713,30168
30508,15692,29940
30592,15779,30083
30602,15676,29996
30540,15688,30132
30468,15797,30088
30402,15717,30031
30372,15733,30116
30408,15778,30141
30400,15833,30063
30432,15701,30193
30512,15685,29988
30568,15689,30148
30639,15791,30183
30644,15701,30237
30516,15759,30237
30436,15716,30168
30420,15731,30269
30384,15838,30210
30368,15728,30294
30384,15783,30428
30512,15690,30357
30564,15695,30420
30528,15797,30215
30508,15707,30365
30508,15742,30337
30413,15713,30439
30272,15739,30493
30244,15844,30460
30324,15734,30564
30389,15732,30345
30516,15693,30420
30636,15703,30412
30728,15762,30460
30676,15691,30428
30600,15751,30449
30524,15713,30524
30510,15745,30228
30538,15749,30350
30548,15833,30461
30657,15717,30215
30808,15701,30317
30924,15791,30310
30998,15694,30382
31068,15719,30357
31072,15821,30404
31040,15735,30407
31020,15821,30181
31076,15731,30368
31184,15763,30174
31256,15704,30331
31361,15704,30412
31516,15743,30142
31672,15691,30306
31740,15700,30452
31792,15719,30244
31752,15814,30357
31824,15723,30340
31968,15740,30361
32120,15793,30162
32288,15700,30341
32477,15710,30445
32660,15782,30145
32777,15680,30224
32888,15700,30230
33005,15830,30311
32988,15719,30434
32976,15748,30344
33029,15819,30357
33120,15713,30447
33248,15724,30124
33388,15773,30329
33520,15676,30431
33561,15704,30209
33536,15755,30327
33500,15707,30452
33516,15745,30129
33557,15868,30369
33544,15735,30215
33615,15749,30343
33708,15711,30415
33808,15712,30357
33896,15751,30439
33944,15690,30139
33964,15719,30244
33928,15697,30255
33832,15743,30356
33756,15818,30453
33736,15731,30351
33740,15740,30364
33760,15791,30335
33816,15692,30388
33842,15700,30367
33828,15715,30293
33792,15692,30359
33793,15735,30297
33684,15727,30396
33584,15753,30317
33540,15718,30388
33524,15741,30433
33520,15860,30444
33604,15705,30549
33672,15802,30248
33720,15695,30384
33692,15721,30367
33588,15699,30492
33488,15743,30564
33354,15830,30500
33268,15730,30396
33264,15743,30564
33316,15803,30324
33386,15678,30500
33445,15711,30607
33479,15765,30355
33441,15690,30455
33372,15742,30527
33221,15733,30556
33140,15754,30477
33124,15772,30463
33089,15731,30562
33136,15732,30671
33208,15803,30373
33301,15710,30489
33324,15813,30480
33284,15719,30564
33236,15768,30627
33200,15729,30407
33144,15749,30599
33108,15837,30716
33120,15731,30527
33132,15726,30625
33248,15713,30528
33421,15795,30540
33480,15694,30481
33482,15700,30666
33440,15726,30564
33336,15825,30762
33296,15733,30653
33276,15751,30471
33320,15772,30636
33397,15709,30700
33484,15717,30692
33532,15812,30617
33560,15714,30727
33518,15753,30741
33460,15796,30757
33348,15732,30823
33284,15755,30561
33328,15725,30672
33372,15758,30811
33428,15727,30765
33472,15734,30887
33557,15688,30693
33608,15709,30816
33628,15823,30828
33500,15702,30805
33408,15756,30663
33288,15768,30860
33285,15728,30748
33336,15743,30949
33373,15738,30780
33460,15817,30877
33572,15695,30868
33604,15715,30967
33556,15717,30864
33444,15795,30710
33364,15729,30932
33308,15747,30853
33384,15747,31053
33388,15836,30865
33381,15718,30993
33480,15716,30948
33532,15777,30901
33532,15703,30805
33505,15708,30996
33468,15748,31136
33381,15740,30917
33316,15756,31047
33276,15760,30957
33317,15876,31153
33372,15732,31061
33464,15816,31047
33536,15713,30952
33444,15819,31024
33460,15716,31005
33440,15759,31100
33400,15733,30977
33292,15750,31111
33280,15744,31005
33277,15821,31121
33240,15717,31007
33325,15725,31060
33376,15789,31141
33384,15696,31244
33384,15721,30985
33421,15861,31141
33368,15754,31257
33292,15793,30977
33260,15739,31111
33220,15737,31205
33252,15836,30937
33306,15701,31183
33368,15711,31223
33364,15697,31105
33372,15719,31193
33280,15796,31170
33108,15729,31234
33012,15755,31217
33036,15853,31180
33040,15739,31269
33124,15727,31227
33192,15796,31310
33256,15703,31289
33228,15759,31205
33188,15711,31324
33136,15735,31135
33064,15852,31345
33008,15741,31468
33028,15748,31214
33042,15842,31375
33056,15722,31327
33120,15707,31367
33174,15820,31453
33172,15725,31552
33169,15800,31245
33096,15727,31432
32956,15785,31463
32900,15740,31490
32904,15756,31405
32924,15858,31461
32933,15735,31533
33068,15704,31599
33148,15722,31314
33150,15693,31421
33148,15740,31513
33128,15716,31573
32996,15745,31628
32885,15850,31481
32870,15761,31596
32858,15813,31649
32938,15717,31480
32996,15722,31616
33004,15836,31717
33016,15715,31612
33020,15695,31733
33000,15841,31645
32900,15786,31697
32784,15762,31653
32846,15818,31741
32844,15749,31649
32928,15764,31620
32990,15703,31486
33092,15724,31637
33040,15690,31618
33031,15740,31684
32952,15717,31798
32864,15751,31461
32810,15735,31649
32778,15762,31695
32788,15889,31685
32848,15747,31812
32981,15794,31615
33060,15700,31730
33125,15723,31653
33128,15822,31669
33038,15737,31740
32869,15787,31653
32848,15757,31738
32880,15792,31765
32900,15746,31840
32920,15799,31538
32996,15724,31766
33092,15796,31596
33104,15723,31652
33020,15748,31860
32980,15711,31788
32902,15769,31780
32824,15750,31612
32824,15798,31738
32852,15737,31861
32912,15748,31837
32976,15835,31798
33052,15719,31751
32980,15819,31847
32956,15737,31868
32892,15747,31887
32828,15862,31700
32768,15760,31859
32800,15776,31903
32780,15863,31824
32848,15869,31758
32865,15701,31637
32877,15724,31861
32876,15812,31977
32852,15715,31783
32752,15799,31868
32588,15751,31813
32468,15756,31922
32480,15773,31793
32518,15783,31884
32513,15756,31764
32625,15735,31847
32728,15823,31894
32736,15705,31900
32756,15733,31879
32712,15781,31711
32660,15741,31900
32632,15775,31908
32672,15823,31868
32692,15742,31893
32789,15753,31853
32884,15743,31969
32940,15798,31943
32934,15856,31721
32932,15723,31897
32957,15748,31952
32928,15873,31946
32888,15780,31973
32876,15854,31828
32856,15756,31972
32884,15772,32071
33036,15839,31751
33140,15740,31872
33092,15764,32084
33088,15711,31788
33060,15751,32020
32976,15827,31911
32892,15753,32108
32796,15767,31847
32764,15866,32024
32792,15751,32158
32912,15742,31975
32928,15766,32076
32944,15842,32075
32956,15743,32033
32961,15818,32005
32880,15745,31968
32784,15780,32078
32696,15772,32153
32709,15877,31944
32736,15749,32106
32868,15741,32212
32929,15836,31865
32916,15733,32057
32884,15748,32223
32817,15823,32027
32752,15759,32128
32740,15777,32212
32777,15889,31903
32782,15780,32019
32800,15834,32086
32876,15729,32132
32881,15763,32056
32908,15743,31889
32904,15761,32009
32756,15735,32068
32524,15783,32133
32348,15863,32130
32193,15767,32028
31988,15799,32129
31672,15751,32194
31376,15769,32152
30932,15735,32257
30396,15754,31903
30092,15741,32254
29921,15795,31916
29836,15775,32087
29869,15790,32076
30060,15874,32140
30628,15792,32288
31790,15810,32103
33102,15749,32212
34836,15759,32158
37188,15842,32111
40004,15756,32175
42636,15805,32257
44940,15928,32220
46485,15814,32112
46768,15893,32142
45796,15754,32245
44572,15814,32165
43416,15860,32336
41400,15876,32389
39476,15786,32197
38548,15799,32303
38001,15746,32362
37384,15810,32215
36700,15909,32334
35880,15788,32349
35108,15807,32274
34380,15791,32263
33780,15868,32372
33292,15775,32256
32736,15781,32320
32156,15873,32149
31616,15789,32335
31012,15808,32465
30604,15913,32375
30384,15813,32396
30240,15908,32132
30168,15788,32328
30160,15802,32348
30188,15767,32348
30180,15776,32441
30184,15748,32117
30140,15794,32322
30111,15879,32175
30016,15804,32254
30052,15812,32352
30125,15809,32302
30144,15869,32061
30217,15773,32268
30324,15757,32244
30397,15773,32252
30424,15776,32225
30396,15821,32127
30332,15889,32276
30292,15812,32197
30200,15822,32321
30304,15816,32205
30432,15859,32327
30512,15785,32295
30573,15764,32456
30600,15786,32300
30645,15788,32409
30602,15871,32322
30569,15814,32369
30524,15824,32501
30476,15850,32423
30556,15807,32455
30624,15805,32540
30701,15891,32582
30837,15788,32581
30830,15782,32724
30728,15797,32510
30678,15811,32655
30649,15910,32579
30588,15818,32575
30536,15831,32669
30520,15863,32654
30633,15806,32797
30840,15797,32473
30888,15817,32629
30924,15786,32731
30836,15795,32468
30753,15823,32680
30632,15818,32789
30636,15845,32584
30621,15917,32632
30732,15837,32614
30748,15849,32693
30832,15788,32767
30946,15792,32745
30836,15785,32766
30885,15795,32750
30888,15821,32657
30773,15906,32784
30765,15831,32833
30720,15845,32733
30740,15847,32945
30825,15903,32681
30824,15797,32910
30860,15806,32993
30876,15910,32884
30932,15794,32887
30924,15820,32786
30820,15940,33037
30712,15846,33193
30784,15908,33116
30736,15844,33183
30692,15850,33089
30768,15799,33225
30816,15813,33301
30892,15871,33328
30996,15800,33069
30956,15839,33270
30816,15853,33502
30624,15951,33237
30628,15856,33407
30576,15863,33601
30568,15924,33340
30616,15811,33539
30799,15802,33412
30960,15820,33668
30940,15832,33500
30952,15841,33619
30900,15943,33671
30764,15866,33353
30788,15873,33525
30886,15948,33556
31012,15831,33641
31221,15812,33674
31276,15828,33556
31316,15858,33707
31396,15922,33518
31436,15841,33616
31440,15888,33728
31372,15979,33385
31428,15870,33593
31520,15881,33649
31604,15971,33631
31746,15814,33485
31873,15825,33727
31928,15842,33564
32036,15843,33397
32128,15926,33567
32118,15871,33693
32225,15895,33494
32332,15959,33584
32436,15855,33486
32588,15860,33487
32840,15924,33590
33036,15837,33671
33104,15867,33492
33146,15957,33588
33196,15839,33463
33249,15867,33676
33272,15889,33412
33328,15977,33568
33424,16010,33445
33540,15842,33702
33668,15846,33516
33836,15929,33624
33936,15833,33543
33948,15862,33644
33944,15967,33375
33924,15879,33628
33956,15895,33519
33924,16023,33588
33978,15885,33684
34052,15874,33624
34132,15983,33612
34096,15853,33700
34076,15886,33842
34092,15845,33575
34072,15856,33733
33960,15889,33644
33920,15975,33877
33937,15866,33692
33981,15892,33797
33952,15887,33784
34005,15858,33701
34017,15895,33883
33992,15967,33724
33988,15854,33824
33968,15871,33908
33872,15981,33856
33708,15895,33927
33752,15910,33612
33804,16005,33798
33772,15887,33895
33912,15860,33935
33964,15940,33855
33948,15869,33867
33840,15906,33973
33684,15869,34024
33560,15905,33910
33572,15908,34005
33520,16007,33922
33580,15893,34084
33676,15893,33905
33737,15902,34015
33784,15986,33909
33817,15857,34134
33864,15884,33773
33840,16007,33943
33644,15896,34142
33564,15925,33959
33548,15946,34063
33608,15888,33933
33592,15901,34159
33665,15915,33845
33794,15863,34088
33896,15885,34128
33908,15884,34153
33860,15914,33904
33705,16033,34129
33648,15913,34239
33644,15929,34073
33672,15957,34149
33680,15892,34177
33728,15879,34086
33776,15885,34246
33720,15979,34261
33808,15875,34132
33736,15909,33937
33676,15954,34222
33589,16054,34117
33625,15909,34277
33737,15932,34180
33774,15906,34274
33804,15931,34183
33972,16006,34397
33925,15868,34349
33856,15908,34188
33760,15911,34284
33644,15959,34327
33616,16030,34275
33600,15908,34310
33653,15924,34439
33600,15927,34452
33608,15906,34297
33768,15900,34082
33829,16002,34364
33716,15899,34468
33720,15908,34325
33741,15954,34125
33744,15948,34401
33769,15964,34417
33808,15999,34346
33752,16027,34478
33768,15902,34437
33772,15900,34405
33762,16011,34386
33772,15901,34455
33676,15931,34548
33520,16015,34276
33518,15936,34532
33510,15924,34465
33540,15937,34489
33485,15927,34565
33600,15944,34449
33668,15995,34591
33700,15879,34590
33772,15913,34479
33730,15925,34567
33560,16016,34602
33448,15946,34485
33469,15943,34602
33448,15955,34639
33568,15983,34521
33701,15901,34746
33652,15916,34373
33460,15909,34600
33496,15949,34761
33532,16028,34577
33489,15922,34668
33416,15961,34550
33372,15954,34770
33476,15952,34612
33536,15959,34404
33626,16002,34605
33656,15906,34708
33648,15901,34420
33588,15935,34608
33484,15959,34647
33408,15946,34629
33364,15971,34636
33373,16027,34636
33404,15933,34750
33380,15948,34663
33444,15928,34771
33484,15964,34424
33476,15941,34516
33453,15932,34560
33440,15949,34628
33372,16048,34703
33265,15951,34389
33332,15973,34527
33348,15991,34537
33352,15955,34639
33412,16009,34628
33476,15920,34703
33448,15961,34615
33392,15915,34721
33420,15951,34613
33308,16065,34708
33216,15980,34618
33168,16044,34621
33244,15975,34448
33290,16023,34556
33342,15908,34700
33396,15934,34649
33428,15960,34757
33404,15911,34647
33372,15951,34681
33252,16013,34760
33152,15953,34695
33160,15968,34700
33153,16085,34668
33113,15957,34591
33173,16045,34863
33224,15934,34728
33236,15948,34841
33184,16028,34634
33136,15939,34695
33040,15971,34861
32970,16057,34830
32960,15962,34868
33026,15991,34599
33044,15937,34996
33100,15928,34814
33184,15933,34901
33144,15974,35046
33116,16068,34663
33124,15934,34926
33036,15987,35044
32992,15987,34716
32980,15964,35014
32976,15985,34684
33046,15988,34902
33160,15921,34739
33196,15948,35039
33176,15930,35029
33161,15951,35170
33129,16056,35032
32996,15971,35077
32900,16004,34856
32846,16085,34964
32896,15991,35025
32920,16103,35113
32932,15955,34948
32934,15991,35047
33032,15931,35157
33084,15948,35167
33001,16073,35206
32896,15992,35235
32849,16110,35200
32843,15991,35255
32796,16089,35244
32840,15980,35273
32924,16085,35313
32940,15938,35364
32940,15930,35357
32895,15952,35397
32788,15975,35421
32714,15984,35527
32736,16052,35591
32752,15995,35564
32804,16044,35676
32856,15971,35641
32970,16010,35780
33056,15959,35663
33032,16024,35743
33024,15952,35686
32961,16023,35703
32848,15975,35732
32772,15985,35836
32784,16099,35877
32756,15991,35816
32756,15965,35823
32808,15967,35767
32880,16039,35879
32877,15948,35964
32832,15964,36061
32844,16076,36055
32720,16004,36133
32696,16127,36262
32692,15994,36191
32684,15975,36325
32692,15988,36047
32782,15952,36159
32804,15962,36340
32800,16027,36340
32737,15949,36330
32692,15983,36405
32648,15971,36400
32576,16027,36420
32540,15997,36452
32560,16087,36460
32644,15975,36389
32800,15951,36464
32888,15964,36541
33000,15943,36615
33064,15958,36615
32992,16095,36711
32838,15999,36656
32732,15999,36804
32764,16007,36720
32864,15977,36815
32900,16044,36749
33076,15970,36701
33136,15950,36937
33098,15964,36820
33096,15943,36895
33100,15996,36866
33052,15989,37013
32976,16001,36923
32932,16047,36993
32884,15991,36710
32918,16002,36995
33024,15960,36956
33128,16053,36999
33145,15967,36902
33100,15960,36790
33013,15980,37072
32920,15983,37049
32844,16007,37031
32796,15992,37027
32876,15998,37076
32936,15965,37175
33072,15989,37093
33120,15943,37045
33060,15983,37046
32948,15956,36820
32808,16048,37281
32864,16007,37177
32768,16059,37164
32744,15987,37201
32784,16001,37303
32800,16110,37225
32840,15973,37313
32952,16055,37204
33014,15975,37196
33021,16092,37159
32888,15982,37252
32780,15991,37409
32680,16009,37316
32645,15995,37353
32567,16015,37197
32488,15964,36996
32468,16015,37484
32437,15955,37350
32164,16006,37349
31956,15975,37229
31516,16069,37141
30844,16015,37321
30364,16047,37411
29953,15991,37428
29876,16013,37518
29998,15987,37093
30264,15981,37359
30600,16061,37228
31204,15972,37457
32088,15958,37460
33152,16050,37541
34532,16018,37444
36484,15989,37415
38944,16022,37348
41460,16172,37423
43788,15994,37457
45504,16069,37565
45920,15992,37511
45100,16111,37565
43888,15999,37519
42728,16100,37511
40756,15997,37420
38804,16039,37500
37768,15993,37609
37212,16029,37197
36824,16098,37463
36328,15983,37439
35624,16028,37492
34896,15970,37519
34206,15987,37526
33568,15995,37505
32972,16026,37684
32413,16131,37557
31980,16021,37462
31580,16036,37502
31204,15990,37551
30977,15986,37670
30800,15977,37233
30605,15989,37538
30544,16047,37663
30492,15977,37468
30342,16018,37511
30284,16007,37580
30228,16017,37506
30286,15997,37604
30350,16002,37149
30452,15967,37306
30724,15994,37444
30676,15967,37427
30486,16025,37406
30472,16004,37127
30311,16094,37242
30324,16028,37236
30460,16114,37290
30516,16020,37021
30500,16033,37156
30616,15961,37295
30796,15969,37253
30724,16068,37302
30680,15967,37092
30614,16004,37140
30589,16001,37204
30640,16013,36939
30632,16088,36983
30572,16015,36919
30724,16087,37006
30844,15979,36993
30900,16021,37029
30860,15969,37111
30824,15987,36922
30876,16046,36967
30809,15999,37046
30872,16029,36924
30901,15999,36905
30884,16014,36738
30856,16105,36791
30986,15966,36907
31040,15987,36759
31124,15967,36641
31072,15983,36649
31024,16023,36676
30936,15998,36732
30924,16012,36589
30910,16109,36644
30856,16013,36543
30912,16093,36541
31052,15977,36444
31076,16061,36487
31052,15979,36408
31040,16027,36503
31140,15972,36065
31032,16021,36380
30896,16002,36304
30975,16005,36386
30901,16087,36276
30922,16000,36351
31016,16048,36237
31088,15970,36337
31148,16025,36212
31141,15969,36245
31092,16001,36165
31020,16004,36277
30985,16040,36168
30888,15999,36295
30924,16001,35876
30999,16088,36045
31072,15961,36194
31164,15973,36147
31240,16075,36261
31220,15982,35853
31044,16041,36119
30884,15989,36257
30805,16010,35862
30824,16079,36055
30820,15992,36255
30816,15992,35973
30848,15968,36141
30948,16039,36263
31012,15958,36058
30988,15981,36133
31096,15993,36086
31032,16071,36133
31022,15995,36073
30954,16037,35940
31066,15999,35983
31166,15985,36060
31261,16063,36133
31325,15971,36007
31268,16067,36021
31296,15973,35984
31252,16032,36077
31204,15993,35756
31216,16007,35804
31344,16066,35943
31408,15992,35900
31489,15988,35868
31672,15957,35788
31820,15967,35847
31884,16088,35951
31872,15975,35508
31892,16047,35652
31882,15997,35813
31928,16044,35756
32008,16092,35719
32100,15996,35813
32228,16006,35726
32404,15947,35772
32568,15969,35688
32680,16063,35624
32836,15967,35600
32897,15985,35662
32860,16044,35703
32908,15993,35615
32972,15990,35625
33156,15999,35612
33236,15964,35662
33448,15965,35596
33540,15980,35489
33528,15941,35508
33605,15969,35588
33628,15990,35701
33580,16087,35463
33521,15994,35568
33596,15999,35527
33652,16064,35527
33685,15970,35532
33784,15963,35493
34032,15973,35657
34100,15945,35252
34100,15961,35412
34044,16009,35604
33896,16101,35439
33800,15977,35524
33768,15995,35452
33788,16007,35412
33788,16088,35508
33808,15942,35543
33901,15962,35413
33972,15963,35489
33988,16030,35328
33924,15948,35461
33808,16001,35481
33712,15982,35561
33716,15986,35484
33685,16098,35477
33668,15980,35396
33760,15993,35501
33872,15952,35545
33848,16014,35504
33760,15943,35543
33732,15967,35475
33640,15985,35516
33548,16060,35469
33560,15975,35373
33601,15986,35380
33584,15967,35285
33664,15960,35357
33760,16048,35220
33780,15959,35588
33700,16071,35493
33628,15969,35556
33452,16051,35440
33316,15975,35455
33368,15983,35471
33444,16086,35504
33484,15961,35463
33577,15964,35508
33697,15924,35436
33616,15947,35468
33536,16061,35463
33573,15973,35572
33460,16084,35470
33336,15999,35553
33380,16081,35444
33472,15978,35500
33532,15988,35476
33612,15932,35519
33602,15951,35479
33486,15998,35553
33524,15935,35169
33541,15957,35527
33541,15966,35492
33504,15992,35551
33484,15992,35329
33394,15962,35445
33516,15943,35594
33700,15943,35247
33736,15935,35417
33662,16031,35412
33640,15924,35474
33616,15962,35573
33518,16019,35183
33452,16080,35364
33447,15967,35435
33528,15972,35468
33636,15965,35460
33745,16021,35431
33804,15910,35476
33720,15935,35524
33596,16008,35474
33568,15938,35573
33484,15973,35479
33388,16061,35537
33416,15949,35172
33482,15966,35392
33488,16017,35381
33600,15910,35448
33648,15931,35575
33652,15942,35170
33580,16021,35589
33624,15958,35472
33456,15999,35453
33292,15956,35398
33272,15969,35457
33356,16029,35534
33342,15929,35489
33412,15943,35559
33528,15960,35185
33548,15918,35609
33568,15945,35493
33500,16057,35476
33388,15954,35398
33316,15979,35462
33320,15968,35581
33352,16044,35223
33400,15935,35349
33440,15935,35440
33444,15945,35473
33400,16039,35492
33348,15931,35373
33240,15977,35294
33040,15949,35366
33028,15969,35212
33084,16055,35553
33145,15960,35473
33274,15948,35460
33376,16033,35413
33472,15912,35420
33496,15967,35378
33432,16039,35460
33364,15945,35550
33264,15961,35506
33140,16069,35372
33180,15964,35516
33204,15988,35527
33180,15929,35646
33224,15913,35381
33260,15921,35516
33272,15969,35627
33412,16025,35273
33368,15923,35534
33333,15959,35241
33268,15989,35429
33280,16056,35492
33216,15951,35514
33129,15987,35495
33068,15900,35447
33157,15919,35485
33164,15940,35447
33162,16020,35513
33090,15923,35548
32956,15961,35684
32992,15982,35572
33104,16047,35476
33088,15926,35517
33016,15939,35594
33049,15921,35695
33124,16013,35591
33160,15911,35535
33120,15937,35487
33140,15916,35572
33008,15947,35729
32985,15975,35582
32996,16031,35525
33076,15948,35535
33088,15963,35599
33133,15889,35716
33064,15914,35445
33068,15930,35543
32968,15887,35578
33044,15932,35592
32920,16047,35550
32849,15930,35574
32888,15962,35572
32916,15930,35436
32889,15916,35687
32964,15917,35356
33004,15884,35484
32992,15900,35629
32796,16002,35318
32756,15907,35511
32760,15940,35657
32864,16010,35469
32936,15924,35533
32852,15935,35583
32912,16018,35545
33072,15895,35568
32988,15897,35397
32960,16007,35508
32993,15908,35626
32892,15970,35532
32748,16045,35524
32740,15929,35684
32716,15943,35572
32628,15909,35697
32624,15925,35421
32788,15959,35560
32804,15871,35693
32751,15893,35298
32820,16023,35591
32772,15909,35505
32656,15941,35308
32640,15938,35591
32636,16036,35730
32624,15908,35534
32568,15912,35620
32708,15919,35709
32670,15978,35484
32748,15867,35604
32730,15895,35647
32704,15917,35536
32492,15943,35286
32400,15921,35524
32524,15924,35684
32596,16029,35285
32604,15909,35553
32789,15983,35500
32948,15880,35567
33032,15980,35360
32980,15867,35527
32952,15883,35544
32736,15901,35645
32616,15916,35533
32669,15928,35373
32768,15914,35524
32816,15930,35497
32876,15919,35463
32908,15859,35236
32960,15879,35472
32976,15893,35625
32892,15900,35519
32860,16007,35550
32748,15909,35440
32740,15925,35572
32876,15918,35325
32972,16031,35515
33048,15883,35620
33104,15863,35724
33076,15941,35808
33060,15857,35477
33004,15906,35671
32828,15967,35770
32768,15903,35879
32804,15908,35773
32820,15913,36000
32932,15895,35792
33052,15878,35991
33092,15900,35871
33104,15965,36084
33152,15861,35920
33108,15878,36060
32948,15904,36021
32860,15908,36135
32804,15916,36013
32740,15935,36112
32724,15977,36012
32889,15973,36111
32992,15857,36151
32948,15875,36008
32960,15890,36204
32912,16017,36180
32796,15904,36061
32687,15911,36288
32714,15907,36093
32844,15943,36196
32836,15874,36335
32836,15861,36051
32972,15860,36231
32953,15909,36367
32971,15935,36212
32896,15959,36263
32732,15887,36393
32620,15900,36078
32566,15975,36260
32456,15881,36030
32397,15880,36343
32345,15956,36041
32261,15839,36228
32060,15862,36305
31784,15922,36325
31424,15858,36390
30724,15892,36372
30428,16004,36345
30248,15903,36378
30225,15967,36271
30336,15866,36339
30744,15853,36480
31145,15932,36498
31776,15863,36604
32929,15881,36495
34072,15854,36575
35804,15902,36212
37952,16018,36644
40236,15905,36516
42588,15969,36582
44352,15866,36544
44816,15924,36602
44384,15856,36549
43464,15913,36569
42256,15833,36591
40528,15887,36706
38652,15860,36589
37321,15911,36463
36848,15886,36271
36549,15891,36578
36040,15983,36543
35449,15856,36554
34848,15866,36615
34100,15844,36609
33472,15929,36561
33124,15866,36605
32628,15919,36644
32074,15873,36664
31700,15887,36596
31296,15950,36625
30981,15855,36680
30736,15851,36778
30661,15909,36573
30528,15943,36667
30348,15852,36679
30336,15967,36641
30272,15884,36704
30160,15914,36599
30162,15866,36605
30160,15879,36588
30244,15944,36677
30340,15842,36551
30396,15837,36651
30422,15939,36515
30420,15849,36631
30408,15917,36180
30292,15871,36456
30276,15901,36165
30348,15863,36305
30432,15875,36487
30416,15947,36413
30464,15844,36518
30584,15897,36373
30600,15830,36487
30656,15930,36342
30500,15848,36330
30456,15857,36316
30460,15876,36420
30448,15952,35969
30564,15873,36141
30676,15921,36165
30816,15819,36247
30892,15855,36224
30906,15823,36202
30932,15829,36301
30920,15835,36217
30852,15873,36245
30780,15941,35857
30692,15857,36181
30728,15880,35845
30696,15843,36268
30758,15874,36103
30852,15805,35956
30972,15848,35941
30944,15815,35996
30864,15845,35951
30800,15847,36028
30810,15914,35984
30808,15841,36117
30844,15865,35962
30904,15826,36029
30892,15879,35940
31108,15821,35940
31076,15804,35800
31112,15817,35695
31033,15820,35992
30976,15872,35868
30908,15842,35874
30848,15847,35820
30880,15955,35760
30880,15834,35821
30924,15807,35748
30984,15812,35775
31108,15916,35610
31212,15813,35780
31136,15859,35733
31022,15834,35719
30949,15868,35782
30884,15838,35916
30844,15877,35711
30868,15829,35527
31054,15878,35938
31132,15812,35767
31176,15796,35565
31092,15808,35846
30982,15810,35784
30824,15851,35854
30736,15949,35807
30789,15844,35919
30920,15903,35490
31005,15825,35796
31101,15806,35719
31200,15828,35532
31208,15797,35613
31136,15851,35471
31220,15819,35708
31216,15871,35459
31052,15834,35688
31036,15903,35353
31100,15837,35605
31140,15903,35591
31284,15803,35703
31424,15854,35540
31468,15802,35651
31496,15780,35511
31460,15807,35420
31332,15816,35154
31204,15900,35485
31334,15822,35372
31388,15889,35284
31433,15794,35255
31544,15815,35303
31736,15776,35300
31860,15796,35356
31876,15866,35297
31860,15808,35293
31808,15834,35250
31872,15932,35335
31892,15826,35223
31988,15819,35301
32128,15785,35169
32326,15783,35119
32508,15767,35023
32628,15785,35045
32698,15895,35001
32880,15815,34951
32888,15868,34948
32852,15804,35062
32802,15825,35061
32904,15899,35079
32952,15801,34729
33100,15885,34996
33268,15785,34769
33268,15875,34863
33344,15779,34915
33416,15827,34949
33404,15807,34957
33429,15817,34941
33493,15793,34849
33494,15820,34921
33488,15780,34896
33604,15785,34768
33597,15775,34901
33512,15845,34909
33548,15782,34781
33556,15783,34639
33423,15864,34946
33456,15817,34795
33481,15850,34753
33472,15815,34946
33556,15910,34823
33636,15778,34769
33716,15741,34751
33744,15797,34518
33697,15757,34917
33556,15797,34772
33401,15903,34660
33334,15799,34727
33317,15800,34791
33296,15779,34641
33364,15791,34671
33576,15865,34718
33568,15765,34661
33652,15823,34694
33556,15772,34785
33432,15887,34764
33325,15797,34823
33252,15884,34769
33253,15804,34762
33353,15781,34660
33350,15805,34447
33444,15749,34797
33441,15775,34719
33352,15743,34641
33449,15827,34572
33500,15787,34670
33452,15909,34646
33429,15804,34553
33408,15853,34588
33334,15765,34630
33392,15773,34694
33540,15872,34604
33596,15758,34671
33632,15855,34590
33592,15758,34477
33468,15767,34541
33269,15789,34277
33256,15777,34633
33252,15787,34527
33264,15777,34567
33276,15796,34479
33460,15729,34502
33428,15751,34496
33368,15741,34525
33456,15759,34489
33392,15837,34514
33296,15773,34355
33316,15788,34388
33293,15771,34404
33396,15783,34311
33432,15888,34193
33560,15748,34458
33582,15852,34406
33584,15753,34439
33462,15807,34109
33474,15759,34465
33453,15865,34415
33276,15781,34492
33260,15830,34368
33308,15770,34199
33340,15828,34504
33444,15751,34348
33492,15844,34261
33568,15741,34431
33605,15847,34383
33512,15772,34292
33377,15907,34273
33300,15781,34351
33340,15879,34487
33312,15772,34369
33424,15775,34479
33444,15833,34080
33408,15727,34458
33444,15753,34372
33373,15717,34368
33292,15753,34308
33160,15765,34180
33116,15775,34287
33016,15751,34341
33056,15772,34444
33172,15729,34332
33270,15740,34279
33336,15723,34300
33344,15799,34132
33372,15735,34491
33324,15759,34432
33153,15847,34386
33140,15776,34332
33224,15885,34252
33248,15764,34294
33188,15839,34241
33246,15719,34111
33358,15752,34310
33296,15718,34085
33300,15821,34477
33304,15756,34350
33188,15865,34303
33033,15767,34356
32996,15797,34341
32984,15745,34302
33048,15737,34277
33092,15834,34289
33172,15724,34293
33296,15782,34268
33240,15723,34183
33120,15833,34298
33104,15769,34299
33044,15894,34248
33048,15751,34383
32960,15747,34501
32968,15741,34105
33072,15711,34500
33072,15713,34375
33264,15813,34477
33332,15729,34388
33132,15844,34481
33020,15756,34379
32896,15735,34196
32900,15767,34513
32928,15732,34416
32942,15733,34437
32976,15820,34419
33100,15692,34528
33166,15721,34416
33112,15698,34449
33148,15735,34383
33004,15861,34333
32828,15753,34425
32784,15811,34406
32820,15740,34511
32916,15811,34439
33004,15717,34344
33060,15813,34320
32968,15716,34419
32980,15708,34465
32928,15817,34391
32888,15749,34249
32820,15755,34551
32820,15851,34438
32828,15741,34556
32896,15788,34417
33000,15711,34470
33004,15807,34397
32908,15708,34392
32959,15819,34414
32972,15729,34481
32880,15783,34223
32752,15733,34364
32884,15741,34287
32840,15821,34385
32832,15709,34479
32969,15708,34359
33030,15671,34373
33030,15727,34077
33048,15689,34361
32905,15722,34276
32768,15828,34311
32724,15738,34339
32726,15790,34295
32769,15708,34350
32850,15713,34336
32929,15794,34340
33001,15703,34311
32952,15762,34321
32880,15690,34342
32724,15725,34381
32669,15762,34231
32614,15730,34311
32632,15727,34421
32644,15791,34247
32708,15703,34332
32728,15686,34311
32732,15743,34148
32724,15684,34255
32704,15689,34240
32594,15765,34332
32505,15717,34426
32444,15729,34341
32501,15822,34366
32534,15719,34079
32574,15805,34308
32756,15682,34255
32768,15709,34321
32748,15675,34326
32760,15698,34372
32572,15760,34423
32588,15860,34262
32705,15722,34366
32736,15723,34417
32852,15859,34343
32876,15705,34439
32904,15757,34279
32905,15681,34256
32901,15751,34261
33000,15681,34234
33053,15729,34292
32903,15713,34341
32857,15730,34381
32889,15777,34383
32872,15722,34477
32976,15818,34401
33017,15689,34467
32980,15780,34359
32996,15685,34303
33077,15819,34369
33108,15706,34455
32968,15829,34401
32880,15729,34195
32936,15829,34541
32945,15725,34453
32886,15791,34565
32935,15687,34463
32877,15762,34400
32824,15685,34361
32758,15722,34400
32733,15693,34449
32754,15713,34516
32644,15758,34496
32712,15697,34487
32800,15717,34536
32752,15757,34613
32848,15660,34311
32820,15673,34409
32744,15754,34532
32672,15675,34543
32736,15696,34515
32664,15825,34567
32632,15724,34599
32596,15719,34581
32536,15699,34693
32621,15693,34292
32760,15671,34465
32846,15650,34439
32784,15687,34590
32696,15666,34297
32484,15693,34660
32248,15805,34575
32148,15715,34510
32016,15727,34576
31932,15799,34700
31764,15671,34551
31168,15666,34573
30714,15653,34557
30433,15692,34692
30272,15660,34581
30440,15723,34536
30492,15699,34524
30776,15740,34467
31252,15693,34454
32177,15736,34305
33276,15671,34688
34784,15665,34497
36560,15794,34515
38589,15669,34502
40796,15690,34575
42728,15825,34648
44040,15721,34610
44064,15818,34661
43460,15719,34616
42636,15801,34735
41460,15707,34628
39784,15783,34772
38212,15659,34644
37361,15707,34777
36828,15657,34385
36296,15713,34676
35600,15691,34436
34797,15723,34612
34209,15682,34561
33700,15732,34728
33238,15671,34551
32956,15677,34717
32520,15756,34788
31988,15673,34764
31656,15751,34746
31448,15683,34738
31085,15764,34716
30752,15711,34628
30436,15732,34700
30220,15693,34663
30128,15700,34616
30220,15653,34604
30288,15673,34580
30460,15653,34607
30400,15687,34610
30440,15685,34668
30280,15693,34573
30284,15723,34437
30404,15704,34599
30424,15777,34487
30484,15686,34494
30508,15756,34423
30574,15666,34478
30504,15726,34360
30572,15652,34439
30700,15692,34279
30740,15685,34356
30752,15699,34196
30768,15688,34260
30740,15694,34066
30724,15664,34007
30808,15656,33973
30848,15771,33773
30804,15655,34069
30828,15647,33889
30804,15678,33773
30740,15686,33732
30752,15705,33812
30784,15724,33761
30780,15798,33771
30772,15671,33473
30880,15689,33576
30944,15653,33516
30964,15655,33560
31034,15669,33639
31084,15665,33463
31004,15742,33344
30854,15683,33299
30868,15732,33127
30868,15675,33336
30916,15667,33248
31072,15644,33287
31184,15658,33173
31212,15764,33024
31200,15656,33119
31128,15756,33065
30936,15693,32943
31000,15803,33054
30973,15683,32945
30972,15672,33013
30990,15665,32932
31112,15761,32968
31216,15652,32864
31244,15737,32804
31200,15659,32700
31284,15794,32764
31212,15698,32666
31126,15678,32600
30992,15749,32485
30888,15684,32798
30912,15661,32631
31080,15648,32516
31212,15636,32745
31174,15687,32657
31088,15657,32530
31164,15713,32484
31040,15679,32432
30964,15705,32492
31060,15795,32513
31076,15687,32561
30996,15680,32649
31026,15640,32549
31048,15639,32499
31112,15751,32457
31102,15649,32553
31036,15783,32527
31028,15691,32644
30944,15668,32441
31052,15722,32299
31032,15683,32612
31040,15676,32284
31232,15628,32385
31292,15640,32233
31324,15747,32464
31324,15649,32468
31264,15774,32485
31137,15685,32381
31060,15678,32185
31164,15695,32504
31168,15664,32442
31230,15659,32488
31444,15631,32372
31584,15724,32228
31640,15649,32519
31677,15652,32410
31540,15682,32444
31488,15677,32388
31508,15791,32276
31596,15677,32292
31757,15788,32323
31896,15652,32352
31956,15633,32287
32040,15646,32386
32072,15625,32380
32152,15653,32487
32212,15791,32373
32102,15682,32486
32108,15661,32395
32174,15685,32429
32264,15661,32397
32480,15698,32415
32544,15617,32404
32800,15645,32504
32916,15748,32391
32972,15653,32529
33012,15640,32420
33040,15696,32432
33120,15672,32436
33168,15680,32530
33209,15768,32445
33241,15655,32556
33396,15682,32461
33486,15620,32556
33553,15650,32255
33584,15630,32588
33441,15670,32487
33332,15680,32407
33396,15732,32424
33449,15783,32537
33412,15668,32480
33444,15638,32415
33496,15641,32372
33562,15741,32420
33452,15648,32395
33301,15723,32297
33373,15670,32637
33300,15789,32532
33368,15679,32455
33408,15711,32559
33472,15658,32579
33529,15646,32605
33540,15616,32698
33480,15633,32620
33553,15769,32540
33492,15631,32604
33436,15700,32477
33384,15676,32765
33429,15711,32673
33332,15666,32685
33248,15774,32575
33220,15649,32472
33320,15727,32599
33444,15632,32703
33452,15617,32649
33408,15716,32664
33368,15656,32728
33256,15681,32635
33216,15664,32686
33214,15749,32736
33300,15677,32716
33312,15631,32682
33400,15715,32720
33380,15644,32805
33328,15732,32753
33268,15635,32613
33257,15636,32823
33164,15689,32767
33092,15658,32809
33057,15680,32773
33220,15651,32689
33332,15679,32673
33493,15618,32713
33416,15644,32807
33408,15613,32804
33365,15668,32775
33308,15644,32775
33164,15772,32852
33220,15668,32839
33252,15749,32853
33224,15673,32901
33185,15745,32853
33108,15640,32796
33216,15706,32701
33308,15627,32874
33313,15685,32735
33384,15655,33060
33350,15698,32991
33332,15660,33023
33428,15685,33017
33496,15639,32983
33436,15685,32919
33476,15638,32801
33450,15680,33207
33428,15625,33100
33368,15646,33229
33324,15726,33131
33372,15655,33198
33352,15673,33140
33192,15799,33063
33211,15671,33061
33288,15666,33087
33393,15652,33134
33452,15642,33132
33524,15672,33095
33488,15619,32985
33381,15657,33372
33316,15649,33271
33374,15671,33209
33344,15791,33174
33236,15676,33177
33248,15725,33433
33328,15632,33341
33218,15704,33248
33208,15643,33436
33396,15743,33377
33428,15655,33314
33256,15775,33260
33232,15675,33392
33181,15649,33363
33148,15757,33475
33144,15650,33407
33276,15621,33244
33303,15680,33561
33104,15641,33401
33020,15724,33279
33120,15657,33582
33168,15664,33468
33148,15688,33339
33120,15664,33576
33176,15773,33404
33288,15653,33484
33316,15622,33347
33292,15666,33517
33340,15627,33500
33332,15749,33356
33181,15685,33573
33092,15660,33469
33080,15706,33350
33020,15654,33423
33108,15721,33497
33153,15652,33389
33288,15765,33360
33312,15645,33464
33200,15631,33389
33092,15710,33429
33028,15662,33397
33001,15724,33335
32972,15679,33452
32952,15654,33378
33000,15717,33573
32952,15647,33460
33140,15654,33517
33380,15607,33439
33160,15655,33321
33108,15637,33471
32957,15745,33177
32864,15653,33543
32804,15671,33444
32912,15798,33509
33028,15667,33388
33028,15670,33185
33156,15639,33538
33206,15716,33428
33140,15644,33503
33160,15659,33135
33096,15652,33332
33148,15677,33229
33180,15733,33269
32968,15666,33191
32924,15723,33470
33028,15617,33364
33060,15642,33428
33045,15616,33332
33045,15652,33232
33068,15745,33299
33040,15663,33364
32936,15791,33258
32912,15680,33239
32869,15771,33231
32876,15678,33081
33016,15773,33365
33071,15631,33253
32976,15617,33337
32884,15642,32948
32836,15697,33222
32952,15649,32924
33008,15687,33066
32864,15671,33102
32764,15677,33159
32796,15777,33153
32936,15657,33119
33076,15740,33087
33146,15639,33073
33096,15748,32987
32968,15644,32997
32937,15788,33028
32776,15680,33031
32704,15690,33055
32768,15663,32990
32808,15710,32949
32940,15626,32932
33037,15641,32989
33038,15751,32941
33032,15640,32948
32964,15688,32887
32799,15660,32793
32668,15681,32814
32532,15665,32723
32516,15685,32694
32486,15734,32689
32581,15644,32743
32744,15722,32764
32916,15637,32700
32925,15634,32668
32856,15636,32743
32592,15768,32855
32608,15687,32741
32617,15762,32787
32700,15653,32711
32976,15680,32751
33116,15760,32692
33184,15632,32775
33165,15649,32654
33004,15635,32615
32908,15666,32581
32948,15642,32353
33052,15689,32687
33052,15663,32568
32984,15732,32436
32976,15670,32648
32972,15754,32513
32973,15641,32391
33004,15630,32476
32972,15647,32256
32940,15691,32465
33084,15655,32409
32984,15757,32348
33068,15683,32439
33021,15789,32341
32956,15684,32351
33037,15643,32256
32993,15670,32201
32980,15619,32157
32964,15651,32118
32876,15628,32135
32860,15667,31972
32790,15788,32220
32730,15693,31984
32808,15765,32313
32808,15679,32159
32922,15714,32066
32996,15640,32156
33000,15682,32143
32916,15636,32157
32956,15715,31999
32988,15669,31891
32938,15725,32100
32836,15667,31839
32940,15681,32036
33065,15810,31921
33073,15660,32121
33120,15746,32039
33180,15652,32125
33148,15682,32047
32976,15652,32040
32910,15709,32013
32849,15669,31879
32760,15679,31893
32572,15793,31767
32308,15682,32124
32292,15687,31759
32348,15623,32109
32128,15700,31956
31820,15659,31787
31420,15735,32009
30917,15676,31961
30628,15717,32004
30452,15679,31969
30660,15719,31860
30910,15676,31865
31256,15683,31703
31912,15637,32036
32800,15661,31908
33904,15626,31792
35344,15726,32028
37272,15682,31897
39196,15713,31841
41148,15645,31863
42940,15700,31780
43680,15824,31803
43564,15669,31777
42928,15688,31781
41876,15626,31783
40493,15667,31850
38808,15772,31779
37500,15693,31836
36816,15737,31808
36332,15697,31790
35948,15793,31833
35356,15700,31945
34840,15735,31855
34364,15741,31733
33824,15651,31914
33265,15716,31860
32896,15664,31921
32412,15735,31876
32064,15687,31976
31533,15718,31863
31230,15684,31934
30980,15756,31784
30989,15674,31638
31042,15746,31976
30988,15663,31874
30864,15644,31764
30800,15688,31955
30672,15670,31847
30680,15733,31733
30680,15698,31781
30596,15797,31828
30702,15691,31935
30724,15660,31829
30762,15671,31712
30792,15657,31825
30796,15767,31804
30748,15662,31682
30797,15677,31871
30764,15705,31564
30697,15791,31791
30636,15702,31770
30769,15799,31655
30893,15676,31863
30988,15642,31749
31020,15679,31720
31048,15651,31700
30972,15725,31546
31012,15685,31836
31024,15682,31726
31152,15731,31565
31176,15685,31732
31104,15718,31488
31264,15657,31831
31343,15719,31740
31308,15655,31623
31352,15647,31720
31381,15720,31710
31372,15681,31823
31148,15739,31701
31036,15681,31703
31052,15700,31458
31072,15674,31631
31184,15692,31660
31376,15640,31781
31480,15647,31662
31364,15649,31721
31276,15679,31543
31320,15687,31606
31112,15792,31367
31016,15697,31681
31156,15783,31483
31108,15689,31561
31216,15686,31381
31344,15639,31538
31384,15680,31558
31412,15647,31653
31333,15661,31570
31354,15756,31665
31272,15680,31534
31092,15694,31614
31040,15677,31472
31056,15708,31409
31054,15655,31415
31136,15665,31335
31220,15644,31577
31236,15695,31540
31368,15647,31527
31360,15678,31559
31244,15686,31576
31296,15705,31541
31228,15686,31465
31046,15695,31456
31237,15730,31456
31292,15641,31469
31336,15657,31441
31352,15642,31679
31308,15751,31556
31116,15691,31481
31101,15784,31479
31056,15689,31495
31062,15703,31503
31092,15802,31494
31196,15662,31601
31328,15740,31372
31320,15649,31559
31416,15726,31346
31500,15659,31565
31408,15701,31389
31308,15687,31532
31305,15690,31311
31288,15783,31436
31397,15697,31436
31436,15779,31484
31578,15661,31396
31648,15700,31420
31777,15646,31508
31808,15668,31529
31775,15780,31610
31684,15701,31509
31648,15726,31479
31700,15676,31251
31772,15715,31572
31992,15653,31482
32160,15665,31487
32244,15632,31474
32212,15666,31495
32162,15655,31470
32160,15684,31572
32194,15717,31222
32379,15688,31323
32444,15689,31336
32424,15796,31431
32600,15674,31279
32756,15782,31540
32864,15660,31199
32952,15692,31309
32997,15666,31202
33084,15756,31512
33021,15685,31213
33072,15713,31408
33220,15808,31287
33184,15684,31386
33343,15674,31319
33492,15783,31354
33544,15648,31350
33540,15678,31413
33552,15649,31540
33481,15681,31225
33416,15805,31545
33344,15687,31203
33482,15719,31353
33494,15669,31248
33572,15663,31332
33716,15735,31324
33688,15630,31444
33701,15661,31333
33685,15649,31364
33621,15689,31312
33477,15676,31313
33408,15701,31390
33553,15741,31435
33719,15663,31473
33677,15674,31456
33584,15656,31335
33696,15750,31384
33604,15641,31461
33616,15660,31451
33672,15729,31582
33504,15825,31333
33520,15701,31422
33413,15705,31493
33476,15683,31383
33492,15715,31367
33568,15639,31389
33536,15684,31367
33593,15639,31432
33573,15673,31324
33520,15660,31632
33357,15701,31270
33364,15793,31591
33496,15689,31324
33492,15766,31439
33521,15659,31465
33617,15701,31562
33614,15647,31469
33636,15671,31530
33712,15651,31459
33576,15685,31457
33472,15725,31350
33432,15684,31348
33384,15709,31340
33377,15773,31375
33388,15670,31328
33480,15783,31409
33608,15649,31555
33672,15666,31428
33588,15725,31319
33500,15648,31355
33405,15694,31439
33440,15773,31505
33568,15681,31430
33538,15684,31346
33718,15738,31271
33717,15636,31317
33628,15665,31341
33542,15639,31426
33608,15687,31221
33504,15680,31596
33541,15781,31468
33588,15693,31479
33552,15693,31508
33556,15782,31511
33568,15655,31470
33608,15685,31273
33620,15625,31540
33644,15687,31292
33600,15634,31490
33544,15671,31297
33456,15773,31423
33408,15692,31313
33437,15754,31671
33452,15690,31545
33548,15770,31479
33668,15646,31556
33777,15653,31567
33792,15742,31612
33852,15660,31721
33920,15758,31622
33800,15694,31528
33750,15751,31633
33788,15672,31773
33820,15673,31589
33956,15694,31697
34008,15634,31829
33964,15653,31519
33908,15692,31632
33858,15634,31751
33752,15675,31817
33673,15715,31817
33684,15678,31679
33696,15680,31871
33792,15753,31807
33718,15639,31924
33640,15647,31933
33516,15737,31984
33416,15637,32115
33369,15746,32093
33317,15653,32064
33224,15702,32083
33140,15671,32144
33172,15708,32292
33245,15663,32346
33152,15665,32512
33108,15651,32333
33084,15740,32519
33212,15634,32692
33252,15650,32481
33221,15701,32711
33056,15669,32921
32996,15692,32660
32944,15716,32866
32976,15655,32960
33047,15663,33097
32909,15745,33223
32972,15632,33427
33156,15648,33383
33254,15661,33632
33272,15795,33743
32976,15659,33799
32692,15687,34041
32576,15675,33969
32592,15695,34173
32673,15769,34391
32593,15642,34074
32484,15637,34390
32476,15712,34600
32532,15628,34588
32560,15667,34717
32448,15751,34627
32456,15652,34786
32516,15667,34880
32553,15692,34800
32720,15745,34823
32908,15628,34928
32908,15642,35060
32869,15749,35201
32860,15629,34880
32692,15659,35149
32512,15757,35109
32416,15667,35207
32469,15683,35318
32580,15699,35276
32648,15752,35383
32792,15638,35321
32908,15660,35444
32940,15752,35332
33010,15634,35356
32932,15684,35089
32853,15668,35227
32860,15679,35288
32796,15695,35335
32648,15785,35422
32776,15651,35399
32958,15653,35361
32956,15711,35407
32957,15610,35412
32900,15644,35272
32808,15743,35447
32668,15666,35436
32608,15668,35429
32608,15743,35325
32516,15673,35348
32584,15725,35300
32672,15642,35343
32772,15748,35335
32768,15643,35348
32724,15687,35424
32608,15648,35340
32512,15708,35392
32484,15655,35012
32572,15668,35217
32728,15645,34933
32824,15644,35065
32836,15735,35106
32777,15623,35076
32848,15713,35169
32981,15634,35078
32852,15678,35012
32800,15799,34898
32828,15672,34940
32980,15660,34957
32904,15653,34885
32984,15705,34548
33066,15612,34777
33042,15685,34433
33117,15619,34665
33092,15700,34368
33038,15639,34703
32956,15665,34428
32944,15747,34377
33117,15653,34401
33184,15690,34350
33276,15615,34293
33324,15625,34303
33464,15654,34332
33578,15607,34253
33544,15629,34292
33344,15709,33922
33200,15640,34036
32944,15667,34137
32822,15665,33716
32868,15753,33791
32996,15641,33865
33068,15677,33828
33256,15609,33893
33118,15614,33634
33100,15622,33652
32970,15680,33740
32918,15651,33297
32832,15669,33397
32840,15690,33376
32912,15780,33413
33008,15628,33453
33211,15639,33329
33126,15745,33262
32997,15615,33153
32933,15642,33103
32900,15731,33201
32894,15636,32868
32852,15657,32984
32844,15737,32953
32876,15651,32948
32932,15665,32975
33148,15743,32692
33188,15591,32847
33048,15625,32951
32988,15708,32812
32852,15651,32903
32640,15703,32748
32424,15788,32704
32320,15655,32567
32125,15665,32589
31960,15618,32518
31640,15637,32638
31212,15598,32615
30952,15663,32600
30848,15620,32481
30998,15660,32460
31144,15652,32486
31560,15664,32442
32072,15638,32484
32632,15647,32597
33423,15609,32464
34712,15627,32372
36388,15700,32185
38036,15596,32293
39428,15644,32295
40764,15786,32344
41148,15636,32449
40528,15702,32294
39726,15630,32335
38897,15681,32256
37528,15595,32180
35644,15644,32142
34248,15609,32036
33548,15615,32037
33303,15734,31824
33652,15662,32052
33920,15675,31956
33772,15754,31751
33536,15655,32007
33360,15678,31867
33224,15621,31920
33196,15694,31738
33152,15619,31556
32986,15689,31582
32612,15617,31446
32302,15689,31639
32044,15641,31380
31860,15668,31535
31841,15646,31353
31756,15652,31389
31608,15729,31290
31568,15621,31485
31500,15597,31354
31396,15635,31248
31396,15605,31181
31366,15649,31167
31328,15755,31204
31260,15655,31101
31242,15696,31172
31325,15630,30973
31440,15626,30980
31510,15597,30829
31664,15623,31118
31592,15740,30981
31512,15623,31054
31472,15746,30933
31432,15669,30929
31460,15642,30855
31488,15662,30802
31504,15623,30804
31561,15616,30757
31632,15596,30715
31768,15624,30589
31769,15595,30749
31720,15637,30649
31692,15634,30500
31600,15735,30555
31521,15653,30567
31560,15631,30556
31548,15653,30500
31576,15604,30470
31660,15606,30437
31716,15588,30308
31724,15625,30325
31780,15599,30407
31748,15713,30369
31673,15655,30297
31597,15753,30141
31596,15652,30352
31694,15629,30328
31768,15634,30189
31837,15589,30166
31852,15629,30063
31800,15607,30327
31769,15701,30226
31693,15639,29993
31680,15643,30305
31728,15685,30199
31732,15643,29984
31817,15679,30175
31824,15596,30144
31820,15607,30249
31801,15722,30142
31764,15610,30235
31833,15674,30134
31776,15625,30167
31657,15650,30010
31633,15684,30098
31664,15625,30025
31693,15631,30097
31736,15713,30063
31844,15589,30097
31848,15600,30118
31876,15669,30117
31876,15591,30207
31820,15625,30120
31584,15751,30215
31492,15644,29920
31460,15740,30121
31504,15622,30020
31696,15645,30093
31836,15588,30021
31916,15620,30022
31932,15583,29967
31844,15618,30238
31870,15618,30168
31828,15644,30133
31756,15746,30166
31784,15643,30151
31880,15741,30181
32008,15606,30231
32008,15602,29985
32056,15682,30116
32066,15591,30103
32104,15607,30156
32072,15744,30108
32024,15645,30172
32028,15733,30142
32053,15640,30160
32080,15658,30181
32164,15591,30164
32356,15620,30104
32404,15582,30120
32460,15585,30127
32516,15714,30133
32564,15627,30198
32618,15708,30117
32564,15636,29999
32620,15736,30054
32672,15619,29869
32760,15597,30007
32832,15589,29862
32848,15575,30161
32896,15595,30059
32974,15705,30092
32984,15623,30041
32944,15737,30003
33008,15628,29988
33135,15611,29969
33194,15663,30005
33248,15593,29965
33388,15622,29996
33408,15568,30055
33380,15594,30004
33340,15572,30001
33360,15631,29988
33312,15761,30054
33316,15630,29989
33338,15609,30069
33380,15612,29987
33445,15589,29951
33512,15582,29978
33560,15572,29881
33472,15588,29925
33552,15718,29849
33556,15615,29861
33444,15732,29833
33364,15626,29826
33272,15666,29924
33140,15591,29937
33216,15592,29975
33304,15565,29932
33368,15583,29981
33412,15663,29757
33436,15596,30057
33352,15715,29959
33261,15633,30086
33332,15714,29997
33340,15611,30025
33280,15636,30020
33302,15571,30116
33368,15651,30044
33348,15579,30049
33220,15663,30054
33414,15591,30148
33352,15583,30055
33268,15647,29937
33212,15625,29980
33206,15602,30052
33197,15637,30021
33218,15589,30031
33322,15556,30044
33396,15601,29975
33440,15557,29921
33432,15636,30037
33384,15612,29937
33229,15594,30079
33189,15679,30004
33184,15618,29892
33260,15695,30087
33348,15591,30007
33440,15684,30078
33408,15586,29893
33444,15565,29764
33337,15633,30060
33248,15607,29924
33192,15723,29828
33152,15621,30029
33184,15596,29911
33212,15608,29807
33296,15571,29880
33380,15609,29709
33429,15557,29857
33358,15586,29895
33369,15573,29892
33280,15709,29847
33248,15609,29750
33220,15601,29885
33226,15609,29693
33248,15580,30009
33272,15642,29924
33332,15551,30008
33412,15607,29927
33409,15567,29926
33412,15671,29911
33316,15594,29761
33216,15605,29920
33169,15657,29896
33212,15609,29713
33272,15705,30026
33360,15583,29908
33456,15701,29822
33424,15611,30018
33428,15564,29871
33356,15557,29901
33213,15692,29884
33152,15615,29899
33157,15596,29742
33280,15594,29989
33248,15581,29904
33265,15577,29932
33256,15548,29899
33220,15589,29877
33276,15556,29876
33392,15625,29740
33398,15601,29867
33312,15684,29684
33210,15605,29935
33184,15708,29906
33176,15604,29795
33260,15556,29805
33248,15569,29792
33228,15537,29829
33204,15567,29710
33164,15552,30003
33121,15613,29920
33176,15579,29993
33164,15597,29757
33086,15693,29975
33092,15586,29878
33144,15604,29916
33252,15543,29901
33344,15579,29959
33324,15535,29841
33316,15615,30090
33288,15588,30051
33124,15589,29906
33102,15597,30136
33104,15564,29891
33038,15582,30005
33037,15550,29993
33200,15556,30183
33258,15553,30168
33336,15663,30112
33332,15565,30099
33237,15566,30047
33180,15657,30316
33129,15597,30243
33156,15575,30144
33160,15617,30327
33172,15566,30258
33242,15637,30183
33276,15553,30273
33262,15537,30321
33216,15588,30335
33016,15591,30252
32946,15573,30361
32964,15669,30325
32948,15589,30343
32896,15555,30277
32952,15567,30404
33088,15642,30432
33072,15558,30407
33088,15660,30265
33076,15553,30492
32950,15559,30284
32844,15596,30556
32832,15568,30505
32868,15687,30401
32848,15571,30524
32952,15549,30511
33000,15543,30653
32948,15521,30349
33049,15597,30672
33080,15550,30577
32956,15611,30672
32784,15581,30614
32676,15670,30575
32633,15586,30537
32756,15704,30517
32792,15561,30605
32836,15652,30529
32928,15548,30547
32924,15686,30480
32864,15581,30770
32782,15567,30660
32704,15651,30628
32656,15566,30662
32689,15604,30637
32688,15558,30727
32750,15573,30564
32892,15535,30893
33012,15627,30791
33088,15546,30711
33132,15642,30727
33144,15574,30725
33036,15588,30849
32876,15556,30830
32829,15578,30810
32924,15693,30759
33056,15565,30855
33160,15524,30796
33232,15619,30872
33188,15548,30833
33176,15541,30796
33132,15612,30694
33014,15573,30906
32920,15665,30716
32849,15565,31010
32976,15557,30957
33041,15600,30951
33112,15543,30855
33164,15532,30751
33120,15632,31075
33108,15554,30852
33005,15556,31109
32872,15681,30998
32800,15573,30925
32817,15675,30999
32864,15571,30917
32972,15540,31040
33092,15625,31033
33136,15534,31124
33120,15644,31001
33116,15551,30948
33016,15679,30943
32888,15577,30973
32784,15665,31049
32812,15569,30905
32888,15541,31169
33014,15532,31105
33089,15514,31188
33056,15536,31101
33021,15513,31013
33018,15596,31109
32940,15559,30935
32868,15657,31081
32830,15564,31077
32856,15606,31053
32868,15553,31092
32864,15591,31108
32800,15508,31140
32732,15549,31188
32600,15517,31137
32344,15579,31137
32104,15565,31268
31852,15557,31202
31352,15653,31197
30820,15558,31296
30537,15657,31389
30470,15542,31295
30437,15517,31125
30634,15567,31330
30936,15535,31356
31317,15607,31388
32068,15567,31327
33040,15680,31271
34368,15575,31287
36292,15677,31428
38704,15570,31556
41240,15669,31441
43584,15533,31376
45272,15634,31380
45592,15567,31509
44872,15545,31421
43896,15671,31626
42816,15584,31460
41108,15684,31557
39360,15575,31454
38280,15537,31647
37768,15559,31591
37216,15508,31620
36532,15547,31602
35904,15653,31608
35225,15543,31623
34510,15595,31563
33832,15567,31721
33228,15612,31701
32704,15547,31788
32204,15623,31709
31760,15519,31783
31392,15565,31727
31248,15527,31652
31048,15596,31647
30828,15535,31637
30716,15628,31865
30524,15569,31776
30476,15645,31677
30397,15567,31672
30434,15594,31620
30396,15511,31637
30424,15523,31552
30497,15512,31823
30560,15519,31735
30528,15519,31871
30461,15555,31535
30452,15620,31654
30424,15544,31751
30412,15557,31780
30496,15619,31878
30532,15526,31771
30660,15577,31657
30736,15504,31660
30784,15590,31743
30708,15525,31879
30608,15634,31762
30548,15554,31670
30616,15623,31660
30580,15549,31543
30580,15608,31817
30716,15516,31546
30980,15548,31868
31136,15495,31567
31200,15515,31920
31096,15619,31826
30964,15547,31829
30880,15608,31831
30686,15545,31927
30744,15612,31817
30768,15540,31817
30776,15583,31794
30980,15502,31879
31132,15550,31812
31087,15492,31792
31044,15514,31759
31048,15643,31670
30902,15553,31672
30952,15524,31727
30912,15575,31701
30892,15521,31696
30976,15543,31575
31108,15501,31542
31240,15574,31401
31156,15513,31678
31213,15551,31378
31069,15524,31587
30972,15553,31368
30957,15659,31681
30950,15543,31344
30949,15596,31572
31076,15502,31474
31201,15501,31432
31264,15487,31361
31169,15538,31679
31012,15500,31582
31008,15537,31695
30952,15533,31557
31009,15550,31519
30896,15647,31364
30861,15533,31604
30972,15591,31374
31068,15509,31511
31048,15584,31404
31088,15509,31751
31092,15615,31652
30976,15527,31746
30832,15591,31683
30788,15546,31580
30776,15525,31770
30852,15529,31700
30912,15499,31690
31000,15495,31691
31160,15543,31780
31224,15490,31697
31188,15500,31732
31072,15637,31672
30972,15540,31574
31020,15642,31644
30978,15563,31602
30968,15515,31481
31101,15546,31490
31249,15501,31533
31274,15588,31555
31260,15490,31477
31340,15537,31556
31292,15516,31428
31260,15563,31361
31265,15518,31357
31340,15556,31280
31392,15508,31284
31444,15503,31351
31608,15593,31239
31754,15494,31221
31868,15485,31140
31938,15501,31100
31864,15514,31072
31808,15527,30981
31944,15524,30937
32032,15527,30927
32060,15628,30911
32244,15501,30857
32316,15583,30936
32505,15495,30814
32608,15580,30786
32516,15508,30759
32388,15548,30710
32556,15512,30703
32788,15545,30713
32956,15509,30751
33176,15548,30852
33308,15503,30735
33345,15598,30660
33396,15495,30667
33352,15478,30556
33461,15525,30532
33408,15500,30469
33292,15540,30607
33368,15519,30582
33428,15519,30679
33432,15617,30569
33552,15495,30648
33812,15516,30528
33872,15478,30583
33912,15564,30479
33858,15513,30336
33705,15557,30447
33600,15509,30511
33560,15537,30449
33448,15519,30341
33420,15527,30366
33540,15476,30205
33668,15519,30512
33632,15474,30428
33608,15511,30424
33632,15597,30404
33548,15521,30369
33449,15559,30165
33372,15511,30490
33365,15548,30183
33412,15494,30513
33512,15569,30407
33517,15485,30255
33506,15581,30322
33460,15494,30188
33360,15577,30518
33380,15521,30397
33377,15629,30332
33292,15527,30364
33214,15638,30164
33180,15508,30417
33264,15477,30254
33392,15511,30348
33484,15483,30340
33432,15562,30302
33414,15497,30324
33372,15605,30439
33272,15520,30310
33248,15516,30222
33308,15513,30292
33324,15492,30214
33420,15502,30236
33469,15462,30160
33448,15503,30260
33352,15462,30063
33316,15488,30244
33252,15503,30060
33324,15526,30369
33344,15508,30237
33352,15543,30141
33332,15491,30149
33484,15515,30057
33536,15471,30367
33492,15574,30263
33495,15488,30208
33488,15629,30164
33424,15551,30252
33312,15517,30373
33326,15608,30290
33381,15514,30169
33416,15615,30267
33357,15489,30319
33352,15587,30228
33340,15488,30078
33500,15465,30300
33440,15481,30126
33372,15495,30292
33366,15519,30319
33352,15511,30439
33420,15510,30342
33500,15491,30448
33448,15488,30359
33556,15458,30410
33592,15479,30375
33460,15588,30417
33372,15477,30386
33324,15520,30484
33284,15495,30385
33220,15512,30501
33272,15625,30422
33304,15505,30535
33380,15505,30208
33440,15461,30456
33449,15473,30434
33528,15560,30519
33528,15479,30343
33416,15520,30340
33332,15500,30338
33260,15531,30364
33200,15503,30383
33150,15508,30482
33264,15563,30411
33388,15460,30508
33424,15471,30629
33436,15548,30350
33384,15478,30564
33356,15509,30376
33304,15495,30429
33248,15523,30439
33264,15494,30533
33256,15524,30545
33252,15463,30670
33321,15477,30596
33364,15463,30692
33368,15479,30599
33364,15465,30511
33276,15505,30575
33133,15641,30581
33108,15519,30589
33140,15596,30517
33185,15495,30565
33301,15506,30537
33400,15447,30585
33444,15500,30471
33380,15460,30540
33294,15487,30528
33268,15589,30593
33184,15504,30565
33120,15507,30638
33072,15591,30567
33064,15503,30687
33141,15549,30722
33276,15471,30709
33318,15516,30631
33293,15468,30730
33240,15564,30748
33189,15515,30631
33088,15609,30637
32932,15516,30678
32884,15537,30789
32916,15483,30825
33092,15501,30792
33204,15586,30893
33028,15476,30588
32965,15582,30700
33037,15484,30710
32893,15556,30769
32704,15509,30732
32736,15550,30772
32721,15493,30801
32772,15495,30854
32848,15577,30825
33057,15457,30737
33132,15469,30856
33094,15504,30845
33068,15603,30777
33060,15496,30865
33002,15517,30780
32936,15499,30740
32925,15504,30814
32876,15477,30865
32936,15479,30868
33156,15572,30949
33232,15479,30639
33236,15533,30776
33158,15462,30916
32992,15502,30719
32954,15564,30864
32992,15498,30797
33064,15516,30924
33116,15525,30743
33156,15476,30741
33260,15520,30758
33288,15462,30847
33245,15472,30934
33344,15559,30670
33268,15479,30842
33076,15532,30659
32968,15498,30983
33048,15537,30885
33056,15471,30990
33137,15487,30904
33124,15589,30973
33186,15465,30668
33185,15489,30784
33184,15465,30668
33060,15497,30847
32972,15491,30688
32984,15565,30959
33008,15511,30926
32972,15524,31013
33033,15453,30933
33044,15491,30921
33236,15454,30951
33222,15472,31028
33172,15557,30781
32984,15481,30922
32905,15514,31008
32813,15597,30770
32924,15508,31074
32997,15535,30745
33028,15453,30958
33080,15512,30853
33084,15459,30932
33020,15505,30912
32984,15469,30981
32892,15596,30872
32718,15517,30988
32604,15536,31087
32428,15485,30988
32244,15499,30887
32112,15497,30894
32016,15569,30989
31616,15462,31106
31032,15471,30796
30614,15561,30952
30400,15495,30892
30276,15519,31000
30305,15574,30975
30564,15500,31007
31072,15502,30928
31892,15460,30929
32937,15484,30928
34104,15532,30917
35888,15467,30932
38088,15502,30948
40280,15646,30864
42460,15544,31100
44132,15457,31056
44644,15535,31017
44160,15613,31056
43440,15452,31157
42728,15495,31061
41196,15648,31118
39652,15492,31061
38572,15604,30948
37908,15516,31108
37072,15617,31081
36408,15525,30974
35685,15559,31037
34904,15495,30980
34332,15487,30964
33852,15585,30881
33420,15471,31116
33014,15486,30889
32480,15598,31081
31888,15522,30922
31428,15624,31168
31136,15529,30929
30944,15597,31239
30764,15515,31156
30718,15575,31268
30728,15481,31177
30676,15561,31252
30528,15484,31072
30576,15485,31078
30440,15521,31132
30436,15508,31013
30412,15533,31257
30416,15507,30956
30489,15508,31204
30504,15547,30943
30644,15478,31172
30684,15557,31181
30656,15485,31169
30672,15497,31151
30616,15609,31225
30484,15516,31271
30461,15562,31005
30544,15499,31124
30508,15513,31111
30668,15586,31113
30768,15480,31143
30816,15553,31175
30821,15488,31024
30760,15578,31281
30728,15506,31260
30648,15629,31209
30713,15565,31399
30728,15501,31324
30701,15543,31430
30894,15476,31111
30936,15537,31461
31042,15477,31396
31004,15557,31288
30956,15488,31287
30868,15588,31388
30820,15523,31533
30852,15604,31428
30888,15522,31349
30916,15605,31457
31028,15491,31471
31166,15468,31382
31176,15582,31597
31136,15487,31505
31152,15481,31412
31034,15545,31444
31016,15511,31501
31056,15561,31644
31025,15513,31572
31160,15577,31610
31284,15487,31579
31294,15584,31516
31389,15483,31534
31424,15475,31644
31336,15515,31773
31117,15514,31607
30960,15503,31751
30948,15578,31747
30972,15524,31781
31089,15583,31751
31192,15490,31887
31212,15583,31945
31260,15483,31887
31144,15469,31908
31121,15511,32079
31116,15493,32185
31010,15519,32205
31028,15514,32277
31128,15509,32262
31204,15492,32151
31368,15500,32460
31468,15465,32380
31548,15475,32525
31620,15462,32488
31589,15512,32732
31508,15517,32825
31348,15604,32858
31240,15521,32836
31104,15610,32884
30920,15515,33086
30904,15593,33160
31029,15482,33207
31120,15527,33128
31164,15477,33492
31192,15571,33516
31124,15516,33557
31090,15539,33582
31120,15518,33661
31108,15519,33809
31056,15562,33724
31116,15476,33971
31284,15492,34075
31367,15588,34247
31440,15492,34291
31444,15590,34396
31509,15514,34393
31649,15502,34268
31781,15532,34692
31732,15502,34599
31720,15551,34593
31796,15485,34925
31934,15529,34895
32040,15469,35092
32056,15545,35047
32084,15503,35156
31956,15602,35141
31973,15522,35172
32110,15543,35228
32188,15495,35216
32196,15511,35232
32245,15545,35364
32413,15458,35420
32512,15491,35394
32660,15471,35364
32721,15502,35421
32616,15625,35492
32608,15531,35320
32630,15536,35515
32796,15498,35655
32992,15496,35590
33129,15482,35645
33204,15576,35660
33193,15499,35767
33272,15580,35953
33304,15506,35857
33180,15564,35962
33032,15512,35899
33018,15525,36014
33065,15631,35768
33072,15514,35847
33152,15581,35912
33196,15461,36015
33125,15509,36135
33048,15472,35740
33056,15498,35997
33048,15609,35905
32976,15519,36038
32916,15558,36116
32937,15497,36096
33024,15508,36124
33164,15578,35903
33216,15472,36155
33256,15501,36135
33190,15576,36197
33024,15481,35892
32808,15524,36069
32712,15535,36262
32613,15628,36257
32653,15507,36369
32740,15508,36279
32980,15526,36145
33188,15602,36231
33205,15491,36253
33328,15568,36231
33320,15503,36268
33216,15571,36220
33140,15510,36266
33097,15537,36255
33060,15660,36239
33044,15503,36127
33097,15596,36278
33116,15481,36231
33029,15515,36194
32988,15483,36201
32864,15565,36181
32716,15517,36203
32654,15561,36216
32604,15499,36191
32660,15535,36133
32702,15645,36148
32813,15495,36072
32924,15509,36079
33028,15605,36068
33088,15491,35993
32960,15582,36000
32792,15513,36012
32785,15526,36049
32884,15541,35968
32856,15513,35874
32848,15518,35911
32948,15505,35972
33088,15548,36007
33160,15462,35619
33154,15495,35831
33228,15524,35764
33168,15629,35769
33048,15532,35805
33020,15595,35674
33068,15495,35640
33164,15517,35583
33269,15483,35626
33348,15560,35742
33280,15485,35543
33310,15465,35428
33218,15529,35448
32993,15510,35164
32856,15536,35495
32944,15502,35100
33044,15524,35480
33076,15604,35321
33162,15488,35300
33288,15575,35230
33364,15476,35229
33316,15557,35031
33357,15499,34823
33280,15563,35177
33212,15513,35017
33200,15525,34933
33244,15625,34889
33316,15513,34594
33416,15487,34871
33412,15487,34807
33380,15596,34823
33224,15501,34685
33232,15604,34455
33228,15533,34761
33184,15632,34572
33164,15538,34484
33196,15628,34397
33244,15512,34484
33304,15598,34535
33240,15489,34368
33184,15570,34284
33224,15489,34212
33244,15531,34190
33140,15517,34134
33096,15529,34076
33173,15508,34244
33196,15524,33889
33084,15616,34085
33172,15501,33821
33188,15512,33956
33168,15486,33847
33208,15503,33864
33160,15575,33812
33072,15510,33844
32992,15543,33877
32961,15638,33719
32977,15533,33620
33040,15511,33608
33116,15496,33421
33186,15543,33490
33180,15495,33424
33280,15569,33334
33172,15501,33148
33096,15578,33432
33120,15530,33325
33080,15665,33199
33152,15530,33094
33140,15612,33008
33216,15497,33023
33284,15569,33080
33252,15500,33100
33192,15594,33015
33024,15517,33007
32948,15574,32926
32932,15519,32928
32873,15562,32836
32924,15511,32815
32932,15561,32614
33000,15503,32452
33036,15532,32540
32984,15492,32391
33060,15528,32613
33118,15485,32262
32976,15539,32463
32804,15533,32399
32769,15537,32473
32756,15523,32332
32868,15526,32193
33004,15495,32100
33192,15494,31934
33217,15605,32238
33260,15504,32101
33112,15500,31927
32980,15600,32112
32908,15545,31961
32864,15653,31845
32912,15543,31802
33076,15609,31692
33216,15479,31732
33324,15504,31631
33296,15497,31556
33316,15509,31551
33325,15583,31569
33205,15535,31476
33092,15613,31492
33104,15550,31357
33136,15615,31375
33152,15512,31311
33204,15517,31326
33302,15596,31387
33301,15483,31301
33292,15503,31373
33284,15506,31024
33193,15605,31260
33064,15547,31157
33040,15667,31031
33056,15543,31078
33081,15575,30887
33064,15490,31105
33192,15506,31049
33160,15615,31046
33180,15516,30801
33173,15578,30951
33084,15545,30941
32988,15645,31007
32980,15551,30907
33028,15575,30994
33104,15506,30863
33144,15513,30912
33236,15519,30635
33262,15613,30688
33260,15517,30690
33192,15538,30764
33112,15655,30872
32988,15533,30546
32992,15539,30716
32984,15549,30829
32983,15551,30489
32994,15610,30607
33017,15513,30585
32800,15593,30566
32608,15493,30620
32401,15535,30652
32046,15558,30539
31684,15642,30604
31208,15541,30625
30778,15553,30540
30528,15540,30632
30484,15565,30389
30572,15618,30565
30824,15511,30644
31296,15517,30373
31860,15560,30594
32572,15661,30631
33469,15539,30463
34864,15559,30567
36876,15604,30611
38932,15503,30538
40932,15531,30417
42788,15574,30434
43396,15463,30434
42628,15532,30580
41660,15584,30532
40636,15511,30527
39094,15575,30527
37212,15657,30438
35864,15567,30394
35100,15585,30364
35012,15515,30385
35432,15522,30321
35396,15533,30503
34912,15594,30629
34424,15513,30299
33925,15572,30400
33492,15687,30357
33206,15563,30408
33016,15635,30420
32702,15558,30416
32408,15623,30429
32088,15509,30541
31808,15536,30624
31588,15521,30543
31420,15537,30632
31204,15644,30541
31076,15556,30625
31033,15561,30301
30951,15628,30375
30916,15553,30324
30964,15630,30553
31036,15525,30469
31077,15585,30367
31060,15529,30349
31048,15629,30202
30988,15565,30519
30928,15646,30392
30965,15543,30447
30948,15553,30376
31008,15644,30441
31072,15528,30361
31108,15521,30264
31176,15622,30231
31204,15531,30311
31212,15621,30284
31116,15559,30212
31105,15657,30153
31140,15559,30164
31156,15618,30178
31212,15532,30191
31269,15563,30141
31360,15515,30263
31381,15575,30270
31376,15519,30248
31277,15601,30164
31216,15551,30050
31188,15599,30367
31232,15554,30277
31204,15596,30181
31200,15535,30168
31300,15535,30037
31360,15499,30325
31356,15546,30157
31340,15631,30136
31360,15548,30176
31312,15585,30134
31224,15680,30169
31194,15569,30109
31200,15600,30119
31276,15533,30031
31336,15544,30302
31416,15505,30207
31460,15525,30188
31431,15515,30057
31412,15535,30176
31310,15543,30212
31260,15635,30099
31292,15557,29957
31292,15621,30253
31320,15524,30172
31436,15533,30265
31544,15601,30020
31616,15506,30085
31604,15547,30197
31524,15525,30292
31450,15562,30198
31340,15565,30247
31297,15541,30061
31336,15568,30345
31412,15546,30187
31488,15607,30277
31546,15529,30237
31589,15585,30194
31596,15519,30165
31572,15549,30425
31468,15540,30344
31316,15572,30228
31344,15559,30436
31360,15565,30367
31381,15579,30451
31472,15514,30237
31528,15519,30383
31596,15516,30198
31608,15524,30450
31572,15661,30424
31500,15557,30314
31478,15548,30348
31424,15599,30428
31508,15552,30313
31552,15552,30329
31688,15523,30417
31804,15596,30301
31844,15532,30504
31956,15542,30226
31985,15543,30437
31893,15673,30383
31744,15570,30345
31916,15622,30332
31892,15538,30237
31972,15564,30228
32128,15511,30119
32216,15519,30424
32304,15510,30324
32400,15532,30349
32372,15581,30307
32340,15543,30386
32296,15565,30288
32324,15635,30337
32500,15540,30279
32668,15537,30359
32800,15657,30255
32864,15519,30129
32926,15611,30116
32928,15527,30215
32948,15567,30324
32876,15667,30215
32797,15566,30189
32988,15645,30147
33008,15545,30197
33108,15544,30173
33248,15637,30148
33236,15526,29959
33244,15631,30140
33228,15532,30079
33236,15597,30045
33245,15542,30204
33164,15593,30120
33154,15556,29990
33180,15559,30258
33275,15654,30148
33313,15532,29964
33372,15602,30245
33344,15503,30153
33344,15563,29959
33328,15526,30236
33344,15563,30143
33261,15554,30108
33176,15565,30049
33185,15641,29904
33234,15542,30215
33381,15561,30135
33440,15515,30183
33394,15524,30059
33309,15637,30117
33265,15541,30255
33212,15606,30163
33184,15568,30012
33140,15653,30244
33200,15549,30210
33284,15553,30172
33300,15512,30167
33333,15520,30012
33392,15517,30282
33380,15533,30252
33352,15632,30164
33160,15573,30162
33037,15653,30279
33064,15536,30337
33140,15565,30299
33200,15652,30226
33268,15532,30172
33296,15508,30300
33324,15530,30255
33372,15585,30291
33296,15527,30191
33200,15574,30391
33153,15557,30308
33104,15565,30201
33116,15672,30152
33166,15545,30295
33272,15607,30261
33274,15507,30275
33310,15529,30182
33264,15656,30153
33190,15549,30251
33105,15644,30380
33124,15556,30284
33232,15561,30335
33244,15663,30294
33184,15548,30333
33282,15585,30263
33389,15493,30184
33309,15525,30268
33340,15519,30152
33285,15609,30365
33280,15564,30226
33300,15672,30045
33236,15562,30358
33310,15687,30281
33324,15547,30215
33372,15632,30166
33448,15529,30201
33528,15598,30195
33508,15525,30127
33432,15561,30250
33284,15555,30256
33224,15573,30269
33260,15647,30287
33236,15557,30321
33316,15578,30350
33412,15588,30471
33500,15511,30558
33476,15520,30522
33476,15596,30647
33352,15525,30341
33268,15565,30510
33224,15567,30648
33180,15583,30374
33176,15539,30708
33216,15544,30399
33332,15597,30692
33412,15503,30461
33372,15533,30766
33416,15632,30664
33300,15545,30748
33172,15631,30510
33124,15550,30609
33112,15558,30558
33160,15652,30642
33200,15533,30586
33268,15523,30693
33344,15615,30752
33332,15525,30740
33332,15541,30847
33308,15645,30525
33246,15547,30662
33128,15565,30741
33048,15628,30770
33094,15555,30892
33206,15539,30605
33216,15533,30740
33216,15615,30685
33312,15525,30693
33360,15559,30612
33236,15535,30791
33133,15567,30725
33088,15565,30866
33116,15658,30889
33082,15545,30900
33070,15560,30953
33232,15616,30792
33276,15501,31042
33296,15546,30957
33292,15519,31060
33216,15547,30773
33168,15589,30868
33064,15631,31064
33048,15669,30855
33052,15549,31028
33156,15538,31093
33237,15628,31068
33248,15512,31075
33276,15556,30855
33236,15506,31017
33184,15553,31005
33108,15553,31121
32964,15639,31230
32984,15547,31140
33036,15559,31239
33040,15607,30977
33084,15604,31159
33180,15624,31199
33173,15503,31087
33120,15525,31190
33024,15545,31085
32984,15559,31303
32936,15596,31195
32928,15675,31155
32964,15528,31174
32965,15546,31245
33088,15537,31348
33092,15611,31063
33133,15503,31140
33110,15532,31324
33012,15559,31260
32862,15677,31151
32716,15537,31212
32745,15564,31300
32888,15589,31343
32928,15645,31124
32925,15516,31289
32896,15527,31427
32961,15557,31092
32980,15515,31228
32884,15548,31239
32812,15560,31349
32701,15641,31438
32720,15655,31145
32840,15560,31270
32800,15564,31276
32888,15625,31393
33004,15503,31508
33016,15524,31237
32940,15524,31411
32904,15529,31380
32825,15575,31375
32684,15655,31447
32704,15545,31316
32676,15546,31511
32733,15534,31468
32820,15621,31550
32844,15511,31486
32848,15524,31581
32812,15501,31495
32762,15546,31622
32646,15613,31332
32564,15664,31400
32576,15552,31441
32664,15551,31540
32770,15576,31495
32801,15618,31525
32790,15501,31559
32784,15526,31574
32769,15523,31509
32781,15581,31373
32648,15577,31568
32580,15547,31691
32584,15557,31495
32688,15593,31609
32769,15652,31644
32928,15505,31541
32956,15508,31397
32976,15521,31636
32980,15558,31735
32948,15614,31561
32872,15556,31648
32824,15556,31581
32868,15582,31631
32856,15543,31652
32928,15539,31750
33076,15614,31666
33144,15513,31704
33068,15523,31696
33076,15635,31751
32968,15537,31452
32902,15551,31606
32888,15651,31462
32828,15555,31813
32824,15552,31695
32900,15622,31841
32984,15525,31745
33028,15540,31759
33060,15625,31649
33024,15503,31775
32870,15538,31871
32720,15661,31772
32648,15543,31648
32752,15549,31687
32877,15617,31761
32868,15638,31897
32900,15497,31794
32968,15527,31931
32928,15502,31826
32856,15526,31734
32844,15512,31745
32768,15554,31596
32708,15695,31967
32724,15565,31873
32774,15572,31957
32873,15648,31637
33016,15491,31746
33040,15516,31943
33020,15530,31906
32961,15630,31988
32828,15525,31677
32780,15544,31807
32629,15627,31889
32516,15573,31942
32424,15543,31951
32408,15546,31815
32268,15522,31908
32050,15604,32025
31776,15525,31958
31456,15587,31965
30960,15532,31936
30304,15556,31954
29992,15657,31925
29904,15543,31943
30020,15556,31981
30188,15534,31885
30584,15590,31908
31176,15615,31980
32208,15499,31879
33300,15529,31962
34896,15583,32002
37152,15523,32023
39688,15575,31893
42024,15612,31988
44184,15651,32022
45512,15559,31905
45508,15591,32001
44756,15461,32041
43884,15548,31970
42628,15646,31989
40592,15504,32036
38885,15559,32000
38000,15565,31942
37452,15654,32004
36820,15546,32017
36150,15552,32059
35556,15556,31935
34912,15667,31980
34256,15515,32098
33584,15532,32146
32969,15652,32105
32276,15559,32117
31633,15567,32101
31184,15642,32031
30824,15549,31969
30644,15551,32082
30560,15557,32140
30452,15513,32074
30281,15524,31991
30304,15527,31972
30294,15630,32055
30180,15551,32119
30005,15565,31765
29944,15557,31886
30025,15597,31921
30104,15533,31939
30284,15516,31916
30348,15521,32044
30404,15535,31828
30444,15613,31866
30360,15530,31946
30292,15556,31699
30172,15573,31852
30089,15653,31705
30241,15543,31819
30364,15541,31860
30397,15547,31829
30596,15502,31842
30658,15516,31809
30656,15596,31700
30592,15533,31831
30588,15545,31561
30516,15556,31687
30468,15553,31792
30480,15604,31805
30592,15527,31850
30708,15524,31807
30832,15618,31893
30828,15512,31785
30736,15524,31709
30789,15558,31688
30702,15653,31769
30676,15543,31830
30650,15565,31554
30732,15574,31631
30836,15525,31633
30940,15516,31734
30908,15532,31801
30878,15607,31695
30824,15515,31733
30847,15540,31668
30721,15588,31727
30669,15637,31634
30673,15557,31681
30700,15553,31623
30717,15599,31655
30792,15503,31596
30904,15518,31526
30924,15513,31585
30900,15519,31617
30904,15525,31504
30793,15556,31641
30740,15641,31623
30772,15561,31550
30822,15606,31556
30857,15533,31473
30940,15523,31762
30888,15567,31678
30844,15507,31668
30936,15522,31663
30880,15618,31626
30820,15550,31644
30744,15575,31509
30736,15545,31880
30720,15559,31777
30760,15540,31767
30900,15508,31572
30945,15516,31932
31006,15588,31841
31072,15509,31952
31040,15545,31871
30960,15566,31956
30926,15663,31868
30916,15556,31967
30936,15570,31865
31016,15521,31822
31047,15527,31838
31124,15569,31781
31172,15523,31826
31215,15536,31636
31184,15529,31873
31032,15563,31677
31016,15591,31916
30992,15667,31612
31064,15550,31770
31126,15546,31743
31256,15636,31785
31369,15511,31723
31432,15620,31772
31460,15532,31726
31428,15557,31827
31310,15651,31932
31312,15546,31578
31392,15558,31735
31432,15615,31756
31628,15540,31804
31766,15556,31845
31878,15494,31823
31924,15519,31772
31996,15623,31761
31996,15541,31696
32012,15644,31740
32084,15564,31576
32088,15579,31737
32186,15647,31562
32304,15542,31869
32496,15524,31592
32564,15611,31693
32628,15645,31784
32776,15517,31812
32916,15545,31909
32960,15618,31676
32982,15536,31704
33000,15548,31708
33068,15557,31771
33208,15637,31746
33416,15508,31820
33504,15503,31888
33514,15541,31609
33540,15625,31768
33524,15516,31764
33444,15564,31841
33452,15589,31942
33532,15660,31868
33534,15550,31884
33632,15536,31692
33784,15629,31760
33853,15505,31775
33904,15508,31812
33828,15627,31825
33750,15517,31927
33680,15554,32052
33612,15549,31716
33540,15600,31931
33608,15647,31880
33696,15668,31975
33748,15504,32012
33746,15519,32007
33696,15589,32044
33712,15500,32007
33633,15535,32086
33464,15549,32069
33412,15656,32173
33436,15536,32103
33348,15557,32208
33290,15506,32109
33450,15511,32046
33532,15590,32051
33448,15502,31919
33480,15534,32245
33448,15525,32186
33348,15553,32191
33362,15628,32103
33404,15548,32186
33260,15575,32316
33280,15503,32207
33428,15516,32293
33532,15551,32218
33520,15491,32120
33456,15513,32140
33328,15519,32231
33280,15543,32345
33218,15551,31980
33212,15557,32200
33152,15531,32145
33276,15517,32159
33380,15511,32270
33504,15535,32277
33518,15613,32367
33469,15494,32276
33436,15551,32212
33320,15649,32262
33196,15537,32339
33166,15549,32041
33260,15572,32158
33416,15505,32140
33488,15519,32257
33536,15578,32263
33568,15483,32432
33574,15509,32325
33464,15639,32231
33444,15556,32345
33412,15591,32334
33396,15541,32365
33440,15546,32317
33493,15567,32284
33508,15495,32235
33484,15500,32135
33526,15611,32448
33528,15503,32380
33536,15532,32359
33408,15646,32263
33396,15559,32368
33380,15601,32513
33440,15516,32429
33492,15527,32487
33532,15588,32397
33584,15500,32228
33593,15532,32566
33584,15493,32465
33484,15535,32420
33361,15581,32433
33212,15631,32485
33276,15533,32445
33425,15543,32425
33600,15621,32422
33668,15511,32527
33704,15533,32647
33668,15493,32561
33624,15513,32511
33577,15505,32532
33420,15536,32572
33368,15530,32511
33416,15547,32529
33422,15569,32397
33437,15636,32641
33428,15501,32621
33488,15516,32761
33480,15636,32660
33504,15513,32644
33444,15567,32642
33368,15527,32599
33336,15548,32657
33360,15556,32692
33372,15638,32704
33476,15509,32658
33572,15520,32629
33532,15637,32621
33500,15507,32725
33476,15545,32577
33413,15519,32710
33244,15550,32492
33184,15558,32625
33176,15638,32647
33216,15545,32868
33252,15577,32789
33316,15490,32853
33424,15503,32806
33408,15531,32901
33321,15640,32815
33260,15527,32911
33228,15551,32820
33196,15543,32954
33136,15530,32829
33256,15598,32900
33329,15512,32637
33292,15476,32831
33432,15505,32887
33422,15519,32891
33357,15611,32943
33344,15511,32805
33192,15538,32780
33096,15531,32775
33092,15543,32799
33100,15588,32835
33212,15506,32805
33340,15501,32844
33440,15623,32815
33428,15498,32676
33332,15476,32973
33249,15520,32707
33032,15533,33073
32980,15545,32964
33048,15556,32966
33076,15652,32717
33172,15512,33002
33253,15535,32812
33202,15484,32860
33128,15503,32911
33220,15540,32946
33236,15629,33041
33204,15519,33004
33062,15557,33056
33056,15527,32993
33124,15565,33076
33160,15492,32757
33176,15504,33113
33269,15532,32764
33268,15603,32964
33248,15483,32996
33248,15518,33001
33152,15593,33053
33040,15525,33050
32952,15532,32972
33012,15509,33044
33064,15517,32804
33192,15593,33121
33216,15495,33079
33212,15519,33129
33230,15485,33088
33245,15536,33180
33148,15519,33120
33060,15543,33216
33096,15540,32863
33161,15599,32982
33165,15494,32935
33264,15512,33252
33216,15473,33132
33184,15495,33094
33172,15573,33087
33110,15511,32876
33048,15551,33260
33044,15551,33159
33040,15535,32994
33008,15626,33031
33072,15495,33064
33184,15495,33086
33216,15599,33135
33204,15492,33188
33173,15490,32917
33095,15598,33296
33001,15522,33197
32949,15539,33287
32929,15614,33192
32944,15521,33287
32924,15529,33198
33056,15472,33100
33120,15493,33056
33076,15613,33204
32996,15496,33193
32937,15531,33159
32801,15523,32966
32696,15535,33325
32824,15564,33228
32816,15511,33149
32885,15516,33185
32917,15483,33208
32988,15492,33350
32940,15509,33248
32940,15471,33141
32860,15524,33236
32813,15519,33256
32865,15581,33172
32876,15516,33370
32780,15564,33244
32804,15497,33175
32944,15574,33348
32981,15498,33161
32972,15593,33038
32940,15505,33356
32916,15587,33303
32760,15522,33367
32648,15544,33303
32690,15512,33060
32660,15534,33391
32636,15481,33250
32736,15495,33070
32816,15513,33404
32860,15561,33364
32856,15495,33329
32780,15537,33333
32644,15493,33266
32661,15535,33255
32748,15602,33124
32752,15513,33487
32753,15525,33365
32793,15473,33284
32829,15489,33425
32852,15464,33388
32808,15509,33329
32808,15502,33262
32780,15536,33398
32732,15509,33471
32800,15528,33382
32801,15618,33406
32924,15482,33319
33004,15493,33359
33176,15499,33287
33188,15590,33319
33100,15495,33425
33024,15495,33363
32868,15528,33296
32804,15612,33159
32848,15531,33564
32988,15646,33412
32948,15497,33356
33064,15460,33327
33184,15492,33342
33140,15543,33391
33124,15481,33349
32992,15534,33335
32884,15518,33372
32880,15533,33407
32838,15638,33196
32824,15529,33503
32887,15529,33366
32970,15459,33343
32918,15486,33273
32904,15479,33557
32884,15485,33485
32836,15495,33533
32804,15541,33439
32679,15512,33319
32660,15524,33524
32740,15609,33491
32788,15505,33607
32840,15577,33496
32916,15452,33568
32881,15493,33494
32884,15514,33567
32892,15609,33271
32856,15518,33431
32780,15526,33438
32742,15556,33437
32777,15495,33252
32752,15493,33573
32846,15586,33269
32816,15471,33517
32644,15495,33532
32484,15477,33617
32236,15504,33569
31908,15612,33655
31569,15528,33565
31088,15583,33476
30550,15506,33455
30241,15499,33455
30244,15551,33465
30404,15471,33511
30456,15490,33543
30660,15479,33448
31089,15515,33584
31985,15639,33422
33060,15533,33621
34492,15620,33607
36540,15519,33740
39096,15503,33632
41568,15437,33685
43856,15510,33596
45308,15571,33669
45440,15451,33616
44564,15537,33638
43572,15702,33606
42444,15533,33603
40520,15637,33636
38732,15537,33524
37856,15493,33734
37468,15540,33647
36956,15449,33750
36324,15499,33620
35612,15636,33748
34796,15516,33450
34104,15541,33636
33552,15639,33733
33132,15524,33676
32560,15522,33787
32038,15586,33431
31638,15472,33610
31340,15548,33503
31112,15488,33685
30901,15539,33385
30684,15499,33605
30415,15537,33406
30232,15516,33735
30250,15524,33617
30256,15621,33637
30312,15510,33583
30404,15510,33628
30470,15580,33540
30552,15484,33657
30448,15484,33247
30384,15550,33447
30335,15516,33402
30276,15517,33397
30280,15580,33396
30232,15508,33460
30308,15502,33463
30581,15544,33397
30736,15480,33469
30800,15493,33268
30672,15477,33272
30492,15507,33153
30336,15615,33508
30304,15533,33412
30340,15556,33454
30432,15504,33423
30604,15494,33565
30784,15567,33481
30878,15470,33538
30864,15501,33516
30732,15471,33453
30640,15512,33470
30600,15585,33420
30661,15524,33756
30700,15526,33658
30712,15626,33772
30760,15495,33692
30856,15532,33826
30894,15475,33479
30932,15485,33874
30893,15536,33772
30920,15495,33754
30798,15545,33687
30749,15626,33796
30764,15525,33752
30780,15623,33829
30868,15483,33957
30972,15475,33848
30976,15558,33976
30986,15483,33876
30761,15514,33812
30644,15495,33791
30656,15517,33750
30716,15618,33973
30766,15519,33926
30825,15613,34028
30800,15502,33944
30920,15551,33855
31164,15478,34006
31168,15585,33957
31140,15484,34079
31141,15541,33964
31016,15510,34060
30920,15564,33940
30852,15498,33901
30856,15510,33929
30884,15482,34020
30948,15476,34055
31000,15461,33965
31080,15519,33782
31164,15473,34175
31012,15513,34076
30916,15503,34120
30909,15521,34081
30836,15543,34173
30824,15502,34069
30836,15489,33978
31064,15582,33973
31100,15463,34023
31049,15498,33998
31060,15478,33935
31133,15510,33959
31116,15609,33903
31076,15514,33909
31180,15510,33858
31168,15620,33827
30972,15492,33612
31126,15473,33829
31228,15471,33735
31060,15517,33837
31256,15467,33516
31456,15501,33709
31444,15621,33415
31520,15524,33599
31544,15511,33517
31416,15546,33572
31436,15577,33429
31612,15470,33429
31672,15469,33456
31792,15529,33488
31826,15463,33412
31848,15509,33469
31808,15570,33103
31752,15499,33245
31816,15520,33188
31912,15500,33224
32104,15545,33253
32212,15465,32960
32352,15473,32996
32477,15484,33148
32580,15476,32812
32572,15581,32967
32628,15502,32850
32612,15529,32842
32624,15622,32914
32704,15511,32920
32796,15484,33005
33068,15537,32597
33157,15456,32764
33200,15466,32718
33244,15479,32774
33216,15509,32709
33168,15549,32682
33176,15589,32707
33236,15487,32775
33241,15498,32413
33344,15490,32589
33472,15479,32694
33564,15492,32582
33628,15448,32636
33600,15487,32536
33516,15536,32621
33392,15493,32249
33352,15504,32420
33516,15500,32448
33476,15555,32469
33404,15471,32537
33552,15457,32434
33584,15479,32528
33504,15475,32173
33496,15527,32277
33480,15477,32260
33326,15519,32243
33248,15535,32175
33192,15578,32254
33173,15479,32244
33180,15485,32247
33329,15499,32241
33388,15559,32304
33316,15463,32227
33316,15481,32225
33233,15480,32163
33144,15516,32392
33096,15583,32340
33068,15481,32365
33156,15495,32335
33266,15499,32236
33300,15446,32303
33356,15502,32281
33316,15473,32334
33376,15569,32301
33220,15493,32231
33060,15584,32274
32984,15511,32320
33032,15555,32247
33036,15500,32080
33104,15538,32177
33228,15458,32229
33296,15470,32081
33300,15496,32159
33148,15453,31991
33084,15499,32360
33044,15493,32116
33056,15525,32032
33176,15487,32316
33180,15503,32196
33212,15462,31989
33293,15463,32329
33297,15532,32233
33316,15441,32141
33257,15463,32183
33120,15477,32245
33080,15504,32173
33048,15484,32119
33108,15495,31999
33164,15584,32316
33296,15451,32255
33464,15465,32373
33512,15494,32263
33404,15575,32368
33404,15479,32052
33405,15568,32220
33288,15495,32185
33254,15503,32294
33278,15585,32403
33240,15469,32108
33384,15480,32189
33541,15457,32246
33452,15543,32320
33525,15444,32399
33596,15461,32362
33522,15572,32436
33484,15487,32263
33432,15508,32340
33476,15578,32367
33536,15495,32376
33460,15527,32291
33432,15443,32464
33533,15467,32417
33504,15553,32535
33504,15446,32431
33484,15483,32479
33344,15564,32450
33293,15483,32388
33344,15501,32447
33400,15580,32437
33292,15441,32486
33324,15461,32568
33372,15460,32516
33464,15516,32577
33364,15447,32277
33264,15474,32468
33216,15494,32508
33160,15495,32580
33257,15524,32715
33265,15596,32375
33369,15444,32504
33480,15441,32623
33356,15455,32685
33313,15524,32575
33352,15589,32775
33334,15585,32641
33380,15479,32752
33356,15495,32880
33364,15495,32665
33438,15487,32775
33400,15559,32823
33484,15577,32815
33574,15428,32876
33488,15460,32567
33536,15464,32713
33437,15565,32879
33406,15479,32855
33320,15489,32871
33348,15591,32756
33300,15477,32759
33344,15459,32816
33544,15535,32791
33553,15431,32818
33557,15433,32924
33460,15460,32599
33253,15485,32855
33132,15573,32624
33108,15583,32716
33148,15593,32815
33184,15463,32826
33264,15445,32953
33360,15450,32572
33280,15495,32687
33280,15543,32836
33224,15439,32823
33261,15473,32900
33180,15485,32519
33160,15521,32762
33076,15459,32773
32960,15482,32725
32888,15521,32726
33112,15427,32743
33213,15448,32718
33210,15444,32845
33136,15540,32721
33128,15455,32775
33032,15484,32722
33004,15466,32645
32997,15471,32709
32968,15485,32638
33208,15518,32650
33292,15425,32667
33300,15437,32771
33365,15441,32833
33261,15538,32791
33068,15445,32879
33008,15487,32834
33021,15589,32871
33049,15472,32820
33084,15477,32773
33153,15509,32887
33172,15544,32933
33160,15428,32681
33159,15446,32975
33168,15559,32943
33124,15471,33049
33033,15539,32887
33000,15455,32855
33080,15477,33040
33068,15570,32818
33084,15431,32974
33168,15451,33084
33213,15445,33153
33132,15534,33224
33112,15434,33212
33047,15470,33348
32924,15508,33260
32992,15465,33324
32960,15483,33287
33008,15558,33266
33101,15441,33317
33132,15430,33341
33100,15517,33367
33052,15437,33465
32988,15436,33381
32960,15483,33488
32876,15596,33405
32797,15459,33413
32824,15479,33391
32945,15553,33393
33028,15426,33377
33112,15440,33319
33284,15477,33373
33216,15423,33337
33148,15439,33301
33028,15456,33295
32884,15588,33471
32876,15479,33170
32956,15468,33504
32972,15560,33159
32966,15437,33537
33045,15430,33431
33120,15524,33529
33124,15430,33432
33024,15446,33466
32972,15438,33389
32936,15476,33347
32830,15506,33377
32792,15445,33188
32784,15466,33543
32868,15574,33437
32916,15431,33593
33020,15512,33487
32933,15436,33548
32928,15445,33236
32836,15524,33424
32820,15458,33431
32852,15474,33495
32952,15495,33596
33009,15453,33556
33125,15442,33684
33152,15427,33481
33056,15500,33479
32996,15409,33495
32989,15436,33491
32844,15531,33588
32680,15468,33599
32616,15476,33671
32764,15593,33647
32905,15452,33701
32968,15439,33409
33116,15465,33631
32992,15407,33552
33004,15415,33670
33013,15428,33775
32901,15522,33674
32708,15460,33606
32592,15451,33583
32632,15460,33591
32685,15531,33602
32696,15413,33543
32708,15431,33599
32712,15428,33630
32738,15535,33567
32749,15421,33657
32879,15463,33618
32868,15553,33671
32812,15453,33713
32844,15458,33671
32796,15527,33684
32788,15423,33652
32860,15420,33600
33020,15477,33641
32997,15409,33588
33028,15419,33628
33016,15536,33581
33072,15462,33599
33017,15545,33649
32984,15459,33756
33061,15465,33396
33146,15458,33604
33248,15404,33544
33376,15415,33632
33216,15429,33723
33062,15441,33476
32900,15557,33485
32696,15432,33644
32849,15465,33600
32904,15537,33588
32880,15430,33612
33010,15439,33663
33133,15441,33608
33068,15526,33716
33234,15427,33604
33152,15467,33719
32856,15429,33575
32757,15457,33580
32700,15475,33338
32788,15559,33472
32812,15433,33413
32904,15438,33565
32984,15417,33666
33000,15463,33287
32880,15519,33540
32884,15414,33608
32928,15432,33381
32896,15463,33475
32792,15551,33540
32792,15437,33468
32896,15441,33365
32888,15431,33431
33076,15414,33421
33124,15433,33359
32992,15455,33445
32925,15543,33340
32812,15427,33428
32597,15463,33081
32668,15461,33180
32720,15556,33189
32600,15429,33229
32433,15429,33223
32461,15465,33173
32424,15405,33088
32204,15419,33024
31865,15486,32985
31450,15425,33005
30804,15452,33045
30442,15480,33071
30490,15443,33045
30564,15449,33008
30696,15430,33023
30852,15426,32740
31268,15481,32838
32260,15402,32932
33316,15428,32893
34556,15460,32945
36424,15527,32724
38709,15556,32801
40996,15428,32663
43320,15454,32655
44576,15460,32660
44700,15379,32556
44086,15412,32618
43240,15508,32679
42064,15412,32564
40141,15474,32594
38460,15542,32399
37485,15436,32476
36976,15455,32433
36464,15554,32361
35916,15424,32348
35316,15417,32084
34806,15503,32365
34092,15409,32157
33588,15420,32163
33016,15442,32186
32444,15517,32164
31904,15434,32142
31548,15452,31855
31192,15455,32007
30936,15506,32076
30768,15402,31732
30744,15415,31852
30693,15415,31981
30596,15491,31819
30470,15425,31836
30400,15447,31737
30344,15510,31790
30324,15431,31438
30297,15446,31575
30360,15450,31484
30448,15401,31426
30560,15420,31408
30508,15523,31445
30488,15414,31416
30364,15463,31392
30293,15556,31360
30364,15454,31320
30424,15448,31327
30444,15521,31283
30497,15399,31350
30688,15407,31196
30696,15461,31094
30649,15390,30937
30666,15420,31081
30612,15511,30924
30612,15431,30992
30760,15446,31007
30778,15494,31060
30676,15541,31127
30860,15404,30951
30892,15399,31029
30976,15405,31093
31048,15490,30775
30937,15397,30863
30748,15431,31022
30490,15438,30743
30492,15490,30900
30724,15429,30931
30780,15434,30942
30852,15411,31035
30968,15470,30705
31104,15485,30792
31220,15397,30769
31252,15393,30844
31149,15423,30796
30976,15449,30852
30756,15498,30720
30676,15427,30831
30696,15413,30604
30888,15418,30693
31032,15478,30708
30973,15383,30806
30977,15398,30831
31140,15516,30839
31130,15428,30928
31068,15429,30735
31056,15485,30833
31004,15420,30791
30892,15482,30757
30903,15412,30649
31008,15439,30942
31040,15378,30663
31028,15393,30999
31048,15385,30903
31044,15419,30711
31012,15412,31001
30969,15436,30957
30968,15524,30932
30980,15431,30983
31048,15429,31007
31040,15498,31044
31080,15397,31048
31172,15412,31079
31152,15388,31111
31064,15417,31094
31116,15529,31154
31108,15435,31145
31008,15455,31213
31064,15527,31168
31100,15407,31281
31152,15391,30956
31382,15468,31198
31296,15377,30949
31320,15405,31287
31348,15417,30965
31200,15453,31130
31184,15498,31170
31140,15411,31191
31244,15428,31252
31356,15400,31201
31517,15467,31212
31632,15362,31036
31596,15389,31111
31620,15391,31085
31532,15483,31179
31520,15415,31148
31582,15428,31197
31588,15431,31255
31584,15429,31220
31600,15373,31303
31760,15388,31213
31912,15484,31168
32029,15388,31209
32132,15423,31102
32164,15537,31176
32032,15424,31118
32064,15426,31155
32224,15518,31029
32192,15394,31192
32265,15404,31057
32521,15426,31158
32696,15355,31101
32940,15378,31107
32992,15405,31288
32890,15514,31231
32888,15423,31299
32832,15489,31015
32968,15397,31340
33084,15412,31017
33219,15436,31181
33296,15351,31052
33312,15388,31220
33392,15410,31194
33501,15359,31256
33416,15410,31372
33428,15430,31111
33332,15510,31225
33309,15403,31351
33388,15412,31292
33364,15407,31405
33520,15495,31303
33600,15382,31415
33752,15423,31323
33756,15365,31449
33609,15400,31153
33522,15431,31244
33428,15522,31264
33404,15415,31255
33380,15498,31148
33544,15375,31415
33605,15373,31301
33580,15383,31412
33520,15439,31530
33470,15427,31511
33456,15509,31260
33412,15395,31404
33340,15406,31448
33368,15440,31463
33376,15515,31572
33472,15373,31263
33500,15363,31378
33644,15412,31407
33511,15360,31533
33344,15383,31585
33296,15411,31543
33181,15401,31663
33128,15415,31573
33188,15397,31435
33292,15524,31462
33368,15375,31513
33412,15361,31527
33436,15456,31582
33510,15362,31604
33509,15381,31338
33457,15479,31436
33328,15396,31598
33212,15411,31541
33224,15424,31653
33208,15495,31301
33276,15383,31437
33232,15379,31415
33198,15461,31543
33240,15358,31567
33284,15382,31283
33372,15489,31465
33396,15389,31534
33336,15399,31514
33284,15396,31548
33340,15430,31455
33376,15485,31537
33448,15348,31407
33428,15351,31620
33500,15375,31436
33516,15428,31516
33477,15367,31653
33249,15406,31314
33328,15445,31423
33368,15466,31525
33400,15379,31549
33364,15370,31514
33445,15387,31461
33432,15452,31569
33492,15351,31566
33437,15377,31567
33357,15514,31620
33312,15405,31604
33226,15449,31636
33276,15527,31500
33392,15375,31623
33576,15373,31620
33520,15391,31516
33384,15458,31639
33556,15344,31748
33580,15357,31617
33429,15408,31621
33173,15482,31404
33194,15374,31641
33207,15394,31461
33373,15423,31791
33464,15342,31657
33508,15358,31647
33588,15420,31559
33630,15465,31675
33576,15349,31681
33472,15396,31737
33352,15427,31463
33300,15389,31751
33312,15388,31684
33316,15484,31741
33428,15375,31716
33496,15389,31733
33432,15459,31726
33425,15335,31780
33416,15364,31712
33320,15381,31645
33340,15423,31631
33373,15468,31744
33312,15495,31736
33274,15363,31620
33352,15364,31663
33392,15385,31661
33456,15457,31748
33452,15351,31845
33312,15370,31796
33288,15360,31826
33156,15398,31715
33248,15415,31744
33134,15477,31836
33224,15367,31844
33257,15343,31849
33261,15347,31903
33368,15436,31844
33308,15324,31796
33292,15363,31789
33304,15405,31783
33220,15485,31812
33064,15372,31788
33048,15381,31846
33120,15420,31675
33204,15340,31948
33352,15341,31916
33276,15383,32007
33106,15333,31927
33185,15358,31996
33212,15450,31911
33200,15381,32005
33230,15391,31933
33212,15456,32033
33140,15359,31925
33228,15350,31913
33365,15384,31815
33400,15327,31802
33376,15344,31817
33234,15405,31815
33180,15363,31828
33143,15392,31854
33088,15413,31829
32990,15371,31896
32968,15380,31824
33076,15441,31827
33168,15322,31661
33202,15344,31796
33164,15359,31815
33164,15335,31787
33060,15379,31748
32961,15422,31853
32992,15375,31876
32928,15383,31908
32936,15423,31844
33031,15339,31884
33169,15336,31855
33260,15345,31945
33200,15386,31821
33152,15330,31860
32996,15378,31749
32903,15418,31685
32976,15469,31750
32921,15356,31709
32906,15358,31651
32925,15348,31717
32968,15353,31746
32936,15423,31713
32940,15332,31652
32933,15350,31715
32900,15386,31677
32880,15478,31716
32860,15348,31497
32925,15373,31513
33008,15497,31396
33056,15323,31585
33076,15343,31621
33104,15339,31596
33040,15435,31657
33052,15330,31380
32984,15358,31439
32940,15386,31647
32820,15368,31289
32772,15417,31452
32970,15493,31439
32924,15325,31503
33048,15331,31602
33156,15398,31469
33096,15311,31452
33034,15343,31336
33004,15415,31367
32908,15348,31282
32752,15383,31325
32816,15407,31354
32848,15465,31362
32813,15338,31367
33060,15322,31452
33092,15400,31488
33065,15315,31407
33044,15345,31428
32916,15386,31250
32800,15357,31333
32812,15371,31361
32754,15376,31399
32734,15420,31463
32820,15310,31396
32936,15334,31419
33032,15326,31410
33008,15359,31492
32884,15389,31301
32836,15453,31397
32718,15362,31485
32740,15345,31431
32768,15371,31527
32692,15362,31204
32848,15333,31357
32973,15353,31366
32956,15367,31487
32960,15441,31551
32958,15312,31266
32824,15361,31549
32800,15364,31444
32794,15455,31529
32760,15343,31581
32844,15354,31591
32868,15388,31623
32889,15457,31656
32848,15301,31702
32848,15334,31711
32830,15345,31812
32796,15333,31716
32621,15364,31667
32572,15445,31783
32608,15333,31703
32624,15335,31727
32676,15338,31799
32718,15325,31884
32840,15430,31861
32820,15294,31958
32760,15330,31987
32676,15377,32009
32669,15429,32135
32624,15351,32105
32586,15357,32126
32572,15358,32175
32692,15367,32172
32793,15290,32127
32806,15313,32063
32712,15411,32358
32614,15321,32387
32532,15377,32388
32428,15347,32425
32388,15364,32403
32412,15364,32471
32532,15442,32477
32616,15301,32502
32645,15321,32426
32613,15348,32724
32708,15294,32773
32799,15323,32774
32712,15396,32877
32580,15463,33036
32480,15333,32734
32516,15356,32903
32600,15391,33011
32636,15315,33125
32788,15308,33299
32856,15315,33254
32909,15366,33351
32952,15307,33117
32960,15346,33530
32868,15358,33226
32860,15460,33476
32864,15349,33319
32864,15357,33671
32952,15430,33455
32988,15289,33703
32965,15307,33783
32988,15317,33815
32996,15427,33735
32984,15311,34216
32900,15355,34165
32884,15353,34330
32892,15454,34309
32946,15337,34439
32960,15318,34470
32958,15363,34679
32910,15439,34378
32880,15280,34625
32884,15319,34551
32868,15333,34774
32756,15397,34908
32752,15333,34957
32892,15348,34968
32949,15343,35252
32976,15426,35374
33028,15301,35561
33030,15303,35580
32992,15383,35585
32976,15297,35636
32927,15321,35802
32840,15352,35873
32768,15375,36005
32812,15323,36231
32876,15333,35967
32862,15325,36408
32844,15332,36431
32864,15367,36575
32860,15290,36687
32732,15315,36804
32592,15342,36889
32404,15463,36999
32292,15343,37068
32208,15373,37172
31988,15460,36975
31712,15305,37524
31432,15314,37508
31064,15323,37452
30732,15374,37596
30544,15404,37767
30480,15319,37950
30502,15332,37956
30660,15342,38124
31000,15344,37870
31564,15377,38131
32508,15403,38340
33520,15438,38351
34876,15276,38396
36560,15305,38384
38414,15309,38404
40256,15364,38545
41902,15383,38676
42392,15451,38869
42176,15310,38407
41648,15327,38801
40796,15328,38961
39392,15335,38952
37452,15412,38980
36024,15288,38936
35296,15322,39007
35112,15364,39092
34896,15491,39163
34344,15320,39346
33732,15344,39255
33325,15395,39390
33004,15300,39111
32844,15287,39346
32700,15309,39513
32540,15313,39429
32316,15301,39396
31868,15328,39527
31424,15431,39476
31162,15334,39618
31008,15357,39554
30846,15312,39658
30732,15319,39557
30689,15337,39559
30692,15299,39754
30758,15406,39576
30788,15311,39388
30768,15332,39572
30732,15446,39612
30733,15347,39599
30764,15348,39639
30704,15431,39647
30752,15292,39674
30880,15295,39572
30924,15368,39669
30941,15295,39601
30976,15318,39684
30932,15313,39625
30932,15320,39815
31064,15335,39802
31225,15340,39901
31256,15423,39455
31248,15285,39752
31348,15296,39815
31366,15303,39815
31164,15276,39783
31148,15316,39804
31068,15311,39815
31032,15325,39887
31108,15333,40071
31252,15399,39933
31393,15302,40088
31524,15305,39573
31552,15355,40069
31516,15276,39684
31328,15301,39924
31224,15314,39754
31044,15375,40152
31094,15435,40126
31052,15326,40227
31006,15324,40173
31104,15333,40051
31296,15379,40228
31380,15279,40212
31496,15291,40343
31528,15311,40229
31420,15398,40387
31292,15296,40084
31154,15333,40119
31214,15340,40213
31284,15389,40240
31285,15307,40215
31388,15316,40130
31512,15265,39996
31494,15297,40124
31480,15302,40248
31429,15390,40255
31376,15301,40388
31292,15319,39921
31216,15333,40084
31132,15365,40160
31128,15301,40158
31228,15296,40004
31272,15343,40185
31356,15280,40167
31385,15287,40300
31342,15372,40149
31342,15294,40244
31089,15316,39912
30932,15329,40067
30860,15322,40176
30916,15409,40017
31036,15279,40053
31156,15285,39907
31188,15305,39930
31128,15395,40037
31140,15288,39872
31040,15314,39836
31156,15361,39717
31240,15437,39710
31200,15414,39778
31192,15301,39652
31224,15270,39679
31428,15285,39697
31470,15276,39527
31416,15328,39551
31397,15408,39620
31468,15289,39508
31512,15327,39401
31456,15323,39388
31364,15356,39406
31384,15416,39471
31520,15288,39333
31724,15294,39388
31960,15381,39312
32092,15265,39253
32113,15289,38885
32081,15308,39175
31848,15340,39281
31453,15309,39154
31236,15308,39127
31156,15373,39047
31316,15281,39104
31468,15266,38999
31604,15274,39056
31856,15388,38933
32080,15279,38852
32160,15311,38772
32233,15430,38703
32356,15308,38808
32385,15306,38783
32412,15386,38850
32584,15265,38438
32685,15268,38540
32692,15263,38601
32632,15326,38519
32724,15414,38605
32720,15282,38519
32672,15316,38596
32708,15309,38078
32750,15353,38263
32878,15410,38407
33036,15263,38078
33164,15260,38139
33297,15266,38165
33436,15380,38135
33476,15274,38144
33324,15293,38111
33166,15364,38173
33128,15292,38023
33157,15302,38036
33201,15294,37735
33321,15327,37796
33378,15239,37783
33420,15273,37745
33420,15301,37693
33436,15372,37623
33392,15279,37522
33373,15309,37479
33388,15289,37424
33312,15309,37509
33316,15391,37303
33396,15265,37189
33392,15284,37316
33344,15375,37141
33308,15239,37127
33325,15282,36932
33220,15377,36837
33190,15293,36869
33324,15305,36781
33444,15424,36719
33532,15295,36573
33568,15314,36527
33586,15243,36447
33612,15301,36489
33558,15239,36350
33376,15272,36321
33189,15320,36183
33092,15276,36004
33140,15295,36167
33198,15356,35946
33280,15268,35783
33316,15268,35809
33425,15323,35689
33420,15251,35742
33500,15257,35556
33540,15399,35508
33492,15290,35303
33389,15379,35212
33336,15289,35351
33384,15305,35136
33508,15274,34951
33544,15267,35130
33628,15323,34889
33692,15244,34555
33692,15276,34846
33669,15251,34575
33588,15280,34591
33512,15340,34429
33508,15277,34452
33512,15292,34501
33532,15361,34311
33588,15253,34170
33632,15282,34055
33661,15249,33786
33708,15290,34028
33669,15251,33912
33608,15287,33903
33557,15382,33740
33544,15292,33552
33624,15349,33482
33692,15253,33249
33736,15249,33415
33792,15381,33175
33841,15244,33383
33776,15359,33233
33760,15267,32919
33732,15400,33219
33652,15295,33051
33660,15369,32933
33596,15280,32876
33588,15290,32751
33628,15238,32836
33718,15248,32495
33716,15281,32727
33632,15237,32420
33636,15261,32671
33584,15341,32548
33524,15265,32623
33504,15279,32479
33548,15338,32504
33572,15245,32388
33636,15258,32452
33664,15329,32316
33668,15213,32381
33628,15243,32231
33600,15275,32093
33484,15388,32052
33440,15287,31982
33409,15367,32060
33380,15289,31964
33420,15378,32015
33560,15263,31970
33610,15311,31815
33588,15217,31884
33580,15250,31837
33592,15381,31924
33500,15253,31580
33428,15287,31751
33400,15289,31655
33390,15409,31618
33362,15277,31612
33389,15336,31483
33485,15241,31492
33508,15225,31349
33476,15250,31461
33441,15227,31359
33312,15284,31272
33204,15276,31274
33221,15279,31229
33224,15383,31175
33255,15273,31125
33272,15322,30953
33381,15241,31159
33412,15346,30887
33392,15249,30967
33352,15369,30828
33248,15270,30887
33212,15323,30855
33164,15266,30727
33072,15323,30873
33072,15257,30713
33196,15305,30727
33237,15234,30557
33272,15312,30708
33316,15249,30577
33272,15356,30641
33160,15280,30388
33113,15423,30695
33152,15284,30575
33188,15372,30462
33124,15261,30513
33175,15242,30419
33288,15335,30433
33324,15275,30508
33284,15244,30427
33252,15294,30399
33172,15270,30463
33125,15379,30282
33108,15287,30434
33136,15407,30260
33088,15268,30364
33132,15223,30306
33220,15252,30210
33212,15232,30274
33212,15252,30162
33214,15231,30372
33120,15333,30200
33032,15279,29992
33028,15311,30247
33060,15247,30101
33068,15271,30014
33132,15237,30145
33192,15237,30087
33188,15327,29997
33157,15253,30310
33136,15298,30212
33054,15249,30053
32952,15278,30244
32925,15278,30272
33012,15276,30252
33060,15298,30295
33116,15245,30232
33092,15231,30367
33068,15218,30409
33028,15244,30405
32960,15321,30420
32872,15245,30341
32744,15284,30495
32736,15365,30449
32772,15265,30447
32788,15315,30417
32884,15238,30733
32968,15247,30654
33032,15340,30622
33056,15236,30656
32988,15249,30693
32964,15351,30677
32928,15289,30604
32928,15300,30597
32960,15247,30563
33048,15277,30582
33208,15285,30505
33272,15217,30772
33208,15245,30700
33180,15327,30575
33196,15253,30577
33212,15282,30439
33132,15271,30599
33092,15282,30736
33032,15247,30564
33060,15295,30598
33168,15239,30455
33174,15266,30655
33168,15222,30543
33141,15263,30417
33133,15391,30376
33061,15279,30268
33048,15388,30547
33004,15273,30428
32928,15291,30243
32992,15277,30453
33090,15244,30415
33152,15349,30201
33140,15243,30460
33052,15311,30395
32954,15258,30180
32928,15268,30312
32908,15275,30380
32864,15249,30324
32844,15281,30200
32900,15254,30433
33029,15242,30293
33093,15221,30305
33120,15250,30386
33112,15293,30288
33104,15220,30198
33008,15275,30181
32892,15367,30077
32884,15275,30276
32952,15345,30400
32964,15255,30172
33010,15274,30280
33088,15231,30168
33112,15252,30151
33076,15230,30161
33096,15249,30329
33032,15293,30267
32901,15269,30301
32740,15287,30135
32561,15259,30041
32432,15269,30369
32292,15367,30222
32086,15237,30247
31828,15220,30206
31416,15236,30133
30908,15343,30051
30432,15267,30341
30120,15319,30211
30014,15269,30068
30184,15281,30308
30634,15255,30261
31280,15263,30146
31894,15225,30188
32836,15239,30244
34228,15354,30352
36224,15244,30249
38676,15280,30144
40876,15245,30204
43039,15325,30262
44498,15245,30181
44300,15290,30161
43168,15207,30261
42012,15256,30136
40608,15365,30157
38620,15243,30060
37024,15297,30316
36076,15270,30240
35496,15289,30133
35573,15391,30215
35828,15290,30267
35484,15325,30123
35084,15216,30373
34926,15250,30265
34460,15364,30198
34166,15222,30264
33900,15257,30279
33400,15372,30254
32836,15260,30286
32353,15277,30248
31992,15393,30314
31784,15244,30002
31660,15252,30182
31536,15301,30173
31314,15220,30208
31117,15242,29969
30924,15277,30007
30700,15378,29882
30600,15285,30173
30636,15297,30030
30669,15374,29990
30645,15257,29860
30736,15252,29901
30797,15340,29836
30916,15242,29892
30912,15329,29784
30924,15228,29845
30836,15269,29871
30786,15375,29797
30756,15255,29884
30768,15264,29565
30840,15259,29613
30912,15330,29692
31000,15224,29687
31040,15236,29663
31012,15271,29465
31004,15240,29543
30928,15255,29504
30876,15271,29575
30792,15344,29481
30792,15357,29568
30871,15244,29640
30937,15239,29540
31036,15334,29617
31068,15222,29348
31108,15241,29436
31092,15310,29394
30996,15263,29437
31008,15364,29350
30996,15252,29348
31034,15300,29228
31060,15245,29535
31080,15235,29415
31124,15324,29279
31144,15229,29364
31108,15242,29444
31112,15261,29373
31060,15257,29432
30945,15281,29148
30940,15351,29409
30940,15253,29345
30928,15252,29406
30956,15324,29319
31076,15228,29359
31192,15323,29295
31244,15237,29151
31228,15276,29239
31176,15255,29089
31088,15282,29224
30996,15274,29302
30932,15292,29315
30924,15245,29262
31093,15230,29291
31216,15281,29236
31240,15221,29312
31204,15233,29391
31152,15264,29327
31032,15247,29353
30951,15279,29310
30905,15342,29221
30900,15244,29229
30920,15258,29229
31032,15230,29234
31188,15255,29217
31241,15316,29251
31236,15217,29247
31192,15236,29335
31072,15271,29258
30988,15293,29305
30956,15367,29260
31021,15247,29306
31101,15262,29271
31176,15276,29365
31270,15215,29271
31273,15233,29374
31330,15225,29383
31384,15301,29401
31340,15255,29316
31240,15269,29376
31268,15292,29287
31389,15290,29273
31484,15253,29200
31568,15305,29498
31680,15207,29397
31726,15231,29436
31732,15316,29380
31764,15234,29446
31720,15269,29385
31705,15300,29444
31744,15255,29384
31850,15265,29395
31904,15349,29343
32057,15218,29276
32204,15223,29305
32340,15333,29265
32400,15209,29357
32464,15243,29260
32444,15344,29277
32432,15271,29397
32568,15282,29269
32652,15367,29330
32692,15233,29203
32880,15236,29499
33040,15263,29406
33108,15352,29377
33128,15208,29306
33156,15239,29297
33136,15308,29391
33128,15239,29206
33206,15267,29541
33309,15291,29256
33360,15218,29540
33463,15228,29461
33584,15226,29510
33636,15297,29277
33620,15207,29596
33537,15238,29500
33444,15240,29434
33400,15267,29396
33440,15334,29513
33428,15233,29548
33438,15253,29556
33508,15258,29639
33600,15190,29543
33608,15222,29471
33532,15321,29647
33514,15228,29433
33540,15357,29521
33480,15268,29575
33452,15333,29673
33424,15229,29767
33444,15237,29691
33504,15275,29635
33544,15188,29608
33516,15223,29717
33472,15348,29830
33452,15231,29746
33397,15280,29639
33304,15384,29684
33264,15253,29719
33295,15254,29749
33272,15329,29655
33336,15204,29972
33393,15225,29848
33404,15277,29808
33420,15196,30079
33440,15235,29996
33344,15355,29940
33236,15263,29993
33193,15275,30021
33204,15244,30045
33204,15249,29956
33294,15223,30045
33424,15220,30148
33420,15293,30107
33356,15333,30212
33292,15205,30082
33268,15255,30177
33272,15250,29913
33213,15345,30205
33180,15234,30102
33196,15244,30183
33324,15252,30101
33453,15316,30197
33509,15215,30085
33524,15225,30179
33534,15305,30075
33412,15236,30120
33360,15253,30085
33332,15300,30025
33260,15229,30087
33260,15245,30012
33348,15257,29989
33452,15189,29988
33466,15219,30002
33461,15295,29900
33444,15206,30159
33404,15255,29895
33317,15345,30212
33272,15257,30100
33312,15316,29958
33428,15221,30240
33503,15221,30148
33500,15303,30207
33504,15200,30143
33476,15228,30056
33404,15284,30061
33352,15248,29992
33284,15366,30196
33292,15257,30153
33272,15270,30103
33292,15364,30085
33360,15220,30215
33452,15312,30120
33456,15222,30176
33404,15285,30251
33360,15203,30276
33305,15242,30183
33328,15353,30072
33384,15239,30252
33431,15281,30287
33468,15220,30313
33444,15216,30275
33460,15197,30196
33472,15217,30189
33488,15328,30304
33476,15229,30349
33336,15273,30319
33264,15364,30316
33230,15232,30325
33262,15240,30311
33272,15301,30288
33356,15188,30151
33396,15205,30476
33372,15277,30408
33368,15187,30401
33352,15230,30404
33273,15252,30412
33204,15300,30471
33188,15231,30392
33196,15239,30412
33229,15320,30401
33302,15203,30537
33352,15208,30541
33408,15241,30565
33392,15197,30488
33344,15229,30582
33244,15348,30617
33232,15253,30461
33212,15274,30716
33192,15225,30701
33216,15233,30612
33308,15322,30621
33369,15187,30524
33304,15212,30876
33240,15246,30796
33236,15202,30940
33136,15239,30849
33040,15246,30959
33080,15275,30908
33120,15359,31005
33116,15213,30933
33164,15213,30862
33200,15203,30944
33180,15287,30904
33172,15199,30990
33196,15220,30951
33144,15257,31048
33088,15299,31113
33128,15231,31108
33126,15255,31040
33105,15307,31268
33140,15201,31175
33190,15219,31096
33156,15313,31087
33144,15191,31078
33088,15213,31193
33008,15303,31068
32976,15356,31253
33036,15229,31069
33036,15239,31389
33005,15263,31103
33016,15199,31461
33116,15204,31367
33156,15238,31325
33156,15233,31401
33168,15196,31480
33096,15234,31313
33069,15250,31436
33049,15255,31517
33112,15325,31474
33153,15198,31574
33145,15207,31503
33164,15237,31613
33176,15311,31343
33137,15189,31422
33088,15222,31410
33048,15239,31428
32927,15330,31365
32893,15215,31452
32900,15233,31457
32932,15231,31588
33060,15287,31620
33088,15179,31711
33080,15211,31647
33057,15285,31574
33000,15204,31628
32881,15228,31605
32736,15247,31677
32728,15335,31607
32737,15209,31696
32772,15234,31660
32824,15205,31781
32861,15252,31751
32833,15339,31792
32753,15180,31948
32720,15229,31844
32630,15245,31972
32584,15348,31889
32610,15221,31824
32588,15247,31808
32604,15236,31917
32724,15292,32014
32821,15189,31992
32784,15187,32018
32800,15211,31900
32820,15230,32039
32840,15333,32150
32844,15223,32089
32904,15247,32173
32912,15243,31879
33004,15319,32172
33109,15186,31900
33136,15201,32107
33132,15231,32103
33136,15292,32231
33101,15199,32351
33052,15221,32055
33008,15220,32243
33069,15250,32224
33092,15271,32188
33093,15332,32232
33152,15194,32292
33185,15201,32263
33208,15255,32260
33148,15298,32300
33142,15329,32401
33044,15220,32512
32952,15239,32449
32918,15244,32495
32906,15238,32374
32876,15229,32480
32924,15210,32612
32958,15274,32258
32956,15312,32598
32936,15203,32543
32956,15229,32579
32860,15364,32450
32844,15240,32423
32884,15255,32573
32887,15328,32342
32840,15198,32715
32916,15205,32404
32952,15206,32543
32965,15277,32579
32953,15191,32551
32932,15215,32605
32856,15253,32676
32752,15231,32724
32736,15228,32859
32760,15236,32772
32800,15253,32910
32820,15275,32599
32864,15206,32831
32896,15177,32645
32812,15213,32733
32705,15217,32807
32544,15342,32897
32368,15225,32799
32104,15233,32884
31916,15323,32857
31660,15209,32887
31216,15206,32858
30712,15201,32876
30285,15301,32759
30012,15196,33159
29880,15215,33071
29878,15333,33164
29966,15231,33090
30304,15233,33189
31096,15277,33098
32404,15329,33026
33864,15193,33013
35964,15209,33101
38628,15220,33133
41348,15311,33146
43788,15161,33244
45676,15256,33127
46512,15290,33124
45972,15335,33062
44824,15262,33108
43590,15306,33136
41844,15176,33132
39780,15227,33128
38392,15248,33159
37812,15322,33133
37340,15214,33116
36688,15252,33079
35960,15345,33129
35242,15223,33069
34528,15252,33167
33896,15237,33220
33368,15285,32932
32864,15191,33103
32286,15189,33252
31750,15211,33167
31284,15222,33221
30816,15296,32973
30412,15239,33132
30108,15241,33271
29932,15245,33041
29880,15239,33127
29845,15236,33097
29877,15281,32997
29980,15300,33082
30056,15203,33052
30137,15210,32912
30142,15246,32887
30088,15283,32966
30084,15234,32999
30168,15223,32877
30292,15231,32917
30480,15253,32981
30564,15178,33072
30540,15192,32999
30516,15237,32884
30452,15205,32885
30384,15226,32996
30312,15245,32845
30324,15245,32935
30296,15259,32985
30312,15300,32922
30425,15193,32999
30588,15180,33013
30693,15197,32903
30656,15204,33015
30664,15253,33068
30550,15315,32974
30520,15338,33005
30528,15224,33072
30512,15231,33183
30524,15233,32996
30632,15302,33029
30672,15184,33103
30688,15205,33084
30664,15245,33183
30702,15201,32973
30638,15236,33070
30497,15231,32935
30390,15252,32988
30237,15343,32925
30242,15202,32913
30249,15197,32929
30280,15189,32951
30392,15274,32978
30352,15315,32949
30329,15196,32948
30180,15237,32671
29982,15246,32775
30168,15326,32819
30296,15218,32879
30520,15214,33018
30756,15192,32805
30956,15188,32869
31136,15242,32999
31040,15316,32643
31041,15210,32872
31088,15233,32831
31180,15311,32839
31292,15213,32897
31340,15234,32948
31472,15225,33093
31604,15267,32868
31656,15296,32997
31584,15186,33057
31436,15199,33047
31284,15270,33082
31124,15337,33060
31048,15236,33199
31040,15237,32839
31000,15314,33003
31016,15205,33100
31028,15202,33145
31044,15226,33257
31023,15293,33165
30952,15204,33277
30920,15237,33191
30838,15335,33292
30746,15224,32915
30756,15239,33117
30804,15329,33183
30884,15200,33172
31044,15202,33232
31116,15259,33140
31172,15179,33247
31181,15202,32855
31118,15216,33025
31016,15263,32997
30965,15236,32925
30988,15230,32941
31013,15233,32957
31104,15251,32894
31352,15309,32846
31568,15181,32700
31636,15190,33042
31660,15299,32901
31596,15207,32820
31512,15234,32788
31476,15263,32727
31560,15362,32698
31728,15228,32659
31896,15220,32707
32052,15250,32700
32200,15173,32644
32268,15197,32455
32276,15267,32507
32396,15191,32456
32516,15239,32462
32628,15312,32285
32709,15213,32481
32741,15243,32340
32820,15261,32528
32948,15311,32192
33096,15197,32319
33164,15224,32128
33296,15186,32452
33524,15223,32358
33524,15258,32438
33476,15343,32340
33484,15229,32316
33484,15242,32316
33532,15217,32312
33692,15252,32108
33804,15174,32226
33888,15199,32057
33942,15224,32335
33924,15322,32251
33758,15229,32348
33594,15247,32013
33584,15242,32180
33580,15250,32263
33572,15318,31938
33740,15199,32061
33880,15196,32051
33956,15222,32263
33912,15331,32161
33841,15192,32263
33812,15247,32120
33772,15249,32236
33688,15316,32104
33644,15222,32231
33704,15228,31852
33768,15220,32059
33820,15263,32166
33788,15189,32064
33786,15214,32063
33700,15229,31973
33556,15308,32071
33472,15381,32164
33505,15231,32085
33400,15247,31967
33348,15250,32007
33464,15294,32071
33540,15188,32093
33525,15181,32054
33472,15212,32085
33457,15215,32030
33389,15281,31879
33344,15376,31927
33332,15246,31945
33328,15259,31954
33292,15322,31967
33401,15201,32007
33496,15212,32063
33480,15230,31876
33453,15325,31908
33421,15215,31948
33336,15245,31943
33278,15282,31801
33297,15385,31832
33317,15233,31735
33268,15237,31874
33280,15223,32005
33440,15229,31751
33456,15317,31764
33416,15214,31751
33368,15247,31802
33249,15343,31718
33165,15248,31861
33189,15313,31632
33252,15241,31751
33336,15229,31785
33516,15223,31877
33512,15236,31930
33452,15201,31652
33452,15229,31788
33380,15268,31769
33244,15364,31869
33220,15249,31884
33300,15265,31884
33341,15236,31860
33406,15247,31901
33437,15285,31913
33569,15193,31905
33612,15244,31878
33636,15215,31908
33564,15240,31988
33424,15255,31679
33388,15321,31804
33416,15241,31845
33452,15255,31964
33400,15243,32086
33487,15333,31981
33512,15220,32077
33520,15222,31869
33473,15209,32017
33540,15261,32024
33536,15249,32071
33388,15270,32071
33412,15357,32019
33364,15245,32092
33332,15252,32199
33352,15294,32129
33404,15229,32117
33429,15252,32116
33436,15209,32165
33392,15239,32167
33272,15264,32034
33160,15268,32203
33100,15379,32239
33221,15271,32384
33316,15295,32295
33337,15247,32414
33424,15218,32087
33416,15231,32373
33348,15334,32127
33340,15249,32417
33300,15324,32405
33240,15255,32516
33161,15279,32433
33161,15260,32263
33197,15256,32616
33272,15220,32519
33296,15257,32398
33344,15229,32666
33400,15301,32551
33412,15265,32605
33256,15380,32546
33021,15304,32671
32948,15268,32511
32957,15279,32604
33016,15295,32549
33096,15233,32893
33164,15249,32799
33224,15221,32749
33172,15261,32741
33152,15252,32632
33096,15286,33029
33009,15365,32967
33032,15279,32858
32986,15293,32970
32992,15374,32886
33100,15258,33149
33166,15303,33087
33164,15223,33062
33188,15257,33153
33148,15287,33077
32996,15268,33129
32870,15296,32975
32876,15379,33255
32844,15267,33181
32868,15273,33255
32986,15311,33346
33052,15230,33365
33112,15237,33471
33120,15257,33174
33042,15363,33533
32920,15283,33192
32808,15304,33399
32784,15307,33399
32714,15362,33511
32720,15271,33641
32878,15244,33585
32984,15260,33609
32960,15355,33568
33036,15245,33540
33144,15283,33671
32864,15324,33772
32760,15301,33697
32836,15293,33827
32793,15292,33724
32736,15344,33868
32836,15367,33695
32864,15249,33759
32917,15265,33893
32992,15270,33839
32972,15311,33817
32908,15411,33615
32732,15291,33751
32644,15312,33828
32672,15306,33940
32696,15334,34023
32752,15380,33949
32784,15254,33857
32772,15281,33885
32761,15296,33893
32832,15383,34054
32836,15288,34071
32865,15323,34185
32790,15371,34108
32645,15292,34187
32608,15305,34135
32612,15414,34148
32740,15268,34085
32704,15293,34126
32624,15343,34268
32569,15281,34212
32460,15317,34324
32372,15325,34148
32357,15414,34197
32392,15303,34249
32400,15305,34269
32444,15336,34261
32508,15267,34309
32512,15299,34433
32557,15343,34055
32516,15407,34388
32420,15313,34123
32376,15333,34244
32484,15346,34297
32612,15442,34309
32644,15305,34386
32744,15284,34458
32836,15296,34577
32808,15296,34356
32704,15303,34463
32652,15354,34537
32608,15434,34532
32520,15330,34588
32553,15332,34255
32590,15337,34564
32656,15392,34325
32840,15415,34525
32968,15280,34686
32952,15309,34566
32936,15311,34477
32888,15432,34531
32812,15319,34628
32837,15343,34749
32832,15348,34556
32756,15371,34630
32724,15319,34652
32721,15313,34647
32796,15336,34763
32860,15445,34639
32865,15308,34536
32896,15363,34516
32768,15327,34693
32737,15362,34652
32760,15350,34580
32738,15396,34725
32728,15439,34412
32885,15298,34671
32916,15312,34821
32872,15313,34519
32825,15401,34562
32780,15332,34628
32676,15396,34595
32612,15490,34671
32688,15340,34727
32764,15361,34823
32794,15435,34709
32832,15293,34636
32793,15334,34524
32752,15458,34673
32752,15303,34649
32793,15354,34713
32728,15362,34813
32624,15433,34437
32469,15346,34645
32352,15367,34461
32224,15354,34655
32056,15369,34832
31737,15312,34407
31295,15332,34756
30764,15449,34709
30224,15348,34709
29898,15413,34562
29760,15367,34452
29796,15367,34735
29929,15434,34413
30356,15352,34655
31264,15344,34492
32484,15350,34809
33696,15405,34414
35604,15452,34560
38084,15338,34617
40644,15389,34585
43084,15424,34540
45188,15347,34796
46292,15407,34720
46004,15461,34823
45000,15317,34447
43920,15367,34655
42272,15385,34628
40232,15466,34684
38784,15343,34622
38020,15409,34756
37320,15452,34444
36656,15501,34711
35941,15394,34463
35265,15376,34840
34668,15408,34759
34032,15446,34725
33480,15461,34689
32912,15351,34674
32300,15389,34709
31648,15420,34666
31120,15396,34807
30788,15401,34700
30500,15452,34651
30340,15495,34647
30372,15367,34759
30414,15366,34743
30368,15451,34711
30308,15355,34673
30312,15395,34618
30112,15428,34797
29937,15514,34636
29848,15396,34549
29912,15399,34503
30029,15413,34503
30188,15461,34445
30228,15351,34492
30232,15377,34439
30252,15423,34522
30232,15490,34660
30216,15398,34532
30132,15417,34647
30156,15402,34502
30208,15446,34585
30348,15481,34257
30447,15361,34375
30488,15378,34295
30476,15385,34484
30465,15494,34433
30416,15391,34560
30350,15419,34165
30248,15419,34348
30202,15486,34280
30233,15404,34393
30256,15397,34402
30420,15378,34461
30506,15455,34439
30609,15364,34431
30584,15381,34347
30620,15446,34287
30538,15404,34331
30484,15423,34351
30484,15415,34175
30437,15465,34308
30440,15398,34107
30532,15381,34463
30524,15459,34380
30552,15376,34379
30560,15389,34324
30608,15402,34300
30533,15469,34232
30420,15414,34061
30298,15430,34281
30284,15460,34297
30413,15391,34423
30552,15391,34303
30616,15454,34265
30640,15495,34322
30640,15391,34405
30556,15406,34329
30396,15526,34373
30248,15434,34300
30208,15438,34392
30183,15431,34068
30224,15434,34374
30348,15429,34311
30505,15485,34311
30508,15377,34300
30565,15510,34418
30490,15398,34517
30404,15423,34412
30356,15435,34348
30288,15437,34381
30230,15428,34460
30280,15421,34533
30437,15398,34503
30432,15396,34617
30364,15404,34308
30340,15406,34389
30288,15422,34372
30221,15500,34500
30236,15430,34463
30364,15444,34551
30448,15480,34565
30484,15405,34559
30544,15399,34582
30600,15473,34548
30584,15393,34556
30544,15412,34533
30488,15431,34616
30432,15546,34235
30412,15432,34396
30569,15448,34423
30644,15445,34492
30702,15432,34396
30837,15473,34311
30934,15506,34404
31008,15401,34376
31012,15415,34358
30934,15510,34259
30904,15439,34252
31020,15446,34381
31156,15444,34377
31238,15505,34341
31316,15516,34320
31510,15413,34221
31620,15409,34277
31684,15437,34256
31722,15513,34285
31832,15411,34352
31837,15451,34264
31837,15558,34007
31920,15454,34372
32080,15476,34255
32200,15504,34356
32348,15396,34220
32448,15415,34101
32516,15455,34135
32564,15405,33927
32789,15443,34328
32924,15528,34172
32952,15442,34047
32976,15477,34290
33052,15588,34179
33164,15435,34180
33285,15479,34118
33456,15396,34096
33524,15428,34140
33549,15418,34228
33560,15510,34133
33492,15556,34055
33444,15462,33831
33424,15462,34119
33520,15549,33823
33644,15432,34159
33788,15419,33821
33812,15508,34208
33693,15412,34118
33576,15425,33999
33588,15520,34196
33557,15463,34084
33471,15531,33991
33472,15444,34060
33540,15462,34015
33572,15476,33972
33596,15415,33872
33592,15409,33980
33560,15423,34010
33580,15469,34076
33572,15579,34065
33464,15475,34093
33416,15493,34082
33408,15571,34141
33432,15445,34111
33372,15448,34159
33396,15468,34136
33324,15409,34161
33280,15430,34194
33241,15441,34204
33128,15432,34221
33056,15473,34149
32988,15504,34144
33028,15567,34191
33052,15455,34052
33124,15432,34167
33216,15435,34183
33244,15492,34179
33236,15403,34055
33236,15430,33917
33248,15506,34055
33192,15443,34055
33082,15463,34052
33020,15471,34047
32969,15554,34023
33064,15587,34213
33152,15445,34132
33221,15452,34173
33334,15525,33908
33356,15422,34183
33193,15457,33823
33124,15527,34031
33072,15461,33842
33176,15489,34180
33279,15460,34073
33268,15455,34140
33468,15462,33772
33428,15425,33895
33404,15430,33837
33384,15545,33926
33380,15461,33926
33293,15506,33887
33228,15463,33887
33272,15479,33859
33240,15543,33878
33300,15429,33932
33413,15444,33997
33492,15473,33961
33484,15425,34038
33408,15451,33663
33376,15501,33886
33276,15453,33732
33233,15495,33868
33234,15467,33667
33232,15479,33816
33192,15519,33692
33276,15419,33828
33373,15433,33622
33444,15424,33889
33452,15449,33620
33426,15525,33989
33280,15479,33897
33132,15578,34015
33152,15480,33909
33164,15486,34019
33228,15565,33902
33372,15439,33967
33392,15431,33892
33402,15434,33844
33368,15546,33871
33332,15469,33674
33208,15521,34020
33132,15466,33693
33124,15456,33892
33184,15471,33897
33212,15492,33949
33344,15427,34015
33388,15443,33997
33356,15435,33913
33361,15556,33762
33304,15453,33901
33196,15496,33799
33116,15465,34030
33141,15486,33838
33172,15519,33933
33212,15442,33940
33340,15437,34020
33360,15471,34149
33296,15428,34108
33284,15451,34202
33256,15548,34124
33148,15468,34151
33060,15509,34105
33088,15570,34169
33116,15465,34157
33168,15456,34148
33232,15456,34117
33240,15565,34183
33212,15433,34281
33201,15458,34293
33180,15596,34396
33060,15465,34332
32960,15491,34311
32996,15528,34309
32984,15585,34415
33004,15442,34428
33116,15445,34375
33166,15503,34452
33164,15432,34533
33200,15449,34553
33212,15480,34695
33088,15544,34492
33024,15462,34582
33056,15481,34727
33156,15490,34685
33192,15568,34633
33112,15454,34621
33032,15455,34689
33024,15522,34802
33084,15441,34916
33104,15460,34862
32976,15480,34982
32848,15509,34630
32760,15591,34940
32760,15490,34848
32832,15479,35020
32960,15520,34967
33069,15421,35038
33072,15448,35137
33113,15463,34863
33124,15471,35217
32980,15489,35207
32880,15525,35219
32850,15525,35335
32958,15480,35457
33116,15467,35456
33168,15510,35631
33160,15429,35580
33124,15437,35765
33076,15511,35400
33048,15458,35689
32844,15494,35772
32616,15575,35847
32460,15474,35948
32404,15509,36068
32432,15439,36132
32610,15452,36242
32710,15461,36441
32816,15537,36144
32876,15443,36439
32856,15475,36703
32809,15519,36374
32764,15479,36868
32736,15488,36554
32636,15591,37092
32604,15468,37063
32704,15533,37249
32792,15428,37198
32732,15452,37403
32728,15562,37364
32708,15471,37572
32656,15482,37501
32604,15592,37623
32664,15468,37430
32630,15494,37671
32652,15457,37719
32756,15454,37797
32648,15456,37791
32488,15577,37844
32416,15451,37991
32392,15479,37617
32364,15562,37915
32308,15471,37984
32286,15480,38048
32316,15487,38017
32348,15450,37785
32677,15452,38006
32760,15457,38173
32834,15556,38230
32862,15441,38367
32876,15468,38177
32844,15585,38284
32864,15480,38396
32800,15500,38343
32840,15588,38455
32892,15467,38424
32944,15478,38572
32954,15421,38493
32932,15430,38404
32933,15451,38270
33000,15496,38484
32852,15471,38569
32752,15486,38583
32762,15585,38688
32924,15465,38661
33044,15474,38812
33157,15493,38362
33125,15429,38660
32940,15448,38663
32888,15461,38725
32852,15597,38845
32696,15463,38487
32576,15484,38775
32560,15482,38807
32554,15583,38845
32492,15449,38996
32550,15448,38764
32728,15465,38813
32800,15515,39006
32724,15549,38826
32748,15455,38874
32702,15460,38815
32704,15493,38671
32697,15513,38768
32604,15588,38902
32492,15444,38886
32632,15444,38733
32728,15445,38939
32748,15442,38573
32712,15499,38767
32612,15585,38948
32489,15460,38743
32560,15490,38791
32662,15481,38791
32684,15583,38388
32620,15469,38748
32621,15471,38364
32576,15423,38711
32264,15461,38407
31904,15429,38559
31488,15469,38584
30920,15562,38580
30388,15471,38430
30084,15479,38567
30146,15504,38501
30344,15449,38593
30614,15450,38271
31124,15472,38245
31700,15431,38301
32456,15440,38199
33384,15575,38276
34652,15492,38196
36381,15584,38169
38236,15464,38135
39984,15503,38256
41664,15456,38100
42149,15448,38023
41452,15473,38041
40444,15588,38024
39328,15461,38023
37596,15501,37860
35424,15610,37895
33940,15489,37849
33080,15504,37735
32812,15628,37721
33344,15456,37738
33774,15457,37683
33560,15561,37700
33276,15428,37607
32877,15463,37588
32580,15525,37487
32404,15466,37536
32364,15491,37348
32300,15508,37383
32064,15466,37383
31826,15459,37244
31677,15453,37175
31484,15525,36828
31204,15438,36975
31004,15452,36960
30828,15507,36927
30656,15478,36844
30528,15499,36726
30648,15590,36693
30688,15466,36637
30817,15458,36615
30996,15484,36545
31148,15535,36509
31148,15438,36068
31076,15491,36399
31020,15455,36225
30864,15498,36225
30796,15461,36071
30884,15484,36100
30948,15597,35921
30992,15461,35895
31048,15516,35764
31168,15427,35770
31244,15454,35326
31270,15426,35625
31284,15460,35260
31189,15471,35429
31129,15475,35263
31169,15554,35069
31180,15476,34999
31237,15556,35124
31336,15429,34959
31316,15537,34996
31300,15440,34796
31352,15438,34692
31388,15465,34639
31368,15521,34599
31308,15467,34516
31225,15482,34583
31216,15567,34117
31336,15455,34214
31572,15485,34159
31608,15431,34120
31581,15460,33844
31560,15431,34179
31468,15556,34001
31392,15487,33996
31388,15524,33846
31420,15465,33871
31472,15474,33471
31576,15508,33750
31738,15422,33580
31861,15485,33639
31889,15435,33441
31916,15516,33279
31895,15464,33175
31764,15586,33041
31680,15467,33047
31640,15487,33012
31652,15460,32977
31712,15468,32700
31776,15418,32853
31876,15431,32606
31892,15562,32822
31868,15429,32573
31760,15467,32597
31744,15467,32535
31667,15478,32548
31664,15543,32359
31628,15588,32535
31692,15452,32142
31724,15484,32212
31749,15420,32122
31784,15439,32229
31792,15532,32196
31770,15460,32195
31664,15519,32248
31612,15465,32116
31624,15499,32192
31636,15461,32056
31652,15457,32061
31720,15446,31911
31748,15514,31968
31712,15417,32064
31708,15443,31727
31688,15473,31836
31652,15557,31962
31596,15463,31879
31652,15479,31861
31672,15507,31735
31776,15548,31807
31898,15428,31901
31992,15439,31677
32002,15469,31744
32004,15409,31853
31940,15471,31715
31860,15460,31694
31872,15485,31614
31928,15502,31677
31972,15451,31765
32032,15444,31607
32108,15517,31583
32191,15422,31509
32252,15445,31581
32316,15415,31635
32360,15463,31353
32376,15566,31495
32381,15474,31447
32453,15492,31551
32508,15482,31449
32616,15451,31398
32648,15457,31494
32688,15557,31590
32736,15441,31237
32848,15474,31377
32924,15447,31532
32888,15469,31204
32877,15580,31509
32904,15473,31308
32940,15461,31253
32956,15473,31126
33072,15436,31461
33152,15405,31142
33180,15429,31302
33184,15495,31204
33098,15441,31294
33040,15473,31252
32976,15511,31148
32944,15445,31252
32960,15469,31326
32976,15528,31077
33048,15424,31181
33100,15428,31225
33108,15468,31069
33100,15415,31111
33060,15460,31034
33012,15488,31139
32976,15581,31165
32960,15474,30868
32960,15533,30956
32980,15427,31068
33056,15436,31079
33040,15552,31100
33044,15440,30884
33081,15423,30972
33041,15459,30821
32940,15575,30989
32928,15460,30953
32924,15471,31054
32904,15545,31149
32929,15423,30808
33028,15429,31004
33060,15480,31124
33020,15408,30905
32992,15436,30969
32916,15556,31055
32820,15469,30962
32788,15451,30882
32796,15489,30908
32856,15460,30753
32900,15495,30876
33020,15423,30921
33100,15463,30956
33084,15425,31061
33064,15445,30765
33036,15559,31013
32948,15473,30857
32880,15495,30911
32854,15453,30910
32888,15478,31038
32932,15476,31143
33016,15414,30831
33106,15438,30940
33064,15460,31028
33072,15405,31074
33012,15463,31108
32904,15467,31100
32886,15491,31056
32905,15445,31072
32913,15471,31083
32996,15555,31111
33124,15440,31135
33141,15528,31100
33124,15432,31204
33140,15436,30861
33068,15546,31085
32976,15469,30951
32969,15474,31063
32980,15476,30828
32944,15505,31014
33020,15428,31083
33116,15440,31044
33124,15508,31013
33108,15417,30908
33120,15456,30969
33012,15591,31063
32904,15487,30967
32868,15478,30842
32892,15551,30909
32934,15465,30949
32992,15455,31030
33080,15463,30828
33096,15548,30940
33132,15429,30788
33105,15454,31012
33044,15503,30788
32980,15476,30897
32936,15487,30876
32949,15509,30760
33040,15462,30749
33120,15463,30784
33100,15535,30818
33124,15428,30865
33113,15440,30852
33137,15562,30945
33032,15477,30604
32892,15565,30833
32912,15474,30650
32953,15492,30823
33004,15515,30873
33060,15433,30795
33112,15450,30849
33108,15447,30689
33104,15555,30734
33104,15433,30855
33024,15481,30784
32928,15508,30695
32896,15567,30757
33000,15465,30545
32989,15490,30737
33012,15460,30824
33028,15508,30533
33124,15435,30713
33068,15452,30724
32993,15558,30762
32956,15466,30577
32796,15505,30671
32688,15588,30604
32612,15484,30591
32672,15525,30604
32800,15444,30668
32935,15453,30607
32948,15555,30661
32900,15429,30732
32988,15460,30706
32920,15527,30764
32807,15470,30495
32700,15522,30661
32656,15485,30503
32673,15500,30610
32754,15532,30618
32844,15443,30702
32992,15457,30706
33024,15551,30705
32996,15456,30645
32892,15483,30712
32772,15523,30719
32760,15597,30802
32716,15470,30732
32669,15494,30727
32660,15483,30622
32728,15513,30660
32864,15445,30624
32865,15470,30736
32782,15513,30751
32668,15609,30534
32557,15481,30692
32538,15497,30864
32584,15508,30645
32658,15515,30764
32688,15563,30858
32756,15446,30559
32808,15471,30772
32769,15484,30542
32773,15453,30817
32724,15492,30753
32584,15599,30852
32532,15496,30780
32517,15524,30804
32508,15500,30749
32492,15485,30732
32604,15558,30747
32656,15461,30663
32636,15477,30717
32600,15562,30652
32452,15489,30716
32312,15601,30533
32272,15502,30779
32312,15579,30546
32348,15514,30855
32401,15545,30751
32520,15452,30741
32564,15471,30705
32569,15573,30648
32568,15479,30716
32508,15591,30645
32449,15516,30630
32516,15559,30613
32578,15503,30689
32600,15537,30724
32685,15493,30539
32810,15489,30620
32868,15561,30533
32840,15489,30564
32784,15519,30588
32697,15492,30652
32596,15532,30591
32612,15510,30672
32636,15523,30488
32664,15586,30583
32724,15494,30660
32792,15481,30675
32836,15525,30736
32816,15487,30577
32736,15503,30619
32676,15620,30468
32588,15532,30696
32596,15664,30463
32564,15536,30583
32628,15557,30588
32668,15488,30690
32712,15490,30645
32700,15470,30585
32656,15492,30656
32640,15561,30724
32568,15517,30756
32524,15625,30594
32472,15539,30540
32480,15559,30612
32480,15513,30607
32486,15525,30663
32560,15623,30624
32581,15500,30705
32601,15565,30742
32568,15497,30751
32516,15530,30852
32412,15614,30525
32396,15533,30695
32388,15553,30703
32445,15572,30748
32524,15503,30797
32628,15511,30533
32656,15574,30629
32604,15497,30636
32568,15516,30767
32480,15649,30854
32328,15561,30741
32192,15591,30727
32028,15545,30545
31822,15580,30671
31532,15519,30648
31244,15533,30666
30772,15500,30524
30244,15534,30727
29812,15632,30531
29528,15557,30709
29400,15603,30577
29456,15557,30632
29703,15604,30528
30144,15549,30701
31016,15539,30613
32440,15659,30660
33965,15524,30745
36140,15566,30757
38776,15517,30828
41392,15564,30756
43681,15676,30836
45332,15598,30743
45816,15639,30636
44980,15543,30570
43733,15596,30784
42524,15579,30541
40640,15559,30869
38662,15664,30791
37373,15564,30829
36764,15635,30805
36376,15583,30847
35872,15643,30812
35297,15577,30820
34668,15594,30836
34089,15577,30719
33572,15660,30749
33068,15541,30884
32556,15553,30992
31980,15643,30665
31388,15564,30820
30829,15604,30954
30504,15650,30933
30276,15577,31024
30114,15590,30757
30054,15636,30844
30016,15540,30895
29938,15567,30924
29880,15630,30872
29860,15664,30958
29808,15590,30789
29740,15619,30887
29752,15707,30877
29760,15606,30748
29806,15639,30834
29892,15575,30917
29989,15593,30823
30040,15548,30806
30064,15570,30722
30052,15664,30837
29994,15599,30895
29894,15639,30813
29905,15593,30907
29950,15601,30796
30008,15677,30877
30064,15584,30598
30192,15605,30667
30224,15561,30707
30210,15583,30837
30228,15683,30808
30240,15610,30638
30216,15657,30753
30140,15601,30761
30120,15609,30895
30132,15697,30941
30156,15581,30697
30276,15601,30997
30320,15563,30953
30380,15579,31050
30397,15575,30980
30320,15607,31085
30228,15709,30996
30156,15625,31111
30144,15687,30842
30140,15611,30955
30236,15621,30922
30364,15564,31061
30440,15589,31150
30464,15644,31063
30440,15588,31181
30404,15673,31097
30300,15617,31205
30240,15636,30935
30260,15713,31025
30266,15617,31031
30284,15611,31125
30352,15583,31129
30404,15596,31169
30386,15634,31197
30312,15588,31231
30225,15623,31290
30189,15699,31074
30196,15625,31189
30200,15639,31367
30276,15689,31367
30384,15592,31509
30492,15599,31423
30548,15613,31325
30540,15700,31373
30524,15599,31488
30468,15662,31442
30367,15737,31544
30272,15647,31531
30256,15685,31607
30288,15620,31645
30305,15623,31680
30372,15665,31658
30412,15585,31599
30381,15613,31740
30364,15604,31682
30336,15637,31666
30268,15745,31713
30241,15652,31716
30280,15657,31844
30316,15709,31872
30369,15620,31996
30493,15618,31879
30550,15676,31994
30556,15620,31879
30552,15661,31802
30574,15627,31828
30576,15655,31831
30568,15759,31871
30564,15656,31823
30676,15658,31814
30792,15746,31841
30892,15621,31913
30981,15631,31973
31032,15615,31908
30996,15621,31886
31008,15731,31919
31027,15664,31885
31084,15706,31909
31140,15653,31895
31194,15675,31929
31288,15753,31959
31444,15604,31693
31620,15632,31884
31726,15703,31670
31848,15615,31868
31932,15669,31812
31968,15662,31805
32036,15675,31768
32128,15729,31890
32236,15651,32001
32476,15639,31918
32629,15701,31878
32768,15619,31831
32850,15638,31879
32908,15709,31847
32964,15641,31902
32960,15671,31892
32996,15785,31847
33076,15661,31780
33137,15671,31792
33200,15742,31837
33300,15622,31700
33400,15630,31748
33440,15676,31789
33416,15631,31841
33324,15674,31821
33242,15715,31887
33260,15805,31967
33280,15684,31889
33340,15708,31934
33412,15636,31853
33469,15636,31789
33460,15746,31860
33452,15627,31828
33396,15650,31841
33372,15711,31842
33260,15757,31908
33212,15794,31909
33216,15666,31703
33242,15681,31812
33224,15655,31831
33328,15659,31929
33328,15693,32007
33324,15781,31988
33314,15632,32101
33236,15684,31991
33144,15688,32044
33156,15713,31880
33156,15748,31972
33168,15775,31965
33192,15651,32068
33260,15644,32079
33276,15719,32066
33256,15647,32109
33284,15651,32092
33244,15685,32196
33125,15747,32069
33096,15668,32185
33116,15693,32072
33100,15783,32165
33132,15647,31820
33216,15661,32164
33260,15720,32060
33280,15656,31951
33272,15684,32031
33236,15668,32041
33157,15708,32068
33092,15676,32010
33120,15706,32020
33136,15738,31977
33193,15656,31914
33276,15656,31911
33312,15706,31962
33296,15756,31872
33364,15652,32054
33344,15701,31975
33208,15769,32093
33177,15694,31991
33180,15708,32098
33192,15711,31990
33268,15664,31999
33404,15670,31973
33448,15669,32061
33460,15719,31719
33436,15664,31925
33312,15686,31858
33266,15717,31974
33288,15732,32044
33316,15704,31983
33336,15713,32071
33397,15703,31981
33484,15770,32111
33481,15665,31751
33500,15698,32100
33568,15677,31765
33520,15710,31884
33428,15737,31927
33368,15708,32000
33332,15719,32017
33388,15794,31917
33412,15683,31941
33500,15681,31940
33608,15711,31943
33616,15671,32036
33584,15689,32101
33421,15751,32078
33372,15713,32039
33336,15725,32054
33338,15782,31981
33344,15717,31981
33420,15790,31864
33505,15686,32180
33504,15797,32109
33480,15689,32224
33486,15710,32094
33412,15691,32154
33360,15730,32102
33292,15863,32028
33312,15725,32028
33324,15772,31978
33376,15685,31993
33493,15687,31898
33528,15748,32068
33422,15675,32021
33332,15698,32092
33262,15791,32049
33212,15741,32163
33185,15783,31891
33184,15716,31996
33173,15717,32022
33232,15697,32053
33264,15788,32044
33312,15675,32101
33296,15702,32153
33264,15771,32139
33220,15714,32194
33100,15751,32148
33021,15835,32253
33096,15715,32156
33136,15741,32186
33128,15810,32172
33196,15699,32247
33194,15735,32167
33180,15701,32183
33181,15783,32153
33096,15709,32127
33028,15748,32149
32972,15851,32173
32984,15741,32199
32997,15789,32320
33074,15691,32021
33193,15724,32220
33213,15683,31971
33164,15709,32221
33116,15814,32207
33104,15733,32316
33005,15763,32247
32956,15850,32365
32998,15742,32259
32992,15775,32229
33016,15699,32268
33120,15697,32388
33152,15735,32040
33120,15818,32165
33104,15719,32183
33060,15758,32245
32952,15856,32329
32900,15745,32293
32920,15757,32308
32961,15847,32294
33036,15703,32373
33085,15711,32263
33081,15729,32404
33124,15850,32296
33124,15719,32233
33084,15829,32165
32992,15746,32032
32840,15758,32284
32800,15823,32044
32764,15735,32402
32844,15718,32292
32996,15810,32364
33040,15697,32054
32982,15711,32351
32980,15817,32062
33004,15733,32420
32961,15775,32287
32932,15860,32241
32976,15881,32308
33088,15719,32364
33204,15719,32193
33322,15721,32280
33336,15716,32391
33392,15774,32204
33384,15837,32252
33285,15738,32116
33176,15752,32178
33232,15788,32218
33308,15859,32300
33240,15749,32208
33244,15748,32253
33324,15818,32236
33388,15698,32287
33396,15729,32217
33389,15748,32294
33324,15845,32356
33176,15764,32347
33201,15773,32364
33232,15849,32365
33240,15747,32324
33332,15736,32223
33373,15753,32240
33405,15825,32263
33472,15708,32343
33420,15743,32300
33341,15836,32364
33320,15740,32455
33296,15769,32372
33280,15831,32463
33296,15737,32366
33356,15741,32441
33365,15810,32365
33380,15710,32455
33440,15731,32332
33402,15741,32209
33312,15781,32238
33212,15759,32263
33124,15751,32301
33116,15780,32194
33152,15858,32156
33268,15721,32286
33368,15725,32202
33357,15732,32207
33258,15819,32177
33212,15726,32277
33104,15751,32357
33068,15781,32256
33008,15860,32365
32944,15742,32223
32844,15745,32189
32809,15737,32261
32696,15748,32217
32460,15843,32135
32080,15727,32141
31716,15735,32110
31156,15808,32140
30580,15872,32127
30184,15764,32165
30048,15771,32173
30048,15766,32153
30238,15759,32255
30632,15721,32095
31333,15721,32135
32440,15743,32111
33710,15748,32191
35568,15850,32063
38020,15736,32127
40732,15784,32038
43300,15807,31972
45404,15871,32036
46660,15709,31953
46612,15751,31980
45532,15774,31887
44296,15846,31892
42744,15711,31885
40616,15783,31932
38904,15808,31950
38144,15751,31919
37720,15791,31862
37188,15779,31932
36592,15849,31853
35902,15725,31865
35168,15750,31957
34484,15765,32100
33900,15824,31815
33260,15756,31916
32548,15790,31957
31941,15808,32048
31468,15888,32069
31156,15773,32095
31004,15751,32132
30884,15820,32117
30800,15735,32259
30656,15745,31919
30584,15756,32257
30516,15855,32159
30476,15772,32260
30392,15781,32157
30384,15853,32101
30389,15767,32102
30470,15755,32156
30572,15753,32162
30596,15820,32263
30584,15853,31909
30576,15743,32028
30501,15765,32052
30436,15784,32127
30417,15865,32059
30440,15774,32147
30529,15778,32135
30620,15751,32109
30692,15775,32146
30756,15847,32108
30780,15737,32109
30804,15751,32092
30760,15796,32086
30688,15891,32100
30724,15780,32072
30748,15847,31957
30776,15761,32039
30864,15746,32103
31005,15741,32203
31054,15755,32064
31021,15831,31963
31016,15862,31940
30968,15751,31970
30884,15786,31810
30882,15794,32070
30908,15852,31833
30940,15758,32136
30972,15758,31999
31004,15735,32041
31036,15809,31990
31128,15727,31997
31136,15758,31985
31052,15780,32079
30982,15862,31959
31000,15769,32015
31068,15780,31698
31064,15823,31810
31120,15741,31838
31168,15724,31937
31150,15743,31966
31120,15833,31943
31084,15750,31864
31000,15794,31833
30928,15887,31936
30932,15789,32004
30988,15847,31954
31044,15865,32033
31084,15850,31798
31136,15844,31984
31172,15719,31806
31232,15744,32029
31218,15751,31845
31128,15814,31989
31058,15874,32044
31040,15758,32047
31044,15780,32093
31116,15766,32090
31216,15789,32148
31292,15727,32230
31304,15719,32403
31300,15729,32142
31264,15748,32300
31168,15780,32357
31069,15781,32389
31080,15852,32502
31132,15765,32412
31192,15772,32480
31282,15762,32420
31384,15786,32501
31406,15825,32455
31444,15727,32544
31488,15753,32461
31432,15806,32409
31352,15767,32428
31383,15780,32358
31364,15783,32322
31352,15783,32337
31448,15841,32391
31568,15717,32198
31672,15738,32415
31724,15737,32207
31709,15764,32295
31684,15863,32206
31664,15767,32262
31712,15761,32287
31816,15767,32263
31936,15774,32263
32110,15836,32333
32272,15863,32476
32428,15719,32361
32549,15740,32333
32638,15745,32248
32604,15776,32331
32565,15808,32391
32680,15874,32085
32857,15876,32227
32936,15860,32378
33020,15732,32050
33268,15708,32204
33428,15735,32073
33652,15728,32154
33800,15762,32183
33820,15827,32257
33740,15884,32229
33672,15773,32210
33728,15764,32165
33852,15836,32159
34000,15715,32245
34116,15717,32273
34156,15828,32118
34240,15732,32255
34352,15751,32293
34305,15865,32244
34252,15751,32167
34220,15755,32101
34084,15805,32134
34128,15741,32092
34316,15725,32209
34508,15699,32145
34548,15730,32324
34544,15709,32175
34468,15749,32236
34385,15728,32132
34270,15780,32287
34228,15749,32232
34237,15759,32053
34197,15864,32298
34228,15732,32217
34404,15847,32112
34384,15731,32260
34384,15797,32221
34296,15739,31977
34188,15732,32189
34188,15835,32327
34100,15769,32135
34041,15745,32213
34108,15749,32189
34236,15706,32327
34304,15740,32220
34388,15692,32075
34392,15785,32262
34392,15738,32089
34212,15804,32197
34046,15764,32087
33984,15854,32257
33932,15756,32044
33964,15820,32145
34104,15719,32079
34236,15732,32041
34252,15715,32087
34196,15719,32002
34198,15834,32068
34080,15753,32058
33925,15890,31878
33972,15759,32113
33976,15800,31992
34037,15740,31767
34100,15798,31966
34168,15701,31972
34164,15764,31943
34156,15708,31788
34125,15723,31993
34076,15733,31910
34054,15769,31640
34116,15746,31981
34116,15757,31854
34136,15746,31916
34180,15812,31839
34273,15697,31727
34342,15715,31775
34304,15834,31799
34228,15727,31811
34080,15833,31656
34000,15738,31526
33968,15745,31865
33928,15855,31737
33943,15743,31645
34114,15719,31804
34324,15811,31725
34336,15719,31487
34228,15819,31743
34180,15720,31604
34032,15828,31700
33864,15751,31576
33804,15777,31607
33844,15727,31663
33888,15759,31607
34029,15701,31663
34080,15780,31605
34080,15707,31379
34128,15773,31653
34116,15709,31534
33864,15737,31468
33717,15837,31508
33748,15731,31592
33832,15809,31475
33842,15724,31677
33920,15755,31573
34009,15699,31605
34005,15743,31572
34024,15679,31524
33982,15725,31455
33896,15837,31816
33753,15720,31764
33662,15735,31849
33670,15735,31799
33757,15803,31751
33828,15693,31876
33852,15689,31922
33918,15713,31922
33924,15780,31893
33924,15809,31820
33821,15717,31975
33692,15733,32007
33744,15746,32070
33760,15738,32114
33732,15783,32172
33888,15838,32114
33888,15680,32176
33964,15696,32244
33932,15709,32369
33844,15813,32444
33824,15718,32423
33744,15714,32332
33668,15713,32380
33709,15720,32460
33728,15725,32510
33725,15735,32482
33768,15669,32306
33886,15685,32569
33864,15693,32597
33820,15811,32543
33708,15706,32603
33592,15743,32388
33617,15745,32788
33652,15845,32700
33742,15709,32771
33764,15696,32752
33812,15713,32796
33812,15781,32764
33756,15681,32745
33668,15686,32825
33580,15723,32882
33509,15755,32829
33536,15835,32646
33552,15722,32967
33564,15742,32815
33689,15670,32856
33664,15673,33103
33652,15684,33020
33700,15732,33141
33640,15684,33063
33540,15711,33116
33508,15725,33108
33516,15763,33199
33488,15824,33145
33504,15698,33273
33588,15695,33188
33644,15709,33300
33680,15783,32977
33668,15684,33132
33596,15687,33111
33444,15796,33220
33348,15707,33207
33384,15716,33381
33404,15833,33336
33396,15705,33263
33446,15789,33297
33436,15674,33138
33429,15741,33488
33412,15682,33335
33336,15797,33156
33328,15715,33551
33242,15757,33452
33240,15702,33465
33180,15713,33474
33108,15687,33396
33168,15682,33369
33324,15701,33426
33378,15806,33479
33405,15651,33396
33400,15695,33514
33352,15701,33342
33264,15757,33439
33341,15826,33492
33321,15716,33607
33372,15692,33602
33508,15686,33620
33487,15695,33660
33452,15690,33644
33488,15686,33583
33504,15716,33588
33480,15691,33520
33468,15714,33565
33348,15732,33594
33404,15690,33671
33492,15698,33429
33580,15783,33732
33633,15656,33723
33722,15691,33597
33664,15648,33853
33600,15685,33740
33513,15798,33684
33465,15691,33675
33484,15707,33549
33449,15751,33740
33364,15668,33527
33445,15669,33940
33556,15665,33833
33496,15748,33903
33489,15796,33844
33408,15679,33961
33308,15703,33864
33173,15699,33782
33160,15704,33973
33230,15749,33860
33288,15677,33988
33365,15680,33892
33372,15693,33833
33364,15760,33853
33352,15653,33832
33342,15685,33887
33236,15724,33813
33108,15806,33791
33084,15687,33821
33124,15682,33836
33140,15694,33825
33204,15668,33905
33260,15664,33879
33300,15757,33799
33256,15664,33682
33196,15713,33969
33026,15826,33659
32785,15676,33956
32580,15722,33932
32372,15687,34053
32100,15675,33941
31840,15673,33799
31392,15665,33854
30880,15768,33812
30445,15661,33750
30260,15672,33849
30228,15785,33687
30292,15699,33900
30625,15721,33953
31196,15791,34060
32160,15694,33952
33532,15700,33883
35228,15633,33953
37568,15672,33685
40192,15812,34076
42692,15631,33712
44768,15722,34077
46084,15812,33998
46056,15642,34095
45052,15716,34004
43960,15728,34063
42720,15772,34018
40912,15641,34052
39200,15680,34029
38372,15716,34144
37880,15660,34069
37292,15710,34068
36556,15813,34017
35769,15715,34007
35040,15759,33969
34469,15682,34100
33968,15751,34037
33472,15665,33984
33000,15719,33847
32424,15649,34143
31853,15719,34154
31356,15685,34121
30984,15698,34085
30780,15781,34048
30638,15683,34096
30556,15688,34052
30588,15716,33999
30616,15762,34063
30532,15655,33967
30556,15687,33807
30520,15773,33917
30420,15688,33892
30433,15757,34132
30489,15681,33767
30517,15689,33981
30640,15781,33708
30721,15670,34104
30808,15732,33985
30829,15638,34044
30784,15657,33941
30748,15768,33954
30673,15694,33934
30664,15753,33868
30696,15685,33901
30737,15688,33972
30780,15719,33884
30856,15652,33978
30928,15655,33874
30964,15665,33991
30936,15772,33610
30952,15655,33737
30924,15697,33787
30876,15700,33897
30868,15695,33865
30852,15723,33829
30932,15782,33878
31036,15652,33927
31124,15655,33881
31156,15684,33957
31160,15721,33773
31136,15651,33783
31044,15695,33797
30944,15695,33821
30980,15716,33899
30984,15680,33767
30980,15687,33865
31116,15692,33751
31164,15642,33828
31196,15657,33710
31212,15690,33623
31180,15652,33549
31048,15681,33526
30916,15797,33775
30860,15691,33671
30940,15694,33772
31028,15780,33668
31144,15662,33629
31236,15706,33513
31350,15639,33508
31328,15668,33661
31205,15781,33638
31068,15693,33772
31084,15716,33692
31100,15683,33780
31137,15695,33701
31134,15719,33785
31224,15658,33692
31304,15687,33613
31324,15645,33645
31291,15665,33518
31252,15751,33924
31096,15692,33825
30997,15735,33752
31004,15685,33724
31072,15689,33710
31112,15751,33932
31124,15654,33920
31161,15661,33996
31164,15757,33956
31220,15649,34052
31200,15713,33985
31088,15685,33916
31009,15709,34008
30972,15692,33981
30989,15750,33940
31076,15792,34009
31240,15646,34124
31348,15649,34025
31380,15701,34009
31416,15642,33916
31400,15670,33828
31376,15729,33941
31321,15797,33879
31281,15682,34099
31321,15687,34039
31481,15722,34033
31580,15644,34005
31676,15645,34087
31736,15734,34023
31788,15653,33941
31812,15662,33980
31784,15749,33907
31804,15685,33918
31940,15694,33953
32021,15729,33903
32092,15666,33821
32228,15662,33969
32430,15751,33948
32496,15660,34086
32556,15659,33965
32641,15773,34055
32668,15694,33938
32733,15745,34079
32780,15674,33941
32836,15691,33994
32948,15773,33914
33172,15651,33880
33328,15645,33919
33412,15743,33944
33424,15762,33964
33516,15653,34047
33516,15689,33825
33548,15702,33818
33616,15735,33860
33668,15669,33927
33684,15678,33894
33836,15651,33956
33960,15717,34000
33972,15636,33953
34004,15654,33996
34028,15676,33986
33920,15689,34089
33840,15699,33769
33868,15720,33873
33873,15733,33917
33888,15733,33998
34036,15733,34115
34048,15781,33988
34013,15643,34116
34068,15670,33977
34084,15713,34050
33924,15798,33997
33884,15689,34117
33856,15666,33734
33872,15687,33975
33821,15693,33820
33924,15662,33993
33848,15692,33761
33852,15762,34119
33852,15650,34011
33812,15671,34080
33722,15709,33860
33720,15758,34095
33732,15801,33772
33696,15673,33972
33669,15682,33974
33740,15663,34055
33784,15650,34055
33760,15679,33868
33796,15754,33996
33792,15649,33761
33722,15705,34055
33680,15687,33903
33656,15702,33756
33684,15695,33966
33680,15758,33999
33796,15767,34038
33892,15635,34151
33828,15656,34004
33840,15667,34071
33772,15674,33934
33668,15759,33905
33596,15820,33926
33536,15807,34035
33524,15683,34155
33606,15661,33775
33676,15668,33941
33724,15685,33768
33816,15759,34106
33784,15645,34025
33793,15676,34029
33842,15693,33871
33721,15810,34004
33624,15676,33900
33636,15700,34116
33685,15685,33780
33812,15687,34117
33828,15721,33794
33948,15639,34197
33984,15649,33799
33992,15677,34021
33866,15746,33975
33748,15689,34020
33681,15702,34092
33644,15733,34113
33636,15676,34086
33764,15649,34109
33772,15657,34093
33808,15670,34212
33852,15771,34108
33816,15670,34191
33710,15671,34119
33636,15711,34204
33580,15716,34143
33565,15777,34261
33588,15815,34134
33680,15654,34119
33836,15710,34137
33820,15642,34286
33804,15662,34175
33824,15781,34108
33705,15697,34063
33672,15719,34205
33649,15677,34248
33660,15701,34183
33640,15757,34145
33648,15647,34151
33774,15665,34172
33760,15671,34248
33672,15683,34260
33610,15769,34241
33565,15682,34269
33568,15704,34284
33616,15698,34271
33660,15776,34234
33608,15686,34213
33672,15660,34207
33756,15671,34033
33793,15743,34311
33681,15647,34285
33644,15687,34397
33558,15756,34285
33469,15812,34287
33436,15836,34299
33436,15677,34394
33412,15693,34279
33560,15709,34220
33628,15647,34184
33660,15665,34172
33716,15675,34128
33600,15734,34168
33504,15687,34236
33404,15714,34249
33412,15787,34263
33444,15698,34257
33456,15692,34292
33550,15752,34120
33580,15653,34065
33620,15663,34141
33564,15675,34141
33522,15735,34100
33448,15701,33949
33400,15733,34311
33360,15844,34227
33264,15703,34177
33340,15698,34081
33389,15743,33937
33412,15676,34273
33392,15724,34207
33396,15660,34157
33472,15686,34159
33352,15705,34124
33276,15780,34183
33148,15685,34201
33188,15727,34093
33276,15791,34118
33360,15780,34246
33405,15662,34170
33460,15661,34191
33476,15673,33863
33496,15692,34127
33356,15816,34119
33236,15693,34207
33256,15714,34119
33230,15702,34052
33212,15767,33938
33217,15654,34041
33344,15677,34160
33356,15711,34055
33456,15756,34046
33408,15692,33949
33196,15711,33748
33065,15749,33847
33060,15703,33799
33097,15704,33861
33140,15687,33834
33244,15753,33943
33231,15663,33821
33120,15678,33746
32956,15667,33759
32953,15693,33823
32893,15749,33881
32960,15817,33791
33064,15701,33772
33124,15716,33641
33104,15803,33581
33108,15663,33648
33084,15674,33463
33056,15735,33582
33096,15666,33444
33140,15678,33643
33109,15708,33759
33032,15719,33687
33130,15804,33754
33262,15787,33573
33300,15686,33671
33228,15671,33686
33260,15668,33695
33296,15695,33741
33376,15761,33716
33416,15674,33644
33268,15721,33671
33189,15735,33471
33188,15802,33631
33140,15836,33650
33180,15677,33700
33296,15684,33593
33356,15670,33748
33312,15732,33704
33280,15811,33676
33196,15687,33553
33088,15719,33777
33088,15719,33748
33056,15713,33828
33060,15751,33764
33064,15680,33735
33112,15677,33724
33128,15668,33728
33137,15783,33848
33116,15684,33863
33080,15687,33841
33036,15759,33868
32934,15738,33847
32920,15692,33909
32916,15717,33852
32992,15708,33882
33057,15747,33853
33034,15670,33932
33004,15672,33847
32996,15751,33911
32961,15675,33836
32876,15719,33952
32820,15773,33839
32868,15831,33949
32878,15687,33588
32832,15689,33833
32885,15685,33734
32928,15693,33720
32993,15757,33818
32988,15776,33844
32908,15831,33909
32668,15695,33571
32512,15716,33783
32440,15723,33839
32221,15724,33586
31973,15694,33861
31696,15711,33743
31264,15735,33839
30804,15668,33965
30412,15676,33858
30256,15722,33900
30216,15706,33798
30322,15731,33716
30644,15754,33972
31184,15712,33872
32068,15690,34001
33316,15691,33909
34784,15680,34005
36880,15737,33892
39340,15802,34013
41652,15669,33924
43632,15735,34005
44908,15833,33916
45092,15695,34033
44292,15741,33927
43316,15732,34047
42204,15801,33948
40422,15655,33863
38840,15703,33817
37733,15721,33944
37266,15814,34076
36772,15719,33983
36060,15727,34108
35368,15734,33980
34820,15731,33965
34272,15801,33737
33836,15671,34119
33448,15690,34038
32988,15760,33996
32420,15824,34075
31912,15698,34055
31456,15743,34012
31028,15836,34008
30868,15708,34086
30700,15731,34008
30620,15731,34044
30574,15793,33957
30508,15688,34028
30553,15703,33923
30484,15791,34220
30484,15713,34084
30445,15732,33988
30388,15825,33972
30440,15713,33991
30532,15719,34009
30608,15711,34092
30736,15717,34079
30813,15676,34183
30921,15679,34084
30888,15690,34134
30786,15781,33982
30532,15713,33916
30540,15723,33934
30720,15807,34045
30776,15703,34116
30936,15709,34040
31060,15692,34117
31140,15716,34044
31084,15779,34173
31044,15677,34072
30968,15708,33993
30908,15779,34065
30896,15701,34196
30933,15705,33832
30976,15723,34093
31040,15702,33908
31116,15689,34066
31168,15752,34021
31112,15773,34120
31108,15685,34191
30980,15724,34108
30876,15699,34066
30812,15729,34086
30872,15727,34017
30991,15799,34052
31108,15694,34143
31169,15688,34093
31164,15675,34199
31200,15754,34068
31121,15672,34103
31080,15709,33951
31005,15814,33959
30944,15707,33927
30944,15721,34032
30868,15799,34022
30956,15703,33910
31108,15725,33793
31094,15674,34127
31028,15705,34056
31028,15786,34118
30966,15689,33823
30898,15721,33954
30932,15722,34016
30984,15709,34076
30964,15717,34036
30984,15743,34064
31028,15679,34151
31101,15672,34308
31044,15697,34215
31080,15742,34347
31084,15799,34238
30972,15714,34346
30882,15734,34295
30908,15706,34376
30864,15709,34311
30852,15717,34470
30972,15781,34362
31040,15678,34493
31092,15676,34121
31092,15765,34388
30972,15696,34146
30880,15766,34405
30847,15709,34145
30940,15721,34448
30980,15781,34278
30932,15681,34370
30992,15671,34335
31196,15765,34305
31220,15679,34141
31264,15705,34548
31156,15683,34408
30988,15715,34524
30992,15824,34391
31064,15717,34367
31204,15825,34321
31332,15698,34217
31468,15738,34366
31689,15657,34331
31772,15679,34385
31684,15666,34183
31552,15708,34031
31552,15786,34396
31560,15706,34271
31660,15714,34183
31812,15804,34181
31844,15695,34174
31852,15725,34181
32069,15766,34264
32132,15655,34227
32252,15675,34140
32292,15812,34109
32374,15713,34165
32448,15777,34276
32560,15706,34181
32628,15701,34221
32716,15711,34153
32812,15655,34080
32876,15665,34071
32968,15755,33865
33092,15668,34021
33132,15714,33875
33076,15688,34189
33152,15713,34130
33084,15820,34076
33037,15695,34092
33080,15702,34040
33280,15677,34095
33448,15755,34092
33481,15656,34043
33520,15674,34002
33472,15753,34089
33476,15710,34087
33454,15730,34232
33428,15685,34127
33524,15727,34042
33485,15796,34104
33516,15675,33914
33556,15731,34203
33512,15661,34100
33472,15676,34195
33461,15740,34118
33380,15689,34228
33292,15717,33836
33182,15730,34148
33324,15807,33829
33448,15676,34242
33513,15685,34136
33592,15649,34085
33432,15675,34055
33376,15713,34045
33344,15673,34104
33284,15710,34087
33180,15751,34196
33236,15687,34062
33208,15701,34063
33208,15689,34089
33396,15745,34116
33424,15650,34036
33348,15682,33957
33340,15660,33936
33198,15671,33791
33108,15700,34100
33156,15723,33861
33309,15807,33908
33354,15711,33725
33364,15689,33955
33324,15766,33652
33308,15642,33934
33272,15667,33632
33328,15686,33847
33348,15780,33631
33293,15678,33869
33292,15716,33683
33250,15722,33869
33280,15806,33569
33372,15666,33935
33472,15662,33854
33484,15724,33924
33472,15647,33823
33376,15675,33827
33316,15711,33784
33224,15689,33705
33228,15710,33692
33264,15684,33524
33240,15718,33888
33252,15664,33651
33337,15707,33757
33420,15661,33519
33464,15749,33709
33556,15669,33752
33516,15673,33697
33420,15717,33719
33316,15713,33540
33304,15675,33623
33288,15702,33721
33328,15661,33693
33332,15655,33671
33436,15758,33572
33496,15642,33588
33452,15661,33620
33268,15737,33393
33244,15704,33788
33191,15731,33671
33212,15675,33693
33226,15697,33602
33452,15687,33472
33480,15634,33756
33480,15659,33639
33492,15650,33412
33436,15657,33688
33288,15777,33527
33172,15686,33629
33196,15722,33583
33240,15794,33511
33240,15690,33468
33252,15749,33764
33260,15651,33585
33290,15708,33645
33288,15634,33626
33172,15647,33518
33188,15769,33404
33197,15671,33767
33172,15688,33661
33064,15775,33563
32988,15666,33556
33108,15671,33649
33241,15686,33772
33296,15756,33686
33232,15644,33588
33164,15713,33799
33220,15668,33668
33088,15693,33425
33076,15778,33812
33144,15676,33679
33208,15671,33737
33188,15772,33580
33277,15647,33733
33344,15622,33493
33328,15665,33822
33292,15625,33719
33189,15663,33489
33092,15661,33734
33020,15680,33744
32976,15685,33780
32932,15662,33780
33048,15684,33758
33176,15623,33580
33268,15644,33964
33328,15646,33863
33330,15740,33820
33224,15657,33760
33088,15684,33619
32952,15788,34005
32920,15685,33911
32908,15748,33668
32944,15629,34037
32956,15647,33951
33006,15637,33952
33117,15717,33889
33144,15644,33966
33100,15725,34084
32996,15649,33992
32980,15679,33969
33048,15709,33890
33052,15775,33783
33130,15650,34173
33140,15635,34069
33076,15690,34044
32948,15621,34137
32800,15651,34095
32744,15746,34164
32732,15681,33983
32792,15751,33852
32904,15669,34217
32972,15705,34149
33060,15652,34049
33104,15687,34148
33172,15607,34145
33080,15636,34282
33089,15716,34181
33052,15635,34084
32840,15678,34143
32713,15711,34109
32684,15647,34327
32709,15693,34188
32716,15641,34135
32752,15617,34116
32780,15628,33951
32869,15724,34356
32832,15623,34134
32760,15654,33968
32676,15791,34376
32668,15655,34278
32688,15660,34397
32673,15790,34285
32708,15653,34214
32600,15699,34207
32716,15613,34010
32737,15645,34412
32704,15606,34311
32712,15651,34384
32616,15671,34308
32536,15769,34406
32556,15649,34291
32696,15665,34229
32864,15644,34248
32982,15650,34303
32956,15727,34399
32924,15622,34311
32852,15625,34412
32784,15685,34023
32704,15651,34352
32668,15669,34081
32872,15665,34239
32976,15750,34042
33144,15609,34291
33244,15629,34102
33128,15615,34253
33096,15673,34223
33028,15607,34254
33052,15642,34300
32840,15674,34321
32760,15745,34407
32736,15630,34311
32752,15661,34420
32820,15628,34100
33000,15721,34334
33004,15610,34287
32908,15622,34407
32834,15590,34272
32788,15653,34215
32712,15765,34276
32540,15655,34241
32488,15684,34196
32524,15637,34233
32532,15631,34204
32604,15713,34249
32756,15603,34236
32808,15629,34236
32868,15602,34287
32888,15638,34325
32882,15651,34311
32849,15761,34233
32620,15653,34213
32640,15679,34144
32617,15735,34224
32676,15618,34303
32746,15721,34232
32772,15593,34255
32760,15611,34007
32856,15714,34423
32788,15637,34287
32688,15649,34307
32612,15775,34241
32460,15635,34204
32388,15650,34189
32396,15598,34054
32320,15597,34191
32068,15708,33943
31832,15609,34264
31281,15637,34193
30752,15702,34124
30268,15637,33922
30004,15646,34156
30136,15645,33881
30308,15657,34023
30720,15689,33908
31228,15592,33961
32020,15605,33814
33116,15611,33935
34436,15651,33989
36357,15622,34088
38528,15660,34038
40844,15622,33940
42972,15664,33959
44284,15730,33933
44448,15567,34016
43869,15621,34114
43100,15646,33717
41785,15584,34103
39856,15632,33964
38164,15751,34101
37276,15628,33735
36877,15637,33855
36436,15728,33917
35632,15751,34003
35040,15587,34119
34608,15596,33737
34036,15640,33908
33532,15593,33936
33104,15633,33947
32556,15655,33967
32092,15743,34015
31612,15642,34009
31204,15637,34088
31064,15695,33948
30936,15588,33997
30824,15598,34087
30636,15603,34095
30556,15663,33805
30488,15599,33941
30332,15635,33957
30372,15722,33898
30297,15628,33915
30318,15648,33881
30404,15596,33700
30516,15615,33961
30518,15691,33862
30544,15587,33904
30588,15612,33817
30664,15677,33799
30592,15639,33823
30574,15666,33848
30616,15607,33821
30624,15623,33765
30661,15660,33759
30777,15578,33727
30776,15575,33866
30816,15584,33851
30772,15669,33964
30661,15599,33829
30560,15628,33742
30548,15692,33623
30790,15609,33748
30865,15636,33846
30828,15580,33895
30900,15581,33861
31016,15579,33836
31020,15663,33597
31080,15596,33958
31041,15647,33852
30952,15605,33966
30895,15646,33868
30796,15607,33932
30804,15609,33870
30916,15652,33948
31073,15565,33585
31054,15569,33862
30988,15609,33657
31028,15570,33829
30844,15604,33551
30769,15641,33775
30692,15611,33543
30648,15615,33938
30708,15707,33764
30832,15591,33654
30928,15604,33689
30888,15553,33657
30872,15574,33948
30940,15561,33820
30928,15596,33783
30888,15597,33773
30813,15637,33872
30756,15595,33973
30588,15599,33860
30676,15682,33652
30876,15579,34033
31136,15657,33846
31136,15573,33961
30974,15612,34096
31040,15708,34020
30976,15604,34106
30892,15648,34076
30830,15593,34142
30952,15594,34061
30980,15679,34068
31046,15566,34199
31080,15644,34182
31007,15554,34311
30940,15567,34252
30976,15695,34316
30952,15603,34279
30836,15620,34228
30840,15673,34241
30892,15585,34211
30912,15609,34344
31076,15547,34356
31162,15559,34479
31244,15572,34399
31156,15553,34417
31084,15589,34383
30968,15617,34439
31012,15633,34409
31114,15684,34413
31154,15577,34128
31284,15567,34407
31426,15657,34144
31525,15559,34503
31588,15577,34176
31653,15546,34487
31536,15582,34424
31453,15668,34477
31500,15588,34431
31492,15597,34548
31520,15621,34129
31496,15556,34504
31641,15557,34169
31768,15609,34479
31965,15530,34132
32049,15566,34465
32072,15681,34125
32060,15582,34545
32076,15635,34153
32200,15568,34407
32360,15581,34287
32472,15548,34262
32617,15542,34156
32676,15668,34372
32664,15549,34131
32632,15577,34256
32752,15553,34128
32749,15591,34418
32696,15572,34380
32865,15582,34272
33020,15595,34297
33092,15666,34276
33133,15538,34329
33180,15566,34345
33224,15527,34241
33192,15529,34287
33112,15564,34307
33168,15601,34249
33236,15565,34007
33216,15582,34394
33285,15631,34231
33356,15539,34145
33412,15541,34244
33428,15585,33951
33404,15525,34344
33428,15543,34191
33344,15670,34148
33132,15565,34153
33089,15564,34096
33092,15615,34107
33184,15687,34085
33340,15535,34077
33452,15540,33885
33444,15666,34304
33428,15530,34173
33388,15548,34244
33276,15689,34151
33224,15569,34148
33136,15583,34136
33052,15665,34095
33056,15535,34141
33148,15539,33887
33396,15604,34270
33448,15502,33881
33376,15532,34241
33272,15572,34146
33181,15540,34224
33020,15557,34109
33106,15559,34141
33135,15572,34084
33172,15646,34168
33276,15615,34055
33344,15514,34124
33276,15525,33773
33224,15563,34130
33320,15628,33996
33324,15557,34029
33184,15571,33973
33128,15639,33996
33228,15535,33951
33168,15559,33852
33164,15563,33806
33261,15507,33657
33396,15511,33905
33420,15520,33628
33369,15615,33957
33296,15530,33908
33206,15560,34004
33204,15582,33900
33280,15683,33911
33208,15540,33884
33248,15533,33990
33396,15611,33863
33444,15492,33876
33540,15523,33862
33492,15517,33911
33492,15620,33847
33400,15544,33791
33345,15553,33831
33294,15638,33901
33216,15532,33841
33260,15524,33849
33364,15490,33767
33346,15501,33757
33428,15506,33825
33414,15557,33852
33364,15519,33788
33324,15548,33908
33336,15653,33810
33346,15525,33895
33348,15533,33791
33328,15622,33855
33392,15490,33593
33362,15502,33684
33296,15519,33727
33180,15637,33679
33168,15523,33692
33180,15577,33809
33248,15540,33500
33384,15542,33817
33492,15573,33486
33576,15499,33695
33680,15491,33573
33648,15578,33615
33548,15487,33565
33544,15513,33773
33428,15515,33481
33256,15541,33738
33148,15549,33659
33152,15642,33733
33140,15519,33788
33132,15513,33751
33425,15606,33844
33700,15492,33748
33640,15505,33728
33569,15608,33551
33328,15525,33807
33132,15632,33471
33124,15516,33623
33184,15559,33632
33124,15502,33599
33216,15505,33532
33284,15469,33662
33348,15498,33738
33428,15478,33840
33320,15487,33716
33200,15617,33702
33128,15514,33655
33125,15538,33645
33161,15510,33620
33120,15525,33758
33145,15599,33750
33320,15476,33715
33324,15495,33680
33220,15483,33799
33208,15495,33532
33133,15563,33760
33112,15514,33517
33000,15527,33933
33051,15530,33792
32996,15620,33892
32985,15469,33646
33112,15486,33711
33268,15508,33748
33250,15469,33812
33189,15492,33812
33140,15513,33860
33040,15627,33909
32920,15502,33892
32864,15519,34013
32832,15529,33646
33000,15610,34015
33144,15456,33917
33204,15490,33956
33084,15596,33915
32909,15461,33999
32972,15505,33929
33108,15606,34020
32956,15507,33959
33065,15555,33879
33088,15492,33917
33280,15487,33864
33384,15578,33919
33384,15463,33865
33294,15492,33977
33132,15450,33907
32913,15509,33895
32704,15532,33997
32752,15499,33918
32880,15521,33868
32920,15491,33997
32996,15489,33716
33133,15447,34099
33216,15469,33796
33128,15476,33872
33068,15568,33791
32860,15476,33879
32776,15511,33991
32760,15617,34114
32784,15498,33999
32800,15509,33829
32752,15564,33941
32780,15452,33943
32800,15476,33937
32852,15505,33927
32892,15467,34127
32892,15493,34044
32746,15546,34055
32580,15491,34001
32484,15500,33849
32504,15559,34036
32588,15466,33799
32797,15458,34015
32856,15489,33769
32852,15596,34173
32832,15453,34047
32760,15493,34153
32736,15508,33783
32785,15584,33941
32816,15487,34054
32780,15508,34101
32804,15440,33953
32996,15458,33765
32920,15479,34107
32740,15436,34045
32656,15470,33961
32792,15509,34017
32804,15603,34034
32928,15484,33993
33009,15508,33757
33020,15597,34063
33040,15447,33920
33149,15456,33970
33088,15495,33905
33078,15581,33918
33184,15434,33953
33169,15485,33936
33140,15531,33877
33032,15597,34183
33008,15484,34076
32912,15486,34169
32857,15478,34087
32977,15518,34209
33148,15544,33855
33088,15437,34000
33028,15449,33967
32932,15533,34113
32818,15471,33841
32760,15490,34140
32736,15509,33861
32752,15467,34282
32772,15462,34181
32896,15539,34183
32994,15429,34194
32965,15447,34180
32950,15552,34143
32872,15459,34196
32817,15479,34192
32748,15562,34236
32716,15468,34245
32708,15479,34206
32588,15496,34228
32641,15572,34324
32678,15437,34233
32698,15457,34226
32704,15501,34273
32648,15453,34289
32544,15482,34204
32396,15554,34087
32216,15463,34400
32057,15478,34263
31792,15447,34255
31404,15520,34004
31032,15425,34268
30616,15443,34010
30396,15449,34210
30345,15575,34008
30313,15482,34413
30456,15506,34305
30872,15581,34336
31616,15465,34294
32644,15460,34405
33848,15462,34325
35645,15414,34428
37680,15446,34325
39680,15472,34420
41624,15442,34320
43200,15517,34311
43700,15602,34333
43292,15428,34286
42616,15489,34301
41760,15590,34387
40236,15423,34380
38608,15444,34397
37405,15506,34349
36696,15545,34431
36332,15455,34511
35876,15485,34388
35104,15527,34265
34428,15461,34522
33926,15466,34477
33552,15543,34596
33308,15425,34487
33100,15436,34423
32656,15548,34655
32108,15439,34555
31532,15468,34596
31108,15573,34524
30852,15466,34534
30769,15466,34484
30598,15551,34268
30592,15438,34628
30700,15425,34514
30704,15501,34392
30684,15429,34655
30684,15433,34551
30604,15524,34590
30572,15460,34469
30597,15468,34361
30625,15562,34580
30656,15457,34469
30668,15438,34476
30720,15480,34439
30745,15412,34495
30752,15422,34547
30860,15517,34457
30844,15439,34370
30672,15473,34391
30696,15480,34295
30788,15575,34533
30782,15445,34415
30816,15445,34532
30868,15540,34391
30944,15421,34305
30992,15434,34309
30956,15420,34172
30852,15454,34366
30860,15487,34196
30950,15468,34397
31024,15453,34112
31056,15454,34525
31092,15522,34394
31112,15410,34493
31232,15423,34117
31164,15431,34252
31076,15510,34297
30976,15433,34362
30876,15449,34381
30816,15525,34369
30976,15438,34481
31032,15450,34348
31097,15471,34452
31152,15407,34342
31141,15412,34353
31104,15433,34138
31218,15495,34255
31132,15455,34285
31044,15455,34311
30972,15461,34308
30956,15545,34294
31066,15431,34406
31168,15429,34308
31140,15455,34428
31278,15396,34303
31249,15420,34229
31108,15511,34360
30960,15444,34343
31024,15519,34362
31012,15442,34370
31124,15441,34462
31068,15437,34103
31028,15455,34327
31022,15471,34311
31112,15509,34382
31132,15417,34347
31092,15430,34311
31024,15525,34364
30912,15432,34335
30900,15449,34372
30932,15449,34489
30880,15512,34548
31025,15397,34551
31072,15410,34532
31196,15440,34520
31245,15481,34590
31077,15404,34528
31112,15440,34300
31133,15447,34612
31204,15487,34304
31148,15541,34556
31072,15424,34439
30988,15420,34495
31064,15399,34357
31241,15436,34476
31373,15477,34482
31528,15493,34516
31525,15409,34468
31332,15450,34399
31392,15468,34232
31352,15524,34463
31304,15417,34215
31356,15405,34615
31508,15439,34485
31684,15384,34538
31702,15401,34417
31656,15502,34321
31648,15413,34434
31705,15430,34404
31732,15452,34439
31736,15511,34341
31892,15536,34367
31980,15404,34201
32108,15394,34295
32228,15414,34343
32221,15508,33981
32345,15394,34366
32276,15442,34234
32260,15556,34173
32324,15416,34172
32428,15437,34183
32576,15427,34157
32784,15428,34167
32852,15450,34129
32876,15484,34063
33006,15387,34028
33108,15409,33996
33056,15455,33962
32981,15511,34063
32980,15400,34039
32992,15423,34007
33060,15412,34023
33204,15487,33878
33220,15372,34184
33283,15386,34105
33312,15405,34182
33317,15502,34092
33232,15399,34028
33064,15420,34098
33088,15429,34133
33156,15475,34063
33292,15545,34054
33420,15367,34070
33504,15395,34023
33380,15456,34132
33352,15367,34120
33321,15394,34107
33172,15510,34132
33142,15409,34151
33238,15436,34135
33308,15405,34240
33436,15419,34145
33584,15494,33913
33616,15373,34311
33504,15392,34219
33347,15370,34153
33204,15395,34085
33204,15431,34117
33164,15524,34215
33032,15408,33951
33064,15419,34333
33004,15391,34216
33053,15392,34148
33232,15372,34276
33301,15478,34240
33220,15385,34136
33248,15439,34311
33216,15389,34140
33108,15427,33948
33140,15465,34206
33088,15393,34212
33216,15415,34284
33294,15426,34214
33407,15484,34169
33472,15386,34076
33341,15384,34132
33348,15413,34180
33392,15399,33985
33248,15416,34239
33200,15417,34132
33150,15407,34117
33198,15447,34164
33301,15501,34120
33404,15359,33972
33388,15378,34296
33428,15434,34255
33460,15463,34232
33304,15397,34205
33109,15430,34161
33180,15402,34017
33265,15409,34429
33342,15399,34309
33500,15427,34437
33713,15363,34340
33708,15356,34495
33640,15375,34367
33644,15471,34303
33517,15375,34400
33292,15425,34391
33248,15402,34533
33324,15435,34428
33336,15430,34297
33396,15459,34364
33500,15360,34352
33433,15355,34257
33428,15373,34607
33453,15396,34497
33344,15445,34615
33312,15498,34235
33289,15386,34639
33265,15408,34543
33396,15393,34565
33596,15416,34525
33668,15437,34577
33593,15342,34545
33404,15367,34537
33256,15380,34567
33128,15431,34567
32944,15519,34568
33070,15389,34527
33168,15407,34593
33208,15404,34528
33412,15417,34601
33540,15355,34551
33444,15369,34679
33381,15422,34660
33324,15359,34615
33292,15403,34624
33204,15428,34670
33117,15397,34645
33036,15404,34639
33192,15397,34601
33304,15425,34646
33364,15364,34545
33486,15444,34660
33393,15356,34649
33336,15380,34635
33244,15379,34695
33168,15412,34727
33112,15458,34799
33072,15508,34749
33052,15398,34714
33117,15422,34655
33264,15330,34511
33472,15360,34857
33441,15408,34768
33340,15477,34823
33113,15396,34800
32932,15422,34855
32956,15509,34816
33036,15399,34798
33080,15397,34759
33168,15478,34743
33260,15355,34783
33264,15354,34567
33176,15444,34965
33092,15347,34855
33194,15391,34823
33180,15397,34885
33084,15391,34988
33066,15426,34601
33076,15522,34929
33089,15334,34615
33077,15362,34927
33052,15354,34640
33128,15421,34916
33125,15488,34667
32984,15380,35061
32878,15426,34937
32928,15384,34848
32945,15379,34916
33029,15381,34896
32996,15412,34883
33020,15325,34668
33028,15349,35101
33092,15409,34976
33076,15332,35073
32928,15396,34977
32864,15483,35055
32808,15361,34720
32828,15399,35037
32864,15404,34996
33092,15335,35093
33180,15357,34996
33108,15349,35021
33085,15402,34694
33124,15345,35100
33136,15391,35007
32992,15399,35111
32856,15493,35001
32901,15385,35004
32908,15399,34949
32996,15494,34861
32964,15351,35039
32916,15415,34982
32804,15479,35077
32721,15364,34951
32556,15399,34845
32592,15478,34909
32592,15367,34969
32569,15391,34855
32612,15472,34823
32716,15342,34812
32733,15348,34900
32824,15404,34951
32806,15457,35052
32872,15337,34681
32824,15382,34885
32694,15450,34713
32684,15381,35060
32615,15402,34948
32520,15479,35039
32617,15333,34965
32844,15367,34959
32968,15325,34813
32944,15390,34944
32864,15453,35068
32754,15351,34973
32724,15394,35028
32754,15408,34968
32760,15428,35071
32904,15505,34959
33082,15342,34983
33152,15358,34919
33132,15373,35004
33172,15325,34916
33132,15359,34862
33100,15437,35015
33100,15380,34969
33124,15430,34940
33157,15361,34943
33144,15373,35053
33064,15380,34950
33160,15327,35005
33224,15335,34951
33164,15342,35052
33100,15387,34913
32988,15476,34927
32852,15375,34620
32752,15367,34796
32740,15376,34823
32912,15450,34890
33000,15319,34620
32992,15348,34975
32992,15465,34836
32948,15335,34807
32896,15345,34761
32788,15452,34777
32665,15374,34989
32828,15419,34852
32968,15366,34981
32944,15354,34853
33012,15351,34922
33031,15323,34786
33116,15322,34764
32988,15342,34713
32828,15406,34769
32660,15350,34708
32556,15383,34754
32606,15426,34716
32680,15480,34820
32678,15358,34758
32741,15348,34848
32714,15383,34945
32648,15314,34863
32412,15333,34940
32232,15334,34844
32076,15356,34895
31628,15373,34811
31052,15457,34783
30692,15372,35012
30441,15361,34886
30313,15425,35020
30480,15325,34882
30780,15328,34909
31124,15348,34926
31736,15337,34804
32602,15364,35024
33504,15449,34938
34760,15520,35042
36616,15350,34941
38588,15375,35068
40677,15362,34895
42656,15439,35060
43624,15298,34717
43396,15349,35017
42808,15432,34940
41868,15343,35060
40340,15387,34962
38532,15426,34939
37292,15495,34785
36540,15341,34913
36384,15329,34886
36024,15342,34855
35424,15390,34903
34772,15464,34973
34164,15320,35055
33480,15364,34996
32940,15476,35015
32704,15375,34969
32436,15387,35076
32081,15418,34983
31712,15335,34981
31366,15331,34889
31236,15351,34856
31104,15333,35042
30912,15352,35021
30700,15449,35057
30532,15376,34884
30345,15382,34721
30436,15465,35022
30528,15351,34679
30580,15337,35076
30694,15333,34689
30820,15420,34992
31008,15319,34940
30896,15333,35033
30784,15461,34970
30544,15359,35026
30444,15376,34940
30460,15408,34914
30488,15351,34909
30578,15329,34816
30784,15392,34756
30944,15425,34807
30948,15432,34868
30802,15327,34983
30676,15348,34605
30700,15374,34823
30684,15433,34803
30740,15346,34906
30869,15353,34783
30976,15389,34725
31012,15306,34727
31025,15320,34510
31026,15381,34692
31034,15319,34500
30840,15365,34857
30760,15377,34767
30741,15444,34785
30788,15346,34723
30856,15351,34689
30920,15351,34637
31133,15414,34507
31149,15323,34692
31236,15415,34623
31272,15342,34521
31072,15405,34540
30960,15341,34559
30917,15394,34572
30973,15343,34504
30989,15345,34592
31036,15423,34472
31108,15302,34543
31284,15325,34471
31180,15318,34536
30992,15393,34431
30880,15335,34376
30932,15367,34333
30956,15409,34395
30972,15339,34525
30976,15344,34429
31036,15415,34375
31212,15308,34368
31349,15329,34415
31381,15301,34572
31300,15317,34468
31202,15363,34562
30996,15363,34199
30998,15449,34545
30964,15343,34247
30957,15348,34392
30908,15377,34481
31005,15301,34465
31148,15321,34340
31244,15371,34583
31245,15325,34545
31180,15356,34655
31108,15381,34759
31044,15340,34636
30976,15358,34628
30992,15385,34596
31136,15300,34520
31280,15312,34761
31268,15339,34771
31318,15311,34879
31344,15329,34748
31336,15396,34575
31284,15479,34642
31232,15349,34703
31260,15361,34649
31308,15436,34525
31444,15304,34697
31548,15305,34693
31425,15329,34633
31360,15416,34623
31500,15434,34739
31384,15324,34788
31424,15349,34727
31477,15371,34695
31536,15405,34692
31540,15420,34420
31677,15300,34630
31833,15300,34591
31852,15316,34645
32014,15306,34764
31946,15339,34383
31756,15349,34647
31720,15355,34569
31800,15363,34703
31896,15433,34652
32034,15321,34748
32196,15300,34439
32276,15300,34519
32404,15377,34431
32472,15295,34564
32664,15326,34487
32701,15410,34610
32764,15337,34324
32792,15355,34589
32764,15376,34428
32797,15446,34496
32976,15298,34453
32993,15309,34597
32896,15395,34407
32885,15287,34708
32920,15319,34361
33100,15413,34613
33196,15333,34325
33124,15357,34645
33156,15358,34386
33248,15437,34567
33205,15300,34523
33292,15301,34537
33280,15301,34607
33190,15369,34593
33100,15292,34679
33000,15333,34567
33056,15432,34580
33072,15319,34548
33086,15345,34569
33205,15416,34504
33263,15280,34452
33348,15311,34476
33284,15296,34589
33248,15342,34516
33212,15399,34656
33208,15324,34244
33260,15338,34564
33168,15335,34245
33158,15418,34671
32936,15320,34557
32944,15301,34652
33111,15292,34341
33074,15319,34529
33269,15404,34505
33266,15308,34460
33220,15326,34292
33076,15382,34551
32988,15318,34556
33076,15342,34543
33048,15353,34287
33076,15295,34613
33128,15302,34560
33120,15354,34695
33232,15290,34589
33232,15316,34652
33054,15345,34581
33040,15321,34585
33104,15334,34564
33356,15426,34551
33253,15313,34551
33172,15309,34638
33184,15367,34529
33360,15282,34439
33364,15305,34463
33360,15400,34421
33244,15326,34361
33100,15401,34461
33004,15305,34457
33180,15338,34266
33314,15316,34415
33480,15322,34554
33605,15358,34332
33640,15279,34353
33652,15308,34309
33592,15370,34257
33384,15326,34088
33230,15342,34417
33168,15429,34250
33253,15303,34292
33308,15322,34212
33236,15298,34276
33429,15322,34375
33484,15286,34258
33396,15305,33988
33393,15375,34349
33504,15313,34230
33352,15335,34311
33312,15427,34181
33336,15319,34143
33396,15335,34087
33428,15401,33883
33520,15284,34273
33428,15346,34124
33260,15270,33988
33240,15302,33992
33172,15421,33836
33192,15337,34119
33232,15439,33968
33216,15323,33868
33196,15322,34202
33265,15393,34084
33480,15292,34001
33464,15308,33958
33497,15269,33836
33428,15309,33973
33312,15408,33812
33220,15335,34169
33192,15413,33949
33148,15330,33789
33184,15429,34126
33504,15294,34023
33553,15311,33940
33644,15423,33981
33513,15297,34039
33256,15378,34060
32996,15302,34013
32900,15321,33853
32977,15430,34132
33020,15328,33961
33164,15361,33769
33320,15269,34137
33488,15297,34037
33732,15271,33965
33648,15284,34119
33632,15407,34062
33556,15324,34037
33332,15367,34018
33244,15300,33965
33212,15324,34132
33116,15295,34041
33112,15281,33959
33148,15258,34145
33168,15282,34047
33213,15271,33953
33186,15293,33916
33104,15362,33781
33048,15305,34148
33088,15311,34009
33096,15395,33968
33056,15287,33932
33101,15282,33823
33133,15359,34165
33278,15285,33998
33380,15323,33995
33408,15271,33860
33236,15317,34153
33124,15313,34000
33128,15325,34276
33218,15381,34165
33104,15295,34073
33136,15290,34348
33228,15253,34249
33284,15268,34292
33408,15269,34202
33375,15296,34269
33249,15387,34264
33012,15303,34241
33052,15319,34280
33206,15361,34355
33256,15343,34352
33230,15285,34343
33236,15282,34213
33480,15383,34363
33380,15259,34311
33180,15285,34599
32964,15413,34527
32964,15301,34652
32892,15306,34567
33076,15415,34564
33172,15300,34487
33160,15351,34380
33249,15252,34527
33153,15278,34449
33201,15385,34761
33244,15278,34663
33053,15326,34577
32913,15423,34562
32916,15286,34548
32920,15300,34557
32944,15294,34637
32956,15269,34692
32924,15335,34687
32904,15375,34737
32816,15261,34693
32832,15297,34753
32828,15337,34644
32756,15312,34940
32776,15310,34862
32816,15312,34801
32952,15403,34764
33152,15272,34914
33182,15366,34913
33180,15261,34951
33172,15276,34964
33062,15303,34932
32980,15444,34873
32956,15305,35001
32840,15333,35005
32750,15397,35089
32980,15278,35061
33372,15276,35111
33465,15308,35074
33400,15358,35195
33420,15256,35117
33368,15285,35244
33236,15308,34853
33180,15327,35045
33196,15415,35076
33196,15290,35108
33156,15301,35101
33164,15275,35165
33188,15301,35236
33284,15255,35207
33210,15273,35308
33100,15291,34924
32944,15325,35191
32920,15445,35217
32804,15276,35359
32782,15295,35228
32908,15301,35151
33136,15271,35125
33136,15279,35079
33020,15325,34992
32940,15367,35116
32828,15268,35166
32700,15290,35279
32772,15309,35229
32792,15301,35276
32832,15314,35244
32836,15374,35166
32936,15253,35108
33080,15268,35231
33092,15263,35372
32988,15271,35241
32912,15287,35365
32745,15300,35069
32680,15317,35109
32672,15310,35188
32737,15332,35159
32868,15328,35239
32895,15353,35266
32989,15387,35307
32810,15270,35238
32652,15321,34985
32320,15362,35200
31936,15411,34988
31676,15297,35393
31254,15308,35295
30900,15301,35223
30668,15304,35237
30681,15315,35223
30797,15337,35197
30941,15375,35124
31265,15259,35271
31632,15283,35308
32092,15327,35382
32780,15394,35321
33644,15416,35396
35184,15284,35319
37280,15296,35260
39268,15276,35317
41432,15282,35282
43104,15329,35268
43436,15401,35303
42920,15232,35288
41960,15287,35272
40924,15333,35159
39304,15423,35209
37700,15284,35151
36680,15294,35292
36404,15380,35380
36004,15253,35261
35596,15271,35216
35052,15328,35204
34337,15421,35223
33652,15295,35185
33160,15313,35025
33048,15393,35422
32780,15412,35098
32420,15277,35258
32220,15273,35300
31868,15278,35397
31552,15269,35476
31352,15335,35412
31120,15376,35506
30940,15288,35426
30752,15305,35389
30584,15303,35317
30624,15303,35384
30828,15292,35395
30881,15311,35471
30864,15255,35365
30852,15260,35335
30904,15261,35327
30933,15289,35332
30820,15328,35389
30737,15387,35361
30757,15293,35355
30788,15302,35175
30964,15302,35501
31116,15251,35405
31196,15269,35297
31220,15275,35228
31088,15255,35223
30960,15277,35472
30969,15314,35340
31012,15410,35283
30912,15292,35260
30924,15299,35136
30892,15315,35272
31064,15373,35015
31260,15237,35416
31308,15269,35280
31364,15284,35431
31178,15382,35314
31068,15297,35324
30777,15298,35301
30932,15323,35334
31008,15377,35282
31005,15263,35349
31152,15269,35268
31208,15260,35380
31236,15289,35264
31212,15385,35308
31156,15283,34936
31048,15293,35335
31084,15332,35239
31236,15367,35344
31268,15286,35216
31396,15284,35157
31504,15293,35173
31500,15247,35219
31485,15265,35113
31326,15257,35108
31448,15284,35089
31416,15310,35177
31284,15308,35316
31189,15389,35200
31084,15281,35317
31288,15264,35205
31352,15269,35327
31464,15252,35060
31500,15255,35212
31505,15262,35271
31264,15329,34927
31300,15392,35113
31294,15277,35168
31268,15287,35151
31532,15284,35152
31468,15321,35212
31341,15301,35317
31296,15341,35319
31472,15245,35429
31572,15250,35021
31524,15278,35412
31408,15304,35037
31220,15348,35207
31316,15372,35276
31281,15279,35250
31268,15269,35289
31388,15257,35371
31528,15242,35405
31708,15252,35293
31596,15268,35359
31438,15256,35323
31058,15290,35312
30948,15303,35390
31016,15301,35267
31316,15298,35359
31385,15284,35055
31373,15269,35303
31496,15260,35457
31552,15251,35252
31652,15273,35313
31613,15360,35352
31498,15279,35277
31640,15283,35247
31774,15287,35188
31780,15300,35268
31816,15271,35282
31860,15268,35181
31968,15260,35223
32024,15276,35324
32009,15360,35207
32020,15381,35292
32056,15277,35164
31752,15286,35244
31852,15302,35110
31924,15289,35221
31982,15331,35111
32184,15389,35173
32384,15229,35073
32553,15246,35063
32536,15259,34935
32577,15280,34897
32596,15292,34909
32556,15355,34828
32500,15385,35013
32532,15376,34637
32662,15404,34802
32824,15232,34823
33020,15249,34865
32984,15262,34981
33208,15265,34528
33148,15290,34749
32996,15327,34889
32992,15354,34586
33070,15404,34607
33056,15372,34645
33108,15387,34676
33200,15251,34559
33188,15359,34655
33000,15327,34524
33264,15286,34604
33308,15300,34430
33276,15348,34563
33280,15367,34524
33192,15335,34375
33188,15323,34438
33292,15287,34471
33404,15255,34332
33383,15267,34463
33409,15279,34412
33320,15299,34508
33159,15335,34125
33172,15390,34252
33088,15291,34256
33112,15275,34252
33248,15301,34295
33172,15277,34361
33212,15255,34069
33344,15255,34206
33376,15255,34213
33204,15252,34185
33186,15284,34237
33148,15353,34122
33092,15391,34068
33205,15413,34016
33056,15303,34131
32940,15261,33945
33108,15255,33854
33124,15262,33833
33249,15249,33876
33464,15280,33927
33184,15277,33828
33080,15331,33924
32992,15316,33573
32908,15315,33765
33012,15325,33820
33068,15383,33749
33216,15247,33769
33428,15239,33773
33527,15267,33817
33526,15257,33734
33360,15279,33764
33308,15321,33719
33061,15346,33767
32905,15396,33671
33066,15397,33783
33012,15265,33660
33077,15255,33679
32816,15266,33532
33240,15261,33548
33432,15343,33497
33450,15368,33541
33296,15389,33567
33260,15414,33529
33156,15269,33592
33157,15281,33373
33136,15253,33423
33128,15249,33534
33320,15253,33287
33336,15268,33332
33400,15263,33437
33317,15286,33076
33188,15297,33233
33101,15303,33337
33176,15306,33197
33148,15293,33299
33140,15303,33164
33284,15315,33196
33280,15383,33111
33250,15238,33159
33212,15385,33012
33104,15395,33036
33080,15287,33097
33152,15280,32877
33148,15435,32935
33192,15396,33027
33313,15269,32889
33288,15239,32992
33340,15250,32764
33308,15245,32852
33157,15252,32964
33096,15252,32614
33120,15290,32741
33148,15297,32870
33025,15304,32797
33064,15297,32705
32965,15269,32740
33012,15259,32745
33044,15265,32603
32988,15268,32741
33135,15271,32709
33120,15276,32689
32805,15329,32471
32912,15375,32553
32860,15281,32422
32953,15285,32631
33004,15263,32713
32948,15249,32415
32864,15245,32508
32849,15267,32572
33142,15277,32621
33204,15282,32733
33064,15318,32509
32952,15358,32560
32842,15393,32623
32888,15409,32581
32825,15423,32448
32832,15245,32487
32868,15255,32555
32873,15241,32607
32992,15253,32559
32976,15271,32540
32884,15309,32475
32836,15313,32423
32852,15325,32471
32944,15406,32486
32881,15263,32399
32985,15249,32453
33000,15263,32465
33154,15271,32532
33077,15273,32538
33004,15296,32566
32797,15403,32468
32697,15283,32476
32676,15312,32440
32736,15308,32519
32688,15294,32556
32828,15375,32548
32936,15265,32476
33000,15269,32445
32976,15322,32428
32841,15385,32521
32838,15295,32476
32756,15305,32500
32629,15332,32493
32572,15387,32577
32565,15372,32676
32692,15260,32552
32852,15271,32440
32926,15273,32528
32932,15276,32405
32801,15285,32593
32624,15302,32460
32521,15307,32545
32728,15329,32561
32672,15399,32538
32660,15431,32613
32622,15255,32558
32672,15281,32602
32908,15276,32556
32914,15306,32568
32732,15323,32458
32488,15395,32444
32333,15304,32453
32276,15299,32560
32396,15293,32564
32476,15278,32401
32644,15282,32399
32708,15275,32480
32669,15281,32526
32650,15276,32519
32548,15300,32372
32401,15317,32511
32374,15346,32589
32464,15367,32503
32492,15406,32528
32704,15420,32392
32893,15257,32432
32948,15264,32471
33012,15273,32468
32880,15305,32572
32832,15351,32275
32656,15373,32448
32672,15413,32559
32844,15419,32236
32752,15308,32455
32720,15306,32348
32865,15321,32317
32820,15418,32308
32813,15275,32455
32908,15291,32420
32904,15397,32551
32776,15294,32425
32788,15324,32369
32774,15322,32327
32900,15393,32301
32900,15393,32459
32933,15271,32439
32868,15283,32517
32872,15287,32414
32829,15337,32535
32768,15394,32292
32448,15298,32303
32674,15305,32474
32676,15301,32428
32736,15309,32311
32708,15308,32341
32676,15282,32432
32828,15279,32468
32916,15295,32347
32808,15291,32454
32783,15295,32321
32572,15314,32484
32636,15333,32433
32756,15321,32320
32672,15323,32514
32814,15301,32309
32740,15294,32469
32700,15341,32508
32785,15396,32452
32716,15277,32542
32660,15302,32229
32588,15327,32391
32476,15343,32420
32484,15331,32460
32400,15334,32566
32160,15403,32232
32384,15277,32484
32376,15298,32297
32256,15365,32330
31956,15285,32423
31476,15298,32468
30940,15339,32495
30548,15341,32324
30504,15330,32437
30616,15335,32549
30772,15316,32233
31026,15377,32590
31588,15274,32231
32272,15303,32444
33088,15313,32615
34072,15319,32271
35732,15367,32556
37477,15443,32487
39464,15495,32535
41421,15283,32381
42504,15293,32536
42332,15270,32549
41836,15317,32329
41268,15304,32484
40136,15359,32462
38525,15437,32483
37052,15453,32541
36252,15497,32373
36052,15456,32465
35764,15335,32606
35229,15300,32355
34584,15292,32501
34196,15307,32636
33748,15310,32637
33352,15367,32701
32928,15439,32672
32472,15341,32713
32136,15354,32700
31736,15367,32812
31412,15444,32697
31129,15319,32644
30972,15300,32620
30912,15289,32721
30985,15317,32817
30984,15317,32735
30806,15341,32671
30684,15421,32500
30700,15345,32594
30728,15341,32633
30848,15350,32692
30705,15356,32724
30948,15409,32749
31050,15292,32810
30957,15317,32764
30797,15315,32876
30776,15387,32500
30684,15451,32659
30820,15345,32700
30928,15337,32764
30981,15353,32865
30920,15341,32737
30948,15333,32841
30872,15400,32765
31116,15303,32800
31126,15312,32747
31040,15339,32637
30996,15468,32612
31040,15367,32647
31048,15367,32703
31172,15372,32787
31213,15422,32760
31200,15428,32871
31104,15422,32671
31244,15315,32760
31161,15316,32879
31252,15348,32775
31189,15378,32903
31066,15354,32775
31156,15362,32825
31157,15356,32791
31240,15393,32784
31172,15323,32725
31396,15303,32762
31412,15332,32700
31456,15333,32679
31396,15396,32733
31312,15419,32844
31280,15477,32552
31352,15358,32591
31332,15365,32678
31344,15351,32732
31384,15409,32796
31500,15430,32718
31428,15312,32813
31300,15337,32487
31218,15355,32660
31076,15371,32775
31028,15372,32623
31102,15365,32690
31244,15417,32740
31264,15428,32711
31272,15427,32634
31422,15428,32709
31504,15314,32759
31488,15321,32821
31488,15355,32532
31372,15372,32722
31200,15478,32761
31200,15353,32807
31300,15356,32708
31288,15349,32807
31324,15343,32846
31409,15344,32854
31453,15389,32972
31388,15327,32879
31400,15359,32989
31277,15380,32679
31298,15375,32775
31389,15427,32820
31412,15435,32893
31556,15448,32983
31700,15332,32948
31808,15313,32993
31796,15343,32676
31780,15343,32821
31760,15437,32860
31697,15361,32933
31568,15367,33031
31579,15386,32948
31540,15381,32937
31519,15407,32695
31648,15338,32982
31769,15316,32844
31844,15325,32948
31896,15351,33043
31902,15357,32711
31872,15380,32837
31760,15428,32892
31652,15459,32973
31708,15364,33071
31832,15350,32714
31965,15348,32919
32153,15350,32925
32192,15448,32960
32252,15329,33081
32270,15367,32741
32254,15433,32975
32264,15363,32791
32396,15392,33087
32433,15373,32799
32492,15436,33155
32680,15485,33087
32744,15330,33108
32816,15332,33055
32808,15354,33153
32724,15375,33201
32657,15390,32972
32664,15407,33206
32812,15436,33373
32792,15461,33034
32896,15363,33201
33072,15320,33375
33148,15327,33438
33081,15340,33400
33042,15353,33500
32985,15377,33604
32888,15431,33696
32892,15383,33708
33006,15387,33769
33088,15393,33836
33072,15375,33876
33092,15354,33828
33064,15355,33984
32973,15350,34023
33012,15367,33956
33088,15463,34077
33192,15504,34287
33200,15383,33980
33196,15396,34149
33268,15396,34431
33212,15374,34132
33302,15364,34311
33209,15375,34429
33100,15457,34452
33068,15335,34492
32978,15379,34652
32984,15400,34753
33032,15395,34828
33100,15423,35007
33172,15506,34949
33072,15364,35008
33056,15365,34927
33160,15410,35015
33292,15346,35117
33384,15345,35269
33428,15393,35384
33240,15398,35069
33142,15513,35544
33136,15378,35404
33136,15372,35514
33040,15381,35639
33056,15391,35608
33152,15445,35796
33288,15498,35439
33344,15343,35727
33213,15388,35864
33006,15405,35842
32861,15485,35794
32892,15509,35942
32871,15374,35961
32942,15391,36002
33084,15383,35996
33244,15453,36156
33272,15349,35764
33188,15380,36039
33140,15389,35993
33142,15455,36129
33180,15389,36156
33249,15433,36119
33369,15532,36188
33568,15397,36240
33688,15429,36276
33697,15355,36330
33527,15364,36447
33312,15373,36447
33224,15413,36581
33120,15500,36497
33166,15415,36588
33269,15444,36547
33388,15506,36588
33516,15376,36564
33576,15368,36615
33600,15375,36637
33572,15501,36583
33464,15367,36743
33292,15438,36703
32996,15396,36623
32828,15422,36852
32858,15386,36690
32832,15430,36486
32804,15491,36733
32888,15365,36761
32949,15375,36763
33060,15464,36636
33198,15378,36781
33305,15452,36704
33224,15405,36649
33056,15411,36525
33016,15420,36901
33032,15400,36797
32988,15387,36796
33044,15379,36751
33138,15364,36455
33248,15383,36892
33256,15421,36750
33216,15388,36685
33168,15402,36657
33144,15413,36407
32980,15426,36824
32936,15501,36714
32988,15374,36732
33036,15377,36532
33121,15438,36511
33108,15471,36517
33084,15353,36312
33064,15409,36612
33044,15408,36348
33053,15429,36500
32997,15487,36526
33004,15519,36511
33108,15376,36605
33084,15348,36143
33176,15383,36542
33253,15384,36423
33216,15455,36492
33248,15389,36359
33190,15421,36343
33100,15434,36295
33012,15529,36278
33060,15395,36239
33108,15418,36069
33068,15365,36309
32988,15380,36173
33120,15409,36220
33064,15471,36097
32980,15372,36017
32893,15418,35994
32872,15410,35953
32876,15514,35897
32916,15415,35655
32892,15386,35791
33032,15433,35654
33166,15460,35746
33305,15362,35709
33320,15389,35620
33184,15420,35474
32988,15507,35529
32844,15406,35320
32808,15422,35684
32801,15427,35222
32720,15479,35488
32652,15353,35148
32744,15375,35503
32832,15406,35364
32816,15373,35427
32808,15405,35284
32777,15421,35364
32800,15507,35180
32900,15402,35263
32960,15415,35079
32980,15481,34981
33040,15383,34881
33078,15452,34928
33096,15366,34949
33052,15395,34607
32982,15437,34807
32774,15404,34646
32714,15435,34524
32708,15412,34516
32768,15485,34311
32760,15382,34627
32932,15444,34352
32984,15355,34406
32932,15392,34503
33004,15455,34324
33016,15389,34326
32910,15423,34210
32900,15433,34156
33021,15528,34030
33080,15416,33753
33185,15395,34065
33358,15411,33892
33413,15452,33872
33352,15357,33782
33372,15389,33676
33338,15539,33527
33272,15437,33324
33224,15458,33537
33221,15555,33444
33224,15424,33287
33284,15402,33267
33432,15428,33147
33488,15367,33140
33520,15397,33077
33516,15383,33041
33432,15444,32935
33328,15551,32952
33276,15402,32815
33208,15433,32652
33276,15420,32612
33304,15468,32454
33273,15377,32487
33344,15390,32399
33332,15389,32399
33320,15444,32263
33272,15396,32156
33228,15430,31972
33228,15421,31895
33272,15445,31865
33340,15495,31652
33376,15383,31872
33372,15388,31741
33318,15397,31605
33332,15371,31552
33349,15380,31475
33336,15407,31680
33256,15453,31525
33204,15508,31519
33164,15501,31436
33164,15417,31431
33252,15405,31349
33336,15399,31248
33372,15375,31157
33396,15399,31038
33296,15395,31239
33077,15431,31196
32772,15494,31226
32520,15447,31124
32328,15412,31048
32032,15424,30988
31629,15422,30951
31354,15411,30912
31180,15431,30901
31132,15495,30858
31200,15397,30711
31448,15423,30892
31968,15435,30698
32432,15510,30983
33128,15409,30853
34200,15420,30932
35556,15418,30801
37392,15402,30886
39129,15417,30748
40568,15449,30788
41644,15549,30498
41552,15399,30785
40365,15433,30660
39180,15440,30710
38076,15435,30613
36260,15446,30594
34396,15445,30449
33312,15434,30449
32836,15461,30405
32956,15527,30482
33628,15514,30568
34030,15426,30445
33916,15447,30424
33572,15505,30407
33294,15539,30352
33098,15417,30210
33160,15399,30314
33325,15404,30356
33276,15405,30278
33048,15431,30228
32836,15513,30009
32624,15417,30172
32353,15433,30129
32120,15437,30175
31968,15446,30248
31848,15516,29935
31764,15412,30120
31824,15381,29904
31848,15391,29980
31888,15405,29932
31896,15516,29916
31848,15430,29793
31768,15445,29937
31740,15551,29718
31724,15424,29877
31776,15436,29792
31848,15423,29793
31980,15481,29807
31992,15380,29797
31968,15401,29719
32004,15507,29753
31944,15428,29635
31812,15525,29828
31845,15437,29581
31940,15415,29752
31984,15431,29802
31968,15424,29728
31969,15407,29620
31956,15457,29607
32040,15483,29713
32064,15476,29686
32064,15522,29574
32016,15485,29696
31908,15540,29583
31872,15426,29685
31840,15428,29703
31840,15416,29809
31940,15413,29503
32000,15505,29639
32036,15395,29696
32076,15407,29677
32060,15487,29480
32004,15423,29575
32020,15447,29560
31916,15456,29660
31920,15427,29469
31969,15411,29721
32054,15463,29462
32076,15527,29733
32028,15404,29637
31968,15438,29696
31920,15553,29412
31825,15423,29541
31772,15437,29585
31792,15433,29599
31928,15460,29564
32076,15540,29615
32140,15399,29560
32145,15422,29614
32132,15517,29537
32180,15397,29587
32104,15423,29524
31892,15433,29396
31892,15495,29486
31940,15423,29412
31932,15429,29572
32068,15521,29397
32142,15403,29676
32232,15424,29596
32260,15500,29620
32268,15387,29426
32181,15420,29485
32058,15448,29559
31964,15532,29621
31952,15425,29589
31972,15421,29541
32020,15401,29400
32178,15405,29493
32276,15414,29504
32264,15476,29629
32210,15390,29698
32128,15411,29409
32012,15439,29673
32008,15464,29401
32076,15428,29485
32124,15429,29490
32188,15409,29577
32292,15410,29673
32397,15412,29427
32432,15495,29567
32434,15391,29361
32416,15397,29556
32368,15441,29649
32368,15442,29445
32392,15434,29545
32498,15495,29463
32500,15503,29524
32552,15390,29515
32704,15403,29294
32813,15395,29407
32876,15476,29364
32840,15403,29362
32768,15423,29357
32805,15436,29467
32809,15436,29382
32868,15434,29327
32952,15407,29372
33153,15404,29391
33284,15406,29263
33356,15411,29330
33316,15447,29451
33301,15491,29423
33225,15425,29314
33173,15421,29292
33244,15439,29404
33256,15446,29440
33372,15495,29404
33580,15374,29373
33616,15371,29284
33616,15386,29388
33592,15404,29305
33564,15428,29312
33441,15473,29404
33374,15513,29447
33332,15410,29377
33336,15432,29457
33356,15436,29387
33445,15500,29475
33500,15392,29388
33504,15393,29476
33484,15431,29146
33437,15553,29259
33332,15409,29225
33176,15437,29321
33088,15424,29343
33108,15498,29312
33276,15396,29295
33412,15395,29277
33440,15468,29205
33481,15533,29324
33476,15367,29280
33432,15413,29243
33274,15494,29152
33240,15421,29450
33216,15432,29353
33248,15428,29277
33264,15449,29285
33296,15377,29167
33336,15380,29418
33396,15404,29148
33468,15401,29300
33440,15403,29156
33280,15434,29442
33228,15428,29338
33220,15463,29414
33176,15485,29111
33212,15494,29287
33304,15383,29173
33384,15397,29266
33396,15394,29212
33370,15411,29276
33316,15467,29240
33272,15417,29036
33281,15412,29212
33332,15422,29277
33364,15425,29031
33368,15408,29191
33452,15390,29256
33496,15386,29045
33508,15385,29154
33453,15409,29204
33288,15492,29007
33125,15521,29125
33116,15545,29068
33128,15409,28970
33220,15413,29021
33368,15378,29121
33472,15375,28943
33504,15382,29020
33468,15396,29110
33469,15391,28879
33416,15426,28999
33340,15434,28943
33237,15493,28987
33220,15411,29068
33300,15428,28789
33428,15429,28909
33516,15378,28925
33504,15382,29024
33472,15384,28734
33445,15389,28903
33392,15511,28716
33276,15412,28921
33220,15431,28751
33286,15431,28863
33320,15482,28736
33372,15502,29003
33504,15385,28738
33516,15373,28843
33526,15440,28847
33536,15508,28956
33457,15389,28982
33396,15411,29003
33328,15402,29060
33276,15418,28933
33248,15418,29061
33368,15401,29101
33509,15386,29119
33606,15426,29200
33597,15447,29070
33520,15460,29135
33316,15499,29161
33150,15532,29247
33101,15411,29359
33132,15399,29088
33176,15406,29202
33248,15397,29212
33356,15383,29332
33412,15375,29472
33449,15396,29255
33428,15417,29402
33376,15511,29325
33260,15402,29453
33157,15397,29580
33174,15420,29521
33188,15415,29478
33296,15401,29444
33312,15450,29537
33388,15487,29588
33352,15362,29624
33312,15391,29737
33292,15434,29475
33308,15407,29777
33280,15402,29521
33153,15422,29653
33124,15436,29540
33104,15487,29645
33104,15358,29575
33168,15377,29853
33228,15401,29788
33256,15417,29752
33264,15441,29756
33212,15407,29857
33196,15413,29895
33157,15489,29909
33152,15399,29927
33248,15366,30055
33356,15378,29748
33376,15387,29908
33344,15463,29868
33308,15470,29980
33216,15483,30027
33080,15552,30044
32948,15388,29988
32832,15419,30060
32884,15407,30124
32964,15465,30089
33056,15357,30132
33168,15367,30119
33148,15382,30141
32993,15462,30133
32916,15375,30174
32820,15420,30177
32696,15412,30106
32608,15452,30085
32676,15538,30177
32860,15385,30290
32948,15373,30233
33054,15367,30203
33062,15383,30300
32996,15470,30318
32949,15495,30417
32840,15539,30241
32949,15395,30332
33005,15410,30471
33014,15410,30343
33033,15490,30349
33159,15357,30415
33360,15364,30452
33428,15355,30237
33312,15374,30582
33172,15442,30489
33136,15388,30607
33124,15411,30515
33184,15412,30537
33264,15505,30292
33344,15384,30436
33345,15377,30488
33452,15476,30516
33429,15355,30541
33388,15372,30551
33295,15421,30620
33132,15541,30556
33020,15389,30562
33172,15407,30564
33252,15417,30603
33352,15491,30329
33437,15359,30573
33398,15373,30324
33272,15359,30471
33201,15366,30674
33108,15476,30544
32976,15394,30493
33025,15381,30470
33016,15397,30565
33012,15388,30641
33040,15460,30549
33152,15475,30624
33180,15339,30400
33202,15347,30537
33204,15339,30398
33108,15367,30596
32940,15387,30341
32956,15410,30455
32936,15398,30599
32804,15403,30292
32984,15390,30385
33156,15402,30447
33127,15474,30516
32940,15335,30572
32900,15367,30513
32834,15376,30537
32696,15470,30417
32609,15383,30465
32656,15392,30479
32564,15430,30501
32532,15360,30606
32516,15394,30740
32332,15463,30652
31982,15350,30756
31416,15360,30706
30692,15449,30820
30196,15496,30773
30016,15395,30842
30116,15395,30812
30280,15421,30907
30673,15351,30866
31248,15365,30996
32194,15405,30911
33328,15337,31019
34728,15365,30966
36788,15421,31084
39144,15497,31009
41508,15393,30959
43716,15414,30960
44976,15481,30829
45008,15340,31064
44284,15376,31077
43476,15383,31163
42224,15413,31102
40332,15482,31179
38684,15383,30888
37616,15396,30983
37052,15406,31013
36632,15477,31086
35988,15409,30925
35420,15372,31151
34956,15360,30943
34420,15464,31268
33916,15351,31196
33376,15367,31255
32812,15389,31013
32233,15475,31231
31744,15503,31232
31370,15383,31301
31080,15398,31209
30930,15366,31198
30796,15417,31204
30808,15334,31133
30804,15358,31105
30760,15361,30972
30668,15462,31337
30540,15383,31204
30424,15396,31301
30518,15428,31156
30568,15373,30964
30637,15366,31305
30704,15346,31202
30713,15366,31254
30742,15385,30983
30752,15394,31103
30696,15452,31099
30620,15494,31180
30592,15367,31144
30668,15377,31168
30685,15394,31195
30785,15463,31165
30828,15333,31095
30816,15341,31127
30872,15352,31101
30928,15391,31209
30884,15478,31197
30744,15381,31231
30732,15402,31165
30832,15455,31215
30873,15474,31149
30920,15341,31247
31060,15321,31223
31152,15332,31277
31032,15335,31362
30988,15347,31278
30944,15361,31178
30925,15384,31215
30889,15384,31309
30968,15367,31413
30957,15396,31060
31040,15430,31175
31132,15325,31207
31213,15331,31185
31200,15334,31063
31156,15401,31191
31088,15425,31356
31029,15470,31081
30993,15482,31268
30944,15356,31348
30944,15359,31301
31000,15330,31205
31062,15319,31308
31154,15334,31333
31072,15338,31249
31066,15346,31348
31021,15367,31390
30980,15371,31505
30970,15380,31294
30975,15412,31503
30964,15470,31229
31084,15333,31580
31201,15333,31529
31184,15353,31626
31180,15335,31460
31176,15376,31544
31136,15434,31535
31054,15352,31623
30953,15363,31691
30936,15373,31661
30892,15359,31713
30945,15387,31727
31064,15414,31863
31213,15320,31784
31249,15326,31777
31240,15337,31816
31142,15365,31927
31064,15378,31598
31065,15436,31903
31040,15466,31683
31077,15349,31733
31184,15319,31825
31304,15332,31901
31300,15320,31991
31320,15366,31889
31318,15319,31991
31268,15349,31683
31228,15374,31768
31276,15369,31799
31304,15428,31835
31354,15475,31788
31564,15331,31806
31712,15319,31746
31760,15363,31761
31728,15426,31788
31724,15312,31748
31733,15352,31791
31730,15372,31852
31768,15483,31672
31870,15354,31999
31952,15394,31879
32052,15442,31925
32228,15300,31892
32316,15325,31900
32380,15320,31897
32416,15406,31795
32532,15345,31992
32612,15354,31871
32604,15426,31779
32648,15335,31911
32672,15347,31876
32780,15405,31833
32956,15295,31756
33068,15321,31778
33141,15323,31884
33249,15329,31994
33232,15344,31725
33209,15405,31825
33176,15437,31795
33152,15466,31871
33148,15441,31957
33258,15311,31877
33420,15311,31932
33572,15343,31727
33652,15306,31853
33652,15325,31901
33604,15369,31741
33536,15487,31599
33500,15332,31946
33510,15346,31616
33538,15342,31789
33576,15322,31589
33664,15322,31836
33687,15391,31844
33700,15289,31924
33692,15324,31845
33592,15340,31778
33512,15453,31807
33404,15325,31733
33377,15349,31737
33404,15409,31817
33416,15293,31884
33468,15312,31805
33505,15335,31747
33484,15411,31777
33402,15299,31747
33316,15341,31814
33236,15352,31708
33216,15367,31813
33276,15419,31770
33208,15324,31773
33268,15295,31797
33316,15306,31849
33348,15311,31807
33328,15403,31789
33389,15304,31744
33356,15317,31873
33244,15332,31814
33168,15355,31774
33212,15352,31645
33208,15400,31816
33260,15397,31829
33360,15377,31884
33404,15405,31969
33368,15397,31741
33406,15422,31831
33302,15310,31829
33224,15348,31861
33186,15343,31973
33188,15347,31871
33142,15350,31963
33197,15377,31623
33280,15285,31870
33320,15281,31601
33328,15298,31862
33356,15310,31613
33290,15332,31727
33232,15385,31638
33216,15441,31747
33272,15312,31815
33348,15327,31957
33409,15385,31820
33485,15268,31712
33553,15299,31729
33540,15303,31717
33524,15332,31751
33392,15322,31808
33240,15347,31772
33252,15335,31789
33240,15348,31776
33252,15425,31765
33276,15303,31687
33372,15289,31636
33432,15322,31620
33452,15391,31656
33477,15411,31700
33404,15460,31772
33200,15320,31864
33092,15335,31758
33068,15423,31812
33101,15311,31740
33168,15309,31819
33280,15299,31748
33324,15308,31701
33296,15397,31711
33305,15279,31729
33252,15330,31716
33174,15327,31782
33177,15358,31477
33196,15410,31666
33260,15308,31571
33295,15294,31607
33384,15297,31618
33364,15290,31684
33393,15300,31646
33316,15302,31678
33248,15322,31778
33216,15387,31670
33180,15463,31708
33128,15318,31655
33108,15311,31655
33144,15297,31388
33212,15403,31716
33217,15296,31597
33180,15293,31547
33264,15283,31493
33208,15341,31610
33196,15316,31613
33180,15334,31613
33152,15405,31652
33180,15303,31610
33292,15308,31716
33388,15332,31365
33377,15277,31589
33264,15289,31503
33160,15289,31605
33220,15378,31712
33142,15432,31519
33084,15321,31601
32988,15320,31684
33072,15372,31424
33236,15413,31537
33348,15288,31434
33344,15321,31800
33280,15419,31583
33228,15293,31813
33136,15411,31701
33036,15311,31700
32968,15325,31756
32948,15414,31744
32893,15311,31749
32988,15323,31703
33116,15392,31747
33148,15269,31789
33052,15287,31757
33064,15287,31764
33037,15332,31839
32868,15427,31884
32884,15328,31977
32880,15354,31911
32832,15413,31844
32937,15286,31877
33080,15285,31937
33024,15321,32081
32908,15420,31965
32920,15265,31892
32768,15305,31916
32704,15329,31973
32632,15330,31852
32600,15379,31899
32584,15415,31956
32704,15279,32111
32880,15277,31995
32994,15325,32095
32969,15375,31806
32832,15261,32016
32720,15318,32001
32768,15405,32118
32848,15295,31787
32857,15318,31928
32884,15309,31943
32988,15389,32044
33072,15255,32149
33104,15284,32084
33096,15315,32168
33152,15271,32088
33116,15303,32028
32956,15390,32057
32980,15306,32077
32980,15310,32148
33025,15317,32197
33112,15310,32063
33208,15366,32049
33280,15265,31949
33300,15283,32263
33240,15322,32001
33176,15389,32110
33125,15290,32142
33152,15320,32221
33145,15445,32188
33060,15299,32223
33148,15296,32201
33192,15338,32249
33136,15260,32225
33056,15280,32277
33017,15315,32295
33026,15291,32236
32929,15341,32191
32944,15308,32471
32833,15304,32109
32808,15309,32319
32896,15298,32284
33040,15321,32340
33124,15266,32322
33100,15287,32365
33004,15309,32358
32936,15381,32398
32820,15426,32415
32802,15299,32224
32772,15314,32263
32889,15324,32221
33008,15381,32257
33104,15255,32293
33120,15272,32271
33127,15357,32197
33096,15258,32316
32905,15302,32148
32776,15412,32468
32628,15316,32401
32492,15364,32343
32432,15300,32356
32249,15281,32278
32080,15284,32218
31772,15397,32260
31254,15283,32343
30756,15323,32333
30294,15395,32319
30160,15299,32226
30260,15313,32323
30360,15309,32333
30552,15390,32192
30960,15278,32105
31880,15280,32457
32976,15301,32102
34409,15409,32232
36480,15264,32285
38936,15328,32365
41269,15471,32388
43476,15276,32447
45102,15334,32582
45440,15343,32479
44724,15399,32519
43832,15247,32284
42860,15270,32449
41132,15301,32537
39398,15300,32641
38352,15407,32761
37712,15434,32468
37132,15333,32785
36436,15405,32727
35740,15299,32786
35016,15299,32763
34424,15328,32743
33884,15268,32716
33405,15292,32789
32876,15321,32865
32252,15300,32814
31641,15321,32969
31228,15316,32944
30924,15324,32915
30702,15325,32953
30628,15384,32932
30660,15267,32953
30644,15276,32924
30569,15338,32953
30476,15279,32995
30424,15315,32940
30380,15342,33028
30288,15377,32957
30244,15298,32991
30349,15319,32964
30392,15318,33071
30488,15373,32967
30557,15277,33058
30600,15277,33005
30624,15355,33122
30504,15302,32761
30508,15311,32897
30580,15333,32948
30648,15374,33029
30644,15296,33036
30676,15284,33183
30824,15395,33088
30896,15281,33083
30932,15285,33081
30956,15389,33064
30865,15291,33095
30804,15325,33128
30597,15314,33242
30584,15367,33172
30644,15301,33250
30729,15268,33265
30892,15277,33347
30884,15275,33461
30868,15308,33392
30868,15371,33433
30812,15413,33255
30806,15304,33318
30852,15318,33304
30836,15327,33423
30852,15419,33465
30964,15290,33449
30992,15321,33433
31010,15264,33402
30960,15286,33365
31016,15287,33420
31016,15367,33420
30853,15309,33349
30752,15311,33444
30764,15317,33420
30790,15351,33604
30900,15276,33580
31076,15282,33633
31160,15276,33551
31108,15319,33641
31061,15268,33594
31008,15319,33669
30916,15342,33517
30916,15412,33638
30912,15299,33537
30941,15305,33937
30997,15278,33842
31104,15279,33655
31116,15307,34039
31104,15263,33970
31132,15304,33901
31056,15300,33908
30976,15304,33850
30946,15320,34246
31025,15382,34145
31004,15285,34047
31056,15287,34104
30992,15279,33982
30902,15290,34414
30908,15384,34301
31032,15286,34083
30949,15330,34526
30869,15432,34385
30888,15296,34294
30916,15312,34445
31008,15311,34241
31120,15354,34669
31260,15265,34559
31248,15281,34507
31192,15312,34540
31160,15404,34344
31104,15294,34635
31084,15317,34373
31040,15321,34772
31176,15324,34671
31377,15374,34633
31565,15265,34543
31532,15281,34388
31536,15345,34799
31584,15271,34668
31728,15305,34472
31692,15433,34847
31588,15324,34719
31696,15340,34741
31780,15433,34727
31828,15293,34757
31968,15288,34698
32168,15346,34688
32249,15248,34661
32316,15269,34809
32337,15295,34774
32253,15309,34759
32308,15405,34577
32404,15328,34736
32489,15294,34809
32632,15311,34801
32696,15311,34800
32733,15372,34823
32808,15255,34897
32872,15269,34857
33008,15287,34796
33076,15380,34834
33097,15303,34727
33248,15325,34996
33284,15333,34612
33308,15295,35045
33388,15285,34908
33532,15324,34981
33596,15263,34960
33620,15287,35023
33656,15317,34988
33437,15448,34989
33312,15328,34939
33316,15375,34753
33400,15301,35129
33520,15293,35039
33655,15295,35047
33740,15305,35036
33632,15361,35116
33604,15267,35067
33549,15295,35089
33448,15386,35092
33344,15310,35206
33316,15293,34933
33332,15318,35052
33372,15319,35110
33553,15292,34852
33540,15329,35054
33484,15261,35165
33412,15263,34876
33304,15297,35039
33140,15326,35028
33061,15349,35114
33045,15349,35077
33096,15399,35010
33192,15412,35097
33281,15273,35125
33456,15271,35105
33532,15277,34986
33500,15281,35007
33320,15306,35092
33214,15412,35193
33218,15313,35076
33148,15323,34972
33028,15410,34980
32921,15289,35063
33172,15294,35094
33332,15309,35055
33404,15388,34943
33508,15266,34936
33520,15267,35020
33398,15297,34960
33284,15324,35072
33316,15333,34999
33260,15407,35079
33292,15292,34988
33372,15298,34933
33532,15272,34889
33576,15333,34949
33516,15277,34964
33520,15283,34907
33444,15330,34969
33345,15324,34934
33332,15351,34996
33245,15399,34685
33216,15287,34956
33324,15300,34607
33376,15273,34940
33424,15321,34644
33536,15404,34756
33520,15271,34800
33388,15431,34641
33360,15303,34789
33461,15319,34909
33484,15303,34854
33472,15310,34746
33576,15294,34823
33592,15291,34856
33636,15314,34800
33628,15399,34604
33596,15281,34760
33544,15319,34845
33408,15333,34817
33420,15403,34924
33388,15305,34771
33448,15305,34898
33504,15292,34780
33660,15335,34879
33600,15380,34725
33616,15264,34841
33632,15293,34716
33557,15433,34647
33422,15300,34632
33352,15324,34491
33372,15319,34733
33356,15319,34639
33400,15353,34679
33448,15273,34612
33360,15292,34511
33256,15359,34517
33380,15289,34276
33292,15321,34646
33188,15338,34311
33164,15335,34612
33244,15383,34468
33329,15307,34535
33388,15294,34164
33464,15287,34414
33458,15323,34268
33461,15400,34485
33444,15284,34089
33361,15322,34436
33224,15344,34350
33248,15421,34404
33132,15300,34311
33236,15317,34396
33412,15292,33973
33492,15327,34247
33576,15283,33973
33572,15266,34061
33492,15305,34079
33428,15325,34124
33276,15335,34225
33204,15344,33784
33340,15396,33892
33334,15452,33980
33288,15285,33996
33272,15299,34064
33236,15393,33921
33280,15288,33988
33250,15314,33617
33108,15363,33929
33036,15367,33693
32988,15372,33744
33056,15435,33758
33208,15441,33700
33248,15271,33718
33285,15292,33406
33385,15285,33488
33328,15298,33572
33196,15340,33520
33121,15311,33417
33000,15324,33445
32960,15335,33281
33063,15331,33524
33188,15366,33412
33224,15413,33517
33240,15273,33372
33196,15298,33373
33204,15307,33068
33248,15342,33238
33184,15419,33088
33024,15325,33127
32908,15306,33208
32744,15323,32996
32804,15326,33085
32992,15306,33207
33125,15296,33172
33288,15295,33253
33272,15319,32884
33226,15401,33153
33129,15316,32828
32989,15313,33042
32960,15340,33127
32978,15332,32813
33020,15349,32914
33096,15382,32956
33220,15270,32941
33180,15301,32927
33105,15322,32973
33020,15396,32988
32888,15326,33003
32788,15320,33004
32826,15329,32887
32838,15335,32951
32833,15329,32997
32920,15311,32951
33044,15356,32996
33049,15383,32697
33081,15284,32916
33036,15292,32775
32897,15306,32932
32812,15327,32977
32844,15331,32781
32848,15323,32887
32820,15321,32992
32920,15308,32647
32833,15296,32835
32848,15313,32820
32900,15335,32900
32836,15388,32916
32661,15440,32795
32553,15447,32871
32517,15322,32998
32536,15319,32644
32540,15332,32844
32604,15312,32975
32612,15332,32713
32646,15332,32903
32720,15388,33015
32776,15449,32808
32653,15304,32921
32516,15332,32912
32516,15345,32949
32620,15333,32657
32764,15318,32884
33045,15323,33038
33135,15370,32677
33100,15359,32941
32924,15433,33014
32832,15306,32958
32760,15333,33048
32685,15387,32741
32756,15315,32988
32720,15337,32695
32772,15327,32919
32909,15309,32993
32980,15307,32964
33136,15372,33052
33204,15433,32727
33152,15308,33061
32962,15361,33013
32820,15332,33126
32848,15314,32773
32944,15329,32967
33089,15333,33001
33088,15315,33009
33132,15396,33006
33060,15279,33024
32893,15287,33133
32784,15300,32835
32728,15337,32991
32700,15367,32927
32613,15441,32932
32641,15327,32941
32704,15324,32908
32762,15396,32788
32789,15289,32966
32776,15301,32943
32744,15302,33047
32684,15328,33095
32612,15362,32957
32586,15431,33015
32596,15447,33170
32601,15316,32815
32608,15315,33103
32697,15397,32833
32781,15280,32930
32941,15277,33043
32864,15301,33062
32708,15312,33089
32556,15336,32964
32516,15363,33006
32540,15413,32984
32476,15366,33101
32368,15420,33227
32384,15287,33117
32200,15292,33228
31964,15295,32892
31765,15341,33031
31297,15399,33050
30656,15451,33133
30212,15334,33254
30021,15337,33119
30160,15343,33153
30317,15356,33103
30496,15388,33158
31008,15385,33172
31912,15290,33128
32929,15313,33145
34188,15323,33088
36081,15336,33191
38296,15354,33264
40612,15391,33218
42976,15380,33103
44556,15432,32996
44908,15399,33078
44480,15278,33053
43684,15320,33183
42476,15353,33243
40532,15460,33181
38798,15321,33116
37752,15367,32996
37216,15385,33361
36676,15449,33301
35992,15309,33396
35325,15316,33308
34776,15317,33214
34084,15309,33245
33414,15315,33337
32928,15326,33373
32420,15396,33239
31933,15429,33352
31548,15335,33401
31244,15335,33388
30908,15337,33503
30704,15409,33385
30656,15298,33503
30548,15306,33412
30464,15363,33479
30384,15433,33378
30304,15327,33412
30200,15359,33354
30228,15404,33450
30236,15332,33341
30216,15335,33421
30396,15354,33341
30485,15389,33430
30472,15294,33338
30484,15314,33447
30428,15322,33324
30421,15367,33190
30448,15399,33266
30565,15433,33319
30580,15324,33391
30564,15332,33301
30668,15310,33391
30724,15305,33271
30751,15324,33212
30808,15365,33187
30756,15360,33282
30606,15377,33356
30560,15420,33020
30505,15432,33225
30557,15425,33317
30656,15413,33259
30756,15432,33305
30732,15409,33001
30832,15422,33197
30816,15393,33367
30844,15434,32997
30900,15446,33218
30941,15335,33265
30924,15322,33206
30888,15329,33127
30822,15327,33158
30872,15367,33268
30934,15386,33116
30932,15288,33196
30817,15313,33116
30776,15320,33144
30736,15341,32804
30696,15349,32912
30704,15345,32937
30722,15334,32984
30760,15345,33001
30816,15350,32995
30888,15340,32996
30980,15419,32708
30916,15285,32847
30956,15323,32705
30864,15356,33045
30846,15334,32973
30848,15339,32966
30880,15353,32863
30974,15318,32957
31036,15309,32925
31076,15314,32824
31138,15400,32694
31029,15293,33068
30920,15323,32951
30908,15337,32884
30793,15369,32927
30784,15410,32860
30804,15331,32981
30872,15311,32771
31012,15298,32928
31064,15287,32935
31132,15303,33055
31092,15316,32797
31040,15374,33102
30965,15404,32934
30996,15446,32937
31008,15332,32998
30984,15327,33089
31012,15338,33189
31032,15300,33068
31010,15380,33007
31054,15289,33057
31156,15299,33093
31196,15327,33152
31190,15337,33117
31072,15434,33149
31088,15330,33116
31044,15329,33229
31212,15333,32847
31444,15308,33103
31604,15337,33043
31584,15420,33106
31528,15287,33185
31486,15317,33119
31384,15335,33152
31348,15360,32975
31400,15423,33009
31628,15312,32877
31732,15322,33225
31808,15407,33116
31840,15296,33067
31824,15305,32964
31929,15313,33044
32024,15417,33023
32012,15322,33099
31980,15345,33071
32028,15411,32981
32112,15326,32988
32308,15304,32954
32396,15304,32919
32488,15335,33019
32648,15285,32817
32820,15311,33103
32824,15347,33017
32820,15442,33109
32754,15348,33004
32780,15345,33101
32872,15408,32984
33088,15452,33088
33220,15300,32972
33348,15297,33060
33309,15419,32932
33276,15308,32864
33276,15377,32943
33280,15333,32928
33208,15438,32848
33288,15328,32856
33276,15365,32935
33293,15441,33039
33376,15308,32957
33416,15296,32992
33556,15404,32932
33632,15292,33049
33444,15375,32903
33216,15333,32849
33204,15400,32959
33244,15339,32964
33448,15392,33091
33544,15318,32964
33476,15394,33087
33524,15264,33001
33477,15300,33107
33391,15401,33025
33297,15296,33136
33180,15329,32799
33028,15396,32956
33008,15317,32967
33068,15332,33049
33168,15319,33117
33293,15334,33107
33386,15424,33207
33360,15288,33123
33264,15300,33226
33100,15315,33104
33069,15354,33029
33076,15378,33162
33112,15440,33134
33262,15308,33124
33356,15319,33107
33401,15300,33137
33396,15300,33115
33280,15383,33093
33344,15281,33099
33280,15314,33112
33192,15372,33077
33136,15318,33031
33141,15314,33111
33150,15337,33212
33174,15340,33121
33244,15399,33092
33284,15273,33129
33280,15298,33230
33294,15298,33129
33292,15396,33151
33240,15305,33140
33248,15338,33193
33208,15332,33143
33320,15389,33251
33348,15437,32895
33400,15269,33052
33505,15274,33151
33536,15284,33150
33552,15295,33031
33484,15315,33066
33348,15333,33172
33310,15328,33282
33420,15357,32911
33449,15388,33109
33585,15384,33285
33596,15396,33089
33544,15395,33193
33592,15271,33271
33476,15268,33093
33452,15301,33201
33480,15331,33235
33324,15330,33005
33344,15326,33222
33296,15339,33303
33320,15383,32959
33396,15367,33169
33440,15352,33333
33452,15361,33009
33468,15385,33193
33484,15404,33287
33349,15307,33221
33236,15332,33231
33220,15329,33300
33216,15325,32991
33192,15317,33188
33288,15283,33380
33420,15282,33173
33508,15279,33276
33560,15290,33198
33516,15300,33317
33420,15331,33190
33196,15335,33287
33212,15326,33372
33168,15319,33193
33296,15308,33268
33400,15281,33392
33482,15311,33167
33564,15310,33287
33556,15318,33245
33477,15322,33185
33330,15353,33284
33068,15405,33361
33120,15431,32990
33248,15422,33223
33296,15277,33287
33358,15268,33147
33453,15264,33207
33413,15269,33188
33420,15390,33214
33356,15369,33181
33036,15329,33095
32992,15318,33188
33132,15325,33145
33344,15306,33200
33324,15305,33223
33404,15284,33008
33441,15276,33168
33560,15276,33295
33484,15284,33156
33476,15304,33057
33344,15308,33212
33048,15319,33223
32884,15325,33247
33052,15305,33319
33120,15309,33211
33294,15283,33321
33368,15263,33327
33396,15261,33289
33340,15276,33356
33248,15303,33425
33140,15325,33415
33024,15329,33367
33132,15318,33468
33224,15326,33576
33344,15327,33333
33410,15308,33543
33412,15301,33708
33340,15302,33425
33189,15365,33586
33184,15378,33694
33112,15359,33411
33006,15337,33679
33076,15373,33812
33133,15348,33513
33124,15397,33636
33204,15265,33722
33216,15249,33759
33264,15265,33639
33260,15271,33704
33168,15305,33765
33045,15313,33862
32964,15337,33783
33028,15404,33838
33036,15288,33504
33060,15306,33858
33121,15278,33527
33157,15309,33862
33184,15383,33531
33280,15264,33932
33177,15301,33824
32928,15315,33953
32856,15372,33572
33012,15452,33692
33024,15416,33780
33032,15279,33828
33184,15262,33792
33248,15284,33860
33129,15281,33589
33084,15283,33860
33125,15304,33831
33044,15317,33844
32916,15320,33895
32796,15327,33815
32620,15311,33812
32593,15333,33768
32820,15349,33869
32980,15355,33930
33120,15404,34028
33180,15262,33908
33192,15274,33853
33053,15286,34031
32804,15439,33764
32696,15421,33901
32784,15372,33919
32825,15370,33919
33072,15322,33959
33176,15348,33850
33152,15271,33887
33052,15259,33925
32736,15279,33892
32736,15305,33954
32909,15305,34108
33044,15283,33901
32985,15291,34011
32991,15268,33960
32994,15412,34004
33030,15251,33985
33060,15262,33881
33060,15257,34117
32996,15275,33799
32828,15289,33983
32692,15305,34136
32690,15299,33926
32789,15290,33996
32932,15273,34033
32956,15413,34039
33024,15375,33771
32900,15355,33887
32780,15354,34048
32804,15350,33760
32812,15370,34005
32702,15362,34082
32532,15397,33956
32528,15427,34036
32584,15266,34165
32660,15259,33895
32862,15247,34055
32925,15263,34052
32895,15260,33958
32800,15269,34060
32516,15291,33900
32374,15431,34144
32509,15292,33787
32648,15297,34055
32664,15266,34164
32780,15255,34011
32880,15256,33782
32912,15267,33957
33025,15275,34103
33064,15291,33780
33008,15299,33919
32888,15322,34078
32908,15300,33795
32892,15301,34038
32844,15284,34079
32980,15292,33978
33194,15341,34046
33129,15343,33985
33080,15329,34037
33044,15388,34054
32953,15301,34116
32948,15415,34004
33060,15289,34046
33016,15269,33969
32976,15271,34111
32920,15245,33764
32936,15245,34004
32961,15238,34137
32888,15272,33945
32799,15280,34021
32717,15291,34112
32664,15303,33783
32708,15306,33900
32752,15307,34037
32752,15292,33800
32872,15271,33988
32904,15256,34012
32877,15252,34159
32848,15263,33895
32816,15259,34055
32680,15284,33993
32620,15278,33999
32636,15281,34070
32672,15280,34126
32676,15266,34101
32760,15239,33831
32832,15244,34075
32876,15244,34015
32744,15252,33991
32678,15261,34086
32516,15288,34127
32520,15284,33909
32584,15303,34055
32572,15301,34177
32516,15281,33981
32496,15264,34115
32384,15252,34071
32032,15267,34204
31748,15284,34129
31196,15310,34007
30472,15319,34183
30056,15335,33908
30016,15311,34117
30066,15287,34231
30372,15279,34263
30748,15246,34122
31312,15367,34030
32240,15360,34180
33244,15343,34114
34668,15389,34284
36508,15387,34086
38604,15333,33990
40752,15306,34172
42792,15317,34125
43840,15284,34226
43976,15286,33932
43324,15271,34194
42448,15287,34151
41196,15271,34277
39352,15297,34188
37904,15312,34177
36958,15315,34182
36400,15311,34305
35880,15308,34200
35232,15286,34215
34776,15277,34103
34358,15257,34311
33880,15282,34143
33436,15322,34246
32992,15313,34172
32448,15298,34302
31900,15312,34087
31432,15308,34265
31150,15297,34119
30898,15289,34349
30856,15268,34244
30682,15254,34132
30580,15255,34266
30508,15364,34125
30492,15359,34332
30468,15351,34150
30405,15310,34231
30336,15302,34200
30365,15298,34356
30384,15292,34166
30528,15255,34242
30608,15253,34140
30644,15259,34241
30676,15271,34229
30644,15271,34199
30528,15295,34167
30488,15303,33941
30460,15300,34081
30488,15287,34268
30608,15279,33952
30660,15300,34135
30720,15239,34205
30776,15239,34228
30772,15261,34228
30837,15271,34228
30852,15295,34236
30816,15291,34306
30788,15302,34100
30848,15294,34253
30856,15268,34396
30976,15255,34077
31012,15277,34198
30993,15341,34209
30952,15369,34311
30881,15359,34207
30860,15278,34303
30836,15281,34314
30880,15279,34281
30932,15277,34244
30962,15274,34341
31088,15250,34461
31152,15255,34120
31224,15263,34339
31196,15353,34260
31198,15255,34310
31120,15293,34368
31068,15282,34393
31024,15274,34494
30884,15315,34405
30944,15362,34534
31092,15325,34436
31312,15231,34535
31445,15226,34412
31452,15231,34501
31428,15241,34479
31416,15268,34659
31372,15271,34348
31372,15279,34560
31356,15272,34752
31288,15257,34567
31268,15232,34695
31372,15239,34585
31388,15245,34761
31473,15237,34656
31588,15241,34823
31529,15266,34718
31356,15269,35004
31300,15388,34901
31309,15361,34661
31350,15334,34960
31370,15287,35047
31264,15293,34996
31124,15297,35119
31100,15270,35207
31076,15313,35115
31053,15270,35217
31136,15261,35400
31216,15275,35223
31313,15279,35344
31409,15263,35508
31573,15234,35504
31584,15235,35518
31408,15231,35719
31208,15251,35617
31068,15271,35761
30836,15295,35707
30700,15359,35875
30680,15374,35981
30784,15394,35980
30854,15233,36079
31068,15228,36223
31233,15236,36431
31388,15237,36045
31488,15240,36359
31488,15260,36516
31468,15322,36581
31464,15367,36728
31468,15269,36370
31460,15253,36615
31510,15257,36756
31590,15244,36838
31628,15236,37007
31638,15255,36599
31625,15288,36796
31692,15332,36964
31704,15346,36992
31716,15383,37103
31788,15261,36789
31812,15257,36901
31860,15258,36989
32080,15247,36924
32296,15255,37103
32417,15296,37036
32464,15367,36946
32480,15240,36986
32478,15263,36949
32469,15323,37091
32572,15327,36693
32672,15333,36945
32704,15340,37117
32828,15344,36679
32996,15198,36895
33044,15212,36927
33000,15212,36937
32992,15250,36929
32928,15268,36863
32885,15278,36868
32916,15258,36948
32948,15259,36743
33004,15241,36783
33124,15236,36694
33292,15213,36668
33356,15223,36685
33288,15212,36429
33252,15238,36583
33134,15253,36692
33060,15266,36457
33196,15268,36501
33309,15259,36405
33384,15229,36533
33472,15214,36404
33454,15200,36140
33396,15318,36333
33276,15263,36292
33126,15288,36359
32996,15309,36156
32933,15295,36172
32900,15273,36063
32904,15256,36231
32980,15263,35753
33092,15242,35975
33108,15246,36093
33078,15252,35874
33044,15279,35881
33060,15333,35844
32976,15365,35640
32956,15251,35610
32964,15229,35716
32976,15247,35664
33008,15239,35719
33100,15220,35364
33112,15219,35413
33082,15215,35413
33036,15227,35436
32892,15230,35494
32800,15266,35088
32852,15262,35181
32936,15254,35297
32962,15255,35214
32956,15231,35221
33120,15239,35101
33296,15231,34942
33420,15310,34986
33320,15204,34959
33212,15221,34959
33068,15258,34924
33016,15258,34997
32997,15244,34529
33088,15255,34655
33180,15241,34722
33212,15216,34713
33280,15211,34613
33246,15222,34647
33316,15238,34589
33337,15255,34449
33232,15323,34460
33156,15375,34505
33116,15355,34496
33153,15233,34157
33224,15207,34311
33304,15197,34425
33305,15195,34134
33284,15194,34295
33332,15185,34279
33364,15357,34271
33292,15353,34118
33180,15239,34185
33198,15221,34288
33236,15230,34040
33228,15211,34119
33294,15207,34018
33428,15210,33999
33472,15221,33998
33460,15257,34096
33326,15327,33693
33248,15236,33865
33164,15233,33936
33224,15229,33751
33224,15211,33839
33244,15207,33718
33440,15188,33837
33388,15183,33556
33360,15181,33729
33428,15190,33799
33452,15206,33573
33356,15227,33644
33284,15250,33604
33273,15246,33593
33292,15231,33314
33361,15201,33542
33396,15303,33521
33392,15307,33404
33452,15308,33519
33416,15302,33280
33406,15327,33423
33340,15347,33377
33312,15335,33335
33268,15310,33481
33268,15311,33159
33352,15307,33312
33492,15305,33415
33452,15333,33236
33480,15305,32999
33464,15319,33235
33368,15202,33335
33286,15335,33276
33296,15283,33235
33312,15266,33060
33304,15265,33117
33308,15266,33024
33380,15239,33181
33468,15253,32944
33464,15280,33012
33437,15245,32858
33340,15289,33047
33224,15316,32815
33224,15327,32869
33172,15341,32937
33166,15337,32700
33174,15207,32743
33296,15172,32828
33336,15180,32599
33325,15179,32644
33344,15205,32498
33296,15208,32532
33165,15233,32543
33120,15279,32562
33128,15341,32252
33168,15219,32415
33156,15189,32483
33181,15197,32335
33240,15188,32300
33292,15263,32018
33344,15301,32224
33356,15196,32309
33224,15217,31929
33148,15231,32132
33028,15236,32105
32954,15268,32077
32988,15266,31996
33120,15313,32038
33228,15175,31742
33180,15194,31879
33164,15188,31903
33148,15277,31862
33100,15227,31808
33028,15213,31843
33008,15231,31925
33068,15229,31602
33061,15223,31631
33216,15243,31668
33248,15273,31716
33309,15181,31703
33327,15180,31678
33268,15208,31713
33116,15233,31631
32980,15285,31704
32945,15342,31598
32988,15318,31493
33044,15202,31557
33168,15162,31402
33261,15175,31399
33248,15190,31471
33240,15196,31506
33162,15223,31399
33012,15307,31357
32928,15221,31405
32944,15205,31518
32984,15207,31405
33044,15204,31349
33232,15194,31192
33364,15177,31300
33396,15217,31256
33369,15327,31271
33248,15197,31181
33072,15229,31238
33006,15231,31359
33004,15223,30992
33044,15239,31071
33024,15244,31140
33100,15252,31156
33141,15283,31143
33073,15177,30895
32956,15194,31076
32832,15257,31053
32712,15341,31061
32692,15204,30937
32724,15215,31035
32764,15213,30993
32836,15217,30808
32932,15192,30944
32993,15197,31024
32964,15235,30840
32980,15273,30936
32876,15330,30892
32740,15205,30748
32704,15233,30885
32732,15233,30981
32856,15289,30770
32888,15301,30862
33040,15170,30879
33144,15166,30727
33220,15184,30812
33297,15199,30901
33212,15219,30810
33032,15287,30725
32952,15356,30676
32956,15209,30764
32956,15228,30861
32998,15221,30757
33112,15247,30772
33204,15170,30500
33254,15173,30652
33256,15184,30685
33200,15204,30709
33064,15226,30596
32986,15300,30620
33028,15194,30668
33105,15228,30660
33168,15212,30666
33228,15267,30677
33320,15173,30549
33292,15175,30677
33252,15200,30701
33124,15307,30671
32868,15207,30737
32808,15223,30512
32850,15218,30575
32964,15313,30540
33086,15184,30644
33176,15190,30727
33229,15187,30495
33204,15281,30620
33168,15164,30748
33065,15185,30532
32942,15227,30646
32868,15261,30566
32804,15334,30643
32812,15194,30719
32840,15211,30450
32956,15187,30537
33020,15251,30634
33044,15162,30649
33040,15191,30718
33048,15202,30425
32924,15301,30525
32820,15196,30537
32788,15226,30605
32780,15300,30471
32764,15193,30717
32756,15195,30657
32724,15241,30687
32584,15158,30663
32348,15194,30671
32000,15223,30493
31572,15323,30564
31052,15205,30506
30608,15221,30627
30324,15224,30594
30256,15298,30650
30372,15181,30609
30612,15220,30701
31026,15171,30712
31576,15184,30838
32332,15262,30727
33308,15209,30809
34660,15201,30649
36720,15233,30709
38868,15214,30868
41036,15260,30582
42928,15329,30695
43760,15192,30713
43432,15217,30809
42760,15269,30948
41788,15173,30860
40160,15252,30956
38300,15361,30884
36858,15207,30855
35988,15225,30792
35680,15261,30829
35780,15172,30925
35508,15168,30933
34942,15178,30829
34472,15197,31045
33888,15219,30872
33392,15231,30999
33112,15295,31076
32808,15207,31012
32405,15229,31116
32048,15228,30801
31652,15179,31042
31392,15185,30807
31216,15219,30923
30932,15170,30932
30716,15210,30933
30580,15321,30819
30505,15211,31056
30473,15228,30807
30468,15241,30893
30522,15272,30940
30608,15183,31023
30656,15172,31085
30716,15182,30823
30720,15216,30890
30668,15308,31056
30573,15205,30736
30593,15225,30851
30624,15221,30858
30749,15277,30959
30841,15176,30977
30930,15190,30836
31022,15193,30933
30956,15270,31040
30948,15181,30748
30964,15180,30820
30919,15217,30839
30920,15229,30964
30917,15300,30996
30932,15207,30787
30958,15194,30953
31158,15179,31049
31200,15181,30877
31172,15217,31007
31084,15279,31061
31097,15185,30887
31077,15203,31020
31028,15219,31127
31100,15231,31016
31060,15317,31037
30976,15175,30918
31120,15171,31044
31256,15176,31140
31268,15184,30884
31240,15172,31012
31224,15229,31060
31149,15311,30815
31004,15217,30925
31044,15208,30892
31144,15268,30975
31144,15287,30974
31184,15165,31019
31276,15177,31078
31316,15178,30991
31281,15216,30926
31180,15243,31052
31138,15303,31012
31078,15210,30948
31092,15220,30943
31128,15207,31034
31236,15213,30932
31296,15263,30975
31224,15277,31108
31232,15303,30986
31257,15169,31134
31220,15204,31172
31148,15207,31245
31108,15222,30970
31152,15222,31193
31116,15266,31320
31156,15298,31048
31204,15156,31276
31252,15179,31123
31252,15191,31322
31252,15267,31281
31204,15192,31423
31080,15207,31350
31068,15225,31575
31053,15223,31388
31064,15210,31516
31136,15190,31434
31236,15202,31572
31306,15293,31566
31316,15164,31687
31374,15175,31588
31346,15240,31533
31232,15294,31478
31204,15213,31550
31320,15212,31494
31296,15308,31552
31356,15179,31568
31416,15181,31576
31596,15233,31688
31632,15305,31351
31652,15162,31498
31680,15205,31452
31596,15220,31489
31520,15263,31507
31580,15292,31511
31596,15197,31552
31672,15196,31309
31886,15178,31367
31952,15211,31380
32040,15167,31316
32140,15189,31337
32117,15239,31320
32048,15315,31308
32124,15314,31391
32200,15204,31491
32348,15185,31192
32472,15189,31348
32644,15187,31279
32724,15273,31341
32740,15184,31253
32844,15203,31233
32848,15309,31246
32768,15219,31325
32748,15248,31234
32832,15198,31300
32936,15226,31239
33064,15206,31215
33216,15259,31257
33328,15174,31312
33304,15201,31295
33240,15281,31366
33244,15335,31408
33214,15194,31196
33250,15219,31276
33218,15220,31229
33140,15294,31260
33156,15186,31293
33208,15185,31304
33284,15177,31300
33372,15222,31393
33536,15286,31461
33561,15182,31417
33436,15223,31324
33300,15237,31476
33253,15227,31205
33140,15214,31393
33304,15243,31468
33440,15284,31459
33440,15200,31367
33372,15175,31448
33409,15186,31473
33344,15206,31459
33176,15223,31494
32984,15238,31444
32940,15257,31344
32900,15274,31540
32972,15241,31429
33185,15239,31635
33348,15281,31484
33340,15311,31599
33352,15160,31463
33327,15191,31727
33264,15225,31483
33160,15226,31647
33072,15225,31704
33132,15241,31565
33152,15305,31572
33276,15169,31724
33228,15167,31540
33176,15164,31678
33184,15178,31652
33152,15205,31745
33036,15212,31570
32880,15198,31478
32852,15206,31687
32928,15199,31610
32928,15183,31777
33160,15189,31557
33488,15195,31668
33528,15187,31684
33528,15195,31723
33516,15237,31540
33376,15321,31657
33100,15328,31586
33048,15332,31599
33129,15211,31636
33200,15205,31525
33192,15232,31519
33310,15288,31631
33340,15161,31743
33349,15193,31396
33280,15207,31495
33332,15226,31659
33280,15228,31532
33168,15238,31495
33280,15222,31623
33357,15239,31725
33492,15230,31567
33508,15294,31609
33516,15174,31543
33484,15175,31604
33292,15206,31414
33176,15224,31581
33180,15229,31554
33212,15237,31567
33177,15242,31332
33284,15228,31567
33448,15210,31436
33428,15245,31645
33436,15268,31448
33344,15303,31524
33414,15325,31482
33353,15364,31620
33310,15337,31409
33296,15325,31495
33280,15289,31453
33332,15233,31534
33472,15213,31377
33564,15211,31490
33532,15288,31537
33503,15325,31453
33468,15194,31350
33362,15357,31506
33222,15340,31361
33204,15317,31461
33216,15335,31399
33220,15236,31359
33317,15163,31460
33416,15195,31517
33328,15187,31473
32909,15279,31562
32372,15331,31467
31664,15223,31349
31068,15233,31361
30900,15229,31440
30700,15227,31557
30557,15211,31340
30764,15253,31417
31113,15308,31508
31192,15186,31374
31380,15207,31303
31548,15227,31239
32156,15326,31300
32872,15308,31422
33108,15333,31172
32960,15215,31326
33108,15204,31475
33880,15202,31141
34624,15183,31273
35160,15239,31353
35228,15343,31448
35008,15212,31542
34856,15238,31582
34812,15236,31505
34760,15255,31612
34596,15268,31769
34428,15291,31868
34372,15326,31714
34276,15172,31929
34116,15182,32064
33976,15207,32085
33828,15220,32197
33632,15292,32225
33628,15205,32374
33558,15236,32117
33472,15232,32366
33464,15209,32384
33624,15241,32532
33588,15283,32717
33528,15332,32463
33436,15177,32652
33372,15213,32765
33328,15235,32852
33204,15300,32924
33174,15332,33028
33124,15205,33052
33000,15218,32917
33100,15207,33157
33304,15239,33245
33272,15322,33287
33320,15204,33319
33188,15221,33439
33052,15241,33565
33104,15316,33668
33156,15227,33722
33180,15234,33799
33221,15212,33930
33220,15234,33981
33276,15295,34124
33244,15334,34122
33256,15192,34303
33261,15225,34236
33216,15246,34181
33180,15247,34475
33181,15252,34159
33180,15260,34516
33208,15228,34453
33376,15233,34530
33372,15304,34578
33300,15309,34777
33312,15292,34674
33234,15332,34823
33128,15229,34833
33084,15243,34815
33072,15239,34941
33012,15228,34951
33037,15250,34948
33180,15279,34741
33284,15187,34997
33344,15193,35231
33304,15175,35041
33188,15343,35121
33120,15225,35113
33162,15231,35151
33132,15241,35191
33172,15245,35321
33044,15239,34983
33168,15309,35109
33240,15193,35148
33129,15199,35222
33096,15237,35360
33077,15337,35236
32992,15212,35369
32988,15241,34956
32975,15241,35207
32982,15243,35309
32948,15328,34932
33078,15189,35176
33104,15199,35118
33125,15288,35057
33080,15184,34901
33000,15240,35252
32940,15236,35156
33012,15239,35172
33010,15245,35121
32952,15238,35232
32968,15318,35095
32920,15192,35186
32912,15193,35053
33033,15207,35079
33080,15284,35004
32935,15205,34996
32748,15250,34941
32668,15242,34972
32630,15279,34785
32648,15315,34837
32752,15199,34849
32804,15196,34801
32864,15197,34887
32900,15279,34748
32944,15199,34830
33032,15204,34599
33053,15249,34505
33084,15289,34567
33093,15329,34596
33100,15375,34599
33112,15213,34223
33244,15208,34334
33216,15198,34503
33288,15223,34409
33261,15215,34240
33176,15257,34368
33084,15302,34039
33052,15358,34161
33088,15237,34320
33220,15223,34046
33287,15214,34199
33312,15188,34069
33253,15202,34167
33064,15213,34109
33084,15217,33988
33048,15258,33962
32946,15276,34025
33048,15318,33865
33105,15283,34097
33076,15316,33671
33029,15327,33771
33088,15307,33956
33084,15310,33621
33145,15302,33863
33097,15288,33712
33056,15343,33772
32976,15356,33807
32884,15231,33817
32832,15247,33655
32864,15242,33739
32848,15236,33586
32777,15214,33652
32892,15205,33687
32968,15220,33756
32924,15244,33528
32780,15270,33627
32620,15345,33716
32552,15238,33577
32552,15233,33620
32540,15246,33436
32728,15220,33529
32858,15194,33535
32792,15215,33405
32773,15223,33479
32724,15230,33391
32572,15241,33359
32268,15268,33455
32048,15301,33477
31876,15282,33330
31596,15348,33317
31232,15220,33317
30776,15203,33408
30326,15207,33476
30120,15210,33191
30120,15217,33348
30216,15355,33485
30276,15348,33217
30590,15369,33383
31280,15332,33254
32456,15339,33448
33692,15347,33120
35632,15207,33327
37972,15222,33401
40400,15254,33392
42744,15367,33396
44372,15204,33301
44892,15265,33378
44396,15262,33431
43480,15280,33283
42436,15279,33386
40708,15250,33361
38932,15239,33487
37756,15247,33253
37029,15244,33351
36500,15251,33513
35896,15258,33164
35104,15292,33372
34354,15306,33509
33832,15333,33232
33266,15370,33372
32798,15228,33460
32528,15220,33404
32170,15236,33321
31686,15243,33381
31172,15246,33415
30804,15311,33473
30525,15387,33404
30328,15261,33455
30228,15270,33285
30204,15279,33324
30252,15261,33431
30344,15314,33350
30380,15223,33412
30304,15225,33218
30212,15249,33255
30124,15258,33351
30012,15311,33273
30004,15354,33191
30101,15265,33131
30104,15271,33112
30109,15257,33188
30332,15288,33229
30436,15333,33282
30471,15230,32985
30580,15221,33181
30528,15257,33201
30500,15269,33215
30464,15273,33253
30461,15276,33127
30432,15293,33219
30546,15301,33087
30720,15308,33301
30784,15320,33133
30812,15227,33188
30816,15244,33279
30800,15258,33257
30649,15303,33311
30580,15383,33014
30565,15249,33109
30566,15274,33172
30748,15250,33252
30864,15283,33377
30956,15229,33228
30912,15227,33161
30904,15242,33132
30944,15262,33232
30914,15284,33189
30901,15304,33029
30905,15363,33063
30953,15258,32912
30972,15255,33181
31100,15281,33172
31080,15223,33260
31088,15236,33173
31100,15245,33061
31000,15323,32994
30868,15265,33076
30900,15269,33213
30916,15265,33185
30965,15272,33122
30952,15259,33080
30964,15236,33175
30846,15239,33287
30868,15278,33212
30996,15361,33313
30932,15249,32989
30744,15281,33318
30757,15286,33027
30886,15299,33205
30816,15287,33428
30926,15332,33319
31284,15335,33236
31476,15333,33319
31400,15231,33380
31184,15240,33432
31049,15270,33401
31008,15273,33514
30988,15333,33421
31080,15269,33536
31048,15279,33448
30892,15252,33519
30904,15319,33461
30964,15215,33516
31006,15241,33398
31064,15255,33384
30840,15333,33362
30825,15271,33200
30860,15279,33597
30888,15320,33473
30913,15261,33261
30917,15249,33488
31060,15268,33453
31220,15357,33512
31184,15236,33383
31220,15298,33448
31276,15259,33501
31144,15282,33380
31164,15313,33159
31160,15267,33524
31344,15265,33412
31404,15252,33479
31396,15244,33415
31494,15331,33431
31501,15226,33364
31524,15241,33282
31592,15367,33336
31653,15284,33391
31784,15313,33455
31877,15383,33392
31884,15250,33454
31976,15247,33415
32108,15277,33391
32260,15344,33386
32280,15233,33329
32264,15239,33308
32388,15307,33247
32417,15372,33452
32432,15267,33442
32532,15268,33501
32696,15314,33453
32828,15327,33574
32944,15340,33197
32994,15219,33341
33093,15229,33393
33104,15244,33438
33101,15268,33499
33124,15301,33516
33160,15334,33548
33240,15374,33260
33332,15251,33497
33460,15239,33463
33548,15231,33513
33580,15261,33518
33616,15220,33574
33616,15243,33624
33548,15260,33617
33454,15333,33765
33420,15405,33644
33428,15251,33780
33580,15275,33701
33660,15333,33773
33736,15200,33569
33672,15225,33639
33616,15241,33671
33632,15323,33752
33581,15247,33681
33484,15242,33796
33420,15266,33924
33440,15265,33814
33456,15369,33981
33544,15231,33889
33652,15220,34012
33620,15259,33934
33592,15318,34055
33608,15215,33986
33600,15263,33957
33526,15273,34007
33468,15278,34023
33428,15264,33768
33324,15289,33970
33316,15322,34085
33356,15334,34072
33420,15351,34164
33496,15332,33799
33468,15220,33956
33356,15241,33993
33300,15271,34040
33248,15276,34096
33272,15269,34112
33232,15304,34240
33220,15335,34110
33324,15223,34167
33354,15217,34145
33352,15231,34252
33352,15330,34169
33360,15358,34049
33340,15255,34196
33312,15270,34232
33292,15279,34386
33324,15332,34263
33370,15350,34177
33468,15216,34364
33598,15201,34108
33596,15225,34327
33596,15231,34484
33560,15261,34305
33504,15262,34484
33464,15285,34623
33436,15313,34309
33412,15297,34628
33521,15322,34810
33609,15333,34652
33557,15332,34788
33512,15332,34694
33428,15217,34807
33389,15236,34919
33224,15251,35093
33156,15257,34908
33128,15253,35127
33213,15251,35036
33376,15239,35320
33444,15229,35004
33432,15230,35277
33360,15277,35345
33280,15335,35488
33278,15313,35471
33188,15296,35746
33164,15357,35389
33173,15249,35616
33096,15249,35871
33119,15232,35876
33208,15229,35996
33262,15231,35760
33292,15221,35989
33297,15253,36103
33245,15294,36140
33172,15354,36103
33197,15367,36217
33128,15244,36320
33104,15250,36466
33256,15239,36333
33428,15223,36460
33520,15238,36503
33504,15253,36394
33436,15301,36553
33284,15359,36645
33156,15237,36657
33044,15266,36765
32988,15260,36431
32924,15249,36645
32961,15230,36904
33076,15228,36593
33168,15270,36804
33184,15319,36906
33154,15358,36976
33092,15222,37127
33004,15270,37012
32920,15261,37196
32928,15287,36816
32932,15281,37127
32964,15316,37279
33084,15315,36975
33176,15324,37104
33184,15201,37159
33074,15197,37259
32842,15227,37361
32776,15261,36938
32768,15256,37153
32764,15260,37220
32872,15349,37204
32985,15217,37223
33034,15184,37255
33065,15196,37380
33048,15207,37348
33044,15227,37376
32927,15241,37158
32868,15265,37305
32901,15276,37396
32942,15327,37388
33008,15229,37405
33168,15233,37358
33366,15212,37511
33324,15265,37397
33334,15317,37375
33350,15204,37328
33156,15236,37381
32928,15255,37510
32900,15245,37041
32740,15255,37337
32540,15299,37414
32689,15202,37345
32933,15211,37383
33089,15219,37356
33028,15287,37337
33044,15204,37289
33016,15219,37304
32912,15249,37429
32908,15249,37146
32910,15236,37276
32985,15212,37114
33152,15212,37317
33306,15314,36948
33329,15197,37112
33181,15185,37163
33108,15202,37142
33100,15227,36996
32964,15255,36983
32728,15274,37016
32532,15332,37111
32504,15343,36767
32708,15197,36816
32957,15207,36644
33012,15270,36895
32957,15311,36484
33012,15194,36703
32864,15237,36725
32729,15291,36620
32741,15360,36612
32753,15211,36572
32724,15238,36500
32772,15271,36344
32852,15172,36180
32844,15212,36388
32906,15204,36241
33014,15210,36270
32873,15286,36238
32764,15213,36140
32560,15250,36084
32448,15243,36077
32444,15255,36125
32500,15266,35742
32640,15282,35936
32724,15187,35846
32780,15193,35799
32793,15210,35709
32721,15295,35732
32580,15353,35565
32460,15223,35604
32468,15245,35175
32544,15238,35423
32568,15252,35174
32717,15300,35180
32792,15184,35234
32848,15191,35126
32845,15205,35150
32744,15300,34972
32660,15213,35029
32708,15231,34608
32824,15234,34625
32924,15278,34615
33056,15314,34604
33102,15167,34627
33190,15204,34465
33156,15239,34343
33088,15184,34292
33012,15221,34105
32964,15340,34324
32948,15222,34140
32916,15237,34101
32988,15253,33829
33096,15183,34061
33108,15193,33634
33112,15184,33703
33076,15206,33760
33112,15279,33723
33020,15193,33663
32996,15237,33568
33008,15329,33511
33036,15229,33380
33040,15220,33338
33132,15295,33292
33236,15177,33265
33152,15202,33300
33008,15212,33356
32996,15306,32924
33020,15204,33060
32896,15226,33107
32800,15261,33063
32832,15365,33081
32872,15199,32977
32988,15210,33029
33172,15197,32881
33180,15279,32919
33152,15175,32793
33216,15205,32849
33082,15227,32492
32844,15239,32588
32733,15207,32436
32712,15236,32423
32716,15226,32443
32816,15261,32428
32925,15307,32361
33064,15183,32293
33020,15193,32229
32980,15202,32233
32736,15252,32181
32436,15327,31967
32344,15205,32039
32208,15221,32097
32014,15223,31748
31677,15202,31988
31360,15212,31650
31040,15265,31774
30788,15177,31719
30728,15181,31741
30700,15225,31836
30845,15230,31559
31276,15313,31588
31852,15217,31552
32604,15202,31581
33656,15199,31579
35136,15193,31477
37060,15293,31431
38968,15180,31322
40564,15204,31340
41813,15250,31329
41812,15380,31281
40768,15199,31291
39600,15245,31253
38329,15233,31317
36540,15261,30946
34428,15329,31027
33236,15185,31092
32768,15190,31109
32864,15205,30956
33488,15220,31071
33940,15268,31024
33840,15343,31084
33572,15209,30760
33312,15224,30924
33184,15200,31031
33312,15181,30761
33348,15217,30816
33176,15278,30885
32908,15176,30895
32604,15215,30945
32308,15239,30631
32092,15306,30777
31956,15214,30705
31880,15221,30793
31872,15209,30827
31920,15214,30494
31878,15278,30572
31836,15172,30525
31832,15177,30584
31756,15223,30557
31648,15231,30282
31592,15226,30395
31624,15251,30308
31644,15318,30279
31732,15178,30260
31832,15181,30215
31880,15254,30124
31864,15284,30116
31870,15163,30165
31866,15213,29784
31796,15220,29823
31772,15233,29831
31765,15280,29852
31744,15315,29812
31888,15173,29551
32045,15181,29607
32112,15191,29553
32081,15278,29568
32060,15168,29612
31976,15193,29463
31820,15219,29358
31708,15223,29263
31748,15221,29308
31752,15316,29187
31861,15183,29124
31928,15168,29089
31920,15205,29184
31877,15252,29197
31870,15267,28965
31789,15194,29037
31732,15223,28901
31729,15252,28924
31768,15309,28830
31788,15183,28903
31909,15169,28948
31988,15179,28617
31996,15171,28668
31952,15186,28619
31921,15224,28701
31880,15287,28723
31764,15198,28640
31692,15209,28693
31668,15212,28604
31704,15284,28457
31808,15161,28443
31864,15161,28424
31918,15171,28423
31921,15190,28391
31916,15260,28381
31841,15187,28333
31668,15205,28540
31552,15231,28481
31540,15271,28552
31552,15193,28460
31612,15180,28342
31692,15284,28439
31740,15155,28438
31754,15174,28495
31737,15212,28417
31640,15276,28278
31528,15303,28416
31544,15317,28410
31465,15197,28184
31448,15178,28340
31524,15170,28234
31700,15138,28380
31768,15163,28246
31766,15195,28257
31732,15194,28349
31640,15252,28361
31542,15296,28417
31528,15199,28421
31508,15197,28525
31548,15205,28460
31704,15245,28438
31816,15275,28495
31848,15156,28404
31820,15159,28650
31836,15201,28583
31820,15311,28663
31732,15187,28621
31732,15193,28684
31828,15205,28685
31906,15194,28796
31968,15167,28573
32100,15190,28652
32168,15153,28750
32173,15154,28847
32293,15177,28787
32248,15192,28885
32168,15236,28623
32248,15245,28725
32340,15291,28725
32364,15279,28868
32424,15142,28821
32608,15155,28868
32756,15167,28941
32828,15165,28868
32908,15175,28894
32916,15197,28898
32844,15260,28916
32808,15179,28876
32860,15203,28773
32940,15191,28901
33060,15185,28991
33212,15187,28724
33288,15236,28807
33344,15149,28708
33348,15164,28898
33284,15239,28867
33224,15318,28973
33266,15173,28900
33272,15189,28829
33288,15214,28865
33380,15263,28769
33508,15140,28853
33536,15147,28794
33537,15152,28865
33492,15183,28768
33404,15229,28861
33316,15259,28980
33293,15268,28694
33328,15177,28891
33388,15175,28699
33420,15153,28825
33464,15151,28704
33472,15159,28855
33464,15152,28820
33452,15265,28922
33368,15172,28852
33272,15166,28959
33286,15187,28893
33344,15184,28927
33344,15215,28836
33368,15292,29123
33425,15243,29103
33400,15141,29070
33408,15151,29060
33381,15166,29054
33358,15182,29184
33216,15257,29198
33177,15175,29220
33196,15184,29184
33196,15180,29200
33244,15215,29120
33376,15245,29186
33420,15138,29172
33470,15117,29204
33449,15140,29197
33372,15182,29290
33248,15205,29169
33113,15315,29369
33164,15153,29157
33192,15298,29231
33260,15263,29252
33348,15124,29287
33368,15135,29153
33364,15151,29264
33377,15158,29158
33344,15184,29364
33288,15185,29142
33236,15214,29456
33296,15201,29341
33324,15221,29460
33388,15242,29372
33384,15111,29396
33412,15135,29365
33444,15156,29463
33428,15124,29399
33376,15161,29445
33216,15181,29421
33080,15198,29477
33109,15248,29223
33172,15279,29333
33304,15128,29353
33380,15133,29449
33390,15143,29420
33368,15189,29494
33364,15232,29606
33312,15260,29341
33269,15284,29440
33248,15161,29557
33224,15178,29605
33248,15167,29713
33359,15191,29413
33504,15119,29532
33520,15127,29557
33524,15141,29677
33468,15148,29596
33424,15212,29647
33308,15279,29580
33260,15161,29865
33224,15169,29581
33254,15168,29773
33384,15137,29701
33476,15127,29834
33464,15127,29836
33392,15151,29660
33436,15173,29794
33336,15259,29796
33264,15159,29956
33184,15160,29723
33188,15167,29870
33228,15165,29841
33308,15193,29959
33391,15211,30047
33433,15220,29997
33404,15118,30117
33388,15140,29838
33316,15183,30008
33260,15231,29948
33216,15155,30048
33244,15153,30181
33248,15162,29904
33274,15143,30098
33332,15135,30208
33372,15143,30150
33400,15157,30261
33344,15179,30159
33220,15179,30063
33076,15178,30258
33056,15178,30054
33100,15193,30214
33120,15219,30261
33196,15210,30096
33270,15202,30278
33285,15203,30380
33256,15230,30210
33228,15132,30357
33144,15138,30444
33068,15161,30400
33024,15169,30536
33028,15203,30448
33068,15236,30471
33148,15266,30485
33220,15101,30428
33224,15110,30311
33224,15120,30494
33248,15170,30545
33121,15285,30639
33056,15169,30598
33004,15188,30517
33004,15265,30639
33016,15121,30612
33117,15135,30636
33181,15111,30695
33200,15160,30710
33160,15215,30716
33148,15112,30749
33044,15151,30837
32960,15165,30656
32980,15167,30748
33029,15194,30787
33049,15220,30804
33128,15220,30831
33196,15201,30664
33197,15107,30793
33185,15091,30797
33169,15121,30865
33076,15132,30929
32960,15164,30884
32892,15153,30929
32882,15179,30886
32894,15198,30983
32920,15094,30908
32936,15117,30908
32944,15110,30903
32976,15119,30792
32936,15119,30808
32812,15154,30927
32736,15190,30876
32713,15263,30916
32784,15141,30848
32832,15151,30983
32884,15143,30925
32928,15211,30724
32984,15092,31047
32948,15124,30951
32849,15119,30997
32684,15156,30983
32576,15202,31007
32564,15269,30945
32644,15133,30844
32686,15126,30965
32782,15122,30957
32864,15105,31010
32892,15107,31131
32824,15093,30788
32876,15119,30937
32830,15148,30975
32794,15160,31061
32808,15185,30988
32864,15237,31063
32928,15236,31015
33016,15095,31104
33076,15116,31012
33048,15110,31041
33022,15200,30924
33016,15121,31303
32980,15171,31202
32869,15245,31159
32924,15279,31113
32948,15121,31154
32968,15129,31210
33032,15110,31228
33162,15109,31239
33200,15126,31259
33196,15125,31391
33132,15115,31270
33008,15152,31327
32917,15204,31404
32876,15231,31442
32897,15245,31525
32912,15247,31654
32976,15253,31333
32988,15205,31515
32928,15087,31399
32884,15113,31623
32888,15121,31684
32845,15223,31761
32730,15255,31775
32656,15133,31805
32660,15141,31845
32664,15140,31917
32788,15111,31671
32825,15120,31828
32865,15164,31891
32861,15214,31944
32856,15222,32123
32832,15246,31860
32732,15255,32052
32676,15247,32093
32714,15128,32220
32740,15140,32305
32792,15194,32301
32848,15083,32292
32852,15095,32321
32872,15197,32263
32840,15107,32519
32629,15143,32544
32392,15223,32656
32320,15133,32621
32176,15146,32721
31916,15133,32717
31652,15154,32870
31218,15198,32647
30736,15097,32751
30321,15108,32725
30057,15215,32821
29941,15140,32903
30024,15161,33043
30268,15143,33189
30724,15140,33039
31516,15155,33143
32671,15109,33135
34040,15076,33260
35948,15110,33327
38336,15119,33348
40716,15128,33505
42884,15154,33211
44420,15205,33580
44852,15183,33449
44164,15247,33486
43144,15306,33573
42092,15076,33652
40264,15083,33691
38348,15226,33472
37156,15092,33760
36636,15121,33728
36252,15149,33831
35772,15193,33895
35232,15226,33973
34624,15256,34143
34078,15236,33965
33653,15246,34085
33276,15087,34076
32840,15105,34102
32334,15111,34084
31837,15188,34181
31340,15243,34258
30941,15128,34276
30728,15138,34373
30568,15132,34245
30481,15128,34409
30496,15105,34437
30512,15105,34325
30488,15106,34396
30528,15112,34462
30552,15204,34476
30464,15129,34520
30352,15142,34548
30320,15129,34559
30324,15126,34586
30373,15118,34536
30468,15096,34673
30596,15087,34554
30692,15100,34623
30692,15103,34799
30640,15115,34686
30564,15133,34733
30524,15165,34433
30524,15236,34716
30544,15119,34591
30604,15117,34687
30656,15101,34837
30732,15105,34861
30787,15096,34999
30764,15095,34636
30741,15126,34956
30749,15151,34903
30686,15140,35020
30656,15144,34913
30648,15137,34992
30744,15135,35079
30912,15111,35241
30940,15139,35060
30988,15168,35165
30956,15204,35160
30928,15217,35244
30880,15108,35349
30828,15137,35004
30780,15138,35223
30821,15140,35254
30866,15124,35221
30900,15125,35361
31016,15182,35389
31052,15081,35456
31024,15084,35469
30949,15098,35604
30832,15133,35213
30780,15149,35462
30760,15227,35468
30784,15251,35586
30796,15106,35706
30880,15092,35356
30948,15096,35553
30984,15089,35794
30976,15149,35436
30936,15093,35647
30892,15115,35876
30800,15113,35775
30756,15126,35911
30749,15235,35901
30768,15110,36098
30864,15085,35935
30916,15087,36016
30886,15084,36199
30892,15107,36137
30900,15103,36255
30836,15163,36084
30788,15145,36288
30764,15156,36447
30800,15177,36125
30816,15230,36283
30876,15087,36431
30992,15095,36517
31020,15099,36661
30996,15162,36596
30968,15193,36527
30940,15114,36592
30904,15138,36631
30892,15137,36689
30958,15152,36777
30992,15173,36915
31073,15188,36886
31180,15189,36776
31184,15215,36929
31140,15077,36983
31200,15089,36933
31140,15133,37012
31046,15136,37092
31068,15133,37087
31084,15158,37054
31172,15119,36807
31300,15127,37053
31461,15171,37183
31556,15202,37215
31612,15083,37358
31614,15106,37247
31560,15132,37264
31540,15132,37180
31560,15137,37281
31660,15138,37358
31716,15123,37255
31840,15109,37349
31944,15093,37502
32068,15086,37383
32168,15103,37271
32262,15175,37061
32300,15233,37447
32328,15122,37116
32404,15109,37308
32464,15122,37446
32592,15128,37477
32792,15109,37613
32948,15092,37158
33060,15182,37613
33136,15083,37519
33164,15103,37663
33149,15113,37300
33132,15125,37533
33157,15126,37487
33221,15137,37520
33288,15129,37633
33448,15098,37601
33560,15121,37505
33576,15131,37613
33600,15191,37617
33536,15121,37648
33464,15096,37639
33444,15143,37604
33475,15129,37649
33476,15182,37690
33541,15210,37716
33658,15169,37809
33740,15120,37678
33709,15108,37780
33664,15144,37887
33660,15174,37805
33545,15121,37725
33448,15111,37735
33388,15141,37692
33344,15137,37893
33356,15122,37877
33420,15122,37943
33456,15180,37728
33504,15205,37844
33524,15110,37951
33468,15090,37975
33408,15132,38111
33344,15140,37991
33340,15132,37913
33364,15135,37965
33428,15144,38007
33464,15141,38119
33468,15179,38077
33433,15063,38220
33394,15105,38105
33344,15110,38109
33316,15189,38029
33232,15132,38069
33172,15141,37807
33168,15143,38105
33220,15199,37767
33300,15103,38263
33396,15091,38118
33389,15095,38204
33380,15175,38133
33393,15239,38254
33340,15118,38098
33200,15141,37767
33181,15151,38255
33216,15219,38125
33252,15106,38047
33377,15114,38112
33456,15109,38101
33488,15114,38049
33460,15205,37814
33452,15096,38159
33352,15132,37811
33256,15142,38287
33196,15171,38199
33256,15221,38319
33300,15113,38210
33420,15100,38172
33496,15209,38064
33536,15081,38144
33516,15088,38209
33489,15119,38297
33381,15136,38233
33312,15179,38276
33281,15243,38244
33296,15127,38374
33349,15123,38244
33460,15114,38279
33568,15110,38230
33572,15196,38391
33552,15079,38279
33540,15113,38425
33481,15139,38296
33422,15146,38343
33365,15174,37913
33372,15124,38428
33384,15109,37988
33448,15112,38333
33508,15200,38309
33512,15097,38366
33476,15111,38325
33524,15118,38447
33480,15209,38331
33389,15134,38464
33372,15151,38328
33369,15135,38391
33436,15221,38336
33562,15092,38287
33620,15107,38300
33632,15159,38364
33576,15087,38462
33521,15105,38366
33400,15141,38501
33296,15170,38359
33280,15246,38468
33248,15124,38041
33205,15130,38424
33276,15109,38135
33380,15140,38309
33404,15213,38445
33394,15086,38436
33396,15095,38527
33316,15141,38437
33212,15146,38383
33180,15211,38211
33216,15269,38420
33232,15124,38407
33364,15113,38373
33410,15103,38535
33402,15103,38511
33372,15115,38364
33365,15132,38487
33308,15165,38517
33188,15177,38555
33096,15223,38407
33116,15247,38535
33128,15265,38686
33184,15218,38509
33288,15085,38577
33269,15094,38651
33280,15103,38221
33216,15129,38513
33141,15146,38548
33096,15153,38561
33104,15215,38633
33092,15232,38650
33092,15239,38791
33153,15097,38633
33214,15102,38527
33200,15113,38621
33212,15105,38652
33214,15142,38700
33113,15209,38700
33104,15247,38845
33061,15141,38728
33057,15137,38828
33072,15128,38733
33132,15175,38755
33204,15210,38613
33240,15095,38672
33248,15097,38748
33248,15116,38758
33140,15127,38740
33044,15135,38751
33004,15129,38773
33004,15138,38631
33066,15113,38696
33132,15100,38800
33204,15091,38743
33248,15117,38868
33176,15122,38356
33136,15157,38728
33052,15237,38360
32920,15143,38585
32908,15155,38541
32900,15158,38671
32896,15145,38839
32956,15131,38639
32953,15121,38717
32920,15121,38743
32904,15123,38625
32868,15131,38685
32766,15157,38535
32704,15166,38778
32704,15163,38596
32696,15162,38653
32720,15146,38764
32804,15146,38641
32892,15206,38750
32921,15109,38628
32900,15107,38719
32884,15131,38598
32856,15163,38687
32912,15171,38564
32937,15161,38556
32960,15169,38436
32952,15236,38469
33009,15103,38469
33010,15108,38469
33016,15130,38407
33012,15151,38592
33056,15182,38448
32991,15268,38372
32938,15168,38513
32944,15163,38416
32952,15215,38525
33005,15148,38369
33120,15136,38388
33172,15120,38288
33144,15180,38212
33112,15245,38140
33104,15129,38205
32988,15148,38247
32884,15168,38367
32860,15175,38210
32840,15203,38276
32832,15285,38143
32860,15132,38095
32952,15140,38103
33044,15138,38077
33088,15241,38039
33016,15132,38015
32877,15183,38183
32860,15194,38044
32809,15261,37961
32796,15156,37933
32840,15161,38084
32920,15152,37973
33021,15169,38075
33056,15253,37924
33044,15121,37925
32992,15169,37853
32888,15178,37871
32813,15281,37752
32807,15315,37629
32796,15157,37639
32804,15161,37685
32920,15156,37668
32992,15146,37605
33000,15256,37748
32936,15127,37629
32840,15161,37710
32645,15183,37571
32444,15212,37615
32276,15261,37521
32040,15263,37607
31800,15276,37452
31584,15142,37503
31156,15152,37399
30684,15166,37396
30329,15165,36991
30264,15177,37191
30276,15201,37211
30398,15212,37253
30784,15203,37164
31276,15212,37127
32212,15241,37088
33368,15302,37039
34900,15156,37045
36956,15176,37047
39232,15185,37012
41550,15257,37024
43564,15372,36996
44616,15173,36956
44452,15223,37028
43692,15237,36889
42788,15256,36915
41461,15165,36823
39608,15199,36861
38024,15204,36788
36992,15300,36750
36512,15165,36660
36152,15232,36639
35553,15239,36687
34932,15328,36615
34429,15212,36558
33901,15220,36593
33548,15205,36718
33264,15196,36423
32852,15201,36432
32356,15237,36420
31882,15293,36425
31408,15247,36392
31056,15221,36408
30864,15247,36500
30732,15231,36161
30660,15223,36300
30656,15211,36369
30672,15200,36272
30672,15209,36359
30708,15249,36208
30712,15322,36268
30620,15220,36153
30536,15245,36212
30532,15249,36092
30584,15239,36127
30632,15248,36042
30761,15276,36103
30828,15196,35983
30840,15202,35940
30846,15214,35908
30830,15240,35847
30768,15349,35741
30713,15241,35764
30733,15236,35753
30784,15257,35760
30810,15248,35700
30900,15238,35831
31025,15237,35710
31032,15293,35685
30988,15334,35673
30982,15213,35696
30944,15239,35553
30880,15241,35665
30873,15244,35636
30909,15240,35601
30982,15245,35308
31068,15254,35515
31135,15284,35631
31176,15296,35554
31180,15316,35425
31128,15362,35533
31025,15359,35485
30904,15366,35429
30916,15377,35567
30944,15392,35348
30980,15357,35449
31052,15322,35293
31169,15325,35436
31168,15325,35079
31220,15341,35325
31236,15374,35465
31116,15374,35228
30964,15400,35314
30992,15268,35428
31085,15263,35218
31076,15255,35308
31172,15239,35261
31224,15243,35241
31181,15246,35252
31180,15242,35355
31137,15267,35207
31112,15357,35193
31056,15396,35295
30996,15373,35207
31064,15373,35309
31084,15397,35294
31168,15246,35237
31262,15240,35335
31246,15237,35457
31242,15253,35361
31232,15340,35492
31124,15395,35301
31005,15284,35376
30932,15302,35503
30920,15297,35447
30984,15371,35492
31096,15244,35429
31184,15268,35428
31232,15261,35496
31240,15301,35616
31192,15348,35199
31113,15388,35471
31072,15298,35581
31097,15289,35530
31072,15300,35488
31074,15292,35623
31152,15278,35345
31220,15256,35556
31220,15277,35637
31276,15284,35548
31328,15291,35588
31320,15306,35425
31264,15326,35527
31356,15319,35648
31456,15347,35287
31512,15401,35375
31580,15392,35405
31664,15269,35456
31708,15282,35484
31701,15317,35463
31716,15319,35329
31648,15392,35391
31649,15323,35296
31718,15308,35325
31866,15331,35396
31940,15321,35374
32105,15301,35313
32285,15311,35367
32356,15330,35364
32420,15338,35258
32496,15375,35325
32488,15330,35405
32524,15333,35159
32612,15354,35273
32736,15343,35275
32829,15347,35292
32961,15310,35159
33104,15327,35352
33125,15396,35301
33160,15428,35351
33232,15321,34983
33229,15349,35236
33184,15371,35363
33152,15364,34983
33212,15411,35207
33308,15394,35416
33496,15391,35208
33652,15397,35291
33620,15415,35209
33622,15455,35390
33584,15465,35236
33560,15375,35322
33497,15366,35421
33480,15396,35031
33472,15396,35239
33452,15420,35382
33508,15485,35349
33572,15344,35259
33588,15357,35248
33575,15368,35330
33528,15391,35311
33424,15415,35235
33328,15432,35293
33312,15428,35243
33332,15461,35322
33344,15466,35429
33412,15477,35239
33500,15516,35300
33514,15412,35271
33508,15419,35330
33472,15451,35390
33360,15472,35353
33272,15493,35221
33242,15497,35263
33248,15545,35252
33204,15584,35334
33292,15474,35384
33361,15474,35479
33384,15493,35375
33352,15497,35382
33364,15517,35547
33248,15511,35382
33152,15646,35129
33130,15517,35297
33124,15553,35343
33172,15534,35409
33316,15553,35545
33380,15607,35172
33415,15640,35407
33384,15525,35515
33324,15543,35175
33236,15587,35369
33165,15585,35492
33104,15591,35506
33189,15585,35518
33256,15674,35215
33376,15559,35463
33508,15561,35460
33560,15660,35399
33536,15700,35460
33456,15564,35565
33342,15593,35693
33280,15610,35385
33312,15624,35495
33284,15619,35637
33294,15615,35295
33361,15623,35471
33436,15648,35695
33444,15731,35641
33465,15591,35736
33448,15670,35648
33315,15765,35773
33240,15623,35652
33228,15631,35543
33260,15636,35612
33298,15737,35686
33472,15612,35413
33548,15613,35876
33538,15712,35730
33513,15614,35719
33502,15630,35783
33456,15655,35898
33360,15700,35830
33310,15718,35757
33292,15737,35796
33292,15736,35892
33372,15615,35975
33448,15625,35820
33484,15632,35927
33476,15635,36000
33414,15672,35974
33330,15772,36091
33306,15656,35887
33285,15659,35969
33308,15659,36095
33316,15649,36052
33396,15649,36038
33456,15672,35781
33472,15746,36233
33476,15631,35868
33428,15669,36125
33340,15671,36086
33264,15713,36156
33244,15773,36341
33224,15660,36257
33248,15658,36393
33296,15657,35975
33340,15654,36172
33375,15654,36247
33396,15704,36297
33344,15659,36323
33252,15687,36356
33160,15693,36414
33152,15751,36429
33172,15673,36359
33231,15679,36353
33332,15775,36373
33396,15633,36437
33372,15649,36540
33348,15657,36519
33332,15687,36655
33248,15705,36437
33156,15731,36556
33140,15774,36698
33105,15796,36430
33152,15802,36593
33296,15781,36711
33400,15652,36663
33392,15646,36783
33380,15675,36354
33332,15684,36753
33254,15743,36358
33176,15803,36829
33205,15688,36706
33238,15687,36855
33268,15695,36772
33289,15677,36835
33289,15660,36572
33249,15678,36732
33224,15693,36844
33164,15796,36836
33062,15693,36973
32996,15717,36575
33012,15716,36742
33028,15795,36791
33093,15679,36860
33189,15669,37041
33202,15683,36921
33209,15674,36792
33208,15716,36935
33148,15747,36953
33080,15821,36992
33014,15703,36919
32988,15694,36918
32968,15687,37065
32968,15689,36853
33056,15655,36998
33112,15668,37107
33065,15685,37069
33052,15693,37165
33007,15745,36807
32924,15784,37052
32836,15851,37219
32796,15696,37092
32840,15711,37047
32840,15692,37135
32868,15678,36871
32912,15657,37141
32878,15668,37133
32864,15682,37081
32864,15702,37176
32733,15702,37063
32664,15713,37255
32645,15731,37199
32632,15732,37175
32660,15711,37132
32840,15717,37177
32912,15724,37328
32932,15788,37223
32929,15831,37108
32924,15818,37236
32884,15711,37245
32857,15708,37333
32880,15714,37012
32968,15713,37277
32997,15710,37264
33012,15697,37204
33076,15698,37280
33130,15699,37233
33132,15703,37383
33129,15715,37283
33084,15711,36951
33024,15721,37185
33000,15729,37405
32928,15835,37240
32900,15855,37255
33049,15689,37240
33182,15701,37196
33185,15789,36999
33242,15703,37343
33224,15726,37018
33084,15824,37269
32984,15712,37160
32908,15745,37196
32864,15737,37266
32865,15743,37320
32918,15749,37457
32932,15769,37030
32928,15818,37201
32928,15696,37335
32865,15718,37348
32792,15717,37271
32745,15733,37327
32740,15724,37348
32768,15732,37269
32840,15731,37265
32984,15719,37341
33052,15716,37417
33077,15738,37312
33060,15782,37196
32972,15834,37404
32888,15829,37167
32824,15860,37316
32832,15882,37461
32872,15727,37252
32900,15719,37334
32960,15719,37375
32948,15719,37253
32917,15714,37305
32933,15729,37436
32840,15818,37015
32652,15724,37239
32512,15756,37295
32350,15748,37262
32116,15770,37346
31860,15791,37295
31576,15808,37274
31184,15711,37085
30812,15725,37403
30592,15746,37265
30533,15844,37319
30572,15746,37247
30744,15751,37345
31104,15768,37152
31736,15759,37225
32704,15766,37189
33853,15828,37151
35454,15706,37183
37480,15725,37276
39552,15741,37012
41648,15753,37079
43420,15787,37127
44048,15821,37162
43704,15838,37319
43008,15855,36951
42052,15706,37045
40448,15751,36916
38716,15756,37031
37424,15846,36844
36636,15860,37153
36308,15862,37300
35988,15753,36881
35365,15778,37052
34756,15775,37140
34296,15774,37193
33788,15799,37293
33468,15822,36898
33192,15837,37151
32850,15734,37143
32429,15748,37193
32009,15834,37297
31588,15767,37181
31264,15783,37194
31084,15780,37044
30980,15855,37045
30881,15749,37089
30892,15746,37111
30897,15745,37184
30876,15778,37029
30848,15854,36956
30812,15750,36964
30752,15784,36974
30733,15800,36943
30728,15884,36984
30712,15781,36905
30752,15765,36831
30848,15802,36823
30901,15741,36807
30960,15740,36844
30974,15745,36771
30969,15838,36753
30912,15765,36495
30857,15791,36863
30914,15840,36789
30944,15772,36781
30992,15775,36695
31056,15751,36697
31156,15751,36734
31130,15756,36707
31104,15773,36605
31112,15870,36677
31040,15878,36686
30956,15786,36701
30932,15782,36720
30984,15791,36721
31064,15774,36683
31145,15751,36735
31222,15749,36372
31204,15744,36597
31176,15743,36746
31156,15779,36685
31072,15795,36644
31012,15801,36596
31016,15788,36661
31056,15780,36517
31136,15767,36567
31220,15769,36604
31264,15753,36599
31233,15802,36625
31232,15881,36692
31240,15761,36304
31140,15789,36532
31068,15782,36613
31076,15792,36596
31080,15781,36460
31098,15772,36706
31212,15752,36316
31292,15749,36453
31304,15771,36505
31296,15760,36452
31228,15797,36509
31100,15859,36483
31024,15911,36501
31036,15798,36485
31109,15814,36583
31156,15776,36585
31261,15767,36554
31264,15836,36520
31277,15753,36753
31264,15783,36624
31240,15876,36711
31136,15799,36585
31068,15812,36563
31054,15890,36639
31132,15796,36652
31176,15794,36781
31236,15783,36385
31328,15868,36809
31344,15782,36711
31340,15790,36841
31264,15871,36723
31205,15795,36831
31180,15821,36724
31172,15819,36815
31220,15869,36404
31280,15789,36824
31381,15778,36422
31477,15780,36833
31476,15837,36401
31480,15764,36701
31456,15787,36460
31420,15815,36624
31377,15814,36668
31409,15819,36676
31480,15903,36735
31560,15791,36572
31652,15780,36633
31777,15780,36647
31805,15789,36682
31809,15860,36612
31844,15908,36635
31824,15793,36564
31792,15822,36521
31884,15813,36497
31976,15888,36339
32068,15788,36651
32196,15790,36532
32309,15797,36607
32384,15886,36476
32444,15766,36452
32498,15786,36495
32456,15831,36413
32452,15834,36359
32556,15917,36150
32634,15798,36583
32701,15812,36462
32856,15792,36474
32984,15811,36418
33044,15842,36407
33050,15887,36384
33036,15939,36385
33016,15823,36351
33021,15837,36088
33024,15825,36282
33092,15837,36325
33224,15895,36435
33344,15783,36404
33412,15788,36311
33456,15791,36373
33464,15830,36411
33452,15885,36452
33318,15936,36372
33260,15813,36380
33272,15807,36348
33296,15830,36326
33356,15818,36341
33452,15825,36095
33504,15905,36496
33536,15772,36381
33540,15797,36073
33504,15800,36367
33332,15835,36518
33220,15852,36399
33214,15871,36420
33192,15933,36373
33240,15809,36127
33288,15807,36508
33348,15896,36373
33348,15779,36335
33338,15780,36359
33300,15813,36077
33220,15839,36414
33168,15927,36375
33088,15818,36415
33093,15829,36331
33112,15839,36095
33176,15922,36480
33252,15775,36373
33272,15789,36488
33256,15807,36340
33253,15822,36328
33220,15830,36252
33176,15932,36188
33168,15820,36231
33176,15823,36294
33177,15820,36297
33300,15878,36252
33352,15775,36180
33328,15811,36164
33340,15863,35999
33320,15807,36336
33260,15843,36204
33164,15956,36084
33168,15833,36164
33184,15834,35844
33220,15881,36268
33264,15781,36143
33297,15795,36100
33328,15821,35993
33336,15778,36101
33293,15819,36041
33218,15852,36004
33189,15932,36071
33168,15827,36040
33164,15827,36086
33252,15832,36040
33320,15943,35920
33364,15796,35981
33376,15807,35986
33424,15807,36092
33396,15863,36044
33312,15831,35997
33253,15849,35965
33241,15869,35900
33321,15969,35996
33368,15827,35718
33417,15851,36000
33504,15938,35996
33468,15808,36008
33396,15809,35984
33392,15834,35994
33308,15934,35989
33236,15828,35997
33212,15845,35947
33232,15879,35864
33268,15959,35911
33313,15807,35764
33360,15808,35841
33396,15814,35908
33408,15871,35951
33376,15820,36028
33322,15844,35985
33230,15848,36071
33172,15866,35940
33165,15922,36005
33180,15810,35941
33300,15807,36004
33400,15817,35624
33422,15807,35939
33449,15846,35639
33392,15941,35973
33248,15828,35823
33144,15843,35870
33145,15851,35862
33148,15861,35828
33172,15902,35853
33232,15924,35881
33272,15798,35913
33280,15788,35949
33288,15814,36006
33206,15828,35904
33092,15956,35636
33084,15855,36015
33088,15856,35924
33104,15927,35847
33112,15823,35801
33157,15818,35663
33252,15861,35941
33237,15804,35796
33205,15814,35708
33189,15826,36039
33092,15952,35941
33024,15828,35857
33044,15854,35828
33044,15848,35631
33084,15892,36049
33180,15801,35911
33245,15794,35937
33228,15815,35914
33196,15821,35959
33157,15844,35916
33060,15949,35906
33012,15831,35920
33013,15836,35988
33028,15847,35929
33072,15833,36042
33204,15856,35943
33220,15799,36017
33208,15801,35951
33221,15817,35984
33204,15832,35620
33060,15854,35949
32968,15913,35663
32956,15869,36058
32912,15848,35948
32973,15833,36068
33104,15839,35940
33194,15886,36044
33204,15938,35953
33176,15809,35889
33136,15835,35854
33045,15880,35785
32968,15919,35784
32904,15837,35846
32925,15844,35879
32968,15893,35607
33032,15924,36017
33064,15801,35591
33056,15813,36022
33008,15875,35888
32940,15921,35876
32829,15975,35820
32758,15833,35893
32724,15865,35847
32734,15858,35800
32740,15861,35892
32812,15942,35948
32880,15791,35879
32872,15805,35860
32844,15816,35773
32772,15835,35708
32728,15879,35770
32708,15967,35788
32728,15846,35908
32776,15847,35820
32814,15835,35693
32920,15819,35740
33092,15921,35695
33172,15814,35703
33184,15827,35638
33164,15871,35684
33048,15945,35719
32981,15966,35748
32962,15837,35768
32964,15856,35847
33068,15841,35748
33156,15829,35796
33277,15844,35716
33324,15863,35601
33356,15872,35671
33340,15930,35703
33242,15962,35742
33144,15845,35716
33116,15845,35797
33140,15857,35735
33208,15833,35788
33312,15872,35727
33356,15940,35823
33292,15796,35719
33236,15824,35775
33173,15858,35732
33096,15951,35780
33054,15839,35564
32993,15837,35652
32940,15853,35687
33017,15884,35676
33148,15802,35669
33184,15803,35712
33216,15819,35879
33164,15819,35573
33076,15842,35783
32985,15871,35776
32940,15913,35869
32888,15946,35814
32780,15841,35889
32800,15838,35587
32918,15841,35760
32991,15913,35836
33040,15793,35812
33104,15826,35764
33100,15865,35847
33033,15963,35951
32984,15839,36031
32905,15857,36039
32908,15852,36111
32912,15861,36245
32885,15867,35991
32700,15884,36103
32524,15799,36143
32316,15800,36197
32053,15825,36309
31784,15857,36309
31436,15853,36455
31007,15890,36369
30584,15845,36418
30340,15836,36113
30380,15835,36561
30568,15825,36240
30776,15817,36662
31060,15827,36600
31577,15916,36765
32352,15963,36665
33301,15845,36722
34672,15858,36672
36528,15868,36770
38624,15840,36927
40808,15870,36853
42840,15973,36860
43681,15831,36764
43480,15844,36845
42840,15851,36913
41888,15896,36925
40312,15926,36980
38352,15965,37079
36860,15988,37044
35996,15816,37084
35696,15836,36895
35560,15818,37063
35136,15830,37223
34548,15828,37063
34050,15847,37067
33486,15901,37230
33080,15839,37190
32788,15854,37289
32480,15849,37230
32101,15895,37356
31840,15946,37252
31604,15828,37247
31344,15839,37221
31184,15919,37209
31076,15828,37252
30949,15866,37207
30829,15931,37314
30765,15850,37281
30720,15851,37383
30724,15851,36936
30898,15895,37137
31041,15804,36956
31087,15822,37263
31140,15821,36932
31064,15874,37366
30928,15956,37237
30820,15844,37356
30810,15855,37224
30820,15854,37255
30848,15855,37036
30952,15899,37148
31005,15806,37287
30992,15798,37183
31001,15813,37141
31005,15841,37079
30940,15861,37090
30912,15858,37120
30924,15883,37180
30956,15896,37271
31040,15929,37204
31180,15812,37244
31252,15823,37157
31289,15890,37214
31284,15810,37231
31205,15830,37312
31104,15854,37204
31076,15894,37306
31130,15945,37302
31160,15836,37428
31248,15837,37300
31370,15920,37311
31412,15799,37285
31424,15811,37288
31437,15844,37327
31420,15871,37306
31385,15934,37191
31304,15843,37196
31249,15852,37080
31174,15841,37249
31212,15906,37279
31301,15787,37373
31316,15817,37266
31308,15826,37196
31257,15917,37167
31156,15822,37180
31078,15845,37197
31100,15861,37287
31188,15932,37206
31258,15823,37297
31328,15812,37123
31456,15802,37145
31476,15806,37260
31406,15811,37149
31384,15818,37176
31312,15909,36909
31215,15945,36965
31156,15832,37017
31184,15831,37077
31244,15845,37191
31316,15828,36941
31432,15808,36924
31484,15818,36971
31488,15832,37037
31412,15905,37101
31260,15924,37033
31072,15834,36887
31034,15837,36945
31072,15845,36868
31157,15859,36933
31296,15898,36959
31476,15892,37083
31540,15904,36683
31520,15879,36868
31500,15790,37074
31524,15810,36936
31492,15834,36797
31426,15851,36904
31414,15830,36901
31408,15828,36799
31416,15812,36927
31453,15820,36845
31461,15886,36942
31385,15785,36500
31372,15913,36788
31350,15813,36798
31292,15824,36673
31236,15819,36725
31296,15953,36646
31376,15811,36655
31445,15818,36615
31580,15792,36673
31700,15797,36609
31724,15824,36606
31780,15877,36479
31812,15809,36471
31780,15813,36524
31852,15833,36492
31924,15832,36582
31968,15833,36125
31989,15819,36276
32078,15802,36317
32168,15801,36288
32280,15804,36292
32388,15861,36285
32456,15925,36198
32472,15817,36131
32452,15817,36189
32444,15826,36221
32568,15833,36316
32700,15813,36149
32880,15807,36199
32976,15807,35809
33028,15857,36183
33029,15774,35779
32940,15810,36056
32920,15826,35877
32976,15866,35888
32980,15887,36030
33047,15928,35996
33188,15800,36018
33316,15775,35673
33324,15788,35799
33328,15796,35830
33294,15829,35750
33180,15899,35780
32972,15812,35836
32916,15821,35924
32972,15820,35810
33036,15868,35842
33152,15896,35772
33308,15764,35812
33376,15783,35657
33260,15840,35604
33121,15763,35564
33040,15802,35463
32944,15822,35557
32860,15842,35554
32901,15858,35559
32900,15916,35611
33004,15902,35295
33150,15889,35412
33236,15772,35496
33268,15766,35452
33312,15772,35452
33216,15814,35148
33045,15817,35277
32900,15833,35269
32878,15883,35281
32860,15938,35283
32812,15775,35228
32913,15792,35236
33016,15776,35144
33057,15802,35198
33152,15817,35047
33148,15869,34953
33016,15923,34882
32932,15799,34906
32952,15801,34993
33080,15786,34676
33224,15782,34703
33380,15776,34801
33436,15773,34748
33412,15757,34596
33405,15772,34625
33308,15799,34685
33172,15814,34759
33088,15839,34620
33012,15917,34665
32929,15799,34316
33004,15796,34512
33172,15773,34567
33264,15790,34551
33252,15847,34639
33340,15769,34494
33380,15785,34381
33348,15813,34395
33276,15808,34439
33248,15872,34362
33232,15931,34415
33292,15781,34415
33456,15774,34382
33494,15780,34238
33596,15780,34083
33632,15783,34308
33580,15842,34308
33393,15860,34311
33204,15846,34228
33092,15860,34213
33061,15871,34268
33156,15893,34351
33320,15743,34021
33448,15751,34068
33452,15764,34092
33400,15767,34140
33302,15796,34160
33161,15804,34125
33072,15807,34169
33036,15868,34085
33048,15876,34007
33100,15759,34000
33216,15771,34039
33293,15773,33841
33288,15769,33837
33284,15757,33892
33308,15784,33931
33217,15799,33812
33140,15800,33927
33056,15799,33767
33040,15801,33831
33088,15780,33852
33160,15773,33685
33194,15747,33700
33277,15818,33649
33325,15849,33687
33256,15758,33580
33164,15789,33623
33088,15801,33401
33068,15879,33714
33040,15789,33586
33084,15774,33404
33220,15772,33588
33300,15844,33515
33256,15733,33389
33216,15750,33389
33140,15780,33326
33068,15791,33350
32972,15804,33260
32960,15845,33182
33008,15911,33108
33128,15739,33353
