ECG,EDA,RR
32436,22128,28511
32301,22102,28474
32173,22076,28622
32212,22084,28554
32340,22094,28627
32468,22117,28524
32501,22148,28679
32484,22174,28652
32408,22169,28701
32357,22151,28676
32384,22124,28713
32340,22096,28711
32308,22079,28740
32384,22078,28739
32484,22107,28733
32540,22133,28764
32420,22167,28764
32312,22181,28796
32260,22178,28824
32233,22153,28807
32196,22132,28860
32096,22101,28710
32072,22084,28791
32124,22088,28749
32324,22117,28900
32464,22134,28909
32520,22165,28977
32473,22181,28894
32480,22180,28847
32416,22164,29047
32348,22143,29071
32364,22113,28956
32432,22097,29078
32560,22097,28980
32673,22117,29149
32748,22156,29185
32704,22181,29047
32712,22189,29220
32784,22195,29248
32753,22175,29288
32721,22136,29332
32656,22126,29179
32544,22107,29359
32628,22088,29344
32684,22109,29297
32789,22132,29420
32737,22169,29300
32712,22188,29429
32681,22181,29460
32628,22169,29551
32616,22143,29489
32640,22110,29455
32616,22095,29633
32596,22103,29514
32573,22118,29701
32652,22151,29720
32724,22180,29776
32864,22199,29620
32824,22199,29753
32744,22173,29831
32684,22142,29789
32621,22118,29783
32548,22098,29807
32512,22109,29924
32532,22125,29989
32581,22145,29884
32621,22178,30005
32712,22187,29945
32724,22185,30083
32688,22169,30023
32680,22148,30275
32653,22124,30233
32664,22121,30124
32648,22099,30255
32708,22117,30196
32820,22141,30321
32920,22175,30279
33020,22196,30356
33048,22190,30337
32956,22171,30509
32796,22146,30403
32600,22113,30495
32430,22109,30468
32440,22111,30599
32620,22126,30509
32772,22151,30636
32897,22191,30588
32856,22210,30683
32744,22206,30661
32744,22169,30788
32800,22144,30727
32820,22120,30923
32857,22097,30772
32748,22105,30871
32660,22133,30844
32608,22164,30948
32584,22177,30893
32696,22194,31102
32749,22192,30949
32789,22191,31096
32729,22153,31017
32608,22127,31119
32512,22108,31119
32576,22111,31116
32632,22125,31314
32784,22155,31401
32760,22195,31386
32676,22205,31382
32520,22207,31445
32432,22175,31509
32436,22149,31353
32444,22141,31537
32433,22100,31601
32440,22108,31406
32432,22128,31607
32420,22153,31661
32444,22179,31681
32464,22208,31751
32456,22201,31743
32440,22187,31836
32452,22162,31609
32516,22124,31729
32521,22105,31766
32468,22115,31892
32413,22147,31872
32432,22150,31956
32500,22185,32044
32632,22206,32012
32620,22208,32117
32544,22177,32071
32448,22154,32165
32280,22127,31936
32202,22109,32070
32278,22125,32004
32348,22132,32140
32423,22161,32132
32472,22188,32212
32488,22212,32205
32486,22208,32340
32468,22191,32351
32492,22166,32431
32500,22122,32495
32496,22105,32327
32528,22117,32412
32600,22131,32448
32628,22164,32599
32736,22200,32680
32868,22212,32480
32892,22208,32711
32720,22185,32620
32524,22156,32711
32386,22136,32775
32320,22116,32804
32388,22119,32760
32601,22138,32813
32784,22162,32749
32916,22198,32940
32989,22211,32916
32964,22210,32974
32908,22177,32987
32824,22149,33108
32700,22125,33174
32517,22113,33260
32538,22117,33324
32645,22145,33349
32692,22165,33433
32672,22189,33437
32610,22214,33485
32520,22208,33447
32424,22188,33605
32364,22162,33655
32324,22137,33476
32288,22116,33716
32332,22116,33625
32314,22131,33782
32257,22155,33744
32296,22192,33964
32388,22207,34103
32401,22205,34116
32406,22188,34213
32372,22152,34246
32381,22121,34300
32404,22111,34375
32480,22116,34514
32548,22133,34396
32530,22151,34327
32440,22185,34557
32408,22207,34593
32449,22205,34757
32436,22185,34896
32412,22161,34900
32332,22128,35060
32296,22104,35036
32401,22109,35149
32536,22135,35162
32652,22159,35300
32684,22192,35305
32812,22204,35416
32836,22201,35424
32713,22188,35556
32526,22150,35549
32344,22127,35580
32313,22111,35463
32448,22113,35625
32789,22136,35719
33146,22164,35832
33520,22203,35941
33888,22196,35943
34052,22195,35805
34076,22177,36103
34124,22157,36172
34264,22133,36280
34404,22099,36212
34560,22103,36221
34696,22129,36308
34862,22148,36504
35072,22183,36532
35188,22205,36519
35208,22203,36537
34988,22191,36615
34793,22169,36660
34556,22131,36562
34472,22116,36860
34204,22132,37015
32992,22149,37012
31959,22179,37049
31872,22214,37247
31360,22223,37165
30476,22214,36991
30136,22199,37424
30408,22162,37379
30808,22133,37378
31057,22114,37474
31298,22121,37351
31566,22137,37761
31873,22165,37692
32132,22175,37721
32292,22204,37814
32256,22204,37655
32200,22177,38047
32188,22156,37967
32212,22123,38009
32285,22113,38103
32288,22108,38172
32304,22124,38252
32293,22153,38368
32384,22185,38548
32532,22208,38501
32580,22189,38545
32573,22181,38620
32519,22146,38788
32444,22116,38657
32308,22110,38791
32240,22109,38932
32292,22116,38620
32472,22151,38978
32604,22183,39059
32636,22192,39199
32560,22193,39167
32512,22173,39204
32444,22148,39321
32312,22104,39172
32332,22089,39431
32341,22092,39655
32444,22118,39599
32644,22150,39780
32752,22183,39733
32828,22207,39911
32766,22183,39855
32704,22166,39854
32688,22141,39855
32640,22103,40033
32588,22091,40030
32660,22111,40032
32752,22117,40101
32888,22143,40125
32982,22169,39904
33036,22192,40398
33038,22180,40308
32956,22164,40268
32877,22133,40108
32777,22107,40378
32672,22094,40369
32633,22097,40420
32656,22123,40433
32776,22140,40501
32894,22174,40176
32996,22181,40660
33028,22175,40381
32976,22157,40497
32820,22138,40532
32673,22087,40612
32590,22083,40357
32612,22092,40592
32804,22119,40628
32990,22133,40788
33144,22173,40743
33184,22181,40908
33214,22181,40749
33172,22151,40703
33065,22133,40896
32972,22103,40828
32952,22092,40928
32976,22097,40879
33068,22101,41013
33220,22134,40910
33336,22161,41047
33380,22173,40869
33260,22164,40949
33100,22139,41091
33004,22121,40604
32976,22100,41095
32949,22081,40753
32961,22087,40948
33040,22117,40892
33097,22131,41063
33176,22165,40967
33266,22175,41231
33272,22171,40741
33208,22151,41004
33112,22131,41036
32952,22096,41111
32840,22084,41237
32800,22079,41151
32808,22107,41260
32832,22133,41148
32748,22162,41212
32652,22177,41025
32516,22172,41044
32396,22148,41206
32256,22124,41190
32213,22098,41219
32220,22076,41213
32278,22084,40839
32352,22103,41174
32464,22135,41351
32592,22153,41141
32604,22181,41104
32544,22172,40861
32520,22143,41206
32397,22116,40948
32324,22086,41220
32305,22065,41143
32388,22079,41153
32480,22103,41165
32548,22124,41214
32472,22161,41340
32500,22173,41223
32533,22172,41343
32480,22144,41161
32477,22117,41108
32532,22090,41208
32500,22084,41133
32436,22089,41165
32512,22092,41119
32700,22117,41045
32872,22158,41116
32896,22167,41247
32854,22157,41218
32724,22150,41216
32624,22125,41202
32584,22094,41160
32656,22073,41223
32720,22079,41303
32796,22114,41207
32940,22120,41264
33016,22151,41191
33044,22183,41136
33040,22165,41109
32936,22144,41073
32805,22127,41153
32740,22091,40951
32660,22065,41256
32601,22073,40903
32712,22100,41151
32792,22127,41231
32844,22159,41319
32872,22186,41194
32836,22158,41164
32804,22136,41285
32741,22121,41252
32704,22078,41351
32648,22070,41212
32596,22077,41153
32596,22095,41217
32676,22125,41134
32773,22157,41141
32880,22162,41132
32976,22155,41126
33008,22137,41201
32928,22121,41151
32684,22093,41172
32452,22062,41160
32392,22071,41157
32508,22098,41143
32692,22128,41289
32904,22150,40887
32928,22161,41298
32856,22156,40877
32769,22148,41309
32705,22115,41223
32688,22081,41388
32664,22060,41199
32732,22066,41247
32892,22094,40869
32916,22127,41137
32885,22151,41131
32948,22163,41074
32953,22162,40838
32913,22140,41205
32892,22100,40781
32834,22079,41292
32752,22072,41145
32688,22061,41049
32601,22092,41037
32701,22116,40836
32884,22148,41220
32992,22159,41072
32996,22159,41068
32989,22135,41037
32904,22113,41044
32828,22071,40948
32768,22061,40700
32784,22075,41095
32792,22099,40967
32832,22110,40896
32876,22150,40876
32924,22168,40933
32952,22142,40853
32956,22135,40827
32894,22111,40495
32796,22071,40948
32701,22063,40692
32640,22079,40814
32693,22083,40813
32792,22112,40653
32848,22149,40409
32864,22164,40669
32821,22150,40588
32745,22124,40597
32660,22107,40669
32570,22083,40785
32584,22057,40621
32549,22062,40711
32496,22092,40588
32500,22116,40708
32552,22151,40553
32650,22155,40590
32720,22145,40487
32798,22130,40469
32764,22111,40349
32678,22065,40244
32600,22055,40444
32616,22066,40149
32594,22088,40377
32652,22110,40342
32656,22145,40284
32644,22167,40160
32605,22142,39951
32552,22129,40364
32573,22107,40208
32545,22076,40252
32489,22049,40089
32548,22056,40029
32544,22089,40129
32602,22111,40052
32712,22148,40149
32830,22175,39996
32772,22139,39964
32712,22125,39895
32601,22101,39855
32584,22063,39809
32564,22052,39782
32565,22058,39771
32560,22084,39740
32628,22119,39720
32828,22150,39849
33013,22148,39344
33048,22135,39717
32960,22125,39620
32832,22103,39624
32757,22074,39423
32616,22052,39188
32592,22071,39584
32628,22083,39431
32720,22109,39407
32840,22139,39303
32868,22145,39269
32864,22146,39244
32897,22127,39197
32805,22109,39055
32793,22060,39125
32873,22046,39156
32900,22057,38955
32944,22091,38980
33096,22118,39037
33253,22140,38885
33388,22152,38772
33276,22148,38839
33077,22125,38765
32896,22101,38767
32750,22083,38589
32600,22047,38556
32622,22059,38582
32727,22085,38493
32876,22113,38516
32909,22154,38420
32837,22144,38477
32732,22147,38328
32580,22121,38364
32580,22100,38192
32576,22068,38032
32608,22060,37894
32672,22053,38071
32656,22076,37834
32632,22106,37919
32732,22143,37660
32818,22154,37778
32776,22149,37708
32600,22129,37745
32500,22100,37649
32428,22069,37545
32336,22060,37567
32312,22049,37588
32304,22079,37452
32388,22109,37423
32612,22137,37324
32728,22151,37317
32796,22135,37189
32869,22108,37216
32932,22096,37041
32924,22071,36897
32892,22038,36772
32888,22055,36716
32980,22092,36647
33084,22110,36554
33180,22137,36533
33192,22149,36452
33108,22148,36252
33132,22119,36085
33226,22095,36111
33300,22063,36104
33388,22052,35999
33644,22055,35964
33872,22076,35793
33984,22105,35672
34176,22147,35563
34536,22134,35481
34892,22135,35353
35040,22121,35223
35164,22101,35111
35068,22085,34956
34996,22044,34857
35076,22059,34652
35296,22092,34604
35392,22129,34408
35236,22137,34310
35056,22167,34045
34681,22160,34182
34396,22130,34023
33928,22116,33852
32604,22092,33760
31389,22081,33518
31192,22073,33400
30816,22109,33308
30248,22132,33257
30084,22150,33103
30417,22165,32989
30988,22156,32793
31298,22125,32562
31471,22103,32478
31632,22064,32322
31908,22063,32192
32232,22068,32012
32552,22095,31983
32837,22106,31869
33016,22151,31781
33132,22155,31438
33129,22143,31387
33063,22114,31292
32988,22103,31124
32820,22063,30988
32644,22052,30823
32572,22055,30690
32712,22078,30590
33012,22109,30380
33108,22148,30253
33092,22143,30081
33057,22140,29876
32896,22119,29776
32844,22107,29489
32864,22052,29446
32902,22058,29373
32956,22060,29213
33006,22079,29132
32866,22108,28985
32764,22148,28837
32716,22156,28625
32708,22135,28573
32724,22111,28382
32760,22091,28380
32801,22055,28135
32919,22046,28173
32956,22063,28032
33008,22085,27929
33121,22092,27700
33164,22132,27712
33136,22147,27500
33116,22126,27471
33144,22116,27296
33068,22089,27241
32812,22061,27121
32504,22059,26984
32440,22049,26814
32620,22070,26653
32912,22103,26570
33080,22140,26358
33040,22151,26281
32917,22135,26060
32896,22120,26085
33016,22085,25806
33236,22050,25783
33412,22060,25556
33484,22049,25561
33516,22072,25309
33376,22095,25340
33280,22132,25035
33189,22148,25039
33124,22140,24879
33156,22106,24786
33204,22078,24676
33376,22060,24432
33600,22044,24421
33612,22049,24300
33261,22084,24069
33024,22101,23994
33040,22141,23841
33120,22151,23723
33188,22127,23553
33384,22113,23506
33400,22087,23364
33400,22056,23100
33445,22034,23076
33529,22042,22829
33543,22078,22808
33472,22103,22600
33316,22141,22548
33229,22151,22319
33148,22119,22298
33284,22103,22164
33530,22076,22020
33696,22047,21887
33716,22033,21708
33657,22047,21605
33644,22081,21432
33608,22096,21324
33614,22140,21148
33573,22143,21045
33648,22144,20875
33584,22112,20772
33404,22074,20660
33256,22039,20468
33276,22038,20382
33416,22044,20225
33412,22072,20120
33213,22101,19968
33076,22138,19877
33046,22125,19722
32950,22125,19621
32804,22105,19485
32788,22086,19393
32924,22038,19260
32964,22037,19136
32912,22047,19023
32820,22069,18879
32636,22093,18796
32445,22126,18680
32336,22141,18585
32365,22146,18470
32488,22101,18366
32573,22085,18256
32616,22049,18172
32680,22044,18056
32860,22059,17980
32892,22068,17866
32900,22089,17793
32833,22124,17680
32752,22133,17587
32788,22126,17531
32821,22106,17433
32800,22082,17376
32688,22056,17268
32624,22053,17210
32548,22047,17119
32577,22076,17033
32688,22096,16950
32800,22148,16886
32860,22130,16807
32744,22130,16748
32570,22110,16751
32464,22100,16619
32576,22042,16599
32737,22034,16525
32988,22044,16461
33220,22071,16420
33216,22103,16360
33272,22140,16315
33334,22145,16318
33380,22135,16220
33176,22100,16244
32960,22075,16157
32672,22046,16167
32648,22030,16066
32752,22057,16088
32923,22068,15990
33092,22096,15937
33077,22135,15934
32916,22133,15940
32777,22122,15864
32710,22103,15815
32628,22083,15869
32496,22041,15793
32492,22044,15765
32544,22041,15701
32642,22065,15759
32720,22101,15702
32897,22131,15735
33108,22145,15670
33260,22119,15733
33317,22096,15658
33237,22084,15718
33172,22040,15673
33164,22052,15689
33188,22044,15639
33260,22083,15636
33356,22101,15690
33320,22141,15670
33157,22131,15732
32944,22124,15673
32856,22100,15750
32828,22079,15689
32781,22047,15741
32532,22041,15720
32356,22055,15822
32399,22062,15774
32621,22089,15857
32944,22138,15841
33316,22136,15902
33429,22123,15884
33421,22109,15995
33364,22071,15933
33328,22036,16045
33285,22039,16007
33192,22045,16076
33180,22065,16165
33116,22086,16154
33056,22124,16261
33120,22140,16258
33092,22120,16336
32988,22106,16401
32852,22076,16502
32700,22054,16507
32728,22032,16572
32884,22047,16677
32984,22066,16739
32996,22105,16831
32992,22132,16868
33012,22130,16960
33000,22117,17031
32916,22094,17131
32905,22074,17221
32928,22049,17325
32948,22028,17415
32944,22041,17526
32964,22075,17615
33057,22098,17713
33104,22137,17842
33125,22129,17955
33028,22119,18077
32900,22100,18178
32798,22079,18311
32660,22039,18417
32480,22030,18554
32418,22047,18669
32556,22076,18817
32696,22095,18944
32960,22129,19081
33180,22126,19232
33104,22117,19368
32816,22105,19534
32573,22077,19680
32492,22036,19859
32532,22039,20034
32673,22048,20205
32832,22085,20382
32960,22087,20521
32996,22120,20754
32952,22132,20911
32952,22130,21127
32884,22110,21260
32782,22060,21533
32644,22033,21732
32644,22023,21959
32632,22039,22172
32714,22064,22391
32886,22101,22600
33092,22127,22772
33180,22129,23017
33104,22115,23145
32968,22092,23492
32884,22076,23700
32828,22041,23986
32760,22036,24095
32792,22047,24474
32896,22071,24709
32940,22098,24860
32952,22127,25154
32964,22145,25324
33020,22113,25652
33036,22092,25906
32940,22079,26245
32909,22028,26502
32901,22023,26661
32952,22043,26900
33026,22069,27281
33128,22101,27525
33233,22125,27636
33264,22129,28064
33228,22117,28345
33160,22097,28448
33052,22071,28792
32929,22044,29082
32813,22032,29245
32780,22045,29553
32772,22063,29776
32820,22089,30143
32871,22120,30428
32896,22121,30719
32844,22109,30940
32645,22097,31089
32493,22065,31487
32351,22038,31750
32391,22026,31871
32600,22034,32280
32825,22064,32589
32860,22102,32784
32736,22109,33111
32636,22117,33272
32484,22111,33452
32380,22082,33636
32286,22056,33999
32240,22022,34308
32308,22023,34280
32415,22031,34749
32492,22046,34980
32624,22082,35169
32684,22110,35484
32724,22117,35703
32680,22104,35940
32616,22079,36141
32621,22053,36188
32625,22030,36487
32636,22014,36833
32700,22034,37052
32738,22052,37345
32800,22085,37244
32840,22108,37612
32957,22114,37871
33025,22101,38043
33072,22085,38360
33228,22060,38148
33356,22015,38727
33568,22012,38751
33653,22023,39092
33622,22060,39108
33744,22071,39246
34112,22113,39106
34422,22111,39572
34752,22103,39736
34984,22073,39968
35080,22049,40012
35256,22030,40301
35508,22014,40317
35652,22041,40484
35624,22050,40561
35777,22087,40797
35901,22119,40801
35772,22127,41057
35264,22127,41009
33936,22100,41174
32434,22078,41095
31965,22048,41348
31448,22039,41637
30496,22052,41580
30100,22074,41796
30392,22092,41495
30972,22127,41813
31422,22119,41644
31553,22106,42252
31584,22080,42247
31796,22061,42228
32048,22020,42299
32212,22012,42144
32336,22030,42706
32452,22061,42728
32496,22074,42725
32480,22103,42853
32452,22118,42844
32388,22098,42926
32320,22082,42806
32289,22038,43224
32248,22017,43301
32220,22015,43399
32296,22028,43103
32412,22060,43365
32540,22072,43236
32626,22108,43638
32708,22109,43737
32744,22087,43716
32688,22071,43879
32576,22040,43911
32377,22013,44004
32312,22001,44039
32304,22023,43837
32396,22046,44092
32505,22073,44183
32596,22098,44348
32672,22103,44397
32700,22090,44164
32696,22068,44378
32632,22042,44383
32516,22017,44502
32484,21993,44480
32592,22023,44685
32728,22037,44749
32785,22073,44830
32928,22094,44837
33048,22096,44924
33148,22087,44796
33116,22066,44741
32948,22045,44848
32788,22009,44806
32671,21996,44876
32698,22009,44743
32820,22038,44935
32936,22066,44908
33100,22106,45036
33044,22094,45002
33008,22079,44716
32848,22063,44985
32752,22031,44685
32676,22006,44935
32684,22006,44646
32782,22028,44878
32828,22053,44676
32832,22053,44836
32900,22107,44910
32980,22116,44877
33138,22078,44788
33202,22055,44839
33232,22029,44540
33192,22004,44693
33148,21997,44639
33181,22014,44783
33216,22035,44701
33294,22062,44375
33344,22089,44583
33348,22100,44423
33264,22096,44551
33189,22052,44524
33204,22023,44551
33196,21990,44489
33200,22005,44449
33202,22014,44181
33248,22038,44351
33388,22058,44326
33488,22103,44341
33541,22111,44269
33565,22079,44229
33392,22051,44151
33160,22031,43825
32920,21997,44001
32852,21999,43807
32929,22005,43848
33057,22031,43719
33253,22060,43884
33396,22096,43869
33384,22105,43744
33357,22068,43436
33212,22065,43712
33108,22023,43687
33004,22013,43492
32864,21981,43487
32804,21998,43277
32848,22023,43383
32820,22056,43036
32852,22109,43321
32796,22092,43184
32600,22087,43084
32493,22057,43139
32432,22033,43015
32280,22012,42905
32192,21988,42791
32228,22005,42980
32368,22045,42895
32496,22057,42879
32570,22092,42759
32560,22073,42725
32621,22081,42572
32572,22057,42492
32505,22036,42524
32436,21996,42391
32388,21991,42100
32430,22015,42435
32484,22036,41991
32524,22070,42381
32528,22085,42281
32494,22091,42137
32488,22081,42135
32516,22069,41759
32596,22034,42212
32568,21991,42020
32540,21997,42143
32532,22012,41991
32599,22039,42060
32584,22079,41525
32492,22083,41991
32442,22096,41815
32440,22091,41913
32368,22064,41740
32437,22009,41836
32508,22001,41657
32538,21996,41765
32588,22020,41580
32636,22060,41711
32680,22062,41257
32613,22096,41432
32492,22105,41541
32408,22093,41429
32404,22061,41424
32469,22030,41303
32436,22009,41095
32416,22001,41293
32440,22023,41209
32526,22036,41197
32632,22068,41144
32692,22108,41085
32709,22096,41164
32660,22084,41255
32558,22070,41095
32564,22036,41095
32608,22012,40980
32688,22002,40721
32805,22019,41106
32908,22047,40628
32904,22073,41039
32844,22101,40930
32728,22106,41012
32624,22092,40869
32556,22073,40892
32560,22056,40455
32544,22005,40933
32616,22011,40760
32700,22031,40876
32764,22047,40698
32761,22084,40800
32756,22113,40642
32754,22118,40693
32756,22090,40583
32740,22073,40687
32704,22052,40516
32592,22020,40583
32476,22012,40416
32449,22023,40495
32484,22057,40325
32533,22087,40377
32661,22105,39975
32742,22111,40108
32648,22098,40111
32590,22079,40092
32609,22053,39789
32572,22044,40135
32513,22017,39766
32514,22034,39917
32516,22069,39877
32464,22099,39828
32609,22125,39809
32648,22129,39807
32623,22121,39851
32464,22084,39753
32364,22062,39644
32264,22037,39548
32281,22034,39582
32376,22055,39472
32460,22069,39231
32428,22111,39647
32468,22132,39476
32576,22141,39548
32636,22117,39389
32652,22097,39388
32572,22058,39293
32364,22053,39279
32232,22046,39164
32324,22054,39208
32500,22086,39157
32636,22103,39126
32708,22141,39008
32680,22148,38743
32568,22131,39028
32400,22111,38963
32244,22068,39063
32172,22047,38892
32097,22055,38852
32148,22059,38728
32212,22091,38799
32217,22124,38798
32249,22143,38717
32326,22144,38761
32321,22132,38653
32308,22116,38660
32238,22092,38584
32130,22057,38583
32100,22055,38497
32160,22073,38617
32276,22109,38476
32384,22135,38519
32452,22156,38416
32428,22155,38380
32313,22144,38303
32160,22124,38087
32020,22102,38317
31936,22073,38247
31904,22073,38145
31980,22095,38187
32124,22120,37887
32240,22135,38247
32348,22169,38088
32368,22172,37895
32332,22152,38177
32264,22136,38046
32249,22118,38052
32188,22085,37892
32132,22089,37969
32120,22107,38078
32132,22119,37935
32208,22150,37989
32428,22187,37893
32684,22192,37911
32808,22171,37860
32788,22155,37789
32612,22127,37860
32398,22094,37785
32268,22102,37617
32236,22110,37895
32344,22134,37783
32505,22176,37713
32676,22193,37653
32644,22202,37463
32504,22189,37823
32422,22170,37719
32321,22135,37628
32280,22116,37574
32276,22113,37698
32254,22141,37770
32236,22158,37652
32252,22184,37609
32297,22217,37687
32300,22230,37677
32354,22197,37660
32304,22180,37548
32176,22156,37651
32036,22135,37676
31944,22127,37724
31925,22141,37675
32004,22182,37676
32112,22207,37668
32192,22232,37536
32212,22235,37678
32148,22213,37420
32062,22192,37812
31966,22163,37693
31776,22152,37455
31688,22143,37765
31696,22165,37751
31764,22181,37728
31966,22219,37573
32134,22251,37865
32157,22245,37748
32065,22235,37575
31956,22219,37940
31910,22176,37805
31874,22169,37559
31800,22160,37870
31824,22172,37749
31952,22213,37884
32104,22245,37824
32228,22263,37996
32236,22271,37924
32212,22247,37964
32128,22224,37914
32104,22205,37879
32030,22173,38016
32056,22175,37828
32252,22204,38044
32548,22220,38063
32816,22258,38028
33100,22289,38103
33272,22279,38031
33352,22263,38210
33492,22251,38108
33701,22209,37831
33904,22201,37959
34136,22189,38180
34412,22215,38279
34584,22245,38161
34608,22270,38045
34586,22308,38250
34500,22312,38229
34208,22295,38181
33893,22289,37943
33828,22263,38303
33760,22229,38163
33644,22241,38255
33008,22278,38295
31828,22288,38175
31257,22327,38244
30988,22340,38420
30060,22351,38232
29468,22327,38361
29608,22308,38172
30056,22279,38520
30456,22255,38396
30720,22258,38159
31100,22277,38487
31476,22298,38445
31756,22330,38492
31802,22363,38416
31820,22357,38645
31756,22351,38527
31700,22331,38341
31628,22294,38526
31588,22264,38698
31644,22269,38572
31744,22289,38495
31884,22321,38684
32032,22345,38661
32068,22380,38525
32104,22376,38807
32134,22357,38688
32028,22340,38657
31886,22314,38759
31818,22292,38692
31788,22290,38513
31812,22316,38836
31904,22336,38754
32004,22373,38716
32084,22399,38813
32086,22397,38856
32044,22386,38988
32088,22361,38901
32096,22341,38829
32040,22309,38967
31932,22310,38973
31900,22339,38905
31904,22357,39092
31936,22393,38977
32012,22413,38872
32100,22428,39165
32117,22407,39042
32021,22383,39119
31936,22351,39020
31844,22336,38813
31768,22335,39126
31780,22350,38996
31930,22382,39138
32044,22415,38928
32168,22444,38876
32298,22445,38797
32317,22421,38975
32300,22401,38821
32196,22386,38879
32108,22355,38829
32072,22355,38798
32101,22388,38700
32174,22402,38610
32216,22442,38663
32268,22471,38743
32280,22472,38599
32244,22446,38578
32212,22427,38469
32188,22398,38352
32124,22388,38276
32129,22381,38230
32220,22401,38215
32412,22441,38233
32521,22458,38201
32604,22484,38093
32648,22484,38043
32594,22471,38055
32508,22457,37999
32384,22428,37904
32326,22404,37788
32328,22407,37988
32380,22435,37741
32488,22457,37681
32572,22501,37751
32660,22504,37828
32688,22511,37684
32592,22507,37686
32533,22473,37600
32513,22445,37415
32493,22429,37573
32416,22429,37411
32424,22452,37383
32468,22484,37344
32560,22513,37288
32620,22530,37270
32684,22535,37191
32620,22525,37284
32516,22505,37311
32464,22469,37298
32453,22459,37208
32506,22454,36937
32552,22479,37295
32580,22505,37140
32596,22535,36987
32596,22564,37153
32516,22569,37105
32404,22553,37175
32280,22520,37076
32168,22501,36989
32096,22468,37127
32064,22484,37029
32105,22508,36997
32120,22528,37045
32110,22575,36999
32116,22594,36837
31964,22591,37084
31712,22577,36961
31564,22557,36905
31600,22527,36905
31636,22503,37009
31692,22513,36998
31801,22530,36966
31852,22564,36936
31920,22594,37062
32032,22618,36861
32112,22622,37159
32108,22610,37045
32040,22578,36863
32024,22564,37224
32008,22538,37124
31984,22535,37099
32004,22561,37137
32096,22593,37243
32132,22620,37169
32150,22644,37415
32125,22651,37293
32132,22644,37096
32112,22605,37459
32100,22580,37337
32122,22566,37492
32176,22563,37437
32288,22591,37594
32364,22617,37564
32457,22643,37368
32577,22678,37725
32580,22676,37724
32424,22660,37745
32244,22628,37529
32084,22609,37865
32004,22599,37841
32030,22597,37957
32096,22613,37916
32228,22652,38088
32341,22681,38068
32301,22693,38052
32228,22697,38180
32112,22684,38237
32096,22661,38357
32100,22636,38279
32116,22619,38084
32168,22623,38549
32184,22637,38500
32294,22668,38548
32392,22702,38517
32448,22733,38361
32504,22727,38848
32388,22709,38828
32256,22696,38820
32188,22661,38964
32124,22644,39046
32140,22646,39175
32228,22673,39055
32292,22693,38948
32340,22735,39444
32361,22759,39417
32352,22756,39471
32268,22733,39468
32240,22714,39682
32177,22700,39484
32136,22663,39911
32162,22672,39905
32232,22706,39967
32336,22727,39728
32480,22758,40257
32536,22772,40197
32508,22778,40262
32424,22769,40276
32284,22753,40404
32113,22711,40292
32008,22705,40644
32044,22703,40607
32092,22724,40693
32192,22754,40623
32364,22781,40812
32416,22804,40791
32244,22817,41038
32084,22789,40887
31976,22773,40727
31952,22741,41194
32025,22725,41156
32188,22726,41132
32296,22747,41208
32344,22795,41449
32292,22823,41079
32284,22834,41465
32208,22829,41468
32092,22819,41420
31957,22804,41442
31844,22760,41580
31840,22750,41437
31908,22758,41806
31933,22773,41692
32044,22796,41652
32148,22845,41789
32104,22865,41793
31997,22865,41879
31924,22848,41756
31886,22820,41876
31822,22790,41877
31768,22777,41949
31812,22786,41991
31912,22804,41791
32044,22833,42152
32180,22869,42061
32215,22884,41796
32136,22889,42231
32000,22877,42196
31924,22851,42133
31852,22826,42055
31808,22809,42215
31760,22808,42008
31828,22827,42305
31992,22863,42343
32100,22892,42127
32124,22909,42300
32054,22903,42199
31948,22903,42380
31833,22872,42300
31648,22848,42247
31540,22827,42213
31620,22831,42252
31700,22859,42311
31780,22889,42421
31880,22919,42055
31948,22942,42503
31965,22932,42312
31908,22919,42223
31868,22908,42564
31820,22861,42453
31772,22848,42150
31768,22865,42425
31844,22879,42503
31916,22905,42572
32012,22940,42292
32172,22959,42623
32216,22964,42604
32148,22940,42247
31996,22921,42519
31880,22892,42689
31848,22885,42479
31877,22883,42666
31908,22906,42417
31964,22933,42729
32084,22962,42621
32232,22990,42703
32308,22976,42646
32304,22965,42565
32257,22940,42372
32236,22919,42796
32180,22908,42725
32100,22908,42631
31933,22935,42724
31874,22953,42498
31884,22983,42711
31968,23015,42670
32128,23012,42807
32185,22994,42452
32020,22971,42820
31868,22935,42717
31744,22930,42813
31742,22922,42676
31788,22956,42692
31877,22978,42796
31964,23012,42436
32036,23031,42702
32008,23031,42632
31964,23009,42411
31980,22987,42629
31908,22967,42781
31752,22957,42617
31600,22941,42823
31544,22970,42772
31624,23001,42792
31713,23041,42744
31812,23047,42605
31848,23060,42652
31812,23034,42724
31712,23013,42768
31676,22977,42721
31704,22960,42660
31772,22967,42703
31914,22993,42681
32012,23023,42601
32232,23053,42628
32340,23087,42668
32312,23063,42663
32260,23060,42615
32208,23034,42511
32137,22998,42524
32164,22991,42653
32192,22991,42637
32208,23020,42525
32236,23036,42586
32224,23071,42652
32348,23093,42528
32584,23093,42503
32805,23074,42287
32940,23055,42651
33082,23025,42644
33212,22994,42577
33357,23000,42524
33520,23029,42284
33880,23060,42654
34168,23098,42308
34452,23111,42629
34692,23106,42631
34762,23085,42740
34788,23069,42327
34784,23039,42717
34700,23034,42653
34412,23044,42780
34205,23059,42727
34208,23099,42597
34208,23139,42572
34092,23145,42425
33200,23156,42796
31792,23135,42745
31192,23108,42793
30904,23086,42652
30112,23071,42449
29788,23072,42804
30062,23092,42472
30472,23110,42799
30864,23145,42880
31236,23167,42887
31592,23159,42861
31932,23149,42799
32200,23125,42876
32312,23079,42655
32376,23074,42999
32429,23077,42973
32544,23098,42799
32609,23135,42999
32686,23153,42669
32764,23180,42989
32752,23172,42732
32728,23159,43096
32648,23127,43076
32532,23100,43044
32400,23080,42756
32408,23093,43088
32420,23121,43156
32544,23151,43143
32704,23169,43086
32768,23193,43036
32780,23189,43108
32756,23174,43236
32718,23145,43241
32641,23124,43262
32570,23104,43157
32580,23112,43177
32656,23125,43347
32796,23164,43276
32960,23191,43253
33052,23221,43297
33116,23202,43325
33000,23184,43317
32936,23166,43380
32964,23134,43192
32961,23125,43541
32988,23132,43244
33004,23159,43497
33052,23175,43609
32984,23213,43520
32960,23224,43647
32992,23228,43585
33092,23207,43331
33124,23177,43581
33104,23151,43362
33051,23140,43623
32992,23144,43335
32992,23158,43655
33100,23190,43677
33224,23228,43609
33252,23253,43527
33241,23239,43468
33196,23223,43446
33168,23204,43444
33136,23174,43559
33112,23156,43490
33116,23169,43507
33200,23177,43289
33312,23213,43306
33376,23251,43052
33449,23269,43382
33460,23251,43346
33461,23237,43249
33424,23221,43271
33364,23188,43203
33285,23172,43236
33268,23187,43201
33404,23199,43180
33522,23221,43105
33580,23267,43055
33600,23271,42859
33572,23268,42933
33572,23253,43039
33493,23225,43045
33492,23204,42868
33488,23184,42643
33516,23191,42958
33580,23208,42806
33632,23249,42756
33720,23271,42860
33856,23291,42944
33792,23279,42557
33732,23265,42901
33652,23244,42900
33556,23223,42759
33424,23199,42925
33464,23207,42732
33553,23228,42540
33584,23255,42880
33525,23291,42825
33524,23312,42476
33476,23302,42773
33476,23289,42775
33534,23252,42726
33584,23233,42533
33488,23209,42629
33444,23223,42600
33468,23247,42336
33440,23278,42556
33330,23305,42537
33268,23320,42532
33232,23317,42616
33176,23303,42678
33072,23273,42607
32952,23237,42648
32844,23229,42553
32842,23237,42407
32936,23260,42361
33044,23295,42109
33080,23320,42500
33092,23331,42429
33064,23333,42503
33014,23315,42015
32944,23289,42246
32856,23264,42276
32768,23249,42309
32768,23253,42167
32873,23272,42239
33016,23300,42212
33136,23337,42068
33190,23352,42100
33168,23356,42132
33164,23341,41991
33108,23303,42178
32989,23276,41917
32804,23255,42036
32700,23273,41900
32765,23297,42092
32916,23321,41836
33044,23355,41524
33204,23377,41991
33284,23364,41724
33208,23349,41508
33080,23325,41932
32948,23305,41767
32824,23277,41727
32893,23287,41632
32988,23305,41700
33128,23344,41791
33369,23373,41668
33445,23394,41585
33423,23381,41583
33324,23361,41584
33240,23334,41660
33101,23307,41479
33044,23294,41191
33068,23298,41668
33110,23327,41532
33112,23356,41443
33124,23385,41552
33196,23404,41240
33248,23395,41572
33312,23377,41453
33373,23348,41497
33312,23329,41397
33124,23308,41333
33057,23320,41287
33120,23336,41335
33217,23364,41376
33300,23399,41030
33412,23429,41510
33477,23401,41293
33516,23391,41360
33492,23359,41288
33436,23335,41479
33352,23327,41223
33360,23326,41313
33461,23353,41365
33584,23372,41192
33664,23423,41284
33685,23428,41425
33700,23419,41271
33649,23409,41175
33512,23388,41148
33364,23348,40964
33264,23333,41209
33232,23342,41197
33220,23366,41084
33336,23397,41152
33420,23425,41067
33508,23431,41105
33564,23437,41024
33480,23417,41049
33364,23385,40768
33288,23352,41072
33232,23351,41039
33216,23357,41027
33228,23389,40914
33308,23412,40998
33368,23432,40926
33428,23452,40922
33452,23447,40855
33445,23423,40986
33428,23399,40912
33404,23367,40946
33324,23365,40760
33272,23375,40517
33216,23395,40981
33168,23419,40807
33152,23447,40583
33164,23466,40943
33209,23452,40753
33223,23432,40812
33248,23417,40735
33248,23380,40664
33258,23366,40674
33280,23381,40711
33424,23405,40711
33472,23428,40583
33420,23471,40584
33268,23477,40576
33132,23474,40313
33060,23438,40689
33056,23419,40591
33091,23391,40697
33120,23385,40582
33124,23384,40663
33143,23409,40540
33200,23444,40469
33236,23476,40437
33312,23487,40159
33325,23476,40576
33286,23463,40437
33190,23431,40479
33072,23399,40493
32976,23399,40422
32964,23392,40409
33020,23427,40375
33104,23455,40299
33248,23495,40252
33368,23498,40341
33372,23490,40427
33248,23470,40308
33148,23437,40375
33056,23413,40232
33074,23404,40185
33132,23413,40199
33180,23428,40268
33232,23463,40185
33236,23495,40288
33228,23497,40161
33210,23492,40245
33224,23474,40103
33236,23459,39943
33176,23418,40063
33068,23412,39743
33152,23422,40167
33272,23452,40036
33400,23462,39773
33520,23502,40120
33620,23526,39943
33546,23507,39930
33440,23487,39903
33348,23472,39807
33300,23432,39940
33348,23428,40069
33360,23425,39610
33412,23458,39814
33524,23484,39860
33588,23518,39897
33648,23537,39884
33616,23517,39860
33542,23503,39886
33465,23471,39789
33312,23451,39933
33236,23439,39860
33276,23447,39580
33332,23473,39980
33444,23503,39844
33522,23523,39668
33552,23537,39967
33452,23527,39764
33222,23508,39832
32996,23495,39745
32876,23457,39921
32844,23449,39693
32876,23455,39484
32992,23483,39882
33101,23511,39808
33252,23540,39852
33312,23552,39708
33320,23533,39599
33232,23519,39838
33058,23501,39788
32916,23457,39868
32920,23447,39805
32968,23475,39772
33040,23477,39734
33092,23517,39727
33148,23551,39738
33240,23567,39776
33280,23546,39736
33176,23529,39521
33028,23500,39943
32904,23473,39825
32852,23469,39876
32844,23465,39812
32928,23492,39815
33064,23524,39759
33185,23548,39783
33313,23569,39785
33332,23556,39791
33224,23529,39740
33124,23510,39876
33057,23476,39965
33088,23467,39673
33214,23478,39766
33317,23511,39772
33440,23528,40039
33672,23564,39908
33941,23569,40046
34120,23565,39924
34248,23545,39868
34248,23519,39844
34384,23487,39828
34720,23472,40017
35068,23484,39961
35252,23513,40056
35416,23525,39952
35592,23567,39996
35728,23580,39904
35816,23582,39806
35720,23556,39892
35344,23529,39839
35036,23503,40047
34864,23504,39960
34712,23519,40043
34508,23545,39925
33641,23577,39878
32276,23600,39867
31796,23609,39670
31536,23605,40028
30784,23585,39953
30588,23556,39965
30932,23527,39655
31392,23505,40029
31777,23514,39663
32133,23543,40125
32528,23567,40006
32849,23594,40103
33084,23604,40004
33168,23601,40111
33152,23576,39988
33060,23558,39933
32948,23514,39967
32860,23511,39974
32917,23526,40009
33080,23549,39971
33252,23578,39712
33336,23605,40150
33306,23604,40031
33193,23596,40143
33076,23582,39677
33004,23553,40077
33004,23525,40014
33014,23514,40021
33188,23534,39953
33332,23550,40058
33448,23589,39975
33628,23612,40012
33696,23620,39989
33552,23614,40003
33316,23591,40012
33120,23559,40133
33048,23532,39723
33120,23520,39984
33236,23534,40084
33342,23569,40084
33320,23587,40210
33304,23623,39782
33272,23636,40215
33252,23617,40100
33184,23589,40233
33109,23580,40116
33072,23539,40189
33140,23520,40103
33192,23533,40023
33300,23564,40167
33356,23594,40101
33446,23621,40164
33540,23632,40055
33572,23624,40135
33600,23602,40037
33526,23572,40039
33412,23545,40000
33368,23529,40068
33385,23545,39981
33384,23578,40060
33389,23601,39908
33416,23631,39981
33408,23643,39861
33464,23634,39879
33456,23611,39655
33436,23583,39776
33464,23545,39388
33428,23546,39636
33440,23556,39581
33493,23584,39582
33576,23601,39604
33688,23637,39559
33796,23644,39644
33808,23639,39396
33750,23614,39400
33664,23589,39410
33532,23567,39410
33436,23544,39431
33440,23569,39348
33580,23588,39340
33732,23622,39240
33916,23645,39172
33998,23653,39320
33972,23646,39205
33876,23616,39047
33720,23592,39234
33660,23567,39132
33732,23551,38951
33776,23568,39186
33828,23591,39132
33908,23623,39175
34020,23660,39045
34036,23662,39100
34016,23655,39036
33964,23628,38988
33924,23599,38919
33860,23569,38777
33852,23556,39077
33780,23575,38925
33765,23595,38909
33740,23628,38853
33704,23659,38781
33628,23671,38768
33564,23665,38775
33468,23625,38735
33308,23619,38613
33216,23571,38628
33184,23569,38568
33224,23580,38628
33304,23613,38460
33301,23622,38639
33260,23661,38329
33226,23682,38429
33196,23655,38612
33116,23637,38513
33004,23617,38543
32917,23575,38442
32884,23567,38477
32954,23588,38399
33028,23612,38386
33032,23650,38279
32980,23664,38247
32942,23672,38260
32920,23663,38185
32904,23652,38193
32900,23629,37945
32864,23597,38292
32820,23581,38158
32804,23590,38143
32864,23620,38093
32845,23650,38036
32876,23682,38004
32953,23690,37774
33006,23669,38031
32984,23646,37895
32892,23626,37911
32732,23598,37799
32620,23595,37845
32672,23613,37855
32840,23631,37868
33096,23657,37804
33280,23692,37784
33332,23692,37789
33284,23679,37821
33220,23655,37921
33112,23627,37825
33045,23604,37904
33028,23597,37793
33098,23611,37820
33176,23639,37767
33228,23662,37819
33272,23705,37767
33196,23705,37692
33152,23684,37711
33109,23663,37665
33084,23642,37622
33120,23615,37620
33182,23611,37609
33284,23632,37572
33352,23650,37637
33421,23679,37487
33492,23715,37572
33584,23719,37559
33568,23708,37599
33404,23677,37402
33276,23657,37588
33140,23617,37429
33156,23613,37595
33208,23637,37492
33336,23658,37767
33344,23687,37637
33384,23716,37532
33388,23722,37550
33348,23712,37636
33320,23695,37704
33220,23657,37589
33140,23631,37716
33080,23630,37593
33143,23633,37671
33228,23658,37288
33292,23686,37477
33344,23721,37449
33376,23732,37390
33228,23719,37440
33080,23701,37464
32864,23678,37511
32720,23644,37159
32796,23641,37300
33022,23644,37302
33204,23670,37337
33340,23704,37449
33388,23736,37117
33364,23743,37208
33192,23732,37269
33072,23703,37028
32996,23676,37237
32908,23641,37221
32880,23645,37117
32984,23652,37175
33092,23682,37181
33220,23706,36935
33284,23743,37079
33360,23742,37151
33312,23738,37044
33214,23712,37065
33220,23685,36868
33240,23655,36927
33174,23647,36871
33128,23665,36948
33168,23692,36988
33192,23718,36809
33276,23742,36709
33385,23754,36741
33392,23741,36836
33336,23716,36827
33248,23692,36903
33184,23663,36772
33148,23652,36743
33132,23669,36654
33156,23687,36727
33188,23719,36601
33196,23748,36661
33200,23756,36701
33129,23746,36764
33088,23727,36407
33032,23692,36540
32944,23661,36596
32836,23655,36612
32877,23672,36513
32932,23690,36535
33046,23724,36573
33088,23753,36665
33196,23761,36292
33104,23748,36439
32904,23728,36452
32684,23703,36515
32598,23660,36524
32644,23664,36401
32820,23676,36359
33064,23703,36336
33248,23727,36340
33240,23764,36329
33180,23767,36383
33120,23742,36376
33028,23717,36359
32972,23700,36385
32888,23679,36431
32868,23661,36359
32985,23675,36341
33132,23705,36325
33253,23733,36420
33300,23767,36297
33356,23780,36203
33408,23748,36190
33316,23724,36257
33241,23701,36271
33152,23672,36113
33070,23668,36231
33104,23685,36339
33180,23716,36216
33232,23744,36112
33220,23765,36125
33248,23776,36207
33190,23767,36204
33084,23735,36204
33026,23713,36265
32936,23681,36077
32960,23685,36079
33044,23692,36112
33185,23718,36185
33285,23737,36253
33320,23767,35933
33328,23775,36087
33285,23762,36076
33248,23748,36144
33229,23717,36124
33174,23687,36151
33160,23686,36071
33204,23695,36140
33104,23719,36094
33044,23741,36273
32997,23775,36165
33152,23780,36268
33220,23768,36189
33068,23748,36285
32800,23711,36196
32668,23687,36292
32684,23687,36198
32792,23702,36303
32960,23716,36221
33036,23748,36305
33006,23780,35968
33004,23789,36111
32888,23771,35975
32908,23748,36325
32840,23711,36245
32788,23697,36252
32764,23683,36252
32884,23695,36340
32988,23719,36268
33008,23751,36352
33016,23781,36263
33041,23783,36319
33029,23773,36081
32968,23751,36300
32864,23719,36069
32824,23687,36252
32788,23687,36169
32792,23702,36389
32900,23716,36299
32976,23757,36216
33084,23785,36335
33105,23798,36136
33056,23772,36250
33112,23748,36237
33088,23721,36359
33116,23695,36341
33232,23684,36381
33468,23701,36265
33776,23733,36351
34100,23749,36457
34260,23788,36359
34380,23785,36445
34592,23767,36359
34880,23747,36461
35128,23724,36370
35192,23701,36452
35204,23684,36184
35128,23698,36300
35204,23735,36364
35286,23772,36473
35220,23791,36359
34988,23801,36384
34964,23807,36292
34744,23773,36162
34356,23749,36452
33568,23725,36423
32185,23720,36508
31452,23734,36184
31486,23754,36340
30820,23784,36212
30292,23815,36581
30476,23813,36487
31012,23790,36536
31501,23768,36424
31848,23740,36435
32058,23714,36548
32260,23708,36436
32444,23723,36553
32596,23749,36538
32632,23773,36594
32656,23799,36592
32684,23805,36601
32744,23797,36540
32752,23765,36557
32761,23735,36487
32680,23711,36748
32596,23701,36688
32612,23719,36629
32688,23743,36704
32744,23773,36751
32789,23798,36735
32817,23809,36672
32820,23791,36761
32777,23766,36822
32672,23743,36812
32648,23696,36871
32673,23703,36832
32736,23719,36764
32802,23753,36868
32892,23766,36652
32961,23793,36955
33000,23802,36728
33020,23789,36913
33036,23767,36926
32940,23735,36964
32892,23703,36959
32869,23705,36950
32905,23719,36999
32940,23749,36996
32929,23779,37013
33008,23800,37093
33016,23804,37191
32885,23788,37164
32780,23765,37284
32784,23738,37175
32876,23708,37252
33056,23700,37202
33204,23718,37215
33204,23742,37083
33093,23780,37207
32948,23797,37183
33004,23812,37108
33052,23785,37084
32996,23761,37101
32996,23733,36887
33076,23708,37172
33131,23708,37108
33180,23719,37193
33248,23754,37084
33338,23770,37060
33416,23801,36999
33428,23803,36908
33396,23789,36942
33280,23765,36917
33148,23751,36909
33044,23701,36948
33044,23704,36887
33088,23721,36925
33176,23749,36836
33308,23781,36864
33420,23780,36781
33437,23794,36846
33456,23791,36724
33460,23761,36780
33420,23735,36697
33384,23710,36743
33412,23697,36658
33492,23719,36656
33516,23748,36573
33549,23772,36500
33548,23799,36516
33453,23792,36335
33412,23787,36574
33344,23767,36452
33297,23732,36380
33264,23713,36495
33204,23714,36486
33272,23712,36573
33414,23745,36449
33572,23773,36540
33656,23801,36432
33560,23803,36348
33300,23785,36372
33044,23755,36252
32828,23739,36389
32711,23697,36150
32684,23700,36313
32776,23722,36167
32876,23740,36370
33004,23777,36280
33136,23799,36212
33172,23803,36220
33124,23781,36024
32996,23760,36312
32860,23729,36201
32676,23708,36276
32480,23703,36159
32380,23724,36252
32352,23749,36125
32384,23775,36121
32481,23796,36110
32544,23796,36116
32564,23785,36084
32633,23759,36060
32665,23735,36055
32668,23713,36100
32604,23701,36027
32536,23721,35992
32624,23738,35737
32736,23772,35861
32868,23797,35864
32948,23794,35940
32929,23788,35927
32932,23767,35897
32912,23735,35823
32884,23701,35799
32864,23700,35887
32887,23717,35880
32960,23742,35925
33076,23775,35868
33160,23807,35892
33220,23804,35817
33192,23788,35727
33060,23762,35781
32976,23726,35708
32893,23705,35788
32828,23703,35762
32860,23716,35751
32972,23745,35540
33133,23777,35856
33230,23797,35780
33212,23805,35808
33145,23783,35727
33012,23769,35527
32916,23731,35725
32888,23706,35733
32932,23704,35677
32997,23723,35713
33148,23751,35678
33240,23772,35604
33257,23799,35580
33161,23808,35617
33076,23789,35432
33028,23760,35730
33032,23735,35480
33012,23708,35668
33004,23708,35745
33008,23722,35460
33048,23749,35551
33084,23780,35578
33140,23804,35609
33188,23806,35528
33196,23780,35591
33140,23759,35549
33104,23725,35607
33096,23710,35575
33144,23709,35620
33220,23724,35659
33266,23750,35358
33278,23778,35540
33325,23813,35527
33328,23795,35571
33332,23785,35575
33285,23761,35566
33160,23733,35630
33014,23709,35525
32945,23696,35548
32948,23717,35520
32988,23753,35518
33100,23779,35479
33144,23804,35487
33088,23810,35224
33024,23791,35335
32980,23754,35202
32952,23730,35429
32828,23705,35175
32746,23711,35476
32772,23720,35369
32896,23750,35410
33020,23782,35351
33112,23793,35293
33152,23796,35297
33192,23783,35311
33104,23753,35293
32999,23722,35309
32976,23708,35247
32993,23711,35224
33076,23717,35213
33084,23741,35260
33080,23778,34927
33076,23797,35084
33072,23803,34990
33060,23789,35067
33020,23750,35077
32940,23729,35060
32892,23705,34933
32848,23707,34934
32824,23719,34937
32812,23743,34961
32869,23775,34905
32984,23798,34940
33082,23803,35000
33141,23775,34885
33093,23757,34898
33056,23727,34870
33076,23710,34833
33070,23709,34696
33078,23723,34804
33124,23748,34806
33156,23776,34588
33208,23807,34620
33136,23800,34748
33045,23775,34703
32904,23766,34721
32852,23724,34668
32820,23709,34704
32832,23699,34621
32964,23716,34538
33052,23741,34556
33104,23780,34630
33173,23801,34545
33200,23799,34557
33172,23789,34498
33116,23751,34533
33116,23728,34461
33093,23714,34495
33028,23715,34197
32952,23725,34287
32968,23755,34332
33036,23769,34343
33132,23804,34380
33212,23799,34087
33088,23781,34165
32988,23761,34098
32858,23735,34148
32808,23705,34045
32853,23708,34100
33044,23725,34119
33196,23753,34065
33294,23778,33998
33328,23796,33980
33260,23798,33975
33252,23788,33929
33260,23758,33823
33196,23725,33730
33132,23709,33815
33140,23711,33799
33220,23725,33743
33232,23749,33653
33252,23781,33644
33285,23811,33522
33332,23812,33671
33329,23781,33591
33262,23760,33548
33144,23732,33372
33037,23718,33372
33008,23719,33316
33052,23734,33406
33076,23750,33367
33160,23787,33348
33276,23812,33276
33276,23804,33102
33180,23783,33173
33061,23753,33111
32856,23732,33212
32708,23707,33101
32694,23708,33183
32724,23721,33172
32804,23749,33117
32952,23793,33153
33032,23798,33068
33044,23807,32948
33012,23788,32897
32957,23761,33013
32869,23732,32900
32816,23711,32796
32768,23709,32907
32720,23730,32927
32630,23749,32909
32632,23775,32941
32736,23799,32870
32772,23805,32764
32716,23791,32828
32656,23757,32746
32624,23729,32697
32608,23711,32590
32628,23704,32821
32776,23724,32573
32968,23749,32759
33049,23787,32546
33016,23804,32609
32845,23805,32577
32684,23780,32646
32636,23758,32602
32636,23727,32687
32668,23708,32657
32712,23698,32510
32772,23724,32647
32828,23749,32665
32924,23781,32485
33084,23799,32612
33248,23806,32639
33432,23781,32404
33656,23756,32464
33828,23732,32420
33950,23711,32559
34036,23705,32557
34240,23721,32396
34565,23751,32517
34877,23775,32572
35080,23804,32309
35193,23803,32383
35180,23785,32338
35156,23751,32405
35060,23725,32436
34768,23714,32449
34332,23708,32397
34180,23735,32431
33988,23775,32383
33984,23806,32410
33712,23828,32351
32476,23822,32252
31430,23806,32375
31236,23781,32441
30632,23745,32247
30076,23727,32381
30189,23719,32358
30738,23743,32381
31300,23762,32447
31756,23789,32249
32064,23819,32388
32160,23821,32455
32248,23792,32263
32268,23773,32417
32234,23741,32456
32236,23708,32236
32336,23715,32311
32368,23725,32305
32320,23755,32384
32332,23783,32368
32472,23801,32270
32602,23804,32323
32672,23788,32280
32648,23765,32358
32568,23730,32263
32448,23716,32495
32416,23708,32452
32528,23721,32423
32640,23751,32456
32712,23777,32495
32804,23804,32445
32856,23804,32407
32869,23792,32380
32848,23764,32501
32760,23732,32474
32660,23700,32436
32620,23703,32367
32640,23724,32515
32712,23757,32560
32712,23783,32383
32764,23799,32558
32768,23803,32381
32696,23783,32491
32588,23760,32403
32533,23725,32541
32501,23707,32560
32604,23708,32332
32724,23717,32428
32816,23749,32360
32900,23787,32511
32924,23807,32381
32873,23800,32480
32789,23781,32453
32704,23759,32327
32600,23734,32263
32484,23713,32381
32480,23716,32385
32568,23716,32193
32716,23746,32204
32836,23775,32137
32852,23806,32149
32789,23799,32066
32636,23781,32137
32512,23757,32021
32452,23729,32102
32544,23708,32117
32660,23710,31885
32808,23732,31980
32936,23756,31981
33032,23775,31719
33152,23801,31800
33229,23796,31645
33252,23774,31733
33105,23751,31723
32876,23721,31636
32684,23708,31540
32606,23706,31539
32709,23724,31412
32912,23757,31421
33092,23780,31405
33248,23797,31295
33372,23790,31197
33348,23780,31182
33328,23754,30943
33201,23724,31024
33036,23705,30863
32940,23707,30892
32974,23733,30794
33124,23738,30588
33281,23773,30596
33396,23797,30487
33364,23798,30510
33200,23781,30409
32976,23750,30177
32868,23724,30237
32781,23701,30150
32716,23709,30044
32708,23731,29940
32788,23749,29690
32865,23779,29668
32944,23807,29572
32944,23792,29537
32800,23780,29364
32684,23746,29177
32469,23718,29223
32296,23696,29008
32284,23701,28895
32429,23716,28800
32538,23746,28733
32586,23786,28529
32629,23799,28544
32570,23794,28413
32432,23776,28178
32312,23752,28242
32276,23720,28081
32265,23700,27852
32344,23701,27923
32464,23727,27820
32609,23752,27592
32692,23784,27516
32732,23812,27373
32796,23799,27386
32743,23780,27249
32672,23752,27163
32628,23725,26996
32588,23703,26887
32560,23713,26689
32640,23725,26740
32736,23767,26557
32704,23789,26458
32657,23808,26345
32688,23807,26169
32712,23776,26183
32784,23756,26028
32752,23729,25975
32732,23708,25860
32696,23711,25623
32612,23733,25602
32614,23758,25375
32636,23789,25384
32628,23807,25183
32544,23809,25168
32477,23785,25022
32464,23762,24959
32613,23729,24812
32744,23719,24591
32848,23716,24609
33020,23735,24484
33213,23756,24280
33400,23792,24239
33488,23815,24129
33493,23811,23949
33474,23796,23896
33272,23773,23712
32920,23732,23690
32568,23710,23493
32468,23725,23477
32608,23740,23279
32766,23754,23227
32920,23791,23054
33004,23812,23005
33020,23808,22816
33044,23789,22810
33010,23764,22693
32948,23741,22577
32788,23716,22470
32684,23720,22323
32716,23747,22245
32872,23774,22066
32892,23790,22000
32816,23810,21889
32880,23822,21777
32800,23791,21669
32608,23771,21519
32484,23743,21428
32452,23716,21292
32564,23720,21197
32664,23749,21050
32780,23767,20940
32868,23796,20809
32960,23821,20697
32911,23825,20570
32729,23790,20460
32608,23777,20327
32608,23740,20207
32568,23718,20092
32636,23732,19967
32744,23743,19840
32876,23763,19719
32948,23807,19594
32929,23821,19469
32968,23824,19348
32992,23807,19220
32954,23780,19109
32830,23741,18990
32688,23722,18858
32592,23723,18754
32644,23745,18624
32760,23777,18530
32900,23810,18404
32928,23828,18282
32805,23814,18147
32668,23797,18051
32512,23772,17959
32376,23741,17827
32188,23721,17783
32188,23735,17618
32272,23751,17515
32496,23773,17467
32600,23811,17310
32653,23829,17217
32721,23822,17165
32728,23804,16989
32676,23780,16866
32676,23748,16860
32520,23737,16697
32472,23740,16580
32480,23754,16558
32472,23780,16439
32485,23815,16412
32509,23828,16228
32528,23831,16176
32508,23812,16044
32448,23788,15962
32512,23753,15807
32501,23741,15856
32424,23740,15694
32365,23761,15674
32524,23780,15500
32540,23815,15433
32497,23829,15404
32540,23829,15192
32568,23820,15105
32452,23786,15104
32168,23758,14953
32010,23747,14809
32066,23743,14889
32212,23759,14725
32455,23785,14577
32761,23820,14523
32972,23843,14393
32980,23833,14401
32801,23817,14295
32612,23788,14323
32460,23755,14163
32417,23743,14119
32572,23747,14010
32836,23758,13956
32936,23790,13960
32856,23828,13801
32764,23851,13806
32644,23839,13619
32612,23815,13609
32632,23804,13489
32580,23761,13531
32500,23747,13392
32416,23759,13375
32414,23775,13241
32436,23807,13229
32536,23822,13136
32672,23841,13031
32625,23842,13108
32584,23822,12923
32604,23797,12892
32608,23773,12838
32564,23746,12853
32661,23752,12730
32776,23772,12700
32889,23804,12798
33004,23828,12589
33010,23845,12549
32884,23839,12596
32654,23830,12517
32374,23801,12593
32273,23762,12484
32364,23748,12456
32476,23757,12368
32617,23776,12306
32652,23806,12282
32628,23837,12318
32589,23848,12221
32336,23847,12357
32128,23823,12260
31852,23802,12245
31692,23764,12140
31732,23753,12250
31833,23763,12204
32004,23788,12179
32056,23811,12112
32128,23837,12080
32189,23859,12252
32208,23842,12132
32140,23828,12188
32120,23803,12052
32096,23778,12080
32064,23760,12037
32112,23754,12142
32276,23784,12133
32356,23812,12160
32400,23839,12060
32268,23863,12042
32164,23859,12092
32176,23836,12038
32124,23805,12121
31980,23776,12047
31960,23764,12045
32024,23769,12105
32229,23789,12042
32544,23804,12110
32872,23839,12092
33132,23849,12087
33430,23853,12053
33564,23837,12138
33680,23809,12114
33880,23773,12077
34098,23758,12156
34424,23769,12099
34904,23789,12150
35368,23804,12265
35608,23844,12209
35664,23861,12303
35616,23860,12210
35424,23857,12296
35340,23822,12162
35382,23781,12167
35136,23775,12247
34724,23791,12191
33856,23816,12385
32429,23833,12250
31917,23868,12415
31548,23893,12342
30580,23887,12416
29935,23860,12344
29712,23836,12435
29908,23807,12396
30336,23780,12484
30740,23791,12540
30964,23810,12577
31192,23829,12537
31500,23872,12693
31716,23883,12631
31677,23871,12760
31532,23850,12676
31424,23836,12827
31266,23795,12820
31200,23781,12936
31194,23788,12820
31252,23806,12935
31372,23844,12889
31484,23860,12989
31560,23885,12985
31496,23868,13060
31568,23849,13051
31560,23831,13261
31468,23796,13140
31296,23783,13215
31216,23789,13277
31238,23810,13308
31441,23837,13328
31751,23869,13395
31967,23880,13417
31866,23873,13473
31708,23855,13559
31565,23832,13622
31500,23791,13793
31596,23783,13772
31607,23793,13902
31566,23812,13877
31621,23820,13918
31656,23863,13941
31712,23880,14026
31984,23882,14173
31992,23857,14148
31924,23825,14272
31726,23792,14237
31564,23783,14329
31544,23783,14265
31720,23805,14433
31980,23834,14383
32264,23868,14572
32320,23887,14474
32276,23876,14593
32140,23854,14590
31874,23831,14705
31744,23806,14699
31764,23789,14801
31912,23790,14721
32080,23809,14877
32108,23840,14756
32072,23879,14828
32093,23884,14833
31993,23872,14893
31904,23863,14887
32013,23833,14986
32092,23808,14957
32160,23787,15048
32048,23796,15036
31896,23821,15102
31880,23836,15141
31948,23883,15151
32157,23887,15289
32340,23878,15236
32443,23860,15262
32428,23837,15233
32308,23806,15381
32160,23788,15297
32040,23788,15327
32101,23818,15308
32248,23847,15301
32442,23881,15368
32536,23892,15324
32509,23877,15372
32440,23863,15473
32352,23837,15389
32160,23808,15472
31956,23791,15366
31765,23799,15420
31776,23815,15497
31848,23846,15429
32032,23871,15420
32220,23885,15491
32272,23885,15468
32265,23860,15553
32097,23841,15448
31908,23802,15525
31733,23791,15461
31655,23799,15451
31701,23820,15558
31685,23852,15459
31696,23879,15509
31668,23890,15530
31572,23885,15524
31386,23869,15470
31160,23834,15538
31016,23805,15513
30996,23793,15548
31112,23804,15663
31240,23829,15566
31264,23849,15588
31356,23880,15639
31461,23893,15612
31396,23886,15692
31292,23867,15644
31272,23841,15673
31340,23799,15673
31436,23790,15709
31620,23805,15706
31812,23823,15765
31908,23860,15749
31948,23885,15823
31968,23901,15805
31896,23892,15929
31788,23853,15837
31780,23844,15897
31684,23812,15964
31652,23799,15956
31732,23806,16067
31940,23829,15987
32076,23863,16085
32224,23889,16022
32238,23900,16091
32129,23892,16133
31992,23875,16178
31960,23851,16261
31952,23812,16198
31988,23797,16305
32156,23812,16400
32304,23829,16345
32344,23858,16440
32224,23898,16415
32158,23908,16489
32204,23891,16607
32197,23869,16610
32224,23845,16688
32292,23811,16657
32324,23811,16724
32407,23811,16817
32532,23837,16833
32532,23860,16919
32408,23896,16899
32312,23916,17020
32236,23894,17012
32113,23873,17144
32108,23848,17125
32140,23812,17243
32148,23800,17247
32200,23815,17324
32316,23833,17330
32460,23871,17435
32604,23892,17442
32680,23900,17554
32660,23904,17537
32480,23871,17585
32308,23847,17710
32220,23815,17700
32257,23806,17769
32328,23815,17775
32456,23839,17872
32544,23866,17886
32648,23900,17948
32760,23911,18043
32776,23896,18054
32696,23870,18159
32612,23857,18164
32469,23825,18221
32312,23804,18252
32178,23814,18303
32184,23839,18340
32170,23869,18397
32337,23897,18487
32433,23917,18504
32424,23897,18562
32436,23879,18597
32372,23850,18637
32296,23815,18662
32185,23820,18707
32124,23815,18789
32150,23845,18812
32280,23870,18866
32288,23892,18885
32242,23904,18934
32232,23897,19004
32192,23873,19035
32296,23848,19065
32428,23814,19121
32484,23797,19154
32388,23821,19220
32344,23844,19250
32328,23873,19283
32372,23903,19329
32404,23909,19374
32396,23893,19421
32356,23879,19468
32320,23845,19505
32260,23823,19567
32279,23809,19605
32332,23823,19660
32332,23846,19692
32436,23876,19737
32548,23901,19793
32556,23916,19830
32476,23893,19892
32456,23879,19935
32357,23852,19979
32278,23828,20030
32288,23805,20071
32244,23820,20132
32244,23845,20174
32240,23874,20225
32304,23897,20279
32364,23919,20332
32460,23900,20372
32448,23879,20420
32343,23846,20473
32227,23815,20508
32220,23812,20569
32284,23826,20609
32322,23846,20679
32440,23867,20720
32526,23895,20775
32430,23918,20829
32392,23909,20873
32356,23873,20902
32280,23850,20972
32240,23820,20997
32344,23809,21083
32544,23815,21126
32660,23836,21164
32660,23874,21218
32600,23909,21255
32526,23911,21343
32428,23906,21380
32316,23879,21391
32196,23856,21483
32096,23821,21493
32016,23815,21593
32060,23817,21659
31992,23837,21706
32036,23868,21770
32036,23904,21817
32072,23909,21879
32160,23901,21935
32164,23870,21961
32156,23852,22039
32076,23828,22036
31936,23807,22153
31896,23819,22148
31996,23837,22273
32076,23863,22313
32045,23906,22409
32141,23904,22463
32184,23894,22534
32173,23868,22570
32096,23845,22655
32040,23815,22722
31980,23807,22770
31960,23814,22831
32001,23836,22860
32168,23864,22943
32260,23893,22928
32329,23909,23077
32292,23895,23118
32132,23879,23154
32045,23844,23232
31973,23812,23214
31964,23796,23360
32020,23815,23333
32168,23837,23486
32324,23858,23452
32448,23884,23586
32620,23904,23566
32716,23890,23711
32836,23868,23714
33032,23838,23852
33356,23810,23820
33578,23789,23957
33618,23801,23987
33645,23835,24089
33780,23854,24150
34084,23888,24109
34414,23908,24257
34820,23877,24201
35133,23866,24358
35360,23833,24308
35380,23807,24493
35100,23801,24558
34980,23826,24544
34980,23837,24626
34908,23869,24660
34700,23912,24773
34172,23919,24721
32892,23905,24876
32037,23884,24903
31640,23865,25024
30588,23826,25084
29908,23817,25099
29884,23825,25198
30468,23845,25197
31164,23869,25347
31620,23905,25325
31776,23908,25455
31840,23898,25375
31908,23864,25579
31980,23852,25527
31940,23810,25672
31884,23808,25607
31920,23807,25828
32004,23840,25893
32008,23855,25836
32112,23887,25996
32132,23892,25946
32100,23892,26095
32068,23860,26119
32004,23834,26292
31860,23809,26280
31744,23790,26340
31800,23808,26365
31876,23828,26483
32007,23855,26582
32096,23895,26480
32124,23897,26653
32020,23882,26653
31865,23858,26871
31808,23833,26948
31748,23804,27022
31773,23784,27012
31808,23801,27143
31944,23826,27117
32092,23852,27246
32238,23885,27257
32404,23885,27427
32594,23870,27367
32636,23863,27512
32528,23830,27561
32420,23803,27745
32356,23780,27728
32408,23799,27824
32477,23817,27805
32576,23855,27909
32628,23876,27911
32676,23889,28065
32672,23873,28063
32716,23844,28188
32740,23825,28183
32657,23794,28252
32520,23784,28197
32452,23793,28350
32512,23815,28357
32612,23847,28452
32712,23870,28359
32857,23880,28460
32932,23860,28477
32940,23851,28617
32892,23815,28649
32832,23781,28562
32796,23776,28733
32844,23791,28745
32988,23819,28654
33088,23834,28824
33092,23874,28850
33105,23879,28881
33040,23877,28822
32949,23845,28957
32854,23815,28973
32813,23783,28855
32768,23780,28965
32844,23777,29073
32985,23805,28942
33220,23834,29050
33436,23861,29064
33492,23877,29037
33350,23856,29231
33272,23833,29141
33252,23811,29292
33172,23781,29284
33232,23759,29231
33333,23785,29251
33428,23806,29343
33505,23833,29440
33568,23863,29468
33592,23866,29469
33532,23855,29429
33508,23837,29540
33456,23805,29409
33345,23771,29593
33212,23760,29607
33116,23774,29461
33133,23796,29583
33102,23830,29671
33100,23854,29525
33048,23863,29600
32984,23858,29716
32948,23818,29559
32888,23797,29720
32788,23756,29751
32756,23757,29645
32796,23778,29827
32884,23789,29821
32860,23815,29710
32916,23857,29759
32889,23853,29703
32800,23847,29908
32628,23829,29860
32525,23793,29769
32496,23764,29918
32516,23757,29855
32652,23761,29820
32776,23789,29891
32912,23821,29855
33008,23847,30046
33037,23853,30028
32976,23847,29922
32864,23815,30117
32836,23796,30023
32812,23771,30133
32784,23761,30160
32864,23763,30169
33005,23791,30066
33160,23823,30269
33284,23852,30277
33384,23858,30167
33412,23844,30241
33364,23814,30212
33344,23788,30300
33276,23767,30265
33216,23754,30471
33300,23756,30500
33448,23789,30524
33448,23815,30530
33456,23848,30445
33460,23860,30596
33380,23836,30580
33254,23819,30724
33244,23783,30756
33413,23748,30685
33464,23743,30741
33484,23767,30711
33476,23781,30937
33496,23811,30973
33559,23841,31012
33664,23844,31043
33700,23844,30920
33644,23808,31097
33692,23791,31007
33724,23746,31194
33708,23743,31098
33696,23755,31214
33684,23785,31199
33702,23810,31364
33792,23849,31282
33872,23847,31436
33896,23834,31399
33852,23815,31589
33720,23782,31673
33596,23740,31718
33512,23740,31740
33556,23756,31812
33580,23768,31804
33556,23808,31910
33596,23830,31839
33672,23839,31940
33532,23828,31944
33412,23807,32204
33396,23780,32135
33381,23755,32184
33400,23741,32263
33437,23754,32377
33556,23768,32327
33592,23810,32401
33676,23829,32421
33709,23841,32647
33624,23820,32700
33453,23798,32613
33268,23778,32870
33060,23740,32840
32972,23735,32775
32904,23757,32943
32960,23765,32975
33352,23791,33012
33412,23820,33111
33276,23836,33298
33037,23819,33436
32876,23796,33463
32972,23769,33604
33045,23733,33649
33136,23727,33812
33228,23735,33844
33232,23769,34006
33140,23791,34043
33124,23829,34220
33092,23833,34268
33076,23815,34359
33044,23785,34428
33008,23763,34505
32956,23729,34527
32984,23725,34917
33080,23732,34759
33188,23767,35144
33312,23794,35268
33432,23824,35349
33440,23815,35537
33376,23809,35457
33252,23785,35929
33144,23764,35989
33077,23718,36057
33017,23722,36245
33000,23742,36234
33066,23757,36649
33132,23781,36781
33165,23817,36895
33088,23818,37104
33029,23809,37164
32920,23780,37612
32880,23751,37679
33028,23734,37778
32929,23719,38012
32980,23723,38260
33000,23762,38335
33124,23791,38436
33165,23812,38597
33078,23812,38892
32992,23807,39145
33020,23780,39196
33096,23740,39444
33040,23715,39486
32956,23715,39687
32904,23725,39780
32832,23756,39924
32817,23776,40029
32869,23809,40039
32864,23815,40289
32775,23789,40127
32772,23775,40701
32736,23743,40711
32624,23725,40977
32540,23705,40933
32588,23713,41111
32644,23751,41192
32664,23782,41381
32740,23799,41400
32721,23807,41621
32672,23785,41625
32608,23762,41628
32521,23742,41836
32448,23711,41578
32413,23704,42023
32440,23711,41780
32560,23734,42165
32694,23761,42031
32758,23799,42330
32724,23799,42409
32692,23783,42509
32645,23756,42711
32572,23725,42846
32596,23695,42861
32600,23693,42968
32597,23711,42980
32660,23729,43111
32712,23764,43159
32692,23788,43220
32684,23788,43279
32788,23781,43260
32908,23749,43399
32984,23721,43394
33040,23698,43153
32996,23692,43439
33000,23708,43408
33092,23732,43628
33264,23753,43620
33564,23772,43429
33940,23778,43724
34156,23760,43748
34352,23738,43829
34496,23714,43805
34560,23694,43848
34633,23688,43764
34724,23707,43580
34692,23740,43908
34668,23764,43901
34932,23799,44007
35172,23799,43877
35232,23783,43887
34852,23759,43908
33756,23741,43963
32816,23703,43967
32493,23702,44034
31490,23717,43980
30584,23745,44173
30433,23767,44146
30864,23789,43895
31332,23781,44082
31648,23769,44000
31852,23743,44135
32060,23717,43990
32224,23685,44225
32296,23677,44035
32392,23692,44290
32508,23715,44076
32621,23744,44271
32700,23772,44207
32668,23777,44359
32560,23764,44154
32440,23716,44436
32388,23701,44498
32372,23678,44476
32356,23679,44536
32344,23680,44373
32400,23717,44428
32528,23740,44385
32668,23773,44522
32740,23757,44399
32704,23751,44488
32684,23726,44401
32663,23698,44636
32558,23675,44625
32636,23657,44748
32821,23683,44718
32918,23706,44452
32976,23738,44740
32948,23748,44614
32876,23765,44788
32784,23748,44582
32692,23719,44775
32708,23687,44647
32776,23661,44820
32848,23652,44815
32860,23675,44949
32862,23701,44964
32944,23723,44980
33107,23744,44919
33176,23749,44903
33204,23739,45052
33200,23708,45016
33116,23685,44732
33001,23653,44935
32912,23650,44757
32877,23671,44890
32940,23694,44837
33068,23719,44989
33196,23745,44933
33216,23749,44935
33248,23735,44873
33168,23709,44837
33076,23677,44792
32933,23647,44789
32860,23647,44665
32948,23660,44645
33089,23686,44389
33220,23713,44639
33264,23741,44668
33176,23743,44571
33088,23729,44528
33116,23700,44444
33172,23668,44551
33208,23649,44231
33228,23647,44445
33276,23653,44485
33360,23681,44290
33416,23713,44423
33468,23737,44343
33416,23735,44080
33336,23721,44295
33256,23692,44088
33244,23668,44295
33208,23630,44343
33256,23631,44292
33241,23652,44204
33252,23671,44334
33320,23708,44208
33388,23730,44228
33557,23729,44094
33641,23712,44148
33564,23687,43911
33360,23659,44167
33216,23629,44111
33101,23628,44127
33056,23638,44090
33144,23665,44039
33332,23694,43950
33476,23727,43994
33492,23725,43854
33460,23711,43948
33268,23673,43840
33088,23649,43804
32964,23626,43647
32925,23619,43501
32982,23647,43612
33048,23670,43492
33030,23686,43594
32992,23712,43589
32932,23712,43559
32860,23701,43358
32736,23679,43333
32692,23639,43140
32592,23623,43276
32512,23621,43167
32472,23637,43356
32514,23663,43367
32540,23692,43360
32553,23717,43354
32612,23716,43352
32662,23701,43297
32740,23665,43244
32848,23637,43028
32848,23623,43295
32820,23607,43324
32820,23624,43228
32775,23669,43150
32848,23682,43278
32916,23711,43240
32956,23704,43260
33004,23703,43292
33060,23673,42993
33016,23637,43300
32936,23619,43244
32888,23608,42924
32916,23625,43232
33076,23657,43269
33189,23685,43101
33300,23710,43260
33336,23711,43143
33312,23687,42871
33240,23660,43217
33104,23644,43064
32916,23606,42860
32796,23612,43181
32705,23625,43214
32720,23648,43028
32864,23679,43149
33100,23698,43181
33276,23707,43101
33301,23694,43126
33180,23660,42852
32992,23626,43188
32812,23599,43143
32752,23601,43158
32896,23623,43143
33044,23648,43033
33160,23676,43070
33256,23703,42977
33300,23693,42966
33244,23683,43052
33086,23662,42985
32984,23630,43150
32864,23604,43167
32832,23597,43104
32824,23617,43141
32900,23642,43041
33008,23675,43213
33117,23687,43088
33149,23689,43196
33084,23681,43233
32964,23647,43143
32868,23622,43252
32792,23593,43088
32736,23595,43228
32816,23617,43263
32957,23630,43260
33087,23671,43167
33148,23696,43181
33184,23687,43303
33100,23666,43326
32992,23643,43192
32828,23620,43044
32792,23589,43198
32793,23595,43333
32948,23608,43095
32996,23639,43301
33020,23659,43287
33012,23687,43322
33068,23695,43263
33108,23667,43116
33088,23646,43333
32992,23615,43271
32895,23596,43127
32852,23583,43301
32872,23607,43293
32992,23631,42960
33052,23663,43302
33016,23690,43308
32912,23676,43231
32728,23659,43265
32568,23632,43293
32492,23609,43279
32560,23583,43252
32752,23591,43268
32924,23594,43108
33020,23620,43144
33104,23659,42965
33146,23681,43164
33132,23681,43015
33112,23663,43124
33040,23631,43189
32965,23597,43238
32904,23582,43231
32952,23572,43237
33032,23597,43188
33088,23628,43213
33144,23649,43156
33152,23670,43206
33133,23683,43210
33069,23647,43188
33045,23628,42840
33048,23607,43160
32980,23580,42848
32928,23569,43192
32933,23589,43212
32960,23625,43199
33030,23640,43183
33084,23671,43186
32964,23671,42972
32865,23655,43143
32712,23626,43156
32477,23588,43183
32340,23564,43113
32340,23567,43070
32544,23582,43143
32688,23612,43055
32754,23643,43029
32804,23670,42978
32820,23661,43153
32828,23639,43156
32820,23612,42773
32796,23593,43108
32720,23569,43100
32648,23564,43143
32612,23574,43124
32572,23599,43060
32572,23645,43076
32665,23660,43015
32700,23659,43061
32712,23631,42824
32676,23613,43097
32604,23587,43044
32525,23553,42736
32442,23549,43073
32480,23573,43046
32520,23606,43052
32684,23627,43022
32928,23637,42868
33004,23647,42920
32956,23633,42712
32740,23605,42971
32580,23572,42713
32458,23553,43084
32532,23555,42856
32684,23574,43028
32872,23586,42924
32973,23619,43029
32992,23643,43060
32944,23639,43087
32856,23629,43114
32781,23592,43102
32804,23570,43112
32892,23547,42752
33040,23546,43092
33209,23553,43125
33412,23583,42793
33728,23612,42972
33976,23639,42983
34048,23635,42975
34012,23623,42971
33972,23599,43164
33980,23544,43172
34088,23530,43164
34164,23545,43065
34120,23572,43173
34260,23598,43172
34592,23638,42852
34928,23645,43006
35084,23647,43052
34656,23644,43094
33616,23604,43070
32893,23577,43180
32348,23551,42885
31200,23556,43092
30620,23574,43204
30644,23599,43244
30921,23625,43249
31336,23650,42930
31776,23645,43191
32144,23624,43301
32356,23592,43329
32436,23558,43328
32440,23535,43348
32384,23535,43293
32420,23567,43244
32496,23583,43181
32600,23613,43236
32668,23637,43189
32598,23630,43361
32460,23610,43289
32328,23585,43367
32197,23543,43228
32196,23532,43239
32284,23529,43215
32492,23555,43188
32632,23578,43029
32705,23605,43180
32804,23615,43284
32828,23615,43349
32748,23602,43197
32688,23579,43203
32656,23543,43014
32684,23522,43364
32764,23519,43377
32836,23551,43389
32844,23566,43399
32900,23603,43396
32942,23612,43369
32912,23618,43063
32840,23598,43399
32800,23559,43365
32725,23533,43249
32596,23527,43396
32488,23519,43356
32476,23538,43364
32522,23559,43252
32548,23593,43317
32652,23619,43301
32700,23615,43311
32680,23588,43344
32724,23559,43053
32712,23535,43335
32656,23517,43336
32628,23517,43348
32612,23525,43120
32656,23554,43289
32792,23588,43309
32901,23615,43287
32933,23602,43268
32904,23585,43239
32848,23559,43161
32766,23529,43074
32768,23505,42804
32766,23515,42948
32764,23535,42750
32758,23546,42887
32805,23583,42847
32808,23602,42887
32812,23604,42579
32876,23592,42740
32828,23556,42572
32744,23522,42665
32684,23509,42652
32564,23514,42643
32576,23538,42368
32641,23553,42717
32720,23583,42537
32832,23602,42641
32932,23596,42621
32892,23588,42578
32712,23557,42612
32610,23535,42463
32517,23515,42348
32572,23515,42479
32628,23531,42148
32679,23559,42344
32752,23588,42356
32838,23615,42191
32848,23592,42247
32764,23582,42288
32640,23559,42246
32541,23527,42266
32453,23508,42162
32448,23503,42157
32506,23524,42002
32628,23548,41757
32644,23594,41896
32676,23608,41978
32602,23596,41876
32366,23577,41828
32068,23555,41777
31879,23524,41781
31848,23506,41703
32004,23511,41709
32264,23535,41749
32320,23551,41668
32261,23586,41572
32250,23604,41574
32193,23604,41617
32048,23580,41519
31988,23559,41552
31852,23527,41452
31722,23504,41498
31716,23516,41572
31761,23531,41447
31904,23557,41413
32016,23595,41363
32112,23610,41311
32116,23612,41329
32044,23587,41388
31898,23552,41006
31680,23538,41215
31568,23516,41253
31564,23510,41163
31661,23533,41103
31860,23559,41073
31996,23600,41047
32084,23613,41061
32016,23618,41088
31909,23597,41193
31892,23572,40792
31764,23542,40985
31704,23522,41048
31709,23519,40967
31784,23539,41055
31900,23572,40919
31992,23608,41008
32016,23621,40508
31984,23621,40752
31896,23599,40767
31812,23575,40775
31741,23547,40732
31648,23526,40748
31593,23533,40647
31644,23553,40629
31696,23587,40648
31772,23616,40718
31796,23622,40656
31764,23617,40684
31692,23607,40655
31544,23583,40751
31432,23553,40623
31368,23530,40661
31342,23533,40588
31320,23559,40551
31412,23588,40233
31460,23622,40420
31480,23644,40551
31492,23629,40524
31464,23617,40455
31440,23593,40652
31328,23559,40495
31220,23546,40209
31156,23541,40632
31240,23569,40137
31320,23594,40561
31391,23630,40164
31444,23649,40564
31524,23647,40423
31496,23621,40368
31381,23602,40304
31204,23568,40427
31024,23559,40449
30948,23553,40365
30984,23578,40293
31150,23607,40500
31280,23634,40341
31348,23661,40252
31212,23655,40437
31012,23633,40229
30916,23611,40197
30856,23591,40126
30836,23559,40233
30916,23571,40284
31036,23595,39847
31072,23619,40079
31052,23655,39844
31056,23661,40248
30930,23665,40096
30737,23646,40183
30672,23628,40028
30616,23597,39988
30509,23572,39973
30596,23589,39972
30684,23605,39929
30760,23633,39912
30804,23665,39805
30884,23679,39622
30812,23685,39845
30756,23663,39976
30720,23639,39823
30628,23602,39928
30516,23595,39788
30500,23601,39783
30484,23624,39423
30512,23653,39781
30582,23681,39636
30680,23702,39359
30693,23697,39740
30648,23684,39532
30564,23655,39301
30512,23625,39713
30480,23609,39589
30468,23621,39611
30496,23639,39455
30512,23671,39364
30492,23709,39500
30640,23721,39456
30705,23713,39557
30624,23698,39423
30436,23681,39463
30220,23653,39348
30056,23631,39397
30037,23640,39308
30064,23661,39236
30144,23695,39196
30228,23724,39264
30348,23747,39367
30432,23744,39228
30425,23717,39287
30268,23700,39175
30064,23673,39156
29898,23655,39072
29840,23660,38887
29880,23686,39157
29974,23710,39047
30028,23750,39039
30048,23768,38748
29949,23758,39110
29849,23741,38975
29752,23718,38816
29590,23693,38828
29520,23674,38885
29568,23676,38931
29616,23705,38788
29697,23732,38535
29728,23766,38901
29760,23784,38773
29760,23776,38692
29684,23763,38704
29612,23741,38748
29520,23711,38633
29536,23697,38719
29552,23698,38663
29556,23732,38636
29548,23757,38524
29540,23788,38441
29576,23805,38629
29552,23807,38565
29464,23781,38672
29400,23760,38557
29378,23735,38468
29284,23719,38500
29220,23729,38231
29224,23749,38625
29256,23781,38455
29352,23815,38223
29524,23831,38535
29696,23823,38335
29826,23808,38456
29888,23781,38399
29952,23752,38311
29996,23741,38401
30016,23746,38423
30164,23775,38260
30424,23795,38375
30560,23839,38241
30560,23854,38463
30580,23847,38318
30670,23830,38197
30881,23815,38404
31093,23791,38279
31112,23778,38033
30968,23791,38271
31176,23812,38174
31588,23849,37989
32022,23895,38284
32024,23915,38217
31172,23909,38108
30104,23889,38373
29700,23877,38239
28804,23837,38044
27797,23829,38330
27520,23829,38254
27848,23852,38330
28271,23884,38279
28744,23913,38257
29112,23935,38212
29330,23924,38015
29425,23905,38327
29408,23886,38255
29432,23853,38200
29428,23847,38194
29492,23847,38012
29578,23874,38356
29668,23901,38252
29662,23932,38000
29629,23949,38417
29508,23948,38317
29420,23927,38384
29440,23909,38324
29452,23873,38407
29500,23863,38309
29492,23872,38374
29568,23899,38203
29736,23925,38113
29804,23964,38340
29840,23975,38319
29868,23973,38244
29904,23956,38381
29892,23938,38343
29848,23900,38468
29828,23895,38369
29770,23907,38456
29840,23927,38391
29922,23953,38455
30008,23993,38152
30138,24004,38310
30196,24002,38357
30201,23980,38328
30212,23958,38287
30189,23933,38437
30200,23921,38556
30216,23938,38196
30356,23959,38585
30496,23987,38484
30568,24022,38595
30636,24039,38475
30637,24034,38367
30576,24015,38380
30504,23997,38505
30460,23969,38271
30392,23954,38361
30376,23969,38341
30384,23996,38388
30476,24020,38357
30600,24062,38330
30756,24071,38352
30788,24071,38276
30772,24055,38299
30760,24022,38233
30752,24005,38309
30828,23992,38140
30904,24008,38233
31017,24032,37985
31060,24063,38023
31180,24097,38124
31244,24108,37716
31208,24111,37913
31156,24092,37639
31111,24065,37933
31164,24037,37836
31224,24032,37924
31340,24038,37789
31477,24071,37847
31620,24100,37748
31808,24129,37776
31984,24149,37701
32044,24146,37668
31916,24132,37653
31812,24107,37732
31772,24081,37383
31824,24071,37500
31836,24081,37508
31868,24114,37580
31956,24140,37558
32026,24183,37372
32056,24199,37527
32080,24191,37540
32140,24179,37364
32104,24156,37383
32100,24120,37319
32128,24121,37526
32161,24130,37349
32262,24162,37415
32360,24197,37476
32500,24231,37397
32544,24245,37369
32440,24244,37350
32284,24229,37365
32248,24208,37329
32254,24186,37377
32312,24180,37021
32386,24188,37146
32468,24215,37311
32504,24252,37112
32436,24295,37198
32436,24308,37283
32420,24309,36900
32400,24288,37124
32476,24267,37119
32542,24239,37173
32644,24239,37081
32810,24253,37077
32950,24269,37008
33072,24302,36959
33188,24351,36975
33356,24364,37068
33505,24364,36959
33500,24338,36935
33488,24324,36868
33488,24294,36847
33556,24293,36871
33588,24300,36926
33760,24335,36806
33896,24369,36815
34073,24396,36679
34230,24415,36752
34228,24414,36728
34212,24394,36722
34241,24378,36704
34335,24351,36639
34368,24335,36661
34608,24353,36548
34876,24377,36624
34969,24407,36337
35004,24442,36561
34993,24455,36540
34968,24455,36564
34976,24439,36625
35084,24420,36274
35108,24391,36492
35158,24391,36359
35212,24393,36413
35412,24425,36285
35652,24468,36577
35792,24485,36441
35942,24509,36220
36021,24491,36465
36063,24477,36428
36056,24455,36401
36004,24437,36360
35989,24429,36298
36064,24430,36280
36148,24466,36220
36344,24492,36279
36484,24528,36215
36628,24529,36372
36709,24535,36094
36760,24529,36383
36845,24501,36088
36868,24479,36321
36956,24455,36317
37126,24478,36412
37292,24498,36317
37392,24532,36380
37504,24561,36033
37568,24581,36359
37536,24583,36263
37540,24546,36197
37568,24543,36116
37612,24511,35964
37698,24498,36268
37840,24519,36059
37920,24532,35951
37996,24559,36085
38052,24603,35875
38128,24615,36167
38224,24617,36076
38316,24582,36024
38349,24572,36048
38311,24544,36008
38280,24551,36033
38432,24539,35957
38628,24573,36015
38788,24610,35935
38768,24640,35838
38746,24666,35865
38704,24639,35884
38704,24619,35846
38776,24605,35814
38872,24580,35790
38972,24556,35716
39120,24571,35672
39208,24607,35516
39252,24639,35724
39248,24667,35708
39216,24688,35574
39108,24690,35721
39020,24655,35649
38920,24650,35580
38808,24613,35597
38672,24599,35462
38596,24617,35510
38644,24646,35309
38748,24683,35591
38876,24693,35357
38872,24719,35484
38880,24711,35463
38860,24701,35391
38888,24661,35394
38888,24633,35207
38912,24645,35452
38976,24633,35392
39164,24668,35249
39316,24705,35272
39464,24741,35215
39472,24739,35236
39476,24741,35316
39389,24725,35359
39252,24688,35277
39150,24664,35236
39152,24671,35204
39264,24673,35276
39456,24705,35020
39680,24735,35240
39956,24759,35189
40045,24785,35213
40036,24772,35150
39904,24757,35152
39789,24754,34981
39752,24695,35079
39768,24694,35063
39876,24721,35061
40028,24727,35079
40108,24758,35028
40124,24803,35021
40104,24817,35015
39985,24798,35072
39844,24781,34760
39726,24749,34980
39716,24740,34781
39700,24710,34917
39684,24733,34707
39652,24766,34940
39656,24802,34692
39704,24815,34951
39748,24839,34873
39616,24828,34791
39473,24801,34845
39280,24786,34789
39104,24764,34796
38912,24761,34694
38824,24765,34725
38836,24796,34805
38856,24812,34788
38849,24852,34767
38808,24870,34660
38708,24848,34788
38688,24844,34763
38788,24820,34804
38844,24776,34769
38848,24783,34633
38896,24783,34637
38916,24812,34626
38956,24839,34626
39012,24892,34512
39032,24885,34749
38956,24879,34721
38768,24878,34618
38636,24836,34621
38508,24813,34512
38320,24807,34744
38256,24805,34548
38224,24839,34708
38240,24879,34509
38204,24902,34677
38132,24932,34520
38100,24913,34694
38032,24877,34508
37952,24861,34689
37741,24839,34724
37505,24821,34623
37398,24839,34702
37488,24875,34637
37638,24892,34759
37760,24934,34821
37792,24935,34757
37728,24933,34756
37752,24914,34772
37848,24893,34844
37824,24876,34593
37744,24877,34712
37980,24879,34566
38256,24927,34789
38509,24944,34812
38376,24981,34815
37364,25003,34724
36181,24991,34685
35604,24960,34823
34620,24949,34676
33556,24917,34959
33196,24891,34908
33482,24920,34917
33920,24943,34905
34336,24965,34848
34840,25004,34956
35208,24996,34989
35345,24989,35010
35332,24975,35087
35264,24941,35036
35216,24910,35047
35172,24909,35047
35196,24926,35136
35244,24948,34863
35364,24981,35132
35453,25009,35124
35468,25013,35137
35472,25010,35141
35456,24991,35008
35404,24957,35201
35412,24929,34961
35376,24932,35207
35280,24936,35222
35196,24967,35220
35184,24990,35157
35220,25030,35029
35332,25028,35308
35512,25028,35256
35604,25004,35093
35624,24968,35380
35480,24950,35364
35364,24951,35359
35336,24957,35385
35334,24991,35335
35376,25012,35335
35488,25042,35452
35712,25037,35455
35813,25039,35460
35737,25029,35328
35540,24987,35540
35252,24962,35517
35156,24956,35381
35233,24982,35581
35438,24999,35558
35605,25026,35588
35780,25054,35540
35832,25068,35528
35736,25045,35540
35617,25035,35497
35548,25007,35556
35532,24978,35591
35672,24977,35537
35728,24980,35560
35776,25008,35516
35792,25036,35509
35836,25084,35478
35860,25083,35504
35744,25067,35404
35564,25047,35457
35484,25018,35381
35480,24989,35413
35524,24983,35124
35624,25001,35212
35704,25020,35180
35800,25055,35221
35872,25083,35221
35860,25091,34925
35740,25083,35204
35520,25060,35111
35304,25024,35109
35192,25010,35041
35200,24997,35071
35308,25004,34981
35468,25034,34780
35556,25060,34913
35668,25095,34932
35677,25116,34874
35620,25093,34882
35520,25071,34872
35428,25041,34878
35312,25005,34818
35256,25010,34819
35256,25026,34719
35328,25049,34805
35388,25067,34684
35406,25100,34773
35372,25109,34698
35400,25093,34727
35254,25084,34634
35136,25046,34717
35013,25021,34612
34892,25021,34610
34892,25024,34511
34868,25057,34733
34848,25090,34476
34796,25110,34716
34704,25125,34645
34588,25108,34502
34516,25090,34503
34472,25061,34476
34364,25031,34520
34276,25021,34377
34216,25039,34604
34172,25068,34534
34204,25095,34453
34233,25127,34498
34284,25135,34417
34276,25125,34397
34136,25094,34250
34013,25065,34420
33976,25039,34205
33917,25036,34439
33824,25047,34375
33718,25076,34284
33712,25108,34222
33828,25143,34230
33893,25142,34148
33924,25129,34348
33892,25105,34112
33756,25079,34310
33628,25057,34256
33536,25049,34277
33440,25065,34197
33508,25089,34017
33605,25121,34247
33712,25148,34183
33828,25156,34048
33861,25134,34037
33788,25114,33957
33640,25095,34176
33481,25068,34092
33332,25060,33892
33320,25073,34145
33325,25093,34065
33412,25130,33988
33516,25159,34040
33636,25167,33921
33700,25145,34095
33660,25124,34000
33516,25097,33900
33368,25075,33980
33268,25064,33839
33328,25087,33910
33432,25101,33863
33676,25135,33962
33860,25161,33834
33868,25167,34016
33784,25155,33972
33688,25139,33965
33592,25107,33860
33520,25087,33763
33520,25069,33884
33568,25081,33957
33544,25111,33923
33428,25149,33960
33296,25176,33999
33240,25181,33868
33184,25161,33961
33208,25140,33945
33205,25119,33877
33152,25084,33765
33092,25087,34021
33104,25095,33913
32998,25119,33853
32860,25148,33764
32764,25182,34001
32764,25183,33945
32768,25169,33843
32704,25150,33815
32640,25124,33716
32632,25093,33964
32640,25087,33901
32689,25101,33927
32732,25124,33678
32809,25154,33775
32884,25185,33710
32834,25195,33741
32735,25172,33684
32672,25151,33805
32648,25129,33653
32592,25095,33748
32545,25081,33604
32656,25111,33816
32792,25135,33764
32852,25163,33716
32944,25188,33681
32948,25188,33577
32856,25179,33606
32743,25156,33543
32540,25132,33705
32400,25105,33485
32416,25095,33569
32544,25108,33523
32556,25138,33605
32544,25164,33553
32484,25195,33612
32404,25199,33504
32336,25183,33444
32308,25156,33468
32229,25133,33460
32124,25100,33527
32024,25100,33508
31988,25118,33509
32036,25141,33389
32154,25165,33432
32280,25194,33334
32388,25205,33361
32333,25185,33309
32157,25162,33341
32037,25130,33287
31992,25095,33317
32040,25100,33244
32072,25126,33400
32172,25141,33367
32220,25171,33185
32220,25197,33273
32328,25207,33332
32380,25190,33340
32380,25163,33133
32416,25135,33265
32468,25103,33253
32538,25103,33225
32644,25114,33209
32712,25143,33158
32684,25172,33149
32720,25199,33028
32686,25203,33036
32644,25181,32933
32568,25164,33110
32484,25132,33028
32384,25108,32827
32308,25104,32987
32341,25119,32972
32480,25138,32998
32549,25164,32932
32704,25202,32932
32810,25205,32873
32821,25184,32732
32767,25158,32820
32660,25135,32724
32505,25103,32781
32448,25100,32613
32496,25127,32647
32556,25135,32557
32556,25173,32655
32528,25199,32537
32500,25207,32698
32436,25183,32669
32378,25157,32569
32308,25131,32608
32141,25108,32510
31972,25095,32588
32004,25121,32438
32128,25141,32532
32208,25165,32404
32240,25199,32442
32141,25197,32357
31920,25181,32448
31740,25159,32359
31728,25127,32550
31745,25095,32496
31740,25095,32537
31732,25108,32492
31692,25141,32513
31748,25164,32332
31828,25188,32456
31870,25188,32381
31828,25180,32492
31752,25154,32436
31696,25125,32292
31582,25095,32324
31464,25084,32431
31508,25103,32457
31624,25133,32408
31793,25162,32262
31920,25191,32444
31949,25188,32412
31952,25169,32396
31876,25140,32389
31792,25115,32421
31676,25081,32389
31597,25091,32325
31648,25105,32297
31773,25124,32205
31924,25153,32254
32100,25178,32189
32284,25183,32389
32428,25159,32317
32452,25143,32196
32430,25119,32349
32576,25084,32324
32813,25079,32217
33000,25095,32302
33124,25117,32211
33322,25153,32293
33488,25181,32151
33588,25180,32271
33416,25172,32304
33052,25145,32307
32869,25121,32319
32944,25094,32285
33124,25102,32112
33292,25112,32327
32708,25141,32285
31470,25175,32319
31060,25199,32297
30724,25207,32240
29605,25184,32287
28841,25156,32263
28672,25132,32324
28916,25102,32361
29328,25092,32327
29752,25109,32258
30124,25135,32340
30440,25156,32200
30616,25185,32263
30668,25183,32214
30592,25164,32373
30460,25140,32215
30348,25103,32386
30320,25084,32352
30316,25077,32212
30382,25095,32280
30540,25119,32213
30688,25148,32263
30719,25175,32198
30672,25172,32326
30584,25157,32390
30616,25127,32404
30712,25095,32204
30756,25079,32297
30736,25066,32231
30732,25085,32302
30748,25111,32211
30745,25143,32333
30784,25161,32228
30812,25158,32400
30788,25148,32263
30762,25121,32341
30732,25090,32240
30665,25060,32394
30660,25068,32270
30692,25083,32365
30748,25100,32304
30836,25133,32360
30996,25157,32301
31172,25157,32506
31160,25133,32322
31004,25110,32496
30725,25081,32463
30548,25055,32464
30485,25053,32460
30534,25068,32403
30672,25087,32439
30740,25124,32357
30784,25149,32421
30756,25151,32421
30728,25133,32389
30660,25109,32196
30564,25076,32303
30444,25050,32140
30364,25045,32319
30477,25060,32102
30649,25089,32240
30728,25113,32037
30855,25142,32220
30934,25146,32151
30936,25121,32141
30869,25095,31973
30796,25068,32084
30728,25041,31843
30696,25040,31917
30656,25063,31804
30690,25081,31816
30836,25101,31742
30936,25133,31785
30976,25137,31687
30944,25113,31773
30900,25087,31767
30836,25061,31751
30837,25034,31704
30884,25028,31540
30914,25047,31582
30948,25071,31489
30946,25101,31612
30937,25127,31621
30929,25125,31535
30908,25105,31412
30896,25083,31479
30856,25050,31373
30644,25028,31548
30476,25025,31503
30438,25042,31433
30509,25067,31304
30588,25095,31404
30677,25116,31251
30732,25117,31372
30680,25093,31392
30545,25075,31172
30432,25045,31284
30334,25017,31216
30372,25015,31238
30392,25033,31181
30464,25056,31021
30468,25088,31140
30357,25116,31004
30208,25114,31009
30016,25095,30871
29852,25065,30889
29772,25028,30780
29756,25008,30790
29716,25012,30697
29653,25031,30818
29615,25051,30627
29604,25080,30629
29668,25110,30560
29740,25102,30577
29740,25085,30376
29636,25061,30480
29492,25036,30332
29396,25011,30218
29378,25009,30313
29536,25023,30164
29752,25049,30021
29976,25079,30096
30013,25103,30029
29900,25108,29836
29748,25080,29766
29577,25060,29641
29432,25028,29685
29296,25004,29548
29285,25004,29521
29216,25023,29317
29048,25049,29310
28940,25075,29137
28870,25103,29145
28824,25095,28980
28716,25076,28944
28572,25059,28748
28444,25027,28583
28356,25005,28607
28304,25005,28458
28292,25018,28396
28368,25041,28183
28472,25073,28167
28560,25095,27959
28540,25095,27978
28408,25071,27740
28261,25052,27765
28064,25026,27599
27896,24996,27502
27852,24996,27477
28008,25010,27352
28244,25042,27157
28405,25068,27108
28384,25092,26993
28292,25087,26767
28248,25063,26722
28312,25044,26513
28376,25009,26486
28316,24990,26323
28224,24995,26188
28148,25007,26088
28196,25028,26001
28312,25068,25851
28592,25085,25671
28837,25082,25565
28992,25055,25394
28908,25037,25304
28620,25007,25110
28364,24980,25017
28184,24991,24745
28061,25006,24692
28094,25029,24462
28248,25060,24413
28340,25085,24261
28336,25073,24069
28378,25060,23950
28321,25034,23788
28156,25000,23600
28038,24983,23429
28130,24974,23316
28324,24996,23143
28512,25016,22983
28644,25053,22823
28704,25071,22641
28628,25077,22500
28436,25053,22326
28160,25028,22177
27961,24997,22004
27860,24973,21848
27801,24976,21653
27861,24992,21531
27892,25020,21360
27932,25045,21209
28020,25068,21063
27994,25067,20887
27808,25039,20743
27504,25025,20572
27208,24988,20420
27060,24975,20268
27031,24960,20097
27144,24989,19938
27440,25012,19796
27648,25039,19620
27610,25061,19500
27432,25063,19320
27336,25051,19190
27396,25019,18992
27524,24987,18824
27742,24960,18679
27954,24956,18521
28112,24983,18374
28232,24999,18218
28248,25036,18055
28316,25055,17980
28172,25057,17780
27925,25035,17686
27664,25004,17481
27556,24981,17368
27552,24960,17173
27706,24954,17076
28088,24976,16825
28420,24996,16720
28697,25025,16661
28868,25050,16460
28878,25051,16351
28720,25024,16108
28544,24997,15992
28396,24971,15828
28312,24951,15744
28372,24945,15548
28484,24966,15529
28652,24991,15303
28816,25021,15268
28968,25037,15081
29004,25037,15022
29048,25021,14815
29116,24991,14748
29076,24963,14466
28968,24937,14508
28908,24941,14281
29064,24960,14262
29164,24987,13994
29144,25011,13916
29168,25036,13735
29148,25030,13709
29140,25011,13481
29100,24981,13358
29096,24949,13413
29009,24935,13197
29156,24928,13175
29264,24956,12953
29408,24974,12918
29480,25010,12733
29445,25024,12670
29296,25026,12646
29428,25007,12496
29600,24976,12524
29532,24944,12247
29220,24930,12174
29116,24924,12217
29172,24946,12086
29344,24967,12066
29690,24995,11841
30033,25019,11790
30180,25016,11888
30076,24989,11684
30116,24967,11712
30228,24939,11536
30078,24913,11620
29836,24917,11458
29776,24933,11492
29794,24953,11263
29864,24990,11264
29980,25008,11167
29968,25005,11132
29820,24988,11084
29712,24957,11036
29708,24923,10977
29852,24905,10945
30008,24912,10865
30084,24925,10891
30056,24956,10776
30112,24980,10903
30056,24998,10759
29948,24988,10806
29908,24976,10694
29860,24948,10684
29768,24913,10588
29804,24895,10603
29944,24901,10516
30040,24919,10562
30180,24941,10333
30376,24967,10403
30620,24988,10252
30696,24980,10251
30724,24963,10292
30800,24941,10220
31008,24902,10311
31208,24877,10175
31424,24885,10173
31572,24903,10126
31828,24927,10115
32168,24964,10176
32620,24979,10060
32918,24972,10126
33112,24954,9940
33287,24921,9911
33541,24895,9910
33844,24876,9836
34008,24875,9929
33902,24898,9800
34044,24935,9920
34214,24956,9789
34040,24987,9881
33580,24987,9766
32445,24967,9821
31016,24948,9917
30616,24908,9864
30088,24894,9924
29088,24899,9840
28554,24913,9918
28677,24935,9824
29140,24968,9929
29696,24981,9776
30026,24975,9923
30152,24959,9824
30289,24924,9947
30324,24893,9883
30341,24876,9976
30340,24876,9900
30420,24893,9892
30608,24918,9924
30792,24951,10005
30988,24963,9933
30965,24965,10020
30896,24934,9944
30752,24913,9990
30612,24876,9877
30436,24861,9879
30440,24866,9957
30542,24879,9943
30572,24902,10057
30704,24935,9977
30796,24941,9936
30876,24948,9949
30640,24932,9958
30376,24894,10133
30333,24870,9982
30616,24838,9972
30936,24845,10175
31286,24868,10098
31380,24892,10194
31328,24927,10078
31260,24935,10151
31144,24935,10164
31173,24913,10226
31228,24887,10288
31236,24848,10359
31300,24834,10302
31316,24829,10383
31296,24859,10324
31264,24879,10315
31332,24909,10474
31524,24929,10403
31684,24921,10420
31708,24892,10434
31688,24870,10525
31664,24839,10500
31560,24815,10635
31536,24824,10528
31520,24845,10576
31464,24870,10580
31472,24901,10545
31564,24922,10725
31622,24911,10555
31672,24888,10587
31740,24861,10709
31932,24831,10654
32078,24809,10614
32072,24812,10646
32044,24829,10719
31948,24865,10626
32072,24892,10748
32340,24908,10577
32568,24900,10678
32664,24881,10561
32638,24847,10624
32650,24820,10666
32592,24794,10628
32476,24794,10693
32489,24824,10641
32512,24837,10610
32540,24881,10788
32484,24895,10647
32508,24885,10738
32441,24864,10730
32349,24837,10801
32372,24809,10680
32333,24796,10804
32309,24785,10692
32460,24807,10856
32484,24823,10690
32492,24861,10801
32556,24885,10702
32644,24883,10742
32586,24853,10727
32352,24821,10770
32140,24797,10749
31984,24772,10787
31961,24783,10948
32060,24801,10834
32126,24820,10902
32104,24859,10853
32036,24868,11028
31948,24861,10892
32048,24839,10900
32250,24815,11067
32260,24780,11063
31881,24763,11038
31544,24780,11157
31336,24790,11178
31304,24815,11265
31428,24849,11169
31636,24860,11205
31784,24856,11394
31812,24829,11321
31928,24812,11424
31928,24775,11520
31880,24751,11548
31860,24762,11702
31752,24783,11622
31760,24807,11695
31840,24839,11823
31900,24853,11921
31914,24847,11963
31870,24818,12124
31824,24804,12151
31870,24761,12252
31920,24745,12368
31992,24759,12496
32176,24778,12599
32384,24793,12718
32614,24835,12906
32872,24844,12988
33045,24834,13249
33036,24816,13345
32864,24791,13509
32760,24759,13561
32716,24741,13738
32768,24742,13996
32921,24770,14010
33128,24789,14181
33184,24831,14421
33164,24838,14534
33128,24829,14805
33013,24806,14893
32900,24781,15093
32712,24746,15317
32620,24724,15440
32588,24728,15768
32708,24754,15878
32916,24782,16198
33102,24821,16346
33124,24826,16629
33005,24814,16779
33008,24794,17080
33036,24766,17224
32996,24741,17445
32976,24732,17687
33008,24726,17909
33060,24748,18178
33080,24773,18435
33080,24799,18673
33061,24813,18935
32998,24813,19221
32912,24791,19460
32824,24759,19740
32704,24732,19959
32568,24716,20233
32508,24721,20508
32604,24737,20750
32772,24760,21014
32908,24797,21269
33036,24812,21527
33164,24796,21785
33212,24777,22040
33132,24751,22301
32961,24721,22556
32796,24707,22804
32784,24719,23057
32760,24737,23252
32840,24757,23535
32970,24787,23717
33157,24797,24011
33232,24796,24222
33196,24767,24495
32972,24744,24719
32772,24717,24876
32636,24703,25161
32625,24700,25266
32708,24725,25588
32758,24746,25716
32740,24780,26000
32668,24796,26172
32528,24786,26420
32432,24769,26574
32436,24732,26822
32336,24700,26965
32288,24689,27206
32300,24692,27346
32292,24724,27521
32374,24740,27712
32504,24775,27822
32628,24781,28095
32584,24775,28188
32480,24759,28487
32429,24725,28545
32408,24693,28741
32340,24677,28807
32262,24684,29108
32101,24705,29117
32072,24735,29389
32100,24745,29496
32160,24774,29721
32304,24771,29844
32433,24741,29861
32492,24717,30052
32476,24681,30119
32464,24672,30367
32468,24677,30391
32552,24692,30689
32596,24724,30793
32648,24754,30823
32640,24767,31005
32516,24757,31005
32308,24732,31164
32164,24707,31218
32132,24675,31469
32128,24657,31608
32184,24677,31697
32276,24690,31796
32320,24711,31756
32368,24745,32060
32357,24753,32141
32300,24751,32187
32224,24727,32318
32160,24702,32345
32096,24670,32442
32076,24648,32465
32112,24667,32753
32173,24681,32815
32284,24708,32900
32368,24734,32821
32465,24744,33111
32432,24739,32985
32312,24718,33313
32133,24687,33365
32032,24656,33422
31920,24645,33527
31925,24649,33544
32080,24677,33685
32292,24695,33668
32512,24723,33838
32601,24733,33780
32546,24727,33999
32457,24703,33980
32304,24676,34219
32096,24642,34308
31964,24628,34349
31940,24634,34501
32012,24659,34645
32124,24687,34677
32228,24711,34818
32292,24724,34855
32208,24721,34921
32048,24693,35012
31901,24662,35132
31852,24631,35163
31916,24614,35164
32084,24624,35319
32196,24650,35369
32192,24671,35492
32232,24699,35543
32188,24725,35622
32212,24710,35601
32284,24679,35751
32340,24657,35844
32260,24621,35988
32152,24615,35989
32124,24613,36000
32288,24637,36063
32501,24663,36060
32708,24686,36224
32888,24693,36296
33028,24687,36231
33156,24674,36473
33248,24636,36436
33236,24602,36309
33320,24588,36484
33552,24601,36629
33820,24619,36525
34149,24645,36565
34462,24685,36591
34614,24694,36543
34693,24671,36861
34852,24653,36814
34828,24631,36929
34740,24599,36756
34862,24599,36855
35008,24621,36809
34900,24628,36904
34688,24661,36876
33796,24697,36914
32356,24707,36868
31724,24695,37082
31340,24668,36809
30352,24641,36989
29784,24614,37023
29924,24595,37117
30540,24602,37111
31074,24621,37167
31360,24642,37265
31444,24673,37180
31534,24674,37231
31648,24669,36963
31680,24652,37190
31780,24620,37140
31840,24591,37214
31752,24575,37142
31716,24575,37127
31756,24605,36996
31792,24625,37201
31740,24653,37060
31768,24666,37145
31732,24658,37260
31664,24634,37255
31712,24609,37344
31740,24568,36981
31694,24553,37193
31746,24571,37124
31854,24583,37093
32004,24612,36948
32220,24647,37215
32376,24648,37065
32388,24641,37132
32312,24615,37064
32249,24586,37151
32160,24553,37142
32004,24546,37044
31892,24561,36992
31900,24572,36845
31974,24603,37170
32040,24639,37061
32096,24644,36934
32096,24627,36925
32109,24601,36893
32153,24572,36948
32136,24545,36916
32039,24529,36889
32028,24532,36783
32068,24565,36806
32133,24597,36543
32144,24623,36780
32172,24625,36652
32144,24609,36546
32202,24583,36541
32236,24567,36457
32212,24522,36440
32269,24516,36189
32388,24523,36261
32544,24548,36231
32597,24572,36239
32600,24597,35940
32584,24606,35952
32560,24596,35813
32508,24577,35809
32568,24546,35516
32668,24519,35744
32628,24505,35378
32540,24516,35588
32604,24535,35428
32770,24558,35258
32892,24601,35215
33027,24593,35056
33124,24583,35064
33156,24565,35044
33124,24533,34688
33024,24503,34717
32884,24495,34508
32834,24502,34695
32804,24526,34541
32884,24543,34268
32948,24581,34404
32980,24591,34281
32964,24575,34172
32820,24552,34091
32748,24527,34020
32676,24489,33905
32754,24475,33866
32908,24488,33715
33056,24518,33647
33084,24541,33539
33100,24565,33431
33084,24576,33308
32996,24561,33190
32836,24531,33124
32646,24508,32846
32542,24474,32833
32412,24464,32687
32365,24477,32636
32372,24495,32482
32366,24519,32447
32372,24553,32279
32344,24561,32213
32344,24549,32077
32256,24519,32165
32252,24495,32029
32256,24471,31769
32255,24455,31736
32288,24469,31567
32232,24486,31513
32165,24513,31360
32144,24543,31428
32016,24549,31257
31892,24539,31064
31832,24508,31145
31836,24484,31012
31784,24448,30816
31688,24437,30849
31704,24454,30736
31748,24470,30681
31808,24502,30548
31892,24535,30503
32108,24535,30263
32192,24533,30228
32196,24498,30109
32120,24474,30125
31966,24445,29969
31776,24431,30012
31692,24444,29927
31644,24472,29821
31793,24489,29763
32022,24519,29625
32092,24532,29566
31889,24519,29385
31704,24499,29377
31648,24466,29226
31716,24431,29234
31896,24425,29103
32196,24438,29191
32384,24457,29062
32540,24479,29071
32684,24518,28996
32789,24518,28831
32800,24504,28865
32648,24482,28732
32470,24455,28792
32296,24421,28596
32210,24417,28695
32240,24425,28638
32396,24449,28588
32580,24475,28380
32673,24503,28391
32696,24508,28276
32600,24500,28292
32465,24466,28303
32420,24445,28172
32408,24412,28196
32412,24399,28222
32436,24416,28204
32472,24436,28164
32492,24460,28129
32574,24489,27937
32656,24503,28022
32752,24477,27934
32744,24463,27972
32684,24429,27911
32560,24399,27847
32480,24391,27916
32440,24396,27910
32436,24426,27737
32527,24455,27821
32586,24475,27853
32677,24498,27660
32680,24475,27756
32620,24449,27620
32533,24427,27684
32372,24383,27636
32244,24383,27725
32244,24393,27689
32272,24410,27582
32264,24445,27602
32360,24477,27495
32456,24487,27573
32492,24456,27579
32400,24434,27468
32272,24409,27519
32140,24371,27335
32121,24368,27413
32178,24380,27473
32320,24410,27316
32449,24423,27380
32488,24460,27279
32500,24469,27390
32370,24447,27363
32212,24429,27244
32096,24392,27306
32056,24364,27264
32108,24345,27284
32276,24359,27124
32420,24405,27189
32460,24421,27105
32456,24452,27208
32425,24445,27200
32400,24443,27178
32328,24409,27077
32310,24383,27150
32278,24359,27134
32248,24347,26978
32317,24364,27045
32512,24389,27020
32704,24408,27015
32872,24439,27079
32949,24436,27052
32988,24430,27049
32912,24400,26887
32896,24378,27031
32836,24341,27030
32796,24327,26895
32796,24354,26960
32784,24377,26889
32768,24405,26981
32888,24429,26851
33024,24418,26996
33044,24417,26991
32958,24389,27001
32940,24363,26973
32972,24334,27001
33036,24326,26962
33228,24343,27004
33381,24366,26931
33468,24397,26964
33488,24414,26852
33412,24421,26948
33262,24406,26853
33120,24383,26995
33036,24345,26982
32992,24320,26900
32928,24320,27007
32908,24320,26931
32976,24344,26996
33104,24378,26895
33332,24397,26941
33564,24404,26874
33600,24386,26946
33432,24364,26958
33088,24340,27005
32772,24309,26868
32668,24301,26996
32768,24311,26944
32960,24329,27012
33232,24367,26983
33448,24388,27015
33416,24399,27021
33320,24385,27019
33212,24348,27009
33108,24323,26913
33092,24303,26961
33068,24281,26948
33068,24303,27028
33024,24320,27047
32956,24357,27017
32888,24377,27049
32956,24380,26978
33016,24367,27056
32972,24341,27019
32884,24314,27080
32744,24287,26999
32700,24277,27092
32808,24296,27051
32980,24317,27113
33222,24340,26964
33444,24365,27071
33613,24368,26981
33756,24354,27126
33916,24332,27028
33900,24301,27111
33752,24261,27076
33843,24256,27173
34141,24281,27117
34500,24297,27196
34849,24327,27104
35160,24358,27175
35352,24359,27064
35420,24357,27241
35352,24316,27225
35180,24293,27137
35065,24265,27198
35397,24264,27143
35708,24292,27241
35712,24303,27260
35188,24330,27279
33988,24374,27279
33270,24378,27243
33074,24353,27150
32092,24327,27236
31152,24302,27148
30945,24265,27294
31196,24261,27209
31604,24271,27295
31852,24298,27285
31960,24324,27361
32176,24353,27336
32348,24352,27449
32496,24332,27460
32516,24305,27462
32536,24277,27495
32460,24239,27468
32414,24234,27506
32492,24252,27472
32584,24277,27543
32648,24301,27538
32644,24333,27522
32549,24329,27621
32464,24317,27551
32352,24286,27667
32288,24267,27589
32325,24238,27654
32350,24225,27686
32380,24238,27679
32388,24267,27718
32452,24288,27746
32485,24312,27672
32436,24321,27732
32320,24301,27714
32256,24277,27806
32202,24252,27854
32142,24214,27860
32144,24208,27910
32277,24231,27932
32368,24256,27832
32429,24273,27971
32500,24297,27860
32584,24300,27957
32636,24293,27988
32574,24261,28039
32428,24239,28015
32340,24201,27950
32429,24199,28101
32592,24214,28137
32641,24243,28067
32616,24271,28112
32572,24289,28016
32596,24284,28087
32648,24285,28006
32638,24251,28106
32484,24224,27989
32296,24192,28133
32160,24191,28036
32192,24199,28096
32358,24224,27964
32520,24255,28104
32684,24284,27999
32817,24276,28045
32804,24263,27963
32660,24233,28034
32564,24208,27967
32528,24176,28062
32636,24179,27959
32740,24193,28048
32776,24212,28022
32900,24252,27846
33044,24278,27952
33202,24269,28007
33276,24249,27947
33224,24224,27980
33082,24199,27836
32928,24172,27912
32864,24174,27864
32964,24175,27953
33164,24200,27924
33264,24229,27812
33272,24255,27881
33210,24259,27736
33204,24243,27799
33372,24210,27738
33376,24181,27792
33232,24162,27747
33022,24154,27856
32984,24165,27844
33108,24194,27729
33160,24221,27788
33180,24250,27655
33148,24244,27789
33084,24225,27651
32964,24199,27731
32820,24175,27813
32705,24151,27645
32616,24135,27734
32629,24156,27716
32600,24178,27757
32596,24212,27781
32636,24232,27696
32646,24229,27797
32596,24219,27813
32480,24191,27794
32409,24163,27709
32336,24133,27757
32368,24121,27749
32312,24148,27854
32249,24173,27861
32204,24202,27757
32296,24218,27816
32400,24226,27782
32436,24199,27943
32496,24180,27953
32480,24142,27842
32448,24127,28022
32456,24117,27996
32604,24135,27913
32761,24158,28077
33008,24193,28140
33174,24212,28063
33176,24211,28142
33100,24195,28234
33012,24164,28167
32870,24141,28382
32688,24127,28429
32608,24113,28496
32604,24125,28539
32680,24148,28616
32840,24182,28665
33056,24203,28729
33236,24205,28785
33256,24182,28699
33221,24166,28853
33100,24138,28919
32876,24108,29115
32640,24108,29191
32534,24116,29142
32596,24148,29276
32777,24175,29287
33045,24189,29541
33224,24202,29613
33229,24183,29541
33212,24155,29713
33183,24132,29774
33156,24095,30033
33168,24094,30126
33204,24118,30185
33262,24135,30348
33372,24164,30468
33456,24189,30557
33488,24184,30690
33440,24169,30770
33320,24144,30836
33189,24118,30978
33116,24085,30953
33164,24084,31111
33276,24101,31172
33360,24133,31388
33428,24157,31401
33476,24178,31621
33524,24182,31809
33472,24155,31890
33348,24133,32078
33174,24108,32177
33036,24071,32301
33012,24068,32403
33117,24093,32399
33192,24122,32580
33228,24145,32608
33266,24167,32859
33236,24172,32911
33220,24151,33104
33124,24124,33196
32976,24101,33319
32868,24061,33385
32809,24068,33309
32800,24085,33508
32778,24104,33582
32820,24132,33796
32864,24165,33919
32916,24160,33906
32940,24120,33964
32976,24109,34127
32928,24085,34191
32788,24066,34348
32736,24062,34366
32756,24068,34453
32804,24096,34474
32832,24139,34641
32912,24155,34708
32968,24157,34916
32944,24133,35004
32857,24109,35144
32708,24071,35185
32544,24049,35268
32482,24041,35335
32448,24068,35384
32514,24095,35517
32640,24127,35650
32800,24143,35692
32852,24137,35719
32916,24132,35809
32996,24096,35822
33032,24067,35959
33045,24043,35957
33120,24034,36153
33197,24063,36245
33248,24087,36364
33308,24115,36389
33264,24136,36535
33212,24130,36452
33132,24113,36710
33020,24095,36705
32964,24057,36701
32926,24033,36739
32836,24031,36677
32796,24049,37041
32804,24081,37052
32952,24108,37207
33040,24127,37193
33113,24123,37247
33152,24111,37311
33064,24076,37182
32940,24052,37607
32856,24029,37577
32792,24019,37556
32736,24044,37666
32756,24071,37791
32758,24092,37879
32864,24124,37796
32924,24114,37991
32868,24098,37972
32708,24071,38188
32488,24046,38139
32241,24013,37989
32084,24019,38430
32109,24037,38326
32248,24068,38367
32452,24089,38605
32636,24108,38535
32704,24103,38332
32656,24079,38727
32548,24061,38493
32440,24033,38831
32336,24003,38573
32208,24009,39015
32212,24021,39005
32308,24045,39104
32460,24078,39105
32566,24103,39108
32596,24100,39119
32564,24078,39009
32522,24053,39468
32440,24012,39364
32344,23996,39279
32316,24000,39652
32504,24015,39599
32737,24037,39694
32884,24071,39687
32968,24092,39684
32932,24084,39860
32924,24062,39589
32889,24042,40036
32816,24013,40028
32704,23992,40108
32660,23985,40008
32696,24006,40095
32800,24033,40270
32972,24050,40302
33092,24071,40289
33148,24084,40479
33200,24062,40468
33376,24030,40535
33440,23999,40296
33505,23974,40781
33600,23972,40687
33740,23996,40659
33916,24023,40812
34080,24047,40839
34316,24064,40948
34560,24071,40802
34780,24052,40900
34836,24029,40996
34750,24008,40996
34500,23984,41121
34600,23981,41255
34940,24000,41220
35200,24029,41344
35168,24065,41324
34372,24090,41399
33220,24089,41400
32704,24071,41584
31972,24038,41495
30688,24007,41479
30120,23982,41479
30356,23985,41625
30852,23997,41679
31388,24018,41628
31876,24055,41796
32286,24071,41549
32620,24068,41959
32768,24047,41607
32772,24020,42103
32632,23989,42056
32481,23967,42208
32432,23971,42156
32416,23980,42257
32532,23998,42239
32720,24028,42167
32856,24057,42212
32712,24049,42277
32504,24027,42351
32424,24007,42117
32432,23982,42500
32563,23945,42219
32621,23952,42660
32724,23974,42655
32813,23999,42780
32900,24026,42791
32968,24055,42782
32968,24043,42900
32848,24028,42919
32712,23987,43003
32612,23961,43099
32537,23938,43132
32564,23945,43132
32608,23968,43235
32676,23983,43292
32764,24017,43365
32788,24039,43394
32757,24027,43423
32760,24017,43356
32716,23987,43524
32596,23959,43628
32500,23927,43645
32420,23937,43702
32396,23955,43609
32500,23981,43722
32548,24007,43607
32652,24023,43839
32669,24023,43932
32632,24004,43947
32584,23987,43976
32521,23950,43964
32448,23923,43696
32404,23924,43909
32396,23950,43892
32423,23975,44060
32500,24002,43992
32616,24015,44092
32688,24014,44032
32664,23998,44113
32600,23973,44077
32513,23937,44156
32432,23915,44069
32448,23916,43961
32560,23934,44084
32688,23965,44026
32832,23992,43999
32912,24015,43869
32884,24008,44038
32856,23999,43828
32972,23959,44133
33020,23933,44156
32996,23911,44141
32980,23909,44184
32989,23929,44108
33052,23953,43865
33172,23985,44032
33349,24007,43942
33392,24004,44180
33280,23980,44172
33160,23961,44209
33048,23921,44164
32860,23903,43911
32848,23904,44091
32968,23924,44073
33166,23949,44180
33312,23991,43973
33472,23999,44222
33624,23991,44271
33664,23981,44133
33560,23947,44225
33382,23919,43976
33284,23895,44236
33204,23893,44292
33284,23915,44277
33456,23943,44313
33577,23975,44256
33608,23994,44295
33492,23989,44145
33432,23973,44068
33389,23949,44148
33352,23905,44068
33248,23887,44132
33116,23893,44008
33048,23913,44118
33124,23938,44095
33300,23972,44244
33412,23993,44111
33348,23977,44100
33238,23959,43928
33173,23942,44082
33185,23896,43879
33212,23885,44064
33224,23892,44157
33184,23913,44135
33188,23935,44156
33296,23964,44112
33324,23989,44120
33204,23978,44089
33048,23963,44076
32980,23935,44056
32925,23898,43760
32920,23885,43973
33024,23898,43911
33072,23901,44025
33148,23929,43956
33100,23970,43965
33000,23988,43812
32968,23983,43845
32976,23952,43800
32940,23933,43849
32910,23897,43781
32901,23879,43797
32916,23880,43609
32945,23898,43765
33080,23927,43764
33212,23960,43877
33252,23980,43820
33268,23976,43857
33228,23959,43812
33120,23933,43797
32996,23903,43748
32920,23878,43468
32900,23887,43751
32940,23907,43463
33012,23928,43684
33109,23957,43573
33208,23970,43580
33205,23976,43399
33180,23951,43559
33100,23932,43381
33016,23890,43629
32949,23873,43654
32997,23879,43628
33080,23909,43629
33244,23932,43612
33388,23957,43596
33388,23983,43433
33230,23967,43442
33158,23943,43421
33144,23921,43441
33224,23898,43509
33332,23877,43550
33405,23879,43478
33384,23904,43236
33344,23916,43431
33472,23959,43236
33580,23973,43345
33600,23973,43301
33456,23949,43320
33328,23919,43317
33272,23898,43398
33228,23873,43387
33216,23879,43423
33268,23901,43380
33470,23932,43345
33652,23949,43348
33752,23965,43293
33633,23966,43324
33424,23950,43279
33268,23927,43199
33172,23887,43074
33220,23875,43041
33260,23876,43191
33332,23892,43143
33376,23923,42749
33372,23965,42972
33408,23971,42713
33396,23970,43024
33300,23954,42652
33173,23932,42804
33036,23899,42796
32936,23864,42804
32929,23870,42744
32985,23892,42836
32996,23920,42860
33080,23959,42432
33210,23975,42781
33245,23967,42684
33204,23943,42749
33156,23913,42652
33092,23880,42567
33024,23866,42471
33028,23876,42437
33080,23896,42200
33120,23925,42558
33184,23943,42145
33304,23969,42566
33325,23971,42484
33240,23940,42519
32976,23916,42363
32756,23887,42256
32708,23871,42263
32764,23884,42364
32944,23886,42341
33192,23922,42321
33282,23956,42384
33228,23967,42271
33208,23969,42282
33116,23940,41855
33144,23916,42078
33376,23878,42085
33501,23872,42149
33600,23869,42048
33582,23900,42073
33424,23930,42109
33348,23956,42212
33396,23975,42026
33436,23973,42050
33440,23943,41908
33428,23919,41629
33416,23884,42095
33380,23870,41989
33324,23881,41965
33340,23903,41933
33400,23927,42025
33460,23962,41884
33494,23975,41928
33465,23972,41848
33336,23940,41745
33172,23918,41926
33028,23891,41772
32968,23865,41528
32949,23872,41599
33012,23898,41471
33052,23920,41756
33088,23959,41670
33153,23975,41757
33122,23961,41252
32992,23948,41765
32840,23921,41621
32708,23884,41589
32624,23871,41500
32640,23871,41471
32672,23894,41436
32784,23920,41263
32872,23956,41496
32932,23971,41417
32940,23970,41492
32840,23941,41127
32712,23925,41527
32656,23887,41360
32568,23873,41388
32512,23876,41152
32480,23900,41500
32516,23929,41220
32624,23954,41543
32764,23975,41300
32892,23969,41046
32984,23937,41551
32864,23917,41360
32760,23893,41081
32708,23868,41516
32768,23874,41381
32944,23902,41300
33116,23919,41495
33200,23954,41364
33333,23972,41276
33445,23967,41415
33580,23940,41348
33772,23911,41272
33824,23885,41248
33812,23861,41358
33916,23878,41362
34177,23900,41350
34425,23929,41468
34652,23953,41343
34838,23975,41311
35016,23976,41207
35180,23935,40964
35236,23919,41438
35048,23897,41300
34748,23891,41359
34800,23886,41311
35012,23917,41348
35236,23944,41213
35112,23986,41273
34228,24002,41405
33072,23993,41068
32622,23973,41332
31824,23941,41301
30737,23911,41351
30341,23894,41223
30580,23905,41328
30988,23920,41264
31405,23949,41428
31864,23976,41335
32220,23983,41261
32400,23986,41245
32540,23955,41004
32572,23932,41437
32432,23903,41281
32396,23881,41060
32440,23890,41461
32432,23916,41256
32496,23943,41356
32548,23978,41351
32688,23982,41424
32814,23982,41351
32846,23966,41313
32748,23936,41223
32568,23897,41064
32453,23887,41464
32560,23887,41335
32688,23917,41094
32793,23952,41444
32864,23970,41327
32924,23988,41449
32844,23983,41325
32644,23957,41360
32432,23925,41273
32284,23901,41351
32224,23882,41323
32364,23903,41256
32540,23927,41309
32612,23943,41108
32612,23973,41420
32616,23996,41253
32637,23979,41346
32628,23959,41373
32600,23936,41292
32548,23901,41168
32532,23881,41322
32528,23890,41308
32560,23922,41135
32660,23946,41407
32740,23975,41268
32826,23992,41111
32848,23988,41267
32804,23955,41196
32740,23936,41252
32700,23901,41113
32604,23890,41023
32556,23893,40937
32540,23924,40775
32644,23946,41061
32844,23973,40895
32988,23990,40524
33008,23991,40961
32892,23966,40765
32840,23937,40657
32868,23900,40812
32936,23888,40631
32989,23900,40396
33000,23919,40680
33052,23948,40500
33160,23976,40321
33232,23993,40529
33325,23984,40340
33424,23956,40301
33488,23929,40278
33488,23900,40352
33440,23885,39868
33461,23894,40221
33492,23923,39878
33608,23948,39968
33704,23983,39989
33737,23993,39910
33676,23984,39844
33568,23956,40033
33500,23924,39607
33448,23905,40044
33456,23895,39892
33528,23905,39917
33628,23916,39831
33676,23943,39904
33636,23980,39799
33552,23994,39862
33524,23978,39689
33380,23967,39625
33264,23935,39566
33166,23911,39348
33120,23885,39728
33156,23903,39590
33240,23929,39628
33260,23935,39551
33396,23983,39600
33416,24000,39455
33360,23985,39364
33292,23957,39332
33188,23940,39124
33134,23908,39279
33080,23896,39107
32968,23902,39255
32984,23924,39111
32996,23947,39157
33032,23985,39260
33052,23990,38887
33004,23983,39052
32952,23975,39102
32872,23935,38982
32780,23904,39060
32769,23903,38632
32866,23906,38863
33056,23919,38896
33152,23956,38780
33224,23991,38839
33324,23999,38708
33280,23988,38705
33180,23964,38588
32993,23943,38565
32800,23911,38524
32676,23892,38461
32696,23909,38404
32824,23939,38414
32996,23957,38248
33120,23988,38206
33262,24009,38149
33284,23994,37989
33180,23977,38255
32996,23941,38150
32848,23920,38188
32809,23911,37965
32764,23909,38012
32804,23939,38060
32997,23972,37839
33196,23994,37908
33344,24015,37801
33304,23993,37734
33216,23979,37511
33116,23946,37863
32960,23908,37717
32916,23903,37697
32940,23910,37605
32992,23947,37440
32980,23961,37661
33024,23999,37542
33084,24002,37373
33108,23988,37429
33065,23970,37205
33044,23944,37492
32972,23919,37369
32924,23904,37277
32917,23917,37412
32980,23952,37261
33012,23967,37149
33001,24008,37225
32952,24015,37165
32908,24004,37204
32812,23973,37121
32822,23948,37196
32825,23919,37081
32820,23911,37149
32820,23925,37029
32884,23941,36905
32968,23965,36944
33004,24011,36887
33032,24015,36863
33024,23999,36869
32872,23982,36900
32672,23951,36805
32580,23920,36836
32488,23909,36749
32592,23932,36687
32660,23945,36603
32620,23978,36615
32608,24016,36604
32540,24015,36589
32440,24002,36540
32396,23981,36509
32404,23950,36447
32332,23924,36348
32224,23925,36376
32240,23932,36340
32301,23961,36303
32376,23977,36301
32544,24011,36319
32652,24025,36230
32668,24007,36119
32628,23988,36226
32540,23957,36133
32568,23924,35939
32636,23920,36170
32656,23935,35980
32670,23957,36015
32656,23993,36007
32616,24010,35845
32593,24025,35933
32584,24008,35709
32544,23985,35940
32460,23964,35836
32420,23933,35887
32407,23916,35780
32477,23928,35761
32636,23957,35684
32752,23988,35604
32820,24021,35557
32801,24017,35541
32712,24005,35565
32548,23981,35495
32413,23965,35511
32312,23936,35408
32279,23925,35487
32316,23937,35276
32404,23956,35542
32424,23980,35463
32473,24021,35415
32498,24026,35393
32356,24009,35308
32224,23985,35333
32109,23957,35167
31992,23932,35452
31921,23931,35359
32002,23927,35391
32130,23956,35327
32224,23985,35284
32308,24009,35297
32417,24020,35268
32484,24006,35263
32468,23989,35143
32452,23964,35237
32420,23932,35228
32460,23921,35273
32568,23938,34997
32660,23969,35221
32684,23983,35184
32764,24021,35111
32772,24021,35057
32788,24009,35124
32848,23994,35172
32856,23959,35093
32813,23935,35040
32897,23924,35135
32948,23935,35065
32982,23960,35079
32918,23988,34896
32882,24022,35126
32896,24023,34866
32912,24008,35140
32988,23990,35052
33096,23961,34932
33156,23928,34902
33080,23927,34764
33004,23933,35053
32976,23964,34932
33040,23993,34726
33190,24028,34991
33258,24031,34917
33316,24016,34719
33268,23988,34957
33188,23965,34869
33036,23929,34767
33036,23926,34849
33136,23943,34736
33124,23960,34796
33125,23991,34641
33133,24021,34924
33116,24023,34820
33044,24017,34619
33010,23988,34808
32992,23966,34844
32936,23927,34884
32844,23929,34844
32821,23941,34819
32864,23957,34743
32952,23992,34844
33032,24022,34809
33037,24031,34792
33012,24019,34878
32989,23995,34887
32876,23953,34836
32788,23930,34893
32704,23924,34815
32696,23938,34884
32756,23959,34585
32896,23984,34880
32960,24023,34822
32970,24029,34852
33018,24007,34800
33004,23996,34709
32900,23951,34852
32799,23929,34822
32668,23923,34848
32728,23937,34807
32928,23964,34713
33140,23981,34717
33172,24020,34576
33052,24025,34750
32856,24009,34733
32682,23980,34612
32744,23964,34727
32964,23924,34610
33248,23924,34732
33548,23933,34604
33816,23954,34876
34076,23982,34595
34236,24013,34713
34328,24021,34591
34500,24012,34879
34700,23984,34577
34924,23951,34700
35040,23939,34684
35108,23925,34708
35188,23928,34587
35300,23967,34839
35324,23997,34708
35140,24023,34668
34884,24025,34823
34860,24022,34721
34688,24016,34783
34428,23974,34823
33762,23948,34889
32441,23945,34834
31606,23960,34781
31449,23981,34823
30696,24017,34625
30109,24041,34845
30264,24044,34804
30768,24024,34769
31188,23992,34799
31556,23969,34736
31920,23934,34808
32253,23934,34823
32553,23944,34911
32752,23967,34946
32890,23989,35028
32984,24028,34973
33024,24029,35014
33024,24006,34988
32992,23983,35016
32964,23965,34796
32848,23927,34951
32844,23927,35022
32900,23943,35077
32956,23957,35111
32904,23986,35100
32904,24023,35188
32856,24029,34884
32792,24011,35044
32840,23975,34908
32924,23952,35210
32934,23926,34947
32948,23918,35200
32976,23936,35215
33012,23959,35292
33104,23997,35237
33208,24017,35199
33217,24030,35316
33184,24006,35361
33200,23983,35335
33192,23951,35184
33152,23925,35309
33131,23911,35172
33156,23941,35476
33132,23959,35415
33092,23975,35354
33116,24012,35393
33156,24019,35388
33168,24011,35429
33128,23973,35503
33028,23956,35580
32936,23924,35524
32812,23919,35602
32684,23924,35549
32836,23957,35383
32996,23983,35523
33028,24013,35522
32972,24010,35572
32912,24001,35511
32864,23969,35401
32832,23948,35379
32792,23911,35236
32852,23917,35536
32928,23932,35447
33024,23963,35365
33100,23978,35372
33188,24008,35280
33260,24016,35319
33282,23990,35252
33268,23973,35231
33220,23943,35078
33200,23911,35385
33141,23904,35279
33180,23927,35333
33244,23953,35244
33304,23982,35324
33392,24004,35221
33496,24017,35108
33512,23989,35123
33464,23977,34996
33377,23935,35291
33320,23911,35212
33317,23910,35125
33333,23927,35096
33400,23945,34972
33512,23983,35276
33552,24011,35212
33568,24006,35258
33608,23983,35208
33660,23970,35148
33568,23935,35182
33404,23913,35048
33288,23908,35132
33317,23916,34975
33540,23948,35279
33820,23976,35192
33932,23999,35163
33940,23998,35095
33848,23983,35029
33728,23957,35156
33564,23935,35164
33372,23885,35236
33200,23904,35159
33156,23919,35052
33220,23944,35191
33356,23972,34933
33396,23991,35111
33312,23997,35061
33148,23989,35198
32944,23961,34878
32837,23924,35158
32784,23899,35097
32824,23893,34957
32892,23919,35027
32928,23940,34816
32901,23969,35092
32912,23992,35020
32956,23997,34985
32924,23973,34935
32900,23949,34821
32878,23932,35040
32846,23895,34960
32862,23905,34817
32944,23916,34868
33054,23944,34704
33164,23966,34841
33244,23989,34756
33240,23992,34748
33200,23983,34700
33096,23957,34797
32968,23924,34797
32853,23894,34821
32876,23896,34596
33008,23919,34780
33088,23932,34750
33124,23966,34681
33344,23999,34617
33460,23989,34469
33588,23983,34732
33624,23959,34644
33504,23935,34629
33136,23894,34645
32844,23895,34628
32808,23908,34679
32985,23943,34599
33296,23972,34671
33576,23985,34575
33672,23996,34447
33592,23980,34447
33445,23943,34429
33316,23914,34478
33216,23897,34380
33156,23893,34404
33076,23916,34332
33028,23934,34384
33072,23963,34396
33216,23984,34271
33311,23991,34373
33388,23975,34324
33432,23949,34380
33405,23925,34311
33256,23893,34420
33174,23891,34399
33172,23914,34421
33229,23930,34486
33264,23969,34172
33352,23989,34292
33421,23981,34268
33500,23965,34363
33512,23936,34351
33540,23904,34367
33588,23887,34218
33516,23885,34292
33444,23908,34340
33464,23927,34300
33465,23957,34167
33464,23985,34231
33456,23982,34127
33360,23965,34164
33234,23943,33998
33120,23921,34220
33013,23893,33964
32936,23879,34076
32892,23903,34122
33048,23920,34121
33264,23956,34020
33430,23973,33983
33492,23983,34055
33410,23959,34013
33300,23940,33989
33248,23908,33861
33128,23900,33855
33021,23882,33742
32972,23904,33923
33048,23929,33752
33148,23961,33804
33188,23985,33700
33168,23973,33797
33089,23953,33778
32992,23937,33759
32968,23911,33710
32980,23876,33701
32904,23879,33564
32792,23895,33636
32692,23919,33548
32716,23956,33607
32856,23981,33468
33056,23972,33449
33192,23959,33526
33172,23936,33535
33096,23909,33437
32984,23875,33256
32876,23884,33445
32960,23900,33405
33016,23925,33267
33069,23951,33349
33133,23970,33231
33064,23968,33304
32924,23959,33180
32820,23937,33233
32801,23898,33207
32777,23873,33272
32772,23876,33296
32828,23893,33089
32928,23917,33213
32916,23951,33132
32877,23972,33037
32820,23973,33153
32776,23953,33049
32804,23927,32927
32804,23896,33044
32780,23869,32889
32836,23862,33021
32960,23892,32905
33100,23911,33002
33248,23951,32964
33299,23965,32989
33232,23965,32943
33068,23951,32751
32932,23925,32876
32780,23901,32855
32672,23871,32745
32596,23861,32764
32656,23881,32711
32824,23908,32805
32996,23940,32669
33108,23957,32750
33113,23961,32739
32956,23945,32749
32823,23915,32781
32796,23887,32529
32808,23863,32585
32796,23863,32560
32904,23874,32620
33008,23918,32510
33056,23933,32609
33084,23965,32652
33096,23967,32597
33020,23939,32570
32940,23919,32373
32889,23881,32594
32894,23865,32529
32928,23853,32481
33056,23873,32493
33196,23896,32509
33336,23935,32473
33400,23957,32497
33416,23959,32447
33316,23937,32476
33244,23909,32308
33138,23876,32404
33036,23860,32203
33049,23861,32295
33084,23876,32177
33160,23897,32244
33216,23927,32325
33256,23950,32335
33261,23959,32308
33224,23931,32309
33176,23911,32334
33144,23854,32093
33080,23855,32225
33061,23847,32263
33088,23871,32232
33116,23898,32226
33188,23931,32063
33248,23959,32121
33236,23941,32089
33244,23929,32186
33244,23902,32110
33212,23877,32016
33112,23857,32145
33004,23844,32046
32940,23865,32119
32948,23896,32108
33046,23932,32142
33208,23949,32021
33256,23938,31972
33133,23918,32109
32869,23904,32092
32681,23861,31968
32708,23840,31957
32860,23839,32093
33012,23866,32004
33020,23887,32007
32985,23919,32017
33008,23943,31964
33054,23932,32007
33072,23921,31968
33104,23889,32085
33080,23863,32039
33013,23847,32132
32984,23846,32183
32972,23852,32127
32960,23882,32089
32976,23911,31958
33053,23934,32068
33108,23924,31990
33076,23910,32126
33016,23885,31980
32929,23854,32032
32796,23836,31983
32842,23827,32071
32928,23847,31977
33116,23876,32097
33328,23916,32104
33372,23925,32108
33368,23924,32070
33433,23901,32104
33564,23872,32121
33736,23848,31991
33980,23820,32004
34140,23831,32103
34272,23839,32017
34492,23867,32092
34864,23911,32093
35112,23917,32039
35256,23911,32047
35324,23889,31927
35228,23871,32013
35156,23853,31893
35140,23813,32105
34964,23823,32063
34504,23845,32045
34244,23886,31943
34092,23925,32007
33988,23934,32023
33740,23943,31965
32628,23922,31989
31456,23888,31844
31180,23861,32047
30736,23845,31844
30125,23845,31985
30220,23853,31908
30812,23879,31986
31392,23905,31853
31802,23924,32079
32065,23919,32030
32384,23897,32077
32644,23880,32049
32748,23841,32028
32654,23815,32036
32520,23817,32045
32552,23846,32002
32682,23869,31894
32812,23893,31976
32960,23914,31911
33030,23924,32061
33041,23900,32076
33076,23856,32068
33036,23830,32097
33084,23813,32069
33152,23822,32109
33304,23824,32049
33360,23862,32077
33400,23890,32025
33433,23909,31999
33368,23911,31987
33196,23879,31855
33117,23853,31948
33036,23824,31820
32976,23800,31828
32869,23807,31772
32825,23831,31841
32800,23855,31661
32865,23876,31830
33044,23902,31729
33176,23896,31511
33240,23884,31640
33196,23850,31541
33064,23824,31417
32924,23791,31334
32844,23800,31180
32916,23815,31162
33088,23842,31086
33276,23879,30786
33348,23900,30706
33272,23886,30510
33124,23871,30524
33124,23852,30222
33097,23810,30117
33060,23790,29885
32960,23799,29765
32912,23804,29536
32912,23839,29442
33000,23869,29138
33061,23888,29009
33128,23877,28757
33152,23869,28678
33180,23842,28463
33172,23804,28190
32985,23779,27900
33112,23783,27693
33336,23808,27393
33446,23833,27246
33408,23864,26964
33381,23887,26798
33304,23880,26533
33224,23853,26212
33216,23829,26031
33296,23806,25698
33412,23781,25487
33596,23777,25221
33724,23796,24908
33672,23825,24529
33536,23855,24384
33392,23874,24058
33416,23872,23840
33526,23849,23551
33641,23826,23205
33572,23791,22981
33472,23769,22661
33612,23777,22408
33716,23798,22110
33796,23824,21841
33952,23855,21511
34088,23862,21280
34064,23861,20989
33952,23839,20705
33908,23819,20424
33940,23791,20132
33880,23765,19861
33832,23769,19600
33768,23785,19322
33528,23812,19076
33308,23849,18781
33072,23863,18565
32880,23861,18283
33016,23840,18079
33156,23815,17774
33006,23772,17593
32760,23763,17302
32684,23757,17132
32896,23785,16849
33204,23810,16678
33416,23836,16349
33316,23860,16164
33152,23852,15915
33144,23828,15783
33220,23809,15528
33260,23767,15396
33360,23751,15111
33408,23760,14981
33440,23781,14641
33412,23809,14515
33456,23824,14278
33408,23852,14202
33396,23844,13916
33388,23832,13748
33352,23796,13565
33348,23764,13475
33244,23752,13220
33168,23750,13030
33088,23770,12976
32952,23801,12725
32950,23836,12676
33092,23852,12442
33177,23837,12324
33316,23821,12076
33312,23797,11914
33140,23769,11939
33052,23751,11747
33109,23741,11652
33312,23767,11400
33493,23797,11275
33541,23825,11347
33492,23852,11070
33364,23837,11001
33308,23812,10997
33292,23791,10869
33272,23763,10797
33232,23750,10598
33174,23741,10514
33210,23772,10527
33352,23791,10442
33488,23823,10323
33588,23837,10267
33576,23839,10142
33564,23809,10209
33552,23780,9987
33660,23757,10026
33868,23743,9855
33936,23739,9846
33812,23761,9778
33656,23781,9767
33472,23826,9749
33388,23832,9672
33392,23829,9594
33412,23802,9620
33364,23773,9628
33396,23751,9547
33342,23728,9582
33396,23735,9559
33504,23760,9653
33596,23781,9564
33605,23808,9588
33540,23829,9463
33486,23828,9466
33324,23805,9504
33264,23773,9421
33244,23737,9569
33216,23735,9436
33228,23730,9569
33316,23748,9449
33504,23777,9540
33584,23818,9471
33632,23831,9528
33580,23815,9604
33536,23791,9571
33502,23765,9672
33438,23732,9694
33253,23727,9784
33116,23727,9751
33124,23751,9774
33192,23780,9757
33272,23809,9888
33397,23829,9785
33445,23812,9964
33476,23791,9895
33380,23772,10051
33308,23732,9975
33277,23720,10072
33272,23722,10238
33292,23740,10225
33369,23760,10298
33420,23806,10313
33428,23821,10537
33312,23815,10518
33184,23780,10660
33192,23751,10577
33140,23729,10762
33040,23712,10731
33068,23717,10828
33100,23741,11052
33160,23773,11092
33364,23800,11257
33564,23813,11173
33596,23797,11335
33458,23781,11402
33388,23746,11484
33368,23724,11705
33316,23713,11775
33344,23711,11940
33373,23728,11957
33472,23764,12204
33620,23785,12239
33692,23799,12450
33661,23796,12418
33649,23771,12537
33550,23756,12842
33420,23712,12894
33264,23695,13084
33157,23706,13089
33120,23724,13348
33200,23757,13379
33352,23791,13577
33392,23793,13876
33296,23794,13914
33080,23777,14077
32884,23740,14345
32800,23703,14480
32765,23692,14713
32852,23701,14823
32952,23718,15079
33012,23751,15205
33016,23775,15500
33032,23792,15635
32965,23786,15881
32752,23768,16033
32644,23741,16279
32744,23708,16421
32805,23685,16642
32796,23695,16832
32780,23714,17098
32788,23747,17265
32997,23780,17519
33184,23790,17702
33308,23775,17919
33256,23758,18145
33116,23730,18362
33036,23703,18615
33000,23677,18812
33076,23698,19041
33204,23716,19274
33260,23745,19490
33176,23767,19726
33104,23779,19933
33084,23772,20169
33008,23753,20393
33032,23724,20596
33000,23695,20833
32856,23682,21037
32689,23687,21293
32688,23713,21495
32808,23739,21677
33104,23764,21946
33329,23785,22164
33421,23771,22304
33372,23753,22589
33255,23723,22752
33120,23692,23015
33036,23679,23242
33048,23673,23392
33033,23711,23669
32964,23735,23846
32815,23773,24091
32681,23772,24302
32568,23760,24501
32532,23748,24619
32557,23719,24872
32540,23692,24966
32476,23663,25301
32576,23674,25477
32680,23705,25653
32740,23730,25886
32846,23761,25980
32910,23775,26246
32805,23755,26343
32520,23734,26706
32448,23711,26916
32429,23673,26988
32478,23669,27245
32556,23679,27341
32656,23696,27603
32816,23721,27700
32968,23748,27943
33076,23775,28046
33044,23767,28357
33016,23741,28527
32916,23700,28725
32828,23671,28748
32704,23661,29026
32690,23670,29097
32672,23687,29393
32696,23709,29454
32744,23750,29701
32744,23759,29740
32748,23732,30044
32728,23725,30238
32716,23708,30204
32788,23660,30446
33007,23653,30695
33181,23663,30660
33304,23687,30924
33536,23700,30964
33832,23741,31287
34072,23746,31407
34180,23737,31551
34317,23716,31676
34393,23686,31673
34580,23661,31844
34752,23647,31901
35045,23661,32101
35296,23673,32203
35561,23704,32398
35892,23741,32411
36040,23740,32763
35996,23740,32637
36104,23714,32836
35992,23694,33064
35397,23665,32989
34552,23660,33256
33268,23681,33421
32252,23695,33504
32192,23726,33664
31776,23759,33531
31036,23761,33774
30516,23756,33824
30552,23727,34063
30912,23706,34085
31460,23660,34155
31808,23655,34369
31936,23658,34513
32072,23675,34363
32232,23715,34647
32273,23740,34640
32292,23749,34880
32276,23740,34708
32156,23709,35007
32032,23687,35009
32134,23639,35116
32224,23635,35305
32216,23649,35463
32164,23669,35237
32180,23692,35455
32256,23734,35525
32308,23742,35663
32348,23716,35758
32328,23697,35885
32232,23673,36037
32132,23642,36061
32100,23629,36209
32156,23639,36236
32284,23668,36353
32412,23685,36393
32460,23716,36521
32476,23721,36306
32380,23717,36537
32252,23700,36679
32128,23668,36807
32048,23643,36988
32096,23613,36975
32196,23630,37116
32192,23655,36855
32204,23680,37105
32226,23711,37245
32224,23719,37341
32376,23703,37404
32477,23685,37383
32544,23655,37539
32584,23620,37716
32564,23612,37403
32630,23617,37671
32736,23652,37774
32813,23668,37780
32804,23705,37733
32720,23709,37813
32636,23705,37913
32512,23683,38080
32520,23653,37716
32544,23621,37944
32532,23610,37975
32580,23611,38018
32680,23633,38023
32812,23665,38089
32912,23694,37880
33008,23703,38280
32976,23695,38205
32932,23668,38255
32858,23653,38237
32768,23623,38392
32613,23593,38321
32604,23606,38455
32696,23628,38359
32888,23655,38500
33076,23689,38378
33037,23696,38528
32978,23680,38444
32832,23661,38487
32638,23641,38440
32576,23593,38391
32552,23588,38429
32672,23602,38269
32744,23627,38576
32868,23647,38551
33008,23680,38662
33152,23693,38575
33076,23677,38612
32976,23644,38567
32909,23629,38535
32828,23588,38606
32820,23583,38615
32828,23591,38559
32876,23621,38524
32824,23641,38663
32840,23678,38640
32862,23690,38749
32888,23674,38407
32845,23642,38724
32697,23615,38653
32632,23591,38751
32576,23578,38652
32536,23585,38682
32534,23613,38629
32548,23631,38516
32556,23675,38479
32530,23669,38535
32436,23661,38612
32353,23649,38692
32272,23611,38568
32296,23581,38521
32312,23567,38521
32357,23572,38309
32420,23599,38652
32472,23628,38572
32484,23657,38684
32452,23666,38568
32452,23661,38657
32512,23640,38541
32625,23599,38500
32610,23578,38589
32548,23566,38517
32528,23572,38548
32540,23596,38418
32590,23627,38438
32613,23655,38498
32644,23670,38519
32721,23655,38502
32776,23634,38612
32805,23609,38189
32752,23568,38494
32801,23559,38396
32837,23576,38407
32864,23595,38208
32912,23634,38436
32976,23660,38359
33024,23658,38336
33032,23648,38191
32968,23626,38528
32904,23607,38455
32871,23578,38549
32864,23559,38349
32976,23575,38389
33172,23587,38388
33332,23610,38421
33320,23649,38385
33276,23661,38353
33204,23648,38340
33108,23627,38407
32972,23609,38485
32812,23559,38404
32796,23554,38483
32832,23559,38135
32884,23591,38508
33052,23620,38417
33148,23654,38364
33220,23657,38381
33256,23643,38345
33280,23617,38308
33237,23599,38414
33126,23556,38461
33008,23551,38340
33096,23559,38165
33256,23586,38565
33308,23610,38452
33392,23641,38528
33432,23658,38440
33452,23641,38433
33396,23619,38340
33316,23597,38433
33138,23559,38346
33064,23545,38398
33080,23565,38326
33229,23580,38469
33368,23607,38287
33436,23642,38424
33380,23653,38468
33228,23639,38513
33100,23607,38425
33033,23583,38398
32996,23554,38401
33036,23540,38407
33108,23555,38428
33124,23585,38468
33064,23613,38460
33012,23625,38565
32972,23640,38478
32864,23624,38503
32756,23604,38437
32722,23578,38463
32776,23551,38476
32825,23533,38517
32828,23559,38476
32904,23567,38589
32997,23589,38501
33132,23627,38595
33140,23636,38252
33064,23624,38367
32968,23605,38535
32877,23576,38479
32828,23541,38420
32784,23533,38349
32776,23543,38600
32800,23577,38192
32900,23594,38399
32906,23619,38328
32924,23628,38509
32916,23624,38213
32788,23591,38592
32608,23572,38508
32492,23537,38535
32408,23525,38501
32414,23548,38588
32488,23559,38518
32604,23593,38552
32740,23625,38476
32880,23617,38565
32997,23612,38497
33052,23590,38424
32972,23559,38493
32840,23526,38397
32748,23517,38406
32672,23533,38533
32652,23559,38549
32621,23577,38535
32628,23620,38452
32559,23624,38663
32614,23605,38535
32596,23581,38487
32592,23559,38505
32604,23529,38401
32652,23511,38500
32732,23532,38324
32821,23551,38636
32936,23586,38583
33012,23605,38589
33072,23620,38463
33024,23599,38300
32942,23582,38713
32869,23552,38535
32750,23516,38628
32684,23513,38608
32640,23524,38604
32728,23555,38681
32848,23578,38612
32996,23607,38551
33124,23606,38516
33133,23604,38388
32988,23575,38644
32904,23543,38524
32820,23519,38615
32788,23510,38615
32876,23524,38687
32988,23550,38700
33109,23575,38687
33092,23599,38733
32956,23605,38671
32832,23592,38649
32712,23572,38685
32664,23541,38693
32712,23515,38743
32777,23507,38808
32776,23512,38765
32873,23535,38791
32936,23559,38796
32968,23597,38916
33048,23596,38804
33000,23583,38836
32892,23565,38533
32872,23532,38964
32856,23500,38776
32808,23505,38585
32740,23517,39008
32640,23533,38919
32640,23564,38868
32742,23599,38959
32873,23591,38967
32996,23583,38998
33092,23559,38947
33084,23532,39004
33132,23493,39013
33104,23487,39054
33092,23503,39072
33120,23519,39200
33112,23559,39104
33164,23591,39127
33121,23596,39110
33048,23572,39156
32929,23545,39149
32832,23524,39240
32776,23503,39185
32776,23492,39292
32896,23501,39191
33137,23520,39148
33376,23554,39159
33684,23587,39028
33942,23577,39303
34076,23564,39181
34068,23546,39252
34124,23515,39366
34272,23480,39292
34472,23478,39316
34764,23509,39240
35092,23512,39287
35304,23541,39367
35552,23574,39319
35791,23588,39223
35913,23580,39404
35669,23552,39215
35492,23520,39353
35490,23501,39407
35376,23500,39035
35220,23527,39484
34580,23535,39380
33342,23570,39357
32797,23593,39266
32508,23607,39327
31427,23584,39349
30684,23557,39257
30600,23524,39393
30990,23493,39484
31420,23493,39463
31780,23513,39611
32060,23533,39478
32304,23555,39620
32520,23589,39498
32584,23582,39540
32602,23580,39520
32668,23548,39527
32728,23527,39548
32736,23494,39653
32812,23481,39367
32904,23496,39591
32968,23527,39661
32948,23547,39632
32844,23581,39772
32842,23583,39668
32812,23572,39783
32740,23537,39524
32729,23518,39724
32696,23486,39426
32700,23471,39760
32797,23488,39503
32950,23519,39879
33120,23543,39829
33280,23574,39909
33340,23568,39829
33248,23559,39828
33100,23532,39855
32964,23512,39967
32896,23474,40116
32888,23471,40016
32980,23495,40120
33000,23517,40071
32924,23540,40170
32872,23573,40102
32876,23583,40140
32928,23554,40141
32984,23526,40103
33036,23509,40165
33014,23479,39930
33040,23471,40152
33076,23476,39968
33096,23522,40228
33140,23540,40065
33204,23570,40162
33136,23569,39972
33124,23559,40333
33112,23535,39929
33140,23505,40304
33160,23476,39908
33168,23474,40270
33257,23483,39932
33214,23508,40182
33180,23534,39868
33284,23570,40327
33360,23575,40183
33396,23548,40244
33412,23522,40148
33408,23493,40164
33396,23471,40087
33380,23461,40048
33361,23491,40037
33392,23519,40021
33544,23528,39926
33632,23559,39756
33624,23571,40040
33611,23549,39714
33532,23525,40132
33452,23511,40002
33388,23471,39941
33260,23467,40014
33220,23490,39647
33336,23500,40112
33513,23532,39989
33692,23557,40100
33784,23571,39980
33785,23553,40004
33718,23528,39901
33534,23489,39927
33304,23463,39912
33232,23460,39911
33392,23476,40014
33600,23503,39926
33742,23526,40012
33845,23557,40076
33808,23559,40028
33708,23549,40108
33573,23514,40036
33412,23491,39943
33348,23460,39964
33396,23464,39940
33464,23481,40070
33441,23502,40036
33376,23535,40164
33317,23550,40044
33256,23559,40062
33164,23543,40014
33117,23517,40004
33069,23495,40010
32904,23465,40120
32889,23464,40029
32992,23482,40023
33092,23500,39900
33096,23527,39745
33104,23559,40053
33112,23567,40005
33028,23552,40117
32908,23522,39988
32848,23500,40105
32752,23463,40000
32676,23460,40128
32709,23486,39991
32817,23509,39936
32884,23545,40100
32992,23558,40005
32984,23566,40049
32985,23550,39985
32994,23525,39900
33016,23506,40015
32984,23479,39910
32988,23468,39943
32960,23481,39780
32960,23509,40016
33052,23549,39684
33160,23571,40127
33232,23573,40010
33241,23540,40161
33124,23519,40021
32968,23498,39985
32908,23467,39683
32900,23468,39943
32980,23484,40007
33116,23505,39959
33132,23556,39972
33048,23575,40150
32844,23559,40044
32786,23559,40149
32824,23533,40092
32948,23507,40158
33024,23477,40108
33036,23474,40229
33032,23493,40100
32940,23516,40135
32964,23548,40136
33021,23579,40267
33044,23572,40143
32864,23556,40280
32690,23535,39933
32648,23511,40193
32752,23484,40181
32869,23492,40186
32980,23492,39874
33031,23520,40364
33068,23548,40252
33124,23580,40357
33124,23582,40268
33060,23564,40324
32980,23538,40292
32901,23514,40372
32876,23487,40303
32868,23489,40263
32924,23512,40213
33084,23521,40319
33136,23565,40066
33169,23583,40268
33102,23589,40297
32964,23572,40256
32820,23543,40298
32717,23513,40252
32670,23493,40136
32702,23489,40292
32696,23504,40062
32724,23535,40488
32800,23567,40367
32872,23599,40373
32940,23590,40308
32964,23567,40327
32868,23556,40280
32750,23519,40289
32544,23501,40324
32353,23503,40320
32260,23508,40240
32245,23543,40341
32248,23575,40442
32296,23596,40359
32377,23594,40466
32332,23582,40340
32212,23557,40472
32202,23524,40356
32144,23508,40348
32056,23500,40327
32024,23519,40264
32056,23536,40261
32040,23574,40265
32140,23607,40246
32260,23613,40344
32200,23586,40332
32113,23569,40335
32036,23537,40256
31996,23519,40324
31958,23516,40436
31997,23526,39967
32108,23566,40357
32188,23586,40151
32232,23609,40268
32296,23615,40365
32180,23601,39974
32064,23576,40199
31964,23545,40324
31940,23529,39991
31992,23523,40270
32036,23535,40319
32181,23567,40327
32240,23607,40446
32348,23637,40012
32431,23626,40199
32376,23604,40377
32273,23599,40317
32182,23567,40230
32092,23540,40454
32088,23527,40020
32128,23553,40229
32181,23581,40374
32181,23613,40383
32184,23634,40455
32160,23634,40302
32104,23628,40308
32076,23594,40276
32080,23572,40313
31973,23546,40371
31924,23543,40556
31896,23569,40390
31968,23593,40303
32048,23624,40359
32192,23662,40424
32280,23651,40480
32326,23632,40455
32172,23617,40559
31868,23585,40436
31616,23564,40556
31620,23553,40135
31791,23574,40583
32012,23607,40120
32160,23631,40410
32228,23668,40416
32132,23664,40449
31936,23641,40431
31724,23623,40526
31537,23595,40588
31484,23570,40277
31460,23569,40583
31508,23593,40566
31640,23621,40690
31768,23644,40583
31880,23673,40745
31900,23675,40365
31712,23652,40557
31469,23633,40679
31268,23615,40641
31154,23588,40601
31122,23589,40693
31264,23604,40708
31400,23629,40754
31516,23660,40737
31548,23687,40887
31480,23695,40770
31444,23668,40852
31456,23651,40815
31424,23620,40967
31296,23589,40876
31336,23586,40933
31380,23618,40869
31389,23651,40911
31416,23674,40900
31492,23699,41015
31596,23699,40957
31822,23684,40956
31976,23657,40756
32100,23637,41005
32116,23612,41030
32072,23615,41084
32080,23627,41220
32368,23653,41121
32806,23680,41284
33261,23709,40812
33608,23719,41061
33848,23698,41173
33972,23676,41196
34152,23652,41311
34173,23643,41204
33928,23651,41215
33984,23661,41156
34102,23687,41245
34053,23725,41433
33872,23753,41297
33164,23764,41448
31928,23749,41366
31272,23716,41447
30605,23686,41143
29280,23664,41343
28692,23673,41428
28864,23687,41401
29409,23714,41449
29928,23741,41487
30416,23771,41365
30712,23764,41492
30868,23745,41500
30880,23725,41489
30888,23696,41468
30968,23674,41556
30981,23679,41519
31049,23700,41607
31101,23732,41775
31149,23760,41749
31292,23775,41828
31348,23783,41552
31384,23763,41775
31364,23742,41669
31276,23711,41748
31276,23692,41840
31352,23692,41898
31348,23716,42005
31353,23748,41980
31360,23781,42097
31396,23797,41685
31509,23799,42068
31636,23783,42087
31712,23765,41967
31724,23733,42046
31704,23711,42197
31712,23720,42353
31764,23741,42236
31780,23769,42160
31696,23799,42236
31612,23824,42288
31656,23823,42369
31636,23807,42441
31629,23782,42338
31721,23757,42516
31736,23733,42529
31674,23740,42607
31640,23766,42263
31708,23793,42645
31878,23820,42660
32041,23845,42371
32024,23847,42747
31852,23826,42604
31696,23807,42541
31592,23775,42631
31556,23759,42361
31592,23761,42647
31717,23785,42605
31777,23815,42628
31760,23854,42160
31712,23874,42484
31832,23862,42081
31852,23855,42247
31844,23829,42053
31769,23792,42139
31689,23778,42132
31700,23781,42148
31704,23811,42081
31692,23845,41956
31840,23867,41852
32036,23890,41848
32112,23897,41855
31940,23882,41692
31790,23852,41729
31748,23820,41169
31858,23805,41366
32036,23809,41388
32184,23837,41244
32316,23855,41066
32441,23890,41030
32544,23924,41052
32520,23907,41081
32460,23892,40878
32452,23868,40813
32444,23847,40680
32424,23820,40533
32408,23831,40484
32462,23847,40581
32501,23873,40484
32564,23917,40421
32588,23941,40358
32548,23934,40396
32521,23913,40237
32424,23887,40094
32382,23861,39979
32368,23845,39765
32452,23849,40045
32556,23868,39925
32616,23900,39932
32648,23935,39718
32584,23959,39736
32460,23954,39776
32260,23940,39668
32164,23917,39741
32072,23881,39321
32020,23866,39613
32048,23873,39223
32080,23903,39508
32120,23925,39376
32164,23960,39411
32194,23983,39431
32152,23989,39288
31992,23953,39317
31824,23932,39431
31740,23911,39287
31728,23892,39143
31796,23903,39215
31828,23921,39205
31884,23948,39271
31972,23988,38830
32016,24004,38993
32020,24005,39148
31956,23983,38825
31852,23959,39003
31832,23928,39108
31836,23917,38759
31944,23925,38928
32108,23951,39009
32213,23975,38865
32280,24015,38881
32320,24036,38727
32296,24026,38772
32172,24016,38799
32024,23995,38652
32008,23943,38707
32056,23943,38644
32105,23945,38552
32112,23964,38523
32124,23999,38636
32116,24031,38564
32244,24046,38449
32384,24049,38648
32494,24035,38439
32466,24009,38501
32416,23993,38438
32408,23970,38574
32470,23972,38191
32528,23997,38357
32604,24016,38508
32708,24060,38140
32756,24081,38310
32752,24074,38396
32687,24060,38407
32612,24039,38444
32484,24016,38301
32404,23986,38364
32408,23994,38503
32390,24016,38296
32404,24047,38361
32464,24080,38472
32540,24102,38305
32568,24106,38368
32608,24081,38429
32612,24059,38189
32508,24029,38386
32436,24005,38424
32488,24013,38501
32644,24033,38325
32756,24069,38420
32833,24101,38476
32893,24119,38328
32888,24121,38384
32892,24106,38383
32828,24079,38407
32744,24056,38356
32516,24036,38352
32372,24043,38169
32374,24071,38397
32596,24100,38523
32877,24124,38240
33000,24149,38396
32900,24148,38460
32665,24128,38295
32568,24106,38372
32576,24074,38276
32720,24059,38439
32912,24066,38188
33006,24089,38365
33004,24118,38224
32990,24155,38453
32996,24173,38249
32944,24167,38331
32809,24145,38309
32704,24131,38436
32616,24099,38020
32592,24082,38255
32712,24095,38372
32748,24113,38023
32796,24138,38198
32881,24169,38241
32872,24199,38292
32768,24193,38209
32593,24174,38326
32376,24157,38276
32301,24127,38329
32340,24103,37972
32488,24111,38184
32656,24142,38263
32804,24158,38237
32832,24188,38365
32820,24213,38038
32690,24212,38245
32581,24193,38279
32520,24169,38172
32436,24140,38255
32472,24122,38124
32476,24134,38311
32468,24152,38263
32500,24185,38368
32596,24213,38143
32696,24246,38247
32736,24243,38348
32656,24220,38052
32500,24195,38254
32265,24168,38343
32140,24154,38306
32136,24158,38204
32348,24179,38261
32656,24208,38341
32868,24236,38445
32980,24262,38071
32976,24265,38475
32748,24242,38121
32572,24217,38343
32496,24187,38326
32600,24169,38407
32780,24179,38461
33008,24207,38437
33220,24233,38479
33260,24272,38479
33268,24283,38401
33296,24285,38460
33300,24268,38511
33305,24247,38618
33232,24213,38284
33165,24193,38479
33140,24205,38631
33156,24223,38471
33132,24256,38596
33141,24287,38580
33056,24305,38320
32856,24309,38722
32629,24292,38633
32428,24275,38558
32428,24243,38753
32574,24229,38373
32773,24230,38596
32828,24248,38661
32821,24281,38692
32821,24321,38722
32764,24335,38639
32748,24336,38735
32808,24309,38790
32780,24295,38744
32725,24262,38655
32692,24247,38804
32657,24252,38780
32764,24275,38717
32900,24300,38774
33036,24340,38831
33104,24351,38727
33116,24351,38957
33008,24327,38801
32944,24303,38885
32889,24283,39021
32912,24261,38943
32984,24271,38980
33069,24295,38887
33128,24325,39015
33260,24357,39128
33344,24368,38829
33356,24367,39037
33267,24351,39175
33256,24325,39132
33312,24301,39140
33392,24289,39191
33528,24287,39240
33840,24308,39245
34096,24342,39380
34300,24372,39280
34444,24389,39404
34548,24385,39336
34732,24366,39265
34945,24340,39292
34972,24309,39372
35044,24293,39468
35116,24300,39469
35232,24320,39582
35448,24352,39340
35496,24391,39495
35296,24421,39476
35240,24425,39479
35408,24396,39524
35528,24381,39581
35484,24361,39743
34752,24340,39660
33660,24354,39708
33270,24371,39609
32896,24395,39684
31792,24430,39484
31380,24450,39671
31510,24438,39652
31832,24412,39733
32124,24390,39909
32360,24364,39916
32616,24347,39804
32872,24347,39712
33077,24368,39860
33348,24400,39902
33464,24433,39928
33492,24450,39943
33416,24447,40023
33316,24423,40126
33268,24396,39768
33344,24369,40080
33416,24353,40188
33540,24356,40109
33716,24383,40253
33804,24406,40161
33888,24445,40293
33914,24454,40164
33837,24449,40105
33712,24429,40122
33608,24412,40221
33472,24381,40335
33472,24359,40246
33536,24375,40261
33672,24402,40033
33852,24423,40292
33968,24449,40455
34032,24467,40341
34068,24463,40445
34017,24450,40387
34046,24420,40444
33940,24396,40244
33833,24372,40455
33856,24383,40520
33920,24409,40140
33988,24439,40370
34006,24469,40544
34016,24487,40215
34028,24479,40425
33996,24462,40471
33998,24429,40564
33952,24409,40487
33900,24391,40552
33880,24396,40709
33948,24421,40380
34004,24452,40687
34057,24479,40520
34236,24496,40580
34308,24484,40188
34284,24470,40626
34208,24452,40485
33980,24412,40431
33872,24406,40373
33924,24411,40285
34124,24445,40344
34396,24463,40424
34612,24496,40327
34692,24506,40404
34644,24511,40234
34612,24484,40221
34564,24460,40101
34433,24421,39880
34312,24412,40007
34296,24423,40048
34376,24447,40024
34460,24485,39885
34628,24500,40077
34788,24519,39943
34708,24524,40020
34484,24495,39584
34348,24476,39838
34328,24444,39615
34333,24429,39781
34344,24439,39525
34416,24461,39753
34452,24491,39661
34604,24523,39709
34770,24532,39837
34832,24530,39703
34845,24512,39573
34796,24493,39582
34692,24450,39495
34656,24447,39681
34633,24455,39317
34664,24469,39511
34676,24501,39641
34722,24535,39559
34748,24548,39559
34676,24541,39329
34521,24525,39373
34384,24507,39564
34340,24468,39452
34256,24461,39534
34085,24460,39095
34080,24489,39364
34136,24514,39271
34304,24550,39325
34576,24564,39390
34720,24553,38975
34636,24541,39128
34332,24512,39246
34041,24489,39214
33944,24479,39277
34028,24463,39044
34253,24495,39046
34408,24526,39053
34497,24567,39047
34576,24573,39012
34509,24573,38919
34400,24550,38961
34302,24529,38972
34224,24494,39073
34206,24480,38968
34229,24495,39065
34220,24519,38935
34240,24549,39031
34324,24583,38716
34380,24597,38775
34424,24583,38728
34340,24560,38785
34288,24537,38860
34248,24512,38941
34200,24505,38824
34205,24509,38800
34285,24532,38789
34392,24559,38791
34400,24601,38784
34392,24621,38885
34300,24601,38775
34232,24575,38839
34200,24558,38753
34200,24524,38852
34126,24519,38468
34086,24518,38689
34144,24548,38773
34268,24577,38759
34336,24608,38859
34404,24624,38492
34422,24618,38653
34405,24589,38708
34412,24579,38639
34348,24543,38561
34196,24528,38835
34092,24534,38738
34069,24557,38858
34108,24583,38759
34292,24621,38681
34452,24636,38663
34496,24632,38791
34366,24604,38868
34216,24582,38774
34089,24549,38621
34072,24540,38850
34100,24542,38829
34160,24573,38959
34124,24598,38857
34144,24640,38860
34220,24649,38758
34372,24636,38689
34348,24621,38869
34265,24590,38834
34172,24559,38868
34132,24548,38852
34126,24563,38935
34222,24588,39047
34352,24615,38933
34401,24642,38893
34386,24658,38852
34333,24648,38951
34177,24633,39043
34040,24598,38943
33900,24569,38987
33838,24549,38645
33776,24567,38961
33878,24590,38783
34004,24623,38860
34004,24660,38929
34000,24672,39037
33981,24666,38777
34004,24642,38900
33988,24616,38959
33940,24580,38804
33900,24581,38875
33948,24581,38907
34048,24607,38727
34060,24639,38836
34124,24677,38962
34200,24679,38753
34113,24671,38804
33996,24652,38892
33888,24615,38804
33844,24589,38677
33777,24579,38716
33636,24588,38780
33518,24623,38633
33604,24647,38772
33730,24686,38495
33832,24700,38605
33765,24689,38663
33645,24660,38680
33552,24639,38564
33684,24615,38631
33844,24597,38620
33972,24602,38672
33968,24624,38461
33860,24653,38532
33750,24697,38527
33764,24707,38576
33824,24693,38663
33872,24679,38265
33852,24647,38548
33748,24620,38437
33580,24611,38500
33400,24617,38372
33332,24641,38439
33380,24669,38439
33460,24703,38476
33480,24718,38405
33448,24709,38393
33473,24686,38416
33496,24657,38487
33620,24630,38388
33692,24625,38455
33844,24631,38332
33949,24658,38235
34036,24684,38247
34112,24703,38197
34180,24721,38208
34096,24710,38279
33996,24692,38293
33824,24668,38247
33732,24629,38279
33704,24623,37973
33716,24641,38090
33801,24660,38204
33924,24681,38173
34044,24727,38204
34080,24732,38144
34004,24716,38207
33976,24703,38117
33961,24673,38181
33932,24643,38068
33852,24621,37956
33916,24643,37977
33984,24665,38045
34017,24693,38096
34060,24732,37981
34150,24736,37860
34156,24727,38047
34021,24701,37684
33832,24676,38042
33760,24642,37947
33704,24635,38026
33644,24648,37940
33573,24672,38012
33600,24693,37924
33668,24717,37980
33784,24733,37913
33892,24721,37957
33936,24701,37868
33880,24679,37833
33692,24638,37765
33524,24637,37612
33364,24647,37917
33430,24665,37877
33613,24687,37966
33772,24727,37873
33884,24741,37967
33852,24721,37889
33796,24701,37953
33696,24673,37864
33576,24636,37860
33508,24636,37847
33516,24642,37856
33508,24668,37865
33556,24689,37854
33536,24731,37860
33517,24739,37767
33476,24727,37788
33440,24697,37895
33444,24679,37941
33480,24647,37905
33604,24625,38007
33840,24639,37895
34140,24670,37949
34288,24690,37802
34384,24733,37832
34536,24735,37824
34788,24720,37908
35004,24698,37991
35120,24683,37664
35220,24641,38023
35373,24630,37928
35640,24647,37981
35808,24679,37846
35828,24706,37927
35796,24749,38050
36013,24759,37665
36149,24743,38040
36068,24721,37674
35476,24699,37873
34224,24663,38072
33263,24657,37872
32856,24663,37996
31704,24694,37976
30884,24717,37919
30918,24746,38002
31492,24752,38060
31989,24743,37775
32409,24717,38078
32676,24689,37806
32832,24660,38134
32972,24655,37804
33100,24660,38224
33228,24687,38106
33308,24711,38207
33325,24742,38126
33376,24748,38247
33482,24735,38143
33564,24706,38173
33492,24678,37900
33416,24652,38279
33328,24643,38168
33311,24656,38290
33281,24672,38220
33270,24700,38316
33304,24735,38245
33320,24745,38292
33256,24732,38056
33104,24709,38260
32984,24679,37996
32992,24651,38196
33008,24639,38150
33048,24650,38255
33028,24679,38241
33016,24702,38335
33064,24735,38438
33132,24741,38124
33120,24729,38301
33101,24704,38331
33100,24678,38420
33096,24644,38512
33068,24644,38476
33129,24652,38549
33216,24679,38284
33336,24694,38388
33516,24726,38513
33616,24740,38517
33520,24727,38511
33284,24704,38303
33216,24673,38418
33212,24641,38433
33156,24633,38407
33176,24647,38407
33180,24679,38431
33260,24701,38180
33296,24737,38456
33408,24742,38125
33464,24724,38487
33460,24703,38328
33476,24679,38137
33492,24645,38308
33452,24631,37982
33441,24647,38290
33536,24671,38183
33660,24700,38093
33748,24735,38053
33904,24733,37988
33880,24727,37948
33776,24708,37872
33636,24677,37801
33520,24651,37831
33473,24636,37839
33560,24652,37764
33660,24676,37647
33821,24703,37654
33902,24724,37615
33880,24737,37615
33852,24724,37617
33780,24703,37405
33728,24684,37453
33832,24641,37525
33916,24647,37158
33941,24649,37228
33936,24679,37111
33884,24711,37108
33856,24739,37148
33904,24750,37117
33920,24725,37124
33960,24700,36903
33964,24681,36942
33924,24642,36757
33880,24637,36871
33884,24649,36501
33972,24677,36587
34056,24704,36564
34104,24741,36572
34088,24743,36548
34008,24725,36321
33908,24704,36360
33764,24684,36374
33624,24640,36007
33520,24643,36135
33456,24649,36180
33412,24676,35933
33492,24711,35956
33448,24740,35804
33300,24743,35847
33184,24735,35809
33032,24711,35664
32917,24682,35540
32848,24650,35564
32893,24644,35452
32964,24663,35472
33088,24692,35469
33176,24711,35163
33236,24748,35200
33316,24748,35132
33232,24740,35249
33128,24710,35154
32964,24685,35149
32797,24656,35058
32760,24654,35013
32928,24670,34957
33162,24692,34972
33332,24724,34857
33420,24753,34836
33473,24761,34692
33516,24747,34718
33424,24717,34549
33372,24689,34720
33232,24665,34423
33188,24661,34525
33184,24673,34425
33168,24694,34491
33208,24732,34472
33268,24759,34461
33340,24770,34399
33336,24756,34397
33316,24732,34284
33332,24711,34289
33304,24677,34308
33276,24662,34340
33332,24680,34085
33448,24702,34143
33528,24732,34077
33605,24764,34151
33632,24768,34005
33550,24755,34087
33415,24735,33988
33308,24711,34063
33162,24672,34080
33073,24669,33822
33132,24687,33872
33208,24718,33833
33268,24740,33898
33336,24767,33887
33436,24775,33901
33412,24759,33913
33341,24732,33846
33220,24709,33846
33024,24681,33810
32908,24673,33726
32912,24687,33764
33004,24711,33671
33128,24740,33580
33264,24769,33711
33260,24781,33712
33136,24767,33517
33196,24740,33637
33328,24707,33645
33368,24677,33615
33216,24684,33636
33132,24693,33364
33241,24708,33453
33420,24742,33373
33625,24773,33453
33680,24778,33325
33520,24762,33375
33268,24743,33228
33057,24710,33436
32976,24687,33197
33009,24673,33284
33088,24692,33148
33060,24717,33312
33017,24751,33278
32932,24773,33112
32957,24778,33169
32976,24773,33133
32972,24745,33188
32900,24719,33175
32812,24676,32989
32756,24677,33141
32789,24693,33091
32788,24719,32948
32884,24741,33065
32996,24780,33025
32976,24778,33042
32932,24760,32788
32940,24741,32884
32880,24711,32959
32790,24684,32892
32709,24676,32760
32692,24692,32695
32749,24711,32771
32800,24751,32807
32888,24775,32663
32946,24783,32680
32917,24763,32727
32828,24739,32652
32680,24707,32657
32544,24685,32486
32472,24679,32681
32573,24695,32617
32764,24722,32560
32868,24736,32557
32928,24768,32428
32952,24772,32536
32956,24756,32376
32934,24733,32455
32900,24706,32344
32876,24668,32438
32844,24673,32300
32832,24689,32332
32844,24709,32263
32916,24737,32367
32953,24768,32237
32936,24764,32301
32844,24750,32183
32816,24732,32325
32740,24696,32304
32612,24675,32324
32656,24668,32263
32832,24679,32260
33064,24709,32226
33244,24739,32231
33460,24765,32183
33596,24775,32175
33574,24751,32149
33388,24723,32148
33145,24695,31913
33036,24671,32037
33016,24665,31924
33052,24687,31944
33072,24709,31846
33100,24732,31877
33080,24765,31792
33076,24765,31832
33055,24748,31768
33004,24721,31855
32996,24694,31860
32929,24670,31852
32844,24669,31677
32825,24678,31735
32836,24708,31621
32856,24733,31653
32896,24759,31628
32889,24764,31622
32798,24740,31540
32772,24719,31649
32756,24694,31656
32728,24663,31657
32740,24659,31664
32764,24674,31455
32800,24696,31589
32884,24733,31619
32989,24750,31425
33080,24749,31565
32992,24732,31460
32856,24710,31381
32695,24687,31521
32532,24653,31558
32480,24652,31352
32552,24661,31509
32696,24693,31509
32888,24718,31324
33076,24748,31413
33156,24749,31431
33156,24735,31487
33076,24716,31461
32960,24676,31333
32850,24657,31388
32844,24644,31349
32832,24657,31471
32882,24684,31425
33048,24709,31495
33236,24743,31397
33344,24742,31452
33388,24727,31366
33317,24703,31524
33224,24674,31561
33216,24640,31552
33293,24642,31453
33408,24655,31420
33664,24672,31465
33934,24699,31525
34096,24735,31549
33965,24741,31430
33840,24717,31571
33961,24689,31471
34100,24668,31540
34208,24645,31465
34260,24630,31575
34432,24644,31471
34672,24673,31655
34872,24711,31509
34900,24741,31591
34768,24740,31524
34836,24730,31660
34848,24709,31646
34818,24675,31631
34496,24655,31527
33364,24660,31711
32284,24675,31560
32020,24700,31704
31284,24720,31574
30384,24745,31764
30245,24751,31609
30532,24727,31661
30816,24709,31604
31110,24669,31713
31388,24646,31671
31716,24646,31793
31968,24649,31766
32120,24678,31868
32183,24710,31881
32260,24733,31716
32332,24726,31808
32444,24713,31908
32492,24689,31764
32468,24655,31919
32424,24635,31933
32404,24630,31993
32464,24632,32052
32568,24664,32036
32614,24695,31918
32664,24717,31982
32740,24716,31937
32724,24698,32125
32628,24675,32138
32540,24641,32143
32484,24620,32189
32480,24611,32192
32552,24635,32135
32616,24652,32101
32704,24676,32269
32772,24710,32152
32704,24708,32308
32614,24694,32248
32528,24660,32377
32492,24632,32445
32464,24612,32313
32420,24601,32380
32348,24622,32365
32385,24641,32428
32380,24677,32381
32480,24702,32623
32640,24696,32612
32700,24682,32654
32652,24654,32623
32524,24629,32508
32317,24602,32608
32277,24592,32537
32374,24615,32596
32580,24640,32581
32752,24669,32592
32820,24695,32553
32808,24685,32646
32756,24676,32502
32632,24651,32718
32592,24619,32668
32484,24591,32511
32468,24594,32568
32512,24615,32642
32590,24629,32637
32652,24653,32596
32680,24681,32433
32693,24679,32602
32592,24678,32567
32516,24644,32519
32632,24615,32519
32692,24582,32397
32712,24583,32390
32852,24593,32304
32956,24626,32442
32976,24653,32448
32960,24679,32324
32958,24682,32367
32922,24657,32240
32868,24628,32378
32800,24609,32396
32740,24581,32433
32690,24577,32388
32741,24593,32412
32804,24615,32199
32856,24644,32263
32893,24669,32217
32888,24671,32314
32848,24649,32284
32752,24626,32228
32640,24596,32337
32510,24565,32176
32516,24562,32263
32596,24580,32320
32644,24606,32364
32696,24635,32373
32796,24657,32164
32836,24665,32288
32840,24644,32172
32752,24620,32273
32632,24596,32165
32464,24556,32309
32364,24549,32338
32376,24568,32319
32388,24605,32352
32416,24631,32120
32432,24663,32255
32526,24655,32265
32476,24634,32100
32288,24612,32165
32140,24580,32228
32032,24553,32263
31960,24554,32186
31916,24573,32093
31862,24589,32101
31808,24629,32213
32004,24645,32269
32160,24645,32058
32240,24630,32132
32210,24605,32168
32072,24571,32225
32014,24551,32239
32126,24548,32220
32348,24567,32213
32558,24592,32216
32664,24621,32246
32616,24644,32049
32538,24643,32132
32448,24620,32078
32385,24591,32221
32368,24565,32263
32389,24538,32063
32357,24540,32190
32396,24553,32092
32469,24577,32245
32516,24605,32253
32600,24635,32100
32676,24627,32157
32564,24620,32167
32364,24595,32277
32184,24557,32261
32120,24539,32287
32092,24535,32308
32240,24549,32367
32396,24580,32148
32488,24607,32332
32513,24632,32180
32457,24632,32263
32476,24609,32218
32493,24575,32356
32544,24559,32217
32472,24527,32289
32388,24531,32260
32364,24547,32394
32416,24573,32448
32520,24601,32232
32616,24629,32308
32540,24633,32268
32376,24613,32356
32272,24583,32457
32188,24548,32276
32089,24525,32396
32104,24522,32357
32156,24538,32471
32236,24567,32504
32328,24599,32480
32400,24612,32391
32464,24613,32539
32496,24599,32325
32436,24565,32437
32360,24536,32365
32293,24512,32471
32188,24515,32452
32208,24538,32513
32244,24559,32553
32304,24583,32513
32337,24607,32466
32356,24609,32324
32316,24594,32404
32204,24564,32345
32116,24535,32473
31956,24502,32495
31844,24507,32471
31860,24528,32471
32004,24557,32303
32160,24583,32415
32180,24604,32439
32084,24601,32254
31936,24569,32303
31828,24551,32260
31833,24530,32359
31948,24498,32405
32072,24497,32207
32094,24523,32289
32092,24543,32307
32058,24573,32351
32096,24594,32292
32052,24599,32161
32041,24575,32292
31948,24545,32289
31781,24513,32132
31610,24493,32272
31536,24489,32262
31660,24514,32100
31772,24540,32239
31852,24567,32203
31921,24583,32047
31972,24582,32194
31950,24565,32147
31848,24541,32188
31792,24496,32142
31746,24485,32007
31776,24487,32119
31868,24500,32069
32017,24528,32116
32128,24558,32127
32232,24583,31958
32140,24573,31989
31960,24551,31941
31784,24528,32068
31641,24497,32043
31544,24485,32057
31616,24479,32088
31722,24490,32042
31856,24516,31923
31926,24551,31872
31996,24571,31924
31964,24573,31839
31866,24551,32008
31804,24517,31988
31729,24495,32007
31692,24462,31800
31692,24468,31972
31696,24486,31956
31672,24519,31983
31668,24550,31829
31717,24561,31829
31776,24565,31759
31837,24540,31875
31804,24509,31741
31760,24486,31855
31792,24455,31911
31893,24462,31868
32012,24480,31897
32136,24512,31684
32229,24535,31816
32180,24557,31665
32100,24553,31816
31940,24532,31708
31868,24509,31621
31828,24476,31680
31820,24460,31748
31844,24456,31751
31829,24477,31751
31837,24498,31726
31816,24535,31742
31776,24549,31534
31764,24536,31631
31706,24527,31679
31676,24500,31628
31672,24469,31662
31628,24444,31684
31552,24447,31581
31588,24466,31529
31653,24485,31465
31648,24519,31609
31684,24541,31470
31640,24533,31584
31597,24512,31588
31532,24487,31590
31504,24455,31536
31428,24437,31608
31480,24438,31630
31696,24455,31445
31901,24483,31589
31936,24506,31617
31905,24527,31424
31860,24527,31487
31724,24505,31431
31636,24473,31594
31552,24447,31596
31484,24425,31428
31432,24425,31555
31512,24445,31527
31632,24469,31456
31692,24503,31516
31592,24516,31445
31412,24524,31540
31356,24494,31471
31424,24468,31590
31632,24432,31584
31936,24408,31607
32340,24415,31527
32724,24433,31622
32972,24450,31660
33052,24483,31630
33198,24504,31672
33376,24495,31642
33488,24481,31620
33580,24452,31629
33632,24421,31574
33792,24404,31631
33944,24407,31587
34112,24428,31679
34144,24455,31709
33928,24495,31539
33944,24519,31670
34028,24510,31612
33984,24487,31697
33772,24469,31574
32896,24447,31705
31602,24431,31584
31128,24417,31721
30688,24442,31691
29756,24465,31782
29500,24489,31660
29845,24513,31788
30256,24503,31694
30536,24476,31844
30682,24454,31879
30780,24416,31879
30816,24394,31785
30908,24402,31749
31005,24415,31878
31192,24440,31911
31344,24478,31930
31416,24487,31952
31492,24483,31781
31580,24459,31844
31536,24437,31812
31493,24412,31971
31428,24389,31886
31364,24389,32025
31296,24405,32020
31380,24429,31867
31508,24455,31989
31652,24471,31920
31744,24463,32065
31744,24455,32101
31636,24423,32127
31544,24389,32148
31476,24370,32012
31524,24369,32172
31576,24390,32097
31729,24411,32145
31900,24439,32245
31968,24460,32164
31956,24457,32225
31924,24441,32323
31881,24407,32373
31860,24375,32364
31853,24357,32342
31905,24359,32241
31932,24383,32409
32064,24401,32436
32237,24425,32290
32221,24453,32349
32161,24437,32328
32018,24421,32447
31969,24392,32334
32008,24360,32458
32049,24346,32445
32068,24351,32479
32120,24369,32332
32208,24395,32476
32368,24420,32358
32496,24445,32464
32564,24434,32519
32600,24415,32473
32528,24391,32497
32416,24357,32297
32324,24332,32324
32276,24329,32236
32356,24357,32407
32424,24381,32254
32500,24414,32380
32573,24437,32188
32576,24428,32348
32564,24401,32309
32592,24380,32184
32592,24345,32164
32576,24324,32077
32437,24327,32252
32472,24345,32063
32537,24373,32206
32736,24407,32016
32930,24423,32129
33005,24416,32031
32964,24396,32148
32884,24367,32071
32812,24332,32150
32804,24310,32193
32884,24308,32156
32932,24339,32175
32937,24368,31993
32848,24393,32051
32848,24412,31996
32792,24396,32052
32668,24381,32035
32612,24348,32164
32572,24316,32132
32464,24295,32020
32396,24303,32070
32432,24320,32019
32590,24356,32078
32744,24374,32149
32776,24391,32173
32736,24390,32143
32608,24367,32212
32476,24350,31993
32346,24310,32051
32160,24287,32041
32084,24292,32144
32016,24315,32175
32036,24347,32145
32076,24367,32119
32112,24384,31980
31964,24380,32124
31788,24359,32129
31708,24332,32110
31684,24295,32113
31788,24279,31941
31937,24280,31981
32012,24306,31988
32100,24327,32066
32136,24356,32092
32220,24382,31866
32288,24370,31942
32244,24355,31869
32205,24327,32000
32132,24295,31958
32108,24269,31985
32220,24274,31872
32296,24301,31991
32408,24326,32000
32601,24357,31820
32672,24366,31992
32584,24366,31929
32357,24348,31775
32094,24305,31996
31896,24289,31949
31838,24268,31991
31956,24272,31950
32184,24289,31896
32428,24317,31940
32584,24349,31967
32677,24361,31944
32713,24356,31897
32668,24337,31764
32685,24308,31844
32648,24271,31808
32576,24263,31858
32584,24262,31860
32651,24287,31963
32660,24308,31985
32680,24338,31802
32720,24356,31927
32692,24357,31824
32596,24324,31963
32500,24301,31827
32461,24273,31911
32437,24253,31815
32416,24260,31975
32492,24280,31911
32632,24305,31828
32776,24342,31943
32792,24355,31996
32720,24349,31807
32652,24327,31872
32520,24298,31873
32480,24264,31988
32545,24245,31961
32557,24255,31831
32552,24279,31993
32456,24301,32001
32432,24333,31855
32364,24345,31884
32255,24340,31860
32136,24316,31991
32188,24289,32022
32252,24249,32006
32313,24241,31975
32476,24247,31810
32582,24254,31901
32628,24286,31845
32564,24316,31965
32556,24332,32007
32453,24336,31818
32312,24313,31972
32268,24289,31954
32368,24247,31829
32497,24231,31817
32676,24232,31844
32740,24261,31917
32768,24282,31916
32844,24316,31846
32905,24325,31840
32809,24314,31725
32696,24295,31875
32560,24268,31909
32452,24243,31876
32357,24220,31793
32304,24227,31691
32304,24238,31745
32344,24275,31638
32396,24303,31797
32444,24319,31751
32405,24316,31598
32349,24295,31737
32316,24271,31697
32136,24238,31703
32020,24223,31528
31904,24223,31620
31876,24247,31478
31904,24262,31622
32032,24297,31604
32182,24311,31430
32196,24303,31460
32220,24279,31383
32204,24259,31460
32176,24224,31503
31973,24202,31335
31920,24209,31375
31988,24237,31444
32156,24257,31251
32316,24289,31377
32504,24298,31327
32570,24298,31305
32580,24271,31259
32532,24239,31315
32492,24213,31320
32440,24199,31281
32520,24204,31226
32648,24222,31086
32813,24248,31239
32928,24282,31175
32948,24293,31037
32972,24290,31092
32940,24267,31028
32813,24241,31079
32636,24205,30996
32416,24186,31113
32228,24192,31079
32172,24219,31103
32256,24247,30999
32481,24271,31092
32708,24292,30964
32800,24279,31065
32728,24256,30949
32620,24234,31025
32544,24202,30950
32456,24179,31030
32436,24194,31047
32497,24207,31005
32564,24229,30984
32679,24271,30860
32737,24276,30996
32688,24270,30970
32580,24249,30960
32388,24225,30942
32216,24188,30965
32156,24180,30927
32220,24183,30862
32364,24204,30756
32548,24231,30789
32592,24263,30737
32544,24279,30873
32452,24265,30703
32374,24236,30901
32320,24217,30863
32145,24184,30828
32068,24159,30703
31972,24172,30836
32014,24192,30692
32216,24220,30813
32428,24252,30821
32670,24263,30836
32712,24258,30799
32609,24229,30813
32504,24207,30768
32408,24166,30821
32344,24148,30837
32391,24159,30663
32516,24180,30836
32644,24212,30658
32708,24241,30812
32712,24253,30652
32684,24245,30692
32782,24221,30641
32588,24196,30733
32453,24164,30632
32440,24146,30806
32536,24159,30768
32752,24172,30609
32956,24199,30651
33132,24226,30596
33252,24237,30756
33333,24228,30701
33380,24213,30532
33428,24188,30568
33392,24145,30500
33576,24138,30653
33812,24144,30612
34188,24149,30586
34456,24181,30547
34592,24229,30372
34700,24232,30447
34773,24218,30506
34716,24207,30330
34488,24187,30401
34100,24159,30310
34100,24149,30393
34416,24163,30280
34724,24157,30424
34762,24204,30413
33852,24245,30317
32688,24255,30373
32348,24247,30244
31680,24222,30325
30648,24197,30220
30384,24159,30277
30684,24144,30229
31160,24151,30281
31704,24179,30222
32096,24193,30295
32430,24224,30263
32664,24231,30383
32720,24229,30324
32652,24203,30364
32628,24175,30382
32621,24146,30360
32644,24127,30232
32724,24135,30311
32820,24153,30208
32872,24175,30266
32921,24205,30180
32884,24221,30356
33024,24212,30332
33264,24193,30193
33264,24161,30247
33064,24126,30188
32800,24119,30377
32680,24119,30222
32634,24134,30266
32836,24161,30182
33072,24201,30260
33252,24210,30198
33228,24201,30311
33116,24178,30196
33112,24144,30276
33068,24111,30224
32964,24109,30327
32956,24111,30388
33028,24129,30246
33152,24154,30272
33316,24194,30206
33452,24193,30324
33480,24182,30332
33440,24158,30324
33336,24138,30328
33208,24095,30138
33132,24092,30184
33084,24108,30125
33076,24122,30201
33088,24144,30210
33173,24176,29989
33296,24190,30105
33364,24183,30062
33324,24150,29856
33236,24137,29879
33136,24095,29783
33046,24080,29798
33002,24093,29678
33012,24116,29753
33064,24147,29593
33293,24177,29574
33424,24173,29460
33518,24172,29477
33468,24145,29388
33348,24126,29457
33268,24089,29400
33212,24071,29206
33288,24080,29285
33415,24103,29110
33396,24130,29161
33368,24169,29138
33468,24172,29071
33604,24167,28935
33628,24132,28912
33516,24105,28801
33360,24071,28820
33380,24073,28721
33400,24080,28708
33472,24095,28551
33552,24132,28596
33588,24160,28548
33652,24152,28388
33716,24148,28339
33700,24129,28218
33640,24106,28258
33568,24068,28167
33592,24057,28242
33636,24071,28186
33640,24093,28148
33500,24113,27978
33456,24151,28030
33488,24154,27911
33409,24139,27957
33292,24120,27902
33164,24103,27690
33088,24061,27796
33096,24052,27621
33216,24057,27720
33420,24085,27548
33532,24103,27602
33608,24142,27487
33636,24139,27511
33544,24134,27429
33400,24115,27503
33248,24089,27476
33128,24057,27273
33040,24036,27359
32985,24046,27270
33028,24071,27260
33108,24103,27137
33216,24139,27250
33220,24132,27173
33088,24129,27113
32832,24105,27089
32618,24084,26964
32584,24044,27051
32632,24033,26957
32804,24041,26930
33100,24065,26881
33317,24086,26791
33448,24124,26844
33608,24139,26664
33572,24128,26765
33439,24093,26709
33312,24071,26714
33260,24036,26693
33172,24029,26652
33284,24036,26559
33268,24063,26421
33240,24093,26532
33272,24119,26458
33340,24135,26328
33364,24132,26351
33327,24095,26236
33325,24071,26279
33352,24035,26143
33356,24029,26264
33422,24033,26238
33560,24065,26200
33640,24071,26092
33692,24106,26133
33796,24122,25986
33728,24116,26033
33616,24093,25872
33584,24065,25941
33520,24028,25901
33492,24016,25872
33509,24035,25902
33600,24059,25716
33612,24081,25833
33708,24119,25709
33788,24112,25772
33790,24108,25612
33728,24087,25735
33508,24054,25696
33200,24028,25703
32984,24028,25680
32948,24035,25672
33012,24049,25661
33124,24068,25516
33364,24108,25593
33580,24116,25619
33528,24105,25524
33397,24080,25551
33245,24053,25500
33142,24023,25537
33040,24018,25396
33000,24026,25543
33192,24049,25495
33260,24070,25473
33368,24097,25492
33440,24108,25446
33488,24092,25494
33492,24079,25495
33420,24047,25452
33292,24018,25325
33182,24004,25453
33172,24015,25455
33216,24044,25378
33314,24065,25395
33464,24103,25258
33461,24111,25356
33452,24095,25285
33348,24071,25317
33124,24045,25321
32992,24006,25215
32885,23999,25350
32852,24009,25312
32833,24037,25342
32908,24063,25332
33135,24086,25263
33216,24095,25299
33136,24079,25233
33040,24045,25243
32868,24037,25186
32784,23999,25202
32752,23990,25207
32784,23999,25073
32836,24027,25184
32792,24044,25192
32720,24087,25104
32741,24100,25142
32692,24076,25071
32577,24059,25119
32536,24034,24968
32504,23987,25052
32496,23983,24945
32652,23994,25010
32870,24020,25011
33000,24040,24920
32852,24081,24969
32813,24087,24908
32940,24071,24958
32788,24051,24868
32688,24023,24907
32612,23997,24849
32676,23976,24900
32872,23987,24884
33008,24011,24807
32980,24035,24796
32868,24063,24689
32680,24076,24772
32564,24071,24666
32512,24044,24751
32442,24020,24682
32440,23983,24701
32684,23982,24631
32852,23983,24510
32928,24006,24615
32944,24028,24595
32968,24065,24485
32917,24085,24486
32897,24069,24516
32880,24040,24425
32807,24013,24428
32724,23973,24341
32676,23973,24376
32636,23981,24295
32580,24014,24309
32600,24033,24240
32612,24064,24253
32652,24069,24223
32724,24055,24191
32805,24037,24148
32860,24009,24011
32792,23969,24081
32856,23969,23921
32832,23988,23980
32849,23999,23882
33001,24039,23943
33062,24067,23921
33012,24061,23902
32966,24052,23808
32774,24025,23833
32592,24004,23800
32428,23972,23727
32352,23949,23743
32416,23967,23599
32516,23991,23687
32638,24024,23600
32760,24052,23642
32828,24055,23546
32744,24041,23646
32652,24021,23588
32645,23989,23623
32612,23953,23561
32550,23951,23604
32568,23958,23573
32665,23986,23625
32832,24010,23595
33016,24041,23631
33124,24042,23612
32989,24037,23526
32808,24015,23639
32572,23989,23642
32368,23954,23629
32328,23938,23686
32461,23953,23636
32633,23974,23688
32840,23998,23609
32968,24033,23719
33120,24044,23652
32984,24037,23757
32858,23996,23695
32829,23980,23797
32812,23943,23772
32928,23936,23840
33104,23949,23862
33368,23972,23789
33568,24000,23876
33768,24020,23915
33940,24028,23876
33985,24015,23912
33988,23990,23927
34014,23965,23914
34253,23941,23964
34412,23927,23886
34469,23941,24011
34588,23970,23937
34668,23989,24036
34792,24030,23991
34884,24029,24081
34696,24022,24052
34352,23998,24100
34208,23983,24043
34050,23953,24151
33900,23952,24144
33768,23969,24172
32877,23982,24138
31956,24013,24222
31812,24039,24173
31208,24049,24303
30504,24035,24325
30472,24011,24290
30964,23977,24376
31432,23947,24308
31740,23937,24420
31896,23943,24330
32208,23972,24481
32600,23993,24436
32876,24027,24545
33060,24029,24576
33096,24007,24453
33040,23986,24583
32999,23959,24511
32988,23933,24636
32812,23933,24557
32512,23927,24720
32409,23946,24753
32432,23977,24807
32644,24017,24791
32984,24017,24745
33124,23999,24888
33100,23973,24871
32992,23952,24900
32872,23918,24905
32796,23909,25008
32864,23916,25061
33004,23945,24972
33060,23976,25074
33197,24005,25029
33244,24007,25205
33253,23989,25204
33212,23959,25127
33200,23940,25296
33128,23911,25204
33060,23903,25384
33072,23907,25413
33184,23935,25478
33312,23966,25505
33352,23991,25388
33321,23994,25564
33292,23979,25552
33224,23959,25647
33296,23935,25652
33188,23908,25591
33036,23897,25732
32872,23914,25729
32852,23933,25655
32900,23957,25820
33000,23982,25825
33174,23990,25869
33240,23977,25863
33172,23953,25828
33120,23927,25857
33012,23892,25799
33020,23892,25913
33093,23899,25811
33204,23925,25934
33376,23948,25945
33536,23983,25980
33616,23984,25924
33552,23975,25834
33300,23946,25919
33165,23919,25912
33108,23893,25822
33060,23888,25973
32969,23897,25969
33024,23924,25838
33136,23948,25955
33458,23980,25953
33732,23989,25792
33764,23965,25956
33656,23933,25887
33516,23909,25924
33405,23874,25808
33356,23877,25912
33380,23889,25941
33452,23913,25812
33481,23935,25905
33518,23961,25916
33564,23969,25757
33568,23953,25926
33576,23933,25901
33452,23904,25819
33245,23877,25861
33132,23869,25743
33104,23879,25892
33128,23911,25844
33128,23939,25905
33273,23961,25894
33318,23965,25804
33253,23948,25869
33140,23926,25887
33008,23895,25798
32804,23868,25820
32656,23856,25862
32504,23878,25728
32562,23903,25852
32628,23937,25825
32700,23954,25869
32736,23964,25827
32760,23947,25703
32637,23924,25852
32588,23905,25864
32524,23865,25719
32381,23853,25870
32344,23870,25859
32384,23900,25740
32504,23931,25885
32720,23949,25831
32822,23957,25748
32736,23932,25863
32644,23911,25752
32588,23894,25888
32420,23851,25903
32320,23844,25873
32364,23873,25909
32428,23895,25780
32452,23916,25926
32468,23951,25954
32484,23951,25973
32572,23940,25929
32696,23913,25836
32777,23877,25988
32864,23852,25928
32948,23851,26040
33188,23860,26031
33352,23877,26081
33404,23909,26045
33333,23943,25988
33232,23951,26148
33064,23935,26106
32988,23903,26014
33060,23871,26213
33194,23855,26228
33320,23845,26187
33513,23860,26216
33684,23877,26305
33756,23908,26245
33702,23940,26309
33692,23936,26288
33704,23927,26325
33740,23897,26375
33736,23868,26375
33640,23847,26380
33649,23843,26453
33572,23860,26424
33556,23886,26521
33556,23901,26534
33596,23935,26556
33580,23937,26567
33584,23927,26605
33468,23902,26557
33392,23871,26512
33272,23846,26671
33164,23837,26620
33200,23849,26612
33456,23878,26660
33604,23904,26685
33676,23930,26615
33564,23940,26802
33488,23919,26767
33424,23891,26684
33505,23871,26868
33404,23836,26849
33360,23837,26726
33212,23847,26910
33152,23868,26900
33176,23896,26776
33476,23923,26962
33628,23929,26904
33552,23916,26932
33432,23887,26919
33184,23854,26840
33156,23837,27003
33224,23826,26918
33449,23843,26991
33568,23867,26943
33560,23892,26965
33568,23924,27001
33508,23925,26911
33414,23909,27020
33232,23882,26895
33020,23861,27046
32884,23825,26975
32832,23819,26949
33176,23837,27029
33364,23863,27041
33309,23882,26884
33181,23916,26999
33140,23913,27020
33140,23896,26870
33080,23872,26932
33005,23840,26938
32964,23812,26932
32841,23815,26977
32768,23824,26887
32752,23852,26840
32768,23888,26887
32990,23904,26785
33180,23917,26926
33300,23897,26900
33248,23870,26781
33120,23851,26809
33004,23808,26813
32950,23811,26716
32868,23832,26768
32804,23854,26807
32864,23880,26713
33008,23905,26804
33312,23911,26762
33432,23892,26612
33392,23868,26737
33248,23847,26596
33112,23813,26733
33060,23807,26633
33136,23823,26517
33302,23849,26669
33404,23876,26631
33492,23902,26498
33412,23909,26627
33262,23891,26562
33192,23871,26415
33152,23839,26527
33002,23815,26382
32840,23788,26496
32748,23818,26475
32868,23843,26312
33140,23871,26428
33404,23900,26413
33620,23897,26244
33660,23879,26303
33612,23862,26303
33528,23827,26153
33440,23801,26173
33236,23803,26057
33424,23819,26159
33472,23843,26124
33500,23868,25965
33344,23893,26067
33056,23892,25998
32945,23881,25828
33017,23855,25954
33064,23833,25804
33056,23807,25858
33066,23793,25765
33204,23815,25812
33224,23836,25720
33268,23864,25668
33368,23895,25653
33444,23891,25535
33400,23875,25636
33216,23852,25588
33008,23817,25474
32836,23795,25495
32836,23789,25363
32984,23805,25453
33078,23832,25381
33128,23858,25335
33220,23887,25405
33232,23887,25324
33152,23871,25329
33096,23843,25217
33024,23815,25237
33012,23799,25133
33128,23780,25241
33248,23799,25220
33304,23819,25076
33296,23849,25140
33316,23870,25118
33273,23887,25050
33236,23858,25081
33165,23841,24988
33052,23806,25079
32944,23781,25002
32884,23780,25009
33005,23792,24967
33206,23815,24962
33477,23844,24876
33728,23864,24928
33840,23865,24880
33796,23847,24929
33840,23823,24900
33912,23789,24766
33960,23769,24876
34152,23765,24803
34452,23777,24696
34696,23805,24821
34832,23829,24785
34864,23856,24661
34776,23865,24718
34751,23845,24600
34624,23833,24677
34280,23789,24658
33808,23773,24695
33712,23781,24679
33892,23808,24661
34120,23817,24641
34028,23862,24604
33256,23892,24561
32538,23889,24562
32325,23879,24457
31652,23844,24574
30972,23813,24476
30937,23780,24520
31292,23780,24405
31688,23796,24516
32076,23812,24453
32420,23845,24532
32740,23871,24413
32876,23871,24487
32960,23844,24428
32956,23820,24470
32902,23799,24364
32808,23757,24469
32756,23761,24357
32772,23783,24484
32788,23805,24460
32892,23841,24480
32972,23855,24502
32912,23862,24416
32921,23839,24474
32916,23813,24407
32896,23775,24496
32828,23755,24372
32648,23765,24461
32556,23769,24365
32761,23796,24473
33060,23820,24398
33320,23855,24528
33356,23852,24456
33204,23836,24530
33080,23805,24549
32980,23777,24444
32920,23742,24564
33008,23739,24473
32980,23756,24599
32832,23780,24509
32704,23815,24653
32677,23836,24663
32748,23838,24591
32836,23813,24684
32932,23788,24716
32998,23762,24620
32988,23741,24748
32976,23737,24718
32980,23761,24742
33038,23789,24768
33156,23811,24779
33208,23831,24858
33120,23839,24815
32972,23812,24857
32848,23789,24839
32748,23761,24956
32668,23735,24993
32765,23732,24929
32832,23751,24994
32896,23774,25061
32920,23807,25012
32972,23825,25121
33052,23820,25144
33084,23804,25164
33012,23773,25232
32876,23759,25210
32728,23732,25341
32784,23728,25289
32774,23743,25444
32869,23765,25411
32912,23799,25622
32900,23828,25696
32857,23825,25626
32758,23805,25836
32765,23781,25888
32788,23751,25995
32704,23733,26063
32632,23727,26024
32648,23745,26157
32720,23767,26147
32816,23799,26359
32957,23815,26417
32999,23813,26561
32924,23799,26568
32844,23772,26553
32841,23743,26789
32772,23716,26804
32676,23718,26977
32636,23733,27052
32628,23767,26982
32572,23799,27136
32554,23818,27113
32488,23820,27314
32444,23799,27321
32372,23776,27500
32322,23745,27503
32224,23714,27460
32253,23712,27671
32412,23735,27671
32532,23753,27805
32584,23792,27858
32608,23812,27804
32596,23815,27869
32544,23795,27817
32466,23762,28027
32424,23728,27993
32432,23708,28099
32416,23715,28085
32396,23732,28180
32320,23761,28189
32328,23781,28130
32384,23799,28253
32504,23799,28132
32744,23781,28202
32744,23754,28137
32664,23743,28198
32428,23706,28153
32272,23705,28209
32260,23727,28125
32348,23752,28229
32592,23783,28083
32789,23802,28218
32808,23797,28109
32780,23781,28204
32876,23753,28176
32956,23725,28147
33044,23716,27940
33080,23706,28023
33168,23727,27911
33356,23750,27952
33536,23780,27890
33692,23799,27858
33688,23804,27725
33604,23781,27733
33536,23759,27633
33348,23729,27423
33156,23703,27423
33160,23702,27295
33256,23727,27284
33345,23751,27108
33352,23778,27188
33260,23803,27076
33116,23796,26959
33060,23777,26879
33172,23765,26753
33260,23734,26788
33204,23714,26694
33132,23709,26460
33188,23726,26540
33344,23753,26401
33548,23776,26349
33740,23805,26173
33748,23796,26175
33608,23777,26056
33408,23750,25974
33236,23730,25904
33181,23702,25729
33332,23709,25798
33500,23724,25674
33584,23748,25661
33569,23778,25596
33524,23797,25420
33494,23803,25423
33480,23780,25284
33398,23762,25307
33352,23727,25125
33264,23709,25172
33204,23703,25004
33208,23732,25036
33252,23750,24836
33168,23783,24893
33168,23810,24749
33204,23799,24756
33228,23785,24592
33212,23741,24647
33196,23719,24476
33076,23704,24562
33032,23702,24400
33044,23716,24386
33068,23745,24244
33300,23774,24268
33532,23803,24113
33469,23803,24148
33396,23780,23996
33400,23755,24040
33472,23732,23984
33328,23698,23877
33053,23708,23900
32596,23719,23734
32372,23748,23764
32408,23783,23608
32644,23813,23645
32888,23807,23519
32814,23777,23545
32716,23758,23396
32700,23733,23460
32552,23703,23383
32508,23703,23360
32420,23724,23264
32476,23747,23240
32525,23775,23116
32714,23800,23127
32976,23798,23010
32940,23785,23036
32700,23765,22900
32584,23721,22925
32576,23697,22820
32612,23701,22844
32756,23720,22775
32792,23743,22653
32820,23775,22663
32936,23791,22567
32982,23790,22567
32908,23778,22481
32808,23764,22460
32748,23727,22354
32716,23703,22367
32748,23706,22305
32836,23719,22277
32932,23749,22240
32945,23785,22128
32924,23806,22121
32828,23804,22034
32708,23780,22047
32612,23756,21965
32436,23732,21952
32389,23711,21904
32548,23708,21810
32672,23737,21813
32652,23751,21781
32605,23782,21702
32600,23808,21679
32565,23808,21660
32604,23783,21615
32676,23756,21555
32712,23732,21544
32724,23724,21504
32636,23716,21487
32570,23740,21452
32628,23756,21402
32648,23799,21370
32616,23808,21365
32460,23797,21351
32180,23785,21295
32056,23772,21274
32109,23735,21270
32360,23716,21263
32536,23717,21205
32652,23733,21206
32760,23767,21176
32736,23795,21145
32800,23813,21172
32792,23815,21157
32662,23791,21160
32500,23759,21108
32330,23740,21110
32252,23718,21124
32248,23717,21132
32416,23742,21092
32532,23764,21112
32636,23789,21129
32680,23815,21108
32604,23807,21129
32381,23791,21100
32256,23766,21135
32176,23739,21144
32012,23724,21127
32045,23723,21149
32208,23733,21173
32285,23765,21143
32288,23805,21144
32292,23815,21186
32240,23813,21211
32200,23790,21204
32224,23772,21216
32245,23742,21244
32268,23721,21254
32285,23717,21266
32484,23740,21295
32816,23770,21278
33104,23805,21330
33252,23809,21352
33280,23809,21343
33216,23789,21388
33116,23773,21431
33220,23742,21404
33468,23717,21473
33772,23717,21497
34181,23745,21482
34638,23764,21561
34776,23805,21580
34832,23815,21588
35118,23821,21623
35160,23808,21676
35284,23780,21661
35564,23756,21748
35620,23751,21794
35304,23756,21786
34668,23764,21871
33240,23802,21873
32080,23833,21929
31769,23852,21985
31036,23848,21983
30204,23837,22092
29744,23807,22137
29780,23772,22150
30160,23748,22260
30625,23757,22301
30952,23777,22320
31152,23795,22399
31344,23826,22468
31500,23849,22494
31544,23841,22572
31438,23823,22655
31260,23794,22628
31181,23767,22773
31196,23744,22842
31288,23744,22789
31364,23770,22940
31406,23789,23004
31468,23823,23022
31508,23847,23112
31532,23849,23175
31532,23820,23132
31488,23797,23232
31432,23771,23340
31296,23742,23366
31248,23750,23343
31428,23773,23510
31528,23797,23559
31432,23829,23516
31300,23855,23663
31256,23845,23688
31256,23828,23771
31368,23796,23876
31469,23765,23935
31420,23758,23894
31428,23759,24093
31417,23773,24158
31636,23803,24210
31768,23831,24256
31776,23860,24289
31812,23848,24430
31862,23829,24516
31800,23806,24471
31804,23775,24620
31888,23761,24692
31884,23755,24714
31716,23778,24796
31572,23815,24817
31528,23841,24933
31564,23860,24997
31589,23854,24977
31508,23836,25055
31372,23802,25071
31180,23775,25212
31160,23756,25188
31284,23767,25253
31369,23788,25265
31372,23815,25332
31292,23848,25315
31336,23860,25419
31432,23859,25477
31460,23836,25415
31374,23814,25554
31392,23788,25556
31452,23775,25675
31412,23765,25693
31284,23790,25821
31205,23822,25870
31244,23860,25879
31340,23869,25972
31528,23869,25976
31631,23845,26082
31670,23827,25988
31516,23788,26173
31368,23781,26096
31376,23772,26310
31389,23800,26381
31408,23835,26332
31356,23863,26459
31164,23876,26393
31020,23876,26612
30984,23858,26684
30913,23827,26612
30964,23798,26772
30960,23783,26782
31128,23780,26939
31284,23809,26928
31414,23839,26869
31532,23870,27102
31548,23885,27141
31428,23876,27049
31348,23860,27244
31232,23833,27295
31104,23800,27245
31024,23788,27428
31008,23791,27471
30900,23812,27393
30740,23840,27557
30796,23878,27564
30864,23900,27679
30756,23886,27712
30560,23875,27610
30544,23847,27781
30462,23814,27823
30416,23796,27861
30622,23798,27901
30892,23821,27919
31189,23852,27904
31253,23895,27952
31184,23904,27948
31109,23896,27982
31068,23885,27841
30960,23858,27947
30928,23829,27927
30908,23811,28068
31052,23815,27933
31224,23839,28053
31312,23865,27944
31472,23892,28063
31513,23909,27953
31444,23909,28094
31340,23890,28110
31364,23868,28098
31381,23842,28049
31319,23830,28094
31276,23824,28020
31248,23857,28085
31276,23883,28090
31372,23908,28071
31384,23924,27943
31341,23925,28041
31292,23910,28028
31272,23881,28078
31260,23856,28060
31224,23842,28052
31200,23848,27940
31264,23870,27865
31308,23892,27994
31380,23929,27844
31506,23943,27989
31504,23940,27860
31449,23914,27952
31444,23899,27886
31392,23874,27824
31312,23855,27848
31268,23861,27717
31268,23884,27804
31448,23911,27753
31660,23945,27655
31752,23955,27692
31708,23948,27723
31576,23937,27556
31362,23909,27655
31224,23879,27663
31220,23871,27480
31392,23872,27511
31556,23893,27393
31676,23927,27492
31762,23949,27343
31800,23973,27410
31777,23966,27309
31704,23943,27401
31652,23927,27337
31548,23899,27180
31508,23877,27265
31509,23892,27060
31474,23909,27174
31480,23934,27076
31512,23973,27116
31486,23983,27084
31597,23983,26929
31662,23967,26938
31553,23943,26925
31444,23909,26780
31324,23885,26809
31268,23898,26797
31388,23927,26637
31565,23948,26708
31700,23988,26584
31729,24004,26578
31672,23999,26402
31606,23973,26455
31484,23957,26308
31440,23919,26362
31468,23907,26247
31488,23910,26322
31512,23940,26191
31576,23962,26149
31636,23996,26111
31664,24012,26119
31648,24013,25989
31566,23994,26007
31450,23962,25855
31324,23932,25863
31240,23919,25803
31232,23927,25741
31248,23947,25727
31308,23977,25668
31352,24009,25691
31392,24024,25649
31400,24026,25598
31302,24004,25516
31208,23983,25420
31108,23949,25461
31040,23935,25415
31129,23948,25255
31144,23969,25303
31222,23998,25207
31320,24036,25267
31232,24046,25117
31300,24039,25202
31348,24016,25040
31261,24003,25110
31044,23969,25076
30940,23957,24968
31032,23959,25018
31116,23981,24914
31260,24012,24968
31517,24044,24918
31660,24058,24898
31661,24053,24779
31566,24042,24844
31448,24016,24860
31312,23981,24741
31328,23971,24797
31460,23979,24777
31584,23999,24680
31644,24024,24719
31644,24060,24620
31640,24076,24622
31617,24069,24516
31580,24049,24611
31468,24027,24521
31340,23997,24520
31276,23980,24398
31360,23997,24481
31480,24015,24431
31332,24043,24468
31188,24085,24447
31200,24092,24418
31200,24085,24401
31304,24067,24364
31432,24041,24369
31374,24013,24216
31268,24001,24316
31212,24005,24212
31308,24028,24300
31392,24052,24274
31448,24091,24295
31492,24107,24283
31509,24103,24183
31414,24087,24287
31478,24052,24156
31496,24024,24268
31445,24013,24165
31476,24020,24272
31552,24047,24172
31492,24071,24285
31496,24104,24261
31452,24123,24325
31512,24117,24237
31513,24095,24342
31536,24062,24237
31672,24039,24348
31816,24020,24278
31962,24026,24387
32216,24055,24320
32497,24078,24465
32784,24110,24495
32852,24125,24438
32696,24125,24494
32492,24101,24426
32468,24071,24577
32566,24044,24564
32672,24039,24632
33052,24051,24524
33528,24062,24662
34013,24095,24604
34300,24146,24727
34336,24159,24652
34372,24152,24780
34496,24133,24724
34453,24121,24853
34300,24092,24784
33480,24071,24934
32176,24095,24917
31736,24109,25022
31432,24140,24969
30508,24172,25124
30020,24175,25123
30100,24183,25256
30495,24156,25231
30824,24129,25356
30908,24095,25416
30896,24087,25521
31004,24090,25543
31112,24113,25595
31212,24148,25712
31354,24179,25716
31408,24191,25797
31332,24176,25764
31308,24164,25978
31274,24133,26064
31104,24108,26032
31092,24093,26204
31193,24102,26278
31160,24131,26394
30968,24153,26429
30792,24191,26540
30784,24199,26593
30960,24195,26724
31204,24172,26772
31421,24149,26881
31399,24117,26820
31236,24106,27004
31192,24117,27031
31360,24141,27252
31574,24164,27260
31737,24198,27463
31889,24215,27559
31920,24199,27585
31828,24185,27757
31725,24156,27849
31564,24127,27952
31424,24116,28052
31384,24129,28121
31356,24151,28231
31368,24165,28309
31682,24207,28349
31932,24216,28476
31977,24208,28538
32000,24188,28637
31864,24164,28708
31920,24137,28597
32104,24125,28820
32212,24136,28883
32384,24160,28801
32445,24189,28884
32428,24223,28900
32425,24231,28965
32300,24227,29020
32296,24202,28981
32189,24183,29184
32126,24151,29196
32056,24136,29063
32084,24141,29229
32172,24169,29151
32244,24205,29316
32300,24242,29249
32294,24241,29271
32244,24244,29242
32293,24225,29385
32297,24199,29460
32208,24164,29325
32164,24151,29484
32253,24159,29379
32492,24187,29452
32692,24209,29407
32832,24247,29541
32736,24250,29460
32704,24245,29620
32572,24230,29661
32532,24201,29693
32484,24175,29649
32560,24163,29593
32592,24175,29676
32660,24192,29639
32764,24223,29703
33004,24263,29669
33160,24275,29847
33172,24264,29832
33044,24242,29901
32952,24220,29914
32860,24180,29876
32784,24175,29798
32716,24183,29925
32796,24209,29883
32844,24239,29979
32888,24276,30004
32892,24286,29988
32836,24276,29951
32681,24255,29994
32544,24233,29996
32452,24207,29989
32432,24193,29969
32484,24199,29881
32444,24226,29807
32409,24250,29894
32456,24281,29765
32472,24292,29840
32500,24289,29735
32380,24273,29781
32352,24241,29666
32280,24209,29793
32288,24199,29749
32260,24212,29764
32320,24235,29624
32472,24253,29703
32628,24297,29582
32668,24309,29601
32640,24297,29454
32580,24284,29559
32501,24253,29391
32366,24223,29413
32272,24213,29304
32168,24218,29429
32348,24249,29352
32600,24278,29213
32953,24304,29319
33076,24319,29295
32996,24325,29108
32868,24288,29134
32796,24268,29058
32760,24242,29063
32840,24223,28988
32960,24235,29008
33076,24260,28911
33216,24292,28935
33312,24325,28852
33324,24332,28959
33292,24332,28941
33214,24307,28771
33112,24280,28796
32992,24246,28694
32873,24251,28765
32862,24247,28705
32964,24277,28735
33084,24318,28578
33196,24344,28742
33288,24357,28668
33316,24343,28590
33284,24327,28615
33240,24299,28534
33188,24268,28614
33188,24254,28551
33260,24268,28580
33288,24301,28556
33424,24319,28645
33476,24359,28503
33480,24365,28567
33504,24356,28503
33432,24335,28612
33372,24309,28655
33364,24277,28665
33368,24262,28696
33366,24277,28542
33480,24296,28666
33536,24327,28728
33724,24360,28606
33815,24372,28731
33773,24363,28741
33672,24340,28625
33676,24310,28685
33548,24289,28704
33376,24277,28722
33336,24292,28676
33376,24315,28837
33492,24336,28852
33693,24374,28732
33868,24382,28855
33976,24380,28893
33900,24361,28732
33772,24340,28879
33588,24300,28927
33548,24281,28748
33564,24301,28900
33596,24322,28935
33716,24353,28757
33937,24381,28948
34064,24391,28865
34080,24385,28889
33960,24367,28820
33832,24348,28855
33760,24311,28807
33745,24300,28959
33748,24308,28885
33764,24342,28769
33776,24365,28929
33772,24411,28956
33744,24417,28772
33820,24407,28876
33784,24375,28751
33692,24356,28860
33656,24320,28849
33605,24315,28866
33720,24327,28785
33708,24351,28833
33600,24381,28829
33644,24405,28800
33716,24408,28799
33680,24415,28661
33692,24389,28752
33504,24365,28677
33328,24325,28719
33276,24325,28548
33372,24341,28634
33525,24367,28513
33600,24392,28621
33476,24429,28617
33464,24428,28618
33464,24423,28612
33353,24398,28581
33272,24378,28525
33245,24348,28527
33196,24342,28454
33176,24353,28492
33236,24375,28389
33308,24404,28275
33334,24440,28399
33308,24445,28310
33244,24442,28367
33149,24410,28345
33049,24387,28204
32996,24358,28296
33052,24338,28265
33204,24361,28142
33344,24381,28233
33383,24407,28197
33412,24443,28196
33396,24452,28017
33336,24446,28153
33272,24423,28164
33252,24388,28052
33156,24364,28089
33140,24351,28017
33220,24363,28143
33324,24396,28132
33381,24415,28137
33502,24447,28133
33492,24462,28133
33464,24453,28148
33440,24417,28104
33340,24396,28158
33237,24369,27989
33176,24359,28172
33128,24379,28176
33264,24399,28064
33436,24429,28136
33644,24456,28081
33783,24466,28181
33808,24453,28158
33709,24428,28303
33628,24404,28313
33628,24369,28356
33584,24358,28365
33604,24372,28276
33818,24398,28388
34020,24422,28463
34172,24453,28385
34172,24469,28533
34112,24461,28577
34072,24439,28524
34224,24412,28565
34477,24373,28588
34660,24364,28747
34796,24374,28653
35012,24415,28829
35272,24437,28858
35400,24476,28865
35352,24489,28924
35096,24470,28839
35000,24452,29015
35292,24433,29052
35580,24405,29015
35632,24399,29074
35064,24421,29184
34164,24451,29279
34021,24474,29356
33732,24497,29256
32669,24514,29359
32141,24495,29361
32272,24462,29503
32616,24434,29490
32920,24404,29636
33172,24393,29636
33460,24406,29753
33672,24436,29748
33876,24465,29970
34028,24495,30069
34104,24496,29957
34048,24490,30090
33960,24458,30077
33868,24436,30293
33756,24409,30364
33756,24397,30433
33812,24409,30505
33876,24433,30400
34016,24475,30601
34208,24492,30661
34297,24500,30741
34280,24495,30701
34204,24478,30688
34180,24448,30889
34188,24403,30855
34180,24396,31009
34264,24414,31013
34288,24444,31141
34280,24469,31157
34382,24496,31122
34372,24516,31321
34396,24499,31270
34340,24475,31399
34208,24442,31471
34104,24413,31617
34060,24410,31704
34132,24420,31596
34244,24452,31831
34321,24475,31779
34612,24493,31934
34728,24505,31874
34852,24493,31975
34908,24483,32006
34852,24460,32200
34780,24416,32321
34720,24420,32172
34721,24431,32325
34737,24455,32296
34737,24481,32492
34814,24515,32608
34856,24514,32433
34784,24514,32673
34648,24487,32744
34454,24455,32760
34352,24421,32762
34424,24420,32712
34648,24429,32820
34872,24469,32807
35032,24489,32953
35088,24524,33023
35182,24524,33082
35140,24513,33135
35025,24487,33044
35081,24461,33126
35094,24436,33128
35044,24421,33229
35096,24440,33308
35180,24474,33428
35308,24500,33448
35424,24533,33543
35492,24540,33644
35405,24526,33463
35276,24505,33700
35196,24482,33813
35109,24445,33692
35096,24444,33920
35144,24458,34024
35160,24487,33832
35204,24509,34007
35292,24534,34058
35316,24541,34264
35256,24535,34261
35164,24508,34279
35140,24481,34487
35084,24447,34620
35032,24447,34439
35116,24469,34708
35132,24500,34760
35250,24504,34728
35268,24548,34901
35236,24550,35065
35080,24545,34852
34872,24527,35087
34752,24494,35121
34788,24467,35287
34841,24455,35353
34956,24469,35487
35036,24495,35641
35056,24523,35505
34996,24552,35693
34872,24563,35759
34816,24554,35892
34677,24524,35916
34468,24512,35908
34328,24476,36120
34180,24465,36188
34074,24483,36304
34148,24507,36476
34168,24536,36478
34220,24565,36661
34256,24571,36663
34260,24562,36727
34164,24533,36836
34148,24509,36986
34277,24474,36780
34436,24468,36981
34544,24489,37090
34672,24512,37231
34724,24539,37377
34756,24583,37421
34709,24580,37464
34524,24564,37501
34376,24549,37555
34245,24525,37674
34153,24487,37792
34096,24477,37855
34116,24497,38005
34164,24517,37693
34180,24549,38081
34192,24583,37822
34236,24597,38061
34184,24573,38185
34144,24551,38239
33892,24525,38364
33706,24497,38108
33676,24495,38268
33988,24508,38376
34164,24533,38436
34228,24564,38484
34028,24594,38228
33824,24598,38457
33701,24596,38285
33736,24553,38636
33868,24525,38509
34052,24507,38629
33920,24497,38780
33856,24514,38615
33948,24540,38689
34160,24567,38780
34447,24599,38759
34604,24608,38813
34548,24583,38708
34397,24562,38791
34208,24541,38916
33977,24509,38535
33976,24508,38860
34117,24516,38564
34369,24545,38767
34358,24570,38841
34132,24607,38820
34016,24611,38848
33852,24605,38940
33904,24575,39047
33964,24537,38983
33932,24512,39098
33952,24507,39003
33856,24514,39023
33960,24551,39008
34076,24576,39033
34220,24609,39099
34216,24612,39039
34176,24598,39084
34112,24583,39041
34100,24546,39143
33872,24529,38743
33700,24510,39020
33684,24529,38821
33712,24552,38951
33792,24583,38972
34004,24610,38956
34044,24615,38865
34044,24601,38932
34029,24583,38981
33980,24549,38829
33828,24521,38884
33752,24525,38959
33780,24537,38846
33720,24558,38902
33764,24591,38486
33864,24615,38710
33976,24631,38646
34036,24605,38596
33976,24583,38585
33824,24556,38532
33604,24525,38612
33580,24518,38572
33608,24539,38455
33720,24559,38444
33760,24588,38492
33786,24625,38495
33760,24633,38396
33648,24614,38407
33544,24591,38372
33385,24565,38397
33376,24535,38303
33422,24528,38300
33340,24543,38116
33348,24572,38295
33397,24600,37975
33492,24634,38076
33632,24636,38063
33744,24616,38061
33934,24596,38036
33796,24572,37964
33644,24536,37945
33564,24534,37933
33568,24551,37965
33668,24582,37874
33728,24611,37835
33776,24642,37813
33840,24629,37870
33894,24619,37733
33836,24598,37604
33652,24567,37627
33440,24548,37567
33296,24542,37521
33308,24558,37609
33332,24581,37655
33380,24601,37548
33332,24636,37592
33301,24642,37495
33265,24628,37401
33200,24608,37337
33185,24574,37342
33288,24541,37324
33297,24537,37284
33137,24554,37287
33008,24577,37292
33001,24607,37341
33100,24636,37416
33206,24643,37336
33332,24623,37412
33280,24603,37041
33156,24580,37216
33024,24551,37351
32940,24548,37287
32912,24559,37383
32796,24587,37028
32820,24612,37297
32860,24639,37028
33044,24642,37389
33192,24626,37033
33172,24605,37294
33076,24583,37207
33112,24551,37204
33228,24544,37227
33312,24561,37243
33332,24593,37084
33300,24615,37450
33484,24646,37325
33660,24647,37264
33712,24628,37415
33788,24609,37133
33832,24577,37359
33808,24550,37143
33673,24544,37351
33612,24559,37184
33741,24577,37347
33952,24612,37380
34116,24639,37436
34165,24647,37437
34120,24631,37534
34100,24613,37572
34192,24579,37545
34204,24557,37628
34048,24552,37600
34016,24575,37664
34372,24605,37375
34672,24639,37656
34932,24672,37615
34616,24681,37613
33668,24668,37769
33044,24632,37796
32552,24614,37796
31336,24574,37748
30484,24583,37856
30440,24599,38013
30856,24609,37893
31324,24644,38026
31820,24664,38127
32186,24670,38010
32320,24648,38151
32408,24630,38096
32512,24605,38279
32460,24569,38281
32468,24561,38329
32432,24583,38308
32348,24617,38348
32420,24640,38436
32553,24669,38584
32774,24665,38532
32880,24653,38684
32873,24623,38460
32768,24604,38613
32676,24567,38764
32672,24565,38704
32672,24583,38815
32648,24609,38807
32676,24642,38943
32744,24670,38866
32948,24668,39004
33028,24651,38950
32972,24637,39076
32872,24605,38935
32764,24573,39067
32796,24575,39094
32908,24593,39154
33092,24612,39297
33244,24638,39213
33312,24663,39136
33356,24665,39292
33288,24655,39284
33188,24628,39271
33022,24607,39244
32844,24572,39118
32808,24572,39357
32968,24588,39471
33220,24615,39412
33404,24646,39452
33372,24673,39458
33232,24672,39489
33204,24662,39455
33136,24635,39493
33136,24602,39455
33224,24575,39471
33380,24572,39320
33444,24589,39396
33504,24614,39345
33565,24649,39175
33658,24675,39273
33660,24679,39132
33492,24661,39175
33224,24640,39085
33056,24613,39013
33016,24591,38965
33036,24581,38951
33104,24600,38903
33262,24633,38854
33488,24661,38767
33604,24684,38783
33644,24686,38639
33632,24668,38444
33580,24648,38556
33553,24616,38126
33436,24596,38240
33368,24591,38143
33420,24612,38169
33536,24626,38108
33572,24656,37960
33532,24693,37933
33568,24693,37801
33608,24683,37663
33612,24645,37654
33596,24620,37506
33580,24600,37485
33632,24600,37340
33644,24616,37341
33568,24634,37348
33557,24665,36935
33608,24697,37075
33556,24703,36929
33468,24679,36925
33332,24658,36871
33336,24635,36516
33292,24604,36716
33268,24596,36476
33260,24613,36493
33269,24637,36505
33208,24671,36333
33232,24699,36329
33232,24701,36160
33184,24684,36054
32985,24665,35839
32720,24643,35875
32516,24607,35764
32456,24602,35728
32654,24619,35719
32864,24650,35319
33092,24676,35401
33164,24711,35151
33212,24704,35197
33192,24689,35047
33120,24665,35077
32985,24644,35007
32880,24607,34948
32856,24615,34929
32912,24631,34565
32984,24658,34580
33046,24684,34392
33072,24719,34482
33076,24723,34336
33056,24706,34356
33068,24676,34284
33004,24648,34212
32900,24623,34183
32860,24619,34055
32876,24633,33994
32860,24669,33703
32896,24690,33894
32973,24721,33608
32996,24720,33610
32933,24709,33548
32804,24681,33590
32632,24661,33576
32500,24636,33476
32572,24633,33468
32644,24644,33370
32776,24676,33364
32832,24703,33077
32860,24726,33163
32917,24725,33039
32892,24704,33120
32925,24684,33149
32916,24667,33076
32812,24633,33077
32864,24630,32823
32872,24652,32917
32888,24679,32780
32960,24707,32980
33024,24728,32929
32996,24735,32863
32882,24712,32775
32785,24695,32695
32684,24665,32726
32664,24644,32625
32800,24639,32762
32992,24648,32775
33032,24687,32775
32976,24719,32754
32966,24742,32736
33016,24740,32723
33160,24727,32590
33188,24699,32707
33226,24673,32612
33261,24648,32625
33318,24645,32549
33340,24670,32658
33289,24690,32546
33177,24721,32613
33052,24748,32583
33020,24749,32685
33088,24733,32573
33132,24716,32644
33153,24676,32685
33120,24656,32705
33152,24650,32589
33244,24668,32709
33349,24697,32702
33472,24727,32748
33576,24745,32805
33710,24755,32759
33664,24741,32625
33512,24711,32665
33453,24676,32605
33328,24671,32767
33380,24671,32809
33534,24680,32700
33664,24708,32832
33694,24740,32813
33688,24765,32852
33656,24772,32756
33576,24749,32903
33497,24725,32855
33516,24697,32912
33324,24675,32876
33176,24668,32972
33076,24689,32956
33036,24712,32961
33080,24746,32940
33232,24775,33029
33460,24772,32987
33564,24759,32914
33564,24733,33068
33477,24701,33055
33360,24676,33088
33332,24679,33024
33332,24701,32916
33496,24725,32991
33556,24756,32964
33588,24776,33084
33568,24773,32965
33568,24769,33099
33460,24740,33080
33409,24715,32943
33400,24693,33069
33454,24692,33052
33504,24708,32886
33641,24727,33031
33801,24764,32935
33912,24783,32988
33932,24789,32799
33932,24776,32943
33864,24749,32831
33788,24724,32731
33736,24705,32732
33701,24696,32657
33706,24718,32624
33708,24748,32639
33660,24775,32585
33708,24800,32674
33820,24801,32653
33956,24777,32592
33872,24758,32568
33840,24741,32519
33908,24709,32498
34070,24711,32464
34237,24732,32468
34348,24757,32410
34368,24793,32284
34320,24815,32185
34284,24804,32199
34220,24798,32125
34056,24775,32245
33900,24747,32206
33748,24725,32032
33724,24719,32104
33877,24741,32029
34120,24766,32073
34333,24795,32021
34448,24819,32042
34408,24825,31996
34300,24802,32005
34212,24777,32016
34100,24756,31958
33888,24733,31886
33808,24732,31751
33888,24746,31801
34112,24772,31729
34332,24802,31845
34524,24825,31708
34580,24828,31671
34469,24814,31748
34412,24783,31656
34352,24766,31681
34304,24743,31608
34340,24743,31783
34408,24750,31740
34461,24779,31751
34500,24815,31719
34588,24839,31724
34624,24839,31697
34591,24821,31711
34548,24798,31516
34500,24770,31580
34436,24755,31513
34461,24745,31668
34560,24767,31640
34752,24799,31668
34882,24820,31475
35028,24839,31535
35156,24841,31460
35228,24820,31621
35392,24797,31576
35544,24765,31450
35528,24753,31541
35500,24764,31450
35600,24769,31519
35856,24798,31448
36092,24836,31520
36312,24855,31462
36460,24865,31540
36508,24855,31463
36584,24814,31524
36624,24781,31476
36436,24766,31577
36206,24769,31505
36340,24803,31540
36524,24828,31484
36728,24873,31568
36496,24907,31488
35436,24904,31692
34636,24869,31538
34372,24861,31594
33480,24823,31553
32656,24788,31629
32504,24794,31597
32812,24811,31692
33204,24839,31623
33604,24871,31709
34016,24895,31673
34324,24884,31756
34580,24871,31712
34692,24847,31839
34756,24814,31920
34796,24803,31956
34924,24792,31844
34996,24815,32039
35108,24849,32040
35173,24868,32116
35180,24903,32116
35212,24897,32052
35192,24871,32173
35100,24844,32137
35052,24820,32253
35036,24799,32154
35120,24800,32365
35232,24821,32405
35248,24852,32437
35304,24879,32480
35396,24897,32413
35408,24893,32517
35367,24884,32544
35272,24860,32645
35152,24828,32652
35084,24812,32791
35088,24809,32753
35156,24825,32988
35216,24853,32921
35296,24887,33117
35402,24904,33167
35432,24902,33236
35384,24897,33321
35332,24866,33340
35253,24833,33437
35148,24814,33244
35124,24815,33378
35248,24839,33415
35292,24868,33566
35240,24901,33641
35204,24916,33420
35184,24916,33542
35264,24896,33624
35388,24875,33681
35488,24839,33647
35440,24820,33711
35389,24828,33756
35424,24847,33518
35568,24878,33741
35656,24900,33488
35684,24921,33661
35680,24916,33475
35604,24903,33545
35508,24877,33503
35484,24839,33607
35444,24829,33612
35416,24828,33565
35392,24847,33595
35385,24876,33377
35436,24902,33329
35577,24921,33415
35640,24933,33460
35536,24912,33427
35392,24900,33316
35264,24868,33220
35134,24829,33276
35064,24836,33180
35140,24867,33224
35216,24893,33182
35308,24919,33263
35348,24940,33200
35368,24941,33284
35289,24926,33330
35244,24889,33108
35157,24861,33231
35176,24852,33080
35240,24844,33236
35232,24871,33268
35212,24899,33260
35172,24928,33220
35148,24948,33199
35184,24953,33285
35204,24935,33169
35073,24903,33175
34800,24873,33319
34636,24859,33314
34572,24856,33192
34640,24877,33332
34852,24911,33421
35108,24939,33201
35356,24957,33337
35516,24949,33371
35548,24929,33471
35484,24916,33391
35320,24885,33531
35189,24868,33577
35196,24868,33592
35248,24886,33650
35332,24916,33751
35372,24949,33741
35400,24967,33695
35408,24967,33744
35340,24949,33893
35268,24923,33868
35320,24883,33983
35344,24865,34012
35416,24871,34103
35464,24903,34149
35544,24921,34242
35628,24949,34292
35668,24979,34140
35668,24967,34480
35632,24951,34332
35556,24930,34444
35492,24909,34444
35488,24879,34583
35540,24882,34599
35642,24902,34754
35724,24921,34766
35820,24959,34852
35864,24981,34905
35844,24988,34941
35744,24981,34836
35669,24939,35140
35572,24907,35104
35428,24892,35217
35316,24905,35010
35344,24913,35316
35440,24944,35300
35548,24969,35423
35619,24985,35400
35532,24989,35484
35464,24967,35497
35392,24946,35533
35312,24919,35439
35240,24905,35533
35228,24905,35662
35220,24924,35737
35264,24964,35756
35360,24986,35844
35414,25012,35823
35460,24996,35861
35392,24976,35892
35272,24961,36005
35120,24929,35957
34964,24902,36033
34828,24919,36006
34768,24940,36121
34741,24967,36064
34896,24991,36084
35012,25015,36103
35156,25020,36056
35248,24987,36185
35236,24973,36252
35216,24941,36257
35216,24927,36256
35260,24921,36289
35280,24947,36366
35268,24973,36350
35264,25009,36380
35357,25017,36399
35332,25022,36391
35172,25002,36424
34892,24983,36448
34680,24949,36468
34568,24927,36503
34564,24929,36484
34504,24951,36573
34390,24981,36335
34348,25018,36449
34356,25042,36259
34309,25033,36410
34308,25011,36436
34191,24984,36495
34072,24961,36441
33957,24943,36482
33873,24950,36388
33857,24960,36441
33872,24988,36537
33853,25023,36337
33872,25035,36392
33858,25037,36257
33768,25020,36311
33685,24996,36101
33636,24967,36371
33660,24949,36264
33668,24946,36228
33704,24967,36164
33752,24994,36063
33732,25031,36024
33672,25045,35890
33580,25049,35866
33484,25027,35765
33436,24999,35807
33308,24972,35580
33196,24954,35681
33128,24958,35453
33084,24969,35677
33072,24999,35550
33052,25028,35452
33120,25057,35207
33152,25052,35441
33124,25020,35308
33061,24999,35303
33026,24975,34945
33004,24959,35157
32998,24967,34798
33004,24983,34917
33008,25007,34869
33031,25032,34847
33100,25060,34734
33148,25052,34703
33100,25032,34567
32972,25012,34376
32896,24973,34311
32792,24967,34311
32720,24964,34191
32760,24985,33940
32808,25010,34105
32856,25039,33936
32836,25063,33665
32777,25052,33734
32780,25037,33578
32820,25013,33596
32828,24978,33411
32728,24962,33303
32708,24966,33311
32684,24985,33249
32684,25010,33114
32700,25038,33047
32736,25063,32893
32592,25060,32655
32400,25042,32658
32313,25012,32444
32217,24983,32450
32116,24962,32244
32104,24972,32340
32169,24990,32197
32304,25019,32071
32436,25047,31827
32480,25061,31829
32461,25056,31691
32509,25035,31671
32568,25009,31540
32560,24980,31312
32532,24967,31341
32468,24970,31303
32236,25001,31045
32125,25021,31060
32133,25053,31028
32192,25071,30757
32332,25063,30735
32365,25042,30580
32328,25020,30554
32156,24986,30425
32220,24978,30506
32470,24974,30409
32560,25000,30349
32516,25023,30245
32585,25060,30020
32718,25063,30096
32776,25069,30020
32690,25045,29780
32615,25018,29760
32440,24989,29631
32161,24980,29620
31926,24987,29475
31808,25010,29480
31753,25025,29312
31874,25060,29356
31980,25071,29141
32012,25073,29172
31892,25046,28982
31754,25027,28996
31616,24988,28823
31504,24976,28913
31508,24981,28825
31532,24999,28737
31476,25029,28494
31429,25068,28581
31437,25079,28428
31492,25065,28422
31486,25053,28352
31372,25028,28173
31272,24996,28112
31096,24977,28021
31077,24986,27989
31200,25004,27941
31336,25030,27782
31457,25061,27782
31654,25071,27717
31645,25068,27625
31324,25047,27429
31033,25023,27447
30880,24996,27311
30836,24974,27303
30912,24979,27175
31105,24997,27112
31292,25027,26893
31492,25063,26905
31640,25079,26746
31797,25065,26745
31904,25047,26577
32089,25006,26593
32360,24985,26481
32457,24967,26334
32608,24975,26351
32692,24994,26302
32692,25026,26069
32672,25055,26086
32784,25056,25903
32917,25061,25944
33072,25038,25764
33416,25017,25767
33708,24986,25675
33892,24971,25665
34236,24972,25593
34420,24999,25482
34360,25031,25438
34332,25070,25277
34064,25095,25281
33645,25092,25092
32973,25058,25121
31468,25037,24951
30268,25008,24986
29940,24999,24863
29352,25007,24896
28572,25026,24852
28356,25052,24784
28824,25078,24748
29356,25087,24698
29632,25085,24636
29612,25061,24463
29540,25037,24517
29596,25007,24361
29632,24988,24424
29770,24992,24327
29888,25015,24312
29950,25038,24157
30093,25077,24196
30255,25084,24133
30336,25074,24135
30392,25057,24076
30349,25026,23924
30388,24996,23964
30517,24988,23854
30600,24985,23844
30652,25012,23727
30636,25039,23738
30592,25064,23620
30700,25077,23628
30732,25073,23500
30718,25047,23540
30760,25026,23438
30692,24999,23476
30680,24983,23420
30674,24993,23412
30680,25007,23335
30676,25028,23324
30696,25062,23207
30708,25078,23233
30656,25075,23175
30678,25053,23157
30692,25027,23132
30640,24994,23076
30620,24983,22970
30624,24995,22973
30688,25009,22878
30862,25026,22892
30916,25057,22791
30814,25081,22789
30696,25068,22734
30536,25052,22684
30432,25029,22607
30340,24995,22561
30388,24973,22457
30360,24988,22448
30304,25007,22328
30344,25033,22318
30312,25069,22229
30372,25081,22220
30424,25079,22149
30396,25046,22056
30297,25028,22031
30252,24999,21927
30364,24980,21910
30540,24983,21845
30656,25013,21777
30584,25032,21700
30576,25066,21661
30517,25081,21568
30436,25075,21525
30321,25053,21445
30280,25028,21399
30237,24993,21324
30316,24982,21274
30382,24987,21197
30348,25005,21147
30464,25035,21084
30654,25076,21005
30748,25076,20952
30704,25072,20890
30698,25049,20820
30736,25025,20758
30820,24989,20686
30909,24978,20624
31012,24989,20557
31052,25003,20493
30956,25031,20422
30884,25066,20364
30780,25075,20298
30672,25069,20244
30572,25051,20178
30525,25021,20108
30552,24989,20054
30532,24977,20007
30484,24983,19924
30428,25006,19874
30420,25028,19804
30524,25068,19750
30692,25076,19698
30768,25069,19644
30708,25047,19626
30580,25021,19537
30414,24988,19493
30280,24973,19469
30144,24985,19401
30198,25004,19344
30280,25031,19303
30352,25062,19250
30305,25071,19204
30120,25068,19218
29960,25041,19133
29896,25018,19084
29796,24993,19110
29650,24974,19021
29592,24980,18996
29680,25006,19014
29812,25027,18924
29924,25064,18914
30240,25070,18927
30378,25066,18856
30308,25038,18871
30172,25021,18805
30224,24985,18784
30112,24971,18824
30028,24980,18753
29860,25011,18757
29849,25030,18710
30093,25061,18751
30204,25077,18708
30276,25064,18740
30340,25041,18688
30364,25022,18693
30476,24986,18740
30657,24972,18682
30744,24980,18724
30800,24999,18676
30804,25025,18664
30756,25060,18740
30680,25077,18691
30632,25063,18689
30630,25036,18713
30600,25019,18716
30628,24980,18724
30700,24967,18753
30832,24981,18748
30878,25000,18768
30904,25026,18821
30928,25060,18821
30788,25069,18848
30528,25069,18838
30456,25045,18863
30388,25014,18871
30360,24989,18849
30356,24969,18905
30420,24984,18954
30476,24997,18927
30557,25031,18964
30672,25063,19037
30700,25065,19004
30796,25055,19039
30764,25034,19069
30668,25018,19083
30608,24985,19169
30560,24964,19138
30564,24979,19172
30588,24999,19200
30704,25021,19230
30721,25053,19292
30712,25073,19309
30616,25061,19372
30489,25037,19365
30416,25011,19435
30458,24977,19432
30376,24974,19463
30312,24974,19539
30372,24997,19543
30460,25025,19581
30628,25060,19591
30704,25068,19637
30608,25060,19673
30452,25037,19681
30311,25007,19717
30288,24973,19748
30270,24966,19807
30244,24969,19805
30300,24999,19844
30480,25027,19886
30704,25049,19897
30892,25062,19941
30949,25052,19954
30898,25036,19994
30768,25005,20005
30621,24978,20047
30396,24963,20058
30262,24972,20101
30334,24997,20108
30468,25017,20148
30641,25055,20167
30688,25060,20204
30616,25061,20236
30550,25028,20259
30453,25012,20290
30344,24973,20301
30280,24963,20345
30392,24964,20356
30536,24995,20388
30568,25016,20415
30743,25049,20447
30844,25063,20471
30845,25057,20508
30833,25031,20539
30760,25004,20570
30628,24967,20597
30464,24963,20641
30341,24967,20671
30300,24995,20714
30189,25021,20740
30216,25045,20764
30272,25063,20821
30304,25047,20860
30416,25025,20894
30478,24995,20947
30420,24972,20954
30244,24954,21015
30176,24967,21047
30148,24989,21108
30116,25013,21144
30032,25042,21193
30048,25053,21245
30000,25053,21275
29896,25024,21317
29846,24996,21375
29896,24964,21412
29984,24944,21476
30152,24962,21520
30396,24987,21570
30688,25004,21627
30816,25039,21669
30900,25048,21733
30796,25037,21793
30684,25021,21814
30632,24995,21881
30616,24959,21920
30549,24948,21996
30544,24967,22036
30650,24988,22053
30861,25009,22155
30964,25037,22182
30968,25051,22276
30968,25037,22308
30924,25010,22391
30908,24985,22444
30814,24957,22493
30656,24948,22510
30536,24956,22604
30593,24980,22613
30756,25011,22721
30884,25034,22768
30924,25044,22846
30792,25029,22851
30572,25010,22980
30440,24988,23034
30400,24948,23020
30404,24943,23144
30400,24956,23150
30388,24977,23303
30412,24999,23367
30334,25030,23396
30276,25036,23487
30229,25030,23498
30176,25009,23612
30128,24983,23606
30188,24951,23750
30208,24937,23789
30176,24949,23907
30256,24967,23879
30410,25001,24036
30504,25024,24031
30300,25034,24183
30113,25027,24265
29876,25004,24320
29812,24975,24408
29888,24947,24405
29942,24935,24573
30064,24942,24608
30152,24967,24696
30268,24989,24716
30336,25031,24862
30284,25030,24881
30244,25022,25028
30140,24998,25108
30070,24965,25111
30136,24937,25212
30256,24919,25172
30445,24932,25398
30744,24957,25475
31144,24983,25433
31532,25013,25593
31864,25023,25564
31972,25007,25764
31857,24985,25820
31832,24960,25766
31984,24929,25953
32249,24923,25970
32480,24932,26119
32772,24955,26199
33000,24977,26172
33304,25011,26289
33600,25023,26304
33760,25017,26425
33640,24993,26407
33676,24973,26627
33664,24933,26636
33438,24929,26716
32980,24953,26848
31772,24966,26853
30496,25000,26956
30188,25033,27093
29650,25020,27076
28581,25029,27233
28060,25012,27336
28284,24983,27330
28852,24940,27501
29384,24932,27468
29668,24944,27676
29880,24965,27721
30094,24987,27837
30312,25022,27869
30436,25023,27981
30429,25012,28054
30368,24993,28127
30372,24964,28189
30408,24933,28279
30574,24912,28333
30728,24929,28415
30784,24952,28481
30729,24972,28557
30596,25007,28633
30490,25020,28535
30504,25010,28727
30561,24979,28661
30536,24965,28816
30436,24918,28799
30312,24917,29015
30361,24922,29008
30548,24949,29149
30852,24967,29233
31232,24997,29176
31422,25007,29273
31404,24992,29272
31308,24967,29489
31212,24943,29580
31105,24916,29508
30996,24900,29714
31061,24913,29639
31184,24935,29796
31269,24962,29751
31391,24994,29884
31416,25002,29885
31412,24985,30015
31388,24967,30108
31269,24936,30198
31180,24904,30197
31120,24896,30278
31166,24916,30335
31212,24929,30382
31278,24958,30273
31400,24994,30452
31448,24997,30466
31441,24983,30519
31374,24964,30510
31304,24933,30498
31252,24904,30559
31148,24895,30565
31160,24910,30420
31264,24930,30561
31373,24954,30471
31588,24987,30551
31712,24995,30495
31708,24978,30586
31668,24953,30525
31584,24930,30599
31596,24897,30541
31600,24895,30620
31628,24903,30730
31732,24925,30719
31714,24948,30741
31728,24978,30649
31656,24997,30762
31616,24975,30634
31588,24950,30776
31494,24927,30811
31400,24895,30655
31520,24895,30841
31628,24900,30844
31736,24926,30821
31972,24945,30836
32286,24979,30709
32376,24982,30911
32296,24967,30880
32064,24943,30857
31768,24916,30894
31640,24886,30909
31605,24879,30885
31728,24900,30780
31912,24908,30884
31992,24946,30759
31912,24972,30904
31884,24975,30756
31856,24961,30825
31808,24943,30760
31757,24912,30900
31636,24884,30760
31592,24869,30884
31608,24884,30765
31649,24909,30948
31652,24937,30778
31588,24967,30928
31532,24975,30909
31420,24957,30880
31268,24936,30887
31137,24914,30748
31124,24886,30892
31101,24876,30896
31040,24891,30928
31094,24911,30900
31152,24935,30909
31069,24967,30734
30989,24978,30852
30933,24956,30894
30952,24941,30924
30986,24913,30895
31008,24869,30876
31044,24879,30909
31053,24887,30897
31128,24908,30903
31208,24943,30801
31296,24967,30881
31336,24973,30784
31364,24963,30888
31320,24941,30790
31240,24908,30911
31160,24879,30817
31204,24875,30906
31308,24885,30860
31460,24914,30941
31612,24935,30850
31717,24966,30920
31708,24975,30899
31685,24964,31033
31713,24937,31033
31812,24908,31049
31820,24876,31086
31764,24868,31085
31868,24884,31076
32078,24908,31065
32164,24943,30987
32112,24971,31012
31944,24967,31141
31788,24960,31173
31656,24935,31169
31668,24914,31215
31720,24872,31055
31924,24871,31185
32160,24884,31247
32284,24908,31155
32292,24933,31095
32293,24967,31247
32332,24977,31320
32362,24958,31163
32332,24933,31204
32268,24906,31177
32185,24876,31351
32160,24868,31390
32244,24877,31293
32312,24906,31413
32310,24935,31468
32305,24965,31310
32312,24975,31414
32285,24956,31495
32288,24936,31351
32152,24909,31477
32100,24874,31389
32064,24869,31553
31992,24884,31508
32048,24910,31615
32124,24937,31637
32182,24967,31495
32168,24964,31623
32110,24954,31599
32084,24933,31691
32041,24910,31591
31920,24871,31726
31841,24869,31593
31900,24880,31652
32012,24900,31712
32120,24932,31815
32232,24968,31847
32212,24978,31823
32148,24954,31812
32072,24933,31707
32132,24907,31760
32152,24871,31724
32220,24864,31924
32332,24882,31919
32372,24908,31876
32480,24933,31855
32559,24960,31795
32484,24973,32001
32321,24949,31820
32200,24929,32007
32064,24905,31855
32038,24873,31980
31980,24873,31900
31936,24881,31983
32004,24905,31949
32224,24933,32095
32396,24964,32161
32436,24971,31964
32328,24945,32045
32284,24931,31994
32300,24896,32119
32268,24868,32198
32228,24865,32144
32216,24874,32053
32252,24905,32261
32328,24935,32080
32422,24961,32309
32384,24964,32305
32336,24954,32316
32187,24924,32317
32084,24897,32295
32016,24871,32334
32028,24871,32365
32084,24884,32393
32058,24902,32443
31972,24937,32428
32020,24967,32485
32032,24964,32314
32008,24952,32483
32056,24932,32500
32056,24901,32529
32056,24877,32583
32129,24865,32556
32184,24876,32589
32236,24908,32449
32244,24941,32660
32320,24964,32455
32376,24975,32636
32333,24951,32505
32216,24929,32644
32020,24907,32553
31984,24873,32640
32108,24868,32623
32368,24881,32681
32541,24915,32641
32532,24941,32741
32468,24967,32852
32368,24966,32869
32407,24961,32889
32556,24940,32904
32604,24903,32925
32400,24876,32817
32364,24873,32888
32376,24886,32805
32440,24911,33055
32584,24945,33028
32824,24972,33095
32970,24980,32920
32988,24965,33075
32880,24930,33113
32704,24905,32982
32632,24885,33070
32586,24871,33017
32650,24890,33236
32716,24917,33199
32736,24948,33037
32796,24973,33282
32822,24972,33229
32708,24958,33133
32520,24939,33365
32376,24912,33348
32256,24887,33236
32182,24874,33441
32248,24897,33417
32392,24916,33403
32508,24943,33457
32608,24973,33358
32599,24977,33433
32480,24959,33373
32368,24936,33544
32301,24916,33584
32332,24886,33649
32360,24884,33638
32428,24896,33543
32608,24923,33599
32680,24952,33644
32828,24979,33769
32968,24980,33788
32984,24965,33821
33056,24951,33903
32964,24916,33884
32844,24887,33957
32820,24884,33927
32844,24900,33786
33056,24932,34004
33252,24954,34021
33445,24989,33973
33546,24993,34048
33632,24967,33973
33716,24946,34025
33808,24927,33954
33848,24893,34257
33812,24893,34220
34024,24903,34151
34420,24931,34191
34748,24961,34133
35022,24991,34297
35353,24999,34204
35548,24983,34384
35628,24951,34279
35608,24935,34420
35508,24907,34396
35308,24911,34616
35392,24930,34671
35584,24967,34725
35848,24988,34749
35760,25020,34836
34644,25031,34836
33192,25015,34812
32752,24990,34849
32172,24966,34858
31276,24935,34996
31008,24932,34871
31416,24955,35205
31856,24977,35184
32392,25002,35108
32756,25024,35248
33064,25028,35214
33304,25016,35455
33470,24991,35405
33542,24969,35356
33488,24939,35397
33416,24937,35462
33284,24957,35603
33312,24981,35544
33385,25013,35456
33504,25044,35820
33644,25039,35707
33648,25029,35826
33564,25007,35953
33532,24973,35920
33512,24954,35969
33512,24951,35995
33528,24967,36100
33584,24985,36090
33648,25022,36208
33805,25049,36176
33860,25047,36300
33908,25029,36031
33984,25012,36278
33932,24979,36223
33916,24961,36383
33968,24954,36500
33932,24979,36540
33984,24997,36503
34012,25032,36375
34028,25053,36753
34016,25063,36701
34008,25041,36624
33984,25022,36847
33942,24993,36585
33824,24959,36972
33797,24967,36681
33856,24980,36924
33920,25007,36984
33988,25036,37100
33948,25069,37040
33984,25069,37029
33972,25055,36905
33904,25031,37093
33856,24998,37101
33800,24972,37192
33764,24969,36879
33784,24990,37212
33804,25020,37108
33880,25047,37124
33952,25075,37114
34080,25077,37213
34100,25052,36904
34016,25031,36996
33948,25001,37008
33773,24978,37042
33760,24987,36978
33814,25001,36992
33956,25028,36916
34180,25053,36988
34308,25079,37004
34288,25084,37055
34220,25068,37087
34088,25044,37037
34080,25007,37041
34093,24991,36991
34132,24989,36921
34197,25004,37005
34295,25028,36903
34272,25063,36919
34236,25085,36983
34240,25082,37012
34292,25073,36900
34317,25047,36965
34296,25024,36977
34224,24996,36793
34080,24995,37088
33968,25015,37025
34036,25039,36999
34192,25071,37028
34280,25089,37023
34376,25093,36956
34392,25076,36775
34293,25055,37062
34144,25026,36777
34010,25003,37100
33956,25007,36999
33908,25028,37052
33848,25043,36999
33792,25075,37062
33780,25095,36992
33844,25103,36999
33784,25089,36961
33648,25060,36948
33524,25039,36948
33408,25015,37001
33396,25019,36964
33512,25031,36951
33660,25055,36749
33809,25089,36999
33924,25106,36732
33984,25114,36944
33989,25095,36868
33860,25076,36869
33718,25043,36719
33548,25026,37063
33504,25030,36983
33437,25037,36911
33420,25071,36967
33532,25103,37061
33656,25135,36998
33744,25129,36986
33800,25117,37007
33776,25087,36933
33708,25068,36906
33736,25039,36916
33766,25028,37012
33748,25054,36921
33756,25079,36933
33840,25112,36961
34031,25135,36996
34040,25140,37069
34096,25127,37160
34128,25095,37085
34040,25077,37142
33936,25048,37069
33941,25051,37005
34012,25061,37048
34016,25095,36897
34028,25132,37196
34068,25148,37125
34068,25142,37040
34017,25132,37087
33980,25111,37020
33836,25084,37255
33708,25061,37209
33660,25054,37283
33636,25076,37229
33632,25100,37194
33748,25141,37244
33868,25159,37260
33888,25157,37277
33788,25155,37281
33692,25116,37255
33612,25085,37063
33637,25067,37402
33756,25060,37329
33886,25085,37376
34029,25110,37255
34077,25137,37223
34120,25171,37284
34120,25167,37180
34100,25151,37363
34024,25125,37255
33936,25089,37316
33973,25069,37354
34050,25079,37372
34116,25090,37378
34172,25125,37448
34165,25151,37396
34104,25174,37463
34100,25177,37577
34024,25159,37500
33932,25135,37533
33837,25108,37492
33716,25083,37441
33717,25085,37521
33876,25106,37566
33957,25132,37421
34044,25162,37510
34084,25181,37531
34108,25189,37501
34020,25158,37469
33964,25140,37532
33912,25116,37602
33972,25095,37240
34000,25092,37393
34012,25117,37479
33952,25133,37492
33888,25165,37569
33805,25191,37495
33737,25189,37423
33732,25166,37481
33693,25145,37561
33649,25117,37505
33577,25088,37583
33568,25095,37456
33576,25121,37244
33516,25141,37365
33720,25171,37393
33876,25199,37383
33912,25191,37269
33868,25173,37473
33704,25151,37463
33508,25124,37548
33346,25095,37337
33316,25095,37469
33348,25124,37541
33372,25151,37370
33416,25183,37455
33452,25200,37520
33456,25199,37276
33436,25191,37380
33408,25157,37328
33264,25129,37423
33176,25108,37364
33044,25105,37357
32940,25129,37359
32916,25153,37541
33020,25183,37448
33242,25209,37432
33444,25207,37429
33444,25189,37351
33324,25159,37408
33292,25129,37265
33256,25113,37364
33208,25111,37339
33332,25132,37390
33356,25156,37383
33460,25185,37439
33440,25211,37519
33334,25208,37163
33253,25186,37446
33244,25158,37148
33240,25137,37409
33228,25119,37404
33321,25106,37417
33436,25137,37300
33592,25157,37285
33648,25191,37273
33673,25212,37316
33624,25207,37112
33560,25197,37440
33429,25164,37351
33248,25140,37440
33216,25120,37065
33344,25116,37412
33380,25138,37060
33428,25168,37357
33461,25200,37282
33536,25223,37341
33548,25218,37168
33420,25207,37258
33232,25177,37336
33032,25155,37220
32968,25125,37100
32997,25129,37309
33120,25148,37119
33196,25175,36961
33269,25201,37298
33245,25223,37207
33152,25218,37286
32996,25205,37189
32924,25173,37119
32800,25140,37127
32604,25135,36921
32452,25138,37239
32349,25153,37173
32392,25180,37261
32548,25208,36944
32768,25228,37257
32856,25223,36915
32901,25209,37145
32820,25185,36934
32748,25159,37196
32680,25132,37201
32633,25132,37087
32620,25153,37191
32672,25178,37109
32757,25212,37327
32769,25232,37004
32716,25230,37332
32665,25215,37268
32576,25191,37312
32489,25160,37125
32364,25138,37197
32308,25133,37231
32392,25164,37305
32560,25187,37336
32612,25219,37292
32668,25240,37297
32668,25236,37397
32502,25215,37409
32412,25187,37447
32388,25159,37487
32328,25143,37480
32325,25149,37508
32480,25165,37472
32700,25189,37441
32892,25222,37524
32948,25245,37540
32920,25233,37500
32984,25217,37521
33140,25196,37540
33336,25168,37519
33448,25140,37509
33600,25149,37526
33728,25166,37545
33904,25190,37519
34160,25223,37674
34208,25249,37480
34252,25250,37688
34200,25228,37720
34228,25197,37784
34282,25180,37752
34112,25162,37797
33772,25169,37748
33653,25204,37685
33618,25230,37767
33689,25272,37819
33548,25293,37829
32448,25293,37932
31332,25280,37875
31064,25254,37973
30420,25230,37906
29444,25216,37989
29236,25216,37959
29696,25237,38065
30336,25261,37999
30900,25293,38050
31372,25312,38023
31740,25315,37972
31968,25293,38014
32028,25271,37993
32004,25239,38210
32028,25228,38132
32112,25229,38061
32156,25255,38060
32177,25284,38109
32138,25309,38151
32092,25329,38148
31910,25329,38246
31764,25314,38012
31744,25289,38397
31784,25249,38317
31764,25233,38432
31872,25237,38207
31960,25263,38253
31964,25295,38311
32016,25321,38331
31996,25340,38399
31874,25339,38407
31712,25316,38431
31552,25298,38477
31444,25263,38441
31368,25250,38463
31364,25255,38493
31437,25274,38583
31460,25300,38573
31464,25328,38639
31560,25348,38609
31604,25345,38790
31544,25322,38741
31392,25302,38710
31304,25275,38791
31276,25253,38881
31500,25261,38804
31540,25280,38838
31576,25306,38871
31556,25341,38906
31517,25356,38860
31456,25357,38791
31428,25336,38908
31460,25311,38889
31657,25271,38799
31756,25250,38831
31776,25266,38767
31800,25281,38971
31848,25301,38845
32012,25337,38932
32196,25359,38807
32292,25350,38893
32272,25324,38778
32212,25313,38783
32116,25268,38713
32120,25267,38632
32028,25269,38673
32072,25287,38599
32180,25313,38629
32228,25348,38724
32252,25361,38585
32224,25351,38663
32184,25337,38540
32132,25311,38649
32073,25279,38489
32052,25260,38544
32133,25262,38325
32192,25280,38353
32284,25304,38360
32324,25338,38385
32298,25367,38320
32300,25351,38353
32404,25333,38394
32392,25302,38462
32316,25277,38321
32148,25261,38320
32196,25261,38335
32244,25281,38235
32204,25304,38269
32264,25343,38287
32316,25359,38337
32256,25351,38240
32060,25327,38183
31928,25301,38252
31805,25275,38231
31784,25253,38129
31800,25260,38305
31777,25282,38187
31769,25308,38076
31856,25337,38111
32085,25345,38133
32125,25342,38091
32064,25328,38041
32016,25292,38084
31942,25258,38079
31740,25244,37992
31668,25256,37836
31663,25277,38004
31740,25296,37742
31760,25334,37948
31832,25349,37668
31788,25341,37884
31660,25324,37820
31524,25298,37767
31460,25265,37764
31425,25253,37791
31392,25249,37551
31460,25269,37868
31501,25297,37767
31524,25329,37717
31612,25341,37744
31704,25343,37725
31684,25317,37668
31580,25289,37591
31501,25254,37405
31461,25241,37653
31484,25247,37584
31480,25275,37504
31476,25293,37570
31620,25327,37498
31821,25343,37558
31921,25332,37623
31948,25310,37396
31896,25280,37476
31744,25252,37571
31748,25239,37206
31760,25245,37360
31824,25264,37343
31872,25293,37324
31976,25311,37404
32065,25336,37493
32136,25329,37375
32132,25300,37281
32141,25272,37305
31988,25245,37340
31904,25236,37289
32012,25235,37223
32192,25254,37320
32340,25279,37383
32406,25308,37311
32288,25328,37213
32049,25321,37332
31836,25298,37294
31726,25273,37378
31769,25239,37292
31892,25222,37357
31937,25229,37279
32173,25253,37278
32252,25283,37231
32341,25304,37065
32356,25324,37336
32412,25310,37217
32502,25295,37184
32481,25260,37141
32408,25232,37174
32324,25223,37127
32264,25231,37168
32316,25247,37104
32344,25266,37117
32356,25303,36986
32372,25311,37142
32301,25309,37068
32169,25288,37061
32096,25260,37066
31960,25229,37127
31900,25214,37198
31884,25198,37127
31984,25239,37173
32128,25261,36900
32089,25294,37085
31938,25308,36932
31800,25304,37048
31708,25279,37119
31725,25253,36772
31732,25218,36961
31672,25205,36906
31656,25212,36871
31672,25231,36719
31664,25264,36844
31696,25287,36823
31808,25308,36826
31776,25295,36653
31612,25273,36965
31396,25247,36877
31268,25207,36933
31152,25198,36833
31113,25198,36841
31136,25228,36801
31236,25252,36692
31328,25287,36680
31376,25295,36567
31413,25284,36644
31429,25269,36637
31358,25243,36700
31100,25207,36591
30961,25189,36609
30916,25204,36524
30989,25217,36540
31256,25247,36389
31540,25279,36685
31649,25284,36580
31660,25274,36477
31694,25249,36447
31724,25228,36432
31652,25197,36520
31624,25184,36508
31676,25191,36262
31799,25210,36569
31836,25234,36484
31832,25269,36536
31808,25283,36457
31764,25265,36497
31737,25252,36189
31744,25217,36461
31616,25178,36388
31456,25168,36282
31440,25179,36254
31536,25198,36103
31648,25229,36408
31668,25265,36324
31632,25271,36316
31533,25260,36292
31512,25239,36336
31568,25215,36254
31664,25177,36144
31680,25166,36198
31652,25181,36095
31672,25197,36160
31752,25219,36060
31712,25252,36092
31748,25260,35989
31724,25257,36153
31604,25229,36109
31480,25201,36084
31381,25161,35980
31349,25156,36025
31356,25161,35941
31368,25189,35949
31408,25211,35925
31360,25247,35993
31380,25253,36036
31438,25247,35756
31448,25221,35866
31343,25199,36037
31176,25163,35724
31000,25134,35969
30932,25156,35717
31048,25182,35807
31176,25204,35823
31200,25238,35906
31144,25248,35792
31101,25236,35758
31140,25208,35813
31200,25188,35684
31288,25151,35794
31228,25143,35837
31122,25145,35862
31060,25168,35836
31008,25197,35732
31016,25233,35832
31066,25244,35885
31120,25224,35641
31168,25204,35805
31109,25181,35688
31037,25151,35769
30980,25140,35786
31044,25140,35873
31260,25171,35876
31357,25181,35876
31453,25216,35933
31464,25231,35652
31348,25215,35964
31140,25201,35892
30872,25173,35964
30712,25133,35925
30544,25124,35823
30512,25136,35911
30604,25159,35726
30748,25172,36062
30932,25213,36005
31084,25223,36069
31108,25212,36021
31077,25188,35951
30928,25156,36065
30816,25129,35983
30832,25111,36118
31012,25125,36221
31220,25135,36054
31340,25166,36188
31448,25201,36293
31416,25212,36020
31340,25193,36167
31265,25173,36194
31216,25146,36281
31268,25110,36349
31396,25095,36389
31620,25106,36482
31652,25127,36433
31704,25157,36541
31700,25188,36495
31728,25196,36581
31852,25184,36543
31973,25149,36613
32064,25129,36356
32216,25095,36699
32244,25089,36632
32216,25092,36740
32224,25122,36527
32388,25140,36727
32700,25173,36836
32992,25181,36593
33260,25175,36762
33312,25141,36869
33312,25123,36836
33413,25079,36927
33624,25061,36615
33813,25072,36829
34092,25108,36681
34193,25133,36845
34208,25159,36961
34293,25160,36957
34144,25165,37023
33780,25138,36740
33260,25119,36925
33012,25080,37079
32864,25076,36807
32884,25095,37017
32612,25125,37141
31520,25144,36972
30688,25183,37107
30680,25189,37039
30276,25176,37036
29714,25149,37167
29580,25124,37263
29856,25084,36942
30348,25068,37271
30840,25081,37108
31352,25095,37228
31868,25125,37276
32192,25156,37324
32292,25157,37294
32212,25146,37345
32184,25118,37367
32192,25094,37312
32200,25063,37326
32132,25053,37360
32160,25060,37365
32276,25084,37414
32436,25100,37431
32596,25137,37357
32692,25153,37510
32638,25137,37350
32544,25105,37688
32408,25077,37637
32332,25043,37748
32284,25032,37429
32364,25036,37577
32560,25062,37621
32724,25090,37725
32656,25127,37812
32588,25133,37808
32436,25119,37930
32372,25101,37613
32348,25069,37892
32300,25036,37921
32272,25020,37993
32381,25035,37966
32532,25061,38050
32692,25077,38003
32725,25108,38064
32700,25121,37751
32556,25108,37948
32456,25087,37957
32452,25060,38062
32416,25030,38085
32417,25013,37820
32488,25020,37926
32636,25043,37961
32792,25063,38020
32896,25095,38093
32984,25108,38021
33001,25095,37980
32929,25065,37941
32954,25040,37929
32976,25012,37934
32960,24996,37996
32968,25012,37644
33016,25037,37788
33100,25059,37832
33232,25092,37767
33440,25095,37709
33568,25087,37653
33559,25057,37665
33440,25033,37590
33392,24995,37602
33441,24989,37572
33496,24999,37580
33572,25014,37445
33600,25046,37231
33637,25079,37415
33692,25085,37431
33660,25074,37265
33617,25045,37353
33552,25025,37210
33321,24986,37344
33225,24975,37072
33284,24989,37255
33352,25012,37206
33428,25038,37119
33448,25066,37181
33564,25079,37220
33696,25061,37157
33664,25031,37127
33506,25009,37199
33236,24974,36917
32980,24967,37119
32940,24978,36999
32960,24999,37068
33068,25023,37156
33188,25053,36799
33132,25065,37024
32928,25055,36900
32660,25026,36940
32456,24998,36908
32310,24967,36886
32200,24953,36931
32289,24962,36957
32428,24988,36916
32432,25006,36933
32412,25048,36912
32284,25047,36919
32168,25042,36964
32017,25016,36882
31900,24988,36855
31816,24951,36686
31801,24940,36816
31752,24961,36812
31756,24981,36813
31885,25000,36812
31992,25036,36780
32124,25034,36676
32210,25031,36718
32164,25009,36730
32066,24973,36732
31984,24941,36727
31949,24933,36693
31920,24953,36634
31916,24967,36417
32028,24997,36673
32156,25025,36468
32252,25029,36652
32365,25025,36593
32416,24993,36534
32376,24967,36559
32308,24935,36580
32234,24923,36525
32228,24940,36593
32376,24963,36237
32520,24989,36401
32638,25017,36265
32736,25026,36324
32756,25012,36391
32688,24981,36303
32608,24958,36400
32540,24927,36372
32580,24921,36396
32668,24933,36100
32810,24953,36215
33052,24970,36076
33240,25013,36393
33236,25012,36293
32968,24997,36298
32672,24974,36271
32488,24954,36217
32485,24914,36004
32702,24909,36148
33040,24917,36143
33308,24941,36231
33422,24969,36273
33473,25001,35988
33549,24997,36199
33592,24992,36172
33644,24967,36164
33804,24933,36117
33914,24906,36156
33932,24896,35935
33936,24908,36175
34056,24933,35909
34192,24959,36132
34352,24989,35900
34438,24993,36179
34480,24979,36127
34472,24957,36141
34384,24928,36133
34304,24895,36196
34280,24883,35885
34388,24903,36061
34468,24915,36011
34544,24941,36000
34600,24972,36022
34524,24978,36093
34512,24965,36141
34480,24943,36069
34468,24911,35964
34464,24887,36009
34544,24879,36043
34592,24886,35929
34724,24904,36024
34684,24940,35771
34711,24962,35966
34749,24967,35908
34616,24952,35941
34400,24932,35817
34197,24905,35956
34104,24868,35692
34028,24860,35876
34096,24879,35744
34240,24905,35865
34280,24934,35665
34308,24959,35793
34256,24960,35801
34168,24945,35684
34020,24917,35718
33916,24893,35600
33892,24863,35687
33948,24852,35686
33980,24865,35580
34085,24885,35572
34244,24917,35608
34398,24949,35606
34508,24948,35587
34476,24935,35617
34384,24911,35395
34238,24883,35521
34056,24850,35420
33848,24836,35399
33776,24861,35453
33788,24878,35364
33828,24911,35317
33893,24937,35396
33924,24940,35463
33960,24926,35172
33952,24903,35322
33956,24871,35309
34042,24842,35327
34072,24829,35308
34076,24845,35177
34160,24865,35241
34206,24898,35264
34261,24934,35233
34208,24935,35013
34104,24923,35141
33968,24890,35024
33816,24862,35062
33693,24835,35001
33668,24815,35069
33656,24834,34910
33716,24863,34999
33764,24893,34964
33808,24912,35041
33908,24921,35069
33872,24905,34900
33732,24884,34983
33572,24855,34983
33456,24821,34782
33500,24817,34891
33556,24824,34904
33536,24852,34927
33461,24878,34892
33592,24912,34951
33700,24912,34716
33710,24903,34775
33580,24871,34831
33472,24839,34856
33325,24815,34748
33292,24809,34820
33344,24820,34810
33452,24838,34715
33516,24869,34584
33600,24891,34847
33692,24893,34777
33728,24882,34823
33722,24860,34764
33668,24826,34763
33604,24794,34743
33501,24796,34719
33593,24804,34740
33685,24831,34724
33744,24855,34720
33724,24884,34702
33660,24887,34713
33616,24871,34750
33432,24849,34717
33316,24817,34749
33292,24791,34700
33278,24779,34724
33332,24796,34708
33444,24829,34733
33476,24847,34696
33600,24881,34647
33700,24876,34692
33624,24871,34611
33501,24843,34535
33396,24813,34581
33408,24780,34556
33409,24773,34630
33452,24789,34473
33432,24813,34633
33392,24839,34543
33424,24865,34685
33492,24877,34634
33568,24859,34498
33644,24836,34735
33652,24804,34473
33621,24776,34607
33584,24761,34566
33572,24787,34656
33608,24803,34610
33646,24837,34688
33621,24855,34711
33544,24867,34690
33444,24850,34580
33340,24825,34628
33248,24801,34599
33160,24765,34673
33061,24753,34598
33088,24773,34724
33301,24791,34628
33404,24828,34645
33440,24850,34626
33348,24861,34717
33208,24845,34655
33116,24804,34704
33120,24776,34661
33101,24753,34757
33125,24752,34756
33136,24761,34804
33196,24786,34721
33340,24807,34735
33484,24838,34673
33532,24845,34791
33397,24826,34743
33176,24806,34812
33044,24773,34717
32969,24740,34971
32896,24743,34946
32872,24753,35016
32888,24777,34981
32897,24802,34961
32980,24831,34903
33165,24836,34817
33184,24820,35079
33061,24788,35047
32889,24765,35120
32812,24732,35077
32782,24732,34894
32801,24738,35139
33004,24766,35121
33228,24801,35068
33416,24815,35101
33508,24823,35028
33573,24809,35224
33624,24777,35175
33673,24749,35168
33656,24715,35180
33697,24711,35199
33892,24732,35218
34276,24756,35289
34628,24783,35221
34944,24812,35271
35020,24813,35236
34940,24799,35270
34852,24772,35026
34720,24750,35329
34412,24725,35273
33859,24717,35300
33488,24743,35256
33360,24773,35172
33300,24804,35274
32988,24826,35313
31765,24836,35327
30590,24813,35340
30289,24793,35278
29908,24767,35356
29456,24732,35351
29684,24725,35333
30368,24743,35310
31120,24756,35348
31540,24788,35324
31864,24815,35552
32053,24808,35533
32180,24794,35598
32284,24769,35565
32317,24740,35647
32200,24710,35591
32216,24709,35676
32276,24725,35616
32237,24740,35638
32160,24778,35671
32194,24800,35709
32256,24805,35701
32292,24782,35612
32300,24754,35653
32396,24719,35567
32425,24700,35856
32504,24693,35785
32588,24711,35685
32662,24724,35890
32712,24763,35620
32758,24792,35932
32766,24783,35879
32708,24769,35842
32608,24747,35820
32604,24718,35717
32628,24686,36080
32744,24677,36028
32860,24697,36044
32929,24727,36046
33006,24754,35988
33076,24774,35998
33100,24781,35924
33012,24758,36215
32850,24734,36045
32716,24711,36060
32645,24679,36068
32656,24677,36073
32708,24692,36032
32821,24719,36117
32956,24745,36087
32996,24773,36087
33080,24767,36095
33012,24748,36130
32956,24732,35935
32820,24704,36239
32716,24676,35934
32756,24677,36156
32768,24681,35904
32748,24707,36132
32696,24739,36085
32720,24766,36033
32764,24763,35940
32689,24743,36028
32540,24724,35918
32448,24692,35928
32180,24666,35956
32096,24662,35949
32278,24682,35895
32525,24699,35787
32813,24739,35940
32928,24759,35868
32844,24762,35804
32736,24743,35828
32620,24715,35756
32540,24683,35688
32417,24661,35581
32485,24657,35806
32680,24674,35749
32669,24695,35632
32536,24732,35697
32444,24754,35532
32416,24745,35793
32478,24737,35718
32564,24711,35541
32596,24679,35784
32572,24652,35487
32553,24648,35708
32532,24673,35460
32524,24697,35745
32568,24724,35653
32672,24745,35600
32676,24743,35621
32620,24725,35413
32580,24701,35693
32556,24678,35628
32492,24655,35511
32396,24639,35510
32401,24656,35495
32456,24685,35576
32476,24716,35461
32457,24740,35548
32396,24735,35334
32320,24717,35528
32172,24700,35367
32072,24669,35499
31988,24644,35392
31920,24644,35463
31853,24662,35417
31796,24687,35452
31820,24716,35372
31884,24735,35380
31972,24740,35317
32058,24721,35356
32100,24699,35220
32100,24666,35301
32002,24640,35229
31900,24636,35418
31912,24656,35353
31993,24673,35413
32108,24716,35108
32276,24738,35346
32304,24737,35090
32256,24715,35319
32164,24689,35042
32136,24661,35313
32128,24636,35240
32120,24637,35271
32132,24654,35204
32212,24682,35236
32256,24711,35188
32224,24733,35047
32188,24735,35166
32140,24717,35216
32112,24692,34919
32078,24660,35063
32076,24639,34892
32068,24632,35060
32120,24663,34961
32059,24679,34960
32023,24708,34838
31953,24733,34956
31884,24733,34833
31904,24721,34996
31926,24695,34903
31944,24663,34769
31989,24634,35015
32052,24636,34964
32040,24655,34873
32088,24680,34921
32254,24710,34817
32321,24737,34892
32382,24729,34718
32340,24718,34961
32200,24684,34665
32080,24655,34916
32036,24639,34857
32007,24637,34708
32020,24654,34886
32020,24678,34815
32032,24715,34817
32126,24735,34711
32128,24729,34563
32080,24711,34815
32092,24690,34734
32206,24656,34759
32208,24637,34704
32212,24633,34567
32300,24652,34588
32456,24678,34452
32604,24711,34700
32752,24733,34625
32720,24732,34640
32592,24716,34397
32512,24691,34647
32464,24661,34585
32394,24637,34429
32356,24639,34439
32460,24656,34501
32420,24672,34528
32232,24711,34352
32136,24732,34461
32012,24735,34420
32116,24717,34345
32352,24685,34325
32380,24656,34241
32304,24628,34237
32173,24633,34133
32172,24654,34161
32324,24690,34097
32364,24711,34180
32464,24735,34048
32472,24729,34124
32429,24719,34036
32312,24687,34073
32184,24663,34073
32052,24642,33883
32028,24636,33902
32016,24652,33846
32084,24679,33927
32176,24711,33765
32077,24731,33921
31952,24737,33700
31776,24714,33813
31744,24684,33794
31756,24658,33831
31784,24636,33761
31832,24644,33748
31961,24655,33706
32076,24686,33666
32173,24714,33626
32200,24740,33476
32148,24732,33572
32048,24718,33524
31944,24695,33517
31844,24663,33486
31764,24637,33468
31724,24637,33476
31697,24660,33399
31804,24686,33231
31822,24719,33231
31824,24739,33124
31908,24735,33201
31880,24717,33049
31884,24688,33255
31852,24655,33164
31825,24639,33173
31824,24635,33097
31908,24656,33077
32104,24682,33021
32129,24721,32828
32212,24738,32829
32260,24741,32700
32244,24716,32853
32168,24687,32631
32068,24654,32692
31993,24633,32539
31952,24641,32589
31944,24666,32453
31988,24690,32620
32024,24722,32544
31968,24743,32532
31884,24737,32269
31744,24724,32374
31752,24687,32166
31760,24661,32341
31705,24643,32205
31540,24638,32041
31597,24663,32141
31717,24687,32111
31801,24716,32006
31956,24740,31999
32144,24733,31924
32200,24723,31735
32120,24690,31813
32034,24657,31628
31876,24650,31623
31792,24646,31505
31792,24658,31541
31900,24693,31421
32004,24721,31463
32053,24740,31276
32034,24743,31351
31964,24721,31345
31884,24689,31268
31808,24665,31231
31776,24641,31150
31856,24653,31111
31914,24658,31029
31912,24699,30888
31904,24727,30802
31836,24741,30695
31736,24740,30736
31669,24717,30628
31568,24693,30659
31472,24667,30439
31409,24647,30447
31436,24655,30356
31628,24671,30316
31684,24695,30300
31768,24735,30298
31868,24744,30151
31872,24740,30093
31744,24727,29989
31724,24703,29881
31694,24670,29888
31640,24647,29918
31632,24653,29693
31540,24671,29764
31605,24701,29738
31648,24735,29591
31734,24741,29527
31806,24743,29440
31616,24732,29508
31366,24705,29430
31149,24676,29281
31006,24651,29284
30964,24663,29149
30948,24679,29099
30968,24709,29084
30984,24733,29056
30912,24757,28876
30864,24751,28907
30712,24733,28914
30672,24711,28701
30708,24671,28820
30748,24657,28737
30752,24655,28551
30832,24678,28588
30949,24705,28516
31068,24735,28411
31244,24752,28479
31392,24745,28423
31448,24735,28269
31348,24705,28267
31292,24675,28254
31328,24657,28061
31440,24657,28153
31588,24678,28095
31628,24705,27889
31784,24735,27889
31976,24750,27799
32024,24747,27776
31968,24729,27737
32009,24703,27734
32016,24679,27649
31961,24658,27593
31884,24652,27396
31932,24679,27485
32124,24705,27377
32308,24735,27335
32620,24748,27312
32896,24751,27149
33204,24724,27140
33528,24701,27079
33672,24669,27092
33736,24652,26985
33864,24660,26951
34068,24678,26761
34324,24697,26791
34662,24733,26674
34852,24753,26738
34856,24753,26687
34916,24733,26563
34924,24704,26562
34752,24679,26353
34440,24669,26456
34240,24673,26344
33992,24698,26356
33745,24729,26308
33344,24765,26241
32148,24780,26092
30989,24775,26100
30780,24751,25966
30240,24732,26021
29429,24696,25913
29160,24677,25949
29652,24684,25812
30413,24697,25861
31044,24721,25792
31500,24753,25808
31836,24766,25769
32028,24759,25577
32145,24745,25649
32120,24716,25558
31952,24680,25567
31871,24664,25479
31841,24671,25456
31772,24688,25408
31808,24721,25316
31793,24756,25266
31754,24761,25261
31756,24759,25191
31708,24740,25053
31656,24711,25116
31596,24679,25074
31681,24669,24889
31817,24670,24938
32096,24688,24884
32285,24709,24711
32336,24756,24783
32316,24760,24729
32244,24759,24637
32100,24732,24607
32004,24712,24580
31928,24678,24479
31954,24661,24480
32076,24668,24423
32158,24688,24407
32260,24713,24345
32325,24748,24226
32404,24757,24272
32360,24759,24109
32292,24740,24172
32112,24711,24093
31972,24679,23972
31828,24661,24005
31829,24668,23959
31880,24691,23861
31928,24711,23815
31876,24751,23781
31828,24765,23620
31766,24760,23655
31856,24739,23561
32028,24715,23464
32056,24676,23396
31960,24657,23356
31945,24671,23239
32020,24695,23181
32064,24721,23062
32192,24744,23028
32284,24759,22906
32268,24761,22860
32188,24729,22768
32004,24709,22701
31876,24677,22581
31788,24663,22513
31854,24669,22436
32032,24687,22303
32136,24719,22240
32168,24752,22161
32222,24757,22053
32202,24759,21968
32256,24737,21852
32276,24706,21794
32192,24670,21682
32212,24661,21571
32320,24665,21502
32396,24687,21388
32448,24721,21313
32552,24748,21222
32601,24759,21114
32684,24743,21028
32720,24730,20930
32668,24708,20841
32724,24665,20742
32768,24655,20650
32825,24665,20574
32878,24686,20460
32892,24710,20369
32936,24743,20279
33016,24756,20191
33032,24746,20103
32916,24718,20007
32756,24701,19907
32572,24668,19829
32297,24658,19728
32104,24663,19675
32060,24685,19568
32108,24711,19513
32176,24749,19396
32176,24756,19292
32093,24748,19216
32060,24720,19121
32042,24705,19073
32093,24665,18942
32108,24653,18866
32048,24662,18837
31968,24687,18709
31886,24712,18631
31868,24740,18522
31896,24762,18439
31992,24741,18402
32069,24728,18263
31977,24703,18197
31686,24668,18170
31560,24655,18006
31632,24660,17945
31752,24690,17909
31937,24711,17797
32050,24743,17789
32072,24756,17615
31969,24741,17568
31900,24720,17577
31804,24703,17421
31688,24666,17368
31596,24654,17308
31560,24660,17241
31828,24680,17156
32130,24706,17048
32432,24740,17045
32676,24748,16940
32560,24751,16894
32206,24731,16823
31840,24694,16748
31668,24668,16716
31604,24647,16630
31600,24656,16593
31696,24686,16603
31808,24711,16508
31861,24743,16387
31840,24756,16370
31840,24749,16327
31857,24727,16275
31848,24696,16358
31808,24671,16169
31852,24654,16164
31916,24659,16184
32005,24687,16181
32140,24708,16063
32136,24749,16028
32016,24753,16111
31904,24756,15969
31828,24716,15949
31820,24703,16026
31881,24665,15869
31900,24649,15860
32002,24658,15789
32164,24681,15822
32288,24709,15837
32364,24740,15793
32421,24748,15769
32444,24751,15721
32436,24722,15704
32560,24695,15819
32592,24667,15662
32512,24651,15660
32431,24663,15765
32292,24681,15611
32041,24707,15640
32040,24746,15735
32004,24745,15593
31968,24747,15596
32000,24723,15634
32004,24689,15585
32012,24655,15709
32028,24646,15565
32068,24657,15568
32120,24677,15678
32192,24703,15555
32296,24743,15565
32472,24745,15515
32544,24736,15569
32508,24712,15490
32372,24697,15552
32128,24656,15540
32124,24645,15528
32152,24661,15642
32200,24679,15488
32294,24705,15528
32432,24733,15512
32552,24746,15508
32520,24737,15589
32412,24711,15573
32233,24685,15596
32164,24656,15585
32196,24647,15589
32400,24647,15680
32484,24676,15593
32464,24705,15589
32404,24729,15593
32317,24748,15605
32216,24735,15704
32169,24712,15673
32092,24686,15692
31928,24657,15643
31800,24638,15691
31792,24650,15828
31952,24674,15765
32116,24704,15846
32230,24741,15909
32336,24743,15797
32400,24727,15861
32468,24710,15997
32396,24684,15900
32240,24653,15934
32065,24635,16101
32149,24647,15977
32124,24671,16085
31912,24701,16167
31813,24726,16220
31797,24740,16213
31768,24726,16329
31730,24711,16224
31788,24684,16294
31956,24645,16459
32016,24635,16432
32120,24644,16519
32284,24668,16487
32434,24695,16657
32580,24724,16596
32662,24741,16677
32592,24723,16705
32416,24700,16855
32292,24677,16802
32168,24644,16884
32240,24625,16886
32356,24644,16978
32429,24660,17020
32460,24690,17093
32420,24720,17151
32376,24731,17206
32448,24729,17248
32420,24705,17337
32340,24675,17408
32280,24637,17475
32256,24629,17590
32388,24635,17596
32524,24662,17642
32654,24691,17730
32628,24719,17779
32684,24735,17865
32702,24722,17966
32644,24694,18005
32448,24674,18147
32236,24647,18182
32140,24621,18308
32056,24638,18341
32076,24655,18457
32120,24695,18501
31996,24716,18635
31948,24713,18642
32076,24714,18733
31992,24694,18878
31948,24669,18920
32048,24636,19044
32116,24621,19098
32100,24637,19214
32153,24665,19284
32126,24679,19397
32112,24724,19482
32268,24724,19569
32353,24717,19662
32356,24684,19765
32314,24663,19880
32332,24631,19974
32316,24620,20062
32317,24629,20160
32257,24648,20293
32204,24676,20375
32196,24713,20473
32212,24719,20595
32192,24708,20690
32172,24681,20800
32204,24661,20907
32184,24625,21013
32152,24623,21146
32164,24624,21248
32232,24649,21355
32320,24677,21484
32392,24704,21592
32392,24719,21701
32352,24703,21856
32260,24677,21978
32072,24656,22086
31916,24625,22222
31808,24612,22365
31800,24620,22500
31928,24643,22577
32080,24668,22785
32185,24696,22924
32372,24711,22994
32464,24696,23197
32620,24672,23348
32752,24649,23405
32884,24609,23645
33076,24598,23777
33284,24605,23872
33400,24637,24064
33520,24656,24236
33764,24693,24411
34072,24700,24501
34280,24692,24637
34336,24663,24867
34524,24641,25071
34620,24600,25116
34840,24600,25359
35093,24614,25574
35104,24632,25631
35125,24668,25879
35248,24696,26100
35044,24717,26117
34572,24703,26461
33624,24685,26637
32144,24660,26705
31484,24634,27007
31180,24616,27188
30360,24625,27266
29920,24651,27608
30128,24677,27812
30788,24710,28012
31460,24711,28201
31852,24695,28248
31832,24675,28612
31757,24636,28752
31596,24621,28980
31628,24601,29056
31716,24605,29319
31824,24631,29445
32004,24652,29775
32085,24689,29845
32014,24703,30126
31973,24687,30413
31901,24659,30464
31808,24640,30756
31777,24598,31005
31817,24591,31233
31880,24603,31249
31960,24622,31576
32120,24653,31802
32240,24677,32029
32304,24681,32187
32432,24677,32289
32516,24647,32473
32596,24629,32610
32461,24594,32847
32358,24580,32948
32368,24590,33328
32516,24613,33359
32681,24644,33780
32702,24679,33888
32660,24677,33974
32677,24671,34237
32528,24647,34480
32448,24617,34573
32412,24580,34754
32312,24577,34892
32332,24583,35148
32488,24612,35293
32564,24641,35545
32732,24665,35640
32872,24668,35839
32968,24660,36025
32888,24631,36047
32732,24612,36396
32449,24573,36432
32148,24572,36351
32156,24577,36597
32316,24593,36907
32434,24626,36841
32572,24653,37057
32588,24664,37012
32468,24644,37360
32320,24625,37350
32192,24602,37375
32120,24566,37462
32101,24553,37487
32152,24570,37824
32304,24592,37812
32444,24628,37861
32652,24653,37953
32789,24653,37940
32828,24645,38045
32790,24617,37893
32768,24589,38333
32712,24565,38272
32734,24555,38255
32824,24559,38383
32936,24583,38461
32992,24615,38600
33012,24644,38541
32908,24647,38333
32776,24634,38535
32644,24614,38608
32519,24583,38721
32457,24549,38815
32532,24543,38791
32681,24556,38903
32856,24577,38862
33112,24612,38848
33208,24638,38879
33020,24644,38856
32800,24632,38829
32608,24606,38876
32528,24579,38852
32484,24548,38917
32608,24538,38982
32760,24545,38937
32892,24576,38943
33057,24603,38951
33116,24629,39096
32997,24635,39037
32746,24615,38957
32488,24599,38973
32384,24573,38740
32260,24536,39152
32116,24533,39047
32052,24537,38996
32028,24560,38919
32012,24591,38828
32080,24623,39092
32100,24630,38964
32096,24613,38757
32060,24583,38999
32028,24557,39020
32020,24526,38841
32008,24521,38926
32041,24532,38970
32124,24558,38882
32173,24583,38757
32316,24620,38900
32369,24616,38867
32448,24603,38764
32448,24581,38844
32332,24561,38796
32196,24524,38765
32192,24521,38723
32244,24530,38663
32312,24551,38693
32421,24581,38725
32484,24615,38746
32568,24610,38663
32553,24602,38583
32452,24583,38765
32376,24549,38593
32372,24520,38352
32504,24514,38572
32664,24527,38478
32896,24551,38486
33104,24579,38479
33116,24612,38567
33048,24615,38543
32895,24596,38605
32773,24575,38384
32720,24545,38474
32708,24517,38500
32732,24500,38492
32688,24521,38521
32608,24550,38476
32668,24565,38524
32692,24598,38477
32720,24602,38557
32716,24594,38151
32712,24572,38532
32684,24541,38407
32592,24508,38436
32524,24501,38368
32542,24512,38407
32564,24539,38380
32532,24567,38484
32528,24604,38392
32484,24600,38311
32601,24597,38335
32644,24563,38298
32692,24533,38358
32753,24503,38476
32793,24496,38151
32884,24507,38386
33000,24534,38421
33088,24556,38100
33208,24592,38279
33216,24596,38265
33208,24583,38348
33136,24559,38365
33009,24532,38443
32848,24494,38328
32766,24495,38452
32748,24503,38340
32862,24522,38389
32936,24557,38314
32974,24583,38357
32988,24595,38020
32949,24575,38228
32932,24536,38185
32936,24527,38263
32956,24491,38315
32936,24486,38112
32940,24492,38206
32932,24517,38216
32892,24556,38183
32849,24569,38237
32736,24583,37855
32524,24567,38068
32372,24543,38069
32408,24508,38072
32608,24486,38159
32793,24481,38013
32862,24494,38105
32847,24509,37965
32814,24551,38056
32893,24568,37925
32968,24572,37892
33068,24549,37863
33092,24540,37917
33048,24503,37836
32828,24476,37854
32631,24464,37758
32632,24482,37661
32612,24515,37717
32716,24537,37716
32857,24558,37677
32832,24569,37653
32900,24553,37645
32984,24524,37692
33072,24495,37575
33089,24468,37462
33064,24468,37448
33032,24480,37403
33042,24508,37359
33008,24527,37404
33050,24559,37361
33054,24563,37477
33000,24545,37413
32886,24525,37389
32832,24485,37318
32832,24455,37188
32849,24462,37229
32866,24462,37277
32844,24495,37273
32780,24521,37206
32774,24555,37253
32760,24557,37245
32808,24535,37215
32808,24513,37290
32832,24485,36908
32784,24452,37245
32829,24452,37143
32884,24464,37216
32980,24492,37107
33017,24517,37183
32977,24540,37052
32897,24553,37060
32860,24532,36932
32825,24511,36989
32908,24484,36964
32928,24445,36972
32900,24441,37045
32992,24455,36841
33116,24477,36916
33112,24509,36999
33216,24547,36653
33269,24549,36784
33324,24521,36760
33365,24496,36860
33344,24482,36804
33154,24449,36711
32980,24447,36688
32900,24452,36549
32948,24478,36773
33076,24509,36647
33144,24532,36712
33152,24543,36542
33048,24519,36660
32884,24500,36610
32648,24463,36687
32624,24437,36669
32612,24438,36667
32856,24444,36573
32948,24467,36649
33032,24503,36620
33093,24532,36668
33072,24523,36655
33020,24516,36653
32960,24487,36743
32864,24458,36655
32748,24429,36604
32648,24421,36649
32656,24437,36703
32620,24460,36439
32570,24500,36590
32600,24516,36743
32720,24525,36408
32716,24501,36628
32540,24485,36615
32308,24456,36692
32225,24425,36725
32346,24418,36631
32576,24435,36452
32796,24463,36663
32892,24476,36629
32904,24503,36717
32880,24510,36799
32821,24489,36717
32744,24462,36784
32604,24441,36743
32528,24412,36639
32566,24402,36713
32668,24425,36756
32836,24444,36783
33012,24471,36770
33268,24498,36753
33520,24495,36788
33876,24484,36740
34064,24455,36790
34141,24421,36709
34308,24389,36716
34464,24389,36737
34616,24414,36801
34724,24439,36744
34728,24471,36805
34828,24497,36917
34888,24484,36847
34892,24466,36870
34752,24461,36704
34664,24435,36829
34740,24409,36878
34772,24405,36891
34624,24426,36782
33936,24452,36951
32644,24486,36662
32008,24511,36838
31669,24509,36853
30693,24494,36842
30144,24468,36744
30248,24432,36898
30705,24397,37025
31088,24391,36782
31434,24412,37114
31772,24432,36791
32106,24462,37129
32392,24487,37087
32524,24479,37095
32496,24468,37054
32397,24442,36951
32268,24415,37124
32232,24383,37140
32176,24383,36900
32192,24391,37285
32268,24418,37204
32428,24447,37113
32677,24469,37315
32812,24471,37248
32776,24447,37222
32728,24425,37261
32655,24403,37303
32596,24361,37072
32516,24364,37428
32506,24388,37355
32520,24400,37420
32520,24432,37428
32576,24455,37532
32640,24459,37450
32644,24435,37394
32597,24412,37615
32588,24381,37377
32500,24353,37536
32497,24357,37639
32549,24361,37712
32632,24391,37719
32704,24419,37617
32716,24445,37704
32584,24444,37797
32536,24428,37764
32580,24401,37689
32570,24370,38004
32660,24343,37975
32749,24338,38084
32900,24356,37744
32936,24380,38146
32976,24407,38068
32956,24435,38116
32908,24432,38057
32788,24409,37980
32700,24383,38045
32760,24359,38006
32880,24327,38053
32856,24327,37988
32760,24348,38083
32720,24365,38056
32832,24391,38085
32952,24416,37996
32892,24423,37916
32864,24398,37973
32834,24364,37887
32796,24348,38029
32788,24309,37921
32764,24314,37949
32792,24327,37853
32840,24363,37777
32884,24383,37735
32988,24406,37728
33000,24400,37735
33060,24388,37580
33072,24365,37661
33116,24335,37572
33216,24293,37797
33313,24292,37493
33344,24319,37633
33400,24349,37408
33485,24368,37687
33548,24388,37417
33536,24396,37543
33444,24369,37546
33364,24343,37620
33248,24311,37724
33240,24292,37429
33276,24289,37689
33217,24309,37581
33140,24335,37669
33072,24359,37571
33093,24390,37524
33141,24385,37529
33145,24372,37607
32952,24332,37512
32860,24296,37549
32808,24269,37485
32877,24268,37549
33021,24292,37454
33140,24308,37540
33192,24349,37188
33192,24369,37314
33090,24364,37280
32965,24356,37327
32868,24316,37093
32760,24292,37412
32692,24269,37311
32736,24268,37255
32716,24286,37192
32748,24305,37233
32704,24339,37212
32620,24364,37185
32545,24359,37128
32512,24334,37204
32464,24315,37228
32376,24282,36889
32268,24255,37022
32288,24257,37029
32308,24281,37117
32260,24300,37165
32268,24327,37067
32364,24351,37052
32428,24351,37013
32400,24343,37004
32264,24311,37015
32164,24274,37012
32160,24249,36959
32230,24253,37032
32420,24266,36701
32576,24295,36789
32716,24327,36797
32780,24350,36743
32741,24354,36713
32728,24332,36717
32564,24308,36717
32436,24265,36751
32436,24247,36664
32472,24251,36685
32416,24267,36607
32352,24292,36663
32452,24323,36437
32706,24337,36588
32936,24333,36412
33057,24319,36557
33060,24298,36516
32908,24265,36580
32716,24236,36615
32580,24243,36563
32612,24260,36636
32740,24279,36308
32900,24317,36625
33032,24340,36505
33076,24327,36591
32984,24311,36479
32896,24287,36556
32829,24255,36460
32808,24235,36487
32860,24236,36349
32968,24246,36425
33137,24274,36516
33292,24314,36405
33453,24325,36397
33481,24324,36188
33464,24304,36411
33380,24285,36377
33292,24245,36455
33162,24228,36373
33096,24228,36388
33089,24244,36341
33096,24268,36260
33173,24297,36351
33164,24318,36415
33148,24320,36324
33092,24293,36388
32905,24267,36124
32775,24239,36181
32672,24226,36177
32756,24219,36212
32869,24239,36236
33064,24253,36231
33224,24292,36258
33412,24309,36207
33544,24306,36274
33480,24291,35912
33356,24260,36073
33236,24230,36015
33152,24212,36033
33140,24208,36028
33236,24232,36073
33429,24249,35935
33604,24284,35975
33600,24300,36031
33525,24300,36055
33400,24285,35735
33288,24268,35847
33248,24226,35817
33236,24197,35887
33102,24204,35828
32940,24219,35647
33036,24248,35740
33136,24274,35740
33184,24297,35799
33168,24304,35804
33133,24279,35509
33132,24259,35637
33180,24217,35552
33080,24197,35652
33092,24204,35524
33236,24213,35705
33344,24243,35605
33397,24273,35508
33480,24293,35449
33532,24284,35508
33552,24268,35548
33460,24244,35477
33345,24215,35509
33220,24185,35417
33238,24188,35397
33293,24212,35361
33324,24231,35264
33448,24258,35167
33552,24289,35204
33577,24285,35173
33544,24263,35007
33469,24233,35233
33372,24207,34917
33296,24183,35004
33332,24192,34977
33332,24201,35055
33420,24224,35049
33568,24255,35005
33654,24278,34977
33668,24279,34950
33553,24262,34975
33408,24229,34868
33344,24203,34924
33208,24173,34805
33196,24176,34716
33320,24196,34634
33388,24223,34730
33440,24253,34775
33440,24269,34471
33484,24277,34520
33432,24253,34488
33245,24228,34613
33258,24196,34345
33328,24172,34585
33364,24175,34277
33456,24197,34508
33484,24223,34303
33397,24257,34351
33320,24275,34380
33420,24275,34381
33418,24260,34415
33364,24231,34112
33441,24188,34213
33492,24174,34167
33468,24178,34277
33424,24185,34329
33501,24214,34033
33516,24247,34137
33408,24267,34087
33212,24268,34173
33040,24245,34087
33012,24220,34151
32928,24186,34039
32840,24169,34149
32836,24163,33941
32896,24181,34206
32904,24219,34151
32954,24235,34212
33060,24253,34148
33129,24261,34133
33225,24228,34150
33248,24210,34079
33148,24175,34111
33012,24159,34085
32980,24157,33926
33017,24177,34083
33088,24199,33985
33116,24229,34083
33204,24259,33943
33264,24258,34223
33188,24236,33959
33130,24207,34197
33208,24172,34004
33256,24161,34244
33452,24155,33988
33685,24180,34192
33936,24206,33992
34062,24236,34145
34136,24244,34089
34196,24241,34207
34392,24219,34246
34496,24206,34040
34548,24168,34213
34648,24148,34013
34796,24157,34106
35006,24180,34129
35153,24219,34232
35173,24234,34196
35000,24258,34119
34992,24257,34204
34992,24243,34113
35045,24229,34120
34736,24199,34127
33744,24182,34244
32576,24178,34220
32328,24198,34231
31724,24224,34141
30724,24257,34284
30372,24275,34135
30576,24273,34356
31040,24243,34335
31544,24215,34420
31941,24180,34149
32280,24158,34285
32512,24169,34266
32676,24193,34380
32821,24207,34412
32828,24238,34429
32932,24261,34452
32964,24252,34273
32916,24233,34413
32716,24214,34452
32552,24180,34468
32356,24165,34341
32292,24165,34422
32468,24186,34404
32714,24215,34469
32932,24234,34392
33016,24257,34636
33141,24252,34407
33216,24234,34499
33300,24205,34599
33361,24173,34615
33480,24159,34549
33462,24158,34572
33312,24178,34612
33193,24207,34676
33120,24244,34761
33172,24255,34731
33252,24253,34707
33290,24237,34752
33220,24210,34676
33156,24180,34780
33076,24167,34753
33004,24167,34820
33068,24175,34756
33224,24204,34773
33276,24239,34839
33301,24260,34862
33312,24256,34839
33276,24243,34860
33204,24213,34898
33092,24175,34876
33004,24155,34876
33010,24159,34844
33064,24185,34915
33296,24208,34628
33412,24249,34702
33456,24263,34679
33432,24257,34703
33324,24247,34645
33239,24214,34729
33184,24186,34781
33124,24167,34485
33082,24171,34574
33084,24189,34672
33113,24219,34644
33184,24260,34652
33272,24266,34601
33372,24265,34615
33480,24247,34337
33476,24217,34439
33460,24187,34350
33468,24163,34439
33484,24173,34425
33496,24196,34270
33596,24217,34349
33704,24259,34276
33780,24267,34375
33772,24260,34404
33688,24238,34248
33670,24219,34332
33684,24181,34239
33704,24164,34264
33664,24182,34288
33624,24207,34239
33652,24226,34164
33760,24261,34250
33916,24271,34294
33980,24269,34085
33804,24254,34167
33568,24219,34183
33348,24196,34249
33260,24180,34254
33324,24180,34042
33484,24203,34183
33656,24229,34270
33742,24269,34244
33824,24276,34269
33764,24281,34226
33704,24264,34279
33512,24232,34220
33121,24195,34277
32956,24180,34199
32860,24189,34109
32820,24209,34055
33016,24236,34175
33233,24273,34210
33252,24289,33964
33132,24283,34108
32960,24263,34133
32804,24245,34140
32746,24208,34191
32692,24191,33916
32760,24197,34031
32808,24223,33994
32944,24253,34077
33072,24278,34087
33232,24301,33861
33245,24296,34023
33210,24279,34076
33132,24254,33837
33056,24213,33945
33036,24196,34032
33092,24201,33790
33152,24230,33953
33248,24255,33999
33280,24292,33799
33320,24319,33927
33208,24308,33965
33049,24288,33701
32912,24265,33884
32840,24239,33824
32768,24215,33783
32760,24223,33758
32872,24239,33802
33036,24276,33662
33160,24311,33789
33272,24312,33684
33300,24309,33741
33240,24287,33567
33097,24266,33711
32920,24229,33774
32853,24219,33520
32956,24226,33612
33060,24257,33521
33225,24282,33647
33264,24317,33708
33248,24336,33465
33132,24329,33537
33020,24310,33655
32861,24277,33425
32756,24247,33605
32720,24231,33663
32856,24239,33476
32986,24267,33592
33104,24287,33572
33089,24324,33583
32928,24349,33559
32996,24342,33389
33001,24323,33446
32992,24303,33444
33077,24259,33515
33128,24240,33572
33248,24259,33360
33420,24279,33508
33584,24307,33552
33628,24340,33319
33565,24355,33377
33480,24358,33383
33328,24327,33460
33288,24303,33471
33256,24268,33451
33216,24263,33481
33160,24273,33224
33184,24292,33448
33316,24319,33204
33468,24350,33325
33480,24365,33234
33445,24367,33362
33260,24341,33376
33156,24319,33167
33192,24292,33202
33176,24278,33287
33201,24285,33277
33220,24300,33164
33284,24327,33163
33372,24366,33241
33464,24386,33239
33532,24391,33063
33628,24366,33194
33524,24343,33172
33316,24304,32994
33104,24289,33040
33020,24295,33119
33056,24319,33102
33184,24348,32994
33332,24385,33064
33364,24406,33073
33320,24393,32986
33240,24378,32964
33077,24344,33037
32968,24313,32988
32884,24300,32932
32876,24310,32999
32896,24334,32881
32988,24364,32887
33020,24405,32961
33084,24409,32976
33160,24400,32774
33152,24394,32918
33008,24367,32957
32872,24333,32768
32791,24319,32724
32740,24318,32847
32796,24349,32909
32840,24370,32676
32856,24404,32839
32896,24423,32807
32872,24423,32617
32796,24404,32772
32596,24373,32708
32436,24344,32590
32428,24326,32710
32625,24340,32797
32892,24365,32576
33036,24391,32683
33148,24419,32671
33288,24435,32663
33268,24429,32691
33117,24413,32719
32972,24396,32647
32884,24355,32519
33001,24350,32643
33145,24354,32612
33256,24381,32642
33336,24407,32670
33336,24439,32454
33396,24464,32587
33285,24447,32548
33248,24428,32628
33132,24404,32658
32984,24377,32447
32921,24364,32612
32900,24374,32508
33000,24402,32620
33096,24421,32473
33164,24457,32676
33184,24477,32623
33156,24458,32595
33184,24441,32493
33046,24416,32633
32712,24386,32709
32520,24385,32533
32476,24388,32699
32540,24402,32752
32608,24433,32540
32656,24468,32631
32648,24481,32684
32520,24473,32775
32636,24463,32824
32768,24436,32681
32728,24399,32727
32644,24377,32667
32532,24389,32804
32654,24414,32861
32768,24447,32925
32892,24484,32994
32918,24498,32821
32836,24493,32973
32728,24468,32999
32604,24452,33053
32504,24413,33093
32408,24397,33074
32388,24405,33087
32420,24428,32988
32508,24463,33088
32613,24492,33159
32750,24509,33025
32817,24498,33159
32788,24479,33092
32724,24455,33159
32644,24420,33145
32592,24413,33237
32600,24420,33143
32644,24443,33256
32700,24470,33173
32804,24499,33265
32852,24523,33263
32948,24513,33473
33006,24493,33300
33109,24460,33485
33232,24437,33445
33306,24430,33530
33381,24433,33495
33496,24469,33393
33728,24479,33425
33916,24519,33542
34028,24532,33535
34088,24520,33536
34212,24513,33582
34321,24486,33566
34388,24450,33604
34344,24444,33476
34072,24463,33543
33956,24482,33484
34200,24513,33559
34380,24549,33628
34436,24562,33710
33804,24559,33744
32509,24548,33746
31878,24518,33700
31481,24487,33736
30556,24477,33601
30053,24488,33856
30141,24503,33872
30610,24529,33904
31008,24565,33921
31428,24580,33988
31690,24564,33973
31960,24548,33998
32164,24519,34016
32288,24485,34082
32285,24474,34054
32348,24488,33953
32512,24516,34016
32596,24543,33970
32687,24561,34043
32720,24581,33935
32684,24580,34053
32628,24557,34020
32560,24537,34206
32492,24495,34208
32460,24482,34197
32480,24496,34206
32541,24518,34033
32604,24543,34285
32638,24579,34247
32652,24583,34169
32624,24583,34198
32548,24567,34230
32460,24543,34197
32372,24497,34095
32256,24492,34398
32272,24507,34134
32428,24525,34349
32556,24557,34146
32712,24591,34311
32708,24603,34227
32704,24599,34329
32766,24568,34255
32736,24553,34337
32636,24519,34246
32559,24501,34266
32560,24526,34369
32692,24546,34300
32842,24564,34230
32896,24597,34172
32894,24623,34237
32889,24611,34311
32804,24583,34212
32685,24558,34159
32628,24527,34094
32636,24524,34193
32685,24524,33972
32736,24551,34181
32796,24580,33919
32948,24620,34008
32988,24638,33903
32984,24621,33908
32948,24596,33812
32897,24577,33854
32880,24549,33735
32936,24533,33836
32956,24550,33799
32928,24565,33756
33008,24593,33684
33084,24629,33527
33048,24652,33519
33004,24634,33385
32980,24623,33518
32988,24593,33287
32948,24562,33476
32832,24541,33202
32808,24557,33239
32776,24580,33132
32840,24613,33144
32986,24645,33129
33108,24667,33160
33161,24655,33004
33112,24624,33051
33060,24604,33045
32968,24565,32798
32744,24553,32804
32608,24568,32769
32752,24598,32806
33005,24622,32709
33184,24663,32508
33381,24671,32592
33428,24658,32544
33368,24636,32333
33288,24612,32423
33216,24583,32372
33156,24579,32125
33140,24583,32199
33136,24615,32162
33128,24638,31924
33044,24679,32016
33000,24687,31909
32904,24669,31691
32744,24650,31750
32596,24628,31548
32432,24601,31589
32312,24583,31482
32325,24589,31448
32448,24620,31342
32696,24648,31101
32832,24693,31165
32836,24693,31086
32780,24679,30873
32632,24663,30919
32492,24636,30825
32336,24605,30599
32092,24599,30652
32016,24612,30602
32113,24638,30341
32212,24662,30378
32277,24705,30234
32246,24713,30228
32216,24702,30100
32064,24684,30060
32004,24652,29908
31920,24618,29769
32014,24617,29803
32256,24628,29669
32512,24650,29570
32638,24676,29430
32600,24708,29433
32602,24730,29250
32572,24719,29293
32568,24693,29220
32588,24664,28964
32604,24641,28991
32592,24631,28766
32644,24643,28791
32608,24673,28657
32580,24701,28618
32752,24735,28549
32876,24736,28361
32944,24729,28277
32941,24711,28119
32836,24699,28105
32728,24655,27940
32565,24645,27908
32404,24663,27742
32393,24687,27700
32496,24720,27527
32744,24747,27507
32836,24755,27372
32840,24748,27373
32800,24729,27269
32740,24700,27161
32622,24672,26910
32397,24669,26902
32340,24677,26736
32456,24690,26729
32552,24724,26528
32572,24764,26465
32544,24773,26276
32493,24764,26285
32461,24740,26087
32437,24716,26112
32244,24687,25887
32118,24669,25917
32064,24684,25702
32093,24725,25738
32252,24748,25547
32408,24783,25549
32508,24795,25417
32540,24773,25372
32389,24753,25282
32192,24735,25081
31988,24702,25095
31852,24694,24976
31836,24709,24900
31928,24727,24761
32168,24756,24732
32352,24798,24549
32368,24801,24586
32436,24789,24503
32472,24768,24344
32480,24750,24292
32468,24723,24129
32420,24704,24132
32416,24725,23957
32460,24751,23956
32636,24779,23841
32824,24811,23820
33005,24816,23729
32912,24807,23612
32751,24792,23568
32676,24759,23495
32660,24733,23364
32756,24725,23324
32858,24744,23226
32632,24770,23152
32525,24797,23012
32532,24829,22964
32736,24830,22850
32852,24827,22815
32896,24807,22745
32896,24773,22602
32894,24751,22582
32912,24745,22505
32928,24764,22372
32928,24788,22348
32889,24809,22274
32800,24844,22199
32769,24852,22119
32848,24848,22037
32760,24820,21977
32688,24801,21881
32604,24764,21844
32624,24759,21751
32752,24777,21704
32812,24807,21633
32736,24832,21584
32784,24863,21519
32860,24866,21438
32908,24861,21392
32904,24839,21342
32808,24808,21275
32700,24789,21222
32702,24777,21161
32813,24797,21105
33044,24820,21052
33241,24844,20997
33412,24888,20949
33512,24889,20888
33452,24885,20852
33268,24856,20791
33072,24839,20747
33040,24809,20696
32988,24796,20654
32964,24812,20599
33152,24831,20556
33392,24869,20524
33540,24900,20472
33505,24905,20420
33374,24901,20377
33296,24876,20329
33284,24846,20292
33236,24818,20237
33184,24809,20223
33084,24830,20168
33053,24853,20134
32964,24878,20069
32944,24920,20045
32888,24932,19992
32796,24919,19952
32708,24897,19929
32704,24866,19873
32820,24829,19847
32936,24827,19782
32956,24841,19762
32900,24879,19705
32808,24908,19681
32840,24935,19646
32848,24932,19617
32718,24929,19598
32572,24907,19559
32332,24880,19549
32132,24845,19488
32020,24840,19513
32086,24854,19447
32368,24882,19421
32748,24912,19425
32836,24941,19381
32736,24949,19393
32704,24937,19353
32708,24912,19364
32660,24895,19317
32602,24851,19317
32520,24849,19272
32456,24871,19279
32492,24895,19241
32436,24924,19263
32437,24954,19223
32568,24961,19242
32692,24950,19198
32768,24927,19196
32844,24903,19162
32933,24876,19144
33061,24858,19124
33272,24879,19124
33440,24905,19138
33596,24933,19113
33868,24967,19122
34096,24967,19113
34108,24952,19161
34053,24933,19107
34084,24901,19115
34284,24878,19153
34496,24871,19132
34840,24893,19164
35212,24907,19117
35664,24943,19138
36048,24967,19142
36248,24971,19137
36320,24967,19160
36420,24943,19156
36548,24922,19181
36504,24901,19177
36245,24903,19186
35181,24915,19233
33640,24944,19236
33044,24967,19292
32176,25001,19258
31048,25007,19310
30677,24995,19322
31050,24966,19344
31632,24935,19397
32212,24901,19406
32524,24895,19459
32560,24908,19479
32588,24941,19523
32756,24967,19528
32952,24999,19548
32956,25001,19581
32948,24983,19616
32821,24964,19644
32700,24935,19674
32704,24900,19709
32748,24893,19744
32984,24913,19800
33284,24933,19804
33456,24963,19840
33500,24996,19862
33480,24996,19899
33368,24985,19936
33256,24964,19961
33196,24936,19997
33040,24900,20021
33092,24896,20055
33236,24911,20096
33444,24935,20140
33484,24964,20177
33432,24998,20228
33440,25005,20257
33368,24985,20321
33324,24964,20363
33412,24938,20407
33500,24910,20454
33404,24898,20496
33364,24915,20541
33348,24945,20574
33340,24964,20626
33486,24999,20676
33556,25011,20709
33580,24988,20753
33557,24964,20780
33580,24937,20820
33524,24913,20860
33303,24914,20893
33206,24918,20914
33324,24947,20953
33461,24969,20994
33500,25005,21006
33472,25011,21032
33312,24996,21059
33324,24967,21072
33304,24940,21090
33304,24912,21117
33325,24903,21127
33438,24919,21133
33584,24943,21156
33768,24984,21159
33980,25007,21188
34056,25013,21190
34108,25007,21207
34080,24967,21193
34076,24943,21225
34136,24916,21237
34108,24914,21250
34005,24921,21272
33892,24950,21254
33856,24980,21292
33980,25004,21295
34168,25011,21305
34360,24996,21310
34473,24966,21319
34524,24937,21333
34460,24913,21321
34508,24912,21345
34452,24924,21347
34452,24952,21356
34496,24989,21346
34436,25007,21359
34372,25007,21372
34402,24999,21364
34472,24969,21369
34564,24949,21372
34600,24914,21351
34548,24910,21381
34580,24933,21375
34696,24952,21380
34788,24980,21373
34848,25006,21356
34788,25005,21372
34556,24991,21333
34520,24966,21368
34578,24938,21361
34604,24911,21342
34696,24909,21348
34657,24933,21328
34520,24957,21352
34396,24979,21357
34284,25008,21340
34212,25015,21363
34136,24999,21327
34112,24981,21357
34212,24945,21369
34344,24913,21364
34468,24910,21345
34456,24933,21368
34368,24961,21374
34164,24982,21375
34108,25009,21387
34167,25016,21405
34240,25007,21404
34372,24980,21426
34477,24944,21433
34368,24920,21447
34368,24921,21448
34494,24934,21468
34740,24961,21476
34860,24983,21479
34936,25017,21522
34824,25024,21532
34846,25015,21532
34968,24982,21564
35205,24957,21573
35328,24931,21625
35332,24927,21632
35377,24930,21650
35380,24966,21681
35372,24991,21704
35380,25028,21728
35512,25017,21720
35637,24999,21769
35652,24986,21776
35633,24952,21827
35452,24935,21837
35380,24920,21890
35324,24941,21904
35440,24969,21926
35576,25001,21957
35705,25016,21972
35824,25021,22032
35840,25015,22052
35796,24988,22054
35768,24954,22126
35568,24933,22148
35424,24921,22151
35344,24938,22208
35504,24972,22192
35544,24999,22272
35564,25026,22263
35622,25023,22348
35560,25020,22385
35484,24983,22437
35548,24964,22467
35522,24936,22458
35576,24924,22535
35624,24940,22520
35756,24978,22621
35864,24990,22628
36041,25028,22689
36185,25041,22702
36188,25004,22796
36064,24991,22829
35772,24965,22842
35544,24941,22911
35380,24935,22948
35368,24959,22998
35544,24969,23052
35736,24999,23076
35852,25034,23130
35832,25028,23167
35856,25018,23183
35885,24980,23236
35912,24963,23290
35966,24937,23318
36010,24932,23328
36116,24958,23397
36292,24973,23350
36412,24997,23457
36428,25027,23407
36256,25041,23527
36140,25015,23536
36068,24995,23612
35956,24967,23638
35848,24943,23612
35848,24925,23690
35872,24948,23652
35908,24972,23756
35964,25004,23732
36032,25041,23852
36048,25024,23890
36052,25030,23869
35964,24998,23946
35832,24956,23979
35696,24935,24022
35688,24935,23967
35708,24954,24048
35693,24983,24041
35716,25007,24100
35760,25035,24156
35648,25031,24100
35588,25022,24235
35644,24997,24239
35816,24967,24229
35901,24939,24335
35876,24927,24303
35920,24945,24415
36004,24983,24340
36076,25010,24460
36102,25030,24409
35940,25031,24548
35848,25020,24465
35780,24994,24629
35800,24967,24671
35876,24937,24581
35976,24941,24732
35992,24959,24788
35920,24976,24694
35960,24998,24849
35996,25031,24905
35976,25035,24801
35868,25022,24980
35780,24994,24978
35704,24976,24916
35616,24941,25069
35588,24937,25120
35568,24962,25124
35496,24988,25218
35616,25006,25196
35800,25033,25284
35920,25037,25208
35908,25022,25324
35901,24994,25268
35760,24967,25425
35728,24951,25359
35794,24933,25501
35712,24953,25551
35660,24983,25545
35692,25014,25596
35621,25047,25538
35596,25044,25714
35548,25020,25724
35400,25004,25653
35168,24975,25837
34938,24947,25885
34888,24949,25838
35007,24958,25974
35197,24981,25934
35284,25012,26017
35448,25035,26033
35464,25043,26141
35400,25030,26172
35280,25007,26119
35160,24965,26230
35036,24948,26160
34965,24940,26305
34968,24957,26324
35112,24985,26446
35292,25021,26500
35480,25036,26525
35572,25046,26588
35496,25025,26522
35280,25004,26658
35180,24964,26697
35148,24939,26692
35200,24943,26756
35276,24957,26701
35388,24983,26896
35404,25024,26820
35468,25032,26972
35424,25034,26920
35360,25024,27090
35348,24989,27121
35392,24967,27112
35428,24940,27237
35504,24948,27188
35696,24950,27291
36008,24982,27304
36316,25010,27427
36416,25047,27488
36308,25032,27533
36348,25021,27457
36545,24991,27551
36748,24975,27544
37016,24953,27652
37288,24933,27655
37544,24957,27840
37848,24990,27870
37976,25004,27825
37885,25035,27976
37792,25045,28007
37804,25038,28074
37708,25013,28095
37572,24991,28069
36964,24964,28167
35460,24960,28167
34540,24992,28356
34136,25018,28371
33148,25053,28461
32461,25076,28391
32500,25071,28603
32992,25050,28626
33444,25023,28723
33756,24995,28777
33928,24967,28705
34045,24964,28831
34260,24984,28828
34452,25005,28949
34644,25045,28980
34764,25068,29159
34880,25073,29209
34904,25053,29169
34772,25032,29307
34624,24999,29383
34476,24965,29338
34429,24967,29519
34476,24991,29485
34565,25020,29641
34632,25055,29685
34704,25075,29779
34698,25073,29863
34608,25053,29771
34556,25028,29861
34440,25007,29856
34385,24985,30077
34385,24976,30071
34412,24997,30224
34440,25036,30314
34564,25059,30244
34612,25081,30343
34720,25079,30349
34812,25061,30587
34768,25039,30678
34669,25012,30569
34628,24989,30789
34660,24988,30895
34788,25014,30944
34884,25029,31046
34920,25066,30924
34904,25093,31052
34900,25093,31074
34876,25077,31238
34828,25044,31366
34832,25020,31428
34800,24991,31509
34692,24994,31538
34516,25008,31618
34421,25040,31641
34472,25071,31724
34624,25095,31732
34702,25091,31641
34772,25073,31811
34764,25057,31819
34748,25026,31930
34724,25001,31880
34724,24998,31919
34769,25018,31908
34820,25044,32023
34812,25076,32015
34868,25105,32100
34800,25103,32100
34616,25081,32194
34472,25063,32197
34416,25031,32300
34492,25004,32280
34628,24997,32396
34784,25022,32407
34948,25060,32591
34993,25089,32687
34968,25100,32646
34912,25111,32758
34880,25093,32854
35016,25060,32879
35142,25023,32813
35020,25006,32930
35004,25014,32870
35060,25025,33116
35144,25049,33157
35204,25085,33188
35264,25108,33252
35280,25108,33188
35268,25087,33277
35268,25062,33449
35236,25033,33445
35256,25008,33559
35312,25015,33498
35264,25033,33655
35140,25063,33582
35060,25095,33860
35012,25111,33873
34848,25119,33943
34688,25091,33996
34432,25069,34076
34337,25045,34106
34376,25006,34172
34396,25020,34238
34328,25028,34255
34120,25061,34309
34044,25095,34324
34092,25121,34471
34080,25110,34439
33984,25095,34591
33888,25073,34637
33796,25039,34717
33761,25015,34744
33800,25023,34797
33856,25033,34838
33852,25067,34936
33840,25095,34989
33832,25124,35052
33840,25121,35157
33780,25097,35159
33692,25078,35094
33647,25051,35209
33653,25017,35120
33712,25024,35413
33688,25048,35434
33678,25069,35556
33602,25108,35529
33592,25127,35463
33600,25125,35612
33504,25108,35607
33424,25076,35718
33444,25046,35729
33460,25027,35815
33540,25031,35812
33632,25049,35932
33836,25079,36052
33872,25107,35781
33924,25120,36020
33932,25129,35925
33764,25105,36065
33525,25080,36100
33320,25057,36257
33244,25029,36380
33300,25033,36100
33388,25041,36353
33600,25073,36359
33644,25116,36436
33748,25132,36425
33789,25127,36573
33733,25109,36524
33696,25081,36644
33640,25063,36816
33552,25031,36671
33600,25032,36768
33724,25052,36743
33856,25084,36860
34021,25115,36992
34228,25134,36948
34228,25121,36980
34200,25105,37039
34108,25085,36999
33984,25049,37231
33873,25035,37182
33888,25034,37247
33944,25060,37265
34088,25076,37349
34156,25113,37367
34112,25137,37477
34038,25124,37429
34020,25107,37556
33948,25087,37519
33888,25030,37624
33864,25035,37322
33816,25031,37527
33932,25049,37575
33956,25081,37720
34036,25113,37713
34192,25128,37751
34188,25135,37796
34152,25101,37953
34045,25083,37776
33876,25047,37889
33764,25029,37988
33700,25039,37952
33804,25057,37999
34008,25078,37913
34182,25109,37951
34376,25129,38057
34493,25124,38086
34425,25108,38192
34189,25079,38133
33964,25054,38245
33812,25025,37895
33860,25036,38279
34044,25055,38205
34408,25073,38335
34688,25111,38245
34768,25128,38355
34700,25124,38276
34537,25095,38329
34376,25079,38308
34308,25053,38405
34285,25029,38181
34424,25036,38309
34462,25057,38120
34382,25070,38260
34304,25117,38306
34378,25124,38321
34360,25125,38165
34332,25095,38454
34400,25077,38279
34432,25047,38357
34468,25028,38316
34508,25024,38403
34500,25053,38548
34504,25087,38516
34527,25109,38525
34504,25128,38447
34469,25124,38548
34444,25103,38669
34393,25069,38580
34392,25045,38689
34236,25024,38631
34132,25029,38685
34080,25054,38476
34039,25077,38605
34048,25116,38611
34073,25124,38586
34044,25124,38615
33980,25103,38703
33881,25076,38847
33768,25044,38436
33624,25028,38653
33453,25031,38671
33479,25049,38764
33536,25081,38873
33592,25106,38791
33624,25124,38808
33600,25126,38556
33516,25106,38757
33440,25077,38820
33392,25055,38828
33364,25023,38848
33296,25032,38844
33176,25055,38858
33288,25083,38943
33352,25110,38663
33444,25126,38777
33420,25126,38796
33304,25103,38783
33164,25077,38660
33044,25036,38837
32897,25024,38919
32840,25027,38972
32860,25050,38944
32893,25076,38876
32985,25113,38877
32800,25124,38696
32488,25122,38988
32306,25103,38919
32196,25081,38936
32208,25045,38941
32372,25017,38967
32556,25027,38887
32696,25044,39021
32808,25079,38796
32816,25110,39077
32864,25129,39019
32876,25118,39015
32796,25093,39057
32685,25073,39163
32512,25045,39277
32380,25030,38861
32316,25029,39178
32441,25057,38895
32464,25075,39135
32592,25108,39139
32596,25127,39247
32641,25119,39126
32604,25095,39175
32569,25073,39213
32548,25037,39269
32608,25025,39287
32788,25029,39342
33004,25044,39321
33160,25075,39431
33380,25101,39077
33516,25119,39368
33752,25119,39234
33848,25094,39301
33856,25074,39463
33820,25033,39052
33752,25025,39268
33828,25031,39414
33933,25060,39074
33965,25084,39270
33831,25122,39427
33989,25142,39401
34100,25143,39504
34184,25125,39252
33785,25095,39316
32512,25057,39455
31348,25053,39308
31000,25057,39404
30189,25085,39557
29305,25109,39453
29185,25139,39509
29576,25149,39456
29948,25142,39530
30268,25119,39615
30532,25089,39559
30852,25052,39677
31036,25036,39589
31148,25037,39678
31214,25062,39620
31280,25095,39744
31308,25126,39335
31380,25142,39590
31480,25125,39608
31504,25109,39685
31492,25080,39815
31340,25045,39726
31261,25037,39799
31232,25041,39772
31424,25063,39672
31600,25087,39776
31660,25121,39815
31676,25133,39941
31668,25131,39765
31520,25108,39860
31412,25069,39905
31424,25044,39580
31369,25023,39925
31324,25045,39748
31381,25057,39889
31473,25085,39975
31613,25113,39956
31592,25133,39999
31548,25127,39991
31652,25100,39964
31680,25077,40160
31692,25046,39821
31796,25024,40263
31876,25037,40191
31860,25053,40276
31828,25086,40220
31864,25111,40208
31956,25125,40228
31844,25125,40229
31788,25095,40285
31752,25069,40209
31656,25045,40108
31622,25023,40268
31712,25031,40359
31824,25057,40287
31916,25077,40288
31984,25113,40190
31972,25124,40229
31868,25125,40244
31680,25095,40222
31504,25072,40334
31396,25044,39910
31312,25025,40070
31348,25029,40039
31416,25055,40086
31461,25087,40112
31484,25117,40037
31496,25132,39980
31490,25121,39877
31472,25103,39901
31429,25081,39876
31396,25039,39844
31400,25023,39815
31468,25036,39799
31628,25055,39853
31804,25077,39541
31884,25116,39588
31941,25127,39639
31856,25127,39648
31776,25105,39688
31744,25068,39589
31764,25039,39472
31872,25019,39506
31972,25033,39551
31908,25063,39528
31816,25081,39503
31721,25119,39404
31664,25135,39201
31628,25127,39431
31542,25103,39161
31360,25074,39385
31272,25042,39117
31200,25027,39511
31240,25038,39112
31244,25061,39396
31296,25085,39062
31300,25117,39461
31249,25131,39313
31136,25128,39396
30984,25102,39303
30864,25078,39327
30784,25036,39245
30692,25030,39253
30624,25033,39129
30697,25063,39181
30824,25084,39224
30976,25127,39088
31128,25135,38964
31140,25124,39053
31040,25108,38983
30800,25075,38933
30645,25041,38719
30522,25018,39020
30506,25043,38837
30676,25056,38837
30821,25084,38913
31000,25117,38588
31229,25133,38789
31348,25125,38580
31336,25100,38825
31244,25070,38431
31204,25043,38797
31238,25031,38489
31348,25035,38743
31448,25061,38596
31516,25086,38588
31516,25123,38263
31452,25135,38623
31400,25126,38489
31380,25095,38535
31332,25069,38439
31204,25041,38463
31100,25026,38373
31136,25039,38207
31256,25062,38426
31391,25087,38316
31512,25124,38373
31621,25131,38279
31662,25124,38277
31624,25101,38204
31572,25071,38136
31528,25047,38117
31408,25014,38095
31336,25043,38293
31335,25057,38185
31342,25084,38279
31304,25124,38176
31332,25132,38092
31308,25131,38140
31188,25104,38190
31108,25075,38277
30980,25047,38175
30942,25030,38111
30992,25039,38119
31052,25061,38103
31072,25092,38116
31084,25121,37924
31068,25135,38299
31069,25132,38205
31112,25108,38164
30986,25079,38180
30728,25044,38196
30656,25037,38148
30616,25047,37973
30648,25062,38230
30664,25095,38233
30609,25125,38220
30540,25135,38156
30468,25127,38142
30480,25105,38215
30542,25081,37949
30588,25052,38151
30640,25037,38329
30576,25047,38223
30500,25068,38295
30484,25095,38188
30532,25130,38151
30568,25143,38152
30524,25130,38124
30413,25111,38041
30176,25085,37987
30112,25048,38143
30100,25038,37995
30048,25052,37944
30040,25072,37950
30064,25105,37903
30152,25141,37937
30220,25144,37720
30324,25135,38052
30380,25110,37674
30388,25084,37956
30357,25052,37895
30264,25039,37919
30241,25053,37836
30204,25081,37766
30361,25101,37754
30526,25135,37751
30632,25150,37805
30676,25135,37620
30644,25108,37468
30560,25091,37632
30564,25057,37585
30680,25038,37565
30913,25058,37383
31132,25078,37268
31208,25103,37437
31196,25132,37383
31172,25145,37405
31244,25136,37308
31335,25111,37165
31436,25085,37116
31460,25053,37146
31404,25044,37210
31408,25045,36967
31504,25071,37023
31560,25095,36879
31700,25131,36892
31776,25136,36772
31744,25128,36773
31684,25113,36786
31620,25085,36672
31596,25047,36628
31542,25033,36373
31600,25047,36556
31729,25076,36296
31860,25095,36496
32064,25135,36251
32176,25143,36324
32164,25133,36110
32103,25100,36332
32056,25079,36268
32020,25044,36188
31964,25039,36111
31905,25046,35889
31941,25071,36007
32033,25095,35948
32084,25129,36044
32216,25134,35774
32240,25124,36018
32144,25101,35692
32052,25079,35853
31932,25044,35836
31830,25026,35805
31756,25044,35764
31748,25071,35747
31756,25095,35711
31758,25129,35704
31792,25133,35652
31848,25124,35621
31644,25095,35487
31508,25073,35335
31405,25033,35613
31288,25030,35495
31296,25039,35271
31296,25060,35533
31380,25089,35463
31400,25125,35335
31285,25127,35408
31044,25113,35425
30872,25094,35431
30604,25068,35400
30458,25032,35395
30552,25026,35380
30748,25032,35271
30892,25060,35335
30920,25081,35383
30848,25117,35344
30780,25129,35318
30708,25112,35415
30676,25092,35284
30592,25064,35330
30516,25028,35310
30420,25020,35428
30425,25031,35374
30504,25053,35450
30640,25078,35377
30733,25111,35452
30852,25123,35395
30848,25105,35425
30760,25083,35428
30680,25053,35495
30624,25025,35477
30624,25014,35540
30728,25025,35631
30924,25045,35742
31116,25070,35461
31216,25102,35618
31268,25109,35572
31356,25085,35719
31536,25069,35567
31720,25044,35780
31813,25004,35617
31912,25000,35914
32076,25014,35652
32348,25033,35831
32536,25060,35847
32640,25089,35863
32688,25095,35759
32792,25089,36050
32873,25066,35925
32828,25043,36044
32617,25007,36084
32268,25001,36069
32420,25021,35980
32676,25051,36070
33016,25074,36142
32980,25114,36205
31969,25122,36172
30864,25108,36153
30624,25085,36132
29948,25060,36005
28824,25020,36280
28440,25012,36244
28794,25026,36143
29448,25047,36410
30168,25074,36351
30808,25095,36345
31250,25103,36335
31376,25090,36228
31302,25061,36480
31216,25039,36373
31128,25001,36309
31056,24993,36337
31084,25009,36317
31244,25030,36410
31532,25053,36469
31704,25089,36410
31692,25092,36386
31661,25074,36208
31612,25052,36463
31544,25027,36317
31520,24984,36384
31532,24980,36280
31564,24997,36444
31612,25016,36550
31616,25043,36225
31700,25076,36487
31788,25071,36325
31924,25063,36461
32029,25040,36492
32000,25012,36552
31952,24979,36629
31864,24967,36592
31856,24981,36631
32016,25006,36565
32228,25031,36664
32276,25068,36733
32348,25068,36694
32304,25055,36669
32276,25031,36687
32316,25001,36822
32236,24970,36805
32078,24969,36744
32000,24979,36911
32148,25001,36680
32392,25030,36780
32664,25059,36758
32912,25068,36812
32932,25055,36973
32848,25029,36949
32744,24996,37008
32696,24967,36944
32712,24963,36976
32664,24967,36713
32628,24991,37009
32686,25023,36669
32796,25058,36936
32800,25057,36706
32801,25047,36812
32656,25022,36788
32548,24987,36860
32504,24958,36908
32536,24948,36820
32568,24964,36903
32652,24988,36803
32766,25014,36764
32888,25037,36733
33012,25058,36623
33060,25039,36581
32948,25006,36583
32824,24981,36612
32744,24952,36529
32736,24949,36596
32856,24946,36591
33020,24985,36545
33116,25012,36443
33220,25033,36455
33248,25045,36404
33189,25028,36399
33104,25004,36508
33092,24980,36484
33028,24948,36380
32921,24933,36425
32968,24957,36452
33049,24975,36533
33108,24999,36460
33248,25037,36533
33344,25029,36448
33292,25021,36340
33188,25005,36180
33088,24967,36487
32940,24936,36405
32740,24932,36388
32540,24947,36412
32416,24980,36359
32457,24993,36389
32688,25031,36292
32836,25030,36284
32880,25016,36231
32660,24999,36311
32388,24970,36260
32264,24933,36381
32284,24929,36434
32384,24941,36128
32524,24969,36349
32552,24997,36245
32532,25020,36321
32480,25028,36417
32405,25012,36215
32324,24989,36302
32218,24962,36084
32070,24935,36218
31977,24928,36236
32008,24944,36309
31988,24967,36311
32000,24989,36295
32037,25017,36221
32069,25032,36253
31992,25015,36244
31820,24983,36284
31748,24960,36154
31733,24935,36241
31788,24926,36020
31848,24941,36228
31916,24967,36204
32000,24993,36133
32048,25022,36038
32092,25026,36148
32121,25009,35974
32036,24983,36117
32000,24954,36117
31956,24924,36167
31945,24924,36103
32036,24934,36133
32176,24959,36092
32301,24991,36134
32400,25017,36159
32332,25025,36124
32136,25010,36111
31887,24985,35888
31700,24957,36125
31620,24923,36084
31688,24916,36103
31872,24939,36068
31952,24956,35983
32000,24985,35948
32016,25014,35957
32116,25017,36020
32108,25004,35935
31964,24979,36032
31768,24950,36042
31673,24917,36017
31825,24916,36069
31988,24922,35815
32136,24952,35933
32244,24987,35997
32390,25014,36097
32420,25016,35764
32352,25001,36069
32236,24972,35836
32126,24948,35978
32024,24917,35772
31948,24915,36084
31946,24931,36004
31912,24954,35989
31937,24981,35783
32004,25007,35916
31988,25013,35767
31897,24997,36084
31844,24970,36017
31780,24943,35943
31680,24914,35905
31704,24911,35879
31876,24925,35990
32078,24948,35988
32197,24980,36020
32272,25005,35989
32160,25009,36053
32068,24999,35955
32068,24965,36015
32048,24940,35953
32056,24912,36012
32032,24909,35908
32060,24927,35840
32164,24952,35838
32212,24979,35869
32184,25010,35903
32040,25008,35880
31928,24988,35799
31788,24962,35841
31628,24937,35828
31576,24908,35837
31668,24896,35935
31880,24919,35599
32012,24943,35905
32009,24975,35576
32036,24997,35726
32068,25007,35847
32024,24991,35791
31904,24957,35821
31768,24932,35670
31632,24902,35727
31604,24899,35653
31636,24917,35648
31696,24945,35673
31733,24970,35738
31772,24999,35620
31800,24995,35636
31776,24983,35719
31668,24952,35761
31556,24933,35700
31356,24900,35634
31316,24897,35528
31160,24913,35591
31128,24940,35580
31180,24967,35681
31281,24997,35705
31335,24996,35664
31280,24977,35668
31177,24951,35684
31092,24925,35742
30924,24900,35428
30868,24895,35549
30821,24913,35532
30908,24933,35618
31044,24960,35589
31156,24985,35649
30952,24996,35647
30688,24977,35412
30654,24945,35620
30664,24918,35687
30784,24895,35356
30912,24887,35552
31093,24903,35548
31268,24926,35572
31312,24959,35463
31365,24986,35629
31388,24993,35313
31328,24972,35473
31132,24946,35540
31000,24919,35292
31016,24892,35487
31132,24887,35551
31296,24903,35471
31514,24921,35519
31704,24959,35244
31849,24980,35359
31940,24991,35247
31996,24967,35326
31988,24943,35383
31872,24909,35364
31700,24887,35384
31556,24884,35102
31552,24896,35206
31616,24927,35186
31708,24955,35241
31800,24980,35190
31744,24983,35254
31608,24967,35148
31448,24940,35188
31318,24906,35213
31304,24879,35241
31329,24881,34967
31306,24897,35134
31284,24913,35188
31284,24948,34906
31388,24976,35019
31496,24975,35042
31533,24950,35109
31593,24933,34972
31616,24902,35052
31541,24870,35078
31420,24871,35063
31276,24880,34952
31190,24914,35023
31148,24940,35000
31160,24967,35041
31160,24965,35079
31220,24946,35044
31052,24918,35117
30956,24891,34817
30977,24866,34948
31076,24855,35005
31306,24871,35047
31628,24900,35094
31668,24930,34831
31612,24952,34965
31486,24956,35005
31356,24935,35024
31317,24908,34948
31300,24879,35023
31284,24855,35053
31232,24851,35035
31149,24869,34914
31176,24887,35013
31280,24919,35069
31480,24940,34823
31532,24946,34961
31512,24925,34932
31456,24902,35068
31480,24868,35126
31658,24839,35036
31960,24834,34970
32340,24849,34879
32636,24876,34958
32832,24900,34972
33056,24935,35078
33384,24933,35109
33560,24911,34961
33568,24884,35073
33520,24851,35152
33405,24833,34887
33412,24828,35006
33449,24838,34990
33408,24875,35110
33260,24906,35188
33160,24938,35119
33108,24942,35180
33032,24926,34905
32760,24900,35117
31692,24875,35100
30424,24852,35100
30077,24840,35167
29781,24861,35191
29120,24892,35086
29028,24917,35206
29500,24926,35184
29920,24929,35116
30184,24910,35162
30480,24881,35268
30768,24853,35347
30980,24822,35060
31128,24817,35202
31276,24829,35188
31380,24855,35316
31408,24884,35351
31384,24911,35329
31489,24909,35344
31537,24899,35225
31365,24866,35273
31264,24834,35252
31118,24805,35372
31124,24802,35428
31317,24818,35292
31624,24847,35361
31841,24873,35260
31964,24898,35325
31900,24897,35328
31740,24879,35332
31556,24855,35332
31425,24818,35308
31460,24796,35142
31516,24773,35284
31620,24800,35143
31728,24836,35212
31844,24865,35144
31933,24882,35216
31982,24884,35183
31868,24865,35222
31764,24836,35219
31578,24805,35037
31432,24788,35133
31366,24778,35167
31460,24799,34859
31600,24820,35089
31781,24855,34790
31956,24873,34868
32044,24874,34900
32068,24853,34689
32052,24829,34762
31976,24800,34652
31876,24769,34753
31818,24773,34736
31853,24780,34453
31920,24813,34604
31956,24839,34391
32040,24865,34439
32108,24856,34444
32164,24847,34132
32088,24820,34235
31916,24788,34096
31692,24764,34085
31680,24765,34017
31734,24777,33940
31852,24801,33893
31996,24838,33760
32096,24854,33711
32012,24856,33397
31932,24826,33437
31824,24809,33388
31777,24783,33228
31752,24749,33172
31696,24755,32930
31828,24772,32892
31943,24790,32713
32072,24821,32660
32212,24836,32665
32288,24845,32533
32256,24825,32297
32232,24797,32324
32192,24764,32052
32186,24743,32038
32190,24745,31855
32232,24759,31799
32220,24785,31622
32292,24815,31583
32468,24838,31412
32452,24839,31431
32296,24817,31201
32152,24791,31221
32044,24759,30980
31900,24733,31012
31856,24733,30781
31828,24745,30799
31796,24772,30700
31856,24807,30583
31984,24825,30381
32188,24826,30316
32260,24804,30172
32216,24776,30131
32140,24742,29897
32017,24719,29887
31936,24719,29615
31929,24743,29639
31904,24757,29377
31997,24796,29352
32140,24818,29217
32156,24817,29220
31916,24799,29097
31580,24765,28863
31300,24741,28908
31204,24717,28780
31376,24717,28511
31548,24732,28501
31708,24757,28327
31644,24788,28365
31568,24805,28151
31424,24812,28152
31116,24794,28071
30892,24765,27877
30720,24737,27852
30704,24709,27685
30852,24711,27666
31132,24732,27417
31500,24748,27448
31772,24789,27280
31956,24805,27301
32132,24800,27086
32200,24780,27070
32066,24753,26924
31877,24723,26900
31804,24703,26753
31805,24702,26799
31884,24723,26711
31972,24743,26581
32028,24772,26533
31984,24798,26438
32068,24797,26327
32168,24775,26257
32236,24751,26109
32324,24721,26140
32316,24693,26000
32256,24695,26012
32241,24711,25937
32300,24746,25798
32361,24770,25775
32437,24791,25603
32488,24786,25637
32508,24773,25464
32492,24733,25527
32476,24711,25405
32352,24691,25399
32238,24689,25300
32256,24709,25226
32308,24737,25181
32492,24765,25008
32768,24783,25062
33024,24785,24985
33060,24767,24966
32993,24727,24889
32921,24699,24773
32817,24677,24767
32701,24686,24642
32608,24707,24664
32632,24727,24532
32688,24765,24569
32588,24781,24439
32532,24784,24483
32436,24759,24348
32308,24737,24409
32176,24709,24293
32052,24679,24331
32101,24678,24277
32392,24699,24254
32580,24723,24194
32544,24748,24174
32336,24777,24123
32176,24779,23996
32225,24758,24034
32321,24732,23925
32417,24700,23972
32369,24679,23925
32169,24684,23785
32072,24700,23859
32132,24727,23795
32372,24751,23684
32652,24768,23735
32744,24767,23709
32754,24748,23629
32652,24727,23632
32528,24695,23548
32484,24679,23553
32384,24665,23488
32263,24693,23489
32164,24721,23444
32156,24751,23421
32156,24775,23385
31952,24768,23333
31952,24743,23261
31860,24717,23258
31780,24689,23157
31818,24662,23215
31879,24664,23197
31944,24687,23093
31888,24714,23097
31864,24744,23025
31832,24770,23054
31964,24760,22976
31935,24745,22999
31952,24714,22986
31960,24687,22909
31888,24662,22914
31784,24671,22830
31786,24692,22850
31876,24717,22769
31996,24740,22809
32016,24759,22800
32112,24759,22700
32148,24735,22733
32052,24711,22714
32065,24676,22648
32040,24665,22644
31997,24659,22577
32020,24681,22596
32108,24709,22522
32132,24743,22541
32104,24761,22475
31944,24756,22493
31868,24733,22461
31940,24705,22450
32045,24681,22428
32100,24658,22352
32124,24660,22377
32161,24686,22315
32192,24708,22324
32200,24743,22276
32144,24765,22290
32020,24757,22230
31896,24737,22256
31860,24707,22248
31928,24679,22180
31980,24661,22202
32072,24666,22172
32212,24685,22172
32300,24711,22174
32296,24733,22148
32297,24757,22148
32228,24759,22093
32212,24737,22114
32264,24708,22084
32340,24676,22115
32516,24657,22086
32568,24656,22097
32420,24685,22075
32286,24706,22090
32200,24739,22079
32184,24757,22106
32136,24756,22103
32068,24739,22065
32040,24710,22115
32120,24677,22105
32064,24663,22136
32092,24665,22160
32269,24677,22141
32436,24707,22165
32560,24751,22182
32668,24757,22219
32664,24760,22220
32616,24732,22263
32470,24709,22265
32396,24679,22300
32324,24658,22305
32308,24661,22364
32416,24683,22342
32452,24706,22412
32598,24745,22407
32672,24764,22484
32696,24765,22480
32636,24733,22564
32548,24709,22596
32456,24676,22651
32260,24663,22698
32097,24661,22731
32069,24687,22769
32088,24708,22762
32140,24743,22861
32228,24757,22880
32316,24763,22965
32344,24729,22967
32312,24716,23073
32336,24673,23126
32284,24665,23152
32300,24666,23224
32476,24684,23233
32780,24711,23356
32992,24740,23399
32980,24757,23485
32645,24756,23461
32380,24735,23565
32365,24703,23565
32520,24679,23681
32612,24656,23749
32640,24662,23745
32600,24686,23872
32588,24711,23908
32580,24741,23884
32620,24761,24035
32704,24753,24030
32876,24741,24173
33160,24710,24239
33396,24679,24301
33620,24664,24349
33860,24660,24316
34108,24684,24461
34296,24711,24484
34540,24740,24614
34756,24766,24671
35022,24754,24651
35068,24735,24773
34980,24712,24806
34917,24684,24908
35162,24666,24885
35372,24676,25085
35429,24691,25111
35552,24719,25080
35576,24771,25292
35352,24785,25324
35064,24781,25321
34257,24762,25477
32804,24743,25531
32149,24705,25625
31920,24688,25710
31096,24693,25805
30376,24721,25792
30296,24741,25959
30712,24775,25912
31258,24785,26111
31511,24777,26090
31492,24758,26314
31572,24732,26375
31796,24690,26476
31956,24676,26563
31952,24687,26573
31949,24707,26669
31977,24728,26639
32116,24759,26814
32285,24773,26796
32380,24777,26989
32396,24756,26943
32320,24733,27200
32244,24695,27202
32249,24676,27248
32412,24681,27336
32600,24705,27441
32752,24729,27511
32766,24764,27536
32720,24780,27652
32692,24783,27606
32644,24763,27814
32572,24731,27759
32515,24696,27932
32448,24679,27956
32397,24679,28135
32460,24704,28116
32412,24740,28260
32292,24760,28252
32328,24773,28488
32400,24772,28597
32384,24753,28486
32305,24718,28738
32320,24696,28772
32252,24676,28718
32312,24687,28970
32504,24703,29021
32652,24713,28928
32776,24769,29093
32792,24786,29074
32776,24779,29248
32737,24758,29252
32713,24733,29319
32644,24699,29404
32477,24684,29429
32416,24687,29466
32430,24713,29565
32464,24743,29510
32540,24772,29733
32544,24783,29701
32553,24777,29832
32489,24751,29880
32428,24735,29764
32240,24701,29892
32096,24688,29912
32036,24700,29940
32186,24719,30001
32336,24743,30008
32540,24778,30134
32668,24796,30132
32776,24775,30095
32856,24763,30292
32756,24740,30352
32638,24701,30244
32420,24697,30308
32428,24691,30308
32496,24712,30399
32600,24748,30478
32728,24781,30433
32832,24796,30598
32878,24785,30532
32908,24765,30535
32716,24740,30695
32493,24708,30759
32430,24696,30628
32504,24699,30788
32600,24718,30681
32832,24743,30779
32929,24783,30740
32996,24791,30922
33016,24797,30921
32993,24767,30972
32948,24743,30839
32888,24711,30896
32800,24694,30871
32720,24707,31066
32652,24729,30969
32744,24755,31050
32814,24791,30950
32864,24805,31139
32925,24793,31150
32876,24768,31060
32789,24749,31145
32604,24711,31049
32432,24700,31148
32416,24711,31172
32460,24732,31149
32452,24761,31206
32436,24790,31232
32388,24805,31332
32224,24794,31294
32004,24780,31212
31844,24759,31371
31828,24716,31405
31832,24709,31436
31856,24724,31482
31968,24743,31324
32056,24763,31399
32198,24805,31397
32374,24817,31554
32504,24812,31609
32512,24783,31433
32518,24764,31591
32536,24727,31629
32548,24718,31527
32638,24727,31615
32768,24743,31645
32814,24775,31751
32679,24813,31765
32528,24828,31806
32368,24813,31836
32352,24791,31710
32474,24766,31853
32392,24741,31751
32368,24729,31931
32376,24738,31988
32376,24756,31823
32404,24781,31914
32548,24820,31900
32720,24838,32032
32924,24827,32120
33004,24803,32167
32996,24785,32169
32860,24748,32128
32817,24733,32228
32877,24748,32176
32944,24764,32285
32980,24791,32373
33068,24822,32197
33121,24847,32327
33084,24839,32289
32996,24813,32519
32936,24780,32519
32844,24765,32508
32752,24741,32572
32740,24750,32615
32812,24777,32656
32921,24800,32689
33001,24835,32727
33184,24849,32678
33228,24839,32818
33116,24821,32916
32789,24797,32921
32580,24762,32861
32512,24753,33017
32568,24759,33063
32752,24781,33156
32888,24807,33159
32927,24850,33164
32968,24862,33135
33029,24847,33310
33032,24829,33400
33040,24799,33209
32936,24774,33505
32814,24757,33484
32772,24764,33410
32704,24789,33599
32780,24820,33607
32900,24852,33684
33000,24871,33637
33012,24848,33768
32856,24837,33716
32684,24805,33868
32604,24775,33968
32500,24761,33996
32636,24780,34063
32876,24793,34082
32960,24823,34119
33168,24863,34190
33380,24869,34261
33408,24858,34101
33272,24839,34222
33156,24809,34311
33048,24775,34405
32984,24765,34437
32964,24781,34277
33024,24807,34498
33086,24833,34375
33104,24857,34527
33188,24876,34556
33204,24869,34687
33096,24844,34780
32976,24818,34778
32928,24778,34780
32884,24780,34848
32872,24782,34937
32828,24809,34919
32840,24833,35007
32884,24870,34980
32886,24877,35030
33004,24868,34875
33135,24852,34997
33112,24822,34929
32936,24795,35048
32748,24777,35079
32655,24781,35204
32729,24813,35304
32836,24833,35278
32992,24871,35250
33137,24879,35361
33144,24868,35148
33048,24850,35308
32893,24821,35473
32708,24797,35284
32588,24776,35415
32628,24796,35286
32764,24815,35509
32912,24839,35520
32988,24875,35569
32993,24887,35568
32924,24883,35559
32877,24852,35444
32760,24831,35694
32622,24801,35502
32508,24783,35803
32582,24793,35784
32613,24812,35864
32688,24851,35820
32836,24877,35820
32892,24895,35688
32864,24886,35863
32580,24852,35687
32292,24833,36030
32090,24797,35981
32069,24798,36073
32254,24805,36005
32512,24826,35997
32796,24845,35921
33004,24886,35973
33100,24893,35959
33210,24885,36097
33168,24868,36224
32940,24832,35943
32745,24801,36085
32696,24797,36109
32892,24802,36228
33088,24829,36320
33184,24857,36047
33212,24887,36227
33260,24901,36180
33288,24887,36332
33300,24866,36342
33149,24837,36396
33040,24815,36420
32976,24799,36500
32949,24805,36253
32912,24834,36526
32936,24863,36404
33040,24900,36487
33098,24896,36508
33156,24893,36535
33064,24861,36580
32878,24837,36695
32704,24810,36819
32468,24797,36623
32436,24812,36814
32549,24833,36904
32656,24863,36615
32632,24895,36814
32612,24900,36901
32564,24896,36996
32492,24865,37101
32504,24842,37059
32494,24809,37149
32488,24799,37135
32416,24812,37241
32292,24829,37209
32368,24861,37308
32566,24900,37287
32672,24904,37412
32664,24895,37356
32732,24865,37503
32809,24839,37424
32836,24815,37383
32736,24804,37414
32652,24804,37449
32680,24834,37479
32768,24867,37530
32924,24895,37626
33132,24904,37694
33144,24895,37732
33113,24861,37844
33076,24837,37796
32944,24807,37749
32876,24793,37908
32961,24811,37618
33108,24834,37908
33098,24856,38004
33108,24900,37996
33032,24900,38104
33216,24897,37891
33556,24863,38039
33902,24837,38060
34173,24808,38134
34296,24801,38253
34348,24810,38197
34452,24831,38127
34700,24853,38328
34904,24897,38015
35046,24903,38228
35212,24891,38346
35292,24871,38368
35392,24845,38488
35361,24807,38324
35120,24805,38393
34616,24821,38559
34248,24837,38268
34290,24868,38407
34428,24913,38460
34512,24927,38503
33837,24917,38487
32505,24887,38668
31808,24862,38663
31733,24825,38798
31044,24822,38725
30504,24830,38837
30510,24852,38791
30892,24882,38832
31456,24902,38768
31938,24913,38732
32288,24899,38976
32511,24877,38892
32708,24852,39034
32756,24807,38967
32777,24799,38993
32724,24812,38948
32693,24835,38881
32672,24868,38902
32808,24894,39049
33044,24910,39057
33152,24899,39158
33214,24872,38941
33169,24844,38983
33044,24809,39028
33048,24793,39004
33020,24807,39063
33092,24839,39114
33068,24866,39175
33060,24892,39161
33004,24903,39271
33000,24893,39149
33048,24871,39277
33040,24839,39205
32932,24800,39318
32762,24795,38916
32688,24805,39143
32612,24837,39128
32676,24863,39353
32820,24893,39002
32988,24903,39381
33065,24886,39320
33132,24863,39360
33168,24847,39298
33102,24800,39328
33052,24789,39348
33028,24804,39380
33124,24829,39367
33408,24854,39453
33560,24892,39190
33578,24895,39244
33400,24893,39276
33348,24860,39224
33429,24835,39276
33492,24807,39317
33248,24793,39423
33032,24791,39296
32965,24822,39276
33088,24853,39141
33248,24885,39118
33304,24893,39133
33296,24879,39055
33181,24854,39159
33188,24823,39112
33272,24799,39130
33308,24791,39052
33293,24798,39108
33316,24831,38693
33308,24852,39056
33324,24881,38895
33416,24892,38801
33517,24881,38965
33470,24857,38607
33368,24828,38693
33348,24797,38716
33332,24791,38684
33332,24796,38599
33304,24829,38547
33244,24855,38557
33172,24884,38535
33216,24891,38584
33248,24875,38529
33270,24849,38577
33172,24831,38463
33032,24799,38544
32960,24789,38399
32924,24801,38324
33008,24823,38295
33160,24849,38301
33232,24885,38340
33104,24888,38308
32960,24885,38380
32836,24858,38004
32876,24821,38309
33012,24780,38206
33144,24773,38169
33264,24798,38177
33324,24813,38151
33372,24842,38175
33484,24876,38108
33468,24884,38164
33332,24874,38058
33168,24844,38125
33004,24820,38007
32880,24788,38097
32924,24783,37973
32944,24788,38012
33072,24817,37932
33162,24847,38005
33304,24870,37601
33288,24881,37952
33144,24861,37589
32940,24839,37858
32770,24814,37767
32840,24789,37689
32944,24785,37709
33148,24785,37752
33180,24820,37437
33105,24848,37676
33133,24871,37545
33068,24887,37751
33181,24869,37346
33240,24844,37677
33196,24815,37588
33132,24780,37542
33116,24772,37454
33109,24785,37511
33208,24816,37536
33220,24852,37456
33206,24880,37545
33256,24884,37169
33324,24871,37285
33455,24839,37271
33556,24813,37348
33500,24783,37377
33480,24774,37309
33481,24791,37327
33460,24814,37271
33448,24852,37304
33460,24881,37217
33470,24876,37276
33469,24864,36902
33396,24839,37052
33268,24809,37028
33049,24780,37085
32900,24780,36994
32834,24793,36972
32933,24817,37060
33048,24846,37033
33164,24881,36927
33236,24880,37080
33256,24858,37007
33048,24838,37058
32813,24816,36960
32649,24781,36882
32564,24775,36924
32704,24787,36917
32940,24809,36870
33160,24840,36898
33272,24868,36858
33362,24869,36944
33409,24860,36828
33272,24838,36932
33068,24807,36585
32952,24772,36761
32964,24764,36709
33140,24780,36800
33304,24812,36871
33396,24839,36536
33288,24876,36708
33024,24873,36548
32836,24861,36756
32820,24830,36476
32864,24807,36623
32920,24779,36597
32840,24767,36662
32800,24785,36501
32888,24807,36639
32956,24836,36630
32965,24863,36612
32901,24873,36513
32912,24855,36563
33010,24823,36471
33056,24807,36439
33000,24773,36308
32904,24772,36553
32917,24780,36315
32888,24797,36359
32896,24836,36335
32848,24864,36465
32820,24871,36180
32796,24853,36261
32828,24825,36269
32924,24799,36298
32852,24769,36393
32660,24765,36172
32553,24783,36234
32604,24801,36140
32764,24828,36185
33036,24850,36068
33200,24867,36057
33232,24852,36025
33096,24827,36108
32916,24799,36069
32748,24767,35964
32684,24761,35815
32669,24777,35980
32720,24806,35911
32744,24823,35949
32813,24853,35879
32920,24861,35925
32780,24846,35924
32724,24820,35897
32672,24793,35941
32532,24756,35847
32293,24752,35847
32205,24772,35807
32333,24799,35847
32444,24824,35757
32572,24855,35810
32676,24853,35497
32676,24839,35580
32492,24818,35592
32305,24781,35574
32160,24761,35412
32164,24753,35522
32188,24771,35485
32340,24797,35573
32365,24826,35585
32420,24852,35405
32525,24848,35524
32580,24838,35415
32548,24807,35359
32552,24779,35460
32544,24751,35416
32500,24747,35297
32468,24769,35386
32533,24793,35440
32640,24820,35132
32884,24855,35271
32964,24855,35335
32892,24826,35303
32664,24807,35358
32542,24781,35124
32492,24748,35271
32429,24746,35292
32584,24764,35214
32780,24785,35197
32972,24809,34984
33092,24844,35079
33088,24843,35113
33076,24831,34935
33060,24801,35124
33000,24773,34911
32948,24745,35095
32996,24742,35156
33092,24756,35076
33181,24788,34886
33212,24813,35021
33276,24844,34871
33180,24849,34957
33137,24830,34932
33080,24804,34938
32888,24767,34951
32856,24743,35040
32920,24751,35103
33008,24757,34823
33180,24787,34986
33296,24813,35029
33360,24838,35085
33348,24839,35005
33240,24821,34951
33085,24799,34932
33084,24773,35013
33096,24749,34928
33060,24740,34902
32984,24753,35031
33032,24779,34973
33310,24811,34876
33441,24836,34932
33372,24839,34932
33208,24820,35051
33064,24790,35071
32942,24763,34933
32996,24737,35052
33088,24740,35105
33216,24756,34831
33292,24777,35014
33272,24805,34937
33257,24834,35058
33112,24834,35118
32928,24815,35079
32887,24793,34992
32956,24757,34976
33012,24727,35079
33064,24727,35140
33076,24741,34903
33216,24772,35156
33336,24801,34959
33312,24821,35041
33086,24828,35039
32996,24805,35041
33020,24782,35003
33049,24757,35126
33144,24721,34975
33292,24725,35167
33376,24739,35185
33424,24769,35144
33400,24793,35136
33280,24819,35007
33076,24820,35227
32932,24799,35207
32844,24778,35121
32888,24758,35317
32940,24721,35216
33077,24714,35063
33337,24735,35303
33644,24756,35239
33872,24785,35069
34057,24815,35310
34144,24811,35199
34136,24794,35296
34252,24769,35324
34576,24730,35321
34964,24709,35206
35068,24711,35389
35148,24725,35351
35176,24753,35395
35264,24779,35373
35520,24813,35335
35604,24805,35357
35188,24804,35373
34548,24774,35272
34340,24750,35316
34104,24727,35180
33964,24733,35424
33414,24745,35429
32096,24769,35491
31354,24800,35468
31288,24829,35401
30728,24823,35399
30348,24807,35384
30510,24775,35425
31040,24748,35328
31436,24724,35630
31680,24713,35557
31972,24732,35660
32221,24757,35623
32396,24780,35516
32510,24802,35614
32565,24808,35629
32512,24796,35668
32589,24764,35698
32576,24719,35694
32492,24703,35694
32480,24708,35725
32576,24721,35641
32641,24741,35665
32712,24772,35541
32832,24801,35743
32912,24805,35580
32872,24782,35700
32690,24747,35717
32440,24721,35825
32216,24698,35722
32239,24696,35759
32446,24711,35773
32808,24733,35876
33148,24767,35988
33212,24791,35932
33064,24785,35925
32876,24775,35901
32780,24748,35961
32788,24716,35993
32848,24687,35940
32896,24687,35983
32936,24713,35975
32980,24732,36031
33008,24761,35897
33024,24781,36143
32960,24789,35898
32912,24773,36183
32944,24740,35919
32936,24709,36137
32932,24687,36132
32968,24679,36183
33032,24695,36252
33081,24724,35940
33112,24748,36257
33128,24780,36166
33116,24781,36113
32976,24751,36143
32772,24732,36047
32724,24709,36039
32800,24679,36101
32804,24668,36052
32784,24699,35980
32788,24725,35863
32776,24749,35929
32808,24770,35856
32857,24772,35993
32736,24751,35984
32721,24724,35968
32836,24694,35832
32944,24674,35732
33072,24665,35809
33353,24687,35784
33525,24714,35836
33476,24751,35869
33276,24762,35860
33108,24767,35905
33065,24742,35820
33062,24725,35828
33092,24684,35572
33076,24665,35807
33004,24663,35676
32972,24685,35767
33100,24700,35767
33148,24735,35659
33140,24764,35750
32968,24764,35645
32832,24730,35663
33064,24708,35703
33157,24684,35767
33229,24647,35828
33344,24649,35783
33288,24669,35740
33353,24700,35692
33476,24730,35780
33584,24751,35638
33444,24751,35743
33212,24733,35739
32956,24702,35847
32820,24677,35900
32764,24651,35917
32796,24653,36021
32716,24666,35755
32684,24697,35881
32704,24725,35957
32772,24751,35994
32952,24748,36068
32881,24725,35792
32712,24701,35932
32536,24676,35908
32416,24647,35992
32302,24644,36037
32396,24665,36022
32548,24689,36004
32616,24719,35965
32480,24741,36033
32417,24743,35968
32400,24725,36088
32288,24697,36101
32032,24665,35886
31932,24645,36124
31860,24644,35903
32168,24661,36201
32408,24680,36157
32781,24715,36092
32840,24738,36086
32796,24743,35917
32624,24711,36167
32588,24689,36124
32672,24657,36172
32984,24639,36103
33196,24642,36015
33144,24653,36119
33092,24685,36119
33296,24708,36157
33385,24737,35874
33364,24734,36183
33252,24711,36112
33124,24687,36119
33044,24657,36102
32916,24629,35975
32924,24632,36187
32953,24644,36103
33076,24673,35985
33156,24704,35975
33080,24730,35856
32956,24724,36127
32920,24705,36068
32908,24676,35953
32916,24653,36036
32896,24626,36127
32936,24631,36016
33017,24645,35922
33068,24671,35957
33076,24711,36005
32984,24721,35975
32912,24724,35975
32816,24703,35862
32788,24674,35844
32784,24641,35927
32712,24616,36020
32804,24626,35928
32804,24641,35858
32848,24676,35793
32912,24698,35725
33064,24725,35831
33228,24719,35717
33197,24699,35781
33032,24667,35724
32890,24633,35898
32852,24610,35855
32892,24615,35674
32972,24641,35930
33141,24673,35852
33148,24706,35751
33216,24718,35733
33349,24709,35695
33428,24687,35696
33377,24661,35674
33216,24639,35758
33108,24612,35807
33036,24617,35764
33188,24641,35697
33368,24658,35708
33420,24694,35532
33450,24704,35750
33284,24708,35660
33068,24684,35660
32946,24660,35624
32980,24622,35516
32968,24610,35561
32805,24613,35584
32636,24626,35439
32628,24650,35289
32728,24679,35534
32872,24705,35417
32940,24698,35263
32794,24685,35361
32596,24661,35172
32556,24623,35420
32660,24605,35365
32804,24599,35311
33024,24635,35309
33069,24657,35200
33204,24686,35228
33328,24703,35026
33328,24700,35301
33196,24676,35004
33052,24647,35172
32992,24617,34932
33016,24604,35014
33056,24600,35079
32992,24620,35086
32880,24655,35108
32837,24677,35017
32784,24693,34969
32904,24690,34940
32888,24676,34800
32736,24641,34807
32540,24619,34665
32376,24593,34892
32312,24591,34791
32380,24615,34810
32768,24645,34733
33144,24664,34600
33145,24685,34631
33108,24684,34485
32864,24663,34503
32756,24634,34528
32636,24613,34468
32525,24583,34441
32553,24583,34428
32644,24615,34385
32700,24636,34380
32900,24668,34290
32920,24680,34164
32893,24682,34205
32904,24655,34199
32821,24636,34125
32728,24604,33948
32685,24578,33925
32628,24582,33809
32748,24607,33878
32926,24624,33749
32910,24669,33928
32825,24677,33687
32636,24673,33789
32440,24647,33752
32353,24629,33580
32368,24593,33717
32613,24572,33656
32872,24575,33679
32902,24594,33593
32936,24624,33415
32996,24661,33576
33008,24666,33477
33036,24674,33309
32960,24651,33447
32844,24617,33394
32820,24583,33359
32776,24568,33241
32844,24568,33111
32860,24595,33261
32888,24618,33240
32932,24654,33143
33104,24663,33220
33224,24669,33008
33172,24644,33111
33040,24620,33048
33096,24583,33137
33056,24559,33021
33044,24562,33069
33076,24589,33108
33156,24612,32923
33196,24651,33133
33212,24663,33065
33172,24657,32984
33144,24634,32932
33038,24617,32844
32880,24575,33063
32788,24559,32896
32704,24564,32992
32684,24590,32838
32844,24612,32871
33016,24645,32957
33094,24671,32804
33152,24652,32869
33056,24628,32916
32972,24601,32901
32870,24573,32775
32748,24553,32877
32553,24562,32764
32484,24583,32774
32502,24607,32836
32612,24644,32860
32768,24656,32804
32840,24649,32657
32724,24624,32759
32536,24602,32801
32448,24569,32807
32348,24550,32761
32405,24556,32574
32436,24583,32735
32609,24594,32700
32832,24639,32581
32976,24647,32676
32980,24637,32527
32856,24625,32609
32792,24593,32508
32800,24559,32620
32764,24537,32538
32760,24548,32572
32792,24570,32512
32781,24598,32588
32724,24627,32495
32774,24646,32714
32872,24639,32668
32980,24620,32641
33132,24583,32644
33004,24544,32518
32736,24536,32684
32720,24540,32671
32924,24565,32549
33280,24591,32570
33660,24613,32514
33800,24631,32657
33852,24624,32680
34000,24606,32580
34124,24572,32623
34104,24543,32545
34140,24534,32681
34224,24535,32537
34452,24551,32596
34544,24580,32497
34684,24618,32712
34720,24626,32631
34656,24617,32503
34724,24607,32677
34772,24569,32643
34568,24548,32466
34164,24541,32561
34012,24546,32615
33912,24572,32628
33844,24603,32557
33508,24642,32417
32344,24654,32577
31205,24647,32564
30864,24616,32457
30460,24596,32541
30056,24561,32550
30288,24547,32409
30905,24544,32421
31432,24563,32340
31728,24596,32546
31984,24623,32487
32296,24631,32340
32484,24622,32471
32604,24603,32471
32684,24577,32364
32560,24539,32368
32389,24520,32260
32348,24524,32456
32481,24549,32226
32548,24582,32437
32680,24613,32383
32788,24621,32213
32852,24612,32239
32824,24591,32159
32704,24557,32369
32720,24537,32287
32536,24519,32108
32476,24521,32309
32585,24548,32260
32753,24577,32088
32964,24612,32204
33061,24612,32213
33144,24613,32060
33194,24583,32180
33160,24556,32050
32996,24521,32188
32780,24513,32181
32696,24513,32159
32812,24545,32177
32896,24560,32174
33040,24604,32180
33117,24610,32196
33116,24607,32007
33068,24583,32069
33032,24552,32159
32964,24508,32195
32884,24495,32231
32872,24511,32209
32896,24541,32260
32985,24561,32226
33049,24599,32199
33096,24600,32216
33016,24598,32093
32888,24577,32188
32780,24540,32273
32768,24508,32287
32804,24503,32217
32844,24517,32160
32828,24524,32245
32836,24553,32335
32908,24597,32386
33072,24597,32364
33168,24600,32228
33224,24570,32367
33236,24533,32424
33140,24505,32364
33028,24503,32336
32996,24508,32310
33140,24529,32437
33220,24555,32334
33280,24583,32517
33253,24597,32383
33140,24589,32628
32984,24549,32609
33056,24535,32608
33122,24503,32644
33240,24494,32561
33388,24501,32769
33508,24520,32775
33696,24551,32708
33728,24579,32788
33576,24600,32724
33388,24577,32894
33280,24565,32793
33256,24535,33040
33246,24493,33064
33250,24485,33170
33328,24492,32986
33412,24512,33148
33400,24551,33138
33392,24582,33222
33442,24583,33253
33452,24583,33326
33409,24562,33294
33292,24527,33447
33228,24490,33515
33202,24483,33660
33200,24492,33767
33232,24509,33575
33308,24541,33829
33432,24575,33853
33422,24583,33844
33344,24573,33934
33204,24551,33943
33020,24524,33945
32916,24492,33948
32804,24482,34013
32804,24485,34112
32836,24508,34216
32935,24540,34285
33004,24577,34293
33008,24580,34399
32940,24569,34376
32920,24548,34309
32836,24519,34380
32732,24486,34494
32676,24487,34464
32664,24488,34564
32768,24510,34566
32864,24540,34628
32940,24571,34722
33077,24583,34700
33113,24567,34735
33004,24549,34769
32796,24519,34823
32596,24485,34817
32600,24477,34832
32644,24487,34778
32740,24511,34695
32764,24532,34887
32729,24580,34884
32792,24580,34980
32892,24573,34927
32920,24543,35041
33036,24517,35094
33196,24484,34896
33232,24487,35079
33334,24485,35055
33432,24513,35172
33432,24535,35103
33400,24572,35146
33360,24583,35165
33352,24575,35239
33304,24548,35316
33292,24519,35388
33268,24487,35444
33304,24476,35441
33272,24492,35453
33308,24519,35501
33348,24535,35590
33320,24565,35372
33384,24574,35594
33420,24566,35684
33412,24542,35421
33260,24523,35685
33144,24484,35565
33104,24471,35637
33164,24488,35756
33272,24513,35775
33424,24540,35867
33456,24569,35835
33484,24577,35812
33512,24574,35869
33432,24545,35956
33336,24518,35692
33272,24488,35933
33324,24474,36020
33404,24482,36001
33373,24508,35948
33428,24541,35969
33524,24565,36065
33561,24572,36182
33565,24567,35898
33533,24542,36060
33480,24512,36022
33304,24479,36127
33154,24476,36122
33144,24482,36214
33157,24505,36244
33172,24535,36268
33274,24570,36359
33292,24577,36294
33241,24567,36207
33300,24538,36274
33232,24509,36341
33024,24478,36287
32941,24472,36375
32900,24479,36392
33016,24508,36245
33176,24535,36298
33262,24565,36308
33289,24577,36415
33164,24561,36521
33032,24540,36455
32928,24509,36548
32868,24481,36468
32892,24476,36537
33014,24478,36500
33056,24510,36483
33204,24535,36293
33352,24564,36596
33472,24580,36300
33488,24565,36516
33473,24540,36596
33368,24511,36577
33248,24479,36636
33104,24469,36589
33056,24487,36575
33012,24508,36503
33096,24532,36519
33156,24560,36604
33244,24582,36629
33300,24551,36588
33228,24539,36588
33153,24509,36648
33228,24478,36544
33196,24469,36743
33224,24487,36592
33272,24509,36673
33328,24535,36552
33432,24564,36651
33448,24572,36436
33316,24557,36571
33216,24541,36532
33056,24507,36670
32992,24481,36471
32916,24459,36645
32857,24477,36572
32828,24504,36596
32824,24535,36677
32940,24571,36744
33128,24570,36684
33258,24557,36743
33221,24540,36612
33036,24510,36674
32900,24476,36716
32912,24468,36661
32964,24483,36615
33080,24500,36653
33096,24528,36556
33076,24573,36560
33156,24568,36447
33162,24561,36636
33120,24527,36719
33041,24505,36653
32929,24473,36609
32848,24471,36588
32932,24479,36528
33084,24513,36620
33236,24529,36385
33332,24561,36548
33372,24567,36568
33333,24563,36501
33252,24535,36460
33128,24504,36532
33017,24476,36421
32980,24461,36486
33060,24479,36485
33141,24500,36589
33196,24532,36644
33152,24567,36356
33120,24580,36487
33020,24565,36612
32924,24532,36580
32920,24513,36469
32888,24479,36537
32880,24463,36599
32888,24487,36685
32925,24511,36377
33044,24533,36486
33132,24565,36678
33200,24574,36356
33156,24561,36568
33064,24534,36661
32968,24509,36632
32916,24479,36676
32956,24470,36653
33105,24487,36756
33128,24517,36594
33208,24532,36663
33180,24560,36460
33172,24575,36588
33120,24559,36612
33096,24528,36729
32922,24508,36814
32744,24473,36498
32640,24468,36696
32652,24482,36683
32864,24514,36806
33045,24536,36863
33104,24575,36727
33210,24561,36828
33328,24540,36863
33348,24531,36739
33268,24503,36892
33136,24466,36985
32997,24458,36688
32964,24480,36934
32980,24493,36888
32944,24537,37036
32932,24553,36867
32944,24567,37006
32984,24549,37060
32896,24524,37025
32924,24497,37069
32956,24470,37164
32977,24458,36839
32968,24481,37076
32964,24508,37151
32988,24535,36896
33070,24567,37159
33113,24564,37284
33088,24567,37190
32965,24520,37143
32800,24496,37208
32772,24471,36996
32720,24463,37208
32760,24477,37282
33008,24502,37288
33356,24527,37212
33732,24569,37239
34032,24564,37338
34156,24548,37455
34188,24516,37265
34316,24497,37399
34416,24466,37447
34568,24460,37157
34876,24476,37410
34912,24499,37542
34692,24524,37365
34624,24565,37460
34532,24562,37508
34161,24559,37255
33920,24541,37415
33720,24521,37543
33524,24489,37292
33444,24491,37631
32652,24503,37330
31460,24529,37674
31183,24561,37367
31160,24583,37498
30533,24594,37476
30205,24581,37722
30308,24551,37639
30792,24522,37734
31118,24489,37412
31440,24477,37813
31776,24495,37706
32041,24517,37772
32248,24549,37527
32480,24570,37731
32624,24578,37865
32727,24564,37788
32721,24533,37862
32644,24515,37801
32513,24479,37892
32361,24471,37524
32381,24484,37751
32364,24509,37876
32540,24543,37543
32772,24567,37711
32980,24574,37745
33074,24552,37718
32984,24531,37769
32912,24501,37815
32820,24473,37919
32708,24469,37596
32612,24480,37687
32520,24506,37793
32521,24535,37775
32504,24556,37676
32412,24568,37740
32276,24549,37791
32100,24530,37752
32114,24506,37711
32136,24471,37780
32132,24471,37668
32268,24487,37767
32357,24500,37743
32461,24539,37713
32704,24559,37591
32788,24563,37669
32752,24547,37776
32588,24528,37653
32512,24501,37716
32492,24468,37492
32460,24465,37556
32477,24476,37592
32512,24503,37500
32448,24533,37534
32570,24561,37383
32676,24568,37249
32784,24556,37241
32696,24525,37223
32552,24503,37193
32428,24468,37136
32452,24466,37085
32608,24476,37012
32796,24503,37028
33008,24532,36623
33148,24552,36719
33132,24560,36686
32984,24545,36612
32940,24524,36568
32900,24489,36486
32868,24457,36504
32913,24457,36081
32976,24474,36215
33002,24495,36220
33126,24532,36064
33256,24559,35890
33128,24554,35916
32841,24549,35656
32700,24524,35700
32704,24494,35692
32696,24468,35414
32652,24464,35447
32678,24475,35325
32776,24502,35156
32996,24524,35141
33121,24555,34966
33040,24559,34908
32908,24545,34782
32696,24525,34720
32608,24503,34573
32580,24463,34605
32586,24455,34364
32704,24474,34556
32895,24492,34207
32992,24533,34335
32768,24559,34068
32608,24559,34055
32388,24548,33935
32300,24523,33916
32400,24497,33932
32368,24465,33695
32296,24455,33708
32248,24476,33604
32256,24502,33583
32344,24527,33528
32436,24562,33415
32456,24557,33300
32430,24535,33241
32368,24515,33159
32348,24489,32881
32192,24464,32948
32088,24460,32838
32012,24483,32799
31972,24503,32604
32120,24535,32493
32224,24556,32481
32244,24566,32345
32204,24545,32319
32061,24519,32133
31952,24485,32082
31888,24466,31879
31848,24463,31917
31844,24483,31793
31912,24503,31744
31988,24532,31664
32088,24561,31551
32108,24565,31439
32268,24551,31212
32288,24523,31255
32149,24494,31219
31944,24466,30939
31888,24460,30913
31996,24477,30780
32216,24497,30831
32508,24535,30775
32744,24555,30505
32768,24560,30493
32658,24540,30349
32440,24521,30319
32252,24496,30215
32152,24463,30239
32149,24463,30096
32224,24478,30105
32278,24505,29948
32252,24542,29951
32304,24560,29884
32300,24561,29713
32320,24548,29758
32485,24516,29576
32560,24489,29520
32564,24466,29388
32500,24471,29467
32377,24477,29351
32288,24503,29345
32308,24532,29229
32288,24560,29031
32128,24565,29110
31896,24551,29042
31788,24516,28980
31844,24491,28904
31988,24463,28708
32108,24455,28737
32296,24480,28588
32512,24505,28637
32612,24528,28568
32702,24551,28485
32646,24554,28446
32428,24543,28340
32264,24514,28180
32116,24493,28166
32120,24462,28042
32172,24469,28111
32231,24478,27980
32302,24504,27978
32577,24530,27828
32884,24556,27869
32992,24567,27640
32992,24549,27720
32996,24517,27541
32788,24499,27632
32293,24454,27452
32024,24463,27519
32004,24479,27433
32080,24500,27312
32232,24534,27285
32464,24563,27134
32648,24554,27149
32736,24537,27013
32668,24518,27072
32572,24487,26906
32468,24462,26964
32385,24460,26796
32364,24477,26896
32300,24511,26779
32256,24532,26615
32225,24556,26740
32352,24557,26663
32484,24537,26519
32448,24516,26523
32236,24495,26375
32156,24455,26476
32188,24461,26448
32296,24482,26256
32528,24506,26314
32716,24538,26172
32708,24556,26247
32636,24565,26149
32580,24535,26185
32526,24511,26156
32425,24487,25948
32248,24461,26057
32052,24463,25884
31780,24479,25972
31824,24502,25852
32100,24538,25917
32366,24556,25913
32556,24556,25759
32396,24537,25814
32204,24519,25796
32128,24489,25620
31928,24463,25732
31868,24455,25695
31992,24478,25588
32156,24497,25588
32184,24532,25496
32292,24556,25519
32268,24558,25440
32232,24541,25468
32228,24518,25421
32169,24484,25344
32013,24463,25405
31893,24449,25358
31845,24476,25270
31818,24501,25262
31896,24532,25190
31944,24548,25179
32016,24556,25176
32000,24543,25064
31936,24514,25082
31916,24487,24989
31817,24460,25022
31816,24454,24905
32032,24473,24965
32300,24502,24860
32450,24541,24913
32608,24563,24860
32652,24551,24733
32536,24533,24772
32272,24511,24764
32082,24485,24732
32082,24461,24694
32132,24463,24548
32204,24476,24603
32408,24500,24477
32532,24532,24544
32604,24558,24541
32653,24549,24399
32367,24535,24447
31924,24522,24348
31676,24482,24379
31724,24463,24359
31976,24455,24244
32452,24476,24335
32756,24501,24305
32801,24525,24295
32761,24555,24231
32592,24557,24245
32276,24540,24231
32037,24512,24209
31752,24480,24193
31584,24455,24113
31592,24461,24128
31776,24473,24054
31992,24500,24139
32104,24538,24126
32237,24554,24057
32268,24557,24094
32176,24535,24100
31984,24519,24004
31744,24485,24062
31618,24455,24004
31696,24455,24080
31992,24468,24079
32328,24492,24020
32420,24519,24054
32540,24554,23975
32392,24549,24052
32228,24532,23972
32172,24503,24080
32064,24475,24093
31948,24450,24007
31825,24455,24100
31789,24471,24076
31862,24493,24005
31961,24527,24118
32076,24545,24113
32104,24554,24021
32084,24526,24125
32052,24500,24093
32136,24471,24166
32108,24449,24160
32248,24455,24199
32284,24468,24121
32204,24495,24223
32348,24525,24134
32632,24537,24252
32880,24535,24207
33140,24519,24295
33429,24495,24226
33536,24461,24331
33540,24439,24324
33520,24440,24405
33640,24465,24413
33996,24484,24444
34408,24519,24452
34948,24536,24388
35264,24540,24514
35288,24525,24505
35156,24503,24577
34972,24469,24569
34684,24445,24697
34684,24450,24679
34800,24476,24773
34760,24500,24773
34392,24533,24872
33209,24558,24903
31941,24554,24844
31636,24549,24976
31020,24517,24980
30065,24493,25129
29599,24468,25172
29992,24471,25188
30540,24482,25265
30848,24503,25249
30912,24533,25455
31110,24551,25512
31360,24550,25468
31620,24529,25592
31872,24501,25540
31860,24471,25752
31806,24445,25780
31812,24453,25844
31976,24465,25870
32100,24492,25934
32084,24521,25974
32004,24537,26112
31928,24543,26047
31756,24524,26217
31728,24492,26262
31738,24460,26343
31820,24433,26396
31973,24443,26393
32172,24455,26452
32276,24481,26398
32152,24509,26616
32016,24541,26681
32020,24535,26660
32068,24509,26783
32212,24487,26710
32164,24463,26861
31956,24439,26853
31860,24436,26987
31773,24460,26961
31724,24491,27071
31961,24516,27051
32112,24535,27175
32221,24527,27140
32256,24513,27308
32156,24484,27244
32096,24455,27432
32029,24433,27334
31973,24439,27530
31968,24448,27542
32005,24479,27612
32064,24510,27519
32165,24526,27702
32252,24534,27584
32224,24509,27668
32096,24489,27650
31928,24455,27799
31696,24436,27829
31644,24431,27855
31780,24453,27857
31894,24476,27885
32116,24509,27887
32233,24522,27885
32330,24520,27919
32388,24503,27926
32430,24479,27780
32424,24454,27945
32460,24436,27941
32412,24436,27796
32356,24448,27991
32281,24481,27993
32284,24508,27877
32404,24523,27951
32500,24525,27886
32533,24505,28005
32397,24480,27896
32129,24449,28047
32009,24423,27985
31997,24433,28103
32136,24444,28132
32192,24451,28137
32172,24503,28133
31928,24519,28159
31820,24521,28125
31944,24503,28017
32141,24470,28146
32244,24442,28069
32332,24423,28185
32325,24421,28167
32332,24445,28221
32341,24468,28232
32368,24503,28228
32349,24522,28148
32344,24517,28242
32248,24499,28252
32148,24471,28268
32108,24447,28288
31992,24427,28264
31961,24423,28267
31992,24438,28157
31992,24465,28303
31964,24499,28245
31912,24516,28173
31836,24516,28308
31668,24492,28330
31448,24467,28353
31392,24439,28369
31385,24418,28244
31440,24425,28308
31532,24447,28232
31673,24460,28401
31724,24497,28389
31664,24511,28333
31592,24518,28377
31604,24495,28304
31580,24468,28486
31617,24435,28502
31776,24414,28451
31772,24421,28504
31648,24444,28410
31568,24475,28584
31604,24493,28563
31924,24517,28652
32224,24516,28678
32220,24495,28542
31972,24468,28629
31800,24439,28600
31676,24425,28679
31765,24421,28693
31980,24446,28719
32148,24471,28820
32260,24505,28724
32381,24527,28894
32440,24516,28798
32405,24500,28951
32380,24471,28932
32356,24440,29009
32316,24420,29022
32308,24423,29095
32426,24452,29068
32500,24468,28996
32580,24502,29186
32562,24525,29232
32504,24514,29112
32424,24510,29270
32336,24471,29204
32332,24453,29345
32304,24427,29372
32256,24421,29281
32281,24445,29461
32309,24470,29496
32324,24506,29364
32396,24527,29561
32368,24516,29604
32188,24506,29491
31996,24483,29565
31828,24452,29619
31701,24422,29733
31792,24425,29668
31968,24445,29828
32088,24473,29703
32036,24506,29841
32117,24525,29935
32287,24522,29801
32492,24503,29857
32552,24479,30002
32384,24452,30093
32344,24429,29961
32412,24427,30062
32540,24445,30118
32448,24468,30105
32276,24513,30218
32092,24526,30228
32133,24525,30327
32437,24500,30265
32644,24471,30263
32692,24439,30279
32608,24417,30437
32600,24427,30436
32676,24452,30493
32780,24482,30397
32724,24507,30598
32709,24516,30659
32736,24522,30524
32756,24506,30666
32596,24471,30545
32412,24444,30715
32328,24416,30791
32328,24431,30620
32440,24447,30805
32568,24474,30860
32696,24509,30705
32780,24520,30888
32753,24517,30847
32648,24500,30780
32536,24471,30917
32437,24433,30989
32384,24429,31020
32396,24423,31056
32448,24454,31069
32561,24477,30986
32692,24507,30997
32676,24518,31140
32592,24513,31153
32452,24501,31033
32316,24479,31176
32244,24445,31201
32184,24423,31274
32316,24429,31292
32476,24442,31190
32612,24464,31331
32628,24506,31213
32609,24533,31420
32420,24511,31449
32232,24489,31495
32144,24471,31330
32104,24435,31516
32144,24423,31551
32206,24421,31598
32329,24444,31662
32516,24470,31492
32700,24503,31625
32800,24524,31556
32860,24516,31727
32792,24492,31774
32648,24468,31815
32405,24437,31877
32212,24420,31704
32116,24422,31833
32084,24442,31826
32196,24468,31973
32372,24500,31884
32540,24520,31935
32536,24513,31920
32508,24495,32078
32440,24457,31985
32404,24447,32062
32420,24414,32007
32488,24415,32263
32576,24444,32261
32700,24468,32289
32816,24503,32326
32841,24519,32198
32745,24510,32296
32616,24488,32235
32528,24456,32444
32536,24428,32304
32665,24420,32532
32864,24421,32543
32833,24446,32500
32820,24468,32564
32752,24505,32486
32784,24519,32652
32884,24506,32507
32784,24483,32708
32680,24460,32744
32620,24436,32636
32656,24415,32839
32752,24412,32843
32776,24428,32737
32820,24461,32866
32861,24495,32764
32933,24504,33017
32946,24503,32969
32789,24472,32850
32800,24452,33110
32736,24422,33093
32656,24411,33188
32620,24405,33009
32613,24429,33108
32700,24460,33063
32792,24488,33221
32832,24500,33180
32772,24500,33298
32748,24479,33193
32820,24442,33402
32788,24420,33316
32656,24402,33492
32505,24396,33591
32424,24424,33572
32500,24450,33598
32644,24484,33600
32748,24500,33532
32768,24485,33692
32701,24468,33796
32680,24443,33748
32677,24420,33636
32600,24393,33911
32548,24404,33865
32648,24414,33721
32740,24447,33958
32765,24479,33991
32720,24495,33942
32660,24485,33958
32704,24461,33889
32856,24439,34183
32953,24409,34153
33168,24384,34204
33432,24396,34191
33736,24410,34100
33934,24439,34244
33988,24479,34273
34132,24481,34242
34485,24479,34239
34720,24460,34376
34988,24431,34413
35068,24399,34447
35024,24381,34421
35108,24390,34482
35168,24413,34519
35076,24439,34551
34932,24485,34576
34848,24500,34471
34772,24484,34592
34684,24464,34627
34332,24454,34687
33092,24425,34640
32152,24404,34684
32008,24407,34665
31404,24430,34797
30724,24458,34743
30664,24487,34876
31140,24493,34956
31569,24492,34965
31820,24463,35055
31942,24436,35031
32100,24399,34904
32176,24388,35156
32148,24397,34917
32230,24405,35199
32420,24441,34996
32524,24467,35306
32560,24484,35092
32592,24472,35372
32552,24448,35110
32448,24423,35276
32348,24391,35349
32316,24373,35466
32412,24378,35564
32512,24396,35301
32608,24422,35535
32756,24459,35549
32868,24468,35637
32888,24460,35591
32800,24431,35668
32632,24413,35516
32508,24376,35808
32384,24348,35815
32544,24372,35914
32804,24399,35644
32832,24423,35841
32885,24452,35907
32988,24455,35940
33100,24449,35815
33124,24423,36093
32993,24399,36143
32804,24361,36196
32664,24359,36173
32612,24359,36149
32644,24385,36260
32784,24418,36212
32784,24436,36343
32828,24452,36428
32872,24432,36408
32828,24428,36383
32720,24397,36339
32684,24357,36265
32704,24349,36463
32664,24357,36232
32676,24376,36572
32705,24404,36517
32800,24443,36607
32860,24439,36273
32756,24446,36404
32694,24418,36423
32704,24389,36421
32708,24357,36333
32780,24342,36501
32884,24345,36260
32972,24374,36482
33048,24396,36479
33052,24433,36551
33080,24437,36461
33008,24433,36535
32936,24411,36460
32808,24385,36476
32750,24357,36411
32672,24335,36359
32646,24342,36296
32808,24361,36188
32940,24384,36324
33074,24421,36140
33199,24437,36348
33256,24420,36359
33352,24405,36325
33472,24369,36294
33556,24341,36149
33493,24324,36295
33272,24340,36094
33136,24363,36278
33064,24391,36181
33212,24409,36225
33414,24431,36119
33480,24420,36392
33396,24388,36316
33380,24366,36417
33392,24326,36319
33348,24321,36229
33396,24324,36098
33544,24347,36413
33721,24379,36332
33812,24417,36404
33812,24417,36321
33748,24405,36236
33538,24389,36224
33412,24359,36084
33396,24322,36407
33228,24313,36096
33052,24322,36292
33016,24348,36095
33113,24367,36304
33220,24407,36212
33181,24406,36247
33077,24404,36221
32984,24374,36320
32880,24351,36365
32840,24315,36324
32884,24309,36349
32904,24319,36317
33008,24340,36348
33121,24364,36298
33204,24401,36383
33260,24409,36047
33204,24396,36244
33097,24373,36113
32948,24351,36146
32812,24312,36076
32820,24297,36148
32869,24305,36113
32924,24333,36184
33004,24361,36284
33064,24388,35992
33101,24401,36140
33152,24391,36194
33224,24369,36157
33269,24342,36126
33284,24306,36031
33204,24301,36029
33184,24303,36012
33245,24327,36018
33336,24359,35992
33388,24389,36052
33408,24396,36015
33516,24388,36037
33576,24364,35981
33588,24344,36040
33604,24309,35954
33656,24289,35973
33678,24304,35956
33528,24327,36040
33300,24356,36103
33296,24391,35806
33424,24396,36020
33580,24383,36077
33700,24361,35964
33664,24334,36029
33552,24303,35951
33456,24292,35919
33592,24295,35991
33700,24321,35892
33788,24345,35969
33796,24385,35906
33848,24387,35896
33837,24388,35760
33824,24361,35895
33768,24327,35901
33644,24296,35738
33524,24286,36014
33640,24297,35976
33800,24319,35968
33964,24335,35885
33969,24372,35745
33948,24385,36005
33828,24371,35732
33720,24349,36040
33688,24327,35985
33622,24289,35901
33596,24279,35871
33592,24290,35876
33648,24316,35945
33757,24341,35897
33920,24378,35978
33936,24393,36061
33808,24361,35776
33624,24340,36061
33492,24313,35724
33412,24284,35860
33476,24278,35936
33525,24281,35941
33574,24305,35837
33568,24340,35847
33612,24364,35945
33680,24374,35981
33668,24364,35943
33572,24343,35824
33444,24311,35854
33353,24277,35869
33448,24261,35805
33572,24268,35847
33676,24297,35656
33644,24321,35816
33556,24361,35810
33524,24375,35865
33505,24353,35876
33482,24327,35872
33397,24307,35949
33248,24272,35621
33180,24257,35873
33216,24271,35860
33326,24297,35852
33460,24318,35807
33480,24350,35612
33468,24359,35896
33388,24348,35829
33239,24326,35724
33176,24298,35801
33200,24260,35827
33240,24257,35813
33204,24268,35870
33240,24285,35569
33405,24309,35757
33444,24348,35564
33342,24358,35842
33200,24341,35781
33144,24315,35820
33028,24295,35731
33016,24254,35644
33082,24244,35636
33126,24265,35508
33288,24281,35672
33452,24303,35725
33652,24333,35674
33568,24346,35617
33356,24335,35570
33316,24309,35661
33268,24286,35456
33232,24254,35736
33200,24239,35687
33056,24257,35700
33061,24273,35674
33148,24300,35725
33412,24342,35544
33642,24346,35609
33630,24333,35495
33524,24307,35623
33336,24283,35615
33084,24252,35361
32948,24239,35532
32908,24254,35573
33000,24279,35573
33086,24295,35638
33264,24332,35537
33444,24335,35560
33492,24333,35309
33512,24301,35420
33456,24284,35364
33336,24240,35476
33312,24231,35557
33364,24247,35477
33460,24263,35501
33462,24297,35463
33404,24327,35351
33324,24340,35463
33224,24321,35472
33140,24295,35444
33085,24268,35436
32952,24238,35428
32884,24223,35431
32916,24236,35425
32868,24271,35385
32908,24297,35428
32978,24319,35484
33024,24327,35431
33088,24318,35412
33184,24287,35444
33112,24263,35476
32980,24235,35455
32949,24220,35537
32932,24232,35457
33030,24259,35549
33134,24285,35471
33133,24308,35509
33184,24312,35375
33196,24308,35488
33180,24280,35541
33124,24258,35281
32964,24231,35508
32892,24207,35376
32896,24229,35525
32976,24253,35588
33036,24281,35588
33008,24304,35663
32900,24313,35365
32784,24298,35497
32672,24279,35657
32692,24243,35516
32860,24210,35560
33028,24202,35556
33196,24221,35564
33404,24247,35517
33605,24265,35687
33840,24299,35697
34044,24303,35788
34172,24295,35700
34232,24261,35716
34309,24236,35630
34452,24207,35731
34652,24199,35648
34864,24215,35744
35100,24245,35654
35284,24254,35696
35512,24288,35660
35634,24301,35687
35446,24298,35591
34975,24265,35688
34645,24247,35695
34624,24222,35733
34720,24207,35780
34762,24228,35836
33984,24262,35840
32660,24279,35834
32180,24311,35783
31896,24318,35807
31088,24304,35781
30672,24272,35776
30800,24245,35702
31168,24216,35829
31480,24205,35876
31732,24213,35948
32076,24240,36045
32400,24268,35973
32660,24295,36061
32800,24302,35752
32688,24281,35911
32626,24261,35972
32648,24239,36004
32641,24195,35972
32608,24197,36012
32728,24208,36002
32866,24228,36046
32984,24257,36061
33088,24278,36103
33140,24286,36124
33224,24277,35999
33308,24253,36109
33116,24228,36192
32844,24196,35905
32652,24184,36119
32588,24198,36026
32660,24221,36116
32838,24255,36088
33036,24277,36178
33104,24276,36209
32996,24269,36201
32844,24249,36261
32712,24209,35997
32556,24181,36205
32464,24180,36260
32465,24191,36231
32480,24212,36206
32480,24236,36129
32488,24267,36156
32516,24271,36233
32524,24266,36218
32465,24228,36286
32448,24207,36189
32372,24177,36225
32444,24165,36052
32664,24176,36103
32720,24209,36136
32792,24236,36065
32801,24260,36053
32676,24264,35980
32496,24252,36012
32316,24230,35903
32176,24204,35897
32092,24169,35796
32164,24164,35800
32334,24169,35676
32528,24198,35693
32714,24230,35560
32652,24244,35481
32584,24257,35416
32578,24243,35335
32584,24225,35264
32736,24189,35191
32652,24167,34983
32509,24142,34970
32512,24165,34794
32776,24196,34733
33024,24223,34548
33338,24253,34604
33548,24260,34465
33600,24237,34400
33544,24213,34222
33484,24183,34111
33388,24158,33896
33164,24150,33961
33020,24165,33744
33100,24185,33744
33252,24215,33603
33524,24240,33317
33636,24249,33296
33580,24226,33159
33404,24209,33095
33222,24178,32944
33169,24148,32864
33296,24145,32690
33508,24156,32580
33588,24179,32397
33641,24208,32317
33629,24239,32220
33488,24237,32046
33376,24222,31924
33336,24199,31740
33280,24168,31592
33112,24136,31449
32996,24132,31320
33072,24155,31156
33188,24179,30956
33262,24205,30709
33204,24236,30708
33142,24234,30583
33110,24213,30284
33108,24191,30257
33034,24171,30112
32952,24136,29865
32948,24129,29863
32989,24143,29768
33064,24171,29508
33088,24199,29465
33044,24225,29357
32916,24231,29124
32813,24213,29126
32728,24188,29012
32748,24160,28835
32924,24125,28788
33112,24119,28679
33257,24143,28573
33262,24164,28349
33232,24199,28284
33241,24216,28220
33248,24223,28181
33124,24217,27982
33000,24181,27856
33020,24165,27845
33072,24129,27814
33064,24133,27718
32954,24136,27632
32864,24169,27458
32904,24189,27448
33120,24227,27254
33168,24220,27273
32856,24207,27192
32596,24180,27221
32516,24151,27165
32664,24130,27100
32920,24124,26884
33159,24137,26919
33416,24161,26827
33668,24189,26828
33740,24216,26740
33601,24223,26729
33224,24205,26609
33024,24173,26692
32940,24148,26600
32992,24127,26675
33156,24116,26606
33288,24133,26497
33476,24155,26605
33600,24195,26527
33597,24215,26468
33572,24216,26542
33493,24207,26495
33344,24175,26356
33278,24150,26460
33217,24122,26312
33104,24113,26464
33160,24135,26464
33229,24151,26461
33260,24183,26392
33214,24217,26312
33153,24218,26396
33206,24198,26434
33120,24175,26433
33072,24118,26460
33121,24111,26369
33116,24118,26488
33056,24133,26412
33005,24151,26548
32964,24183,26568
32968,24213,26500
32988,24204,26542
33100,24195,26469
33216,24173,26587
33181,24143,26508
33097,24122,26631
32944,24103,26596
32844,24133,26702
32844,24156,26592
32869,24178,26748
33264,24213,26703
33396,24208,26782
33176,24196,26676
33000,24164,26798
32964,24135,26796
32996,24109,26847
33140,24114,26748
33184,24116,26839
33160,24149,26863
33138,24173,26738
33136,24205,26790
33068,24209,26684
33064,24183,26831
33076,24169,26759
33028,24134,26834
32976,24110,26823
32932,24102,26741
32908,24115,26661
32964,24149,26758
33040,24184,26729
33116,24196,26714
33156,24205,26705
33156,24194,26623
33076,24167,26767
32997,24128,26774
32940,24103,26775
32952,24107,26788
32940,24117,26707
32938,24140,26719
33000,24175,26652
33060,24203,26749
33044,24210,26700
32976,24183,26858
32857,24161,26770
32784,24134,26926
32717,24104,26924
32727,24094,27007
32804,24119,26965
32868,24143,27001
32888,24175,27039
32896,24193,27132
32898,24199,27077
32840,24184,27223
32764,24161,27200
32684,24133,27388
32596,24097,27456
32716,24100,27513
32756,24119,27501
32824,24153,27479
32784,24174,27655
32916,24199,27700
33072,24199,27759
33180,24189,27836
33092,24159,27922
32908,24133,27997
32772,24108,28150
32812,24111,28248
32876,24120,28191
32748,24144,28383
32596,24172,28509
32512,24200,28436
32476,24205,28617
32676,24180,28663
32876,24159,28664
32892,24133,28929
32768,24102,28963
32664,24113,28951
32608,24120,29205
32660,24156,29205
32788,24179,29231
32884,24207,29396
32968,24205,29434
32860,24186,29644
32745,24140,29767
32628,24129,29702
32524,24105,29852
32584,24103,29912
32652,24116,30116
32736,24151,30223
32716,24185,30306
32636,24198,30333
32552,24199,30405
32492,24186,30599
32425,24163,30710
32377,24127,30793
32320,24102,30780
32352,24111,30820
32364,24125,31070
32384,24156,31151
32408,24182,31125
32460,24196,31377
32533,24199,31452
32556,24183,31401
32540,24163,31573
32524,24132,31694
32444,24108,31861
32357,24104,31988
32369,24127,31895
32500,24152,32053
32520,24183,32121
32684,24199,32365
32724,24204,32512
32672,24184,32391
32648,24164,32656
32564,24125,32813
32536,24110,32869
32732,24109,32999
32992,24120,33076
33204,24144,33209
33248,24182,33285
33404,24207,33415
33540,24197,33471
33520,24182,33448
33544,24161,33561
33684,24122,33632
33977,24105,33855
34318,24105,33850
34704,24137,34029
35004,24144,34087
35116,24175,34276
35276,24198,34255
35340,24215,34340
35164,24199,34472
35198,24166,34532
35460,24143,34749
35492,24140,34812
35384,24120,34829
34780,24154,35032
33460,24181,35189
32796,24199,35214
32530,24224,35111
31485,24231,35399
30744,24213,35541
30702,24176,35645
31044,24153,35704
31404,24131,35844
31678,24131,35975
31920,24150,36044
32221,24165,36204
32576,24197,36244
32884,24219,36230
32948,24231,36372
32960,24198,36265
32849,24185,36708
32676,24148,36453
32512,24124,36708
32504,24124,36807
32664,24137,36964
32880,24162,37036
33028,24198,37166
33024,24229,37381
32992,24225,37378
32944,24197,37505
32876,24173,37556
33009,24148,37711
32952,24124,37469
32860,24125,37692
32864,24146,37773
32956,24164,37916
32964,24199,38061
32894,24223,38231
32864,24221,38087
32872,24201,38268
32964,24173,38300
33056,24154,38415
33044,24128,38500
32993,24134,38639
33060,24148,38684
33337,24173,38801
33532,24208,38932
33476,24232,38996
33314,24229,39047
33192,24207,39044
33188,24183,39173
33204,24154,39357
33156,24135,39335
33109,24135,39397
33124,24154,39236
33184,24174,39404
33334,24214,39588
33544,24236,39300
33544,24232,39534
33504,24217,39655
33425,24189,39731
33380,24164,39886
33398,24131,39780
33452,24141,39779
33541,24165,39772
33693,24188,39876
33776,24223,39967
33840,24237,39903
33816,24230,39908
33788,24213,39884
33760,24197,39943
33705,24167,40001
33732,24146,39948
33856,24146,39904
33928,24167,40008
33964,24198,40055
33992,24223,40048
34020,24246,40189
33996,24246,40056
33916,24228,40191
33804,24191,39751
33712,24165,40028
33628,24148,39900
33596,24157,39988
33632,24169,39991
33740,24205,40004
33853,24236,40071
33928,24252,40099
34053,24252,40068
33916,24237,40181
33644,24207,40139
33503,24176,40300
33388,24164,40191
33452,24165,40317
33884,24178,40053
34132,24207,40174
34120,24235,40290
34088,24263,39884
33964,24263,40105
33872,24233,40132
33940,24199,40218
33932,24183,40244
33912,24158,40124
33805,24167,40154
33809,24188,40129
33760,24219,40140
33756,24255,40196
33668,24269,40135
33624,24260,40253
33524,24247,40095
33380,24224,40021
33216,24189,40012
33038,24172,39773
32960,24177,40076
32869,24190,39700
32788,24221,40103
32817,24260,39965
32934,24271,39868
33162,24274,39849
33404,24257,39647
33472,24230,39908
33372,24199,39618
33212,24183,39815
33072,24184,39864
33060,24199,39774
33212,24231,39829
33332,24263,39729
33496,24285,39775
33564,24285,39672
33480,24264,39724
33328,24240,39621
33248,24207,39716
33205,24193,39252
33260,24197,39413
33452,24210,39484
33661,24241,39500
33736,24269,39548
33752,24301,39452
33700,24286,39495
33812,24266,39401
33884,24238,39333
33808,24212,39486
33580,24191,39271
33448,24195,39320
33504,24215,39183
33680,24244,39302
33932,24270,38967
34024,24303,39247
34064,24292,39143
33896,24284,39092
33641,24252,39156
33436,24212,38895
33464,24199,39052
33413,24205,39097
33525,24223,39064
33812,24255,39065
33964,24279,39101
33868,24302,39100
33812,24295,38988
33868,24276,39087
33937,24263,39080
33957,24221,39160
33964,24220,39064
33972,24214,38980
34048,24233,38933
34165,24252,38968
34268,24293,38809
34320,24301,39064
34333,24303,39020
34276,24284,39088
34208,24259,38990
34160,24236,38941
34049,24207,38972
33932,24218,38919
33896,24233,39005
34008,24263,39071
34196,24294,38981
34392,24303,39093
34500,24319,38672
34484,24293,38993
34400,24263,38641
34324,24245,38954
34304,24213,38749
34188,24223,38783
34152,24245,38628
34086,24260,38982
34080,24305,38844
34008,24325,38892
33912,24308,38791
33820,24298,38751
33724,24269,38660
33812,24253,38724
33984,24222,38813
33924,24230,38662
33874,24255,38768
33984,24284,38639
34129,24304,38558
34156,24327,38455
34072,24327,38452
34032,24298,38497
33968,24276,38484
33941,24250,38441
34001,24222,38332
34120,24232,38199
34228,24253,38350
34296,24281,38023
34310,24311,38347
34332,24327,38224
34476,24327,38008
34488,24308,38213
34273,24270,37848
33906,24249,38189
33624,24235,37861
33612,24233,37924
33832,24264,37837
34088,24281,37789
34197,24313,37750
34148,24346,37844
34052,24335,37804
33973,24308,37824
33888,24284,37701
33856,24252,37765
33765,24241,37616
33860,24248,37492
33860,24267,37528
33796,24287,37228
33608,24322,37521
33600,24343,37411
33652,24333,37383
33565,24310,37324
33476,24293,37255
33296,24266,37229
33216,24237,37120
33309,24250,37015
33616,24275,36948
33828,24292,36925
33994,24332,36901
33989,24354,36845
33936,24338,36815
33928,24327,36767
33952,24301,36549
33932,24263,36828
33780,24252,36713
33726,24256,36564
33792,24284,36529
33908,24309,36376
33900,24336,36423
34012,24358,36245
34076,24361,36527
34056,24327,36401
33952,24311,36448
33888,24273,36086
33824,24263,36308
33820,24272,36108
33916,24294,36116
34056,24309,36103
34108,24352,36120
34156,24364,36129
34164,24359,35832
34196,24340,35980
34220,24313,35753
34180,24281,36001
34040,24267,35927
34025,24272,35956
34053,24292,35871
34084,24325,35761
34076,24351,35788
34028,24375,35799
33996,24365,35756
33856,24340,35773
33678,24321,35708
33569,24279,35720
33598,24271,35680
33668,24275,35684
33866,24293,35628
34012,24321,35512
34000,24350,35543
33948,24369,35500
33876,24361,35549
33741,24351,35371
33644,24312,35500
33652,24287,35400
33614,24268,35453
33516,24269,35450
33508,24300,35517
33562,24327,35417
33616,24366,35508
33596,24374,35404
33524,24367,35420
33500,24343,35286
33556,24310,35560
33748,24289,35292
33852,24271,35596
33888,24285,35514
33840,24297,35564
33780,24320,35507
33952,24357,35581
34173,24371,35498
34380,24370,35394
34624,24348,35408
34756,24319,35293
34764,24287,35533
34868,24262,35508
34876,24273,35547
34824,24309,35520
34968,24327,35417
35352,24354,35528
35696,24377,35464
35856,24369,35418
35893,24354,35540
35924,24324,35504
35960,24297,35553
35944,24270,35636
35896,24283,35557
35752,24302,35636
35770,24341,35324
35852,24381,35575
35840,24401,35564
35692,24392,35632
34748,24375,35591
33382,24348,35599
32865,24309,35585
32436,24297,35404
31489,24310,35545
31016,24333,35532
31166,24351,35756
31608,24384,35688
32044,24401,35782
32388,24385,35737
32614,24364,35633
32729,24342,35705
32705,24303,35534
32712,24284,35796
32748,24289,35797
32813,24319,35812
32916,24340,35719
33021,24381,35836
33032,24388,35815
32872,24381,35860
32748,24353,35917
32748,24325,35908
32909,24295,35812
32997,24284,35883
32880,24295,35945
32752,24313,35996
32800,24341,35937
33012,24377,35916
33302,24383,35732
33436,24377,36028
33437,24353,35948
33413,24321,35786
33286,24301,35908
33126,24277,35933
32982,24292,36033
32854,24316,36084
32844,24348,36092
32992,24369,36145
33096,24380,35983
33068,24378,36095
33020,24351,36172
33016,24327,36169
33030,24292,36060
33084,24281,36076
33188,24287,36090
33156,24311,36165
33200,24332,36197
33356,24365,36186
33560,24387,36085
33632,24379,35964
33593,24357,36119
33601,24322,36178
33544,24299,36156
33480,24286,36221
33408,24281,36121
33342,24308,36060
33360,24340,36092
33384,24367,36097
33354,24382,36033
33332,24375,36032
33296,24351,35985
33190,24323,35975
33116,24288,35708
33080,24272,35935
33172,24285,35600
33341,24316,35772
33493,24342,35535
33528,24368,35812
33488,24381,35480
33316,24373,35709
33153,24342,35631
33080,24327,35665
33144,24295,35565
33165,24271,35576
33240,24288,35473
33384,24309,35388
33504,24341,35417
33653,24372,35235
33804,24383,35332
33800,24377,35136
33804,24341,35375
33744,24321,35335
33724,24293,35352
33710,24273,35285
33724,24284,35161
33844,24301,35231
33892,24335,35254
33880,24366,35223
33881,24373,35224
33984,24361,35188
34004,24343,35238
33960,24321,35159
33822,24289,35108
33713,24263,35097
33708,24283,34983
33804,24297,35052
33912,24334,34846
33920,24364,35109
33876,24375,34842
33840,24372,34895
33733,24337,34879
33644,24327,34957
33540,24277,34896
33429,24265,34928
33324,24276,34968
33316,24300,34756
33324,24327,34768
33268,24365,34709
33229,24378,34725
33204,24367,34639
33105,24341,34668
32908,24320,34695
32856,24287,34716
32855,24276,34740
33028,24281,34682
33208,24306,34688
33320,24332,34628
33376,24372,34676
33388,24382,34584
33284,24361,34631
33133,24335,34548
32988,24318,34405
32901,24286,34532
32896,24264,34476
32996,24284,34442
33076,24303,34424
33068,24334,34284
33080,24365,34452
33184,24381,34375
33140,24360,34396
32941,24349,34303
32724,24315,34161
32748,24283,34212
32812,24270,34054
32900,24278,34151
33175,24308,34117
33396,24336,34193
33578,24364,34052
33612,24375,34103
33526,24369,34044
33436,24347,34063
33304,24315,33911
33220,24287,34104
33180,24275,34029
33108,24282,33933
33158,24302,33964
33238,24332,33815
33148,24367,33901
33104,24376,33911
32977,24364,33924
32852,24337,33884
32744,24321,33839
32774,24287,33844
32836,24280,33839
32764,24279,33799
32828,24303,33660
32876,24335,33658
33136,24357,33561
33452,24369,33684
33544,24365,33681
33384,24338,33691
33184,24313,33647
33148,24275,33485
33096,24272,33687
32964,24276,33599
32860,24305,33399
32936,24329,33554
33128,24361,33508
33444,24373,33500
33588,24364,33599
33500,24337,33524
33289,24300,33563
33108,24281,33503
32996,24268,33364
32992,24276,33381
33188,24297,33269
33472,24327,33374
33736,24364,33361
33724,24369,33232
33593,24364,33455
33464,24332,33388
33432,24307,33392
33341,24268,33355
33271,24265,33230
33292,24277,33372
33385,24293,33287
33412,24327,33236
33368,24352,33255
33248,24377,33287
33088,24349,33215
32991,24341,33238
32900,24308,33177
32872,24268,33007
32888,24263,33057
32814,24276,32932
32766,24292,33122
32780,24324,33077
32845,24359,32918
32944,24361,32927
32992,24356,32847
32965,24324,33031
32936,24309,32980
32817,24273,32844
32610,24265,32949
32532,24272,32812
32652,24293,32940
32668,24327,32908
32836,24351,32848
33021,24359,32748
33232,24356,32775
33232,24334,32704
33001,24309,32733
32808,24269,32668
32628,24260,32770
32560,24273,32823
32516,24293,32797
32756,24327,32796
32968,24357,32653
33008,24367,32676
33036,24359,32617
32880,24333,32775
32708,24302,32734
32793,24265,32573
32880,24269,32796
32800,24269,32719
32544,24295,32574
32384,24319,32671
32408,24350,32730
32564,24369,32755
32716,24349,32732
32761,24320,32585
32757,24301,32618
32624,24265,32738
32557,24257,32585
32672,24270,32650
32784,24295,32564
32868,24317,32791
32920,24353,32720
32992,24357,32557
33024,24351,32790
32992,24327,32714
32888,24303,32596
32840,24267,32681
32860,24257,32764
32852,24262,32628
32832,24294,32714
32864,24324,32788
32900,24356,32647
32972,24361,32854
32976,24345,32740
32920,24322,32831
32880,24287,32766
32830,24270,32814
32788,24261,32737
32862,24271,32873
32988,24287,32821
33140,24322,32924
33164,24348,32870
33184,24365,32948
33189,24337,32844
33210,24326,33087
32996,24297,33072
32808,24264,33112
32816,24251,33044
32728,24266,33017
32672,24293,33100
32584,24315,33081
32545,24349,33261
32492,24357,33295
32468,24331,33301
32366,24310,33276
32460,24291,33237
32492,24265,33390
32420,24255,33365
32437,24261,33519
32512,24286,33460
32664,24321,33612
32704,24347,33684
32516,24356,33661
32304,24338,33757
32200,24309,33669
32175,24286,33789
32348,24252,33921
32610,24240,34024
32704,24257,34028
32672,24282,34109
32736,24303,34128
32688,24340,34215
32552,24346,34228
32332,24340,34325
32048,24303,34332
31924,24277,34415
31980,24245,34229
32132,24245,34461
32208,24255,34392
32421,24268,34556
32532,24303,34564
32582,24332,34695
32568,24341,34737
32640,24325,34801
32796,24300,34917
33044,24268,34669
33286,24231,34919
33364,24237,34992
33412,24247,35052
33584,24270,35180
33876,24292,35160
34124,24335,35207
34240,24338,35256
34280,24327,35369
34152,24301,35344
34092,24268,35463
33996,24245,35461
33838,24241,35583
33640,24252,35400
33728,24282,35572
33784,24321,35630
33832,24353,35718
33253,24354,35812
31792,24350,35804
31004,24319,35767
30888,24293,35808
30080,24257,35917
29420,24256,35935
29516,24260,36040
30064,24285,36100
30748,24309,36184
31276,24334,36332
31716,24345,36052
31936,24321,36337
31853,24305,36502
31688,24273,36469
31508,24245,36572
31476,24233,36308
31632,24252,36484
31788,24279,36696
31880,24299,36436
31924,24331,36828
31912,24334,36769
31833,24323,36857
31796,24297,36669
31788,24268,36861
31732,24236,36841
31780,24231,36879
31904,24243,36918
31968,24263,37005
32088,24289,37068
32184,24325,37101
32200,24325,37144
32156,24316,36901
32097,24282,37081
32052,24254,36975
32120,24224,37255
32216,24220,37056
32172,24233,37255
32118,24260,37343
32004,24285,37156
32124,24320,37351
32272,24310,37383
32388,24294,37484
32296,24278,37532
32232,24251,37271
32252,24220,37459
32304,24215,37588
32405,24229,37604
32468,24255,37604
32365,24277,37655
32168,24309,37563
32112,24316,37640
32280,24299,37704
32472,24266,37766
32760,24240,37578
32879,24205,37716
32968,24205,37823
33089,24220,37479
33162,24245,37824
33189,24273,37453
33198,24301,37655
33116,24311,37621
33028,24294,37676
32972,24269,37696
32892,24241,37674
32796,24202,37556
32728,24199,37701
32760,24217,37608
32836,24241,37489
32887,24269,37503
32904,24297,37495
32840,24303,37588
32709,24287,37555
32636,24265,37417
32624,24241,37524
32560,24199,37508
32384,24199,37590
32260,24217,37236
32205,24239,37381
32312,24265,37475
32520,24293,37464
32869,24300,37471
33120,24288,37372
33124,24253,37460
33116,24221,37479
33062,24205,37370
32992,24190,37423
33028,24208,37551
33086,24233,37428
33109,24261,37253
33177,24281,37429
33212,24292,37420
33137,24274,37506
33020,24247,37604
32984,24221,37503
32985,24186,37457
32976,24185,37324
32988,24199,37421
33100,24227,37437
33184,24260,37429
33196,24289,37471
33336,24276,37453
33264,24271,37374
33092,24238,37559
32866,24215,37668
32844,24186,37308
32900,24175,37521
32976,24193,37636
33044,24220,37406
33020,24253,37548
32952,24276,37605
32886,24279,37601
32741,24260,37696
32621,24237,37615
32308,24213,37639
32020,24179,37602
31996,24175,37688
32218,24192,37333
32328,24221,37495
32448,24240,37568
32453,24275,37367
32476,24272,37535
32508,24256,37588
32616,24233,37604
32744,24205,37716
32760,24173,37367
32884,24172,37655
33032,24199,37359
33012,24212,37552
32830,24245,37346
32644,24268,37649
32588,24271,37364
32528,24266,37563
32684,24240,37557
32840,24210,37628
32856,24182,37588
32816,24165,37495
32826,24185,37622
32780,24215,37733
32788,24243,37383
32868,24279,37621
32886,24265,37372
32856,24255,37525
32716,24228,37603
32420,24204,37670
32296,24172,37559
32336,24166,37695
32388,24184,37410
32448,24212,37639
32474,24239,37751
32500,24260,37415
32560,24267,37614
32632,24248,37740
32588,24229,37692
32564,24193,37744
32548,24172,37682
32584,24160,37629
32789,24181,37564
32916,24208,37676
33068,24231,37638
33244,24262,37610
33332,24260,37525
33228,24252,37548
33100,24221,37320
32969,24198,37676
32916,24173,37529
32876,24162,37463
32890,24181,37523
32872,24199,37587
32904,24231,37507
33012,24256,37543
33092,24260,37454
33005,24248,37372
32964,24217,37421
32960,24181,37414
32918,24160,37477
32832,24166,37344
32756,24167,37420
32792,24196,37029
32825,24231,37151
33020,24252,37134
33045,24263,37202
32820,24249,37269
32576,24210,36863
32590,24191,37101
32612,24158,36865
32725,24146,36965
32813,24174,36909
32804,24202,36949
32652,24229,36797
32525,24261,36895
32492,24253,36850
32624,24236,36880
32812,24204,36653
32868,24172,36724
32772,24159,36725
32577,24152,36435
32384,24165,36577
32428,24192,36584
32592,24222,36588
32800,24255,36349
32900,24249,36485
32984,24224,36556
32976,24199,36308
32984,24169,36399
32844,24144,36477
32833,24143,36372
32868,24164,36416
32852,24181,36301
32774,24212,36215
32712,24241,36100
32620,24244,36185
32516,24229,35957
32388,24203,36069
32328,24180,36076
32432,24144,36134
32385,24133,36199
32445,24164,35847
32592,24178,35995
32704,24218,35915
32624,24236,35943
32416,24245,35777
32284,24223,35975
32224,24194,35748
32324,24175,35992
32428,24134,35795
32432,24130,35825
32436,24158,35793
32452,24183,35847
32456,24204,35740
32472,24231,35847
32437,24224,35940
32365,24214,35864
32297,24193,35920
32317,24161,35724
32381,24138,35784
32416,24134,35872
32368,24149,35581
32405,24175,35707
32452,24197,35692
32594,24233,35676
32752,24231,35649
32720,24210,35705
32636,24185,35657
32629,24149,35704
32588,24127,35513
32528,24127,35804
32524,24144,35729
32620,24172,35788
32772,24192,35719
32900,24220,35658
33128,24221,35473
33140,24206,35649
32976,24180,35547
32741,24151,35645
32520,24121,35550
32464,24126,35627
32564,24142,35653
32920,24164,35631
33124,24196,35541
33160,24227,35588
33080,24219,35520
32936,24199,35521
32844,24181,35540
32749,24142,35623
32672,24123,35684
32676,24117,35605
32620,24133,35514
32608,24159,35472
32740,24185,35545
32760,24220,35633
32724,24215,35327
32584,24191,35479
32372,24169,35288
32172,24145,35444
32212,24119,35461
32300,24117,35486
32340,24129,35515
32376,24141,35255
32437,24186,35508
32592,24202,35302
32727,24209,35369
32592,24189,35367
32404,24165,35404
32176,24135,35463
32032,24117,35368
31913,24105,35439
31852,24120,35183
31884,24146,35234
31912,24183,35311
31881,24199,35305
31640,24205,35361
31580,24189,35316
31540,24157,35333
31576,24129,35313
31668,24100,35375
31716,24103,35286
31740,24121,35319
31849,24139,35284
32004,24167,35284
32076,24199,35253
32008,24188,35185
31964,24183,35156
32132,24145,35112
32073,24125,35190
32093,24101,35217
32280,24087,35268
32416,24118,35226
32376,24138,35238
32276,24166,35094
32266,24188,35332
32412,24186,35241
32684,24167,35298
33044,24135,35038
33192,24109,35279
33182,24087,35012
33224,24086,35153
33472,24100,35204
34000,24125,35238
34464,24165,35197
34788,24173,35142
34896,24175,35149
34864,24168,35031
34878,24138,35063
34852,24112,35013
34764,24093,35032
34392,24102,34866
33888,24114,35147
33788,24149,35071
33728,24188,35092
33644,24203,35005
33217,24204,34892
31848,24184,35065
30596,24166,34962
30344,24130,34936
29768,24101,34853
29178,24104,34940
29245,24120,34761
29816,24140,35023
30396,24169,34958
30924,24188,34981
31284,24189,34934
31408,24164,34884
31320,24137,34919
31254,24108,34832
31268,24084,34902
31396,24084,34753
31640,24102,34948
31904,24129,34833
32088,24156,34780
32204,24172,34804
32236,24171,34757
32232,24151,34892
32229,24122,34884
32100,24089,34797
31848,24065,34916
31628,24069,34839
31688,24092,34897
31848,24118,34957
32056,24149,34916
32092,24160,34935
31904,24167,34837
31720,24141,34749
31668,24121,34813
31880,24084,34818
32140,24062,34951
32409,24062,35029
32484,24071,34973
32501,24108,35037
32496,24137,35021
32572,24164,35056
32508,24153,35041
32432,24139,35079
32404,24111,35062
32292,24072,35046
32286,24054,35092
32312,24055,35161
32524,24071,35112
32528,24100,35124
32452,24124,35107
32372,24149,35071
32284,24148,35047
32218,24126,35111
32116,24096,35092
32108,24071,35061
32096,24045,35124
32152,24055,35069
32364,24066,35005
32373,24086,35012
32392,24119,34980
32416,24137,34951
32440,24148,34848
32444,24122,34972
32380,24092,34919
32305,24065,34788
32316,24043,34752
32396,24040,34814
32396,24055,34668
32298,24088,34695
32220,24124,34575
32256,24144,34578
32356,24141,34401
32412,24110,34656
32452,24094,34536
32428,24064,34393
32428,24037,34513
32500,24039,34456
32684,24048,34311
32768,24083,34368
32736,24117,34157
32720,24135,34340
32660,24129,34116
32592,24106,34311
32590,24081,34252
32560,24045,34239
32424,24023,34127
32368,24030,33934
32444,24053,34159
32512,24071,34096
32641,24107,33948
32657,24112,34080
32556,24123,34048
32538,24096,33892
32536,24078,33889
32468,24050,33955
32529,24019,33927
32608,24033,33866
32612,24041,33740
32600,24070,33773
32648,24103,33692
32596,24115,33700
32592,24115,33593
32560,24100,33699
32388,24069,33508
32240,24037,33742
32064,24015,33680
31909,24021,33632
31960,24037,33623
32056,24065,33560
32200,24100,33569
32356,24108,33508
32308,24107,33494
32192,24097,33348
32084,24056,33460
32024,24031,33313
31988,24004,33401
32022,24012,33415
32150,24037,33349
32100,24061,33380
32104,24093,33302
32237,24111,33329
32244,24097,33257
32237,24085,33277
32156,24063,33188
32084,24029,33037
32000,24013,33132
32044,24004,32957
32084,24034,33121
32116,24053,33044
32328,24092,32901
32384,24100,32985
32233,24105,32996
32100,24079,32880
32012,24060,32857
32036,24029,32740
32180,24002,32957
32320,24001,32876
32396,24030,32879
32396,24055,32738
32425,24080,32655
32556,24093,32716
32552,24095,32640
32409,24071,32676
32248,24052,32560
32052,24014,32594
31988,23998,32768
32080,23994,32647
32244,24023,32543
32161,24047,32727
31900,24063,32652
31837,24098,32548
31976,24088,32732
32212,24071,32687
32404,24047,32548
32256,24013,32711
32104,23997,32657
32068,23992,32492
32092,24023,32673
32180,24041,32628
32352,24071,32669
32448,24087,32681
32436,24087,32535
32264,24062,32575
32084,24036,32508
31968,24009,32708
32004,23982,32617
32160,23986,32532
32304,24007,32761
32302,24029,32617
32332,24064,32743
32332,24086,32689
32288,24079,32647
32196,24063,32759
32120,24036,32687
32036,23997,32676
31960,23978,32788
31876,23983,32836
31896,24007,32796
32112,24028,32646
32326,24070,32845
32453,24081,32799
32384,24071,32663
32336,24055,32736
32192,24029,32692
32048,23991,32764
31972,23975,32624
31944,23975,32820
31980,23992,32765
32008,24031,32624
32084,24059,32805
32120,24076,32733
32096,24071,32774
32008,24047,32677
31965,24019,32660
31952,23998,32593
32032,23965,32710
32224,23969,32740
32142,23993,32557
31832,24017,32789
31712,24045,32748
31840,24071,32724
31888,24061,32709
32002,24042,32586
31888,24006,32687
31732,23988,32717
31552,23956,32660
31612,23967,32597
31713,23980,32692
31878,24015,32544
32026,24041,32725
32224,24060,32567
32145,24061,32481
31992,24036,32610
31896,24007,32528
31836,23975,32450
31792,23952,32636
31812,23962,32602
31832,23975,32465
32008,24007,32647
32168,24037,32538
32208,24047,32413
32184,24055,32593
32088,24029,32548
31943,24004,32369
31920,23968,32525
32012,23948,32527
32036,23951,32510
32045,23971,32407
31940,23998,32313
31928,24029,32461
31980,24047,32356
32020,24048,32447
32040,24023,32448
32050,23997,32390
32020,23964,32416
32046,23942,32455
31984,23947,32374
31936,23967,32217
31928,23997,32333
31992,24027,32351
32098,24041,32220
32140,24036,32247
32141,24016,32298
31956,23987,32125
31812,23961,32290
31772,23940,32143
31840,23938,32135
31984,23965,32035
32148,23995,32153
32258,24023,32085
32316,24037,32178
32348,24029,32006
32330,24013,32199
32152,23983,32039
31944,23955,32107
31741,23940,31924
31876,23932,32050
32220,23956,32076
32548,23989,32007
32880,24019,31927
32900,24041,32028
32692,24023,31876
32448,24007,31901
32284,23983,31828
32208,23954,32036
32285,23924,31999
32572,23935,31841
32853,23943,31998
32996,23978,31964
33081,24015,31817
33034,24025,31852
32925,24028,31772
32764,23995,31972
32592,23974,31837
32548,23950,31783
32572,23932,31965
32552,23925,31932
32520,23950,31935
32424,23975,31813
32357,24009,31845
32288,24023,31748
32301,24015,31900
32344,24003,31924
32344,23967,31935
32268,23940,31879
32097,23919,31761
31968,23918,31827
32024,23940,31716
32118,23967,31808
32272,24002,31783
32404,24014,31716
32504,24007,31926
32524,23982,31823
32494,23958,31876
32424,23935,31884
32189,23915,31875
32084,23918,31789
32052,23935,31681
32040,23957,31900
32112,23997,31834
32060,24010,31678
32173,24005,31869
32261,23984,31746
32426,23959,31748
32672,23932,31702
32804,23895,31838
32724,23906,31889
32693,23926,31860
32676,23964,31708
32678,23985,31765
32672,24004,31694
32560,23993,31860
32532,23977,31709
32676,23945,31938
32720,23913,31907
32832,23890,31737
33088,23901,31812
33416,23913,31836
33820,23943,31949
34272,23989,31969
34480,24001,31874
34444,23987,32004
34412,23967,31853
34328,23938,31977
34392,23910,31940
34464,23900,31895
34487,23902,32140
34268,23935,32103
33840,23959,31978
33656,23999,32039
33464,24010,31997
33325,24004,32237
32952,23982,32217
31736,23963,32060
30625,23933,32268
30390,23911,32192
29944,23914,32116
29461,23940,32231
29464,23964,32309
29888,23983,32375
30320,24004,32256
30652,23992,32328
30988,23975,32249
31384,23951,32512
31817,23917,32484
32024,23886,32375
32054,23901,32413
32104,23918,32542
32236,23942,32421
32344,23980,32567
32329,23987,32591
32164,23991,32482
32016,23961,32508
31808,23931,32456
31796,23904,32567
31892,23884,32484
31932,23887,32677
32013,23911,32696
31940,23936,32560
32048,23961,32724
32292,23983,32545
32560,23975,32718
32580,23943,32751
32356,23919,32670
32044,23898,32724
31736,23869,32626
31692,23879,32788
32012,23910,32793
32292,23925,32637
32596,23953,32877
32652,23975,32685
32612,23977,32864
32560,23942,32772
32496,23917,32791
32400,23882,32700
32360,23863,32956
32280,23860,32917
32236,23896,32775
32244,23910,32903
32264,23953,32932
32302,23958,32807
32255,23956,32861
32160,23934,32932
32064,23914,32797
31960,23876,32884
31916,23868,32933
31944,23871,32753
32000,23894,32954
31996,23910,32887
32026,23945,32767
32160,23959,32940
32416,23950,32871
32508,23931,32735
32432,23901,32903
32352,23876,32836
32264,23854,32716
32228,23856,32791
32204,23881,32591
32308,23900,32819
32516,23935,32757
32612,23956,32740
32625,23943,32711
32588,23920,32733
32477,23892,32671
32412,23865,32514
32124,23853,32620
31964,23854,32591
32136,23867,32548
32484,23895,32546
32856,23935,32388
33320,23956,32388
33421,23935,32324
33352,23916,32468
33232,23892,32263
33084,23860,32468
32888,23839,32420
32872,23845,32429
32932,23865,32381
33010,23891,32286
33016,23917,32183
32980,23937,32380
33096,23931,32340
33168,23915,32332
33049,23893,32261
32961,23855,32306
32848,23829,32324
32808,23836,32287
32889,23856,32201
32878,23883,32196
32824,23918,32072
32896,23924,32254
32837,23929,32194
32736,23909,32071
32668,23877,32114
32548,23853,31989
32388,23831,32173
32364,23833,32127
32504,23865,32136
32624,23873,32074
32680,23909,31900
32657,23931,31969
32486,23918,31841
32257,23900,31998
32184,23879,31900
32100,23842,31916
32116,23828,31878
32124,23837,31860
32192,23841,31669
32220,23875,31836
32352,23898,31711
32552,23927,31584
32632,23917,31644
32544,23894,31560
32380,23877,31652
32194,23846,31477
32206,23815,31505
32352,23823,31574
32588,23847,31495
32652,23864,31433
32756,23910,31327
32928,23925,31377
33000,23911,31381
32796,23900,31238
32545,23868,31257
32444,23836,31196
32468,23823,31239
32557,23826,31196
32588,23840,31268
32680,23871,31074
32820,23888,31223
32968,23911,31180
33032,23914,30993
32968,23886,31157
32904,23864,31074
32828,23832,30927
32724,23817,30949
32588,23819,30873
32480,23836,30905
32414,23871,30981
32332,23893,30980
32296,23913,30886
32356,23905,30924
32512,23889,30744
32680,23861,30914
32816,23829,30836
32880,23812,30664
32952,23809,30761
33020,23826,30620
33080,23852,30740
33108,23887,30614
33173,23897,30696
33202,23901,30652
33104,23884,30629
32940,23849,30471
32728,23828,30615
32600,23805,30535
32592,23803,30533
32672,23834,30359
32648,23861,30520
32424,23879,30471
32276,23901,30337
32293,23895,30335
32632,23874,30248
32900,23857,30349
32988,23815,30335
32840,23798,30169
32788,23804,30185
32860,23821,30101
32796,23847,30238
32824,23876,30142
33036,23901,30180
33116,23892,30005
33120,23862,30142
33089,23841,30044
33057,23806,30058
32904,23809,29870
32791,23792,30011
32796,23814,29870
32823,23846,29951
32852,23872,29763
32889,23896,29895
32894,23884,29860
32888,23871,29671
32676,23844,29762
32528,23809,29676
32426,23788,29596
32548,23799,29709
32653,23800,29654
32764,23842,29501
32944,23869,29636
33076,23887,29542
33008,23887,29447
32860,23858,29456
32688,23836,29454
32508,23807,29444
32452,23791,29343
32409,23794,29271
32441,23807,29356
32460,23833,29205
32536,23875,29337
32638,23887,29276
32764,23875,29089
32712,23852,29223
32452,23824,29016
32281,23799,29116
32324,23784,29004
32384,23785,28978
32560,23808,28957
32624,23831,28988
32672,23865,28985
32820,23882,28920
32852,23873,28885
32784,23854,28710
32617,23835,28844
32532,23798,28739
32504,23782,28652
32504,23774,28687
32548,23803,28661
32560,23829,28645
32468,23865,28589
32548,23871,28470
32673,23876,28507
32672,23847,28464
32672,23821,28423
32701,23796,28204
32580,23765,28324
32540,23773,28308
32724,23807,28167
32908,23828,28196
32976,23860,28146
32976,23870,28008
32964,23860,28070
32944,23848,27877
32904,23815,27933
32888,23785,27871
32836,23763,27937
32796,23777,27870
32920,23792,27719
33066,23812,27760
33172,23860,27717
33220,23866,27576
33216,23868,27663
33120,23833,27602
32984,23815,27497
32900,23781,27533
32746,23762,27365
32690,23776,27456
32764,23795,27279
32824,23820,27404
32968,23845,27328
33070,23866,27358
33040,23867,27245
33076,23837,27260
33104,23810,27127
33060,23776,27213
32844,23757,27143
32700,23765,27215
32700,23781,27125
33005,23815,27151
33424,23844,27152
33584,23863,26997
33224,23863,27089
32853,23830,27090
32668,23812,27165
32657,23773,27177
32690,23760,27044
32636,23760,27151
32688,23783,27215
32789,23798,27246
32876,23838,27255
32944,23854,27168
32912,23849,27322
32856,23828,27340
32850,23792,27313
32841,23764,27375
32820,23751,27362
32704,23756,27527
32728,23778,27489
32720,23793,27636
32716,23836,27601
32744,23852,27655
32744,23841,27630
32696,23823,27836
32724,23790,27755
32760,23765,27919
32712,23741,27940
32744,23751,28084
32829,23773,28074
32964,23795,28196
33028,23831,28192
32962,23847,28436
32876,23832,28540
32783,23820,28609
32797,23788,28709
32868,23751,28773
32936,23743,28850
32956,23747,28801
33068,23764,29031
33277,23788,29103
33668,23815,29129
33980,23837,29240
34180,23821,29199
34328,23809,29431
34440,23779,29356
34413,23743,29553
34436,23725,29490
34612,23729,29639
34924,23752,29655
35284,23774,29893
35608,23819,29921
35672,23824,29882
35577,23835,30041
35356,23809,30082
35032,23777,30188
34708,23751,30076
34600,23739,30276
34318,23755,30332
34132,23772,30274
33536,23810,30352
32173,23837,30301
31456,23852,30466
31209,23845,30484
30596,23828,30509
30336,23789,30517
30508,23752,30406
30924,23740,30447
31264,23743,30565
31584,23767,30519
31984,23793,30541
32404,23815,30413
32597,23831,30532
32608,23828,30397
32568,23799,30512
32480,23775,30519
32504,23740,30351
32520,23727,30367
32782,23732,30268
33140,23748,30353
33352,23779,30337
33380,23813,30287
33336,23817,30238
33208,23815,30183
32904,23785,30116
32612,23767,29925
32300,23730,29897
32244,23708,29745
32404,23729,29774
32680,23746,29581
32912,23773,29540
33028,23803,29400
33108,23811,29382
33128,23810,29196
33028,23781,29235
32896,23756,29129
32944,23723,29012
32860,23713,28891
32806,23716,28672
32865,23744,28660
32908,23766,28534
33004,23806,28479
33140,23806,28369
33140,23793,28236
33113,23780,28025
32828,23749,27963
32440,23722,27740
32120,23711,27749
32324,23716,27631
32712,23724,27508
32976,23761,27319
33172,23791,27246
33301,23804,27107
33268,23803,26973
33284,23769,26790
33220,23748,26720
33140,23695,26473
32948,23692,26488
32788,23702,26327
32836,23732,26217
32928,23753,26034
32948,23796,25940
32960,23805,25676
32862,23790,25711
32812,23767,25575
32780,23743,25285
32708,23705,25290
32780,23690,25030
33072,23703,25041
33284,23733,24898
33317,23744,24676
33244,23778,24578
33236,23791,24343
33172,23783,24305
33214,23764,24044
33260,23731,24014
33238,23698,23878
33180,23687,23716
33332,23700,23512
33580,23716,23396
33680,23752,23140
33628,23787,23084
33540,23781,22850
33308,23780,22741
33181,23759,22523
33128,23731,22443
33196,23698,22268
33280,23686,22103
33268,23698,21940
33348,23716,21763
33428,23740,21601
33584,23773,21391
33780,23782,21261
33981,23772,21079
33937,23743,20940
33712,23729,20754
33504,23692,20597
33348,23682,20413
33360,23692,20252
33312,23703,20068
33420,23741,19920
33548,23765,19756
33420,23783,19584
33064,23770,19441
32664,23748,19271
32524,23717,19107
32580,23685,18955
32608,23670,18789
32836,23678,18668
32992,23709,18476
33008,23727,18364
33064,23757,18152
33284,23779,18012
33460,23773,17925
33428,23743,17745
33224,23716,17630
32794,23687,17442
32360,23674,17311
32284,23689,17151
32562,23700,17052
32840,23732,16964
33004,23757,16743
33316,23772,16628
33350,23763,16606
33232,23735,16358
33308,23721,16260
33184,23684,16167
33088,23665,16132
33092,23679,15907
33092,23708,15805
33246,23731,15797
33408,23759,15586
33377,23772,15533
33132,23757,15324
32910,23736,15278
32832,23713,15136
33036,23680,15074
33173,23675,14919
33320,23674,14889
33344,23697,14812
33256,23728,14788
33324,23762,14626
33488,23764,14620
33416,23762,14454
33253,23735,14428
33210,23707,14192
33312,23677,14165
33504,23671,14084
33632,23671,13972
33692,23700,13865
33740,23724,13863
33624,23757,13728
33485,23756,13691
33217,23765,13582
33172,23729,13513
33196,23703,13447
33273,23677,13348
33292,23673,13401
33372,23668,13265
33492,23697,13317
33612,23723,13166
33797,23755,13188
33985,23764,13037
34056,23750,13041
33882,23724,12854
33604,23701,12790
33316,23668,12784
33284,23649,12682
33392,23668,12640
33332,23692,12548
33284,23722,12538
33356,23758,12436
33196,23759,12444
32893,23749,12355
32673,23727,12277
32568,23708,12225
32522,23663,12180
32640,23665,12202
32968,23664,12094
33268,23695,12024
33508,23719,12068
33613,23741,11952
33620,23754,11901
33456,23743,11904
33232,23725,11855
33028,23707,11841
32984,23666,11906
33057,23647,11692
33136,23661,11653
32908,23686,11640
32792,23707,11690
32980,23749,11563
33056,23756,11631
33260,23742,11494
33388,23719,11600
33324,23700,11455
33340,23659,11557
33312,23655,11401
33081,23666,11405
32836,23681,11425
32852,23706,11358
33152,23740,11385
33268,23756,11317
33368,23740,11311
33328,23717,11327
33188,23695,11341
33068,23660,11278
33100,23644,11307
33144,23661,11301
33272,23686,11324
33284,23704,11303
33164,23743,11251
33078,23753,11291
32948,23741,11219
32877,23708,11281
32912,23684,11285
32789,23656,11365
32584,23641,11259
32685,23655,11356
33044,23676,11235
33288,23703,11416
33312,23742,11331
33320,23757,11381
33409,23733,11303
33320,23708,11452
33352,23697,11397
33452,23652,11438
33616,23646,11369
33537,23667,11489
33374,23687,11468
33284,23717,11569
33188,23742,11516
33092,23741,11580
33116,23736,11491
33228,23711,11669
33198,23684,11568
33158,23655,11575
32964,23652,11649
32840,23649,11639
32880,23677,11771
32964,23710,11738
32996,23735,11836
32832,23745,11857
32676,23732,12057
32645,23716,12035
32641,23681,12180
32648,23655,12160
32724,23643,12303
32644,23653,12279
32568,23671,12434
32596,23703,12423
32732,23735,12580
32768,23744,12551
32704,23733,12734
32484,23703,12757
32480,23687,12920
32574,23641,12901
32720,23643,13109
32926,23652,13095
32952,23660,13190
33000,23694,13319
33096,23724,13439
33116,23735,13605
33068,23721,13610
32940,23701,13752
32814,23671,13851
32600,23645,14023
32546,23628,14132
32578,23644,14315
32545,23653,14308
32444,23687,14564
32544,23721,14600
32648,23732,14720
32673,23713,14990
32588,23697,14985
32623,23665,15180
32712,23632,15389
32825,23620,15494
32904,23639,15698
33028,23668,15780
33132,23684,15972
33236,23719,16055
33264,23718,16255
33409,23717,16488
33581,23687,16612
33768,23663,16781
33920,23635,17046
34028,23628,17162
34164,23622,17357
34476,23653,17564
34904,23687,17764
35248,23708,18025
35748,23716,18196
36040,23700,18436
36180,23680,18607
36332,23658,18845
36224,23633,19100
36260,23615,19316
36512,23649,19552
36648,23678,19805
36232,23707,20039
35340,23729,20283
33944,23746,20552
32768,23729,20800
32141,23708,21076
31005,23680,21345
30016,23656,21612
29613,23637,21856
29692,23644,22144
30176,23670,22341
30980,23694,22664
31560,23725,22860
31745,23731,23192
31820,23711,23371
31964,23701,23708
31948,23662,23874
32013,23633,24211
32076,23625,24381
32208,23631,24675
32320,23657,24957
32428,23673,25170
32384,23712,25437
32348,23721,25700
32416,23709,25870
32460,23686,26108
32472,23661,26286
32408,23619,26579
32288,23613,26831
32196,23630,26927
32164,23653,27256
32264,23672,27479
32412,23709,27630
32577,23718,27887
32580,23705,28079
32432,23673,28167
32312,23654,28391
32237,23625,28676
32212,23604,28773
32333,23616,29032
32352,23646,29094
32292,23662,29405
32240,23703,29506
32168,23718,29796
32188,23700,29870
32244,23679,30135
32344,23651,30188
32350,23612,30351
32296,23602,30709
32270,23623,30844
32300,23639,30868
32328,23659,31103
32480,23689,31321
32548,23707,31441
32500,23697,31591
32468,23668,31687
32372,23646,31888
32200,23610,32060
32168,23599,31952
32052,23619,32201
32068,23638,32224
32204,23656,32374
32421,23694,32495
32604,23698,32614
32420,23687,32783
32204,23667,32787
32108,23645,32864
32264,23607,32991
32530,23600,33076
32796,23608,33253
33000,23622,33332
33052,23660,33415
32932,23693,33407
32772,23694,33484
32620,23685,33532
32640,23665,33623
32732,23635,33592
32696,23599,33917
32456,23591,33806
32464,23607,34001
32540,23627,33951
32840,23654,34020
33076,23678,34055
33088,23687,34226
32992,23690,34279
32916,23659,34389
32783,23631,34160
32616,23602,34482
32608,23588,34463
32724,23599,34471
32984,23627,34532
33068,23633,34575
32968,23677,34583
32784,23687,34469
32744,23681,34503
32644,23659,34596
32608,23621,34664
32588,23591,34572
32704,23581,34724
32862,23589,34711
32876,23615,34623
32888,23641,34695
32761,23676,34722
32588,23695,34618
32528,23676,34621
32432,23652,34607
32312,23623,34769
32252,23590,34729
32173,23578,34641
32224,23589,34636
32276,23616,34703
32268,23639,34758
32252,23677,34661
32308,23679,34575
32284,23669,34567
32248,23652,34439
32156,23616,34653
32120,23593,34527
32180,23574,34586
32334,23589,34619
32460,23609,34529
32532,23637,34556
32620,23672,34415
32592,23677,34576
32568,23670,34381
32480,23655,34472
32340,23622,34525
32312,23597,34440
32204,23575,34368
32229,23599,34420
32260,23609,34375
32312,23641,34144
32456,23676,34420
32560,23677,34340
32540,23676,34317
32549,23640,34249
32464,23623,34303
32388,23585,34156
32296,23585,34260
32336,23585,34253
32534,23617,34284
32732,23645,34224
32892,23679,34268
32884,23678,34201
32824,23667,34103
32748,23647,34165
32688,23629,34236
32584,23588,34197
32740,23568,34180
32909,23579,34172
32928,23619,34120
33160,23636,34189
33344,23658,34196
33368,23679,34148
33432,23668,33964
33441,23646,34205
33168,23621,34052
32968,23583,33933
32868,23576,34033
32892,23599,34064
33036,23607,34022
33192,23634,34164
33320,23671,34175
33500,23673,34149
33500,23663,34166
33433,23642,34134
33276,23625,34161
33076,23583,34055
33062,23581,34135
33068,23584,34079
33104,23607,34188
33124,23627,34159
33096,23668,34087
33000,23669,34111
32940,23661,33988
32792,23639,34106
32764,23622,34021
32886,23580,34293
32935,23575,34212
32997,23575,34110
33092,23598,34140
33180,23639,34229
33252,23663,34223
33364,23676,34208
33368,23655,34164
33358,23638,34112
33280,23620,33997
33212,23580,34049
33124,23567,34257
33064,23575,34132
32884,23599,33989
32696,23626,34156
32665,23661,34148
32669,23681,34044
32708,23668,34048
32736,23633,33914
32702,23615,34119
32601,23569,33981
32580,23571,33858
32588,23580,34087
32852,23596,34041
32952,23621,34013
33056,23657,34029
33276,23665,34017
33206,23657,33903
32984,23626,33993
32849,23615,33937
32684,23576,33900
32713,23565,33967
32956,23579,33820
33036,23595,33996
33048,23631,33938
33084,23661,33948
33188,23665,33913
33216,23655,33764
33116,23637,33964
33156,23603,33903
33104,23572,33671
33004,23559,33856
32906,23567,33855
32904,23589,33676
33060,23628,33937
33172,23662,33878
33184,23650,33812
33093,23653,33762
33040,23629,33748
33072,23596,33936
33008,23573,33869
32960,23559,33860
33010,23565,33880
33096,23588,33897
33124,23633,33873
33120,23653,33855
33034,23661,33799
32885,23652,33701
32857,23652,33902
32884,23609,33887
32852,23573,33700
32748,23554,33999
32736,23575,33941
32889,23599,34023
33024,23615,33961
33116,23653,33853
33220,23672,33893
33120,23653,33785
32992,23635,34079
32892,23610,34012
32908,23570,33891
32904,23559,34125
32917,23559,34072
32993,23593,33974
32948,23620,34135
32954,23645,34160
32884,23663,34172
32952,23654,34238
32912,23619,34249
32733,23594,34328
32576,23567,34285
32486,23565,34284
32444,23559,34245
32456,23591,34397
32544,23619,34293
32780,23648,34380
32920,23663,34495
32876,23642,34413
32700,23617,34607
32584,23599,34588
32557,23561,34653
32536,23547,34480
32567,23559,34606
32645,23583,34812
32708,23614,34782
32804,23642,34630
32892,23649,34763
32897,23636,34941
32912,23610,34914
32840,23585,34752
32697,23559,34973
32632,23549,34909
32856,23559,35064
33044,23586,34983
33241,23609,35124
33508,23640,35157
33780,23649,35069
34032,23642,35260
34068,23608,35204
34094,23588,35089
34032,23549,35197
34256,23546,35237
34652,23559,35156
34984,23588,35463
35221,23610,35421
35256,23649,35331
35468,23669,35345
35352,23661,35495
35088,23646,35426
34640,23615,35478
33464,23580,35359
32388,23568,35574
32077,23586,35500
31224,23608,35645
30396,23633,35685
30516,23658,35724
31228,23668,35792
31820,23657,35786
32080,23625,35807
32096,23600,35847
32172,23569,35817
32160,23554,35847
32069,23576,35786
32148,23592,36103
32200,23615,36031
32316,23651,36157
32576,23656,35879
32672,23644,36157
32620,23619,36144
32566,23588,36183
32408,23565,36229
32330,23551,36344
32368,23559,36296
32468,23582,36280
32508,23615,36359
32572,23641,36404
32552,23648,36421
32501,23634,36535
32416,23608,36212
32368,23588,36481
32312,23550,36525
32128,23550,36640
31912,23559,36590
31930,23583,36671
32020,23607,36669
32289,23647,36764
32536,23645,36487
32604,23631,36743
32597,23610,36736
32600,23581,36862
32570,23553,36990
32452,23549,36676
32564,23551,36949
32624,23580,36917
32799,23607,36921
32892,23650,37020
32833,23637,37087
32792,23625,37117
32824,23605,37103
32824,23583,37053
32784,23543,37071
32693,23538,37050
32645,23559,37137
32628,23581,37096
32728,23596,37181
32948,23640,37189
32976,23641,36941
32720,23639,37087
32544,23604,36858
32484,23575,37136
32524,23558,36957
32580,23543,36773
32780,23552,37058
32916,23577,36967
33000,23609,36895
33096,23637,36895
33100,23643,36796
33036,23627,36804
32972,23605,36724
33121,23585,36672
33176,23546,36653
33148,23550,36639
33260,23556,36615
33240,23586,36639
33284,23601,36548
33476,23646,36574
33588,23644,36592
33544,23639,36532
33412,23600,36573
33222,23586,36476
33160,23550,36532
33248,23540,36412
33340,23551,36433
33409,23577,36087
33428,23608,36221
33518,23644,36221
33669,23636,36228
33640,23629,36217
33652,23606,36197
33492,23578,36127
33304,23544,36071
33232,23541,36029
33136,23559,36077
33216,23574,36145
33364,23609,36029
33440,23644,36036
33564,23645,35957
33576,23626,36027
33560,23607,35663
33508,23575,35903
33320,23556,35842
33007,23542,35895
32752,23559,35552
32548,23589,35796
32496,23619,35741
32540,23639,35775
32669,23645,35473
32812,23626,35669
32708,23615,35556
32464,23585,35644
32324,23555,35726
32288,23557,35388
32544,23559,35528
32788,23597,35508
32876,23611,35583
32840,23639,35676
32842,23649,35380
32816,23649,35492
32748,23605,35487
32673,23590,35540
32560,23559,35593
32464,23547,35557
32374,23564,35636
32397,23584,35538
32436,23626,35429
32476,23651,35529
32374,23655,35493
32408,23641,35434
32416,23614,35300
32524,23599,35546
32608,23560,35558
32600,23559,35492
32648,23566,35449
32752,23590,35468
32900,23623,35536
32992,23663,35477
33032,23657,35517
32944,23645,35521
32832,23615,35582
32876,23588,35665
32948,23559,35617
32912,23554,35692
32917,23574,35424
32938,23609,35636
32969,23624,35429
33084,23657,35566
33160,23660,35582
33160,23644,35716
33160,23618,35783
33060,23601,35629
32824,23573,35712
32664,23557,35672
32560,23581,35756
32608,23606,35768
32717,23625,35813
32964,23661,35799
33124,23669,35845
33182,23648,35772
33024,23623,35804
32828,23596,35708
32781,23573,36036
32864,23567,35732
33007,23590,35993
33094,23597,35783
33120,23633,36152
33125,23668,35838
33132,23661,36090
33086,23655,36201
32948,23629,36148
32808,23607,36078
32764,23573,36117
32741,23567,36204
32840,23595,36261
32900,23617,36268
32924,23641,36381
32868,23662,36119
32812,23670,36279
32648,23661,36165
32576,23631,36302
32472,23606,36207
32352,23586,36308
32380,23581,36388
32556,23588,36428
32744,23606,36399
32988,23644,36332
33064,23673,36340
32978,23673,36327
32928,23653,36440
32900,23638,36228
32860,23606,36400
32820,23581,36260
32796,23583,36452
32872,23596,36421
32696,23624,36508
32724,23642,36553
32820,23676,36541
32908,23671,36590
33048,23663,36549
33208,23637,36519
33236,23612,36468
33060,23592,36439
32892,23583,36666
32864,23601,36573
32948,23618,36615
33120,23657,36609
33364,23686,36529
33520,23691,36690
33496,23671,36633
33225,23647,36603
32940,23616,36615
32700,23587,36598
32612,23589,36670
32656,23599,36618
32828,23628,36665
33036,23647,36513
33156,23692,36741
33100,23683,36569
32872,23668,36679
32668,23652,36710
32636,23620,36743
32672,23594,36804
32696,23593,36896
32692,23607,37008
32620,23629,36916
32540,23659,37025
32556,23694,36986
32552,23684,37026
32596,23682,36944
32590,23649,36999
32596,23630,37022
32628,23591,37084
32600,23599,37149
32528,23620,37159
32544,23636,37216
32632,23670,37199
32640,23692,37285
32714,23693,37240
32648,23679,37231
32472,23655,37302
32428,23625,37273
32376,23599,37361
32376,23588,37149
32497,23610,37329
32604,23645,37207
32656,23668,37487
32788,23700,37252
32812,23708,37447
32800,23679,37461
32724,23663,37459
32776,23639,37469
32864,23591,37540
32724,23593,37420
32620,23620,37637
32504,23653,37613
32465,23668,37670
32716,23703,37660
33080,23697,37727
33220,23679,37751
33168,23655,37740
33056,23628,37725
32968,23599,37704
33032,23596,37767
33200,23614,37820
33372,23635,37781
33440,23671,37863
33464,23708,37956
33481,23695,37923
33541,23680,38020
33616,23664,37949
33640,23625,38029
33726,23609,37886
33872,23592,37895
34222,23625,37887
34632,23653,37960
34748,23671,37908
34724,23718,38020
34752,23719,38120
35036,23690,38022
35240,23679,37976
35248,23657,38005
34601,23625,37911
33556,23630,37990
33108,23646,38095
32748,23673,38151
31768,23700,38156
31134,23724,38133
31012,23724,38119
31144,23711,38097
31444,23679,38151
31836,23655,38143
32184,23621,38022
32420,23620,38175
32556,23640,38220
32652,23657,38323
32652,23692,38437
32584,23715,38055
32576,23721,38253
32524,23703,38224
32508,23685,38407
32568,23652,38415
32680,23616,38468
32772,23624,38455
32748,23642,38588
32649,23660,38492
32592,23700,38524
32652,23719,38541
32800,23727,38601
32864,23692,38543
32844,23678,38612
32788,23654,38525
32661,23621,38428
32680,23623,38711
32761,23637,38620
32776,23668,38493
32916,23691,38772
32988,23720,38653
32932,23719,38429
32834,23712,38869
32714,23673,38753
32578,23653,38516
32524,23623,38865
32564,23631,38753
32701,23645,38598
32784,23663,38809
32764,23692,38900
32788,23729,38957
32733,23724,39021
32732,23711,39015
32704,23679,39130
32728,23653,39032
32836,23628,38893
32880,23621,39204
32880,23644,39097
32888,23668,39201
32892,23707,39116
32977,23727,39118
33040,23725,39084
33060,23705,39029
33020,23685,39186
32904,23653,39064
32804,23628,38991
32772,23623,39060
32832,23643,39047
32952,23669,39049
33082,23695,38965
33256,23726,38791
33388,23735,39077
33380,23709,38933
33242,23687,38897
33090,23648,38773
33080,23641,38565
33168,23639,38934
33230,23661,38716
33208,23679,38511
33252,23709,38913
33228,23733,38772
33210,23730,38842
33210,23708,38740
33268,23688,38844
33268,23655,38649
33300,23633,38649
33405,23639,38700
33520,23653,38727
33598,23674,38673
33496,23714,38625
33452,23727,38617
33460,23731,38389
33408,23710,38799
33308,23693,38679
33212,23667,38772
33100,23631,38652
33068,23637,38621
33056,23658,38684
33052,23672,38780
33084,23709,38679
33076,23733,38712
32980,23741,38624
32949,23716,38584
33032,23687,38610
32936,23673,38575
32816,23643,38670
32840,23639,38644
32936,23663,38743
33012,23692,38628
33020,23712,38685
33057,23736,38628
32932,23735,38677
32852,23724,38603
32740,23699,38684
32684,23673,38588
32488,23642,38676
32405,23644,38565
32392,23663,38648
32450,23686,38558
32624,23721,38529
32721,23740,38541
32768,23750,38508
32712,23732,38476
32622,23707,38260
32570,23665,38635
32504,23649,38508
32584,23646,38407
32681,23663,38383
32752,23695,38430
32772,23717,38454
32816,23749,38431
32780,23748,38501
32724,23726,38587
32712,23703,38495
32701,23676,38392
32616,23652,38552
32524,23661,38190
32584,23668,38431
32701,23694,38402
32956,23727,38428
33076,23751,38448
33024,23751,38433
32780,23732,38495
32558,23708,38420
32425,23668,38436
32512,23656,38356
32590,23663,38304
32616,23681,38348
32668,23711,38364
32892,23737,38351
33030,23762,38319
32992,23759,38334
32928,23739,38393
32924,23714,38308
32822,23694,38209
32764,23659,38226
32736,23668,38206
32808,23687,38234
32736,23711,38256
32692,23741,38208
32796,23764,38177
32844,23755,38104
32836,23749,37964
32788,23723,38309
32756,23687,38219
32784,23665,38300
32688,23669,38212
32636,23683,38253
32704,23718,38185
32829,23743,38300
32908,23767,37895
32956,23770,38167
32968,23742,37892
32900,23727,38280
32808,23696,38172
32696,23673,38212
32772,23673,38164
32812,23695,38248
32836,23708,37909
32992,23748,38062
33052,23767,38168
33076,23767,37799
33032,23748,38041
32865,23725,37961
32748,23709,37921
32669,23684,37917
32596,23679,37856
32578,23692,37882
32617,23730,37892
32696,23759,37839
32784,23780,37852
32872,23778,37797
32709,23763,37818
32630,23737,37758
32429,23700,37864
32356,23687,37816
32384,23692,37887
32552,23703,37748
32728,23733,37800
32888,23764,37495
32958,23781,37669
32854,23777,37432
32756,23764,37663
32681,23740,37556
32744,23716,37580
32812,23693,37645
33012,23684,37581
33082,23708,37639
33136,23749,37239
33116,23764,37374
33092,23791,37368
33092,23785,37394
32940,23762,37397
32796,23750,37345
32665,23714,37316
32556,23700,37274
32413,23695,37276
32472,23729,37268
32576,23740,37341
32672,23783,37217
32844,23791,37265
32804,23799,37181
32680,23777,37220
32396,23750,37127
32192,23721,37036
32105,23702,37065
32184,23709,36994
32316,23724,37028
32348,23745,37104
32380,23772,36785
32476,23805,36871
32532,23792,36871
32536,23781,36924
32472,23750,36981
32516,23732,36882
32496,23700,36951
32337,23706,36845
32180,23717,36812
32144,23751,36705
32196,23783,36524
32324,23800,36825
32392,23807,36713
32425,23775,36533
32408,23753,36745
32352,23719,36673
32252,23700,36628
32269,23713,36608
32392,23721,36516
32486,23751,36487
32336,23791,36444
32152,23805,36502
32252,23799,36292
32252,23785,36615
32220,23757,36506
32364,23724,36497
32544,23705,36468
32588,23709,36484
32656,23735,36409
32660,23758,36304
32660,23797,36280
32700,23802,36152
32740,23807,36424
32736,23782,36320
32744,23760,36279
32632,23725,36292
32460,23703,36176
32442,23717,36257
32652,23732,36228
32876,23753,36213
33204,23796,36225
33376,23815,36172
33637,23807,36169
33696,23791,36158
33716,23768,36156
33640,23743,35994
33464,23731,36096
33644,23725,36113
34008,23749,36028
34277,23786,36068
34328,23828,36004
33776,23844,36068
32991,23841,36045
32796,23823,36016
32096,23784,35957
30934,23754,35969
30494,23738,35932
30656,23734,35956
30992,23765,35957
31420,23783,35965
31692,23815,36063
31888,23835,36119
31960,23837,35991
31920,23806,36087
31920,23794,36173
31956,23753,35926
32000,23743,36053
32000,23732,36108
32033,23755,36103
32144,23786,36101
32304,23814,36114
32357,23842,36048
32417,23821,36145
32372,23807,36224
32252,23781,36162
32276,23749,36040
32317,23724,35997
32276,23740,36125
32356,23751,36239
32334,23779,35981
32316,23819,36167
32378,23832,36099
32473,23828,36087
32544,23802,36168
32409,23780,36188
32298,23760,36156
32308,23733,36089
32382,23734,36140
32548,23746,36116
32696,23783,36264
32696,23821,36025
32637,23834,36359
32500,23839,36268
32376,23808,36287
32328,23781,36265
32308,23750,36225
32328,23730,36201
32294,23737,36105
32313,23760,36290
32344,23773,36252
32376,23815,36304
32484,23839,36280
32514,23838,36375
32446,23809,36454
32320,23793,36392
32340,23752,36460
32236,23737,36359
32117,23745,36372
32064,23764,36113
32134,23791,36276
32468,23817,36246
32736,23838,36292
32916,23836,36375
32968,23815,36261
33016,23791,36313
32968,23753,36181
32840,23749,36240
32792,23749,36124
32848,23761,36136
33020,23793,36042
33156,23827,35940
33168,23839,35884
33204,23844,35845
33184,23821,35865
33166,23786,35663
33132,23756,35820
32960,23743,35809
32929,23741,35879
32972,23765,35777
33064,23796,35759
33110,23815,35708
33216,23846,35664
33244,23847,35636
33188,23826,35654
33176,23794,35604
33200,23761,35581
33216,23748,35548
33268,23756,35424
33293,23773,35605
33324,23796,35520
33365,23821,35492
33376,23854,35476
33296,23834,35320
33084,23825,35432
32880,23785,35421
32736,23769,35281
32587,23748,35332
32665,23749,35165
32714,23774,35412
32716,23807,35269
32788,23833,35159
32768,23851,35180
32720,23848,35174
32665,23828,35175
32616,23797,35118
32628,23754,35112
32712,23751,35116
32732,23747,35070
32640,23783,35165
32586,23805,35132
32636,23843,34976
32596,23854,35108
32425,23852,35095
32286,23825,35183
32272,23810,35071
32324,23772,35122
32400,23759,34909
32532,23756,35020
32532,23780,35100
32596,23812,34788
32652,23843,34906
32789,23861,34980
32916,23849,35004
33024,23831,35060
32920,23806,34757
32876,23777,34935
32772,23765,34991
32660,23756,34965
32653,23787,35029
32812,23814,34799
32908,23844,34904
32900,23869,34913
32858,23859,34934
32788,23837,34936
32780,23808,34813
32754,23789,34924
32698,23766,34960
32660,23768,34940
32704,23797,34944
32848,23813,34788
32895,23863,34933
32876,23870,34808
32740,23861,34871
32704,23845,34883
32708,23818,35005
32712,23785,34917
32768,23775,35015
32744,23777,35109
32812,23802,35068
32828,23821,35015
32816,23853,35052
32736,23871,35140
32680,23872,35212
32644,23854,35185
32648,23815,35212
32669,23789,35240
32629,23781,35334
32676,23779,35279
32736,23792,35269
32832,23833,35245
32857,23864,35386
32876,23879,35380
32884,23866,35477
32932,23845,35505
32854,23829,35439
32668,23795,35648
32545,23780,35636
32500,23780,35748
32532,23805,35720
32572,23831,35857
32672,23872,35814
32836,23876,35881
32916,23875,35763
32912,23852,35916
32988,23827,35916
32927,23792,36013
32828,23781,36056
32820,23789,36110
32840,23810,36197
32844,23845,36236
32980,23869,36317
33008,23886,36335
33020,23879,36359
32916,23851,36417
32846,23835,36381
32736,23798,36423
32672,23783,36469
32698,23795,36622
32717,23817,36781
32648,23841,36767
32540,23878,36859
32510,23881,36877
32500,23879,36991
32544,23863,36980
32628,23829,37149
32596,23811,36844
32545,23785,37143
32576,23789,36975
32756,23823,37302
32792,23841,37328
32814,23872,37503
32894,23893,37164
32892,23884,37373
32832,23865,37279
32764,23847,37703
32697,23805,37639
32636,23795,37765
32696,23805,37732
32800,23831,37894
32929,23844,37588
32945,23885,37951
32892,23903,37924
32760,23891,38087
32656,23866,37999
32681,23840,38116
32704,23815,37816
32716,23795,38223
32700,23803,38044
32752,23829,38207
32902,23855,38252
32952,23880,38339
32902,23899,38384
32812,23902,38391
32765,23872,38259
32604,23855,38617
32452,23814,38501
32304,23794,38517
32285,23804,38529
32312,23831,38407
32396,23852,38828
32480,23885,38789
32656,23905,38931
32624,23893,38569
32548,23876,38848
32432,23847,38869
32346,23815,38980
32264,23803,38959
32288,23797,39039
32300,23835,39093
32312,23863,39151
32172,23877,39279
32092,23892,39237
32164,23893,39395
32288,23875,38988
32320,23845,39292
32412,23815,39076
32332,23799,39287
32360,23821,39354
32488,23832,39469
32485,23860,39570
32516,23894,39500
32472,23903,39575
32368,23896,39581
32350,23879,39733
32388,23844,39401
32453,23813,39628
32512,23803,39454
32538,23798,39837
32621,23833,39724
32716,23849,39829
32884,23893,39795
33052,23896,39918
33068,23898,39517
32992,23876,39826
32844,23845,39884
32877,23815,39982
32932,23803,39829
32992,23804,39900
33152,23828,39991
33388,23852,40008
33766,23901,40108
34004,23905,40056
34028,23903,40197
33852,23880,39773
33920,23858,39994
34168,23838,40049
34416,23825,40065
34680,23841,40117
34257,23856,40181
33376,23892,40180
33044,23919,40206
32504,23940,40228
31296,23919,40220
30688,23899,40364
30778,23869,40455
31032,23839,40397
31316,23823,40405
31578,23828,40450
31816,23851,40440
32004,23874,40485
32168,23901,40565
32292,23911,40590
32405,23908,40288
32420,23887,40737
32344,23861,40684
32316,23825,40757
32401,23804,40697
32468,23826,40852
32480,23843,40788
32332,23869,40940
32388,23905,40823
32562,23923,40943
32700,23897,40852
32788,23882,40822
32764,23848,40833
32724,23823,40945
32708,23806,41089
32836,23823,40758
32968,23838,41036
33057,23853,40667
33080,23899,41059
33084,23909,41024
33004,23895,41094
32924,23879,41256
32726,23851,41144
32668,23821,41089
32680,23801,41060
32752,23821,41261
32808,23845,41348
32952,23855,41222
33100,23892,41317
33268,23908,41321
33348,23902,41362
33416,23876,41397
33388,23852,41410
33288,23815,41476
33188,23809,41548
33018,23815,41700
32888,23831,41597
32884,23861,41616
33128,23900,41607
33416,23911,41790
33532,23887,41287
33464,23871,41668
33332,23844,41597
33084,23815,41692
33030,23793,41696
33092,23810,41420
33208,23839,41812
33264,23860,41701
33184,23889,41735
33105,23900,41673
33164,23892,41767
33242,23869,41655
33296,23847,41566
33268,23815,41516
33264,23805,41537
33388,23815,41615
33604,23833,41757
33660,23862,41589
33796,23895,41695
33832,23909,41599
33772,23891,41719
33664,23876,41590
33572,23846,41700
33469,23811,41572
33392,23804,41513
33440,23817,41479
33548,23833,41463
33576,23869,41572
33632,23900,41540
33604,23908,41632
33636,23893,41785
33668,23868,41398
33652,23845,41585
33584,23812,41665
33500,23806,41700
33354,23805,41680
33368,23838,41664
33436,23860,41645
33524,23896,41641
33632,23916,41672
33637,23887,41788
33596,23865,41765
33552,23847,41556
33428,23814,41676
33166,23805,41581
33020,23805,41709
32984,23829,41967
33088,23859,41493
33236,23899,41733
33328,23903,41775
33296,23901,41876
33256,23879,42028
33060,23841,41516
32900,23812,41805
32813,23803,41812
32868,23812,41923
32948,23841,42023
32948,23855,41805
33032,23889,41920
33136,23911,41909
33049,23901,41952
33012,23874,41825
32984,23847,41991
32948,23807,42090
32960,23799,41687
33016,23815,41948
33049,23841,42104
33076,23860,41764
33076,23897,42008
33054,23910,42161
32944,23898,42020
32704,23878,41949
32632,23855,41964
32640,23813,42049
32628,23807,42223
32648,23828,41848
32768,23841,41981
32860,23875,42221
32976,23899,42104
32997,23902,42200
32896,23900,42064
32764,23878,42207
32788,23852,42223
32696,23812,42013
32588,23800,42185
32662,23813,42334
32774,23842,41868
32925,23864,42180
33060,23894,42356
33048,23909,42266
32976,23904,42224
32888,23879,42340
32868,23839,42351
32736,23813,42312
32656,23804,42441
32664,23817,42357
32740,23841,42432
32916,23869,42042
33140,23898,42468
33308,23903,42311
33292,23895,42453
32992,23871,42540
32752,23859,42116
32572,23811,42464
32476,23805,42551
32512,23823,42495
32652,23837,42582
32804,23858,42485
33072,23896,42517
33152,23911,42404
33136,23895,42490
32984,23879,42396
32912,23855,42569
32840,23812,42535
32872,23799,42429
33000,23815,42432
33224,23842,42566
33356,23861,42399
33320,23899,42433
33216,23910,42565
33024,23905,42605
32873,23876,42160
32752,23841,42437
32704,23812,42404
32660,23808,42481
32601,23815,42520
32576,23845,42477
32624,23866,42399
32672,23894,42405
32725,23905,42375
32752,23895,42428
32664,23881,42365
32508,23849,42300
32504,23815,42354
32496,23805,42436
32492,23825,42333
32612,23835,42356
32612,23867,42263
32788,23901,42343
32944,23909,42103
33032,23901,42208
33006,23856,42292
32916,23836,41798
32820,23801,42039
32724,23799,42212
32720,23813,42112
32700,23836,42183
32704,23869,41924
32752,23898,42028
32796,23908,42101
32770,23892,41788
32725,23861,41944
32640,23838,41871
32609,23808,41964
32616,23806,41847
32832,23817,41969
32908,23835,41434
32869,23860,41666
32801,23895,41888
32812,23904,41501
32769,23895,41717
32836,23864,41701
32820,23844,41664
32773,23817,41580
32700,23805,41639
32652,23815,41653
32680,23839,41424
32728,23868,41509
32784,23899,41652
32804,23906,41492
32936,23895,41532
33006,23870,41340
32904,23847,41332
32666,23804,41396
32492,23799,41423
32408,23815,41465
32576,23838,41387
32704,23865,41339
32720,23905,41162
32724,23903,41256
32664,23895,41264
32596,23868,41400
32384,23840,41237
32160,23805,41204
32208,23806,41160
32288,23814,41107
32302,23843,41108
32344,23858,41094
32484,23894,41104
32685,23897,41028
32712,23898,41236
32580,23863,41076
32448,23842,40967
32340,23799,41087
32244,23804,41012
32316,23808,41116
32409,23828,40997
32432,23857,41019
32489,23895,40924
32548,23894,40868
32548,23893,40825
32516,23867,40828
32488,23824,40929
32428,23798,40879
32432,23791,40898
32485,23806,40652
32388,23832,40815
32480,23865,40863
32552,23888,40813
32648,23888,40912
32712,23883,40796
32752,23858,40901
32716,23834,40766
32696,23800,40821
32772,23783,40591
32825,23793,40652
32968,23820,40776
33172,23852,40469
33381,23879,40568
33396,23892,40601
33352,23883,40687
33433,23848,40655
33656,23831,40612
33892,23803,40653
34088,23798,40628
34076,23807,40693
34228,23833,40599
34466,23869,40735
34760,23903,40569
34894,23917,40593
34392,23903,40535
33460,23877,40526
33024,23841,40432
32408,23819,40484
31136,23805,40484
30496,23823,40605
30492,23845,40148
30737,23868,40407
31021,23897,40487
31445,23892,40469
31852,23884,40368
32144,23867,40394
32180,23831,40420
32056,23810,40499
31958,23789,40436
31960,23805,40377
32122,23828,40327
32360,23854,40344
32732,23887,40293
32944,23887,40327
32788,23877,40473
32612,23861,39984
32464,23829,40281
32344,23788,40252
32396,23788,40172
32492,23794,40022
32528,23823,40244
32576,23844,39917
32493,23887,40303
32500,23884,40215
32508,23869,40151
32568,23849,40135
32584,23815,40071
32494,23791,40039
32449,23781,40064
32472,23799,40103
32585,23814,40076
32665,23850,40088
32796,23881,40060
32708,23876,40127
32592,23864,40126
32477,23841,40114
32328,23815,40247
32293,23780,40116
32288,23783,40052
32352,23783,40150
32508,23813,40020
32584,23839,40088
32568,23877,40179
32408,23872,40080
32448,23858,40038
32416,23845,40044
32285,23807,40047
32184,23785,40153
32194,23769,40012
32336,23785,39926
32556,23806,39913
32680,23839,39841
32844,23876,39767
32900,23864,39574
32869,23863,39943
32784,23825,39774
32621,23804,39802
32488,23781,39720
32452,23770,39676
32576,23783,39588
32720,23815,39600
32900,23833,39653
33025,23859,39197
33061,23865,39332
33024,23856,39351
32988,23829,39332
33024,23807,39332
33017,23767,39276
32856,23760,39352
32888,23781,39195
33010,23797,39229
33102,23825,39108
33220,23856,38964
33255,23865,38983
33148,23849,39016
33037,23836,39085
33108,23790,38622
33152,23775,38949
33129,23763,38771
33214,23773,38814
33296,23799,38879
33332,23831,38712
33416,23849,38725
33368,23852,38804
33236,23849,38375
33072,23820,38532
33020,23782,38437
32916,23759,38516
32924,23756,38575
32824,23778,38505
32741,23795,38344
32453,23827,38427
32400,23857,38392
32592,23862,38391
32768,23839,38284
32970,23810,38217
33016,23786,38244
32871,23756,38151
32812,23756,38205
32820,23767,37919
32816,23790,38071
32868,23815,37719
32908,23849,37824
32984,23851,37801
32869,23842,37791
32508,23815,37732
32200,23781,37737
32184,23761,37788
32356,23748,37661
32484,23767,37652
32536,23788,37548
32582,23820,37437
32624,23860,37355
32756,23845,37153
32878,23837,37311
32892,23815,37085
32760,23783,37236
32648,23764,37150
32548,23757,36932
32640,23768,37120
32696,23790,37076
32736,23821,37119
32808,23853,36986
32953,23846,36853
33028,23836,36881
33056,23815,36831
32976,23775,36798
32850,23748,36853
32740,23751,36732
32772,23767,36607
32788,23777,36609
32916,23815,36509
33034,23849,36583
33072,23847,36524
32872,23837,36533
32584,23814,36452
32408,23781,36479
32364,23757,36340
32480,23743,36231
32616,23758,36203
32900,23788,36263
33088,23806,36250
33132,23852,36223
33101,23852,36250
32964,23830,36157
32788,23804,36144
32648,23783,35854
32678,23755,36135
32644,23751,36033
32636,23757,36031
32800,23782,35964
32996,23823,35847
33152,23838,35896
33212,23844,35809
33132,23832,35967
32960,23798,35862
32788,23780,35831
32705,23749,35813
32636,23750,35728
32811,23756,35735
32920,23780,35656
32924,23804,35642
32908,23837,35479
32920,23847,35780
32908,23833,35678
32856,23809,35577
32892,23783,35694
32928,23735,35364
32972,23741,35545
33024,23752,35533
33132,23773,35421
33160,23815,35409
33078,23839,35368
32998,23839,35381
32893,23816,35271
32864,23793,35300
32864,23773,35254
32869,23749,35305
32748,23733,35325
32672,23759,35304
32768,23777,35241
32948,23806,35133
33124,23844,35195
33158,23833,34949
33037,23815,35108
32968,23791,34905
32836,23768,35189
32704,23751,35070
32656,23743,34948
32698,23749,34950
32772,23769,34984
32821,23806,34988
32833,23829,34866
32905,23838,34781
32925,23815,34951
32824,23791,34645
32777,23767,34901
32624,23735,34789
32532,23727,34653
32584,23749,34656
32613,23777,34493
32558,23810,34718
32644,23832,34626
32702,23829,34412
32712,23816,34627
32708,23796,34345
32661,23753,34566
32550,23735,34528
32444,23723,34415
32508,23747,34540
32612,23765,34415
32688,23799,34433
32824,23837,34439
32900,23828,34282
32900,23807,34372
32778,23788,34148
32624,23759,34369
32504,23729,34197
32480,23735,34277
32485,23746,34156
32580,23763,34224
32728,23804,34101
32848,23828,34195
32872,23819,34201
32936,23805,34054
32820,23789,34125
32872,23753,33977
32791,23729,34156
32928,23717,34118
33132,23741,34164
33208,23767,34068
33190,23803,34109
33229,23819,34047
33332,23825,34021
33284,23813,33967
33133,23778,33956
33004,23751,33966
32872,23724,33863
32788,23719,33805
32816,23742,33811
32832,23759,33748
32844,23789,33845
32832,23823,33773
32844,23825,33829
32852,23798,33694
32828,23781,33716
32752,23751,33683
32590,23720,33791
32434,23716,33797
32328,23738,33757
32353,23761,33754
32532,23783,33720
32688,23810,33705
32742,23822,33708
32693,23798,33765
32808,23772,33505
32841,23748,33746
32788,23725,33692
32596,23726,33740
32496,23729,33671
32496,23756,33709
32608,23783,33656
32828,23808,33639
32854,23822,33553
32820,23799,33649
32741,23767,33622
32609,23751,33650
32532,23712,33696
32592,23714,33638
32676,23716,33692
32656,23754,33643
32782,23783,33660
32816,23811,33620
32928,23796,33509
33060,23786,33636
33188,23760,33647
33368,23724,33445
33468,23701,33668
33485,23706,33663
33516,23713,33722
33586,23751,33652
33764,23769,33472
34156,23799,33543
34480,23804,33634
34556,23787,33693
34644,23758,33587
34712,23739,33620
34848,23703,33560
35104,23713,33774
35200,23724,33712
35060,23760,33509
35112,23785,33735
35280,23821,33735
35400,23823,33615
35008,23810,33720
33856,23777,33588
33016,23754,33828
32532,23725,33797
31256,23727,33684
30460,23742,33743
30600,23762,33858
31096,23789,33876
31412,23808,33888
31636,23808,33930
31829,23793,33908
31992,23769,33880
32224,23740,33946
32321,23706,33969
32352,23711,34061
32336,23721,33837
32388,23749,34036
32532,23777,34047
32641,23796,34093
32672,23796,34068
32692,23781,33975
32648,23753,34004
32624,23724,34012
32568,23698,34124
32532,23700,34172
32584,23721,33960
32669,23744,34189
32684,23765,34084
32748,23788,34271
32748,23789,34216
32669,23781,34308
32624,23753,34261
32472,23721,34328
32448,23687,34308
32553,23687,34356
32576,23716,34370
32493,23733,34439
32564,23762,34212
32752,23790,34364
33081,23780,34491
33253,23769,34388
33292,23743,34453
33196,23722,34345
33044,23695,34535
32960,23678,34423
32932,23701,34608
32989,23727,34661
32984,23766,34708
33132,23780,34685
33204,23781,34625
33356,23767,34668
33340,23742,34725
33164,23714,34761
32976,23681,34670
32901,23690,34735
33074,23705,34575
33316,23726,34871
33336,23749,34807
33248,23783,34716
33174,23777,34692
33256,23761,34631
33373,23733,34714
33312,23703,34663
33052,23684,34695
32932,23681,34636
32908,23699,34636
33061,23714,34612
33340,23744,34684
33469,23775,34580
33504,23783,34692
33444,23756,34684
33328,23737,34649
33228,23701,34636
33188,23675,34520
33262,23681,34655
33288,23696,34624
33380,23713,34591
33518,23742,34589
33568,23772,34601
33580,23769,34581
33524,23753,34607
33445,23717,34356
33400,23701,34488
33369,23669,34428
33328,23674,34436
33320,23683,34426
33396,23710,34535
33468,23741,34412
33544,23764,34401
33484,23754,34494
33381,23740,34452
33217,23714,34481
33104,23689,34415
33100,23660,34503
33160,23669,34556
33238,23678,34473
33320,23702,34435
33216,23735,34256
33113,23760,34514
32992,23753,34234
32762,23732,34418
32608,23714,34228
32596,23682,34295
32580,23663,34321
32732,23663,34388
32901,23663,34425
32929,23700,34128
32904,23726,34303
32928,23753,34336
32864,23753,34301
32776,23732,34335
32652,23713,34277
32605,23687,34215
32568,23653,34245
32456,23653,34241
32377,23677,34201
32314,23698,34057
32352,23727,34134
32464,23754,34079
32668,23754,34094
32712,23732,33919
32720,23711,34184
32652,23665,34109
32684,23653,33997
32712,23659,34034
32768,23671,33936
32812,23700,34014
32921,23737,33856
33000,23735,34073
32928,23749,33808
32864,23735,33952
32805,23708,33881
32756,23682,33967
32680,23652,33903
32686,23659,33929
32824,23668,33838
32960,23705,33911
33068,23735,33844
33068,23756,33817
32954,23738,33865
32920,23729,33844
33000,23709,33861
32938,23671,33809
32852,23657,33856
32756,23659,33652
32804,23671,33708
32880,23697,33769
32976,23725,33612
33024,23750,33787
33044,23747,33751
33022,23733,33595
32904,23697,33678
32780,23668,33684
32718,23641,33775
32676,23650,33653
32788,23660,33708
32856,23693,33595
32928,23731,33724
32940,23741,33789
32880,23743,33534
32834,23729,33637
32736,23703,33806
32604,23672,33631
32480,23650,33772
32488,23645,33829
32496,23673,33764
32353,23692,33823
32441,23719,33579
32617,23737,33681
32720,23743,33600
32796,23727,33695
32860,23690,33588
32865,23670,33847
32780,23643,33793
32680,23648,33826
32688,23658,33574
32668,23694,33838
32660,23719,33602
32712,23742,33722
32680,23743,33684
32712,23725,33748
32708,23693,33790
32692,23661,33517
32596,23645,33625
32393,23647,33577
32298,23652,33584
32472,23682,33598
32492,23716,33680
32620,23740,33661
32809,23741,33492
32765,23713,33549
32624,23687,33516
32468,23663,33604
32380,23649,33564
32389,23637,33580
32408,23658,33477
32448,23687,33468
32540,23715,33438
32638,23729,33536
32676,23728,33392
32709,23715,33481
32648,23690,33401
32488,23663,33428
32324,23633,33415
32268,23639,33509
32312,23659,33535
32400,23687,33314
32513,23716,33445
32537,23736,33517
32472,23735,33471
32292,23709,33446
32224,23691,33432
32204,23663,33424
32176,23641,33436
32012,23632,33503
31972,23658,33444
32128,23683,33472
32344,23708,33311
32556,23733,33432
32640,23731,33381
32664,23711,33254
32580,23695,33341
32556,23649,33388
32380,23624,33439
32284,23630,33427
32300,23650,33254
32364,23680,33479
32495,23703,33238
32532,23724,33365
32628,23731,33308
32775,23706,33450
32724,23684,33255
32548,23655,33423
32428,23630,33367
32332,23625,33457
32433,23652,33519
32656,23674,33273
32778,23709,33396
32799,23719,33341
32756,23726,33372
32665,23710,33319
32602,23679,33455
32580,23649,33353
32580,23633,33415
32622,23636,33367
32644,23649,33498
32724,23676,33519
32853,23709,33493
32972,23732,33484
33092,23725,33292
32989,23705,33441
32714,23687,33378
32404,23649,33415
32376,23639,33331
32552,23633,33609
32708,23653,33551
32856,23670,33584
32884,23705,33572
32849,23731,33633
32812,23717,33577
32879,23707,33561
32988,23684,33431
33048,23648,33657
32960,23631,33592
32848,23625,33503
32768,23645,33532
32696,23676,33455
32804,23700,33671
32933,23718,33742
32920,23724,33708
32952,23701,33773
32916,23681,33536
32764,23642,33768
32636,23632,33578
32548,23631,33817
32400,23639,33597
32280,23668,33764
32228,23706,33671
32240,23721,33759
32225,23719,33743
32201,23693,33909
32192,23674,33854
32196,23647,33938
32040,23617,33865
32200,23620,34004
32320,23648,34017
32332,23665,34076
32304,23698,34172
32320,23719,33935
32144,23708,34183
32121,23687,34048
32130,23666,34125
32204,23640,34157
32268,23618,34208
32373,23623,34354
32534,23645,34412
32717,23668,34335
32784,23694,34479
32816,23716,34335
32768,23707,34552
32776,23687,34541
32852,23673,34431
33008,23626,34764
33100,23607,34750
33102,23612,34852
33256,23638,34833
33460,23655,34930
33740,23687,34897
34112,23719,34959
34532,23701,34753
34721,23674,35103
34776,23657,35079
34772,23624,35183
34784,23597,35158
34952,23620,35144
35068,23636,35220
34984,23668,35158
34772,23694,35288
34749,23724,35239
34586,23716,35359
34518,23703,35389
34012,23680,35444
32752,23642,35388
31740,23641,35497
31582,23639,35479
30788,23649,35556
29896,23680,35517
29761,23715,35624
30161,23728,35586
30580,23718,35744
31092,23695,35780
31532,23664,35924
31780,23630,35752
31780,23622,36122
31664,23621,36092
31821,23647,36121
32072,23662,36180
32284,23695,36254
32336,23716,36257
32108,23713,36231
31864,23687,36260
31872,23669,36330
31992,23637,36431
32252,23604,36554
32386,23616,36516
32448,23631,36676
32480,23661,36609
32524,23699,36632
32602,23711,36430
32540,23708,36801
32492,23682,36528
32440,23660,36676
32372,23632,36773
32248,23608,36868
32212,23614,36959
32344,23631,36937
32480,23661,37087
32501,23682,36764
32568,23701,36991
32548,23714,37036
32484,23682,37135
32352,23663,37288
32260,23621,37244
32205,23603,37372
32264,23607,37036
32268,23633,37330
32324,23666,37383
32416,23681,37412
32500,23708,37519
32482,23696,37228
32468,23679,37433
32392,23663,37470
32216,23623,37533
32108,23604,37653
32116,23617,37567
32196,23634,37620
32431,23647,37316
32544,23687,37511
32592,23711,37541
32548,23694,37615
32444,23676,37735
32453,23655,37341
32384,23619,37584
32388,23604,37418
32644,23612,37573
32760,23629,37559
32909,23649,37493
33152,23685,37508
33308,23703,37556
33376,23702,37574
33310,23680,37568
33180,23645,37596
33100,23620,37525
33056,23601,37485
33138,23601,37511
33184,23628,37549
33280,23659,37519
33352,23692,37492
33352,23702,37383
33290,23692,37383
33264,23677,37441
33200,23655,37188
33040,23623,37417
32932,23605,37383
32860,23610,37381
32893,23634,37381
32992,23650,37368
33146,23687,37300
33264,23701,37434
33248,23708,37164
33108,23673,37300
32973,23647,37229
32818,23618,37341
32720,23612,37177
32720,23610,36951
32752,23631,37188
32784,23659,37154
32856,23687,37262
32840,23706,36938
32824,23701,37116
32840,23673,37240
32776,23647,37039
32672,23620,37122
32464,23601,37102
32428,23606,37136
32316,23626,36965
32388,23660,37063
32449,23685,37021
32524,23705,37124
32540,23697,36965
32500,23677,36956
32464,23653,36885
32368,23623,36994
32273,23607,36804
32152,23606,36865
32172,23624,36808
32265,23650,36813
32420,23684,36719
32580,23706,36736
32573,23703,36591
32476,23687,36757
32501,23645,36572
32440,23620,36357
32332,23602,36535
32396,23604,36503
32504,23629,36412
32520,23661,36417
32648,23687,36352
32724,23702,36423
32748,23707,36199
32681,23679,36252
32572,23652,36228
32500,23625,36116
32420,23606,36057
32336,23604,36103
32416,23633,35953
32516,23671,35980
32678,23699,35778
32812,23712,35860
32828,23700,35980
32804,23676,35759
32680,23653,35577
32564,23620,35759
32620,23606,35711
32700,23610,35765
32717,23636,35550
32720,23663,35640
32645,23698,35605
32624,23710,35532
32576,23706,35520
32532,23684,35392
32544,23663,35535
32564,23631,35316
32540,23613,35153
32504,23623,35232
32604,23630,35271
32712,23670,35154
32894,23702,35078
32996,23717,35205
33048,23715,35152
32995,23687,35108
32928,23667,35180
32812,23637,35065
32764,23623,34972
32760,23620,34896
32788,23639,34757
32840,23660,34964
32950,23695,34911
33004,23717,34868
32984,23708,34841
32920,23692,34708
32797,23670,34778
32708,23637,34668
32656,23620,34733
32696,23628,34621
32760,23648,34500
32804,23678,34567
32896,23708,34535
32889,23719,34400
32879,23714,34510
32816,23693,34351
32664,23669,34208
32620,23641,34339
32524,23623,34252
32484,23631,34334
32572,23648,34181
32672,23681,33997
32780,23705,34180
32828,23719,34134
32781,23708,34161
32744,23700,33935
32740,23669,34055
32776,23639,33924
32748,23624,34020
32712,23621,33959
32700,23651,33836
32718,23671,33962
32812,23711,33757
32916,23719,33869
32940,23724,33910
32828,23699,33622
32724,23671,33710
32652,23634,33724
32592,23620,33784
32464,23641,33656
32310,23660,33610
32276,23687,33718
32412,23709,33708
32656,23725,33695
32722,23716,33573
32613,23697,33543
32540,23669,33652
32424,23641,33680
32412,23623,33439
32544,23639,33516
32784,23663,33516
32936,23684,33602
32952,23713,33493
32964,23725,33487
32900,23721,33553
32781,23703,33488
32668,23680,33388
32548,23641,33388
32452,23625,33406
32436,23636,33460
32496,23660,33487
32548,23687,33228
32612,23721,33383
32656,23735,33368
32660,23725,33228
32608,23705,33335
32504,23676,33312
32376,23636,33213
32304,23631,33068
32332,23633,33223
32402,23657,33156
32504,23688,33183
32557,23713,33101
32589,23726,33156
32520,23732,33060
32436,23697,32959
32320,23686,33042
32212,23655,33025
32196,23625,33031
32152,23636,32894
32268,23653,32940
32373,23690,32948
32380,23716,32859
32384,23743,32925
32396,23719,32941
32360,23699,32692
32352,23679,32827
32344,23655,32646
32312,23628,32775
32348,23637,32622
32389,23670,32701
32480,23693,32741
32552,23730,32593
32636,23739,32647
32613,23732,32815
32468,23709,32604
32388,23682,32556
32388,23660,32735
32324,23633,32775
32172,23640,32679
32094,23665,32589
32192,23694,32729
32308,23722,32757
32396,23741,32655
32492,23737,32563
32446,23711,32733
32556,23688,32799
32680,23661,32628
32828,23647,32781
32838,23646,32703
32704,23678,32855
32676,23703,32699
32806,23740,32655
32928,23759,32836
32960,23738,32852
33052,23707,32751
33052,23684,32906
32912,23662,32697
32728,23642,32871
32652,23655,32972
32692,23672,32808
32718,23705,32961
32772,23734,33001
32768,23748,32865
32676,23740,33028
32596,23711,32977
32528,23687,32924
32476,23663,33089
32384,23649,33087
32368,23663,33143
32440,23679,33084
32572,23708,33001
32616,23737,33213
32584,23748,33125
32516,23746,33313
32480,23726,33141
32492,23700,33300
32468,23671,33225
32396,23652,33281
32396,23655,33164
32436,23681,33375
32552,23711,33394
32664,23737,33412
32688,23755,33258
32576,23756,33465
32368,23717,33533
32314,23697,33404
32217,23662,33541
32128,23651,33532
32216,23660,33645
32408,23695,33405
32644,23711,33598
32948,23748,33626
33184,23754,33448
33248,23746,33642
33368,23727,33704
33628,23696,33633
33772,23666,33580
33888,23665,33557
33889,23668,33695
34024,23687,33817
34192,23716,33668
34446,23748,33799
34633,23759,33708
34844,23772,33871
34996,23732,33632
34956,23708,33836
34764,23685,33832
34504,23675,33745
34416,23693,33917
34204,23725,33665
34048,23750,33860
33192,23785,33857
31752,23803,33731
31084,23799,33834
30766,23766,33885
29888,23743,33736
29556,23708,33872
29792,23700,33938
30276,23708,33759
30714,23725,33687
31104,23751,33887
31448,23780,33779
31744,23797,33920
31920,23781,33663
31940,23756,33787
31812,23730,33822
31628,23706,33868
31639,23693,33828
31776,23703,33799
31916,23717,33637
32028,23743,33837
32096,23782,33718
32188,23790,33841
32144,23782,33622
32017,23763,33712
31956,23737,33769
31900,23684,33806
31884,23693,33846
31900,23703,33563
31982,23717,33649
32132,23743,33751
32272,23788,33737
32328,23791,33633
32308,23784,33681
32280,23767,33721
32184,23736,33656
32176,23706,33783
32140,23687,33537
32100,23703,33733
32204,23725,33668
32344,23748,33618
32421,23789,33748
32404,23805,33692
32304,23787,33781
32200,23765,33541
32168,23740,33639
32200,23709,33668
32212,23693,33529
32236,23701,33524
32284,23724,33735
32288,23751,33599
32345,23797,33756
32460,23798,33554
32432,23789,33478
32348,23767,33607
32168,23739,33599
32180,23711,33439
32180,23707,33529
32208,23711,33620
32238,23732,33414
32272,23751,33476
32421,23789,33517
32468,23802,33256
32360,23790,33440
32180,23769,33280
32192,23747,33380
32192,23711,33136
32312,23691,33200
32404,23708,33148
32551,23727,33231
32620,23757,33238
32620,23788,33028
32736,23804,33127
32828,23785,33159
32817,23766,32929
32704,23744,33024
32560,23713,33045
32430,23707,32800
32388,23705,32910
32504,23732,32756
32733,23759,32744
32928,23794,32788
32876,23810,32628
32828,23805,32609
32808,23767,32623
32817,23743,32476
32793,23714,32356
32768,23708,32437
32836,23715,32429
32868,23733,32124
32948,23759,32117
33156,23807,31988
33200,23807,32050
33044,23797,31915
32792,23775,31703
32540,23748,31737
32432,23717,31529
32364,23709,31527
32304,23724,31226
32268,23746,31236
32248,23761,31135
32304,23796,30812
32401,23806,30814
32496,23799,30708
32556,23773,30369
32360,23756,30364
32140,23721,30215
31920,23712,29881
31736,23725,29855
31816,23746,29573
32041,23757,29334
32254,23797,29316
32313,23809,29055
32269,23798,28818
32128,23776,28749
32008,23757,28493
31852,23725,28370
31844,23717,28015
32036,23721,27966
32238,23737,27772
32288,23766,27409
32273,23804,27367
32074,23811,27077
31997,23798,26829
31944,23782,26664
31888,23753,26468
31836,23729,26258
31996,23711,25988
32240,23729,25876
32452,23747,25623
32498,23775,25291
32480,23801,25223
32457,23823,25014
32400,23810,24718
32440,23758,24522
32622,23751,24277
32817,23717,24049
32940,23718,23881
32972,23724,23615
32940,23756,23427
32760,23778,23081
32669,23809,22862
32672,23817,22708
32738,23811,22478
32806,23787,22256
32764,23764,22059
32672,23726,21775
32544,23719,21569
32480,23731,21380
32644,23750,21169
32812,23780,20917
32928,23815,20718
32936,23823,20492
32833,23814,20277
32660,23784,20049
32516,23769,19822
32416,23740,19606
32352,23724,19415
32408,23733,19173
32636,23755,18955
32760,23783,18756
32928,23814,18560
32992,23822,18357
32848,23809,18157
32860,23787,17930
32612,23761,17777
32526,23726,17600
32516,23719,17415
32512,23731,17205
32544,23756,17021
32564,23781,16800
32752,23820,16634
32736,23825,16403
32480,23819,16334
32282,23785,16054
32233,23764,15860
32124,23733,15777
32216,23725,15535
32585,23740,15387
32880,23758,15182
33040,23781,15070
33140,23820,14807
33032,23826,14659
32804,23808,14423
32617,23792,14283
32480,23770,14138
32445,23732,14060
32516,23729,13904
32472,23735,13590
32372,23757,13500
32420,23788,13236
32672,23821,13140
33040,23828,13079
33274,23808,12799
33224,23788,12583
33016,23761,12511
32844,23733,12277
32784,23725,12270
32676,23734,11959
32508,23757,11861
32533,23785,11654
32640,23820,11634
32772,23831,11308
32828,23820,11169
32763,23797,11183
32692,23777,10908
32538,23732,10819
32397,23727,10784
32268,23740,10465
32316,23765,10351
32408,23789,10262
32504,23831,10170
32640,23836,10009
32616,23820,10008
32448,23789,9735
32236,23777,9732
32076,23748,9569
32132,23730,9574
32396,23743,9402
32605,23765,9264
32572,23782,9178
32536,23826,9077
32448,23834,9025
32444,23819,8906
32469,23796,8878
32565,23767,8916
32612,23738,8736
32504,23729,8610
32196,23748,8578
32020,23765,8643
32144,23794,8455
32464,23828,8356
32745,23833,8364
32968,23822,8292
33064,23801,8251
33092,23775,8353
32917,23750,8270
32692,23740,8067
32472,23744,8100
32433,23768,8113
32492,23803,7998
32517,23826,8014
32572,23833,8085
32574,23823,7947
32476,23796,7972
32320,23769,8090
32376,23747,7910
32514,23741,7886
32676,23757,8008
32804,23774,7957
32793,23796,8070
32792,23830,7974
32769,23845,7856
32660,23826,7983
32568,23802,8031
32468,23783,8072
32374,23748,7910
32328,23726,7988
32385,23743,7992
32492,23777,8092
32493,23793,8015
32701,23824,8164
32836,23832,8121
32832,23828,8203
32832,23803,8229
32808,23775,8365
32800,23741,8288
32760,23739,8443
32736,23744,8349
32751,23775,8461
32673,23796,8447
32684,23833,8597
32736,23849,8593
32949,23822,8782
32953,23805,8687
32878,23772,8825
32696,23749,9073
32504,23745,8996
32482,23755,9153
32517,23777,9229
32524,23797,9453
32564,23839,9373
32380,23847,9575
32232,23829,9625
32252,23800,9779
32208,23779,9999
32208,23743,10140
32172,23747,10199
32153,23750,10235
32244,23777,10457
32328,23800,10516
32360,23839,10819
32388,23844,10802
32348,23837,11029
32340,23807,11104
32326,23774,11262
32204,23749,11522
32116,23736,11733
32092,23754,11727
31984,23780,11903
31988,23794,12242
31976,23845,12356
31992,23840,12524
32072,23831,12661
32098,23804,12968
32120,23781,13097
32160,23748,13188
32236,23740,13449
32285,23752,13636
32428,23779,13915
32532,23802,13991
32724,23833,14200
32868,23839,14436
32928,23825,14723
32953,23807,14927
33028,23782,15044
33140,23742,15275
33296,23730,15437
33336,23743,15782
33540,23769,15911
33820,23792,16085
34136,23837,16431
34416,23841,16556
34624,23832,16783
34808,23793,16965
34896,23772,17280
35288,23735,17417
35500,23729,17637
35404,23747,17873
35384,23774,18093
35364,23808,18303
35136,23850,18490
34640,23852,18717
33584,23849,18935
32064,23828,19141
31440,23800,19380
31180,23767,19575
30292,23759,19793
29716,23777,20014
29768,23795,20234
30224,23822,20428
30781,23856,20649
31334,23856,20854
31596,23840,21075
31480,23815,21252
31344,23787,21477
31364,23752,21692
31476,23744,21816
31636,23765,22081
31604,23794,22266
31628,23805,22471
31664,23844,22580
31720,23849,22768
31816,23836,23015
31921,23810,23170
31940,23780,23390
31856,23752,23429
31796,23739,23716
31788,23751,23856
31888,23772,24055
31949,23802,24077
32058,23832,24288
32212,23838,24537
32224,23825,24663
32124,23814,24847
31968,23787,24904
31896,23753,25131
31894,23742,25305
31996,23748,25344
32084,23773,25604
32232,23800,25717
32356,23824,25838
32497,23840,25988
32520,23824,26061
32392,23803,26324
32297,23781,26415
32208,23743,26558
32160,23733,26700
32298,23747,26712
32392,23769,26900
32442,23795,27096
32617,23831,27143
32608,23826,27322
32473,23822,27292
32336,23798,27479
32325,23771,27649
32452,23733,27694
32596,23727,27865
32693,23750,27813
32792,23777,28036
32744,23795,28061
32848,23831,28201
32876,23833,28156
32892,23817,28386
32784,23803,28444
32696,23769,28552
32772,23746,28438
32868,23724,28574
32976,23741,28714
33052,23767,28796
33032,23798,28741
32988,23833,28833
33092,23829,28924
33080,23821,28978
33064,23792,28965
32996,23770,29165
32900,23736,29149
32824,23740,29119
32796,23740,29333
32884,23780,29278
33104,23797,29421
33324,23829,29319
33372,23828,29517
33365,23820,29575
33212,23796,29434
33192,23769,29606
33248,23734,29652
33183,23725,29580
33160,23743,29593
33236,23765,29678
33348,23797,29770
33456,23831,29631
33506,23826,29703
33396,23813,29791
33372,23796,29746
33324,23763,29868
33232,23732,29812
33252,23727,29765
33277,23740,29916
33373,23760,29886
33432,23798,29856
33301,23828,29789
33112,23833,29885
32948,23815,29962
32824,23789,29813
32728,23759,29980
32712,23727,29882
32744,23717,29912
32792,23735,29855
32912,23751,29972
32924,23786,30001
33044,23822,29831
33004,23818,29996
32878,23812,29996
32708,23784,29863
32580,23757,29833
32392,23737,29988
32266,23728,29885
32344,23744,29924
32332,23761,29824
32420,23796,29889
32512,23814,29798
32665,23821,29974
32736,23806,29882
32672,23794,29989
32692,23766,29804
32749,23731,29959
32732,23727,29860
32748,23739,29951
32726,23765,29815
32788,23789,29906
32900,23821,29949
33052,23833,29861
33112,23805,29867
33112,23780,29847
32956,23757,29966
32701,23724,29873
32640,23721,29817
32720,23745,29953
32861,23765,29981
33068,23785,29852
33277,23827,29976
33416,23826,29877
33520,23809,30012
33548,23785,29859
33396,23762,29953
33336,23735,30020
33340,23720,29857
33344,23740,29880
33396,23765,29993
33560,23789,30063
33672,23820,29892
33632,23822,30044
33556,23802,29944
33481,23781,30086
33436,23759,29899
33352,23740,30012
33424,23723,30020
33481,23732,30073
33493,23764,30076
33496,23789,30108
33592,23823,30085
33644,23813,29975
33592,23815,30148
33472,23776,30181
33400,23750,30015
33348,23740,30181
33412,23725,30135
33514,23735,30215
33512,23759,30052
33534,23796,30056
33508,23819,30198
33556,23829,30228
33501,23812,30069
33444,23784,30109
33224,23750,30140
33120,23723,30060
33128,23723,30153
33248,23733,30168
33456,23759,29986
33444,23786,30122
33608,23820,30085
33744,23815,30084
33648,23804,30044
33580,23780,29940
33489,23757,29808
33460,23724,29789
33516,23721,29877
33560,23738,29874
33810,23757,29644
33928,23789,29663
33849,23812,29549
33824,23815,29588
33836,23805,29519
33900,23779,29540
33896,23755,29383
33677,23726,29433
33504,23718,29239
33536,23729,29319
33624,23760,29169
33684,23783,29036
33776,23813,29152
33900,23809,29119
33956,23801,28975
34132,23776,28860
34228,23750,28885
34232,23727,28879
34188,23731,28726
34132,23731,28708
34060,23754,28719
34116,23789,28593
34230,23816,28635
34184,23823,28636
34076,23794,28448
34040,23772,28517
33920,23751,28487
33788,23716,28484
33712,23711,28268
33732,23725,28396
33808,23749,28391
33924,23779,28201
34084,23804,28327
34183,23805,28207
34124,23804,28188
34072,23780,28123
33960,23745,28155
33924,23711,28222
33908,23709,28161
33952,23718,28109
34040,23751,28102
34084,23783,28188
34121,23803,28037
34124,23812,28168
34128,23796,28136
34148,23773,28077
34148,23745,27991
33956,23713,28160
33852,23709,28188
33909,23720,28047
34120,23757,28177
34260,23776,28160
34308,23809,28076
34300,23801,28100
34236,23788,28263
34145,23775,28285
34108,23747,28256
34052,23716,28281
33984,23715,28311
33936,23726,28254
33998,23748,28452
34040,23775,28436
34133,23801,28368
34144,23806,28476
34128,23789,28613
33948,23763,28679
33812,23751,28615
33784,23714,28693
33904,23709,28770
33976,23724,28817
33944,23730,28973
33890,23785,28992
33924,23815,28944
33876,23804,29145
33660,23797,29157
33468,23773,29268
33308,23751,29143
33212,23719,29223
33312,23706,29397
33432,23721,29492
33532,23749,29358
33644,23773,29583
33812,23808,29537
33764,23796,29536
33604,23796,29636
33308,23772,29624
33145,23740,29847
33149,23705,29919
33229,23703,29789
33365,23711,29989
33472,23732,30007
33549,23767,30022
33624,23788,29989
33704,23797,30150
33838,23784,30204
33912,23753,30154
33777,23726,30161
33664,23703,30285
33472,23694,30348
33412,23716,30289
33396,23743,30470
33300,23765,30503
33313,23794,30441
33269,23798,30500
33396,23783,30598
33532,23759,30711
33648,23734,30541
33760,23692,30647
33868,23693,30636
33948,23715,30800
33969,23737,30830
34088,23767,30902
34500,23791,30885
34880,23787,31014
35216,23781,30871
35472,23751,31047
35544,23727,30989
35676,23711,30965
35908,23713,31162
36033,23708,31174
35744,23732,31166
35460,23765,31101
35502,23799,31287
35484,23807,31284
35327,23792,31239
34476,23775,31316
32840,23749,31445
32069,23726,31401
31824,23718,31531
30914,23734,31427
30364,23756,31622
30612,23783,31659
31100,23807,31623
31584,23815,31732
31801,23795,31823
31916,23760,31749
32076,23732,31821
32344,23698,31964
32510,23706,31986
32622,23719,31905
32636,23726,32084
32624,23758,32076
32665,23786,32204
32676,23796,32066
32737,23775,32260
32744,23756,32357
32644,23721,32217
32572,23699,32380
32640,23698,32465
32668,23719,32353
32638,23743,32460
32788,23770,32573
32832,23784,32460
32828,23789,32657
32720,23776,32792
32724,23748,32693
32784,23716,32833
32769,23690,32773
32784,23686,32895
32872,23706,33007
33024,23725,32980
33088,23751,33052
33112,23781,33221
33116,23780,33113
33060,23782,33293
33024,23740,33253
32940,23719,33428
32804,23695,33301
32745,23687,33519
32782,23703,33511
32844,23729,33671
32840,23749,33520
32704,23783,33685
32584,23783,33700
32478,23764,33613
32428,23735,33844
32376,23713,33828
32397,23687,33940
32592,23694,33817
32780,23701,33975
32990,23726,33953
33117,23759,33855
33112,23785,34031
33152,23786,34005
33109,23767,34080
33064,23751,33852
33044,23723,34037
32903,23688,34084
32988,23687,33956
33036,23709,33888
32837,23727,34085
32756,23757,34012
32800,23777,34068
32876,23790,33959
33160,23773,34116
33512,23742,34021
33656,23718,34159
33648,23687,33969
33600,23687,34112
33620,23708,34084
33620,23720,34180
33588,23757,34153
33604,23783,34028
33524,23783,34116
33328,23767,34098
33252,23740,34118
33345,23719,33979
33444,23687,33868
33338,23685,34064
33180,23701,34044
32992,23729,33983
33140,23753,33924
33152,23774,33810
33240,23776,33957
33364,23771,33980
33480,23740,33757
33428,23706,33876
33412,23685,33893
33516,23675,33661
33648,23689,33780
33920,23711,33729
34060,23740,33750
34040,23769,33497
33948,23779,33592
33892,23762,33466
33695,23739,33536
33496,23709,33254
33332,23685,33351
33093,23678,33324
32992,23697,33076
33181,23729,33082
33282,23745,32932
33376,23775,32997
33304,23777,32885
32984,23760,32761
32799,23740,32580
32724,23708,32676
32641,23684,32540
32480,23676,32492
32576,23695,32428
32600,23733,32317
32608,23755,32113
32584,23781,32169
32508,23783,31969
32425,23764,31844
32428,23754,31734
32513,23718,31803
32548,23692,31599
32544,23690,31457
32570,23706,31520
32528,23727,31333
32417,23753,31180
32564,23778,31229
32544,23785,31108
32528,23769,31049
32534,23741,30903
32468,23718,30800
32408,23694,30596
32370,23687,30663
32396,23705,30480
32424,23731,30476
32424,23763,30256
32521,23784,30199
32640,23782,30033
32692,23772,30084
32686,23757,30012
32600,23719,29788
32428,23701,29717
32264,23693,29569
32160,23711,29650
32113,23735,29495
32180,23765,29311
32240,23786,29405
32332,23795,29220
32456,23775,29176
32646,23749,29023
32852,23721,28986
32918,23696,28895
32916,23701,28805
32760,23704,28837
32672,23737,28793
32656,23771,28556
32708,23790,28644
32897,23790,28492
32948,23775,28452
33026,23750,28326
32870,23724,28307
32608,23696,28305
32460,23697,28140
32464,23718,28216
32544,23730,28180
32752,23765,28036
33136,23797,28007
33364,23801,27952
33414,23777,27997
33444,23756,27859
33372,23729,27916
33208,23697,27685
33112,23692,27781
33172,23716,27648
33205,23740,27718
33252,23766,27623
33232,23793,27519
33118,23793,27589
33048,23777,27499
33004,23755,27431
32960,23724,27378
32932,23703,27362
32912,23711,27220
32984,23724,27319
33090,23753,27264
33136,23778,27052
33168,23802,27172
33184,23804,27138
33084,23784,26932
32956,23761,26961
32760,23737,26924
32528,23718,26759
32464,23710,26789
32654,23738,26791
32760,23764,26789
32704,23777,26580
32700,23801,26671
32784,23802,26543
32876,23789,26471
32960,23769,26414
32968,23745,26436
32921,23717,26333
32880,23715,26271
32879,23725,26127
32984,23753,26243
33064,23789,26175
33093,23820,26081
32988,23813,26026
32925,23791,25856
32700,23775,25927
32593,23745,25895
32668,23709,25828
32732,23720,25838
32708,23737,25790
32772,23756,25588
32625,23786,25641
32504,23814,25632
32724,23823,25516
32960,23806,25597
33156,23773,25560
33204,23744,25399
33064,23723,25492
32962,23719,25391
32956,23751,25401
33100,23764,25269
33136,23789,25317
33148,23821,25276
33212,23828,25143
33244,23806,25161
33212,23783,25037
33069,23754,25061
32908,23735,25062
32813,23738,25013
32760,23754,24893
32728,23783,24876
32696,23804,24890
32714,23832,24814
32691,23834,24801
32600,23816,24684
32484,23789,24677
32337,23749,24546
32124,23735,24616
31956,23737,24549
31956,23755,24380
32092,23781,24476
32120,23815,24384
32192,23828,24255
32180,23833,24252
32270,23819,24275
32216,23789,24230
32120,23759,24121
32148,23741,24110
32152,23742,23992
32252,23756,24013
32348,23789,23989
32204,23810,23893
32172,23844,23916
32140,23837,23804
32156,23827,23876
32205,23792,23849
32169,23769,23718
32060,23744,23802
31920,23751,23787
32010,23752,23652
32208,23780,23732
32300,23815,23729
32443,23840,23621
32520,23836,23692
32562,23821,23653
32664,23800,23620
32661,23775,23557
32517,23745,23665
32304,23747,23625
32352,23765,23645
32480,23769,23559
32464,23815,23639
32632,23839,23616
32872,23844,23583
33076,23825,23596
33180,23799,23637
33356,23772,23642
33264,23755,23532
33272,23743,23599
33509,23760,23668
33872,23784,23649
34196,23828,23628
34429,23852,23540
34529,23849,23624
34436,23826,23671
34348,23807,23664
34564,23781,23604
34536,23757,23559
34316,23763,23685
34329,23783,23676
34520,23815,23652
34616,23851,23559
34628,23867,23685
33972,23876,23655
32840,23860,23588
32320,23843,23705
31716,23808,23687
30292,23783,23666
29671,23789,23732
29973,23799,23724
30348,23823,23719
30702,23856,23737
31078,23878,23777
31552,23868,23694
32068,23855,23828
32196,23824,23815
32432,23804,23863
32284,23782,23780
32236,23780,23754
32404,23797,23805
32592,23820,23905
32696,23852,23906
32816,23873,23884
32756,23873,23936
32708,23858,23825
32648,23829,23906
32536,23790,23934
32412,23783,23972
32356,23777,23853
32532,23794,23971
32720,23815,23965
32760,23849,23883
32632,23877,23848
32324,23877,23994
32284,23861,23968
32328,23846,23949
32528,23797,23967
32504,23780,24014
32553,23787,24014
32568,23813,24031
32656,23826,24092
32740,23855,24127
32744,23882,24021
32741,23882,24165
32804,23872,24137
32808,23837,24084
32754,23809,24121
32700,23783,24220
32744,23790,24235
32732,23805,24127
32856,23839,24180
33117,23858,24254
33128,23884,24237
33252,23884,24265
33293,23869,24123
33156,23842,24254
33048,23807,24215
32876,23786,24122
32744,23796,24162
32512,23819,24181
32540,23842,24165
32536,23868,24005
32536,23885,24109
32632,23889,24041
32820,23873,23952
32876,23844,23898
32840,23817,23977
32712,23798,23930
32688,23803,23862
32632,23829,23852
32564,23850,23676
32716,23879,23761
32860,23902,23692
32908,23895,23559
32788,23884,23525
32736,23860,23533
32744,23825,23531
32864,23807,23467
32958,23811,23460
33072,23831,23317
33108,23855,23366
33164,23887,23324
33268,23911,23233
33292,23911,23161
33324,23899,23179
33316,23862,23175
33136,23836,23172
32904,23823,23032
32860,23815,23042
33070,23843,23033
33344,23865,23033
33528,23897,23001
33640,23918,22964
33608,23921,22956
33332,23903,22834
33012,23879,22903
32780,23845,22853
32708,23825,22833
32868,23833,22726
33062,23841,22791
33232,23866,22746
33206,23900,22713
33064,23923,22628
32928,23921,22654
32948,23917,22657
32932,23880,22625
32856,23860,22630
32608,23837,22527
32456,23830,22540
32362,23852,22532
32320,23877,22503
32408,23911,22487
32564,23933,22452
32522,23930,22449
32396,23909,22422
32344,23888,22404
32340,23865,22411
32276,23844,22314
32229,23848,22333
32164,23870,22338
32126,23892,22343
32160,23935,22228
32360,23941,22255
32790,23953,22200
32732,23926,22236
32388,23903,22221
32048,23873,22207
32028,23854,22180
32248,23857,22160
32428,23881,22070
32524,23909,22089
32500,23929,22095
32384,23951,22017
32316,23959,22035
32216,23937,22005
32044,23918,21975
32061,23890,21952
32126,23868,21857
32184,23876,21883
32420,23886,21841
32528,23908,21815
32510,23941,21740
32536,23968,21726
32485,23967,21717
32332,23952,21695
32324,23929,21625
32268,23897,21572
32172,23877,21593
32111,23878,21556
32124,23903,21525
32189,23925,21449
32212,23956,21445
32340,23983,21458
32384,23985,21416
32480,23957,21420
32544,23933,21349
32432,23907,21338
32333,23884,21339
32404,23886,21306
32408,23908,21300
32516,23945,21228
32592,23969,21242
32745,23986,21223
32708,23989,21164
32544,23969,21176
32172,23949,21163
31845,23910,21148
31752,23895,21146
31892,23903,21087
32136,23919,21093
32440,23942,21095
32464,23984,21079
32544,24005,21061
32556,23993,21058
32596,23980,21008
32724,23953,21020
32824,23929,21002
32816,23907,20967
32848,23905,20964
32921,23932,20948
32988,23955,20905
32972,23997,20905
32788,24004,20895
32716,24005,20844
32597,23992,20845
32456,23967,20814
32272,23941,20781
32376,23916,20784
32496,23916,20770
32593,23941,20721
32741,23973,20723
32859,23997,20703
32984,24028,20656
32952,24015,20661
32948,24004,20648
32780,23975,20627
32557,23943,20584
32288,23920,20585
32052,23935,20566
32013,23946,20540
32100,23980,20516
32192,24008,20513
32440,24030,20496
32584,24024,20486
32640,24010,20468
32764,23991,20436
32812,23961,20422
32836,23934,20422
32772,23943,20412
32416,23967,20386
32228,23988,20362
32260,24027,20361
32445,24044,20351
32576,24044,20334
32633,24025,20313
32588,23997,20317
32596,23975,20296
32590,23948,20293
32796,23956,20265
32850,23962,20266
32780,23999,20245
32692,24027,20244
32704,24061,20237
32640,24052,20231
32684,24037,20228
32551,24012,20208
32441,23986,20197
32364,23967,20203
32228,23970,20201
32288,23994,20198
32400,24014,20197
32576,24044,20184
32732,24068,20173
32844,24071,20182
32792,24051,20182
32712,24014,20181
32768,23989,20179
32552,23969,20166
32244,23975,20169
32144,23999,20168
32168,24028,20166
32260,24052,20165
32216,24079,20161
32204,24076,20168
32173,24057,20183
32104,24031,20174
32208,24006,20178
32244,23983,20185
32148,23988,20183
32049,24002,20176
31945,24031,20197
31928,24063,20207
32110,24087,20223
32472,24077,20217
32644,24065,20244
32697,24037,20268
32548,24018,20256
32328,23992,20286
32104,24005,20301
32064,24009,20307
32212,24034,20333
32468,24071,20357
32661,24092,20381
32676,24085,20398
32576,24071,20423
32456,24049,20449
32140,24022,20480
31904,23993,20495
31912,23992,20527
31937,24017,20569
31878,24047,20599
32088,24070,20633
32441,24091,20652
32756,24092,20699
32724,24070,20740
32676,24047,20755
32602,24028,20813
32488,24005,20855
32608,24005,20911
32864,24023,20924
32941,24053,20984
33028,24091,21024
33092,24107,21084
33084,24104,21100
33006,24079,21149
32916,24056,21224
33192,24032,21269
33621,24003,21341
33968,24019,21330
34142,24040,21429
34276,24063,21476
34384,24098,21490
34541,24119,21573
34584,24127,21631
34513,24105,21628
34597,24087,21703
34724,24061,21774
34813,24045,21806
34796,24051,21830
34244,24079,21876
33116,24092,21962
32568,24127,22007
32124,24148,22068
30929,24146,22125
30352,24129,22192
30444,24104,22232
30798,24068,22285
30948,24045,22333
31352,24054,22332
31860,24071,22441
32172,24101,22532
32372,24132,22577
32384,24144,22636
32348,24136,22689
32521,24119,22708
32508,24095,22836
32360,24068,22887
32288,24040,22947
32305,24052,23047
32244,24078,23015
32180,24100,23140
32244,24128,23249
32316,24151,23308
32352,24142,23348
32340,24120,23391
32220,24097,23511
32172,24069,23612
32100,24045,23567
32032,24053,23704
32144,24086,23812
32260,24109,23887
32406,24134,23931
32529,24164,23985
32480,24157,24183
32396,24143,24259
32373,24103,24388
32321,24078,24360
32156,24063,24589
32268,24065,24642
32498,24085,24697
32648,24115,24812
32781,24151,24983
32820,24163,25036
32864,24157,25156
32800,24130,25163
32768,24113,25394
32664,24086,25447
32544,24068,25577
32584,24070,25605
32721,24084,25620
32728,24108,25800
32880,24149,25930
32816,24171,25982
32748,24166,26097
32656,24140,26045
32544,24117,26187
32248,24092,26284
32012,24071,26409
32160,24079,26317
32320,24095,26443
32496,24124,26575
32748,24160,26631
32816,24175,26692
32900,24164,26753
32932,24154,26660
32896,24127,26829
32856,24093,26870
32993,24076,26767
33108,24081,26948
33120,24100,26989
33045,24127,26908
32996,24156,27077
32992,24185,27124
33108,24174,27020
33208,24157,27198
33152,24132,27193
32964,24105,27268
33065,24082,27191
33024,24087,27215
33012,24115,27257
33096,24143,27340
33220,24172,27428
33260,24190,27423
33428,24178,27530
33636,24156,27501
33560,24130,27605
33333,24104,27457
33056,24087,27525
32945,24091,27692
32984,24112,27689
33168,24144,27726
33528,24173,27646
33760,24190,27667
33632,24190,27728
33249,24165,27820
32949,24146,27780
32741,24111,27788
32740,24096,27769
33033,24099,27897
33333,24117,27893
33588,24143,27783
33588,24183,27949
33304,24196,27949
33052,24197,27876
32828,24175,27948
32652,24148,27831
32632,24130,27980
32792,24095,27980
32876,24101,28020
32936,24125,28014
32983,24156,27887
33084,24185,27917
33125,24208,28005
33328,24205,27933
33316,24182,28017
33172,24159,27950
33032,24133,27897
32968,24103,28015
32852,24112,27956
32784,24141,27907
32781,24167,28025
32736,24195,27938
32792,24221,27887
32740,24207,27901
32628,24187,27991
32442,24173,27972
32432,24136,27820
32450,24118,27987
32677,24128,27897
32884,24138,27825
32869,24172,27889
32844,24213,27825
32824,24225,27908
32806,24214,27895
32888,24199,27921
32900,24173,27885
32940,24145,27799
32804,24125,27819
32636,24133,27716
32616,24165,27870
32680,24172,27871
32729,24206,27753
32848,24228,27788
32768,24224,27694
32688,24205,27825
32713,24183,27765
32768,24148,27873
32640,24134,27797
32388,24145,27741
32260,24166,27856
32404,24183,27813
32685,24223,27775
33068,24233,27852
33124,24239,27751
33104,24209,27848
33072,24187,27881
33020,24163,27748
32956,24144,27861
32884,24134,27887
32925,24166,27775
32926,24197,27816
32800,24228,27757
32580,24239,27816
32496,24239,27911
32628,24227,27878
32748,24189,27840
32724,24164,27872
32784,24149,27797
32832,24156,27959
32884,24161,27984
32976,24198,27847
33056,24229,27932
33180,24250,27862
33202,24247,27903
33148,24225,27810
32976,24196,27975
32760,24172,27979
32640,24156,27820
32632,24158,27901
32640,24179,27812
32726,24212,27865
32789,24240,27936
32880,24258,27923
32860,24250,27765
32812,24229,27893
32688,24204,27910
32568,24177,27909
32518,24152,27906
32677,24163,27783
32836,24191,27852
32948,24212,27768
32884,24246,27831
32888,24262,27847
32880,24260,27692
32828,24237,27812
32936,24207,27849
32862,24181,27721
32820,24167,27810
32868,24167,27735
32876,24191,27727
33016,24220,27733
33204,24249,27771
33280,24260,27761
33248,24261,27637
33168,24245,27780
32933,24212,27727
32671,24184,27735
32608,24165,27797
32668,24181,27771
33000,24186,27641
33196,24228,27736
33172,24253,27625
32996,24274,27767
32838,24266,27748
32876,24239,27591
32948,24220,27750
32968,24189,27727
32932,24175,27695
32960,24182,27608
33012,24199,27731
33169,24233,27732
33309,24265,27637
33296,24279,27712
33221,24263,27731
33080,24247,27536
32884,24229,27708
32860,24191,27685
32976,24184,27554
33112,24183,27625
33260,24201,27617
33296,24235,27532
33296,24263,27605
33220,24281,27634
33074,24268,27477
32866,24260,27492
32800,24237,27590
32736,24199,27534
32776,24185,27450
32668,24193,27399
32613,24213,27550
32744,24235,27449
32856,24264,27511
33028,24276,27391
33060,24273,27436
32960,24260,27461
32724,24244,27372
32516,24195,27440
32404,24178,27375
32352,24191,27424
32509,24207,27237
32508,24237,27296
32516,24283,27384
32604,24284,27388
32484,24281,27231
32481,24260,27356
32593,24229,27271
32572,24180,27353
32604,24182,27173
32604,24189,27331
32796,24208,27259
32904,24237,27300
32984,24267,27178
33036,24279,27184
33009,24273,27300
32908,24260,27247
32744,24239,27151
32528,24199,27188
32213,24186,27239
32152,24198,27249
32248,24217,27182
32448,24240,27264
32580,24276,27209
32604,24287,27156
32679,24277,27268
32668,24260,27248
32633,24228,27177
32660,24203,27228
32672,24184,27092
32773,24186,27264
32904,24215,27185
33012,24239,27133
33260,24273,27177
33628,24291,27173
33864,24276,27206
34024,24258,27126
34168,24237,27188
34248,24205,27239
34357,24189,27105
34438,24207,27229
34348,24225,27153
34236,24260,27230
34534,24300,27228
34780,24307,27128
34796,24313,27164
34261,24284,27231
33089,24266,27092
32076,24232,27239
31820,24222,27276
31124,24218,27184
30212,24244,27227
30232,24273,27134
30770,24300,27311
31092,24309,27324
31372,24305,27244
31616,24280,27367
31968,24259,27408
32164,24223,27295
32184,24213,27404
32272,24207,27445
32352,24233,27392
32512,24255,27416
32432,24288,27351
32192,24300,27441
32076,24295,27477
32116,24271,27414
32324,24246,27511
32460,24221,27527
32552,24204,27626
32576,24212,27577
32836,24223,27495
33088,24252,27668
33276,24281,27612
33333,24292,27574
33340,24292,27634
33328,24273,27686
33309,24245,27596
33344,24207,27754
33132,24194,27771
32868,24204,27847
32712,24229,27811
32716,24255,27849
32860,24278,27943
33228,24300,27886
33366,24284,27833
33060,24260,28029
32636,24236,27972
32398,24211,27908
32416,24196,28112
32528,24201,28151
32804,24226,28081
33039,24247,28119
33264,24285,28037
33313,24300,28196
33249,24284,28121
33212,24264,28276
33152,24245,28232
33056,24213,28132
32960,24194,28302
32892,24199,28170
32900,24227,28313
33028,24255,28257
33148,24285,28262
33232,24286,28234
33232,24287,28288
33221,24265,28327
33052,24242,28124
33016,24205,28308
32964,24191,28292
33017,24201,28275
33241,24228,28236
33464,24241,28111
33534,24284,28189
33684,24297,28221
33612,24293,28078
33348,24260,28167
33252,24237,28156
33212,24211,28079
33364,24190,28082
33400,24201,27983
33260,24228,28126
33076,24252,28109
33108,24274,28120
33316,24300,28129
33605,24290,27944
33724,24265,28109
33593,24239,28069
33472,24208,28092
33404,24199,27957
33362,24204,28106
33492,24224,28028
33670,24236,28007
33612,24281,28115
33460,24287,28065
33324,24281,28045
33072,24261,27985
32920,24235,28126
32969,24207,28066
33278,24186,28045
33500,24199,28145
33692,24212,28090
33800,24252,27984
33908,24284,28149
33904,24291,28076
33820,24290,28083
33632,24238,27997
33448,24229,28150
33248,24193,28068
33060,24187,28141
32956,24194,28004
32948,24217,28134
32952,24243,28143
33080,24277,27980
33228,24285,28042
33312,24278,28080
33189,24256,27964
33104,24229,28093
33208,24196,28105
33064,24187,27991
32940,24192,27957
32788,24217,28092
32737,24243,28065
32944,24271,28093
33166,24287,27925
33032,24273,28044
32832,24253,28030
32712,24234,27929
32716,24194,27909
32796,24188,28037
32873,24196,28021
32968,24220,27991
33008,24247,27970
33068,24270,27839
33060,24287,28004
32980,24281,27969
32873,24255,27889
32648,24229,27957
32464,24201,27927
32292,24194,27874
32384,24200,27939
32652,24214,27948
33048,24237,27775
33348,24274,27944
33389,24285,27849
33278,24285,27879
33044,24248,27772
33012,24229,27916
33048,24202,27903
33088,24189,27746
33204,24199,27874
33248,24216,27919
33210,24244,27892
33199,24274,27770
33204,24288,27911
33326,24285,27834
33148,24258,27913
33028,24228,27774
32953,24196,27910
33032,24188,27829
33073,24196,27766
33117,24212,27900
33112,24237,27919
33020,24276,27742
32944,24286,27911
32901,24275,27828
32988,24255,27876
33044,24236,27833
33028,24205,27892
32953,24187,27828
32820,24196,27911
32796,24221,27952
32793,24242,27828
33080,24276,27921
33156,24284,27831
33224,24277,27960
33256,24260,27974
33196,24229,27789
33082,24199,27961
32996,24182,27873
33004,24193,27965
33005,24217,27789
32964,24240,27941
32912,24276,27839
32904,24284,27937
32904,24272,27923
32884,24252,27748
32780,24229,27791
32524,24197,27878
32320,24183,27908
32193,24189,27737
32244,24219,27860
32320,24244,27834
32456,24273,27696
32580,24281,27856
32602,24269,27774
32648,24249,27720
32592,24224,27837
32620,24191,27757
32508,24176,27652
32392,24191,27784
32282,24212,27775
32392,24236,27799
32752,24274,27768
32868,24274,27648
33056,24267,27692
33062,24245,27714
32896,24217,27618
32689,24188,27740
32573,24180,27680
32556,24193,27706
32804,24212,27572
32741,24236,27726
32640,24275,27646
32452,24279,27613
32348,24266,27701
32608,24242,27637
32817,24218,27665
32828,24199,27524
32869,24170,27676
32977,24179,27636
32980,24207,27630
32997,24237,27495
32916,24269,27532
32828,24281,27636
32778,24265,27609
32788,24253,27618
32728,24226,27492
32696,24187,27622
32652,24173,27536
32564,24199,27527
32528,24211,27508
32577,24239,27520
32720,24265,27512
32828,24279,27521
32837,24263,27580
32788,24244,27584
32728,24221,27424
32577,24186,27552
32564,24178,27508
32644,24180,27460
32680,24217,27473
32688,24235,27383
32789,24265,27535
32848,24275,27533
32818,24268,27544
32708,24238,27551
32572,24212,27461
32417,24189,27467
32228,24170,27381
32420,24183,27532
32288,24210,27517
32350,24230,27364
32588,24260,27511
32836,24267,27524
32905,24261,27357
32924,24239,27449
32632,24220,27527
32424,24175,27509
32292,24167,27470
32196,24183,27493
32160,24197,27558
32440,24227,27426
32767,24258,27414
32752,24266,27556
32780,24260,27476
32880,24232,27522
32932,24201,27409
32728,24174,27574
32384,24164,27550
32121,24168,27582
32197,24198,27447
32397,24220,27574
32700,24259,27585
32832,24261,27490
32832,24253,27502
32712,24223,27556
32586,24199,27508
32468,24164,27633
32281,24158,27567
32205,24167,27481
32401,24192,27647
32620,24217,27648
32880,24247,27493
33072,24250,27655
33224,24244,27647
33344,24213,27572
33324,24191,27584
33172,24165,27626
33116,24154,27692
33308,24159,27568
33508,24176,27565
33608,24201,27705
33792,24244,27620
34100,24255,27545
34288,24239,27710
34324,24220,27700
34180,24211,27569
33945,24167,27709
34036,24160,27706
34188,24183,27655
34380,24204,27602
34168,24236,27751
33296,24268,27677
32473,24276,27758
32212,24257,27626
31216,24239,27698
30156,24216,27821
30036,24176,27825
30340,24167,27876
30588,24181,27728
31000,24199,27894
31452,24225,27856
31892,24255,27952
32128,24263,27793
32189,24249,27877
32192,24223,28004
32310,24193,27940
32280,24159,27856
32144,24153,28039
32120,24156,28033
32392,24177,27891
32608,24210,28072
32672,24247,28073
32672,24257,27966
32637,24237,28004
32628,24220,28068
32628,24188,28093
32581,24159,27935
32556,24140,28097
32552,24152,28004
32580,24178,28082
32700,24205,27927
32825,24232,28079
32816,24237,27980
32752,24231,27927
32664,24199,27956
32528,24176,28028
32504,24152,28038
32440,24140,27888
32472,24150,27985
32604,24177,27888
32672,24199,27927
32716,24233,27744
32798,24233,27799
32696,24223,27828
32608,24203,27708
32584,24175,27573
32420,24144,27590
32380,24132,27599
32314,24148,27535
32200,24173,27324
32352,24183,27358
32580,24223,27271
32844,24226,27077
32904,24213,27037
32728,24199,26956
32604,24172,26671
32560,24134,26707
32324,24127,26521
32112,24138,26308
32116,24164,26169
32232,24190,26089
32596,24228,25969
32912,24231,25658
33156,24213,25548
33125,24185,25406
32912,24164,25157
32717,24135,25070
32528,24119,24850
32624,24133,24555
32829,24153,24473
32928,24181,24237
33068,24219,23943
33148,24220,23808
33132,24210,23603
32940,24183,23309
32696,24161,23192
32608,24124,22977
32828,24119,22669
32950,24130,22532
32964,24153,22316
33048,24176,22082
33232,24210,21890
33500,24213,21631
33432,24205,21443
33294,24180,21254
33152,24157,21055
33028,24124,20829
33032,24096,20644
33014,24116,20447
32990,24138,20239
33141,24168,20036
33328,24197,19840
33448,24207,19654
33540,24199,19436
33452,24173,19237
33172,24147,19077
32944,24116,18854
32904,24105,18651
32924,24116,18468
33016,24133,18253
33085,24160,18033
33256,24196,17927
33252,24199,17666
33084,24185,17461
32900,24169,17232
32692,24139,17121
32604,24101,16841
32468,24102,16675
32416,24107,16424
32412,24133,16271
32344,24156,16135
32285,24195,15832
32381,24199,15607
32798,24180,15512
33004,24153,15328
33144,24131,15049
33133,24096,14820
33104,24097,14724
33128,24108,14439
33220,24135,14223
33120,24154,14212
33124,24185,13924
33132,24183,13763
33008,24174,13604
32730,24152,13401
32416,24140,13300
32356,24095,12987
32552,24096,12857
32828,24102,12737
33124,24138,12527
33216,24152,12498
33262,24183,12225
33197,24191,12124
33248,24180,11959
33166,24150,11766
32884,24123,11659
32636,24095,11488
32701,24089,11353
32916,24101,11207
33048,24128,11237
33252,24157,10927
33268,24175,10868
33237,24194,10730
33253,24167,10605
33204,24149,10591
33304,24132,10418
33376,24093,10460
33344,24085,10276
33360,24100,10159
33276,24116,9977
33212,24142,9959
33245,24177,9810
33272,24181,9861
33236,24172,9567
33024,24147,9537
33024,24119,9444
32837,24085,9448
32620,24077,9390
32544,24090,9153
32709,24111,9216
32805,24137,9122
32868,24173,9056
32868,24178,8911
32996,24165,8816
32976,24141,8825
32828,24124,8717
32689,24085,8756
32632,24081,8525
32685,24101,8521
32972,24124,8609
33232,24143,8394
33340,24166,8434
33264,24177,8244
33172,24164,8236
32944,24145,8297
32629,24102,8120
32428,24071,8164
32372,24071,8013
32836,24080,7999
33230,24106,8053
33528,24126,7971
33708,24163,7909
33789,24167,7792
33760,24155,7839
33456,24135,7861
33100,24092,7686
32916,24071,7698
32965,24068,7560
33044,24081,7595
32940,24105,7717
32996,24132,7466
33092,24166,7528
33329,24164,7559
33396,24153,7551
33264,24122,7460
33032,24111,7593
32684,24069,7484
32408,24064,7437
32448,24079,7491
32509,24093,7441
32580,24125,7319
32856,24154,7381
32962,24156,7512
32980,24145,7310
33028,24119,7428
32900,24101,7341
32612,24068,7465
32368,24061,7324
32280,24064,7310
32256,24097,7307
32320,24127,7401
32476,24144,7218
32428,24154,7287
32360,24149,7382
32192,24123,7247
32228,24099,7264
32332,24062,7414
32452,24058,7317
32656,24065,7350
32656,24084,7280
32728,24118,7402
32788,24153,7387
32980,24167,7210
32968,24132,7291
32892,24111,7439
32836,24087,7276
32704,24058,7399
32720,24051,7388
32872,24065,7345
33052,24095,7407
33368,24106,7382
33324,24144,7407
32996,24149,7460
32578,24134,7395
32312,24116,7523
32204,24086,7367
32037,24054,7436
31972,24051,7602
32000,24062,7430
32168,24090,7473
32416,24119,7522
32692,24134,7639
32740,24141,7456
32660,24141,7537
32449,24111,7688
32392,24076,7535
32420,24054,7671
32538,24045,7568
32544,24060,7682
32472,24071,7663
32441,24104,7745
32364,24134,7776
32420,24132,7814
32412,24125,7663
32292,24094,7746
32284,24078,7916
32232,24040,7726
32160,24033,7843
32288,24044,7905
32560,24071,7995
32688,24095,7828
32684,24129,7924
32616,24135,7908
32468,24123,7956
32304,24100,8118
32096,24064,7957
31885,24035,8131
31744,24038,8175
31757,24039,8091
31892,24068,8191
31988,24099,8281
32108,24119,8144
32308,24124,8297
32423,24108,8352
32608,24090,8278
32788,24063,8406
32820,24036,8512
32626,24018,8382
32820,24033,8549
33034,24066,8623
33084,24084,8582
33288,24124,8568
33576,24116,8659
34016,24104,8857
34348,24087,8759
34668,24052,8775
34912,24029,8818
35288,24020,8948
35588,24036,9041
35684,24063,9093
35780,24080,9068
36248,24119,9150
36600,24133,9346
36382,24111,9206
35800,24101,9334
34500,24071,9434
33112,24044,9503
32500,24041,9651
31392,24045,9592
30200,24078,9764
29736,24100,9812
30064,24126,10020
30606,24130,9917
31196,24116,10112
31569,24086,10128
31536,24057,10358
31432,24023,10275
31348,24028,10377
31280,24033,10622
31448,24058,10532
31596,24085,10668
31864,24123,10841
32000,24112,10793
32012,24101,10948
32056,24070,11154
32092,24047,11169
32097,24019,11197
31968,24004,11399
31944,24024,11454
31984,24045,11639
32020,24077,11683
32237,24100,11828
32320,24103,11888
32436,24092,11871
32369,24057,11985
32352,24039,12246
32224,24002,12188
32028,24001,12283
31880,24014,12537
31864,24041,12580
32009,24068,12665
32180,24096,12723
32544,24092,12857
32672,24078,12959
32260,24053,13114
32089,24027,13204
31844,23999,13312
31768,23993,13397
31908,24009,13521
32156,24034,13593
32512,24052,13732
32800,24084,13855
32960,24089,13968
32945,24071,14046
32888,24042,14188
32729,24017,14203
32544,23996,14256
32432,23987,14519
32430,23994,14521
32424,24018,14640
32480,24051,14703
32536,24077,14760
32600,24080,14975
32774,24071,14999
32836,24039,15087
32882,24004,15173
32644,23978,15236
32376,23977,15400
32160,23999,15424
32092,24014,15631
32230,24037,15609
32484,24072,15663
32868,24071,15896
32896,24060,15880
32908,24023,15935
32808,24004,16113
32752,23977,16116
32728,23967,16261
32840,23988,16321
32872,24008,16421
33004,24033,16585
33004,24062,16605
33012,24060,16684
33012,24041,16852
32928,24027,16882
32596,23996,16949
32276,23979,17109
32064,23956,17139
32264,23981,17318
32368,24009,17366
32612,24024,17492
32684,24057,17540
32684,24060,17630
32848,24044,17798
32948,24017,17816
32944,23987,17922
32768,23953,18082
32684,23957,18117
32612,23978,18208
32680,23996,18342
32732,24019,18448
32700,24046,18541
32644,24061,18623
32518,24034,18754
32408,24019,18837
32312,23988,18937
32264,23950,19065
32360,23959,19157
32397,23963,19269
32465,23995,19380
32464,24019,19476
32416,24044,19576
32252,24041,19687
32132,24031,19809
32144,24001,19901
32048,23976,20011
31940,23945,20117
31888,23942,20223
32000,23962,20336
32068,23986,20430
31991,24014,20549
32044,24044,20664
31953,24045,20764
32004,24030,20847
31984,23996,20971
31768,23967,21082
31436,23943,21192
31340,23946,21254
31536,23961,21384
31853,23985,21511
32116,24013,21603
32289,24038,21703
32423,24039,21797
32560,24026,21925
32484,24004,22038
32496,23975,22097
32460,23925,22170
32472,23935,22332
32564,23951,22421
32440,23981,22467
32352,24007,22628
32388,24039,22704
32473,24038,22791
32576,24025,22907
32689,24007,22977
32804,23967,23094
32820,23945,23085
32868,23924,23261
32986,23946,23333
32840,23975,23320
32774,24008,23517
32652,24037,23612
32540,24033,23559
32454,24022,23706
32400,23992,23800
32325,23967,23775
32177,23942,23924
32140,23932,24024
32173,23947,24098
32177,23973,24097
32293,24004,24271
32396,24023,24296
32416,24026,24404
32488,24005,24320
32552,23980,24471
32596,23952,24561
32468,23936,24580
32492,23929,24580
32488,23948,24741
32484,23972,24742
32500,23992,24684
32526,24022,24880
32556,24032,24891
32628,24004,24960
32672,23983,24887
32580,23959,25015
32445,23932,24974
32440,23925,25100
32612,23941,25129
32781,23967,25005
32848,23986,25188
32872,24020,25207
32921,24015,25074
32760,24001,25193
32708,23972,25239
32656,23954,25245
32648,23924,25221
32524,23916,25285
32436,23931,25339
32490,23953,25200
32590,23991,25349
32596,24012,25324
32848,24015,25216
33012,24007,25360
32920,23973,25376
32784,23943,25241
32720,23918,25371
32672,23919,25351
32649,23930,25385
32720,23951,25207
32820,23977,25362
32901,24005,25345
32800,24007,25262
32728,23992,25287
32680,23968,25201
32668,23940,25240
32648,23911,25280
32728,23910,25207
32740,23927,25228
32761,23956,25228
32809,23972,25231
32808,24007,25084
32808,23996,25233
32736,23983,25172
32600,23957,25189
32496,23936,25026
32408,23910,25166
32344,23907,25146
32292,23927,24988
32284,23954,25117
32424,23972,25063
32679,23994,24950
32832,24001,25068
32840,23985,25057
32736,23964,24957
32512,23933,25012
32250,23902,24964
32168,23900,24943
32320,23918,24879
32368,23943,24933
32608,23975,24809
32672,23995,24932
32656,23999,24887
32442,23978,24875
32294,23953,24868
32349,23925,24820
32524,23900,24838
32664,23894,24866
32704,23909,24839
32808,23940,24777
32660,23973,24727
32580,23992,24840
32802,23989,24848
32945,23975,24743
32536,23957,24692
32172,23919,24775
31988,23896,24821
31928,23883,24792
32054,23906,24783
32376,23926,24811
32505,23961,24669
32588,23988,24745
32592,23977,24784
32576,23966,24780
32404,23943,24704
32120,23911,24653
32064,23888,24702
32276,23889,24789
32615,23905,24738
32817,23927,24772
33060,23957,24652
33116,23977,24727
33073,23979,24746
32900,23967,24788
32740,23940,24675
32576,23911,24783
32416,23879,24773
32253,23882,24690
32212,23896,24741
32216,23925,24764
32284,23945,24637
32332,23968,24734
32288,23968,24775
32257,23967,24760
32281,23925,24770
32349,23906,24632
32468,23873,24788
32620,23871,24780
32780,23884,24653
33164,23914,24729
33368,23937,24800
33292,23959,24770
33188,23967,24804
33208,23950,24660
33464,23919,24813
33744,23892,24768
34032,23865,24818
34392,23866,24685
34656,23890,24777
34921,23919,24837
35168,23949,24817
35184,23963,24800
35268,23980,24851
35536,23961,24861
35600,23932,24814
35460,23905,24836
34896,23888,24789
33652,23879,24759
32644,23913,24905
32408,23930,24882
31461,23964,24928
30518,23979,24933
30432,23972,24828
30885,23952,24849
31416,23930,24879
31612,23903,25052
31517,23877,25032
31524,23870,25032
31688,23889,25113
31924,23910,25020
32052,23940,24999
32060,23958,25172
32108,23959,25144
32208,23941,25189
32260,23918,25070
32480,23888,25232
32684,23861,25223
32732,23855,25221
32840,23879,25237
32788,23901,25236
32700,23920,25293
32712,23953,25236
32740,23959,25348
32680,23926,25312
32636,23901,25337
32632,23878,25351
32665,23857,25296
32720,23851,25412
32864,23872,25381
32932,23892,25412
32840,23923,25394
32876,23943,25496
33028,23946,25541
33101,23932,25436
33004,23892,25584
32889,23867,25614
32777,23844,25579
32776,23849,25620
32856,23859,25631
32864,23888,25655
32824,23915,25716
32796,23936,25730
32804,23935,25691
32588,23919,25792
32433,23905,25759
32437,23864,25704
32608,23839,25801
32893,23841,25844
33104,23854,25679
33252,23886,25708
33192,23911,25829
33134,23933,25748
33044,23933,25742
32900,23909,25706
32776,23884,25700
32766,23853,25732
32788,23836,25580
32856,23841,25577
33030,23858,25636
33264,23873,25562
33542,23900,25421
33628,23927,25549
33640,23927,25501
33584,23898,25437
33526,23880,25413
33340,23859,25257
33200,23831,25394
33012,23826,25343
32880,23847,25307
33044,23868,25147
33192,23896,25221
33348,23920,25205
33386,23922,25232
33260,23897,25034
33264,23877,25108
33188,23853,25124
33116,23828,25107
33192,23821,24949
33390,23844,25057
33460,23869,25024
33437,23901,24878
33320,23926,24976
33412,23907,24945
33484,23895,24828
33564,23864,24895
33520,23831,24865
33452,23815,24704
33464,23817,24772
33500,23835,24767
33536,23859,24772
33616,23879,24596
33718,23905,24648
33720,23905,24661
33636,23881,24654
33437,23863,24491
33200,23833,24591
33140,23804,24522
33232,23807,24404
33408,23825,24492
33520,23845,24479
33461,23882,24354
33400,23903,24383
33376,23903,24390
33204,23893,24242
33012,23848,24309
32908,23833,24255
32736,23810,24272
32696,23813,24244
32744,23824,24090
32869,23846,24140
32909,23876,24133
32984,23892,24132
32977,23899,24086
32856,23878,23954
32824,23856,24060
32824,23834,24004
32712,23805,23890
32532,23807,23994
32440,23821,23939
32676,23852,23832
32806,23884,23934
32988,23895,23886
33064,23892,23878
32936,23873,23799
32708,23852,23753
32495,23819,23844
32424,23796,23794
32436,23801,23738
32608,23820,23757
32600,23847,23772
32500,23873,23764
32544,23895,23646
32636,23893,23767
32756,23877,23726
32929,23844,23633
33048,23815,23732
33088,23795,23689
33236,23798,23599
33368,23815,23721
33452,23844,23676
33556,23875,23711
33516,23903,23630
33356,23893,23586
33228,23877,23679
33068,23846,23716
33068,23823,23682
33108,23790,23645
33036,23786,23673
32989,23810,23700
33048,23847,23723
33200,23861,23605
33431,23888,23729
33668,23887,23713
33645,23870,23756
33485,23849,23657
33253,23812,23795
33072,23795,23789
33116,23789,23727
33089,23813,23815
33044,23839,23872
33028,23862,23900
33112,23892,23834
33089,23879,23893
33008,23863,23955
32948,23851,24003
32900,23815,23924
32956,23788,23985
33004,23797,24080
32848,23805,24074
32661,23830,24148
32588,23860,24071
32640,23885,24081
32588,23885,24224
32636,23864,24244
32752,23843,24254
32772,23813,24311
32765,23782,24212
33040,23785,24318
33322,23804,24368
33445,23833,24427
33512,23863,24361
33620,23888,24489
33477,23885,24489
33492,23873,24513
33508,23845,24503
33364,23808,24486
33072,23782,24628
32988,23780,24632
32928,23799,24681
33072,23830,24613
33184,23857,24681
33408,23881,24761
33512,23869,24823
33460,23852,24719
33312,23823,24900
33173,23805,24941
33108,23775,24836
33080,23789,24960
33172,23811,25081
33356,23828,25127
33480,23847,25162
33604,23873,25174
33561,23872,25236
33489,23857,25231
33364,23828,25395
33260,23805,25423
33180,23783,25513
33168,23775,25488
33136,23802,25583
33084,23831,25551
32993,23856,25747
32992,23877,25798
32952,23877,25798
32880,23855,25957
32804,23829,25993
32716,23801,26047
32461,23777,26132
32622,23780,26134
33032,23796,26264
33092,23825,26399
32984,23865,26480
32951,23865,26396
32716,23866,26532
32702,23854,26696
32724,23826,26684
32497,23793,26789
32356,23767,26786
32580,23775,26976
32740,23784,27022
33020,23812,27109
33334,23853,27078
33456,23865,27140
33452,23864,27210
33388,23852,27316
33120,23825,27485
32890,23788,27504
32752,23771,27449
32761,23775,27695
32808,23786,27673
32884,23826,27845
32832,23845,27848
32852,23878,27996
32862,23860,28009
32820,23845,28148
32714,23823,28195
32484,23789,28151
32365,23767,28271
32324,23767,28316
32421,23789,28388
32672,23813,28494
32836,23846,28540
32840,23863,28741
32789,23860,28814
32761,23847,28709
32613,23815,28963
32624,23783,28935
32524,23770,29077
32476,23772,29004
32608,23780,29260
32804,23808,29308
32836,23838,29417
32917,23853,29324
33064,23844,29561
33148,23834,29615
33133,23804,29685
33072,23783,29639
32960,23764,29862
32996,23759,29877
33264,23774,29991
33584,23798,29965
33822,23839,29994
33816,23850,30214
33880,23854,30300
33964,23828,30222
34164,23805,30300
34148,23787,30513
34080,23768,30595
34300,23765,30503
34592,23791,30727
34916,23831,30696
34914,23859,30896
34288,23887,30773
33524,23877,30999
33112,23855,31120
31936,23836,30993
30764,23798,31232
30580,23783,31286
30904,23776,31424
31048,23797,31301
31224,23823,31495
31516,23850,31573
31904,23863,31524
32312,23870,31748
32692,23844,31817
32846,23812,31777
32788,23781,31788
32616,23763,32039
32692,23764,31989
32588,23789,32056
32476,23807,32223
32552,23847,32329
32565,23860,32364
32596,23848,32470
32572,23831,32302
32496,23810,32509
32416,23783,32628
32288,23761,32467
32336,23754,32588
32456,23785,32615
32608,23807,32765
32805,23823,32893
32788,23849,32744
32685,23849,32938
32585,23831,33057
32516,23809,32922
32392,23770,33144
32341,23748,33247
32368,23756,33063
32496,23783,33218
32484,23804,33407
32500,23829,33315
32608,23851,33508
32652,23851,33605
32652,23826,33484
32544,23806,33620
32433,23770,33616
32476,23748,33772
32510,23761,33868
32722,23769,33692
32964,23796,33916
33012,23832,34018
33008,23842,33849
32884,23844,34068
32828,23817,34004
32733,23789,34031
32576,23773,34148
32476,23743,34215
32632,23744,34046
32836,23760,34172
33124,23788,34261
33244,23818,34077
33020,23847,33980
32858,23844,34183
32782,23805,34237
32752,23788,34051
32812,23757,34196
32921,23746,34151
32928,23748,34242
32944,23765,34055
32892,23788,34169
32848,23829,34172
32809,23842,34022
32768,23837,33926
32672,23813,34119
32805,23801,34164
32908,23756,33988
32912,23740,34095
32944,23739,33973
32956,23768,34071
32928,23783,34063
32968,23823,34118
33008,23833,33894
32976,23830,34036
33004,23809,33973
32924,23785,34081
32916,23757,33934
32728,23743,33794
32744,23735,33942
33114,23758,33983
33480,23783,33900
33604,23807,33792
33556,23828,33927
33504,23820,33788
33608,23805,33924
33428,23773,33799
33156,23749,33623
32872,23729,33809
32764,23733,33683
32824,23751,33796
32864,23775,33767
32832,23808,33623
32769,23829,33559
32720,23829,33671
32644,23814,33513
32632,23779,33661
32656,23747,33438
32616,23731,33542
32564,23731,33415
32504,23756,33407
32580,23769,33465
32648,23806,33413
32576,23825,33441
32500,23824,33209
32408,23803,33344
32312,23767,33263
32160,23740,33281
31964,23721,33092
31936,23726,33236
31986,23749,33244
32177,23768,33044
32248,23811,33172
32232,23829,33092
32204,23822,33143
32196,23800,32948
32012,23777,33061
31852,23736,33012
31760,23729,33068
31869,23731,32993
32284,23745,32815
32401,23777,32939
32568,23807,32926
32640,23816,32772
32577,23820,32889
32557,23799,32772
32576,23778,32800
32420,23743,32818
32352,23719,32840
32261,23732,32590
32060,23747,32720
32004,23769,32782
32228,23800,32557
32554,23821,32691
32812,23815,32599
32772,23803,32705
32533,23767,32447
32352,23740,32551
32304,23724,32608
32348,23728,32588
32484,23740,32486
32744,23776,32450
32781,23801,32540
32784,23820,32442
32677,23812,32366
32620,23794,32377
32560,23769,32307
32352,23734,32409
32149,23726,32274
31972,23733,32405
31928,23743,32453
31842,23775,32216
31808,23804,32375
32112,23815,32420
32494,23822,32181
32712,23797,32277
32697,23763,32212
32816,23735,32332
32696,23719,32329
32560,23721,32341
32560,23750,32375
32589,23773,32167
32672,23815,32263
32800,23823,32201
32796,23812,32108
32752,23789,32249
32616,23764,32173
32444,23733,32263
32344,23719,32279
32348,23734,32126
32512,23740,32113
32489,23773,32129
32340,23805,32200
32500,23817,32172
32652,23804,32116
32481,23790,32102
32316,23757,31980
32158,23731,32161
32056,23721,32195
32217,23719,32135
32420,23743,32094
32404,23772,31993
32444,23793,32135
32438,23808,32023
32492,23811,32160
32444,23785,31950
32421,23769,32067
32308,23732,32150
32109,23717,31935
31966,23725,32007
32144,23742,31972
32286,23773,32118
32523,23791,32007
32856,23807,32102
32868,23811,32076
32684,23783,32144
32496,23762,32111
32336,23729,32020
32380,23716,32166
32504,23725,32230
32512,23737,32023
32432,23762,32223
32429,23796,32157
32524,23814,32124
32596,23805,32286
32660,23783,32197
32598,23767,32323
32300,23725,32172
32224,23711,32369
32332,23717,32396
32489,23743,32475
32736,23767,32348
32840,23803,32551
32696,23812,32496
32392,23803,32671
32100,23781,32546
32228,23759,32744
32465,23729,32691
32504,23708,32709
32428,23724,32923
32421,23739,32943
32416,23763,32836
32337,23793,33092
32300,23807,33220
32261,23797,33241
32164,23783,33278
32080,23753,33365
32140,23724,33415
32216,23702,33505
32224,23711,33660
32176,23734,33580
32036,23759,33774
32029,23795,33776
32072,23807,34005
32096,23796,33833
32228,23777,34124
32152,23748,34183
32012,23723,34287
32016,23701,34213
31996,23717,34385
32008,23728,34465
32064,23760,34663
32056,23789,34815
32032,23811,34709
32028,23793,34908
31953,23781,35045
31880,23749,35098
31752,23717,34975
31664,23705,35265
31616,23705,35353
31628,23732,35332
31796,23759,35518
32001,23784,35664
32092,23801,35487
32156,23792,35805
32160,23779,35776
32053,23749,35956
32152,23709,36148
32160,23692,36068
32180,23705,36252
32157,23717,36367
32140,23755,36444
32188,23789,36615
32512,23788,36399
32836,23780,36680
32900,23764,36908
32916,23732,36973
32873,23716,36877
32924,23692,37100
33148,23704,37182
33316,23738,37196
33224,23753,37383
33344,23793,37524
33821,23811,37484
34252,23815,37661
34445,23780,37629
34077,23757,37932
33172,23729,37865
32680,23718,38053
32188,23724,38040
30880,23753,38292
30180,23772,38071
30233,23794,38335
30464,23808,38631
30788,23797,38480
31162,23773,38743
31456,23748,38958
31565,23716,38647
31544,23702,39033
31484,23711,39099
31544,23726,39292
31740,23753,39192
31950,23781,39424
31944,23799,39392
31876,23789,39660
31721,23767,39687
31968,23749,39727
32092,23713,39860
31814,23696,39988
31496,23703,40133
31399,23725,40068
31701,23743,40239
32140,23779,40351
32504,23789,40370
32424,23775,40484
32124,23759,40500
31824,23737,40677
31844,23705,40784
32056,23681,40781
32248,23693,41010
32392,23714,41108
32396,23743,41191
32476,23769,41223
32540,23783,41399
32548,23780,41508
32538,23749,41692
32516,23730,41901
32460,23700,41508
32421,23687,41991
32444,23687,42236
32492,23719,42200
32536,23737,42211
32520,23779,42528
32516,23775,42412
32452,23769,42692
32352,23751,42660
32240,23728,42777
32184,23693,42977
32152,23677,43033
32160,23695,43172
32178,23706,42948
32044,23727,43337
32032,23766,43445
32158,23780,43404
32192,23771,43598
32228,23750,43703
32292,23724,43677
32237,23687,43669
32324,23671,43935
32413,23685,43927
32497,23706,43859
32620,23724,44100
32796,23769,44172
33040,23778,44138
32945,23762,44007
32696,23745,44335
32528,23713,44424
32404,23687,44229
32497,23667,44471
32741,23685,44599
32865,23695,44413
32910,23732,44772
32984,23751,44777
33093,23767,44756
33248,23757,44612
33248,23736,44976
33021,23711,44956
32784,23679,44853
32704,23668,45140
32692,23687,45125
32805,23692,45063
32953,23717,45239
33249,23756,45270
33308,23771,45351
33276,23749,45348
33228,23740,45405
33112,23707,45319
33020,23673,45404
33080,23663,45471
33060,23672,45447
33002,23694,45560
32948,23710,45317
32952,23749,45552
33010,23762,45620
32996,23762,45692
33080,23729,45606
32837,23705,45561
32673,23676,45712
32448,23663,45700
32353,23665,45822
32352,23693,45741
32412,23716,45854
32484,23748,45845
32672,23760,45567
32772,23754,45820
32817,23743,45868
32762,23695,45711
32725,23673,45829
32633,23660,45927
32584,23671,45732
32688,23690,45951
32832,23719,45959
32852,23745,45766
32760,23760,45948
32628,23749,45959
32468,23724,45716
32444,23703,45934
32288,23677,45962
32224,23661,45894
32268,23667,45924
32328,23684,45884
32516,23719,45935
32544,23750,45652
32536,23751,45909
32464,23746,45879
32348,23732,45807
32216,23698,45868
32168,23664,45630
32272,23658,45814
32384,23669,45815
32412,23683,45628
32433,23721,45785
32396,23744,45655
32304,23751,45557
32173,23749,45727
32074,23728,45671
32013,23693,45661
32124,23662,45601
32328,23650,45539
32400,23660,45564
32485,23687,45492
32525,23716,45493
32480,23745,45415
32388,23755,45260
32336,23751,45348
32377,23717,45190
32529,23692,45251
32536,23659,45063
32564,23651,45153
32652,23661,45039
32716,23677,44741
32684,23711,44848
32663,23742,44829
32788,23756,44536
32668,23746,44775
32497,23713,44614
32361,23693,44607
32288,23660,44391
32376,23650,44503
32552,23661,44253
32680,23685,44209
32664,23704,44237
32584,23744,44024
32468,23758,43975
32376,23735,43949
32332,23712,43719
32228,23692,43777
32156,23663,43396
32220,23652,43481
32270,23659,43460
32408,23687,43052
32585,23709,43271
32716,23743,43114
32753,23753,42932
32776,23733,42916
32501,23716,42573
32360,23694,42665
32300,23660,42380
32388,23654,42498
32380,23655,42095
32400,23676,42127
32336,23705,42119
32389,23741,41497
32592,23741,41705
32644,23743,41719
32504,23716,41454
32204,23687,41336
32252,23653,41157
32372,23649,41211
32580,23653,40877
32736,23679,40839
32884,23709,40580
32941,23741,40668
32864,23733,40100
32764,23731,40288
32668,23715,40081
32524,23689,40126
32544,23646,39810
32481,23634,39534
32360,23659,39601
32384,23679,39566
32421,23705,39404
32564,23739,39135
32588,23753,39087
32613,23733,38911
32568,23711,38693
32472,23679,38767
32284,23654,38544
32160,23645,38415
32176,23655,38257
32392,23684,38175
32429,23705,38023
32480,23741,37605
32332,23743,37767
32244,23739,37628
32216,23723,37447
32341,23686,37481
32245,23648,37349
32248,23645,37051
32305,23657,37030
32372,23679,36790
32536,23705,36828
32568,23739,36516
32560,23738,36533
32462,23731,36388
32297,23703,36397
32220,23680,36085
31968,23655,35813
31876,23641,35948
31872,23645,35708
32004,23669,35775
32244,23693,35519
32513,23729,35251
32460,23741,35380
32200,23731,35169
31912,23708,35076
31720,23681,35036
31728,23645,34839
31816,23635,34837
32004,23647,34472
32116,23668,34529
32216,23697,34407
32209,23721,34382
32192,23737,34177
32068,23723,34140
32000,23709,34084
31937,23676,33977
31992,23647,33724
32124,23633,33769
32148,23645,33576
32028,23665,33444
32040,23692,33485
32148,23719,33308
32012,23735,33143
31909,23725,33171
31796,23699,33057
31832,23666,32992
31852,23641,32933
31856,23631,32791
31960,23642,32748
32073,23667,32612
32196,23683,32544
32248,23721,32429
32160,23725,32390
32064,23716,32067
32008,23689,32087
32024,23677,31943
32184,23636,31991
32350,23621,31943
32389,23641,31637
32400,23652,31679
32472,23680,31495
32784,23708,31461
33164,23727,31319
33376,23708,31375
33432,23687,31164
33564,23671,31236
33534,23631,31207
33596,23629,30941
33856,23644,30909
33900,23658,30780
33734,23692,30764
33549,23734,30628
33744,23744,30652
34202,23732,30493
34564,23707,30468
34488,23694,30329
33572,23657,30468
32636,23651,30209
32464,23663,30201
31568,23680,30087
30657,23708,30089
30465,23730,29974
30584,23740,29999
30916,23732,30029
31200,23696,29903
31456,23674,29773
31636,23644,29788
31809,23626,29663
31984,23640,29671
32220,23668,29546
32422,23690,29600
32492,23719,29444
32572,23729,29567
32568,23709,29506
32420,23684,29319
32284,23669,29332
32101,23631,29283
32012,23620,29332
31952,23633,29293
32140,23649,29092
31992,23681,29137
31980,23708,29014
32040,23718,29020
32120,23700,28846
32188,23679,28885
32254,23652,28853
32224,23623,28857
32206,23623,28727
32332,23619,28611
32328,23644,28738
32580,23676,28678
32724,23711,28517
32669,23714,28541
32534,23696,28415
32388,23670,28549
32278,23647,28420
32336,23617,28382
32404,23620,28327
32521,23623,28295
32620,23640,28313
32813,23668,28148
33040,23693,28225
32944,23700,28213
32504,23684,28006
32252,23671,28093
32320,23645,28055
32484,23607,27853
32804,23615,27873
32916,23623,27746
32982,23635,27787
33124,23657,27582
33144,23697,27613
33028,23698,27516
32896,23684,27541
32769,23661,27416
32872,23640,27372
32976,23607,27229
33032,23600,27261
33140,23609,27190
33128,23645,27008
33057,23667,26987
32932,23700,26914
32773,23698,26736
32640,23684,26724
32748,23661,26652
32908,23628,26439
33080,23603,26488
33076,23596,26412
33145,23620,26149
33244,23627,26212
33373,23660,26122
33600,23687,25872
33785,23692,25833
33821,23681,25847
33632,23665,25734
33376,23629,25644
33188,23599,25405
33012,23597,25463
32950,23613,25324
33029,23621,25191
33120,23648,25074
33338,23687,25069
33484,23694,24953
33430,23676,24858
33408,23653,24643
33381,23631,24604
33373,23589,24554
33324,23581,24412
33285,23590,24345
33260,23621,24114
33312,23640,24119
33337,23675,23967
33260,23685,23784
33222,23671,23764
33352,23644,23629
33321,23624,23397
33056,23589,23394
32820,23589,23265
32668,23604,23055
32660,23616,22982
32926,23638,22783
33104,23678,22740
33138,23687,22609
32980,23661,22397
32920,23647,22317
32948,23616,22185
32906,23585,21989
32884,23575,21871
32824,23591,21743
32864,23621,21540
32956,23647,21441
32809,23672,21289
32512,23687,21170
32452,23671,20974
32532,23632,20871
32601,23608,20729
32888,23581,20604
32805,23574,20445
32877,23593,20332
33032,23613,20204
33028,23647,20062
33276,23679,19946
33416,23681,19828
33439,23659,19701
33304,23636,19572
33052,23612,19456
33000,23584,19354
32876,23582,19224
32852,23584,19119
32816,23621,19024
32932,23642,18896
33112,23673,18784
33408,23668,18711
33672,23667,18562
33724,23646,18449
33428,23613,18396
33158,23581,18249
33092,23574,18170
33148,23597,18068
33292,23613,18009
33464,23644,17865
33568,23665,17742
33464,23685,17740
33412,23663,17574
33420,23642,17484
33304,23605,17444
33112,23578,17321
33048,23578,17281
33156,23580,17132
33188,23614,17013
32860,23636,16963
32736,23669,16884
32960,23669,16765
33097,23652,16805
33276,23637,16644
33216,23617,16599
32861,23577,16560
32684,23569,16488
32773,23589,16364
32856,23605,16353
32788,23633,16229
32815,23666,16140
33092,23673,16190
33460,23655,16036
33364,23623,15977
33144,23599,16005
33036,23573,15849
32964,23574,15763
33104,23579,15747
33220,23605,15697
33324,23639,15684
33416,23666,15584
33440,23671,15471
33240,23660,15558
33056,23624,15380
33192,23600,15357
33440,23577,15276
33596,23566,15203
33808,23581,15296
33845,23603,15169
33672,23639,15202
33229,23659,15024
32992,23667,14992
32860,23655,14949
32733,23624,14935
32655,23599,14932
32740,23580,14853
32688,23559,14798
32697,23570,14724
32988,23600,14805
33028,23628,14643
32956,23668,14594
32848,23662,14701
32638,23655,14527
32624,23626,14545
32532,23591,14589
32280,23559,14469
32268,23567,14449
32276,23569,14345
32340,23599,14391
32616,23629,14365
32992,23663,14236
32960,23655,14209
32892,23642,14173
32950,23621,14262
33101,23589,14220
33184,23559,14079
33036,23556,14100
32848,23579,14053
32720,23593,14084
32872,23622,13965
33036,23653,13906
33060,23660,14063
32985,23639,13918
32896,23615,13922
33048,23591,13830
33084,23565,13961
33072,23566,13876
33004,23580,13819
33096,23606,13884
33160,23625,13787
33252,23653,13937
33308,23660,13858
33365,23641,13803
33368,23614,13956
33380,23601,13798
33352,23559,13780
33386,23548,13917
33412,23570,13815
33425,23599,13833
33228,23627,13920
32924,23650,13948
33072,23649,13815
33124,23652,13809
33016,23617,13951
32912,23584,13879
32980,23559,13977
33196,23559,13840
33514,23568,13831
33684,23591,13975
33600,23621,13861
33604,23647,13906
33636,23660,13892
33476,23637,13953
33278,23622,13905
33016,23590,13851
32972,23558,14008
32984,23559,13881
33020,23562,13909
33056,23598,14030
32928,23623,13904
32772,23655,13921
32633,23653,13958
32493,23624,14092
32416,23610,13999
32592,23582,14042
32908,23553,14100
33000,23551,14077
33224,23559,14113
33244,23587,14202
32880,23615,14092
32732,23655,14117
32756,23639,14256
32908,23625,14228
33020,23608,14289
32960,23581,14336
32624,23559,14292
32492,23544,14257
32424,23559,14415
32440,23594,14340
32586,23618,14398
32630,23643,14460
32561,23648,14437
32628,23631,14468
32884,23601,14545
33004,23582,14578
33028,23542,14543
33204,23543,14560
33164,23559,14672
33253,23594,14620
33368,23607,14585
33588,23637,14657
33775,23639,14792
33752,23625,14727
33729,23602,14751
33884,23573,14704
34096,23542,14884
34200,23541,14829
34620,23559,14829
35048,23585,14804
35529,23618,14972
36089,23631,14966
36542,23639,14951
36804,23626,14967
37061,23610,15103
37156,23582,15009
36860,23559,15093
36296,23558,15185
35037,23586,15137
33508,23604,15191
33028,23635,15284
32440,23663,15281
31265,23664,15337
30316,23650,15372
30045,23623,15428
30152,23597,15461
30722,23559,15658
31269,23556,15657
31696,23580,15721
32020,23592,15740
32268,23625,15769
32500,23652,15938
32512,23653,15915
32397,23628,15986
32404,23615,16113
32468,23589,16132
32601,23553,16195
32656,23549,16338
32696,23559,16361
32929,23599,16386
32880,23619,16545
32900,23643,16574
32996,23645,16652
32940,23631,16689
32830,23604,16760
32692,23582,16882
32709,23549,16940
32824,23557,17072
32824,23567,17090
32714,23588,17188
32772,23623,17287
32876,23634,17410
32920,23650,17542
32836,23629,17605
32704,23601,17726
32714,23577,17871
32644,23553,17935
32609,23543,18053
32596,23559,18196
32660,23588,18269
32820,23612,18413
32996,23653,18474
33052,23647,18577
32916,23633,18703
32712,23596,18824
32541,23579,18945
32258,23551,19052
32172,23557,19164
32256,23559,19281
32417,23582,19388
32440,23631,19506
32508,23645,19604
32504,23652,19710
32708,23633,19832
32704,23615,19935
32520,23575,20050
32324,23553,20149
32320,23554,20261
32592,23556,20358
32888,23589,20462
32989,23620,20561
33020,23645,20646
32956,23650,20765
33012,23633,20860
32904,23600,20940
32888,23583,21069
32929,23547,21127
33100,23544,21282
33200,23559,21363
33000,23588,21493
32865,23621,21608
32884,23647,21652
32944,23650,21823
33044,23633,21919
33048,23605,22010
33076,23577,22132
33068,23549,22249
32896,23551,22315
32924,23560,22458
33188,23589,22535
33284,23622,22653
33404,23652,22791
33376,23657,22896
33324,23625,22910
33252,23602,23114
33040,23584,23191
32984,23554,23225
33028,23551,23374
33008,23575,23527
32916,23585,23646
32877,23623,23616
32865,23643,23841
32822,23655,23946
32716,23631,23926
32557,23606,24153
32232,23580,24233
32122,23559,24244
32144,23547,24438
32332,23570,24553
32452,23597,24666
32520,23623,24740
32568,23649,24812
32545,23653,24969
32496,23635,25068
32336,23613,25180
32244,23583,25280
32144,23567,25376
32092,23559,25485
32044,23575,25519
32012,23607,25532
31920,23629,25791
32072,23659,25880
31986,23663,25989
31934,23636,25981
31820,23613,26208
31721,23588,26311
31780,23559,26268
31892,23559,26537
32008,23587,26565
31972,23614,26752
31936,23647,26696
31936,23663,26973
31956,23661,26998
31956,23652,27060
32072,23623,27303
32016,23604,27332
31980,23572,27475
32121,23575,27461
32308,23591,27663
32334,23615,27875
32384,23647,27929
32377,23685,28053
32232,23680,28041
32164,23659,28293
32030,23639,28436
31892,23613,28357
31804,23592,28644
31804,23591,28673
31812,23601,28797
31952,23633,28967
32092,23663,28985
32364,23690,29013
32436,23687,29269
32404,23667,29255
32280,23655,29512
32116,23620,29640
31976,23597,29573
31928,23599,29799
31972,23613,29933
32024,23646,30015
32084,23677,30052
32140,23694,30049
32200,23698,30198
32197,23683,30244
32168,23653,30470
32012,23631,30439
31728,23606,30697
31504,23602,30821
31488,23626,30727
31616,23654,30876
31824,23678,31084
31860,23713,30975
31981,23701,31117
31822,23684,31156
31616,23664,31367
31408,23633,31312
31248,23612,31495
31281,23615,31545
31383,23637,31687
31596,23660,31777
31794,23688,31677
31768,23709,31876
31616,23721,31972
31504,23698,31835
31484,23683,31962
31416,23644,32140
31397,23619,32001
31334,23625,32205
31418,23641,32245
31548,23663,32352
31624,23695,32453
31765,23721,32262
31858,23716,32487
31768,23696,32415
31600,23687,32564
31452,23652,32615
31312,23629,32681
31208,23630,32620
31128,23647,32749
31222,23677,32620
31372,23715,32748
31376,23733,32817
31152,23726,32728
31172,23712,32879
31116,23689,32871
31092,23660,33004
31068,23644,32997
31044,23637,33070
30964,23656,33065
30912,23684,33175
30884,23711,32993
30880,23728,33121
30904,23738,33183
30873,23719,33037
30852,23695,33125
30760,23664,33127
30768,23646,33264
30784,23644,33260
30864,23672,33312
30844,23693,33231
30780,23725,33209
30684,23749,33364
30656,23746,33401
30564,23724,33189
30452,23701,33391
30352,23679,33252
30348,23653,33381
30368,23660,33356
30412,23680,33460
30301,23707,33509
30292,23731,33260
30394,23758,33365
30544,23762,33296
30612,23735,33377
30604,23715,33376
30564,23684,33484
30372,23669,33481
30300,23669,33526
30424,23687,33575
30464,23708,33335
30500,23751,33539
30552,23762,33571
30556,23775,33375
30556,23751,33485
30414,23725,33495
30452,23702,33590
30340,23672,33605
30256,23685,33620
30252,23700,33600
30356,23724,33556
30396,23759,33495
30340,23786,33637
30160,23777,33677
30045,23767,33476
29812,23739,33657
29688,23714,33700
29720,23695,33509
29885,23690,33567
30213,23707,33607
30408,23745,33700
30272,23777,33576
30360,23795,33719
30388,23796,33710
30349,23775,33689
30364,23756,33620
30189,23728,33724
29992,23703,33793
29896,23710,33724
29850,23727,33767
29828,23756,33726
29876,23788,33781
29864,23807,33736
29769,23800,33678
29676,23791,33743
29610,23759,33540
29560,23740,33733
29552,23716,33676
29588,23719,33728
29576,23732,33762
29594,23767,33732
29664,23797,33775
29733,23815,33735
29733,23821,33662
29608,23798,33606
29568,23780,33705
29520,23751,33674
29432,23724,33742
29512,23729,33638
29608,23743,33644
29696,23777,33708
29828,23811,33728
30053,23835,33740
30264,23827,33800
30372,23811,33594
30472,23781,33729
30500,23760,33792
30444,23740,33540
30590,23740,33695
30920,23764,33783
31304,23785,33583
31652,23823,33663
31964,23849,33670
32144,23842,33716
32112,23831,33781
31836,23812,33516
31754,23781,33669
32124,23770,33626
32400,23781,33711
32504,23805,33721
31716,23837,33564
30365,23866,33703
29624,23889,33740
29253,23889,33713
28087,23872,33697
27192,23854,33772
26968,23817,33536
27184,23797,33684
27773,23796,33797
28437,23813,33580
28964,23841,33781
29404,23874,33877
29492,23895,33695
29540,23889,33844
29450,23874,33785
29408,23852,33724
29284,23822,33862
29208,23800,33844
29304,23807,33753
29468,23832,33900
29584,23855,33821
29582,23885,33799
29580,23908,33866
29668,23909,33967
29533,23888,33799
29665,23872,33927
29508,23837,34016
29377,23817,33757
29460,23826,33884
29588,23840,33887
29684,23872,33948
29860,23898,33927
29997,23924,34018
30036,23921,34105
30068,23900,33924
30016,23881,34080
30016,23848,34069
30060,23828,34164
30120,23844,34004
30112,23863,34148
30228,23884,34234
30308,23921,34087
30532,23943,34243
30664,23942,34149
30676,23923,34286
30656,23897,34294
30484,23871,34231
30320,23859,34212
30264,23857,34283
30420,23884,34399
30572,23911,34214
30816,23945,34343
30984,23959,34221
30936,23955,34368
30964,23940,34311
30956,23919,34180
30984,23889,34301
30948,23874,34037
30996,23885,34188
31060,23906,34212
31240,23927,34145
31513,23959,34022
31632,23986,34086
31760,23980,34031
31684,23969,33989
31500,23938,33985
31352,23907,33836
31360,23901,33879
31584,23905,33765
31820,23919,33644
32033,23959,33752
32212,23968,33735
32308,24007,33488
32245,24007,33639
32060,23988,33684
31936,23956,33390
31892,23940,33428
31852,23924,33533
32056,23924,33300
32344,23947,33333
32580,23973,33260
32773,24009,33364
32960,24029,33253
33060,24021,33263
32932,24012,33082
32765,23993,33211
32602,23957,33017
32508,23948,33117
32516,23949,33047
32704,23985,32846
32976,24004,32953
33240,24036,32983
33396,24057,32702
33280,24049,32797
33352,24036,32612
33292,24012,32692
33236,23981,32768
33216,23966,32502
33120,23980,32608
33100,24001,32546
33173,24026,32430
33234,24065,32479
33308,24081,32353
33252,24087,32239
33156,24060,32284
33088,24039,32173
33001,24021,32245
32905,23995,32261
32997,24005,32021
33241,24028,32087
33440,24061,32007
33600,24080,32031
33664,24110,32037
33657,24109,31788
33624,24095,31913
33709,24071,31844
33853,24038,31696
33964,24026,31810
34040,24037,31644
34168,24068,31588
34188,24087,31685
34208,24133,31535
34260,24146,31644
34244,24140,31529
34254,24117,31544
34204,24100,31425
34256,24071,31340
34196,24065,31453
34173,24065,31389
34268,24095,31221
34460,24127,31348
34912,24164,31284
35264,24175,31310
35372,24174,31079
35440,24149,31186
35500,24125,31221
35517,24109,31007
35476,24093,31033
35532,24095,31045
35712,24118,30911
35876,24146,31028
36156,24191,31042
36384,24199,30836
36436,24198,30970
36324,24184,30982
36336,24157,30772
36437,24129,30894
36644,24129,30841
36788,24120,30754
36860,24159,30696
36909,24181,30822
37016,24216,30753
37092,24223,30837
37188,24236,30631
37261,24220,30632
37156,24185,30752
37036,24173,30670
36949,24151,30636
36952,24164,30544
37236,24177,30591
37492,24219,30605
37700,24247,30509
37984,24266,30660
38316,24249,30561
38520,24237,30651
38520,24223,30485
38464,24198,30625
38348,24186,30591
38500,24203,30527
38756,24208,30420
38940,24239,30477
39064,24277,30484
39136,24293,30356
39136,24300,30500
38908,24285,30386
38936,24267,30466
39164,24221,30263
39388,24209,30380
39510,24231,30279
39500,24251,30236
39508,24287,30120
39638,24333,30247
39744,24356,30164
39896,24319,30124
40047,24317,29980
40012,24289,30083
39972,24263,30005
39948,24259,29857
40060,24267,29956
40280,24295,29888
40516,24303,29788
40540,24337,29860
40672,24359,29631
40692,24356,29756
40725,24354,29626
40688,24327,29668
40604,24287,29486
40608,24265,29589
40780,24293,29540
40956,24311,29388
41161,24357,29354
41272,24367,29428
41280,24399,29426
41261,24388,29263
41265,24383,29340
41280,24365,29357
41416,24310,29246
41452,24305,29300
41460,24314,29329
41532,24345,29167
41592,24364,29310
41716,24399,29335
41780,24416,29184
41780,24417,29325
41780,24409,29359
41660,24367,29217
41556,24348,29267
41477,24345,29353
41484,24356,29295
41556,24366,29357
41812,24402,29349
42129,24442,29492
42380,24441,29505
42388,24453,29463
42260,24434,29596
42156,24423,29651
42092,24375,29565
42328,24377,29648
42636,24366,29628
43040,24417,29748
43300,24441,29795
43294,24457,29940
43168,24487,29972
43244,24484,29959
43340,24446,30119
43452,24435,30180
43516,24404,30053
43384,24405,30285
43396,24389,30241
43320,24435,30222
43216,24469,30449
43256,24485,30536
43300,24519,30413
43484,24525,30583
43644,24476,30533
43660,24479,30741
43527,24444,30721
43444,24423,30874
43360,24447,30793
43384,24463,30868
43409,24472,30935
43432,24525,31088
43476,24525,31152
43464,24528,31041
43432,24503,31252
43364,24487,31300
43232,24460,31248
43124,24453,31249
43072,24445,31461
43032,24468,31428
43029,24498,31620
43084,24544,31482
43124,24571,31687
42952,24540,31799
42692,24529,31817
42444,24500,31768
42372,24485,31839
42332,24478,31896
42408,24469,31909
42496,24515,32132
42529,24553,32161
42588,24559,32279
42736,24573,32230
42776,24581,32378
42808,24577,32365
42716,24520,32442
42644,24502,32379
42376,24497,32538
42160,24526,32724
42228,24522,32598
42200,24566,32804
42436,24577,32775
42600,24617,32828
42892,24604,32807
43112,24583,33025
43325,24541,33052
43417,24517,33020
43412,24536,33029
43472,24531,33111
43728,24553,33289
44128,24564,33173
44528,24621,33360
44848,24639,33388
44852,24610,33301
44780,24600,33487
44832,24561,33577
44868,24544,33357
44909,24555,33508
44748,24541,33670
44820,24595,33508
45008,24628,33700
45080,24636,33693
44664,24676,33661
43688,24678,33796
42732,24642,33872
42264,24626,33668
41236,24580,33786
39840,24593,33872
39393,24583,33811
39744,24598,34001
40343,24627,33937
40717,24660,33996
41136,24690,34086
41408,24681,34212
41628,24648,34100
41608,24636,34009
41444,24578,34240
41300,24575,34252
41252,24604,34263
41333,24612,34189
41296,24647,34381
41244,24684,34385
41236,24680,34436
41072,24683,34392
40932,24658,34279
40824,24649,34407
40756,24601,34583
40612,24607,34431
40542,24608,34373
40552,24640,34613
40568,24650,34562
40596,24685,34654
40448,24697,34679
40305,24692,34508
40300,24686,34636
40212,24647,34655
40148,24634,34789
40148,24625,34917
40160,24617,34711
40216,24653,34914
40252,24686,35035
40288,24700,34890
40332,24729,35052
40320,24719,34973
40144,24698,35173
39952,24700,35024
39732,24639,35184
39520,24641,35168
39312,24652,35308
39029,24692,35172
38880,24692,35316
38864,24737,35313
39060,24757,35262
39212,24735,35399
39232,24721,35471
39084,24700,35300
38956,24676,35437
38872,24669,35497
38872,24662,35327
39028,24689,35445
39016,24723,35372
38973,24749,35327
38796,24770,35356
38540,24781,35315
38264,24737,35390
38212,24719,35429
38165,24681,35393
38036,24690,35289
38020,24696,35349
38081,24711,35173
38000,24740,35331
38080,24773,35323
38224,24789,35263
38329,24796,35091
38292,24752,35242
38192,24737,35300
38020,24708,35132
37864,24695,35230
37879,24711,35188
38044,24737,35187
38140,24758,35015
38024,24796,35092
38028,24797,35042
37876,24799,35163
37576,24783,35191
37461,24748,34913
37428,24719,35028
37400,24716,35009
37444,24719,35071
37516,24743,35094
37685,24773,34884
37767,24805,34993
37716,24813,35069
37604,24815,34849
37536,24800,34972
37376,24765,34957
37216,24738,35041
37004,24735,35012
36792,24741,34912
36588,24759,34997
36484,24799,34877
36400,24828,34956
36380,24831,34980
36364,24826,34885
36088,24814,34815
35848,24784,34916
35633,24759,34792
35540,24747,34888
35564,24764,34870
35534,24777,34880
35632,24814,34647
35308,24850,34807
35096,24852,34856
34912,24844,34669
34797,24825,34777
34752,24805,34756
34748,24775,34740
34696,24778,34761
34528,24781,34509
34304,24800,34606
34280,24824,34489
34420,24869,34620
34522,24870,34541
34620,24868,34673
34636,24825,34712
34348,24821,34639
34224,24783,34669
34148,24786,34626
34096,24789,34652
34100,24821,34587
34098,24839,34500
33932,24876,34438
33764,24899,34517
33752,24881,34522
33664,24863,34522
33618,24832,34567
33380,24807,34285
33120,24799,34530
32988,24809,34481
33088,24836,34501
33349,24860,34236
33477,24892,34404
33496,24906,34297
33384,24893,34374
33348,24875,34304
33324,24851,34381
33236,24818,34388
33021,24809,34175
32773,24824,34395
32628,24847,34213
32621,24873,34303
32696,24909,34106
32848,24924,34308
32940,24910,34082
32896,24878,34245
32670,24865,34144
32581,24833,34261
32540,24828,34054
32496,24836,34247
32396,24861,34025
32421,24886,34230
32448,24925,34012
32384,24932,34088
32248,24922,33988
32080,24893,34175
31869,24874,34002
31756,24849,34215
31664,24839,34161
31428,24847,34212
31508,24873,34148
31504,24903,34203
31636,24932,33943
31872,24940,34149
31905,24925,34127
31844,24911,34156
31840,24889,33949
31724,24857,34132
31720,24847,34084
31652,24853,33941
31700,24884,34028
31700,24908,34068
31564,24948,34028
31521,24949,34012
31476,24946,33956
31400,24911,34008
31332,24892,33901
31260,24860,33977
31184,24857,33904
31086,24871,33972
31136,24893,33990
31214,24919,33719
31240,24954,33877
31376,24953,33765
31376,24948,33863
31188,24927,33839
30896,24900,33663
30742,24876,33748
30605,24868,33693
30620,24882,33793
30688,24905,33812
30872,24934,33775
30864,24964,33808
30554,24975,33556
30091,24963,33719
29796,24933,33772
29816,24907,33729
29956,24879,33764
30150,24873,33701
30112,24886,33744
29988,24911,33495
29921,24939,33570
29784,24970,33543
29808,24974,33575
29992,24967,33530
29852,24940,33574
29760,24921,33565
29700,24893,33671
29656,24879,33684
29616,24900,33461
29660,24920,33669
29729,24948,33478
29792,24983,33564
29780,24983,33543
29784,24973,33621
29636,24951,33543
29584,24935,33646
29416,24897,33613
29396,24888,33704
29492,24901,33578
29632,24933,33613
29676,24959,33540
29724,24984,33655
29660,24994,33625
29484,24983,33537
29196,24956,33708
28882,24937,33572
28657,24904,33669
28604,24892,33632
28768,24916,33737
28912,24942,33668
29124,24964,33788
29220,24994,33716
29302,25001,33797
29348,24989,33763
29272,24973,33781
29213,24951,33744
28792,24919,33796
28525,24914,33872
28464,24929,33874
28544,24949,33932
28868,24972,33710
29056,25004,33828
29084,25017,33927
29065,25004,33927
29016,24980,33757
28964,24957,33871
29024,24927,33795
28940,24927,34074
28940,24937,34037
28964,24962,34125
28956,24989,34068
29024,25021,34073
29028,25027,33917
28992,25013,34175
28904,24983,33965
28684,24952,34262
28388,24929,34204
28181,24930,34117
28060,24933,34183
28096,24968,34182
28265,24988,34245
28240,25022,34368
28248,25030,34460
28402,25014,34426
28524,24987,34341
28533,24967,34545
28373,24943,34380
28148,24929,34660
28136,24943,34628
28220,24967,34716
28258,24996,34717
28385,25024,34616
28260,25031,34793
28164,25023,34823
28165,24993,34907
28072,24969,34884
27925,24933,34916
27528,24934,34937
27185,24953,34892
27098,24983,34968
27189,25000,34880
27584,25032,35053
28004,25029,34936
28216,25017,35229
28221,24998,35227
28080,24975,35300
28084,24941,35289
27976,24934,35385
27911,24943,35348
28045,24970,35424
28192,25004,35274
28412,25026,35455
28481,25032,35242
28476,25015,35557
28332,24992,35521
28192,24962,35591
28252,24940,35580
28468,24932,35517
28749,24950,35500
29072,24969,35613
29416,24997,35743
29772,25030,35453
30012,25031,35676
30204,25017,35519
30356,24991,35744
30520,24966,35692
30518,24942,35793
30208,24948,35828
29880,24967,35840
29560,24994,35863
29316,25020,35741
29280,25063,35865
28564,25060,35960
27524,25051,35937
27224,25031,36014
26948,24988,35972
25897,24972,35975
25078,24973,36013
25112,24980,36080
25548,24997,36060
26132,25031,36105
26436,25047,35860
26646,25053,36185
26820,25047,36141
26888,25015,36148
27012,24992,36152
27217,24953,36100
27340,24946,36172
27200,24967,36118
27064,24994,36236
27200,25018,36327
27332,25050,36233
27556,25053,36224
27680,25030,36338
27649,25012,36293
27556,24978,36385
27500,24946,36305
27412,24943,36388
27421,24963,36171
27524,24981,36348
27574,25007,36313
27748,25039,36202
27844,25039,36284
27700,25031,36136
27480,25003,36329
27296,24975,36336
27038,24946,36300
27044,24944,36316
27132,24959,36141
27436,24984,36437
27660,25000,36423
27720,25033,36477
27624,25037,36397
27616,25023,36342
27409,24997,36444
27398,24971,36407
27408,24943,36452
27484,24934,36467
27544,24950,36468
27568,24980,36405
27630,25006,36460
27728,25038,36468
27884,25032,36536
27860,25021,36469
27712,24998,36516
27720,24967,36424
27610,24943,36306
27640,24933,36312
27790,24949,36151
27860,24965,36340
27960,25005,36256
28208,25030,36033
28216,25030,36164
28023,25013,35926
27956,24993,36210
27864,24967,36100
27684,24935,36015
27468,24935,35989
27525,24946,35892
27849,24972,35905
28064,24988,35877
28432,25024,35898
28562,25024,35847
28474,25011,35581
28462,24979,35757
28420,24959,35536
28352,24931,35637
28385,24929,35468
28504,24947,35749
28540,24967,35660
28456,24997,35580
28360,25022,35598
28325,25025,35463
28357,25004,35527
28464,24989,35350
28516,24957,35505
28564,24927,35308
28524,24914,35613
28464,24943,35528
28596,24967,35458
28690,24988,35452
28690,25023,35471
28668,25021,35390
28680,25005,35406
28660,24980,35413
28596,24957,35449
28384,24929,35276
28372,24924,35270
28361,24934,35237
28332,24966,35207
28256,24988,35076
28324,25021,35335
28296,25017,35204
28376,25005,35045
28368,24975,35124
28448,24946,35203
28385,24922,35212
28312,24916,35151
28360,24935,35073
28428,24957,35073
28452,24988,35101
28424,25017,34860
28388,25016,35125
28324,25005,35024
28204,24983,34981
28008,24954,34927
27704,24925,34845
27480,24908,34929
27508,24941,34834
27746,24964,34823
27952,24991,34685
28128,25015,34908
28252,25015,34636
28136,25005,34778
27941,24987,34637
28024,24951,34867
28100,24931,34788
28020,24927,34814
28032,24940,34729
28280,24959,34628
28400,24991,34652
28474,25014,34623
28442,25023,34636
28328,24998,34479
28188,24980,34532
28064,24951,34439
27944,24927,34508
27832,24924,34364
27804,24943,34362
27856,24967,34439
27960,24995,34287
28156,25021,34366
28148,25014,34348
28148,25007,34184
28068,24977,34351
27884,24951,34255
27792,24932,34240
27768,24923,34165
27772,24941,34127
27888,24967,33951
28012,24993,34173
28100,25021,34112
28246,25006,34140
28288,25000,34067
28220,24980,33951
28048,24952,34021
27744,24927,33956
27548,24926,33988
27572,24943,34006
27832,24967,33933
28200,24997,33935
28608,25015,33896
28652,25026,33798
28496,25000,33804
28320,24974,33697
28340,24950,33708
28437,24932,33799
28604,24920,33741
28472,24945,33768
28238,24970,33678
28070,25004,33716
28158,25023,33591
28364,25023,33708
28408,25002,33701
28436,24979,33621
28389,24957,33608
28364,24932,33581
28288,24931,33580
28352,24946,33535
28632,24969,33584
28919,24997,33622
28937,25021,33511
28813,25027,33384
28589,25007,33460
28400,24985,33324
28368,24957,33428
28320,24935,33421
28326,24932,33252
28412,24946,33271
28468,24979,33202
28540,25007,33216
28645,25028,33175
28648,25018,33225
28636,25009,33137
28500,24994,33231
28384,24959,33232
28432,24936,33202
28581,24932,33216
28770,24951,32989
28816,24971,33183
28884,25000,32943
28940,25031,33124
28865,25023,33075
28838,25012,33007
28704,24980,33031
28516,24958,33057
28440,24937,32853
28588,24935,32910
28736,24948,32807
28748,24976,32988
28606,25002,32937
28656,25037,32806
28552,25029,32720
28566,25012,32775
28640,24980,32855
28741,24950,32856
28852,24933,32864
28972,24932,32846
29089,24955,32836
29148,24975,32821
29272,24998,32671
29164,25026,32694
28916,25025,32612
28724,25007,32728
28668,24990,32620
28533,24954,32751
28540,24930,32791
28814,24925,32748
28904,24953,32775
28856,24975,32710
28896,24998,32678
28932,25018,32729
28958,25020,32655
29028,25007,32692
29034,24982,32578
29012,24951,32663
28950,24924,32663
28941,24927,32645
28972,24951,32532
29013,24975,32628
28984,24999,32577
28896,25028,32647
28824,25025,32612
28713,25001,32500
28676,24981,32616
28588,24945,32527
28565,24915,32640
28716,24921,32584
28632,24943,32614
28572,24971,32644
28630,24999,32614
28672,25021,32596
28724,25023,32428
28896,25003,32618
28902,24973,32443
28733,24943,32564
28693,24917,32581
28804,24922,32617
28873,24933,32565
29248,24961,32613
29588,24997,32617
29544,25015,32637
29404,25012,32649
29528,24996,32479
29524,24970,32580
29518,24943,32628
29518,24916,32657
29308,24921,32608
29082,24935,32673
28992,24959,32692
29117,24991,32527
29528,25016,32611
29772,25012,32572
29913,24988,32711
29922,24967,32623
29821,24932,32559
29664,24917,32680
29564,24918,32677
29484,24932,32741
29557,24960,32612
29676,24988,32703
29684,24998,32615
29608,24999,32741
29432,24990,32660
29324,24957,32799
29312,24932,32829
29172,24905,32851
29124,24908,32885
29288,24925,32725
29505,24950,32873
29716,24976,32927
29789,24998,32767
29768,24997,32733
29856,24983,32855
29916,24950,32917
29985,24919,32800
30082,24900,32965
30188,24905,32945
30232,24921,32849
30216,24944,33020
30228,24974,33049
30212,24996,32948
30228,24988,32868
30248,24969,33063
30092,24941,33119
30165,24912,32966
30184,24897,33105
30081,24889,33173
30216,24910,32974
30413,24936,33100
30516,24960,33053
30644,24988,33012
30752,24981,33089
30759,24956,33264
30877,24932,33084
31228,24901,33149
31540,24872,33119
31673,24884,33175
31630,24900,33151
31496,24922,33303
31584,24956,33300
31989,24967,33331
32372,24966,33304
32506,24956,33245
32712,24922,33276
32808,24900,33245
32864,24880,33286
32980,24878,33309
32944,24914,33421
32672,24933,33338
32458,24972,33366
32268,24990,33271
32012,24995,33477
31692,24969,33347
30592,24955,33472
29436,24925,33543
29056,24902,33375
28704,24903,33559
27913,24920,33625
27712,24944,33437
28238,24968,33591
28945,24983,33567
29364,24975,33664
29528,24965,33724
29626,24933,33511
29552,24903,33714
29680,24885,33799
29960,24879,33601
30396,24895,33819
30808,24925,33808
31036,24951,33878
31096,24967,33855
31048,24965,33935
31054,24942,33897
30980,24921,33967
30852,24888,33736
30581,24870,33855
30557,24869,33789
30613,24886,33972
30788,24912,33864
30892,24944,33943
30956,24959,33876
30984,24960,33945
31040,24932,33837
31092,24904,33955
31092,24879,33876
30964,24860,34113
30752,24865,34121
30664,24885,34142
30780,24910,34160
30996,24940,34073
31180,24954,34293
31132,24951,34256
31032,24932,34285
30905,24909,34268
30616,24876,34180
30450,24859,34228
30356,24863,34183
30433,24879,34300
30680,24900,34180
30844,24933,34330
30880,24950,34294
30954,24949,34343
31064,24928,34292
31148,24901,34411
31144,24870,34385
30893,24852,34232
30616,24853,34469
30549,24873,34290
30800,24896,34392
30948,24904,34423
31168,24941,34201
31308,24935,34340
31144,24919,34221
30900,24892,34241
30856,24853,34133
31076,24836,34249
31284,24842,34256
31326,24861,34012
31404,24885,34164
31576,24914,34011
31692,24932,34109
31613,24935,33868
31630,24905,34039
31584,24885,33895
31552,24855,34029
31544,24828,33843
31508,24835,33752
31584,24852,33891
31800,24876,33844
31976,24908,33792
31998,24930,33623
31784,24925,33767
31692,24903,33741
31836,24875,33799
32040,24837,33627
32384,24819,33501
32644,24825,33671
32664,24844,33546
32564,24873,33574
32320,24901,33415
32254,24911,33460
32378,24912,33469
32510,24887,33517
32644,24867,33492
32652,24831,33465
32548,24812,33346
32436,24819,33351
32488,24838,33351
32664,24863,33260
32832,24888,33315
32864,24906,33287
32712,24905,33061
32624,24882,33141
32548,24861,33032
32508,24827,33047
32382,24807,32997
32368,24809,33093
32409,24833,33109
32392,24860,32855
32384,24884,32917
32320,24900,32839
32160,24898,32932
31944,24876,32959
31860,24849,32726
31824,24820,32740
31812,24807,32679
31932,24805,32702
32056,24827,32641
32120,24855,32756
32137,24881,32784
32060,24897,32532
31985,24891,32693
31901,24868,32652
31812,24855,32501
31712,24812,32633
31644,24797,32508
31592,24805,32596
31546,24822,32566
31604,24845,32572
31860,24877,32357
31988,24892,32393
32120,24892,32393
32004,24865,32334
31788,24839,32431
31652,24804,32283
31596,24788,32393
31764,24794,32303
31912,24815,32274
32076,24838,32175
32268,24872,32321
32381,24889,32348
32172,24885,32129
31960,24863,32159
31704,24836,32096
31536,24804,32236
31548,24788,32242
31776,24792,32037
31856,24813,32184
31893,24837,32070
31948,24870,32036
31988,24890,32146
31956,24874,32169
31973,24852,32122
31852,24832,32103
31756,24798,32081
31792,24782,32071
31928,24782,32086
32100,24808,32066
32281,24834,31897
32308,24868,32021
32236,24882,31904
32204,24865,32006
32132,24855,32004
32032,24825,31837
32094,24785,31879
32168,24773,31807
32048,24780,31951
31910,24797,31793
31760,24823,31847
31750,24863,31797
31892,24869,31940
32016,24869,31975
32024,24845,31783
31894,24809,31836
31830,24786,31856
31660,24773,31924
31428,24772,31903
31472,24789,31917
31756,24823,31937
31784,24852,31892
31716,24868,31919
31668,24861,31878
31524,24839,31825
31450,24815,31856
31468,24778,31709
31584,24768,31841
31516,24770,31812
31396,24789,31663
31293,24818,31805
31356,24849,31825
31548,24861,31623
31792,24848,31687
31854,24829,31589
31813,24813,31632
31760,24773,31583
31696,24759,31721
31764,24770,31749
31768,24783,31548
31996,24810,31588
32232,24843,31525
32048,24859,31680
31732,24853,31695
31460,24828,31533
31356,24805,31478
31492,24763,31532
31700,24756,31558
31644,24759,31632
31460,24780,31629
31212,24803,31444
31260,24838,31505
31316,24857,31511
31164,24842,31597
31142,24817,31509
31112,24797,31593
31141,24760,31597
31232,24748,31433
31328,24753,31480
31325,24772,31423
31236,24796,31508
31260,24829,31429
31292,24839,31589
31337,24839,31575
31152,24816,31425
30988,24785,31524
30888,24758,31623
30869,24740,31461
30969,24748,31524
31012,24765,31612
31004,24795,31639
30941,24825,31664
31044,24839,31488
31206,24828,31556
31128,24810,31516
31084,24781,31661
31020,24747,31722
30832,24737,31533
30692,24741,31696
30788,24756,31705
30984,24783,31665
31264,24812,31776
31430,24828,31823
31408,24823,31648
31436,24801,31855
31188,24775,31829
31036,24741,31807
31126,24727,31717
31256,24727,31879
31384,24757,31913
31380,24772,31927
31286,24812,31797
31172,24829,31896
31085,24812,31943
31149,24784,32039
31224,24767,32109
31200,24727,31917
31212,24720,32095
31080,24724,32124
31053,24751,32076
30996,24765,32226
31034,24805,32114
31137,24810,32295
30980,24806,32352
30836,24791,32263
30748,24756,32421
30770,24725,32397
30852,24708,32367
31160,24715,32468
31362,24740,32452
31609,24760,32604
31848,24791,32604
31936,24805,32765
31682,24799,32833
31548,24775,32722
31344,24756,32915
31204,24708,33023
31168,24709,33027
31308,24711,33000
31460,24735,33143
31557,24758,33036
31620,24788,33253
31829,24799,33387
31968,24796,33218
31964,24768,33415
31708,24745,33486
31428,24711,33415
31184,24693,33616
31116,24704,33772
31397,24727,33636
31756,24749,33844
31924,24781,33968
31896,24791,33821
31728,24791,34052
31568,24765,34127
31481,24740,34023
31408,24709,34284
31324,24687,34183
31380,24705,34479
31336,24721,34529
31352,24738,34567
31412,24783,34652
31560,24791,34695
31650,24773,34871
31592,24756,34664
31348,24732,34932
31256,24696,34849
31256,24677,35061
31237,24688,35020
31468,24706,35233
31636,24735,35382
31704,24769,35260
31812,24775,35457
32008,24772,35574
31988,24751,35612
31772,24724,35647
31616,24687,35528
31624,24676,35856
31772,24677,35647
31840,24700,35917
31828,24727,36012
31880,24753,36161
31965,24761,35919
31732,24760,36209
31405,24741,36288
31121,24704,36325
31152,24677,36484
31360,24660,36209
31768,24664,36519
32056,24692,36381
32284,24721,36526
32520,24746,36605
32852,24751,36737
33148,24749,36836
33200,24721,36601
33244,24698,36885
33153,24668,36892
32948,24658,36871
33000,24668,37021
33412,24685,37128
33780,24704,36935
34020,24738,37138
34196,24745,37244
34248,24742,36972
34128,24716,37207
33928,24708,37196
33620,24669,37341
33340,24665,37290
33204,24669,37365
33124,24693,37180
33176,24721,37361
32880,24765,37535
31724,24764,37543
30632,24762,37580
30524,24741,37549
30004,24719,37673
29236,24680,37701
29038,24671,37660
29360,24678,37791
29908,24692,37791
30528,24710,37830
31044,24740,37639
31468,24744,37894
31788,24741,37748
31940,24715,37908
31934,24692,37940
31724,24658,38078
31484,24640,38108
31360,24654,38052
31553,24672,38165
31868,24701,38277
32172,24724,38087
32380,24743,38273
32492,24722,38344
32224,24701,38233
31940,24677,38333
31864,24640,38377
32020,24636,38363
32172,24641,38497
32252,24649,38316
32140,24682,38456
32296,24722,38463
32465,24732,38500
32394,24716,38359
32212,24696,38568
32073,24664,38482
31933,24635,38663
31860,24621,38392
31760,24636,38657
31888,24652,38813
32093,24673,38644
32264,24711,38744
32388,24716,38701
32440,24708,38884
32244,24686,38674
32020,24657,38841
31845,24622,38727
31732,24612,38908
31761,24616,38580
31980,24637,38885
31960,24673,39012
31781,24701,38820
31944,24709,38895
32148,24697,38919
32268,24668,38847
32489,24645,38863
32380,24613,38807
32196,24607,38948
32188,24612,38853
32284,24631,38790
32352,24660,38871
32404,24687,38724
32452,24696,38663
32352,24689,38740
32320,24660,38535
32344,24634,38644
32334,24597,38535
32397,24594,38615
32314,24604,38312
32256,24629,38461
32404,24647,38393
32560,24681,38448
32732,24689,38389
32720,24678,38336
32600,24650,38082
32557,24629,38338
32535,24591,38244
32576,24583,38121
32692,24596,38220
32720,24614,38180
32808,24636,38207
32772,24673,38044
32724,24676,38107
32412,24670,38156
32236,24642,38055
32140,24615,37895
32204,24582,37913
32360,24569,37977
32322,24581,38057
32372,24605,37679
32564,24634,37863
32676,24659,37639
32668,24668,37951
32632,24657,37668
32594,24632,37785
32436,24603,37829
32312,24572,37783
32356,24557,37845
32400,24580,37589
32352,24596,37697
32265,24624,37774
32084,24651,37376
32036,24663,37623
32052,24652,37487
32116,24629,37573
32145,24594,37519
32152,24553,37358
32116,24549,37455
32024,24564,37463
32088,24583,37439
32088,24613,37380
31984,24644,37269
31838,24652,37333
31748,24636,37366
31552,24612,37315
31436,24583,37374
31416,24559,37028
31460,24540,37180
31463,24554,37293
31621,24578,37215
31708,24603,37140
31656,24634,37137
31564,24647,37167
31476,24631,37245
31808,24605,36932
32200,24583,37056
32129,24547,37060
31816,24538,37049
31517,24544,37152
31478,24572,36819
31688,24599,36977
31956,24627,36780
32000,24637,37101
31972,24616,37021
31812,24597,37068
31668,24572,36985
31548,24540,37045
31508,24535,36981
31544,24539,37016
31597,24559,36938
31704,24591,36852
31744,24623,36923
31645,24620,36953
31576,24613,36821
31568,24591,36909
31616,24565,36994
31604,24531,36804
31556,24522,36893
31444,24532,36930
31512,24549,36901
31520,24572,36969
31524,24605,36763
31720,24617,36841
31880,24603,36909
31892,24581,36887
31780,24554,36797
31512,24513,36740
31264,24509,36871
31280,24523,36935
31408,24545,36751
31652,24575,36836
31824,24605,36935
31760,24601,36607
31780,24596,36828
31704,24572,36882
31340,24551,36889
31037,24513,36821
30961,24506,36993
31100,24519,36689
31320,24538,36909
31500,24552,36969
31748,24595,36911
31944,24602,36730
32028,24583,36925
32012,24562,36852
31920,24529,36901
31868,24494,36686
31767,24487,36943
31668,24500,36863
31585,24524,37007
31616,24554,36799
31616,24575,36932
31700,24590,36900
31924,24575,36901
32072,24550,36932
32036,24520,36836
31944,24487,36917
31900,24484,36916
31952,24499,36844
31992,24519,36804
32060,24535,36892
32052,24573,36956
31946,24581,36661
31712,24562,36839
31624,24541,36942
31540,24516,36925
31424,24479,36999
31332,24468,36796
31204,24484,36806
31316,24515,36860
31380,24524,36900
31300,24574,36990
31456,24567,36913
31586,24557,37013
31518,24530,36913
31432,24511,36823
31172,24472,36844
31036,24470,36934
31040,24475,36951
31080,24495,36828
31244,24524,36941
31240,24563,37016
31124,24561,36732
31119,24549,36935
31172,24516,37062
31384,24495,36708
31492,24460,36861
31428,24457,36991
31382,24458,36999
31452,24484,36898
31548,24509,36976
31712,24541,37036
31688,24551,36944
31472,24535,37137
31264,24509,36964
31055,24484,37082
31008,24459,37064
31056,24444,37068
31081,24460,37124
31092,24481,37155
31188,24505,37029
31173,24535,37157
31132,24541,37113
31032,24524,37266
30728,24498,37090
30653,24469,36964
30584,24447,37205
30638,24436,37194
30757,24441,37179
30980,24469,37255
31320,24495,37220
31596,24517,37204
31724,24528,37272
31492,24513,37351
31108,24491,37200
30892,24461,37069
30864,24431,37215
31200,24419,37223
31464,24432,37164
31485,24455,37308
31388,24479,37433
31264,24513,37260
31340,24518,37348
31204,24500,37441
31212,24485,37116
31296,24452,37319
31296,24415,37467
31400,24416,37301
31456,24423,37221
31664,24447,37371
31798,24468,37509
31909,24494,37177
32004,24511,37438
31820,24487,37369
31522,24473,37521
31224,24447,37263
31112,24410,37466
31372,24401,37431
31800,24412,37569
31997,24437,37268
32152,24462,37504
32208,24489,37681
32256,24497,37620
32304,24480,37529
32229,24461,37647
32224,24426,37676
32304,24399,37637
32381,24394,37712
32328,24405,37735
32244,24428,37565
32324,24455,37785
32484,24484,37793
32684,24487,37740
32792,24473,37724
32724,24447,37767
32628,24420,38004
32374,24394,37916
32260,24388,37929
32324,24397,37958
32524,24412,37956
32676,24443,38113
32852,24465,37980
33000,24471,37773
32908,24455,38089
32784,24433,38137
32641,24405,38055
32596,24378,38161
32564,24369,38308
32540,24380,38053
32487,24401,38252
32408,24434,38296
32332,24460,38277
32292,24468,38364
32264,24447,38472
32328,24423,38323
32380,24393,38447
32396,24373,38429
32544,24357,38354
32706,24364,38532
32620,24388,38561
32452,24412,38658
32468,24440,38593
32469,24452,38636
32612,24437,38601
32652,24409,38823
32616,24390,38500
32232,24361,38752
31992,24354,38719
31824,24358,38919
31880,24381,38548
32152,24404,38836
32504,24437,38986
32808,24439,38813
32904,24425,38873
32780,24405,39032
32636,24378,38844
32536,24351,38941
32504,24325,38828
32496,24345,39007
32576,24373,38954
32788,24402,38871
33100,24428,39077
33518,24420,38689
33820,24415,38917
34176,24388,39060
34368,24364,38704
34364,24337,38967
34342,24308,39031
34517,24327,39037
34792,24355,38919
35204,24386,39101
35456,24415,38733
35524,24419,38935
35504,24409,39132
35340,24381,38879
34912,24350,38985
34340,24338,39183
33951,24339,38978
33616,24336,39079
33375,24373,39192
33184,24404,38975
32463,24424,38809
31544,24439,38996
31488,24415,39132
31172,24391,39116
30344,24362,39100
30240,24327,39175
30770,24316,39054
31488,24330,39126
31833,24354,39290
32032,24377,39100
32364,24404,39165
32688,24406,39295
33084,24388,38911
33264,24365,39068
33220,24336,39163
32916,24309,39148
32832,24295,39184
32830,24317,39199
32812,24334,39311
32952,24361,39033
33120,24393,39187
33228,24393,39249
33152,24377,39046
33088,24356,39173
32988,24319,39311
32956,24284,39104
33100,24286,39175
33380,24296,39213
33668,24314,39066
33864,24351,39109
33912,24382,39244
33908,24378,39032
33852,24357,39113
33774,24332,39181
33692,24313,38998
33540,24277,39141
33408,24276,39001
33428,24285,39237
33567,24309,39055
33580,24340,39108
33500,24366,39187
33360,24364,38822
33229,24352,39085
33137,24326,39236
33148,24300,38804
33296,24271,39076
33414,24260,39214
33461,24283,39073
33208,24301,38960
32984,24327,39076
32985,24346,39060
33349,24348,38972
33472,24338,39135
33420,24311,38919
33292,24292,38968
33124,24263,39067
33144,24249,38900
33344,24263,38905
33489,24289,38815
33596,24321,38945
33632,24348,38660
33552,24349,38718
33462,24327,38817
33308,24300,38741
33396,24277,38540
33396,24241,38596
33376,24240,38417
33440,24252,38529
33528,24273,38452
33728,24300,38468
33892,24326,38274
33961,24325,38324
34029,24308,38260
34069,24289,38297
34168,24263,37951
34124,24231,38132
34028,24229,38175
34076,24237,38068
33968,24263,38064
33837,24301,38021
33808,24317,37932
34068,24319,37693
34288,24296,37807
34504,24275,37916
34538,24253,37863
34432,24221,37741
34322,24221,37701
34316,24231,37765
34460,24255,37733
34597,24287,37767
34624,24309,37617
34592,24318,37664
34492,24295,37525
34452,24273,37701
34340,24231,37357
34284,24208,37484
34196,24204,37584
34056,24227,37319
34068,24240,37438
34104,24267,37380
34184,24295,37439
34097,24301,37472
33880,24277,37116
33668,24252,37353
33560,24228,37404
33725,24191,37041
33990,24192,37252
34208,24213,37336
34132,24236,37111
33844,24252,37198
33832,24279,37081
33761,24277,37205
33724,24272,36847
33552,24241,37061
33412,24223,37071
33328,24191,36935
33432,24189,37021
33812,24200,36719
34128,24220,36882
34145,24253,36935
34116,24276,36632
34144,24279,36800
34020,24268,36934
33928,24231,36580
33764,24217,36713
33644,24181,36700
33608,24169,36768
33454,24199,36615
33408,24209,36702
33408,24242,36464
33553,24271,36664
33648,24277,36564
33688,24261,36688
33560,24226,36366
33436,24198,36560
33361,24178,36653
33224,24173,36447
33176,24190,36512
33380,24205,36471
33617,24235,36492
33941,24256,36231
34132,24261,36340
33892,24239,36385
33632,24218,36417
33486,24189,36492
33516,24172,36137
33537,24165,36280
33744,24175,36320
33838,24198,36349
33900,24235,36301
34076,24250,36204
34068,24247,36294
34004,24228,36359
33860,24212,36133
33804,24176,36219
33684,24156,36304
33672,24149,36026
33736,24167,36164
33740,24184,36175
33832,24216,35933
33844,24237,36114
33740,24248,36201
33609,24225,36036
33482,24209,36116
33452,24173,36103
33625,24139,36156
33704,24139,35984
33924,24150,36095
34056,24191,35991
33972,24205,36024
33788,24231,36060
33796,24233,35943
33668,24221,35932
33416,24191,36014
33416,24156,36093
33472,24126,35833
33653,24125,35873
33834,24145,36016
34024,24173,35685
34212,24199,35845
34144,24215,35943
33788,24217,35623
33472,24207,35813
33385,24180,35841
33413,24145,35698
33504,24129,35781
33661,24116,35711
33772,24135,35712
33808,24165,35703
33756,24191,35751
33760,24216,35662
33752,24205,35718
33700,24190,35417
33656,24165,35692
33685,24138,35598
33624,24119,35624
33436,24110,35442
33316,24135,35526
33348,24149,35588
33528,24175,35400
33669,24204,35485
33653,24201,35519
33580,24187,35433
33486,24167,35444
33480,24122,35294
33405,24117,35366
33394,24096,35412
33440,24123,35358
33526,24140,35345
33545,24169,35133
33500,24199,35196
33532,24204,35198
33432,24175,35252
33424,24144,35229
33284,24122,35220
33212,24099,35172
33208,24085,35068
33216,24110,35142
33384,24136,35052
33596,24164,35130
33576,24181,35185
33428,24184,34985
33154,24172,35078
32772,24145,35047
32871,24122,35046
33201,24085,34990
32980,24083,34983
32724,24102,35015
32544,24133,35030
32756,24149,34848
33192,24182,34949
33660,24178,34850
33792,24159,34935
33668,24133,34684
33561,24109,34864
33469,24077,34664
33364,24078,34888
33316,24087,34854
33440,24111,34885
33440,24144,34823
33440,24169,34826
33537,24165,34790
33520,24152,34796
33316,24123,34751
33197,24093,34732
33332,24069,34714
33340,24058,34751
33428,24084,34527
33568,24109,34757
33480,24132,34694
33500,24159,34724
33534,24159,34676
33460,24140,34709
33392,24118,34652
33224,24084,34711
33012,24058,34403
33008,24049,34557
33108,24081,34409
33296,24097,34692
33560,24121,34604
33632,24145,34516
33588,24140,34496
33404,24132,34580
33224,24102,34623
33100,24079,34367
33096,24053,34501
33028,24059,34434
32984,24063,34540
33076,24093,34548
33320,24125,34545
33469,24133,34471
33544,24143,34332
33488,24116,34429
33469,24103,34518
33540,24058,34530
33728,24040,34592
33748,24039,34524
33736,24053,34575
33628,24082,34524
33712,24108,34527
33844,24137,34311
33824,24125,34439
33984,24109,34413
33789,24089,34508
33160,24053,34461
32908,24029,34506
32836,24038,34494
33028,24036,34540
33300,24069,34577
33456,24100,34541
33632,24119,34417
33573,24119,34492
33436,24104,34431
33252,24071,34493
33156,24046,34404
33120,24021,34500
33140,24013,34567
33232,24037,34655
33316,24057,34576
33369,24093,34500
33460,24108,34555
33392,24111,34559
33240,24096,34605
33000,24065,34492
32724,24030,34566
32684,24008,34514
32676,24013,34533
32836,24028,34423
33053,24052,34693
32924,24078,34510
32840,24101,34657
32862,24096,34719
33092,24071,34455
33300,24051,34628
33448,24026,34595
33348,23996,34693
33177,23996,34623
33116,24018,34655
33124,24040,34718
33384,24071,34668
33976,24093,34710
34552,24089,34520
34833,24064,34636
34700,24037,34705
34602,24004,34761
34672,23989,34761
35132,23991,34655
35580,23998,34766
35984,24033,34857
36176,24061,34564
36212,24081,34689
36220,24095,34693
36252,24057,34807
36256,24039,34820
35788,24023,34823
35108,24006,34900
34460,23999,34849
33980,24025,34796
33788,24041,34849
33316,24085,34778
32264,24108,34812
31968,24093,34818
31844,24071,34902
30884,24048,34885
30446,24021,34917
30797,23991,34983
31396,23988,34969
31880,24005,34956
32496,24028,34812
32900,24055,34927
33140,24071,34918
33325,24071,34951
33341,24053,35004
33316,24031,35061
33356,23995,35093
33432,23971,35111
33516,23976,35161
33624,23985,35033
33704,24021,35037
33802,24039,35045
33916,24064,35143
33908,24048,35095
33752,24044,35120
33576,23999,35116
33464,23986,35207
33381,23959,35237
33304,23957,35261
33296,23973,35285
33342,24002,35140
33440,24037,35247
33536,24053,35268
33572,24049,35319
33480,24032,35417
33388,24001,35156
33346,23970,35274
33440,23962,35177
33520,23949,35325
33588,23975,35428
33671,23991,35479
33592,24022,35559
33292,24043,35524
33072,24046,35424
33084,24029,35572
33100,23993,35445
33400,23955,35588
33583,23951,35671
33633,23943,35373
33620,23957,35567
33486,23984,35425
33428,24029,35524
33277,24029,35536
33338,24025,35613
33380,24013,35405
33516,23986,35530
33716,23942,35525
33740,23927,35621
33780,23935,35620
33740,23943,35420
33628,23980,35561
33540,24005,35453
33620,24020,35463
33796,24029,35485
33800,24007,35496
33792,23979,35484
33709,23938,35255
33620,23917,35380
33537,23926,35441
33577,23948,35342
33692,23963,35318
33932,23996,35091
34052,24015,35163
33980,24011,35152
33884,23984,35005
33768,23961,35147
33604,23934,35198
33536,23917,35012
33596,23916,35110
33708,23935,35151
33842,23955,34900
33952,23991,34999
34032,24012,34895
33956,23997,35004
33969,23988,35036
34136,23961,34936
34048,23919,34823
33956,23905,34980
33856,23900,34732
33799,23924,34879
33828,23957,34823
34024,23989,34817
34200,23991,34623
34245,23999,34761
34085,23973,34858
33860,23951,34660
33696,23914,34729
33701,23896,34789
33801,23898,34469
33948,23911,34583
33868,23942,34452
33796,23972,34520
33960,23992,34591
33900,23975,34585
33748,23967,34628
33584,23942,34342
33408,23909,34567
33337,23889,34268
33400,23895,34464
33542,23914,34348
33608,23936,34453
33548,23965,34183
33572,23983,34346
33552,23969,34396
33412,23957,34172
33372,23939,34252
33308,23897,34303
33304,23884,33994
33304,23885,34091
33280,23904,34108
33312,23934,33924
33336,23965,34089
33294,23975,34150
33180,23970,33869
33128,23956,33933
32964,23935,34020
32822,23897,34002
32736,23871,33895
32792,23879,33847
32792,23897,33952
32788,23929,33969
32812,23956,33790
32952,23968,33905
33092,23969,33812
33056,23943,33728
33068,23917,33844
32953,23894,33797
32958,23875,33792
33308,23869,33810
33632,23889,33762
33874,23917,33831
33896,23949,33550
33901,23957,33671
33868,23959,33734
33908,23940,33735
33892,23911,33671
33813,23881,33720
33756,23866,33701
33788,23867,33703
33828,23884,33743
33816,23920,33508
33806,23943,33673
33856,23966,33735
33782,23956,33469
33785,23936,33684
33780,23903,33508
33760,23879,33644
33728,23860,33652
33756,23864,33420
33684,23877,33524
33546,23909,33485
33494,23941,33521
33580,23951,33487
33668,23948,33511
33548,23931,33597
33528,23906,33438
33432,23879,33556
33412,23853,33492
33425,23861,33543
33324,23873,33428
33236,23909,33582
33140,23935,33664
33140,23952,33618
33158,23943,33495
33148,23919,33492
33121,23898,33529
32992,23868,33492
32940,23853,33593
33048,23854,33633
33125,23878,33583
33344,23900,33571
33504,23925,33541
33708,23945,33531
33668,23943,33504
33572,23911,33396
33300,23899,33496
32968,23859,33470
32760,23848,33268
32905,23847,33340
33204,23860,33412
33588,23885,33192
33756,23919,33276
33728,23936,33365
33653,23928,33357
33492,23910,33253
33348,23877,33186
33248,23852,33293
33148,23834,33337
33152,23831,33090
33192,23853,33205
33236,23884,33021
33352,23917,33089
33402,23927,33088
33380,23926,33159
33140,23901,33197
32780,23887,32965
32520,23841,33096
32442,23829,33119
32620,23835,33063
32900,23860,32945
33128,23878,32828
33320,23908,32901
33556,23916,32924
33616,23916,32976
33462,23901,32889
33272,23869,32854
33100,23828,32743
32896,23821,32908
32856,23825,32783
32809,23844,32791
32924,23866,32677
32972,23898,32747
32720,23916,32823
32629,23913,32823
32833,23891,32749
32977,23863,32663
33036,23832,32775
32976,23807,32784
32836,23821,32614
33006,23839,32741
33184,23860,32673
33336,23892,32719
33368,23906,32549
33372,23898,32669
33240,23878,32697
33108,23855,32519
33000,23815,32660
32910,23797,32625
33006,23804,32580
33204,23837,32445
33264,23855,32607
33344,23896,32649
33376,23901,32471
33316,23897,32599
33224,23874,32492
33128,23847,32479
33112,23823,32570
33109,23801,32638
33172,23796,32396
33216,23819,32496
33353,23852,32487
33494,23891,32588
33556,23893,32518
33464,23885,32485
33476,23873,32578
33480,23842,32645
33328,23809,32412
33136,23793,32580
32985,23796,32667
33004,23823,32457
33101,23853,32629
33141,23876,32680
33266,23887,32447
33293,23884,32607
33208,23858,32700
33028,23836,32496
32976,23807,32685
33044,23790,32657
33181,23796,32692
33377,23823,32608
33584,23839,32551
33696,23876,32738
33728,23892,32772
33388,23872,32791
33076,23852,32699
32840,23829,32811
32712,23797,32666
32680,23780,32852
32765,23788,32740
32856,23815,32879
32956,23833,32870
32960,23860,32911
32896,23875,32820
32912,23877,32954
32885,23852,32876
32752,23822,32961
32768,23793,33006
32804,23769,32927
32864,23773,32941
32968,23797,33072
32948,23832,33157
32905,23861,32937
32900,23878,33072
32936,23861,33023
32997,23841,33152
32925,23807,33229
32768,23780,33071
32748,23772,33196
32789,23773,33295
32840,23796,33151
32921,23825,33319
32988,23855,33236
33124,23868,33384
33192,23860,33365
33112,23831,33230
33098,23812,33423
33016,23771,33461
32908,23753,33383
32944,23764,33554
33133,23787,33610
33408,23813,33476
33824,23847,33444
34106,23853,33652
34312,23841,33597
34468,23821,33761
34457,23789,33644
34360,23764,33798
34348,23735,33900
34496,23759,33795
34784,23774,33905
35088,23807,33925
35252,23831,33956
35240,23851,33879
35388,23837,34070
35336,23812,34132
35052,23801,33978
34764,23772,34183
34508,23768,34287
34334,23775,34085
34128,23791,34243
33233,23834,34406
32074,23854,34237
31786,23871,34416
31348,23870,34489
30448,23837,34356
30180,23807,34607
30532,23775,34753
31044,23751,34572
31357,23761,34798
31556,23777,34916
31932,23804,34679
32392,23836,34887
32756,23847,35052
32856,23839,34867
32744,23815,35085
32544,23791,35030
32360,23753,35135
32321,23743,35225
32336,23749,35335
32360,23773,35191
32214,23798,35349
32340,23831,35485
32600,23846,35206
32960,23822,35494
33224,23809,35621
33388,23782,35351
33376,23738,35615
33340,23726,35735
33261,23738,35526
33276,23762,35696
33404,23777,35718
33464,23825,35809
33488,23827,35833
33476,23813,35637
33448,23785,35876
33392,23767,36055
33293,23748,35996
33244,23726,36028
33304,23726,36165
33388,23750,35879
33413,23775,36149
33552,23805,36254
33616,23814,36207
33576,23809,36260
33492,23781,36140
33376,23756,36287
33288,23735,36359
33160,23704,36069
33180,23722,36231
33300,23741,36260
33469,23765,36236
33480,23793,36386
33472,23806,36089
33436,23799,36229
33392,23777,36389
33320,23749,36301
33212,23722,36188
33196,23698,36238
33272,23716,36256
33368,23733,36231
33501,23767,36100
33668,23783,36160
33828,23799,36124
33836,23791,36189
33724,23768,35828
33624,23735,35985
33512,23709,36045
33460,23695,35746
33437,23702,35892
33444,23734,35876
33332,23751,35695
33288,23787,35748
33214,23801,35737
33308,23789,35668
33517,23758,35527
33576,23742,35602
33564,23705,35302
33656,23687,35472
33822,23695,35471
33952,23717,35405
34062,23751,35380
34180,23772,35416
34092,23791,35146
33952,23775,35248
33956,23744,35289
34236,23724,35092
34548,23687,35162
34784,23679,35087
34973,23687,35120
34885,23716,35053
34760,23736,34917
34569,23760,34909
34460,23778,34937
34424,23775,34926
34448,23744,34876
34316,23719,34919
34185,23687,34597
33992,23672,34773
33892,23685,34748
34004,23709,34589
34118,23730,34662
34140,23754,34703
34180,23774,34413
34096,23761,34484
34016,23733,34433
33914,23715,34522
33864,23681,34429
33804,23660,34537
33824,23676,34246
33776,23696,34437
33764,23723,34335
