true,prob,confidence,subject_id,dataset,source_ds
0,0.042066857,1.0,wesad_s4,wesad,wesad
0,0.045060735,1.0,wesad_s4,wesad,wesad
0,0.043960016,1.0,wesad_s4,wesad,wesad
0,0.041937765,1.0,wesad_s4,wesad,wesad
0,0.043424927,1.0,wesad_s4,wesad,wesad
0,0.04191176,1.0,wesad_s4,wesad,wesad
0,0.04318903,1.0,wesad_s4,wesad,wesad
0,0.04954733,1.0,wesad_s4,wesad,wesad
0,0.07132711,1.0,wesad_s4,wesad,wesad
0,0.094356775,1.0,wesad_s4,wesad,wesad
0,0.07677075,1.0,wesad_s4,wesad,wesad
0,0.058112893,1.0,wesad_s4,wesad,wesad
0,0.052036844,1.0,wesad_s4,wesad,wesad
0,0.0620094,1.0,wesad_s4,wesad,wesad
0,0.058234576,1.0,wesad_s4,wesad,wesad
0,0.048925456,1.0,wesad_s4,wesad,wesad
0,0.045628987,1.0,wesad_s4,wesad,wesad
0,0.042890478,1.0,wesad_s4,wesad,wesad
0,0.037757743,1.0,wesad_s4,wesad,wesad
0,0.0395116,1.0,wesad_s4,wesad,wesad
0,0.040678445,1.0,wesad_s4,wesad,wesad
0,0.03838143,1.0,wesad_s4,wesad,wesad
0,0.03721528,1.0,wesad_s4,wesad,wesad
0,0.038281012,1.0,wesad_s4,wesad,wesad
0,0.042772707,1.0,wesad_s4,wesad,wesad
0,0.041366126,1.0,wesad_s4,wesad,wesad
0,0.038914077,1.0,wesad_s4,wesad,wesad
0,0.040308226,1.0,wesad_s4,wesad,wesad
0,0.04207364,1.0,wesad_s4,wesad,wesad
0,0.044935204,1.0,wesad_s4,wesad,wesad
0,0.04666828,1.0,wesad_s4,wesad,wesad
0,0.04899215,1.0,wesad_s4,wesad,wesad
0,0.051962204,1.0,wesad_s4,wesad,wesad
0,0.10409098,1.0,wesad_s4,wesad,wesad
0,0.29399472,1.0,wesad_s4,wesad,wesad
0,0.20236668,1.0,wesad_s4,wesad,wesad
0,0.06951918,1.0,wesad_s4,wesad,wesad
0,0.063212425,1.0,wesad_s4,wesad,wesad
0,0.05724308,1.0,wesad_s4,wesad,wesad
0,0.050699748,1.0,wesad_s4,wesad,wesad
0,0.056590296,1.0,wesad_s4,wesad,wesad
0,0.055025496,1.0,wesad_s4,wesad,wesad
0,0.04696813,1.0,wesad_s4,wesad,wesad
0,0.05148265,1.0,wesad_s4,wesad,wesad
0,0.04913003,1.0,wesad_s4,wesad,wesad
0,0.050429963,1.0,wesad_s4,wesad,wesad
0,0.058842044,1.0,wesad_s4,wesad,wesad
0,0.049441356,1.0,wesad_s4,wesad,wesad
0,0.050962977,1.0,wesad_s4,wesad,wesad
0,0.05273576,1.0,wesad_s4,wesad,wesad
0,0.041657783,1.0,wesad_s4,wesad,wesad
0,0.036571164,1.0,wesad_s4,wesad,wesad
0,0.041611087,1.0,wesad_s4,wesad,wesad
0,0.046793226,1.0,wesad_s4,wesad,wesad
0,0.046794437,1.0,wesad_s4,wesad,wesad
0,0.05046226,1.0,wesad_s4,wesad,wesad
0,0.05325075,1.0,wesad_s4,wesad,wesad
0,0.057871323,1.0,wesad_s4,wesad,wesad
0,0.05580242,1.0,wesad_s4,wesad,wesad
0,0.05264002,1.0,wesad_s4,wesad,wesad
0,0.05928031,1.0,wesad_s4,wesad,wesad
0,0.058812007,1.0,wesad_s4,wesad,wesad
0,0.050178614,1.0,wesad_s4,wesad,wesad
0,0.051596463,1.0,wesad_s4,wesad,wesad
0,0.04462843,1.0,wesad_s4,wesad,wesad
0,0.03921729,1.0,wesad_s4,wesad,wesad
0,0.04368532,1.0,wesad_s4,wesad,wesad
0,0.046723876,1.0,wesad_s4,wesad,wesad
0,0.04177491,1.0,wesad_s4,wesad,wesad
0,0.04442825,1.0,wesad_s4,wesad,wesad
0,0.05543711,1.0,wesad_s4,wesad,wesad
0,0.08067803,1.0,wesad_s4,wesad,wesad
0,0.15493101,1.0,wesad_s4,wesad,wesad
0,0.21486914,1.0,wesad_s4,wesad,wesad
0,0.15212312,1.0,wesad_s4,wesad,wesad
0,0.11148612,1.0,wesad_s4,wesad,wesad
0,0.08459012,1.0,wesad_s4,wesad,wesad
0,0.105487384,1.0,wesad_s4,wesad,wesad
0,0.09481185,1.0,wesad_s4,wesad,wesad
0,0.060133524,1.0,wesad_s4,wesad,wesad
0,0.04906854,1.0,wesad_s4,wesad,wesad
0,0.052021123,1.0,wesad_s4,wesad,wesad
0,0.052013226,1.0,wesad_s4,wesad,wesad
0,0.04733993,1.0,wesad_s4,wesad,wesad
0,0.046645604,1.0,wesad_s4,wesad,wesad
0,0.047400534,1.0,wesad_s4,wesad,wesad
0,0.04556259,1.0,wesad_s4,wesad,wesad
0,0.04466817,1.0,wesad_s4,wesad,wesad
0,0.048573248,1.0,wesad_s4,wesad,wesad
0,0.047753714,1.0,wesad_s4,wesad,wesad
0,0.047083545,1.0,wesad_s4,wesad,wesad
0,0.051265184,1.0,wesad_s4,wesad,wesad
0,0.052058022,1.0,wesad_s4,wesad,wesad
0,0.055937592,1.0,wesad_s4,wesad,wesad
0,0.05930073,1.0,wesad_s4,wesad,wesad
0,0.05068464,1.0,wesad_s4,wesad,wesad
0,0.050026406,1.0,wesad_s4,wesad,wesad
0,0.060391333,1.0,wesad_s4,wesad,wesad
0,0.046387807,1.0,wesad_s4,wesad,wesad
0,0.04208785,1.0,wesad_s4,wesad,wesad
0,0.049862023,1.0,wesad_s4,wesad,wesad
0,0.055747293,1.0,wesad_s4,wesad,wesad
0,0.052313898,1.0,wesad_s4,wesad,wesad
0,0.04852696,1.0,wesad_s4,wesad,wesad
0,0.049279716,1.0,wesad_s4,wesad,wesad
0,0.049223077,1.0,wesad_s4,wesad,wesad
0,0.049155477,1.0,wesad_s4,wesad,wesad
0,0.05175366,1.0,wesad_s4,wesad,wesad
0,0.049130328,1.0,wesad_s4,wesad,wesad
0,0.061223987,1.0,wesad_s4,wesad,wesad
0,0.06164254,1.0,wesad_s4,wesad,wesad
0,0.060407337,1.0,wesad_s4,wesad,wesad
0,0.06873909,1.0,wesad_s4,wesad,wesad
0,0.053950775,1.0,wesad_s4,wesad,wesad
0,0.043928165,1.0,wesad_s4,wesad,wesad
0,0.047652513,1.0,wesad_s4,wesad,wesad
0,0.04865902,1.0,wesad_s4,wesad,wesad
0,0.058101837,1.0,wesad_s4,wesad,wesad
0,0.06095816,1.0,wesad_s4,wesad,wesad
0,0.04568742,1.0,wesad_s4,wesad,wesad
0,0.04297938,1.0,wesad_s4,wesad,wesad
0,0.046517033,1.0,wesad_s4,wesad,wesad
0,0.048040453,1.0,wesad_s4,wesad,wesad
0,0.04680886,1.0,wesad_s4,wesad,wesad
0,0.04370537,1.0,wesad_s4,wesad,wesad
0,0.034752652,1.0,wesad_s4,wesad,wesad
0,0.034472782,1.0,wesad_s4,wesad,wesad
0,0.038912572,1.0,wesad_s4,wesad,wesad
0,0.039822817,1.0,wesad_s4,wesad,wesad
0,0.04219592,1.0,wesad_s4,wesad,wesad
0,0.042560067,1.0,wesad_s4,wesad,wesad
0,0.047159016,1.0,wesad_s4,wesad,wesad
0,0.046226185,1.0,wesad_s4,wesad,wesad
0,0.042433463,1.0,wesad_s4,wesad,wesad
0,0.0446522,1.0,wesad_s4,wesad,wesad
0,0.05072011,1.0,wesad_s4,wesad,wesad
0,0.055160966,1.0,wesad_s4,wesad,wesad
0,0.07590961,1.0,wesad_s4,wesad,wesad
0,0.10742669,1.0,wesad_s4,wesad,wesad
0,0.08182753,1.0,wesad_s4,wesad,wesad
0,0.07137535,1.0,wesad_s4,wesad,wesad
0,0.09755836,1.0,wesad_s4,wesad,wesad
0,0.087776616,1.0,wesad_s4,wesad,wesad
0,0.101885155,1.0,wesad_s4,wesad,wesad
0,0.20321755,1.0,wesad_s4,wesad,wesad
0,0.41362554,1.0,wesad_s4,wesad,wesad
0,0.301436,1.0,wesad_s4,wesad,wesad
0,0.07753196,1.0,wesad_s4,wesad,wesad
0,0.06989629,1.0,wesad_s4,wesad,wesad
0,0.100897916,1.0,wesad_s4,wesad,wesad
0,0.08242538,1.0,wesad_s4,wesad,wesad
0,0.04619472,1.0,wesad_s4,wesad,wesad
0,0.043725815,1.0,wesad_s4,wesad,wesad
0,0.04475126,1.0,wesad_s4,wesad,wesad
0,0.050317556,1.0,wesad_s4,wesad,wesad
0,0.055591483,1.0,wesad_s4,wesad,wesad
0,0.050498348,1.0,wesad_s4,wesad,wesad
0,0.04607807,1.0,wesad_s4,wesad,wesad
0,0.04547085,1.0,wesad_s4,wesad,wesad
0,0.045036137,1.0,wesad_s4,wesad,wesad
0,0.04487886,1.0,wesad_s4,wesad,wesad
0,0.04457917,1.0,wesad_s4,wesad,wesad
0,0.049692906,1.0,wesad_s4,wesad,wesad
0,0.061582208,1.0,wesad_s4,wesad,wesad
0,0.04932668,1.0,wesad_s4,wesad,wesad
0,0.043350033,1.0,wesad_s4,wesad,wesad
0,0.040279813,1.0,wesad_s4,wesad,wesad
0,0.0393305,1.0,wesad_s4,wesad,wesad
0,0.04283365,1.0,wesad_s4,wesad,wesad
0,0.045981813,1.0,wesad_s4,wesad,wesad
0,0.051037453,1.0,wesad_s4,wesad,wesad
0,0.05164414,1.0,wesad_s4,wesad,wesad
0,0.054278567,1.0,wesad_s4,wesad,wesad
0,0.05074952,1.0,wesad_s4,wesad,wesad
0,0.04391303,1.0,wesad_s4,wesad,wesad
0,0.044877943,1.0,wesad_s4,wesad,wesad
0,0.04225309,1.0,wesad_s4,wesad,wesad
0,0.045133743,1.0,wesad_s4,wesad,wesad
0,0.046951145,1.0,wesad_s4,wesad,wesad
0,0.045972835,1.0,wesad_s4,wesad,wesad
0,0.04853411,1.0,wesad_s4,wesad,wesad
0,0.04704225,1.0,wesad_s4,wesad,wesad
0,0.053988192,1.0,wesad_s4,wesad,wesad
0,0.059491146,1.0,wesad_s4,wesad,wesad
0,0.052776385,1.0,wesad_s4,wesad,wesad
0,0.050918203,1.0,wesad_s4,wesad,wesad
0,0.04730471,1.0,wesad_s4,wesad,wesad
0,0.042627193,1.0,wesad_s4,wesad,wesad
0,0.1636358,1.0,wesad_s4,wesad,wesad
0,0.14764415,1.0,wesad_s4,wesad,wesad
0,0.094277166,1.0,wesad_s4,wesad,wesad
0,0.06729269,1.0,wesad_s4,wesad,wesad
0,0.06510401,1.0,wesad_s4,wesad,wesad
0,0.07114526,1.0,wesad_s4,wesad,wesad
0,0.10099368,1.0,wesad_s4,wesad,wesad
0,0.13881432,1.0,wesad_s4,wesad,wesad
0,0.087788016,1.0,wesad_s4,wesad,wesad
0,0.057744093,1.0,wesad_s4,wesad,wesad
0,0.069359556,1.0,wesad_s4,wesad,wesad
0,0.10511124,1.0,wesad_s4,wesad,wesad
0,0.08879876,1.0,wesad_s4,wesad,wesad
0,0.06241358,1.0,wesad_s4,wesad,wesad
0,0.052080605,1.0,wesad_s4,wesad,wesad
0,0.044298206,1.0,wesad_s4,wesad,wesad
0,0.040429935,1.0,wesad_s4,wesad,wesad
0,0.046695616,1.0,wesad_s4,wesad,wesad
0,0.057413615,1.0,wesad_s4,wesad,wesad
0,0.066570655,1.0,wesad_s4,wesad,wesad
0,0.07371294,1.0,wesad_s4,wesad,wesad
0,0.06319165,1.0,wesad_s4,wesad,wesad
0,0.058911152,1.0,wesad_s4,wesad,wesad
0,0.050963167,1.0,wesad_s4,wesad,wesad
0,0.053014357,1.0,wesad_s4,wesad,wesad
0,0.059531398,1.0,wesad_s4,wesad,wesad
0,0.055339985,1.0,wesad_s4,wesad,wesad
0,0.0486768,1.0,wesad_s4,wesad,wesad
0,0.043715302,1.0,wesad_s4,wesad,wesad
0,0.042711064,1.0,wesad_s4,wesad,wesad
0,0.040217727,1.0,wesad_s4,wesad,wesad
0,0.039504964,1.0,wesad_s4,wesad,wesad
0,0.038089324,1.0,wesad_s4,wesad,wesad
0,0.038971893,1.0,wesad_s4,wesad,wesad
0,0.03819689,1.0,wesad_s4,wesad,wesad
0,0.041059628,1.0,wesad_s4,wesad,wesad
0,0.04084522,1.0,wesad_s4,wesad,wesad
0,0.04674267,1.0,wesad_s4,wesad,wesad
0,0.051356748,1.0,wesad_s4,wesad,wesad
0,0.04121953,1.0,wesad_s4,wesad,wesad
0,0.04240073,1.0,wesad_s4,wesad,wesad
0,0.045361273,1.0,wesad_s4,wesad,wesad
0,0.042030595,1.0,wesad_s4,wesad,wesad
1,0.20273392,1.0,wesad_s4,wesad,wesad
1,0.33918524,1.0,wesad_s4,wesad,wesad
1,0.4713523,1.0,wesad_s4,wesad,wesad
1,0.41362873,1.0,wesad_s4,wesad,wesad
1,0.30904928,1.0,wesad_s4,wesad,wesad
1,0.31055054,1.0,wesad_s4,wesad,wesad
1,0.28664115,1.0,wesad_s4,wesad,wesad
1,0.31161588,1.0,wesad_s4,wesad,wesad
1,0.41521686,1.0,wesad_s4,wesad,wesad
1,0.34741437,1.0,wesad_s4,wesad,wesad
1,0.35386214,1.0,wesad_s4,wesad,wesad
1,0.42087302,1.0,wesad_s4,wesad,wesad
1,0.36715364,1.0,wesad_s4,wesad,wesad
1,0.22677453,1.0,wesad_s4,wesad,wesad
1,0.18336442,1.0,wesad_s4,wesad,wesad
1,0.24403441,1.0,wesad_s4,wesad,wesad
1,0.21943846,1.0,wesad_s4,wesad,wesad
1,0.16507964,1.0,wesad_s4,wesad,wesad
1,0.12493792,1.0,wesad_s4,wesad,wesad
1,0.12484189,1.0,wesad_s4,wesad,wesad
1,0.14141297,1.0,wesad_s4,wesad,wesad
1,0.20547557,1.0,wesad_s4,wesad,wesad
1,0.31276044,1.0,wesad_s4,wesad,wesad
1,0.21312873,1.0,wesad_s4,wesad,wesad
1,0.14457273,1.0,wesad_s4,wesad,wesad
1,0.15695605,1.0,wesad_s4,wesad,wesad
1,0.14777258,1.0,wesad_s4,wesad,wesad
1,0.11418189,1.0,wesad_s4,wesad,wesad
1,0.18428014,1.0,wesad_s4,wesad,wesad
1,0.44299117,1.0,wesad_s4,wesad,wesad
1,0.5166868,1.0,wesad_s4,wesad,wesad
1,0.4679291,1.0,wesad_s4,wesad,wesad
1,0.381174,1.0,wesad_s4,wesad,wesad
1,0.38951477,1.0,wesad_s4,wesad,wesad
1,0.29898083,1.0,wesad_s4,wesad,wesad
1,0.3888426,1.0,wesad_s4,wesad,wesad
1,0.5186084,1.0,wesad_s4,wesad,wesad
1,0.54876345,1.0,wesad_s4,wesad,wesad
1,0.39036617,1.0,wesad_s4,wesad,wesad
1,0.2970072,1.0,wesad_s4,wesad,wesad
1,0.3609054,1.0,wesad_s4,wesad,wesad
1,0.34816465,1.0,wesad_s4,wesad,wesad
1,0.28159422,1.0,wesad_s4,wesad,wesad
1,0.24297109,1.0,wesad_s4,wesad,wesad
1,0.273236,1.0,wesad_s4,wesad,wesad
1,0.32357144,1.0,wesad_s4,wesad,wesad
1,0.2734009,1.0,wesad_s4,wesad,wesad
1,0.3146808,1.0,wesad_s4,wesad,wesad
1,0.3191539,1.0,wesad_s4,wesad,wesad
1,0.3483424,1.0,wesad_s4,wesad,wesad
1,0.31372765,1.0,wesad_s4,wesad,wesad
1,0.2502456,1.0,wesad_s4,wesad,wesad
1,0.25299203,1.0,wesad_s4,wesad,wesad
1,0.2051567,1.0,wesad_s4,wesad,wesad
1,0.18114983,1.0,wesad_s4,wesad,wesad
1,0.12687975,1.0,wesad_s4,wesad,wesad
1,0.09723674,1.0,wesad_s4,wesad,wesad
1,0.1064946,1.0,wesad_s4,wesad,wesad
1,0.22256304,1.0,wesad_s4,wesad,wesad
1,0.23488335,1.0,wesad_s4,wesad,wesad
1,0.114725135,1.0,wesad_s4,wesad,wesad
1,0.15216208,1.0,wesad_s4,wesad,wesad
1,0.16400221,1.0,wesad_s4,wesad,wesad
1,0.29063284,1.0,wesad_s4,wesad,wesad
1,0.40441957,1.0,wesad_s4,wesad,wesad
1,0.4232595,1.0,wesad_s4,wesad,wesad
1,0.544855,1.0,wesad_s4,wesad,wesad
1,0.6627105,1.0,wesad_s4,wesad,wesad
1,0.6024494,1.0,wesad_s4,wesad,wesad
1,0.69143754,1.0,wesad_s4,wesad,wesad
1,0.7076536,1.0,wesad_s4,wesad,wesad
1,0.6219928,1.0,wesad_s4,wesad,wesad
1,0.4745297,1.0,wesad_s4,wesad,wesad
1,0.32888138,1.0,wesad_s4,wesad,wesad
1,0.49519786,1.0,wesad_s4,wesad,wesad
1,0.54499465,1.0,wesad_s4,wesad,wesad
1,0.5772859,1.0,wesad_s4,wesad,wesad
1,0.6526842,1.0,wesad_s4,wesad,wesad
1,0.6486025,1.0,wesad_s4,wesad,wesad
1,0.46459803,1.0,wesad_s4,wesad,wesad
1,0.4238479,1.0,wesad_s4,wesad,wesad
1,0.4086575,1.0,wesad_s4,wesad,wesad
1,0.21262477,1.0,wesad_s4,wesad,wesad
1,0.31471923,1.0,wesad_s4,wesad,wesad
1,0.6803489,1.0,wesad_s4,wesad,wesad
1,0.8080219,1.0,wesad_s4,wesad,wesad
1,0.67998433,1.0,wesad_s4,wesad,wesad
1,0.5914174,1.0,wesad_s4,wesad,wesad
1,0.7413819,1.0,wesad_s4,wesad,wesad
1,0.7295896,1.0,wesad_s4,wesad,wesad
1,0.65272826,1.0,wesad_s4,wesad,wesad
1,0.6411411,1.0,wesad_s4,wesad,wesad
1,0.74180025,1.0,wesad_s4,wesad,wesad
1,0.60851336,1.0,wesad_s4,wesad,wesad
1,0.5388829,1.0,wesad_s4,wesad,wesad
1,0.7921013,1.0,wesad_s4,wesad,wesad
1,0.8706252,1.0,wesad_s4,wesad,wesad
1,0.89566666,1.0,wesad_s4,wesad,wesad
1,0.7009866,1.0,wesad_s4,wesad,wesad
1,0.56581503,1.0,wesad_s4,wesad,wesad
1,0.7594574,1.0,wesad_s4,wesad,wesad
1,0.7317578,1.0,wesad_s4,wesad,wesad
1,0.58866745,1.0,wesad_s4,wesad,wesad
1,0.3781496,1.0,wesad_s4,wesad,wesad
1,0.4008613,1.0,wesad_s4,wesad,wesad
1,0.42865074,1.0,wesad_s4,wesad,wesad
1,0.28617716,1.0,wesad_s4,wesad,wesad
1,0.4791761,1.0,wesad_s4,wesad,wesad
1,0.5002755,1.0,wesad_s4,wesad,wesad
1,0.3166195,1.0,wesad_s4,wesad,wesad
1,0.46227077,1.0,wesad_s4,wesad,wesad
1,0.64364696,1.0,wesad_s4,wesad,wesad
1,0.5646406,1.0,wesad_s4,wesad,wesad
1,0.73859674,1.0,wesad_s4,wesad,wesad
1,0.7230955,1.0,wesad_s4,wesad,wesad
1,0.71868616,1.0,wesad_s4,wesad,wesad
1,0.7956571,1.0,wesad_s4,wesad,wesad
1,0.82740724,1.0,wesad_s4,wesad,wesad
1,0.78684527,1.0,wesad_s4,wesad,wesad
1,0.7521061,1.0,wesad_s4,wesad,wesad
1,0.80875784,1.0,wesad_s4,wesad,wesad
1,0.86662126,1.0,wesad_s4,wesad,wesad
1,0.7580986,1.0,wesad_s4,wesad,wesad
1,0.52712125,1.0,wesad_s4,wesad,wesad
1,0.3094542,1.0,wesad_s4,wesad,wesad
1,0.43333873,1.0,wesad_s4,wesad,wesad
1,0.46059972,1.0,wesad_s4,wesad,wesad
0,0.6969613,1.0,wesad_s6,wesad,wesad
0,0.44158128,1.0,wesad_s6,wesad,wesad
0,0.2379758,1.0,wesad_s6,wesad,wesad
0,0.19665496,1.0,wesad_s6,wesad,wesad
0,0.15555619,1.0,wesad_s6,wesad,wesad
0,0.18969275,1.0,wesad_s6,wesad,wesad
0,0.19718704,1.0,wesad_s6,wesad,wesad
0,0.20191473,1.0,wesad_s6,wesad,wesad
0,0.29941636,1.0,wesad_s6,wesad,wesad
0,0.23816653,1.0,wesad_s6,wesad,wesad
0,0.20872276,1.0,wesad_s6,wesad,wesad
0,0.22055529,1.0,wesad_s6,wesad,wesad
0,0.23630673,1.0,wesad_s6,wesad,wesad
0,0.17483264,1.0,wesad_s6,wesad,wesad
0,0.17098081,1.0,wesad_s6,wesad,wesad
0,0.21654916,1.0,wesad_s6,wesad,wesad
0,0.28300425,1.0,wesad_s6,wesad,wesad
0,0.21555614,1.0,wesad_s6,wesad,wesad
0,0.2913998,1.0,wesad_s6,wesad,wesad
0,0.3619962,1.0,wesad_s6,wesad,wesad
0,0.29622892,1.0,wesad_s6,wesad,wesad
0,0.21109547,1.0,wesad_s6,wesad,wesad
0,0.1762929,1.0,wesad_s6,wesad,wesad
0,0.16283558,1.0,wesad_s6,wesad,wesad
0,0.21325651,1.0,wesad_s6,wesad,wesad
0,0.24913694,1.0,wesad_s6,wesad,wesad
0,0.26834333,1.0,wesad_s6,wesad,wesad
0,0.19707058,1.0,wesad_s6,wesad,wesad
0,0.14943981,1.0,wesad_s6,wesad,wesad
0,0.16157243,1.0,wesad_s6,wesad,wesad
0,0.16352957,1.0,wesad_s6,wesad,wesad
0,0.14628862,1.0,wesad_s6,wesad,wesad
0,0.11215571,1.0,wesad_s6,wesad,wesad
0,0.11831463,1.0,wesad_s6,wesad,wesad
0,0.1291957,1.0,wesad_s6,wesad,wesad
0,0.14135538,1.0,wesad_s6,wesad,wesad
0,0.14816882,1.0,wesad_s6,wesad,wesad
0,0.15181199,1.0,wesad_s6,wesad,wesad
0,0.1604012,1.0,wesad_s6,wesad,wesad
0,0.17447188,1.0,wesad_s6,wesad,wesad
0,0.1627787,1.0,wesad_s6,wesad,wesad
0,0.17833415,1.0,wesad_s6,wesad,wesad
0,0.23406607,1.0,wesad_s6,wesad,wesad
0,0.22042939,1.0,wesad_s6,wesad,wesad
0,0.16201101,1.0,wesad_s6,wesad,wesad
0,0.17606127,1.0,wesad_s6,wesad,wesad
0,0.14884467,1.0,wesad_s6,wesad,wesad
0,0.13587739,1.0,wesad_s6,wesad,wesad
0,0.12752776,1.0,wesad_s6,wesad,wesad
0,0.121738404,1.0,wesad_s6,wesad,wesad
0,0.13084339,1.0,wesad_s6,wesad,wesad
0,0.16275305,1.0,wesad_s6,wesad,wesad
0,0.16787264,1.0,wesad_s6,wesad,wesad
0,0.15193509,1.0,wesad_s6,wesad,wesad
0,0.15281056,1.0,wesad_s6,wesad,wesad
0,0.15130992,1.0,wesad_s6,wesad,wesad
0,0.16024202,1.0,wesad_s6,wesad,wesad
0,0.14040512,1.0,wesad_s6,wesad,wesad
0,0.1337646,1.0,wesad_s6,wesad,wesad
0,0.15034175,1.0,wesad_s6,wesad,wesad
0,0.17357756,1.0,wesad_s6,wesad,wesad
0,0.16553456,1.0,wesad_s6,wesad,wesad
0,0.18296395,1.0,wesad_s6,wesad,wesad
0,0.12865607,1.0,wesad_s6,wesad,wesad
0,0.10629581,1.0,wesad_s6,wesad,wesad
0,0.12632127,1.0,wesad_s6,wesad,wesad
0,0.12871987,1.0,wesad_s6,wesad,wesad
0,0.119737685,1.0,wesad_s6,wesad,wesad
0,0.13389155,1.0,wesad_s6,wesad,wesad
0,0.14603958,1.0,wesad_s6,wesad,wesad
0,0.18449745,1.0,wesad_s6,wesad,wesad
0,0.15458134,1.0,wesad_s6,wesad,wesad
0,0.15071313,1.0,wesad_s6,wesad,wesad
0,0.15557168,1.0,wesad_s6,wesad,wesad
0,0.14667672,1.0,wesad_s6,wesad,wesad
0,0.14302403,1.0,wesad_s6,wesad,wesad
0,0.16756949,1.0,wesad_s6,wesad,wesad
0,0.14060134,1.0,wesad_s6,wesad,wesad
0,0.1090791,1.0,wesad_s6,wesad,wesad
0,0.11556594,1.0,wesad_s6,wesad,wesad
0,0.12086381,1.0,wesad_s6,wesad,wesad
0,0.12342078,1.0,wesad_s6,wesad,wesad
0,0.15953934,1.0,wesad_s6,wesad,wesad
0,0.15410565,1.0,wesad_s6,wesad,wesad
0,0.11893034,1.0,wesad_s6,wesad,wesad
0,0.11610997,1.0,wesad_s6,wesad,wesad
0,0.11956125,1.0,wesad_s6,wesad,wesad
0,0.11486696,1.0,wesad_s6,wesad,wesad
0,0.12227055,1.0,wesad_s6,wesad,wesad
0,0.15275627,1.0,wesad_s6,wesad,wesad
0,0.1644871,1.0,wesad_s6,wesad,wesad
0,0.16446777,1.0,wesad_s6,wesad,wesad
0,0.14678055,1.0,wesad_s6,wesad,wesad
0,0.1687214,1.0,wesad_s6,wesad,wesad
0,0.15592611,1.0,wesad_s6,wesad,wesad
0,0.13357408,1.0,wesad_s6,wesad,wesad
0,0.16330175,1.0,wesad_s6,wesad,wesad
0,0.13539155,1.0,wesad_s6,wesad,wesad
0,0.13594016,1.0,wesad_s6,wesad,wesad
0,0.14990431,1.0,wesad_s6,wesad,wesad
0,0.11667304,1.0,wesad_s6,wesad,wesad
0,0.09739105,1.0,wesad_s6,wesad,wesad
0,0.1000873,1.0,wesad_s6,wesad,wesad
0,0.10630889,1.0,wesad_s6,wesad,wesad
0,0.123849735,1.0,wesad_s6,wesad,wesad
0,0.124961354,1.0,wesad_s6,wesad,wesad
0,0.12115378,1.0,wesad_s6,wesad,wesad
0,0.12557496,1.0,wesad_s6,wesad,wesad
0,0.13354228,1.0,wesad_s6,wesad,wesad
0,0.13863634,1.0,wesad_s6,wesad,wesad
0,0.1520683,1.0,wesad_s6,wesad,wesad
0,0.15668993,1.0,wesad_s6,wesad,wesad
0,0.15548517,1.0,wesad_s6,wesad,wesad
0,0.14348339,1.0,wesad_s6,wesad,wesad
0,0.12764458,1.0,wesad_s6,wesad,wesad
0,0.13075662,1.0,wesad_s6,wesad,wesad
0,0.12869468,1.0,wesad_s6,wesad,wesad
0,0.13519232,1.0,wesad_s6,wesad,wesad
0,0.12938318,1.0,wesad_s6,wesad,wesad
0,0.12936246,1.0,wesad_s6,wesad,wesad
0,0.1356379,1.0,wesad_s6,wesad,wesad
0,0.15333125,1.0,wesad_s6,wesad,wesad
0,0.16226122,1.0,wesad_s6,wesad,wesad
0,0.16034101,1.0,wesad_s6,wesad,wesad
0,0.29565075,1.0,wesad_s6,wesad,wesad
0,0.39353448,1.0,wesad_s6,wesad,wesad
0,0.21480247,1.0,wesad_s6,wesad,wesad
0,0.1661866,1.0,wesad_s6,wesad,wesad
0,0.1651201,1.0,wesad_s6,wesad,wesad
0,0.13311282,1.0,wesad_s6,wesad,wesad
0,0.13377744,1.0,wesad_s6,wesad,wesad
0,0.13415217,1.0,wesad_s6,wesad,wesad
0,0.123346135,1.0,wesad_s6,wesad,wesad
0,0.14068721,1.0,wesad_s6,wesad,wesad
0,0.13677661,1.0,wesad_s6,wesad,wesad
0,0.12649588,1.0,wesad_s6,wesad,wesad
0,0.116636306,1.0,wesad_s6,wesad,wesad
0,0.11467751,1.0,wesad_s6,wesad,wesad
0,0.12354835,1.0,wesad_s6,wesad,wesad
0,0.14174181,1.0,wesad_s6,wesad,wesad
0,0.23326358,1.0,wesad_s6,wesad,wesad
0,0.41504583,1.0,wesad_s6,wesad,wesad
0,0.6442066,1.0,wesad_s6,wesad,wesad
0,0.6568754,1.0,wesad_s6,wesad,wesad
0,0.63482136,1.0,wesad_s6,wesad,wesad
0,0.61864066,1.0,wesad_s6,wesad,wesad
0,0.49805343,1.0,wesad_s6,wesad,wesad
0,0.23822004,1.0,wesad_s6,wesad,wesad
0,0.17670247,1.0,wesad_s6,wesad,wesad
0,0.18058111,1.0,wesad_s6,wesad,wesad
0,0.1763612,1.0,wesad_s6,wesad,wesad
0,0.19047722,1.0,wesad_s6,wesad,wesad
0,0.23357345,1.0,wesad_s6,wesad,wesad
0,0.253279,1.0,wesad_s6,wesad,wesad
0,0.26856184,1.0,wesad_s6,wesad,wesad
0,0.30973133,1.0,wesad_s6,wesad,wesad
0,0.15847698,1.0,wesad_s6,wesad,wesad
0,0.15231256,1.0,wesad_s6,wesad,wesad
0,0.1443727,1.0,wesad_s6,wesad,wesad
0,0.16185732,1.0,wesad_s6,wesad,wesad
0,0.16516595,1.0,wesad_s6,wesad,wesad
0,0.19484816,1.0,wesad_s6,wesad,wesad
0,0.19770674,1.0,wesad_s6,wesad,wesad
0,0.17373782,1.0,wesad_s6,wesad,wesad
0,0.21720107,1.0,wesad_s6,wesad,wesad
0,0.14908418,1.0,wesad_s6,wesad,wesad
0,0.21372423,1.0,wesad_s6,wesad,wesad
0,0.21427464,1.0,wesad_s6,wesad,wesad
0,0.14439757,1.0,wesad_s6,wesad,wesad
0,0.121409856,1.0,wesad_s6,wesad,wesad
0,0.15197602,1.0,wesad_s6,wesad,wesad
0,0.17395173,1.0,wesad_s6,wesad,wesad
0,0.18421349,1.0,wesad_s6,wesad,wesad
0,0.2104651,1.0,wesad_s6,wesad,wesad
0,0.21670385,1.0,wesad_s6,wesad,wesad
0,0.4392809,1.0,wesad_s6,wesad,wesad
0,0.67965347,1.0,wesad_s6,wesad,wesad
0,0.5719617,1.0,wesad_s6,wesad,wesad
0,0.42734662,1.0,wesad_s6,wesad,wesad
0,0.22092818,1.0,wesad_s6,wesad,wesad
0,0.11477587,1.0,wesad_s6,wesad,wesad
0,0.12855512,1.0,wesad_s6,wesad,wesad
0,0.12478822,1.0,wesad_s6,wesad,wesad
0,0.115843765,1.0,wesad_s6,wesad,wesad
0,0.13740507,1.0,wesad_s6,wesad,wesad
0,0.1547724,1.0,wesad_s6,wesad,wesad
0,0.1930527,1.0,wesad_s6,wesad,wesad
0,0.40848595,1.0,wesad_s6,wesad,wesad
0,0.5423982,1.0,wesad_s6,wesad,wesad
0,0.6531165,1.0,wesad_s6,wesad,wesad
0,0.53941107,1.0,wesad_s6,wesad,wesad
0,0.3912573,1.0,wesad_s6,wesad,wesad
0,0.27269122,1.0,wesad_s6,wesad,wesad
0,0.35083166,1.0,wesad_s6,wesad,wesad
0,0.41925547,1.0,wesad_s6,wesad,wesad
0,0.21465825,1.0,wesad_s6,wesad,wesad
0,0.3405658,1.0,wesad_s6,wesad,wesad
0,0.33512464,1.0,wesad_s6,wesad,wesad
0,0.46869725,1.0,wesad_s6,wesad,wesad
0,0.57591206,1.0,wesad_s6,wesad,wesad
0,0.43890774,1.0,wesad_s6,wesad,wesad
0,0.2593151,1.0,wesad_s6,wesad,wesad
0,0.17613654,1.0,wesad_s6,wesad,wesad
0,0.16655594,1.0,wesad_s6,wesad,wesad
0,0.14131275,1.0,wesad_s6,wesad,wesad
0,0.14385091,1.0,wesad_s6,wesad,wesad
0,0.16553783,1.0,wesad_s6,wesad,wesad
0,0.16113034,1.0,wesad_s6,wesad,wesad
0,0.14596587,1.0,wesad_s6,wesad,wesad
0,0.13305272,1.0,wesad_s6,wesad,wesad
0,0.16633013,1.0,wesad_s6,wesad,wesad
0,0.18675378,1.0,wesad_s6,wesad,wesad
0,0.14823331,1.0,wesad_s6,wesad,wesad
0,0.13348454,1.0,wesad_s6,wesad,wesad
0,0.13998361,1.0,wesad_s6,wesad,wesad
0,0.18227643,1.0,wesad_s6,wesad,wesad
0,0.20555368,1.0,wesad_s6,wesad,wesad
0,0.17208333,1.0,wesad_s6,wesad,wesad
0,0.1742908,1.0,wesad_s6,wesad,wesad
0,0.1613769,1.0,wesad_s6,wesad,wesad
0,0.1471732,1.0,wesad_s6,wesad,wesad
0,0.13844131,1.0,wesad_s6,wesad,wesad
0,0.16066532,1.0,wesad_s6,wesad,wesad
0,0.21367851,1.0,wesad_s6,wesad,wesad
0,0.3768207,1.0,wesad_s6,wesad,wesad
0,0.5445857,1.0,wesad_s6,wesad,wesad
0,0.5440268,1.0,wesad_s6,wesad,wesad
0,0.32170406,1.0,wesad_s6,wesad,wesad
0,0.14010717,1.0,wesad_s6,wesad,wesad
0,0.123056985,1.0,wesad_s6,wesad,wesad
0,0.1168424,1.0,wesad_s6,wesad,wesad
0,0.12758407,1.0,wesad_s6,wesad,wesad
0,0.16379431,1.0,wesad_s6,wesad,wesad
0,0.1950391,1.0,wesad_s6,wesad,wesad
0,0.15882605,1.0,wesad_s6,wesad,wesad
0,0.15414925,1.0,wesad_s6,wesad,wesad
1,0.77102935,1.0,wesad_s6,wesad,wesad
1,0.74990726,1.0,wesad_s6,wesad,wesad
1,0.68279505,1.0,wesad_s6,wesad,wesad
1,0.66104937,1.0,wesad_s6,wesad,wesad
1,0.64711654,1.0,wesad_s6,wesad,wesad
1,0.6018919,1.0,wesad_s6,wesad,wesad
1,0.634215,1.0,wesad_s6,wesad,wesad
1,0.65916365,1.0,wesad_s6,wesad,wesad
1,0.68384945,1.0,wesad_s6,wesad,wesad
1,0.5609542,1.0,wesad_s6,wesad,wesad
1,0.40728176,1.0,wesad_s6,wesad,wesad
1,0.47206765,1.0,wesad_s6,wesad,wesad
1,0.49405873,1.0,wesad_s6,wesad,wesad
1,0.5104013,1.0,wesad_s6,wesad,wesad
1,0.6768974,1.0,wesad_s6,wesad,wesad
1,0.6859039,1.0,wesad_s6,wesad,wesad
1,0.6094673,1.0,wesad_s6,wesad,wesad
1,0.6260634,1.0,wesad_s6,wesad,wesad
1,0.7275166,1.0,wesad_s6,wesad,wesad
1,0.7447494,1.0,wesad_s6,wesad,wesad
1,0.5394344,1.0,wesad_s6,wesad,wesad
1,0.46526107,1.0,wesad_s6,wesad,wesad
1,0.399799,1.0,wesad_s6,wesad,wesad
1,0.4012492,1.0,wesad_s6,wesad,wesad
1,0.49376714,1.0,wesad_s6,wesad,wesad
1,0.44687018,1.0,wesad_s6,wesad,wesad
1,0.5662568,1.0,wesad_s6,wesad,wesad
1,0.5124251,1.0,wesad_s6,wesad,wesad
1,0.53281695,1.0,wesad_s6,wesad,wesad
1,0.63052166,1.0,wesad_s6,wesad,wesad
1,0.39266798,1.0,wesad_s6,wesad,wesad
1,0.37107345,1.0,wesad_s6,wesad,wesad
1,0.4794352,1.0,wesad_s6,wesad,wesad
1,0.39071858,1.0,wesad_s6,wesad,wesad
1,0.29685548,1.0,wesad_s6,wesad,wesad
1,0.16449954,1.0,wesad_s6,wesad,wesad
1,0.35136628,1.0,wesad_s6,wesad,wesad
1,0.43854657,1.0,wesad_s6,wesad,wesad
1,0.4907895,1.0,wesad_s6,wesad,wesad
1,0.6426917,1.0,wesad_s6,wesad,wesad
1,0.57170296,1.0,wesad_s6,wesad,wesad
1,0.54719836,1.0,wesad_s6,wesad,wesad
1,0.36626524,1.0,wesad_s6,wesad,wesad
1,0.28413063,1.0,wesad_s6,wesad,wesad
1,0.37119085,1.0,wesad_s6,wesad,wesad
1,0.36492503,1.0,wesad_s6,wesad,wesad
1,0.4459235,1.0,wesad_s6,wesad,wesad
1,0.43827426,1.0,wesad_s6,wesad,wesad
1,0.21099286,1.0,wesad_s6,wesad,wesad
1,0.17462437,1.0,wesad_s6,wesad,wesad
1,0.4398749,1.0,wesad_s6,wesad,wesad
1,0.67827576,1.0,wesad_s6,wesad,wesad
1,0.6585034,1.0,wesad_s6,wesad,wesad
1,0.5649971,1.0,wesad_s6,wesad,wesad
1,0.54261273,1.0,wesad_s6,wesad,wesad
1,0.57736135,1.0,wesad_s6,wesad,wesad
1,0.62022805,1.0,wesad_s6,wesad,wesad
1,0.58940876,1.0,wesad_s6,wesad,wesad
1,0.55201834,1.0,wesad_s6,wesad,wesad
1,0.6310987,1.0,wesad_s6,wesad,wesad
1,0.57364297,1.0,wesad_s6,wesad,wesad
1,0.41096315,1.0,wesad_s6,wesad,wesad
1,0.32209066,1.0,wesad_s6,wesad,wesad
1,0.19486904,1.0,wesad_s6,wesad,wesad
1,0.14171281,1.0,wesad_s6,wesad,wesad
1,0.16580822,1.0,wesad_s6,wesad,wesad
1,0.1924927,1.0,wesad_s6,wesad,wesad
1,0.29032567,1.0,wesad_s6,wesad,wesad
1,0.32514617,1.0,wesad_s6,wesad,wesad
1,0.4202492,1.0,wesad_s6,wesad,wesad
1,0.5888822,1.0,wesad_s6,wesad,wesad
1,0.6126002,1.0,wesad_s6,wesad,wesad
1,0.65111274,1.0,wesad_s6,wesad,wesad
1,0.65120155,1.0,wesad_s6,wesad,wesad
1,0.633567,1.0,wesad_s6,wesad,wesad
1,0.66395015,1.0,wesad_s6,wesad,wesad
1,0.65777105,1.0,wesad_s6,wesad,wesad
1,0.60062635,1.0,wesad_s6,wesad,wesad
1,0.39485702,1.0,wesad_s6,wesad,wesad
1,0.4252419,1.0,wesad_s6,wesad,wesad
1,0.47371444,1.0,wesad_s6,wesad,wesad
1,0.5156738,1.0,wesad_s6,wesad,wesad
1,0.5184432,1.0,wesad_s6,wesad,wesad
1,0.6236148,1.0,wesad_s6,wesad,wesad
1,0.65813327,1.0,wesad_s6,wesad,wesad
1,0.530888,1.0,wesad_s6,wesad,wesad
1,0.287317,1.0,wesad_s6,wesad,wesad
1,0.33350092,1.0,wesad_s6,wesad,wesad
1,0.52593416,1.0,wesad_s6,wesad,wesad
1,0.6081356,1.0,wesad_s6,wesad,wesad
1,0.6022892,1.0,wesad_s6,wesad,wesad
1,0.45652956,1.0,wesad_s6,wesad,wesad
1,0.42252806,1.0,wesad_s6,wesad,wesad
1,0.5953656,1.0,wesad_s6,wesad,wesad
1,0.56209,1.0,wesad_s6,wesad,wesad
1,0.52401304,1.0,wesad_s6,wesad,wesad
1,0.60138315,1.0,wesad_s6,wesad,wesad
1,0.61223936,1.0,wesad_s6,wesad,wesad
1,0.66183317,1.0,wesad_s6,wesad,wesad
1,0.7086207,1.0,wesad_s6,wesad,wesad
1,0.6150393,1.0,wesad_s6,wesad,wesad
1,0.36696416,1.0,wesad_s6,wesad,wesad
1,0.47415787,1.0,wesad_s6,wesad,wesad
1,0.5851134,1.0,wesad_s6,wesad,wesad
1,0.5649649,1.0,wesad_s6,wesad,wesad
1,0.6364929,1.0,wesad_s6,wesad,wesad
1,0.6650032,1.0,wesad_s6,wesad,wesad
1,0.57355416,1.0,wesad_s6,wesad,wesad
1,0.52559566,1.0,wesad_s6,wesad,wesad
1,0.6765081,1.0,wesad_s6,wesad,wesad
1,0.69561327,1.0,wesad_s6,wesad,wesad
1,0.6612202,1.0,wesad_s6,wesad,wesad
1,0.60246384,1.0,wesad_s6,wesad,wesad
1,0.55940014,1.0,wesad_s6,wesad,wesad
1,0.5803279,1.0,wesad_s6,wesad,wesad
1,0.4436087,1.0,wesad_s6,wesad,wesad
1,0.33701634,1.0,wesad_s6,wesad,wesad
1,0.4159792,1.0,wesad_s6,wesad,wesad
1,0.32422283,1.0,wesad_s6,wesad,wesad
1,0.33096892,1.0,wesad_s6,wesad,wesad
1,0.5401926,1.0,wesad_s6,wesad,wesad
1,0.44106695,1.0,wesad_s6,wesad,wesad
1,0.32795197,1.0,wesad_s6,wesad,wesad
1,0.25372502,1.0,wesad_s6,wesad,wesad
1,0.3013336,1.0,wesad_s6,wesad,wesad
1,0.42153782,1.0,wesad_s6,wesad,wesad
1,0.5781652,1.0,wesad_s6,wesad,wesad
1,0.5657771,1.0,wesad_s6,wesad,wesad
1,0.5225583,1.0,wesad_s6,wesad,wesad
1,0.52528906,1.0,wesad_s6,wesad,wesad
0,0.14633541,1.0,wesad_s10,wesad,wesad
0,0.15622693,1.0,wesad_s10,wesad,wesad
0,0.1839338,1.0,wesad_s10,wesad,wesad
0,0.20579223,1.0,wesad_s10,wesad,wesad
0,0.3137299,1.0,wesad_s10,wesad,wesad
0,0.39503807,1.0,wesad_s10,wesad,wesad
0,0.33027464,1.0,wesad_s10,wesad,wesad
0,0.2414443,1.0,wesad_s10,wesad,wesad
0,0.2113685,1.0,wesad_s10,wesad,wesad
0,0.24277073,1.0,wesad_s10,wesad,wesad
0,0.27911353,1.0,wesad_s10,wesad,wesad
0,0.3071992,1.0,wesad_s10,wesad,wesad
0,0.28077275,1.0,wesad_s10,wesad,wesad
0,0.35386187,1.0,wesad_s10,wesad,wesad
0,0.32735497,1.0,wesad_s10,wesad,wesad
0,0.2734614,1.0,wesad_s10,wesad,wesad
0,0.41286668,1.0,wesad_s10,wesad,wesad
0,0.48349014,1.0,wesad_s10,wesad,wesad
0,0.45438936,1.0,wesad_s10,wesad,wesad
0,0.41136372,1.0,wesad_s10,wesad,wesad
0,0.31182992,1.0,wesad_s10,wesad,wesad
0,0.26909986,1.0,wesad_s10,wesad,wesad
0,0.2233968,1.0,wesad_s10,wesad,wesad
0,0.25920653,1.0,wesad_s10,wesad,wesad
0,0.3855354,1.0,wesad_s10,wesad,wesad
0,0.4553904,1.0,wesad_s10,wesad,wesad
0,0.4028282,1.0,wesad_s10,wesad,wesad
0,0.45290986,1.0,wesad_s10,wesad,wesad
0,0.4952282,1.0,wesad_s10,wesad,wesad
0,0.358138,1.0,wesad_s10,wesad,wesad
0,0.42167237,1.0,wesad_s10,wesad,wesad
0,0.4594983,1.0,wesad_s10,wesad,wesad
0,0.42987034,1.0,wesad_s10,wesad,wesad
0,0.4196875,1.0,wesad_s10,wesad,wesad
0,0.314032,1.0,wesad_s10,wesad,wesad
0,0.3401328,1.0,wesad_s10,wesad,wesad
0,0.35886943,1.0,wesad_s10,wesad,wesad
0,0.3436671,1.0,wesad_s10,wesad,wesad
0,0.48097503,1.0,wesad_s10,wesad,wesad
0,0.42297822,1.0,wesad_s10,wesad,wesad
0,0.45550823,1.0,wesad_s10,wesad,wesad
0,0.4656608,1.0,wesad_s10,wesad,wesad
0,0.3991839,1.0,wesad_s10,wesad,wesad
0,0.3599901,1.0,wesad_s10,wesad,wesad
0,0.3342931,1.0,wesad_s10,wesad,wesad
0,0.36313212,1.0,wesad_s10,wesad,wesad
0,0.39621064,1.0,wesad_s10,wesad,wesad
0,0.44169587,1.0,wesad_s10,wesad,wesad
0,0.44642267,1.0,wesad_s10,wesad,wesad
0,0.2546251,1.0,wesad_s10,wesad,wesad
0,0.21064791,1.0,wesad_s10,wesad,wesad
0,0.26900494,1.0,wesad_s10,wesad,wesad
0,0.28867677,1.0,wesad_s10,wesad,wesad
0,0.27150652,1.0,wesad_s10,wesad,wesad
0,0.29657376,1.0,wesad_s10,wesad,wesad
0,0.40050325,1.0,wesad_s10,wesad,wesad
0,0.3863683,1.0,wesad_s10,wesad,wesad
0,0.2599843,1.0,wesad_s10,wesad,wesad
0,0.22493541,1.0,wesad_s10,wesad,wesad
0,0.24845904,1.0,wesad_s10,wesad,wesad
0,0.17641778,1.0,wesad_s10,wesad,wesad
0,0.26475474,1.0,wesad_s10,wesad,wesad
0,0.36198714,1.0,wesad_s10,wesad,wesad
0,0.30326307,1.0,wesad_s10,wesad,wesad
0,0.21989407,1.0,wesad_s10,wesad,wesad
0,0.2185878,1.0,wesad_s10,wesad,wesad
0,0.3264599,1.0,wesad_s10,wesad,wesad
0,0.40635282,1.0,wesad_s10,wesad,wesad
0,0.5736143,1.0,wesad_s10,wesad,wesad
0,0.55311155,1.0,wesad_s10,wesad,wesad
0,0.41446957,1.0,wesad_s10,wesad,wesad
0,0.36465588,1.0,wesad_s10,wesad,wesad
0,0.40377527,1.0,wesad_s10,wesad,wesad
0,0.34505695,1.0,wesad_s10,wesad,wesad
0,0.27919993,1.0,wesad_s10,wesad,wesad
0,0.24936584,1.0,wesad_s10,wesad,wesad
0,0.3733195,1.0,wesad_s10,wesad,wesad
0,0.42234182,1.0,wesad_s10,wesad,wesad
0,0.31601658,1.0,wesad_s10,wesad,wesad
0,0.24808088,1.0,wesad_s10,wesad,wesad
0,0.14683577,1.0,wesad_s10,wesad,wesad
0,0.22623375,1.0,wesad_s10,wesad,wesad
0,0.24567482,1.0,wesad_s10,wesad,wesad
0,0.21160924,1.0,wesad_s10,wesad,wesad
0,0.23942825,1.0,wesad_s10,wesad,wesad
0,0.29847535,1.0,wesad_s10,wesad,wesad
0,0.25833356,1.0,wesad_s10,wesad,wesad
0,0.2883945,1.0,wesad_s10,wesad,wesad
0,0.39432052,1.0,wesad_s10,wesad,wesad
0,0.35807008,1.0,wesad_s10,wesad,wesad
0,0.22939675,1.0,wesad_s10,wesad,wesad
0,0.16058616,1.0,wesad_s10,wesad,wesad
0,0.21274073,1.0,wesad_s10,wesad,wesad
0,0.1711282,1.0,wesad_s10,wesad,wesad
0,0.19674058,1.0,wesad_s10,wesad,wesad
0,0.25812864,1.0,wesad_s10,wesad,wesad
0,0.28096774,1.0,wesad_s10,wesad,wesad
0,0.31300086,1.0,wesad_s10,wesad,wesad
0,0.36986738,1.0,wesad_s10,wesad,wesad
0,0.3645909,1.0,wesad_s10,wesad,wesad
0,0.43031916,1.0,wesad_s10,wesad,wesad
0,0.3716154,1.0,wesad_s10,wesad,wesad
0,0.17138165,1.0,wesad_s10,wesad,wesad
0,0.27537915,1.0,wesad_s10,wesad,wesad
0,0.20401226,1.0,wesad_s10,wesad,wesad
0,0.17746745,1.0,wesad_s10,wesad,wesad
0,0.18993655,1.0,wesad_s10,wesad,wesad
0,0.22337863,1.0,wesad_s10,wesad,wesad
0,0.19188595,1.0,wesad_s10,wesad,wesad
0,0.21739626,1.0,wesad_s10,wesad,wesad
0,0.28013209,1.0,wesad_s10,wesad,wesad
0,0.27883884,1.0,wesad_s10,wesad,wesad
0,0.2609167,1.0,wesad_s10,wesad,wesad
0,0.18227378,1.0,wesad_s10,wesad,wesad
0,0.26034245,1.0,wesad_s10,wesad,wesad
0,0.2581238,1.0,wesad_s10,wesad,wesad
0,0.24720468,1.0,wesad_s10,wesad,wesad
0,0.30054417,1.0,wesad_s10,wesad,wesad
0,0.30215436,1.0,wesad_s10,wesad,wesad
0,0.281586,1.0,wesad_s10,wesad,wesad
0,0.280154,1.0,wesad_s10,wesad,wesad
0,0.261336,1.0,wesad_s10,wesad,wesad
0,0.27194753,1.0,wesad_s10,wesad,wesad
0,0.30088395,1.0,wesad_s10,wesad,wesad
0,0.16761528,1.0,wesad_s10,wesad,wesad
0,0.32353896,1.0,wesad_s10,wesad,wesad
0,0.33502695,1.0,wesad_s10,wesad,wesad
0,0.34869736,1.0,wesad_s10,wesad,wesad
0,0.3150021,1.0,wesad_s10,wesad,wesad
0,0.28814054,1.0,wesad_s10,wesad,wesad
0,0.34253627,1.0,wesad_s10,wesad,wesad
0,0.47276145,1.0,wesad_s10,wesad,wesad
0,0.36584854,1.0,wesad_s10,wesad,wesad
0,0.25230408,1.0,wesad_s10,wesad,wesad
0,0.21459144,1.0,wesad_s10,wesad,wesad
0,0.16204217,1.0,wesad_s10,wesad,wesad
0,0.23132257,1.0,wesad_s10,wesad,wesad
0,0.29549083,1.0,wesad_s10,wesad,wesad
0,0.24320659,1.0,wesad_s10,wesad,wesad
0,0.21913624,1.0,wesad_s10,wesad,wesad
0,0.24379057,1.0,wesad_s10,wesad,wesad
0,0.4592607,1.0,wesad_s10,wesad,wesad
0,0.58553,1.0,wesad_s10,wesad,wesad
0,0.5701838,1.0,wesad_s10,wesad,wesad
0,0.5135758,1.0,wesad_s10,wesad,wesad
0,0.49431804,1.0,wesad_s10,wesad,wesad
0,0.17571758,1.0,wesad_s10,wesad,wesad
0,0.40497267,1.0,wesad_s10,wesad,wesad
0,0.30974123,1.0,wesad_s10,wesad,wesad
0,0.32829085,1.0,wesad_s10,wesad,wesad
0,0.32884023,1.0,wesad_s10,wesad,wesad
0,0.3139688,1.0,wesad_s10,wesad,wesad
0,0.3211285,1.0,wesad_s10,wesad,wesad
0,0.32057908,1.0,wesad_s10,wesad,wesad
0,0.32992712,1.0,wesad_s10,wesad,wesad
0,0.3304714,1.0,wesad_s10,wesad,wesad
0,0.35442665,1.0,wesad_s10,wesad,wesad
0,0.17001346,1.0,wesad_s10,wesad,wesad
0,0.3599511,1.0,wesad_s10,wesad,wesad
0,0.30236384,1.0,wesad_s10,wesad,wesad
0,0.32677075,1.0,wesad_s10,wesad,wesad
0,0.32461873,1.0,wesad_s10,wesad,wesad
0,0.17181739,1.0,wesad_s10,wesad,wesad
0,0.17291982,1.0,wesad_s10,wesad,wesad
0,0.16338086,1.0,wesad_s10,wesad,wesad
0,0.23197673,1.0,wesad_s10,wesad,wesad
0,0.3390522,1.0,wesad_s10,wesad,wesad
0,0.24730949,1.0,wesad_s10,wesad,wesad
0,0.14441782,1.0,wesad_s10,wesad,wesad
0,0.18102199,1.0,wesad_s10,wesad,wesad
0,0.21745193,1.0,wesad_s10,wesad,wesad
0,0.19095123,1.0,wesad_s10,wesad,wesad
0,0.22990882,1.0,wesad_s10,wesad,wesad
0,0.2484449,1.0,wesad_s10,wesad,wesad
0,0.2209399,1.0,wesad_s10,wesad,wesad
0,0.23122728,1.0,wesad_s10,wesad,wesad
0,0.23286666,1.0,wesad_s10,wesad,wesad
0,0.24895634,1.0,wesad_s10,wesad,wesad
0,0.26098162,1.0,wesad_s10,wesad,wesad
0,0.27430868,1.0,wesad_s10,wesad,wesad
0,0.3176581,1.0,wesad_s10,wesad,wesad
0,0.33552605,1.0,wesad_s10,wesad,wesad
0,0.28443542,1.0,wesad_s10,wesad,wesad
0,0.2597137,1.0,wesad_s10,wesad,wesad
0,0.2231052,1.0,wesad_s10,wesad,wesad
0,0.24836206,1.0,wesad_s10,wesad,wesad
0,0.3584784,1.0,wesad_s10,wesad,wesad
0,0.33215597,1.0,wesad_s10,wesad,wesad
0,0.28653926,1.0,wesad_s10,wesad,wesad
0,0.33846787,1.0,wesad_s10,wesad,wesad
0,0.35532925,1.0,wesad_s10,wesad,wesad
0,0.28900197,1.0,wesad_s10,wesad,wesad
0,0.39101583,1.0,wesad_s10,wesad,wesad
0,0.34947467,1.0,wesad_s10,wesad,wesad
0,0.38136274,1.0,wesad_s10,wesad,wesad
0,0.5335104,1.0,wesad_s10,wesad,wesad
0,0.50888807,1.0,wesad_s10,wesad,wesad
0,0.48488015,1.0,wesad_s10,wesad,wesad
0,0.42955932,1.0,wesad_s10,wesad,wesad
0,0.3097416,1.0,wesad_s10,wesad,wesad
0,0.21377961,1.0,wesad_s10,wesad,wesad
0,0.20258088,1.0,wesad_s10,wesad,wesad
0,0.1942006,1.0,wesad_s10,wesad,wesad
0,0.21501175,1.0,wesad_s10,wesad,wesad
0,0.20873925,1.0,wesad_s10,wesad,wesad
0,0.18247773,1.0,wesad_s10,wesad,wesad
0,0.25895384,1.0,wesad_s10,wesad,wesad
0,0.29571682,1.0,wesad_s10,wesad,wesad
0,0.2973444,1.0,wesad_s10,wesad,wesad
0,0.26084128,1.0,wesad_s10,wesad,wesad
0,0.2312278,1.0,wesad_s10,wesad,wesad
0,0.20432828,1.0,wesad_s10,wesad,wesad
0,0.22411342,1.0,wesad_s10,wesad,wesad
0,0.26632532,1.0,wesad_s10,wesad,wesad
0,0.2789131,1.0,wesad_s10,wesad,wesad
0,0.3217886,1.0,wesad_s10,wesad,wesad
0,0.3441414,1.0,wesad_s10,wesad,wesad
0,0.3304533,1.0,wesad_s10,wesad,wesad
0,0.24523279,1.0,wesad_s10,wesad,wesad
0,0.28860876,1.0,wesad_s10,wesad,wesad
0,0.35175478,1.0,wesad_s10,wesad,wesad
0,0.28150842,1.0,wesad_s10,wesad,wesad
0,0.25678247,1.0,wesad_s10,wesad,wesad
0,0.30184463,1.0,wesad_s10,wesad,wesad
0,0.3192758,1.0,wesad_s10,wesad,wesad
0,0.2960279,1.0,wesad_s10,wesad,wesad
0,0.32941213,1.0,wesad_s10,wesad,wesad
0,0.36179566,1.0,wesad_s10,wesad,wesad
0,0.35518295,1.0,wesad_s10,wesad,wesad
0,0.38726035,1.0,wesad_s10,wesad,wesad
0,0.4058817,1.0,wesad_s10,wesad,wesad
0,0.46902728,1.0,wesad_s10,wesad,wesad
0,0.4796625,1.0,wesad_s10,wesad,wesad
0,0.4170517,1.0,wesad_s10,wesad,wesad
0,0.2641278,1.0,wesad_s10,wesad,wesad
0,0.17014529,1.0,wesad_s10,wesad,wesad
1,0.7891649,1.0,wesad_s10,wesad,wesad
1,0.7994785,1.0,wesad_s10,wesad,wesad
1,0.80675274,1.0,wesad_s10,wesad,wesad
1,0.80313486,1.0,wesad_s10,wesad,wesad
1,0.7619238,1.0,wesad_s10,wesad,wesad
1,0.75065935,1.0,wesad_s10,wesad,wesad
1,0.7890917,1.0,wesad_s10,wesad,wesad
1,0.74060047,1.0,wesad_s10,wesad,wesad
1,0.6992099,1.0,wesad_s10,wesad,wesad
1,0.7693783,1.0,wesad_s10,wesad,wesad
1,0.72348356,1.0,wesad_s10,wesad,wesad
1,0.67304295,1.0,wesad_s10,wesad,wesad
1,0.7251072,1.0,wesad_s10,wesad,wesad
1,0.7047813,1.0,wesad_s10,wesad,wesad
1,0.6594853,1.0,wesad_s10,wesad,wesad
1,0.50063336,1.0,wesad_s10,wesad,wesad
1,0.46320477,1.0,wesad_s10,wesad,wesad
1,0.614261,1.0,wesad_s10,wesad,wesad
1,0.6574108,1.0,wesad_s10,wesad,wesad
1,0.59104884,1.0,wesad_s10,wesad,wesad
1,0.5408136,1.0,wesad_s10,wesad,wesad
1,0.5896856,1.0,wesad_s10,wesad,wesad
1,0.5976455,1.0,wesad_s10,wesad,wesad
1,0.40570563,1.0,wesad_s10,wesad,wesad
1,0.3495104,1.0,wesad_s10,wesad,wesad
1,0.5270241,1.0,wesad_s10,wesad,wesad
1,0.5446145,1.0,wesad_s10,wesad,wesad
1,0.48326093,1.0,wesad_s10,wesad,wesad
1,0.5005008,1.0,wesad_s10,wesad,wesad
1,0.51734346,1.0,wesad_s10,wesad,wesad
1,0.5344463,1.0,wesad_s10,wesad,wesad
1,0.5190641,1.0,wesad_s10,wesad,wesad
1,0.5336807,1.0,wesad_s10,wesad,wesad
1,0.6116278,1.0,wesad_s10,wesad,wesad
1,0.65894365,1.0,wesad_s10,wesad,wesad
1,0.61510193,1.0,wesad_s10,wesad,wesad
1,0.63027966,1.0,wesad_s10,wesad,wesad
1,0.5316507,1.0,wesad_s10,wesad,wesad
1,0.35248166,1.0,wesad_s10,wesad,wesad
1,0.22821067,1.0,wesad_s10,wesad,wesad
1,0.299279,1.0,wesad_s10,wesad,wesad
1,0.45669556,1.0,wesad_s10,wesad,wesad
1,0.5468476,1.0,wesad_s10,wesad,wesad
1,0.6374945,1.0,wesad_s10,wesad,wesad
1,0.60346735,1.0,wesad_s10,wesad,wesad
1,0.46242878,1.0,wesad_s10,wesad,wesad
1,0.38279662,1.0,wesad_s10,wesad,wesad
1,0.4954349,1.0,wesad_s10,wesad,wesad
1,0.60892344,1.0,wesad_s10,wesad,wesad
1,0.5759683,1.0,wesad_s10,wesad,wesad
1,0.57135874,1.0,wesad_s10,wesad,wesad
1,0.58221596,1.0,wesad_s10,wesad,wesad
1,0.590547,1.0,wesad_s10,wesad,wesad
1,0.52463657,1.0,wesad_s10,wesad,wesad
1,0.44155774,1.0,wesad_s10,wesad,wesad
1,0.4692406,1.0,wesad_s10,wesad,wesad
1,0.34997895,1.0,wesad_s10,wesad,wesad
1,0.28495476,1.0,wesad_s10,wesad,wesad
1,0.3541329,1.0,wesad_s10,wesad,wesad
1,0.38066986,1.0,wesad_s10,wesad,wesad
1,0.43871328,1.0,wesad_s10,wesad,wesad
1,0.48576853,1.0,wesad_s10,wesad,wesad
1,0.46098763,1.0,wesad_s10,wesad,wesad
1,0.3753975,1.0,wesad_s10,wesad,wesad
1,0.35587573,1.0,wesad_s10,wesad,wesad
1,0.4807994,1.0,wesad_s10,wesad,wesad
1,0.6298736,1.0,wesad_s10,wesad,wesad
1,0.65296465,1.0,wesad_s10,wesad,wesad
1,0.6624803,1.0,wesad_s10,wesad,wesad
1,0.56438047,1.0,wesad_s10,wesad,wesad
1,0.48076034,1.0,wesad_s10,wesad,wesad
1,0.35796687,1.0,wesad_s10,wesad,wesad
1,0.46014768,1.0,wesad_s10,wesad,wesad
1,0.42683166,1.0,wesad_s10,wesad,wesad
1,0.43417886,1.0,wesad_s10,wesad,wesad
1,0.50006634,1.0,wesad_s10,wesad,wesad
1,0.48189375,1.0,wesad_s10,wesad,wesad
1,0.5919697,1.0,wesad_s10,wesad,wesad
1,0.5991906,1.0,wesad_s10,wesad,wesad
1,0.6674195,1.0,wesad_s10,wesad,wesad
1,0.71442837,1.0,wesad_s10,wesad,wesad
1,0.61001366,1.0,wesad_s10,wesad,wesad
1,0.5963559,1.0,wesad_s10,wesad,wesad
1,0.61160403,1.0,wesad_s10,wesad,wesad
1,0.5347086,1.0,wesad_s10,wesad,wesad
1,0.5198325,1.0,wesad_s10,wesad,wesad
1,0.68612635,1.0,wesad_s10,wesad,wesad
1,0.67599756,1.0,wesad_s10,wesad,wesad
1,0.68141955,1.0,wesad_s10,wesad,wesad
1,0.60676074,1.0,wesad_s10,wesad,wesad
1,0.5826125,1.0,wesad_s10,wesad,wesad
1,0.7322255,1.0,wesad_s10,wesad,wesad
1,0.7475534,1.0,wesad_s10,wesad,wesad
1,0.72699666,1.0,wesad_s10,wesad,wesad
1,0.68223715,1.0,wesad_s10,wesad,wesad
1,0.67888254,1.0,wesad_s10,wesad,wesad
1,0.68879217,1.0,wesad_s10,wesad,wesad
1,0.64537054,1.0,wesad_s10,wesad,wesad
1,0.6201753,1.0,wesad_s10,wesad,wesad
1,0.61261445,1.0,wesad_s10,wesad,wesad
1,0.65992737,1.0,wesad_s10,wesad,wesad
1,0.64319795,1.0,wesad_s10,wesad,wesad
1,0.5822842,1.0,wesad_s10,wesad,wesad
1,0.41478986,1.0,wesad_s10,wesad,wesad
1,0.47411147,1.0,wesad_s10,wesad,wesad
1,0.6462793,1.0,wesad_s10,wesad,wesad
1,0.6476343,1.0,wesad_s10,wesad,wesad
1,0.6800436,1.0,wesad_s10,wesad,wesad
1,0.7553636,1.0,wesad_s10,wesad,wesad
1,0.6875667,1.0,wesad_s10,wesad,wesad
1,0.6360082,1.0,wesad_s10,wesad,wesad
1,0.57786655,1.0,wesad_s10,wesad,wesad
1,0.37929976,1.0,wesad_s10,wesad,wesad
1,0.502094,1.0,wesad_s10,wesad,wesad
1,0.6515704,1.0,wesad_s10,wesad,wesad
1,0.62926525,1.0,wesad_s10,wesad,wesad
1,0.6253233,1.0,wesad_s10,wesad,wesad
1,0.61434317,1.0,wesad_s10,wesad,wesad
1,0.4500107,1.0,wesad_s10,wesad,wesad
1,0.44904023,1.0,wesad_s10,wesad,wesad
1,0.5120661,1.0,wesad_s10,wesad,wesad
1,0.55273545,1.0,wesad_s10,wesad,wesad
1,0.63716626,1.0,wesad_s10,wesad,wesad
1,0.66463745,1.0,wesad_s10,wesad,wesad
1,0.6487253,1.0,wesad_s10,wesad,wesad
1,0.6435387,1.0,wesad_s10,wesad,wesad
1,0.63242817,1.0,wesad_s10,wesad,wesad
1,0.54504776,1.0,wesad_s10,wesad,wesad
1,0.40830144,1.0,wesad_s10,wesad,wesad
1,0.34856343,1.0,wesad_s10,wesad,wesad
1,0.28998497,1.0,wesad_s10,wesad,wesad
1,0.3286945,1.0,wesad_s10,wesad,wesad
1,0.4150187,1.0,wesad_s10,wesad,wesad
1,0.54862964,1.0,wesad_s10,wesad,wesad
1,0.5812934,1.0,wesad_s10,wesad,wesad
1,0.443933,1.0,wesad_s10,wesad,wesad
1,0.31963578,1.0,wesad_s10,wesad,wesad
1,0.338869,1.0,wesad_s10,wesad,wesad
1,0.43506002,1.0,wesad_s10,wesad,wesad
1,0.45421797,1.0,wesad_s10,wesad,wesad
1,0.44702384,1.0,wesad_s10,wesad,wesad
1,0.47639814,1.0,wesad_s10,wesad,wesad
1,0.40039167,1.0,wesad_s10,wesad,wesad
1,0.45584634,1.0,wesad_s10,wesad,wesad
1,0.5636428,1.0,wesad_s10,wesad,wesad
0,0.4137709,1.0,wesad_s8,wesad,wesad
0,0.4133615,1.0,wesad_s8,wesad,wesad
0,0.43275574,1.0,wesad_s8,wesad,wesad
0,0.45371613,1.0,wesad_s8,wesad,wesad
0,0.44113365,1.0,wesad_s8,wesad,wesad
0,0.42960486,1.0,wesad_s8,wesad,wesad
0,0.4171174,1.0,wesad_s8,wesad,wesad
0,0.40145984,1.0,wesad_s8,wesad,wesad
0,0.38988,1.0,wesad_s8,wesad,wesad
0,0.39950383,1.0,wesad_s8,wesad,wesad
0,0.41527867,1.0,wesad_s8,wesad,wesad
0,0.40658468,1.0,wesad_s8,wesad,wesad
0,0.39935818,1.0,wesad_s8,wesad,wesad
0,0.48570886,1.0,wesad_s8,wesad,wesad
0,0.52332157,1.0,wesad_s8,wesad,wesad
0,0.47005448,1.0,wesad_s8,wesad,wesad
0,0.43001714,1.0,wesad_s8,wesad,wesad
0,0.381643,1.0,wesad_s8,wesad,wesad
0,0.35128254,1.0,wesad_s8,wesad,wesad
0,0.34847003,1.0,wesad_s8,wesad,wesad
0,0.37153256,1.0,wesad_s8,wesad,wesad
0,0.37792495,1.0,wesad_s8,wesad,wesad
0,0.3884531,1.0,wesad_s8,wesad,wesad
0,0.38025796,1.0,wesad_s8,wesad,wesad
0,0.3712704,1.0,wesad_s8,wesad,wesad
0,0.37819627,1.0,wesad_s8,wesad,wesad
0,0.38653582,1.0,wesad_s8,wesad,wesad
0,0.40658867,1.0,wesad_s8,wesad,wesad
0,0.39536256,1.0,wesad_s8,wesad,wesad
0,0.3882254,1.0,wesad_s8,wesad,wesad
0,0.42934737,1.0,wesad_s8,wesad,wesad
0,0.42304984,1.0,wesad_s8,wesad,wesad
0,0.3818284,1.0,wesad_s8,wesad,wesad
0,0.3770473,1.0,wesad_s8,wesad,wesad
0,0.38164628,1.0,wesad_s8,wesad,wesad
0,0.3402054,1.0,wesad_s8,wesad,wesad
0,0.34449467,1.0,wesad_s8,wesad,wesad
0,0.3812253,1.0,wesad_s8,wesad,wesad
0,0.41673842,1.0,wesad_s8,wesad,wesad
0,0.38017908,1.0,wesad_s8,wesad,wesad
0,0.33466893,1.0,wesad_s8,wesad,wesad
0,0.32836357,1.0,wesad_s8,wesad,wesad
0,0.3329484,1.0,wesad_s8,wesad,wesad
0,0.3351632,1.0,wesad_s8,wesad,wesad
0,0.33625025,1.0,wesad_s8,wesad,wesad
0,0.3351962,1.0,wesad_s8,wesad,wesad
0,0.32678366,1.0,wesad_s8,wesad,wesad
0,0.32792744,1.0,wesad_s8,wesad,wesad
0,0.33913454,1.0,wesad_s8,wesad,wesad
0,0.34054804,1.0,wesad_s8,wesad,wesad
0,0.3468423,1.0,wesad_s8,wesad,wesad
0,0.35266963,1.0,wesad_s8,wesad,wesad
0,0.3533157,1.0,wesad_s8,wesad,wesad
0,0.3553223,1.0,wesad_s8,wesad,wesad
0,0.35251832,1.0,wesad_s8,wesad,wesad
0,0.34963477,1.0,wesad_s8,wesad,wesad
0,0.3535332,1.0,wesad_s8,wesad,wesad
0,0.38294327,1.0,wesad_s8,wesad,wesad
0,0.4284995,1.0,wesad_s8,wesad,wesad
0,0.41941848,1.0,wesad_s8,wesad,wesad
0,0.36059305,1.0,wesad_s8,wesad,wesad
0,0.32807103,1.0,wesad_s8,wesad,wesad
0,0.3548806,1.0,wesad_s8,wesad,wesad
0,0.38097572,1.0,wesad_s8,wesad,wesad
0,0.38327852,1.0,wesad_s8,wesad,wesad
0,0.37045947,1.0,wesad_s8,wesad,wesad
0,0.36635113,1.0,wesad_s8,wesad,wesad
0,0.36895823,1.0,wesad_s8,wesad,wesad
0,0.36589786,1.0,wesad_s8,wesad,wesad
0,0.37364462,1.0,wesad_s8,wesad,wesad
0,0.38760573,1.0,wesad_s8,wesad,wesad
0,0.39516062,1.0,wesad_s8,wesad,wesad
0,0.3993581,1.0,wesad_s8,wesad,wesad
0,0.39330724,1.0,wesad_s8,wesad,wesad
0,0.36991882,1.0,wesad_s8,wesad,wesad
0,0.3600902,1.0,wesad_s8,wesad,wesad
0,0.38521746,1.0,wesad_s8,wesad,wesad
0,0.3945719,1.0,wesad_s8,wesad,wesad
0,0.38999945,1.0,wesad_s8,wesad,wesad
0,0.37421083,1.0,wesad_s8,wesad,wesad
0,0.44750392,1.0,wesad_s8,wesad,wesad
0,0.5247728,1.0,wesad_s8,wesad,wesad
0,0.5078507,1.0,wesad_s8,wesad,wesad
0,0.45788506,1.0,wesad_s8,wesad,wesad
0,0.4056067,1.0,wesad_s8,wesad,wesad
0,0.40460768,1.0,wesad_s8,wesad,wesad
0,0.44350412,1.0,wesad_s8,wesad,wesad
0,0.44764,1.0,wesad_s8,wesad,wesad
0,0.3935163,1.0,wesad_s8,wesad,wesad
0,0.3921835,1.0,wesad_s8,wesad,wesad
0,0.42684847,1.0,wesad_s8,wesad,wesad
0,0.41558948,1.0,wesad_s8,wesad,wesad
0,0.39114478,1.0,wesad_s8,wesad,wesad
0,0.38486713,1.0,wesad_s8,wesad,wesad
0,0.396687,1.0,wesad_s8,wesad,wesad
0,0.4056053,1.0,wesad_s8,wesad,wesad
0,0.41130653,1.0,wesad_s8,wesad,wesad
0,0.4166683,1.0,wesad_s8,wesad,wesad
0,0.4234243,1.0,wesad_s8,wesad,wesad
0,0.40084478,1.0,wesad_s8,wesad,wesad
0,0.40025154,1.0,wesad_s8,wesad,wesad
0,0.41565627,1.0,wesad_s8,wesad,wesad
0,0.4258613,1.0,wesad_s8,wesad,wesad
0,0.40227738,1.0,wesad_s8,wesad,wesad
0,0.38535553,1.0,wesad_s8,wesad,wesad
0,0.37534758,1.0,wesad_s8,wesad,wesad
0,0.38051608,1.0,wesad_s8,wesad,wesad
0,0.42049283,1.0,wesad_s8,wesad,wesad
0,0.41392055,1.0,wesad_s8,wesad,wesad
0,0.37657827,1.0,wesad_s8,wesad,wesad
0,0.35691243,1.0,wesad_s8,wesad,wesad
0,0.33843216,1.0,wesad_s8,wesad,wesad
0,0.3526575,1.0,wesad_s8,wesad,wesad
0,0.3392532,1.0,wesad_s8,wesad,wesad
0,0.3429611,1.0,wesad_s8,wesad,wesad
0,0.35744402,1.0,wesad_s8,wesad,wesad
0,0.39339784,1.0,wesad_s8,wesad,wesad
0,0.4224704,1.0,wesad_s8,wesad,wesad
0,0.38870367,1.0,wesad_s8,wesad,wesad
0,0.36549345,1.0,wesad_s8,wesad,wesad
0,0.38237792,1.0,wesad_s8,wesad,wesad
0,0.3716829,1.0,wesad_s8,wesad,wesad
0,0.3617461,1.0,wesad_s8,wesad,wesad
0,0.35965553,1.0,wesad_s8,wesad,wesad
0,0.350908,1.0,wesad_s8,wesad,wesad
0,0.35460898,1.0,wesad_s8,wesad,wesad
0,0.3659996,1.0,wesad_s8,wesad,wesad
0,0.38316762,1.0,wesad_s8,wesad,wesad
0,0.39676583,1.0,wesad_s8,wesad,wesad
0,0.38182124,1.0,wesad_s8,wesad,wesad
0,0.37566087,1.0,wesad_s8,wesad,wesad
0,0.36776185,1.0,wesad_s8,wesad,wesad
0,0.36476183,1.0,wesad_s8,wesad,wesad
0,0.36217865,1.0,wesad_s8,wesad,wesad
0,0.3517327,1.0,wesad_s8,wesad,wesad
0,0.3519844,1.0,wesad_s8,wesad,wesad
0,0.34951776,1.0,wesad_s8,wesad,wesad
0,0.38034093,1.0,wesad_s8,wesad,wesad
0,0.39706933,1.0,wesad_s8,wesad,wesad
0,0.36436933,1.0,wesad_s8,wesad,wesad
0,0.38931224,1.0,wesad_s8,wesad,wesad
0,0.3829458,1.0,wesad_s8,wesad,wesad
0,0.37955418,1.0,wesad_s8,wesad,wesad
0,0.38996133,1.0,wesad_s8,wesad,wesad
0,0.36238265,1.0,wesad_s8,wesad,wesad
0,0.37769502,1.0,wesad_s8,wesad,wesad
0,0.39990813,1.0,wesad_s8,wesad,wesad
0,0.3840952,1.0,wesad_s8,wesad,wesad
0,0.3643154,1.0,wesad_s8,wesad,wesad
0,0.34534687,1.0,wesad_s8,wesad,wesad
0,0.35046846,1.0,wesad_s8,wesad,wesad
0,0.362692,1.0,wesad_s8,wesad,wesad
0,0.3856698,1.0,wesad_s8,wesad,wesad
0,0.3810424,1.0,wesad_s8,wesad,wesad
0,0.3686483,1.0,wesad_s8,wesad,wesad
0,0.3728506,1.0,wesad_s8,wesad,wesad
0,0.366324,1.0,wesad_s8,wesad,wesad
0,0.3712717,1.0,wesad_s8,wesad,wesad
0,0.39239645,1.0,wesad_s8,wesad,wesad
0,0.39064348,1.0,wesad_s8,wesad,wesad
0,0.35980302,1.0,wesad_s8,wesad,wesad
0,0.34292462,1.0,wesad_s8,wesad,wesad
0,0.3481196,1.0,wesad_s8,wesad,wesad
0,0.3590365,1.0,wesad_s8,wesad,wesad
0,0.34904557,1.0,wesad_s8,wesad,wesad
0,0.39007416,1.0,wesad_s8,wesad,wesad
0,0.4065897,1.0,wesad_s8,wesad,wesad
0,0.39119577,1.0,wesad_s8,wesad,wesad
0,0.3479057,1.0,wesad_s8,wesad,wesad
0,0.3503659,1.0,wesad_s8,wesad,wesad
0,0.33918408,1.0,wesad_s8,wesad,wesad
0,0.37056804,1.0,wesad_s8,wesad,wesad
0,0.39023635,1.0,wesad_s8,wesad,wesad
0,0.3990816,1.0,wesad_s8,wesad,wesad
0,0.40181163,1.0,wesad_s8,wesad,wesad
0,0.38788426,1.0,wesad_s8,wesad,wesad
0,0.39559877,1.0,wesad_s8,wesad,wesad
0,0.39747262,1.0,wesad_s8,wesad,wesad
0,0.39419487,1.0,wesad_s8,wesad,wesad
0,0.3910655,1.0,wesad_s8,wesad,wesad
0,0.39698213,1.0,wesad_s8,wesad,wesad
0,0.39168456,1.0,wesad_s8,wesad,wesad
0,0.38599104,1.0,wesad_s8,wesad,wesad
0,0.40807587,1.0,wesad_s8,wesad,wesad
0,0.44766545,1.0,wesad_s8,wesad,wesad
0,0.43564683,1.0,wesad_s8,wesad,wesad
0,0.41547978,1.0,wesad_s8,wesad,wesad
0,0.40650696,1.0,wesad_s8,wesad,wesad
0,0.40843055,1.0,wesad_s8,wesad,wesad
0,0.4072609,1.0,wesad_s8,wesad,wesad
0,0.42728052,1.0,wesad_s8,wesad,wesad
0,0.3987241,1.0,wesad_s8,wesad,wesad
0,0.3424678,1.0,wesad_s8,wesad,wesad
0,0.35833782,1.0,wesad_s8,wesad,wesad
0,0.38677752,1.0,wesad_s8,wesad,wesad
0,0.3799682,1.0,wesad_s8,wesad,wesad
0,0.3830484,1.0,wesad_s8,wesad,wesad
0,0.39586425,1.0,wesad_s8,wesad,wesad
0,0.40436193,1.0,wesad_s8,wesad,wesad
0,0.4040915,1.0,wesad_s8,wesad,wesad
0,0.40586504,1.0,wesad_s8,wesad,wesad
0,0.4189455,1.0,wesad_s8,wesad,wesad
0,0.4256576,1.0,wesad_s8,wesad,wesad
0,0.4122427,1.0,wesad_s8,wesad,wesad
0,0.40427238,1.0,wesad_s8,wesad,wesad
0,0.4150926,1.0,wesad_s8,wesad,wesad
0,0.41295198,1.0,wesad_s8,wesad,wesad
0,0.4101371,1.0,wesad_s8,wesad,wesad
0,0.3989785,1.0,wesad_s8,wesad,wesad
0,0.4033612,1.0,wesad_s8,wesad,wesad
0,0.40529898,1.0,wesad_s8,wesad,wesad
0,0.39643428,1.0,wesad_s8,wesad,wesad
0,0.39030737,1.0,wesad_s8,wesad,wesad
0,0.39695713,1.0,wesad_s8,wesad,wesad
0,0.39896065,1.0,wesad_s8,wesad,wesad
0,0.35139084,1.0,wesad_s8,wesad,wesad
0,0.32637152,1.0,wesad_s8,wesad,wesad
0,0.34551004,1.0,wesad_s8,wesad,wesad
0,0.3514361,1.0,wesad_s8,wesad,wesad
0,0.3541749,1.0,wesad_s8,wesad,wesad
0,0.38290688,1.0,wesad_s8,wesad,wesad
0,0.44395357,1.0,wesad_s8,wesad,wesad
0,0.4221936,1.0,wesad_s8,wesad,wesad
0,0.40238225,1.0,wesad_s8,wesad,wesad
0,0.3986932,1.0,wesad_s8,wesad,wesad
0,0.3967679,1.0,wesad_s8,wesad,wesad
0,0.40668964,1.0,wesad_s8,wesad,wesad
0,0.41503608,1.0,wesad_s8,wesad,wesad
0,0.39609295,1.0,wesad_s8,wesad,wesad
0,0.384811,1.0,wesad_s8,wesad,wesad
0,0.3897636,1.0,wesad_s8,wesad,wesad
0,0.40966454,1.0,wesad_s8,wesad,wesad
0,0.41666812,1.0,wesad_s8,wesad,wesad
0,0.4096812,1.0,wesad_s8,wesad,wesad
1,0.5808398,1.0,wesad_s8,wesad,wesad
1,0.5463021,1.0,wesad_s8,wesad,wesad
1,0.5385238,1.0,wesad_s8,wesad,wesad
1,0.5927774,1.0,wesad_s8,wesad,wesad
1,0.6373003,1.0,wesad_s8,wesad,wesad
1,0.5966362,1.0,wesad_s8,wesad,wesad
1,0.5729409,1.0,wesad_s8,wesad,wesad
1,0.60056597,1.0,wesad_s8,wesad,wesad
1,0.5801784,1.0,wesad_s8,wesad,wesad
1,0.56842273,1.0,wesad_s8,wesad,wesad
1,0.57519764,1.0,wesad_s8,wesad,wesad
1,0.55076796,1.0,wesad_s8,wesad,wesad
1,0.54328096,1.0,wesad_s8,wesad,wesad
1,0.54280156,1.0,wesad_s8,wesad,wesad
1,0.52091104,1.0,wesad_s8,wesad,wesad
1,0.5176275,1.0,wesad_s8,wesad,wesad
1,0.5231227,1.0,wesad_s8,wesad,wesad
1,0.55559146,1.0,wesad_s8,wesad,wesad
1,0.5818887,1.0,wesad_s8,wesad,wesad
1,0.57954174,1.0,wesad_s8,wesad,wesad
1,0.5885366,1.0,wesad_s8,wesad,wesad
1,0.59120566,1.0,wesad_s8,wesad,wesad
1,0.57839906,1.0,wesad_s8,wesad,wesad
1,0.592753,1.0,wesad_s8,wesad,wesad
1,0.50035423,1.0,wesad_s8,wesad,wesad
1,0.42274255,1.0,wesad_s8,wesad,wesad
1,0.5329954,1.0,wesad_s8,wesad,wesad
1,0.6135874,1.0,wesad_s8,wesad,wesad
1,0.62465984,1.0,wesad_s8,wesad,wesad
1,0.6182151,1.0,wesad_s8,wesad,wesad
1,0.5992593,1.0,wesad_s8,wesad,wesad
1,0.58758634,1.0,wesad_s8,wesad,wesad
1,0.590497,1.0,wesad_s8,wesad,wesad
1,0.58617496,1.0,wesad_s8,wesad,wesad
1,0.57258713,1.0,wesad_s8,wesad,wesad
1,0.57263553,1.0,wesad_s8,wesad,wesad
1,0.6478403,1.0,wesad_s8,wesad,wesad
1,0.6716303,1.0,wesad_s8,wesad,wesad
1,0.63595736,1.0,wesad_s8,wesad,wesad
1,0.6042364,1.0,wesad_s8,wesad,wesad
1,0.55962247,1.0,wesad_s8,wesad,wesad
1,0.53956664,1.0,wesad_s8,wesad,wesad
1,0.53470737,1.0,wesad_s8,wesad,wesad
1,0.5257387,1.0,wesad_s8,wesad,wesad
1,0.53479433,1.0,wesad_s8,wesad,wesad
1,0.5441936,1.0,wesad_s8,wesad,wesad
1,0.5485447,1.0,wesad_s8,wesad,wesad
1,0.57345647,1.0,wesad_s8,wesad,wesad
1,0.56078535,1.0,wesad_s8,wesad,wesad
1,0.5077643,1.0,wesad_s8,wesad,wesad
1,0.47402793,1.0,wesad_s8,wesad,wesad
1,0.5088421,1.0,wesad_s8,wesad,wesad
1,0.5416957,1.0,wesad_s8,wesad,wesad
1,0.5586641,1.0,wesad_s8,wesad,wesad
1,0.5711311,1.0,wesad_s8,wesad,wesad
1,0.5634479,1.0,wesad_s8,wesad,wesad
1,0.5151904,1.0,wesad_s8,wesad,wesad
1,0.46333808,1.0,wesad_s8,wesad,wesad
1,0.48291835,1.0,wesad_s8,wesad,wesad
1,0.51998734,1.0,wesad_s8,wesad,wesad
1,0.5276628,1.0,wesad_s8,wesad,wesad
1,0.53248787,1.0,wesad_s8,wesad,wesad
1,0.5544802,1.0,wesad_s8,wesad,wesad
1,0.55381805,1.0,wesad_s8,wesad,wesad
1,0.53115207,1.0,wesad_s8,wesad,wesad
1,0.5023171,1.0,wesad_s8,wesad,wesad
1,0.5033909,1.0,wesad_s8,wesad,wesad
1,0.46920133,1.0,wesad_s8,wesad,wesad
1,0.4605139,1.0,wesad_s8,wesad,wesad
1,0.5107352,1.0,wesad_s8,wesad,wesad
1,0.5460146,1.0,wesad_s8,wesad,wesad
1,0.59720737,1.0,wesad_s8,wesad,wesad
1,0.5381328,1.0,wesad_s8,wesad,wesad
1,0.48310852,1.0,wesad_s8,wesad,wesad
1,0.5003628,1.0,wesad_s8,wesad,wesad
1,0.5050623,1.0,wesad_s8,wesad,wesad
1,0.5270442,1.0,wesad_s8,wesad,wesad
1,0.5452168,1.0,wesad_s8,wesad,wesad
1,0.5366205,1.0,wesad_s8,wesad,wesad
1,0.52619386,1.0,wesad_s8,wesad,wesad
1,0.56241965,1.0,wesad_s8,wesad,wesad
1,0.55788,1.0,wesad_s8,wesad,wesad
1,0.58866286,1.0,wesad_s8,wesad,wesad
1,0.62011135,1.0,wesad_s8,wesad,wesad
1,0.6004502,1.0,wesad_s8,wesad,wesad
1,0.6021534,1.0,wesad_s8,wesad,wesad
1,0.5741945,1.0,wesad_s8,wesad,wesad
1,0.49989587,1.0,wesad_s8,wesad,wesad
1,0.4988463,1.0,wesad_s8,wesad,wesad
1,0.5276991,1.0,wesad_s8,wesad,wesad
1,0.5586424,1.0,wesad_s8,wesad,wesad
1,0.5565071,1.0,wesad_s8,wesad,wesad
1,0.5612737,1.0,wesad_s8,wesad,wesad
1,0.65556574,1.0,wesad_s8,wesad,wesad
1,0.6686252,1.0,wesad_s8,wesad,wesad
1,0.6024854,1.0,wesad_s8,wesad,wesad
1,0.53975505,1.0,wesad_s8,wesad,wesad
1,0.52797294,1.0,wesad_s8,wesad,wesad
1,0.57906723,1.0,wesad_s8,wesad,wesad
1,0.5379241,1.0,wesad_s8,wesad,wesad
1,0.45915926,1.0,wesad_s8,wesad,wesad
1,0.5493895,1.0,wesad_s8,wesad,wesad
1,0.64772,1.0,wesad_s8,wesad,wesad
1,0.57790685,1.0,wesad_s8,wesad,wesad
1,0.5045191,1.0,wesad_s8,wesad,wesad
1,0.49709958,1.0,wesad_s8,wesad,wesad
1,0.47090358,1.0,wesad_s8,wesad,wesad
1,0.46045744,1.0,wesad_s8,wesad,wesad
1,0.49376267,1.0,wesad_s8,wesad,wesad
1,0.51081336,1.0,wesad_s8,wesad,wesad
1,0.51375127,1.0,wesad_s8,wesad,wesad
1,0.5316975,1.0,wesad_s8,wesad,wesad
1,0.56266147,1.0,wesad_s8,wesad,wesad
1,0.5735493,1.0,wesad_s8,wesad,wesad
1,0.58454627,1.0,wesad_s8,wesad,wesad
1,0.5620334,1.0,wesad_s8,wesad,wesad
1,0.5535433,1.0,wesad_s8,wesad,wesad
1,0.51788265,1.0,wesad_s8,wesad,wesad
1,0.543042,1.0,wesad_s8,wesad,wesad
1,0.56026804,1.0,wesad_s8,wesad,wesad
1,0.526122,1.0,wesad_s8,wesad,wesad
1,0.5263497,1.0,wesad_s8,wesad,wesad
1,0.52921057,1.0,wesad_s8,wesad,wesad
1,0.5511961,1.0,wesad_s8,wesad,wesad
1,0.55729306,1.0,wesad_s8,wesad,wesad
1,0.52821404,1.0,wesad_s8,wesad,wesad
1,0.4630965,1.0,wesad_s8,wesad,wesad
1,0.46958658,1.0,wesad_s8,wesad,wesad
1,0.577646,1.0,wesad_s8,wesad,wesad
1,0.60372764,1.0,wesad_s8,wesad,wesad
1,0.55951077,1.0,wesad_s8,wesad,wesad
1,0.5257546,1.0,wesad_s8,wesad,wesad
1,0.5096924,1.0,wesad_s8,wesad,wesad
1,0.5055854,1.0,wesad_s8,wesad,wesad
0,0.5660437,1.0,wesad_s16,wesad,wesad
0,0.6107048,1.0,wesad_s16,wesad,wesad
0,0.6132135,1.0,wesad_s16,wesad,wesad
0,0.592813,1.0,wesad_s16,wesad,wesad
0,0.5252488,1.0,wesad_s16,wesad,wesad
0,0.45440942,1.0,wesad_s16,wesad,wesad
0,0.43403265,1.0,wesad_s16,wesad,wesad
0,0.49312735,1.0,wesad_s16,wesad,wesad
0,0.5509808,1.0,wesad_s16,wesad,wesad
0,0.57398915,1.0,wesad_s16,wesad,wesad
0,0.6079082,1.0,wesad_s16,wesad,wesad
0,0.58662236,1.0,wesad_s16,wesad,wesad
0,0.5863868,1.0,wesad_s16,wesad,wesad
0,0.6480229,1.0,wesad_s16,wesad,wesad
0,0.6570943,1.0,wesad_s16,wesad,wesad
0,0.5706487,1.0,wesad_s16,wesad,wesad
0,0.48888993,1.0,wesad_s16,wesad,wesad
0,0.49525365,1.0,wesad_s16,wesad,wesad
0,0.4841518,1.0,wesad_s16,wesad,wesad
0,0.4747811,1.0,wesad_s16,wesad,wesad
0,0.5035097,1.0,wesad_s16,wesad,wesad
0,0.5552491,1.0,wesad_s16,wesad,wesad
0,0.59817207,1.0,wesad_s16,wesad,wesad
0,0.6180431,1.0,wesad_s16,wesad,wesad
0,0.5837509,1.0,wesad_s16,wesad,wesad
0,0.5308994,1.0,wesad_s16,wesad,wesad
0,0.49780282,1.0,wesad_s16,wesad,wesad
0,0.4349069,1.0,wesad_s16,wesad,wesad
0,0.46732804,1.0,wesad_s16,wesad,wesad
0,0.4878274,1.0,wesad_s16,wesad,wesad
0,0.48939627,1.0,wesad_s16,wesad,wesad
0,0.4757533,1.0,wesad_s16,wesad,wesad
0,0.47789893,1.0,wesad_s16,wesad,wesad
0,0.48726845,1.0,wesad_s16,wesad,wesad
0,0.4805267,1.0,wesad_s16,wesad,wesad
0,0.46742517,1.0,wesad_s16,wesad,wesad
0,0.4772104,1.0,wesad_s16,wesad,wesad
0,0.47228876,1.0,wesad_s16,wesad,wesad
0,0.4700335,1.0,wesad_s16,wesad,wesad
0,0.4727805,1.0,wesad_s16,wesad,wesad
0,0.4707526,1.0,wesad_s16,wesad,wesad
0,0.470909,1.0,wesad_s16,wesad,wesad
0,0.46040878,1.0,wesad_s16,wesad,wesad
0,0.45336944,1.0,wesad_s16,wesad,wesad
0,0.4823105,1.0,wesad_s16,wesad,wesad
0,0.4834341,1.0,wesad_s16,wesad,wesad
0,0.54533166,1.0,wesad_s16,wesad,wesad
0,0.6093528,1.0,wesad_s16,wesad,wesad
0,0.5956044,1.0,wesad_s16,wesad,wesad
0,0.5689416,1.0,wesad_s16,wesad,wesad
0,0.53194743,1.0,wesad_s16,wesad,wesad
0,0.49244577,1.0,wesad_s16,wesad,wesad
0,0.50802225,1.0,wesad_s16,wesad,wesad
0,0.59407884,1.0,wesad_s16,wesad,wesad
0,0.6450649,1.0,wesad_s16,wesad,wesad
0,0.64872575,1.0,wesad_s16,wesad,wesad
0,0.6363338,1.0,wesad_s16,wesad,wesad
0,0.5503143,1.0,wesad_s16,wesad,wesad
0,0.47022274,1.0,wesad_s16,wesad,wesad
0,0.49791217,1.0,wesad_s16,wesad,wesad
0,0.5798003,1.0,wesad_s16,wesad,wesad
0,0.6137023,1.0,wesad_s16,wesad,wesad
0,0.5124339,1.0,wesad_s16,wesad,wesad
0,0.39378947,1.0,wesad_s16,wesad,wesad
0,0.3895492,1.0,wesad_s16,wesad,wesad
0,0.42134404,1.0,wesad_s16,wesad,wesad
0,0.42218125,1.0,wesad_s16,wesad,wesad
0,0.49855986,1.0,wesad_s16,wesad,wesad
0,0.5428148,1.0,wesad_s16,wesad,wesad
0,0.48457333,1.0,wesad_s16,wesad,wesad
0,0.46102616,1.0,wesad_s16,wesad,wesad
0,0.42298904,1.0,wesad_s16,wesad,wesad
0,0.40763995,1.0,wesad_s16,wesad,wesad
0,0.44114003,1.0,wesad_s16,wesad,wesad
0,0.48671073,1.0,wesad_s16,wesad,wesad
0,0.55184513,1.0,wesad_s16,wesad,wesad
0,0.5754876,1.0,wesad_s16,wesad,wesad
0,0.5065994,1.0,wesad_s16,wesad,wesad
0,0.4646083,1.0,wesad_s16,wesad,wesad
0,0.4493702,1.0,wesad_s16,wesad,wesad
0,0.4704132,1.0,wesad_s16,wesad,wesad
0,0.56023985,1.0,wesad_s16,wesad,wesad
0,0.54966474,1.0,wesad_s16,wesad,wesad
0,0.4894309,1.0,wesad_s16,wesad,wesad
0,0.55751425,1.0,wesad_s16,wesad,wesad
0,0.54314816,1.0,wesad_s16,wesad,wesad
0,0.47786605,1.0,wesad_s16,wesad,wesad
0,0.4835355,1.0,wesad_s16,wesad,wesad
0,0.46189076,1.0,wesad_s16,wesad,wesad
0,0.44488856,1.0,wesad_s16,wesad,wesad
0,0.61112654,1.0,wesad_s16,wesad,wesad
0,0.44002393,1.0,wesad_s16,wesad,wesad
0,0.4642709,1.0,wesad_s16,wesad,wesad
0,0.47540665,1.0,wesad_s16,wesad,wesad
0,0.46441212,1.0,wesad_s16,wesad,wesad
0,0.47078675,1.0,wesad_s16,wesad,wesad
0,0.48782405,1.0,wesad_s16,wesad,wesad
0,0.5100691,1.0,wesad_s16,wesad,wesad
0,0.565514,1.0,wesad_s16,wesad,wesad
0,0.6383809,1.0,wesad_s16,wesad,wesad
0,0.6250483,1.0,wesad_s16,wesad,wesad
0,0.5757766,1.0,wesad_s16,wesad,wesad
0,0.60644937,1.0,wesad_s16,wesad,wesad
0,0.5293921,1.0,wesad_s16,wesad,wesad
0,0.47883332,1.0,wesad_s16,wesad,wesad
0,0.47400603,1.0,wesad_s16,wesad,wesad
0,0.44148204,1.0,wesad_s16,wesad,wesad
0,0.51857275,1.0,wesad_s16,wesad,wesad
0,0.5194865,1.0,wesad_s16,wesad,wesad
0,0.5285627,1.0,wesad_s16,wesad,wesad
0,0.57103354,1.0,wesad_s16,wesad,wesad
0,0.5061762,1.0,wesad_s16,wesad,wesad
0,0.5606611,1.0,wesad_s16,wesad,wesad
0,0.48742568,1.0,wesad_s16,wesad,wesad
0,0.5034087,1.0,wesad_s16,wesad,wesad
0,0.4581572,1.0,wesad_s16,wesad,wesad
0,0.4785383,1.0,wesad_s16,wesad,wesad
0,0.5252981,1.0,wesad_s16,wesad,wesad
0,0.48792797,1.0,wesad_s16,wesad,wesad
0,0.485247,1.0,wesad_s16,wesad,wesad
0,0.4808185,1.0,wesad_s16,wesad,wesad
0,0.4838214,1.0,wesad_s16,wesad,wesad
0,0.49136195,1.0,wesad_s16,wesad,wesad
0,0.5656519,1.0,wesad_s16,wesad,wesad
0,0.49673548,1.0,wesad_s16,wesad,wesad
0,0.4837427,1.0,wesad_s16,wesad,wesad
0,0.48740566,1.0,wesad_s16,wesad,wesad
0,0.5086256,1.0,wesad_s16,wesad,wesad
0,0.5552232,1.0,wesad_s16,wesad,wesad
0,0.51964307,1.0,wesad_s16,wesad,wesad
0,0.4723347,1.0,wesad_s16,wesad,wesad
0,0.47721997,1.0,wesad_s16,wesad,wesad
0,0.44739032,1.0,wesad_s16,wesad,wesad
0,0.43271276,1.0,wesad_s16,wesad,wesad
0,0.59274554,1.0,wesad_s16,wesad,wesad
0,0.517702,1.0,wesad_s16,wesad,wesad
0,0.6367026,1.0,wesad_s16,wesad,wesad
0,0.67826664,1.0,wesad_s16,wesad,wesad
0,0.6123148,1.0,wesad_s16,wesad,wesad
0,0.48843348,1.0,wesad_s16,wesad,wesad
0,0.4297432,1.0,wesad_s16,wesad,wesad
0,0.46243724,1.0,wesad_s16,wesad,wesad
0,0.46477786,1.0,wesad_s16,wesad,wesad
0,0.4344834,1.0,wesad_s16,wesad,wesad
0,0.4489617,1.0,wesad_s16,wesad,wesad
0,0.52364135,1.0,wesad_s16,wesad,wesad
0,0.44497517,1.0,wesad_s16,wesad,wesad
0,0.52567804,1.0,wesad_s16,wesad,wesad
0,0.5739292,1.0,wesad_s16,wesad,wesad
0,0.48943657,1.0,wesad_s16,wesad,wesad
0,0.4719266,1.0,wesad_s16,wesad,wesad
0,0.5216073,1.0,wesad_s16,wesad,wesad
0,0.6046209,1.0,wesad_s16,wesad,wesad
0,0.67143095,1.0,wesad_s16,wesad,wesad
0,0.6496014,1.0,wesad_s16,wesad,wesad
0,0.5166538,1.0,wesad_s16,wesad,wesad
0,0.45463184,1.0,wesad_s16,wesad,wesad
0,0.42230102,1.0,wesad_s16,wesad,wesad
0,0.43447584,1.0,wesad_s16,wesad,wesad
0,0.4306911,1.0,wesad_s16,wesad,wesad
0,0.43152526,1.0,wesad_s16,wesad,wesad
0,0.4497931,1.0,wesad_s16,wesad,wesad
0,0.47624102,1.0,wesad_s16,wesad,wesad
0,0.5298585,1.0,wesad_s16,wesad,wesad
0,0.5583063,1.0,wesad_s16,wesad,wesad
0,0.605516,1.0,wesad_s16,wesad,wesad
0,0.5442234,1.0,wesad_s16,wesad,wesad
0,0.49143735,1.0,wesad_s16,wesad,wesad
0,0.49639067,1.0,wesad_s16,wesad,wesad
0,0.49367347,1.0,wesad_s16,wesad,wesad
0,0.47629774,1.0,wesad_s16,wesad,wesad
0,0.47826383,1.0,wesad_s16,wesad,wesad
0,0.5101978,1.0,wesad_s16,wesad,wesad
0,0.5170721,1.0,wesad_s16,wesad,wesad
0,0.49211422,1.0,wesad_s16,wesad,wesad
0,0.48189265,1.0,wesad_s16,wesad,wesad
0,0.4301323,1.0,wesad_s16,wesad,wesad
0,0.43095282,1.0,wesad_s16,wesad,wesad
0,0.45080084,1.0,wesad_s16,wesad,wesad
0,0.4459017,1.0,wesad_s16,wesad,wesad
0,0.45298398,1.0,wesad_s16,wesad,wesad
0,0.55420053,1.0,wesad_s16,wesad,wesad
0,0.62218845,1.0,wesad_s16,wesad,wesad
0,0.62658244,1.0,wesad_s16,wesad,wesad
0,0.66100115,1.0,wesad_s16,wesad,wesad
0,0.6242152,1.0,wesad_s16,wesad,wesad
0,0.56979644,1.0,wesad_s16,wesad,wesad
0,0.5002511,1.0,wesad_s16,wesad,wesad
0,0.44033423,1.0,wesad_s16,wesad,wesad
0,0.45787987,1.0,wesad_s16,wesad,wesad
0,0.47254094,1.0,wesad_s16,wesad,wesad
0,0.51070684,1.0,wesad_s16,wesad,wesad
0,0.5213473,1.0,wesad_s16,wesad,wesad
0,0.5908834,1.0,wesad_s16,wesad,wesad
0,0.6013542,1.0,wesad_s16,wesad,wesad
0,0.5967562,1.0,wesad_s16,wesad,wesad
0,0.59724396,1.0,wesad_s16,wesad,wesad
0,0.5749384,1.0,wesad_s16,wesad,wesad
0,0.45905918,1.0,wesad_s16,wesad,wesad
0,0.49911752,1.0,wesad_s16,wesad,wesad
0,0.5394404,1.0,wesad_s16,wesad,wesad
0,0.5126325,1.0,wesad_s16,wesad,wesad
0,0.51176304,1.0,wesad_s16,wesad,wesad
0,0.52049446,1.0,wesad_s16,wesad,wesad
0,0.53526795,1.0,wesad_s16,wesad,wesad
0,0.51337856,1.0,wesad_s16,wesad,wesad
0,0.5060398,1.0,wesad_s16,wesad,wesad
0,0.47581273,1.0,wesad_s16,wesad,wesad
0,0.4563462,1.0,wesad_s16,wesad,wesad
0,0.49999067,1.0,wesad_s16,wesad,wesad
0,0.51110244,1.0,wesad_s16,wesad,wesad
0,0.45240924,1.0,wesad_s16,wesad,wesad
0,0.44671473,1.0,wesad_s16,wesad,wesad
0,0.47106794,1.0,wesad_s16,wesad,wesad
0,0.51316905,1.0,wesad_s16,wesad,wesad
0,0.5312151,1.0,wesad_s16,wesad,wesad
0,0.55400807,1.0,wesad_s16,wesad,wesad
0,0.5195252,1.0,wesad_s16,wesad,wesad
0,0.44890675,1.0,wesad_s16,wesad,wesad
0,0.42346105,1.0,wesad_s16,wesad,wesad
0,0.41338167,1.0,wesad_s16,wesad,wesad
0,0.4822767,1.0,wesad_s16,wesad,wesad
0,0.5361071,1.0,wesad_s16,wesad,wesad
0,0.5602565,1.0,wesad_s16,wesad,wesad
0,0.49597922,1.0,wesad_s16,wesad,wesad
0,0.41750628,1.0,wesad_s16,wesad,wesad
0,0.44266275,1.0,wesad_s16,wesad,wesad
0,0.45368618,1.0,wesad_s16,wesad,wesad
0,0.4881955,1.0,wesad_s16,wesad,wesad
0,0.5122531,1.0,wesad_s16,wesad,wesad
0,0.50220877,1.0,wesad_s16,wesad,wesad
0,0.4976741,1.0,wesad_s16,wesad,wesad
0,0.49178332,1.0,wesad_s16,wesad,wesad
0,0.46691042,1.0,wesad_s16,wesad,wesad
0,0.47221276,1.0,wesad_s16,wesad,wesad
0,0.48085493,1.0,wesad_s16,wesad,wesad
1,0.9343873,1.0,wesad_s16,wesad,wesad
1,0.9219052,1.0,wesad_s16,wesad,wesad
1,0.90942156,1.0,wesad_s16,wesad,wesad
1,0.911382,1.0,wesad_s16,wesad,wesad
1,0.90810114,1.0,wesad_s16,wesad,wesad
1,0.8979929,1.0,wesad_s16,wesad,wesad
1,0.8961036,1.0,wesad_s16,wesad,wesad
1,0.9022336,1.0,wesad_s16,wesad,wesad
1,0.9082396,1.0,wesad_s16,wesad,wesad
1,0.91234994,1.0,wesad_s16,wesad,wesad
1,0.88872313,1.0,wesad_s16,wesad,wesad
1,0.8663396,1.0,wesad_s16,wesad,wesad
1,0.88838476,1.0,wesad_s16,wesad,wesad
1,0.89316756,1.0,wesad_s16,wesad,wesad
1,0.86694837,1.0,wesad_s16,wesad,wesad
1,0.87703115,1.0,wesad_s16,wesad,wesad
1,0.8851995,1.0,wesad_s16,wesad,wesad
1,0.88988566,1.0,wesad_s16,wesad,wesad
1,0.8803661,1.0,wesad_s16,wesad,wesad
1,0.8606859,1.0,wesad_s16,wesad,wesad
1,0.8604328,1.0,wesad_s16,wesad,wesad
1,0.85811627,1.0,wesad_s16,wesad,wesad
1,0.86325693,1.0,wesad_s16,wesad,wesad
1,0.8291542,1.0,wesad_s16,wesad,wesad
1,0.8265562,1.0,wesad_s16,wesad,wesad
1,0.85187256,1.0,wesad_s16,wesad,wesad
1,0.8717784,1.0,wesad_s16,wesad,wesad
1,0.86289686,1.0,wesad_s16,wesad,wesad
1,0.84940195,1.0,wesad_s16,wesad,wesad
1,0.8551847,1.0,wesad_s16,wesad,wesad
1,0.8374595,1.0,wesad_s16,wesad,wesad
1,0.83480525,1.0,wesad_s16,wesad,wesad
1,0.8533016,1.0,wesad_s16,wesad,wesad
1,0.85301125,1.0,wesad_s16,wesad,wesad
1,0.85571176,1.0,wesad_s16,wesad,wesad
1,0.8533756,1.0,wesad_s16,wesad,wesad
1,0.8144977,1.0,wesad_s16,wesad,wesad
1,0.830841,1.0,wesad_s16,wesad,wesad
1,0.8446343,1.0,wesad_s16,wesad,wesad
1,0.822357,1.0,wesad_s16,wesad,wesad
1,0.83532625,1.0,wesad_s16,wesad,wesad
1,0.8410062,1.0,wesad_s16,wesad,wesad
1,0.8059787,1.0,wesad_s16,wesad,wesad
1,0.77815425,1.0,wesad_s16,wesad,wesad
1,0.7891105,1.0,wesad_s16,wesad,wesad
1,0.79794925,1.0,wesad_s16,wesad,wesad
1,0.7946908,1.0,wesad_s16,wesad,wesad
1,0.781842,1.0,wesad_s16,wesad,wesad
1,0.8149984,1.0,wesad_s16,wesad,wesad
1,0.8067398,1.0,wesad_s16,wesad,wesad
1,0.7726844,1.0,wesad_s16,wesad,wesad
1,0.7693025,1.0,wesad_s16,wesad,wesad
1,0.77648056,1.0,wesad_s16,wesad,wesad
1,0.771945,1.0,wesad_s16,wesad,wesad
1,0.8201321,1.0,wesad_s16,wesad,wesad
1,0.84525096,1.0,wesad_s16,wesad,wesad
1,0.801663,1.0,wesad_s16,wesad,wesad
1,0.8126274,1.0,wesad_s16,wesad,wesad
1,0.8294718,1.0,wesad_s16,wesad,wesad
1,0.8528173,1.0,wesad_s16,wesad,wesad
1,0.8444565,1.0,wesad_s16,wesad,wesad
1,0.77948433,1.0,wesad_s16,wesad,wesad
1,0.7593566,1.0,wesad_s16,wesad,wesad
1,0.77183366,1.0,wesad_s16,wesad,wesad
1,0.76237464,1.0,wesad_s16,wesad,wesad
1,0.76672655,1.0,wesad_s16,wesad,wesad
1,0.78334975,1.0,wesad_s16,wesad,wesad
1,0.77297246,1.0,wesad_s16,wesad,wesad
1,0.80561733,1.0,wesad_s16,wesad,wesad
1,0.8557381,1.0,wesad_s16,wesad,wesad
1,0.88834125,1.0,wesad_s16,wesad,wesad
1,0.89737684,1.0,wesad_s16,wesad,wesad
1,0.8905968,1.0,wesad_s16,wesad,wesad
1,0.8995612,1.0,wesad_s16,wesad,wesad
1,0.90171134,1.0,wesad_s16,wesad,wesad
1,0.8967087,1.0,wesad_s16,wesad,wesad
1,0.9013364,1.0,wesad_s16,wesad,wesad
1,0.9230773,1.0,wesad_s16,wesad,wesad
1,0.92731833,1.0,wesad_s16,wesad,wesad
1,0.9125573,1.0,wesad_s16,wesad,wesad
1,0.91081965,1.0,wesad_s16,wesad,wesad
1,0.9251915,1.0,wesad_s16,wesad,wesad
1,0.94127434,1.0,wesad_s16,wesad,wesad
1,0.9380049,1.0,wesad_s16,wesad,wesad
1,0.9095126,1.0,wesad_s16,wesad,wesad
1,0.91674244,1.0,wesad_s16,wesad,wesad
1,0.9195966,1.0,wesad_s16,wesad,wesad
1,0.91771513,1.0,wesad_s16,wesad,wesad
1,0.91341186,1.0,wesad_s16,wesad,wesad
1,0.9026157,1.0,wesad_s16,wesad,wesad
1,0.91409034,1.0,wesad_s16,wesad,wesad
1,0.91204154,1.0,wesad_s16,wesad,wesad
1,0.8781085,1.0,wesad_s16,wesad,wesad
1,0.86462665,1.0,wesad_s16,wesad,wesad
1,0.87766755,1.0,wesad_s16,wesad,wesad
1,0.8781085,1.0,wesad_s16,wesad,wesad
1,0.88393354,1.0,wesad_s16,wesad,wesad
1,0.8982008,1.0,wesad_s16,wesad,wesad
1,0.9087563,1.0,wesad_s16,wesad,wesad
1,0.90836555,1.0,wesad_s16,wesad,wesad
1,0.8977831,1.0,wesad_s16,wesad,wesad
1,0.8850202,1.0,wesad_s16,wesad,wesad
1,0.8839228,1.0,wesad_s16,wesad,wesad
1,0.8422791,1.0,wesad_s16,wesad,wesad
1,0.8266312,1.0,wesad_s16,wesad,wesad
1,0.8615326,1.0,wesad_s16,wesad,wesad
1,0.8957119,1.0,wesad_s16,wesad,wesad
1,0.89986336,1.0,wesad_s16,wesad,wesad
1,0.87394536,1.0,wesad_s16,wesad,wesad
1,0.86633873,1.0,wesad_s16,wesad,wesad
1,0.8659768,1.0,wesad_s16,wesad,wesad
1,0.86903256,1.0,wesad_s16,wesad,wesad
1,0.8579625,1.0,wesad_s16,wesad,wesad
1,0.8357427,1.0,wesad_s16,wesad,wesad
1,0.8068449,1.0,wesad_s16,wesad,wesad
1,0.80196923,1.0,wesad_s16,wesad,wesad
1,0.8224818,1.0,wesad_s16,wesad,wesad
1,0.82805043,1.0,wesad_s16,wesad,wesad
1,0.8364191,1.0,wesad_s16,wesad,wesad
1,0.82363176,1.0,wesad_s16,wesad,wesad
1,0.80300194,1.0,wesad_s16,wesad,wesad
1,0.81957394,1.0,wesad_s16,wesad,wesad
1,0.86208016,1.0,wesad_s16,wesad,wesad
1,0.8652402,1.0,wesad_s16,wesad,wesad
1,0.8494819,1.0,wesad_s16,wesad,wesad
1,0.83336383,1.0,wesad_s16,wesad,wesad
1,0.81209415,1.0,wesad_s16,wesad,wesad
1,0.82354486,1.0,wesad_s16,wesad,wesad
1,0.82011235,1.0,wesad_s16,wesad,wesad
1,0.81221974,1.0,wesad_s16,wesad,wesad
1,0.8337258,1.0,wesad_s16,wesad,wesad
1,0.861279,1.0,wesad_s16,wesad,wesad
1,0.84599364,1.0,wesad_s16,wesad,wesad
1,0.8203442,1.0,wesad_s16,wesad,wesad
1,0.833241,1.0,wesad_s16,wesad,wesad
0,0.063910015,1.0,wesad_s3,wesad,wesad
0,0.08162898,1.0,wesad_s3,wesad,wesad
0,0.071337186,1.0,wesad_s3,wesad,wesad
0,0.061981983,1.0,wesad_s3,wesad,wesad
0,0.059003115,1.0,wesad_s3,wesad,wesad
0,0.06060012,1.0,wesad_s3,wesad,wesad
0,0.06560589,1.0,wesad_s3,wesad,wesad
0,0.06857315,1.0,wesad_s3,wesad,wesad
0,0.059428647,1.0,wesad_s3,wesad,wesad
0,0.059869714,1.0,wesad_s3,wesad,wesad
0,0.06917983,1.0,wesad_s3,wesad,wesad
0,0.12352937,1.0,wesad_s3,wesad,wesad
0,0.1323836,1.0,wesad_s3,wesad,wesad
0,0.088252716,1.0,wesad_s3,wesad,wesad
0,0.0658104,1.0,wesad_s3,wesad,wesad
0,0.075308934,1.0,wesad_s3,wesad,wesad
0,0.07293518,1.0,wesad_s3,wesad,wesad
0,0.064106874,1.0,wesad_s3,wesad,wesad
0,0.06285723,1.0,wesad_s3,wesad,wesad
0,0.06207827,1.0,wesad_s3,wesad,wesad
0,0.060771734,1.0,wesad_s3,wesad,wesad
0,0.05721804,1.0,wesad_s3,wesad,wesad
0,0.07763021,1.0,wesad_s3,wesad,wesad
0,0.07966332,1.0,wesad_s3,wesad,wesad
0,0.062045276,1.0,wesad_s3,wesad,wesad
0,0.058804184,1.0,wesad_s3,wesad,wesad
0,0.05862806,1.0,wesad_s3,wesad,wesad
0,0.056985248,1.0,wesad_s3,wesad,wesad
0,0.0566757,1.0,wesad_s3,wesad,wesad
0,0.06945975,1.0,wesad_s3,wesad,wesad
0,0.07595669,1.0,wesad_s3,wesad,wesad
0,0.07632392,1.0,wesad_s3,wesad,wesad
0,0.086701855,1.0,wesad_s3,wesad,wesad
0,0.083469994,1.0,wesad_s3,wesad,wesad
0,0.071659714,1.0,wesad_s3,wesad,wesad
0,0.06646349,1.0,wesad_s3,wesad,wesad
0,0.13085116,1.0,wesad_s3,wesad,wesad
0,0.14557505,1.0,wesad_s3,wesad,wesad
0,0.069504485,1.0,wesad_s3,wesad,wesad
0,0.052954506,1.0,wesad_s3,wesad,wesad
0,0.043854088,1.0,wesad_s3,wesad,wesad
0,0.041848958,1.0,wesad_s3,wesad,wesad
0,0.046576846,1.0,wesad_s3,wesad,wesad
0,0.050994884,1.0,wesad_s3,wesad,wesad
0,0.06329452,1.0,wesad_s3,wesad,wesad
0,0.059599087,1.0,wesad_s3,wesad,wesad
0,0.05672293,1.0,wesad_s3,wesad,wesad
0,0.05727291,1.0,wesad_s3,wesad,wesad
0,0.05145997,1.0,wesad_s3,wesad,wesad
0,0.05171925,1.0,wesad_s3,wesad,wesad
0,0.064632826,1.0,wesad_s3,wesad,wesad
0,0.06694424,1.0,wesad_s3,wesad,wesad
0,0.061282072,1.0,wesad_s3,wesad,wesad
0,0.05741189,1.0,wesad_s3,wesad,wesad
0,0.052334223,1.0,wesad_s3,wesad,wesad
0,0.051012494,1.0,wesad_s3,wesad,wesad
0,0.052007303,1.0,wesad_s3,wesad,wesad
0,0.056221776,1.0,wesad_s3,wesad,wesad
0,0.07187149,1.0,wesad_s3,wesad,wesad
0,0.06988289,1.0,wesad_s3,wesad,wesad
0,0.0595787,1.0,wesad_s3,wesad,wesad
0,0.05693891,1.0,wesad_s3,wesad,wesad
0,0.05599444,1.0,wesad_s3,wesad,wesad
0,0.053993925,1.0,wesad_s3,wesad,wesad
0,0.051587768,1.0,wesad_s3,wesad,wesad
0,0.054763537,1.0,wesad_s3,wesad,wesad
0,0.057897873,1.0,wesad_s3,wesad,wesad
0,0.06004775,1.0,wesad_s3,wesad,wesad
0,0.05984645,1.0,wesad_s3,wesad,wesad
0,0.058876324,1.0,wesad_s3,wesad,wesad
0,0.05908068,1.0,wesad_s3,wesad,wesad
0,0.05621895,1.0,wesad_s3,wesad,wesad
0,0.059044562,1.0,wesad_s3,wesad,wesad
0,0.06444834,1.0,wesad_s3,wesad,wesad
0,0.058263764,1.0,wesad_s3,wesad,wesad
0,0.056290906,1.0,wesad_s3,wesad,wesad
0,0.058120187,1.0,wesad_s3,wesad,wesad
0,0.054126054,1.0,wesad_s3,wesad,wesad
0,0.057795923,1.0,wesad_s3,wesad,wesad
0,0.06435065,1.0,wesad_s3,wesad,wesad
0,0.059199873,1.0,wesad_s3,wesad,wesad
0,0.058890197,1.0,wesad_s3,wesad,wesad
0,0.08081111,1.0,wesad_s3,wesad,wesad
0,0.10721462,1.0,wesad_s3,wesad,wesad
0,0.10709289,1.0,wesad_s3,wesad,wesad
0,0.24212241,1.0,wesad_s3,wesad,wesad
0,0.2127234,1.0,wesad_s3,wesad,wesad
0,0.14507298,1.0,wesad_s3,wesad,wesad
0,0.11669617,1.0,wesad_s3,wesad,wesad
0,0.101997346,1.0,wesad_s3,wesad,wesad
0,0.09197217,1.0,wesad_s3,wesad,wesad
0,0.085013285,1.0,wesad_s3,wesad,wesad
0,0.06684624,1.0,wesad_s3,wesad,wesad
0,0.05801454,1.0,wesad_s3,wesad,wesad
0,0.085225396,1.0,wesad_s3,wesad,wesad
0,0.07348649,1.0,wesad_s3,wesad,wesad
0,0.06899623,1.0,wesad_s3,wesad,wesad
0,0.07244531,1.0,wesad_s3,wesad,wesad
0,0.06832841,1.0,wesad_s3,wesad,wesad
0,0.07049571,1.0,wesad_s3,wesad,wesad
0,0.07005065,1.0,wesad_s3,wesad,wesad
0,0.057887286,1.0,wesad_s3,wesad,wesad
0,0.062794454,1.0,wesad_s3,wesad,wesad
0,0.060441706,1.0,wesad_s3,wesad,wesad
0,0.056638468,1.0,wesad_s3,wesad,wesad
0,0.08359931,1.0,wesad_s3,wesad,wesad
0,0.10359099,1.0,wesad_s3,wesad,wesad
0,0.09197223,1.0,wesad_s3,wesad,wesad
0,0.07740334,1.0,wesad_s3,wesad,wesad
0,0.056937043,1.0,wesad_s3,wesad,wesad
0,0.04726263,1.0,wesad_s3,wesad,wesad
0,0.04384283,1.0,wesad_s3,wesad,wesad
0,0.041577153,1.0,wesad_s3,wesad,wesad
0,0.05096302,1.0,wesad_s3,wesad,wesad
0,0.06022475,1.0,wesad_s3,wesad,wesad
0,0.079009935,1.0,wesad_s3,wesad,wesad
0,0.069631144,1.0,wesad_s3,wesad,wesad
0,0.04815998,1.0,wesad_s3,wesad,wesad
0,0.051700518,1.0,wesad_s3,wesad,wesad
0,0.048715383,1.0,wesad_s3,wesad,wesad
0,0.046239648,1.0,wesad_s3,wesad,wesad
0,0.049065005,1.0,wesad_s3,wesad,wesad
0,0.051700454,1.0,wesad_s3,wesad,wesad
0,0.08181304,1.0,wesad_s3,wesad,wesad
0,0.0916445,1.0,wesad_s3,wesad,wesad
0,0.061164748,1.0,wesad_s3,wesad,wesad
0,0.080138184,1.0,wesad_s3,wesad,wesad
0,0.09526109,1.0,wesad_s3,wesad,wesad
0,0.068852894,1.0,wesad_s3,wesad,wesad
0,0.06667199,1.0,wesad_s3,wesad,wesad
0,0.056527168,1.0,wesad_s3,wesad,wesad
0,0.049508,1.0,wesad_s3,wesad,wesad
0,0.04935956,1.0,wesad_s3,wesad,wesad
0,0.048004106,1.0,wesad_s3,wesad,wesad
0,0.056583527,1.0,wesad_s3,wesad,wesad
0,0.062052704,1.0,wesad_s3,wesad,wesad
0,0.053138133,1.0,wesad_s3,wesad,wesad
0,0.055500913,1.0,wesad_s3,wesad,wesad
0,0.05393744,1.0,wesad_s3,wesad,wesad
0,0.053487156,1.0,wesad_s3,wesad,wesad
0,0.07291504,1.0,wesad_s3,wesad,wesad
0,0.07045765,1.0,wesad_s3,wesad,wesad
0,0.055183124,1.0,wesad_s3,wesad,wesad
0,0.0692458,1.0,wesad_s3,wesad,wesad
0,0.09800482,1.0,wesad_s3,wesad,wesad
0,0.11795367,1.0,wesad_s3,wesad,wesad
0,0.10373107,1.0,wesad_s3,wesad,wesad
0,0.076873824,1.0,wesad_s3,wesad,wesad
0,0.048676398,1.0,wesad_s3,wesad,wesad
0,0.044785216,1.0,wesad_s3,wesad,wesad
0,0.04382083,1.0,wesad_s3,wesad,wesad
0,0.045712385,1.0,wesad_s3,wesad,wesad
0,0.050746124,1.0,wesad_s3,wesad,wesad
0,0.05407018,1.0,wesad_s3,wesad,wesad
0,0.050860908,1.0,wesad_s3,wesad,wesad
0,0.05397191,1.0,wesad_s3,wesad,wesad
0,0.059757333,1.0,wesad_s3,wesad,wesad
0,0.057124633,1.0,wesad_s3,wesad,wesad
0,0.05403081,1.0,wesad_s3,wesad,wesad
0,0.06004126,1.0,wesad_s3,wesad,wesad
0,0.07151413,1.0,wesad_s3,wesad,wesad
0,0.064792156,1.0,wesad_s3,wesad,wesad
0,0.058116633,1.0,wesad_s3,wesad,wesad
0,0.06314563,1.0,wesad_s3,wesad,wesad
0,0.0638138,1.0,wesad_s3,wesad,wesad
0,0.06142627,1.0,wesad_s3,wesad,wesad
0,0.056230627,1.0,wesad_s3,wesad,wesad
0,0.08104115,1.0,wesad_s3,wesad,wesad
0,0.091993265,1.0,wesad_s3,wesad,wesad
0,0.063171655,1.0,wesad_s3,wesad,wesad
0,0.055235527,1.0,wesad_s3,wesad,wesad
0,0.05424727,1.0,wesad_s3,wesad,wesad
0,0.051670182,1.0,wesad_s3,wesad,wesad
0,0.051609185,1.0,wesad_s3,wesad,wesad
0,0.047157865,1.0,wesad_s3,wesad,wesad
0,0.050620705,1.0,wesad_s3,wesad,wesad
0,0.056534197,1.0,wesad_s3,wesad,wesad
0,0.051431302,1.0,wesad_s3,wesad,wesad
0,0.049429018,1.0,wesad_s3,wesad,wesad
0,0.047526296,1.0,wesad_s3,wesad,wesad
0,0.049392562,1.0,wesad_s3,wesad,wesad
0,0.04982783,1.0,wesad_s3,wesad,wesad
0,0.052306704,1.0,wesad_s3,wesad,wesad
0,0.061008256,1.0,wesad_s3,wesad,wesad
0,0.1124155,1.0,wesad_s3,wesad,wesad
0,0.14129464,1.0,wesad_s3,wesad,wesad
0,0.0925456,1.0,wesad_s3,wesad,wesad
0,0.061225917,1.0,wesad_s3,wesad,wesad
0,0.05255408,1.0,wesad_s3,wesad,wesad
0,0.054579414,1.0,wesad_s3,wesad,wesad
0,0.05806302,1.0,wesad_s3,wesad,wesad
0,0.0512539,1.0,wesad_s3,wesad,wesad
0,0.047919452,1.0,wesad_s3,wesad,wesad
0,0.05243814,1.0,wesad_s3,wesad,wesad
0,0.05250535,1.0,wesad_s3,wesad,wesad
0,0.052944414,1.0,wesad_s3,wesad,wesad
0,0.052619785,1.0,wesad_s3,wesad,wesad
0,0.054240607,1.0,wesad_s3,wesad,wesad
0,0.4101608,1.0,wesad_s3,wesad,wesad
0,0.36934972,1.0,wesad_s3,wesad,wesad
0,0.21399158,1.0,wesad_s3,wesad,wesad
0,0.19051154,1.0,wesad_s3,wesad,wesad
0,0.13480408,1.0,wesad_s3,wesad,wesad
0,0.106590085,1.0,wesad_s3,wesad,wesad
0,0.08190013,1.0,wesad_s3,wesad,wesad
0,0.061849065,1.0,wesad_s3,wesad,wesad
0,0.053568494,1.0,wesad_s3,wesad,wesad
0,0.059113353,1.0,wesad_s3,wesad,wesad
0,0.068061285,1.0,wesad_s3,wesad,wesad
0,0.06984913,1.0,wesad_s3,wesad,wesad
0,0.073539555,1.0,wesad_s3,wesad,wesad
0,0.07295908,1.0,wesad_s3,wesad,wesad
0,0.091797955,1.0,wesad_s3,wesad,wesad
0,0.119003184,1.0,wesad_s3,wesad,wesad
0,0.10204417,1.0,wesad_s3,wesad,wesad
0,0.07144251,1.0,wesad_s3,wesad,wesad
0,0.07620064,1.0,wesad_s3,wesad,wesad
0,0.079935476,1.0,wesad_s3,wesad,wesad
0,0.07430625,1.0,wesad_s3,wesad,wesad
0,0.07969327,1.0,wesad_s3,wesad,wesad
0,0.104072705,1.0,wesad_s3,wesad,wesad
0,0.119039334,1.0,wesad_s3,wesad,wesad
0,0.12994552,1.0,wesad_s3,wesad,wesad
0,0.101673216,1.0,wesad_s3,wesad,wesad
0,0.08081488,1.0,wesad_s3,wesad,wesad
0,0.070785165,1.0,wesad_s3,wesad,wesad
0,0.062477257,1.0,wesad_s3,wesad,wesad
0,0.05512505,1.0,wesad_s3,wesad,wesad
1,0.9352824,1.0,wesad_s3,wesad,wesad
1,0.9375314,1.0,wesad_s3,wesad,wesad
1,0.9443838,1.0,wesad_s3,wesad,wesad
1,0.93831116,1.0,wesad_s3,wesad,wesad
1,0.9330913,1.0,wesad_s3,wesad,wesad
1,0.92856276,1.0,wesad_s3,wesad,wesad
1,0.9159002,1.0,wesad_s3,wesad,wesad
1,0.9014919,1.0,wesad_s3,wesad,wesad
1,0.87881404,1.0,wesad_s3,wesad,wesad
1,0.8690108,1.0,wesad_s3,wesad,wesad
1,0.8765512,1.0,wesad_s3,wesad,wesad
1,0.8499546,1.0,wesad_s3,wesad,wesad
1,0.7710973,1.0,wesad_s3,wesad,wesad
1,0.8005701,1.0,wesad_s3,wesad,wesad
1,0.8836576,1.0,wesad_s3,wesad,wesad
1,0.8784041,1.0,wesad_s3,wesad,wesad
1,0.87098587,1.0,wesad_s3,wesad,wesad
1,0.85344535,1.0,wesad_s3,wesad,wesad
1,0.84431875,1.0,wesad_s3,wesad,wesad
1,0.8658733,1.0,wesad_s3,wesad,wesad
1,0.84098464,1.0,wesad_s3,wesad,wesad
1,0.8486166,1.0,wesad_s3,wesad,wesad
1,0.8796183,1.0,wesad_s3,wesad,wesad
1,0.9189266,1.0,wesad_s3,wesad,wesad
1,0.90669274,1.0,wesad_s3,wesad,wesad
1,0.8124625,1.0,wesad_s3,wesad,wesad
1,0.53443605,1.0,wesad_s3,wesad,wesad
1,0.6495748,1.0,wesad_s3,wesad,wesad
1,0.7438408,1.0,wesad_s3,wesad,wesad
1,0.42840692,1.0,wesad_s3,wesad,wesad
1,0.4092637,1.0,wesad_s3,wesad,wesad
1,0.6559387,1.0,wesad_s3,wesad,wesad
1,0.84809124,1.0,wesad_s3,wesad,wesad
1,0.8819962,1.0,wesad_s3,wesad,wesad
1,0.89837474,1.0,wesad_s3,wesad,wesad
1,0.9307768,1.0,wesad_s3,wesad,wesad
1,0.9408746,1.0,wesad_s3,wesad,wesad
1,0.9381923,1.0,wesad_s3,wesad,wesad
1,0.92713827,1.0,wesad_s3,wesad,wesad
1,0.89452153,1.0,wesad_s3,wesad,wesad
1,0.83400804,1.0,wesad_s3,wesad,wesad
1,0.6043073,1.0,wesad_s3,wesad,wesad
1,0.61271477,1.0,wesad_s3,wesad,wesad
1,0.71604574,1.0,wesad_s3,wesad,wesad
1,0.6378273,1.0,wesad_s3,wesad,wesad
1,0.77341884,1.0,wesad_s3,wesad,wesad
1,0.8500302,1.0,wesad_s3,wesad,wesad
1,0.7788336,1.0,wesad_s3,wesad,wesad
1,0.40506545,1.0,wesad_s3,wesad,wesad
1,0.2966174,1.0,wesad_s3,wesad,wesad
1,0.51897347,1.0,wesad_s3,wesad,wesad
1,0.64122206,1.0,wesad_s3,wesad,wesad
1,0.62434596,1.0,wesad_s3,wesad,wesad
1,0.7326029,1.0,wesad_s3,wesad,wesad
1,0.8767795,1.0,wesad_s3,wesad,wesad
1,0.82113105,1.0,wesad_s3,wesad,wesad
1,0.80118614,1.0,wesad_s3,wesad,wesad
1,0.63791806,1.0,wesad_s3,wesad,wesad
1,0.42088425,1.0,wesad_s3,wesad,wesad
1,0.3396325,1.0,wesad_s3,wesad,wesad
1,0.18709823,1.0,wesad_s3,wesad,wesad
1,0.35435504,1.0,wesad_s3,wesad,wesad
1,0.40372452,1.0,wesad_s3,wesad,wesad
1,0.43461964,1.0,wesad_s3,wesad,wesad
1,0.3518484,1.0,wesad_s3,wesad,wesad
1,0.16297404,1.0,wesad_s3,wesad,wesad
1,0.17267461,1.0,wesad_s3,wesad,wesad
1,0.33263022,1.0,wesad_s3,wesad,wesad
1,0.3972341,1.0,wesad_s3,wesad,wesad
1,0.4782826,1.0,wesad_s3,wesad,wesad
1,0.7834357,1.0,wesad_s3,wesad,wesad
1,0.81960225,1.0,wesad_s3,wesad,wesad
1,0.87710935,1.0,wesad_s3,wesad,wesad
1,0.89984983,1.0,wesad_s3,wesad,wesad
1,0.69415987,1.0,wesad_s3,wesad,wesad
1,0.58580124,1.0,wesad_s3,wesad,wesad
1,0.8633155,1.0,wesad_s3,wesad,wesad
1,0.89303756,1.0,wesad_s3,wesad,wesad
1,0.86521554,1.0,wesad_s3,wesad,wesad
1,0.84271497,1.0,wesad_s3,wesad,wesad
1,0.8868536,1.0,wesad_s3,wesad,wesad
1,0.90326077,1.0,wesad_s3,wesad,wesad
1,0.8995034,1.0,wesad_s3,wesad,wesad
1,0.90994775,1.0,wesad_s3,wesad,wesad
1,0.875082,1.0,wesad_s3,wesad,wesad
1,0.84136486,1.0,wesad_s3,wesad,wesad
1,0.8109437,1.0,wesad_s3,wesad,wesad
1,0.7743498,1.0,wesad_s3,wesad,wesad
1,0.8181123,1.0,wesad_s3,wesad,wesad
1,0.84686184,1.0,wesad_s3,wesad,wesad
1,0.8279056,1.0,wesad_s3,wesad,wesad
1,0.780666,1.0,wesad_s3,wesad,wesad
1,0.6149786,1.0,wesad_s3,wesad,wesad
1,0.72197676,1.0,wesad_s3,wesad,wesad
1,0.8463616,1.0,wesad_s3,wesad,wesad
1,0.77838486,1.0,wesad_s3,wesad,wesad
1,0.64335907,1.0,wesad_s3,wesad,wesad
1,0.5603977,1.0,wesad_s3,wesad,wesad
1,0.4207878,1.0,wesad_s3,wesad,wesad
1,0.31013525,1.0,wesad_s3,wesad,wesad
1,0.18927152,1.0,wesad_s3,wesad,wesad
1,0.20698333,1.0,wesad_s3,wesad,wesad
1,0.28175762,1.0,wesad_s3,wesad,wesad
1,0.5023567,1.0,wesad_s3,wesad,wesad
1,0.501207,1.0,wesad_s3,wesad,wesad
1,0.3302609,1.0,wesad_s3,wesad,wesad
1,0.23587511,1.0,wesad_s3,wesad,wesad
1,0.21197242,1.0,wesad_s3,wesad,wesad
1,0.31788892,1.0,wesad_s3,wesad,wesad
1,0.30948246,1.0,wesad_s3,wesad,wesad
1,0.37399086,1.0,wesad_s3,wesad,wesad
1,0.5428816,1.0,wesad_s3,wesad,wesad
1,0.53238225,1.0,wesad_s3,wesad,wesad
1,0.65158284,1.0,wesad_s3,wesad,wesad
1,0.44510293,1.0,wesad_s3,wesad,wesad
1,0.42043474,1.0,wesad_s3,wesad,wesad
1,0.41645014,1.0,wesad_s3,wesad,wesad
1,0.17587043,1.0,wesad_s3,wesad,wesad
1,0.2797113,1.0,wesad_s3,wesad,wesad
1,0.5786382,1.0,wesad_s3,wesad,wesad
1,0.7062842,1.0,wesad_s3,wesad,wesad
1,0.5679137,1.0,wesad_s3,wesad,wesad
1,0.35918608,1.0,wesad_s3,wesad,wesad
1,0.24324837,1.0,wesad_s3,wesad,wesad
1,0.20594397,1.0,wesad_s3,wesad,wesad
1,0.30219722,1.0,wesad_s3,wesad,wesad
1,0.20952326,1.0,wesad_s3,wesad,wesad
1,0.17485847,1.0,wesad_s3,wesad,wesad
0,0.22443084,1.0,wesad_s13,wesad,wesad
0,0.29518318,1.0,wesad_s13,wesad,wesad
0,0.5099283,1.0,wesad_s13,wesad,wesad
0,0.6994381,1.0,wesad_s13,wesad,wesad
0,0.68761486,1.0,wesad_s13,wesad,wesad
0,0.6796705,1.0,wesad_s13,wesad,wesad
0,0.664721,1.0,wesad_s13,wesad,wesad
0,0.5417924,1.0,wesad_s13,wesad,wesad
0,0.49979421,1.0,wesad_s13,wesad,wesad
0,0.52695894,1.0,wesad_s13,wesad,wesad
0,0.5167993,1.0,wesad_s13,wesad,wesad
0,0.45034307,1.0,wesad_s13,wesad,wesad
0,0.33552817,1.0,wesad_s13,wesad,wesad
0,0.3071046,1.0,wesad_s13,wesad,wesad
0,0.39290848,1.0,wesad_s13,wesad,wesad
0,0.38427538,1.0,wesad_s13,wesad,wesad
0,0.5285801,1.0,wesad_s13,wesad,wesad
0,0.6297713,1.0,wesad_s13,wesad,wesad
0,0.49088138,1.0,wesad_s13,wesad,wesad
0,0.65845156,1.0,wesad_s13,wesad,wesad
0,0.771885,1.0,wesad_s13,wesad,wesad
0,0.7474647,1.0,wesad_s13,wesad,wesad
0,0.719017,1.0,wesad_s13,wesad,wesad
0,0.7282006,1.0,wesad_s13,wesad,wesad
0,0.7084497,1.0,wesad_s13,wesad,wesad
0,0.6978259,1.0,wesad_s13,wesad,wesad
0,0.74905026,1.0,wesad_s13,wesad,wesad
0,0.7767658,1.0,wesad_s13,wesad,wesad
0,0.7375599,1.0,wesad_s13,wesad,wesad
0,0.6015259,1.0,wesad_s13,wesad,wesad
0,0.4901217,1.0,wesad_s13,wesad,wesad
0,0.51825017,1.0,wesad_s13,wesad,wesad
0,0.5706424,1.0,wesad_s13,wesad,wesad
0,0.6398011,1.0,wesad_s13,wesad,wesad
0,0.5833626,1.0,wesad_s13,wesad,wesad
0,0.49921757,1.0,wesad_s13,wesad,wesad
0,0.38575736,1.0,wesad_s13,wesad,wesad
0,0.4267546,1.0,wesad_s13,wesad,wesad
0,0.46250394,1.0,wesad_s13,wesad,wesad
0,0.48564872,1.0,wesad_s13,wesad,wesad
0,0.3983771,1.0,wesad_s13,wesad,wesad
0,0.35797924,1.0,wesad_s13,wesad,wesad
0,0.43490344,1.0,wesad_s13,wesad,wesad
0,0.47892687,1.0,wesad_s13,wesad,wesad
0,0.38501924,1.0,wesad_s13,wesad,wesad
0,0.48292375,1.0,wesad_s13,wesad,wesad
0,0.49910706,1.0,wesad_s13,wesad,wesad
0,0.48855123,1.0,wesad_s13,wesad,wesad
0,0.6529435,1.0,wesad_s13,wesad,wesad
0,0.5013372,1.0,wesad_s13,wesad,wesad
0,0.29548517,1.0,wesad_s13,wesad,wesad
0,0.47803563,1.0,wesad_s13,wesad,wesad
0,0.73784405,1.0,wesad_s13,wesad,wesad
0,0.57910466,1.0,wesad_s13,wesad,wesad
0,0.55020165,1.0,wesad_s13,wesad,wesad
0,0.7006829,1.0,wesad_s13,wesad,wesad
0,0.68616587,1.0,wesad_s13,wesad,wesad
0,0.68885905,1.0,wesad_s13,wesad,wesad
0,0.71027327,1.0,wesad_s13,wesad,wesad
0,0.65724915,1.0,wesad_s13,wesad,wesad
0,0.6355533,1.0,wesad_s13,wesad,wesad
0,0.6150043,1.0,wesad_s13,wesad,wesad
0,0.5400156,1.0,wesad_s13,wesad,wesad
0,0.46442896,1.0,wesad_s13,wesad,wesad
0,0.45394,1.0,wesad_s13,wesad,wesad
0,0.58366734,1.0,wesad_s13,wesad,wesad
0,0.49905044,1.0,wesad_s13,wesad,wesad
0,0.3345595,1.0,wesad_s13,wesad,wesad
0,0.51114327,1.0,wesad_s13,wesad,wesad
0,0.65799546,1.0,wesad_s13,wesad,wesad
0,0.72148705,1.0,wesad_s13,wesad,wesad
0,0.67698354,1.0,wesad_s13,wesad,wesad
0,0.7579393,1.0,wesad_s13,wesad,wesad
0,0.6046859,1.0,wesad_s13,wesad,wesad
0,0.2746523,1.0,wesad_s13,wesad,wesad
0,0.22238533,1.0,wesad_s13,wesad,wesad
0,0.31457666,1.0,wesad_s13,wesad,wesad
0,0.32537627,1.0,wesad_s13,wesad,wesad
0,0.36331356,1.0,wesad_s13,wesad,wesad
0,0.34945944,1.0,wesad_s13,wesad,wesad
0,0.2848232,1.0,wesad_s13,wesad,wesad
0,0.58736694,1.0,wesad_s13,wesad,wesad
0,0.20111892,1.0,wesad_s13,wesad,wesad
0,0.14185543,1.0,wesad_s13,wesad,wesad
0,0.16349241,1.0,wesad_s13,wesad,wesad
0,0.21612021,1.0,wesad_s13,wesad,wesad
0,0.357647,1.0,wesad_s13,wesad,wesad
0,0.42215228,1.0,wesad_s13,wesad,wesad
0,0.30943996,1.0,wesad_s13,wesad,wesad
0,0.4591543,1.0,wesad_s13,wesad,wesad
0,0.65407974,1.0,wesad_s13,wesad,wesad
0,0.54203266,1.0,wesad_s13,wesad,wesad
0,0.50600195,1.0,wesad_s13,wesad,wesad
0,0.3169408,1.0,wesad_s13,wesad,wesad
0,0.3113895,1.0,wesad_s13,wesad,wesad
0,0.3049816,1.0,wesad_s13,wesad,wesad
0,0.27862686,1.0,wesad_s13,wesad,wesad
0,0.49377117,1.0,wesad_s13,wesad,wesad
0,0.5360915,1.0,wesad_s13,wesad,wesad
0,0.48593348,1.0,wesad_s13,wesad,wesad
0,0.61055475,1.0,wesad_s13,wesad,wesad
0,0.5239123,1.0,wesad_s13,wesad,wesad
0,0.57879055,1.0,wesad_s13,wesad,wesad
0,0.6967528,1.0,wesad_s13,wesad,wesad
0,0.6956205,1.0,wesad_s13,wesad,wesad
0,0.6056237,1.0,wesad_s13,wesad,wesad
0,0.44947228,1.0,wesad_s13,wesad,wesad
0,0.29524255,1.0,wesad_s13,wesad,wesad
0,0.22750151,1.0,wesad_s13,wesad,wesad
0,0.332695,1.0,wesad_s13,wesad,wesad
0,0.47504956,1.0,wesad_s13,wesad,wesad
0,0.69481206,1.0,wesad_s13,wesad,wesad
0,0.6887133,1.0,wesad_s13,wesad,wesad
0,0.54524,1.0,wesad_s13,wesad,wesad
0,0.7246231,1.0,wesad_s13,wesad,wesad
0,0.6337895,1.0,wesad_s13,wesad,wesad
0,0.4752783,1.0,wesad_s13,wesad,wesad
0,0.42399982,1.0,wesad_s13,wesad,wesad
0,0.5257809,1.0,wesad_s13,wesad,wesad
0,0.42310435,1.0,wesad_s13,wesad,wesad
0,0.4872626,1.0,wesad_s13,wesad,wesad
0,0.7025777,1.0,wesad_s13,wesad,wesad
0,0.72546446,1.0,wesad_s13,wesad,wesad
0,0.62398225,1.0,wesad_s13,wesad,wesad
0,0.56371397,1.0,wesad_s13,wesad,wesad
0,0.68185925,1.0,wesad_s13,wesad,wesad
0,0.42832637,1.0,wesad_s13,wesad,wesad
0,0.27702406,1.0,wesad_s13,wesad,wesad
0,0.32507458,1.0,wesad_s13,wesad,wesad
0,0.44484785,1.0,wesad_s13,wesad,wesad
0,0.51415247,1.0,wesad_s13,wesad,wesad
0,0.34602466,1.0,wesad_s13,wesad,wesad
0,0.5609777,1.0,wesad_s13,wesad,wesad
0,0.6471933,1.0,wesad_s13,wesad,wesad
0,0.66723746,1.0,wesad_s13,wesad,wesad
0,0.75576407,1.0,wesad_s13,wesad,wesad
0,0.6789255,1.0,wesad_s13,wesad,wesad
0,0.7176211,1.0,wesad_s13,wesad,wesad
0,0.60384965,1.0,wesad_s13,wesad,wesad
0,0.36228764,1.0,wesad_s13,wesad,wesad
0,0.34302267,1.0,wesad_s13,wesad,wesad
0,0.5180674,1.0,wesad_s13,wesad,wesad
0,0.48339108,1.0,wesad_s13,wesad,wesad
0,0.4307501,1.0,wesad_s13,wesad,wesad
0,0.27996308,1.0,wesad_s13,wesad,wesad
0,0.17626743,1.0,wesad_s13,wesad,wesad
0,0.18410236,1.0,wesad_s13,wesad,wesad
0,0.6554183,1.0,wesad_s13,wesad,wesad
0,0.22873211,1.0,wesad_s13,wesad,wesad
0,0.25783288,1.0,wesad_s13,wesad,wesad
0,0.23812732,1.0,wesad_s13,wesad,wesad
0,0.22724794,1.0,wesad_s13,wesad,wesad
0,0.19895126,1.0,wesad_s13,wesad,wesad
0,0.19704996,1.0,wesad_s13,wesad,wesad
0,0.22671063,1.0,wesad_s13,wesad,wesad
0,0.37237492,1.0,wesad_s13,wesad,wesad
0,0.3712981,1.0,wesad_s13,wesad,wesad
0,0.46802202,1.0,wesad_s13,wesad,wesad
0,0.641476,1.0,wesad_s13,wesad,wesad
0,0.5656093,1.0,wesad_s13,wesad,wesad
0,0.45531166,1.0,wesad_s13,wesad,wesad
0,0.40861455,1.0,wesad_s13,wesad,wesad
0,0.62683576,1.0,wesad_s13,wesad,wesad
0,0.6579804,1.0,wesad_s13,wesad,wesad
0,0.78351533,1.0,wesad_s13,wesad,wesad
0,0.76040316,1.0,wesad_s13,wesad,wesad
0,0.6043988,1.0,wesad_s13,wesad,wesad
0,0.4204425,1.0,wesad_s13,wesad,wesad
0,0.2576681,1.0,wesad_s13,wesad,wesad
0,0.22935393,1.0,wesad_s13,wesad,wesad
0,0.3548717,1.0,wesad_s13,wesad,wesad
0,0.45945278,1.0,wesad_s13,wesad,wesad
0,0.50268054,1.0,wesad_s13,wesad,wesad
0,0.6613943,1.0,wesad_s13,wesad,wesad
0,0.7233826,1.0,wesad_s13,wesad,wesad
0,0.6407889,1.0,wesad_s13,wesad,wesad
0,0.57040215,1.0,wesad_s13,wesad,wesad
0,0.59543157,1.0,wesad_s13,wesad,wesad
0,0.5697999,1.0,wesad_s13,wesad,wesad
0,0.6805677,1.0,wesad_s13,wesad,wesad
0,0.7085298,1.0,wesad_s13,wesad,wesad
0,0.6970687,1.0,wesad_s13,wesad,wesad
0,0.6720505,1.0,wesad_s13,wesad,wesad
0,0.465087,1.0,wesad_s13,wesad,wesad
0,0.29051778,1.0,wesad_s13,wesad,wesad
0,0.22746864,1.0,wesad_s13,wesad,wesad
0,0.21516883,1.0,wesad_s13,wesad,wesad
0,0.32933024,1.0,wesad_s13,wesad,wesad
0,0.4721014,1.0,wesad_s13,wesad,wesad
0,0.36291143,1.0,wesad_s13,wesad,wesad
0,0.3770286,1.0,wesad_s13,wesad,wesad
0,0.570215,1.0,wesad_s13,wesad,wesad
0,0.69345003,1.0,wesad_s13,wesad,wesad
0,0.6624098,1.0,wesad_s13,wesad,wesad
0,0.4434011,1.0,wesad_s13,wesad,wesad
0,0.27411753,1.0,wesad_s13,wesad,wesad
0,0.2463254,1.0,wesad_s13,wesad,wesad
0,0.24692003,1.0,wesad_s13,wesad,wesad
0,0.29051214,1.0,wesad_s13,wesad,wesad
0,0.38980967,1.0,wesad_s13,wesad,wesad
0,0.47427946,1.0,wesad_s13,wesad,wesad
0,0.49183515,1.0,wesad_s13,wesad,wesad
0,0.4589039,1.0,wesad_s13,wesad,wesad
0,0.43410215,1.0,wesad_s13,wesad,wesad
0,0.31984487,1.0,wesad_s13,wesad,wesad
0,0.46010447,1.0,wesad_s13,wesad,wesad
0,0.61686856,1.0,wesad_s13,wesad,wesad
0,0.6062098,1.0,wesad_s13,wesad,wesad
0,0.4392836,1.0,wesad_s13,wesad,wesad
0,0.49671772,1.0,wesad_s13,wesad,wesad
0,0.60641164,1.0,wesad_s13,wesad,wesad
0,0.48149818,1.0,wesad_s13,wesad,wesad
0,0.36745587,1.0,wesad_s13,wesad,wesad
0,0.39323357,1.0,wesad_s13,wesad,wesad
0,0.56571364,1.0,wesad_s13,wesad,wesad
0,0.7665849,1.0,wesad_s13,wesad,wesad
0,0.7282229,1.0,wesad_s13,wesad,wesad
0,0.754092,1.0,wesad_s13,wesad,wesad
0,0.8067483,1.0,wesad_s13,wesad,wesad
0,0.6848675,1.0,wesad_s13,wesad,wesad
0,0.4183354,1.0,wesad_s13,wesad,wesad
0,0.29048,1.0,wesad_s13,wesad,wesad
0,0.40448323,1.0,wesad_s13,wesad,wesad
0,0.48298222,1.0,wesad_s13,wesad,wesad
0,0.416288,1.0,wesad_s13,wesad,wesad
0,0.35856655,1.0,wesad_s13,wesad,wesad
0,0.38835132,1.0,wesad_s13,wesad,wesad
0,0.43805948,1.0,wesad_s13,wesad,wesad
0,0.3566543,1.0,wesad_s13,wesad,wesad
0,0.31538588,1.0,wesad_s13,wesad,wesad
0,0.3649588,1.0,wesad_s13,wesad,wesad
0,0.42074302,1.0,wesad_s13,wesad,wesad
0,0.4113511,1.0,wesad_s13,wesad,wesad
0,0.3524659,1.0,wesad_s13,wesad,wesad
0,0.32749164,1.0,wesad_s13,wesad,wesad
0,0.26997367,1.0,wesad_s13,wesad,wesad
1,0.8881219,1.0,wesad_s13,wesad,wesad
1,0.8658151,1.0,wesad_s13,wesad,wesad
1,0.8381301,1.0,wesad_s13,wesad,wesad
1,0.8349261,1.0,wesad_s13,wesad,wesad
1,0.80368483,1.0,wesad_s13,wesad,wesad
1,0.81664455,1.0,wesad_s13,wesad,wesad
1,0.8492625,1.0,wesad_s13,wesad,wesad
1,0.8785765,1.0,wesad_s13,wesad,wesad
1,0.88623893,1.0,wesad_s13,wesad,wesad
1,0.862501,1.0,wesad_s13,wesad,wesad
1,0.8676082,1.0,wesad_s13,wesad,wesad
1,0.8780127,1.0,wesad_s13,wesad,wesad
1,0.880383,1.0,wesad_s13,wesad,wesad
1,0.8070648,1.0,wesad_s13,wesad,wesad
1,0.80486953,1.0,wesad_s13,wesad,wesad
1,0.9052697,1.0,wesad_s13,wesad,wesad
1,0.9235388,1.0,wesad_s13,wesad,wesad
1,0.8936759,1.0,wesad_s13,wesad,wesad
1,0.8922691,1.0,wesad_s13,wesad,wesad
1,0.89102155,1.0,wesad_s13,wesad,wesad
1,0.8857031,1.0,wesad_s13,wesad,wesad
1,0.90041137,1.0,wesad_s13,wesad,wesad
1,0.90413314,1.0,wesad_s13,wesad,wesad
1,0.8946947,1.0,wesad_s13,wesad,wesad
1,0.8761991,1.0,wesad_s13,wesad,wesad
1,0.8711866,1.0,wesad_s13,wesad,wesad
1,0.9104649,1.0,wesad_s13,wesad,wesad
1,0.91926587,1.0,wesad_s13,wesad,wesad
1,0.88428104,1.0,wesad_s13,wesad,wesad
1,0.87929076,1.0,wesad_s13,wesad,wesad
1,0.86617893,1.0,wesad_s13,wesad,wesad
1,0.86451983,1.0,wesad_s13,wesad,wesad
1,0.88046044,1.0,wesad_s13,wesad,wesad
1,0.878253,1.0,wesad_s13,wesad,wesad
1,0.89170617,1.0,wesad_s13,wesad,wesad
1,0.9118424,1.0,wesad_s13,wesad,wesad
1,0.89152914,1.0,wesad_s13,wesad,wesad
1,0.8948192,1.0,wesad_s13,wesad,wesad
1,0.9064342,1.0,wesad_s13,wesad,wesad
1,0.8649449,1.0,wesad_s13,wesad,wesad
1,0.86329055,1.0,wesad_s13,wesad,wesad
1,0.90940166,1.0,wesad_s13,wesad,wesad
1,0.9109455,1.0,wesad_s13,wesad,wesad
1,0.89191484,1.0,wesad_s13,wesad,wesad
1,0.8959705,1.0,wesad_s13,wesad,wesad
1,0.8997926,1.0,wesad_s13,wesad,wesad
1,0.9048686,1.0,wesad_s13,wesad,wesad
1,0.894855,1.0,wesad_s13,wesad,wesad
1,0.9070857,1.0,wesad_s13,wesad,wesad
1,0.8766072,1.0,wesad_s13,wesad,wesad
1,0.8418491,1.0,wesad_s13,wesad,wesad
1,0.90356404,1.0,wesad_s13,wesad,wesad
1,0.9138707,1.0,wesad_s13,wesad,wesad
1,0.8806772,1.0,wesad_s13,wesad,wesad
1,0.88545245,1.0,wesad_s13,wesad,wesad
1,0.8724839,1.0,wesad_s13,wesad,wesad
1,0.847775,1.0,wesad_s13,wesad,wesad
1,0.8432522,1.0,wesad_s13,wesad,wesad
1,0.83945805,1.0,wesad_s13,wesad,wesad
1,0.8271792,1.0,wesad_s13,wesad,wesad
1,0.8459966,1.0,wesad_s13,wesad,wesad
1,0.86574745,1.0,wesad_s13,wesad,wesad
1,0.8493668,1.0,wesad_s13,wesad,wesad
1,0.8518479,1.0,wesad_s13,wesad,wesad
1,0.8439601,1.0,wesad_s13,wesad,wesad
1,0.7789622,1.0,wesad_s13,wesad,wesad
1,0.74553335,1.0,wesad_s13,wesad,wesad
1,0.82548755,1.0,wesad_s13,wesad,wesad
1,0.86253494,1.0,wesad_s13,wesad,wesad
1,0.8568433,1.0,wesad_s13,wesad,wesad
1,0.8607479,1.0,wesad_s13,wesad,wesad
1,0.8772403,1.0,wesad_s13,wesad,wesad
1,0.88177466,1.0,wesad_s13,wesad,wesad
1,0.8857059,1.0,wesad_s13,wesad,wesad
1,0.90102404,1.0,wesad_s13,wesad,wesad
1,0.9184519,1.0,wesad_s13,wesad,wesad
1,0.9049509,1.0,wesad_s13,wesad,wesad
1,0.89481634,1.0,wesad_s13,wesad,wesad
1,0.9001278,1.0,wesad_s13,wesad,wesad
1,0.88714004,1.0,wesad_s13,wesad,wesad
1,0.876678,1.0,wesad_s13,wesad,wesad
1,0.87487274,1.0,wesad_s13,wesad,wesad
1,0.8773974,1.0,wesad_s13,wesad,wesad
1,0.89315885,1.0,wesad_s13,wesad,wesad
1,0.8991579,1.0,wesad_s13,wesad,wesad
1,0.8810547,1.0,wesad_s13,wesad,wesad
1,0.8719402,1.0,wesad_s13,wesad,wesad
1,0.8668472,1.0,wesad_s13,wesad,wesad
1,0.80911326,1.0,wesad_s13,wesad,wesad
1,0.8248169,1.0,wesad_s13,wesad,wesad
1,0.8668866,1.0,wesad_s13,wesad,wesad
1,0.8725661,1.0,wesad_s13,wesad,wesad
1,0.84678125,1.0,wesad_s13,wesad,wesad
1,0.8345612,1.0,wesad_s13,wesad,wesad
1,0.87803465,1.0,wesad_s13,wesad,wesad
1,0.8791755,1.0,wesad_s13,wesad,wesad
1,0.83644617,1.0,wesad_s13,wesad,wesad
1,0.83009744,1.0,wesad_s13,wesad,wesad
1,0.848358,1.0,wesad_s13,wesad,wesad
1,0.84053016,1.0,wesad_s13,wesad,wesad
1,0.86432785,1.0,wesad_s13,wesad,wesad
1,0.8611086,1.0,wesad_s13,wesad,wesad
1,0.8161322,1.0,wesad_s13,wesad,wesad
1,0.7760919,1.0,wesad_s13,wesad,wesad
1,0.80916667,1.0,wesad_s13,wesad,wesad
1,0.7118263,1.0,wesad_s13,wesad,wesad
1,0.7399516,1.0,wesad_s13,wesad,wesad
1,0.8274222,1.0,wesad_s13,wesad,wesad
1,0.81215125,1.0,wesad_s13,wesad,wesad
1,0.82523453,1.0,wesad_s13,wesad,wesad
1,0.81773776,1.0,wesad_s13,wesad,wesad
1,0.6810734,1.0,wesad_s13,wesad,wesad
1,0.723924,1.0,wesad_s13,wesad,wesad
1,0.8478153,1.0,wesad_s13,wesad,wesad
1,0.85106826,1.0,wesad_s13,wesad,wesad
1,0.77753633,1.0,wesad_s13,wesad,wesad
1,0.76491606,1.0,wesad_s13,wesad,wesad
1,0.8439223,1.0,wesad_s13,wesad,wesad
1,0.87469935,1.0,wesad_s13,wesad,wesad
1,0.8634482,1.0,wesad_s13,wesad,wesad
1,0.8060565,1.0,wesad_s13,wesad,wesad
1,0.83443385,1.0,wesad_s13,wesad,wesad
1,0.84998214,1.0,wesad_s13,wesad,wesad
1,0.8194823,1.0,wesad_s13,wesad,wesad
1,0.7243557,1.0,wesad_s13,wesad,wesad
1,0.74240094,1.0,wesad_s13,wesad,wesad
1,0.8300869,1.0,wesad_s13,wesad,wesad
1,0.8100017,1.0,wesad_s13,wesad,wesad
1,0.7340187,1.0,wesad_s13,wesad,wesad
1,0.76323646,1.0,wesad_s13,wesad,wesad
1,0.768889,1.0,wesad_s13,wesad,wesad
1,0.7704621,1.0,wesad_s13,wesad,wesad
1,0.8338721,1.0,wesad_s13,wesad,wesad
0,0.53589636,1.0,wesad_s11,wesad,wesad
0,0.51823,1.0,wesad_s11,wesad,wesad
0,0.5024122,1.0,wesad_s11,wesad,wesad
0,0.5193944,1.0,wesad_s11,wesad,wesad
0,0.54050934,1.0,wesad_s11,wesad,wesad
0,0.54579085,1.0,wesad_s11,wesad,wesad
0,0.5477419,1.0,wesad_s11,wesad,wesad
0,0.541747,1.0,wesad_s11,wesad,wesad
0,0.5396125,1.0,wesad_s11,wesad,wesad
0,0.54518896,1.0,wesad_s11,wesad,wesad
0,0.52853346,1.0,wesad_s11,wesad,wesad
0,0.5211871,1.0,wesad_s11,wesad,wesad
0,0.5295702,1.0,wesad_s11,wesad,wesad
0,0.53846484,1.0,wesad_s11,wesad,wesad
0,0.5384581,1.0,wesad_s11,wesad,wesad
0,0.50410086,1.0,wesad_s11,wesad,wesad
0,0.51501656,1.0,wesad_s11,wesad,wesad
0,0.5235782,1.0,wesad_s11,wesad,wesad
0,0.51072353,1.0,wesad_s11,wesad,wesad
0,0.52918285,1.0,wesad_s11,wesad,wesad
0,0.5490057,1.0,wesad_s11,wesad,wesad
0,0.54725206,1.0,wesad_s11,wesad,wesad
0,0.53332865,1.0,wesad_s11,wesad,wesad
0,0.50954473,1.0,wesad_s11,wesad,wesad
0,0.4960405,1.0,wesad_s11,wesad,wesad
0,0.51229995,1.0,wesad_s11,wesad,wesad
0,0.5070933,1.0,wesad_s11,wesad,wesad
0,0.5084287,1.0,wesad_s11,wesad,wesad
0,0.53445125,1.0,wesad_s11,wesad,wesad
0,0.5403849,1.0,wesad_s11,wesad,wesad
0,0.56623983,1.0,wesad_s11,wesad,wesad
0,0.5808511,1.0,wesad_s11,wesad,wesad
0,0.54049957,1.0,wesad_s11,wesad,wesad
0,0.5137165,1.0,wesad_s11,wesad,wesad
0,0.5043242,1.0,wesad_s11,wesad,wesad
0,0.5006984,1.0,wesad_s11,wesad,wesad
0,0.5203993,1.0,wesad_s11,wesad,wesad
0,0.5380889,1.0,wesad_s11,wesad,wesad
0,0.5476323,1.0,wesad_s11,wesad,wesad
0,0.5481971,1.0,wesad_s11,wesad,wesad
0,0.530253,1.0,wesad_s11,wesad,wesad
0,0.5179211,1.0,wesad_s11,wesad,wesad
0,0.5084333,1.0,wesad_s11,wesad,wesad
0,0.5169689,1.0,wesad_s11,wesad,wesad
0,0.531416,1.0,wesad_s11,wesad,wesad
0,0.53956246,1.0,wesad_s11,wesad,wesad
0,0.54898936,1.0,wesad_s11,wesad,wesad
0,0.53202313,1.0,wesad_s11,wesad,wesad
0,0.52917963,1.0,wesad_s11,wesad,wesad
0,0.5303803,1.0,wesad_s11,wesad,wesad
0,0.5700828,1.0,wesad_s11,wesad,wesad
0,0.6133623,1.0,wesad_s11,wesad,wesad
0,0.60399157,1.0,wesad_s11,wesad,wesad
0,0.5575109,1.0,wesad_s11,wesad,wesad
0,0.5098494,1.0,wesad_s11,wesad,wesad
0,0.50866175,1.0,wesad_s11,wesad,wesad
0,0.52201873,1.0,wesad_s11,wesad,wesad
0,0.54230076,1.0,wesad_s11,wesad,wesad
0,0.5944364,1.0,wesad_s11,wesad,wesad
0,0.57035166,1.0,wesad_s11,wesad,wesad
0,0.5359043,1.0,wesad_s11,wesad,wesad
0,0.5102406,1.0,wesad_s11,wesad,wesad
0,0.50711143,1.0,wesad_s11,wesad,wesad
0,0.5468074,1.0,wesad_s11,wesad,wesad
0,0.5563304,1.0,wesad_s11,wesad,wesad
0,0.5511508,1.0,wesad_s11,wesad,wesad
0,0.5529252,1.0,wesad_s11,wesad,wesad
0,0.55506355,1.0,wesad_s11,wesad,wesad
0,0.54939246,1.0,wesad_s11,wesad,wesad
0,0.5731202,1.0,wesad_s11,wesad,wesad
0,0.5140784,1.0,wesad_s11,wesad,wesad
0,0.5664523,1.0,wesad_s11,wesad,wesad
0,0.5286632,1.0,wesad_s11,wesad,wesad
0,0.51379657,1.0,wesad_s11,wesad,wesad
0,0.5166087,1.0,wesad_s11,wesad,wesad
0,0.5468762,1.0,wesad_s11,wesad,wesad
0,0.54298455,1.0,wesad_s11,wesad,wesad
0,0.5166471,1.0,wesad_s11,wesad,wesad
0,0.5131017,1.0,wesad_s11,wesad,wesad
0,0.5236604,1.0,wesad_s11,wesad,wesad
0,0.5403643,1.0,wesad_s11,wesad,wesad
0,0.51284826,1.0,wesad_s11,wesad,wesad
0,0.5427022,1.0,wesad_s11,wesad,wesad
0,0.5547666,1.0,wesad_s11,wesad,wesad
0,0.5783788,1.0,wesad_s11,wesad,wesad
0,0.58446145,1.0,wesad_s11,wesad,wesad
0,0.54722965,1.0,wesad_s11,wesad,wesad
0,0.50455767,1.0,wesad_s11,wesad,wesad
0,0.51856506,1.0,wesad_s11,wesad,wesad
0,0.51825035,1.0,wesad_s11,wesad,wesad
0,0.5008066,1.0,wesad_s11,wesad,wesad
0,0.5068377,1.0,wesad_s11,wesad,wesad
0,0.50543916,1.0,wesad_s11,wesad,wesad
0,0.52499956,1.0,wesad_s11,wesad,wesad
0,0.548774,1.0,wesad_s11,wesad,wesad
0,0.5707531,1.0,wesad_s11,wesad,wesad
0,0.5469249,1.0,wesad_s11,wesad,wesad
0,0.5018036,1.0,wesad_s11,wesad,wesad
0,0.48854882,1.0,wesad_s11,wesad,wesad
0,0.48686585,1.0,wesad_s11,wesad,wesad
0,0.4869286,1.0,wesad_s11,wesad,wesad
0,0.5027377,1.0,wesad_s11,wesad,wesad
0,0.5116678,1.0,wesad_s11,wesad,wesad
0,0.52068067,1.0,wesad_s11,wesad,wesad
0,0.5579268,1.0,wesad_s11,wesad,wesad
0,0.5632881,1.0,wesad_s11,wesad,wesad
0,0.55991167,1.0,wesad_s11,wesad,wesad
0,0.5489773,1.0,wesad_s11,wesad,wesad
0,0.56014687,1.0,wesad_s11,wesad,wesad
0,0.6004109,1.0,wesad_s11,wesad,wesad
0,0.5754676,1.0,wesad_s11,wesad,wesad
0,0.51544887,1.0,wesad_s11,wesad,wesad
0,0.51467496,1.0,wesad_s11,wesad,wesad
0,0.55747324,1.0,wesad_s11,wesad,wesad
0,0.57623404,1.0,wesad_s11,wesad,wesad
0,0.60165787,1.0,wesad_s11,wesad,wesad
0,0.6233513,1.0,wesad_s11,wesad,wesad
0,0.60591084,1.0,wesad_s11,wesad,wesad
0,0.58754444,1.0,wesad_s11,wesad,wesad
0,0.5484003,1.0,wesad_s11,wesad,wesad
0,0.5068499,1.0,wesad_s11,wesad,wesad
0,0.4989549,1.0,wesad_s11,wesad,wesad
0,0.47421396,1.0,wesad_s11,wesad,wesad
0,0.5058026,1.0,wesad_s11,wesad,wesad
0,0.5569256,1.0,wesad_s11,wesad,wesad
0,0.6258339,1.0,wesad_s11,wesad,wesad
0,0.5705802,1.0,wesad_s11,wesad,wesad
0,0.55689645,1.0,wesad_s11,wesad,wesad
0,0.54504085,1.0,wesad_s11,wesad,wesad
0,0.51477814,1.0,wesad_s11,wesad,wesad
0,0.49192238,1.0,wesad_s11,wesad,wesad
0,0.5387573,1.0,wesad_s11,wesad,wesad
0,0.58479375,1.0,wesad_s11,wesad,wesad
0,0.5378909,1.0,wesad_s11,wesad,wesad
0,0.50689834,1.0,wesad_s11,wesad,wesad
0,0.51947516,1.0,wesad_s11,wesad,wesad
0,0.5918864,1.0,wesad_s11,wesad,wesad
0,0.5143858,1.0,wesad_s11,wesad,wesad
0,0.5504653,1.0,wesad_s11,wesad,wesad
0,0.55169666,1.0,wesad_s11,wesad,wesad
0,0.53165364,1.0,wesad_s11,wesad,wesad
0,0.56802726,1.0,wesad_s11,wesad,wesad
0,0.63009053,1.0,wesad_s11,wesad,wesad
0,0.6369919,1.0,wesad_s11,wesad,wesad
0,0.6230056,1.0,wesad_s11,wesad,wesad
0,0.580081,1.0,wesad_s11,wesad,wesad
0,0.5309272,1.0,wesad_s11,wesad,wesad
0,0.54951024,1.0,wesad_s11,wesad,wesad
0,0.5009951,1.0,wesad_s11,wesad,wesad
0,0.4867738,1.0,wesad_s11,wesad,wesad
0,0.47603002,1.0,wesad_s11,wesad,wesad
0,0.4919219,1.0,wesad_s11,wesad,wesad
0,0.55418044,1.0,wesad_s11,wesad,wesad
0,0.5611699,1.0,wesad_s11,wesad,wesad
0,0.5534782,1.0,wesad_s11,wesad,wesad
0,0.55652297,1.0,wesad_s11,wesad,wesad
0,0.541019,1.0,wesad_s11,wesad,wesad
0,0.58563614,1.0,wesad_s11,wesad,wesad
0,0.5698977,1.0,wesad_s11,wesad,wesad
0,0.5956196,1.0,wesad_s11,wesad,wesad
0,0.55349386,1.0,wesad_s11,wesad,wesad
0,0.53443396,1.0,wesad_s11,wesad,wesad
0,0.55289453,1.0,wesad_s11,wesad,wesad
0,0.49788895,1.0,wesad_s11,wesad,wesad
0,0.4955281,1.0,wesad_s11,wesad,wesad
0,0.5057626,1.0,wesad_s11,wesad,wesad
0,0.5185052,1.0,wesad_s11,wesad,wesad
0,0.5509294,1.0,wesad_s11,wesad,wesad
0,0.5659766,1.0,wesad_s11,wesad,wesad
0,0.5868304,1.0,wesad_s11,wesad,wesad
0,0.58909744,1.0,wesad_s11,wesad,wesad
0,0.5653981,1.0,wesad_s11,wesad,wesad
0,0.5922775,1.0,wesad_s11,wesad,wesad
0,0.61515665,1.0,wesad_s11,wesad,wesad
0,0.59763557,1.0,wesad_s11,wesad,wesad
0,0.5682272,1.0,wesad_s11,wesad,wesad
0,0.5342827,1.0,wesad_s11,wesad,wesad
0,0.52053463,1.0,wesad_s11,wesad,wesad
0,0.5364136,1.0,wesad_s11,wesad,wesad
0,0.54409903,1.0,wesad_s11,wesad,wesad
0,0.55256116,1.0,wesad_s11,wesad,wesad
0,0.56606007,1.0,wesad_s11,wesad,wesad
0,0.5479024,1.0,wesad_s11,wesad,wesad
0,0.52650195,1.0,wesad_s11,wesad,wesad
0,0.52482307,1.0,wesad_s11,wesad,wesad
0,0.5688559,1.0,wesad_s11,wesad,wesad
0,0.58636475,1.0,wesad_s11,wesad,wesad
0,0.5688838,1.0,wesad_s11,wesad,wesad
0,0.5198166,1.0,wesad_s11,wesad,wesad
0,0.5140424,1.0,wesad_s11,wesad,wesad
0,0.54053485,1.0,wesad_s11,wesad,wesad
0,0.5537709,1.0,wesad_s11,wesad,wesad
0,0.55184984,1.0,wesad_s11,wesad,wesad
0,0.5787358,1.0,wesad_s11,wesad,wesad
0,0.60142714,1.0,wesad_s11,wesad,wesad
0,0.6087465,1.0,wesad_s11,wesad,wesad
0,0.65120506,1.0,wesad_s11,wesad,wesad
0,0.63358766,1.0,wesad_s11,wesad,wesad
0,0.5853676,1.0,wesad_s11,wesad,wesad
0,0.5594196,1.0,wesad_s11,wesad,wesad
0,0.54830235,1.0,wesad_s11,wesad,wesad
0,0.5561679,1.0,wesad_s11,wesad,wesad
0,0.5564185,1.0,wesad_s11,wesad,wesad
0,0.53801256,1.0,wesad_s11,wesad,wesad
0,0.56516194,1.0,wesad_s11,wesad,wesad
0,0.5839436,1.0,wesad_s11,wesad,wesad
0,0.5686171,1.0,wesad_s11,wesad,wesad
0,0.5734075,1.0,wesad_s11,wesad,wesad
0,0.56517524,1.0,wesad_s11,wesad,wesad
0,0.5628025,1.0,wesad_s11,wesad,wesad
0,0.57417655,1.0,wesad_s11,wesad,wesad
0,0.5838117,1.0,wesad_s11,wesad,wesad
0,0.54064167,1.0,wesad_s11,wesad,wesad
0,0.5297141,1.0,wesad_s11,wesad,wesad
0,0.5395943,1.0,wesad_s11,wesad,wesad
0,0.5376363,1.0,wesad_s11,wesad,wesad
0,0.54309267,1.0,wesad_s11,wesad,wesad
0,0.54780143,1.0,wesad_s11,wesad,wesad
0,0.5666776,1.0,wesad_s11,wesad,wesad
0,0.57717496,1.0,wesad_s11,wesad,wesad
0,0.5576548,1.0,wesad_s11,wesad,wesad
0,0.55942464,1.0,wesad_s11,wesad,wesad
0,0.5746789,1.0,wesad_s11,wesad,wesad
0,0.56978536,1.0,wesad_s11,wesad,wesad
0,0.55588514,1.0,wesad_s11,wesad,wesad
0,0.58424985,1.0,wesad_s11,wesad,wesad
0,0.5838781,1.0,wesad_s11,wesad,wesad
0,0.54117537,1.0,wesad_s11,wesad,wesad
0,0.5749214,1.0,wesad_s11,wesad,wesad
0,0.6229907,1.0,wesad_s11,wesad,wesad
0,0.6332018,1.0,wesad_s11,wesad,wesad
0,0.5765144,1.0,wesad_s11,wesad,wesad
0,0.55340177,1.0,wesad_s11,wesad,wesad
0,0.5880163,1.0,wesad_s11,wesad,wesad
0,0.56621826,1.0,wesad_s11,wesad,wesad
0,0.5503464,1.0,wesad_s11,wesad,wesad
1,0.8925156,1.0,wesad_s11,wesad,wesad
1,0.8894647,1.0,wesad_s11,wesad,wesad
1,0.8795867,1.0,wesad_s11,wesad,wesad
1,0.8862502,1.0,wesad_s11,wesad,wesad
1,0.9044344,1.0,wesad_s11,wesad,wesad
1,0.90048206,1.0,wesad_s11,wesad,wesad
1,0.87631524,1.0,wesad_s11,wesad,wesad
1,0.8631928,1.0,wesad_s11,wesad,wesad
1,0.8443671,1.0,wesad_s11,wesad,wesad
1,0.8496263,1.0,wesad_s11,wesad,wesad
1,0.8642717,1.0,wesad_s11,wesad,wesad
1,0.8634519,1.0,wesad_s11,wesad,wesad
1,0.8612143,1.0,wesad_s11,wesad,wesad
1,0.850831,1.0,wesad_s11,wesad,wesad
1,0.8622653,1.0,wesad_s11,wesad,wesad
1,0.86390316,1.0,wesad_s11,wesad,wesad
1,0.8603369,1.0,wesad_s11,wesad,wesad
1,0.8746688,1.0,wesad_s11,wesad,wesad
1,0.86068785,1.0,wesad_s11,wesad,wesad
1,0.8507119,1.0,wesad_s11,wesad,wesad
1,0.84841335,1.0,wesad_s11,wesad,wesad
1,0.8572316,1.0,wesad_s11,wesad,wesad
1,0.86829615,1.0,wesad_s11,wesad,wesad
1,0.8663611,1.0,wesad_s11,wesad,wesad
1,0.8542466,1.0,wesad_s11,wesad,wesad
1,0.8367628,1.0,wesad_s11,wesad,wesad
1,0.8307655,1.0,wesad_s11,wesad,wesad
1,0.8314804,1.0,wesad_s11,wesad,wesad
1,0.8572422,1.0,wesad_s11,wesad,wesad
1,0.86676687,1.0,wesad_s11,wesad,wesad
1,0.8687641,1.0,wesad_s11,wesad,wesad
1,0.8597522,1.0,wesad_s11,wesad,wesad
1,0.8655736,1.0,wesad_s11,wesad,wesad
1,0.87646675,1.0,wesad_s11,wesad,wesad
1,0.86700547,1.0,wesad_s11,wesad,wesad
1,0.8423081,1.0,wesad_s11,wesad,wesad
1,0.84285384,1.0,wesad_s11,wesad,wesad
1,0.857527,1.0,wesad_s11,wesad,wesad
1,0.8414408,1.0,wesad_s11,wesad,wesad
1,0.81909883,1.0,wesad_s11,wesad,wesad
1,0.847609,1.0,wesad_s11,wesad,wesad
1,0.8593408,1.0,wesad_s11,wesad,wesad
1,0.8628549,1.0,wesad_s11,wesad,wesad
1,0.86886805,1.0,wesad_s11,wesad,wesad
1,0.85843486,1.0,wesad_s11,wesad,wesad
1,0.8527381,1.0,wesad_s11,wesad,wesad
1,0.8467043,1.0,wesad_s11,wesad,wesad
1,0.82752633,1.0,wesad_s11,wesad,wesad
1,0.8284235,1.0,wesad_s11,wesad,wesad
1,0.84598935,1.0,wesad_s11,wesad,wesad
1,0.84713346,1.0,wesad_s11,wesad,wesad
1,0.8359342,1.0,wesad_s11,wesad,wesad
1,0.82512283,1.0,wesad_s11,wesad,wesad
1,0.8214187,1.0,wesad_s11,wesad,wesad
1,0.8160712,1.0,wesad_s11,wesad,wesad
1,0.79392254,1.0,wesad_s11,wesad,wesad
1,0.77426267,1.0,wesad_s11,wesad,wesad
1,0.78109294,1.0,wesad_s11,wesad,wesad
1,0.81562734,1.0,wesad_s11,wesad,wesad
1,0.8478261,1.0,wesad_s11,wesad,wesad
1,0.8458005,1.0,wesad_s11,wesad,wesad
1,0.8541828,1.0,wesad_s11,wesad,wesad
1,0.8431477,1.0,wesad_s11,wesad,wesad
1,0.83613706,1.0,wesad_s11,wesad,wesad
1,0.81447065,1.0,wesad_s11,wesad,wesad
1,0.78274024,1.0,wesad_s11,wesad,wesad
1,0.7903552,1.0,wesad_s11,wesad,wesad
1,0.7622717,1.0,wesad_s11,wesad,wesad
1,0.74340194,1.0,wesad_s11,wesad,wesad
1,0.7595994,1.0,wesad_s11,wesad,wesad
1,0.7839362,1.0,wesad_s11,wesad,wesad
1,0.8088524,1.0,wesad_s11,wesad,wesad
1,0.8097314,1.0,wesad_s11,wesad,wesad
1,0.8096666,1.0,wesad_s11,wesad,wesad
1,0.8031199,1.0,wesad_s11,wesad,wesad
1,0.8331346,1.0,wesad_s11,wesad,wesad
1,0.81560576,1.0,wesad_s11,wesad,wesad
1,0.798693,1.0,wesad_s11,wesad,wesad
1,0.80542797,1.0,wesad_s11,wesad,wesad
1,0.8039271,1.0,wesad_s11,wesad,wesad
1,0.8463225,1.0,wesad_s11,wesad,wesad
1,0.87021524,1.0,wesad_s11,wesad,wesad
1,0.8724207,1.0,wesad_s11,wesad,wesad
1,0.8687791,1.0,wesad_s11,wesad,wesad
1,0.8645086,1.0,wesad_s11,wesad,wesad
1,0.8620293,1.0,wesad_s11,wesad,wesad
1,0.85848993,1.0,wesad_s11,wesad,wesad
1,0.8500755,1.0,wesad_s11,wesad,wesad
1,0.86430186,1.0,wesad_s11,wesad,wesad
1,0.8675172,1.0,wesad_s11,wesad,wesad
1,0.87378055,1.0,wesad_s11,wesad,wesad
1,0.8816347,1.0,wesad_s11,wesad,wesad
1,0.85968107,1.0,wesad_s11,wesad,wesad
1,0.84399956,1.0,wesad_s11,wesad,wesad
1,0.86010355,1.0,wesad_s11,wesad,wesad
1,0.8712844,1.0,wesad_s11,wesad,wesad
1,0.8653571,1.0,wesad_s11,wesad,wesad
1,0.8456599,1.0,wesad_s11,wesad,wesad
1,0.847133,1.0,wesad_s11,wesad,wesad
1,0.84811777,1.0,wesad_s11,wesad,wesad
1,0.8544224,1.0,wesad_s11,wesad,wesad
1,0.85137933,1.0,wesad_s11,wesad,wesad
1,0.84999555,1.0,wesad_s11,wesad,wesad
1,0.850416,1.0,wesad_s11,wesad,wesad
1,0.8580588,1.0,wesad_s11,wesad,wesad
1,0.8581871,1.0,wesad_s11,wesad,wesad
1,0.86057335,1.0,wesad_s11,wesad,wesad
1,0.85270673,1.0,wesad_s11,wesad,wesad
1,0.8405277,1.0,wesad_s11,wesad,wesad
1,0.82953024,1.0,wesad_s11,wesad,wesad
1,0.82450104,1.0,wesad_s11,wesad,wesad
1,0.83919394,1.0,wesad_s11,wesad,wesad
1,0.85696846,1.0,wesad_s11,wesad,wesad
1,0.86103064,1.0,wesad_s11,wesad,wesad
1,0.8480124,1.0,wesad_s11,wesad,wesad
1,0.8318799,1.0,wesad_s11,wesad,wesad
1,0.8319082,1.0,wesad_s11,wesad,wesad
1,0.8103579,1.0,wesad_s11,wesad,wesad
1,0.8259442,1.0,wesad_s11,wesad,wesad
1,0.83513296,1.0,wesad_s11,wesad,wesad
1,0.84236395,1.0,wesad_s11,wesad,wesad
1,0.84641916,1.0,wesad_s11,wesad,wesad
1,0.8393365,1.0,wesad_s11,wesad,wesad
1,0.8160945,1.0,wesad_s11,wesad,wesad
1,0.8297264,1.0,wesad_s11,wesad,wesad
1,0.83380246,1.0,wesad_s11,wesad,wesad
1,0.823828,1.0,wesad_s11,wesad,wesad
1,0.84076077,1.0,wesad_s11,wesad,wesad
1,0.83180046,1.0,wesad_s11,wesad,wesad
1,0.84499836,1.0,wesad_s11,wesad,wesad
1,0.84331036,1.0,wesad_s11,wesad,wesad
1,0.8456496,1.0,wesad_s11,wesad,wesad
1,0.8601293,1.0,wesad_s11,wesad,wesad
1,0.8461062,1.0,wesad_s11,wesad,wesad
1,0.85618824,1.0,wesad_s11,wesad,wesad
1,0.84178543,1.0,wesad_s11,wesad,wesad
0,0.2053505,1.0,wesad_s9,wesad,wesad
0,0.16973604,1.0,wesad_s9,wesad,wesad
0,0.147052,1.0,wesad_s9,wesad,wesad
0,0.23404431,1.0,wesad_s9,wesad,wesad
0,0.21853091,1.0,wesad_s9,wesad,wesad
0,0.17167456,1.0,wesad_s9,wesad,wesad
0,0.14602089,1.0,wesad_s9,wesad,wesad
0,0.12882611,1.0,wesad_s9,wesad,wesad
0,0.119353265,1.0,wesad_s9,wesad,wesad
0,0.11904966,1.0,wesad_s9,wesad,wesad
0,0.118457995,1.0,wesad_s9,wesad,wesad
0,0.11847257,1.0,wesad_s9,wesad,wesad
0,0.11536846,1.0,wesad_s9,wesad,wesad
0,0.11664061,1.0,wesad_s9,wesad,wesad
0,0.11708161,1.0,wesad_s9,wesad,wesad
0,0.114686325,1.0,wesad_s9,wesad,wesad
0,0.13431317,1.0,wesad_s9,wesad,wesad
0,0.16021833,1.0,wesad_s9,wesad,wesad
0,0.1543671,1.0,wesad_s9,wesad,wesad
0,0.17304392,1.0,wesad_s9,wesad,wesad
0,0.15422425,1.0,wesad_s9,wesad,wesad
0,0.1507354,1.0,wesad_s9,wesad,wesad
0,0.15144478,1.0,wesad_s9,wesad,wesad
0,0.14923877,1.0,wesad_s9,wesad,wesad
0,0.16776457,1.0,wesad_s9,wesad,wesad
0,0.14443086,1.0,wesad_s9,wesad,wesad
0,0.1330877,1.0,wesad_s9,wesad,wesad
0,0.119600505,1.0,wesad_s9,wesad,wesad
0,0.12511192,1.0,wesad_s9,wesad,wesad
0,0.13828519,1.0,wesad_s9,wesad,wesad
0,0.13062336,1.0,wesad_s9,wesad,wesad
0,0.13088124,1.0,wesad_s9,wesad,wesad
0,0.1354132,1.0,wesad_s9,wesad,wesad
0,0.15407038,1.0,wesad_s9,wesad,wesad
0,0.15226465,1.0,wesad_s9,wesad,wesad
0,0.12456112,1.0,wesad_s9,wesad,wesad
0,0.16472629,1.0,wesad_s9,wesad,wesad
0,0.18217061,1.0,wesad_s9,wesad,wesad
0,0.20637865,1.0,wesad_s9,wesad,wesad
0,0.21602388,1.0,wesad_s9,wesad,wesad
0,0.1580105,1.0,wesad_s9,wesad,wesad
0,0.23575506,1.0,wesad_s9,wesad,wesad
0,0.28928083,1.0,wesad_s9,wesad,wesad
0,0.37343103,1.0,wesad_s9,wesad,wesad
0,0.40567347,1.0,wesad_s9,wesad,wesad
0,0.26920515,1.0,wesad_s9,wesad,wesad
0,0.24193357,1.0,wesad_s9,wesad,wesad
0,0.19774696,1.0,wesad_s9,wesad,wesad
0,0.1690581,1.0,wesad_s9,wesad,wesad
0,0.20559464,1.0,wesad_s9,wesad,wesad
0,0.1974871,1.0,wesad_s9,wesad,wesad
0,0.24268009,1.0,wesad_s9,wesad,wesad
0,0.1646666,1.0,wesad_s9,wesad,wesad
0,0.123371355,1.0,wesad_s9,wesad,wesad
0,0.13011795,1.0,wesad_s9,wesad,wesad
0,0.12878448,1.0,wesad_s9,wesad,wesad
0,0.12417112,1.0,wesad_s9,wesad,wesad
0,0.13006812,1.0,wesad_s9,wesad,wesad
0,0.1471098,1.0,wesad_s9,wesad,wesad
0,0.22007245,1.0,wesad_s9,wesad,wesad
0,0.29084998,1.0,wesad_s9,wesad,wesad
0,0.24967442,1.0,wesad_s9,wesad,wesad
0,0.32212248,1.0,wesad_s9,wesad,wesad
0,0.2753171,1.0,wesad_s9,wesad,wesad
0,0.33625898,1.0,wesad_s9,wesad,wesad
0,0.32137612,1.0,wesad_s9,wesad,wesad
0,0.23096336,1.0,wesad_s9,wesad,wesad
0,0.15701851,1.0,wesad_s9,wesad,wesad
0,0.12838389,1.0,wesad_s9,wesad,wesad
0,0.12692444,1.0,wesad_s9,wesad,wesad
0,0.13729496,1.0,wesad_s9,wesad,wesad
0,0.12193705,1.0,wesad_s9,wesad,wesad
0,0.29987094,1.0,wesad_s9,wesad,wesad
0,0.12124573,1.0,wesad_s9,wesad,wesad
0,0.12744738,1.0,wesad_s9,wesad,wesad
0,0.13316564,1.0,wesad_s9,wesad,wesad
0,0.1834987,1.0,wesad_s9,wesad,wesad
0,0.19351298,1.0,wesad_s9,wesad,wesad
0,0.20150205,1.0,wesad_s9,wesad,wesad
0,0.21934986,1.0,wesad_s9,wesad,wesad
0,0.19003129,1.0,wesad_s9,wesad,wesad
0,0.18703607,1.0,wesad_s9,wesad,wesad
0,0.1575535,1.0,wesad_s9,wesad,wesad
0,0.27768818,1.0,wesad_s9,wesad,wesad
0,0.14920384,1.0,wesad_s9,wesad,wesad
0,0.1859361,1.0,wesad_s9,wesad,wesad
0,0.21177824,1.0,wesad_s9,wesad,wesad
0,0.16873111,1.0,wesad_s9,wesad,wesad
0,0.13123037,1.0,wesad_s9,wesad,wesad
0,0.1175609,1.0,wesad_s9,wesad,wesad
0,0.1139568,1.0,wesad_s9,wesad,wesad
0,0.10390782,1.0,wesad_s9,wesad,wesad
0,0.10665383,1.0,wesad_s9,wesad,wesad
0,0.12166641,1.0,wesad_s9,wesad,wesad
0,0.24086104,1.0,wesad_s9,wesad,wesad
0,0.15284915,1.0,wesad_s9,wesad,wesad
0,0.1810943,1.0,wesad_s9,wesad,wesad
0,0.16704656,1.0,wesad_s9,wesad,wesad
0,0.13602544,1.0,wesad_s9,wesad,wesad
0,0.12886599,1.0,wesad_s9,wesad,wesad
0,0.12931815,1.0,wesad_s9,wesad,wesad
0,0.1506252,1.0,wesad_s9,wesad,wesad
0,0.16598196,1.0,wesad_s9,wesad,wesad
0,0.17875084,1.0,wesad_s9,wesad,wesad
0,0.1670843,1.0,wesad_s9,wesad,wesad
0,0.24407685,1.0,wesad_s9,wesad,wesad
0,0.14403816,1.0,wesad_s9,wesad,wesad
0,0.14223188,1.0,wesad_s9,wesad,wesad
0,0.15250474,1.0,wesad_s9,wesad,wesad
0,0.17830953,1.0,wesad_s9,wesad,wesad
0,0.17337056,1.0,wesad_s9,wesad,wesad
0,0.12369322,1.0,wesad_s9,wesad,wesad
0,0.13742682,1.0,wesad_s9,wesad,wesad
0,0.23769316,1.0,wesad_s9,wesad,wesad
0,0.23417081,1.0,wesad_s9,wesad,wesad
0,0.31621292,1.0,wesad_s9,wesad,wesad
0,0.21121329,1.0,wesad_s9,wesad,wesad
0,0.2997714,1.0,wesad_s9,wesad,wesad
0,0.24820943,1.0,wesad_s9,wesad,wesad
0,0.43562618,1.0,wesad_s9,wesad,wesad
0,0.5100395,1.0,wesad_s9,wesad,wesad
0,0.42348346,1.0,wesad_s9,wesad,wesad
0,0.3453571,1.0,wesad_s9,wesad,wesad
0,0.2357083,1.0,wesad_s9,wesad,wesad
0,0.1592952,1.0,wesad_s9,wesad,wesad
0,0.18536997,1.0,wesad_s9,wesad,wesad
0,0.1893149,1.0,wesad_s9,wesad,wesad
0,0.17732708,1.0,wesad_s9,wesad,wesad
0,0.18738279,1.0,wesad_s9,wesad,wesad
0,0.18487567,1.0,wesad_s9,wesad,wesad
0,0.17478111,1.0,wesad_s9,wesad,wesad
0,0.19342074,1.0,wesad_s9,wesad,wesad
0,0.2686951,1.0,wesad_s9,wesad,wesad
0,0.19173561,1.0,wesad_s9,wesad,wesad
0,0.16335745,1.0,wesad_s9,wesad,wesad
0,0.18101989,1.0,wesad_s9,wesad,wesad
0,0.12553284,1.0,wesad_s9,wesad,wesad
0,0.18610506,1.0,wesad_s9,wesad,wesad
0,0.14024258,1.0,wesad_s9,wesad,wesad
0,0.17205697,1.0,wesad_s9,wesad,wesad
0,0.13827263,1.0,wesad_s9,wesad,wesad
0,0.14997792,1.0,wesad_s9,wesad,wesad
0,0.21404076,1.0,wesad_s9,wesad,wesad
0,0.2561882,1.0,wesad_s9,wesad,wesad
0,0.33096004,1.0,wesad_s9,wesad,wesad
0,0.5407232,1.0,wesad_s9,wesad,wesad
0,0.48367396,1.0,wesad_s9,wesad,wesad
0,0.5058409,1.0,wesad_s9,wesad,wesad
0,0.5645823,1.0,wesad_s9,wesad,wesad
0,0.119954124,1.0,wesad_s9,wesad,wesad
0,0.50840855,1.0,wesad_s9,wesad,wesad
0,0.31856772,1.0,wesad_s9,wesad,wesad
0,0.2600932,1.0,wesad_s9,wesad,wesad
0,0.26885593,1.0,wesad_s9,wesad,wesad
0,0.23559342,1.0,wesad_s9,wesad,wesad
0,0.26406252,1.0,wesad_s9,wesad,wesad
0,0.24930453,1.0,wesad_s9,wesad,wesad
0,0.17735401,1.0,wesad_s9,wesad,wesad
0,0.1606637,1.0,wesad_s9,wesad,wesad
0,0.16897792,1.0,wesad_s9,wesad,wesad
0,0.11744427,1.0,wesad_s9,wesad,wesad
0,0.17100999,1.0,wesad_s9,wesad,wesad
0,0.13439624,1.0,wesad_s9,wesad,wesad
0,0.2096172,1.0,wesad_s9,wesad,wesad
0,0.3164158,1.0,wesad_s9,wesad,wesad
0,0.32980245,1.0,wesad_s9,wesad,wesad
0,0.24823132,1.0,wesad_s9,wesad,wesad
0,0.22025439,1.0,wesad_s9,wesad,wesad
0,0.24115469,1.0,wesad_s9,wesad,wesad
0,0.22244714,1.0,wesad_s9,wesad,wesad
0,0.20625481,1.0,wesad_s9,wesad,wesad
0,0.16963466,1.0,wesad_s9,wesad,wesad
0,0.15227216,1.0,wesad_s9,wesad,wesad
0,0.1694805,1.0,wesad_s9,wesad,wesad
0,0.16693181,1.0,wesad_s9,wesad,wesad
0,0.19856046,1.0,wesad_s9,wesad,wesad
0,0.27697808,1.0,wesad_s9,wesad,wesad
0,0.20719169,1.0,wesad_s9,wesad,wesad
0,0.24085014,1.0,wesad_s9,wesad,wesad
0,0.26496488,1.0,wesad_s9,wesad,wesad
0,0.35630873,1.0,wesad_s9,wesad,wesad
0,0.4293094,1.0,wesad_s9,wesad,wesad
0,0.46665218,1.0,wesad_s9,wesad,wesad
0,0.44402796,1.0,wesad_s9,wesad,wesad
0,0.23729272,1.0,wesad_s9,wesad,wesad
0,0.13809593,1.0,wesad_s9,wesad,wesad
0,0.16951224,1.0,wesad_s9,wesad,wesad
0,0.17867455,1.0,wesad_s9,wesad,wesad
0,0.18408217,1.0,wesad_s9,wesad,wesad
0,0.18296182,1.0,wesad_s9,wesad,wesad
0,0.15277497,1.0,wesad_s9,wesad,wesad
0,0.15915135,1.0,wesad_s9,wesad,wesad
0,0.14818262,1.0,wesad_s9,wesad,wesad
0,0.1544496,1.0,wesad_s9,wesad,wesad
0,0.14415282,1.0,wesad_s9,wesad,wesad
0,0.13543193,1.0,wesad_s9,wesad,wesad
0,0.13802283,1.0,wesad_s9,wesad,wesad
0,0.13028446,1.0,wesad_s9,wesad,wesad
0,0.13137467,1.0,wesad_s9,wesad,wesad
0,0.14184298,1.0,wesad_s9,wesad,wesad
0,0.1923003,1.0,wesad_s9,wesad,wesad
0,0.22777875,1.0,wesad_s9,wesad,wesad
0,0.2530782,1.0,wesad_s9,wesad,wesad
0,0.22145188,1.0,wesad_s9,wesad,wesad
0,0.2769912,1.0,wesad_s9,wesad,wesad
0,0.2626414,1.0,wesad_s9,wesad,wesad
0,0.17465559,1.0,wesad_s9,wesad,wesad
0,0.16479786,1.0,wesad_s9,wesad,wesad
0,0.15500057,1.0,wesad_s9,wesad,wesad
0,0.13436344,1.0,wesad_s9,wesad,wesad
0,0.13272142,1.0,wesad_s9,wesad,wesad
0,0.13011178,1.0,wesad_s9,wesad,wesad
0,0.1198092,1.0,wesad_s9,wesad,wesad
0,0.1194334,1.0,wesad_s9,wesad,wesad
0,0.118397444,1.0,wesad_s9,wesad,wesad
0,0.11794271,1.0,wesad_s9,wesad,wesad
0,0.11711493,1.0,wesad_s9,wesad,wesad
0,0.116980754,1.0,wesad_s9,wesad,wesad
0,0.13326766,1.0,wesad_s9,wesad,wesad
0,0.14782101,1.0,wesad_s9,wesad,wesad
0,0.16471942,1.0,wesad_s9,wesad,wesad
0,0.22707093,1.0,wesad_s9,wesad,wesad
0,0.19260944,1.0,wesad_s9,wesad,wesad
0,0.16610591,1.0,wesad_s9,wesad,wesad
0,0.14418748,1.0,wesad_s9,wesad,wesad
0,0.12626332,1.0,wesad_s9,wesad,wesad
0,0.14639051,1.0,wesad_s9,wesad,wesad
0,0.15056935,1.0,wesad_s9,wesad,wesad
0,0.12498695,1.0,wesad_s9,wesad,wesad
0,0.11674346,1.0,wesad_s9,wesad,wesad
0,0.11319467,1.0,wesad_s9,wesad,wesad
0,0.11688098,1.0,wesad_s9,wesad,wesad
0,0.11641252,1.0,wesad_s9,wesad,wesad
0,0.12669548,1.0,wesad_s9,wesad,wesad
0,0.17791381,1.0,wesad_s9,wesad,wesad
0,0.1961032,1.0,wesad_s9,wesad,wesad
1,0.74838614,1.0,wesad_s9,wesad,wesad
1,0.44020635,1.0,wesad_s9,wesad,wesad
1,0.3317938,1.0,wesad_s9,wesad,wesad
1,0.28695142,1.0,wesad_s9,wesad,wesad
1,0.35305423,1.0,wesad_s9,wesad,wesad
1,0.39830226,1.0,wesad_s9,wesad,wesad
1,0.28994703,1.0,wesad_s9,wesad,wesad
1,0.28426486,1.0,wesad_s9,wesad,wesad
1,0.35656345,1.0,wesad_s9,wesad,wesad
1,0.40998942,1.0,wesad_s9,wesad,wesad
1,0.33845982,1.0,wesad_s9,wesad,wesad
1,0.37854043,1.0,wesad_s9,wesad,wesad
1,0.47219732,1.0,wesad_s9,wesad,wesad
1,0.44522405,1.0,wesad_s9,wesad,wesad
1,0.40826505,1.0,wesad_s9,wesad,wesad
1,0.38072854,1.0,wesad_s9,wesad,wesad
1,0.51648414,1.0,wesad_s9,wesad,wesad
1,0.5283608,1.0,wesad_s9,wesad,wesad
1,0.5154923,1.0,wesad_s9,wesad,wesad
1,0.4909186,1.0,wesad_s9,wesad,wesad
1,0.27590138,1.0,wesad_s9,wesad,wesad
1,0.34968448,1.0,wesad_s9,wesad,wesad
1,0.3456033,1.0,wesad_s9,wesad,wesad
1,0.24504659,1.0,wesad_s9,wesad,wesad
1,0.27928817,1.0,wesad_s9,wesad,wesad
1,0.25177348,1.0,wesad_s9,wesad,wesad
1,0.22181626,1.0,wesad_s9,wesad,wesad
1,0.1792051,1.0,wesad_s9,wesad,wesad
1,0.24810927,1.0,wesad_s9,wesad,wesad
1,0.43121406,1.0,wesad_s9,wesad,wesad
1,0.41689512,1.0,wesad_s9,wesad,wesad
1,0.44930732,1.0,wesad_s9,wesad,wesad
1,0.5170924,1.0,wesad_s9,wesad,wesad
1,0.37963277,1.0,wesad_s9,wesad,wesad
1,0.34727308,1.0,wesad_s9,wesad,wesad
1,0.382387,1.0,wesad_s9,wesad,wesad
1,0.28675073,1.0,wesad_s9,wesad,wesad
1,0.30171013,1.0,wesad_s9,wesad,wesad
1,0.42261076,1.0,wesad_s9,wesad,wesad
1,0.58791715,1.0,wesad_s9,wesad,wesad
1,0.53300786,1.0,wesad_s9,wesad,wesad
1,0.5126327,1.0,wesad_s9,wesad,wesad
1,0.5343254,1.0,wesad_s9,wesad,wesad
1,0.47184968,1.0,wesad_s9,wesad,wesad
1,0.47704127,1.0,wesad_s9,wesad,wesad
1,0.37007546,1.0,wesad_s9,wesad,wesad
1,0.4893329,1.0,wesad_s9,wesad,wesad
1,0.39553335,1.0,wesad_s9,wesad,wesad
1,0.2489299,1.0,wesad_s9,wesad,wesad
1,0.3726385,1.0,wesad_s9,wesad,wesad
1,0.45913503,1.0,wesad_s9,wesad,wesad
1,0.4879704,1.0,wesad_s9,wesad,wesad
1,0.5745465,1.0,wesad_s9,wesad,wesad
1,0.66995966,1.0,wesad_s9,wesad,wesad
1,0.47674704,1.0,wesad_s9,wesad,wesad
1,0.65252286,1.0,wesad_s9,wesad,wesad
1,0.46886557,1.0,wesad_s9,wesad,wesad
1,0.24393111,1.0,wesad_s9,wesad,wesad
1,0.41327298,1.0,wesad_s9,wesad,wesad
1,0.45420456,1.0,wesad_s9,wesad,wesad
1,0.6150952,1.0,wesad_s9,wesad,wesad
1,0.5940667,1.0,wesad_s9,wesad,wesad
1,0.5882811,1.0,wesad_s9,wesad,wesad
1,0.6377216,1.0,wesad_s9,wesad,wesad
1,0.57375413,1.0,wesad_s9,wesad,wesad
1,0.5085693,1.0,wesad_s9,wesad,wesad
1,0.531296,1.0,wesad_s9,wesad,wesad
1,0.5438121,1.0,wesad_s9,wesad,wesad
1,0.53832114,1.0,wesad_s9,wesad,wesad
1,0.5886527,1.0,wesad_s9,wesad,wesad
1,0.6065423,1.0,wesad_s9,wesad,wesad
1,0.5783829,1.0,wesad_s9,wesad,wesad
1,0.5582627,1.0,wesad_s9,wesad,wesad
1,0.50218934,1.0,wesad_s9,wesad,wesad
1,0.33138356,1.0,wesad_s9,wesad,wesad
1,0.17531347,1.0,wesad_s9,wesad,wesad
1,0.18020162,1.0,wesad_s9,wesad,wesad
1,0.25768724,1.0,wesad_s9,wesad,wesad
1,0.3434163,1.0,wesad_s9,wesad,wesad
1,0.42294037,1.0,wesad_s9,wesad,wesad
1,0.5221357,1.0,wesad_s9,wesad,wesad
1,0.49191207,1.0,wesad_s9,wesad,wesad
1,0.23533951,1.0,wesad_s9,wesad,wesad
1,0.18617666,1.0,wesad_s9,wesad,wesad
1,0.20434129,1.0,wesad_s9,wesad,wesad
1,0.27459028,1.0,wesad_s9,wesad,wesad
1,0.20494246,1.0,wesad_s9,wesad,wesad
1,0.22899273,1.0,wesad_s9,wesad,wesad
1,0.27847636,1.0,wesad_s9,wesad,wesad
1,0.34458762,1.0,wesad_s9,wesad,wesad
1,0.48119625,1.0,wesad_s9,wesad,wesad
1,0.48657522,1.0,wesad_s9,wesad,wesad
1,0.4042647,1.0,wesad_s9,wesad,wesad
1,0.27891546,1.0,wesad_s9,wesad,wesad
1,0.34676653,1.0,wesad_s9,wesad,wesad
1,0.34920266,1.0,wesad_s9,wesad,wesad
1,0.35756618,1.0,wesad_s9,wesad,wesad
1,0.39000845,1.0,wesad_s9,wesad,wesad
1,0.3168554,1.0,wesad_s9,wesad,wesad
1,0.2611885,1.0,wesad_s9,wesad,wesad
1,0.26160315,1.0,wesad_s9,wesad,wesad
1,0.50920504,1.0,wesad_s9,wesad,wesad
1,0.48488808,1.0,wesad_s9,wesad,wesad
1,0.45470196,1.0,wesad_s9,wesad,wesad
1,0.27964535,1.0,wesad_s9,wesad,wesad
1,0.20535652,1.0,wesad_s9,wesad,wesad
1,0.28759903,1.0,wesad_s9,wesad,wesad
1,0.4163243,1.0,wesad_s9,wesad,wesad
1,0.5401245,1.0,wesad_s9,wesad,wesad
1,0.4942973,1.0,wesad_s9,wesad,wesad
1,0.35254917,1.0,wesad_s9,wesad,wesad
1,0.30985495,1.0,wesad_s9,wesad,wesad
1,0.26142114,1.0,wesad_s9,wesad,wesad
1,0.4188821,1.0,wesad_s9,wesad,wesad
1,0.5687218,1.0,wesad_s9,wesad,wesad
1,0.57188636,1.0,wesad_s9,wesad,wesad
1,0.5795029,1.0,wesad_s9,wesad,wesad
1,0.5952744,1.0,wesad_s9,wesad,wesad
1,0.469757,1.0,wesad_s9,wesad,wesad
1,0.5333301,1.0,wesad_s9,wesad,wesad
1,0.71571755,1.0,wesad_s9,wesad,wesad
1,0.764415,1.0,wesad_s9,wesad,wesad
1,0.77371395,1.0,wesad_s9,wesad,wesad
1,0.67593026,1.0,wesad_s9,wesad,wesad
1,0.44459954,1.0,wesad_s9,wesad,wesad
1,0.27029014,1.0,wesad_s9,wesad,wesad
1,0.27459985,1.0,wesad_s9,wesad,wesad
1,0.33821297,1.0,wesad_s9,wesad,wesad
1,0.5132574,1.0,wesad_s9,wesad,wesad
0,0.29670307,1.0,wesad_s15,wesad,wesad
0,0.37862003,1.0,wesad_s15,wesad,wesad
0,0.47565508,1.0,wesad_s15,wesad,wesad
0,0.37273234,1.0,wesad_s15,wesad,wesad
0,0.32942823,1.0,wesad_s15,wesad,wesad
0,0.33405203,1.0,wesad_s15,wesad,wesad
0,0.30064768,1.0,wesad_s15,wesad,wesad
0,0.27500474,1.0,wesad_s15,wesad,wesad
0,0.2770218,1.0,wesad_s15,wesad,wesad
0,0.29752433,1.0,wesad_s15,wesad,wesad
0,0.31721547,1.0,wesad_s15,wesad,wesad
0,0.3133637,1.0,wesad_s15,wesad,wesad
0,0.34471837,1.0,wesad_s15,wesad,wesad
0,0.33573306,1.0,wesad_s15,wesad,wesad
0,0.2661487,1.0,wesad_s15,wesad,wesad
0,0.29484397,1.0,wesad_s15,wesad,wesad
0,0.30337322,1.0,wesad_s15,wesad,wesad
0,0.34200597,1.0,wesad_s15,wesad,wesad
0,0.36745912,1.0,wesad_s15,wesad,wesad
0,0.33299744,1.0,wesad_s15,wesad,wesad
0,0.3158388,1.0,wesad_s15,wesad,wesad
0,0.36039472,1.0,wesad_s15,wesad,wesad
0,0.3408786,1.0,wesad_s15,wesad,wesad
0,0.35142297,1.0,wesad_s15,wesad,wesad
0,0.4094222,1.0,wesad_s15,wesad,wesad
0,0.41268596,1.0,wesad_s15,wesad,wesad
0,0.38244486,1.0,wesad_s15,wesad,wesad
0,0.3493566,1.0,wesad_s15,wesad,wesad
0,0.30643836,1.0,wesad_s15,wesad,wesad
0,0.33117235,1.0,wesad_s15,wesad,wesad
0,0.3421997,1.0,wesad_s15,wesad,wesad
0,0.2902751,1.0,wesad_s15,wesad,wesad
0,0.25382018,1.0,wesad_s15,wesad,wesad
0,0.26692718,1.0,wesad_s15,wesad,wesad
0,0.2507429,1.0,wesad_s15,wesad,wesad
0,0.2471005,1.0,wesad_s15,wesad,wesad
0,0.30113125,1.0,wesad_s15,wesad,wesad
0,0.36428377,1.0,wesad_s15,wesad,wesad
0,0.3535908,1.0,wesad_s15,wesad,wesad
0,0.38635987,1.0,wesad_s15,wesad,wesad
0,0.34843537,1.0,wesad_s15,wesad,wesad
0,0.26223898,1.0,wesad_s15,wesad,wesad
0,0.2853107,1.0,wesad_s15,wesad,wesad
0,0.37042716,1.0,wesad_s15,wesad,wesad
0,0.3228837,1.0,wesad_s15,wesad,wesad
0,0.3072841,1.0,wesad_s15,wesad,wesad
0,0.32098493,1.0,wesad_s15,wesad,wesad
0,0.31096965,1.0,wesad_s15,wesad,wesad
0,0.43569916,1.0,wesad_s15,wesad,wesad
0,0.3391894,1.0,wesad_s15,wesad,wesad
0,0.30466563,1.0,wesad_s15,wesad,wesad
0,0.3722348,1.0,wesad_s15,wesad,wesad
0,0.37045738,1.0,wesad_s15,wesad,wesad
0,0.40507048,1.0,wesad_s15,wesad,wesad
0,0.37920257,1.0,wesad_s15,wesad,wesad
0,0.3786175,1.0,wesad_s15,wesad,wesad
0,0.34607384,1.0,wesad_s15,wesad,wesad
0,0.24521238,1.0,wesad_s15,wesad,wesad
0,0.2592482,1.0,wesad_s15,wesad,wesad
0,0.26941493,1.0,wesad_s15,wesad,wesad
0,0.21412818,1.0,wesad_s15,wesad,wesad
0,0.27797198,1.0,wesad_s15,wesad,wesad
0,0.39833808,1.0,wesad_s15,wesad,wesad
0,0.33723313,1.0,wesad_s15,wesad,wesad
0,0.30698186,1.0,wesad_s15,wesad,wesad
0,0.28307146,1.0,wesad_s15,wesad,wesad
0,0.35535833,1.0,wesad_s15,wesad,wesad
0,0.31600758,1.0,wesad_s15,wesad,wesad
0,0.2806212,1.0,wesad_s15,wesad,wesad
0,0.4055103,1.0,wesad_s15,wesad,wesad
0,0.43868083,1.0,wesad_s15,wesad,wesad
0,0.4289428,1.0,wesad_s15,wesad,wesad
0,0.35726246,1.0,wesad_s15,wesad,wesad
0,0.25961503,1.0,wesad_s15,wesad,wesad
0,0.24694605,1.0,wesad_s15,wesad,wesad
0,0.28204626,1.0,wesad_s15,wesad,wesad
0,0.35571334,1.0,wesad_s15,wesad,wesad
0,0.39432594,1.0,wesad_s15,wesad,wesad
0,0.35719988,1.0,wesad_s15,wesad,wesad
0,0.351762,1.0,wesad_s15,wesad,wesad
0,0.34379897,1.0,wesad_s15,wesad,wesad
0,0.325787,1.0,wesad_s15,wesad,wesad
0,0.37291563,1.0,wesad_s15,wesad,wesad
0,0.3435405,1.0,wesad_s15,wesad,wesad
0,0.30830726,1.0,wesad_s15,wesad,wesad
0,0.3252987,1.0,wesad_s15,wesad,wesad
0,0.2580536,1.0,wesad_s15,wesad,wesad
0,0.23980589,1.0,wesad_s15,wesad,wesad
0,0.24220155,1.0,wesad_s15,wesad,wesad
0,0.2559943,1.0,wesad_s15,wesad,wesad
0,0.30291632,1.0,wesad_s15,wesad,wesad
0,0.3129682,1.0,wesad_s15,wesad,wesad
0,0.33291677,1.0,wesad_s15,wesad,wesad
0,0.315016,1.0,wesad_s15,wesad,wesad
0,0.29344895,1.0,wesad_s15,wesad,wesad
0,0.32625204,1.0,wesad_s15,wesad,wesad
0,0.3396995,1.0,wesad_s15,wesad,wesad
0,0.3283872,1.0,wesad_s15,wesad,wesad
0,0.38857234,1.0,wesad_s15,wesad,wesad
0,0.37161985,1.0,wesad_s15,wesad,wesad
0,0.36371922,1.0,wesad_s15,wesad,wesad
0,0.42218068,1.0,wesad_s15,wesad,wesad
0,0.38016483,1.0,wesad_s15,wesad,wesad
0,0.38648313,1.0,wesad_s15,wesad,wesad
0,0.36460313,1.0,wesad_s15,wesad,wesad
0,0.29286984,1.0,wesad_s15,wesad,wesad
0,0.33398116,1.0,wesad_s15,wesad,wesad
0,0.36109474,1.0,wesad_s15,wesad,wesad
0,0.37569195,1.0,wesad_s15,wesad,wesad
0,0.38883007,1.0,wesad_s15,wesad,wesad
0,0.34835353,1.0,wesad_s15,wesad,wesad
0,0.2930474,1.0,wesad_s15,wesad,wesad
0,0.36972705,1.0,wesad_s15,wesad,wesad
0,0.48199505,1.0,wesad_s15,wesad,wesad
0,0.5282558,1.0,wesad_s15,wesad,wesad
0,0.45897168,1.0,wesad_s15,wesad,wesad
0,0.3653302,1.0,wesad_s15,wesad,wesad
0,0.35990486,1.0,wesad_s15,wesad,wesad
0,0.3806394,1.0,wesad_s15,wesad,wesad
0,0.29339984,1.0,wesad_s15,wesad,wesad
0,0.34564766,1.0,wesad_s15,wesad,wesad
0,0.35792464,1.0,wesad_s15,wesad,wesad
0,0.38082355,1.0,wesad_s15,wesad,wesad
0,0.36216602,1.0,wesad_s15,wesad,wesad
0,0.37162635,1.0,wesad_s15,wesad,wesad
0,0.4098126,1.0,wesad_s15,wesad,wesad
0,0.4198626,1.0,wesad_s15,wesad,wesad
0,0.40479803,1.0,wesad_s15,wesad,wesad
0,0.39497715,1.0,wesad_s15,wesad,wesad
0,0.35677788,1.0,wesad_s15,wesad,wesad
0,0.26640812,1.0,wesad_s15,wesad,wesad
0,0.30365434,1.0,wesad_s15,wesad,wesad
0,0.2694054,1.0,wesad_s15,wesad,wesad
0,0.282484,1.0,wesad_s15,wesad,wesad
0,0.30549607,1.0,wesad_s15,wesad,wesad
0,0.42644244,1.0,wesad_s15,wesad,wesad
0,0.47168827,1.0,wesad_s15,wesad,wesad
0,0.4139978,1.0,wesad_s15,wesad,wesad
0,0.41338533,1.0,wesad_s15,wesad,wesad
0,0.46297294,1.0,wesad_s15,wesad,wesad
0,0.3605201,1.0,wesad_s15,wesad,wesad
0,0.34671575,1.0,wesad_s15,wesad,wesad
0,0.285082,1.0,wesad_s15,wesad,wesad
0,0.46130988,1.0,wesad_s15,wesad,wesad
0,0.45662767,1.0,wesad_s15,wesad,wesad
0,0.52104986,1.0,wesad_s15,wesad,wesad
0,0.6878768,1.0,wesad_s15,wesad,wesad
0,0.5669076,1.0,wesad_s15,wesad,wesad
0,0.44070596,1.0,wesad_s15,wesad,wesad
0,0.432481,1.0,wesad_s15,wesad,wesad
0,0.34860212,1.0,wesad_s15,wesad,wesad
0,0.29371572,1.0,wesad_s15,wesad,wesad
0,0.31430084,1.0,wesad_s15,wesad,wesad
0,0.2798522,1.0,wesad_s15,wesad,wesad
0,0.36640126,1.0,wesad_s15,wesad,wesad
0,0.39685655,1.0,wesad_s15,wesad,wesad
0,0.30201367,1.0,wesad_s15,wesad,wesad
0,0.27517837,1.0,wesad_s15,wesad,wesad
0,0.27946967,1.0,wesad_s15,wesad,wesad
0,0.28960928,1.0,wesad_s15,wesad,wesad
0,0.31057525,1.0,wesad_s15,wesad,wesad
0,0.2548933,1.0,wesad_s15,wesad,wesad
0,0.24513327,1.0,wesad_s15,wesad,wesad
0,0.29170153,1.0,wesad_s15,wesad,wesad
0,0.35748395,1.0,wesad_s15,wesad,wesad
0,0.39208657,1.0,wesad_s15,wesad,wesad
0,0.4053152,1.0,wesad_s15,wesad,wesad
0,0.3534073,1.0,wesad_s15,wesad,wesad
0,0.38657448,1.0,wesad_s15,wesad,wesad
0,0.45736757,1.0,wesad_s15,wesad,wesad
0,0.40841243,1.0,wesad_s15,wesad,wesad
0,0.31067482,1.0,wesad_s15,wesad,wesad
0,0.28286988,1.0,wesad_s15,wesad,wesad
0,0.37118527,1.0,wesad_s15,wesad,wesad
0,0.39831764,1.0,wesad_s15,wesad,wesad
0,0.39565933,1.0,wesad_s15,wesad,wesad
0,0.39949074,1.0,wesad_s15,wesad,wesad
0,0.3142552,1.0,wesad_s15,wesad,wesad
0,0.21951355,1.0,wesad_s15,wesad,wesad
0,0.2971691,1.0,wesad_s15,wesad,wesad
0,0.49033466,1.0,wesad_s15,wesad,wesad
0,0.4571777,1.0,wesad_s15,wesad,wesad
0,0.4594922,1.0,wesad_s15,wesad,wesad
0,0.38838577,1.0,wesad_s15,wesad,wesad
0,0.33229792,1.0,wesad_s15,wesad,wesad
0,0.4336575,1.0,wesad_s15,wesad,wesad
0,0.4433221,1.0,wesad_s15,wesad,wesad
0,0.44680855,1.0,wesad_s15,wesad,wesad
0,0.39641917,1.0,wesad_s15,wesad,wesad
0,0.36760318,1.0,wesad_s15,wesad,wesad
0,0.32744,1.0,wesad_s15,wesad,wesad
0,0.32927412,1.0,wesad_s15,wesad,wesad
0,0.34102067,1.0,wesad_s15,wesad,wesad
0,0.28906283,1.0,wesad_s15,wesad,wesad
0,0.34832564,1.0,wesad_s15,wesad,wesad
0,0.51251256,1.0,wesad_s15,wesad,wesad
0,0.35657468,1.0,wesad_s15,wesad,wesad
0,0.23622945,1.0,wesad_s15,wesad,wesad
0,0.19930927,1.0,wesad_s15,wesad,wesad
0,0.21037753,1.0,wesad_s15,wesad,wesad
0,0.30211198,1.0,wesad_s15,wesad,wesad
0,0.2966256,1.0,wesad_s15,wesad,wesad
0,0.27500418,1.0,wesad_s15,wesad,wesad
0,0.31394815,1.0,wesad_s15,wesad,wesad
0,0.41029394,1.0,wesad_s15,wesad,wesad
0,0.4032648,1.0,wesad_s15,wesad,wesad
0,0.33338886,1.0,wesad_s15,wesad,wesad
0,0.33892465,1.0,wesad_s15,wesad,wesad
0,0.31428137,1.0,wesad_s15,wesad,wesad
0,0.2684803,1.0,wesad_s15,wesad,wesad
0,0.31636682,1.0,wesad_s15,wesad,wesad
0,0.30589232,1.0,wesad_s15,wesad,wesad
0,0.2799102,1.0,wesad_s15,wesad,wesad
0,0.32264295,1.0,wesad_s15,wesad,wesad
0,0.3522457,1.0,wesad_s15,wesad,wesad
0,0.29978487,1.0,wesad_s15,wesad,wesad
0,0.28870693,1.0,wesad_s15,wesad,wesad
0,0.39637047,1.0,wesad_s15,wesad,wesad
0,0.40761605,1.0,wesad_s15,wesad,wesad
0,0.31860048,1.0,wesad_s15,wesad,wesad
0,0.329644,1.0,wesad_s15,wesad,wesad
0,0.41142774,1.0,wesad_s15,wesad,wesad
0,0.4041353,1.0,wesad_s15,wesad,wesad
0,0.32712546,1.0,wesad_s15,wesad,wesad
0,0.332461,1.0,wesad_s15,wesad,wesad
0,0.31561372,1.0,wesad_s15,wesad,wesad
0,0.3868973,1.0,wesad_s15,wesad,wesad
0,0.51768655,1.0,wesad_s15,wesad,wesad
0,0.6389882,1.0,wesad_s15,wesad,wesad
0,0.5807192,1.0,wesad_s15,wesad,wesad
0,0.39849913,1.0,wesad_s15,wesad,wesad
0,0.34983185,1.0,wesad_s15,wesad,wesad
0,0.2626245,1.0,wesad_s15,wesad,wesad
0,0.2678129,1.0,wesad_s15,wesad,wesad
0,0.33042577,1.0,wesad_s15,wesad,wesad
1,0.88852274,1.0,wesad_s15,wesad,wesad
1,0.8515401,1.0,wesad_s15,wesad,wesad
1,0.6991408,1.0,wesad_s15,wesad,wesad
1,0.48557198,1.0,wesad_s15,wesad,wesad
1,0.4616204,1.0,wesad_s15,wesad,wesad
1,0.66802734,1.0,wesad_s15,wesad,wesad
1,0.7390787,1.0,wesad_s15,wesad,wesad
1,0.78097314,1.0,wesad_s15,wesad,wesad
1,0.84486645,1.0,wesad_s15,wesad,wesad
1,0.7914959,1.0,wesad_s15,wesad,wesad
1,0.6585698,1.0,wesad_s15,wesad,wesad
1,0.68847126,1.0,wesad_s15,wesad,wesad
1,0.66617674,1.0,wesad_s15,wesad,wesad
1,0.63562703,1.0,wesad_s15,wesad,wesad
1,0.571575,1.0,wesad_s15,wesad,wesad
1,0.5840576,1.0,wesad_s15,wesad,wesad
1,0.6720154,1.0,wesad_s15,wesad,wesad
1,0.70066345,1.0,wesad_s15,wesad,wesad
1,0.6129997,1.0,wesad_s15,wesad,wesad
1,0.5649445,1.0,wesad_s15,wesad,wesad
1,0.64758074,1.0,wesad_s15,wesad,wesad
1,0.5992181,1.0,wesad_s15,wesad,wesad
1,0.6302571,1.0,wesad_s15,wesad,wesad
1,0.67061704,1.0,wesad_s15,wesad,wesad
1,0.5794558,1.0,wesad_s15,wesad,wesad
1,0.5929364,1.0,wesad_s15,wesad,wesad
1,0.65006804,1.0,wesad_s15,wesad,wesad
1,0.63984054,1.0,wesad_s15,wesad,wesad
1,0.59382516,1.0,wesad_s15,wesad,wesad
1,0.5998337,1.0,wesad_s15,wesad,wesad
1,0.5871329,1.0,wesad_s15,wesad,wesad
1,0.52543503,1.0,wesad_s15,wesad,wesad
1,0.6012674,1.0,wesad_s15,wesad,wesad
1,0.69014126,1.0,wesad_s15,wesad,wesad
1,0.7245794,1.0,wesad_s15,wesad,wesad
1,0.81796795,1.0,wesad_s15,wesad,wesad
1,0.75508755,1.0,wesad_s15,wesad,wesad
1,0.7468598,1.0,wesad_s15,wesad,wesad
1,0.7557074,1.0,wesad_s15,wesad,wesad
1,0.6573273,1.0,wesad_s15,wesad,wesad
1,0.67552876,1.0,wesad_s15,wesad,wesad
1,0.62992597,1.0,wesad_s15,wesad,wesad
1,0.5643278,1.0,wesad_s15,wesad,wesad
1,0.596379,1.0,wesad_s15,wesad,wesad
1,0.6830312,1.0,wesad_s15,wesad,wesad
1,0.7476494,1.0,wesad_s15,wesad,wesad
1,0.6729856,1.0,wesad_s15,wesad,wesad
1,0.6136869,1.0,wesad_s15,wesad,wesad
1,0.63843083,1.0,wesad_s15,wesad,wesad
1,0.6871386,1.0,wesad_s15,wesad,wesad
1,0.65167916,1.0,wesad_s15,wesad,wesad
1,0.7673502,1.0,wesad_s15,wesad,wesad
1,0.8401024,1.0,wesad_s15,wesad,wesad
1,0.6145081,1.0,wesad_s15,wesad,wesad
1,0.49287236,1.0,wesad_s15,wesad,wesad
1,0.51990587,1.0,wesad_s15,wesad,wesad
1,0.48892578,1.0,wesad_s15,wesad,wesad
1,0.6149917,1.0,wesad_s15,wesad,wesad
1,0.73953336,1.0,wesad_s15,wesad,wesad
1,0.62691987,1.0,wesad_s15,wesad,wesad
1,0.641242,1.0,wesad_s15,wesad,wesad
1,0.6517696,1.0,wesad_s15,wesad,wesad
1,0.5711214,1.0,wesad_s15,wesad,wesad
1,0.5706455,1.0,wesad_s15,wesad,wesad
1,0.6052927,1.0,wesad_s15,wesad,wesad
1,0.46774632,1.0,wesad_s15,wesad,wesad
1,0.44943196,1.0,wesad_s15,wesad,wesad
1,0.46740273,1.0,wesad_s15,wesad,wesad
1,0.36608577,1.0,wesad_s15,wesad,wesad
1,0.35256827,1.0,wesad_s15,wesad,wesad
1,0.48188064,1.0,wesad_s15,wesad,wesad
1,0.47214726,1.0,wesad_s15,wesad,wesad
1,0.33090132,1.0,wesad_s15,wesad,wesad
1,0.28625453,1.0,wesad_s15,wesad,wesad
1,0.26993957,1.0,wesad_s15,wesad,wesad
1,0.29532564,1.0,wesad_s15,wesad,wesad
1,0.40720916,1.0,wesad_s15,wesad,wesad
1,0.6005706,1.0,wesad_s15,wesad,wesad
1,0.68278617,1.0,wesad_s15,wesad,wesad
1,0.6817631,1.0,wesad_s15,wesad,wesad
1,0.6550693,1.0,wesad_s15,wesad,wesad
1,0.539018,1.0,wesad_s15,wesad,wesad
1,0.53332156,1.0,wesad_s15,wesad,wesad
1,0.56469846,1.0,wesad_s15,wesad,wesad
1,0.6151098,1.0,wesad_s15,wesad,wesad
1,0.73815113,1.0,wesad_s15,wesad,wesad
1,0.76208717,1.0,wesad_s15,wesad,wesad
1,0.75595194,1.0,wesad_s15,wesad,wesad
1,0.6233068,1.0,wesad_s15,wesad,wesad
1,0.48664382,1.0,wesad_s15,wesad,wesad
1,0.48003796,1.0,wesad_s15,wesad,wesad
1,0.45433334,1.0,wesad_s15,wesad,wesad
1,0.5295614,1.0,wesad_s15,wesad,wesad
1,0.66027904,1.0,wesad_s15,wesad,wesad
1,0.6728074,1.0,wesad_s15,wesad,wesad
1,0.57010126,1.0,wesad_s15,wesad,wesad
1,0.4845276,1.0,wesad_s15,wesad,wesad
1,0.6612418,1.0,wesad_s15,wesad,wesad
1,0.6029184,1.0,wesad_s15,wesad,wesad
1,0.46478546,1.0,wesad_s15,wesad,wesad
1,0.45965368,1.0,wesad_s15,wesad,wesad
1,0.43140906,1.0,wesad_s15,wesad,wesad
1,0.43570104,1.0,wesad_s15,wesad,wesad
1,0.44647455,1.0,wesad_s15,wesad,wesad
1,0.4479053,1.0,wesad_s15,wesad,wesad
1,0.48705837,1.0,wesad_s15,wesad,wesad
1,0.5302276,1.0,wesad_s15,wesad,wesad
1,0.4832666,1.0,wesad_s15,wesad,wesad
1,0.5115576,1.0,wesad_s15,wesad,wesad
1,0.5369175,1.0,wesad_s15,wesad,wesad
1,0.62153566,1.0,wesad_s15,wesad,wesad
1,0.63150907,1.0,wesad_s15,wesad,wesad
1,0.5510016,1.0,wesad_s15,wesad,wesad
1,0.5650821,1.0,wesad_s15,wesad,wesad
1,0.5856562,1.0,wesad_s15,wesad,wesad
1,0.54457927,1.0,wesad_s15,wesad,wesad
1,0.45670655,1.0,wesad_s15,wesad,wesad
1,0.547547,1.0,wesad_s15,wesad,wesad
1,0.6559477,1.0,wesad_s15,wesad,wesad
1,0.5609444,1.0,wesad_s15,wesad,wesad
1,0.48278496,1.0,wesad_s15,wesad,wesad
1,0.4352454,1.0,wesad_s15,wesad,wesad
1,0.4775586,1.0,wesad_s15,wesad,wesad
1,0.6231469,1.0,wesad_s15,wesad,wesad
1,0.6604029,1.0,wesad_s15,wesad,wesad
1,0.72808206,1.0,wesad_s15,wesad,wesad
1,0.5382435,1.0,wesad_s15,wesad,wesad
1,0.49066186,1.0,wesad_s15,wesad,wesad
1,0.5668047,1.0,wesad_s15,wesad,wesad
1,0.5155518,1.0,wesad_s15,wesad,wesad
1,0.4852971,1.0,wesad_s15,wesad,wesad
1,0.5391693,1.0,wesad_s15,wesad,wesad
1,0.64324045,1.0,wesad_s15,wesad,wesad
1,0.72445905,1.0,wesad_s15,wesad,wesad
1,0.6001406,1.0,wesad_s15,wesad,wesad
1,0.51798344,1.0,wesad_s15,wesad,wesad
1,0.64764196,1.0,wesad_s15,wesad,wesad
1,0.6647399,1.0,wesad_s15,wesad,wesad
0,0.39296207,1.0,wesad_s2,wesad,wesad
0,0.39662495,1.0,wesad_s2,wesad,wesad
0,0.38821235,1.0,wesad_s2,wesad,wesad
0,0.36186278,1.0,wesad_s2,wesad,wesad
0,0.33596453,1.0,wesad_s2,wesad,wesad
0,0.38582724,1.0,wesad_s2,wesad,wesad
0,0.42860806,1.0,wesad_s2,wesad,wesad
0,0.40065178,1.0,wesad_s2,wesad,wesad
0,0.38140184,1.0,wesad_s2,wesad,wesad
0,0.3674478,1.0,wesad_s2,wesad,wesad
0,0.3875345,1.0,wesad_s2,wesad,wesad
0,0.3889392,1.0,wesad_s2,wesad,wesad
0,0.40175587,1.0,wesad_s2,wesad,wesad
0,0.4036522,1.0,wesad_s2,wesad,wesad
0,0.38893053,1.0,wesad_s2,wesad,wesad
0,0.35185832,1.0,wesad_s2,wesad,wesad
0,0.33127847,1.0,wesad_s2,wesad,wesad
0,0.4402794,1.0,wesad_s2,wesad,wesad
0,0.48106676,1.0,wesad_s2,wesad,wesad
0,0.41546622,1.0,wesad_s2,wesad,wesad
0,0.3849272,1.0,wesad_s2,wesad,wesad
0,0.3721012,1.0,wesad_s2,wesad,wesad
0,0.35609913,1.0,wesad_s2,wesad,wesad
0,0.38577157,1.0,wesad_s2,wesad,wesad
0,0.36775434,1.0,wesad_s2,wesad,wesad
0,0.3500156,1.0,wesad_s2,wesad,wesad
0,0.35929605,1.0,wesad_s2,wesad,wesad
0,0.27757287,1.0,wesad_s2,wesad,wesad
0,0.34137887,1.0,wesad_s2,wesad,wesad
0,0.3585392,1.0,wesad_s2,wesad,wesad
0,0.35722616,1.0,wesad_s2,wesad,wesad
0,0.37800714,1.0,wesad_s2,wesad,wesad
0,0.34194624,1.0,wesad_s2,wesad,wesad
0,0.40180066,1.0,wesad_s2,wesad,wesad
0,0.42647874,1.0,wesad_s2,wesad,wesad
0,0.43211782,1.0,wesad_s2,wesad,wesad
0,0.43212456,1.0,wesad_s2,wesad,wesad
0,0.38324705,1.0,wesad_s2,wesad,wesad
0,0.37623015,1.0,wesad_s2,wesad,wesad
0,0.36234018,1.0,wesad_s2,wesad,wesad
0,0.40057793,1.0,wesad_s2,wesad,wesad
0,0.3811426,1.0,wesad_s2,wesad,wesad
0,0.30910712,1.0,wesad_s2,wesad,wesad
0,0.32656443,1.0,wesad_s2,wesad,wesad
0,0.33265102,1.0,wesad_s2,wesad,wesad
0,0.32000732,1.0,wesad_s2,wesad,wesad
0,0.33292186,1.0,wesad_s2,wesad,wesad
0,0.3732997,1.0,wesad_s2,wesad,wesad
0,0.35519466,1.0,wesad_s2,wesad,wesad
0,0.3501107,1.0,wesad_s2,wesad,wesad
0,0.37493992,1.0,wesad_s2,wesad,wesad
0,0.38072804,1.0,wesad_s2,wesad,wesad
0,0.36897343,1.0,wesad_s2,wesad,wesad
0,0.3690811,1.0,wesad_s2,wesad,wesad
0,0.34650427,1.0,wesad_s2,wesad,wesad
0,0.34692115,1.0,wesad_s2,wesad,wesad
0,0.41663283,1.0,wesad_s2,wesad,wesad
0,0.42298776,1.0,wesad_s2,wesad,wesad
0,0.38330296,1.0,wesad_s2,wesad,wesad
0,0.40774584,1.0,wesad_s2,wesad,wesad
0,0.4192966,1.0,wesad_s2,wesad,wesad
0,0.44759554,1.0,wesad_s2,wesad,wesad
0,0.42385516,1.0,wesad_s2,wesad,wesad
0,0.34422836,1.0,wesad_s2,wesad,wesad
0,0.3448146,1.0,wesad_s2,wesad,wesad
0,0.32885918,1.0,wesad_s2,wesad,wesad
0,0.34799796,1.0,wesad_s2,wesad,wesad
0,0.34564048,1.0,wesad_s2,wesad,wesad
0,0.30982587,1.0,wesad_s2,wesad,wesad
0,0.31677523,1.0,wesad_s2,wesad,wesad
0,0.35491294,1.0,wesad_s2,wesad,wesad
0,0.3793034,1.0,wesad_s2,wesad,wesad
0,0.3410645,1.0,wesad_s2,wesad,wesad
0,0.3209958,1.0,wesad_s2,wesad,wesad
0,0.33582437,1.0,wesad_s2,wesad,wesad
0,0.357595,1.0,wesad_s2,wesad,wesad
0,0.36018115,1.0,wesad_s2,wesad,wesad
0,0.34963188,1.0,wesad_s2,wesad,wesad
0,0.4066376,1.0,wesad_s2,wesad,wesad
0,0.4490867,1.0,wesad_s2,wesad,wesad
0,0.45417497,1.0,wesad_s2,wesad,wesad
0,0.38041195,1.0,wesad_s2,wesad,wesad
0,0.3833655,1.0,wesad_s2,wesad,wesad
0,0.399777,1.0,wesad_s2,wesad,wesad
0,0.36356628,1.0,wesad_s2,wesad,wesad
0,0.34871858,1.0,wesad_s2,wesad,wesad
0,0.38875332,1.0,wesad_s2,wesad,wesad
0,0.41286245,1.0,wesad_s2,wesad,wesad
0,0.35782436,1.0,wesad_s2,wesad,wesad
0,0.3132176,1.0,wesad_s2,wesad,wesad
0,0.34270287,1.0,wesad_s2,wesad,wesad
0,0.36913383,1.0,wesad_s2,wesad,wesad
0,0.3360894,1.0,wesad_s2,wesad,wesad
0,0.3486188,1.0,wesad_s2,wesad,wesad
0,0.37859598,1.0,wesad_s2,wesad,wesad
0,0.36168662,1.0,wesad_s2,wesad,wesad
0,0.3371038,1.0,wesad_s2,wesad,wesad
0,0.30649406,1.0,wesad_s2,wesad,wesad
0,0.30760494,1.0,wesad_s2,wesad,wesad
0,0.3033866,1.0,wesad_s2,wesad,wesad
0,0.30901074,1.0,wesad_s2,wesad,wesad
0,0.31146652,1.0,wesad_s2,wesad,wesad
0,0.32000977,1.0,wesad_s2,wesad,wesad
0,0.40694132,1.0,wesad_s2,wesad,wesad
0,0.40067154,1.0,wesad_s2,wesad,wesad
0,0.33974788,1.0,wesad_s2,wesad,wesad
0,0.32659185,1.0,wesad_s2,wesad,wesad
0,0.34912285,1.0,wesad_s2,wesad,wesad
0,0.40740836,1.0,wesad_s2,wesad,wesad
0,0.3534319,1.0,wesad_s2,wesad,wesad
0,0.29683885,1.0,wesad_s2,wesad,wesad
0,0.30424505,1.0,wesad_s2,wesad,wesad
0,0.29426908,1.0,wesad_s2,wesad,wesad
0,0.31042916,1.0,wesad_s2,wesad,wesad
0,0.35632607,1.0,wesad_s2,wesad,wesad
0,0.38737428,1.0,wesad_s2,wesad,wesad
0,0.3690204,1.0,wesad_s2,wesad,wesad
0,0.3138862,1.0,wesad_s2,wesad,wesad
0,0.26096553,1.0,wesad_s2,wesad,wesad
0,0.29591376,1.0,wesad_s2,wesad,wesad
0,0.3397469,1.0,wesad_s2,wesad,wesad
0,0.31293166,1.0,wesad_s2,wesad,wesad
0,0.33599755,1.0,wesad_s2,wesad,wesad
0,0.3410646,1.0,wesad_s2,wesad,wesad
0,0.3392427,1.0,wesad_s2,wesad,wesad
0,0.35347584,1.0,wesad_s2,wesad,wesad
0,0.358985,1.0,wesad_s2,wesad,wesad
0,0.33585554,1.0,wesad_s2,wesad,wesad
0,0.33270574,1.0,wesad_s2,wesad,wesad
0,0.38720328,1.0,wesad_s2,wesad,wesad
0,0.36107817,1.0,wesad_s2,wesad,wesad
0,0.29634795,1.0,wesad_s2,wesad,wesad
0,0.30344686,1.0,wesad_s2,wesad,wesad
0,0.3091057,1.0,wesad_s2,wesad,wesad
0,0.31426793,1.0,wesad_s2,wesad,wesad
0,0.33168107,1.0,wesad_s2,wesad,wesad
0,0.30275956,1.0,wesad_s2,wesad,wesad
0,0.32795972,1.0,wesad_s2,wesad,wesad
0,0.34374017,1.0,wesad_s2,wesad,wesad
0,0.33929288,1.0,wesad_s2,wesad,wesad
0,0.45348388,1.0,wesad_s2,wesad,wesad
0,0.4256244,1.0,wesad_s2,wesad,wesad
0,0.35241413,1.0,wesad_s2,wesad,wesad
0,0.37751523,1.0,wesad_s2,wesad,wesad
0,0.3718554,1.0,wesad_s2,wesad,wesad
0,0.35516956,1.0,wesad_s2,wesad,wesad
0,0.31676593,1.0,wesad_s2,wesad,wesad
0,0.31857526,1.0,wesad_s2,wesad,wesad
0,0.33523887,1.0,wesad_s2,wesad,wesad
0,0.31682798,1.0,wesad_s2,wesad,wesad
0,0.31169736,1.0,wesad_s2,wesad,wesad
0,0.32369164,1.0,wesad_s2,wesad,wesad
0,0.33951187,1.0,wesad_s2,wesad,wesad
0,0.33502662,1.0,wesad_s2,wesad,wesad
0,0.36275843,1.0,wesad_s2,wesad,wesad
0,0.3659564,1.0,wesad_s2,wesad,wesad
0,0.37321347,1.0,wesad_s2,wesad,wesad
0,0.3718145,1.0,wesad_s2,wesad,wesad
0,0.3505373,1.0,wesad_s2,wesad,wesad
0,0.3403156,1.0,wesad_s2,wesad,wesad
0,0.38421038,1.0,wesad_s2,wesad,wesad
0,0.39161223,1.0,wesad_s2,wesad,wesad
0,0.3515113,1.0,wesad_s2,wesad,wesad
0,0.3285926,1.0,wesad_s2,wesad,wesad
0,0.3951014,1.0,wesad_s2,wesad,wesad
0,0.44003806,1.0,wesad_s2,wesad,wesad
0,0.37762395,1.0,wesad_s2,wesad,wesad
0,0.33398703,1.0,wesad_s2,wesad,wesad
0,0.34339887,1.0,wesad_s2,wesad,wesad
0,0.3760988,1.0,wesad_s2,wesad,wesad
0,0.453899,1.0,wesad_s2,wesad,wesad
0,0.42052245,1.0,wesad_s2,wesad,wesad
0,0.33850497,1.0,wesad_s2,wesad,wesad
0,0.32080472,1.0,wesad_s2,wesad,wesad
0,0.2726016,1.0,wesad_s2,wesad,wesad
0,0.27983385,1.0,wesad_s2,wesad,wesad
0,0.29498717,1.0,wesad_s2,wesad,wesad
0,0.26446557,1.0,wesad_s2,wesad,wesad
0,0.3070766,1.0,wesad_s2,wesad,wesad
0,0.39487296,1.0,wesad_s2,wesad,wesad
0,0.437621,1.0,wesad_s2,wesad,wesad
0,0.4497747,1.0,wesad_s2,wesad,wesad
0,0.50054175,1.0,wesad_s2,wesad,wesad
0,0.607246,1.0,wesad_s2,wesad,wesad
0,0.57403237,1.0,wesad_s2,wesad,wesad
0,0.45840698,1.0,wesad_s2,wesad,wesad
0,0.4406507,1.0,wesad_s2,wesad,wesad
0,0.49210492,1.0,wesad_s2,wesad,wesad
0,0.43663833,1.0,wesad_s2,wesad,wesad
0,0.48145017,1.0,wesad_s2,wesad,wesad
0,0.5769722,1.0,wesad_s2,wesad,wesad
0,0.7211166,1.0,wesad_s2,wesad,wesad
0,0.6841499,1.0,wesad_s2,wesad,wesad
0,0.63500524,1.0,wesad_s2,wesad,wesad
0,0.62015146,1.0,wesad_s2,wesad,wesad
0,0.5811329,1.0,wesad_s2,wesad,wesad
0,0.54929537,1.0,wesad_s2,wesad,wesad
0,0.5933798,1.0,wesad_s2,wesad,wesad
0,0.4314731,1.0,wesad_s2,wesad,wesad
0,0.43553147,1.0,wesad_s2,wesad,wesad
0,0.39840668,1.0,wesad_s2,wesad,wesad
0,0.36310062,1.0,wesad_s2,wesad,wesad
0,0.32704982,1.0,wesad_s2,wesad,wesad
0,0.33304933,1.0,wesad_s2,wesad,wesad
0,0.365093,1.0,wesad_s2,wesad,wesad
0,0.43467724,1.0,wesad_s2,wesad,wesad
0,0.50914526,1.0,wesad_s2,wesad,wesad
0,0.41840017,1.0,wesad_s2,wesad,wesad
0,0.30823094,1.0,wesad_s2,wesad,wesad
0,0.32369277,1.0,wesad_s2,wesad,wesad
0,0.29190567,1.0,wesad_s2,wesad,wesad
0,0.29329595,1.0,wesad_s2,wesad,wesad
0,0.38296574,1.0,wesad_s2,wesad,wesad
0,0.4380507,1.0,wesad_s2,wesad,wesad
0,0.41495627,1.0,wesad_s2,wesad,wesad
0,0.37042913,1.0,wesad_s2,wesad,wesad
0,0.35483098,1.0,wesad_s2,wesad,wesad
0,0.37131807,1.0,wesad_s2,wesad,wesad
0,0.40686846,1.0,wesad_s2,wesad,wesad
0,0.38395253,1.0,wesad_s2,wesad,wesad
0,0.37997398,1.0,wesad_s2,wesad,wesad
0,0.44759122,1.0,wesad_s2,wesad,wesad
0,0.47230613,1.0,wesad_s2,wesad,wesad
0,0.52477366,1.0,wesad_s2,wesad,wesad
0,0.5504218,1.0,wesad_s2,wesad,wesad
0,0.48496532,1.0,wesad_s2,wesad,wesad
0,0.38085464,1.0,wesad_s2,wesad,wesad
0,0.3500167,1.0,wesad_s2,wesad,wesad
0,0.38477692,1.0,wesad_s2,wesad,wesad
1,0.6578587,1.0,wesad_s2,wesad,wesad
1,0.61254287,1.0,wesad_s2,wesad,wesad
1,0.551534,1.0,wesad_s2,wesad,wesad
1,0.5673104,1.0,wesad_s2,wesad,wesad
1,0.56390244,1.0,wesad_s2,wesad,wesad
1,0.5487724,1.0,wesad_s2,wesad,wesad
1,0.46057686,1.0,wesad_s2,wesad,wesad
1,0.425373,1.0,wesad_s2,wesad,wesad
1,0.4909316,1.0,wesad_s2,wesad,wesad
1,0.45821387,1.0,wesad_s2,wesad,wesad
1,0.44930786,1.0,wesad_s2,wesad,wesad
1,0.42197517,1.0,wesad_s2,wesad,wesad
1,0.41363463,1.0,wesad_s2,wesad,wesad
1,0.436897,1.0,wesad_s2,wesad,wesad
1,0.48748758,1.0,wesad_s2,wesad,wesad
1,0.53732824,1.0,wesad_s2,wesad,wesad
1,0.5317342,1.0,wesad_s2,wesad,wesad
1,0.50789136,1.0,wesad_s2,wesad,wesad
1,0.5081738,1.0,wesad_s2,wesad,wesad
1,0.454967,1.0,wesad_s2,wesad,wesad
1,0.44922888,1.0,wesad_s2,wesad,wesad
1,0.4784093,1.0,wesad_s2,wesad,wesad
1,0.57306045,1.0,wesad_s2,wesad,wesad
1,0.6285015,1.0,wesad_s2,wesad,wesad
1,0.62079346,1.0,wesad_s2,wesad,wesad
1,0.57766104,1.0,wesad_s2,wesad,wesad
1,0.37515047,1.0,wesad_s2,wesad,wesad
1,0.35817572,1.0,wesad_s2,wesad,wesad
1,0.3933081,1.0,wesad_s2,wesad,wesad
1,0.38636225,1.0,wesad_s2,wesad,wesad
1,0.31069976,1.0,wesad_s2,wesad,wesad
1,0.29599774,1.0,wesad_s2,wesad,wesad
1,0.3211629,1.0,wesad_s2,wesad,wesad
1,0.3640586,1.0,wesad_s2,wesad,wesad
1,0.42683715,1.0,wesad_s2,wesad,wesad
1,0.47578388,1.0,wesad_s2,wesad,wesad
1,0.5261502,1.0,wesad_s2,wesad,wesad
1,0.44320896,1.0,wesad_s2,wesad,wesad
1,0.33784372,1.0,wesad_s2,wesad,wesad
1,0.38465533,1.0,wesad_s2,wesad,wesad
1,0.4755364,1.0,wesad_s2,wesad,wesad
1,0.59447986,1.0,wesad_s2,wesad,wesad
1,0.61978567,1.0,wesad_s2,wesad,wesad
1,0.6420842,1.0,wesad_s2,wesad,wesad
1,0.6070424,1.0,wesad_s2,wesad,wesad
1,0.533028,1.0,wesad_s2,wesad,wesad
1,0.4617694,1.0,wesad_s2,wesad,wesad
1,0.4797351,1.0,wesad_s2,wesad,wesad
1,0.488608,1.0,wesad_s2,wesad,wesad
1,0.50727797,1.0,wesad_s2,wesad,wesad
1,0.5360134,1.0,wesad_s2,wesad,wesad
1,0.4168571,1.0,wesad_s2,wesad,wesad
1,0.35995346,1.0,wesad_s2,wesad,wesad
1,0.2774058,1.0,wesad_s2,wesad,wesad
1,0.2533919,1.0,wesad_s2,wesad,wesad
1,0.2803558,1.0,wesad_s2,wesad,wesad
1,0.30360645,1.0,wesad_s2,wesad,wesad
1,0.38131613,1.0,wesad_s2,wesad,wesad
1,0.4698435,1.0,wesad_s2,wesad,wesad
1,0.4194867,1.0,wesad_s2,wesad,wesad
1,0.36450523,1.0,wesad_s2,wesad,wesad
1,0.34784925,1.0,wesad_s2,wesad,wesad
1,0.3670935,1.0,wesad_s2,wesad,wesad
1,0.39964432,1.0,wesad_s2,wesad,wesad
1,0.44232267,1.0,wesad_s2,wesad,wesad
1,0.4121454,1.0,wesad_s2,wesad,wesad
1,0.35914186,1.0,wesad_s2,wesad,wesad
1,0.3747576,1.0,wesad_s2,wesad,wesad
1,0.3675035,1.0,wesad_s2,wesad,wesad
1,0.33521655,1.0,wesad_s2,wesad,wesad
1,0.33939576,1.0,wesad_s2,wesad,wesad
1,0.3478989,1.0,wesad_s2,wesad,wesad
1,0.3474653,1.0,wesad_s2,wesad,wesad
1,0.3795562,1.0,wesad_s2,wesad,wesad
1,0.40122288,1.0,wesad_s2,wesad,wesad
1,0.38093117,1.0,wesad_s2,wesad,wesad
1,0.36418897,1.0,wesad_s2,wesad,wesad
1,0.3852669,1.0,wesad_s2,wesad,wesad
1,0.4480882,1.0,wesad_s2,wesad,wesad
1,0.4520056,1.0,wesad_s2,wesad,wesad
1,0.3545971,1.0,wesad_s2,wesad,wesad
1,0.32466286,1.0,wesad_s2,wesad,wesad
1,0.32861865,1.0,wesad_s2,wesad,wesad
1,0.34865084,1.0,wesad_s2,wesad,wesad
1,0.34543264,1.0,wesad_s2,wesad,wesad
1,0.4135236,1.0,wesad_s2,wesad,wesad
1,0.43173516,1.0,wesad_s2,wesad,wesad
1,0.37412244,1.0,wesad_s2,wesad,wesad
1,0.3825993,1.0,wesad_s2,wesad,wesad
1,0.40173364,1.0,wesad_s2,wesad,wesad
1,0.4141173,1.0,wesad_s2,wesad,wesad
1,0.38673222,1.0,wesad_s2,wesad,wesad
1,0.35080817,1.0,wesad_s2,wesad,wesad
1,0.35564026,1.0,wesad_s2,wesad,wesad
1,0.327829,1.0,wesad_s2,wesad,wesad
1,0.32518202,1.0,wesad_s2,wesad,wesad
1,0.36809203,1.0,wesad_s2,wesad,wesad
1,0.38091403,1.0,wesad_s2,wesad,wesad
1,0.38076165,1.0,wesad_s2,wesad,wesad
1,0.511282,1.0,wesad_s2,wesad,wesad
1,0.6166289,1.0,wesad_s2,wesad,wesad
1,0.5311738,1.0,wesad_s2,wesad,wesad
1,0.45322824,1.0,wesad_s2,wesad,wesad
1,0.45552784,1.0,wesad_s2,wesad,wesad
1,0.41173986,1.0,wesad_s2,wesad,wesad
1,0.34151652,1.0,wesad_s2,wesad,wesad
1,0.35765472,1.0,wesad_s2,wesad,wesad
1,0.41563004,1.0,wesad_s2,wesad,wesad
1,0.40545005,1.0,wesad_s2,wesad,wesad
1,0.35771468,1.0,wesad_s2,wesad,wesad
1,0.3786054,1.0,wesad_s2,wesad,wesad
1,0.39110935,1.0,wesad_s2,wesad,wesad
1,0.43542013,1.0,wesad_s2,wesad,wesad
1,0.41436642,1.0,wesad_s2,wesad,wesad
1,0.37983522,1.0,wesad_s2,wesad,wesad
1,0.4075293,1.0,wesad_s2,wesad,wesad
1,0.38116294,1.0,wesad_s2,wesad,wesad
1,0.38200894,1.0,wesad_s2,wesad,wesad
1,0.3804149,1.0,wesad_s2,wesad,wesad
1,0.39862177,1.0,wesad_s2,wesad,wesad
1,0.44166827,1.0,wesad_s2,wesad,wesad
1,0.4589386,1.0,wesad_s2,wesad,wesad
1,0.40965733,1.0,wesad_s2,wesad,wesad
0,0.27789798,1.0,wesad_s5,wesad,wesad
0,0.27985632,1.0,wesad_s5,wesad,wesad
0,0.27898315,1.0,wesad_s5,wesad,wesad
0,0.27745092,1.0,wesad_s5,wesad,wesad
0,0.2778195,1.0,wesad_s5,wesad,wesad
0,0.28814366,1.0,wesad_s5,wesad,wesad
0,0.35337156,1.0,wesad_s5,wesad,wesad
0,0.3532402,1.0,wesad_s5,wesad,wesad
0,0.29044092,1.0,wesad_s5,wesad,wesad
0,0.28304565,1.0,wesad_s5,wesad,wesad
0,0.2841913,1.0,wesad_s5,wesad,wesad
0,0.27837914,1.0,wesad_s5,wesad,wesad
0,0.27593878,1.0,wesad_s5,wesad,wesad
0,0.27981904,1.0,wesad_s5,wesad,wesad
0,0.29701483,1.0,wesad_s5,wesad,wesad
0,0.3131127,1.0,wesad_s5,wesad,wesad
0,0.29842007,1.0,wesad_s5,wesad,wesad
0,0.27766073,1.0,wesad_s5,wesad,wesad
0,0.2780116,1.0,wesad_s5,wesad,wesad
0,0.28100482,1.0,wesad_s5,wesad,wesad
0,0.2793098,1.0,wesad_s5,wesad,wesad
0,0.27826637,1.0,wesad_s5,wesad,wesad
0,0.27911836,1.0,wesad_s5,wesad,wesad
0,0.280128,1.0,wesad_s5,wesad,wesad
0,0.28166008,1.0,wesad_s5,wesad,wesad
0,0.2797441,1.0,wesad_s5,wesad,wesad
0,0.27462253,1.0,wesad_s5,wesad,wesad
0,0.27234456,1.0,wesad_s5,wesad,wesad
0,0.25535837,1.0,wesad_s5,wesad,wesad
0,0.26434138,1.0,wesad_s5,wesad,wesad
0,0.27545097,1.0,wesad_s5,wesad,wesad
0,0.28111872,1.0,wesad_s5,wesad,wesad
0,0.2755498,1.0,wesad_s5,wesad,wesad
0,0.25644833,1.0,wesad_s5,wesad,wesad
0,0.2622751,1.0,wesad_s5,wesad,wesad
0,0.27442017,1.0,wesad_s5,wesad,wesad
0,0.2768485,1.0,wesad_s5,wesad,wesad
0,0.26952565,1.0,wesad_s5,wesad,wesad
0,0.27184898,1.0,wesad_s5,wesad,wesad
0,0.27813822,1.0,wesad_s5,wesad,wesad
0,0.2792104,1.0,wesad_s5,wesad,wesad
0,0.28012067,1.0,wesad_s5,wesad,wesad
0,0.27240652,1.0,wesad_s5,wesad,wesad
0,0.27223337,1.0,wesad_s5,wesad,wesad
0,0.27624643,1.0,wesad_s5,wesad,wesad
0,0.2870352,1.0,wesad_s5,wesad,wesad
0,0.29299814,1.0,wesad_s5,wesad,wesad
0,0.28231475,1.0,wesad_s5,wesad,wesad
0,0.27719328,1.0,wesad_s5,wesad,wesad
0,0.2761788,1.0,wesad_s5,wesad,wesad
0,0.29172495,1.0,wesad_s5,wesad,wesad
0,0.39150575,1.0,wesad_s5,wesad,wesad
0,0.46095058,1.0,wesad_s5,wesad,wesad
0,0.34070224,1.0,wesad_s5,wesad,wesad
0,0.26667613,1.0,wesad_s5,wesad,wesad
0,0.26978225,1.0,wesad_s5,wesad,wesad
0,0.27351895,1.0,wesad_s5,wesad,wesad
0,0.2843732,1.0,wesad_s5,wesad,wesad
0,0.28016695,1.0,wesad_s5,wesad,wesad
0,0.2762581,1.0,wesad_s5,wesad,wesad
0,0.27688512,1.0,wesad_s5,wesad,wesad
0,0.27112824,1.0,wesad_s5,wesad,wesad
0,0.2690347,1.0,wesad_s5,wesad,wesad
0,0.26706472,1.0,wesad_s5,wesad,wesad
0,0.263706,1.0,wesad_s5,wesad,wesad
0,0.2837801,1.0,wesad_s5,wesad,wesad
0,0.2761463,1.0,wesad_s5,wesad,wesad
0,0.26197532,1.0,wesad_s5,wesad,wesad
0,0.30741566,1.0,wesad_s5,wesad,wesad
0,0.28565198,1.0,wesad_s5,wesad,wesad
0,0.2845074,1.0,wesad_s5,wesad,wesad
0,0.3086004,1.0,wesad_s5,wesad,wesad
0,0.25615445,1.0,wesad_s5,wesad,wesad
0,0.24916083,1.0,wesad_s5,wesad,wesad
0,0.25124118,1.0,wesad_s5,wesad,wesad
0,0.23722179,1.0,wesad_s5,wesad,wesad
0,0.24716043,1.0,wesad_s5,wesad,wesad
0,0.26629767,1.0,wesad_s5,wesad,wesad
0,0.2762898,1.0,wesad_s5,wesad,wesad
0,0.275825,1.0,wesad_s5,wesad,wesad
0,0.2729589,1.0,wesad_s5,wesad,wesad
0,0.2717774,1.0,wesad_s5,wesad,wesad
0,0.27590257,1.0,wesad_s5,wesad,wesad
0,0.28106612,1.0,wesad_s5,wesad,wesad
0,0.28188694,1.0,wesad_s5,wesad,wesad
0,0.2758278,1.0,wesad_s5,wesad,wesad
0,0.2659163,1.0,wesad_s5,wesad,wesad
0,0.29411954,1.0,wesad_s5,wesad,wesad
0,0.37061515,1.0,wesad_s5,wesad,wesad
0,0.3690059,1.0,wesad_s5,wesad,wesad
0,0.30981946,1.0,wesad_s5,wesad,wesad
0,0.28391358,1.0,wesad_s5,wesad,wesad
0,0.28087845,1.0,wesad_s5,wesad,wesad
0,0.28201,1.0,wesad_s5,wesad,wesad
0,0.28718594,1.0,wesad_s5,wesad,wesad
0,0.32057473,1.0,wesad_s5,wesad,wesad
0,0.3596089,1.0,wesad_s5,wesad,wesad
0,0.3335294,1.0,wesad_s5,wesad,wesad
0,0.29443547,1.0,wesad_s5,wesad,wesad
0,0.2707865,1.0,wesad_s5,wesad,wesad
0,0.27279377,1.0,wesad_s5,wesad,wesad
0,0.27872378,1.0,wesad_s5,wesad,wesad
0,0.2736887,1.0,wesad_s5,wesad,wesad
0,0.27179736,1.0,wesad_s5,wesad,wesad
0,0.27287987,1.0,wesad_s5,wesad,wesad
0,0.30274326,1.0,wesad_s5,wesad,wesad
0,0.34336644,1.0,wesad_s5,wesad,wesad
0,0.3181607,1.0,wesad_s5,wesad,wesad
0,0.2974109,1.0,wesad_s5,wesad,wesad
0,0.30274588,1.0,wesad_s5,wesad,wesad
0,0.29612923,1.0,wesad_s5,wesad,wesad
0,0.2818378,1.0,wesad_s5,wesad,wesad
0,0.27388835,1.0,wesad_s5,wesad,wesad
0,0.27510598,1.0,wesad_s5,wesad,wesad
0,0.28025588,1.0,wesad_s5,wesad,wesad
0,0.2850951,1.0,wesad_s5,wesad,wesad
0,0.31418076,1.0,wesad_s5,wesad,wesad
0,0.5083271,1.0,wesad_s5,wesad,wesad
0,0.6057696,1.0,wesad_s5,wesad,wesad
0,0.43022296,1.0,wesad_s5,wesad,wesad
0,0.29129505,1.0,wesad_s5,wesad,wesad
0,0.28992477,1.0,wesad_s5,wesad,wesad
0,0.30312824,1.0,wesad_s5,wesad,wesad
0,0.29091927,1.0,wesad_s5,wesad,wesad
0,0.28560174,1.0,wesad_s5,wesad,wesad
0,0.28496996,1.0,wesad_s5,wesad,wesad
0,0.28031787,1.0,wesad_s5,wesad,wesad
0,0.27900782,1.0,wesad_s5,wesad,wesad
0,0.31051406,1.0,wesad_s5,wesad,wesad
0,0.32056943,1.0,wesad_s5,wesad,wesad
0,0.28760085,1.0,wesad_s5,wesad,wesad
0,0.2770155,1.0,wesad_s5,wesad,wesad
0,0.2767858,1.0,wesad_s5,wesad,wesad
0,0.2818076,1.0,wesad_s5,wesad,wesad
0,0.31410736,1.0,wesad_s5,wesad,wesad
0,0.31296924,1.0,wesad_s5,wesad,wesad
0,0.28871045,1.0,wesad_s5,wesad,wesad
0,0.32295564,1.0,wesad_s5,wesad,wesad
0,0.32587442,1.0,wesad_s5,wesad,wesad
0,0.3099524,1.0,wesad_s5,wesad,wesad
0,0.3040741,1.0,wesad_s5,wesad,wesad
0,0.28692627,1.0,wesad_s5,wesad,wesad
0,0.28125688,1.0,wesad_s5,wesad,wesad
0,0.35555997,1.0,wesad_s5,wesad,wesad
0,0.39742333,1.0,wesad_s5,wesad,wesad
0,0.30024642,1.0,wesad_s5,wesad,wesad
0,0.27180183,1.0,wesad_s5,wesad,wesad
0,0.30571917,1.0,wesad_s5,wesad,wesad
0,0.3178986,1.0,wesad_s5,wesad,wesad
0,0.29111388,1.0,wesad_s5,wesad,wesad
0,0.2833402,1.0,wesad_s5,wesad,wesad
0,0.28882006,1.0,wesad_s5,wesad,wesad
0,0.28615144,1.0,wesad_s5,wesad,wesad
0,0.28356293,1.0,wesad_s5,wesad,wesad
0,0.27891025,1.0,wesad_s5,wesad,wesad
0,0.2789081,1.0,wesad_s5,wesad,wesad
0,0.277709,1.0,wesad_s5,wesad,wesad
0,0.2767998,1.0,wesad_s5,wesad,wesad
0,0.27625725,1.0,wesad_s5,wesad,wesad
0,0.27655908,1.0,wesad_s5,wesad,wesad
0,0.28415158,1.0,wesad_s5,wesad,wesad
0,0.2889094,1.0,wesad_s5,wesad,wesad
0,0.28577426,1.0,wesad_s5,wesad,wesad
0,0.28543422,1.0,wesad_s5,wesad,wesad
0,0.2873892,1.0,wesad_s5,wesad,wesad
0,0.29776654,1.0,wesad_s5,wesad,wesad
0,0.28607827,1.0,wesad_s5,wesad,wesad
0,0.27249336,1.0,wesad_s5,wesad,wesad
0,0.27737328,1.0,wesad_s5,wesad,wesad
0,0.2786336,1.0,wesad_s5,wesad,wesad
0,0.27651662,1.0,wesad_s5,wesad,wesad
0,0.27794284,1.0,wesad_s5,wesad,wesad
0,0.2784176,1.0,wesad_s5,wesad,wesad
0,0.28149858,1.0,wesad_s5,wesad,wesad
0,0.31924346,1.0,wesad_s5,wesad,wesad
0,0.35108128,1.0,wesad_s5,wesad,wesad
0,0.30662924,1.0,wesad_s5,wesad,wesad
0,0.27179408,1.0,wesad_s5,wesad,wesad
0,0.27406675,1.0,wesad_s5,wesad,wesad
0,0.2626336,1.0,wesad_s5,wesad,wesad
0,0.22009495,1.0,wesad_s5,wesad,wesad
0,0.21580091,1.0,wesad_s5,wesad,wesad
0,0.21548325,1.0,wesad_s5,wesad,wesad
0,0.22152075,1.0,wesad_s5,wesad,wesad
0,0.28576237,1.0,wesad_s5,wesad,wesad
0,0.35443845,1.0,wesad_s5,wesad,wesad
0,0.34543863,1.0,wesad_s5,wesad,wesad
0,0.33438823,1.0,wesad_s5,wesad,wesad
0,0.30660945,1.0,wesad_s5,wesad,wesad
0,0.2804021,1.0,wesad_s5,wesad,wesad
0,0.27816555,1.0,wesad_s5,wesad,wesad
0,0.31089312,1.0,wesad_s5,wesad,wesad
0,0.38109827,1.0,wesad_s5,wesad,wesad
0,0.39050034,1.0,wesad_s5,wesad,wesad
0,0.31481028,1.0,wesad_s5,wesad,wesad
0,0.5022716,1.0,wesad_s5,wesad,wesad
0,0.42944595,1.0,wesad_s5,wesad,wesad
0,0.3503863,1.0,wesad_s5,wesad,wesad
0,0.37296584,1.0,wesad_s5,wesad,wesad
0,0.41514793,1.0,wesad_s5,wesad,wesad
0,0.33300355,1.0,wesad_s5,wesad,wesad
0,0.29889524,1.0,wesad_s5,wesad,wesad
0,0.30357617,1.0,wesad_s5,wesad,wesad
0,0.29781324,1.0,wesad_s5,wesad,wesad
0,0.30679193,1.0,wesad_s5,wesad,wesad
0,0.2776139,1.0,wesad_s5,wesad,wesad
0,0.2547282,1.0,wesad_s5,wesad,wesad
0,0.2965514,1.0,wesad_s5,wesad,wesad
0,0.42604652,1.0,wesad_s5,wesad,wesad
0,0.46975702,1.0,wesad_s5,wesad,wesad
0,0.38898838,1.0,wesad_s5,wesad,wesad
0,0.31820694,1.0,wesad_s5,wesad,wesad
0,0.29476553,1.0,wesad_s5,wesad,wesad
0,0.30822134,1.0,wesad_s5,wesad,wesad
0,0.3170119,1.0,wesad_s5,wesad,wesad
0,0.29482296,1.0,wesad_s5,wesad,wesad
0,0.27854434,1.0,wesad_s5,wesad,wesad
0,0.28284264,1.0,wesad_s5,wesad,wesad
0,0.29378983,1.0,wesad_s5,wesad,wesad
0,0.30671325,1.0,wesad_s5,wesad,wesad
0,0.29968995,1.0,wesad_s5,wesad,wesad
0,0.28749275,1.0,wesad_s5,wesad,wesad
0,0.2822281,1.0,wesad_s5,wesad,wesad
0,0.28410524,1.0,wesad_s5,wesad,wesad
0,0.28896517,1.0,wesad_s5,wesad,wesad
0,0.2978929,1.0,wesad_s5,wesad,wesad
0,0.31079584,1.0,wesad_s5,wesad,wesad
0,0.3135586,1.0,wesad_s5,wesad,wesad
0,0.29711172,1.0,wesad_s5,wesad,wesad
0,0.28304723,1.0,wesad_s5,wesad,wesad
0,0.27868322,1.0,wesad_s5,wesad,wesad
0,0.276747,1.0,wesad_s5,wesad,wesad
0,0.30331418,1.0,wesad_s5,wesad,wesad
0,0.30775437,1.0,wesad_s5,wesad,wesad
0,0.30146295,1.0,wesad_s5,wesad,wesad
0,0.29038185,1.0,wesad_s5,wesad,wesad
0,0.28737116,1.0,wesad_s5,wesad,wesad
0,0.29630592,1.0,wesad_s5,wesad,wesad
0,0.2839347,1.0,wesad_s5,wesad,wesad
0,0.2749139,1.0,wesad_s5,wesad,wesad
1,0.8282733,1.0,wesad_s5,wesad,wesad
1,0.84124064,1.0,wesad_s5,wesad,wesad
1,0.8517679,1.0,wesad_s5,wesad,wesad
1,0.84616625,1.0,wesad_s5,wesad,wesad
1,0.81122094,1.0,wesad_s5,wesad,wesad
1,0.8437292,1.0,wesad_s5,wesad,wesad
1,0.87804,1.0,wesad_s5,wesad,wesad
1,0.8716724,1.0,wesad_s5,wesad,wesad
1,0.8204392,1.0,wesad_s5,wesad,wesad
1,0.8026319,1.0,wesad_s5,wesad,wesad
1,0.83194333,1.0,wesad_s5,wesad,wesad
1,0.7980562,1.0,wesad_s5,wesad,wesad
1,0.7819009,1.0,wesad_s5,wesad,wesad
1,0.769163,1.0,wesad_s5,wesad,wesad
1,0.71371394,1.0,wesad_s5,wesad,wesad
1,0.81046015,1.0,wesad_s5,wesad,wesad
1,0.79184395,1.0,wesad_s5,wesad,wesad
1,0.73333395,1.0,wesad_s5,wesad,wesad
1,0.6616239,1.0,wesad_s5,wesad,wesad
1,0.64328605,1.0,wesad_s5,wesad,wesad
1,0.6710359,1.0,wesad_s5,wesad,wesad
1,0.5489319,1.0,wesad_s5,wesad,wesad
1,0.54438555,1.0,wesad_s5,wesad,wesad
1,0.6438488,1.0,wesad_s5,wesad,wesad
1,0.72531086,1.0,wesad_s5,wesad,wesad
1,0.82077694,1.0,wesad_s5,wesad,wesad
1,0.82110876,1.0,wesad_s5,wesad,wesad
1,0.8267164,1.0,wesad_s5,wesad,wesad
1,0.68664795,1.0,wesad_s5,wesad,wesad
1,0.6195424,1.0,wesad_s5,wesad,wesad
1,0.7755718,1.0,wesad_s5,wesad,wesad
1,0.7542122,1.0,wesad_s5,wesad,wesad
1,0.78510696,1.0,wesad_s5,wesad,wesad
1,0.7996103,1.0,wesad_s5,wesad,wesad
1,0.84408236,1.0,wesad_s5,wesad,wesad
1,0.84870684,1.0,wesad_s5,wesad,wesad
1,0.76600605,1.0,wesad_s5,wesad,wesad
1,0.70808107,1.0,wesad_s5,wesad,wesad
1,0.7865848,1.0,wesad_s5,wesad,wesad
1,0.80037004,1.0,wesad_s5,wesad,wesad
1,0.85114986,1.0,wesad_s5,wesad,wesad
1,0.7763058,1.0,wesad_s5,wesad,wesad
1,0.5007372,1.0,wesad_s5,wesad,wesad
1,0.55922407,1.0,wesad_s5,wesad,wesad
1,0.73341084,1.0,wesad_s5,wesad,wesad
1,0.8406703,1.0,wesad_s5,wesad,wesad
1,0.8293097,1.0,wesad_s5,wesad,wesad
1,0.7206563,1.0,wesad_s5,wesad,wesad
1,0.7375596,1.0,wesad_s5,wesad,wesad
1,0.7614012,1.0,wesad_s5,wesad,wesad
1,0.80603206,1.0,wesad_s5,wesad,wesad
1,0.7185023,1.0,wesad_s5,wesad,wesad
1,0.59407425,1.0,wesad_s5,wesad,wesad
1,0.69475543,1.0,wesad_s5,wesad,wesad
1,0.7145826,1.0,wesad_s5,wesad,wesad
1,0.6719837,1.0,wesad_s5,wesad,wesad
1,0.62192625,1.0,wesad_s5,wesad,wesad
1,0.551409,1.0,wesad_s5,wesad,wesad
1,0.43452513,1.0,wesad_s5,wesad,wesad
1,0.40403545,1.0,wesad_s5,wesad,wesad
1,0.46426505,1.0,wesad_s5,wesad,wesad
1,0.46860173,1.0,wesad_s5,wesad,wesad
1,0.49188668,1.0,wesad_s5,wesad,wesad
1,0.45006865,1.0,wesad_s5,wesad,wesad
1,0.46866393,1.0,wesad_s5,wesad,wesad
1,0.5078919,1.0,wesad_s5,wesad,wesad
1,0.49246144,1.0,wesad_s5,wesad,wesad
1,0.51268584,1.0,wesad_s5,wesad,wesad
1,0.555777,1.0,wesad_s5,wesad,wesad
1,0.57419026,1.0,wesad_s5,wesad,wesad
1,0.68745804,1.0,wesad_s5,wesad,wesad
1,0.75893295,1.0,wesad_s5,wesad,wesad
1,0.7162157,1.0,wesad_s5,wesad,wesad
1,0.6784398,1.0,wesad_s5,wesad,wesad
1,0.68096656,1.0,wesad_s5,wesad,wesad
1,0.5820984,1.0,wesad_s5,wesad,wesad
1,0.625808,1.0,wesad_s5,wesad,wesad
1,0.6448553,1.0,wesad_s5,wesad,wesad
1,0.6243647,1.0,wesad_s5,wesad,wesad
1,0.6222317,1.0,wesad_s5,wesad,wesad
1,0.61957836,1.0,wesad_s5,wesad,wesad
1,0.5602149,1.0,wesad_s5,wesad,wesad
1,0.42419836,1.0,wesad_s5,wesad,wesad
1,0.44297612,1.0,wesad_s5,wesad,wesad
1,0.4651659,1.0,wesad_s5,wesad,wesad
1,0.5241712,1.0,wesad_s5,wesad,wesad
1,0.55233157,1.0,wesad_s5,wesad,wesad
1,0.6089632,1.0,wesad_s5,wesad,wesad
1,0.60373133,1.0,wesad_s5,wesad,wesad
1,0.5418371,1.0,wesad_s5,wesad,wesad
1,0.5773496,1.0,wesad_s5,wesad,wesad
1,0.5602893,1.0,wesad_s5,wesad,wesad
1,0.4994086,1.0,wesad_s5,wesad,wesad
1,0.5186377,1.0,wesad_s5,wesad,wesad
1,0.5572757,1.0,wesad_s5,wesad,wesad
1,0.48702472,1.0,wesad_s5,wesad,wesad
1,0.46847188,1.0,wesad_s5,wesad,wesad
1,0.5833611,1.0,wesad_s5,wesad,wesad
1,0.655361,1.0,wesad_s5,wesad,wesad
1,0.610067,1.0,wesad_s5,wesad,wesad
1,0.61898124,1.0,wesad_s5,wesad,wesad
1,0.58399606,1.0,wesad_s5,wesad,wesad
1,0.58585745,1.0,wesad_s5,wesad,wesad
1,0.57360095,1.0,wesad_s5,wesad,wesad
1,0.60481167,1.0,wesad_s5,wesad,wesad
1,0.56623983,1.0,wesad_s5,wesad,wesad
1,0.64920616,1.0,wesad_s5,wesad,wesad
1,0.7483182,1.0,wesad_s5,wesad,wesad
1,0.6875226,1.0,wesad_s5,wesad,wesad
1,0.6987225,1.0,wesad_s5,wesad,wesad
1,0.69736594,1.0,wesad_s5,wesad,wesad
1,0.7768815,1.0,wesad_s5,wesad,wesad
1,0.75482565,1.0,wesad_s5,wesad,wesad
1,0.610071,1.0,wesad_s5,wesad,wesad
1,0.5490784,1.0,wesad_s5,wesad,wesad
1,0.51083595,1.0,wesad_s5,wesad,wesad
1,0.5984286,1.0,wesad_s5,wesad,wesad
1,0.6080623,1.0,wesad_s5,wesad,wesad
1,0.64358854,1.0,wesad_s5,wesad,wesad
1,0.7492316,1.0,wesad_s5,wesad,wesad
1,0.76092994,1.0,wesad_s5,wesad,wesad
1,0.66823524,1.0,wesad_s5,wesad,wesad
1,0.66166085,1.0,wesad_s5,wesad,wesad
1,0.7240136,1.0,wesad_s5,wesad,wesad
1,0.6989256,1.0,wesad_s5,wesad,wesad
1,0.62889946,1.0,wesad_s5,wesad,wesad
1,0.5535085,1.0,wesad_s5,wesad,wesad
1,0.59532595,1.0,wesad_s5,wesad,wesad
1,0.59914047,1.0,wesad_s5,wesad,wesad
0,0.697253,1.0,wesad_s7,wesad,wesad
0,0.6470728,1.0,wesad_s7,wesad,wesad
0,0.6885472,1.0,wesad_s7,wesad,wesad
0,0.68332964,1.0,wesad_s7,wesad,wesad
0,0.66276985,1.0,wesad_s7,wesad,wesad
0,0.61497325,1.0,wesad_s7,wesad,wesad
0,0.64925194,1.0,wesad_s7,wesad,wesad
0,0.5833044,1.0,wesad_s7,wesad,wesad
0,0.5562252,1.0,wesad_s7,wesad,wesad
0,0.6027493,1.0,wesad_s7,wesad,wesad
0,0.6308419,1.0,wesad_s7,wesad,wesad
0,0.5879752,1.0,wesad_s7,wesad,wesad
0,0.59320414,1.0,wesad_s7,wesad,wesad
0,0.586478,1.0,wesad_s7,wesad,wesad
0,0.5964219,1.0,wesad_s7,wesad,wesad
0,0.6212144,1.0,wesad_s7,wesad,wesad
0,0.6193199,1.0,wesad_s7,wesad,wesad
0,0.6258792,1.0,wesad_s7,wesad,wesad
0,0.6437196,1.0,wesad_s7,wesad,wesad
0,0.63801795,1.0,wesad_s7,wesad,wesad
0,0.6483826,1.0,wesad_s7,wesad,wesad
0,0.7091322,1.0,wesad_s7,wesad,wesad
0,0.75437033,1.0,wesad_s7,wesad,wesad
0,0.7896405,1.0,wesad_s7,wesad,wesad
0,0.78685635,1.0,wesad_s7,wesad,wesad
0,0.6783264,1.0,wesad_s7,wesad,wesad
0,0.62425226,1.0,wesad_s7,wesad,wesad
0,0.59424967,1.0,wesad_s7,wesad,wesad
0,0.61428636,1.0,wesad_s7,wesad,wesad
0,0.6690942,1.0,wesad_s7,wesad,wesad
0,0.5839474,1.0,wesad_s7,wesad,wesad
0,0.56642336,1.0,wesad_s7,wesad,wesad
0,0.6166658,1.0,wesad_s7,wesad,wesad
0,0.64594424,1.0,wesad_s7,wesad,wesad
0,0.64734983,1.0,wesad_s7,wesad,wesad
0,0.5827236,1.0,wesad_s7,wesad,wesad
0,0.58151853,1.0,wesad_s7,wesad,wesad
0,0.62426484,1.0,wesad_s7,wesad,wesad
0,0.6910895,1.0,wesad_s7,wesad,wesad
0,0.74367785,1.0,wesad_s7,wesad,wesad
0,0.7889005,1.0,wesad_s7,wesad,wesad
0,0.76499933,1.0,wesad_s7,wesad,wesad
0,0.7286228,1.0,wesad_s7,wesad,wesad
0,0.7471912,1.0,wesad_s7,wesad,wesad
0,0.76374465,1.0,wesad_s7,wesad,wesad
0,0.75034887,1.0,wesad_s7,wesad,wesad
0,0.72253704,1.0,wesad_s7,wesad,wesad
0,0.70396507,1.0,wesad_s7,wesad,wesad
0,0.6400666,1.0,wesad_s7,wesad,wesad
0,0.70412755,1.0,wesad_s7,wesad,wesad
0,0.71132684,1.0,wesad_s7,wesad,wesad
0,0.7189946,1.0,wesad_s7,wesad,wesad
0,0.75250703,1.0,wesad_s7,wesad,wesad
0,0.7012581,1.0,wesad_s7,wesad,wesad
0,0.7042984,1.0,wesad_s7,wesad,wesad
0,0.7269434,1.0,wesad_s7,wesad,wesad
0,0.69800746,1.0,wesad_s7,wesad,wesad
0,0.76195145,1.0,wesad_s7,wesad,wesad
0,0.72868025,1.0,wesad_s7,wesad,wesad
0,0.6704171,1.0,wesad_s7,wesad,wesad
0,0.67111033,1.0,wesad_s7,wesad,wesad
0,0.67774975,1.0,wesad_s7,wesad,wesad
0,0.679918,1.0,wesad_s7,wesad,wesad
0,0.7035961,1.0,wesad_s7,wesad,wesad
0,0.71596754,1.0,wesad_s7,wesad,wesad
0,0.73800945,1.0,wesad_s7,wesad,wesad
0,0.79246056,1.0,wesad_s7,wesad,wesad
0,0.7567629,1.0,wesad_s7,wesad,wesad
0,0.64353365,1.0,wesad_s7,wesad,wesad
0,0.6083566,1.0,wesad_s7,wesad,wesad
0,0.6129814,1.0,wesad_s7,wesad,wesad
0,0.5793012,1.0,wesad_s7,wesad,wesad
0,0.58567756,1.0,wesad_s7,wesad,wesad
0,0.6120973,1.0,wesad_s7,wesad,wesad
0,0.61999774,1.0,wesad_s7,wesad,wesad
0,0.6604801,1.0,wesad_s7,wesad,wesad
0,0.69540155,1.0,wesad_s7,wesad,wesad
0,0.70334435,1.0,wesad_s7,wesad,wesad
0,0.7147666,1.0,wesad_s7,wesad,wesad
0,0.7008371,1.0,wesad_s7,wesad,wesad
0,0.6768226,1.0,wesad_s7,wesad,wesad
0,0.65553176,1.0,wesad_s7,wesad,wesad
0,0.6386038,1.0,wesad_s7,wesad,wesad
0,0.64839435,1.0,wesad_s7,wesad,wesad
0,0.64258724,1.0,wesad_s7,wesad,wesad
0,0.61363715,1.0,wesad_s7,wesad,wesad
0,0.65571076,1.0,wesad_s7,wesad,wesad
0,0.6527985,1.0,wesad_s7,wesad,wesad
0,0.6608495,1.0,wesad_s7,wesad,wesad
0,0.6904484,1.0,wesad_s7,wesad,wesad
0,0.6866138,1.0,wesad_s7,wesad,wesad
0,0.7002626,1.0,wesad_s7,wesad,wesad
0,0.6907059,1.0,wesad_s7,wesad,wesad
0,0.63293684,1.0,wesad_s7,wesad,wesad
0,0.59667414,1.0,wesad_s7,wesad,wesad
0,0.7040725,1.0,wesad_s7,wesad,wesad
0,0.6748513,1.0,wesad_s7,wesad,wesad
0,0.6503589,1.0,wesad_s7,wesad,wesad
0,0.6313595,1.0,wesad_s7,wesad,wesad
0,0.6014547,1.0,wesad_s7,wesad,wesad
0,0.83307475,1.0,wesad_s7,wesad,wesad
0,0.6300398,1.0,wesad_s7,wesad,wesad
0,0.6846518,1.0,wesad_s7,wesad,wesad
0,0.7194671,1.0,wesad_s7,wesad,wesad
0,0.685261,1.0,wesad_s7,wesad,wesad
0,0.62489176,1.0,wesad_s7,wesad,wesad
0,0.6556733,1.0,wesad_s7,wesad,wesad
0,0.65185994,1.0,wesad_s7,wesad,wesad
0,0.6736611,1.0,wesad_s7,wesad,wesad
0,0.73142815,1.0,wesad_s7,wesad,wesad
0,0.73676926,1.0,wesad_s7,wesad,wesad
0,0.8612239,1.0,wesad_s7,wesad,wesad
0,0.75575155,1.0,wesad_s7,wesad,wesad
0,0.6735672,1.0,wesad_s7,wesad,wesad
0,0.63178694,1.0,wesad_s7,wesad,wesad
0,0.73231226,1.0,wesad_s7,wesad,wesad
0,0.74242723,1.0,wesad_s7,wesad,wesad
0,0.77860945,1.0,wesad_s7,wesad,wesad
0,0.732389,1.0,wesad_s7,wesad,wesad
0,0.710936,1.0,wesad_s7,wesad,wesad
0,0.74254864,1.0,wesad_s7,wesad,wesad
0,0.7396328,1.0,wesad_s7,wesad,wesad
0,0.7798483,1.0,wesad_s7,wesad,wesad
0,0.72141147,1.0,wesad_s7,wesad,wesad
0,0.720293,1.0,wesad_s7,wesad,wesad
0,0.7382182,1.0,wesad_s7,wesad,wesad
0,0.7087388,1.0,wesad_s7,wesad,wesad
0,0.71997994,1.0,wesad_s7,wesad,wesad
0,0.7222168,1.0,wesad_s7,wesad,wesad
0,0.7231675,1.0,wesad_s7,wesad,wesad
0,0.6848374,1.0,wesad_s7,wesad,wesad
0,0.55567336,1.0,wesad_s7,wesad,wesad
0,0.55954784,1.0,wesad_s7,wesad,wesad
0,0.74716675,1.0,wesad_s7,wesad,wesad
0,0.618473,1.0,wesad_s7,wesad,wesad
0,0.58773345,1.0,wesad_s7,wesad,wesad
0,0.63530886,1.0,wesad_s7,wesad,wesad
0,0.685864,1.0,wesad_s7,wesad,wesad
0,0.6641557,1.0,wesad_s7,wesad,wesad
0,0.6600913,1.0,wesad_s7,wesad,wesad
0,0.6743637,1.0,wesad_s7,wesad,wesad
0,0.65688664,1.0,wesad_s7,wesad,wesad
0,0.6359656,1.0,wesad_s7,wesad,wesad
0,0.6583523,1.0,wesad_s7,wesad,wesad
0,0.7486816,1.0,wesad_s7,wesad,wesad
0,0.6574968,1.0,wesad_s7,wesad,wesad
0,0.6638602,1.0,wesad_s7,wesad,wesad
0,0.6371747,1.0,wesad_s7,wesad,wesad
0,0.66288,1.0,wesad_s7,wesad,wesad
0,0.6917991,1.0,wesad_s7,wesad,wesad
0,0.7343086,1.0,wesad_s7,wesad,wesad
0,0.7380743,1.0,wesad_s7,wesad,wesad
0,0.6369346,1.0,wesad_s7,wesad,wesad
0,0.581375,1.0,wesad_s7,wesad,wesad
0,0.59493655,1.0,wesad_s7,wesad,wesad
0,0.6464586,1.0,wesad_s7,wesad,wesad
0,0.60256046,1.0,wesad_s7,wesad,wesad
0,0.58272254,1.0,wesad_s7,wesad,wesad
0,0.5948351,1.0,wesad_s7,wesad,wesad
0,0.61236894,1.0,wesad_s7,wesad,wesad
0,0.5981228,1.0,wesad_s7,wesad,wesad
0,0.6757359,1.0,wesad_s7,wesad,wesad
0,0.688757,1.0,wesad_s7,wesad,wesad
0,0.70546573,1.0,wesad_s7,wesad,wesad
0,0.74402803,1.0,wesad_s7,wesad,wesad
0,0.6989058,1.0,wesad_s7,wesad,wesad
0,0.6734518,1.0,wesad_s7,wesad,wesad
0,0.7646669,1.0,wesad_s7,wesad,wesad
0,0.76973903,1.0,wesad_s7,wesad,wesad
0,0.79792684,1.0,wesad_s7,wesad,wesad
0,0.8191159,1.0,wesad_s7,wesad,wesad
0,0.7655418,1.0,wesad_s7,wesad,wesad
0,0.6760064,1.0,wesad_s7,wesad,wesad
0,0.7026059,1.0,wesad_s7,wesad,wesad
0,0.7104531,1.0,wesad_s7,wesad,wesad
0,0.72895944,1.0,wesad_s7,wesad,wesad
0,0.7388506,1.0,wesad_s7,wesad,wesad
0,0.7369717,1.0,wesad_s7,wesad,wesad
0,0.7702493,1.0,wesad_s7,wesad,wesad
0,0.7526765,1.0,wesad_s7,wesad,wesad
0,0.7448692,1.0,wesad_s7,wesad,wesad
0,0.7705259,1.0,wesad_s7,wesad,wesad
0,0.781952,1.0,wesad_s7,wesad,wesad
0,0.75212,1.0,wesad_s7,wesad,wesad
0,0.7026879,1.0,wesad_s7,wesad,wesad
0,0.7113657,1.0,wesad_s7,wesad,wesad
0,0.70420367,1.0,wesad_s7,wesad,wesad
0,0.69206005,1.0,wesad_s7,wesad,wesad
0,0.69911265,1.0,wesad_s7,wesad,wesad
0,0.682146,1.0,wesad_s7,wesad,wesad
0,0.6870835,1.0,wesad_s7,wesad,wesad
0,0.7210983,1.0,wesad_s7,wesad,wesad
0,0.718106,1.0,wesad_s7,wesad,wesad
0,0.7253505,1.0,wesad_s7,wesad,wesad
0,0.70013195,1.0,wesad_s7,wesad,wesad
0,0.71773386,1.0,wesad_s7,wesad,wesad
0,0.7101061,1.0,wesad_s7,wesad,wesad
0,0.6996242,1.0,wesad_s7,wesad,wesad
0,0.7297624,1.0,wesad_s7,wesad,wesad
0,0.6364021,1.0,wesad_s7,wesad,wesad
0,0.65149987,1.0,wesad_s7,wesad,wesad
0,0.69285136,1.0,wesad_s7,wesad,wesad
0,0.7160062,1.0,wesad_s7,wesad,wesad
0,0.71561897,1.0,wesad_s7,wesad,wesad
0,0.68338394,1.0,wesad_s7,wesad,wesad
0,0.7311646,1.0,wesad_s7,wesad,wesad
0,0.7553024,1.0,wesad_s7,wesad,wesad
0,0.725851,1.0,wesad_s7,wesad,wesad
0,0.63905865,1.0,wesad_s7,wesad,wesad
0,0.6692177,1.0,wesad_s7,wesad,wesad
0,0.7050699,1.0,wesad_s7,wesad,wesad
0,0.6512499,1.0,wesad_s7,wesad,wesad
0,0.67119724,1.0,wesad_s7,wesad,wesad
0,0.67941844,1.0,wesad_s7,wesad,wesad
0,0.64788085,1.0,wesad_s7,wesad,wesad
0,0.65649724,1.0,wesad_s7,wesad,wesad
0,0.6982604,1.0,wesad_s7,wesad,wesad
0,0.7125801,1.0,wesad_s7,wesad,wesad
0,0.6920472,1.0,wesad_s7,wesad,wesad
0,0.69693244,1.0,wesad_s7,wesad,wesad
0,0.6960304,1.0,wesad_s7,wesad,wesad
0,0.6679926,1.0,wesad_s7,wesad,wesad
0,0.6260177,1.0,wesad_s7,wesad,wesad
0,0.6187019,1.0,wesad_s7,wesad,wesad
0,0.66113067,1.0,wesad_s7,wesad,wesad
0,0.67264086,1.0,wesad_s7,wesad,wesad
0,0.66562486,1.0,wesad_s7,wesad,wesad
0,0.6982313,1.0,wesad_s7,wesad,wesad
0,0.64548606,1.0,wesad_s7,wesad,wesad
0,0.6515925,1.0,wesad_s7,wesad,wesad
0,0.6834822,1.0,wesad_s7,wesad,wesad
0,0.6392913,1.0,wesad_s7,wesad,wesad
0,0.6511909,1.0,wesad_s7,wesad,wesad
0,0.66862416,1.0,wesad_s7,wesad,wesad
0,0.692657,1.0,wesad_s7,wesad,wesad
0,0.7070451,1.0,wesad_s7,wesad,wesad
0,0.73460597,1.0,wesad_s7,wesad,wesad
1,0.89166766,1.0,wesad_s7,wesad,wesad
1,0.92946786,1.0,wesad_s7,wesad,wesad
1,0.9602852,1.0,wesad_s7,wesad,wesad
1,0.9306242,1.0,wesad_s7,wesad,wesad
1,0.9402669,1.0,wesad_s7,wesad,wesad
1,0.9473302,1.0,wesad_s7,wesad,wesad
1,0.8701188,1.0,wesad_s7,wesad,wesad
1,0.853944,1.0,wesad_s7,wesad,wesad
1,0.8952171,1.0,wesad_s7,wesad,wesad
1,0.85567427,1.0,wesad_s7,wesad,wesad
1,0.82304776,1.0,wesad_s7,wesad,wesad
1,0.83651304,1.0,wesad_s7,wesad,wesad
1,0.81826043,1.0,wesad_s7,wesad,wesad
1,0.8043175,1.0,wesad_s7,wesad,wesad
1,0.87130725,1.0,wesad_s7,wesad,wesad
1,0.90690565,1.0,wesad_s7,wesad,wesad
1,0.82529414,1.0,wesad_s7,wesad,wesad
1,0.7854605,1.0,wesad_s7,wesad,wesad
1,0.8337575,1.0,wesad_s7,wesad,wesad
1,0.86307114,1.0,wesad_s7,wesad,wesad
1,0.8717598,1.0,wesad_s7,wesad,wesad
1,0.9162231,1.0,wesad_s7,wesad,wesad
1,0.8787131,1.0,wesad_s7,wesad,wesad
1,0.7536505,1.0,wesad_s7,wesad,wesad
1,0.82120675,1.0,wesad_s7,wesad,wesad
1,0.8539353,1.0,wesad_s7,wesad,wesad
1,0.8525159,1.0,wesad_s7,wesad,wesad
1,0.92512625,1.0,wesad_s7,wesad,wesad
1,0.9133822,1.0,wesad_s7,wesad,wesad
1,0.87542135,1.0,wesad_s7,wesad,wesad
1,0.8754052,1.0,wesad_s7,wesad,wesad
1,0.85079604,1.0,wesad_s7,wesad,wesad
1,0.8936487,1.0,wesad_s7,wesad,wesad
1,0.91820127,1.0,wesad_s7,wesad,wesad
1,0.9015466,1.0,wesad_s7,wesad,wesad
1,0.835179,1.0,wesad_s7,wesad,wesad
1,0.77116346,1.0,wesad_s7,wesad,wesad
1,0.8075496,1.0,wesad_s7,wesad,wesad
1,0.8283991,1.0,wesad_s7,wesad,wesad
1,0.7159412,1.0,wesad_s7,wesad,wesad
1,0.74479014,1.0,wesad_s7,wesad,wesad
1,0.82185143,1.0,wesad_s7,wesad,wesad
1,0.8519486,1.0,wesad_s7,wesad,wesad
1,0.8506972,1.0,wesad_s7,wesad,wesad
1,0.89315575,1.0,wesad_s7,wesad,wesad
1,0.8987749,1.0,wesad_s7,wesad,wesad
1,0.8777972,1.0,wesad_s7,wesad,wesad
1,0.88104045,1.0,wesad_s7,wesad,wesad
1,0.83804756,1.0,wesad_s7,wesad,wesad
1,0.81902933,1.0,wesad_s7,wesad,wesad
1,0.7863301,1.0,wesad_s7,wesad,wesad
1,0.7682624,1.0,wesad_s7,wesad,wesad
1,0.7069657,1.0,wesad_s7,wesad,wesad
1,0.7621737,1.0,wesad_s7,wesad,wesad
1,0.82717115,1.0,wesad_s7,wesad,wesad
1,0.8577478,1.0,wesad_s7,wesad,wesad
1,0.8860609,1.0,wesad_s7,wesad,wesad
1,0.9197057,1.0,wesad_s7,wesad,wesad
1,0.8021281,1.0,wesad_s7,wesad,wesad
1,0.7124422,1.0,wesad_s7,wesad,wesad
1,0.8133605,1.0,wesad_s7,wesad,wesad
1,0.8196161,1.0,wesad_s7,wesad,wesad
1,0.804484,1.0,wesad_s7,wesad,wesad
1,0.81334287,1.0,wesad_s7,wesad,wesad
1,0.8349645,1.0,wesad_s7,wesad,wesad
1,0.8427118,1.0,wesad_s7,wesad,wesad
1,0.91029465,1.0,wesad_s7,wesad,wesad
1,0.95563227,1.0,wesad_s7,wesad,wesad
1,0.95278263,1.0,wesad_s7,wesad,wesad
1,0.9506507,1.0,wesad_s7,wesad,wesad
1,0.95931983,1.0,wesad_s7,wesad,wesad
1,0.9425668,1.0,wesad_s7,wesad,wesad
1,0.9147261,1.0,wesad_s7,wesad,wesad
1,0.9287116,1.0,wesad_s7,wesad,wesad
1,0.9306385,1.0,wesad_s7,wesad,wesad
1,0.90519845,1.0,wesad_s7,wesad,wesad
1,0.91845053,1.0,wesad_s7,wesad,wesad
1,0.9208937,1.0,wesad_s7,wesad,wesad
1,0.8892054,1.0,wesad_s7,wesad,wesad
1,0.8907103,1.0,wesad_s7,wesad,wesad
1,0.8958413,1.0,wesad_s7,wesad,wesad
1,0.87888145,1.0,wesad_s7,wesad,wesad
1,0.87296486,1.0,wesad_s7,wesad,wesad
1,0.9206345,1.0,wesad_s7,wesad,wesad
1,0.91652834,1.0,wesad_s7,wesad,wesad
1,0.92626554,1.0,wesad_s7,wesad,wesad
1,0.9462445,1.0,wesad_s7,wesad,wesad
1,0.944738,1.0,wesad_s7,wesad,wesad
1,0.9127436,1.0,wesad_s7,wesad,wesad
1,0.84215736,1.0,wesad_s7,wesad,wesad
1,0.83121365,1.0,wesad_s7,wesad,wesad
1,0.8315684,1.0,wesad_s7,wesad,wesad
1,0.89172417,1.0,wesad_s7,wesad,wesad
1,0.9182159,1.0,wesad_s7,wesad,wesad
1,0.86178726,1.0,wesad_s7,wesad,wesad
1,0.8454406,1.0,wesad_s7,wesad,wesad
1,0.88352996,1.0,wesad_s7,wesad,wesad
1,0.914374,1.0,wesad_s7,wesad,wesad
1,0.9085311,1.0,wesad_s7,wesad,wesad
1,0.9234788,1.0,wesad_s7,wesad,wesad
1,0.9294663,1.0,wesad_s7,wesad,wesad
1,0.92173076,1.0,wesad_s7,wesad,wesad
1,0.9399582,1.0,wesad_s7,wesad,wesad
1,0.9447808,1.0,wesad_s7,wesad,wesad
1,0.9548761,1.0,wesad_s7,wesad,wesad
1,0.94676566,1.0,wesad_s7,wesad,wesad
1,0.932451,1.0,wesad_s7,wesad,wesad
1,0.9232365,1.0,wesad_s7,wesad,wesad
1,0.8758316,1.0,wesad_s7,wesad,wesad
1,0.924589,1.0,wesad_s7,wesad,wesad
1,0.9555203,1.0,wesad_s7,wesad,wesad
1,0.94171774,1.0,wesad_s7,wesad,wesad
1,0.92508847,1.0,wesad_s7,wesad,wesad
1,0.8957673,1.0,wesad_s7,wesad,wesad
1,0.84139264,1.0,wesad_s7,wesad,wesad
1,0.817904,1.0,wesad_s7,wesad,wesad
1,0.81555974,1.0,wesad_s7,wesad,wesad
1,0.8591262,1.0,wesad_s7,wesad,wesad
1,0.90394884,1.0,wesad_s7,wesad,wesad
1,0.9256348,1.0,wesad_s7,wesad,wesad
1,0.9340154,1.0,wesad_s7,wesad,wesad
1,0.90900797,1.0,wesad_s7,wesad,wesad
1,0.86041176,1.0,wesad_s7,wesad,wesad
1,0.85599256,1.0,wesad_s7,wesad,wesad
1,0.836164,1.0,wesad_s7,wesad,wesad
1,0.82137316,1.0,wesad_s7,wesad,wesad
1,0.8112472,1.0,wesad_s7,wesad,wesad
1,0.8276426,1.0,wesad_s7,wesad,wesad
0,0.46959653,1.0,wesad_s14,wesad,wesad
0,0.4600968,1.0,wesad_s14,wesad,wesad
0,0.4649172,1.0,wesad_s14,wesad,wesad
0,0.45988914,1.0,wesad_s14,wesad,wesad
0,0.4502243,1.0,wesad_s14,wesad,wesad
0,0.4838098,1.0,wesad_s14,wesad,wesad
0,0.50041646,1.0,wesad_s14,wesad,wesad
0,0.5122245,1.0,wesad_s14,wesad,wesad
0,0.5090528,1.0,wesad_s14,wesad,wesad
0,0.4877853,1.0,wesad_s14,wesad,wesad
0,0.4752381,1.0,wesad_s14,wesad,wesad
0,0.46969453,1.0,wesad_s14,wesad,wesad
0,0.49230415,1.0,wesad_s14,wesad,wesad
0,0.49479356,1.0,wesad_s14,wesad,wesad
0,0.46747756,1.0,wesad_s14,wesad,wesad
0,0.45819333,1.0,wesad_s14,wesad,wesad
0,0.457238,1.0,wesad_s14,wesad,wesad
0,0.46607977,1.0,wesad_s14,wesad,wesad
0,0.48449424,1.0,wesad_s14,wesad,wesad
0,0.47943756,1.0,wesad_s14,wesad,wesad
0,0.47951344,1.0,wesad_s14,wesad,wesad
0,0.5033292,1.0,wesad_s14,wesad,wesad
0,0.5158609,1.0,wesad_s14,wesad,wesad
0,0.50379723,1.0,wesad_s14,wesad,wesad
0,0.49444908,1.0,wesad_s14,wesad,wesad
0,0.4729705,1.0,wesad_s14,wesad,wesad
0,0.47188756,1.0,wesad_s14,wesad,wesad
0,0.48082268,1.0,wesad_s14,wesad,wesad
0,0.4730683,1.0,wesad_s14,wesad,wesad
0,0.47242758,1.0,wesad_s14,wesad,wesad
0,0.4607653,1.0,wesad_s14,wesad,wesad
0,0.45082694,1.0,wesad_s14,wesad,wesad
0,0.45998672,1.0,wesad_s14,wesad,wesad
0,0.5133391,1.0,wesad_s14,wesad,wesad
0,0.4734806,1.0,wesad_s14,wesad,wesad
0,0.45707393,1.0,wesad_s14,wesad,wesad
0,0.43803185,1.0,wesad_s14,wesad,wesad
0,0.43995956,1.0,wesad_s14,wesad,wesad
0,0.44789204,1.0,wesad_s14,wesad,wesad
0,0.45233017,1.0,wesad_s14,wesad,wesad
0,0.451555,1.0,wesad_s14,wesad,wesad
0,0.44657114,1.0,wesad_s14,wesad,wesad
0,0.442845,1.0,wesad_s14,wesad,wesad
0,0.4540051,1.0,wesad_s14,wesad,wesad
0,0.46592742,1.0,wesad_s14,wesad,wesad
0,0.46630684,1.0,wesad_s14,wesad,wesad
0,0.4696661,1.0,wesad_s14,wesad,wesad
0,0.46981898,1.0,wesad_s14,wesad,wesad
0,0.47950438,1.0,wesad_s14,wesad,wesad
0,0.4736796,1.0,wesad_s14,wesad,wesad
0,0.46384883,1.0,wesad_s14,wesad,wesad
0,0.450051,1.0,wesad_s14,wesad,wesad
0,0.451398,1.0,wesad_s14,wesad,wesad
0,0.45445153,1.0,wesad_s14,wesad,wesad
0,0.45868728,1.0,wesad_s14,wesad,wesad
0,0.44634235,1.0,wesad_s14,wesad,wesad
0,0.46965307,1.0,wesad_s14,wesad,wesad
0,0.46675918,1.0,wesad_s14,wesad,wesad
0,0.473798,1.0,wesad_s14,wesad,wesad
0,0.47168416,1.0,wesad_s14,wesad,wesad
0,0.48707002,1.0,wesad_s14,wesad,wesad
0,0.48960575,1.0,wesad_s14,wesad,wesad
0,0.47741276,1.0,wesad_s14,wesad,wesad
0,0.4620628,1.0,wesad_s14,wesad,wesad
0,0.53429544,1.0,wesad_s14,wesad,wesad
0,0.604121,1.0,wesad_s14,wesad,wesad
0,0.43123728,1.0,wesad_s14,wesad,wesad
0,0.6020698,1.0,wesad_s14,wesad,wesad
0,0.5925433,1.0,wesad_s14,wesad,wesad
0,0.5310739,1.0,wesad_s14,wesad,wesad
0,0.5056846,1.0,wesad_s14,wesad,wesad
0,0.48442677,1.0,wesad_s14,wesad,wesad
0,0.47043064,1.0,wesad_s14,wesad,wesad
0,0.47580782,1.0,wesad_s14,wesad,wesad
0,0.48056224,1.0,wesad_s14,wesad,wesad
0,0.47757345,1.0,wesad_s14,wesad,wesad
0,0.48353454,1.0,wesad_s14,wesad,wesad
0,0.42383894,1.0,wesad_s14,wesad,wesad
0,0.4840963,1.0,wesad_s14,wesad,wesad
0,0.4770993,1.0,wesad_s14,wesad,wesad
0,0.47644877,1.0,wesad_s14,wesad,wesad
0,0.49244627,1.0,wesad_s14,wesad,wesad
0,0.48779666,1.0,wesad_s14,wesad,wesad
0,0.476551,1.0,wesad_s14,wesad,wesad
0,0.47403583,1.0,wesad_s14,wesad,wesad
0,0.46592852,1.0,wesad_s14,wesad,wesad
0,0.50169426,1.0,wesad_s14,wesad,wesad
0,0.55641264,1.0,wesad_s14,wesad,wesad
0,0.42379037,1.0,wesad_s14,wesad,wesad
0,0.5328962,1.0,wesad_s14,wesad,wesad
0,0.4811606,1.0,wesad_s14,wesad,wesad
0,0.49080396,1.0,wesad_s14,wesad,wesad
0,0.5709184,1.0,wesad_s14,wesad,wesad
0,0.58146006,1.0,wesad_s14,wesad,wesad
0,0.5241686,1.0,wesad_s14,wesad,wesad
0,0.47791368,1.0,wesad_s14,wesad,wesad
0,0.4708291,1.0,wesad_s14,wesad,wesad
0,0.50098413,1.0,wesad_s14,wesad,wesad
0,0.49696013,1.0,wesad_s14,wesad,wesad
0,0.430797,1.0,wesad_s14,wesad,wesad
0,0.49154723,1.0,wesad_s14,wesad,wesad
0,0.5133815,1.0,wesad_s14,wesad,wesad
0,0.5370689,1.0,wesad_s14,wesad,wesad
0,0.51727784,1.0,wesad_s14,wesad,wesad
0,0.5066149,1.0,wesad_s14,wesad,wesad
0,0.5150003,1.0,wesad_s14,wesad,wesad
0,0.48798096,1.0,wesad_s14,wesad,wesad
0,0.5020376,1.0,wesad_s14,wesad,wesad
0,0.5177011,1.0,wesad_s14,wesad,wesad
0,0.48409003,1.0,wesad_s14,wesad,wesad
0,0.44245583,1.0,wesad_s14,wesad,wesad
0,0.49927136,1.0,wesad_s14,wesad,wesad
0,0.49737138,1.0,wesad_s14,wesad,wesad
0,0.48055038,1.0,wesad_s14,wesad,wesad
0,0.47883758,1.0,wesad_s14,wesad,wesad
0,0.46899873,1.0,wesad_s14,wesad,wesad
0,0.4725659,1.0,wesad_s14,wesad,wesad
0,0.4773079,1.0,wesad_s14,wesad,wesad
0,0.4753323,1.0,wesad_s14,wesad,wesad
0,0.4682406,1.0,wesad_s14,wesad,wesad
0,0.4719538,1.0,wesad_s14,wesad,wesad
0,0.4422303,1.0,wesad_s14,wesad,wesad
0,0.47889048,1.0,wesad_s14,wesad,wesad
0,0.4820115,1.0,wesad_s14,wesad,wesad
0,0.48004556,1.0,wesad_s14,wesad,wesad
0,0.49010155,1.0,wesad_s14,wesad,wesad
0,0.5059765,1.0,wesad_s14,wesad,wesad
0,0.49387535,1.0,wesad_s14,wesad,wesad
0,0.48525053,1.0,wesad_s14,wesad,wesad
0,0.46734744,1.0,wesad_s14,wesad,wesad
0,0.46247143,1.0,wesad_s14,wesad,wesad
0,0.48301867,1.0,wesad_s14,wesad,wesad
0,0.43855157,1.0,wesad_s14,wesad,wesad
0,0.5023543,1.0,wesad_s14,wesad,wesad
0,0.528309,1.0,wesad_s14,wesad,wesad
0,0.5244965,1.0,wesad_s14,wesad,wesad
0,0.4843014,1.0,wesad_s14,wesad,wesad
0,0.46846902,1.0,wesad_s14,wesad,wesad
0,0.47301412,1.0,wesad_s14,wesad,wesad
0,0.4696905,1.0,wesad_s14,wesad,wesad
0,0.4695758,1.0,wesad_s14,wesad,wesad
0,0.47723326,1.0,wesad_s14,wesad,wesad
0,0.49588072,1.0,wesad_s14,wesad,wesad
0,0.44446483,1.0,wesad_s14,wesad,wesad
0,0.54522675,1.0,wesad_s14,wesad,wesad
0,0.57849926,1.0,wesad_s14,wesad,wesad
0,0.58192635,1.0,wesad_s14,wesad,wesad
0,0.51761556,1.0,wesad_s14,wesad,wesad
0,0.4818928,1.0,wesad_s14,wesad,wesad
0,0.50373465,1.0,wesad_s14,wesad,wesad
0,0.47726095,1.0,wesad_s14,wesad,wesad
0,0.46045983,1.0,wesad_s14,wesad,wesad
0,0.47435153,1.0,wesad_s14,wesad,wesad
0,0.480733,1.0,wesad_s14,wesad,wesad
0,0.4483249,1.0,wesad_s14,wesad,wesad
0,0.49567893,1.0,wesad_s14,wesad,wesad
0,0.44178522,1.0,wesad_s14,wesad,wesad
0,0.47348645,1.0,wesad_s14,wesad,wesad
0,0.5046634,1.0,wesad_s14,wesad,wesad
0,0.57110256,1.0,wesad_s14,wesad,wesad
0,0.5708791,1.0,wesad_s14,wesad,wesad
0,0.47552997,1.0,wesad_s14,wesad,wesad
0,0.43238306,1.0,wesad_s14,wesad,wesad
0,0.4279825,1.0,wesad_s14,wesad,wesad
0,0.4458643,1.0,wesad_s14,wesad,wesad
0,0.46883762,1.0,wesad_s14,wesad,wesad
0,0.47848874,1.0,wesad_s14,wesad,wesad
0,0.4968,1.0,wesad_s14,wesad,wesad
0,0.5162102,1.0,wesad_s14,wesad,wesad
0,0.5166582,1.0,wesad_s14,wesad,wesad
0,0.53051114,1.0,wesad_s14,wesad,wesad
0,0.49527517,1.0,wesad_s14,wesad,wesad
0,0.46526796,1.0,wesad_s14,wesad,wesad
0,0.5077057,1.0,wesad_s14,wesad,wesad
0,0.4916828,1.0,wesad_s14,wesad,wesad
0,0.4629121,1.0,wesad_s14,wesad,wesad
0,0.47719744,1.0,wesad_s14,wesad,wesad
0,0.47856286,1.0,wesad_s14,wesad,wesad
0,0.45491806,1.0,wesad_s14,wesad,wesad
0,0.45147,1.0,wesad_s14,wesad,wesad
0,0.48244435,1.0,wesad_s14,wesad,wesad
0,0.5462402,1.0,wesad_s14,wesad,wesad
0,0.48746383,1.0,wesad_s14,wesad,wesad
0,0.46027642,1.0,wesad_s14,wesad,wesad
0,0.44373056,1.0,wesad_s14,wesad,wesad
0,0.4465068,1.0,wesad_s14,wesad,wesad
0,0.45547754,1.0,wesad_s14,wesad,wesad
0,0.4550465,1.0,wesad_s14,wesad,wesad
0,0.45745766,1.0,wesad_s14,wesad,wesad
0,0.4629165,1.0,wesad_s14,wesad,wesad
0,0.45150504,1.0,wesad_s14,wesad,wesad
0,0.44768283,1.0,wesad_s14,wesad,wesad
0,0.5422656,1.0,wesad_s14,wesad,wesad
0,0.45729423,1.0,wesad_s14,wesad,wesad
0,0.46557003,1.0,wesad_s14,wesad,wesad
0,0.4704644,1.0,wesad_s14,wesad,wesad
0,0.47874042,1.0,wesad_s14,wesad,wesad
0,0.49114665,1.0,wesad_s14,wesad,wesad
0,0.4848592,1.0,wesad_s14,wesad,wesad
0,0.46366608,1.0,wesad_s14,wesad,wesad
0,0.44421875,1.0,wesad_s14,wesad,wesad
0,0.4412305,1.0,wesad_s14,wesad,wesad
0,0.44409105,1.0,wesad_s14,wesad,wesad
0,0.49959335,1.0,wesad_s14,wesad,wesad
0,0.4606062,1.0,wesad_s14,wesad,wesad
0,0.4856689,1.0,wesad_s14,wesad,wesad
0,0.50377786,1.0,wesad_s14,wesad,wesad
0,0.5437682,1.0,wesad_s14,wesad,wesad
0,0.5666125,1.0,wesad_s14,wesad,wesad
0,0.5363667,1.0,wesad_s14,wesad,wesad
0,0.47449303,1.0,wesad_s14,wesad,wesad
0,0.45931956,1.0,wesad_s14,wesad,wesad
0,0.4864482,1.0,wesad_s14,wesad,wesad
0,0.4790632,1.0,wesad_s14,wesad,wesad
0,0.47962132,1.0,wesad_s14,wesad,wesad
0,0.45340034,1.0,wesad_s14,wesad,wesad
0,0.44355753,1.0,wesad_s14,wesad,wesad
0,0.44477233,1.0,wesad_s14,wesad,wesad
0,0.44211966,1.0,wesad_s14,wesad,wesad
0,0.44500124,1.0,wesad_s14,wesad,wesad
0,0.43960756,1.0,wesad_s14,wesad,wesad
0,0.4461374,1.0,wesad_s14,wesad,wesad
0,0.4540335,1.0,wesad_s14,wesad,wesad
0,0.4558774,1.0,wesad_s14,wesad,wesad
0,0.45912725,1.0,wesad_s14,wesad,wesad
0,0.475257,1.0,wesad_s14,wesad,wesad
0,0.45730907,1.0,wesad_s14,wesad,wesad
0,0.4584966,1.0,wesad_s14,wesad,wesad
0,0.4550996,1.0,wesad_s14,wesad,wesad
0,0.45528,1.0,wesad_s14,wesad,wesad
0,0.4577425,1.0,wesad_s14,wesad,wesad
0,0.47549394,1.0,wesad_s14,wesad,wesad
0,0.51218134,1.0,wesad_s14,wesad,wesad
0,0.5236903,1.0,wesad_s14,wesad,wesad
0,0.5238497,1.0,wesad_s14,wesad,wesad
0,0.5042265,1.0,wesad_s14,wesad,wesad
1,0.906804,1.0,wesad_s14,wesad,wesad
1,0.8850818,1.0,wesad_s14,wesad,wesad
1,0.8906997,1.0,wesad_s14,wesad,wesad
1,0.89709127,1.0,wesad_s14,wesad,wesad
1,0.89733136,1.0,wesad_s14,wesad,wesad
1,0.8815625,1.0,wesad_s14,wesad,wesad
1,0.8610946,1.0,wesad_s14,wesad,wesad
1,0.87189716,1.0,wesad_s14,wesad,wesad
1,0.85638165,1.0,wesad_s14,wesad,wesad
1,0.84839815,1.0,wesad_s14,wesad,wesad
1,0.84823084,1.0,wesad_s14,wesad,wesad
1,0.83185893,1.0,wesad_s14,wesad,wesad
1,0.83531225,1.0,wesad_s14,wesad,wesad
1,0.8150234,1.0,wesad_s14,wesad,wesad
1,0.79097235,1.0,wesad_s14,wesad,wesad
1,0.81729215,1.0,wesad_s14,wesad,wesad
1,0.81017464,1.0,wesad_s14,wesad,wesad
1,0.8343593,1.0,wesad_s14,wesad,wesad
1,0.8204561,1.0,wesad_s14,wesad,wesad
1,0.8055698,1.0,wesad_s14,wesad,wesad
1,0.83775645,1.0,wesad_s14,wesad,wesad
1,0.8031616,1.0,wesad_s14,wesad,wesad
1,0.79824394,1.0,wesad_s14,wesad,wesad
1,0.83404535,1.0,wesad_s14,wesad,wesad
1,0.84152794,1.0,wesad_s14,wesad,wesad
1,0.86215883,1.0,wesad_s14,wesad,wesad
1,0.87449497,1.0,wesad_s14,wesad,wesad
1,0.8804252,1.0,wesad_s14,wesad,wesad
1,0.8784982,1.0,wesad_s14,wesad,wesad
1,0.8637116,1.0,wesad_s14,wesad,wesad
1,0.8644991,1.0,wesad_s14,wesad,wesad
1,0.8613592,1.0,wesad_s14,wesad,wesad
1,0.8461729,1.0,wesad_s14,wesad,wesad
1,0.82749104,1.0,wesad_s14,wesad,wesad
1,0.8354992,1.0,wesad_s14,wesad,wesad
1,0.8539268,1.0,wesad_s14,wesad,wesad
1,0.8411179,1.0,wesad_s14,wesad,wesad
1,0.8379853,1.0,wesad_s14,wesad,wesad
1,0.84299767,1.0,wesad_s14,wesad,wesad
1,0.84824425,1.0,wesad_s14,wesad,wesad
1,0.86595035,1.0,wesad_s14,wesad,wesad
1,0.87574893,1.0,wesad_s14,wesad,wesad
1,0.8724237,1.0,wesad_s14,wesad,wesad
1,0.86984754,1.0,wesad_s14,wesad,wesad
1,0.86519116,1.0,wesad_s14,wesad,wesad
1,0.85358626,1.0,wesad_s14,wesad,wesad
1,0.8595559,1.0,wesad_s14,wesad,wesad
1,0.8563782,1.0,wesad_s14,wesad,wesad
1,0.83307624,1.0,wesad_s14,wesad,wesad
1,0.80632704,1.0,wesad_s14,wesad,wesad
1,0.80547285,1.0,wesad_s14,wesad,wesad
1,0.81088716,1.0,wesad_s14,wesad,wesad
1,0.8190383,1.0,wesad_s14,wesad,wesad
1,0.84092325,1.0,wesad_s14,wesad,wesad
1,0.8378794,1.0,wesad_s14,wesad,wesad
1,0.83966637,1.0,wesad_s14,wesad,wesad
1,0.82007027,1.0,wesad_s14,wesad,wesad
1,0.81548864,1.0,wesad_s14,wesad,wesad
1,0.7917201,1.0,wesad_s14,wesad,wesad
1,0.76106465,1.0,wesad_s14,wesad,wesad
1,0.78511804,1.0,wesad_s14,wesad,wesad
1,0.81732816,1.0,wesad_s14,wesad,wesad
1,0.8547869,1.0,wesad_s14,wesad,wesad
1,0.85703564,1.0,wesad_s14,wesad,wesad
1,0.8049679,1.0,wesad_s14,wesad,wesad
1,0.752347,1.0,wesad_s14,wesad,wesad
1,0.77686113,1.0,wesad_s14,wesad,wesad
1,0.7859306,1.0,wesad_s14,wesad,wesad
1,0.7694385,1.0,wesad_s14,wesad,wesad
1,0.8350949,1.0,wesad_s14,wesad,wesad
1,0.89386326,1.0,wesad_s14,wesad,wesad
1,0.89232224,1.0,wesad_s14,wesad,wesad
1,0.86843204,1.0,wesad_s14,wesad,wesad
1,0.84463567,1.0,wesad_s14,wesad,wesad
1,0.83655477,1.0,wesad_s14,wesad,wesad
1,0.8501367,1.0,wesad_s14,wesad,wesad
1,0.87774736,1.0,wesad_s14,wesad,wesad
1,0.8835869,1.0,wesad_s14,wesad,wesad
1,0.86712027,1.0,wesad_s14,wesad,wesad
1,0.8560988,1.0,wesad_s14,wesad,wesad
1,0.84278107,1.0,wesad_s14,wesad,wesad
1,0.85133344,1.0,wesad_s14,wesad,wesad
1,0.85568756,1.0,wesad_s14,wesad,wesad
1,0.7659138,1.0,wesad_s14,wesad,wesad
1,0.7795798,1.0,wesad_s14,wesad,wesad
1,0.8420488,1.0,wesad_s14,wesad,wesad
1,0.82604706,1.0,wesad_s14,wesad,wesad
1,0.8209573,1.0,wesad_s14,wesad,wesad
1,0.8263323,1.0,wesad_s14,wesad,wesad
1,0.814652,1.0,wesad_s14,wesad,wesad
1,0.7960301,1.0,wesad_s14,wesad,wesad
1,0.7846813,1.0,wesad_s14,wesad,wesad
1,0.79932576,1.0,wesad_s14,wesad,wesad
1,0.7790217,1.0,wesad_s14,wesad,wesad
1,0.7107461,1.0,wesad_s14,wesad,wesad
1,0.7351162,1.0,wesad_s14,wesad,wesad
1,0.783727,1.0,wesad_s14,wesad,wesad
1,0.798858,1.0,wesad_s14,wesad,wesad
1,0.76836485,1.0,wesad_s14,wesad,wesad
1,0.7641971,1.0,wesad_s14,wesad,wesad
1,0.772453,1.0,wesad_s14,wesad,wesad
1,0.79665226,1.0,wesad_s14,wesad,wesad
1,0.8478065,1.0,wesad_s14,wesad,wesad
1,0.85435736,1.0,wesad_s14,wesad,wesad
1,0.7683792,1.0,wesad_s14,wesad,wesad
1,0.7204269,1.0,wesad_s14,wesad,wesad
1,0.7593626,1.0,wesad_s14,wesad,wesad
1,0.74416775,1.0,wesad_s14,wesad,wesad
1,0.74842036,1.0,wesad_s14,wesad,wesad
1,0.7400719,1.0,wesad_s14,wesad,wesad
1,0.725115,1.0,wesad_s14,wesad,wesad
1,0.74074185,1.0,wesad_s14,wesad,wesad
1,0.7303492,1.0,wesad_s14,wesad,wesad
1,0.7370512,1.0,wesad_s14,wesad,wesad
1,0.74367046,1.0,wesad_s14,wesad,wesad
1,0.7211881,1.0,wesad_s14,wesad,wesad
1,0.7527289,1.0,wesad_s14,wesad,wesad
1,0.7458137,1.0,wesad_s14,wesad,wesad
1,0.73317724,1.0,wesad_s14,wesad,wesad
1,0.7269441,1.0,wesad_s14,wesad,wesad
1,0.70406985,1.0,wesad_s14,wesad,wesad
1,0.6688288,1.0,wesad_s14,wesad,wesad
1,0.6676923,1.0,wesad_s14,wesad,wesad
1,0.7544487,1.0,wesad_s14,wesad,wesad
1,0.7576156,1.0,wesad_s14,wesad,wesad
1,0.68471515,1.0,wesad_s14,wesad,wesad
1,0.68990916,1.0,wesad_s14,wesad,wesad
1,0.71005404,1.0,wesad_s14,wesad,wesad
1,0.6798001,1.0,wesad_s14,wesad,wesad
1,0.6465395,1.0,wesad_s14,wesad,wesad
1,0.6313861,1.0,wesad_s14,wesad,wesad
1,0.6774484,1.0,wesad_s14,wesad,wesad
1,0.7372968,1.0,wesad_s14,wesad,wesad
1,0.7689798,1.0,wesad_s14,wesad,wesad
1,0.76792514,1.0,wesad_s14,wesad,wesad
0,0.070218064,1.0,wesad_s17,wesad,wesad
0,0.06528487,1.0,wesad_s17,wesad,wesad
0,0.07303597,1.0,wesad_s17,wesad,wesad
0,0.13046655,1.0,wesad_s17,wesad,wesad
0,0.21187614,1.0,wesad_s17,wesad,wesad
0,0.19319217,1.0,wesad_s17,wesad,wesad
0,0.09693225,1.0,wesad_s17,wesad,wesad
0,0.074449055,1.0,wesad_s17,wesad,wesad
0,0.08346589,1.0,wesad_s17,wesad,wesad
0,0.08761249,1.0,wesad_s17,wesad,wesad
0,0.080564365,1.0,wesad_s17,wesad,wesad
0,0.07770958,1.0,wesad_s17,wesad,wesad
0,0.07558467,1.0,wesad_s17,wesad,wesad
0,0.073540226,1.0,wesad_s17,wesad,wesad
0,0.07838889,1.0,wesad_s17,wesad,wesad
0,0.08053883,1.0,wesad_s17,wesad,wesad
0,0.07669481,1.0,wesad_s17,wesad,wesad
0,0.08036693,1.0,wesad_s17,wesad,wesad
0,0.08832184,1.0,wesad_s17,wesad,wesad
0,0.08580964,1.0,wesad_s17,wesad,wesad
0,0.09106534,1.0,wesad_s17,wesad,wesad
0,0.09174447,1.0,wesad_s17,wesad,wesad
0,0.08600839,1.0,wesad_s17,wesad,wesad
0,0.07849766,1.0,wesad_s17,wesad,wesad
0,0.07275167,1.0,wesad_s17,wesad,wesad
0,0.06424605,1.0,wesad_s17,wesad,wesad
0,0.058557853,1.0,wesad_s17,wesad,wesad
0,0.052015718,1.0,wesad_s17,wesad,wesad
0,0.061616343,1.0,wesad_s17,wesad,wesad
0,0.09502462,1.0,wesad_s17,wesad,wesad
0,0.09747878,1.0,wesad_s17,wesad,wesad
0,0.06367106,1.0,wesad_s17,wesad,wesad
0,0.06486703,1.0,wesad_s17,wesad,wesad
0,0.051269446,1.0,wesad_s17,wesad,wesad
0,0.044274334,1.0,wesad_s17,wesad,wesad
0,0.05791239,1.0,wesad_s17,wesad,wesad
0,0.07156439,1.0,wesad_s17,wesad,wesad
0,0.07325374,1.0,wesad_s17,wesad,wesad
0,0.07235739,1.0,wesad_s17,wesad,wesad
0,0.06446141,1.0,wesad_s17,wesad,wesad
0,0.058064256,1.0,wesad_s17,wesad,wesad
0,0.14895989,1.0,wesad_s17,wesad,wesad
0,0.28416526,1.0,wesad_s17,wesad,wesad
0,0.21876383,1.0,wesad_s17,wesad,wesad
0,0.17239109,1.0,wesad_s17,wesad,wesad
0,0.09792217,1.0,wesad_s17,wesad,wesad
0,0.08360158,1.0,wesad_s17,wesad,wesad
0,0.08574966,1.0,wesad_s17,wesad,wesad
0,0.081698075,1.0,wesad_s17,wesad,wesad
0,0.0808218,1.0,wesad_s17,wesad,wesad
0,0.07790634,1.0,wesad_s17,wesad,wesad
0,0.078182295,1.0,wesad_s17,wesad,wesad
0,0.07685789,1.0,wesad_s17,wesad,wesad
0,0.061689153,1.0,wesad_s17,wesad,wesad
0,0.04842409,1.0,wesad_s17,wesad,wesad
0,0.056041643,1.0,wesad_s17,wesad,wesad
0,0.059960525,1.0,wesad_s17,wesad,wesad
0,0.060165282,1.0,wesad_s17,wesad,wesad
0,0.058467768,1.0,wesad_s17,wesad,wesad
0,0.066657685,1.0,wesad_s17,wesad,wesad
0,0.070833966,1.0,wesad_s17,wesad,wesad
0,0.076619744,1.0,wesad_s17,wesad,wesad
0,0.118351355,1.0,wesad_s17,wesad,wesad
0,0.1855308,1.0,wesad_s17,wesad,wesad
0,0.122246504,1.0,wesad_s17,wesad,wesad
0,0.065622814,1.0,wesad_s17,wesad,wesad
0,0.07147953,1.0,wesad_s17,wesad,wesad
0,0.07778825,1.0,wesad_s17,wesad,wesad
0,0.06459746,1.0,wesad_s17,wesad,wesad
0,0.057857003,1.0,wesad_s17,wesad,wesad
0,0.05530045,1.0,wesad_s17,wesad,wesad
0,0.04463146,1.0,wesad_s17,wesad,wesad
0,0.04055579,1.0,wesad_s17,wesad,wesad
0,0.042839907,1.0,wesad_s17,wesad,wesad
0,0.045712527,1.0,wesad_s17,wesad,wesad
0,0.046456996,1.0,wesad_s17,wesad,wesad
0,0.053713143,1.0,wesad_s17,wesad,wesad
0,0.24431473,1.0,wesad_s17,wesad,wesad
0,0.75876224,1.0,wesad_s17,wesad,wesad
0,0.8397241,1.0,wesad_s17,wesad,wesad
0,0.47452268,1.0,wesad_s17,wesad,wesad
0,0.65193963,1.0,wesad_s17,wesad,wesad
0,0.12018875,1.0,wesad_s17,wesad,wesad
0,0.05003836,1.0,wesad_s17,wesad,wesad
0,0.087365426,1.0,wesad_s17,wesad,wesad
0,0.10152655,1.0,wesad_s17,wesad,wesad
0,0.08413657,1.0,wesad_s17,wesad,wesad
0,0.07678977,1.0,wesad_s17,wesad,wesad
0,0.06433156,1.0,wesad_s17,wesad,wesad
0,0.05865946,1.0,wesad_s17,wesad,wesad
0,0.070042156,1.0,wesad_s17,wesad,wesad
0,0.7071315,1.0,wesad_s17,wesad,wesad
0,0.072634704,1.0,wesad_s17,wesad,wesad
0,0.07697672,1.0,wesad_s17,wesad,wesad
0,0.09161871,1.0,wesad_s17,wesad,wesad
0,0.08622257,1.0,wesad_s17,wesad,wesad
0,0.08028982,1.0,wesad_s17,wesad,wesad
0,0.06733426,1.0,wesad_s17,wesad,wesad
0,0.073537655,1.0,wesad_s17,wesad,wesad
0,0.085825264,1.0,wesad_s17,wesad,wesad
0,0.09243828,1.0,wesad_s17,wesad,wesad
0,0.092799135,1.0,wesad_s17,wesad,wesad
0,0.7975463,1.0,wesad_s17,wesad,wesad
0,0.104046784,1.0,wesad_s17,wesad,wesad
0,0.1078578,1.0,wesad_s17,wesad,wesad
0,0.08043261,1.0,wesad_s17,wesad,wesad
0,0.064346574,1.0,wesad_s17,wesad,wesad
0,0.059251983,1.0,wesad_s17,wesad,wesad
0,0.062312733,1.0,wesad_s17,wesad,wesad
0,0.0755808,1.0,wesad_s17,wesad,wesad
0,0.09204924,1.0,wesad_s17,wesad,wesad
0,0.0813137,1.0,wesad_s17,wesad,wesad
0,0.06949243,1.0,wesad_s17,wesad,wesad
0,0.71363145,1.0,wesad_s17,wesad,wesad
0,0.06031103,1.0,wesad_s17,wesad,wesad
0,0.068302296,1.0,wesad_s17,wesad,wesad
0,0.0761918,1.0,wesad_s17,wesad,wesad
0,0.07547477,1.0,wesad_s17,wesad,wesad
0,0.09628767,1.0,wesad_s17,wesad,wesad
0,0.13917018,1.0,wesad_s17,wesad,wesad
0,0.12798567,1.0,wesad_s17,wesad,wesad
0,0.1172009,1.0,wesad_s17,wesad,wesad
0,0.11575188,1.0,wesad_s17,wesad,wesad
0,0.09034941,1.0,wesad_s17,wesad,wesad
0,0.46185037,1.0,wesad_s17,wesad,wesad
0,0.08140478,1.0,wesad_s17,wesad,wesad
0,0.07770115,1.0,wesad_s17,wesad,wesad
0,0.07056013,1.0,wesad_s17,wesad,wesad
0,0.05253189,1.0,wesad_s17,wesad,wesad
0,0.047120336,1.0,wesad_s17,wesad,wesad
0,0.05104831,1.0,wesad_s17,wesad,wesad
0,0.10920957,1.0,wesad_s17,wesad,wesad
0,0.20954376,1.0,wesad_s17,wesad,wesad
0,0.09806596,1.0,wesad_s17,wesad,wesad
0,0.053279355,1.0,wesad_s17,wesad,wesad
0,0.280885,1.0,wesad_s17,wesad,wesad
0,0.05633544,1.0,wesad_s17,wesad,wesad
0,0.07539298,1.0,wesad_s17,wesad,wesad
0,0.091769315,1.0,wesad_s17,wesad,wesad
0,0.22277577,1.0,wesad_s17,wesad,wesad
0,0.68103504,1.0,wesad_s17,wesad,wesad
0,0.81727636,1.0,wesad_s17,wesad,wesad
0,0.7623375,1.0,wesad_s17,wesad,wesad
0,0.7194006,1.0,wesad_s17,wesad,wesad
0,0.43294793,1.0,wesad_s17,wesad,wesad
0,0.12795225,1.0,wesad_s17,wesad,wesad
0,0.15569724,1.0,wesad_s17,wesad,wesad
0,0.3356953,1.0,wesad_s17,wesad,wesad
0,0.78144675,1.0,wesad_s17,wesad,wesad
0,0.8364326,1.0,wesad_s17,wesad,wesad
0,0.56122804,1.0,wesad_s17,wesad,wesad
0,0.14019749,1.0,wesad_s17,wesad,wesad
0,0.08653421,1.0,wesad_s17,wesad,wesad
0,0.13747515,1.0,wesad_s17,wesad,wesad
0,0.3628191,1.0,wesad_s17,wesad,wesad
0,0.44274998,1.0,wesad_s17,wesad,wesad
0,0.1276996,1.0,wesad_s17,wesad,wesad
0,0.13376325,1.0,wesad_s17,wesad,wesad
0,0.046637736,1.0,wesad_s17,wesad,wesad
0,0.03934152,1.0,wesad_s17,wesad,wesad
0,0.046195813,1.0,wesad_s17,wesad,wesad
0,0.051786926,1.0,wesad_s17,wesad,wesad
0,0.13319446,1.0,wesad_s17,wesad,wesad
0,0.112128034,1.0,wesad_s17,wesad,wesad
0,0.09941026,1.0,wesad_s17,wesad,wesad
0,0.10555377,1.0,wesad_s17,wesad,wesad
0,0.10520684,1.0,wesad_s17,wesad,wesad
0,0.078576036,1.0,wesad_s17,wesad,wesad
0,0.06236086,1.0,wesad_s17,wesad,wesad
0,0.053452,1.0,wesad_s17,wesad,wesad
0,0.053691506,1.0,wesad_s17,wesad,wesad
0,0.07712975,1.0,wesad_s17,wesad,wesad
0,0.102834925,1.0,wesad_s17,wesad,wesad
0,0.13862568,1.0,wesad_s17,wesad,wesad
0,0.107652366,1.0,wesad_s17,wesad,wesad
0,0.072450794,1.0,wesad_s17,wesad,wesad
0,0.10730462,1.0,wesad_s17,wesad,wesad
0,0.13009349,1.0,wesad_s17,wesad,wesad
0,0.093959026,1.0,wesad_s17,wesad,wesad
0,0.06737623,1.0,wesad_s17,wesad,wesad
0,0.066066526,1.0,wesad_s17,wesad,wesad
0,0.071830295,1.0,wesad_s17,wesad,wesad
0,0.079787314,1.0,wesad_s17,wesad,wesad
0,0.079804,1.0,wesad_s17,wesad,wesad
0,0.0749289,1.0,wesad_s17,wesad,wesad
0,0.07313837,1.0,wesad_s17,wesad,wesad
0,0.08577032,1.0,wesad_s17,wesad,wesad
0,0.082820855,1.0,wesad_s17,wesad,wesad
0,0.0805491,1.0,wesad_s17,wesad,wesad
0,0.0915872,1.0,wesad_s17,wesad,wesad
0,0.079866245,1.0,wesad_s17,wesad,wesad
0,0.07794304,1.0,wesad_s17,wesad,wesad
0,0.078408234,1.0,wesad_s17,wesad,wesad
0,0.08222989,1.0,wesad_s17,wesad,wesad
0,0.09115776,1.0,wesad_s17,wesad,wesad
0,0.08458646,1.0,wesad_s17,wesad,wesad
0,0.07673997,1.0,wesad_s17,wesad,wesad
0,0.06821588,1.0,wesad_s17,wesad,wesad
0,0.07002018,1.0,wesad_s17,wesad,wesad
0,0.061022144,1.0,wesad_s17,wesad,wesad
0,0.04834425,1.0,wesad_s17,wesad,wesad
0,0.046609975,1.0,wesad_s17,wesad,wesad
0,0.04991559,1.0,wesad_s17,wesad,wesad
0,0.06619343,1.0,wesad_s17,wesad,wesad
0,0.07144264,1.0,wesad_s17,wesad,wesad
0,0.06383271,1.0,wesad_s17,wesad,wesad
0,0.06612263,1.0,wesad_s17,wesad,wesad
0,0.07992359,1.0,wesad_s17,wesad,wesad
0,0.08898281,1.0,wesad_s17,wesad,wesad
0,0.07873525,1.0,wesad_s17,wesad,wesad
0,0.075802065,1.0,wesad_s17,wesad,wesad
0,0.09253782,1.0,wesad_s17,wesad,wesad
0,0.2806222,1.0,wesad_s17,wesad,wesad
0,0.49828565,1.0,wesad_s17,wesad,wesad
0,0.38530454,1.0,wesad_s17,wesad,wesad
0,0.20840666,1.0,wesad_s17,wesad,wesad
0,0.08165837,1.0,wesad_s17,wesad,wesad
0,0.084428355,1.0,wesad_s17,wesad,wesad
0,0.09048581,1.0,wesad_s17,wesad,wesad
0,0.08795744,1.0,wesad_s17,wesad,wesad
0,0.08087976,1.0,wesad_s17,wesad,wesad
0,0.08160429,1.0,wesad_s17,wesad,wesad
0,0.094318196,1.0,wesad_s17,wesad,wesad
0,0.11694117,1.0,wesad_s17,wesad,wesad
0,0.108412825,1.0,wesad_s17,wesad,wesad
0,0.06472996,1.0,wesad_s17,wesad,wesad
0,0.054915752,1.0,wesad_s17,wesad,wesad
0,0.04095679,1.0,wesad_s17,wesad,wesad
0,0.038181145,1.0,wesad_s17,wesad,wesad
0,0.043564353,1.0,wesad_s17,wesad,wesad
0,0.061053284,1.0,wesad_s17,wesad,wesad
0,0.072740644,1.0,wesad_s17,wesad,wesad
0,0.06622062,1.0,wesad_s17,wesad,wesad
0,0.051725805,1.0,wesad_s17,wesad,wesad
0,0.05894307,1.0,wesad_s17,wesad,wesad
0,0.07333568,1.0,wesad_s17,wesad,wesad
1,0.9368105,1.0,wesad_s17,wesad,wesad
1,0.9371544,1.0,wesad_s17,wesad,wesad
1,0.91918397,1.0,wesad_s17,wesad,wesad
1,0.908769,1.0,wesad_s17,wesad,wesad
1,0.8997042,1.0,wesad_s17,wesad,wesad
1,0.82585824,1.0,wesad_s17,wesad,wesad
1,0.75143117,1.0,wesad_s17,wesad,wesad
1,0.7957033,1.0,wesad_s17,wesad,wesad
1,0.84580666,1.0,wesad_s17,wesad,wesad
1,0.8847956,1.0,wesad_s17,wesad,wesad
1,0.8671666,1.0,wesad_s17,wesad,wesad
1,0.8083021,1.0,wesad_s17,wesad,wesad
1,0.7868236,1.0,wesad_s17,wesad,wesad
1,0.78177834,1.0,wesad_s17,wesad,wesad
1,0.8123952,1.0,wesad_s17,wesad,wesad
1,0.8742581,1.0,wesad_s17,wesad,wesad
1,0.8814437,1.0,wesad_s17,wesad,wesad
1,0.84194654,1.0,wesad_s17,wesad,wesad
1,0.84092677,1.0,wesad_s17,wesad,wesad
1,0.8006061,1.0,wesad_s17,wesad,wesad
1,0.50454533,1.0,wesad_s17,wesad,wesad
1,0.6802631,1.0,wesad_s17,wesad,wesad
1,0.8832785,1.0,wesad_s17,wesad,wesad
1,0.8596439,1.0,wesad_s17,wesad,wesad
1,0.82045233,1.0,wesad_s17,wesad,wesad
1,0.86512566,1.0,wesad_s17,wesad,wesad
1,0.8783543,1.0,wesad_s17,wesad,wesad
1,0.857126,1.0,wesad_s17,wesad,wesad
1,0.8171018,1.0,wesad_s17,wesad,wesad
1,0.767284,1.0,wesad_s17,wesad,wesad
1,0.7736184,1.0,wesad_s17,wesad,wesad
1,0.788567,1.0,wesad_s17,wesad,wesad
1,0.73731834,1.0,wesad_s17,wesad,wesad
1,0.8011377,1.0,wesad_s17,wesad,wesad
1,0.8739518,1.0,wesad_s17,wesad,wesad
1,0.9020333,1.0,wesad_s17,wesad,wesad
1,0.88209444,1.0,wesad_s17,wesad,wesad
1,0.8146762,1.0,wesad_s17,wesad,wesad
1,0.77441716,1.0,wesad_s17,wesad,wesad
1,0.78595054,1.0,wesad_s17,wesad,wesad
1,0.7801229,1.0,wesad_s17,wesad,wesad
1,0.77939945,1.0,wesad_s17,wesad,wesad
1,0.7915456,1.0,wesad_s17,wesad,wesad
1,0.80834496,1.0,wesad_s17,wesad,wesad
1,0.78125197,1.0,wesad_s17,wesad,wesad
1,0.72422403,1.0,wesad_s17,wesad,wesad
1,0.74495757,1.0,wesad_s17,wesad,wesad
1,0.79729533,1.0,wesad_s17,wesad,wesad
1,0.7761323,1.0,wesad_s17,wesad,wesad
1,0.69418913,1.0,wesad_s17,wesad,wesad
1,0.72488546,1.0,wesad_s17,wesad,wesad
1,0.65163106,1.0,wesad_s17,wesad,wesad
1,0.6702433,1.0,wesad_s17,wesad,wesad
1,0.80727214,1.0,wesad_s17,wesad,wesad
1,0.8013504,1.0,wesad_s17,wesad,wesad
1,0.8093225,1.0,wesad_s17,wesad,wesad
1,0.8639476,1.0,wesad_s17,wesad,wesad
1,0.8908996,1.0,wesad_s17,wesad,wesad
1,0.87801474,1.0,wesad_s17,wesad,wesad
1,0.8319044,1.0,wesad_s17,wesad,wesad
1,0.82128537,1.0,wesad_s17,wesad,wesad
1,0.80578107,1.0,wesad_s17,wesad,wesad
1,0.79156154,1.0,wesad_s17,wesad,wesad
1,0.8080415,1.0,wesad_s17,wesad,wesad
1,0.78097546,1.0,wesad_s17,wesad,wesad
1,0.7464282,1.0,wesad_s17,wesad,wesad
1,0.72234946,1.0,wesad_s17,wesad,wesad
1,0.66036916,1.0,wesad_s17,wesad,wesad
1,0.6552612,1.0,wesad_s17,wesad,wesad
1,0.6848626,1.0,wesad_s17,wesad,wesad
1,0.6255498,1.0,wesad_s17,wesad,wesad
1,0.5233166,1.0,wesad_s17,wesad,wesad
1,0.2986308,1.0,wesad_s17,wesad,wesad
1,0.29436392,1.0,wesad_s17,wesad,wesad
1,0.6530874,1.0,wesad_s17,wesad,wesad
1,0.7772881,1.0,wesad_s17,wesad,wesad
1,0.8372651,1.0,wesad_s17,wesad,wesad
1,0.8666628,1.0,wesad_s17,wesad,wesad
1,0.84053504,1.0,wesad_s17,wesad,wesad
1,0.86247104,1.0,wesad_s17,wesad,wesad
1,0.89121455,1.0,wesad_s17,wesad,wesad
1,0.9015915,1.0,wesad_s17,wesad,wesad
1,0.90832955,1.0,wesad_s17,wesad,wesad
1,0.9080278,1.0,wesad_s17,wesad,wesad
1,0.9211058,1.0,wesad_s17,wesad,wesad
1,0.9348684,1.0,wesad_s17,wesad,wesad
1,0.94285136,1.0,wesad_s17,wesad,wesad
1,0.9472129,1.0,wesad_s17,wesad,wesad
1,0.94577765,1.0,wesad_s17,wesad,wesad
1,0.9414018,1.0,wesad_s17,wesad,wesad
1,0.9352732,1.0,wesad_s17,wesad,wesad
1,0.9244221,1.0,wesad_s17,wesad,wesad
1,0.9195657,1.0,wesad_s17,wesad,wesad
1,0.9161363,1.0,wesad_s17,wesad,wesad
1,0.91010064,1.0,wesad_s17,wesad,wesad
1,0.9104265,1.0,wesad_s17,wesad,wesad
1,0.90854543,1.0,wesad_s17,wesad,wesad
1,0.84312457,1.0,wesad_s17,wesad,wesad
1,0.7877374,1.0,wesad_s17,wesad,wesad
1,0.7770983,1.0,wesad_s17,wesad,wesad
1,0.8344294,1.0,wesad_s17,wesad,wesad
1,0.72599274,1.0,wesad_s17,wesad,wesad
1,0.7683839,1.0,wesad_s17,wesad,wesad
1,0.8265814,1.0,wesad_s17,wesad,wesad
1,0.8589774,1.0,wesad_s17,wesad,wesad
1,0.94589996,1.0,wesad_s17,wesad,wesad
1,0.9397715,1.0,wesad_s17,wesad,wesad
1,0.9256109,1.0,wesad_s17,wesad,wesad
1,0.93101126,1.0,wesad_s17,wesad,wesad
1,0.94395,1.0,wesad_s17,wesad,wesad
1,0.9385539,1.0,wesad_s17,wesad,wesad
1,0.923094,1.0,wesad_s17,wesad,wesad
1,0.91414624,1.0,wesad_s17,wesad,wesad
1,0.90298766,1.0,wesad_s17,wesad,wesad
1,0.9253934,1.0,wesad_s17,wesad,wesad
1,0.9404173,1.0,wesad_s17,wesad,wesad
1,0.9269208,1.0,wesad_s17,wesad,wesad
1,0.9198973,1.0,wesad_s17,wesad,wesad
1,0.9172532,1.0,wesad_s17,wesad,wesad
1,0.92181826,1.0,wesad_s17,wesad,wesad
1,0.9201746,1.0,wesad_s17,wesad,wesad
1,0.93031,1.0,wesad_s17,wesad,wesad
1,0.9519529,1.0,wesad_s17,wesad,wesad
1,0.95039046,1.0,wesad_s17,wesad,wesad
1,0.9403872,1.0,wesad_s17,wesad,wesad
1,0.94123846,1.0,wesad_s17,wesad,wesad
1,0.94467235,1.0,wesad_s17,wesad,wesad
1,0.94185627,1.0,wesad_s17,wesad,wesad
1,0.91903687,1.0,wesad_s17,wesad,wesad
1,0.87995607,1.0,wesad_s17,wesad,wesad
1,0.8836742,1.0,wesad_s17,wesad,wesad
1,0.8329666,1.0,wesad_s17,wesad,wesad
1,0.8463379,1.0,wesad_s17,wesad,wesad
1,0.92885166,1.0,wesad_s17,wesad,wesad
1,0.92375916,1.0,wesad_s17,wesad,wesad
1,0.8987015,1.0,wesad_s17,wesad,wesad
1,0.8937309,1.0,wesad_s17,wesad,wesad
1,0.85874164,1.0,wesad_s17,wesad,wesad
1,0.8560176,1.0,wesad_s17,wesad,wesad
1,0.873228,1.0,wesad_s17,wesad,wesad
1,0.86549973,1.0,wesad_s17,wesad,wesad
1,0.921506,1.0,wesad_s17,wesad,wesad
1,0.9174209,1.0,wesad_s17,wesad,wesad
1,0.9214554,1.0,wesad_s17,wesad,wesad
1,0.9262104,1.0,wesad_s17,wesad,wesad
