ECG,EDA,RR
32944,9071,22889
32932,9183,22988
32924,9060,22919
32960,9123,22903
32976,9128,22797
33053,9125,22821
33144,9130,22807
33128,9119,22966
33072,9129,23039
32961,9100,22982
32864,9087,23045
32917,9095,22995
32916,9086,22929
32916,9091,22956
32984,9092,22889
33034,9085,22917
32984,9100,22883
32901,9106,23161
32832,9101,23076
32850,9090,23118
32916,9079,23085
32978,9066,22960
32964,9062,23004
32976,9157,22959
32940,9221,23225
32884,9148,23127
32881,9119,23057
32946,9136,23000
33000,9129,23210
33000,9096,23140
33024,9083,23119
32960,9127,22994
32868,9084,23057
32836,9087,23028
32804,9097,23069
32824,9093,23061
32712,9122,23077
32565,9107,23054
32316,9103,23111
32012,9093,23037
31722,9088,23205
31420,9073,23197
31088,9073,23034
30768,9070,23191
30564,9074,23140
30452,9084,23093
30621,9093,23111
31324,9107,23078
32656,9167,23221
34452,9129,23230
36517,9093,23076
39112,9096,23246
42044,9085,23084
45252,9104,23348
48384,9112,23265
50844,9104,23166
52016,9151,23276
51412,9160,23324
49488,9157,23293
47192,9157,23163
44984,9146,23288
42932,9122,23196
41135,9126,23278
39541,9134,23209
37756,9151,23319
36255,9104,23284
35288,9106,23545
34558,9119,23459
33928,9115,23493
33252,9103,23524
32728,9100,23398
32504,9099,23535
32360,9079,23447
32192,9077,23487
32012,9087,23449
31740,9095,23595
31389,9116,23511
31094,9128,23753
30848,9123,23540
30684,9113,23800
30576,9083,23598
30484,9076,23671
30420,9052,23709
30352,9071,23808
30229,9084,23727
30128,9065,23863
30098,9084,23775
30045,9150,23716
30036,9143,23972
30114,9133,23940
30236,9104,23975
30268,9093,23949
30300,9073,23868
30296,9056,23933
30342,9079,23877
30356,9081,24068
30352,9097,23983
30404,9093,24142
30552,9093,24196
30641,9079,24176
30616,9079,24205
30594,9053,24164
30508,9069,24245
30472,9065,24229
30532,9074,24359
30596,9071,24276
30628,9079,24428
30710,9080,24369
30749,9079,24631
30828,9069,24629
30912,9057,24761
30892,9047,24727
30798,9039,24805
30724,9093,24807
30743,9081,24975
30808,9091,24886
30912,9074,25057
31009,9083,24794
31073,9135,25017
31056,9115,25060
31048,9095,25214
31113,9059,24950
31094,9049,25266
31028,9053,25159
31008,9077,25092
31100,9097,25135
31154,9112,25111
31213,9129,25154
31265,9134,25105
31264,9134,25442
31204,9059,25340
31212,9046,25331
31167,9104,25377
31164,9041,25369
31138,9183,25389
31212,9167,25279
31288,9118,25372
31364,9125,25295
31392,9092,25421
31436,9085,25467
31488,9093,25393
31552,9075,25308
31616,9055,25418
31620,9051,25548
31552,9043,25227
31408,9054,25343
31404,9071,25213
31450,9081,25325
31532,9174,25213
31576,9134,25263
31628,9120,25268
31706,9116,25328
31692,9125,25276
31728,9096,25365
31760,9109,25353
31788,9103,25378
31768,9103,25474
31769,9107,25152
31847,9135,25424
31960,9117,25153
31921,9087,25413
31857,9082,25175
32000,9057,25287
32140,9045,25225
32080,9049,25206
31918,9066,25311
31744,9085,25408
31813,9089,25303
31940,9091,25209
32056,9081,25081
32184,9070,25381
32304,9061,25237
32376,9111,25143
32358,9106,25063
32367,9109,25127
32412,9100,25063
32408,9116,25175
32368,9111,25149
32320,9107,25187
32292,9097,25135
32260,9094,25159
32276,9068,25249
32316,9051,24937
32348,9125,24988
32432,9090,24980
32500,9099,25092
32448,9089,25139
32246,9100,24955
31980,9159,25052
31856,9116,25143
31844,9095,25011
31900,9076,24860
31982,9067,24858
31980,9050,24947
31930,9060,24911
31868,9078,24935
31808,9129,24876
31674,9107,24876
31529,9147,24860
31421,9108,24737
31344,9097,24838
31381,9074,24722
31416,9054,24762
31488,9053,24679
31528,9056,24724
31616,9070,24637
31680,9086,24706
31758,9141,24859
31840,9125,24718
31912,9103,24804
31989,9086,24693
32049,9071,24670
31921,9065,24654
31708,9073,24537
31684,9059,24549
31784,9066,24461
31952,9082,24735
32116,9083,24604
32184,9083,24713
32157,9146,24415
32148,9078,24583
32149,9079,24564
32220,9050,24552
32249,9046,24431
32228,9046,24543
32172,9059,24651
32161,9095,24397
32278,9109,24512
32156,9085,24489
32064,9123,24549
32052,9083,24316
32064,9054,24452
32156,9109,24404
32320,9062,24285
32416,9057,24369
32488,9065,24401
32493,9168,24180
32498,9094,24342
32520,9099,24449
32472,9065,24145
32398,9121,24308
32328,9095,24296
32368,9069,24326
32478,9066,24376
32552,9057,24292
32652,9053,24330
32660,9072,24153
32688,9134,24187
32644,9104,24143
32598,9091,24236
32584,9067,24364
32684,9048,24119
32724,9036,24217
32792,9032,24098
32806,9047,24171
32716,9141,24100
32615,9110,24199
32552,9103,24084
32633,9098,24218
32781,9084,24207
32856,9064,24030
32896,9117,24180
32956,9049,24108
32936,9072,24191
32924,9044,24297
32916,9123,24049
32894,9095,24181
32916,9108,24233
32929,9081,24053
32856,9217,24184
32752,9110,24244
32710,9065,24053
32776,9043,24007
32868,9042,24060
32828,9113,24113
32844,9084,24004
32800,9102,24060
32764,9083,24127
32816,9141,24100
32918,9091,24086
32992,9065,24261
33008,9137,24049
33036,9078,24216
33022,9055,24364
32928,9060,24141
32889,9060,24268
32932,9084,24284
32886,9091,24319
32796,9155,24367
32864,9116,24184
32916,9084,24236
32968,9056,24335
33029,9127,24394
33020,9087,24389
32937,9076,24281
32948,9095,24438
32936,9222,24593
32986,9118,24381
33048,9115,24517
33037,9089,24575
32904,9105,24580
32738,9063,24487
32688,9055,24534
32840,9095,24663
32932,9071,24809
32941,9067,24562
32968,9134,24644
32964,9116,24793
32964,9092,24654
32952,9111,24879
32967,9077,24892
33016,9065,24821
33000,9102,24982
32980,9066,25140
32924,9055,24869
32976,9067,24967
32960,9135,25147
32960,9101,25151
32988,9095,25185
33004,9090,25116
33060,9108,25289
33156,9076,25287
33144,9055,25321
33061,9137,25227
32980,9075,25425
32910,9071,25434
32908,9138,25559
32920,9125,25428
32952,9099,25579
33008,9167,25730
33085,9119,25551
33188,9098,25679
33180,9067,25857
33117,9205,25577
33065,9116,25715
33072,9097,25915
33028,9119,25806
32957,9107,25919
32912,9216,25879
32904,9156,26023
32936,9115,26149
32996,9089,25917
33056,9117,26143
33116,9084,26340
33090,9082,26052
33060,9151,26268
33084,9147,26237
33120,9124,26191
33084,9187,26340
33088,9156,26443
33092,9124,26526
33122,9119,26664
33064,9094,26425
32992,9093,26551
32944,9159,26580
33018,9122,26717
33132,9125,26871
33156,9196,26683
33184,9170,26823
33236,9144,26974
33224,9117,26727
33176,9170,26957
33117,9113,26844
33004,9099,27119
32940,9175,26851
32932,9153,27066
32988,9132,27183
33060,9186,27169
33060,9170,27130
33108,9147,27153
33133,9183,27293
33160,9146,27348
33134,9123,27221
33092,9114,27385
33084,9155,27279
33048,9159,27395
32948,9142,27459
32857,9217,27369
32820,9176,27558
32824,9161,27343
32888,9226,27612
32964,9138,27614
32949,9117,27799
32880,9162,27636
32848,9121,27617
32881,9140,27766
32900,9213,27868
32844,9178,27600
32800,9180,27783
32850,9188,27751
32964,9147,27889
33044,9194,27883
33104,9147,27845
33172,9141,27918
33260,9127,28007
33278,9137,28022
33200,9147,28077
33196,9159,28032
33200,9254,27986
33117,9157,28001
33056,9212,28175
33015,9176,28162
33052,9154,28165
33140,9138,28118
33253,9133,28207
33316,9133,28279
33276,9253,28308
33144,9197,28435
33040,9173,28174
33005,9151,28380
33028,9197,28513
33120,9143,28305
33180,9142,28311
33220,9109,28390
33225,9117,28508
33277,9182,28663
33266,9156,28397
33193,9156,28551
33044,9151,28566
32968,9241,28617
32973,9197,28612
33024,9156,28686
33048,9116,28648
33084,9107,28630
33092,9149,28757
33112,9132,28785
33134,9206,28695
33132,9184,28814
33096,9177,28965
33088,9146,28681
32982,9166,28839
32813,9119,29029
32537,9148,28823
32196,9105,28955
31888,9165,28969
31652,9136,28873
31340,9137,28904
31064,9207,29092
30817,9178,29037
30598,9161,28935
30776,9141,29044
31616,9158,29089
33136,9122,29012
35056,9103,29221
37241,9234,29176
39992,9198,29264
43132,9205,29196
46488,9181,29322
49732,9169,29263
52276,9191,29385
53352,9149,29162
52508,9150,29255
50520,9204,29375
48212,9183,29349
45952,9148,29273
43709,9156,29333
41684,9251,29420
39856,9196,29620
38008,9191,29372
36576,9180,29505
35736,9182,29703
35106,9143,29423
34446,9190,29644
33644,9124,29572
32914,9124,29694
32480,9197,29728
32229,9174,29837
32088,9167,29541
31988,9169,29785
31824,9154,29957
31588,9137,29620
31361,9191,29782
31152,9149,29828
31005,9122,29972
30864,9124,30031
30680,9125,29877
30489,9135,29929
30360,9145,29981
30296,9276,30040
30302,9191,30241
30356,9159,30045
30484,9117,30168
30540,9107,30324
30500,9161,30205
30444,9157,30316
30444,9157,30269
30453,9153,30264
30464,9138,30253
30552,9143,30376
30628,9184,30412
30688,9151,30403
30768,9108,30501
30841,9142,30389
30805,9123,30621
30828,9102,30365
30756,9175,30613
30724,9133,30665
30813,9129,30800
30846,9193,30684
30876,9145,30784
30950,9117,30855
30966,9148,30844
31006,9119,31054
31072,9105,30965
31088,9108,31108
31103,9100,30973
31132,9157,30902
31188,9157,31139
31226,9133,31220
31236,9128,31207
31268,9169,31278
31316,9119,31215
31414,9106,31318
31444,9085,31385
31384,9092,31495
31356,9099,31439
31356,9165,31474
31351,9140,31394
31376,9161,31487
31420,9128,31517
31460,9186,31533
31512,9124,31438
31572,9111,31540
31612,9083,31604
31636,9129,31573
31664,9103,31773
31765,9113,31364
31746,9170,31524
31704,9137,31589
31608,9120,31684
31606,9195,31812
31640,9144,31414
31724,9121,31669
31784,9111,31692
31816,9199,31615
31836,9131,31700
31862,9126,31837
31896,9153,31703
31961,9138,31661
31937,9124,31655
31980,9107,31405
31976,9125,31655
31982,9109,31820
31993,9080,31391
31992,9075,31519
32052,9094,31588
32134,9157,31668
32228,9124,31554
32224,9138,31561
32216,9115,31647
32201,9108,31351
32190,9091,31589
32180,9137,31622
32192,9094,31321
32252,9092,31581
32352,9086,31489
32416,9155,31541
32446,9149,31550
32480,9135,31508
32552,9104,31436
32541,9158,31485
32576,9105,31382
32636,9086,31409
32680,9073,31430
32712,9070,31487
32720,9076,31253
32696,9149,31290
32688,9111,31399
32732,9106,31176
32775,9166,31247
32840,9103,31405
32927,9078,31007
32984,9060,31170
33032,9149,31142
33088,9085,31190
33068,9073,31101
33028,9080,31100
32998,9119,30972
32952,9124,31076
32932,9089,31215
32876,9141,30980
32856,9077,31063
32844,9047,30964
32805,9095,31108
32724,9077,30725
32638,9057,31015
32584,9069,30702
32621,9079,31005
32612,9138,30668
32572,9094,30916
32584,9086,30685
32612,9050,30907
32613,9118,30802
32620,9061,30821
32621,9039,30791
32593,9045,30832
32580,9052,30813
32617,9053,30810
32688,9124,30840
32776,9086,30813
32829,9073,30749
32896,9033,30799
32904,9026,30831
32952,8997,30805
32964,9110,30746
32976,9053,30725
32976,9036,30773
33014,9061,30767
33068,9029,30667
33112,9021,30705
33132,9093,30812
33208,9011,30549
33205,8987,30565
33256,8969,30606
33304,9018,30669
33320,8999,30529
33288,8998,30660
33248,9011,30646
33252,9052,30606
33240,9015,30645
33268,8989,30605
33248,9042,30711
33255,8972,30463
33261,8954,30552
33268,8947,30633
33342,9015,30525
33456,8987,30628
33432,8978,30309
33341,9044,30459
33312,8991,30572
33321,8969,30158
33348,8949,30270
33396,8988,30304
33401,8954,30377
33479,8931,30471
33560,9015,30261
33604,8980,30298
33617,8984,30367
33628,8963,30324
33684,8992,30269
33664,8964,30215
33620,8930,30300
33624,8949,30384
33568,8918,30008
33526,8907,30200
33546,8981,30182
33605,8945,30264
33644,8930,30231
33688,8957,30295
33753,8933,30167
33788,8932,30215
33780,8900,30210
33772,8885,30204
33744,8978,30269
33688,8925,30173
33709,8902,30045
33716,8903,30215
33741,8947,29884
33740,8919,30107
33764,8907,30233
33829,8961,29853
33864,8933,30022
33836,8881,30040
33870,8879,30028
33880,8881,30041
33852,8885,30050
33832,8892,30082
33808,8887,29933
33824,8892,29940
33864,8968,29949
33824,8905,30025
33788,8876,30143
33781,8848,29863
33788,8892,29983
33796,8857,30143
33804,8845,29865
33792,8927,29991
33752,8881,30148
33752,8878,29791
33712,8870,29895
33696,8911,30054
33713,8869,30037
33756,8836,30140
33812,8819,30069
33814,8816,30198
33800,8882,29831
33804,8872,30132
33760,8883,29864
33768,8870,30196
33761,8842,30105
33789,8861,30095
33793,8831,30173
33788,8805,30268
33756,8935,30257
33736,8849,30236
33728,8826,30257
33716,8834,30348
33704,8819,30435
33712,8893,30459
33632,8842,30591
33608,8836,30413
33572,8817,30423
33596,8787,30572
33652,8765,30655
33672,8839,30833
33632,8825,30517
33568,8813,30782
33528,8799,30844
33524,8798,30727
33500,8854,30878
33516,8803,31076
33532,8781,31049
33536,8746,31109
33552,8784,31095
33557,8771,31239
33536,8761,31330
33532,8756,31156
33556,8764,31317
33550,8767,31191
33553,8827,31503
33532,8771,31719
33492,8756,31647
33504,8751,31703
33492,8717,31727
33460,8770,31813
33448,8737,31716
33444,8737,31837
33392,8821,31929
33356,8789,31949
33352,8767,32087
33352,8727,32263
33344,8761,31953
33350,8727,32100
33352,8687,32292
33328,8757,32312
33273,8709,32498
33261,8713,32109
33260,8800,32322
33249,8775,32412
33232,8768,32391
33244,8740,32477
33241,8701,32583
33250,8670,32788
33252,8813,32691
33248,8700,32639
33237,8685,32693
33252,8688,32725
33226,8685,32807
33204,8693,32894
33209,8719,32775
33209,8697,33008
33212,8658,32999
33184,8648,32901
33184,8716,32967
33173,8681,33014
33138,8665,33153
33128,8648,32908
33080,8661,33207
33081,8735,33065
33088,8703,33155
33072,8695,33221
33042,8653,33332
33012,8645,33476
32972,8614,33404
32988,8606,33579
32960,8615,33473
32945,8691,33638
32961,8664,33513
32986,8653,33668
32984,8661,33584
33012,8624,33685
32972,8607,33628
32920,8596,33584
32857,8580,33594
32832,8582,33407
32785,8682,33638
32730,8628,33841
32776,8616,33793
32800,8615,33891
32848,8601,33709
32916,8649,33856
32976,8601,33975
33020,8569,33855
33004,8551,34041
32992,8679,33920
32960,8612,34053
32972,8581,33695
33009,8604,33861
33000,8599,33965
33020,8576,34010
33041,8570,33997
33028,8544,34047
33032,8527,34068
33036,8578,34103
33009,8557,34199
33032,8548,34129
33060,8525,34172
33088,8538,33868
33065,8547,34055
33020,8618,34092
32921,8561,34124
32925,8527,34189
32952,8518,34262
32964,8482,34292
32952,8479,34215
32976,8561,34183
32960,8549,34268
32925,8530,34340
32885,8521,34532
32885,8505,34068
32856,8562,34389
32812,8495,34415
32780,8491,34471
32765,8462,34486
32740,8541,34468
32740,8486,34493
32758,8490,34404
32772,8469,34412
32764,8472,34520
32756,8529,34541
32728,8517,34586
32636,8476,34599
32485,8448,34631
32210,8448,34567
31848,8420,34580
31492,8420,34627
31160,8437,34532
30941,8469,34812
30692,8463,34687
30420,8445,34720
30158,8430,34733
30192,8520,34847
30784,8437,34532
31876,8407,34624
33628,8401,34598
35764,8414,34876
38373,8430,34617
41464,8411,34772
45040,8421,34761
48936,8530,34793
52684,8507,34668
55608,8468,34740
56900,8421,34932
56236,8424,34929
54492,8403,35033
52292,8404,34940
49592,8544,34842
46388,8454,35074
43196,8471,35033
40620,8462,35198
38164,8433,35077
35988,8394,35189
34232,8472,35108
33164,8397,35292
32372,8371,35161
31894,8390,35318
31582,8380,35216
31304,8373,35357
31037,8381,34915
30768,8412,35165
30496,8370,35239
30164,8341,35327
29848,8403,35475
29572,8353,35319
29332,8327,35446
29130,8336,35344
28961,8325,35303
28848,8333,35277
28760,8395,35320
28716,8364,35417
28728,8332,35437
28736,8300,35639
28768,8281,35520
28768,8333,35685
28765,8294,35548
28781,8291,35653
28821,8282,35564
28824,8359,35664
28844,8337,35838
28912,8307,35436
28908,8302,35695
28880,8266,35809
28852,8253,35832
28869,8293,35964
28908,8261,35612
28996,8241,35969
29076,8260,36151
29180,8309,36022
29220,8305,36181
29264,8272,36151
29289,8259,36335
29324,8255,36215
29329,8220,36423
29328,8212,36341
29365,8202,36540
29392,8207,36428
29466,8218,36636
29537,8288,36540
29568,8272,36497
29558,8242,36603
29552,8225,36716
29604,8197,36892
29648,8266,36773
29692,8237,36965
29708,8219,36902
29732,8216,37009
29792,8212,36955
29840,8212,36972
29872,8216,36982
29904,8232,37026
29928,8186,37049
29942,8310,37163
29936,8220,37127
29900,8196,37231
29888,8178,37167
29884,8175,37279
29948,8191,37183
30001,8170,37209
30041,8180,37055
30068,8179,36884
30076,8161,37111
30093,8149,37068
30136,8137,37102
30136,8124,36766
30149,8119,37204
30148,8127,36992
30148,8133,36815
30176,8201,36929
30154,8181,36774
30156,8174,37151
30169,8159,36995
30168,8134,36965
30173,8108,36759
30220,8097,36769
30284,8175,36954
30284,8132,36428
30330,8129,36734
30343,8132,36663
30329,8129,36636
30318,8188,36683
30368,8147,36571
30416,8119,36652
30436,8093,36409
30460,8125,36423
30496,8103,36527
30568,8081,36076
30604,8148,36291
30652,8125,36381
30676,8117,36161
30698,8108,36164
30746,8099,35975
30756,8116,36015
30764,8084,35914
30792,8060,35862
30857,8108,35879
30912,8085,35829
30936,8074,35712
30988,8145,35706
30948,8107,35645
30932,8091,35589
30921,8103,35169
30948,8076,35460
31030,8052,35471
31085,8103,35341
31088,8055,35399
31132,8075,34903
31181,8053,35100
31208,8121,35255
31260,8103,34802
31269,8079,34964
31296,8096,35045
31324,8046,34823
31312,8107,34591
31305,8074,34638
31324,8052,34685
31304,8031,34619
31256,8070,34556
31200,8056,34454
31222,8054,34437
31188,8094,34300
31152,8071,34303
31152,8027,34258
31181,8114,34132
31200,8023,34125
31214,8014,34076
31232,8008,33868
31284,8037,34085
31252,8026,33909
31256,8092,33733
31294,8053,33772
31356,8031,33762
31385,8127,33572
31384,8011,33580
31428,7987,33381
31445,7981,33396
31500,8018,33391
31556,8005,33444
31592,7999,33191
31636,8069,33205
31692,8035,33026
31720,7997,33049
31724,7987,32978
31728,8037,32956
31700,8017,32847
31700,7978,32895
31738,7974,32735
31725,7969,32829
31724,8027,32516
31724,8019,32557
31773,7986,32591
31828,8052,32443
31912,7981,32252
31945,7958,32246
31936,7939,32263
31916,8010,32329
31944,7972,31949
31973,7973,31973
31996,7959,32039
32013,8032,31968
32004,8005,31937
32064,7977,31760
32048,8068,31777
32004,7968,31847
32000,7953,31632
32000,7920,31546
31964,7930,31348
31964,7937,31327
31976,8015,31327
32040,7994,31304
32020,7964,31345
32033,7958,31217
32096,7927,31204
32164,7981,30956
32156,7919,31028
32148,7908,31096
32132,7990,30716
32136,7985,30768
32112,7993,30670
32104,7972,30667
32128,7972,30698
32149,7933,30436
32169,7954,30498
32180,7911,30343
32164,7901,30470
32192,7893,30288
32228,7905,30373
32260,7979,30170
32256,7968,30215
32248,7963,30057
32248,7960,30119
32284,7935,29657
32260,7935,29965
32288,7918,29575
32264,7885,29616
32212,7892,29631
32192,7974,29652
32248,7973,29519
32277,7965,29551
32320,7960,29461
32397,7959,29492
32436,7916,29587
32428,8023,29421
32436,7937,29525
32460,7902,29357
32436,7883,29191
32444,7955,29365
32444,7928,29238
32424,7929,29101
32404,7915,29122
32452,7985,29131
32481,8022,28953
32536,7958,29021
32548,7906,29046
32512,7892,29083
32453,7871,29191
32428,7950,29095
32400,7937,29151
32448,7914,29063
32492,7908,28953
32557,7977,28940
32544,7950,28989
32500,7905,28871
32500,7886,28863
32540,7860,28900
32516,7919,28969
32480,7881,29015
32472,7890,28967
32520,7895,29076
32474,7905,28919
32414,7982,29060
32352,7921,28692
32389,7908,28772
32449,7871,28652
32473,7927,28759
32516,7877,28674
32568,7875,28829
32578,7875,28773
32564,7948,28855
32576,7921,28837
32572,7900,28703
32556,7951,28775
32557,7897,28876
32556,7867,28820
32556,7934,28837
32600,7874,28738
32608,7862,28780
32600,7942,28884
32624,7898,28812
32601,8005,28774
32544,7944,28896
32552,7901,28621
32604,7876,28689
32632,7897,28904
32654,7857,28602
32696,7853,28957
32748,7926,28855
32708,7886,28737
32665,7892,28772
32620,7887,28861
32552,7962,29016
32584,7897,28703
32560,7875,28775
32560,7862,28932
32620,7911,28919
32656,7862,29029
32622,7875,28679
32615,7865,28954
32613,7885,28831
32608,7935,28927
32592,7897,29117
32570,7886,28745
32572,7932,28922
32568,7880,28918
32540,7859,28935
32544,7847,29063
32540,7917,29095
32509,7897,29199
32502,7910,28905
32517,7889,29293
32516,7894,28925
32497,7939,29138
32500,7894,29071
32508,7878,29332
32520,7867,29020
32517,7847,29167
32528,7917,29255
32532,7886,29331
32526,7909,29306
32560,7882,29349
32596,7994,29428
32597,7909,29491
32584,7893,29552
32524,7857,29468
32468,7848,29563
32428,7893,29624
32368,7863,29647
32384,7860,29736
32512,7871,29633
32545,7879,29591
32501,7884,29886
32436,7881,29804
32426,7924,29954
32408,7891,29906
32398,7869,30041
32400,7843,29750
32368,8005,29903
32334,7876,30137
32304,7902,30084
32271,7880,30137
32262,7947,30184
32260,7905,30252
32252,7882,30098
32256,7852,30257
32284,7911,30087
32332,7862,30398
32392,7852,30432
32432,7861,30621
32488,7874,30535
32576,7943,30500
32612,7944,30784
32632,7937,30691
32648,7918,30673
32656,7902,30664
32648,7874,30781
32641,7843,30885
32625,7844,30860
32656,7972,30964
32628,7905,31124
32608,7912,31116
32648,7882,31306
32652,7881,31191
32605,7970,31385
32558,7901,31281
32528,7877,31255
32524,7842,31372
32549,7896,31531
32549,7888,31631
32576,7873,31511
32597,7961,31653
32592,7940,31699
32604,7896,31845
32632,7876,32053
32612,7981,31751
32612,7863,32064
32654,7844,32105
32652,7883,32281
32672,7892,32263
32686,7876,32259
32664,7953,32460
32652,7905,32184
32664,7891,32551
32680,7873,32791
32669,7969,32708
32672,7889,32647
32657,7873,32839
32646,7854,32957
32549,7866,33063
32329,7882,33116
31996,7973,33264
31620,7948,33261
31332,7911,33428
31118,7916,33083
30840,7877,33463
30581,7864,33365
30316,7861,33661
30308,7932,33695
30924,7887,33711
32029,7911,33797
33640,7905,33860
35600,7902,34023
38013,7938,33749
40788,7923,34246
44028,7911,34183
47456,7894,34426
50704,7901,34018
53196,7892,34356
54212,7902,34484
53392,8022,34575
51792,8025,34700
49828,8037,34717
47588,8146,34777
44936,8047,34845
42304,8080,34870
40032,7982,34927
37980,7972,34787
36260,7970,35284
34880,7977,35239
34001,7983,35255
33206,7954,35272
32580,7966,35397
32193,7950,35397
31908,7909,35572
31676,8013,35663
31460,7961,35744
31192,7925,35784
30884,7921,36003
30596,7913,35909
30340,7931,36063
30130,7928,35649
29953,7928,36100
29833,7924,36125
29700,8009,36314
29608,7954,35846
29548,7948,36278
29525,7940,36150
29532,7931,36375
29580,7920,36353
29656,7923,36474
29720,7928,36638
29792,7939,36585
29836,7993,36781
29867,7983,36708
29916,7951,36900
29966,7912,36405
29972,7906,36951
29993,7907,36495
30020,7914,36903
30084,7926,36613
30108,7934,37033
30112,7940,37060
30126,8000,37133
30112,7949,37047
30136,7923,37280
30164,7903,37285
30196,7956,37239
30204,7937,37445
30217,7949,37421
30256,7936,37369
30326,7943,37511
30356,8019,37489
30408,7983,37622
30460,7949,37740
30464,7922,37871
30492,7967,37807
30524,7949,38038
30552,7943,37951
30567,7946,38044
30582,7943,38005
30576,7952,38244
30589,7961,38160
30608,8040,38266
30652,7989,38249
30676,7949,38439
30712,7950,38327
30744,7921,38516
30749,7925,38407
30768,7963,38527
30780,7966,38297
30784,7964,38407
30864,8038,38623
30908,8007,38588
30900,8015,38737
30876,7959,38604
30904,7967,38791
30916,7951,38655
30926,7965,38830
30940,7974,38690
30920,7970,38756
30924,7972,38687
30952,7979,38817
30994,7980,38743
31052,8031,38901
31068,7998,38303
31108,7960,38613
31108,7972,38708
31092,7943,38708
31080,8091,38773
31100,8021,38705
31096,8009,38709
31118,8005,38647
31193,7980,38656
31236,8066,38546
31244,7981,38633
31278,7954,38613
31258,7951,38701
31246,8001,38565
31280,7991,38635
31332,7989,38535
31392,7985,38581
31429,8059,38372
31452,8039,38308
31508,7999,38502
31520,7983,38351
31532,7964,38203
31584,8021,38270
31596,7983,38213
31664,7977,38357
31730,7996,38220
31749,8028,38221
31736,8022,38086
31760,8009,38072
31772,8036,38149
31800,7992,38046
31840,7978,38101
31896,8006,37557
31940,7989,38104
31992,8012,37925
32030,8004,37951
32016,8015,37849
31975,8061,37860
31996,8046,37782
32012,8015,37702
32028,7988,37615
32064,8045,37665
32101,8004,37558
32116,8004,37620
32132,7999,37569
32096,8050,37705
32064,8023,37543
32026,8099,37511
32018,8054,37334
32016,8017,37543
31976,8006,37401
31972,8055,37287
31948,8006,37361
31904,8007,37304
31924,8005,37405
31944,8012,36836
31946,8079,37101
31949,8045,37269
31948,8026,36895
31988,8071,37048
32002,8018,37191
32044,7990,36761
32080,8059,36988
32136,8020,37078
32160,8014,36908
32184,8029,36857
32230,8025,36788
32284,8104,36790
32320,8077,36871
32333,8037,36578
32374,8012,36550
32409,7990,36771
32437,8055,36562
32420,8029,36580
32436,8013,36708
32464,8037,36511
32516,8032,36484
32532,8070,36405
32558,8047,36389
32589,8033,36485
32620,8008,36380
32656,8068,36323
32652,8025,36249
32700,8030,36184
32740,8020,36224
32726,8024,36287
32705,8144,36393
32728,8116,36240
32748,8069,36260
32745,8065,36156
32744,8015,36167
32724,8082,36285
32736,8013,36099
32704,8015,36103
32676,8015,36117
32726,8099,36140
32752,8115,36239
32728,8103,36103
32760,8081,36215
32766,8069,35920
32768,8033,36031
32752,8016,35989
32740,8012,35965
32752,8089,36037
32784,8080,36012
32780,8063,36068
32772,8081,36028
32785,8063,36134
32767,8057,35966
32760,8053,36126
32796,8037,35967
32828,8137,36038
32840,8105,35871
32832,8081,35815
32808,8066,35769
32817,8075,35781
32840,8070,35680
32844,8083,35519
32868,8073,35788
32864,8061,35412
32860,8051,35847
32860,8038,35700
32864,8034,35726
32881,8116,35666
32861,8084,35716
32844,8093,35383
32856,8079,35497
32869,8083,35501
32900,8212,35517
32916,8194,35513
32933,8130,35377
32910,8108,35423
32916,8105,35383
32952,8117,35285
32968,8119,35332
32968,8095,35461
32917,8103,35380
32909,8106,35439
32908,8099,35391
32904,8086,35378
32919,8073,35372
32892,8167,35519
32872,8103,34990
32912,8076,35445
32944,8092,34999
32944,8087,35438
32912,8101,35028
32904,8218,35463
32900,8161,35313
32901,8116,35277
32894,8110,35280
32916,8075,35328
32904,8067,35492
32896,8154,34983
32872,8122,35206
32880,8117,35463
32888,8106,35092
32884,8265,35221
32882,8160,35324
32892,8120,35362
32895,8093,35453
32916,8076,35015
32980,8141,35279
32960,8107,35423
32928,8123,35369
32920,8102,35430
32892,8123,35039
32892,8186,35301
32890,8164,35333
32896,8143,35389
32920,8132,35546
32892,8101,35407
32892,8083,35463
32916,8089,35077
32928,8101,35294
32901,8166,35463
32852,8149,35452
32868,8166,35540
32900,8133,35100
32892,8121,35497
32876,8267,35204
32868,8165,35430
32868,8148,35296
32844,8128,35495
32812,8145,35364
32765,8125,35469
32736,8135,35505
32718,8141,35497
32732,8139,35569
32772,8182,35508
32772,8150,35653
32792,8141,35191
32796,8103,35492
32812,8229,35648
32816,8175,35527
32828,8150,35396
32889,8160,35465
32904,8151,35420
32888,8151,35558
32853,8222,35551
32820,8174,35651
32816,8153,35535
32800,8113,35645
32812,8239,35228
32808,8161,35406
32780,8161,35567
32768,8161,35573
32784,8209,35505
32800,8197,35524
32805,8151,35583
32800,8186,35635
32800,8162,35496
32840,8124,35559
32826,8256,35719
32800,8205,35550
32788,8165,35521
32780,8168,35637
32769,8210,35529
32801,8206,35554
32804,8164,35431
32752,8216,35548
32734,8171,35517
32708,8161,35484
32668,8143,35431
32644,8161,35452
32664,8241,35530
32684,8202,35436
32660,8203,35289
32602,8184,35387
32532,8262,35373
32481,8229,35386
32440,8185,35362
32488,8180,35461
32540,8159,35260
32574,8225,35266
32592,8202,35356
32578,8211,35266
32616,8199,35244
32660,8266,35154
32693,8213,35213
32741,8186,35041
32808,8170,35207
32840,8281,35128
32868,8236,35087
32904,8223,35055
32956,8222,35047
32964,8204,34707
32946,8334,34982
32960,8251,34939
32977,8231,34925
32985,8187,34996
33000,8178,34942
33008,8246,35056
32937,8223,34889
32896,8201,34753
32821,8210,34788
32824,8212,34817
32880,8270,34773
32872,8249,34716
32880,8215,34725
32896,8196,34789
32913,8225,34604
32896,8213,34620
32884,8204,34675
32892,8193,34599
32880,8274,34660
32921,8251,34332
32944,8261,34393
32930,8236,34414
32944,8220,34433
32980,8252,34445
32929,8214,34397
32908,8193,34511
32848,8263,34267
32784,8223,34293
32832,8250,34341
32804,8239,34261
32713,8236,34127
32520,8386,34121
32204,8282,34115
31829,8276,34049
31503,8226,34129
31252,8210,34254
31070,8284,33865
30796,8241,34015
30532,8237,34164
30388,8245,34040
30732,8249,34106
31544,8250,33997
32912,8283,33851
34828,8249,33984
37264,8220,33927
40108,8212,33966
43460,8220,33908
47128,8335,33912
50948,8314,33773
54284,8303,33828
56340,8297,33892
56264,8296,33844
54912,8394,33829
52864,8331,33775
50348,8327,33813
47168,8276,33757
43828,8362,33759
41241,8331,33813
38884,8309,33972
36757,8338,33856
34980,8311,33862
33821,8304,33760
33024,8384,33821
32504,8325,33898
32176,8321,33864
31924,8309,33952
31649,8292,33908
31368,8276,34030
31064,8277,33916
30696,8289,33783
30400,8375,33845
30144,8345,33897
29916,8317,33988
29732,8284,33911
29558,8266,34029
29420,8250,33629
29320,8319,33839
29284,8298,33892
29304,8289,33902
29305,8289,34013
29329,8393,33940
29326,8326,33882
29380,8295,33989
29388,8270,33989
29425,8319,34007
29464,8286,33881
29492,8265,33983
29512,8260,34119
29556,8326,33959
29604,8297,34049
29708,8292,33937
29804,8357,33981
29829,8313,34073
29830,8294,34039
29884,8261,33987
29908,8257,33971
29932,8293,34097
29984,8268,34061
30018,8353,34006
30097,8301,34265
30144,8291,34063
30210,8328,34172
30240,8289,34028
30288,8340,34213
30312,8297,34199
30340,8286,34087
30352,8259,34293
30356,8349,34254
30437,8326,34305
30468,8304,34270
30517,8307,34414
30532,8300,34281
30580,8351,34426
30601,8313,34311
30630,8284,34465
30629,8271,34358
30660,8259,34497
30708,8347,34329
30751,8335,34415
30792,8319,34400
30800,8305,34075
30805,8347,34399
30852,8320,34511
30848,8289,34189
30844,8274,34527
30872,8266,34079
30928,8269,34464
30984,8279,34290
31012,8290,34407
30996,8308,34204
31084,8382,34244
31162,8385,34288
31177,8375,34319
31208,8350,34401
31208,8347,34308
31196,8313,34356
31172,8300,34268
31156,8301,34378
31212,8362,34346
31272,8368,34190
31306,8370,34133
31346,8367,33992
31376,8343,33855
31388,8320,34167
31404,8305,34022
31428,8286,34116
31437,8283,33983
31452,8293,34031
31502,8307,33861
31504,8321,33804
31520,8333,33749
31532,8412,33631
31553,8385,33767
31608,8355,33559
31637,8312,33664
31732,8309,33668
31774,8320,33627
31792,8330,33654
31824,8325,33546
31892,8336,33603
31959,8339,33471
32000,8485,33360
32052,8362,33409
32036,8335,33359
32040,8332,33380
32056,8317,33253
32116,8334,33143
32138,8308,33059
32164,8323,32965
32196,8407,32976
32236,8390,32989
32268,8382,32953
32293,8349,32921
32320,8327,32945
32322,8395,33037
32344,8367,32852
32332,8327,32781
32352,8320,32740
32357,8407,32764
32352,8369,32709
32352,8370,32583
32348,8361,32634
32344,8385,32713
32316,8355,32263
32284,8355,32383
32232,8326,32557
32208,8387,32443
32193,8355,32361
32172,8343,32289
32172,8504,32344
32168,8403,32401
32166,8378,32162
32192,8356,32229
32216,8341,32318
32236,8330,31854
32252,8322,32103
32302,8387,31961
32360,8355,31894
32436,8356,31931
32449,8356,31975
32484,8428,31781
32508,8389,31832
32541,8365,31743
32592,8352,31721
32616,8329,31821
32662,8322,31735
32689,8318,31836
32720,8409,31653
32684,8367,31750
32492,8382,31567
32780,8361,31401
32852,8364,31279
32837,8428,31442
32864,8366,31389
32908,8334,31377
32945,8394,31194
32943,8338,31280
32940,8333,31269
32933,8412,31165
32948,8378,31183
32981,8357,30905
32996,8422,31099
32982,8364,31191
32993,8358,30800
33040,8330,30939
33084,8359,31077
33084,8347,30831
33082,8329,30886
33088,8371,30686
33092,8382,30698
33088,8365,30753
33092,8443,30679
33116,8372,30575
33136,8342,30618
33128,8419,30692
33112,8357,30399
33105,8337,30492
33132,8408,30335
33132,8360,30499
33124,8359,30119
33126,8460,30242
33140,8404,30383
33196,8389,30129
33188,8353,30183
33192,8377,30068
33199,8367,30031
33200,8334,30041
33206,8403,29884
33202,8381,29959
33208,8394,29916
33166,8397,30039
33168,8383,29796
33224,8434,29844
33236,8381,29942
33249,8353,29802
33264,8348,29783
33244,8419,29804
33252,8418,29497
33268,8407,29559
33290,8401,29637
33298,8426,29655
33292,8400,29565
33332,8399,29485
33372,8441,29479
33433,8405,29537
33441,8393,29652
33448,8362,29418
33412,8490,29506
33392,8462,29604
33412,8462,29228
33448,8431,29305
33452,8429,29350
33460,8404,29165
33473,8459,29307
33504,8537,29307
33519,8455,29373
33512,8411,29246
33481,8413,29367
33472,8394,29313
33484,8530,29333
33508,8478,29047
33520,8442,29222
33556,8415,29388
33560,8409,29009
33540,8398,29181
33544,8388,29007
33532,8444,29157
33508,8415,29300
33530,8420,28972
33556,8420,29172
33588,8533,29053
33588,8477,29119
33572,8441,29112
33508,8415,29123
33516,8475,29032
33528,8431,29156
33532,8429,28896
33504,8407,29081
33534,8468,29061
33557,8450,28951
33557,8461,29051
33564,8449,28967
33584,8509,28963
33584,8454,29037
33574,8437,29136
33632,8419,28917
33656,8409,29010
33664,8469,29079
33668,8449,28903
33641,8473,28982
33680,8455,29087
33693,8457,28980
33695,8505,28933
33716,8455,28935
33732,8435,28996
33736,8422,28860
33704,8477,28932
33684,8483,28964
33678,8469,29102
33656,8481,28882
33644,8486,28919
33616,8475,28935
33608,8480,29013
33613,8450,28957
33588,8438,28951
33588,8481,29017
33604,8459,29148
33592,8460,29009
33616,8471,29004
33612,8461,28887
33620,8461,28999
33644,8524,29102
33600,8493,28959
33604,8461,29052
33565,8459,29053
33564,8451,28941
33561,8435,28932
33580,8458,28982
33572,8438,29093
33592,8454,29204
33580,8453,28975
33566,8545,29124
33536,8507,29137
33577,8454,29148
33584,8446,29166
33580,8419,29287
33524,8414,28992
33506,8416,29149
33520,8432,29151
33480,8525,29249
33473,8538,29356
33424,8523,29307
33432,8498,29447
33430,8465,29081
33448,8470,29349
33464,8428,29337
33461,8411,29159
33420,8419,29353
33400,8430,29487
33436,8512,29273
33436,8513,29403
33440,8486,29470
33404,8471,29580
33393,8432,29738
33352,8490,29488
33334,8462,29532
33316,8463,29479
33278,8460,29669
33268,8454,29783
33288,8452,29807
33249,8453,29889
33261,8517,29876
33228,8482,29831
33288,8474,29873
33318,8459,29945
33332,8442,29942
33360,8429,30009
33444,8430,30092
33577,8434,30197
33585,8452,29953
33664,8458,30134
33684,8533,30180
33694,8495,30294
33725,8478,30284
33796,8462,30391
33792,8420,30509
33742,8542,30251
33695,8458,30485
33676,8484,30324
33664,8499,30748
33708,8482,30671
33724,8465,30828
33693,8455,30485
33660,8522,30682
33645,8494,30771
33580,8441,30899
33580,8451,31043
33548,8453,30964
33608,8462,30997
33558,8486,31044
33636,8472,31095
33632,8471,30962
33628,8462,30921
33608,8441,31135
33616,8431,30956
33644,8503,31349
33652,8475,31248
33680,8463,31412
33704,8471,31256
33684,8491,31145
33664,8493,31452
33601,8487,31381
33640,8475,31448
33726,8476,31412
33734,8435,31543
33709,8421,31273
33680,8517,31449
33640,8492,31492
33596,8478,31661
33478,8472,31554
33108,8487,31685
32678,8472,31580
32508,8463,31735
32233,8505,31559
32029,8475,31654
31769,8449,31704
31532,8430,31725
31296,8430,31824
31488,8443,31769
32278,8449,31870
33700,8532,31834
35488,8516,31999
37644,8492,31795
40384,8464,31892
43504,8461,31657
46892,8428,31947
50324,8434,31817
53252,8570,31960
55076,8568,31948
55045,8551,32048
53716,8539,32062
51892,8535,32114
49728,8551,32056
46984,8500,32146
44112,8484,32308
41584,8550,32228
39288,8499,32343
37392,8504,31974
35916,8481,32201
34980,8492,32228
34323,8496,32302
33740,8580,32071
33326,8491,32500
33064,8539,32230
32844,8513,32393
32604,8514,32122
32364,8515,32556
32064,8450,32440
31732,8463,32567
31511,8478,32447
31232,8550,32570
31008,8539,32136
30872,8500,32391
30716,8485,32465
30616,8468,32442
30560,8468,32558
30500,8450,32406
30465,8461,32566
30580,8459,32128
30608,8468,32485
30606,8482,32413
30604,8623,32528
30604,8542,32431
30600,8513,32454
30632,8479,32172
30632,8457,32282
30692,8453,32263
30704,8444,32271
30736,8460,32320
30733,8476,32280
30696,8485,32397
30776,8487,32460
30825,8481,32399
30804,8538,32546
30808,8505,32415
30748,8467,32460
30828,8449,32257
30885,8454,32344
30876,8539,32351
30885,8517,32391
30952,8515,32321
30913,8516,32263
30936,8515,32204
30952,8497,32341
30997,8476,32114
31020,8463,32518
31040,8452,32367
31016,8456,32492
31008,8468,32374
31020,8484,32277
31044,8499,32517
31052,8516,32333
31066,8498,32287
31068,8486,32263
31120,8534,32263
31168,8542,32288
31156,8523,32354
31140,8519,32457
31140,8525,32324
31092,8532,32263
31160,8564,32263
31204,8567,32066
31197,8575,32455
31169,8541,32327
31196,8509,32413
31168,8509,32263
31150,8498,32225
31148,8498,32159
31136,8509,32279
31148,8528,32420
31140,8534,32268
31196,8546,32175
31220,8521,32158
31200,8521,32229
31220,8512,32172
31244,8484,32196
31268,8550,32223
31296,8549,32130
31284,8500,32054
31292,8631,31970
31294,8599,31836
31288,8583,32170
31293,8562,32036
31296,8537,32025
31280,8517,31832
31265,8530,31957
31276,8537,31975
31272,8548,31874
31262,8551,31941
31324,8564,31835
31340,8558,31879
31320,8549,31750
31372,8536,31769
31392,8527,31702
31404,8619,31740
31414,8566,31623
31437,8561,31631
31452,8548,31543
31514,8537,31482
31572,8548,31492
31620,8546,31501
31680,8549,31418
31692,8551,31505
31652,8635,31343
31660,8588,31441
31690,8580,31281
31680,8569,31213
31708,8562,31143
31704,8548,31239
31694,8556,31143
31769,8588,31163
31800,8561,31060
31812,8563,31144
31780,8606,31003
31760,8580,31097
31753,8570,30925
31772,8545,30993
31769,8539,30855
31788,8571,30804
31732,8570,30797
31696,8583,30775
31664,8581,30848
31600,8590,30673
31536,8559,30670
31512,8535,30647
31480,8527,30745
31460,8585,30564
31422,8563,30577
31400,8551,30477
31408,8565,30497
31384,8559,30253
31420,8558,30346
31424,8618,30333
31432,8583,30382
31410,8556,30372
31452,8512,30230
31492,8591,30212
31493,8541,30327
31516,8535,30239
31508,8536,30286
31564,8546,30148
31585,8549,30095
31604,8601,30118
31628,8567,29973
31678,8526,30071
31720,8524,30026
31768,8497,29919
31836,8496,29927
31880,8512,29691
31868,8605,30033
31904,8563,29692
31912,8555,29780
31932,8565,29635
31920,8553,29956
31888,8527,29782
31888,8507,29739
31924,8487,29733
31956,8490,29712
31960,8503,29631
31926,8515,29565
31944,8525,29481
31932,8535,29588
31908,8542,29685
31900,8511,29540
31932,8616,29660
31936,8550,29467
31880,8551,29580
31892,8535,29177
31944,8529,29410
31956,8551,29129
31912,8556,29411
31898,8570,29343
31916,8562,29393
31916,8535,29307
31912,8509,29408
31941,8521,29276
31944,8501,29366
31968,8492,29231
32006,8494,29336
32032,8511,29191
32020,8524,29245
32024,8589,28906
32061,8565,29036
32088,8543,28879
32080,8523,29157
32084,8505,29063
32094,8491,29085
32076,8501,29024
32068,8529,29164
32088,8523,29029
32092,8551,28992
32068,8556,28923
32102,8550,28977
32124,8526,28876
32130,8527,28849
32132,8488,28862
32168,8481,28756
32200,8485,28749
32188,8548,28841
32188,8543,28615
32222,8534,28973
32224,8543,28823
32281,8530,28794
32308,8538,28788
32260,8522,28697
32200,8484,28735
32250,8537,28820
32264,8541,28772
32309,8527,28705
32321,8543,28515
32300,8539,28646
32320,8541,28532
32324,8546,28725
32305,8519,28492
32328,8524,28742
32352,8500,28500
32368,8478,28761
32376,8483,28491
32396,8557,28599
32356,8575,28501
32326,8567,28771
32348,8535,28641
32334,8539,28687
32364,8545,28532
32385,8543,28820
32393,8530,28526
32380,8548,28919
32368,8543,28801
32388,8542,28908
32420,8569,28839
32476,8559,28987
32482,8546,28617
32504,8527,28798
32480,8511,28964
32488,8572,28895
32477,8517,28862
32456,8497,28996
32428,8515,28981
32420,8507,29072
32434,8519,28791
32442,8525,29120
32452,8530,29095
32469,8530,29262
32452,8513,29153
32424,8501,29147
32416,8484,29057
32408,8485,29276
32432,8484,29049
32469,8494,29206
32485,8517,29282
32524,8527,29290
32500,8526,29372
32513,8525,29405
32520,8515,29468
32512,8503,29474
32492,8491,29435
32476,8489,29710
32517,8490,29661
32508,8507,29788
32480,8574,29952
32500,8596,29649
32512,8643,30039
32528,8607,29750
32524,8530,30206
32536,8514,30124
32544,8505,30114
32524,8501,30012
32528,8505,30197
32496,8513,30214
32464,8535,30372
32448,8550,30523
32464,8551,30449
32464,8550,30413
32472,8543,30715
32424,8530,30727
32420,8524,30770
32404,8516,30693
32400,8519,30813
32412,8533,30956
32444,8657,30927
32458,8605,31049
32494,8597,31263
32492,8562,31200
32512,8549,31397
32516,8544,31324
32525,8590,31431
32524,8553,31259
32484,8541,31341
32460,8559,31483
32492,8556,31605
32460,8636,31803
32456,8591,31495
32509,8588,31727
32550,8577,31764
32544,8549,31873
32544,8606,32055
32524,8567,31965
32544,8556,31973
32534,8549,31992
32489,8628,32125
32512,8603,32182
32520,8613,32132
32484,8580,32260
32488,8647,32377
32534,8623,32340
32560,8594,32471
32532,8556,32400
32488,8553,32512
32460,8580,32311
32420,8595,32398
32452,8601,32369
32484,8579,32565
32502,8583,32775
32508,8628,32416
32476,8595,32655
32436,8569,32863
32444,8542,32631
32468,8537,32812
32424,8658,32853
32440,8671,32548
32440,8649,32791
32412,8637,32839
32383,8623,32886
32388,8580,32984
32413,8556,32985
32452,8541,32927
32460,8536,32847
32460,8577,33064
32444,8574,33153
32428,8574,32984
32428,8572,33111
32412,8573,33279
32432,8578,33165
32464,8562,33287
32444,8629,32900
32400,8578,33091
32316,8555,33188
32328,8555,33183
32364,8567,33308
32360,8563,33279
32377,8655,33271
32340,8598,33377
32325,8596,33324
32328,8562,33263
32261,8555,33300
32192,8594,33373
32116,8548,33271
32032,8542,33420
32037,8615,33347
32054,8580,33447
32136,8582,33303
32208,8596,33378
32268,8579,33476
32336,8579,33554
32354,8562,33494
32373,8546,33468
32390,8541,33427
32452,8543,33455
32468,8556,33488
32484,8565,33476
32484,8578,33559
32452,8587,33708
32456,8586,33565
32433,8581,33625
32448,8559,33581
32458,8553,33693
32444,8546,33609
32448,8549,33567
32412,8646,33559
32384,8617,33657
32288,8622,33584
32246,8607,33603
32252,8599,33597
32284,8585,33692
32317,8631,33647
32340,8588,33593
32368,8575,33629
32379,8564,33625
32385,8568,33621
32388,8587,33616
32388,8685,33604
32408,8650,33645
32436,8635,33660
32413,8631,33660
32381,8591,33695
32320,8581,33657
32280,8566,33637
32229,8573,33679
32198,8637,33708
32236,8625,33719
32254,8614,33848
32270,8615,33703
32276,8767,33657
32172,8649,33683
31946,8643,33671
31608,8613,33511
31272,8611,33692
31022,8588,33516
30852,8594,33775
30600,8617,33562
30360,8629,33641
30180,8695,33705
30113,8694,33794
30586,8673,33631
31592,8640,33936
33108,8640,33796
34976,8621,33864
37304,8618,33848
40056,8636,33951
43092,8643,33859
46268,8640,34005
49144,8651,33849
51164,8843,33905
51444,8775,33721
50224,8765,34016
48488,8767,33913
46696,8737,33999
44716,8679,33940
42472,8664,33820
40336,8765,33953
38236,8711,33996
36260,8698,34135
34785,8690,34007
33776,8743,34154
33197,8688,33799
32632,8661,34005
32140,8643,34172
31810,8672,33765
31577,8676,34092
31364,8658,34031
31164,8732,34111
30948,8733,34079
30688,8694,34127
30460,8678,34005
30294,8673,34111
30112,8644,34019
29951,8637,34240
29818,8639,34218
29698,8649,34388
29662,8783,34261
29656,8726,34405
29636,8692,34055
29576,8674,34263
29540,8666,34308
29616,8716,34301
29678,8679,34364
29730,8652,34345
29768,8661,34452
29872,8643,34387
29937,8664,34469
30004,8672,34351
30038,8678,34327
30060,8743,34272
30084,8708,34371
30124,8670,34343
30152,8645,34512
30180,8697,34143
30184,8649,34436
30152,8656,34446
30196,8663,34513
30176,8730,34601
30200,8706,34596
30256,8708,34664
30288,8676,34644
30332,8750,34784
30400,8702,34687
30453,8693,34721
30488,8687,34695
30559,8665,34802
30551,8669,34431
30554,8677,34604
30576,8745,34677
30621,8749,34885
30640,8727,34799
30636,8683,34963
30688,8669,34852
30743,8657,34971
30778,8648,34847
30821,8657,34897
30854,8726,34823
30881,8737,34900
30896,8717,34917
30911,8722,34951
30924,8717,34959
30996,8686,35084
31012,8661,34957
31018,8659,35004
31044,8711,34919
31036,8703,34770
31088,8696,34839
31110,8717,34817
31120,8709,34916
31088,8703,34924
31064,8697,34799
31085,8681,34708
31124,8673,34796
31172,8721,34815
31216,8692,34852
31264,8707,34916
31290,8688,34492
31300,8703,34676
31337,8751,34737
31389,8725,34774
31412,8713,34887
31468,8828,34636
31492,8706,34695
31504,8675,34516
31460,8676,34550
31485,8724,34573
31528,8709,34685
31564,8713,34257
31609,8721,34359
31608,8783,34365
31652,8750,34349
31672,8713,34429
31724,8690,33965
31764,8685,34183
31788,8723,34309
31844,8729,33852
31860,8714,34140
31893,8725,33996
31932,8774,34023
31916,8765,34114
31932,8727,33871
31952,8766,33893
31936,8717,33727
31964,8696,33764
31952,8692,33727
31976,8706,33828
32024,8785,33328
31992,8755,33479
32008,8749,33493
32028,8749,33497
32066,8735,33448
32080,8769,33373
32096,8735,33358
32116,8702,33331
32118,8800,33063
32092,8740,33165
32100,8721,33220
32137,8737,33151
32165,8744,33237
32176,8809,32976
32164,8777,32978
32128,8746,32927
32096,8738,32964
32068,8706,33027
32056,8701,32589
32040,8763,32774
32024,8745,32896
31996,8747,32796
31880,8781,32887
31928,8749,32613
31936,8740,32695
31944,8730,32634
31922,8790,32669
31929,8737,32684
31925,8719,32512
31944,8725,32553
31976,8727,32657
32030,8740,32390
32077,8799,32507
32116,8767,32623
32104,8749,32188
32136,8729,32441
32188,8773,32526
32232,8795,32433
32264,8706,32439
32293,8716,32131
32308,8779,32292
32344,8785,32186
32324,8765,32293
32404,8771,32390
32452,8738,32335
32488,8828,32301
32469,8765,32301
32489,8719,32293
32552,8707,32159
32604,8711,32165
32613,8787,32231
32613,8754,32247
32614,8754,32003
32596,8743,32152
32624,8740,32171
32621,8775,32193
32612,8721,32063
32654,8709,32093
32692,8703,32157
32644,8863,32145
32725,8787,32036
32758,8789,32047
32745,8779,32007
32732,8778,32093
32764,8740,32196
32741,8881,31893
32780,8765,32004
32800,8737,32073
32812,8743,32005
32792,8722,32065
32796,8733,31787
32788,8823,31885
32796,8815,31673
32824,8782,31823
32828,8779,31933
32856,8735,31854
32892,8833,31689
32912,8730,31933
32889,8715,31694
32908,8845,31751
32916,8781,31855
32953,8766,31583
33000,8757,31665
33060,8765,31576
33004,8752,31525
33024,8812,31591
32956,8749,31546
33004,8751,31623
32921,8723,31367
32974,8785,31428
32982,8768,31489
33060,8793,31075
33104,8766,31185
33097,8903,31174
33056,8796,31220
33056,8770,31303
33072,8750,31005
33092,8733,31040
33092,8729,31029
33144,8881,30983
33160,8800,31090
33164,8797,30663
33165,8775,30722
33200,8777,30749
33236,8773,30673
33205,8804,30825
33252,8762,30572
33240,8739,30668
33341,8779,30674
33380,8759,30519
33332,8761,30564
33336,8837,30661
33352,8793,30420
33348,8783,30467
33372,8844,30527
33389,8779,30269
33364,8762,30311
33348,8751,30215
33305,8740,30228
33220,8820,30236
33292,8799,30199
33308,8794,30292
33276,8789,30001
33284,8845,29975
33304,8800,30183
33380,8856,29931
33332,8812,29976
33310,8782,30037
33324,8767,29893
33288,8756,29803
33261,8830,29786
33320,8799,29813
33352,8829,29804
33338,8828,29506
33228,8788,29709
33237,8845,29703
33277,8821,29527
33264,8774,29604
33245,8782,29692
33300,8761,29447
33220,8781,29602
33216,8867,29504
33228,8842,29393
33262,8822,29377
33208,8819,29417
33221,8781,29505
33222,8771,29411
33164,8810,29256
33210,8784,29287
33216,8777,29366
33208,8782,29492
33169,8794,29081
33317,8863,29287
33324,8850,29247
33288,8814,29294
33256,8787,29360
33232,8774,29153
33212,8791,29244
33150,8774,29313
33152,8805,29188
33149,8794,29122
33164,8797,29140
33152,8810,29237
33068,8852,28909
33124,8827,29106
33100,8795,29261
33132,8890,28957
33144,8811,29058
33168,8796,29205
33158,8782,28974
33212,8861,29042
33188,8827,29183
33207,8817,28951
33140,8857,28997
33092,8812,28991
33102,8853,29119
33060,8808,28881
33084,8782,28967
33112,8842,28943
33088,8824,28876
33148,8805,28886
33140,8879,28761
33116,8857,29017
33104,8835,28629
33121,8887,28711
33093,8832,28981
33116,8871,28786
33124,8832,28837
33100,8828,28903
33101,8810,28791
33056,8816,28863
33052,8903,28531
33044,8868,28682
33072,8852,28882
33046,8901,28604
33020,8888,28871
32993,8854,28724
33041,8832,28647
33040,8806,28613
33024,8940,28577
33005,8877,28629
32964,8863,28695
32980,8868,28836
32989,8864,28703
32964,8866,28745
33032,8887,28597
33040,8851,28660
33023,8841,28596
33006,8825,28640
32974,8834,28573
32976,8850,28708
32944,8937,28448
32920,8932,28567
32898,8915,28605
32908,8903,28677
32928,8863,28698
32968,8845,28653
32988,8927,28607
33008,8879,28677
32964,8861,28700
32957,8887,28711
32936,8876,28761
32950,8883,28709
32892,8951,28673
32960,8935,28520
32928,8908,28641
32924,8869,28597
32981,8860,28628
32906,8857,28632
32888,8853,28663
32877,8867,28624
32913,8933,28719
32892,8916,28716
32884,8915,28737
32909,8924,28854
32864,8877,28565
32880,8864,28689
32876,8908,28805
32852,8867,28722
32824,8862,28615
32812,8940,28813
32792,8919,28708
32740,8930,28674
32728,8916,28679
32688,8902,28697
32690,8945,28815
32745,8935,28565
32780,8900,28679
32760,8897,28803
32772,8886,28711
32792,8884,28783
32856,8903,28679
32912,8912,28586
32984,8921,28580
32964,8914,28542
33005,8974,28639
33060,8973,28671
33088,8927,28733
33060,8911,28665
33044,8905,28720
33044,8932,28414
33077,8914,28546
33112,9075,28604
33140,9021,28648
33120,8925,28565
33089,9052,28623
33072,8901,28581
33016,8890,28591
32932,8886,28602
32928,8906,28508
32960,8919,28503
32948,8919,28601
32940,8934,28598
32968,8951,28634
32948,8931,28548
32952,8919,28597
32972,8964,28725
32964,8906,28351
32952,8895,28614
32977,8899,28559
32976,8905,28724
32984,8922,28596
32964,8937,28669
32940,9004,28592
32925,8991,28493
32929,8987,28572
32952,8970,28585
32980,8953,28669
32976,8939,28543
32952,8921,28474
32937,8946,28477
32824,8957,28391
32566,8976,28559
32256,8948,28423
31912,9053,28442
31640,8981,28493
31436,8947,28560
31132,8908,28623
30856,9050,28590
30696,8939,28703
30785,8936,28343
31360,9079,28448
32444,8997,28482
34025,8975,28452
36001,8992,28363
38432,8944,28679
41228,8934,28349
44364,8986,28552
47652,8948,28519
50660,8956,28521
52888,8956,28481
53388,8974,28516
52244,9183,28444
50548,9081,28476
48532,9041,28495
46156,9014,28451
43480,9023,28591
40932,8972,28717
38608,9029,28357
36588,9005,28547
35064,8983,28383
34108,8995,28594
33564,8997,28629
33080,9066,28770
32637,9023,28457
32320,9008,28564
32100,8969,28616
31908,8953,28679
31718,8945,28835
31554,9005,28704
31349,8996,28750
31085,9003,28628
30804,9007,28631
30560,8995,28559
30352,8992,28710
30216,9022,28902
30112,8981,28844
30018,8963,28805
30010,8951,28752
30020,9027,28861
30040,8991,29029
30068,8987,28761
30080,9045,28878
30120,9021,29081
30132,9006,29031
30168,8988,29106
30180,8967,29075
30232,9015,29043
30285,8967,29021
30309,8974,29151
30348,8975,29125
30384,9015,29208
30372,9005,29214
30400,9003,29209
30416,8996,29206
30481,8984,29290
30508,9034,29388
30536,9010,29381
30561,8968,29524
30598,8962,29663
30620,8974,29373
30632,9025,29636
30600,9009,29486
30628,9000,29670
30632,9099,29727
30676,9047,29746
30722,9015,29812
30776,8975,29953
30817,8976,29931
30868,8976,29959
30904,8988,29860
30936,9005,30169
30976,9061,30274
30993,9029,30278
30976,9029,30459
30960,8991,30117
30980,8973,30417
31004,9080,30383
31036,9015,30532
31028,8983,30709
31052,8993,30587
31056,8996,30800
31044,9000,30709
31084,9009,30692
31135,9006,30742
31168,8995,30596
31164,9039,31005
31172,8983,30703
31189,8975,30937
31209,8996,31014
31256,9006,31156
31273,9006,31084
31264,9014,31162
31301,9073,31157
31332,9033,31308
31317,9037,31237
31304,9020,31288
31352,8992,31249
31360,8980,31220
31368,8987,31318
31396,8999,31375
31444,9022,31313
31473,9033,31423
31481,9037,31169
31469,9028,31475
31512,9119,31211
31548,9069,31500
31608,9060,31537
31632,9054,31588
31638,9027,31574
31644,9041,31517
31653,9068,31716
31652,9076,31623
31685,9068,31781
31710,9058,31672
31737,9062,31604
31772,9025,31567
31812,9005,31429
31824,9004,31819
31840,9011,31689
31856,9021,31495
31836,9039,31796
31852,9076,31909
31912,9075,31807
31952,9062,31814
31992,9053,31694
31988,9028,31748
31996,9015,31727
32012,9069,31891
32020,9041,31879
32000,9050,31969
31992,9044,31911
32011,9146,32007
32004,9111,31927
32008,9091,32047
32032,9061,31924
32036,9036,31937
32060,9020,31688
32072,9090,31862
32108,9066,31828
32105,9068,32031
32112,9067,32017
32076,9091,32132
32056,9094,32000
32048,9081,31972
32040,9052,31939
32040,9043,32013
32065,9092,32007
32048,9066,31860
32032,9055,32002
32021,9041,32077
32024,9055,32144
32016,9127,32100
32014,9089,32054
31968,9079,32047
31948,9073,32094
31953,9039,32146
31992,9028,32165
32028,9030,32007
32052,9090,32248
32100,9063,32164
32160,9079,32254
32172,9063,32285
32192,9070,32308
32208,9125,32447
32228,9103,32336
32228,9084,32425
32285,9076,32353
32356,9042,32359
32368,9040,32204
32320,9069,32245
32300,9071,32157
32354,9061,32253
32404,9134,32427
32532,9077,32396
32580,9077,32321
32608,9064,32297
32616,9057,32377
32626,9028,32417
32576,9029,32481
32560,9104,32527
32597,9084,32449
32656,9097,32335
32652,9090,32406
32617,9073,32484
32608,9058,32612
32628,9046,32473
32644,9034,32512
32676,9031,32373
32716,9079,32463
32813,9084,32580
32838,9092,32225
32788,9089,32391
32760,9081,32455
32733,9144,32468
32694,9105,32580
32676,9067,32196
32708,9047,32344
32760,9173,32494
32764,9080,32447
32820,9084,32407
32840,9069,32353
32860,9079,32406
32900,9084,32460
32924,9137,32424
32884,9091,32412
32873,9071,32346
32892,9050,32417
32929,9040,32461
32936,9046,32349
32928,9063,32328
32936,9135,32370
32925,9134,32398
32924,9120,32493
32978,9099,32384
33012,9101,32412
33033,9066,32340
33060,9054,32295
33049,9116,32327
33056,9101,32291
33100,9099,32343
33140,9091,32140
33152,9116,32363
33160,9097,32044
33173,9095,32383
33180,9148,32301
33180,9110,32463
33172,9081,32133
33164,9071,32447
33136,9071,32311
33129,9077,32436
33132,9090,31999
33152,9115,32376
33156,9108,32276
33176,9103,32409
33176,9091,32279
33188,9086,32357
33246,9069,32214
33276,9058,32282
33288,9065,32218
33328,9073,32106
33295,9087,32348
33248,9099,32231
33244,9177,32337
33262,9160,32221
33240,9157,32231
33220,9141,32193
33228,9066,32101
33244,9061,32086
33276,9061,32164
33281,9076,32161
33272,9181,32129
33241,9111,32190
33224,9170,32111
33247,9142,32082
33306,9150,31776
33288,9123,31973
33256,9087,31941
33204,9096,31974
33174,9069,32117
33156,9079,31940
33153,9157,31780
33164,9171,31695
33192,9228,31999
33220,9180,31837
33236,9163,31941
33264,9115,31575
33264,9097,31637
33214,9087,31655
33136,9073,31636
33141,9085,31573
33144,9147,31622
33128,9137,31550
33092,9114,31503
33108,9187,31519
33129,9141,31591
33176,9145,31429
33197,9181,31148
33157,9134,31343
33140,9139,31063
33080,9149,31415
33020,9145,31014
32984,9167,31177
32961,9149,31097
32976,9144,31112
32992,9108,31143
33053,9094,31069
33109,9166,31105
33152,9138,30995
33148,9125,31043
33108,9111,30749
33060,9141,30727
33025,9129,30751
32984,9129,30663
32972,9125,30682
32956,9112,30638
33021,9101,30618
33092,9189,30612
33108,9153,30623
33108,9127,30591
33092,9123,30696
33053,9110,30533
33037,9191,30503
33028,9145,30381
33044,9163,30359
33032,9153,30300
33020,9107,30324
33004,9099,30282
33028,9089,30269
33032,9090,30256
32992,9212,30276
33008,9183,30268
33005,9180,29949
33040,9191,30129
33032,9159,30152
33006,9140,30151
32989,9136,30177
33000,9099,30004
33032,9096,30020
33036,9097,29981
33060,9111,30008
33036,9183,30111
33048,9196,29984
33020,9191,30015
33000,9190,29944
33005,9188,29999
33012,9162,29677
33068,9164,29828
33093,9156,29731
33100,9101,29895
33120,9108,29850
33104,9120,29927
33044,9133,29591
32994,9271,29746
32992,9227,29732
32965,9261,29831
32956,9114,29565
33021,9103,29925
33080,9099,29816
33097,9132,29722
33076,9140,29746
33028,9148,29807
33012,9137,29780
32992,9141,29790
33016,9153,29828
33025,9147,29729
33048,9135,29749
33104,9136,29589
33064,9147,29988
33008,9181,29858
33061,9203,29777
33080,9131,29940
33104,9141,29876
33088,9262,30048
33084,9231,29935
33076,9134,29893
33022,9124,29834
33023,9107,29892
33012,9102,29860
33024,9101,29769
33032,9116,30144
33080,9130,30068
33080,9146,30175
33054,9210,30125
33024,9205,30089
33010,9200,30039
33012,9175,29941
32993,9181,30273
32948,9179,30140
32912,9172,30045
32900,9186,30299
32910,9134,30356
32896,9148,30308
32912,9158,30257
32932,9151,30341
32904,9145,30318
32880,9133,30510
32877,9122,30655
32837,9110,30294
32788,9114,30721
32724,9125,30636
32725,9137,30751
32736,9152,30713
32714,9157,30678
32720,9158,30727
32768,9164,30702
32800,9166,30908
32836,9135,30900
32856,9131,30948
32884,9145,30860
32893,9191,31015
32940,9138,30951
32956,9150,31188
32997,9159,31116
33036,9171,31095
33052,9156,31172
33058,9136,31260
33050,9125,31280
33036,9122,31389
33040,9118,31325
33008,9129,31317
33022,9144,31457
33012,9164,31519
33009,9172,31593
33000,9196,31578
33042,9178,31637
33064,9158,31616
33068,9157,31651
33092,9148,31684
33100,9159,31588
33132,9157,32047
33100,9152,31952
33080,9164,32134
33117,9171,32058
33118,9170,32033
33124,9159,32109
33120,9145,32257
33104,9135,32409
33148,9125,32339
33176,9129,32364
33188,9140,32389
33152,9237,32493
33157,9227,32588
33178,9217,32608
33096,9201,32647
32972,9191,32700
32736,9173,32889
32436,9156,32647
32148,9155,33133
31888,9157,33073
31668,9173,33207
31361,9212,33155
31153,9242,33087
30988,9255,33489
30900,9261,33389
31268,9233,33492
32168,9217,33479
33634,9186,33519
35465,9185,33500
37708,9186,33457
40432,9222,33915
43420,9246,33852
46488,9271,33844
49116,9294,33900
50708,9290,33732
50460,9307,34244
48940,9269,34173
47004,9240,34369
45120,9227,34316
43268,9228,34463
41496,9245,34396
39888,9255,34257
38133,9271,34695
36424,9292,34663
35300,9293,34665
34717,9298,34961
34332,9277,34887
33920,9191,34900
33373,9187,34903
32984,9244,35109
32784,9241,35169
32602,9225,35391
32416,9241,35311
32240,9241,35431
31985,9235,35124
31757,9220,35612
31546,9225,35250
31355,9194,35689
31196,9188,35385
31076,9187,35761
30936,9192,35927
30816,9204,35908
30725,9217,36036
30689,9241,36018
30732,9239,36117
30744,9235,36141
30744,9218,36317
30729,9193,36247
30720,9198,36383
30724,9207,36335
30728,9209,36374
30733,9226,36397
30768,9230,36464
30784,9254,36543
30828,9239,36273
30872,9228,36765
30912,9222,36663
30936,9195,36713
30972,9194,36487
30988,9211,36933
31012,9216,36956
31048,9254,37112
31072,9282,37020
31084,9272,37204
31112,9257,37186
31144,9259,37335
31180,9247,37272
31180,9244,37348
31200,9243,37277
31222,9238,37127
31276,9220,37495
31284,9249,37555
31296,9287,37527
31300,9283,37589
31348,9257,37498
31368,9243,37679
31382,9224,37469
31428,9209,38008
31462,9203,37911
31482,9201,38021
31508,9207,37943
31512,9227,37959
31536,9243,38100
31572,9257,38109
31608,9273,37957
31618,9257,38301
31604,9278,38151
31580,9214,38060
31564,9332,38247
31568,9199,38268
31592,9205,38463
31608,9227,38271
31632,9258,38145
31680,9264,38468
31720,9257,38090
31720,9239,38245
31732,9226,38317
31758,9210,38407
31720,9203,38405
31728,9207,38555
31732,9212,38398
31752,9262,38342
31776,9281,38551
31808,9284,38397
31828,9305,38404
31845,9310,38252
31824,9235,38375
31870,9222,38407
31883,9220,38303
31876,9230,38140
31876,9283,38437
31912,9238,38228
31952,9255,38223
31969,9259,38159
31980,9254,38250
32004,9249,38151
32029,9238,38260
32036,9225,38118
32060,9236,38104
32068,9230,38025
32072,9261,38019
32076,9297,38033
32092,9323,37873
32112,9263,37835
32144,9267,37837
32168,9253,37788
32231,9247,37732
32280,9241,37783
32268,9277,37679
32272,9218,37815
32292,9227,37636
32300,9262,37269
32300,9317,37671
32319,9260,37472
32308,9261,37426
32340,9259,37377
32352,9247,37362
32357,9253,37230
32364,9236,37316
32360,9240,37414
32367,9267,37190
32400,9281,36981
32424,9290,37195
32436,9294,36871
32408,9319,37249
32388,9296,37077
32359,9269,37117
32319,9270,36871
32266,9289,36975
32217,9221,36836
32165,9241,37018
32111,9265,36739
32104,9321,36840
32081,9342,36886
32076,9327,36720
32065,9268,36585
32036,9252,36732
32029,9239,36469
32030,9226,36759
32008,9228,36615
32044,9237,36541
32056,9252,36495
32084,9259,36240
32092,9274,36629
32088,9273,36460
32088,9362,36556
32132,9347,36423
32144,9347,36359
32161,9229,36295
32184,9236,36324
32204,9255,36199
32224,9301,36375
32224,9387,36124
32234,9381,36206
32264,9337,36331
32312,9317,36117
32328,9357,36102
32345,9236,35974
32372,9224,35881
32398,9223,36077
32400,9229,35663
32440,9246,36103
32460,9261,35933
32476,9272,36043
32469,9284,35871
32452,9282,35805
32452,9284,35719
32484,9285,35538
32488,9263,35709
32504,9257,35375
32508,9271,35796
32532,9285,35639
32536,9312,35591
32556,9347,35501
32572,9277,35580
32564,9267,35544
32568,9259,35456
32568,9270,35487
32596,9264,35559
32624,9261,35436
32640,9271,35375
32660,9286,35373
32664,9318,35365
32696,9331,35334
32688,9327,35276
32709,9300,35287
32744,9309,35127
32756,9303,35214
32729,9330,35243
32716,9234,35055
32748,9253,35159
32740,9271,35199
32749,9308,34999
32760,9332,35079
32772,9413,35121
32784,9274,34908
32796,9259,35012
32780,9253,35053
32800,9254,34903
32788,9272,34711
32832,9297,35017
32836,9325,34884
32832,9372,34957
32852,9284,34821
32868,9285,34879
32880,9280,34763
32892,9263,34823
32876,9252,34676
32833,9241,34604
32828,9239,34513
32805,9252,34556
32828,9263,34492
32841,9281,34241
32860,9284,34511
32880,9285,34525
32872,9280,34608
32844,9272,34460
32870,9274,34439
32884,9273,34367
32853,9268,34335
32832,9278,34256
32809,9292,34335
32852,9310,34468
32854,9303,34289
32864,9318,34221
32840,9309,34219
32808,9302,34175
32796,9311,34382
32788,9291,34250
32802,9275,34372
32840,9280,34222
32860,9279,34325
32888,9313,34210
32908,9317,34125
32924,9305,34128
32900,9281,34128
32886,9271,34021
32892,9255,33836
32908,9247,34159
32932,9245,34100
32894,9255,34084
32900,9343,34055
32892,9342,34039
32906,9354,34000
32833,9380,34018
32832,9347,33996
32846,9337,33915
32844,9333,34180
32852,9252,34082
32876,9250,34046
32884,9260,34068
32864,9273,33991
32848,9284,33953
32828,9294,34036
32800,9295,34132
32788,9287,34018
32792,9274,34164
32812,9261,34037
32848,9361,34160
32864,9319,34023
32876,9333,34151
32904,9346,34031
32940,9355,34064
32957,9365,33975
32972,9354,33952
32960,9341,33945
32940,9314,33948
32926,9285,33892
32908,9276,33716
32904,9283,34035
32892,9278,33999
32916,9293,34161
32916,9309,34031
32918,9317,33975
32900,9303,34036
32894,9294,34151
32869,9282,34029
32854,9265,34119
32828,9255,34015
32828,9256,34027
32836,9270,33967
32837,9281,33927
32792,9381,33873
32800,9351,33935
32848,9335,33887
32880,9313,33933
32876,9314,33895
32901,9277,34001
32901,9291,34004
32904,9292,34116
32880,9289,33969
32896,9321,33829
32908,9343,33903
32932,9361,33839
32948,9351,33948
32933,9338,33933
32924,9307,33988
32908,9287,34119
32936,9269,34015
32908,9273,34087
32918,9279,33717
32924,9299,34119
32924,9318,33780
32912,9325,34007
32896,9353,34028
32904,9321,33991
32908,9301,33927
32900,9287,33868
32860,9284,33693
32848,9276,34031
32830,9295,33966
32796,9303,33916
32852,9321,33685
32928,9327,34127
32932,9351,33957
32928,9348,33895
32908,9331,33985
32937,9327,33957
32956,9293,34045
32948,9285,33945
32980,9294,34032
33000,9309,33924
32937,9437,34036
32900,9391,33718
32877,9394,33981
32912,9393,33861
32912,9427,33841
32916,9406,33793
32929,9298,33676
32868,9300,33684
32900,9302,33789
32936,9314,33920
32960,9331,33773
32972,9350,33797
32948,9364,33631
32944,9368,33724
32964,9367,33865
32958,9356,33703
32933,9337,33679
32933,9335,33564
32940,9350,33495
32960,9386,33740
32925,9402,33629
32864,9416,33721
32809,9413,33609
32764,9386,33639
32758,9365,33572
32756,9342,33597
32726,9349,33449
32736,9333,33476
32740,9344,33396
32737,9361,33233
32720,9383,33498
32694,9380,33429
32736,9397,33348
32734,9376,33392
32720,9378,33581
32720,9385,33412
32740,9351,33404
32789,9365,33367
32844,9373,33085
32892,9385,33429
32980,9411,33372
33034,9442,33263
33044,9477,33279
33080,9383,33216
33056,9365,33428
33036,9363,33261
33013,9356,33175
32980,9375,33209
32936,9373,33205
32956,9391,33284
32984,9402,33109
33046,9418,33063
33028,9428,33045
32988,9442,32789
32921,9377,33159
32884,9359,33039
32860,9351,33045
32912,9348,32980
32913,9364,32896
32924,9382,32772
32932,9389,32684
32936,9423,32983
32952,9422,32799
32980,9453,32597
32992,9381,32853
32976,9380,32556
32896,9383,32541
32852,9357,32477
32832,9382,32364
32820,9394,32685
32778,9405,32489
32758,9423,32423
32784,9444,32358
32796,9456,32148
32740,9381,32450
32644,9371,32292
32472,9359,32287
32209,9359,32173
31905,9375,32047
31612,9409,32095
31380,9416,32084
31156,9422,31945
30900,9426,31965
30660,9439,31959
30556,9439,31861
30956,9433,31744
31884,9464,31823
33356,9433,31919
35153,9442,31759
37337,9389,31777
39942,9512,31693
42936,9484,31701
46084,9485,31604
49120,9474,31714
51516,9471,31544
52429,9444,31552
51520,9456,31495
49880,9467,31450
47964,9483,31433
45976,9505,31420
43672,9454,31340
41316,9456,31284
39036,9455,31196
36928,9447,31171
35304,9444,31420
34274,9417,31020
33701,9409,31396
33148,9404,31245
32673,9407,31359
32336,9435,31221
32096,9442,31109
31928,9489,31263
31740,9437,31022
31584,9433,31148
31358,9415,31280
31042,9400,31127
30748,9392,31181
30524,9388,31056
30316,9395,30969
30198,9413,31073
30136,9447,31072
30074,9444,31185
30061,9452,31056
30072,9457,30887
30092,9476,31169
30045,9405,31009
30028,9386,30893
30032,9390,31071
30030,9419,31038
30056,9443,30940
30070,9474,31061
30156,9429,30999
30217,9445,30854
30260,9459,31052
30308,9442,30963
30321,9453,30752
30301,9443,31066
30328,9442,30983
30360,9445,31055
30369,9409,30937
30396,9424,30767
30416,9434,30919
30460,9441,31097
30517,9434,31038
30540,9414,31040
30607,9407,31036
30652,9415,31070
30752,9415,30893
30741,9443,31183
30716,9501,30929
30745,9422,31076
30724,9435,31052
30721,9451,31063
30798,9455,31085
30856,9443,31107
30884,9464,30957
30972,9527,31115
31010,9386,31076
31008,9431,31141
31016,9428,31129
31012,9469,31047
31048,9440,31271
31085,9437,31147
31116,9452,30976
31144,9455,31191
31184,9409,31050
31194,9396,31143
31160,9408,31233
31136,9429,31091
31110,9435,30865
31148,9446,31168
31182,9486,30996
31237,9487,31043
31213,9437,31039
31192,9428,30860
31181,9430,30980
31218,9423,30879
31237,9442,30767
31304,9481,30865
31326,9415,30941
31348,9436,30763
31332,9464,30511
31364,9461,30776
31364,9473,30655
31381,9471,30663
31396,9461,30524
31424,9477,30332
31448,9407,30583
31516,9403,30407
31524,9417,30416
31524,9571,30310
31550,9444,30364
31580,9446,30180
31592,9445,30111
31617,9431,30041
31624,9414,29918
31649,9399,29889
31681,9403,29725
31694,9405,29719
31704,9415,29764
31710,9431,29744
31692,9448,29636
31708,9452,29559
31733,9449,29461
31800,9458,29231
31836,9434,29559
31860,9458,29355
31872,9449,29310
31852,9460,29210
31824,9474,29132
31830,9485,29106
31877,9503,28927
31868,9445,29153
31888,9433,28972
31852,9426,28847
31862,9433,28807
31848,9441,28804
31845,9437,28903
31860,9459,28724
31880,9480,28740
31880,9421,28489
31892,9436,28383
31876,9437,28655
31892,9433,28484
31908,9421,28477
31934,9408,28417
31956,9395,28197
31960,9418,28294
31952,9431,28382
31936,9477,28256
31924,9421,28067
31836,9434,28189
31820,9443,28322
31816,9428,28165
31836,9434,28193
31844,9426,27990
31838,9446,27974
31826,9455,27955
31866,9386,27852
31896,9402,28191
31968,9430,28053
31998,9435,28115
32008,9454,27961
32045,9479,27775
32110,9404,28018
32140,9390,27970
32174,9386,27865
32200,9385,27819
32268,9402,27771
32276,9447,28063
32268,9402,27895
32276,9413,27815
32281,9430,27952
32328,9442,27902
32336,9470,27789
32356,9380,27918
32400,9378,27879
32445,9375,27773
32489,9416,27897
32508,9377,27879
32548,9407,27738
32568,9452,27854
32588,9477,27853
32592,9455,27994
32572,9383,27845
32576,9375,27899
32584,9367,28014
32604,9351,27695
32602,9390,27949
32644,9391,27782
32688,9426,27927
32696,9478,28017
32732,9400,27937
32740,9402,27875
32749,9393,28090
32748,9393,28012
32728,9415,27925
32724,9354,28018
32728,9355,27853
32772,9373,28221
32809,9382,28130
32808,9400,28227
32848,9421,28219
32868,9420,28218
32844,9431,28145
32921,9410,28088
32972,9407,28476
32993,9407,28374
32961,9350,28233
32972,9367,28589
33042,9391,28460
33054,9418,28474
33036,9412,28482
33048,9419,28482
33028,9442,28829
33013,9427,28759
33032,9357,28894
33023,9471,28829
33025,9357,28708
33052,9367,29055
33064,9379,29013
33072,9407,28903
33068,9409,29047
33120,9424,29140
33140,9441,29060
33120,9365,29302
33176,9351,29268
33204,9347,29231
33176,9367,29469
33176,9417,29351
33196,9457,29233
33229,9392,29588
33216,9396,29487
33228,9406,29421
33216,9388,29654
33236,9401,29617
33242,9406,29743
33244,9405,29689
33208,9350,29655
33192,9362,29669
33225,9373,29655
33213,9387,29753
33232,9394,29727
33200,9385,29932
33216,9370,29785
33230,9359,30059
33252,9348,30111
33248,9343,30245
33229,9351,30205
33226,9361,30244
33272,9372,30304
33220,9389,30499
33238,9419,30404
33244,9397,30437
33236,9387,30460
33216,9383,30501
33244,9377,30495
33240,9391,30535
33256,9389,30623
33268,9412,30605
33316,9426,30721
33272,9413,30887
33281,9424,30815
33326,9435,30924
33281,9433,30844
33321,9434,30853
33316,9411,30915
33294,9447,30893
33308,9342,30995
33312,9355,31057
33352,9362,31033
33380,9378,31039
33405,9385,31140
33382,9380,31268
33364,9457,31190
33368,9352,31219
33320,9369,31301
33292,9363,31286
33321,9340,31184
33340,9349,31353
33340,9373,31100
33344,9391,31504
33364,9416,31413
33360,9428,31357
33320,9429,31395
33336,9351,31292
33348,9336,31606
33376,9332,31524
33396,9339,31433
33405,9353,31372
33421,9365,31709
33416,9399,31611
33372,9413,31634
33345,9377,31672
33312,9370,31660
33268,9375,31796
33256,9364,31420
33228,9357,31860
33216,9400,31678
33248,9351,31500
33265,9370,31892
33281,9402,31797
33261,9416,31732
33238,9439,31827
33236,9433,31679
33230,9451,31933
33200,9396,31887
33226,9403,31933
33208,9413,31637
33220,9412,31893
33212,9425,31751
33222,9426,31881
33180,9429,31893
33160,9431,31952
33132,9361,31903
33136,9347,31999
33168,9335,31781
33160,9349,32196
33176,9374,32068
33220,9428,32069
33216,9359,32056
33208,9373,32024
33216,9388,32166
33196,9430,32103
33196,9363,31879
33182,9362,32269
33204,9354,32140
33164,9385,32095
33172,9382,32111
33168,9485,31925
33169,9357,32366
33140,9367,32247
33124,9369,32389
33092,9381,32276
33088,9385,32233
33068,9369,32173
33094,9393,32295
33120,9319,32244
33105,9333,32193
33140,9356,32072
33144,9402,32453
33089,9367,32300
33080,9372,32121
33061,9390,32519
33048,9366,32388
33049,9382,32545
33057,9387,32429
33052,9319,32439
33040,9331,32311
33012,9349,32458
32996,9373,32586
32976,9425,32468
32980,9360,32379
32948,9372,32559
32925,9393,32404
32876,9335,32500
32858,9332,32573
32865,9326,32492
32888,9343,32461
32916,9355,32581
32984,9405,32572
33000,9355,32494
33032,9356,32669
33061,9353,32575
33102,9355,32708
33124,9345,32626
33165,9321,32740
33168,9319,32647
33156,9328,32677
33183,9381,32519
33200,9333,32469
33192,9357,32717
33168,9366,32703
33156,9375,32815
33142,9381,32671
33149,9320,32452
33156,9307,32623
33136,9303,32686
33096,9313,32809
33108,9335,32509
33104,9348,32831
33124,9369,32713
33132,9366,32775
33140,9359,32807
33141,9362,32879
33166,9339,32733
33160,9335,32903
33140,9325,33063
33072,9316,32983
33061,9333,32934
33068,9357,32901
33036,9359,32775
33032,9390,33102
33032,9404,33065
33016,9328,33061
33032,9311,33031
33044,9311,32884
33044,9310,33360
33024,9337,33233
33020,9357,33268
32976,9391,33257
32873,9439,33347
32700,9344,33325
32389,9341,33406
32034,9331,33389
31673,9313,33457
31428,9303,33447
31196,9297,33504
30956,9302,33166
30740,9309,33453
30652,9324,33565
31034,9332,33557
31982,9338,33710
33448,9358,33588
35256,9346,33593
37512,9363,33484
40212,9351,33561
43340,9343,33536
46648,9341,33620
49840,9349,33662
52360,9404,33658
53500,9476,33664
52688,9369,33693
51048,9366,33741
48985,9355,33620
46740,9350,33713
44100,9361,33745
41496,9346,34014
39104,9366,33927
36980,9364,33961
35369,9362,33710
34312,9377,34020
33684,9373,33965
33185,9379,33989
32712,9397,33926
32376,9322,34242
32172,9329,34137
31956,9318,34305
31732,9338,34225
31532,9365,34275
31248,9429,34223
30932,9333,34245
30696,9337,34261
30484,9334,34240
30280,9328,34295
30116,9316,34177
29976,9325,34599
29912,9315,34493
29889,9303,34638
29878,9315,34580
29888,9341,34663
29881,9348,34631
29920,9343,34740
29942,9356,34700
29953,9358,34711
29956,9358,34720
29988,9289,34724
30012,9279,34840
30044,9308,34884
30102,9313,34836
30126,9307,35043
30145,9316,34916
30180,9343,34903
30190,9359,34868
30200,9307,35079
30218,9295,35207
30240,9282,35113
30272,9275,35137
30320,9287,35164
30353,9319,35276
30433,9344,35452
30484,9313,35346
30532,9318,35333
30564,9345,35417
30580,9324,35476
30604,9307,35487
30614,9332,35588
30600,9272,35693
30660,9273,35644
30696,9293,35644
30720,9330,35647
30760,9321,35631
30804,9353,35866
30844,9311,35877
30836,9311,35889
30852,9304,35829
30844,9321,36000
30848,9267,36087
30852,9283,36079
30852,9333,36079
30908,9299,36092
30936,9321,36308
30948,9329,36208
30926,9349,36215
30942,9358,36213
30948,9284,36103
31008,9284,36447
31016,9279,36281
30973,9296,36279
30988,9369,36412
31020,9285,36357
31064,9302,36372
31088,9319,36237
31088,9334,36276
31096,9308,36324
31132,9341,36404
31129,9269,36421
31125,9260,36327
31118,9281,36351
31148,9289,36468
31192,9319,36304
31192,9380,36265
31208,9303,36230
31196,9309,36287
31184,9305,36359
31192,9311,36223
31216,9262,36197
31240,9255,36167
31236,9255,36205
31222,9268,36084
31212,9290,36028
31220,9319,35973
31244,9333,35920
31277,9316,35888
31316,9304,35669
31341,9278,35847
31372,9260,35715
31404,9282,35559
31452,9267,35716
31516,9292,35653
31552,9323,35669
31604,9429,35556
31640,9303,35373
31668,9319,35453
31645,9320,35429
31589,9275,35020
31548,9264,35325
31513,9282,35109
31496,9285,35020
31528,9349,35116
31548,9285,35161
31577,9324,34999
31616,9325,35047
31637,9351,34855
31644,9417,34766
31672,9272,34674
31708,9265,34384
31757,9274,34752
31802,9287,34577
31781,9322,34463
31782,9282,34512
31780,9299,34431
31825,9315,34392
31832,9317,34197
31824,9314,34221
31780,9321,34331
31748,9263,34138
31760,9262,33986
31760,9279,34029
31796,9277,33671
31841,9306,34055
31872,9338,33858
31872,9367,33743
31865,9291,33855
31870,9310,33669
31872,9320,33351
31836,9252,33695
31840,9266,33525
31857,9285,33423
31870,9335,33321
31937,9271,33118
32008,9279,33375
32034,9317,33319
32080,9324,33237
32132,9343,33121
32166,9259,32959
32232,9247,33127
32276,9263,32774
32284,9253,33117
32308,9284,32692
32348,9311,33031
32373,9270,32911
32398,9271,32956
32392,9280,32802
32404,9293,32887
32416,9259,32451
32444,9281,32804
32428,9227,32617
32440,9223,32679
32468,9258,32485
32472,9263,32413
32456,9321,32578
32476,9269,32345
32484,9283,32239
32504,9284,32229
32500,9300,31971
32532,9329,32213
32580,9349,31810
32578,9212,32026
32594,9234,31716
32612,9261,32076
32602,9270,31895
32633,9291,31922
32652,9292,31791
32668,9275,31717
32676,9264,31663
32696,9243,31545
32693,9250,31558
32692,9274,31524
32724,9311,31583
32748,9305,31429
32788,9255,31374
32777,9255,31180
32768,9256,30999
32788,9249,31105
32788,9233,31074
32772,9219,31102
32748,9240,30970
32768,9231,30964
32804,9246,30868
32836,9290,30752
32816,9360,30701
32812,9256,30916
32892,9271,30723
32876,9281,30813
32842,9267,30558
32864,9361,30300
32864,9208,30624
32854,9213,30420
32866,9234,30265
32927,9265,30307
32952,9305,30237
32980,9322,30205
32964,9255,30044
32965,9244,29953
33000,9224,29940
33028,9212,29855
33012,9208,29823
33000,9209,29733
33032,9237,29656
33008,9247,29586
33000,9267,29557
32998,9285,29463
33044,9262,29303
33052,9254,29280
32999,9257,29280
32972,9270,29242
32970,9257,29119
33001,9264,28903
33020,9287,29206
33048,9311,28999
33060,9247,29105
33084,9251,28909
33072,9255,28982
33076,9273,28619
33072,9243,28621
33045,9224,28679
33049,9227,28654
33032,9260,28672
33008,9364,28533
33048,9236,28405
33064,9263,28340
33072,9285,28297
33068,9281,28360
33112,9288,28097
33112,9269,28187
33118,9272,28136
33096,9334,28079
33056,9209,27992
33045,9228,27988
33072,9251,27991
33064,9277,28026
33108,9265,28045
33140,9270,27815
33120,9254,27881
33092,9271,27791
33080,9262,27863
33065,9248,27927
33084,9248,27823
33044,9244,27662
33060,9247,27697
33082,9266,27740
33120,9315,27816
33096,9246,27661
33094,9261,27773
33118,9247,27634
33108,9245,27527
33080,9245,27476
33068,9273,27525
33056,9210,27472
33076,9221,27537
33092,9237,27632
33124,9241,27324
33148,9259,27514
33136,9261,27317
33133,9237,27436
33088,9236,27241
33112,9253,27373
33112,9249,27316
33080,9242,27399
33140,9257,27453
33156,9257,27295
33140,9269,27405
33128,9271,27277
33120,9265,27353
33120,9246,27297
33084,9230,27378
33012,9231,27397
33016,9217,27374
33052,9223,27492
33060,9234,27389
33076,9259,27452
33057,9282,27396
33064,9303,27396
33068,9229,27361
33080,9206,27308
33015,9195,27282
33052,9188,27317
33056,9330,27425
32988,9199,27511
33012,9208,27463
32992,9224,27605
33012,9228,27476
32940,9234,27441
32932,9280,27632
33048,9237,27328
33014,9215,27433
32988,9197,27466
32996,9215,27592
32952,9196,27732
32992,9203,27404
33008,9347,27615
33008,9259,27688
32972,9247,27551
33009,9251,27689
32989,9235,27562
33006,9190,27731
32952,9182,27708
33012,9183,27693
32984,9246,27857
32994,9252,27510
32968,9255,27718
33000,9247,27786
33088,9247,27647
33052,9239,27524
33040,9205,27623
33016,9189,27671
33032,9181,27761
32960,9182,27892
32957,9195,27558
32980,9206,27757
33032,9218,27667
33000,9224,27759
33024,9229,27757
32880,9216,27727
33032,9209,27823
32992,9196,27673
32964,9189,27600
32964,9188,27650
32932,9195,27647
32952,9212,27718
32929,9226,27663
32924,9239,27678
32925,9238,27736
32884,9319,27731
32856,9286,27604
32804,9259,27662
32789,9292,27620
32800,9197,27623
32709,9207,27631
32820,9251,27639
32824,9257,27620
32804,9300,27540
32864,9388,27655
32889,9275,27612
32890,9362,27638
32960,9211,27682
33017,9202,27682
33084,9199,27687
33100,9207,27663
33164,9224,27723
33264,9239,27828
33295,9247,27797
33273,9253,27758
33228,9247,27855
33244,9255,27911
33244,9234,28007
33100,9228,27969
33164,9220,28033
33175,9236,28019
33181,9261,28163
33156,9269,27833
33124,9271,28068
33136,9273,27936
33173,9258,28117
33172,9254,27990
33216,9229,28175
33224,9229,28254
33152,9210,28305
33246,9212,28230
33273,9217,28265
33245,9230,28287
33240,9239,28345
33216,9237,28397
33220,9227,28415
33257,9214,28431
33200,9198,28532
33340,9321,28626
33212,9191,28569
33189,9296,28676
33324,9275,28738
33296,9281,28775
33316,9273,28913
33173,9248,28660
32948,9251,28772
32650,9223,28671
32302,9203,28957
31984,9198,28714
31805,9191,29025
31572,9204,28887
31233,9233,29152
31148,9226,29071
31128,9235,29217
31528,9240,29116
32482,9238,29092
33940,9232,29189
35648,9205,29167
37832,9208,29096
40460,9228,29020
43396,9348,29402
46504,9208,29296
49280,9226,29228
51264,9353,29310
51584,9247,29198
50388,9241,29511
48628,9246,29391
46792,9228,29341
44828,9223,29348
42732,9211,29252
40712,9226,29620
38649,9246,29525
36792,9259,29534
35436,9259,29521
34680,9272,29403
34136,9271,29551
33684,9285,29621
33172,9333,29427
32893,9197,29812
32640,9191,29735
32448,9277,29868
32268,9283,29784
32078,9282,29933
31848,9279,29820
31571,9294,29876
31284,9282,29871
31182,9271,29861
31009,9261,29839
30857,9249,29830
30724,9238,29883
30688,9216,29908
30623,9217,29984
30608,9225,30113
30572,9239,30009
30589,9253,30132
30556,9245,29997
30580,9235,30068
30580,9209,29877
30594,9212,30023
30616,9197,29860
30594,9199,29974
30676,9211,30114
30578,9239,30229
30652,9234,30141
30760,9254,30285
30789,9229,29901
30772,9213,30159
30741,9217,30047
30864,9213,30208
30892,9188,30008
30840,9197,30278
30916,9209,30004
30912,9231,30340
31000,9239,30040
30968,9245,30380
30993,9246,30089
30996,9219,30488
30956,9203,30231
31030,9182,30384
31060,9176,30445
31068,9301,30334
31096,9239,30449
31148,9228,30566
31140,9231,30206
31230,9251,30373
31264,9225,30309
31288,9214,30373
31304,9196,30425
31286,9199,30405
31333,9196,30392
31328,9208,30445
31344,9210,30663
31352,9239,30306
31396,9235,30437
31440,9239,30353
31448,9225,30396
31416,9219,30493
31444,9217,30548
31528,9193,30436
31502,9197,30290
31460,9203,30396
31500,9215,30417
31540,9242,30500
31574,9237,30612
31588,9233,30319
31592,9237,30438
31576,9237,30235
31584,9220,30284
31548,9196,30451
31575,9193,30375
31576,9194,30495
31564,9204,30319
31580,9222,30401
31578,9235,30292
31588,9232,30297
31604,9226,30120
31604,9348,30196
31580,9237,30132
31572,9219,30220
31572,9192,30084
31584,9189,30076
31580,9209,29952
31612,9281,30005
31572,9247,29844
31636,9255,29980
31597,9226,29624
31614,9303,29803
31740,9264,29900
31712,9225,29511
31700,9203,29575
31728,9217,29703
31768,9223,29647
31800,9222,29633
31808,9238,29550
31837,9235,29525
31812,9284,29262
31804,9256,29319
31846,9223,29364
31856,9209,29349
31852,9212,29270
31852,9202,29168
31832,9214,29212
31802,9338,29286
31832,9269,28943
31837,9273,29050
31876,9244,28977
31895,9244,29033
31848,9216,29108
31940,9196,28702
32024,9195,28831
32048,9200,28781
32044,9215,28813
32048,9229,28837
32032,9244,28771
32065,9249,28868
32086,9243,28715
32064,9292,28788
32015,9284,28415
31998,9256,28565
31964,9260,28351
31944,9258,28498
31928,9254,28532
31964,9255,28503
31909,9257,28568
31916,9271,28204
31892,9247,28468
31876,9229,28267
31900,9215,28373
31932,9255,28225
31968,9217,28306
32020,9218,28263
31996,9251,28118
31976,9250,28269
32064,9255,27961
32056,9254,28228
32036,9263,28121
32116,9243,28076
32184,9220,28060
32172,9201,28025
32202,9199,27985
32204,9201,28073
32269,9312,28011
32296,9292,28041
32304,9303,27809
32316,9239,27958
32264,9231,27724
32268,9274,27876
32368,9232,28024
32366,9203,27653
32332,9218,27749
32328,9203,27744
32356,9209,27724
32352,9224,27712
32420,9235,27756
32464,9287,27877
32472,9287,27770
32468,9257,27826
32445,9220,27575
32544,9211,27697
32552,9194,27804
32562,9190,27710
32572,9279,27681
32512,9277,27594
32540,9276,27671
32544,9254,27761
32541,9249,27699
32552,9238,27645
32545,9209,27574
32548,9214,27639
32532,9193,27597
32520,9191,27677
32524,9204,27753
32560,9221,27681
32548,9297,27733
32588,9300,27474
32592,9307,27796
32588,9281,27671
32605,9343,27685
32592,9197,27639
32612,9242,27726
32616,9222,27687
32540,9235,27684
32633,9257,27669
32716,9275,27684
32712,9270,27672
32708,9264,27572
32708,9233,27649
32701,9216,27732
32728,9224,27663
32737,9208,27783
32752,9215,27655
32804,9208,27497
32764,9328,27534
32768,9294,27517
32758,9311,27409
32764,9288,27642
32784,9268,27567
32798,9239,27718
32780,9210,27559
32740,9217,27560
32720,9199,27344
32757,9212,27519
32776,9276,27444
32812,9252,27540
32832,9239,27548
32842,9351,27422
32868,9248,27500
32884,9236,27414
32856,9194,27393
32844,9197,27436
32824,9201,27364
32828,9267,27423
32885,9251,27381
32848,9252,27429
32824,9249,27527
32792,9238,27423
32836,9268,27341
32868,9239,27280
32877,9225,27441
32908,9231,27409
32924,9256,27200
32932,9269,27476
32924,9254,27170
32879,9262,27322
32884,9240,27177
32892,9235,27479
32879,9319,27385
32848,9271,27282
32820,9231,27276
32836,9224,27244
32828,9221,27233
32856,9221,27126
32876,9231,27469
32884,9236,27343
32864,9240,27157
32876,9234,27244
32872,9289,27265
32868,9236,27313
32904,9202,27418
32892,9197,27279
32862,9342,27169
32872,9257,27196
32888,9243,27269
32920,9241,27338
32928,9239,27263
32912,9301,27329
32861,9249,27129
32876,9227,27268
32880,9200,27183
32868,9188,27278
32868,9193,27265
32864,9209,27264
32860,9343,27244
32884,9348,27300
32845,9294,27244
32816,9293,27284
32824,9281,27228
32881,9245,27308
32924,9222,27249
32934,9212,27266
32912,9213,27277
32925,9229,27268
32920,9239,27207
32917,9261,27540
32884,9268,27451
32852,9239,27588
32880,9224,27271
32888,9283,27413
32862,9250,27501
32853,9212,27561
32824,9227,27652
32840,9218,27453
32876,9230,27541
32900,9389,27669
32928,9336,27694
32948,9313,27772
32956,9285,27758
32964,9251,27866
32980,9243,27735
32964,9212,27883
32937,9210,27968
32904,9322,27847
32908,9281,27997
32904,9268,28167
32884,9257,27920
32920,9253,28050
32928,9287,28237
32960,9247,28220
32970,9225,28193
32980,9206,28233
32984,9287,28359
32953,9269,28396
32896,9261,28466
32876,9264,28633
32841,9260,28594
32828,9258,28727
32850,9303,28575
32856,9285,28756
32832,9279,28833
32814,9263,29004
32808,9231,28713
32844,9231,28960
32857,9313,29191
32864,9288,29137
32856,9293,29245
32836,9257,29187
32821,9300,29317
32812,9247,29309
32809,9220,29414
32820,9299,29515
32820,9272,29716
32776,9249,29390
32764,9253,29687
32804,9262,29675
32824,9317,29822
32820,9299,29876
32785,9265,29940
32788,9251,30128
32789,9229,30116
32792,9216,30200
32772,9220,30245
32693,9337,30196
32628,9318,30273
32624,9293,30372
32724,9279,30561
32760,9261,30594
32788,9308,30564
32772,9253,30662
32732,9229,30801
32692,9220,30980
32640,9292,30943
32614,9285,31116
32604,9280,31074
32638,9297,31253
32632,9269,31111
32568,9267,31231
32504,9306,31443
32476,9268,31426
32508,9244,31636
32576,9247,31570
32660,9229,31524
32688,9319,31645
32688,9302,31781
32716,9282,31814
32792,9274,31869
32812,9347,31993
32816,9275,32117
32816,9243,32039
32888,9228,32199
32896,9303,32332
32880,9257,32253
32868,9263,32423
32860,9258,32531
32864,9326,32511
32836,9287,32632
32871,9285,32702
32888,9254,32539
32897,9337,32793
32824,9303,32911
32817,9286,32980
32822,9269,33158
32868,9255,32974
32868,9290,33049
32824,9293,33187
32820,9272,33217
32828,9278,33332
32810,9293,33453
32725,9273,33647
32680,9246,33609
32668,9226,33685
32712,9372,33717
32724,9277,33884
32718,9285,33527
32700,9277,33878
32745,9281,33636
32748,9291,34141
32708,9268,34046
32704,9259,34087
32708,9229,34156
32720,9225,34281
32680,9235,34260
32572,9337,34375
32344,9296,34327
32000,9292,34333
31680,9290,34267
31420,9274,34391
31184,9267,34488
30896,9303,34572
30721,9275,34433
30548,9248,34543
30564,9258,34547
31156,9256,34601
32340,9263,34567
33933,9277,34662
35800,9348,34749
38008,9308,34556
40636,9299,34841
43524,9253,34572
46476,9243,35013
49008,9244,34919
50496,9352,35041
50126,9346,34948
48704,9356,34917
47016,9336,34915
45440,9363,35055
43692,9322,35143
41692,9401,34913
39768,9326,35063
37732,9297,35143
35888,9279,35108
34585,9268,35207
33912,9282,35169
33505,9381,35000
33012,9362,35469
32588,9323,35205
32308,9316,35387
32072,9284,35493
31881,9269,35438
31704,9323,35552
31484,9283,35548
31180,9283,35716
30922,9269,35612
30750,9276,35647
30632,9346,35591
30540,9306,35693
30417,9291,35653
30300,9321,35684
30216,9287,35716
30130,9254,35714
30120,9281,35728
30136,9275,35841
30132,9258,35815
30104,9335,35950
30116,9307,35879
30196,9301,35967
30304,9289,35556
30368,9279,35974
30376,9310,35922
30380,9264,36060
30404,9252,35901
30432,9307,35959
30478,9277,36143
30528,9284,36012
30548,9288,36172
30576,9348,35692
30632,9345,36217
30624,9316,36098
30628,9282,36263
30649,9267,36136
30688,9268,36268
30716,9256,36152
30784,9263,36342
30844,9274,36223
30872,9350,36311
30885,9333,36213
30928,9314,36188
31024,9303,36189
31064,9284,36180
31050,9281,36287
31069,9250,36381
31064,9257,36272
31076,9326,36184
31144,9302,36327
31188,9321,36327
31212,9301,36452
31168,9296,36359
31153,9345,36496
31144,9315,36370
31164,9310,36351
31184,9268,36375
31196,9259,36495
31260,9272,36325
31300,9312,36215
31348,9311,36327
31396,9308,36319
31460,9348,36436
31508,9316,35949
31502,9276,36244
31496,9294,36376
31464,9291,36212
31424,9261,36067
31428,9323,36204
31460,9319,36116
31480,9312,36220
31520,9303,35847
31525,9301,35896
31488,9385,35955
31532,9340,35925
31588,9299,36015
31616,9276,35877
31607,9293,35967
31630,9281,35780
31712,9289,35778
31800,9316,35629
31800,9311,35557
31804,9308,35488
31816,9297,35438
31812,9380,35401
31772,9318,35404
31796,9286,35359
31862,9282,35338
31857,9298,35252
31880,9301,35290
31884,9305,35109
31880,9311,35123
31908,9307,34766
31988,9417,34933
32048,9331,34859
32064,9284,34857
32085,9274,34900
32084,9267,34624
32128,9396,34661
32141,9327,34744
32155,9329,34409
32164,9310,34516
32150,9317,34569
32134,9381,34085
32104,9314,34309
32112,9285,34415
32137,9264,34061
32152,9276,34183
32144,9418,33871
32164,9355,34137
32204,9359,33857
32196,9330,33998
32238,9328,33972
32200,9303,33969
32192,9325,33881
32236,9304,33813
32188,9271,33846
32168,9271,33936
32176,9301,33590
32216,9344,33673
32216,9345,33687
32196,9328,33685
32184,9343,33695
32192,9318,33621
32148,9287,33687
32129,9275,33471
32132,9382,33479
32093,9295,33627
32120,9313,33348
32125,9321,33356
32112,9311,33369
32132,9317,33380
32168,9453,33362
32184,9330,33308
32176,9280,33381
32236,9271,33359
32268,9265,33223
32292,9321,33287
32320,9309,33393
32334,9313,33287
32348,9324,33306
32436,9333,33013
32489,9305,33130
32504,9291,33158
32529,9349,33173
32584,9296,33257
32580,9289,33212
32576,9257,33201
32616,9268,32893
32664,9285,33083
32720,9409,33127
32705,9365,33145
32737,9369,33143
32744,9325,33151
32748,9285,33068
32813,9287,33103
32808,9272,33135
32812,9255,33274
32852,9263,33143
32896,9279,33188
32932,9293,33099
32964,9361,33086
32953,9308,33183
32972,9292,32927
32948,9268,33052
32964,9256,33072
32952,9281,32855
32984,9282,33031
32950,9279,33018
32949,9296,33119
32948,9283,33220
32980,9294,33148
32992,9298,33255
33004,9343,33065
33032,9295,33167
33052,9258,33140
33064,9249,33119
33101,9310,33193
33124,9273,33109
33120,9300,33114
33140,9289,33183
33156,9295,33317
33180,9297,33206
33188,9345,33271
33212,9347,33105
33209,9327,33106
33256,9299,33160
33300,9286,33192
33268,9281,33311
33273,9297,33222
33260,9290,33216
33280,9299,33076
33302,9356,33225
33338,9302,33216
33316,9301,33219
33312,9262,33229
33332,9260,33092
33356,9310,33255
33352,9291,33233
33372,9295,33309
33373,9324,32959
33369,9303,33103
33380,9302,33229
33384,9290,33252
33396,9280,33383
33420,9366,32986
33440,9354,33145
33409,9333,33194
33389,9330,33223
33376,9343,33215
33364,9439,33244
33352,9443,33239
33364,9359,33332
33364,9317,33389
33327,9311,33209
33341,9271,33261
33304,9258,33321
33310,9261,33346
33325,9268,33447
33340,9290,33436
33348,9298,33461
33336,9363,33425
33352,9348,33480
33336,9324,33576
33354,9296,33543
33316,9281,33697
33284,9285,33500
33304,9297,33455
33336,9283,33562
33348,9292,33627
33356,9307,33676
33356,9317,33687
33340,9323,33737
33324,9336,33676
33308,9325,33702
33312,9292,33797
33320,9275,33912
33332,9272,33845
33360,9283,33867
33358,9297,33832
33317,9311,33837
33324,9324,33893
33328,9325,33990
33340,9405,34000
33365,9355,34074
33349,9331,33812
33352,9295,34032
33354,9315,34160
33352,9312,34124
33381,9309,34199
33344,9321,33909
33312,9333,34174
33300,9329,34005
33268,9389,34113
33232,9374,34204
33216,9357,34183
33248,9344,34093
33290,9344,34236
33308,9318,34348
33320,9324,34407
33336,9329,34567
33304,9407,34399
33308,9362,34520
33305,9356,34518
33296,9308,34703
33292,9435,34439
33324,9336,34624
33316,9313,34717
33276,9316,34695
33244,9315,34729
33252,9391,34790
33261,9353,34624
33260,9356,34807
33240,9327,34957
33240,9311,34895
33240,9296,34980
33240,9293,34866
33241,9295,34684
33232,9306,34853
33240,9317,34946
33232,9399,34908
33240,9403,35017
33217,9398,35113
33233,9371,35253
33208,9342,35173
33176,9330,35222
33164,9299,35144
33124,9301,35219
33140,9350,35420
33170,9339,35084
33193,9366,35327
33177,9341,35309
33176,9343,35340
33164,9335,35335
33148,9396,35388
33184,9356,35526
33216,9341,35431
33188,9342,35447
33164,9335,35523
33168,9341,35580
33140,9364,35559
33144,9375,35647
33140,9375,35591
33128,9353,35632
33140,9335,35629
33140,9328,35623
33168,9327,35621
33140,9312,35391
33112,9326,35844
33124,9326,35780
33120,9337,35880
33096,9351,35831
33040,9343,35980
33000,9333,35864
32944,9388,35844
32932,9359,35679
32960,9327,35831
32933,9340,35847
32916,9316,35815
32864,9328,35888
32860,9343,35940
32848,9421,36071
32852,9397,36037
32877,9361,36141
32864,9357,36041
32856,9319,36045
32924,9305,35812
32984,9324,36261
33036,9333,36137
33068,9334,36293
33093,9358,36176
33124,9359,36320
33124,9358,36202
33153,9349,36373
33124,9362,36215
33112,9334,36228
33112,9323,36266
33104,9340,36262
33120,9331,36284
33100,9345,36322
33068,9372,36296
33000,9381,36287
32989,9390,36324
32998,9358,36255
32982,9334,36311
32996,9316,36076
32984,9313,36456
32996,9307,36088
32957,9446,36326
32964,9404,36351
32984,9487,36652
33041,9406,36505
33020,9420,36677
32982,9397,36263
32960,9391,36682
32937,9376,36565
32944,9358,36644
32964,9356,36596
33000,9353,36768
33042,9348,36643
33020,9372,36817
33012,9377,36681
32974,9362,36731
32900,9352,36354
32774,9334,36841
32585,9325,36359
32348,9459,36797
32032,9384,36407
31736,9370,36789
31521,9361,36484
31258,9358,36758
30966,9364,36898
30696,9369,36829
30570,9413,36944
30924,9387,36847
31916,9358,36975
33444,9343,36847
35312,9351,36908
37636,9348,36560
40335,9348,36815
43388,9370,36876
46660,9386,36984
49688,9396,36876
51804,9413,36847
52176,9398,37055
50880,9393,36919
49080,9395,36904
47185,9393,36879
45192,9388,36937
42910,9407,36813
40657,9444,36957
38496,9468,36988
36564,9470,36871
35168,9385,36998
34340,9368,37095
33786,9351,36967
33320,9342,36949
32856,9341,36999
32536,9349,37118
32284,9362,37015
32074,9371,37047
31916,9373,36991
31740,9374,36721
31502,9371,37220
31244,9370,37060
31004,9372,36863
30829,9375,37141
30678,9380,36759
30508,9394,37252
30417,9412,37134
30310,9365,37127
30256,9373,37093
30252,9374,37089
30212,9365,37048
30192,9349,36816
30248,9342,37076
30296,9329,36865
30324,9331,37317
30386,9343,37187
30356,9359,37242
30344,9380,37229
30296,9377,37208
30344,9374,37169
30400,9365,37213
30460,9363,37276
30508,9359,37199
30588,9332,37351
30632,9333,37255
30676,9334,37397
30700,9348,37289
30692,9367,37367
30732,9433,37101
30760,9413,37295
30770,9380,37381
30752,9365,37373
30784,9350,37520
30836,9350,37356
30868,9381,37505
30896,9396,37417
30940,9428,37572
30944,9399,37375
30964,9389,37452
30974,9390,37528
30972,9369,37485
31017,9354,37612
31061,9356,37183
31060,9331,37424
31088,9325,37474
31080,9332,37452
31096,9339,37497
31140,9362,37447
31168,9380,37548
31156,9377,37645
31140,9368,37541
31157,9367,37628
31200,9342,37565
31240,9338,37681
31280,9330,37557
31286,9348,37664
31276,9387,37476
31287,9345,37508
31284,9355,37570
31348,9354,37347
31340,9365,37440
31328,9361,37493
31301,9348,37379
31353,9340,37443
31412,9328,37320
31428,9334,37393
31420,9354,37212
31425,9366,37237
31388,9367,36776
31392,9367,37062
31424,9356,36773
31418,9343,36943
31432,9318,36940
31464,9303,36855
31488,9310,36918
31520,9379,36750
31553,9381,36813
31580,9404,36581
31577,9375,36391
31588,9381,36137
31614,9373,36260
31678,9361,36324
31696,9334,36316
31789,9326,36055
31812,9338,36124
31829,9353,36029
31836,9371,35903
31801,9391,35889
31792,9394,35945
31797,9386,35743
31812,9385,35646
31828,9365,35572
31848,9350,35526
31858,9331,35437
31872,9348,35431
31896,9353,35281
31904,9340,35359
31885,9356,34812
31916,9422,35132
31916,9399,34823
31912,9374,34868
31900,9355,34909
31904,9334,34780
31948,9324,34652
31981,9324,34502
31982,9332,34263
31980,9353,34575
32020,9356,34166
32000,9369,34399
32004,9374,34055
32020,9362,34276
32016,9357,33847
32038,9392,33973
32042,9343,34085
31992,9332,33959
31940,9334,33911
31936,9351,33612
31929,9414,33735
31952,9398,33876
31936,9375,33493
31945,9360,33759
31928,9357,33565
31908,9333,33487
31912,9318,33415
31884,9321,33397
31878,9432,33345
31960,9339,33360
32000,9487,33245
32044,9428,33326
32063,9397,32828
32056,9380,33212
32092,9362,33031
32120,9355,32885
32144,9327,32864
32180,9339,32860
32236,9319,32823
32245,9328,32893
32288,9339,32718
32356,9483,32775
32412,9400,32631
32417,9337,32460
32432,9326,32511
32405,9314,32459
32392,9304,32426
32388,9301,32243
32389,9431,32193
32421,9373,32328
32473,9377,32229
32520,9369,32272
32570,9358,32118
32588,9365,32209
32597,9352,31729
32560,9313,31844
32540,9319,31919
32533,9296,31927
32540,9305,31599
32556,9380,31674
32580,9390,31634
32556,9377,31687
32568,9352,31764
32600,9350,31312
32648,9319,31505
32670,9300,31525
32654,9294,31446
32656,9292,31394
32636,9299,31408
32644,9377,31436
32656,9374,31316
32652,9350,31217
32688,9341,31183
32724,9325,31225
32748,9371,31329
32764,9352,31175
32784,9325,31237
32764,9302,31103
32784,9312,30983
32800,9319,30932
32788,9347,30923
32768,9326,30945
32757,9333,30859
32780,9346,30782
32781,9321,30624
32808,9317,30897
32813,9335,30847
32840,9320,30912
32844,9312,30598
32888,9307,30582
32912,9321,30607
32928,9326,30525
32926,9340,30471
32932,9322,30524
32932,9325,30479
32964,9298,30412
32916,9307,30501
32872,9291,30525
32860,9287,30325
32888,9305,30383
32936,9334,30235
32964,9310,30243
33001,9315,30137
33010,9308,30373
33000,9289,30151
32992,9277,30215
33028,9269,30272
33020,9263,30215
33008,9339,30281
33024,9309,29908
33028,9311,30123
33052,9324,30037
33056,9307,30111
33036,9375,30226
33044,9349,30100
33020,9316,30205
32972,9286,29806
32989,9308,30180
33004,9324,30052
33081,9339,30118
33076,9332,30024
33080,9315,30125
33086,9324,29749
33044,9307,30128
33036,9286,29991
33056,9270,30073
33044,9261,29970
33016,9257,30022
33020,9384,29967
33052,9342,30089
33056,9356,29956
33024,9356,30081
33016,9345,29941
33026,9322,30026
33008,9293,29736
33033,9295,29895
33056,9258,29897
33076,9252,29927
33044,9259,30068
32996,9323,29786
32990,9300,29887
33061,9302,29959
33084,9320,29925
33054,9282,30027
33104,9271,29786
33116,9312,29792
33104,9279,29900
33080,9255,29953
33071,9273,30077
33061,9256,29769
32984,9368,29953
32972,9317,30069
33002,9315,29803
33052,9278,29839
33057,9264,29839
33041,9238,29852
33022,9230,29906
33052,9222,29917
33076,9232,29774
33100,9247,30031
33062,9300,30010
33049,9276,30048
33012,9281,30167
33020,9274,30058
33008,9246,30168
33045,9233,30063
33016,9283,30033
33004,9257,29986
32996,9236,30087
32992,9249,30017
33028,9260,30034
33020,9273,30080
33008,9256,30120
33004,9246,30284
32984,9317,29997
32966,9278,30149
32972,9245,29964
32984,9223,30140
33000,9240,30092
33016,9247,30144
33028,9237,30213
33012,9251,30161
33017,9278,30226
33033,9257,30269
33016,9255,30335
33016,9218,30022
32970,9197,30356
32932,9199,30167
32968,9263,30301
32993,9282,30397
33024,9290,30372
33028,9295,30489
33020,9288,30383
33016,9254,30509
33020,9237,30431
32992,9232,30557
32980,9197,30313
32936,9187,30375
32904,9202,30402
32944,9266,30470
32956,9243,30545
32912,9242,30540
32888,9246,30607
32870,9238,30561
32852,9234,30532
32832,9207,30559
32802,9188,30596
32792,9246,30642
32808,9247,30736
32796,9245,30432
32764,9234,30709
32784,9249,30701
32793,9240,30852
32800,9233,30727
32800,9223,30855
32786,9231,30741
32812,9207,30763
32848,9213,30720
32868,9208,30757
32882,9225,30821
32992,9239,30940
33032,9232,30621
33064,9241,31014
33084,9253,30907
33108,9270,31043
33160,9188,30974
33125,9173,30914
33120,9169,30877
33117,9173,30936
33100,9190,31055
33070,9198,31077
33068,9208,30851
33017,9234,31189
32982,9220,31135
32992,9218,31165
32972,9220,31176
32976,9224,31265
32972,9225,31179
32976,9254,31151
32972,9183,31129
32840,9338,31192
33012,9270,31248
33017,9243,31388
32996,9211,31342
33008,9196,31494
33001,9202,31367
33010,9183,31519
33004,9183,31412
33062,9169,31412
33056,9173,31418
33014,9185,31385
32993,9201,31453
32929,9212,31489
32864,9212,31644
32960,9238,31507
32920,9256,31444
32736,9150,31468
32456,9149,31285
32248,9176,31668
31933,9191,31552
31509,9189,31524
31497,9199,31456
31292,9202,31326
31064,9224,31674
30869,9225,31516
31016,9219,31468
31676,9142,31679
32904,9134,31537
34577,9140,31404
36624,9163,31605
39072,9197,31412
41872,9212,31514
44928,9245,31599
47804,9365,31396
50028,9329,31400
50624,9162,31432
49456,9157,31200
47676,9165,31341
45780,9258,31368
43916,9263,31319
42276,9263,31365
40516,9279,31375
38812,9285,31151
37152,9191,31565
35572,9178,31427
34704,9157,31510
34352,9146,31367
34012,9143,31301
33508,9160,31267
33154,9167,31109
32972,9207,31381
32808,9218,31312
32658,9221,31253
32444,9194,31201
32252,9170,31255
31969,9148,31234
31736,9140,31223
31576,9147,31298
31440,9154,31035
31232,9170,31426
31152,9202,31265
30916,9219,31148
30948,9212,31151
30892,9224,31100
30904,9140,31113
30924,9204,31074
30937,9167,31111
30976,9155,31178
30980,9159,31031
31008,9178,31140
31056,9189,30991
31073,9201,31092
31152,9222,30919
31168,9209,30829
31188,9184,30868
31201,9172,30865
31188,9156,30823
31208,9160,30745
31253,9113,30681
31296,9177,30719
31368,9184,30661
31420,9205,30623
31481,9137,30844
31453,9138,30735
31512,9124,30831
31508,9110,30695
31504,9165,30786
31564,9153,30663
31628,9143,30738
31648,9162,30628
31628,9159,30749
31592,9161,30585
31636,9172,30703
31640,9162,30577
31678,9172,30668
31660,9149,30554
31704,9137,30641
31693,9126,30517
31700,9127,30600
31785,9138,30481
31824,9149,30565
31805,9163,30439
31784,9188,30489
31804,9202,30377
31792,9211,30305
31821,9098,30269
31844,9087,30223
31840,9081,30260
31852,9090,30143
31864,9094,30357
31872,9113,30214
31920,9132,30245
31956,9130,30159
31956,9124,30172
31964,9114,30092
31940,9095,30146
31941,9082,30044
31868,9195,30085
31858,9125,29857
31946,9114,29887
31972,9129,29703
32000,9134,29846
31989,9145,29736
32026,9119,29756
32045,9108,29788
32060,9093,29692
32032,9081,29640
32036,9078,29543
32064,9200,29551
32102,9149,29662
32088,9133,29268
32081,9133,29353
32091,9137,29444
32077,9135,29431
32036,9118,29514
32069,9115,29355
32124,9105,29308
32056,9084,29268
32172,9095,29275
32180,9095,29357
32149,9111,29225
32134,9121,29190
32108,9116,29049
32125,9115,29093
32156,9201,29166
32181,9164,29087
32208,9146,29201
32204,9199,29024
32176,9144,29023
32180,9150,28980
32145,9165,29025
32143,9157,28935
32144,9135,28765
32157,9117,28894
32196,9173,28859
32192,9133,28797
32232,9091,28708
32196,9092,28791
32192,9074,28622
32192,9086,28641
32252,9104,28727
32181,9154,28764
32249,9143,28570
32264,9114,28660
32264,9100,28529
32208,9153,28675
32184,9127,28590
32190,9104,28617
32140,9087,28465
32046,9090,28319
32050,9094,28400
31996,9110,28611
32005,9111,28484
31986,9105,28593
31936,9229,28494
31936,9156,28581
31930,9170,28453
31932,9134,28387
31944,9069,28232
31936,9132,28423
31940,9115,28532
31936,9129,28319
31970,9205,28294
31968,9155,28397
32014,9118,28517
32036,9085,28140
32028,9082,28228
32036,9077,28191
32088,9071,28293
32100,9086,28479
32124,9081,28097
32128,9092,28232
32221,9099,28213
32268,9097,28164
32260,9085,28209
32308,9066,28288
32320,9057,28409
32316,9049,28031
32332,9050,28181
32378,9059,28316
32360,9074,28241
32365,9086,28279
32380,9095,28112
32396,9086,28098
32385,9073,28154
32349,9065,28167
32332,9052,28215
32321,9044,28166
32342,9044,28014
32372,9141,28049
32412,9133,28148
32420,9124,28279
32428,9125,27991
32430,9120,28079
32484,9093,28112
32480,9066,28143
32442,9065,28002
32461,9029,28212
32533,9100,27903
32533,9081,28121
32540,9073,28271
32572,9065,28007
32566,9075,28153
32568,9135,28280
32553,9108,27985
32549,9072,28127
32584,9050,28224
32592,9044,28167
32541,9051,28244
32501,9041,28095
32548,9057,28187
32576,9126,28103
32568,9123,27999
32612,9124,28095
32624,9120,28101
32616,9092,28196
32592,9060,28275
32544,9058,28022
32637,9050,28167
32620,9064,28155
32632,9068,28216
32613,9101,28223
32628,9088,28037
32676,9077,28101
32710,9060,28111
32677,9046,28149
32673,9109,28287
32692,9084,28200
32696,9081,28317
32680,9061,27956
32708,9069,28139
32708,9094,28073
32724,9101,28135
32720,9100,28063
32700,9076,28087
32684,9060,28121
32656,9060,28093
32704,9071,28017
32668,9051,28128
32677,9065,28191
32684,9077,28151
32692,9093,28159
32692,9092,28153
32700,9092,28197
32764,9088,28031
32804,9044,28143
32768,9119,28231
32708,9075,28149
32696,9050,28263
32689,9054,28167
32680,9077,28289
32656,9079,28167
32668,9083,28124
32668,9075,28052
32644,9061,27950
32636,9042,28177
32622,9033,27960
32633,9028,28295
32600,9095,28185
32640,9097,28327
32672,9072,28055
32688,9089,28263
32712,9085,28076
32692,9088,28341
32677,9071,28238
32700,9060,28349
32696,9021,28217
32692,9132,28143
32705,9092,28057
32685,9090,28248
32708,9090,28023
32712,9081,28295
32700,9075,28009
32684,9068,28285
32652,9047,28087
32664,9135,28117
32681,9076,28308
32670,9039,28263
32673,9039,28317
32698,9030,28162
32654,9041,28281
32644,9122,28389
32672,9109,28055
32644,9071,28141
32676,9071,28290
32676,9044,28278
32706,9012,28198
32716,9084,28205
32677,9070,28278
32668,9046,28356
32696,9061,28039
32684,9059,28224
32668,9058,28393
32657,9050,28061
32717,9036,28236
32733,9085,28343
32752,9044,28265
32744,9016,28377
32696,9006,28141
32684,9010,28252
32692,9026,28263
32713,9037,28117
32718,9104,28219
32716,9072,28351
32680,9046,27980
32657,9048,28085
32672,9015,28215
32632,8995,28193
32652,9004,28171
32623,9047,28206
32668,9053,27979
32676,9035,28052
32706,9111,28173
32680,9097,28177
32689,9060,28295
32647,9046,28003
32660,9008,28141
32692,8998,28223
32701,9025,28180
32704,9073,28197
32708,9103,27983
32788,9078,28060
32748,9071,28098
32741,9064,28073
32760,9047,28085
32720,9040,28211
32712,9005,28283
32676,8995,28221
32644,9060,28128
32612,9061,28159
32632,9042,28267
32648,9061,28409
32648,9044,28277
32668,9039,28403
32698,9027,28105
32696,9064,28284
32692,9012,28475
32676,9002,28255
32664,8995,28356
32680,9068,28508
32692,9055,28415
32660,9044,28373
32609,9057,28349
32628,9036,28471
32644,9081,28363
32644,9051,28406
32652,9027,28495
32660,9030,28654
32640,9007,28559
32609,9001,28489
32585,9021,28521
32573,9036,28515
32548,9040,28611
32508,9112,28718
32466,9095,28865
32432,9078,28775
32404,9063,28866
32424,9022,28781
32484,9029,28636
32492,9011,28831
32536,9021,28992
32576,9039,29007
32596,9118,29159
32624,9110,28853
32662,9084,29087
32704,9031,29244
32732,9015,28971
32744,9001,29217
32772,9054,29447
32804,9028,29300
32812,9047,29401
32813,9035,29422
32848,9106,29630
32864,9057,29447
32840,9025,29608
32804,9040,29629
32812,8999,29831
32780,9055,29671
32740,9013,29835
32709,9008,29804
32704,9127,29933
32708,9095,29959
32704,9093,29959
32708,9076,30020
32730,9044,30135
32706,9031,30228
32706,8999,30127
32764,9052,30365
32746,9011,30377
32744,9022,30383
32764,9019,30421
32764,9029,30575
32736,9102,30703
32716,9086,30455
32724,9057,30756
32676,9015,30895
32640,9003,30884
32640,8997,31017
32632,9045,31020
32618,9044,31157
32580,9063,31143
32528,9047,31277
32396,9052,31261
32100,9060,31247
31764,9053,31282
31448,9032,31367
31212,9003,31425
31024,8994,31537
30785,8995,31605
30600,9004,31709
30412,9022,31724
30621,9088,31811
31369,9065,31879
32628,9054,31916
34321,9048,31956
36400,9041,32012
38856,9027,32095
41696,9022,32136
44800,9041,32228
47804,9011,32341
50292,9025,32387
51356,9045,32423
50624,9239,32476
49056,9159,32497
47260,9118,32588
45484,9069,32673
43416,9058,32735
41240,9024,32951
39160,9028,32866
37116,9103,33004
35408,9105,32991
34244,9112,33155
33608,9095,33089
33128,9077,33310
32616,9063,33232
32233,9045,33252
31969,9021,33257
31802,9029,33285
31652,9030,33351
31512,9028,33204
31316,9026,33643
31142,9032,33606
30900,9041,33807
30668,9037,33703
30440,9028,33796
30260,9012,33751
30152,9000,33836
30069,8991,34021
30084,8993,33949
30064,9102,34065
30040,9081,33719
30041,9090,34132
30056,9114,34137
30061,9028,34119
30061,9023,34175
30118,9101,34197
30120,9055,34164
30152,8989,34109
30160,8987,34525
30201,8997,34398
30253,9006,34391
30277,9016,34381
30276,9030,34397
30324,9029,34478
30412,9017,34598
30456,8999,34681
30480,8989,34369
30516,8982,34901
30554,8980,34792
30600,8991,34884
30653,9003,34855
30668,9016,34980
30696,9023,34935
30716,9030,34902
30732,9036,35079
30749,9012,35011
30732,8996,35129
30780,9001,35109
30832,8999,35264
30877,9009,35132
30912,9023,35119
30956,9049,35140
30980,9064,35040
31012,9085,35332
31004,9077,35079
30994,9114,35439
30976,8991,34972
30936,8982,35357
31000,9072,35258
31080,8987,35495
31116,9023,35413
31164,9041,35452
31220,9054,35369
31280,9066,35137
31292,9066,35583
31280,9044,35431
31216,9015,35549
31196,9003,35397
31172,9012,35421
31192,9016,35283
31221,9026,35388
31272,9047,35516
31326,9057,35361
31358,9039,35269
31320,9037,35321
31352,9033,35311
31356,9026,35310
31338,9029,35103
31349,9042,35216
31388,9060,35237
31421,9080,35052
31468,9028,34772
31468,9030,35149
31464,9036,34999
31470,9023,35014
31466,9008,34922
31537,8997,34899
31584,8991,34793
31614,9044,34745
31600,9048,34391
31540,9047,34521
31486,9048,34510
31500,9069,34562
31512,9060,34455
31601,9088,34511
31668,9071,34356
31756,9048,34311
31737,9035,34189
31772,9027,34137
31769,9043,33991
31768,9058,33812
31824,9068,34009
31884,9069,33596
31852,9084,33973
31820,9084,33799
31836,9071,33806
31896,9060,33668
31885,9046,33719
31876,9055,33543
31812,9124,33441
31782,9083,33382
31852,9084,33391
31872,9082,33268
31901,9094,33205
31912,9074,33153
31940,9050,33089
31993,9021,33071
32032,9009,33084
32044,9009,32983
32040,9025,32981
32024,9047,32853
32032,9044,32887
32033,9060,32732
32036,9071,32645
31996,9064,32546
31960,9077,32636
31926,9009,32718
31832,8998,32548
31792,8999,32630
31736,9005,32461
31694,9015,32509
31704,9049,32340
31780,9054,32342
31836,9059,32309
31916,9046,32292
31933,9023,32252
31924,9004,32358
31924,9005,32189
31992,9010,32062
32064,9025,32063
32104,9028,32081
32168,9052,31980
32180,9062,32012
32208,9086,32116
32244,9082,31962
32264,9073,31832
32324,9064,31956
32352,9083,31892
32329,9081,31879
32352,9075,31788
32364,9069,31715
32372,9032,31883
32400,9039,31747
32392,9039,31687
32445,9031,31533
32453,9021,31394
32472,9022,31719
32488,9002,31333
32504,8997,31597
32516,9005,31310
32538,9015,31692
32568,9026,31511
32544,9037,31592
32548,9037,31250
32564,9142,31424
32600,9015,31461
32608,9012,31481
32600,9005,31423
32592,8996,31509
32572,8998,31388
32586,9012,31367
32644,9024,31310
32636,9115,31383
32658,9092,31341
32681,9085,31290
32744,9064,31204
32756,9062,31071
32754,9061,31428
32788,9069,31284
32822,8993,31133
32864,9019,31180
32880,9029,31015
32880,9063,31360
32862,9083,31152
32884,9067,31308
32876,9057,31298
32860,9055,31364
32864,9068,31309
32904,8989,31337
32928,8999,31186
32945,9038,31287
32934,9032,31415
32885,9061,31260
32858,9075,31225
32895,9090,31384
32956,9071,31316
33000,9076,31293
33004,8982,31232
33020,8983,31328
33004,9005,31356
33045,9019,31309
33060,9025,31335
33094,9025,31293
33072,9023,31239
33102,9023,31212
33080,9028,31353
33096,9024,31256
33080,9000,31329
33096,9026,31381
33096,9081,31373
33116,9002,31337
33104,9020,31102
33088,9023,31383
33076,9026,31398
33072,9042,31373
33060,9033,31319
33068,9007,31406
33088,8993,31367
33116,9014,31558
33150,9016,31485
33116,9059,31407
33120,9083,31483
33096,9090,31535
33056,9097,31628
33060,9130,31534
33084,9004,31349
33092,8991,31717
33080,8988,31559
33048,8977,31487
33076,9012,31795
33080,9033,31682
33088,9034,31704
33088,9057,31684
33060,9080,31767
33040,9079,31824
33040,9065,31812
33040,9062,31821
33077,8989,31742
33036,8983,31909
33030,9020,31950
33048,9019,31870
33032,9039,31803
33057,9060,32135
33060,9050,31859
33088,9057,32188
33110,9052,32117
33092,9028,32219
33108,9049,32229
33106,8978,32185
33112,8990,32337
33076,8999,32351
33071,9022,32341
33069,9056,32453
33062,9085,32480
33060,9077,32463
33062,9047,32445
33084,9038,32543
33097,9042,32792
33088,8979,32655
33093,9007,32775
33116,9029,32805
33089,9035,32789
33092,9063,32929
33084,9041,33095
33064,9032,33037
33034,9027,33075
33034,9036,33004
33036,9035,33180
33040,9041,33301
33032,9051,33159
33004,9045,33268
33015,9052,33393
33017,9079,33460
33045,9087,33412
33032,9085,33661
33010,9063,33620
33000,9052,33580
33012,9049,33736
33016,9105,33772
33004,8988,33887
33044,8999,33828
33053,9015,33799
33040,9025,34020
32968,9022,34055
32988,9049,34015
33012,9025,34301
33024,9027,34201
33028,9023,34196
33044,9033,34285
33040,9031,34209
33026,9019,34396
32997,9029,34264
32968,9050,34413
32960,9025,34439
32927,9016,34500
32992,9000,34495
32980,8988,34812
33000,8980,34805
33008,9042,34980
33044,9031,34894
33020,9039,35059
33034,9078,34951
33028,9019,34870
33010,9117,35052
32996,9020,35145
32980,9006,35293
32976,8994,35233
33000,9131,35285
33016,8976,35230
32993,9100,35100
32988,8997,35540
32992,9014,35457
32996,9023,35455
32974,9023,35428
32936,9013,35509
32940,9004,35623
32928,8997,35652
32912,8982,35852
32918,8975,35697
32952,8987,35583
32960,8998,35945
32940,9022,35871
32936,9044,35793
32936,9029,35943
32896,9025,35911
32886,9010,36132
32824,8997,36024
32775,9109,36028
32716,9035,36132
32740,9018,36186
32780,9031,36068
32789,9061,36263
32800,9071,36248
32844,9066,36333
32852,9076,36224
32868,9057,36524
32912,9016,36421
32997,9023,36580
33037,8996,36422
33078,9023,36201
33092,9022,36676
33118,9032,36538
33132,9047,36333
33121,9040,36772
33120,9036,36555
33100,9023,36711
33080,9029,36703
33093,9006,36784
33112,9000,36813
33100,8999,36767
33062,9025,37020
33008,9033,36905
32992,9036,36913
33012,9039,36939
32988,9037,37020
32944,9025,36985
32916,9010,37077
32884,8999,37087
32960,8999,37253
33030,9011,37092
33040,9020,37200
33021,9041,36900
33013,9060,37335
33006,9045,37263
33052,9039,37213
33096,9026,37488
33053,9020,37308
33008,9033,37383
32968,9025,37543
33012,9041,37325
33020,9037,37095
33020,9039,37631
33012,9049,37519
32928,9057,37503
32749,9046,37579
32480,9036,37593
32160,9144,37660
31792,9067,37591
31500,9068,37469
31317,9025,37709
31072,9035,37804
30912,9051,37661
30700,9123,37806
30792,9129,37660
31468,9116,37709
32673,9107,37777
34352,9100,37764
36388,9058,37380
38932,9048,37913
41862,9074,37781
45088,9113,37816
48304,9155,37767
50936,9164,37852
52276,9079,37837
51612,9089,37613
49936,9076,37937
47982,9071,37756
45988,9063,37844
43848,9157,37991
41704,9137,37908
39654,9117,37893
37568,9125,37943
35916,9124,37970
34860,9127,37861
34242,9114,38023
33804,9107,38028
33292,9112,37975
32812,9106,38191
32504,9111,37940
32256,9041,38089
32056,9056,38038
31884,9183,38232
31688,9147,37999
31452,9209,38116
31188,9153,38162
30976,9061,38293
30784,9096,38157
30604,9086,37931
30464,9087,38185
30384,9165,38334
30284,9051,38124
30278,9065,38185
30224,9069,37942
30233,9070,38264
30240,9080,38208
30264,9084,38166
30292,9054,38207
30341,9060,38117
30357,9083,38237
30381,9085,38343
30392,9047,38103
30372,9061,38253
30368,9085,38268
30396,9100,38327
30436,9093,38385
30428,9101,38183
30484,9095,38321
30480,9086,38356
30488,9079,38247
30516,9088,38365
30560,9072,38428
30608,9081,38245
30650,9093,38399
30696,9094,38429
30685,9087,38461
30740,9072,38404
30766,9067,38420
30781,9057,38567
30820,9028,38492
30862,9033,38551
30872,9042,38564
30880,9064,38509
30862,9083,38150
30873,9067,38484
30916,9109,38628
30960,9077,38605
30989,9041,38756
31010,9033,38631
31020,9120,38719
31104,9077,38636
31156,9057,38791
31160,9066,38650
31124,9079,38701
31128,9069,38601
31113,9194,38598
31112,9055,38724
31101,9037,38263
31076,9033,38527
31124,9028,38242
31144,9033,38725
31161,9045,38562
31221,9059,38350
31289,9063,38631
31290,9073,38495
31316,9140,38615
31334,9125,38421
31368,9094,38495
31384,9065,38369
31400,9046,38463
31420,9070,38279
31416,9072,38333
31480,9080,38135
31520,9101,37949
31568,9109,38103
31581,9116,38023
31569,9119,38079
31577,9108,37486
31600,9097,37894
31616,9096,37781
31612,9111,37692
31616,9117,37503
31596,9132,37444
31572,9149,37486
31588,9222,37442
31628,9082,37398
31680,9071,37204
31735,9061,37173
31772,9047,37060
31800,9046,36788
31844,9124,36974
31874,9106,37028
31921,9111,36852
31942,9124,36783
31936,9153,36840
31924,9146,36636
31936,9136,36600
31928,9128,36413
31964,9115,36324
32006,9121,36327
31984,9127,36249
32008,9139,36210
32024,9140,36095
32022,9151,36057
32008,9235,35789
32000,9093,35854
32004,9117,35762
31968,9089,35709
31976,9088,35591
32016,9085,35647
32040,9105,35487
32084,9120,35388
32104,9139,35188
32133,9154,34916
32118,9141,35163
32122,9129,34933
32092,9119,35055
32024,9079,34636
31956,9067,34985
31872,9061,34532
31805,9063,34833
31750,9084,34652
31777,9100,34500
31776,9118,34583
31780,9121,34518
31777,9130,34304
31836,9189,34489
31841,9076,34256
31844,9085,34239
31858,9064,34279
31862,9072,34115
31887,9080,34097
31921,9089,33988
31940,9097,33861
31956,9113,33993
31953,9100,33813
31944,9085,33671
31952,9071,33549
31972,9064,33622
32012,9061,33584
32026,9057,33412
32064,9065,33343
32120,9087,33260
32165,9157,33137
32164,9156,33279
32188,9153,33228
32194,9183,33100
32214,9066,33159
32214,9061,33031
32236,9065,32901
32224,9055,32780
32220,9072,32577
32228,9097,32954
32240,9109,32764
32268,9125,32669
32296,9114,32497
32301,9096,32493
32336,9091,32654
32361,9088,32151
32388,9096,32540
32428,9119,32331
32444,9070,31996
32465,9082,32371
32488,9092,32162
32504,9108,32046
32544,9127,31957
32502,9103,32021
32420,9100,31929
32381,9111,31913
32420,9056,31867
32420,9061,31569
32405,9074,31900
32452,9093,31668
32560,9120,31455
32632,9117,31637
32644,9099,31605
32646,9116,31554
32620,9087,31476
32597,9085,31382
32597,9069,31287
32612,9091,31127
32656,9095,31429
32684,9111,31302
32736,9126,31228
32740,9135,31154
32704,9113,30965
32696,9106,31284
32688,9101,31087
32684,9095,30868
32700,9099,31151
32733,9104,30982
32732,9111,30925
32718,9125,30855
32688,9143,30583
32692,9154,30887
32724,9121,30748
32752,9114,30684
32784,9095,30424
32796,9101,30785
32852,9091,30618
32856,9071,30612
32856,9082,30517
32877,9095,30586
32900,9101,30446
32909,9123,30208
32871,9129,30467
32832,9123,30279
32832,9122,30311
32836,9094,30281
32852,9081,30009
32864,9078,30263
32916,9097,30108
32896,9118,30047
32856,9160,30199
32845,9180,30060
32864,9169,30154
32896,9139,30012
32869,9104,30047
32833,9086,29942
32860,9104,29775
32904,9136,29935
32933,9087,29895
32932,9098,29815
32912,9108,29703
32919,9119,29572
32900,9122,29909
32864,9127,29793
32896,9117,29716
32876,9091,29635
32879,9087,29477
32864,9092,29811
32856,9104,29483
32858,9130,29703
32876,9144,29436
32856,9124,29574
32864,9121,29565
32877,9119,29501
32868,9092,29629
32870,9127,29605
32888,9109,29516
32896,9095,29573
32936,9102,29597
32993,9124,29711
32960,9129,29573
32920,9134,29660
32916,9135,29300
32957,9111,29508
33006,9093,29334
33012,9081,29603
33072,9076,29541
33076,9093,29575
33026,9119,29445
32972,9121,29367
32908,9136,29460
32848,9147,29525
32852,9163,29633
32817,9167,29518
32848,9099,29383
32900,9082,29628
32964,9076,29525
33044,9087,29639
33053,9098,29540
33040,9129,29658
33004,9145,29561
32928,9125,29614
32872,9119,29311
32894,9105,29678
32928,9093,29334
32927,9079,29599
32916,9076,29399
32945,9082,29479
32952,9097,29537
32964,9163,29647
32973,9185,29644
32956,9183,29679
32916,9166,29828
32886,9160,29728
32900,9163,29772
32968,9164,29769
33031,9167,29892
33066,9150,29821
33102,9230,29891
33048,9176,29853
32988,9250,29931
32988,9189,29905
32978,9185,30052
32945,9176,29959
32929,9157,30084
32936,9164,30012
32952,9143,30088
32977,9140,30076
32996,9156,30205
32985,9171,30111
32976,9167,30215
32948,9155,30052
32924,9164,30145
32896,9168,30232
32902,9213,30383
32912,9166,30319
32912,9077,30368
32948,9073,30357
33016,9089,30343
33052,9110,30319
33036,9139,30385
33032,9151,30356
33054,9149,30428
33048,9145,30421
32976,9136,30509
32960,9135,30595
32972,9145,30572
33008,9076,30575
33005,9088,30727
33024,9106,30887
33040,9122,30521
33012,9146,30959
32980,9123,30871
33028,9121,30967
33062,9140,30799
33064,9132,30717
32993,9151,31094
32956,9158,31049
32969,9154,31218
33028,9168,31124
33032,9228,31059
33020,9185,31064
32960,9157,31047
32929,9139,31263
32948,9150,31321
32961,9153,31450
32993,9071,31264
33016,9074,31405
33052,9089,31593
33024,9094,31484
33019,9112,31669
33024,9121,31587
33004,9117,31737
32993,9106,31632
33008,9111,31800
33008,9109,31585
32962,9103,31863
32876,9098,31524
32848,9111,31889
32885,9127,31893
32894,9163,31845
32892,9188,31857
32916,9233,31743
32944,9106,32069
32980,9101,32073
33032,9108,32216
33040,9094,31845
33081,9099,32311
33136,9111,32203
33200,9129,32304
33222,9139,32284
33200,9141,32343
33180,9132,32135
33232,9109,32289
33245,9097,32511
33232,9142,32471
33220,9128,32467
33228,9095,32479
33248,9124,32529
33208,9138,32529
33144,9139,32514
33134,9129,32623
33136,9122,32673
33128,9109,32725
33109,9095,32789
33125,9086,32809
33120,9085,32818
33141,9095,32821
33148,9125,32976
33148,9124,32970
33156,9153,33074
33156,9181,32948
33148,9189,32840
33080,9114,33231
33200,9096,33097
33200,9113,33061
33204,9095,33090
33156,9098,32895
33124,9126,33340
33188,9151,33255
33180,9183,33285
33120,9207,33287
33144,9189,33372
33028,9177,33348
32754,9177,33412
32433,9166,33375
32060,9151,33439
31772,9149,33428
31521,9155,33561
31318,9179,33456
31116,9183,33519
30920,9189,33462
30998,9151,33639
31509,9137,33520
32592,9129,33569
34161,9129,33543
36021,9109,33705
38404,9112,33575
41196,9148,33750
44260,9187,33630
47388,9240,33624
49980,9138,33536
51428,9150,33420
50920,9156,33849
49316,9154,33734
47388,9173,33695
45464,9173,33927
43516,9201,33764
41696,9205,33757
39966,9231,34015
38104,9229,33919
36420,9213,34116
35260,9213,34023
34600,9197,34197
34124,9185,34096
33640,9167,34229
33108,9144,33964
32780,9129,34062
32557,9140,34039
32396,9163,34254
32256,9181,34055
32074,9166,34191
31872,9157,34277
31612,9150,34353
31397,9147,34367
31200,9117,34454
31050,9131,34541
30904,9119,34502
30780,9135,34624
30696,9156,34565
30640,9159,34719
30612,9176,34508
30624,9157,34500
30608,9159,34436
30592,9145,34516
30608,9104,34684
30642,9101,34711
30627,9100,34892
30672,9181,34512
30669,9167,34767
30732,9185,34911
30804,9186,34873
30805,9179,34985
30793,9175,34755
30829,9153,34991
30852,9160,35014
30884,9156,35129
30944,9225,34895
30980,9110,35132
31000,9152,35116
31012,9153,35122
31022,9160,35180
31005,9170,35351
31020,9158,35239
31024,9140,35268
31072,9118,35311
31100,9134,35401
31165,9137,35399
31184,9168,35286
31221,9178,35428
31256,9195,35503
31296,9198,35540
31326,9209,35439
31352,9164,35647
31340,9168,35520
31344,9191,35817
31380,9107,35438
31376,9174,35810
31380,9146,35880
31388,9163,35889
31414,9176,36036
31424,9191,35925
31472,9187,36031
31468,9179,35597
31513,9175,36043
31565,9135,35708
31584,9136,35959
31604,9111,36145
31600,9126,35648
31632,9133,35925
31624,9149,36032
31636,9212,36028
31622,9191,36095
31636,9176,35847
31645,9149,35965
31644,9128,36132
31637,9119,35999
31628,9131,36007
31652,9138,35895
31688,9137,35945
31724,9150,36087
31752,9227,35735
31756,9204,35906
31722,9171,35928
31712,9161,35625
31728,9116,35687
31748,9115,35799
31760,9174,35779
31820,9189,35688
31828,9185,35684
31896,9165,35831
31892,9175,35663
31896,9168,35708
31940,9146,35537
31932,9168,35575
31944,9147,35655
31969,9129,35510
31980,9136,35505
32040,9130,35389
32089,9138,35368
32096,9235,35291
32156,9190,35334
32181,9183,35266
32213,9157,35271
32200,9132,35143
32220,9127,35220
32272,9160,34773
32276,9159,35175
32304,9142,34711
32292,9146,34876
32301,9158,34885
32293,9167,34773
32276,9216,34777
32288,9189,34695
32288,9164,34845
32292,9125,34714
32333,9122,34753
32356,9175,34397
32369,9162,34543
32384,9167,34518
32384,9162,34524
32390,9160,34445
32365,9170,34340
32352,9159,34372
32284,9144,34279
32228,9199,34335
32192,9167,34341
32132,9147,34418
32064,9156,34268
32004,9158,34215
32028,9165,34017
32024,9170,34055
31980,9241,34076
32016,9208,34095
32012,9169,34076
32032,9165,34049
32020,9128,34143
32000,9127,34007
32000,9199,33856
31988,9197,33895
32016,9193,33940
32012,9198,34030
32048,9202,33891
32080,9193,34005
32116,9171,33857
32128,9153,33957
32184,9153,33610
32253,9138,33903
32268,9133,33743
32284,9145,33619
32328,9156,33629
32357,9264,33537
32392,9221,33537
32388,9220,33649
32416,9181,33316
32420,9143,33455
32441,9135,33495
32436,9151,33556
32420,9151,33671
32448,9163,33503
32464,9164,33542
32500,9154,33393
32516,9162,33316
32492,9273,33418
32480,9179,33096
32496,9136,33349
32484,9140,33479
32508,9116,33301
32560,9124,33317
32536,9140,33234
32524,9212,33189
32584,9198,33209
32628,9187,33271
32652,9165,33221
32648,9152,33252
32616,9121,33048
32640,9221,33167
32664,9161,33287
32656,9149,33159
32690,9151,33228
32704,9164,33109
32696,9181,33055
32744,9191,32973
32780,9182,32775
32784,9160,32983
32772,9156,33007
32760,9124,33060
32784,9205,33109
32833,9194,33007
32858,9189,33113
32884,9220,32989
32900,9225,33118
32913,9214,32972
32940,9216,33073
32984,9190,32959
32972,9154,33079
32964,9143,32927
32928,9155,33031
32928,9172,32901
32948,9172,32999
32968,9182,32861
32996,9199,32885
33036,9168,32820
33012,9288,32775
33008,9202,32701
33008,9177,32647
32984,9151,32665
32952,9136,32679
32952,9141,32683
32972,9168,32639
32980,9194,32469
33014,9202,32755
33000,9173,32440
32968,9164,32532
32928,9261,32573
32948,9145,32487
32936,9129,32577
32884,9133,32613
32885,9142,32428
32876,9158,32399
32904,9252,32556
32973,9225,32320
32988,9208,32391
32993,9192,32257
32980,9178,32362
32948,9146,32407
32956,9128,32441
32956,9135,32485
32956,9203,32473
32965,9195,32519
33008,9214,32408
32988,9194,32447
32976,9189,32436
32969,9170,32463
32965,9153,32412
32922,9258,32544
32901,9187,32391
32868,9164,32394
32833,9166,32167
32852,9189,32303
32845,9176,32071
32852,9181,32415
32876,9297,32252
32876,9229,32234
32904,9182,32244
32894,9160,32287
32916,9159,32263
32940,9138,32312
32928,9143,32444
32932,9163,31989
32940,9238,32165
32917,9244,31992
32920,9234,32321
32912,9214,31985
32929,9182,32132
32940,9167,32223
32936,9159,32364
32933,9145,32211
32921,9151,32215
32932,9167,31940
32958,9277,32052
32965,9219,32223
32928,9218,32195
32940,9178,32271
32932,9166,31995
32933,9212,32075
32964,9164,32101
32948,9167,32133
32948,9162,32183
32972,9187,32120
33005,9206,32039
32992,9225,32074
32976,9207,32113
32977,9189,32117
32956,9167,32244
32952,9163,31876
32956,9205,31982
32913,9184,32026
32936,9175,32069
32925,9191,32158
32904,9183,32085
32904,9261,32140
32932,9205,31927
32945,9188,32017
32953,9172,32197
32932,9199,31994
32928,9181,31751
32940,9154,31919
32908,9161,32125
32913,9207,31899
32932,9205,32004
32933,9206,32132
32937,9198,31927
32908,9219,31990
32900,9203,31911
32902,9161,31908
32904,9221,32023
32940,9188,31965
32944,9205,32123
32940,9211,31972
32940,9223,31909
32904,9196,32114
32912,9263,31879
32896,9223,31975
32908,9207,32092
32940,9182,31964
32940,9173,32089
32934,9181,31957
32932,9171,31953
32884,9178,31852
32896,9331,31900
32928,9253,32063
32912,9221,31844
32928,9215,31895
32928,9186,32014
32944,9167,31923
32986,9164,31808
33024,9223,31824
32996,9189,31921
32956,9193,32020
32980,9203,31892
32978,9206,32027
32940,9204,31895
32929,9192,32029
32900,9240,31597
32872,9204,31835
32844,9173,31737
32868,9181,31769
32906,9165,31783
32908,9176,31879
32929,9271,31993
32936,9247,31608
32924,9218,31751
32928,9191,31903
32928,9279,31813
32944,9197,31764
32961,9173,31887
32956,9252,31572
32977,9225,31703
32972,9194,31879
32976,9204,31799
33012,9202,31791
32993,9244,31931
32976,9211,31716
32913,9185,31817
32916,9223,31941
32940,9177,31773
32960,9188,31735
32956,9181,31734
32916,9180,31765
32902,9275,31803
32956,9238,31785
32968,9220,31915
32917,9217,31781
32868,9205,31895
32902,9170,31780
32878,9164,31820
32848,9164,31751
32838,9217,31853
32816,9205,31663
32820,9193,31741
32788,9271,31863
32757,9216,31657
32708,9205,31719
32688,9188,31750
32732,9238,31730
32756,9187,31799
32752,9163,31677
32780,9229,31429
32809,9202,31563
32862,9201,31829
32912,9212,31583
32926,9241,31687
32944,9228,31724
32976,9189,31572
32974,9236,31697
32996,9214,31775
33053,9215,31465
33076,9207,31575
33068,9221,31785
33073,9200,31532
33076,9327,31631
33041,9263,31775
33044,9218,31551
33076,9217,31503
33088,9183,31558
33020,9168,31623
33004,9235,31746
32948,9188,31549
32917,9188,31375
32908,9204,31580
32872,9295,31685
32900,9273,31635
32908,9238,31479
32916,9222,31732
32897,9188,31421
32924,9169,31542
32937,9226,31748
32956,9234,31620
32948,9237,31623
32940,9252,31623
32884,9252,31748
32840,9243,31624
32804,9243,31636
32797,9204,31623
32804,9189,31717
32848,9174,31517
32836,9223,31561
32804,9230,31524
32768,9245,31562
32618,9228,31655
32292,9227,31601
31952,9215,31589
31608,9213,31525
31376,9205,31580
31145,9241,31721
30884,9210,31629
30686,9206,31740
30592,9213,31632
30916,9210,31751
31756,9221,31639
33124,9236,31671
34844,9230,31612
37032,9248,31623
39616,9199,31648
42576,9285,31614
45808,9252,31556
48940,9252,31599
51468,9268,31557
52576,9255,31604
51848,9264,31663
50196,9302,31660
48308,9267,31719
46328,9252,31687
44020,9247,31822
41674,9294,31689
39468,9243,31761
37408,9217,31669
35790,9338,31766
34660,9271,31896
33920,9253,31486
33304,9248,31639
32696,9240,31711
32304,9230,31687
32049,9284,31724
31837,9263,31751
31646,9249,31769
31476,9207,31839
31254,9205,32007
30972,9210,31620
30728,9289,31758
30540,9270,31918
30357,9251,31941
30228,9244,32052
30084,9212,31787
29953,9255,31905
29900,9230,31949
29888,9200,31996
29856,9194,32135
29861,9305,31949
29893,9245,32055
29926,9247,32073
29982,9241,32109
30052,9237,32164
30100,9225,32136
30157,9197,32263
30225,9194,32148
30256,9215,31931
30272,9215,32327
30308,9233,32214
30336,9249,32375
30376,9252,31990
30384,9257,32340
30410,9236,32309
30488,9236,32333
30532,9201,32308
30552,9191,32370
30572,9186,32302
30572,9189,32415
30608,9208,32614
30600,9256,32247
30617,9242,32439
30688,9253,32576
30744,9252,32620
30752,9232,32647
30784,9194,32683
30837,9194,32530
30887,9242,32595
30876,9236,32672
30920,9239,32743
30952,9225,32775
30972,9229,32841
30992,9287,32974
30968,9239,32759
31008,9227,32869
31040,9199,32919
31076,9287,32967
31076,9246,33119
31076,9279,33001
31124,9278,33105
31130,9226,33023
31144,9323,33146
31140,9238,33049
31156,9226,33129
31184,9217,33063
31169,9201,33027
31176,9192,33036
31214,9189,33004
31244,9192,32943
31300,9210,32903
31346,9233,32916
31400,9234,33047
31432,9239,33057
31404,9322,33132
31420,9271,32775
31428,9240,32895
31389,9237,32758
31372,9222,32871
31384,9225,33039
31414,9225,32948
31408,9228,32903
31428,9355,32871
31436,9310,32886
31424,9291,32856
31474,9277,32815
31524,9265,32831
31532,9250,32828
31556,9225,32940
31568,9220,32471
31588,9242,32733
31605,9232,32868
31630,9236,32700
31636,9242,32581
31670,9337,32655
31672,9283,32633
31684,9266,32605
31700,9254,32487
31729,9221,32567
31761,9228,32653
31815,9246,32493
31816,9249,32364
31836,9257,32364
31877,9253,32420
31881,9238,32519
31917,9222,32354
31936,9212,32453
31920,9199,32135
31912,9201,32223
31924,9343,32375
31920,9218,32199
31940,9293,32161
31920,9271,32057
31952,9270,32054
31980,9261,32079
32006,9233,32061
31992,9229,32005
31996,9237,31911
32000,9220,31822
32005,9228,31975
32040,9252,31913
32004,9276,31996
32000,9294,31852
31968,9286,31776
31956,9281,31789
31940,9256,31732
31872,9249,31677
31860,9238,31493
31836,9247,31845
31832,9263,31695
31824,9268,31617
31837,9296,31709
31864,9295,31673
31876,9311,31677
31888,9292,31620
31866,9287,31513
31893,9273,31588
31906,9268,31562
31937,9313,31647
31944,9204,31499
31924,9223,31447
31972,9230,31389
32016,9243,31380
32032,9245,31471
32088,9243,31422
32124,9233,31343
32144,9211,31396
32164,9200,31437
32216,9193,31379
32212,9199,31343
32280,9209,31310
32250,9228,31399
32302,9236,31414
32324,9310,31319
32340,9292,31335
32344,9271,31415
32377,9268,31368
32432,9237,31372
32400,9222,31381
32392,9219,31407
32372,9222,31439
32356,9236,31351
32380,9256,31333
32456,9263,31333
32516,9234,31310
32504,9224,31204
32476,9205,31237
32456,9196,31180
32472,9194,31206
32464,9197,31372
32500,9210,31276
32493,9231,31359
32584,9235,31266
32560,9239,31207
32548,9235,31221
32544,9218,31175
32525,9305,31190
32572,9292,31137
32553,9251,31181
32656,9227,31115
32677,9225,31081
32728,9255,31040
32716,9253,31323
32584,9276,31202
32733,9257,31217
32741,9236,31180
32704,9206,31167
32728,9198,31035
32808,9193,31156
32828,9199,31256
32844,9216,31120
32864,9228,30967
32869,9242,31016
32862,9245,30789
32900,9326,31054
32893,9284,30818
32940,9245,30829
32944,9236,30840
32976,9236,30783
33008,9217,30799
33020,9232,30852
32976,9234,30924
33070,9240,30821
33049,9251,30860
33080,9243,30701
33056,9228,30647
33069,9216,30593
33052,9205,30462
33112,9199,30590
33088,9284,30559
33044,9283,30476
33116,9301,30516
33108,9298,30554
33140,9301,30484
33117,9281,30471
33172,9252,30383
33153,9233,30541
33084,9217,30290
33040,9200,30546
33000,9202,30501
33052,9221,30475
33108,9234,30333
33128,9370,30265
33140,9311,30375
33100,9279,30193
33124,9263,30500
33116,9235,30437
33084,9227,30476
33052,9224,30338
33172,9211,30353
33194,9221,30268
33160,9237,30141
33149,9263,30356
33120,9269,30500
33140,9269,30356
33116,9239,30468
33124,9223,30335
33148,9307,30402
33144,9267,30088
33173,9261,30388
33180,9245,30176
33153,9254,30198
33132,9260,30253
33136,9275,30244
33145,9248,30280
33182,9242,30288
33172,9223,30256
33117,9207,30241
33180,9213,30175
33164,9209,30395
33126,9229,30150
33136,9309,30239
33153,9317,30116
33176,9327,30525
33168,9296,30127
33184,9269,30402
33144,9244,30284
33185,9228,30301
33185,9213,30328
33165,9216,30429
33148,9227,30543
33092,9291,30195
33116,9290,30398
33100,9283,30277
33200,9268,30391
33128,9251,30421
33020,9233,30453
33104,9237,30396
33113,9215,30377
33084,9225,30276
33072,9238,30522
33101,9248,30281
33065,9261,30685
33100,9270,30571
33104,9259,30561
33101,9276,30433
33114,9260,30324
33044,9222,30461
33081,9212,30524
33109,9223,30561
33120,9308,30567
33084,9320,30480
33128,9405,30612
33164,9266,30639
33088,9262,30599
33080,9318,30554
33044,9298,30533
33060,9292,30463
33103,9278,30717
33116,9283,30471
33057,9278,30583
33028,9268,30573
33013,9275,30557
32984,9276,30442
32981,9290,30817
32984,9250,30713
33002,9236,30783
32944,9298,30727
32956,9265,30762
32932,9259,30708
32912,9263,30655
32938,9274,30672
32920,9293,30558
32909,9274,30692
32989,9260,30682
32988,9251,30779
32977,9379,30867
32948,9276,30648
32964,9238,30727
32964,9225,30854
32876,9238,30784
32912,9321,30917
32936,9294,30622
32864,9283,30703
32868,9278,30677
32864,9257,30793
32937,9239,30768
32960,9281,30783
32944,9274,30884
32932,9253,30620
32924,9244,30767
32925,9248,30921
32936,9345,30932
32912,9293,30990
32888,9268,30869
32845,9345,30961
32840,9270,31085
32833,9236,30879
32836,9223,30909
32804,9229,30908
32808,9297,30906
32788,9286,30920
32796,9279,30979
32829,9295,30763
32775,9279,31059
32732,9265,31052
32740,9254,30990
32812,9261,30993
32806,9256,30782
32760,9244,30991
32752,9239,31004
32756,9315,31065
32672,9300,31183
32752,9290,31068
32745,9275,31007
32696,9255,31023
32672,9247,30981
32644,9228,30819
32596,9222,31200
32682,9227,31018
32670,9340,31012
32668,9310,31020
32668,9307,31025
32636,9316,31088
32650,9323,31111
32619,9285,31234
32628,9268,31117
32604,9249,31239
32580,9260,31108
32588,9263,31055
32576,9263,30997
32548,9271,31068
32512,9289,31247
32505,9288,31171
32484,9287,31266
32492,9284,31191
32456,9263,31252
32416,9265,31192
32366,9247,31180
32332,9254,31202
32328,9263,31124
32313,9271,31127
32276,9297,31239
32182,9307,31335
32164,9322,31230
32220,9307,31213
32261,9314,31267
32263,9298,31261
32188,9289,31317
32297,9286,31280
32376,9300,31414
32408,9316,31263
32396,9351,31289
32456,9276,31436
32477,9278,31325
32504,9271,31356
32532,9265,31304
32528,9259,31404
32592,9260,31337
32612,9247,31316
32623,9273,31343
32592,9295,31277
32568,9285,31222
32548,9287,31324
32568,9277,31332
32564,9268,31314
32504,9250,31345
32472,9241,31418
32396,9346,31403
32429,9298,31517
32453,9316,31382
32456,9325,31350
32472,9322,31414
32476,9317,31545
32476,9321,31444
32464,9325,31401
32476,9316,31415
32448,9245,31462
32452,9304,31555
32445,9305,31343
32460,9308,31383
32444,9305,31345
32428,9305,31377
32406,9327,31577
32388,9340,31524
32457,9341,31655
32416,9319,31239
32420,9299,31427
32397,9293,31452
32344,9305,31494
32290,9291,31485
32088,9308,31423
31808,9295,31463
31476,9310,31642
31164,9318,31268
30937,9283,31508
30752,9269,31396
30516,9256,31679
30320,9252,31277
30128,9311,31471
30316,9304,31461
31026,9291,31522
32152,9318,31683
33824,9303,31538
35956,9365,31488
38516,9287,31420
41503,9274,31472
44724,9362,31534
48080,9329,31623
51108,9290,31552
53172,9312,31415
53269,9298,31640
52028,9405,31372
50172,9379,31520
48000,9353,31684
45252,9364,31332
42364,9311,31564
39805,9348,31412
37508,9312,31608
35512,9303,31577
34012,9314,31653
33134,9305,31589
32580,9316,31541
32100,9322,31483
31760,9398,31549
31477,9340,31685
31244,9301,31337
31016,9286,31484
30816,9287,31638
30574,9267,31631
30272,9277,31664
30002,9341,31551
29764,9327,31636
29622,9314,31623
29477,9306,31623
29340,9322,31631
29207,9294,31585
29132,9297,31541
29096,9277,31565
29120,9269,31634
29156,9275,31332
29190,9347,31583
29224,9348,31714
29244,9326,31351
29258,9316,31548
29310,9310,31572
29356,9279,31615
29404,9266,31508
29476,9343,31596
29473,9283,31273
29474,9282,31471
29474,9312,31435
29504,9321,31444
29528,9312,31471
29542,9299,31476
29536,9287,31572
29600,9337,31201
29660,9298,31271
29701,9269,31304
29780,9266,31321
29840,9266,31444
29864,9282,31276
29861,9340,31109
29868,9322,31145
29916,9326,31166
29952,9289,31029
29980,9280,31045
29990,9323,31033
29972,9282,30828
29980,9265,31055
30002,9269,30796
30032,9282,30836
30064,9294,30866
30080,9361,30749
30096,9349,30664
30136,9326,30559
30172,9297,30587
30204,9285,30564
30216,9280,30503
30236,9271,30562
30241,9278,30255
30248,9281,30369
30255,9296,30457
30300,9356,30091
30342,9340,30189
30380,9347,30064
30392,9309,30100
30400,9292,30100
30424,9259,30132
30434,9257,30214
30464,9329,29800
30488,9323,30004
30500,9315,30145
30464,9330,29875
30492,9303,29972
30444,9290,30061
30448,9282,29898
30516,9331,29919
30612,9273,29921
30701,9287,29887
30736,9289,29831
30764,9289,29779
30776,9300,29835
30776,9304,29895
30812,9299,29742
30832,9351,29814
30861,9332,29879
30916,9284,29828
30932,9286,29703
30912,9256,29722
30928,9265,29816
30980,9357,29895
31000,9341,29591
31004,9320,29822
31018,9311,29815
30992,9290,29799
30948,9350,29847
30982,9326,29885
31028,9313,29624
31077,9286,29832
31124,9299,30010
31184,9303,29908
31216,9300,30057
31280,9305,29921
31312,9306,29949
31328,9295,29703
31304,9285,29865
31296,9376,30007
31300,9321,29991
31328,9311,30077
31372,9295,29905
31372,9309,29952
31412,9308,30023
31461,9307,30086
31474,9389,30093
31500,9358,30052
31504,9326,30137
31533,9288,30149
31520,9297,30192
31500,9272,30271
31464,9284,30259
31441,9289,30255
31456,9434,30329
31474,9367,30468
31479,9348,30120
31468,9311,30260
31460,9290,30342
31448,9271,30432
31440,9261,30468
31421,9260,30470
31408,9270,30439
31404,9286,30442
31428,9294,30471
31424,9300,30583
31465,9383,30628
31494,9338,30686
31476,9310,30637
31488,9263,30686
31546,9316,30764
31564,9287,30836
31569,9276,30713
31598,9273,30825
31620,9292,30916
31682,9297,30881
31740,9319,30763
31772,9303,30964
31848,9273,30939
31920,9255,30980
31948,9315,30789
31908,9302,31013
31928,9296,30739
32000,9290,31033
32092,9292,31095
32140,9304,31053
32136,9298,31104
32104,9277,31104
32108,9258,31162
32108,9332,30858
32100,9259,31157
32110,9260,31031
32156,9246,31298
32168,9256,31049
32206,9321,31173
32284,9317,31149
32288,9305,31207
32276,9295,31365
32308,9251,31150
32325,9239,31232
32304,9228,31279
32276,9296,31257
32312,9297,31309
32344,9281,31175
32352,9275,31278
32377,9268,31149
32416,9269,31281
32392,9327,31299
32328,9324,31435
32344,9305,31023
32413,9292,31167
32440,9289,31261
32472,9301,31324
32520,9309,31442
32600,9291,31335
32580,9284,31325
32608,9268,31281
32637,9261,31095
32632,9228,31398
32565,9220,31359
32576,9273,31412
32633,9261,31431
32629,9255,31468
32644,9249,31363
32672,9257,31407
32762,9249,31532
32825,9249,31505
32820,9311,31638
32808,9283,31253
32880,9257,31412
32876,9229,31511
32872,9235,31591
32933,9215,31485
32941,9222,31769
32944,9296,31567
32964,9257,31676
32960,9244,31543
32990,9236,31764
32964,9283,31449
33008,9245,31730
32988,9225,31911
32980,9192,31607
32952,9289,31780
33000,9249,31972
33012,9250,31791
33017,9244,31886
33013,9236,32053
33040,9350,31687
33057,9273,31831
33112,9243,31898
33104,9209,31936
33124,9225,31985
33144,9224,31968
33148,9219,31820
33152,9228,32208
33156,9233,32124
33213,9229,32224
33204,9226,32178
33164,9266,32317
33164,9217,31911
33169,9229,32299
33156,9215,31965
33160,9226,32183
33188,9239,32210
33248,9231,32294
33244,9225,32431
33228,9226,32364
33236,9284,32349
33248,9246,32252
33232,9206,32338
33212,9196,32380
33208,9178,32464
33240,9183,32631
33268,9293,32302
33282,9276,32415
33312,9253,32559
33304,9231,32620
33320,9234,32750
33324,9223,32676
33340,9202,32759
33365,9187,32674
33360,9165,32873
33364,9170,32469
33328,9185,32924
33345,9202,32808
33340,9267,32774
33338,9238,32813
33356,9227,32844
33340,9195,32863
33328,9183,32836
33328,9170,32895
33293,9185,32903
33308,9190,32941
33324,9183,32948
33342,9187,33075
33340,9191,33113
33352,9189,33124
33364,9266,33191
33429,9219,33244
33432,9179,33271
33408,9165,33235
33416,9175,33415
33364,9189,33360
33388,9210,33469
33404,9231,33377
33404,9206,33532
33377,9205,33495
33388,9178,33468
33352,9242,33460
33337,9195,33521
33345,9188,33543
33324,9155,33575
33358,9160,33532
33333,9179,33541
33344,9183,33631
33380,9197,33732
33392,9213,33760
33397,9188,33841
33348,9172,33742
33332,9152,33812
33372,9130,33994
33356,9125,33876
33356,9132,34020
33342,9145,33943
33368,9241,34093
33381,9226,33671
33376,9198,33956
33404,9174,33957
33380,9155,34015
33376,9157,34084
33396,9124,34092
33360,9124,34201
33340,9133,34147
33352,9155,34274
33392,9149,33996
33404,9215,34165
33436,9170,34333
33440,9156,34159
33440,9133,34215
33436,9204,34378
33438,9160,34295
33464,9126,34164
33452,9142,34125
33468,9146,34362
33472,9159,34384
33516,9182,34518
33532,9171,34065
33502,9162,34556
33532,9173,34439
33485,9141,34535
33500,9129,34486
33462,9107,34583
33469,9115,34503
33500,9120,34484
33568,9135,34397
33520,9150,34427
33521,9149,34567
33536,9197,34337
33564,9150,34572
33564,9124,34757
33556,9101,34626
33576,9103,34788
33616,9111,34661
33645,9113,34695
33628,9126,34677
33617,9202,34767
33605,9196,34748
33604,9188,34764
33624,9181,34621
33632,9103,34784
33597,9087,34823
33608,9081,34759
33624,9092,34725
33636,9115,34868
33640,9139,34819
33645,9157,34971
33628,9134,34847
33620,9116,34908
33620,9105,34855
33628,9093,35001
33664,9079,34535
33716,9142,34743
33693,9138,34560
33728,9116,34801
33746,9122,34615
33712,9148,34897
33668,9142,34894
33660,9122,35046
33644,9115,34936
33639,9128,34887
33645,9129,34895
33624,9195,34950
33624,9077,35053
33668,9174,34961
33684,9199,34943
33704,9172,34868
33688,9161,34878
33656,9156,34988
33648,9125,34893
33641,9093,34852
33652,9089,34820
33646,9097,34908
33588,9119,35008
33600,9133,35143
33620,9137,35025
33592,9148,35164
33571,9120,35053
33576,9098,35105
33556,9105,35044
33558,9072,35209
33582,9047,34733
33586,9046,35079
33532,9105,35023
33536,9094,34972
33568,9107,34831
33569,9103,35255
33524,9100,35124
33560,9106,35159
33576,9063,35151
33576,9048,35231
33608,9041,35167
33660,9092,35280
33728,9061,35041
33800,9058,35189
33840,9071,35145
33868,9075,35231
33872,9215,35365
33888,9127,35238
33868,9127,35202
33880,9190,35125
33878,9030,35158
33880,9112,35177
33836,9095,35197
33872,9072,35159
33856,9083,35246
33805,9069,35197
33796,9060,35260
33784,9058,35218
33732,9055,35120
33732,9043,35235
33765,9020,35344
33764,9014,35373
33748,9015,35497
33752,9031,35420
33741,9037,35531
33752,9048,35357
33756,9050,35388
33776,9042,35400
33740,9029,35373
33742,9013,35521
33788,9008,35492
33775,9004,35540
33728,9007,35484
33740,9021,35329
33692,9134,35415
33712,9040,35230
33724,9036,35591
33692,9030,35580
33649,9017,35652
33498,9002,35572
33231,8991,35613
32936,8987,35585
32638,8997,35581
32404,9007,35585
32200,9021,35580
31928,9034,35532
31712,9035,35535
31504,9028,35543
31624,9005,35706
32340,8993,35716
33552,8977,35847
35188,8978,35370
37208,9006,35749
39728,9111,35728
42680,9092,35880
45832,9092,35752
49068,9073,35904
51616,9052,35780
52824,9052,35909
52220,9019,35790
50560,9029,35879
48600,8996,35640
46629,9002,35713
44488,9017,35812
42396,9162,35812
40452,9134,35829
38400,9172,35795
36777,9092,35869
35744,9124,35820
35084,8989,35735
34620,8978,35910
34036,9042,35956
33588,9035,36000
33316,9028,36204
33092,9033,36077
32900,9051,36133
32744,9053,36076
32548,9005,36164
32296,9004,36215
32048,8956,36231
31757,9016,36111
31542,9001,36196
31396,9030,36225
31316,9093,36165
31216,9073,36351
31164,9027,36295
31126,8999,36299
31121,8988,36357
31088,8956,36327
31072,8941,36103
31061,8977,36348
31060,8945,36341
31060,8938,36475
31053,8933,36375
31092,9012,36381
31104,8986,36516
31118,8975,36388
31057,8961,36431
31176,8945,36382
31200,8925,36487
31218,8911,36437
31271,8965,36412
31309,8931,36647
31332,8928,36432
31325,8931,36453
31340,8936,36527
31352,8940,36527
31413,8938,36636
31408,8970,36484
31424,8916,36562
31444,8916,36708
31504,8901,36215
31540,8897,36585
31569,8963,36685
31632,8936,36501
31673,8950,36571
31676,8931,36788
31712,8996,36593
31720,8975,36615
31756,8932,36827
31764,8904,36607
31776,8881,36689
31789,9025,36545
31800,8938,36678
31804,8930,36697
31848,8932,36548
31868,8925,36818
31912,8964,36561
31916,8914,36700
31904,8893,36608
31908,8879,36735
31925,8957,36354
31921,8917,36615
31941,8921,36726
31932,8910,36567
31924,8912,36585
31941,8976,36570
31958,8932,36644
31944,8920,36532
31956,8881,36500
31994,8933,36622
32036,8895,36420
32058,8896,36469
32049,8881,36321
32036,8977,36548
32088,8939,36254
32150,8940,36344
32130,8901,36317
32160,8889,36207
32165,8913,36231
32142,8865,36183
32168,8918,36067
32172,8871,35999
32144,8941,36201
32188,8909,35949
32225,8905,36007
32260,8898,35959
32256,8885,35888
32252,8893,35983
32261,8866,35607
32240,8849,35704
32276,8843,35777
32272,8848,35327
32264,8965,35568
32292,8930,35628
32320,8909,35260
32404,8896,35412
32436,8906,35404
32469,8885,35381
32489,8852,35461
32528,8842,35088
32540,8848,35335
32602,8837,35079
32614,8929,35137
32637,8890,34972
32612,8897,35063
32600,8872,34984
32620,8943,35040
32605,8889,34884
32593,8871,34892
32608,8837,34743
32586,8829,34572
32594,8835,34585
32654,8882,34585
32644,8873,34620
32636,8862,34236
32648,8926,34548
32664,8885,34460
32648,8857,34430
32604,8831,34101
32520,8887,34487
32480,8845,34332
32432,8831,34407
32373,8829,34273
32340,8898,34324
32284,8873,34191
32202,8867,34149
32124,8847,34017
32112,8903,33831
32104,8848,34012
32088,8838,33901
32061,8807,33991
32046,8809,33991
32090,8821,34009
32100,8947,33940
32105,8889,33916
32072,8876,33741
32113,8843,33681
32138,8824,33820
32160,8862,33559
32164,8814,33717
32189,8796,33669
32216,8800,33605
32240,8863,33612
32289,8842,33540
32321,8855,33468
32326,8836,33735
32340,8823,33564
32356,8809,33479
32344,8847,33388
32340,8799,33511
32336,8809,33444
32380,8784,33393
32412,8869,33423
32432,8834,33376
32428,8832,33268
32424,8816,33148
32456,8891,33414
32440,8832,33316
32424,8791,33415
32440,8915,33277
32445,8828,33351
32456,8826,33188
32489,8837,32890
32500,8842,33279
32486,8839,33053
32500,8846,33103
32517,8828,33125
32492,8825,32978
32496,8795,33031
32464,8803,33060
32440,8766,32951
32460,8771,32686
32488,8865,33084
32524,8842,32862
32536,8822,32665
32560,8821,32949
32556,8805,32839
32560,8877,32773
32572,8799,32685
32568,8781,32788
32580,8789,32809
32564,8774,32620
32592,8774,32647
32608,8858,32853
32612,8825,32699
32624,8828,32748
32652,8799,32613
32660,8935,32551
32671,8817,32535
32648,8796,32627
32644,8774,32551
32679,8789,32672
32724,8799,32500
32732,8799,32440
32736,8826,32519
32724,8817,32519
32708,8827,32390
32713,8819,32441
32720,8796,32334
32780,8798,32505
32773,8786,32295
32772,8777,32319
32804,8782,32258
32808,8792,32311
32848,8791,32259
32878,8795,32177
32889,8901,32060
32929,8837,32173
32960,8828,32061
32936,8823,32260
32938,8805,32095
32924,8798,31805
32904,8802,32111
32904,8809,31903
32900,8811,32015
32888,8829,31909
32928,8820,32048
33008,8797,31944
32984,8779,31854
32944,8763,31930
32912,8751,31915
32930,8755,31798
33000,8770,31874
32997,8765,31855
33000,8776,31876
33028,8848,31782
33070,8830,31628
33064,8815,31933
33048,8794,31743
33048,8786,31783
33017,8779,31679
33049,8794,31783
33032,8802,31591
32992,8818,31733
33028,8824,31471
33033,8801,31833
33028,8783,31641
33008,8779,31683
33020,8773,31693
33036,8741,31557
33052,8756,31652
33064,8746,31543
33088,8768,31769
33069,8775,31557
33056,8796,31613
33053,8785,31513
33040,8780,31722
33049,8763,31534
33052,8748,31558
33061,8755,31585
33076,8750,31495
33060,8738,31511
33057,8762,31255
33052,8769,31652
33033,8783,31504
32984,8783,31413
32980,8768,31397
32984,8756,31487
32980,8759,31445
32956,8718,31332
32960,8712,31254
32960,8786,31511
32956,8770,31268
32972,8753,31525
32960,8758,31423
32988,8785,31318
33028,8757,31364
33024,8738,31532
32989,8727,31394
32936,8795,31518
32904,8708,31364
32900,8775,31236
32942,8761,31405
33012,8741,31355
33036,8740,31229
33000,8749,31351
32976,8815,31339
32924,8795,31405
32904,8805,31258
32896,8766,31231
32913,8751,31277
32856,8748,31226
32872,8737,31229
32848,8747,31303
32810,8770,31239
32804,8770,31186
32840,8759,31233
32848,8732,31324
32865,8746,31212
32840,8768,31205
32772,8725,31158
32764,8717,31189
32780,8733,31116
32804,8743,31116
32816,8749,31095
32836,8751,31060
32879,8762,31089
32896,8731,31030
32864,8708,31071
32864,8695,31150
32858,8688,31144
32820,8687,31239
32684,8698,31079
32568,8712,31045
32576,8725,31108
32636,8729,30889
32716,8723,31247
32756,8715,30981
32776,8747,31111
32768,8729,31094
32792,8716,31095
32780,8732,31044
32772,8733,30997
32764,8724,31042
32732,8750,31021
32708,8745,31048
32701,8746,31092
32708,8705,31193
32736,8693,31137
32756,8684,31069
32776,8682,31167
32764,8684,31215
32784,8693,31182
32772,8708,31157
32716,8716,31117
32676,8811,31166
32640,8716,31156
32652,8703,31232
32632,8691,31377
32624,8679,31263
32664,8681,31309
32660,8693,31276
32673,8712,31239
32684,8729,31183
32640,8741,31186
32612,8734,31350
32600,8737,31321
32592,8719,31429
32588,8704,31352
32553,8694,31478
32588,8719,31380
32608,8723,31515
32584,8725,31410
32576,8747,31477
32600,8761,31397
32586,8782,31345
32556,8776,31311
32556,8849,31474
32532,8756,31532
32512,8679,31442
32481,8672,31414
32496,8674,31372
32513,8685,31287
32512,8703,31675
32524,8727,31558
32496,8738,31485
32484,8735,31543
32452,8714,31557
32444,8710,31524
32492,8700,31546
32520,8693,31524
32500,8695,31383
32476,8714,31815
32472,8748,31688
32452,8750,31648
32422,8745,31689
32420,8750,31623
32409,8737,31767
32404,8713,31526
32420,8711,31831
32380,8690,31519
32373,8693,31844
32348,8727,31849
32312,8730,31996
32296,8736,31649
32352,8736,32004
32324,8749,31623
32336,8738,32049
32361,8695,31671
32396,8678,31940
32424,8737,31807
32424,8694,31983
32512,8721,32038
32545,8705,31996
32550,8722,31799
32573,8746,32092
32600,8747,31983
32640,8719,31933
32684,8708,32247
32680,8695,32165
32644,8688,32210
32608,8687,32149
32613,8703,32093
32558,8739,32350
32652,8740,32228
32617,8745,32243
32604,8751,32207
32581,8752,32149
32460,8781,32383
32468,8673,32252
32504,8670,32253
32516,8670,32194
32560,8685,32148
32604,8691,32255
32584,8701,32307
32592,8713,32357
32569,8713,32345
32540,8844,32357
32556,8687,32356
32544,8670,32614
32548,8666,32461
32436,8677,32346
32452,8689,32639
32444,8708,32479
32456,8724,32445
32480,8722,32471
32498,8737,32553
32521,8754,32493
32492,8786,32508
32372,8742,32259
32144,8732,32615
31849,8737,32509
31576,8751,32469
31168,8792,32437
31061,8705,32557
30808,8709,32448
30656,8708,32425
30428,8703,32301
30484,8685,32589
30844,8672,32519
31840,8667,32647
33328,8756,32482
35188,8740,32516
37480,8725,32252
40116,8744,32608
43116,8745,32471
46212,8744,32487
48904,8744,32407
50656,8725,32390
50672,8739,32349
49268,8740,32305
47324,8728,32341
45668,8736,32041
43768,8758,32224
41848,8780,32229
40092,8781,32164
38151,8774,32186
36376,8743,32148
35016,8733,31956
34196,8726,32343
33656,8722,32158
33182,8739,32043
32706,8719,32135
32388,8730,31992
32124,8783,32203
31964,8787,32059
31796,8786,32055
31672,8713,32020
31384,8696,32135
31065,8680,32189
30968,8705,31997
30740,8688,31847
30616,8705,32181
30493,8737,32129
30392,8763,32037
30260,8779,31957
30276,8774,31966
30273,8753,32034
30277,8750,32046
30276,8770,32161
30294,8673,31986
30252,8674,31944
30304,8684,31852
30332,8705,31879
30332,8710,31799
30436,8724,31670
30429,8728,31826
30432,8722,31750
30480,8714,31724
30528,8708,31962
30564,8681,31556
30580,8675,31973
30636,8687,31841
30648,8702,31758
30636,8722,31879
30740,8754,31807
30796,8770,31738
30808,8747,31652
30792,8755,31609
30719,8675,31743
30776,8675,31735
30854,8671,31751
30900,8708,31573
30908,8721,31704
30908,8772,31418
30936,8718,31642
30940,8730,31647
30992,8733,31638
31018,8703,31524
31024,8708,31648
31032,8701,31569
31020,8721,31542
31062,8739,31471
31165,8764,31521
31208,8773,31619
31200,8783,31473
31208,8717,31368
31204,8704,31428
31204,8693,31389
31216,8679,31469
31256,8678,31342
31268,8685,31255
31300,8701,31398
31300,8730,31272
31340,8770,31233
31376,8811,31079
31382,8719,31100
31372,8711,31082
31376,8698,30900
31394,8689,31252
31416,8692,31079
31457,8703,31162
31482,8720,31011
31436,8736,31140
31384,8751,30940
31440,8724,30839
31440,8728,30821
31456,8714,30705
31485,8706,30855
31452,8698,30511
31516,8694,30687
31537,8691,30613
31509,8698,30561
31556,8713,30658
31585,8725,30592
31600,8729,30637
31604,8729,30532
31572,8722,30607
31581,8719,30432
31592,8716,30412
31614,8716,30351
31582,8725,30269
31664,8716,30233
31752,8741,30309
31744,8738,30175
31764,8749,30127
31770,8753,29880
31816,8735,30021
31844,8720,30017
31816,8707,29998
31872,8697,30067
31876,8702,29921
31852,8715,29826
31868,8724,29839
31909,8741,29683
31908,8824,29699
31934,8883,29637
31904,8740,29477
31924,8837,29595
31896,8855,29591
31913,8801,29583
31860,8781,29577
31892,8779,29604
31944,8792,29635
31940,8799,29284
31972,8797,29462
31972,8768,29429
31920,8775,29477
31876,8738,29581
31844,8717,29249
31884,8715,29262
31844,8735,29284
31816,8741,29235
31772,8756,29252
31720,8775,29258
31656,8749,29422
31624,8756,29285
31552,8745,29392
31496,8733,29031
31424,8718,29375
31373,8710,29224
31356,8711,29254
31436,8729,29191
31420,8736,29187
31468,8744,29156
31480,8750,29229
31401,8753,29136
31460,8809,29246
31468,8793,29127
31580,8772,29166
31620,8726,29079
31648,8735,29209
31678,8724,29049
31636,8732,29015
31660,8742,28823
31780,8809,28924
31780,8807,28953
31772,8801,28948
31800,8784,28791
31820,8751,29031
31888,8732,28893
31893,8744,29005
31904,8746,28772
31870,8764,29140
31948,8768,29003
31948,8785,29082
31948,8766,28748
31945,8761,28997
31974,8758,28761
31968,8740,28985
31957,8731,28983
31993,8746,28870
32012,8743,28893
32012,8769,29048
32056,8779,28960
32072,8796,28925
32094,8814,28935
32088,8751,28980
32110,8735,28875
32080,8732,29093
32020,8721,28961
32096,8743,28774
32150,8755,29101
32150,8756,28927
32160,8778,28788
32164,8791,29009
32144,8793,28731
32088,8777,28986
32148,8771,28813
32184,8731,28927
32272,8723,28964
32276,8730,28962
32290,8797,29015
32300,8806,28745
32288,8810,28820
32312,8804,28734
32352,8787,28812
32340,8795,28840
32376,8758,28908
32313,8759,28853
32312,8767,28947
32304,8756,28940
32300,8758,29070
32312,8776,28933
32324,8800,29057
32372,8802,28911
32356,8822,29054
32396,8870,28909
32424,8822,29006
32414,8749,28794
32392,8740,28676
32400,8753,28878
32436,8745,28807
32432,8786,28745
32444,8788,28609
32469,8801,28965
32476,8810,28807
32440,8801,28734
32520,8787,28708
32524,8764,28679
32516,8757,28692
32528,8757,28661
32564,8773,28722
32596,8797,28708
32549,8801,28702
32536,8786,28639
32543,8784,28734
32560,8777,28799
32541,8765,28694
32566,8750,28634
32582,8744,28703
32572,8745,28769
32544,8847,28713
32556,8805,28837
32544,8793,28453
32454,8803,28775
32516,8821,28687
32440,8821,28487
32488,8809,28847
32524,8805,28689
32508,8805,28609
32524,8797,28665
32493,8792,28645
32496,8789,28696
32476,8805,28614
32532,8834,28737
32532,8860,28720
32592,8779,28852
32527,8834,28743
32504,8812,28859
32552,8799,28516
32556,8774,28613
32564,8779,28654
32584,8783,28620
32564,8795,28535
32480,8798,28758
32528,8791,28668
32548,8773,28785
32502,8767,28904
32500,8750,28790
32524,8809,28916
32560,8806,28796
32568,8798,28825
32545,8803,28797
32524,8804,28918
32508,8802,28785
32580,8821,28837
32564,8799,28809
32519,8793,28893
32512,8770,28820
32504,8755,28931
32540,8762,28569
32538,8783,28711
32548,8794,28615
32532,8802,28949
32508,8802,28821
32484,8835,28731
32500,8849,28828
32520,8772,28837
32520,8762,28968
32520,8895,28839
32520,8814,28829
32532,8806,28657
32596,8832,28807
32616,8827,28756
32554,8826,28818
32560,8824,28780
32612,8802,28807
32620,8788,28780
32572,8794,28754
32580,8770,28745
32596,8790,28809
32552,8792,28724
32570,8801,28780
32545,8817,28915
32576,8824,28916
32600,8804,29036
32560,8795,28951
32576,8848,29060
32521,8803,28856
32494,8794,28980
32524,8762,28869
32532,8772,28882
32568,8877,28964
32580,8848,29058
32580,8837,29013
32536,8828,29143
32560,8814,28920
32572,8816,29001
32556,8775,29167
32552,8763,28783
32544,8763,29022
32529,8778,28866
32560,8853,28908
32544,8847,28964
32597,8832,29029
32624,8819,29116
32623,8828,29060
32648,8817,29165
32660,8778,28965
32614,8791,29203
32576,8796,29083
32534,8784,29029
32536,8817,29093
32533,8812,29175
32452,8815,29085
32524,8837,29114
32556,8821,29008
32536,8819,28866
32512,8823,29064
32492,8775,29218
32536,8773,29109
32556,8776,29093
32536,8790,29085
32512,8806,29153
32486,8813,29119
32492,8872,29228
32498,8868,29095
32501,8839,29053
32540,8817,29025
32518,8795,29029
32472,8801,29085
32497,8787,29132
32480,8790,29140
32452,8935,29136
32437,8891,28909
32450,8855,29063
32487,8856,29045
32468,8857,29140
32448,8812,29055
32440,8786,29160
32520,8803,29247
32580,8806,29177
32648,8802,29191
32644,8806,29181
32584,8818,29311
32540,8821,29164
32505,8813,29320
32476,8796,29205
32461,8784,29336
32461,8779,29220
32440,8786,29209
32417,8807,29192
32429,8827,29160
32445,8827,29206
32456,8851,29132
32468,8845,29319
32485,8838,29263
32494,8818,29381
32480,8800,29263
32486,8781,29187
32460,8781,29156
32466,8849,29141
32396,8825,29174
32340,8824,29220
32304,8827,29309
32228,8824,29243
32212,8818,29320
32280,8869,29372
32284,8840,29377
32284,8829,29348
32280,8813,29352
32296,8810,29345
32298,8814,29405
32280,8837,29383
32272,8851,29452
32288,8838,29572
32328,8815,29502
32392,8809,29588
32436,8859,29532
32493,8827,29694
32556,8805,29574
32608,8813,29729
32660,8838,29553
32705,8825,29492
32752,8833,29578
32704,8835,29636
32652,8830,29629
32592,8887,29691
32512,8856,29713
32473,8831,29775
32496,8831,29791
32538,8861,29784
32574,8858,29932
32540,8851,30080
32464,8861,29951
32416,8857,29857
32397,8857,30203
32352,8836,30105
32393,8840,30068
32464,8810,30103
32484,8812,30255
32492,8841,30295
32492,8837,30261
32498,8849,30199
32468,8862,30471
32440,8863,30487
32456,8855,30613
32448,8877,30445
32444,8880,30664
32444,8947,30623
32485,8893,30620
32537,8814,30825
32552,8829,30897
32500,8849,30863
32505,8857,30744
32457,8860,31052
32296,8848,31116
32080,8833,31299
31832,8827,31197
31488,8818,31186
31204,8819,31300
30953,8823,31138
30652,8838,31562
30458,8849,31525
30280,8859,31655
30436,8856,31615
31084,8848,31509
32200,8838,31835
33808,8826,31817
35813,8837,31878
38196,8853,31838
40970,8849,31981
44000,8872,31949
47116,8906,31946
49956,8920,32110
51852,8922,32276
51880,8953,32156
50564,8943,32122
48792,8913,32220
47016,8932,32347
44972,8870,32324
42588,8869,32332
40296,8873,32309
38180,8885,32261
36260,8894,32567
34796,8961,32375
33822,8932,32469
33196,8907,32404
32600,8868,32637
32168,8844,32876
31892,8847,32771
31672,8878,32730
31488,8865,32743
31320,8900,32801
31104,8895,33056
30810,8901,32960
30512,8900,33021
30302,8913,32915
30124,8846,33047
29937,8837,33180
29807,8832,33104
29722,8837,33060
29672,8849,33308
29680,8863,33235
29646,8875,33415
29677,8937,33319
29724,8945,33273
29773,8854,33462
29801,8841,33412
29856,8834,33440
29917,8832,33355
29940,8838,33453
29981,8874,33686
29984,8858,33295
30029,8870,33716
30060,8871,33651
30080,8879,33576
30120,8884,33806
30176,8872,33730
30180,8856,33834
30216,8849,33769
30308,8877,33491
30340,8897,33983
30372,8925,33853
30401,8941,33839
30420,8939,33903
30477,8905,33999
30516,8895,33964
30580,8882,34143
30584,8847,34036
30592,8836,34161
30604,8849,34055
30604,8861,34025
30596,8872,34033
30676,8883,34037
30782,8893,34265
30836,8894,34192
30885,8886,34124
30924,8906,34207
30974,8889,34157
30984,8896,34268
30972,8913,34277
30974,8949,34439
30988,8950,34329
31052,8886,34461
31088,8942,34348
31152,8882,34463
31188,8871,34228
31216,8868,34202
31228,8861,34516
31264,8857,34181
31304,8883,34401
31332,8887,34396
31344,8931,34310
31404,8946,34287
31420,8946,34295
31404,8949,34316
31440,8869,34354
31433,8867,34415
31456,8878,34311
31524,8867,34276
31548,8899,34293
31540,8965,34273
31552,8885,34176
31612,8892,34075
31632,8895,34169
31616,8906,34294
31648,8893,34151
31668,8893,34247
31716,8877,34085
31792,8874,33981
31824,8904,33943
31852,8933,33976
31876,8953,33932
31884,8895,34000
31874,8928,33726
31932,8905,33827
31972,8899,33845
32013,8882,33757
32064,8873,33689
32104,8901,33520
32112,8910,33333
32148,8944,33717
32176,8892,33424
32157,8971,33429
32156,9021,33487
32124,8901,33412
32173,8995,33481
32232,8933,33332
32270,8925,33287
32252,8933,33101
32296,8939,33117
32348,8947,33029
32350,8961,32823
32356,8992,33124
32388,8913,33001
32388,8902,32829
32349,8908,33103
32348,8913,32887
32356,8915,32824
32374,8925,32911
32448,9022,32823
32488,8886,32708
32472,8899,32837
32481,8910,32713
32469,8911,32783
32448,8905,32639
32408,8903,32467
32382,8889,32519
32348,8890,32300
32336,8885,32668
32257,8898,32500
32237,8917,32383
32212,8919,32468
32184,8933,32476
32128,8960,32400
32152,8911,32372
32132,8895,32412
32118,8917,32356
32116,8891,32213
32144,8899,32351
32176,8919,32428
32192,8943,32289
32228,8950,32231
32212,8985,32249
32256,8914,32263
32304,8909,32175
32340,8899,32125
32356,8886,31970
32429,8873,32317
32429,8870,32214
32456,8876,32188
32496,8887,32105
32480,8900,31924
32556,8917,32181
32632,8913,32129
32680,8921,32032
32664,8911,32273
32664,8899,32110
32708,8917,32118
32696,8948,32057
32703,8983,32028
32721,8890,32129
32756,8903,32184
32836,8932,32094
32836,8933,32089
32832,8961,31822
32812,8980,32209
32836,8888,32002
32854,8908,32131
32876,8911,32017
32878,8944,32219
32900,9010,32082
32956,8910,32090
32933,8938,32081
32908,8963,32206
32896,9014,32098
32908,8907,31973
32949,8899,32279
32993,8907,32165
33024,8906,32116
33044,8941,32220
33037,8959,32209
33024,8986,32313
33032,9003,32213
33036,9006,32086
33064,8926,32341
33056,8915,32263
33032,8910,32319
33068,8927,32252
33066,8910,32488
33081,8917,32356
33104,8929,32278
33089,8973,32551
33104,8963,32431
33096,8952,32429
33120,8965,32357
33149,8932,32236
33188,8914,32604
33220,8904,32527
33208,8900,32609
33252,8913,32436
33244,8927,32476
33232,8951,32580
33220,8942,32303
33216,8950,32743
33236,8954,32646
33208,8941,32576
33221,8931,32637
33196,8924,32391
33149,8906,32743
33144,8913,32727
33172,8928,32732
33204,8937,32703
33228,8951,32651
33257,8953,32811
33253,8951,32771
33212,8935,32900
33236,8924,32519
33280,8910,32774
33288,8912,32544
33276,8921,32965
33292,8928,32871
33304,8946,33029
33306,8956,32929
33320,8964,32982
33316,8953,32961
33284,8941,33007
33280,8941,32964
33250,8951,32943
33234,8947,33045
33244,8967,32764
33260,9002,33177
33272,9017,33111
33256,9052,33089
33272,8967,33093
33264,9033,33087
33236,9007,33138
33252,8938,32890
33257,8927,33188
33261,8925,33159
33252,8963,33363
33238,8969,33249
33232,9025,33279
33252,8971,33359
33236,8973,33283
33224,8965,33285
33230,8969,33356
33220,8957,33380
33208,8975,33481
33208,8992,33389
33194,8997,33401
33208,8945,33351
33248,8958,33487
33236,8985,33556
33240,9005,33422
33216,9021,33274
33220,9016,33678
33248,8948,33524
33228,8935,33295
33212,8934,33786
33216,8965,33681
33204,8961,33743
33212,8976,33711
33237,9009,33860
33248,9013,33752
33248,9007,33654
33224,9013,33915
33220,9035,33798
33184,8949,33797
33144,8940,33835
33176,8948,33957
33188,9007,33724
33152,9026,34069
33132,9039,33967
33124,9127,34016
33164,8983,33953
33177,9053,33978
33136,9018,34045
33152,9002,34175
33152,8975,34073
33128,8988,34235
33152,9001,34113
33188,9008,34119
33189,9018,34044
33136,9023,34104
33132,9008,34092
33132,9001,34196
33160,8964,34287
33168,8951,34404
33152,8946,34356
33180,8957,34300
33160,8974,34417
33156,8981,34410
33148,8989,34582
33157,9000,34484
33204,8990,34647
33192,8981,34537
33208,8964,34701
33228,8963,34577
33218,9015,34705
33181,9031,34629
33144,9060,34785
33100,8981,34695
33088,8994,34765
33124,8999,34730
33140,8994,34879
33126,8985,34529
33149,9037,34775
33145,9015,34847
33144,8987,34823
33125,8991,34796
33140,9009,34893
33159,9044,34883
33152,9113,35060
33156,9070,34948
33184,8995,35063
33168,8982,34976
33152,8971,35124
33129,8966,35001
33109,8960,34951
33100,8971,34836
33120,8985,35039
33124,9012,35003
33157,9016,35063
33156,9003,35207
33156,8997,35039
33160,8988,35045
33144,8973,35192
33176,8963,35133
33204,8958,35255
33216,8968,35146
33232,8980,35239
33213,8991,35141
33201,9003,35184
33224,9015,35165
33212,9019,35332
33178,9047,35202
33172,9087,35288
33206,8965,35181
33200,8963,35196
33184,8989,35191
33193,8997,35327
33198,9004,35229
33168,9015,35376
33180,9025,35237
33152,9021,35348
33116,9020,35214
33133,8996,35260
33104,8991,35079
33032,8976,35202
33000,8972,35199
32948,8983,35252
32961,8992,35364
33000,9004,35253
33048,9007,35406
33112,9024,35289
33152,9019,35407
33188,8998,35290
33228,8996,35445
33244,8999,35317
33321,9026,35413
33352,9055,35317
33382,9071,35391
33392,9014,35309
33376,9017,35432
33428,9013,35311
33428,9067,35195
33412,9058,35300
33385,8981,35293
33400,8969,35381
33432,8983,35296
33444,9015,35301
33436,9030,35345
33392,9041,35445
33320,9029,35390
33256,9039,35413
33236,9052,35356
33248,8990,35335
33264,8976,35353
33242,8972,35383
33236,8976,35407
33245,8987,35479
33240,9003,35429
33248,9081,35572
33288,9084,35076
33272,9020,35551
33284,9072,35461
33252,8994,35508
33256,8975,35391
33232,8974,35396
33233,8980,35423
33220,8994,35444
33214,9094,35463
33200,9017,35513
33180,9021,35490
33152,9011,35628
33072,8999,35461
32916,8992,35335
32584,9125,35499
32244,9043,35492
31948,9039,35545
31693,9026,35373
31476,9035,35430
31188,9040,35524
30929,9039,35484
30780,9044,35621
31016,9018,35391
31824,8997,35438
33152,8991,35541
34904,9012,35438
37068,9021,35430
39660,9034,35424
42736,9095,35461
46084,9185,35568
49456,9035,35471
52316,9037,35496
54088,9129,35244
53872,9120,35404
52440,9117,35188
50461,9121,35469
48296,9127,35353
45688,9127,35377
42964,9236,35399
40424,9066,35400
38116,9066,35471
36224,9063,35491
34880,9049,35486
34066,9037,35380
33524,9030,35443
33008,9028,35361
32612,9049,35183
32348,9053,35654
32116,9073,35476
31897,9085,35579
31652,9073,35500
31420,9068,35540
31144,9065,35494
30908,9079,35645
30680,9135,35506
30480,9009,35613
30316,9009,35487
30189,9024,35490
30108,9058,35463
30056,9071,35417
30044,9060,35383
30045,9055,35447
30037,9059,35413
30024,9037,35430
30028,9039,35457
30028,9031,35501
30097,9033,35487
30144,9044,35519
30207,9060,35511
30248,9061,35510
30272,9074,35463
30280,9070,35548
30271,9072,35412
30278,9052,35493
30321,9031,35457
30368,9045,35385
30384,9060,35405
30428,9074,35394
30496,9095,35319
30516,9049,35441
30556,9049,35559
30581,9073,35438
30577,9050,35456
30612,9045,35462
30636,9021,35623
30645,9005,35158
30664,9020,35525
30684,9038,35160
30744,9048,35365
30820,9066,35429
30837,9082,35444
30852,9068,35525
30865,9071,35685
30908,9036,35197
30930,9015,35405
30925,9018,35540
30913,9083,35575
30948,9105,35639
30973,9113,35570
30972,9117,35591
30956,9071,35549
30952,9060,35606
30972,9064,35457
31012,9055,35521
31048,9043,35533
31066,9051,35528
31076,9068,35541
31108,9067,35684
31183,9067,35281
31204,9089,35439
31220,9101,35487
31256,9097,35487
31246,9090,35499
31242,9063,35511
31260,9069,35519
31276,9039,35377
31333,9035,35441
31370,9156,35335
31364,9142,35316
31380,9129,35319
31404,9125,35396
31425,9124,35303
31462,9127,35374
31484,9127,35236
31512,9113,35277
31552,9168,34807
31584,9039,35220
31596,9059,34861
31648,9073,34988
31648,9081,34911
31648,9090,34879
31668,9095,34837
31700,9088,34823
31708,9086,34857
31706,9062,34783
31697,9043,34711
31720,9149,34623
31788,9120,34604
31856,9139,34564
31908,9143,34551
31956,9137,34607
31946,9130,34447
31977,9100,34422
32008,9084,34213
32064,9081,34220
32104,9070,34215
32116,9078,34191
32124,9080,34276
32136,9097,34085
32161,9119,34007
32168,9100,33876
32184,9099,33815
32217,9193,33920
32236,9145,33799
32216,9117,33892
32208,9093,33380
32261,9084,33498
32332,9091,33661
32329,9083,33526
32294,9097,33539
32277,9161,33295
32220,9130,33303
32216,9113,33237
32234,9097,33157
32244,9091,33167
32200,9061,33131
32184,9075,33020
32144,9079,33044
32094,9085,32695
31996,9100,32808
31944,9181,32823
31918,9104,32881
31868,9091,32813
31820,9076,32767
31836,9065,32697
31860,9061,32695
31888,9061,32601
31888,9070,32554
31916,9156,32508
31964,9154,32496
32000,9155,32439
32004,9147,32429
32024,9113,32349
32072,9080,32375
32085,9070,32263
32120,9057,32342
32149,9053,32041
32156,9061,32015
32200,9077,32108
32240,9101,31973
32268,9125,32148
32309,9107,31973
32316,9099,31847
32364,9116,31997
32373,9113,31847
32377,9110,31737
32381,9127,31733
32384,9064,31741
32396,9070,31648
32408,9085,31537
32425,9091,31508
32434,9090,31495
32456,9076,31292
32472,9071,31524
32444,9059,31317
32440,9045,31351
32440,9050,31284
32436,9059,31084
32460,9071,31455
32508,9084,31278
32528,9087,31321
32544,9085,31172
32504,9085,31239
32500,9131,31118
32492,9111,31053
32517,9087,31053
32509,9086,30967
32548,9092,30856
32612,9080,30844
32612,9097,30973
32620,9104,30892
32626,9123,30804
32604,9123,30901
32584,9109,30844
32596,9093,30796
32636,9066,30779
32704,9064,30888
32716,9067,30470
32728,9073,30626
32752,9082,30664
32740,9089,30727
32760,9218,30639
32772,9176,30737
32804,9133,30391
32840,9121,30471
32844,9110,30333
32836,9104,30528
32852,9105,30270
32860,9097,30468
32900,9102,30376
32912,9111,30375
32944,9111,30364
32993,9127,30385
32976,9135,30437
32956,9057,30320
32944,9076,30484
32964,9076,30361
32952,9116,30105
32996,9131,30393
32980,9153,30324
32956,9170,30396
32968,9252,30267
32982,9093,30133
32968,9078,30139
32964,9125,30185
32941,9118,30215
32940,9115,30105
32968,9123,30295
32960,9142,30241
32933,9155,30343
32944,9187,30232
32960,9179,30127
32965,9161,30103
32988,9188,30126
33012,9065,30131
33020,9059,29967
33013,9097,30339
33036,9092,30224
33044,9135,30301
33012,9156,30180
33008,9107,30228
33024,9107,30316
33040,9156,30207
33041,9165,30311
33049,9143,30238
33076,9101,30333
33056,9081,29980
33052,9091,30196
33028,9110,30145
33049,9099,30210
33036,9223,30343
33044,9166,30220
33032,9125,30225
33034,9111,30142
33022,9071,30244
33020,9189,30153
33048,9119,30264
33072,9119,30268
33088,9126,30351
33074,9118,30005
33068,9142,30121
33068,9107,30361
33072,9104,30059
33080,9127,30285
33018,9094,30443
33086,9093,30066
33117,9071,30236
33124,9081,30413
33072,9248,30336
33121,9177,30453
33164,9153,30187
33116,9142,30215
33072,9119,30293
33110,9124,30373
33112,9113,30401
33109,9081,30408
33076,9091,30343
33080,9112,30319
33056,9107,30364
33072,9114,30471
33113,9119,30553
33140,9123,30372
33148,9180,30461
33096,9136,30444
33068,9127,30443
33056,9120,30471
33116,9134,30457
33106,9144,30497
33113,9140,30476
33140,9158,30495
33112,9151,30604
33124,9138,30719
33108,9138,30682
33132,9116,30724
33117,9094,30706
33136,9089,30727
33092,9139,30695
33148,9123,30749
33153,9134,30830
33153,9143,30780
33136,9145,30916
33088,9161,30809
33088,9137,30949
33024,9135,30812
33066,9141,30744
33078,9132,30740
33028,9149,30692
33140,9100,30884
33136,9110,30878
33188,9125,30940
33164,9157,30862
33142,9156,30863
33108,9129,30835
33132,9134,30688
33132,9103,30953
33140,9116,30658
33109,9099,30815
33181,9105,30877
33168,9113,30949
33077,9253,31095
33076,9208,30988
33236,9133,31032
33188,9189,30997
33210,9184,31134
33188,9156,30990
33180,9136,31066
33254,9149,31013
33304,9149,31111
33240,9153,31017
33325,9171,31141
33312,9158,30986
33272,9146,31084
33228,9147,30819
33240,9129,30902
33260,9121,30956
33252,9094,31007
33218,9086,31132
33184,9103,30985
33288,9110,31028
33313,9122,30964
33292,9131,30986
33277,9125,30768
33300,9189,30869
33244,9173,30810
33220,9168,30749
33180,9151,30776
33216,9134,30840
33234,9152,30887
33252,9110,30661
33204,9118,30545
33226,9140,30912
33244,9143,30767
33220,9149,30745
33232,9130,30740
33244,9120,30785
33188,9106,30705
33076,9101,30821
33141,9124,30653
33056,9125,30649
33076,9151,30593
33148,9151,30545
33084,9163,30511
33072,9138,30599
33104,9130,30597
33136,9166,30437
33184,9154,30444
33156,9216,30373
33224,9176,30381
33389,9251,30463
33408,9125,30191
33449,9135,30447
33444,9135,30146
33497,9127,30365
33472,9197,30163
33484,9237,30203
33516,9156,30206
33524,9142,30145
33508,9164,30057
33532,9173,30093
33532,9191,29975
33472,9218,30313
33454,9132,30076
33400,9125,30014
33368,9109,29972
33304,9096,29951
33296,9186,30006
33293,9174,29950
33328,9156,30025
33344,9164,29973
33344,9216,29766
33304,9134,30024
33292,9133,29735
33294,9127,30015
33280,9120,29888
33288,9097,29872
33260,9095,29620
33236,9119,29868
33265,9103,29743
33232,9116,29793
33256,9209,29901
33264,9189,29551
33278,9183,29680
33273,9175,29657
33244,9153,29689
33238,9136,29711
33164,9124,29716
33016,9153,29639
32764,9203,29612
32444,9125,29633
32088,9135,29646
31801,9166,29573
31576,9174,29532
31328,9146,29438
31156,9159,29767
30930,9155,29373
30962,9141,29475
31596,9151,29516
32664,9159,29576
34244,9179,29583
36204,9189,29557
38716,9216,29497
41565,9233,29480
44644,9141,29457
47808,9315,29476
50648,9221,29532
52492,9225,29553
52479,9180,29685
51124,9223,29559
49300,9236,29592
47408,9244,29553
45184,9254,29690
42733,9218,29540
40520,9213,29614
38244,9200,29338
36394,9185,29559
35008,9167,29427
34220,9181,29478
33648,9183,29486
33098,9230,29576
32720,9160,29589
32472,9166,29717
32236,9163,29613
32036,9150,29609
31820,9140,29612
31596,9135,29541
31354,9149,29597
31110,9134,29447
30833,9154,29799
30705,9157,29717
30544,9199,29685
30360,9213,29685
30224,9158,29543
30144,9259,29637
30224,9141,29676
30192,9212,29750
30137,9123,29789
30176,9123,29749
30182,9151,29709
30181,9164,29634
30256,9161,29742
30266,9175,29612
30304,9173,30012
30372,9168,29895
30389,9149,29913
30340,9145,29853
30408,9127,29922
30448,9127,29897
30401,9148,29836
30461,9191,30044
30500,9242,29913
30564,9156,29957
30620,9175,29911
30632,9175,29888
30660,9146,29807
30673,9130,30181
30704,9135,30039
30740,9141,29967
30712,9165,30005
30710,9167,29822
30770,9195,30226
30776,9158,30093
30796,9159,30065
30864,9157,29981
30876,9135,29887
30868,9123,30287
30976,9115,30161
30953,9112,30301
31016,9152,30055
31009,9165,30072
30904,9181,30156
31050,9188,29952
31076,9172,30327
31052,9180,30198
30992,9167,30337
30976,9151,30215
31001,9126,30269
31096,9116,30205
31136,9122,30129
31048,9141,30077
31120,9145,30036
31257,9155,30170
31268,9154,30220
31229,9148,30191
31272,9132,30160
31232,9122,30063
31201,9114,30132
31314,9113,29919
31351,9155,30300
31340,9153,30151
31265,9179,30142
31312,9223,29961
31337,9158,29874
31349,9151,30121
31348,9149,30064
31368,9135,30117
31437,9136,30025
31412,9142,30033
31456,9169,29967
31477,9195,29913
31508,9214,29868
31512,9229,29813
31569,9165,29906
31501,9283,29849
31588,9140,29759
31608,9126,29647
31608,9121,29535
31633,9133,29780
31735,9143,29464
31720,9157,29758
31756,9169,29617
31794,9173,29715
31858,9194,29537
31821,9183,29636
31893,9168,29468
31892,9145,29432
31968,9158,29262
31964,9184,29087
31980,9203,29405
32032,9284,29157
32014,9161,28964
32036,9236,29189
32108,9230,29086
32012,9206,29191
32084,9197,29031
32068,9200,28893
32112,9213,28823
32104,9126,28903
32074,9142,28869
32132,9153,28756
32186,9165,28537
32212,9167,28789
32257,9170,28649
32152,9163,28548
32240,9151,28703
32220,9137,28583
32208,9135,28496
32184,9133,28463
32196,9148,28479
32130,9164,28344
32174,9176,28260
32158,9205,28373
32020,9204,28303
31940,9200,28238
31912,9191,28102
31904,9183,28380
31852,9162,28238
31801,9151,28284
31818,9161,28103
31816,9190,28167
31756,9259,28036
31797,9178,28134
31784,9212,28105
31776,9210,27981
31804,9223,28118
31804,9149,28030
31834,9138,27928
31868,9146,27975
31884,9166,27755
31900,9172,28026
31960,9192,27910
31984,9225,27743
32030,9245,28033
32041,9315,27918
32068,9156,27776
32104,9146,27943
32140,9165,27852
32172,9153,27654
32196,9169,27981
32200,9166,27845
32216,9206,27917
32212,9194,27824
32177,9205,27718
32176,9197,27670
32180,9170,27630
32168,9145,27852
32224,9137,27789
32218,9133,27681
32240,9143,27687
32258,9151,27779
32240,9169,27721
32220,9188,27684
32260,9175,27533
32260,9174,27878
32260,9175,27730
32262,9170,27637
32220,9146,27709
32260,9143,27511
32249,9154,27845
32292,9184,27728
32292,9180,27701
32292,9188,27584
32277,9189,27515
32292,9186,27786
32316,9164,27546
32316,9167,27706
32400,9151,27733
32412,9152,27660
32384,9162,27581
32376,9170,27501
32420,9188,27840
32448,9189,27733
32500,9196,27619
32500,9189,27679
32512,9167,27556
32552,9163,27861
32560,9143,27740
32577,9151,27777
32584,9169,27615
32593,9185,27730
32620,9183,27823
32644,9187,27741
32660,9220,27610
32652,9230,27841
32671,9152,27720
32664,9134,27516
32668,9141,27677
32636,9153,27858
32608,9191,27593
32645,9151,27718
32700,9166,27759
32685,9171,27702
32688,9313,27729
32724,9164,27709
32749,9150,27709
32742,9138,27692
32732,9130,27673
32780,9127,27564
32788,9274,27693
32832,9153,27676
32808,9169,27644
32796,9172,27617
32788,9177,27563
32776,9181,27814
32781,9160,27687
32775,9157,27629
32815,9166,27650
32832,9164,27575
32844,9152,27651
32876,9157,27713
32920,9167,27685
32929,9181,27729
32916,9241,27683
32876,9244,27783
32876,9234,27654
32861,9203,27789
32813,9142,27694
32804,9136,27607
32776,9148,27649
32848,9163,27730
32905,9188,27569
32892,9189,27676
32882,9220,27664
32879,9236,27634
32897,9298,27575
32844,9149,27684
32864,9145,27701
32844,9165,27626
32836,9172,27655
32896,9199,27593
32888,9208,27677
32844,9207,27748
32804,9191,27703
32776,9194,27765
32760,9180,27722
32768,9169,27783
32760,9151,27558
32760,9140,27651
32780,9151,27848
32813,9265,27724
32840,9253,27793
32832,9253,27509
32813,9247,27646
32805,9216,27693
32833,9204,27751
32816,9197,27821
32782,9209,27749
32750,9203,27761
32745,9205,27550
32712,9209,27645
32690,9214,27695
32709,9210,27797
32708,9203,27921
32708,9212,27821
32665,9190,27952
32656,9189,27820
32628,9200,27804
32592,9174,27844
32580,9181,27985
32608,9184,27651
32640,9213,28012
32676,9199,27806
32704,9220,27898
32704,9207,27865
32684,9188,27984
32684,9166,28147
32669,9159,28034
32648,9160,28181
32676,9182,28087
32705,9166,28253
32764,9178,28152
32768,9191,28109
32724,9271,28072
32716,9244,28123
32681,9236,28071
32696,9222,28413
32696,9213,28351
32684,9206,28516
32652,9221,28447
32620,9198,28431
32612,9220,28330
32628,9214,28455
32616,9210,28472
32604,9197,28597
32596,9180,28756
32584,9175,28674
32648,9156,28644
32672,9151,28625
32649,9156,28770
32680,9165,28861
32604,9178,28831
32588,9189,28853
32632,9189,28750
32692,9179,28911
32716,9173,28833
32673,9162,28855
32654,9234,28895
32624,9212,29004
32592,9221,28969
32596,9200,29073
32597,9197,29227
32608,9203,29133
32596,9214,29088
32596,9208,29083
32644,9198,29053
32664,9191,29108
32628,9169,29099
32629,9165,29196
32612,9173,29248
32612,9190,29222
32604,9207,29247
32617,9237,29101
32644,9237,29252
32676,9239,29359
32700,9271,29426
32684,9157,29318
32640,9153,29199
32624,9153,29364
32620,9159,29278
32600,9197,29622
32652,9195,29531
32704,9208,29467
32708,9228,29591
32705,9203,29390
32696,9189,29788
32679,9181,29681
32684,9155,29841
32628,9153,29743
32568,9159,29901
32506,9187,29823
32516,9188,29871
32542,9193,29889
32564,9198,29849
32588,9189,29949
32584,9183,30116
32582,9185,30025
32608,9165,30188
32692,9159,30109
32684,9165,30162
32636,9185,30137
32628,9195,30207
32613,9202,30245
32592,9204,30276
32580,9202,30039
32572,9199,30474
32548,9177,30361
32508,9159,30439
32508,9157,30181
32489,9164,30325
32389,9175,30407
32288,9192,30516
32253,9266,30679
32280,9258,30569
32304,9250,30721
32285,9254,30630
32256,9180,30791
32270,9162,30694
32324,9156,30727
32432,9168,30727
32466,9180,30831
32464,9191,30769
32513,9198,30855
32532,9217,30761
32552,9225,30767
32616,9210,30788
32660,9193,30799
32669,9182,30852
32640,9191,30993
32596,9180,30945
32574,9207,30958
32528,9226,30923
32572,9238,30901
32624,9238,30864
32572,9233,30943
32544,9204,31019
32542,9193,30980
32548,9191,30971
32548,9179,31012
32562,9175,31108
32560,9177,31271
32620,9189,31153
32620,9197,31286
32605,9202,30912
32620,9259,31172
32580,9239,31261
32556,9185,30956
32532,9175,31200
32572,9166,31108
32648,9185,31309
32652,9196,31074
32632,9215,31303
32608,9203,31069
32556,9205,31188
32592,9199,31077
32640,9189,31383
32632,9278,31124
32640,9260,31465
32500,9161,31404
32272,9171,31485
31952,9179,31428
31640,9191,31351
31392,9207,31316
31264,9214,31292
31036,9211,31346
30768,9202,31420
30596,9204,31361
30520,9195,31475
30780,9217,31599
31588,9229,31465
33008,9306,31417
34820,9199,31644
37000,9215,31504
39604,9233,31379
42549,9230,31415
45700,9215,31429
48621,9235,31661
50788,9280,31484
51296,9194,31272
50172,9205,31655
48368,9229,31396
46593,9265,31263
44840,9268,31497
42871,9286,31549
40877,9260,31583
38964,9291,31434
37024,9219,31607
35429,9199,31524
34440,9196,31541
33850,9201,31559
33344,9225,31495
32784,9237,31393
32346,9252,31767
32064,9249,31394
31832,9243,31703
31677,9222,31425
31496,9223,31810
31352,9215,31743
31148,9225,31729
30968,9233,31750
30756,9245,31721
30588,9284,31719
30460,9219,31841
30356,9227,31751
30256,9222,31713
30189,9204,31789
30176,9196,31888
30176,9275,31905
30160,9177,31855
30190,9183,31852
30242,9198,31898
30273,9266,31972
30260,9279,31952
30318,9274,31935
30384,9263,31933
30416,9258,31895
30445,9247,32063
30520,9181,32121
30584,9180,32088
30600,9196,32112
30623,9236,32199
30672,9210,32199
30696,9218,32164
30712,9222,32125
30741,9215,32498
30764,9231,32343
30784,9239,32442
30812,9185,32496
30852,9179,32446
30868,9212,32709
30860,9239,32532
30884,9270,32657
30956,9223,32702
31016,9223,32596
31072,9241,32775
31108,9220,32910
31121,9247,32788
31180,9184,32923
31172,9182,32981
31200,9193,32897
31232,9212,32775
31244,9231,33215
31308,9247,32847
31340,9243,33056
31364,9239,33159
31434,9227,33228
31469,9223,33147
31478,9210,33480
31452,9235,33353
31488,9245,33324
31518,9200,33543
31532,9210,33454
31580,9222,33441
31616,9241,33401
31624,9238,33517
31670,9236,33498
31700,9215,33531
31692,9226,33559
31704,9236,33607
31708,9287,33476
31713,9279,33558
31748,9279,33701
31748,9355,33575
31740,9291,33692
31760,9281,33550
31777,9250,33641
31816,9225,33315
31824,9212,33404
31832,9211,33441
31870,9213,33369
31941,9220,33393
31996,9231,33324
32064,9259,33353
32104,9263,33361
32132,9260,33316
32135,9233,33252
32166,9215,33311
32128,9206,33279
32125,9216,33111
32202,9220,33268
32254,9239,32958
32296,9253,33258
32332,9263,32903
32380,9249,33124
32417,9252,32841
32424,9245,33154
32436,9229,32982
32508,9211,32977
32552,9207,32959
32536,9216,32875
32560,9232,32735
32568,9246,33013
32600,9265,32820
32653,9256,32998
32677,9255,32869
32712,9237,32948
32717,9234,32870
32708,9228,32817
32718,9221,32749
32696,9231,32589
32656,9268,32834
32656,9279,32475
32728,9300,32780
32770,9239,32745
32793,9242,32685
32789,9231,32662
32789,9210,32631
32812,9203,32653
32756,9200,32604
32672,9204,32743
32652,9213,32667
32648,9236,32626
32586,9239,32647
32533,9244,32683
32448,9241,32605
32383,9230,32567
32313,9222,32519
32264,9213,32540
32230,9227,32577
32172,9226,32367
32198,9247,32655
32216,9244,32655
32192,9255,32727
32204,9254,32652
32180,9257,32775
32176,9270,32664
32186,9262,32772
32189,9239,32668
32277,9222,32799
32312,9229,32389
32365,9259,32831
32392,9266,32696
32409,9265,32821
32421,9275,32707
32440,9253,32804
32474,9229,32457
32504,9203,32633
32476,9191,32620
32492,9183,32670
32532,9187,32661
32576,9200,32654
32605,9215,32664
32616,9220,32678
32614,9223,32754
32628,9215,32838
32624,9211,32739
32642,9191,32754
32628,9188,32485
32622,9248,32724
32685,9188,32769
32693,9189,32901
32728,9206,32773
32762,9221,32713
32776,9222,32636
32780,9289,32642
32797,9205,32756
32792,9195,32889
32788,9182,32765
32769,9198,32666
32768,9195,32890
32720,9221,32758
32704,9252,32687
32704,9283,32816
32749,9216,32766
32828,9210,32697
32884,9207,32762
32924,9195,32463
32924,9204,32877
32917,9189,32775
32928,9207,32889
32900,9196,32769
32908,9220,32703
32872,9235,32763
32868,9245,32846
32880,9243,32756
32888,9218,32800
32925,9204,32716
32996,9203,32660
33036,9195,32635
33024,9196,32580
33036,9218,32756
33061,9223,32703
33103,9240,32823
33088,9243,32648
33072,9233,32765
33084,9221,32671
33076,9206,32675
33038,9210,32559
33032,9210,32592
33041,9189,32609
33033,9201,32605
32996,9220,32557
32996,9253,32484
32981,9285,32535
32984,9215,32425
33008,9194,32546
33040,9183,32189
33052,9171,32588
33056,9172,32423
33084,9191,32299
33100,9205,32517
33112,9224,32391
33120,9265,32287
33133,9292,32323
33124,9211,32316
33149,9199,32418
33148,9185,32309
33132,9168,32293
33120,9170,32166
33084,9174,32241
33064,9182,32250
33033,9197,32165
33060,9209,32183
33052,9221,31965
33056,9238,32337
33028,9223,32211
33032,9212,32225
33048,9195,32064
33049,9214,32101
33029,9236,31924
33032,9182,32319
32980,9198,32169
33009,9236,32105
33036,9224,32023
33040,9255,32173
33017,9273,32082
32984,9183,32231
33015,9177,32157
33052,9197,32119
33060,9190,32065
33028,9224,32042
33044,9282,32172
33001,9205,32156
33032,9241,32148
33004,9231,32021
32996,9253,32132
32997,9175,32161
32988,9166,32111
32968,9164,32165
32926,9173,32157
32928,9207,32239
32916,9205,32140
32896,9243,32052
32928,9269,32112
32933,9202,32156
32904,9187,32275
32904,9204,32135
32900,9204,31995
32924,9161,32305
32944,9159,32164
32944,9175,32149
32976,9182,32173
32964,9196,32105
32984,9201,32135
32968,9218,32231
32972,9217,32271
32948,9198,32173
32936,9210,32217
32948,9298,32246
32933,9155,32185
32920,9170,32423
32948,9216,32251
32944,9215,32293
32917,9248,32276
32924,9253,32212
32924,9248,32335
32925,9224,32493
32956,9215,32372
32948,9236,32293
32950,9215,32303
32992,9253,32426
32968,9178,32353
32933,9187,32469
32906,9204,32448
32928,9225,32373
32932,9205,32536
32964,9227,32513
32992,9298,32437
32970,9151,32637
32952,9154,32560
32924,9191,32486
32920,9189,32526
32900,9216,32607
32910,9245,32588
32917,9247,32511
32888,9172,32636
32868,9195,32364
32876,9185,32791
32872,9172,32647
32881,9189,32609
32908,9209,32701
32929,9229,32713
32900,9245,32863
32900,9274,32741
32880,9266,32756
32868,9246,32748
32860,9231,32724
32844,9229,32711
32805,9201,32724
32805,9212,32913
32788,9222,32876
32788,9222,32991
32764,9231,32919
32796,9245,33030
32820,9226,32953
32828,9234,32847
32832,9235,33108
32832,9260,32954
32876,9228,32876
32908,9157,33164
32888,9160,33004
32888,9178,32859
32877,9192,33223
32876,9195,33124
32860,9193,33217
32844,9274,33148
32817,9221,33252
32820,9167,33185
32820,9153,33143
32833,9155,33191
32816,9163,33224
32812,9172,33223
32784,9188,33224
32788,9189,33159
32776,9192,33234
32756,9228,33333
32768,9188,33412
32716,9190,33516
32700,9162,33456
32676,9185,33407
32620,9195,33393
32623,9210,33284
32624,9213,33618
32628,9215,33558
32660,9226,33524
32693,9231,33531
32684,9217,33580
32716,9184,33655
32722,9193,33631
32766,9217,33620
32852,9237,33485
32933,9242,33639
32959,9254,33727
33000,9256,33701
33064,9253,33795
33092,9268,33767
33112,9172,33839
33121,9157,33900
33124,9279,34093
33092,9284,33812
33069,9169,33953
33092,9179,34013
33140,9188,33997
33164,9197,34157
33124,9194,34111
33064,9181,34239
33024,9168,34137
32972,9156,34278
32984,9153,34158
32948,9157,34112
32928,9162,34149
32916,9178,34157
32944,9191,34293
32924,9343,34270
32868,9261,34420
32892,9254,34095
32908,9172,34281
32921,9231,34279
32928,9213,34365
32916,9207,34506
32892,9202,34092
32928,9207,34368
32938,9212,34463
32936,9210,34145
32944,9193,34357
32924,9183,34349
32888,9168,34392
32849,9156,34485
32740,9158,34532
32472,9223,34525
32092,9222,34271
31692,9317,34414
31408,9195,34375
31224,9195,34549
30984,9201,34439
30791,9193,34485
30592,9174,34535
30670,9161,34630
31340,9173,34605
32556,9159,34597
34264,9174,34413
36301,9197,34687
38792,9259,34289
41776,9278,34499
45108,9297,34339
48548,9264,34572
51581,9238,34716
53644,9218,34637
53788,9234,34664
52432,9239,34645
50544,9261,34766
48432,9257,34620
46008,9261,34561
43320,9271,34532
40776,9273,34518
38440,9249,34590
36484,9223,34629
35044,9195,34655
34112,9183,34681
33528,9245,34687
32980,9227,34695
32536,9255,34363
32256,9284,34646
32044,9276,34709
31828,9268,34706
31608,9291,34823
31380,9230,34629
31144,9221,34727
30876,9239,34852
30620,9241,34386
30444,9172,34855
30264,9186,34396
30100,9269,34578
29974,9258,34755
29933,9246,34724
29904,9231,34812
29924,9193,34557
29925,9175,34610
29948,9173,34661
30012,9185,34615
30056,9209,34400
30080,9227,34740
30076,9243,34734
30134,9256,34756
30208,9244,34636
30232,9239,34620
30244,9188,34903
30248,9175,34658
30276,9154,34669
30334,9154,34703
30404,9161,34743
30373,9172,34924
30369,9189,34796
30376,9196,34831
30408,9190,34815
30464,9181,34972
30510,9212,34507
30544,9213,34823
30620,9206,34541
30648,9215,34999
30688,9194,34911
30722,9185,34903
30732,9191,34647
30728,9201,34915
30740,9211,34636
30764,9220,35084
30768,9253,34968
30788,9216,35060
30800,9194,35031
30813,9210,35060
30880,9247,35005
30932,9247,35079
30942,9188,35017
30969,9188,35004
30984,9185,34935
30976,9177,34761
30956,9167,35172
30980,9153,34823
31016,9155,35205
31048,9171,35100
31058,9170,35017
31036,9197,35069
31068,9238,35079
31096,9247,35197
31124,9261,35036
31160,9180,34956
31184,9167,35131
31160,9163,35013
31184,9155,35113
31192,9149,34617
31201,9159,34930
31188,9169,34942
31184,9183,34886
31188,9187,34991
31216,9185,34812
31222,9178,34679
31234,9160,34668
31292,9155,34689
31300,9268,34767
31289,9279,34285
31324,9154,34695
31341,9165,34550
31349,9183,34605
31340,9184,34107
31336,9197,34311
31374,9182,34294
31408,9190,34157
31404,9167,34023
31416,9163,34239
31453,9188,34151
31468,9157,34013
31476,9173,34022
31480,9182,33985
31500,9213,33925
31556,9220,33724
31566,9235,33501
31588,9168,33889
31588,9152,33697
31585,9154,33689
31616,9179,33532
31656,9174,33448
31696,9188,33396
31726,9216,33327
31764,9203,33273
31772,9224,33180
31760,9211,33223
31778,9183,33149
31800,9187,33209
31804,9179,33038
31808,9157,32924
31860,9157,32693
31881,9191,32973
31916,9218,32823
31900,9220,32856
31904,9228,32711
31912,9227,32764
31920,9205,32580
31910,9221,32567
31908,9270,32373
31909,9263,32319
31901,9161,32345
31840,9174,32342
31765,9191,32364
31718,9194,32223
31672,9190,32183
31612,9185,32056
31580,9172,32004
31556,9155,31939
31546,9151,31900
31552,9155,31787
31584,9163,31717
31592,9224,31758
31612,9183,31797
31632,9191,31902
31632,9189,31724
31660,9183,31593
31686,9181,31511
31680,9168,31473
31688,9175,31533
31728,9161,31238
31725,9190,31607
31752,9193,31441
31768,9207,31535
31786,9223,31350
31840,9233,31446
31888,9207,31018
31881,9198,31380
31900,9201,31207
31912,9213,31301
31924,9208,31133
31992,9284,31212
32056,9165,31049
32116,9178,30948
32120,9180,30942
32108,9182,30953
32125,9169,31051
32132,9175,30923
32093,9162,30854
32094,9193,30813
32112,9137,30813
32152,9141,30902
32160,9172,30636
32160,9200,30489
32188,9233,30808
32188,9178,30675
32157,9182,30546
32148,9199,30595
32128,9196,30438
32132,9134,30509
32132,9149,30546
32168,9154,30452
32168,9184,30356
32188,9225,30256
32180,9177,30388
32152,9172,30284
32172,9162,30386
32232,9183,30399
32228,9169,30373
32229,9195,30271
32225,9132,30229
32268,9153,30256
32268,9171,30045
32273,9215,30325
32308,9236,30023
32332,9246,30377
32316,9164,30239
32325,9175,30130
32336,9156,30121
32332,9163,29993
32364,9226,30301
32380,9135,30168
32397,9153,30249
32440,9162,29881
32432,9171,29991
32424,9175,29954
32416,9177,30164
32412,9183,30096
32440,9188,30136
32484,9243,29976
32504,9138,30037
32480,9158,30087
32485,9209,29991
32484,9168,29851
32504,9171,30038
32520,9171,29988
32574,9163,30068
32612,9165,29999
32600,9156,29883
32580,9172,29948
32588,9206,29747
32601,9143,29967
32618,9151,29719
32612,9165,29853
32586,9170,29786
32560,9170,29841
32564,9160,29724
32604,9170,30033
32588,9153,29988
32574,9146,29968
32552,9167,29863
32602,9180,29815
32596,9181,29910
32576,9183,29767
32565,9230,30069
32557,9228,30004
32544,9231,29924
32550,9148,30172
32528,9125,29990
32604,9124,29790
32572,9132,30128
32572,9170,29961
32580,9165,30080
32594,9195,30078
32604,9170,30233
32592,9165,29964
32577,9181,29868
32574,9154,30253
32572,9154,30145
32608,9155,30111
32592,9166,30028
32596,9210,30183
32588,9142,30273
32604,9154,30215
32584,9161,30124
32576,9163,30309
32576,9170,30274
32572,9158,30351
32592,9161,30276
32604,9151,30240
32624,9149,30313
32620,9176,30127
32668,9189,30447
32692,9213,30389
32680,9162,30581
32649,9157,30479
32652,9158,30551
32652,9148,30440
32676,9143,30455
32660,9136,30461
32648,9129,30716
32680,9246,30636
32672,9176,30643
32648,9153,30524
32628,9189,30845
32637,9185,30754
32660,9177,30807
32658,9166,30823
32640,9162,30943
32652,9139,30847
32628,9151,31020
32661,9172,30917
32708,9171,31020
32712,9194,30959
32669,9207,31044
32592,9207,31016
32625,9207,31067
32676,9207,31032
32688,9119,30991
32700,9109,31023
32709,9112,31004
32676,9123,31069
32704,9128,30876
32712,9140,31311
32692,9152,31191
32640,9151,31220
32672,9137,31204
32672,9127,31316
32668,9146,31209
32676,9121,31373
32680,9111,31033
32716,9147,31415
32720,9142,31266
32740,9163,31421
32678,9195,31305
32640,9216,31295
32644,9252,31285
32584,9129,31169
32612,9144,31447
32616,9120,31334
32684,9138,31414
32700,9175,31350
32669,9127,31382
32640,9156,31212
32644,9193,31087
32688,9148,31460
32708,9147,31258
32654,9152,31109
32688,9155,31343
32692,9127,31329
32687,9119,31399
32736,9138,31492
32736,9157,31414
32729,9177,31437
32740,9197,31404
32749,9213,31558
32780,9132,31425
32780,9117,31471
32744,9099,31445
32752,9097,31570
32788,9091,31440
32732,9103,31509
32636,9112,31213
32744,9151,31568
32772,9161,31460
32677,9265,31581
32704,9134,31476
32736,9137,31495
32772,9116,31465
32776,9126,31561
32732,9155,31492
32749,9094,31591
32732,9102,31469
32712,9123,31609
32668,9146,31471
32708,9178,31561
32679,9118,31430
32652,9119,31348
32648,9122,31305
32596,9130,31303
32508,9151,31303
32536,9094,31153
32568,9240,31399
32600,9118,31370
32608,9123,31508
32600,9124,31329
32656,9115,31396
32669,9102,31300
32704,9100,31268
32742,9110,31284
32808,9106,31385
32832,9107,30993
32864,9116,31158
32892,9121,31122
32908,9124,31173
32920,9116,31185
32928,9109,31180
32912,9093,31268
32940,9091,31133
32936,9082,31077
32946,9086,30981
32972,9097,30817
32976,9125,31212
32924,9156,31058
32864,9158,31109
32836,9193,31025
32828,9104,31131
32805,9116,30857
32812,9143,31015
32849,9070,30888
32808,9077,31015
32768,9110,30940
32841,9105,31079
32852,9115,30676
32845,9147,31073
32884,9169,30938
32860,9102,30826
32840,9088,30887
32832,9076,30969
32832,9076,30855
32784,9100,30904
32752,9135,30951
32748,9089,30865
32805,9101,30761
32780,9134,30885
32816,9132,30636
32776,9157,30965
32628,9085,30909
32382,9084,30818
32084,9081,30812
31726,9092,30903
31424,9138,30967
31216,9086,30836
30972,9111,30737
30736,9133,31047
30532,9109,30897
30546,9099,30853
31084,9089,30884
32192,9079,30863
33828,9079,30913
35904,9118,30967
38286,9150,30900
41212,9077,30871
44424,9113,30992
47711,9161,30945
50680,9108,30876
52700,9137,31000
52780,9145,31091
51572,9157,31035
49824,9174,31156
47740,9266,30800
45404,9095,31139
42920,9130,30962
40532,9138,30847
38212,9181,31216
36262,9172,31137
34808,9153,31143
33948,9154,30892
33382,9161,31189
32848,9127,30951
32400,9152,31239
32177,9143,31012
32008,9140,31125
31812,9137,31199
31612,9155,31169
31404,9095,31244
31104,9080,31244
30860,9069,31228
30664,9057,31269
30484,9123,31367
30333,9125,31446
30181,9051,31503
30080,9076,31445
30004,9106,31425
29958,9097,31415
29944,9099,31448
29957,9105,31390
29980,9094,31316
29920,9091,31694
29932,9105,31584
30092,9031,31455
30104,9058,31789
30156,9067,31679
30232,9092,31671
30264,9124,31665
30284,9133,31524
30264,9063,31838
30328,9051,31784
30400,9054,31750
30402,9062,31900
30428,9025,31865
30480,9034,31845
30536,9067,31786
30556,9069,31685
30584,9114,31975
30612,9064,32015
30596,9065,31925
30664,9053,32157
30680,9066,32076
30692,9091,32086
30776,9020,32101
30788,9019,32061
30852,9037,32060
30860,9056,32028
30910,9061,32087
30940,9070,31942
30957,9087,32370
30972,9097,32252
30988,9025,32422
30948,9021,32257
30988,9025,32108
30986,9035,32214
31056,9055,32245
31094,9065,32285
31068,9070,32263
31189,9083,32317
31152,9093,32260
31206,9087,32200
31240,9021,32063
31245,9004,32495
31184,9005,32348
31268,9024,32444
31280,9038,32319
31304,9057,32277
31312,9069,32300
31264,9093,32263
31292,9095,32245
31332,9027,32146
31264,9015,32185
31365,9001,32241
31400,9003,32319
31400,9081,32286
31428,9020,32227
31480,9032,32263
31496,9060,32287
31508,9076,32391
31532,9082,32252
31556,9078,32310
31556,9135,31947
31560,9065,32200
31606,9060,32052
31616,9003,32033
31588,9010,31975
31684,9040,32195
31732,9070,31877
31756,9079,32001
31788,9086,32005
31800,9016,32000
31799,9009,32037
31868,9027,32132
31909,9012,32007
31940,9055,31913
31988,9005,31800
31976,9019,31652
31962,9029,31770
32036,9033,31773
32088,9028,31708
32104,9023,31718
32132,9029,31655
32180,9011,31788
32216,8988,31685
32244,8999,31749
32256,9012,31344
32240,9019,31559
32336,9033,31669
32368,9042,31536
32396,9049,31641
32428,9068,31176
32460,9060,31296
32476,9052,31301
32508,8993,31215
32524,8991,31253
32576,9004,31255
32596,9015,31290
32540,9064,31025
32552,9090,31215
32592,9085,30886
32604,9004,31201
32572,8991,31111
32528,8990,31151
32456,9001,31044
32420,9005,31133
32408,9007,30711
32389,9036,31032
32332,9028,30922
32296,9033,30967
32288,9025,30859
32292,9020,30876
32320,9019,30785
32276,8992,30869
32285,8996,30721
32332,9009,30836
32364,9028,30660
32405,9047,30768
32412,9028,30335
32436,9033,30429
32488,9005,30465
32528,8982,30505
32564,9113,30386
32584,9026,30342
32621,9094,30359
32672,8982,30448
32724,8967,30343
32741,8980,30437
32813,8991,30276
32829,9013,30237
32892,9003,30200
32932,8988,30296
32940,8957,30111
32960,8973,30185
33000,8961,30020
33024,8996,29769
33012,9022,30117
33092,9019,29708
33080,9065,30004
33085,8978,29828
33092,8983,29596
33100,8989,29738
33138,8956,29761
33172,8956,29732
33104,8949,29821
33200,8969,29391
33192,8973,29622
33196,8996,29315
33252,9011,29441
33266,8989,29484
33252,8993,29413
33252,9009,29314
33262,8932,29381
33224,8918,29329
33245,8916,29410
33276,8921,29007
33316,8935,29213
33341,8953,29100
33368,8955,29151
33404,9095,29037
33414,9095,29006
33444,8931,28956
33512,8921,29020
33516,8915,28895
33480,8923,28911
33476,8941,28845
33481,8942,28812
33513,8957,28720
33548,8974,28841
33596,8959,28961
33584,8943,28583
33644,8932,28658
33665,8915,28643
33686,8910,28631
33718,8924,28587
33748,8914,28601
33808,8925,28688
33820,8967,28559
33864,8975,28567
33860,8991,28535
33828,9040,28561
33900,8921,28343
33905,8910,28391
33908,8909,28422
33928,8934,28436
33940,8930,28217
33976,8957,28257
33996,8989,28097
34020,8929,28231
34032,8928,28001
34037,8924,28095
34024,8914,28047
33972,8913,28099
34016,8908,28023
34016,8921,28071
34028,8945,28123
34022,8969,28012
34048,8909,27951
34060,8931,27932
34044,8941,27861
34052,8957,27792
34036,8943,27857
34012,8935,27892
34021,8945,28006
34008,8938,27622
33999,8881,27911
33989,8895,27829
33980,8932,27829
33988,8927,27789
33968,8935,27895
33956,8942,27800
33988,8940,27874
33972,8957,27748
34052,8871,27655
34052,8881,27879
34028,8903,27767
34029,8900,27806
34028,8919,27748
34024,8939,27622
34036,8998,27839
34021,8900,27598
34000,8918,27745
33944,8913,27647
33948,8997,27862
33926,8863,27736
33933,8862,27846
33920,8875,27739
33912,8915,27572
33928,8909,27737
33908,8918,27532
33888,8918,27788
33908,8899,27620
33920,8901,27775
33940,8892,27569
33964,8911,27911
33952,8922,27813
33940,8927,27899
33929,8927,27830
33912,8925,27927
33872,8920,27844
33840,8932,27783
33865,8939,27732
33864,8855,27857
33808,8840,28011
33797,8843,27857
33766,8854,27701
33776,8883,28009
33780,8900,27916
33736,8920,28069
33740,8917,27956
33744,8930,28013
33732,8996,27959
33744,8836,27884
33735,8840,27898
33724,8853,27857
33745,8858,27946
33740,8865,27799
33697,8864,28028
33697,8863,27821
33684,8865,28036
33668,8867,27961
33685,8859,27934
33676,8831,27994
33700,8819,28061
33676,8815,28062
33617,8822,28114
33580,8826,28108
33574,8855,28128
33592,8885,28073
33624,8886,28150
33644,8862,28135
33653,8863,28147
33636,8855,28122
33604,8868,28145
33592,8866,28156
33580,8865,28189
33580,8881,28297
33640,8895,28253
33632,8848,28335
33664,8940,28259
33676,8836,28376
33644,8820,28081
33624,8807,28406
33632,8817,28315
33632,8816,28430
33640,8801,28122
33634,8834,28383
33614,8843,28152
33616,8850,28292
33608,8855,28298
33592,8838,28269
33604,8820,28285
33626,8842,28391
33636,8851,28233
33567,8779,28457
33512,8783,28407
33486,8794,28535
33484,8803,28529
33464,8807,28364
33444,8814,28615
33437,8807,28503
33404,8797,28629
33396,8780,28783
33388,8771,28711
33436,8762,28742
33425,8767,28545
33460,8775,28701
33464,8899,28781
33472,8862,28873
33444,8863,28884
33394,8842,28874
33337,8844,28881
33300,8833,28943
33270,8849,28950
33276,8745,28900
33312,8748,29138
33332,8760,29038
33345,8772,29211
33320,8783,29197
33292,8781,29327
33279,8775,29447
33276,8763,29425
33252,8744,29605
33228,8733,29519
33221,8727,29545
33212,8731,29521
33200,8739,29629
33158,8754,29700
33128,8763,29756
33120,8765,29860
33112,8759,29607
33080,8745,29799
33036,8733,29937
33017,8725,30121
33001,8740,30035
33024,8738,30009
32992,8762,30071
32964,8802,30055
32908,8897,30279
32912,8895,29993
32924,8850,30365
32884,8885,30087
32832,8849,30313
32805,8701,30445
32828,8697,30590
32857,8710,30551
32872,8739,30644
32853,8751,30647
32876,8771,30598
32916,8798,30697
32948,8879,30785
32992,8712,30941
33048,8730,30876
33092,8711,30836
33160,8736,31020
33221,8827,31023
33204,8691,31151
33148,8711,31127
33108,8721,31261
33124,8721,31221
33076,8732,31391
33040,8718,31300
33017,8730,31374
33028,8703,31407
33020,8697,31422
32964,8713,31396
32940,8718,31483
32940,8719,31668
32965,8727,31349
32980,8730,31614
32933,8739,31636
32913,8725,31733
32960,8695,31932
32940,8697,31860
32964,8667,31822
33008,8669,31823
32988,8690,31809
32945,8717,31982
32940,8745,32122
32924,8771,32040
32908,8674,32093
32893,8661,32068
32864,8660,31945
32848,8663,32066
32880,8682,32142
32864,8773,32182
32876,8715,32223
32904,8653,32175
32842,8673,32172
32670,8696,32349
32357,8683,32368
32034,8689,32401
31712,8698,32137
31493,8684,32335
31296,8707,32205
31044,8735,32413
30860,8772,32301
30720,8644,32480
31032,8652,32347
31856,8656,32719
33172,8660,32612
34848,8665,32564
36984,8700,32615
39504,8725,32389
42432,8609,32662
45600,8784,32608
48544,8623,32593
50864,8634,32678
51764,8650,32765
50892,8687,32881
49336,8703,32815
47632,8670,32892
45836,8663,32849
43740,8651,32967
41564,8638,32570
39536,8641,32927
37460,8664,32604
35788,8684,32969
34636,8719,32679
33956,8643,33082
33376,8633,32989
32880,8613,33151
32552,8599,32720
32320,8584,33064
32096,8579,32808
31901,8581,33117
31758,8587,32788
31546,8600,32972
31225,8606,33117
30984,8735,33119
30784,8672,33129
30600,8647,33104
30496,8572,33065
30404,8556,33042
30316,8548,32868
30280,8574,33313
30232,8595,33135
30244,8629,33079
30193,8719,33275
30208,8583,33204
30205,8575,33214
30228,8573,33151
30232,8553,33093
30252,8546,33117
30208,8551,33146
30412,8540,33123
30423,8564,33119
30424,8573,33086
30400,8581,33101
30512,8596,32983
30596,8591,32949
30600,8596,32932
30636,8635,32973
30688,8513,32965
30660,8505,33005
30720,8511,33012
30784,8529,32961
30812,8557,32949
30773,8555,32912
30800,8573,32903
30824,8575,32932
30896,8556,32910
30880,8548,33017
30878,8540,32870
30948,8526,32699
30984,8522,32800
31052,8560,32757
31092,8505,32834
31120,8514,32461
31026,8517,32596
31080,8510,32724
31148,8501,32685
31151,8483,32761
31228,8474,32452
31197,8490,32621
31128,8483,32279
31244,8483,32466
31313,8492,32583
31349,8508,32184
31444,8515,32227
31404,8501,32239
31440,8489,32187
31412,8471,32278
31385,8463,32171
31380,8465,31952
31404,8441,32082
31393,8446,31695
31400,8566,31865
31444,8535,32005
31476,8506,31710
31380,8511,31719
31372,8501,31791
31357,8472,31335
31468,8478,31597
31580,8555,31192
31552,8421,31519
31474,8558,31045
31512,8437,31104
31526,8569,31206
31550,8498,30871
31432,8477,30997
31724,8453,31062
31574,8445,30646
31560,8413,30770
31516,8421,30437
31662,8415,30495
31616,8414,30650
31660,8442,30460
31681,8426,30309
31648,8424,30207
31668,8421,30190
31836,8539,30103
31820,8458,30033
31892,8439,30087
31800,8435,29848
31856,8436,29839
31900,8455,29446
31929,8454,29471
31997,8476,29415
32032,8407,29284
31932,8405,29301
31992,8388,29241
31977,8374,29277
32008,8399,29104
31992,8387,29150
32064,8423,28935
32072,8438,28905
32120,8382,28545
32064,8392,28679
32124,8393,28540
32096,8444,28319
32088,8420,28437
32069,8384,28540
32080,8375,28319
32144,8367,28252
32096,8378,27989
32104,8418,28162
32108,8516,28050
32076,8373,28101
32032,8379,27897
32016,8381,27788
31972,8368,27742
31812,8367,27636
31800,8335,27644
31778,8379,27466
31678,8369,27419
31636,8380,27446
31584,8410,27413
31540,8475,27319
31510,8359,27210
31525,8370,27190
31493,8366,27190
31420,8330,27113
31457,8313,26936
31486,8304,26972
31460,8305,26973
31400,8318,27013
31532,8324,26781
31508,8337,26825
31493,8334,26825
31528,8447,26644
31608,8357,26732
31692,8325,26556
31724,8303,26644
31712,8301,26628
31664,8301,26705
31626,8323,26336
31824,8310,26398
31878,8311,26477
31800,8373,26313
31824,8343,26373
31844,8338,26292
31924,8333,26327
31989,8343,26234
32042,8333,26294
32040,8335,26219
32004,8341,26279
31958,8353,26263
32000,8357,26233
32028,8363,26247
31985,8340,26181
31928,8318,26231
31897,8282,26021
31944,8267,26125
32017,8265,26224
32016,8251,26086
32000,8261,26196
31968,8275,25853
31982,8293,26126
31988,8314,26030
32036,8307,26064
32060,8277,26008
32038,8286,25925
32020,8297,25887
32004,8378,25840
32020,8345,26009
31992,8323,25772
31928,8307,25956
31944,8297,25815
31996,8318,25998
32056,8324,25762
32056,8314,26043
32000,8295,25792
32024,8282,25972
32092,8237,25801
32028,8247,26041
32054,8270,25985
32152,8271,26106
32164,8287,26011
32142,8275,26004
32180,8278,25988
32246,8241,26042
32288,8248,26023
32313,8237,25975
32332,8232,26039
32336,8235,26020
32296,8227,25953
32189,8254,26065
32232,8265,26173
32276,8257,26073
32294,8275,26180
32277,8293,26077
32260,8212,26023
32200,8201,26089
32192,8194,26188
32213,8194,25889
32264,8215,26228
32268,8243,26109
32322,8240,26225
32260,8245,25927
32334,8257,26105
32334,8225,26223
32284,8226,26149
32224,8202,26278
32264,8209,26175
32281,8342,26078
32297,8195,26055
32344,8215,26058
32300,8238,26077
32309,8244,26114
32324,8235,26236
32326,8216,26308
32348,8223,26237
32365,8203,26390
32356,8212,26287
32299,8223,26403
32276,8238,26295
32328,8242,26267
32370,8271,26138
32396,8282,26215
32480,8266,26274
32424,8249,26391
32444,8244,26526
32376,8241,26198
32272,8160,26316
32388,8163,26441
32456,8271,26464
32436,8245,26351
32380,8257,26372
32388,8258,26509
32368,8196,26445
32328,8189,26524
32332,8166,26692
32264,8153,26396
32300,8143,26532
32308,8147,26502
32348,8151,26622
32412,8168,26705
32332,8186,26615
32356,8200,26549
32324,8231,26663
32314,8234,26471
32300,8229,26697
32336,8210,26553
32336,8196,26660
32336,8205,26754
32304,8175,26572
32281,8201,26645
32260,8234,26676
32252,8247,26759
32200,8175,26737
32204,8160,26831
32220,8146,26978
32216,8280,26652
32252,8240,26734
32230,8133,26795
32230,8144,26869
32244,8148,26891
32229,8161,26929
32168,8165,27060
32228,8164,26736
32239,8151,26919
32160,8138,26885
32193,8134,26980
32229,8120,27095
32182,8116,26838
32212,8131,26997
32140,8287,27101
32116,8157,26923
32112,8196,27067
32088,8215,27210
32096,8194,26863
32088,8191,27003
32096,8197,26916
32032,8111,27132
32068,8224,26998
32042,8194,27037
32036,8183,27116
32020,8176,27194
32000,8170,27229
32004,8181,27240
31984,8165,27379
32036,8132,27246
31900,8110,27239
32032,8101,27181
32032,8107,27271
31964,8113,27333
31930,8127,27332
31956,8134,27353
31956,8143,27278
31930,8137,27364
31920,8124,27384
31896,8112,27380
31952,8206,27525
31948,8135,27296
31932,8132,27406
31876,8131,27452
31915,8152,27459
31872,8165,27588
31917,8166,27328
31893,8161,27511
31936,8137,27335
31897,8138,27376
31894,8115,27308
31848,8111,27631
31840,8110,27317
31836,8119,27487
31872,8137,27541
31893,8128,27595
31896,8127,27641
31876,8129,27447
31825,8138,27598
31824,8137,27436
31905,8121,27688
31892,8102,27577
31876,8111,27613
31864,8119,27497
31928,8134,27757
31881,8138,27757
31868,8164,27885
31876,8186,27805
31904,8181,27863
31962,8178,27809
31940,8162,27749
31988,8146,27826
31980,8167,27791
31924,8095,27937
31980,8111,27930
31977,8150,27837
31920,8139,27965
31996,8142,27991
31985,8120,28100
31948,8101,27776
31916,8091,27992
31900,8089,27955
31816,8148,28021
31837,8132,27994
31852,8127,28044
31880,8143,27900
31933,8156,28189
31820,8172,28141
31897,8161,28184
31965,8142,28155
31936,8117,28159
31940,8103,28197
31956,8098,28177
31933,8103,28219
31884,8111,28221
31857,8121,28193
31856,8134,28046
31824,8155,28407
31837,8146,28295
31800,8121,28207
31772,8159,28197
31788,8088,28104
31824,8085,28445
31775,8095,28364
31780,8111,28496
31740,8124,28367
31750,8270,28428
31752,8246,28276
31704,8185,28333
31800,8167,28335
31877,8153,28423
31868,8153,28481
31944,8091,28446
31972,8101,28472
31988,8116,28646
32049,8189,28401
32088,8185,28573
32116,8178,28309
32164,8161,28431
32192,8125,28699
32220,8106,28567
32237,8113,28742
32236,8108,28384
32316,8130,28768
32349,8168,28639
32354,8185,28572
32316,8197,28621
32320,8220,28615
32297,8211,28716
32284,8167,28863
32260,8150,28749
32188,8126,28807
32248,8117,28743
32312,8116,28919
32304,8126,28815
32228,8135,28821
32294,8148,28788
32285,8161,28748
32329,8125,28763
32300,8110,28745
32328,8096,28961
32360,8085,28935
32380,8092,29089
32388,8098,28973
32357,8111,29122
32413,8122,28980
32388,8129,29141
32424,8137,29059
32412,8153,29124
32440,8147,29063
32368,8137,29007
32316,8123,29127
32328,8108,28888
32200,8137,29260
31940,8175,29134
31599,8196,29137
31252,8142,29097
31028,8139,28997
30904,8132,29372
30625,8133,29260
30424,8125,29164
30176,8128,29137
30408,8137,29155
31112,8160,29189
32264,8207,29097
33952,8290,29421
36078,8290,29318
38612,8143,29481
41492,8140,29348
44540,8122,29474
47648,8113,29396
50448,8108,29486
52244,8138,29340
52212,8159,29420
50932,8204,29372
49104,8258,29494
47096,8193,29464
44628,8186,29388
42064,8196,29376
39608,8201,29252
37308,8182,29628
35392,8206,29520
33988,8143,29524
33212,8145,29429
32757,8186,29564
32364,8194,29541
32096,8211,29511
31837,8224,29501
31612,8218,29645
31396,8228,29621
31246,8213,29677
31036,8125,29510
30732,8139,29676
30502,8161,29740
30301,8159,29687
30134,8169,29638
29912,8177,29645
29746,8181,29596
29680,8169,29621
29704,8198,29725
29728,8191,29783
29705,8130,29658
29744,8122,29599
29792,8131,29695
29802,8145,29724
29820,8167,29875
29868,8174,29550
29898,8177,29749
29924,8175,29516
29944,8143,29633
29956,8128,29685
29980,8124,29643
30017,8129,29583
30080,8136,29652
30142,8157,29616
30104,8165,29631
30153,8167,29604
30148,8173,29706
30228,8165,29562
30260,8149,29661
30301,8160,29536
30305,8140,29893
30330,8150,29786
30344,8178,29725
30348,8155,29617
30350,8167,29588
30404,8173,29727
30472,8180,29495
30520,8185,29767
30540,8167,29729
30574,8153,29794
30581,8164,29647
30620,8171,29581
30648,8184,29661
30692,8182,29634
30710,8207,29458
30688,8210,29540
30728,8189,29583
30760,8178,29559
30752,8170,29623
30762,8165,29505
30768,8164,29547
30760,8146,29446
30800,8171,29573
30852,8199,29397
30884,8200,29238
30921,8197,29327
30968,8194,29332
31009,8189,29421
31032,8175,29279
31012,8167,29319
30988,8164,29213
30970,8171,29092
30876,8191,29008
30980,8211,29116
31024,8260,29077
31052,8205,28961
31076,8206,28788
31108,8195,29010
31192,8185,28727
31244,8178,28929
31248,8165,29001
31196,8169,28870
31204,8191,28613
31248,8220,28921
31289,8269,28741
31316,8286,28531
31300,8221,28840
31325,8208,28673
31380,8213,28564
31412,8212,28494
31440,8199,28384
31468,8232,28580
31480,8263,28406
31534,8267,28431
31572,8282,28485
31584,8323,28375
31594,8229,28337
31620,8225,28218
31647,8209,28536
31654,8214,28367
31684,8239,28151
31668,8262,28502
31740,8207,28361
31764,8223,28278
31768,8239,28266
31752,8268,28343
31744,8290,28334
31704,8237,28279
31726,8233,28333
31741,8230,28313
31776,8245,28285
31784,8271,28108
31840,8225,28404
31892,8231,28308
31900,8247,28263
31921,8255,28343
31925,8260,28367
31968,8276,28325
31941,8245,28307
31896,8272,28581
31860,8218,28477
31764,8216,28408
31776,8228,28487
31757,8239,28453
31752,8255,28562
31732,8291,28532
31676,8276,28519
31612,8285,28529
31592,8314,28873
31544,8297,28777
31532,8228,28781
31554,8231,28718
31544,8237,28678
31496,8251,29013
31540,8263,28743
31604,8273,29044
31664,8272,28871
31730,8263,29111
31737,8268,29180
31729,8255,29224
31708,8241,29253
31716,8249,29229
31752,8253,29357
31777,8272,29549
31741,8264,29269
31728,8420,29384
31850,8279,29349
31940,8329,29573
31961,8307,29643
31988,8302,29717
32020,8284,29879
32056,8270,29859
32072,8257,29852
32089,8276,29766
32132,8295,29981
32180,8293,30017
32240,8297,30084
32240,8292,30077
32232,8303,30124
32244,8303,30215
32264,8320,30222
32284,8235,30414
32306,8257,30630
32356,8292,30556
32376,8285,30705
32384,8295,30593
32452,8311,30663
32504,8279,30668
32488,8277,30644
32493,8251,30837
32488,8238,30903
32452,8245,31047
32452,8256,31001
32460,8274,31119
32508,8306,31093
32540,8306,31274
32540,8304,31192
32556,8297,31355
32592,8286,31307
32609,8276,31486
32608,8270,31184
32637,8270,31298
32644,8271,31423
32692,8302,31468
32720,8319,31527
32720,8314,31650
32712,8298,31694
32716,8291,31775
32736,8322,31852
32784,8279,31653
32774,8291,31940
32774,8277,31749
32816,8268,31903
32820,8285,32121
32848,8369,31845
32892,8342,32143
32868,8333,32369
32866,8323,32263
32925,8313,32453
32980,8275,32182
33032,8268,32293
33104,8277,32233
33104,8294,32672
33108,8311,32584
33124,8365,32641
33104,8381,32548
33108,8311,32709
33128,8304,32863
33152,8328,32724
33176,8333,32879
33128,8277,32820
33108,8279,33067
33156,8303,32980
33176,8329,32954
33182,8371,32932
33156,8325,33122
33133,8324,33207
33093,8324,33081
33044,8322,33263
33012,8336,33423
33016,8347,33334
33020,8292,33300
33021,8390,33332
33076,8395,33380
33064,8367,33487
33040,8348,33397
33036,8364,33543
33073,8339,33615
33080,8341,33679
33096,8325,33671
33084,8297,33847
33048,8293,33764
33012,8313,33937
32996,8336,33844
32984,8362,33908
32972,8365,33919
33004,8354,34021
33058,8360,33904
33036,8345,34020
33040,8358,34050
33028,8336,34037
32996,8323,34191
33028,8311,34114
33057,8322,34303
33072,8334,34190
33100,8345,34367
33128,8347,34264
33112,8341,34411
33056,8341,34287
33018,8339,34260
32964,8337,34292
33001,8349,34413
33013,8351,34535
33004,8385,34439
32988,8416,34262
32950,8349,34671
32964,8355,34575
32988,8349,34597
32994,8367,34671
33036,8345,34661
33036,8383,34604
32988,8319,34753
32960,8322,34752
32956,8345,34847
32956,8379,34721
32960,8384,34509
32936,8384,34983
32972,8397,34817
33036,8415,34886
33057,8327,34880
33060,8325,34951
33072,8350,34956
33024,8347,34883
33064,8419,35037
33080,8355,35063
33077,8363,35046
33076,8363,35109
33076,8375,34998
33048,8358,35119
32988,8365,35105
32996,8391,35195
33076,8326,35167
33082,8334,35124
33088,8365,35240
33060,8423,35197
33070,8368,34911
33048,8387,35349
33029,8372,35165
33048,8379,35311
33080,8403,35356
33088,8434,35213
33040,8336,35079
33036,8342,35556
33032,8359,35417
33052,8381,35389
33065,8417,35479
33008,8452,35506
33045,8443,35515
33032,8460,35407
33032,8351,35363
33048,8346,35463
33112,8343,35237
33124,8355,35681
33152,8396,35543
33085,8406,35655
33085,8391,35591
33044,8388,35588
33016,8386,35687
33020,8395,35812
33020,8372,35673
32981,8365,35631
32988,8381,35833
32984,8462,35624
32941,8373,35764
32944,8412,35695
32956,8421,35713
33001,8453,35753
33018,8450,35887
33037,8433,35703
33064,8465,35428
33044,8364,35913
33052,8435,35789
33093,8371,35756
33080,8382,35671
33056,8396,35463
33064,8525,35788
33084,8477,35805
32952,8525,35863
33082,8540,35743
33085,8406,35918
33038,8392,35748
33132,8397,35696
33156,8415,35692
33128,8453,35748
33154,8474,35905
33148,8482,35729
33038,8415,35677
33062,8409,35823
33117,8420,35726
33080,8412,35665
33061,8407,35629
33060,8397,35335
33049,8484,35719
33037,8395,35500
33004,8409,35427
32961,8420,35626
32876,8425,35584
32928,8416,35695
32992,8413,35572
32960,8425,35591
32996,8401,35505
33000,8400,35600
32968,8427,35453
33044,8482,35353
33074,8515,35495
32992,8432,35441
32992,8433,35344
33088,8457,35417
33009,8430,35377
32976,8436,35332
32856,8439,35261
32849,8397,34951
32908,8399,35418
32889,8434,35244
32924,8463,35193
32908,8457,35100
32908,8465,34823
32920,8464,35269
32852,8479,35111
32796,8490,35029
32864,8407,35071
32809,8405,34695
32804,8412,35039
32792,8426,34997
32772,8463,35028
32752,8470,34935
32829,8483,34857
32848,8478,34807
32868,8453,34880
32894,8449,34839
32908,8430,34753
32992,8468,34965
33052,8425,34767
33096,8438,34823
33104,8477,34765
33044,8479,34796
33049,8513,34783
33028,8528,34791
33040,8449,34669
33024,8430,34516
33056,8453,34724
33000,8442,34576
33014,8466,34536
33024,8489,34807
32984,8520,34640
32976,8463,34484
32976,8469,34724
32989,8469,34628
32960,8466,34601
32942,8465,34472
32901,8481,34398
32908,8466,34525
32864,8456,34695
32832,8476,34562
32868,8495,34627
32852,8531,34419
32852,8544,34191
32823,8471,34593
32822,8492,34398
32756,8466,34498
32736,8481,34500
32780,8434,34405
32815,8462,34500
32808,8472,34436
32797,8518,34471
32772,8544,34493
32680,8623,34392
32480,8477,34604
32132,8471,34395
31737,8475,34180
31432,8475,34441
31240,8505,34357
31026,8518,34439
30884,8468,34581
30708,8475,34429
30582,8497,34535
30832,8497,34423
31566,8497,34500
32872,8492,34428
34600,8491,34477
36756,8489,34390
39348,8478,34311
42244,8504,34463
45356,8516,34390
48128,8524,34452
50064,8543,34375
50344,8541,34503
49068,8551,34401
47304,8583,34417
45452,8582,34337
43628,8572,34371
41696,8566,34373
39904,8542,34360
38064,8555,34341
36142,8557,34269
34777,8566,34382
34020,8580,34388
33552,8581,34361
33112,8508,34322
32548,8517,34389
32192,8496,34311
31932,8497,34250
31800,8499,34309
31604,8513,34228
31420,8541,34095
31204,8553,34393
30982,8570,34414
30764,8570,34399
30464,8566,34359
30298,8494,34356
30200,8484,34399
30082,8487,34421
30012,8516,34527
29972,8516,34407
29968,8526,34389
29960,8541,34369
30000,8548,34340
29920,8548,34293
29968,8526,34357
30008,8516,34391
29964,8511,34396
29992,8519,34420
29988,8515,34455
30024,8517,34428
30008,8523,34488
30128,8534,34335
30160,8546,34500
30208,8551,34634
30232,8540,34497
30301,8523,34658
30324,8506,34535
30332,8504,34585
30344,8513,34479
30360,8524,34480
30369,8539,34437
30412,8540,34477
30452,8540,34477
30420,8527,34559
30464,8518,34535
30516,8509,34488
30505,8609,34493
30460,8562,34557
30536,8567,34519
30584,8597,34460
30636,8530,34540
30660,8541,34548
30672,8559,34474
30696,8555,34492
30732,8549,34206
30718,8572,34628
30737,8570,34527
30744,8513,34502
30806,8515,34391
30792,8531,34481
30856,8559,34527
30868,8567,34357
30844,8582,34441
30872,8607,34361
30924,8596,34313
30909,8577,34334
30940,8575,34212
30960,8561,34209
30944,8591,34405
30932,8616,34292
30964,8620,34310
31002,8628,34208
30992,8572,34311
31016,8562,34069
31060,8561,33855
31108,8570,34257
31137,8550,34052
31165,8567,33852
31181,8593,34151
31212,8623,33997
31240,8673,33900
31272,8575,33838
31285,8577,33581
31284,8567,33877
31256,8561,33799
31340,8551,33892
31372,8546,33700
31360,8544,33644
31396,8558,33511
31444,8557,33424
31516,8581,33668
31536,8585,33519
31560,8591,33497
31617,8584,33412
31648,8589,33273
31632,8573,33390
31601,8557,32993
31620,8572,33276
31777,8568,33191
31852,8596,33250
31892,8604,33100
31888,8628,33137
31880,8644,33004
31904,8641,33014
31968,8609,32743
31961,8573,32796
31964,8564,32717
32006,8556,32704
32064,8566,32621
32085,8600,32605
32112,8606,32634
32140,8605,32565
32132,8637,32620
32152,8617,32436
32125,8597,32357
32127,8603,32323
32148,8590,32263
32180,8575,32189
32184,8594,32188
32192,8615,32172
32205,8611,31977
32192,8612,32009
32209,8617,32053
32208,8669,31952
32181,8643,31852
32124,8635,32172
32060,8625,31994
31969,8636,31692
31908,8645,32084
31876,8658,31927
31852,8663,31972
31833,8663,31879
31824,8683,31676
31772,8683,31773
31776,8671,31777
31796,8681,31901
31788,8686,31740
31776,8660,31821
31905,8651,31521
31926,8655,31807
31936,8676,31631
31988,8679,31674
32036,8682,31591
32056,8681,31551
32092,8611,31516
32132,8599,31455
32172,8677,31381
32196,8658,31487
32208,8594,31383
32224,8621,31448
32244,8649,31570
32252,8681,31334
32320,8631,31396
32350,8621,31273
32358,8623,31300
32364,8629,31313
32388,8641,31257
32384,8649,31302
32372,8666,31256
32420,8672,31372
32428,8623,31217
32462,8757,31141
32484,8782,31040
32481,8631,31175
32508,8620,31087
32516,8605,31025
32532,8592,30941
32556,8590,31174
32609,8601,31042
32652,8621,30784
32686,8635,31061
32730,8642,30903
32736,8649,30717
32697,8651,30977
32720,8659,30895
32765,8633,30930
32773,8630,31031
32768,8645,30865
32828,8647,30879
32833,8678,30780
32852,8711,30920
32936,8645,30865
32976,8645,30791
33024,8641,30705
33088,8634,30845
33105,8712,30626
33116,8681,30844
33096,8677,30741
33092,8666,30757
33136,8674,30736
33180,8698,30683
33180,8721,30546
33164,8662,30413
33208,8653,30773
33236,8708,30632
33276,8690,30671
33322,8653,30616
33336,8657,30508
33340,8686,30635
33384,8700,30541
33380,8712,30414
33400,8726,30447
33401,8706,30448
33392,8687,30533
33412,8669,30369
33432,8650,30188
33452,8653,30476
33480,8660,30265
33500,8659,30065
33585,8670,30444
33632,8680,30290
33664,8698,30180
33647,8693,30359
33600,8737,30084
33568,8738,29961
33534,8718,30274
33518,8707,30145
33504,8700,30039
33544,8701,30257
33564,8724,30151
33608,8669,29959
33648,8678,30156
33662,8678,30253
33660,8677,30144
33668,8665,29916
33680,8668,30303
33712,8674,30129
33776,8657,30087
33772,8693,30258
33689,8770,30169
33624,8672,30208
33585,8684,30077
33620,8689,30220
33625,8690,30249
33652,8671,30308
33656,8661,30245
33656,8653,30168
33654,8648,30388
33652,8659,30349
33692,8669,30317
33752,8681,30364
33764,8718,30359
33760,8724,30206
33726,8704,30567
33693,8701,30407
33677,8715,30501
33709,8741,30301
33694,8770,30660
33684,8754,30495
33712,8756,30425
33744,8687,30727
33792,8702,30625
33844,8706,30617
33861,8700,30551
33848,8697,30709
33852,8685,30690
33856,8692,30642
33880,8683,30785
33900,8706,30716
33908,8721,30855
33924,8736,30839
33932,8755,30688
33928,8765,31028
33884,8756,30938
33852,8757,30876
33824,8753,31117
33836,8740,30991
33828,8735,30957
33877,8741,30945
33944,8746,31081
33988,8770,31033
34020,8770,31020
34036,8754,31171
34068,8743,31268
34052,8755,31164
34044,8760,30997
34052,8748,31347
34044,8745,31185
34028,8690,31362
34040,8696,31211
34073,8715,31557
34149,8719,31453
34149,8724,31480
34092,8719,31429
34040,8711,31478
34000,8701,31515
34012,8690,31605
34044,8683,31768
34060,8688,31687
34104,8700,31693
34121,8713,31607
34175,8725,31509
34233,8739,31742
34308,8791,31573
34364,8789,32037
34408,8773,31932
34384,8759,31937
34369,8751,31872
34360,8739,31948
34376,8743,31927
34414,8755,32020
34478,8747,32258
34533,8786,32057
34616,8776,31948
34580,8780,32295
34504,8829,32271
34528,8700,32138
34480,8704,32377
34424,8739,32351
34444,8733,32407
34520,8755,32397
34597,8760,32448
34568,8759,32415
34588,8776,32380
34548,8750,32436
34504,8741,32519
34504,8754,32435
34540,8866,32513
34600,8711,32548
34656,8725,32556
34628,8743,32480
34660,8753,32582
34610,8757,32579
34588,8759,32620
34528,8819,32529
34533,8799,32489
34602,8799,32680
34644,8800,32578
34644,8795,32508
34652,8787,32438
34636,8805,32576
34628,8801,32716
34636,8817,32485
34664,8820,32591
34708,8785,32715
34732,8773,32568
34736,8749,32537
34740,8765,32528
34780,8744,32503
34784,8755,32558
34736,8765,32559
34676,8772,32607
34615,8783,32519
34632,8772,32498
34641,8767,32506
34631,8879,32493
34620,8826,32431
34656,8794,32463
34708,8789,32487
34684,8773,32663
34660,8791,32519
34648,8781,32461
34676,8860,32473
34680,8814,32494
34653,8789,32458
34668,8793,32421
34676,8759,32455
34668,8748,32439
34653,8759,32443
34636,8833,32417
34608,8838,32386
34620,8830,32415
34616,8842,32316
34624,8837,32516
34616,8816,32431
34548,8797,32591
34528,8796,32447
34540,8774,32572
34576,8783,32445
34572,8791,32455
34512,8804,32319
34436,8813,32241
34404,8825,32285
34420,8815,32125
34468,8806,32519
34496,8794,32389
34476,8809,32519
34544,8774,32383
34544,8773,32503
34556,8781,32367
34540,8803,32109
34560,8844,32484
34573,8831,32359
34660,8827,32408
34693,8829,32231
34764,8823,32056
34792,8834,32423
34740,8831,32273
34728,8838,32025
34704,8823,32292
34648,8835,32292
34592,8841,32439
34577,8860,32295
34596,8821,32436
34557,8810,32301
34552,8797,32223
34520,8790,32154
34484,8860,32012
34428,8843,32333
34437,8815,32155
34468,8823,32230
34468,8830,32303
34460,8948,32290
34485,8877,32433
34524,8841,32036
34525,8807,32198
34489,8798,32309
34461,8865,32319
34480,8844,32442
34492,8834,32044
34485,8848,32306
34512,8839,32272
34540,8841,32333
34520,8905,32450
34516,8870,32360
34484,8856,32407
34382,8844,32342
34136,8841,32295
33750,8827,32263
33369,8854,32121
33064,8844,32426
32856,8851,32421
32648,8857,32421
32392,8934,32426
32202,8871,32519
32069,8847,32179
32268,8850,32352
33044,8829,32384
34288,8823,32435
36016,8836,32420
38084,8852,32484
40612,8860,32514
43512,8871,32476
46600,8873,32516
49504,8858,32421
51676,8851,32316
52300,8857,32730
51300,8871,32593
49512,8889,32578
47564,8919,32685
45768,8933,32668
43872,8941,32671
42128,8951,32700
40484,8934,32733
38684,8914,32797
37140,8913,32732
36168,8890,32844
35559,8889,32954
35072,8907,33129
34489,8915,33052
34024,8921,33149
33752,8929,33125
33552,8930,33140
33388,8925,33119
33228,8944,33253
33028,9001,33238
32764,8862,33192
32512,8863,33069
32336,8865,33559
32184,8885,33469
32058,8901,33560
31928,8922,33537
31796,8917,33701
31733,8903,33621
31662,8893,33788
31604,8881,33375
31585,8870,33852
31588,8867,33773
31588,8935,33932
31598,8924,33811
31609,8949,34007
31616,8978,33887
31632,8996,33885
31652,8909,33973
31672,8977,33973
31696,8965,33965
31712,8946,33902
31700,8876,34277
31716,8877,34249
31744,8908,34262
31788,8923,34362
31824,8950,34439
31816,8979,34402
31852,9031,34591
31904,8910,34590
31972,8901,34576
31996,8914,34823
31996,8897,34708
31941,8907,34753
31944,8937,34863
31964,8972,34584
32012,8983,34947
32072,8991,34828
32129,8991,35079
32136,9000,34871
32132,8906,35111
32080,8895,35044
32012,8923,35493
32059,8908,35455
32084,8953,35519
32085,8987,35492
32089,9002,35561
32144,8938,35701
32192,8939,35751
32190,8925,35823
32181,8915,35796
32149,8902,35933
32108,8910,35927
32128,8932,35927
32148,8943,35890
32196,8954,35847
32204,8950,36164
32201,8975,35786
32214,8971,36056
32253,8961,35820
32264,8932,36241
32305,8922,36173
32352,8919,36204
32372,8925,36385
32342,8947,36292
32324,8977,36289
32289,8985,36300
32292,8997,36460
32288,8980,36317
32271,8984,36447
32300,8963,36317
32292,8933,36439
32308,8935,36348
32304,8962,36286
32328,8969,36200
32330,8976,36263
32324,8977,36284
32377,8985,36289
32420,8976,36269
32476,8971,36223
32464,8973,36205
32449,8957,36185
32464,8939,36176
32456,8933,36157
32508,8941,36057
32576,8956,36124
32628,8970,36121
32672,9032,36231
32744,9015,36080
32732,9002,36216
32724,8983,36042
32748,8957,36127
32816,8969,35967
32832,8969,35943
32857,8969,35860
32900,8989,35557
32860,9005,36005
32848,9004,35826
32868,9011,35823
32832,8993,35581
32832,8959,35691
32820,8951,35701
32860,9007,35645
32904,8995,35661
32948,8985,35612
32980,9035,35520
33004,9056,35421
33080,9071,35387
33104,9082,35436
33096,9046,35150
33053,9035,35485
32972,8965,35391
32920,8953,35365
32864,8953,35492
32836,8966,35335
32761,8989,35327
32672,9011,35257
32616,9035,35285
32572,9004,35223
32564,8987,35302
32588,8977,35106
32540,8967,35009
32476,8961,35044
32404,9103,35039
32380,9052,34989
32375,9045,34946
32374,9042,34980
32408,9026,34977
32416,9020,35103
32468,9016,34716
32480,8993,34796
32480,8986,34848
32496,8987,34855
32508,8987,34957
32542,8989,34781
32549,8988,34875
32544,8994,34455
32548,9060,34695
32608,9050,34676
32660,9038,34616
32700,9010,34636
32696,9001,34583
32624,9020,34517
32596,8999,34548
32585,9015,34580
32600,9032,34465
32620,9053,34424
32612,9037,34447
32604,9022,34460
32568,9006,34396
32552,8994,34422
32546,8996,34331
32572,9009,34271
32572,9059,34452
32588,9068,34292
32612,9069,34406
32668,9146,34255
32684,9004,34141
32676,9003,34131
32676,8994,33887
32748,9006,34273
32768,9001,34132
32752,8975,34097
32720,8997,34055
32748,9004,34047
32748,9022,33967
32736,9029,33967
32764,9027,33874
32765,9058,33993
32761,8998,33680
32804,8996,34099
32848,9007,33943
32873,9017,33855
32868,8977,33965
32860,8999,33881
32868,9014,33780
32840,9055,33855
32848,9083,33844
32830,9016,33826
32852,9007,33767
32824,8998,33751
32820,9009,33635
32820,8997,33632
32832,9035,33584
32804,9043,33487
32833,9079,33792
32864,9023,33607
32868,9040,33307
32840,9044,33703
32864,9059,33548
32834,9058,33461
32852,9053,33415
32808,9070,33485
32852,8991,33380
32888,9033,33557
32916,9036,33356
32932,9067,33106
32940,9102,33487
32940,9040,33325
32925,9029,33029
32869,9016,33372
32829,9005,33260
32825,9001,33164
32838,9004,33063
32820,9052,32943
32800,9026,33287
32826,9043,33149
32877,9115,33268
32876,9116,33121
32868,9162,33049
32845,9018,33110
32844,9015,33060
32892,9018,32775
32910,9026,33167
32908,9047,32993
32888,9085,32903
32924,9127,33143
32900,9047,33007
32848,9051,32761
32856,9061,33119
32836,9046,32965
32836,9037,32927
32836,9071,33026
32840,9151,32941
32834,9020,32867
32872,9035,32882
32896,9045,32638
32910,9054,32966
32900,9052,32617
32896,9103,32797
32848,9048,32941
32840,9031,32863
32813,9028,32771
32800,9029,32868
32816,9049,32805
32781,9064,32798
32725,9084,32807
32696,9079,32737
32704,9089,32809
32652,9066,32773
32644,9071,32879
32640,9065,32997
32628,9049,32877
32606,9041,32984
32648,9051,32871
32642,9072,32775
32616,9073,32741
32608,9078,32791
32612,9095,32796
32588,9065,32621
32588,9057,32950
32516,9045,32857
32456,9040,32999
32460,9056,32852
32520,9089,32804
32520,9111,32805
32536,9115,32821
32597,9174,32879
32700,9061,32887
32772,9083,32600
32884,9054,33013
32960,9051,32931
33040,9069,32887
33128,9061,32875
33141,9053,32888
33164,9073,32807
33173,9071,32862
33192,9086,32871
33156,9080,32855
33156,9077,32815
33184,9062,32876
33160,9055,32900
33120,9062,32879
33072,9072,32961
33077,9115,32973
33053,9052,32847
33044,9071,33119
33052,9094,32879
33045,9084,32852
33036,9107,33122
33024,9106,32996
32960,9095,33089
32976,9167,32998
33000,9028,33028
32992,9060,32959
32944,9079,32703
32908,9115,33121
32889,9140,32965
32864,9071,33004
32824,9057,32855
32801,9053,32711
32816,9063,33028
32828,9049,32877
32848,9045,32682
32832,9064,33095
32849,9125,32838
32844,9069,32965
32824,9073,32917
32884,9077,32897
32864,9061,32860
32804,9055,32787
32772,9042,32661
32737,9065,33060
32740,9048,32911
32756,9087,33049
32724,9143,32912
32716,9073,32916
32716,9079,32837
32712,9085,32713
32673,9085,33029
32633,9088,32853
32602,9109,32639
32596,9041,32884
32629,9055,32869
32612,9112,32849
32572,9066,32559
32562,9092,32974
32576,9136,32830
32540,9151,32764
32532,9077,32711
32560,9066,32800
32552,9071,32859
32532,9158,32715
32511,9060,32835
32496,9078,32804
32512,9102,32704
32504,9141,32647
32472,9094,32917
32400,9098,32724
32320,9116,32799
32276,9066,32701
32308,9060,32745
32316,9063,32772
32308,9113,32668
32288,9064,32705
32272,9087,32753
32288,9115,32671
32280,9151,32796
32256,9097,32695
32228,9102,32588
32216,9123,32726
32204,9153,32722
32144,9055,32629
32112,9060,32725
32100,9092,32428
32100,9101,32763
32104,9125,32676
32141,9203,32660
32148,9101,32631
32165,9094,32757
32172,9079,32641
32192,9077,32588
32281,9091,32536
32292,9089,32572
32308,9103,32509
32364,9099,32383
32412,9116,32708
32412,9158,32647
32409,9204,32667
32432,9097,32578
32416,9084,32551
32412,9079,32485
32385,9078,32333
32384,9113,32740
32404,9074,32573
32420,9097,32543
32388,9135,32670
32361,9113,32624
32324,9123,32519
32332,9134,32671
32364,9150,32617
32376,9072,32683
32352,9089,32516
32330,9124,32513
32332,9077,32733
32288,9105,32589
32289,9140,32306
32295,9100,32530
32284,9123,32708
32276,9146,32464
32252,9082,32588
32262,9085,32311
32224,9068,32423
32214,9094,32594
32228,9132,32743
32210,9090,32454
32188,9129,32620
32128,9131,32547
32048,9244,32743
31944,9095,32568
31672,9094,32298
31372,9098,32545
31072,9127,32739
30804,9071,32469
30616,9103,32614
30356,9114,32468
30108,9169,32628
29904,9116,32647
29948,9142,32581
30560,9151,32335
31644,9205,32715
33308,9080,32579
35312,9087,32315
37748,9111,32721
40613,9164,32558
43860,9096,32436
47208,9146,32660
50176,9153,32535
52268,9211,32573
52596,9136,32605
51384,9135,32476
49576,9124,32580
47556,9125,32621
45199,9157,32560
42652,9151,32717
40220,9195,32591
37904,9217,32613
35849,9236,32602
34316,9150,32580
33348,9140,32528
32749,9149,32645
32204,9189,32566
31752,9105,32532
31462,9125,32665
31222,9169,32694
31024,9119,32546
30816,9145,32677
30576,9185,32830
30264,9134,32697
29976,9129,32639
29732,9123,32629
29568,9109,32509
29384,9113,32798
29233,9202,32745
29100,9103,32841
29064,9116,32775
29090,9138,32740
29100,9143,32749
29100,9164,32732
29144,9173,32678
29145,9169,32757
29109,9098,32732
29088,9091,32793
29104,9091,32843
29112,9119,32829
29144,9138,32900
29160,9156,33021
29232,9145,32935
29304,9151,32998
29368,9154,32952
29416,9150,32913
29460,9145,32903
29492,9164,32734
29516,9087,33197
29584,9100,33100
29636,9117,33243
29720,9129,33157
29736,9154,33249
29729,9143,33169
29720,9135,33153
29736,9152,33348
29804,9100,33249
29856,9089,33263
29888,9090,33287
29912,9124,33281
29916,9127,33461
29968,9151,33443
29956,9162,33624
29982,9173,33519
29977,9183,33559
30024,9177,33578
30040,9103,33572
30072,9097,33639
30093,9103,33615
30100,9105,33573
30092,9126,33447
30100,9156,33831
30085,9161,33792
30114,9179,33844
30165,9176,33695
30209,9125,33539
30236,9121,33999
30266,9143,33860
30289,9165,34034
30326,9109,33903
30332,9149,33932
30352,9161,33915
30384,9203,33787
30414,9152,34044
30381,9148,33895
30368,9170,33854
30357,9111,34052
30320,9123,33903
30356,9153,33841
30425,9120,33779
30512,9137,33914
30574,9162,33916
30600,9266,33876
30633,9157,33858
30628,9155,33737
30610,9181,33924
30569,9229,33791
30566,9109,33701
30608,9143,33820
30645,9149,33733
30657,9206,33645
30646,9148,33671
30688,9183,33653
30728,9177,33556
30768,9197,33441
30792,9141,33245
30796,9134,33644
30856,9171,33466
30876,9119,33447
30944,9144,33505
30984,9145,33383
30998,9162,33319
31038,9220,33066
31032,9161,33399
31064,9179,33355
31084,9196,33197
31108,9131,33042
31160,9141,33260
31208,9152,33079
31229,9123,32940
31224,9153,33026
31244,9172,32919
31240,9224,32956
31264,9162,32831
31312,9175,32943
31304,9199,32807
31328,9124,32819
31364,9115,32847
31408,9125,32687
31452,9142,32400
31465,9141,32557
31472,9180,32746
31472,9225,32433
31452,9162,32544
31420,9181,32613
31420,9163,32455
31396,9197,32527
31340,9113,32379
31284,9126,32244
31232,9153,32305
31184,9153,32270
31138,9188,32380
31118,9205,32199
31100,9239,32339
31128,9143,32165
31132,9143,32141
31192,9132,32014
31176,9122,32015
31164,9134,32029
31176,9120,31763
31229,9139,32127
31260,9157,31964
31296,9178,32000
31320,9164,31870
31382,9167,31784
31424,9181,31836
31482,9175,31807
31524,9107,31905
31540,9099,31468
31552,9111,31807
31596,9135,31685
31592,9199,31773
31596,9142,31614
31616,9169,31503
31608,9161,31492
31616,9161,31483
31617,9236,31580
31576,9127,31527
31544,9126,31428
31560,9108,31601
31584,9135,31304
31616,9168,31190
31686,9135,31532
31676,9149,31383
31718,9143,31343
31708,9153,31223
31720,9168,31221
31732,9094,31149
31710,9088,31164
31672,9126,31111
31676,9138,31122
31660,9229,31089
31632,9138,31153
31688,9147,31089
31716,9182,31025
31712,9110,31075
31760,9110,31111
31746,9116,31020
31792,9123,30989
31852,9103,30852
31876,9121,30975
31908,9150,30854
31948,9194,30941
31996,9131,30753
31968,9122,31013
31940,9133,30892
31932,9130,30804
31892,9090,30789
31928,9092,30718
31944,9120,30808
31936,9147,30820
31952,9188,30693
31897,9131,30637
31964,9136,30590
31972,9153,30647
32000,9147,30689
32048,9095,30783
32080,9105,30649
32085,9121,30756
32108,9095,30561
32190,9113,30480
32128,9149,30397
32240,9156,30367
32300,9132,30605
32322,9141,30405
32320,9153,30269
32352,9093,30509
32361,9085,30350
32308,9111,30238
32336,9122,30215
32329,9162,30120
32359,9120,30295
32348,9124,30204
32340,9154,29997
32364,9163,30204
32404,9103,30172
32456,9100,30104
32472,9099,29988
32428,9149,30172
32432,9089,29989
32468,9117,29825
32492,9126,29989
32484,9156,29959
32544,9169,30060
32550,9228,29908
32476,9108,29855
32513,9096,29859
32508,9090,29767
32584,9094,29771
32632,9125,29695
32584,9134,29819
32588,9188,29728
32578,9129,29513
32544,9136,29771
32592,9137,29564
32640,9169,29673
32644,9100,29596
32656,9104,29636
32692,9145,29647
32684,9091,29615
32664,9134,29556
32717,9148,29604
32704,9263,29641
32688,9135,29553
32694,9143,29359
32704,9172,29657
32712,9095,29456
32684,9099,29332
32621,9130,29622
32588,9095,29469
32592,9111,29579
32600,9131,29580
32612,9196,29479
32660,9134,29601
32648,9137,29532
32660,9139,29525
32660,9151,29602
32648,9086,29575
32646,9103,29478
32672,9093,29625
32652,9127,29517
32636,9190,29781
32620,9130,29652
32632,9132,29632
32604,9157,29662
32605,9176,29575
32608,9095,29624
32644,9102,29617
32628,9108,29590
32620,9141,29512
32642,9191,29616
32644,9130,29780
32632,9163,29694
32640,9201,29801
32606,9127,29831
32576,9144,29953
32576,9136,29865
32544,9154,29799
32540,9089,29860
32540,9123,29906
32536,9127,30071
32552,9181,29981
32572,9127,29897
32586,9148,30149
32592,9177,30011
32596,9119,29870
32532,9111,30057
32506,9151,30223
32517,9090,30106
32516,9151,30144
32540,9118,29973
32544,9173,30130
32472,9125,30303
32504,9152,30087
32528,9178,30089
32554,9108,30236
32536,9111,30263
32536,9118,30265
32556,9113,30427
32532,9146,30298
32508,9105,30277
32502,9117,30271
32480,9158,30342
32468,9193,30430
32406,9125,30253
32432,9143,30380
32378,9093,30292
32428,9093,30351
32400,9093,30410
32428,9127,30373
32452,9105,30272
32492,9111,30339
32400,9126,30311
32364,9140,30343
32388,9131,30311
32388,9127,30176
32276,9140,30581
32365,9084,30450
32360,9077,30369
32425,9107,30597
32416,9159,30463
32384,9205,30455
32388,9123,30429
32393,9127,30308
32416,9135,30614
32398,9168,30453
32362,9088,30511
32356,9076,30486
32364,9075,30583
32348,9117,30471
32357,9134,30430
32376,9171,30449
32400,9116,30372
32430,9126,30588
32436,9129,30300
32484,9159,30524
32444,9148,30471
32429,9135,30559
32448,9079,30455
32436,9079,30488
32404,9102,30333
32380,9122,30727
32416,9165,30589
32428,9115,30439
32428,9104,30642
32404,9127,30634
32364,9108,30753
32368,9179,30592
32334,9084,30667
32345,9089,30835
32342,9125,30719
32320,9173,30727
32308,9113,30681
32312,9121,30649
32301,9117,30719
32272,9156,30785
32144,9078,30692
32144,9078,30692
32184,9083,30810
32229,9117,30912
32248,9147,30789
32348,9193,30746
32400,9111,30701
32432,9114,30591
32440,9124,30949
32420,9125,30769
32474,9137,30668
32540,9071,30871
32508,9095,30801
32520,9096,30900
32596,9142,31047
32554,9108,30871
32565,9127,30679
32604,9146,31063
32557,9188,30921
32600,9092,30689
32612,9108,31049
32588,9094,30855
32580,9097,30815
32528,9132,31099
32472,9094,31013
32440,9101,31063
32468,9137,30991
32468,9122,30956
32440,9159,31087
32444,9089,31081
32364,9084,31097
32400,9079,30973
32440,9103,31207
32398,9074,31058
32428,9100,31136
32442,9111,31223
32432,9157,31153
32424,9109,30955
32389,9124,31317
32384,9135,31186
32424,9077,31156
32404,9070,31186
32364,9073,31034
32336,9091,31407
32345,9146,31255
32204,9100,31111
32072,9125,31471
31780,9125,31356
31445,9125,31513
31137,9110,31206
30992,9099,31271
30740,9100,31399
30528,9123,31517
30262,9149,31393
30285,9095,31428
30924,9125,31532
31984,9120,31598
33548,9121,31488
35572,9132,31324
38096,9146,31652
41048,9092,31489
44342,9116,31546
47840,9129,31601
51180,9083,31465
53744,9127,31296
54745,9159,31630
53904,9225,31447
52208,9149,31604
50056,9190,31376
47365,9157,31732
44340,9204,31573
41464,9111,31639
38908,9121,31551
36681,9157,31784
34940,9185,31641
33820,9131,31607
33137,9137,31550
32612,9134,31509
32233,9143,31726
31984,9121,31640
31744,9111,31615
31501,9103,31636
31328,9111,31487
31088,9137,31861
30784,9159,31743
30472,9220,31687
30292,9113,31694
30093,9123,31481
29844,9130,31782
29716,9115,31833
29616,9119,31786
29564,9131,31548
29520,9071,31810
29512,9081,31669
29524,9103,31824
29557,9148,31541
29605,9110,31703
29652,9117,31983
29662,9120,31716
29688,9141,31897
29690,9080,31716
29700,9076,31935
29748,9099,31943
29806,9133,31891
29846,9082,31613
29880,9114,31815
29928,9148,32001
29972,9183,31895
30020,9122,31913
30028,9108,31844
30068,9115,31990
30172,9125,31916
30237,9063,31940
30308,9087,31879
30316,9105,32113
30365,9151,31956
30416,9111,31824
30456,9113,31993
30444,9110,31985
30424,9111,31913
30436,9131,32004
30460,9078,32007
30472,9071,32111
30484,9077,31987
30516,9094,31920
30560,9117,32105
30570,9161,31986
30592,9171,31904
30628,9163,31950
30664,9163,31968
30696,9083,31957
30700,9071,31940
30696,9097,31959
30712,9092,32007
30760,9124,31877
30796,9159,31647
30788,9207,32012
30808,9115,31781
30810,9138,31891
30816,9139,31743
30856,9087,31944
30888,9095,31708
30880,9110,31799
30932,9079,31495
30900,9099,31829
30956,9121,31617
30977,9168,31719
30968,9118,31576
30948,9109,31759
30944,9110,31487
30956,9098,31604
31013,9103,31477
31032,9135,31613
31068,9082,31477
31097,9097,31249
31113,9133,31485
31144,9149,31239
31164,9187,31357
31204,9110,31298
31236,9117,31413
31208,9142,31160
31192,9075,31193
31180,9087,31065
31141,9128,31239
31221,9099,30969
31250,9106,30783
31272,9144,31009
31338,9147,30791
31384,9169,30637
31448,9169,30969
31476,9090,30776
31476,9077,30660
31497,9076,30548
31500,9084,30414
31501,9103,30721
31540,9123,30525
31521,9172,30487
31517,9126,30476
31528,9122,30248
31544,9132,30332
31584,9125,30152
31608,9211,30280
31636,9074,30044
31656,9114,30115
31648,9111,30055
31648,9133,29925
31708,9153,29936
31762,9151,30012
31804,9166,29830
31832,9166,29676
31848,9089,29737
31909,9099,29808
31972,9125,29591
31975,9154,29439
31968,9094,29636
31932,9107,29428
31924,9135,29279
31872,9136,29391
31892,9172,29309
31818,9101,29183
31785,9086,29119
31765,9075,29141
31754,9081,29181
31752,9108,29025
31732,9115,28915
31708,9157,28986
31713,9108,28903
31754,9117,28644
31777,9124,28785
31822,9133,28628
31844,9121,28636
31868,9123,28588
31879,9060,28653
31832,9067,28559
31817,9093,28423
31858,9123,28289
31894,9130,28615
31888,9132,28443
31936,9116,28311
31956,9141,28489
31978,9063,28307
32033,9069,28131
32088,9067,28357
32124,9120,28364
32161,9082,28337
32186,9139,28063
32180,9093,28137
32181,9119,28110
32188,9139,27994
32220,9070,28201
32229,9076,28026
32252,9094,28037
32260,9125,27934
32265,9055,28131
32237,9089,27888
32192,9160,27976
32212,9087,27861
32240,9117,28081
32256,9108,27783
32284,9137,27880
32328,9053,27873
32288,9047,27902
32252,9049,27807
32172,9067,27655
32168,9086,27789
32192,9093,27567
32225,9118,27901
32292,9125,27759
32336,9139,27628
32332,9143,27732
32314,9129,27485
32308,9115,27813
32292,9050,27679
32304,9077,27661
32311,9129,27517
32316,9076,27757
32312,9156,27618
32324,9083,27495
32365,9079,27519
32416,9073,27357
32396,9073,27572
32420,9089,27519
32457,9105,27327
32448,9042,27433
32448,9067,27519
32420,9081,27489
32432,9111,27330
32512,9132,27589
32576,9131,27444
32640,9131,27415
32660,9125,27404
32672,9041,27342
32677,9033,27440
32684,9043,27213
32696,9057,27575
32720,9079,27445
32740,9107,27343
32726,9094,27333
32712,9097,27463
32680,9093,27517
32688,9070,27367
32696,9038,27357
32676,9032,27285
32680,9068,27642
32700,9060,27516
32692,9075,27677
32696,9085,27575
32736,9095,27497
32800,9085,27567
32812,9062,27620
32841,9046,27637
32868,9040,27759
32868,9032,27693
32856,9034,27638
32854,9053,27720
32868,9060,27577
32823,9075,27941
32832,9105,27833
32844,9098,27687
32784,9059,27896
32736,9065,27997
32800,9069,27971
32828,9060,27922
32789,9071,27901
32792,9085,27970
32804,9113,27991
32792,9132,28009
32790,9126,28121
32804,9124,28134
32780,9103,28172
32716,9077,28208
32708,9092,28231
32777,9077,28289
32840,9071,28280
32913,9087,28265
32928,9095,28303
32976,9113,28232
32992,9139,28258
32936,9065,28197
32884,9050,28265
32836,9039,28291
32768,9027,28356
32736,9093,28432
32712,9085,28452
32728,9082,28593
32796,9111,28480
32844,9121,28629
32860,9176,28506
32844,9060,28429
32868,9049,28455
32876,9029,28572
32848,9020,28493
32864,9018,28532
32832,9023,28411
32884,9041,28754
32913,9066,28649
32888,9065,28644
32864,9069,28588
32820,9087,28580
32816,9078,28622
32788,9047,28617
32797,9047,28716
32821,9042,28589
32840,9049,28679
32880,9076,28735
32880,9106,28743
32864,9118,28749
32842,9195,28733
32840,9060,28777
32872,9042,28759
32865,9035,28785
32864,9053,28757
32884,9028,28807
32856,9055,28775
32804,9063,28804
32808,9066,28814
32808,9071,28813
32838,9077,28874
32882,9074,28837
32910,9089,28766
32925,9103,28678
32960,9025,28807
32958,9034,28957
32936,9044,28717
32936,9099,29010
32927,9175,28894
32916,9059,28812
32869,9063,28783
32880,9063,28780
32952,9048,28741
32984,9051,28711
33000,9035,28733
33004,9050,28634
32948,9091,28934
32932,9028,28836
32928,9042,28943
32924,9058,28813
32941,9065,28813
32944,9068,28756
32932,9055,28749
32908,9039,28781
32877,9044,28831
32856,9047,28754
32862,9055,28868
32885,9078,28739
32921,9096,28820
32976,9116,28709
33038,9125,28756
33061,9127,28687
33044,9106,28696
32992,9089,28474
32952,9021,28760
32893,9161,28388
32892,9021,28581
32908,9031,28384
32912,9045,28489
32937,9054,28581
32996,9059,28719
32986,9061,28583
33000,9037,28703
32960,9029,28575
32960,9089,28573
32938,9087,28461
32908,9065,28391
32904,9059,28401
32916,9061,28300
32912,9077,28657
32940,9073,28516
33012,9069,28575
33080,9060,28516
33070,9037,28495
33056,9025,28491
33040,9013,28530
33093,9024,28519
33104,9113,28613
33104,9105,28516
33072,9075,28633
33041,9077,28265
33012,9073,28490
33004,9057,28420
32992,9052,28495
32968,9060,28477
32960,9085,28497
32948,9020,28378
32932,9031,28567
32964,9059,28525
32984,9067,28678
33020,9069,28455
33008,9068,28679
32952,9081,28583
32885,9050,28678
32900,9047,28583
32884,9040,28583
32844,9052,28607
32824,9081,28478
32852,9088,28731
32884,9119,28679
32892,9125,28741
32912,9124,28708
32916,9202,28716
33000,9043,28696
33032,9032,28676
33012,9095,28762
33039,9087,28820
33064,9099,28841
33120,9108,28933
33152,9102,28869
33168,9103,29006
33173,9096,28911
33152,9106,29072
33160,9088,28964
33172,9087,28917
33198,9043,29039
33173,9057,29178
33182,9074,29077
33157,9087,29100
33124,9101,29095
33132,9100,28922
33121,9088,29063
33120,9083,28985
33120,9080,29122
33124,9063,29146
33125,9070,29300
33108,9104,29360
33088,9103,29494
33108,9109,29172
33092,9104,29470
33056,9108,29284
33052,9101,29364
33086,9101,29301
33105,9065,29439
33100,9067,29497
33117,9036,29625
33140,9030,29712
33137,9044,29694
33140,9055,29850
33120,9071,29765
33072,9072,29901
32988,9070,29818
32776,9069,29924
32473,9068,29876
32121,9070,29845
31879,9084,30071
31680,9104,30013
31416,9050,30012
31177,9062,29960
30961,9076,30031
30876,9077,30044
31193,9077,30106
32096,9066,30175
33497,9053,30306
35308,9066,30357
37508,9050,30329
40140,9060,30233
43088,9101,30592
46156,9204,30404
48884,9077,30599
50672,9116,30549
50664,9120,30545
49312,9123,30646
47437,9124,30704
45558,9132,30855
43780,9147,31013
41988,9207,31004
40412,9081,30951
38716,9095,31183
36988,9100,30925
35680,9101,31397
34940,9111,31295
34376,9089,31383
33916,9069,31383
33357,9068,31325
32956,9069,31581
32704,9082,31668
32524,9087,31887
32356,9087,31828
32204,9109,31857
32024,9145,31966
31796,9150,32007
31553,9127,32150
31376,9119,32155
31212,9177,32290
31072,9099,32284
30916,9045,32290
30816,9063,32252
30757,9084,32437
30728,9118,32583
30756,9150,32415
30784,9188,32340
30748,9075,32639
30752,9070,32818
30763,9088,32743
30804,9104,32528
30812,9047,32897
30840,9059,32927
30860,9071,32767
30864,9092,33101
30928,9116,32985
30989,9123,32876
31004,9112,33343
31028,9100,33300
31017,9085,33377
31077,9071,33407
31081,9079,33423
31128,9111,33548
31168,9070,33287
31204,9079,33671
31224,9077,33399
31240,9077,33911
31260,9068,33767
31257,9073,33980
31312,9068,33767
31344,9063,33927
31332,9056,33983
31352,9059,34102
31412,9078,34281
31460,9109,34212
31520,9135,34405
31536,9072,34341
31577,9059,34497
31630,9075,34417
31649,9053,34581
31660,9046,34431
31660,9056,34471
31668,9100,34551
31672,9053,34510
31724,9065,34631
31736,9080,34653
31736,9095,34532
31732,9071,34759
31752,9091,34669
31788,9094,34739
31792,9090,34839
31788,9076,34900
31798,9070,34900
31849,9070,34920
31872,9089,34941
31892,9098,34996
31896,9075,34947
31900,9081,35001
31908,9058,34944
31888,9060,34819
31905,9045,34861
31896,9060,34796
31936,9065,34843
31982,9054,34895
31994,9068,35007
32020,9196,34655
31992,9148,34689
31959,9059,34719
31964,9045,34716
31972,9106,34844
31988,9083,34643
32009,9087,34663
32009,9096,34759
32040,9100,34569
32040,9102,34411
32064,9110,34563
32088,9107,34164
32116,9070,34426
32136,9058,34501
32160,9049,34340
32160,9037,34268
32156,9040,34173
32168,9045,34203
32212,9057,34206
32232,9071,33823
32280,9074,33932
32342,9085,33981
32372,9089,34077
32384,9075,33886
32389,9053,33972
32388,9063,33789
32388,9096,33782
32384,9189,33671
32396,9212,33707
32440,9077,33538
32464,9190,33639
32469,9073,33464
32476,9065,33524
32486,9066,33356
32481,9054,33321
32484,9071,33257
32452,9060,33345
32428,9077,33158
32444,9094,33233
32452,9094,33052
32488,9095,33112
32445,9109,32962
32417,9101,32965
32402,9103,32633
32376,9110,32872
32344,9103,32519
32285,9119,32773
32202,9126,32392
32161,9191,32768
32118,9080,32307
32097,9095,32429
32071,9194,32316
32056,9072,32636
32064,9077,32396
32064,9069,32129
32036,9092,32405
32028,9110,32285
32020,9052,32157
32024,9071,32196
32022,9086,32086
32036,9116,32064
32040,9098,32119
32028,9113,32135
32093,9117,32052
32112,9102,32140
32164,9113,31966
32168,9040,32068
32192,9048,31874
32240,9060,31767
32260,9078,31669
32292,9079,31521
32320,9075,31707
32328,9063,31465
32357,9051,31778
32392,9048,31620
32374,9041,31668
32368,9036,31359
32432,9044,31615
32390,9059,31462
32388,9075,31540
32396,9076,31377
32386,9076,31474
32400,9065,31292
32400,9055,31248
32424,9038,31125
32444,9030,31087
32464,9031,31038
32498,9043,31063
32518,9057,31005
32548,9071,31001
32549,9074,31082
32576,9071,30953
32572,9062,30959
32556,9050,30903
32586,9063,30816
32604,9063,30768
32616,9063,30705
32616,9063,30641
32636,9082,30614
32672,9094,30622
32688,9123,30457
32728,9141,30713
32688,9062,30631
32704,9052,30676
32728,9041,30485
32724,9061,30281
32736,9084,30457
32744,9137,30471
32732,9062,30471
32724,9074,30343
32749,9098,30273
32756,9093,30114
32772,9093,30453
32788,9108,30334
32812,9123,30395
32800,9038,30260
32832,9038,30245
32844,9057,30164
32876,9083,30097
32876,9109,30031
32880,9117,29967
32884,9099,30234
32884,9115,30042
32860,9115,29945
32869,9110,29930
32896,9043,29989
32936,9043,29943
32932,9050,29907
32920,9073,29719
32904,9103,30021
32944,9109,29860
32985,9132,29703
32981,9078,29942
32976,9060,29814
33010,9049,29910
33013,9037,29641
33020,9042,29886
33016,9055,29756
33012,9070,29769
32992,9109,29668
32954,9100,29593
32948,9094,29583
32900,9095,29605
32925,9122,29561
32940,9118,29525
32920,9104,29559
32908,9096,29639
32919,9079,29636
32960,9085,29575
32952,9125,29597
32949,9164,29652
32984,9140,29621
32984,9136,29409
32968,9123,29671
32992,9099,29439
32960,9109,29789
32952,9112,29651
32960,9106,29770
32984,9105,29655
32988,9123,29788
32992,9125,29663
33006,9102,29775
33036,9087,29658
33056,9075,29644
33080,9049,29581
33060,9060,29556
33030,9061,29582
33024,9065,29670
33017,9098,29605
33060,9112,29585
33080,9119,29597
33092,9095,29639
33072,9079,29581
33100,9076,29830
33100,9071,29692
33044,9073,29712
33040,9052,29713
33020,9055,29814
33016,9071,29737
33016,9080,29756
33024,9090,29633
33021,9086,29689
33000,9076,29675
32996,9067,29717
33044,9055,29764
33064,9046,29764
33080,9050,29712
33062,9061,29773
33052,9077,29885
33028,9114,29748
33020,9108,29719
33052,9112,29787
33061,9123,29791
33070,9121,29921
33045,9057,29710
33060,9049,29679
33032,9069,29957
33041,9088,29814
33049,9086,29710
33054,9093,29764
33100,9099,29839
33085,9097,29777
33100,9085,29838
33074,9073,29914
33073,9061,29898
33056,9059,29994
33033,9061,29890
33012,9067,30047
33052,9083,29932
33057,9095,30063
33036,9111,29935
33048,9130,29985
33044,9110,29731
33004,9103,29876
33012,9095,29942
33056,9114,29959
33086,9131,29924
33125,9133,30025
33148,9154,29927
33102,9170,29993
33057,9205,30080
33048,9167,30050
33038,9097,30140
33081,9090,30081
33121,9079,30133
33166,9074,30099
33164,9095,30188
33175,9083,30101
33180,9093,30063
33205,9118,29860
33236,9125,30177
33226,9140,29895
33252,9140,30068
33240,9146,29927
33216,9076,30282
33204,9073,30144
33160,9096,30088
33124,9093,30179
33132,9095,30193
33106,9105,30087
33084,9113,30188
33088,9115,30317
33116,9107,30021
33098,9087,30063
33089,9076,30113
33100,9071,30199
33088,9090,30222
33084,9095,30324
33104,9135,30221
33152,9151,30316
33170,9164,30244
33160,9190,30279
33092,9105,30237
33056,9094,30172
33008,9082,30223
33021,9100,30173
33048,9107,30221
33080,9111,30037
33105,9161,30393
33152,9102,30288
33142,9132,30185
33148,9167,30439
33132,9157,30343
33078,9094,30475
33012,9079,30109
32976,9075,30254
32944,9071,30311
32941,9085,30311
32898,9095,30290
32920,9108,30408
32957,9218,30287
32940,9177,30544
32880,9174,30404
32844,9152,30293
32840,9127,30501
32864,9135,30462
32886,9085,30421
32933,9089,30414
32972,9125,30362
33020,9135,30449
33053,9129,30605
33124,9129,30498
33170,9141,30424
33208,9114,30417
33212,9115,30521
33200,9140,30500
33196,9079,30279
33240,9094,30639
33256,9109,30324
33284,9129,30596
33248,9128,30557
33228,9128,30592
33184,9118,30525
33156,9103,30505
33151,9093,30583
33150,9095,30563
33168,9101,30617
33160,9114,30764
33132,9142,30604
33080,9157,30615
33092,9155,30465
33124,9174,30692
33136,9179,30375
33129,9157,30529
33156,9169,30551
33132,9092,30525
33132,9093,30664
33172,9245,30659
33168,9196,30645
33136,9199,30820
33133,9134,30681
33132,9131,30805
33136,9124,30424
33169,9111,30686
33148,9101,30693
33149,9094,30717
33136,9095,30704
33148,9108,30614
33072,9115,30697
32865,9131,30715
32548,9135,30447
32277,9138,30703
31975,9132,30825
31733,9117,30710
31532,9116,30768
31288,9125,30487
31036,9131,30570
30869,9149,30615
31076,9179,30608
31860,9135,30541
33125,9144,30607
34856,9146,30708
37044,9204,30433
39648,9186,30567
42644,9193,30593
45920,9108,30717
49236,9108,30684
52092,9127,30763
53831,9189,30693
53592,9198,30815
52140,9204,30680
50184,9219,30823
48064,9218,30676
45548,9249,30788
42888,9244,30719
40432,9216,30767
38186,9212,30445
36332,9231,30743
34964,9234,30561
34168,9173,30700
33576,9181,30727
33096,9181,30759
32760,9188,30740
32504,9181,30779
32276,9145,30879
32060,9143,30768
31884,9163,30922
31656,9162,30535
31361,9177,30719
31104,9211,30743
30860,9226,30790
30680,9211,30912
30560,9207,30858
30420,9192,30982
30326,9210,30865
30277,9213,30895
30264,9181,30807
30280,9176,30918
30285,9167,30828
30298,9185,30889
30320,9170,30847
30324,9163,30940
30324,9157,31085
30360,9143,31017
30397,9131,30939
30425,9124,30962
30445,9206,31048
30491,9198,31005
30524,9201,31151
30560,9201,31093
30605,9195,31155
30652,9189,30983
30709,9188,31036
30718,9215,30927
30692,9133,31273
30760,9201,31010
30796,9183,31132
30844,9135,31273
30852,9144,31405
30858,9157,31295
30864,9193,31273
30904,9201,31431
30940,9221,31399
31028,9143,31542
31020,9132,31463
31056,9138,31410
31060,9170,31501
31056,9190,31316
31108,9204,31652
31168,9220,31605
31220,9169,31765
31245,9170,31670
31248,9158,31839
31281,9287,31690
31313,9137,31869
31300,9129,31764
31304,9135,31940
31348,9147,31816
31392,9165,31797
31404,9188,31839
31416,9216,31796
31400,9235,31769
31400,9160,31650
31444,9156,32048
31456,9155,31925
31470,9150,31909
31484,9154,31828
31496,9167,31711
31518,9181,31928
31480,9216,31813
31552,9235,32119
31581,9183,31940
31588,9174,31746
31591,9171,32081
31614,9158,31981
31600,9167,31940
31588,9154,31845
31632,9169,31751
31628,9188,31844
31644,9206,31729
31656,9228,31837
31712,9240,31660
31782,9232,31950
31813,9164,31891
31788,9147,31874
31820,9141,31804
31840,9166,31553
31908,9181,31879
31924,9181,31540
31870,9198,31812
31848,9184,31631
31870,9184,31653
31872,9175,31629
31937,9165,31663
31992,9150,31719
32012,9144,31638
32056,9211,31673
32092,9202,31440
32136,9218,31547
32160,9237,31439
32180,9249,31502
32196,9207,31452
32224,9212,31439
32241,9199,31467
32244,9167,31420
32313,9159,31482
32312,9143,31263
32286,9155,31275
32304,9168,31290
32272,9239,31252
32236,9240,31304
32244,9234,31188
32332,9239,31212
32348,9236,31081
32349,9257,30999
32341,9215,31018
32408,9241,31076
32428,9231,31015
32428,9237,31044
32452,9257,30948
32420,9188,30903
32393,9189,30846
32374,9179,30813
32312,9175,30751
32316,9169,30702
32316,9150,30647
32288,9142,30661
32252,9149,30719
32175,9164,30805
32200,9175,30633
32196,9189,30736
32188,9194,30326
32220,9185,30482
32180,9173,30281
32237,9175,30517
32264,9150,30207
32280,9180,30557
32264,9210,30399
32373,9247,30356
32444,9171,30300
32424,9174,30277
32500,9177,30293
32508,9231,30124
32528,9193,30200
32600,9161,30207
32568,9147,30287
32590,9143,29993
32584,9155,29967
32656,9180,29983
32676,9191,30028
32716,9191,30116
32692,9169,29861
32772,9162,29831
32820,9149,29893
32836,9270,29883
32780,9188,29956
32789,9189,29836
32800,9131,29737
32832,9144,29757
32861,9155,29727
32861,9165,29713
32800,9169,29815
32820,9152,29644
32876,9226,29716
32809,9133,29572
32901,9123,29566
32965,9121,29469
32925,9128,29469
32924,9138,29380
32916,9298,29364
32972,9229,29321
32972,9233,29230
32992,9211,29263
32986,9197,29209
32956,9163,29252
32968,9148,29073
32964,9142,29167
32994,9138,29182
32983,9155,29303
32968,9170,29138
33008,9173,29150
32988,9188,28889
33060,9179,28963
33016,9165,29047
33032,9159,29046
33048,9173,29101
33004,9158,28993
33000,9141,28907
33056,9164,28868
33108,9179,28913
33165,9185,29001
33133,9188,28911
33124,9185,28764
33157,9176,28855
33221,9187,28823
33216,9197,28799
33168,9188,28851
33168,9126,28882
33177,9137,28779
33173,9170,28691
33172,9173,28644
33168,9175,28660
33156,9175,28641
33221,9182,28544
33208,9188,28627
33225,9116,28596
33217,9110,28539
33248,9120,28557
33268,9126,28607
33296,9153,28590
33316,9185,28613
33284,9192,28573
33272,9153,28480
33248,9159,28614
33268,9145,28578
33248,9173,28541
33252,9109,28400
33300,9119,28493
33274,9127,28468
33248,9141,28553
33236,9151,28692
33280,9154,28423
33327,9158,28615
33332,9143,28536
33309,9132,28630
33304,9141,28551
33296,9187,28524
33324,9117,28513
33289,9133,28567
33248,9148,28481
33264,9187,28333
33248,9179,28673
33156,9201,28577
33232,9254,28551
33264,9122,28543
33264,9110,28493
33220,9141,28731
33232,9152,28613
33260,9207,28508
33284,9149,28504
33224,9153,28532
33252,9156,28606
33255,9159,28535
33284,9158,28533
33252,9138,28461
33232,9138,28708
33210,9145,28438
33268,9162,28719
33260,9174,28600
33232,9193,28718
33312,9212,28852
33284,9295,28735
33272,9214,28599
33264,9204,28716
33212,9185,28788
33209,9174,28788
33265,9159,28713
33204,9173,28845
33214,9198,28980
33212,9216,28802
33264,9237,28855
33208,9163,28704
33260,9150,29004
33208,9143,28935
33185,9129,29082
33209,9124,28978
33172,9119,29053
33156,9124,28911
33127,9137,29039
33176,9154,29037
33152,9196,29141
33148,9181,29095
33196,9191,29006
33192,9164,28894
33132,9171,29231
33181,9166,29045
33159,9186,29306
33172,9192,28959
33174,9208,29130
33220,9157,29152
33208,9306,29285
33175,9171,29399
33145,9165,29312
33124,9154,29463
33140,9137,29292
33172,9157,29485
33126,9160,29369
33024,9140,29314
33169,9155,29564
33156,9194,29447
33132,9188,29423
33132,9217,29397
33148,9241,29512
33148,9156,29631
33160,9142,29292
33116,9137,29421
33112,9158,29487
33116,9156,29572
33125,9180,29583
33140,9215,29588
33140,9241,29549
33076,9286,29539
33157,9167,29439
33169,9159,29745
33132,9145,29732
33132,9144,29649
33080,9166,29759
33048,9159,29781
33016,9172,29751
33138,9188,29655
33100,9221,29565
33086,9242,29959
33020,9205,29575
33029,9178,29716
33012,9192,29772
33060,9189,29839
33020,9223,29677
33064,9145,30079
33012,9157,29904
33008,9193,29839
32960,9200,30101
33008,9222,29991
33056,9240,29927
33056,9236,29989
33008,9151,30074
33012,9148,30015
33005,9164,30121
32992,9255,30100
33000,9178,30019
33024,9189,30148
32992,9215,30158
32976,9231,30111
32976,9250,30041
32996,9165,29948
33008,9157,30309
32968,9159,30229
32952,9157,30165
32928,9186,30092
32900,9223,29999
32907,9179,30356
32932,9184,30244
33032,9185,30182
32972,9204,30172
32948,9182,30063
33006,9193,30426
32996,9210,30324
32992,9142,30372
32989,9150,30337
32904,9165,30442
32892,9168,30349
32832,9184,30465
32836,9317,30343
32808,9253,30233
32880,9230,30340
32876,9252,30356
32780,9144,30405
32700,9147,30404
32764,9148,30538
32776,9161,30396
32808,9188,30443
32828,9235,30364
32920,9269,30215
32960,9183,30437
32960,9169,30428
32991,9169,30405
33064,9156,30301
33072,9187,30463
33117,9237,30450
33181,9284,30448
33119,9177,30447
33201,9187,30340
33212,9199,30479
33198,9214,30546
33136,9202,30565
33132,9206,30524
33132,9189,30597
33093,9160,30429
33096,9173,30401
33076,9195,30421
33044,9173,30556
32956,9188,30667
33014,9201,30569
32973,9201,30343
33020,9202,30652
33012,9210,30612
33004,9268,30719
33005,9137,30596
33016,9151,30572
33020,9191,30501
32980,9207,30484
32961,9209,30620
32945,9192,30804
32949,9181,30686
32900,9170,30810
32905,9155,30695
32880,9146,30847
32880,9201,30455
32924,9199,30652
32924,9194,30636
32928,9201,30738
32868,9198,30867
32844,9218,30720
32640,9190,30670
32337,9181,30665
31984,9167,30665
31712,9170,30648
31480,9146,30663
31322,9154,30648
31068,9186,30538
30857,9179,30711
30684,9183,30695
30952,9181,30685
31729,9177,30620
33046,9165,30741
34752,9150,30680
37069,9231,30784
39736,9219,30812
42816,9209,30676
46060,9189,30767
49416,9199,30820
52376,9210,30788
54184,9240,30887
54036,9208,30565
52692,9188,30694
50796,9185,30717
48520,9279,30785
45656,9247,30812
42768,9230,30781
40124,9209,30901
37816,9227,30536
35888,9229,30700
34412,9202,30697
33632,9292,30803
33061,9253,30919
32636,9223,30521
32326,9202,30673
32078,9200,30637
31828,9189,30740
31613,9197,30736
31432,9228,30727
31174,9230,30693
30913,9216,30763
30685,9195,30613
30456,9188,30734
30248,9191,30524
30096,9181,30852
29964,9189,30756
29844,9141,30881
29786,9145,30725
29772,9168,30484
29784,9202,30860
29844,9186,30695
29934,9187,30629
29938,9172,30660
29948,9165,30717
29964,9151,30865
30028,9154,30717
30057,9147,30829
30120,9155,30708
30184,9177,30607
30165,9190,30567
30188,9178,30582
30220,9174,30596
30233,9161,30391
30242,9159,30650
30252,9129,30346
30288,9120,30464
30324,9123,30523
30412,9142,30460
30464,9265,30496
30448,9163,30448
30502,9160,30580
30516,9152,30513
30556,9147,30503
30599,9192,30583
30572,9180,30471
30536,9186,30390
30628,9188,30357
30688,9188,30276
30632,9210,30552
30676,9212,30394
30728,9192,30481
30728,9182,30298
30696,9163,30207
30732,9145,30250
30768,9119,30269
30788,9245,30220
30796,9179,30293
30856,9165,29953
30901,9160,30082
30940,9167,30206
30956,9156,29805
30930,9219,29889
30932,9185,29897
30944,9142,29943
30984,9116,29816
30968,9111,29790
31008,9175,29839
31049,9154,29895
31068,9174,29644
31068,9158,29692
31080,9155,29780
31100,9151,29604
31140,9143,29708
31164,9179,29534
31200,9173,29559
31224,9159,29428
31232,9155,29494
31204,9152,29316
31208,9184,29150
31240,9167,29052
31276,9185,29023
31344,9161,28938
31368,9140,28799
31373,9131,29088
31380,9114,28887
31412,9111,28817
31425,9117,28619
31412,9179,28565
31428,9167,28530
31477,9181,28528
31512,9183,28484
31524,9160,28393
31608,9157,28255
31652,9132,28353
31696,9111,27995
31752,9108,28206
31732,9117,27885
31760,9213,28135
31780,9146,27945
31820,9159,27796
31865,9241,27753
31876,9153,27521
31820,9144,27713
31784,9244,27596
31844,9231,27495
31924,9113,27389
31950,9185,27270
32000,9179,27273
32012,9198,27081
32021,9214,27234
31984,9220,27182
32013,9206,27182
32028,9176,27048
32016,9179,26865
32036,9149,26973
32060,9132,26732
32084,9132,27001
32104,9137,26868
32049,9156,26862
32004,9174,26700
31992,9195,26580
31960,9195,26903
31929,9176,26752
31916,9154,26833
31928,9127,26723
31916,9131,26713
31872,9135,26705
31884,9133,26753
31844,9168,26690
31776,9156,26727
31760,9164,26693
31720,9153,26783
31688,9150,26708
31692,9117,26721
31716,9170,26618
31701,9135,26733
31680,9134,26837
31732,9140,26780
31800,9156,26765
31849,9207,26764
31868,9208,26614
31908,9237,26937
31932,9191,26886
31974,9162,27020
31993,9139,26714
32012,9114,26842
32024,9112,26871
32112,9123,27049
32088,9153,26832
32100,9144,27138
32144,9133,26964
32188,9186,27134
32176,9129,27319
32136,9119,27027
32129,9088,27138
32160,9086,27278
32214,9090,27305
32220,9101,27357
32244,9242,27305
32202,9186,27311
32220,9187,27326
32212,9203,27607
32224,9109,27550
32272,9094,27604
32336,9141,27679
32320,9148,27611
32304,9188,27458
32334,9092,27647
32352,9111,27796
32368,9119,27783
32376,9123,27696
32388,9116,27858
32340,9102,27862
32341,9091,27845
32364,9084,27875
32381,9213,27716
32392,9085,28069
32296,9089,27877
32236,9108,27839
32296,9116,28100
32368,9117,27986
32440,9111,28106
32456,9101,28261
32424,9085,28151
32452,9077,28098
32525,9073,28368
32544,9085,28276
32536,9110,28224
32520,9129,28289
32500,9143,28190
32480,9139,28416
32468,9131,28412
32456,9122,28349
32500,9097,28620
32560,9111,28482
32560,9095,28445
32584,9108,28513
32628,9093,28535
32644,9118,28551
32572,9143,28679
32540,9140,28845
32556,9134,28773
32584,9121,28927
32648,9108,28857
32656,9104,28861
32604,9103,28869
32570,9103,28810
32540,9186,29003
32520,9101,29029
32540,9109,28813
32576,9116,29237
32646,9108,29135
32724,9095,29127
32748,9084,29112
32764,9076,29231
32762,9070,29261
32712,9077,29190
32709,9090,29223
32684,9100,29234
32684,9109,29133
32709,9114,29543
32676,9109,29439
32676,9098,29434
32692,9079,29365
32733,9075,29280
32688,9076,29633
32717,9072,29549
32721,9084,29492
32685,9097,29575
32694,9217,29607
32690,9174,29793
32708,9157,29680
32744,9149,29736
32732,9115,29725
32720,9098,29732
32736,9104,29628
32756,9107,29612
32788,9139,29919
32797,9124,29804
32796,9136,29975
32768,9134,29871
32764,9122,29877
32770,9118,29924
32829,9109,29929
32888,9081,29927
32889,9087,29908
32856,9074,29982
32848,9105,29836
32828,9108,30081
32832,9114,30121
32853,9125,30081
32804,9116,30033
32756,9093,30093
32768,9084,30097
32796,9069,30151
32780,9060,30239
32804,9063,30248
32840,9076,30214
32912,9100,30098
32924,9108,30377
32908,9115,30149
32912,9101,30557
32948,9094,30473
32928,9087,30502
32912,9085,30485
32897,9083,30471
32876,9077,30479
32853,9093,30597
32876,9099,30745
32860,9113,30628
32876,9114,30664
32840,9129,30597
32824,9103,30652
32808,9077,30704
32814,9054,30742
32788,9054,30725
32749,9167,30820
32758,9107,30866
32840,9097,30617
32896,9124,30840
32924,9124,30813
32920,9095,30872
32900,9084,30901
32897,9071,30956
32904,9055,31047
32908,9126,31004
32902,9092,30939
32900,9077,31085
32872,9103,31081
32868,9095,31183
32868,9094,30879
32836,9089,31126
32832,9140,31081
32856,9087,31180
32864,9070,31330
32876,9079,31236
32908,9051,31335
32941,9060,31077
32964,9141,31239
32933,9142,31343
32868,9135,31341
32852,9141,31479
32848,9132,31367
32844,9096,31311
32852,9122,31140
32828,9139,31348
32844,9126,31417
32900,9127,31479
32924,9075,31529
32900,9088,31523
32880,9119,31554
32900,9097,31676
32901,9101,31587
32912,9124,31610
32916,9113,31634
32893,9113,31661
32851,9116,31675
32844,9060,31771
32828,9071,31736
32812,9088,31826
32833,9117,31746
32879,9100,31698
32904,9110,31711
32940,9118,31790
32928,9110,31839
32910,9041,31902
32932,9039,31908
32932,9053,32052
32948,9069,31695
32925,9082,32047
32924,9117,32005
32928,9103,32007
32936,9084,31901
32936,9078,32087
32960,9067,31807
32964,9143,32224
32944,9043,32125
32951,9053,32251
32933,9092,32184
32908,9091,32279
32905,9097,32230
32892,9105,32357
32877,9087,32277
32900,9088,32429
32892,9068,32029
32917,9084,32300
32928,9081,32135
32968,9105,32326
32980,9133,32129
32938,9145,32415
32930,9139,32381
32972,9144,32397
32976,9067,32293
32957,9049,32589
32936,9039,32585
32942,9031,32657
32916,9039,32614
32932,9069,32775
32944,9078,32391
32900,9119,32862
32824,9151,32765
32797,9071,32707
32760,9084,32757
32724,9075,32773
32754,9050,32885
32828,9058,32982
32864,9068,32892
32952,9101,32911
33000,9125,32959
33044,9135,33075
33072,9149,33103
33134,9171,33210
33174,9063,33079
33204,9064,33261
33210,9092,33444
33208,9098,33344
33204,9140,33415
33188,9132,33447
33157,9063,33455
33176,9065,33476
33216,9093,33332
33236,9101,33687
33196,9077,33385
33140,9082,33873
33140,9072,33655
33149,9099,33796
33160,9099,33610
33149,9042,34119
33188,9059,34042
33208,9082,34172
33200,9090,34135
33181,9092,34116
33172,9068,34201
33172,9045,34300
33164,9035,34316
33156,9050,34135
33136,9060,34590
33112,9095,34457
33108,9113,34405
33096,9124,34493
33120,9145,34620
33137,9164,34778
33172,9061,34607
33184,9049,34685
33135,9035,34802
33084,9030,34685
32984,9033,34740
32806,9135,34881
32492,9147,34843
32174,9075,34725
31932,9082,34985
31728,9071,34757
31448,9064,35153
31176,9050,35140
31016,9038,35204
30900,9030,35001
31160,9037,35388
31968,9055,35305
33401,9062,35484
35200,9077,35373
37393,9095,35365
40076,9087,35383
43072,9088,35428
46216,9089,35463
48964,9086,35520
50820,9081,35549
50824,9126,35583
49377,9253,35541
47400,9079,35504
45424,9107,35700
43568,9106,35708
41748,9105,35781
40168,9116,35693
38464,9090,36025
36742,9073,35616
35468,9058,35860
34772,9062,35983
34296,9085,36045
33856,9081,36084
33354,9076,36176
32928,9075,36332
32672,9074,36253
32472,9061,36259
32308,9046,36276
32156,9028,36316
31937,9027,36407
31675,9027,36539
31484,9038,36479
31268,9107,36636
31100,9095,36204
30944,9105,36468
30798,9101,36572
30684,9099,36543
30576,9080,36383
30524,9079,36844
30509,9021,36721
30519,9018,36738
30552,9035,36724
30580,9049,36806
30600,9079,36929
30641,9068,36869
30688,9056,37020
30668,9046,36951
30656,9029,37048
30668,9024,36920
30704,9044,36711
30736,9031,37111
30752,9058,36719
30788,9081,37241
30816,9114,37167
30832,9062,37229
30885,9060,37217
30896,9070,37237
30900,9059,37260
30936,9087,37245
30954,9010,37332
30958,9023,37367
30973,9060,37502
31008,9111,37380
31056,9055,37361
31084,9058,37383
31132,9052,37444
31184,9041,37411
31216,9052,37199
31236,9041,37639
31276,9045,37273
31310,9021,37532
31336,9037,37621
31400,9043,37650
31412,9053,37818
31391,9059,37743
31392,9058,37910
31396,9053,37805
31408,9059,37908
31405,9036,37815
31408,9045,37911
31448,9037,37863
31488,9049,37927
31492,9055,37886
31532,9066,38010
31556,9098,37869
31552,9103,37925
31560,9084,37860
31584,9049,38049
31636,9039,37487
31656,9032,37748
31661,9051,37469
31660,9087,37961
31668,9106,37860
31668,9058,37965
31648,9060,37825
31666,9061,37919
31700,9051,37775
31700,9036,37810
31700,9020,37696
31724,9020,37675
31765,9021,37691
31812,9055,37661
31845,9069,37753
31876,9067,37591
31920,9079,37567
31956,9078,37457
31956,9067,37449
31912,9054,37397
31964,9046,37334
31997,9062,37196
32036,9081,36949
32060,9035,37305
32084,9052,37087
32104,9074,36748
32092,9089,37050
32148,9100,36656
32192,9112,37127
32224,9090,36543
32212,9132,37018
32194,9022,36760
32189,9019,36671
32221,9033,36581
32264,9041,36596
32301,9057,36480
32356,9076,36359
32376,9093,36601
32416,9069,36435
32432,9071,36389
32480,9051,36295
32496,9063,36265
32468,9102,36176
32464,9094,36303
32476,9052,36111
32465,9133,36020
32473,9069,35992
32513,9067,36045
32568,9060,35895
32564,9046,35813
32552,9058,35658
32508,9039,35718
32504,9053,35695
32470,9051,35452
32448,9061,35721
32393,9090,35532
32292,9087,35653
32173,9081,35157
32092,9067,35348
32012,9068,35305
31960,9055,35364
31917,9077,35303
31886,9066,35356
31876,9076,35185
31901,9117,35308
31852,9061,35135
31860,9140,35217
31840,9064,34693
31882,9054,34980
31921,9038,34671
31932,9027,35077
31940,9048,34889
31952,9034,34804
31944,9086,34798
31968,9049,34820
32012,9061,34716
32024,9083,34759
32032,9124,34691
32056,9122,34695
32026,9036,34601
32046,9035,34609
32044,9063,34511
32052,9022,34631
32116,9043,34469
32181,9058,34439
32200,9070,34311
32204,9113,34366
32229,9060,34366
32232,9051,34250
32224,9048,33990
32228,9054,34357
32208,9127,34165
32248,9024,34084
32276,9031,34199
32280,9054,34106
32324,9088,34194
32364,9097,34047
32404,9077,34076
32416,9070,33902
32428,9067,33862
32452,9056,33783
32496,9051,33799
32521,9065,33789
32549,9089,33765
32557,9108,33709
32576,9064,33455
32608,9063,33888
32594,9081,33663
32568,9087,33615
32584,9057,33566
32608,9061,33526
32649,9052,33559
32632,9053,33663
32612,9084,33525
32653,9128,33476
32710,9064,33461
32732,9075,33598
32716,9071,33477
32696,9074,33375
32660,9079,33328
32660,9055,33313
32661,9070,33367
32684,9091,33183
32708,9106,33376
32737,9123,33019
32782,9068,33407
32804,9079,33229
32848,9077,33211
32840,9063,33009
32836,9055,33141
32844,9067,32915
32871,9058,33213
32892,9061,33068
32908,9124,32968
32924,9061,32968
32926,9098,32975
32956,9106,32980
32997,9143,32817
32992,9070,32893
32968,9066,32791
32916,9070,32889
32905,9088,32509
32908,9101,32886
32928,9051,32708
32968,9062,32476
32964,9081,32820
32932,9099,32638
32917,9104,32556
32952,9081,32480
32936,9092,32323
32952,9061,32590
32969,9077,32519
32972,9094,32627
32968,9118,32453
32933,9069,32185
32908,9085,32556
32932,9100,32423
32944,9139,32451
32964,9138,32356
32964,9064,32207
32945,9050,32292
32930,9053,32082
32916,9050,32317
32925,9071,32036
32932,9074,32204
32928,9094,32221
32900,9095,32245
32892,9095,32332
32868,9100,32279
32892,9070,32239
32868,9066,32034
32896,9069,32085
32916,9078,32153
32888,9089,32166
32893,9097,32225
32898,9098,32165
32884,9107,32221
32880,9142,32164
32885,9172,32111
32896,9061,32166
32924,9049,31999
32937,9038,32095
32964,9044,32177
32972,9080,32315
32948,9081,32172
32988,9100,32307
33008,9133,32159
33022,9116,32067
33025,9130,32076
32992,9063,32039
32954,9047,31941
32917,9042,32125
32892,9041,32153
32924,9054,32074
32932,9079,32095
32908,9077,32187
32897,9090,32169
32900,9079,32180
32870,9073,32326
32894,9062,32199
32938,9049,32310
32972,9070,32215
33004,9055,32308
33036,9085,32155
33053,9106,32132
33024,9135,32189
32992,9162,31963
32996,9079,32364
33000,9069,32248
32948,9065,32349
32950,9073,32212
32942,9093,32208
32952,9111,32205
32956,9055,32187
32968,9061,32144
32960,9076,32229
32940,9083,32319
32974,9085,32407
32980,9074,32194
32932,9061,32311
32952,9047,32380
32956,9041,32349
32926,9036,32457
32941,9045,32361
32925,9062,32479
32900,9091,32348
32920,9110,32374
32917,9114,32396
32948,9089,32473
32952,9071,32401
32956,9058,32468
32972,9058,32425
32982,9071,32557
32972,9074,32151
32972,9083,32356
32976,9113,32391
32974,9117,32463
32948,9114,32474
32919,9098,32396
32912,9076,32478
32924,9055,32623
32900,9045,32351
32910,9063,32428
32932,9065,32572
32972,9082,32219
32956,9106,32391
32953,9103,32508
32960,9123,32516
32964,9109,32599
32980,9094,32573
32968,9076,32677
32960,9067,32476
32960,9084,32514
32980,9102,32588
32934,9127,32608
32903,9199,32729
32912,9080,32399
32924,9077,32593
32948,9160,32721
32948,9113,32663
32956,9157,32805
32936,9119,32514
32970,9096,32561
32997,9039,32682
33016,9060,32696
32970,9100,32439
32928,9096,32583
32908,9116,32683
32936,9126,32721
32924,9132,32757
32884,9042,32724
32848,9033,32823
32832,9034,32775
32857,9039,32739
32872,9055,32701
32852,9066,32791
32804,9070,32924
32765,9073,32652
32744,9065,32747
32700,9058,32848
32740,9039,32812
32789,9028,32677
32812,9031,32737
32796,9036,32838
32740,9056,32835
32669,9067,32740
32600,9079,32844
32620,9078,32965
32688,9064,32850
32712,9049,32873
32750,9040,32652
32792,9033,32805
32832,9041,32983
32880,9065,32619
32932,9087,32765
32940,9133,32631
32928,9188,32775
32876,9071,32796
32900,9060,32806
32940,9119,32936
32962,9109,32796
32996,9093,32684
32994,9091,32871
32976,9103,32821
32976,9147,32928
32980,9068,32820
33024,9071,32908
33044,9080,32791
32988,9088,32884
32976,9080,32775
32936,9051,32933
32877,9049,32785
32848,9053,32758
32842,9052,32698
32872,9071,32628
32912,9088,32665
32916,9122,32749
32912,9152,32764
32909,9210,32871
32920,9052,32718
32952,9046,32652
32993,9060,32663
32965,9043,32447
32948,9084,32794
32900,9117,32665
32856,9128,32698
32812,9141,32711
32784,9157,32772
32808,9060,32699
32824,9046,32775
32860,9044,32711
32833,9042,32805
32737,9062,32682
32520,9067,32815
32216,9079,32485
31860,9107,32775
31552,9130,32647
31352,9146,32791
31100,9067,32639
30882,9055,32696
30697,9065,32571
30668,9049,32511
31086,9092,32725
32040,9132,32596
33556,9135,32589
35453,9070,32345
37772,9073,32692
40508,9093,32577
43592,9107,32540
46884,9080,32510
49908,9094,32360
52200,9119,32532
52836,9157,32224
51772,9073,32473
50076,9094,32209
48160,9104,32623
46048,9113,32470
43608,9116,32597
41264,9107,32327
39008,9084,32400
36944,9067,32519
35324,9060,32482
34220,9065,32528
33540,9076,32468
32968,9108,32546
32496,9117,32461
32204,9113,32506
32026,9099,32361
31794,9102,32372
31573,9101,32359
31397,9095,32354
31173,9116,32345
30932,9042,32391
30680,9053,32236
30500,9063,32357
30332,9084,32330
30202,9091,32404
30104,9090,32519
30004,9090,32400
29961,9092,32442
29948,9102,32383
29932,9041,32424
29961,9036,32375
30028,9049,32447
30084,9063,32375
30119,9085,32363
30132,9143,32421
30113,9080,32364
30164,9077,32505
30218,9073,32375
30268,9069,32441
30292,9099,32335
30310,9039,32289
30340,9049,32251
30376,9060,32263
30448,9077,32244
30496,9095,32311
30552,9099,32284
30560,9093,32207
30576,9099,32333
30560,9091,32209
30587,9097,32442
30596,9036,32431
30660,9044,32576
30724,9061,32455
30784,9100,32494
30824,9099,32430
30860,9159,32167
30888,9071,32502
30916,9083,32432
30937,9057,32359
30957,9077,32576
30944,9088,32500
30940,9096,32615
30984,9151,32511
31016,9063,32530
31040,9088,32371
31050,9103,32223
31052,9104,32628
31096,9103,32501
31100,9044,32637
31180,9035,32493
31192,9047,32437
31228,9063,32543
31264,9099,32507
31276,9069,32653
31269,9153,32343
31264,9071,32647
31248,9064,32487
31264,9051,32535
31289,9040,32447
31296,9031,32404
31354,9036,32276
31384,9066,32356
31384,9071,32114
31444,9088,32245
31464,9094,32404
31488,9087,32349
31476,9083,32452
31492,9103,32303
31515,9094,32391
31536,9080,32153
31577,9044,32229
31537,9063,32285
31584,9076,31847
31608,9078,32065
31632,9084,31797
31721,9110,32181
31720,9127,32007
31732,9148,31884
31737,9045,31807
31820,9032,31700
31821,9033,31744
31909,9036,31623
31956,9077,31917
31968,9083,31728
31960,9114,31665
31980,9122,31517
32040,9108,31525
31980,9080,31543
32080,9059,31550
32207,9060,31478
32193,9055,31509
32192,9075,31375
32184,9108,31293
32220,9143,31180
32240,9076,31201
32172,9079,31207
32324,9070,31177
32340,9065,31175
32324,9046,31207
32360,9035,31079
32380,9033,31021
32389,9044,30861
32364,9061,30893
32416,9069,30932
32420,9079,30825
32408,9101,30808
32376,9100,30745
32412,9071,30713
32348,9071,30653
32376,9077,30598
32420,9093,30588
32396,9046,30473
32308,9085,30534
32264,9092,30498
32294,9124,30580
32226,9225,30437
32214,9074,30497
32173,9067,30368
32169,9050,30257
32132,9042,30237
32146,9040,30279
32089,9052,30383
32160,9056,30237
32180,9079,30212
32156,9122,30223
32198,9081,30151
32232,9082,30189
32288,9077,29972
32348,9121,30092
32325,9031,29964
32268,9060,30143
32373,9087,29981
32398,9165,29737
32364,9073,29991
32496,9086,29820
32512,9106,29812
32520,9109,29804
32573,9098,29728
32608,9059,29796
32636,9049,29559
32628,9065,29923
32632,9087,29759
32640,9185,29645
32660,9058,29633
32689,9070,29463
32700,9067,29535
32736,9064,29480
32716,9076,29769
32720,9075,29507
32726,9086,29607
32748,9158,29624
32792,9027,29565
32800,9047,29455
32796,9078,29535
32809,9095,29530
32848,9125,29499
32809,9051,29443
32725,9041,29413
32768,9033,29397
32737,9046,29179
32724,9055,29428
32764,9025,29404
32772,9046,29285
32812,9079,29504
32788,9057,29350
32852,9074,29255
32865,9083,29488
32877,9033,29229
32900,9023,29255
32852,9027,29215
32913,9029,29094
32912,9071,29433
32936,9128,29328
32949,9042,29382
32960,9051,29326
32960,9068,29307
32972,9084,29316
33014,9094,29272
32992,9023,29262
33024,9005,29223
33006,9010,29159
33036,9047,29111
33056,9066,29300
33044,9043,29308
33048,9068,29284
33068,9060,29266
33044,9073,29259
33024,9103,29119
33020,9020,29132
33093,9016,29294
33096,9044,29231
33104,9009,29132
33120,9038,29330
33152,9098,29211
33144,9047,29260
33121,9046,29172
33112,9055,29122
33161,9048,29132
33140,9080,29003
33140,9000,29266
33140,9029,29142
33072,9039,29139
33028,9088,29111
33053,9036,29009
33036,9054,28975
33020,9093,28844
33032,9042,29153
33044,9031,29055
33056,9037,28965
33040,9015,29023
32992,9041,28943
32999,9069,28961
33024,9113,28917
33000,9037,29015
33024,9047,28978
33056,9077,28935
33044,9091,28891
33012,9028,29036
33032,9020,28997
33080,9023,29013
33061,9030,28981
33048,9044,28992
33033,9065,29000
32972,9101,29029
32972,9047,28990
33072,9046,28930
33080,9051,29003
32994,9035,29029
33037,9054,28974
33016,9099,28909
33000,8996,28878
33060,9004,28881
33036,9049,28894
33104,9045,28942
33112,9057,28976
33100,9063,28941
33060,9075,29038
33116,9077,29100
33148,9060,29076
33144,9071,29223
33120,8991,29076
33092,9000,29034
33096,9042,28981
33092,9037,29028
33052,9075,29066
33100,9097,29046
33140,9027,29207
33128,9021,29164
33096,9019,29226
33048,9037,29186
33108,9060,29087
33084,9006,29349
33112,9018,29177
33052,9046,29084
33084,9094,29401
33106,9028,29253
33064,9049,29100
33080,9055,29434
33024,9124,29297
33128,9130,29239
33084,8984,29228
33081,8995,29293
33072,9003,29255
33049,9037,29408
33065,9056,29543
33086,9053,29319
33092,9093,29212
33064,9010,29584
33068,8997,29479
33072,8980,29599
33048,9009,29418
33032,9007,29300
33020,9023,29677
33008,9056,29564
33088,9025,29346
33125,9031,29712
33084,9042,29610
33081,9020,29722
33100,9047,29523
33052,8981,29628
33088,8978,29793
33132,8996,29676
33104,9007,29746
33137,9042,29692
33088,9068,29693
33108,9049,29466
33100,9013,29527
33176,9006,29621
33096,9006,29545
33134,9012,29762
33132,8994,29756
33078,9009,29894
33065,9026,29789
33116,9053,29881
33053,9082,29757
33109,9025,29711
33144,9023,29852
33084,9029,29575
33090,9010,29732
33036,9004,29646
33040,8996,29719
33028,9010,29774
33080,9057,29887
33094,9101,29637
33104,9015,30033
33120,9037,29879
33076,9027,29812
33077,9037,30007
33068,9050,29924
33097,8975,29884
33036,8982,29861
33060,8997,29957
33080,9075,29935
33084,9005,29981
33088,9037,29925
33036,9052,29955
32928,9077,29974
33072,8995,30098
33132,8990,30008
33084,8999,29871
32972,9023,29985
33062,9039,29764
33093,8986,30073
33088,9001,30000
33124,9021,29937
33136,9043,29912
33133,9070,29799
33113,8994,29935
33090,8981,29959
33092,8962,29959
33077,8961,29957
33084,8971,29916
33116,8996,29831
33101,9017,29930
33077,9021,29929
33056,9021,30039
33088,9029,30095
33160,9027,30093
33124,9025,30205
33100,9048,30101
33124,9027,30215
33049,9071,29949
33022,8978,30247
33038,8994,30127
33004,9013,30064
33000,9037,29989
32972,9140,30132
32960,8985,30109
32916,9001,30018
32904,8971,30047
32869,8981,30001
32830,9012,30045
32873,9039,30086
32836,8984,30140
32856,8998,30193
32812,8996,29933
32832,8991,30087
32852,8975,30195
32889,8965,30160
32904,8958,30203
32871,8981,30125
32916,8994,29910
32956,9087,30215
33016,8977,30125
33064,9009,29887
33101,9044,30282
33152,8983,30112
33194,9005,30036
33205,8985,30262
33185,9010,30156
33210,8946,30130
33184,8949,30059
33188,8961,30054
33216,8985,29998
33200,8997,30138
33216,9051,30172
33226,8983,30084
33142,8970,30044
33113,8959,30260
33112,8974,30095
33156,8959,29935
33154,8966,30145
33120,8991,30113
33101,9003,30180
33112,9039,30127
33108,8987,30137
33104,8974,29996
33108,8991,30007
33068,8970,30264
33120,8964,30145
33125,8996,30109
33116,9049,30092
33124,9071,30192
33092,8969,30158
33068,8975,30276
33112,8977,30172
33054,8974,30094
33093,8975,30194
33100,8978,30177
33076,8996,30277
33064,8933,30201
33032,8932,30212
32878,8950,30181
32573,8976,30013
32276,9022,30321
31982,8973,30207
31716,8965,30156
31509,8948,30188
31224,8943,30138
31036,8949,30138
30810,8941,30064
30932,8962,30351
31560,8999,30255
32596,8951,30160
34216,8990,30359
36264,8990,30252
38801,9026,30383
41760,8948,30252
44961,8971,30129
48368,8991,30364
51516,9032,30219
53924,8934,30156
54588,8951,30404
53676,8993,30244
51936,9015,30183
49824,9041,30335
47156,9020,30292
44156,9051,30300
41328,8965,30189
38880,8959,30130
36760,8978,30352
35084,8958,30309
34032,8976,30343
33436,9022,30189
32961,8969,30178
32612,8978,30306
32368,8994,30205
32120,8983,30340
31892,8998,30270
31664,8925,30297
31392,8933,30355
31060,8934,30290
30822,8986,30509
30612,8945,30380
30408,8957,30185
30244,8981,30452
30080,9004,30400
30001,8934,30321
29940,8921,30348
29888,8939,30432
29892,8940,30393
29912,8964,30423
29940,8924,30356
29980,8959,30565
30028,8977,30493
29956,9012,30495
30030,8936,30421
30092,8939,30260
30109,8928,30661
30137,8943,30513
30176,8958,30452
30241,8903,30672
30285,8917,30548
30276,8950,30324
30304,8997,30695
30320,8999,30568
30312,8934,30481
30344,8948,30463
30428,8916,30616
30416,8922,30599
30428,8909,30469
30448,8947,30697
30532,8998,30621
30616,8925,30517
30649,8947,30660
30712,8983,30628
30740,8933,30602
30762,8916,30534
30788,8932,30455
30776,8911,30724
30804,8954,30581
30785,8892,30512
30808,8905,30468
30820,8917,30444
30816,8945,30527
30820,8941,30572
30892,8959,30677
30881,8960,30549
30892,8897,30453
30984,8912,30661
31056,8911,30479
31064,8883,30498
31060,8906,30447
31048,8927,30516
31068,8980,30452
31089,8921,30198
31070,8919,30457
31077,8940,30468
31104,8885,30378
31101,8879,30117
31120,8892,30372
31172,8928,30260
31181,8892,30303
31184,8899,30258
31168,8935,30391
31208,8953,30181
31285,9017,29993
31324,8900,30084
31337,8895,30271
31372,8914,30109
31369,8865,29871
31380,8903,30098
31335,8928,29875
31324,8899,29964
31340,8935,29831
31336,8945,29919
31312,8909,29823
31306,8901,29703
31376,8890,29779
31432,8896,29703
31432,8925,29798
31456,8873,29532
31505,8906,29327
31576,8950,29567
31632,8911,29441
31680,8929,29271
31688,8928,29480
31696,8913,29311
31648,8937,29337
31674,9008,29199
31708,8869,28983
31720,8899,29172
31789,8951,29011
31848,8901,28913
31876,8933,29076
31832,8967,28905
31860,8986,28797
31844,8900,28733
31797,8897,28549
31776,8937,28778
31818,8869,28714
31836,8891,28537
31885,8947,28383
31916,8900,28588
31920,8919,28475
31920,8935,28325
31964,8926,28549
31932,8937,28437
31880,8955,28380
31864,8878,28359
31884,8870,28263
31893,8883,28245
31902,8918,28286
31964,8926,28413
31964,8993,28238
31981,8912,28028
31978,8905,28287
31936,8914,28203
31837,8900,28178
31745,8901,28167
31724,8869,27961
31696,8868,28228
31646,8910,28161
31640,8930,28032
31621,8968,28263
31624,8908,28127
31688,8912,27977
31732,8923,28219
31764,8930,28115
31778,8863,28023
31742,8883,27997
31664,8875,28027
31628,8927,28050
31728,9005,27889
31797,8898,28167
31832,8915,28079
31873,8903,28183
31934,8914,28084
31988,8932,28213
31984,8851,28066
31992,8843,28199
32006,8880,28071
32068,8872,28188
32040,8909,28087
32056,8956,28040
32132,8887,27988
32208,8878,27849
32212,8879,28197
32264,8866,28053
32273,8873,27957
32252,8972,28052
32192,8842,27865
32104,8845,28185
32132,8858,28027
32156,8865,28135
32184,8869,28026
32192,8884,28134
32180,8872,27996
32165,8857,28068
32168,8853,27989
32212,8828,27847
32220,8828,27841
32232,8845,27876
32240,8876,27807
32244,8906,27839
32264,8939,27700
32284,8847,27993
32277,8833,27855
32284,8825,27956
32332,8823,27812
32356,8836,27948
32340,8834,27791
32369,8867,27837
32393,8893,27780
32397,8998,27885
32448,8848,27535
32453,8844,27718
32472,8836,27575
32444,8835,27860
32448,8818,27516
32480,8820,27607
32524,8829,27628
32530,8830,27723
32556,8860,27665
32564,8898,27731
32576,8906,27839
32544,8903,27759
32512,8881,27868
32557,8881,27537
32608,8885,27629
32644,8801,27618
32652,8805,27911
32656,8822,27796
32676,8844,27924
32676,8863,27830
32673,8876,27815
32701,8866,27827
32712,8888,27746
32725,8933,27733
32780,8804,27865
32789,8803,28006
32808,8805,27649
32804,8820,27773
32804,8833,27844
32785,8850,27909
32856,8861,27961
32916,8862,27967
32904,8861,28015
32885,8837,28004
32901,8832,27936
32897,8882,27895
32924,8803,27838
32925,8820,28173
32952,8844,28081
32996,8857,28100
32964,8865,28106
32932,8876,28039
32940,8865,28108
32953,8837,28096
32972,8851,28065
32956,8844,28134
32909,8907,28231
32884,8925,28057
32856,8900,28187
32844,8898,28230
32836,8907,28255
32821,8915,28136
32876,8823,28543
32932,8807,28432
33022,8802,28577
33044,8796,28250
33016,8799,28633
33031,8807,28373
32996,8819,28524
32952,8833,28514
32956,8839,28644
32960,8830,28755
32948,8820,28690
32932,8809,28773
32890,8794,28594
32916,8799,28909
32980,8823,28862
32988,8828,28820
33001,8849,28900
33012,8876,28971
33008,8937,28906
33040,8829,28943
33045,8818,29063
33048,8807,29250
32996,8790,29177
32968,8787,29255
32960,8793,29250
32936,8802,29318
32956,8813,29261
32972,8823,29343
33008,8830,29365
33026,8842,29380
33020,8843,29501
33012,8820,29541
33024,8807,29575
33012,8807,29604
32996,8814,29671
32972,8842,29768
32992,8863,29831
33012,8860,29914
33048,8875,29943
33076,8884,29999
33100,8869,30034
33068,8863,30087
33052,8847,30188
33044,8847,30215
33028,8880,30230
33024,8800,30260
33028,8817,30405
33002,8825,30445
32992,8828,30581
33016,8827,30566
32996,8912,30651
33008,8914,30421
33020,8783,30865
33030,8785,30780
33000,8794,30969
32924,8803,30658
32980,8826,30995
32973,8831,30756
32964,8838,30943
33024,8862,30892
33048,8845,31076
33040,8821,31182
33020,8807,31319
33020,8802,31519
33020,8803,31233
33016,8808,31375
33020,8831,31343
33024,8860,31527
33036,8869,31553
33033,8881,31668
33050,8811,31540
33036,8793,31935
33064,8781,31935
33085,8781,32106
33132,8811,32045
33129,8810,32027
33106,8837,32060
33084,8884,32131
33108,8823,32428
33114,8822,32292
33088,8822,32369
33065,8821,32365
33068,8789,32489
33081,8796,32609
33067,8791,32814
33044,8794,32447
33038,8807,32912
33040,8833,32873
33038,8849,33080
33056,8826,33005
33060,8826,33132
33044,8811,33047
33060,8814,33133
33100,8826,33221
33126,8822,33295
33093,8841,33462
33060,8852,33397
33060,8839,33336
33088,8845,33451
33104,8828,33595
33085,8816,33632
33080,8815,33689
33106,8831,33892
33144,8843,33813
33108,8779,33911
33108,8791,33821
33112,8801,33907
33124,8815,34045
33100,8817,34055
33128,8813,34127
33156,8805,34104
33132,8815,34127
33137,8808,34191
33156,8804,34329
33184,8836,34207
33192,8791,34105
33141,8801,34565
33076,8820,34471
33081,8823,34637
33113,8820,34553
33132,8814,34685
33101,8820,34599
33080,8797,34702
33080,8773,34684
33140,8775,34850
33120,8784,34404
33144,8800,34631
33148,8818,34796
33140,8917,34834
33097,8901,34972
33032,8809,34868
33032,8794,34864
33056,8778,34671
33052,8775,34805
33040,8783,34847
33026,8792,34856
33012,8804,34925
32972,8823,34967
32956,8839,34996
32948,8845,35044
32948,8828,35223
32936,8805,34738
32919,8794,34983
32900,8786,35181
32921,8804,35141
32938,8825,35275
32944,8827,34948
33017,8845,35030
33104,8850,35109
33164,8873,35084
33168,8920,35143
33180,8782,35077
33172,8769,35020
33176,8766,35095
33176,8769,35177
33140,8781,35223
33164,8809,35249
33132,8841,35228
33116,8823,35264
33104,8823,35268
33076,8811,35423
33044,8797,35295
33060,8793,35191
33058,8780,35389
33056,8768,35061
33098,8873,35322
33120,8898,35463
33096,8802,35373
33072,8810,35366
33057,8864,35381
33053,8857,35360
33061,8835,35237
33060,8805,35365
33074,8793,35396
33024,8805,35525
33060,8827,35401
33072,8901,35380
33052,8802,35253
33060,8805,35375
33040,8807,35381
33068,8794,35476
33064,8789,35423
33052,8788,35553
32984,8778,35197
32840,8774,35281
32588,8772,35479
32276,8848,35207
31984,8940,35329
31716,8799,35319
31508,8823,35532
31228,8820,35388
30983,8807,35433
30744,8793,35186
30656,8778,35351
31028,8796,35225
31989,8810,35269
33528,8829,35365
35412,8829,35414
37736,8844,35515
40480,8847,35399
43560,8866,35549
46772,8853,35417
49528,8762,35516
51365,8771,35060
51300,8775,35290
49888,8805,35383
48004,8845,35437
46068,8845,35447
44064,8866,35129
42044,8844,35479
40180,8857,35459
38204,8864,35607
36404,8784,35482
35148,8771,35564
34404,8770,35511
33901,8779,35509
33424,8800,35399
32932,8827,35476
32586,8824,35511
32366,8803,35599
32160,8797,35600
31988,8789,35734
31824,8782,35650
31592,8764,35700
31332,8784,35671
31144,8769,35785
30952,8775,35602
30772,8789,35687
30616,8793,35765
30496,8791,35741
30380,8782,35757
30300,8766,35581
30272,8758,35732
30249,8747,35419
30236,8750,35737
30244,8767,35727
30256,8847,35778
30304,8837,35945
30300,8855,35857
30351,8891,36017
30388,8776,35871
30388,8764,35999
30416,8750,35944
30448,8749,36086
30477,8750,35997
30524,8787,35951
30572,8796,35887
30608,8810,35908
30612,8814,35934
30656,8822,35932
30684,8801,35980
30676,8773,36173
30672,8758,36125
30720,8746,36238
30768,8759,36174
30824,8765,36249
30858,8779,36244
30900,8785,36359
30932,8858,36322
30956,8853,36479
30965,8856,36399
30964,8771,36487
31020,8764,36463
31048,8820,36441
31048,8832,36136
31052,8769,36683
31092,8781,36559
31120,8793,36535
31132,8799,36493
31156,8797,36585
31184,8788,36614
31204,8797,36656
31192,8788,36679
31206,8767,36757
31232,8791,36676
31268,8783,36683
31296,8805,36692
31328,8817,36708
31352,8795,36773
31368,8797,36836
31390,8786,36402
31388,8791,36925
31380,8803,36695
31392,8814,36525
31384,8859,36769
31377,8771,36397
31368,8923,36676
31408,8870,36794
31404,8855,36750
31440,8930,36835
31488,8787,36721
31537,8778,36596
31564,8829,36698
31584,8805,36265
31608,8788,36580
31592,8791,36743
31620,8794,36501
31654,8804,36555
31706,8816,36542
31685,8798,36450
31681,8786,36455
31712,8769,36396
31724,8851,36343
31752,8849,36289
31768,8759,36267
31812,8769,36172
31828,8781,36167
31832,8796,36042
31849,8801,36073
31884,8798,35988
31916,8815,35869
31940,8788,36061
31982,8776,35965
32032,8772,36053
32064,8774,35522
32050,8789,35871
32052,8825,35766
32060,8836,35841
32124,8855,35636
32160,8848,35559
32148,8837,35511
32161,8823,35484
32144,8802,35539
32124,8801,35420
32108,8817,35463
32136,8835,35292
32160,8855,35282
32208,8789,35219
32236,8805,35293
32236,8803,35089
32240,8796,35156
32236,8783,34684
32200,8767,34916
32233,8761,35051
32236,8763,34819
32228,8773,34776
32204,8788,34685
32190,8799,34687
32148,8879,34796
32066,8859,34346
32032,8854,34572
31980,8838,34473
31932,8808,34492
31888,8796,34463
31873,8778,34341
31876,8780,34367
31832,8786,34341
31784,8802,34209
31786,8813,34209
31836,8885,34288
31840,8876,33850
31812,8871,33983
31820,8857,33974
31808,8813,33991
31825,8803,34069
31868,8829,33940
31868,8833,34031
31916,8820,33848
31936,8825,33695
31968,8838,33717
32008,8807,33628
32044,8797,33619
32057,8785,33527
32093,8782,33455
32116,8805,33607
32144,8839,33537
32180,8854,33511
32176,8857,33439
32156,8866,33500
32141,8866,33343
32168,8797,33414
32212,8783,32935
32180,8859,33125
32172,8812,33212
32182,8811,33111
32164,8813,33084
32182,8903,33020
32190,8797,32999
32220,8806,32900
32236,8828,32997
32265,8809,32812
32280,8811,32887
32268,8804,32677
32252,8806,32692
32268,8820,32431
32282,8831,32442
32322,8850,32260
32388,8857,32345
32400,8846,32391
32412,8844,32350
32373,8839,32253
32340,8840,32321
32332,8767,32261
32380,8757,32348
32414,8758,32159
32461,8838,31980
32516,8844,32060
32524,8843,32017
32520,8835,32105
32484,8828,31933
32480,8807,31861
32456,8804,31879
32468,8807,31832
32516,8813,31892
32544,8801,31588
32525,8798,31668
32480,8824,31585
32504,8836,31589
32564,8839,31593
32593,8830,31527
32580,8814,31527
32604,8799,31329
32616,8788,31255
32636,8789,31170
32661,8789,31178
32668,8800,31093
32678,8818,31101
32672,8825,31073
32662,8842,31019
32613,8847,30961
32577,8847,30875
32593,8804,30929
32605,8804,30889
32620,8801,30800
32668,8788,30809
32728,8807,30916
32772,8792,30630
32789,8805,30667
32800,8807,30660
32798,8805,30621
32800,8797,30620
32776,8783,30543
32721,8773,30564
32704,8765,30455
32736,8764,30488
32757,8775,30389
32740,8795,30444
32713,8814,30311
32700,8804,30353
32752,8804,30009
32748,8803,30089
32704,8783,30026
32620,8789,30144
32608,8782,30088
32656,8788,30183
32702,8811,30033
32736,8847,30021
32724,8796,29926
32746,8804,29836
32788,8804,29856
32748,8791,29768
32711,8790,29803
32688,8769,29678
32720,8763,29876
32756,8777,29735
32776,8781,29464
32756,8828,29816
32700,8833,29647
32592,8837,29668
32580,8837,29549
32608,8818,29487
32672,8825,29505
32716,8813,29483
32749,8830,29482
32760,8811,29431
32697,8800,29374
32680,8813,29271
32644,8813,29239
32648,8821,29229
32705,8836,29247
32725,8821,29170
32789,8815,29110
32805,8800,29066
32800,8798,29140
32756,8772,29095
32704,8773,29116
32677,8789,29153
32685,8805,29104
32736,8809,29008
32732,8804,29063
32684,8804,28963
32684,8789,29003
32684,8788,28923
32657,8775,28974
32636,8800,28764
32648,8779,28863
32648,8788,28797
32640,8804,28990
32668,8809,28745
32736,8946,28829
32812,8873,28839
32788,8920,28866
32784,8849,28749
32780,8837,28925
32781,8859,28901
32776,8857,28991
32780,8850,28908
32740,8829,29037
32728,8823,28884
32720,8838,28926
32696,8821,28892
32700,8789,28964
32708,8775,28837
32764,8765,28783
32752,8826,28801
32781,8831,28711
32800,8851,28997
32832,8860,28895
32864,8830,28967
32885,8838,28905
32897,8819,28896
32832,8785,28868
32800,8772,28818
32760,8863,28940
32720,8832,28676
32712,8839,29076
32753,8846,28951
32808,8837,29009
32809,8823,28967
32801,8833,29036
32804,8831,28935
32758,8802,28800
32724,8805,29081
32669,8787,28995
32664,8797,28925
32664,8788,29066
32728,8806,29060
32820,8809,29025
32866,8815,28967
32864,8812,28996
32864,8796,29005
32840,8791,29007
32868,8853,29105
32904,8825,28932
32912,8791,29041
32906,8790,29109
32892,8792,29140
32836,8803,29132
32817,8815,29119
32830,8874,29170
32800,8841,29205
32784,8809,29209
32820,8803,29305
32876,8787,29386
32919,8795,29383
32974,8779,29500
32952,8789,29431
32928,8804,29472
32877,8808,29453
32796,8816,29388
32784,8804,29490
32824,8792,29477
32848,8850,29509
32840,8831,29475
32836,8801,29570
32888,8799,29703
32916,8793,29634
32938,8806,29795
32896,8819,29669
32872,8896,29605
32852,8874,29594
32836,8854,29623
32848,8803,29732
32944,8790,29685
33001,8793,29669
32976,8791,29577
32968,8798,29702
32948,8806,29766
32944,8820,29836
32862,8826,29792
32897,8814,29859
32948,8800,29737
32916,8930,29867
32845,8783,29793
32760,8845,29883
32728,8849,29831
32702,8846,29898
32692,8859,29781
32692,8877,30150
32718,8873,29810
32700,8841,29980
32692,8820,29849
32632,8815,30103
32607,8805,30004
32558,8812,29940
32544,8817,30009
32572,8871,29901
32636,8886,30301
32736,8951,30117
32865,8915,30008
32932,8885,30206
32968,8873,30220
32960,8849,30183
32960,8847,30238
32972,8843,30251
33000,8860,30254
33048,8855,30202
33076,8856,30173
33062,8860,30241
33081,8837,30235
33056,8820,30244
33068,8885,30307
33076,8804,30262
33024,8790,30329
32964,8784,30305
32909,8795,30343
32900,8811,30343
32952,8823,30264
32988,8839,30527
33000,8857,30384
33017,8855,30309
32976,8843,30274
32884,8805,30324
32869,8788,30394
32904,8788,30215
32912,8798,30567
32964,8884,30205
32988,8880,30461
32976,8876,30319
32992,8889,30639
32984,8872,30366
32976,8853,30470
32992,8837,30439
32976,8806,30489
32928,8802,30520
32916,8817,30580
32860,8837,30652
32724,8840,30595
32512,8867,30629
32269,8836,30530
32008,8830,30642
31764,8874,30641
31576,8861,30655
31260,8833,30692
31024,8806,30698
30830,8809,30689
30816,8817,30813
31236,8885,30543
32204,8857,30716
33685,8859,30756
35576,8854,30690
37936,8860,30786
40684,8815,30765
43684,8803,30705
46768,8892,30697
49420,8896,30766
51048,8905,30785
50920,8905,30845
49508,8902,31004
47628,8919,30639
45740,8881,30955
43908,8864,30940
42020,8849,31052
40332,8834,31001
38572,8831,31057
36836,8838,31043
35584,8849,31004
34919,8923,31072
34384,8884,31239
33800,8874,31184
33202,8873,31132
32704,8863,31336
32456,8839,31272
32272,8828,31380
32104,8841,31301
31952,8846,31119
31768,8848,31413
31544,8844,31298
31340,8851,31352
31144,8849,31440
30992,8845,31482
30844,8877,31591
30721,8837,31614
30584,8841,31774
30552,8838,31697
30526,8823,31823
30532,8843,31717
30548,8845,31907
30628,8851,31796
30676,8852,31744
30676,8866,32004
30684,8855,31878
30692,8841,31839
30720,8833,31981
30780,8811,31775
30856,8837,32143
30892,8842,32070
30904,8847,32108
30932,8845,32178
30976,8915,32350
30969,8899,32287
31012,8889,32455
31064,8873,32083
31100,8844,32391
31121,8839,32206
31097,8846,32637
31084,8856,32244
31124,8839,32453
31142,8940,32608
31172,8897,32687
31204,8866,32865
31232,8838,32678
31264,8820,32768
31292,8821,32799
31345,8813,32879
31361,8817,33026
31404,8832,33038
31452,8843,33159
31469,8987,33124
31492,8855,33303
31489,8847,33209
31524,8838,33393
31576,8826,33278
31614,8818,33474
31660,8905,33371
31713,8887,33523
31742,8894,33451
31788,8904,33497
31788,8921,33493
31780,8905,33575
31805,8879,33309
31853,8839,33563
31868,8826,33581
31872,8822,33625
31892,8821,33612
31920,8827,33663
31920,8839,33689
31938,8849,33746
31968,8862,33742
32004,8865,33786
32054,8867,33767
32069,8858,33748
32104,8836,33849
32111,8827,33844
32132,8897,33845
32144,8867,33764
32150,8869,33863
32136,8888,33831
32149,8883,33852
32104,8900,33997
32116,8917,33854
32160,8856,33862
32172,8840,33815
32168,8833,33910
32220,8830,33812
32236,8842,33820
32300,8852,33811
32332,8897,33648
32334,8900,33887
32352,8903,33761
32376,8933,33712
32364,8916,33582
32345,8850,33700
32397,8837,33791
32412,8975,33658
32440,8846,33762
32466,8855,33596
32540,8869,33543
32561,8881,33631
32572,8887,33293
32616,8892,33543
32664,8871,33295
32644,8863,33525
32557,8843,33311
32492,8852,33445
32526,8873,33423
32552,8868,33257
32576,8901,33226
32621,8897,33220
32660,8901,33268
32736,8889,33251
32820,8881,33269
32860,8852,33303
32845,8845,33382
32808,8843,32945
32746,8849,33240
32660,8867,32935
32640,8953,33061
32604,8956,32943
32524,8943,33039
32472,8926,33063
32408,8924,33273
32350,8997,33157
32285,8989,33255
32232,8924,33120
32176,8915,33104
32170,8913,32939
32132,8908,32966
32096,8907,33063
32092,8913,33084
32076,8887,33087
32060,8868,32975
32036,8857,32953
32032,8948,33007
32036,8887,33038
32048,8875,33037
32064,8882,32932
32072,8884,32955
32078,8887,32903
32120,8884,32829
32148,8877,32889
32172,8867,32804
32204,8914,32903
32264,8887,32917
32281,8860,33025
32296,8877,32572
32336,8859,32804
32365,8870,32919
32348,8932,32519
32360,8899,32746
32385,8887,32849
32384,8928,32623
32436,8890,32654
32500,8864,32636
32560,8856,32660
32608,8874,32391
32620,8876,32693
32588,8885,32585
32580,8905,32535
32621,8887,32502
32676,8876,32423
32650,8859,32399
32645,8854,32356
32644,8916,32284
32630,8837,32090
32598,8907,32377
32613,8893,32032
32684,8899,32179
32684,8876,32193
32664,8881,32217
32702,8948,32277
32716,8909,32231
32709,8863,32321
32743,8859,32196
32797,8844,32287
32836,8870,32165
32900,8885,32108
32958,8894,32084
32936,8885,32066
32900,8873,32087
32896,8944,32198
32900,8874,31988
32901,8871,32013
32940,8836,32073
32909,8838,32017
32912,8845,31988
32928,8926,31968
32972,8921,31974
32956,8900,31985
32965,8884,32006
32976,8871,31645
33004,8915,31820
33016,8863,31874
33006,8845,31878
32972,8835,31964
32989,8909,31827
32974,8906,31932
32965,8925,31777
32940,8939,31817
32916,8898,31485
32932,8901,31564
32904,8862,31582
32886,8847,31543
32888,8940,31606
32900,8879,31593
32936,8879,31529
32993,8879,31456
33021,8884,31427
33008,8893,31372
33036,8915,31395
33028,8909,31286
33008,8873,31175
32992,8877,31417
33008,8856,31070
33008,8839,31265
32988,8845,31327
33012,8894,31279
33024,8885,31381
33040,8898,31259
33016,8911,31148
32992,8905,31204
33032,8884,30935
33028,8864,31046
33048,8842,31084
33040,8835,31062
33012,8848,30877
32996,8861,31193
32980,8899,31024
32988,8901,31072
32976,8885,31205
32972,8884,31085
32910,8991,31199
32929,8915,31073
32948,8901,31189
32980,8857,30778
32988,8869,30975
32998,8865,30968
33016,8963,31044
33014,8951,31140
32994,8932,30934
33000,8913,31028
32996,8878,31145
33032,8865,30751
32985,8907,30885
32974,8863,30969
32956,8888,30959
32936,8886,30900
32956,8884,30961
33012,8888,31028
33016,8897,30988
33004,8947,30959
33021,8893,31034
32994,8862,30821
32992,8917,30991
32976,8897,31120
32940,8883,30708
32940,8869,30951
32912,8951,31124
32920,8919,30791
32940,8930,30972
32940,8910,31061
32928,8895,31012
32968,8869,31124
32988,8982,30727
32964,8887,30983
32957,8870,31147
32938,8871,30997
32956,8884,30885
32972,9044,31076
32941,8943,30763
32932,8927,30919
32912,8896,30975
32888,8899,30991
32872,8881,30959
32864,8876,30916
32864,8866,30784
32869,8871,31088
32873,8889,30965
32912,8964,30904
32928,8957,30964
32924,8948,30948
32936,8928,31068
32920,8900,31171
32952,8873,31065
32948,8875,31207
32929,8878,31081
32908,8869,31201
32892,8889,31072
32864,8897,31063
32828,8897,31052
32784,8888,31031
32776,8942,31071
32820,8907,31208
32844,8879,31087
32832,8865,31212
32848,8882,30791
32868,8868,30964
32885,8881,31135
32876,8979,31066
32888,8952,31036
32893,8938,30916
32893,8901,31012
32888,8896,31055
32840,8887,31073
32808,8888,31134
32820,8885,31077
32804,8871,31133
32816,8887,30783
32832,8900,31010
32861,8947,30991
32852,8922,31037
32884,8932,30976
32900,8900,31017
32892,8872,31000
32892,8872,30976
32876,8891,30954
32881,8875,31045
32872,8890,31133
32877,8901,31054
32904,8910,31172
32920,8967,30757
32873,8933,31020
32840,8903,30933
32836,8891,31017
32846,8868,31111
32836,8869,31013
32856,8877,31041
32836,8961,31024
32820,8935,31147
32856,8920,30749
32864,8918,30997
32826,8903,30815
32790,8872,30879
32801,8981,30913
32781,8922,30964
32756,8900,30988
32700,8900,30981
32680,8919,30929
32708,8932,30931
32724,8929,30889
32688,8945,30964
32636,8955,30983
32586,8938,31105
32560,8943,30965
32604,8968,31087
32640,8931,30963
32672,8925,31111
32700,8921,30690
32756,8924,30934
32788,8932,30880
32825,8919,30978
32845,8928,30932
32876,8898,31064
32844,8892,30911
32878,8898,30876
32896,8910,30854
32926,8907,30867
32960,8912,30911
33001,8928,30867
32992,8927,30826
32948,8918,30697
32936,8906,30953
32958,8895,30951
32976,8900,31081
33005,8900,30925
32956,8915,31103
32896,8947,30959
32871,8971,30949
32868,8947,30935
32894,8928,30920
32892,8927,30953
32908,8913,31061
32924,8887,30947
32908,8868,30967
32908,8865,30807
32900,8959,31004
32901,8943,30692
32920,8935,31029
32896,8931,30983
32884,8927,31078
32856,8923,30969
32864,8921,30907
32856,8894,30932
32860,8895,31011
32837,8875,31141
32805,8899,31003
32817,8885,31111
32802,8897,31032
32740,8909,31080
32564,8904,31013
32268,8902,30949
31952,8892,30948
31621,8876,30948
31388,8868,31142
31192,8998,31047
30932,8872,31073
30733,8879,30962
30623,8895,30911
30846,8907,30993
31656,8911,30926
32996,8901,31071
34768,8896,30946
36920,8881,31238
39536,8868,31129
42597,8873,31052
45894,8910,31140
49140,8911,31175
51844,8942,31150
53352,8997,31132
52973,9024,30951
51468,9125,31308
49500,8934,31174
47428,8916,31020
45104,8914,31303
42652,8908,31273
40308,8925,31348
38072,8925,31299
36184,8935,31220
34768,8938,31253
33940,8935,31316
33340,8927,31305
32704,8926,31463
32248,8915,31420
31992,8911,31359
31838,8900,31535
31680,8901,31599
31552,8932,31556
31364,8947,31531
31088,8939,31735
30820,8975,31607
30592,8980,31412
30388,8978,31815
30200,8900,31672
30017,8897,31760
29845,8903,31695
29773,8917,31927
29796,8927,31815
29824,8941,31764
29852,8943,31909
29877,8931,31617
29924,8924,31924
29965,8909,31715
30008,8899,32127
30033,8953,31773
30041,8939,32175
30100,8939,32087
30172,8955,32196
30225,8960,32149
30230,8945,32276
30276,8957,32212
30335,8954,32189
30356,8918,32293
30384,8905,32335
30388,8910,32276
30412,8895,32345
30452,8894,32388
30468,8904,32442
30540,8918,32421
30608,8927,32468
30604,8937,32668
30644,8932,32663
30676,8921,32731
30656,8984,32671
30677,8949,32678
30688,8916,32753
30728,8913,32843
30748,8911,32992
30784,8924,32959
30824,8937,33120
30852,8998,32692
30907,8980,32915
30964,8953,32986
30954,8940,33095
30956,8915,33228
31001,8895,33151
30992,8970,33031
31008,8970,33108
30992,8965,33159
30985,8961,33169
30984,8972,33183
30972,8987,33165
31016,8985,33071
31162,8968,33140
31240,8948,33183
31284,8925,33197
31324,8929,33119
31296,8942,32877
31284,8948,33125
31277,8969,33063
31284,8960,33069
31300,8972,33085
31361,8957,33065
31416,8930,33152
31476,8917,33007
31495,8919,32953
31519,8935,32887
31525,8937,32596
31546,8965,32981
31508,8958,32775
31452,8959,32687
31440,8946,32637
31465,8939,32519
31497,8929,32495
31520,8999,32591
31544,8971,32469
31604,8981,32541
31628,8967,32172
31680,8974,32233
31708,8991,32005
31708,9010,32303
31712,9010,32097
31725,8993,32042
31742,8950,32036
31776,8937,32095
31764,8930,31892
31769,8933,31879
31792,8961,31727
31832,8956,31416
31878,8973,31716
31984,8993,31543
32030,8960,31461
32032,8953,31493
32052,8962,31270
32044,8932,31055
32056,8915,31173
32064,8924,31140
32064,8931,30977
32084,8939,30935
32092,8957,30927
32124,8973,30657
32154,8978,30855
32112,8949,30641
32100,8948,30631
32101,8934,30633
32124,8919,30497
32120,8925,30329
32084,8932,30412
32088,8954,30281
32100,8967,30149
32145,8969,30024
32176,8959,30001
32142,9050,29983
32098,8942,29985
32064,8928,29789
32016,8929,29902
32016,8943,29831
31988,8958,29729
31988,8973,29815
31988,8977,29614
31976,8969,29642
31924,8965,29486
31860,8951,29349
31856,8933,29375
31840,8929,29348
31924,8915,29255
31980,8917,29136
32000,8927,28951
32036,8943,29230
32108,8949,29047
32116,8954,29140
32142,9032,28966
32160,9061,28943
32164,8931,28836
32172,8915,28668
32200,8905,28793
32240,8908,28726
32280,8920,28601
32320,8932,28478
32364,9016,28476
32380,8996,28476
32386,8978,28372
32412,8975,28471
32404,8955,28376
32436,8938,28404
32456,8934,28276
32484,8959,28130
32500,8975,28060
32484,8930,28167
32480,8939,28087
32480,8981,28192
32493,8970,28004
32498,8982,27866
32512,8981,27868
32526,8959,27679
32538,8961,27957
32552,8964,27803
32576,8990,27655
32620,8994,27655
32616,8998,27544
32636,8988,27591
32644,9004,27460
32667,8999,27393
32662,8991,27373
32676,8967,27422
32672,9043,27433
32678,8900,27437
32712,8915,27313
32708,8928,27249
32672,8938,27253
32670,8941,27334
32696,8948,27074
32698,8944,26967
32712,8930,27281
32744,8944,27015
32772,8941,26920
32752,8952,27016
32768,8974,27038
32808,8967,26997
32824,8955,26869
32833,8985,26904
32836,8958,26828
32848,8955,26846
32856,8944,26727
32856,8935,26752
32868,8943,26598
32896,8949,26846
32916,8941,26537
32932,8963,26853
32940,8983,26709
32956,9001,26617
32957,8983,26663
32978,8986,26628
32997,8997,26476
33004,8918,26388
33017,8907,26474
33032,9047,26327
33038,8995,26487
33055,9002,26305
33072,8994,26369
33040,9005,26263
33028,9015,26564
33052,8979,26226
33029,8994,26516
33014,8992,26404
33036,8979,26365
33028,8991,26282
33044,8997,26215
33056,8946,26493
33068,8954,26365
33068,8961,26258
33056,8985,26526
33061,8973,26286
33020,8957,26212
33052,8953,26436
33072,8964,26285
33088,8928,26447
33097,8933,26333
33092,8956,26473
33116,8973,26461
33096,8989,26425
33056,9003,26319
33056,8971,26576
33014,8960,26337
33044,8950,26693
33048,8953,26580
33032,8982,26680
33004,9007,26593
33020,8955,26484
33013,8964,26779
33020,8971,26692
33060,8966,26723
33064,8957,26751
33048,8947,26814
33028,8947,26767
33042,8956,26661
33064,8960,26965
33104,9007,26779
33118,8954,26911
33136,8962,26935
33156,8972,26887
33144,9001,26997
33176,8995,26915
33157,9029,27189
33146,9078,27100
33140,8928,27023
33135,8931,27113
33120,8935,27029
33146,8953,27367
33112,8961,27285
33076,8969,27340
33076,8963,27366
33020,8958,27457
33068,8943,27416
33084,8930,27292
33076,8924,27663
33044,8924,27586
33024,8941,27655
33032,8955,27625
33024,8975,27606
33008,9004,27829
33022,8991,27847
33012,8973,27975
32972,8964,27924
33000,8949,27843
33008,8943,28203
33005,8958,28133
33032,8969,28318
33020,8953,28268
32965,8969,28423
33020,8977,28384
33048,8972,28440
33056,8963,28511
33076,9014,28690
33057,8997,28619
33045,8989,28815
33044,8995,28733
33044,9004,28757
33025,8959,28702
33018,8967,28668
33021,8981,29055
33036,8990,28986
33048,8978,28925
33068,8994,29236
33076,8993,29159
33096,8932,29112
33068,8933,29122
33064,8940,29198
33076,8959,29455
33108,8971,29401
33088,8984,29373
33080,8980,29397
33053,8963,29491
33048,8950,29575
33032,8939,29655
33053,8932,29652
33012,8937,29650
33016,8955,29900
33040,8978,29780
33000,9003,29860
33076,9049,29901
33072,8979,29940
33061,8965,30036
33040,8959,30084
33036,8972,30028
33028,8952,30038
33016,8969,30176
33012,8990,29977
32986,8991,30144
32976,8989,30248
32972,8997,30309
32968,8999,30332
32968,8989,30428
32921,8976,30556
32901,8965,30514
32929,8953,30663
32960,8961,30588
32980,8979,30721
32990,9025,30670
32984,9079,30676
32948,8989,30631
32920,8996,30562
32920,8995,30949
32860,9019,30853
32832,8950,30917
32828,8955,30838
32788,8966,30842
32740,8995,31118
32736,9008,31020
32696,9049,31046
32712,9111,30997
32700,8994,31151
32752,9011,31079
32784,9003,31045
32817,8979,31076
32853,8996,31239
32888,9012,31032
32932,9022,31325
32968,9047,31369
33004,9059,31529
33016,9071,31444
33021,9080,31519
33076,8991,31452
33037,8974,31445
33028,8968,31500
33016,8977,31608
33040,9014,31621
33096,9037,31585
33104,9043,31686
33096,9057,31716
33052,9059,31732
32992,9061,31762
32949,9023,31815
32908,9022,31846
32900,9029,31701
32925,8962,32061
32928,8952,31988
32928,8967,32119
32964,8982,32049
32960,8991,32164
32948,9001,32109
32914,8999,32263
32944,9005,32175
32958,8999,32221
32952,8991,32241
32936,9021,32103
32920,8964,32432
32897,9107,32045
32940,8981,32485
32940,8997,32431
32916,9015,32480
32950,9012,32447
32928,9011,32445
32920,9004,32422
32833,9001,32304
32704,9004,32626
32446,8995,32391
32106,9027,32743
31746,9050,32714
31456,9073,32812
31296,9090,32775
31052,9077,32845
30780,8999,32770
30580,8991,32775
30622,8967,32749
31144,8965,32796
32232,8967,32916
33872,8976,32701
35816,8989,33087
38304,9003,33015
41112,9012,33055
44269,9118,32994
47740,9148,32953
50909,9070,33047
53268,9091,33037
54020,8991,33189
53024,8995,33345
51396,9017,33238
49376,9052,33316
46916,9074,33281
44172,9072,33351
41520,9074,33327
39012,9056,33277
36820,9051,33415
35196,9025,33118
34092,9013,33351
33476,9017,33319
32956,9047,33401
32549,9010,33513
32286,9021,33571
32036,9163,33423
31854,9028,33453
31649,9014,33527
31424,9063,33527
31121,9050,33528
30844,9065,33699
30600,8977,33687
30388,8986,33836
30180,8997,33724
30052,9028,33663
29880,9035,33754
29852,9063,33772
29828,9069,33756
29782,9056,33761
29778,9032,33832
29828,9023,33772
29861,9031,33836
29876,8992,33821
29921,8999,33840
29965,9028,33945
30000,9050,33916
30058,9070,33869
30077,9079,33813
30080,9003,33654
30120,8985,34015
30144,8981,34009
30168,8981,34157
30173,8995,34055
30240,8998,34050
30296,9014,34005
30325,9020,33959
30377,9022,34081
30372,9013,34128
30446,8998,34114
30452,8988,33972
30432,8977,34273
30520,8979,34270
30558,8991,34460
30564,9003,34345
30598,9025,34372
30652,9053,34300
30690,9039,34325
30700,9026,34413
30741,9021,34462
30768,9009,34439
30816,9022,34413
30820,9013,34449
30848,9005,34551
30878,9039,34527
30892,9033,34580
30876,9051,34519
30892,9080,34236
30880,9021,34695
30892,9004,34544
30912,8997,34501
30933,9007,34735
30946,9017,34601
30997,9024,34567
31032,9034,34457
31052,9056,34277
31028,9077,34726
31092,9136,34577
31101,9021,34545
31104,9015,34540
31105,9010,34576
31152,9005,34663
31120,9018,34526
31122,9047,34379
31176,9115,34474
31224,9077,34431
31264,9121,34349
31248,9117,34223
31252,9118,34325
31258,9012,34405
31252,9000,34557
31272,8988,34373
31308,8993,34311
31276,9005,34221
31336,9015,34333
31328,9030,34292
31332,9037,34373
31392,9033,34252
31336,9035,34292
31372,9047,34149
31458,9017,34077
31492,9020,33980
31528,9041,33908
31524,9070,34133
31552,9015,34031
31557,9029,34091
31576,9040,33963
31628,9041,33956
31632,9057,33860
31636,9045,33569
31653,9076,33903
31690,8996,33627
31738,9013,33735
31756,9051,33624
31772,9067,33604
31792,9095,33526
31888,9047,33601
31870,9042,33189
31904,9047,33583
31920,9055,33427
31916,9030,33404
31944,9049,33223
31960,9153,33310
31989,9014,33402
32008,9033,33239
32064,9057,33223
32040,9105,33017
32037,9053,33108
32089,9074,33132
32120,9053,32963
32149,9080,32828
32136,9013,33099
32096,9031,32884
32060,9037,32647
32092,9084,33007
32084,9047,32758
32056,9059,32535
32036,9066,32901
31972,9056,32767
31896,9073,32639
31848,9078,32535
31836,9144,32432
31816,9008,32584
31844,9019,32404
31844,9156,32503
31844,9047,32456
31864,9046,32387
31889,9047,32390
31937,9045,32401
31969,9044,32360
31972,9015,32378
31968,9002,32428
31990,9021,32340
32024,9020,32367
32040,9061,32230
32044,9066,32165
32092,9098,32199
32120,9038,32215
32140,9052,32100
32165,9018,32199
32196,9006,32124
32228,9005,32096
32252,9023,31921
32270,9050,32041
32280,9071,32016
32308,9020,31872
32320,9031,31934
32356,9045,32064
32369,9022,31900
32344,9010,31921
32319,8993,31580
32308,9005,31887
32297,9004,31668
32320,9030,31511
32336,9062,31855
32348,9152,31692
32308,9026,31450
32316,9050,31684
32336,9035,31526
32319,9018,31480
32325,9031,31680
32324,9038,31456
32333,9061,31458
32356,8987,31456
32348,9007,31293
32320,9039,31119
32328,9041,31468
32348,9059,31299
32384,9084,31061
32364,8997,31234
32391,9019,31395
32412,9053,31233
32417,8989,31176
32400,9013,31003
32436,9070,31221
32444,9018,31063
32416,9023,30835
32448,9053,31145
32436,9049,30894
32432,9007,31015
32404,8998,30907
32433,9001,31061
32485,9005,30932
32532,9022,31033
32564,9054,30884
32596,9085,30833
32584,9031,30714
32612,9027,30556
32594,9018,30788
32580,9019,30751
32584,9020,30741
32600,8999,30437
32624,9020,30801
32636,9056,30651
32628,9003,30544
32646,9023,30660
32677,9039,30343
32680,9049,30668
32687,9035,30549
32640,9061,30428
32613,9074,30471
32588,8983,30467
32580,8989,30591
32584,9021,30444
32608,9025,30479
32644,9030,30414
32628,9053,30444
32529,9059,30388
32528,9097,30391
32551,9005,30351
32516,8993,30439
32496,9002,30183
32472,9002,30143
32508,9023,30460
32521,9069,30326
32524,9023,30315
32552,9027,30277
32540,9030,30211
32548,9049,30180
32540,9007,30349
32544,9010,30300
32564,9001,30200
32564,9025,30233
32512,9050,30012
32464,9135,30389
32399,9020,30016
32368,9039,30231
32414,9060,30004
32428,9046,30383
32452,9055,30243
32460,9057,30389
32420,8989,30243
32408,8993,30203
32413,9014,30095
32462,9029,30224
32472,9075,30379
32493,9094,30241
32516,9159,30279
32489,9023,30208
32468,9015,30137
32448,9001,30151
32424,9006,29964
32424,9015,30354
32432,9052,30228
32432,9147,30308
32401,9024,30188
32364,9057,30087
32312,9055,30135
32292,9086,30205
32276,9013,30228
32264,9009,30095
32265,9012,29979
32272,9058,30270
32264,8998,30185
32284,9025,30335
32292,9060,30182
32268,9059,30311
32256,9061,30214
32233,9068,30222
32270,9079,30161
32292,9006,30068
32249,8991,30125
32200,8996,30109
32206,9032,30267
32184,9036,30244
32208,9090,30197
32198,9037,30173
32200,9040,30009
32184,9055,30338
32144,9038,30286
32144,9060,30197
32177,9080,30411
32200,9109,30301
32180,9001,30464
32160,9015,30122
32148,9026,30212
32108,9035,30292
32112,9043,30242
32132,9061,30252
32212,9026,30384
32220,9033,30157
32220,9055,30548
32156,8998,30427
32152,9007,30575
32136,9028,30460
32140,9063,30574
32116,9125,30458
32112,9036,30492
32122,9050,30458
32132,9047,30398
32052,9046,30489
31996,9060,30561
31972,8994,30496
31952,9021,30479
31896,9033,30455
31917,9071,30406
31932,9035,30630
31952,9041,30526
31946,9067,30471
31968,9159,30471
31993,9012,30301
31972,9021,30643
31960,9052,30386
31944,9000,30685
31984,9009,30572
31972,9030,30667
31968,9043,30572
31958,9056,30644
31956,9092,30565
31900,9021,30525
31865,8999,30508
31852,9027,30516
31852,9013,30535
31856,9034,30581
31900,9066,30581
31896,9111,30575
31896,9031,30534
31921,9034,30635
31908,9035,30677
31904,9035,30477
31888,9059,30845
31856,9083,30710
31812,8996,30788
31840,9017,30764
31872,9029,30830
31844,9070,30782
31816,9105,30820
31760,9038,30781
31688,9031,30812
31588,9037,30777
31573,9035,30755
31604,9023,30829
31672,9037,30983
31724,9009,30818
31716,9015,31001
31716,9057,30869
31740,9057,31015
31732,9069,30786
31740,9071,30879
31680,9055,30989
31644,9085,30900
31600,8995,30876
31540,9012,30866
31518,9023,30827
31532,9047,30889
31554,9087,31021
31588,9100,30942
31620,9045,31039
31600,9034,30931
31616,9025,31074
31660,9029,30942
31712,9015,30983
31776,9029,30945
31816,9045,31060
31852,9079,30934
31878,9091,30868
31912,9103,30835
32004,9181,30804
31988,9038,30836
31968,9020,30919
31880,9013,31021
31856,8999,30887
31860,9031,30989
31876,9020,30708
31897,9053,30868
31887,9063,31005
31840,9073,30646
31772,9067,30860
31736,9038,31016
31757,9022,30789
31790,9008,30885
31880,9003,30924
31904,9003,30660
31884,9012,30836
31832,9018,30863
31828,9029,30887
31865,9106,30745
31896,9113,30804
31976,9109,30855
31956,9079,30779
31930,9082,30850
31949,9138,30507
31932,9067,30623
31860,9065,30781
31852,9071,30485
31900,9090,30599
31940,9094,30701
31960,9081,30694
31920,9061,30755
31860,9058,30441
31620,9055,30596
31260,9060,30548
30968,9065,30577
30657,9065,30661
30425,9039,30589
30164,9046,30632
29904,9073,30318
29717,9078,30453
29744,9092,30458
30124,9081,30429
31052,9014,30288
32464,9062,30406
34260,9000,30279
36524,9006,30399
39172,9017,30428
42168,9029,30500
45320,9041,30580
48208,9041,30500
50360,9040,30612
50864,9035,30465
49776,9031,30391
48036,9027,30421
46218,9029,30471
44384,9038,30604
42392,9050,30491
40494,9061,30553
38560,9071,30367
36576,9068,30399
34940,9207,30453
33856,9103,30516
33182,9061,30549
32568,9029,30605
31984,9047,30462
31608,9038,30543
31388,9039,30644
31232,9060,30676
31062,9079,30672
30908,9063,30637
30664,9093,30639
30388,9087,30524
30208,9066,30641
30068,9068,30666
29936,9063,30754
29792,9013,30700
29648,9023,30700
29540,9033,30719
29477,9063,30823
29449,9077,30598
29505,9055,30869
29552,9049,30625
29612,9027,30772
29648,9016,30773
29642,9021,30977
29676,9065,30949
29676,9027,31040
29656,9031,30903
29697,9061,30935
29744,9058,30993
29860,9055,31087
29900,9046,31047
29880,9031,31101
29904,9044,31033
29948,9060,31095
29988,9075,31111
30049,9029,31012
30116,9035,31351
30192,9046,31221
30276,9051,31481
30324,9042,31448
30336,9028,31580
30320,9022,31510
30309,9021,31639
30336,9026,31599
30400,9046,31705
30484,9042,31642
30541,9064,31720
30525,9062,31765
30500,9072,31876
30524,9092,31829
30532,9088,31927
30564,9095,31879
30614,9121,31879
30652,9009,31937
30704,9020,31945
30740,9026,32038
30772,9042,32015
30821,9067,32082
30888,9068,32093
30912,9077,32141
30892,9069,32209
30880,9028,32196
30904,9013,32175
30904,9010,31981
30980,9020,32210
30997,9030,32244
31005,9049,32257
31072,9058,32263
31111,9060,32256
31121,9141,32344
31181,9101,32245
31212,9029,32181
31300,9014,32152
31329,9011,32002
31353,9019,32263
31388,9038,32196
31420,9060,32071
31461,9071,32148
31488,9073,32121
31478,9081,32101
31468,9086,31997
31440,9065,31940
31452,9039,31893
31497,9031,31891
31604,9036,31802
31688,9051,31803
31724,9076,31805
31768,9066,31636
31763,9092,31943
31784,9079,31776
31808,9074,31718
31840,9060,31563
31901,9033,31373
31916,9039,31713
31912,9054,31543
31973,9054,31288
32004,9079,31577
32012,9083,31493
32096,9086,31469
32172,9083,31421
32208,9076,31391
32232,9055,31367
32268,9048,31380
32296,9057,31313
32308,9079,31297
32357,9067,31264
32404,9089,31366
32408,9095,31231
32400,9081,31305
32464,9094,31077
32504,9050,31156
32480,9037,31293
32484,9029,31117
32502,9024,31111
32558,9031,30926
32596,9039,30974
32660,9060,30983
32652,9085,31100
32660,9099,30881
32668,9084,31020
32664,9069,30877
32609,9060,30949
32602,9051,31010
32572,9053,30964
32564,9063,31010
32517,9078,31047
32484,9094,31079
32477,9125,31108
32468,9124,31169
32425,9124,31095
32384,9122,31037
32366,9093,31139
32346,9092,31176
32328,9093,31151
32360,9094,31280
32424,9102,30913
32484,9085,31029
32508,9081,31127
32528,9087,31184
32540,9087,31330
32584,9063,31199
32644,9036,31185
32648,9028,31099
32678,9023,31103
32752,9027,31237
32805,9039,31268
32842,9051,31319
32852,9157,31182
32896,9099,31288
32968,9073,31209
32988,9047,31273
33032,9047,31294
33060,9023,31357
33072,9021,31360
33074,9025,31333
33063,9032,31264
33028,9052,31207
33004,9068,31486
33020,9087,31441
33064,9089,31445
33088,9074,31324
33124,9047,31200
33156,9070,31600
33200,9071,31511
33248,9079,31639
33343,9099,31541
33380,9111,31668
33373,9113,31563
33394,9133,31721
33396,9063,31615
33408,9046,31647
33344,9036,31620
33324,9025,31756
33305,9025,31717
33344,9028,31791
33340,9104,31589
33409,9056,31768
33469,9066,31725
33534,9127,31841
33568,9123,32007
33569,9095,31604
33501,9084,31853
33472,9070,31867
33505,9056,31844
33544,9055,31867
33608,9071,32007
33632,9072,32060
33632,9071,32096
33624,9093,32073
33625,9077,32113
33652,9061,32255
33684,9046,32173
33692,9035,32333
33700,9034,32204
33716,9038,32365
33720,9054,32217
33758,9067,32268
33788,9079,32173
33796,9153,32229
33788,9083,32297
33780,9070,32263
33728,9154,32399
33704,9046,32295
33728,9044,32399
33768,9154,32308
33824,9129,32425
33884,9071,32257
33900,9087,32208
33920,9092,32212
33932,9157,32276
33911,9212,32315
33900,9129,32423
33924,9113,32292
33940,9092,32349
33932,9083,32101
33937,9092,32292
33952,9079,32439
33941,9161,32000
33933,9148,32165
33924,9126,32263
33940,9112,32300
33968,9065,32204
34001,9059,32221
34012,9191,32292
34016,9211,32351
34060,9143,32316
34076,9143,32348
34080,9126,32241
34112,9115,32065
34120,9097,32337
34132,9140,32469
34112,9099,32261
34124,9087,32340
34140,9060,32446
34146,9064,32111
34200,9137,32380
34236,9132,32519
34272,9130,32315
34284,9114,32431
34304,9111,32491
34324,9086,32285
34296,9078,32412
34286,9064,32237
34292,9063,32404
34292,9061,32457
34316,9080,32487
34320,9158,32657
34319,9156,32345
34324,9147,32497
34328,9147,32316
34336,9167,32527
34288,9082,32579
34311,9084,32706
34304,9074,32565
34352,9098,32519
34356,9145,32463
34364,9157,32509
34386,9106,32753
34396,9108,32609
34419,9113,32567
34416,9122,32506
34372,9116,32653
34352,9132,32601
34392,9122,32613
34404,9137,32582
34408,9193,32676
34420,9172,32500
34420,9160,32550
34436,9153,32574
34432,9129,32711
34448,9111,32839
34461,9092,32707
34468,9092,32847
34440,9088,32511
34456,9084,32583
34456,9100,32434
34456,9136,32865
34440,9147,32676
34468,9171,32629
34492,9179,32642
34529,9154,32672
34548,9118,32763
34548,9083,32637
34524,9079,32703
34528,9089,32714
34536,9155,32831
34528,9133,32801
34528,9156,32862
34528,9141,32830
34514,9154,32943
34540,9121,32832
34544,9125,32945
34532,9087,32829
34564,9077,32948
34569,9088,32534
34540,9164,32769
34556,9176,32568
34568,9181,32730
34572,9174,32687
34544,9151,32831
34548,9153,32582
34526,9135,32859
34516,9108,32805
34512,9115,32812
34516,9103,32804
34566,9119,32885
34641,9124,32821
34668,9124,32850
34632,9129,32868
34592,9125,32844
34604,9116,32884
34588,9103,33004
34585,9099,32908
34577,9085,33020
34568,9092,32893
34585,9104,32836
34592,9123,32616
34576,9128,33020
34564,9134,32885
34573,9136,32820
34580,9146,32945
34564,9122,32911
34564,9121,32855
34556,9140,32805
34532,9255,32610
34540,9116,32903
34581,9279,32725
34572,9196,32815
34576,9209,32921
34565,9197,32990
34516,9130,32911
34448,9113,32949
34405,9105,32871
34420,9099,32821
34464,9103,32880
34487,9112,32603
34522,9130,33018
34568,9151,32895
34604,9156,33015
34576,9144,32895
34592,9148,32686
34664,9134,32997
34696,9136,32820
34756,9134,32645
34824,9143,32972
34901,9115,32716
34932,9148,32866
34936,9175,32825
34924,9159,32781
34924,9160,32607
34856,9178,32943
34848,9178,32780
34872,9244,32529
34852,9109,32741
34805,9138,32805
34756,9189,32684
34728,9208,32689
34720,9252,32868
34708,9140,32746
34720,9140,32782
34700,9153,32731
34665,9139,32772
34684,9157,32788
34717,9164,32739
34718,9102,32868
34700,9125,32612
34669,9135,32770
34652,9166,32673
34632,9156,32770
34672,9156,32743
34684,9140,32870
34654,9124,32738
34624,9120,32775
34656,9127,32716
34616,9127,32669
34596,9109,32719
34550,9123,32825
34472,9148,32630
34328,9168,32415
34060,9150,32809
33761,9153,32633
33412,9121,32791
33144,9123,32606
32908,9111,32546
32638,9129,32620
32380,9135,32454
32208,9143,32472
32412,9154,32612
33240,9157,32583
34516,9164,32667
36216,9132,32544
38316,9129,32466
40876,9138,32559
43876,9168,32513
47180,9276,32540
50460,9100,32452
53224,9124,32536
54792,9133,32421
54376,9148,32429
52860,9156,32447
50952,9241,32559
48940,9203,32447
46580,9178,32559
44100,9155,32396
41768,9124,32357
39552,9123,32230
37680,9136,32477
36353,9154,32421
35528,9157,32324
35004,9150,32487
34436,9157,32404
34012,9118,32476
33740,9108,32420
33536,9112,32493
33357,9107,32391
33172,9126,32317
32940,9138,32527
32628,9157,32431
32352,9180,32519
32133,9162,32443
31949,9137,32567
31784,9109,32412
31640,9098,32553
31528,9091,32391
31468,9105,32336
31500,9121,32404
31520,9131,32134
31520,9132,32380
31508,9133,32415
31564,9130,32576
31616,9144,32433
31640,9138,32447
31616,9129,32408
31608,9188,32324
31620,9063,32436
31640,9074,32495
31624,9085,32552
31660,9100,32511
31724,9164,32645
31765,9143,32220
31792,9144,32692
31836,9073,32564
31870,9198,32669
31864,9190,32575
31934,9054,32500
31956,9075,32809
31996,9110,32647
32008,9118,32647
32008,9125,32685
32004,9142,32528
32048,9142,32932
32072,9066,32787
32097,9058,32677
32116,9050,33012
32156,9049,32812
32173,9059,32719
32204,9074,33097
32262,9079,32994
32236,9094,33143
32232,9090,33052
32236,9078,33039
32244,9133,33045
32232,9071,33106
32236,9061,33121
32242,9043,33221
32244,9053,33137
32252,9066,33111
32256,9148,33116
32264,9124,33124
32309,9129,33117
32314,9123,33214
32336,9095,33353
32320,9057,33222
32325,9037,33228
32320,9037,33142
32332,9151,33185
32364,9111,33220
32380,9108,33191
32388,9105,33165
32385,9088,33169
32369,9070,33113
32384,9062,33061
32408,9061,32992
32416,9045,33199
32412,9028,33065
32464,9041,33153
32464,9048,32991
32452,9148,33009
32464,9101,32921
32456,9076,32935
32432,9083,32665
32452,9055,32775
32508,9030,32654
32524,9020,32679
32552,9090,32787
32580,9076,32620
32590,9071,32516
32588,9055,32606
32588,9061,32505
32605,9134,32581
32620,9094,32095
32624,9047,32245
32656,9029,32082
32668,9029,32113
32681,9033,31923
32688,9056,32262
32728,9102,32057
32732,9119,31967
32724,9097,31966
32732,9084,31940
32756,9075,31879
32760,9058,31815
32793,9023,31804
32804,9034,31837
32760,9031,31701
32730,9044,31632
32732,9052,31589
32724,9043,31495
32733,9043,31468
32780,9039,31570
32732,9093,31111
32752,9057,31319
32768,9021,31193
32746,9005,31132
32752,9008,31167
32765,9003,31135
32756,9019,31044
32725,9079,31067
32725,9081,31039
32712,9060,30691
32668,9028,30916
32624,9014,30703
32584,8991,30802
32548,8986,30724
32502,9049,30740
32480,9008,30791
32468,9012,30689
32429,9015,30742
32447,9021,30575
32444,9075,30539
32384,9070,30396
32380,9039,30399
32388,9018,30385
32413,9004,30180
32374,8989,30359
32372,8995,30108
32410,9009,30471
32500,9040,30160
32537,9049,30276
32584,9068,30153
32620,9060,30191
32638,9039,30175
32644,9006,30293
32668,8998,30141
32688,9066,30017
32696,8963,30084
32700,9106,29774
32726,9047,30036
32744,9055,29748
32764,8987,30060
32768,9084,29926
32729,8955,30015
32689,8940,29869
32676,8934,29869
32672,8992,29812
32680,9004,29777
32680,9009,29725
32696,9045,29637
32669,9029,29588
32668,8997,29580
32648,8975,29647
32632,8939,29728
32604,8927,29583
32617,8916,29636
32640,8916,29512
32660,8927,29426
32684,8937,29372
32672,8961,29306
32656,8962,29481
32676,8963,29340
32680,8959,29406
32680,8965,29257
32672,8943,29161
32664,8925,29092
32661,8918,29121
32640,8927,29199
32648,8918,29287
32684,8934,29143
32733,8941,29248
32764,8938,28981
32744,9037,29079
32740,8962,29090
32713,8917,28924
32708,8907,28972
32699,8916,28974
32677,8921,28965
32686,8956,29015
32716,8947,28917
32760,8957,28981
32740,8953,28879
32728,8929,28964
32752,8902,28701
32817,8887,28768
32784,8871,28749
32805,8877,28751
32852,8885,28678
32844,8900,28599
32836,8926,28565
32841,8919,28560
32868,8917,28548
32844,8895,28507
32852,8885,28484
32860,8873,28463
32852,8865,28460
32828,8929,28472
32846,8933,28357
32845,8944,28492
32837,8923,28390
32812,8915,28475
32821,8910,28580
32870,8902,28423
32886,8874,28526
32884,8876,28386
32878,8854,28384
32880,8858,28359
32829,8874,28158
32812,8901,28471
32780,8943,28321
32756,8890,28126
32736,8886,28446
32728,8870,28353
32732,8995,28477
32741,8908,28319
32768,8897,28352
32745,8881,28245
32768,8910,28214
32808,8922,28164
32812,8929,28301
32796,8876,28378
32760,8869,28306
32768,8856,28310
32772,8843,28215
32749,8828,28480
32704,8824,28417
32680,8840,28439
32660,8851,28311
32636,8884,28231
32628,8914,28589
32608,8861,28447
32616,8852,28405
32640,8840,28589
32644,8829,28537
32644,8815,28613
32608,8821,28351
32588,8823,28663
32580,8837,28647
32560,8849,28792
32556,8859,28697
32524,8858,28741
32512,8852,28735
32544,8849,28676
32512,8863,28929
32489,8855,28837
32468,8854,28988
32440,8913,28908
32448,8801,28929
32452,8813,28828
32432,8828,28903
32374,8903,29030
32412,8890,29117
32417,8857,29106
32441,8834,29229
32416,8838,29163
32372,8834,29109
32360,8845,29099
32316,8851,29188
32302,8865,29186
32232,8809,29132
32316,8815,29360
32320,8815,29439
32317,8829,29541
32328,8818,29511
32303,8790,29447
32252,8789,29685
32212,8783,29636
32200,8791,29817
32225,8816,29724
32217,8849,29682
32196,8896,29855
32168,8800,29822
32132,8818,29670
32120,8798,29925
32172,8801,29860
32133,8818,30051
32084,8757,29980
32068,8765,30257
32076,8777,30150
32148,8804,30292
32124,8815,30215
32108,8800,30215
32142,8813,30151
32164,8807,30071
32132,8791,30455
32116,8791,30367
32120,8778,30445
32108,8766,30181
32116,8775,30532
32132,8787,30502
32152,8798,30673
32188,8787,30564
32184,8787,30717
32132,8795,30647
31926,8768,30789
32116,8765,30718
32140,8772,30885
32144,8799,30794
32197,8814,30952
32148,8871,30845
32133,8765,31007
32208,8761,30895
32239,8866,30792
32256,8735,30893
32221,8721,30862
32206,8713,30977
32217,8714,31031
32188,8725,31050
32164,8764,31055
32157,8775,31078
32156,8771,31087
32176,8781,31079
32192,8797,31117
32156,8725,30924
32168,8713,31188
32176,8700,30999
32172,8730,31312
32148,8725,31269
32184,8735,31341
32160,8758,31239
32128,8776,31258
32096,8777,31295
32110,8753,31285
32108,8738,31260
32048,8740,31199
32032,8748,31572
32048,8748,31452
32076,8751,31591
32118,8771,31502
32136,8780,31539
32164,8778,31507
32156,8789,31454
32164,8818,31700
32148,8699,31591
32124,8683,31692
32196,8677,31582
32236,8676,31556
32246,8687,31565
32306,8701,31555
32332,8720,31736
32320,8743,31724
32300,8730,31727
32304,8751,31647
32284,8737,31655
32332,8705,31652
32324,8725,31717
32352,8732,31695
32308,8772,31606
32268,8683,31988
32208,8697,31879
32128,8717,31773
32164,8716,32007
32192,8720,31956
32152,8767,31883
32152,8663,32111
32128,8679,31981
32064,8691,31990
32073,8720,31771
32092,8674,32111
32085,8684,32069
32069,8692,32047
32072,8684,32037
32068,8679,31876
32056,8671,32103
32028,8664,32216
31986,8646,32388
31968,8642,32279
31956,8656,32388
31932,8658,32339
31948,8676,32487
31917,8681,32381
31761,8692,32455
31508,8677,32415
31196,8659,32495
30848,8647,32469
30600,8650,32436
30388,8640,32542
30180,8647,32671
29941,8670,32572
29733,8674,32720
29644,8702,32591
30092,8697,32591
31136,8679,32633
32640,8665,32660
34540,8669,32657
36984,8677,32729
39844,8687,32720
43064,8688,32831
46468,8720,32799
49712,8728,32919
52376,8732,32823
53608,8733,32857
52992,8750,32588
51396,8705,32793
49328,8684,32855
46888,8681,32826
44024,8650,33116
41144,8662,33018
38572,8669,33122
36278,8679,33054
34496,8683,33109
33244,8767,33090
32524,8748,33144
31972,8711,33280
31552,8675,32892
31224,8640,33180
30992,8657,33062
30768,8634,33189
30572,8643,33220
30340,8756,33340
30033,8661,33335
29768,8709,33389
29568,8708,33351
29364,8733,33447
29176,8621,33493
28980,8613,33569
28870,8608,33503
28772,8618,33449
28724,8648,33693
28648,8663,33609
28640,8670,33720
28664,8656,33659
28700,8631,33575
28692,8620,33425
28702,8609,33628
28778,8597,33519
28852,8596,33951
28912,8604,33868
28954,8614,34023
28932,8626,33916
28933,8641,33921
28956,8646,33941
29012,8643,33948
29064,8621,33865
29101,8612,34044
29193,8597,33941
29205,8605,34085
29184,8621,34255
29209,8638,34143
29222,8660,34117
29180,8647,34199
29337,8640,34303
29409,8643,34269
29398,8601,34409
29428,8589,34276
29480,8581,34311
29480,8579,34015
29454,8644,34226
29464,8636,34306
29428,8623,34375
29484,8623,34510
29536,8616,34435
29556,8619,34423
29572,8597,34404
29584,8606,34147
29624,8587,34484
29582,8572,34407
29617,8581,34439
29700,8591,34201
29748,8609,34516
29784,8629,34537
29744,8644,34551
29800,8655,34521
29828,8617,34585
29804,8584,34543
29876,8579,34673
29876,8576,34532
29888,8579,34671
29896,8587,34532
29886,8598,34648
29933,8687,34300
29956,8658,34375
29968,8653,34295
29968,8639,34457
29972,8619,34238
30004,8567,34599
30008,8559,34406
30048,8581,34376
30060,8604,34324
30080,8598,34404
30085,8599,34399
30108,8601,34447
30140,8594,34374
30160,8715,34484
30172,8635,34159
30184,8606,34229
30200,8613,34209
30246,8612,34245
30240,8612,34262
30266,8627,34205
30297,8622,34275
30304,8615,34164
30276,8610,34204
30308,8589,34107
30340,8591,34148
30420,8596,34017
30456,8606,33996
30500,8603,33997
30510,8614,34089
30572,8637,33945
30529,8649,33945
30564,8642,33847
30756,8642,33847
30798,8575,33756
30800,8567,33644
30776,8573,33786
30732,8575,33372
30748,8578,33527
30757,8581,33695
30772,8586,33615
30768,8593,33687
30750,8593,33532
30752,8587,33525
30776,8574,33162
30800,8564,33382
30772,8553,33393
30816,8668,33385
30805,8700,33487
30830,8703,33323
30832,8587,33404
30881,8594,33229
30893,8661,33124
30852,8643,33156
30868,8632,33132
30837,8616,33184
30814,8620,33121
30780,8615,33223
30776,8597,32982
30772,8628,32964
30740,8581,32951
30748,8582,32964
30736,8585,33079
30748,8579,32916
30785,8562,32989
30776,8551,32844
30798,8601,32685
30812,8579,32801
30860,8568,32775
30865,8567,32725
30944,8583,32588
30988,8583,32612
31064,8605,32660
31092,8564,32338
31104,8553,32540
31124,8541,32593
31165,8532,32543
31194,8605,32390
31228,8633,32391
31273,8548,32493
31316,8639,32340
31352,8567,32257
31368,8641,32285
31340,8700,32192
31344,8607,32220
31352,8589,32255
31344,8524,32165
31337,8516,32098
31344,8535,32140
31340,8565,32114
31392,8588,32039
31408,8607,31953
31420,8557,32068
31454,8546,32169
31444,8532,32003
31460,8522,32113
31460,8524,31942
31484,8523,31985
31516,8527,31860
31516,8541,31975
31578,8549,31783
31528,8556,31908
31592,8577,31739
31580,8559,31763
31540,8558,31631
31584,8560,31582
31581,8551,31616
31629,8550,31717
31645,8581,31542
31676,8595,31592
31700,8616,31487
31716,8629,31591
31708,8615,31325
31688,8693,31239
31716,8611,31350
31724,8591,31337
31772,8570,31410
31796,8571,31271
31828,8580,31364
31837,8583,31075
31812,8604,31164
31828,8609,31295
31885,8592,31037
31936,8573,31104
31948,8557,31063
31930,8535,31004
31904,8526,31007
31876,8510,30902
31856,8589,30903
31872,8568,30951
31894,8563,30770
31889,8581,30868
31900,8555,30858
31896,8560,30929
31912,8544,30521
31936,8530,30756
31924,8543,30516
31917,8527,30765
31912,8550,30449
31944,8562,30763
31972,8573,30405
31957,8564,30759
31924,8583,30645
31905,8585,30568
31904,8588,30543
31936,8581,30359
31992,8579,30703
32024,8651,30560
32056,8591,30584
32060,8580,30465
32068,8579,30444
32092,8583,30512
32136,8569,30519
32128,8549,30575
32128,8535,30525
32116,8521,30634
32100,8604,30489
32096,8574,30554
32084,8541,30278
32084,8551,30453
32106,8553,30552
32128,8556,30494
32144,8559,30383
32140,8623,30417
32129,8583,30495
32128,8538,30648
32108,8542,30228
32120,8520,30375
32112,8538,30360
32068,8553,30381
32056,8565,30428
32058,8562,30513
32064,8562,30642
32074,8637,30509
32124,8602,30564
32164,8557,30423
32164,8543,30439
32140,8540,30458
32148,8533,30521
32136,8537,30573
32119,8549,30572
32142,8557,30703
32148,8556,30580
32135,8552,30722
32120,8545,30589
32092,8545,30721
32076,8518,30445
32092,8520,30456
32121,8533,30511
32138,8567,30665
32140,8574,30364
32153,8591,30653
32184,8581,30623
32216,8570,30577
32204,8575,30538
32164,8532,30620
32124,8521,30706
32096,8518,30703
32140,8525,30813
32124,8540,30711
32097,8554,30857
32076,8573,30719
32122,8587,30678
32157,8575,30717
32172,8564,30823
32196,8550,30813
32172,8540,30938
32124,8539,30618
32140,8559,30855
32180,8549,30788
32220,8555,30894
32248,8581,31017
32188,8573,30837
32133,8567,30895
32109,8542,31060
32100,8537,30724
32092,8662,30893
32117,8594,30944
32129,8644,31017
32124,8612,31071
32120,8620,31108
32117,8629,31252
32132,8645,31147
32182,8561,31287
32241,8545,31169
32228,8535,31264
32252,8521,30953
32304,8518,31359
32288,8527,31004
32236,8544,31394
32204,8620,31012
32252,8589,31292
32265,8597,31239
32277,8590,31239
32296,8567,31260
32324,8559,31280
32330,8537,31301
32322,8550,31277
32324,8551,31335
32335,8545,31423
32349,8557,31441
32352,8565,31417
32340,8562,31474
32356,8681,31477
32332,8603,31617
32284,8559,31191
32248,8553,31495
32276,8525,31239
32308,8527,31549
32324,8537,31245
32324,8630,31479
32284,8612,31463
32280,8594,31480
32252,8563,31446
32269,8550,31607
32308,8585,31220
32344,8556,31409
32390,8556,31552
32368,8528,31200
32313,8548,31351
32292,8607,31564
32308,8599,31506
32313,8583,31351
32357,8577,31573
32417,8553,31503
32408,8537,31371
32366,8530,31407
32309,8526,31439
32252,8536,31424
32197,8548,31381
32196,8556,31460
32208,8567,31516
32240,8567,31592
32288,8566,31487
32336,8551,31535
32336,8539,31279
32293,8536,31621
32277,8539,31215
32270,8545,31471
32228,8548,31588
32164,8559,31505
32156,8570,31632
32189,8571,31503
32225,8567,31539
32212,8563,31388
32200,8561,31277
32180,8552,31357
32184,8588,31204
32188,8601,31588
32192,8615,31231
32217,8620,31331
32240,8610,31391
32240,8592,31469
32228,8593,31578
32304,8570,31374
32341,8565,31314
32300,8548,31367
32305,8565,31404
32328,8565,31359
32408,8572,31411
32492,8589,31352
32508,8593,31289
32436,8592,31346
32444,8569,31391
32512,8563,31386
32541,8547,31436
32541,8539,31544
32568,8531,31424
32632,8536,31540
32620,8549,31425
32548,8565,31533
32500,8576,31178
32484,8634,31262
32508,8607,31444
32485,8572,31217
32460,8548,31349
32468,8532,31474
32504,8533,31087
32512,8537,31373
32538,8552,31245
32560,8628,31297
32588,8718,31287
32622,8694,31317
32592,8639,31446
32536,8604,31212
32495,8568,31321
32497,8549,31300
32504,8549,30994
32500,8561,31265
32580,8571,31111
32600,8585,31134
32596,8585,31215
32568,8607,31204
32462,8572,31213
32302,8556,31127
32044,8614,31164
31696,8593,31199
31412,8569,31055
31190,8564,31104
30940,8569,31211
30624,8597,30815
30344,8589,31015
30248,8580,31073
30486,8573,31061
31286,8623,30918
32544,8571,31152
34300,8565,30737
36428,8542,30933
38932,8546,30909
41824,8746,31000
44952,8640,31006
47988,8599,30991
50420,8686,31089
51540,8655,30823
50841,8622,30826
49248,8601,30871
47436,8619,30909
45612,8615,30871
43664,8615,30863
41700,8630,30874
39836,8638,30895
37824,8629,30886
36112,8645,30980
34912,8629,31023
34116,8593,31023
33508,8574,31051
32832,8562,31075
32333,8572,31100
32050,8560,31108
31864,8573,31207
31684,8584,31110
31536,8595,31192
31352,8732,31164
31144,8645,31093
30977,8621,31135
30808,8583,31207
30636,8566,31188
30437,8568,31257
30296,8570,31260
30160,8590,31373
30108,8611,31172
30092,8617,31224
30084,8598,31476
30092,8585,31077
30100,8579,31231
30149,8562,31321
30205,8608,31437
30261,8590,31430
30298,8612,31199
30302,8628,31484
30329,8623,31239
30402,8609,31495
30460,8608,31489
30480,8625,31751
30456,8619,31663
30468,8617,31690
30464,8636,31623
30472,8553,31495
30481,8559,31915
30528,8572,31580
30632,8585,32031
30688,8597,31968
30772,8600,32124
30844,8607,31988
30852,8609,31938
30840,8634,32250
30840,8560,32149
30856,8561,32156
30894,8576,32156
30933,8605,32242
30996,8619,32487
31032,8623,32151
31064,8633,32396
31080,8641,32335
31092,8642,32585
31144,8630,32494
31189,8595,32548
31221,8593,32662
31238,8594,32733
31228,8591,32892
31244,8626,32847
31296,8631,33024
31292,8634,32940
31328,8625,33052
31364,8627,32908
31364,8601,32872
31350,8585,33020
31356,8601,33054
31400,8591,33103
31429,8583,33068
31400,8601,33079
31404,8610,33197
31440,8613,33084
31484,8614,33245
31518,8599,33100
31544,8587,33108
31544,8581,32872
31598,8574,33049
31630,8725,33031
31680,8725,33029
31686,8673,33148
31702,8656,32766
31740,8638,33031
31756,8628,33157
31756,8633,33031
31768,8621,32900
31791,8601,32953
31796,8582,33009
31822,8590,33063
31892,8733,32910
31980,8651,32975
32020,8644,32821
32004,8661,32933
32024,8629,32937
32056,8626,32974
32072,8613,32685
32116,8599,32744
32160,8611,32613
32235,8615,32879
32268,8615,32558
32288,8640,32687
32337,8644,32766
32360,8653,32788
32404,8631,32860
32460,8611,32704
32472,8599,32740
32462,8590,32856
32476,8590,32407
32544,8663,32673
32580,8653,32815
32600,8637,32606
32596,8648,32687
32553,8643,32759
32540,8632,32570
32573,8623,32629
32596,8611,32688
32596,8721,32604
32596,8678,32505
32600,8604,32511
32629,8616,32519
32645,8701,32541
32648,8686,32558
32616,8657,32404
32596,8657,32503
32590,8630,32539
32600,8606,32629
32556,8604,32194
32532,8598,32420
32464,8603,32519
32416,8615,32483
32373,8627,32468
32333,8638,32361
32324,8673,32473
32364,8652,32427
32324,8644,32551
32320,8635,32093
32305,8626,32309
32249,8631,32312
32228,8641,32335
32308,8643,32465
32324,8644,32081
32305,8669,32289
32293,8673,32333
32320,8659,32316
32340,8627,32272
32340,8620,32197
32336,8617,32228
32340,8597,32354
32405,8602,32108
32496,8612,32233
32596,8694,32287
32632,8686,32113
32692,8680,32169
32720,8667,32330
32724,8655,32060
32716,8637,32125
32712,8621,32254
32710,8612,31967
32710,8629,32097
32749,8617,32239
32756,8625,31965
32764,8636,32053
32796,8783,32204
32800,8697,31919
32796,8671,32025
32808,8644,32148
32874,8625,31703
32852,8613,31977
32841,8601,31889
32840,8610,31908
32820,8626,31945
32816,8645,32045
32841,8644,31733
32868,8639,31885
32856,8699,31962
32888,8639,31642
32920,8637,31867
32904,8609,31971
32902,8612,31800
32904,8688,31853
32912,8684,31940
32974,8676,31733
32996,8677,31802
32984,8650,31936
32992,8733,31788
33012,8647,31492
33029,8635,31766
33020,8617,31865
33029,8647,31768
33053,8639,31788
33084,8656,31743
33064,8650,31598
33060,8711,31818
33081,8679,31709
33088,8661,31799
33088,8656,31620
33076,8628,31679
33124,8615,31813
33165,8613,31420
33196,8625,31629
33208,8641,31673
33181,8647,31351
33133,8655,31534
33068,8649,31495
33052,8644,31579
33092,8697,31660
33124,8614,31511
33136,8609,31465
33132,8615,31495
33152,8626,31542
33172,8636,31461
33164,8669,31516
33172,8670,31247
33185,8678,31368
33152,8689,31367
33212,8687,31401
33208,8682,31511
33160,8675,31222
33121,8689,31333
33132,8695,31471
33140,8758,31038
33136,8712,31247
33136,8694,31382
33108,8673,31007
33125,8654,31200
33140,8652,31255
33164,8646,31164
33172,8633,31179
33184,8649,31283
33206,8631,31284
33205,8645,31217
33201,8721,31268
33165,8766,31348
33140,8727,30961
33124,8681,31176
33117,8660,31297
33116,8632,31249
33156,8646,31302
33217,8618,31175
33216,8627,31232
33208,8646,31365
33197,8711,31033
33236,8675,31228
33254,8675,31380
33248,8676,31275
33220,8646,31389
33216,8636,31289
33156,8648,31423
33144,8620,31076
33156,8740,31285
33206,8668,31301
33270,8677,31231
33280,8690,31301
33264,8661,31459
33244,8653,31092
33228,8638,31297
33228,8693,31288
33257,8623,31294
33256,8630,31323
33247,8782,31397
33252,8705,31546
33265,8688,31255
33236,8675,31424
33260,8683,31609
33300,8651,31246
33272,8643,31364
33244,8628,31508
33208,8629,31521
33188,8776,31645
33182,8690,31463
33198,8689,31535
33208,8677,31626
33212,8678,31568
33208,8669,31460
33200,8659,31559
33212,8644,31644
33236,8641,31546
33222,8637,31570
33236,8699,31671
33208,8675,31582
33188,8684,31708
33212,8677,31682
33216,8690,31842
33205,8674,31495
33176,8661,31727
33144,8648,31495
33124,8634,31775
33104,8630,31548
33094,8639,31663
33056,8720,31733
33036,8713,31773
33036,8704,31804
33040,8708,31812
33017,8710,31845
33053,8714,31732
33105,8711,31604
33084,8709,32017
33008,8736,31921
32921,8766,32004
32910,8715,31956
32948,8717,32037
32992,8715,31973
33022,8736,32039
33052,8714,32007
33080,8673,32021
33053,8654,32059
33060,8711,31956
33012,8705,32027
33010,8706,32095
33005,8723,32081
33028,8725,32185
33000,8747,32095
32972,8755,32077
32953,8756,32095
32969,8726,32195
32968,8685,32135
32968,8660,32231
32977,8657,32069
32980,8666,32164
32992,8678,32209
32988,8688,32149
32996,8695,32121
33004,8701,32087
32968,8720,32103
32964,8705,32096
33012,8676,32012
33032,8681,32149
33024,8652,32164
32996,8655,32128
32972,8660,32007
32952,8673,32191
32876,8688,32182
32852,8798,32180
32869,8753,32213
32864,8729,32276
32864,8678,32359
32885,8691,32039
32858,8676,32166
32800,8656,32257
32780,8667,32320
32804,8826,32373
32869,8750,32231
32900,8764,32285
32912,8699,32034
32984,8684,32373
32977,8675,32325
32968,8659,32429
32980,8661,32047
33041,8664,32239
33064,8673,32287
33116,8683,32349
33153,8701,32367
33172,8703,32388
33185,8698,32109
33166,8691,32327
33204,8676,32200
33224,8673,32445
33236,8666,32102
33236,8668,32375
33240,8737,32533
33192,8725,32115
33118,8756,32303
33068,8778,32140
33056,8707,32489
33064,8695,32434
33112,8680,32477
33096,8677,32420
33106,8677,32583
33076,8672,32219
33098,8678,32447
33102,8743,32457
33124,8731,32430
33176,8723,32483
33188,8712,32371
33142,8703,32469
33112,8689,32507
33118,8675,32640
33120,8741,32279
33108,8719,32451
33108,8698,32641
33105,8697,32484
33116,8846,32556
33076,8765,32415
33052,8727,32519
32912,8724,32586
32712,8697,32619
32405,8683,32306
32096,8762,32598
31780,8708,32592
31532,8714,32647
31292,8706,32622
30997,8723,32758
30758,8728,32605
30592,8729,32739
30808,8716,32354
31652,8709,32550
32990,8694,32576
34840,8837,32623
37041,8727,32644
39672,8735,32700
42724,8716,32679
46092,8841,32549
49440,8806,32784
52280,8776,32530
53944,8741,32709
53624,8743,32855
52100,8844,32713
50148,8810,32663
48048,8763,32834
45564,8785,32752
42973,8764,32644
40484,8767,32718
38197,8775,32809
36272,8768,32934
34876,8758,32866
34004,8741,32799
33448,8730,32822
32909,8727,32919
32525,8847,33077
32213,8797,32807
32025,8777,32949
31829,8770,33060
31662,8783,32913
31429,8777,33026
31156,8746,33029
30904,8738,33097
30652,8780,32854
30388,8737,33097
30220,8732,32965
30092,8735,33241
29972,8804,33056
29896,8802,33103
29856,8777,33097
29848,8773,33202
29856,8754,32927
29912,8763,33211
29944,8749,33175
30016,8721,33332
30069,8789,33185
30072,8753,32973
30084,8764,33228
30152,8767,33324
30160,8769,33135
30182,8826,33234
30201,8793,33408
30196,8764,33353
30220,8744,33440
30264,8754,33393
30308,8725,33367
30356,8740,33385
30384,8829,33445
30400,8831,33501
30464,8814,33511
30520,8802,33644
30592,8787,33567
30640,8768,33687
30677,8761,33271
30708,8775,33716
30746,8766,33509
30772,8759,33671
30791,8778,33741
30856,8766,33797
30833,8807,33628
30816,8776,33780
30828,8828,33821
30820,8779,33782
30836,8771,33959
30868,8740,33573
30916,8740,33857
30956,8801,34036
31024,8785,33866
31060,8803,33607
31129,8778,33892
31160,8773,34098
31172,8809,33782
31199,8764,33927
31192,8747,34093
31184,8735,33888
31201,8740,33895
31232,8811,33927
31264,8820,33943
31292,8811,34051
31268,8789,33839
31252,8778,33927
31264,8767,33920
31292,8889,33797
31292,8773,33841
31324,8764,33761
31328,8743,33837
31352,8748,33767
31396,8763,33826
31460,8772,33447
31428,8847,33632
31420,8823,33764
31408,8805,33287
31413,8771,33453
31428,8745,33640
31447,8738,33318
31460,8813,33381
31464,8798,33454
31437,8796,33333
31522,8786,33253
31584,8795,32929
31614,8799,33069
31648,8780,33224
31688,8757,32994
31717,8749,32988
31720,8801,33047
31764,8799,32903
31796,8749,32929
31816,8760,32786
31868,8775,32741
31892,8782,32533
31892,8841,32601
31916,8774,32349
31880,8831,32487
31892,8751,32407
31936,8807,32073
31957,8799,32228
31988,8777,32348
32020,8782,31850
32012,8779,32090
32017,8847,32023
32048,8823,31871
32072,8810,31751
32092,8794,31727
32100,8780,31596
32084,8790,31426
32072,8783,31645
32080,8791,31248
32108,8788,31404
32129,8814,31313
32144,8805,31180
32180,8793,31189
32164,8780,31205
32164,8768,31147
32177,8812,30829
32180,8779,30973
32148,8777,31077
32117,8763,30628
32084,8856,30727
32056,8823,30837
32005,8822,30690
31960,8813,30780
31944,8781,30318
31956,8845,30492
31952,8803,30565
31993,8804,30388
32016,8789,30332
32039,8780,30306
32052,8799,30361
32097,8794,30201
32129,8793,30252
32188,8797,29926
32256,8833,30032
32292,8786,30120
32312,8758,29846
32310,8751,29876
32360,8750,29840
32408,8830,29820
32433,8830,29839
32500,8823,29730
32557,8823,29569
32576,8793,29717
32578,8839,29345
32596,8782,29527
32572,8761,29623
32566,8749,29233
32588,8804,29340
32628,8776,29426
32662,8801,29348
32692,8792,29420
32724,8794,29079
32708,8873,29162
32713,8834,29100
32733,8787,29158
32724,8773,29247
32704,8749,28974
32709,8756,29021
32712,8765,28965
32765,8859,28964
32754,8853,28969
32724,8849,28893
32736,8820,28956
32728,8809,28710
32736,8772,28786
32732,8765,28872
32724,8822,28471
32760,8810,28693
32778,8803,28407
32808,8807,28588
32840,8807,28508
32849,8799,28551
32848,8797,28545
32864,8791,28503
32860,8788,28460
32908,8769,28450
32932,8905,28504
32952,8818,28421
32968,8797,28431
32980,8808,28347
33004,8807,28356
33060,8814,28089
33084,8805,28161
33120,8886,28198
33094,8846,28216
33064,8831,28196
33088,8824,28194
33068,8817,28197
33080,8801,28167
33072,8801,28144
33100,8805,28093
33116,8808,28117
33140,8863,27993
33184,8830,28018
33176,8817,27917
33158,8804,27972
33160,8791,27941
33184,8789,27853
33208,8802,27799
33177,8821,27780
33212,8818,27868
33273,8816,27894
33276,8820,27879
33238,8807,27712
33212,8799,27841
33247,8783,27952
33244,8778,27641
33252,8829,27700
33252,8819,27714
33252,8817,27810
33248,8828,27802
33313,8845,27561
33360,8845,27700
33353,8820,27701
33300,8800,27801
33356,8785,27748
33350,8909,27820
33345,8833,27807
33294,8815,27728
33280,8831,27726
33300,8834,27756
33324,8842,27841
33292,8849,27997
33292,8807,27708
33300,8798,27812
33316,8851,28008
33320,8813,27983
33344,8804,27938
33325,8787,28132
33312,8799,28048
33286,8815,27929
33268,8820,27980
33281,8881,28121
33277,8841,28041
33309,8822,28061
33412,8801,28167
33309,8812,28219
33311,8783,28251
33288,8792,28205
33344,8869,28408
33328,8876,28351
33316,8881,28505
33292,8871,28407
33336,8848,28423
33348,8820,28394
33342,8827,28525
33356,8790,28550
33308,8788,28481
33389,8813,28619
33372,8815,28669
33356,8882,28756
33369,8847,28679
33378,8862,28801
33348,8826,28759
33356,8812,28775
33377,8913,28894
33380,8850,29058
33409,8821,28814
33420,8830,28924
33420,8815,29112
33393,8832,29159
33384,8841,29244
33376,8940,29156
33344,8899,29309
33368,8873,29468
33376,8831,29217
33404,8829,29431
33376,8814,29526
33384,8809,29296
33380,8911,29590
33336,8847,29519
33356,8847,29684
33392,8908,29496
33376,8884,29735
33356,8838,29980
33372,8845,29655
33372,8805,29815
33356,8801,29919
33328,8932,30023
33388,8892,30137
33396,8877,30165
33417,8864,30204
33388,8857,30228
33372,8843,30309
33348,8890,30272
33384,8863,30309
33348,8868,30324
33356,8844,30457
33336,8851,30559
33305,8843,30639
33292,8861,30547
33308,8884,30663
33292,8864,30800
33285,8846,30781
33252,8833,30990
33272,8840,30911
33276,8833,31044
33252,8825,30993
33264,8838,31084
33252,8864,31069
33220,8867,31110
33210,8881,31183
33204,8879,31344
33223,8872,31037
33212,8857,31280
33230,8857,31445
33220,8847,31407
33212,8830,31548
33196,8838,31228
33196,8847,31509
33216,8853,31495
33204,8865,31572
33220,8868,31700
33180,8873,31679
33200,8841,31848
33196,8831,31519
33206,8824,31714
33198,8823,31817
33181,8902,31924
33136,8902,32071
33132,8906,31704
33041,8907,32147
33080,8895,31779
33064,8883,32072
33045,8862,32085
33060,8859,32134
33040,8850,32129
32996,8861,32116
33020,8860,32212
33044,8871,32295
33017,8869,32405
33016,8893,32383
32986,8902,32367
32908,8868,32231
32904,8862,32431
32960,8853,32627
32973,8831,32591
33005,8831,32753
33028,8836,32377
33060,8877,32815
33112,8892,32740
33168,8881,32788
33209,8878,32816
33180,8892,32940
33197,8863,32871
33232,8850,33048
33242,8842,32967
33206,8853,33133
33216,8862,33001
33236,8887,33196
33233,8907,33105
33256,8931,33236
33264,9006,33147
33240,8867,33072
33216,8853,33270
33188,8837,33302
33176,8850,33365
33157,8861,33335
33156,8863,33197
33160,8905,33590
33120,8920,33476
33068,9023,33613
33126,8874,33572
33124,8869,33588
33148,8887,33549
33132,8855,33615
33126,8864,33593
33104,8861,33700
33116,8878,33783
33116,8924,33799
33133,8869,33846
33160,8879,33845
33156,8908,33816
33108,8915,34009
33080,8923,34075
33084,8912,33957
33056,8907,34042
33058,8926,34156
33004,8845,34175
32896,8868,34156
32660,8907,34171
32316,8901,34101
31988,8911,34203
31752,8913,34297
31588,8921,34265
31325,8927,34185
31077,8852,34476
30860,8851,34173
30837,8856,34423
31382,8876,34503
32449,8882,34559
34056,8912,34564
36112,8931,34628
38556,8907,34672
41440,8920,34660
44664,8913,34757
48052,8933,34741
51224,8940,34880
53624,8956,34844
54440,9047,35004
53588,8915,34897
51928,8939,34961
49796,8976,34900
47284,8943,34905
44456,8954,34969
41708,8934,34977
39172,8919,35022
37001,8908,35098
35368,8898,35120
34328,8904,35284
33712,8922,35172
33168,8923,35297
32788,8926,34873
32516,8922,35130
32229,8900,35224
32012,8887,35284
31792,8877,35335
31525,8904,35232
31296,8910,35047
31017,8943,35520
30776,8964,35300
30573,8961,35419
30360,8965,35544
30240,8951,35468
30124,8934,35556
30032,8943,35503
30004,9009,35575
29989,8876,35527
30018,8885,35519
30048,8905,35568
30056,8933,35717
30074,8945,35334
30116,8956,35534
30140,8957,35668
30148,8950,35707
30196,8919,35677
30204,8921,35439
30208,8871,35813
30216,8881,35545
30269,8908,35679
30316,8931,35471
30357,8944,35759
30438,8935,35607
30496,8932,35740
30532,8945,35556
30542,8911,35991
30540,8877,35847
30548,8874,36036
30584,8890,35910
30613,8913,36031
30664,8927,35945
30688,8952,36007
30776,8978,35937
30788,8968,35918
30831,8901,36103
30813,8916,36023
30869,8906,36028
30900,8942,35991
30876,8887,36002
30926,8901,35970
30996,8914,35719
31020,8929,36220
31052,8950,36093
31045,8944,36199
31076,8938,35801
31088,8924,35969
31132,8896,35912
31149,8898,35969
31161,8919,35774
31168,8959,36060
31184,8953,36064
31212,8972,36046
31224,8965,36094
31269,8988,36046
31292,8913,36148
31300,8897,36077
31320,8889,36182
31332,8887,35879
31328,8896,36000
31320,8907,36036
31352,8924,35974
31365,8954,35909
31367,8941,35847
31392,8938,35940
31380,8950,35879
31394,8917,35903
31400,8915,35889
31400,8909,35975
31408,8922,35519
31424,8926,35751
31468,8946,35902
31476,8955,35377
31488,8961,35767
31525,8935,35612
31533,8909,35644
31564,8901,35459
31592,8932,35709
31596,8906,35303
31620,8909,35446
31656,8928,35460
31660,8936,35429
31700,8952,35524
31712,8957,35348
31756,8957,35430
31784,8931,34934
31800,8910,35076
31812,8914,35284
31808,8893,34873
31798,8899,35109
31796,8964,35180
31788,8965,34700
31832,8986,34821
31893,8963,34852
31940,8940,34769
31941,8935,34727
31944,8947,34647
31958,8958,34590
31972,8997,34663
31964,8900,34631
31968,8909,34733
31936,8947,34500
31960,8988,34519
32012,9011,34557
32048,8929,34399
32076,8934,34303
32092,8924,34286
32081,8927,34308
32064,8911,34246
32116,8914,34216
32136,8915,34095
32127,8929,34116
32137,8939,34191
32137,8950,34045
32120,8949,34015
32072,8957,33919
32053,8945,34015
32044,8927,33861
32000,8934,33981
31944,8970,33804
31974,8918,33881
31984,8932,33439
32006,8939,33597
32020,8942,33637
32040,8938,33625
32064,8932,33457
32053,8907,33559
32072,8899,33515
32068,8903,33465
32080,9043,33356
32108,8919,33407
32144,8927,33382
32156,8937,33309
32184,8951,33354
32189,8953,33267
32228,8930,33349
32244,8938,32925
32276,8926,33069
32302,8923,33093
32349,8917,33069
32396,8953,33094
32404,8970,33053
32412,8993,32988
32448,8997,32933
32472,8995,32937
32468,9000,32889
32421,8985,32911
32449,9046,33029
32444,8900,32900
32417,8903,32877
32464,8914,32575
32468,8927,32749
32484,8937,32834
32520,8935,32725
32544,8943,32659
32544,8931,32671
32572,8921,32631
32553,8914,32599
32536,8904,32385
32504,8903,32556
32496,8917,32543
32520,8927,32556
32530,8933,32503
32560,8937,32410
32582,8959,32327
32588,8926,32381
32584,8906,32413
32592,8899,32351
32616,8894,32380
32604,8897,32448
32636,8914,32559
32648,8926,32415
32656,8937,32511
32652,8941,32390
32672,8933,32468
32698,8919,32361
32688,8910,32413
32676,8898,32284
32668,8892,32203
32720,8901,32153
32712,8913,32249
32748,8988,31938
32761,9008,32335
32782,9009,31920
32769,8934,32229
32732,8917,31847
32724,8908,32229
32724,8905,32104
32768,8901,32109
32812,8905,32071
32852,8914,32172
32880,8926,31999
32888,8935,32127
32873,8935,31981
32864,8935,31967
32852,8952,31780
32836,8941,31812
32836,8910,31750
32848,8925,31746
32892,8909,31809
32884,8917,31739
32856,8934,31772
32848,8941,31849
32864,8945,31727
32876,8941,31689
32857,8930,31540
32804,9036,31589
32784,8913,31438
32825,8911,31563
32807,8981,31495
32840,8993,31539
32856,8996,31564
32888,8997,31533
32910,9021,31452
32948,8946,31507
32940,8957,31462
32920,8933,31367
32844,8932,31431
32852,8930,31522
32868,8952,31367
32844,8969,31436
32844,9012,31287
32868,9030,31216
32884,9043,31226
32958,9046,31239
33012,9086,31234
33020,8925,31298
33006,8915,31151
32973,8914,31093
32965,8928,31105
32933,8967,31029
32925,8970,31183
32916,9016,31111
32885,9033,31150
32852,9101,31063
32828,8940,31097
32865,9007,31052
32928,8965,31100
32968,8951,30785
32984,8981,31095
33008,8967,30855
33026,9003,30877
33008,9015,30871
33018,9015,30927
32993,9011,31005
32978,8989,30908
32944,9006,30983
32936,8921,30867
32965,8920,30792
33016,8927,30865
33020,8937,30924
33044,8951,30822
33064,8967,30834
33068,9050,30948
33052,8964,30817
33037,9095,30782
33012,8991,30714
33012,8985,30772
33012,8981,30727
32992,8948,30791
32960,8964,30887
32972,8983,30654
32989,8975,30687
33063,8977,30665
33064,9008,30815
33069,8998,30504
33040,8989,30726
33016,8975,30552
32956,8985,30637
32980,8995,30613
33002,9012,30594
32996,8954,30490
33004,8963,30607
32949,8964,30699
32940,8974,30654
32964,8961,30625
32992,8942,30726
33068,8925,30599
33068,8919,30636
33053,8927,30625
33047,8940,30658
33036,8958,30702
33028,8971,30736
32972,9002,30719
32936,8979,30727
32956,8951,30678
32972,8939,30700
32988,8928,30767
32976,8929,30727
32948,8939,30756
32970,8945,30765
33006,8956,30740
33012,8972,30694
33000,8970,30798
33020,8967,30823
33000,9037,30719
33008,9010,30828
33008,8989,30804
33048,8989,30756
33044,8929,30713
33032,8947,30605
33012,8972,30965
32952,8995,30892
32944,8995,31009
32952,8983,30634
32972,8958,30965
33012,8939,30705
33060,8930,30917
33048,8940,30813
32977,8963,30860
32924,8979,31076
32924,8976,30990
32902,8970,30899
32940,8971,31127
32956,8966,31041
32948,8957,31186
32985,8942,31086
33004,8937,31183
33004,8944,30880
32984,8967,31021
32944,8959,31100
32944,8981,31095
32932,9039,31231
32908,8978,31367
32904,8985,31277
32922,8988,31436
32948,8963,31326
32985,8949,31316
32993,8952,31341
32996,8959,31396
33012,8965,31337
32977,8982,31536
32972,8983,31174
33004,8992,31353
33001,8991,31417
32957,8979,31511
32936,8973,31645
32940,8972,31556
32972,8973,31613
32964,8993,31386
32932,9015,31632
32900,9109,31442
32873,8975,31574
32872,8981,31516
32916,8974,31660
32904,8964,31732
32896,8945,31887
32880,8941,31815
32892,8935,31831
32908,8943,31841
32944,8957,31886
32908,8969,31597
32848,8979,31822
32820,8983,31838
32764,9045,31922
32756,9020,32082
32805,8975,31710
32864,8949,31980
32929,8934,32032
32960,8942,32055
33052,8955,32171
33089,8982,32111
33056,9003,32117
33102,8991,32134
33114,8983,32242
33144,8980,32053
33174,8977,32080
33124,8962,32104
33192,8970,32181
33208,8964,32164
33204,8990,32183
33208,8988,32321
33236,9009,32301
33168,9006,32405
33096,8993,32239
33064,8973,32348
32992,8953,32472
33016,8947,32132
33052,8942,32244
33128,8943,32333
33144,9029,32423
33132,9027,32590
33145,9016,32311
33124,9023,32444
33108,8995,32620
33108,8975,32204
33126,8996,32553
33144,8971,32229
33160,8980,32468
33136,8965,32472
33172,8969,32551
33188,8983,32711
33184,8999,32293
33164,9054,32559
33124,9007,32641
33092,9049,32514
33073,9002,32711
33052,8992,32656
32941,8986,32632
32752,8977,32705
32386,9007,32510
32080,8986,32671
31908,8997,32677
31680,9060,32655
31380,9030,32712
31136,9005,32791
30960,8997,32620
30876,8968,32724
31324,9060,32606
32334,9044,32652
33713,9061,32694
35460,9054,32844
37612,9057,32409
40248,9040,32670
43204,9026,32829
46228,9027,32722
48936,9048,32669
50716,9029,32708
50868,9023,32833
49512,9025,32709
47748,9029,32583
45988,9048,32540
44168,9071,32583
42332,9049,32639
40636,9041,32685
38814,9024,32839
36880,9005,32492
35496,8991,32655
34640,9129,32743
34112,9057,32684
33625,9054,32809
33080,9061,32664
32812,9061,32676
32596,9039,32567
32492,9033,32644
32358,9010,32759
32220,8999,32599
32016,8989,32557
31728,8978,32668
31546,8980,32604
31376,8995,32742
31232,9003,32612
31040,9014,32732
30948,9020,32557
30862,9013,32708
30692,9003,32551
30776,9115,32564
30794,9039,32420
30828,9023,32504
30844,9011,32566
30884,9017,32178
30881,9039,32396
30844,9071,32451
30926,9082,32532
30865,9090,32399
30936,9006,32519
30964,8991,32375
30928,8976,32352
30982,8978,32323
31013,9004,32295
31048,9001,32263
31152,9019,32238
31188,9055,32197
31244,9088,32228
31257,9010,32167
31284,9003,32156
31337,8987,32201
31308,8982,32335
31300,8975,32244
31346,9033,32214
31370,9026,32388
31349,9036,32229
31478,9054,32199
31476,9047,32217
31494,9020,32189
31552,9005,32230
31576,8990,32227
31560,8980,31919
31560,8977,32140
31604,8975,32112
31621,8990,32180
31621,9005,32182
31656,9013,32177
31718,9079,32223
31710,9063,31874
31653,9050,32282
31764,9029,31869
31788,9023,32187
31796,9007,31855
31784,9001,31996
31796,9026,32057
31801,9046,32119
31804,9061,32181
31804,9047,32123
31820,9045,32091
31820,9007,32252
31808,8985,32083
31812,8978,32050
31812,8978,32021
31808,9039,32074
31940,9028,32201
31937,9033,31836
31932,9085,32204
31980,9103,32059
31992,9089,31981
31968,9072,31964
31932,9047,32033
31870,9009,31913
31888,9007,31993
31888,8998,31999
31908,8996,31981
32024,9017,31696
31996,9017,31905
32064,9078,31983
32076,9080,31721
32080,9042,31870
32049,9010,32001
32044,9013,31873
32023,9005,31988
32090,9013,31815
32100,9026,31851
32124,9026,31540
32136,9033,31767
32136,9026,31879
32192,9026,31641
32188,9012,31647
32220,9071,31701
32220,9035,31696
32224,9005,31604
32250,8999,31764
32240,9002,31526
32272,9072,31621
32308,9071,31748
32300,9049,31421
32294,9028,31591
32296,9015,31623
32270,9003,31293
32260,8991,31465
32293,9054,31636
32285,9039,31224
32268,9050,31440
32242,9060,31360
32300,9049,31383
32234,9047,31378
32212,9052,31409
32340,9026,31285
32389,9020,31263
32432,9007,31225
32416,9012,31144
32402,9023,31191
32357,9048,31218
32320,9061,31200
32272,9078,31237
32256,9089,31261
32268,9065,31239
32184,9028,31285
32100,9015,31409
32132,9007,31283
32065,9004,31287
32072,9005,31239
32096,9022,31345
32084,9037,31248
32064,9045,31332
32060,9058,31220
32060,9036,31351
32088,9029,31215
32089,9017,31332
32100,9007,31179
32160,9009,31140
32202,9009,31108
32232,9007,31175
32244,9027,31177
32196,9040,31168
32214,9036,31134
32312,9029,31161
32328,9019,31252
32372,9011,31159
32380,8994,31260
32372,9003,31126
32368,8983,31073
32396,8990,31027
32400,9009,31068
32424,9081,31194
32428,9059,30831
32446,9057,31125
32448,9038,30910
32460,9007,31023
32436,8991,31154
32460,8977,31039
32476,8975,31167
32532,8991,31028
32528,9001,31148
32536,9016,30798
32561,9080,30993
32528,9043,31143
32564,9023,31029
32494,9015,30976
32516,9004,31033
32589,8980,31144
32620,8977,31005
32676,8991,31111
32620,9002,31014
32709,9017,30940
32700,9029,30916
32716,9021,30933
32737,9007,31020
32688,8993,31069
32816,8983,31042
32740,8972,31095
32684,8979,31047
32692,8994,31005
32778,9026,31001
32812,9042,30847
32804,9083,31065
32782,9077,30766
32820,9070,31007
32836,9106,30789
32870,9046,30895
32814,9031,30965
32886,9035,30975
32904,9045,30887
32860,9151,31113
32840,9021,30986
32900,9025,30927
32869,9041,30883
32856,9037,30908
32888,9023,31024
32890,9027,30980
32936,9018,30950
32965,9030,30781
32901,9030,30829
32944,9037,30901
32970,9060,30919
32884,9061,30956
32972,9060,30916
32956,9068,30844
32892,9059,30836
32948,9027,30892
32984,9022,30905
32968,9028,30990
32966,9054,30869
32992,9074,30788
33004,9079,30744
32996,9057,30725
33000,9069,30989
32964,9061,30855
32956,9023,30848
32918,9001,30773
32980,8977,30849
32990,8980,30871
32940,8993,30729
33004,9007,30789
32948,9087,30956
32948,9110,30828
32944,9165,30855
32948,9150,30727
32972,9134,30745
32984,8987,30716
33000,8981,30692
32984,8994,30697
32956,9001,30674
32972,9037,30724
32980,9031,30733
32992,9046,30736
32968,9047,30813
32916,9055,30810
32884,9066,30666
32808,8987,30668
32872,8977,30901
32900,8977,30836
32928,9015,30769
32920,9015,30697
32940,9033,30727
32944,9036,30727
32920,9035,30802
32892,9024,30848
32900,9013,30963
32917,9030,30855
32912,9031,30834
32908,9044,30820
32868,9059,30786
32897,9125,30845
32892,9081,30911
32868,9076,30876
32873,9066,31012
32868,9056,30883
32852,9050,30975
32864,9038,30612
32852,9029,30844
32833,9028,30767
32823,9025,30791
32841,9027,30802
32830,9041,30919
32798,9027,30860
32812,9019,30829
32788,9013,30930
32760,8999,31033
32744,9057,30798
32744,9042,30920
32736,9020,31069
32768,9033,30651
32732,9056,30918
32808,9075,30708
32798,9073,30841
32800,9077,30820
32788,9079,31077
32796,9055,30692
32752,9011,30924
32781,9006,31111
32788,8985,30778
32780,8985,30925
32764,8999,30905
32812,9013,30958
32844,9016,31148
32828,9081,30851
32821,9060,30983
32817,9036,31104
32796,9012,31043
32768,8990,31077
32744,9003,30885
32716,8994,31002
32645,9002,31096
32714,9010,31061
32712,9015,31087
32709,9017,30854
32708,9068,30972
32704,9041,31045
32700,9009,31102
32744,9010,31231
32708,9001,31117
32736,9001,31126
32708,9015,30855
32740,9020,30993
32753,9031,31113
32780,9035,31100
32772,9016,31084
32772,9015,31124
32775,9013,31095
32772,8996,31159
32721,8992,31212
32720,9003,31132
32752,9013,31085
32730,9036,31039
32712,9059,31074
32728,9072,31076
32757,9118,31103
32752,8991,31177
32760,9037,31321
32748,9042,30922
32756,8975,31324
32732,8997,30964
32740,8996,31063
32724,9005,31215
32708,9012,31207
32712,9066,31069
32688,9139,31133
32704,9052,31204
32740,9030,31365
32728,9004,31140
32684,9007,31133
32690,9005,31199
32704,9008,31251
32724,9008,31095
32724,9007,31310
32724,9011,31239
32736,8998,31133
32740,9047,31380
32724,9015,31047
32700,8998,31236
32712,8997,31399
32704,9001,31056
32750,9005,31239
32740,9020,31312
32720,9028,31261
32676,9037,31411
32688,9023,30997
32709,9001,31199
32641,8985,31206
32600,8985,31196
32596,8972,31287
32616,8982,31309
32600,8997,31401
32580,9095,31189
32616,9073,31261
32612,9049,31412
32609,9028,31042
32584,9008,31203
32560,9001,31237
32560,9000,31317
32593,8979,31316
32580,8986,31252
32568,9149,31324
32532,9079,31425
32504,9071,31110
32540,9050,31329
32568,9031,31508
32556,9017,31124
32522,9001,31255
32552,9003,31432
32572,8981,31200
32638,8993,31412
32704,9150,31412
32757,9079,31506
32792,9055,31250
32836,9043,31463
32820,9013,31535
32824,8999,31389
32820,8988,31459
32794,8980,31618
32808,8982,31533
32804,8991,31533
32830,9003,31524
32829,9017,31591
32821,9024,31606
32797,9023,31676
32752,9017,31553
32768,9005,31682
32796,8988,31747
32790,9060,31893
32772,9047,31699
32791,9057,31732
32789,9061,31790
32772,9038,31878
32752,9041,31911
32740,9037,31781
32798,9012,31959
32828,9005,32135
32768,8989,31740
32689,8985,31917
32642,9093,32068
32600,9061,32108
32628,9034,32131
32700,9028,32159
32780,9036,32199
32784,9032,32351
32776,9015,31942
32776,9004,32167
32720,8990,32159
32664,9094,32204
32564,8986,32293
32288,8997,32350
31936,9015,32421
31584,9018,32390
31332,9068,32583
31152,9028,32447
30940,9022,32570
30776,9007,32495
30625,8995,32500
30804,8993,32453
31488,9013,32503
32644,9009,32591
34256,9009,32615
36244,9026,32632
38656,9034,32372
41448,9033,32592
44508,9021,32677
47576,9102,32556
50284,9088,32697
51912,9051,32784
51756,9086,32789
50432,9105,32891
48732,9130,32852
46976,9057,32927
44876,9060,32884
42460,9060,32864
40157,9055,32901
37928,9116,33043
35996,9175,33020
34572,9152,33180
33732,9013,33073
33152,9013,33191
32622,9025,32809
32300,9037,32991
32101,9039,33091
31936,9139,33178
31652,9087,33127
31468,9076,33156
31200,9046,33235
30932,9023,33340
30708,9013,33304
30604,9025,33399
30440,9025,33028
30272,9057,33332
30124,9049,33241
30001,9041,33275
29960,9028,33277
29944,9015,33309
29944,9021,33148
29992,9021,33449
29997,8997,33388
29928,9002,33390
29920,9039,33327
29920,9059,33501
30016,9029,33539
30148,9030,33476
30225,9027,33407
30285,9011,33487
30276,8991,33463
30284,8997,33254
30286,8997,33459
30312,9002,33557
30334,9012,33604
30356,9028,33685
30359,9045,33636
30368,9055,33743
30428,9025,33335
30484,9007,33532
30501,9001,33728
30544,8993,33703
30625,9041,33735
30690,9029,33645
30704,9031,33735
30705,9039,33795
30710,9058,33662
30716,9033,33748
30704,9023,33724
30764,9010,33703
30789,9061,33751
30792,9030,33627
30836,9021,33721
30888,9007,33741
30953,9034,33639
30904,9053,33661
30864,9051,33703
30812,9050,33687
30808,9039,33685
30913,9041,33685
31036,9028,33655
31097,9007,33575
31136,9013,33591
31188,9018,33634
31196,9029,33599
31192,9056,33641
31204,9057,33644
31184,9053,33730
31164,9055,33589
31160,9031,33668
31220,9001,33309
31264,8996,33476
31272,9067,33351
31288,9140,33316
31252,9091,33316
31224,9086,33424
31256,9069,33236
31324,9052,33147
31360,9060,33128
31416,9033,33100
31456,9015,33045
31479,9002,33004
31484,9005,32889
31472,9010,32835
31476,9021,32756
31548,9036,32745
31614,9047,32689
31546,9044,32659
31472,9039,32712
31480,9022,32511
31532,9008,32585
31621,9001,32394
31668,9006,32359
31676,9033,32148
31724,9042,32095
31740,9066,32055
31700,9079,31966
31720,9074,31943
31694,9065,31855
31697,9037,31782
31740,9031,31664
31821,9033,31568
31874,9069,31616
31884,9069,31524
31932,9092,31365
31920,9120,31351
31933,9106,31457
31948,9054,31268
31948,9046,31301
31908,9029,31122
31933,9020,31079
31916,9040,30960
31944,9028,30836
31960,9037,30724
32008,9055,30679
32020,9063,30610
32020,9077,30553
32024,9095,30428
32024,9095,30389
31992,9099,30365
32060,9065,30447
32120,9036,30056
32110,9040,30249
32072,9023,30324
32024,9041,29948
32012,9122,30049
31992,9115,30089
31964,9065,29793
31981,9051,29933
32013,9173,29901
32041,9070,29751
32048,9061,29681
32048,9045,29713
32085,9038,29743
32113,9051,29825
32122,9061,29524
32116,9066,29554
32116,9063,29545
32100,9050,29552
32068,9038,29639
32093,9024,29481
32117,9042,29489
32164,9025,29422
32228,9024,29380
32344,9049,29201
32424,9067,29185
32456,9059,29341
32494,9050,29261
32540,9160,29108
32616,9099,29132
32633,9085,29191
32632,9071,29291
32669,9057,28930
32692,9055,29044
32680,9063,29023
32752,9074,29101
32812,9077,29213
32834,9072,29080
32796,9074,29191
32776,9050,29048
32832,9051,29175
32876,9038,29013
32904,9036,28951
32906,9044,28977
32937,9051,29036
32964,9046,28983
32960,9052,29089
32925,9050,28766
32872,9123,28869
32861,9073,29073
32842,9039,28908
32856,9037,28900
32909,9022,28753
32924,9037,28807
32984,9047,28836
32996,9074,28792
32960,9085,28717
32932,9070,28819
32912,9049,28980
32960,9035,28959
32997,9027,28994
33049,9018,28980
33096,9015,28992
33118,9024,28789
33112,9039,28956
33140,9049,28965
33173,9061,28999
33196,9061,28945
33208,9057,29044
33180,9177,29189
33172,9035,29095
33196,9022,29003
33176,9025,28989
33212,9028,29033
33228,9046,29108
33264,9060,29096
33278,9069,29191
33258,9199,29315
33280,9145,29113
33292,9111,29196
33284,9095,29271
33286,9099,29263
33322,9093,29389
33328,9106,29324
33353,9151,29453
33336,9127,29337
33321,9130,29350
33358,9125,29154
33388,9098,29289
33404,9071,29543
33412,9073,29241
33415,9042,29476
33396,9040,29548
33428,9047,29580
33400,9060,29468
33360,9071,29551
33364,9085,29537
33424,9082,29613
33440,9079,29716
33476,9122,29910
33470,9070,29737
33416,9061,29876
33436,9071,30012
33400,9065,29981
33388,9078,30123
33381,9095,30061
33396,9090,30215
33408,9093,29927
33409,9079,30086
33420,9067,30173
33424,9148,30327
33420,9100,30511
33412,9066,30245
33376,9064,30484
33416,9068,30647
33432,9077,30333
33397,9088,30508
33393,9178,30631
33422,9138,30655
33436,9124,30749
33400,9094,30893
33401,9079,31069
33408,9081,30996
33397,9079,31095
33364,9094,31103
33372,9108,31261
33400,9115,31239
33384,9100,31404
33349,9112,31118
33348,9077,31365
33372,9055,31591
33394,9046,31228
33413,9118,31429
33416,9142,31532
33461,9135,31687
33436,9139,31708
33421,9137,31738
33423,9136,31770
33412,9127,31868
33372,9102,31951
33352,9073,32031
33348,9066,32159
33364,9080,32132
33376,9067,32244
33348,9085,32223
33324,9106,32371
33312,9148,32316
33317,9163,32319
33352,9088,32309
33340,9076,32308
33348,9063,32478
33336,9055,32593
33336,9061,32628
33352,9058,32807
33360,9069,32561
33354,9097,32802
33336,9105,32585
33312,9128,32807
33304,9129,32741
33281,9114,32879
33288,9092,33045
33260,9073,32965
33249,9076,33009
33252,9077,32956
33228,9085,33069
33208,9119,33250
33212,9108,33009
33220,9113,33109
33228,9122,33135
33244,9092,33231
33256,9095,33351
33212,9107,33289
33198,9111,33415
33175,9152,33365
33200,9071,33476
33212,9119,33281
33200,9128,33377
33204,9125,33444
33180,9103,33583
33136,9139,33479
33112,9062,33248
33100,9071,33668
33072,9079,33603
33028,9102,33654
33040,9140,33534
33032,9159,33589
33072,9211,33588
33100,9180,33703
33092,9155,33754
33080,9132,33866
33050,9131,33466
33031,9116,33693
32996,9090,33929
33012,9086,33517
33020,9092,33732
32988,9106,33868
32984,9122,33894
32992,9134,33977
33032,9120,33926
33052,9125,33962
33020,9088,33947
33020,9091,33975
32992,9112,34053
32992,9131,34033
32972,9078,34012
32992,9113,34055
32989,9124,34199
32997,9121,34055
33005,9133,34157
32980,9149,34119
33008,9224,34165
32996,9062,33847
32960,9063,34085
32972,9074,34204
33001,9108,34183
32976,9117,34318
32936,9133,34044
32932,9140,34172
32900,9133,34304
32873,9100,33967
32820,9087,34117
32800,9100,34202
32820,9089,34274
32808,9099,34421
32805,9113,34108
32816,9126,34296
32797,9150,34428
32740,9153,34338
32710,9158,34417
32704,9149,34055
32692,9141,34433
32684,9168,34128
32736,9069,34284
32808,9071,34174
32818,9083,34356
32885,9100,34387
32948,9112,34464
32992,9110,34589
33013,9105,34401
33044,9105,34439
33080,9087,34628
33064,9091,34495
33080,9093,34552
33076,9097,34514
33048,9107,34575
33025,9140,34716
33020,9201,34597
33004,9173,34551
32957,9105,34446
32908,9089,34559
32872,9082,34519
32864,9069,34629
32858,9077,34613
32876,9118,34662
32880,9145,34789
32884,9099,34685
32920,9110,34855
32932,9124,34492
32925,9124,34605
32932,9115,34703
32928,9117,34743
32925,9129,34863
32916,9159,34796
32884,9072,34806
32864,9080,34735
32860,9097,34803
32870,9100,34964
32886,9105,34599
32876,9102,34833
32896,9090,35018
32908,9077,34893
32900,9066,35047
32832,9058,34695
32752,9066,34943
32548,9092,35014
32236,9117,34889
31916,9121,34959
31612,9137,35109
31373,9125,34656
31148,9107,34959
30900,9096,35132
30704,9090,35036
30545,9116,35175
30752,9124,35056
31585,9162,35140
32960,9099,35073
34716,9109,35173
36860,9106,35100
39464,9105,35125
42444,9090,34758
45664,9081,35017
48768,9069,35159
51120,9078,34804
52024,9192,35128
51164,9209,35286
49452,9273,35184
47456,9134,35268
45400,9337,34887
43216,9221,35234
41124,9209,35397
39100,9181,34920
37036,9169,35284
35440,9089,34959
34436,9088,35353
33820,9103,35036
33356,9113,35265
32864,9118,35284
32512,9120,35285
32280,9116,35147
32082,9113,35568
31894,9105,35469
31704,9122,35584
31504,9137,35524
31228,9184,35625
30969,9082,35574
30780,9096,35637
30630,9133,35549
30505,9128,35580
30364,9141,35637
30240,9137,35692
30156,9103,35687
30116,9085,35828
30080,9083,35703
30060,9090,35767
30086,9105,35733
30096,9124,35903
30080,9150,35782
30109,9165,35860
30148,9215,35805
30172,9087,35892
30208,9080,35871
30213,9062,35790
30264,9060,35935
30336,9066,35941
30384,9072,36079
30396,9095,35975
30448,9100,36002
30484,9107,35695
30488,9115,36079
30525,9118,35847
30540,9100,36085
30572,9077,36236
30568,9088,36194
30604,9117,36272
30644,9133,36257
30660,9133,36242
30684,9145,36048
30688,9140,36208
30720,9119,36312
30724,9112,36391
30736,9103,36508
30801,9106,36492
30852,9107,36675
30884,9125,36541
30928,9139,36517
30984,9188,36572
31008,9095,36588
31052,9100,36460
31072,9095,36580
31066,9098,36563
31072,9092,36636
31074,9084,36731
31072,9085,36791
31084,9188,36801
31120,9070,36871
31156,9085,36655
31196,9091,36820
31208,9095,36943
31238,9093,36909
31217,9080,37047
31256,9073,36660
31273,9085,36774
31284,9067,36852
31304,9095,36839
31312,9133,36893
31352,9130,36893
31360,9157,37024
31356,9104,36488
31332,9157,36842
31360,9140,36799
31360,9116,36752
31396,9117,36791
31420,9100,36917
31428,9111,36451
31421,9136,36649
31444,9084,36639
31487,9105,36575
31516,9125,36594
31508,9117,36610
31521,9090,36497
31552,9079,36445
31584,9064,36471
31596,9070,36583
31576,9071,36376
31608,9084,36231
31661,9094,36348
31688,9104,36285
31760,9122,36333
31789,9119,36214
31777,9119,36280
31792,9094,36132
31804,9089,36127
31832,9077,35965
31853,9092,35847
31876,9135,35682
31928,9151,35813
31968,9107,35797
31997,9185,35785
31988,9238,35860
31984,9154,35512
32032,9118,35625
32046,9095,35671
32053,9076,35500
32052,9081,35477
32032,9117,35476
32012,9139,35354
32018,9154,35207
32024,9161,35180
32020,9214,35060
32040,9093,35079
32064,9073,34959
32092,9068,34951
32100,9061,34887
32112,9068,34983
32087,9081,34887
32068,9091,34948
32068,9108,34785
31988,9105,34849
31984,9101,34668
31988,9091,34497
31974,9082,34584
31940,9063,34525
31912,9062,34492
31876,9063,34462
31860,9069,34556
31889,9090,34115
31908,9099,34237
31905,9101,34372
31892,9169,34232
31872,9154,34201
31909,9124,34116
31950,9078,34135
32013,9063,34114
32024,9061,34055
32084,9066,33815
32100,9079,33917
32112,9090,34071
32112,9145,33821
32120,9139,33868
32128,9095,33684
32133,9068,33920
32136,9045,33687
32152,9040,33724
32164,9051,33813
32232,9119,33365
32256,9109,33550
32286,9093,33708
32304,9099,33212
32336,9080,33372
32340,9063,33388
32336,9054,33327
32340,9044,33273
32328,9036,33247
32317,9039,33196
32340,9048,33261
32380,9063,33340
32384,9155,33197
32404,9127,33038
32460,9109,33048
32516,9094,33030
32501,9083,32986
32477,9086,32980
32500,9087,32812
32510,9099,32865
32528,9108,32806
32556,9116,32805
32570,9108,32887
32572,9094,32877
32574,9124,32965
32557,9127,32657
32544,9111,32697
32568,9100,32671
32577,9105,32593
32592,9114,32625
32609,9140,32541
32609,9146,32572
32630,9134,32614
32640,9141,32609
32684,9162,32527
32693,9129,32593
32694,9089,32540
32676,9084,32503
32644,9082,32300
32654,9101,32324
32657,9050,32281
32680,9063,32357
32676,9072,32378
32696,9075,32332
32764,9065,32425
32778,9057,32012
32792,9045,32165
32848,9103,32375
32864,9061,32122
32864,9048,32199
32825,9063,32231
32817,9061,32060
32800,9066,32092
32820,9074,32023
32840,9129,32100
32832,9079,31719
32832,9074,31953
32845,9035,32079
32802,9031,31835
32816,9087,31897
32804,9065,31740
32780,9076,31763
32780,9082,31798
32796,9088,31854
32804,9072,31477
32812,9128,31751
32836,9082,31852
32792,9060,31449
32772,9045,31561
32768,9061,31719
32764,9047,31659
32764,9054,31734
32823,9068,31623
32811,9070,31745
32812,9067,31591
32812,9057,31701
32808,9043,31290
32768,9142,31517
32757,9101,31599
32732,9131,31557
32700,9105,31684
32688,9121,31256
32732,9134,31630
32736,9174,31531
32741,9129,31629
32744,9113,31519
32740,9093,31631
32701,9060,31239
32740,9057,31359
32772,9045,31446
32797,9075,31483
32796,9071,31607
32784,9074,31471
32776,9075,31327
32776,9123,31459
32748,9083,31465
32756,9064,31353
32752,9030,31556
32713,9095,31453
32756,9087,31442
32761,9087,31319
32734,9095,31333
32752,9097,31377
32744,9088,31399
32772,9085,31485
32789,9083,31443
32815,9057,31612
32784,9067,31223
32776,9062,31332
32784,9048,31404
32792,9055,31462
32796,9086,31629
32769,9086,31233
32760,9103,31524
32768,9097,31399
32748,9083,31480
32736,9087,31500
32732,9099,31534
32725,9087,31669
32728,9099,31295
32712,9107,31516
32704,9111,31669
32672,9105,31399
32684,9092,31564
32692,9090,31655
32716,9076,31599
32704,9061,31622
32702,9047,31533
32712,9052,31602
32708,9055,31738
32692,9078,31631
32645,9097,31596
32628,9098,31627
32636,9124,31685
32668,9111,31744
32652,9102,31727
32622,9108,31865
32600,9092,31725
32620,9096,31816
32616,9157,31644
32609,9044,31705
32612,9061,31653
32629,9073,31662
32648,9074,31735
32668,9085,31786
32657,9079,31581
32632,9087,31943
32624,9060,31863
32620,9061,32020
32632,9064,31644
32660,9068,31844
32680,9076,31863
32676,9111,31812
32672,9122,31935
32696,9140,31907
32708,9157,31916
32724,9059,31967
32700,9042,31943
32708,9037,31929
32700,9038,31977
32704,9052,31946
32728,9167,32000
32740,9075,32040
32720,9077,32066
32716,9077,32027
32741,9072,32083
32716,9063,32080
32724,9055,32104
32733,9062,32074
32704,9101,31951
32662,9155,32343
32628,9063,32279
32628,9100,32322
32604,9099,32292
32614,9111,32247
32608,9119,32215
32536,9131,32104
32520,9046,32348
32492,9035,32236
32496,9039,32316
32484,9079,32381
32484,9076,32414
32452,9087,32494
32396,9105,32516
32408,9090,32572
32432,9097,32605
32460,9086,32761
32479,9071,32641
32492,9061,32636
32488,9068,32422
32544,9061,32864
32616,9093,32613
32668,9097,32787
32776,9111,32557
32800,9106,32919
32840,9077,32864
32847,9057,33015
32824,9106,32849
32836,9081,32927
32848,9083,32925
32880,9094,32890
32757,9127,32768
32832,9155,33076
32840,9081,33080
32832,9079,33143
32832,9151,33121
32736,9115,33238
32780,9093,33167
32741,9093,33209
32670,9116,33151
32644,9048,32945
32684,9062,33332
32708,9101,33211
32712,9107,33260
32791,9091,33277
32725,9072,33165
32760,9057,33181
32775,9038,33303
32812,9033,33325
32796,9041,33366
32760,9047,33437
32801,9080,33412
32797,9097,33540
32776,9093,33372
32719,9099,33452
32784,9079,33592
32776,9054,33200
32768,9037,33354
32718,9109,33623
32652,9098,33213
32484,9110,33428
32232,9105,33601
31954,9124,33540
31553,9139,33415
31345,9083,33253
31168,9068,33625
30912,9055,33463
30636,9102,33543
30540,9085,33663
30820,9094,33524
31601,9109,33604
32941,9170,33206
34728,9165,33509
36876,9156,33314
39480,9222,33552
42456,9067,33484
45684,9140,33344
48792,9087,33548
51261,9068,33461
52424,9074,33438
51792,9111,33389
50260,9131,33381
48424,9125,33435
46356,9135,33439
44016,9113,33305
41612,9097,33449
39384,9093,33386
37268,9074,33428
35597,9069,33406
34468,9084,33361
33812,9086,33391
33320,9093,33549
32864,9099,33460
32476,9107,33588
32229,9113,33437
32008,9133,33543
31732,9181,33480
31560,9103,33516
31328,9101,33359
31060,9097,33495
30812,9076,33665
30642,9079,33372
30422,9094,33412
30260,9113,33493
30132,9111,33534
30047,9118,33531
29964,9103,33556
29944,9070,33606
29932,9057,33632
29924,9052,33590
29940,9074,33599
29988,9076,33676
29988,9081,33781
30028,9093,33700
30016,9091,33708
30104,9093,33671
30120,9068,33717
30172,9070,33695
30188,9051,33767
30224,9060,33893
30184,9078,33683
30236,9076,33812
30316,9087,33799
30312,9124,33730
30368,9123,33783
30444,9068,33890
30413,9057,34055
30460,9041,33965
30496,9036,34125
30520,9035,33770
30516,9051,33895
30624,9061,33964
30648,9078,34005
30656,9077,34055
30688,9079,34102
30752,9067,34247
30817,9057,33862
30844,9181,34046
30836,9042,34123
30836,9038,34132
30854,9050,34132
30881,9061,34183
30926,9076,34311
30948,9084,34204
30949,9084,34215
30972,9103,34183
30980,9082,34205
31048,9069,34261
31072,9060,34043
31069,9080,34204
31096,9165,34228
31096,9069,34143
31135,9092,34069
31092,9098,33947
31114,9110,34178
31116,9104,33927
31196,9078,34162
31173,9063,34229
31228,9061,33862
31201,9068,34093
31194,9081,34004
31204,9093,34109
31288,9106,34160
31264,9123,34111
31312,9156,34197
31284,9085,34071
31306,9133,34183
31321,9057,34025
31328,9050,34089
31388,9060,33957
31397,9073,33952
31372,9093,33909
31441,9100,33865
31380,9102,33872
31380,9124,33967
31388,9116,33788
31404,9102,33727
31381,9077,33557
31425,9083,33652
31470,9070,33609
31456,9076,33622
31408,9092,33767
31489,9095,33583
31592,9109,33511
31621,9100,33471
31572,9099,33471
31556,9075,33605
31612,9064,33447
31569,9056,33547
31628,9060,33100
31672,9067,33400
31724,9083,33081
31768,9091,33174
31795,9239,33311
31792,9162,33260
31776,9144,33250
31736,9119,33033
31724,9125,33073
31800,9077,33263
31816,9116,33079
31840,9109,32772
31836,9112,33085
31826,9113,32727
31888,9108,32853
31913,9127,32953
31988,9093,32921
31940,9194,32765
31974,9117,32791
31996,9093,32812
32016,9072,32929
31998,9086,32639
32048,9126,32863
31972,9142,32503
31832,9149,32678
31992,9140,32639
32008,9126,32638
31974,9093,32750
31920,9083,32400
31894,9067,32519
31948,9071,32555
31933,9079,32584
31920,9099,32559
31924,9100,32572
31917,9115,32620
31952,9103,32537
31969,9089,32670
31944,9181,32394
32000,9119,32507
32038,9077,32602
32060,9093,32255
32132,9092,32519
32169,9111,32441
32224,9115,32565
32260,9135,32436
32208,9139,32519
32296,9132,32401
32368,9100,32526
32368,9067,32080
32400,9069,32324
32432,9079,32300
32448,9073,32279
32544,9084,32183
32520,9095,32258
32540,9098,32261
32575,9100,32197
32517,9109,32315
32540,9082,32297
32536,9084,32244
32565,9066,32183
32576,9079,32103
32609,9076,32414
32620,9105,32254
32568,9119,32183
32644,9117,32212
32636,9120,32143
32640,9125,32109
32596,9119,32008
32604,9108,32118
32604,9090,32108
32644,9095,32060
32656,9181,31887
32704,9196,32215
32736,9157,32146
32716,9091,32281
32752,9225,32122
32772,9149,32228
32760,9127,31927
32748,9124,32210
32760,9104,32079
32777,9106,32107
32740,9058,32095
32780,9133,32201
32777,9129,32072
32820,9148,32088
32833,9155,32000
32840,9144,32049
32812,9121,32023
32858,9106,32150
32892,9086,32007
32864,9105,32127
32856,9101,31991
32846,9127,32084
32874,9138,31951
32928,9149,32055
32839,9155,31918
32929,9146,32023
32956,9072,31909
32944,9052,31826
32926,9058,31724
32916,9068,31567
32916,9072,31911
32929,9101,31785
32945,9137,31921
32968,9153,31783
32996,9244,31717
33024,9082,31614
32988,9068,31518
32988,9060,31568
32972,9055,31688
32965,9061,31668
33020,9090,31593
33016,9104,31617
33008,9117,31581
33012,9118,31568
33024,9116,31605
33012,9115,31717
32972,9090,31576
32965,9070,31556
33004,9053,31519
33014,9057,31466
33004,9064,31433
33056,9077,31380
33032,9095,31605
33085,9123,31548
33092,9109,31478
33072,9120,31445
33052,9125,31527
33061,9124,31597
33048,9058,31405
33149,9055,31270
33136,9076,31511
33128,9108,31388
33024,9150,31294
33068,9097,31650
33120,9093,31516
33108,9105,31428
33064,9091,31416
33081,9094,31409
33088,9087,31436
33072,9082,31493
33096,9115,31383
33140,9145,31332
33132,9159,31503
33104,9101,31508
33149,9097,31653
33132,9092,31519
33060,9082,31650
33068,9079,31492
33072,9086,31649
33076,9066,31314
33080,9068,31428
33053,9081,31305
33112,9094,31460
33096,9103,31444
33124,9113,31404
33156,9125,31288
33141,9092,31618
33142,9103,31549
33112,9100,31669
33090,9197,31553
33028,9069,31561
33046,9103,31419
33132,9121,31324
33160,9160,31703
33188,9106,31566
33096,9095,31557
33098,9087,31535
33142,9103,31399
33164,9079,31694
33144,9111,31599
33124,9125,31719
33176,9148,31606
33169,9165,31718
33196,9111,31557
33188,9108,31525
33200,9105,31605
33166,9124,31350
33152,9112,31751
33173,9097,31621
33184,9096,31750
33220,9096,31373
33216,9119,31788
33200,9157,31656
33208,9253,31566
33156,9118,31567
33204,9113,31690
33188,9125,31653
33224,9099,31615
33208,9104,31661
33242,9105,31687
33212,9111,31796
33232,9125,31695
33224,9141,31837
33268,9143,31716
33256,9139,31859
33218,9131,31718
33192,9139,31846
33212,9139,31744
33208,9138,31815
33176,9141,31751
33220,9168,31751
33244,9236,31698
33252,9123,31698
33276,9127,31703
33248,9126,31701
33230,9123,31785
33228,9244,31849
33228,9162,31821
33228,9087,31924
33216,9083,31828
33216,9092,31941
33280,9106,31834
33260,9125,31961
33232,9145,31742
33224,9190,31585
33248,9121,31953
33248,9131,31762
33240,9132,31781
33237,9109,31897
33236,9132,31890
33242,9166,31994
33204,9181,31887
33168,9198,31836
33188,9137,31887
33144,9138,31928
33060,9129,32023
33100,9114,31937
33092,9103,31887
33084,9096,31953
33060,9095,32058
33048,9104,31977
33012,9129,31878
32964,9133,31900
32988,9141,31953
33020,9146,31924
33022,9148,31793
33068,9150,32167
33108,9133,32076
33136,9133,32107
33176,9121,31797
33174,9124,32173
33236,9153,31820
33300,9167,32148
33349,9157,32151
33341,9162,32188
33372,9161,32113
33356,9151,32189
33316,9127,32157
33317,9117,32175
33330,9129,32239
33365,9137,32343
33328,9133,32164
33332,9156,32204
33316,9145,32301
33266,9138,32297
33212,9135,32349
33201,9130,32248
33159,9129,32238
33128,9129,32284
33110,9133,32361
33108,9143,32425
33136,9148,32388
33137,9161,32473
33160,9199,32451
33201,9177,32617
33189,9170,32197
33192,9143,32387
33204,9134,32458
33188,9123,32565
33156,9135,32622
33168,9153,32608
33153,9161,32748
33177,9193,32612
33210,9186,32583
33229,9198,32613
33196,9186,32702
33120,9149,32727
33028,9125,32687
32860,9134,32775
32606,9136,32929
32272,9134,32821
31928,9139,32759
31680,9137,32799
31508,9148,32890
31320,9152,32964
31192,9141,32932
30988,9132,33012
31032,9116,32960
31632,9108,32948
32712,9108,33061
34292,9156,33016
36296,9144,33238
38744,9144,33117
41632,9158,33146
44728,9198,33087
47864,9195,33340
50644,9137,33110
52348,9131,33214
52196,9309,33415
50840,9221,33332
49117,9226,33440
47252,9210,33084
44984,9210,33337
42420,9200,33436
39992,9194,33452
37808,9279,33596
35984,9222,33191
34660,9186,33476
33953,9165,33695
33420,9148,33492
32969,9145,33535
32624,9154,33709
32377,9231,33325
32136,9197,33580
31916,9187,33696
31765,9195,33726
31513,9151,33852
31232,9141,33693
30992,9134,33799
30793,9183,33767
30676,9168,33786
30561,9164,33857
30380,9180,33989
30272,9170,33719
30249,9172,33901
30240,9226,34049
30225,9172,33847
30232,9156,33949
30260,9132,33844
30272,9193,33949
30300,9183,34017
30333,9173,34168
30364,9180,33982
30444,9171,34085
30441,9240,34084
30374,9206,34114
30336,9180,34113
30342,9174,34036
30450,9154,34095
30564,9172,34117
30606,9184,34201
30664,9206,34172
30708,9217,34261
30740,9204,33935
30717,9189,34226
30701,9176,34370
30701,9184,34351
30721,9144,34412
30740,9134,34331
30752,9125,34415
30796,9136,34415
30868,9153,34447
30880,9162,34473
30940,9171,34506
31022,9175,34610
31089,9167,34575
31126,9156,34741
31108,9145,34615
31088,9135,34645
31072,9135,34582
31024,9246,34717
30958,9207,34684
30904,9217,34812
30920,9204,34679
30980,9198,34593
31032,9181,34645
31112,9153,34687
31189,9143,34750
31232,9135,34475
31277,9137,34567
31301,9143,34617
31304,9154,34788
31296,9175,34663
31292,9189,34639
31320,9206,34336
31389,9191,34515
31396,9177,34546
31380,9167,34472
31357,9182,34462
31344,9184,34423
31290,9188,34439
31224,9213,34419
31240,9227,34420
31284,9229,34375
31372,9224,34489
31432,9223,34325
31420,9201,34391
31480,9171,34161
31557,9162,34199
31614,9166,34285
31648,9169,33788
31648,9181,33908
31672,9190,34009
31656,9213,33953
31660,9197,33808
31652,9204,33761
31663,9183,33716
31668,9170,33671
31636,9143,33653
31624,9140,33637
31693,9154,33517
31756,9190,33551
31773,9187,33385
31704,9217,33393
31693,9197,33299
31728,9190,33333
31788,9190,33127
31832,9204,33078
31888,9195,33009
31916,9207,32909
31964,9213,32837
31981,9223,32775
31936,9249,32657
31912,9273,32585
31912,9193,32708
31916,9249,32512
31904,9216,32499
31853,9177,32535
31880,9157,32453
31930,9166,32421
31952,9203,32240
32028,9228,32101
32092,9241,32149
32136,9229,31916
32140,9236,32050
32100,9203,32007
32108,9187,31967
32108,9179,31893
32090,9167,31896
32084,9158,31943
32088,9178,31827
32093,9184,31744
32128,9196,31704
32170,9215,31599
32204,9215,31588
32196,9204,31555
32162,9180,31579
32152,9188,31607
32166,9164,31547
32204,9173,31495
32240,9158,31397
32260,9161,31445
32276,9177,31527
32244,9185,31118
32276,9185,31287
32368,9270,31397
32420,9277,31319
32424,9212,31254
32488,9215,31065
32560,9210,31102
32592,9217,31133
32647,9203,31202
32710,9208,31300
32756,9220,31175
32808,9239,31138
32848,9231,31140
32903,9196,31251
32924,9173,31088
32956,9146,30973
32952,9147,30992
32944,9148,31024
32916,9176,31069
32952,9188,31061
32948,9188,31196
33012,9179,31046
33040,9163,31140
33036,9155,31049
33040,9138,31146
33084,9129,31028
33089,9141,31153
33149,9157,31008
33176,9150,31100
33168,9184,31012
33124,9196,31060
33156,9184,30871
33152,9191,30820
33112,9164,30930
33145,9160,30822
33192,9194,31149
33232,9122,31012
33232,9156,30801
33244,9183,31130
33289,9221,31044
33321,9168,30967
33316,9169,31164
33320,9181,30983
33296,9207,30991
33276,9247,31210
33324,9123,31111
33300,9122,31084
33327,9133,31127
33332,9157,31133
33337,9156,31167
33316,9166,31284
33388,9169,31216
33404,9188,31227
33400,9163,31237
33398,9143,31268
33400,9134,31188
33388,9133,31239
33420,9159,31271
33412,9201,31104
33408,9220,31356
33413,9161,31299
33440,9254,31324
33424,9217,31405
33440,9200,31469
33449,9191,31495
33456,9238,31438
33496,9116,31604
33520,9123,31630
33568,9134,31511
33572,9168,31700
33546,9168,31749
33562,9170,31690
33540,9171,31615
33552,9176,31928
33552,9184,31837
33565,9111,31780
33569,9112,31744
33552,9112,31935
33562,9134,32004
33544,9154,32033
33536,9164,32032
33524,9159,32084
33508,9156,32101
33520,9156,32240
33516,9142,32165
33508,9139,32288
33517,9135,32256
33556,9141,32353
33548,9156,32292
33544,9166,32359
33552,9170,32393
33492,9174,32393
33456,9151,32429
33480,9148,32429
33532,9121,32431
33528,9121,32423
33497,9125,32487
33503,9118,32573
33472,9125,32641
33500,9141,32544
33524,9149,32893
33548,9194,32775
33540,9199,32797
33532,9183,32740
33504,9101,32609
33520,9180,32796
33537,9094,32673
33553,9095,33110
33552,9108,33036
33540,9118,33001
33504,9133,33247
33504,9138,33139
33518,9132,33089
33484,9131,33062
33482,9091,33172
33478,9082,33207
33456,9143,33336
33460,9119,33351
33452,9116,33423
33440,9119,33425
33424,9138,33389
33444,9156,33341
33468,9134,33437
33436,9115,33461
33441,9119,33578
33461,9094,33695
33476,9094,33639
33484,9089,33788
33508,9093,33661
33478,9123,33852
33458,9135,33729
33416,9119,33692
33428,9148,33855
33380,9136,33799
33360,9144,33742
33368,9119,33851
33368,9093,33799
33388,9097,33780
33372,9108,33694
33340,9145,34074
33312,9148,33935
33316,9144,34097
33316,9151,33969
33324,9201,33935
33340,9060,33879
33348,9049,33856
33332,9049,34192
33368,9048,34036
33352,9063,34005
33332,9103,34141
33344,9105,34102
33300,9136,34051
33263,9205,34252
33240,9071,34148
33230,9053,34240
33252,9047,34148
33280,9043,34199
33285,9058,34165
33308,9083,34149
33310,9090,34087
33264,9099,34155
33280,9119,34193
33248,9123,33924
33220,9120,34261
33210,9086,34183
33144,9100,34189
33070,9094,34209
33089,9100,34195
33100,9148,34093
33112,9185,34269
33084,9073,34311
33056,9078,34446
33060,9084,34324
32988,9067,34234
32964,9078,34481
32928,9031,34268
32838,9035,34052
32784,9063,34473
32800,9063,34346
32845,9089,34336
32848,9109,34425
32868,9135,34440
32901,9167,34420
32908,9130,34441
32968,9104,34501
32984,9024,34392
33024,9019,34447
33076,9055,34364
33112,9053,34247
33152,9088,34557
33168,9115,34522
33156,9116,34687
33152,9108,34249
33117,9076,34439
33121,9043,34527
33136,9026,34585
33159,9023,34608
33144,9028,34589
33114,9048,34589
33093,9053,34534
33036,9049,34532
32988,9054,34700
32972,9052,34435
32944,9029,34588
32944,9153,34773
32982,9063,34774
32974,9001,34807
32964,9007,34768
32980,9156,34770
33024,9109,34806
33044,9095,34880
33028,9082,34884
33016,9050,35036
33028,9033,34672
33012,8999,34876
32992,8997,34903
32996,8996,34908
32967,8998,34935
32952,9010,34981
32992,9013,35140
32964,9021,35047
32968,9036,35020
32904,9033,34980
32756,9028,34789
32485,9019,35227
32124,9012,35084
31784,8995,35112
31517,8988,35173
31300,8995,35184
31012,9007,35196
30804,9014,35199
30608,9019,35224
30728,9076,35303
31404,9035,35277
32644,9004,35271
34376,8999,35356
36412,8969,35232
38908,8975,35213
41828,9090,35396
45080,9047,35328
48252,9036,35493
50832,9042,35452
52016,9017,35501
51252,9012,35164
49580,9002,35516
47568,9002,35335
45620,9017,35552
43524,9019,35534
41388,9009,35528
39368,9015,35610
37336,9029,35756
35752,9084,35407
34736,9062,35610
34132,9031,35364
33680,9001,35591
33176,8983,35692
32764,8991,35796
32502,8963,35921
32316,8971,35751
32148,8986,35740
31972,8988,35738
31762,8991,35909
31472,8993,35945
31178,9002,36096
30980,8973,36000
30800,8953,36143
30617,8938,35868
30468,8951,36049
30344,8983,35802
30280,8980,36102
30240,8979,35944
30240,8990,36045
30240,8968,36113
30252,8983,36071
30220,8965,36149
30233,8933,36183
30260,8924,36401
30294,8985,36207
30352,8986,36284
30389,9010,36359
30410,9021,36358
30436,8965,36391
30485,8949,36404
30516,8932,36542
30536,8925,36474
30561,8981,36380
30589,8969,36482
30584,8953,36511
30608,8938,36697
30624,8947,36636
30666,8972,36706
30708,8965,36611
30724,8941,36684
30778,8926,36756
30784,8914,36762
30824,8973,36683
30844,8959,36785
30828,8951,36788
30849,8925,37007
30861,8956,36983
30892,8936,37159
30944,8935,37015
31013,8931,37148
31025,8917,37106
31058,8901,37100
31072,8889,37127
31032,8879,37170
31025,8890,37289
31097,8898,37202
31125,8910,37127
31088,8951,37381
31086,8959,36975
31116,8931,37251
31148,8929,37351
31162,8917,37377
31168,8895,37505
31196,8884,37460
31185,8908,37615
31184,8912,37476
31188,8935,37532
31248,8945,37476
31276,8938,37659
31298,8919,37134
31284,8912,37441
31293,8899,37279
31332,8881,37492
31362,8877,37587
31366,8872,37492
31398,8899,37561
31476,8916,37465
31456,8913,37457
31480,8910,37145
31480,8905,37253
31486,8893,37336
31473,8875,37324
31476,8863,37285
31492,8863,37159
31508,8863,36891
31532,8883,37340
31528,8885,37044
31532,8935,37153
31585,8938,37228
31593,8927,36706
31598,8908,36901
31584,8878,36922
31612,8855,36916
31628,8907,36827
31654,8892,36893
31670,8877,36788
31732,8889,36861
31760,8907,36696
31744,8923,36772
31797,8897,36218
31788,8894,36402
31789,8875,36429
31824,8844,36288
31864,8837,36294
31844,8893,36308
31864,8876,36404
31870,8873,36007
31876,8873,36158
31888,8881,36116
31888,8942,35700
31925,8902,35847
31940,8871,35887
31932,8853,35839
31964,8843,35860
31985,8843,35734
32040,8874,35773
32060,8862,35625
32076,8862,35655
32060,8867,35500
32057,8860,35479
32008,8850,35366
31972,8830,35316
31950,8819,35292
31900,8817,35237
31832,8902,35105
31816,8905,35006
31788,8988,35012
31764,8852,34951
31788,8854,34902
31820,8849,34786
31828,8838,34860
31792,8821,34804
31748,8808,34665
31764,8801,34594
31776,8806,34612
31776,8819,34532
31789,8828,34449
31816,8849,34357
31832,8849,34439
31832,8857,34375
31872,8852,34373
31940,8825,34277
31964,8817,34215
31972,8804,34205
32032,8804,34220
32046,8836,34311
32084,8826,33908
32140,8832,34029
32141,8831,34188
32169,8818,33701
32184,8817,33812
32168,8803,33880
32172,8791,33865
32164,8809,33826
32152,8791,33775
32176,8818,33819
32193,8830,33712
32212,8845,33788
32192,8838,33613
32172,8845,33601
32140,8855,33449
32125,8839,33452
32156,8795,33567
32192,8785,33175
32229,8803,33333
32272,8803,33398
32325,8815,33263
32374,8824,33378
32392,8833,33214
32388,8819,33303
32376,8805,33132
32400,8805,33232
32376,8811,33063
32396,8819,33173
32404,8820,32718
32421,8860,32826
32460,8791,32852
32436,8799,32888
32413,8923,32960
32438,8923,32715
32444,8848,32763
32509,8843,32693
32544,8858,32730
32538,8851,32799
32517,8854,32663
32528,8842,32605
32552,8901,32535
32572,8788,32484
32572,8794,32565
32548,8791,32566
32524,8776,32629
32540,8777,32470
32545,8804,32346
32576,8807,32308
32580,8816,32364
32608,8761,32305
32620,8772,32381
32657,8778,32300
32676,8787,32391
32672,8778,32025
32685,8765,32252
32680,8767,32201
32680,8758,32261
32664,8756,32135
32656,8807,32022
32696,8752,32079
32690,8796,31950
32688,8788,31909
32704,8802,31909
32742,8807,31836
32712,8812,31765
32732,8801,31789
32714,8805,31791
32724,8733,31750
32744,8730,31589
32780,8756,31959
32780,8772,31823
32748,8811,31716
32758,8820,31742
32744,8849,31697
32748,8755,31652
32769,8737,31575
32796,8739,31733
32780,8736,31451
32772,8740,31695
32800,8751,31612
32780,8763,31604
32752,8771,31735
32740,8794,31690
32740,8771,31751
32737,8772,31660
32764,8797,31615
32760,8786,31583
32744,8794,31550
32756,8791,31545
32749,8813,31708
32797,8741,31599
32804,8753,31530
32804,8775,31611
32784,8783,31323
32784,8775,31684
32812,8787,31572
32790,8774,31587
32784,8777,31568
32772,8783,31648
32748,8749,31566
32740,8767,31580
32752,8780,31689
32760,8783,31272
32768,8781,31503
32756,8769,31463
32768,8752,31540
32752,8755,31511
32740,8762,31517
32752,8746,31609
32764,8750,31348
32780,8765,31567
32788,8787,31239
32768,8781,31415
32808,8789,31428
32816,8867,31452
32788,8719,31516
32761,8736,31652
32748,8741,31525
32753,8752,31623
32769,8775,31553
32753,8786,31680
32788,8843,31546
32801,8743,31607
32792,8737,31521
32784,8724,31639
32801,8711,31285
32808,8701,31486
32840,8694,31365
32828,8695,31604
32836,8709,31491
32840,8807,31565
32820,8833,31684
32836,8736,31620
32818,8730,31765
32801,8724,31364
32812,8704,31636
32824,8703,31381
32834,8695,31685
32840,8726,31597
32860,8724,31611
32831,8741,31668
32852,8757,31692
32888,8780,31767
32911,8790,31731
32880,8806,31649
32860,8707,31845
32877,8719,31814
32832,8727,31791
32804,8720,31827
32789,8723,32004
32800,8730,31604
32804,8735,31770
32812,8737,31982
32788,8733,31647
32748,8726,31872
32700,8758,32111
32672,8743,31988
32672,8753,32064
32652,8696,31833
32676,8705,31956
32628,8713,31811
32608,8725,32219
32588,8738,32101
32528,8737,32261
32528,8737,32157
32600,8740,32072
32620,8715,32184
32640,8721,32236
32670,8730,32391
32700,8741,32005
32768,8740,32276
32832,8755,32286
32905,8757,32321
32928,8747,32322
32942,8740,32367
32964,8719,32517
33008,8713,32501
32952,8700,32460
32964,8733,32487
32992,8757,32308
32976,8783,32735
32992,8722,32647
32997,8725,32732
33020,8719,32741
32964,8713,32906
32884,8717,32799
32856,8698,32830
32808,8721,32868
32842,8733,32844
32848,8759,32845
32832,8809,32953
32836,8714,33028
32836,8722,33221
32916,8717,33113
32929,8705,33301
32926,8687,32932
32936,8679,33137
32894,8740,33237
32884,8729,33317
32932,8729,33492
32940,8732,33365
32925,8750,33437
32929,8768,33169
32876,8769,33543
32756,8770,33540
32789,8788,33524
32876,8783,33464
32876,8675,33542
32808,8738,33623
32644,8806,33644
32376,8773,33748
32032,8801,33872
31704,8714,33778
31468,8709,33717
31278,8700,33791
31056,8687,33845
30852,8677,33976
30700,8672,33633
30776,8739,33874
31384,8732,34065
32716,8754,34047
34397,8774,34164
36416,8771,34060
38970,8764,33988
41856,8757,34061
45128,8762,34004
48252,8765,33890
50788,8768,34112
52180,8809,34213
51724,8794,34183
50260,8729,34309
48456,8736,34239
46564,8742,34401
44260,8735,34268
41816,8719,34393
39528,8709,34026
37404,8687,34439
35637,8681,34304
34412,8681,34287
33820,8689,34239
33428,8700,34221
33012,8711,34412
32670,8714,34137
32304,8705,34433
32160,8694,34424
31940,8679,34469
31768,8671,34100
31572,8662,34597
31432,8663,34460
31200,8670,34517
30988,8685,34397
30880,8701,34210
30644,8727,34575
30556,8722,34110
30444,8702,34404
30344,8687,34089
30311,8675,34510
30312,8681,34373
30420,8668,34500
30456,8685,34324
30472,8714,34247
30496,8728,34303
30524,8731,34289
30544,8728,34391
30576,8719,34254
30592,8707,34192
30656,8709,34111
30672,8708,33852
30720,8651,34215
30750,8665,34049
30828,8677,34009
30836,8689,33948
30892,8710,33790
30877,8713,34041
30820,8693,33909
30868,8697,33972
30952,8728,33890
30952,8645,33948
30952,8669,33838
31072,8677,33940
31094,8696,33846
31104,8719,33967
31116,8754,33820
31165,8687,33813
31192,8671,33723
31212,8660,33663
31240,8653,33609
31201,8663,33409
31212,8662,33713
31246,8674,33569
31260,8689,33565
31344,8717,33420
31341,8717,33360
31346,8737,33457
31393,8731,33359
31342,8711,33452
31388,8682,33527
31428,8655,33388
31433,8657,33324
31470,8669,33281
31468,8679,33283
31392,8698,33247
31476,8695,33222
31468,8701,33181
31442,8704,33103
31482,8715,33103
31460,8726,33029
31428,8709,32909
31420,8694,32989
31452,8697,32981
31477,8713,32925
31476,8718,32965
31502,8724,32952
31505,8725,32929
31500,8710,32969
31476,8669,32834
31529,8657,32604
31540,8674,32997
31560,8661,32857
31580,8686,32916
31610,8720,32788
31592,8727,32903
31620,8742,32741
31652,8726,32815
31676,8714,32655
31688,8694,32662
31712,8688,32317
31681,8663,32450
31684,8667,32300
31696,8699,32669
31792,8729,32502
31776,8802,32404
31812,8686,32317
31832,8685,32184
31808,8677,32263
31780,8669,32289
31772,8651,32260
31780,8647,32186
31772,8646,32135
31885,8653,32027
31800,8677,32348
31844,8694,32199
31865,8706,32305
31900,8719,32162
31892,8740,32062
31860,8748,32044
31845,8644,31842
31858,8650,32199
31888,8679,32067
31892,8674,32135
31892,8703,31997
31840,8736,31910
31869,8732,31927
31908,8753,31884
31836,8765,31897
31920,8734,31903
31976,8711,31934
31980,8783,31953
31908,8649,31877
31936,8660,31874
31936,8689,31732
31908,8713,31672
31876,8701,31974
31870,8705,31831
31844,8695,31697
31802,8677,31779
31770,8663,31813
31765,8677,31852
31793,8675,31815
31777,8675,31956
31751,8674,31509
31764,8682,31676
31836,8711,31518
31868,8695,31655
31870,8688,31751
31913,8676,31761
31940,8683,31735
31976,8690,31746
31969,8740,31784
31992,8653,31775
31972,8663,31917
32116,8677,31668
32128,8684,31708
32159,8703,31695
32165,8688,31764
32221,8667,31751
32197,8669,31710
32192,8685,31681
32224,8683,31741
32204,8708,31769
32280,8709,31772
32292,8725,31843
32300,8815,31762
32320,8677,31742
32326,8667,31717
32324,8652,31829
32334,8644,31751
32317,8654,31860
32337,8650,31749
32388,8657,31865
32364,8673,31721
32392,8699,31855
32388,8722,31704
32420,8732,31725
32460,8710,31492
32492,8712,31721
32476,8678,31615
32484,8659,31642
32476,8646,31743
32468,8652,31687
32464,8683,31805
32472,8669,31583
32505,8675,31665
32502,8675,31637
32517,8664,31660
32564,8762,31609
32556,8642,31532
32528,8723,31583
32520,8695,31555
32516,8645,31495
32460,8661,31556
32502,8669,31500
32608,8693,31344
32630,8698,31487
32616,8672,31550
32664,8682,31469
32673,8663,31503
32652,8666,31471
32678,8660,31300
32708,8665,31673
32728,8695,31260
32724,8699,31409
32756,8716,31388
32741,8723,31382
32704,8718,31457
32784,8700,31491
32796,8700,31610
32772,8689,31186
32784,8685,31389
32800,8671,31491
32824,8702,31409
32844,8738,31421
32805,8676,31316
32812,8681,31341
32761,8796,31181
32780,8651,31381
32832,8639,31269
32824,8637,31124
32820,8637,31285
32909,8644,31236
32914,8657,31296
32864,8669,31209
32908,8704,31183
32925,8692,31182
32952,8695,31220
32932,8677,31111
32948,8688,31033
32940,8684,31072
32920,8690,31077
32908,8707,31059
32952,8720,31085
32933,8669,31023
32868,8675,30991
32927,8677,30936
33001,8663,30980
32981,8761,31062
32924,8645,31184
32920,8631,31024
32936,8640,31154
32885,8675,31029
32960,8669,31019
32944,8690,31001
32957,8725,31151
32960,8735,31008
32960,8731,31046
32976,8652,30969
32960,8637,30983
32912,8635,30949
32945,8659,30916
32953,8663,30947
32980,8686,30963
32972,8686,30967
32972,8699,30963
32992,8701,30967
32950,8683,30912
32964,8669,30897
32964,8656,30943
32924,8643,30983
32916,8634,30887
32988,8641,30940
33004,8658,30906
33020,8676,30916
32968,8689,30945
32996,8704,30939
32964,8668,31047
32964,8659,30656
32992,8655,31020
32976,8653,30916
32954,8667,31047
32964,8653,30710
32976,8664,30804
32960,8674,30887
32960,8673,30932
32980,8677,31056
32949,8686,30926
32908,8673,30921
32900,8663,30818
32920,8694,30657
32933,8640,30964
32946,8644,30865
32992,8660,30885
32877,8687,31026
32992,8690,30900
33024,8711,30864
33024,8688,30893
33002,8674,30992
32936,8679,30625
32908,8685,30909
32952,8677,30591
32953,8705,31015
32976,8725,30862
32943,8739,30983
32930,8676,30860
32960,8676,30977
32900,8669,30842
32920,8649,30845
32925,8639,30833
32928,8646,30872
32893,8654,30788
32896,8667,30874
32901,8689,30808
32872,8738,30712
32820,8748,30759
32800,8678,30551
32832,8666,30876
32788,8658,30754
32876,8643,30876
32905,8640,30759
32900,8637,30854
32884,8649,30448
32852,8663,30749
32864,8675,30482
32861,8744,30649
32856,8761,30607
32789,8677,30623
32764,8663,30571
32756,8650,30615
32814,8644,30620
32800,8675,30735
32760,8668,30612
32716,8684,30590
32736,8713,30537
32712,8749,30425
32700,8775,30680
32660,8819,30539
32628,8667,30513
32620,8665,30363
32596,8650,30385
32580,8661,30425
32600,8671,30488
32660,8682,30428
32732,8703,30532
32804,8738,30393
32828,8698,30384
32865,8685,30311
32904,8674,30049
32956,8682,30382
32968,8669,30275
32968,8672,30361
32996,8684,30199
33041,8703,30149
33008,8694,30061
32957,8730,30231
32926,8721,30085
32910,8716,30175
32872,8736,29997
32854,8733,30125
32801,8744,29957
32748,8807,30012
32732,8735,29893
32725,8677,29959
32708,8683,29773
32756,8694,29672
32828,8705,29676
32836,8695,29597
32856,8704,29574
32832,8690,29508
32848,8706,29425
32828,8722,29433
32872,8733,29365
32888,8679,29332
32864,8691,29341
32830,8691,29292
32836,8717,29191
32820,8718,29147
32796,8687,29063
32781,8675,29085
32796,8668,29076
32776,8668,29037
32752,8679,28941
32712,8697,28852
32600,8706,28889
32372,8744,28783
32038,8758,28725
31680,8754,28597
31428,8744,28684
31246,8764,28639
31026,8663,28625
30836,8660,28503
30688,8679,28415
30832,8706,28413
31428,8732,28420
32436,8720,28428
33940,8725,28353
35900,8717,28351
38300,8731,28160
41088,8724,28166
44100,8719,28208
47140,8752,28105
49773,8694,28135
51268,8703,27950
50976,8732,28207
49652,8741,27926
48008,8771,28240
46308,8781,28146
44208,8759,28068
41872,8773,28148
39629,8704,28143
37524,8703,28273
35720,8705,28150
34436,8802,28309
33684,8791,28188
33188,8796,28295
32672,8804,28188
32288,8722,28039
32016,8704,28401
31833,8690,28320
31636,8686,28447
31476,8683,28383
31278,8710,28386
31036,8719,28405
30800,8738,28357
30604,8773,28664
30454,8786,28609
30334,8772,28791
30206,8751,28726
30104,8737,28745
30084,8716,28821
30104,8701,28992
30140,8707,28918
30156,8726,28911
30156,8737,28994
30141,8739,29108
30124,8739,29088
30088,8740,29096
30096,8758,29421
30160,8743,29340
30241,8678,29543
30284,8738,29226
30317,8743,29508
30328,8761,29380
30349,8822,29788
30373,8797,29734
30394,8724,29756
30416,8719,29848
30412,8822,30032
30452,8753,30000
30529,8799,30200
30548,8801,30153
30552,8686,30198
30588,8708,30245
30632,8713,30279
30725,8721,30321
30750,8726,30524
30778,8768,30565
30792,8760,30644
30812,8733,30657
30850,8716,30764
30893,8797,30769
30912,8749,30886
30898,8767,30932
30872,8720,30983
30880,8722,30967
30937,8724,31075
30968,8713,31159
31017,8702,31207
31036,8708,31225
30985,8706,31376
30948,8706,31420
30968,8732,31442
30972,8759,31529
30996,8749,31645
31072,8757,31708
31080,8772,31778
31108,8783,31845
31096,8755,31879
31120,8751,32048
31176,8751,31760
31248,8740,31918
31296,8765,32010
31272,8767,32084
31312,8784,32186
31352,8820,31844
31397,8738,32095
31432,8725,31940
31464,8716,32223
31456,8700,32208
31496,8695,32260
31480,8699,32334
31461,8719,32255
31452,8740,32212
31504,8782,32208
31524,8742,32023
31492,8740,32252
31504,8733,32023
31564,8718,32164
31652,8702,32221
31690,8692,32305
31666,8700,32359
31652,8709,32283
31628,8724,32273
31636,8743,32228
31646,8766,32293
31676,8764,32199
31716,8760,32134
31696,8735,32156
31720,8729,32199
31732,8727,31864
31720,8725,31926
31780,8719,31958
31844,8744,31919
31886,8750,31901
31884,8781,32037
31940,8804,31924
31944,8799,32000
31888,8727,31866
31840,8709,31863
31840,8703,31781
31900,8706,31698
31928,8713,31692
31940,8758,31604
31989,8753,31521
31981,8761,31482
31988,8759,31567
31964,8773,31299
31968,8775,31651
31952,8752,31251
31976,8787,31555
32068,8704,31391
32064,8726,31265
32045,8737,31224
32068,8745,31311
32065,8764,31293
32000,8772,31238
32008,8774,31111
31997,8765,31216
31989,8745,31188
31952,8733,31160
31920,8737,31063
31864,8754,30991
31769,8752,31008
31784,8800,31093
31836,8841,31077
31904,8850,31039
31945,8743,31072
31968,8733,30973
32036,8738,30963
32124,8740,30973
32164,8739,31056
32216,8734,30655
32253,8745,30930
32256,8765,30615
32288,8773,30903
32376,8782,30726
32417,8768,30703
32384,8758,30695
32428,8751,30721
32480,8742,30717
32495,8720,30768
32500,8729,30701
32512,8730,30514
32572,8764,30765
32608,8766,30705
32624,8751,30741
32640,8737,30708
32648,8726,30816
32684,8708,30655
32716,8739,30657
32736,8763,30674
32741,8762,30639
32753,8768,30716
32732,8759,30471
32737,8767,30500
32710,8759,30452
32750,8769,30411
32717,8758,30471
32740,8729,30535
32788,8727,30444
32848,8722,30481
32924,8735,30457
32968,8761,30501
32972,8765,30461
32944,8764,30389
32940,8754,30437
32918,8743,30447
32932,8735,30527
32948,8723,30630
32925,8719,30501
32933,8712,30487
32917,8738,30487
32940,8750,30308
32992,8783,30683
33012,8791,30557
33036,8778,30700
33029,8779,30572
33040,8761,30717
33084,8756,30400
33124,8749,30528
33148,8732,30580
33149,8755,30583
33164,8768,30749
33160,8793,30628
33156,8818,30777
33166,8815,30644
33145,8813,30776
33175,8776,30524
33200,8745,30612
33228,8751,30727
33180,8737,30689
33204,8753,30793
33234,8758,30688
33240,8814,30557
33253,8767,30829
33252,8765,30716
33260,8759,30853
33256,8748,30682
33273,8757,30884
33325,8740,30772
33344,8738,30920
33400,8744,30803
33388,8769,30725
33368,8785,30791
33361,8788,30852
33372,8784,30871
33376,8794,30799
33380,8803,30928
33377,8807,30921
33340,8727,31001
33340,8793,30969
33340,8789,31108
33346,8758,31038
33340,8787,31023
33376,8801,31192
33383,8793,30887
33413,8792,31039
33376,8763,30904
33332,8747,31039
33336,8740,31116
33328,8741,31155
33352,8752,31187
33365,8771,31293
33381,8838,31252
33408,8848,31316
33430,8774,31333
33422,8768,31420
33437,8751,31433
33441,8739,31377
33440,8742,31477
33428,8753,31558
33448,8767,31439
33453,8816,31837
33436,8895,31447
33400,8772,31823
33392,8783,31790
33408,8785,32004
33425,8788,31878
33422,8806,31964
33396,8729,31991
33401,8757,32140
33428,8788,32076
33420,8746,32153
33453,8755,32167
33464,8793,32135
33440,8785,32125
33424,8812,32060
33396,8749,32495
33381,8727,32395
33388,8740,32397
33404,8741,32388
33398,8757,32448
33396,8761,32464
33444,8809,32437
33445,8762,32807
33496,8772,32732
33520,8789,32893
33480,8765,32807
33485,8788,32809
33430,8724,32767
33416,8733,32936
33401,8751,32924
33408,8800,32887
33424,8834,32948
33444,8758,32967
33441,8763,32975
33436,8784,33146
33408,8758,32996
33388,8749,33350
33380,8779,33244
33368,8717,33198
33360,8731,33257
33344,8735,33316
33352,8770,33324
33302,8792,33348
33292,8774,33317
33260,8793,33133
33264,8808,33503
33276,8725,33509
33300,8727,33543
33306,8729,33543
33292,8756,33609
33236,8772,33576
33240,8791,33524
33244,8825,33536
33224,8762,33637
33232,8766,33580
33236,8786,33597
33181,8845,33687
33172,8723,33500
33144,8749,33857
33124,8751,33735
33100,8783,33830
33068,8813,33773
33023,8773,33819
32992,8770,33753
33020,8757,33701
33052,8747,33671
33033,8732,33727
33004,8732,33740
32964,8732,33728
32927,8765,33997
32876,8763,33897
32832,8809,33889
32801,8837,33863
32820,8772,33853
32788,8764,34031
32793,8750,33617
32812,8739,33919
32856,8747,33892
32896,8759,33909
32969,8757,33937
33008,8801,33943
33072,8844,33948
33112,8775,34001
33140,8777,34052
33140,8782,34125
33148,8778,34055
33148,8751,34095
33136,8783,34025
33093,8850,33911
33064,8738,34222
33104,8769,34135
33108,8788,34076
33085,8838,34298
33036,8775,34149
33004,8791,34108
32997,8773,34245
32977,8782,34215
32964,8738,34149
32948,8731,34161
32950,8741,33919
32944,8781,34392
32980,8791,34246
32960,8837,34036
32960,8781,34437
32992,8768,34311
32986,8757,34425
32980,8742,34335
32953,8743,34352
32956,8751,34327
32948,8796,34366
32976,8757,34297
32984,8767,34269
32964,8788,34381
32958,8799,34485
32932,8822,34421
32912,8823,34392
32864,8845,34304
32752,8745,34198
32520,8741,34567
32192,8777,34439
31900,8789,34365
31648,8838,34577
31435,8914,34487
31129,8783,34543
30910,8778,34500
30724,8773,34573
30644,8766,34514
31054,8763,34629
32016,8786,34533
33493,8843,34623
35384,8769,34525
37732,8789,34540
40524,8812,34465
43628,8849,34264
46845,8921,34686
49564,8777,34562
51108,8803,34670
50592,8799,34581
48996,8830,34622
47032,8844,34598
45112,8879,34732
43200,8817,34596
41318,8827,34567
39536,8852,34605
37628,8827,34662
35945,8837,34844
34784,8844,34716
34184,8845,34741
33812,8835,34749
33440,8855,34839
32980,8791,34791
32660,8880,34887
32448,8806,34832
32212,8806,35007
32000,8815,34883
31840,8803,34951
31660,8809,34893
31404,8812,34961
31136,8839,34909
30980,8765,34983
30852,8795,35119
30745,8802,35033
30664,8840,35052
30588,8867,34922
30537,8889,34935
30480,8781,35217
30436,8767,35087
30428,8771,35040
30424,8773,35046
30480,8773,35172
30485,8804,35135
30500,8801,35174
30556,8810,35172
30605,8819,35172
30640,8825,35143
30680,8805,35303
30692,8796,35300
30720,8784,35436
30744,8777,35353
30764,8784,35452
30792,8817,35412
30828,8839,35581
30860,8847,35479
30853,8796,35620
30900,8787,35545
30937,8772,35615
30945,8764,35539
30958,8782,35300
30972,8764,35792
30986,8782,35685
30980,8825,35727
31004,8839,35748
31040,8801,35793
31084,8793,35717
31104,8796,35785
31100,8802,35765
31137,8782,35839
31165,8780,35927
31209,8792,35994
31292,8786,36062
31324,8805,36097
31302,8834,36097
31268,8863,36101
31305,8800,36324
31336,8820,36191
31384,8801,35964
31392,8809,36389
31364,8761,36186
31367,8768,35974
31402,8781,36431
31436,8812,36324
31420,8835,36298
31460,8868,36308
31464,8801,36027
31512,8789,36525
31536,8784,36380
31536,8775,36452
31565,8785,36383
31572,8785,36516
31565,8788,36052
31596,8803,36425
31630,8812,36337
31672,8825,36321
31717,8822,36413
31764,8822,36359
31772,8815,36397
31756,8840,36246
31792,8766,36359
31796,8789,36164
31764,8785,36321
31764,8798,35950
31796,8815,36250
31836,8839,36231
31868,8853,36321
31886,8864,36150
31916,8794,36077
31896,8779,35975
31932,8773,36000
31984,8783,35909
32012,8812,35983
32044,8820,35951
32064,8857,35919
32066,8817,35877
32092,8814,35859
32101,8823,35711
32128,8835,35678
32170,8808,35579
32232,8813,35559
32272,8825,35497
32266,8838,35500
32260,8866,35423
32248,8816,35375
32260,8822,35305
32256,8825,35228
32289,8822,35165
32284,8818,34932
32256,8822,35345
32232,8799,35140
32228,8802,35148
32264,8807,35048
32298,8826,35021
32284,8833,34927
32285,8867,34780
32300,8882,34935
32316,8874,34775
32309,8855,34884
32265,8839,34700
32252,8845,34684
32208,8860,34265
32152,8798,34677
32092,8813,34492
32000,8853,34439
31916,8862,34349
31912,8852,34205
31950,8859,34357
31942,8884,34278
31920,8804,34191
31904,8829,34249
31861,8815,34111
31852,8831,34240
31888,8873,34039
31884,8826,33972
31885,8836,33927
31920,8833,33766
31968,8828,33830
31960,8816,33536
31964,8810,33815
32016,8828,33740
32058,8819,33813
32065,8815,33447
32052,8826,33524
32076,8830,33550
32088,8844,33501
32129,8837,33437
32175,8854,33396
32248,8832,33183
32276,8823,33361
32300,8831,33321
32300,8839,33356
32352,8867,33231
32384,8812,33117
32428,8826,33097
32420,8836,33031
32400,8857,32989
32392,8854,32701
32388,8866,33063
32404,8855,32917
32440,8863,32914
32460,8935,32804
32456,8806,32726
32485,8832,32753
32528,8881,32688
32560,8919,32709
32576,8845,32582
32568,8845,32559
32536,8838,32505
32552,8838,32495
32572,8863,32390
32588,8807,32316
32544,8808,32298
32540,8818,32240
32580,8868,32180
32586,8865,32213
32605,8892,32289
32628,8900,32152
32647,8833,32233
32664,8815,32089
32704,8815,31967
32728,8817,31860
32749,8845,31701
32756,8883,32037
32760,8903,31865
32768,8852,31777
32753,8860,31951
32768,8861,31796
32764,8875,31676
32766,8884,31799
32744,8813,31692
32748,8838,31579
32788,8837,31455
32840,8867,31285
32838,8901,31537
32880,8927,31469
32908,8999,31556
32896,8854,31390
32902,8856,31463
32880,8841,31277
32868,8844,31341
32892,8878,31189
32904,8886,31204
32924,8911,31098
32948,8852,30975
32920,8872,31047
32932,8876,30991
32944,8880,31084
32928,8905,30912
32912,8830,30828
32932,8821,30789
32940,8845,30533
32944,8858,30764
32924,8877,30681
32888,8905,30594
32892,8935,30492
32892,8868,30597
32928,8863,30647
32928,8878,30505
32890,8877,30351
32884,8830,30591
32886,8839,30343
32908,8861,30311
32928,8875,30325
32944,8909,30343
32876,8869,30247
32856,8872,30176
32860,8869,30027
32844,8857,30188
32864,8839,30103
32900,8831,30182
32912,8839,30153
32909,8871,30078
32878,8942,30069
32832,8860,29789
32857,8871,29998
32856,8876,29727
32850,8899,30056
32890,8900,29891
32896,8900,29865
32841,8834,29826
32840,8839,29679
32812,8852,29687
32820,8875,29735
32789,8891,29775
32772,8924,29692
32780,8943,29712
32796,8865,29616
32868,8857,29547
32880,8846,29548
32925,8846,29497
32901,8885,29436
32876,8901,29215
32856,8848,29510
32813,8863,29401
32828,8884,29296
32788,8913,29213
32736,8925,29065
32688,8924,29413
32741,8842,29264
32724,8840,29128
32692,8859,29188
32646,8884,29175
32668,8915,29189
32716,8865,29077
32765,8869,28997
32792,8902,29164
32798,8930,28974
32808,8858,28792
32792,8849,28869
32724,8851,28941
32704,8890,28929
32692,8841,28852
32677,8853,28709
32688,8892,28715
32724,8915,28897
32740,8874,28740
32749,8871,28644
32732,8988,28655
32696,8844,28644
32733,8858,28608
32732,8853,28474
32672,8881,28425
32684,8904,28495
32680,8932,28501
32615,8871,28409
32648,8878,28306
32688,8876,28201
32736,8891,28519
32761,8871,28357
32804,8893,28220
32724,8901,28167
32652,8988,28089
32669,8852,28375
32708,8892,28210
32728,8932,28119
32712,8881,28221
32688,8873,28199
32700,8871,28079
32676,8903,28259
32636,8897,27925
32684,8901,28160
32689,8841,27894
32693,8864,28257
32721,8878,28095
32742,8926,28007
32781,8881,28167
32758,8872,28087
32740,8868,28188
32702,8866,28012
32708,8881,27946
32716,8973,28070
32736,8842,28102
32728,8882,28237
32708,8895,28125
32668,8931,28215
32596,8944,28125
32544,8873,28263
32540,8864,27904
32488,8847,28197
32456,8867,28167
32456,8848,28295
32505,8863,28167
32556,8899,28295
32612,8946,28199
32609,8874,28245
32644,8907,28175
32652,8900,28007
32620,8896,28100
32628,8919,28023
32680,8840,28360
32732,8861,28256
32808,8877,28329
32864,8912,28285
32943,8871,28384
32972,8877,28308
32960,8901,28383
32909,8922,28181
32820,8996,28109
32792,8858,28437
32844,8863,28332
32836,8838,28167
32832,8879,28429
32821,8916,28373
32824,8871,28436
32792,8896,28336
32756,8973,28400
32744,8892,28487
32780,8866,28389
32804,8860,28394
32840,8860,28442
32868,8898,28549
32884,8850,28582
32864,8885,28488
32868,8903,28589
32880,8944,28625
32880,8886,28731
32881,8899,28662
32832,8965,28687
32852,8879,28733
32871,8902,28617
32872,8949,28766
32852,8867,28749
32836,8900,28583
32840,8874,28967
32816,8885,28844
32760,8906,28782
32496,8943,28823
32156,8864,28941
31828,8887,28847
31540,8895,28989
31278,8841,28984
31006,8870,28909
30780,8889,29083
30600,8935,29063
30656,8888,28981
31198,8908,29205
32245,8884,29099
33841,8870,29046
35744,8880,29316
38104,8922,29209
40832,8842,29133
43868,8874,29360
47000,8969,29148
49644,8897,29319
51080,8949,29280
50650,8916,29285
49128,8940,29393
47296,8956,29479
45576,8891,29463
43828,8879,29543
41920,8913,29543
40100,8931,29520
38208,8890,29652
36476,8930,29724
35264,8928,29847
34520,8979,29784
33982,8898,29650
33428,8919,30044
32840,8920,29876
32496,8857,29774
32284,8857,30144
32128,8878,30143
31940,8875,29947
31784,8894,30188
31520,8915,30269
31316,8946,30364
31104,9025,30551
30920,8874,30493
30765,8869,30458
30656,8863,30550
30596,8852,30675
30484,8865,30500
30446,8893,30804
30396,8953,30667
30360,8893,30647
30368,8911,31028
30380,8921,30911
30420,8873,30999
30469,8873,31060
30492,8903,31191
30525,8861,31172
30552,8869,31132
30516,8920,31286
30532,8879,31106
30608,8892,31452
30688,8910,31405
30752,9007,31549
30793,8870,31606
30837,8872,31690
30860,8918,31751
30868,8851,31750
30860,8880,32025
30844,8861,31937
30836,8904,31951
30864,8903,31956
30905,8890,32165
30948,8886,32148
30998,8903,32414
31040,8939,32319
31088,8848,32289
31108,8863,32522
31150,8865,32321
31176,8925,32717
31188,8877,32737
31199,8885,32934
31212,8892,32857
31216,8895,32772
31258,8924,33135
31321,8863,33088
31409,8866,33221
31436,8893,33177
31445,8849,33104
31445,8875,33475
31485,8913,33348
31476,8993,33287
31488,8891,33561
31529,8899,33637
31564,8935,33637
31617,8858,33679
31664,8879,33749
31679,8905,33796
31664,8855,33766
31704,8881,33989
31716,8895,33934
31728,8944,34092
31777,8899,34023
31805,8887,34105
31788,8907,33997
31784,8904,33870
31788,8858,34076
31814,8851,33877
31816,8887,34335
31892,8903,34177
31953,8885,33975
31944,8892,34292
31968,8895,33965
31980,8919,34441
31960,8924,34269
31992,8866,34319
32054,8869,34463
32100,8869,34348
32116,8922,34382
32160,8871,34215
32166,8903,34375
32148,8943,34321
32152,8905,34228
32176,8895,34124
32180,8911,34478
32164,8903,34348
32200,8959,34265
32248,8893,34412
32286,8906,34285
32300,9021,34143
32346,8892,34274
32352,8918,34262
32368,8971,34159
32396,8898,34311
32424,8924,34196
32432,8922,34183
32480,8952,34023
32452,8869,33978
32392,8888,34213
32405,8896,33780
32428,8909,34028
32448,8939,33704
32457,8970,34115
32444,9049,33997
32404,8900,34090
32400,8877,33944
32416,8873,34013
32453,8871,33893
32460,8909,33927
32504,8924,33786
32528,8964,33735
32472,8911,33867
32413,8926,33484
32340,8932,33888
32236,8959,33413
32174,8997,33796
32136,8871,33692
32121,8902,33722
32124,8928,33529
32100,8890,33533
32088,8908,33468
32044,8945,33327
32017,8917,33684
31980,8908,33531
31948,8925,33399
31944,8951,33578
31980,8873,33439
32030,8898,33342
32096,8894,33521
32096,8975,33371
32076,8903,33129
32112,8930,33457
32160,8980,33295
32222,8906,33127
32276,8931,33391
32296,8907,33265
32288,8924,33367
32272,8938,33228
32320,8975,33318
32374,8882,33185
32376,8910,33303
32396,8924,33125
32404,8967,33247
32394,8909,33085
32372,8899,33051
32364,8902,32901
32368,9009,33004
32332,8901,33092
32354,8935,32813
32420,8882,32916
32488,8914,32940
32574,8932,32879
32605,8961,32825
32612,8906,32702
32576,8903,32790
32548,8897,32743
32568,8936,32760
32540,8866,32711
32532,8906,32637
32540,8901,32532
32580,8954,32623
32613,8908,32741
32644,8912,32599
32644,8909,32587
32660,8902,32547
32696,8905,32610
32672,8891,32492
32672,8892,32608
32730,8912,32415
32748,8956,32473
32775,8902,32399
32764,8935,32469
32752,8963,32308
32768,8918,32249
32789,8919,32315
32816,8933,32303
32852,8885,32191
32864,8877,32205
32876,8879,32284
32905,8912,32223
32913,8925,32273
32932,8951,32142
32948,8982,32249
32944,8922,31967
32927,8911,32085
32910,8908,32071
32904,8896,31913
32931,8908,31741
32920,8946,32070
32932,8963,31781
32964,8975,31887
32957,8992,31847
32912,8994,31868
32908,9054,31879
32918,8920,31808
32932,8909,31647
32920,8913,31853
32936,8921,31461
32948,8939,31623
32960,8909,31532
32982,8923,31676
33020,8945,31660
33008,8977,31748
33004,8990,31596
32972,8992,31468
32992,8914,31492
32996,8900,31424
33008,8921,31288
32996,8922,31669
33010,8959,31524
32998,8989,31640
32954,8939,31482
32942,8959,31532
32936,8990,31424
32960,8932,31367
32953,8932,31359
32904,8936,31360
32884,8916,31332
32880,8927,31451
32950,8974,31388
32965,9004,31458
32950,8946,31414
32936,8945,31487
32972,8949,31403
32956,8965,31495
32960,8965,31285
33032,8908,31355
33047,8921,31461
33032,9004,31221
33044,8924,31351
33028,8967,31409
32952,8972,31325
32902,9008,31263
32940,8944,31418
32981,8962,31335
32997,8962,31255
33012,8990,31329
32992,8904,31351
32992,8941,31333
32980,8958,31223
32960,8935,31367
32980,8945,31437
32989,8965,31273
33012,8958,31076
32976,8977,31381
32986,8919,31223
32996,8930,31343
32984,8946,31497
32980,8987,31365
32996,8922,31310
33000,8967,31411
32992,8964,31394
33006,8990,31476
33020,8951,31284
33020,8938,31161
33044,8949,31559
33020,8933,31438
32976,8970,31213
32952,8915,31445
33006,8957,31305
33016,8957,31308
32972,9009,31577
32952,8959,31410
32992,8957,31228
33016,8964,31461
33052,8995,31453
33044,8929,31239
33048,8953,31617
33032,8979,31503
33014,8929,31495
33024,8955,31396
33004,8972,31527
32992,9033,31432
32952,8953,31396
32900,8972,31303
32892,8982,31655
32892,8991,31543
32918,8912,31631
32880,8931,31500
32892,8941,31468
32944,8967,31460
32976,9011,31319
33000,9031,31686
32980,8952,31551
32972,8955,31487
32954,8967,31433
32896,8973,31477
32889,8984,31485
32916,8920,31572
32908,8928,31649
32904,8964,31559
32912,8972,31567
32936,9019,31438
32920,8953,31297
32832,8957,31662
32797,8984,31547
32773,8920,31605
32796,8952,31385
32780,8937,31444
32796,8969,31590
32812,9011,31516
32760,8957,31590
32724,8970,31463
32748,8977,31369
32734,9005,31524
32736,9039,31396
32704,8927,31463
32676,8918,31619
32656,8922,31471
32600,8952,31509
32569,8981,31353
32620,9025,31456
32640,9112,31476
32644,8964,31301
32664,8970,31434
32654,8990,31388
32712,8927,31385
32806,8927,31407
32848,8952,31127
32888,8993,31535
32896,9010,31360
32912,8961,31285
32920,8965,31253
32932,8985,31119
32976,8992,31477
32977,9007,31348
32968,8926,31191
32953,8934,31428
32964,9076,31187
32996,8943,31334
32988,8979,31191
32929,8984,31335
32864,9029,31303
32832,8964,31201
32841,8979,31345
32892,8994,31249
32904,8927,31180
32904,8941,31356
32863,8951,31271
32864,9027,31176
32840,8950,31133
32852,8962,31023
32836,8996,31251
32821,8998,31231
32854,8959,31319
32877,8972,31093
32880,8989,30988
32868,8922,31271
32856,8971,31178
32864,9024,31101
32868,8951,31357
32892,8978,31185
32868,8999,31359
32864,8982,30945
32828,8980,31225
32748,8965,30975
32604,8940,31336
32333,8945,31170
31992,8975,30972
31653,9037,31333
31348,8954,31181
31156,8980,31198
30938,9004,31146
30776,9101,31305
30618,8971,31152
30722,8977,30934
31376,8934,31194
32612,8939,31295
34260,8954,31164
36336,8999,30996
38856,8963,31311
41764,8997,31098
44948,9021,31180
48236,8967,30921
51056,8992,31289
52768,9030,31167
52512,8965,31167
51020,8979,31073
49204,9004,31286
47268,8975,31173
44984,9019,31051
42432,9006,31157
40032,9036,31054
37832,9042,31285
35988,8985,31096
34660,9001,31084
33824,9015,31168
33272,8953,30993
32760,8982,31270
32369,8975,31148
32096,9005,31228
31937,9043,31140
31780,8981,31076
31597,8997,31291
31384,9023,31133
31137,8953,30920
30840,8952,31239
30564,8956,31023
30337,8996,30885
30178,8954,31239
30084,8977,31119
29964,8998,30973
29873,9050,31278
29796,8980,31009
29820,8988,31156
29844,9009,31072
29884,8939,31246
29956,8945,31156
30032,8992,31079
30084,8943,31215
30128,8980,31175
30145,8999,31101
30188,8975,31332
30116,8975,31136
30124,8972,31063
30120,8967,31266
30100,9011,31182
30160,8929,31007
30224,8939,31348
30341,8986,31215
30454,9021,31105
30464,8967,31345
30426,8976,31293
30412,8991,31045
30436,8962,31298
30476,8950,31229
30488,8954,31351
30492,8982,31369
30492,8961,31300
30436,8978,31374
30453,8959,31429
30466,8979,31277
30484,8993,31152
30528,9030,31559
30590,8963,31413
30668,8981,31332
30717,8933,31577
30764,8951,31436
30828,8933,31480
30880,8959,31522
30868,8979,31444
30860,9028,31404
30895,8978,31511
30916,8999,31522
30908,8996,31575
30885,9012,31492
30900,8936,31541
30900,8933,31517
30948,8957,31322
31036,9019,31636
31066,8965,31485
31072,8992,31278
31096,9012,31468
31068,9036,31169
31048,9044,31396
31036,8948,31391
31009,8969,31357
31036,8983,31186
31100,8942,31275
31132,8948,31367
31118,8988,31226
31122,9000,31186
31132,9045,31015
31172,9089,30967
31176,8964,30901
31176,8955,30759
31264,8953,30952
31280,8955,30876
31262,8993,30926
31280,8956,30740
31324,8967,30641
31368,8979,30623
31448,8994,30518
31528,9013,30428
31554,8995,30377
31496,9052,30477
31508,8946,30375
31536,8957,30304
31570,9042,30137
31554,8961,30187
31568,8998,30146
31566,9055,29937
31610,8990,30017
31692,9015,29841
31752,8998,29909
31820,9020,29830
31832,8955,29686
31824,8961,29581
31826,8983,29538
31820,9003,29568
31808,8977,29524
31768,9006,29357
31765,9037,29487
31780,9116,29184
31796,8984,29256
31780,8991,29203
31851,9024,29049
31876,8953,29112
31880,8965,28963
31896,9001,29050
31912,8984,28914
31876,9007,28656
31885,9064,28917
31880,8996,28743
31932,8997,28533
31920,9004,28828
31884,9026,28667
31916,8956,28550
31916,8952,28542
31900,8996,28563
31880,9031,28287
31818,8994,28386
31822,9023,28527
31842,9033,28375
31816,9055,28273
31824,8965,28481
31804,8984,28317
31816,8971,28196
31805,9010,28353
31836,9036,28213
31848,8976,28321
31840,8985,28180
31852,8989,28295
31920,8996,28140
31922,9033,28021
31972,8959,27970
32036,8945,27885
32100,8960,28192
32096,8977,28067
32072,8972,28079
32133,9068,28050
32168,8973,28031
32216,9001,27911
32247,9016,28125
32256,9035,27960
32300,8947,27756
32352,8958,28004
32356,8988,28071
32360,8933,27864
32360,8941,27757
32436,8981,27961
32476,8987,27912
32512,9034,27897
32568,8969,27839
32605,8972,28071
32584,8976,27927
32572,9006,27845
32528,8924,28073
32510,8961,27851
32520,8983,27945
32552,9026,27827
32573,8959,28046
32629,8971,27940
32623,8977,27844
32612,8995,27963
32620,9006,27961
32648,8925,27875
32676,8954,27960
32704,8954,28004
32696,8996,27942
32672,8954,27962
32700,8983,28038
32737,8984,27986
32729,9001,28018
32736,9020,27973
32764,8943,27966
32757,8935,28125
32814,8939,28121
32864,8966,28098
32861,9001,28023
32888,9017,28069
32941,9040,28089
32972,8970,28274
32988,8968,28278
33020,8981,28301
32997,8974,28241
32988,8981,28272
33008,8969,28299
33032,8996,28359
33048,9015,28479
33108,8958,28593
33142,8968,28551
33143,8976,28468
33117,8971,28452
33160,8960,28761
33164,8948,28530
33152,8933,28652
33125,8937,28728
33174,8960,28831
33213,9056,28807
33232,8965,29126
33252,8995,29045
33264,9043,29092
33252,8978,29115
33245,8964,29129
33265,8982,29244
33320,8961,29134
33368,8946,29431
33401,8972,29599
33408,8994,29545
33376,9016,29679
33372,9037,29696
33336,9051,29767
33328,8982,29754
33324,8972,29903
33316,8968,30109
33304,8966,30087
33316,8991,30193
33332,8946,30188
33316,8954,30305
33308,8972,30388
33305,9002,30572
33296,8997,30546
33304,9007,30559
33288,9005,30608
33292,8987,30771
33285,8963,30991
33294,8953,30660
33296,8945,30935
33312,8981,31092
33308,8990,31293
33292,9005,30983
33288,9011,31286
33277,9000,31511
33308,8990,31465
33324,8988,31548
33344,8967,31428
33368,8963,31623
33332,8964,31796
33300,8983,31874
33296,8985,32082
33292,9002,31706
33288,9031,32098
33255,9056,32164
33260,8973,32327
33296,8978,32263
33316,8971,32404
33268,8961,32412
33236,9003,32290
33216,8954,32731
33224,8967,32669
33204,9003,32655
33232,9015,32750
33257,9010,32796
33276,9059,33063
33296,8952,33019
33352,8946,33022
33344,8967,33056
33312,8959,33225
33284,9010,33192
33261,8959,33379
33260,8972,33389
33256,9001,33537
33276,8987,33473
33252,8987,33494
33232,8987,33559
33236,8998,33357
33224,9002,33845
33196,9082,33765
33234,8953,33973
33248,8961,33842
33248,9001,33755
33264,9016,33937
33288,9042,33703
33312,8962,34196
33344,8975,34036
33316,8970,33921
33288,8996,34201
33296,8937,34244
33288,8943,34358
33316,8969,34265
33336,9001,34321
33297,9007,34343
33284,8993,34495
33282,8990,34429
33326,8967,34534
33316,8957,34530
33260,8960,34676
33224,8965,34228
33184,8979,34637
33217,8977,34518
33238,8989,34511
33229,8997,34597
33204,9001,34614
33196,8997,34645
33208,8951,34834
33204,8940,34742
33204,8953,34695
33212,8960,34787
33196,8985,34815
33173,9004,34964
33140,9046,34834
33108,9071,34864
33128,8976,34811
33124,8987,34600
33084,8997,34964
33082,8996,34887
33064,9023,35029
33056,8942,34865
33028,8978,34612
33004,8986,35075
32976,9028,34908
32976,9027,34932
32952,9022,34992
32936,9023,34951
32884,9030,34858
32860,8948,35034
32849,8941,35044
32856,8957,34966
32888,8989,34942
32876,8987,34985
32904,8995,34772
32928,9026,35206
32968,9042,35079
33008,9045,35188
33012,8960,35062
33100,8949,35102
33132,8967,35012
33176,8977,35119
33208,9022,35048
33240,8969,35222
33224,9006,34985
33205,9007,35007
33202,9036,35127
33201,8975,35140
33221,8979,35175
33196,8961,35047
33200,9001,35157
33176,8944,35087
33100,8991,35305
33064,8996,35151
33056,9043,35197
33092,9097,35152
33108,8987,35097
33101,8988,35052
33134,8977,35127
33112,8985,35167
33140,8977,35262
33133,8967,35225
33125,8961,35343
33100,8975,34992
33084,8985,35149
33064,8999,35267
33048,8991,35247
33041,9009,35394
33045,8994,35237
33057,9013,35404
33072,9012,35271
33040,8948,35387
33037,8959,35273
33076,8971,35157
33020,8979,35281
32916,8986,35279
32732,8983,35429
32406,8980,35288
32072,8967,35428
31732,8949,35092
31493,8946,35185
31264,8947,35223
31021,8956,35280
30800,8997,35287
30648,8997,35321
30920,9021,35444
31808,9017,35156
33208,8993,35276
35020,8975,35278
37236,8976,35278
39908,8989,35270
42976,9024,35308
46348,8958,35101
49560,8966,35436
52084,9022,35309
53140,9025,35335
52308,9062,35024
50556,9057,35216
48522,9071,35343
46388,9087,35335
44060,8977,35380
41733,8978,35365
39576,8993,35386
37488,8996,35129
35868,9006,35282
34766,9009,35409
34080,9007,35383
33540,8991,35365
32976,8981,35297
32540,8966,35301
32262,8956,35320
32072,8957,35408
31876,8964,35479
31692,8974,35481
31446,8989,35513
31213,8996,35615
30988,8992,35522
30788,8982,35609
30632,8971,35541
30480,8967,35684
30332,8974,35550
30188,8959,35607
30136,8983,35548
30092,9010,35537
30040,8988,35488
30084,8991,35572
30108,9018,35643
30136,9006,35565
30152,9021,35573
30170,8951,35687
30196,8952,35637
30236,8979,35687
30248,9010,35572
30292,8970,35591
30296,8987,35633
30328,9006,35678
30406,9026,35839
30432,9017,35387
30432,9026,35845
30464,8954,35772
30508,8965,35713
30532,8964,35823
30544,9003,35524
30572,9058,35903
30616,8983,35932
30652,9020,36047
30692,9013,35988
30704,8983,35964
30688,8964,35935
30704,8975,36023
30746,8979,36031
30784,9000,35912
30788,9018,36164
30792,9062,36127
30816,8986,36182
30864,8992,36367
30861,8991,36397
30856,9113,36407
30852,8967,36143
30906,8956,36452
30932,8971,36143
30968,8961,36578
31016,8977,36476
31013,8990,36529
31032,9007,36639
31040,9013,36631
31077,9018,36791
31110,9013,36684
31137,9024,36782
31120,8959,36689
31112,8944,36711
31120,8971,36688
31116,8975,36758
31160,8989,36725
31186,9003,36852
31233,9000,36403
31239,8999,36583
31244,8999,36645
31246,8994,36658
31264,8967,36743
31248,8981,36652
31240,8962,36720
31244,8960,36636
31300,8974,36604
31360,9054,36556
31372,9039,36559
31392,9009,36614
31417,8993,36111
31437,8983,36470
31457,8968,36344
31464,8958,36348
31488,8967,36452
31472,8970,36311
31488,8979,36385
31508,8983,36239
31540,8993,36309
31544,9077,35792
31598,9047,36207
31636,8967,36049
31668,8959,36137
31661,9012,35578
31681,9009,35888
31713,8999,35590
31780,8998,35716
31788,9021,35743
31792,9044,35660
31840,9031,35716
31858,9007,35241
31868,8988,35392
31868,8988,35532
31847,8977,35417
31848,8967,35428
31896,8963,35135
31916,8972,35079
31951,8989,35124
31968,8995,35068
32020,9009,35005
31980,9013,34926
32004,8999,34866
32032,8973,34805
32096,8969,34726
32156,8960,34684
32164,8977,34604
32154,8989,34577
32164,9007,34620
32161,9007,34495
32112,9000,34409
32076,8989,34303
32000,8974,34204
31976,8957,34220
31936,8956,34151
31896,8958,34143
31904,8967,34092
31912,8997,34116
31905,8999,33980
31881,8993,34063
31880,8992,33853
31880,8988,33900
31876,8974,33440
31877,8964,33843
31892,8955,33652
31872,8958,33724
31920,8973,33521
31932,8986,33383
31950,9121,33356
31968,9073,33346
32049,9049,33456
32081,9025,32951
32096,9001,33067
32128,9006,33093
32132,8976,33103
32116,8973,33170
32188,8981,32673
32228,8997,32828
32232,9015,32858
32188,9019,32769
32161,9023,32706
32136,9019,32660
32136,9001,32564
32232,8991,32476
32280,8987,32511
32300,8991,32463
32372,8997,32497
32388,9011,32350
32388,9035,32319
32369,9055,32206
32356,9044,32272
32372,9058,32095
32364,9016,32177
32373,9002,31956
32320,9008,31991
32287,9021,31860
32332,9037,31865
32344,9041,31702
32405,9063,31583
32448,9076,31512
32460,9083,31262
32446,9057,31481
32440,9039,31247
32416,9024,31324
32432,9029,31215
32416,9012,31255
32416,9019,31302
32452,9032,30844
32520,9045,30999
32529,9052,30801
32548,9070,31060
32604,9063,30866
32645,9050,30717
32656,9030,30604
32664,9014,30575
32628,9086,30598
32660,9089,30666
32700,9099,30197
32672,9095,30250
32653,9104,30231
32704,9119,30215
32712,9079,30322
32732,9075,30103
32698,9079,30154
32660,9065,29743
32688,9074,29949
32668,9060,29671
32688,9078,29712
32672,9059,29818
32684,9069,29359
32752,9133,29545
32813,9125,29384
32852,9074,29417
32852,9077,29479
32868,9058,29036
32880,9044,29094
32848,9062,28990
32816,9082,29047
32816,9082,28951
32844,9095,28903
32812,9124,28686
32780,9167,28997
32852,9135,28816
32852,9111,28849
32828,9070,28609
32788,9077,28647
32796,9065,28692
32832,9102,28575
32836,9127,28620
32840,9166,28490
32864,9157,28478
32836,9068,28380
32820,9055,28351
32852,9036,28308
32864,9029,28231
32840,9033,28212
32824,9047,28104
32804,9062,28044
32824,9087,27988
32840,9102,28231
32844,9103,27850
32880,9098,28052
32917,9090,27804
32868,9071,27858
32808,9068,27860
32768,9125,27809
32750,9014,27691
32792,9028,27946
32876,9042,27874
32920,9060,27911
32901,9044,27817
32872,9030,27860
32848,9017,27759
32780,9001,27897
32772,9020,27748
32785,9005,27647
32820,9029,27623
32852,9058,27540
32925,9092,27630
32950,9028,27676
32944,9029,27677
32908,9030,27647
32900,9007,27685
32856,8992,27396
32816,8985,27647
32777,8985,27444
32753,8989,27565
32776,8996,27599
32820,9010,27595
32900,9020,27578
32961,9042,27546
32944,9041,27487
32924,9006,27495
32866,8997,27399
32820,8997,27602
32784,8990,27394
32836,9008,27539
32845,9043,27407
32856,9050,27436
32848,9049,27581
32840,9061,27573
32844,9071,27545
32852,8986,27543
32817,8973,27535
32821,8967,27540
32868,8976,27477
32908,8985,27564
32920,9039,27495
32913,9082,27556
32884,9006,27499
32869,9001,27543
32884,8999,27501
32879,9007,27505
32864,8982,27399
32905,8995,27770
32876,9002,27642
32840,9003,27775
32808,9004,27436
32788,9011,27545
32772,9028,27676
32796,9001,27718
32804,8985,27851
32816,8965,27511
32832,8950,27796
32864,8948,27763
32884,8964,27879
32864,8959,27796
32848,8962,27769
32796,8978,27729
32756,8980,27797
32720,8983,27778
32800,8975,27890
32848,8960,27943
32800,8953,27929
32792,8968,27825
32800,8945,27898
32821,8951,27896
32805,8990,27937
32764,8996,27815
32780,9007,28151
32863,9012,27895
32868,8991,28192
32832,8968,27913
32840,8969,28037
32816,8943,28060
32868,8940,28103
32908,8973,28118
32888,8953,28211
32896,8978,28183
32896,8980,28167
32905,8972,28244
32916,8964,28241
32896,8949,28476
32868,8939,28417
32869,8928,28443
32864,8927,28463
32884,8936,28551
32864,8949,28532
32836,8963,28615
32840,8965,28551
32772,8971,28537
32764,8963,28635
32776,8945,28615
32738,8932,28665
32708,8931,28770
32772,8927,28741
32776,8966,28742
32708,8975,28756
32664,8974,28753
32672,9001,28751
32720,9013,28631
32712,9011,28858
32716,9001,28719
32716,8989,28871
32692,8929,28967
32752,8925,29128
32792,8935,29023
32812,9080,29120
32860,8955,29054
32919,8964,28999
33020,8973,29099
33072,8983,29151
33100,8978,29319
33092,8943,29220
33072,8941,29222
33093,8951,29239
33096,8986,29225
33088,8995,29319
33092,8996,29429
33028,8997,29388
32988,9021,29370
32945,9022,29343
32984,9079,29357
33029,9010,29375
33074,8999,29421
33028,8986,29447
33016,8981,29545
33041,9007,29622
33052,8954,29639
33068,8963,29717
33108,8963,29860
33073,8956,29791
33028,8944,29944
33020,9069,29605
33017,8919,30018
33026,8921,29918
33012,8933,29855
33038,8946,29964
33046,8956,29877
33056,8974,30121
33029,8968,29839
33000,8960,30260
32974,8943,30172
32916,8928,30321
32824,8922,30255
32584,8919,30222
32316,8931,30242
32013,8969,30119
31788,8981,30502
31610,9028,30333
31313,8967,30493
31052,8960,30500
30860,8948,30455
30856,8931,30605
31312,8927,30669
32340,8923,30620
33808,8929,30629
35624,8939,30694
37920,8955,30692
40628,8969,30665
43608,9003,30580
46736,8981,31007
49464,8983,30919
51224,9013,30839
51184,9038,31124
49728,8951,30974
47848,8960,31071
45920,9009,31150
44085,9011,31148
42260,9017,31166
40580,9023,31208
38764,9035,31073
37004,9039,31452
35712,9020,31399
34912,9007,31573
34311,8988,31239
33716,8999,31561
33071,9024,31609
32701,9050,31772
32464,9039,31489
32289,9033,31637
32077,9031,31715
31887,9047,31727
31617,9064,31780
31369,8932,32097
31188,8936,31974
31072,8947,31982
30972,8970,32249
30840,9009,32151
30700,9030,32130
30576,9069,32127
30504,8965,32015
30453,8951,32407
30480,8941,32401
30506,8951,32367
30520,8943,32532
30556,8949,32543
30542,8983,32607
30545,8993,32615
30596,9003,32613
30629,8996,32620
30680,9004,32820
30740,9010,32858
30781,9065,32775
30772,9038,32855
30810,8926,32903
30848,8935,32847
30908,8947,33235
30921,8960,33250
31009,9025,33181
31071,9028,33337
31045,9030,33333
31052,9003,33501
31064,8996,33543
31092,8992,33717
31127,8996,33687
31146,8927,33543
31168,8951,33993
31200,8971,33930
31232,8997,33940
31256,9009,34100
31316,9006,33849
31360,8998,34287
31388,9065,34321
31376,8924,34368
31416,8945,34409
31423,8949,34582
31432,8958,34609
31453,8960,34802
31460,8967,34711
31528,8967,34930
31561,8959,34812
31581,8943,34852
31612,9071,34924
31632,9028,34984
31641,8926,35076
31632,9030,35053
31644,8938,35079
31672,8950,35116
31712,8963,35204
31752,8961,35188
31752,8955,35353
31776,8948,35270
31800,8934,35416
31804,8945,35285
31824,8953,35429
31821,8950,35263
31840,8961,35214
31821,8967,35348
31864,8991,35297
31870,8982,35241
31844,8981,35316
31840,8976,35302
31828,8943,35312
31860,8957,35380
31896,8976,35025
31959,8965,35293
31972,8956,35279
32012,8960,35348
32077,8967,35432
32096,8965,34996
32052,8966,35207
32016,9022,35311
31944,8989,35253
31936,8973,35353
31972,8981,35200
32052,8990,35293
32112,9041,35142
32148,8959,35260
32146,9027,34823
32164,9062,35004
32172,8963,35038
32180,8951,35101
32194,8935,34967
32208,8932,34921
32200,8932,34889
32236,8937,34977
32256,8951,34846
32278,8960,34916
32280,8963,34772
32252,8966,34865
32228,8959,34368
32192,8955,34789
32216,8938,34628
32236,8935,34552
32289,8947,34425
32318,8965,34196
32325,8956,34534
32304,8991,34141
32285,8999,34575
32296,8996,34378
32293,8981,34311
32304,8977,34247
32312,8943,34281
32292,8945,34277
32224,8922,34222
32192,8935,34084
32184,8945,34055
32136,8962,34029
32096,8969,33804
32068,8972,34244
31985,8961,34045
31884,8944,34031
31870,8936,33968
31884,8978,34019
31890,8948,33961
31904,8959,34060
31940,8958,33913
31956,8972,33989
31964,8976,33883
31942,8981,33900
31920,8987,33823
31984,8982,33900
32004,8975,33777
32061,8975,33799
32096,9011,33700
32136,9023,33788
32178,8928,33674
32189,8941,33695
32208,8946,33609
32236,8951,33597
32253,8939,33590
32280,8929,33693
32288,8989,33518
32316,8907,33578
32344,9017,33478
32357,8911,33375
32334,8914,33297
32348,8942,33147
32376,8945,33311
32377,8947,33365
32380,8938,33309
32368,8925,33399
32369,8907,32935
32352,8901,33159
32364,8903,33221
32372,8904,33159
32417,9031,33057
32469,8929,32863
32480,8943,33023
32496,9011,33122
32520,8935,33008
32516,8917,33127
32544,8903,32948
32504,8901,32864
32516,8902,32775
32552,8910,32753
32544,8915,32802
32556,8925,32801
32580,8935,32772
32612,8961,32711
32668,8939,32773
32688,8948,32652
32646,8927,32672
32640,8907,32694
32620,8900,32655
32596,8908,32695
32624,8926,32725
32636,8947,32647
32648,8951,32753
32672,8989,32611
32664,8927,32501
32688,8913,32639
32724,8907,32572
32752,8917,32676
32746,8894,32533
32785,8901,32660
32804,8908,32503
32804,8918,32527
32808,8923,32180
32804,8930,32391
32792,8925,32338
32764,8997,32358
32752,8965,32398
32824,8948,32354
32858,8940,32436
32852,8946,32317
32856,8967,32432
32848,8996,32281
32852,9005,32319
32862,9009,32255
32834,8981,32263
32880,8975,31925
32898,8891,32331
32920,8884,32161
32900,8893,31967
32876,8917,32258
32896,8962,32135
32892,8915,32047
32912,8925,32271
32936,8927,32125
32932,8924,32263
32932,8927,32129
32897,8921,32039
32864,8932,32134
32848,8944,32101
32844,8963,32225
32856,8896,32101
32894,8909,32081
32902,8919,32100
32900,8923,32158
32900,8916,32078
32928,8902,32164
32932,8887,32095
32946,8886,32055
32944,8898,32006
32928,8917,31996
32936,8910,32101
32976,8943,32070
32948,8954,32116
32924,8950,32103
32918,8941,32145
32912,8932,32095
32940,8948,32196
32932,8943,31932
32909,8944,32221
32956,8950,31943
32953,8996,32351
32986,8910,32263
32980,8915,32362
32964,8923,32279
32964,8913,32407
32956,8905,32319
32976,8895,32294
32985,8903,32193
32961,8889,32226
32972,8896,32231
32976,8910,32295
32992,8923,32357
33004,8945,32407
33028,8955,32410
33024,8935,32540
33000,8922,32180
33016,8906,32428
32976,8884,32390
32996,8869,32460
32956,8881,32621
32956,8928,32289
32960,8994,32509
32932,8979,32473
32944,8981,32468
32948,8965,32612
32924,8958,32636
32936,8922,32701
32904,8903,32577
32900,8893,32617
32876,8893,32775
32860,8886,32645
32860,8902,32704
32900,8913,32805
32948,8911,32685
32944,8908,32742
32941,8897,32749
32948,8960,32804
32976,8934,32733
32954,8941,32688
32960,8877,32848
33012,8889,32881
33032,9052,32580
33020,9062,32763
32992,8987,32866
32960,8981,32885
32960,8978,32864
32936,8975,32855
32936,8975,32670
32916,8947,32967
32936,8925,32836
32944,8940,32871
32920,8943,32863
32916,8922,32870
32924,8911,33088
32944,8977,32714
32940,8958,32892
32944,8963,32865
32950,8936,32969
32948,8908,33151
32884,8928,33028
32880,8949,33151
32884,8951,32736
32900,8969,33162
32912,8963,32735
32929,8929,32887
32924,8918,33018
32913,8881,33038
32944,8873,33153
32968,8869,33015
32972,8877,33039
32908,8886,32995
32902,9027,33031
32904,8997,32924
32916,8966,33012
32918,8959,32981
32916,8969,32775
32932,8938,32864
32936,8909,32977
32900,8885,33017
32918,8902,33146
32900,8907,33004
32880,8933,33129
32884,8941,32820
32878,8928,33063
32858,8934,32991
32848,8933,33133
32813,8909,32967
32775,8891,33031
32752,8875,32920
32728,8939,32980
32714,8959,33007
32736,8973,32943
32704,8957,32868
32700,8964,32748
32702,8961,32929
32676,8933,32855
32676,8916,32893
32685,8915,32888
32696,8903,32799
32740,8900,32996
32776,8895,32885
32788,8910,32926
32796,8915,32789
32816,9037,32843
32833,9016,32877
32884,8901,32841
32933,9039,32932
32944,8960,32842
32984,8934,32855
32992,8931,32526
33004,8951,32850
33004,8950,32532
33044,8979,32914
33052,8919,32791
33013,8910,32789
32954,8903,32764
32944,8884,32680
32957,8873,32626
32993,8870,32466
32996,8888,32827
32941,8910,32692
32952,8921,32440
32953,8941,32876
32956,8977,32716
32920,8969,32644
32888,8962,32596
32887,8986,32433
32873,8943,32839
32865,8942,32718
32866,8941,32742
32924,8951,32671
32948,9051,32441
32960,8912,32829
32932,8913,32700
32920,8916,32619
32912,8903,32573
32892,8895,32421
32856,8890,32815
32852,8900,32409
32872,8907,32842
32856,8921,32682
32832,8916,32628
32764,8930,32601
32624,8933,32685
32349,8961,32831
31972,8955,32699
31628,8941,32657
31354,8931,32672
31144,8923,32708
30872,8935,32675
30672,8948,32699
30538,8958,32673
30760,8973,32639
31460,8969,32707
32645,8963,32727
34360,8897,32557
36445,8986,32623
38940,8871,32677
41856,8867,32695
45084,8873,32814
48464,8887,32692
51496,8901,32849
53496,8934,32711
53536,8962,32791
52216,8974,32724
50332,8971,32775
48308,8951,32728
45872,8913,32866
43148,8937,32741
40588,8929,32548
38292,8933,32708
36336,8943,32613
34840,8949,32759
33880,8949,32789
33232,8962,32746
32684,8958,32815
32329,8933,32804
32120,8931,32834
31904,8923,32845
31696,8939,32677
31508,8899,33092
31284,8905,32984
30992,8919,32758
30728,8933,33159
30496,8930,33041
30288,8931,32983
30076,8931,33013
29920,8937,32797
29840,8875,33213
29856,8872,33083
29817,8888,33086
29794,8909,33129
29828,8921,33076
29872,8965,33342
29852,9043,33202
29861,8896,33283
29908,8906,33024
29928,8890,33383
30004,8906,33209
30062,8927,33060
30092,8944,33406
30122,8958,33367
30132,8960,33542
30134,8965,33429
30152,8951,33495
30192,8946,33486
30216,8938,33594
30300,8868,33403
30344,8877,33586
30376,8899,33541
30420,8900,33567
30437,8928,33365
30506,8945,33798
30545,8965,33735
30574,8903,33684
30600,8892,33709
30636,8887,33839
30641,8876,33799
30654,8874,33839
30689,8907,33657
30700,8925,33948
30709,8934,33791
30744,8935,33873
30802,8967,33911
30840,8980,33941
30836,8889,33983
30834,8879,33958
30848,8862,33982
30853,8861,34000
30868,8865,34095
30892,8877,34124
30900,8889,34101
30932,8895,34188
30992,8901,34033
31028,8904,34100
31092,8886,34008
31108,8872,34358
31148,8870,34185
31108,8875,34156
31120,8891,34345
31097,8915,34244
31105,8931,34287
31108,8959,34167
31145,8905,33895
31184,8903,34307
31189,8900,34149
31191,8881,34109
31205,8868,34013
31272,8887,33796
31328,8896,34204
31336,8911,33977
31336,8893,34021
31364,8908,33907
31340,8935,33969
31308,8933,33918
31325,8951,33804
31372,8937,33708
31424,8950,33777
31420,8933,33827
31441,8935,33397
31492,8880,33807
31568,8900,33604
31586,8931,33287
31577,8963,33532
31580,8905,33599
31574,8909,33445
31572,8899,33287
31592,8901,33439
31624,8923,33208
31616,8873,33252
31666,8885,33301
31712,8897,33151
31748,8919,32799
31737,8996,32935
31752,8909,33109
31764,8929,32884
31766,8926,32564
31760,8955,32812
31808,8868,32899
31840,8900,32581
31832,8924,32650
31852,8960,32628
31870,8973,32503
31842,8913,32466
31840,8914,32375
31848,8933,32207
31876,8910,32197
31896,8895,32151
31916,8901,31980
31936,8900,32011
31993,8909,31912
31972,8928,32185
31985,8961,32007
31980,8979,31887
31992,8914,31943
32006,8905,31846
31960,8887,31893
31952,8878,31751
31944,8879,31644
31949,8890,31628
31964,8918,31667
31936,8916,31588
31904,8948,31444
31917,8994,31554
31900,8911,31427
31912,8907,31529
31937,8904,31449
31944,8912,31393
31968,8957,31348
32008,8879,31350
32086,8889,31407
32116,8897,31209
32100,8909,31092
32154,8924,31367
32186,8937,31157
32224,8908,31189
32212,8911,31111
32216,8921,31181
32305,8927,31125
32353,8869,31019
32368,8878,30989
32424,8914,31070
32472,8921,30948
32476,8960,31012
32500,8959,30753
32512,8956,31109
32508,8964,30945
32512,8871,30855
32512,8866,31022
32524,8868,30930
32560,8889,30671
32588,8908,30958
32573,8961,30885
32536,8901,30907
32568,8919,30639
32553,8920,30818
32576,8912,30999
32572,8926,30908
32552,8856,30761
32542,8879,30897
32556,8908,31004
32557,8889,30805
32568,8919,30935
32616,8940,30679
32594,9038,31001
32577,8883,30845
32654,8870,30980
32632,8873,31099
32644,8869,30990
32672,8913,30826
32684,8875,31212
32729,8879,31039
32716,8908,30860
32720,8935,31268
32741,8932,31114
32756,8949,30990
32800,8871,31366
32796,8858,31254
32748,8879,31303
32792,8886,31267
32828,8937,31458
32820,8883,31321
32884,8890,31207
32960,8911,31558
32961,8927,31324
32912,8987,31476
32940,8869,31255
33004,8887,31623
33048,8913,31446
32952,8855,31520
33004,8900,31374
32972,8906,31673
33049,8896,31526
32992,8900,31574
33054,8911,31362
33028,8961,31607
32992,8869,31599
32996,8883,31630
32988,8885,31613
33124,8880,31612
33016,8926,31678
33065,9017,31623
33076,8892,31647
33060,8899,31748
33096,8917,31678
33073,8893,31640
33064,8915,31816
33070,8925,31847
33072,8855,31805
33092,8869,31839
33084,8887,31875
33096,8916,31904
33096,8954,31950
33152,8900,31980
33136,8904,31796
33144,8895,32069
33100,8895,32034
33116,8909,32028
33137,8885,31943
33124,8860,31940
33136,8865,32064
33148,8882,32062
33184,8890,32059
33185,8903,32101
33184,8925,32281
33200,8911,32256
33204,8932,32310
33204,8860,32220
33216,8866,32327
33172,8935,32252
33188,8873,32492
33189,8909,32330
33216,8956,32304
33220,8900,32500
33214,8902,32420
33164,8907,32202
33184,8934,32614
33168,8858,32373
33172,8873,32538
33188,8907,32452
33185,8869,32642
33184,8896,32623
33216,8907,32609
33224,8963,32745
33202,8893,32684
33152,8890,32695
33160,8886,32815
33084,8901,32797
33072,8916,32849
33148,8860,32820
33120,8873,32801
33136,8884,32864
33156,8922,32732
33148,8919,33085
33124,8926,33004
33108,8901,33160
33084,8905,33087
33088,8857,33037
33088,8857,33170
33080,8876,33155
33073,8933,33191
33100,8881,33230
33077,8925,33179
33084,8940,33319
33081,9040,33373
33056,8883,33315
33008,8889,33410
33012,8969,33365
33012,8859,33647
32985,8876,33528
32937,8948,33587
32958,8879,33659
32976,8903,33582
33012,8932,33583
33016,8952,33748
33036,8879,33816
33021,8887,33855
33052,8880,33764
33009,8908,33725
32968,8852,33827
32956,8860,33927
32968,8880,33898
32960,8912,33974
32972,8931,34246
32980,8945,34149
32980,8949,34295
32972,8866,34212
32984,8846,34385
32948,8847,34154
32932,8846,34269
32929,8858,34396
32911,8869,34396
32916,8884,34476
32961,8918,34415
32960,8903,34509
32968,8933,34470
32960,8862,34607
32956,8847,34530
32944,8857,34469
32924,8857,34549
32941,8870,34605
32932,8899,34524
32920,8925,34594
32912,8957,34729
32904,8886,34435
32897,8901,34847
32916,8878,34756
32904,8877,34771
32869,8878,34844
32892,8915,34892
32888,8927,34908
32904,8871,35027
32881,8878,34980
32864,8887,35133
32888,8911,35013
32828,8886,35091
32852,8903,35053
32912,8934,35236
32900,8842,35124
32908,8846,35252
32884,8870,35180
32913,8894,35237
32945,8919,34885
32950,9031,35204
32904,8889,35279
32904,8897,35436
32873,8879,35328
32808,8887,35388
32780,8926,35257
32829,8848,35069
32833,8864,35568
32772,8886,35454
32765,8914,35495
32768,8954,35456
32748,8889,35495
32757,8883,35613
32748,8881,35502
32692,8900,35423
32712,8933,35544
32712,8849,35625
32696,8875,35740
32676,8901,35652
32608,8903,35812
32572,8943,35703
32588,8956,35817
32588,8878,35745
32613,8867,35784
32624,8862,35780
32696,8863,35931
32721,8877,35444
32724,8876,35709
32757,8893,35900
32824,8926,35866
32884,8954,36023
32876,8892,35904
32996,8880,36053
32996,8889,35943
33000,8866,36061
32997,8867,35973
32968,8875,36111
32956,8928,36024
32964,8879,36099
32968,8891,36046
32968,8918,36022
32936,8939,35991
32918,8964,35927
32960,8864,36124
32935,8885,36179
32888,8865,36285
32872,8912,36071
32857,8865,36244
32845,8891,35988
32864,8942,36379
32932,8898,36224
32892,8898,35975
32888,8900,36428
32888,8922,36286
32901,8857,36013
32928,8849,36408
32916,8854,36059
32932,8873,36577
32836,8909,36472
32852,8905,36540
32868,8908,36517
32900,8908,36544
32884,8930,36447
32848,8969,36580
32852,8860,36711
32804,8852,36559
32801,8889,36357
32620,8959,36799
32320,8882,36644
31974,8914,36633
31632,8915,36869
31380,8923,36759
31216,8930,36807
30940,8941,36655
30688,8863,36823
30564,8883,36863
30776,8898,36790
31550,8969,36885
32844,8883,36841
34572,8908,37028
36717,8934,36925
39464,8935,37114
42524,8912,36998
45824,8935,36949
49305,8943,36879
52436,9000,36845
54592,8870,37014
54856,8917,37093
53704,8998,37057
51780,8925,37204
49448,8949,37079
46632,8979,36820
43600,8999,37321
40814,8907,37184
38300,8898,36905
36196,8904,37302
34616,8923,37237
33685,8942,37220
33116,8900,37420
32636,8915,37279
32289,8932,37356
31992,8972,37363
31828,8895,37374
31588,8885,37405
31360,8895,37507
31105,8920,37319
30837,8868,37486
30552,8903,37383
30301,8891,37596
30068,8900,37495
29920,8909,37638
29784,8927,37401
29688,8964,37268
29628,8876,37684
29636,8877,37523
29665,8874,37212
29640,8932,37722
29686,8873,37601
29748,8894,37255
29800,8895,37669
29836,8928,37832
29868,8928,37710
29888,9007,37672
29932,8872,37607
29976,8860,37751
29960,8852,37725
29988,8864,37759
30016,8890,37901
30020,8933,37812
30052,8960,37893
30084,8899,37764
30108,8902,37591
30140,8910,37940
30202,8909,37891
30260,8863,37623
30268,8865,38021
30333,8882,37797
30400,8928,37929
30424,8882,38021
30458,8893,37908
30480,8916,37911
30524,8914,37905
30532,8935,37971
30549,8875,37973
30564,8873,37863
30596,8871,37961
30624,8914,37914
30692,8871,38025
30696,8894,37936
30740,8924,38024
30744,9027,37788
30788,8900,37511
30788,8917,38052
30796,8912,37860
30799,8932,37912
30792,8854,37804
30820,8861,37583
30860,8894,37965
30858,8931,37739
30864,9011,37716
30896,8908,37799
30944,8918,37711
30988,8888,37372
31008,8879,37727
31012,8889,37538
31017,8858,37569
30988,8895,37380
31040,8871,37620
31056,8904,37411
31116,8915,37336
31164,8948,37263
31208,8896,37180
31202,8900,37342
31196,8895,37100
31237,8924,37017
31244,8859,36997
31229,8876,36940
31260,8887,36956
31236,8914,36791
31216,8959,36679
31192,8903,36519
31213,8930,36201
31248,8937,36511
31264,8874,36519
31316,8893,36308
31334,8878,36041
31420,8937,36256
31460,8867,35988
31450,8899,36039
31456,8944,35930
31444,8977,35969
31444,8906,35669
31508,8920,35524
31596,8929,35776
31617,8869,35537
31639,8873,35253
31636,8912,35532
31616,8873,35311
31625,8913,35075
31652,8935,35279
31664,8905,35095
31680,8915,34716
31693,8908,35105
31696,8951,34844
31660,8889,34480
31628,8891,34861
31644,8864,34559
31673,8889,34609
31712,8950,34434
31804,8894,34532
31845,8916,34388
31856,8938,34175
31916,8897,34405
31964,8881,34121
31953,8895,34173
31936,8863,34026
31920,8874,34145
31900,8890,34017
31888,8888,33727
31872,8929,33951
31862,8965,33868
31844,8900,33812
31796,8904,33606
31800,8933,33828
31804,8863,33543
31836,8890,33621
31872,8898,33632
31876,8872,33409
31864,8883,33220
31848,8912,33612
31817,8960,33401
31832,8893,33327
31856,8910,33316
31940,8907,33335
31996,8920,33284
32016,8848,33113
32024,8854,33231
31988,8874,33247
32041,8951,33148
32128,8885,33141
32129,8919,33188
32156,8909,33015
32180,8923,32823
32184,8959,33095
32180,8847,32972
32212,8855,32775
32228,8901,33004
32240,8851,32762
32252,8879,32901
32336,8937,32832
32383,8951,32781
32433,8878,32557
32464,8900,32891
32508,8889,32735
32492,8908,32609
32468,8839,32796
32476,8837,32707
32446,8865,32600
32448,8883,32756
32460,8924,32621
32488,8880,32519
32500,8873,32502
32489,8881,32584
32508,8903,32321
32552,8917,32645
32588,8837,32517
32596,8838,32441
32552,8856,32388
32509,8870,32455
32500,8895,32487
32484,8940,32452
32460,8876,32531
32448,8864,32396
32484,8858,32415
32580,8853,32340
32644,8868,32281
32628,8900,32377
32604,8844,32263
32604,8867,32115
32588,8900,32388
32622,8896,32286
32680,8917,32228
32660,8929,32117
32644,8849,32211
32633,8845,32327
32669,8861,32159
32712,8866,31894
32678,8894,32143
32677,8928,31889
32753,8873,32237
32836,8893,32035
32879,8895,31967
32912,8901,31904
32969,8922,32039
32952,8839,31988
32872,8853,32026
32812,8892,32007
32828,8848,31996
32833,8867,31947
32864,8877,32096
32865,8875,31786
32860,8881,32041
32884,8893,31932
32896,8876,32017
32924,8875,31913
32981,8896,32028
32952,8922,31895
32896,8847,31862
32904,8875,31829
32932,8940,31790
32948,8877,31845
32953,8895,31879
32986,8927,32003
32952,8974,31871
32884,8842,31965
32849,8850,31829
32846,8853,31805
32844,8893,31815
32876,8964,31799
32944,8871,31796
32948,8891,31769
32949,8903,31748
32932,8876,31767
32948,8889,31708
32936,8891,31664
32892,8898,31935
32876,8915,31544
32892,8847,31965
32926,8848,31802
32913,8887,31764
32936,8888,31764
32969,8903,31726
32948,8924,31836
32921,8849,31801
32884,8832,31908
32876,8835,31789
32860,8839,31796
32860,8875,31735
32876,8919,31693
32941,8983,31748
33012,8863,31652
33046,8886,31641
33012,8873,31438
32952,8892,31676
32936,8883,31623
32953,8885,31667
32991,8900,31660
32982,8901,31689
32928,8846,31689
32964,8855,31655
32985,8865,31751
32989,8893,31630
32846,8870,31628
32758,8888,31547
32796,8931,31568
32822,8817,31505
32920,8815,31579
32932,8829,31607
32932,8845,31632
32876,8861,31631
32812,8860,31769
32812,8857,31372
32830,8857,31567
32842,8844,31447
32816,8839,31671
32848,8851,31596
32860,8855,31742
32864,8897,31593
32856,8842,31658
32869,8850,31570
32912,8868,31484
32972,8884,31424
32992,8903,31468
32936,8905,31489
32877,8887,31580
32880,8815,31524
32908,8812,31613
32925,8855,31480
32916,8851,31509
32928,8891,31445
32940,9001,31588
32940,8874,31444
32966,8858,31454
33000,8861,31420
32984,8875,31375
32937,8880,31393
32844,8893,31396
32720,8940,31220
32760,8838,31301
32853,8864,31348
32980,8887,31471
33028,8919,31335
33056,8929,31358
32948,8833,31305
32892,8820,31409
32788,8843,31293
32812,8831,31401
32884,8857,31273
32919,8873,31284
32888,8906,31183
32856,8927,31215
32890,8849,31181
32912,8843,31172
32948,8851,31177
32916,8877,31230
32908,8814,31150
32894,8816,31156
32862,8855,31063
32888,8899,31279
32888,8847,31209
32888,8887,31194
32872,8879,31199
32868,8856,31188
32820,8839,31184
32828,8821,31304
32876,8837,30918
32932,8829,31076
32936,8861,31079
32936,8880,31151
32848,8893,30999
32804,8896,31173
32824,8907,31105
32864,8852,31116
32872,8836,30836
32868,8836,31041
32872,8833,31009
32862,8845,31055
32852,8885,31062
32852,8841,31021
32884,8863,31004
32856,8906,30957
32836,8860,30817
32902,8850,30935
32876,8858,30828
32856,8841,31005
32840,8833,31013
32852,8849,31024
32848,8919,30976
32800,8851,30948
32801,8888,30989
32880,8886,31036
32984,8897,31204
33012,8899,30826
32960,8838,31175
32896,8828,31072
32828,8844,31172
32872,8847,30813
32940,8841,30930
32976,8855,31028
33024,8870,31070
33028,8880,31116
32993,8911,31046
32936,8855,30882
32888,8840,30967
32841,8832,30893
32816,8825,31161
32820,8839,31113
32852,8868,31087
32860,8869,31109
32857,8895,31061
32856,8923,31028
32869,8932,31061
32840,8857,31117
32860,8838,31065
32896,8835,31016
32893,8846,31038
32893,8841,31096
32878,8854,30914
32842,8893,31148
32820,8907,31103
32788,8868,31065
32744,8867,30964
32752,8889,31335
32804,8904,31165
32972,8829,31097
33082,8840,31367
33092,8891,31206
33096,8836,31184
33112,8875,31224
33148,8879,31199
33144,8881,31239
33161,8887,31324
33164,8891,31340
33156,8903,31412
33153,8836,31309
33148,8823,31271
33164,8834,31328
33132,8846,31339
33120,8880,31296
33097,8888,31170
33136,8926,31491
33159,8945,31210
33184,8861,31644
33185,8863,31538
33181,8879,31542
33118,8900,31533
33108,8831,31549
33124,8837,31583
33125,8848,31561
33173,8891,31551
33192,8896,31545
33181,8916,31874
33185,8933,31751
33180,8854,31903
33164,8859,31777
33156,8847,31727
33092,8859,31790
33104,8895,31808
33153,8989,31775
33220,8865,31751
33176,8901,32078
33144,8901,31772
32964,8902,31886
32700,8869,31893
32385,8869,32165
32056,8877,32101
31764,8893,32229
31552,8904,32164
31292,8935,32276
31132,8877,32205
30957,8916,32143
31092,8899,32178
31720,8918,32210
32900,8923,32301
34552,8923,32472
36544,8900,32244
39072,8907,32365
41932,8949,32468
44956,8988,32448
47904,8884,32596
50172,8887,32519
51084,8919,32615
50176,8943,32583
48372,8910,32741
46350,8900,32388
44456,8940,32766
42652,9057,32683
40996,8891,32515
39496,8905,32973
37748,8954,32887
36260,8909,32901
35308,8903,32942
34728,8889,32966
34200,8892,33031
33617,8877,33057
33072,8891,33146
32736,8899,33240
32596,8917,33311
32489,8933,33500
32332,8938,33260
32180,8955,33471
31940,8892,33651
31668,8880,33601
31400,8871,33719
31212,8857,33607
31012,8853,33683
30860,8857,33901
30772,8892,33852
30682,8900,33988
30644,8900,33928
30644,8920,33951
30632,8907,34068
30625,8908,34212
30641,8894,33828
30672,8886,34183
30666,8891,34239
30680,8904,34322
30696,8925,34289
30736,8862,34298
30760,8882,34423
30752,8902,34480
30790,8912,34708
30865,8907,34631
30892,8925,34823
30932,8905,34409
30992,8901,34695
31068,8845,34823
31128,8853,34887
31124,8867,35061
31132,8891,34784
31156,8899,34948
31152,8915,35015
31121,8948,35142
31136,8863,35175
31156,8855,35227
31188,8843,35239
31254,8850,35328
31273,8849,35547
31324,8871,35244
31344,8891,35660
31388,8916,35556
31385,8920,35643
31372,8916,35585
31366,8904,35603
31393,8893,35798
31460,8926,35730
31520,8842,35767
31570,8848,35748
31562,8877,35821
31540,8888,35911
31564,8900,36033
31588,8925,35957
31566,8879,35913
31532,8862,35871
31566,8879,36000
31644,8881,35879
31676,8845,35751
31740,8849,36040
31784,8899,36052
31728,8954,36148
31668,8887,36004
31680,8902,36033
31688,8907,35905
31728,8862,35692
31828,8868,36151
31852,8887,36009
31804,8839,35991
31780,8854,35863
31789,8877,35886
31838,8923,35836
31868,8954,35737
31904,9028,35823
31901,8875,35845
31904,8879,35722
31896,8868,35719
31893,8880,35705
31916,8906,35655
31920,8854,35556
31904,8887,35482
31936,8901,35484
31996,8966,35501
32021,8899,35665
32000,8897,35506
32016,8926,35581
32016,8856,35410
32016,8855,35519
32060,8873,35351
32116,8896,35412
32128,8941,35247
32148,8882,35066
32173,8892,35228
32228,8892,34836
32240,8883,34927
32252,8868,35024
32264,8852,34986
32260,8857,35036
32196,8866,34534
32221,8901,34690
32264,8931,34717
32285,8884,34723
32304,8890,34811
32348,8889,34580
32381,8884,34577
32358,8869,34567
32350,8855,34436
32368,8844,34465
32384,8849,34535
32388,8855,34151
32376,8873,34258
32384,8883,34423
32332,8924,34223
32300,8930,34332
32340,8933,33827
32314,8870,34172
32284,8855,33853
32256,8850,33908
32224,8855,33745
32184,8980,34102
32124,8869,33949
32108,8910,34020
32096,8919,33852
32058,9025,33757
31977,8879,33687
31964,8868,33783
31926,8863,33742
31912,8863,33679
31892,8864,33586
31904,8891,33533
31936,8941,33533
31962,8878,33505
31976,8898,33463
32032,8916,33543
32068,8943,33181
32120,8859,33620
32104,8868,33455
32112,8898,33512
32101,8839,33367
32128,8849,33346
32148,8886,33308
32184,8894,33303
32192,8929,33266
32234,8957,33248
32258,8871,33229
32292,8878,33159
32320,8864,33078
32348,8888,33052
32360,8915,33057
32352,8849,32982
32324,8853,32948
32340,8888,32925
32358,8894,32884
32372,8918,32871
32409,8927,32775
32394,8858,32628
32413,8840,32807
32428,8836,32711
32458,8835,32790
32456,8870,32708
32472,8861,32719
32518,8913,32577
32497,8940,32575
32548,8877,32611
32553,8868,32638
32552,8870,32569
32552,8858,32590
32540,8878,32743
32544,8893,32300
32553,8841,32420
32580,8852,32425
32612,8895,32469
32680,8929,32529
32708,8874,32532
32704,8896,32471
32736,8896,32442
32764,8934,32447
32750,8836,32541
32784,8831,32391
32792,8839,32402
32776,8879,32127
32764,8892,32297
32753,8891,32359
32764,8900,32327
32780,8911,32204
32772,8920,32205
32805,8909,32272
32805,8903,32383
32844,8831,32221
32869,8853,32153
32868,8868,32031
32858,8911,32150
32860,8872,32163
32858,8901,32154
32868,8891,32089
32848,8903,32100
32852,8894,32077
32856,8907,32190
32856,8831,31779
32848,8839,31996
32796,8867,31909
32824,8885,31925
32836,8922,31998
32872,8945,31965
32884,8957,32083
32924,8854,31925
32896,8849,32020
32912,8866,31616
32893,8849,31871
32861,8871,31900
32880,8877,31852
32868,8881,31975
32857,8959,31854
32880,8879,31983
32864,8885,31849
32856,8910,31891
32808,8851,31829
32781,8837,31782
32805,8839,31783
32832,8864,31743
32856,8923,31842
32864,8870,31796
32856,8877,31737
32832,8908,31893
32840,8885,31533
32828,8913,31954
32828,8849,31830
32862,8841,31847
32900,8847,31773
32900,8908,31639
32912,8858,31965
32936,8884,31807
32900,8909,31844
32876,8922,31839
32884,8940,31973
32893,8857,31855
32880,8857,31921
32888,8849,31823
32892,8884,31616
32884,8846,32020
32900,8856,31893
32900,8894,31878
32856,8913,31860
32837,8954,31649
32812,8870,31910
32824,8872,31943
32820,8861,31954
32838,8876,31929
32836,8951,31875
32836,8843,31991
32840,8883,31692
32849,8888,31988
32816,8927,32007
32858,8999,32165
32825,8870,32005
32792,8867,31968
32804,8873,31935
32824,8901,31977
32812,8838,31973
32820,8839,31892
32852,8860,31983
32864,8909,32095
32844,8877,32258
32864,8879,31898
32867,8876,32020
32864,8873,32142
32872,8890,32279
32869,8876,32088
32892,8894,32165
32900,8847,32309
32880,8855,32223
32842,8876,32341
32816,8895,32230
32800,8931,32303
32820,8940,32251
32782,8920,32169
32744,8908,32220
32757,8845,32130
32801,8836,32206
32828,8871,32255
32860,8893,32216
32880,8976,32197
32857,8879,32117
32872,8904,32471
32856,8908,32333
32866,8932,32320
32834,8955,32373
32821,8841,32420
32788,8865,32295
32797,8887,32199
32805,8931,32321
32784,8876,32118
32732,8893,32341
32748,8921,32317
32746,8900,32403
32744,8928,32383
32756,8860,32421
32752,8866,32349
32700,8866,32391
32684,8918,32365
32700,8866,32351
32705,8879,32340
32652,8916,32311
32612,8944,32441
32628,8887,32588
32657,8869,32460
32704,8863,32487
32749,8878,32179
32751,8876,32464
32768,8932,32193
32784,8869,32464
32746,8873,32257
32712,8892,32564
32689,8903,32167
32660,8895,32492
32676,8889,32229
32684,8896,32425
32710,8876,32501
32716,8869,32326
32704,8902,32433
32736,8864,32391
32741,8901,32367
32719,8908,32214
32684,8988,32576
32645,8882,32202
32608,8863,32405
32584,8851,32399
32586,8846,32484
32580,8855,32621
32580,8881,32485
32544,8897,32615
32504,8942,32469
32444,8889,32444
32465,8888,32399
32504,8883,32445
32476,8871,32420
32484,8861,32493
32472,8860,32481
32456,8890,32452
32460,8972,32533
32492,8863,32476
32520,8876,32599
32564,8889,32175
32608,8905,32604
32630,8939,32479
32648,8933,32529
32680,8996,32213
32724,8851,32351
32744,8868,32381
32752,8877,32452
32740,8878,32594
32736,8892,32353
32800,8921,32375
32840,8940,32507
32845,9021,32436
32840,8867,32484
32784,8887,32428
32770,8869,32452
32832,8885,32437
32864,8850,32516
32920,8861,32335
32884,8888,32378
32824,8907,32164
32775,8928,32297
32708,8879,32119
32672,8866,32302
32660,8863,32335
32684,8854,32399
32696,8850,32502
32714,8856,32220
32744,8897,32325
32812,8916,32455
32784,8947,32411
32808,8881,32397
32780,8889,32307
32765,8877,32308
32800,8862,32405
32816,8853,32288
32780,8863,32307
32768,8863,32375
32784,8873,32509
32804,8889,32217
32836,8885,32356
32864,8885,32227
32797,8900,32262
32556,8881,32204
32238,8880,32313
31860,8868,32330
31536,8863,32348
31312,8869,32216
31087,8895,32195
30828,8905,32359
30604,8910,32276
30444,8889,32223
30692,8888,32367
31508,8867,32268
32868,8857,32260
34672,8865,32202
36856,8863,32152
39416,8898,32172
42436,8942,32196
45720,9010,32215
48984,8888,32225
51760,8892,32116
53352,8906,32173
52948,8927,32287
51408,8905,32199
49456,8907,32309
47380,8902,32151
44964,8912,32079
42380,8924,32057
39932,8956,32129
37700,8978,31949
35842,8987,32055
34512,8915,32124
33708,8899,32173
33109,8879,32189
32604,8869,32172
32237,8875,31947
31980,8907,32357
31768,8935,32231
31572,8984,32359
31375,8894,32213
31140,8897,32231
30876,8901,32237
30628,8901,32165
30428,8881,32237
30256,8870,32299
30080,8868,32204
29952,8873,32327
29820,8922,32277
29796,8957,32351
29792,8891,32301
29800,8899,32429
29796,8898,32314
29804,8901,32435
29820,8915,32341
29860,8909,32467
29888,8975,32084
29961,8853,32478
30008,8863,32358
30037,8883,32440
30072,8907,32401
30102,8915,32473
30152,8895,32431
30176,8901,32602
30193,8969,32503
30212,8847,32556
30254,8841,32553
30284,8854,32705
30325,8880,32615
30389,8885,32743
30448,8906,32396
30540,8935,32866
30568,8921,32621
30590,8901,32756
30596,8891,32900
30620,8879,32836
30660,8888,32807
30692,8900,33063
30752,8857,32689
30780,8875,33031
30824,8907,32820
30880,8903,33085
30936,8887,33199
30973,8876,33167
30964,8875,33340
30932,8920,33243
30908,8839,33388
30960,8845,33299
31005,8854,33452
31064,8879,33349
31108,8895,33341
31116,8913,33367
31120,8908,33485
31136,8913,33453
31125,8900,33496
31132,8883,33255
31133,8897,33420
31165,8915,33564
31172,8859,33461
31172,8873,33636
31234,8883,33495
31273,8885,33537
31300,8881,33279
31296,8887,33355
31252,8877,33400
31268,8865,33450
31264,8873,33577
31308,8865,33135
31360,8897,33261
31440,8912,33242
31500,8933,33319
31532,8928,33381
31536,8898,33045
31552,8900,33257
31537,8868,33364
31556,8855,32924
31573,8862,33113
31580,8876,33037
31596,8870,33054
31617,8880,33156
31640,8891,32775
31608,8893,32813
31608,8890,32910
31655,8873,32861
31656,8863,32750
31676,8854,32800
31696,8851,32757
31712,8853,32844
31712,8900,32668
31708,8909,32757
31728,8905,32290
31780,8910,32477
31788,8903,32527
31780,8911,32425
31808,8910,32468
31866,8887,32075
31880,8884,32263
31904,8883,32341
31884,8895,32101
31872,8917,32135
31876,8954,32200
31888,8961,32087
31909,8945,31749
31900,8928,31902
31917,8889,32052
31940,8896,31791
31972,8870,31845
31976,8867,31639
32000,8967,31830
32012,8923,31706
32020,8937,31388
32008,8940,31566
32020,8912,31676
32036,8894,31463
32026,8888,31477
31988,8883,31494
31988,8864,31448
31972,8895,31545
31964,8897,31388
31936,8914,31471
31956,8912,31311
31937,8930,31180
31936,8927,31008
31940,8923,31253
31940,8933,31022
31953,8919,31180
31969,8921,31224
31988,8900,30909
32036,8900,31086
32064,8910,31173
32108,8915,31146
32132,8913,31223
32176,8903,31021
32176,8886,30826
32193,8871,31044
32236,8860,31217
32256,8879,30893
32302,8857,31079
32348,8869,31058
32388,8932,30983
32428,8923,31111
32421,8907,30972
32428,8901,31063
32450,8889,30904
32476,8859,31190
32476,8952,31081
32449,8900,31007
32472,8886,30896
32520,8895,31078
32556,8877,31013
32588,8889,31069
32594,8897,31174
32612,8936,31000
32572,8887,30885
32554,8861,31108
32616,8926,31151
32632,8887,30996
32624,8883,31225
32632,8894,31162
32676,8890,31043
32616,8900,31225
32616,8901,30945
32660,8880,31231
32628,8873,31246
32672,8918,31399
32665,8871,31239
32670,8865,31359
32701,8854,31381
32717,8860,31457
32706,8960,31525
32680,8919,31429
32760,8922,31289
32775,8899,31569
32732,8873,31796
32760,8861,31623
32798,8953,31737
32808,8879,31790
32820,8869,31877
32836,8873,32014
32821,8876,31978
32856,8915,31922
32900,8919,31814
32916,8887,32058
32959,8941,32127
32949,8900,32107
32924,8870,32231
32900,8877,32226
32873,8869,32252
32908,8867,32171
33000,8873,32484
33022,8987,32413
33031,8932,32355
33032,8907,32449
33060,8904,32503
33041,8886,32384
33053,8851,32675
33060,8919,32732
33092,8903,32549
33088,8880,32512
33072,8901,32695
33044,8900,32585
33036,8890,32750
33048,8950,32855
33052,8922,32733
33028,8895,32832
33040,8858,32855
33048,8847,32903
33094,8929,32928
33084,8898,32692
33109,8895,32999
33076,8889,32932
33056,8892,33215
33044,8947,33046
33056,8893,32844
33065,8872,33192
33096,8857,33191
33093,8998,33123
33080,8895,33313
33053,8869,33379
33088,8873,33399
33093,8963,33340
33093,8916,33245
33096,8898,33492
33086,8907,33569
33092,8862,33535
33044,8856,33308
33068,8911,33617
33060,8901,33577
33068,8914,33665
33064,8901,33738
33108,8903,33627
33152,8904,33903
33140,8885,33839
33096,8878,33613
33108,8941,33878
33124,8882,33857
33148,8859,34083
33152,8865,33783
33128,8877,33909
33132,8882,34164
33132,8881,33779
33172,8887,34076
33156,8887,34228
33136,8874,34192
33136,8865,34332
33152,8919,34152
33124,8907,34271
33124,8901,34455
33092,8886,34311
33101,8887,34080
33124,8913,34390
33104,8895,34597
33093,8887,34477
33112,8949,34389
33116,8900,34551
33108,8879,34717
33080,8859,34333
33088,8871,34613
33096,8866,34799
33086,8878,34716
33065,8888,34783
33060,8890,34727
33060,8950,34845
33092,8923,34740
33078,8881,34975
33086,8855,34871
33121,8847,34950
33096,8849,34861
33085,8953,35162
33012,8927,34975
33072,8934,35140
33064,8927,35215
33077,8921,35145
33048,8906,35231
33045,8891,35428
33048,8873,35100
33050,8878,35327
33052,8854,35332
33036,8867,35447
33020,8932,35368
33048,8903,35515
33048,8925,35468
33058,8893,35701
33060,8884,35581
33021,8925,35335
33015,8886,35709
33044,8851,35679
33055,8925,35908
33068,8895,35776
33048,8909,35828
33012,8901,35748
33040,8901,35889
33064,8889,35951
33040,8883,35996
33048,8942,35957
33016,8923,36060
32992,8894,36181
32956,8872,36212
32964,8869,35957
33020,8999,36197
33032,8931,36305
33048,8929,36244
33030,8895,36325
33020,8882,36293
32980,8931,36495
33005,8922,36431
33029,8906,36396
33040,8870,36570
33036,8876,36518
33024,8879,36493
33032,8892,36703
33068,8964,36513
33028,8909,36324
33008,8889,36653
33016,8868,36839
32992,8858,36791
32997,8854,36718
32976,8959,36815
32948,8924,36892
32920,8915,36791
32948,8925,37025
32896,8900,36928
32884,8969,37013
32853,8935,36919
32812,8909,37171
32852,8887,36845
32816,8868,37148
32800,8859,37147
32776,8874,37173
32720,8949,37127
32724,8945,37193
32728,8920,37323
32732,8922,37292
32684,8888,36934
32613,8873,37332
32657,8863,37397
32668,8855,37317
32700,8861,37429
32740,8932,37444
32776,8883,37124
32808,8973,37446
32877,8932,37495
32907,8909,37599
32960,8915,37173
33012,8896,37479
33064,8893,37613
33096,8877,37628
33092,8863,37564
33100,8867,37725
33092,8885,37791
33064,8977,37597
33057,8975,37740
33088,8936,37758
33028,8916,37735
33060,8907,37801
33028,8876,37981
33004,8875,37801
32965,8862,37903
32940,8871,37813
32960,8959,37995
32924,8949,37957
32927,8933,37905
32892,8924,38033
32912,8913,37671
32912,8875,38049
32928,8861,38101
32906,8927,38115
32953,8903,37748
32946,8897,38121
32929,8913,38351
32921,8910,37985
32880,8901,38236
32924,8899,38433
32860,8952,38197
32840,8921,38338
32804,8900,38527
32836,8891,37972
32832,8873,38392
32800,8887,38564
32770,8900,38297
32668,8904,38488
32480,8916,38531
32194,8895,38605
31794,8887,38327
31474,8967,38535
31272,8904,38743
31028,8890,38468
30752,8887,38610
30574,8874,38615
30500,8884,38620
30992,8897,38671
32012,8961,38751
33524,8899,38353
35444,8961,38703
37808,8933,38907
40557,8914,38620
43744,8905,38756
47136,8907,38880
50476,8931,38809
53208,8950,38948
54568,8979,38391
54064,9015,38769
52576,9021,38829
50536,8927,38828
48064,9006,38981
45096,8978,38508
42144,8959,38892
39508,8951,39095
37176,8935,38553
35364,8932,38873
34092,8936,39132
33408,8922,38695
32884,9002,39054
32506,8930,39083
32222,8885,39069
31952,8949,39120
31716,8909,39215
31502,8890,39128
31232,8889,39175
30976,8893,39061
30669,8901,39229
30444,8909,39188
30188,8961,39216
30024,8931,39372
29856,8902,39252
29712,8881,38829
29632,8862,39246
29608,8924,39188
29609,8894,39421
29628,8905,39348
29676,8899,38983
29704,8901,39303
29678,8897,39495
29760,8991,39189
29760,8943,39334
29772,8921,39512
29840,8871,39421
29870,8868,39319
29892,8881,39292
29952,8882,39485
29988,8991,39337
29977,8951,38919
30032,8921,39335
30056,8897,39488
30116,8901,39333
30148,8873,39365
30180,8863,39281
30240,8858,39380
30316,8867,39365
30296,8878,39469
30344,8892,38885
30348,8900,39312
30412,8980,39455
30412,8946,39280
30398,8927,39303
30418,8898,39436
30472,8893,38871
30512,8876,39245
30547,8893,39364
30588,8933,39249
30613,8948,39396
30632,8966,39228
30676,8963,39087
30680,8996,39175
30688,8984,39207
30708,8933,39277
30736,8914,38991
30772,8918,39039
30820,8908,39241
30824,8895,38873
30812,8901,39052
30828,8900,39159
30860,8896,38988
30852,8985,39009
30904,8966,39124
30940,8945,38785
30946,8912,38919
30972,8917,38903
30965,8916,38900
31021,8934,38813
31036,8957,38823
31024,8954,38723
31077,8991,38663
31068,8893,38775
31080,8965,38217
31076,8948,38472
31116,8912,38644
31092,8913,38468
31093,8907,38404
31109,8934,38252
31076,8937,38279
31144,8925,38442
31184,8917,38036
31192,8907,38151
31160,8878,38143
31249,8934,38079
31196,8903,38023
31284,8871,37821
31325,8889,37886
31320,8911,37825
31312,8903,37639
31257,8907,37777
31264,8973,37639
31278,8959,37554
31316,8997,37316
31348,8931,37440
31416,8966,37420
31448,8871,37335
31460,8877,37344
31500,8894,37192
31536,8902,37270
31546,8911,36727
31582,8913,36925
31604,8903,36988
31620,8888,36500
31621,8943,36729
31618,8919,36790
31612,8889,36607
31620,8899,36505
31656,8914,36425
31704,8927,36417
31716,8933,36387
31712,8934,36147
31706,8932,36056
31728,8925,36133
31774,8893,35716
31820,8869,35967
31820,8870,35925
31872,8946,35847
31858,8932,35423
31829,8937,35719
31916,8930,35764
31944,8919,35394
31948,8903,35445
31904,8897,35383
31860,8877,35351
31838,8871,35413
31822,8875,35262
31824,8884,35192
31814,8953,35075
31840,8950,35053
31864,8961,35152
31892,8935,34677
31888,8934,34788
31924,8900,34886
31968,8892,34784
31984,8881,34759
31989,8898,34573
32040,8875,34606
32040,8887,34415
32088,8904,34591
32096,8964,34324
32140,8934,34357
32160,8922,34445
32200,8906,34048
32249,8887,34141
32284,8883,34253
32237,8897,34116
32284,8885,34078
32368,8895,33920
32408,8910,33821
32420,8935,33980
32468,8922,33540
32480,8912,33799
32452,8882,33927
32416,8871,33657
32446,8973,33695
32464,8920,33508
32432,8908,33705
32428,8896,33478
32464,8906,33509
32496,8900,33431
32472,8898,33556
32466,8899,33204
32476,8877,33316
32500,8864,33379
32533,8854,32925
32548,8867,33137
32512,8868,33065
32520,8875,33101
32544,8886,33192
32552,8902,32821
32576,8939,32982
32615,8910,32844
32584,8898,32964
32540,8865,32700
32532,8860,32761
32509,8883,32823
32500,8878,32425
32528,8901,32698
32572,8919,32356
32604,8924,32487
32612,8921,32481
32644,8918,32489
32684,8892,32575
32668,8863,32343
32658,8861,32389
32628,8930,32215
32614,8927,32297
32608,8944,32261
32628,8967,32351
32644,8937,32092
32696,8918,32133
32756,8907,32201
32784,8903,31839
32764,8897,32007
32717,8879,32101
32716,8875,31751
32750,8879,31860
32800,8883,31884
32796,8921,31548
32744,8920,31732
32712,8922,31800
32729,8905,31740
32802,8921,31816
32821,8931,31687
32881,8992,31751
32900,8865,31631
32864,8869,31738
32833,8879,31590
32828,8897,31665
32796,8913,31282
32752,8898,31474
32752,8902,31485
32764,8907,31495
32766,8881,31527
32752,8890,31463
32740,8892,31432
32792,8914,31286
32824,8933,31393
32840,8933,31540
32829,8933,31315
32829,8958,31356
32816,8946,31468
32824,8940,31367
32830,8933,31333
32820,8927,31277
32820,8897,31350
32768,8889,31219
32772,8895,31248
32824,8904,31321
32772,8901,31175
32776,8900,31278
32828,8897,31321
32816,8887,31402
32784,8962,31111
32804,8902,31300
32796,8880,31343
32816,8874,31303
32788,8886,31207
32806,8949,31304
32854,8934,31153
32858,8931,31431
32857,8898,31249
32849,8950,31258
32897,8903,31196
32920,8871,31439
32873,8866,31207
32820,8940,31287
32816,8942,31145
32768,8931,31252
32764,8929,31005
32808,8938,31257
32852,8911,31378
32836,8895,31037
32821,8877,31128
32846,8865,31322
32825,8865,31252
32756,8870,31267
32720,8882,31159
32730,8902,31229
32801,8993,31316
32848,8969,30951
32836,8950,31170
32868,8918,31335
32872,8897,30949
32864,8868,31207
32832,8863,31281
32860,8876,30932
32893,8889,31156
32840,8902,31103
32800,8974,31167
32756,8951,31259
32792,8924,31164
32829,8905,31048
32868,8879,31136
32814,8874,31156
32774,8945,31244
32758,8953,30855
32744,8928,31091
32780,8925,31270
32856,8937,30929
32860,8935,31023
32836,8932,31097
32812,8915,31111
32816,8886,31239
32860,8877,30943
32868,8873,30959
32900,8879,31103
32916,9033,31089
32884,8974,30924
32916,8974,31087
32964,8978,31059
32929,8962,31041
32880,8940,30937
32878,8914,30996
32832,8895,31114
32805,8896,30713
32805,8913,30870
32812,8893,31007
32781,8909,30639
32816,9005,30834
32888,9060,30939
32864,8965,30604
32852,8922,30847
32856,8899,30951
32876,8907,30722
32952,8887,30814
32960,8892,30921
32912,8895,30503
32912,8908,30723
32893,8912,30868
32833,8920,30446
32844,8988,30660
32780,8933,30760
32788,8911,30535
32902,8886,30641
32948,8901,30742
32976,8902,30400
33020,8929,30454
32976,8933,30509
32909,8945,30549
32892,8923,30616
32908,8914,30516
32901,8967,30429
32940,8933,30418
33012,8900,30508
33024,8889,30375
32977,8899,30395
32948,8916,30451
32940,8924,30524
32976,8917,30159
33020,9039,30347
33040,8963,30478
33036,8918,30150
32952,8896,30313
32900,8880,30407
32886,8883,30377
32936,8888,30479
32957,8967,30273
32980,8961,30345
33000,8971,30339
32996,8964,30248
32916,8956,30329
32864,8925,30335
32832,8903,30225
32792,8903,30302
32772,8903,30268
32828,8907,30062
32877,8925,30289
32916,8932,30215
32952,8940,30321
32912,8959,30187
32928,8951,30225
32952,8912,30327
32972,8896,30325
33013,8889,30233
33072,8890,30284
33140,8898,30400
33256,8947,30082
33324,8935,30209
33316,8937,30335
33236,8932,30372
33184,8974,30239
33164,8926,30466
33208,8918,30215
33252,8887,30444
33303,9028,30405
33223,8903,30372
33144,8916,30575
33116,8918,30321
33088,8931,30502
33092,8993,30700
33132,8963,30490
33173,8935,30580
33208,8909,30765
33214,8911,30582
33184,8900,30673
33188,8900,30765
33232,8901,30733
33248,8915,30652
33221,8921,30945
33239,8967,30776
33248,8932,30870
33220,8907,30911
33216,8886,31076
33204,8884,30855
33208,8929,31018
33252,8903,31197
33233,8906,31012
33232,8906,31140
33216,8996,31035
33125,8980,31120
32964,8964,31205
32692,8917,31412
32389,8916,31170
32124,8878,31352
31924,8956,31317
31680,8931,31394
31400,8913,31460
31204,8915,31483
31028,8918,31653
31148,8978,31487
31780,8962,31623
32936,8935,31527
34580,8893,31821
36516,8880,31740
38952,8881,31687
41812,8893,31756
44816,8964,31857
47756,8939,31769
50068,8949,31873
51088,8978,32020
50336,8967,32177
48628,8933,31839
46592,9030,32142
44705,8983,32319
42972,8953,32143
41376,8947,32340
39880,8953,32245
38200,8933,32563
36664,8946,32209
35644,9058,32447
35012,9045,32549
34420,9068,32657
33804,8993,32781
33216,8957,32836
32853,8955,33029
32632,8931,32890
32476,8938,33039
32324,8959,33244
32196,8972,32903
32004,8963,33116
31724,8946,33356
31524,8940,33381
31388,8914,33385
31247,8908,33458
31096,8893,33609
30960,8898,33652
30841,8906,33700
30772,8920,33812
30750,8989,33716
30752,8986,33836
30793,8951,33981
30844,8940,33943
30876,8911,34118
30898,8907,34164
30924,8904,34336
30960,8893,34209
31032,8905,34349
31016,8937,34535
31004,8940,34505
31008,8953,34661
31060,8944,34383
31076,8929,34702
31133,8933,34925
31144,8914,34809
31204,8918,34927
31249,8943,35057
31293,8975,35079
31328,8973,35043
31340,8949,35319
31420,8938,35013
31420,8932,35309
31376,8914,35548
31384,8903,35385
31384,8885,35577
31432,8883,35522
31416,9028,35794
31456,9027,35765
31504,8978,35794
31540,8967,36056
31588,8966,35932
31640,8949,36071
31684,8939,36004
31706,8909,36230
31732,8885,36215
31716,8887,36137
31716,8887,36439
31704,8897,35993
31688,8913,36398
31712,8922,36565
31732,9057,36516
31744,8979,36170
31804,8961,36519
31820,8941,36686
31812,8936,36588
31804,8906,36605
31792,8898,36785
31852,8930,36487
31888,8919,36660
31926,8922,36779
31936,8924,36600
31985,8924,36604
31996,8909,36727
32000,8981,36713
31968,8945,36843
31952,8930,36372
31941,8928,36633
31957,8931,36820
32016,8921,36623
32072,8932,36636
32070,8929,36605
32072,8924,36767
32053,8906,36493
32024,8891,36610
32021,8877,36538
32060,9021,36549
32072,8946,36511
32092,8949,36372
32112,8927,36633
32156,8933,36070
32180,8952,36320
32212,8927,36388
32256,8899,35979
32280,8888,36308
32278,8935,36252
32232,8898,36319
32205,8884,36162
32210,8887,35820
32236,8977,36117
32281,8973,36231
32344,8967,36009
32320,8963,35652
32297,8959,35951
32304,8927,35985
32349,8904,35894
32352,8880,35844
32412,8893,35831
32460,8917,35914
32500,8927,35681
32436,8918,35679
32412,8940,35633
32388,8910,35569
32382,8896,35657
32364,8876,35461
32397,9003,35506
32420,8863,35463
32429,8942,35463
32400,8971,35389
32416,8956,35236
32468,8907,35303
32461,8907,35288
32440,8900,35118
32377,9031,35276
32320,8935,35125
32320,8900,35188
32302,8898,35270
32224,8901,34874
32180,8909,35064
32142,8911,35087
32108,8924,34865
32100,8926,34992
32064,8909,34839
32012,8883,35010
31966,8865,34899
31945,8925,34869
31960,8878,34797
31984,8878,34839
31972,8877,34807
32006,8879,34649
32041,8889,34692
32100,8890,34734
32148,8954,34551
32156,8921,34644
32112,8877,34295
32084,8851,34607
32080,8843,34693
32092,8853,34478
32080,8858,34531
32176,8959,34340
32276,9018,34377
32328,8884,34418
32346,8874,34511
32360,8889,34164
32367,8905,34332
32348,8873,34311
32364,8869,34170
32388,8852,34220
32412,8882,34036
32429,8891,34085
32488,8900,34084
32492,8890,34197
32510,8887,34004
32540,8884,34003
32541,8877,33634
32560,8866,33927
32572,8853,33815
32604,8830,33839
32576,8934,33839
32604,8946,33884
32596,8933,33701
32608,8929,33742
32648,8924,33799
32660,8852,33692
32652,8853,33703
32657,8922,33574
32640,8887,33625
32624,8871,33588
32624,8873,33536
32642,8898,33528
32688,8921,33621
32732,8925,33476
32780,8854,33609
32768,8846,33463
32769,8834,33533
32780,8822,33089
32828,8819,33261
32848,8822,33300
32876,8859,33230
32885,8859,33080
32869,8869,33182
32868,8892,33204
32872,8867,33223
32816,8862,33249
32812,8855,33168
32805,8863,33106
32797,8856,33071
32836,8847,33104
32848,8853,33113
32884,8872,33209
32892,8887,33028
32896,8887,32888
32860,8881,32983
32840,8869,32958
32841,8842,32887
32848,8852,32933
32856,8831,32988
32864,8839,32908
32892,8851,33015
32873,8876,32879
32876,8870,32968
32852,8883,32816
32825,8870,32839
32872,8861,32583
32926,8829,32713
32928,8815,32850
32956,8896,32697
32952,8937,32647
32928,8830,32391
32956,8947,32533
32986,8946,32583
33001,8923,32625
32992,8892,32743
32972,8869,32635
32944,8862,32656
32876,8867,32540
32844,8862,32508
32854,8870,32538
32940,8844,32701
32960,8855,32271
32976,8878,32464
32976,8858,32598
32920,8850,32560
32870,8866,32692
32900,8836,32519
32900,8831,32588
32896,8857,32292
32896,8875,32534
32932,8871,32469
32956,8893,32501
32960,8888,32668
32958,8887,32319
32948,8878,32517
32941,8843,32660
32928,8830,32454
32961,8803,32543
32988,8809,32685
33012,8804,32569
33008,8807,32455
32961,8829,32542
32929,8829,32600
32900,8829,32676
32896,8829,32536
32892,8870,32632
32928,8857,32797
32960,8847,32404
32932,8848,32625
32942,8860,32647
32952,8792,32615
32952,8805,32637
32928,8817,32662
32936,8831,32661
32956,8833,32756
32984,8830,32757
32964,8843,32809
32948,8873,32768
32912,8780,32889
32892,8784,32741
32927,8862,32804
32952,8857,32921
32932,8888,32862
32968,8881,32959
32960,8879,32900
32996,8864,32951
33008,8826,32770
32984,8795,32908
33004,8777,32996
32980,8775,32882
32961,8784,32948
32964,8798,33031
32957,8806,32978
32978,8933,33148
32972,8874,33031
32944,8947,33164
32924,8856,33057
32908,8769,33113
32877,8767,33095
32876,8894,33238
32892,8775,33113
32936,8787,33223
32988,8799,33145
32988,8836,33088
32943,8815,33115
32908,8806,33239
32844,8784,33216
32809,8797,33268
32840,8787,33243
32852,8772,33262
32924,8790,33273
32960,8803,33225
32944,8817,33314
32932,8822,33455
32901,8817,33063
32916,8802,33301
32888,8783,33444
32901,8771,33415
32916,8757,33524
32868,8753,33422
32844,8767,33548
32852,8772,33479
32884,8785,33511
32864,8787,33292
32774,8789,33463
32740,8885,33481
32720,8829,33519
32724,8817,33503
32732,8806,33492
32692,8804,33538
32644,8817,33585
32632,8821,33569
32632,8849,33513
32576,8784,33604
32532,8775,33553
32548,8873,33681
32620,8827,33724
32660,8813,33871
32692,8740,33717
32701,8740,33636
32740,8745,33740
32774,8891,33781
32782,8835,33681
32828,8792,33926
32872,8798,33569
32858,8761,33838
32857,8754,33804
32873,8800,33866
32892,8802,33782
32940,8798,33862
32936,8801,34016
32924,8812,33613
32912,8771,33781
32936,8773,33759
32932,8788,33916
32940,8783,33853
32908,8771,33898
32856,8756,34100
32804,8749,33652
32782,8737,33959
32784,8737,33902
32800,8766,33881
32813,8774,33909
32820,8794,33880
32848,8814,33786
32876,8788,34007
32860,8761,34143
32840,8735,34039
32868,8740,33956
32864,8716,34054
32836,8726,34095
32842,8740,33973
32838,8747,33918
32828,8751,34052
32789,8857,34228
32768,8796,33905
32756,8749,34130
32736,8728,34279
32760,8731,33962
32737,8719,34133
32668,8706,34351
32440,8724,33897
32144,8741,34149
31847,8740,33893
31564,8806,34143
31320,8815,34236
31060,8789,34242
30780,8702,34212
30492,8765,34253
30420,8766,34360
30926,8732,34183
32014,8747,34271
33584,8739,34253
35500,8734,34189
37780,8737,34190
40432,8744,34246
43540,8725,34273
46968,8716,34156
50168,8695,34341
52616,8701,34244
53500,8723,34181
52480,8930,34277
50696,8786,34214
48645,8802,34295
46488,8804,34349
43960,8790,34244
41433,8732,34341
39060,8722,34389
36932,8716,34039
35296,8798,34311
34184,8777,34439
33512,8756,34068
32996,8777,34401
32516,8799,34106
32228,8841,34493
32016,8724,34132
31824,8763,34465
31608,8710,34644
31400,8716,34422
31133,8709,34525
30846,8715,34661
30600,8727,34532
30368,8734,34588
30136,8742,34530
29981,8726,34586
29856,8718,34637
29756,8706,34415
29768,8745,34503
29808,8733,34669
29812,8711,34633
29806,8707,34534
29828,8709,34770
29852,8718,34359
29892,8766,34661
29966,8740,34777
29974,8704,34759
30020,8821,34764
30058,8719,34663
30164,8702,34893
30208,8686,34560
30236,8683,34857
30244,8695,35005
30258,8708,34595
30308,8783,34892
30313,8731,34914
30320,8704,35145
30344,8684,34944
30344,8772,35076
30326,8735,35167
30365,8722,35078
30449,8694,35175
30516,8690,35189
30532,8761,35324
30548,8748,35206
30606,8731,35279
30632,8722,35473
30648,8717,35371
30660,8686,35291
30666,8685,35376
30708,8683,35489
30740,8682,35671
30756,8695,35476
30772,8781,35332
30828,8766,35561
30884,8735,35767
30924,8700,35612
30910,8679,35677
30872,8662,35651
30880,8711,35765
30896,8669,35725
30892,8667,35373
30892,8680,35719
30940,8757,35847
30980,8743,35695
31020,8711,35760
31021,8697,35709
31080,8673,35647
31076,8687,35829
31089,8681,35656
31084,8655,35696
31105,8655,35599
31117,8723,35797
31160,8716,35575
31148,8710,35628
31184,8722,35447
31216,8681,35559
31237,8667,35158
31293,8754,35463
31317,8701,35539
31300,8671,35335
31285,8676,35210
31288,8675,35305
31308,8681,35118
31344,8750,35347
31360,8703,35200
31380,8676,34959
31335,8657,35028
31280,8645,35042
31296,8645,34948
31296,8717,34989
31340,8708,34604
31428,8684,34743
31476,8695,34783
31548,8692,34287
31597,8680,34524
31620,8674,34631
31620,8656,34084
31588,8646,34285
31580,8707,34344
31600,8706,34208
31616,8704,34125
31662,8717,34212
31684,8726,34008
31712,8712,33924
31712,8695,33949
31680,8675,33836
31664,8655,33423
31713,8643,33652
31744,8713,33757
31728,8712,33324
31720,8701,33471
31728,8693,33357
31728,8685,33319
31732,8690,33260
31761,8686,33280
31820,8696,33023
31836,8658,33021
31848,8651,32991
31868,8637,32911
31894,8631,32969
31876,8732,32711
31881,8724,32704
31905,8696,32775
31946,8687,32500
31948,8672,32559
31932,8659,32460
31888,8651,32421
31860,8686,32256
31825,8639,32322
31789,8637,32135
31780,8635,32263
31824,8653,31869
31840,8716,32075
31868,8683,32066
31908,8691,31911
31944,8650,31944
31972,8695,31913
31992,8661,31877
32020,8641,31728
32052,8638,31772
32105,8624,31583
32172,8699,31719
32212,8684,31647
32228,8663,31588
32228,8667,31479
32280,8646,31450
32320,8633,31556
32344,8642,31463
32332,8629,31518
32348,8609,31362
32372,8612,31348
32416,8626,31275
32460,8728,31420
32460,8730,31239
32452,8717,31367
32468,8702,30932
32453,8673,31044
32520,8629,31056
32524,8621,30980
32517,8628,30835
32512,8653,31138
32528,8637,30981
32538,8649,31034
32520,8636,30901
32508,8639,30935
32498,8627,30988
32525,8613,30887
32524,8601,30820
32524,8591,30887
32524,8652,30666
32532,8649,30792
32560,8639,31025
32594,8654,30927
32616,8631,30942
32628,8696,31052
32628,8661,30802
32688,8644,30840
32660,8644,30763
32668,8625,30867
32688,8603,30946
32692,8611,31024
32684,8673,31013
32717,8635,30979
32736,8629,31204
32772,8694,30991
32793,8636,31121
32784,8641,31151
32806,8628,30864
32808,8591,31120
32804,8588,31267
32780,8602,31029
32770,8655,31236
32776,8639,31251
32776,8649,31325
32790,8637,31279
32800,8697,31315
32836,8676,31439
32868,8679,31069
32880,8657,31391
32832,8592,31401
32808,8595,31569
32829,8610,31188
32852,8703,31388
32884,8695,31411
32904,8672,31489
32909,8633,31623
32912,8614,31557
32916,8597,31439
32904,8658,31736
32872,8621,31558
32868,8613,31652
32842,8620,31772
32844,8637,31471
32848,8636,31613
32840,8636,31701
32872,8645,31822
32844,8611,31832
32812,8594,31801
32828,8615,31909
32869,8586,31937
32872,8588,32068
32870,8606,31944
32868,8717,32063
32848,8623,32059
32844,8645,32007
32832,8621,32222
32824,8606,32311
32825,8650,32085
32824,8595,32263
32824,8582,32259
32808,8586,32359
32788,8660,32318
32791,8641,32389
32823,8629,32356
32831,8650,32380
32824,8623,32508
32828,8612,32543
32840,8584,32473
32848,8568,32593
32797,8573,32711
32832,8646,32588
32858,8644,32689
32856,8648,32752
32842,8658,32766
32864,8627,32652
32844,8631,32889
32864,8599,32559
32848,8592,32862
32833,8565,33036
32808,8565,32873
32842,8637,33015
32841,8616,32965
32824,8613,33210
32797,8615,33076
32784,8623,33057
32784,8594,33298
32780,8586,32926
32740,8568,33252
32757,8557,33393
32772,8562,33303
32772,8571,33444
32796,8589,33175
32788,8597,33325
32792,8603,33498
32800,8601,33460
32770,8594,33356
32748,8582,33567
32740,8637,33234
32780,8620,33583
32758,8559,33701
32756,8643,33559
32792,8634,33695
32768,8635,33682
32784,8649,33662
32797,8617,33782
32804,8599,33655
32796,8591,33976
32756,8570,33718
32724,8555,33892
32725,8554,33900
32733,8631,33943
32768,8604,34042
32744,8602,33765
32744,8616,33991
32776,8611,34092
32760,8588,34110
32741,8572,33988
32740,8564,34189
32728,8613,33879
32720,8565,34225
32736,8568,34135
32761,8568,34405
32756,8583,34089
32756,8645,34334
32776,8605,34262
32760,8604,34424
32762,8571,34198
32735,8560,34303
32720,8555,34383
32686,8617,34495
32668,8607,34413
32664,8597,34636
32653,8599,34271
32620,8625,34597
32574,8591,34503
32574,8588,34724
32528,8641,34349
32520,8623,34563
32480,8597,34759
32460,8601,34757
32436,8593,34925
32390,8595,34636
32352,8601,34823
32364,8598,34948
32364,8599,34898
32392,8586,35021
32444,8581,34740
32489,8561,34809
32517,8555,34977
32568,8558,35012
32608,8620,34919
32652,8609,35001
32668,8606,35079
32704,8626,35052
32740,8606,35233
32753,8592,35064
32739,8613,35247
32737,8612,35200
32748,8564,35294
32692,8558,35252
32677,8570,35403
32704,8605,35287
32729,8613,35189
32704,8603,35432
32669,8599,35284
32668,8588,35405
32646,8580,35325
32620,8565,35412
32636,8561,35468
32628,8559,35404
32621,8561,35445
32620,8582,35545
32624,8739,35665
32613,8666,35511
32612,8644,35631
32620,8619,35613
32620,8585,35607
32612,8581,35692
32632,8556,35815
32637,8554,35671
32616,8623,35415
32637,8601,35757
32632,8602,35929
32636,8616,35661
32656,8601,35799
32676,8586,35983
32661,8636,35920
32552,8607,36005
32346,8585,35847
32064,8582,35964
31728,8596,36127
31424,8596,36045
31212,8609,35981
31064,8601,36044
30808,8599,36119
30533,8596,36086
30369,8580,35916
30573,8571,36060
31397,8559,36149
32700,8596,36249
34492,8582,36121
36712,8584,36396
39364,8585,35940
42440,8605,36268
45792,8669,36513
49184,8619,36127
52148,8617,36300
54048,8605,36416
53952,8601,36515
52636,8623,36558
50728,8596,36599
48448,8615,36591
45740,8729,36585
42812,8684,36648
40128,8649,36740
37732,8643,36887
35780,8608,36544
34344,8591,36822
33508,8639,37042
32972,8639,36542
32508,8613,36867
32169,8610,36952
31932,8618,36964
31693,8608,37231
31458,8754,37141
31265,8658,37119
30976,8605,37371
30688,8578,37344
30440,8693,37206
30240,8626,37371
30036,8612,37535
29872,8601,37157
29706,8620,37349
29604,8604,37605
29556,8603,37572
29512,8597,37765
29520,8713,37582
29564,8628,37672
29598,8590,37863
29620,8573,37748
29676,8580,37837
29716,8574,37826
29760,8698,38044
29764,8640,37914
29808,8611,38012
29820,8597,37947
29880,8583,38095
29928,8627,38111
29960,8585,38055
30004,8577,38319
30068,8588,38021
30120,8577,38321
30156,8623,38292
30174,8608,38565
30192,8612,38404
30220,8597,38511
30256,8579,38495
30264,8625,38765
30314,8584,38652
30356,8579,38679
30380,8582,38604
30397,8600,38893
30434,8583,38703
30476,8594,38871
30509,8655,39095
30540,8628,38916
30557,8606,39013
30624,8590,39212
30608,8555,39093
30628,8553,39175
30672,8647,39063
30700,8628,39319
30752,8624,38839
30752,8609,39329
30768,8628,39462
30812,8590,39372
30812,8580,39449
30845,8614,39399
30876,8567,39647
30908,8559,39345
30926,8631,39551
30956,8601,39573
30980,8606,39623
31040,8594,39724
31060,8602,39387
31092,8624,39681
31102,8611,39583
31100,8590,39736
31105,8558,39687
31110,8625,39574
31176,8602,39883
31204,8583,39700
31220,8587,39727
31226,8704,39620
31236,8636,39880
31232,8624,39760
31268,8588,39680
31274,8630,39709
31304,8576,39687
31332,8561,39748
31372,8562,39509
31408,8583,39645
31448,8662,39815
31488,8653,39614
31508,8631,39620
31516,8620,39551
31504,8597,39719
31508,8573,39413
31501,8567,39517
31512,8594,39468
31570,8602,39431
31632,8637,39328
31648,8635,39399
31638,8624,39415
31648,8633,39519
31690,8613,39279
31708,8594,39317
31704,8581,39335
31736,8637,39269
31780,8621,39209
31808,8597,39021
31828,8613,39256
31837,8599,38953
31860,8613,38996
31884,8612,39047
31892,8683,38964
31908,8648,39010
31888,8597,38737
31950,8577,38825
31960,8579,38692
31992,8637,38803
32020,8623,38700
32048,8618,38788
32086,8615,38572
32134,8622,38588
32160,8646,38416
32180,8632,38615
32192,8589,38500
32240,8582,38391
32272,8573,38255
32252,8672,38425
32276,8639,37855
32261,8619,38151
32244,8631,38337
32253,8622,38053
32240,8613,38143
32230,8683,37951
32269,8650,38151
32288,8625,37678
32340,8620,37831
32340,8600,38031
32384,8618,37613
32432,8623,37731
32432,8645,37822
32445,8639,37790
32460,8631,37861
32488,8598,37655
32517,8577,37646
32550,8570,37492
32572,8582,37572
32621,8585,37628
32677,8579,37506
32741,8591,37485
32796,8657,37409
32836,8631,37437
32860,8627,37477
32856,8581,36951
32812,8624,37295
32824,8596,37212
32832,8572,37349
32872,8581,37073
32908,8591,37157
32964,8600,37196
32990,8592,37079
33016,8603,37039
33020,8588,36921
33028,8582,36999
33036,8659,36933
33056,8596,36989
33044,8574,36799
33040,8578,36716
33004,8591,36813
33004,8600,36704
32960,8590,36615
32965,8599,36741
32960,8662,36372
32976,8639,36529
33020,8620,36615
33024,8593,36516
33032,8567,36433
33040,8583,36588
33092,8586,36428
33124,8584,36510
33128,8599,36337
33160,8597,36204
33172,8707,36270
33161,8644,36263
33188,8632,36337
33189,8612,36212
33192,8617,36279
33184,8623,36133
33180,8626,36221
33193,8625,35791
33177,8628,35975
33200,8621,36081
33220,8621,35958
33244,8588,35783
33270,8570,35903
33276,8562,35847
33276,8559,35782
33292,8567,35781
33272,8677,35732
33297,8656,35588
33332,8633,35680
33308,8641,35621
33312,8637,35545
33312,8601,35545
33292,8614,35433
33268,8611,35404
33264,8621,35335
33277,8634,35332
33288,8655,35308
33285,8637,35375
33316,8626,34919
33356,8615,35029
33344,8613,35061
33326,8601,35039
33318,8591,34993
33301,8581,34940
33300,8573,34967
33268,8581,34892
33256,8588,34886
33276,8599,34515
33296,8600,34685
33301,8598,34804
33312,8591,34719
33328,8583,34809
33325,8573,34589
33338,8640,34608
33312,8607,34483
33300,8578,34483
33336,8603,34557
33316,8591,34407
33304,8590,34264
33296,8597,34087
33308,8591,34172
33310,8582,34233
33316,8575,34189
33316,8557,34293
33320,8564,34106
33324,8565,34190
33326,8570,33705
33301,8582,33844
33300,8607,33578
33352,8603,33820
33345,8599,33557
33344,8591,33759
33364,8579,33592
33394,8579,33520
33393,8589,33513
33309,8581,33543
33229,8586,33621
33212,8591,33420
33204,8596,33428
33196,8605,33133
33198,8628,33298
33260,8613,33255
33336,8602,33287
33306,8585,33141
33296,8586,33214
33302,8597,33049
33332,8598,33085
33344,8615,32665
33340,8615,33023
33292,8618,32556
33252,8627,32826
33216,8612,32518
33248,8615,32660
33289,8620,32396
33268,8598,32586
33300,8586,32509
33317,8591,32558
33336,8589,32519
33324,8597,32391
33308,8607,32420
33236,8600,32487
33152,8722,32300
33144,8654,32276
33113,8609,32153
33108,8589,32175
33105,8578,32236
33152,8607,31775
33212,8588,31999
33177,8597,32117
33148,8601,31623
33168,8598,31853
33216,8657,31749
33224,8633,31787
33207,8610,31865
33200,8585,31398
33180,8599,31517
33144,8591,31524
33164,8609,31502
33212,8626,31534
33220,8613,31404
33176,8594,31319
33174,8583,31239
33191,8591,31230
33184,8590,31143
33202,8585,31156
33192,8587,31188
33184,8591,31101
33188,8590,31212
33172,8598,30773
33192,8600,30911
33268,8595,31111
33288,8591,30852
33222,8576,30839
33212,8561,30917
33221,8565,30853
33212,8646,30887
33188,8575,30516
33135,8592,30889
33111,8604,30752
33116,8605,30632
33124,8600,30439
33072,8590,30549
33080,8575,30516
33072,8564,30581
33052,8557,30357
33040,8567,30477
33028,8581,30455
33052,8596,30447
33044,8628,30468
33092,8617,30494
33108,8612,30657
33076,8606,30231
33016,8600,30500
32968,8583,30463
32965,8584,30445
32928,8595,30569
32888,8679,30420
32880,8711,30532
32910,8684,30373
32961,8669,30222
32957,8650,30373
32988,8613,30324
33052,8588,30253
33125,8592,30284
33180,8589,30294
33236,8590,30293
33252,8599,30155
33252,8599,30191
33248,8630,30180
33308,8657,30183
33301,8654,30101
33280,8640,30177
33240,8627,30215
33260,8614,30168
33320,8615,30220
33340,8613,30132
33356,8639,30253
33308,8649,29861
33212,8632,30000
33192,8635,29969
33220,8619,30037
33244,8630,30105
33232,8605,30214
33244,8614,30082
33236,8623,30161
33217,8559,30092
33120,8583,30206
33089,8580,30080
33044,8596,29981
33044,8613,30005
33076,8599,30066
33125,8613,30194
33136,8616,29806
33152,8623,30192
33197,8609,30061
33287,8598,30080
33345,8621,29844
33284,8574,30114
33176,8583,29812
33088,8588,30012
33072,8581,29997
33028,8569,30004
32844,8554,30095
32572,8546,30028
32241,8544,30162
31932,8549,30021
31670,8557,30145
31376,8569,30031
31092,8583,29922
30892,8588,29957
30784,8586,29941
31168,8601,30017
32216,8581,30016
33752,8563,30004
35522,8558,30045
37648,8580,30175
40268,8594,29770
43224,8589,30165
46424,8623,30062
49360,8645,30065
51413,8652,30041
51680,8668,29991
50400,8689,30074
48628,8694,29850
46892,8666,30188
45172,8653,29924
43216,8660,30104
41264,8641,30100
39388,8616,30215
37536,8621,30367
36174,8593,29985
35252,8677,30170
34616,8617,30238
34017,8580,30340
33414,8572,30471
32985,8568,30375
32688,8575,30284
32448,8567,30381
32272,8574,30167
32104,8576,30325
31901,8567,30396
31660,8554,30439
31504,8543,30511
31328,8528,30551
31152,8578,30692
30944,8576,30625
30840,8574,30774
30752,8559,30409
30664,8559,30636
30648,8566,30637
30676,8549,30719
30744,8535,30855
30844,8525,30477
30902,8507,30727
30912,8570,30855
30892,8542,30831
30896,8533,30740
30900,8557,30798
30917,8553,30876
30924,8540,30937
30914,8535,30970
30881,8666,30919
30912,8574,30965
31044,8571,31037
31164,8488,31105
31248,8494,31164
31316,8641,31333
31368,8512,31259
31312,8519,31423
31284,8527,31053
31290,8519,31265
31260,8511,31305
31316,8495,31399
31408,8488,31407
31496,8557,31513
31529,8539,31599
31528,8536,31622
31512,8543,31728
31536,8528,31698
31556,8533,31860
31543,8533,31776
31634,8517,31874
31704,8498,31556
31700,8485,31926
31688,8487,31634
31632,8495,31807
31608,8502,31916
31676,8484,32007
31736,8503,31919
31768,8550,32134
31792,8535,32054
31793,8516,31945
31752,8537,31940
31760,8459,32007
31864,8476,31813
31976,8487,32132
32044,8485,32036
32064,8474,32111
31976,8485,32105
31917,8484,31975
31968,8548,32079
32008,8511,32183
32064,8482,31967
32085,8459,32029
32068,8473,32030
32061,8447,31909
32080,8452,31975
32130,8463,32095
32164,8475,31615
32192,8483,31799
32208,8501,31616
32232,8470,31665
32076,8455,31736
32133,8429,31732
32200,8422,31815
32200,8428,31628
32188,8436,31698
32224,8572,31263
32268,8527,31357
32328,8522,31375
32380,8515,31387
32360,8497,31413
32349,8486,31292
32312,8454,31343
32312,8439,31121
32332,8436,31163
32384,8435,31255
32448,8462,30969
32528,8458,31031
32604,8445,31119
32630,8442,30935
32676,8425,30828
32648,8413,30899
32552,8482,30797
32532,8457,30670
32564,8457,30574
32620,8439,30667
32696,8439,30727
32750,8452,30629
32757,8436,30452
32729,8453,30489
32672,8412,30536
32608,8391,30545
32508,8385,30368
32524,8431,30457
32668,8423,30313
32754,8406,30495
32840,8409,30292
32912,8416,30357
32876,8428,30316
32805,8403,30284
32776,8389,30289
32740,8374,30284
32704,8432,30150
32660,8418,30235
32628,8356,30347
32593,8365,30039
32612,8434,30183
32644,8420,30208
32676,8422,30064
32638,8412,30140
32564,8394,30247
32509,8372,29863
32484,8373,30075
32500,8357,30231
32564,8349,29823
32552,8351,30039
32544,8354,30161
32576,8362,29788
32588,8367,29901
32620,8452,30060
32648,8419,30012
32660,8367,29934
32690,8341,30067
32748,8348,29976
32788,8317,29859
32828,8319,30092
32892,8424,29697
32892,8484,29909
32884,8343,29860
32936,8345,29949
32968,8396,30068
33004,8368,29927
32985,8352,30047
32996,8351,29904
32992,8345,30016
33056,8335,29640
33124,8324,29814
33137,8347,29837
33120,8343,29814
33116,8357,29783
33104,8356,29830
33108,8325,29973
33112,8303,29639
33137,8307,29710
33184,8297,29876
33204,8297,29834
33222,8309,29757
33224,8307,29775
33232,8302,29872
33280,8300,29876
33292,8295,29769
33268,8372,29850
33248,8335,29956
33252,8318,29891
33288,8301,29760
33340,8291,29885
33292,8325,29892
33256,8337,29979
33244,8315,29716
33236,8308,29823
33272,8287,29999
33317,8276,29984
33332,8263,30108
33369,8270,29769
33396,8246,29992
33406,8247,30132
33444,8257,29849
33461,8267,29957
33468,8280,29818
33440,8285,30023
33388,8269,29980
33368,8257,30087
33408,8237,30132
